2026-07-23 09:33:18,987 [INFO] === Execução 2026-07-23 | modo=both | dias=15 | parâmetro=['PRCP_DEP', 'PRCP'] ===
2026-07-23 09:33:18,989 [INFO] Baixando 960 mapas com 6 threads...
2026-07-23 09:33:22,150 [INFO] [OK] Brazil/GFS_ENSEMBLE_Soy_PRCP_DEP/daily dia 00 (2026-07-23 → 2026-07-23) 38636 bytes
2026-07-23 09:33:22,152 [INFO] [OK] Brazil/GFS_ENSEMBLE_Soy_PRCP_DEP/daily dia 01 (2026-07-24 → 2026-07-24) 39910 bytes
2026-07-23 09:33:22,154 [INFO] [OK] Brazil/GFS_ENSEMBLE_Soy_PRCP_DEP/daily dia 02 (2026-07-25 → 2026-07-25) 41942 bytes
2026-07-23 09:33:22,159 [INFO] [OK] Brazil/GFS_ENSEMBLE_Soy_PRCP_DEP/daily dia 03 (2026-07-26 → 2026-07-26) 40520 bytes
2026-07-23 09:33:22,253 [INFO] [OK] Brazil/GFS_ENSEMBLE_Soy_PRCP_DEP/daily dia 04 (2026-07-27 → 2026-07-27) 43097 bytes
2026-07-23 09:33:22,265 [INFO] [OK] Brazil/GFS_ENSEMBLE_Soy_PRCP_DEP/daily dia 05 (2026-07-28 → 2026-07-28) 44412 bytes
2026-07-23 09:33:23,827 [INFO] [OK] Brazil/GFS_ENSEMBLE_Soy_PRCP_DEP/daily dia 09 (2026-08-01 → 2026-08-01) 47333 bytes
2026-07-23 09:33:23,844 [INFO] [OK] Brazil/GFS_ENSEMBLE_Soy_PRCP_DEP/daily dia 08 (2026-07-31 → 2026-07-31) 46647 bytes
2026-07-23 09:33:24,096 [INFO] [OK] Brazil/GFS_ENSEMBLE_Soy_PRCP_DEP/daily dia 10 (2026-08-02 → 2026-08-02) 49277 bytes
2026-07-23 09:33:24,172 [INFO] [OK] Brazil/GFS_ENSEMBLE_Soy_PRCP_DEP/daily dia 06 (2026-07-29 → 2026-07-29) 48420 bytes
2026-07-23 09:33:24,313 [INFO] [OK] Brazil/GFS_ENSEMBLE_Soy_PRCP_DEP/daily dia 07 (2026-07-30 → 2026-07-30) 47913 bytes
2026-07-23 09:33:24,319 [INFO] [OK] Brazil/GFS_ENSEMBLE_Soy_PRCP_DEP/daily dia 11 (2026-08-03 → 2026-08-03) 51579 bytes
2026-07-23 09:33:25,236 [INFO] [OK] Brazil/GFS_ENSEMBLE_Soy_PRCP_DEP/daily dia 13 (2026-08-05 → 2026-08-05) 52466 bytes
2026-07-23 09:33:25,337 [INFO] [OK] Brazil/GFS_ENSEMBLE_Soy_PRCP_DEP/daily dia 12 (2026-08-04 → 2026-08-04) 54093 bytes
2026-07-23 09:33:25,627 [INFO] [OK] Brazil/GFS_ENSEMBLE_Soy_PRCP_DEP/daily dia 14 (2026-08-06 → 2026-08-06) 53988 bytes
2026-07-23 09:33:25,710 [INFO] [OK] Brazil/GFS_ENSEMBLE_Soy_PRCP_DEP/cumulative dia 00 (2026-07-23 → 2026-07-23) 38636 bytes
2026-07-23 09:33:25,832 [INFO] [OK] Brazil/GFS_ENSEMBLE_Soy_PRCP_DEP/cumulative dia 01 (2026-07-23 → 2026-07-24) 41140 bytes
2026-07-23 09:33:25,977 [INFO] [OK] Brazil/GFS_ENSEMBLE_Soy_PRCP_DEP/cumulative dia 02 (2026-07-23 → 2026-07-25) 42790 bytes
2026-07-23 09:33:26,894 [INFO] [OK] Brazil/GFS_ENSEMBLE_Soy_PRCP_DEP/cumulative dia 03 (2026-07-23 → 2026-07-26) 43364 bytes
2026-07-23 09:33:27,235 [INFO] [OK] Brazil/GFS_ENSEMBLE_Soy_PRCP_DEP/cumulative dia 04 (2026-07-23 → 2026-07-27) 44345 bytes
2026-07-23 09:33:27,531 [INFO] [OK] Brazil/GFS_ENSEMBLE_Soy_PRCP_DEP/cumulative dia 05 (2026-07-23 → 2026-07-28) 47174 bytes
2026-07-23 09:33:27,566 [INFO] [OK] Brazil/GFS_ENSEMBLE_Soy_PRCP_DEP/cumulative dia 06 (2026-07-23 → 2026-07-29) 48530 bytes
2026-07-23 09:33:27,812 [INFO] [OK] Brazil/GFS_ENSEMBLE_Soy_PRCP_DEP/cumulative dia 07 (2026-07-23 → 2026-07-30) 48549 bytes
2026-07-23 09:33:28,072 [INFO] [OK] Brazil/GFS_ENSEMBLE_Soy_PRCP_DEP/cumulative dia 08 (2026-07-23 → 2026-07-31) 49541 bytes
2026-07-23 09:33:28,937 [INFO] [OK] Brazil/GFS_ENSEMBLE_Soy_PRCP_DEP/cumulative dia 09 (2026-07-23 → 2026-08-01) 50253 bytes
2026-07-23 09:33:29,401 [INFO] [OK] Brazil/GFS_ENSEMBLE_Soy_PRCP_DEP/cumulative dia 10 (2026-07-23 → 2026-08-02) 51268 bytes
2026-07-23 09:33:29,945 [INFO] [OK] Brazil/GFS_ENSEMBLE_Soy_PRCP_DEP/cumulative dia 11 (2026-07-23 → 2026-08-03) 52559 bytes
2026-07-23 09:33:30,081 [INFO] [OK] Brazil/GFS_ENSEMBLE_Soy_PRCP_DEP/cumulative dia 12 (2026-07-23 → 2026-08-04) 52857 bytes
2026-07-23 09:33:30,300 [INFO] [OK] Brazil/GFS_ENSEMBLE_Soy_PRCP/daily dia 00 (2026-07-23 → 2026-07-23) 30391 bytes
2026-07-23 09:33:30,496 [INFO] [OK] Brazil/GFS_ENSEMBLE_Soy_PRCP_DEP/cumulative dia 13 (2026-07-23 → 2026-08-05) 53291 bytes
2026-07-23 09:33:30,591 [INFO] [OK] Brazil/GFS_ENSEMBLE_Soy_PRCP_DEP/cumulative dia 14 (2026-07-23 → 2026-08-06) 53336 bytes
2026-07-23 09:33:30,746 [INFO] [OK] Brazil/GFS_ENSEMBLE_Soy_PRCP/daily dia 01 (2026-07-24 → 2026-07-24) 30565 bytes
2026-07-23 09:33:31,525 [INFO] [OK] Brazil/GFS_ENSEMBLE_Soy_PRCP/daily dia 02 (2026-07-25 → 2026-07-25) 29829 bytes
2026-07-23 09:33:31,527 [INFO] [OK] Brazil/GFS_ENSEMBLE_Soy_PRCP/daily dia 03 (2026-07-26 → 2026-07-26) 30055 bytes
2026-07-23 09:33:31,649 [INFO] [OK] Brazil/GFS_ENSEMBLE_Soy_PRCP/daily dia 04 (2026-07-27 → 2026-07-27) 30048 bytes
2026-07-23 09:33:31,839 [INFO] [OK] Brazil/GFS_ENSEMBLE_Soy_PRCP/daily dia 05 (2026-07-28 → 2026-07-28) 31246 bytes
2026-07-23 09:33:32,011 [INFO] [OK] Brazil/GFS_ENSEMBLE_Soy_PRCP/daily dia 06 (2026-07-29 → 2026-07-29) 30590 bytes
2026-07-23 09:33:32,092 [INFO] [OK] Brazil/GFS_ENSEMBLE_Soy_PRCP/daily dia 07 (2026-07-30 → 2026-07-30) 31302 bytes
2026-07-23 09:33:32,819 [INFO] [OK] Brazil/GFS_ENSEMBLE_Soy_PRCP/daily dia 08 (2026-07-31 → 2026-07-31) 31919 bytes
2026-07-23 09:33:33,017 [INFO] [OK] Brazil/GFS_ENSEMBLE_Soy_PRCP/daily dia 09 (2026-08-01 → 2026-08-01) 32127 bytes
2026-07-23 09:33:33,164 [INFO] [OK] Brazil/GFS_ENSEMBLE_Soy_PRCP/daily dia 10 (2026-08-02 → 2026-08-02) 32216 bytes
2026-07-23 09:33:33,346 [INFO] [OK] Brazil/GFS_ENSEMBLE_Soy_PRCP/daily dia 11 (2026-08-03 → 2026-08-03) 31729 bytes
2026-07-23 09:33:33,383 [INFO] [OK] Brazil/GFS_ENSEMBLE_Soy_PRCP/daily dia 13 (2026-08-05 → 2026-08-05) 31351 bytes
2026-07-23 09:33:33,474 [INFO] [OK] Brazil/GFS_ENSEMBLE_Soy_PRCP/daily dia 12 (2026-08-04 → 2026-08-04) 30966 bytes
2026-07-23 09:33:34,138 [INFO] [OK] Brazil/GFS_ENSEMBLE_Soy_PRCP/daily dia 14 (2026-08-06 → 2026-08-06) 30997 bytes
2026-07-23 09:33:34,397 [INFO] [OK] Brazil/GFS_ENSEMBLE_Soy_PRCP/cumulative dia 00 (2026-07-23 → 2026-07-23) 30391 bytes
2026-07-23 09:33:34,656 [INFO] [OK] Brazil/GFS_ENSEMBLE_Soy_PRCP/cumulative dia 01 (2026-07-23 → 2026-07-24) 32775 bytes
2026-07-23 09:33:34,847 [INFO] [OK] Brazil/GFS_ENSEMBLE_Soy_PRCP/cumulative dia 02 (2026-07-23 → 2026-07-25) 33875 bytes
2026-07-23 09:33:35,113 [INFO] [OK] Brazil/GFS_ENSEMBLE_Soy_PRCP/cumulative dia 03 (2026-07-23 → 2026-07-26) 34737 bytes
2026-07-23 09:33:35,383 [INFO] [OK] Brazil/GFS_ENSEMBLE_Soy_PRCP/cumulative dia 04 (2026-07-23 → 2026-07-27) 35711 bytes
2026-07-23 09:33:35,970 [INFO] [OK] Brazil/GFS_ENSEMBLE_Soy_PRCP/cumulative dia 05 (2026-07-23 → 2026-07-28) 37184 bytes
2026-07-23 09:33:36,442 [INFO] [OK] Brazil/GFS_ENSEMBLE_Soy_PRCP/cumulative dia 06 (2026-07-23 → 2026-07-29) 38204 bytes
2026-07-23 09:33:36,741 [INFO] [OK] Brazil/GFS_ENSEMBLE_Soy_PRCP/cumulative dia 07 (2026-07-23 → 2026-07-30) 38803 bytes
2026-07-23 09:33:36,846 [INFO] [OK] Brazil/GFS_ENSEMBLE_Soy_PRCP/cumulative dia 08 (2026-07-23 → 2026-07-31) 39655 bytes
2026-07-23 09:33:37,216 [INFO] [OK] Brazil/GFS_ENSEMBLE_Soy_PRCP/cumulative dia 09 (2026-07-23 → 2026-08-01) 40621 bytes
2026-07-23 09:33:37,539 [INFO] [OK] Brazil/GFS_ENSEMBLE_Soy_PRCP/cumulative dia 10 (2026-07-23 → 2026-08-02) 41623 bytes
2026-07-23 09:33:38,348 [INFO] [OK] Brazil/GFS_ENSEMBLE_Soy_PRCP/cumulative dia 11 (2026-07-23 → 2026-08-03) 42024 bytes
2026-07-23 09:33:39,633 [INFO] [OK] Brazil/GFS_ENSEMBLE_Corn_Winter_PRCP_DEP/daily dia 01 (2026-07-24 → 2026-07-24) 38305 bytes
2026-07-23 09:33:39,647 [INFO] [OK] Brazil/GFS_ENSEMBLE_Corn_Winter_PRCP_DEP/daily dia 00 (2026-07-23 → 2026-07-23) 37295 bytes
2026-07-23 09:33:40,822 [INFO] [OK] Brazil/GFS_ENSEMBLE_Soy_PRCP/cumulative dia 12 (2026-07-23 → 2026-08-04) 42576 bytes
2026-07-23 09:33:41,146 [INFO] [OK] Brazil/GFS_ENSEMBLE_Soy_PRCP/cumulative dia 13 (2026-07-23 → 2026-08-05) 43048 bytes
2026-07-23 09:33:41,148 [INFO] [OK] Brazil/GFS_ENSEMBLE_Soy_PRCP/cumulative dia 14 (2026-07-23 → 2026-08-06) 43384 bytes
2026-07-23 09:33:41,410 [INFO] [OK] Brazil/GFS_ENSEMBLE_Corn_Winter_PRCP_DEP/daily dia 02 (2026-07-25 → 2026-07-25) 40364 bytes
2026-07-23 09:33:41,417 [INFO] [OK] Brazil/GFS_ENSEMBLE_Corn_Winter_PRCP_DEP/daily dia 04 (2026-07-27 → 2026-07-27) 41359 bytes
2026-07-23 09:33:41,430 [INFO] [OK] Brazil/GFS_ENSEMBLE_Corn_Winter_PRCP_DEP/daily dia 03 (2026-07-26 → 2026-07-26) 38973 bytes
2026-07-23 09:33:44,909 [INFO] [OK] Brazil/GFS_ENSEMBLE_Corn_Winter_PRCP_DEP/daily dia 10 (2026-08-02 → 2026-08-02) 47950 bytes
2026-07-23 09:33:44,922 [INFO] [OK] Brazil/GFS_ENSEMBLE_Corn_Winter_PRCP_DEP/daily dia 06 (2026-07-29 → 2026-07-29) 46829 bytes
2026-07-23 09:33:44,994 [INFO] [OK] Brazil/GFS_ENSEMBLE_Corn_Winter_PRCP_DEP/daily dia 08 (2026-07-31 → 2026-07-31) 45208 bytes
2026-07-23 09:33:44,999 [INFO] [OK] Brazil/GFS_ENSEMBLE_Corn_Winter_PRCP_DEP/daily dia 07 (2026-07-30 → 2026-07-30) 46634 bytes
2026-07-23 09:33:45,001 [INFO] [OK] Brazil/GFS_ENSEMBLE_Corn_Winter_PRCP_DEP/daily dia 05 (2026-07-28 → 2026-07-28) 42868 bytes
2026-07-23 09:33:45,006 [INFO] [OK] Brazil/GFS_ENSEMBLE_Corn_Winter_PRCP_DEP/daily dia 09 (2026-08-01 → 2026-08-01) 46063 bytes
2026-07-23 09:33:46,455 [INFO] [OK] Brazil/GFS_ENSEMBLE_Corn_Winter_PRCP_DEP/daily dia 13 (2026-08-05 → 2026-08-05) 51217 bytes
2026-07-23 09:33:46,456 [INFO] [OK] Brazil/GFS_ENSEMBLE_Corn_Winter_PRCP_DEP/daily dia 12 (2026-08-04 → 2026-08-04) 52729 bytes
2026-07-23 09:33:46,472 [INFO] [OK] Brazil/GFS_ENSEMBLE_Corn_Winter_PRCP_DEP/cumulative dia 01 (2026-07-23 → 2026-07-24) 39566 bytes
2026-07-23 09:33:46,682 [INFO] [OK] Brazil/GFS_ENSEMBLE_Corn_Winter_PRCP_DEP/daily dia 14 (2026-08-06 → 2026-08-06) 52765 bytes
2026-07-23 09:33:46,690 [INFO] [OK] Brazil/GFS_ENSEMBLE_Corn_Winter_PRCP_DEP/cumulative dia 00 (2026-07-23 → 2026-07-23) 37295 bytes
2026-07-23 09:33:46,710 [INFO] [OK] Brazil/GFS_ENSEMBLE_Corn_Winter_PRCP_DEP/daily dia 11 (2026-08-03 → 2026-08-03) 50257 bytes
2026-07-23 09:33:48,052 [INFO] [OK] Brazil/GFS_ENSEMBLE_Corn_Winter_PRCP_DEP/cumulative dia 02 (2026-07-23 → 2026-07-25) 41107 bytes
2026-07-23 09:33:48,090 [INFO] [OK] Brazil/GFS_ENSEMBLE_Corn_Winter_PRCP_DEP/cumulative dia 03 (2026-07-23 → 2026-07-26) 41828 bytes
2026-07-23 09:33:48,301 [INFO] [OK] Brazil/GFS_ENSEMBLE_Corn_Winter_PRCP_DEP/cumulative dia 04 (2026-07-23 → 2026-07-27) 42704 bytes
2026-07-23 09:33:48,554 [INFO] [OK] Brazil/GFS_ENSEMBLE_Corn_Winter_PRCP_DEP/cumulative dia 06 (2026-07-23 → 2026-07-29) 46877 bytes
2026-07-23 09:33:48,664 [INFO] [OK] Brazil/GFS_ENSEMBLE_Corn_Winter_PRCP_DEP/cumulative dia 05 (2026-07-23 → 2026-07-28) 45588 bytes
2026-07-23 09:33:48,839 [INFO] [OK] Brazil/GFS_ENSEMBLE_Corn_Winter_PRCP_DEP/cumulative dia 07 (2026-07-23 → 2026-07-30) 46942 bytes
2026-07-23 09:33:50,196 [INFO] [OK] Brazil/GFS_ENSEMBLE_Corn_Winter_PRCP_DEP/cumulative dia 08 (2026-07-23 → 2026-07-31) 47882 bytes
2026-07-23 09:33:50,436 [INFO] [OK] Brazil/GFS_ENSEMBLE_Corn_Winter_PRCP_DEP/cumulative dia 09 (2026-07-23 → 2026-08-01) 48633 bytes
2026-07-23 09:33:50,579 [INFO] [OK] Brazil/GFS_ENSEMBLE_Corn_Winter_PRCP_DEP/cumulative dia 10 (2026-07-23 → 2026-08-02) 49664 bytes
2026-07-23 09:33:50,820 [INFO] [OK] Brazil/GFS_ENSEMBLE_Corn_Winter_PRCP_DEP/cumulative dia 11 (2026-07-23 → 2026-08-03) 51153 bytes
2026-07-23 09:33:51,130 [INFO] [OK] Brazil/GFS_ENSEMBLE_Corn_Winter_PRCP_DEP/cumulative dia 12 (2026-07-23 → 2026-08-04) 51391 bytes
2026-07-23 09:33:51,216 [INFO] [OK] Brazil/GFS_ENSEMBLE_Corn_Winter_PRCP_DEP/cumulative dia 13 (2026-07-23 → 2026-08-05) 52035 bytes
2026-07-23 09:33:51,808 [INFO] [OK] Brazil/GFS_ENSEMBLE_Corn_Winter_PRCP/daily dia 00 (2026-07-23 → 2026-07-23) 28891 bytes
2026-07-23 09:33:51,907 [INFO] [OK] Brazil/GFS_ENSEMBLE_Corn_Winter_PRCP/daily dia 01 (2026-07-24 → 2026-07-24) 28976 bytes
2026-07-23 09:33:52,171 [INFO] [OK] Brazil/GFS_ENSEMBLE_Corn_Winter_PRCP/daily dia 02 (2026-07-25 → 2026-07-25) 28230 bytes
2026-07-23 09:33:52,488 [INFO] [OK] Brazil/GFS_ENSEMBLE_Corn_Winter_PRCP/daily dia 03 (2026-07-26 → 2026-07-26) 28502 bytes
2026-07-23 09:33:52,537 [INFO] [OK] Brazil/GFS_ENSEMBLE_Corn_Winter_PRCP/daily dia 04 (2026-07-27 → 2026-07-27) 28344 bytes
2026-07-23 09:33:52,661 [INFO] [OK] Brazil/GFS_ENSEMBLE_Corn_Winter_PRCP_DEP/cumulative dia 14 (2026-07-23 → 2026-08-06) 51896 bytes
2026-07-23 09:33:53,244 [INFO] [OK] Brazil/GFS_ENSEMBLE_Corn_Winter_PRCP/daily dia 06 (2026-07-29 → 2026-07-29) 29050 bytes
2026-07-23 09:33:53,276 [INFO] [OK] Brazil/GFS_ENSEMBLE_Corn_Winter_PRCP/daily dia 05 (2026-07-28 → 2026-07-28) 29432 bytes
2026-07-23 09:33:53,678 [INFO] [OK] Brazil/GFS_ENSEMBLE_Corn_Winter_PRCP/daily dia 07 (2026-07-30 → 2026-07-30) 29684 bytes
2026-07-23 09:33:53,848 [INFO] [OK] Brazil/GFS_ENSEMBLE_Corn_Winter_PRCP/daily dia 08 (2026-07-31 → 2026-07-31) 30404 bytes
2026-07-23 09:33:53,967 [INFO] [OK] Brazil/GFS_ENSEMBLE_Corn_Winter_PRCP/daily dia 10 (2026-08-02 → 2026-08-02) 30595 bytes
2026-07-23 09:33:53,977 [INFO] [OK] Brazil/GFS_ENSEMBLE_Corn_Winter_PRCP/daily dia 09 (2026-08-01 → 2026-08-01) 30562 bytes
2026-07-23 09:33:54,621 [INFO] [OK] Brazil/GFS_ENSEMBLE_Corn_Winter_PRCP/daily dia 11 (2026-08-03 → 2026-08-03) 30144 bytes
2026-07-23 09:33:54,717 [INFO] [OK] Brazil/GFS_ENSEMBLE_Corn_Winter_PRCP/daily dia 12 (2026-08-04 → 2026-08-04) 29436 bytes
2026-07-23 09:33:55,188 [INFO] [OK] Brazil/GFS_ENSEMBLE_Corn_Winter_PRCP/daily dia 13 (2026-08-05 → 2026-08-05) 29802 bytes
2026-07-23 09:33:55,293 [INFO] [OK] Brazil/GFS_ENSEMBLE_Corn_Winter_PRCP/cumulative dia 00 (2026-07-23 → 2026-07-23) 28891 bytes
2026-07-23 09:33:55,343 [INFO] [OK] Brazil/GFS_ENSEMBLE_Corn_Winter_PRCP/daily dia 14 (2026-08-06 → 2026-08-06) 29402 bytes
2026-07-23 09:33:55,429 [INFO] [OK] Brazil/GFS_ENSEMBLE_Corn_Winter_PRCP/cumulative dia 01 (2026-07-23 → 2026-07-24) 31290 bytes
2026-07-23 09:33:56,031 [INFO] [OK] Brazil/GFS_ENSEMBLE_Corn_Winter_PRCP/cumulative dia 02 (2026-07-23 → 2026-07-25) 32330 bytes
2026-07-23 09:33:56,241 [INFO] [OK] Brazil/GFS_ENSEMBLE_Corn_Winter_PRCP/cumulative dia 03 (2026-07-23 → 2026-07-26) 33209 bytes
2026-07-23 09:33:56,848 [INFO] [OK] Brazil/GFS_ENSEMBLE_Corn_Winter_PRCP/cumulative dia 04 (2026-07-23 → 2026-07-27) 34236 bytes
2026-07-23 09:33:57,031 [INFO] [OK] Brazil/GFS_ENSEMBLE_Corn_Winter_PRCP/cumulative dia 05 (2026-07-23 → 2026-07-28) 35430 bytes
2026-07-23 09:33:57,183 [INFO] [OK] Brazil/GFS_ENSEMBLE_Corn_Winter_PRCP/cumulative dia 06 (2026-07-23 → 2026-07-29) 36495 bytes
2026-07-23 09:33:57,331 [INFO] [OK] Brazil/GFS_ENSEMBLE_Corn_Winter_PRCP/cumulative dia 07 (2026-07-23 → 2026-07-30) 37108 bytes
2026-07-23 09:33:57,980 [INFO] [OK] Brazil/GFS_ENSEMBLE_Corn_Winter_PRCP/cumulative dia 08 (2026-07-23 → 2026-07-31) 38136 bytes
2026-07-23 09:33:58,319 [INFO] [OK] Brazil/GFS_ENSEMBLE_Corn_Winter_PRCP/cumulative dia 09 (2026-07-23 → 2026-08-01) 39136 bytes
2026-07-23 09:33:59,370 [INFO] [OK] Brazil/GFS_ENSEMBLE_Corn_Winter_PRCP/cumulative dia 10 (2026-07-23 → 2026-08-02) 40147 bytes
2026-07-23 09:33:59,377 [INFO] [OK] Brazil/GFS_ENSEMBLE_Corn_Winter_PRCP/cumulative dia 11 (2026-07-23 → 2026-08-03) 40665 bytes
2026-07-23 09:34:00,087 [INFO] [OK] Brazil/GFS_ENSEMBLE_Corn_Winter_PRCP/cumulative dia 12 (2026-07-23 → 2026-08-04) 41199 bytes
2026-07-23 09:34:00,105 [INFO] [OK] Brazil/ECM_ENSEMBLE_Soy_PRCP_DEP/daily dia 00 (2026-07-23 → 2026-07-23) 47664 bytes
2026-07-23 09:34:00,114 [INFO] [OK] Brazil/GFS_ENSEMBLE_Corn_Winter_PRCP/cumulative dia 13 (2026-07-23 → 2026-08-05) 41630 bytes
2026-07-23 09:34:00,452 [INFO] [OK] Brazil/GFS_ENSEMBLE_Corn_Winter_PRCP/cumulative dia 14 (2026-07-23 → 2026-08-06) 42063 bytes
2026-07-23 09:34:00,846 [INFO] [OK] Brazil/ECM_ENSEMBLE_Soy_PRCP_DEP/daily dia 01 (2026-07-24 → 2026-07-24) 50274 bytes
2026-07-23 09:34:00,869 [INFO] [OK] Brazil/ECM_ENSEMBLE_Soy_PRCP_DEP/daily dia 02 (2026-07-25 → 2026-07-25) 49251 bytes
2026-07-23 09:34:01,678 [INFO] [OK] Brazil/ECM_ENSEMBLE_Soy_PRCP_DEP/daily dia 03 (2026-07-26 → 2026-07-26) 49908 bytes
2026-07-23 09:34:01,681 [INFO] [OK] Brazil/ECM_ENSEMBLE_Soy_PRCP_DEP/daily dia 05 (2026-07-28 → 2026-07-28) 47056 bytes
2026-07-23 09:34:01,684 [INFO] [OK] Brazil/ECM_ENSEMBLE_Soy_PRCP_DEP/daily dia 04 (2026-07-27 → 2026-07-27) 49302 bytes
2026-07-23 09:34:02,278 [INFO] [OK] Brazil/ECM_ENSEMBLE_Soy_PRCP_DEP/daily dia 06 (2026-07-29 → 2026-07-29) 49631 bytes
2026-07-23 09:34:02,571 [INFO] [OK] Brazil/ECM_ENSEMBLE_Soy_PRCP_DEP/daily dia 08 (2026-07-31 → 2026-07-31) 50135 bytes
2026-07-23 09:34:02,572 [INFO] [OK] Brazil/ECM_ENSEMBLE_Soy_PRCP_DEP/daily dia 07 (2026-07-30 → 2026-07-30) 48584 bytes
2026-07-23 09:34:03,905 [INFO] [OK] Brazil/ECM_ENSEMBLE_Soy_PRCP_DEP/daily dia 09 (2026-08-01 → 2026-08-01) 47167 bytes
2026-07-23 09:34:03,911 [INFO] [OK] Brazil/ECM_ENSEMBLE_Soy_PRCP_DEP/daily dia 10 (2026-08-02 → 2026-08-02) 48522 bytes
2026-07-23 09:34:03,912 [INFO] [OK] Brazil/ECM_ENSEMBLE_Soy_PRCP_DEP/daily dia 12 (2026-08-04 → 2026-08-04) 49508 bytes
2026-07-23 09:34:03,916 [INFO] [OK] Brazil/ECM_ENSEMBLE_Soy_PRCP_DEP/daily dia 11 (2026-08-03 → 2026-08-03) 49217 bytes
2026-07-23 09:34:04,041 [INFO] [OK] Brazil/ECM_ENSEMBLE_Soy_PRCP_DEP/daily dia 14 (2026-08-06 → 2026-08-06) 51051 bytes
2026-07-23 09:34:04,083 [INFO] [OK] Brazil/ECM_ENSEMBLE_Soy_PRCP_DEP/daily dia 13 (2026-08-05 → 2026-08-05) 49698 bytes
2026-07-23 09:34:05,842 [INFO] [OK] Brazil/ECM_ENSEMBLE_Soy_PRCP_DEP/cumulative dia 00 (2026-07-23 → 2026-07-23) 47664 bytes
2026-07-23 09:34:05,845 [INFO] [OK] Brazil/ECM_ENSEMBLE_Soy_PRCP_DEP/cumulative dia 01 (2026-07-23 → 2026-07-24) 50178 bytes
2026-07-23 09:34:05,847 [INFO] [OK] Brazil/ECM_ENSEMBLE_Soy_PRCP_DEP/cumulative dia 02 (2026-07-23 → 2026-07-25) 50905 bytes
2026-07-23 09:34:06,248 [INFO] [OK] Brazil/ECM_ENSEMBLE_Soy_PRCP_DEP/cumulative dia 03 (2026-07-23 → 2026-07-26) 51124 bytes
2026-07-23 09:34:06,268 [INFO] [OK] Brazil/ECM_ENSEMBLE_Soy_PRCP_DEP/cumulative dia 05 (2026-07-23 → 2026-07-28) 52532 bytes
2026-07-23 09:34:06,282 [INFO] [OK] Brazil/ECM_ENSEMBLE_Soy_PRCP_DEP/cumulative dia 04 (2026-07-23 → 2026-07-27) 52839 bytes
2026-07-23 09:34:08,728 [INFO] [OK] Brazil/ECM_ENSEMBLE_Soy_PRCP_DEP/cumulative dia 07 (2026-07-23 → 2026-07-30) 52273 bytes
2026-07-23 09:34:08,732 [INFO] [OK] Brazil/ECM_ENSEMBLE_Soy_PRCP_DEP/cumulative dia 06 (2026-07-23 → 2026-07-29) 52130 bytes
2026-07-23 09:34:08,735 [INFO] [OK] Brazil/ECM_ENSEMBLE_Soy_PRCP_DEP/cumulative dia 08 (2026-07-23 → 2026-07-31) 51300 bytes
2026-07-23 09:34:09,225 [INFO] [OK] Brazil/ECM_ENSEMBLE_Soy_PRCP_DEP/cumulative dia 09 (2026-07-23 → 2026-08-01) 50900 bytes
2026-07-23 09:34:09,300 [INFO] [OK] Brazil/ECM_ENSEMBLE_Soy_PRCP_DEP/cumulative dia 10 (2026-07-23 → 2026-08-02) 50563 bytes
2026-07-23 09:34:09,342 [INFO] [OK] Brazil/ECM_ENSEMBLE_Soy_PRCP_DEP/cumulative dia 11 (2026-07-23 → 2026-08-03) 50525 bytes
2026-07-23 09:34:10,986 [INFO] [OK] Brazil/ECM_ENSEMBLE_Soy_PRCP/daily dia 00 (2026-07-23 → 2026-07-23) 32066 bytes
2026-07-23 09:34:11,056 [INFO] [OK] Brazil/ECM_ENSEMBLE_Soy_PRCP/daily dia 01 (2026-07-24 → 2026-07-24) 32520 bytes
2026-07-23 09:34:11,177 [INFO] [OK] Brazil/ECM_ENSEMBLE_Soy_PRCP/daily dia 02 (2026-07-25 → 2026-07-25) 31794 bytes
2026-07-23 09:34:12,031 [INFO] [OK] Brazil/ECM_ENSEMBLE_Soy_PRCP_DEP/cumulative dia 13 (2026-07-23 → 2026-08-05) 50050 bytes
2026-07-23 09:34:12,035 [INFO] [OK] Brazil/ECM_ENSEMBLE_Soy_PRCP_DEP/cumulative dia 12 (2026-07-23 → 2026-08-04) 50511 bytes
2026-07-23 09:34:12,085 [INFO] [OK] Brazil/ECM_ENSEMBLE_Soy_PRCP_DEP/cumulative dia 14 (2026-07-23 → 2026-08-06) 49968 bytes
2026-07-23 09:34:12,523 [INFO] [OK] Brazil/ECM_ENSEMBLE_Soy_PRCP/daily dia 04 (2026-07-27 → 2026-07-27) 31680 bytes
2026-07-23 09:34:12,858 [INFO] [OK] Brazil/ECM_ENSEMBLE_Soy_PRCP/daily dia 05 (2026-07-28 → 2026-07-28) 32310 bytes
2026-07-23 09:34:12,862 [INFO] [OK] Brazil/ECM_ENSEMBLE_Soy_PRCP/daily dia 03 (2026-07-26 → 2026-07-26) 31209 bytes
2026-07-23 09:34:13,560 [INFO] [OK] Brazil/ECM_ENSEMBLE_Soy_PRCP/daily dia 06 (2026-07-29 → 2026-07-29) 32222 bytes
2026-07-23 09:34:13,688 [INFO] [OK] Brazil/ECM_ENSEMBLE_Soy_PRCP/daily dia 07 (2026-07-30 → 2026-07-30) 31634 bytes
2026-07-23 09:34:13,690 [INFO] [OK] Brazil/ECM_ENSEMBLE_Soy_PRCP/daily dia 08 (2026-07-31 → 2026-07-31) 32451 bytes
2026-07-23 09:34:13,832 [INFO] [OK] Brazil/ECM_ENSEMBLE_Soy_PRCP/daily dia 09 (2026-08-01 → 2026-08-01) 33296 bytes
2026-07-23 09:34:14,274 [INFO] [OK] Brazil/ECM_ENSEMBLE_Soy_PRCP/daily dia 10 (2026-08-02 → 2026-08-02) 32497 bytes
2026-07-23 09:34:14,275 [INFO] [OK] Brazil/ECM_ENSEMBLE_Soy_PRCP/daily dia 11 (2026-08-03 → 2026-08-03) 31922 bytes
2026-07-23 09:34:14,885 [INFO] [OK] Brazil/ECM_ENSEMBLE_Soy_PRCP/daily dia 12 (2026-08-04 → 2026-08-04) 31837 bytes
2026-07-23 09:34:15,223 [INFO] [OK] Brazil/ECM_ENSEMBLE_Soy_PRCP/daily dia 14 (2026-08-06 → 2026-08-06) 31142 bytes
2026-07-23 09:34:15,308 [INFO] [OK] Brazil/ECM_ENSEMBLE_Soy_PRCP/daily dia 13 (2026-08-05 → 2026-08-05) 31845 bytes
2026-07-23 09:34:15,427 [INFO] [OK] Brazil/ECM_ENSEMBLE_Soy_PRCP/cumulative dia 00 (2026-07-23 → 2026-07-23) 32066 bytes
2026-07-23 09:34:15,753 [INFO] [OK] Brazil/ECM_ENSEMBLE_Soy_PRCP/cumulative dia 01 (2026-07-23 → 2026-07-24) 34978 bytes
2026-07-23 09:34:15,786 [INFO] [OK] Brazil/ECM_ENSEMBLE_Soy_PRCP/cumulative dia 02 (2026-07-23 → 2026-07-25) 36351 bytes
2026-07-23 09:34:16,483 [INFO] [OK] Brazil/ECM_ENSEMBLE_Soy_PRCP/cumulative dia 03 (2026-07-23 → 2026-07-26) 37569 bytes
2026-07-23 09:34:17,033 [INFO] [OK] Brazil/ECM_ENSEMBLE_Soy_PRCP/cumulative dia 04 (2026-07-23 → 2026-07-27) 39042 bytes
2026-07-23 09:34:17,188 [INFO] [OK] Brazil/ECM_ENSEMBLE_Soy_PRCP/cumulative dia 05 (2026-07-23 → 2026-07-28) 40246 bytes
2026-07-23 09:34:17,500 [INFO] [OK] Brazil/ECM_ENSEMBLE_Soy_PRCP/cumulative dia 06 (2026-07-23 → 2026-07-29) 41202 bytes
2026-07-23 09:34:17,975 [INFO] [OK] Brazil/ECM_ENSEMBLE_Soy_PRCP/cumulative dia 08 (2026-07-23 → 2026-07-31) 42433 bytes
2026-07-23 09:34:17,978 [INFO] [OK] Brazil/ECM_ENSEMBLE_Soy_PRCP/cumulative dia 07 (2026-07-23 → 2026-07-30) 41460 bytes
2026-07-23 09:34:18,764 [INFO] [OK] Brazil/ECM_ENSEMBLE_Soy_PRCP/cumulative dia 09 (2026-07-23 → 2026-08-01) 43420 bytes
2026-07-23 09:34:19,510 [INFO] [OK] Brazil/ECM_ENSEMBLE_Soy_PRCP/cumulative dia 10 (2026-07-23 → 2026-08-02) 43558 bytes
2026-07-23 09:34:19,724 [INFO] [OK] Brazil/ECM_ENSEMBLE_Soy_PRCP/cumulative dia 11 (2026-07-23 → 2026-08-03) 44014 bytes
2026-07-23 09:34:20,098 [INFO] [OK] Brazil/ECM_ENSEMBLE_Soy_PRCP/cumulative dia 12 (2026-07-23 → 2026-08-04) 44664 bytes
2026-07-23 09:34:20,195 [INFO] [OK] Brazil/ECM_ENSEMBLE_Corn_Winter_PRCP_DEP/daily dia 00 (2026-07-23 → 2026-07-23) 46379 bytes
2026-07-23 09:34:20,555 [INFO] [OK] Brazil/ECM_ENSEMBLE_Soy_PRCP/cumulative dia 14 (2026-07-23 → 2026-08-06) 45084 bytes
2026-07-23 09:34:20,588 [INFO] [OK] Brazil/ECM_ENSEMBLE_Soy_PRCP/cumulative dia 13 (2026-07-23 → 2026-08-05) 44682 bytes
2026-07-23 09:34:21,121 [INFO] [OK] Brazil/ECM_ENSEMBLE_Corn_Winter_PRCP_DEP/daily dia 01 (2026-07-24 → 2026-07-24) 48801 bytes
2026-07-23 09:34:21,313 [INFO] [OK] Brazil/ECM_ENSEMBLE_Corn_Winter_PRCP_DEP/daily dia 02 (2026-07-25 → 2026-07-25) 48032 bytes
2026-07-23 09:34:21,590 [INFO] [OK] Brazil/ECM_ENSEMBLE_Corn_Winter_PRCP_DEP/daily dia 03 (2026-07-26 → 2026-07-26) 48412 bytes
2026-07-23 09:34:21,674 [INFO] [OK] Brazil/ECM_ENSEMBLE_Corn_Winter_PRCP_DEP/daily dia 04 (2026-07-27 → 2026-07-27) 47789 bytes
2026-07-23 09:34:22,078 [INFO] [OK] Brazil/ECM_ENSEMBLE_Corn_Winter_PRCP_DEP/daily dia 05 (2026-07-28 → 2026-07-28) 45559 bytes
2026-07-23 09:34:22,293 [INFO] [OK] Brazil/ECM_ENSEMBLE_Corn_Winter_PRCP_DEP/daily dia 06 (2026-07-29 → 2026-07-29) 48310 bytes
2026-07-23 09:34:22,598 [INFO] [OK] Brazil/ECM_ENSEMBLE_Corn_Winter_PRCP_DEP/daily dia 07 (2026-07-30 → 2026-07-30) 47048 bytes
2026-07-23 09:34:22,888 [INFO] [OK] Brazil/ECM_ENSEMBLE_Corn_Winter_PRCP_DEP/daily dia 08 (2026-07-31 → 2026-07-31) 48645 bytes
2026-07-23 09:34:23,032 [INFO] [OK] Brazil/ECM_ENSEMBLE_Corn_Winter_PRCP_DEP/daily dia 09 (2026-08-01 → 2026-08-01) 45973 bytes
2026-07-23 09:34:23,076 [INFO] [OK] Brazil/ECM_ENSEMBLE_Corn_Winter_PRCP_DEP/daily dia 10 (2026-08-02 → 2026-08-02) 47354 bytes
2026-07-23 09:34:23,598 [INFO] [OK] Brazil/ECM_ENSEMBLE_Corn_Winter_PRCP_DEP/daily dia 11 (2026-08-03 → 2026-08-03) 48130 bytes
2026-07-23 09:34:23,794 [INFO] [OK] Brazil/ECM_ENSEMBLE_Corn_Winter_PRCP_DEP/daily dia 12 (2026-08-04 → 2026-08-04) 48217 bytes
2026-07-23 09:34:24,239 [INFO] [OK] Brazil/ECM_ENSEMBLE_Corn_Winter_PRCP_DEP/daily dia 13 (2026-08-05 → 2026-08-05) 48489 bytes
2026-07-23 09:34:24,524 [INFO] [OK] Brazil/ECM_ENSEMBLE_Corn_Winter_PRCP_DEP/daily dia 14 (2026-08-06 → 2026-08-06) 49764 bytes
2026-07-23 09:34:24,612 [INFO] [OK] Brazil/ECM_ENSEMBLE_Corn_Winter_PRCP_DEP/cumulative dia 00 (2026-07-23 → 2026-07-23) 46379 bytes
2026-07-23 09:34:24,677 [INFO] [OK] Brazil/ECM_ENSEMBLE_Corn_Winter_PRCP_DEP/cumulative dia 01 (2026-07-23 → 2026-07-24) 48736 bytes
2026-07-23 09:34:25,160 [INFO] [OK] Brazil/ECM_ENSEMBLE_Corn_Winter_PRCP_DEP/cumulative dia 02 (2026-07-23 → 2026-07-25) 49573 bytes
2026-07-23 09:34:25,677 [INFO] [OK] Brazil/ECM_ENSEMBLE_Corn_Winter_PRCP_DEP/cumulative dia 03 (2026-07-23 → 2026-07-26) 49766 bytes
2026-07-23 09:34:26,559 [INFO] [OK] Brazil/ECM_ENSEMBLE_Corn_Winter_PRCP_DEP/cumulative dia 04 (2026-07-23 → 2026-07-27) 51382 bytes
2026-07-23 09:34:26,562 [INFO] [OK] Brazil/ECM_ENSEMBLE_Corn_Winter_PRCP_DEP/cumulative dia 05 (2026-07-23 → 2026-07-28) 51418 bytes
2026-07-23 09:34:26,780 [INFO] [OK] Brazil/ECM_ENSEMBLE_Corn_Winter_PRCP_DEP/cumulative dia 06 (2026-07-23 → 2026-07-29) 51008 bytes
2026-07-23 09:34:27,058 [INFO] [OK] Brazil/ECM_ENSEMBLE_Corn_Winter_PRCP_DEP/cumulative dia 07 (2026-07-23 → 2026-07-30) 51154 bytes
2026-07-23 09:34:27,375 [INFO] [OK] Brazil/ECM_ENSEMBLE_Corn_Winter_PRCP_DEP/cumulative dia 08 (2026-07-23 → 2026-07-31) 50098 bytes
2026-07-23 09:34:27,894 [INFO] [OK] Brazil/ECM_ENSEMBLE_Corn_Winter_PRCP_DEP/cumulative dia 09 (2026-07-23 → 2026-08-01) 49715 bytes
2026-07-23 09:34:29,477 [INFO] [OK] Brazil/ECM_ENSEMBLE_Corn_Winter_PRCP/daily dia 00 (2026-07-23 → 2026-07-23) 30631 bytes
2026-07-23 09:34:29,483 [INFO] [OK] Brazil/ECM_ENSEMBLE_Corn_Winter_PRCP_DEP/cumulative dia 10 (2026-07-23 → 2026-08-02) 49370 bytes
2026-07-23 09:34:29,484 [INFO] [OK] Brazil/ECM_ENSEMBLE_Corn_Winter_PRCP_DEP/cumulative dia 11 (2026-07-23 → 2026-08-03) 49429 bytes
2026-07-23 09:34:29,770 [INFO] [OK] Brazil/ECM_ENSEMBLE_Corn_Winter_PRCP_DEP/cumulative dia 12 (2026-07-23 → 2026-08-04) 49277 bytes
2026-07-23 09:34:30,007 [INFO] [OK] Brazil/ECM_ENSEMBLE_Corn_Winter_PRCP_DEP/cumulative dia 13 (2026-07-23 → 2026-08-05) 48853 bytes
2026-07-23 09:34:30,267 [INFO] [OK] Brazil/ECM_ENSEMBLE_Corn_Winter_PRCP_DEP/cumulative dia 14 (2026-07-23 → 2026-08-06) 48726 bytes
2026-07-23 09:34:30,852 [INFO] [OK] Brazil/ECM_ENSEMBLE_Corn_Winter_PRCP/daily dia 03 (2026-07-26 → 2026-07-26) 29720 bytes
2026-07-23 09:34:31,081 [INFO] [OK] Brazil/ECM_ENSEMBLE_Corn_Winter_PRCP/daily dia 02 (2026-07-25 → 2026-07-25) 30245 bytes
2026-07-23 09:34:31,083 [INFO] [OK] Brazil/ECM_ENSEMBLE_Corn_Winter_PRCP/daily dia 01 (2026-07-24 → 2026-07-24) 30993 bytes
2026-07-23 09:34:31,331 [INFO] [OK] Brazil/ECM_ENSEMBLE_Corn_Winter_PRCP/daily dia 04 (2026-07-27 → 2026-07-27) 29927 bytes
2026-07-23 09:34:31,409 [INFO] [OK] Brazil/ECM_ENSEMBLE_Corn_Winter_PRCP/daily dia 05 (2026-07-28 → 2026-07-28) 30504 bytes
2026-07-23 09:34:31,859 [INFO] [OK] Brazil/ECM_ENSEMBLE_Corn_Winter_PRCP/daily dia 06 (2026-07-29 → 2026-07-29) 30775 bytes
2026-07-23 09:34:32,387 [INFO] [OK] Brazil/ECM_ENSEMBLE_Corn_Winter_PRCP/daily dia 07 (2026-07-30 → 2026-07-30) 30294 bytes
2026-07-23 09:34:32,593 [INFO] [OK] Brazil/ECM_ENSEMBLE_Corn_Winter_PRCP/daily dia 09 (2026-08-01 → 2026-08-01) 31761 bytes
2026-07-23 09:34:32,601 [INFO] [OK] Brazil/ECM_ENSEMBLE_Corn_Winter_PRCP/daily dia 08 (2026-07-31 → 2026-07-31) 30797 bytes
2026-07-23 09:34:32,670 [INFO] [OK] Brazil/ECM_ENSEMBLE_Corn_Winter_PRCP/daily dia 10 (2026-08-02 → 2026-08-02) 31091 bytes
2026-07-23 09:34:32,751 [INFO] [OK] Brazil/ECM_ENSEMBLE_Corn_Winter_PRCP/daily dia 11 (2026-08-03 → 2026-08-03) 30440 bytes
2026-07-23 09:34:33,404 [INFO] [OK] Brazil/ECM_ENSEMBLE_Corn_Winter_PRCP/daily dia 12 (2026-08-04 → 2026-08-04) 30338 bytes
2026-07-23 09:34:33,728 [INFO] [OK] Brazil/ECM_ENSEMBLE_Corn_Winter_PRCP/daily dia 13 (2026-08-05 → 2026-08-05) 30233 bytes
2026-07-23 09:34:34,005 [INFO] [OK] Brazil/ECM_ENSEMBLE_Corn_Winter_PRCP/daily dia 14 (2026-08-06 → 2026-08-06) 29635 bytes
2026-07-23 09:34:34,165 [INFO] [OK] Brazil/ECM_ENSEMBLE_Corn_Winter_PRCP/cumulative dia 00 (2026-07-23 → 2026-07-23) 30631 bytes
2026-07-23 09:34:34,304 [INFO] [OK] Brazil/ECM_ENSEMBLE_Corn_Winter_PRCP/cumulative dia 01 (2026-07-23 → 2026-07-24) 33440 bytes
2026-07-23 09:34:34,339 [INFO] [OK] Brazil/ECM_ENSEMBLE_Corn_Winter_PRCP/cumulative dia 02 (2026-07-23 → 2026-07-25) 34776 bytes
2026-07-23 09:34:35,057 [INFO] [OK] Brazil/ECM_ENSEMBLE_Corn_Winter_PRCP/cumulative dia 03 (2026-07-23 → 2026-07-26) 36072 bytes
2026-07-23 09:34:36,392 [INFO] [OK] Brazil/ECM_ENSEMBLE_Corn_Winter_PRCP/cumulative dia 04 (2026-07-23 → 2026-07-27) 37376 bytes
2026-07-23 09:34:36,394 [INFO] [OK] Brazil/ECM_ENSEMBLE_Corn_Winter_PRCP/cumulative dia 05 (2026-07-23 → 2026-07-28) 38595 bytes
2026-07-23 09:34:36,395 [INFO] [OK] Brazil/ECM_ENSEMBLE_Corn_Winter_PRCP/cumulative dia 06 (2026-07-23 → 2026-07-29) 39772 bytes
2026-07-23 09:34:36,471 [INFO] [OK] Brazil/ECM_ENSEMBLE_Corn_Winter_PRCP/cumulative dia 07 (2026-07-23 → 2026-07-30) 39882 bytes
2026-07-23 09:34:36,541 [INFO] [OK] Brazil/ECM_ENSEMBLE_Corn_Winter_PRCP/cumulative dia 08 (2026-07-23 → 2026-07-31) 40974 bytes
2026-07-23 09:34:37,300 [INFO] [OK] Brazil/ECM_ENSEMBLE_Corn_Winter_PRCP/cumulative dia 09 (2026-07-23 → 2026-08-01) 42075 bytes
2026-07-23 09:34:39,072 [INFO] [OK] Argentina/GFS_ENSEMBLE_Soy_PRCP_DEP/daily dia 00 (2026-07-23 → 2026-07-23) 32929 bytes
2026-07-23 09:34:39,527 [INFO] [OK] Brazil/ECM_ENSEMBLE_Corn_Winter_PRCP/cumulative dia 11 (2026-07-23 → 2026-08-03) 42616 bytes
2026-07-23 09:34:39,617 [INFO] [OK] Brazil/ECM_ENSEMBLE_Corn_Winter_PRCP/cumulative dia 13 (2026-07-23 → 2026-08-05) 43241 bytes
2026-07-23 09:34:39,629 [INFO] [OK] Brazil/ECM_ENSEMBLE_Corn_Winter_PRCP/cumulative dia 10 (2026-07-23 → 2026-08-02) 42265 bytes
2026-07-23 09:34:39,915 [INFO] [OK] Brazil/ECM_ENSEMBLE_Corn_Winter_PRCP/cumulative dia 12 (2026-07-23 → 2026-08-04) 43343 bytes
2026-07-23 09:34:39,998 [INFO] [OK] Brazil/ECM_ENSEMBLE_Corn_Winter_PRCP/cumulative dia 14 (2026-07-23 → 2026-08-06) 43610 bytes
2026-07-23 09:34:40,148 [INFO] [OK] Argentina/GFS_ENSEMBLE_Soy_PRCP_DEP/daily dia 01 (2026-07-24 → 2026-07-24) 33915 bytes
2026-07-23 09:34:40,661 [INFO] [OK] Argentina/GFS_ENSEMBLE_Soy_PRCP_DEP/daily dia 02 (2026-07-25 → 2026-07-25) 32942 bytes
2026-07-23 09:34:40,712 [INFO] [OK] Argentina/GFS_ENSEMBLE_Soy_PRCP_DEP/daily dia 04 (2026-07-27 → 2026-07-27) 34302 bytes
2026-07-23 09:34:40,737 [INFO] [OK] Argentina/GFS_ENSEMBLE_Soy_PRCP_DEP/daily dia 03 (2026-07-26 → 2026-07-26) 32368 bytes
2026-07-23 09:34:40,970 [INFO] [OK] Argentina/GFS_ENSEMBLE_Soy_PRCP_DEP/daily dia 05 (2026-07-28 → 2026-07-28) 36686 bytes
2026-07-23 09:34:41,187 [INFO] [OK] Argentina/GFS_ENSEMBLE_Soy_PRCP_DEP/daily dia 06 (2026-07-29 → 2026-07-29) 40740 bytes
2026-07-23 09:34:41,495 [INFO] [OK] Argentina/GFS_ENSEMBLE_Soy_PRCP_DEP/daily dia 07 (2026-07-30 → 2026-07-30) 39615 bytes
2026-07-23 09:34:41,812 [INFO] [OK] Argentina/GFS_ENSEMBLE_Soy_PRCP_DEP/daily dia 08 (2026-07-31 → 2026-07-31) 36981 bytes
2026-07-23 09:34:41,861 [INFO] [OK] Argentina/GFS_ENSEMBLE_Soy_PRCP_DEP/daily dia 09 (2026-08-01 → 2026-08-01) 39408 bytes
2026-07-23 09:34:41,913 [INFO] [OK] Argentina/GFS_ENSEMBLE_Soy_PRCP_DEP/daily dia 10 (2026-08-02 → 2026-08-02) 40780 bytes
2026-07-23 09:34:42,178 [INFO] [OK] Argentina/GFS_ENSEMBLE_Soy_PRCP_DEP/daily dia 11 (2026-08-03 → 2026-08-03) 42679 bytes
2026-07-23 09:34:42,315 [INFO] [OK] Argentina/GFS_ENSEMBLE_Soy_PRCP_DEP/daily dia 12 (2026-08-04 → 2026-08-04) 45441 bytes
2026-07-23 09:34:42,994 [INFO] [OK] Argentina/GFS_ENSEMBLE_Soy_PRCP_DEP/daily dia 13 (2026-08-05 → 2026-08-05) 43939 bytes
2026-07-23 09:34:43,000 [INFO] [OK] Argentina/GFS_ENSEMBLE_Soy_PRCP_DEP/cumulative dia 00 (2026-07-23 → 2026-07-23) 32929 bytes
2026-07-23 09:34:43,020 [INFO] [OK] Argentina/GFS_ENSEMBLE_Soy_PRCP_DEP/daily dia 14 (2026-08-06 → 2026-08-06) 45790 bytes
2026-07-23 09:34:43,057 [INFO] [OK] Argentina/GFS_ENSEMBLE_Soy_PRCP_DEP/cumulative dia 01 (2026-07-23 → 2026-07-24) 34639 bytes
2026-07-23 09:34:43,563 [INFO] [OK] Argentina/GFS_ENSEMBLE_Soy_PRCP_DEP/cumulative dia 02 (2026-07-23 → 2026-07-25) 34474 bytes
2026-07-23 09:34:43,605 [INFO] [OK] Argentina/GFS_ENSEMBLE_Soy_PRCP_DEP/cumulative dia 03 (2026-07-23 → 2026-07-26) 34677 bytes
2026-07-23 09:34:44,617 [INFO] [OK] Argentina/GFS_ENSEMBLE_Soy_PRCP_DEP/cumulative dia 04 (2026-07-23 → 2026-07-27) 35639 bytes
2026-07-23 09:34:45,155 [INFO] [OK] Argentina/GFS_ENSEMBLE_Soy_PRCP_DEP/cumulative dia 07 (2026-07-23 → 2026-07-30) 41430 bytes
2026-07-23 09:34:45,170 [INFO] [OK] Argentina/GFS_ENSEMBLE_Soy_PRCP_DEP/cumulative dia 05 (2026-07-23 → 2026-07-28) 38904 bytes
2026-07-23 09:34:45,181 [INFO] [OK] Argentina/GFS_ENSEMBLE_Soy_PRCP_DEP/cumulative dia 06 (2026-07-23 → 2026-07-29) 40602 bytes
2026-07-23 09:34:45,503 [INFO] [OK] Argentina/GFS_ENSEMBLE_Soy_PRCP_DEP/cumulative dia 08 (2026-07-23 → 2026-07-31) 41675 bytes
2026-07-23 09:34:45,551 [INFO] [OK] Argentina/GFS_ENSEMBLE_Soy_PRCP_DEP/cumulative dia 09 (2026-07-23 → 2026-08-01) 42177 bytes
2026-07-23 09:34:46,207 [INFO] [OK] Argentina/GFS_ENSEMBLE_Soy_PRCP_DEP/cumulative dia 10 (2026-07-23 → 2026-08-02) 42815 bytes
2026-07-23 09:34:46,793 [INFO] [OK] Argentina/GFS_ENSEMBLE_Soy_PRCP/daily dia 00 (2026-07-23 → 2026-07-23) 27561 bytes
2026-07-23 09:34:47,348 [INFO] [OK] Argentina/GFS_ENSEMBLE_Soy_PRCP_DEP/cumulative dia 12 (2026-07-23 → 2026-08-04) 44253 bytes
2026-07-23 09:34:47,465 [INFO] [OK] Argentina/GFS_ENSEMBLE_Soy_PRCP_DEP/cumulative dia 11 (2026-07-23 → 2026-08-03) 43422 bytes
2026-07-23 09:34:47,559 [INFO] [OK] Argentina/GFS_ENSEMBLE_Soy_PRCP_DEP/cumulative dia 13 (2026-07-23 → 2026-08-05) 44389 bytes
2026-07-23 09:34:47,616 [INFO] [OK] Argentina/GFS_ENSEMBLE_Soy_PRCP/daily dia 01 (2026-07-24 → 2026-07-24) 27977 bytes
2026-07-23 09:34:47,931 [INFO] [OK] Argentina/GFS_ENSEMBLE_Soy_PRCP_DEP/cumulative dia 14 (2026-07-23 → 2026-08-06) 44294 bytes
2026-07-23 09:34:48,008 [INFO] [OK] Argentina/GFS_ENSEMBLE_Soy_PRCP/daily dia 02 (2026-07-25 → 2026-07-25) 26718 bytes
2026-07-23 09:34:48,447 [INFO] [OK] Argentina/GFS_ENSEMBLE_Soy_PRCP/daily dia 03 (2026-07-26 → 2026-07-26) 27513 bytes
2026-07-23 09:34:48,448 [INFO] [OK] Argentina/GFS_ENSEMBLE_Soy_PRCP/daily dia 04 (2026-07-27 → 2026-07-27) 27831 bytes
2026-07-23 09:34:48,624 [INFO] [OK] Argentina/GFS_ENSEMBLE_Soy_PRCP/daily dia 05 (2026-07-28 → 2026-07-28) 28755 bytes
2026-07-23 09:34:48,683 [INFO] [OK] Argentina/GFS_ENSEMBLE_Soy_PRCP/daily dia 06 (2026-07-29 → 2026-07-29) 27702 bytes
2026-07-23 09:34:49,000 [INFO] [OK] Argentina/GFS_ENSEMBLE_Soy_PRCP/daily dia 07 (2026-07-30 → 2026-07-30) 28428 bytes
2026-07-23 09:34:49,005 [INFO] [OK] Argentina/GFS_ENSEMBLE_Soy_PRCP/daily dia 08 (2026-07-31 → 2026-07-31) 29098 bytes
2026-07-23 09:34:49,464 [INFO] [OK] Argentina/GFS_ENSEMBLE_Soy_PRCP/daily dia 10 (2026-08-02 → 2026-08-02) 29301 bytes
2026-07-23 09:34:50,393 [INFO] [OK] Argentina/GFS_ENSEMBLE_Soy_PRCP/daily dia 09 (2026-08-01 → 2026-08-01) 29620 bytes
2026-07-23 09:34:50,487 [INFO] [OK] Argentina/GFS_ENSEMBLE_Soy_PRCP/daily dia 11 (2026-08-03 → 2026-08-03) 28961 bytes
2026-07-23 09:34:50,494 [INFO] [OK] Argentina/GFS_ENSEMBLE_Soy_PRCP/daily dia 14 (2026-08-06 → 2026-08-06) 28503 bytes
2026-07-23 09:34:50,526 [INFO] [OK] Argentina/GFS_ENSEMBLE_Soy_PRCP/cumulative dia 00 (2026-07-23 → 2026-07-23) 27561 bytes
2026-07-23 09:34:50,528 [INFO] [OK] Argentina/GFS_ENSEMBLE_Soy_PRCP/daily dia 12 (2026-08-04 → 2026-08-04) 27787 bytes
2026-07-23 09:34:50,531 [INFO] [OK] Argentina/GFS_ENSEMBLE_Soy_PRCP/daily dia 13 (2026-08-05 → 2026-08-05) 28385 bytes
2026-07-23 09:34:51,585 [INFO] [OK] Argentina/GFS_ENSEMBLE_Soy_PRCP/cumulative dia 01 (2026-07-23 → 2026-07-24) 29383 bytes
2026-07-23 09:34:52,082 [INFO] [OK] Argentina/GFS_ENSEMBLE_Soy_PRCP/cumulative dia 02 (2026-07-23 → 2026-07-25) 29770 bytes
2026-07-23 09:34:52,593 [INFO] [OK] Argentina/GFS_ENSEMBLE_Soy_PRCP/cumulative dia 03 (2026-07-23 → 2026-07-26) 30413 bytes
2026-07-23 09:34:52,673 [INFO] [OK] Argentina/GFS_ENSEMBLE_Soy_PRCP/cumulative dia 04 (2026-07-23 → 2026-07-27) 31197 bytes
2026-07-23 09:34:52,734 [INFO] [OK] Argentina/GFS_ENSEMBLE_Soy_PRCP/cumulative dia 05 (2026-07-23 → 2026-07-28) 32943 bytes
2026-07-23 09:34:52,768 [INFO] [OK] Argentina/GFS_ENSEMBLE_Soy_PRCP/cumulative dia 06 (2026-07-23 → 2026-07-29) 33981 bytes
2026-07-23 09:34:53,108 [INFO] [OK] Argentina/GFS_ENSEMBLE_Soy_PRCP/cumulative dia 07 (2026-07-23 → 2026-07-30) 34361 bytes
2026-07-23 09:34:53,583 [INFO] [OK] Argentina/GFS_ENSEMBLE_Soy_PRCP/cumulative dia 08 (2026-07-23 → 2026-07-31) 35011 bytes
2026-07-23 09:34:54,342 [INFO] [OK] Argentina/GFS_ENSEMBLE_Soy_PRCP/cumulative dia 09 (2026-07-23 → 2026-08-01) 35820 bytes
2026-07-23 09:34:54,477 [INFO] [OK] Argentina/GFS_ENSEMBLE_Soy_PRCP/cumulative dia 10 (2026-07-23 → 2026-08-02) 36437 bytes
2026-07-23 09:34:54,644 [INFO] [OK] Argentina/GFS_ENSEMBLE_Soy_PRCP/cumulative dia 12 (2026-07-23 → 2026-08-04) 36703 bytes
2026-07-23 09:34:54,658 [INFO] [OK] Argentina/GFS_ENSEMBLE_Soy_PRCP/cumulative dia 11 (2026-07-23 → 2026-08-03) 36508 bytes
2026-07-23 09:34:54,864 [INFO] [OK] Argentina/GFS_ENSEMBLE_Soy_PRCP/cumulative dia 13 (2026-07-23 → 2026-08-05) 37202 bytes
2026-07-23 09:34:55,231 [INFO] [OK] Argentina/GFS_ENSEMBLE_Soy_PRCP/cumulative dia 14 (2026-07-23 → 2026-08-06) 37338 bytes
2026-07-23 09:34:55,330 [INFO] [OK] Argentina/GFS_ENSEMBLE_Corn_Winter_PRCP_DEP/daily dia 00 (2026-07-23 → 2026-07-23) 31555 bytes
2026-07-23 09:34:55,507 [INFO] [OK] Argentina/GFS_ENSEMBLE_Corn_Winter_PRCP_DEP/daily dia 01 (2026-07-24 → 2026-07-24) 32212 bytes
2026-07-23 09:34:55,665 [INFO] [OK] Argentina/GFS_ENSEMBLE_Corn_Winter_PRCP_DEP/daily dia 03 (2026-07-26 → 2026-07-26) 30659 bytes
2026-07-23 09:34:55,716 [INFO] [OK] Argentina/GFS_ENSEMBLE_Corn_Winter_PRCP_DEP/daily dia 02 (2026-07-25 → 2026-07-25) 31307 bytes
2026-07-23 09:34:55,886 [INFO] [OK] Argentina/GFS_ENSEMBLE_Corn_Winter_PRCP_DEP/daily dia 04 (2026-07-27 → 2026-07-27) 32427 bytes
2026-07-23 09:34:56,266 [INFO] [OK] Argentina/GFS_ENSEMBLE_Corn_Winter_PRCP_DEP/daily dia 05 (2026-07-28 → 2026-07-28) 34885 bytes
2026-07-23 09:34:56,419 [INFO] [OK] Argentina/GFS_ENSEMBLE_Corn_Winter_PRCP_DEP/daily dia 06 (2026-07-29 → 2026-07-29) 39095 bytes
2026-07-23 09:34:56,684 [INFO] [OK] Argentina/GFS_ENSEMBLE_Corn_Winter_PRCP_DEP/daily dia 07 (2026-07-30 → 2026-07-30) 37882 bytes
2026-07-23 09:34:56,876 [INFO] [OK] Argentina/GFS_ENSEMBLE_Corn_Winter_PRCP_DEP/daily dia 08 (2026-07-31 → 2026-07-31) 35317 bytes
2026-07-23 09:34:56,929 [INFO] [OK] Argentina/GFS_ENSEMBLE_Corn_Winter_PRCP_DEP/daily dia 09 (2026-08-01 → 2026-08-01) 37915 bytes
2026-07-23 09:34:57,039 [INFO] [OK] Argentina/GFS_ENSEMBLE_Corn_Winter_PRCP_DEP/daily dia 10 (2026-08-02 → 2026-08-02) 39510 bytes
2026-07-23 09:34:57,302 [INFO] [OK] Argentina/GFS_ENSEMBLE_Corn_Winter_PRCP_DEP/daily dia 11 (2026-08-03 → 2026-08-03) 41075 bytes
2026-07-23 09:34:57,483 [INFO] [OK] Argentina/GFS_ENSEMBLE_Corn_Winter_PRCP_DEP/daily dia 12 (2026-08-04 → 2026-08-04) 44001 bytes
2026-07-23 09:34:57,727 [INFO] [OK] Argentina/GFS_ENSEMBLE_Corn_Winter_PRCP_DEP/daily dia 13 (2026-08-05 → 2026-08-05) 42497 bytes
2026-07-23 09:34:57,978 [INFO] [OK] Argentina/GFS_ENSEMBLE_Corn_Winter_PRCP_DEP/cumulative dia 00 (2026-07-23 → 2026-07-23) 31555 bytes
2026-07-23 09:34:58,052 [INFO] [OK] Argentina/GFS_ENSEMBLE_Corn_Winter_PRCP_DEP/daily dia 14 (2026-08-06 → 2026-08-06) 44370 bytes
2026-07-23 09:34:58,123 [INFO] [OK] Argentina/GFS_ENSEMBLE_Corn_Winter_PRCP_DEP/cumulative dia 01 (2026-07-23 → 2026-07-24) 32944 bytes
2026-07-23 09:34:58,373 [INFO] [OK] Argentina/GFS_ENSEMBLE_Corn_Winter_PRCP_DEP/cumulative dia 02 (2026-07-23 → 2026-07-25) 32808 bytes
2026-07-23 09:34:58,716 [INFO] [OK] Argentina/GFS_ENSEMBLE_Corn_Winter_PRCP_DEP/cumulative dia 03 (2026-07-23 → 2026-07-26) 32961 bytes
2026-07-23 09:34:58,929 [INFO] [OK] Argentina/GFS_ENSEMBLE_Corn_Winter_PRCP_DEP/cumulative dia 04 (2026-07-23 → 2026-07-27) 33874 bytes
2026-07-23 09:34:59,229 [INFO] [OK] Argentina/GFS_ENSEMBLE_Corn_Winter_PRCP_DEP/cumulative dia 05 (2026-07-23 → 2026-07-28) 37197 bytes
2026-07-23 09:34:59,440 [INFO] [OK] Argentina/GFS_ENSEMBLE_Corn_Winter_PRCP_DEP/cumulative dia 06 (2026-07-23 → 2026-07-29) 38783 bytes
2026-07-23 09:34:59,532 [INFO] [OK] Argentina/GFS_ENSEMBLE_Corn_Winter_PRCP_DEP/cumulative dia 07 (2026-07-23 → 2026-07-30) 39471 bytes
2026-07-23 09:34:59,789 [INFO] [OK] Argentina/GFS_ENSEMBLE_Corn_Winter_PRCP_DEP/cumulative dia 08 (2026-07-23 → 2026-07-31) 40095 bytes
2026-07-23 09:35:00,303 [INFO] [OK] Argentina/GFS_ENSEMBLE_Corn_Winter_PRCP_DEP/cumulative dia 09 (2026-07-23 → 2026-08-01) 40770 bytes
2026-07-23 09:35:00,554 [INFO] [OK] Argentina/GFS_ENSEMBLE_Corn_Winter_PRCP_DEP/cumulative dia 10 (2026-07-23 → 2026-08-02) 41238 bytes
2026-07-23 09:35:00,911 [INFO] [OK] Argentina/GFS_ENSEMBLE_Corn_Winter_PRCP_DEP/cumulative dia 11 (2026-07-23 → 2026-08-03) 41945 bytes
2026-07-23 09:35:01,493 [INFO] [OK] Argentina/GFS_ENSEMBLE_Corn_Winter_PRCP/daily dia 00 (2026-07-23 → 2026-07-23) 25709 bytes
2026-07-23 09:35:01,656 [INFO] [OK] Argentina/GFS_ENSEMBLE_Corn_Winter_PRCP_DEP/cumulative dia 12 (2026-07-23 → 2026-08-04) 42805 bytes
2026-07-23 09:35:01,767 [INFO] [OK] Argentina/GFS_ENSEMBLE_Corn_Winter_PRCP_DEP/cumulative dia 13 (2026-07-23 → 2026-08-05) 43017 bytes
2026-07-23 09:35:01,799 [INFO] [OK] Argentina/GFS_ENSEMBLE_Corn_Winter_PRCP/daily dia 01 (2026-07-24 → 2026-07-24) 26092 bytes
2026-07-23 09:35:01,868 [INFO] [OK] Argentina/GFS_ENSEMBLE_Corn_Winter_PRCP/daily dia 02 (2026-07-25 → 2026-07-25) 24765 bytes
2026-07-23 09:35:01,890 [INFO] [OK] Argentina/GFS_ENSEMBLE_Corn_Winter_PRCP_DEP/cumulative dia 14 (2026-07-23 → 2026-08-06) 42741 bytes
2026-07-23 09:35:02,508 [INFO] [OK] Argentina/GFS_ENSEMBLE_Corn_Winter_PRCP/daily dia 03 (2026-07-26 → 2026-07-26) 25636 bytes
2026-07-23 09:35:02,765 [INFO] [OK] Argentina/GFS_ENSEMBLE_Corn_Winter_PRCP/daily dia 04 (2026-07-27 → 2026-07-27) 25852 bytes
2026-07-23 09:35:02,932 [INFO] [OK] Argentina/GFS_ENSEMBLE_Corn_Winter_PRCP/daily dia 05 (2026-07-28 → 2026-07-28) 26758 bytes
2026-07-23 09:35:02,993 [INFO] [OK] Argentina/GFS_ENSEMBLE_Corn_Winter_PRCP/daily dia 06 (2026-07-29 → 2026-07-29) 25858 bytes
2026-07-23 09:35:03,040 [INFO] [OK] Argentina/GFS_ENSEMBLE_Corn_Winter_PRCP/daily dia 07 (2026-07-30 → 2026-07-30) 26625 bytes
2026-07-23 09:35:03,100 [INFO] [OK] Argentina/GFS_ENSEMBLE_Corn_Winter_PRCP/daily dia 08 (2026-07-31 → 2026-07-31) 27466 bytes
2026-07-23 09:35:03,697 [INFO] [OK] Argentina/GFS_ENSEMBLE_Corn_Winter_PRCP/daily dia 09 (2026-08-01 → 2026-08-01) 27773 bytes
2026-07-23 09:35:04,024 [INFO] [OK] Argentina/GFS_ENSEMBLE_Corn_Winter_PRCP/daily dia 10 (2026-08-02 → 2026-08-02) 27435 bytes
2026-07-23 09:35:04,256 [INFO] [OK] Argentina/GFS_ENSEMBLE_Corn_Winter_PRCP/daily dia 11 (2026-08-03 → 2026-08-03) 26918 bytes
2026-07-23 09:35:04,332 [INFO] [OK] Argentina/GFS_ENSEMBLE_Corn_Winter_PRCP/daily dia 12 (2026-08-04 → 2026-08-04) 25988 bytes
2026-07-23 09:35:04,465 [INFO] [OK] Argentina/GFS_ENSEMBLE_Corn_Winter_PRCP/daily dia 14 (2026-08-06 → 2026-08-06) 26681 bytes
2026-07-23 09:35:04,467 [INFO] [OK] Argentina/GFS_ENSEMBLE_Corn_Winter_PRCP/daily dia 13 (2026-08-05 → 2026-08-05) 26543 bytes
2026-07-23 09:35:04,894 [INFO] [OK] Argentina/GFS_ENSEMBLE_Corn_Winter_PRCP/cumulative dia 00 (2026-07-23 → 2026-07-23) 25709 bytes
2026-07-23 09:35:05,189 [INFO] [OK] Argentina/GFS_ENSEMBLE_Corn_Winter_PRCP/cumulative dia 01 (2026-07-23 → 2026-07-24) 27616 bytes
2026-07-23 09:35:05,644 [INFO] [OK] Argentina/GFS_ENSEMBLE_Corn_Winter_PRCP/cumulative dia 02 (2026-07-23 → 2026-07-25) 27950 bytes
2026-07-23 09:35:05,740 [INFO] [OK] Argentina/GFS_ENSEMBLE_Corn_Winter_PRCP/cumulative dia 03 (2026-07-23 → 2026-07-26) 28698 bytes
2026-07-23 09:35:06,079 [INFO] [OK] Argentina/GFS_ENSEMBLE_Corn_Winter_PRCP/cumulative dia 04 (2026-07-23 → 2026-07-27) 29494 bytes
2026-07-23 09:35:06,180 [INFO] [OK] Argentina/GFS_ENSEMBLE_Corn_Winter_PRCP/cumulative dia 05 (2026-07-23 → 2026-07-28) 30949 bytes
2026-07-23 09:35:06,567 [INFO] [OK] Argentina/GFS_ENSEMBLE_Corn_Winter_PRCP/cumulative dia 06 (2026-07-23 → 2026-07-29) 32105 bytes
2026-07-23 09:35:06,849 [INFO] [OK] Argentina/GFS_ENSEMBLE_Corn_Winter_PRCP/cumulative dia 07 (2026-07-23 → 2026-07-30) 32485 bytes
2026-07-23 09:35:07,335 [INFO] [OK] Argentina/GFS_ENSEMBLE_Corn_Winter_PRCP/cumulative dia 08 (2026-07-23 → 2026-07-31) 33289 bytes
2026-07-23 09:35:07,431 [INFO] [OK] Argentina/GFS_ENSEMBLE_Corn_Winter_PRCP/cumulative dia 09 (2026-07-23 → 2026-08-01) 34105 bytes
2026-07-23 09:35:08,135 [INFO] [OK] Argentina/GFS_ENSEMBLE_Corn_Winter_PRCP/cumulative dia 10 (2026-07-23 → 2026-08-02) 34586 bytes
2026-07-23 09:35:08,217 [INFO] [OK] Argentina/GFS_ENSEMBLE_Corn_Winter_PRCP/cumulative dia 11 (2026-07-23 → 2026-08-03) 34818 bytes
2026-07-23 09:35:08,300 [INFO] [OK] Argentina/GFS_ENSEMBLE_Corn_Winter_PRCP/cumulative dia 12 (2026-07-23 → 2026-08-04) 35213 bytes
2026-07-23 09:35:08,573 [INFO] [OK] Argentina/ECM_ENSEMBLE_Soy_PRCP_DEP/daily dia 00 (2026-07-23 → 2026-07-23) 39261 bytes
2026-07-23 09:35:08,641 [INFO] [OK] Argentina/GFS_ENSEMBLE_Corn_Winter_PRCP/cumulative dia 13 (2026-07-23 → 2026-08-05) 35581 bytes
2026-07-23 09:35:09,303 [INFO] [OK] Argentina/ECM_ENSEMBLE_Soy_PRCP_DEP/daily dia 01 (2026-07-24 → 2026-07-24) 42520 bytes
2026-07-23 09:35:09,521 [INFO] [OK] Argentina/ECM_ENSEMBLE_Soy_PRCP_DEP/daily dia 03 (2026-07-26 → 2026-07-26) 40922 bytes
2026-07-23 09:35:09,530 [INFO] [OK] Argentina/GFS_ENSEMBLE_Corn_Winter_PRCP/cumulative dia 14 (2026-07-23 → 2026-08-06) 35749 bytes
2026-07-23 09:35:09,612 [INFO] [OK] Argentina/ECM_ENSEMBLE_Soy_PRCP_DEP/daily dia 02 (2026-07-25 → 2026-07-25) 40577 bytes
2026-07-23 09:35:09,744 [INFO] [OK] Argentina/ECM_ENSEMBLE_Soy_PRCP_DEP/daily dia 04 (2026-07-27 → 2026-07-27) 39292 bytes
2026-07-23 09:35:09,776 [INFO] [OK] Argentina/ECM_ENSEMBLE_Soy_PRCP_DEP/daily dia 05 (2026-07-28 → 2026-07-28) 36519 bytes
2026-07-23 09:35:10,472 [INFO] [OK] Argentina/ECM_ENSEMBLE_Soy_PRCP_DEP/daily dia 06 (2026-07-29 → 2026-07-29) 40340 bytes
2026-07-23 09:35:10,595 [INFO] [OK] Argentina/ECM_ENSEMBLE_Soy_PRCP_DEP/daily dia 07 (2026-07-30 → 2026-07-30) 39349 bytes
2026-07-23 09:35:10,777 [INFO] [OK] Argentina/ECM_ENSEMBLE_Soy_PRCP_DEP/daily dia 09 (2026-08-01 → 2026-08-01) 38570 bytes
2026-07-23 09:35:10,860 [INFO] [OK] Argentina/ECM_ENSEMBLE_Soy_PRCP_DEP/daily dia 08 (2026-07-31 → 2026-07-31) 41798 bytes
2026-07-23 09:35:10,867 [INFO] [OK] Argentina/ECM_ENSEMBLE_Soy_PRCP_DEP/daily dia 10 (2026-08-02 → 2026-08-02) 39739 bytes
2026-07-23 09:35:10,899 [INFO] [OK] Argentina/ECM_ENSEMBLE_Soy_PRCP_DEP/daily dia 11 (2026-08-03 → 2026-08-03) 39814 bytes
2026-07-23 09:35:11,582 [INFO] [OK] Argentina/ECM_ENSEMBLE_Soy_PRCP_DEP/daily dia 12 (2026-08-04 → 2026-08-04) 40746 bytes
2026-07-23 09:35:11,775 [INFO] [OK] Argentina/ECM_ENSEMBLE_Soy_PRCP_DEP/daily dia 13 (2026-08-05 → 2026-08-05) 40126 bytes
2026-07-23 09:35:11,957 [INFO] [OK] Argentina/ECM_ENSEMBLE_Soy_PRCP_DEP/daily dia 14 (2026-08-06 → 2026-08-06) 42172 bytes
2026-07-23 09:35:12,028 [INFO] [OK] Argentina/ECM_ENSEMBLE_Soy_PRCP_DEP/cumulative dia 02 (2026-07-23 → 2026-07-25) 41643 bytes
2026-07-23 09:35:12,113 [INFO] [OK] Argentina/ECM_ENSEMBLE_Soy_PRCP_DEP/cumulative dia 00 (2026-07-23 → 2026-07-23) 39261 bytes
2026-07-23 09:35:12,114 [INFO] [OK] Argentina/ECM_ENSEMBLE_Soy_PRCP_DEP/cumulative dia 01 (2026-07-23 → 2026-07-24) 41335 bytes
2026-07-23 09:35:12,810 [INFO] [OK] Argentina/ECM_ENSEMBLE_Soy_PRCP_DEP/cumulative dia 03 (2026-07-23 → 2026-07-26) 41685 bytes
2026-07-23 09:35:13,129 [INFO] [OK] Argentina/ECM_ENSEMBLE_Soy_PRCP_DEP/cumulative dia 04 (2026-07-23 → 2026-07-27) 43400 bytes
2026-07-23 09:35:13,380 [INFO] [OK] Argentina/ECM_ENSEMBLE_Soy_PRCP_DEP/cumulative dia 05 (2026-07-23 → 2026-07-28) 43210 bytes
2026-07-23 09:35:13,511 [INFO] [OK] Argentina/ECM_ENSEMBLE_Soy_PRCP_DEP/cumulative dia 06 (2026-07-23 → 2026-07-29) 42756 bytes
2026-07-23 09:35:13,610 [INFO] [OK] Argentina/ECM_ENSEMBLE_Soy_PRCP_DEP/cumulative dia 08 (2026-07-23 → 2026-07-31) 42038 bytes
2026-07-23 09:35:13,638 [INFO] [OK] Argentina/ECM_ENSEMBLE_Soy_PRCP_DEP/cumulative dia 07 (2026-07-23 → 2026-07-30) 42800 bytes
2026-07-23 09:35:14,277 [INFO] [OK] Argentina/ECM_ENSEMBLE_Soy_PRCP_DEP/cumulative dia 09 (2026-07-23 → 2026-08-01) 41144 bytes
2026-07-23 09:35:14,664 [INFO] [OK] Argentina/ECM_ENSEMBLE_Soy_PRCP_DEP/cumulative dia 10 (2026-07-23 → 2026-08-02) 40698 bytes
2026-07-23 09:35:15,318 [INFO] [OK] Argentina/ECM_ENSEMBLE_Soy_PRCP_DEP/cumulative dia 11 (2026-07-23 → 2026-08-03) 40854 bytes
2026-07-23 09:35:15,508 [INFO] [OK] Argentina/ECM_ENSEMBLE_Soy_PRCP_DEP/cumulative dia 12 (2026-07-23 → 2026-08-04) 40616 bytes
2026-07-23 09:35:15,516 [INFO] [OK] Argentina/ECM_ENSEMBLE_Soy_PRCP/daily dia 00 (2026-07-23 → 2026-07-23) 28398 bytes
2026-07-23 09:35:15,671 [INFO] [OK] Argentina/ECM_ENSEMBLE_Soy_PRCP_DEP/cumulative dia 13 (2026-07-23 → 2026-08-05) 40488 bytes
2026-07-23 09:35:15,721 [INFO] [OK] Argentina/ECM_ENSEMBLE_Soy_PRCP/daily dia 01 (2026-07-24 → 2026-07-24) 29125 bytes
2026-07-23 09:35:15,744 [INFO] [OK] Argentina/ECM_ENSEMBLE_Soy_PRCP_DEP/cumulative dia 14 (2026-07-23 → 2026-08-06) 40236 bytes
2026-07-23 09:35:16,745 [INFO] [OK] Argentina/ECM_ENSEMBLE_Soy_PRCP/daily dia 02 (2026-07-25 → 2026-07-25) 28171 bytes
2026-07-23 09:35:16,771 [INFO] [OK] Argentina/ECM_ENSEMBLE_Soy_PRCP/daily dia 05 (2026-07-28 → 2026-07-28) 29854 bytes
2026-07-23 09:35:16,847 [INFO] [OK] Argentina/ECM_ENSEMBLE_Soy_PRCP/daily dia 03 (2026-07-26 → 2026-07-26) 28559 bytes
2026-07-23 09:35:16,874 [INFO] [OK] Argentina/ECM_ENSEMBLE_Soy_PRCP/daily dia 04 (2026-07-27 → 2026-07-27) 28968 bytes
2026-07-23 09:35:16,921 [INFO] [OK] Argentina/ECM_ENSEMBLE_Soy_PRCP/daily dia 07 (2026-07-30 → 2026-07-30) 28994 bytes
2026-07-23 09:35:17,025 [INFO] [OK] Argentina/ECM_ENSEMBLE_Soy_PRCP/daily dia 06 (2026-07-29 → 2026-07-29) 29872 bytes
2026-07-23 09:35:17,796 [INFO] [OK] Argentina/ECM_ENSEMBLE_Soy_PRCP/daily dia 08 (2026-07-31 → 2026-07-31) 29765 bytes
2026-07-23 09:35:18,152 [INFO] [OK] Argentina/ECM_ENSEMBLE_Soy_PRCP/daily dia 09 (2026-08-01 → 2026-08-01) 31072 bytes
2026-07-23 09:35:18,164 [INFO] [OK] Argentina/ECM_ENSEMBLE_Soy_PRCP/daily dia 10 (2026-08-02 → 2026-08-02) 29988 bytes
2026-07-23 09:35:18,411 [INFO] [OK] Argentina/ECM_ENSEMBLE_Soy_PRCP/daily dia 11 (2026-08-03 → 2026-08-03) 29570 bytes
2026-07-23 09:35:18,415 [INFO] [OK] Argentina/ECM_ENSEMBLE_Soy_PRCP/daily dia 13 (2026-08-05 → 2026-08-05) 29532 bytes
2026-07-23 09:35:18,416 [INFO] [OK] Argentina/ECM_ENSEMBLE_Soy_PRCP/daily dia 12 (2026-08-04 → 2026-08-04) 29266 bytes
2026-07-23 09:35:18,818 [INFO] [OK] Argentina/ECM_ENSEMBLE_Soy_PRCP/daily dia 14 (2026-08-06 → 2026-08-06) 28732 bytes
2026-07-23 09:35:19,193 [INFO] [OK] Argentina/ECM_ENSEMBLE_Soy_PRCP/cumulative dia 00 (2026-07-23 → 2026-07-23) 28398 bytes
2026-07-23 09:35:19,489 [INFO] [OK] Argentina/ECM_ENSEMBLE_Soy_PRCP/cumulative dia 01 (2026-07-23 → 2026-07-24) 30755 bytes
2026-07-23 09:35:19,647 [INFO] [OK] Argentina/ECM_ENSEMBLE_Soy_PRCP/cumulative dia 04 (2026-07-23 → 2026-07-27) 34844 bytes
2026-07-23 09:35:19,843 [INFO] [OK] Argentina/ECM_ENSEMBLE_Soy_PRCP/cumulative dia 03 (2026-07-23 → 2026-07-26) 33127 bytes
2026-07-23 09:35:20,085 [INFO] [OK] Argentina/ECM_ENSEMBLE_Soy_PRCP/cumulative dia 05 (2026-07-23 → 2026-07-28) 35549 bytes
2026-07-23 09:35:20,288 [INFO] [OK] Argentina/ECM_ENSEMBLE_Soy_PRCP/cumulative dia 02 (2026-07-23 → 2026-07-25) 32124 bytes
2026-07-23 09:35:20,489 [INFO] [OK] Argentina/ECM_ENSEMBLE_Soy_PRCP/cumulative dia 06 (2026-07-23 → 2026-07-29) 36329 bytes
2026-07-23 09:35:20,909 [INFO] [OK] Argentina/ECM_ENSEMBLE_Soy_PRCP/cumulative dia 07 (2026-07-23 → 2026-07-30) 37045 bytes
2026-07-23 09:35:21,030 [INFO] [OK] Argentina/ECM_ENSEMBLE_Soy_PRCP/cumulative dia 08 (2026-07-23 → 2026-07-31) 37386 bytes
2026-07-23 09:35:21,270 [INFO] [OK] Argentina/ECM_ENSEMBLE_Soy_PRCP/cumulative dia 09 (2026-07-23 → 2026-08-01) 38060 bytes
2026-07-23 09:35:21,619 [INFO] [OK] Argentina/ECM_ENSEMBLE_Soy_PRCP/cumulative dia 10 (2026-07-23 → 2026-08-02) 38012 bytes
2026-07-23 09:35:21,913 [INFO] [OK] Argentina/ECM_ENSEMBLE_Soy_PRCP/cumulative dia 11 (2026-07-23 → 2026-08-03) 38311 bytes
2026-07-23 09:35:22,187 [INFO] [OK] Argentina/ECM_ENSEMBLE_Soy_PRCP/cumulative dia 12 (2026-07-23 → 2026-08-04) 38949 bytes
2026-07-23 09:35:22,308 [INFO] [OK] Argentina/ECM_ENSEMBLE_Corn_Winter_PRCP_DEP/daily dia 00 (2026-07-23 → 2026-07-23) 37633 bytes
2026-07-23 09:35:22,684 [INFO] [OK] Argentina/ECM_ENSEMBLE_Corn_Winter_PRCP_DEP/daily dia 01 (2026-07-24 → 2026-07-24) 40771 bytes
2026-07-23 09:35:22,785 [INFO] [OK] Argentina/ECM_ENSEMBLE_Soy_PRCP/cumulative dia 13 (2026-07-23 → 2026-08-05) 39146 bytes
2026-07-23 09:35:22,787 [INFO] [OK] Argentina/ECM_ENSEMBLE_Soy_PRCP/cumulative dia 14 (2026-07-23 → 2026-08-06) 39338 bytes
2026-07-23 09:35:23,038 [INFO] [OK] Argentina/ECM_ENSEMBLE_Corn_Winter_PRCP_DEP/daily dia 02 (2026-07-25 → 2026-07-25) 39085 bytes
2026-07-23 09:35:23,316 [INFO] [OK] Argentina/ECM_ENSEMBLE_Corn_Winter_PRCP_DEP/daily dia 03 (2026-07-26 → 2026-07-26) 39266 bytes
2026-07-23 09:35:23,375 [INFO] [OK] Argentina/ECM_ENSEMBLE_Corn_Winter_PRCP_DEP/daily dia 04 (2026-07-27 → 2026-07-27) 37304 bytes
2026-07-23 09:35:23,724 [INFO] [OK] Argentina/ECM_ENSEMBLE_Corn_Winter_PRCP_DEP/daily dia 05 (2026-07-28 → 2026-07-28) 34721 bytes
2026-07-23 09:35:23,960 [INFO] [OK] Argentina/ECM_ENSEMBLE_Corn_Winter_PRCP_DEP/daily dia 07 (2026-07-30 → 2026-07-30) 37655 bytes
2026-07-23 09:35:23,988 [INFO] [OK] Argentina/ECM_ENSEMBLE_Corn_Winter_PRCP_DEP/daily dia 06 (2026-07-29 → 2026-07-29) 38709 bytes
2026-07-23 09:35:24,103 [INFO] [OK] Argentina/ECM_ENSEMBLE_Corn_Winter_PRCP_DEP/daily dia 08 (2026-07-31 → 2026-07-31) 40211 bytes
2026-07-23 09:35:24,457 [INFO] [OK] Argentina/ECM_ENSEMBLE_Corn_Winter_PRCP_DEP/daily dia 09 (2026-08-01 → 2026-08-01) 36935 bytes
2026-07-23 09:35:24,519 [INFO] [OK] Argentina/ECM_ENSEMBLE_Corn_Winter_PRCP_DEP/daily dia 10 (2026-08-02 → 2026-08-02) 38219 bytes
2026-07-23 09:35:24,755 [INFO] [OK] Argentina/ECM_ENSEMBLE_Corn_Winter_PRCP_DEP/daily dia 11 (2026-08-03 → 2026-08-03) 38372 bytes
2026-07-23 09:35:25,064 [INFO] [OK] Argentina/ECM_ENSEMBLE_Corn_Winter_PRCP_DEP/daily dia 13 (2026-08-05 → 2026-08-05) 38568 bytes
2026-07-23 09:35:25,094 [INFO] [OK] Argentina/ECM_ENSEMBLE_Corn_Winter_PRCP_DEP/daily dia 12 (2026-08-04 → 2026-08-04) 39160 bytes
2026-07-23 09:35:25,239 [INFO] [OK] Argentina/ECM_ENSEMBLE_Corn_Winter_PRCP_DEP/daily dia 14 (2026-08-06 → 2026-08-06) 40570 bytes
2026-07-23 09:35:25,624 [INFO] [OK] Argentina/ECM_ENSEMBLE_Corn_Winter_PRCP_DEP/cumulative dia 00 (2026-07-23 → 2026-07-23) 37633 bytes
2026-07-23 09:35:25,708 [INFO] [OK] Argentina/ECM_ENSEMBLE_Corn_Winter_PRCP_DEP/cumulative dia 01 (2026-07-23 → 2026-07-24) 39724 bytes
2026-07-23 09:35:25,913 [INFO] [OK] Argentina/ECM_ENSEMBLE_Corn_Winter_PRCP_DEP/cumulative dia 02 (2026-07-23 → 2026-07-25) 40185 bytes
2026-07-23 09:35:26,256 [INFO] [OK] Argentina/ECM_ENSEMBLE_Corn_Winter_PRCP_DEP/cumulative dia 03 (2026-07-23 → 2026-07-26) 40207 bytes
2026-07-23 09:35:26,402 [INFO] [OK] Argentina/ECM_ENSEMBLE_Corn_Winter_PRCP_DEP/cumulative dia 04 (2026-07-23 → 2026-07-27) 41876 bytes
2026-07-23 09:35:26,520 [INFO] [OK] Argentina/ECM_ENSEMBLE_Corn_Winter_PRCP_DEP/cumulative dia 05 (2026-07-23 → 2026-07-28) 41850 bytes
2026-07-23 09:35:26,982 [INFO] [OK] Argentina/ECM_ENSEMBLE_Corn_Winter_PRCP_DEP/cumulative dia 06 (2026-07-23 → 2026-07-29) 41382 bytes
2026-07-23 09:35:27,603 [INFO] [OK] Argentina/ECM_ENSEMBLE_Corn_Winter_PRCP_DEP/cumulative dia 07 (2026-07-23 → 2026-07-30) 41484 bytes
2026-07-23 09:35:27,817 [INFO] [OK] Argentina/ECM_ENSEMBLE_Corn_Winter_PRCP_DEP/cumulative dia 08 (2026-07-23 → 2026-07-31) 40543 bytes
2026-07-23 09:35:27,842 [INFO] [OK] Argentina/ECM_ENSEMBLE_Corn_Winter_PRCP_DEP/cumulative dia 09 (2026-07-23 → 2026-08-01) 39567 bytes
2026-07-23 09:35:27,979 [INFO] [OK] Argentina/ECM_ENSEMBLE_Corn_Winter_PRCP_DEP/cumulative dia 10 (2026-07-23 → 2026-08-02) 39171 bytes
2026-07-23 09:35:28,303 [INFO] [OK] Argentina/ECM_ENSEMBLE_Corn_Winter_PRCP_DEP/cumulative dia 11 (2026-07-23 → 2026-08-03) 39289 bytes
2026-07-23 09:35:29,138 [INFO] [OK] Argentina/ECM_ENSEMBLE_Corn_Winter_PRCP/daily dia 00 (2026-07-23 → 2026-07-23) 26573 bytes
2026-07-23 09:35:29,302 [INFO] [OK] Argentina/ECM_ENSEMBLE_Corn_Winter_PRCP/daily dia 01 (2026-07-24 → 2026-07-24) 27370 bytes
2026-07-23 09:35:29,710 [INFO] [OK] Argentina/ECM_ENSEMBLE_Corn_Winter_PRCP_DEP/cumulative dia 12 (2026-07-23 → 2026-08-04) 39278 bytes
2026-07-23 09:35:29,855 [INFO] [OK] Argentina/ECM_ENSEMBLE_Corn_Winter_PRCP/daily dia 02 (2026-07-25 → 2026-07-25) 26311 bytes
2026-07-23 09:35:30,130 [INFO] [OK] Argentina/ECM_ENSEMBLE_Corn_Winter_PRCP_DEP/cumulative dia 13 (2026-07-23 → 2026-08-05) 39132 bytes
2026-07-23 09:35:30,189 [INFO] [OK] Argentina/ECM_ENSEMBLE_Corn_Winter_PRCP/daily dia 03 (2026-07-26 → 2026-07-26) 26721 bytes
2026-07-23 09:35:30,260 [INFO] [OK] Argentina/ECM_ENSEMBLE_Corn_Winter_PRCP_DEP/cumulative dia 14 (2026-07-23 → 2026-08-06) 39073 bytes
2026-07-23 09:35:30,316 [INFO] [OK] Argentina/ECM_ENSEMBLE_Corn_Winter_PRCP/daily dia 04 (2026-07-27 → 2026-07-27) 26816 bytes
2026-07-23 09:35:30,939 [INFO] [OK] Argentina/ECM_ENSEMBLE_Corn_Winter_PRCP/daily dia 06 (2026-07-29 → 2026-07-29) 28149 bytes
2026-07-23 09:35:30,940 [INFO] [OK] Argentina/ECM_ENSEMBLE_Corn_Winter_PRCP/daily dia 05 (2026-07-28 → 2026-07-28) 27805 bytes
2026-07-23 09:35:31,158 [INFO] [OK] Argentina/ECM_ENSEMBLE_Corn_Winter_PRCP/daily dia 07 (2026-07-30 → 2026-07-30) 27241 bytes
2026-07-23 09:35:31,225 [INFO] [OK] Argentina/ECM_ENSEMBLE_Corn_Winter_PRCP/daily dia 08 (2026-07-31 → 2026-07-31) 27863 bytes
2026-07-23 09:35:31,256 [INFO] [OK] Argentina/ECM_ENSEMBLE_Corn_Winter_PRCP/daily dia 09 (2026-08-01 → 2026-08-01) 29275 bytes
2026-07-23 09:35:31,332 [INFO] [OK] Argentina/ECM_ENSEMBLE_Corn_Winter_PRCP/daily dia 10 (2026-08-02 → 2026-08-02) 28239 bytes
2026-07-23 09:35:31,992 [INFO] [OK] Argentina/ECM_ENSEMBLE_Corn_Winter_PRCP/daily dia 11 (2026-08-03 → 2026-08-03) 27833 bytes
2026-07-23 09:35:31,997 [INFO] [OK] Argentina/ECM_ENSEMBLE_Corn_Winter_PRCP/daily dia 12 (2026-08-04 → 2026-08-04) 27565 bytes
2026-07-23 09:35:32,135 [INFO] [OK] Argentina/ECM_ENSEMBLE_Corn_Winter_PRCP/daily dia 13 (2026-08-05 → 2026-08-05) 27630 bytes
2026-07-23 09:35:32,210 [INFO] [OK] Argentina/ECM_ENSEMBLE_Corn_Winter_PRCP/daily dia 14 (2026-08-06 → 2026-08-06) 27004 bytes
2026-07-23 09:35:32,295 [INFO] [OK] Argentina/ECM_ENSEMBLE_Corn_Winter_PRCP/cumulative dia 00 (2026-07-23 → 2026-07-23) 26573 bytes
2026-07-23 09:35:32,370 [INFO] [OK] Argentina/ECM_ENSEMBLE_Corn_Winter_PRCP/cumulative dia 01 (2026-07-23 → 2026-07-24) 29099 bytes
2026-07-23 09:35:33,096 [INFO] [OK] Argentina/ECM_ENSEMBLE_Corn_Winter_PRCP/cumulative dia 03 (2026-07-23 → 2026-07-26) 31305 bytes
2026-07-23 09:35:33,148 [INFO] [OK] Argentina/ECM_ENSEMBLE_Corn_Winter_PRCP/cumulative dia 02 (2026-07-23 → 2026-07-25) 30272 bytes
2026-07-23 09:35:33,410 [INFO] [OK] Argentina/ECM_ENSEMBLE_Corn_Winter_PRCP/cumulative dia 05 (2026-07-23 → 2026-07-28) 33545 bytes
2026-07-23 09:35:33,624 [INFO] [OK] Argentina/ECM_ENSEMBLE_Corn_Winter_PRCP/cumulative dia 06 (2026-07-23 → 2026-07-29) 34364 bytes
2026-07-23 09:35:33,648 [INFO] [OK] Argentina/ECM_ENSEMBLE_Corn_Winter_PRCP/cumulative dia 04 (2026-07-23 → 2026-07-27) 32744 bytes
2026-07-23 09:35:33,914 [INFO] [OK] Argentina/ECM_ENSEMBLE_Corn_Winter_PRCP/cumulative dia 07 (2026-07-23 → 2026-07-30) 35080 bytes
2026-07-23 09:35:34,495 [INFO] [OK] Argentina/ECM_ENSEMBLE_Corn_Winter_PRCP/cumulative dia 08 (2026-07-23 → 2026-07-31) 35606 bytes
2026-07-23 09:35:34,663 [INFO] [OK] Argentina/ECM_ENSEMBLE_Corn_Winter_PRCP/cumulative dia 09 (2026-07-23 → 2026-08-01) 36277 bytes
2026-07-23 09:35:34,923 [INFO] [OK] Argentina/ECM_ENSEMBLE_Corn_Winter_PRCP/cumulative dia 10 (2026-07-23 → 2026-08-02) 36349 bytes
2026-07-23 09:35:35,215 [INFO] [OK] Argentina/ECM_ENSEMBLE_Corn_Winter_PRCP/cumulative dia 11 (2026-07-23 → 2026-08-03) 36488 bytes
2026-07-23 09:35:35,326 [INFO] [OK] Argentina/ECM_ENSEMBLE_Corn_Winter_PRCP/cumulative dia 12 (2026-07-23 → 2026-08-04) 37174 bytes
2026-07-23 09:35:35,550 [INFO] [OK] Argentina/ECM_ENSEMBLE_Corn_Winter_PRCP/cumulative dia 13 (2026-07-23 → 2026-08-05) 37264 bytes
2026-07-23 09:35:36,133 [INFO] [OK] Argentina/ECM_ENSEMBLE_Corn_Winter_PRCP/cumulative dia 14 (2026-07-23 → 2026-08-06) 37368 bytes
2026-07-23 09:35:36,282 [INFO] [OK] USA/GFS_ENSEMBLE_Corn_PRCP_DEP/daily dia 00 (2026-07-23 → 2026-07-23) 49989 bytes
2026-07-23 09:35:36,538 [INFO] [OK] USA/GFS_ENSEMBLE_Corn_PRCP_DEP/daily dia 01 (2026-07-24 → 2026-07-24) 48184 bytes
2026-07-23 09:35:36,906 [INFO] [OK] USA/GFS_ENSEMBLE_Corn_PRCP_DEP/daily dia 02 (2026-07-25 → 2026-07-25) 51770 bytes
2026-07-23 09:35:36,958 [INFO] [OK] USA/GFS_ENSEMBLE_Corn_PRCP_DEP/daily dia 03 (2026-07-26 → 2026-07-26) 50826 bytes
2026-07-23 09:35:37,163 [INFO] [OK] USA/GFS_ENSEMBLE_Corn_PRCP_DEP/daily dia 04 (2026-07-27 → 2026-07-27) 51274 bytes
2026-07-23 09:35:37,801 [INFO] [OK] USA/GFS_ENSEMBLE_Corn_PRCP_DEP/daily dia 05 (2026-07-28 → 2026-07-28) 50840 bytes
2026-07-23 09:35:37,930 [INFO] [OK] USA/GFS_ENSEMBLE_Corn_PRCP_DEP/daily dia 06 (2026-07-29 → 2026-07-29) 55261 bytes
2026-07-23 09:35:38,164 [INFO] [OK] USA/GFS_ENSEMBLE_Corn_PRCP_DEP/daily dia 07 (2026-07-30 → 2026-07-30) 56456 bytes
2026-07-23 09:35:38,532 [INFO] [OK] USA/GFS_ENSEMBLE_Corn_PRCP_DEP/daily dia 08 (2026-07-31 → 2026-07-31) 56406 bytes
2026-07-23 09:35:38,623 [INFO] [OK] USA/GFS_ENSEMBLE_Corn_PRCP_DEP/daily dia 09 (2026-08-01 → 2026-08-01) 58443 bytes
2026-07-23 09:35:38,855 [INFO] [OK] USA/GFS_ENSEMBLE_Corn_PRCP_DEP/daily dia 10 (2026-08-02 → 2026-08-02) 58418 bytes
2026-07-23 09:35:39,452 [INFO] [OK] USA/GFS_ENSEMBLE_Corn_PRCP_DEP/daily dia 11 (2026-08-03 → 2026-08-03) 56496 bytes
2026-07-23 09:35:39,614 [INFO] [OK] USA/GFS_ENSEMBLE_Corn_PRCP_DEP/daily dia 12 (2026-08-04 → 2026-08-04) 58087 bytes
2026-07-23 09:35:39,909 [INFO] [OK] USA/GFS_ENSEMBLE_Corn_PRCP_DEP/daily dia 13 (2026-08-05 → 2026-08-05) 58918 bytes
2026-07-23 09:35:40,200 [INFO] [OK] USA/GFS_ENSEMBLE_Corn_PRCP_DEP/cumulative dia 00 (2026-07-23 → 2026-07-23) 49989 bytes
2026-07-23 09:35:40,215 [INFO] [OK] USA/GFS_ENSEMBLE_Corn_PRCP_DEP/daily dia 14 (2026-08-06 → 2026-08-06) 59064 bytes
2026-07-23 09:35:40,980 [INFO] [OK] USA/GFS_ENSEMBLE_Corn_PRCP_DEP/cumulative dia 01 (2026-07-23 → 2026-07-24) 54536 bytes
2026-07-23 09:35:41,426 [INFO] [OK] USA/GFS_ENSEMBLE_Corn_PRCP_DEP/cumulative dia 02 (2026-07-23 → 2026-07-25) 56953 bytes
2026-07-23 09:35:41,627 [INFO] [OK] USA/GFS_ENSEMBLE_Corn_PRCP_DEP/cumulative dia 03 (2026-07-23 → 2026-07-26) 57953 bytes
2026-07-23 09:35:43,003 [INFO] [OK] USA/GFS_ENSEMBLE_Corn_PRCP_DEP/cumulative dia 05 (2026-07-23 → 2026-07-28) 58123 bytes
2026-07-23 09:35:43,073 [INFO] [OK] USA/GFS_ENSEMBLE_Corn_PRCP_DEP/cumulative dia 06 (2026-07-23 → 2026-07-29) 57595 bytes
2026-07-23 09:35:43,093 [INFO] [OK] USA/GFS_ENSEMBLE_Corn_PRCP_DEP/cumulative dia 04 (2026-07-23 → 2026-07-27) 58612 bytes
2026-07-23 09:35:43,322 [INFO] [OK] USA/GFS_ENSEMBLE_Corn_PRCP_DEP/cumulative dia 07 (2026-07-23 → 2026-07-30) 57142 bytes
2026-07-23 09:35:43,852 [INFO] [OK] USA/GFS_ENSEMBLE_Corn_PRCP_DEP/cumulative dia 08 (2026-07-23 → 2026-07-31) 57306 bytes
2026-07-23 09:35:44,077 [INFO] [OK] USA/GFS_ENSEMBLE_Corn_PRCP_DEP/cumulative dia 09 (2026-07-23 → 2026-08-01) 57626 bytes
2026-07-23 09:35:45,973 [INFO] [OK] USA/GFS_ENSEMBLE_Corn_PRCP/daily dia 00 (2026-07-23 → 2026-07-23) 37291 bytes
2026-07-23 09:35:46,240 [INFO] [OK] USA/GFS_ENSEMBLE_Corn_PRCP_DEP/cumulative dia 10 (2026-07-23 → 2026-08-02) 57215 bytes
2026-07-23 09:35:46,259 [INFO] [OK] USA/GFS_ENSEMBLE_Corn_PRCP_DEP/cumulative dia 11 (2026-07-23 → 2026-08-03) 56991 bytes
2026-07-23 09:35:46,435 [INFO] [OK] USA/GFS_ENSEMBLE_Corn_PRCP_DEP/cumulative dia 12 (2026-07-23 → 2026-08-04) 56551 bytes
2026-07-23 09:35:46,509 [INFO] [OK] USA/GFS_ENSEMBLE_Corn_PRCP_DEP/cumulative dia 13 (2026-07-23 → 2026-08-05) 56842 bytes
2026-07-23 09:35:47,204 [INFO] [OK] USA/GFS_ENSEMBLE_Corn_PRCP_DEP/cumulative dia 14 (2026-07-23 → 2026-08-06) 56682 bytes
2026-07-23 09:35:47,593 [INFO] [OK] USA/GFS_ENSEMBLE_Corn_PRCP/daily dia 01 (2026-07-24 → 2026-07-24) 35972 bytes
2026-07-23 09:35:47,803 [INFO] [OK] USA/GFS_ENSEMBLE_Corn_PRCP/daily dia 03 (2026-07-26 → 2026-07-26) 34774 bytes
2026-07-23 09:35:47,829 [INFO] [OK] USA/GFS_ENSEMBLE_Corn_PRCP/daily dia 02 (2026-07-25 → 2026-07-25) 35447 bytes
2026-07-23 09:35:48,073 [INFO] [OK] USA/GFS_ENSEMBLE_Corn_PRCP/daily dia 04 (2026-07-27 → 2026-07-27) 35466 bytes
2026-07-23 09:35:48,199 [INFO] [OK] USA/GFS_ENSEMBLE_Corn_PRCP/daily dia 05 (2026-07-28 → 2026-07-28) 35481 bytes
2026-07-23 09:35:48,682 [INFO] [OK] USA/GFS_ENSEMBLE_Corn_PRCP/daily dia 06 (2026-07-29 → 2026-07-29) 36275 bytes
2026-07-23 09:35:49,226 [INFO] [OK] USA/GFS_ENSEMBLE_Corn_PRCP/daily dia 07 (2026-07-30 → 2026-07-30) 35368 bytes
2026-07-23 09:35:49,302 [INFO] [OK] USA/GFS_ENSEMBLE_Corn_PRCP/daily dia 08 (2026-07-31 → 2026-07-31) 35166 bytes
2026-07-23 09:35:49,500 [INFO] [OK] USA/GFS_ENSEMBLE_Corn_PRCP/daily dia 09 (2026-08-01 → 2026-08-01) 35408 bytes
2026-07-23 09:35:49,644 [INFO] [OK] USA/GFS_ENSEMBLE_Corn_PRCP/daily dia 10 (2026-08-02 → 2026-08-02) 35727 bytes
2026-07-23 09:35:49,756 [INFO] [OK] USA/GFS_ENSEMBLE_Corn_PRCP/daily dia 11 (2026-08-03 → 2026-08-03) 35227 bytes
2026-07-23 09:35:50,182 [INFO] [OK] USA/GFS_ENSEMBLE_Corn_PRCP/daily dia 12 (2026-08-04 → 2026-08-04) 35959 bytes
2026-07-23 09:35:50,768 [INFO] [OK] USA/GFS_ENSEMBLE_Corn_PRCP/daily dia 13 (2026-08-05 → 2026-08-05) 36373 bytes
2026-07-23 09:35:50,899 [INFO] [OK] USA/GFS_ENSEMBLE_Corn_PRCP/daily dia 14 (2026-08-06 → 2026-08-06) 36227 bytes
2026-07-23 09:35:51,052 [INFO] [OK] USA/GFS_ENSEMBLE_Corn_PRCP/cumulative dia 00 (2026-07-23 → 2026-07-23) 37291 bytes
2026-07-23 09:35:51,405 [INFO] [OK] USA/GFS_ENSEMBLE_Corn_PRCP/cumulative dia 01 (2026-07-23 → 2026-07-24) 40156 bytes
2026-07-23 09:35:51,547 [INFO] [OK] USA/GFS_ENSEMBLE_Corn_PRCP/cumulative dia 02 (2026-07-23 → 2026-07-25) 41406 bytes
2026-07-23 09:35:52,222 [INFO] [OK] USA/GFS_ENSEMBLE_Corn_PRCP/cumulative dia 03 (2026-07-23 → 2026-07-26) 42197 bytes
2026-07-23 09:35:52,813 [INFO] [OK] USA/GFS_ENSEMBLE_Corn_PRCP/cumulative dia 04 (2026-07-23 → 2026-07-27) 43632 bytes
2026-07-23 09:35:53,096 [INFO] [OK] USA/GFS_ENSEMBLE_Corn_PRCP/cumulative dia 05 (2026-07-23 → 2026-07-28) 44718 bytes
2026-07-23 09:35:53,318 [INFO] [OK] USA/GFS_ENSEMBLE_Corn_PRCP/cumulative dia 06 (2026-07-23 → 2026-07-29) 45574 bytes
2026-07-23 09:35:53,939 [INFO] [OK] USA/GFS_ENSEMBLE_Corn_PRCP/cumulative dia 07 (2026-07-23 → 2026-07-30) 46230 bytes
2026-07-23 09:35:54,124 [INFO] [OK] USA/GFS_ENSEMBLE_Corn_PRCP/cumulative dia 08 (2026-07-23 → 2026-07-31) 46737 bytes
2026-07-23 09:35:54,718 [INFO] [OK] USA/GFS_ENSEMBLE_Corn_PRCP/cumulative dia 09 (2026-07-23 → 2026-08-01) 47036 bytes
2026-07-23 09:35:55,688 [INFO] [OK] USA/GFS_ENSEMBLE_Corn_PRCP/cumulative dia 10 (2026-07-23 → 2026-08-02) 48110 bytes
2026-07-23 09:35:56,011 [INFO] [OK] USA/GFS_ENSEMBLE_Corn_PRCP/cumulative dia 11 (2026-07-23 → 2026-08-03) 48323 bytes
2026-07-23 09:35:56,156 [INFO] [OK] USA/GFS_ENSEMBLE_Corn_PRCP/cumulative dia 12 (2026-07-23 → 2026-08-04) 48638 bytes
2026-07-23 09:35:56,304 [INFO] [OK] USA/GFS_ENSEMBLE_Soy_PRCP_DEP/daily dia 00 (2026-07-23 → 2026-07-23) 49375 bytes
2026-07-23 09:35:57,310 [INFO] [OK] USA/GFS_ENSEMBLE_Corn_PRCP/cumulative dia 14 (2026-07-23 → 2026-08-06) 50006 bytes
2026-07-23 09:35:57,315 [INFO] [OK] USA/GFS_ENSEMBLE_Soy_PRCP_DEP/daily dia 01 (2026-07-24 → 2026-07-24) 47967 bytes
2026-07-23 09:35:58,063 [INFO] [OK] USA/GFS_ENSEMBLE_Soy_PRCP_DEP/daily dia 02 (2026-07-25 → 2026-07-25) 51375 bytes
2026-07-23 09:35:58,068 [INFO] [OK] USA/GFS_ENSEMBLE_Corn_PRCP/cumulative dia 13 (2026-07-23 → 2026-08-05) 49389 bytes
2026-07-23 09:35:58,074 [INFO] [OK] USA/GFS_ENSEMBLE_Soy_PRCP_DEP/daily dia 03 (2026-07-26 → 2026-07-26) 50264 bytes
2026-07-23 09:35:58,076 [INFO] [OK] USA/GFS_ENSEMBLE_Soy_PRCP_DEP/daily dia 04 (2026-07-27 → 2026-07-27) 50885 bytes
2026-07-23 09:35:59,118 [INFO] [OK] USA/GFS_ENSEMBLE_Soy_PRCP_DEP/daily dia 06 (2026-07-29 → 2026-07-29) 54920 bytes
2026-07-23 09:35:59,123 [INFO] [OK] USA/GFS_ENSEMBLE_Soy_PRCP_DEP/daily dia 05 (2026-07-28 → 2026-07-28) 50439 bytes
2026-07-23 09:35:59,734 [INFO] [OK] USA/GFS_ENSEMBLE_Soy_PRCP_DEP/daily dia 10 (2026-08-02 → 2026-08-02) 58013 bytes
2026-07-23 09:35:59,898 [INFO] [OK] USA/GFS_ENSEMBLE_Soy_PRCP_DEP/daily dia 07 (2026-07-30 → 2026-07-30) 56083 bytes
2026-07-23 09:36:00,005 [INFO] [OK] USA/GFS_ENSEMBLE_Soy_PRCP_DEP/daily dia 08 (2026-07-31 → 2026-07-31) 55936 bytes
2026-07-23 09:36:00,054 [INFO] [OK] USA/GFS_ENSEMBLE_Soy_PRCP_DEP/daily dia 09 (2026-08-01 → 2026-08-01) 58023 bytes
2026-07-23 09:36:00,927 [INFO] [OK] USA/GFS_ENSEMBLE_Soy_PRCP_DEP/daily dia 11 (2026-08-03 → 2026-08-03) 56423 bytes
2026-07-23 09:36:00,929 [INFO] [OK] USA/GFS_ENSEMBLE_Soy_PRCP_DEP/daily dia 12 (2026-08-04 → 2026-08-04) 57719 bytes
2026-07-23 09:36:01,440 [INFO] [OK] USA/GFS_ENSEMBLE_Soy_PRCP_DEP/daily dia 13 (2026-08-05 → 2026-08-05) 58544 bytes
2026-07-23 09:36:01,938 [INFO] [OK] USA/GFS_ENSEMBLE_Soy_PRCP_DEP/cumulative dia 01 (2026-07-23 → 2026-07-24) 54251 bytes
2026-07-23 09:36:01,992 [INFO] [OK] USA/GFS_ENSEMBLE_Soy_PRCP_DEP/daily dia 14 (2026-08-06 → 2026-08-06) 58944 bytes
2026-07-23 09:36:02,153 [INFO] [OK] USA/GFS_ENSEMBLE_Soy_PRCP_DEP/cumulative dia 00 (2026-07-23 → 2026-07-23) 49375 bytes
2026-07-23 09:36:02,710 [INFO] [OK] USA/GFS_ENSEMBLE_Soy_PRCP_DEP/cumulative dia 02 (2026-07-23 → 2026-07-25) 56639 bytes
2026-07-23 09:36:03,053 [INFO] [OK] USA/GFS_ENSEMBLE_Soy_PRCP_DEP/cumulative dia 03 (2026-07-23 → 2026-07-26) 57594 bytes
2026-07-23 09:36:03,469 [INFO] [OK] USA/GFS_ENSEMBLE_Soy_PRCP_DEP/cumulative dia 04 (2026-07-23 → 2026-07-27) 58510 bytes
2026-07-23 09:36:04,202 [INFO] [OK] USA/GFS_ENSEMBLE_Soy_PRCP_DEP/cumulative dia 05 (2026-07-23 → 2026-07-28) 57889 bytes
2026-07-23 09:36:04,207 [INFO] [OK] USA/GFS_ENSEMBLE_Soy_PRCP_DEP/cumulative dia 06 (2026-07-23 → 2026-07-29) 57544 bytes
2026-07-23 09:36:04,501 [INFO] [OK] USA/GFS_ENSEMBLE_Soy_PRCP_DEP/cumulative dia 07 (2026-07-23 → 2026-07-30) 57028 bytes
2026-07-23 09:36:05,196 [INFO] [OK] USA/GFS_ENSEMBLE_Soy_PRCP_DEP/cumulative dia 08 (2026-07-23 → 2026-07-31) 57128 bytes
2026-07-23 09:36:05,636 [INFO] [OK] USA/GFS_ENSEMBLE_Soy_PRCP_DEP/cumulative dia 09 (2026-07-23 → 2026-08-01) 57450 bytes
2026-07-23 09:36:06,167 [INFO] [OK] USA/GFS_ENSEMBLE_Soy_PRCP_DEP/cumulative dia 10 (2026-07-23 → 2026-08-02) 57313 bytes
2026-07-23 09:36:07,023 [INFO] [OK] USA/GFS_ENSEMBLE_Soy_PRCP_DEP/cumulative dia 12 (2026-07-23 → 2026-08-04) 56402 bytes
2026-07-23 09:36:07,100 [INFO] [OK] USA/GFS_ENSEMBLE_Soy_PRCP_DEP/cumulative dia 11 (2026-07-23 → 2026-08-03) 56924 bytes
2026-07-23 09:36:07,213 [INFO] [OK] USA/GFS_ENSEMBLE_Soy_PRCP/daily dia 00 (2026-07-23 → 2026-07-23) 36841 bytes
2026-07-23 09:36:07,433 [INFO] [OK] USA/GFS_ENSEMBLE_Soy_PRCP_DEP/cumulative dia 13 (2026-07-23 → 2026-08-05) 56574 bytes
2026-07-23 09:36:07,673 [INFO] [OK] USA/GFS_ENSEMBLE_Soy_PRCP/daily dia 01 (2026-07-24 → 2026-07-24) 35576 bytes
2026-07-23 09:36:08,148 [INFO] [OK] USA/GFS_ENSEMBLE_Soy_PRCP_DEP/cumulative dia 14 (2026-07-23 → 2026-08-06) 56330 bytes
2026-07-23 09:36:08,583 [INFO] [OK] USA/GFS_ENSEMBLE_Soy_PRCP/daily dia 02 (2026-07-25 → 2026-07-25) 34920 bytes
2026-07-23 09:36:08,682 [INFO] [OK] USA/GFS_ENSEMBLE_Soy_PRCP/daily dia 03 (2026-07-26 → 2026-07-26) 34246 bytes
2026-07-23 09:36:09,126 [INFO] [OK] USA/GFS_ENSEMBLE_Soy_PRCP/daily dia 04 (2026-07-27 → 2026-07-27) 34941 bytes
2026-07-23 09:36:09,130 [INFO] [OK] USA/GFS_ENSEMBLE_Soy_PRCP/daily dia 05 (2026-07-28 → 2026-07-28) 35059 bytes
2026-07-23 09:36:09,273 [INFO] [OK] USA/GFS_ENSEMBLE_Soy_PRCP/daily dia 06 (2026-07-29 → 2026-07-29) 35837 bytes
2026-07-23 09:36:09,643 [INFO] [OK] USA/GFS_ENSEMBLE_Soy_PRCP/daily dia 07 (2026-07-30 → 2026-07-30) 34785 bytes
2026-07-23 09:36:10,123 [INFO] [OK] USA/GFS_ENSEMBLE_Soy_PRCP/daily dia 08 (2026-07-31 → 2026-07-31) 34728 bytes
2026-07-23 09:36:10,205 [INFO] [OK] USA/GFS_ENSEMBLE_Soy_PRCP/daily dia 09 (2026-08-01 → 2026-08-01) 35003 bytes
2026-07-23 09:36:10,709 [INFO] [OK] USA/GFS_ENSEMBLE_Soy_PRCP/daily dia 10 (2026-08-02 → 2026-08-02) 35359 bytes
2026-07-23 09:36:10,909 [INFO] [OK] USA/GFS_ENSEMBLE_Soy_PRCP/daily dia 12 (2026-08-04 → 2026-08-04) 35442 bytes
2026-07-23 09:36:11,009 [INFO] [OK] USA/GFS_ENSEMBLE_Soy_PRCP/daily dia 11 (2026-08-03 → 2026-08-03) 34804 bytes
2026-07-23 09:36:11,123 [INFO] [OK] USA/GFS_ENSEMBLE_Soy_PRCP/daily dia 13 (2026-08-05 → 2026-08-05) 35967 bytes
2026-07-23 09:36:11,611 [INFO] [OK] USA/GFS_ENSEMBLE_Soy_PRCP/daily dia 14 (2026-08-06 → 2026-08-06) 35844 bytes
2026-07-23 09:36:11,694 [INFO] [OK] USA/GFS_ENSEMBLE_Soy_PRCP/cumulative dia 00 (2026-07-23 → 2026-07-23) 36841 bytes
2026-07-23 09:36:12,324 [INFO] [OK] USA/GFS_ENSEMBLE_Soy_PRCP/cumulative dia 01 (2026-07-23 → 2026-07-24) 39723 bytes
2026-07-23 09:36:12,611 [INFO] [OK] USA/GFS_ENSEMBLE_Soy_PRCP/cumulative dia 02 (2026-07-23 → 2026-07-25) 41086 bytes
2026-07-23 09:36:12,877 [INFO] [OK] USA/GFS_ENSEMBLE_Soy_PRCP/cumulative dia 03 (2026-07-23 → 2026-07-26) 41887 bytes
2026-07-23 09:36:13,137 [INFO] [OK] USA/GFS_ENSEMBLE_Soy_PRCP/cumulative dia 04 (2026-07-23 → 2026-07-27) 43406 bytes
2026-07-23 09:36:13,608 [INFO] [OK] USA/GFS_ENSEMBLE_Soy_PRCP/cumulative dia 05 (2026-07-23 → 2026-07-28) 44437 bytes
2026-07-23 09:36:14,029 [INFO] [OK] USA/GFS_ENSEMBLE_Soy_PRCP/cumulative dia 06 (2026-07-23 → 2026-07-29) 45249 bytes
2026-07-23 09:36:14,750 [INFO] [OK] USA/GFS_ENSEMBLE_Soy_PRCP/cumulative dia 07 (2026-07-23 → 2026-07-30) 45918 bytes
2026-07-23 09:36:14,990 [INFO] [OK] USA/GFS_ENSEMBLE_Soy_PRCP/cumulative dia 08 (2026-07-23 → 2026-07-31) 46495 bytes
2026-07-23 09:36:15,319 [INFO] [OK] USA/GFS_ENSEMBLE_Soy_PRCP/cumulative dia 09 (2026-07-23 → 2026-08-01) 46794 bytes
2026-07-23 09:36:15,697 [INFO] [OK] USA/GFS_ENSEMBLE_Soy_PRCP/cumulative dia 10 (2026-07-23 → 2026-08-02) 47718 bytes
2026-07-23 09:36:16,410 [INFO] [OK] USA/GFS_ENSEMBLE_Soy_PRCP/cumulative dia 11 (2026-07-23 → 2026-08-03) 47940 bytes
2026-07-23 09:36:16,859 [INFO] [OK] USA/GFS_ENSEMBLE_Soy_PRCP/cumulative dia 12 (2026-07-23 → 2026-08-04) 48210 bytes
2026-07-23 09:36:16,978 [INFO] [OK] USA/GFS_ENSEMBLE_Wheat_Winter_PRCP_DEP/daily dia 00 (2026-07-23 → 2026-07-23) 51029 bytes
2026-07-23 09:36:17,428 [INFO] [OK] USA/GFS_ENSEMBLE_Wheat_Winter_PRCP_DEP/daily dia 01 (2026-07-24 → 2026-07-24) 49230 bytes
2026-07-23 09:36:17,556 [INFO] [OK] USA/GFS_ENSEMBLE_Soy_PRCP/cumulative dia 13 (2026-07-23 → 2026-08-05) 48873 bytes
2026-07-23 09:36:17,917 [INFO] [OK] USA/GFS_ENSEMBLE_Soy_PRCP/cumulative dia 14 (2026-07-23 → 2026-08-06) 49385 bytes
2026-07-23 09:36:18,123 [INFO] [OK] USA/GFS_ENSEMBLE_Wheat_Winter_PRCP_DEP/daily dia 02 (2026-07-25 → 2026-07-25) 53259 bytes
2026-07-23 09:36:18,497 [INFO] [OK] USA/GFS_ENSEMBLE_Wheat_Winter_PRCP_DEP/daily dia 03 (2026-07-26 → 2026-07-26) 51975 bytes
2026-07-23 09:36:18,582 [INFO] [OK] USA/GFS_ENSEMBLE_Wheat_Winter_PRCP_DEP/daily dia 04 (2026-07-27 → 2026-07-27) 52431 bytes
2026-07-23 09:36:19,755 [INFO] [OK] USA/GFS_ENSEMBLE_Wheat_Winter_PRCP_DEP/daily dia 07 (2026-07-30 → 2026-07-30) 57831 bytes
2026-07-23 09:36:19,757 [INFO] [OK] USA/GFS_ENSEMBLE_Wheat_Winter_PRCP_DEP/daily dia 06 (2026-07-29 → 2026-07-29) 56916 bytes
2026-07-23 09:36:19,761 [INFO] [OK] USA/GFS_ENSEMBLE_Wheat_Winter_PRCP_DEP/daily dia 05 (2026-07-28 → 2026-07-28) 52146 bytes
2026-07-23 09:36:19,873 [INFO] [OK] USA/GFS_ENSEMBLE_Wheat_Winter_PRCP_DEP/daily dia 08 (2026-07-31 → 2026-07-31) 57579 bytes
2026-07-23 09:36:20,620 [INFO] [OK] USA/GFS_ENSEMBLE_Wheat_Winter_PRCP_DEP/daily dia 09 (2026-08-01 → 2026-08-01) 59595 bytes
2026-07-23 09:36:20,694 [INFO] [OK] USA/GFS_ENSEMBLE_Wheat_Winter_PRCP_DEP/daily dia 10 (2026-08-02 → 2026-08-02) 59632 bytes
2026-07-23 09:36:21,434 [INFO] [OK] USA/GFS_ENSEMBLE_Wheat_Winter_PRCP_DEP/daily dia 13 (2026-08-05 → 2026-08-05) 59811 bytes
2026-07-23 09:36:21,442 [INFO] [OK] USA/GFS_ENSEMBLE_Wheat_Winter_PRCP_DEP/daily dia 12 (2026-08-04 → 2026-08-04) 59524 bytes
2026-07-23 09:36:21,540 [INFO] [OK] USA/GFS_ENSEMBLE_Wheat_Winter_PRCP_DEP/daily dia 14 (2026-08-06 → 2026-08-06) 59981 bytes
2026-07-23 09:36:21,785 [INFO] [OK] USA/GFS_ENSEMBLE_Wheat_Winter_PRCP_DEP/daily dia 11 (2026-08-03 → 2026-08-03) 58025 bytes
2026-07-23 09:36:22,233 [INFO] [OK] USA/GFS_ENSEMBLE_Wheat_Winter_PRCP_DEP/cumulative dia 00 (2026-07-23 → 2026-07-23) 51029 bytes
2026-07-23 09:36:22,463 [INFO] [OK] USA/GFS_ENSEMBLE_Wheat_Winter_PRCP_DEP/cumulative dia 01 (2026-07-23 → 2026-07-24) 55515 bytes
2026-07-23 09:36:23,237 [INFO] [OK] USA/GFS_ENSEMBLE_Wheat_Winter_PRCP_DEP/cumulative dia 02 (2026-07-23 → 2026-07-25) 58263 bytes
2026-07-23 09:36:23,478 [INFO] [OK] USA/GFS_ENSEMBLE_Wheat_Winter_PRCP_DEP/cumulative dia 03 (2026-07-23 → 2026-07-26) 59215 bytes
2026-07-23 09:36:23,584 [INFO] [OK] USA/GFS_ENSEMBLE_Wheat_Winter_PRCP_DEP/cumulative dia 04 (2026-07-23 → 2026-07-27) 59455 bytes
2026-07-23 09:36:23,952 [INFO] [OK] USA/GFS_ENSEMBLE_Wheat_Winter_PRCP_DEP/cumulative dia 05 (2026-07-23 → 2026-07-28) 59546 bytes
2026-07-23 09:36:24,384 [INFO] [OK] USA/GFS_ENSEMBLE_Wheat_Winter_PRCP_DEP/cumulative dia 06 (2026-07-23 → 2026-07-29) 59150 bytes
2026-07-23 09:36:24,788 [INFO] [OK] USA/GFS_ENSEMBLE_Wheat_Winter_PRCP_DEP/cumulative dia 07 (2026-07-23 → 2026-07-30) 58744 bytes
2026-07-23 09:36:25,635 [INFO] [OK] USA/GFS_ENSEMBLE_Wheat_Winter_PRCP_DEP/cumulative dia 08 (2026-07-23 → 2026-07-31) 58934 bytes
2026-07-23 09:36:26,062 [INFO] [OK] USA/GFS_ENSEMBLE_Wheat_Winter_PRCP_DEP/cumulative dia 09 (2026-07-23 → 2026-08-01) 59069 bytes
2026-07-23 09:36:26,291 [INFO] [OK] USA/GFS_ENSEMBLE_Wheat_Winter_PRCP_DEP/cumulative dia 10 (2026-07-23 → 2026-08-02) 58686 bytes
2026-07-23 09:36:26,673 [INFO] [OK] USA/GFS_ENSEMBLE_Wheat_Winter_PRCP_DEP/cumulative dia 11 (2026-07-23 → 2026-08-03) 58474 bytes
2026-07-23 09:36:27,192 [INFO] [OK] USA/GFS_ENSEMBLE_Wheat_Winter_PRCP_DEP/cumulative dia 12 (2026-07-23 → 2026-08-04) 58077 bytes
2026-07-23 09:36:27,668 [INFO] [OK] USA/GFS_ENSEMBLE_Wheat_Winter_PRCP/daily dia 00 (2026-07-23 → 2026-07-23) 38431 bytes
2026-07-23 09:36:27,806 [INFO] [OK] USA/GFS_ENSEMBLE_Wheat_Winter_PRCP_DEP/cumulative dia 13 (2026-07-23 → 2026-08-05) 58016 bytes
2026-07-23 09:36:28,169 [INFO] [OK] USA/GFS_ENSEMBLE_Wheat_Winter_PRCP/daily dia 01 (2026-07-24 → 2026-07-24) 37126 bytes
2026-07-23 09:36:28,361 [INFO] [OK] USA/GFS_ENSEMBLE_Wheat_Winter_PRCP/daily dia 02 (2026-07-25 → 2026-07-25) 36596 bytes
2026-07-23 09:36:28,720 [INFO] [OK] USA/GFS_ENSEMBLE_Wheat_Winter_PRCP_DEP/cumulative dia 14 (2026-07-23 → 2026-08-06) 57892 bytes
2026-07-23 09:36:28,875 [INFO] [OK] USA/GFS_ENSEMBLE_Wheat_Winter_PRCP/daily dia 03 (2026-07-26 → 2026-07-26) 36005 bytes
2026-07-23 09:36:29,176 [INFO] [OK] USA/GFS_ENSEMBLE_Wheat_Winter_PRCP/daily dia 04 (2026-07-27 → 2026-07-27) 36563 bytes
2026-07-23 09:36:29,321 [INFO] [OK] USA/GFS_ENSEMBLE_Wheat_Winter_PRCP/daily dia 05 (2026-07-28 → 2026-07-28) 36664 bytes
2026-07-23 09:36:29,710 [INFO] [OK] USA/GFS_ENSEMBLE_Wheat_Winter_PRCP/daily dia 06 (2026-07-29 → 2026-07-29) 37519 bytes
2026-07-23 09:36:29,856 [INFO] [OK] USA/GFS_ENSEMBLE_Wheat_Winter_PRCP/daily dia 07 (2026-07-30 → 2026-07-30) 36581 bytes
2026-07-23 09:36:30,246 [INFO] [OK] USA/GFS_ENSEMBLE_Wheat_Winter_PRCP/daily dia 08 (2026-07-31 → 2026-07-31) 36360 bytes
2026-07-23 09:36:30,496 [INFO] [OK] USA/GFS_ENSEMBLE_Wheat_Winter_PRCP/daily dia 09 (2026-08-01 → 2026-08-01) 36612 bytes
2026-07-23 09:36:30,716 [INFO] [OK] USA/GFS_ENSEMBLE_Wheat_Winter_PRCP/daily dia 10 (2026-08-02 → 2026-08-02) 36851 bytes
2026-07-23 09:36:30,897 [INFO] [OK] USA/GFS_ENSEMBLE_Wheat_Winter_PRCP/daily dia 11 (2026-08-03 → 2026-08-03) 36389 bytes
2026-07-23 09:36:31,271 [INFO] [OK] USA/GFS_ENSEMBLE_Wheat_Winter_PRCP/daily dia 12 (2026-08-04 → 2026-08-04) 37102 bytes
2026-07-23 09:36:31,417 [INFO] [OK] USA/GFS_ENSEMBLE_Wheat_Winter_PRCP/daily dia 13 (2026-08-05 → 2026-08-05) 37496 bytes
2026-07-23 09:36:31,808 [INFO] [OK] USA/GFS_ENSEMBLE_Wheat_Winter_PRCP/daily dia 14 (2026-08-06 → 2026-08-06) 37275 bytes
2026-07-23 09:36:32,036 [INFO] [OK] USA/GFS_ENSEMBLE_Wheat_Winter_PRCP/cumulative dia 00 (2026-07-23 → 2026-07-23) 38431 bytes
2026-07-23 09:36:32,372 [INFO] [OK] USA/GFS_ENSEMBLE_Wheat_Winter_PRCP/cumulative dia 01 (2026-07-23 → 2026-07-24) 41331 bytes
2026-07-23 09:36:32,642 [INFO] [OK] USA/GFS_ENSEMBLE_Wheat_Winter_PRCP/cumulative dia 02 (2026-07-23 → 2026-07-25) 42608 bytes
2026-07-23 09:36:33,106 [INFO] [OK] USA/GFS_ENSEMBLE_Wheat_Winter_PRCP/cumulative dia 03 (2026-07-23 → 2026-07-26) 43467 bytes
2026-07-23 09:36:33,457 [INFO] [OK] USA/GFS_ENSEMBLE_Wheat_Winter_PRCP/cumulative dia 04 (2026-07-23 → 2026-07-27) 45014 bytes
2026-07-23 09:36:33,982 [INFO] [OK] USA/GFS_ENSEMBLE_Wheat_Winter_PRCP/cumulative dia 05 (2026-07-23 → 2026-07-28) 46039 bytes
2026-07-23 09:36:34,535 [INFO] [OK] USA/GFS_ENSEMBLE_Wheat_Winter_PRCP/cumulative dia 06 (2026-07-23 → 2026-07-29) 46932 bytes
2026-07-23 09:36:34,644 [INFO] [OK] USA/GFS_ENSEMBLE_Wheat_Winter_PRCP/cumulative dia 07 (2026-07-23 → 2026-07-30) 47356 bytes
2026-07-23 09:36:35,017 [INFO] [OK] USA/GFS_ENSEMBLE_Wheat_Winter_PRCP/cumulative dia 08 (2026-07-23 → 2026-07-31) 47950 bytes
2026-07-23 09:36:35,562 [INFO] [OK] USA/GFS_ENSEMBLE_Wheat_Winter_PRCP/cumulative dia 09 (2026-07-23 → 2026-08-01) 48317 bytes
2026-07-23 09:36:36,111 [INFO] [OK] USA/GFS_ENSEMBLE_Wheat_Winter_PRCP/cumulative dia 10 (2026-07-23 → 2026-08-02) 49393 bytes
2026-07-23 09:36:36,673 [INFO] [OK] USA/GFS_ENSEMBLE_Wheat_Winter_PRCP/cumulative dia 11 (2026-07-23 → 2026-08-03) 49668 bytes
2026-07-23 09:36:37,217 [INFO] [OK] USA/GFS_ENSEMBLE_Wheat_Spring_PRCP_DEP/daily dia 00 (2026-07-23 → 2026-07-23) 48041 bytes
2026-07-23 09:36:37,540 [INFO] [OK] USA/GFS_ENSEMBLE_Wheat_Winter_PRCP/cumulative dia 12 (2026-07-23 → 2026-08-04) 49987 bytes
2026-07-23 09:36:37,790 [INFO] [OK] USA/GFS_ENSEMBLE_Wheat_Winter_PRCP/cumulative dia 13 (2026-07-23 → 2026-08-05) 50769 bytes
2026-07-23 09:36:38,076 [INFO] [OK] USA/GFS_ENSEMBLE_Wheat_Spring_PRCP_DEP/daily dia 01 (2026-07-24 → 2026-07-24) 46180 bytes
2026-07-23 09:36:38,291 [INFO] [OK] USA/GFS_ENSEMBLE_Wheat_Spring_PRCP_DEP/daily dia 02 (2026-07-25 → 2026-07-25) 49745 bytes
2026-07-23 09:36:38,455 [INFO] [OK] USA/GFS_ENSEMBLE_Wheat_Winter_PRCP/cumulative dia 14 (2026-07-23 → 2026-08-06) 51243 bytes
2026-07-23 09:36:38,997 [INFO] [OK] USA/GFS_ENSEMBLE_Wheat_Spring_PRCP_DEP/daily dia 03 (2026-07-26 → 2026-07-26) 48806 bytes
2026-07-23 09:36:39,165 [INFO] [OK] USA/GFS_ENSEMBLE_Wheat_Spring_PRCP_DEP/daily dia 04 (2026-07-27 → 2026-07-27) 49347 bytes
2026-07-23 09:36:39,572 [INFO] [OK] USA/GFS_ENSEMBLE_Wheat_Spring_PRCP_DEP/daily dia 05 (2026-07-28 → 2026-07-28) 48975 bytes
2026-07-23 09:36:39,681 [INFO] [OK] USA/GFS_ENSEMBLE_Wheat_Spring_PRCP_DEP/daily dia 06 (2026-07-29 → 2026-07-29) 53292 bytes
2026-07-23 09:36:39,950 [INFO] [OK] USA/GFS_ENSEMBLE_Wheat_Spring_PRCP_DEP/daily dia 07 (2026-07-30 → 2026-07-30) 54327 bytes
2026-07-23 09:36:40,061 [INFO] [OK] USA/GFS_ENSEMBLE_Wheat_Spring_PRCP_DEP/daily dia 08 (2026-07-31 → 2026-07-31) 54271 bytes
2026-07-23 09:36:40,858 [INFO] [OK] USA/GFS_ENSEMBLE_Wheat_Spring_PRCP_DEP/daily dia 10 (2026-08-02 → 2026-08-02) 56334 bytes
2026-07-23 09:36:40,958 [INFO] [OK] USA/GFS_ENSEMBLE_Wheat_Spring_PRCP_DEP/daily dia 09 (2026-08-01 → 2026-08-01) 56202 bytes
2026-07-23 09:36:41,203 [INFO] [OK] USA/GFS_ENSEMBLE_Wheat_Spring_PRCP_DEP/daily dia 11 (2026-08-03 → 2026-08-03) 54144 bytes
2026-07-23 09:36:41,306 [INFO] [OK] USA/GFS_ENSEMBLE_Wheat_Spring_PRCP_DEP/daily dia 12 (2026-08-04 → 2026-08-04) 55674 bytes
2026-07-23 09:36:42,140 [INFO] [OK] USA/GFS_ENSEMBLE_Wheat_Spring_PRCP_DEP/daily dia 13 (2026-08-05 → 2026-08-05) 56360 bytes
2026-07-23 09:36:42,141 [INFO] [OK] USA/GFS_ENSEMBLE_Wheat_Spring_PRCP_DEP/daily dia 14 (2026-08-06 → 2026-08-06) 56415 bytes
2026-07-23 09:36:42,894 [INFO] [OK] USA/GFS_ENSEMBLE_Wheat_Spring_PRCP_DEP/cumulative dia 00 (2026-07-23 → 2026-07-23) 48041 bytes
2026-07-23 09:36:43,241 [INFO] [OK] USA/GFS_ENSEMBLE_Wheat_Spring_PRCP_DEP/cumulative dia 03 (2026-07-23 → 2026-07-26) 55732 bytes
2026-07-23 09:36:43,242 [INFO] [OK] USA/GFS_ENSEMBLE_Wheat_Spring_PRCP_DEP/cumulative dia 01 (2026-07-23 → 2026-07-24) 52646 bytes
2026-07-23 09:36:43,402 [INFO] [OK] USA/GFS_ENSEMBLE_Wheat_Spring_PRCP_DEP/cumulative dia 02 (2026-07-23 → 2026-07-25) 54859 bytes
2026-07-23 09:36:44,801 [INFO] [OK] USA/GFS_ENSEMBLE_Wheat_Spring_PRCP_DEP/cumulative dia 05 (2026-07-23 → 2026-07-28) 56107 bytes
2026-07-23 09:36:45,386 [INFO] [OK] USA/GFS_ENSEMBLE_Wheat_Spring_PRCP_DEP/cumulative dia 04 (2026-07-23 → 2026-07-27) 56247 bytes
2026-07-23 09:36:45,646 [INFO] [OK] USA/GFS_ENSEMBLE_Wheat_Spring_PRCP_DEP/cumulative dia 06 (2026-07-23 → 2026-07-29) 55415 bytes
2026-07-23 09:36:46,888 [INFO] [OK] USA/GFS_ENSEMBLE_Wheat_Spring_PRCP_DEP/cumulative dia 07 (2026-07-23 → 2026-07-30) 55119 bytes
2026-07-23 09:36:46,978 [INFO] [OK] USA/GFS_ENSEMBLE_Wheat_Spring_PRCP_DEP/cumulative dia 08 (2026-07-23 → 2026-07-31) 55129 bytes
2026-07-23 09:36:47,130 [INFO] [OK] USA/GFS_ENSEMBLE_Wheat_Spring_PRCP_DEP/cumulative dia 09 (2026-07-23 → 2026-08-01) 55404 bytes
2026-07-23 09:36:49,093 [INFO] [OK] USA/GFS_ENSEMBLE_Wheat_Spring_PRCP_DEP/cumulative dia 10 (2026-07-23 → 2026-08-02) 55030 bytes
2026-07-23 09:36:49,310 [INFO] [OK] USA/GFS_ENSEMBLE_Wheat_Spring_PRCP/daily dia 00 (2026-07-23 → 2026-07-23) 35094 bytes
2026-07-23 09:36:49,583 [INFO] [OK] USA/GFS_ENSEMBLE_Wheat_Spring_PRCP_DEP/cumulative dia 12 (2026-07-23 → 2026-08-04) 54288 bytes
2026-07-23 09:36:49,618 [INFO] [OK] USA/GFS_ENSEMBLE_Wheat_Spring_PRCP_DEP/cumulative dia 11 (2026-07-23 → 2026-08-03) 54764 bytes
2026-07-23 09:36:51,522 [INFO] [OK] USA/GFS_ENSEMBLE_Wheat_Spring_PRCP_DEP/cumulative dia 13 (2026-07-23 → 2026-08-05) 54320 bytes
2026-07-23 09:36:51,545 [INFO] [OK] USA/GFS_ENSEMBLE_Wheat_Spring_PRCP/daily dia 01 (2026-07-24 → 2026-07-24) 34041 bytes
2026-07-23 09:36:51,546 [INFO] [OK] USA/GFS_ENSEMBLE_Wheat_Spring_PRCP/daily dia 02 (2026-07-25 → 2026-07-25) 33287 bytes
2026-07-23 09:36:51,637 [INFO] [OK] USA/GFS_ENSEMBLE_Wheat_Spring_PRCP/daily dia 03 (2026-07-26 → 2026-07-26) 32676 bytes
2026-07-23 09:36:51,733 [INFO] [OK] USA/GFS_ENSEMBLE_Wheat_Spring_PRCP/daily dia 04 (2026-07-27 → 2026-07-27) 33093 bytes
2026-07-23 09:36:52,064 [INFO] [OK] USA/GFS_ENSEMBLE_Wheat_Spring_PRCP_DEP/cumulative dia 14 (2026-07-23 → 2026-08-06) 54017 bytes
2026-07-23 09:36:53,664 [INFO] [OK] USA/GFS_ENSEMBLE_Wheat_Spring_PRCP/daily dia 06 (2026-07-29 → 2026-07-29) 34514 bytes
2026-07-23 09:36:54,155 [INFO] [OK] USA/GFS_ENSEMBLE_Wheat_Spring_PRCP/daily dia 07 (2026-07-30 → 2026-07-30) 33568 bytes
2026-07-23 09:36:54,156 [INFO] [OK] USA/GFS_ENSEMBLE_Wheat_Spring_PRCP/daily dia 08 (2026-07-31 → 2026-07-31) 33195 bytes
2026-07-23 09:36:54,275 [INFO] [OK] USA/GFS_ENSEMBLE_Wheat_Spring_PRCP/daily dia 05 (2026-07-28 → 2026-07-28) 33434 bytes
2026-07-23 09:36:54,395 [INFO] [OK] USA/GFS_ENSEMBLE_Wheat_Spring_PRCP/daily dia 09 (2026-08-01 → 2026-08-01) 33367 bytes
2026-07-23 09:36:54,406 [INFO] [OK] USA/GFS_ENSEMBLE_Wheat_Spring_PRCP/daily dia 10 (2026-08-02 → 2026-08-02) 33779 bytes
2026-07-23 09:36:55,342 [INFO] [OK] USA/GFS_ENSEMBLE_Wheat_Spring_PRCP/daily dia 11 (2026-08-03 → 2026-08-03) 33446 bytes
2026-07-23 09:36:55,907 [INFO] [OK] USA/GFS_ENSEMBLE_Wheat_Spring_PRCP/daily dia 13 (2026-08-05 → 2026-08-05) 34500 bytes
2026-07-23 09:36:55,941 [INFO] [OK] USA/GFS_ENSEMBLE_Wheat_Spring_PRCP/daily dia 12 (2026-08-04 → 2026-08-04) 34074 bytes
2026-07-23 09:36:56,353 [INFO] [OK] USA/GFS_ENSEMBLE_Wheat_Spring_PRCP/daily dia 14 (2026-08-06 → 2026-08-06) 34164 bytes
2026-07-23 09:36:56,382 [INFO] [OK] USA/GFS_ENSEMBLE_Wheat_Spring_PRCP/cumulative dia 00 (2026-07-23 → 2026-07-23) 35094 bytes
2026-07-23 09:36:56,402 [INFO] [OK] USA/GFS_ENSEMBLE_Wheat_Spring_PRCP/cumulative dia 01 (2026-07-23 → 2026-07-24) 37876 bytes
2026-07-23 09:36:57,073 [INFO] [OK] USA/GFS_ENSEMBLE_Wheat_Spring_PRCP/cumulative dia 02 (2026-07-23 → 2026-07-25) 39239 bytes
2026-07-23 09:36:58,912 [INFO] [OK] USA/GFS_ENSEMBLE_Wheat_Spring_PRCP/cumulative dia 04 (2026-07-23 → 2026-07-27) 41271 bytes
2026-07-23 09:36:59,024 [INFO] [OK] USA/GFS_ENSEMBLE_Wheat_Spring_PRCP/cumulative dia 03 (2026-07-23 → 2026-07-26) 39814 bytes
2026-07-23 09:36:59,983 [INFO] [OK] USA/GFS_ENSEMBLE_Wheat_Spring_PRCP/cumulative dia 07 (2026-07-23 → 2026-07-30) 43706 bytes
2026-07-23 09:37:00,094 [INFO] [OK] USA/GFS_ENSEMBLE_Wheat_Spring_PRCP/cumulative dia 06 (2026-07-23 → 2026-07-29) 43071 bytes
2026-07-23 09:37:00,245 [INFO] [OK] USA/GFS_ENSEMBLE_Wheat_Spring_PRCP/cumulative dia 05 (2026-07-23 → 2026-07-28) 42199 bytes
2026-07-23 09:37:01,281 [INFO] [OK] USA/GFS_ENSEMBLE_Wheat_Spring_PRCP/cumulative dia 08 (2026-07-23 → 2026-07-31) 44253 bytes
2026-07-23 09:37:02,684 [INFO] [OK] USA/GFS_ENSEMBLE_Wheat_Spring_PRCP/cumulative dia 09 (2026-07-23 → 2026-08-01) 44691 bytes
2026-07-23 09:37:05,037 [INFO] [OK] USA/GFS_ENSEMBLE_Wheat_Spring_PRCP/cumulative dia 10 (2026-07-23 → 2026-08-02) 45551 bytes
2026-07-23 09:37:05,747 [INFO] [OK] USA/ECM_ENSEMBLE_Corn_PRCP_DEP/daily dia 00 (2026-07-23 → 2026-07-23) 51847 bytes
2026-07-23 09:37:05,873 [INFO] [OK] USA/GFS_ENSEMBLE_Wheat_Spring_PRCP/cumulative dia 12 (2026-07-23 → 2026-08-04) 46147 bytes
2026-07-23 09:37:05,985 [INFO] [OK] USA/GFS_ENSEMBLE_Wheat_Spring_PRCP/cumulative dia 13 (2026-07-23 → 2026-08-05) 46764 bytes
2026-07-23 09:37:05,985 [INFO] [OK] USA/GFS_ENSEMBLE_Wheat_Spring_PRCP/cumulative dia 11 (2026-07-23 → 2026-08-03) 45753 bytes
2026-07-23 09:37:06,701 [INFO] [OK] USA/GFS_ENSEMBLE_Wheat_Spring_PRCP/cumulative dia 14 (2026-07-23 → 2026-08-06) 47121 bytes
2026-07-23 09:37:07,757 [INFO] [OK] USA/ECM_ENSEMBLE_Corn_PRCP_DEP/daily dia 01 (2026-07-24 → 2026-07-24) 52318 bytes
2026-07-23 09:37:07,911 [INFO] [OK] USA/ECM_ENSEMBLE_Corn_PRCP_DEP/daily dia 05 (2026-07-28 → 2026-07-28) 51320 bytes
2026-07-23 09:37:08,283 [INFO] [OK] USA/ECM_ENSEMBLE_Corn_PRCP_DEP/daily dia 03 (2026-07-26 → 2026-07-26) 53094 bytes
2026-07-23 09:37:08,536 [INFO] [OK] USA/ECM_ENSEMBLE_Corn_PRCP_DEP/daily dia 04 (2026-07-27 → 2026-07-27) 50827 bytes
2026-07-23 09:37:08,577 [INFO] [OK] USA/ECM_ENSEMBLE_Corn_PRCP_DEP/daily dia 02 (2026-07-25 → 2026-07-25) 53511 bytes
2026-07-23 09:37:08,965 [INFO] [OK] USA/ECM_ENSEMBLE_Corn_PRCP_DEP/daily dia 06 (2026-07-29 → 2026-07-29) 52272 bytes
2026-07-23 09:37:09,630 [INFO] [OK] USA/ECM_ENSEMBLE_Corn_PRCP_DEP/daily dia 07 (2026-07-30 → 2026-07-30) 54152 bytes
2026-07-23 09:37:09,831 [INFO] [OK] USA/ECM_ENSEMBLE_Corn_PRCP_DEP/daily dia 08 (2026-07-31 → 2026-07-31) 54973 bytes
2026-07-23 09:37:10,290 [INFO] [OK] USA/ECM_ENSEMBLE_Corn_PRCP_DEP/daily dia 09 (2026-08-01 → 2026-08-01) 56452 bytes
2026-07-23 09:37:10,372 [INFO] [OK] USA/ECM_ENSEMBLE_Corn_PRCP_DEP/daily dia 10 (2026-08-02 → 2026-08-02) 57208 bytes
2026-07-23 09:37:11,781 [INFO] [OK] USA/ECM_ENSEMBLE_Corn_PRCP_DEP/daily dia 12 (2026-08-04 → 2026-08-04) 58489 bytes
2026-07-23 09:37:11,782 [INFO] [OK] USA/ECM_ENSEMBLE_Corn_PRCP_DEP/daily dia 11 (2026-08-03 → 2026-08-03) 57228 bytes
2026-07-23 09:37:11,791 [INFO] [OK] USA/ECM_ENSEMBLE_Corn_PRCP_DEP/daily dia 13 (2026-08-05 → 2026-08-05) 59165 bytes
2026-07-23 09:37:11,797 [INFO] [OK] USA/ECM_ENSEMBLE_Corn_PRCP_DEP/daily dia 14 (2026-08-06 → 2026-08-06) 57966 bytes
2026-07-23 09:37:12,087 [INFO] [OK] USA/ECM_ENSEMBLE_Corn_PRCP_DEP/cumulative dia 00 (2026-07-23 → 2026-07-23) 51847 bytes
2026-07-23 09:37:12,174 [INFO] [OK] USA/ECM_ENSEMBLE_Corn_PRCP_DEP/cumulative dia 01 (2026-07-23 → 2026-07-24) 56186 bytes
2026-07-23 09:37:14,175 [INFO] [OK] USA/ECM_ENSEMBLE_Corn_PRCP_DEP/cumulative dia 02 (2026-07-23 → 2026-07-25) 57776 bytes
2026-07-23 09:37:14,637 [INFO] [OK] USA/ECM_ENSEMBLE_Corn_PRCP_DEP/cumulative dia 05 (2026-07-23 → 2026-07-28) 58839 bytes
2026-07-23 09:37:14,665 [INFO] [OK] USA/ECM_ENSEMBLE_Corn_PRCP_DEP/cumulative dia 03 (2026-07-23 → 2026-07-26) 58598 bytes
2026-07-23 09:37:14,690 [INFO] [OK] USA/ECM_ENSEMBLE_Corn_PRCP_DEP/cumulative dia 04 (2026-07-23 → 2026-07-27) 59016 bytes
2026-07-23 09:37:14,831 [INFO] [OK] USA/ECM_ENSEMBLE_Corn_PRCP_DEP/cumulative dia 06 (2026-07-23 → 2026-07-29) 58547 bytes
2026-07-23 09:37:14,838 [INFO] [OK] USA/ECM_ENSEMBLE_Corn_PRCP_DEP/cumulative dia 07 (2026-07-23 → 2026-07-30) 58400 bytes
2026-07-23 09:37:16,985 [INFO] [OK] USA/ECM_ENSEMBLE_Corn_PRCP_DEP/cumulative dia 08 (2026-07-23 → 2026-07-31) 58570 bytes
2026-07-23 09:37:17,402 [INFO] [OK] USA/ECM_ENSEMBLE_Corn_PRCP_DEP/cumulative dia 09 (2026-07-23 → 2026-08-01) 58381 bytes
2026-07-23 09:37:17,603 [INFO] [OK] USA/ECM_ENSEMBLE_Corn_PRCP_DEP/cumulative dia 10 (2026-07-23 → 2026-08-02) 58112 bytes
2026-07-23 09:37:17,724 [INFO] [OK] USA/ECM_ENSEMBLE_Corn_PRCP_DEP/cumulative dia 11 (2026-07-23 → 2026-08-03) 58345 bytes
2026-07-23 09:37:17,960 [INFO] [OK] USA/ECM_ENSEMBLE_Corn_PRCP_DEP/cumulative dia 13 (2026-07-23 → 2026-08-05) 57977 bytes
2026-07-23 09:37:17,967 [INFO] [OK] USA/ECM_ENSEMBLE_Corn_PRCP_DEP/cumulative dia 12 (2026-07-23 → 2026-08-04) 58155 bytes
2026-07-23 09:37:18,961 [INFO] [OK] USA/ECM_ENSEMBLE_Corn_PRCP/daily dia 00 (2026-07-23 → 2026-07-23) 38458 bytes
2026-07-23 09:37:19,196 [INFO] [OK] USA/ECM_ENSEMBLE_Corn_PRCP/daily dia 01 (2026-07-24 → 2026-07-24) 37841 bytes
2026-07-23 09:37:19,356 [INFO] [OK] USA/ECM_ENSEMBLE_Corn_PRCP/daily dia 02 (2026-07-25 → 2026-07-25) 36659 bytes
2026-07-23 09:37:19,539 [INFO] [OK] USA/ECM_ENSEMBLE_Corn_PRCP/daily dia 03 (2026-07-26 → 2026-07-26) 36046 bytes
2026-07-23 09:37:19,555 [INFO] [OK] USA/ECM_ENSEMBLE_Corn_PRCP/daily dia 04 (2026-07-27 → 2026-07-27) 36100 bytes
2026-07-23 09:37:19,969 [INFO] [OK] USA/ECM_ENSEMBLE_Corn_PRCP_DEP/cumulative dia 14 (2026-07-23 → 2026-08-06) 57772 bytes
2026-07-23 09:37:20,649 [INFO] [OK] USA/ECM_ENSEMBLE_Corn_PRCP/daily dia 05 (2026-07-28 → 2026-07-28) 36285 bytes
2026-07-23 09:37:20,793 [INFO] [OK] USA/ECM_ENSEMBLE_Corn_PRCP/daily dia 06 (2026-07-29 → 2026-07-29) 35723 bytes
2026-07-23 09:37:20,871 [INFO] [OK] USA/ECM_ENSEMBLE_Corn_PRCP/daily dia 07 (2026-07-30 → 2026-07-30) 35793 bytes
2026-07-23 09:37:21,218 [INFO] [OK] USA/ECM_ENSEMBLE_Corn_PRCP/daily dia 08 (2026-07-31 → 2026-07-31) 35828 bytes
2026-07-23 09:37:21,508 [INFO] [OK] USA/ECM_ENSEMBLE_Corn_PRCP/daily dia 09 (2026-08-01 → 2026-08-01) 35652 bytes
2026-07-23 09:37:21,509 [INFO] [OK] USA/ECM_ENSEMBLE_Corn_PRCP/daily dia 10 (2026-08-02 → 2026-08-02) 35633 bytes
2026-07-23 09:37:22,361 [INFO] [OK] USA/ECM_ENSEMBLE_Corn_PRCP/daily dia 11 (2026-08-03 → 2026-08-03) 36048 bytes
2026-07-23 09:37:22,425 [INFO] [OK] USA/ECM_ENSEMBLE_Corn_PRCP/daily dia 12 (2026-08-04 → 2026-08-04) 36542 bytes
2026-07-23 09:37:22,502 [INFO] [OK] USA/ECM_ENSEMBLE_Corn_PRCP/daily dia 13 (2026-08-05 → 2026-08-05) 35966 bytes
2026-07-23 09:37:22,897 [INFO] [OK] USA/ECM_ENSEMBLE_Corn_PRCP/daily dia 14 (2026-08-06 → 2026-08-06) 35696 bytes
2026-07-23 09:37:23,082 [INFO] [OK] USA/ECM_ENSEMBLE_Corn_PRCP/cumulative dia 00 (2026-07-23 → 2026-07-23) 38458 bytes
2026-07-23 09:37:23,222 [INFO] [OK] USA/ECM_ENSEMBLE_Corn_PRCP/cumulative dia 01 (2026-07-23 → 2026-07-24) 41298 bytes
2026-07-23 09:37:24,145 [INFO] [OK] USA/ECM_ENSEMBLE_Corn_PRCP/cumulative dia 02 (2026-07-23 → 2026-07-25) 43196 bytes
2026-07-23 09:37:24,305 [INFO] [OK] USA/ECM_ENSEMBLE_Corn_PRCP/cumulative dia 03 (2026-07-23 → 2026-07-26) 44145 bytes
2026-07-23 09:37:24,454 [INFO] [OK] USA/ECM_ENSEMBLE_Corn_PRCP/cumulative dia 04 (2026-07-23 → 2026-07-27) 45180 bytes
2026-07-23 09:37:25,185 [INFO] [OK] USA/ECM_ENSEMBLE_Corn_PRCP/cumulative dia 05 (2026-07-23 → 2026-07-28) 46293 bytes
2026-07-23 09:37:25,646 [INFO] [OK] USA/ECM_ENSEMBLE_Corn_PRCP/cumulative dia 06 (2026-07-23 → 2026-07-29) 47450 bytes
2026-07-23 09:37:25,870 [INFO] [OK] USA/ECM_ENSEMBLE_Corn_PRCP/cumulative dia 07 (2026-07-23 → 2026-07-30) 47403 bytes
2026-07-23 09:37:26,528 [INFO] [OK] USA/ECM_ENSEMBLE_Corn_PRCP/cumulative dia 08 (2026-07-23 → 2026-07-31) 48554 bytes
2026-07-23 09:37:26,846 [INFO] [OK] USA/ECM_ENSEMBLE_Corn_PRCP/cumulative dia 09 (2026-07-23 → 2026-08-01) 48670 bytes
2026-07-23 09:37:27,021 [INFO] [OK] USA/ECM_ENSEMBLE_Corn_PRCP/cumulative dia 10 (2026-07-23 → 2026-08-02) 49355 bytes
2026-07-23 09:37:27,845 [INFO] [OK] USA/ECM_ENSEMBLE_Corn_PRCP/cumulative dia 11 (2026-07-23 → 2026-08-03) 49988 bytes
2026-07-23 09:37:28,657 [INFO] [OK] USA/ECM_ENSEMBLE_Corn_PRCP/cumulative dia 12 (2026-07-23 → 2026-08-04) 49963 bytes
2026-07-23 09:37:28,714 [INFO] [OK] USA/ECM_ENSEMBLE_Corn_PRCP/cumulative dia 13 (2026-07-23 → 2026-08-05) 50103 bytes
2026-07-23 09:37:28,757 [INFO] [OK] USA/ECM_ENSEMBLE_Soy_PRCP_DEP/daily dia 00 (2026-07-23 → 2026-07-23) 51492 bytes
2026-07-23 09:37:28,812 [INFO] [OK] USA/ECM_ENSEMBLE_Soy_PRCP_DEP/daily dia 01 (2026-07-24 → 2026-07-24) 52052 bytes
2026-07-23 09:37:29,340 [INFO] [OK] USA/ECM_ENSEMBLE_Corn_PRCP/cumulative dia 14 (2026-07-23 → 2026-08-06) 50638 bytes
2026-07-23 09:37:29,630 [INFO] [OK] USA/ECM_ENSEMBLE_Soy_PRCP_DEP/daily dia 02 (2026-07-25 → 2026-07-25) 53178 bytes
2026-07-23 09:37:30,392 [INFO] [OK] USA/ECM_ENSEMBLE_Soy_PRCP_DEP/daily dia 04 (2026-07-27 → 2026-07-27) 50504 bytes
2026-07-23 09:37:30,499 [INFO] [OK] USA/ECM_ENSEMBLE_Soy_PRCP_DEP/daily dia 03 (2026-07-26 → 2026-07-26) 52687 bytes
2026-07-23 09:37:30,719 [INFO] [OK] USA/ECM_ENSEMBLE_Soy_PRCP_DEP/daily dia 06 (2026-07-29 → 2026-07-29) 51634 bytes
2026-07-23 09:37:30,827 [INFO] [OK] USA/ECM_ENSEMBLE_Soy_PRCP_DEP/daily dia 05 (2026-07-28 → 2026-07-28) 50775 bytes
2026-07-23 09:37:30,976 [INFO] [OK] USA/ECM_ENSEMBLE_Soy_PRCP_DEP/daily dia 07 (2026-07-30 → 2026-07-30) 54001 bytes
2026-07-23 09:37:31,241 [INFO] [OK] USA/ECM_ENSEMBLE_Soy_PRCP_DEP/daily dia 08 (2026-07-31 → 2026-07-31) 54505 bytes
2026-07-23 09:37:32,174 [INFO] [OK] USA/ECM_ENSEMBLE_Soy_PRCP_DEP/daily dia 09 (2026-08-01 → 2026-08-01) 56105 bytes
2026-07-23 09:37:32,389 [INFO] [OK] USA/ECM_ENSEMBLE_Soy_PRCP_DEP/daily dia 10 (2026-08-02 → 2026-08-02) 57031 bytes
2026-07-23 09:37:32,445 [INFO] [OK] USA/ECM_ENSEMBLE_Soy_PRCP_DEP/daily dia 11 (2026-08-03 → 2026-08-03) 56871 bytes
2026-07-23 09:37:33,052 [INFO] [OK] USA/ECM_ENSEMBLE_Soy_PRCP_DEP/daily dia 12 (2026-08-04 → 2026-08-04) 58290 bytes
2026-07-23 09:37:33,064 [INFO] [OK] USA/ECM_ENSEMBLE_Soy_PRCP_DEP/daily dia 13 (2026-08-05 → 2026-08-05) 58604 bytes
2026-07-23 09:37:33,074 [INFO] [OK] USA/ECM_ENSEMBLE_Soy_PRCP_DEP/daily dia 14 (2026-08-06 → 2026-08-06) 57736 bytes
2026-07-23 09:37:33,779 [INFO] [OK] USA/ECM_ENSEMBLE_Soy_PRCP_DEP/cumulative dia 00 (2026-07-23 → 2026-07-23) 51492 bytes
2026-07-23 09:37:34,091 [INFO] [OK] USA/ECM_ENSEMBLE_Soy_PRCP_DEP/cumulative dia 01 (2026-07-23 → 2026-07-24) 55964 bytes
2026-07-23 09:37:34,224 [INFO] [OK] USA/ECM_ENSEMBLE_Soy_PRCP_DEP/cumulative dia 02 (2026-07-23 → 2026-07-25) 57339 bytes
2026-07-23 09:37:35,058 [INFO] [OK] USA/ECM_ENSEMBLE_Soy_PRCP_DEP/cumulative dia 03 (2026-07-23 → 2026-07-26) 58192 bytes
2026-07-23 09:37:35,114 [INFO] [OK] USA/ECM_ENSEMBLE_Soy_PRCP_DEP/cumulative dia 04 (2026-07-23 → 2026-07-27) 58782 bytes
2026-07-23 09:37:35,166 [INFO] [OK] USA/ECM_ENSEMBLE_Soy_PRCP_DEP/cumulative dia 05 (2026-07-23 → 2026-07-28) 58341 bytes
2026-07-23 09:37:35,971 [INFO] [OK] USA/ECM_ENSEMBLE_Soy_PRCP_DEP/cumulative dia 06 (2026-07-23 → 2026-07-29) 58232 bytes
2026-07-23 09:37:36,608 [INFO] [OK] USA/ECM_ENSEMBLE_Soy_PRCP_DEP/cumulative dia 07 (2026-07-23 → 2026-07-30) 57961 bytes
2026-07-23 09:37:36,690 [INFO] [OK] USA/ECM_ENSEMBLE_Soy_PRCP_DEP/cumulative dia 08 (2026-07-23 → 2026-07-31) 58301 bytes
2026-07-23 09:37:37,552 [INFO] [OK] USA/ECM_ENSEMBLE_Soy_PRCP_DEP/cumulative dia 09 (2026-07-23 → 2026-08-01) 58129 bytes
2026-07-23 09:37:37,758 [INFO] [OK] USA/ECM_ENSEMBLE_Soy_PRCP_DEP/cumulative dia 10 (2026-07-23 → 2026-08-02) 57832 bytes
2026-07-23 09:37:37,976 [INFO] [OK] USA/ECM_ENSEMBLE_Soy_PRCP_DEP/cumulative dia 11 (2026-07-23 → 2026-08-03) 58077 bytes
2026-07-23 09:37:38,763 [INFO] [OK] USA/ECM_ENSEMBLE_Soy_PRCP_DEP/cumulative dia 12 (2026-07-23 → 2026-08-04) 57732 bytes
2026-07-23 09:37:39,139 [INFO] [OK] USA/ECM_ENSEMBLE_Soy_PRCP/daily dia 00 (2026-07-23 → 2026-07-23) 37925 bytes
2026-07-23 09:37:39,327 [INFO] [OK] USA/ECM_ENSEMBLE_Soy_PRCP/daily dia 01 (2026-07-24 → 2026-07-24) 37493 bytes
2026-07-23 09:37:40,120 [INFO] [OK] USA/ECM_ENSEMBLE_Soy_PRCP_DEP/cumulative dia 13 (2026-07-23 → 2026-08-05) 57776 bytes
2026-07-23 09:37:40,125 [INFO] [OK] USA/ECM_ENSEMBLE_Soy_PRCP_DEP/cumulative dia 14 (2026-07-23 → 2026-08-06) 57589 bytes
2026-07-23 09:37:40,129 [INFO] [OK] USA/ECM_ENSEMBLE_Soy_PRCP/daily dia 02 (2026-07-25 → 2026-07-25) 36231 bytes
2026-07-23 09:37:40,329 [INFO] [OK] USA/ECM_ENSEMBLE_Soy_PRCP/daily dia 03 (2026-07-26 → 2026-07-26) 35525 bytes
2026-07-23 09:37:40,707 [INFO] [OK] USA/ECM_ENSEMBLE_Soy_PRCP/daily dia 04 (2026-07-27 → 2026-07-27) 35611 bytes
2026-07-23 09:37:40,869 [INFO] [OK] USA/ECM_ENSEMBLE_Soy_PRCP/daily dia 05 (2026-07-28 → 2026-07-28) 35894 bytes
2026-07-23 09:37:41,677 [INFO] [OK] USA/ECM_ENSEMBLE_Soy_PRCP/daily dia 08 (2026-07-31 → 2026-07-31) 35432 bytes
2026-07-23 09:37:41,682 [INFO] [OK] USA/ECM_ENSEMBLE_Soy_PRCP/daily dia 06 (2026-07-29 → 2026-07-29) 35298 bytes
2026-07-23 09:37:41,754 [INFO] [OK] USA/ECM_ENSEMBLE_Soy_PRCP/daily dia 07 (2026-07-30 → 2026-07-30) 35457 bytes
2026-07-23 09:37:41,830 [INFO] [OK] USA/ECM_ENSEMBLE_Soy_PRCP/daily dia 09 (2026-08-01 → 2026-08-01) 35090 bytes
2026-07-23 09:37:42,237 [INFO] [OK] USA/ECM_ENSEMBLE_Soy_PRCP/daily dia 10 (2026-08-02 → 2026-08-02) 35176 bytes
2026-07-23 09:37:42,618 [INFO] [OK] USA/ECM_ENSEMBLE_Soy_PRCP/daily dia 11 (2026-08-03 → 2026-08-03) 35569 bytes
2026-07-23 09:37:43,199 [INFO] [OK] USA/ECM_ENSEMBLE_Soy_PRCP/daily dia 12 (2026-08-04 → 2026-08-04) 35927 bytes
2026-07-23 09:37:43,256 [INFO] [OK] USA/ECM_ENSEMBLE_Soy_PRCP/daily dia 13 (2026-08-05 → 2026-08-05) 35446 bytes
2026-07-23 09:37:43,269 [INFO] [OK] USA/ECM_ENSEMBLE_Soy_PRCP/daily dia 14 (2026-08-06 → 2026-08-06) 35167 bytes
2026-07-23 09:37:43,366 [INFO] [OK] USA/ECM_ENSEMBLE_Soy_PRCP/cumulative dia 00 (2026-07-23 → 2026-07-23) 37925 bytes
2026-07-23 09:37:43,825 [INFO] [OK] USA/ECM_ENSEMBLE_Soy_PRCP/cumulative dia 01 (2026-07-23 → 2026-07-24) 41114 bytes
2026-07-23 09:37:44,430 [INFO] [OK] USA/ECM_ENSEMBLE_Soy_PRCP/cumulative dia 02 (2026-07-23 → 2026-07-25) 42824 bytes
2026-07-23 09:37:45,105 [INFO] [OK] USA/ECM_ENSEMBLE_Soy_PRCP/cumulative dia 03 (2026-07-23 → 2026-07-26) 43833 bytes
2026-07-23 09:37:45,227 [INFO] [OK] USA/ECM_ENSEMBLE_Soy_PRCP/cumulative dia 04 (2026-07-23 → 2026-07-27) 44807 bytes
2026-07-23 09:37:45,317 [INFO] [OK] USA/ECM_ENSEMBLE_Soy_PRCP/cumulative dia 05 (2026-07-23 → 2026-07-28) 46188 bytes
2026-07-23 09:37:45,567 [INFO] [OK] USA/ECM_ENSEMBLE_Soy_PRCP/cumulative dia 06 (2026-07-23 → 2026-07-29) 47167 bytes
2026-07-23 09:37:46,069 [INFO] [OK] USA/ECM_ENSEMBLE_Soy_PRCP/cumulative dia 07 (2026-07-23 → 2026-07-30) 47083 bytes
2026-07-23 09:37:46,743 [INFO] [OK] USA/ECM_ENSEMBLE_Soy_PRCP/cumulative dia 08 (2026-07-23 → 2026-07-31) 48047 bytes
2026-07-23 09:37:47,670 [INFO] [OK] USA/ECM_ENSEMBLE_Soy_PRCP/cumulative dia 09 (2026-07-23 → 2026-08-01) 48507 bytes
2026-07-23 09:37:47,788 [INFO] [OK] USA/ECM_ENSEMBLE_Soy_PRCP/cumulative dia 10 (2026-07-23 → 2026-08-02) 49015 bytes
2026-07-23 09:37:47,967 [INFO] [OK] USA/ECM_ENSEMBLE_Soy_PRCP/cumulative dia 11 (2026-07-23 → 2026-08-03) 49659 bytes
2026-07-23 09:37:48,324 [INFO] [OK] USA/ECM_ENSEMBLE_Soy_PRCP/cumulative dia 12 (2026-07-23 → 2026-08-04) 49505 bytes
2026-07-23 09:37:49,097 [INFO] [OK] USA/ECM_ENSEMBLE_Soy_PRCP/cumulative dia 13 (2026-07-23 → 2026-08-05) 49754 bytes
2026-07-23 09:37:49,355 [INFO] [OK] USA/ECM_ENSEMBLE_Wheat_Winter_PRCP_DEP/daily dia 00 (2026-07-23 → 2026-07-23) 53001 bytes
2026-07-23 09:37:49,381 [INFO] [OK] USA/ECM_ENSEMBLE_Wheat_Winter_PRCP_DEP/daily dia 01 (2026-07-24 → 2026-07-24) 53739 bytes
2026-07-23 09:37:49,553 [INFO] [OK] USA/ECM_ENSEMBLE_Wheat_Winter_PRCP_DEP/daily dia 02 (2026-07-25 → 2026-07-25) 54807 bytes
2026-07-23 09:37:49,724 [INFO] [OK] USA/ECM_ENSEMBLE_Soy_PRCP/cumulative dia 14 (2026-07-23 → 2026-08-06) 50096 bytes
2026-07-23 09:37:50,009 [INFO] [OK] USA/ECM_ENSEMBLE_Wheat_Winter_PRCP_DEP/daily dia 03 (2026-07-26 → 2026-07-26) 54235 bytes
2026-07-23 09:37:50,819 [INFO] [OK] USA/ECM_ENSEMBLE_Wheat_Winter_PRCP_DEP/daily dia 04 (2026-07-27 → 2026-07-27) 52024 bytes
2026-07-23 09:37:51,005 [INFO] [OK] USA/ECM_ENSEMBLE_Wheat_Winter_PRCP_DEP/daily dia 06 (2026-07-29 → 2026-07-29) 53639 bytes
2026-07-23 09:37:51,047 [INFO] [OK] USA/ECM_ENSEMBLE_Wheat_Winter_PRCP_DEP/daily dia 05 (2026-07-28 → 2026-07-28) 52620 bytes
2026-07-23 09:37:51,217 [INFO] [OK] USA/ECM_ENSEMBLE_Wheat_Winter_PRCP_DEP/daily dia 07 (2026-07-30 → 2026-07-30) 55811 bytes
2026-07-23 09:37:51,324 [INFO] [OK] USA/ECM_ENSEMBLE_Wheat_Winter_PRCP_DEP/daily dia 08 (2026-07-31 → 2026-07-31) 56161 bytes
2026-07-23 09:37:51,672 [INFO] [OK] USA/ECM_ENSEMBLE_Wheat_Winter_PRCP_DEP/daily dia 09 (2026-08-01 → 2026-08-01) 57823 bytes
2026-07-23 09:37:52,460 [INFO] [OK] USA/ECM_ENSEMBLE_Wheat_Winter_PRCP_DEP/daily dia 10 (2026-08-02 → 2026-08-02) 58648 bytes
2026-07-23 09:37:52,695 [INFO] [OK] USA/ECM_ENSEMBLE_Wheat_Winter_PRCP_DEP/daily dia 12 (2026-08-04 → 2026-08-04) 59742 bytes
2026-07-23 09:37:52,766 [INFO] [OK] USA/ECM_ENSEMBLE_Wheat_Winter_PRCP_DEP/daily dia 11 (2026-08-03 → 2026-08-03) 58618 bytes
2026-07-23 09:37:53,036 [INFO] [OK] USA/ECM_ENSEMBLE_Wheat_Winter_PRCP_DEP/daily dia 13 (2026-08-05 → 2026-08-05) 60006 bytes
2026-07-23 09:37:53,044 [INFO] [OK] USA/ECM_ENSEMBLE_Wheat_Winter_PRCP_DEP/daily dia 14 (2026-08-06 → 2026-08-06) 59156 bytes
2026-07-23 09:37:53,286 [INFO] [OK] USA/ECM_ENSEMBLE_Wheat_Winter_PRCP_DEP/cumulative dia 00 (2026-07-23 → 2026-07-23) 53001 bytes
2026-07-23 09:37:54,185 [INFO] [OK] USA/ECM_ENSEMBLE_Wheat_Winter_PRCP_DEP/cumulative dia 01 (2026-07-23 → 2026-07-24) 57534 bytes
2026-07-23 09:37:54,468 [INFO] [OK] USA/ECM_ENSEMBLE_Wheat_Winter_PRCP_DEP/cumulative dia 02 (2026-07-23 → 2026-07-25) 58986 bytes
2026-07-23 09:37:54,993 [INFO] [OK] USA/ECM_ENSEMBLE_Wheat_Winter_PRCP_DEP/cumulative dia 03 (2026-07-23 → 2026-07-26) 59552 bytes
2026-07-23 09:37:55,205 [INFO] [OK] USA/ECM_ENSEMBLE_Wheat_Winter_PRCP_DEP/cumulative dia 04 (2026-07-23 → 2026-07-27) 59966 bytes
2026-07-23 09:37:55,371 [INFO] [OK] USA/ECM_ENSEMBLE_Wheat_Winter_PRCP_DEP/cumulative dia 05 (2026-07-23 → 2026-07-28) 59620 bytes
2026-07-23 09:37:55,604 [INFO] [OK] USA/ECM_ENSEMBLE_Wheat_Winter_PRCP_DEP/cumulative dia 06 (2026-07-23 → 2026-07-29) 59402 bytes
2026-07-23 09:37:56,575 [INFO] [OK] USA/ECM_ENSEMBLE_Wheat_Winter_PRCP_DEP/cumulative dia 07 (2026-07-23 → 2026-07-30) 59280 bytes
2026-07-23 09:37:56,922 [INFO] [OK] USA/ECM_ENSEMBLE_Wheat_Winter_PRCP_DEP/cumulative dia 08 (2026-07-23 → 2026-07-31) 59360 bytes
2026-07-23 09:37:57,587 [INFO] [OK] USA/ECM_ENSEMBLE_Wheat_Winter_PRCP_DEP/cumulative dia 09 (2026-07-23 → 2026-08-01) 59428 bytes
2026-07-23 09:37:57,882 [INFO] [OK] USA/ECM_ENSEMBLE_Wheat_Winter_PRCP_DEP/cumulative dia 10 (2026-07-23 → 2026-08-02) 59087 bytes
2026-07-23 09:37:58,144 [INFO] [OK] USA/ECM_ENSEMBLE_Wheat_Winter_PRCP_DEP/cumulative dia 11 (2026-07-23 → 2026-08-03) 59237 bytes
2026-07-23 09:37:58,401 [INFO] [OK] USA/ECM_ENSEMBLE_Wheat_Winter_PRCP_DEP/cumulative dia 12 (2026-07-23 → 2026-08-04) 59288 bytes
2026-07-23 09:37:59,116 [INFO] [OK] USA/ECM_ENSEMBLE_Wheat_Winter_PRCP/daily dia 00 (2026-07-23 → 2026-07-23) 39570 bytes
2026-07-23 09:37:59,418 [INFO] [OK] USA/ECM_ENSEMBLE_Wheat_Winter_PRCP_DEP/cumulative dia 13 (2026-07-23 → 2026-08-05) 59099 bytes
2026-07-23 09:37:59,495 [INFO] [OK] USA/ECM_ENSEMBLE_Wheat_Winter_PRCP/daily dia 01 (2026-07-24 → 2026-07-24) 39181 bytes
2026-07-23 09:38:00,033 [INFO] [OK] USA/ECM_ENSEMBLE_Wheat_Winter_PRCP/daily dia 03 (2026-07-26 → 2026-07-26) 37030 bytes
2026-07-23 09:38:00,125 [INFO] [OK] USA/ECM_ENSEMBLE_Wheat_Winter_PRCP/daily dia 02 (2026-07-25 → 2026-07-25) 37782 bytes
2026-07-23 09:38:00,183 [INFO] [OK] USA/ECM_ENSEMBLE_Wheat_Winter_PRCP_DEP/cumulative dia 14 (2026-07-23 → 2026-08-06) 59014 bytes
2026-07-23 09:38:00,613 [INFO] [OK] USA/ECM_ENSEMBLE_Wheat_Winter_PRCP/daily dia 04 (2026-07-27 → 2026-07-27) 37214 bytes
2026-07-23 09:38:01,362 [INFO] [OK] USA/ECM_ENSEMBLE_Wheat_Winter_PRCP/daily dia 05 (2026-07-28 → 2026-07-28) 37442 bytes
2026-07-23 09:38:01,363 [INFO] [OK] USA/ECM_ENSEMBLE_Wheat_Winter_PRCP/daily dia 06 (2026-07-29 → 2026-07-29) 37012 bytes
2026-07-23 09:38:01,581 [INFO] [OK] USA/ECM_ENSEMBLE_Wheat_Winter_PRCP/daily dia 07 (2026-07-30 → 2026-07-30) 37273 bytes
2026-07-23 09:38:01,644 [INFO] [OK] USA/ECM_ENSEMBLE_Wheat_Winter_PRCP/daily dia 08 (2026-07-31 → 2026-07-31) 37051 bytes
2026-07-23 09:38:01,910 [INFO] [OK] USA/ECM_ENSEMBLE_Wheat_Winter_PRCP/daily dia 09 (2026-08-01 → 2026-08-01) 36715 bytes
2026-07-23 09:38:02,184 [INFO] [OK] USA/ECM_ENSEMBLE_Wheat_Winter_PRCP/daily dia 10 (2026-08-02 → 2026-08-02) 36749 bytes
2026-07-23 09:38:02,910 [INFO] [OK] USA/ECM_ENSEMBLE_Wheat_Winter_PRCP/daily dia 11 (2026-08-03 → 2026-08-03) 37238 bytes
2026-07-23 09:38:02,997 [INFO] [OK] USA/ECM_ENSEMBLE_Wheat_Winter_PRCP/daily dia 12 (2026-08-04 → 2026-08-04) 37514 bytes
2026-07-23 09:38:03,171 [INFO] [OK] USA/ECM_ENSEMBLE_Wheat_Winter_PRCP/daily dia 13 (2026-08-05 → 2026-08-05) 37141 bytes
2026-07-23 09:38:03,263 [INFO] [OK] USA/ECM_ENSEMBLE_Wheat_Winter_PRCP/daily dia 14 (2026-08-06 → 2026-08-06) 36823 bytes
2026-07-23 09:38:03,568 [INFO] [OK] USA/ECM_ENSEMBLE_Wheat_Winter_PRCP/cumulative dia 00 (2026-07-23 → 2026-07-23) 39570 bytes
2026-07-23 09:38:03,860 [INFO] [OK] USA/ECM_ENSEMBLE_Wheat_Winter_PRCP/cumulative dia 01 (2026-07-23 → 2026-07-24) 42607 bytes
2026-07-23 09:38:04,742 [INFO] [OK] USA/ECM_ENSEMBLE_Wheat_Winter_PRCP/cumulative dia 02 (2026-07-23 → 2026-07-25) 44562 bytes
2026-07-23 09:38:04,944 [INFO] [OK] USA/ECM_ENSEMBLE_Wheat_Winter_PRCP/cumulative dia 03 (2026-07-23 → 2026-07-26) 45397 bytes
2026-07-23 09:38:05,176 [INFO] [OK] USA/ECM_ENSEMBLE_Wheat_Winter_PRCP/cumulative dia 04 (2026-07-23 → 2026-07-27) 46536 bytes
2026-07-23 09:38:05,432 [INFO] [OK] USA/ECM_ENSEMBLE_Wheat_Winter_PRCP/cumulative dia 05 (2026-07-23 → 2026-07-28) 47753 bytes
2026-07-23 09:38:05,770 [INFO] [OK] USA/ECM_ENSEMBLE_Wheat_Winter_PRCP/cumulative dia 06 (2026-07-23 → 2026-07-29) 48820 bytes
2026-07-23 09:38:06,293 [INFO] [OK] USA/ECM_ENSEMBLE_Wheat_Winter_PRCP/cumulative dia 07 (2026-07-23 → 2026-07-30) 48809 bytes
2026-07-23 09:38:07,314 [INFO] [OK] USA/ECM_ENSEMBLE_Wheat_Winter_PRCP/cumulative dia 08 (2026-07-23 → 2026-07-31) 49909 bytes
2026-07-23 09:38:07,567 [INFO] [OK] USA/ECM_ENSEMBLE_Wheat_Winter_PRCP/cumulative dia 09 (2026-07-23 → 2026-08-01) 50135 bytes
2026-07-23 09:38:08,356 [INFO] [OK] USA/ECM_ENSEMBLE_Wheat_Winter_PRCP/cumulative dia 11 (2026-07-23 → 2026-08-03) 51074 bytes
2026-07-23 09:38:08,402 [INFO] [OK] USA/ECM_ENSEMBLE_Wheat_Winter_PRCP/cumulative dia 10 (2026-07-23 → 2026-08-02) 50535 bytes
2026-07-23 09:38:09,134 [INFO] [OK] USA/ECM_ENSEMBLE_Wheat_Winter_PRCP/cumulative dia 12 (2026-07-23 → 2026-08-04) 51202 bytes
2026-07-23 09:38:09,258 [INFO] [OK] USA/ECM_ENSEMBLE_Wheat_Winter_PRCP/cumulative dia 13 (2026-07-23 → 2026-08-05) 51346 bytes
2026-07-23 09:38:09,424 [INFO] [OK] USA/ECM_ENSEMBLE_Wheat_Spring_PRCP_DEP/daily dia 00 (2026-07-23 → 2026-07-23) 49850 bytes
2026-07-23 09:38:10,100 [INFO] [OK] USA/ECM_ENSEMBLE_Wheat_Spring_PRCP_DEP/daily dia 02 (2026-07-25 → 2026-07-25) 51488 bytes
2026-07-23 09:38:10,105 [INFO] [OK] USA/ECM_ENSEMBLE_Wheat_Spring_PRCP_DEP/daily dia 01 (2026-07-24 → 2026-07-24) 50194 bytes
2026-07-23 09:38:10,601 [INFO] [OK] USA/ECM_ENSEMBLE_Wheat_Winter_PRCP/cumulative dia 14 (2026-07-23 → 2026-08-06) 51719 bytes
2026-07-23 09:38:10,934 [INFO] [OK] USA/ECM_ENSEMBLE_Wheat_Spring_PRCP_DEP/daily dia 03 (2026-07-26 → 2026-07-26) 51312 bytes
2026-07-23 09:38:10,935 [INFO] [OK] USA/ECM_ENSEMBLE_Wheat_Spring_PRCP_DEP/daily dia 04 (2026-07-27 → 2026-07-27) 48642 bytes
2026-07-23 09:38:11,079 [INFO] [OK] USA/ECM_ENSEMBLE_Wheat_Spring_PRCP_DEP/daily dia 05 (2026-07-28 → 2026-07-28) 49478 bytes
2026-07-23 09:38:11,681 [INFO] [OK] USA/ECM_ENSEMBLE_Wheat_Spring_PRCP_DEP/daily dia 06 (2026-07-29 → 2026-07-29) 50135 bytes
2026-07-23 09:38:11,719 [INFO] [OK] USA/ECM_ENSEMBLE_Wheat_Spring_PRCP_DEP/daily dia 07 (2026-07-30 → 2026-07-30) 52030 bytes
2026-07-23 09:38:12,532 [INFO] [OK] USA/ECM_ENSEMBLE_Wheat_Spring_PRCP_DEP/daily dia 08 (2026-07-31 → 2026-07-31) 52660 bytes
2026-07-23 09:38:12,575 [INFO] [OK] USA/ECM_ENSEMBLE_Wheat_Spring_PRCP_DEP/daily dia 10 (2026-08-02 → 2026-08-02) 55215 bytes
2026-07-23 09:38:12,603 [INFO] [OK] USA/ECM_ENSEMBLE_Wheat_Spring_PRCP_DEP/daily dia 09 (2026-08-01 → 2026-08-01) 54264 bytes
2026-07-23 09:38:12,726 [INFO] [OK] USA/ECM_ENSEMBLE_Wheat_Spring_PRCP_DEP/daily dia 11 (2026-08-03 → 2026-08-03) 54895 bytes
2026-07-23 09:38:13,316 [INFO] [OK] USA/ECM_ENSEMBLE_Wheat_Spring_PRCP_DEP/daily dia 13 (2026-08-05 → 2026-08-05) 56306 bytes
2026-07-23 09:38:13,368 [INFO] [OK] USA/ECM_ENSEMBLE_Wheat_Spring_PRCP_DEP/daily dia 12 (2026-08-04 → 2026-08-04) 56223 bytes
2026-07-23 09:38:14,453 [INFO] [OK] USA/ECM_ENSEMBLE_Wheat_Spring_PRCP_DEP/daily dia 14 (2026-08-06 → 2026-08-06) 55358 bytes
2026-07-23 09:38:14,472 [INFO] [OK] USA/ECM_ENSEMBLE_Wheat_Spring_PRCP_DEP/cumulative dia 01 (2026-07-23 → 2026-07-24) 54087 bytes
2026-07-23 09:38:14,535 [INFO] [OK] USA/ECM_ENSEMBLE_Wheat_Spring_PRCP_DEP/cumulative dia 02 (2026-07-23 → 2026-07-25) 55733 bytes
2026-07-23 09:38:14,548 [INFO] [OK] USA/ECM_ENSEMBLE_Wheat_Spring_PRCP_DEP/cumulative dia 00 (2026-07-23 → 2026-07-23) 49850 bytes
2026-07-23 09:38:15,318 [INFO] [OK] USA/ECM_ENSEMBLE_Wheat_Spring_PRCP_DEP/cumulative dia 03 (2026-07-23 → 2026-07-26) 56421 bytes
2026-07-23 09:38:15,503 [INFO] [OK] USA/ECM_ENSEMBLE_Wheat_Spring_PRCP_DEP/cumulative dia 04 (2026-07-23 → 2026-07-27) 56830 bytes
2026-07-23 09:38:16,569 [INFO] [OK] USA/ECM_ENSEMBLE_Wheat_Spring_PRCP_DEP/cumulative dia 05 (2026-07-23 → 2026-07-28) 56345 bytes
2026-07-23 09:38:16,764 [INFO] [OK] USA/ECM_ENSEMBLE_Wheat_Spring_PRCP_DEP/cumulative dia 06 (2026-07-23 → 2026-07-29) 56095 bytes
2026-07-23 09:38:17,025 [INFO] [OK] USA/ECM_ENSEMBLE_Wheat_Spring_PRCP_DEP/cumulative dia 07 (2026-07-23 → 2026-07-30) 56107 bytes
2026-07-23 09:38:17,035 [INFO] [OK] USA/ECM_ENSEMBLE_Wheat_Spring_PRCP_DEP/cumulative dia 08 (2026-07-23 → 2026-07-31) 56211 bytes
2026-07-23 09:38:17,728 [INFO] [OK] USA/ECM_ENSEMBLE_Wheat_Spring_PRCP_DEP/cumulative dia 09 (2026-07-23 → 2026-08-01) 56131 bytes
2026-07-23 09:38:18,092 [INFO] [OK] USA/ECM_ENSEMBLE_Wheat_Spring_PRCP_DEP/cumulative dia 10 (2026-07-23 → 2026-08-02) 55928 bytes
2026-07-23 09:38:19,297 [INFO] [OK] USA/ECM_ENSEMBLE_Wheat_Spring_PRCP/daily dia 00 (2026-07-23 → 2026-07-23) 36082 bytes
2026-07-23 09:38:19,431 [INFO] [OK] USA/ECM_ENSEMBLE_Wheat_Spring_PRCP_DEP/cumulative dia 11 (2026-07-23 → 2026-08-03) 56032 bytes
2026-07-23 09:38:19,570 [INFO] [OK] USA/ECM_ENSEMBLE_Wheat_Spring_PRCP_DEP/cumulative dia 12 (2026-07-23 → 2026-08-04) 55837 bytes
2026-07-23 09:38:19,814 [INFO] [OK] USA/ECM_ENSEMBLE_Wheat_Spring_PRCP/daily dia 01 (2026-07-24 → 2026-07-24) 35952 bytes
2026-07-23 09:38:19,934 [INFO] [OK] USA/ECM_ENSEMBLE_Wheat_Spring_PRCP_DEP/cumulative dia 13 (2026-07-23 → 2026-08-05) 55611 bytes
2026-07-23 09:38:20,035 [INFO] [OK] USA/ECM_ENSEMBLE_Wheat_Spring_PRCP_DEP/cumulative dia 14 (2026-07-23 → 2026-08-06) 55370 bytes
2026-07-23 09:38:20,845 [INFO] [OK] USA/ECM_ENSEMBLE_Wheat_Spring_PRCP/daily dia 02 (2026-07-25 → 2026-07-25) 34586 bytes
2026-07-23 09:38:21,053 [INFO] [OK] USA/ECM_ENSEMBLE_Wheat_Spring_PRCP/daily dia 03 (2026-07-26 → 2026-07-26) 34139 bytes
2026-07-23 09:38:21,352 [INFO] [OK] USA/ECM_ENSEMBLE_Wheat_Spring_PRCP/daily dia 04 (2026-07-27 → 2026-07-27) 33879 bytes
2026-07-23 09:38:21,660 [INFO] [OK] USA/ECM_ENSEMBLE_Wheat_Spring_PRCP/daily dia 05 (2026-07-28 → 2026-07-28) 34255 bytes
2026-07-23 09:38:21,687 [INFO] [OK] USA/ECM_ENSEMBLE_Wheat_Spring_PRCP/daily dia 06 (2026-07-29 → 2026-07-29) 33869 bytes
2026-07-23 09:38:21,755 [INFO] [OK] USA/ECM_ENSEMBLE_Wheat_Spring_PRCP/daily dia 07 (2026-07-30 → 2026-07-30) 34087 bytes
2026-07-23 09:38:22,413 [INFO] [OK] USA/ECM_ENSEMBLE_Wheat_Spring_PRCP/daily dia 08 (2026-07-31 → 2026-07-31) 33996 bytes
2026-07-23 09:38:22,525 [INFO] [OK] USA/ECM_ENSEMBLE_Wheat_Spring_PRCP/daily dia 09 (2026-08-01 → 2026-08-01) 33685 bytes
2026-07-23 09:38:22,882 [INFO] [OK] USA/ECM_ENSEMBLE_Wheat_Spring_PRCP/daily dia 10 (2026-08-02 → 2026-08-02) 33679 bytes
2026-07-23 09:38:23,383 [INFO] [OK] USA/ECM_ENSEMBLE_Wheat_Spring_PRCP/daily dia 13 (2026-08-05 → 2026-08-05) 34216 bytes
2026-07-23 09:38:23,501 [INFO] [OK] USA/ECM_ENSEMBLE_Wheat_Spring_PRCP/daily dia 11 (2026-08-03 → 2026-08-03) 34229 bytes
2026-07-23 09:38:23,554 [INFO] [OK] USA/ECM_ENSEMBLE_Wheat_Spring_PRCP/daily dia 12 (2026-08-04 → 2026-08-04) 34588 bytes
2026-07-23 09:38:23,930 [INFO] [OK] USA/ECM_ENSEMBLE_Wheat_Spring_PRCP/daily dia 14 (2026-08-06 → 2026-08-06) 33911 bytes
2026-07-23 09:38:24,016 [INFO] [OK] USA/ECM_ENSEMBLE_Wheat_Spring_PRCP/cumulative dia 00 (2026-07-23 → 2026-07-23) 36082 bytes
2026-07-23 09:38:24,550 [INFO] [OK] USA/ECM_ENSEMBLE_Wheat_Spring_PRCP/cumulative dia 01 (2026-07-23 → 2026-07-24) 39320 bytes
2026-07-23 09:38:25,194 [INFO] [OK] USA/ECM_ENSEMBLE_Wheat_Spring_PRCP/cumulative dia 02 (2026-07-23 → 2026-07-25) 40930 bytes
2026-07-23 09:38:25,355 [INFO] [OK] USA/ECM_ENSEMBLE_Wheat_Spring_PRCP/cumulative dia 03 (2026-07-23 → 2026-07-26) 42046 bytes
2026-07-23 09:38:25,481 [INFO] [OK] USA/ECM_ENSEMBLE_Wheat_Spring_PRCP/cumulative dia 04 (2026-07-23 → 2026-07-27) 42908 bytes
2026-07-23 09:38:26,060 [INFO] [OK] USA/ECM_ENSEMBLE_Wheat_Spring_PRCP/cumulative dia 05 (2026-07-23 → 2026-07-28) 44031 bytes
2026-07-23 09:38:26,188 [INFO] [OK] USA/ECM_ENSEMBLE_Wheat_Spring_PRCP/cumulative dia 06 (2026-07-23 → 2026-07-29) 45010 bytes
2026-07-23 09:38:26,800 [INFO] [OK] USA/ECM_ENSEMBLE_Wheat_Spring_PRCP/cumulative dia 07 (2026-07-23 → 2026-07-30) 45224 bytes
2026-07-23 09:38:27,637 [INFO] [OK] USA/ECM_ENSEMBLE_Wheat_Spring_PRCP/cumulative dia 08 (2026-07-23 → 2026-07-31) 46005 bytes
2026-07-23 09:38:28,015 [INFO] [OK] USA/ECM_ENSEMBLE_Wheat_Spring_PRCP/cumulative dia 09 (2026-07-23 → 2026-08-01) 46393 bytes
2026-07-23 09:38:28,449 [INFO] [OK] USA/ECM_ENSEMBLE_Wheat_Spring_PRCP/cumulative dia 10 (2026-07-23 → 2026-08-02) 46736 bytes
2026-07-23 09:38:28,705 [INFO] [OK] USA/ECM_ENSEMBLE_Wheat_Spring_PRCP/cumulative dia 11 (2026-07-23 → 2026-08-03) 47287 bytes
2026-07-23 09:38:28,870 [INFO] [OK] USA/ECM_ENSEMBLE_Wheat_Spring_PRCP/cumulative dia 12 (2026-07-23 → 2026-08-04) 47279 bytes
2026-07-23 09:38:29,671 [INFO] [OK] USA/ECM_ENSEMBLE_Wheat_Spring_PRCP/cumulative dia 13 (2026-07-23 → 2026-08-05) 47474 bytes
2026-07-23 09:38:30,419 [INFO] [OK] USA/ECM_ENSEMBLE_Wheat_Spring_PRCP/cumulative dia 14 (2026-07-23 → 2026-08-06) 47974 bytes
2026-07-23 09:38:30,447 [INFO] Resumo: 960/960 sucessos, 0 erros
2026-07-23 09:38:32,236 [INFO] [CLEANUP] Removidas 256 pastas de histórico anteriores a 2026-06-23
2026-07-23 09:38:32,265 [INFO] Manifest: C:\Users\server\OneDrive - CGB Enterprises, Inc\ZGC-PBI Research - Documents\Dataset Data Files\Weather_maps\manifest.json
2026-07-23 09:38:32,265 [INFO] [GIT] Iniciando sincronização com GitHub...
