2026-07-17 09:33:17,661 [INFO] === Execução 2026-07-17 | modo=both | dias=15 | parâmetro=['PRCP_DEP', 'PRCP'] ===
2026-07-17 09:33:17,663 [INFO] Baixando 960 mapas com 6 threads...
2026-07-17 09:33:20,195 [INFO] [OK] Brazil/GFS_ENSEMBLE_Soy_PRCP_DEP/daily dia 00 (2026-07-17 → 2026-07-17) 42314 bytes
2026-07-17 09:33:20,291 [INFO] [OK] Brazil/GFS_ENSEMBLE_Soy_PRCP_DEP/daily dia 01 (2026-07-18 → 2026-07-18) 45554 bytes
2026-07-17 09:33:20,292 [INFO] [OK] Brazil/GFS_ENSEMBLE_Soy_PRCP_DEP/daily dia 05 (2026-07-22 → 2026-07-22) 44627 bytes
2026-07-17 09:33:20,293 [INFO] [OK] Brazil/GFS_ENSEMBLE_Soy_PRCP_DEP/daily dia 03 (2026-07-20 → 2026-07-20) 43687 bytes
2026-07-17 09:33:20,311 [INFO] [OK] Brazil/GFS_ENSEMBLE_Soy_PRCP_DEP/daily dia 04 (2026-07-21 → 2026-07-21) 45434 bytes
2026-07-17 09:33:20,453 [INFO] [OK] Brazil/GFS_ENSEMBLE_Soy_PRCP_DEP/daily dia 02 (2026-07-19 → 2026-07-19) 43803 bytes
2026-07-17 09:33:22,053 [INFO] [OK] Brazil/GFS_ENSEMBLE_Soy_PRCP_DEP/daily dia 06 (2026-07-23 → 2026-07-23) 45552 bytes
2026-07-17 09:33:22,054 [INFO] [OK] Brazil/GFS_ENSEMBLE_Soy_PRCP_DEP/daily dia 09 (2026-07-26 → 2026-07-26) 48794 bytes
2026-07-17 09:33:22,133 [INFO] [OK] Brazil/GFS_ENSEMBLE_Soy_PRCP_DEP/daily dia 08 (2026-07-25 → 2026-07-25) 47982 bytes
2026-07-17 09:33:22,204 [INFO] [OK] Brazil/GFS_ENSEMBLE_Soy_PRCP_DEP/daily dia 07 (2026-07-24 → 2026-07-24) 46244 bytes
2026-07-17 09:33:22,310 [INFO] [OK] Brazil/GFS_ENSEMBLE_Soy_PRCP_DEP/daily dia 10 (2026-07-27 → 2026-07-27) 48919 bytes
2026-07-17 09:33:22,425 [INFO] [OK] Brazil/GFS_ENSEMBLE_Soy_PRCP_DEP/daily dia 11 (2026-07-28 → 2026-07-28) 51264 bytes
2026-07-17 09:33:23,583 [INFO] [OK] Brazil/GFS_ENSEMBLE_Soy_PRCP_DEP/daily dia 13 (2026-07-30 → 2026-07-30) 52434 bytes
2026-07-17 09:33:23,589 [INFO] [OK] Brazil/GFS_ENSEMBLE_Soy_PRCP_DEP/daily dia 14 (2026-07-31 → 2026-07-31) 50718 bytes
2026-07-17 09:33:23,809 [INFO] [OK] Brazil/GFS_ENSEMBLE_Soy_PRCP_DEP/daily dia 12 (2026-07-29 → 2026-07-29) 52063 bytes
2026-07-17 09:33:24,002 [INFO] [OK] Brazil/GFS_ENSEMBLE_Soy_PRCP_DEP/cumulative dia 01 (2026-07-17 → 2026-07-18) 44752 bytes
2026-07-17 09:33:24,076 [INFO] [OK] Brazil/GFS_ENSEMBLE_Soy_PRCP_DEP/cumulative dia 02 (2026-07-17 → 2026-07-19) 46063 bytes
2026-07-17 09:33:24,079 [INFO] [OK] Brazil/GFS_ENSEMBLE_Soy_PRCP_DEP/cumulative dia 00 (2026-07-17 → 2026-07-17) 42314 bytes
2026-07-17 09:33:25,087 [INFO] [OK] Brazil/GFS_ENSEMBLE_Soy_PRCP_DEP/cumulative dia 03 (2026-07-17 → 2026-07-20) 46570 bytes
2026-07-17 09:33:25,147 [INFO] [OK] Brazil/GFS_ENSEMBLE_Soy_PRCP_DEP/cumulative dia 04 (2026-07-17 → 2026-07-21) 48009 bytes
2026-07-17 09:33:26,651 [INFO] [OK] Brazil/GFS_ENSEMBLE_Soy_PRCP_DEP/cumulative dia 05 (2026-07-17 → 2026-07-22) 49155 bytes
2026-07-17 09:33:26,670 [INFO] [OK] Brazil/GFS_ENSEMBLE_Soy_PRCP_DEP/cumulative dia 06 (2026-07-17 → 2026-07-23) 49592 bytes
2026-07-17 09:33:26,680 [INFO] [OK] Brazil/GFS_ENSEMBLE_Soy_PRCP_DEP/cumulative dia 08 (2026-07-17 → 2026-07-25) 49875 bytes
2026-07-17 09:33:26,686 [INFO] [OK] Brazil/GFS_ENSEMBLE_Soy_PRCP_DEP/cumulative dia 07 (2026-07-17 → 2026-07-24) 49755 bytes
2026-07-17 09:33:27,112 [INFO] [OK] Brazil/GFS_ENSEMBLE_Soy_PRCP_DEP/cumulative dia 09 (2026-07-17 → 2026-07-26) 50611 bytes
2026-07-17 09:33:27,425 [INFO] [OK] Brazil/GFS_ENSEMBLE_Soy_PRCP_DEP/cumulative dia 10 (2026-07-17 → 2026-07-27) 51272 bytes
2026-07-17 09:33:28,782 [INFO] [OK] Brazil/GFS_ENSEMBLE_Soy_PRCP/daily dia 00 (2026-07-17 → 2026-07-17) 32265 bytes
2026-07-17 09:33:29,677 [INFO] [OK] Brazil/GFS_ENSEMBLE_Soy_PRCP/daily dia 01 (2026-07-18 → 2026-07-18) 32733 bytes
2026-07-17 09:33:30,337 [INFO] [OK] Brazil/GFS_ENSEMBLE_Soy_PRCP/daily dia 02 (2026-07-19 → 2026-07-19) 32248 bytes
2026-07-17 09:33:30,413 [INFO] [OK] Brazil/GFS_ENSEMBLE_Soy_PRCP_DEP/cumulative dia 12 (2026-07-17 → 2026-07-29) 51597 bytes
2026-07-17 09:33:30,492 [INFO] [OK] Brazil/GFS_ENSEMBLE_Soy_PRCP_DEP/cumulative dia 11 (2026-07-17 → 2026-07-28) 51202 bytes
2026-07-17 09:33:30,759 [INFO] [OK] Brazil/GFS_ENSEMBLE_Soy_PRCP_DEP/cumulative dia 14 (2026-07-17 → 2026-07-31) 53704 bytes
2026-07-17 09:33:30,887 [INFO] [OK] Brazil/GFS_ENSEMBLE_Soy_PRCP_DEP/cumulative dia 13 (2026-07-17 → 2026-07-30) 52448 bytes
2026-07-17 09:33:30,948 [INFO] [OK] Brazil/GFS_ENSEMBLE_Soy_PRCP/daily dia 03 (2026-07-20 → 2026-07-20) 31831 bytes
2026-07-17 09:33:31,888 [INFO] [OK] Brazil/GFS_ENSEMBLE_Soy_PRCP/daily dia 04 (2026-07-21 → 2026-07-21) 31993 bytes
2026-07-17 09:33:31,902 [INFO] [OK] Brazil/GFS_ENSEMBLE_Soy_PRCP/daily dia 05 (2026-07-22 → 2026-07-22) 31681 bytes
2026-07-17 09:33:31,903 [INFO] [OK] Brazil/GFS_ENSEMBLE_Soy_PRCP/daily dia 06 (2026-07-23 → 2026-07-23) 30221 bytes
2026-07-17 09:33:32,213 [INFO] [OK] Brazil/GFS_ENSEMBLE_Soy_PRCP/daily dia 07 (2026-07-24 → 2026-07-24) 30271 bytes
2026-07-17 09:33:32,258 [INFO] [OK] Brazil/GFS_ENSEMBLE_Soy_PRCP/daily dia 08 (2026-07-25 → 2026-07-25) 30590 bytes
2026-07-17 09:33:32,346 [INFO] [OK] Brazil/GFS_ENSEMBLE_Soy_PRCP/daily dia 09 (2026-07-26 → 2026-07-26) 30102 bytes
2026-07-17 09:33:33,204 [INFO] [OK] Brazil/GFS_ENSEMBLE_Soy_PRCP/daily dia 11 (2026-07-28 → 2026-07-28) 30846 bytes
2026-07-17 09:33:33,205 [INFO] [OK] Brazil/GFS_ENSEMBLE_Soy_PRCP/daily dia 12 (2026-07-29 → 2026-07-29) 30766 bytes
2026-07-17 09:33:33,529 [INFO] [OK] Brazil/GFS_ENSEMBLE_Soy_PRCP/daily dia 10 (2026-07-27 → 2026-07-27) 30332 bytes
2026-07-17 09:33:34,211 [INFO] [OK] Brazil/GFS_ENSEMBLE_Soy_PRCP/daily dia 13 (2026-07-30 → 2026-07-30) 30689 bytes
2026-07-17 09:33:34,630 [INFO] [OK] Brazil/GFS_ENSEMBLE_Soy_PRCP/cumulative dia 00 (2026-07-17 → 2026-07-17) 32265 bytes
2026-07-17 09:33:34,631 [INFO] [OK] Brazil/GFS_ENSEMBLE_Soy_PRCP/daily dia 14 (2026-07-31 → 2026-07-31) 31776 bytes
2026-07-17 09:33:34,664 [INFO] [OK] Brazil/GFS_ENSEMBLE_Soy_PRCP/cumulative dia 01 (2026-07-17 → 2026-07-18) 35004 bytes
2026-07-17 09:33:34,967 [INFO] [OK] Brazil/GFS_ENSEMBLE_Soy_PRCP/cumulative dia 02 (2026-07-17 → 2026-07-19) 36319 bytes
2026-07-17 09:33:35,298 [INFO] [OK] Brazil/GFS_ENSEMBLE_Soy_PRCP/cumulative dia 03 (2026-07-17 → 2026-07-20) 37421 bytes
2026-07-17 09:33:36,590 [INFO] [OK] Brazil/GFS_ENSEMBLE_Soy_PRCP/cumulative dia 04 (2026-07-17 → 2026-07-21) 38829 bytes
2026-07-17 09:33:36,716 [INFO] [OK] Brazil/GFS_ENSEMBLE_Soy_PRCP/cumulative dia 05 (2026-07-17 → 2026-07-22) 39779 bytes
2026-07-17 09:33:36,718 [INFO] [OK] Brazil/GFS_ENSEMBLE_Soy_PRCP/cumulative dia 06 (2026-07-17 → 2026-07-23) 40336 bytes
2026-07-17 09:33:37,002 [INFO] [OK] Brazil/GFS_ENSEMBLE_Soy_PRCP/cumulative dia 07 (2026-07-17 → 2026-07-24) 40590 bytes
2026-07-17 09:33:37,395 [INFO] [OK] Brazil/GFS_ENSEMBLE_Soy_PRCP/cumulative dia 08 (2026-07-17 → 2026-07-25) 40773 bytes
2026-07-17 09:33:37,578 [INFO] [OK] Brazil/GFS_ENSEMBLE_Soy_PRCP/cumulative dia 09 (2026-07-17 → 2026-07-26) 41171 bytes
2026-07-17 09:33:38,999 [INFO] [OK] Brazil/GFS_ENSEMBLE_Corn_Winter_PRCP_DEP/daily dia 00 (2026-07-17 → 2026-07-17) 40675 bytes
2026-07-17 09:33:39,000 [INFO] [OK] Brazil/GFS_ENSEMBLE_Soy_PRCP/cumulative dia 10 (2026-07-17 → 2026-07-27) 41524 bytes
2026-07-17 09:33:39,094 [INFO] [OK] Brazil/GFS_ENSEMBLE_Soy_PRCP/cumulative dia 11 (2026-07-17 → 2026-07-28) 41977 bytes
2026-07-17 09:33:39,146 [INFO] [OK] Brazil/GFS_ENSEMBLE_Soy_PRCP/cumulative dia 12 (2026-07-17 → 2026-07-29) 42304 bytes
2026-07-17 09:33:39,265 [INFO] [OK] Brazil/GFS_ENSEMBLE_Soy_PRCP/cumulative dia 13 (2026-07-17 → 2026-07-30) 42564 bytes
2026-07-17 09:33:39,947 [INFO] [OK] Brazil/GFS_ENSEMBLE_Soy_PRCP/cumulative dia 14 (2026-07-17 → 2026-07-31) 43169 bytes
2026-07-17 09:33:40,573 [INFO] [OK] Brazil/GFS_ENSEMBLE_Corn_Winter_PRCP_DEP/daily dia 02 (2026-07-19 → 2026-07-19) 42405 bytes
2026-07-17 09:33:40,734 [INFO] [OK] Brazil/GFS_ENSEMBLE_Corn_Winter_PRCP_DEP/daily dia 01 (2026-07-18 → 2026-07-18) 43970 bytes
2026-07-17 09:33:40,736 [INFO] [OK] Brazil/GFS_ENSEMBLE_Corn_Winter_PRCP_DEP/daily dia 04 (2026-07-21 → 2026-07-21) 43941 bytes
2026-07-17 09:33:40,738 [INFO] [OK] Brazil/GFS_ENSEMBLE_Corn_Winter_PRCP_DEP/daily dia 03 (2026-07-20 → 2026-07-20) 42174 bytes
2026-07-17 09:33:40,740 [INFO] [OK] Brazil/GFS_ENSEMBLE_Corn_Winter_PRCP_DEP/daily dia 05 (2026-07-22 → 2026-07-22) 43055 bytes
2026-07-17 09:33:41,285 [INFO] [OK] Brazil/GFS_ENSEMBLE_Corn_Winter_PRCP_DEP/daily dia 06 (2026-07-23 → 2026-07-23) 43984 bytes
2026-07-17 09:33:42,209 [INFO] [OK] Brazil/GFS_ENSEMBLE_Corn_Winter_PRCP_DEP/daily dia 11 (2026-07-28 → 2026-07-28) 49648 bytes
2026-07-17 09:33:42,217 [INFO] [OK] Brazil/GFS_ENSEMBLE_Corn_Winter_PRCP_DEP/daily dia 07 (2026-07-24 → 2026-07-24) 44817 bytes
2026-07-17 09:33:42,230 [INFO] [OK] Brazil/GFS_ENSEMBLE_Corn_Winter_PRCP_DEP/daily dia 08 (2026-07-25 → 2026-07-25) 46496 bytes
2026-07-17 09:33:42,230 [INFO] [OK] Brazil/GFS_ENSEMBLE_Corn_Winter_PRCP_DEP/daily dia 10 (2026-07-27 → 2026-07-27) 47169 bytes
2026-07-17 09:33:42,231 [INFO] [OK] Brazil/GFS_ENSEMBLE_Corn_Winter_PRCP_DEP/daily dia 09 (2026-07-26 → 2026-07-26) 46926 bytes
2026-07-17 09:33:42,742 [INFO] [OK] Brazil/GFS_ENSEMBLE_Corn_Winter_PRCP_DEP/daily dia 12 (2026-07-29 → 2026-07-29) 50512 bytes
2026-07-17 09:33:43,608 [INFO] [OK] Brazil/GFS_ENSEMBLE_Corn_Winter_PRCP_DEP/daily dia 13 (2026-07-30 → 2026-07-30) 50970 bytes
2026-07-17 09:33:43,640 [INFO] [OK] Brazil/GFS_ENSEMBLE_Corn_Winter_PRCP_DEP/cumulative dia 01 (2026-07-17 → 2026-07-18) 43280 bytes
2026-07-17 09:33:43,744 [INFO] [OK] Brazil/GFS_ENSEMBLE_Corn_Winter_PRCP_DEP/cumulative dia 00 (2026-07-17 → 2026-07-17) 40675 bytes
2026-07-17 09:33:43,844 [INFO] [OK] Brazil/GFS_ENSEMBLE_Corn_Winter_PRCP_DEP/daily dia 14 (2026-07-31 → 2026-07-31) 49478 bytes
2026-07-17 09:33:43,846 [INFO] [OK] Brazil/GFS_ENSEMBLE_Corn_Winter_PRCP_DEP/cumulative dia 02 (2026-07-17 → 2026-07-19) 44457 bytes
2026-07-17 09:33:44,198 [INFO] [OK] Brazil/GFS_ENSEMBLE_Corn_Winter_PRCP_DEP/cumulative dia 03 (2026-07-17 → 2026-07-20) 44878 bytes
2026-07-17 09:33:45,655 [INFO] [OK] Brazil/GFS_ENSEMBLE_Corn_Winter_PRCP_DEP/cumulative dia 04 (2026-07-17 → 2026-07-21) 46505 bytes
2026-07-17 09:33:46,010 [INFO] [OK] Brazil/GFS_ENSEMBLE_Corn_Winter_PRCP_DEP/cumulative dia 05 (2026-07-17 → 2026-07-22) 47818 bytes
2026-07-17 09:33:46,585 [INFO] [OK] Brazil/GFS_ENSEMBLE_Corn_Winter_PRCP_DEP/cumulative dia 06 (2026-07-17 → 2026-07-23) 48380 bytes
2026-07-17 09:33:47,073 [INFO] [OK] Brazil/GFS_ENSEMBLE_Corn_Winter_PRCP_DEP/cumulative dia 07 (2026-07-17 → 2026-07-24) 48453 bytes
2026-07-17 09:33:47,171 [INFO] [OK] Brazil/GFS_ENSEMBLE_Corn_Winter_PRCP_DEP/cumulative dia 08 (2026-07-17 → 2026-07-25) 48710 bytes
2026-07-17 09:33:47,844 [INFO] [OK] Brazil/GFS_ENSEMBLE_Corn_Winter_PRCP_DEP/cumulative dia 09 (2026-07-17 → 2026-07-26) 49259 bytes
2026-07-17 09:33:48,871 [INFO] [OK] Brazil/GFS_ENSEMBLE_Corn_Winter_PRCP_DEP/cumulative dia 10 (2026-07-17 → 2026-07-27) 49778 bytes
2026-07-17 09:33:49,979 [INFO] [OK] Brazil/GFS_ENSEMBLE_Corn_Winter_PRCP/daily dia 00 (2026-07-17 → 2026-07-17) 30678 bytes
2026-07-17 09:33:49,999 [INFO] [OK] Brazil/GFS_ENSEMBLE_Corn_Winter_PRCP_DEP/cumulative dia 11 (2026-07-17 → 2026-07-28) 49694 bytes
2026-07-17 09:33:50,573 [INFO] [OK] Brazil/GFS_ENSEMBLE_Corn_Winter_PRCP/daily dia 01 (2026-07-18 → 2026-07-18) 31061 bytes
2026-07-17 09:33:50,634 [INFO] [OK] Brazil/GFS_ENSEMBLE_Corn_Winter_PRCP_DEP/cumulative dia 12 (2026-07-17 → 2026-07-29) 50192 bytes
2026-07-17 09:33:50,871 [INFO] [OK] Brazil/GFS_ENSEMBLE_Corn_Winter_PRCP_DEP/cumulative dia 13 (2026-07-17 → 2026-07-30) 50883 bytes
2026-07-17 09:33:51,551 [INFO] [OK] Brazil/GFS_ENSEMBLE_Corn_Winter_PRCP/daily dia 02 (2026-07-19 → 2026-07-19) 30458 bytes
2026-07-17 09:33:51,554 [INFO] [OK] Brazil/GFS_ENSEMBLE_Corn_Winter_PRCP/daily dia 03 (2026-07-20 → 2026-07-20) 30092 bytes
2026-07-17 09:33:51,556 [INFO] [OK] Brazil/GFS_ENSEMBLE_Corn_Winter_PRCP_DEP/cumulative dia 14 (2026-07-17 → 2026-07-31) 52319 bytes
2026-07-17 09:33:52,464 [INFO] [OK] Brazil/GFS_ENSEMBLE_Corn_Winter_PRCP/daily dia 04 (2026-07-21 → 2026-07-21) 30426 bytes
2026-07-17 09:33:52,468 [INFO] [OK] Brazil/GFS_ENSEMBLE_Corn_Winter_PRCP/daily dia 05 (2026-07-22 → 2026-07-22) 30125 bytes
2026-07-17 09:33:52,476 [INFO] [OK] Brazil/GFS_ENSEMBLE_Corn_Winter_PRCP/daily dia 06 (2026-07-23 → 2026-07-23) 28637 bytes
2026-07-17 09:33:53,433 [INFO] [OK] Brazil/GFS_ENSEMBLE_Corn_Winter_PRCP/daily dia 09 (2026-07-26 → 2026-07-26) 28613 bytes
2026-07-17 09:33:53,434 [INFO] [OK] Brazil/GFS_ENSEMBLE_Corn_Winter_PRCP/daily dia 07 (2026-07-24 → 2026-07-24) 28746 bytes
2026-07-17 09:33:53,439 [INFO] [OK] Brazil/GFS_ENSEMBLE_Corn_Winter_PRCP/daily dia 08 (2026-07-25 → 2026-07-25) 29112 bytes
2026-07-17 09:33:54,057 [INFO] [OK] Brazil/GFS_ENSEMBLE_Corn_Winter_PRCP/daily dia 11 (2026-07-28 → 2026-07-28) 29270 bytes
2026-07-17 09:33:54,180 [INFO] [OK] Brazil/GFS_ENSEMBLE_Corn_Winter_PRCP/daily dia 10 (2026-07-27 → 2026-07-27) 28842 bytes
2026-07-17 09:33:54,288 [INFO] [OK] Brazil/GFS_ENSEMBLE_Corn_Winter_PRCP/daily dia 12 (2026-07-29 → 2026-07-29) 29146 bytes
2026-07-17 09:33:55,167 [INFO] [OK] Brazil/GFS_ENSEMBLE_Corn_Winter_PRCP/daily dia 13 (2026-07-30 → 2026-07-30) 29189 bytes
2026-07-17 09:33:55,175 [INFO] [OK] Brazil/GFS_ENSEMBLE_Corn_Winter_PRCP/cumulative dia 00 (2026-07-17 → 2026-07-17) 30678 bytes
2026-07-17 09:33:55,176 [INFO] [OK] Brazil/GFS_ENSEMBLE_Corn_Winter_PRCP/daily dia 14 (2026-07-31 → 2026-07-31) 30294 bytes
2026-07-17 09:33:55,510 [INFO] [OK] Brazil/GFS_ENSEMBLE_Corn_Winter_PRCP/cumulative dia 01 (2026-07-17 → 2026-07-18) 33305 bytes
2026-07-17 09:33:55,727 [INFO] [OK] Brazil/GFS_ENSEMBLE_Corn_Winter_PRCP/cumulative dia 02 (2026-07-17 → 2026-07-19) 34444 bytes
2026-07-17 09:33:55,859 [INFO] [OK] Brazil/GFS_ENSEMBLE_Corn_Winter_PRCP/cumulative dia 03 (2026-07-17 → 2026-07-20) 35643 bytes
2026-07-17 09:33:56,827 [INFO] [OK] Brazil/GFS_ENSEMBLE_Corn_Winter_PRCP/cumulative dia 04 (2026-07-17 → 2026-07-21) 37052 bytes
2026-07-17 09:33:57,006 [INFO] [OK] Brazil/GFS_ENSEMBLE_Corn_Winter_PRCP/cumulative dia 05 (2026-07-17 → 2026-07-22) 38083 bytes
2026-07-17 09:33:57,031 [INFO] [OK] Brazil/GFS_ENSEMBLE_Corn_Winter_PRCP/cumulative dia 06 (2026-07-17 → 2026-07-23) 38679 bytes
2026-07-17 09:33:57,351 [INFO] [OK] Brazil/GFS_ENSEMBLE_Corn_Winter_PRCP/cumulative dia 07 (2026-07-17 → 2026-07-24) 38975 bytes
2026-07-17 09:33:57,617 [INFO] [OK] Brazil/GFS_ENSEMBLE_Corn_Winter_PRCP/cumulative dia 08 (2026-07-17 → 2026-07-25) 39276 bytes
2026-07-17 09:33:57,787 [INFO] [OK] Brazil/GFS_ENSEMBLE_Corn_Winter_PRCP/cumulative dia 09 (2026-07-17 → 2026-07-26) 39604 bytes
2026-07-17 09:33:59,054 [INFO] [OK] Brazil/GFS_ENSEMBLE_Corn_Winter_PRCP/cumulative dia 10 (2026-07-17 → 2026-07-27) 39963 bytes
2026-07-17 09:33:59,414 [INFO] [OK] Brazil/ECM_ENSEMBLE_Soy_PRCP_DEP/daily dia 00 (2026-07-17 → 2026-07-17) 47388 bytes
2026-07-17 09:33:59,420 [INFO] [OK] Brazil/GFS_ENSEMBLE_Corn_Winter_PRCP/cumulative dia 11 (2026-07-17 → 2026-07-28) 40446 bytes
2026-07-17 09:33:59,460 [INFO] [OK] Brazil/GFS_ENSEMBLE_Corn_Winter_PRCP/cumulative dia 12 (2026-07-17 → 2026-07-29) 40720 bytes
2026-07-17 09:33:59,627 [INFO] [OK] Brazil/GFS_ENSEMBLE_Corn_Winter_PRCP/cumulative dia 13 (2026-07-17 → 2026-07-30) 41123 bytes
2026-07-17 09:34:00,189 [INFO] [OK] Brazil/GFS_ENSEMBLE_Corn_Winter_PRCP/cumulative dia 14 (2026-07-17 → 2026-07-31) 41525 bytes
2026-07-17 09:34:00,416 [INFO] [OK] Brazil/ECM_ENSEMBLE_Soy_PRCP_DEP/daily dia 01 (2026-07-18 → 2026-07-18) 45241 bytes
2026-07-17 09:34:00,756 [INFO] [OK] Brazil/ECM_ENSEMBLE_Soy_PRCP_DEP/daily dia 02 (2026-07-19 → 2026-07-19) 46304 bytes
2026-07-17 09:34:00,774 [INFO] [OK] Brazil/ECM_ENSEMBLE_Soy_PRCP_DEP/daily dia 04 (2026-07-21 → 2026-07-21) 48663 bytes
2026-07-17 09:34:01,236 [INFO] [OK] Brazil/ECM_ENSEMBLE_Soy_PRCP_DEP/daily dia 05 (2026-07-22 → 2026-07-22) 49401 bytes
2026-07-17 09:34:01,241 [INFO] [OK] Brazil/ECM_ENSEMBLE_Soy_PRCP_DEP/daily dia 03 (2026-07-20 → 2026-07-20) 46960 bytes
2026-07-17 09:34:01,481 [INFO] [OK] Brazil/ECM_ENSEMBLE_Soy_PRCP_DEP/daily dia 06 (2026-07-23 → 2026-07-23) 48482 bytes
2026-07-17 09:34:01,932 [INFO] [OK] Brazil/ECM_ENSEMBLE_Soy_PRCP_DEP/daily dia 07 (2026-07-24 → 2026-07-24) 49888 bytes
2026-07-17 09:34:02,416 [INFO] [OK] Brazil/ECM_ENSEMBLE_Soy_PRCP_DEP/daily dia 09 (2026-07-26 → 2026-07-26) 49820 bytes
2026-07-17 09:34:02,464 [INFO] [OK] Brazil/ECM_ENSEMBLE_Soy_PRCP_DEP/daily dia 08 (2026-07-25 → 2026-07-25) 51104 bytes
2026-07-17 09:34:02,697 [INFO] [OK] Brazil/ECM_ENSEMBLE_Soy_PRCP_DEP/daily dia 11 (2026-07-28 → 2026-07-28) 50176 bytes
2026-07-17 09:34:03,583 [INFO] [OK] Brazil/ECM_ENSEMBLE_Soy_PRCP_DEP/daily dia 10 (2026-07-27 → 2026-07-27) 49070 bytes
2026-07-17 09:34:03,583 [INFO] [OK] Brazil/ECM_ENSEMBLE_Soy_PRCP_DEP/daily dia 12 (2026-07-29 → 2026-07-29) 49774 bytes
2026-07-17 09:34:03,586 [INFO] [OK] Brazil/ECM_ENSEMBLE_Soy_PRCP_DEP/daily dia 13 (2026-07-30 → 2026-07-30) 52579 bytes
2026-07-17 09:34:03,881 [INFO] [OK] Brazil/ECM_ENSEMBLE_Soy_PRCP_DEP/cumulative dia 00 (2026-07-17 → 2026-07-17) 47388 bytes
2026-07-17 09:34:04,003 [INFO] [OK] Brazil/ECM_ENSEMBLE_Soy_PRCP_DEP/daily dia 14 (2026-07-31 → 2026-07-31) 53498 bytes
2026-07-17 09:34:04,375 [INFO] [OK] Brazil/ECM_ENSEMBLE_Soy_PRCP_DEP/cumulative dia 01 (2026-07-17 → 2026-07-18) 46944 bytes
2026-07-17 09:34:05,080 [INFO] [OK] Brazil/ECM_ENSEMBLE_Soy_PRCP_DEP/cumulative dia 02 (2026-07-17 → 2026-07-19) 47969 bytes
2026-07-17 09:34:05,152 [INFO] [OK] Brazil/ECM_ENSEMBLE_Soy_PRCP_DEP/cumulative dia 03 (2026-07-17 → 2026-07-20) 48267 bytes
2026-07-17 09:34:05,258 [INFO] [OK] Brazil/ECM_ENSEMBLE_Soy_PRCP_DEP/cumulative dia 04 (2026-07-17 → 2026-07-21) 48337 bytes
2026-07-17 09:34:05,619 [INFO] [OK] Brazil/ECM_ENSEMBLE_Soy_PRCP_DEP/cumulative dia 05 (2026-07-17 → 2026-07-22) 48517 bytes
2026-07-17 09:34:06,366 [INFO] [OK] Brazil/ECM_ENSEMBLE_Soy_PRCP_DEP/cumulative dia 06 (2026-07-17 → 2026-07-23) 48700 bytes
2026-07-17 09:34:06,370 [INFO] [OK] Brazil/ECM_ENSEMBLE_Soy_PRCP_DEP/cumulative dia 07 (2026-07-17 → 2026-07-24) 49016 bytes
2026-07-17 09:34:06,981 [INFO] [OK] Brazil/ECM_ENSEMBLE_Soy_PRCP_DEP/cumulative dia 08 (2026-07-17 → 2026-07-25) 50078 bytes
2026-07-17 09:34:07,126 [INFO] [OK] Brazil/ECM_ENSEMBLE_Soy_PRCP_DEP/cumulative dia 09 (2026-07-17 → 2026-07-26) 49710 bytes
2026-07-17 09:34:07,307 [INFO] [OK] Brazil/ECM_ENSEMBLE_Soy_PRCP_DEP/cumulative dia 10 (2026-07-17 → 2026-07-27) 49828 bytes
2026-07-17 09:34:07,812 [INFO] [OK] Brazil/ECM_ENSEMBLE_Soy_PRCP_DEP/cumulative dia 11 (2026-07-17 → 2026-07-28) 50412 bytes
2026-07-17 09:34:08,571 [INFO] [OK] Brazil/ECM_ENSEMBLE_Soy_PRCP/daily dia 00 (2026-07-17 → 2026-07-17) 32835 bytes
2026-07-17 09:34:08,696 [INFO] [OK] Brazil/ECM_ENSEMBLE_Soy_PRCP/daily dia 01 (2026-07-18 → 2026-07-18) 33849 bytes
2026-07-17 09:34:09,112 [INFO] [OK] Brazil/ECM_ENSEMBLE_Soy_PRCP/daily dia 02 (2026-07-19 → 2026-07-19) 33608 bytes
2026-07-17 09:34:09,124 [INFO] [OK] Brazil/ECM_ENSEMBLE_Soy_PRCP_DEP/cumulative dia 13 (2026-07-17 → 2026-07-30) 50335 bytes
2026-07-17 09:34:09,126 [INFO] [OK] Brazil/ECM_ENSEMBLE_Soy_PRCP_DEP/cumulative dia 12 (2026-07-17 → 2026-07-29) 50258 bytes
2026-07-17 09:34:09,338 [INFO] [OK] Brazil/ECM_ENSEMBLE_Soy_PRCP_DEP/cumulative dia 14 (2026-07-17 → 2026-07-31) 50890 bytes
2026-07-17 09:34:09,868 [INFO] [OK] Brazil/ECM_ENSEMBLE_Soy_PRCP/daily dia 03 (2026-07-20 → 2026-07-20) 33508 bytes
2026-07-17 09:34:09,932 [INFO] [OK] Brazil/ECM_ENSEMBLE_Soy_PRCP/daily dia 04 (2026-07-21 → 2026-07-21) 34206 bytes
2026-07-17 09:34:10,388 [INFO] [OK] Brazil/ECM_ENSEMBLE_Soy_PRCP/daily dia 07 (2026-07-24 → 2026-07-24) 31088 bytes
2026-07-17 09:34:10,687 [INFO] [OK] Brazil/ECM_ENSEMBLE_Soy_PRCP/daily dia 05 (2026-07-22 → 2026-07-22) 33573 bytes
2026-07-17 09:34:10,722 [INFO] [OK] Brazil/ECM_ENSEMBLE_Soy_PRCP/daily dia 06 (2026-07-23 → 2026-07-23) 32114 bytes
2026-07-17 09:34:10,897 [INFO] [OK] Brazil/ECM_ENSEMBLE_Soy_PRCP/daily dia 08 (2026-07-25 → 2026-07-25) 31116 bytes
2026-07-17 09:34:11,119 [INFO] [OK] Brazil/ECM_ENSEMBLE_Soy_PRCP/daily dia 09 (2026-07-26 → 2026-07-26) 31677 bytes
2026-07-17 09:34:11,171 [INFO] [OK] Brazil/ECM_ENSEMBLE_Soy_PRCP/daily dia 10 (2026-07-27 → 2026-07-27) 31563 bytes
2026-07-17 09:34:11,932 [INFO] [OK] Brazil/ECM_ENSEMBLE_Soy_PRCP/daily dia 11 (2026-07-28 → 2026-07-28) 31721 bytes
2026-07-17 09:34:12,590 [INFO] [OK] Brazil/ECM_ENSEMBLE_Soy_PRCP/daily dia 14 (2026-07-31 → 2026-07-31) 30561 bytes
2026-07-17 09:34:12,593 [INFO] [OK] Brazil/ECM_ENSEMBLE_Soy_PRCP/daily dia 13 (2026-07-30 → 2026-07-30) 30498 bytes
2026-07-17 09:34:12,594 [INFO] [OK] Brazil/ECM_ENSEMBLE_Soy_PRCP/daily dia 12 (2026-07-29 → 2026-07-29) 30877 bytes
2026-07-17 09:34:13,037 [INFO] [OK] Brazil/ECM_ENSEMBLE_Soy_PRCP/cumulative dia 00 (2026-07-17 → 2026-07-17) 32835 bytes
2026-07-17 09:34:13,039 [INFO] [OK] Brazil/ECM_ENSEMBLE_Soy_PRCP/cumulative dia 01 (2026-07-17 → 2026-07-18) 35862 bytes
2026-07-17 09:34:13,342 [INFO] [OK] Brazil/ECM_ENSEMBLE_Soy_PRCP/cumulative dia 02 (2026-07-17 → 2026-07-19) 37500 bytes
2026-07-17 09:34:14,728 [INFO] [OK] Brazil/ECM_ENSEMBLE_Soy_PRCP/cumulative dia 03 (2026-07-17 → 2026-07-20) 38799 bytes
2026-07-17 09:34:14,729 [INFO] [OK] Brazil/ECM_ENSEMBLE_Soy_PRCP/cumulative dia 04 (2026-07-17 → 2026-07-21) 40572 bytes
2026-07-17 09:34:14,932 [INFO] [OK] Brazil/ECM_ENSEMBLE_Soy_PRCP/cumulative dia 07 (2026-07-17 → 2026-07-24) 42824 bytes
2026-07-17 09:34:15,022 [INFO] [OK] Brazil/ECM_ENSEMBLE_Soy_PRCP/cumulative dia 06 (2026-07-17 → 2026-07-23) 42240 bytes
2026-07-17 09:34:15,131 [INFO] [OK] Brazil/ECM_ENSEMBLE_Soy_PRCP/cumulative dia 05 (2026-07-17 → 2026-07-22) 41494 bytes
2026-07-17 09:34:15,178 [INFO] [OK] Brazil/ECM_ENSEMBLE_Soy_PRCP/cumulative dia 08 (2026-07-17 → 2026-07-25) 43310 bytes
2026-07-17 09:34:16,731 [INFO] [OK] Brazil/ECM_ENSEMBLE_Soy_PRCP/cumulative dia 09 (2026-07-17 → 2026-07-26) 43526 bytes
2026-07-17 09:34:16,777 [INFO] [OK] Brazil/ECM_ENSEMBLE_Soy_PRCP/cumulative dia 10 (2026-07-17 → 2026-07-27) 43691 bytes
2026-07-17 09:34:17,283 [INFO] [OK] Brazil/ECM_ENSEMBLE_Soy_PRCP/cumulative dia 11 (2026-07-17 → 2026-07-28) 44359 bytes
2026-07-17 09:34:17,352 [INFO] [OK] Brazil/ECM_ENSEMBLE_Soy_PRCP/cumulative dia 12 (2026-07-17 → 2026-07-29) 44499 bytes
2026-07-17 09:34:17,599 [WARNING] [RETRY] Brazil/ECM_ENSEMBLE_Corn_Winter_PRCP_DEP/daily dia 03 - tentativa 1/3: 500 Server Error: Internal Server Error for url: https://api.weatherdesk.xweather.com/28ffaaf6-c3a2-4009-bd9a-050272f32b8a/services/gwi/v1/getimage?type=station&grouping=D&metric=1&region=86&parameter=PRCP_DEP&model=4&crop=22&label=1&colorscale=1&start=2026-07-20&end=2026-07-20
2026-07-17 09:34:17,781 [INFO] [OK] Brazil/ECM_ENSEMBLE_Soy_PRCP/cumulative dia 13 (2026-07-17 → 2026-07-30) 44657 bytes
2026-07-17 09:34:17,789 [INFO] [OK] Brazil/ECM_ENSEMBLE_Soy_PRCP/cumulative dia 14 (2026-07-17 → 2026-07-31) 45164 bytes
2026-07-17 09:34:18,087 [INFO] [OK] Brazil/ECM_ENSEMBLE_Corn_Winter_PRCP_DEP/daily dia 01 (2026-07-18 → 2026-07-18) 43745 bytes
2026-07-17 09:34:18,087 [INFO] [OK] Brazil/ECM_ENSEMBLE_Corn_Winter_PRCP_DEP/daily dia 00 (2026-07-17 → 2026-07-17) 45941 bytes
2026-07-17 09:34:18,604 [INFO] [OK] Brazil/ECM_ENSEMBLE_Corn_Winter_PRCP_DEP/daily dia 02 (2026-07-19 → 2026-07-19) 44884 bytes
2026-07-17 09:34:19,067 [INFO] [OK] Brazil/ECM_ENSEMBLE_Corn_Winter_PRCP_DEP/daily dia 05 (2026-07-22 → 2026-07-22) 47884 bytes
2026-07-17 09:34:19,095 [INFO] [OK] Brazil/ECM_ENSEMBLE_Corn_Winter_PRCP_DEP/daily dia 04 (2026-07-21 → 2026-07-21) 47205 bytes
2026-07-17 09:34:19,364 [INFO] [OK] Brazil/ECM_ENSEMBLE_Corn_Winter_PRCP_DEP/daily dia 06 (2026-07-23 → 2026-07-23) 47043 bytes
2026-07-17 09:34:19,427 [INFO] [OK] Brazil/ECM_ENSEMBLE_Corn_Winter_PRCP_DEP/daily dia 07 (2026-07-24 → 2026-07-24) 48457 bytes
2026-07-17 09:34:19,918 [INFO] [OK] Brazil/ECM_ENSEMBLE_Corn_Winter_PRCP_DEP/daily dia 08 (2026-07-25 → 2026-07-25) 49491 bytes
2026-07-17 09:34:20,352 [INFO] [OK] Brazil/ECM_ENSEMBLE_Corn_Winter_PRCP_DEP/daily dia 09 (2026-07-26 → 2026-07-26) 48215 bytes
2026-07-17 09:34:20,420 [INFO] [OK] Brazil/ECM_ENSEMBLE_Corn_Winter_PRCP_DEP/daily dia 10 (2026-07-27 → 2026-07-27) 47702 bytes
2026-07-17 09:34:21,137 [INFO] [OK] Brazil/ECM_ENSEMBLE_Corn_Winter_PRCP_DEP/daily dia 11 (2026-07-28 → 2026-07-28) 48856 bytes
2026-07-17 09:34:21,138 [INFO] [OK] Brazil/ECM_ENSEMBLE_Corn_Winter_PRCP_DEP/daily dia 12 (2026-07-29 → 2026-07-29) 48358 bytes
2026-07-17 09:34:21,194 [INFO] [OK] Brazil/ECM_ENSEMBLE_Corn_Winter_PRCP_DEP/daily dia 13 (2026-07-30 → 2026-07-30) 51099 bytes
2026-07-17 09:34:21,678 [INFO] [OK] Brazil/ECM_ENSEMBLE_Corn_Winter_PRCP_DEP/daily dia 14 (2026-07-31 → 2026-07-31) 51943 bytes
2026-07-17 09:34:21,757 [INFO] [OK] Brazil/ECM_ENSEMBLE_Corn_Winter_PRCP_DEP/cumulative dia 00 (2026-07-17 → 2026-07-17) 45941 bytes
2026-07-17 09:34:22,651 [INFO] [OK] Brazil/ECM_ENSEMBLE_Corn_Winter_PRCP_DEP/cumulative dia 02 (2026-07-17 → 2026-07-19) 46462 bytes
2026-07-17 09:34:22,728 [INFO] [OK] Brazil/ECM_ENSEMBLE_Corn_Winter_PRCP_DEP/cumulative dia 01 (2026-07-17 → 2026-07-18) 45601 bytes
2026-07-17 09:34:22,847 [INFO] [OK] Brazil/ECM_ENSEMBLE_Corn_Winter_PRCP_DEP/cumulative dia 03 (2026-07-17 → 2026-07-20) 46864 bytes
2026-07-17 09:34:23,338 [INFO] [OK] Brazil/ECM_ENSEMBLE_Corn_Winter_PRCP_DEP/cumulative dia 04 (2026-07-17 → 2026-07-21) 47050 bytes
2026-07-17 09:34:23,850 [INFO] [OK] Brazil/ECM_ENSEMBLE_Corn_Winter_PRCP_DEP/cumulative dia 05 (2026-07-17 → 2026-07-22) 47186 bytes
2026-07-17 09:34:24,367 [INFO] [OK] Brazil/ECM_ENSEMBLE_Corn_Winter_PRCP_DEP/cumulative dia 06 (2026-07-17 → 2026-07-23) 47355 bytes
2026-07-17 09:34:24,525 [INFO] [OK] Brazil/ECM_ENSEMBLE_Corn_Winter_PRCP_DEP/cumulative dia 07 (2026-07-17 → 2026-07-24) 47708 bytes
2026-07-17 09:34:24,761 [INFO] [OK] Brazil/ECM_ENSEMBLE_Corn_Winter_PRCP_DEP/cumulative dia 08 (2026-07-17 → 2026-07-25) 48776 bytes
2026-07-17 09:34:27,053 [INFO] [OK] Brazil/ECM_ENSEMBLE_Corn_Winter_PRCP_DEP/cumulative dia 11 (2026-07-17 → 2026-07-28) 49202 bytes
2026-07-17 09:34:27,062 [INFO] [OK] Brazil/ECM_ENSEMBLE_Corn_Winter_PRCP_DEP/cumulative dia 09 (2026-07-17 → 2026-07-26) 48401 bytes
2026-07-17 09:34:28,030 [INFO] [OK] Brazil/ECM_ENSEMBLE_Corn_Winter_PRCP_DEP/cumulative dia 10 (2026-07-17 → 2026-07-27) 48697 bytes
2026-07-17 09:34:28,051 [INFO] [OK] Brazil/ECM_ENSEMBLE_Corn_Winter_PRCP_DEP/cumulative dia 13 (2026-07-17 → 2026-07-30) 48951 bytes
2026-07-17 09:34:28,057 [INFO] [OK] Brazil/ECM_ENSEMBLE_Corn_Winter_PRCP_DEP/cumulative dia 12 (2026-07-17 → 2026-07-29) 48928 bytes
2026-07-17 09:34:28,325 [INFO] [OK] Brazil/ECM_ENSEMBLE_Corn_Winter_PRCP/daily dia 00 (2026-07-17 → 2026-07-17) 31200 bytes
2026-07-17 09:34:28,404 [INFO] [OK] Brazil/ECM_ENSEMBLE_Corn_Winter_PRCP_DEP/daily dia 03 (2026-07-20 → 2026-07-20) 45634 bytes
2026-07-17 09:34:29,296 [INFO] [OK] Brazil/ECM_ENSEMBLE_Corn_Winter_PRCP/daily dia 02 (2026-07-19 → 2026-07-19) 31722 bytes
2026-07-17 09:34:29,329 [INFO] [OK] Brazil/ECM_ENSEMBLE_Corn_Winter_PRCP/daily dia 01 (2026-07-18 → 2026-07-18) 31925 bytes
2026-07-17 09:34:29,349 [INFO] [OK] Brazil/ECM_ENSEMBLE_Corn_Winter_PRCP/daily dia 03 (2026-07-20 → 2026-07-20) 31786 bytes
2026-07-17 09:34:29,626 [INFO] [OK] Brazil/ECM_ENSEMBLE_Corn_Winter_PRCP/daily dia 04 (2026-07-21 → 2026-07-21) 32632 bytes
2026-07-17 09:34:29,742 [INFO] [OK] Brazil/ECM_ENSEMBLE_Corn_Winter_PRCP/daily dia 05 (2026-07-22 → 2026-07-22) 32010 bytes
2026-07-17 09:34:30,283 [INFO] [OK] Brazil/ECM_ENSEMBLE_Corn_Winter_PRCP_DEP/cumulative dia 14 (2026-07-17 → 2026-07-31) 49470 bytes
2026-07-17 09:34:30,547 [INFO] [OK] Brazil/ECM_ENSEMBLE_Corn_Winter_PRCP/daily dia 06 (2026-07-23 → 2026-07-23) 30692 bytes
2026-07-17 09:34:30,593 [INFO] [OK] Brazil/ECM_ENSEMBLE_Corn_Winter_PRCP/daily dia 07 (2026-07-24 → 2026-07-24) 29536 bytes
2026-07-17 09:34:30,653 [INFO] [OK] Brazil/ECM_ENSEMBLE_Corn_Winter_PRCP/daily dia 08 (2026-07-25 → 2026-07-25) 29685 bytes
2026-07-17 09:34:30,853 [INFO] [OK] Brazil/ECM_ENSEMBLE_Corn_Winter_PRCP/daily dia 09 (2026-07-26 → 2026-07-26) 30101 bytes
2026-07-17 09:34:31,131 [INFO] [OK] Brazil/ECM_ENSEMBLE_Corn_Winter_PRCP/daily dia 10 (2026-07-27 → 2026-07-27) 29972 bytes
2026-07-17 09:34:31,713 [INFO] [OK] Brazil/ECM_ENSEMBLE_Corn_Winter_PRCP/daily dia 11 (2026-07-28 → 2026-07-28) 30090 bytes
2026-07-17 09:34:31,822 [INFO] [OK] Brazil/ECM_ENSEMBLE_Corn_Winter_PRCP/daily dia 12 (2026-07-29 → 2026-07-29) 29325 bytes
2026-07-17 09:34:31,839 [INFO] [OK] Brazil/ECM_ENSEMBLE_Corn_Winter_PRCP/daily dia 13 (2026-07-30 → 2026-07-30) 29030 bytes
2026-07-17 09:34:31,922 [INFO] [OK] Brazil/ECM_ENSEMBLE_Corn_Winter_PRCP/daily dia 14 (2026-07-31 → 2026-07-31) 29016 bytes
2026-07-17 09:34:32,176 [INFO] [OK] Brazil/ECM_ENSEMBLE_Corn_Winter_PRCP/cumulative dia 00 (2026-07-17 → 2026-07-17) 31200 bytes
2026-07-17 09:34:32,455 [INFO] [OK] Brazil/ECM_ENSEMBLE_Corn_Winter_PRCP/cumulative dia 01 (2026-07-17 → 2026-07-18) 34090 bytes
2026-07-17 09:34:33,101 [INFO] [OK] Brazil/ECM_ENSEMBLE_Corn_Winter_PRCP/cumulative dia 02 (2026-07-17 → 2026-07-19) 35662 bytes
2026-07-17 09:34:33,377 [INFO] [OK] Brazil/ECM_ENSEMBLE_Corn_Winter_PRCP/cumulative dia 03 (2026-07-17 → 2026-07-20) 37073 bytes
2026-07-17 09:34:33,432 [INFO] [OK] Brazil/ECM_ENSEMBLE_Corn_Winter_PRCP/cumulative dia 04 (2026-07-17 → 2026-07-21) 39061 bytes
2026-07-17 09:34:33,628 [INFO] [OK] Brazil/ECM_ENSEMBLE_Corn_Winter_PRCP/cumulative dia 05 (2026-07-17 → 2026-07-22) 40098 bytes
2026-07-17 09:34:33,939 [INFO] [OK] Brazil/ECM_ENSEMBLE_Corn_Winter_PRCP/cumulative dia 06 (2026-07-17 → 2026-07-23) 40872 bytes
2026-07-17 09:34:34,344 [INFO] [OK] Brazil/ECM_ENSEMBLE_Corn_Winter_PRCP/cumulative dia 07 (2026-07-17 → 2026-07-24) 41440 bytes
2026-07-17 09:34:35,089 [INFO] [OK] Brazil/ECM_ENSEMBLE_Corn_Winter_PRCP/cumulative dia 08 (2026-07-17 → 2026-07-25) 41848 bytes
2026-07-17 09:34:35,416 [INFO] [OK] Brazil/ECM_ENSEMBLE_Corn_Winter_PRCP/cumulative dia 09 (2026-07-17 → 2026-07-26) 41964 bytes
2026-07-17 09:34:35,657 [INFO] [OK] Brazil/ECM_ENSEMBLE_Corn_Winter_PRCP/cumulative dia 10 (2026-07-17 → 2026-07-27) 42184 bytes
2026-07-17 09:34:35,927 [INFO] [OK] Brazil/ECM_ENSEMBLE_Corn_Winter_PRCP/cumulative dia 11 (2026-07-17 → 2026-07-28) 42806 bytes
2026-07-17 09:34:36,230 [INFO] [OK] Brazil/ECM_ENSEMBLE_Corn_Winter_PRCP/cumulative dia 12 (2026-07-17 → 2026-07-29) 42962 bytes
2026-07-17 09:34:36,432 [INFO] [OK] Argentina/GFS_ENSEMBLE_Soy_PRCP_DEP/daily dia 00 (2026-07-17 → 2026-07-17) 34640 bytes
2026-07-17 09:34:36,636 [INFO] [OK] Argentina/GFS_ENSEMBLE_Soy_PRCP_DEP/daily dia 01 (2026-07-18 → 2026-07-18) 36653 bytes
2026-07-17 09:34:36,783 [INFO] [OK] Brazil/ECM_ENSEMBLE_Corn_Winter_PRCP/cumulative dia 13 (2026-07-17 → 2026-07-30) 43208 bytes
2026-07-17 09:34:36,901 [INFO] [OK] Argentina/GFS_ENSEMBLE_Soy_PRCP_DEP/daily dia 02 (2026-07-19 → 2026-07-19) 36426 bytes
2026-07-17 09:34:37,318 [INFO] [OK] Argentina/GFS_ENSEMBLE_Soy_PRCP_DEP/daily dia 03 (2026-07-20 → 2026-07-20) 35658 bytes
2026-07-17 09:34:37,394 [INFO] [OK] Brazil/ECM_ENSEMBLE_Corn_Winter_PRCP/cumulative dia 14 (2026-07-17 → 2026-07-31) 43716 bytes
2026-07-17 09:34:37,737 [INFO] [OK] Argentina/GFS_ENSEMBLE_Soy_PRCP_DEP/daily dia 04 (2026-07-21 → 2026-07-21) 37287 bytes
2026-07-17 09:34:37,743 [INFO] [OK] Argentina/GFS_ENSEMBLE_Soy_PRCP_DEP/daily dia 05 (2026-07-22 → 2026-07-22) 35323 bytes
2026-07-17 09:34:37,832 [INFO] [OK] Argentina/GFS_ENSEMBLE_Soy_PRCP_DEP/daily dia 06 (2026-07-23 → 2026-07-23) 37338 bytes
2026-07-17 09:34:37,888 [INFO] [OK] Argentina/GFS_ENSEMBLE_Soy_PRCP_DEP/daily dia 07 (2026-07-24 → 2026-07-24) 37937 bytes
2026-07-17 09:34:38,261 [INFO] [OK] Argentina/GFS_ENSEMBLE_Soy_PRCP_DEP/daily dia 08 (2026-07-25 → 2026-07-25) 39299 bytes
2026-07-17 09:34:38,378 [INFO] [OK] Argentina/GFS_ENSEMBLE_Soy_PRCP_DEP/daily dia 09 (2026-07-26 → 2026-07-26) 39439 bytes
2026-07-17 09:34:39,283 [INFO] [OK] Argentina/GFS_ENSEMBLE_Soy_PRCP_DEP/daily dia 14 (2026-07-31 → 2026-07-31) 41655 bytes
2026-07-17 09:34:39,291 [INFO] [OK] Argentina/GFS_ENSEMBLE_Soy_PRCP_DEP/daily dia 10 (2026-07-27 → 2026-07-27) 40291 bytes
2026-07-17 09:34:39,293 [INFO] [OK] Argentina/GFS_ENSEMBLE_Soy_PRCP_DEP/daily dia 13 (2026-07-30 → 2026-07-30) 44612 bytes
2026-07-17 09:34:39,305 [INFO] [OK] Argentina/GFS_ENSEMBLE_Soy_PRCP_DEP/daily dia 11 (2026-07-28 → 2026-07-28) 43512 bytes
2026-07-17 09:34:39,309 [INFO] [OK] Argentina/GFS_ENSEMBLE_Soy_PRCP_DEP/daily dia 12 (2026-07-29 → 2026-07-29) 44175 bytes
2026-07-17 09:34:39,350 [INFO] [OK] Argentina/GFS_ENSEMBLE_Soy_PRCP_DEP/cumulative dia 00 (2026-07-17 → 2026-07-17) 34640 bytes
2026-07-17 09:34:40,344 [INFO] [OK] Argentina/GFS_ENSEMBLE_Soy_PRCP_DEP/cumulative dia 01 (2026-07-17 → 2026-07-18) 36464 bytes
2026-07-17 09:34:40,521 [INFO] [OK] Argentina/GFS_ENSEMBLE_Soy_PRCP_DEP/cumulative dia 04 (2026-07-17 → 2026-07-21) 37816 bytes
2026-07-17 09:34:40,584 [INFO] [OK] Argentina/GFS_ENSEMBLE_Soy_PRCP_DEP/cumulative dia 06 (2026-07-17 → 2026-07-23) 39578 bytes
2026-07-17 09:34:40,615 [INFO] [OK] Argentina/GFS_ENSEMBLE_Soy_PRCP_DEP/cumulative dia 03 (2026-07-17 → 2026-07-20) 36660 bytes
2026-07-17 09:34:40,635 [INFO] [OK] Argentina/GFS_ENSEMBLE_Soy_PRCP_DEP/cumulative dia 02 (2026-07-17 → 2026-07-19) 36520 bytes
2026-07-17 09:34:40,671 [INFO] [OK] Argentina/GFS_ENSEMBLE_Soy_PRCP_DEP/cumulative dia 05 (2026-07-17 → 2026-07-22) 38880 bytes
2026-07-17 09:34:41,602 [INFO] [OK] Argentina/GFS_ENSEMBLE_Soy_PRCP_DEP/cumulative dia 07 (2026-07-17 → 2026-07-24) 39891 bytes
2026-07-17 09:34:41,876 [INFO] [OK] Argentina/GFS_ENSEMBLE_Soy_PRCP_DEP/cumulative dia 08 (2026-07-17 → 2026-07-25) 39861 bytes
2026-07-17 09:34:41,983 [INFO] [OK] Argentina/GFS_ENSEMBLE_Soy_PRCP_DEP/cumulative dia 09 (2026-07-17 → 2026-07-26) 41041 bytes
2026-07-17 09:34:42,126 [INFO] [OK] Argentina/GFS_ENSEMBLE_Soy_PRCP_DEP/cumulative dia 11 (2026-07-17 → 2026-07-28) 41748 bytes
2026-07-17 09:34:42,158 [INFO] [OK] Argentina/GFS_ENSEMBLE_Soy_PRCP_DEP/cumulative dia 10 (2026-07-17 → 2026-07-27) 41514 bytes
2026-07-17 09:34:42,208 [INFO] [OK] Argentina/GFS_ENSEMBLE_Soy_PRCP_DEP/cumulative dia 12 (2026-07-17 → 2026-07-29) 42243 bytes
2026-07-17 09:34:42,972 [INFO] [OK] Argentina/GFS_ENSEMBLE_Soy_PRCP/daily dia 00 (2026-07-17 → 2026-07-17) 28890 bytes
2026-07-17 09:34:43,182 [INFO] [OK] Argentina/GFS_ENSEMBLE_Soy_PRCP/daily dia 02 (2026-07-19 → 2026-07-19) 29603 bytes
2026-07-17 09:34:43,318 [INFO] [OK] Argentina/GFS_ENSEMBLE_Soy_PRCP/daily dia 01 (2026-07-18 → 2026-07-18) 29246 bytes
2026-07-17 09:34:43,323 [INFO] [OK] Argentina/GFS_ENSEMBLE_Soy_PRCP_DEP/cumulative dia 13 (2026-07-17 → 2026-07-30) 42956 bytes
2026-07-17 09:34:43,375 [INFO] [OK] Argentina/GFS_ENSEMBLE_Soy_PRCP/daily dia 03 (2026-07-20 → 2026-07-20) 28865 bytes
2026-07-17 09:34:43,481 [INFO] [OK] Argentina/GFS_ENSEMBLE_Soy_PRCP_DEP/cumulative dia 14 (2026-07-17 → 2026-07-31) 44702 bytes
2026-07-17 09:34:43,900 [INFO] [OK] Argentina/GFS_ENSEMBLE_Soy_PRCP/daily dia 04 (2026-07-21 → 2026-07-21) 29132 bytes
2026-07-17 09:34:44,126 [INFO] [OK] Argentina/GFS_ENSEMBLE_Soy_PRCP/daily dia 05 (2026-07-22 → 2026-07-22) 28527 bytes
2026-07-17 09:34:44,293 [INFO] [OK] Argentina/GFS_ENSEMBLE_Soy_PRCP/daily dia 07 (2026-07-24 → 2026-07-24) 27204 bytes
2026-07-17 09:34:44,338 [INFO] [OK] Argentina/GFS_ENSEMBLE_Soy_PRCP/daily dia 08 (2026-07-25 → 2026-07-25) 27274 bytes
2026-07-17 09:34:44,343 [INFO] [OK] Argentina/GFS_ENSEMBLE_Soy_PRCP/daily dia 06 (2026-07-23 → 2026-07-23) 26986 bytes
2026-07-17 09:34:44,416 [INFO] [OK] Argentina/GFS_ENSEMBLE_Soy_PRCP/daily dia 09 (2026-07-26 → 2026-07-26) 27096 bytes
2026-07-17 09:34:44,847 [INFO] [OK] Argentina/GFS_ENSEMBLE_Soy_PRCP/daily dia 10 (2026-07-27 → 2026-07-27) 27292 bytes
2026-07-17 09:34:45,250 [INFO] [OK] Argentina/GFS_ENSEMBLE_Soy_PRCP/daily dia 12 (2026-07-29 → 2026-07-29) 27354 bytes
2026-07-17 09:34:45,287 [INFO] [OK] Argentina/GFS_ENSEMBLE_Soy_PRCP/daily dia 11 (2026-07-28 → 2026-07-28) 27766 bytes
2026-07-17 09:34:45,305 [INFO] [OK] Argentina/GFS_ENSEMBLE_Soy_PRCP/daily dia 14 (2026-07-31 → 2026-07-31) 28877 bytes
2026-07-17 09:34:45,336 [INFO] [OK] Argentina/GFS_ENSEMBLE_Soy_PRCP/daily dia 13 (2026-07-30 → 2026-07-30) 27519 bytes
2026-07-17 09:34:45,351 [INFO] [OK] Argentina/GFS_ENSEMBLE_Soy_PRCP/cumulative dia 00 (2026-07-17 → 2026-07-17) 28890 bytes
2026-07-17 09:34:45,832 [INFO] [OK] Argentina/GFS_ENSEMBLE_Soy_PRCP/cumulative dia 01 (2026-07-17 → 2026-07-18) 30979 bytes
2026-07-17 09:34:46,364 [INFO] [OK] Argentina/GFS_ENSEMBLE_Soy_PRCP/cumulative dia 02 (2026-07-17 → 2026-07-19) 32431 bytes
2026-07-17 09:34:46,511 [INFO] [OK] Argentina/GFS_ENSEMBLE_Soy_PRCP/cumulative dia 03 (2026-07-17 → 2026-07-20) 33089 bytes
2026-07-17 09:34:46,562 [INFO] [OK] Argentina/GFS_ENSEMBLE_Soy_PRCP/cumulative dia 06 (2026-07-17 → 2026-07-23) 34844 bytes
2026-07-17 09:34:46,642 [INFO] [OK] Argentina/GFS_ENSEMBLE_Soy_PRCP/cumulative dia 04 (2026-07-17 → 2026-07-21) 34152 bytes
2026-07-17 09:34:46,650 [INFO] [OK] Argentina/GFS_ENSEMBLE_Soy_PRCP/cumulative dia 05 (2026-07-17 → 2026-07-22) 34734 bytes
2026-07-17 09:34:47,214 [INFO] [OK] Argentina/GFS_ENSEMBLE_Soy_PRCP/cumulative dia 07 (2026-07-17 → 2026-07-24) 35035 bytes
2026-07-17 09:34:48,212 [INFO] [OK] Argentina/GFS_ENSEMBLE_Soy_PRCP/cumulative dia 08 (2026-07-17 → 2026-07-25) 35289 bytes
2026-07-17 09:34:48,220 [INFO] [OK] Argentina/GFS_ENSEMBLE_Soy_PRCP/cumulative dia 12 (2026-07-17 → 2026-07-29) 36546 bytes
2026-07-17 09:34:48,228 [INFO] [OK] Argentina/GFS_ENSEMBLE_Soy_PRCP/cumulative dia 11 (2026-07-17 → 2026-07-28) 36067 bytes
2026-07-17 09:34:48,231 [INFO] [OK] Argentina/GFS_ENSEMBLE_Soy_PRCP/cumulative dia 09 (2026-07-17 → 2026-07-26) 35514 bytes
2026-07-17 09:34:48,233 [INFO] [OK] Argentina/GFS_ENSEMBLE_Soy_PRCP/cumulative dia 10 (2026-07-17 → 2026-07-27) 35726 bytes
2026-07-17 09:34:48,831 [INFO] [OK] Argentina/GFS_ENSEMBLE_Soy_PRCP/cumulative dia 13 (2026-07-17 → 2026-07-30) 36706 bytes
2026-07-17 09:34:49,622 [INFO] [OK] Argentina/GFS_ENSEMBLE_Corn_Winter_PRCP_DEP/daily dia 03 (2026-07-20 → 2026-07-20) 33779 bytes
2026-07-17 09:34:49,626 [INFO] [OK] Argentina/GFS_ENSEMBLE_Corn_Winter_PRCP_DEP/daily dia 02 (2026-07-19 → 2026-07-19) 34441 bytes
2026-07-17 09:34:49,630 [INFO] [OK] Argentina/GFS_ENSEMBLE_Corn_Winter_PRCP_DEP/daily dia 00 (2026-07-17 → 2026-07-17) 32698 bytes
2026-07-17 09:34:49,654 [INFO] [OK] Argentina/GFS_ENSEMBLE_Corn_Winter_PRCP_DEP/daily dia 01 (2026-07-18 → 2026-07-18) 34721 bytes
2026-07-17 09:34:49,867 [INFO] [OK] Argentina/GFS_ENSEMBLE_Soy_PRCP/cumulative dia 14 (2026-07-17 → 2026-07-31) 36876 bytes
2026-07-17 09:34:49,922 [INFO] [OK] Argentina/GFS_ENSEMBLE_Corn_Winter_PRCP_DEP/daily dia 04 (2026-07-21 → 2026-07-21) 35497 bytes
2026-07-17 09:34:50,598 [INFO] [OK] Argentina/GFS_ENSEMBLE_Corn_Winter_PRCP_DEP/daily dia 05 (2026-07-22 → 2026-07-22) 33660 bytes
2026-07-17 09:34:50,656 [INFO] [OK] Argentina/GFS_ENSEMBLE_Corn_Winter_PRCP_DEP/daily dia 07 (2026-07-24 → 2026-07-24) 36510 bytes
2026-07-17 09:34:50,756 [INFO] [OK] Argentina/GFS_ENSEMBLE_Corn_Winter_PRCP_DEP/daily dia 06 (2026-07-23 → 2026-07-23) 35483 bytes
2026-07-17 09:34:50,814 [INFO] [OK] Argentina/GFS_ENSEMBLE_Corn_Winter_PRCP_DEP/daily dia 09 (2026-07-26 → 2026-07-26) 37531 bytes
2026-07-17 09:34:50,869 [INFO] [OK] Argentina/GFS_ENSEMBLE_Corn_Winter_PRCP_DEP/daily dia 08 (2026-07-25 → 2026-07-25) 37563 bytes
2026-07-17 09:34:51,072 [INFO] [OK] Argentina/GFS_ENSEMBLE_Corn_Winter_PRCP_DEP/daily dia 10 (2026-07-27 → 2026-07-27) 38217 bytes
2026-07-17 09:34:51,579 [INFO] [OK] Argentina/GFS_ENSEMBLE_Corn_Winter_PRCP_DEP/daily dia 11 (2026-07-28 → 2026-07-28) 41738 bytes
2026-07-17 09:34:51,876 [INFO] [OK] Argentina/GFS_ENSEMBLE_Corn_Winter_PRCP_DEP/daily dia 12 (2026-07-29 → 2026-07-29) 42494 bytes
2026-07-17 09:34:51,942 [INFO] [OK] Argentina/GFS_ENSEMBLE_Corn_Winter_PRCP_DEP/daily dia 13 (2026-07-30 → 2026-07-30) 43235 bytes
2026-07-17 09:34:52,006 [INFO] [OK] Argentina/GFS_ENSEMBLE_Corn_Winter_PRCP_DEP/cumulative dia 00 (2026-07-17 → 2026-07-17) 32698 bytes
2026-07-17 09:34:52,038 [INFO] [OK] Argentina/GFS_ENSEMBLE_Corn_Winter_PRCP_DEP/daily dia 14 (2026-07-31 → 2026-07-31) 40085 bytes
2026-07-17 09:34:52,101 [INFO] [OK] Argentina/GFS_ENSEMBLE_Corn_Winter_PRCP_DEP/cumulative dia 01 (2026-07-17 → 2026-07-18) 34634 bytes
2026-07-17 09:34:52,622 [INFO] [OK] Argentina/GFS_ENSEMBLE_Corn_Winter_PRCP_DEP/cumulative dia 02 (2026-07-17 → 2026-07-19) 34614 bytes
2026-07-17 09:34:53,204 [INFO] [OK] Argentina/GFS_ENSEMBLE_Corn_Winter_PRCP_DEP/cumulative dia 04 (2026-07-17 → 2026-07-21) 36066 bytes
2026-07-17 09:34:53,227 [INFO] [OK] Argentina/GFS_ENSEMBLE_Corn_Winter_PRCP_DEP/cumulative dia 03 (2026-07-17 → 2026-07-20) 34649 bytes
2026-07-17 09:34:53,295 [INFO] [OK] Argentina/GFS_ENSEMBLE_Corn_Winter_PRCP_DEP/cumulative dia 05 (2026-07-17 → 2026-07-22) 37376 bytes
2026-07-17 09:34:53,392 [INFO] [OK] Argentina/GFS_ENSEMBLE_Corn_Winter_PRCP_DEP/cumulative dia 06 (2026-07-17 → 2026-07-23) 37981 bytes
2026-07-17 09:34:53,441 [INFO] [OK] Argentina/GFS_ENSEMBLE_Corn_Winter_PRCP_DEP/cumulative dia 07 (2026-07-17 → 2026-07-24) 38444 bytes
2026-07-17 09:34:54,380 [INFO] [OK] Argentina/GFS_ENSEMBLE_Corn_Winter_PRCP_DEP/cumulative dia 08 (2026-07-17 → 2026-07-25) 38461 bytes
2026-07-17 09:34:54,605 [INFO] [OK] Argentina/GFS_ENSEMBLE_Corn_Winter_PRCP_DEP/cumulative dia 09 (2026-07-17 → 2026-07-26) 39595 bytes
2026-07-17 09:34:54,746 [INFO] [OK] Argentina/GFS_ENSEMBLE_Corn_Winter_PRCP_DEP/cumulative dia 10 (2026-07-17 → 2026-07-27) 39941 bytes
2026-07-17 09:34:55,027 [INFO] [OK] Argentina/GFS_ENSEMBLE_Corn_Winter_PRCP_DEP/cumulative dia 13 (2026-07-17 → 2026-07-30) 41408 bytes
2026-07-17 09:34:55,044 [INFO] [OK] Argentina/GFS_ENSEMBLE_Corn_Winter_PRCP_DEP/cumulative dia 11 (2026-07-17 → 2026-07-28) 40200 bytes
2026-07-17 09:34:55,058 [INFO] [OK] Argentina/GFS_ENSEMBLE_Corn_Winter_PRCP_DEP/cumulative dia 12 (2026-07-17 → 2026-07-29) 40739 bytes
2026-07-17 09:34:55,534 [INFO] [OK] Argentina/GFS_ENSEMBLE_Corn_Winter_PRCP/daily dia 00 (2026-07-17 → 2026-07-17) 26835 bytes
2026-07-17 09:34:55,672 [INFO] [OK] Argentina/GFS_ENSEMBLE_Corn_Winter_PRCP/daily dia 01 (2026-07-18 → 2026-07-18) 27183 bytes
2026-07-17 09:34:56,023 [INFO] [OK] Argentina/GFS_ENSEMBLE_Corn_Winter_PRCP/daily dia 02 (2026-07-19 → 2026-07-19) 27356 bytes
2026-07-17 09:34:56,025 [INFO] [OK] Argentina/GFS_ENSEMBLE_Corn_Winter_PRCP_DEP/cumulative dia 14 (2026-07-17 → 2026-07-31) 43126 bytes
2026-07-17 09:34:56,066 [INFO] [OK] Argentina/GFS_ENSEMBLE_Corn_Winter_PRCP/daily dia 03 (2026-07-20 → 2026-07-20) 26933 bytes
2026-07-17 09:34:56,072 [INFO] [OK] Argentina/GFS_ENSEMBLE_Corn_Winter_PRCP/daily dia 04 (2026-07-21 → 2026-07-21) 27177 bytes
2026-07-17 09:34:56,414 [INFO] [OK] Argentina/GFS_ENSEMBLE_Corn_Winter_PRCP/daily dia 05 (2026-07-22 → 2026-07-22) 26735 bytes
2026-07-17 09:34:56,586 [INFO] [OK] Argentina/GFS_ENSEMBLE_Corn_Winter_PRCP/daily dia 06 (2026-07-23 → 2026-07-23) 25164 bytes
2026-07-17 09:34:56,932 [INFO] [OK] Argentina/GFS_ENSEMBLE_Corn_Winter_PRCP/daily dia 07 (2026-07-24 → 2026-07-24) 25384 bytes
2026-07-17 09:34:57,059 [INFO] [OK] Argentina/GFS_ENSEMBLE_Corn_Winter_PRCP/daily dia 10 (2026-07-27 → 2026-07-27) 25485 bytes
2026-07-17 09:34:57,117 [INFO] [OK] Argentina/GFS_ENSEMBLE_Corn_Winter_PRCP/daily dia 09 (2026-07-26 → 2026-07-26) 25268 bytes
2026-07-17 09:34:57,209 [INFO] [OK] Argentina/GFS_ENSEMBLE_Corn_Winter_PRCP/daily dia 08 (2026-07-25 → 2026-07-25) 25473 bytes
2026-07-17 09:34:57,524 [INFO] [OK] Argentina/GFS_ENSEMBLE_Corn_Winter_PRCP/daily dia 11 (2026-07-28 → 2026-07-28) 25854 bytes
2026-07-17 09:34:57,674 [INFO] [OK] Argentina/GFS_ENSEMBLE_Corn_Winter_PRCP/daily dia 12 (2026-07-29 → 2026-07-29) 25373 bytes
2026-07-17 09:34:57,866 [INFO] [OK] Argentina/GFS_ENSEMBLE_Corn_Winter_PRCP/daily dia 13 (2026-07-30 → 2026-07-30) 25653 bytes
2026-07-17 09:34:57,994 [INFO] [OK] Argentina/GFS_ENSEMBLE_Corn_Winter_PRCP/daily dia 14 (2026-07-31 → 2026-07-31) 27055 bytes
2026-07-17 09:34:58,009 [INFO] [OK] Argentina/GFS_ENSEMBLE_Corn_Winter_PRCP/cumulative dia 00 (2026-07-17 → 2026-07-17) 26835 bytes
2026-07-17 09:34:58,237 [INFO] [OK] Argentina/GFS_ENSEMBLE_Corn_Winter_PRCP/cumulative dia 01 (2026-07-17 → 2026-07-18) 28805 bytes
2026-07-17 09:34:58,578 [INFO] [OK] Argentina/GFS_ENSEMBLE_Corn_Winter_PRCP/cumulative dia 02 (2026-07-17 → 2026-07-19) 30146 bytes
2026-07-17 09:34:58,763 [INFO] [OK] Argentina/GFS_ENSEMBLE_Corn_Winter_PRCP/cumulative dia 03 (2026-07-17 → 2026-07-20) 30984 bytes
2026-07-17 09:34:58,994 [INFO] [OK] Argentina/GFS_ENSEMBLE_Corn_Winter_PRCP/cumulative dia 04 (2026-07-17 → 2026-07-21) 32113 bytes
2026-07-17 09:34:59,166 [INFO] [OK] Argentina/GFS_ENSEMBLE_Corn_Winter_PRCP/cumulative dia 05 (2026-07-17 → 2026-07-22) 32840 bytes
2026-07-17 09:34:59,277 [INFO] [OK] Argentina/GFS_ENSEMBLE_Corn_Winter_PRCP/cumulative dia 06 (2026-07-17 → 2026-07-23) 32893 bytes
2026-07-17 09:34:59,513 [INFO] [OK] Argentina/GFS_ENSEMBLE_Corn_Winter_PRCP/cumulative dia 07 (2026-07-17 → 2026-07-24) 33094 bytes
2026-07-17 09:34:59,932 [INFO] [OK] Argentina/GFS_ENSEMBLE_Corn_Winter_PRCP/cumulative dia 08 (2026-07-17 → 2026-07-25) 33428 bytes
2026-07-17 09:35:00,096 [INFO] [OK] Argentina/GFS_ENSEMBLE_Corn_Winter_PRCP/cumulative dia 09 (2026-07-17 → 2026-07-26) 33712 bytes
2026-07-17 09:35:00,445 [INFO] [OK] Argentina/GFS_ENSEMBLE_Corn_Winter_PRCP/cumulative dia 10 (2026-07-17 → 2026-07-27) 33859 bytes
2026-07-17 09:35:00,714 [INFO] [OK] Argentina/GFS_ENSEMBLE_Corn_Winter_PRCP/cumulative dia 11 (2026-07-17 → 2026-07-28) 34331 bytes
2026-07-17 09:35:00,766 [INFO] [OK] Argentina/GFS_ENSEMBLE_Corn_Winter_PRCP/cumulative dia 12 (2026-07-17 → 2026-07-29) 34651 bytes
2026-07-17 09:35:01,070 [INFO] [OK] Argentina/GFS_ENSEMBLE_Corn_Winter_PRCP/cumulative dia 13 (2026-07-17 → 2026-07-30) 34986 bytes
2026-07-17 09:35:01,148 [INFO] [OK] Argentina/ECM_ENSEMBLE_Soy_PRCP_DEP/daily dia 00 (2026-07-17 → 2026-07-17) 38416 bytes
2026-07-17 09:35:01,547 [INFO] [OK] Argentina/ECM_ENSEMBLE_Soy_PRCP_DEP/daily dia 01 (2026-07-18 → 2026-07-18) 35534 bytes
2026-07-17 09:35:01,685 [INFO] [OK] Argentina/GFS_ENSEMBLE_Corn_Winter_PRCP/cumulative dia 14 (2026-07-17 → 2026-07-31) 35206 bytes
2026-07-17 09:35:01,696 [INFO] [OK] Argentina/ECM_ENSEMBLE_Soy_PRCP_DEP/daily dia 02 (2026-07-19 → 2026-07-19) 37159 bytes
2026-07-17 09:35:01,766 [INFO] [OK] Argentina/ECM_ENSEMBLE_Soy_PRCP_DEP/daily dia 03 (2026-07-20 → 2026-07-20) 36463 bytes
2026-07-17 09:35:02,042 [INFO] [OK] Argentina/ECM_ENSEMBLE_Soy_PRCP_DEP/daily dia 04 (2026-07-21 → 2026-07-21) 38949 bytes
2026-07-17 09:35:02,138 [INFO] [OK] Argentina/ECM_ENSEMBLE_Soy_PRCP_DEP/daily dia 05 (2026-07-22 → 2026-07-22) 40595 bytes
2026-07-17 09:35:02,549 [INFO] [OK] Argentina/ECM_ENSEMBLE_Soy_PRCP_DEP/daily dia 06 (2026-07-23 → 2026-07-23) 39310 bytes
2026-07-17 09:35:02,724 [INFO] [OK] Argentina/ECM_ENSEMBLE_Soy_PRCP_DEP/daily dia 08 (2026-07-25 → 2026-07-25) 43653 bytes
2026-07-17 09:35:02,744 [INFO] [OK] Argentina/ECM_ENSEMBLE_Soy_PRCP_DEP/daily dia 07 (2026-07-24 → 2026-07-24) 40909 bytes
2026-07-17 09:35:02,826 [INFO] [OK] Argentina/ECM_ENSEMBLE_Soy_PRCP_DEP/daily dia 09 (2026-07-26 → 2026-07-26) 40048 bytes
2026-07-17 09:35:03,157 [INFO] [OK] Argentina/ECM_ENSEMBLE_Soy_PRCP_DEP/daily dia 10 (2026-07-27 → 2026-07-27) 40037 bytes
2026-07-17 09:35:03,197 [INFO] [OK] Argentina/ECM_ENSEMBLE_Soy_PRCP_DEP/daily dia 11 (2026-07-28 → 2026-07-28) 42117 bytes
2026-07-17 09:35:03,684 [INFO] [OK] Argentina/ECM_ENSEMBLE_Soy_PRCP_DEP/daily dia 12 (2026-07-29 → 2026-07-29) 41685 bytes
2026-07-17 09:35:03,738 [INFO] [OK] Argentina/ECM_ENSEMBLE_Soy_PRCP_DEP/daily dia 13 (2026-07-30 → 2026-07-30) 45556 bytes
2026-07-17 09:35:03,757 [INFO] [OK] Argentina/ECM_ENSEMBLE_Soy_PRCP_DEP/daily dia 14 (2026-07-31 → 2026-07-31) 45567 bytes
2026-07-17 09:35:03,836 [INFO] [OK] Argentina/ECM_ENSEMBLE_Soy_PRCP_DEP/cumulative dia 00 (2026-07-17 → 2026-07-17) 38416 bytes
2026-07-17 09:35:04,271 [INFO] [OK] Argentina/ECM_ENSEMBLE_Soy_PRCP_DEP/cumulative dia 02 (2026-07-17 → 2026-07-19) 37646 bytes
2026-07-17 09:35:04,396 [INFO] [OK] Argentina/ECM_ENSEMBLE_Soy_PRCP_DEP/cumulative dia 01 (2026-07-17 → 2026-07-18) 37205 bytes
2026-07-17 09:35:04,913 [INFO] [OK] Argentina/ECM_ENSEMBLE_Soy_PRCP_DEP/cumulative dia 03 (2026-07-17 → 2026-07-20) 37634 bytes
2026-07-17 09:35:04,921 [INFO] [OK] Argentina/ECM_ENSEMBLE_Soy_PRCP_DEP/cumulative dia 04 (2026-07-17 → 2026-07-21) 37500 bytes
2026-07-17 09:35:05,091 [INFO] [OK] Argentina/ECM_ENSEMBLE_Soy_PRCP_DEP/cumulative dia 05 (2026-07-17 → 2026-07-22) 37409 bytes
2026-07-17 09:35:05,134 [INFO] [OK] Argentina/ECM_ENSEMBLE_Soy_PRCP_DEP/cumulative dia 06 (2026-07-17 → 2026-07-23) 37622 bytes
2026-07-17 09:35:05,686 [INFO] [OK] Argentina/ECM_ENSEMBLE_Soy_PRCP_DEP/cumulative dia 07 (2026-07-17 → 2026-07-24) 37911 bytes
2026-07-17 09:35:05,700 [INFO] [OK] Argentina/ECM_ENSEMBLE_Soy_PRCP_DEP/cumulative dia 08 (2026-07-17 → 2026-07-25) 39135 bytes
2026-07-17 09:35:06,387 [INFO] [OK] Argentina/ECM_ENSEMBLE_Soy_PRCP_DEP/cumulative dia 09 (2026-07-17 → 2026-07-26) 38997 bytes
2026-07-17 09:35:06,481 [INFO] [OK] Argentina/ECM_ENSEMBLE_Soy_PRCP_DEP/cumulative dia 10 (2026-07-17 → 2026-07-27) 39249 bytes
2026-07-17 09:35:06,806 [INFO] [OK] Argentina/ECM_ENSEMBLE_Soy_PRCP_DEP/cumulative dia 11 (2026-07-17 → 2026-07-28) 40191 bytes
2026-07-17 09:35:06,818 [INFO] [OK] Argentina/ECM_ENSEMBLE_Soy_PRCP_DEP/cumulative dia 12 (2026-07-17 → 2026-07-29) 40351 bytes
2026-07-17 09:35:07,355 [INFO] [OK] Argentina/ECM_ENSEMBLE_Soy_PRCP/daily dia 00 (2026-07-17 → 2026-07-17) 29108 bytes
2026-07-17 09:35:07,446 [INFO] [OK] Argentina/ECM_ENSEMBLE_Soy_PRCP_DEP/cumulative dia 13 (2026-07-17 → 2026-07-30) 40596 bytes
2026-07-17 09:35:07,503 [INFO] [OK] Argentina/ECM_ENSEMBLE_Soy_PRCP/daily dia 01 (2026-07-18 → 2026-07-18) 30412 bytes
2026-07-17 09:35:07,571 [INFO] [OK] Argentina/ECM_ENSEMBLE_Soy_PRCP_DEP/cumulative dia 14 (2026-07-17 → 2026-07-31) 41386 bytes
2026-07-17 09:35:07,817 [INFO] [OK] Argentina/ECM_ENSEMBLE_Soy_PRCP/daily dia 03 (2026-07-20 → 2026-07-20) 30963 bytes
2026-07-17 09:35:07,899 [INFO] [OK] Argentina/ECM_ENSEMBLE_Soy_PRCP/daily dia 02 (2026-07-19 → 2026-07-19) 31072 bytes
2026-07-17 09:35:08,933 [INFO] [OK] Argentina/ECM_ENSEMBLE_Soy_PRCP/daily dia 04 (2026-07-21 → 2026-07-21) 31379 bytes
2026-07-17 09:35:08,938 [INFO] [OK] Argentina/ECM_ENSEMBLE_Soy_PRCP/daily dia 08 (2026-07-25 → 2026-07-25) 28249 bytes
2026-07-17 09:35:08,977 [INFO] [OK] Argentina/ECM_ENSEMBLE_Soy_PRCP/daily dia 09 (2026-07-26 → 2026-07-26) 29195 bytes
2026-07-17 09:35:08,985 [INFO] [OK] Argentina/ECM_ENSEMBLE_Soy_PRCP/daily dia 07 (2026-07-24 → 2026-07-24) 28581 bytes
2026-07-17 09:35:08,993 [INFO] [OK] Argentina/ECM_ENSEMBLE_Soy_PRCP/daily dia 06 (2026-07-23 → 2026-07-23) 29318 bytes
2026-07-17 09:35:09,005 [INFO] [OK] Argentina/ECM_ENSEMBLE_Soy_PRCP/daily dia 05 (2026-07-22 → 2026-07-22) 30607 bytes
2026-07-17 09:35:10,023 [INFO] [OK] Argentina/ECM_ENSEMBLE_Soy_PRCP/daily dia 10 (2026-07-27 → 2026-07-27) 29374 bytes
2026-07-17 09:35:10,025 [INFO] [OK] Argentina/ECM_ENSEMBLE_Soy_PRCP/daily dia 14 (2026-07-31 → 2026-07-31) 27906 bytes
2026-07-17 09:35:10,043 [INFO] [OK] Argentina/ECM_ENSEMBLE_Soy_PRCP/daily dia 11 (2026-07-28 → 2026-07-28) 29088 bytes
2026-07-17 09:35:10,105 [INFO] [OK] Argentina/ECM_ENSEMBLE_Soy_PRCP/daily dia 13 (2026-07-30 → 2026-07-30) 27767 bytes
2026-07-17 09:35:10,122 [INFO] [OK] Argentina/ECM_ENSEMBLE_Soy_PRCP/daily dia 12 (2026-07-29 → 2026-07-29) 28154 bytes
2026-07-17 09:35:10,179 [INFO] [OK] Argentina/ECM_ENSEMBLE_Soy_PRCP/cumulative dia 00 (2026-07-17 → 2026-07-17) 29108 bytes
2026-07-17 09:35:11,303 [INFO] [OK] Argentina/ECM_ENSEMBLE_Soy_PRCP/cumulative dia 01 (2026-07-17 → 2026-07-18) 32034 bytes
2026-07-17 09:35:11,326 [INFO] [OK] Argentina/ECM_ENSEMBLE_Soy_PRCP/cumulative dia 02 (2026-07-17 → 2026-07-19) 34020 bytes
2026-07-17 09:35:11,554 [INFO] [OK] Argentina/ECM_ENSEMBLE_Soy_PRCP/cumulative dia 03 (2026-07-17 → 2026-07-20) 34940 bytes
2026-07-17 09:35:11,586 [INFO] [OK] Argentina/ECM_ENSEMBLE_Soy_PRCP/cumulative dia 04 (2026-07-17 → 2026-07-21) 35912 bytes
2026-07-17 09:35:11,634 [INFO] [OK] Argentina/ECM_ENSEMBLE_Soy_PRCP/cumulative dia 05 (2026-07-17 → 2026-07-22) 36734 bytes
2026-07-17 09:35:11,860 [INFO] [OK] Argentina/ECM_ENSEMBLE_Soy_PRCP/cumulative dia 06 (2026-07-17 → 2026-07-23) 37196 bytes
2026-07-17 09:35:12,855 [INFO] [OK] Argentina/ECM_ENSEMBLE_Soy_PRCP/cumulative dia 07 (2026-07-17 → 2026-07-24) 37777 bytes
2026-07-17 09:35:12,945 [INFO] [OK] Argentina/ECM_ENSEMBLE_Soy_PRCP/cumulative dia 08 (2026-07-17 → 2026-07-25) 37770 bytes
2026-07-17 09:35:13,281 [INFO] [OK] Argentina/ECM_ENSEMBLE_Soy_PRCP/cumulative dia 09 (2026-07-17 → 2026-07-26) 38146 bytes
2026-07-17 09:35:13,590 [INFO] [OK] Argentina/ECM_ENSEMBLE_Soy_PRCP/cumulative dia 10 (2026-07-17 → 2026-07-27) 38347 bytes
2026-07-17 09:35:13,913 [INFO] [OK] Argentina/ECM_ENSEMBLE_Soy_PRCP/cumulative dia 12 (2026-07-17 → 2026-07-29) 38918 bytes
2026-07-17 09:35:13,920 [INFO] [OK] Argentina/ECM_ENSEMBLE_Soy_PRCP/cumulative dia 11 (2026-07-17 → 2026-07-28) 38659 bytes
2026-07-17 09:35:14,279 [INFO] [OK] Argentina/ECM_ENSEMBLE_Corn_Winter_PRCP_DEP/daily dia 00 (2026-07-17 → 2026-07-17) 36651 bytes
2026-07-17 09:35:14,485 [INFO] [OK] Argentina/ECM_ENSEMBLE_Soy_PRCP/cumulative dia 13 (2026-07-17 → 2026-07-30) 39330 bytes
2026-07-17 09:35:14,558 [INFO] [OK] Argentina/ECM_ENSEMBLE_Corn_Winter_PRCP_DEP/daily dia 01 (2026-07-18 → 2026-07-18) 33531 bytes
2026-07-17 09:35:14,682 [INFO] [OK] Argentina/ECM_ENSEMBLE_Soy_PRCP/cumulative dia 14 (2026-07-17 → 2026-07-31) 39473 bytes
2026-07-17 09:35:14,937 [INFO] [OK] Argentina/ECM_ENSEMBLE_Corn_Winter_PRCP_DEP/daily dia 02 (2026-07-19 → 2026-07-19) 35269 bytes
2026-07-17 09:35:14,955 [INFO] [OK] Argentina/ECM_ENSEMBLE_Corn_Winter_PRCP_DEP/daily dia 03 (2026-07-20 → 2026-07-20) 34796 bytes
2026-07-17 09:35:15,448 [INFO] [OK] Argentina/ECM_ENSEMBLE_Corn_Winter_PRCP_DEP/daily dia 04 (2026-07-21 → 2026-07-21) 37114 bytes
2026-07-17 09:35:16,524 [INFO] [OK] Argentina/ECM_ENSEMBLE_Corn_Winter_PRCP_DEP/daily dia 05 (2026-07-22 → 2026-07-22) 38744 bytes
2026-07-17 09:35:16,526 [INFO] [OK] Argentina/ECM_ENSEMBLE_Corn_Winter_PRCP_DEP/daily dia 06 (2026-07-23 → 2026-07-23) 37682 bytes
2026-07-17 09:35:16,533 [INFO] [OK] Argentina/ECM_ENSEMBLE_Corn_Winter_PRCP_DEP/daily dia 10 (2026-07-27 → 2026-07-27) 38701 bytes
2026-07-17 09:35:16,539 [INFO] [OK] Argentina/ECM_ENSEMBLE_Corn_Winter_PRCP_DEP/daily dia 08 (2026-07-25 → 2026-07-25) 41958 bytes
2026-07-17 09:35:16,544 [INFO] [OK] Argentina/ECM_ENSEMBLE_Corn_Winter_PRCP_DEP/daily dia 09 (2026-07-26 → 2026-07-26) 38215 bytes
2026-07-17 09:35:16,545 [INFO] [OK] Argentina/ECM_ENSEMBLE_Corn_Winter_PRCP_DEP/daily dia 07 (2026-07-24 → 2026-07-24) 39386 bytes
2026-07-17 09:35:21,787 [INFO] [OK] Argentina/ECM_ENSEMBLE_Corn_Winter_PRCP_DEP/cumulative dia 00 (2026-07-17 → 2026-07-17) 36651 bytes
2026-07-17 09:35:22,012 [INFO] [OK] Argentina/ECM_ENSEMBLE_Corn_Winter_PRCP_DEP/cumulative dia 01 (2026-07-17 → 2026-07-18) 35618 bytes
2026-07-17 09:35:22,040 [INFO] [OK] Argentina/ECM_ENSEMBLE_Corn_Winter_PRCP_DEP/daily dia 11 (2026-07-28 → 2026-07-28) 40655 bytes
2026-07-17 09:35:22,199 [INFO] [OK] Argentina/ECM_ENSEMBLE_Corn_Winter_PRCP_DEP/daily dia 14 (2026-07-31 → 2026-07-31) 44037 bytes
2026-07-17 09:35:22,344 [INFO] [OK] Argentina/ECM_ENSEMBLE_Corn_Winter_PRCP_DEP/daily dia 12 (2026-07-29 → 2026-07-29) 40185 bytes
2026-07-17 09:35:22,345 [INFO] [OK] Argentina/ECM_ENSEMBLE_Corn_Winter_PRCP_DEP/daily dia 13 (2026-07-30 → 2026-07-30) 43881 bytes
2026-07-17 09:35:26,540 [INFO] [OK] Argentina/ECM_ENSEMBLE_Corn_Winter_PRCP_DEP/cumulative dia 02 (2026-07-17 → 2026-07-19) 35789 bytes
2026-07-17 09:35:27,357 [INFO] [OK] Argentina/ECM_ENSEMBLE_Corn_Winter_PRCP_DEP/cumulative dia 03 (2026-07-17 → 2026-07-20) 35896 bytes
2026-07-17 09:35:27,419 [INFO] [OK] Argentina/ECM_ENSEMBLE_Corn_Winter_PRCP_DEP/cumulative dia 06 (2026-07-17 → 2026-07-23) 35965 bytes
2026-07-17 09:35:27,707 [INFO] [OK] Argentina/ECM_ENSEMBLE_Corn_Winter_PRCP_DEP/cumulative dia 07 (2026-07-17 → 2026-07-24) 36211 bytes
2026-07-17 09:35:27,759 [INFO] [OK] Argentina/ECM_ENSEMBLE_Corn_Winter_PRCP_DEP/cumulative dia 04 (2026-07-17 → 2026-07-21) 35878 bytes
2026-07-17 09:35:27,759 [INFO] [OK] Argentina/ECM_ENSEMBLE_Corn_Winter_PRCP_DEP/cumulative dia 05 (2026-07-17 → 2026-07-22) 35617 bytes
2026-07-17 09:35:28,116 [INFO] [OK] Argentina/ECM_ENSEMBLE_Corn_Winter_PRCP_DEP/cumulative dia 08 (2026-07-17 → 2026-07-25) 37525 bytes
2026-07-17 09:35:29,242 [INFO] [OK] Argentina/ECM_ENSEMBLE_Corn_Winter_PRCP_DEP/cumulative dia 10 (2026-07-17 → 2026-07-27) 37804 bytes
2026-07-17 09:35:29,509 [INFO] [OK] Argentina/ECM_ENSEMBLE_Corn_Winter_PRCP_DEP/cumulative dia 09 (2026-07-17 → 2026-07-26) 37381 bytes
2026-07-17 09:35:29,662 [INFO] [OK] Argentina/ECM_ENSEMBLE_Corn_Winter_PRCP_DEP/cumulative dia 11 (2026-07-17 → 2026-07-28) 38597 bytes
2026-07-17 09:35:29,771 [INFO] [OK] Argentina/ECM_ENSEMBLE_Corn_Winter_PRCP_DEP/cumulative dia 13 (2026-07-17 → 2026-07-30) 39102 bytes
2026-07-17 09:35:29,804 [INFO] [OK] Argentina/ECM_ENSEMBLE_Corn_Winter_PRCP_DEP/cumulative dia 12 (2026-07-17 → 2026-07-29) 38795 bytes
2026-07-17 09:35:29,937 [INFO] [OK] Argentina/ECM_ENSEMBLE_Corn_Winter_PRCP_DEP/cumulative dia 14 (2026-07-17 → 2026-07-31) 39798 bytes
2026-07-17 09:35:30,460 [INFO] [OK] Argentina/ECM_ENSEMBLE_Corn_Winter_PRCP/daily dia 00 (2026-07-17 → 2026-07-17) 27158 bytes
2026-07-17 09:35:30,524 [INFO] [OK] Argentina/ECM_ENSEMBLE_Corn_Winter_PRCP/daily dia 01 (2026-07-18 → 2026-07-18) 28325 bytes
2026-07-17 09:35:30,597 [INFO] [OK] Argentina/ECM_ENSEMBLE_Corn_Winter_PRCP/daily dia 02 (2026-07-19 → 2026-07-19) 28951 bytes
2026-07-17 09:35:30,762 [INFO] [OK] Argentina/ECM_ENSEMBLE_Corn_Winter_PRCP/daily dia 04 (2026-07-21 → 2026-07-21) 29441 bytes
2026-07-17 09:35:31,389 [INFO] [OK] Argentina/ECM_ENSEMBLE_Corn_Winter_PRCP/daily dia 03 (2026-07-20 → 2026-07-20) 28940 bytes
2026-07-17 09:35:31,391 [INFO] [OK] Argentina/ECM_ENSEMBLE_Corn_Winter_PRCP/daily dia 05 (2026-07-22 → 2026-07-22) 28795 bytes
2026-07-17 09:35:31,507 [INFO] [OK] Argentina/ECM_ENSEMBLE_Corn_Winter_PRCP/daily dia 06 (2026-07-23 → 2026-07-23) 27721 bytes
2026-07-17 09:35:31,582 [INFO] [OK] Argentina/ECM_ENSEMBLE_Corn_Winter_PRCP/daily dia 08 (2026-07-25 → 2026-07-25) 26589 bytes
2026-07-17 09:35:31,585 [INFO] [OK] Argentina/ECM_ENSEMBLE_Corn_Winter_PRCP/daily dia 07 (2026-07-24 → 2026-07-24) 26765 bytes
2026-07-17 09:35:32,434 [INFO] [OK] Argentina/ECM_ENSEMBLE_Corn_Winter_PRCP/daily dia 09 (2026-07-26 → 2026-07-26) 27426 bytes
2026-07-17 09:35:32,596 [INFO] [OK] Argentina/ECM_ENSEMBLE_Corn_Winter_PRCP/daily dia 10 (2026-07-27 → 2026-07-27) 27550 bytes
2026-07-17 09:35:32,601 [INFO] [OK] Argentina/ECM_ENSEMBLE_Corn_Winter_PRCP/daily dia 11 (2026-07-28 → 2026-07-28) 27183 bytes
2026-07-17 09:35:32,818 [INFO] [OK] Argentina/ECM_ENSEMBLE_Corn_Winter_PRCP/daily dia 12 (2026-07-29 → 2026-07-29) 26335 bytes
2026-07-17 09:35:32,861 [INFO] [OK] Argentina/ECM_ENSEMBLE_Corn_Winter_PRCP/daily dia 14 (2026-07-31 → 2026-07-31) 26107 bytes
2026-07-17 09:35:32,890 [INFO] [OK] Argentina/ECM_ENSEMBLE_Corn_Winter_PRCP/daily dia 13 (2026-07-30 → 2026-07-30) 26093 bytes
2026-07-17 09:35:33,497 [INFO] [OK] Argentina/ECM_ENSEMBLE_Corn_Winter_PRCP/cumulative dia 00 (2026-07-17 → 2026-07-17) 27158 bytes
2026-07-17 09:35:33,646 [INFO] [OK] Argentina/ECM_ENSEMBLE_Corn_Winter_PRCP/cumulative dia 01 (2026-07-17 → 2026-07-18) 29926 bytes
2026-07-17 09:35:33,669 [INFO] [OK] Argentina/ECM_ENSEMBLE_Corn_Winter_PRCP/cumulative dia 02 (2026-07-17 → 2026-07-19) 31729 bytes
2026-07-17 09:35:34,162 [INFO] [OK] Argentina/ECM_ENSEMBLE_Corn_Winter_PRCP/cumulative dia 05 (2026-07-17 → 2026-07-22) 35114 bytes
2026-07-17 09:35:34,316 [INFO] [OK] Argentina/ECM_ENSEMBLE_Corn_Winter_PRCP/cumulative dia 04 (2026-07-17 → 2026-07-21) 34062 bytes
2026-07-17 09:35:34,318 [INFO] [OK] Argentina/ECM_ENSEMBLE_Corn_Winter_PRCP/cumulative dia 03 (2026-07-17 → 2026-07-20) 32832 bytes
2026-07-17 09:35:34,831 [INFO] [OK] Argentina/ECM_ENSEMBLE_Corn_Winter_PRCP/cumulative dia 06 (2026-07-17 → 2026-07-23) 35542 bytes
2026-07-17 09:35:35,093 [INFO] [OK] Argentina/ECM_ENSEMBLE_Corn_Winter_PRCP/cumulative dia 07 (2026-07-17 → 2026-07-24) 36095 bytes
2026-07-17 09:35:35,102 [INFO] [OK] Argentina/ECM_ENSEMBLE_Corn_Winter_PRCP/cumulative dia 08 (2026-07-17 → 2026-07-25) 36183 bytes
2026-07-17 09:35:35,779 [INFO] [OK] Argentina/ECM_ENSEMBLE_Corn_Winter_PRCP/cumulative dia 09 (2026-07-17 → 2026-07-26) 36430 bytes
2026-07-17 09:35:35,914 [INFO] [OK] Argentina/ECM_ENSEMBLE_Corn_Winter_PRCP/cumulative dia 10 (2026-07-17 → 2026-07-27) 36566 bytes
2026-07-17 09:35:36,064 [INFO] [OK] Argentina/ECM_ENSEMBLE_Corn_Winter_PRCP/cumulative dia 11 (2026-07-17 → 2026-07-28) 36817 bytes
2026-07-17 09:35:36,645 [INFO] [OK] Argentina/ECM_ENSEMBLE_Corn_Winter_PRCP/cumulative dia 12 (2026-07-17 → 2026-07-29) 37163 bytes
2026-07-17 09:35:36,789 [INFO] [OK] Argentina/ECM_ENSEMBLE_Corn_Winter_PRCP/cumulative dia 13 (2026-07-17 → 2026-07-30) 37579 bytes
2026-07-17 09:35:36,894 [INFO] [OK] Argentina/ECM_ENSEMBLE_Corn_Winter_PRCP/cumulative dia 14 (2026-07-17 → 2026-07-31) 37612 bytes
2026-07-17 09:35:37,456 [INFO] [OK] USA/GFS_ENSEMBLE_Corn_PRCP_DEP/daily dia 00 (2026-07-17 → 2026-07-17) 54248 bytes
2026-07-17 09:35:38,015 [INFO] [OK] USA/GFS_ENSEMBLE_Corn_PRCP_DEP/daily dia 02 (2026-07-19 → 2026-07-19) 52596 bytes
2026-07-17 09:35:38,020 [INFO] [OK] USA/GFS_ENSEMBLE_Corn_PRCP_DEP/daily dia 01 (2026-07-18 → 2026-07-18) 54028 bytes
2026-07-17 09:35:38,689 [INFO] [OK] USA/GFS_ENSEMBLE_Corn_PRCP_DEP/daily dia 03 (2026-07-20 → 2026-07-20) 52531 bytes
2026-07-17 09:35:39,005 [INFO] [OK] USA/GFS_ENSEMBLE_Corn_PRCP_DEP/daily dia 04 (2026-07-21 → 2026-07-21) 54541 bytes
2026-07-17 09:35:39,058 [INFO] [OK] USA/GFS_ENSEMBLE_Corn_PRCP_DEP/daily dia 05 (2026-07-22 → 2026-07-22) 56746 bytes
2026-07-17 09:35:39,184 [INFO] [OK] USA/GFS_ENSEMBLE_Corn_PRCP_DEP/daily dia 06 (2026-07-23 → 2026-07-23) 59949 bytes
2026-07-17 09:35:39,968 [INFO] [OK] USA/GFS_ENSEMBLE_Corn_PRCP_DEP/daily dia 08 (2026-07-25 → 2026-07-25) 62357 bytes
2026-07-17 09:35:40,029 [INFO] [OK] USA/GFS_ENSEMBLE_Corn_PRCP_DEP/daily dia 07 (2026-07-24 → 2026-07-24) 61018 bytes
2026-07-17 09:35:40,843 [INFO] [OK] USA/GFS_ENSEMBLE_Corn_PRCP_DEP/daily dia 09 (2026-07-26 → 2026-07-26) 61536 bytes
2026-07-17 09:35:40,857 [INFO] [OK] USA/GFS_ENSEMBLE_Corn_PRCP_DEP/daily dia 10 (2026-07-27 → 2026-07-27) 61052 bytes
2026-07-17 09:35:40,991 [INFO] [OK] USA/GFS_ENSEMBLE_Corn_PRCP_DEP/daily dia 11 (2026-07-28 → 2026-07-28) 61324 bytes
2026-07-17 09:35:41,075 [INFO] [OK] USA/GFS_ENSEMBLE_Corn_PRCP_DEP/daily dia 12 (2026-07-29 → 2026-07-29) 62405 bytes
2026-07-17 09:35:41,677 [INFO] [OK] USA/GFS_ENSEMBLE_Corn_PRCP_DEP/daily dia 13 (2026-07-30 → 2026-07-30) 60924 bytes
2026-07-17 09:35:41,700 [INFO] [OK] USA/GFS_ENSEMBLE_Corn_PRCP_DEP/daily dia 14 (2026-07-31 → 2026-07-31) 62321 bytes
2026-07-17 09:35:43,337 [INFO] [OK] USA/GFS_ENSEMBLE_Corn_PRCP_DEP/cumulative dia 01 (2026-07-17 → 2026-07-18) 56537 bytes
2026-07-17 09:35:43,671 [INFO] [OK] USA/GFS_ENSEMBLE_Corn_PRCP_DEP/cumulative dia 00 (2026-07-17 → 2026-07-17) 54248 bytes
2026-07-17 09:35:45,591 [INFO] [OK] USA/GFS_ENSEMBLE_Corn_PRCP_DEP/cumulative dia 02 (2026-07-17 → 2026-07-19) 58515 bytes
2026-07-17 09:35:45,606 [INFO] [OK] USA/GFS_ENSEMBLE_Corn_PRCP_DEP/cumulative dia 03 (2026-07-17 → 2026-07-20) 59609 bytes
2026-07-17 09:35:45,898 [INFO] [OK] USA/GFS_ENSEMBLE_Corn_PRCP_DEP/cumulative dia 05 (2026-07-17 → 2026-07-22) 60027 bytes
2026-07-17 09:35:45,944 [INFO] [OK] USA/GFS_ENSEMBLE_Corn_PRCP_DEP/cumulative dia 04 (2026-07-17 → 2026-07-21) 59341 bytes
2026-07-17 09:35:46,856 [INFO] [OK] USA/GFS_ENSEMBLE_Corn_PRCP_DEP/cumulative dia 06 (2026-07-17 → 2026-07-23) 60211 bytes
2026-07-17 09:35:47,322 [INFO] [OK] USA/GFS_ENSEMBLE_Corn_PRCP_DEP/cumulative dia 07 (2026-07-17 → 2026-07-24) 60270 bytes
2026-07-17 09:35:49,223 [INFO] [OK] USA/GFS_ENSEMBLE_Corn_PRCP_DEP/cumulative dia 09 (2026-07-17 → 2026-07-26) 60547 bytes
2026-07-17 09:35:49,566 [INFO] [OK] USA/GFS_ENSEMBLE_Corn_PRCP_DEP/cumulative dia 08 (2026-07-17 → 2026-07-25) 60252 bytes
2026-07-17 09:35:49,967 [INFO] [OK] USA/GFS_ENSEMBLE_Corn_PRCP_DEP/cumulative dia 10 (2026-07-17 → 2026-07-27) 60247 bytes
2026-07-17 09:35:50,413 [INFO] [OK] USA/GFS_ENSEMBLE_Corn_PRCP_DEP/cumulative dia 11 (2026-07-17 → 2026-07-28) 60416 bytes
2026-07-17 09:35:51,181 [INFO] [OK] USA/GFS_ENSEMBLE_Corn_PRCP_DEP/cumulative dia 12 (2026-07-17 → 2026-07-29) 60200 bytes
2026-07-17 09:35:51,662 [INFO] [OK] USA/GFS_ENSEMBLE_Corn_PRCP/daily dia 00 (2026-07-17 → 2026-07-17) 39508 bytes
2026-07-17 09:35:51,681 [INFO] [OK] USA/GFS_ENSEMBLE_Corn_PRCP/daily dia 01 (2026-07-18 → 2026-07-18) 38876 bytes
2026-07-17 09:35:51,882 [INFO] [OK] USA/GFS_ENSEMBLE_Corn_PRCP_DEP/cumulative dia 13 (2026-07-17 → 2026-07-30) 60276 bytes
2026-07-17 09:35:52,137 [INFO] [OK] USA/GFS_ENSEMBLE_Corn_PRCP/daily dia 02 (2026-07-19 → 2026-07-19) 36849 bytes
2026-07-17 09:35:52,744 [INFO] [OK] USA/GFS_ENSEMBLE_Corn_PRCP/daily dia 03 (2026-07-20 → 2026-07-20) 36601 bytes
2026-07-17 09:35:52,830 [INFO] [OK] USA/GFS_ENSEMBLE_Corn_PRCP_DEP/cumulative dia 14 (2026-07-17 → 2026-07-31) 60422 bytes
2026-07-17 09:35:53,405 [INFO] [OK] USA/GFS_ENSEMBLE_Corn_PRCP/daily dia 04 (2026-07-21 → 2026-07-21) 37456 bytes
2026-07-17 09:35:53,532 [INFO] [OK] USA/GFS_ENSEMBLE_Corn_PRCP/daily dia 05 (2026-07-22 → 2026-07-22) 37234 bytes
2026-07-17 09:35:53,930 [INFO] [OK] USA/GFS_ENSEMBLE_Corn_PRCP/daily dia 06 (2026-07-23 → 2026-07-23) 37732 bytes
2026-07-17 09:35:53,957 [INFO] [OK] USA/GFS_ENSEMBLE_Corn_PRCP/daily dia 07 (2026-07-24 → 2026-07-24) 37586 bytes
2026-07-17 09:35:54,507 [INFO] [OK] USA/GFS_ENSEMBLE_Corn_PRCP/daily dia 08 (2026-07-25 → 2026-07-25) 37355 bytes
2026-07-17 09:35:54,547 [INFO] [OK] USA/GFS_ENSEMBLE_Corn_PRCP/daily dia 09 (2026-07-26 → 2026-07-26) 36397 bytes
2026-07-17 09:35:55,014 [INFO] [OK] USA/GFS_ENSEMBLE_Corn_PRCP/daily dia 10 (2026-07-27 → 2026-07-27) 36220 bytes
2026-07-17 09:35:55,026 [INFO] [OK] USA/GFS_ENSEMBLE_Corn_PRCP/daily dia 11 (2026-07-28 → 2026-07-28) 35834 bytes
2026-07-17 09:35:56,179 [INFO] [OK] USA/GFS_ENSEMBLE_Corn_PRCP/daily dia 12 (2026-07-29 → 2026-07-29) 37264 bytes
2026-07-17 09:35:56,191 [INFO] [OK] USA/GFS_ENSEMBLE_Corn_PRCP/daily dia 13 (2026-07-30 → 2026-07-30) 37070 bytes
2026-07-17 09:35:56,197 [INFO] [OK] USA/GFS_ENSEMBLE_Corn_PRCP/daily dia 14 (2026-07-31 → 2026-07-31) 36490 bytes
2026-07-17 09:35:56,222 [INFO] [OK] USA/GFS_ENSEMBLE_Corn_PRCP/cumulative dia 00 (2026-07-17 → 2026-07-17) 39508 bytes
2026-07-17 09:35:56,677 [INFO] [OK] USA/GFS_ENSEMBLE_Corn_PRCP/cumulative dia 01 (2026-07-17 → 2026-07-18) 42677 bytes
2026-07-17 09:35:57,283 [INFO] [OK] USA/GFS_ENSEMBLE_Corn_PRCP/cumulative dia 02 (2026-07-17 → 2026-07-19) 44128 bytes
2026-07-17 09:35:58,487 [INFO] [OK] USA/GFS_ENSEMBLE_Corn_PRCP/cumulative dia 03 (2026-07-17 → 2026-07-20) 44535 bytes
2026-07-17 09:35:58,845 [INFO] [OK] USA/GFS_ENSEMBLE_Corn_PRCP/cumulative dia 05 (2026-07-17 → 2026-07-22) 47833 bytes
2026-07-17 09:35:58,894 [INFO] [OK] USA/GFS_ENSEMBLE_Corn_PRCP/cumulative dia 04 (2026-07-17 → 2026-07-21) 46577 bytes
2026-07-17 09:35:59,013 [INFO] [OK] USA/GFS_ENSEMBLE_Corn_PRCP/cumulative dia 06 (2026-07-17 → 2026-07-23) 48163 bytes
2026-07-17 09:35:59,457 [INFO] [OK] USA/GFS_ENSEMBLE_Corn_PRCP/cumulative dia 07 (2026-07-17 → 2026-07-24) 48490 bytes
2026-07-17 09:35:59,788 [INFO] [OK] USA/GFS_ENSEMBLE_Corn_PRCP/cumulative dia 08 (2026-07-17 → 2026-07-25) 49476 bytes
2026-07-17 09:36:01,276 [INFO] [OK] USA/GFS_ENSEMBLE_Corn_PRCP/cumulative dia 09 (2026-07-17 → 2026-07-26) 50661 bytes
2026-07-17 09:36:01,834 [INFO] [OK] USA/GFS_ENSEMBLE_Corn_PRCP/cumulative dia 10 (2026-07-17 → 2026-07-27) 50334 bytes
2026-07-17 09:36:01,905 [INFO] [OK] USA/GFS_ENSEMBLE_Corn_PRCP/cumulative dia 11 (2026-07-17 → 2026-07-28) 50603 bytes
2026-07-17 09:36:02,048 [INFO] [OK] USA/GFS_ENSEMBLE_Corn_PRCP/cumulative dia 12 (2026-07-17 → 2026-07-29) 51524 bytes
2026-07-17 09:36:02,628 [INFO] [OK] USA/GFS_ENSEMBLE_Corn_PRCP/cumulative dia 13 (2026-07-17 → 2026-07-30) 52228 bytes
2026-07-17 09:36:02,874 [INFO] [OK] USA/GFS_ENSEMBLE_Soy_PRCP_DEP/daily dia 00 (2026-07-17 → 2026-07-17) 53819 bytes
2026-07-17 09:36:02,997 [INFO] [OK] USA/GFS_ENSEMBLE_Corn_PRCP/cumulative dia 14 (2026-07-17 → 2026-07-31) 51450 bytes
2026-07-17 09:36:03,388 [INFO] [OK] USA/GFS_ENSEMBLE_Soy_PRCP_DEP/daily dia 01 (2026-07-18 → 2026-07-18) 53612 bytes
2026-07-17 09:36:03,534 [INFO] [OK] USA/GFS_ENSEMBLE_Soy_PRCP_DEP/daily dia 02 (2026-07-19 → 2026-07-19) 52021 bytes
2026-07-17 09:36:03,705 [INFO] [OK] USA/GFS_ENSEMBLE_Soy_PRCP_DEP/daily dia 03 (2026-07-20 → 2026-07-20) 52118 bytes
2026-07-17 09:36:04,188 [INFO] [OK] USA/GFS_ENSEMBLE_Soy_PRCP_DEP/daily dia 04 (2026-07-21 → 2026-07-21) 54025 bytes
2026-07-17 09:36:04,498 [INFO] [OK] USA/GFS_ENSEMBLE_Soy_PRCP_DEP/daily dia 05 (2026-07-22 → 2026-07-22) 56226 bytes
2026-07-17 09:36:04,563 [INFO] [OK] USA/GFS_ENSEMBLE_Soy_PRCP_DEP/daily dia 06 (2026-07-23 → 2026-07-23) 59676 bytes
2026-07-17 09:36:05,614 [INFO] [OK] USA/GFS_ENSEMBLE_Soy_PRCP_DEP/daily dia 07 (2026-07-24 → 2026-07-24) 60676 bytes
2026-07-17 09:36:05,633 [INFO] [OK] USA/GFS_ENSEMBLE_Soy_PRCP_DEP/daily dia 09 (2026-07-26 → 2026-07-26) 61262 bytes
2026-07-17 09:36:05,635 [INFO] [OK] USA/GFS_ENSEMBLE_Soy_PRCP_DEP/daily dia 08 (2026-07-25 → 2026-07-25) 62046 bytes
2026-07-17 09:36:06,019 [INFO] [OK] USA/GFS_ENSEMBLE_Soy_PRCP_DEP/daily dia 10 (2026-07-27 → 2026-07-27) 60798 bytes
2026-07-17 09:36:06,042 [INFO] [OK] USA/GFS_ENSEMBLE_Soy_PRCP_DEP/daily dia 11 (2026-07-28 → 2026-07-28) 61110 bytes
2026-07-17 09:36:06,400 [INFO] [OK] USA/GFS_ENSEMBLE_Soy_PRCP_DEP/daily dia 12 (2026-07-29 → 2026-07-29) 62229 bytes
2026-07-17 09:36:07,238 [INFO] [OK] USA/GFS_ENSEMBLE_Soy_PRCP_DEP/daily dia 14 (2026-07-31 → 2026-07-31) 61966 bytes
2026-07-17 09:36:07,243 [INFO] [OK] USA/GFS_ENSEMBLE_Soy_PRCP_DEP/cumulative dia 00 (2026-07-17 → 2026-07-17) 53819 bytes
2026-07-17 09:36:07,263 [INFO] [OK] USA/GFS_ENSEMBLE_Soy_PRCP_DEP/daily dia 13 (2026-07-30 → 2026-07-30) 60655 bytes
2026-07-17 09:36:07,742 [INFO] [OK] USA/GFS_ENSEMBLE_Soy_PRCP_DEP/cumulative dia 01 (2026-07-17 → 2026-07-18) 56064 bytes
2026-07-17 09:36:07,790 [INFO] [OK] USA/GFS_ENSEMBLE_Soy_PRCP_DEP/cumulative dia 02 (2026-07-17 → 2026-07-19) 58065 bytes
2026-07-17 09:36:08,506 [INFO] [OK] USA/GFS_ENSEMBLE_Soy_PRCP_DEP/cumulative dia 03 (2026-07-17 → 2026-07-20) 59397 bytes
2026-07-17 09:36:10,584 [INFO] [OK] USA/GFS_ENSEMBLE_Soy_PRCP_DEP/cumulative dia 06 (2026-07-17 → 2026-07-23) 60119 bytes
2026-07-17 09:36:10,607 [INFO] [OK] USA/GFS_ENSEMBLE_Soy_PRCP_DEP/cumulative dia 04 (2026-07-17 → 2026-07-21) 59053 bytes
2026-07-17 09:36:10,610 [INFO] [OK] USA/GFS_ENSEMBLE_Soy_PRCP_DEP/cumulative dia 07 (2026-07-17 → 2026-07-24) 60168 bytes
2026-07-17 09:36:10,611 [INFO] [OK] USA/GFS_ENSEMBLE_Soy_PRCP_DEP/cumulative dia 08 (2026-07-17 → 2026-07-25) 60155 bytes
2026-07-17 09:36:10,617 [INFO] [OK] USA/GFS_ENSEMBLE_Soy_PRCP_DEP/cumulative dia 05 (2026-07-17 → 2026-07-22) 59774 bytes
2026-07-17 09:36:10,936 [INFO] [OK] USA/GFS_ENSEMBLE_Soy_PRCP_DEP/cumulative dia 09 (2026-07-17 → 2026-07-26) 60525 bytes
2026-07-17 09:36:12,550 [INFO] [OK] USA/GFS_ENSEMBLE_Soy_PRCP/daily dia 00 (2026-07-17 → 2026-07-17) 39025 bytes
2026-07-17 09:36:13,700 [INFO] [OK] USA/GFS_ENSEMBLE_Soy_PRCP_DEP/cumulative dia 11 (2026-07-17 → 2026-07-28) 60272 bytes
2026-07-17 09:36:13,703 [INFO] [OK] USA/GFS_ENSEMBLE_Soy_PRCP_DEP/cumulative dia 10 (2026-07-17 → 2026-07-27) 60145 bytes
2026-07-17 09:36:13,805 [INFO] [OK] USA/GFS_ENSEMBLE_Soy_PRCP_DEP/cumulative dia 13 (2026-07-17 → 2026-07-30) 60132 bytes
2026-07-17 09:36:14,056 [INFO] [OK] USA/GFS_ENSEMBLE_Soy_PRCP/daily dia 01 (2026-07-18 → 2026-07-18) 38310 bytes
2026-07-17 09:36:14,122 [INFO] [OK] USA/GFS_ENSEMBLE_Soy_PRCP_DEP/cumulative dia 14 (2026-07-17 → 2026-07-31) 60268 bytes
2026-07-17 09:36:14,124 [INFO] [OK] USA/GFS_ENSEMBLE_Soy_PRCP_DEP/cumulative dia 12 (2026-07-17 → 2026-07-29) 60025 bytes
2026-07-17 09:36:15,171 [INFO] [OK] USA/GFS_ENSEMBLE_Soy_PRCP/daily dia 02 (2026-07-19 → 2026-07-19) 36358 bytes
2026-07-17 09:36:15,215 [INFO] [OK] USA/GFS_ENSEMBLE_Soy_PRCP/daily dia 03 (2026-07-20 → 2026-07-20) 35972 bytes
2026-07-17 09:36:15,309 [INFO] [OK] USA/GFS_ENSEMBLE_Soy_PRCP/daily dia 04 (2026-07-21 → 2026-07-21) 36997 bytes
2026-07-17 09:36:16,010 [INFO] [OK] USA/GFS_ENSEMBLE_Soy_PRCP/daily dia 06 (2026-07-23 → 2026-07-23) 37399 bytes
2026-07-17 09:36:16,027 [INFO] [OK] USA/GFS_ENSEMBLE_Soy_PRCP/daily dia 05 (2026-07-22 → 2026-07-22) 36723 bytes
2026-07-17 09:36:16,028 [INFO] [OK] USA/GFS_ENSEMBLE_Soy_PRCP/daily dia 07 (2026-07-24 → 2026-07-24) 37179 bytes
2026-07-17 09:36:16,688 [INFO] [OK] USA/GFS_ENSEMBLE_Soy_PRCP/daily dia 09 (2026-07-26 → 2026-07-26) 36062 bytes
2026-07-17 09:36:16,692 [INFO] [OK] USA/GFS_ENSEMBLE_Soy_PRCP/daily dia 08 (2026-07-25 → 2026-07-25) 36988 bytes
2026-07-17 09:36:16,779 [INFO] [OK] USA/GFS_ENSEMBLE_Soy_PRCP/daily dia 10 (2026-07-27 → 2026-07-27) 35725 bytes
2026-07-17 09:36:17,542 [INFO] [OK] USA/GFS_ENSEMBLE_Soy_PRCP/daily dia 11 (2026-07-28 → 2026-07-28) 35431 bytes
2026-07-17 09:36:17,554 [INFO] [OK] USA/GFS_ENSEMBLE_Soy_PRCP/daily dia 12 (2026-07-29 → 2026-07-29) 36699 bytes
2026-07-17 09:36:17,555 [INFO] [OK] USA/GFS_ENSEMBLE_Soy_PRCP/daily dia 13 (2026-07-30 → 2026-07-30) 36653 bytes
2026-07-17 09:36:18,168 [INFO] [OK] USA/GFS_ENSEMBLE_Soy_PRCP/daily dia 14 (2026-07-31 → 2026-07-31) 35985 bytes
2026-07-17 09:36:18,230 [INFO] [OK] USA/GFS_ENSEMBLE_Soy_PRCP/cumulative dia 00 (2026-07-17 → 2026-07-17) 39025 bytes
2026-07-17 09:36:18,337 [INFO] [OK] USA/GFS_ENSEMBLE_Soy_PRCP/cumulative dia 01 (2026-07-17 → 2026-07-18) 42225 bytes
2026-07-17 09:36:19,277 [INFO] [OK] USA/GFS_ENSEMBLE_Soy_PRCP/cumulative dia 02 (2026-07-17 → 2026-07-19) 43728 bytes
2026-07-17 09:36:19,604 [INFO] [OK] USA/GFS_ENSEMBLE_Soy_PRCP/cumulative dia 03 (2026-07-17 → 2026-07-20) 44119 bytes
2026-07-17 09:36:19,661 [INFO] [OK] USA/GFS_ENSEMBLE_Soy_PRCP/cumulative dia 04 (2026-07-17 → 2026-07-21) 46234 bytes
2026-07-17 09:36:20,220 [INFO] [OK] USA/GFS_ENSEMBLE_Soy_PRCP/cumulative dia 05 (2026-07-17 → 2026-07-22) 47539 bytes
2026-07-17 09:36:20,357 [INFO] [OK] USA/GFS_ENSEMBLE_Soy_PRCP/cumulative dia 06 (2026-07-17 → 2026-07-23) 47899 bytes
2026-07-17 09:36:20,479 [INFO] [OK] USA/GFS_ENSEMBLE_Soy_PRCP/cumulative dia 07 (2026-07-17 → 2026-07-24) 48150 bytes
2026-07-17 09:36:21,704 [INFO] [OK] USA/GFS_ENSEMBLE_Soy_PRCP/cumulative dia 08 (2026-07-17 → 2026-07-25) 49154 bytes
2026-07-17 09:36:22,234 [INFO] [OK] USA/GFS_ENSEMBLE_Soy_PRCP/cumulative dia 09 (2026-07-17 → 2026-07-26) 50403 bytes
2026-07-17 09:36:22,394 [INFO] [OK] USA/GFS_ENSEMBLE_Soy_PRCP/cumulative dia 10 (2026-07-17 → 2026-07-27) 50088 bytes
2026-07-17 09:36:23,137 [INFO] [OK] USA/GFS_ENSEMBLE_Soy_PRCP/cumulative dia 11 (2026-07-17 → 2026-07-28) 50469 bytes
2026-07-17 09:36:23,543 [INFO] [OK] USA/GFS_ENSEMBLE_Soy_PRCP/cumulative dia 12 (2026-07-17 → 2026-07-29) 51185 bytes
2026-07-17 09:36:23,985 [INFO] [OK] USA/GFS_ENSEMBLE_Wheat_Winter_PRCP_DEP/daily dia 00 (2026-07-17 → 2026-07-17) 55445 bytes
2026-07-17 09:36:23,997 [INFO] [OK] USA/GFS_ENSEMBLE_Soy_PRCP/cumulative dia 13 (2026-07-17 → 2026-07-30) 51820 bytes
2026-07-17 09:36:24,398 [INFO] [OK] USA/GFS_ENSEMBLE_Wheat_Winter_PRCP_DEP/daily dia 01 (2026-07-18 → 2026-07-18) 55337 bytes
2026-07-17 09:36:24,610 [INFO] [OK] USA/GFS_ENSEMBLE_Soy_PRCP/cumulative dia 14 (2026-07-17 → 2026-07-31) 51106 bytes
2026-07-17 09:36:24,750 [INFO] [OK] USA/GFS_ENSEMBLE_Wheat_Winter_PRCP_DEP/daily dia 02 (2026-07-19 → 2026-07-19) 53614 bytes
2026-07-17 09:36:25,486 [INFO] [OK] USA/GFS_ENSEMBLE_Wheat_Winter_PRCP_DEP/daily dia 03 (2026-07-20 → 2026-07-20) 53765 bytes
2026-07-17 09:36:25,731 [INFO] [OK] USA/GFS_ENSEMBLE_Wheat_Winter_PRCP_DEP/daily dia 05 (2026-07-22 → 2026-07-22) 58130 bytes
2026-07-17 09:36:25,733 [INFO] [OK] USA/GFS_ENSEMBLE_Wheat_Winter_PRCP_DEP/daily dia 04 (2026-07-21 → 2026-07-21) 55815 bytes
2026-07-17 09:36:26,482 [INFO] [OK] USA/GFS_ENSEMBLE_Wheat_Winter_PRCP_DEP/daily dia 06 (2026-07-23 → 2026-07-23) 60718 bytes
2026-07-17 09:36:26,487 [INFO] [OK] USA/GFS_ENSEMBLE_Wheat_Winter_PRCP_DEP/daily dia 07 (2026-07-24 → 2026-07-24) 62294 bytes
2026-07-17 09:36:26,489 [INFO] [OK] USA/GFS_ENSEMBLE_Wheat_Winter_PRCP_DEP/daily dia 08 (2026-07-25 → 2026-07-25) 63914 bytes
2026-07-17 09:36:27,351 [INFO] [OK] USA/GFS_ENSEMBLE_Wheat_Winter_PRCP_DEP/daily dia 10 (2026-07-27 → 2026-07-27) 62326 bytes
2026-07-17 09:36:27,431 [INFO] [OK] USA/GFS_ENSEMBLE_Wheat_Winter_PRCP_DEP/daily dia 09 (2026-07-26 → 2026-07-26) 62760 bytes
2026-07-17 09:36:27,505 [INFO] [OK] USA/GFS_ENSEMBLE_Wheat_Winter_PRCP_DEP/daily dia 11 (2026-07-28 → 2026-07-28) 62556 bytes
2026-07-17 09:36:28,250 [INFO] [OK] USA/GFS_ENSEMBLE_Wheat_Winter_PRCP_DEP/daily dia 12 (2026-07-29 → 2026-07-29) 64095 bytes
2026-07-17 09:36:28,322 [INFO] [OK] USA/GFS_ENSEMBLE_Wheat_Winter_PRCP_DEP/daily dia 14 (2026-07-31 → 2026-07-31) 63411 bytes
2026-07-17 09:36:28,420 [INFO] [OK] USA/GFS_ENSEMBLE_Wheat_Winter_PRCP_DEP/daily dia 13 (2026-07-30 → 2026-07-30) 61945 bytes
2026-07-17 09:36:28,923 [INFO] [OK] USA/GFS_ENSEMBLE_Wheat_Winter_PRCP_DEP/cumulative dia 00 (2026-07-17 → 2026-07-17) 55445 bytes
2026-07-17 09:36:29,032 [INFO] [OK] USA/GFS_ENSEMBLE_Wheat_Winter_PRCP_DEP/cumulative dia 01 (2026-07-17 → 2026-07-18) 57647 bytes
2026-07-17 09:36:29,208 [INFO] [OK] USA/GFS_ENSEMBLE_Wheat_Winter_PRCP_DEP/cumulative dia 02 (2026-07-17 → 2026-07-19) 59267 bytes
2026-07-17 09:36:30,043 [INFO] [OK] USA/GFS_ENSEMBLE_Wheat_Winter_PRCP_DEP/cumulative dia 03 (2026-07-17 → 2026-07-20) 60526 bytes
2026-07-17 09:36:30,334 [INFO] [OK] USA/GFS_ENSEMBLE_Wheat_Winter_PRCP_DEP/cumulative dia 04 (2026-07-17 → 2026-07-21) 60193 bytes
2026-07-17 09:36:30,688 [INFO] [OK] USA/GFS_ENSEMBLE_Wheat_Winter_PRCP_DEP/cumulative dia 05 (2026-07-17 → 2026-07-22) 61228 bytes
2026-07-17 09:36:31,057 [INFO] [OK] USA/GFS_ENSEMBLE_Wheat_Winter_PRCP_DEP/cumulative dia 06 (2026-07-17 → 2026-07-23) 61334 bytes
2026-07-17 09:36:31,782 [INFO] [OK] USA/GFS_ENSEMBLE_Wheat_Winter_PRCP_DEP/cumulative dia 08 (2026-07-17 → 2026-07-25) 61516 bytes
2026-07-17 09:36:31,784 [INFO] [OK] USA/GFS_ENSEMBLE_Wheat_Winter_PRCP_DEP/cumulative dia 07 (2026-07-17 → 2026-07-24) 61406 bytes
2026-07-17 09:36:32,496 [INFO] [OK] USA/GFS_ENSEMBLE_Wheat_Winter_PRCP_DEP/cumulative dia 09 (2026-07-17 → 2026-07-26) 61795 bytes
2026-07-17 09:36:32,800 [INFO] [OK] USA/GFS_ENSEMBLE_Wheat_Winter_PRCP_DEP/cumulative dia 10 (2026-07-17 → 2026-07-27) 61095 bytes
2026-07-17 09:36:33,360 [INFO] [OK] USA/GFS_ENSEMBLE_Wheat_Winter_PRCP_DEP/cumulative dia 11 (2026-07-17 → 2026-07-28) 61379 bytes
2026-07-17 09:36:34,037 [INFO] [OK] USA/GFS_ENSEMBLE_Wheat_Winter_PRCP_DEP/cumulative dia 12 (2026-07-17 → 2026-07-29) 61224 bytes
2026-07-17 09:36:34,164 [INFO] [OK] USA/GFS_ENSEMBLE_Wheat_Winter_PRCP/daily dia 00 (2026-07-17 → 2026-07-17) 40605 bytes
2026-07-17 09:36:34,387 [INFO] [OK] USA/GFS_ENSEMBLE_Wheat_Winter_PRCP/daily dia 01 (2026-07-18 → 2026-07-18) 39803 bytes
2026-07-17 09:36:35,022 [INFO] [OK] USA/GFS_ENSEMBLE_Wheat_Winter_PRCP_DEP/cumulative dia 13 (2026-07-17 → 2026-07-30) 61510 bytes
2026-07-17 09:36:35,026 [INFO] [OK] USA/GFS_ENSEMBLE_Wheat_Winter_PRCP/daily dia 02 (2026-07-19 → 2026-07-19) 37850 bytes
2026-07-17 09:36:35,100 [INFO] [OK] USA/GFS_ENSEMBLE_Wheat_Winter_PRCP_DEP/cumulative dia 14 (2026-07-17 → 2026-07-31) 61363 bytes
2026-07-17 09:36:35,651 [INFO] [OK] USA/GFS_ENSEMBLE_Wheat_Winter_PRCP/daily dia 04 (2026-07-21 → 2026-07-21) 38459 bytes
2026-07-17 09:36:35,652 [INFO] [OK] USA/GFS_ENSEMBLE_Wheat_Winter_PRCP/daily dia 03 (2026-07-20 → 2026-07-20) 37689 bytes
2026-07-17 09:36:35,866 [INFO] [OK] USA/GFS_ENSEMBLE_Wheat_Winter_PRCP/daily dia 05 (2026-07-22 → 2026-07-22) 38330 bytes
2026-07-17 09:36:36,836 [INFO] [OK] USA/GFS_ENSEMBLE_Wheat_Winter_PRCP/daily dia 07 (2026-07-24 → 2026-07-24) 38673 bytes
2026-07-17 09:36:36,838 [INFO] [OK] USA/GFS_ENSEMBLE_Wheat_Winter_PRCP/daily dia 06 (2026-07-23 → 2026-07-23) 38921 bytes
2026-07-17 09:36:36,840 [INFO] [OK] USA/GFS_ENSEMBLE_Wheat_Winter_PRCP/daily dia 08 (2026-07-25 → 2026-07-25) 38584 bytes
2026-07-17 09:36:37,331 [INFO] [OK] USA/GFS_ENSEMBLE_Wheat_Winter_PRCP/daily dia 09 (2026-07-26 → 2026-07-26) 37511 bytes
2026-07-17 09:36:37,336 [INFO] [OK] USA/GFS_ENSEMBLE_Wheat_Winter_PRCP/daily dia 10 (2026-07-27 → 2026-07-27) 37118 bytes
2026-07-17 09:36:37,420 [INFO] [OK] USA/GFS_ENSEMBLE_Wheat_Winter_PRCP/daily dia 11 (2026-07-28 → 2026-07-28) 37153 bytes
2026-07-17 09:36:38,325 [INFO] [OK] USA/GFS_ENSEMBLE_Wheat_Winter_PRCP/daily dia 14 (2026-07-31 → 2026-07-31) 37724 bytes
2026-07-17 09:36:38,347 [INFO] [OK] USA/GFS_ENSEMBLE_Wheat_Winter_PRCP/daily dia 12 (2026-07-29 → 2026-07-29) 38343 bytes
2026-07-17 09:36:38,379 [INFO] [OK] USA/GFS_ENSEMBLE_Wheat_Winter_PRCP/daily dia 13 (2026-07-30 → 2026-07-30) 37999 bytes
2026-07-17 09:36:38,807 [INFO] [OK] USA/GFS_ENSEMBLE_Wheat_Winter_PRCP/cumulative dia 00 (2026-07-17 → 2026-07-17) 40605 bytes
2026-07-17 09:36:38,917 [INFO] [OK] USA/GFS_ENSEMBLE_Wheat_Winter_PRCP/cumulative dia 01 (2026-07-17 → 2026-07-18) 43797 bytes
2026-07-17 09:36:39,071 [INFO] [OK] USA/GFS_ENSEMBLE_Wheat_Winter_PRCP/cumulative dia 02 (2026-07-17 → 2026-07-19) 45242 bytes
2026-07-17 09:36:40,280 [INFO] [OK] USA/GFS_ENSEMBLE_Wheat_Winter_PRCP/cumulative dia 03 (2026-07-17 → 2026-07-20) 45731 bytes
2026-07-17 09:36:40,554 [INFO] [OK] USA/GFS_ENSEMBLE_Wheat_Winter_PRCP/cumulative dia 04 (2026-07-17 → 2026-07-21) 47797 bytes
2026-07-17 09:36:40,561 [INFO] [OK] USA/GFS_ENSEMBLE_Wheat_Winter_PRCP/cumulative dia 05 (2026-07-17 → 2026-07-22) 48917 bytes
2026-07-17 09:36:40,964 [INFO] [OK] USA/GFS_ENSEMBLE_Wheat_Winter_PRCP/cumulative dia 06 (2026-07-17 → 2026-07-23) 49375 bytes
2026-07-17 09:36:41,351 [INFO] [OK] USA/GFS_ENSEMBLE_Wheat_Winter_PRCP/cumulative dia 07 (2026-07-17 → 2026-07-24) 49695 bytes
2026-07-17 09:36:41,572 [INFO] [OK] USA/GFS_ENSEMBLE_Wheat_Winter_PRCP/cumulative dia 08 (2026-07-17 → 2026-07-25) 50700 bytes
2026-07-17 09:36:43,618 [INFO] [OK] USA/GFS_ENSEMBLE_Wheat_Winter_PRCP/cumulative dia 10 (2026-07-17 → 2026-07-27) 51906 bytes
2026-07-17 09:36:43,629 [INFO] [OK] USA/GFS_ENSEMBLE_Wheat_Winter_PRCP/cumulative dia 09 (2026-07-17 → 2026-07-26) 51916 bytes
2026-07-17 09:36:43,630 [INFO] [OK] USA/GFS_ENSEMBLE_Wheat_Winter_PRCP/cumulative dia 11 (2026-07-17 → 2026-07-28) 51961 bytes
2026-07-17 09:36:43,753 [INFO] [OK] USA/GFS_ENSEMBLE_Wheat_Winter_PRCP/cumulative dia 12 (2026-07-17 → 2026-07-29) 52790 bytes
2026-07-17 09:36:44,331 [INFO] [OK] USA/GFS_ENSEMBLE_Wheat_Winter_PRCP/cumulative dia 13 (2026-07-17 → 2026-07-30) 53360 bytes
2026-07-17 09:36:44,497 [INFO] [OK] USA/GFS_ENSEMBLE_Wheat_Winter_PRCP/cumulative dia 14 (2026-07-17 → 2026-07-31) 53080 bytes
2026-07-17 09:36:45,641 [INFO] [OK] USA/GFS_ENSEMBLE_Wheat_Spring_PRCP_DEP/daily dia 01 (2026-07-18 → 2026-07-18) 52184 bytes
2026-07-17 09:36:45,713 [INFO] [OK] USA/GFS_ENSEMBLE_Wheat_Spring_PRCP_DEP/daily dia 02 (2026-07-19 → 2026-07-19) 50479 bytes
2026-07-17 09:36:45,808 [INFO] [OK] USA/GFS_ENSEMBLE_Wheat_Spring_PRCP_DEP/daily dia 00 (2026-07-17 → 2026-07-17) 52416 bytes
2026-07-17 09:36:45,829 [INFO] [OK] USA/GFS_ENSEMBLE_Wheat_Spring_PRCP_DEP/daily dia 03 (2026-07-20 → 2026-07-20) 50705 bytes
2026-07-17 09:36:46,165 [INFO] [OK] USA/GFS_ENSEMBLE_Wheat_Spring_PRCP_DEP/daily dia 04 (2026-07-21 → 2026-07-21) 52520 bytes
2026-07-17 09:36:46,229 [INFO] [OK] USA/GFS_ENSEMBLE_Wheat_Spring_PRCP_DEP/daily dia 05 (2026-07-22 → 2026-07-22) 55123 bytes
2026-07-17 09:36:47,657 [INFO] [OK] USA/GFS_ENSEMBLE_Wheat_Spring_PRCP_DEP/daily dia 09 (2026-07-26 → 2026-07-26) 59496 bytes
2026-07-17 09:36:47,925 [INFO] [OK] USA/GFS_ENSEMBLE_Wheat_Spring_PRCP_DEP/daily dia 08 (2026-07-25 → 2026-07-25) 60533 bytes
2026-07-17 09:36:47,980 [INFO] [OK] USA/GFS_ENSEMBLE_Wheat_Spring_PRCP_DEP/daily dia 07 (2026-07-24 → 2026-07-24) 58897 bytes
2026-07-17 09:36:48,212 [INFO] [OK] USA/GFS_ENSEMBLE_Wheat_Spring_PRCP_DEP/daily dia 06 (2026-07-23 → 2026-07-23) 57809 bytes
2026-07-17 09:36:48,218 [INFO] [OK] USA/GFS_ENSEMBLE_Wheat_Spring_PRCP_DEP/daily dia 10 (2026-07-27 → 2026-07-27) 59244 bytes
2026-07-17 09:36:48,429 [INFO] [OK] USA/GFS_ENSEMBLE_Wheat_Spring_PRCP_DEP/daily dia 11 (2026-07-28 → 2026-07-28) 59293 bytes
2026-07-17 09:36:49,288 [INFO] [OK] USA/GFS_ENSEMBLE_Wheat_Spring_PRCP_DEP/daily dia 12 (2026-07-29 → 2026-07-29) 60778 bytes
2026-07-17 09:36:50,121 [INFO] [OK] USA/GFS_ENSEMBLE_Wheat_Spring_PRCP_DEP/daily dia 14 (2026-07-31 → 2026-07-31) 60539 bytes
2026-07-17 09:36:50,318 [INFO] [OK] USA/GFS_ENSEMBLE_Wheat_Spring_PRCP_DEP/daily dia 13 (2026-07-30 → 2026-07-30) 58951 bytes
2026-07-17 09:36:50,598 [INFO] [OK] USA/GFS_ENSEMBLE_Wheat_Spring_PRCP_DEP/cumulative dia 00 (2026-07-17 → 2026-07-17) 52416 bytes
2026-07-17 09:36:50,741 [INFO] [OK] USA/GFS_ENSEMBLE_Wheat_Spring_PRCP_DEP/cumulative dia 01 (2026-07-17 → 2026-07-18) 54418 bytes
2026-07-17 09:36:50,747 [INFO] [OK] USA/GFS_ENSEMBLE_Wheat_Spring_PRCP_DEP/cumulative dia 02 (2026-07-17 → 2026-07-19) 56149 bytes
2026-07-17 09:36:51,279 [INFO] [OK] USA/GFS_ENSEMBLE_Wheat_Spring_PRCP_DEP/cumulative dia 03 (2026-07-17 → 2026-07-20) 57380 bytes
2026-07-17 09:36:53,269 [INFO] [OK] USA/GFS_ENSEMBLE_Wheat_Spring_PRCP_DEP/cumulative dia 05 (2026-07-17 → 2026-07-22) 57872 bytes
2026-07-17 09:36:53,270 [INFO] [OK] USA/GFS_ENSEMBLE_Wheat_Spring_PRCP_DEP/cumulative dia 04 (2026-07-17 → 2026-07-21) 57214 bytes
2026-07-17 09:36:53,460 [INFO] [OK] USA/GFS_ENSEMBLE_Wheat_Spring_PRCP_DEP/cumulative dia 06 (2026-07-17 → 2026-07-23) 58150 bytes
2026-07-17 09:36:53,542 [INFO] [OK] USA/GFS_ENSEMBLE_Wheat_Spring_PRCP_DEP/cumulative dia 07 (2026-07-17 → 2026-07-24) 58437 bytes
2026-07-17 09:36:53,731 [INFO] [OK] USA/GFS_ENSEMBLE_Wheat_Spring_PRCP_DEP/cumulative dia 08 (2026-07-17 → 2026-07-25) 58243 bytes
2026-07-17 09:36:54,022 [INFO] [OK] USA/GFS_ENSEMBLE_Wheat_Spring_PRCP_DEP/cumulative dia 09 (2026-07-17 → 2026-07-26) 58694 bytes
2026-07-17 09:36:56,368 [INFO] [OK] USA/GFS_ENSEMBLE_Wheat_Spring_PRCP/daily dia 00 (2026-07-17 → 2026-07-17) 37472 bytes
2026-07-17 09:36:57,538 [INFO] [OK] USA/GFS_ENSEMBLE_Wheat_Spring_PRCP_DEP/cumulative dia 10 (2026-07-17 → 2026-07-27) 58073 bytes
2026-07-17 09:36:57,593 [INFO] [OK] USA/GFS_ENSEMBLE_Wheat_Spring_PRCP_DEP/cumulative dia 11 (2026-07-17 → 2026-07-28) 58170 bytes
2026-07-17 09:36:58,136 [INFO] [OK] USA/GFS_ENSEMBLE_Wheat_Spring_PRCP_DEP/cumulative dia 13 (2026-07-17 → 2026-07-30) 58565 bytes
2026-07-17 09:36:58,153 [INFO] [OK] USA/GFS_ENSEMBLE_Wheat_Spring_PRCP_DEP/cumulative dia 12 (2026-07-17 → 2026-07-29) 58127 bytes
2026-07-17 09:36:58,407 [INFO] [OK] USA/GFS_ENSEMBLE_Wheat_Spring_PRCP/daily dia 01 (2026-07-18 → 2026-07-18) 36668 bytes
2026-07-17 09:36:58,703 [INFO] [OK] USA/GFS_ENSEMBLE_Wheat_Spring_PRCP_DEP/cumulative dia 14 (2026-07-17 → 2026-07-31) 58316 bytes
2026-07-17 09:36:59,138 [INFO] [OK] USA/GFS_ENSEMBLE_Wheat_Spring_PRCP/daily dia 02 (2026-07-19 → 2026-07-19) 34781 bytes
2026-07-17 09:36:59,431 [INFO] [OK] USA/GFS_ENSEMBLE_Wheat_Spring_PRCP/daily dia 03 (2026-07-20 → 2026-07-20) 34521 bytes
2026-07-17 09:36:59,989 [INFO] [OK] USA/GFS_ENSEMBLE_Wheat_Spring_PRCP/daily dia 04 (2026-07-21 → 2026-07-21) 35376 bytes
2026-07-17 09:36:59,992 [INFO] [OK] USA/GFS_ENSEMBLE_Wheat_Spring_PRCP/daily dia 05 (2026-07-22 → 2026-07-22) 35384 bytes
2026-07-17 09:37:00,662 [INFO] [OK] USA/GFS_ENSEMBLE_Wheat_Spring_PRCP/daily dia 06 (2026-07-23 → 2026-07-23) 35861 bytes
2026-07-17 09:37:00,668 [INFO] [OK] USA/GFS_ENSEMBLE_Wheat_Spring_PRCP/daily dia 07 (2026-07-24 → 2026-07-24) 35679 bytes
2026-07-17 09:37:00,841 [INFO] [OK] USA/GFS_ENSEMBLE_Wheat_Spring_PRCP/daily dia 08 (2026-07-25 → 2026-07-25) 35394 bytes
2026-07-17 09:37:01,042 [INFO] [OK] USA/GFS_ENSEMBLE_Wheat_Spring_PRCP/daily dia 09 (2026-07-26 → 2026-07-26) 34578 bytes
2026-07-17 09:37:01,736 [INFO] [OK] USA/GFS_ENSEMBLE_Wheat_Spring_PRCP/daily dia 11 (2026-07-28 → 2026-07-28) 33788 bytes
2026-07-17 09:37:01,818 [INFO] [OK] USA/GFS_ENSEMBLE_Wheat_Spring_PRCP/daily dia 10 (2026-07-27 → 2026-07-27) 34140 bytes
2026-07-17 09:37:02,551 [INFO] [OK] USA/GFS_ENSEMBLE_Wheat_Spring_PRCP/daily dia 13 (2026-07-30 → 2026-07-30) 35016 bytes
2026-07-17 09:37:02,584 [INFO] [OK] USA/GFS_ENSEMBLE_Wheat_Spring_PRCP/daily dia 12 (2026-07-29 → 2026-07-29) 35184 bytes
2026-07-17 09:37:02,779 [INFO] [OK] USA/GFS_ENSEMBLE_Wheat_Spring_PRCP/daily dia 14 (2026-07-31 → 2026-07-31) 34552 bytes
2026-07-17 09:37:02,902 [INFO] [OK] USA/GFS_ENSEMBLE_Wheat_Spring_PRCP/cumulative dia 00 (2026-07-17 → 2026-07-17) 37472 bytes
2026-07-17 09:37:03,641 [INFO] [OK] USA/GFS_ENSEMBLE_Wheat_Spring_PRCP/cumulative dia 02 (2026-07-17 → 2026-07-19) 42006 bytes
2026-07-17 09:37:03,663 [INFO] [OK] USA/GFS_ENSEMBLE_Wheat_Spring_PRCP/cumulative dia 01 (2026-07-17 → 2026-07-18) 40587 bytes
2026-07-17 09:37:04,975 [INFO] [OK] USA/GFS_ENSEMBLE_Wheat_Spring_PRCP/cumulative dia 03 (2026-07-17 → 2026-07-20) 42112 bytes
2026-07-17 09:37:05,070 [INFO] [OK] USA/GFS_ENSEMBLE_Wheat_Spring_PRCP/cumulative dia 04 (2026-07-17 → 2026-07-21) 43970 bytes
2026-07-17 09:37:05,546 [INFO] [OK] USA/GFS_ENSEMBLE_Wheat_Spring_PRCP/cumulative dia 05 (2026-07-17 → 2026-07-22) 45170 bytes
2026-07-17 09:37:05,702 [INFO] [OK] USA/GFS_ENSEMBLE_Wheat_Spring_PRCP/cumulative dia 06 (2026-07-17 → 2026-07-23) 45570 bytes
2026-07-17 09:37:06,595 [INFO] [OK] USA/GFS_ENSEMBLE_Wheat_Spring_PRCP/cumulative dia 07 (2026-07-17 → 2026-07-24) 45806 bytes
2026-07-17 09:37:06,749 [INFO] [OK] USA/GFS_ENSEMBLE_Wheat_Spring_PRCP/cumulative dia 08 (2026-07-17 → 2026-07-25) 46769 bytes
2026-07-17 09:37:08,368 [INFO] [OK] USA/GFS_ENSEMBLE_Wheat_Spring_PRCP/cumulative dia 09 (2026-07-17 → 2026-07-26) 47899 bytes
2026-07-17 09:37:08,925 [INFO] [OK] USA/GFS_ENSEMBLE_Wheat_Spring_PRCP/cumulative dia 10 (2026-07-17 → 2026-07-27) 47684 bytes
2026-07-17 09:37:09,786 [INFO] [OK] USA/GFS_ENSEMBLE_Wheat_Spring_PRCP/cumulative dia 12 (2026-07-17 → 2026-07-29) 48436 bytes
2026-07-17 09:37:09,867 [INFO] [OK] USA/GFS_ENSEMBLE_Wheat_Spring_PRCP/cumulative dia 11 (2026-07-17 → 2026-07-28) 47673 bytes
2026-07-17 09:37:11,721 [INFO] [OK] USA/ECM_ENSEMBLE_Corn_PRCP_DEP/daily dia 00 (2026-07-17 → 2026-07-17) 54670 bytes
2026-07-17 09:37:11,807 [INFO] [OK] USA/ECM_ENSEMBLE_Corn_PRCP_DEP/daily dia 01 (2026-07-18 → 2026-07-18) 54639 bytes
2026-07-17 09:37:11,950 [INFO] [OK] USA/ECM_ENSEMBLE_Corn_PRCP_DEP/daily dia 03 (2026-07-20 → 2026-07-20) 52974 bytes
2026-07-17 09:37:11,952 [INFO] [OK] USA/ECM_ENSEMBLE_Corn_PRCP_DEP/daily dia 02 (2026-07-19 → 2026-07-19) 52782 bytes
2026-07-17 09:37:12,755 [INFO] [OK] USA/GFS_ENSEMBLE_Wheat_Spring_PRCP/cumulative dia 14 (2026-07-17 → 2026-07-31) 48976 bytes
2026-07-17 09:37:12,759 [INFO] [OK] USA/GFS_ENSEMBLE_Wheat_Spring_PRCP/cumulative dia 13 (2026-07-17 → 2026-07-30) 49242 bytes
2026-07-17 09:37:13,697 [INFO] [OK] USA/ECM_ENSEMBLE_Corn_PRCP_DEP/daily dia 04 (2026-07-21 → 2026-07-21) 53962 bytes
2026-07-17 09:37:14,231 [INFO] [OK] USA/ECM_ENSEMBLE_Corn_PRCP_DEP/daily dia 05 (2026-07-22 → 2026-07-22) 55497 bytes
2026-07-17 09:37:14,232 [INFO] [OK] USA/ECM_ENSEMBLE_Corn_PRCP_DEP/daily dia 06 (2026-07-23 → 2026-07-23) 56748 bytes
2026-07-17 09:37:14,236 [INFO] [OK] USA/ECM_ENSEMBLE_Corn_PRCP_DEP/daily dia 07 (2026-07-24 → 2026-07-24) 58201 bytes
2026-07-17 09:37:14,389 [INFO] [OK] USA/ECM_ENSEMBLE_Corn_PRCP_DEP/daily dia 09 (2026-07-26 → 2026-07-26) 59607 bytes
2026-07-17 09:37:14,514 [INFO] [OK] USA/ECM_ENSEMBLE_Corn_PRCP_DEP/daily dia 08 (2026-07-25 → 2026-07-25) 60316 bytes
2026-07-17 09:37:15,238 [INFO] [OK] USA/ECM_ENSEMBLE_Corn_PRCP_DEP/daily dia 10 (2026-07-27 → 2026-07-27) 59236 bytes
2026-07-17 09:37:15,826 [INFO] [OK] USA/ECM_ENSEMBLE_Corn_PRCP_DEP/daily dia 13 (2026-07-30 → 2026-07-30) 59957 bytes
2026-07-17 09:37:15,851 [INFO] [OK] USA/ECM_ENSEMBLE_Corn_PRCP_DEP/daily dia 12 (2026-07-29 → 2026-07-29) 60683 bytes
2026-07-17 09:37:15,986 [INFO] [OK] USA/ECM_ENSEMBLE_Corn_PRCP_DEP/daily dia 11 (2026-07-28 → 2026-07-28) 59589 bytes
2026-07-17 09:37:16,152 [INFO] [OK] USA/ECM_ENSEMBLE_Corn_PRCP_DEP/daily dia 14 (2026-07-31 → 2026-07-31) 56120 bytes
2026-07-17 09:37:16,164 [INFO] [OK] USA/ECM_ENSEMBLE_Corn_PRCP_DEP/cumulative dia 00 (2026-07-17 → 2026-07-17) 54670 bytes
2026-07-17 09:37:16,940 [INFO] [OK] USA/ECM_ENSEMBLE_Corn_PRCP_DEP/cumulative dia 01 (2026-07-17 → 2026-07-18) 56928 bytes
2026-07-17 09:37:17,588 [INFO] [OK] USA/ECM_ENSEMBLE_Corn_PRCP_DEP/cumulative dia 02 (2026-07-17 → 2026-07-19) 57640 bytes
2026-07-17 09:37:17,687 [INFO] [OK] USA/ECM_ENSEMBLE_Corn_PRCP_DEP/cumulative dia 03 (2026-07-17 → 2026-07-20) 59389 bytes
2026-07-17 09:37:17,976 [INFO] [OK] USA/ECM_ENSEMBLE_Corn_PRCP_DEP/cumulative dia 04 (2026-07-17 → 2026-07-21) 59086 bytes
2026-07-17 09:37:18,306 [INFO] [OK] USA/ECM_ENSEMBLE_Corn_PRCP_DEP/cumulative dia 06 (2026-07-17 → 2026-07-23) 59774 bytes
2026-07-17 09:37:18,356 [INFO] [OK] USA/ECM_ENSEMBLE_Corn_PRCP_DEP/cumulative dia 05 (2026-07-17 → 2026-07-22) 59087 bytes
2026-07-17 09:37:19,668 [INFO] [OK] USA/ECM_ENSEMBLE_Corn_PRCP_DEP/cumulative dia 07 (2026-07-17 → 2026-07-24) 59538 bytes
2026-07-17 09:37:19,954 [INFO] [OK] USA/ECM_ENSEMBLE_Corn_PRCP_DEP/cumulative dia 08 (2026-07-17 → 2026-07-25) 59675 bytes
2026-07-17 09:37:20,207 [INFO] [OK] USA/ECM_ENSEMBLE_Corn_PRCP_DEP/cumulative dia 09 (2026-07-17 → 2026-07-26) 59714 bytes
2026-07-17 09:37:20,425 [INFO] [OK] USA/ECM_ENSEMBLE_Corn_PRCP_DEP/cumulative dia 10 (2026-07-17 → 2026-07-27) 59738 bytes
2026-07-17 09:37:20,913 [INFO] [OK] USA/ECM_ENSEMBLE_Corn_PRCP_DEP/cumulative dia 11 (2026-07-17 → 2026-07-28) 59476 bytes
2026-07-17 09:37:21,105 [INFO] [OK] USA/ECM_ENSEMBLE_Corn_PRCP_DEP/cumulative dia 12 (2026-07-17 → 2026-07-29) 59882 bytes
2026-07-17 09:37:21,666 [INFO] [OK] USA/ECM_ENSEMBLE_Corn_PRCP/daily dia 00 (2026-07-17 → 2026-07-17) 38585 bytes
2026-07-17 09:37:21,918 [INFO] [OK] USA/ECM_ENSEMBLE_Corn_PRCP/daily dia 01 (2026-07-18 → 2026-07-18) 38638 bytes
2026-07-17 09:37:23,025 [INFO] [OK] USA/ECM_ENSEMBLE_Corn_PRCP/daily dia 02 (2026-07-19 → 2026-07-19) 36352 bytes
2026-07-17 09:37:23,031 [INFO] [OK] USA/ECM_ENSEMBLE_Corn_PRCP_DEP/cumulative dia 14 (2026-07-17 → 2026-07-31) 59480 bytes
2026-07-17 09:37:23,032 [INFO] [OK] USA/ECM_ENSEMBLE_Corn_PRCP_DEP/cumulative dia 13 (2026-07-17 → 2026-07-30) 59788 bytes
2026-07-17 09:37:23,035 [INFO] [OK] USA/ECM_ENSEMBLE_Corn_PRCP/daily dia 03 (2026-07-20 → 2026-07-20) 36939 bytes
2026-07-17 09:37:23,124 [INFO] [OK] USA/ECM_ENSEMBLE_Corn_PRCP/daily dia 04 (2026-07-21 → 2026-07-21) 38130 bytes
2026-07-17 09:37:23,374 [INFO] [OK] USA/ECM_ENSEMBLE_Corn_PRCP/daily dia 05 (2026-07-22 → 2026-07-22) 37558 bytes
2026-07-17 09:37:24,642 [INFO] [OK] USA/ECM_ENSEMBLE_Corn_PRCP/daily dia 10 (2026-07-27 → 2026-07-27) 36589 bytes
2026-07-17 09:37:24,644 [INFO] [OK] USA/ECM_ENSEMBLE_Corn_PRCP/daily dia 07 (2026-07-24 → 2026-07-24) 36849 bytes
2026-07-17 09:37:24,657 [INFO] [OK] USA/ECM_ENSEMBLE_Corn_PRCP/daily dia 06 (2026-07-23 → 2026-07-23) 37697 bytes
2026-07-17 09:37:24,745 [INFO] [OK] USA/ECM_ENSEMBLE_Corn_PRCP/daily dia 08 (2026-07-25 → 2026-07-25) 37517 bytes
2026-07-17 09:37:24,814 [INFO] [OK] USA/ECM_ENSEMBLE_Corn_PRCP/daily dia 09 (2026-07-26 → 2026-07-26) 36753 bytes
2026-07-17 09:37:24,827 [INFO] [OK] USA/ECM_ENSEMBLE_Corn_PRCP/daily dia 11 (2026-07-28 → 2026-07-28) 36013 bytes
2026-07-17 09:37:26,119 [INFO] [OK] USA/ECM_ENSEMBLE_Corn_PRCP/daily dia 12 (2026-07-29 → 2026-07-29) 35610 bytes
2026-07-17 09:37:26,274 [INFO] [OK] USA/ECM_ENSEMBLE_Corn_PRCP/daily dia 13 (2026-07-30 → 2026-07-30) 36262 bytes
2026-07-17 09:37:26,325 [INFO] [OK] USA/ECM_ENSEMBLE_Corn_PRCP/daily dia 14 (2026-07-31 → 2026-07-31) 35310 bytes
2026-07-17 09:37:26,439 [INFO] [OK] USA/ECM_ENSEMBLE_Corn_PRCP/cumulative dia 01 (2026-07-17 → 2026-07-18) 41718 bytes
2026-07-17 09:37:26,467 [INFO] [OK] USA/ECM_ENSEMBLE_Corn_PRCP/cumulative dia 00 (2026-07-17 → 2026-07-17) 38585 bytes
2026-07-17 09:37:26,584 [INFO] [OK] USA/ECM_ENSEMBLE_Corn_PRCP/cumulative dia 02 (2026-07-17 → 2026-07-19) 43540 bytes
2026-07-17 09:37:27,954 [INFO] [OK] USA/ECM_ENSEMBLE_Corn_PRCP/cumulative dia 03 (2026-07-17 → 2026-07-20) 45002 bytes
2026-07-17 09:37:28,183 [INFO] [OK] USA/ECM_ENSEMBLE_Corn_PRCP/cumulative dia 04 (2026-07-17 → 2026-07-21) 47031 bytes
2026-07-17 09:37:28,321 [INFO] [OK] USA/ECM_ENSEMBLE_Corn_PRCP/cumulative dia 05 (2026-07-17 → 2026-07-22) 47515 bytes
2026-07-17 09:37:28,538 [INFO] [OK] USA/ECM_ENSEMBLE_Corn_PRCP/cumulative dia 06 (2026-07-17 → 2026-07-23) 48890 bytes
2026-07-17 09:37:28,745 [INFO] [OK] USA/ECM_ENSEMBLE_Corn_PRCP/cumulative dia 07 (2026-07-17 → 2026-07-24) 49459 bytes
2026-07-17 09:37:28,935 [INFO] [OK] USA/ECM_ENSEMBLE_Corn_PRCP/cumulative dia 08 (2026-07-17 → 2026-07-25) 49745 bytes
2026-07-17 09:37:30,724 [INFO] [OK] USA/ECM_ENSEMBLE_Corn_PRCP/cumulative dia 09 (2026-07-17 → 2026-07-26) 50544 bytes
2026-07-17 09:37:30,947 [INFO] [OK] USA/ECM_ENSEMBLE_Corn_PRCP/cumulative dia 10 (2026-07-17 → 2026-07-27) 50808 bytes
2026-07-17 09:37:31,176 [INFO] [OK] USA/ECM_ENSEMBLE_Corn_PRCP/cumulative dia 11 (2026-07-17 → 2026-07-28) 51056 bytes
2026-07-17 09:37:31,464 [INFO] [OK] USA/ECM_ENSEMBLE_Corn_PRCP/cumulative dia 12 (2026-07-17 → 2026-07-29) 51372 bytes
2026-07-17 09:37:31,689 [INFO] [OK] USA/ECM_ENSEMBLE_Corn_PRCP/cumulative dia 13 (2026-07-17 → 2026-07-30) 51070 bytes
2026-07-17 09:37:32,023 [INFO] [OK] USA/ECM_ENSEMBLE_Corn_PRCP/cumulative dia 14 (2026-07-17 → 2026-07-31) 51563 bytes
2026-07-17 09:37:32,276 [INFO] [OK] USA/ECM_ENSEMBLE_Soy_PRCP_DEP/daily dia 00 (2026-07-17 → 2026-07-17) 54335 bytes
2026-07-17 09:37:32,459 [INFO] [OK] USA/ECM_ENSEMBLE_Soy_PRCP_DEP/daily dia 01 (2026-07-18 → 2026-07-18) 54158 bytes
2026-07-17 09:37:32,648 [INFO] [OK] USA/ECM_ENSEMBLE_Soy_PRCP_DEP/daily dia 02 (2026-07-19 → 2026-07-19) 52255 bytes
2026-07-17 09:37:33,000 [INFO] [OK] USA/ECM_ENSEMBLE_Soy_PRCP_DEP/daily dia 03 (2026-07-20 → 2026-07-20) 52755 bytes
2026-07-17 09:37:33,240 [INFO] [OK] USA/ECM_ENSEMBLE_Soy_PRCP_DEP/daily dia 04 (2026-07-21 → 2026-07-21) 53674 bytes
2026-07-17 09:37:33,543 [INFO] [OK] USA/ECM_ENSEMBLE_Soy_PRCP_DEP/daily dia 05 (2026-07-22 → 2026-07-22) 55083 bytes
2026-07-17 09:37:33,981 [INFO] [OK] USA/ECM_ENSEMBLE_Soy_PRCP_DEP/daily dia 06 (2026-07-23 → 2026-07-23) 56300 bytes
2026-07-17 09:37:34,053 [INFO] [OK] USA/ECM_ENSEMBLE_Soy_PRCP_DEP/daily dia 07 (2026-07-24 → 2026-07-24) 57874 bytes
2026-07-17 09:37:34,214 [INFO] [OK] USA/ECM_ENSEMBLE_Soy_PRCP_DEP/daily dia 08 (2026-07-25 → 2026-07-25) 60152 bytes
2026-07-17 09:37:34,525 [INFO] [OK] USA/ECM_ENSEMBLE_Soy_PRCP_DEP/daily dia 09 (2026-07-26 → 2026-07-26) 59564 bytes
2026-07-17 09:37:34,819 [INFO] [OK] USA/ECM_ENSEMBLE_Soy_PRCP_DEP/daily dia 10 (2026-07-27 → 2026-07-27) 58794 bytes
2026-07-17 09:37:35,463 [INFO] [OK] USA/ECM_ENSEMBLE_Soy_PRCP_DEP/daily dia 11 (2026-07-28 → 2026-07-28) 59274 bytes
2026-07-17 09:37:35,664 [INFO] [OK] USA/ECM_ENSEMBLE_Soy_PRCP_DEP/daily dia 13 (2026-07-30 → 2026-07-30) 59942 bytes
2026-07-17 09:37:35,665 [INFO] [OK] USA/ECM_ENSEMBLE_Soy_PRCP_DEP/daily dia 12 (2026-07-29 → 2026-07-29) 60314 bytes
2026-07-17 09:37:35,882 [INFO] [OK] USA/ECM_ENSEMBLE_Soy_PRCP_DEP/daily dia 14 (2026-07-31 → 2026-07-31) 55626 bytes
2026-07-17 09:37:36,130 [INFO] [OK] USA/ECM_ENSEMBLE_Soy_PRCP_DEP/cumulative dia 00 (2026-07-17 → 2026-07-17) 54335 bytes
2026-07-17 09:37:36,439 [INFO] [OK] USA/ECM_ENSEMBLE_Soy_PRCP_DEP/cumulative dia 01 (2026-07-17 → 2026-07-18) 56525 bytes
2026-07-17 09:37:37,229 [INFO] [OK] USA/ECM_ENSEMBLE_Soy_PRCP_DEP/cumulative dia 02 (2026-07-17 → 2026-07-19) 57314 bytes
2026-07-17 09:37:37,553 [INFO] [OK] USA/ECM_ENSEMBLE_Soy_PRCP_DEP/cumulative dia 03 (2026-07-17 → 2026-07-20) 59121 bytes
2026-07-17 09:37:37,591 [INFO] [OK] USA/ECM_ENSEMBLE_Soy_PRCP_DEP/cumulative dia 04 (2026-07-17 → 2026-07-21) 58787 bytes
2026-07-17 09:37:37,942 [INFO] [OK] USA/ECM_ENSEMBLE_Soy_PRCP_DEP/cumulative dia 05 (2026-07-17 → 2026-07-22) 58997 bytes
2026-07-17 09:37:38,243 [INFO] [OK] USA/ECM_ENSEMBLE_Soy_PRCP_DEP/cumulative dia 06 (2026-07-17 → 2026-07-23) 59501 bytes
2026-07-17 09:37:38,678 [INFO] [OK] USA/ECM_ENSEMBLE_Soy_PRCP_DEP/cumulative dia 07 (2026-07-17 → 2026-07-24) 59392 bytes
2026-07-17 09:37:39,508 [INFO] [OK] USA/ECM_ENSEMBLE_Soy_PRCP_DEP/cumulative dia 08 (2026-07-17 → 2026-07-25) 59428 bytes
2026-07-17 09:37:40,017 [INFO] [OK] USA/ECM_ENSEMBLE_Soy_PRCP_DEP/cumulative dia 09 (2026-07-17 → 2026-07-26) 59378 bytes
2026-07-17 09:37:40,142 [INFO] [OK] USA/ECM_ENSEMBLE_Soy_PRCP_DEP/cumulative dia 10 (2026-07-17 → 2026-07-27) 59376 bytes
2026-07-17 09:37:40,816 [INFO] [OK] USA/ECM_ENSEMBLE_Soy_PRCP_DEP/cumulative dia 11 (2026-07-17 → 2026-07-28) 59424 bytes
2026-07-17 09:37:41,164 [INFO] [OK] USA/ECM_ENSEMBLE_Soy_PRCP_DEP/cumulative dia 12 (2026-07-17 → 2026-07-29) 59862 bytes
2026-07-17 09:37:41,511 [INFO] [OK] USA/ECM_ENSEMBLE_Soy_PRCP/daily dia 00 (2026-07-17 → 2026-07-17) 38144 bytes
2026-07-17 09:37:41,554 [INFO] [OK] USA/ECM_ENSEMBLE_Soy_PRCP_DEP/cumulative dia 13 (2026-07-17 → 2026-07-30) 59753 bytes
2026-07-17 09:37:41,623 [INFO] [OK] USA/ECM_ENSEMBLE_Soy_PRCP/daily dia 01 (2026-07-18 → 2026-07-18) 38085 bytes
2026-07-17 09:37:42,299 [INFO] [OK] USA/ECM_ENSEMBLE_Soy_PRCP/daily dia 02 (2026-07-19 → 2026-07-19) 35856 bytes
2026-07-17 09:37:42,399 [INFO] [OK] USA/ECM_ENSEMBLE_Soy_PRCP_DEP/cumulative dia 14 (2026-07-17 → 2026-07-31) 59362 bytes
2026-07-17 09:37:42,595 [INFO] [OK] USA/ECM_ENSEMBLE_Soy_PRCP/daily dia 03 (2026-07-20 → 2026-07-20) 36423 bytes
2026-07-17 09:37:42,992 [INFO] [OK] USA/ECM_ENSEMBLE_Soy_PRCP/daily dia 04 (2026-07-21 → 2026-07-21) 37581 bytes
2026-07-17 09:37:43,117 [INFO] [OK] USA/ECM_ENSEMBLE_Soy_PRCP/daily dia 06 (2026-07-23 → 2026-07-23) 37288 bytes
2026-07-17 09:37:43,120 [INFO] [OK] USA/ECM_ENSEMBLE_Soy_PRCP/daily dia 05 (2026-07-22 → 2026-07-22) 37195 bytes
2026-07-17 09:37:43,890 [INFO] [OK] USA/ECM_ENSEMBLE_Soy_PRCP/daily dia 08 (2026-07-25 → 2026-07-25) 37018 bytes
2026-07-17 09:37:43,964 [INFO] [OK] USA/ECM_ENSEMBLE_Soy_PRCP/daily dia 07 (2026-07-24 → 2026-07-24) 36436 bytes
2026-07-17 09:37:44,146 [INFO] [OK] USA/ECM_ENSEMBLE_Soy_PRCP/daily dia 09 (2026-07-26 → 2026-07-26) 36366 bytes
2026-07-17 09:37:44,479 [INFO] [OK] USA/ECM_ENSEMBLE_Soy_PRCP/daily dia 10 (2026-07-27 → 2026-07-27) 36095 bytes
2026-07-17 09:37:44,560 [INFO] [OK] USA/ECM_ENSEMBLE_Soy_PRCP/daily dia 11 (2026-07-28 → 2026-07-28) 35560 bytes
2026-07-17 09:37:44,624 [INFO] [OK] USA/ECM_ENSEMBLE_Soy_PRCP/daily dia 12 (2026-07-29 → 2026-07-29) 35112 bytes
2026-07-17 09:37:45,368 [INFO] [OK] USA/ECM_ENSEMBLE_Soy_PRCP/daily dia 13 (2026-07-30 → 2026-07-30) 35799 bytes
2026-07-17 09:37:45,401 [INFO] [OK] USA/ECM_ENSEMBLE_Soy_PRCP/daily dia 14 (2026-07-31 → 2026-07-31) 34787 bytes
2026-07-17 09:37:45,710 [INFO] [OK] USA/ECM_ENSEMBLE_Soy_PRCP/cumulative dia 00 (2026-07-17 → 2026-07-17) 38144 bytes
2026-07-17 09:37:46,068 [INFO] [OK] USA/ECM_ENSEMBLE_Soy_PRCP/cumulative dia 01 (2026-07-17 → 2026-07-18) 41255 bytes
2026-07-17 09:37:46,310 [INFO] [OK] USA/ECM_ENSEMBLE_Soy_PRCP/cumulative dia 02 (2026-07-17 → 2026-07-19) 42996 bytes
2026-07-17 09:37:46,408 [INFO] [OK] USA/ECM_ENSEMBLE_Soy_PRCP/cumulative dia 03 (2026-07-17 → 2026-07-20) 44455 bytes
2026-07-17 09:37:47,356 [INFO] [OK] USA/ECM_ENSEMBLE_Soy_PRCP/cumulative dia 04 (2026-07-17 → 2026-07-21) 46590 bytes
2026-07-17 09:37:47,612 [INFO] [OK] USA/ECM_ENSEMBLE_Soy_PRCP/cumulative dia 05 (2026-07-17 → 2026-07-22) 47209 bytes
2026-07-17 09:37:47,947 [INFO] [OK] USA/ECM_ENSEMBLE_Soy_PRCP/cumulative dia 06 (2026-07-17 → 2026-07-23) 48421 bytes
2026-07-17 09:37:48,770 [INFO] [OK] USA/ECM_ENSEMBLE_Soy_PRCP/cumulative dia 07 (2026-07-17 → 2026-07-24) 48995 bytes
2026-07-17 09:37:48,958 [INFO] [OK] USA/ECM_ENSEMBLE_Soy_PRCP/cumulative dia 08 (2026-07-17 → 2026-07-25) 49378 bytes
2026-07-17 09:37:49,027 [INFO] [OK] USA/ECM_ENSEMBLE_Soy_PRCP/cumulative dia 09 (2026-07-17 → 2026-07-26) 50157 bytes
2026-07-17 09:37:50,710 [INFO] [OK] USA/ECM_ENSEMBLE_Soy_PRCP/cumulative dia 10 (2026-07-17 → 2026-07-27) 50535 bytes
2026-07-17 09:37:50,869 [INFO] [OK] USA/ECM_ENSEMBLE_Soy_PRCP/cumulative dia 12 (2026-07-17 → 2026-07-29) 51047 bytes
2026-07-17 09:37:50,875 [INFO] [OK] USA/ECM_ENSEMBLE_Soy_PRCP/cumulative dia 11 (2026-07-17 → 2026-07-28) 50611 bytes
2026-07-17 09:37:50,951 [INFO] [OK] USA/ECM_ENSEMBLE_Wheat_Winter_PRCP_DEP/daily dia 00 (2026-07-17 → 2026-07-17) 55935 bytes
2026-07-17 09:37:53,201 [INFO] [OK] USA/ECM_ENSEMBLE_Wheat_Winter_PRCP_DEP/daily dia 01 (2026-07-18 → 2026-07-18) 55816 bytes
2026-07-17 09:37:53,203 [INFO] [OK] USA/ECM_ENSEMBLE_Soy_PRCP/cumulative dia 13 (2026-07-17 → 2026-07-30) 50718 bytes
2026-07-17 09:37:53,209 [INFO] [OK] USA/ECM_ENSEMBLE_Soy_PRCP/cumulative dia 14 (2026-07-17 → 2026-07-31) 51215 bytes
2026-07-17 09:37:53,219 [INFO] [OK] USA/ECM_ENSEMBLE_Wheat_Winter_PRCP_DEP/daily dia 03 (2026-07-20 → 2026-07-20) 54591 bytes
2026-07-17 09:37:53,220 [INFO] [OK] USA/ECM_ENSEMBLE_Wheat_Winter_PRCP_DEP/daily dia 02 (2026-07-19 → 2026-07-19) 53856 bytes
2026-07-17 09:37:53,222 [INFO] [OK] USA/ECM_ENSEMBLE_Wheat_Winter_PRCP_DEP/daily dia 04 (2026-07-21 → 2026-07-21) 55188 bytes
2026-07-17 09:37:54,859 [INFO] [OK] USA/ECM_ENSEMBLE_Wheat_Winter_PRCP_DEP/daily dia 05 (2026-07-22 → 2026-07-22) 56877 bytes
2026-07-17 09:37:55,098 [INFO] [OK] USA/ECM_ENSEMBLE_Wheat_Winter_PRCP_DEP/daily dia 10 (2026-07-27 → 2026-07-27) 60280 bytes
2026-07-17 09:37:55,107 [INFO] [OK] USA/ECM_ENSEMBLE_Wheat_Winter_PRCP_DEP/daily dia 06 (2026-07-23 → 2026-07-23) 57896 bytes
2026-07-17 09:37:55,110 [INFO] [OK] USA/ECM_ENSEMBLE_Wheat_Winter_PRCP_DEP/daily dia 09 (2026-07-26 → 2026-07-26) 60679 bytes
2026-07-17 09:37:55,114 [INFO] [OK] USA/ECM_ENSEMBLE_Wheat_Winter_PRCP_DEP/daily dia 07 (2026-07-24 → 2026-07-24) 59713 bytes
2026-07-17 09:37:55,119 [INFO] [OK] USA/ECM_ENSEMBLE_Wheat_Winter_PRCP_DEP/daily dia 08 (2026-07-25 → 2026-07-25) 61287 bytes
2026-07-17 09:37:56,607 [INFO] [OK] USA/ECM_ENSEMBLE_Wheat_Winter_PRCP_DEP/daily dia 11 (2026-07-28 → 2026-07-28) 60572 bytes
2026-07-17 09:37:56,901 [INFO] [OK] USA/ECM_ENSEMBLE_Wheat_Winter_PRCP_DEP/daily dia 12 (2026-07-29 → 2026-07-29) 61647 bytes
2026-07-17 09:37:56,989 [INFO] [OK] USA/ECM_ENSEMBLE_Wheat_Winter_PRCP_DEP/cumulative dia 00 (2026-07-17 → 2026-07-17) 55935 bytes
2026-07-17 09:37:56,990 [INFO] [OK] USA/ECM_ENSEMBLE_Wheat_Winter_PRCP_DEP/cumulative dia 01 (2026-07-17 → 2026-07-18) 58169 bytes
2026-07-17 09:37:57,083 [INFO] [OK] USA/ECM_ENSEMBLE_Wheat_Winter_PRCP_DEP/daily dia 14 (2026-07-31 → 2026-07-31) 57310 bytes
2026-07-17 09:37:57,173 [INFO] [OK] USA/ECM_ENSEMBLE_Wheat_Winter_PRCP_DEP/daily dia 13 (2026-07-30 → 2026-07-30) 61085 bytes
2026-07-17 09:37:58,789 [INFO] [OK] USA/ECM_ENSEMBLE_Wheat_Winter_PRCP_DEP/cumulative dia 02 (2026-07-17 → 2026-07-19) 58844 bytes
2026-07-17 09:37:59,035 [INFO] [OK] USA/ECM_ENSEMBLE_Wheat_Winter_PRCP_DEP/cumulative dia 04 (2026-07-17 → 2026-07-21) 59712 bytes
2026-07-17 09:37:59,068 [INFO] [OK] USA/ECM_ENSEMBLE_Wheat_Winter_PRCP_DEP/cumulative dia 03 (2026-07-17 → 2026-07-20) 59932 bytes
2026-07-17 09:37:59,260 [INFO] [OK] USA/ECM_ENSEMBLE_Wheat_Winter_PRCP_DEP/cumulative dia 05 (2026-07-17 → 2026-07-22) 60070 bytes
2026-07-17 09:37:59,561 [INFO] [OK] USA/ECM_ENSEMBLE_Wheat_Winter_PRCP_DEP/cumulative dia 06 (2026-07-17 → 2026-07-23) 60602 bytes
2026-07-17 09:37:59,681 [INFO] [OK] USA/ECM_ENSEMBLE_Wheat_Winter_PRCP_DEP/cumulative dia 07 (2026-07-17 → 2026-07-24) 60412 bytes
2026-07-17 09:38:01,323 [INFO] [OK] USA/ECM_ENSEMBLE_Wheat_Winter_PRCP_DEP/cumulative dia 08 (2026-07-17 → 2026-07-25) 60463 bytes
2026-07-17 09:38:01,569 [INFO] [OK] USA/ECM_ENSEMBLE_Wheat_Winter_PRCP_DEP/cumulative dia 09 (2026-07-17 → 2026-07-26) 60474 bytes
2026-07-17 09:38:01,743 [INFO] [OK] USA/ECM_ENSEMBLE_Wheat_Winter_PRCP_DEP/cumulative dia 10 (2026-07-17 → 2026-07-27) 60639 bytes
2026-07-17 09:38:01,999 [INFO] [OK] USA/ECM_ENSEMBLE_Wheat_Winter_PRCP_DEP/cumulative dia 11 (2026-07-17 → 2026-07-28) 60429 bytes
2026-07-17 09:38:02,951 [INFO] [OK] USA/ECM_ENSEMBLE_Wheat_Winter_PRCP_DEP/cumulative dia 13 (2026-07-17 → 2026-07-30) 60745 bytes
2026-07-17 09:38:02,957 [INFO] [OK] USA/ECM_ENSEMBLE_Wheat_Winter_PRCP_DEP/cumulative dia 12 (2026-07-17 → 2026-07-29) 60936 bytes
2026-07-17 09:38:03,107 [INFO] [OK] USA/ECM_ENSEMBLE_Wheat_Winter_PRCP/daily dia 00 (2026-07-17 → 2026-07-17) 39540 bytes
2026-07-17 09:38:03,234 [INFO] [OK] USA/ECM_ENSEMBLE_Wheat_Winter_PRCP/daily dia 01 (2026-07-18 → 2026-07-18) 39720 bytes
2026-07-17 09:38:03,445 [INFO] [OK] USA/ECM_ENSEMBLE_Wheat_Winter_PRCP/daily dia 02 (2026-07-19 → 2026-07-19) 37365 bytes
2026-07-17 09:38:04,810 [INFO] [OK] USA/ECM_ENSEMBLE_Wheat_Winter_PRCP/daily dia 06 (2026-07-23 → 2026-07-23) 38782 bytes
2026-07-17 09:38:04,818 [INFO] [OK] USA/ECM_ENSEMBLE_Wheat_Winter_PRCP/daily dia 03 (2026-07-20 → 2026-07-20) 38256 bytes
2026-07-17 09:38:04,827 [INFO] [OK] USA/ECM_ENSEMBLE_Wheat_Winter_PRCP/daily dia 04 (2026-07-21 → 2026-07-21) 39097 bytes
2026-07-17 09:38:04,830 [INFO] [OK] USA/ECM_ENSEMBLE_Wheat_Winter_PRCP_DEP/cumulative dia 14 (2026-07-17 → 2026-07-31) 60420 bytes
2026-07-17 09:38:04,894 [INFO] [OK] USA/ECM_ENSEMBLE_Wheat_Winter_PRCP/daily dia 05 (2026-07-22 → 2026-07-22) 38653 bytes
2026-07-17 09:38:05,152 [INFO] [OK] USA/ECM_ENSEMBLE_Wheat_Winter_PRCP/daily dia 07 (2026-07-24 → 2026-07-24) 38160 bytes
2026-07-17 09:38:06,306 [INFO] [OK] USA/ECM_ENSEMBLE_Wheat_Winter_PRCP/daily dia 09 (2026-07-26 → 2026-07-26) 37867 bytes
2026-07-17 09:38:06,371 [INFO] [OK] USA/ECM_ENSEMBLE_Wheat_Winter_PRCP/daily dia 10 (2026-07-27 → 2026-07-27) 37697 bytes
2026-07-17 09:38:06,526 [INFO] [OK] USA/ECM_ENSEMBLE_Wheat_Winter_PRCP/daily dia 12 (2026-07-29 → 2026-07-29) 36887 bytes
2026-07-17 09:38:06,532 [INFO] [OK] USA/ECM_ENSEMBLE_Wheat_Winter_PRCP/daily dia 08 (2026-07-25 → 2026-07-25) 38542 bytes
2026-07-17 09:38:06,546 [INFO] [OK] USA/ECM_ENSEMBLE_Wheat_Winter_PRCP/daily dia 11 (2026-07-28 → 2026-07-28) 37149 bytes
2026-07-17 09:38:06,622 [INFO] [OK] USA/ECM_ENSEMBLE_Wheat_Winter_PRCP/daily dia 13 (2026-07-30 → 2026-07-30) 37487 bytes
2026-07-17 09:38:07,992 [INFO] [OK] USA/ECM_ENSEMBLE_Wheat_Winter_PRCP/daily dia 14 (2026-07-31 → 2026-07-31) 36434 bytes
2026-07-17 09:38:08,007 [INFO] [OK] USA/ECM_ENSEMBLE_Wheat_Winter_PRCP/cumulative dia 00 (2026-07-17 → 2026-07-17) 39540 bytes
2026-07-17 09:38:08,156 [INFO] [OK] USA/ECM_ENSEMBLE_Wheat_Winter_PRCP/cumulative dia 01 (2026-07-17 → 2026-07-18) 42922 bytes
2026-07-17 09:38:08,322 [INFO] [OK] USA/ECM_ENSEMBLE_Wheat_Winter_PRCP/cumulative dia 02 (2026-07-17 → 2026-07-19) 44727 bytes
2026-07-17 09:38:08,376 [INFO] [OK] USA/ECM_ENSEMBLE_Wheat_Winter_PRCP/cumulative dia 03 (2026-07-17 → 2026-07-20) 46123 bytes
2026-07-17 09:38:08,583 [INFO] [OK] USA/ECM_ENSEMBLE_Wheat_Winter_PRCP/cumulative dia 04 (2026-07-17 → 2026-07-21) 48065 bytes
2026-07-17 09:38:10,123 [INFO] [OK] USA/ECM_ENSEMBLE_Wheat_Winter_PRCP/cumulative dia 05 (2026-07-17 → 2026-07-22) 48731 bytes
2026-07-17 09:38:10,150 [INFO] [OK] USA/ECM_ENSEMBLE_Wheat_Winter_PRCP/cumulative dia 06 (2026-07-17 → 2026-07-23) 49934 bytes
2026-07-17 09:38:10,429 [INFO] [OK] USA/ECM_ENSEMBLE_Wheat_Winter_PRCP/cumulative dia 07 (2026-07-17 → 2026-07-24) 50613 bytes
2026-07-17 09:38:10,665 [INFO] [OK] USA/ECM_ENSEMBLE_Wheat_Winter_PRCP/cumulative dia 08 (2026-07-17 → 2026-07-25) 51269 bytes
2026-07-17 09:38:10,840 [INFO] [OK] USA/ECM_ENSEMBLE_Wheat_Winter_PRCP/cumulative dia 09 (2026-07-17 → 2026-07-26) 51856 bytes
2026-07-17 09:38:11,022 [INFO] [OK] USA/ECM_ENSEMBLE_Wheat_Winter_PRCP/cumulative dia 10 (2026-07-17 → 2026-07-27) 52221 bytes
2026-07-17 09:38:12,552 [INFO] [OK] USA/ECM_ENSEMBLE_Wheat_Spring_PRCP_DEP/daily dia 00 (2026-07-17 → 2026-07-17) 52693 bytes
2026-07-17 09:38:12,816 [INFO] [OK] USA/ECM_ENSEMBLE_Wheat_Spring_PRCP_DEP/daily dia 01 (2026-07-18 → 2026-07-18) 52875 bytes
2026-07-17 09:38:13,162 [INFO] [OK] USA/ECM_ENSEMBLE_Wheat_Winter_PRCP/cumulative dia 11 (2026-07-17 → 2026-07-28) 52319 bytes
2026-07-17 09:38:13,418 [INFO] [OK] USA/ECM_ENSEMBLE_Wheat_Winter_PRCP/cumulative dia 13 (2026-07-17 → 2026-07-30) 52388 bytes
2026-07-17 09:38:13,548 [INFO] [OK] USA/ECM_ENSEMBLE_Wheat_Winter_PRCP/cumulative dia 12 (2026-07-17 → 2026-07-29) 52774 bytes
2026-07-17 09:38:13,768 [INFO] [OK] USA/ECM_ENSEMBLE_Wheat_Winter_PRCP/cumulative dia 14 (2026-07-17 → 2026-07-31) 53077 bytes
2026-07-17 09:38:14,144 [INFO] [OK] USA/ECM_ENSEMBLE_Wheat_Spring_PRCP_DEP/daily dia 02 (2026-07-19 → 2026-07-19) 50776 bytes
2026-07-17 09:38:14,349 [INFO] [OK] USA/ECM_ENSEMBLE_Wheat_Spring_PRCP_DEP/daily dia 03 (2026-07-20 → 2026-07-20) 51052 bytes
2026-07-17 09:38:14,740 [INFO] [OK] USA/ECM_ENSEMBLE_Wheat_Spring_PRCP_DEP/daily dia 04 (2026-07-21 → 2026-07-21) 52179 bytes
2026-07-17 09:38:14,907 [INFO] [OK] USA/ECM_ENSEMBLE_Wheat_Spring_PRCP_DEP/daily dia 05 (2026-07-22 → 2026-07-22) 53842 bytes
2026-07-17 09:38:15,118 [INFO] [OK] USA/ECM_ENSEMBLE_Wheat_Spring_PRCP_DEP/daily dia 06 (2026-07-23 → 2026-07-23) 54564 bytes
2026-07-17 09:38:15,283 [INFO] [OK] USA/ECM_ENSEMBLE_Wheat_Spring_PRCP_DEP/daily dia 07 (2026-07-24 → 2026-07-24) 56213 bytes
2026-07-17 09:38:15,773 [INFO] [OK] USA/ECM_ENSEMBLE_Wheat_Spring_PRCP_DEP/daily dia 08 (2026-07-25 → 2026-07-25) 57769 bytes
2026-07-17 09:38:15,945 [INFO] [OK] USA/ECM_ENSEMBLE_Wheat_Spring_PRCP_DEP/daily dia 09 (2026-07-26 → 2026-07-26) 57431 bytes
2026-07-17 09:38:16,273 [INFO] [OK] USA/ECM_ENSEMBLE_Wheat_Spring_PRCP_DEP/daily dia 10 (2026-07-27 → 2026-07-27) 56751 bytes
2026-07-17 09:38:16,530 [INFO] [OK] USA/ECM_ENSEMBLE_Wheat_Spring_PRCP_DEP/daily dia 11 (2026-07-28 → 2026-07-28) 57258 bytes
2026-07-17 09:38:16,739 [INFO] [OK] USA/ECM_ENSEMBLE_Wheat_Spring_PRCP_DEP/daily dia 12 (2026-07-29 → 2026-07-29) 58286 bytes
2026-07-17 09:38:16,767 [INFO] [OK] USA/ECM_ENSEMBLE_Wheat_Spring_PRCP_DEP/daily dia 13 (2026-07-30 → 2026-07-30) 57890 bytes
2026-07-17 09:38:17,337 [INFO] [OK] USA/ECM_ENSEMBLE_Wheat_Spring_PRCP_DEP/daily dia 14 (2026-07-31 → 2026-07-31) 53822 bytes
2026-07-17 09:38:17,571 [INFO] [OK] USA/ECM_ENSEMBLE_Wheat_Spring_PRCP_DEP/cumulative dia 00 (2026-07-17 → 2026-07-17) 52693 bytes
2026-07-17 09:38:17,957 [INFO] [OK] USA/ECM_ENSEMBLE_Wheat_Spring_PRCP_DEP/cumulative dia 01 (2026-07-17 → 2026-07-18) 55024 bytes
2026-07-17 09:38:18,247 [INFO] [OK] USA/ECM_ENSEMBLE_Wheat_Spring_PRCP_DEP/cumulative dia 02 (2026-07-17 → 2026-07-19) 55688 bytes
2026-07-17 09:38:18,678 [INFO] [OK] USA/ECM_ENSEMBLE_Wheat_Spring_PRCP_DEP/cumulative dia 03 (2026-07-17 → 2026-07-20) 57087 bytes
2026-07-17 09:38:18,863 [INFO] [OK] USA/ECM_ENSEMBLE_Wheat_Spring_PRCP_DEP/cumulative dia 04 (2026-07-17 → 2026-07-21) 56795 bytes
2026-07-17 09:38:19,341 [INFO] [OK] USA/ECM_ENSEMBLE_Wheat_Spring_PRCP_DEP/cumulative dia 05 (2026-07-17 → 2026-07-22) 57196 bytes
2026-07-17 09:38:19,959 [INFO] [OK] USA/ECM_ENSEMBLE_Wheat_Spring_PRCP_DEP/cumulative dia 06 (2026-07-17 → 2026-07-23) 57662 bytes
2026-07-17 09:38:20,280 [INFO] [OK] USA/ECM_ENSEMBLE_Wheat_Spring_PRCP_DEP/cumulative dia 07 (2026-07-17 → 2026-07-24) 57428 bytes
2026-07-17 09:38:20,667 [INFO] [OK] USA/ECM_ENSEMBLE_Wheat_Spring_PRCP_DEP/cumulative dia 08 (2026-07-17 → 2026-07-25) 57573 bytes
2026-07-17 09:38:21,051 [INFO] [OK] USA/ECM_ENSEMBLE_Wheat_Spring_PRCP_DEP/cumulative dia 09 (2026-07-17 → 2026-07-26) 57575 bytes
2026-07-17 09:38:21,448 [INFO] [OK] USA/ECM_ENSEMBLE_Wheat_Spring_PRCP_DEP/cumulative dia 10 (2026-07-17 → 2026-07-27) 57688 bytes
2026-07-17 09:38:21,952 [INFO] [OK] USA/ECM_ENSEMBLE_Wheat_Spring_PRCP_DEP/cumulative dia 11 (2026-07-17 → 2026-07-28) 57657 bytes
2026-07-17 09:38:22,523 [INFO] [OK] USA/ECM_ENSEMBLE_Wheat_Spring_PRCP/daily dia 00 (2026-07-17 → 2026-07-17) 36651 bytes
2026-07-17 09:38:22,718 [INFO] [OK] USA/ECM_ENSEMBLE_Wheat_Spring_PRCP_DEP/cumulative dia 12 (2026-07-17 → 2026-07-29) 58014 bytes
2026-07-17 09:38:22,951 [INFO] [OK] USA/ECM_ENSEMBLE_Wheat_Spring_PRCP/daily dia 01 (2026-07-18 → 2026-07-18) 36606 bytes
2026-07-17 09:38:23,074 [INFO] [OK] USA/ECM_ENSEMBLE_Wheat_Spring_PRCP_DEP/cumulative dia 13 (2026-07-17 → 2026-07-30) 57668 bytes
2026-07-17 09:38:23,412 [INFO] [OK] USA/ECM_ENSEMBLE_Wheat_Spring_PRCP/daily dia 02 (2026-07-19 → 2026-07-19) 34379 bytes
2026-07-17 09:38:23,517 [INFO] [OK] USA/ECM_ENSEMBLE_Wheat_Spring_PRCP_DEP/cumulative dia 14 (2026-07-17 → 2026-07-31) 57482 bytes
2026-07-17 09:38:23,952 [INFO] [OK] USA/ECM_ENSEMBLE_Wheat_Spring_PRCP/daily dia 03 (2026-07-20 → 2026-07-20) 35052 bytes
2026-07-17 09:38:24,195 [INFO] [OK] USA/ECM_ENSEMBLE_Wheat_Spring_PRCP/daily dia 04 (2026-07-21 → 2026-07-21) 35879 bytes
2026-07-17 09:38:24,408 [INFO] [OK] USA/ECM_ENSEMBLE_Wheat_Spring_PRCP/daily dia 05 (2026-07-22 → 2026-07-22) 35864 bytes
2026-07-17 09:38:24,577 [INFO] [OK] USA/ECM_ENSEMBLE_Wheat_Spring_PRCP/daily dia 06 (2026-07-23 → 2026-07-23) 35758 bytes
2026-07-17 09:38:24,930 [INFO] [OK] USA/ECM_ENSEMBLE_Wheat_Spring_PRCP/daily dia 07 (2026-07-24 → 2026-07-24) 35230 bytes
2026-07-17 09:38:24,978 [INFO] [OK] USA/ECM_ENSEMBLE_Wheat_Spring_PRCP/daily dia 08 (2026-07-25 → 2026-07-25) 35673 bytes
2026-07-17 09:38:25,523 [INFO] [OK] USA/ECM_ENSEMBLE_Wheat_Spring_PRCP/daily dia 09 (2026-07-26 → 2026-07-26) 34991 bytes
2026-07-17 09:38:25,622 [INFO] [OK] USA/ECM_ENSEMBLE_Wheat_Spring_PRCP/daily dia 10 (2026-07-27 → 2026-07-27) 34584 bytes
2026-07-17 09:38:25,911 [INFO] [OK] USA/ECM_ENSEMBLE_Wheat_Spring_PRCP/daily dia 11 (2026-07-28 → 2026-07-28) 34000 bytes
2026-07-17 09:38:26,064 [INFO] [OK] USA/ECM_ENSEMBLE_Wheat_Spring_PRCP/daily dia 12 (2026-07-29 → 2026-07-29) 33749 bytes
2026-07-17 09:38:26,475 [INFO] [OK] USA/ECM_ENSEMBLE_Wheat_Spring_PRCP/daily dia 14 (2026-07-31 → 2026-07-31) 33263 bytes
2026-07-17 09:38:26,536 [INFO] [OK] USA/ECM_ENSEMBLE_Wheat_Spring_PRCP/daily dia 13 (2026-07-30 → 2026-07-30) 34271 bytes
2026-07-17 09:38:27,058 [INFO] [OK] USA/ECM_ENSEMBLE_Wheat_Spring_PRCP/cumulative dia 00 (2026-07-17 → 2026-07-17) 36651 bytes
2026-07-17 09:38:27,223 [INFO] [OK] USA/ECM_ENSEMBLE_Wheat_Spring_PRCP/cumulative dia 01 (2026-07-17 → 2026-07-18) 39603 bytes
2026-07-17 09:38:27,598 [INFO] [OK] USA/ECM_ENSEMBLE_Wheat_Spring_PRCP/cumulative dia 02 (2026-07-17 → 2026-07-19) 41265 bytes
2026-07-17 09:38:27,842 [INFO] [OK] USA/ECM_ENSEMBLE_Wheat_Spring_PRCP/cumulative dia 03 (2026-07-17 → 2026-07-20) 42581 bytes
2026-07-17 09:38:28,463 [INFO] [OK] USA/ECM_ENSEMBLE_Wheat_Spring_PRCP/cumulative dia 04 (2026-07-17 → 2026-07-21) 44476 bytes
2026-07-17 09:38:28,592 [INFO] [OK] USA/ECM_ENSEMBLE_Wheat_Spring_PRCP/cumulative dia 05 (2026-07-17 → 2026-07-22) 44970 bytes
2026-07-17 09:38:29,149 [INFO] [OK] USA/ECM_ENSEMBLE_Wheat_Spring_PRCP/cumulative dia 06 (2026-07-17 → 2026-07-23) 46113 bytes
2026-07-17 09:38:29,455 [INFO] [OK] USA/ECM_ENSEMBLE_Wheat_Spring_PRCP/cumulative dia 07 (2026-07-17 → 2026-07-24) 46639 bytes
2026-07-17 09:38:29,898 [INFO] [OK] USA/ECM_ENSEMBLE_Wheat_Spring_PRCP/cumulative dia 08 (2026-07-17 → 2026-07-25) 47193 bytes
2026-07-17 09:38:30,261 [INFO] [OK] USA/ECM_ENSEMBLE_Wheat_Spring_PRCP/cumulative dia 09 (2026-07-17 → 2026-07-26) 47999 bytes
2026-07-17 09:38:31,008 [INFO] [OK] USA/ECM_ENSEMBLE_Wheat_Spring_PRCP/cumulative dia 10 (2026-07-17 → 2026-07-27) 48188 bytes
