2026-07-10 09:33:18,111 [INFO] === Execução 2026-07-10 | modo=both | dias=15 | parâmetro=['PRCP_DEP', 'PRCP'] ===
2026-07-10 09:33:18,114 [INFO] Baixando 960 mapas com 6 threads...
2026-07-10 09:33:20,392 [INFO] [OK] Brazil/GFS_ENSEMBLE_Soy_PRCP_DEP/daily dia 00 (2026-07-10 → 2026-07-10) 41489 bytes
2026-07-10 09:33:20,400 [INFO] [OK] Brazil/GFS_ENSEMBLE_Soy_PRCP_DEP/daily dia 02 (2026-07-12 → 2026-07-12) 42643 bytes
2026-07-10 09:33:20,405 [INFO] [OK] Brazil/GFS_ENSEMBLE_Soy_PRCP_DEP/daily dia 03 (2026-07-13 → 2026-07-13) 40744 bytes
2026-07-10 09:33:20,406 [INFO] [OK] Brazil/GFS_ENSEMBLE_Soy_PRCP_DEP/daily dia 01 (2026-07-11 → 2026-07-11) 44984 bytes
2026-07-10 09:33:20,408 [INFO] [OK] Brazil/GFS_ENSEMBLE_Soy_PRCP_DEP/daily dia 04 (2026-07-14 → 2026-07-14) 40223 bytes
2026-07-10 09:33:20,473 [INFO] [OK] Brazil/GFS_ENSEMBLE_Soy_PRCP_DEP/daily dia 05 (2026-07-15 → 2026-07-15) 43825 bytes
2026-07-10 09:33:22,109 [INFO] [OK] Brazil/GFS_ENSEMBLE_Soy_PRCP_DEP/daily dia 08 (2026-07-18 → 2026-07-18) 45853 bytes
2026-07-10 09:33:22,112 [INFO] [OK] Brazil/GFS_ENSEMBLE_Soy_PRCP_DEP/daily dia 07 (2026-07-17 → 2026-07-17) 47170 bytes
2026-07-10 09:33:22,255 [INFO] [OK] Brazil/GFS_ENSEMBLE_Soy_PRCP_DEP/daily dia 06 (2026-07-16 → 2026-07-16) 47083 bytes
2026-07-10 09:33:22,295 [INFO] [OK] Brazil/GFS_ENSEMBLE_Soy_PRCP_DEP/daily dia 11 (2026-07-21 → 2026-07-21) 50566 bytes
2026-07-10 09:33:22,297 [INFO] [OK] Brazil/GFS_ENSEMBLE_Soy_PRCP_DEP/daily dia 09 (2026-07-19 → 2026-07-19) 48984 bytes
2026-07-10 09:33:22,360 [INFO] [OK] Brazil/GFS_ENSEMBLE_Soy_PRCP_DEP/daily dia 10 (2026-07-20 → 2026-07-20) 48805 bytes
2026-07-10 09:33:23,566 [INFO] [OK] Brazil/GFS_ENSEMBLE_Soy_PRCP_DEP/daily dia 12 (2026-07-22 → 2026-07-22) 52223 bytes
2026-07-10 09:33:23,750 [INFO] [OK] Brazil/GFS_ENSEMBLE_Soy_PRCP_DEP/cumulative dia 00 (2026-07-10 → 2026-07-10) 41489 bytes
2026-07-10 09:33:23,836 [INFO] [OK] Brazil/GFS_ENSEMBLE_Soy_PRCP_DEP/daily dia 13 (2026-07-23 → 2026-07-23) 52744 bytes
2026-07-10 09:33:24,167 [INFO] [OK] Brazil/GFS_ENSEMBLE_Soy_PRCP_DEP/daily dia 14 (2026-07-24 → 2026-07-24) 51182 bytes
2026-07-10 09:33:24,172 [INFO] [OK] Brazil/GFS_ENSEMBLE_Soy_PRCP_DEP/cumulative dia 02 (2026-07-10 → 2026-07-12) 48153 bytes
2026-07-10 09:33:24,191 [INFO] [OK] Brazil/GFS_ENSEMBLE_Soy_PRCP_DEP/cumulative dia 01 (2026-07-10 → 2026-07-11) 47446 bytes
2026-07-10 09:33:25,204 [INFO] [OK] Brazil/GFS_ENSEMBLE_Soy_PRCP_DEP/cumulative dia 03 (2026-07-10 → 2026-07-13) 48945 bytes
2026-07-10 09:33:25,401 [INFO] [OK] Brazil/GFS_ENSEMBLE_Soy_PRCP_DEP/cumulative dia 04 (2026-07-10 → 2026-07-14) 49430 bytes
2026-07-10 09:33:25,716 [INFO] [OK] Brazil/GFS_ENSEMBLE_Soy_PRCP_DEP/cumulative dia 05 (2026-07-10 → 2026-07-15) 49470 bytes
2026-07-10 09:33:26,098 [INFO] [OK] Brazil/GFS_ENSEMBLE_Soy_PRCP_DEP/cumulative dia 06 (2026-07-10 → 2026-07-16) 49919 bytes
2026-07-10 09:33:26,151 [INFO] [OK] Brazil/GFS_ENSEMBLE_Soy_PRCP_DEP/cumulative dia 07 (2026-07-10 → 2026-07-17) 50608 bytes
2026-07-10 09:33:26,212 [INFO] [OK] Brazil/GFS_ENSEMBLE_Soy_PRCP_DEP/cumulative dia 08 (2026-07-10 → 2026-07-18) 50946 bytes
2026-07-10 09:33:27,435 [INFO] [OK] Brazil/GFS_ENSEMBLE_Soy_PRCP_DEP/cumulative dia 09 (2026-07-10 → 2026-07-19) 50910 bytes
2026-07-10 09:33:27,875 [INFO] [OK] Brazil/GFS_ENSEMBLE_Soy_PRCP_DEP/cumulative dia 10 (2026-07-10 → 2026-07-20) 51486 bytes
2026-07-10 09:33:28,378 [INFO] [OK] Brazil/GFS_ENSEMBLE_Soy_PRCP_DEP/cumulative dia 11 (2026-07-10 → 2026-07-21) 51369 bytes
2026-07-10 09:33:29,196 [INFO] [OK] Brazil/GFS_ENSEMBLE_Soy_PRCP_DEP/cumulative dia 12 (2026-07-10 → 2026-07-22) 51867 bytes
2026-07-10 09:33:29,283 [INFO] [OK] Brazil/GFS_ENSEMBLE_Soy_PRCP/daily dia 00 (2026-07-10 → 2026-07-10) 31083 bytes
2026-07-10 09:33:30,083 [INFO] [OK] Brazil/GFS_ENSEMBLE_Soy_PRCP/daily dia 02 (2026-07-12 → 2026-07-12) 30649 bytes
2026-07-10 09:33:30,116 [INFO] [OK] Brazil/GFS_ENSEMBLE_Soy_PRCP_DEP/cumulative dia 14 (2026-07-10 → 2026-07-24) 52781 bytes
2026-07-10 09:33:30,116 [INFO] [OK] Brazil/GFS_ENSEMBLE_Soy_PRCP/daily dia 01 (2026-07-11 → 2026-07-11) 31484 bytes
2026-07-10 09:33:30,121 [INFO] [OK] Brazil/GFS_ENSEMBLE_Soy_PRCP_DEP/cumulative dia 13 (2026-07-10 → 2026-07-23) 52385 bytes
2026-07-10 09:33:30,600 [INFO] [OK] Brazil/GFS_ENSEMBLE_Soy_PRCP/daily dia 04 (2026-07-14 → 2026-07-14) 29315 bytes
2026-07-10 09:33:30,606 [INFO] [OK] Brazil/GFS_ENSEMBLE_Soy_PRCP/daily dia 03 (2026-07-13 → 2026-07-13) 29768 bytes
2026-07-10 09:33:31,462 [INFO] [OK] Brazil/GFS_ENSEMBLE_Soy_PRCP/daily dia 05 (2026-07-15 → 2026-07-15) 30963 bytes
2026-07-10 09:33:31,590 [INFO] [OK] Brazil/GFS_ENSEMBLE_Soy_PRCP/daily dia 06 (2026-07-16 → 2026-07-16) 32362 bytes
2026-07-10 09:33:31,636 [INFO] [OK] Brazil/GFS_ENSEMBLE_Soy_PRCP/daily dia 07 (2026-07-17 → 2026-07-17) 32125 bytes
2026-07-10 09:33:31,900 [INFO] [OK] Brazil/GFS_ENSEMBLE_Soy_PRCP/daily dia 08 (2026-07-18 → 2026-07-18) 31584 bytes
2026-07-10 09:33:31,968 [INFO] [OK] Brazil/GFS_ENSEMBLE_Soy_PRCP/daily dia 09 (2026-07-19 → 2026-07-19) 31619 bytes
2026-07-10 09:33:32,159 [INFO] [OK] Brazil/GFS_ENSEMBLE_Soy_PRCP/daily dia 10 (2026-07-20 → 2026-07-20) 31991 bytes
2026-07-10 09:33:32,877 [INFO] [OK] Brazil/GFS_ENSEMBLE_Soy_PRCP/daily dia 11 (2026-07-21 → 2026-07-21) 31297 bytes
2026-07-10 09:33:33,091 [INFO] [OK] Brazil/GFS_ENSEMBLE_Soy_PRCP/daily dia 13 (2026-07-23 → 2026-07-23) 30433 bytes
2026-07-10 09:33:33,120 [INFO] [OK] Brazil/GFS_ENSEMBLE_Soy_PRCP/daily dia 12 (2026-07-22 → 2026-07-22) 31062 bytes
2026-07-10 09:33:33,359 [INFO] [OK] Brazil/GFS_ENSEMBLE_Soy_PRCP/daily dia 14 (2026-07-24 → 2026-07-24) 30483 bytes
2026-07-10 09:33:33,514 [INFO] [OK] Brazil/GFS_ENSEMBLE_Soy_PRCP/cumulative dia 00 (2026-07-10 → 2026-07-10) 31083 bytes
2026-07-10 09:33:33,549 [INFO] [OK] Brazil/GFS_ENSEMBLE_Soy_PRCP/cumulative dia 01 (2026-07-10 → 2026-07-11) 34254 bytes
2026-07-10 09:33:34,376 [INFO] [OK] Brazil/GFS_ENSEMBLE_Soy_PRCP/cumulative dia 02 (2026-07-10 → 2026-07-12) 34633 bytes
2026-07-10 09:33:34,841 [INFO] [OK] Brazil/GFS_ENSEMBLE_Soy_PRCP/cumulative dia 04 (2026-07-10 → 2026-07-14) 36435 bytes
2026-07-10 09:33:34,854 [INFO] [OK] Brazil/GFS_ENSEMBLE_Soy_PRCP/cumulative dia 03 (2026-07-10 → 2026-07-13) 35611 bytes
2026-07-10 09:33:35,281 [INFO] [OK] Brazil/GFS_ENSEMBLE_Soy_PRCP/cumulative dia 05 (2026-07-10 → 2026-07-15) 37429 bytes
2026-07-10 09:33:35,524 [INFO] [OK] Brazil/GFS_ENSEMBLE_Soy_PRCP/cumulative dia 06 (2026-07-10 → 2026-07-16) 38573 bytes
2026-07-10 09:33:35,610 [INFO] [OK] Brazil/GFS_ENSEMBLE_Soy_PRCP/cumulative dia 07 (2026-07-10 → 2026-07-17) 40173 bytes
2026-07-10 09:33:36,352 [INFO] [OK] Brazil/GFS_ENSEMBLE_Soy_PRCP/cumulative dia 08 (2026-07-10 → 2026-07-18) 40444 bytes
2026-07-10 09:33:36,930 [INFO] [OK] Brazil/GFS_ENSEMBLE_Soy_PRCP/cumulative dia 09 (2026-07-10 → 2026-07-19) 41105 bytes
2026-07-10 09:33:37,131 [INFO] [OK] Brazil/GFS_ENSEMBLE_Soy_PRCP/cumulative dia 10 (2026-07-10 → 2026-07-20) 41996 bytes
2026-07-10 09:33:37,833 [INFO] [OK] Brazil/GFS_ENSEMBLE_Soy_PRCP/cumulative dia 11 (2026-07-10 → 2026-07-21) 42549 bytes
2026-07-10 09:33:38,508 [INFO] [OK] Brazil/GFS_ENSEMBLE_Corn_Winter_PRCP_DEP/daily dia 01 (2026-07-11 → 2026-07-11) 43445 bytes
2026-07-10 09:33:39,029 [INFO] [OK] Brazil/GFS_ENSEMBLE_Soy_PRCP/cumulative dia 12 (2026-07-10 → 2026-07-22) 42754 bytes
2026-07-10 09:33:39,254 [INFO] [OK] Brazil/GFS_ENSEMBLE_Soy_PRCP/cumulative dia 13 (2026-07-10 → 2026-07-23) 43155 bytes
2026-07-10 09:33:39,397 [INFO] [OK] Brazil/GFS_ENSEMBLE_Corn_Winter_PRCP_DEP/daily dia 00 (2026-07-10 → 2026-07-10) 39994 bytes
2026-07-10 09:33:39,566 [INFO] [OK] Brazil/GFS_ENSEMBLE_Soy_PRCP/cumulative dia 14 (2026-07-10 → 2026-07-24) 43125 bytes
2026-07-10 09:33:39,684 [INFO] [OK] Brazil/GFS_ENSEMBLE_Corn_Winter_PRCP_DEP/daily dia 02 (2026-07-12 → 2026-07-12) 40965 bytes
2026-07-10 09:33:39,829 [INFO] [OK] Brazil/GFS_ENSEMBLE_Corn_Winter_PRCP_DEP/daily dia 03 (2026-07-13 → 2026-07-13) 39362 bytes
2026-07-10 09:33:40,409 [INFO] [OK] Brazil/GFS_ENSEMBLE_Corn_Winter_PRCP_DEP/daily dia 04 (2026-07-14 → 2026-07-14) 38763 bytes
2026-07-10 09:33:40,609 [INFO] [OK] Brazil/GFS_ENSEMBLE_Corn_Winter_PRCP_DEP/daily dia 05 (2026-07-15 → 2026-07-15) 42323 bytes
2026-07-10 09:33:40,747 [INFO] [OK] Brazil/GFS_ENSEMBLE_Corn_Winter_PRCP_DEP/daily dia 06 (2026-07-16 → 2026-07-16) 45663 bytes
2026-07-10 09:33:40,876 [INFO] [OK] Brazil/GFS_ENSEMBLE_Corn_Winter_PRCP_DEP/daily dia 07 (2026-07-17 → 2026-07-17) 45855 bytes
2026-07-10 09:33:41,027 [INFO] [OK] Brazil/GFS_ENSEMBLE_Corn_Winter_PRCP_DEP/daily dia 08 (2026-07-18 → 2026-07-18) 44272 bytes
2026-07-10 09:33:41,146 [INFO] [OK] Brazil/GFS_ENSEMBLE_Corn_Winter_PRCP_DEP/daily dia 09 (2026-07-19 → 2026-07-19) 47637 bytes
2026-07-10 09:33:41,931 [INFO] [OK] Brazil/GFS_ENSEMBLE_Corn_Winter_PRCP_DEP/daily dia 10 (2026-07-20 → 2026-07-20) 47605 bytes
2026-07-10 09:33:42,062 [INFO] [OK] Brazil/GFS_ENSEMBLE_Corn_Winter_PRCP_DEP/daily dia 12 (2026-07-22 → 2026-07-22) 50724 bytes
2026-07-10 09:33:42,145 [INFO] [OK] Brazil/GFS_ENSEMBLE_Corn_Winter_PRCP_DEP/daily dia 11 (2026-07-21 → 2026-07-21) 49074 bytes
2026-07-10 09:33:42,486 [INFO] [OK] Brazil/GFS_ENSEMBLE_Corn_Winter_PRCP_DEP/cumulative dia 00 (2026-07-10 → 2026-07-10) 39994 bytes
2026-07-10 09:33:42,519 [INFO] [OK] Brazil/GFS_ENSEMBLE_Corn_Winter_PRCP_DEP/daily dia 13 (2026-07-23 → 2026-07-23) 51406 bytes
2026-07-10 09:33:42,550 [INFO] [OK] Brazil/GFS_ENSEMBLE_Corn_Winter_PRCP_DEP/daily dia 14 (2026-07-24 → 2026-07-24) 49747 bytes
2026-07-10 09:33:43,442 [INFO] [OK] Brazil/GFS_ENSEMBLE_Corn_Winter_PRCP_DEP/cumulative dia 01 (2026-07-10 → 2026-07-11) 46101 bytes
2026-07-10 09:33:43,645 [INFO] [OK] Brazil/GFS_ENSEMBLE_Corn_Winter_PRCP_DEP/cumulative dia 02 (2026-07-10 → 2026-07-12) 46492 bytes
2026-07-10 09:33:43,754 [INFO] [OK] Brazil/GFS_ENSEMBLE_Corn_Winter_PRCP_DEP/cumulative dia 03 (2026-07-10 → 2026-07-13) 47322 bytes
2026-07-10 09:33:44,139 [INFO] [OK] Brazil/GFS_ENSEMBLE_Corn_Winter_PRCP_DEP/cumulative dia 04 (2026-07-10 → 2026-07-14) 47978 bytes
2026-07-10 09:33:44,313 [INFO] [OK] Brazil/GFS_ENSEMBLE_Corn_Winter_PRCP_DEP/cumulative dia 05 (2026-07-10 → 2026-07-15) 47937 bytes
2026-07-10 09:33:44,540 [INFO] [OK] Brazil/GFS_ENSEMBLE_Corn_Winter_PRCP_DEP/cumulative dia 06 (2026-07-10 → 2026-07-16) 48455 bytes
2026-07-10 09:33:45,486 [INFO] [OK] Brazil/GFS_ENSEMBLE_Corn_Winter_PRCP_DEP/cumulative dia 07 (2026-07-10 → 2026-07-17) 49247 bytes
2026-07-10 09:33:45,646 [INFO] [OK] Brazil/GFS_ENSEMBLE_Corn_Winter_PRCP_DEP/cumulative dia 08 (2026-07-10 → 2026-07-18) 49425 bytes
2026-07-10 09:33:45,921 [INFO] [OK] Brazil/GFS_ENSEMBLE_Corn_Winter_PRCP_DEP/cumulative dia 09 (2026-07-10 → 2026-07-19) 49348 bytes
2026-07-10 09:33:46,307 [INFO] [OK] Brazil/GFS_ENSEMBLE_Corn_Winter_PRCP_DEP/cumulative dia 10 (2026-07-10 → 2026-07-20) 50067 bytes
2026-07-10 09:33:46,823 [INFO] [OK] Brazil/GFS_ENSEMBLE_Corn_Winter_PRCP_DEP/cumulative dia 11 (2026-07-10 → 2026-07-21) 50007 bytes
2026-07-10 09:33:46,906 [INFO] [OK] Brazil/GFS_ENSEMBLE_Corn_Winter_PRCP_DEP/cumulative dia 12 (2026-07-10 → 2026-07-22) 50426 bytes
2026-07-10 09:33:47,368 [INFO] [OK] Brazil/GFS_ENSEMBLE_Corn_Winter_PRCP/daily dia 00 (2026-07-10 → 2026-07-10) 29430 bytes
2026-07-10 09:33:47,669 [INFO] [OK] Brazil/GFS_ENSEMBLE_Corn_Winter_PRCP/daily dia 01 (2026-07-11 → 2026-07-11) 29831 bytes
2026-07-10 09:33:47,726 [INFO] [OK] Brazil/GFS_ENSEMBLE_Corn_Winter_PRCP_DEP/cumulative dia 13 (2026-07-10 → 2026-07-23) 50955 bytes
2026-07-10 09:33:48,082 [INFO] [OK] Brazil/GFS_ENSEMBLE_Corn_Winter_PRCP_DEP/cumulative dia 14 (2026-07-10 → 2026-07-24) 51223 bytes
2026-07-10 09:33:48,133 [INFO] [OK] Brazil/GFS_ENSEMBLE_Corn_Winter_PRCP/daily dia 02 (2026-07-12 → 2026-07-12) 29188 bytes
2026-07-10 09:33:48,208 [INFO] [OK] Brazil/GFS_ENSEMBLE_Corn_Winter_PRCP/daily dia 03 (2026-07-13 → 2026-07-13) 28167 bytes
2026-07-10 09:33:48,653 [INFO] [OK] Brazil/GFS_ENSEMBLE_Corn_Winter_PRCP/daily dia 04 (2026-07-14 → 2026-07-14) 27964 bytes
2026-07-10 09:33:49,056 [INFO] [OK] Brazil/GFS_ENSEMBLE_Corn_Winter_PRCP/daily dia 06 (2026-07-16 → 2026-07-16) 30775 bytes
2026-07-10 09:33:49,061 [INFO] [OK] Brazil/GFS_ENSEMBLE_Corn_Winter_PRCP/daily dia 05 (2026-07-15 → 2026-07-15) 29342 bytes
2026-07-10 09:33:49,322 [INFO] [OK] Brazil/GFS_ENSEMBLE_Corn_Winter_PRCP/daily dia 07 (2026-07-17 → 2026-07-17) 30553 bytes
2026-07-10 09:33:49,475 [INFO] [OK] Brazil/GFS_ENSEMBLE_Corn_Winter_PRCP/daily dia 08 (2026-07-18 → 2026-07-18) 30030 bytes
2026-07-10 09:33:49,694 [INFO] [OK] Brazil/GFS_ENSEMBLE_Corn_Winter_PRCP/daily dia 09 (2026-07-19 → 2026-07-19) 29975 bytes
2026-07-10 09:33:50,228 [INFO] [OK] Brazil/GFS_ENSEMBLE_Corn_Winter_PRCP/daily dia 10 (2026-07-20 → 2026-07-20) 30467 bytes
2026-07-10 09:33:50,391 [INFO] [OK] Brazil/GFS_ENSEMBLE_Corn_Winter_PRCP/daily dia 11 (2026-07-21 → 2026-07-21) 29794 bytes
2026-07-10 09:33:50,599 [INFO] [OK] Brazil/GFS_ENSEMBLE_Corn_Winter_PRCP/daily dia 12 (2026-07-22 → 2026-07-22) 29582 bytes
2026-07-10 09:33:50,627 [INFO] [OK] Brazil/GFS_ENSEMBLE_Corn_Winter_PRCP/daily dia 13 (2026-07-23 → 2026-07-23) 28934 bytes
2026-07-10 09:33:50,727 [INFO] [OK] Brazil/GFS_ENSEMBLE_Corn_Winter_PRCP/daily dia 14 (2026-07-24 → 2026-07-24) 28931 bytes
2026-07-10 09:33:51,133 [INFO] [OK] Brazil/GFS_ENSEMBLE_Corn_Winter_PRCP/cumulative dia 00 (2026-07-10 → 2026-07-10) 29430 bytes
2026-07-10 09:33:51,539 [INFO] [OK] Brazil/GFS_ENSEMBLE_Corn_Winter_PRCP/cumulative dia 01 (2026-07-10 → 2026-07-11) 32474 bytes
2026-07-10 09:33:51,794 [INFO] [OK] Brazil/GFS_ENSEMBLE_Corn_Winter_PRCP/cumulative dia 02 (2026-07-10 → 2026-07-12) 32925 bytes
2026-07-10 09:33:52,164 [INFO] [OK] Brazil/GFS_ENSEMBLE_Corn_Winter_PRCP/cumulative dia 03 (2026-07-10 → 2026-07-13) 33829 bytes
2026-07-10 09:33:52,232 [INFO] [OK] Brazil/GFS_ENSEMBLE_Corn_Winter_PRCP/cumulative dia 04 (2026-07-10 → 2026-07-14) 34787 bytes
2026-07-10 09:33:52,393 [INFO] [OK] Brazil/GFS_ENSEMBLE_Corn_Winter_PRCP/cumulative dia 05 (2026-07-10 → 2026-07-15) 35797 bytes
2026-07-10 09:33:52,922 [INFO] [OK] Brazil/GFS_ENSEMBLE_Corn_Winter_PRCP/cumulative dia 06 (2026-07-10 → 2026-07-16) 37018 bytes
2026-07-10 09:33:53,846 [INFO] [OK] Brazil/GFS_ENSEMBLE_Corn_Winter_PRCP/cumulative dia 07 (2026-07-10 → 2026-07-17) 38475 bytes
2026-07-10 09:33:53,848 [INFO] [OK] Brazil/GFS_ENSEMBLE_Corn_Winter_PRCP/cumulative dia 08 (2026-07-10 → 2026-07-18) 38839 bytes
2026-07-10 09:33:54,127 [INFO] [OK] Brazil/GFS_ENSEMBLE_Corn_Winter_PRCP/cumulative dia 09 (2026-07-10 → 2026-07-19) 39661 bytes
2026-07-10 09:33:54,452 [INFO] [OK] Brazil/GFS_ENSEMBLE_Corn_Winter_PRCP/cumulative dia 10 (2026-07-10 → 2026-07-20) 40536 bytes
2026-07-10 09:33:54,619 [INFO] [OK] Brazil/GFS_ENSEMBLE_Corn_Winter_PRCP/cumulative dia 11 (2026-07-10 → 2026-07-21) 41002 bytes
2026-07-10 09:33:55,186 [INFO] [OK] Brazil/GFS_ENSEMBLE_Corn_Winter_PRCP/cumulative dia 12 (2026-07-10 → 2026-07-22) 41226 bytes
2026-07-10 09:33:55,627 [INFO] [OK] Brazil/ECM_ENSEMBLE_Soy_PRCP_DEP/daily dia 00 (2026-07-10 → 2026-07-10) 46464 bytes
2026-07-10 09:33:55,847 [INFO] [OK] Brazil/ECM_ENSEMBLE_Soy_PRCP_DEP/daily dia 01 (2026-07-11 → 2026-07-11) 47096 bytes
2026-07-10 09:33:56,181 [INFO] [OK] Brazil/ECM_ENSEMBLE_Soy_PRCP_DEP/daily dia 02 (2026-07-12 → 2026-07-12) 45256 bytes
2026-07-10 09:33:56,377 [INFO] [OK] Brazil/GFS_ENSEMBLE_Corn_Winter_PRCP/cumulative dia 13 (2026-07-10 → 2026-07-23) 41678 bytes
2026-07-10 09:33:56,463 [INFO] [OK] Brazil/GFS_ENSEMBLE_Corn_Winter_PRCP/cumulative dia 14 (2026-07-10 → 2026-07-24) 41683 bytes
2026-07-10 09:33:56,505 [INFO] [OK] Brazil/ECM_ENSEMBLE_Soy_PRCP_DEP/daily dia 03 (2026-07-13 → 2026-07-13) 45509 bytes
2026-07-10 09:33:56,971 [INFO] [OK] Brazil/ECM_ENSEMBLE_Soy_PRCP_DEP/daily dia 04 (2026-07-14 → 2026-07-14) 44922 bytes
2026-07-10 09:33:57,419 [INFO] [OK] Brazil/ECM_ENSEMBLE_Soy_PRCP_DEP/daily dia 05 (2026-07-15 → 2026-07-15) 46198 bytes
2026-07-10 09:33:57,650 [INFO] [OK] Brazil/ECM_ENSEMBLE_Soy_PRCP_DEP/daily dia 06 (2026-07-16 → 2026-07-16) 47373 bytes
2026-07-10 09:33:57,924 [INFO] [OK] Brazil/ECM_ENSEMBLE_Soy_PRCP_DEP/daily dia 08 (2026-07-18 → 2026-07-18) 48090 bytes
2026-07-10 09:33:57,925 [INFO] [OK] Brazil/ECM_ENSEMBLE_Soy_PRCP_DEP/daily dia 07 (2026-07-17 → 2026-07-17) 47541 bytes
2026-07-10 09:33:57,974 [INFO] [OK] Brazil/ECM_ENSEMBLE_Soy_PRCP_DEP/daily dia 09 (2026-07-19 → 2026-07-19) 47156 bytes
2026-07-10 09:33:58,488 [INFO] [OK] Brazil/ECM_ENSEMBLE_Soy_PRCP_DEP/daily dia 10 (2026-07-20 → 2026-07-20) 47867 bytes
2026-07-10 09:33:58,776 [INFO] [OK] Brazil/ECM_ENSEMBLE_Soy_PRCP_DEP/daily dia 11 (2026-07-21 → 2026-07-21) 49260 bytes
2026-07-10 09:33:59,031 [INFO] [OK] Brazil/ECM_ENSEMBLE_Soy_PRCP_DEP/daily dia 12 (2026-07-22 → 2026-07-22) 50102 bytes
2026-07-10 09:33:59,316 [INFO] [OK] Brazil/ECM_ENSEMBLE_Soy_PRCP_DEP/cumulative dia 00 (2026-07-10 → 2026-07-10) 46464 bytes
2026-07-10 09:33:59,348 [INFO] [OK] Brazil/ECM_ENSEMBLE_Soy_PRCP_DEP/daily dia 14 (2026-07-24 → 2026-07-24) 51849 bytes
2026-07-10 09:33:59,363 [INFO] [OK] Brazil/ECM_ENSEMBLE_Soy_PRCP_DEP/daily dia 13 (2026-07-23 → 2026-07-23) 50247 bytes
2026-07-10 09:34:00,006 [INFO] [OK] Brazil/ECM_ENSEMBLE_Soy_PRCP_DEP/cumulative dia 01 (2026-07-10 → 2026-07-11) 47909 bytes
2026-07-10 09:34:00,324 [INFO] [OK] Brazil/ECM_ENSEMBLE_Soy_PRCP_DEP/cumulative dia 02 (2026-07-10 → 2026-07-12) 49391 bytes
2026-07-10 09:34:00,635 [INFO] [OK] Brazil/ECM_ENSEMBLE_Soy_PRCP_DEP/cumulative dia 03 (2026-07-10 → 2026-07-13) 50342 bytes
2026-07-10 09:34:01,014 [INFO] [OK] Brazil/ECM_ENSEMBLE_Soy_PRCP_DEP/cumulative dia 04 (2026-07-10 → 2026-07-14) 51294 bytes
2026-07-10 09:34:01,033 [INFO] [OK] Brazil/ECM_ENSEMBLE_Soy_PRCP_DEP/cumulative dia 05 (2026-07-10 → 2026-07-15) 52214 bytes
2026-07-10 09:34:01,248 [INFO] [OK] Brazil/ECM_ENSEMBLE_Soy_PRCP_DEP/cumulative dia 06 (2026-07-10 → 2026-07-16) 53185 bytes
2026-07-10 09:34:01,976 [INFO] [OK] Brazil/ECM_ENSEMBLE_Soy_PRCP_DEP/cumulative dia 07 (2026-07-10 → 2026-07-17) 52601 bytes
2026-07-10 09:34:02,266 [INFO] [OK] Brazil/ECM_ENSEMBLE_Soy_PRCP_DEP/cumulative dia 08 (2026-07-10 → 2026-07-18) 51772 bytes
2026-07-10 09:34:02,713 [INFO] [OK] Brazil/ECM_ENSEMBLE_Soy_PRCP_DEP/cumulative dia 09 (2026-07-10 → 2026-07-19) 51088 bytes
2026-07-10 09:34:03,232 [INFO] [OK] Brazil/ECM_ENSEMBLE_Soy_PRCP_DEP/cumulative dia 11 (2026-07-10 → 2026-07-21) 50802 bytes
2026-07-10 09:34:03,257 [INFO] [OK] Brazil/ECM_ENSEMBLE_Soy_PRCP_DEP/cumulative dia 10 (2026-07-10 → 2026-07-20) 50802 bytes
2026-07-10 09:34:03,626 [INFO] [OK] Brazil/ECM_ENSEMBLE_Soy_PRCP_DEP/cumulative dia 12 (2026-07-10 → 2026-07-22) 50923 bytes
2026-07-10 09:34:04,157 [INFO] [OK] Brazil/ECM_ENSEMBLE_Soy_PRCP/daily dia 00 (2026-07-10 → 2026-07-10) 32409 bytes
2026-07-10 09:34:04,415 [INFO] [OK] Brazil/ECM_ENSEMBLE_Soy_PRCP_DEP/cumulative dia 13 (2026-07-10 → 2026-07-23) 50876 bytes
2026-07-10 09:34:04,661 [INFO] [OK] Brazil/ECM_ENSEMBLE_Soy_PRCP/daily dia 01 (2026-07-11 → 2026-07-11) 32598 bytes
2026-07-10 09:34:04,913 [INFO] [OK] Brazil/ECM_ENSEMBLE_Soy_PRCP/daily dia 03 (2026-07-13 → 2026-07-13) 30215 bytes
2026-07-10 09:34:04,968 [INFO] [OK] Brazil/ECM_ENSEMBLE_Soy_PRCP_DEP/cumulative dia 14 (2026-07-10 → 2026-07-24) 51140 bytes
2026-07-10 09:34:05,029 [INFO] [OK] Brazil/ECM_ENSEMBLE_Soy_PRCP/daily dia 02 (2026-07-12 → 2026-07-12) 31642 bytes
2026-07-10 09:34:05,367 [INFO] [OK] Brazil/ECM_ENSEMBLE_Soy_PRCP/daily dia 04 (2026-07-14 → 2026-07-14) 30295 bytes
2026-07-10 09:34:05,914 [INFO] [OK] Brazil/ECM_ENSEMBLE_Soy_PRCP/daily dia 05 (2026-07-15 → 2026-07-15) 31446 bytes
2026-07-10 09:34:06,125 [INFO] [OK] Brazil/ECM_ENSEMBLE_Soy_PRCP/daily dia 06 (2026-07-16 → 2026-07-16) 32615 bytes
2026-07-10 09:34:06,295 [INFO] [OK] Brazil/ECM_ENSEMBLE_Soy_PRCP/daily dia 09 (2026-07-19 → 2026-07-19) 33399 bytes
2026-07-10 09:34:06,357 [INFO] [OK] Brazil/ECM_ENSEMBLE_Soy_PRCP/daily dia 07 (2026-07-17 → 2026-07-17) 32899 bytes
2026-07-10 09:34:06,620 [INFO] [OK] Brazil/ECM_ENSEMBLE_Soy_PRCP/daily dia 08 (2026-07-18 → 2026-07-18) 33091 bytes
2026-07-10 09:34:06,626 [INFO] [OK] Brazil/ECM_ENSEMBLE_Soy_PRCP/daily dia 10 (2026-07-20 → 2026-07-20) 32541 bytes
2026-07-10 09:34:07,251 [INFO] [OK] Brazil/ECM_ENSEMBLE_Soy_PRCP/daily dia 11 (2026-07-21 → 2026-07-21) 32358 bytes
2026-07-10 09:34:07,436 [INFO] [OK] Brazil/ECM_ENSEMBLE_Soy_PRCP/daily dia 12 (2026-07-22 → 2026-07-22) 31996 bytes
2026-07-10 09:34:07,540 [INFO] [OK] Brazil/ECM_ENSEMBLE_Soy_PRCP/daily dia 13 (2026-07-23 → 2026-07-23) 31634 bytes
2026-07-10 09:34:08,182 [INFO] [OK] Brazil/ECM_ENSEMBLE_Soy_PRCP/daily dia 14 (2026-07-24 → 2026-07-24) 31155 bytes
2026-07-10 09:34:08,231 [INFO] [OK] Brazil/ECM_ENSEMBLE_Soy_PRCP/cumulative dia 01 (2026-07-10 → 2026-07-11) 35574 bytes
2026-07-10 09:34:08,248 [INFO] [OK] Brazil/ECM_ENSEMBLE_Soy_PRCP/cumulative dia 00 (2026-07-10 → 2026-07-10) 32409 bytes
2026-07-10 09:34:08,756 [INFO] [OK] Brazil/ECM_ENSEMBLE_Soy_PRCP/cumulative dia 02 (2026-07-10 → 2026-07-12) 37301 bytes
2026-07-10 09:34:08,991 [INFO] [OK] Brazil/ECM_ENSEMBLE_Soy_PRCP/cumulative dia 03 (2026-07-10 → 2026-07-13) 38062 bytes
2026-07-10 09:34:09,169 [INFO] [OK] Brazil/ECM_ENSEMBLE_Soy_PRCP/cumulative dia 04 (2026-07-10 → 2026-07-14) 38812 bytes
2026-07-10 09:34:10,003 [INFO] [OK] Brazil/ECM_ENSEMBLE_Soy_PRCP/cumulative dia 05 (2026-07-10 → 2026-07-15) 39948 bytes
2026-07-10 09:34:10,045 [INFO] [OK] Brazil/ECM_ENSEMBLE_Soy_PRCP/cumulative dia 06 (2026-07-10 → 2026-07-16) 41150 bytes
2026-07-10 09:34:10,123 [INFO] [OK] Brazil/ECM_ENSEMBLE_Soy_PRCP/cumulative dia 07 (2026-07-10 → 2026-07-17) 41973 bytes
2026-07-10 09:34:10,743 [INFO] [OK] Brazil/ECM_ENSEMBLE_Soy_PRCP/cumulative dia 08 (2026-07-10 → 2026-07-18) 42798 bytes
2026-07-10 09:34:10,982 [INFO] [OK] Brazil/ECM_ENSEMBLE_Soy_PRCP/cumulative dia 09 (2026-07-10 → 2026-07-19) 43485 bytes
2026-07-10 09:34:11,236 [INFO] [OK] Brazil/ECM_ENSEMBLE_Soy_PRCP/cumulative dia 10 (2026-07-10 → 2026-07-20) 44356 bytes
2026-07-10 09:34:12,276 [INFO] [OK] Brazil/ECM_ENSEMBLE_Soy_PRCP/cumulative dia 12 (2026-07-10 → 2026-07-22) 45041 bytes
2026-07-10 09:34:12,339 [INFO] [OK] Brazil/ECM_ENSEMBLE_Soy_PRCP/cumulative dia 11 (2026-07-10 → 2026-07-21) 44430 bytes
2026-07-10 09:34:12,428 [INFO] [OK] Brazil/ECM_ENSEMBLE_Soy_PRCP/cumulative dia 13 (2026-07-10 → 2026-07-23) 45064 bytes
2026-07-10 09:34:12,464 [INFO] [OK] Brazil/ECM_ENSEMBLE_Corn_Winter_PRCP_DEP/daily dia 00 (2026-07-10 → 2026-07-10) 45117 bytes
2026-07-10 09:34:12,739 [INFO] [OK] Brazil/ECM_ENSEMBLE_Corn_Winter_PRCP_DEP/daily dia 01 (2026-07-11 → 2026-07-11) 45871 bytes
2026-07-10 09:34:13,102 [INFO] [OK] Brazil/ECM_ENSEMBLE_Soy_PRCP/cumulative dia 14 (2026-07-10 → 2026-07-24) 45577 bytes
2026-07-10 09:34:13,645 [INFO] [OK] Brazil/ECM_ENSEMBLE_Corn_Winter_PRCP_DEP/daily dia 02 (2026-07-12 → 2026-07-12) 43851 bytes
2026-07-10 09:34:13,722 [INFO] [OK] Brazil/ECM_ENSEMBLE_Corn_Winter_PRCP_DEP/daily dia 04 (2026-07-14 → 2026-07-14) 43332 bytes
2026-07-10 09:34:13,723 [INFO] [OK] Brazil/ECM_ENSEMBLE_Corn_Winter_PRCP_DEP/daily dia 03 (2026-07-13 → 2026-07-13) 44054 bytes
2026-07-10 09:34:13,863 [INFO] [OK] Brazil/ECM_ENSEMBLE_Corn_Winter_PRCP_DEP/daily dia 05 (2026-07-15 → 2026-07-15) 44755 bytes
2026-07-10 09:34:14,146 [INFO] [OK] Brazil/ECM_ENSEMBLE_Corn_Winter_PRCP_DEP/daily dia 06 (2026-07-16 → 2026-07-16) 46062 bytes
2026-07-10 09:34:14,398 [INFO] [OK] Brazil/ECM_ENSEMBLE_Corn_Winter_PRCP_DEP/daily dia 07 (2026-07-17 → 2026-07-17) 46202 bytes
2026-07-10 09:34:15,115 [INFO] [OK] Brazil/ECM_ENSEMBLE_Corn_Winter_PRCP_DEP/daily dia 08 (2026-07-18 → 2026-07-18) 46727 bytes
2026-07-10 09:34:15,440 [INFO] [OK] Brazil/ECM_ENSEMBLE_Corn_Winter_PRCP_DEP/daily dia 11 (2026-07-21 → 2026-07-21) 47867 bytes
2026-07-10 09:34:15,594 [INFO] [OK] Brazil/ECM_ENSEMBLE_Corn_Winter_PRCP_DEP/daily dia 12 (2026-07-22 → 2026-07-22) 48958 bytes
2026-07-10 09:34:15,645 [INFO] [OK] Brazil/ECM_ENSEMBLE_Corn_Winter_PRCP_DEP/daily dia 09 (2026-07-19 → 2026-07-19) 45973 bytes
2026-07-10 09:34:15,723 [INFO] [OK] Brazil/ECM_ENSEMBLE_Corn_Winter_PRCP_DEP/daily dia 10 (2026-07-20 → 2026-07-20) 46507 bytes
2026-07-10 09:34:15,762 [INFO] [OK] Brazil/ECM_ENSEMBLE_Corn_Winter_PRCP_DEP/daily dia 13 (2026-07-23 → 2026-07-23) 48857 bytes
2026-07-10 09:34:16,690 [INFO] [OK] Brazil/ECM_ENSEMBLE_Corn_Winter_PRCP_DEP/daily dia 14 (2026-07-24 → 2026-07-24) 50393 bytes
2026-07-10 09:34:16,969 [INFO] [OK] Brazil/ECM_ENSEMBLE_Corn_Winter_PRCP_DEP/cumulative dia 00 (2026-07-10 → 2026-07-10) 45117 bytes
2026-07-10 09:34:17,123 [INFO] [OK] Brazil/ECM_ENSEMBLE_Corn_Winter_PRCP_DEP/cumulative dia 01 (2026-07-10 → 2026-07-11) 46629 bytes
2026-07-10 09:34:17,268 [INFO] [OK] Brazil/ECM_ENSEMBLE_Corn_Winter_PRCP_DEP/cumulative dia 03 (2026-07-10 → 2026-07-13) 49085 bytes
2026-07-10 09:34:17,269 [INFO] [OK] Brazil/ECM_ENSEMBLE_Corn_Winter_PRCP_DEP/cumulative dia 02 (2026-07-10 → 2026-07-12) 48210 bytes
2026-07-10 09:34:17,477 [INFO] [OK] Brazil/ECM_ENSEMBLE_Corn_Winter_PRCP_DEP/cumulative dia 04 (2026-07-10 → 2026-07-14) 50036 bytes
2026-07-10 09:34:18,482 [INFO] [OK] Brazil/ECM_ENSEMBLE_Corn_Winter_PRCP_DEP/cumulative dia 05 (2026-07-10 → 2026-07-15) 50857 bytes
2026-07-10 09:34:19,395 [INFO] [OK] Brazil/ECM_ENSEMBLE_Corn_Winter_PRCP_DEP/cumulative dia 06 (2026-07-10 → 2026-07-16) 51739 bytes
2026-07-10 09:34:19,401 [INFO] [OK] Brazil/ECM_ENSEMBLE_Corn_Winter_PRCP_DEP/cumulative dia 07 (2026-07-10 → 2026-07-17) 51038 bytes
2026-07-10 09:34:19,949 [INFO] [OK] Brazil/ECM_ENSEMBLE_Corn_Winter_PRCP_DEP/cumulative dia 10 (2026-07-10 → 2026-07-20) 49349 bytes
2026-07-10 09:34:19,951 [INFO] [OK] Brazil/ECM_ENSEMBLE_Corn_Winter_PRCP_DEP/cumulative dia 09 (2026-07-10 → 2026-07-19) 49724 bytes
2026-07-10 09:34:19,952 [INFO] [OK] Brazil/ECM_ENSEMBLE_Corn_Winter_PRCP_DEP/cumulative dia 08 (2026-07-10 → 2026-07-18) 50371 bytes
2026-07-10 09:34:20,565 [INFO] [OK] Brazil/ECM_ENSEMBLE_Corn_Winter_PRCP_DEP/cumulative dia 11 (2026-07-10 → 2026-07-21) 49285 bytes
2026-07-10 09:34:21,239 [INFO] [OK] Brazil/ECM_ENSEMBLE_Corn_Winter_PRCP/daily dia 01 (2026-07-11 → 2026-07-11) 30821 bytes
2026-07-10 09:34:21,445 [INFO] [OK] Brazil/ECM_ENSEMBLE_Corn_Winter_PRCP/daily dia 00 (2026-07-10 → 2026-07-10) 30909 bytes
2026-07-10 09:34:21,634 [INFO] [OK] Brazil/ECM_ENSEMBLE_Corn_Winter_PRCP_DEP/cumulative dia 12 (2026-07-10 → 2026-07-22) 49568 bytes
2026-07-10 09:34:21,981 [INFO] [OK] Brazil/ECM_ENSEMBLE_Corn_Winter_PRCP_DEP/cumulative dia 13 (2026-07-10 → 2026-07-23) 49420 bytes
2026-07-10 09:34:22,184 [INFO] [OK] Brazil/ECM_ENSEMBLE_Corn_Winter_PRCP/daily dia 02 (2026-07-12 → 2026-07-12) 30262 bytes
2026-07-10 09:34:22,309 [INFO] [OK] Brazil/ECM_ENSEMBLE_Corn_Winter_PRCP_DEP/cumulative dia 14 (2026-07-10 → 2026-07-24) 49778 bytes
2026-07-10 09:34:22,648 [INFO] [OK] Brazil/ECM_ENSEMBLE_Corn_Winter_PRCP/daily dia 03 (2026-07-13 → 2026-07-13) 28680 bytes
2026-07-10 09:34:22,679 [INFO] [OK] Brazil/ECM_ENSEMBLE_Corn_Winter_PRCP/daily dia 04 (2026-07-14 → 2026-07-14) 28809 bytes
2026-07-10 09:34:22,888 [INFO] [OK] Brazil/ECM_ENSEMBLE_Corn_Winter_PRCP/daily dia 05 (2026-07-15 → 2026-07-15) 29761 bytes
2026-07-10 09:34:23,207 [INFO] [OK] Brazil/ECM_ENSEMBLE_Corn_Winter_PRCP/daily dia 06 (2026-07-16 → 2026-07-16) 31023 bytes
2026-07-10 09:34:23,430 [INFO] [OK] Brazil/ECM_ENSEMBLE_Corn_Winter_PRCP/daily dia 07 (2026-07-17 → 2026-07-17) 31342 bytes
2026-07-10 09:34:23,573 [INFO] [OK] Brazil/ECM_ENSEMBLE_Corn_Winter_PRCP/daily dia 08 (2026-07-18 → 2026-07-18) 31442 bytes
2026-07-10 09:34:23,905 [INFO] [OK] Brazil/ECM_ENSEMBLE_Corn_Winter_PRCP/daily dia 10 (2026-07-20 → 2026-07-20) 31050 bytes
2026-07-10 09:34:24,018 [INFO] [OK] Brazil/ECM_ENSEMBLE_Corn_Winter_PRCP/daily dia 09 (2026-07-19 → 2026-07-19) 31616 bytes
2026-07-10 09:34:24,134 [INFO] [OK] Brazil/ECM_ENSEMBLE_Corn_Winter_PRCP/daily dia 11 (2026-07-21 → 2026-07-21) 30838 bytes
2026-07-10 09:34:24,547 [INFO] [OK] Brazil/ECM_ENSEMBLE_Corn_Winter_PRCP/daily dia 12 (2026-07-22 → 2026-07-22) 30638 bytes
2026-07-10 09:34:24,749 [INFO] [OK] Brazil/ECM_ENSEMBLE_Corn_Winter_PRCP/daily dia 13 (2026-07-23 → 2026-07-23) 30167 bytes
2026-07-10 09:34:24,925 [INFO] [OK] Brazil/ECM_ENSEMBLE_Corn_Winter_PRCP/daily dia 14 (2026-07-24 → 2026-07-24) 29509 bytes
2026-07-10 09:34:25,173 [INFO] [OK] Brazil/ECM_ENSEMBLE_Corn_Winter_PRCP/cumulative dia 00 (2026-07-10 → 2026-07-10) 30909 bytes
2026-07-10 09:34:25,404 [INFO] [OK] Brazil/ECM_ENSEMBLE_Corn_Winter_PRCP/cumulative dia 01 (2026-07-10 → 2026-07-11) 33772 bytes
2026-07-10 09:34:25,500 [INFO] [OK] Brazil/ECM_ENSEMBLE_Corn_Winter_PRCP/cumulative dia 02 (2026-07-10 → 2026-07-12) 35579 bytes
2026-07-10 09:34:26,023 [INFO] [OK] Brazil/ECM_ENSEMBLE_Corn_Winter_PRCP/cumulative dia 03 (2026-07-10 → 2026-07-13) 36389 bytes
2026-07-10 09:34:26,281 [INFO] [OK] Brazil/ECM_ENSEMBLE_Corn_Winter_PRCP/cumulative dia 04 (2026-07-10 → 2026-07-14) 37103 bytes
2026-07-10 09:34:26,632 [INFO] [OK] Brazil/ECM_ENSEMBLE_Corn_Winter_PRCP/cumulative dia 05 (2026-07-10 → 2026-07-15) 38214 bytes
2026-07-10 09:34:26,999 [INFO] [OK] Brazil/ECM_ENSEMBLE_Corn_Winter_PRCP/cumulative dia 06 (2026-07-10 → 2026-07-16) 39410 bytes
2026-07-10 09:34:27,256 [INFO] [OK] Brazil/ECM_ENSEMBLE_Corn_Winter_PRCP/cumulative dia 07 (2026-07-10 → 2026-07-17) 40123 bytes
2026-07-10 09:34:27,483 [INFO] [OK] Brazil/ECM_ENSEMBLE_Corn_Winter_PRCP/cumulative dia 08 (2026-07-10 → 2026-07-18) 41147 bytes
2026-07-10 09:34:28,123 [INFO] [OK] Brazil/ECM_ENSEMBLE_Corn_Winter_PRCP/cumulative dia 09 (2026-07-10 → 2026-07-19) 41792 bytes
2026-07-10 09:34:28,352 [INFO] [OK] Brazil/ECM_ENSEMBLE_Corn_Winter_PRCP/cumulative dia 10 (2026-07-10 → 2026-07-20) 42625 bytes
2026-07-10 09:34:28,869 [INFO] [OK] Brazil/ECM_ENSEMBLE_Corn_Winter_PRCP/cumulative dia 11 (2026-07-10 → 2026-07-21) 42824 bytes
2026-07-10 09:34:29,071 [INFO] [OK] Argentina/GFS_ENSEMBLE_Soy_PRCP_DEP/daily dia 00 (2026-07-10 → 2026-07-10) 32997 bytes
2026-07-10 09:34:29,338 [INFO] [OK] Brazil/ECM_ENSEMBLE_Corn_Winter_PRCP/cumulative dia 12 (2026-07-10 → 2026-07-22) 43305 bytes
2026-07-10 09:34:29,343 [INFO] [OK] Argentina/GFS_ENSEMBLE_Soy_PRCP_DEP/daily dia 01 (2026-07-11 → 2026-07-11) 37076 bytes
2026-07-10 09:34:29,579 [INFO] [OK] Brazil/ECM_ENSEMBLE_Corn_Winter_PRCP/cumulative dia 13 (2026-07-10 → 2026-07-23) 43424 bytes
2026-07-10 09:34:29,970 [INFO] [OK] Brazil/ECM_ENSEMBLE_Corn_Winter_PRCP/cumulative dia 14 (2026-07-10 → 2026-07-24) 43862 bytes
2026-07-10 09:34:30,004 [INFO] [OK] Argentina/GFS_ENSEMBLE_Soy_PRCP_DEP/daily dia 02 (2026-07-12 → 2026-07-12) 35548 bytes
2026-07-10 09:34:30,199 [INFO] [OK] Argentina/GFS_ENSEMBLE_Soy_PRCP_DEP/daily dia 03 (2026-07-13 → 2026-07-13) 31791 bytes
2026-07-10 09:34:30,256 [INFO] [OK] Argentina/GFS_ENSEMBLE_Soy_PRCP_DEP/daily dia 04 (2026-07-14 → 2026-07-14) 29143 bytes
2026-07-10 09:34:30,340 [INFO] [OK] Argentina/GFS_ENSEMBLE_Soy_PRCP_DEP/daily dia 05 (2026-07-15 → 2026-07-15) 32811 bytes
2026-07-10 09:34:30,644 [INFO] [OK] Argentina/GFS_ENSEMBLE_Soy_PRCP_DEP/daily dia 06 (2026-07-16 → 2026-07-16) 37738 bytes
2026-07-10 09:34:31,552 [INFO] [OK] Argentina/GFS_ENSEMBLE_Soy_PRCP_DEP/daily dia 10 (2026-07-20 → 2026-07-20) 40751 bytes
2026-07-10 09:34:31,566 [INFO] [OK] Argentina/GFS_ENSEMBLE_Soy_PRCP_DEP/daily dia 11 (2026-07-21 → 2026-07-21) 41663 bytes
2026-07-10 09:34:31,778 [INFO] [OK] Argentina/GFS_ENSEMBLE_Soy_PRCP_DEP/daily dia 08 (2026-07-18 → 2026-07-18) 36740 bytes
2026-07-10 09:34:31,780 [INFO] [OK] Argentina/GFS_ENSEMBLE_Soy_PRCP_DEP/daily dia 07 (2026-07-17 → 2026-07-17) 37413 bytes
2026-07-10 09:34:31,800 [INFO] [OK] Argentina/GFS_ENSEMBLE_Soy_PRCP_DEP/daily dia 09 (2026-07-19 → 2026-07-19) 41063 bytes
2026-07-10 09:34:31,946 [INFO] [OK] Argentina/GFS_ENSEMBLE_Soy_PRCP_DEP/daily dia 12 (2026-07-22 → 2026-07-22) 45403 bytes
2026-07-10 09:34:32,930 [INFO] [OK] Argentina/GFS_ENSEMBLE_Soy_PRCP_DEP/cumulative dia 01 (2026-07-10 → 2026-07-11) 39425 bytes
2026-07-10 09:34:33,051 [INFO] [OK] Argentina/GFS_ENSEMBLE_Soy_PRCP_DEP/cumulative dia 02 (2026-07-10 → 2026-07-12) 41782 bytes
2026-07-10 09:34:33,079 [INFO] [OK] Argentina/GFS_ENSEMBLE_Soy_PRCP_DEP/daily dia 13 (2026-07-23 → 2026-07-23) 45498 bytes
2026-07-10 09:34:33,081 [INFO] [OK] Argentina/GFS_ENSEMBLE_Soy_PRCP_DEP/cumulative dia 00 (2026-07-10 → 2026-07-10) 32997 bytes
2026-07-10 09:34:33,142 [INFO] [OK] Argentina/GFS_ENSEMBLE_Soy_PRCP_DEP/daily dia 14 (2026-07-24 → 2026-07-24) 41888 bytes
2026-07-10 09:34:33,612 [INFO] [OK] Argentina/GFS_ENSEMBLE_Soy_PRCP_DEP/cumulative dia 03 (2026-07-10 → 2026-07-13) 42538 bytes
2026-07-10 09:34:34,533 [INFO] [OK] Argentina/GFS_ENSEMBLE_Soy_PRCP_DEP/cumulative dia 06 (2026-07-10 → 2026-07-16) 41794 bytes
2026-07-10 09:34:34,536 [INFO] [OK] Argentina/GFS_ENSEMBLE_Soy_PRCP_DEP/cumulative dia 05 (2026-07-10 → 2026-07-15) 41650 bytes
2026-07-10 09:34:34,548 [INFO] [OK] Argentina/GFS_ENSEMBLE_Soy_PRCP_DEP/cumulative dia 04 (2026-07-10 → 2026-07-14) 41774 bytes
2026-07-10 09:34:34,549 [INFO] [OK] Argentina/GFS_ENSEMBLE_Soy_PRCP_DEP/cumulative dia 07 (2026-07-10 → 2026-07-17) 42691 bytes
2026-07-10 09:34:34,571 [INFO] [OK] Argentina/GFS_ENSEMBLE_Soy_PRCP_DEP/cumulative dia 08 (2026-07-10 → 2026-07-18) 42891 bytes
2026-07-10 09:34:35,007 [INFO] [OK] Argentina/GFS_ENSEMBLE_Soy_PRCP_DEP/cumulative dia 09 (2026-07-10 → 2026-07-19) 42911 bytes
2026-07-10 09:34:36,133 [INFO] [OK] Argentina/GFS_ENSEMBLE_Soy_PRCP/daily dia 00 (2026-07-10 → 2026-07-10) 27251 bytes
2026-07-10 09:34:36,270 [INFO] [OK] Argentina/GFS_ENSEMBLE_Soy_PRCP_DEP/cumulative dia 13 (2026-07-10 → 2026-07-23) 44496 bytes
2026-07-10 09:34:36,336 [INFO] [OK] Argentina/GFS_ENSEMBLE_Soy_PRCP_DEP/cumulative dia 12 (2026-07-10 → 2026-07-22) 43794 bytes
2026-07-10 09:34:36,355 [INFO] [OK] Argentina/GFS_ENSEMBLE_Soy_PRCP_DEP/cumulative dia 10 (2026-07-10 → 2026-07-20) 43557 bytes
2026-07-10 09:34:36,362 [INFO] [OK] Argentina/GFS_ENSEMBLE_Soy_PRCP_DEP/cumulative dia 11 (2026-07-10 → 2026-07-21) 43396 bytes
2026-07-10 09:34:36,428 [INFO] [OK] Argentina/GFS_ENSEMBLE_Soy_PRCP_DEP/cumulative dia 14 (2026-07-10 → 2026-07-24) 44615 bytes
2026-07-10 09:34:37,126 [INFO] [OK] Argentina/GFS_ENSEMBLE_Soy_PRCP/daily dia 01 (2026-07-11 → 2026-07-11) 28184 bytes
2026-07-10 09:34:37,334 [INFO] [OK] Argentina/GFS_ENSEMBLE_Soy_PRCP/daily dia 03 (2026-07-13 → 2026-07-13) 26998 bytes
2026-07-10 09:34:37,335 [INFO] [OK] Argentina/GFS_ENSEMBLE_Soy_PRCP/daily dia 02 (2026-07-12 → 2026-07-12) 27176 bytes
2026-07-10 09:34:37,352 [INFO] [OK] Argentina/GFS_ENSEMBLE_Soy_PRCP/daily dia 04 (2026-07-14 → 2026-07-14) 26041 bytes
2026-07-10 09:34:37,420 [INFO] [OK] Argentina/GFS_ENSEMBLE_Soy_PRCP/daily dia 05 (2026-07-15 → 2026-07-15) 26932 bytes
2026-07-10 09:34:37,551 [INFO] [OK] Argentina/GFS_ENSEMBLE_Soy_PRCP/daily dia 06 (2026-07-16 → 2026-07-16) 29154 bytes
2026-07-10 09:34:38,038 [INFO] [OK] Argentina/GFS_ENSEMBLE_Soy_PRCP/daily dia 07 (2026-07-17 → 2026-07-17) 29333 bytes
2026-07-10 09:34:38,276 [INFO] [OK] Argentina/GFS_ENSEMBLE_Soy_PRCP/daily dia 09 (2026-07-19 → 2026-07-19) 29137 bytes
2026-07-10 09:34:38,293 [INFO] [OK] Argentina/GFS_ENSEMBLE_Soy_PRCP/daily dia 10 (2026-07-20 → 2026-07-20) 29415 bytes
2026-07-10 09:34:38,323 [INFO] [OK] Argentina/GFS_ENSEMBLE_Soy_PRCP/daily dia 08 (2026-07-18 → 2026-07-18) 28844 bytes
2026-07-10 09:34:38,369 [INFO] [OK] Argentina/GFS_ENSEMBLE_Soy_PRCP/daily dia 11 (2026-07-21 → 2026-07-21) 28426 bytes
2026-07-10 09:34:38,474 [INFO] [OK] Argentina/GFS_ENSEMBLE_Soy_PRCP/daily dia 12 (2026-07-22 → 2026-07-22) 28230 bytes
2026-07-10 09:34:38,939 [INFO] [OK] Argentina/GFS_ENSEMBLE_Soy_PRCP/daily dia 13 (2026-07-23 → 2026-07-23) 27255 bytes
2026-07-10 09:34:39,184 [INFO] [OK] Argentina/GFS_ENSEMBLE_Soy_PRCP/cumulative dia 00 (2026-07-10 → 2026-07-10) 27251 bytes
2026-07-10 09:34:39,284 [INFO] [OK] Argentina/GFS_ENSEMBLE_Soy_PRCP/daily dia 14 (2026-07-24 → 2026-07-24) 27052 bytes
2026-07-10 09:34:39,395 [INFO] [OK] Argentina/GFS_ENSEMBLE_Soy_PRCP/cumulative dia 01 (2026-07-10 → 2026-07-11) 30154 bytes
2026-07-10 09:34:39,532 [INFO] [OK] Argentina/GFS_ENSEMBLE_Soy_PRCP/cumulative dia 02 (2026-07-10 → 2026-07-12) 30348 bytes
2026-07-10 09:34:39,585 [INFO] [OK] Argentina/GFS_ENSEMBLE_Soy_PRCP/cumulative dia 03 (2026-07-10 → 2026-07-13) 31323 bytes
2026-07-10 09:34:40,093 [INFO] [OK] Argentina/GFS_ENSEMBLE_Soy_PRCP/cumulative dia 04 (2026-07-10 → 2026-07-14) 31740 bytes
2026-07-10 09:34:40,353 [INFO] [OK] Argentina/GFS_ENSEMBLE_Soy_PRCP/cumulative dia 05 (2026-07-10 → 2026-07-15) 32208 bytes
2026-07-10 09:34:40,690 [INFO] [OK] Argentina/GFS_ENSEMBLE_Soy_PRCP/cumulative dia 06 (2026-07-10 → 2026-07-16) 33027 bytes
2026-07-10 09:34:40,745 [INFO] [OK] Argentina/GFS_ENSEMBLE_Soy_PRCP/cumulative dia 07 (2026-07-10 → 2026-07-17) 34191 bytes
2026-07-10 09:34:40,874 [INFO] [OK] Argentina/GFS_ENSEMBLE_Soy_PRCP/cumulative dia 08 (2026-07-10 → 2026-07-18) 34676 bytes
2026-07-10 09:34:41,005 [INFO] [OK] Argentina/GFS_ENSEMBLE_Soy_PRCP/cumulative dia 09 (2026-07-10 → 2026-07-19) 35441 bytes
2026-07-10 09:34:41,520 [INFO] [OK] Argentina/GFS_ENSEMBLE_Soy_PRCP/cumulative dia 10 (2026-07-10 → 2026-07-20) 36031 bytes
2026-07-10 09:34:41,836 [INFO] [OK] Argentina/GFS_ENSEMBLE_Soy_PRCP/cumulative dia 11 (2026-07-10 → 2026-07-21) 36307 bytes
2026-07-10 09:34:41,954 [INFO] [OK] Argentina/GFS_ENSEMBLE_Corn_Winter_PRCP_DEP/daily dia 00 (2026-07-10 → 2026-07-10) 31323 bytes
2026-07-10 09:34:42,395 [INFO] [OK] Argentina/GFS_ENSEMBLE_Soy_PRCP/cumulative dia 12 (2026-07-10 → 2026-07-22) 36540 bytes
2026-07-10 09:34:42,436 [INFO] [OK] Argentina/GFS_ENSEMBLE_Soy_PRCP/cumulative dia 13 (2026-07-10 → 2026-07-23) 36953 bytes
2026-07-10 09:34:42,526 [INFO] [OK] Argentina/GFS_ENSEMBLE_Corn_Winter_PRCP_DEP/daily dia 01 (2026-07-11 → 2026-07-11) 35136 bytes
2026-07-10 09:34:42,543 [INFO] [OK] Argentina/GFS_ENSEMBLE_Soy_PRCP/cumulative dia 14 (2026-07-10 → 2026-07-24) 36792 bytes
2026-07-10 09:34:42,799 [INFO] [OK] Argentina/GFS_ENSEMBLE_Corn_Winter_PRCP_DEP/daily dia 02 (2026-07-12 → 2026-07-12) 33943 bytes
2026-07-10 09:34:43,070 [INFO] [OK] Argentina/GFS_ENSEMBLE_Corn_Winter_PRCP_DEP/daily dia 03 (2026-07-13 → 2026-07-13) 30271 bytes
2026-07-10 09:34:43,363 [INFO] [OK] Argentina/GFS_ENSEMBLE_Corn_Winter_PRCP_DEP/daily dia 04 (2026-07-14 → 2026-07-14) 27461 bytes
2026-07-10 09:34:43,416 [INFO] [OK] Argentina/GFS_ENSEMBLE_Corn_Winter_PRCP_DEP/daily dia 05 (2026-07-15 → 2026-07-15) 30828 bytes
2026-07-10 09:34:43,489 [INFO] [OK] Argentina/GFS_ENSEMBLE_Corn_Winter_PRCP_DEP/daily dia 07 (2026-07-17 → 2026-07-17) 36060 bytes
2026-07-10 09:34:43,629 [INFO] [OK] Argentina/GFS_ENSEMBLE_Corn_Winter_PRCP_DEP/daily dia 06 (2026-07-16 → 2026-07-16) 35943 bytes
2026-07-10 09:34:43,761 [INFO] [OK] Argentina/GFS_ENSEMBLE_Corn_Winter_PRCP_DEP/daily dia 08 (2026-07-18 → 2026-07-18) 34986 bytes
2026-07-10 09:34:44,082 [INFO] [OK] Argentina/GFS_ENSEMBLE_Corn_Winter_PRCP_DEP/daily dia 09 (2026-07-19 → 2026-07-19) 39339 bytes
2026-07-10 09:34:44,382 [INFO] [OK] Argentina/GFS_ENSEMBLE_Corn_Winter_PRCP_DEP/daily dia 10 (2026-07-20 → 2026-07-20) 39241 bytes
2026-07-10 09:34:44,426 [INFO] [OK] Argentina/GFS_ENSEMBLE_Corn_Winter_PRCP_DEP/daily dia 11 (2026-07-21 → 2026-07-21) 39814 bytes
2026-07-10 09:34:44,531 [INFO] [OK] Argentina/GFS_ENSEMBLE_Corn_Winter_PRCP_DEP/daily dia 12 (2026-07-22 → 2026-07-22) 43870 bytes
2026-07-10 09:34:44,628 [INFO] [OK] Argentina/GFS_ENSEMBLE_Corn_Winter_PRCP_DEP/daily dia 13 (2026-07-23 → 2026-07-23) 43724 bytes
2026-07-10 09:34:44,759 [INFO] [OK] Argentina/GFS_ENSEMBLE_Corn_Winter_PRCP_DEP/daily dia 14 (2026-07-24 → 2026-07-24) 40240 bytes
2026-07-10 09:34:45,050 [INFO] [OK] Argentina/GFS_ENSEMBLE_Corn_Winter_PRCP_DEP/cumulative dia 00 (2026-07-10 → 2026-07-10) 31323 bytes
2026-07-10 09:34:45,525 [INFO] [OK] Argentina/GFS_ENSEMBLE_Corn_Winter_PRCP_DEP/cumulative dia 02 (2026-07-10 → 2026-07-12) 39876 bytes
2026-07-10 09:34:45,672 [INFO] [OK] Argentina/GFS_ENSEMBLE_Corn_Winter_PRCP_DEP/cumulative dia 03 (2026-07-10 → 2026-07-13) 40726 bytes
2026-07-10 09:34:45,732 [INFO] [OK] Argentina/GFS_ENSEMBLE_Corn_Winter_PRCP_DEP/cumulative dia 01 (2026-07-10 → 2026-07-11) 37732 bytes
2026-07-10 09:34:45,781 [INFO] [OK] Argentina/GFS_ENSEMBLE_Corn_Winter_PRCP_DEP/cumulative dia 04 (2026-07-10 → 2026-07-14) 40231 bytes
2026-07-10 09:34:46,043 [INFO] [OK] Argentina/GFS_ENSEMBLE_Corn_Winter_PRCP_DEP/cumulative dia 05 (2026-07-10 → 2026-07-15) 39901 bytes
2026-07-10 09:34:46,290 [INFO] [OK] Argentina/GFS_ENSEMBLE_Corn_Winter_PRCP_DEP/cumulative dia 06 (2026-07-10 → 2026-07-16) 40166 bytes
2026-07-10 09:34:46,866 [INFO] [OK] Argentina/GFS_ENSEMBLE_Corn_Winter_PRCP_DEP/cumulative dia 07 (2026-07-10 → 2026-07-17) 41162 bytes
2026-07-10 09:34:47,035 [INFO] [OK] Argentina/GFS_ENSEMBLE_Corn_Winter_PRCP_DEP/cumulative dia 08 (2026-07-10 → 2026-07-18) 41172 bytes
2026-07-10 09:34:47,270 [INFO] [OK] Argentina/GFS_ENSEMBLE_Corn_Winter_PRCP_DEP/cumulative dia 09 (2026-07-10 → 2026-07-19) 41236 bytes
2026-07-10 09:34:47,507 [INFO] [OK] Argentina/GFS_ENSEMBLE_Corn_Winter_PRCP_DEP/cumulative dia 10 (2026-07-10 → 2026-07-20) 42049 bytes
2026-07-10 09:34:47,655 [INFO] [OK] Argentina/GFS_ENSEMBLE_Corn_Winter_PRCP_DEP/cumulative dia 11 (2026-07-10 → 2026-07-21) 41787 bytes
2026-07-10 09:34:48,152 [INFO] [OK] Argentina/GFS_ENSEMBLE_Corn_Winter_PRCP_DEP/cumulative dia 12 (2026-07-10 → 2026-07-22) 42125 bytes
2026-07-10 09:34:48,225 [INFO] [OK] Argentina/GFS_ENSEMBLE_Corn_Winter_PRCP/daily dia 00 (2026-07-10 → 2026-07-10) 25373 bytes
2026-07-10 09:34:48,528 [INFO] [OK] Argentina/GFS_ENSEMBLE_Corn_Winter_PRCP/daily dia 01 (2026-07-11 → 2026-07-11) 26235 bytes
2026-07-10 09:34:48,607 [INFO] [OK] Argentina/GFS_ENSEMBLE_Corn_Winter_PRCP/daily dia 02 (2026-07-12 → 2026-07-12) 25240 bytes
2026-07-10 09:34:48,706 [INFO] [OK] Argentina/GFS_ENSEMBLE_Corn_Winter_PRCP_DEP/cumulative dia 13 (2026-07-10 → 2026-07-23) 42829 bytes
2026-07-10 09:34:48,825 [INFO] [OK] Argentina/GFS_ENSEMBLE_Corn_Winter_PRCP_DEP/cumulative dia 14 (2026-07-10 → 2026-07-24) 42936 bytes
2026-07-10 09:34:49,191 [INFO] [OK] Argentina/GFS_ENSEMBLE_Corn_Winter_PRCP/daily dia 04 (2026-07-14 → 2026-07-14) 24182 bytes
2026-07-10 09:34:49,271 [INFO] [OK] Argentina/GFS_ENSEMBLE_Corn_Winter_PRCP/daily dia 03 (2026-07-13 → 2026-07-13) 24960 bytes
2026-07-10 09:34:49,536 [INFO] [OK] Argentina/GFS_ENSEMBLE_Corn_Winter_PRCP/daily dia 05 (2026-07-15 → 2026-07-15) 25039 bytes
2026-07-10 09:34:49,644 [INFO] [OK] Argentina/GFS_ENSEMBLE_Corn_Winter_PRCP/daily dia 06 (2026-07-16 → 2026-07-16) 27288 bytes
2026-07-10 09:34:49,713 [INFO] [OK] Argentina/GFS_ENSEMBLE_Corn_Winter_PRCP/daily dia 07 (2026-07-17 → 2026-07-17) 27558 bytes
2026-07-10 09:34:49,759 [INFO] [OK] Argentina/GFS_ENSEMBLE_Corn_Winter_PRCP/daily dia 08 (2026-07-18 → 2026-07-18) 26908 bytes
2026-07-10 09:34:50,157 [INFO] [OK] Argentina/GFS_ENSEMBLE_Corn_Winter_PRCP/daily dia 09 (2026-07-19 → 2026-07-19) 27303 bytes
2026-07-10 09:34:50,234 [INFO] [OK] Argentina/GFS_ENSEMBLE_Corn_Winter_PRCP/daily dia 10 (2026-07-20 → 2026-07-20) 27662 bytes
2026-07-10 09:34:50,554 [INFO] [OK] Argentina/GFS_ENSEMBLE_Corn_Winter_PRCP/daily dia 11 (2026-07-21 → 2026-07-21) 26683 bytes
2026-07-10 09:34:50,624 [INFO] [OK] Argentina/GFS_ENSEMBLE_Corn_Winter_PRCP/daily dia 12 (2026-07-22 → 2026-07-22) 26264 bytes
2026-07-10 09:34:50,638 [INFO] [OK] Argentina/GFS_ENSEMBLE_Corn_Winter_PRCP/daily dia 13 (2026-07-23 → 2026-07-23) 25432 bytes
2026-07-10 09:34:50,693 [INFO] [OK] Argentina/GFS_ENSEMBLE_Corn_Winter_PRCP/daily dia 14 (2026-07-24 → 2026-07-24) 25203 bytes
2026-07-10 09:34:51,154 [INFO] [OK] Argentina/GFS_ENSEMBLE_Corn_Winter_PRCP/cumulative dia 00 (2026-07-10 → 2026-07-10) 25373 bytes
2026-07-10 09:34:51,333 [INFO] [OK] Argentina/GFS_ENSEMBLE_Corn_Winter_PRCP/cumulative dia 01 (2026-07-10 → 2026-07-11) 28153 bytes
2026-07-10 09:34:51,774 [INFO] [OK] Argentina/GFS_ENSEMBLE_Corn_Winter_PRCP/cumulative dia 02 (2026-07-10 → 2026-07-12) 28387 bytes
2026-07-10 09:34:52,069 [INFO] [OK] Argentina/GFS_ENSEMBLE_Corn_Winter_PRCP/cumulative dia 04 (2026-07-10 → 2026-07-14) 29731 bytes
2026-07-10 09:34:52,082 [INFO] [OK] Argentina/GFS_ENSEMBLE_Corn_Winter_PRCP/cumulative dia 05 (2026-07-10 → 2026-07-15) 30195 bytes
2026-07-10 09:34:52,216 [INFO] [OK] Argentina/GFS_ENSEMBLE_Corn_Winter_PRCP/cumulative dia 03 (2026-07-10 → 2026-07-13) 29275 bytes
2026-07-10 09:34:52,456 [INFO] [OK] Argentina/GFS_ENSEMBLE_Corn_Winter_PRCP/cumulative dia 06 (2026-07-10 → 2026-07-16) 31004 bytes
2026-07-10 09:34:52,756 [INFO] [OK] Argentina/GFS_ENSEMBLE_Corn_Winter_PRCP/cumulative dia 07 (2026-07-10 → 2026-07-17) 32222 bytes
2026-07-10 09:34:53,251 [INFO] [OK] Argentina/GFS_ENSEMBLE_Corn_Winter_PRCP/cumulative dia 08 (2026-07-10 → 2026-07-18) 32857 bytes
2026-07-10 09:34:53,818 [INFO] [OK] Argentina/GFS_ENSEMBLE_Corn_Winter_PRCP/cumulative dia 09 (2026-07-10 → 2026-07-19) 33542 bytes
2026-07-10 09:34:53,869 [INFO] [OK] Argentina/GFS_ENSEMBLE_Corn_Winter_PRCP/cumulative dia 10 (2026-07-10 → 2026-07-20) 34221 bytes
2026-07-10 09:34:54,082 [INFO] [OK] Argentina/GFS_ENSEMBLE_Corn_Winter_PRCP/cumulative dia 11 (2026-07-10 → 2026-07-21) 34560 bytes
2026-07-10 09:34:54,220 [INFO] [OK] Argentina/GFS_ENSEMBLE_Corn_Winter_PRCP/cumulative dia 12 (2026-07-10 → 2026-07-22) 34709 bytes
2026-07-10 09:34:54,524 [INFO] [OK] Argentina/GFS_ENSEMBLE_Corn_Winter_PRCP/cumulative dia 13 (2026-07-10 → 2026-07-23) 35154 bytes
2026-07-10 09:34:54,797 [INFO] [OK] Argentina/ECM_ENSEMBLE_Soy_PRCP_DEP/daily dia 00 (2026-07-10 → 2026-07-10) 37202 bytes
2026-07-10 09:34:54,865 [INFO] [OK] Argentina/GFS_ENSEMBLE_Corn_Winter_PRCP/cumulative dia 14 (2026-07-10 → 2026-07-24) 35035 bytes
2026-07-10 09:34:54,928 [INFO] [OK] Argentina/ECM_ENSEMBLE_Soy_PRCP_DEP/daily dia 01 (2026-07-11 → 2026-07-11) 37845 bytes
2026-07-10 09:34:55,151 [INFO] [OK] Argentina/ECM_ENSEMBLE_Soy_PRCP_DEP/daily dia 02 (2026-07-12 → 2026-07-12) 36845 bytes
2026-07-10 09:34:55,354 [INFO] [OK] Argentina/ECM_ENSEMBLE_Soy_PRCP_DEP/daily dia 03 (2026-07-13 → 2026-07-13) 36078 bytes
2026-07-10 09:34:55,553 [INFO] [OK] Argentina/ECM_ENSEMBLE_Soy_PRCP_DEP/daily dia 04 (2026-07-14 → 2026-07-14) 34399 bytes
2026-07-10 09:34:55,848 [INFO] [OK] Argentina/ECM_ENSEMBLE_Soy_PRCP_DEP/daily dia 05 (2026-07-15 → 2026-07-15) 36443 bytes
2026-07-10 09:34:55,990 [INFO] [OK] Argentina/ECM_ENSEMBLE_Soy_PRCP_DEP/daily dia 06 (2026-07-16 → 2026-07-16) 38772 bytes
2026-07-10 09:34:56,079 [INFO] [OK] Argentina/ECM_ENSEMBLE_Soy_PRCP_DEP/daily dia 07 (2026-07-17 → 2026-07-17) 38778 bytes
2026-07-10 09:34:56,104 [INFO] [OK] Argentina/ECM_ENSEMBLE_Soy_PRCP_DEP/daily dia 08 (2026-07-18 → 2026-07-18) 38241 bytes
2026-07-10 09:34:56,413 [INFO] [OK] Argentina/ECM_ENSEMBLE_Soy_PRCP_DEP/daily dia 09 (2026-07-19 → 2026-07-19) 36550 bytes
2026-07-10 09:34:56,487 [INFO] [OK] Argentina/ECM_ENSEMBLE_Soy_PRCP_DEP/daily dia 10 (2026-07-20 → 2026-07-20) 38025 bytes
2026-07-10 09:34:56,901 [INFO] [OK] Argentina/ECM_ENSEMBLE_Soy_PRCP_DEP/daily dia 11 (2026-07-21 → 2026-07-21) 39091 bytes
2026-07-10 09:34:56,958 [INFO] [OK] Argentina/ECM_ENSEMBLE_Soy_PRCP_DEP/daily dia 12 (2026-07-22 → 2026-07-22) 39597 bytes
2026-07-10 09:34:57,047 [INFO] [OK] Argentina/ECM_ENSEMBLE_Soy_PRCP_DEP/daily dia 13 (2026-07-23 → 2026-07-23) 39925 bytes
2026-07-10 09:34:57,115 [INFO] [OK] Argentina/ECM_ENSEMBLE_Soy_PRCP_DEP/daily dia 14 (2026-07-24 → 2026-07-24) 42572 bytes
2026-07-10 09:34:57,462 [INFO] [OK] Argentina/ECM_ENSEMBLE_Soy_PRCP_DEP/cumulative dia 00 (2026-07-10 → 2026-07-10) 37202 bytes
2026-07-10 09:34:57,562 [INFO] [OK] Argentina/ECM_ENSEMBLE_Soy_PRCP_DEP/cumulative dia 01 (2026-07-10 → 2026-07-11) 39258 bytes
2026-07-10 09:34:57,979 [INFO] [OK] Argentina/ECM_ENSEMBLE_Soy_PRCP_DEP/cumulative dia 02 (2026-07-10 → 2026-07-12) 41506 bytes
2026-07-10 09:34:58,213 [INFO] [OK] Argentina/ECM_ENSEMBLE_Soy_PRCP_DEP/cumulative dia 03 (2026-07-10 → 2026-07-13) 43281 bytes
2026-07-10 09:34:58,261 [INFO] [OK] Argentina/ECM_ENSEMBLE_Soy_PRCP_DEP/cumulative dia 04 (2026-07-10 → 2026-07-14) 43677 bytes
2026-07-10 09:34:58,416 [INFO] [OK] Argentina/ECM_ENSEMBLE_Soy_PRCP_DEP/cumulative dia 05 (2026-07-10 → 2026-07-15) 44389 bytes
2026-07-10 09:34:58,712 [INFO] [OK] Argentina/ECM_ENSEMBLE_Soy_PRCP_DEP/cumulative dia 06 (2026-07-10 → 2026-07-16) 45454 bytes
2026-07-10 09:34:58,848 [INFO] [OK] Argentina/ECM_ENSEMBLE_Soy_PRCP_DEP/cumulative dia 07 (2026-07-10 → 2026-07-17) 44915 bytes
2026-07-10 09:34:59,328 [INFO] [OK] Argentina/ECM_ENSEMBLE_Soy_PRCP_DEP/cumulative dia 08 (2026-07-10 → 2026-07-18) 43667 bytes
2026-07-10 09:34:59,661 [INFO] [OK] Argentina/ECM_ENSEMBLE_Soy_PRCP_DEP/cumulative dia 09 (2026-07-10 → 2026-07-19) 42132 bytes
2026-07-10 09:34:59,795 [INFO] [OK] Argentina/ECM_ENSEMBLE_Soy_PRCP_DEP/cumulative dia 10 (2026-07-10 → 2026-07-20) 41861 bytes
2026-07-10 09:35:00,077 [INFO] [OK] Argentina/ECM_ENSEMBLE_Soy_PRCP_DEP/cumulative dia 11 (2026-07-10 → 2026-07-21) 41764 bytes
2026-07-10 09:35:00,288 [INFO] [OK] Argentina/ECM_ENSEMBLE_Soy_PRCP_DEP/cumulative dia 12 (2026-07-10 → 2026-07-22) 41964 bytes
2026-07-10 09:35:00,506 [INFO] [OK] Argentina/ECM_ENSEMBLE_Soy_PRCP_DEP/cumulative dia 13 (2026-07-10 → 2026-07-23) 41966 bytes
2026-07-10 09:35:00,676 [INFO] [OK] Argentina/ECM_ENSEMBLE_Soy_PRCP/daily dia 00 (2026-07-10 → 2026-07-10) 28972 bytes
2026-07-10 09:35:00,740 [INFO] [OK] Argentina/ECM_ENSEMBLE_Soy_PRCP/daily dia 01 (2026-07-11 → 2026-07-11) 28911 bytes
2026-07-10 09:35:00,985 [INFO] [OK] Argentina/ECM_ENSEMBLE_Soy_PRCP/daily dia 02 (2026-07-12 → 2026-07-12) 28286 bytes
2026-07-10 09:35:01,024 [INFO] [OK] Argentina/ECM_ENSEMBLE_Soy_PRCP_DEP/cumulative dia 14 (2026-07-10 → 2026-07-24) 42125 bytes
2026-07-10 09:35:01,194 [INFO] [OK] Argentina/ECM_ENSEMBLE_Soy_PRCP/daily dia 03 (2026-07-13 → 2026-07-13) 27454 bytes
2026-07-10 09:35:01,666 [INFO] [OK] Argentina/ECM_ENSEMBLE_Soy_PRCP/daily dia 05 (2026-07-15 → 2026-07-15) 27637 bytes
2026-07-10 09:35:01,701 [INFO] [OK] Argentina/ECM_ENSEMBLE_Soy_PRCP/daily dia 04 (2026-07-14 → 2026-07-14) 26483 bytes
2026-07-10 09:35:01,751 [INFO] [OK] Argentina/ECM_ENSEMBLE_Soy_PRCP/daily dia 06 (2026-07-16 → 2026-07-16) 29442 bytes
2026-07-10 09:35:01,921 [INFO] [OK] Argentina/ECM_ENSEMBLE_Soy_PRCP/daily dia 07 (2026-07-17 → 2026-07-17) 29952 bytes
2026-07-10 09:35:02,123 [INFO] [OK] Argentina/ECM_ENSEMBLE_Soy_PRCP/daily dia 08 (2026-07-18 → 2026-07-18) 30415 bytes
2026-07-10 09:35:02,135 [INFO] [OK] Argentina/ECM_ENSEMBLE_Soy_PRCP/daily dia 09 (2026-07-19 → 2026-07-19) 30824 bytes
2026-07-10 09:35:02,583 [INFO] [OK] Argentina/ECM_ENSEMBLE_Soy_PRCP/daily dia 10 (2026-07-20 → 2026-07-20) 30078 bytes
2026-07-10 09:35:02,633 [INFO] [OK] Argentina/ECM_ENSEMBLE_Soy_PRCP/daily dia 11 (2026-07-21 → 2026-07-21) 29154 bytes
2026-07-10 09:35:02,661 [INFO] [OK] Argentina/ECM_ENSEMBLE_Soy_PRCP/daily dia 12 (2026-07-22 → 2026-07-22) 28600 bytes
2026-07-10 09:35:02,842 [INFO] [OK] Argentina/ECM_ENSEMBLE_Soy_PRCP/daily dia 13 (2026-07-23 → 2026-07-23) 28824 bytes
2026-07-10 09:35:03,083 [INFO] [OK] Argentina/ECM_ENSEMBLE_Soy_PRCP/daily dia 14 (2026-07-24 → 2026-07-24) 28493 bytes
2026-07-10 09:35:03,106 [INFO] [OK] Argentina/ECM_ENSEMBLE_Soy_PRCP/cumulative dia 00 (2026-07-10 → 2026-07-10) 28972 bytes
2026-07-10 09:35:03,674 [INFO] [OK] Argentina/ECM_ENSEMBLE_Soy_PRCP/cumulative dia 01 (2026-07-10 → 2026-07-11) 31511 bytes
2026-07-10 09:35:03,773 [INFO] [OK] Argentina/ECM_ENSEMBLE_Soy_PRCP/cumulative dia 02 (2026-07-10 → 2026-07-12) 32389 bytes
2026-07-10 09:35:03,907 [INFO] [OK] Argentina/ECM_ENSEMBLE_Soy_PRCP/cumulative dia 03 (2026-07-10 → 2026-07-13) 33515 bytes
2026-07-10 09:35:03,974 [INFO] [OK] Argentina/ECM_ENSEMBLE_Soy_PRCP/cumulative dia 04 (2026-07-10 → 2026-07-14) 33894 bytes
2026-07-10 09:35:04,271 [INFO] [OK] Argentina/ECM_ENSEMBLE_Soy_PRCP/cumulative dia 05 (2026-07-10 → 2026-07-15) 34497 bytes
2026-07-10 09:35:04,364 [INFO] [OK] Argentina/ECM_ENSEMBLE_Soy_PRCP/cumulative dia 06 (2026-07-10 → 2026-07-16) 35218 bytes
2026-07-10 09:35:04,968 [INFO] [OK] Argentina/ECM_ENSEMBLE_Soy_PRCP/cumulative dia 07 (2026-07-10 → 2026-07-17) 36168 bytes
2026-07-10 09:35:05,326 [INFO] [OK] Argentina/ECM_ENSEMBLE_Soy_PRCP/cumulative dia 08 (2026-07-10 → 2026-07-18) 36769 bytes
2026-07-10 09:35:05,477 [INFO] [OK] Argentina/ECM_ENSEMBLE_Soy_PRCP/cumulative dia 09 (2026-07-10 → 2026-07-19) 37391 bytes
2026-07-10 09:35:05,583 [INFO] [OK] Argentina/ECM_ENSEMBLE_Soy_PRCP/cumulative dia 10 (2026-07-10 → 2026-07-20) 37922 bytes
2026-07-10 09:35:05,931 [INFO] [OK] Argentina/ECM_ENSEMBLE_Soy_PRCP/cumulative dia 11 (2026-07-10 → 2026-07-21) 38213 bytes
2026-07-10 09:35:06,019 [INFO] [OK] Argentina/ECM_ENSEMBLE_Soy_PRCP/cumulative dia 12 (2026-07-10 → 2026-07-22) 38930 bytes
2026-07-10 09:35:06,536 [INFO] [OK] Argentina/ECM_ENSEMBLE_Corn_Winter_PRCP_DEP/daily dia 01 (2026-07-11 → 2026-07-11) 36382 bytes
2026-07-10 09:35:06,587 [INFO] [OK] Argentina/ECM_ENSEMBLE_Soy_PRCP/cumulative dia 13 (2026-07-10 → 2026-07-23) 39249 bytes
2026-07-10 09:35:06,651 [INFO] [OK] Argentina/ECM_ENSEMBLE_Corn_Winter_PRCP_DEP/daily dia 00 (2026-07-10 → 2026-07-10) 35302 bytes
2026-07-10 09:35:06,910 [INFO] [OK] Argentina/ECM_ENSEMBLE_Soy_PRCP/cumulative dia 14 (2026-07-10 → 2026-07-24) 39540 bytes
2026-07-10 09:35:06,936 [INFO] [OK] Argentina/ECM_ENSEMBLE_Corn_Winter_PRCP_DEP/daily dia 02 (2026-07-12 → 2026-07-12) 35230 bytes
2026-07-10 09:35:06,980 [INFO] [OK] Argentina/ECM_ENSEMBLE_Corn_Winter_PRCP_DEP/daily dia 03 (2026-07-13 → 2026-07-13) 34487 bytes
2026-07-10 09:35:07,470 [INFO] [OK] Argentina/ECM_ENSEMBLE_Corn_Winter_PRCP_DEP/daily dia 04 (2026-07-14 → 2026-07-14) 32721 bytes
2026-07-10 09:35:07,901 [INFO] [OK] Argentina/ECM_ENSEMBLE_Corn_Winter_PRCP_DEP/daily dia 05 (2026-07-15 → 2026-07-15) 34807 bytes
2026-07-10 09:35:07,901 [INFO] [OK] Argentina/ECM_ENSEMBLE_Corn_Winter_PRCP_DEP/daily dia 07 (2026-07-17 → 2026-07-17) 37078 bytes
2026-07-10 09:35:07,905 [INFO] [OK] Argentina/ECM_ENSEMBLE_Corn_Winter_PRCP_DEP/daily dia 06 (2026-07-16 → 2026-07-16) 37144 bytes
2026-07-10 09:35:07,964 [INFO] [OK] Argentina/ECM_ENSEMBLE_Corn_Winter_PRCP_DEP/daily dia 08 (2026-07-18 → 2026-07-18) 36710 bytes
2026-07-10 09:35:07,972 [INFO] [OK] Argentina/ECM_ENSEMBLE_Corn_Winter_PRCP_DEP/daily dia 09 (2026-07-19 → 2026-07-19) 35005 bytes
2026-07-10 09:35:08,394 [INFO] [OK] Argentina/ECM_ENSEMBLE_Corn_Winter_PRCP_DEP/daily dia 10 (2026-07-20 → 2026-07-20) 36352 bytes
2026-07-10 09:35:08,974 [INFO] [OK] Argentina/ECM_ENSEMBLE_Corn_Winter_PRCP_DEP/daily dia 14 (2026-07-24 → 2026-07-24) 40956 bytes
2026-07-10 09:35:08,986 [INFO] [OK] Argentina/ECM_ENSEMBLE_Corn_Winter_PRCP_DEP/cumulative dia 00 (2026-07-10 → 2026-07-10) 35302 bytes
2026-07-10 09:35:09,061 [INFO] [OK] Argentina/ECM_ENSEMBLE_Corn_Winter_PRCP_DEP/daily dia 11 (2026-07-21 → 2026-07-21) 37371 bytes
2026-07-10 09:35:09,092 [INFO] [OK] Argentina/ECM_ENSEMBLE_Corn_Winter_PRCP_DEP/daily dia 12 (2026-07-22 → 2026-07-22) 38171 bytes
2026-07-10 09:35:09,128 [INFO] [OK] Argentina/ECM_ENSEMBLE_Corn_Winter_PRCP_DEP/daily dia 13 (2026-07-23 → 2026-07-23) 38221 bytes
2026-07-10 09:35:09,496 [INFO] [OK] Argentina/ECM_ENSEMBLE_Corn_Winter_PRCP_DEP/cumulative dia 01 (2026-07-10 → 2026-07-11) 37367 bytes
2026-07-10 09:35:10,184 [INFO] [OK] Argentina/ECM_ENSEMBLE_Corn_Winter_PRCP_DEP/cumulative dia 03 (2026-07-10 → 2026-07-13) 41673 bytes
2026-07-10 09:35:10,195 [INFO] [OK] Argentina/ECM_ENSEMBLE_Corn_Winter_PRCP_DEP/cumulative dia 02 (2026-07-10 → 2026-07-12) 39990 bytes
2026-07-10 09:35:10,415 [INFO] [OK] Argentina/ECM_ENSEMBLE_Corn_Winter_PRCP_DEP/cumulative dia 04 (2026-07-10 → 2026-07-14) 42099 bytes
2026-07-10 09:35:10,467 [INFO] [OK] Argentina/ECM_ENSEMBLE_Corn_Winter_PRCP_DEP/cumulative dia 05 (2026-07-10 → 2026-07-15) 42782 bytes
2026-07-10 09:35:10,510 [INFO] [OK] Argentina/ECM_ENSEMBLE_Corn_Winter_PRCP_DEP/cumulative dia 06 (2026-07-10 → 2026-07-16) 43923 bytes
2026-07-10 09:35:10,807 [INFO] [OK] Argentina/ECM_ENSEMBLE_Corn_Winter_PRCP_DEP/cumulative dia 07 (2026-07-10 → 2026-07-17) 43413 bytes
2026-07-10 09:35:11,547 [INFO] [OK] Argentina/ECM_ENSEMBLE_Corn_Winter_PRCP_DEP/cumulative dia 08 (2026-07-10 → 2026-07-18) 42082 bytes
2026-07-10 09:35:11,696 [INFO] [OK] Argentina/ECM_ENSEMBLE_Corn_Winter_PRCP_DEP/cumulative dia 09 (2026-07-10 → 2026-07-19) 40569 bytes
2026-07-10 09:35:11,933 [INFO] [OK] Argentina/ECM_ENSEMBLE_Corn_Winter_PRCP_DEP/cumulative dia 10 (2026-07-10 → 2026-07-20) 40178 bytes
2026-07-10 09:35:11,988 [INFO] [OK] Argentina/ECM_ENSEMBLE_Corn_Winter_PRCP_DEP/cumulative dia 11 (2026-07-10 → 2026-07-21) 40024 bytes
2026-07-10 09:35:12,063 [INFO] [OK] Argentina/ECM_ENSEMBLE_Corn_Winter_PRCP_DEP/cumulative dia 12 (2026-07-10 → 2026-07-22) 40371 bytes
2026-07-10 09:35:12,372 [INFO] [OK] Argentina/ECM_ENSEMBLE_Corn_Winter_PRCP_DEP/cumulative dia 13 (2026-07-10 → 2026-07-23) 40351 bytes
2026-07-10 09:35:12,666 [INFO] [OK] Argentina/ECM_ENSEMBLE_Corn_Winter_PRCP/daily dia 00 (2026-07-10 → 2026-07-10) 27176 bytes
2026-07-10 09:35:12,896 [INFO] [OK] Argentina/ECM_ENSEMBLE_Corn_Winter_PRCP/daily dia 01 (2026-07-11 → 2026-07-11) 26936 bytes
2026-07-10 09:35:12,994 [INFO] [OK] Argentina/ECM_ENSEMBLE_Corn_Winter_PRCP/daily dia 02 (2026-07-12 → 2026-07-12) 26369 bytes
2026-07-10 09:35:13,045 [INFO] [OK] Argentina/ECM_ENSEMBLE_Corn_Winter_PRCP/daily dia 03 (2026-07-13 → 2026-07-13) 25518 bytes
2026-07-10 09:35:13,182 [INFO] [OK] Argentina/ECM_ENSEMBLE_Corn_Winter_PRCP_DEP/cumulative dia 14 (2026-07-10 → 2026-07-24) 40455 bytes
2026-07-10 09:35:13,466 [INFO] [OK] Argentina/ECM_ENSEMBLE_Corn_Winter_PRCP/daily dia 04 (2026-07-14 → 2026-07-14) 24664 bytes
2026-07-10 09:35:13,596 [INFO] [OK] Argentina/ECM_ENSEMBLE_Corn_Winter_PRCP/daily dia 05 (2026-07-15 → 2026-07-15) 25767 bytes
2026-07-10 09:35:14,088 [INFO] [OK] Argentina/ECM_ENSEMBLE_Corn_Winter_PRCP/daily dia 08 (2026-07-18 → 2026-07-18) 28444 bytes
2026-07-10 09:35:14,097 [INFO] [OK] Argentina/ECM_ENSEMBLE_Corn_Winter_PRCP/daily dia 06 (2026-07-16 → 2026-07-16) 27558 bytes
2026-07-10 09:35:14,098 [INFO] [OK] Argentina/ECM_ENSEMBLE_Corn_Winter_PRCP/daily dia 07 (2026-07-17 → 2026-07-17) 28117 bytes
2026-07-10 09:35:14,119 [INFO] [OK] Argentina/ECM_ENSEMBLE_Corn_Winter_PRCP/daily dia 09 (2026-07-19 → 2026-07-19) 28920 bytes
2026-07-10 09:35:14,430 [INFO] [OK] Argentina/ECM_ENSEMBLE_Corn_Winter_PRCP/daily dia 10 (2026-07-20 → 2026-07-20) 28280 bytes
2026-07-10 09:35:14,581 [INFO] [OK] Argentina/ECM_ENSEMBLE_Corn_Winter_PRCP/daily dia 11 (2026-07-21 → 2026-07-21) 27438 bytes
2026-07-10 09:35:15,073 [INFO] [OK] Argentina/ECM_ENSEMBLE_Corn_Winter_PRCP/daily dia 14 (2026-07-24 → 2026-07-24) 26479 bytes
2026-07-10 09:35:15,083 [INFO] [OK] Argentina/ECM_ENSEMBLE_Corn_Winter_PRCP/daily dia 13 (2026-07-23 → 2026-07-23) 27073 bytes
2026-07-10 09:35:15,129 [INFO] [OK] Argentina/ECM_ENSEMBLE_Corn_Winter_PRCP/daily dia 12 (2026-07-22 → 2026-07-22) 26972 bytes
2026-07-10 09:35:15,177 [INFO] [OK] Argentina/ECM_ENSEMBLE_Corn_Winter_PRCP/cumulative dia 00 (2026-07-10 → 2026-07-10) 27176 bytes
2026-07-10 09:35:15,546 [INFO] [OK] Argentina/ECM_ENSEMBLE_Corn_Winter_PRCP/cumulative dia 01 (2026-07-10 → 2026-07-11) 29679 bytes
2026-07-10 09:35:15,628 [INFO] [OK] Argentina/ECM_ENSEMBLE_Corn_Winter_PRCP/cumulative dia 02 (2026-07-10 → 2026-07-12) 30470 bytes
2026-07-10 09:35:16,280 [INFO] [OK] Argentina/ECM_ENSEMBLE_Corn_Winter_PRCP/cumulative dia 03 (2026-07-10 → 2026-07-13) 31591 bytes
2026-07-10 09:35:16,343 [INFO] [OK] Argentina/ECM_ENSEMBLE_Corn_Winter_PRCP/cumulative dia 04 (2026-07-10 → 2026-07-14) 31818 bytes
2026-07-10 09:35:16,428 [INFO] [OK] Argentina/ECM_ENSEMBLE_Corn_Winter_PRCP/cumulative dia 05 (2026-07-10 → 2026-07-15) 32418 bytes
2026-07-10 09:35:16,495 [INFO] [OK] Argentina/ECM_ENSEMBLE_Corn_Winter_PRCP/cumulative dia 06 (2026-07-10 → 2026-07-16) 33202 bytes
2026-07-10 09:35:16,846 [INFO] [OK] Argentina/ECM_ENSEMBLE_Corn_Winter_PRCP/cumulative dia 07 (2026-07-10 → 2026-07-17) 34145 bytes
2026-07-10 09:35:16,985 [INFO] [OK] Argentina/ECM_ENSEMBLE_Corn_Winter_PRCP/cumulative dia 08 (2026-07-10 → 2026-07-18) 34871 bytes
2026-07-10 09:35:17,821 [INFO] [OK] Argentina/ECM_ENSEMBLE_Corn_Winter_PRCP/cumulative dia 10 (2026-07-10 → 2026-07-20) 36049 bytes
2026-07-10 09:35:17,834 [INFO] [OK] Argentina/ECM_ENSEMBLE_Corn_Winter_PRCP/cumulative dia 09 (2026-07-10 → 2026-07-19) 35446 bytes
2026-07-10 09:35:18,210 [INFO] [OK] Argentina/ECM_ENSEMBLE_Corn_Winter_PRCP/cumulative dia 11 (2026-07-10 → 2026-07-21) 36483 bytes
2026-07-10 09:35:18,315 [INFO] [OK] Argentina/ECM_ENSEMBLE_Corn_Winter_PRCP/cumulative dia 12 (2026-07-10 → 2026-07-22) 37049 bytes
2026-07-10 09:35:18,627 [INFO] [OK] Argentina/ECM_ENSEMBLE_Corn_Winter_PRCP/cumulative dia 13 (2026-07-10 → 2026-07-23) 37326 bytes
2026-07-10 09:35:18,868 [INFO] [OK] Argentina/ECM_ENSEMBLE_Corn_Winter_PRCP/cumulative dia 14 (2026-07-10 → 2026-07-24) 37639 bytes
2026-07-10 09:35:19,346 [INFO] [OK] USA/GFS_ENSEMBLE_Corn_PRCP_DEP/daily dia 00 (2026-07-10 → 2026-07-10) 50499 bytes
2026-07-10 09:35:19,548 [INFO] [OK] USA/GFS_ENSEMBLE_Corn_PRCP_DEP/daily dia 01 (2026-07-11 → 2026-07-11) 50243 bytes
2026-07-10 09:35:19,799 [INFO] [OK] USA/GFS_ENSEMBLE_Corn_PRCP_DEP/daily dia 02 (2026-07-12 → 2026-07-12) 48671 bytes
2026-07-10 09:35:19,983 [INFO] [OK] USA/GFS_ENSEMBLE_Corn_PRCP_DEP/daily dia 03 (2026-07-13 → 2026-07-13) 50142 bytes
2026-07-10 09:35:20,228 [INFO] [OK] USA/GFS_ENSEMBLE_Corn_PRCP_DEP/daily dia 04 (2026-07-14 → 2026-07-14) 52990 bytes
2026-07-10 09:35:20,475 [INFO] [OK] USA/GFS_ENSEMBLE_Corn_PRCP_DEP/daily dia 05 (2026-07-15 → 2026-07-15) 56393 bytes
2026-07-10 09:35:21,023 [INFO] [OK] USA/GFS_ENSEMBLE_Corn_PRCP_DEP/daily dia 06 (2026-07-16 → 2026-07-16) 57123 bytes
2026-07-10 09:35:21,276 [INFO] [OK] USA/GFS_ENSEMBLE_Corn_PRCP_DEP/daily dia 07 (2026-07-17 → 2026-07-17) 60069 bytes
2026-07-10 09:35:21,739 [INFO] [OK] USA/GFS_ENSEMBLE_Corn_PRCP_DEP/daily dia 08 (2026-07-18 → 2026-07-18) 60185 bytes
2026-07-10 09:35:21,793 [INFO] [OK] USA/GFS_ENSEMBLE_Corn_PRCP_DEP/daily dia 09 (2026-07-19 → 2026-07-19) 62146 bytes
2026-07-10 09:35:22,006 [INFO] [OK] USA/GFS_ENSEMBLE_Corn_PRCP_DEP/daily dia 10 (2026-07-20 → 2026-07-20) 60738 bytes
2026-07-10 09:35:22,315 [INFO] [OK] USA/GFS_ENSEMBLE_Corn_PRCP_DEP/daily dia 11 (2026-07-21 → 2026-07-21) 60877 bytes
2026-07-10 09:35:22,860 [INFO] [OK] USA/GFS_ENSEMBLE_Corn_PRCP_DEP/daily dia 12 (2026-07-22 → 2026-07-22) 60071 bytes
2026-07-10 09:35:23,024 [INFO] [OK] USA/GFS_ENSEMBLE_Corn_PRCP_DEP/daily dia 13 (2026-07-23 → 2026-07-23) 62085 bytes
2026-07-10 09:35:23,721 [INFO] [OK] USA/GFS_ENSEMBLE_Corn_PRCP_DEP/cumulative dia 00 (2026-07-10 → 2026-07-10) 50499 bytes
2026-07-10 09:35:23,963 [INFO] [OK] USA/GFS_ENSEMBLE_Corn_PRCP_DEP/daily dia 14 (2026-07-24 → 2026-07-24) 62795 bytes
2026-07-10 09:35:24,016 [INFO] [OK] USA/GFS_ENSEMBLE_Corn_PRCP_DEP/cumulative dia 01 (2026-07-10 → 2026-07-11) 51686 bytes
2026-07-10 09:35:24,167 [INFO] [OK] USA/GFS_ENSEMBLE_Corn_PRCP_DEP/cumulative dia 02 (2026-07-10 → 2026-07-12) 52857 bytes
2026-07-10 09:35:25,026 [INFO] [OK] USA/GFS_ENSEMBLE_Corn_PRCP_DEP/cumulative dia 04 (2026-07-10 → 2026-07-14) 57332 bytes
2026-07-10 09:35:25,118 [INFO] [OK] USA/GFS_ENSEMBLE_Corn_PRCP_DEP/cumulative dia 03 (2026-07-10 → 2026-07-13) 55080 bytes
2026-07-10 09:35:25,795 [INFO] [OK] USA/GFS_ENSEMBLE_Corn_PRCP_DEP/cumulative dia 05 (2026-07-10 → 2026-07-15) 58631 bytes
2026-07-10 09:35:26,239 [INFO] [OK] USA/GFS_ENSEMBLE_Corn_PRCP_DEP/cumulative dia 06 (2026-07-10 → 2026-07-16) 59256 bytes
2026-07-10 09:35:26,515 [INFO] [OK] USA/GFS_ENSEMBLE_Corn_PRCP_DEP/cumulative dia 07 (2026-07-10 → 2026-07-17) 60082 bytes
2026-07-10 09:35:26,787 [INFO] [OK] USA/GFS_ENSEMBLE_Corn_PRCP_DEP/cumulative dia 08 (2026-07-10 → 2026-07-18) 59979 bytes
2026-07-10 09:35:27,527 [INFO] [OK] USA/GFS_ENSEMBLE_Corn_PRCP_DEP/cumulative dia 09 (2026-07-10 → 2026-07-19) 60392 bytes
2026-07-10 09:35:27,814 [INFO] [OK] USA/GFS_ENSEMBLE_Corn_PRCP_DEP/cumulative dia 10 (2026-07-10 → 2026-07-20) 60228 bytes
2026-07-10 09:35:28,621 [INFO] [OK] USA/GFS_ENSEMBLE_Corn_PRCP_DEP/cumulative dia 11 (2026-07-10 → 2026-07-21) 60047 bytes
2026-07-10 09:35:29,250 [INFO] [OK] USA/GFS_ENSEMBLE_Corn_PRCP/daily dia 00 (2026-07-10 → 2026-07-10) 37533 bytes
2026-07-10 09:35:29,354 [INFO] [OK] USA/GFS_ENSEMBLE_Corn_PRCP_DEP/cumulative dia 12 (2026-07-10 → 2026-07-22) 60337 bytes
2026-07-10 09:35:29,698 [INFO] [OK] USA/GFS_ENSEMBLE_Corn_PRCP/daily dia 01 (2026-07-11 → 2026-07-11) 37441 bytes
2026-07-10 09:35:29,777 [INFO] [OK] USA/GFS_ENSEMBLE_Corn_PRCP_DEP/cumulative dia 13 (2026-07-10 → 2026-07-23) 60339 bytes
2026-07-10 09:35:30,623 [INFO] [OK] USA/GFS_ENSEMBLE_Corn_PRCP_DEP/cumulative dia 14 (2026-07-10 → 2026-07-24) 60375 bytes
2026-07-10 09:35:30,624 [INFO] [OK] USA/GFS_ENSEMBLE_Corn_PRCP/daily dia 02 (2026-07-12 → 2026-07-12) 35978 bytes
2026-07-10 09:35:30,982 [INFO] [OK] USA/GFS_ENSEMBLE_Corn_PRCP/daily dia 03 (2026-07-13 → 2026-07-13) 35340 bytes
2026-07-10 09:35:31,085 [INFO] [OK] USA/GFS_ENSEMBLE_Corn_PRCP/daily dia 04 (2026-07-14 → 2026-07-14) 35437 bytes
2026-07-10 09:35:31,375 [INFO] [OK] USA/GFS_ENSEMBLE_Corn_PRCP/daily dia 06 (2026-07-16 → 2026-07-16) 36725 bytes
2026-07-10 09:35:31,492 [INFO] [OK] USA/GFS_ENSEMBLE_Corn_PRCP/daily dia 05 (2026-07-15 → 2026-07-15) 36074 bytes
2026-07-10 09:35:32,282 [INFO] [OK] USA/GFS_ENSEMBLE_Corn_PRCP/daily dia 08 (2026-07-18 → 2026-07-18) 36120 bytes
2026-07-10 09:35:32,309 [INFO] [OK] USA/GFS_ENSEMBLE_Corn_PRCP/daily dia 07 (2026-07-17 → 2026-07-17) 37152 bytes
2026-07-10 09:35:32,764 [INFO] [OK] USA/GFS_ENSEMBLE_Corn_PRCP/daily dia 09 (2026-07-19 → 2026-07-19) 37212 bytes
2026-07-10 09:35:33,039 [INFO] [OK] USA/GFS_ENSEMBLE_Corn_PRCP/daily dia 10 (2026-07-20 → 2026-07-20) 37625 bytes
2026-07-10 09:35:33,190 [INFO] [OK] USA/GFS_ENSEMBLE_Corn_PRCP/daily dia 12 (2026-07-22 → 2026-07-22) 37434 bytes
2026-07-10 09:35:33,207 [INFO] [OK] USA/GFS_ENSEMBLE_Corn_PRCP/daily dia 11 (2026-07-21 → 2026-07-21) 37639 bytes
2026-07-10 09:35:34,016 [INFO] [OK] USA/GFS_ENSEMBLE_Corn_PRCP/daily dia 14 (2026-07-24 → 2026-07-24) 37705 bytes
2026-07-10 09:35:34,066 [INFO] [OK] USA/GFS_ENSEMBLE_Corn_PRCP/daily dia 13 (2026-07-23 → 2026-07-23) 37741 bytes
2026-07-10 09:35:34,651 [INFO] [OK] USA/GFS_ENSEMBLE_Corn_PRCP/cumulative dia 00 (2026-07-10 → 2026-07-10) 37533 bytes
2026-07-10 09:35:34,853 [INFO] [OK] USA/GFS_ENSEMBLE_Corn_PRCP/cumulative dia 01 (2026-07-10 → 2026-07-11) 40305 bytes
2026-07-10 09:35:35,510 [INFO] [OK] USA/GFS_ENSEMBLE_Corn_PRCP/cumulative dia 02 (2026-07-10 → 2026-07-12) 41722 bytes
2026-07-10 09:35:35,543 [INFO] [OK] USA/GFS_ENSEMBLE_Corn_PRCP/cumulative dia 03 (2026-07-10 → 2026-07-13) 43351 bytes
2026-07-10 09:35:36,673 [INFO] [OK] USA/GFS_ENSEMBLE_Corn_PRCP/cumulative dia 04 (2026-07-10 → 2026-07-14) 44381 bytes
2026-07-10 09:35:36,675 [INFO] [OK] USA/GFS_ENSEMBLE_Corn_PRCP/cumulative dia 05 (2026-07-10 → 2026-07-15) 45177 bytes
2026-07-10 09:35:37,740 [INFO] [OK] USA/GFS_ENSEMBLE_Corn_PRCP/cumulative dia 06 (2026-07-10 → 2026-07-16) 46056 bytes
2026-07-10 09:35:37,983 [INFO] [OK] USA/GFS_ENSEMBLE_Corn_PRCP/cumulative dia 07 (2026-07-10 → 2026-07-17) 47184 bytes
2026-07-10 09:35:39,088 [INFO] [OK] USA/GFS_ENSEMBLE_Corn_PRCP/cumulative dia 09 (2026-07-10 → 2026-07-19) 48539 bytes
2026-07-10 09:35:39,189 [INFO] [OK] USA/GFS_ENSEMBLE_Corn_PRCP/cumulative dia 08 (2026-07-10 → 2026-07-18) 48122 bytes
2026-07-10 09:35:40,109 [INFO] [OK] USA/GFS_ENSEMBLE_Corn_PRCP/cumulative dia 10 (2026-07-10 → 2026-07-20) 49327 bytes
2026-07-10 09:35:40,379 [INFO] [OK] USA/GFS_ENSEMBLE_Corn_PRCP/cumulative dia 11 (2026-07-10 → 2026-07-21) 49613 bytes
2026-07-10 09:35:41,297 [INFO] [OK] USA/GFS_ENSEMBLE_Corn_PRCP/cumulative dia 12 (2026-07-10 → 2026-07-22) 49849 bytes
2026-07-10 09:35:41,323 [INFO] [OK] USA/GFS_ENSEMBLE_Soy_PRCP_DEP/daily dia 00 (2026-07-10 → 2026-07-10) 50497 bytes
2026-07-10 09:35:41,359 [INFO] [OK] USA/GFS_ENSEMBLE_Corn_PRCP/cumulative dia 13 (2026-07-10 → 2026-07-23) 50814 bytes
2026-07-10 09:35:41,967 [INFO] [OK] USA/GFS_ENSEMBLE_Soy_PRCP_DEP/daily dia 01 (2026-07-11 → 2026-07-11) 49920 bytes
2026-07-10 09:35:41,996 [INFO] [OK] USA/GFS_ENSEMBLE_Soy_PRCP_DEP/daily dia 02 (2026-07-12 → 2026-07-12) 48211 bytes
2026-07-10 09:35:42,051 [INFO] [OK] USA/GFS_ENSEMBLE_Corn_PRCP/cumulative dia 14 (2026-07-10 → 2026-07-24) 51260 bytes
2026-07-10 09:35:43,018 [INFO] [OK] USA/GFS_ENSEMBLE_Soy_PRCP_DEP/daily dia 04 (2026-07-14 → 2026-07-14) 52463 bytes
2026-07-10 09:35:43,126 [INFO] [OK] USA/GFS_ENSEMBLE_Soy_PRCP_DEP/daily dia 05 (2026-07-15 → 2026-07-15) 56038 bytes
2026-07-10 09:35:43,231 [INFO] [OK] USA/GFS_ENSEMBLE_Soy_PRCP_DEP/daily dia 03 (2026-07-13 → 2026-07-13) 49749 bytes
2026-07-10 09:35:43,834 [INFO] [OK] USA/GFS_ENSEMBLE_Soy_PRCP_DEP/daily dia 08 (2026-07-18 → 2026-07-18) 59926 bytes
2026-07-10 09:35:43,863 [INFO] [OK] USA/GFS_ENSEMBLE_Soy_PRCP_DEP/daily dia 06 (2026-07-16 → 2026-07-16) 56799 bytes
2026-07-10 09:35:43,920 [INFO] [OK] USA/GFS_ENSEMBLE_Soy_PRCP_DEP/daily dia 07 (2026-07-17 → 2026-07-17) 59684 bytes
2026-07-10 09:35:44,639 [INFO] [OK] USA/GFS_ENSEMBLE_Soy_PRCP_DEP/daily dia 09 (2026-07-19 → 2026-07-19) 61912 bytes
2026-07-10 09:35:44,757 [INFO] [OK] USA/GFS_ENSEMBLE_Soy_PRCP_DEP/daily dia 10 (2026-07-20 → 2026-07-20) 60599 bytes
2026-07-10 09:35:44,886 [INFO] [OK] USA/GFS_ENSEMBLE_Soy_PRCP_DEP/daily dia 11 (2026-07-21 → 2026-07-21) 60547 bytes
2026-07-10 09:35:45,433 [INFO] [OK] USA/GFS_ENSEMBLE_Soy_PRCP_DEP/daily dia 12 (2026-07-22 → 2026-07-22) 59896 bytes
2026-07-10 09:35:45,640 [INFO] [OK] USA/GFS_ENSEMBLE_Soy_PRCP_DEP/daily dia 14 (2026-07-24 → 2026-07-24) 62617 bytes
2026-07-10 09:35:45,646 [INFO] [OK] USA/GFS_ENSEMBLE_Soy_PRCP_DEP/daily dia 13 (2026-07-23 → 2026-07-23) 61942 bytes
2026-07-10 09:35:46,585 [INFO] [OK] USA/GFS_ENSEMBLE_Soy_PRCP_DEP/cumulative dia 01 (2026-07-10 → 2026-07-11) 51258 bytes
2026-07-10 09:35:46,590 [INFO] [OK] USA/GFS_ENSEMBLE_Soy_PRCP_DEP/cumulative dia 00 (2026-07-10 → 2026-07-10) 50497 bytes
2026-07-10 09:35:46,877 [INFO] [OK] USA/GFS_ENSEMBLE_Soy_PRCP_DEP/cumulative dia 02 (2026-07-10 → 2026-07-12) 52457 bytes
2026-07-10 09:35:47,506 [INFO] [OK] USA/GFS_ENSEMBLE_Soy_PRCP_DEP/cumulative dia 03 (2026-07-10 → 2026-07-13) 54710 bytes
2026-07-10 09:35:47,827 [INFO] [OK] USA/GFS_ENSEMBLE_Soy_PRCP_DEP/cumulative dia 05 (2026-07-10 → 2026-07-15) 58483 bytes
2026-07-10 09:35:47,845 [INFO] [OK] USA/GFS_ENSEMBLE_Soy_PRCP_DEP/cumulative dia 04 (2026-07-10 → 2026-07-14) 56985 bytes
2026-07-10 09:35:49,095 [INFO] [OK] USA/GFS_ENSEMBLE_Soy_PRCP_DEP/cumulative dia 06 (2026-07-10 → 2026-07-16) 58988 bytes
2026-07-10 09:35:49,278 [INFO] [OK] USA/GFS_ENSEMBLE_Soy_PRCP_DEP/cumulative dia 07 (2026-07-10 → 2026-07-17) 59870 bytes
2026-07-10 09:35:49,707 [INFO] [OK] USA/GFS_ENSEMBLE_Soy_PRCP_DEP/cumulative dia 08 (2026-07-10 → 2026-07-18) 59684 bytes
2026-07-10 09:35:50,307 [INFO] [OK] USA/GFS_ENSEMBLE_Soy_PRCP_DEP/cumulative dia 09 (2026-07-10 → 2026-07-19) 60325 bytes
2026-07-10 09:35:50,634 [INFO] [OK] USA/GFS_ENSEMBLE_Soy_PRCP_DEP/cumulative dia 10 (2026-07-10 → 2026-07-20) 60081 bytes
2026-07-10 09:35:50,644 [INFO] [OK] USA/GFS_ENSEMBLE_Soy_PRCP_DEP/cumulative dia 11 (2026-07-10 → 2026-07-21) 59871 bytes
2026-07-10 09:35:51,933 [INFO] [OK] USA/GFS_ENSEMBLE_Soy_PRCP/daily dia 00 (2026-07-10 → 2026-07-10) 37403 bytes
2026-07-10 09:35:53,079 [INFO] [OK] USA/GFS_ENSEMBLE_Soy_PRCP_DEP/cumulative dia 12 (2026-07-10 → 2026-07-22) 59963 bytes
2026-07-10 09:35:53,101 [INFO] [OK] USA/GFS_ENSEMBLE_Soy_PRCP_DEP/cumulative dia 14 (2026-07-10 → 2026-07-24) 60221 bytes
2026-07-10 09:35:53,105 [INFO] [OK] USA/GFS_ENSEMBLE_Soy_PRCP_DEP/cumulative dia 13 (2026-07-10 → 2026-07-23) 60151 bytes
2026-07-10 09:35:53,836 [INFO] [OK] USA/GFS_ENSEMBLE_Soy_PRCP/daily dia 02 (2026-07-12 → 2026-07-12) 35536 bytes
2026-07-10 09:35:53,841 [INFO] [OK] USA/GFS_ENSEMBLE_Soy_PRCP/daily dia 03 (2026-07-13 → 2026-07-13) 34938 bytes
2026-07-10 09:35:53,847 [INFO] [OK] USA/GFS_ENSEMBLE_Soy_PRCP/daily dia 01 (2026-07-11 → 2026-07-11) 37104 bytes
2026-07-10 09:35:55,366 [INFO] [OK] USA/GFS_ENSEMBLE_Soy_PRCP/daily dia 04 (2026-07-14 → 2026-07-14) 35027 bytes
2026-07-10 09:35:55,578 [INFO] [OK] USA/GFS_ENSEMBLE_Soy_PRCP/daily dia 07 (2026-07-17 → 2026-07-17) 36692 bytes
2026-07-10 09:35:55,871 [INFO] [OK] USA/GFS_ENSEMBLE_Soy_PRCP/daily dia 05 (2026-07-15 → 2026-07-15) 35735 bytes
2026-07-10 09:35:55,872 [INFO] [OK] USA/GFS_ENSEMBLE_Soy_PRCP/daily dia 08 (2026-07-18 → 2026-07-18) 35661 bytes
2026-07-10 09:35:55,874 [INFO] [OK] USA/GFS_ENSEMBLE_Soy_PRCP/daily dia 09 (2026-07-19 → 2026-07-19) 36698 bytes
2026-07-10 09:35:55,921 [INFO] [OK] USA/GFS_ENSEMBLE_Soy_PRCP/daily dia 06 (2026-07-16 → 2026-07-16) 36255 bytes
2026-07-10 09:35:56,919 [INFO] [OK] USA/GFS_ENSEMBLE_Soy_PRCP/daily dia 10 (2026-07-20 → 2026-07-20) 37074 bytes
2026-07-10 09:35:57,084 [INFO] [OK] USA/GFS_ENSEMBLE_Soy_PRCP/daily dia 11 (2026-07-21 → 2026-07-21) 37266 bytes
2026-07-10 09:35:57,322 [INFO] [OK] USA/GFS_ENSEMBLE_Soy_PRCP/daily dia 13 (2026-07-23 → 2026-07-23) 37461 bytes
2026-07-10 09:35:57,377 [INFO] [OK] USA/GFS_ENSEMBLE_Soy_PRCP/daily dia 12 (2026-07-22 → 2026-07-22) 36808 bytes
2026-07-10 09:35:57,447 [INFO] [OK] USA/GFS_ENSEMBLE_Soy_PRCP/daily dia 14 (2026-07-24 → 2026-07-24) 37270 bytes
2026-07-10 09:35:57,565 [INFO] [OK] USA/GFS_ENSEMBLE_Soy_PRCP/cumulative dia 00 (2026-07-10 → 2026-07-10) 37403 bytes
2026-07-10 09:35:58,597 [INFO] [OK] USA/GFS_ENSEMBLE_Soy_PRCP/cumulative dia 01 (2026-07-10 → 2026-07-11) 39957 bytes
2026-07-10 09:35:58,933 [INFO] [OK] USA/GFS_ENSEMBLE_Soy_PRCP/cumulative dia 02 (2026-07-10 → 2026-07-12) 41387 bytes
2026-07-10 09:35:59,421 [INFO] [OK] USA/GFS_ENSEMBLE_Soy_PRCP/cumulative dia 03 (2026-07-10 → 2026-07-13) 43069 bytes
2026-07-10 09:35:59,610 [INFO] [OK] USA/GFS_ENSEMBLE_Soy_PRCP/cumulative dia 04 (2026-07-10 → 2026-07-14) 44180 bytes
2026-07-10 09:35:59,620 [INFO] [OK] USA/GFS_ENSEMBLE_Soy_PRCP/cumulative dia 05 (2026-07-10 → 2026-07-15) 44925 bytes
2026-07-10 09:35:59,773 [INFO] [OK] USA/GFS_ENSEMBLE_Soy_PRCP/cumulative dia 06 (2026-07-10 → 2026-07-16) 45748 bytes
2026-07-10 09:36:00,839 [INFO] [OK] USA/GFS_ENSEMBLE_Soy_PRCP/cumulative dia 07 (2026-07-10 → 2026-07-17) 46854 bytes
2026-07-10 09:36:01,387 [INFO] [OK] USA/GFS_ENSEMBLE_Soy_PRCP/cumulative dia 08 (2026-07-10 → 2026-07-18) 47891 bytes
2026-07-10 09:36:01,847 [INFO] [OK] USA/GFS_ENSEMBLE_Soy_PRCP/cumulative dia 09 (2026-07-10 → 2026-07-19) 48388 bytes
2026-07-10 09:36:02,258 [INFO] [OK] USA/GFS_ENSEMBLE_Soy_PRCP/cumulative dia 10 (2026-07-10 → 2026-07-20) 48983 bytes
2026-07-10 09:36:02,278 [INFO] [OK] USA/GFS_ENSEMBLE_Soy_PRCP/cumulative dia 11 (2026-07-10 → 2026-07-21) 49185 bytes
2026-07-10 09:36:02,641 [INFO] [OK] USA/GFS_ENSEMBLE_Soy_PRCP/cumulative dia 12 (2026-07-10 → 2026-07-22) 49390 bytes
2026-07-10 09:36:03,506 [INFO] [OK] USA/GFS_ENSEMBLE_Wheat_Winter_PRCP_DEP/daily dia 00 (2026-07-10 → 2026-07-10) 51772 bytes
2026-07-10 09:36:03,768 [INFO] [OK] USA/GFS_ENSEMBLE_Soy_PRCP/cumulative dia 13 (2026-07-10 → 2026-07-23) 50370 bytes
2026-07-10 09:36:03,807 [INFO] [OK] USA/GFS_ENSEMBLE_Wheat_Winter_PRCP_DEP/daily dia 01 (2026-07-11 → 2026-07-11) 51465 bytes
2026-07-10 09:36:03,940 [INFO] [OK] USA/GFS_ENSEMBLE_Wheat_Winter_PRCP_DEP/daily dia 02 (2026-07-12 → 2026-07-12) 49860 bytes
2026-07-10 09:36:04,158 [INFO] [OK] USA/GFS_ENSEMBLE_Wheat_Winter_PRCP_DEP/daily dia 03 (2026-07-13 → 2026-07-13) 51288 bytes
2026-07-10 09:36:04,233 [INFO] [OK] USA/GFS_ENSEMBLE_Soy_PRCP/cumulative dia 14 (2026-07-10 → 2026-07-24) 50764 bytes
2026-07-10 09:36:05,063 [INFO] [OK] USA/GFS_ENSEMBLE_Wheat_Winter_PRCP_DEP/daily dia 04 (2026-07-14 → 2026-07-14) 54428 bytes
2026-07-10 09:36:05,341 [INFO] [OK] USA/GFS_ENSEMBLE_Wheat_Winter_PRCP_DEP/daily dia 06 (2026-07-16 → 2026-07-16) 58352 bytes
2026-07-10 09:36:05,399 [INFO] [OK] USA/GFS_ENSEMBLE_Wheat_Winter_PRCP_DEP/daily dia 05 (2026-07-15 → 2026-07-15) 57961 bytes
2026-07-10 09:36:05,555 [INFO] [OK] USA/GFS_ENSEMBLE_Wheat_Winter_PRCP_DEP/daily dia 07 (2026-07-17 → 2026-07-17) 60664 bytes
2026-07-10 09:36:05,859 [INFO] [OK] USA/GFS_ENSEMBLE_Wheat_Winter_PRCP_DEP/daily dia 08 (2026-07-18 → 2026-07-18) 61219 bytes
2026-07-10 09:36:05,896 [INFO] [OK] USA/GFS_ENSEMBLE_Wheat_Winter_PRCP_DEP/daily dia 09 (2026-07-19 → 2026-07-19) 63336 bytes
2026-07-10 09:36:06,743 [INFO] [OK] USA/GFS_ENSEMBLE_Wheat_Winter_PRCP_DEP/daily dia 10 (2026-07-20 → 2026-07-20) 62147 bytes
2026-07-10 09:36:07,069 [INFO] [OK] USA/GFS_ENSEMBLE_Wheat_Winter_PRCP_DEP/daily dia 12 (2026-07-22 → 2026-07-22) 61150 bytes
2026-07-10 09:36:07,392 [INFO] [OK] USA/GFS_ENSEMBLE_Wheat_Winter_PRCP_DEP/cumulative dia 00 (2026-07-10 → 2026-07-10) 51772 bytes
2026-07-10 09:36:07,441 [INFO] [OK] USA/GFS_ENSEMBLE_Wheat_Winter_PRCP_DEP/daily dia 13 (2026-07-23 → 2026-07-23) 63352 bytes
2026-07-10 09:36:07,546 [INFO] [OK] USA/GFS_ENSEMBLE_Wheat_Winter_PRCP_DEP/daily dia 11 (2026-07-21 → 2026-07-21) 62223 bytes
2026-07-10 09:36:07,821 [INFO] [OK] USA/GFS_ENSEMBLE_Wheat_Winter_PRCP_DEP/daily dia 14 (2026-07-24 → 2026-07-24) 64363 bytes
2026-07-10 09:36:08,312 [INFO] [OK] USA/GFS_ENSEMBLE_Wheat_Winter_PRCP_DEP/cumulative dia 01 (2026-07-10 → 2026-07-11) 52871 bytes
2026-07-10 09:36:08,822 [INFO] [OK] USA/GFS_ENSEMBLE_Wheat_Winter_PRCP_DEP/cumulative dia 02 (2026-07-10 → 2026-07-12) 53933 bytes
2026-07-10 09:36:09,436 [INFO] [OK] USA/GFS_ENSEMBLE_Wheat_Winter_PRCP_DEP/cumulative dia 04 (2026-07-10 → 2026-07-14) 58745 bytes
2026-07-10 09:36:09,583 [INFO] [OK] USA/GFS_ENSEMBLE_Wheat_Winter_PRCP_DEP/cumulative dia 03 (2026-07-10 → 2026-07-13) 56192 bytes
2026-07-10 09:36:09,923 [INFO] [OK] USA/GFS_ENSEMBLE_Wheat_Winter_PRCP_DEP/cumulative dia 05 (2026-07-10 → 2026-07-15) 60072 bytes
2026-07-10 09:36:10,127 [INFO] [OK] USA/GFS_ENSEMBLE_Wheat_Winter_PRCP_DEP/cumulative dia 06 (2026-07-10 → 2026-07-16) 60360 bytes
2026-07-10 09:36:10,536 [INFO] [OK] USA/GFS_ENSEMBLE_Wheat_Winter_PRCP_DEP/cumulative dia 07 (2026-07-10 → 2026-07-17) 60950 bytes
2026-07-10 09:36:11,111 [INFO] [OK] USA/GFS_ENSEMBLE_Wheat_Winter_PRCP_DEP/cumulative dia 08 (2026-07-10 → 2026-07-18) 60789 bytes
2026-07-10 09:36:11,924 [INFO] [OK] USA/GFS_ENSEMBLE_Wheat_Winter_PRCP_DEP/cumulative dia 09 (2026-07-10 → 2026-07-19) 61550 bytes
2026-07-10 09:36:12,160 [INFO] [OK] USA/GFS_ENSEMBLE_Wheat_Winter_PRCP_DEP/cumulative dia 10 (2026-07-10 → 2026-07-20) 61215 bytes
2026-07-10 09:36:12,739 [INFO] [OK] USA/GFS_ENSEMBLE_Wheat_Winter_PRCP_DEP/cumulative dia 11 (2026-07-10 → 2026-07-21) 60960 bytes
2026-07-10 09:36:13,002 [INFO] [OK] USA/GFS_ENSEMBLE_Wheat_Winter_PRCP_DEP/cumulative dia 12 (2026-07-10 → 2026-07-22) 61104 bytes
2026-07-10 09:36:13,349 [INFO] [OK] USA/GFS_ENSEMBLE_Wheat_Winter_PRCP_DEP/cumulative dia 13 (2026-07-10 → 2026-07-23) 61274 bytes
2026-07-10 09:36:13,416 [INFO] [OK] USA/GFS_ENSEMBLE_Wheat_Winter_PRCP/daily dia 00 (2026-07-10 → 2026-07-10) 38870 bytes
2026-07-10 09:36:13,633 [INFO] [OK] USA/GFS_ENSEMBLE_Wheat_Winter_PRCP/daily dia 01 (2026-07-11 → 2026-07-11) 38641 bytes
2026-07-10 09:36:14,045 [INFO] [OK] USA/GFS_ENSEMBLE_Wheat_Winter_PRCP_DEP/cumulative dia 14 (2026-07-10 → 2026-07-24) 61662 bytes
2026-07-10 09:36:14,726 [INFO] [OK] USA/GFS_ENSEMBLE_Wheat_Winter_PRCP/daily dia 03 (2026-07-13 → 2026-07-13) 36414 bytes
2026-07-10 09:36:14,731 [INFO] [OK] USA/GFS_ENSEMBLE_Wheat_Winter_PRCP/daily dia 02 (2026-07-12 → 2026-07-12) 37070 bytes
2026-07-10 09:36:14,819 [INFO] [OK] USA/GFS_ENSEMBLE_Wheat_Winter_PRCP/daily dia 04 (2026-07-14 → 2026-07-14) 36489 bytes
2026-07-10 09:36:14,893 [INFO] [OK] USA/GFS_ENSEMBLE_Wheat_Winter_PRCP/daily dia 05 (2026-07-15 → 2026-07-15) 37298 bytes
2026-07-10 09:36:15,243 [INFO] [OK] USA/GFS_ENSEMBLE_Wheat_Winter_PRCP/daily dia 06 (2026-07-16 → 2026-07-16) 37768 bytes
2026-07-10 09:36:15,509 [INFO] [OK] USA/GFS_ENSEMBLE_Wheat_Winter_PRCP/daily dia 07 (2026-07-17 → 2026-07-17) 38090 bytes
2026-07-10 09:36:16,159 [INFO] [OK] USA/GFS_ENSEMBLE_Wheat_Winter_PRCP/daily dia 09 (2026-07-19 → 2026-07-19) 38260 bytes
2026-07-10 09:36:16,253 [INFO] [OK] USA/GFS_ENSEMBLE_Wheat_Winter_PRCP/daily dia 08 (2026-07-18 → 2026-07-18) 37249 bytes
2026-07-10 09:36:16,304 [INFO] [OK] USA/GFS_ENSEMBLE_Wheat_Winter_PRCP/daily dia 10 (2026-07-20 → 2026-07-20) 38405 bytes
2026-07-10 09:36:16,544 [INFO] [OK] USA/GFS_ENSEMBLE_Wheat_Winter_PRCP/daily dia 11 (2026-07-21 → 2026-07-21) 38601 bytes
2026-07-10 09:36:16,690 [INFO] [OK] USA/GFS_ENSEMBLE_Wheat_Winter_PRCP/daily dia 12 (2026-07-22 → 2026-07-22) 38366 bytes
2026-07-10 09:36:17,063 [INFO] [OK] USA/GFS_ENSEMBLE_Wheat_Winter_PRCP/daily dia 13 (2026-07-23 → 2026-07-23) 38967 bytes
2026-07-10 09:36:17,693 [INFO] [OK] USA/GFS_ENSEMBLE_Wheat_Winter_PRCP/daily dia 14 (2026-07-24 → 2026-07-24) 38783 bytes
2026-07-10 09:36:17,780 [INFO] [OK] USA/GFS_ENSEMBLE_Wheat_Winter_PRCP/cumulative dia 00 (2026-07-10 → 2026-07-10) 38870 bytes
2026-07-10 09:36:18,040 [INFO] [OK] USA/GFS_ENSEMBLE_Wheat_Winter_PRCP/cumulative dia 01 (2026-07-10 → 2026-07-11) 41516 bytes
2026-07-10 09:36:18,319 [INFO] [OK] USA/GFS_ENSEMBLE_Wheat_Winter_PRCP/cumulative dia 02 (2026-07-10 → 2026-07-12) 42918 bytes
2026-07-10 09:36:18,488 [INFO] [OK] USA/GFS_ENSEMBLE_Wheat_Winter_PRCP/cumulative dia 03 (2026-07-10 → 2026-07-13) 44397 bytes
2026-07-10 09:36:18,915 [INFO] [OK] USA/GFS_ENSEMBLE_Wheat_Winter_PRCP/cumulative dia 04 (2026-07-10 → 2026-07-14) 45514 bytes
2026-07-10 09:36:19,737 [INFO] [OK] USA/GFS_ENSEMBLE_Wheat_Winter_PRCP/cumulative dia 05 (2026-07-10 → 2026-07-15) 46388 bytes
2026-07-10 09:36:19,870 [INFO] [OK] USA/GFS_ENSEMBLE_Wheat_Winter_PRCP/cumulative dia 06 (2026-07-10 → 2026-07-16) 47312 bytes
2026-07-10 09:36:20,228 [INFO] [OK] USA/GFS_ENSEMBLE_Wheat_Winter_PRCP/cumulative dia 07 (2026-07-10 → 2026-07-17) 48400 bytes
2026-07-10 09:36:20,646 [INFO] [OK] USA/GFS_ENSEMBLE_Wheat_Winter_PRCP/cumulative dia 08 (2026-07-10 → 2026-07-18) 49332 bytes
2026-07-10 09:36:20,900 [INFO] [OK] USA/GFS_ENSEMBLE_Wheat_Winter_PRCP/cumulative dia 09 (2026-07-10 → 2026-07-19) 50069 bytes
2026-07-10 09:36:21,412 [INFO] [OK] USA/GFS_ENSEMBLE_Wheat_Winter_PRCP/cumulative dia 10 (2026-07-10 → 2026-07-20) 50829 bytes
2026-07-10 09:36:22,318 [INFO] [OK] USA/GFS_ENSEMBLE_Wheat_Winter_PRCP/cumulative dia 11 (2026-07-10 → 2026-07-21) 50965 bytes
2026-07-10 09:36:22,439 [INFO] [OK] USA/GFS_ENSEMBLE_Wheat_Spring_PRCP_DEP/daily dia 00 (2026-07-10 → 2026-07-10) 48463 bytes
2026-07-10 09:36:22,521 [INFO] [OK] USA/GFS_ENSEMBLE_Wheat_Winter_PRCP/cumulative dia 12 (2026-07-10 → 2026-07-22) 51269 bytes
2026-07-10 09:36:22,919 [INFO] [OK] USA/GFS_ENSEMBLE_Wheat_Spring_PRCP_DEP/daily dia 01 (2026-07-11 → 2026-07-11) 48091 bytes
2026-07-10 09:36:22,941 [INFO] [OK] USA/GFS_ENSEMBLE_Wheat_Winter_PRCP/cumulative dia 13 (2026-07-10 → 2026-07-23) 51902 bytes
2026-07-10 09:36:23,562 [INFO] [OK] USA/GFS_ENSEMBLE_Wheat_Winter_PRCP/cumulative dia 14 (2026-07-10 → 2026-07-24) 52423 bytes
2026-07-10 09:36:23,858 [INFO] [OK] USA/GFS_ENSEMBLE_Wheat_Spring_PRCP_DEP/daily dia 02 (2026-07-12 → 2026-07-12) 46320 bytes
2026-07-10 09:36:24,003 [INFO] [OK] USA/GFS_ENSEMBLE_Wheat_Spring_PRCP_DEP/daily dia 03 (2026-07-13 → 2026-07-13) 47804 bytes
2026-07-10 09:36:24,094 [INFO] [OK] USA/GFS_ENSEMBLE_Wheat_Spring_PRCP_DEP/daily dia 04 (2026-07-14 → 2026-07-14) 50960 bytes
2026-07-10 09:36:24,502 [INFO] [OK] USA/GFS_ENSEMBLE_Wheat_Spring_PRCP_DEP/daily dia 05 (2026-07-15 → 2026-07-15) 53840 bytes
2026-07-10 09:36:24,558 [INFO] [OK] USA/GFS_ENSEMBLE_Wheat_Spring_PRCP_DEP/daily dia 06 (2026-07-16 → 2026-07-16) 54584 bytes
2026-07-10 09:36:25,087 [INFO] [OK] USA/GFS_ENSEMBLE_Wheat_Spring_PRCP_DEP/daily dia 07 (2026-07-17 → 2026-07-17) 57730 bytes
2026-07-10 09:36:25,439 [INFO] [OK] USA/GFS_ENSEMBLE_Wheat_Spring_PRCP_DEP/daily dia 08 (2026-07-18 → 2026-07-18) 57959 bytes
2026-07-10 09:36:25,632 [INFO] [OK] USA/GFS_ENSEMBLE_Wheat_Spring_PRCP_DEP/daily dia 09 (2026-07-19 → 2026-07-19) 60319 bytes
2026-07-10 09:36:25,637 [INFO] [OK] USA/GFS_ENSEMBLE_Wheat_Spring_PRCP_DEP/daily dia 10 (2026-07-20 → 2026-07-20) 59099 bytes
2026-07-10 09:36:26,121 [INFO] [OK] USA/GFS_ENSEMBLE_Wheat_Spring_PRCP_DEP/daily dia 11 (2026-07-21 → 2026-07-21) 58954 bytes
2026-07-10 09:36:26,239 [INFO] [OK] USA/GFS_ENSEMBLE_Wheat_Spring_PRCP_DEP/daily dia 12 (2026-07-22 → 2026-07-22) 57939 bytes
2026-07-10 09:36:26,680 [INFO] [OK] USA/GFS_ENSEMBLE_Wheat_Spring_PRCP_DEP/daily dia 13 (2026-07-23 → 2026-07-23) 60411 bytes
2026-07-10 09:36:27,105 [INFO] [OK] USA/GFS_ENSEMBLE_Wheat_Spring_PRCP_DEP/daily dia 14 (2026-07-24 → 2026-07-24) 60863 bytes
2026-07-10 09:36:27,184 [INFO] [OK] USA/GFS_ENSEMBLE_Wheat_Spring_PRCP_DEP/cumulative dia 00 (2026-07-10 → 2026-07-10) 48463 bytes
2026-07-10 09:36:27,291 [INFO] [OK] USA/GFS_ENSEMBLE_Wheat_Spring_PRCP_DEP/cumulative dia 01 (2026-07-10 → 2026-07-11) 49641 bytes
2026-07-10 09:36:27,911 [INFO] [OK] USA/GFS_ENSEMBLE_Wheat_Spring_PRCP_DEP/cumulative dia 02 (2026-07-10 → 2026-07-12) 50533 bytes
2026-07-10 09:36:28,063 [INFO] [OK] USA/GFS_ENSEMBLE_Wheat_Spring_PRCP_DEP/cumulative dia 03 (2026-07-10 → 2026-07-13) 52467 bytes
2026-07-10 09:36:28,675 [INFO] [OK] USA/GFS_ENSEMBLE_Wheat_Spring_PRCP_DEP/cumulative dia 04 (2026-07-10 → 2026-07-14) 55108 bytes
2026-07-10 09:36:29,825 [INFO] [OK] USA/GFS_ENSEMBLE_Wheat_Spring_PRCP_DEP/cumulative dia 07 (2026-07-10 → 2026-07-17) 57834 bytes
2026-07-10 09:36:29,843 [INFO] [OK] USA/GFS_ENSEMBLE_Wheat_Spring_PRCP_DEP/cumulative dia 05 (2026-07-10 → 2026-07-15) 56464 bytes
2026-07-10 09:36:29,954 [INFO] [OK] USA/GFS_ENSEMBLE_Wheat_Spring_PRCP_DEP/cumulative dia 06 (2026-07-10 → 2026-07-16) 56950 bytes
2026-07-10 09:36:30,363 [INFO] [OK] USA/GFS_ENSEMBLE_Wheat_Spring_PRCP_DEP/cumulative dia 08 (2026-07-10 → 2026-07-18) 57376 bytes
2026-07-10 09:36:30,886 [INFO] [OK] USA/GFS_ENSEMBLE_Wheat_Spring_PRCP_DEP/cumulative dia 09 (2026-07-10 → 2026-07-19) 58304 bytes
2026-07-10 09:36:31,808 [INFO] [OK] USA/GFS_ENSEMBLE_Wheat_Spring_PRCP_DEP/cumulative dia 10 (2026-07-10 → 2026-07-20) 57998 bytes
2026-07-10 09:36:33,147 [INFO] [OK] USA/GFS_ENSEMBLE_Wheat_Spring_PRCP/daily dia 00 (2026-07-10 → 2026-07-10) 35775 bytes
2026-07-10 09:36:33,602 [INFO] [OK] USA/GFS_ENSEMBLE_Wheat_Spring_PRCP_DEP/cumulative dia 12 (2026-07-10 → 2026-07-22) 58050 bytes
2026-07-10 09:36:33,759 [INFO] [OK] USA/GFS_ENSEMBLE_Wheat_Spring_PRCP_DEP/cumulative dia 11 (2026-07-10 → 2026-07-21) 57930 bytes
2026-07-10 09:36:33,761 [INFO] [OK] USA/GFS_ENSEMBLE_Wheat_Spring_PRCP/daily dia 01 (2026-07-11 → 2026-07-11) 35362 bytes
2026-07-10 09:36:33,840 [INFO] [OK] USA/GFS_ENSEMBLE_Wheat_Spring_PRCP_DEP/cumulative dia 13 (2026-07-10 → 2026-07-23) 58267 bytes
2026-07-10 09:36:33,927 [INFO] [OK] USA/GFS_ENSEMBLE_Wheat_Spring_PRCP_DEP/cumulative dia 14 (2026-07-10 → 2026-07-24) 58326 bytes
2026-07-10 09:36:34,653 [INFO] [OK] USA/GFS_ENSEMBLE_Wheat_Spring_PRCP/daily dia 02 (2026-07-12 → 2026-07-12) 33756 bytes
2026-07-10 09:36:35,142 [INFO] [OK] USA/GFS_ENSEMBLE_Wheat_Spring_PRCP/daily dia 03 (2026-07-13 → 2026-07-13) 33140 bytes
2026-07-10 09:36:35,394 [INFO] [OK] USA/GFS_ENSEMBLE_Wheat_Spring_PRCP/daily dia 04 (2026-07-14 → 2026-07-14) 33342 bytes
2026-07-10 09:36:35,444 [INFO] [OK] USA/GFS_ENSEMBLE_Wheat_Spring_PRCP/daily dia 05 (2026-07-15 → 2026-07-15) 34328 bytes
2026-07-10 09:36:35,524 [INFO] [OK] USA/GFS_ENSEMBLE_Wheat_Spring_PRCP/daily dia 06 (2026-07-16 → 2026-07-16) 34695 bytes
2026-07-10 09:36:35,672 [INFO] [OK] USA/GFS_ENSEMBLE_Wheat_Spring_PRCP/daily dia 07 (2026-07-17 → 2026-07-17) 35186 bytes
2026-07-10 09:36:36,196 [INFO] [OK] USA/GFS_ENSEMBLE_Wheat_Spring_PRCP/daily dia 08 (2026-07-18 → 2026-07-18) 33990 bytes
2026-07-10 09:36:36,659 [INFO] [OK] USA/GFS_ENSEMBLE_Wheat_Spring_PRCP/daily dia 09 (2026-07-19 → 2026-07-19) 34865 bytes
2026-07-10 09:36:37,003 [INFO] [OK] USA/GFS_ENSEMBLE_Wheat_Spring_PRCP/daily dia 12 (2026-07-22 → 2026-07-22) 35288 bytes
2026-07-10 09:36:37,225 [INFO] [OK] USA/GFS_ENSEMBLE_Wheat_Spring_PRCP/daily dia 10 (2026-07-20 → 2026-07-20) 35695 bytes
2026-07-10 09:36:37,242 [INFO] [OK] USA/GFS_ENSEMBLE_Wheat_Spring_PRCP/daily dia 11 (2026-07-21 → 2026-07-21) 35680 bytes
2026-07-10 09:36:37,614 [INFO] [OK] USA/GFS_ENSEMBLE_Wheat_Spring_PRCP/daily dia 13 (2026-07-23 → 2026-07-23) 35843 bytes
2026-07-10 09:36:37,880 [INFO] [OK] USA/GFS_ENSEMBLE_Wheat_Spring_PRCP/daily dia 14 (2026-07-24 → 2026-07-24) 35726 bytes
2026-07-10 09:36:38,445 [INFO] [OK] USA/GFS_ENSEMBLE_Wheat_Spring_PRCP/cumulative dia 00 (2026-07-10 → 2026-07-10) 35775 bytes
2026-07-10 09:36:39,297 [INFO] [OK] USA/GFS_ENSEMBLE_Wheat_Spring_PRCP/cumulative dia 01 (2026-07-10 → 2026-07-11) 38018 bytes
2026-07-10 09:36:39,314 [INFO] [OK] USA/GFS_ENSEMBLE_Wheat_Spring_PRCP/cumulative dia 02 (2026-07-10 → 2026-07-12) 39156 bytes
2026-07-10 09:36:39,393 [INFO] [OK] USA/GFS_ENSEMBLE_Wheat_Spring_PRCP/cumulative dia 03 (2026-07-10 → 2026-07-13) 40752 bytes
2026-07-10 09:36:39,613 [INFO] [OK] USA/GFS_ENSEMBLE_Wheat_Spring_PRCP/cumulative dia 04 (2026-07-10 → 2026-07-14) 41690 bytes
2026-07-10 09:36:40,152 [INFO] [OK] USA/GFS_ENSEMBLE_Wheat_Spring_PRCP/cumulative dia 05 (2026-07-10 → 2026-07-15) 42552 bytes
2026-07-10 09:36:40,832 [INFO] [OK] USA/GFS_ENSEMBLE_Wheat_Spring_PRCP/cumulative dia 06 (2026-07-10 → 2026-07-16) 43374 bytes
2026-07-10 09:36:41,939 [INFO] [OK] USA/GFS_ENSEMBLE_Wheat_Spring_PRCP/cumulative dia 07 (2026-07-10 → 2026-07-17) 44357 bytes
2026-07-10 09:36:42,936 [INFO] [OK] USA/GFS_ENSEMBLE_Wheat_Spring_PRCP/cumulative dia 08 (2026-07-10 → 2026-07-18) 45243 bytes
2026-07-10 09:36:42,990 [INFO] [OK] USA/GFS_ENSEMBLE_Wheat_Spring_PRCP/cumulative dia 09 (2026-07-10 → 2026-07-19) 45629 bytes
2026-07-10 09:36:43,658 [INFO] [OK] USA/GFS_ENSEMBLE_Wheat_Spring_PRCP/cumulative dia 10 (2026-07-10 → 2026-07-20) 46481 bytes
2026-07-10 09:36:43,783 [INFO] [OK] USA/GFS_ENSEMBLE_Wheat_Spring_PRCP/cumulative dia 11 (2026-07-10 → 2026-07-21) 46524 bytes
2026-07-10 09:36:44,472 [INFO] [OK] USA/GFS_ENSEMBLE_Wheat_Spring_PRCP/cumulative dia 12 (2026-07-10 → 2026-07-22) 46742 bytes
2026-07-10 09:36:44,820 [INFO] [OK] USA/ECM_ENSEMBLE_Corn_PRCP_DEP/daily dia 00 (2026-07-10 → 2026-07-10) 53235 bytes
2026-07-10 09:36:46,114 [INFO] [OK] USA/ECM_ENSEMBLE_Corn_PRCP_DEP/daily dia 01 (2026-07-11 → 2026-07-11) 50791 bytes
2026-07-10 09:36:46,132 [INFO] [OK] USA/ECM_ENSEMBLE_Corn_PRCP_DEP/daily dia 02 (2026-07-12 → 2026-07-12) 47662 bytes
2026-07-10 09:36:46,144 [INFO] [OK] USA/GFS_ENSEMBLE_Wheat_Spring_PRCP/cumulative dia 13 (2026-07-10 → 2026-07-23) 47795 bytes
2026-07-10 09:36:46,392 [INFO] [OK] USA/ECM_ENSEMBLE_Corn_PRCP_DEP/daily dia 03 (2026-07-13 → 2026-07-13) 49808 bytes
2026-07-10 09:36:46,579 [INFO] [OK] USA/ECM_ENSEMBLE_Corn_PRCP_DEP/daily dia 04 (2026-07-14 → 2026-07-14) 51197 bytes
2026-07-10 09:36:46,630 [INFO] [OK] USA/GFS_ENSEMBLE_Wheat_Spring_PRCP/cumulative dia 14 (2026-07-10 → 2026-07-24) 48304 bytes
2026-07-10 09:36:47,846 [INFO] [OK] USA/ECM_ENSEMBLE_Corn_PRCP_DEP/daily dia 05 (2026-07-15 → 2026-07-15) 54324 bytes
2026-07-10 09:36:48,218 [INFO] [OK] USA/ECM_ENSEMBLE_Corn_PRCP_DEP/daily dia 07 (2026-07-17 → 2026-07-17) 60608 bytes
2026-07-10 09:36:48,220 [INFO] [OK] USA/ECM_ENSEMBLE_Corn_PRCP_DEP/daily dia 06 (2026-07-16 → 2026-07-16) 57105 bytes
2026-07-10 09:36:48,745 [INFO] [OK] USA/ECM_ENSEMBLE_Corn_PRCP_DEP/daily dia 08 (2026-07-18 → 2026-07-18) 58957 bytes
2026-07-10 09:36:48,752 [INFO] [OK] USA/ECM_ENSEMBLE_Corn_PRCP_DEP/daily dia 09 (2026-07-19 → 2026-07-19) 59377 bytes
2026-07-10 09:36:48,796 [INFO] [OK] USA/ECM_ENSEMBLE_Corn_PRCP_DEP/daily dia 10 (2026-07-20 → 2026-07-20) 59147 bytes
2026-07-10 09:36:49,993 [INFO] [OK] USA/ECM_ENSEMBLE_Corn_PRCP_DEP/daily dia 11 (2026-07-21 → 2026-07-21) 60854 bytes
2026-07-10 09:36:50,238 [INFO] [OK] USA/ECM_ENSEMBLE_Corn_PRCP_DEP/daily dia 13 (2026-07-23 → 2026-07-23) 60115 bytes
2026-07-10 09:36:50,348 [INFO] [OK] USA/ECM_ENSEMBLE_Corn_PRCP_DEP/daily dia 12 (2026-07-22 → 2026-07-22) 60885 bytes
2026-07-10 09:36:50,673 [INFO] [OK] USA/ECM_ENSEMBLE_Corn_PRCP_DEP/daily dia 14 (2026-07-24 → 2026-07-24) 59976 bytes
2026-07-10 09:36:50,710 [INFO] [OK] USA/ECM_ENSEMBLE_Corn_PRCP_DEP/cumulative dia 00 (2026-07-10 → 2026-07-10) 53235 bytes
2026-07-10 09:36:50,793 [INFO] [OK] USA/ECM_ENSEMBLE_Corn_PRCP_DEP/cumulative dia 01 (2026-07-10 → 2026-07-11) 53646 bytes
2026-07-10 09:36:52,119 [INFO] [OK] USA/ECM_ENSEMBLE_Corn_PRCP_DEP/cumulative dia 02 (2026-07-10 → 2026-07-12) 54221 bytes
2026-07-10 09:36:52,960 [INFO] [OK] USA/ECM_ENSEMBLE_Corn_PRCP_DEP/cumulative dia 03 (2026-07-10 → 2026-07-13) 55920 bytes
2026-07-10 09:36:53,047 [INFO] [OK] USA/ECM_ENSEMBLE_Corn_PRCP_DEP/cumulative dia 04 (2026-07-10 → 2026-07-14) 57716 bytes
2026-07-10 09:36:54,683 [INFO] [OK] USA/ECM_ENSEMBLE_Corn_PRCP_DEP/cumulative dia 05 (2026-07-10 → 2026-07-15) 58882 bytes
2026-07-10 09:36:54,736 [INFO] [OK] USA/ECM_ENSEMBLE_Corn_PRCP_DEP/cumulative dia 06 (2026-07-10 → 2026-07-16) 60004 bytes
2026-07-10 09:36:54,743 [INFO] [OK] USA/ECM_ENSEMBLE_Corn_PRCP_DEP/cumulative dia 07 (2026-07-10 → 2026-07-17) 59785 bytes
2026-07-10 09:36:54,982 [INFO] [OK] USA/ECM_ENSEMBLE_Corn_PRCP_DEP/cumulative dia 08 (2026-07-10 → 2026-07-18) 60270 bytes
2026-07-10 09:36:55,642 [INFO] [OK] USA/ECM_ENSEMBLE_Corn_PRCP_DEP/cumulative dia 09 (2026-07-10 → 2026-07-19) 59910 bytes
2026-07-10 09:36:55,831 [INFO] [OK] USA/ECM_ENSEMBLE_Corn_PRCP_DEP/cumulative dia 10 (2026-07-10 → 2026-07-20) 59379 bytes
2026-07-10 09:36:57,641 [INFO] [OK] USA/ECM_ENSEMBLE_Corn_PRCP/daily dia 00 (2026-07-10 → 2026-07-10) 37119 bytes
2026-07-10 09:36:57,688 [INFO] [OK] USA/ECM_ENSEMBLE_Corn_PRCP/daily dia 01 (2026-07-11 → 2026-07-11) 36425 bytes
2026-07-10 09:36:58,213 [INFO] [OK] USA/ECM_ENSEMBLE_Corn_PRCP_DEP/cumulative dia 11 (2026-07-10 → 2026-07-21) 60086 bytes
2026-07-10 09:36:58,491 [INFO] [OK] USA/ECM_ENSEMBLE_Corn_PRCP_DEP/cumulative dia 12 (2026-07-10 → 2026-07-22) 59943 bytes
2026-07-10 09:36:58,566 [INFO] [OK] USA/ECM_ENSEMBLE_Corn_PRCP_DEP/cumulative dia 13 (2026-07-10 → 2026-07-23) 60170 bytes
2026-07-10 09:36:58,890 [INFO] [OK] USA/ECM_ENSEMBLE_Corn_PRCP_DEP/cumulative dia 14 (2026-07-10 → 2026-07-24) 60206 bytes
2026-07-10 09:36:59,234 [INFO] [OK] USA/ECM_ENSEMBLE_Corn_PRCP/daily dia 03 (2026-07-13 → 2026-07-13) 36540 bytes
2026-07-10 09:36:59,243 [INFO] [OK] USA/ECM_ENSEMBLE_Corn_PRCP/daily dia 02 (2026-07-12 → 2026-07-12) 35839 bytes
2026-07-10 09:36:59,736 [INFO] [OK] USA/ECM_ENSEMBLE_Corn_PRCP/daily dia 04 (2026-07-14 → 2026-07-14) 36707 bytes
2026-07-10 09:36:59,993 [INFO] [OK] USA/ECM_ENSEMBLE_Corn_PRCP/daily dia 05 (2026-07-15 → 2026-07-15) 35945 bytes
2026-07-10 09:37:00,095 [INFO] [OK] USA/ECM_ENSEMBLE_Corn_PRCP/daily dia 06 (2026-07-16 → 2026-07-16) 35537 bytes
2026-07-10 09:37:00,401 [INFO] [OK] USA/ECM_ENSEMBLE_Corn_PRCP/daily dia 07 (2026-07-17 → 2026-07-17) 37545 bytes
2026-07-10 09:37:00,667 [INFO] [OK] USA/ECM_ENSEMBLE_Corn_PRCP/daily dia 08 (2026-07-18 → 2026-07-18) 38020 bytes
2026-07-10 09:37:00,728 [INFO] [OK] USA/ECM_ENSEMBLE_Corn_PRCP/daily dia 09 (2026-07-19 → 2026-07-19) 37296 bytes
2026-07-10 09:37:01,334 [INFO] [OK] USA/ECM_ENSEMBLE_Corn_PRCP/daily dia 10 (2026-07-20 → 2026-07-20) 37659 bytes
2026-07-10 09:37:01,545 [INFO] [OK] USA/ECM_ENSEMBLE_Corn_PRCP/daily dia 11 (2026-07-21 → 2026-07-21) 37288 bytes
2026-07-10 09:37:01,634 [INFO] [OK] USA/ECM_ENSEMBLE_Corn_PRCP/daily dia 12 (2026-07-22 → 2026-07-22) 36520 bytes
2026-07-10 09:37:01,914 [INFO] [OK] USA/ECM_ENSEMBLE_Corn_PRCP/daily dia 13 (2026-07-23 → 2026-07-23) 36368 bytes
2026-07-10 09:37:02,136 [INFO] [OK] USA/ECM_ENSEMBLE_Corn_PRCP/cumulative dia 00 (2026-07-10 → 2026-07-10) 37119 bytes
2026-07-10 09:37:02,233 [INFO] [OK] USA/ECM_ENSEMBLE_Corn_PRCP/daily dia 14 (2026-07-24 → 2026-07-24) 36006 bytes
2026-07-10 09:37:03,003 [INFO] [OK] USA/ECM_ENSEMBLE_Corn_PRCP/cumulative dia 01 (2026-07-10 → 2026-07-11) 39690 bytes
2026-07-10 09:37:03,302 [INFO] [OK] USA/ECM_ENSEMBLE_Corn_PRCP/cumulative dia 02 (2026-07-10 → 2026-07-12) 41358 bytes
2026-07-10 09:37:03,530 [INFO] [OK] USA/ECM_ENSEMBLE_Corn_PRCP/cumulative dia 03 (2026-07-10 → 2026-07-13) 43399 bytes
2026-07-10 09:37:03,843 [INFO] [OK] USA/ECM_ENSEMBLE_Corn_PRCP/cumulative dia 04 (2026-07-10 → 2026-07-14) 45060 bytes
2026-07-10 09:37:04,255 [INFO] [OK] USA/ECM_ENSEMBLE_Corn_PRCP/cumulative dia 05 (2026-07-10 → 2026-07-15) 45507 bytes
2026-07-10 09:37:04,392 [INFO] [OK] USA/ECM_ENSEMBLE_Corn_PRCP/cumulative dia 06 (2026-07-10 → 2026-07-16) 46424 bytes
2026-07-10 09:37:05,144 [INFO] [OK] USA/ECM_ENSEMBLE_Corn_PRCP/cumulative dia 07 (2026-07-10 → 2026-07-17) 46610 bytes
2026-07-10 09:37:05,634 [INFO] [OK] USA/ECM_ENSEMBLE_Corn_PRCP/cumulative dia 08 (2026-07-10 → 2026-07-18) 47861 bytes
2026-07-10 09:37:06,031 [INFO] [OK] USA/ECM_ENSEMBLE_Corn_PRCP/cumulative dia 09 (2026-07-10 → 2026-07-19) 48549 bytes
2026-07-10 09:37:06,428 [INFO] [OK] USA/ECM_ENSEMBLE_Corn_PRCP/cumulative dia 10 (2026-07-10 → 2026-07-20) 48892 bytes
2026-07-10 09:37:07,101 [INFO] [OK] USA/ECM_ENSEMBLE_Corn_PRCP/cumulative dia 11 (2026-07-10 → 2026-07-21) 49459 bytes
2026-07-10 09:37:07,311 [INFO] [OK] USA/ECM_ENSEMBLE_Corn_PRCP/cumulative dia 12 (2026-07-10 → 2026-07-22) 50548 bytes
2026-07-10 09:37:07,671 [INFO] [OK] USA/ECM_ENSEMBLE_Soy_PRCP_DEP/daily dia 00 (2026-07-10 → 2026-07-10) 52957 bytes
2026-07-10 09:37:08,071 [INFO] [OK] USA/ECM_ENSEMBLE_Soy_PRCP_DEP/daily dia 01 (2026-07-11 → 2026-07-11) 50426 bytes
2026-07-10 09:37:08,200 [INFO] [OK] USA/ECM_ENSEMBLE_Corn_PRCP/cumulative dia 13 (2026-07-10 → 2026-07-23) 50214 bytes
2026-07-10 09:37:08,815 [INFO] [OK] USA/ECM_ENSEMBLE_Soy_PRCP_DEP/daily dia 02 (2026-07-12 → 2026-07-12) 47247 bytes
2026-07-10 09:37:08,832 [INFO] [OK] USA/ECM_ENSEMBLE_Corn_PRCP/cumulative dia 14 (2026-07-10 → 2026-07-24) 50411 bytes
2026-07-10 09:37:08,983 [INFO] [OK] USA/ECM_ENSEMBLE_Soy_PRCP_DEP/daily dia 03 (2026-07-13 → 2026-07-13) 49437 bytes
2026-07-10 09:37:09,202 [INFO] [OK] USA/ECM_ENSEMBLE_Soy_PRCP_DEP/daily dia 04 (2026-07-14 → 2026-07-14) 50882 bytes
2026-07-10 09:37:09,642 [INFO] [OK] USA/ECM_ENSEMBLE_Soy_PRCP_DEP/daily dia 05 (2026-07-15 → 2026-07-15) 54002 bytes
2026-07-10 09:37:09,782 [INFO] [OK] USA/ECM_ENSEMBLE_Soy_PRCP_DEP/daily dia 06 (2026-07-16 → 2026-07-16) 56816 bytes
2026-07-10 09:37:10,442 [INFO] [OK] USA/ECM_ENSEMBLE_Soy_PRCP_DEP/daily dia 08 (2026-07-18 → 2026-07-18) 58564 bytes
2026-07-10 09:37:10,444 [INFO] [OK] USA/ECM_ENSEMBLE_Soy_PRCP_DEP/daily dia 07 (2026-07-17 → 2026-07-17) 60338 bytes
2026-07-10 09:37:10,529 [INFO] [OK] USA/ECM_ENSEMBLE_Soy_PRCP_DEP/daily dia 09 (2026-07-19 → 2026-07-19) 59148 bytes
2026-07-10 09:37:10,804 [INFO] [OK] USA/ECM_ENSEMBLE_Soy_PRCP_DEP/daily dia 10 (2026-07-20 → 2026-07-20) 58615 bytes
2026-07-10 09:37:11,142 [INFO] [OK] USA/ECM_ENSEMBLE_Soy_PRCP_DEP/daily dia 11 (2026-07-21 → 2026-07-21) 60621 bytes
2026-07-10 09:37:11,520 [INFO] [OK] USA/ECM_ENSEMBLE_Soy_PRCP_DEP/daily dia 12 (2026-07-22 → 2026-07-22) 60770 bytes
2026-07-10 09:37:12,243 [INFO] [OK] USA/ECM_ENSEMBLE_Soy_PRCP_DEP/daily dia 13 (2026-07-23 → 2026-07-23) 59499 bytes
2026-07-10 09:37:12,437 [INFO] [OK] USA/ECM_ENSEMBLE_Soy_PRCP_DEP/daily dia 14 (2026-07-24 → 2026-07-24) 59580 bytes
2026-07-10 09:37:12,561 [INFO] [OK] USA/ECM_ENSEMBLE_Soy_PRCP_DEP/cumulative dia 00 (2026-07-10 → 2026-07-10) 52957 bytes
2026-07-10 09:37:12,571 [INFO] [OK] USA/ECM_ENSEMBLE_Soy_PRCP_DEP/cumulative dia 01 (2026-07-10 → 2026-07-11) 53164 bytes
2026-07-10 09:37:13,158 [INFO] [OK] USA/ECM_ENSEMBLE_Soy_PRCP_DEP/cumulative dia 02 (2026-07-10 → 2026-07-12) 53754 bytes
2026-07-10 09:37:13,284 [INFO] [OK] USA/ECM_ENSEMBLE_Soy_PRCP_DEP/cumulative dia 03 (2026-07-10 → 2026-07-13) 55378 bytes
2026-07-10 09:37:14,464 [INFO] [OK] USA/ECM_ENSEMBLE_Soy_PRCP_DEP/cumulative dia 04 (2026-07-10 → 2026-07-14) 57285 bytes
2026-07-10 09:37:14,593 [INFO] [OK] USA/ECM_ENSEMBLE_Soy_PRCP_DEP/cumulative dia 05 (2026-07-10 → 2026-07-15) 58614 bytes
2026-07-10 09:37:14,790 [INFO] [OK] USA/ECM_ENSEMBLE_Soy_PRCP_DEP/cumulative dia 06 (2026-07-10 → 2026-07-16) 59769 bytes
2026-07-10 09:37:14,860 [INFO] [OK] USA/ECM_ENSEMBLE_Soy_PRCP_DEP/cumulative dia 07 (2026-07-10 → 2026-07-17) 59396 bytes
2026-07-10 09:37:15,781 [INFO] [OK] USA/ECM_ENSEMBLE_Soy_PRCP_DEP/cumulative dia 08 (2026-07-10 → 2026-07-18) 59972 bytes
2026-07-10 09:37:15,859 [INFO] [OK] USA/ECM_ENSEMBLE_Soy_PRCP_DEP/cumulative dia 09 (2026-07-10 → 2026-07-19) 59725 bytes
2026-07-10 09:37:16,975 [INFO] [OK] USA/ECM_ENSEMBLE_Soy_PRCP_DEP/cumulative dia 10 (2026-07-10 → 2026-07-20) 59033 bytes
2026-07-10 09:37:17,366 [INFO] [OK] USA/ECM_ENSEMBLE_Soy_PRCP_DEP/cumulative dia 11 (2026-07-10 → 2026-07-21) 59814 bytes
2026-07-10 09:37:17,444 [INFO] [OK] USA/ECM_ENSEMBLE_Soy_PRCP/daily dia 00 (2026-07-10 → 2026-07-10) 36760 bytes
2026-07-10 09:37:17,593 [INFO] [OK] USA/ECM_ENSEMBLE_Soy_PRCP_DEP/cumulative dia 12 (2026-07-10 → 2026-07-22) 59644 bytes
2026-07-10 09:37:17,656 [INFO] [OK] USA/ECM_ENSEMBLE_Soy_PRCP_DEP/cumulative dia 13 (2026-07-10 → 2026-07-23) 59956 bytes
2026-07-10 09:37:18,691 [INFO] [OK] USA/ECM_ENSEMBLE_Soy_PRCP/daily dia 01 (2026-07-11 → 2026-07-11) 36084 bytes
2026-07-10 09:37:18,754 [INFO] [OK] USA/ECM_ENSEMBLE_Soy_PRCP_DEP/cumulative dia 14 (2026-07-10 → 2026-07-24) 60010 bytes
2026-07-10 09:37:18,834 [INFO] [OK] USA/ECM_ENSEMBLE_Soy_PRCP/daily dia 02 (2026-07-12 → 2026-07-12) 35418 bytes
2026-07-10 09:37:18,903 [INFO] [OK] USA/ECM_ENSEMBLE_Soy_PRCP/daily dia 03 (2026-07-13 → 2026-07-13) 36117 bytes
2026-07-10 09:37:19,124 [INFO] [OK] USA/ECM_ENSEMBLE_Soy_PRCP/daily dia 05 (2026-07-15 → 2026-07-15) 35725 bytes
2026-07-10 09:37:19,127 [INFO] [OK] USA/ECM_ENSEMBLE_Soy_PRCP/daily dia 04 (2026-07-14 → 2026-07-14) 36433 bytes
2026-07-10 09:37:20,265 [INFO] [OK] USA/ECM_ENSEMBLE_Soy_PRCP/daily dia 06 (2026-07-16 → 2026-07-16) 35114 bytes
2026-07-10 09:37:20,294 [INFO] [OK] USA/ECM_ENSEMBLE_Soy_PRCP/daily dia 07 (2026-07-17 → 2026-07-17) 36965 bytes
2026-07-10 09:37:20,351 [INFO] [OK] USA/ECM_ENSEMBLE_Soy_PRCP/daily dia 08 (2026-07-18 → 2026-07-18) 37541 bytes
2026-07-10 09:37:20,665 [INFO] [OK] USA/ECM_ENSEMBLE_Soy_PRCP/daily dia 09 (2026-07-19 → 2026-07-19) 36966 bytes
2026-07-10 09:37:20,682 [INFO] [OK] USA/ECM_ENSEMBLE_Soy_PRCP/daily dia 11 (2026-07-21 → 2026-07-21) 36788 bytes
2026-07-10 09:37:20,711 [INFO] [OK] USA/ECM_ENSEMBLE_Soy_PRCP/daily dia 10 (2026-07-20 → 2026-07-20) 37369 bytes
2026-07-10 09:37:21,815 [INFO] [OK] USA/ECM_ENSEMBLE_Soy_PRCP/daily dia 12 (2026-07-22 → 2026-07-22) 36169 bytes
2026-07-10 09:37:21,816 [INFO] [OK] USA/ECM_ENSEMBLE_Soy_PRCP/daily dia 13 (2026-07-23 → 2026-07-23) 35949 bytes
2026-07-10 09:37:22,105 [INFO] [OK] USA/ECM_ENSEMBLE_Soy_PRCP/daily dia 14 (2026-07-24 → 2026-07-24) 35599 bytes
2026-07-10 09:37:22,246 [INFO] [OK] USA/ECM_ENSEMBLE_Soy_PRCP/cumulative dia 00 (2026-07-10 → 2026-07-10) 36760 bytes
2026-07-10 09:37:22,302 [INFO] [OK] USA/ECM_ENSEMBLE_Soy_PRCP/cumulative dia 01 (2026-07-10 → 2026-07-11) 39410 bytes
2026-07-10 09:37:22,401 [INFO] [OK] USA/ECM_ENSEMBLE_Soy_PRCP/cumulative dia 02 (2026-07-10 → 2026-07-12) 40995 bytes
2026-07-10 09:37:23,628 [INFO] [OK] USA/ECM_ENSEMBLE_Soy_PRCP/cumulative dia 03 (2026-07-10 → 2026-07-13) 43049 bytes
2026-07-10 09:37:23,754 [INFO] [OK] USA/ECM_ENSEMBLE_Soy_PRCP/cumulative dia 04 (2026-07-10 → 2026-07-14) 44594 bytes
2026-07-10 09:37:24,093 [INFO] [OK] USA/ECM_ENSEMBLE_Soy_PRCP/cumulative dia 05 (2026-07-10 → 2026-07-15) 45058 bytes
2026-07-10 09:37:24,396 [INFO] [OK] USA/ECM_ENSEMBLE_Soy_PRCP/cumulative dia 06 (2026-07-10 → 2026-07-16) 46061 bytes
2026-07-10 09:37:24,533 [INFO] [OK] USA/ECM_ENSEMBLE_Soy_PRCP/cumulative dia 07 (2026-07-10 → 2026-07-17) 46074 bytes
2026-07-10 09:37:24,633 [INFO] [OK] USA/ECM_ENSEMBLE_Soy_PRCP/cumulative dia 08 (2026-07-10 → 2026-07-18) 47600 bytes
2026-07-10 09:37:26,087 [INFO] [OK] USA/ECM_ENSEMBLE_Soy_PRCP/cumulative dia 09 (2026-07-10 → 2026-07-19) 48220 bytes
2026-07-10 09:37:26,496 [INFO] [OK] USA/ECM_ENSEMBLE_Soy_PRCP/cumulative dia 10 (2026-07-10 → 2026-07-20) 48507 bytes
2026-07-10 09:37:26,682 [INFO] [OK] USA/ECM_ENSEMBLE_Soy_PRCP/cumulative dia 11 (2026-07-10 → 2026-07-21) 49082 bytes
2026-07-10 09:37:27,051 [INFO] [OK] USA/ECM_ENSEMBLE_Soy_PRCP/cumulative dia 12 (2026-07-10 → 2026-07-22) 50194 bytes
2026-07-10 09:37:27,337 [INFO] [OK] USA/ECM_ENSEMBLE_Soy_PRCP/cumulative dia 13 (2026-07-10 → 2026-07-23) 49812 bytes
2026-07-10 09:37:27,530 [INFO] [OK] USA/ECM_ENSEMBLE_Soy_PRCP/cumulative dia 14 (2026-07-10 → 2026-07-24) 50039 bytes
2026-07-10 09:37:27,713 [INFO] [OK] USA/ECM_ENSEMBLE_Wheat_Winter_PRCP_DEP/daily dia 00 (2026-07-10 → 2026-07-10) 54646 bytes
2026-07-10 09:37:28,027 [INFO] [OK] USA/ECM_ENSEMBLE_Wheat_Winter_PRCP_DEP/daily dia 01 (2026-07-11 → 2026-07-11) 51903 bytes
2026-07-10 09:37:28,184 [INFO] [OK] USA/ECM_ENSEMBLE_Wheat_Winter_PRCP_DEP/daily dia 02 (2026-07-12 → 2026-07-12) 48964 bytes
2026-07-10 09:37:28,549 [INFO] [OK] USA/ECM_ENSEMBLE_Wheat_Winter_PRCP_DEP/daily dia 03 (2026-07-13 → 2026-07-13) 51035 bytes
2026-07-10 09:37:28,893 [INFO] [OK] USA/ECM_ENSEMBLE_Wheat_Winter_PRCP_DEP/daily dia 04 (2026-07-14 → 2026-07-14) 52519 bytes
2026-07-10 09:37:29,241 [INFO] [OK] USA/ECM_ENSEMBLE_Wheat_Winter_PRCP_DEP/daily dia 05 (2026-07-15 → 2026-07-15) 55774 bytes
2026-07-10 09:37:29,713 [INFO] [OK] USA/ECM_ENSEMBLE_Wheat_Winter_PRCP_DEP/daily dia 06 (2026-07-16 → 2026-07-16) 58449 bytes
2026-07-10 09:37:29,802 [INFO] [OK] USA/ECM_ENSEMBLE_Wheat_Winter_PRCP_DEP/daily dia 07 (2026-07-17 → 2026-07-17) 61590 bytes
2026-07-10 09:37:29,893 [INFO] [OK] USA/ECM_ENSEMBLE_Wheat_Winter_PRCP_DEP/daily dia 08 (2026-07-18 → 2026-07-18) 60184 bytes
2026-07-10 09:37:30,104 [INFO] [OK] USA/ECM_ENSEMBLE_Wheat_Winter_PRCP_DEP/daily dia 09 (2026-07-19 → 2026-07-19) 60352 bytes
2026-07-10 09:37:30,506 [INFO] [OK] USA/ECM_ENSEMBLE_Wheat_Winter_PRCP_DEP/daily dia 10 (2026-07-20 → 2026-07-20) 60258 bytes
2026-07-10 09:37:30,900 [INFO] [OK] USA/ECM_ENSEMBLE_Wheat_Winter_PRCP_DEP/daily dia 11 (2026-07-21 → 2026-07-21) 62256 bytes
2026-07-10 09:37:31,405 [INFO] [OK] USA/ECM_ENSEMBLE_Wheat_Winter_PRCP_DEP/daily dia 12 (2026-07-22 → 2026-07-22) 61969 bytes
2026-07-10 09:37:31,458 [INFO] [OK] USA/ECM_ENSEMBLE_Wheat_Winter_PRCP_DEP/daily dia 13 (2026-07-23 → 2026-07-23) 60986 bytes
2026-07-10 09:37:31,495 [INFO] [OK] USA/ECM_ENSEMBLE_Wheat_Winter_PRCP_DEP/daily dia 14 (2026-07-24 → 2026-07-24) 61034 bytes
2026-07-10 09:37:31,656 [INFO] [OK] USA/ECM_ENSEMBLE_Wheat_Winter_PRCP_DEP/cumulative dia 00 (2026-07-10 → 2026-07-10) 54646 bytes
2026-07-10 09:37:32,219 [INFO] [OK] USA/ECM_ENSEMBLE_Wheat_Winter_PRCP_DEP/cumulative dia 01 (2026-07-10 → 2026-07-11) 54834 bytes
2026-07-10 09:37:32,592 [INFO] [OK] USA/ECM_ENSEMBLE_Wheat_Winter_PRCP_DEP/cumulative dia 02 (2026-07-10 → 2026-07-12) 55315 bytes
2026-07-10 09:37:33,243 [INFO] [OK] USA/ECM_ENSEMBLE_Wheat_Winter_PRCP_DEP/cumulative dia 03 (2026-07-10 → 2026-07-13) 57060 bytes
2026-07-10 09:37:33,478 [INFO] [OK] USA/ECM_ENSEMBLE_Wheat_Winter_PRCP_DEP/cumulative dia 04 (2026-07-10 → 2026-07-14) 58810 bytes
2026-07-10 09:37:33,580 [INFO] [OK] USA/ECM_ENSEMBLE_Wheat_Winter_PRCP_DEP/cumulative dia 05 (2026-07-10 → 2026-07-15) 60134 bytes
2026-07-10 09:37:33,767 [INFO] [OK] USA/ECM_ENSEMBLE_Wheat_Winter_PRCP_DEP/cumulative dia 06 (2026-07-10 → 2026-07-16) 60779 bytes
2026-07-10 09:37:34,495 [INFO] [OK] USA/ECM_ENSEMBLE_Wheat_Winter_PRCP_DEP/cumulative dia 07 (2026-07-10 → 2026-07-17) 60589 bytes
2026-07-10 09:37:35,060 [INFO] [OK] USA/ECM_ENSEMBLE_Wheat_Winter_PRCP_DEP/cumulative dia 08 (2026-07-10 → 2026-07-18) 60995 bytes
2026-07-10 09:37:35,665 [INFO] [OK] USA/ECM_ENSEMBLE_Wheat_Winter_PRCP_DEP/cumulative dia 09 (2026-07-10 → 2026-07-19) 60725 bytes
2026-07-10 09:37:36,060 [INFO] [OK] USA/ECM_ENSEMBLE_Wheat_Winter_PRCP_DEP/cumulative dia 10 (2026-07-10 → 2026-07-20) 60491 bytes
2026-07-10 09:37:36,303 [INFO] [OK] USA/ECM_ENSEMBLE_Wheat_Winter_PRCP_DEP/cumulative dia 11 (2026-07-10 → 2026-07-21) 60944 bytes
2026-07-10 09:37:36,461 [INFO] [OK] USA/ECM_ENSEMBLE_Wheat_Winter_PRCP_DEP/cumulative dia 12 (2026-07-10 → 2026-07-22) 60721 bytes
2026-07-10 09:37:37,189 [INFO] [OK] USA/ECM_ENSEMBLE_Wheat_Winter_PRCP/daily dia 00 (2026-07-10 → 2026-07-10) 38300 bytes
2026-07-10 09:37:37,305 [INFO] [OK] USA/ECM_ENSEMBLE_Wheat_Winter_PRCP_DEP/cumulative dia 13 (2026-07-10 → 2026-07-23) 60951 bytes
2026-07-10 09:37:37,552 [INFO] [OK] USA/ECM_ENSEMBLE_Wheat_Winter_PRCP/daily dia 01 (2026-07-11 → 2026-07-11) 37631 bytes
2026-07-10 09:37:38,052 [INFO] [OK] USA/ECM_ENSEMBLE_Wheat_Winter_PRCP/daily dia 02 (2026-07-12 → 2026-07-12) 37002 bytes
2026-07-10 09:37:38,155 [INFO] [OK] USA/ECM_ENSEMBLE_Wheat_Winter_PRCP/daily dia 03 (2026-07-13 → 2026-07-13) 37611 bytes
2026-07-10 09:37:38,260 [INFO] [OK] USA/ECM_ENSEMBLE_Wheat_Winter_PRCP_DEP/cumulative dia 14 (2026-07-10 → 2026-07-24) 60925 bytes
2026-07-10 09:37:38,640 [INFO] [OK] USA/ECM_ENSEMBLE_Wheat_Winter_PRCP/daily dia 04 (2026-07-14 → 2026-07-14) 37813 bytes
2026-07-10 09:37:39,294 [INFO] [OK] USA/ECM_ENSEMBLE_Wheat_Winter_PRCP/daily dia 05 (2026-07-15 → 2026-07-15) 37220 bytes
2026-07-10 09:37:39,295 [INFO] [OK] USA/ECM_ENSEMBLE_Wheat_Winter_PRCP/daily dia 06 (2026-07-16 → 2026-07-16) 36690 bytes
2026-07-10 09:37:39,615 [INFO] [OK] USA/ECM_ENSEMBLE_Wheat_Winter_PRCP/daily dia 08 (2026-07-18 → 2026-07-18) 39041 bytes
2026-07-10 09:37:39,621 [INFO] [OK] USA/ECM_ENSEMBLE_Wheat_Winter_PRCP/daily dia 07 (2026-07-17 → 2026-07-17) 38399 bytes
2026-07-10 09:37:39,813 [INFO] [OK] USA/ECM_ENSEMBLE_Wheat_Winter_PRCP/daily dia 09 (2026-07-19 → 2026-07-19) 38574 bytes
2026-07-10 09:37:40,072 [INFO] [OK] USA/ECM_ENSEMBLE_Wheat_Winter_PRCP/daily dia 10 (2026-07-20 → 2026-07-20) 38762 bytes
2026-07-10 09:37:40,728 [INFO] [OK] USA/ECM_ENSEMBLE_Wheat_Winter_PRCP/daily dia 12 (2026-07-22 → 2026-07-22) 37505 bytes
2026-07-10 09:37:40,754 [INFO] [OK] USA/ECM_ENSEMBLE_Wheat_Winter_PRCP/daily dia 11 (2026-07-21 → 2026-07-21) 38170 bytes
2026-07-10 09:37:41,100 [INFO] [OK] USA/ECM_ENSEMBLE_Wheat_Winter_PRCP/daily dia 14 (2026-07-24 → 2026-07-24) 37165 bytes
2026-07-10 09:37:41,132 [INFO] [OK] USA/ECM_ENSEMBLE_Wheat_Winter_PRCP/daily dia 13 (2026-07-23 → 2026-07-23) 37359 bytes
2026-07-10 09:37:41,404 [INFO] [OK] USA/ECM_ENSEMBLE_Wheat_Winter_PRCP/cumulative dia 00 (2026-07-10 → 2026-07-10) 38300 bytes
2026-07-10 09:37:41,797 [INFO] [OK] USA/ECM_ENSEMBLE_Wheat_Winter_PRCP/cumulative dia 01 (2026-07-10 → 2026-07-11) 41105 bytes
2026-07-10 09:37:42,478 [INFO] [OK] USA/ECM_ENSEMBLE_Wheat_Winter_PRCP/cumulative dia 02 (2026-07-10 → 2026-07-12) 42545 bytes
2026-07-10 09:37:42,594 [INFO] [OK] USA/ECM_ENSEMBLE_Wheat_Winter_PRCP/cumulative dia 03 (2026-07-10 → 2026-07-13) 44790 bytes
2026-07-10 09:37:42,980 [INFO] [OK] USA/ECM_ENSEMBLE_Wheat_Winter_PRCP/cumulative dia 04 (2026-07-10 → 2026-07-14) 46083 bytes
2026-07-10 09:37:43,181 [INFO] [OK] USA/ECM_ENSEMBLE_Wheat_Winter_PRCP/cumulative dia 05 (2026-07-10 → 2026-07-15) 46482 bytes
2026-07-10 09:37:43,464 [INFO] [OK] USA/ECM_ENSEMBLE_Wheat_Winter_PRCP/cumulative dia 06 (2026-07-10 → 2026-07-16) 47824 bytes
2026-07-10 09:37:43,985 [INFO] [OK] USA/ECM_ENSEMBLE_Wheat_Winter_PRCP/cumulative dia 07 (2026-07-10 → 2026-07-17) 47633 bytes
2026-07-10 09:37:44,830 [INFO] [OK] USA/ECM_ENSEMBLE_Wheat_Winter_PRCP/cumulative dia 08 (2026-07-10 → 2026-07-18) 49221 bytes
2026-07-10 09:37:45,055 [INFO] [OK] USA/ECM_ENSEMBLE_Wheat_Winter_PRCP/cumulative dia 09 (2026-07-10 → 2026-07-19) 49940 bytes
2026-07-10 09:37:45,594 [INFO] [OK] USA/ECM_ENSEMBLE_Wheat_Winter_PRCP/cumulative dia 10 (2026-07-10 → 2026-07-20) 50238 bytes
2026-07-10 09:37:45,996 [INFO] [OK] USA/ECM_ENSEMBLE_Wheat_Winter_PRCP/cumulative dia 11 (2026-07-10 → 2026-07-21) 50868 bytes
2026-07-10 09:37:46,268 [INFO] [OK] USA/ECM_ENSEMBLE_Wheat_Winter_PRCP/cumulative dia 12 (2026-07-10 → 2026-07-22) 51614 bytes
2026-07-10 09:37:46,716 [INFO] [OK] USA/ECM_ENSEMBLE_Wheat_Spring_PRCP_DEP/daily dia 00 (2026-07-10 → 2026-07-10) 51284 bytes
2026-07-10 09:37:46,803 [INFO] [OK] USA/ECM_ENSEMBLE_Wheat_Winter_PRCP/cumulative dia 13 (2026-07-10 → 2026-07-23) 51447 bytes
2026-07-10 09:37:47,134 [INFO] [OK] USA/ECM_ENSEMBLE_Wheat_Spring_PRCP_DEP/daily dia 01 (2026-07-11 → 2026-07-11) 48687 bytes
2026-07-10 09:37:47,482 [INFO] [OK] USA/ECM_ENSEMBLE_Wheat_Spring_PRCP_DEP/daily dia 02 (2026-07-12 → 2026-07-12) 45597 bytes
2026-07-10 09:37:47,763 [INFO] [OK] USA/ECM_ENSEMBLE_Wheat_Winter_PRCP/cumulative dia 14 (2026-07-10 → 2026-07-24) 51691 bytes
2026-07-10 09:37:48,115 [INFO] [OK] USA/ECM_ENSEMBLE_Wheat_Spring_PRCP_DEP/daily dia 03 (2026-07-13 → 2026-07-13) 47730 bytes
2026-07-10 09:37:48,289 [INFO] [OK] USA/ECM_ENSEMBLE_Wheat_Spring_PRCP_DEP/daily dia 04 (2026-07-14 → 2026-07-14) 49206 bytes
2026-07-10 09:37:48,392 [INFO] [OK] USA/ECM_ENSEMBLE_Wheat_Spring_PRCP_DEP/daily dia 05 (2026-07-15 → 2026-07-15) 52157 bytes
2026-07-10 09:37:48,861 [INFO] [OK] USA/ECM_ENSEMBLE_Wheat_Spring_PRCP_DEP/daily dia 06 (2026-07-16 → 2026-07-16) 54967 bytes
2026-07-10 09:37:49,120 [INFO] [OK] USA/ECM_ENSEMBLE_Wheat_Spring_PRCP_DEP/daily dia 07 (2026-07-17 → 2026-07-17) 58743 bytes
2026-07-10 09:37:49,383 [INFO] [OK] USA/ECM_ENSEMBLE_Wheat_Spring_PRCP_DEP/daily dia 08 (2026-07-18 → 2026-07-18) 56766 bytes
2026-07-10 09:37:49,666 [INFO] [OK] USA/ECM_ENSEMBLE_Wheat_Spring_PRCP_DEP/daily dia 09 (2026-07-19 → 2026-07-19) 57520 bytes
2026-07-10 09:37:49,889 [INFO] [OK] USA/ECM_ENSEMBLE_Wheat_Spring_PRCP_DEP/daily dia 10 (2026-07-20 → 2026-07-20) 57069 bytes
2026-07-10 09:37:49,962 [INFO] [OK] USA/ECM_ENSEMBLE_Wheat_Spring_PRCP_DEP/daily dia 11 (2026-07-21 → 2026-07-21) 58690 bytes
2026-07-10 09:37:50,430 [INFO] [OK] USA/ECM_ENSEMBLE_Wheat_Spring_PRCP_DEP/daily dia 12 (2026-07-22 → 2026-07-22) 58684 bytes
2026-07-10 09:37:50,645 [INFO] [OK] USA/ECM_ENSEMBLE_Wheat_Spring_PRCP_DEP/daily dia 13 (2026-07-23 → 2026-07-23) 57774 bytes
2026-07-10 09:37:51,167 [INFO] [OK] USA/ECM_ENSEMBLE_Wheat_Spring_PRCP_DEP/daily dia 14 (2026-07-24 → 2026-07-24) 57619 bytes
2026-07-10 09:37:51,276 [INFO] [OK] USA/ECM_ENSEMBLE_Wheat_Spring_PRCP_DEP/cumulative dia 00 (2026-07-10 → 2026-07-10) 51284 bytes
2026-07-10 09:37:51,610 [INFO] [OK] USA/ECM_ENSEMBLE_Wheat_Spring_PRCP_DEP/cumulative dia 01 (2026-07-10 → 2026-07-11) 51371 bytes
2026-07-10 09:37:51,823 [INFO] [OK] USA/ECM_ENSEMBLE_Wheat_Spring_PRCP_DEP/cumulative dia 02 (2026-07-10 → 2026-07-12) 51796 bytes
2026-07-10 09:37:52,279 [INFO] [OK] USA/ECM_ENSEMBLE_Wheat_Spring_PRCP_DEP/cumulative dia 03 (2026-07-10 → 2026-07-13) 53365 bytes
2026-07-10 09:37:52,558 [INFO] [OK] USA/ECM_ENSEMBLE_Wheat_Spring_PRCP_DEP/cumulative dia 04 (2026-07-10 → 2026-07-14) 55408 bytes
2026-07-10 09:37:53,262 [INFO] [OK] USA/ECM_ENSEMBLE_Wheat_Spring_PRCP_DEP/cumulative dia 05 (2026-07-10 → 2026-07-15) 56929 bytes
2026-07-10 09:37:53,451 [INFO] [OK] USA/ECM_ENSEMBLE_Wheat_Spring_PRCP_DEP/cumulative dia 06 (2026-07-10 → 2026-07-16) 57667 bytes
2026-07-10 09:37:54,123 [INFO] [OK] USA/ECM_ENSEMBLE_Wheat_Spring_PRCP_DEP/cumulative dia 07 (2026-07-10 → 2026-07-17) 57292 bytes
2026-07-10 09:37:54,248 [INFO] [OK] USA/ECM_ENSEMBLE_Wheat_Spring_PRCP_DEP/cumulative dia 08 (2026-07-10 → 2026-07-18) 57927 bytes
2026-07-10 09:37:54,751 [INFO] [OK] USA/ECM_ENSEMBLE_Wheat_Spring_PRCP_DEP/cumulative dia 09 (2026-07-10 → 2026-07-19) 57366 bytes
2026-07-10 09:37:55,251 [INFO] [OK] USA/ECM_ENSEMBLE_Wheat_Spring_PRCP_DEP/cumulative dia 10 (2026-07-10 → 2026-07-20) 57246 bytes
2026-07-10 09:37:55,879 [INFO] [OK] USA/ECM_ENSEMBLE_Wheat_Spring_PRCP_DEP/cumulative dia 11 (2026-07-10 → 2026-07-21) 57856 bytes
2026-07-10 09:37:56,234 [INFO] [OK] USA/ECM_ENSEMBLE_Wheat_Spring_PRCP/daily dia 00 (2026-07-10 → 2026-07-10) 35045 bytes
2026-07-10 09:37:56,267 [INFO] [OK] USA/ECM_ENSEMBLE_Wheat_Spring_PRCP_DEP/cumulative dia 12 (2026-07-10 → 2026-07-22) 57447 bytes
2026-07-10 09:37:56,771 [INFO] [OK] USA/ECM_ENSEMBLE_Wheat_Spring_PRCP/daily dia 01 (2026-07-11 → 2026-07-11) 34275 bytes
2026-07-10 09:37:56,962 [INFO] [OK] USA/ECM_ENSEMBLE_Wheat_Spring_PRCP_DEP/cumulative dia 13 (2026-07-10 → 2026-07-23) 57855 bytes
2026-07-10 09:37:57,171 [INFO] [OK] USA/ECM_ENSEMBLE_Wheat_Spring_PRCP_DEP/cumulative dia 14 (2026-07-10 → 2026-07-24) 58093 bytes
2026-07-10 09:37:57,354 [INFO] [OK] USA/ECM_ENSEMBLE_Wheat_Spring_PRCP/daily dia 02 (2026-07-12 → 2026-07-12) 33593 bytes
2026-07-10 09:37:58,061 [INFO] [OK] USA/ECM_ENSEMBLE_Wheat_Spring_PRCP/daily dia 04 (2026-07-14 → 2026-07-14) 34603 bytes
2026-07-10 09:37:58,102 [INFO] [OK] USA/ECM_ENSEMBLE_Wheat_Spring_PRCP/daily dia 03 (2026-07-13 → 2026-07-13) 34148 bytes
2026-07-10 09:37:58,258 [INFO] [OK] USA/ECM_ENSEMBLE_Wheat_Spring_PRCP/daily dia 05 (2026-07-15 → 2026-07-15) 33964 bytes
2026-07-10 09:37:58,406 [INFO] [OK] USA/ECM_ENSEMBLE_Wheat_Spring_PRCP/daily dia 06 (2026-07-16 → 2026-07-16) 33840 bytes
2026-07-10 09:37:58,647 [INFO] [OK] USA/ECM_ENSEMBLE_Wheat_Spring_PRCP/daily dia 07 (2026-07-17 → 2026-07-17) 35498 bytes
2026-07-10 09:37:58,825 [INFO] [OK] USA/ECM_ENSEMBLE_Wheat_Spring_PRCP/daily dia 08 (2026-07-18 → 2026-07-18) 35833 bytes
2026-07-10 09:37:59,680 [INFO] [OK] USA/ECM_ENSEMBLE_Wheat_Spring_PRCP/daily dia 09 (2026-07-19 → 2026-07-19) 35291 bytes
2026-07-10 09:37:59,684 [INFO] [OK] USA/ECM_ENSEMBLE_Wheat_Spring_PRCP/daily dia 10 (2026-07-20 → 2026-07-20) 35781 bytes
2026-07-10 09:37:59,796 [INFO] [OK] USA/ECM_ENSEMBLE_Wheat_Spring_PRCP/daily dia 11 (2026-07-21 → 2026-07-21) 35364 bytes
2026-07-10 09:37:59,996 [INFO] [OK] USA/ECM_ENSEMBLE_Wheat_Spring_PRCP/daily dia 12 (2026-07-22 → 2026-07-22) 34493 bytes
2026-07-10 09:38:00,207 [INFO] [OK] USA/ECM_ENSEMBLE_Wheat_Spring_PRCP/daily dia 13 (2026-07-23 → 2026-07-23) 34495 bytes
2026-07-10 09:38:00,443 [INFO] [OK] USA/ECM_ENSEMBLE_Wheat_Spring_PRCP/daily dia 14 (2026-07-24 → 2026-07-24) 34098 bytes
2026-07-10 09:38:01,148 [INFO] [OK] USA/ECM_ENSEMBLE_Wheat_Spring_PRCP/cumulative dia 00 (2026-07-10 → 2026-07-10) 35045 bytes
2026-07-10 09:38:01,368 [INFO] [OK] USA/ECM_ENSEMBLE_Wheat_Spring_PRCP/cumulative dia 01 (2026-07-10 → 2026-07-11) 37431 bytes
2026-07-10 09:38:01,432 [INFO] [OK] USA/ECM_ENSEMBLE_Wheat_Spring_PRCP/cumulative dia 02 (2026-07-10 → 2026-07-12) 38826 bytes
2026-07-10 09:38:01,803 [INFO] [OK] USA/ECM_ENSEMBLE_Wheat_Spring_PRCP/cumulative dia 03 (2026-07-10 → 2026-07-13) 40600 bytes
2026-07-10 09:38:02,128 [INFO] [OK] USA/ECM_ENSEMBLE_Wheat_Spring_PRCP/cumulative dia 04 (2026-07-10 → 2026-07-14) 42003 bytes
2026-07-10 09:38:02,459 [INFO] [OK] USA/ECM_ENSEMBLE_Wheat_Spring_PRCP/cumulative dia 05 (2026-07-10 → 2026-07-15) 42814 bytes
2026-07-10 09:38:03,231 [INFO] [OK] USA/ECM_ENSEMBLE_Wheat_Spring_PRCP/cumulative dia 06 (2026-07-10 → 2026-07-16) 43545 bytes
2026-07-10 09:38:03,608 [INFO] [OK] USA/ECM_ENSEMBLE_Wheat_Spring_PRCP/cumulative dia 07 (2026-07-10 → 2026-07-17) 43665 bytes
2026-07-10 09:38:03,683 [INFO] [OK] USA/ECM_ENSEMBLE_Wheat_Spring_PRCP/cumulative dia 08 (2026-07-10 → 2026-07-18) 44949 bytes
2026-07-10 09:38:04,211 [INFO] [OK] USA/ECM_ENSEMBLE_Wheat_Spring_PRCP/cumulative dia 09 (2026-07-10 → 2026-07-19) 45468 bytes
2026-07-10 09:38:04,563 [INFO] [OK] USA/ECM_ENSEMBLE_Wheat_Spring_PRCP/cumulative dia 10 (2026-07-10 → 2026-07-20) 45787 bytes
2026-07-10 09:38:04,971 [INFO] [OK] USA/ECM_ENSEMBLE_Wheat_Spring_PRCP/cumulative dia 11 (2026-07-10 → 2026-07-21) 46595 bytes
2026-07-10 09:38:05,862 [INFO] [OK] USA/ECM_ENSEMBLE_Wheat_Spring_PRCP/cumulative dia 12 (2026-07-10 → 2026-07-22) 47262 bytes
2026-07-10 09:38:06,437 [INFO] [OK] USA/ECM_ENSEMBLE_Wheat_Spring_PRCP/cumulative dia 13 (2026-07-10 → 2026-07-23) 47224 bytes
2026-07-10 09:38:06,522 [INFO] [OK] USA/ECM_ENSEMBLE_Wheat_Spring_PRCP/cumulative dia 14 (2026-07-10 → 2026-07-24) 47554 bytes
2026-07-10 09:38:06,622 [INFO] Resumo: 960/960 sucessos, 0 erros
2026-07-10 09:38:08,145 [INFO] [CLEANUP] Removidas 128 pastas de histórico anteriores a 2026-06-10
2026-07-10 09:38:08,173 [INFO] Manifest: C:\Users\server\OneDrive - CGB Enterprises, Inc\ZGC-PBI Research - Documents\Dataset Data Files\Weather_maps\manifest.json
2026-07-10 09:38:08,173 [INFO] [GIT] Iniciando sincronização com GitHub...
2026-07-10 09:39:14,309 [INFO] [GIT] Sucesso ✓
2026-07-10 09:39:14,314 [INFO] ✓ Sincronizado com GitHub — Power BI atualiza no próximo refresh
