2026-08-28 09:33:18,212 [INFO] === Execução 2026-08-28 | modo=both | dias=15 | parâmetro=['PRCP_DEP', 'PRCP'] ===
2026-08-28 09:33:18,423 [INFO] Baixando 960 mapas com 6 threads...
2026-08-28 09:33:22,210 [INFO] [OK] Brazil/GFS_ENSEMBLE_Soy_PRCP_DEP/daily dia 01 (2026-08-29 → 2026-08-29) 37036 bytes
2026-08-28 09:33:22,225 [INFO] [OK] Brazil/GFS_ENSEMBLE_Soy_PRCP_DEP/daily dia 05 (2026-09-02 → 2026-09-02) 39273 bytes
2026-08-28 09:33:22,234 [INFO] [OK] Brazil/GFS_ENSEMBLE_Soy_PRCP_DEP/daily dia 03 (2026-08-31 → 2026-08-31) 40315 bytes
2026-08-28 09:33:22,254 [INFO] [OK] Brazil/GFS_ENSEMBLE_Soy_PRCP_DEP/daily dia 02 (2026-08-30 → 2026-08-30) 39378 bytes
2026-08-28 09:33:22,367 [INFO] [OK] Brazil/GFS_ENSEMBLE_Soy_PRCP_DEP/daily dia 00 (2026-08-28 → 2026-08-28) 36448 bytes
2026-08-28 09:33:22,649 [INFO] [OK] Brazil/GFS_ENSEMBLE_Soy_PRCP_DEP/daily dia 04 (2026-09-01 → 2026-09-01) 39437 bytes
2026-08-28 09:33:24,825 [INFO] [OK] Brazil/GFS_ENSEMBLE_Soy_PRCP_DEP/daily dia 06 (2026-09-03 → 2026-09-03) 43777 bytes
2026-08-28 09:33:24,830 [INFO] [OK] Brazil/GFS_ENSEMBLE_Soy_PRCP_DEP/daily dia 09 (2026-09-06 → 2026-09-06) 49165 bytes
2026-08-28 09:33:24,831 [INFO] [OK] Brazil/GFS_ENSEMBLE_Soy_PRCP_DEP/daily dia 11 (2026-09-08 → 2026-09-08) 47723 bytes
2026-08-28 09:33:24,844 [INFO] [OK] Brazil/GFS_ENSEMBLE_Soy_PRCP_DEP/daily dia 07 (2026-09-04 → 2026-09-04) 47453 bytes
2026-08-28 09:33:24,846 [INFO] [OK] Brazil/GFS_ENSEMBLE_Soy_PRCP_DEP/daily dia 08 (2026-09-05 → 2026-09-05) 50597 bytes
2026-08-28 09:33:24,847 [INFO] [OK] Brazil/GFS_ENSEMBLE_Soy_PRCP_DEP/daily dia 10 (2026-09-07 → 2026-09-07) 47719 bytes
2026-08-28 09:33:26,614 [INFO] [OK] Brazil/GFS_ENSEMBLE_Soy_PRCP_DEP/daily dia 14 (2026-09-11 → 2026-09-11) 49903 bytes
2026-08-28 09:33:26,614 [INFO] [OK] Brazil/GFS_ENSEMBLE_Soy_PRCP_DEP/daily dia 13 (2026-09-10 → 2026-09-10) 48895 bytes
2026-08-28 09:33:26,862 [INFO] [OK] Brazil/GFS_ENSEMBLE_Soy_PRCP_DEP/cumulative dia 00 (2026-08-28 → 2026-08-28) 36448 bytes
2026-08-28 09:33:26,864 [INFO] [OK] Brazil/GFS_ENSEMBLE_Soy_PRCP_DEP/cumulative dia 01 (2026-08-28 → 2026-08-29) 37196 bytes
2026-08-28 09:33:26,908 [INFO] [OK] Brazil/GFS_ENSEMBLE_Soy_PRCP_DEP/daily dia 12 (2026-09-09 → 2026-09-09) 49224 bytes
2026-08-28 09:33:26,908 [INFO] [OK] Brazil/GFS_ENSEMBLE_Soy_PRCP_DEP/cumulative dia 02 (2026-08-28 → 2026-08-30) 39067 bytes
2026-08-28 09:33:29,127 [INFO] [OK] Brazil/GFS_ENSEMBLE_Soy_PRCP_DEP/cumulative dia 03 (2026-08-28 → 2026-08-31) 40326 bytes
2026-08-28 09:33:29,141 [INFO] [OK] Brazil/GFS_ENSEMBLE_Soy_PRCP_DEP/cumulative dia 05 (2026-08-28 → 2026-09-02) 43538 bytes
2026-08-28 09:33:29,248 [INFO] [OK] Brazil/GFS_ENSEMBLE_Soy_PRCP_DEP/cumulative dia 04 (2026-08-28 → 2026-09-01) 42074 bytes
2026-08-28 09:33:29,640 [INFO] [OK] Brazil/GFS_ENSEMBLE_Soy_PRCP_DEP/cumulative dia 07 (2026-08-28 → 2026-09-04) 46612 bytes
2026-08-28 09:33:29,699 [INFO] [OK] Brazil/GFS_ENSEMBLE_Soy_PRCP_DEP/cumulative dia 06 (2026-08-28 → 2026-09-03) 45150 bytes
2026-08-28 09:33:29,837 [INFO] [OK] Brazil/GFS_ENSEMBLE_Soy_PRCP_DEP/cumulative dia 08 (2026-08-28 → 2026-09-05) 48135 bytes
2026-08-28 09:33:31,702 [INFO] [OK] Brazil/GFS_ENSEMBLE_Soy_PRCP_DEP/cumulative dia 09 (2026-08-28 → 2026-09-06) 48847 bytes
2026-08-28 09:33:31,776 [INFO] [OK] Brazil/GFS_ENSEMBLE_Soy_PRCP_DEP/cumulative dia 10 (2026-08-28 → 2026-09-07) 49582 bytes
2026-08-28 09:33:32,320 [INFO] [OK] Brazil/GFS_ENSEMBLE_Soy_PRCP_DEP/cumulative dia 11 (2026-08-28 → 2026-09-08) 49912 bytes
2026-08-28 09:33:32,589 [INFO] [OK] Brazil/GFS_ENSEMBLE_Soy_PRCP_DEP/cumulative dia 12 (2026-08-28 → 2026-09-09) 50552 bytes
2026-08-28 09:33:32,756 [INFO] [OK] Brazil/GFS_ENSEMBLE_Soy_PRCP_DEP/cumulative dia 13 (2026-08-28 → 2026-09-10) 50653 bytes
2026-08-28 09:33:32,929 [INFO] [OK] Brazil/GFS_ENSEMBLE_Soy_PRCP_DEP/cumulative dia 14 (2026-08-28 → 2026-09-11) 50990 bytes
2026-08-28 09:33:33,133 [INFO] [OK] Brazil/GFS_ENSEMBLE_Soy_PRCP/daily dia 00 (2026-08-28 → 2026-08-28) 29514 bytes
2026-08-28 09:33:33,450 [INFO] [OK] Brazil/GFS_ENSEMBLE_Soy_PRCP/daily dia 01 (2026-08-29 → 2026-08-29) 29375 bytes
2026-08-28 09:33:33,877 [INFO] [OK] Brazil/GFS_ENSEMBLE_Soy_PRCP/daily dia 02 (2026-08-30 → 2026-08-30) 29992 bytes
2026-08-28 09:33:34,822 [INFO] [OK] Brazil/GFS_ENSEMBLE_Soy_PRCP/daily dia 05 (2026-09-02 → 2026-09-02) 28815 bytes
2026-08-28 09:33:34,824 [INFO] [OK] Brazil/GFS_ENSEMBLE_Soy_PRCP/daily dia 07 (2026-09-04 → 2026-09-04) 29470 bytes
2026-08-28 09:33:34,829 [INFO] [OK] Brazil/GFS_ENSEMBLE_Soy_PRCP/daily dia 04 (2026-09-01 → 2026-09-01) 28998 bytes
2026-08-28 09:33:34,893 [INFO] [OK] Brazil/GFS_ENSEMBLE_Soy_PRCP/daily dia 03 (2026-08-31 → 2026-08-31) 30695 bytes
2026-08-28 09:33:35,060 [INFO] [OK] Brazil/GFS_ENSEMBLE_Soy_PRCP/daily dia 06 (2026-09-03 → 2026-09-03) 28765 bytes
2026-08-28 09:33:35,252 [INFO] [OK] Brazil/GFS_ENSEMBLE_Soy_PRCP/daily dia 08 (2026-09-05 → 2026-09-05) 30305 bytes
2026-08-28 09:33:36,236 [INFO] [OK] Brazil/GFS_ENSEMBLE_Soy_PRCP/daily dia 09 (2026-09-06 → 2026-09-06) 30707 bytes
2026-08-28 09:33:36,512 [INFO] [OK] Brazil/GFS_ENSEMBLE_Soy_PRCP/daily dia 12 (2026-09-09 → 2026-09-09) 31263 bytes
2026-08-28 09:33:36,558 [INFO] [OK] Brazil/GFS_ENSEMBLE_Soy_PRCP/daily dia 10 (2026-09-07 → 2026-09-07) 30767 bytes
2026-08-28 09:33:36,573 [INFO] [OK] Brazil/GFS_ENSEMBLE_Soy_PRCP/daily dia 11 (2026-09-08 → 2026-09-08) 30983 bytes
2026-08-28 09:33:36,700 [INFO] [OK] Brazil/GFS_ENSEMBLE_Soy_PRCP/daily dia 14 (2026-09-11 → 2026-09-11) 31211 bytes
2026-08-28 09:33:36,775 [INFO] [OK] Brazil/GFS_ENSEMBLE_Soy_PRCP/daily dia 13 (2026-09-10 → 2026-09-10) 31447 bytes
2026-08-28 09:33:37,604 [INFO] [OK] Brazil/GFS_ENSEMBLE_Soy_PRCP/cumulative dia 00 (2026-08-28 → 2026-08-28) 29514 bytes
2026-08-28 09:33:38,118 [INFO] [OK] Brazil/GFS_ENSEMBLE_Soy_PRCP/cumulative dia 01 (2026-08-28 → 2026-08-29) 31259 bytes
2026-08-28 09:33:38,271 [INFO] [OK] Brazil/GFS_ENSEMBLE_Soy_PRCP/cumulative dia 02 (2026-08-28 → 2026-08-30) 32738 bytes
2026-08-28 09:33:38,358 [INFO] [OK] Brazil/GFS_ENSEMBLE_Soy_PRCP/cumulative dia 03 (2026-08-28 → 2026-08-31) 34251 bytes
2026-08-28 09:33:38,610 [INFO] [OK] Brazil/GFS_ENSEMBLE_Soy_PRCP/cumulative dia 04 (2026-08-28 → 2026-09-01) 35110 bytes
2026-08-28 09:33:38,930 [INFO] [OK] Brazil/GFS_ENSEMBLE_Soy_PRCP/cumulative dia 05 (2026-08-28 → 2026-09-02) 35883 bytes
2026-08-28 09:33:39,513 [INFO] [OK] Brazil/GFS_ENSEMBLE_Soy_PRCP/cumulative dia 06 (2026-08-28 → 2026-09-03) 36352 bytes
2026-08-28 09:33:40,713 [INFO] [OK] Brazil/GFS_ENSEMBLE_Soy_PRCP/cumulative dia 07 (2026-08-28 → 2026-09-04) 36931 bytes
2026-08-28 09:33:40,895 [INFO] [OK] Brazil/GFS_ENSEMBLE_Soy_PRCP/cumulative dia 08 (2026-08-28 → 2026-09-05) 38147 bytes
2026-08-28 09:33:40,986 [INFO] [OK] Brazil/GFS_ENSEMBLE_Soy_PRCP/cumulative dia 09 (2026-08-28 → 2026-09-06) 38782 bytes
2026-08-28 09:33:41,469 [INFO] [OK] Brazil/GFS_ENSEMBLE_Soy_PRCP/cumulative dia 10 (2026-08-28 → 2026-09-07) 39340 bytes
2026-08-28 09:33:41,576 [INFO] [OK] Brazil/GFS_ENSEMBLE_Soy_PRCP/cumulative dia 11 (2026-08-28 → 2026-09-08) 40320 bytes
2026-08-28 09:33:42,285 [INFO] [OK] Brazil/GFS_ENSEMBLE_Soy_PRCP/cumulative dia 12 (2026-08-28 → 2026-09-09) 40893 bytes
2026-08-28 09:33:42,845 [INFO] [OK] Brazil/GFS_ENSEMBLE_Corn_Winter_PRCP_DEP/daily dia 00 (2026-08-28 → 2026-08-28) 34674 bytes
2026-08-28 09:33:43,292 [INFO] [OK] Brazil/GFS_ENSEMBLE_Corn_Winter_PRCP_DEP/daily dia 02 (2026-08-30 → 2026-08-30) 37873 bytes
2026-08-28 09:33:43,778 [INFO] [OK] Brazil/GFS_ENSEMBLE_Corn_Winter_PRCP_DEP/daily dia 03 (2026-08-31 → 2026-08-31) 38810 bytes
2026-08-28 09:33:44,215 [INFO] [OK] Brazil/GFS_ENSEMBLE_Corn_Winter_PRCP_DEP/daily dia 01 (2026-08-29 → 2026-08-29) 35306 bytes
2026-08-28 09:33:44,230 [INFO] [OK] Brazil/GFS_ENSEMBLE_Soy_PRCP/cumulative dia 14 (2026-08-28 → 2026-09-11) 42086 bytes
2026-08-28 09:33:44,410 [INFO] [OK] Brazil/GFS_ENSEMBLE_Soy_PRCP/cumulative dia 13 (2026-08-28 → 2026-09-10) 41693 bytes
2026-08-28 09:33:44,647 [INFO] [OK] Brazil/GFS_ENSEMBLE_Corn_Winter_PRCP_DEP/daily dia 04 (2026-09-01 → 2026-09-01) 38124 bytes
2026-08-28 09:33:44,833 [INFO] [OK] Brazil/GFS_ENSEMBLE_Corn_Winter_PRCP_DEP/daily dia 05 (2026-09-02 → 2026-09-02) 37422 bytes
2026-08-28 09:33:45,288 [INFO] [OK] Brazil/GFS_ENSEMBLE_Corn_Winter_PRCP_DEP/daily dia 06 (2026-09-03 → 2026-09-03) 41854 bytes
2026-08-28 09:33:46,691 [INFO] [OK] Brazil/GFS_ENSEMBLE_Corn_Winter_PRCP_DEP/daily dia 10 (2026-09-07 → 2026-09-07) 46282 bytes
2026-08-28 09:33:46,805 [INFO] [OK] Brazil/GFS_ENSEMBLE_Corn_Winter_PRCP_DEP/daily dia 12 (2026-09-09 → 2026-09-09) 47675 bytes
2026-08-28 09:33:47,109 [INFO] [OK] Brazil/GFS_ENSEMBLE_Corn_Winter_PRCP_DEP/daily dia 07 (2026-09-04 → 2026-09-04) 45807 bytes
2026-08-28 09:33:47,297 [INFO] [OK] Brazil/GFS_ENSEMBLE_Corn_Winter_PRCP_DEP/daily dia 08 (2026-09-05 → 2026-09-05) 48780 bytes
2026-08-28 09:33:47,482 [INFO] [OK] Brazil/GFS_ENSEMBLE_Corn_Winter_PRCP_DEP/daily dia 09 (2026-09-06 → 2026-09-06) 47694 bytes
2026-08-28 09:33:47,484 [INFO] [OK] Brazil/GFS_ENSEMBLE_Corn_Winter_PRCP_DEP/daily dia 11 (2026-09-08 → 2026-09-08) 46371 bytes
2026-08-28 09:33:48,287 [INFO] [OK] Brazil/GFS_ENSEMBLE_Corn_Winter_PRCP_DEP/daily dia 13 (2026-09-10 → 2026-09-10) 47329 bytes
2026-08-28 09:33:48,520 [INFO] [OK] Brazil/GFS_ENSEMBLE_Corn_Winter_PRCP_DEP/daily dia 14 (2026-09-11 → 2026-09-11) 48332 bytes
2026-08-28 09:33:48,772 [INFO] [OK] Brazil/GFS_ENSEMBLE_Corn_Winter_PRCP_DEP/cumulative dia 00 (2026-08-28 → 2026-08-28) 34674 bytes
2026-08-28 09:33:48,968 [INFO] [OK] Brazil/GFS_ENSEMBLE_Corn_Winter_PRCP_DEP/cumulative dia 01 (2026-08-28 → 2026-08-29) 35566 bytes
2026-08-28 09:33:49,315 [INFO] [OK] Brazil/GFS_ENSEMBLE_Corn_Winter_PRCP_DEP/cumulative dia 02 (2026-08-28 → 2026-08-30) 37495 bytes
2026-08-28 09:33:49,370 [INFO] [OK] Brazil/GFS_ENSEMBLE_Corn_Winter_PRCP_DEP/cumulative dia 03 (2026-08-28 → 2026-08-31) 38969 bytes
2026-08-28 09:33:50,367 [INFO] [OK] Brazil/GFS_ENSEMBLE_Corn_Winter_PRCP_DEP/cumulative dia 04 (2026-08-28 → 2026-09-01) 40710 bytes
2026-08-28 09:33:51,071 [INFO] [OK] Brazil/GFS_ENSEMBLE_Corn_Winter_PRCP_DEP/cumulative dia 05 (2026-08-28 → 2026-09-02) 42063 bytes
2026-08-28 09:33:51,550 [INFO] [OK] Brazil/GFS_ENSEMBLE_Corn_Winter_PRCP_DEP/cumulative dia 06 (2026-08-28 → 2026-09-03) 43730 bytes
2026-08-28 09:33:52,034 [INFO] [OK] Brazil/GFS_ENSEMBLE_Corn_Winter_PRCP_DEP/cumulative dia 07 (2026-08-28 → 2026-09-04) 45200 bytes
2026-08-28 09:33:52,852 [INFO] [OK] Brazil/GFS_ENSEMBLE_Corn_Winter_PRCP_DEP/cumulative dia 08 (2026-08-28 → 2026-09-05) 46566 bytes
2026-08-28 09:33:52,860 [INFO] [OK] Brazil/GFS_ENSEMBLE_Corn_Winter_PRCP_DEP/cumulative dia 09 (2026-08-28 → 2026-09-06) 47323 bytes
2026-08-28 09:33:53,932 [INFO] [OK] Brazil/GFS_ENSEMBLE_Corn_Winter_PRCP_DEP/cumulative dia 10 (2026-08-28 → 2026-09-07) 47876 bytes
2026-08-28 09:33:54,460 [INFO] [OK] Brazil/GFS_ENSEMBLE_Corn_Winter_PRCP/daily dia 00 (2026-08-28 → 2026-08-28) 27788 bytes
2026-08-28 09:33:54,773 [INFO] [OK] Brazil/GFS_ENSEMBLE_Corn_Winter_PRCP_DEP/cumulative dia 11 (2026-08-28 → 2026-09-08) 48410 bytes
2026-08-28 09:33:55,390 [INFO] [OK] Brazil/GFS_ENSEMBLE_Corn_Winter_PRCP_DEP/cumulative dia 12 (2026-08-28 → 2026-09-09) 48939 bytes
2026-08-28 09:33:55,640 [INFO] [OK] Brazil/GFS_ENSEMBLE_Corn_Winter_PRCP/daily dia 01 (2026-08-29 → 2026-08-29) 27667 bytes
2026-08-28 09:33:56,011 [INFO] [OK] Brazil/GFS_ENSEMBLE_Corn_Winter_PRCP/daily dia 02 (2026-08-30 → 2026-08-30) 28406 bytes
2026-08-28 09:33:56,052 [INFO] [OK] Brazil/GFS_ENSEMBLE_Corn_Winter_PRCP_DEP/cumulative dia 13 (2026-08-28 → 2026-09-10) 49213 bytes
2026-08-28 09:33:56,377 [INFO] [OK] Brazil/GFS_ENSEMBLE_Corn_Winter_PRCP/daily dia 03 (2026-08-31 → 2026-08-31) 29010 bytes
2026-08-28 09:33:56,562 [INFO] [OK] Brazil/GFS_ENSEMBLE_Corn_Winter_PRCP_DEP/cumulative dia 14 (2026-08-28 → 2026-09-11) 49482 bytes
2026-08-28 09:33:56,908 [INFO] [OK] Brazil/GFS_ENSEMBLE_Corn_Winter_PRCP/daily dia 04 (2026-09-01 → 2026-09-01) 27437 bytes
2026-08-28 09:33:57,146 [INFO] [OK] Brazil/GFS_ENSEMBLE_Corn_Winter_PRCP/daily dia 05 (2026-09-02 → 2026-09-02) 27181 bytes
2026-08-28 09:33:57,607 [INFO] [OK] Brazil/GFS_ENSEMBLE_Corn_Winter_PRCP/daily dia 06 (2026-09-03 → 2026-09-03) 27258 bytes
2026-08-28 09:33:57,666 [INFO] [OK] Brazil/GFS_ENSEMBLE_Corn_Winter_PRCP/daily dia 07 (2026-09-04 → 2026-09-04) 27908 bytes
2026-08-28 09:33:57,931 [INFO] [OK] Brazil/GFS_ENSEMBLE_Corn_Winter_PRCP/daily dia 08 (2026-09-05 → 2026-09-05) 28742 bytes
2026-08-28 09:33:58,554 [INFO] [OK] Brazil/GFS_ENSEMBLE_Corn_Winter_PRCP/daily dia 10 (2026-09-07 → 2026-09-07) 29278 bytes
2026-08-28 09:33:58,558 [INFO] [OK] Brazil/GFS_ENSEMBLE_Corn_Winter_PRCP/daily dia 09 (2026-09-06 → 2026-09-06) 29334 bytes
2026-08-28 09:33:58,576 [INFO] [OK] Brazil/GFS_ENSEMBLE_Corn_Winter_PRCP/daily dia 11 (2026-09-08 → 2026-09-08) 29611 bytes
2026-08-28 09:33:59,178 [INFO] [OK] Brazil/GFS_ENSEMBLE_Corn_Winter_PRCP/daily dia 13 (2026-09-10 → 2026-09-10) 30030 bytes
2026-08-28 09:33:59,245 [INFO] [OK] Brazil/GFS_ENSEMBLE_Corn_Winter_PRCP/daily dia 12 (2026-09-09 → 2026-09-09) 30007 bytes
2026-08-28 09:33:59,476 [INFO] [OK] Brazil/GFS_ENSEMBLE_Corn_Winter_PRCP/daily dia 14 (2026-09-11 → 2026-09-11) 29865 bytes
2026-08-28 09:34:00,343 [INFO] [OK] Brazil/GFS_ENSEMBLE_Corn_Winter_PRCP/cumulative dia 00 (2026-08-28 → 2026-08-28) 27788 bytes
2026-08-28 09:34:00,530 [INFO] [OK] Brazil/GFS_ENSEMBLE_Corn_Winter_PRCP/cumulative dia 01 (2026-08-28 → 2026-08-29) 29315 bytes
2026-08-28 09:34:00,560 [INFO] [OK] Brazil/GFS_ENSEMBLE_Corn_Winter_PRCP/cumulative dia 02 (2026-08-28 → 2026-08-30) 30878 bytes
2026-08-28 09:34:01,627 [INFO] [OK] Brazil/GFS_ENSEMBLE_Corn_Winter_PRCP/cumulative dia 04 (2026-08-28 → 2026-09-01) 33449 bytes
2026-08-28 09:34:01,629 [INFO] [OK] Brazil/GFS_ENSEMBLE_Corn_Winter_PRCP/cumulative dia 03 (2026-08-28 → 2026-08-31) 32447 bytes
2026-08-28 09:34:02,029 [INFO] [OK] Brazil/GFS_ENSEMBLE_Corn_Winter_PRCP/cumulative dia 05 (2026-08-28 → 2026-09-02) 34239 bytes
2026-08-28 09:34:03,265 [INFO] [OK] Brazil/GFS_ENSEMBLE_Corn_Winter_PRCP/cumulative dia 06 (2026-08-28 → 2026-09-03) 34690 bytes
2026-08-28 09:34:03,733 [INFO] [OK] Brazil/GFS_ENSEMBLE_Corn_Winter_PRCP/cumulative dia 07 (2026-08-28 → 2026-09-04) 35445 bytes
2026-08-28 09:34:03,846 [INFO] [OK] Brazil/GFS_ENSEMBLE_Corn_Winter_PRCP/cumulative dia 08 (2026-08-28 → 2026-09-05) 36642 bytes
2026-08-28 09:34:05,235 [INFO] [OK] Brazil/GFS_ENSEMBLE_Corn_Winter_PRCP/cumulative dia 09 (2026-08-28 → 2026-09-06) 37386 bytes
2026-08-28 09:34:05,354 [INFO] [OK] Brazil/GFS_ENSEMBLE_Corn_Winter_PRCP/cumulative dia 10 (2026-08-28 → 2026-09-07) 37873 bytes
2026-08-28 09:34:06,126 [INFO] [OK] Brazil/GFS_ENSEMBLE_Corn_Winter_PRCP/cumulative dia 11 (2026-08-28 → 2026-09-08) 38870 bytes
2026-08-28 09:34:07,079 [INFO] [OK] Brazil/ECM_ENSEMBLE_Soy_PRCP_DEP/daily dia 00 (2026-08-28 → 2026-08-28) 50189 bytes
2026-08-28 09:34:07,150 [INFO] [OK] Brazil/ECM_ENSEMBLE_Soy_PRCP_DEP/daily dia 01 (2026-08-29 → 2026-08-29) 49189 bytes
2026-08-28 09:34:07,181 [INFO] [OK] Brazil/GFS_ENSEMBLE_Corn_Winter_PRCP/cumulative dia 12 (2026-08-28 → 2026-09-09) 39485 bytes
2026-08-28 09:34:07,703 [INFO] [OK] Brazil/GFS_ENSEMBLE_Corn_Winter_PRCP/cumulative dia 13 (2026-08-28 → 2026-09-10) 40290 bytes
2026-08-28 09:34:07,733 [INFO] [OK] Brazil/ECM_ENSEMBLE_Soy_PRCP_DEP/daily dia 02 (2026-08-30 → 2026-08-30) 47611 bytes
2026-08-28 09:34:08,276 [INFO] [OK] Brazil/GFS_ENSEMBLE_Corn_Winter_PRCP/cumulative dia 14 (2026-08-28 → 2026-09-11) 40696 bytes
2026-08-28 09:34:08,616 [INFO] [OK] Brazil/ECM_ENSEMBLE_Soy_PRCP_DEP/daily dia 03 (2026-08-31 → 2026-08-31) 46080 bytes
2026-08-28 09:34:08,700 [INFO] [OK] Brazil/ECM_ENSEMBLE_Soy_PRCP_DEP/daily dia 04 (2026-09-01 → 2026-09-01) 47521 bytes
2026-08-28 09:34:08,885 [INFO] [OK] Brazil/ECM_ENSEMBLE_Soy_PRCP_DEP/daily dia 05 (2026-09-02 → 2026-09-02) 47546 bytes
2026-08-28 09:34:09,263 [INFO] [OK] Brazil/ECM_ENSEMBLE_Soy_PRCP_DEP/daily dia 06 (2026-09-03 → 2026-09-03) 52937 bytes
2026-08-28 09:34:09,352 [INFO] [OK] Brazil/ECM_ENSEMBLE_Soy_PRCP_DEP/daily dia 07 (2026-09-04 → 2026-09-04) 47440 bytes
2026-08-28 09:34:10,142 [INFO] [OK] Brazil/ECM_ENSEMBLE_Soy_PRCP_DEP/daily dia 08 (2026-09-05 → 2026-09-05) 49530 bytes
2026-08-28 09:34:10,917 [INFO] [OK] Brazil/ECM_ENSEMBLE_Soy_PRCP_DEP/daily dia 10 (2026-09-07 → 2026-09-07) 51208 bytes
2026-08-28 09:34:10,921 [INFO] [OK] Brazil/ECM_ENSEMBLE_Soy_PRCP_DEP/daily dia 09 (2026-09-06 → 2026-09-06) 51711 bytes
2026-08-28 09:34:10,927 [INFO] [OK] Brazil/ECM_ENSEMBLE_Soy_PRCP_DEP/daily dia 11 (2026-09-08 → 2026-09-08) 50230 bytes
2026-08-28 09:34:11,039 [INFO] [OK] Brazil/ECM_ENSEMBLE_Soy_PRCP_DEP/daily dia 13 (2026-09-10 → 2026-09-10) 51342 bytes
2026-08-28 09:34:11,557 [INFO] [OK] Brazil/ECM_ENSEMBLE_Soy_PRCP_DEP/daily dia 12 (2026-09-09 → 2026-09-09) 50821 bytes
2026-08-28 09:34:11,780 [INFO] [OK] Brazil/ECM_ENSEMBLE_Soy_PRCP_DEP/daily dia 14 (2026-09-11 → 2026-09-11) 53777 bytes
2026-08-28 09:34:12,922 [INFO] [OK] Brazil/ECM_ENSEMBLE_Soy_PRCP_DEP/cumulative dia 02 (2026-08-28 → 2026-08-30) 50368 bytes
2026-08-28 09:34:12,922 [INFO] [OK] Brazil/ECM_ENSEMBLE_Soy_PRCP_DEP/cumulative dia 00 (2026-08-28 → 2026-08-28) 50189 bytes
2026-08-28 09:34:13,468 [INFO] [OK] Brazil/ECM_ENSEMBLE_Soy_PRCP_DEP/cumulative dia 01 (2026-08-28 → 2026-08-29) 51485 bytes
2026-08-28 09:34:13,530 [INFO] [OK] Brazil/ECM_ENSEMBLE_Soy_PRCP_DEP/cumulative dia 03 (2026-08-28 → 2026-08-31) 50621 bytes
2026-08-28 09:34:14,052 [INFO] [OK] Brazil/ECM_ENSEMBLE_Soy_PRCP_DEP/cumulative dia 04 (2026-08-28 → 2026-09-01) 52319 bytes
2026-08-28 09:34:14,156 [INFO] [OK] Brazil/ECM_ENSEMBLE_Soy_PRCP_DEP/cumulative dia 05 (2026-08-28 → 2026-09-02) 53737 bytes
2026-08-28 09:34:16,337 [INFO] [OK] Brazil/ECM_ENSEMBLE_Soy_PRCP_DEP/cumulative dia 06 (2026-08-28 → 2026-09-03) 54519 bytes
2026-08-28 09:34:17,257 [INFO] [OK] Brazil/ECM_ENSEMBLE_Soy_PRCP_DEP/cumulative dia 07 (2026-08-28 → 2026-09-04) 53809 bytes
2026-08-28 09:34:17,268 [INFO] [OK] Brazil/ECM_ENSEMBLE_Soy_PRCP_DEP/cumulative dia 10 (2026-08-28 → 2026-09-07) 52109 bytes
2026-08-28 09:34:17,270 [INFO] [OK] Brazil/ECM_ENSEMBLE_Soy_PRCP_DEP/cumulative dia 08 (2026-08-28 → 2026-09-05) 52446 bytes
2026-08-28 09:34:17,294 [INFO] [OK] Brazil/ECM_ENSEMBLE_Soy_PRCP_DEP/cumulative dia 09 (2026-08-28 → 2026-09-06) 52397 bytes
2026-08-28 09:34:17,365 [INFO] [OK] Brazil/ECM_ENSEMBLE_Soy_PRCP_DEP/cumulative dia 11 (2026-08-28 → 2026-09-08) 51908 bytes
2026-08-28 09:34:19,340 [INFO] [OK] Brazil/ECM_ENSEMBLE_Soy_PRCP/daily dia 02 (2026-08-30 → 2026-08-30) 32651 bytes
2026-08-28 09:34:19,345 [INFO] [OK] Brazil/ECM_ENSEMBLE_Soy_PRCP/daily dia 00 (2026-08-28 → 2026-08-28) 32773 bytes
2026-08-28 09:34:19,346 [INFO] [OK] Brazil/ECM_ENSEMBLE_Soy_PRCP/daily dia 01 (2026-08-29 → 2026-08-29) 31423 bytes
2026-08-28 09:34:21,124 [INFO] [OK] Brazil/ECM_ENSEMBLE_Soy_PRCP_DEP/cumulative dia 12 (2026-08-28 → 2026-09-09) 51462 bytes
2026-08-28 09:34:21,186 [INFO] [OK] Brazil/ECM_ENSEMBLE_Soy_PRCP/daily dia 03 (2026-08-31 → 2026-08-31) 32186 bytes
2026-08-28 09:34:21,484 [INFO] [OK] Brazil/ECM_ENSEMBLE_Soy_PRCP/daily dia 04 (2026-09-01 → 2026-09-01) 31350 bytes
2026-08-28 09:34:21,731 [INFO] [OK] Brazil/ECM_ENSEMBLE_Soy_PRCP/daily dia 05 (2026-09-02 → 2026-09-02) 30142 bytes
2026-08-28 09:34:21,734 [INFO] [OK] Brazil/ECM_ENSEMBLE_Soy_PRCP_DEP/cumulative dia 14 (2026-08-28 → 2026-09-11) 50830 bytes
2026-08-28 09:34:21,735 [INFO] [OK] Brazil/ECM_ENSEMBLE_Soy_PRCP_DEP/cumulative dia 13 (2026-08-28 → 2026-09-10) 51160 bytes
2026-08-28 09:34:23,060 [INFO] [OK] Brazil/ECM_ENSEMBLE_Soy_PRCP/daily dia 06 (2026-09-03 → 2026-09-03) 30539 bytes
2026-08-28 09:34:23,061 [INFO] [OK] Brazil/ECM_ENSEMBLE_Soy_PRCP/daily dia 07 (2026-09-04 → 2026-09-04) 31511 bytes
2026-08-28 09:34:23,363 [INFO] [OK] Brazil/ECM_ENSEMBLE_Soy_PRCP/daily dia 08 (2026-09-05 → 2026-09-05) 31389 bytes
2026-08-28 09:34:23,797 [INFO] [OK] Brazil/ECM_ENSEMBLE_Soy_PRCP/daily dia 10 (2026-09-07 → 2026-09-07) 31942 bytes
2026-08-28 09:34:23,800 [INFO] [OK] Brazil/ECM_ENSEMBLE_Soy_PRCP/daily dia 09 (2026-09-06 → 2026-09-06) 31289 bytes
2026-08-28 09:34:23,956 [INFO] [OK] Brazil/ECM_ENSEMBLE_Soy_PRCP/daily dia 11 (2026-09-08 → 2026-09-08) 32343 bytes
2026-08-28 09:34:24,786 [INFO] [OK] Brazil/ECM_ENSEMBLE_Soy_PRCP/daily dia 13 (2026-09-10 → 2026-09-10) 31554 bytes
2026-08-28 09:34:24,842 [INFO] [OK] Brazil/ECM_ENSEMBLE_Soy_PRCP/daily dia 12 (2026-09-09 → 2026-09-09) 31892 bytes
2026-08-28 09:34:25,189 [INFO] [OK] Brazil/ECM_ENSEMBLE_Soy_PRCP/daily dia 14 (2026-09-11 → 2026-09-11) 31028 bytes
2026-08-28 09:34:25,736 [INFO] [OK] Brazil/ECM_ENSEMBLE_Soy_PRCP/cumulative dia 00 (2026-08-28 → 2026-08-28) 32773 bytes
2026-08-28 09:34:25,806 [INFO] [OK] Brazil/ECM_ENSEMBLE_Soy_PRCP/cumulative dia 01 (2026-08-28 → 2026-08-29) 34809 bytes
2026-08-28 09:34:25,947 [INFO] [OK] Brazil/ECM_ENSEMBLE_Soy_PRCP/cumulative dia 02 (2026-08-28 → 2026-08-30) 37154 bytes
2026-08-28 09:34:27,179 [INFO] [OK] Brazil/ECM_ENSEMBLE_Soy_PRCP/cumulative dia 03 (2026-08-28 → 2026-08-31) 38754 bytes
2026-08-28 09:34:27,689 [INFO] [OK] Brazil/ECM_ENSEMBLE_Soy_PRCP/cumulative dia 04 (2026-08-28 → 2026-09-01) 39644 bytes
2026-08-28 09:34:28,319 [INFO] [OK] Brazil/ECM_ENSEMBLE_Soy_PRCP/cumulative dia 05 (2026-08-28 → 2026-09-02) 40326 bytes
2026-08-28 09:34:28,942 [INFO] [OK] Brazil/ECM_ENSEMBLE_Soy_PRCP/cumulative dia 06 (2026-08-28 → 2026-09-03) 40679 bytes
2026-08-28 09:34:29,264 [INFO] [OK] Brazil/ECM_ENSEMBLE_Soy_PRCP/cumulative dia 07 (2026-08-28 → 2026-09-04) 41759 bytes
2026-08-28 09:34:29,390 [INFO] [OK] Brazil/ECM_ENSEMBLE_Soy_PRCP/cumulative dia 08 (2026-08-28 → 2026-09-05) 42546 bytes
2026-08-28 09:34:32,326 [INFO] [OK] Brazil/ECM_ENSEMBLE_Soy_PRCP/cumulative dia 09 (2026-08-28 → 2026-09-06) 44013 bytes
2026-08-28 09:34:33,583 [INFO] [OK] Brazil/ECM_ENSEMBLE_Soy_PRCP/cumulative dia 10 (2026-08-28 → 2026-09-07) 44347 bytes
2026-08-28 09:34:33,946 [INFO] [OK] Brazil/ECM_ENSEMBLE_Soy_PRCP/cumulative dia 11 (2026-08-28 → 2026-09-08) 44474 bytes
2026-08-28 09:34:34,639 [INFO] [OK] Brazil/ECM_ENSEMBLE_Corn_Winter_PRCP_DEP/daily dia 00 (2026-08-28 → 2026-08-28) 48677 bytes
2026-08-28 09:34:34,651 [INFO] [OK] Brazil/ECM_ENSEMBLE_Soy_PRCP/cumulative dia 12 (2026-08-28 → 2026-09-09) 45339 bytes
2026-08-28 09:34:35,724 [INFO] [OK] Brazil/ECM_ENSEMBLE_Soy_PRCP/cumulative dia 13 (2026-08-28 → 2026-09-10) 46009 bytes
2026-08-28 09:34:35,730 [INFO] [OK] Brazil/ECM_ENSEMBLE_Soy_PRCP/cumulative dia 14 (2026-08-28 → 2026-09-11) 45656 bytes
2026-08-28 09:34:35,974 [INFO] [OK] Brazil/ECM_ENSEMBLE_Corn_Winter_PRCP_DEP/daily dia 01 (2026-08-29 → 2026-08-29) 47613 bytes
2026-08-28 09:34:36,372 [INFO] [OK] Brazil/ECM_ENSEMBLE_Corn_Winter_PRCP_DEP/daily dia 02 (2026-08-30 → 2026-08-30) 46275 bytes
2026-08-28 09:34:36,592 [INFO] [OK] Brazil/ECM_ENSEMBLE_Corn_Winter_PRCP_DEP/daily dia 03 (2026-08-31 → 2026-08-31) 44741 bytes
2026-08-28 09:34:36,946 [INFO] [OK] Brazil/ECM_ENSEMBLE_Corn_Winter_PRCP_DEP/daily dia 04 (2026-09-01 → 2026-09-01) 46228 bytes
2026-08-28 09:34:37,837 [INFO] [OK] Brazil/ECM_ENSEMBLE_Corn_Winter_PRCP_DEP/daily dia 05 (2026-09-02 → 2026-09-02) 46006 bytes
2026-08-28 09:34:38,367 [INFO] [OK] Brazil/ECM_ENSEMBLE_Corn_Winter_PRCP_DEP/daily dia 06 (2026-09-03 → 2026-09-03) 51507 bytes
2026-08-28 09:34:38,371 [INFO] [OK] Brazil/ECM_ENSEMBLE_Corn_Winter_PRCP_DEP/daily dia 07 (2026-09-04 → 2026-09-04) 45964 bytes
2026-08-28 09:34:38,493 [INFO] [OK] Brazil/ECM_ENSEMBLE_Corn_Winter_PRCP_DEP/daily dia 09 (2026-09-06 → 2026-09-06) 50293 bytes
2026-08-28 09:34:38,586 [INFO] [OK] Brazil/ECM_ENSEMBLE_Corn_Winter_PRCP_DEP/daily dia 08 (2026-09-05 → 2026-09-05) 48421 bytes
2026-08-28 09:34:38,972 [INFO] [OK] Brazil/ECM_ENSEMBLE_Corn_Winter_PRCP_DEP/daily dia 10 (2026-09-07 → 2026-09-07) 49850 bytes
2026-08-28 09:34:40,073 [INFO] [OK] Brazil/ECM_ENSEMBLE_Corn_Winter_PRCP_DEP/daily dia 11 (2026-09-08 → 2026-09-08) 48783 bytes
2026-08-28 09:34:40,591 [INFO] [OK] Brazil/ECM_ENSEMBLE_Corn_Winter_PRCP_DEP/daily dia 12 (2026-09-09 → 2026-09-09) 49179 bytes
2026-08-28 09:34:40,702 [INFO] [OK] Brazil/ECM_ENSEMBLE_Corn_Winter_PRCP_DEP/daily dia 13 (2026-09-10 → 2026-09-10) 49974 bytes
2026-08-28 09:34:41,011 [INFO] [OK] Brazil/ECM_ENSEMBLE_Corn_Winter_PRCP_DEP/daily dia 14 (2026-09-11 → 2026-09-11) 52209 bytes
2026-08-28 09:34:41,154 [INFO] [OK] Brazil/ECM_ENSEMBLE_Corn_Winter_PRCP_DEP/cumulative dia 00 (2026-08-28 → 2026-08-28) 48677 bytes
2026-08-28 09:34:41,196 [INFO] [OK] Brazil/ECM_ENSEMBLE_Corn_Winter_PRCP_DEP/cumulative dia 01 (2026-08-28 → 2026-08-29) 49839 bytes
2026-08-28 09:34:42,488 [INFO] [OK] Brazil/ECM_ENSEMBLE_Corn_Winter_PRCP_DEP/cumulative dia 02 (2026-08-28 → 2026-08-30) 49080 bytes
2026-08-28 09:34:43,127 [INFO] [OK] Brazil/ECM_ENSEMBLE_Corn_Winter_PRCP_DEP/cumulative dia 03 (2026-08-28 → 2026-08-31) 49103 bytes
2026-08-28 09:34:43,606 [INFO] [OK] Brazil/ECM_ENSEMBLE_Corn_Winter_PRCP_DEP/cumulative dia 04 (2026-08-28 → 2026-09-01) 50838 bytes
2026-08-28 09:34:44,370 [INFO] [OK] Brazil/ECM_ENSEMBLE_Corn_Winter_PRCP_DEP/cumulative dia 05 (2026-08-28 → 2026-09-02) 52275 bytes
2026-08-28 09:34:44,591 [INFO] [OK] Brazil/ECM_ENSEMBLE_Corn_Winter_PRCP_DEP/cumulative dia 06 (2026-08-28 → 2026-09-03) 53069 bytes
2026-08-28 09:34:44,769 [INFO] [OK] Brazil/ECM_ENSEMBLE_Corn_Winter_PRCP_DEP/cumulative dia 07 (2026-08-28 → 2026-09-04) 52600 bytes
2026-08-28 09:34:46,886 [INFO] [OK] Brazil/ECM_ENSEMBLE_Corn_Winter_PRCP_DEP/cumulative dia 08 (2026-08-28 → 2026-09-05) 51013 bytes
2026-08-28 09:34:48,348 [INFO] [OK] Brazil/ECM_ENSEMBLE_Corn_Winter_PRCP_DEP/cumulative dia 09 (2026-08-28 → 2026-09-06) 51227 bytes
2026-08-28 09:34:48,348 [INFO] [OK] Brazil/ECM_ENSEMBLE_Corn_Winter_PRCP_DEP/cumulative dia 10 (2026-08-28 → 2026-09-07) 50733 bytes
2026-08-28 09:34:49,298 [INFO] [OK] Brazil/ECM_ENSEMBLE_Corn_Winter_PRCP_DEP/cumulative dia 11 (2026-08-28 → 2026-09-08) 50725 bytes
2026-08-28 09:34:49,361 [INFO] [OK] Brazil/ECM_ENSEMBLE_Corn_Winter_PRCP_DEP/cumulative dia 13 (2026-08-28 → 2026-09-10) 50015 bytes
2026-08-28 09:34:49,446 [INFO] [OK] Brazil/ECM_ENSEMBLE_Corn_Winter_PRCP_DEP/cumulative dia 12 (2026-08-28 → 2026-09-09) 50416 bytes
2026-08-28 09:34:50,733 [INFO] [OK] Brazil/ECM_ENSEMBLE_Corn_Winter_PRCP/daily dia 01 (2026-08-29 → 2026-08-29) 29697 bytes
2026-08-28 09:34:50,765 [INFO] [OK] Brazil/ECM_ENSEMBLE_Corn_Winter_PRCP/daily dia 00 (2026-08-28 → 2026-08-28) 31024 bytes
2026-08-28 09:34:51,247 [INFO] [OK] Brazil/ECM_ENSEMBLE_Corn_Winter_PRCP/daily dia 02 (2026-08-30 → 2026-08-30) 31075 bytes
2026-08-28 09:34:51,517 [INFO] [OK] Brazil/ECM_ENSEMBLE_Corn_Winter_PRCP/daily dia 03 (2026-08-31 → 2026-08-31) 30540 bytes
2026-08-28 09:34:51,797 [INFO] [OK] Brazil/ECM_ENSEMBLE_Corn_Winter_PRCP/daily dia 04 (2026-09-01 → 2026-09-01) 29874 bytes
2026-08-28 09:34:52,211 [INFO] [OK] Brazil/ECM_ENSEMBLE_Corn_Winter_PRCP_DEP/cumulative dia 14 (2026-08-28 → 2026-09-11) 49634 bytes
2026-08-28 09:34:52,809 [INFO] [OK] Brazil/ECM_ENSEMBLE_Corn_Winter_PRCP/daily dia 06 (2026-09-03 → 2026-09-03) 29223 bytes
2026-08-28 09:34:52,994 [INFO] [OK] Brazil/ECM_ENSEMBLE_Corn_Winter_PRCP/daily dia 05 (2026-09-02 → 2026-09-02) 28492 bytes
2026-08-28 09:34:53,209 [INFO] [OK] Brazil/ECM_ENSEMBLE_Corn_Winter_PRCP/daily dia 07 (2026-09-04 → 2026-09-04) 30054 bytes
2026-08-28 09:34:53,331 [INFO] [OK] Brazil/ECM_ENSEMBLE_Corn_Winter_PRCP/daily dia 08 (2026-09-05 → 2026-09-05) 29893 bytes
2026-08-28 09:34:53,614 [INFO] [OK] Brazil/ECM_ENSEMBLE_Corn_Winter_PRCP/daily dia 09 (2026-09-06 → 2026-09-06) 29862 bytes
2026-08-28 09:34:54,221 [INFO] [OK] Brazil/ECM_ENSEMBLE_Corn_Winter_PRCP/daily dia 10 (2026-09-07 → 2026-09-07) 30498 bytes
2026-08-28 09:34:54,777 [INFO] [OK] Brazil/ECM_ENSEMBLE_Corn_Winter_PRCP/daily dia 11 (2026-09-08 → 2026-09-08) 30875 bytes
2026-08-28 09:34:54,927 [INFO] [OK] Brazil/ECM_ENSEMBLE_Corn_Winter_PRCP/daily dia 12 (2026-09-09 → 2026-09-09) 30416 bytes
2026-08-28 09:34:55,052 [INFO] [OK] Brazil/ECM_ENSEMBLE_Corn_Winter_PRCP/daily dia 13 (2026-09-10 → 2026-09-10) 30202 bytes
2026-08-28 09:34:55,283 [INFO] [OK] Brazil/ECM_ENSEMBLE_Corn_Winter_PRCP/cumulative dia 00 (2026-08-28 → 2026-08-28) 31024 bytes
2026-08-28 09:34:55,290 [INFO] [OK] Brazil/ECM_ENSEMBLE_Corn_Winter_PRCP/daily dia 14 (2026-09-11 → 2026-09-11) 29686 bytes
2026-08-28 09:34:56,216 [INFO] [OK] Brazil/ECM_ENSEMBLE_Corn_Winter_PRCP/cumulative dia 01 (2026-08-28 → 2026-08-29) 33143 bytes
2026-08-28 09:34:57,202 [INFO] [OK] Brazil/ECM_ENSEMBLE_Corn_Winter_PRCP/cumulative dia 02 (2026-08-28 → 2026-08-30) 35694 bytes
2026-08-28 09:34:57,520 [INFO] [OK] Brazil/ECM_ENSEMBLE_Corn_Winter_PRCP/cumulative dia 03 (2026-08-28 → 2026-08-31) 37219 bytes
2026-08-28 09:34:57,949 [INFO] [OK] Brazil/ECM_ENSEMBLE_Corn_Winter_PRCP/cumulative dia 04 (2026-08-28 → 2026-09-01) 38109 bytes
2026-08-28 09:34:58,546 [INFO] [OK] Brazil/ECM_ENSEMBLE_Corn_Winter_PRCP/cumulative dia 06 (2026-08-28 → 2026-09-03) 39362 bytes
2026-08-28 09:34:58,580 [INFO] [OK] Brazil/ECM_ENSEMBLE_Corn_Winter_PRCP/cumulative dia 05 (2026-08-28 → 2026-09-02) 38856 bytes
2026-08-28 09:34:59,431 [INFO] [OK] Brazil/ECM_ENSEMBLE_Corn_Winter_PRCP/cumulative dia 07 (2026-08-28 → 2026-09-04) 40362 bytes
2026-08-28 09:35:01,326 [INFO] [OK] Brazil/ECM_ENSEMBLE_Corn_Winter_PRCP/cumulative dia 08 (2026-08-28 → 2026-09-05) 40970 bytes
2026-08-28 09:35:01,418 [INFO] [OK] Brazil/ECM_ENSEMBLE_Corn_Winter_PRCP/cumulative dia 09 (2026-08-28 → 2026-09-06) 42269 bytes
2026-08-28 09:35:01,941 [INFO] [OK] Brazil/ECM_ENSEMBLE_Corn_Winter_PRCP/cumulative dia 10 (2026-08-28 → 2026-09-07) 42624 bytes
2026-08-28 09:35:02,530 [INFO] [OK] Brazil/ECM_ENSEMBLE_Corn_Winter_PRCP/cumulative dia 11 (2026-08-28 → 2026-09-08) 42805 bytes
2026-08-28 09:35:02,770 [INFO] [OK] Argentina/GFS_ENSEMBLE_Soy_PRCP_DEP/daily dia 00 (2026-08-28 → 2026-08-28) 32548 bytes
2026-08-28 09:35:02,984 [INFO] [OK] Brazil/ECM_ENSEMBLE_Corn_Winter_PRCP/cumulative dia 12 (2026-08-28 → 2026-09-09) 43694 bytes
2026-08-28 09:35:03,596 [INFO] [OK] Argentina/GFS_ENSEMBLE_Soy_PRCP_DEP/daily dia 01 (2026-08-29 → 2026-08-29) 32946 bytes
2026-08-28 09:35:03,616 [INFO] [OK] Brazil/ECM_ENSEMBLE_Corn_Winter_PRCP/cumulative dia 13 (2026-08-28 → 2026-09-10) 44385 bytes
2026-08-28 09:35:03,784 [INFO] [OK] Argentina/GFS_ENSEMBLE_Soy_PRCP_DEP/daily dia 02 (2026-08-30 → 2026-08-30) 35603 bytes
2026-08-28 09:35:04,197 [INFO] [OK] Argentina/GFS_ENSEMBLE_Soy_PRCP_DEP/daily dia 03 (2026-08-31 → 2026-08-31) 37496 bytes
2026-08-28 09:35:04,215 [INFO] [OK] Argentina/GFS_ENSEMBLE_Soy_PRCP_DEP/daily dia 04 (2026-09-01 → 2026-09-01) 34618 bytes
2026-08-28 09:35:06,034 [INFO] [OK] Argentina/GFS_ENSEMBLE_Soy_PRCP_DEP/daily dia 05 (2026-09-02 → 2026-09-02) 33216 bytes
2026-08-28 09:35:06,061 [INFO] [OK] Argentina/GFS_ENSEMBLE_Soy_PRCP_DEP/daily dia 06 (2026-09-03 → 2026-09-03) 34445 bytes
2026-08-28 09:35:06,543 [INFO] [OK] Argentina/GFS_ENSEMBLE_Soy_PRCP_DEP/daily dia 08 (2026-09-05 → 2026-09-05) 43781 bytes
2026-08-28 09:35:06,552 [INFO] [OK] Argentina/GFS_ENSEMBLE_Soy_PRCP_DEP/daily dia 09 (2026-09-06 → 2026-09-06) 42535 bytes
2026-08-28 09:35:06,553 [INFO] [OK] Argentina/GFS_ENSEMBLE_Soy_PRCP_DEP/daily dia 07 (2026-09-04 → 2026-09-04) 38698 bytes
2026-08-28 09:35:06,595 [INFO] [OK] Brazil/ECM_ENSEMBLE_Corn_Winter_PRCP/cumulative dia 14 (2026-08-28 → 2026-09-11) 43993 bytes
2026-08-28 09:35:07,986 [INFO] [OK] Argentina/GFS_ENSEMBLE_Soy_PRCP_DEP/daily dia 14 (2026-09-11 → 2026-09-11) 41179 bytes
2026-08-28 09:35:07,987 [INFO] [OK] Argentina/GFS_ENSEMBLE_Soy_PRCP_DEP/cumulative dia 00 (2026-08-28 → 2026-08-28) 32548 bytes
2026-08-28 09:35:07,994 [INFO] [OK] Argentina/GFS_ENSEMBLE_Soy_PRCP_DEP/daily dia 13 (2026-09-10 → 2026-09-10) 40316 bytes
2026-08-28 09:35:08,190 [INFO] [OK] Argentina/GFS_ENSEMBLE_Soy_PRCP_DEP/daily dia 10 (2026-09-07 → 2026-09-07) 42101 bytes
2026-08-28 09:35:08,326 [INFO] [OK] Argentina/GFS_ENSEMBLE_Soy_PRCP_DEP/daily dia 12 (2026-09-09 → 2026-09-09) 41968 bytes
2026-08-28 09:35:08,338 [INFO] [OK] Argentina/GFS_ENSEMBLE_Soy_PRCP_DEP/daily dia 11 (2026-09-08 → 2026-09-08) 41680 bytes
2026-08-28 09:35:09,244 [INFO] [OK] Argentina/GFS_ENSEMBLE_Soy_PRCP_DEP/cumulative dia 01 (2026-08-28 → 2026-08-29) 33139 bytes
2026-08-28 09:35:09,294 [INFO] [OK] Argentina/GFS_ENSEMBLE_Soy_PRCP_DEP/cumulative dia 02 (2026-08-28 → 2026-08-30) 35415 bytes
2026-08-28 09:35:09,527 [INFO] [OK] Argentina/GFS_ENSEMBLE_Soy_PRCP_DEP/cumulative dia 03 (2026-08-28 → 2026-08-31) 37238 bytes
2026-08-28 09:35:09,785 [INFO] [OK] Argentina/GFS_ENSEMBLE_Soy_PRCP_DEP/cumulative dia 04 (2026-08-28 → 2026-09-01) 39114 bytes
2026-08-28 09:35:10,458 [INFO] [OK] Argentina/GFS_ENSEMBLE_Soy_PRCP_DEP/cumulative dia 06 (2026-08-28 → 2026-09-03) 40097 bytes
2026-08-28 09:35:10,462 [INFO] [OK] Argentina/GFS_ENSEMBLE_Soy_PRCP_DEP/cumulative dia 05 (2026-08-28 → 2026-09-02) 39830 bytes
2026-08-28 09:35:11,016 [INFO] [OK] Argentina/GFS_ENSEMBLE_Soy_PRCP_DEP/cumulative dia 08 (2026-08-28 → 2026-09-05) 41928 bytes
2026-08-28 09:35:11,019 [INFO] [OK] Argentina/GFS_ENSEMBLE_Soy_PRCP_DEP/cumulative dia 07 (2026-08-28 → 2026-09-04) 40661 bytes
2026-08-28 09:35:11,378 [INFO] [OK] Argentina/GFS_ENSEMBLE_Soy_PRCP_DEP/cumulative dia 09 (2026-08-28 → 2026-09-06) 43127 bytes
2026-08-28 09:35:11,809 [INFO] [OK] Argentina/GFS_ENSEMBLE_Soy_PRCP_DEP/cumulative dia 10 (2026-08-28 → 2026-09-07) 43834 bytes
2026-08-28 09:35:12,648 [INFO] [OK] Argentina/GFS_ENSEMBLE_Soy_PRCP_DEP/cumulative dia 11 (2026-08-28 → 2026-09-08) 44267 bytes
2026-08-28 09:35:12,670 [INFO] [OK] Argentina/GFS_ENSEMBLE_Soy_PRCP_DEP/cumulative dia 12 (2026-08-28 → 2026-09-09) 44638 bytes
2026-08-28 09:35:12,942 [INFO] [OK] Argentina/GFS_ENSEMBLE_Soy_PRCP/daily dia 01 (2026-08-29 → 2026-08-29) 27561 bytes
2026-08-28 09:35:12,953 [INFO] [OK] Argentina/GFS_ENSEMBLE_Soy_PRCP_DEP/cumulative dia 13 (2026-08-28 → 2026-09-10) 44774 bytes
2026-08-28 09:35:12,972 [INFO] [OK] Argentina/GFS_ENSEMBLE_Soy_PRCP/daily dia 00 (2026-08-28 → 2026-08-28) 28028 bytes
2026-08-28 09:35:13,426 [INFO] [OK] Argentina/GFS_ENSEMBLE_Soy_PRCP_DEP/cumulative dia 14 (2026-08-28 → 2026-09-11) 44502 bytes
2026-08-28 09:35:13,648 [INFO] [OK] Argentina/GFS_ENSEMBLE_Soy_PRCP/daily dia 02 (2026-08-30 → 2026-08-30) 28135 bytes
2026-08-28 09:35:13,711 [INFO] [OK] Argentina/GFS_ENSEMBLE_Soy_PRCP/daily dia 03 (2026-08-31 → 2026-08-31) 29053 bytes
2026-08-28 09:35:14,280 [INFO] [OK] Argentina/GFS_ENSEMBLE_Soy_PRCP/daily dia 04 (2026-09-01 → 2026-09-01) 26581 bytes
2026-08-28 09:35:14,288 [INFO] [OK] Argentina/GFS_ENSEMBLE_Soy_PRCP/daily dia 06 (2026-09-03 → 2026-09-03) 26128 bytes
2026-08-28 09:35:14,291 [INFO] [OK] Argentina/GFS_ENSEMBLE_Soy_PRCP/daily dia 05 (2026-09-02 → 2026-09-02) 26578 bytes
2026-08-28 09:35:14,708 [INFO] [OK] Argentina/GFS_ENSEMBLE_Soy_PRCP/daily dia 07 (2026-09-04 → 2026-09-04) 27165 bytes
2026-08-28 09:35:14,708 [INFO] [OK] Argentina/GFS_ENSEMBLE_Soy_PRCP/daily dia 08 (2026-09-05 → 2026-09-05) 28160 bytes
2026-08-28 09:35:14,719 [INFO] [OK] Argentina/GFS_ENSEMBLE_Soy_PRCP/daily dia 09 (2026-09-06 → 2026-09-06) 28730 bytes
2026-08-28 09:35:15,794 [INFO] [OK] Argentina/GFS_ENSEMBLE_Soy_PRCP/cumulative dia 00 (2026-08-28 → 2026-08-28) 28028 bytes
2026-08-28 09:35:15,799 [INFO] [OK] Argentina/GFS_ENSEMBLE_Soy_PRCP/daily dia 11 (2026-09-08 → 2026-09-08) 28769 bytes
2026-08-28 09:35:15,806 [INFO] [OK] Argentina/GFS_ENSEMBLE_Soy_PRCP/daily dia 12 (2026-09-09 → 2026-09-09) 29200 bytes
2026-08-28 09:35:15,814 [INFO] [OK] Argentina/GFS_ENSEMBLE_Soy_PRCP/daily dia 10 (2026-09-07 → 2026-09-07) 28968 bytes
2026-08-28 09:35:15,826 [INFO] [OK] Argentina/GFS_ENSEMBLE_Soy_PRCP/daily dia 13 (2026-09-10 → 2026-09-10) 29211 bytes
2026-08-28 09:35:15,896 [INFO] [OK] Argentina/GFS_ENSEMBLE_Soy_PRCP/daily dia 14 (2026-09-11 → 2026-09-11) 29413 bytes
2026-08-28 09:35:16,841 [INFO] [OK] Argentina/GFS_ENSEMBLE_Soy_PRCP/cumulative dia 01 (2026-08-28 → 2026-08-29) 29614 bytes
2026-08-28 09:35:17,104 [INFO] [OK] Argentina/GFS_ENSEMBLE_Soy_PRCP/cumulative dia 02 (2026-08-28 → 2026-08-30) 30789 bytes
2026-08-28 09:35:17,190 [INFO] [OK] Argentina/GFS_ENSEMBLE_Soy_PRCP/cumulative dia 03 (2026-08-28 → 2026-08-31) 32219 bytes
2026-08-28 09:35:17,596 [INFO] [OK] Argentina/GFS_ENSEMBLE_Soy_PRCP/cumulative dia 06 (2026-08-28 → 2026-09-03) 33653 bytes
2026-08-28 09:35:17,601 [INFO] [OK] Argentina/GFS_ENSEMBLE_Soy_PRCP/cumulative dia 04 (2026-08-28 → 2026-09-01) 32902 bytes
2026-08-28 09:35:17,608 [INFO] [OK] Argentina/GFS_ENSEMBLE_Soy_PRCP/cumulative dia 05 (2026-08-28 → 2026-09-02) 33322 bytes
2026-08-28 09:35:18,804 [INFO] [OK] Argentina/GFS_ENSEMBLE_Soy_PRCP/cumulative dia 07 (2026-08-28 → 2026-09-04) 33872 bytes
2026-08-28 09:35:19,174 [INFO] [OK] Argentina/GFS_ENSEMBLE_Soy_PRCP/cumulative dia 09 (2026-08-28 → 2026-09-06) 35832 bytes
2026-08-28 09:35:19,174 [INFO] [OK] Argentina/GFS_ENSEMBLE_Soy_PRCP/cumulative dia 08 (2026-08-28 → 2026-09-05) 35101 bytes
2026-08-28 09:35:19,740 [INFO] [OK] Argentina/GFS_ENSEMBLE_Soy_PRCP/cumulative dia 11 (2026-08-28 → 2026-09-08) 37045 bytes
2026-08-28 09:35:19,780 [INFO] [OK] Argentina/GFS_ENSEMBLE_Soy_PRCP/cumulative dia 10 (2026-08-28 → 2026-09-07) 36631 bytes
2026-08-28 09:35:19,981 [INFO] [OK] Argentina/GFS_ENSEMBLE_Soy_PRCP/cumulative dia 12 (2026-08-28 → 2026-09-09) 37065 bytes
2026-08-28 09:35:20,274 [INFO] [OK] Argentina/GFS_ENSEMBLE_Corn_Winter_PRCP_DEP/daily dia 00 (2026-08-28 → 2026-08-28) 30622 bytes
2026-08-28 09:35:21,080 [INFO] [OK] Argentina/GFS_ENSEMBLE_Corn_Winter_PRCP_DEP/daily dia 02 (2026-08-30 → 2026-08-30) 33887 bytes
2026-08-28 09:35:21,090 [INFO] [OK] Argentina/GFS_ENSEMBLE_Corn_Winter_PRCP_DEP/daily dia 01 (2026-08-29 → 2026-08-29) 31025 bytes
2026-08-28 09:35:21,120 [INFO] [OK] Argentina/GFS_ENSEMBLE_Soy_PRCP/cumulative dia 13 (2026-08-28 → 2026-09-10) 37515 bytes
2026-08-28 09:35:21,370 [INFO] [OK] Argentina/GFS_ENSEMBLE_Soy_PRCP/cumulative dia 14 (2026-08-28 → 2026-09-11) 38002 bytes
2026-08-28 09:35:21,391 [INFO] [OK] Argentina/GFS_ENSEMBLE_Corn_Winter_PRCP_DEP/daily dia 04 (2026-09-01 → 2026-09-01) 33100 bytes
2026-08-28 09:35:21,458 [INFO] [OK] Argentina/GFS_ENSEMBLE_Corn_Winter_PRCP_DEP/daily dia 03 (2026-08-31 → 2026-08-31) 35701 bytes
2026-08-28 09:35:22,101 [INFO] [OK] Argentina/GFS_ENSEMBLE_Corn_Winter_PRCP_DEP/daily dia 05 (2026-09-02 → 2026-09-02) 31450 bytes
2026-08-28 09:35:22,211 [INFO] [OK] Argentina/GFS_ENSEMBLE_Corn_Winter_PRCP_DEP/daily dia 07 (2026-09-04 → 2026-09-04) 37132 bytes
2026-08-28 09:35:22,316 [INFO] [OK] Argentina/GFS_ENSEMBLE_Corn_Winter_PRCP_DEP/daily dia 06 (2026-09-03 → 2026-09-03) 32786 bytes
2026-08-28 09:35:22,450 [INFO] [OK] Argentina/GFS_ENSEMBLE_Corn_Winter_PRCP_DEP/daily dia 08 (2026-09-05 → 2026-09-05) 42232 bytes
2026-08-28 09:35:22,468 [INFO] [OK] Argentina/GFS_ENSEMBLE_Corn_Winter_PRCP_DEP/daily dia 09 (2026-09-06 → 2026-09-06) 41004 bytes
2026-08-28 09:35:22,780 [INFO] [OK] Argentina/GFS_ENSEMBLE_Corn_Winter_PRCP_DEP/daily dia 10 (2026-09-07 → 2026-09-07) 40728 bytes
2026-08-28 09:35:23,104 [INFO] [OK] Argentina/GFS_ENSEMBLE_Corn_Winter_PRCP_DEP/daily dia 11 (2026-09-08 → 2026-09-08) 40294 bytes
2026-08-28 09:35:23,275 [INFO] [OK] Argentina/GFS_ENSEMBLE_Corn_Winter_PRCP_DEP/daily dia 12 (2026-09-09 → 2026-09-09) 40269 bytes
2026-08-28 09:35:23,472 [INFO] [OK] Argentina/GFS_ENSEMBLE_Corn_Winter_PRCP_DEP/daily dia 14 (2026-09-11 → 2026-09-11) 39492 bytes
2026-08-28 09:35:23,496 [INFO] [OK] Argentina/GFS_ENSEMBLE_Corn_Winter_PRCP_DEP/daily dia 13 (2026-09-10 → 2026-09-10) 38534 bytes
2026-08-28 09:35:23,733 [INFO] [OK] Argentina/GFS_ENSEMBLE_Corn_Winter_PRCP_DEP/cumulative dia 00 (2026-08-28 → 2026-08-28) 30622 bytes
2026-08-28 09:35:23,853 [INFO] [OK] Argentina/GFS_ENSEMBLE_Corn_Winter_PRCP_DEP/cumulative dia 01 (2026-08-28 → 2026-08-29) 31433 bytes
2026-08-28 09:35:24,203 [INFO] [OK] Argentina/GFS_ENSEMBLE_Corn_Winter_PRCP_DEP/cumulative dia 02 (2026-08-28 → 2026-08-30) 33664 bytes
2026-08-28 09:35:24,513 [INFO] [OK] Argentina/GFS_ENSEMBLE_Corn_Winter_PRCP_DEP/cumulative dia 03 (2026-08-28 → 2026-08-31) 35584 bytes
2026-08-28 09:35:24,786 [INFO] [OK] Argentina/GFS_ENSEMBLE_Corn_Winter_PRCP_DEP/cumulative dia 04 (2026-08-28 → 2026-09-01) 37668 bytes
2026-08-28 09:35:24,938 [INFO] [OK] Argentina/GFS_ENSEMBLE_Corn_Winter_PRCP_DEP/cumulative dia 05 (2026-08-28 → 2026-09-02) 38376 bytes
2026-08-28 09:35:25,082 [INFO] [OK] Argentina/GFS_ENSEMBLE_Corn_Winter_PRCP_DEP/cumulative dia 06 (2026-08-28 → 2026-09-03) 38616 bytes
2026-08-28 09:35:25,494 [INFO] [OK] Argentina/GFS_ENSEMBLE_Corn_Winter_PRCP_DEP/cumulative dia 07 (2026-08-28 → 2026-09-04) 39161 bytes
2026-08-28 09:35:25,551 [INFO] [OK] Argentina/GFS_ENSEMBLE_Corn_Winter_PRCP_DEP/cumulative dia 08 (2026-08-28 → 2026-09-05) 40409 bytes
2026-08-28 09:35:26,123 [INFO] [OK] Argentina/GFS_ENSEMBLE_Corn_Winter_PRCP_DEP/cumulative dia 09 (2026-08-28 → 2026-09-06) 41637 bytes
2026-08-28 09:35:26,399 [INFO] [OK] Argentina/GFS_ENSEMBLE_Corn_Winter_PRCP_DEP/cumulative dia 10 (2026-08-28 → 2026-09-07) 42435 bytes
2026-08-28 09:35:27,310 [INFO] [OK] Argentina/GFS_ENSEMBLE_Corn_Winter_PRCP_DEP/cumulative dia 12 (2026-08-28 → 2026-09-09) 43092 bytes
2026-08-28 09:35:27,316 [INFO] [OK] Argentina/GFS_ENSEMBLE_Corn_Winter_PRCP/daily dia 00 (2026-08-28 → 2026-08-28) 25911 bytes
2026-08-28 09:35:27,317 [INFO] [OK] Argentina/GFS_ENSEMBLE_Corn_Winter_PRCP_DEP/cumulative dia 14 (2026-08-28 → 2026-09-11) 42981 bytes
2026-08-28 09:35:27,318 [INFO] [OK] Argentina/GFS_ENSEMBLE_Corn_Winter_PRCP_DEP/cumulative dia 11 (2026-08-28 → 2026-09-08) 42921 bytes
2026-08-28 09:35:27,394 [INFO] [OK] Argentina/GFS_ENSEMBLE_Corn_Winter_PRCP/daily dia 01 (2026-08-29 → 2026-08-29) 25426 bytes
2026-08-28 09:35:27,476 [INFO] [OK] Argentina/GFS_ENSEMBLE_Corn_Winter_PRCP_DEP/cumulative dia 13 (2026-08-28 → 2026-09-10) 43061 bytes
2026-08-28 09:35:28,560 [INFO] [OK] Argentina/GFS_ENSEMBLE_Corn_Winter_PRCP/daily dia 05 (2026-09-02 → 2026-09-02) 24684 bytes
2026-08-28 09:35:28,560 [INFO] [OK] Argentina/GFS_ENSEMBLE_Corn_Winter_PRCP/daily dia 02 (2026-08-30 → 2026-08-30) 26210 bytes
2026-08-28 09:35:28,608 [INFO] [OK] Argentina/GFS_ENSEMBLE_Corn_Winter_PRCP/daily dia 06 (2026-09-03 → 2026-09-03) 24297 bytes
2026-08-28 09:35:28,611 [INFO] [OK] Argentina/GFS_ENSEMBLE_Corn_Winter_PRCP/daily dia 03 (2026-08-31 → 2026-08-31) 27054 bytes
2026-08-28 09:35:28,612 [INFO] [OK] Argentina/GFS_ENSEMBLE_Corn_Winter_PRCP/daily dia 07 (2026-09-04 → 2026-09-04) 25370 bytes
2026-08-28 09:35:28,614 [INFO] [OK] Argentina/GFS_ENSEMBLE_Corn_Winter_PRCP/daily dia 04 (2026-09-01 → 2026-09-01) 24755 bytes
2026-08-28 09:35:29,568 [INFO] [OK] Argentina/GFS_ENSEMBLE_Corn_Winter_PRCP/daily dia 08 (2026-09-05 → 2026-09-05) 26489 bytes
2026-08-28 09:35:29,994 [INFO] [OK] Argentina/GFS_ENSEMBLE_Corn_Winter_PRCP/daily dia 12 (2026-09-09 → 2026-09-09) 27768 bytes
2026-08-28 09:35:29,999 [INFO] [OK] Argentina/GFS_ENSEMBLE_Corn_Winter_PRCP/daily dia 13 (2026-09-10 → 2026-09-10) 27749 bytes
2026-08-28 09:35:30,000 [INFO] [OK] Argentina/GFS_ENSEMBLE_Corn_Winter_PRCP/daily dia 09 (2026-09-06 → 2026-09-06) 27180 bytes
2026-08-28 09:35:30,011 [INFO] [OK] Argentina/GFS_ENSEMBLE_Corn_Winter_PRCP/daily dia 11 (2026-09-08 → 2026-09-08) 27101 bytes
2026-08-28 09:35:30,067 [INFO] [OK] Argentina/GFS_ENSEMBLE_Corn_Winter_PRCP/daily dia 10 (2026-09-07 → 2026-09-07) 27205 bytes
2026-08-28 09:35:30,595 [INFO] [OK] Argentina/GFS_ENSEMBLE_Corn_Winter_PRCP/daily dia 14 (2026-09-11 → 2026-09-11) 27767 bytes
2026-08-28 09:35:31,146 [INFO] [OK] Argentina/GFS_ENSEMBLE_Corn_Winter_PRCP/cumulative dia 00 (2026-08-28 → 2026-08-28) 25911 bytes
2026-08-28 09:35:31,148 [INFO] [OK] Argentina/GFS_ENSEMBLE_Corn_Winter_PRCP/cumulative dia 01 (2026-08-28 → 2026-08-29) 27377 bytes
2026-08-28 09:35:31,163 [INFO] [OK] Argentina/GFS_ENSEMBLE_Corn_Winter_PRCP/cumulative dia 02 (2026-08-28 → 2026-08-30) 28776 bytes
2026-08-28 09:35:31,264 [INFO] [OK] Argentina/GFS_ENSEMBLE_Corn_Winter_PRCP/cumulative dia 03 (2026-08-28 → 2026-08-31) 30307 bytes
2026-08-28 09:35:31,364 [INFO] [OK] Argentina/GFS_ENSEMBLE_Corn_Winter_PRCP/cumulative dia 04 (2026-08-28 → 2026-09-01) 31070 bytes
2026-08-28 09:35:32,880 [INFO] [OK] Argentina/GFS_ENSEMBLE_Corn_Winter_PRCP/cumulative dia 05 (2026-08-28 → 2026-09-02) 31651 bytes
2026-08-28 09:35:32,894 [INFO] [OK] Argentina/GFS_ENSEMBLE_Corn_Winter_PRCP/cumulative dia 08 (2026-08-28 → 2026-09-05) 33408 bytes
2026-08-28 09:35:32,896 [INFO] [OK] Argentina/GFS_ENSEMBLE_Corn_Winter_PRCP/cumulative dia 06 (2026-08-28 → 2026-09-03) 31823 bytes
2026-08-28 09:35:32,910 [INFO] [OK] Argentina/GFS_ENSEMBLE_Corn_Winter_PRCP/cumulative dia 09 (2026-08-28 → 2026-09-06) 34286 bytes
2026-08-28 09:35:32,911 [INFO] [OK] Argentina/GFS_ENSEMBLE_Corn_Winter_PRCP/cumulative dia 07 (2026-08-28 → 2026-09-04) 32254 bytes
2026-08-28 09:35:32,997 [INFO] [OK] Argentina/GFS_ENSEMBLE_Corn_Winter_PRCP/cumulative dia 10 (2026-08-28 → 2026-09-07) 34985 bytes
2026-08-28 09:35:34,471 [INFO] [OK] Argentina/ECM_ENSEMBLE_Soy_PRCP_DEP/daily dia 00 (2026-08-28 → 2026-08-28) 40457 bytes
2026-08-28 09:35:34,483 [INFO] [OK] Argentina/ECM_ENSEMBLE_Soy_PRCP_DEP/daily dia 01 (2026-08-29 → 2026-08-29) 42752 bytes
2026-08-28 09:35:34,501 [INFO] [OK] Argentina/GFS_ENSEMBLE_Corn_Winter_PRCP/cumulative dia 11 (2026-08-28 → 2026-09-08) 35511 bytes
2026-08-28 09:35:34,731 [INFO] [OK] Argentina/GFS_ENSEMBLE_Corn_Winter_PRCP/cumulative dia 12 (2026-08-28 → 2026-09-09) 35474 bytes
2026-08-28 09:35:34,753 [INFO] [OK] Argentina/GFS_ENSEMBLE_Corn_Winter_PRCP/cumulative dia 13 (2026-08-28 → 2026-09-10) 36035 bytes
2026-08-28 09:35:34,799 [INFO] [OK] Argentina/GFS_ENSEMBLE_Corn_Winter_PRCP/cumulative dia 14 (2026-08-28 → 2026-09-11) 36344 bytes
2026-08-28 09:35:35,616 [INFO] [OK] Argentina/ECM_ENSEMBLE_Soy_PRCP_DEP/daily dia 04 (2026-09-01 → 2026-09-01) 39014 bytes
2026-08-28 09:35:35,627 [INFO] [OK] Argentina/ECM_ENSEMBLE_Soy_PRCP_DEP/daily dia 02 (2026-08-30 → 2026-08-30) 40147 bytes
2026-08-28 09:35:35,660 [INFO] [OK] Argentina/ECM_ENSEMBLE_Soy_PRCP_DEP/daily dia 03 (2026-08-31 → 2026-08-31) 39426 bytes
2026-08-28 09:35:35,788 [INFO] [OK] Argentina/ECM_ENSEMBLE_Soy_PRCP_DEP/daily dia 05 (2026-09-02 → 2026-09-02) 38226 bytes
2026-08-28 09:35:36,064 [INFO] [OK] Argentina/ECM_ENSEMBLE_Soy_PRCP_DEP/daily dia 07 (2026-09-04 → 2026-09-04) 38601 bytes
2026-08-28 09:35:36,068 [INFO] [OK] Argentina/ECM_ENSEMBLE_Soy_PRCP_DEP/daily dia 06 (2026-09-03 → 2026-09-03) 45251 bytes
2026-08-28 09:35:36,652 [INFO] [OK] Argentina/ECM_ENSEMBLE_Soy_PRCP_DEP/daily dia 09 (2026-09-06 → 2026-09-06) 44333 bytes
2026-08-28 09:35:36,716 [INFO] [OK] Argentina/ECM_ENSEMBLE_Soy_PRCP_DEP/daily dia 08 (2026-09-05 → 2026-09-05) 40676 bytes
2026-08-28 09:35:36,902 [INFO] [OK] Argentina/ECM_ENSEMBLE_Soy_PRCP_DEP/daily dia 11 (2026-09-08 → 2026-09-08) 42044 bytes
2026-08-28 09:35:36,916 [INFO] [OK] Argentina/ECM_ENSEMBLE_Soy_PRCP_DEP/daily dia 10 (2026-09-07 → 2026-09-07) 43275 bytes
2026-08-28 09:35:37,193 [INFO] [OK] Argentina/ECM_ENSEMBLE_Soy_PRCP_DEP/daily dia 13 (2026-09-10 → 2026-09-10) 41728 bytes
2026-08-28 09:35:37,253 [INFO] [OK] Argentina/ECM_ENSEMBLE_Soy_PRCP_DEP/daily dia 12 (2026-09-09 → 2026-09-09) 41882 bytes
2026-08-28 09:35:37,752 [INFO] [OK] Argentina/ECM_ENSEMBLE_Soy_PRCP_DEP/cumulative dia 00 (2026-08-28 → 2026-08-28) 40457 bytes
2026-08-28 09:35:37,774 [INFO] [OK] Argentina/ECM_ENSEMBLE_Soy_PRCP_DEP/daily dia 14 (2026-09-11 → 2026-09-11) 43418 bytes
2026-08-28 09:35:38,079 [INFO] [OK] Argentina/ECM_ENSEMBLE_Soy_PRCP_DEP/cumulative dia 02 (2026-08-28 → 2026-08-30) 41999 bytes
2026-08-28 09:35:38,095 [INFO] [OK] Argentina/ECM_ENSEMBLE_Soy_PRCP_DEP/cumulative dia 01 (2026-08-28 → 2026-08-29) 42947 bytes
2026-08-28 09:35:38,510 [INFO] [OK] Argentina/ECM_ENSEMBLE_Soy_PRCP_DEP/cumulative dia 03 (2026-08-28 → 2026-08-31) 41655 bytes
2026-08-28 09:35:38,588 [INFO] [OK] Argentina/ECM_ENSEMBLE_Soy_PRCP_DEP/cumulative dia 04 (2026-08-28 → 2026-09-01) 43328 bytes
2026-08-28 09:35:39,044 [INFO] [OK] Argentina/ECM_ENSEMBLE_Soy_PRCP_DEP/cumulative dia 05 (2026-08-28 → 2026-09-02) 45027 bytes
2026-08-28 09:35:39,055 [INFO] [OK] Argentina/ECM_ENSEMBLE_Soy_PRCP_DEP/cumulative dia 06 (2026-08-28 → 2026-09-03) 45712 bytes
2026-08-28 09:35:39,440 [INFO] [OK] Argentina/ECM_ENSEMBLE_Soy_PRCP_DEP/cumulative dia 07 (2026-08-28 → 2026-09-04) 44576 bytes
2026-08-28 09:35:39,767 [INFO] [OK] Argentina/ECM_ENSEMBLE_Soy_PRCP_DEP/cumulative dia 08 (2026-08-28 → 2026-09-05) 43986 bytes
2026-08-28 09:35:40,196 [INFO] [OK] Argentina/ECM_ENSEMBLE_Soy_PRCP_DEP/cumulative dia 09 (2026-08-28 → 2026-09-06) 43611 bytes
2026-08-28 09:35:40,336 [INFO] [OK] Argentina/ECM_ENSEMBLE_Soy_PRCP_DEP/cumulative dia 10 (2026-08-28 → 2026-09-07) 43276 bytes
2026-08-28 09:35:40,850 [INFO] [OK] Argentina/ECM_ENSEMBLE_Soy_PRCP_DEP/cumulative dia 12 (2026-08-28 → 2026-09-09) 42831 bytes
2026-08-28 09:35:40,967 [INFO] [OK] Argentina/ECM_ENSEMBLE_Soy_PRCP_DEP/cumulative dia 11 (2026-08-28 → 2026-09-08) 43058 bytes
2026-08-28 09:35:41,087 [INFO] [OK] Argentina/ECM_ENSEMBLE_Soy_PRCP_DEP/cumulative dia 13 (2026-08-28 → 2026-09-10) 42697 bytes
2026-08-28 09:35:41,162 [INFO] [OK] Argentina/ECM_ENSEMBLE_Soy_PRCP/daily dia 00 (2026-08-28 → 2026-08-28) 30196 bytes
2026-08-28 09:35:41,286 [INFO] [OK] Argentina/ECM_ENSEMBLE_Soy_PRCP/daily dia 01 (2026-08-29 → 2026-08-29) 29841 bytes
2026-08-28 09:35:41,513 [INFO] [OK] Argentina/ECM_ENSEMBLE_Soy_PRCP_DEP/cumulative dia 14 (2026-08-28 → 2026-09-11) 42597 bytes
2026-08-28 09:35:41,855 [INFO] [OK] Argentina/ECM_ENSEMBLE_Soy_PRCP/daily dia 02 (2026-08-30 → 2026-08-30) 31080 bytes
2026-08-28 09:35:42,053 [INFO] [OK] Argentina/ECM_ENSEMBLE_Soy_PRCP/daily dia 03 (2026-08-31 → 2026-08-31) 30761 bytes
2026-08-28 09:35:42,344 [INFO] [OK] Argentina/ECM_ENSEMBLE_Soy_PRCP/daily dia 04 (2026-09-01 → 2026-09-01) 29085 bytes
2026-08-28 09:35:42,360 [INFO] [OK] Argentina/ECM_ENSEMBLE_Soy_PRCP/daily dia 05 (2026-09-02 → 2026-09-02) 27663 bytes
2026-08-28 09:35:42,595 [INFO] [OK] Argentina/ECM_ENSEMBLE_Soy_PRCP/daily dia 07 (2026-09-04 → 2026-09-04) 28609 bytes
2026-08-28 09:35:42,595 [INFO] [OK] Argentina/ECM_ENSEMBLE_Soy_PRCP/daily dia 06 (2026-09-03 → 2026-09-03) 28000 bytes
2026-08-28 09:35:42,888 [INFO] [OK] Argentina/ECM_ENSEMBLE_Soy_PRCP/daily dia 08 (2026-09-05 → 2026-09-05) 28398 bytes
2026-08-28 09:35:43,026 [INFO] [OK] Argentina/ECM_ENSEMBLE_Soy_PRCP/daily dia 09 (2026-09-06 → 2026-09-06) 27596 bytes
2026-08-28 09:35:43,580 [INFO] [OK] Argentina/ECM_ENSEMBLE_Soy_PRCP/daily dia 11 (2026-09-08 → 2026-09-08) 28678 bytes
2026-08-28 09:35:43,592 [INFO] [OK] Argentina/ECM_ENSEMBLE_Soy_PRCP/daily dia 13 (2026-09-10 → 2026-09-10) 28764 bytes
2026-08-28 09:35:43,705 [INFO] [OK] Argentina/ECM_ENSEMBLE_Soy_PRCP/daily dia 12 (2026-09-09 → 2026-09-09) 28758 bytes
2026-08-28 09:35:43,706 [INFO] [OK] Argentina/ECM_ENSEMBLE_Soy_PRCP/daily dia 10 (2026-09-07 → 2026-09-07) 28019 bytes
2026-08-28 09:35:43,960 [INFO] [OK] Argentina/ECM_ENSEMBLE_Soy_PRCP/daily dia 14 (2026-09-11 → 2026-09-11) 28369 bytes
2026-08-28 09:35:44,192 [INFO] [OK] Argentina/ECM_ENSEMBLE_Soy_PRCP/cumulative dia 00 (2026-08-28 → 2026-08-28) 30196 bytes
2026-08-28 09:35:44,753 [INFO] [OK] Argentina/ECM_ENSEMBLE_Soy_PRCP/cumulative dia 01 (2026-08-28 → 2026-08-29) 32126 bytes
2026-08-28 09:35:44,896 [INFO] [OK] Argentina/ECM_ENSEMBLE_Soy_PRCP/cumulative dia 04 (2026-08-28 → 2026-09-01) 36959 bytes
2026-08-28 09:35:44,979 [INFO] [OK] Argentina/ECM_ENSEMBLE_Soy_PRCP/cumulative dia 02 (2026-08-28 → 2026-08-30) 34430 bytes
2026-08-28 09:35:45,037 [INFO] [OK] Argentina/ECM_ENSEMBLE_Soy_PRCP/cumulative dia 03 (2026-08-28 → 2026-08-31) 36166 bytes
2026-08-28 09:35:45,184 [INFO] [OK] Argentina/ECM_ENSEMBLE_Soy_PRCP/cumulative dia 05 (2026-08-28 → 2026-09-02) 37197 bytes
2026-08-28 09:35:45,555 [INFO] [OK] Argentina/ECM_ENSEMBLE_Soy_PRCP/cumulative dia 06 (2026-08-28 → 2026-09-03) 37423 bytes
2026-08-28 09:35:46,262 [INFO] [OK] Argentina/ECM_ENSEMBLE_Soy_PRCP/cumulative dia 07 (2026-08-28 → 2026-09-04) 38288 bytes
2026-08-28 09:35:46,266 [INFO] [OK] Argentina/ECM_ENSEMBLE_Soy_PRCP/cumulative dia 08 (2026-08-28 → 2026-09-05) 38971 bytes
2026-08-28 09:35:46,630 [INFO] [OK] Argentina/ECM_ENSEMBLE_Soy_PRCP/cumulative dia 09 (2026-08-28 → 2026-09-06) 39577 bytes
2026-08-28 09:35:46,730 [INFO] [OK] Argentina/ECM_ENSEMBLE_Soy_PRCP/cumulative dia 10 (2026-08-28 → 2026-09-07) 40036 bytes
2026-08-28 09:35:46,845 [INFO] [OK] Argentina/ECM_ENSEMBLE_Soy_PRCP/cumulative dia 11 (2026-08-28 → 2026-09-08) 39502 bytes
2026-08-28 09:35:47,090 [INFO] [OK] Argentina/ECM_ENSEMBLE_Soy_PRCP/cumulative dia 12 (2026-08-28 → 2026-09-09) 40439 bytes
2026-08-28 09:35:47,811 [INFO] [OK] Argentina/ECM_ENSEMBLE_Corn_Winter_PRCP_DEP/daily dia 00 (2026-08-28 → 2026-08-28) 38454 bytes
2026-08-28 09:35:48,001 [INFO] [OK] Argentina/ECM_ENSEMBLE_Corn_Winter_PRCP_DEP/daily dia 02 (2026-08-30 → 2026-08-30) 38413 bytes
2026-08-28 09:35:48,053 [INFO] [OK] Argentina/ECM_ENSEMBLE_Soy_PRCP/cumulative dia 14 (2026-08-28 → 2026-09-11) 40370 bytes
2026-08-28 09:35:48,054 [INFO] [OK] Argentina/ECM_ENSEMBLE_Corn_Winter_PRCP_DEP/daily dia 01 (2026-08-29 → 2026-08-29) 41088 bytes
2026-08-28 09:35:48,107 [INFO] [OK] Argentina/ECM_ENSEMBLE_Soy_PRCP/cumulative dia 13 (2026-08-28 → 2026-09-10) 40371 bytes
2026-08-28 09:35:48,163 [INFO] [OK] Argentina/ECM_ENSEMBLE_Corn_Winter_PRCP_DEP/daily dia 03 (2026-08-31 → 2026-08-31) 37561 bytes
2026-08-28 09:35:48,953 [INFO] [OK] Argentina/ECM_ENSEMBLE_Corn_Winter_PRCP_DEP/daily dia 04 (2026-09-01 → 2026-09-01) 37569 bytes
2026-08-28 09:35:49,308 [INFO] [OK] Argentina/ECM_ENSEMBLE_Corn_Winter_PRCP_DEP/daily dia 05 (2026-09-02 → 2026-09-02) 36617 bytes
2026-08-28 09:35:49,466 [INFO] [OK] Argentina/ECM_ENSEMBLE_Corn_Winter_PRCP_DEP/daily dia 07 (2026-09-04 → 2026-09-04) 36737 bytes
2026-08-28 09:35:49,500 [INFO] [OK] Argentina/ECM_ENSEMBLE_Corn_Winter_PRCP_DEP/daily dia 08 (2026-09-05 → 2026-09-05) 39219 bytes
2026-08-28 09:35:49,516 [INFO] [OK] Argentina/ECM_ENSEMBLE_Corn_Winter_PRCP_DEP/daily dia 06 (2026-09-03 → 2026-09-03) 43542 bytes
2026-08-28 09:35:49,521 [INFO] [OK] Argentina/ECM_ENSEMBLE_Corn_Winter_PRCP_DEP/daily dia 09 (2026-09-06 → 2026-09-06) 42506 bytes
2026-08-28 09:35:50,231 [INFO] [OK] Argentina/ECM_ENSEMBLE_Corn_Winter_PRCP_DEP/daily dia 10 (2026-09-07 → 2026-09-07) 41472 bytes
2026-08-28 09:35:50,479 [INFO] [OK] Argentina/ECM_ENSEMBLE_Corn_Winter_PRCP_DEP/daily dia 11 (2026-09-08 → 2026-09-08) 40214 bytes
2026-08-28 09:35:50,537 [INFO] [OK] Argentina/ECM_ENSEMBLE_Corn_Winter_PRCP_DEP/daily dia 12 (2026-09-09 → 2026-09-09) 40214 bytes
2026-08-28 09:35:50,543 [INFO] [OK] Argentina/ECM_ENSEMBLE_Corn_Winter_PRCP_DEP/cumulative dia 00 (2026-08-28 → 2026-08-28) 38454 bytes
2026-08-28 09:35:50,564 [INFO] [OK] Argentina/ECM_ENSEMBLE_Corn_Winter_PRCP_DEP/daily dia 14 (2026-09-11 → 2026-09-11) 41817 bytes
2026-08-28 09:35:50,606 [INFO] [OK] Argentina/ECM_ENSEMBLE_Corn_Winter_PRCP_DEP/daily dia 13 (2026-09-10 → 2026-09-10) 40135 bytes
2026-08-28 09:35:51,437 [INFO] [OK] Argentina/ECM_ENSEMBLE_Corn_Winter_PRCP_DEP/cumulative dia 01 (2026-08-28 → 2026-08-29) 41052 bytes
2026-08-28 09:35:51,770 [INFO] [OK] Argentina/ECM_ENSEMBLE_Corn_Winter_PRCP_DEP/cumulative dia 02 (2026-08-28 → 2026-08-30) 40265 bytes
2026-08-28 09:35:51,817 [INFO] [OK] Argentina/ECM_ENSEMBLE_Corn_Winter_PRCP_DEP/cumulative dia 04 (2026-08-28 → 2026-09-01) 41863 bytes
2026-08-28 09:35:51,889 [INFO] [OK] Argentina/ECM_ENSEMBLE_Corn_Winter_PRCP_DEP/cumulative dia 05 (2026-08-28 → 2026-09-02) 43253 bytes
2026-08-28 09:35:52,033 [INFO] [OK] Argentina/ECM_ENSEMBLE_Corn_Winter_PRCP_DEP/cumulative dia 03 (2026-08-28 → 2026-08-31) 39842 bytes
2026-08-28 09:35:52,212 [INFO] [OK] Argentina/ECM_ENSEMBLE_Corn_Winter_PRCP_DEP/cumulative dia 06 (2026-08-28 → 2026-09-03) 44073 bytes
2026-08-28 09:35:52,866 [INFO] [OK] Argentina/ECM_ENSEMBLE_Corn_Winter_PRCP_DEP/cumulative dia 07 (2026-08-28 → 2026-09-04) 42849 bytes
2026-08-28 09:35:53,249 [INFO] [OK] Argentina/ECM_ENSEMBLE_Corn_Winter_PRCP_DEP/cumulative dia 09 (2026-08-28 → 2026-09-06) 41793 bytes
2026-08-28 09:35:53,275 [INFO] [OK] Argentina/ECM_ENSEMBLE_Corn_Winter_PRCP_DEP/cumulative dia 08 (2026-08-28 → 2026-09-05) 42177 bytes
2026-08-28 09:35:53,369 [INFO] [OK] Argentina/ECM_ENSEMBLE_Corn_Winter_PRCP_DEP/cumulative dia 10 (2026-08-28 → 2026-09-07) 41429 bytes
2026-08-28 09:35:53,561 [INFO] [OK] Argentina/ECM_ENSEMBLE_Corn_Winter_PRCP_DEP/cumulative dia 11 (2026-08-28 → 2026-09-08) 41332 bytes
2026-08-28 09:35:53,841 [INFO] [OK] Argentina/ECM_ENSEMBLE_Corn_Winter_PRCP_DEP/cumulative dia 12 (2026-08-28 → 2026-09-09) 41018 bytes
2026-08-28 09:35:54,299 [INFO] [OK] Argentina/ECM_ENSEMBLE_Corn_Winter_PRCP/daily dia 00 (2026-08-28 → 2026-08-28) 27992 bytes
2026-08-28 09:35:54,350 [INFO] [OK] Argentina/ECM_ENSEMBLE_Corn_Winter_PRCP/daily dia 01 (2026-08-29 → 2026-08-29) 27860 bytes
2026-08-28 09:35:54,733 [INFO] [OK] Argentina/ECM_ENSEMBLE_Corn_Winter_PRCP/daily dia 02 (2026-08-30 → 2026-08-30) 29238 bytes
2026-08-28 09:35:54,763 [INFO] [OK] Argentina/ECM_ENSEMBLE_Corn_Winter_PRCP_DEP/cumulative dia 13 (2026-08-28 → 2026-09-10) 40981 bytes
2026-08-28 09:35:54,879 [INFO] [OK] Argentina/ECM_ENSEMBLE_Corn_Winter_PRCP/daily dia 03 (2026-08-31 → 2026-08-31) 28823 bytes
2026-08-28 09:35:54,883 [INFO] [OK] Argentina/ECM_ENSEMBLE_Corn_Winter_PRCP_DEP/cumulative dia 14 (2026-08-28 → 2026-09-11) 40919 bytes
2026-08-28 09:35:55,265 [INFO] [OK] Argentina/ECM_ENSEMBLE_Corn_Winter_PRCP/daily dia 04 (2026-09-01 → 2026-09-01) 27200 bytes
2026-08-28 09:35:55,333 [INFO] [OK] Argentina/ECM_ENSEMBLE_Corn_Winter_PRCP/daily dia 05 (2026-09-02 → 2026-09-02) 25744 bytes
2026-08-28 09:35:55,742 [INFO] [OK] Argentina/ECM_ENSEMBLE_Corn_Winter_PRCP/daily dia 06 (2026-09-03 → 2026-09-03) 26370 bytes
2026-08-28 09:35:55,758 [INFO] [OK] Argentina/ECM_ENSEMBLE_Corn_Winter_PRCP/daily dia 07 (2026-09-04 → 2026-09-04) 26747 bytes
2026-08-28 09:35:55,827 [INFO] [OK] Argentina/ECM_ENSEMBLE_Corn_Winter_PRCP/daily dia 08 (2026-09-05 → 2026-09-05) 26681 bytes
2026-08-28 09:35:56,068 [INFO] [OK] Argentina/ECM_ENSEMBLE_Corn_Winter_PRCP/daily dia 09 (2026-09-06 → 2026-09-06) 25810 bytes
2026-08-28 09:35:56,225 [INFO] [OK] Argentina/ECM_ENSEMBLE_Corn_Winter_PRCP/daily dia 10 (2026-09-07 → 2026-09-07) 26347 bytes
2026-08-28 09:35:56,296 [INFO] [OK] Argentina/ECM_ENSEMBLE_Corn_Winter_PRCP/daily dia 11 (2026-09-08 → 2026-09-08) 26912 bytes
2026-08-28 09:35:56,943 [INFO] [OK] Argentina/ECM_ENSEMBLE_Corn_Winter_PRCP/daily dia 13 (2026-09-10 → 2026-09-10) 27155 bytes
2026-08-28 09:35:56,944 [INFO] [OK] Argentina/ECM_ENSEMBLE_Corn_Winter_PRCP/daily dia 12 (2026-09-09 → 2026-09-09) 27083 bytes
2026-08-28 09:35:56,947 [INFO] [OK] Argentina/ECM_ENSEMBLE_Corn_Winter_PRCP/daily dia 14 (2026-09-11 → 2026-09-11) 26918 bytes
2026-08-28 09:35:57,062 [INFO] [OK] Argentina/ECM_ENSEMBLE_Corn_Winter_PRCP/cumulative dia 00 (2026-08-28 → 2026-08-28) 27992 bytes
2026-08-28 09:35:57,310 [INFO] [OK] Argentina/ECM_ENSEMBLE_Corn_Winter_PRCP/cumulative dia 01 (2026-08-28 → 2026-08-29) 30015 bytes
2026-08-28 09:35:57,551 [INFO] [OK] Argentina/ECM_ENSEMBLE_Corn_Winter_PRCP/cumulative dia 02 (2026-08-28 → 2026-08-30) 32657 bytes
2026-08-28 09:35:58,054 [INFO] [OK] Argentina/ECM_ENSEMBLE_Corn_Winter_PRCP/cumulative dia 03 (2026-08-28 → 2026-08-31) 34164 bytes
2026-08-28 09:35:58,219 [INFO] [OK] Argentina/ECM_ENSEMBLE_Corn_Winter_PRCP/cumulative dia 04 (2026-08-28 → 2026-09-01) 35112 bytes
2026-08-28 09:35:58,279 [INFO] [OK] Argentina/ECM_ENSEMBLE_Corn_Winter_PRCP/cumulative dia 05 (2026-08-28 → 2026-09-02) 35452 bytes
2026-08-28 09:35:58,360 [INFO] [OK] Argentina/ECM_ENSEMBLE_Corn_Winter_PRCP/cumulative dia 06 (2026-08-28 → 2026-09-03) 35782 bytes
2026-08-28 09:35:58,797 [INFO] [OK] Argentina/ECM_ENSEMBLE_Corn_Winter_PRCP/cumulative dia 07 (2026-08-28 → 2026-09-04) 36524 bytes
2026-08-28 09:35:58,890 [INFO] [OK] Argentina/ECM_ENSEMBLE_Corn_Winter_PRCP/cumulative dia 08 (2026-08-28 → 2026-09-05) 37195 bytes
2026-08-28 09:35:59,469 [INFO] [OK] Argentina/ECM_ENSEMBLE_Corn_Winter_PRCP/cumulative dia 09 (2026-08-28 → 2026-09-06) 37689 bytes
2026-08-28 09:35:59,850 [INFO] [OK] Argentina/ECM_ENSEMBLE_Corn_Winter_PRCP/cumulative dia 10 (2026-08-28 → 2026-09-07) 38011 bytes
2026-08-28 09:35:59,935 [INFO] [OK] Argentina/ECM_ENSEMBLE_Corn_Winter_PRCP/cumulative dia 11 (2026-08-28 → 2026-09-08) 37610 bytes
2026-08-28 09:36:00,165 [INFO] [OK] Argentina/ECM_ENSEMBLE_Corn_Winter_PRCP/cumulative dia 12 (2026-08-28 → 2026-09-09) 38644 bytes
2026-08-28 09:36:00,628 [INFO] [OK] Argentina/ECM_ENSEMBLE_Corn_Winter_PRCP/cumulative dia 14 (2026-08-28 → 2026-09-11) 38607 bytes
2026-08-28 09:36:00,749 [INFO] [OK] Argentina/ECM_ENSEMBLE_Corn_Winter_PRCP/cumulative dia 13 (2026-08-28 → 2026-09-10) 38435 bytes
2026-08-28 09:36:01,177 [INFO] [OK] USA/GFS_ENSEMBLE_Corn_PRCP_DEP/daily dia 00 (2026-08-28 → 2026-08-28) 51576 bytes
2026-08-28 09:36:01,612 [INFO] [OK] USA/GFS_ENSEMBLE_Corn_PRCP_DEP/daily dia 02 (2026-08-30 → 2026-08-30) 52640 bytes
2026-08-28 09:36:01,616 [INFO] [OK] USA/GFS_ENSEMBLE_Corn_PRCP_DEP/daily dia 01 (2026-08-29 → 2026-08-29) 51494 bytes
2026-08-28 09:36:01,944 [INFO] [OK] USA/GFS_ENSEMBLE_Corn_PRCP_DEP/daily dia 03 (2026-08-31 → 2026-08-31) 52972 bytes
2026-08-28 09:36:02,410 [INFO] [OK] USA/GFS_ENSEMBLE_Corn_PRCP_DEP/daily dia 04 (2026-09-01 → 2026-09-01) 54551 bytes
2026-08-28 09:36:02,571 [INFO] [OK] USA/GFS_ENSEMBLE_Corn_PRCP_DEP/daily dia 05 (2026-09-02 → 2026-09-02) 54592 bytes
2026-08-28 09:36:03,029 [INFO] [OK] USA/GFS_ENSEMBLE_Corn_PRCP_DEP/daily dia 06 (2026-09-03 → 2026-09-03) 56365 bytes
2026-08-28 09:36:03,376 [INFO] [OK] USA/GFS_ENSEMBLE_Corn_PRCP_DEP/daily dia 08 (2026-09-05 → 2026-09-05) 58840 bytes
2026-08-28 09:36:03,440 [INFO] [OK] USA/GFS_ENSEMBLE_Corn_PRCP_DEP/daily dia 07 (2026-09-04 → 2026-09-04) 56769 bytes
2026-08-28 09:36:03,867 [INFO] [OK] USA/GFS_ENSEMBLE_Corn_PRCP_DEP/daily dia 09 (2026-09-06 → 2026-09-06) 60440 bytes
2026-08-28 09:36:04,347 [INFO] [OK] USA/GFS_ENSEMBLE_Corn_PRCP_DEP/daily dia 11 (2026-09-08 → 2026-09-08) 59854 bytes
2026-08-28 09:36:04,398 [INFO] [OK] USA/GFS_ENSEMBLE_Corn_PRCP_DEP/daily dia 10 (2026-09-07 → 2026-09-07) 58599 bytes
2026-08-28 09:36:04,803 [INFO] [OK] USA/GFS_ENSEMBLE_Corn_PRCP_DEP/daily dia 12 (2026-09-09 → 2026-09-09) 59770 bytes
2026-08-28 09:36:05,162 [INFO] [OK] USA/GFS_ENSEMBLE_Corn_PRCP_DEP/daily dia 13 (2026-09-10 → 2026-09-10) 60183 bytes
2026-08-28 09:36:05,329 [INFO] [OK] USA/GFS_ENSEMBLE_Corn_PRCP_DEP/daily dia 14 (2026-09-11 → 2026-09-11) 62079 bytes
2026-08-28 09:36:05,589 [INFO] [OK] USA/GFS_ENSEMBLE_Corn_PRCP_DEP/cumulative dia 00 (2026-08-28 → 2026-08-28) 51576 bytes
2026-08-28 09:36:06,270 [INFO] [OK] USA/GFS_ENSEMBLE_Corn_PRCP_DEP/cumulative dia 01 (2026-08-28 → 2026-08-29) 55322 bytes
2026-08-28 09:36:06,410 [INFO] [OK] USA/GFS_ENSEMBLE_Corn_PRCP_DEP/cumulative dia 02 (2026-08-28 → 2026-08-30) 55521 bytes
2026-08-28 09:36:06,811 [INFO] [OK] USA/GFS_ENSEMBLE_Corn_PRCP_DEP/cumulative dia 03 (2026-08-28 → 2026-08-31) 55652 bytes
2026-08-28 09:36:07,355 [INFO] [OK] USA/GFS_ENSEMBLE_Corn_PRCP_DEP/cumulative dia 04 (2026-08-28 → 2026-09-01) 56473 bytes
2026-08-28 09:36:07,804 [INFO] [OK] USA/GFS_ENSEMBLE_Corn_PRCP_DEP/cumulative dia 05 (2026-08-28 → 2026-09-02) 56640 bytes
2026-08-28 09:36:08,245 [INFO] [OK] USA/GFS_ENSEMBLE_Corn_PRCP_DEP/cumulative dia 06 (2026-08-28 → 2026-09-03) 56364 bytes
2026-08-28 09:36:08,974 [INFO] [OK] USA/GFS_ENSEMBLE_Corn_PRCP_DEP/cumulative dia 07 (2026-08-28 → 2026-09-04) 55820 bytes
2026-08-28 09:36:09,110 [INFO] [OK] USA/GFS_ENSEMBLE_Corn_PRCP_DEP/cumulative dia 08 (2026-08-28 → 2026-09-05) 56215 bytes
2026-08-28 09:36:09,440 [INFO] [OK] USA/GFS_ENSEMBLE_Corn_PRCP_DEP/cumulative dia 09 (2026-08-28 → 2026-09-06) 56417 bytes
2026-08-28 09:36:10,211 [INFO] [OK] USA/GFS_ENSEMBLE_Corn_PRCP_DEP/cumulative dia 10 (2026-08-28 → 2026-09-07) 55864 bytes
2026-08-28 09:36:10,782 [INFO] [OK] USA/GFS_ENSEMBLE_Corn_PRCP_DEP/cumulative dia 11 (2026-08-28 → 2026-09-08) 55914 bytes
2026-08-28 09:36:11,097 [INFO] [OK] USA/GFS_ENSEMBLE_Corn_PRCP/daily dia 00 (2026-08-28 → 2026-08-28) 36473 bytes
2026-08-28 09:36:11,387 [INFO] [OK] USA/GFS_ENSEMBLE_Corn_PRCP_DEP/cumulative dia 12 (2026-08-28 → 2026-09-09) 55581 bytes
2026-08-28 09:36:11,798 [INFO] [OK] USA/GFS_ENSEMBLE_Corn_PRCP/daily dia 01 (2026-08-29 → 2026-08-29) 37308 bytes
2026-08-28 09:36:12,782 [INFO] [OK] USA/GFS_ENSEMBLE_Corn_PRCP_DEP/cumulative dia 13 (2026-08-28 → 2026-09-10) 55610 bytes
2026-08-28 09:36:12,787 [INFO] [OK] USA/GFS_ENSEMBLE_Corn_PRCP_DEP/cumulative dia 14 (2026-08-28 → 2026-09-11) 55558 bytes
2026-08-28 09:36:12,817 [INFO] [OK] USA/GFS_ENSEMBLE_Corn_PRCP/daily dia 03 (2026-08-31 → 2026-08-31) 36144 bytes
2026-08-28 09:36:12,821 [INFO] [OK] USA/GFS_ENSEMBLE_Corn_PRCP/daily dia 02 (2026-08-30 → 2026-08-30) 37303 bytes
2026-08-28 09:36:12,936 [INFO] [OK] USA/GFS_ENSEMBLE_Corn_PRCP/daily dia 04 (2026-09-01 → 2026-09-01) 35150 bytes
2026-08-28 09:36:13,341 [INFO] [OK] USA/GFS_ENSEMBLE_Corn_PRCP/daily dia 05 (2026-09-02 → 2026-09-02) 36620 bytes
2026-08-28 09:36:14,422 [INFO] [OK] USA/GFS_ENSEMBLE_Corn_PRCP/daily dia 06 (2026-09-03 → 2026-09-03) 36184 bytes
2026-08-28 09:36:14,537 [INFO] [OK] USA/GFS_ENSEMBLE_Corn_PRCP/daily dia 07 (2026-09-04 → 2026-09-04) 36067 bytes
2026-08-28 09:36:14,722 [INFO] [OK] USA/GFS_ENSEMBLE_Corn_PRCP/daily dia 08 (2026-09-05 → 2026-09-05) 36087 bytes
2026-08-28 09:36:14,727 [INFO] [OK] USA/GFS_ENSEMBLE_Corn_PRCP/daily dia 09 (2026-09-06 → 2026-09-06) 36452 bytes
2026-08-28 09:36:14,731 [INFO] [OK] USA/GFS_ENSEMBLE_Corn_PRCP/daily dia 10 (2026-09-07 → 2026-09-07) 35898 bytes
2026-08-28 09:36:15,238 [INFO] [OK] USA/GFS_ENSEMBLE_Corn_PRCP/daily dia 11 (2026-09-08 → 2026-09-08) 36789 bytes
2026-08-28 09:36:15,933 [INFO] [OK] USA/GFS_ENSEMBLE_Corn_PRCP/daily dia 12 (2026-09-09 → 2026-09-09) 36948 bytes
2026-08-28 09:36:16,154 [INFO] [OK] USA/GFS_ENSEMBLE_Corn_PRCP/daily dia 13 (2026-09-10 → 2026-09-10) 36766 bytes
2026-08-28 09:36:16,326 [INFO] [OK] USA/GFS_ENSEMBLE_Corn_PRCP/daily dia 14 (2026-09-11 → 2026-09-11) 36957 bytes
2026-08-28 09:36:16,670 [INFO] [OK] USA/GFS_ENSEMBLE_Corn_PRCP/cumulative dia 00 (2026-08-28 → 2026-08-28) 36473 bytes
2026-08-28 09:36:16,672 [INFO] [OK] USA/GFS_ENSEMBLE_Corn_PRCP/cumulative dia 01 (2026-08-28 → 2026-08-29) 39667 bytes
2026-08-28 09:36:17,000 [INFO] [OK] USA/GFS_ENSEMBLE_Corn_PRCP/cumulative dia 02 (2026-08-28 → 2026-08-30) 41386 bytes
2026-08-28 09:36:17,694 [INFO] [OK] USA/GFS_ENSEMBLE_Corn_PRCP/cumulative dia 03 (2026-08-28 → 2026-08-31) 42424 bytes
2026-08-28 09:36:18,479 [INFO] [OK] USA/GFS_ENSEMBLE_Corn_PRCP/cumulative dia 04 (2026-08-28 → 2026-09-01) 43697 bytes
2026-08-28 09:36:18,810 [INFO] [OK] USA/GFS_ENSEMBLE_Corn_PRCP/cumulative dia 05 (2026-08-28 → 2026-09-02) 45302 bytes
2026-08-28 09:36:19,000 [INFO] [OK] USA/GFS_ENSEMBLE_Corn_PRCP/cumulative dia 06 (2026-08-28 → 2026-09-03) 46337 bytes
2026-08-28 09:36:19,107 [INFO] [OK] USA/GFS_ENSEMBLE_Corn_PRCP/cumulative dia 07 (2026-08-28 → 2026-09-04) 47489 bytes
2026-08-28 09:36:19,646 [INFO] [OK] USA/GFS_ENSEMBLE_Corn_PRCP/cumulative dia 08 (2026-08-28 → 2026-09-05) 47921 bytes
2026-08-28 09:36:20,310 [INFO] [OK] USA/GFS_ENSEMBLE_Corn_PRCP/cumulative dia 09 (2026-08-28 → 2026-09-06) 48676 bytes
2026-08-28 09:36:21,467 [INFO] [OK] USA/GFS_ENSEMBLE_Corn_PRCP/cumulative dia 10 (2026-08-28 → 2026-09-07) 48501 bytes
2026-08-28 09:36:21,684 [INFO] [OK] USA/GFS_ENSEMBLE_Corn_PRCP/cumulative dia 11 (2026-08-28 → 2026-09-08) 48632 bytes
2026-08-28 09:36:22,138 [INFO] [OK] USA/GFS_ENSEMBLE_Soy_PRCP_DEP/daily dia 00 (2026-08-28 → 2026-08-28) 51092 bytes
2026-08-28 09:36:22,168 [INFO] [OK] USA/GFS_ENSEMBLE_Corn_PRCP/cumulative dia 12 (2026-08-28 → 2026-09-09) 48995 bytes
2026-08-28 09:36:22,231 [INFO] [OK] USA/GFS_ENSEMBLE_Corn_PRCP/cumulative dia 13 (2026-08-28 → 2026-09-10) 50110 bytes
2026-08-28 09:36:22,768 [INFO] [OK] USA/GFS_ENSEMBLE_Corn_PRCP/cumulative dia 14 (2026-08-28 → 2026-09-11) 49890 bytes
2026-08-28 09:36:23,323 [INFO] [OK] USA/GFS_ENSEMBLE_Soy_PRCP_DEP/daily dia 01 (2026-08-29 → 2026-08-29) 51213 bytes
2026-08-28 09:36:23,509 [INFO] [OK] USA/GFS_ENSEMBLE_Soy_PRCP_DEP/daily dia 02 (2026-08-30 → 2026-08-30) 52287 bytes
2026-08-28 09:36:23,921 [INFO] [OK] USA/GFS_ENSEMBLE_Soy_PRCP_DEP/daily dia 03 (2026-08-31 → 2026-08-31) 52561 bytes
2026-08-28 09:36:24,140 [INFO] [OK] USA/GFS_ENSEMBLE_Soy_PRCP_DEP/daily dia 04 (2026-09-01 → 2026-09-01) 54097 bytes
2026-08-28 09:36:24,595 [INFO] [OK] USA/GFS_ENSEMBLE_Soy_PRCP_DEP/daily dia 06 (2026-09-03 → 2026-09-03) 56230 bytes
2026-08-28 09:36:25,018 [INFO] [OK] USA/GFS_ENSEMBLE_Soy_PRCP_DEP/daily dia 05 (2026-09-02 → 2026-09-02) 54228 bytes
2026-08-28 09:36:25,321 [INFO] [OK] USA/GFS_ENSEMBLE_Soy_PRCP_DEP/daily dia 08 (2026-09-05 → 2026-09-05) 58589 bytes
2026-08-28 09:36:25,465 [INFO] [OK] USA/GFS_ENSEMBLE_Soy_PRCP_DEP/daily dia 07 (2026-09-04 → 2026-09-04) 56411 bytes
2026-08-28 09:36:25,804 [INFO] [OK] USA/GFS_ENSEMBLE_Soy_PRCP_DEP/daily dia 09 (2026-09-06 → 2026-09-06) 60011 bytes
2026-08-28 09:36:26,023 [INFO] [OK] USA/GFS_ENSEMBLE_Soy_PRCP_DEP/daily dia 10 (2026-09-07 → 2026-09-07) 58347 bytes
2026-08-28 09:36:26,185 [INFO] [OK] USA/GFS_ENSEMBLE_Soy_PRCP_DEP/daily dia 11 (2026-09-08 → 2026-09-08) 59501 bytes
2026-08-28 09:36:26,797 [INFO] [OK] USA/GFS_ENSEMBLE_Soy_PRCP_DEP/daily dia 12 (2026-09-09 → 2026-09-09) 59340 bytes
2026-08-28 09:36:27,191 [INFO] [OK] USA/GFS_ENSEMBLE_Soy_PRCP_DEP/daily dia 13 (2026-09-10 → 2026-09-10) 59901 bytes
2026-08-28 09:36:27,284 [INFO] [OK] USA/GFS_ENSEMBLE_Soy_PRCP_DEP/daily dia 14 (2026-09-11 → 2026-09-11) 61787 bytes
2026-08-28 09:36:27,442 [INFO] [OK] USA/GFS_ENSEMBLE_Soy_PRCP_DEP/cumulative dia 00 (2026-08-28 → 2026-08-28) 51092 bytes
2026-08-28 09:36:27,874 [INFO] [OK] USA/GFS_ENSEMBLE_Soy_PRCP_DEP/cumulative dia 01 (2026-08-28 → 2026-08-29) 54838 bytes
2026-08-28 09:36:27,943 [INFO] [OK] USA/GFS_ENSEMBLE_Soy_PRCP_DEP/cumulative dia 02 (2026-08-28 → 2026-08-30) 55005 bytes
2026-08-28 09:36:28,923 [INFO] [OK] USA/GFS_ENSEMBLE_Soy_PRCP_DEP/cumulative dia 03 (2026-08-28 → 2026-08-31) 55285 bytes
2026-08-28 09:36:29,694 [INFO] [OK] USA/GFS_ENSEMBLE_Soy_PRCP_DEP/cumulative dia 04 (2026-08-28 → 2026-09-01) 56007 bytes
2026-08-28 09:36:29,700 [INFO] [OK] USA/GFS_ENSEMBLE_Soy_PRCP_DEP/cumulative dia 05 (2026-08-28 → 2026-09-02) 56153 bytes
2026-08-28 09:36:29,828 [INFO] [OK] USA/GFS_ENSEMBLE_Soy_PRCP_DEP/cumulative dia 06 (2026-08-28 → 2026-09-03) 56043 bytes
2026-08-28 09:36:30,310 [INFO] [OK] USA/GFS_ENSEMBLE_Soy_PRCP_DEP/cumulative dia 07 (2026-08-28 → 2026-09-04) 55516 bytes
2026-08-28 09:36:30,386 [INFO] [OK] USA/GFS_ENSEMBLE_Soy_PRCP_DEP/cumulative dia 08 (2026-08-28 → 2026-09-05) 55973 bytes
2026-08-28 09:36:31,518 [INFO] [OK] USA/GFS_ENSEMBLE_Soy_PRCP_DEP/cumulative dia 09 (2026-08-28 → 2026-09-06) 56103 bytes
2026-08-28 09:36:32,568 [INFO] [OK] USA/GFS_ENSEMBLE_Soy_PRCP_DEP/cumulative dia 10 (2026-08-28 → 2026-09-07) 55625 bytes
2026-08-28 09:36:32,661 [INFO] [OK] USA/GFS_ENSEMBLE_Soy_PRCP_DEP/cumulative dia 11 (2026-08-28 → 2026-09-08) 55812 bytes
2026-08-28 09:36:32,712 [INFO] [OK] USA/GFS_ENSEMBLE_Soy_PRCP_DEP/cumulative dia 12 (2026-08-28 → 2026-09-09) 55284 bytes
2026-08-28 09:36:33,199 [INFO] [OK] USA/GFS_ENSEMBLE_Soy_PRCP/daily dia 00 (2026-08-28 → 2026-08-28) 36043 bytes
2026-08-28 09:36:33,419 [INFO] [OK] USA/GFS_ENSEMBLE_Soy_PRCP_DEP/cumulative dia 13 (2026-08-28 → 2026-09-10) 55308 bytes
2026-08-28 09:36:33,529 [INFO] [OK] USA/GFS_ENSEMBLE_Soy_PRCP_DEP/cumulative dia 14 (2026-08-28 → 2026-09-11) 55291 bytes
2026-08-28 09:36:34,114 [INFO] [OK] USA/GFS_ENSEMBLE_Soy_PRCP/daily dia 01 (2026-08-29 → 2026-08-29) 36749 bytes
2026-08-28 09:36:34,292 [INFO] [OK] USA/GFS_ENSEMBLE_Soy_PRCP/daily dia 02 (2026-08-30 → 2026-08-30) 36825 bytes
2026-08-28 09:36:34,308 [INFO] [OK] USA/GFS_ENSEMBLE_Soy_PRCP/daily dia 03 (2026-08-31 → 2026-08-31) 35675 bytes
2026-08-28 09:36:34,772 [INFO] [OK] USA/GFS_ENSEMBLE_Soy_PRCP/daily dia 04 (2026-09-01 → 2026-09-01) 34649 bytes
2026-08-28 09:36:35,178 [INFO] [OK] USA/GFS_ENSEMBLE_Soy_PRCP/daily dia 05 (2026-09-02 → 2026-09-02) 36011 bytes
2026-08-28 09:36:35,308 [INFO] [OK] USA/GFS_ENSEMBLE_Soy_PRCP/daily dia 06 (2026-09-03 → 2026-09-03) 35659 bytes
2026-08-28 09:36:35,680 [INFO] [OK] USA/GFS_ENSEMBLE_Soy_PRCP/daily dia 07 (2026-09-04 → 2026-09-04) 35634 bytes
2026-08-28 09:36:35,903 [INFO] [OK] USA/GFS_ENSEMBLE_Soy_PRCP/daily dia 08 (2026-09-05 → 2026-09-05) 35661 bytes
2026-08-28 09:36:36,008 [INFO] [OK] USA/GFS_ENSEMBLE_Soy_PRCP/daily dia 09 (2026-09-06 → 2026-09-06) 36139 bytes
2026-08-28 09:36:36,353 [INFO] [OK] USA/GFS_ENSEMBLE_Soy_PRCP/daily dia 10 (2026-09-07 → 2026-09-07) 35483 bytes
2026-08-28 09:36:36,706 [INFO] [OK] USA/GFS_ENSEMBLE_Soy_PRCP/daily dia 11 (2026-09-08 → 2026-09-08) 36291 bytes
2026-08-28 09:36:36,859 [INFO] [OK] USA/GFS_ENSEMBLE_Soy_PRCP/daily dia 12 (2026-09-09 → 2026-09-09) 36511 bytes
2026-08-28 09:36:37,236 [INFO] [OK] USA/GFS_ENSEMBLE_Soy_PRCP/daily dia 13 (2026-09-10 → 2026-09-10) 36383 bytes
2026-08-28 09:36:37,596 [INFO] [OK] USA/GFS_ENSEMBLE_Soy_PRCP/daily dia 14 (2026-09-11 → 2026-09-11) 36595 bytes
2026-08-28 09:36:37,680 [INFO] [OK] USA/GFS_ENSEMBLE_Soy_PRCP/cumulative dia 00 (2026-08-28 → 2026-08-28) 36043 bytes
2026-08-28 09:36:38,124 [INFO] [OK] USA/GFS_ENSEMBLE_Soy_PRCP/cumulative dia 01 (2026-08-28 → 2026-08-29) 39330 bytes
2026-08-28 09:36:38,518 [INFO] [OK] USA/GFS_ENSEMBLE_Soy_PRCP/cumulative dia 02 (2026-08-28 → 2026-08-30) 41039 bytes
2026-08-28 09:36:38,924 [INFO] [OK] USA/GFS_ENSEMBLE_Soy_PRCP/cumulative dia 03 (2026-08-28 → 2026-08-31) 41982 bytes
2026-08-28 09:36:39,443 [INFO] [OK] USA/GFS_ENSEMBLE_Soy_PRCP/cumulative dia 04 (2026-08-28 → 2026-09-01) 43145 bytes
2026-08-28 09:36:39,833 [INFO] [OK] USA/GFS_ENSEMBLE_Soy_PRCP/cumulative dia 05 (2026-08-28 → 2026-09-02) 44707 bytes
2026-08-28 09:36:39,881 [INFO] [OK] USA/GFS_ENSEMBLE_Soy_PRCP/cumulative dia 06 (2026-08-28 → 2026-09-03) 45805 bytes
2026-08-28 09:36:40,540 [INFO] [OK] USA/GFS_ENSEMBLE_Soy_PRCP/cumulative dia 07 (2026-08-28 → 2026-09-04) 46982 bytes
2026-08-28 09:36:41,107 [INFO] [OK] USA/GFS_ENSEMBLE_Soy_PRCP/cumulative dia 08 (2026-08-28 → 2026-09-05) 47469 bytes
2026-08-28 09:36:41,556 [INFO] [OK] USA/GFS_ENSEMBLE_Soy_PRCP/cumulative dia 09 (2026-08-28 → 2026-09-06) 48142 bytes
2026-08-28 09:36:42,189 [INFO] [OK] USA/GFS_ENSEMBLE_Soy_PRCP/cumulative dia 10 (2026-08-28 → 2026-09-07) 48028 bytes
2026-08-28 09:36:42,683 [INFO] [OK] USA/GFS_ENSEMBLE_Soy_PRCP/cumulative dia 11 (2026-08-28 → 2026-09-08) 48149 bytes
2026-08-28 09:36:42,819 [INFO] [OK] USA/GFS_ENSEMBLE_Soy_PRCP/cumulative dia 12 (2026-08-28 → 2026-09-09) 48427 bytes
2026-08-28 09:36:43,343 [INFO] [OK] USA/GFS_ENSEMBLE_Wheat_Winter_PRCP_DEP/daily dia 00 (2026-08-28 → 2026-08-28) 52629 bytes
2026-08-28 09:36:43,554 [INFO] [OK] USA/GFS_ENSEMBLE_Soy_PRCP/cumulative dia 13 (2026-08-28 → 2026-09-10) 49762 bytes
2026-08-28 09:36:43,964 [INFO] [OK] USA/GFS_ENSEMBLE_Wheat_Winter_PRCP_DEP/daily dia 01 (2026-08-29 → 2026-08-29) 52760 bytes
2026-08-28 09:36:44,085 [INFO] [OK] USA/GFS_ENSEMBLE_Soy_PRCP/cumulative dia 14 (2026-08-28 → 2026-09-11) 49582 bytes
2026-08-28 09:36:44,570 [INFO] [OK] USA/GFS_ENSEMBLE_Wheat_Winter_PRCP_DEP/daily dia 03 (2026-08-31 → 2026-08-31) 54542 bytes
2026-08-28 09:36:44,572 [INFO] [OK] USA/GFS_ENSEMBLE_Wheat_Winter_PRCP_DEP/daily dia 02 (2026-08-30 → 2026-08-30) 53806 bytes
2026-08-28 09:36:45,225 [INFO] [OK] USA/GFS_ENSEMBLE_Wheat_Winter_PRCP_DEP/daily dia 04 (2026-09-01 → 2026-09-01) 55815 bytes
2026-08-28 09:36:45,336 [INFO] [OK] USA/GFS_ENSEMBLE_Wheat_Winter_PRCP_DEP/daily dia 05 (2026-09-02 → 2026-09-02) 55784 bytes
2026-08-28 09:36:45,728 [INFO] [OK] USA/GFS_ENSEMBLE_Wheat_Winter_PRCP_DEP/daily dia 06 (2026-09-03 → 2026-09-03) 57636 bytes
2026-08-28 09:36:45,908 [INFO] [OK] USA/GFS_ENSEMBLE_Wheat_Winter_PRCP_DEP/daily dia 07 (2026-09-04 → 2026-09-04) 58021 bytes
2026-08-28 09:36:46,280 [INFO] [OK] USA/GFS_ENSEMBLE_Wheat_Winter_PRCP_DEP/daily dia 08 (2026-09-05 → 2026-09-05) 60188 bytes
2026-08-28 09:36:46,330 [INFO] [OK] USA/GFS_ENSEMBLE_Wheat_Winter_PRCP_DEP/daily dia 09 (2026-09-06 → 2026-09-06) 61416 bytes
2026-08-28 09:36:47,046 [INFO] [OK] USA/GFS_ENSEMBLE_Wheat_Winter_PRCP_DEP/daily dia 10 (2026-09-07 → 2026-09-07) 59993 bytes
2026-08-28 09:36:47,159 [INFO] [OK] USA/GFS_ENSEMBLE_Wheat_Winter_PRCP_DEP/daily dia 11 (2026-09-08 → 2026-09-08) 60612 bytes
2026-08-28 09:36:47,502 [INFO] [OK] USA/GFS_ENSEMBLE_Wheat_Winter_PRCP_DEP/daily dia 12 (2026-09-09 → 2026-09-09) 60579 bytes
2026-08-28 09:36:47,793 [INFO] [OK] USA/GFS_ENSEMBLE_Wheat_Winter_PRCP_DEP/daily dia 13 (2026-09-10 → 2026-09-10) 61222 bytes
2026-08-28 09:36:48,049 [INFO] [OK] USA/GFS_ENSEMBLE_Wheat_Winter_PRCP_DEP/daily dia 14 (2026-09-11 → 2026-09-11) 63442 bytes
2026-08-28 09:36:48,050 [INFO] [OK] USA/GFS_ENSEMBLE_Wheat_Winter_PRCP_DEP/cumulative dia 00 (2026-08-28 → 2026-08-28) 52629 bytes
2026-08-28 09:36:48,931 [INFO] [OK] USA/GFS_ENSEMBLE_Wheat_Winter_PRCP_DEP/cumulative dia 01 (2026-08-28 → 2026-08-29) 56342 bytes
2026-08-28 09:36:49,396 [INFO] [OK] USA/GFS_ENSEMBLE_Wheat_Winter_PRCP_DEP/cumulative dia 02 (2026-08-28 → 2026-08-30) 56631 bytes
2026-08-28 09:36:49,595 [INFO] [OK] USA/GFS_ENSEMBLE_Wheat_Winter_PRCP_DEP/cumulative dia 03 (2026-08-28 → 2026-08-31) 56805 bytes
2026-08-28 09:36:50,278 [INFO] [OK] USA/GFS_ENSEMBLE_Wheat_Winter_PRCP_DEP/cumulative dia 06 (2026-08-28 → 2026-09-03) 57826 bytes
2026-08-28 09:36:50,360 [INFO] [OK] USA/GFS_ENSEMBLE_Wheat_Winter_PRCP_DEP/cumulative dia 04 (2026-08-28 → 2026-09-01) 57322 bytes
2026-08-28 09:36:50,396 [INFO] [OK] USA/GFS_ENSEMBLE_Wheat_Winter_PRCP_DEP/cumulative dia 05 (2026-08-28 → 2026-09-02) 57580 bytes
2026-08-28 09:36:51,373 [INFO] [OK] USA/GFS_ENSEMBLE_Wheat_Winter_PRCP_DEP/cumulative dia 07 (2026-08-28 → 2026-09-04) 57239 bytes
2026-08-28 09:36:52,399 [INFO] [OK] USA/GFS_ENSEMBLE_Wheat_Winter_PRCP_DEP/cumulative dia 08 (2026-08-28 → 2026-09-05) 57470 bytes
2026-08-28 09:36:52,429 [INFO] [OK] USA/GFS_ENSEMBLE_Wheat_Winter_PRCP_DEP/cumulative dia 09 (2026-08-28 → 2026-09-06) 57874 bytes
2026-08-28 09:36:53,219 [INFO] [OK] USA/GFS_ENSEMBLE_Wheat_Winter_PRCP_DEP/cumulative dia 10 (2026-08-28 → 2026-09-07) 57359 bytes
2026-08-28 09:36:53,988 [INFO] [OK] USA/GFS_ENSEMBLE_Wheat_Winter_PRCP_DEP/cumulative dia 11 (2026-08-28 → 2026-09-08) 57323 bytes
2026-08-28 09:36:53,988 [INFO] [OK] USA/GFS_ENSEMBLE_Wheat_Winter_PRCP_DEP/cumulative dia 12 (2026-08-28 → 2026-09-09) 57054 bytes
2026-08-28 09:36:54,164 [INFO] [OK] USA/GFS_ENSEMBLE_Wheat_Winter_PRCP/daily dia 00 (2026-08-28 → 2026-08-28) 37636 bytes
2026-08-28 09:36:54,478 [INFO] [OK] USA/GFS_ENSEMBLE_Wheat_Winter_PRCP_DEP/cumulative dia 13 (2026-08-28 → 2026-09-10) 57081 bytes
2026-08-28 09:36:54,861 [INFO] [OK] USA/GFS_ENSEMBLE_Wheat_Winter_PRCP/daily dia 01 (2026-08-29 → 2026-08-29) 38243 bytes
2026-08-28 09:36:55,502 [INFO] [OK] USA/GFS_ENSEMBLE_Wheat_Winter_PRCP_DEP/cumulative dia 14 (2026-08-28 → 2026-09-11) 57104 bytes
2026-08-28 09:36:55,719 [INFO] [OK] USA/GFS_ENSEMBLE_Wheat_Winter_PRCP/daily dia 02 (2026-08-30 → 2026-08-30) 38399 bytes
2026-08-28 09:36:55,782 [INFO] [OK] USA/GFS_ENSEMBLE_Wheat_Winter_PRCP/daily dia 03 (2026-08-31 → 2026-08-31) 37234 bytes
2026-08-28 09:36:55,926 [INFO] [OK] USA/GFS_ENSEMBLE_Wheat_Winter_PRCP/daily dia 04 (2026-09-01 → 2026-09-01) 36301 bytes
2026-08-28 09:36:56,102 [INFO] [OK] USA/GFS_ENSEMBLE_Wheat_Winter_PRCP/daily dia 05 (2026-09-02 → 2026-09-02) 37544 bytes
2026-08-28 09:36:56,449 [INFO] [OK] USA/GFS_ENSEMBLE_Wheat_Winter_PRCP/daily dia 06 (2026-09-03 → 2026-09-03) 37334 bytes
2026-08-28 09:36:57,326 [INFO] [OK] USA/GFS_ENSEMBLE_Wheat_Winter_PRCP/daily dia 07 (2026-09-04 → 2026-09-04) 36881 bytes
2026-08-28 09:36:57,593 [INFO] [OK] USA/GFS_ENSEMBLE_Wheat_Winter_PRCP/daily dia 09 (2026-09-06 → 2026-09-06) 37480 bytes
2026-08-28 09:36:57,917 [INFO] [OK] USA/GFS_ENSEMBLE_Wheat_Winter_PRCP/daily dia 08 (2026-09-05 → 2026-09-05) 37210 bytes
2026-08-28 09:36:57,925 [INFO] [OK] USA/GFS_ENSEMBLE_Wheat_Winter_PRCP/daily dia 11 (2026-09-08 → 2026-09-08) 37645 bytes
2026-08-28 09:36:57,993 [INFO] [OK] USA/GFS_ENSEMBLE_Wheat_Winter_PRCP/daily dia 10 (2026-09-07 → 2026-09-07) 36795 bytes
2026-08-28 09:36:58,143 [INFO] [OK] USA/GFS_ENSEMBLE_Wheat_Winter_PRCP/daily dia 12 (2026-09-09 → 2026-09-09) 37876 bytes
2026-08-28 09:36:58,901 [INFO] [OK] USA/GFS_ENSEMBLE_Wheat_Winter_PRCP/daily dia 13 (2026-09-10 → 2026-09-10) 37950 bytes
2026-08-28 09:36:59,288 [INFO] [OK] USA/GFS_ENSEMBLE_Wheat_Winter_PRCP/daily dia 14 (2026-09-11 → 2026-09-11) 37935 bytes
2026-08-28 09:36:59,504 [INFO] [OK] USA/GFS_ENSEMBLE_Wheat_Winter_PRCP/cumulative dia 00 (2026-08-28 → 2026-08-28) 37636 bytes
2026-08-28 09:36:59,749 [INFO] [OK] USA/GFS_ENSEMBLE_Wheat_Winter_PRCP/cumulative dia 01 (2026-08-28 → 2026-08-29) 40666 bytes
2026-08-28 09:36:59,945 [INFO] [OK] USA/GFS_ENSEMBLE_Wheat_Winter_PRCP/cumulative dia 02 (2026-08-28 → 2026-08-30) 42457 bytes
2026-08-28 09:37:00,146 [INFO] [OK] USA/GFS_ENSEMBLE_Wheat_Winter_PRCP/cumulative dia 03 (2026-08-28 → 2026-08-31) 43581 bytes
2026-08-28 09:37:00,793 [INFO] [OK] USA/GFS_ENSEMBLE_Wheat_Winter_PRCP/cumulative dia 04 (2026-08-28 → 2026-09-01) 44623 bytes
2026-08-28 09:37:01,454 [INFO] [OK] USA/GFS_ENSEMBLE_Wheat_Winter_PRCP/cumulative dia 05 (2026-08-28 → 2026-09-02) 46196 bytes
2026-08-28 09:37:01,645 [INFO] [OK] USA/GFS_ENSEMBLE_Wheat_Winter_PRCP/cumulative dia 06 (2026-08-28 → 2026-09-03) 47242 bytes
2026-08-28 09:37:02,162 [INFO] [OK] USA/GFS_ENSEMBLE_Wheat_Winter_PRCP/cumulative dia 07 (2026-08-28 → 2026-09-04) 48396 bytes
2026-08-28 09:37:02,445 [INFO] [OK] USA/GFS_ENSEMBLE_Wheat_Winter_PRCP/cumulative dia 08 (2026-08-28 → 2026-09-05) 48828 bytes
2026-08-28 09:37:02,684 [INFO] [OK] USA/GFS_ENSEMBLE_Wheat_Winter_PRCP/cumulative dia 09 (2026-08-28 → 2026-09-06) 49616 bytes
2026-08-28 09:37:03,452 [INFO] [OK] USA/GFS_ENSEMBLE_Wheat_Winter_PRCP/cumulative dia 10 (2026-08-28 → 2026-09-07) 49370 bytes
2026-08-28 09:37:04,224 [INFO] [OK] USA/GFS_ENSEMBLE_Wheat_Winter_PRCP/cumulative dia 11 (2026-08-28 → 2026-09-08) 49713 bytes
2026-08-28 09:37:04,337 [INFO] [OK] USA/GFS_ENSEMBLE_Wheat_Winter_PRCP/cumulative dia 12 (2026-08-28 → 2026-09-09) 49960 bytes
2026-08-28 09:37:04,700 [INFO] [OK] USA/GFS_ENSEMBLE_Wheat_Spring_PRCP_DEP/daily dia 00 (2026-08-28 → 2026-08-28) 49468 bytes
2026-08-28 09:37:05,169 [INFO] [OK] USA/GFS_ENSEMBLE_Wheat_Winter_PRCP/cumulative dia 13 (2026-08-28 → 2026-09-10) 51304 bytes
2026-08-28 09:37:05,212 [INFO] [OK] USA/GFS_ENSEMBLE_Wheat_Spring_PRCP_DEP/daily dia 01 (2026-08-29 → 2026-08-29) 49787 bytes
2026-08-28 09:37:05,601 [INFO] [OK] USA/GFS_ENSEMBLE_Wheat_Winter_PRCP/cumulative dia 14 (2026-08-28 → 2026-09-11) 50926 bytes
2026-08-28 09:37:05,892 [INFO] [OK] USA/GFS_ENSEMBLE_Wheat_Spring_PRCP_DEP/daily dia 03 (2026-08-31 → 2026-08-31) 51132 bytes
2026-08-28 09:37:05,918 [INFO] [OK] USA/GFS_ENSEMBLE_Wheat_Spring_PRCP_DEP/daily dia 02 (2026-08-30 → 2026-08-30) 50444 bytes
2026-08-28 09:37:06,372 [INFO] [OK] USA/GFS_ENSEMBLE_Wheat_Spring_PRCP_DEP/daily dia 04 (2026-09-01 → 2026-09-01) 52633 bytes
2026-08-28 09:37:07,377 [INFO] [OK] USA/GFS_ENSEMBLE_Wheat_Spring_PRCP_DEP/daily dia 06 (2026-09-03 → 2026-09-03) 54444 bytes
2026-08-28 09:37:07,606 [INFO] [OK] USA/GFS_ENSEMBLE_Wheat_Spring_PRCP_DEP/daily dia 05 (2026-09-02 → 2026-09-02) 53016 bytes
2026-08-28 09:37:07,647 [INFO] [OK] USA/GFS_ENSEMBLE_Wheat_Spring_PRCP_DEP/daily dia 07 (2026-09-04 → 2026-09-04) 54842 bytes
2026-08-28 09:37:07,655 [INFO] [OK] USA/GFS_ENSEMBLE_Wheat_Spring_PRCP_DEP/daily dia 08 (2026-09-05 → 2026-09-05) 56681 bytes
2026-08-28 09:37:07,832 [INFO] [OK] USA/GFS_ENSEMBLE_Wheat_Spring_PRCP_DEP/daily dia 09 (2026-09-06 → 2026-09-06) 57718 bytes
2026-08-28 09:37:08,067 [INFO] [OK] USA/GFS_ENSEMBLE_Wheat_Spring_PRCP_DEP/daily dia 10 (2026-09-07 → 2026-09-07) 56055 bytes
2026-08-28 09:37:09,421 [INFO] [OK] USA/GFS_ENSEMBLE_Wheat_Spring_PRCP_DEP/daily dia 12 (2026-09-09 → 2026-09-09) 57486 bytes
2026-08-28 09:37:09,432 [INFO] [OK] USA/GFS_ENSEMBLE_Wheat_Spring_PRCP_DEP/daily dia 13 (2026-09-10 → 2026-09-10) 57803 bytes
2026-08-28 09:37:09,506 [INFO] [OK] USA/GFS_ENSEMBLE_Wheat_Spring_PRCP_DEP/daily dia 11 (2026-09-08 → 2026-09-08) 57648 bytes
2026-08-28 09:37:09,603 [INFO] [OK] USA/GFS_ENSEMBLE_Wheat_Spring_PRCP_DEP/cumulative dia 00 (2026-08-28 → 2026-08-28) 49468 bytes
2026-08-28 09:37:09,643 [INFO] [OK] USA/GFS_ENSEMBLE_Wheat_Spring_PRCP_DEP/daily dia 14 (2026-09-11 → 2026-09-11) 60149 bytes
2026-08-28 09:37:09,855 [INFO] [OK] USA/GFS_ENSEMBLE_Wheat_Spring_PRCP_DEP/cumulative dia 01 (2026-08-28 → 2026-08-29) 53300 bytes
2026-08-28 09:37:11,652 [INFO] [OK] USA/GFS_ENSEMBLE_Wheat_Spring_PRCP_DEP/cumulative dia 02 (2026-08-28 → 2026-08-30) 53198 bytes
2026-08-28 09:37:11,850 [INFO] [OK] USA/GFS_ENSEMBLE_Wheat_Spring_PRCP_DEP/cumulative dia 04 (2026-08-28 → 2026-09-01) 54441 bytes
2026-08-28 09:37:11,966 [INFO] [OK] USA/GFS_ENSEMBLE_Wheat_Spring_PRCP_DEP/cumulative dia 05 (2026-08-28 → 2026-09-02) 54583 bytes
2026-08-28 09:37:12,019 [INFO] [OK] USA/GFS_ENSEMBLE_Wheat_Spring_PRCP_DEP/cumulative dia 03 (2026-08-28 → 2026-08-31) 53769 bytes
2026-08-28 09:37:12,257 [INFO] [OK] USA/GFS_ENSEMBLE_Wheat_Spring_PRCP_DEP/cumulative dia 07 (2026-08-28 → 2026-09-04) 53934 bytes
2026-08-28 09:37:12,266 [INFO] [OK] USA/GFS_ENSEMBLE_Wheat_Spring_PRCP_DEP/cumulative dia 06 (2026-08-28 → 2026-09-03) 54699 bytes
2026-08-28 09:37:14,482 [INFO] [OK] USA/GFS_ENSEMBLE_Wheat_Spring_PRCP_DEP/cumulative dia 08 (2026-08-28 → 2026-09-05) 54193 bytes
2026-08-28 09:37:14,754 [INFO] [OK] USA/GFS_ENSEMBLE_Wheat_Spring_PRCP_DEP/cumulative dia 09 (2026-08-28 → 2026-09-06) 54182 bytes
2026-08-28 09:37:15,055 [INFO] [OK] USA/GFS_ENSEMBLE_Wheat_Spring_PRCP_DEP/cumulative dia 10 (2026-08-28 → 2026-09-07) 53783 bytes
2026-08-28 09:37:15,077 [INFO] [OK] USA/GFS_ENSEMBLE_Wheat_Spring_PRCP_DEP/cumulative dia 11 (2026-08-28 → 2026-09-08) 53723 bytes
2026-08-28 09:37:15,282 [INFO] [OK] USA/GFS_ENSEMBLE_Wheat_Spring_PRCP_DEP/cumulative dia 13 (2026-08-28 → 2026-09-10) 53640 bytes
2026-08-28 09:37:15,332 [INFO] [OK] USA/GFS_ENSEMBLE_Wheat_Spring_PRCP_DEP/cumulative dia 12 (2026-08-28 → 2026-09-09) 53471 bytes
2026-08-28 09:37:16,345 [INFO] [OK] USA/GFS_ENSEMBLE_Wheat_Spring_PRCP/daily dia 00 (2026-08-28 → 2026-08-28) 34524 bytes
2026-08-28 09:37:16,918 [INFO] [OK] USA/GFS_ENSEMBLE_Wheat_Spring_PRCP/daily dia 02 (2026-08-30 → 2026-08-30) 35332 bytes
2026-08-28 09:37:16,919 [INFO] [OK] USA/GFS_ENSEMBLE_Wheat_Spring_PRCP/daily dia 03 (2026-08-31 → 2026-08-31) 34266 bytes
2026-08-28 09:37:16,920 [INFO] [OK] USA/GFS_ENSEMBLE_Wheat_Spring_PRCP/daily dia 01 (2026-08-29 → 2026-08-29) 35243 bytes
2026-08-28 09:37:17,002 [INFO] [OK] USA/GFS_ENSEMBLE_Wheat_Spring_PRCP/daily dia 04 (2026-09-01 → 2026-09-01) 33279 bytes
2026-08-28 09:37:17,455 [INFO] [OK] USA/GFS_ENSEMBLE_Wheat_Spring_PRCP_DEP/cumulative dia 14 (2026-08-28 → 2026-09-11) 53336 bytes
2026-08-28 09:37:17,897 [INFO] [OK] USA/GFS_ENSEMBLE_Wheat_Spring_PRCP/daily dia 05 (2026-09-02 → 2026-09-02) 34616 bytes
2026-08-28 09:37:18,601 [INFO] [OK] USA/GFS_ENSEMBLE_Wheat_Spring_PRCP/daily dia 06 (2026-09-03 → 2026-09-03) 34358 bytes
2026-08-28 09:37:18,602 [INFO] [OK] USA/GFS_ENSEMBLE_Wheat_Spring_PRCP/daily dia 07 (2026-09-04 → 2026-09-04) 34225 bytes
2026-08-28 09:37:18,603 [INFO] [OK] USA/GFS_ENSEMBLE_Wheat_Spring_PRCP/daily dia 08 (2026-09-05 → 2026-09-05) 34515 bytes
2026-08-28 09:37:18,701 [INFO] [OK] USA/GFS_ENSEMBLE_Wheat_Spring_PRCP/daily dia 09 (2026-09-06 → 2026-09-06) 34828 bytes
2026-08-28 09:37:18,971 [INFO] [OK] USA/GFS_ENSEMBLE_Wheat_Spring_PRCP/daily dia 10 (2026-09-07 → 2026-09-07) 34182 bytes
2026-08-28 09:37:19,511 [INFO] [OK] USA/GFS_ENSEMBLE_Wheat_Spring_PRCP/daily dia 11 (2026-09-08 → 2026-09-08) 34790 bytes
2026-08-28 09:37:20,645 [INFO] [OK] USA/GFS_ENSEMBLE_Wheat_Spring_PRCP/daily dia 14 (2026-09-11 → 2026-09-11) 35147 bytes
2026-08-28 09:37:20,755 [INFO] [OK] USA/GFS_ENSEMBLE_Wheat_Spring_PRCP/cumulative dia 01 (2026-08-28 → 2026-08-29) 37847 bytes
2026-08-28 09:37:20,756 [INFO] [OK] USA/GFS_ENSEMBLE_Wheat_Spring_PRCP/daily dia 13 (2026-09-10 → 2026-09-10) 35086 bytes
2026-08-28 09:37:20,771 [INFO] [OK] USA/GFS_ENSEMBLE_Wheat_Spring_PRCP/daily dia 12 (2026-09-09 → 2026-09-09) 35239 bytes
2026-08-28 09:37:20,788 [INFO] [OK] USA/GFS_ENSEMBLE_Wheat_Spring_PRCP/cumulative dia 00 (2026-08-28 → 2026-08-28) 34524 bytes
2026-08-28 09:37:21,465 [INFO] [OK] USA/GFS_ENSEMBLE_Wheat_Spring_PRCP/cumulative dia 02 (2026-08-28 → 2026-08-30) 39448 bytes
2026-08-28 09:37:22,708 [INFO] [OK] USA/GFS_ENSEMBLE_Wheat_Spring_PRCP/cumulative dia 03 (2026-08-28 → 2026-08-31) 40643 bytes
2026-08-28 09:37:22,925 [INFO] [OK] USA/GFS_ENSEMBLE_Wheat_Spring_PRCP/cumulative dia 04 (2026-08-28 → 2026-09-01) 41513 bytes
2026-08-28 09:37:23,099 [INFO] [OK] USA/GFS_ENSEMBLE_Wheat_Spring_PRCP/cumulative dia 05 (2026-08-28 → 2026-09-02) 43108 bytes
2026-08-28 09:37:23,368 [INFO] [OK] USA/GFS_ENSEMBLE_Wheat_Spring_PRCP/cumulative dia 06 (2026-08-28 → 2026-09-03) 44183 bytes
2026-08-28 09:37:23,460 [INFO] [OK] USA/GFS_ENSEMBLE_Wheat_Spring_PRCP/cumulative dia 07 (2026-08-28 → 2026-09-04) 45492 bytes
2026-08-28 09:37:24,043 [INFO] [OK] USA/GFS_ENSEMBLE_Wheat_Spring_PRCP/cumulative dia 08 (2026-08-28 → 2026-09-05) 45861 bytes
2026-08-28 09:37:25,859 [INFO] [OK] USA/GFS_ENSEMBLE_Wheat_Spring_PRCP/cumulative dia 09 (2026-08-28 → 2026-09-06) 46291 bytes
2026-08-28 09:37:25,937 [INFO] [OK] USA/GFS_ENSEMBLE_Wheat_Spring_PRCP/cumulative dia 10 (2026-08-28 → 2026-09-07) 46071 bytes
2026-08-28 09:37:26,404 [INFO] [OK] USA/GFS_ENSEMBLE_Wheat_Spring_PRCP/cumulative dia 11 (2026-08-28 → 2026-09-08) 46344 bytes
2026-08-28 09:37:26,922 [INFO] [OK] USA/GFS_ENSEMBLE_Wheat_Spring_PRCP/cumulative dia 12 (2026-08-28 → 2026-09-09) 46434 bytes
2026-08-28 09:37:26,981 [INFO] [OK] USA/GFS_ENSEMBLE_Wheat_Spring_PRCP/cumulative dia 13 (2026-08-28 → 2026-09-10) 47603 bytes
2026-08-28 09:37:27,430 [INFO] [OK] USA/GFS_ENSEMBLE_Wheat_Spring_PRCP/cumulative dia 14 (2026-08-28 → 2026-09-11) 47583 bytes
2026-08-28 09:37:27,563 [INFO] [OK] USA/ECM_ENSEMBLE_Corn_PRCP_DEP/daily dia 00 (2026-08-28 → 2026-08-28) 54704 bytes
2026-08-28 09:37:27,826 [INFO] [OK] USA/ECM_ENSEMBLE_Corn_PRCP_DEP/daily dia 01 (2026-08-29 → 2026-08-29) 52088 bytes
2026-08-28 09:37:28,170 [INFO] [OK] USA/ECM_ENSEMBLE_Corn_PRCP_DEP/daily dia 02 (2026-08-30 → 2026-08-30) 53364 bytes
2026-08-28 09:37:28,745 [INFO] [OK] USA/ECM_ENSEMBLE_Corn_PRCP_DEP/daily dia 03 (2026-08-31 → 2026-08-31) 51630 bytes
2026-08-28 09:37:28,887 [INFO] [OK] USA/ECM_ENSEMBLE_Corn_PRCP_DEP/daily dia 04 (2026-09-01 → 2026-09-01) 56083 bytes
2026-08-28 09:37:29,454 [INFO] [OK] USA/ECM_ENSEMBLE_Corn_PRCP_DEP/daily dia 06 (2026-09-03 → 2026-09-03) 56777 bytes
2026-08-28 09:37:29,475 [INFO] [OK] USA/ECM_ENSEMBLE_Corn_PRCP_DEP/daily dia 05 (2026-09-02 → 2026-09-02) 57153 bytes
2026-08-28 09:37:30,349 [INFO] [OK] USA/ECM_ENSEMBLE_Corn_PRCP_DEP/daily dia 08 (2026-09-05 → 2026-09-05) 57580 bytes
2026-08-28 09:37:30,383 [INFO] [OK] USA/ECM_ENSEMBLE_Corn_PRCP_DEP/daily dia 07 (2026-09-04 → 2026-09-04) 56285 bytes
2026-08-28 09:37:31,594 [INFO] [OK] USA/ECM_ENSEMBLE_Corn_PRCP_DEP/daily dia 10 (2026-09-07 → 2026-09-07) 60095 bytes
2026-08-28 09:37:31,618 [INFO] [OK] USA/ECM_ENSEMBLE_Corn_PRCP_DEP/daily dia 09 (2026-09-06 → 2026-09-06) 60140 bytes
2026-08-28 09:37:31,636 [INFO] [OK] USA/ECM_ENSEMBLE_Corn_PRCP_DEP/daily dia 12 (2026-09-09 → 2026-09-09) 61724 bytes
2026-08-28 09:37:31,844 [INFO] [OK] USA/ECM_ENSEMBLE_Corn_PRCP_DEP/daily dia 11 (2026-09-08 → 2026-09-08) 61188 bytes
2026-08-28 09:37:32,214 [INFO] [OK] USA/ECM_ENSEMBLE_Corn_PRCP_DEP/daily dia 14 (2026-09-11 → 2026-09-11) 60657 bytes
2026-08-28 09:37:32,378 [INFO] [OK] USA/ECM_ENSEMBLE_Corn_PRCP_DEP/daily dia 13 (2026-09-10 → 2026-09-10) 59648 bytes
2026-08-28 09:37:34,031 [INFO] [OK] USA/ECM_ENSEMBLE_Corn_PRCP_DEP/cumulative dia 00 (2026-08-28 → 2026-08-28) 54704 bytes
2026-08-28 09:37:34,204 [INFO] [OK] USA/ECM_ENSEMBLE_Corn_PRCP_DEP/cumulative dia 01 (2026-08-28 → 2026-08-29) 56649 bytes
2026-08-28 09:37:34,647 [INFO] [OK] USA/ECM_ENSEMBLE_Corn_PRCP_DEP/cumulative dia 02 (2026-08-28 → 2026-08-30) 56499 bytes
2026-08-28 09:37:34,738 [INFO] [OK] USA/ECM_ENSEMBLE_Corn_PRCP_DEP/cumulative dia 03 (2026-08-28 → 2026-08-31) 56413 bytes
2026-08-28 09:37:35,299 [INFO] [OK] USA/ECM_ENSEMBLE_Corn_PRCP_DEP/cumulative dia 04 (2026-08-28 → 2026-09-01) 58279 bytes
2026-08-28 09:37:35,406 [INFO] [OK] USA/ECM_ENSEMBLE_Corn_PRCP_DEP/cumulative dia 05 (2026-08-28 → 2026-09-02) 58252 bytes
2026-08-28 09:37:36,653 [INFO] [OK] USA/ECM_ENSEMBLE_Corn_PRCP_DEP/cumulative dia 06 (2026-08-28 → 2026-09-03) 57870 bytes
2026-08-28 09:37:37,445 [INFO] [OK] USA/ECM_ENSEMBLE_Corn_PRCP_DEP/cumulative dia 07 (2026-08-28 → 2026-09-04) 57966 bytes
2026-08-28 09:37:38,126 [INFO] [OK] USA/ECM_ENSEMBLE_Corn_PRCP_DEP/cumulative dia 08 (2026-08-28 → 2026-09-05) 58137 bytes
2026-08-28 09:37:38,239 [INFO] [OK] USA/ECM_ENSEMBLE_Corn_PRCP_DEP/cumulative dia 09 (2026-08-28 → 2026-09-06) 58387 bytes
2026-08-28 09:37:39,015 [INFO] [OK] USA/ECM_ENSEMBLE_Corn_PRCP_DEP/cumulative dia 10 (2026-08-28 → 2026-09-07) 59242 bytes
2026-08-28 09:37:39,304 [INFO] [OK] USA/ECM_ENSEMBLE_Corn_PRCP_DEP/cumulative dia 11 (2026-08-28 → 2026-09-08) 58883 bytes
2026-08-28 09:37:39,972 [INFO] [OK] USA/ECM_ENSEMBLE_Corn_PRCP_DEP/cumulative dia 12 (2026-08-28 → 2026-09-09) 58437 bytes
2026-08-28 09:37:40,043 [INFO] [OK] USA/ECM_ENSEMBLE_Corn_PRCP/daily dia 00 (2026-08-28 → 2026-08-28) 36528 bytes
2026-08-28 09:37:40,706 [INFO] [OK] USA/ECM_ENSEMBLE_Corn_PRCP/daily dia 01 (2026-08-29 → 2026-08-29) 37905 bytes
2026-08-28 09:37:40,888 [INFO] [OK] USA/ECM_ENSEMBLE_Corn_PRCP_DEP/cumulative dia 13 (2026-08-28 → 2026-09-10) 58186 bytes
2026-08-28 09:37:41,130 [INFO] [OK] USA/ECM_ENSEMBLE_Corn_PRCP/daily dia 02 (2026-08-30 → 2026-08-30) 36928 bytes
2026-08-28 09:37:41,750 [INFO] [OK] USA/ECM_ENSEMBLE_Corn_PRCP/daily dia 04 (2026-09-01 → 2026-09-01) 35252 bytes
2026-08-28 09:37:41,805 [INFO] [OK] USA/ECM_ENSEMBLE_Corn_PRCP/daily dia 03 (2026-08-31 → 2026-08-31) 35658 bytes
2026-08-28 09:37:41,819 [INFO] [OK] USA/ECM_ENSEMBLE_Corn_PRCP_DEP/cumulative dia 14 (2026-08-28 → 2026-09-11) 58178 bytes
2026-08-28 09:37:42,419 [INFO] [OK] USA/ECM_ENSEMBLE_Corn_PRCP/daily dia 05 (2026-09-02 → 2026-09-02) 35860 bytes
2026-08-28 09:37:42,608 [INFO] [OK] USA/ECM_ENSEMBLE_Corn_PRCP/daily dia 06 (2026-09-03 → 2026-09-03) 35444 bytes
2026-08-28 09:37:42,895 [INFO] [OK] USA/ECM_ENSEMBLE_Corn_PRCP/daily dia 07 (2026-09-04 → 2026-09-04) 35227 bytes
2026-08-28 09:37:43,490 [INFO] [OK] USA/ECM_ENSEMBLE_Corn_PRCP/daily dia 10 (2026-09-07 → 2026-09-07) 36258 bytes
2026-08-28 09:37:43,697 [INFO] [OK] USA/ECM_ENSEMBLE_Corn_PRCP/daily dia 08 (2026-09-05 → 2026-09-05) 35589 bytes
2026-08-28 09:37:43,903 [INFO] [OK] USA/ECM_ENSEMBLE_Corn_PRCP/daily dia 09 (2026-09-06 → 2026-09-06) 35765 bytes
2026-08-28 09:37:44,131 [INFO] [OK] USA/ECM_ENSEMBLE_Corn_PRCP/daily dia 11 (2026-09-08 → 2026-09-08) 35775 bytes
2026-08-28 09:37:44,262 [INFO] [OK] USA/ECM_ENSEMBLE_Corn_PRCP/daily dia 12 (2026-09-09 → 2026-09-09) 36181 bytes
2026-08-28 09:37:44,874 [INFO] [OK] USA/ECM_ENSEMBLE_Corn_PRCP/daily dia 13 (2026-09-10 → 2026-09-10) 35578 bytes
2026-08-28 09:37:45,135 [INFO] [OK] USA/ECM_ENSEMBLE_Corn_PRCP/daily dia 14 (2026-09-11 → 2026-09-11) 35228 bytes
2026-08-28 09:37:45,340 [INFO] [OK] USA/ECM_ENSEMBLE_Corn_PRCP/cumulative dia 00 (2026-08-28 → 2026-08-28) 36528 bytes
2026-08-28 09:37:45,735 [INFO] [OK] USA/ECM_ENSEMBLE_Corn_PRCP/cumulative dia 01 (2026-08-28 → 2026-08-29) 40436 bytes
2026-08-28 09:37:46,096 [INFO] [OK] USA/ECM_ENSEMBLE_Corn_PRCP/cumulative dia 02 (2026-08-28 → 2026-08-30) 42326 bytes
2026-08-28 09:37:46,418 [INFO] [OK] USA/ECM_ENSEMBLE_Corn_PRCP/cumulative dia 03 (2026-08-28 → 2026-08-31) 43424 bytes
2026-08-28 09:37:47,222 [INFO] [OK] USA/ECM_ENSEMBLE_Corn_PRCP/cumulative dia 04 (2026-08-28 → 2026-09-01) 44597 bytes
2026-08-28 09:37:47,661 [INFO] [OK] USA/ECM_ENSEMBLE_Corn_PRCP/cumulative dia 05 (2026-08-28 → 2026-09-02) 46122 bytes
2026-08-28 09:37:48,184 [INFO] [OK] USA/ECM_ENSEMBLE_Corn_PRCP/cumulative dia 06 (2026-08-28 → 2026-09-03) 46715 bytes
2026-08-28 09:37:48,824 [INFO] [OK] USA/ECM_ENSEMBLE_Corn_PRCP/cumulative dia 07 (2026-08-28 → 2026-09-04) 47653 bytes
2026-08-28 09:37:49,485 [INFO] [OK] USA/ECM_ENSEMBLE_Corn_PRCP/cumulative dia 08 (2026-08-28 → 2026-09-05) 47872 bytes
2026-08-28 09:37:50,097 [INFO] [OK] USA/ECM_ENSEMBLE_Corn_PRCP/cumulative dia 09 (2026-08-28 → 2026-09-06) 48771 bytes
2026-08-28 09:37:51,229 [INFO] [OK] USA/ECM_ENSEMBLE_Corn_PRCP/cumulative dia 10 (2026-08-28 → 2026-09-07) 48911 bytes
2026-08-28 09:37:52,218 [INFO] [OK] USA/ECM_ENSEMBLE_Corn_PRCP/cumulative dia 11 (2026-08-28 → 2026-09-08) 49985 bytes
2026-08-28 09:37:52,625 [INFO] [OK] USA/ECM_ENSEMBLE_Soy_PRCP_DEP/daily dia 00 (2026-08-28 → 2026-08-28) 54260 bytes
2026-08-28 09:37:52,985 [INFO] [OK] USA/ECM_ENSEMBLE_Corn_PRCP/cumulative dia 12 (2026-08-28 → 2026-09-09) 50673 bytes
2026-08-28 09:37:53,407 [INFO] [OK] USA/ECM_ENSEMBLE_Soy_PRCP_DEP/daily dia 01 (2026-08-29 → 2026-08-29) 51765 bytes
2026-08-28 09:37:53,612 [INFO] [OK] USA/ECM_ENSEMBLE_Corn_PRCP/cumulative dia 13 (2026-08-28 → 2026-09-10) 50659 bytes
2026-08-28 09:37:54,504 [INFO] [OK] USA/ECM_ENSEMBLE_Corn_PRCP/cumulative dia 14 (2026-08-28 → 2026-09-11) 50608 bytes
2026-08-28 09:37:54,520 [INFO] [OK] USA/ECM_ENSEMBLE_Soy_PRCP_DEP/daily dia 02 (2026-08-30 → 2026-08-30) 52938 bytes
2026-08-28 09:37:54,964 [INFO] [OK] USA/ECM_ENSEMBLE_Soy_PRCP_DEP/daily dia 03 (2026-08-31 → 2026-08-31) 51039 bytes
2026-08-28 09:37:55,102 [INFO] [OK] USA/ECM_ENSEMBLE_Soy_PRCP_DEP/daily dia 04 (2026-09-01 → 2026-09-01) 55862 bytes
2026-08-28 09:37:55,701 [INFO] [OK] USA/ECM_ENSEMBLE_Soy_PRCP_DEP/daily dia 05 (2026-09-02 → 2026-09-02) 56935 bytes
2026-08-28 09:37:55,797 [INFO] [OK] USA/ECM_ENSEMBLE_Soy_PRCP_DEP/daily dia 06 (2026-09-03 → 2026-09-03) 56354 bytes
2026-08-28 09:37:56,321 [INFO] [OK] USA/ECM_ENSEMBLE_Soy_PRCP_DEP/daily dia 08 (2026-09-05 → 2026-09-05) 57121 bytes
2026-08-28 09:37:56,369 [INFO] [OK] USA/ECM_ENSEMBLE_Soy_PRCP_DEP/daily dia 07 (2026-09-04 → 2026-09-04) 55833 bytes
2026-08-28 09:37:57,200 [INFO] [OK] USA/ECM_ENSEMBLE_Soy_PRCP_DEP/daily dia 10 (2026-09-07 → 2026-09-07) 59680 bytes
2026-08-28 09:37:57,260 [INFO] [OK] USA/ECM_ENSEMBLE_Soy_PRCP_DEP/daily dia 09 (2026-09-06 → 2026-09-06) 59895 bytes
2026-08-28 09:37:58,175 [INFO] [OK] USA/ECM_ENSEMBLE_Soy_PRCP_DEP/daily dia 11 (2026-09-08 → 2026-09-08) 60992 bytes
2026-08-28 09:37:58,226 [INFO] [OK] USA/ECM_ENSEMBLE_Soy_PRCP_DEP/daily dia 12 (2026-09-09 → 2026-09-09) 61360 bytes
2026-08-28 09:37:58,249 [INFO] [OK] USA/ECM_ENSEMBLE_Soy_PRCP_DEP/daily dia 14 (2026-09-11 → 2026-09-11) 60441 bytes
2026-08-28 09:37:58,349 [INFO] [OK] USA/ECM_ENSEMBLE_Soy_PRCP_DEP/daily dia 13 (2026-09-10 → 2026-09-10) 59231 bytes
2026-08-28 09:37:59,088 [INFO] [OK] USA/ECM_ENSEMBLE_Soy_PRCP_DEP/cumulative dia 00 (2026-08-28 → 2026-08-28) 54260 bytes
2026-08-28 09:37:59,296 [INFO] [OK] USA/ECM_ENSEMBLE_Soy_PRCP_DEP/cumulative dia 01 (2026-08-28 → 2026-08-29) 56284 bytes
2026-08-28 09:38:00,580 [INFO] [OK] USA/ECM_ENSEMBLE_Soy_PRCP_DEP/cumulative dia 02 (2026-08-28 → 2026-08-30) 56170 bytes
2026-08-28 09:38:01,243 [INFO] [OK] USA/ECM_ENSEMBLE_Soy_PRCP_DEP/cumulative dia 03 (2026-08-28 → 2026-08-31) 56016 bytes
2026-08-28 09:38:01,320 [INFO] [OK] USA/ECM_ENSEMBLE_Soy_PRCP_DEP/cumulative dia 05 (2026-08-28 → 2026-09-02) 57976 bytes
2026-08-28 09:38:01,353 [INFO] [OK] USA/ECM_ENSEMBLE_Soy_PRCP_DEP/cumulative dia 04 (2026-08-28 → 2026-09-01) 57876 bytes
2026-08-28 09:38:02,284 [INFO] [OK] USA/ECM_ENSEMBLE_Soy_PRCP_DEP/cumulative dia 06 (2026-08-28 → 2026-09-03) 57491 bytes
2026-08-28 09:38:02,873 [INFO] [OK] USA/ECM_ENSEMBLE_Soy_PRCP_DEP/cumulative dia 07 (2026-08-28 → 2026-09-04) 57688 bytes
2026-08-28 09:38:04,351 [INFO] [OK] USA/ECM_ENSEMBLE_Soy_PRCP_DEP/cumulative dia 08 (2026-08-28 → 2026-09-05) 57740 bytes
2026-08-28 09:38:04,961 [INFO] [OK] USA/ECM_ENSEMBLE_Soy_PRCP_DEP/cumulative dia 09 (2026-08-28 → 2026-09-06) 57875 bytes
2026-08-28 09:38:05,133 [INFO] [OK] USA/ECM_ENSEMBLE_Soy_PRCP_DEP/cumulative dia 11 (2026-08-28 → 2026-09-08) 58635 bytes
2026-08-28 09:38:05,246 [INFO] [OK] USA/ECM_ENSEMBLE_Soy_PRCP_DEP/cumulative dia 10 (2026-08-28 → 2026-09-07) 58780 bytes
2026-08-28 09:38:06,055 [INFO] [OK] USA/ECM_ENSEMBLE_Soy_PRCP_DEP/cumulative dia 12 (2026-08-28 → 2026-09-09) 58324 bytes
2026-08-28 09:38:06,583 [INFO] [OK] USA/ECM_ENSEMBLE_Soy_PRCP_DEP/cumulative dia 13 (2026-08-28 → 2026-09-10) 58095 bytes
2026-08-28 09:38:06,739 [INFO] [OK] USA/ECM_ENSEMBLE_Soy_PRCP/daily dia 00 (2026-08-28 → 2026-08-28) 36173 bytes
2026-08-28 09:38:06,878 [INFO] [OK] USA/ECM_ENSEMBLE_Soy_PRCP/daily dia 01 (2026-08-29 → 2026-08-29) 37398 bytes
2026-08-28 09:38:07,063 [INFO] [OK] USA/ECM_ENSEMBLE_Soy_PRCP/daily dia 02 (2026-08-30 → 2026-08-30) 36541 bytes
2026-08-28 09:38:07,956 [INFO] [OK] USA/ECM_ENSEMBLE_Soy_PRCP/daily dia 03 (2026-08-31 → 2026-08-31) 35228 bytes
2026-08-28 09:38:07,963 [INFO] [OK] USA/ECM_ENSEMBLE_Soy_PRCP_DEP/cumulative dia 14 (2026-08-28 → 2026-09-11) 57922 bytes
2026-08-28 09:38:08,416 [INFO] [OK] USA/ECM_ENSEMBLE_Soy_PRCP/daily dia 04 (2026-09-01 → 2026-09-01) 34960 bytes
2026-08-28 09:38:08,512 [INFO] [OK] USA/ECM_ENSEMBLE_Soy_PRCP/daily dia 05 (2026-09-02 → 2026-09-02) 35486 bytes
2026-08-28 09:38:08,575 [INFO] [OK] USA/ECM_ENSEMBLE_Soy_PRCP/daily dia 06 (2026-09-03 → 2026-09-03) 34954 bytes
2026-08-28 09:38:08,794 [INFO] [OK] USA/ECM_ENSEMBLE_Soy_PRCP/daily dia 07 (2026-09-04 → 2026-09-04) 34774 bytes
2026-08-28 09:38:09,725 [INFO] [OK] USA/ECM_ENSEMBLE_Soy_PRCP/daily dia 09 (2026-09-06 → 2026-09-06) 35325 bytes
2026-08-28 09:38:09,937 [INFO] [OK] USA/ECM_ENSEMBLE_Soy_PRCP/daily dia 08 (2026-09-05 → 2026-09-05) 35113 bytes
2026-08-28 09:38:10,184 [INFO] [OK] USA/ECM_ENSEMBLE_Soy_PRCP/daily dia 11 (2026-09-08 → 2026-09-08) 35418 bytes
2026-08-28 09:38:10,196 [INFO] [OK] USA/ECM_ENSEMBLE_Soy_PRCP/daily dia 10 (2026-09-07 → 2026-09-07) 35826 bytes
2026-08-28 09:38:10,508 [INFO] [OK] USA/ECM_ENSEMBLE_Soy_PRCP/daily dia 12 (2026-09-09 → 2026-09-09) 35848 bytes
2026-08-28 09:38:10,687 [INFO] [OK] USA/ECM_ENSEMBLE_Soy_PRCP/daily dia 13 (2026-09-10 → 2026-09-10) 35318 bytes
2026-08-28 09:38:11,536 [INFO] [OK] USA/ECM_ENSEMBLE_Soy_PRCP/daily dia 14 (2026-09-11 → 2026-09-11) 34754 bytes
2026-08-28 09:38:11,858 [INFO] [OK] USA/ECM_ENSEMBLE_Soy_PRCP/cumulative dia 00 (2026-08-28 → 2026-08-28) 36173 bytes
2026-08-28 09:38:12,323 [INFO] [OK] USA/ECM_ENSEMBLE_Soy_PRCP/cumulative dia 02 (2026-08-28 → 2026-08-30) 41871 bytes
2026-08-28 09:38:12,329 [INFO] [OK] USA/ECM_ENSEMBLE_Soy_PRCP/cumulative dia 01 (2026-08-28 → 2026-08-29) 39928 bytes
2026-08-28 09:38:12,538 [INFO] [OK] USA/ECM_ENSEMBLE_Soy_PRCP/cumulative dia 03 (2026-08-28 → 2026-08-31) 42846 bytes
2026-08-28 09:38:12,776 [INFO] [OK] USA/ECM_ENSEMBLE_Soy_PRCP/cumulative dia 04 (2026-08-28 → 2026-09-01) 44031 bytes
2026-08-28 09:38:14,130 [INFO] [OK] USA/ECM_ENSEMBLE_Soy_PRCP/cumulative dia 05 (2026-08-28 → 2026-09-02) 45712 bytes
2026-08-28 09:38:14,537 [INFO] [OK] USA/ECM_ENSEMBLE_Soy_PRCP/cumulative dia 06 (2026-08-28 → 2026-09-03) 46367 bytes
2026-08-28 09:38:15,687 [INFO] [OK] USA/ECM_ENSEMBLE_Soy_PRCP/cumulative dia 08 (2026-08-28 → 2026-09-05) 47429 bytes
2026-08-28 09:38:15,689 [INFO] [OK] USA/ECM_ENSEMBLE_Soy_PRCP/cumulative dia 07 (2026-08-28 → 2026-09-04) 47202 bytes
2026-08-28 09:38:15,702 [INFO] [OK] USA/ECM_ENSEMBLE_Soy_PRCP/cumulative dia 09 (2026-08-28 → 2026-09-06) 48363 bytes
2026-08-28 09:38:15,905 [INFO] [OK] USA/ECM_ENSEMBLE_Soy_PRCP/cumulative dia 10 (2026-08-28 → 2026-09-07) 48546 bytes
2026-08-28 09:38:16,961 [INFO] [OK] USA/ECM_ENSEMBLE_Soy_PRCP/cumulative dia 11 (2026-08-28 → 2026-09-08) 49659 bytes
2026-08-28 09:38:17,955 [INFO] [OK] USA/ECM_ENSEMBLE_Soy_PRCP/cumulative dia 12 (2026-08-28 → 2026-09-09) 50326 bytes
2026-08-28 09:38:17,962 [INFO] [OK] USA/ECM_ENSEMBLE_Wheat_Winter_PRCP_DEP/daily dia 00 (2026-08-28 → 2026-08-28) 55793 bytes
2026-08-28 09:38:17,968 [INFO] [OK] USA/ECM_ENSEMBLE_Wheat_Winter_PRCP_DEP/daily dia 01 (2026-08-29 → 2026-08-29) 53495 bytes
2026-08-28 09:38:19,012 [INFO] [OK] USA/ECM_ENSEMBLE_Wheat_Winter_PRCP_DEP/daily dia 02 (2026-08-30 → 2026-08-30) 54458 bytes
2026-08-28 09:38:19,018 [INFO] [OK] USA/ECM_ENSEMBLE_Soy_PRCP/cumulative dia 13 (2026-08-28 → 2026-09-10) 50255 bytes
2026-08-28 09:38:19,024 [INFO] [OK] USA/ECM_ENSEMBLE_Soy_PRCP/cumulative dia 14 (2026-08-28 → 2026-09-11) 50267 bytes
2026-08-28 09:38:19,704 [INFO] [OK] USA/ECM_ENSEMBLE_Wheat_Winter_PRCP_DEP/daily dia 03 (2026-08-31 → 2026-08-31) 52679 bytes
2026-08-28 09:38:19,922 [INFO] [OK] USA/ECM_ENSEMBLE_Wheat_Winter_PRCP_DEP/daily dia 05 (2026-09-02 → 2026-09-02) 58536 bytes
2026-08-28 09:38:19,924 [INFO] [OK] USA/ECM_ENSEMBLE_Wheat_Winter_PRCP_DEP/daily dia 04 (2026-09-01 → 2026-09-01) 57466 bytes
2026-08-28 09:38:20,921 [INFO] [OK] USA/ECM_ENSEMBLE_Wheat_Winter_PRCP_DEP/daily dia 06 (2026-09-03 → 2026-09-03) 57699 bytes
2026-08-28 09:38:20,925 [INFO] [OK] USA/ECM_ENSEMBLE_Wheat_Winter_PRCP_DEP/daily dia 07 (2026-09-04 → 2026-09-04) 57472 bytes
2026-08-28 09:38:20,927 [INFO] [OK] USA/ECM_ENSEMBLE_Wheat_Winter_PRCP_DEP/daily dia 08 (2026-09-05 → 2026-09-05) 58425 bytes
2026-08-28 09:38:21,629 [INFO] [OK] USA/ECM_ENSEMBLE_Wheat_Winter_PRCP_DEP/daily dia 09 (2026-09-06 → 2026-09-06) 61291 bytes
2026-08-28 09:38:21,851 [INFO] [OK] USA/ECM_ENSEMBLE_Wheat_Winter_PRCP_DEP/daily dia 11 (2026-09-08 → 2026-09-08) 62456 bytes
2026-08-28 09:38:21,932 [INFO] [OK] USA/ECM_ENSEMBLE_Wheat_Winter_PRCP_DEP/daily dia 10 (2026-09-07 → 2026-09-07) 61240 bytes
2026-08-28 09:38:23,406 [INFO] [OK] USA/ECM_ENSEMBLE_Wheat_Winter_PRCP_DEP/daily dia 12 (2026-09-09 → 2026-09-09) 62861 bytes
2026-08-28 09:38:23,408 [INFO] [OK] USA/ECM_ENSEMBLE_Wheat_Winter_PRCP_DEP/daily dia 13 (2026-09-10 → 2026-09-10) 60672 bytes
2026-08-28 09:38:23,410 [INFO] [OK] USA/ECM_ENSEMBLE_Wheat_Winter_PRCP_DEP/daily dia 14 (2026-09-11 → 2026-09-11) 62012 bytes
2026-08-28 09:38:23,435 [INFO] [OK] USA/ECM_ENSEMBLE_Wheat_Winter_PRCP_DEP/cumulative dia 00 (2026-08-28 → 2026-08-28) 55793 bytes
2026-08-28 09:38:23,777 [INFO] [OK] USA/ECM_ENSEMBLE_Wheat_Winter_PRCP_DEP/cumulative dia 01 (2026-08-28 → 2026-08-29) 57665 bytes
2026-08-28 09:38:24,588 [INFO] [OK] USA/ECM_ENSEMBLE_Wheat_Winter_PRCP_DEP/cumulative dia 02 (2026-08-28 → 2026-08-30) 57701 bytes
2026-08-28 09:38:29,899 [INFO] [OK] USA/ECM_ENSEMBLE_Wheat_Winter_PRCP_DEP/cumulative dia 03 (2026-08-28 → 2026-08-31) 57639 bytes
2026-08-28 09:38:29,948 [INFO] [OK] USA/ECM_ENSEMBLE_Wheat_Winter_PRCP_DEP/cumulative dia 05 (2026-08-28 → 2026-09-02) 59242 bytes
2026-08-28 09:38:29,952 [INFO] [OK] USA/ECM_ENSEMBLE_Wheat_Winter_PRCP_DEP/cumulative dia 08 (2026-08-28 → 2026-09-05) 58969 bytes
2026-08-28 09:38:31,718 [INFO] [OK] USA/ECM_ENSEMBLE_Wheat_Winter_PRCP_DEP/cumulative dia 06 (2026-08-28 → 2026-09-03) 58665 bytes
2026-08-28 09:38:31,896 [INFO] [OK] USA/ECM_ENSEMBLE_Wheat_Winter_PRCP_DEP/cumulative dia 04 (2026-08-28 → 2026-09-01) 59179 bytes
2026-08-28 09:38:31,897 [INFO] [OK] USA/ECM_ENSEMBLE_Wheat_Winter_PRCP_DEP/cumulative dia 07 (2026-08-28 → 2026-09-04) 58869 bytes
2026-08-28 09:42:29,435 [INFO] [OK] USA/ECM_ENSEMBLE_Wheat_Winter_PRCP_DEP/cumulative dia 13 (2026-08-28 → 2026-09-10) 59393 bytes
2026-08-28 09:42:29,503 [INFO] [OK] USA/ECM_ENSEMBLE_Wheat_Winter_PRCP_DEP/cumulative dia 12 (2026-08-28 → 2026-09-09) 59779 bytes
2026-08-28 09:42:29,429 [INFO] [OK] USA/ECM_ENSEMBLE_Wheat_Winter_PRCP_DEP/cumulative dia 10 (2026-08-28 → 2026-09-07) 60399 bytes
2026-08-28 09:42:29,593 [INFO] [OK] USA/ECM_ENSEMBLE_Wheat_Winter_PRCP_DEP/cumulative dia 11 (2026-08-28 → 2026-09-08) 60082 bytes
2026-08-28 09:42:29,610 [INFO] [OK] USA/ECM_ENSEMBLE_Wheat_Winter_PRCP_DEP/cumulative dia 09 (2026-08-28 → 2026-09-06) 59201 bytes
2026-08-28 09:42:29,611 [INFO] [OK] USA/ECM_ENSEMBLE_Wheat_Winter_PRCP_DEP/cumulative dia 14 (2026-08-28 → 2026-09-11) 59509 bytes
2026-08-28 09:42:57,041 [INFO] [OK] USA/ECM_ENSEMBLE_Wheat_Winter_PRCP/daily dia 02 (2026-08-30 → 2026-08-30) 37921 bytes
2026-08-28 09:42:57,056 [INFO] [OK] USA/ECM_ENSEMBLE_Wheat_Winter_PRCP/daily dia 00 (2026-08-28 → 2026-08-28) 37720 bytes
2026-08-28 09:42:57,068 [INFO] [OK] USA/ECM_ENSEMBLE_Wheat_Winter_PRCP/daily dia 03 (2026-08-31 → 2026-08-31) 36786 bytes
2026-08-28 09:42:57,070 [INFO] [OK] USA/ECM_ENSEMBLE_Wheat_Winter_PRCP/daily dia 05 (2026-09-02 → 2026-09-02) 37117 bytes
2026-08-28 09:42:57,071 [INFO] [OK] USA/ECM_ENSEMBLE_Wheat_Winter_PRCP/daily dia 04 (2026-09-01 → 2026-09-01) 36250 bytes
2026-08-28 09:42:57,073 [INFO] [OK] USA/ECM_ENSEMBLE_Wheat_Winter_PRCP/daily dia 01 (2026-08-29 → 2026-08-29) 38796 bytes
2026-08-28 09:42:58,798 [INFO] [OK] USA/ECM_ENSEMBLE_Wheat_Winter_PRCP/daily dia 08 (2026-09-05 → 2026-09-05) 36535 bytes
2026-08-28 09:42:58,798 [INFO] [OK] USA/ECM_ENSEMBLE_Wheat_Winter_PRCP/daily dia 09 (2026-09-06 → 2026-09-06) 36741 bytes
2026-08-28 09:42:59,149 [INFO] [OK] USA/ECM_ENSEMBLE_Wheat_Winter_PRCP/daily dia 10 (2026-09-07 → 2026-09-07) 37263 bytes
2026-08-28 09:42:59,177 [INFO] [OK] USA/ECM_ENSEMBLE_Wheat_Winter_PRCP/daily dia 11 (2026-09-08 → 2026-09-08) 36819 bytes
2026-08-28 09:42:59,239 [INFO] [OK] USA/ECM_ENSEMBLE_Wheat_Winter_PRCP/daily dia 06 (2026-09-03 → 2026-09-03) 36529 bytes
2026-08-28 09:42:59,483 [INFO] [OK] USA/ECM_ENSEMBLE_Wheat_Winter_PRCP/daily dia 07 (2026-09-04 → 2026-09-04) 36255 bytes
2026-08-28 09:43:00,422 [INFO] [OK] USA/ECM_ENSEMBLE_Wheat_Winter_PRCP/daily dia 12 (2026-09-09 → 2026-09-09) 37359 bytes
2026-08-28 09:43:00,652 [INFO] [OK] USA/ECM_ENSEMBLE_Wheat_Winter_PRCP/daily dia 13 (2026-09-10 → 2026-09-10) 36802 bytes
2026-08-28 09:43:00,842 [INFO] [OK] USA/ECM_ENSEMBLE_Wheat_Winter_PRCP/daily dia 14 (2026-09-11 → 2026-09-11) 36334 bytes
2026-08-28 09:43:00,868 [INFO] [OK] USA/ECM_ENSEMBLE_Wheat_Winter_PRCP/cumulative dia 00 (2026-08-28 → 2026-08-28) 37720 bytes
2026-08-28 09:43:01,197 [INFO] [OK] USA/ECM_ENSEMBLE_Wheat_Winter_PRCP/cumulative dia 01 (2026-08-28 → 2026-08-29) 41406 bytes
2026-08-28 09:43:01,545 [INFO] [OK] USA/ECM_ENSEMBLE_Wheat_Winter_PRCP/cumulative dia 02 (2026-08-28 → 2026-08-30) 43371 bytes
2026-08-28 09:43:02,361 [INFO] [OK] USA/ECM_ENSEMBLE_Wheat_Winter_PRCP/cumulative dia 03 (2026-08-28 → 2026-08-31) 44302 bytes
2026-08-28 09:43:02,686 [INFO] [OK] USA/ECM_ENSEMBLE_Wheat_Winter_PRCP/cumulative dia 04 (2026-08-28 → 2026-09-01) 45302 bytes
2026-08-28 09:43:03,109 [INFO] [OK] USA/ECM_ENSEMBLE_Wheat_Winter_PRCP/cumulative dia 05 (2026-08-28 → 2026-09-02) 46972 bytes
2026-08-28 09:43:03,151 [INFO] [OK] USA/ECM_ENSEMBLE_Wheat_Winter_PRCP/cumulative dia 06 (2026-08-28 → 2026-09-03) 47632 bytes
2026-08-28 09:43:03,944 [INFO] [OK] USA/ECM_ENSEMBLE_Wheat_Winter_PRCP/cumulative dia 07 (2026-08-28 → 2026-09-04) 48546 bytes
2026-08-28 09:43:04,384 [INFO] [OK] USA/ECM_ENSEMBLE_Wheat_Winter_PRCP/cumulative dia 08 (2026-08-28 → 2026-09-05) 48790 bytes
2026-08-28 09:43:04,831 [INFO] [OK] USA/ECM_ENSEMBLE_Wheat_Winter_PRCP/cumulative dia 09 (2026-08-28 → 2026-09-06) 49752 bytes
2026-08-28 09:43:05,267 [INFO] [OK] USA/ECM_ENSEMBLE_Wheat_Winter_PRCP/cumulative dia 10 (2026-08-28 → 2026-09-07) 49624 bytes
2026-08-28 09:43:05,939 [INFO] [OK] USA/ECM_ENSEMBLE_Wheat_Winter_PRCP/cumulative dia 11 (2026-08-28 → 2026-09-08) 50983 bytes
2026-08-28 09:43:06,117 [INFO] [OK] USA/ECM_ENSEMBLE_Wheat_Winter_PRCP/cumulative dia 12 (2026-08-28 → 2026-09-09) 51556 bytes
2026-08-28 09:43:06,709 [INFO] [OK] USA/ECM_ENSEMBLE_Wheat_Spring_PRCP_DEP/daily dia 00 (2026-08-28 → 2026-08-28) 52701 bytes
2026-08-28 09:43:07,009 [INFO] [OK] USA/ECM_ENSEMBLE_Wheat_Spring_PRCP_DEP/daily dia 01 (2026-08-29 → 2026-08-29) 50527 bytes
2026-08-28 09:43:07,277 [INFO] [OK] USA/ECM_ENSEMBLE_Wheat_Winter_PRCP/cumulative dia 13 (2026-08-28 → 2026-09-10) 51623 bytes
2026-08-28 09:43:07,632 [INFO] [OK] USA/ECM_ENSEMBLE_Wheat_Spring_PRCP_DEP/daily dia 02 (2026-08-30 → 2026-08-30) 51164 bytes
2026-08-28 09:43:07,647 [INFO] [OK] USA/ECM_ENSEMBLE_Wheat_Winter_PRCP/cumulative dia 14 (2026-08-28 → 2026-09-11) 51753 bytes
2026-08-28 09:43:07,711 [INFO] [OK] USA/ECM_ENSEMBLE_Wheat_Spring_PRCP_DEP/daily dia 03 (2026-08-31 → 2026-08-31) 49473 bytes
2026-08-28 09:43:08,338 [INFO] [OK] USA/ECM_ENSEMBLE_Wheat_Spring_PRCP_DEP/daily dia 04 (2026-09-01 → 2026-09-01) 53882 bytes
2026-08-28 09:43:08,641 [INFO] [OK] USA/ECM_ENSEMBLE_Wheat_Spring_PRCP_DEP/daily dia 05 (2026-09-02 → 2026-09-02) 55044 bytes
2026-08-28 09:43:09,225 [INFO] [OK] USA/ECM_ENSEMBLE_Wheat_Spring_PRCP_DEP/daily dia 06 (2026-09-03 → 2026-09-03) 54423 bytes
2026-08-28 09:43:09,520 [INFO] [OK] USA/ECM_ENSEMBLE_Wheat_Spring_PRCP_DEP/daily dia 09 (2026-09-06 → 2026-09-06) 57401 bytes
2026-08-28 09:43:09,604 [INFO] [OK] USA/ECM_ENSEMBLE_Wheat_Spring_PRCP_DEP/daily dia 08 (2026-09-05 → 2026-09-05) 54637 bytes
2026-08-28 09:43:09,723 [INFO] [OK] USA/ECM_ENSEMBLE_Wheat_Spring_PRCP_DEP/daily dia 07 (2026-09-04 → 2026-09-04) 53502 bytes
2026-08-28 09:43:09,980 [INFO] [OK] USA/ECM_ENSEMBLE_Wheat_Spring_PRCP_DEP/daily dia 10 (2026-09-07 → 2026-09-07) 58108 bytes
2026-08-28 09:43:10,299 [INFO] [OK] USA/ECM_ENSEMBLE_Wheat_Spring_PRCP_DEP/daily dia 11 (2026-09-08 → 2026-09-08) 59390 bytes
2026-08-28 09:43:11,223 [INFO] [OK] USA/ECM_ENSEMBLE_Wheat_Spring_PRCP_DEP/daily dia 12 (2026-09-09 → 2026-09-09) 59625 bytes
2026-08-28 09:43:11,300 [INFO] [OK] USA/ECM_ENSEMBLE_Wheat_Spring_PRCP_DEP/daily dia 13 (2026-09-10 → 2026-09-10) 57203 bytes
2026-08-28 09:43:11,528 [INFO] [OK] USA/ECM_ENSEMBLE_Wheat_Spring_PRCP_DEP/daily dia 14 (2026-09-11 → 2026-09-11) 58373 bytes
2026-08-28 09:43:11,838 [INFO] [OK] USA/ECM_ENSEMBLE_Wheat_Spring_PRCP_DEP/cumulative dia 01 (2026-08-28 → 2026-08-29) 54575 bytes
2026-08-28 09:43:11,840 [INFO] [OK] USA/ECM_ENSEMBLE_Wheat_Spring_PRCP_DEP/cumulative dia 00 (2026-08-28 → 2026-08-28) 52701 bytes
2026-08-28 09:43:12,074 [INFO] [OK] USA/ECM_ENSEMBLE_Wheat_Spring_PRCP_DEP/cumulative dia 02 (2026-08-28 → 2026-08-30) 54406 bytes
2026-08-28 09:43:14,270 [INFO] [OK] USA/ECM_ENSEMBLE_Wheat_Spring_PRCP_DEP/cumulative dia 03 (2026-08-28 → 2026-08-31) 54298 bytes
2026-08-28 09:43:14,276 [INFO] [OK] USA/ECM_ENSEMBLE_Wheat_Spring_PRCP_DEP/cumulative dia 04 (2026-08-28 → 2026-09-01) 55953 bytes
2026-08-28 09:43:14,278 [INFO] [OK] USA/ECM_ENSEMBLE_Wheat_Spring_PRCP_DEP/cumulative dia 05 (2026-08-28 → 2026-09-02) 55942 bytes
2026-08-28 09:43:14,443 [INFO] [OK] USA/ECM_ENSEMBLE_Wheat_Spring_PRCP_DEP/cumulative dia 06 (2026-08-28 → 2026-09-03) 55578 bytes
2026-08-28 09:43:14,508 [INFO] [OK] USA/ECM_ENSEMBLE_Wheat_Spring_PRCP_DEP/cumulative dia 08 (2026-08-28 → 2026-09-05) 55583 bytes
2026-08-28 09:43:14,705 [INFO] [OK] USA/ECM_ENSEMBLE_Wheat_Spring_PRCP_DEP/cumulative dia 07 (2026-08-28 → 2026-09-04) 55738 bytes
2026-08-28 09:43:16,853 [INFO] [OK] USA/ECM_ENSEMBLE_Wheat_Spring_PRCP_DEP/cumulative dia 09 (2026-08-28 → 2026-09-06) 55689 bytes
2026-08-28 09:43:17,451 [INFO] [OK] USA/ECM_ENSEMBLE_Wheat_Spring_PRCP_DEP/cumulative dia 11 (2026-08-28 → 2026-09-08) 56234 bytes
2026-08-28 09:43:17,459 [INFO] [OK] USA/ECM_ENSEMBLE_Wheat_Spring_PRCP_DEP/cumulative dia 10 (2026-08-28 → 2026-09-07) 56709 bytes
2026-08-28 09:43:17,462 [INFO] [OK] USA/ECM_ENSEMBLE_Wheat_Spring_PRCP_DEP/cumulative dia 13 (2026-08-28 → 2026-09-10) 55698 bytes
2026-08-28 09:43:17,462 [INFO] [OK] USA/ECM_ENSEMBLE_Wheat_Spring_PRCP_DEP/cumulative dia 12 (2026-08-28 → 2026-09-09) 55956 bytes
2026-08-28 09:43:17,912 [INFO] [OK] USA/ECM_ENSEMBLE_Wheat_Spring_PRCP_DEP/cumulative dia 14 (2026-08-28 → 2026-09-11) 55426 bytes
2026-08-28 09:43:19,300 [INFO] [OK] USA/ECM_ENSEMBLE_Wheat_Spring_PRCP/daily dia 03 (2026-08-31 → 2026-08-31) 33729 bytes
2026-08-28 09:43:19,301 [INFO] [OK] USA/ECM_ENSEMBLE_Wheat_Spring_PRCP/daily dia 00 (2026-08-28 → 2026-08-28) 34819 bytes
2026-08-28 09:43:19,329 [INFO] [OK] USA/ECM_ENSEMBLE_Wheat_Spring_PRCP/daily dia 02 (2026-08-30 → 2026-08-30) 35163 bytes
2026-08-28 09:43:19,330 [INFO] [OK] USA/ECM_ENSEMBLE_Wheat_Spring_PRCP/daily dia 04 (2026-09-01 → 2026-09-01) 33216 bytes
2026-08-28 09:43:19,333 [INFO] [OK] USA/ECM_ENSEMBLE_Wheat_Spring_PRCP/daily dia 01 (2026-08-29 → 2026-08-29) 35948 bytes
2026-08-28 09:43:19,606 [INFO] [OK] USA/ECM_ENSEMBLE_Wheat_Spring_PRCP/daily dia 05 (2026-09-02 → 2026-09-02) 34073 bytes
2026-08-28 09:43:21,041 [INFO] [OK] USA/ECM_ENSEMBLE_Wheat_Spring_PRCP/daily dia 10 (2026-09-07 → 2026-09-07) 34506 bytes
2026-08-28 09:43:21,083 [INFO] [OK] USA/ECM_ENSEMBLE_Wheat_Spring_PRCP/daily dia 06 (2026-09-03 → 2026-09-03) 33708 bytes
2026-08-28 09:43:21,084 [INFO] [OK] USA/ECM_ENSEMBLE_Wheat_Spring_PRCP/daily dia 09 (2026-09-06 → 2026-09-06) 33847 bytes
2026-08-28 09:43:21,085 [INFO] [OK] USA/ECM_ENSEMBLE_Wheat_Spring_PRCP/daily dia 07 (2026-09-04 → 2026-09-04) 33343 bytes
2026-08-28 09:43:21,100 [INFO] [OK] USA/ECM_ENSEMBLE_Wheat_Spring_PRCP/daily dia 08 (2026-09-05 → 2026-09-05) 33697 bytes
2026-08-28 09:43:21,208 [INFO] [OK] USA/ECM_ENSEMBLE_Wheat_Spring_PRCP/daily dia 11 (2026-09-08 → 2026-09-08) 33863 bytes
2026-08-28 09:43:22,710 [INFO] [OK] USA/ECM_ENSEMBLE_Wheat_Spring_PRCP/cumulative dia 00 (2026-08-28 → 2026-08-28) 34819 bytes
2026-08-28 09:43:22,748 [INFO] [OK] USA/ECM_ENSEMBLE_Wheat_Spring_PRCP/daily dia 12 (2026-09-09 → 2026-09-09) 34236 bytes
2026-08-28 09:43:22,955 [INFO] [OK] USA/ECM_ENSEMBLE_Wheat_Spring_PRCP/cumulative dia 01 (2026-08-28 → 2026-08-29) 38593 bytes
2026-08-28 09:43:23,039 [INFO] [OK] USA/ECM_ENSEMBLE_Wheat_Spring_PRCP/daily dia 13 (2026-09-10 → 2026-09-10) 33856 bytes
2026-08-28 09:43:23,043 [INFO] [OK] USA/ECM_ENSEMBLE_Wheat_Spring_PRCP/daily dia 14 (2026-09-11 → 2026-09-11) 33417 bytes
2026-08-28 09:43:23,051 [INFO] [OK] USA/ECM_ENSEMBLE_Wheat_Spring_PRCP/cumulative dia 02 (2026-08-28 → 2026-08-30) 40331 bytes
2026-08-28 09:43:24,548 [INFO] [OK] USA/ECM_ENSEMBLE_Wheat_Spring_PRCP/cumulative dia 03 (2026-08-28 → 2026-08-31) 41255 bytes
2026-08-28 09:43:24,826 [INFO] [OK] USA/ECM_ENSEMBLE_Wheat_Spring_PRCP/cumulative dia 04 (2026-08-28 → 2026-09-01) 42381 bytes
2026-08-28 09:43:25,126 [INFO] [OK] USA/ECM_ENSEMBLE_Wheat_Spring_PRCP/cumulative dia 05 (2026-08-28 → 2026-09-02) 43897 bytes
2026-08-28 09:43:25,243 [INFO] [OK] USA/ECM_ENSEMBLE_Wheat_Spring_PRCP/cumulative dia 06 (2026-08-28 → 2026-09-03) 44365 bytes
2026-08-28 09:43:25,509 [INFO] [OK] USA/ECM_ENSEMBLE_Wheat_Spring_PRCP/cumulative dia 07 (2026-08-28 → 2026-09-04) 45458 bytes
2026-08-28 09:43:25,598 [INFO] [OK] USA/ECM_ENSEMBLE_Wheat_Spring_PRCP/cumulative dia 08 (2026-08-28 → 2026-09-05) 45583 bytes
2026-08-28 09:43:27,005 [INFO] [OK] USA/ECM_ENSEMBLE_Wheat_Spring_PRCP/cumulative dia 09 (2026-08-28 → 2026-09-06) 46369 bytes
2026-08-28 09:43:27,392 [INFO] [OK] USA/ECM_ENSEMBLE_Wheat_Spring_PRCP/cumulative dia 10 (2026-08-28 → 2026-09-07) 46285 bytes
2026-08-28 09:43:28,629 [INFO] [OK] USA/ECM_ENSEMBLE_Wheat_Spring_PRCP/cumulative dia 11 (2026-08-28 → 2026-09-08) 47343 bytes
2026-08-28 09:43:28,630 [INFO] [OK] USA/ECM_ENSEMBLE_Wheat_Spring_PRCP/cumulative dia 12 (2026-08-28 → 2026-09-09) 47846 bytes
2026-08-28 09:43:28,861 [INFO] [OK] USA/ECM_ENSEMBLE_Wheat_Spring_PRCP/cumulative dia 13 (2026-08-28 → 2026-09-10) 47803 bytes
2026-08-28 09:43:28,863 [INFO] [OK] USA/ECM_ENSEMBLE_Wheat_Spring_PRCP/cumulative dia 14 (2026-08-28 → 2026-09-11) 47901 bytes
2026-08-28 09:43:28,981 [INFO] Resumo: 960/960 sucessos, 0 erros
2026-08-28 09:43:58,342 [INFO] [CLEANUP] Removidas 684 pastas de histórico anteriores a 2026-07-29
2026-08-28 09:43:58,394 [INFO] Manifest: C:\Users\server\OneDrive - CGB Enterprises, Inc\ZGC-PBI Research - Documents\Dataset Data Files\Weather_maps\manifest.json
2026-08-28 09:43:58,395 [INFO] [GIT] Iniciando sincronização com GitHub...
2026-08-28 09:48:58,698 [INFO] [GIT] Sucesso ✓
2026-08-28 09:48:58,848 [INFO] ✓ Sincronizado com GitHub — Power BI atualiza no próximo refresh
