2026-08-10 09:33:18,580 [INFO] === Execução 2026-08-10 | modo=both | dias=15 | parâmetro=['PRCP_DEP', 'PRCP'] ===
2026-08-10 09:33:18,706 [INFO] Baixando 960 mapas com 6 threads...
2026-08-10 09:33:22,568 [INFO] [OK] Brazil/GFS_ENSEMBLE_Soy_PRCP_DEP/daily dia 02 (2026-08-12 → 2026-08-12) 40884 bytes
2026-08-10 09:33:22,572 [INFO] [OK] Brazil/GFS_ENSEMBLE_Soy_PRCP_DEP/daily dia 00 (2026-08-10 → 2026-08-10) 39872 bytes
2026-08-10 09:33:22,574 [INFO] [OK] Brazil/GFS_ENSEMBLE_Soy_PRCP_DEP/daily dia 04 (2026-08-14 → 2026-08-14) 39975 bytes
2026-08-10 09:33:22,574 [INFO] [OK] Brazil/GFS_ENSEMBLE_Soy_PRCP_DEP/daily dia 03 (2026-08-13 → 2026-08-13) 39900 bytes
2026-08-10 09:33:22,574 [INFO] [OK] Brazil/GFS_ENSEMBLE_Soy_PRCP_DEP/daily dia 01 (2026-08-11 → 2026-08-11) 41395 bytes
2026-08-10 09:33:22,575 [INFO] [OK] Brazil/GFS_ENSEMBLE_Soy_PRCP_DEP/daily dia 05 (2026-08-15 → 2026-08-15) 42078 bytes
2026-08-10 09:33:24,161 [INFO] [OK] Brazil/GFS_ENSEMBLE_Soy_PRCP_DEP/daily dia 10 (2026-08-20 → 2026-08-20) 49140 bytes
2026-08-10 09:33:24,356 [INFO] [OK] Brazil/GFS_ENSEMBLE_Soy_PRCP_DEP/daily dia 11 (2026-08-21 → 2026-08-21) 46618 bytes
2026-08-10 09:33:24,569 [INFO] [OK] Brazil/GFS_ENSEMBLE_Soy_PRCP_DEP/daily dia 06 (2026-08-16 → 2026-08-16) 43709 bytes
2026-08-10 09:33:24,593 [INFO] [OK] Brazil/GFS_ENSEMBLE_Soy_PRCP_DEP/daily dia 07 (2026-08-17 → 2026-08-17) 48708 bytes
2026-08-10 09:33:24,731 [INFO] [OK] Brazil/GFS_ENSEMBLE_Soy_PRCP_DEP/daily dia 08 (2026-08-18 → 2026-08-18) 50531 bytes
2026-08-10 09:33:24,789 [INFO] [OK] Brazil/GFS_ENSEMBLE_Soy_PRCP_DEP/daily dia 09 (2026-08-19 → 2026-08-19) 51627 bytes
2026-08-10 09:33:25,572 [INFO] [OK] Brazil/GFS_ENSEMBLE_Soy_PRCP_DEP/daily dia 12 (2026-08-22 → 2026-08-22) 45912 bytes
2026-08-10 09:33:25,845 [INFO] [OK] Brazil/GFS_ENSEMBLE_Soy_PRCP_DEP/daily dia 13 (2026-08-23 → 2026-08-23) 45138 bytes
2026-08-10 09:33:25,984 [INFO] [OK] Brazil/GFS_ENSEMBLE_Soy_PRCP_DEP/daily dia 14 (2026-08-24 → 2026-08-24) 46988 bytes
2026-08-10 09:33:26,004 [INFO] [OK] Brazil/GFS_ENSEMBLE_Soy_PRCP_DEP/cumulative dia 00 (2026-08-10 → 2026-08-10) 39872 bytes
2026-08-10 09:33:26,167 [INFO] [OK] Brazil/GFS_ENSEMBLE_Soy_PRCP_DEP/cumulative dia 01 (2026-08-10 → 2026-08-11) 42774 bytes
2026-08-10 09:33:26,304 [INFO] [OK] Brazil/GFS_ENSEMBLE_Soy_PRCP_DEP/cumulative dia 02 (2026-08-10 → 2026-08-12) 44777 bytes
2026-08-10 09:33:27,323 [INFO] [OK] Brazil/GFS_ENSEMBLE_Soy_PRCP_DEP/cumulative dia 03 (2026-08-10 → 2026-08-13) 44572 bytes
2026-08-10 09:33:27,792 [INFO] [OK] Brazil/GFS_ENSEMBLE_Soy_PRCP_DEP/cumulative dia 04 (2026-08-10 → 2026-08-14) 44995 bytes
2026-08-10 09:33:28,075 [INFO] [OK] Brazil/GFS_ENSEMBLE_Soy_PRCP_DEP/cumulative dia 05 (2026-08-10 → 2026-08-15) 45304 bytes
2026-08-10 09:33:28,101 [INFO] [OK] Brazil/GFS_ENSEMBLE_Soy_PRCP_DEP/cumulative dia 06 (2026-08-10 → 2026-08-16) 46181 bytes
2026-08-10 09:33:28,320 [INFO] [OK] Brazil/GFS_ENSEMBLE_Soy_PRCP_DEP/cumulative dia 07 (2026-08-10 → 2026-08-17) 47504 bytes
2026-08-10 09:33:28,449 [INFO] [OK] Brazil/GFS_ENSEMBLE_Soy_PRCP_DEP/cumulative dia 08 (2026-08-10 → 2026-08-18) 49667 bytes
2026-08-10 09:33:29,456 [INFO] [OK] Brazil/GFS_ENSEMBLE_Soy_PRCP_DEP/cumulative dia 09 (2026-08-10 → 2026-08-19) 52076 bytes
2026-08-10 09:33:30,002 [INFO] [OK] Brazil/GFS_ENSEMBLE_Soy_PRCP_DEP/cumulative dia 10 (2026-08-10 → 2026-08-20) 52751 bytes
2026-08-10 09:33:30,492 [INFO] [OK] Brazil/GFS_ENSEMBLE_Soy_PRCP_DEP/cumulative dia 11 (2026-08-10 → 2026-08-21) 53143 bytes
2026-08-10 09:33:30,666 [INFO] [OK] Brazil/GFS_ENSEMBLE_Soy_PRCP_DEP/cumulative dia 12 (2026-08-10 → 2026-08-22) 53601 bytes
2026-08-10 09:33:31,104 [INFO] [OK] Brazil/GFS_ENSEMBLE_Soy_PRCP_DEP/cumulative dia 13 (2026-08-10 → 2026-08-23) 53117 bytes
2026-08-10 09:33:31,423 [INFO] [OK] Brazil/GFS_ENSEMBLE_Soy_PRCP/daily dia 00 (2026-08-10 → 2026-08-10) 30090 bytes
2026-08-10 09:33:31,611 [INFO] [OK] Brazil/GFS_ENSEMBLE_Soy_PRCP_DEP/cumulative dia 14 (2026-08-10 → 2026-08-24) 52661 bytes
2026-08-10 09:33:31,787 [INFO] [OK] Brazil/GFS_ENSEMBLE_Soy_PRCP/daily dia 01 (2026-08-11 → 2026-08-11) 30410 bytes
2026-08-10 09:33:32,057 [INFO] [OK] Brazil/GFS_ENSEMBLE_Soy_PRCP/daily dia 02 (2026-08-12 → 2026-08-12) 30059 bytes
2026-08-10 09:33:32,178 [INFO] [OK] Brazil/GFS_ENSEMBLE_Soy_PRCP/daily dia 03 (2026-08-13 → 2026-08-13) 29758 bytes
2026-08-10 09:33:32,685 [INFO] [OK] Brazil/GFS_ENSEMBLE_Soy_PRCP/daily dia 04 (2026-08-14 → 2026-08-14) 29420 bytes
2026-08-10 09:33:33,850 [INFO] [OK] Brazil/GFS_ENSEMBLE_Soy_PRCP/daily dia 09 (2026-08-19 → 2026-08-19) 30728 bytes
2026-08-10 09:33:33,952 [INFO] [OK] Brazil/GFS_ENSEMBLE_Soy_PRCP/daily dia 05 (2026-08-15 → 2026-08-15) 29544 bytes
2026-08-10 09:33:33,966 [INFO] [OK] Brazil/GFS_ENSEMBLE_Soy_PRCP/daily dia 06 (2026-08-16 → 2026-08-16) 30845 bytes
2026-08-10 09:33:34,043 [INFO] [OK] Brazil/GFS_ENSEMBLE_Soy_PRCP/daily dia 07 (2026-08-17 → 2026-08-17) 31382 bytes
2026-08-10 09:33:34,125 [INFO] [OK] Brazil/GFS_ENSEMBLE_Soy_PRCP/daily dia 08 (2026-08-18 → 2026-08-18) 31486 bytes
2026-08-10 09:33:34,161 [INFO] [OK] Brazil/GFS_ENSEMBLE_Soy_PRCP/daily dia 10 (2026-08-20 → 2026-08-20) 30153 bytes
2026-08-10 09:33:35,547 [INFO] [OK] Brazil/GFS_ENSEMBLE_Soy_PRCP/daily dia 12 (2026-08-22 → 2026-08-22) 28360 bytes
2026-08-10 09:33:35,549 [INFO] [OK] Brazil/GFS_ENSEMBLE_Soy_PRCP/daily dia 11 (2026-08-21 → 2026-08-21) 28869 bytes
2026-08-10 09:33:35,659 [INFO] [OK] Brazil/GFS_ENSEMBLE_Soy_PRCP/cumulative dia 01 (2026-08-10 → 2026-08-11) 32328 bytes
2026-08-10 09:33:36,014 [INFO] [OK] Brazil/GFS_ENSEMBLE_Soy_PRCP/daily dia 13 (2026-08-23 → 2026-08-23) 28924 bytes
2026-08-10 09:33:36,304 [INFO] [OK] Brazil/GFS_ENSEMBLE_Soy_PRCP/daily dia 14 (2026-08-24 → 2026-08-24) 30321 bytes
2026-08-10 09:33:36,459 [INFO] [OK] Brazil/GFS_ENSEMBLE_Soy_PRCP/cumulative dia 00 (2026-08-10 → 2026-08-10) 30090 bytes
2026-08-10 09:33:37,405 [INFO] [OK] Brazil/GFS_ENSEMBLE_Soy_PRCP/cumulative dia 02 (2026-08-10 → 2026-08-12) 34303 bytes
2026-08-10 09:33:37,626 [INFO] [OK] Brazil/GFS_ENSEMBLE_Soy_PRCP/cumulative dia 04 (2026-08-10 → 2026-08-14) 35900 bytes
2026-08-10 09:33:37,775 [INFO] [OK] Brazil/GFS_ENSEMBLE_Soy_PRCP/cumulative dia 03 (2026-08-10 → 2026-08-13) 35174 bytes
2026-08-10 09:33:38,007 [INFO] [OK] Brazil/GFS_ENSEMBLE_Soy_PRCP/cumulative dia 05 (2026-08-10 → 2026-08-15) 36618 bytes
2026-08-10 09:33:38,239 [INFO] [OK] Brazil/GFS_ENSEMBLE_Soy_PRCP/cumulative dia 06 (2026-08-10 → 2026-08-16) 37851 bytes
2026-08-10 09:33:38,480 [INFO] [OK] Brazil/GFS_ENSEMBLE_Soy_PRCP/cumulative dia 07 (2026-08-10 → 2026-08-17) 38904 bytes
2026-08-10 09:33:39,532 [INFO] [OK] Brazil/GFS_ENSEMBLE_Soy_PRCP/cumulative dia 08 (2026-08-10 → 2026-08-18) 39660 bytes
2026-08-10 09:33:39,791 [INFO] [OK] Brazil/GFS_ENSEMBLE_Soy_PRCP/cumulative dia 09 (2026-08-10 → 2026-08-19) 40556 bytes
2026-08-10 09:33:40,073 [INFO] [OK] Brazil/GFS_ENSEMBLE_Soy_PRCP/cumulative dia 10 (2026-08-10 → 2026-08-20) 41246 bytes
2026-08-10 09:33:40,276 [INFO] [OK] Brazil/GFS_ENSEMBLE_Soy_PRCP/cumulative dia 11 (2026-08-10 → 2026-08-21) 41588 bytes
2026-08-10 09:33:40,785 [INFO] [OK] Brazil/GFS_ENSEMBLE_Soy_PRCP/cumulative dia 12 (2026-08-10 → 2026-08-22) 41882 bytes
2026-08-10 09:33:40,900 [INFO] [OK] Brazil/GFS_ENSEMBLE_Soy_PRCP/cumulative dia 13 (2026-08-10 → 2026-08-23) 41800 bytes
2026-08-10 09:33:41,343 [INFO] [OK] Brazil/GFS_ENSEMBLE_Corn_Winter_PRCP_DEP/daily dia 00 (2026-08-10 → 2026-08-10) 38297 bytes
2026-08-10 09:33:41,548 [INFO] [OK] Brazil/GFS_ENSEMBLE_Corn_Winter_PRCP_DEP/daily dia 01 (2026-08-11 → 2026-08-11) 40093 bytes
2026-08-10 09:33:41,718 [INFO] [OK] Brazil/GFS_ENSEMBLE_Corn_Winter_PRCP_DEP/daily dia 02 (2026-08-12 → 2026-08-12) 39413 bytes
2026-08-10 09:33:41,986 [INFO] [OK] Brazil/GFS_ENSEMBLE_Soy_PRCP/cumulative dia 14 (2026-08-10 → 2026-08-24) 42103 bytes
2026-08-10 09:33:42,247 [INFO] [OK] Brazil/GFS_ENSEMBLE_Corn_Winter_PRCP_DEP/daily dia 03 (2026-08-13 → 2026-08-13) 38253 bytes
2026-08-10 09:33:42,294 [INFO] [OK] Brazil/GFS_ENSEMBLE_Corn_Winter_PRCP_DEP/daily dia 04 (2026-08-14 → 2026-08-14) 38463 bytes
2026-08-10 09:33:42,702 [INFO] [OK] Brazil/GFS_ENSEMBLE_Corn_Winter_PRCP_DEP/daily dia 05 (2026-08-15 → 2026-08-15) 40497 bytes
2026-08-10 09:33:43,040 [INFO] [OK] Brazil/GFS_ENSEMBLE_Corn_Winter_PRCP_DEP/daily dia 06 (2026-08-16 → 2026-08-16) 42485 bytes
2026-08-10 09:33:43,226 [INFO] [OK] Brazil/GFS_ENSEMBLE_Corn_Winter_PRCP_DEP/daily dia 07 (2026-08-17 → 2026-08-17) 47158 bytes
2026-08-10 09:33:43,414 [INFO] [OK] Brazil/GFS_ENSEMBLE_Corn_Winter_PRCP_DEP/daily dia 08 (2026-08-18 → 2026-08-18) 49047 bytes
2026-08-10 09:33:43,658 [INFO] [OK] Brazil/GFS_ENSEMBLE_Corn_Winter_PRCP_DEP/daily dia 10 (2026-08-20 → 2026-08-20) 47712 bytes
2026-08-10 09:33:43,699 [INFO] [OK] Brazil/GFS_ENSEMBLE_Corn_Winter_PRCP_DEP/daily dia 09 (2026-08-19 → 2026-08-19) 49993 bytes
2026-08-10 09:33:44,159 [INFO] [OK] Brazil/GFS_ENSEMBLE_Corn_Winter_PRCP_DEP/daily dia 11 (2026-08-21 → 2026-08-21) 45221 bytes
2026-08-10 09:33:45,025 [INFO] [OK] Brazil/GFS_ENSEMBLE_Corn_Winter_PRCP_DEP/cumulative dia 00 (2026-08-10 → 2026-08-10) 38297 bytes
2026-08-10 09:33:45,034 [INFO] [OK] Brazil/GFS_ENSEMBLE_Corn_Winter_PRCP_DEP/daily dia 13 (2026-08-23 → 2026-08-23) 43458 bytes
2026-08-10 09:33:45,042 [INFO] [OK] Brazil/GFS_ENSEMBLE_Corn_Winter_PRCP_DEP/daily dia 12 (2026-08-22 → 2026-08-22) 44380 bytes
2026-08-10 09:33:45,054 [INFO] [OK] Brazil/GFS_ENSEMBLE_Corn_Winter_PRCP_DEP/daily dia 14 (2026-08-24 → 2026-08-24) 45465 bytes
2026-08-10 09:33:45,292 [INFO] [OK] Brazil/GFS_ENSEMBLE_Corn_Winter_PRCP_DEP/cumulative dia 01 (2026-08-10 → 2026-08-11) 41406 bytes
2026-08-10 09:33:45,970 [INFO] [OK] Brazil/GFS_ENSEMBLE_Corn_Winter_PRCP_DEP/cumulative dia 02 (2026-08-10 → 2026-08-12) 43360 bytes
2026-08-10 09:33:47,189 [INFO] [OK] Brazil/GFS_ENSEMBLE_Corn_Winter_PRCP_DEP/cumulative dia 03 (2026-08-10 → 2026-08-13) 43253 bytes
2026-08-10 09:33:47,842 [INFO] [OK] Brazil/GFS_ENSEMBLE_Corn_Winter_PRCP_DEP/cumulative dia 05 (2026-08-10 → 2026-08-15) 43945 bytes
2026-08-10 09:33:47,882 [INFO] [OK] Brazil/GFS_ENSEMBLE_Corn_Winter_PRCP_DEP/cumulative dia 04 (2026-08-10 → 2026-08-14) 43568 bytes
2026-08-10 09:33:47,888 [INFO] [OK] Brazil/GFS_ENSEMBLE_Corn_Winter_PRCP_DEP/cumulative dia 06 (2026-08-10 → 2026-08-16) 44947 bytes
2026-08-10 09:33:48,115 [INFO] [OK] Brazil/GFS_ENSEMBLE_Corn_Winter_PRCP_DEP/cumulative dia 07 (2026-08-10 → 2026-08-17) 46188 bytes
2026-08-10 09:33:48,120 [INFO] [OK] Brazil/GFS_ENSEMBLE_Corn_Winter_PRCP_DEP/cumulative dia 08 (2026-08-10 → 2026-08-18) 48365 bytes
2026-08-10 09:33:49,261 [INFO] [OK] Brazil/GFS_ENSEMBLE_Corn_Winter_PRCP_DEP/cumulative dia 09 (2026-08-10 → 2026-08-19) 50682 bytes
2026-08-10 09:33:50,729 [INFO] [OK] Brazil/GFS_ENSEMBLE_Corn_Winter_PRCP_DEP/cumulative dia 12 (2026-08-10 → 2026-08-22) 52132 bytes
2026-08-10 09:33:50,744 [INFO] [OK] Brazil/GFS_ENSEMBLE_Corn_Winter_PRCP_DEP/cumulative dia 10 (2026-08-10 → 2026-08-20) 51400 bytes
2026-08-10 09:33:50,784 [INFO] [OK] Brazil/GFS_ENSEMBLE_Corn_Winter_PRCP_DEP/cumulative dia 11 (2026-08-10 → 2026-08-21) 51865 bytes
2026-08-10 09:33:50,797 [INFO] [OK] Brazil/GFS_ENSEMBLE_Corn_Winter_PRCP/daily dia 00 (2026-08-10 → 2026-08-10) 28636 bytes
2026-08-10 09:33:51,306 [INFO] [OK] Brazil/GFS_ENSEMBLE_Corn_Winter_PRCP_DEP/cumulative dia 13 (2026-08-10 → 2026-08-23) 51769 bytes
2026-08-10 09:33:51,394 [INFO] [OK] Brazil/GFS_ENSEMBLE_Corn_Winter_PRCP_DEP/cumulative dia 14 (2026-08-10 → 2026-08-24) 51048 bytes
2026-08-10 09:33:52,008 [INFO] [OK] Brazil/GFS_ENSEMBLE_Corn_Winter_PRCP/daily dia 01 (2026-08-11 → 2026-08-11) 28912 bytes
2026-08-10 09:33:52,048 [INFO] [OK] Brazil/GFS_ENSEMBLE_Corn_Winter_PRCP/daily dia 02 (2026-08-12 → 2026-08-12) 28401 bytes
2026-08-10 09:33:52,229 [INFO] [OK] Brazil/GFS_ENSEMBLE_Corn_Winter_PRCP/daily dia 04 (2026-08-14 → 2026-08-14) 27744 bytes
2026-08-10 09:33:52,231 [INFO] [OK] Brazil/GFS_ENSEMBLE_Corn_Winter_PRCP/daily dia 03 (2026-08-13 → 2026-08-13) 28002 bytes
2026-08-10 09:33:52,631 [INFO] [OK] Brazil/GFS_ENSEMBLE_Corn_Winter_PRCP/daily dia 05 (2026-08-15 → 2026-08-15) 27976 bytes
2026-08-10 09:33:52,721 [INFO] [OK] Brazil/GFS_ENSEMBLE_Corn_Winter_PRCP/daily dia 06 (2026-08-16 → 2026-08-16) 29113 bytes
2026-08-10 09:33:53,391 [INFO] [OK] Brazil/GFS_ENSEMBLE_Corn_Winter_PRCP/daily dia 07 (2026-08-17 → 2026-08-17) 29696 bytes
2026-08-10 09:33:53,442 [INFO] [OK] Brazil/GFS_ENSEMBLE_Corn_Winter_PRCP/daily dia 08 (2026-08-18 → 2026-08-18) 29835 bytes
2026-08-10 09:33:53,768 [INFO] [OK] Brazil/GFS_ENSEMBLE_Corn_Winter_PRCP/daily dia 09 (2026-08-19 → 2026-08-19) 29158 bytes
2026-08-10 09:33:53,876 [INFO] [OK] Brazil/GFS_ENSEMBLE_Corn_Winter_PRCP/daily dia 10 (2026-08-20 → 2026-08-20) 28588 bytes
2026-08-10 09:33:54,073 [INFO] [OK] Brazil/GFS_ENSEMBLE_Corn_Winter_PRCP/daily dia 11 (2026-08-21 → 2026-08-21) 27293 bytes
2026-08-10 09:33:54,078 [INFO] [OK] Brazil/GFS_ENSEMBLE_Corn_Winter_PRCP/daily dia 12 (2026-08-22 → 2026-08-22) 26816 bytes
2026-08-10 09:33:54,847 [INFO] [OK] Brazil/GFS_ENSEMBLE_Corn_Winter_PRCP/daily dia 14 (2026-08-24 → 2026-08-24) 28605 bytes
2026-08-10 09:33:54,961 [INFO] [OK] Brazil/GFS_ENSEMBLE_Corn_Winter_PRCP/daily dia 13 (2026-08-23 → 2026-08-23) 27339 bytes
2026-08-10 09:33:55,318 [INFO] [OK] Brazil/GFS_ENSEMBLE_Corn_Winter_PRCP/cumulative dia 00 (2026-08-10 → 2026-08-10) 28636 bytes
2026-08-10 09:33:55,333 [INFO] [OK] Brazil/GFS_ENSEMBLE_Corn_Winter_PRCP/cumulative dia 01 (2026-08-10 → 2026-08-11) 30909 bytes
2026-08-10 09:33:55,560 [INFO] [OK] Brazil/GFS_ENSEMBLE_Corn_Winter_PRCP/cumulative dia 02 (2026-08-10 → 2026-08-12) 32818 bytes
2026-08-10 09:33:55,679 [INFO] [OK] Brazil/GFS_ENSEMBLE_Corn_Winter_PRCP/cumulative dia 03 (2026-08-10 → 2026-08-13) 33758 bytes
2026-08-10 09:33:56,638 [INFO] [OK] Brazil/GFS_ENSEMBLE_Corn_Winter_PRCP/cumulative dia 04 (2026-08-10 → 2026-08-14) 34383 bytes
2026-08-10 09:33:56,811 [INFO] [OK] Brazil/GFS_ENSEMBLE_Corn_Winter_PRCP/cumulative dia 05 (2026-08-10 → 2026-08-15) 35109 bytes
2026-08-10 09:33:57,453 [INFO] [OK] Brazil/GFS_ENSEMBLE_Corn_Winter_PRCP/cumulative dia 06 (2026-08-10 → 2026-08-16) 36328 bytes
2026-08-10 09:33:57,600 [INFO] [OK] Brazil/GFS_ENSEMBLE_Corn_Winter_PRCP/cumulative dia 07 (2026-08-10 → 2026-08-17) 37353 bytes
2026-08-10 09:33:57,897 [INFO] [OK] Brazil/GFS_ENSEMBLE_Corn_Winter_PRCP/cumulative dia 08 (2026-08-10 → 2026-08-18) 38056 bytes
2026-08-10 09:33:58,033 [INFO] [OK] Brazil/GFS_ENSEMBLE_Corn_Winter_PRCP/cumulative dia 09 (2026-08-10 → 2026-08-19) 39003 bytes
2026-08-10 09:33:58,899 [INFO] [OK] Brazil/GFS_ENSEMBLE_Corn_Winter_PRCP/cumulative dia 10 (2026-08-10 → 2026-08-20) 39714 bytes
2026-08-10 09:33:59,281 [INFO] [OK] Brazil/GFS_ENSEMBLE_Corn_Winter_PRCP/cumulative dia 11 (2026-08-10 → 2026-08-21) 40113 bytes
2026-08-10 09:33:59,591 [INFO] [OK] Brazil/ECM_ENSEMBLE_Soy_PRCP_DEP/daily dia 00 (2026-08-10 → 2026-08-10) 45993 bytes
2026-08-10 09:34:00,551 [INFO] [OK] Brazil/GFS_ENSEMBLE_Corn_Winter_PRCP/cumulative dia 13 (2026-08-10 → 2026-08-23) 40371 bytes
2026-08-10 09:34:00,601 [INFO] [OK] Brazil/ECM_ENSEMBLE_Soy_PRCP_DEP/daily dia 01 (2026-08-11 → 2026-08-11) 48494 bytes
2026-08-10 09:34:00,712 [INFO] [OK] Brazil/GFS_ENSEMBLE_Corn_Winter_PRCP/cumulative dia 12 (2026-08-10 → 2026-08-22) 40307 bytes
2026-08-10 09:34:00,866 [INFO] [OK] Brazil/ECM_ENSEMBLE_Soy_PRCP_DEP/daily dia 02 (2026-08-12 → 2026-08-12) 48332 bytes
2026-08-10 09:34:00,903 [INFO] [OK] Brazil/GFS_ENSEMBLE_Corn_Winter_PRCP/cumulative dia 14 (2026-08-10 → 2026-08-24) 40641 bytes
2026-08-10 09:34:01,301 [INFO] [OK] Brazil/ECM_ENSEMBLE_Soy_PRCP_DEP/daily dia 03 (2026-08-13 → 2026-08-13) 48714 bytes
2026-08-10 09:34:02,261 [INFO] [OK] Brazil/ECM_ENSEMBLE_Soy_PRCP_DEP/daily dia 04 (2026-08-14 → 2026-08-14) 48262 bytes
2026-08-10 09:34:02,329 [INFO] [OK] Brazil/ECM_ENSEMBLE_Soy_PRCP_DEP/daily dia 06 (2026-08-16 → 2026-08-16) 46695 bytes
2026-08-10 09:34:02,358 [INFO] [OK] Brazil/ECM_ENSEMBLE_Soy_PRCP_DEP/daily dia 05 (2026-08-15 → 2026-08-15) 47885 bytes
2026-08-10 09:34:02,429 [INFO] [OK] Brazil/ECM_ENSEMBLE_Soy_PRCP_DEP/daily dia 07 (2026-08-17 → 2026-08-17) 49147 bytes
2026-08-10 09:34:02,451 [INFO] [OK] Brazil/ECM_ENSEMBLE_Soy_PRCP_DEP/daily dia 08 (2026-08-18 → 2026-08-18) 47115 bytes
2026-08-10 09:34:02,708 [INFO] [OK] Brazil/ECM_ENSEMBLE_Soy_PRCP_DEP/daily dia 09 (2026-08-19 → 2026-08-19) 48028 bytes
2026-08-10 09:34:03,866 [INFO] [OK] Brazil/ECM_ENSEMBLE_Soy_PRCP_DEP/daily dia 11 (2026-08-21 → 2026-08-21) 48215 bytes
2026-08-10 09:34:03,869 [INFO] [OK] Brazil/ECM_ENSEMBLE_Soy_PRCP_DEP/daily dia 12 (2026-08-22 → 2026-08-22) 49473 bytes
2026-08-10 09:34:03,941 [INFO] [OK] Brazil/ECM_ENSEMBLE_Soy_PRCP_DEP/daily dia 10 (2026-08-20 → 2026-08-20) 50535 bytes
2026-08-10 09:34:04,092 [INFO] [OK] Brazil/ECM_ENSEMBLE_Soy_PRCP_DEP/daily dia 14 (2026-08-24 → 2026-08-24) 53361 bytes
2026-08-10 09:34:04,207 [INFO] [OK] Brazil/ECM_ENSEMBLE_Soy_PRCP_DEP/cumulative dia 00 (2026-08-10 → 2026-08-10) 45993 bytes
2026-08-10 09:34:04,209 [INFO] [OK] Brazil/ECM_ENSEMBLE_Soy_PRCP_DEP/daily dia 13 (2026-08-23 → 2026-08-23) 50734 bytes
2026-08-10 09:34:05,542 [INFO] [OK] Brazil/ECM_ENSEMBLE_Soy_PRCP_DEP/cumulative dia 02 (2026-08-10 → 2026-08-12) 50681 bytes
2026-08-10 09:34:05,553 [INFO] [OK] Brazil/ECM_ENSEMBLE_Soy_PRCP_DEP/cumulative dia 01 (2026-08-10 → 2026-08-11) 49669 bytes
2026-08-10 09:34:06,061 [INFO] [OK] Brazil/ECM_ENSEMBLE_Soy_PRCP_DEP/cumulative dia 04 (2026-08-10 → 2026-08-14) 50855 bytes
2026-08-10 09:34:06,149 [INFO] [OK] Brazil/ECM_ENSEMBLE_Soy_PRCP_DEP/cumulative dia 03 (2026-08-10 → 2026-08-13) 50776 bytes
2026-08-10 09:34:07,066 [INFO] [OK] Brazil/ECM_ENSEMBLE_Soy_PRCP_DEP/cumulative dia 05 (2026-08-10 → 2026-08-15) 51375 bytes
2026-08-10 09:34:07,069 [INFO] [OK] Brazil/ECM_ENSEMBLE_Soy_PRCP_DEP/cumulative dia 06 (2026-08-10 → 2026-08-16) 50573 bytes
2026-08-10 09:34:07,857 [INFO] [OK] Brazil/ECM_ENSEMBLE_Soy_PRCP_DEP/cumulative dia 08 (2026-08-10 → 2026-08-18) 50079 bytes
2026-08-10 09:34:07,873 [INFO] [OK] Brazil/ECM_ENSEMBLE_Soy_PRCP_DEP/cumulative dia 07 (2026-08-10 → 2026-08-17) 50580 bytes
2026-08-10 09:34:08,349 [INFO] [OK] Brazil/ECM_ENSEMBLE_Soy_PRCP_DEP/cumulative dia 09 (2026-08-10 → 2026-08-19) 49931 bytes
2026-08-10 09:34:08,523 [INFO] [OK] Brazil/ECM_ENSEMBLE_Soy_PRCP_DEP/cumulative dia 10 (2026-08-10 → 2026-08-20) 50302 bytes
2026-08-10 09:34:09,407 [INFO] [OK] Brazil/ECM_ENSEMBLE_Soy_PRCP_DEP/cumulative dia 11 (2026-08-10 → 2026-08-21) 50947 bytes
2026-08-10 09:34:09,508 [INFO] [OK] Brazil/ECM_ENSEMBLE_Soy_PRCP_DEP/cumulative dia 12 (2026-08-10 → 2026-08-22) 50982 bytes
2026-08-10 09:34:09,798 [INFO] [OK] Brazil/ECM_ENSEMBLE_Soy_PRCP/daily dia 00 (2026-08-10 → 2026-08-10) 31364 bytes
2026-08-10 09:34:09,962 [INFO] [OK] Brazil/ECM_ENSEMBLE_Soy_PRCP/daily dia 01 (2026-08-11 → 2026-08-11) 32153 bytes
2026-08-10 09:34:10,592 [INFO] [OK] Brazil/ECM_ENSEMBLE_Soy_PRCP_DEP/cumulative dia 13 (2026-08-10 → 2026-08-23) 50991 bytes
2026-08-10 09:34:10,594 [INFO] [OK] Brazil/ECM_ENSEMBLE_Soy_PRCP_DEP/cumulative dia 14 (2026-08-10 → 2026-08-24) 51316 bytes
2026-08-10 09:34:10,733 [INFO] [OK] Brazil/ECM_ENSEMBLE_Soy_PRCP/daily dia 02 (2026-08-12 → 2026-08-12) 31876 bytes
2026-08-10 09:34:10,823 [INFO] [OK] Brazil/ECM_ENSEMBLE_Soy_PRCP/daily dia 03 (2026-08-13 → 2026-08-13) 31437 bytes
2026-08-10 09:34:11,125 [INFO] [OK] Brazil/ECM_ENSEMBLE_Soy_PRCP/daily dia 04 (2026-08-14 → 2026-08-14) 31109 bytes
2026-08-10 09:34:11,286 [INFO] [OK] Brazil/ECM_ENSEMBLE_Soy_PRCP/daily dia 05 (2026-08-15 → 2026-08-15) 31137 bytes
2026-08-10 09:34:11,886 [INFO] [OK] Brazil/ECM_ENSEMBLE_Soy_PRCP/daily dia 06 (2026-08-16 → 2026-08-16) 33111 bytes
2026-08-10 09:34:11,964 [INFO] [OK] Brazil/ECM_ENSEMBLE_Soy_PRCP/daily dia 07 (2026-08-17 → 2026-08-17) 33696 bytes
2026-08-10 09:34:12,238 [INFO] [OK] Brazil/ECM_ENSEMBLE_Soy_PRCP/daily dia 09 (2026-08-19 → 2026-08-19) 31529 bytes
2026-08-10 09:34:12,255 [INFO] [OK] Brazil/ECM_ENSEMBLE_Soy_PRCP/daily dia 08 (2026-08-18 → 2026-08-18) 32470 bytes
2026-08-10 09:34:12,520 [INFO] [OK] Brazil/ECM_ENSEMBLE_Soy_PRCP/daily dia 10 (2026-08-20 → 2026-08-20) 30526 bytes
2026-08-10 09:34:12,581 [INFO] [OK] Brazil/ECM_ENSEMBLE_Soy_PRCP/daily dia 11 (2026-08-21 → 2026-08-21) 29402 bytes
2026-08-10 09:34:13,226 [INFO] [OK] Brazil/ECM_ENSEMBLE_Soy_PRCP/daily dia 12 (2026-08-22 → 2026-08-22) 29718 bytes
2026-08-10 09:34:13,299 [INFO] [OK] Brazil/ECM_ENSEMBLE_Soy_PRCP/daily dia 13 (2026-08-23 → 2026-08-23) 30557 bytes
2026-08-10 09:34:13,594 [INFO] [OK] Brazil/ECM_ENSEMBLE_Soy_PRCP/daily dia 14 (2026-08-24 → 2026-08-24) 30170 bytes
2026-08-10 09:34:13,750 [INFO] [OK] Brazil/ECM_ENSEMBLE_Soy_PRCP/cumulative dia 00 (2026-08-10 → 2026-08-10) 31364 bytes
2026-08-10 09:34:13,942 [INFO] [OK] Brazil/ECM_ENSEMBLE_Soy_PRCP/cumulative dia 01 (2026-08-10 → 2026-08-11) 34651 bytes
2026-08-10 09:34:14,095 [INFO] [OK] Brazil/ECM_ENSEMBLE_Soy_PRCP/cumulative dia 02 (2026-08-10 → 2026-08-12) 36861 bytes
2026-08-10 09:34:14,798 [INFO] [OK] Brazil/ECM_ENSEMBLE_Soy_PRCP/cumulative dia 03 (2026-08-10 → 2026-08-13) 38352 bytes
2026-08-10 09:34:15,065 [INFO] [OK] Brazil/ECM_ENSEMBLE_Soy_PRCP/cumulative dia 04 (2026-08-10 → 2026-08-14) 39342 bytes
2026-08-10 09:34:15,392 [INFO] [OK] Brazil/ECM_ENSEMBLE_Soy_PRCP/cumulative dia 05 (2026-08-10 → 2026-08-15) 39397 bytes
2026-08-10 09:34:15,808 [INFO] [OK] Brazil/ECM_ENSEMBLE_Soy_PRCP/cumulative dia 06 (2026-08-10 → 2026-08-16) 40287 bytes
2026-08-10 09:34:16,605 [INFO] [OK] Brazil/ECM_ENSEMBLE_Soy_PRCP/cumulative dia 07 (2026-08-10 → 2026-08-17) 41010 bytes
2026-08-10 09:34:16,614 [INFO] [OK] Brazil/ECM_ENSEMBLE_Soy_PRCP/cumulative dia 08 (2026-08-10 → 2026-08-18) 42267 bytes
2026-08-10 09:34:17,633 [INFO] [OK] Brazil/ECM_ENSEMBLE_Soy_PRCP/cumulative dia 10 (2026-08-10 → 2026-08-20) 42980 bytes
2026-08-10 09:34:17,635 [INFO] [OK] Brazil/ECM_ENSEMBLE_Soy_PRCP/cumulative dia 09 (2026-08-10 → 2026-08-19) 42754 bytes
2026-08-10 09:34:17,865 [INFO] [OK] Brazil/ECM_ENSEMBLE_Soy_PRCP/cumulative dia 11 (2026-08-10 → 2026-08-21) 43343 bytes
2026-08-10 09:34:18,355 [INFO] [OK] Brazil/ECM_ENSEMBLE_Soy_PRCP/cumulative dia 12 (2026-08-10 → 2026-08-22) 43503 bytes
2026-08-10 09:34:19,804 [INFO] [OK] Brazil/ECM_ENSEMBLE_Soy_PRCP/cumulative dia 14 (2026-08-10 → 2026-08-24) 43870 bytes
2026-08-10 09:34:19,815 [INFO] [OK] Brazil/ECM_ENSEMBLE_Soy_PRCP/cumulative dia 13 (2026-08-10 → 2026-08-23) 43486 bytes
2026-08-10 09:34:20,057 [INFO] [OK] Brazil/ECM_ENSEMBLE_Corn_Winter_PRCP_DEP/daily dia 01 (2026-08-11 → 2026-08-11) 47087 bytes
2026-08-10 09:34:20,059 [INFO] [OK] Brazil/ECM_ENSEMBLE_Corn_Winter_PRCP_DEP/daily dia 03 (2026-08-13 → 2026-08-13) 47266 bytes
2026-08-10 09:34:20,062 [INFO] [OK] Brazil/ECM_ENSEMBLE_Corn_Winter_PRCP_DEP/daily dia 02 (2026-08-12 → 2026-08-12) 46717 bytes
2026-08-10 09:34:20,066 [INFO] [OK] Brazil/ECM_ENSEMBLE_Corn_Winter_PRCP_DEP/daily dia 00 (2026-08-10 → 2026-08-10) 44443 bytes
2026-08-10 09:34:22,474 [INFO] [OK] Brazil/ECM_ENSEMBLE_Corn_Winter_PRCP_DEP/daily dia 06 (2026-08-16 → 2026-08-16) 45294 bytes
2026-08-10 09:34:22,483 [INFO] [OK] Brazil/ECM_ENSEMBLE_Corn_Winter_PRCP_DEP/daily dia 04 (2026-08-14 → 2026-08-14) 46711 bytes
2026-08-10 09:34:22,484 [INFO] [OK] Brazil/ECM_ENSEMBLE_Corn_Winter_PRCP_DEP/daily dia 05 (2026-08-15 → 2026-08-15) 46309 bytes
2026-08-10 09:34:22,487 [INFO] [OK] Brazil/ECM_ENSEMBLE_Corn_Winter_PRCP_DEP/daily dia 07 (2026-08-17 → 2026-08-17) 47569 bytes
2026-08-10 09:34:22,508 [INFO] [OK] Brazil/ECM_ENSEMBLE_Corn_Winter_PRCP_DEP/daily dia 08 (2026-08-18 → 2026-08-18) 45893 bytes
2026-08-10 09:34:22,513 [INFO] [OK] Brazil/ECM_ENSEMBLE_Corn_Winter_PRCP_DEP/daily dia 09 (2026-08-19 → 2026-08-19) 46706 bytes
2026-08-10 09:34:24,169 [INFO] [OK] Brazil/ECM_ENSEMBLE_Corn_Winter_PRCP_DEP/daily dia 10 (2026-08-20 → 2026-08-20) 49064 bytes
2026-08-10 09:34:24,277 [INFO] [OK] Brazil/ECM_ENSEMBLE_Corn_Winter_PRCP_DEP/daily dia 12 (2026-08-22 → 2026-08-22) 47762 bytes
2026-08-10 09:34:24,363 [INFO] [OK] Brazil/ECM_ENSEMBLE_Corn_Winter_PRCP_DEP/daily dia 13 (2026-08-23 → 2026-08-23) 49356 bytes
2026-08-10 09:34:24,450 [INFO] [OK] Brazil/ECM_ENSEMBLE_Corn_Winter_PRCP_DEP/daily dia 11 (2026-08-21 → 2026-08-21) 46857 bytes
2026-08-10 09:34:24,510 [INFO] [OK] Brazil/ECM_ENSEMBLE_Corn_Winter_PRCP_DEP/cumulative dia 00 (2026-08-10 → 2026-08-10) 44443 bytes
2026-08-10 09:34:24,514 [INFO] [OK] Brazil/ECM_ENSEMBLE_Corn_Winter_PRCP_DEP/daily dia 14 (2026-08-24 → 2026-08-24) 52025 bytes
2026-08-10 09:34:25,752 [INFO] [OK] Brazil/ECM_ENSEMBLE_Corn_Winter_PRCP_DEP/cumulative dia 01 (2026-08-10 → 2026-08-11) 48262 bytes
2026-08-10 09:34:26,042 [INFO] [OK] Brazil/ECM_ENSEMBLE_Corn_Winter_PRCP_DEP/cumulative dia 02 (2026-08-10 → 2026-08-12) 49238 bytes
2026-08-10 09:34:26,434 [INFO] [OK] Brazil/ECM_ENSEMBLE_Corn_Winter_PRCP_DEP/cumulative dia 03 (2026-08-10 → 2026-08-13) 49365 bytes
2026-08-10 09:34:26,595 [INFO] [OK] Brazil/ECM_ENSEMBLE_Corn_Winter_PRCP_DEP/cumulative dia 05 (2026-08-10 → 2026-08-15) 50026 bytes
2026-08-10 09:34:26,671 [INFO] [OK] Brazil/ECM_ENSEMBLE_Corn_Winter_PRCP_DEP/cumulative dia 04 (2026-08-10 → 2026-08-14) 49542 bytes
2026-08-10 09:34:26,863 [INFO] [OK] Brazil/ECM_ENSEMBLE_Corn_Winter_PRCP_DEP/cumulative dia 06 (2026-08-10 → 2026-08-16) 49202 bytes
2026-08-10 09:34:28,365 [INFO] [OK] Brazil/ECM_ENSEMBLE_Corn_Winter_PRCP_DEP/cumulative dia 07 (2026-08-10 → 2026-08-17) 49229 bytes
2026-08-10 09:34:29,196 [INFO] [OK] Brazil/ECM_ENSEMBLE_Corn_Winter_PRCP_DEP/cumulative dia 08 (2026-08-10 → 2026-08-18) 48582 bytes
2026-08-10 09:34:29,418 [INFO] [OK] Brazil/ECM_ENSEMBLE_Corn_Winter_PRCP_DEP/cumulative dia 09 (2026-08-10 → 2026-08-19) 48668 bytes
2026-08-10 09:34:29,448 [INFO] [OK] Brazil/ECM_ENSEMBLE_Corn_Winter_PRCP_DEP/cumulative dia 10 (2026-08-10 → 2026-08-20) 48683 bytes
2026-08-10 09:34:29,700 [INFO] [OK] Brazil/ECM_ENSEMBLE_Corn_Winter_PRCP_DEP/cumulative dia 11 (2026-08-10 → 2026-08-21) 49485 bytes
2026-08-10 09:34:30,101 [INFO] [OK] Brazil/ECM_ENSEMBLE_Corn_Winter_PRCP_DEP/cumulative dia 12 (2026-08-10 → 2026-08-22) 49369 bytes
2026-08-10 09:34:30,952 [INFO] [OK] Brazil/ECM_ENSEMBLE_Corn_Winter_PRCP/daily dia 00 (2026-08-10 → 2026-08-10) 29781 bytes
2026-08-10 09:34:31,131 [INFO] [OK] Brazil/ECM_ENSEMBLE_Corn_Winter_PRCP/daily dia 01 (2026-08-11 → 2026-08-11) 30843 bytes
2026-08-10 09:34:31,429 [INFO] [OK] Brazil/ECM_ENSEMBLE_Corn_Winter_PRCP/daily dia 02 (2026-08-12 → 2026-08-12) 30250 bytes
2026-08-10 09:34:31,536 [INFO] [OK] Brazil/ECM_ENSEMBLE_Corn_Winter_PRCP_DEP/cumulative dia 13 (2026-08-10 → 2026-08-23) 49384 bytes
2026-08-10 09:34:31,703 [INFO] [OK] Brazil/ECM_ENSEMBLE_Corn_Winter_PRCP/daily dia 03 (2026-08-13 → 2026-08-13) 29842 bytes
2026-08-10 09:34:32,045 [INFO] [OK] Brazil/ECM_ENSEMBLE_Corn_Winter_PRCP_DEP/cumulative dia 14 (2026-08-10 → 2026-08-24) 49791 bytes
2026-08-10 09:34:32,401 [INFO] [OK] Brazil/ECM_ENSEMBLE_Corn_Winter_PRCP/daily dia 04 (2026-08-14 → 2026-08-14) 29608 bytes
2026-08-10 09:34:32,580 [INFO] [OK] Brazil/ECM_ENSEMBLE_Corn_Winter_PRCP/daily dia 05 (2026-08-15 → 2026-08-15) 29668 bytes
2026-08-10 09:34:32,816 [INFO] [OK] Brazil/ECM_ENSEMBLE_Corn_Winter_PRCP/daily dia 06 (2026-08-16 → 2026-08-16) 31419 bytes
2026-08-10 09:34:32,997 [INFO] [OK] Brazil/ECM_ENSEMBLE_Corn_Winter_PRCP/daily dia 07 (2026-08-17 → 2026-08-17) 31913 bytes
2026-08-10 09:34:33,132 [INFO] [OK] Brazil/ECM_ENSEMBLE_Corn_Winter_PRCP/daily dia 08 (2026-08-18 → 2026-08-18) 30672 bytes
2026-08-10 09:34:33,420 [INFO] [OK] Brazil/ECM_ENSEMBLE_Corn_Winter_PRCP/daily dia 09 (2026-08-19 → 2026-08-19) 29886 bytes
2026-08-10 09:34:33,805 [INFO] [OK] Brazil/ECM_ENSEMBLE_Corn_Winter_PRCP/daily dia 10 (2026-08-20 → 2026-08-20) 29051 bytes
2026-08-10 09:34:34,056 [INFO] [OK] Brazil/ECM_ENSEMBLE_Corn_Winter_PRCP/daily dia 11 (2026-08-21 → 2026-08-21) 27912 bytes
2026-08-10 09:34:34,405 [INFO] [OK] Brazil/ECM_ENSEMBLE_Corn_Winter_PRCP/daily dia 13 (2026-08-23 → 2026-08-23) 28991 bytes
2026-08-10 09:34:34,407 [INFO] [OK] Brazil/ECM_ENSEMBLE_Corn_Winter_PRCP/daily dia 12 (2026-08-22 → 2026-08-22) 28144 bytes
2026-08-10 09:34:34,617 [INFO] [OK] Brazil/ECM_ENSEMBLE_Corn_Winter_PRCP/daily dia 14 (2026-08-24 → 2026-08-24) 28658 bytes
2026-08-10 09:34:34,836 [INFO] [OK] Brazil/ECM_ENSEMBLE_Corn_Winter_PRCP/cumulative dia 00 (2026-08-10 → 2026-08-10) 29781 bytes
2026-08-10 09:34:35,230 [INFO] [OK] Brazil/ECM_ENSEMBLE_Corn_Winter_PRCP/cumulative dia 01 (2026-08-10 → 2026-08-11) 33264 bytes
2026-08-10 09:34:35,645 [INFO] [OK] Brazil/ECM_ENSEMBLE_Corn_Winter_PRCP/cumulative dia 02 (2026-08-10 → 2026-08-12) 35390 bytes
2026-08-10 09:34:36,344 [INFO] [OK] Brazil/ECM_ENSEMBLE_Corn_Winter_PRCP/cumulative dia 03 (2026-08-10 → 2026-08-13) 36859 bytes
2026-08-10 09:34:36,550 [INFO] [OK] Brazil/ECM_ENSEMBLE_Corn_Winter_PRCP/cumulative dia 04 (2026-08-10 → 2026-08-14) 37856 bytes
2026-08-10 09:34:36,892 [INFO] [OK] Brazil/ECM_ENSEMBLE_Corn_Winter_PRCP/cumulative dia 05 (2026-08-10 → 2026-08-15) 37984 bytes
2026-08-10 09:34:37,081 [INFO] [OK] Brazil/ECM_ENSEMBLE_Corn_Winter_PRCP/cumulative dia 06 (2026-08-10 → 2026-08-16) 38785 bytes
2026-08-10 09:34:37,552 [INFO] [OK] Brazil/ECM_ENSEMBLE_Corn_Winter_PRCP/cumulative dia 07 (2026-08-10 → 2026-08-17) 39486 bytes
2026-08-10 09:34:38,091 [INFO] [OK] Brazil/ECM_ENSEMBLE_Corn_Winter_PRCP/cumulative dia 08 (2026-08-10 → 2026-08-18) 40664 bytes
2026-08-10 09:34:38,740 [INFO] [OK] Brazil/ECM_ENSEMBLE_Corn_Winter_PRCP/cumulative dia 09 (2026-08-10 → 2026-08-19) 41144 bytes
2026-08-10 09:34:39,426 [INFO] [OK] Brazil/ECM_ENSEMBLE_Corn_Winter_PRCP/cumulative dia 10 (2026-08-10 → 2026-08-20) 41456 bytes
2026-08-10 09:34:39,695 [INFO] [OK] Brazil/ECM_ENSEMBLE_Corn_Winter_PRCP/cumulative dia 11 (2026-08-10 → 2026-08-21) 41775 bytes
2026-08-10 09:34:39,879 [INFO] [OK] Argentina/GFS_ENSEMBLE_Soy_PRCP_DEP/daily dia 00 (2026-08-10 → 2026-08-10) 34770 bytes
2026-08-10 09:34:39,965 [INFO] [OK] Brazil/ECM_ENSEMBLE_Corn_Winter_PRCP/cumulative dia 12 (2026-08-10 → 2026-08-22) 41876 bytes
2026-08-10 09:34:40,530 [INFO] [OK] Brazil/ECM_ENSEMBLE_Corn_Winter_PRCP/cumulative dia 13 (2026-08-10 → 2026-08-23) 42060 bytes
2026-08-10 09:34:40,654 [INFO] [OK] Argentina/GFS_ENSEMBLE_Soy_PRCP_DEP/daily dia 01 (2026-08-11 → 2026-08-11) 35075 bytes
2026-08-10 09:34:40,875 [INFO] [OK] Argentina/GFS_ENSEMBLE_Soy_PRCP_DEP/daily dia 02 (2026-08-12 → 2026-08-12) 35815 bytes
2026-08-10 09:34:41,018 [INFO] [OK] Argentina/GFS_ENSEMBLE_Soy_PRCP_DEP/daily dia 03 (2026-08-13 → 2026-08-13) 35693 bytes
2026-08-10 09:34:41,029 [INFO] [OK] Brazil/ECM_ENSEMBLE_Corn_Winter_PRCP/cumulative dia 14 (2026-08-10 → 2026-08-24) 42511 bytes
2026-08-10 09:34:41,088 [INFO] [OK] Argentina/GFS_ENSEMBLE_Soy_PRCP_DEP/daily dia 04 (2026-08-14 → 2026-08-14) 35762 bytes
2026-08-10 09:34:41,696 [INFO] [OK] Argentina/GFS_ENSEMBLE_Soy_PRCP_DEP/daily dia 06 (2026-08-16 → 2026-08-16) 38598 bytes
2026-08-10 09:34:41,894 [INFO] [OK] Argentina/GFS_ENSEMBLE_Soy_PRCP_DEP/daily dia 05 (2026-08-15 → 2026-08-15) 38081 bytes
2026-08-10 09:34:42,017 [INFO] [OK] Argentina/GFS_ENSEMBLE_Soy_PRCP_DEP/daily dia 07 (2026-08-17 → 2026-08-17) 40365 bytes
2026-08-10 09:34:42,091 [INFO] [OK] Argentina/GFS_ENSEMBLE_Soy_PRCP_DEP/daily dia 08 (2026-08-18 → 2026-08-18) 40829 bytes
2026-08-10 09:34:42,206 [INFO] [OK] Argentina/GFS_ENSEMBLE_Soy_PRCP_DEP/daily dia 09 (2026-08-19 → 2026-08-19) 43549 bytes
2026-08-10 09:34:42,290 [INFO] [OK] Argentina/GFS_ENSEMBLE_Soy_PRCP_DEP/daily dia 10 (2026-08-20 → 2026-08-20) 42481 bytes
2026-08-10 09:34:42,727 [INFO] [OK] Argentina/GFS_ENSEMBLE_Soy_PRCP_DEP/daily dia 11 (2026-08-21 → 2026-08-21) 37814 bytes
2026-08-10 09:34:42,888 [INFO] [OK] Argentina/GFS_ENSEMBLE_Soy_PRCP_DEP/daily dia 12 (2026-08-22 → 2026-08-22) 39601 bytes
2026-08-10 09:34:43,261 [INFO] [OK] Argentina/GFS_ENSEMBLE_Soy_PRCP_DEP/daily dia 13 (2026-08-23 → 2026-08-23) 39617 bytes
2026-08-10 09:34:43,390 [INFO] [OK] Argentina/GFS_ENSEMBLE_Soy_PRCP_DEP/cumulative dia 01 (2026-08-10 → 2026-08-11) 37230 bytes
2026-08-10 09:34:43,405 [INFO] [OK] Argentina/GFS_ENSEMBLE_Soy_PRCP_DEP/daily dia 14 (2026-08-24 → 2026-08-24) 40430 bytes
2026-08-10 09:34:43,416 [INFO] [OK] Argentina/GFS_ENSEMBLE_Soy_PRCP_DEP/cumulative dia 00 (2026-08-10 → 2026-08-10) 34770 bytes
2026-08-10 09:34:43,850 [INFO] [OK] Argentina/GFS_ENSEMBLE_Soy_PRCP_DEP/cumulative dia 02 (2026-08-10 → 2026-08-12) 39625 bytes
2026-08-10 09:34:44,175 [INFO] [OK] Argentina/GFS_ENSEMBLE_Soy_PRCP_DEP/cumulative dia 03 (2026-08-10 → 2026-08-13) 39263 bytes
2026-08-10 09:34:44,989 [INFO] [OK] Argentina/GFS_ENSEMBLE_Soy_PRCP_DEP/cumulative dia 04 (2026-08-10 → 2026-08-14) 39569 bytes
2026-08-10 09:34:45,142 [INFO] [OK] Argentina/GFS_ENSEMBLE_Soy_PRCP_DEP/cumulative dia 06 (2026-08-10 → 2026-08-16) 41236 bytes
2026-08-10 09:34:45,353 [INFO] [OK] Argentina/GFS_ENSEMBLE_Soy_PRCP_DEP/cumulative dia 07 (2026-08-10 → 2026-08-17) 41529 bytes
2026-08-10 09:34:45,363 [INFO] [OK] Argentina/GFS_ENSEMBLE_Soy_PRCP_DEP/cumulative dia 05 (2026-08-10 → 2026-08-15) 39830 bytes
2026-08-10 09:34:45,842 [INFO] [OK] Argentina/GFS_ENSEMBLE_Soy_PRCP_DEP/cumulative dia 08 (2026-08-10 → 2026-08-18) 42449 bytes
2026-08-10 09:34:46,068 [INFO] [OK] Argentina/GFS_ENSEMBLE_Soy_PRCP_DEP/cumulative dia 09 (2026-08-10 → 2026-08-19) 43583 bytes
2026-08-10 09:34:46,628 [INFO] [OK] Argentina/GFS_ENSEMBLE_Soy_PRCP_DEP/cumulative dia 10 (2026-08-10 → 2026-08-20) 44386 bytes
2026-08-10 09:34:46,930 [INFO] [OK] Argentina/GFS_ENSEMBLE_Soy_PRCP_DEP/cumulative dia 11 (2026-08-10 → 2026-08-21) 45150 bytes
2026-08-10 09:34:47,228 [INFO] [OK] Argentina/GFS_ENSEMBLE_Soy_PRCP/daily dia 00 (2026-08-10 → 2026-08-10) 27510 bytes
2026-08-10 09:34:47,253 [INFO] [OK] Argentina/GFS_ENSEMBLE_Soy_PRCP_DEP/cumulative dia 12 (2026-08-10 → 2026-08-22) 45250 bytes
2026-08-10 09:34:47,416 [INFO] [OK] Argentina/GFS_ENSEMBLE_Soy_PRCP_DEP/cumulative dia 13 (2026-08-10 → 2026-08-23) 44929 bytes
2026-08-10 09:34:47,659 [INFO] [OK] Argentina/GFS_ENSEMBLE_Soy_PRCP/daily dia 01 (2026-08-11 → 2026-08-11) 28105 bytes
2026-08-10 09:34:47,673 [INFO] [OK] Argentina/GFS_ENSEMBLE_Soy_PRCP_DEP/cumulative dia 14 (2026-08-10 → 2026-08-24) 44523 bytes
2026-08-10 09:34:48,017 [INFO] [OK] Argentina/GFS_ENSEMBLE_Soy_PRCP/daily dia 02 (2026-08-12 → 2026-08-12) 28076 bytes
2026-08-10 09:34:48,227 [INFO] [OK] Argentina/GFS_ENSEMBLE_Soy_PRCP/daily dia 03 (2026-08-13 → 2026-08-13) 27459 bytes
2026-08-10 09:34:48,269 [INFO] [OK] Argentina/GFS_ENSEMBLE_Soy_PRCP/daily dia 04 (2026-08-14 → 2026-08-14) 27350 bytes
2026-08-10 09:34:48,389 [INFO] [OK] Argentina/GFS_ENSEMBLE_Soy_PRCP/daily dia 05 (2026-08-15 → 2026-08-15) 27437 bytes
2026-08-10 09:34:48,755 [INFO] [OK] Argentina/GFS_ENSEMBLE_Soy_PRCP/daily dia 06 (2026-08-16 → 2026-08-16) 29161 bytes
2026-08-10 09:34:48,757 [INFO] [OK] Argentina/GFS_ENSEMBLE_Soy_PRCP/daily dia 07 (2026-08-17 → 2026-08-17) 29459 bytes
2026-08-10 09:34:49,001 [INFO] [OK] Argentina/GFS_ENSEMBLE_Soy_PRCP/daily dia 08 (2026-08-18 → 2026-08-18) 29250 bytes
2026-08-10 09:34:49,289 [INFO] [OK] Argentina/GFS_ENSEMBLE_Soy_PRCP/daily dia 09 (2026-08-19 → 2026-08-19) 28836 bytes
2026-08-10 09:34:49,406 [INFO] [OK] Argentina/GFS_ENSEMBLE_Soy_PRCP/daily dia 10 (2026-08-20 → 2026-08-20) 27875 bytes
2026-08-10 09:34:49,455 [INFO] [OK] Argentina/GFS_ENSEMBLE_Soy_PRCP/daily dia 11 (2026-08-21 → 2026-08-21) 26721 bytes
2026-08-10 09:34:49,786 [INFO] [OK] Argentina/GFS_ENSEMBLE_Soy_PRCP/daily dia 13 (2026-08-23 → 2026-08-23) 26343 bytes
2026-08-10 09:34:49,811 [INFO] [OK] Argentina/GFS_ENSEMBLE_Soy_PRCP/daily dia 12 (2026-08-22 → 2026-08-22) 25881 bytes
2026-08-10 09:34:50,005 [INFO] [OK] Argentina/GFS_ENSEMBLE_Soy_PRCP/daily dia 14 (2026-08-24 → 2026-08-24) 27955 bytes
2026-08-10 09:34:50,268 [INFO] [OK] Argentina/GFS_ENSEMBLE_Soy_PRCP/cumulative dia 00 (2026-08-10 → 2026-08-10) 27510 bytes
2026-08-10 09:34:50,444 [INFO] [OK] Argentina/GFS_ENSEMBLE_Soy_PRCP/cumulative dia 01 (2026-08-10 → 2026-08-11) 29573 bytes
2026-08-10 09:34:50,578 [INFO] [OK] Argentina/GFS_ENSEMBLE_Soy_PRCP/cumulative dia 02 (2026-08-10 → 2026-08-12) 31061 bytes
2026-08-10 09:34:50,940 [INFO] [OK] Argentina/GFS_ENSEMBLE_Soy_PRCP/cumulative dia 03 (2026-08-10 → 2026-08-13) 31931 bytes
2026-08-10 09:34:51,065 [INFO] [OK] Argentina/GFS_ENSEMBLE_Soy_PRCP/cumulative dia 04 (2026-08-10 → 2026-08-14) 32306 bytes
2026-08-10 09:34:51,313 [INFO] [OK] Argentina/GFS_ENSEMBLE_Soy_PRCP/cumulative dia 05 (2026-08-10 → 2026-08-15) 33291 bytes
2026-08-10 09:34:51,595 [INFO] [OK] Argentina/GFS_ENSEMBLE_Soy_PRCP/cumulative dia 06 (2026-08-10 → 2026-08-16) 34374 bytes
2026-08-10 09:34:51,879 [INFO] [OK] Argentina/GFS_ENSEMBLE_Soy_PRCP/cumulative dia 07 (2026-08-10 → 2026-08-17) 35303 bytes
2026-08-10 09:34:52,121 [INFO] [OK] Argentina/GFS_ENSEMBLE_Soy_PRCP/cumulative dia 08 (2026-08-10 → 2026-08-18) 36025 bytes
2026-08-10 09:34:52,415 [INFO] [OK] Argentina/GFS_ENSEMBLE_Soy_PRCP/cumulative dia 09 (2026-08-10 → 2026-08-19) 36573 bytes
2026-08-10 09:34:52,666 [INFO] [OK] Argentina/GFS_ENSEMBLE_Soy_PRCP/cumulative dia 10 (2026-08-10 → 2026-08-20) 36896 bytes
2026-08-10 09:34:52,858 [INFO] [OK] Argentina/GFS_ENSEMBLE_Soy_PRCP/cumulative dia 11 (2026-08-10 → 2026-08-21) 37002 bytes
2026-08-10 09:34:53,269 [INFO] [OK] Argentina/GFS_ENSEMBLE_Soy_PRCP/cumulative dia 12 (2026-08-10 → 2026-08-22) 37115 bytes
2026-08-10 09:34:53,609 [INFO] [OK] Argentina/GFS_ENSEMBLE_Soy_PRCP/cumulative dia 13 (2026-08-10 → 2026-08-23) 37167 bytes
2026-08-10 09:34:53,616 [INFO] [OK] Argentina/GFS_ENSEMBLE_Corn_Winter_PRCP_DEP/daily dia 00 (2026-08-10 → 2026-08-10) 32905 bytes
2026-08-10 09:34:53,731 [INFO] [OK] Argentina/GFS_ENSEMBLE_Corn_Winter_PRCP_DEP/daily dia 01 (2026-08-11 → 2026-08-11) 33283 bytes
2026-08-10 09:34:53,861 [INFO] [OK] Argentina/GFS_ENSEMBLE_Corn_Winter_PRCP_DEP/daily dia 02 (2026-08-12 → 2026-08-12) 33877 bytes
2026-08-10 09:34:53,958 [INFO] [OK] Argentina/GFS_ENSEMBLE_Soy_PRCP/cumulative dia 14 (2026-08-10 → 2026-08-24) 37285 bytes
2026-08-10 09:34:54,408 [INFO] [OK] Argentina/GFS_ENSEMBLE_Corn_Winter_PRCP_DEP/daily dia 03 (2026-08-13 → 2026-08-13) 33705 bytes
2026-08-10 09:34:54,650 [INFO] [OK] Argentina/GFS_ENSEMBLE_Corn_Winter_PRCP_DEP/daily dia 05 (2026-08-15 → 2026-08-15) 36056 bytes
2026-08-10 09:34:54,660 [INFO] [OK] Argentina/GFS_ENSEMBLE_Corn_Winter_PRCP_DEP/daily dia 04 (2026-08-14 → 2026-08-14) 33921 bytes
2026-08-10 09:34:54,846 [INFO] [OK] Argentina/GFS_ENSEMBLE_Corn_Winter_PRCP_DEP/daily dia 06 (2026-08-16 → 2026-08-16) 36804 bytes
2026-08-10 09:34:54,937 [INFO] [OK] Argentina/GFS_ENSEMBLE_Corn_Winter_PRCP_DEP/daily dia 07 (2026-08-17 → 2026-08-17) 38526 bytes
2026-08-10 09:34:55,144 [INFO] [OK] Argentina/GFS_ENSEMBLE_Corn_Winter_PRCP_DEP/daily dia 08 (2026-08-18 → 2026-08-18) 39023 bytes
2026-08-10 09:34:55,484 [INFO] [OK] Argentina/GFS_ENSEMBLE_Corn_Winter_PRCP_DEP/daily dia 09 (2026-08-19 → 2026-08-19) 41674 bytes
2026-08-10 09:34:55,703 [INFO] [OK] Argentina/GFS_ENSEMBLE_Corn_Winter_PRCP_DEP/daily dia 10 (2026-08-20 → 2026-08-20) 40896 bytes
2026-08-10 09:34:55,763 [INFO] [OK] Argentina/GFS_ENSEMBLE_Corn_Winter_PRCP_DEP/daily dia 11 (2026-08-21 → 2026-08-21) 36226 bytes
2026-08-10 09:34:55,903 [INFO] [OK] Argentina/GFS_ENSEMBLE_Corn_Winter_PRCP_DEP/daily dia 12 (2026-08-22 → 2026-08-22) 38113 bytes
2026-08-10 09:34:56,241 [INFO] [OK] Argentina/GFS_ENSEMBLE_Corn_Winter_PRCP_DEP/daily dia 13 (2026-08-23 → 2026-08-23) 37669 bytes
2026-08-10 09:34:56,433 [INFO] [OK] Argentina/GFS_ENSEMBLE_Corn_Winter_PRCP_DEP/daily dia 14 (2026-08-24 → 2026-08-24) 38474 bytes
2026-08-10 09:34:57,842 [INFO] [OK] Argentina/GFS_ENSEMBLE_Corn_Winter_PRCP_DEP/cumulative dia 00 (2026-08-10 → 2026-08-10) 32905 bytes
2026-08-10 09:34:58,030 [INFO] [OK] Argentina/GFS_ENSEMBLE_Corn_Winter_PRCP_DEP/cumulative dia 04 (2026-08-10 → 2026-08-14) 37893 bytes
2026-08-10 09:34:58,233 [INFO] [OK] Argentina/GFS_ENSEMBLE_Corn_Winter_PRCP_DEP/cumulative dia 05 (2026-08-10 → 2026-08-15) 38024 bytes
2026-08-10 09:34:58,243 [INFO] [OK] Argentina/GFS_ENSEMBLE_Corn_Winter_PRCP_DEP/cumulative dia 02 (2026-08-10 → 2026-08-12) 37686 bytes
2026-08-10 09:34:58,277 [INFO] [OK] Argentina/GFS_ENSEMBLE_Corn_Winter_PRCP_DEP/cumulative dia 01 (2026-08-10 → 2026-08-11) 35388 bytes
2026-08-10 09:34:58,289 [INFO] [OK] Argentina/GFS_ENSEMBLE_Corn_Winter_PRCP_DEP/cumulative dia 03 (2026-08-10 → 2026-08-13) 37630 bytes
2026-08-10 09:34:59,476 [INFO] [OK] Argentina/GFS_ENSEMBLE_Corn_Winter_PRCP_DEP/cumulative dia 06 (2026-08-10 → 2026-08-16) 39379 bytes
2026-08-10 09:34:59,731 [INFO] [OK] Argentina/GFS_ENSEMBLE_Corn_Winter_PRCP_DEP/cumulative dia 08 (2026-08-10 → 2026-08-18) 40836 bytes
2026-08-10 09:34:59,881 [INFO] [OK] Argentina/GFS_ENSEMBLE_Corn_Winter_PRCP_DEP/cumulative dia 07 (2026-08-10 → 2026-08-17) 40098 bytes
2026-08-10 09:34:59,993 [INFO] [OK] Argentina/GFS_ENSEMBLE_Corn_Winter_PRCP_DEP/cumulative dia 11 (2026-08-10 → 2026-08-21) 43535 bytes
2026-08-10 09:34:59,994 [INFO] [OK] Argentina/GFS_ENSEMBLE_Corn_Winter_PRCP_DEP/cumulative dia 10 (2026-08-10 → 2026-08-20) 43013 bytes
2026-08-10 09:35:00,191 [INFO] [OK] Argentina/GFS_ENSEMBLE_Corn_Winter_PRCP_DEP/cumulative dia 09 (2026-08-10 → 2026-08-19) 41990 bytes
2026-08-10 09:35:01,233 [INFO] [OK] Argentina/GFS_ENSEMBLE_Corn_Winter_PRCP_DEP/cumulative dia 12 (2026-08-10 → 2026-08-22) 43563 bytes
2026-08-10 09:35:01,248 [INFO] [OK] Argentina/GFS_ENSEMBLE_Corn_Winter_PRCP/daily dia 01 (2026-08-11 → 2026-08-11) 26175 bytes
2026-08-10 09:35:01,251 [INFO] [OK] Argentina/GFS_ENSEMBLE_Corn_Winter_PRCP/daily dia 00 (2026-08-10 → 2026-08-10) 25657 bytes
2026-08-10 09:35:01,252 [INFO] [OK] Argentina/GFS_ENSEMBLE_Corn_Winter_PRCP/daily dia 02 (2026-08-12 → 2026-08-12) 25972 bytes
2026-08-10 09:35:01,472 [INFO] [OK] Argentina/GFS_ENSEMBLE_Corn_Winter_PRCP_DEP/cumulative dia 13 (2026-08-10 → 2026-08-23) 43254 bytes
2026-08-10 09:35:01,736 [INFO] [OK] Argentina/GFS_ENSEMBLE_Corn_Winter_PRCP_DEP/cumulative dia 14 (2026-08-10 → 2026-08-24) 42871 bytes
2026-08-10 09:35:02,293 [INFO] [OK] Argentina/GFS_ENSEMBLE_Corn_Winter_PRCP/daily dia 03 (2026-08-13 → 2026-08-13) 25361 bytes
2026-08-10 09:35:02,315 [INFO] [OK] Argentina/GFS_ENSEMBLE_Corn_Winter_PRCP/daily dia 05 (2026-08-15 → 2026-08-15) 25596 bytes
2026-08-10 09:35:02,362 [INFO] [OK] Argentina/GFS_ENSEMBLE_Corn_Winter_PRCP/daily dia 04 (2026-08-14 → 2026-08-14) 25482 bytes
2026-08-10 09:35:02,377 [INFO] [OK] Argentina/GFS_ENSEMBLE_Corn_Winter_PRCP/daily dia 06 (2026-08-16 → 2026-08-16) 27181 bytes
2026-08-10 09:35:02,529 [INFO] [OK] Argentina/GFS_ENSEMBLE_Corn_Winter_PRCP/daily dia 07 (2026-08-17 → 2026-08-17) 27628 bytes
2026-08-10 09:35:02,793 [INFO] [OK] Argentina/GFS_ENSEMBLE_Corn_Winter_PRCP/daily dia 08 (2026-08-18 → 2026-08-18) 27356 bytes
2026-08-10 09:35:03,365 [INFO] [OK] Argentina/GFS_ENSEMBLE_Corn_Winter_PRCP/daily dia 09 (2026-08-19 → 2026-08-19) 26969 bytes
2026-08-10 09:35:03,600 [INFO] [OK] Argentina/GFS_ENSEMBLE_Corn_Winter_PRCP/daily dia 12 (2026-08-22 → 2026-08-22) 23967 bytes
2026-08-10 09:35:03,601 [INFO] [OK] Argentina/GFS_ENSEMBLE_Corn_Winter_PRCP/daily dia 10 (2026-08-20 → 2026-08-20) 26052 bytes
2026-08-10 09:35:03,606 [INFO] [OK] Argentina/GFS_ENSEMBLE_Corn_Winter_PRCP/daily dia 13 (2026-08-23 → 2026-08-23) 24466 bytes
2026-08-10 09:35:03,607 [INFO] [OK] Argentina/GFS_ENSEMBLE_Corn_Winter_PRCP/daily dia 11 (2026-08-21 → 2026-08-21) 24905 bytes
2026-08-10 09:35:03,825 [INFO] [OK] Argentina/GFS_ENSEMBLE_Corn_Winter_PRCP/daily dia 14 (2026-08-24 → 2026-08-24) 25974 bytes
2026-08-10 09:35:04,414 [INFO] [OK] Argentina/GFS_ENSEMBLE_Corn_Winter_PRCP/cumulative dia 00 (2026-08-10 → 2026-08-10) 25657 bytes
2026-08-10 09:35:04,638 [INFO] [OK] Argentina/GFS_ENSEMBLE_Corn_Winter_PRCP/cumulative dia 01 (2026-08-10 → 2026-08-11) 27753 bytes
2026-08-10 09:35:04,796 [INFO] [OK] Argentina/GFS_ENSEMBLE_Corn_Winter_PRCP/cumulative dia 02 (2026-08-10 → 2026-08-12) 29211 bytes
2026-08-10 09:35:04,812 [INFO] [OK] Argentina/GFS_ENSEMBLE_Corn_Winter_PRCP/cumulative dia 03 (2026-08-10 → 2026-08-13) 30117 bytes
2026-08-10 09:35:04,850 [INFO] [OK] Argentina/GFS_ENSEMBLE_Corn_Winter_PRCP/cumulative dia 04 (2026-08-10 → 2026-08-14) 30435 bytes
2026-08-10 09:35:05,389 [INFO] [OK] Argentina/GFS_ENSEMBLE_Corn_Winter_PRCP/cumulative dia 05 (2026-08-10 → 2026-08-15) 31433 bytes
2026-08-10 09:35:05,847 [INFO] [OK] Argentina/GFS_ENSEMBLE_Corn_Winter_PRCP/cumulative dia 06 (2026-08-10 → 2026-08-16) 32567 bytes
2026-08-10 09:35:06,225 [INFO] [OK] Argentina/GFS_ENSEMBLE_Corn_Winter_PRCP/cumulative dia 07 (2026-08-10 → 2026-08-17) 33480 bytes
2026-08-10 09:35:06,594 [INFO] [OK] Argentina/GFS_ENSEMBLE_Corn_Winter_PRCP/cumulative dia 08 (2026-08-10 → 2026-08-18) 34244 bytes
2026-08-10 09:35:06,631 [INFO] [OK] Argentina/GFS_ENSEMBLE_Corn_Winter_PRCP/cumulative dia 09 (2026-08-10 → 2026-08-19) 34775 bytes
2026-08-10 09:35:06,785 [INFO] [OK] Argentina/GFS_ENSEMBLE_Corn_Winter_PRCP/cumulative dia 10 (2026-08-10 → 2026-08-20) 35120 bytes
2026-08-10 09:35:07,018 [INFO] [OK] Argentina/GFS_ENSEMBLE_Corn_Winter_PRCP/cumulative dia 11 (2026-08-10 → 2026-08-21) 35350 bytes
2026-08-10 09:35:07,819 [INFO] [OK] Argentina/GFS_ENSEMBLE_Corn_Winter_PRCP/cumulative dia 12 (2026-08-10 → 2026-08-22) 35422 bytes
2026-08-10 09:35:07,941 [INFO] [OK] Argentina/ECM_ENSEMBLE_Soy_PRCP_DEP/daily dia 01 (2026-08-11 → 2026-08-11) 40467 bytes
2026-08-10 09:35:07,952 [INFO] [OK] Argentina/ECM_ENSEMBLE_Soy_PRCP_DEP/daily dia 00 (2026-08-10 → 2026-08-10) 38195 bytes
2026-08-10 09:35:08,060 [INFO] [OK] Argentina/GFS_ENSEMBLE_Corn_Winter_PRCP/cumulative dia 13 (2026-08-10 → 2026-08-23) 35556 bytes
2026-08-10 09:35:08,161 [INFO] [OK] Argentina/ECM_ENSEMBLE_Soy_PRCP_DEP/daily dia 02 (2026-08-12 → 2026-08-12) 40588 bytes
2026-08-10 09:35:08,289 [INFO] [OK] Argentina/GFS_ENSEMBLE_Corn_Winter_PRCP/cumulative dia 14 (2026-08-10 → 2026-08-24) 35673 bytes
2026-08-10 09:35:08,846 [INFO] [OK] Argentina/ECM_ENSEMBLE_Soy_PRCP_DEP/daily dia 03 (2026-08-13 → 2026-08-13) 41785 bytes
2026-08-10 09:35:09,114 [INFO] [OK] Argentina/ECM_ENSEMBLE_Soy_PRCP_DEP/daily dia 05 (2026-08-15 → 2026-08-15) 40032 bytes
2026-08-10 09:35:09,120 [INFO] [OK] Argentina/ECM_ENSEMBLE_Soy_PRCP_DEP/daily dia 04 (2026-08-14 → 2026-08-14) 41445 bytes
2026-08-10 09:35:09,151 [INFO] [OK] Argentina/ECM_ENSEMBLE_Soy_PRCP_DEP/daily dia 06 (2026-08-16 → 2026-08-16) 38172 bytes
2026-08-10 09:35:09,294 [INFO] [OK] Argentina/ECM_ENSEMBLE_Soy_PRCP_DEP/daily dia 07 (2026-08-17 → 2026-08-17) 38579 bytes
2026-08-10 09:35:09,390 [INFO] [OK] Argentina/ECM_ENSEMBLE_Soy_PRCP_DEP/daily dia 08 (2026-08-18 → 2026-08-18) 39199 bytes
2026-08-10 09:35:10,132 [INFO] [OK] Argentina/ECM_ENSEMBLE_Soy_PRCP_DEP/daily dia 09 (2026-08-19 → 2026-08-19) 40606 bytes
2026-08-10 09:35:10,194 [INFO] [OK] Argentina/ECM_ENSEMBLE_Soy_PRCP_DEP/daily dia 12 (2026-08-22 → 2026-08-22) 40434 bytes
2026-08-10 09:35:10,421 [INFO] [OK] Argentina/ECM_ENSEMBLE_Soy_PRCP_DEP/daily dia 11 (2026-08-21 → 2026-08-21) 39987 bytes
2026-08-10 09:35:10,423 [INFO] [OK] Argentina/ECM_ENSEMBLE_Soy_PRCP_DEP/daily dia 10 (2026-08-20 → 2026-08-20) 43289 bytes
2026-08-10 09:35:10,437 [INFO] [OK] Argentina/ECM_ENSEMBLE_Soy_PRCP_DEP/daily dia 13 (2026-08-23 → 2026-08-23) 40531 bytes
2026-08-10 09:35:10,448 [INFO] [OK] Argentina/ECM_ENSEMBLE_Soy_PRCP_DEP/daily dia 14 (2026-08-24 → 2026-08-24) 43949 bytes
2026-08-10 09:35:11,357 [INFO] [OK] Argentina/ECM_ENSEMBLE_Soy_PRCP_DEP/cumulative dia 01 (2026-08-10 → 2026-08-11) 42703 bytes
2026-08-10 09:35:11,364 [INFO] [OK] Argentina/ECM_ENSEMBLE_Soy_PRCP_DEP/cumulative dia 00 (2026-08-10 → 2026-08-10) 38195 bytes
2026-08-10 09:35:11,828 [INFO] [OK] Argentina/ECM_ENSEMBLE_Soy_PRCP_DEP/cumulative dia 04 (2026-08-10 → 2026-08-14) 43797 bytes
2026-08-10 09:35:11,933 [INFO] [OK] Argentina/ECM_ENSEMBLE_Soy_PRCP_DEP/cumulative dia 02 (2026-08-10 → 2026-08-12) 43760 bytes
2026-08-10 09:35:11,977 [INFO] [OK] Argentina/ECM_ENSEMBLE_Soy_PRCP_DEP/cumulative dia 03 (2026-08-10 → 2026-08-13) 43740 bytes
2026-08-10 09:35:12,262 [INFO] [OK] Argentina/ECM_ENSEMBLE_Soy_PRCP_DEP/cumulative dia 05 (2026-08-10 → 2026-08-15) 43254 bytes
2026-08-10 09:35:12,639 [INFO] [OK] Argentina/ECM_ENSEMBLE_Soy_PRCP_DEP/cumulative dia 06 (2026-08-10 → 2026-08-16) 41733 bytes
2026-08-10 09:35:12,785 [INFO] [OK] Argentina/ECM_ENSEMBLE_Soy_PRCP_DEP/cumulative dia 07 (2026-08-10 → 2026-08-17) 40844 bytes
2026-08-10 09:35:13,206 [INFO] [OK] Argentina/ECM_ENSEMBLE_Soy_PRCP_DEP/cumulative dia 08 (2026-08-10 → 2026-08-18) 40404 bytes
2026-08-10 09:35:13,379 [INFO] [OK] Argentina/ECM_ENSEMBLE_Soy_PRCP_DEP/cumulative dia 09 (2026-08-10 → 2026-08-19) 40182 bytes
2026-08-10 09:35:13,442 [INFO] [OK] Argentina/ECM_ENSEMBLE_Soy_PRCP_DEP/cumulative dia 10 (2026-08-10 → 2026-08-20) 40458 bytes
2026-08-10 09:35:13,817 [INFO] [OK] Argentina/ECM_ENSEMBLE_Soy_PRCP_DEP/cumulative dia 11 (2026-08-10 → 2026-08-21) 40922 bytes
2026-08-10 09:35:14,365 [INFO] [OK] Argentina/ECM_ENSEMBLE_Soy_PRCP_DEP/cumulative dia 12 (2026-08-10 → 2026-08-22) 40478 bytes
2026-08-10 09:35:14,431 [INFO] [OK] Argentina/ECM_ENSEMBLE_Soy_PRCP/daily dia 00 (2026-08-10 → 2026-08-10) 28289 bytes
2026-08-10 09:35:14,440 [INFO] [OK] Argentina/ECM_ENSEMBLE_Soy_PRCP_DEP/cumulative dia 13 (2026-08-10 → 2026-08-23) 40717 bytes
2026-08-10 09:35:14,453 [INFO] [OK] Argentina/ECM_ENSEMBLE_Soy_PRCP/daily dia 01 (2026-08-11 → 2026-08-11) 29155 bytes
2026-08-10 09:35:14,835 [INFO] [OK] Argentina/ECM_ENSEMBLE_Soy_PRCP/daily dia 02 (2026-08-12 → 2026-08-12) 29020 bytes
2026-08-10 09:35:14,878 [INFO] [OK] Argentina/ECM_ENSEMBLE_Soy_PRCP_DEP/cumulative dia 14 (2026-08-10 → 2026-08-24) 40446 bytes
2026-08-10 09:35:15,524 [INFO] [OK] Argentina/ECM_ENSEMBLE_Soy_PRCP/daily dia 04 (2026-08-14 → 2026-08-14) 28565 bytes
2026-08-10 09:35:15,583 [INFO] [OK] Argentina/ECM_ENSEMBLE_Soy_PRCP/daily dia 03 (2026-08-13 → 2026-08-13) 29073 bytes
2026-08-10 09:35:15,592 [INFO] [OK] Argentina/ECM_ENSEMBLE_Soy_PRCP/daily dia 05 (2026-08-15 → 2026-08-15) 28798 bytes
2026-08-10 09:35:15,662 [INFO] [OK] Argentina/ECM_ENSEMBLE_Soy_PRCP/daily dia 06 (2026-08-16 → 2026-08-16) 30925 bytes
2026-08-10 09:35:15,835 [INFO] [OK] Argentina/ECM_ENSEMBLE_Soy_PRCP/daily dia 07 (2026-08-17 → 2026-08-17) 31067 bytes
2026-08-10 09:35:15,883 [INFO] [OK] Argentina/ECM_ENSEMBLE_Soy_PRCP/daily dia 08 (2026-08-18 → 2026-08-18) 29537 bytes
2026-08-10 09:35:16,504 [INFO] [OK] Argentina/ECM_ENSEMBLE_Soy_PRCP/daily dia 09 (2026-08-19 → 2026-08-19) 28913 bytes
2026-08-10 09:35:16,641 [INFO] [OK] Argentina/ECM_ENSEMBLE_Soy_PRCP/daily dia 10 (2026-08-20 → 2026-08-20) 27423 bytes
2026-08-10 09:35:16,647 [INFO] [OK] Argentina/ECM_ENSEMBLE_Soy_PRCP/daily dia 11 (2026-08-21 → 2026-08-21) 26285 bytes
2026-08-10 09:35:16,671 [INFO] [OK] Argentina/ECM_ENSEMBLE_Soy_PRCP/daily dia 12 (2026-08-22 → 2026-08-22) 26669 bytes
2026-08-10 09:35:16,860 [INFO] [OK] Argentina/ECM_ENSEMBLE_Soy_PRCP/daily dia 13 (2026-08-23 → 2026-08-23) 27496 bytes
2026-08-10 09:35:16,875 [INFO] [OK] Argentina/ECM_ENSEMBLE_Soy_PRCP/daily dia 14 (2026-08-24 → 2026-08-24) 27585 bytes
2026-08-10 09:35:17,548 [INFO] [OK] Argentina/ECM_ENSEMBLE_Soy_PRCP/cumulative dia 00 (2026-08-10 → 2026-08-10) 28289 bytes
2026-08-10 09:35:18,111 [INFO] [OK] Argentina/ECM_ENSEMBLE_Soy_PRCP/cumulative dia 03 (2026-08-10 → 2026-08-13) 34216 bytes
2026-08-10 09:35:18,114 [INFO] [OK] Argentina/ECM_ENSEMBLE_Soy_PRCP/cumulative dia 01 (2026-08-10 → 2026-08-11) 31223 bytes
2026-08-10 09:35:18,160 [INFO] [OK] Argentina/ECM_ENSEMBLE_Soy_PRCP/cumulative dia 04 (2026-08-10 → 2026-08-14) 35012 bytes
2026-08-10 09:35:18,232 [INFO] [OK] Argentina/ECM_ENSEMBLE_Soy_PRCP/cumulative dia 02 (2026-08-10 → 2026-08-12) 33201 bytes
2026-08-10 09:35:18,530 [INFO] [OK] Argentina/ECM_ENSEMBLE_Soy_PRCP/cumulative dia 05 (2026-08-10 → 2026-08-15) 34987 bytes
2026-08-10 09:35:18,819 [INFO] [OK] Argentina/ECM_ENSEMBLE_Soy_PRCP/cumulative dia 06 (2026-08-10 → 2026-08-16) 35641 bytes
2026-08-10 09:35:20,145 [INFO] [OK] Argentina/ECM_ENSEMBLE_Soy_PRCP/cumulative dia 08 (2026-08-10 → 2026-08-18) 36917 bytes
2026-08-10 09:35:20,184 [INFO] [OK] Argentina/ECM_ENSEMBLE_Soy_PRCP/cumulative dia 11 (2026-08-10 → 2026-08-21) 37960 bytes
2026-08-10 09:35:20,186 [INFO] [OK] Argentina/ECM_ENSEMBLE_Soy_PRCP/cumulative dia 07 (2026-08-10 → 2026-08-17) 36105 bytes
2026-08-10 09:35:20,192 [INFO] [OK] Argentina/ECM_ENSEMBLE_Soy_PRCP/cumulative dia 09 (2026-08-10 → 2026-08-19) 37303 bytes
2026-08-10 09:35:20,201 [INFO] [OK] Argentina/ECM_ENSEMBLE_Soy_PRCP/cumulative dia 10 (2026-08-10 → 2026-08-20) 37735 bytes
2026-08-10 09:35:20,699 [INFO] [OK] Argentina/ECM_ENSEMBLE_Soy_PRCP/cumulative dia 12 (2026-08-10 → 2026-08-22) 37774 bytes
2026-08-10 09:35:21,213 [INFO] [OK] Argentina/ECM_ENSEMBLE_Corn_Winter_PRCP_DEP/daily dia 02 (2026-08-12 → 2026-08-12) 38768 bytes
2026-08-10 09:35:21,247 [INFO] [OK] Argentina/ECM_ENSEMBLE_Corn_Winter_PRCP_DEP/daily dia 00 (2026-08-10 → 2026-08-10) 36428 bytes
2026-08-10 09:35:21,268 [INFO] [OK] Argentina/ECM_ENSEMBLE_Corn_Winter_PRCP_DEP/daily dia 01 (2026-08-11 → 2026-08-11) 38674 bytes
2026-08-10 09:35:21,766 [INFO] [OK] Argentina/ECM_ENSEMBLE_Soy_PRCP/cumulative dia 13 (2026-08-10 → 2026-08-23) 37814 bytes
2026-08-10 09:35:21,830 [INFO] [OK] Argentina/ECM_ENSEMBLE_Corn_Winter_PRCP_DEP/daily dia 03 (2026-08-13 → 2026-08-13) 40108 bytes
2026-08-10 09:35:21,922 [INFO] [OK] Argentina/ECM_ENSEMBLE_Soy_PRCP/cumulative dia 14 (2026-08-10 → 2026-08-24) 38406 bytes
2026-08-10 09:35:22,241 [INFO] [OK] Argentina/ECM_ENSEMBLE_Corn_Winter_PRCP_DEP/daily dia 04 (2026-08-14 → 2026-08-14) 39737 bytes
2026-08-10 09:35:22,592 [INFO] [OK] Argentina/ECM_ENSEMBLE_Corn_Winter_PRCP_DEP/daily dia 06 (2026-08-16 → 2026-08-16) 36436 bytes
2026-08-10 09:35:22,593 [INFO] [OK] Argentina/ECM_ENSEMBLE_Corn_Winter_PRCP_DEP/daily dia 05 (2026-08-15 → 2026-08-15) 38100 bytes
2026-08-10 09:35:22,805 [INFO] [OK] Argentina/ECM_ENSEMBLE_Corn_Winter_PRCP_DEP/daily dia 07 (2026-08-17 → 2026-08-17) 36695 bytes
2026-08-10 09:35:22,939 [INFO] [OK] Argentina/ECM_ENSEMBLE_Corn_Winter_PRCP_DEP/daily dia 08 (2026-08-18 → 2026-08-18) 37417 bytes
2026-08-10 09:35:22,976 [INFO] [OK] Argentina/ECM_ENSEMBLE_Corn_Winter_PRCP_DEP/daily dia 09 (2026-08-19 → 2026-08-19) 38934 bytes
2026-08-10 09:35:23,314 [INFO] [OK] Argentina/ECM_ENSEMBLE_Corn_Winter_PRCP_DEP/daily dia 10 (2026-08-20 → 2026-08-20) 41882 bytes
2026-08-10 09:35:23,594 [INFO] [OK] Argentina/ECM_ENSEMBLE_Corn_Winter_PRCP_DEP/daily dia 11 (2026-08-21 → 2026-08-21) 38461 bytes
2026-08-10 09:35:23,634 [INFO] [OK] Argentina/ECM_ENSEMBLE_Corn_Winter_PRCP_DEP/daily dia 12 (2026-08-22 → 2026-08-22) 38637 bytes
2026-08-10 09:35:23,828 [INFO] [OK] Argentina/ECM_ENSEMBLE_Corn_Winter_PRCP_DEP/daily dia 13 (2026-08-23 → 2026-08-23) 38923 bytes
2026-08-10 09:35:24,091 [INFO] [OK] Argentina/ECM_ENSEMBLE_Corn_Winter_PRCP_DEP/cumulative dia 00 (2026-08-10 → 2026-08-10) 36428 bytes
2026-08-10 09:35:24,291 [INFO] [OK] Argentina/ECM_ENSEMBLE_Corn_Winter_PRCP_DEP/daily dia 14 (2026-08-24 → 2026-08-24) 42448 bytes
2026-08-10 09:35:24,378 [INFO] [OK] Argentina/ECM_ENSEMBLE_Corn_Winter_PRCP_DEP/cumulative dia 01 (2026-08-10 → 2026-08-11) 41134 bytes
2026-08-10 09:35:24,719 [INFO] [OK] Argentina/ECM_ENSEMBLE_Corn_Winter_PRCP_DEP/cumulative dia 02 (2026-08-10 → 2026-08-12) 41977 bytes
2026-08-10 09:35:24,821 [INFO] [OK] Argentina/ECM_ENSEMBLE_Corn_Winter_PRCP_DEP/cumulative dia 03 (2026-08-10 → 2026-08-13) 41954 bytes
2026-08-10 09:35:25,068 [INFO] [OK] Argentina/ECM_ENSEMBLE_Corn_Winter_PRCP_DEP/cumulative dia 04 (2026-08-10 → 2026-08-14) 42132 bytes
2026-08-10 09:35:25,809 [INFO] [OK] Argentina/ECM_ENSEMBLE_Corn_Winter_PRCP_DEP/cumulative dia 06 (2026-08-10 → 2026-08-16) 40199 bytes
2026-08-10 09:35:25,820 [INFO] [OK] Argentina/ECM_ENSEMBLE_Corn_Winter_PRCP_DEP/cumulative dia 07 (2026-08-10 → 2026-08-17) 39339 bytes
2026-08-10 09:35:25,821 [INFO] [OK] Argentina/ECM_ENSEMBLE_Corn_Winter_PRCP_DEP/cumulative dia 05 (2026-08-10 → 2026-08-15) 41405 bytes
2026-08-10 09:35:26,216 [INFO] [OK] Argentina/ECM_ENSEMBLE_Corn_Winter_PRCP_DEP/cumulative dia 08 (2026-08-10 → 2026-08-18) 38632 bytes
2026-08-10 09:35:26,378 [INFO] [OK] Argentina/ECM_ENSEMBLE_Corn_Winter_PRCP_DEP/cumulative dia 09 (2026-08-10 → 2026-08-19) 38684 bytes
2026-08-10 09:35:26,510 [INFO] [OK] Argentina/ECM_ENSEMBLE_Corn_Winter_PRCP_DEP/cumulative dia 10 (2026-08-10 → 2026-08-20) 38815 bytes
2026-08-10 09:35:27,368 [INFO] [OK] Argentina/ECM_ENSEMBLE_Corn_Winter_PRCP_DEP/cumulative dia 11 (2026-08-10 → 2026-08-21) 39216 bytes
2026-08-10 09:35:27,434 [INFO] [OK] Argentina/ECM_ENSEMBLE_Corn_Winter_PRCP_DEP/cumulative dia 12 (2026-08-10 → 2026-08-22) 38920 bytes
2026-08-10 09:35:27,456 [INFO] [OK] Argentina/ECM_ENSEMBLE_Corn_Winter_PRCP/daily dia 00 (2026-08-10 → 2026-08-10) 26442 bytes
2026-08-10 09:35:27,458 [INFO] [OK] Argentina/ECM_ENSEMBLE_Corn_Winter_PRCP_DEP/cumulative dia 13 (2026-08-10 → 2026-08-23) 39100 bytes
2026-08-10 09:35:27,515 [INFO] [OK] Argentina/ECM_ENSEMBLE_Corn_Winter_PRCP/daily dia 01 (2026-08-11 → 2026-08-11) 27439 bytes
2026-08-10 09:35:27,889 [INFO] [OK] Argentina/ECM_ENSEMBLE_Corn_Winter_PRCP_DEP/cumulative dia 14 (2026-08-10 → 2026-08-24) 38980 bytes
2026-08-10 09:35:28,347 [INFO] [OK] Argentina/ECM_ENSEMBLE_Corn_Winter_PRCP/daily dia 02 (2026-08-12 → 2026-08-12) 27057 bytes
2026-08-10 09:35:28,488 [INFO] [OK] Argentina/ECM_ENSEMBLE_Corn_Winter_PRCP/daily dia 03 (2026-08-13 → 2026-08-13) 27142 bytes
2026-08-10 09:35:28,592 [INFO] [OK] Argentina/ECM_ENSEMBLE_Corn_Winter_PRCP/daily dia 06 (2026-08-16 → 2026-08-16) 28856 bytes
2026-08-10 09:35:28,601 [INFO] [OK] Argentina/ECM_ENSEMBLE_Corn_Winter_PRCP/daily dia 04 (2026-08-14 → 2026-08-14) 26736 bytes
2026-08-10 09:35:28,607 [INFO] [OK] Argentina/ECM_ENSEMBLE_Corn_Winter_PRCP/daily dia 05 (2026-08-15 → 2026-08-15) 27035 bytes
2026-08-10 09:35:28,910 [INFO] [OK] Argentina/ECM_ENSEMBLE_Corn_Winter_PRCP/daily dia 07 (2026-08-17 → 2026-08-17) 29116 bytes
2026-08-10 09:35:29,348 [INFO] [OK] Argentina/ECM_ENSEMBLE_Corn_Winter_PRCP/daily dia 08 (2026-08-18 → 2026-08-18) 27535 bytes
2026-08-10 09:35:29,573 [INFO] [OK] Argentina/ECM_ENSEMBLE_Corn_Winter_PRCP/daily dia 11 (2026-08-21 → 2026-08-21) 24500 bytes
2026-08-10 09:35:29,650 [INFO] [OK] Argentina/ECM_ENSEMBLE_Corn_Winter_PRCP/daily dia 10 (2026-08-20 → 2026-08-20) 25589 bytes
2026-08-10 09:35:29,796 [INFO] [OK] Argentina/ECM_ENSEMBLE_Corn_Winter_PRCP/daily dia 09 (2026-08-19 → 2026-08-19) 27025 bytes
2026-08-10 09:35:29,887 [INFO] [OK] Argentina/ECM_ENSEMBLE_Corn_Winter_PRCP/daily dia 12 (2026-08-22 → 2026-08-22) 24732 bytes
2026-08-10 09:35:29,977 [INFO] [OK] Argentina/ECM_ENSEMBLE_Corn_Winter_PRCP/daily dia 13 (2026-08-23 → 2026-08-23) 25703 bytes
2026-08-10 09:35:30,368 [INFO] [OK] Argentina/ECM_ENSEMBLE_Corn_Winter_PRCP/daily dia 14 (2026-08-24 → 2026-08-24) 25753 bytes
2026-08-10 09:35:30,540 [INFO] [OK] Argentina/ECM_ENSEMBLE_Corn_Winter_PRCP/cumulative dia 00 (2026-08-10 → 2026-08-10) 26442 bytes
2026-08-10 09:35:30,690 [INFO] [OK] Argentina/ECM_ENSEMBLE_Corn_Winter_PRCP/cumulative dia 01 (2026-08-10 → 2026-08-11) 29696 bytes
2026-08-10 09:35:30,877 [INFO] [OK] Argentina/ECM_ENSEMBLE_Corn_Winter_PRCP/cumulative dia 02 (2026-08-10 → 2026-08-12) 31443 bytes
2026-08-10 09:35:31,007 [INFO] [OK] Argentina/ECM_ENSEMBLE_Corn_Winter_PRCP/cumulative dia 03 (2026-08-10 → 2026-08-13) 32418 bytes
2026-08-10 09:35:31,231 [INFO] [OK] Argentina/ECM_ENSEMBLE_Corn_Winter_PRCP/cumulative dia 04 (2026-08-10 → 2026-08-14) 33224 bytes
2026-08-10 09:35:31,597 [INFO] [OK] Argentina/ECM_ENSEMBLE_Corn_Winter_PRCP/cumulative dia 05 (2026-08-10 → 2026-08-15) 33375 bytes
2026-08-10 09:35:31,926 [INFO] [OK] Argentina/ECM_ENSEMBLE_Corn_Winter_PRCP/cumulative dia 06 (2026-08-10 → 2026-08-16) 33863 bytes
2026-08-10 09:35:32,083 [INFO] [OK] Argentina/ECM_ENSEMBLE_Corn_Winter_PRCP/cumulative dia 07 (2026-08-10 → 2026-08-17) 34402 bytes
2026-08-10 09:35:32,263 [INFO] [OK] Argentina/ECM_ENSEMBLE_Corn_Winter_PRCP/cumulative dia 08 (2026-08-10 → 2026-08-18) 35233 bytes
2026-08-10 09:35:32,393 [INFO] [OK] Argentina/ECM_ENSEMBLE_Corn_Winter_PRCP/cumulative dia 09 (2026-08-10 → 2026-08-19) 35574 bytes
2026-08-10 09:35:32,691 [INFO] [OK] Argentina/ECM_ENSEMBLE_Corn_Winter_PRCP/cumulative dia 10 (2026-08-10 → 2026-08-20) 36055 bytes
2026-08-10 09:35:33,108 [INFO] [OK] Argentina/ECM_ENSEMBLE_Corn_Winter_PRCP/cumulative dia 11 (2026-08-10 → 2026-08-21) 36267 bytes
2026-08-10 09:35:33,502 [INFO] [OK] Argentina/ECM_ENSEMBLE_Corn_Winter_PRCP/cumulative dia 12 (2026-08-10 → 2026-08-22) 36134 bytes
2026-08-10 09:35:33,737 [INFO] [OK] Argentina/ECM_ENSEMBLE_Corn_Winter_PRCP/cumulative dia 13 (2026-08-10 → 2026-08-23) 36156 bytes
2026-08-10 09:35:34,076 [INFO] [OK] Argentina/ECM_ENSEMBLE_Corn_Winter_PRCP/cumulative dia 14 (2026-08-10 → 2026-08-24) 36674 bytes
2026-08-10 09:35:34,120 [INFO] [OK] USA/GFS_ENSEMBLE_Corn_PRCP_DEP/daily dia 00 (2026-08-10 → 2026-08-10) 52005 bytes
2026-08-10 09:35:34,354 [INFO] [OK] USA/GFS_ENSEMBLE_Corn_PRCP_DEP/daily dia 01 (2026-08-11 → 2026-08-11) 52621 bytes
2026-08-10 09:35:34,851 [INFO] [OK] USA/GFS_ENSEMBLE_Corn_PRCP_DEP/daily dia 02 (2026-08-12 → 2026-08-12) 59052 bytes
2026-08-10 09:35:35,259 [INFO] [OK] USA/GFS_ENSEMBLE_Corn_PRCP_DEP/daily dia 03 (2026-08-13 → 2026-08-13) 55232 bytes
2026-08-10 09:35:35,337 [INFO] [OK] USA/GFS_ENSEMBLE_Corn_PRCP_DEP/daily dia 04 (2026-08-14 → 2026-08-14) 57534 bytes
2026-08-10 09:35:36,132 [INFO] [OK] USA/GFS_ENSEMBLE_Corn_PRCP_DEP/daily dia 05 (2026-08-15 → 2026-08-15) 57460 bytes
2026-08-10 09:35:36,201 [INFO] [OK] USA/GFS_ENSEMBLE_Corn_PRCP_DEP/daily dia 07 (2026-08-17 → 2026-08-17) 59704 bytes
2026-08-10 09:35:36,210 [INFO] [OK] USA/GFS_ENSEMBLE_Corn_PRCP_DEP/daily dia 06 (2026-08-16 → 2026-08-16) 60202 bytes
2026-08-10 09:35:36,488 [INFO] [OK] USA/GFS_ENSEMBLE_Corn_PRCP_DEP/daily dia 08 (2026-08-18 → 2026-08-18) 59877 bytes
2026-08-10 09:35:36,893 [INFO] [OK] USA/GFS_ENSEMBLE_Corn_PRCP_DEP/daily dia 09 (2026-08-19 → 2026-08-19) 60763 bytes
2026-08-10 09:35:37,241 [INFO] [OK] USA/GFS_ENSEMBLE_Corn_PRCP_DEP/daily dia 10 (2026-08-20 → 2026-08-20) 60029 bytes
2026-08-10 09:35:38,534 [INFO] [OK] USA/GFS_ENSEMBLE_Corn_PRCP_DEP/daily dia 12 (2026-08-22 → 2026-08-22) 60678 bytes
2026-08-10 09:35:38,542 [INFO] [OK] USA/GFS_ENSEMBLE_Corn_PRCP_DEP/daily dia 14 (2026-08-24 → 2026-08-24) 59668 bytes
2026-08-10 09:35:38,544 [INFO] [OK] USA/GFS_ENSEMBLE_Corn_PRCP_DEP/daily dia 13 (2026-08-23 → 2026-08-23) 61540 bytes
2026-08-10 09:35:38,547 [INFO] [OK] USA/GFS_ENSEMBLE_Corn_PRCP_DEP/daily dia 11 (2026-08-21 → 2026-08-21) 61086 bytes
2026-08-10 09:35:38,583 [INFO] [OK] USA/GFS_ENSEMBLE_Corn_PRCP_DEP/cumulative dia 00 (2026-08-10 → 2026-08-10) 52005 bytes
2026-08-10 09:35:38,909 [INFO] [OK] USA/GFS_ENSEMBLE_Corn_PRCP_DEP/cumulative dia 01 (2026-08-10 → 2026-08-11) 54241 bytes
2026-08-10 09:35:40,355 [INFO] [OK] USA/GFS_ENSEMBLE_Corn_PRCP_DEP/cumulative dia 02 (2026-08-10 → 2026-08-12) 58951 bytes
2026-08-10 09:35:40,517 [INFO] [OK] USA/GFS_ENSEMBLE_Corn_PRCP_DEP/cumulative dia 03 (2026-08-10 → 2026-08-13) 59982 bytes
2026-08-10 09:35:40,936 [INFO] [OK] USA/GFS_ENSEMBLE_Corn_PRCP_DEP/cumulative dia 04 (2026-08-10 → 2026-08-14) 59198 bytes
2026-08-10 09:35:40,948 [INFO] [OK] USA/GFS_ENSEMBLE_Corn_PRCP_DEP/cumulative dia 05 (2026-08-10 → 2026-08-15) 59584 bytes
2026-08-10 09:35:40,966 [INFO] [OK] USA/GFS_ENSEMBLE_Corn_PRCP_DEP/cumulative dia 06 (2026-08-10 → 2026-08-16) 59998 bytes
2026-08-10 09:35:41,222 [INFO] [OK] USA/GFS_ENSEMBLE_Corn_PRCP_DEP/cumulative dia 07 (2026-08-10 → 2026-08-17) 60466 bytes
2026-08-10 09:35:42,750 [INFO] [OK] USA/GFS_ENSEMBLE_Corn_PRCP_DEP/cumulative dia 08 (2026-08-10 → 2026-08-18) 60475 bytes
2026-08-10 09:35:43,063 [INFO] [OK] USA/GFS_ENSEMBLE_Corn_PRCP_DEP/cumulative dia 09 (2026-08-10 → 2026-08-19) 60166 bytes
2026-08-10 09:35:43,549 [INFO] [OK] USA/GFS_ENSEMBLE_Corn_PRCP_DEP/cumulative dia 10 (2026-08-10 → 2026-08-20) 60041 bytes
2026-08-10 09:35:43,767 [INFO] [OK] USA/GFS_ENSEMBLE_Corn_PRCP_DEP/cumulative dia 11 (2026-08-10 → 2026-08-21) 60399 bytes
2026-08-10 09:35:43,974 [INFO] [OK] USA/GFS_ENSEMBLE_Corn_PRCP_DEP/cumulative dia 12 (2026-08-10 → 2026-08-22) 60349 bytes
2026-08-10 09:35:44,126 [INFO] [OK] USA/GFS_ENSEMBLE_Corn_PRCP_DEP/cumulative dia 13 (2026-08-10 → 2026-08-23) 60467 bytes
2026-08-10 09:35:44,804 [INFO] [OK] USA/GFS_ENSEMBLE_Corn_PRCP/daily dia 00 (2026-08-10 → 2026-08-10) 36937 bytes
2026-08-10 09:35:45,190 [INFO] [OK] USA/GFS_ENSEMBLE_Corn_PRCP/daily dia 01 (2026-08-11 → 2026-08-11) 38162 bytes
2026-08-10 09:35:45,296 [INFO] [OK] USA/GFS_ENSEMBLE_Corn_PRCP/daily dia 02 (2026-08-12 → 2026-08-12) 38530 bytes
2026-08-10 09:35:45,602 [INFO] [OK] USA/GFS_ENSEMBLE_Corn_PRCP/daily dia 03 (2026-08-13 → 2026-08-13) 38684 bytes
2026-08-10 09:35:45,714 [INFO] [OK] USA/GFS_ENSEMBLE_Corn_PRCP/daily dia 04 (2026-08-14 → 2026-08-14) 38154 bytes
2026-08-10 09:35:45,777 [INFO] [OK] USA/GFS_ENSEMBLE_Corn_PRCP_DEP/cumulative dia 14 (2026-08-10 → 2026-08-24) 60464 bytes
2026-08-10 09:35:46,349 [INFO] [OK] USA/GFS_ENSEMBLE_Corn_PRCP/daily dia 05 (2026-08-15 → 2026-08-15) 36342 bytes
2026-08-10 09:35:46,790 [INFO] [OK] USA/GFS_ENSEMBLE_Corn_PRCP/daily dia 06 (2026-08-16 → 2026-08-16) 36100 bytes
2026-08-10 09:35:46,966 [INFO] [OK] USA/GFS_ENSEMBLE_Corn_PRCP/daily dia 07 (2026-08-17 → 2026-08-17) 36268 bytes
2026-08-10 09:35:47,201 [INFO] [OK] USA/GFS_ENSEMBLE_Corn_PRCP/daily dia 08 (2026-08-18 → 2026-08-18) 36915 bytes
2026-08-10 09:35:47,320 [INFO] [OK] USA/GFS_ENSEMBLE_Corn_PRCP/daily dia 09 (2026-08-19 → 2026-08-19) 36485 bytes
2026-08-10 09:35:47,378 [INFO] [OK] USA/GFS_ENSEMBLE_Corn_PRCP/daily dia 10 (2026-08-20 → 2026-08-20) 36495 bytes
2026-08-10 09:35:47,908 [INFO] [OK] USA/GFS_ENSEMBLE_Corn_PRCP/daily dia 11 (2026-08-21 → 2026-08-21) 36865 bytes
2026-08-10 09:35:48,402 [INFO] [OK] USA/GFS_ENSEMBLE_Corn_PRCP/daily dia 12 (2026-08-22 → 2026-08-22) 36871 bytes
2026-08-10 09:35:48,478 [INFO] [OK] USA/GFS_ENSEMBLE_Corn_PRCP/daily dia 13 (2026-08-23 → 2026-08-23) 36239 bytes
2026-08-10 09:35:48,900 [INFO] [OK] USA/GFS_ENSEMBLE_Corn_PRCP/daily dia 14 (2026-08-24 → 2026-08-24) 36504 bytes
2026-08-10 09:35:48,931 [INFO] [OK] USA/GFS_ENSEMBLE_Corn_PRCP/cumulative dia 00 (2026-08-10 → 2026-08-10) 36937 bytes
2026-08-10 09:35:49,054 [INFO] [OK] USA/GFS_ENSEMBLE_Corn_PRCP/cumulative dia 01 (2026-08-10 → 2026-08-11) 41175 bytes
2026-08-10 09:35:49,629 [INFO] [OK] USA/GFS_ENSEMBLE_Corn_PRCP/cumulative dia 02 (2026-08-10 → 2026-08-12) 43637 bytes
2026-08-10 09:35:50,327 [INFO] [OK] USA/GFS_ENSEMBLE_Corn_PRCP/cumulative dia 03 (2026-08-10 → 2026-08-13) 45656 bytes
2026-08-10 09:35:50,541 [INFO] [OK] USA/GFS_ENSEMBLE_Corn_PRCP/cumulative dia 04 (2026-08-10 → 2026-08-14) 46848 bytes
2026-08-10 09:35:50,932 [INFO] [OK] USA/GFS_ENSEMBLE_Corn_PRCP/cumulative dia 05 (2026-08-10 → 2026-08-15) 47523 bytes
2026-08-10 09:35:51,179 [INFO] [OK] USA/GFS_ENSEMBLE_Corn_PRCP/cumulative dia 06 (2026-08-10 → 2026-08-16) 48268 bytes
2026-08-10 09:35:51,323 [INFO] [OK] USA/GFS_ENSEMBLE_Corn_PRCP/cumulative dia 07 (2026-08-10 → 2026-08-17) 49426 bytes
2026-08-10 09:35:51,993 [INFO] [OK] USA/GFS_ENSEMBLE_Corn_PRCP/cumulative dia 08 (2026-08-10 → 2026-08-18) 49107 bytes
2026-08-10 09:35:52,898 [INFO] [OK] USA/GFS_ENSEMBLE_Corn_PRCP/cumulative dia 09 (2026-08-10 → 2026-08-19) 49682 bytes
2026-08-10 09:35:53,299 [INFO] [OK] USA/GFS_ENSEMBLE_Corn_PRCP/cumulative dia 10 (2026-08-10 → 2026-08-20) 50420 bytes
2026-08-10 09:35:53,683 [INFO] [OK] USA/GFS_ENSEMBLE_Corn_PRCP/cumulative dia 11 (2026-08-10 → 2026-08-21) 50484 bytes
2026-08-10 09:35:54,007 [INFO] [OK] USA/GFS_ENSEMBLE_Corn_PRCP/cumulative dia 12 (2026-08-10 → 2026-08-22) 50761 bytes
2026-08-10 09:35:54,229 [INFO] [OK] USA/GFS_ENSEMBLE_Corn_PRCP/cumulative dia 13 (2026-08-10 → 2026-08-23) 51131 bytes
2026-08-10 09:35:54,597 [INFO] [OK] USA/GFS_ENSEMBLE_Soy_PRCP_DEP/daily dia 00 (2026-08-10 → 2026-08-10) 51595 bytes
2026-08-10 09:35:54,944 [INFO] [OK] USA/GFS_ENSEMBLE_Corn_PRCP/cumulative dia 14 (2026-08-10 → 2026-08-24) 51044 bytes
2026-08-10 09:35:55,052 [INFO] [OK] USA/GFS_ENSEMBLE_Soy_PRCP_DEP/daily dia 01 (2026-08-11 → 2026-08-11) 52377 bytes
2026-08-10 09:35:55,341 [INFO] [OK] USA/GFS_ENSEMBLE_Soy_PRCP_DEP/daily dia 02 (2026-08-12 → 2026-08-12) 58563 bytes
2026-08-10 09:35:55,824 [INFO] [OK] USA/GFS_ENSEMBLE_Soy_PRCP_DEP/daily dia 03 (2026-08-13 → 2026-08-13) 55027 bytes
2026-08-10 09:35:55,942 [INFO] [OK] USA/GFS_ENSEMBLE_Soy_PRCP_DEP/daily dia 04 (2026-08-14 → 2026-08-14) 57444 bytes
2026-08-10 09:35:56,483 [INFO] [OK] USA/GFS_ENSEMBLE_Soy_PRCP_DEP/daily dia 05 (2026-08-15 → 2026-08-15) 56970 bytes
2026-08-10 09:35:56,809 [INFO] [OK] USA/GFS_ENSEMBLE_Soy_PRCP_DEP/daily dia 07 (2026-08-17 → 2026-08-17) 59464 bytes
2026-08-10 09:35:56,852 [INFO] [OK] USA/GFS_ENSEMBLE_Soy_PRCP_DEP/daily dia 06 (2026-08-16 → 2026-08-16) 60011 bytes
2026-08-10 09:35:57,000 [INFO] [OK] USA/GFS_ENSEMBLE_Soy_PRCP_DEP/daily dia 08 (2026-08-18 → 2026-08-18) 59559 bytes
2026-08-10 09:35:57,453 [INFO] [OK] USA/GFS_ENSEMBLE_Soy_PRCP_DEP/daily dia 09 (2026-08-19 → 2026-08-19) 60482 bytes
2026-08-10 09:35:57,705 [INFO] [OK] USA/GFS_ENSEMBLE_Soy_PRCP_DEP/daily dia 10 (2026-08-20 → 2026-08-20) 59699 bytes
2026-08-10 09:35:58,118 [INFO] [OK] USA/GFS_ENSEMBLE_Soy_PRCP_DEP/daily dia 11 (2026-08-21 → 2026-08-21) 60878 bytes
2026-08-10 09:35:58,582 [INFO] [OK] USA/GFS_ENSEMBLE_Soy_PRCP_DEP/daily dia 13 (2026-08-23 → 2026-08-23) 61346 bytes
2026-08-10 09:35:58,713 [INFO] [OK] USA/GFS_ENSEMBLE_Soy_PRCP_DEP/daily dia 12 (2026-08-22 → 2026-08-22) 60507 bytes
2026-08-10 09:35:58,718 [INFO] [OK] USA/GFS_ENSEMBLE_Soy_PRCP_DEP/daily dia 14 (2026-08-24 → 2026-08-24) 59317 bytes
2026-08-10 09:35:59,094 [INFO] [OK] USA/GFS_ENSEMBLE_Soy_PRCP_DEP/cumulative dia 00 (2026-08-10 → 2026-08-10) 51595 bytes
2026-08-10 09:35:59,441 [INFO] [OK] USA/GFS_ENSEMBLE_Soy_PRCP_DEP/cumulative dia 01 (2026-08-10 → 2026-08-11) 54217 bytes
2026-08-10 09:35:59,894 [INFO] [OK] USA/GFS_ENSEMBLE_Soy_PRCP_DEP/cumulative dia 02 (2026-08-10 → 2026-08-12) 58676 bytes
2026-08-10 09:36:00,577 [INFO] [OK] USA/GFS_ENSEMBLE_Soy_PRCP_DEP/cumulative dia 03 (2026-08-10 → 2026-08-13) 59816 bytes
2026-08-10 09:36:01,048 [INFO] [OK] USA/GFS_ENSEMBLE_Soy_PRCP_DEP/cumulative dia 04 (2026-08-10 → 2026-08-14) 59025 bytes
2026-08-10 09:36:01,080 [INFO] [OK] USA/GFS_ENSEMBLE_Soy_PRCP_DEP/cumulative dia 05 (2026-08-10 → 2026-08-15) 59367 bytes
2026-08-10 09:36:01,609 [INFO] [OK] USA/GFS_ENSEMBLE_Soy_PRCP_DEP/cumulative dia 06 (2026-08-10 → 2026-08-16) 59865 bytes
2026-08-10 09:36:01,814 [INFO] [OK] USA/GFS_ENSEMBLE_Soy_PRCP_DEP/cumulative dia 07 (2026-08-10 → 2026-08-17) 60288 bytes
2026-08-10 09:36:02,391 [INFO] [OK] USA/GFS_ENSEMBLE_Soy_PRCP_DEP/cumulative dia 08 (2026-08-10 → 2026-08-18) 60404 bytes
2026-08-10 09:36:03,150 [INFO] [OK] USA/GFS_ENSEMBLE_Soy_PRCP_DEP/cumulative dia 09 (2026-08-10 → 2026-08-19) 60035 bytes
2026-08-10 09:36:03,719 [INFO] [OK] USA/GFS_ENSEMBLE_Soy_PRCP_DEP/cumulative dia 10 (2026-08-10 → 2026-08-20) 59820 bytes
2026-08-10 09:36:04,070 [INFO] [OK] USA/GFS_ENSEMBLE_Soy_PRCP_DEP/cumulative dia 11 (2026-08-10 → 2026-08-21) 60302 bytes
2026-08-10 09:36:04,634 [INFO] [OK] USA/GFS_ENSEMBLE_Soy_PRCP_DEP/cumulative dia 12 (2026-08-10 → 2026-08-22) 60284 bytes
2026-08-10 09:36:04,838 [INFO] [OK] USA/GFS_ENSEMBLE_Soy_PRCP_DEP/cumulative dia 13 (2026-08-10 → 2026-08-23) 60328 bytes
2026-08-10 09:36:04,933 [INFO] [OK] USA/GFS_ENSEMBLE_Soy_PRCP/daily dia 00 (2026-08-10 → 2026-08-10) 36428 bytes
2026-08-10 09:36:05,328 [INFO] [OK] USA/GFS_ENSEMBLE_Soy_PRCP/daily dia 01 (2026-08-11 → 2026-08-11) 37795 bytes
2026-08-10 09:36:05,357 [INFO] [OK] USA/GFS_ENSEMBLE_Soy_PRCP_DEP/cumulative dia 14 (2026-08-10 → 2026-08-24) 60338 bytes
2026-08-10 09:36:05,785 [INFO] [OK] USA/GFS_ENSEMBLE_Soy_PRCP/daily dia 02 (2026-08-12 → 2026-08-12) 38089 bytes
2026-08-10 09:36:06,231 [INFO] [OK] USA/GFS_ENSEMBLE_Soy_PRCP/daily dia 03 (2026-08-13 → 2026-08-13) 38267 bytes
2026-08-10 09:36:06,437 [INFO] [OK] USA/GFS_ENSEMBLE_Soy_PRCP/daily dia 04 (2026-08-14 → 2026-08-14) 37715 bytes
2026-08-10 09:36:06,887 [INFO] [OK] USA/GFS_ENSEMBLE_Soy_PRCP/daily dia 05 (2026-08-15 → 2026-08-15) 36000 bytes
2026-08-10 09:36:06,969 [INFO] [OK] USA/GFS_ENSEMBLE_Soy_PRCP/daily dia 06 (2026-08-16 → 2026-08-16) 35726 bytes
2026-08-10 09:36:06,983 [INFO] [OK] USA/GFS_ENSEMBLE_Soy_PRCP/daily dia 07 (2026-08-17 → 2026-08-17) 35936 bytes
2026-08-10 09:36:07,415 [INFO] [OK] USA/GFS_ENSEMBLE_Soy_PRCP/daily dia 08 (2026-08-18 → 2026-08-18) 36456 bytes
2026-08-10 09:36:07,835 [INFO] [OK] USA/GFS_ENSEMBLE_Soy_PRCP/daily dia 09 (2026-08-19 → 2026-08-19) 36040 bytes
2026-08-10 09:36:07,995 [INFO] [OK] USA/GFS_ENSEMBLE_Soy_PRCP/daily dia 10 (2026-08-20 → 2026-08-20) 36009 bytes
2026-08-10 09:36:08,534 [INFO] [OK] USA/GFS_ENSEMBLE_Soy_PRCP/daily dia 11 (2026-08-21 → 2026-08-21) 36583 bytes
2026-08-10 09:36:08,656 [INFO] [OK] USA/GFS_ENSEMBLE_Soy_PRCP/daily dia 13 (2026-08-23 → 2026-08-23) 35754 bytes
2026-08-10 09:36:08,661 [INFO] [OK] USA/GFS_ENSEMBLE_Soy_PRCP/daily dia 12 (2026-08-22 → 2026-08-22) 36368 bytes
2026-08-10 09:36:09,114 [INFO] [OK] USA/GFS_ENSEMBLE_Soy_PRCP/daily dia 14 (2026-08-24 → 2026-08-24) 36011 bytes
2026-08-10 09:36:09,504 [INFO] [OK] USA/GFS_ENSEMBLE_Soy_PRCP/cumulative dia 00 (2026-08-10 → 2026-08-10) 36428 bytes
2026-08-10 09:36:09,896 [INFO] [OK] USA/GFS_ENSEMBLE_Soy_PRCP/cumulative dia 01 (2026-08-10 → 2026-08-11) 40872 bytes
2026-08-10 09:36:10,322 [INFO] [OK] USA/GFS_ENSEMBLE_Soy_PRCP/cumulative dia 02 (2026-08-10 → 2026-08-12) 43341 bytes
2026-08-10 09:36:10,509 [INFO] [OK] USA/GFS_ENSEMBLE_Soy_PRCP/cumulative dia 03 (2026-08-10 → 2026-08-13) 45493 bytes
2026-08-10 09:36:10,680 [INFO] [OK] USA/GFS_ENSEMBLE_Soy_PRCP/cumulative dia 04 (2026-08-10 → 2026-08-14) 46740 bytes
2026-08-10 09:36:11,254 [INFO] [OK] USA/GFS_ENSEMBLE_Soy_PRCP/cumulative dia 05 (2026-08-10 → 2026-08-15) 47248 bytes
2026-08-10 09:36:11,744 [INFO] [OK] USA/GFS_ENSEMBLE_Soy_PRCP/cumulative dia 06 (2026-08-10 → 2026-08-16) 48068 bytes
2026-08-10 09:36:12,217 [INFO] [OK] USA/GFS_ENSEMBLE_Soy_PRCP/cumulative dia 07 (2026-08-10 → 2026-08-17) 49280 bytes
2026-08-10 09:36:12,710 [INFO] [OK] USA/GFS_ENSEMBLE_Soy_PRCP/cumulative dia 08 (2026-08-10 → 2026-08-18) 48923 bytes
2026-08-10 09:36:13,019 [INFO] [OK] USA/GFS_ENSEMBLE_Soy_PRCP/cumulative dia 09 (2026-08-10 → 2026-08-19) 49514 bytes
2026-08-10 09:36:13,460 [INFO] [OK] USA/GFS_ENSEMBLE_Soy_PRCP/cumulative dia 10 (2026-08-10 → 2026-08-20) 50154 bytes
2026-08-10 09:36:14,008 [INFO] [OK] USA/GFS_ENSEMBLE_Soy_PRCP/cumulative dia 11 (2026-08-10 → 2026-08-21) 50234 bytes
2026-08-10 09:36:14,571 [INFO] [OK] USA/GFS_ENSEMBLE_Soy_PRCP/cumulative dia 12 (2026-08-10 → 2026-08-22) 50489 bytes
2026-08-10 09:36:14,756 [INFO] [OK] USA/GFS_ENSEMBLE_Wheat_Winter_PRCP_DEP/daily dia 00 (2026-08-10 → 2026-08-10) 52916 bytes
2026-08-10 09:36:15,069 [INFO] [OK] USA/GFS_ENSEMBLE_Wheat_Winter_PRCP_DEP/daily dia 01 (2026-08-11 → 2026-08-11) 54059 bytes
2026-08-10 09:36:15,160 [INFO] [OK] USA/GFS_ENSEMBLE_Soy_PRCP/cumulative dia 13 (2026-08-10 → 2026-08-23) 50875 bytes
2026-08-10 09:36:15,929 [INFO] [OK] USA/GFS_ENSEMBLE_Soy_PRCP/cumulative dia 14 (2026-08-10 → 2026-08-24) 51014 bytes
2026-08-10 09:36:16,063 [INFO] [OK] USA/GFS_ENSEMBLE_Wheat_Winter_PRCP_DEP/daily dia 02 (2026-08-12 → 2026-08-12) 59996 bytes
2026-08-10 09:36:16,247 [INFO] [OK] USA/GFS_ENSEMBLE_Wheat_Winter_PRCP_DEP/daily dia 03 (2026-08-13 → 2026-08-13) 56765 bytes
2026-08-10 09:36:16,385 [INFO] [OK] USA/GFS_ENSEMBLE_Wheat_Winter_PRCP_DEP/daily dia 04 (2026-08-14 → 2026-08-14) 59220 bytes
2026-08-10 09:36:16,903 [INFO] [OK] USA/GFS_ENSEMBLE_Wheat_Winter_PRCP_DEP/daily dia 05 (2026-08-15 → 2026-08-15) 59011 bytes
2026-08-10 09:36:16,906 [INFO] [OK] USA/GFS_ENSEMBLE_Wheat_Winter_PRCP_DEP/daily dia 06 (2026-08-16 → 2026-08-16) 61281 bytes
2026-08-10 09:36:17,938 [INFO] [OK] USA/GFS_ENSEMBLE_Wheat_Winter_PRCP_DEP/daily dia 09 (2026-08-19 → 2026-08-19) 62005 bytes
2026-08-10 09:36:17,940 [INFO] [OK] USA/GFS_ENSEMBLE_Wheat_Winter_PRCP_DEP/daily dia 08 (2026-08-18 → 2026-08-18) 60813 bytes
2026-08-10 09:36:17,945 [INFO] [OK] USA/GFS_ENSEMBLE_Wheat_Winter_PRCP_DEP/daily dia 07 (2026-08-17 → 2026-08-17) 60647 bytes
2026-08-10 09:36:18,104 [INFO] [OK] USA/GFS_ENSEMBLE_Wheat_Winter_PRCP_DEP/daily dia 10 (2026-08-20 → 2026-08-20) 61269 bytes
2026-08-10 09:36:18,704 [INFO] [OK] USA/GFS_ENSEMBLE_Wheat_Winter_PRCP_DEP/daily dia 12 (2026-08-22 → 2026-08-22) 62121 bytes
2026-08-10 09:36:18,706 [INFO] [OK] USA/GFS_ENSEMBLE_Wheat_Winter_PRCP_DEP/daily dia 11 (2026-08-21 → 2026-08-21) 62317 bytes
2026-08-10 09:36:20,184 [INFO] [OK] USA/GFS_ENSEMBLE_Wheat_Winter_PRCP_DEP/daily dia 13 (2026-08-23 → 2026-08-23) 63007 bytes
2026-08-10 09:36:20,217 [INFO] [OK] USA/GFS_ENSEMBLE_Wheat_Winter_PRCP_DEP/cumulative dia 00 (2026-08-10 → 2026-08-10) 52916 bytes
2026-08-10 09:36:20,232 [INFO] [OK] USA/GFS_ENSEMBLE_Wheat_Winter_PRCP_DEP/cumulative dia 01 (2026-08-10 → 2026-08-11) 55466 bytes
2026-08-10 09:36:20,377 [INFO] [OK] USA/GFS_ENSEMBLE_Wheat_Winter_PRCP_DEP/daily dia 14 (2026-08-24 → 2026-08-24) 60799 bytes
2026-08-10 09:36:20,619 [INFO] [OK] USA/GFS_ENSEMBLE_Wheat_Winter_PRCP_DEP/cumulative dia 03 (2026-08-10 → 2026-08-13) 60640 bytes
2026-08-10 09:36:20,624 [INFO] [OK] USA/GFS_ENSEMBLE_Wheat_Winter_PRCP_DEP/cumulative dia 02 (2026-08-10 → 2026-08-12) 59889 bytes
2026-08-10 09:36:22,918 [INFO] [OK] USA/GFS_ENSEMBLE_Wheat_Winter_PRCP_DEP/cumulative dia 04 (2026-08-10 → 2026-08-14) 60285 bytes
2026-08-10 09:36:23,082 [INFO] [OK] USA/GFS_ENSEMBLE_Wheat_Winter_PRCP_DEP/cumulative dia 06 (2026-08-10 → 2026-08-16) 61059 bytes
2026-08-10 09:36:23,110 [INFO] [OK] USA/GFS_ENSEMBLE_Wheat_Winter_PRCP_DEP/cumulative dia 05 (2026-08-10 → 2026-08-15) 60379 bytes
2026-08-10 09:36:23,219 [INFO] [OK] USA/GFS_ENSEMBLE_Wheat_Winter_PRCP_DEP/cumulative dia 07 (2026-08-10 → 2026-08-17) 61418 bytes
2026-08-10 09:36:23,458 [INFO] [OK] USA/GFS_ENSEMBLE_Wheat_Winter_PRCP_DEP/cumulative dia 08 (2026-08-10 → 2026-08-18) 61486 bytes
2026-08-10 09:36:23,715 [INFO] [OK] USA/GFS_ENSEMBLE_Wheat_Winter_PRCP_DEP/cumulative dia 09 (2026-08-10 → 2026-08-19) 61073 bytes
2026-08-10 09:36:25,378 [INFO] [OK] USA/GFS_ENSEMBLE_Wheat_Winter_PRCP/daily dia 00 (2026-08-10 → 2026-08-10) 37969 bytes
2026-08-10 09:36:25,630 [INFO] [OK] USA/GFS_ENSEMBLE_Wheat_Winter_PRCP_DEP/cumulative dia 10 (2026-08-10 → 2026-08-20) 60903 bytes
2026-08-10 09:36:26,191 [INFO] [OK] USA/GFS_ENSEMBLE_Wheat_Winter_PRCP_DEP/cumulative dia 11 (2026-08-10 → 2026-08-21) 61299 bytes
2026-08-10 09:36:26,198 [INFO] [OK] USA/GFS_ENSEMBLE_Wheat_Winter_PRCP_DEP/cumulative dia 12 (2026-08-10 → 2026-08-22) 61242 bytes
2026-08-10 09:36:26,258 [INFO] [OK] USA/GFS_ENSEMBLE_Wheat_Winter_PRCP_DEP/cumulative dia 13 (2026-08-10 → 2026-08-23) 61522 bytes
2026-08-10 09:36:26,659 [INFO] [OK] USA/GFS_ENSEMBLE_Wheat_Winter_PRCP_DEP/cumulative dia 14 (2026-08-10 → 2026-08-24) 61637 bytes
2026-08-10 09:36:26,931 [INFO] [OK] USA/GFS_ENSEMBLE_Wheat_Winter_PRCP/daily dia 01 (2026-08-11 → 2026-08-11) 39475 bytes
2026-08-10 09:36:27,328 [INFO] [OK] USA/GFS_ENSEMBLE_Wheat_Winter_PRCP/daily dia 02 (2026-08-12 → 2026-08-12) 39545 bytes
2026-08-10 09:36:28,216 [INFO] [OK] USA/GFS_ENSEMBLE_Wheat_Winter_PRCP/daily dia 04 (2026-08-14 → 2026-08-14) 39287 bytes
2026-08-10 09:36:28,217 [INFO] [OK] USA/GFS_ENSEMBLE_Wheat_Winter_PRCP/daily dia 03 (2026-08-13 → 2026-08-13) 39682 bytes
2026-08-10 09:36:28,228 [INFO] [OK] USA/GFS_ENSEMBLE_Wheat_Winter_PRCP/daily dia 05 (2026-08-15 → 2026-08-15) 37364 bytes
2026-08-10 09:36:28,258 [INFO] [OK] USA/GFS_ENSEMBLE_Wheat_Winter_PRCP/daily dia 06 (2026-08-16 → 2026-08-16) 37207 bytes
2026-08-10 09:36:28,491 [INFO] [OK] USA/GFS_ENSEMBLE_Wheat_Winter_PRCP/daily dia 07 (2026-08-17 → 2026-08-17) 37298 bytes
2026-08-10 09:36:28,827 [INFO] [OK] USA/GFS_ENSEMBLE_Wheat_Winter_PRCP/daily dia 08 (2026-08-18 → 2026-08-18) 37962 bytes
2026-08-10 09:36:29,758 [INFO] [OK] USA/GFS_ENSEMBLE_Wheat_Winter_PRCP/daily dia 09 (2026-08-19 → 2026-08-19) 37591 bytes
2026-08-10 09:36:30,116 [INFO] [OK] USA/GFS_ENSEMBLE_Wheat_Winter_PRCP/daily dia 12 (2026-08-22 → 2026-08-22) 37852 bytes
2026-08-10 09:36:30,263 [INFO] [OK] USA/GFS_ENSEMBLE_Wheat_Winter_PRCP/daily dia 10 (2026-08-20 → 2026-08-20) 37641 bytes
2026-08-10 09:36:30,312 [INFO] [OK] USA/GFS_ENSEMBLE_Wheat_Winter_PRCP/daily dia 11 (2026-08-21 → 2026-08-21) 38079 bytes
2026-08-10 09:36:30,451 [INFO] [OK] USA/GFS_ENSEMBLE_Wheat_Winter_PRCP/daily dia 13 (2026-08-23 → 2026-08-23) 37211 bytes
2026-08-10 09:36:30,589 [INFO] [OK] USA/GFS_ENSEMBLE_Wheat_Winter_PRCP/daily dia 14 (2026-08-24 → 2026-08-24) 37547 bytes
2026-08-10 09:36:31,327 [INFO] [OK] USA/GFS_ENSEMBLE_Wheat_Winter_PRCP/cumulative dia 00 (2026-08-10 → 2026-08-10) 37969 bytes
2026-08-10 09:36:31,763 [INFO] [OK] USA/GFS_ENSEMBLE_Wheat_Winter_PRCP/cumulative dia 01 (2026-08-10 → 2026-08-11) 42394 bytes
2026-08-10 09:36:32,032 [INFO] [OK] USA/GFS_ENSEMBLE_Wheat_Winter_PRCP/cumulative dia 02 (2026-08-10 → 2026-08-12) 44720 bytes
2026-08-10 09:36:32,124 [INFO] [OK] USA/GFS_ENSEMBLE_Wheat_Winter_PRCP/cumulative dia 03 (2026-08-10 → 2026-08-13) 46984 bytes
2026-08-10 09:36:32,471 [INFO] [OK] USA/GFS_ENSEMBLE_Wheat_Winter_PRCP/cumulative dia 04 (2026-08-10 → 2026-08-14) 48063 bytes
2026-08-10 09:36:32,804 [INFO] [OK] USA/GFS_ENSEMBLE_Wheat_Winter_PRCP/cumulative dia 05 (2026-08-10 → 2026-08-15) 48806 bytes
2026-08-10 09:36:33,699 [INFO] [OK] USA/GFS_ENSEMBLE_Wheat_Winter_PRCP/cumulative dia 06 (2026-08-10 → 2026-08-16) 49612 bytes
2026-08-10 09:36:33,992 [INFO] [OK] USA/GFS_ENSEMBLE_Wheat_Winter_PRCP/cumulative dia 07 (2026-08-10 → 2026-08-17) 50791 bytes
2026-08-10 09:36:34,391 [INFO] [OK] USA/GFS_ENSEMBLE_Wheat_Winter_PRCP/cumulative dia 08 (2026-08-10 → 2026-08-18) 50424 bytes
2026-08-10 09:36:34,636 [INFO] [OK] USA/GFS_ENSEMBLE_Wheat_Winter_PRCP/cumulative dia 09 (2026-08-10 → 2026-08-19) 50936 bytes
2026-08-10 09:36:34,997 [INFO] [OK] USA/GFS_ENSEMBLE_Wheat_Winter_PRCP/cumulative dia 10 (2026-08-10 → 2026-08-20) 51502 bytes
2026-08-10 09:36:35,492 [INFO] [OK] USA/GFS_ENSEMBLE_Wheat_Winter_PRCP/cumulative dia 11 (2026-08-10 → 2026-08-21) 51809 bytes
2026-08-10 09:36:36,232 [INFO] [OK] USA/GFS_ENSEMBLE_Wheat_Spring_PRCP_DEP/daily dia 00 (2026-08-10 → 2026-08-10) 49853 bytes
2026-08-10 09:36:36,406 [INFO] [OK] USA/GFS_ENSEMBLE_Wheat_Winter_PRCP/cumulative dia 12 (2026-08-10 → 2026-08-22) 51970 bytes
2026-08-10 09:36:36,606 [INFO] [OK] USA/GFS_ENSEMBLE_Wheat_Spring_PRCP_DEP/daily dia 01 (2026-08-11 → 2026-08-11) 50797 bytes
2026-08-10 09:36:36,815 [INFO] [OK] USA/GFS_ENSEMBLE_Wheat_Winter_PRCP/cumulative dia 13 (2026-08-10 → 2026-08-23) 52521 bytes
2026-08-10 09:36:37,198 [INFO] [OK] USA/GFS_ENSEMBLE_Wheat_Spring_PRCP_DEP/daily dia 02 (2026-08-12 → 2026-08-12) 56951 bytes
2026-08-10 09:36:37,271 [INFO] [OK] USA/GFS_ENSEMBLE_Wheat_Winter_PRCP/cumulative dia 14 (2026-08-10 → 2026-08-24) 52532 bytes
2026-08-10 09:36:37,899 [INFO] [OK] USA/GFS_ENSEMBLE_Wheat_Spring_PRCP_DEP/daily dia 03 (2026-08-13 → 2026-08-13) 53378 bytes
2026-08-10 09:36:37,945 [INFO] [OK] USA/GFS_ENSEMBLE_Wheat_Spring_PRCP_DEP/daily dia 04 (2026-08-14 → 2026-08-14) 55133 bytes
2026-08-10 09:36:38,516 [INFO] [OK] USA/GFS_ENSEMBLE_Wheat_Spring_PRCP_DEP/daily dia 06 (2026-08-16 → 2026-08-16) 57965 bytes
2026-08-10 09:36:38,519 [INFO] [OK] USA/GFS_ENSEMBLE_Wheat_Spring_PRCP_DEP/daily dia 05 (2026-08-15 → 2026-08-15) 54969 bytes
2026-08-10 09:36:38,969 [INFO] [OK] USA/GFS_ENSEMBLE_Wheat_Spring_PRCP_DEP/daily dia 07 (2026-08-17 → 2026-08-17) 57425 bytes
2026-08-10 09:36:38,982 [INFO] [OK] USA/GFS_ENSEMBLE_Wheat_Spring_PRCP_DEP/daily dia 08 (2026-08-18 → 2026-08-18) 57668 bytes
2026-08-10 09:36:39,546 [INFO] [OK] USA/GFS_ENSEMBLE_Wheat_Spring_PRCP_DEP/daily dia 09 (2026-08-19 → 2026-08-19) 59149 bytes
2026-08-10 09:36:39,652 [INFO] [OK] USA/GFS_ENSEMBLE_Wheat_Spring_PRCP_DEP/daily dia 10 (2026-08-20 → 2026-08-20) 58192 bytes
2026-08-10 09:36:40,220 [INFO] [OK] USA/GFS_ENSEMBLE_Wheat_Spring_PRCP_DEP/daily dia 12 (2026-08-22 → 2026-08-22) 58918 bytes
2026-08-10 09:36:40,452 [INFO] [OK] USA/GFS_ENSEMBLE_Wheat_Spring_PRCP_DEP/daily dia 11 (2026-08-21 → 2026-08-21) 58964 bytes
2026-08-10 09:36:40,612 [INFO] [OK] USA/GFS_ENSEMBLE_Wheat_Spring_PRCP_DEP/daily dia 14 (2026-08-24 → 2026-08-24) 57886 bytes
2026-08-10 09:36:40,709 [INFO] [OK] USA/GFS_ENSEMBLE_Wheat_Spring_PRCP_DEP/daily dia 13 (2026-08-23 → 2026-08-23) 59636 bytes
2026-08-10 09:36:41,211 [INFO] [OK] USA/GFS_ENSEMBLE_Wheat_Spring_PRCP_DEP/cumulative dia 00 (2026-08-10 → 2026-08-10) 49853 bytes
2026-08-10 09:36:41,351 [INFO] [OK] USA/GFS_ENSEMBLE_Wheat_Spring_PRCP_DEP/cumulative dia 01 (2026-08-10 → 2026-08-11) 52203 bytes
2026-08-10 09:36:42,185 [INFO] [OK] USA/GFS_ENSEMBLE_Wheat_Spring_PRCP_DEP/cumulative dia 02 (2026-08-10 → 2026-08-12) 56805 bytes
2026-08-10 09:36:42,428 [INFO] [OK] USA/GFS_ENSEMBLE_Wheat_Spring_PRCP_DEP/cumulative dia 03 (2026-08-10 → 2026-08-13) 57740 bytes
2026-08-10 09:36:42,759 [INFO] [OK] USA/GFS_ENSEMBLE_Wheat_Spring_PRCP_DEP/cumulative dia 04 (2026-08-10 → 2026-08-14) 57134 bytes
2026-08-10 09:36:42,935 [INFO] [OK] USA/GFS_ENSEMBLE_Wheat_Spring_PRCP_DEP/cumulative dia 05 (2026-08-10 → 2026-08-15) 57520 bytes
2026-08-10 09:36:44,339 [INFO] [OK] USA/GFS_ENSEMBLE_Wheat_Spring_PRCP_DEP/cumulative dia 07 (2026-08-10 → 2026-08-17) 58472 bytes
2026-08-10 09:36:44,359 [INFO] [OK] USA/GFS_ENSEMBLE_Wheat_Spring_PRCP_DEP/cumulative dia 06 (2026-08-10 → 2026-08-16) 58141 bytes
2026-08-10 09:36:44,672 [INFO] [OK] USA/GFS_ENSEMBLE_Wheat_Spring_PRCP_DEP/cumulative dia 08 (2026-08-10 → 2026-08-18) 58366 bytes
2026-08-10 09:36:45,004 [INFO] [OK] USA/GFS_ENSEMBLE_Wheat_Spring_PRCP_DEP/cumulative dia 09 (2026-08-10 → 2026-08-19) 58185 bytes
2026-08-10 09:36:45,364 [INFO] [OK] USA/GFS_ENSEMBLE_Wheat_Spring_PRCP_DEP/cumulative dia 10 (2026-08-10 → 2026-08-20) 57807 bytes
2026-08-10 09:36:45,631 [INFO] [OK] USA/GFS_ENSEMBLE_Wheat_Spring_PRCP_DEP/cumulative dia 11 (2026-08-10 → 2026-08-21) 58223 bytes
2026-08-10 09:36:46,707 [INFO] [OK] USA/GFS_ENSEMBLE_Wheat_Spring_PRCP/daily dia 00 (2026-08-10 → 2026-08-10) 34878 bytes
2026-08-10 09:36:46,982 [INFO] [OK] USA/GFS_ENSEMBLE_Wheat_Spring_PRCP/daily dia 01 (2026-08-11 → 2026-08-11) 36332 bytes
2026-08-10 09:36:47,223 [INFO] [OK] USA/GFS_ENSEMBLE_Wheat_Spring_PRCP_DEP/cumulative dia 12 (2026-08-10 → 2026-08-22) 58284 bytes
2026-08-10 09:36:47,374 [INFO] [OK] USA/GFS_ENSEMBLE_Wheat_Spring_PRCP/daily dia 02 (2026-08-12 → 2026-08-12) 36336 bytes
2026-08-10 09:36:47,632 [INFO] [OK] USA/GFS_ENSEMBLE_Wheat_Spring_PRCP_DEP/cumulative dia 13 (2026-08-10 → 2026-08-23) 58527 bytes
2026-08-10 09:36:47,671 [INFO] [OK] USA/GFS_ENSEMBLE_Wheat_Spring_PRCP_DEP/cumulative dia 14 (2026-08-10 → 2026-08-24) 58730 bytes
2026-08-10 09:36:48,317 [INFO] [OK] USA/GFS_ENSEMBLE_Wheat_Spring_PRCP/daily dia 03 (2026-08-13 → 2026-08-13) 36866 bytes
2026-08-10 09:36:48,552 [INFO] [OK] USA/GFS_ENSEMBLE_Wheat_Spring_PRCP/daily dia 04 (2026-08-14 → 2026-08-14) 36212 bytes
2026-08-10 09:36:48,912 [INFO] [OK] USA/GFS_ENSEMBLE_Wheat_Spring_PRCP/daily dia 05 (2026-08-15 → 2026-08-15) 34604 bytes
2026-08-10 09:36:48,957 [INFO] [OK] USA/GFS_ENSEMBLE_Wheat_Spring_PRCP/daily dia 06 (2026-08-16 → 2026-08-16) 34217 bytes
2026-08-10 09:36:49,253 [INFO] [OK] USA/GFS_ENSEMBLE_Wheat_Spring_PRCP/daily dia 07 (2026-08-17 → 2026-08-17) 34371 bytes
2026-08-10 09:36:49,339 [INFO] [OK] USA/GFS_ENSEMBLE_Wheat_Spring_PRCP/daily dia 08 (2026-08-18 → 2026-08-18) 34985 bytes
2026-08-10 09:36:49,952 [INFO] [OK] USA/GFS_ENSEMBLE_Wheat_Spring_PRCP/daily dia 09 (2026-08-19 → 2026-08-19) 34479 bytes
2026-08-10 09:36:50,181 [INFO] [OK] USA/GFS_ENSEMBLE_Wheat_Spring_PRCP/daily dia 10 (2026-08-20 → 2026-08-20) 34446 bytes
2026-08-10 09:36:50,503 [INFO] [OK] USA/GFS_ENSEMBLE_Wheat_Spring_PRCP/daily dia 11 (2026-08-21 → 2026-08-21) 35031 bytes
2026-08-10 09:36:50,512 [INFO] [OK] USA/GFS_ENSEMBLE_Wheat_Spring_PRCP/daily dia 12 (2026-08-22 → 2026-08-22) 35031 bytes
2026-08-10 09:36:50,897 [INFO] [OK] USA/GFS_ENSEMBLE_Wheat_Spring_PRCP/daily dia 13 (2026-08-23 → 2026-08-23) 34491 bytes
2026-08-10 09:36:50,931 [INFO] [OK] USA/GFS_ENSEMBLE_Wheat_Spring_PRCP/daily dia 14 (2026-08-24 → 2026-08-24) 34547 bytes
2026-08-10 09:36:51,484 [INFO] [OK] USA/GFS_ENSEMBLE_Wheat_Spring_PRCP/cumulative dia 00 (2026-08-10 → 2026-08-10) 34878 bytes
2026-08-10 09:36:51,985 [INFO] [OK] USA/GFS_ENSEMBLE_Wheat_Spring_PRCP/cumulative dia 01 (2026-08-10 → 2026-08-11) 39179 bytes
2026-08-10 09:36:52,357 [INFO] [OK] USA/GFS_ENSEMBLE_Wheat_Spring_PRCP/cumulative dia 02 (2026-08-10 → 2026-08-12) 41315 bytes
2026-08-10 09:36:52,476 [INFO] [OK] USA/GFS_ENSEMBLE_Wheat_Spring_PRCP/cumulative dia 03 (2026-08-10 → 2026-08-13) 43305 bytes
2026-08-10 09:36:52,898 [INFO] [OK] USA/GFS_ENSEMBLE_Wheat_Spring_PRCP/cumulative dia 04 (2026-08-10 → 2026-08-14) 44514 bytes
2026-08-10 09:36:53,093 [INFO] [OK] USA/GFS_ENSEMBLE_Wheat_Spring_PRCP/cumulative dia 05 (2026-08-10 → 2026-08-15) 45131 bytes
2026-08-10 09:36:53,788 [INFO] [OK] USA/GFS_ENSEMBLE_Wheat_Spring_PRCP/cumulative dia 06 (2026-08-10 → 2026-08-16) 46018 bytes
2026-08-10 09:36:54,296 [INFO] [OK] USA/GFS_ENSEMBLE_Wheat_Spring_PRCP/cumulative dia 07 (2026-08-10 → 2026-08-17) 47091 bytes
2026-08-10 09:36:54,712 [INFO] [OK] USA/GFS_ENSEMBLE_Wheat_Spring_PRCP/cumulative dia 08 (2026-08-10 → 2026-08-18) 46722 bytes
2026-08-10 09:36:54,961 [INFO] [OK] USA/GFS_ENSEMBLE_Wheat_Spring_PRCP/cumulative dia 09 (2026-08-10 → 2026-08-19) 47430 bytes
2026-08-10 09:36:55,602 [INFO] [OK] USA/GFS_ENSEMBLE_Wheat_Spring_PRCP/cumulative dia 10 (2026-08-10 → 2026-08-20) 47978 bytes
2026-08-10 09:36:56,053 [INFO] [OK] USA/GFS_ENSEMBLE_Wheat_Spring_PRCP/cumulative dia 11 (2026-08-10 → 2026-08-21) 48080 bytes
2026-08-10 09:36:56,683 [INFO] [OK] USA/GFS_ENSEMBLE_Wheat_Spring_PRCP/cumulative dia 12 (2026-08-10 → 2026-08-22) 48228 bytes
2026-08-10 09:36:56,688 [INFO] [OK] USA/ECM_ENSEMBLE_Corn_PRCP_DEP/daily dia 00 (2026-08-10 → 2026-08-10) 55540 bytes
2026-08-10 09:36:57,498 [INFO] [OK] USA/ECM_ENSEMBLE_Corn_PRCP_DEP/daily dia 01 (2026-08-11 → 2026-08-11) 55435 bytes
2026-08-10 09:36:57,627 [INFO] [OK] USA/GFS_ENSEMBLE_Wheat_Spring_PRCP/cumulative dia 13 (2026-08-10 → 2026-08-23) 48716 bytes
2026-08-10 09:36:57,808 [INFO] [OK] USA/ECM_ENSEMBLE_Corn_PRCP_DEP/daily dia 02 (2026-08-12 → 2026-08-12) 56897 bytes
2026-08-10 09:36:57,814 [INFO] [OK] USA/GFS_ENSEMBLE_Wheat_Spring_PRCP/cumulative dia 14 (2026-08-10 → 2026-08-24) 48714 bytes
2026-08-10 09:36:58,393 [INFO] [OK] USA/ECM_ENSEMBLE_Corn_PRCP_DEP/daily dia 04 (2026-08-14 → 2026-08-14) 56813 bytes
2026-08-10 09:36:58,394 [INFO] [OK] USA/ECM_ENSEMBLE_Corn_PRCP_DEP/daily dia 03 (2026-08-13 → 2026-08-13) 54774 bytes
2026-08-10 09:36:59,345 [INFO] [OK] USA/ECM_ENSEMBLE_Corn_PRCP_DEP/daily dia 05 (2026-08-15 → 2026-08-15) 57403 bytes
2026-08-10 09:36:59,457 [INFO] [OK] USA/ECM_ENSEMBLE_Corn_PRCP_DEP/daily dia 06 (2026-08-16 → 2026-08-16) 57845 bytes
2026-08-10 09:36:59,462 [INFO] [OK] USA/ECM_ENSEMBLE_Corn_PRCP_DEP/daily dia 07 (2026-08-17 → 2026-08-17) 58298 bytes
2026-08-10 09:36:59,518 [INFO] [OK] USA/ECM_ENSEMBLE_Corn_PRCP_DEP/daily dia 08 (2026-08-18 → 2026-08-18) 56888 bytes
2026-08-10 09:37:00,063 [INFO] [OK] USA/ECM_ENSEMBLE_Corn_PRCP_DEP/daily dia 09 (2026-08-19 → 2026-08-19) 56984 bytes
2026-08-10 09:37:00,113 [INFO] [OK] USA/ECM_ENSEMBLE_Corn_PRCP_DEP/daily dia 10 (2026-08-20 → 2026-08-20) 57430 bytes
2026-08-10 09:37:01,104 [INFO] [OK] USA/ECM_ENSEMBLE_Corn_PRCP_DEP/daily dia 12 (2026-08-22 → 2026-08-22) 58131 bytes
2026-08-10 09:37:01,163 [INFO] [OK] USA/ECM_ENSEMBLE_Corn_PRCP_DEP/daily dia 11 (2026-08-21 → 2026-08-21) 58605 bytes
2026-08-10 09:37:01,239 [INFO] [OK] USA/ECM_ENSEMBLE_Corn_PRCP_DEP/daily dia 13 (2026-08-23 → 2026-08-23) 57564 bytes
2026-08-10 09:37:01,263 [INFO] [OK] USA/ECM_ENSEMBLE_Corn_PRCP_DEP/daily dia 14 (2026-08-24 → 2026-08-24) 56462 bytes
2026-08-10 09:37:01,654 [INFO] [OK] USA/ECM_ENSEMBLE_Corn_PRCP_DEP/cumulative dia 00 (2026-08-10 → 2026-08-10) 55540 bytes
2026-08-10 09:37:01,814 [INFO] [OK] USA/ECM_ENSEMBLE_Corn_PRCP_DEP/cumulative dia 01 (2026-08-10 → 2026-08-11) 56975 bytes
2026-08-10 09:37:03,030 [INFO] [OK] USA/ECM_ENSEMBLE_Corn_PRCP_DEP/cumulative dia 02 (2026-08-10 → 2026-08-12) 59265 bytes
2026-08-10 09:37:03,090 [INFO] [OK] USA/ECM_ENSEMBLE_Corn_PRCP_DEP/cumulative dia 03 (2026-08-10 → 2026-08-13) 58490 bytes
2026-08-10 09:37:03,329 [INFO] [OK] USA/ECM_ENSEMBLE_Corn_PRCP_DEP/cumulative dia 04 (2026-08-10 → 2026-08-14) 58344 bytes
2026-08-10 09:37:03,354 [INFO] [OK] USA/ECM_ENSEMBLE_Corn_PRCP_DEP/cumulative dia 05 (2026-08-10 → 2026-08-15) 58264 bytes
2026-08-10 09:37:04,051 [INFO] [OK] USA/ECM_ENSEMBLE_Corn_PRCP_DEP/cumulative dia 06 (2026-08-10 → 2026-08-16) 58891 bytes
2026-08-10 09:37:04,133 [INFO] [OK] USA/ECM_ENSEMBLE_Corn_PRCP_DEP/cumulative dia 07 (2026-08-10 → 2026-08-17) 59045 bytes
2026-08-10 09:37:05,609 [INFO] [OK] USA/ECM_ENSEMBLE_Corn_PRCP_DEP/cumulative dia 09 (2026-08-10 → 2026-08-19) 59016 bytes
2026-08-10 09:37:05,617 [INFO] [OK] USA/ECM_ENSEMBLE_Corn_PRCP_DEP/cumulative dia 08 (2026-08-10 → 2026-08-18) 59298 bytes
2026-08-10 09:37:06,094 [INFO] [OK] USA/ECM_ENSEMBLE_Corn_PRCP_DEP/cumulative dia 10 (2026-08-10 → 2026-08-20) 58818 bytes
2026-08-10 09:37:06,100 [INFO] [OK] USA/ECM_ENSEMBLE_Corn_PRCP_DEP/cumulative dia 11 (2026-08-10 → 2026-08-21) 59046 bytes
2026-08-10 09:37:06,851 [INFO] [OK] USA/ECM_ENSEMBLE_Corn_PRCP_DEP/cumulative dia 12 (2026-08-10 → 2026-08-22) 59150 bytes
2026-08-10 09:37:07,058 [INFO] [OK] USA/ECM_ENSEMBLE_Corn_PRCP_DEP/cumulative dia 13 (2026-08-10 → 2026-08-23) 59153 bytes
2026-08-10 09:37:07,163 [INFO] [OK] USA/ECM_ENSEMBLE_Corn_PRCP/daily dia 00 (2026-08-10 → 2026-08-10) 37375 bytes
2026-08-10 09:37:07,603 [INFO] [OK] USA/ECM_ENSEMBLE_Corn_PRCP/daily dia 01 (2026-08-11 → 2026-08-11) 37626 bytes
2026-08-10 09:37:07,725 [INFO] [OK] USA/ECM_ENSEMBLE_Corn_PRCP/daily dia 02 (2026-08-12 → 2026-08-12) 38248 bytes
2026-08-10 09:37:08,638 [INFO] [OK] USA/ECM_ENSEMBLE_Corn_PRCP/daily dia 04 (2026-08-14 → 2026-08-14) 39220 bytes
2026-08-10 09:37:08,642 [INFO] [OK] USA/ECM_ENSEMBLE_Corn_PRCP/daily dia 03 (2026-08-13 → 2026-08-13) 39506 bytes
2026-08-10 09:37:08,644 [INFO] [OK] USA/ECM_ENSEMBLE_Corn_PRCP_DEP/cumulative dia 14 (2026-08-10 → 2026-08-24) 59028 bytes
2026-08-10 09:37:08,723 [INFO] [OK] USA/ECM_ENSEMBLE_Corn_PRCP/daily dia 05 (2026-08-15 → 2026-08-15) 37407 bytes
2026-08-10 09:37:09,159 [INFO] [OK] USA/ECM_ENSEMBLE_Corn_PRCP/daily dia 06 (2026-08-16 → 2026-08-16) 36458 bytes
2026-08-10 09:37:09,319 [INFO] [OK] USA/ECM_ENSEMBLE_Corn_PRCP/daily dia 07 (2026-08-17 → 2026-08-17) 35852 bytes
2026-08-10 09:37:10,222 [INFO] [OK] USA/ECM_ENSEMBLE_Corn_PRCP/daily dia 09 (2026-08-19 → 2026-08-19) 35562 bytes
2026-08-10 09:37:10,255 [INFO] [OK] USA/ECM_ENSEMBLE_Corn_PRCP/daily dia 08 (2026-08-18 → 2026-08-18) 35816 bytes
2026-08-10 09:37:10,295 [INFO] [OK] USA/ECM_ENSEMBLE_Corn_PRCP/daily dia 10 (2026-08-20 → 2026-08-20) 35853 bytes
2026-08-10 09:37:10,491 [INFO] [OK] USA/ECM_ENSEMBLE_Corn_PRCP/daily dia 11 (2026-08-21 → 2026-08-21) 35420 bytes
2026-08-10 09:37:10,780 [INFO] [OK] USA/ECM_ENSEMBLE_Corn_PRCP/daily dia 12 (2026-08-22 → 2026-08-22) 35476 bytes
2026-08-10 09:37:10,879 [INFO] [OK] USA/ECM_ENSEMBLE_Corn_PRCP/daily dia 13 (2026-08-23 → 2026-08-23) 35585 bytes
2026-08-10 09:37:11,858 [INFO] [OK] USA/ECM_ENSEMBLE_Corn_PRCP/daily dia 14 (2026-08-24 → 2026-08-24) 34943 bytes
2026-08-10 09:37:11,914 [INFO] [OK] USA/ECM_ENSEMBLE_Corn_PRCP/cumulative dia 00 (2026-08-10 → 2026-08-10) 37375 bytes
2026-08-10 09:37:11,922 [INFO] [OK] USA/ECM_ENSEMBLE_Corn_PRCP/cumulative dia 01 (2026-08-10 → 2026-08-11) 40535 bytes
2026-08-10 09:37:12,220 [INFO] [OK] USA/ECM_ENSEMBLE_Corn_PRCP/cumulative dia 02 (2026-08-10 → 2026-08-12) 43155 bytes
2026-08-10 09:37:12,658 [INFO] [OK] USA/ECM_ENSEMBLE_Corn_PRCP/cumulative dia 03 (2026-08-10 → 2026-08-13) 46064 bytes
2026-08-10 09:37:12,875 [INFO] [OK] USA/ECM_ENSEMBLE_Corn_PRCP/cumulative dia 04 (2026-08-10 → 2026-08-14) 47546 bytes
2026-08-10 09:37:14,175 [INFO] [OK] USA/ECM_ENSEMBLE_Corn_PRCP/cumulative dia 05 (2026-08-10 → 2026-08-15) 48975 bytes
2026-08-10 09:37:14,255 [INFO] [OK] USA/ECM_ENSEMBLE_Corn_PRCP/cumulative dia 06 (2026-08-10 → 2026-08-16) 50071 bytes
2026-08-10 09:37:14,483 [INFO] [OK] USA/ECM_ENSEMBLE_Corn_PRCP/cumulative dia 07 (2026-08-10 → 2026-08-17) 50643 bytes
2026-08-10 09:37:14,729 [INFO] [OK] USA/ECM_ENSEMBLE_Corn_PRCP/cumulative dia 08 (2026-08-10 → 2026-08-18) 51066 bytes
2026-08-10 09:37:15,164 [INFO] [OK] USA/ECM_ENSEMBLE_Corn_PRCP/cumulative dia 09 (2026-08-10 → 2026-08-19) 51518 bytes
2026-08-10 09:37:15,482 [INFO] [OK] USA/ECM_ENSEMBLE_Corn_PRCP/cumulative dia 10 (2026-08-10 → 2026-08-20) 51472 bytes
2026-08-10 09:37:16,884 [INFO] [OK] USA/ECM_ENSEMBLE_Soy_PRCP_DEP/daily dia 00 (2026-08-10 → 2026-08-10) 55363 bytes
2026-08-10 09:37:16,983 [INFO] [OK] USA/ECM_ENSEMBLE_Corn_PRCP/cumulative dia 11 (2026-08-10 → 2026-08-21) 51651 bytes
2026-08-10 09:37:17,222 [INFO] [OK] USA/ECM_ENSEMBLE_Soy_PRCP_DEP/daily dia 01 (2026-08-11 → 2026-08-11) 55183 bytes
2026-08-10 09:37:17,243 [INFO] [OK] USA/ECM_ENSEMBLE_Corn_PRCP/cumulative dia 12 (2026-08-10 → 2026-08-22) 52306 bytes
2026-08-10 09:37:17,462 [INFO] [OK] USA/ECM_ENSEMBLE_Corn_PRCP/cumulative dia 13 (2026-08-10 → 2026-08-23) 51980 bytes
2026-08-10 09:37:17,873 [INFO] [OK] USA/ECM_ENSEMBLE_Corn_PRCP/cumulative dia 14 (2026-08-10 → 2026-08-24) 52103 bytes
2026-08-10 09:37:18,615 [INFO] [OK] USA/ECM_ENSEMBLE_Soy_PRCP_DEP/daily dia 03 (2026-08-13 → 2026-08-13) 54461 bytes
2026-08-10 09:37:18,653 [INFO] [OK] USA/ECM_ENSEMBLE_Soy_PRCP_DEP/daily dia 02 (2026-08-12 → 2026-08-12) 56710 bytes
2026-08-10 09:37:18,838 [INFO] [OK] USA/ECM_ENSEMBLE_Soy_PRCP_DEP/daily dia 05 (2026-08-15 → 2026-08-15) 56799 bytes
2026-08-10 09:37:18,915 [INFO] [OK] USA/ECM_ENSEMBLE_Soy_PRCP_DEP/daily dia 04 (2026-08-14 → 2026-08-14) 56606 bytes
2026-08-10 09:37:19,057 [INFO] [OK] USA/ECM_ENSEMBLE_Soy_PRCP_DEP/daily dia 06 (2026-08-16 → 2026-08-16) 57497 bytes
2026-08-10 09:37:19,568 [INFO] [OK] USA/ECM_ENSEMBLE_Soy_PRCP_DEP/daily dia 07 (2026-08-17 → 2026-08-17) 58108 bytes
2026-08-10 09:37:20,269 [INFO] [OK] USA/ECM_ENSEMBLE_Soy_PRCP_DEP/daily dia 09 (2026-08-19 → 2026-08-19) 56657 bytes
2026-08-10 09:37:20,349 [INFO] [OK] USA/ECM_ENSEMBLE_Soy_PRCP_DEP/daily dia 08 (2026-08-18 → 2026-08-18) 56498 bytes
2026-08-10 09:37:20,587 [INFO] [OK] USA/ECM_ENSEMBLE_Soy_PRCP_DEP/daily dia 10 (2026-08-20 → 2026-08-20) 57154 bytes
2026-08-10 09:37:20,600 [INFO] [OK] USA/ECM_ENSEMBLE_Soy_PRCP_DEP/daily dia 11 (2026-08-21 → 2026-08-21) 58288 bytes
2026-08-10 09:37:20,756 [INFO] [OK] USA/ECM_ENSEMBLE_Soy_PRCP_DEP/daily dia 12 (2026-08-22 → 2026-08-22) 57829 bytes
2026-08-10 09:37:21,229 [INFO] [OK] USA/ECM_ENSEMBLE_Soy_PRCP_DEP/daily dia 13 (2026-08-23 → 2026-08-23) 57453 bytes
2026-08-10 09:37:21,988 [INFO] [OK] USA/ECM_ENSEMBLE_Soy_PRCP_DEP/daily dia 14 (2026-08-24 → 2026-08-24) 55889 bytes
2026-08-10 09:37:22,074 [INFO] [OK] USA/ECM_ENSEMBLE_Soy_PRCP_DEP/cumulative dia 00 (2026-08-10 → 2026-08-10) 55363 bytes
2026-08-10 09:37:22,322 [INFO] [OK] USA/ECM_ENSEMBLE_Soy_PRCP_DEP/cumulative dia 01 (2026-08-10 → 2026-08-11) 56767 bytes
2026-08-10 09:37:22,408 [INFO] [OK] USA/ECM_ENSEMBLE_Soy_PRCP_DEP/cumulative dia 02 (2026-08-10 → 2026-08-12) 58999 bytes
2026-08-10 09:37:22,729 [INFO] [OK] USA/ECM_ENSEMBLE_Soy_PRCP_DEP/cumulative dia 03 (2026-08-10 → 2026-08-13) 58260 bytes
2026-08-10 09:37:23,262 [INFO] [OK] USA/ECM_ENSEMBLE_Soy_PRCP_DEP/cumulative dia 04 (2026-08-10 → 2026-08-14) 58225 bytes
2026-08-10 09:37:24,093 [INFO] [OK] USA/ECM_ENSEMBLE_Soy_PRCP_DEP/cumulative dia 05 (2026-08-10 → 2026-08-15) 58184 bytes
2026-08-10 09:37:24,346 [INFO] [OK] USA/ECM_ENSEMBLE_Soy_PRCP_DEP/cumulative dia 06 (2026-08-10 → 2026-08-16) 58588 bytes
2026-08-10 09:37:24,718 [INFO] [OK] USA/ECM_ENSEMBLE_Soy_PRCP_DEP/cumulative dia 07 (2026-08-10 → 2026-08-17) 58726 bytes
2026-08-10 09:37:24,887 [INFO] [OK] USA/ECM_ENSEMBLE_Soy_PRCP_DEP/cumulative dia 08 (2026-08-10 → 2026-08-18) 59030 bytes
2026-08-10 09:37:25,423 [INFO] [OK] USA/ECM_ENSEMBLE_Soy_PRCP_DEP/cumulative dia 09 (2026-08-10 → 2026-08-19) 58612 bytes
2026-08-10 09:37:25,928 [INFO] [OK] USA/ECM_ENSEMBLE_Soy_PRCP_DEP/cumulative dia 10 (2026-08-10 → 2026-08-20) 58674 bytes
2026-08-10 09:37:26,957 [INFO] [OK] USA/ECM_ENSEMBLE_Soy_PRCP_DEP/cumulative dia 11 (2026-08-10 → 2026-08-21) 58831 bytes
2026-08-10 09:37:26,993 [INFO] [OK] USA/ECM_ENSEMBLE_Soy_PRCP/daily dia 00 (2026-08-10 → 2026-08-10) 37026 bytes
2026-08-10 09:37:27,144 [INFO] [OK] USA/ECM_ENSEMBLE_Soy_PRCP_DEP/cumulative dia 12 (2026-08-10 → 2026-08-22) 59039 bytes
2026-08-10 09:37:27,565 [INFO] [OK] USA/ECM_ENSEMBLE_Soy_PRCP/daily dia 01 (2026-08-11 → 2026-08-11) 37212 bytes
2026-08-10 09:37:27,861 [INFO] [OK] USA/ECM_ENSEMBLE_Soy_PRCP_DEP/cumulative dia 13 (2026-08-10 → 2026-08-23) 58793 bytes
2026-08-10 09:37:27,990 [INFO] [OK] USA/ECM_ENSEMBLE_Soy_PRCP_DEP/cumulative dia 14 (2026-08-10 → 2026-08-24) 58945 bytes
2026-08-10 09:37:28,477 [INFO] [OK] USA/ECM_ENSEMBLE_Soy_PRCP/daily dia 02 (2026-08-12 → 2026-08-12) 37986 bytes
2026-08-10 09:37:28,507 [INFO] [OK] USA/ECM_ENSEMBLE_Soy_PRCP/daily dia 03 (2026-08-13 → 2026-08-13) 39085 bytes
2026-08-10 09:37:28,655 [INFO] [OK] USA/ECM_ENSEMBLE_Soy_PRCP/daily dia 04 (2026-08-14 → 2026-08-14) 38757 bytes
2026-08-10 09:37:29,200 [INFO] [OK] USA/ECM_ENSEMBLE_Soy_PRCP/daily dia 05 (2026-08-15 → 2026-08-15) 37127 bytes
2026-08-10 09:37:29,397 [INFO] [OK] USA/ECM_ENSEMBLE_Soy_PRCP/daily dia 06 (2026-08-16 → 2026-08-16) 36131 bytes
2026-08-10 09:37:29,554 [INFO] [OK] USA/ECM_ENSEMBLE_Soy_PRCP/daily dia 07 (2026-08-17 → 2026-08-17) 35552 bytes
2026-08-10 09:37:30,012 [INFO] [OK] USA/ECM_ENSEMBLE_Soy_PRCP/daily dia 09 (2026-08-19 → 2026-08-19) 35184 bytes
2026-08-10 09:37:30,049 [INFO] [OK] USA/ECM_ENSEMBLE_Soy_PRCP/daily dia 08 (2026-08-18 → 2026-08-18) 35415 bytes
2026-08-10 09:37:30,149 [INFO] [OK] USA/ECM_ENSEMBLE_Soy_PRCP/daily dia 10 (2026-08-20 → 2026-08-20) 35370 bytes
2026-08-10 09:37:30,763 [INFO] [OK] USA/ECM_ENSEMBLE_Soy_PRCP/daily dia 11 (2026-08-21 → 2026-08-21) 35011 bytes
2026-08-10 09:37:31,144 [INFO] [OK] USA/ECM_ENSEMBLE_Soy_PRCP/daily dia 12 (2026-08-22 → 2026-08-22) 34976 bytes
2026-08-10 09:37:31,626 [INFO] [OK] USA/ECM_ENSEMBLE_Soy_PRCP/daily dia 13 (2026-08-23 → 2026-08-23) 35176 bytes
2026-08-10 09:37:31,781 [INFO] [OK] USA/ECM_ENSEMBLE_Soy_PRCP/daily dia 14 (2026-08-24 → 2026-08-24) 34467 bytes
2026-08-10 09:37:31,905 [INFO] [OK] USA/ECM_ENSEMBLE_Soy_PRCP/cumulative dia 00 (2026-08-10 → 2026-08-10) 37026 bytes
2026-08-10 09:37:31,969 [INFO] [OK] USA/ECM_ENSEMBLE_Soy_PRCP/cumulative dia 01 (2026-08-10 → 2026-08-11) 40127 bytes
2026-08-10 09:37:32,652 [INFO] [OK] USA/ECM_ENSEMBLE_Soy_PRCP/cumulative dia 02 (2026-08-10 → 2026-08-12) 42917 bytes
2026-08-10 09:37:33,168 [INFO] [OK] USA/ECM_ENSEMBLE_Soy_PRCP/cumulative dia 03 (2026-08-10 → 2026-08-13) 45702 bytes
2026-08-10 09:37:33,686 [INFO] [OK] USA/ECM_ENSEMBLE_Soy_PRCP/cumulative dia 04 (2026-08-10 → 2026-08-14) 47208 bytes
2026-08-10 09:37:35,019 [INFO] [OK] USA/ECM_ENSEMBLE_Soy_PRCP/cumulative dia 05 (2026-08-10 → 2026-08-15) 48738 bytes
2026-08-10 09:37:35,032 [INFO] [OK] USA/ECM_ENSEMBLE_Soy_PRCP/cumulative dia 07 (2026-08-10 → 2026-08-17) 50346 bytes
2026-08-10 09:37:35,033 [INFO] [OK] USA/ECM_ENSEMBLE_Soy_PRCP/cumulative dia 06 (2026-08-10 → 2026-08-16) 49763 bytes
2026-08-10 09:37:35,711 [INFO] [OK] USA/ECM_ENSEMBLE_Soy_PRCP/cumulative dia 08 (2026-08-10 → 2026-08-18) 50794 bytes
2026-08-10 09:37:35,714 [INFO] [OK] USA/ECM_ENSEMBLE_Soy_PRCP/cumulative dia 09 (2026-08-10 → 2026-08-19) 51239 bytes
2026-08-10 09:37:36,345 [INFO] [OK] USA/ECM_ENSEMBLE_Soy_PRCP/cumulative dia 10 (2026-08-10 → 2026-08-20) 51140 bytes
2026-08-10 09:37:37,724 [INFO] [OK] USA/ECM_ENSEMBLE_Wheat_Winter_PRCP_DEP/daily dia 00 (2026-08-10 → 2026-08-10) 56630 bytes
2026-08-10 09:37:37,877 [INFO] [OK] USA/ECM_ENSEMBLE_Soy_PRCP/cumulative dia 11 (2026-08-10 → 2026-08-21) 51347 bytes
2026-08-10 09:37:38,049 [INFO] [OK] USA/ECM_ENSEMBLE_Soy_PRCP/cumulative dia 13 (2026-08-10 → 2026-08-23) 51789 bytes
2026-08-10 09:37:38,055 [INFO] [OK] USA/ECM_ENSEMBLE_Soy_PRCP/cumulative dia 12 (2026-08-10 → 2026-08-22) 51945 bytes
2026-08-10 09:37:38,113 [INFO] [OK] USA/ECM_ENSEMBLE_Wheat_Winter_PRCP_DEP/daily dia 01 (2026-08-11 → 2026-08-11) 56695 bytes
2026-08-10 09:37:38,741 [INFO] [OK] USA/ECM_ENSEMBLE_Soy_PRCP/cumulative dia 14 (2026-08-10 → 2026-08-24) 51877 bytes
2026-08-10 09:37:39,553 [INFO] [OK] USA/ECM_ENSEMBLE_Wheat_Winter_PRCP_DEP/daily dia 02 (2026-08-12 → 2026-08-12) 58292 bytes
2026-08-10 09:37:39,713 [INFO] [OK] USA/ECM_ENSEMBLE_Wheat_Winter_PRCP_DEP/daily dia 05 (2026-08-15 → 2026-08-15) 58782 bytes
2026-08-10 09:37:39,715 [INFO] [OK] USA/ECM_ENSEMBLE_Wheat_Winter_PRCP_DEP/daily dia 03 (2026-08-13 → 2026-08-13) 56214 bytes
2026-08-10 09:37:39,733 [INFO] [OK] USA/ECM_ENSEMBLE_Wheat_Winter_PRCP_DEP/daily dia 04 (2026-08-14 → 2026-08-14) 58481 bytes
2026-08-10 09:37:39,886 [INFO] [OK] USA/ECM_ENSEMBLE_Wheat_Winter_PRCP_DEP/daily dia 06 (2026-08-16 → 2026-08-16) 59250 bytes
2026-08-10 09:37:40,588 [INFO] [OK] USA/ECM_ENSEMBLE_Wheat_Winter_PRCP_DEP/daily dia 07 (2026-08-17 → 2026-08-17) 60052 bytes
2026-08-10 09:37:41,191 [INFO] [OK] USA/ECM_ENSEMBLE_Wheat_Winter_PRCP_DEP/daily dia 08 (2026-08-18 → 2026-08-18) 57859 bytes
2026-08-10 09:37:41,333 [INFO] [OK] USA/ECM_ENSEMBLE_Wheat_Winter_PRCP_DEP/daily dia 11 (2026-08-21 → 2026-08-21) 59843 bytes
2026-08-10 09:37:41,413 [INFO] [OK] USA/ECM_ENSEMBLE_Wheat_Winter_PRCP_DEP/daily dia 09 (2026-08-19 → 2026-08-19) 58097 bytes
2026-08-10 09:37:41,478 [INFO] [OK] USA/ECM_ENSEMBLE_Wheat_Winter_PRCP_DEP/daily dia 10 (2026-08-20 → 2026-08-20) 59006 bytes
2026-08-10 09:37:41,620 [INFO] [OK] USA/ECM_ENSEMBLE_Wheat_Winter_PRCP_DEP/daily dia 12 (2026-08-22 → 2026-08-22) 59561 bytes
2026-08-10 09:37:42,130 [INFO] [OK] USA/ECM_ENSEMBLE_Wheat_Winter_PRCP_DEP/daily dia 13 (2026-08-23 → 2026-08-23) 59071 bytes
2026-08-10 09:37:42,876 [INFO] [OK] USA/ECM_ENSEMBLE_Wheat_Winter_PRCP_DEP/daily dia 14 (2026-08-24 → 2026-08-24) 58011 bytes
2026-08-10 09:37:43,099 [INFO] [OK] USA/ECM_ENSEMBLE_Wheat_Winter_PRCP_DEP/cumulative dia 00 (2026-08-10 → 2026-08-10) 56630 bytes
2026-08-10 09:37:43,371 [INFO] [OK] USA/ECM_ENSEMBLE_Wheat_Winter_PRCP_DEP/cumulative dia 01 (2026-08-10 → 2026-08-11) 57695 bytes
2026-08-10 09:37:43,456 [INFO] [OK] USA/ECM_ENSEMBLE_Wheat_Winter_PRCP_DEP/cumulative dia 02 (2026-08-10 → 2026-08-12) 59962 bytes
2026-08-10 09:37:43,486 [INFO] [OK] USA/ECM_ENSEMBLE_Wheat_Winter_PRCP_DEP/cumulative dia 03 (2026-08-10 → 2026-08-13) 59402 bytes
2026-08-10 09:37:44,077 [INFO] [OK] USA/ECM_ENSEMBLE_Wheat_Winter_PRCP_DEP/cumulative dia 04 (2026-08-10 → 2026-08-14) 59509 bytes
2026-08-10 09:37:45,136 [INFO] [OK] USA/ECM_ENSEMBLE_Wheat_Winter_PRCP_DEP/cumulative dia 05 (2026-08-10 → 2026-08-15) 59603 bytes
2026-08-10 09:37:45,286 [INFO] [OK] USA/ECM_ENSEMBLE_Wheat_Winter_PRCP_DEP/cumulative dia 06 (2026-08-10 → 2026-08-16) 59961 bytes
2026-08-10 09:37:45,694 [INFO] [OK] USA/ECM_ENSEMBLE_Wheat_Winter_PRCP_DEP/cumulative dia 07 (2026-08-10 → 2026-08-17) 60017 bytes
2026-08-10 09:37:46,073 [INFO] [OK] USA/ECM_ENSEMBLE_Wheat_Winter_PRCP_DEP/cumulative dia 08 (2026-08-10 → 2026-08-18) 60472 bytes
2026-08-10 09:37:46,083 [INFO] [OK] USA/ECM_ENSEMBLE_Wheat_Winter_PRCP_DEP/cumulative dia 09 (2026-08-10 → 2026-08-19) 59972 bytes
2026-08-10 09:37:46,692 [INFO] [OK] USA/ECM_ENSEMBLE_Wheat_Winter_PRCP_DEP/cumulative dia 10 (2026-08-10 → 2026-08-20) 59775 bytes
2026-08-10 09:37:47,857 [INFO] [OK] USA/ECM_ENSEMBLE_Wheat_Winter_PRCP/daily dia 00 (2026-08-10 → 2026-08-10) 38502 bytes
2026-08-10 09:37:47,892 [INFO] [OK] USA/ECM_ENSEMBLE_Wheat_Winter_PRCP_DEP/cumulative dia 11 (2026-08-10 → 2026-08-21) 60092 bytes
2026-08-10 09:37:48,179 [INFO] [OK] USA/ECM_ENSEMBLE_Wheat_Winter_PRCP_DEP/cumulative dia 12 (2026-08-10 → 2026-08-22) 60305 bytes
2026-08-10 09:37:48,435 [INFO] [OK] USA/ECM_ENSEMBLE_Wheat_Winter_PRCP/daily dia 01 (2026-08-11 → 2026-08-11) 38881 bytes
2026-08-10 09:37:48,646 [INFO] [OK] USA/ECM_ENSEMBLE_Wheat_Winter_PRCP_DEP/cumulative dia 13 (2026-08-10 → 2026-08-23) 60273 bytes
2026-08-10 09:37:49,179 [INFO] [OK] USA/ECM_ENSEMBLE_Wheat_Winter_PRCP_DEP/cumulative dia 14 (2026-08-10 → 2026-08-24) 60336 bytes
2026-08-10 09:37:49,545 [INFO] [OK] USA/ECM_ENSEMBLE_Wheat_Winter_PRCP/daily dia 03 (2026-08-13 → 2026-08-13) 40615 bytes
2026-08-10 09:37:49,555 [INFO] [OK] USA/ECM_ENSEMBLE_Wheat_Winter_PRCP/daily dia 02 (2026-08-12 → 2026-08-12) 39468 bytes
2026-08-10 09:37:49,768 [INFO] [OK] USA/ECM_ENSEMBLE_Wheat_Winter_PRCP/daily dia 04 (2026-08-14 → 2026-08-14) 40225 bytes
2026-08-10 09:37:50,006 [INFO] [OK] USA/ECM_ENSEMBLE_Wheat_Winter_PRCP/daily dia 05 (2026-08-15 → 2026-08-15) 38590 bytes
2026-08-10 09:37:50,212 [INFO] [OK] USA/ECM_ENSEMBLE_Wheat_Winter_PRCP/daily dia 06 (2026-08-16 → 2026-08-16) 37427 bytes
2026-08-10 09:37:50,772 [INFO] [OK] USA/ECM_ENSEMBLE_Wheat_Winter_PRCP/daily dia 07 (2026-08-17 → 2026-08-17) 37047 bytes
2026-08-10 09:37:51,137 [INFO] [OK] USA/ECM_ENSEMBLE_Wheat_Winter_PRCP/daily dia 09 (2026-08-19 → 2026-08-19) 36696 bytes
2026-08-10 09:37:51,169 [INFO] [OK] USA/ECM_ENSEMBLE_Wheat_Winter_PRCP/daily dia 08 (2026-08-18 → 2026-08-18) 37060 bytes
2026-08-10 09:37:51,368 [INFO] [OK] USA/ECM_ENSEMBLE_Wheat_Winter_PRCP/daily dia 10 (2026-08-20 → 2026-08-20) 36764 bytes
2026-08-10 09:37:51,632 [INFO] [OK] USA/ECM_ENSEMBLE_Wheat_Winter_PRCP/daily dia 11 (2026-08-21 → 2026-08-21) 36483 bytes
2026-08-10 09:37:51,767 [INFO] [OK] USA/ECM_ENSEMBLE_Wheat_Winter_PRCP/daily dia 12 (2026-08-22 → 2026-08-22) 36523 bytes
2026-08-10 09:37:52,392 [INFO] [OK] USA/ECM_ENSEMBLE_Wheat_Winter_PRCP/daily dia 13 (2026-08-23 → 2026-08-23) 36693 bytes
2026-08-10 09:37:52,679 [INFO] [OK] USA/ECM_ENSEMBLE_Wheat_Winter_PRCP/daily dia 14 (2026-08-24 → 2026-08-24) 36077 bytes
2026-08-10 09:37:52,762 [INFO] [OK] USA/ECM_ENSEMBLE_Wheat_Winter_PRCP/cumulative dia 00 (2026-08-10 → 2026-08-10) 38502 bytes
2026-08-10 09:37:52,993 [INFO] [OK] USA/ECM_ENSEMBLE_Wheat_Winter_PRCP/cumulative dia 01 (2026-08-10 → 2026-08-11) 41597 bytes
2026-08-10 09:37:53,467 [INFO] [OK] USA/ECM_ENSEMBLE_Wheat_Winter_PRCP/cumulative dia 02 (2026-08-10 → 2026-08-12) 44324 bytes
2026-08-10 09:37:53,695 [INFO] [OK] USA/ECM_ENSEMBLE_Wheat_Winter_PRCP/cumulative dia 03 (2026-08-10 → 2026-08-13) 47157 bytes
2026-08-10 09:37:54,897 [INFO] [OK] USA/ECM_ENSEMBLE_Wheat_Winter_PRCP/cumulative dia 04 (2026-08-10 → 2026-08-14) 48837 bytes
2026-08-10 09:37:54,900 [INFO] [OK] USA/ECM_ENSEMBLE_Wheat_Winter_PRCP/cumulative dia 05 (2026-08-10 → 2026-08-15) 50303 bytes
2026-08-10 09:37:55,827 [INFO] [OK] USA/ECM_ENSEMBLE_Wheat_Winter_PRCP/cumulative dia 06 (2026-08-10 → 2026-08-16) 51392 bytes
2026-08-10 09:37:55,830 [INFO] [OK] USA/ECM_ENSEMBLE_Wheat_Winter_PRCP/cumulative dia 07 (2026-08-10 → 2026-08-17) 51796 bytes
2026-08-10 09:37:56,663 [INFO] [OK] USA/ECM_ENSEMBLE_Wheat_Winter_PRCP/cumulative dia 08 (2026-08-10 → 2026-08-18) 52130 bytes
2026-08-10 09:37:56,670 [INFO] [OK] USA/ECM_ENSEMBLE_Wheat_Winter_PRCP/cumulative dia 09 (2026-08-10 → 2026-08-19) 52764 bytes
2026-08-10 09:37:57,408 [INFO] [OK] USA/ECM_ENSEMBLE_Wheat_Winter_PRCP/cumulative dia 10 (2026-08-10 → 2026-08-20) 52552 bytes
2026-08-10 09:37:57,630 [INFO] [OK] USA/ECM_ENSEMBLE_Wheat_Winter_PRCP/cumulative dia 11 (2026-08-10 → 2026-08-21) 53105 bytes
2026-08-10 09:37:58,475 [INFO] [OK] USA/ECM_ENSEMBLE_Wheat_Spring_PRCP_DEP/daily dia 00 (2026-08-10 → 2026-08-10) 53392 bytes
2026-08-10 09:37:59,376 [INFO] [OK] USA/ECM_ENSEMBLE_Wheat_Spring_PRCP_DEP/daily dia 01 (2026-08-11 → 2026-08-11) 53566 bytes
2026-08-10 09:37:59,999 [INFO] [OK] USA/ECM_ENSEMBLE_Wheat_Spring_PRCP_DEP/daily dia 02 (2026-08-12 → 2026-08-12) 54870 bytes
2026-08-10 09:38:00,068 [INFO] [OK] USA/ECM_ENSEMBLE_Wheat_Winter_PRCP/cumulative dia 14 (2026-08-10 → 2026-08-24) 53662 bytes
2026-08-10 09:38:00,159 [INFO] [OK] USA/ECM_ENSEMBLE_Wheat_Winter_PRCP/cumulative dia 13 (2026-08-10 → 2026-08-23) 53368 bytes
2026-08-10 09:38:00,161 [INFO] [OK] USA/ECM_ENSEMBLE_Wheat_Winter_PRCP/cumulative dia 12 (2026-08-10 → 2026-08-22) 53491 bytes
2026-08-10 09:38:00,458 [INFO] [OK] USA/ECM_ENSEMBLE_Wheat_Spring_PRCP_DEP/daily dia 03 (2026-08-13 → 2026-08-13) 52715 bytes
2026-08-10 09:38:01,395 [INFO] [OK] USA/ECM_ENSEMBLE_Wheat_Spring_PRCP_DEP/daily dia 04 (2026-08-14 → 2026-08-14) 54655 bytes
2026-08-10 09:38:01,749 [INFO] [OK] USA/ECM_ENSEMBLE_Wheat_Spring_PRCP_DEP/daily dia 05 (2026-08-15 → 2026-08-15) 55308 bytes
2026-08-10 09:38:02,080 [INFO] [OK] USA/ECM_ENSEMBLE_Wheat_Spring_PRCP_DEP/daily dia 08 (2026-08-18 → 2026-08-18) 54026 bytes
2026-08-10 09:38:02,082 [INFO] [OK] USA/ECM_ENSEMBLE_Wheat_Spring_PRCP_DEP/daily dia 07 (2026-08-17 → 2026-08-17) 56301 bytes
2026-08-10 09:38:02,086 [INFO] [OK] USA/ECM_ENSEMBLE_Wheat_Spring_PRCP_DEP/daily dia 06 (2026-08-16 → 2026-08-16) 55505 bytes
2026-08-10 09:38:02,325 [INFO] [OK] USA/ECM_ENSEMBLE_Wheat_Spring_PRCP_DEP/daily dia 09 (2026-08-19 → 2026-08-19) 54611 bytes
2026-08-10 09:38:03,015 [INFO] [OK] USA/ECM_ENSEMBLE_Wheat_Spring_PRCP_DEP/daily dia 10 (2026-08-20 → 2026-08-20) 54937 bytes
2026-08-10 09:38:03,395 [INFO] [OK] USA/ECM_ENSEMBLE_Wheat_Spring_PRCP_DEP/daily dia 11 (2026-08-21 → 2026-08-21) 56294 bytes
2026-08-10 09:38:03,837 [INFO] [OK] USA/ECM_ENSEMBLE_Wheat_Spring_PRCP_DEP/daily dia 13 (2026-08-23 → 2026-08-23) 55860 bytes
2026-08-10 09:38:03,843 [INFO] [OK] USA/ECM_ENSEMBLE_Wheat_Spring_PRCP_DEP/daily dia 14 (2026-08-24 → 2026-08-24) 54331 bytes
2026-08-10 09:38:03,996 [INFO] [OK] USA/ECM_ENSEMBLE_Wheat_Spring_PRCP_DEP/daily dia 12 (2026-08-22 → 2026-08-22) 56070 bytes
2026-08-10 09:38:04,460 [INFO] [OK] USA/ECM_ENSEMBLE_Wheat_Spring_PRCP_DEP/cumulative dia 00 (2026-08-10 → 2026-08-10) 53392 bytes
2026-08-10 09:38:05,307 [INFO] [OK] USA/ECM_ENSEMBLE_Wheat_Spring_PRCP_DEP/cumulative dia 01 (2026-08-10 → 2026-08-11) 54734 bytes
2026-08-10 09:38:05,523 [INFO] [OK] USA/ECM_ENSEMBLE_Wheat_Spring_PRCP_DEP/cumulative dia 02 (2026-08-10 → 2026-08-12) 57115 bytes
2026-08-10 09:38:05,888 [INFO] [OK] USA/ECM_ENSEMBLE_Wheat_Spring_PRCP_DEP/cumulative dia 03 (2026-08-10 → 2026-08-13) 56251 bytes
2026-08-10 09:38:06,524 [INFO] [OK] USA/ECM_ENSEMBLE_Wheat_Spring_PRCP_DEP/cumulative dia 04 (2026-08-10 → 2026-08-14) 55960 bytes
2026-08-10 09:38:06,777 [INFO] [OK] USA/ECM_ENSEMBLE_Wheat_Spring_PRCP_DEP/cumulative dia 05 (2026-08-10 → 2026-08-15) 56136 bytes
2026-08-10 09:38:06,789 [INFO] [OK] USA/ECM_ENSEMBLE_Wheat_Spring_PRCP_DEP/cumulative dia 06 (2026-08-10 → 2026-08-16) 56595 bytes
2026-08-10 09:38:07,824 [INFO] [OK] USA/ECM_ENSEMBLE_Wheat_Spring_PRCP_DEP/cumulative dia 07 (2026-08-10 → 2026-08-17) 56607 bytes
2026-08-10 09:38:08,029 [INFO] [OK] USA/ECM_ENSEMBLE_Wheat_Spring_PRCP_DEP/cumulative dia 08 (2026-08-10 → 2026-08-18) 56708 bytes
2026-08-10 09:38:08,572 [INFO] [OK] USA/ECM_ENSEMBLE_Wheat_Spring_PRCP_DEP/cumulative dia 09 (2026-08-10 → 2026-08-19) 56306 bytes
2026-08-10 09:38:09,371 [INFO] [OK] USA/ECM_ENSEMBLE_Wheat_Spring_PRCP_DEP/cumulative dia 10 (2026-08-10 → 2026-08-20) 56284 bytes
2026-08-10 09:38:09,515 [INFO] [OK] USA/ECM_ENSEMBLE_Wheat_Spring_PRCP_DEP/cumulative dia 11 (2026-08-10 → 2026-08-21) 56629 bytes
2026-08-10 09:38:09,751 [INFO] [OK] USA/ECM_ENSEMBLE_Wheat_Spring_PRCP_DEP/cumulative dia 12 (2026-08-10 → 2026-08-22) 56627 bytes
2026-08-10 09:38:10,572 [INFO] [OK] USA/ECM_ENSEMBLE_Wheat_Spring_PRCP/daily dia 00 (2026-08-10 → 2026-08-10) 35443 bytes
2026-08-10 09:38:10,813 [INFO] [OK] USA/ECM_ENSEMBLE_Wheat_Spring_PRCP_DEP/cumulative dia 13 (2026-08-10 → 2026-08-23) 56590 bytes
2026-08-10 09:38:10,963 [INFO] [OK] USA/ECM_ENSEMBLE_Wheat_Spring_PRCP/daily dia 01 (2026-08-11 → 2026-08-11) 35659 bytes
2026-08-10 09:38:11,117 [INFO] [OK] USA/ECM_ENSEMBLE_Wheat_Spring_PRCP_DEP/cumulative dia 14 (2026-08-10 → 2026-08-24) 56531 bytes
2026-08-10 09:38:11,179 [INFO] [OK] USA/ECM_ENSEMBLE_Wheat_Spring_PRCP/daily dia 02 (2026-08-12 → 2026-08-12) 36274 bytes
2026-08-10 09:38:11,306 [INFO] [OK] USA/ECM_ENSEMBLE_Wheat_Spring_PRCP/daily dia 03 (2026-08-13 → 2026-08-13) 37517 bytes
2026-08-10 09:38:12,308 [INFO] [OK] USA/ECM_ENSEMBLE_Wheat_Spring_PRCP/daily dia 04 (2026-08-14 → 2026-08-14) 37206 bytes
2026-08-10 09:38:12,434 [INFO] [OK] USA/ECM_ENSEMBLE_Wheat_Spring_PRCP/daily dia 05 (2026-08-15 → 2026-08-15) 35615 bytes
2026-08-10 09:38:12,566 [INFO] [OK] USA/ECM_ENSEMBLE_Wheat_Spring_PRCP/daily dia 06 (2026-08-16 → 2026-08-16) 34343 bytes
2026-08-10 09:38:12,658 [INFO] [OK] USA/ECM_ENSEMBLE_Wheat_Spring_PRCP/daily dia 07 (2026-08-17 → 2026-08-17) 34027 bytes
2026-08-10 09:38:12,991 [INFO] [OK] USA/ECM_ENSEMBLE_Wheat_Spring_PRCP/daily dia 09 (2026-08-19 → 2026-08-19) 33758 bytes
2026-08-10 09:38:12,991 [INFO] [OK] USA/ECM_ENSEMBLE_Wheat_Spring_PRCP/daily dia 08 (2026-08-18 → 2026-08-18) 34104 bytes
2026-08-10 09:38:13,907 [INFO] [OK] USA/ECM_ENSEMBLE_Wheat_Spring_PRCP/daily dia 10 (2026-08-20 → 2026-08-20) 33781 bytes
2026-08-10 09:38:14,019 [INFO] [OK] USA/ECM_ENSEMBLE_Wheat_Spring_PRCP/daily dia 11 (2026-08-21 → 2026-08-21) 33641 bytes
2026-08-10 09:38:14,154 [INFO] [OK] USA/ECM_ENSEMBLE_Wheat_Spring_PRCP/daily dia 12 (2026-08-22 → 2026-08-22) 33567 bytes
2026-08-10 09:38:14,330 [INFO] [OK] USA/ECM_ENSEMBLE_Wheat_Spring_PRCP/daily dia 13 (2026-08-23 → 2026-08-23) 33732 bytes
2026-08-10 09:38:14,649 [INFO] [OK] USA/ECM_ENSEMBLE_Wheat_Spring_PRCP/cumulative dia 00 (2026-08-10 → 2026-08-10) 35443 bytes
2026-08-10 09:38:14,731 [INFO] [OK] USA/ECM_ENSEMBLE_Wheat_Spring_PRCP/daily dia 14 (2026-08-24 → 2026-08-24) 33195 bytes
2026-08-10 09:38:15,799 [INFO] [OK] USA/ECM_ENSEMBLE_Wheat_Spring_PRCP/cumulative dia 02 (2026-08-10 → 2026-08-12) 40728 bytes
2026-08-10 09:38:15,802 [INFO] [OK] USA/ECM_ENSEMBLE_Wheat_Spring_PRCP/cumulative dia 01 (2026-08-10 → 2026-08-11) 38280 bytes
2026-08-10 09:38:16,544 [INFO] [OK] USA/ECM_ENSEMBLE_Wheat_Spring_PRCP/cumulative dia 03 (2026-08-10 → 2026-08-13) 43406 bytes
2026-08-10 09:38:16,669 [INFO] [OK] USA/ECM_ENSEMBLE_Wheat_Spring_PRCP/cumulative dia 04 (2026-08-10 → 2026-08-14) 45342 bytes
2026-08-10 09:38:17,275 [INFO] [OK] USA/ECM_ENSEMBLE_Wheat_Spring_PRCP/cumulative dia 06 (2026-08-10 → 2026-08-16) 47509 bytes
2026-08-10 09:38:17,284 [INFO] [OK] USA/ECM_ENSEMBLE_Wheat_Spring_PRCP/cumulative dia 05 (2026-08-10 → 2026-08-15) 46639 bytes
2026-08-10 09:38:22,008 [INFO] [OK] USA/ECM_ENSEMBLE_Wheat_Spring_PRCP/cumulative dia 07 (2026-08-10 → 2026-08-17) 47964 bytes
2026-08-10 09:38:22,014 [INFO] [OK] USA/ECM_ENSEMBLE_Wheat_Spring_PRCP/cumulative dia 08 (2026-08-10 → 2026-08-18) 48602 bytes
2026-08-10 09:38:23,777 [INFO] [OK] USA/ECM_ENSEMBLE_Wheat_Spring_PRCP/cumulative dia 09 (2026-08-10 → 2026-08-19) 49131 bytes
2026-08-10 09:38:24,788 [INFO] [OK] USA/ECM_ENSEMBLE_Wheat_Spring_PRCP/cumulative dia 12 (2026-08-10 → 2026-08-22) 49779 bytes
2026-08-10 09:38:24,789 [INFO] [OK] USA/ECM_ENSEMBLE_Wheat_Spring_PRCP/cumulative dia 11 (2026-08-10 → 2026-08-21) 49359 bytes
2026-08-10 09:38:24,790 [INFO] [OK] USA/ECM_ENSEMBLE_Wheat_Spring_PRCP/cumulative dia 10 (2026-08-10 → 2026-08-20) 48870 bytes
2026-08-10 09:38:27,324 [INFO] [OK] USA/ECM_ENSEMBLE_Wheat_Spring_PRCP/cumulative dia 14 (2026-08-10 → 2026-08-24) 49807 bytes
2026-08-10 09:38:27,330 [INFO] [OK] USA/ECM_ENSEMBLE_Wheat_Spring_PRCP/cumulative dia 13 (2026-08-10 → 2026-08-23) 49603 bytes
2026-08-10 09:38:27,480 [INFO] Resumo: 960/960 sucessos, 0 erros
