2026-08-16 09:33:18,615 [INFO] === Execução 2026-08-16 | modo=both | dias=15 | parâmetro=['PRCP_DEP', 'PRCP'] ===
2026-08-16 09:33:18,794 [INFO] Baixando 960 mapas com 6 threads...
2026-08-16 09:33:22,502 [INFO] [OK] Brazil/GFS_ENSEMBLE_Soy_PRCP_DEP/daily dia 05 (2026-08-21 → 2026-08-21) 39862 bytes
2026-08-16 09:33:22,505 [INFO] [OK] Brazil/GFS_ENSEMBLE_Soy_PRCP_DEP/daily dia 04 (2026-08-20 → 2026-08-20) 42623 bytes
2026-08-16 09:33:22,507 [INFO] [OK] Brazil/GFS_ENSEMBLE_Soy_PRCP_DEP/daily dia 00 (2026-08-16 → 2026-08-16) 40931 bytes
2026-08-16 09:33:22,673 [INFO] [OK] Brazil/GFS_ENSEMBLE_Soy_PRCP_DEP/daily dia 01 (2026-08-17 → 2026-08-17) 40751 bytes
2026-08-16 09:33:22,676 [INFO] [OK] Brazil/GFS_ENSEMBLE_Soy_PRCP_DEP/daily dia 02 (2026-08-18 → 2026-08-18) 39741 bytes
2026-08-16 09:33:22,675 [INFO] [OK] Brazil/GFS_ENSEMBLE_Soy_PRCP_DEP/daily dia 03 (2026-08-19 → 2026-08-19) 41952 bytes
2026-08-16 09:33:24,165 [INFO] [OK] Brazil/GFS_ENSEMBLE_Soy_PRCP_DEP/daily dia 07 (2026-08-23 → 2026-08-23) 46396 bytes
2026-08-16 09:33:24,170 [INFO] [OK] Brazil/GFS_ENSEMBLE_Soy_PRCP_DEP/daily dia 11 (2026-08-27 → 2026-08-27) 46623 bytes
2026-08-16 09:33:24,172 [INFO] [OK] Brazil/GFS_ENSEMBLE_Soy_PRCP_DEP/daily dia 08 (2026-08-24 → 2026-08-24) 47305 bytes
2026-08-16 09:33:24,570 [INFO] [OK] Brazil/GFS_ENSEMBLE_Soy_PRCP_DEP/daily dia 10 (2026-08-26 → 2026-08-26) 48523 bytes
2026-08-16 09:33:24,571 [INFO] [OK] Brazil/GFS_ENSEMBLE_Soy_PRCP_DEP/daily dia 06 (2026-08-22 → 2026-08-22) 43517 bytes
2026-08-16 09:33:24,778 [INFO] [OK] Brazil/GFS_ENSEMBLE_Soy_PRCP_DEP/daily dia 09 (2026-08-25 → 2026-08-25) 48430 bytes
2026-08-16 09:33:25,556 [INFO] [OK] Brazil/GFS_ENSEMBLE_Soy_PRCP_DEP/daily dia 13 (2026-08-29 → 2026-08-29) 49784 bytes
2026-08-16 09:33:25,600 [INFO] [OK] Brazil/GFS_ENSEMBLE_Soy_PRCP_DEP/daily dia 12 (2026-08-28 → 2026-08-28) 47170 bytes
2026-08-16 09:33:25,601 [INFO] [OK] Brazil/GFS_ENSEMBLE_Soy_PRCP_DEP/daily dia 14 (2026-08-30 → 2026-08-30) 49058 bytes
2026-08-16 09:33:26,145 [INFO] [OK] Brazil/GFS_ENSEMBLE_Soy_PRCP_DEP/cumulative dia 01 (2026-08-16 → 2026-08-17) 41623 bytes
2026-08-16 09:33:26,271 [INFO] [OK] Brazil/GFS_ENSEMBLE_Soy_PRCP_DEP/cumulative dia 00 (2026-08-16 → 2026-08-16) 40931 bytes
2026-08-16 09:33:26,280 [INFO] [OK] Brazil/GFS_ENSEMBLE_Soy_PRCP_DEP/cumulative dia 02 (2026-08-16 → 2026-08-18) 42253 bytes
2026-08-16 09:33:27,187 [INFO] [OK] Brazil/GFS_ENSEMBLE_Soy_PRCP_DEP/cumulative dia 03 (2026-08-16 → 2026-08-19) 43663 bytes
2026-08-16 09:33:27,373 [INFO] [OK] Brazil/GFS_ENSEMBLE_Soy_PRCP_DEP/cumulative dia 04 (2026-08-16 → 2026-08-20) 45127 bytes
2026-08-16 09:33:27,381 [INFO] [OK] Brazil/GFS_ENSEMBLE_Soy_PRCP_DEP/cumulative dia 05 (2026-08-16 → 2026-08-21) 45807 bytes
2026-08-16 09:33:28,177 [INFO] [OK] Brazil/GFS_ENSEMBLE_Soy_PRCP_DEP/cumulative dia 06 (2026-08-16 → 2026-08-22) 47672 bytes
2026-08-16 09:33:28,178 [INFO] [OK] Brazil/GFS_ENSEMBLE_Soy_PRCP_DEP/cumulative dia 07 (2026-08-16 → 2026-08-23) 49451 bytes
2026-08-16 09:33:28,259 [INFO] [OK] Brazil/GFS_ENSEMBLE_Soy_PRCP_DEP/cumulative dia 08 (2026-08-16 → 2026-08-24) 50797 bytes
2026-08-16 09:33:29,403 [INFO] [OK] Brazil/GFS_ENSEMBLE_Soy_PRCP_DEP/cumulative dia 09 (2026-08-16 → 2026-08-25) 53069 bytes
2026-08-16 09:33:29,557 [INFO] [OK] Brazil/GFS_ENSEMBLE_Soy_PRCP_DEP/cumulative dia 10 (2026-08-16 → 2026-08-26) 53480 bytes
2026-08-16 09:33:29,807 [INFO] [OK] Brazil/GFS_ENSEMBLE_Soy_PRCP_DEP/cumulative dia 11 (2026-08-16 → 2026-08-27) 53704 bytes
2026-08-16 09:33:30,641 [INFO] [OK] Brazil/GFS_ENSEMBLE_Soy_PRCP_DEP/cumulative dia 12 (2026-08-16 → 2026-08-28) 53897 bytes
2026-08-16 09:33:30,673 [INFO] [OK] Brazil/GFS_ENSEMBLE_Soy_PRCP_DEP/cumulative dia 13 (2026-08-16 → 2026-08-29) 53496 bytes
2026-08-16 09:33:30,712 [INFO] [OK] Brazil/GFS_ENSEMBLE_Soy_PRCP_DEP/cumulative dia 14 (2026-08-16 → 2026-08-30) 53384 bytes
2026-08-16 09:33:30,859 [INFO] [OK] Brazil/GFS_ENSEMBLE_Soy_PRCP/daily dia 01 (2026-08-17 → 2026-08-17) 32320 bytes
2026-08-16 09:33:30,914 [INFO] [OK] Brazil/GFS_ENSEMBLE_Soy_PRCP/daily dia 00 (2026-08-16 → 2026-08-16) 31086 bytes
2026-08-16 09:33:31,101 [INFO] [OK] Brazil/GFS_ENSEMBLE_Soy_PRCP/daily dia 02 (2026-08-18 → 2026-08-18) 31471 bytes
2026-08-16 09:33:31,984 [INFO] [OK] Brazil/GFS_ENSEMBLE_Soy_PRCP/daily dia 03 (2026-08-19 → 2026-08-19) 30888 bytes
2026-08-16 09:33:32,131 [INFO] [OK] Brazil/GFS_ENSEMBLE_Soy_PRCP/daily dia 05 (2026-08-21 → 2026-08-21) 27880 bytes
2026-08-16 09:33:32,136 [INFO] [OK] Brazil/GFS_ENSEMBLE_Soy_PRCP/daily dia 04 (2026-08-20 → 2026-08-20) 30493 bytes
2026-08-16 09:33:32,231 [INFO] [OK] Brazil/GFS_ENSEMBLE_Soy_PRCP/daily dia 06 (2026-08-22 → 2026-08-22) 28935 bytes
2026-08-16 09:33:32,247 [INFO] [OK] Brazil/GFS_ENSEMBLE_Soy_PRCP/daily dia 07 (2026-08-23 → 2026-08-23) 29893 bytes
2026-08-16 09:33:32,421 [INFO] [OK] Brazil/GFS_ENSEMBLE_Soy_PRCP/daily dia 08 (2026-08-24 → 2026-08-24) 30261 bytes
2026-08-16 09:33:33,456 [INFO] [OK] Brazil/GFS_ENSEMBLE_Soy_PRCP/daily dia 11 (2026-08-27 → 2026-08-27) 29931 bytes
2026-08-16 09:33:33,649 [INFO] [OK] Brazil/GFS_ENSEMBLE_Soy_PRCP/daily dia 13 (2026-08-29 → 2026-08-29) 29500 bytes
2026-08-16 09:33:33,651 [INFO] [OK] Brazil/GFS_ENSEMBLE_Soy_PRCP/daily dia 09 (2026-08-25 → 2026-08-25) 30565 bytes
2026-08-16 09:33:33,789 [INFO] [OK] Brazil/GFS_ENSEMBLE_Soy_PRCP/daily dia 12 (2026-08-28 → 2026-08-28) 29275 bytes
2026-08-16 09:33:33,847 [INFO] [OK] Brazil/GFS_ENSEMBLE_Soy_PRCP/daily dia 10 (2026-08-26 → 2026-08-26) 30539 bytes
2026-08-16 09:33:34,055 [INFO] [OK] Brazil/GFS_ENSEMBLE_Soy_PRCP/daily dia 14 (2026-08-30 → 2026-08-30) 30023 bytes
2026-08-16 09:33:34,855 [INFO] [OK] Brazil/GFS_ENSEMBLE_Soy_PRCP/cumulative dia 00 (2026-08-16 → 2026-08-16) 31086 bytes
2026-08-16 09:33:35,117 [INFO] [OK] Brazil/GFS_ENSEMBLE_Soy_PRCP/cumulative dia 02 (2026-08-16 → 2026-08-18) 35999 bytes
2026-08-16 09:33:35,196 [INFO] [OK] Brazil/GFS_ENSEMBLE_Soy_PRCP/cumulative dia 01 (2026-08-16 → 2026-08-17) 34437 bytes
2026-08-16 09:33:35,470 [INFO] [OK] Brazil/GFS_ENSEMBLE_Soy_PRCP/cumulative dia 03 (2026-08-16 → 2026-08-19) 37324 bytes
2026-08-16 09:33:35,693 [INFO] [OK] Brazil/GFS_ENSEMBLE_Soy_PRCP/cumulative dia 04 (2026-08-16 → 2026-08-20) 38109 bytes
2026-08-16 09:33:35,834 [INFO] [OK] Brazil/GFS_ENSEMBLE_Soy_PRCP/cumulative dia 05 (2026-08-16 → 2026-08-21) 38273 bytes
2026-08-16 09:33:36,677 [INFO] [OK] Brazil/GFS_ENSEMBLE_Soy_PRCP/cumulative dia 06 (2026-08-16 → 2026-08-22) 38869 bytes
2026-08-16 09:33:37,000 [INFO] [OK] Brazil/GFS_ENSEMBLE_Soy_PRCP/cumulative dia 07 (2026-08-16 → 2026-08-23) 39835 bytes
2026-08-16 09:33:37,217 [INFO] [OK] Brazil/GFS_ENSEMBLE_Soy_PRCP/cumulative dia 08 (2026-08-16 → 2026-08-24) 40525 bytes
2026-08-16 09:33:37,549 [INFO] [OK] Brazil/GFS_ENSEMBLE_Soy_PRCP/cumulative dia 09 (2026-08-16 → 2026-08-25) 41456 bytes
2026-08-16 09:33:37,871 [INFO] [OK] Brazil/GFS_ENSEMBLE_Soy_PRCP/cumulative dia 10 (2026-08-16 → 2026-08-26) 42259 bytes
2026-08-16 09:33:38,213 [INFO] [OK] Brazil/GFS_ENSEMBLE_Soy_PRCP/cumulative dia 11 (2026-08-16 → 2026-08-27) 42672 bytes
2026-08-16 09:33:39,123 [INFO] [OK] Brazil/GFS_ENSEMBLE_Corn_Winter_PRCP_DEP/daily dia 00 (2026-08-16 → 2026-08-16) 39380 bytes
2026-08-16 09:33:39,126 [INFO] [OK] Brazil/GFS_ENSEMBLE_Soy_PRCP/cumulative dia 12 (2026-08-16 → 2026-08-28) 43183 bytes
2026-08-16 09:33:39,276 [INFO] [OK] Brazil/GFS_ENSEMBLE_Corn_Winter_PRCP_DEP/daily dia 01 (2026-08-17 → 2026-08-17) 39415 bytes
2026-08-16 09:33:39,555 [INFO] [OK] Brazil/GFS_ENSEMBLE_Soy_PRCP/cumulative dia 13 (2026-08-16 → 2026-08-29) 43307 bytes
2026-08-16 09:33:39,687 [INFO] [OK] Brazil/GFS_ENSEMBLE_Soy_PRCP/cumulative dia 14 (2026-08-16 → 2026-08-30) 43330 bytes
2026-08-16 09:33:39,692 [INFO] [OK] Brazil/GFS_ENSEMBLE_Corn_Winter_PRCP_DEP/daily dia 02 (2026-08-18 → 2026-08-18) 38214 bytes
2026-08-16 09:33:40,571 [INFO] [OK] Brazil/GFS_ENSEMBLE_Corn_Winter_PRCP_DEP/daily dia 04 (2026-08-20 → 2026-08-20) 41148 bytes
2026-08-16 09:33:40,573 [INFO] [OK] Brazil/GFS_ENSEMBLE_Corn_Winter_PRCP_DEP/daily dia 03 (2026-08-19 → 2026-08-19) 40357 bytes
2026-08-16 09:33:40,657 [INFO] [OK] Brazil/GFS_ENSEMBLE_Corn_Winter_PRCP_DEP/daily dia 05 (2026-08-21 → 2026-08-21) 38308 bytes
2026-08-16 09:33:41,035 [INFO] [OK] Brazil/GFS_ENSEMBLE_Corn_Winter_PRCP_DEP/daily dia 06 (2026-08-22 → 2026-08-22) 42133 bytes
2026-08-16 09:33:41,108 [INFO] [OK] Brazil/GFS_ENSEMBLE_Corn_Winter_PRCP_DEP/daily dia 07 (2026-08-23 → 2026-08-23) 44845 bytes
2026-08-16 09:33:41,205 [INFO] [OK] Brazil/GFS_ENSEMBLE_Corn_Winter_PRCP_DEP/daily dia 08 (2026-08-24 → 2026-08-24) 45481 bytes
2026-08-16 09:33:41,929 [INFO] [OK] Brazil/GFS_ENSEMBLE_Corn_Winter_PRCP_DEP/daily dia 10 (2026-08-26 → 2026-08-26) 46864 bytes
2026-08-16 09:33:41,980 [INFO] [OK] Brazil/GFS_ENSEMBLE_Corn_Winter_PRCP_DEP/daily dia 09 (2026-08-25 → 2026-08-25) 46901 bytes
2026-08-16 09:33:42,060 [INFO] [OK] Brazil/GFS_ENSEMBLE_Corn_Winter_PRCP_DEP/daily dia 11 (2026-08-27 → 2026-08-27) 45170 bytes
2026-08-16 09:33:42,465 [INFO] [OK] Brazil/GFS_ENSEMBLE_Corn_Winter_PRCP_DEP/daily dia 12 (2026-08-28 → 2026-08-28) 45658 bytes
2026-08-16 09:33:42,527 [INFO] [OK] Brazil/GFS_ENSEMBLE_Corn_Winter_PRCP_DEP/daily dia 13 (2026-08-29 → 2026-08-29) 48017 bytes
2026-08-16 09:33:42,531 [INFO] [OK] Brazil/GFS_ENSEMBLE_Corn_Winter_PRCP_DEP/daily dia 14 (2026-08-30 → 2026-08-30) 47452 bytes
2026-08-16 09:33:43,313 [INFO] [OK] Brazil/GFS_ENSEMBLE_Corn_Winter_PRCP_DEP/cumulative dia 00 (2026-08-16 → 2026-08-16) 39380 bytes
2026-08-16 09:33:43,412 [INFO] [OK] Brazil/GFS_ENSEMBLE_Corn_Winter_PRCP_DEP/cumulative dia 01 (2026-08-16 → 2026-08-17) 40298 bytes
2026-08-16 09:33:43,565 [INFO] [OK] Brazil/GFS_ENSEMBLE_Corn_Winter_PRCP_DEP/cumulative dia 02 (2026-08-16 → 2026-08-18) 40826 bytes
2026-08-16 09:33:44,135 [INFO] [OK] Brazil/GFS_ENSEMBLE_Corn_Winter_PRCP_DEP/cumulative dia 03 (2026-08-16 → 2026-08-19) 42154 bytes
2026-08-16 09:33:44,201 [INFO] [OK] Brazil/GFS_ENSEMBLE_Corn_Winter_PRCP_DEP/cumulative dia 04 (2026-08-16 → 2026-08-20) 43628 bytes
2026-08-16 09:33:44,315 [INFO] [OK] Brazil/GFS_ENSEMBLE_Corn_Winter_PRCP_DEP/cumulative dia 05 (2026-08-16 → 2026-08-21) 44237 bytes
2026-08-16 09:33:45,372 [INFO] [OK] Brazil/GFS_ENSEMBLE_Corn_Winter_PRCP_DEP/cumulative dia 06 (2026-08-16 → 2026-08-22) 46212 bytes
2026-08-16 09:33:45,421 [INFO] [OK] Brazil/GFS_ENSEMBLE_Corn_Winter_PRCP_DEP/cumulative dia 07 (2026-08-16 → 2026-08-23) 48004 bytes
2026-08-16 09:33:45,721 [INFO] [OK] Brazil/GFS_ENSEMBLE_Corn_Winter_PRCP_DEP/cumulative dia 08 (2026-08-16 → 2026-08-24) 49189 bytes
2026-08-16 09:33:46,321 [INFO] [OK] Brazil/GFS_ENSEMBLE_Corn_Winter_PRCP_DEP/cumulative dia 09 (2026-08-16 → 2026-08-25) 51556 bytes
2026-08-16 09:33:46,361 [INFO] [OK] Brazil/GFS_ENSEMBLE_Corn_Winter_PRCP_DEP/cumulative dia 10 (2026-08-16 → 2026-08-26) 51942 bytes
2026-08-16 09:33:46,574 [INFO] [OK] Brazil/GFS_ENSEMBLE_Corn_Winter_PRCP_DEP/cumulative dia 11 (2026-08-16 → 2026-08-27) 52306 bytes
2026-08-16 09:33:47,793 [INFO] [OK] Brazil/GFS_ENSEMBLE_Corn_Winter_PRCP_DEP/cumulative dia 12 (2026-08-16 → 2026-08-28) 52439 bytes
2026-08-16 09:33:47,796 [INFO] [OK] Brazil/GFS_ENSEMBLE_Corn_Winter_PRCP_DEP/cumulative dia 13 (2026-08-16 → 2026-08-29) 51915 bytes
2026-08-16 09:33:47,799 [INFO] [OK] Brazil/GFS_ENSEMBLE_Corn_Winter_PRCP/daily dia 00 (2026-08-16 → 2026-08-16) 29406 bytes
2026-08-16 09:33:47,804 [INFO] [OK] Brazil/GFS_ENSEMBLE_Corn_Winter_PRCP/daily dia 01 (2026-08-17 → 2026-08-17) 30762 bytes
2026-08-16 09:33:47,992 [INFO] [OK] Brazil/GFS_ENSEMBLE_Corn_Winter_PRCP/daily dia 02 (2026-08-18 → 2026-08-18) 29772 bytes
2026-08-16 09:33:48,296 [INFO] [OK] Brazil/GFS_ENSEMBLE_Corn_Winter_PRCP_DEP/cumulative dia 14 (2026-08-16 → 2026-08-30) 51899 bytes
2026-08-16 09:33:49,113 [INFO] [OK] Brazil/GFS_ENSEMBLE_Corn_Winter_PRCP/daily dia 05 (2026-08-21 → 2026-08-21) 26222 bytes
2026-08-16 09:33:49,153 [INFO] [OK] Brazil/GFS_ENSEMBLE_Corn_Winter_PRCP/daily dia 06 (2026-08-22 → 2026-08-22) 27438 bytes
2026-08-16 09:33:49,269 [INFO] [OK] Brazil/GFS_ENSEMBLE_Corn_Winter_PRCP/daily dia 04 (2026-08-20 → 2026-08-20) 28779 bytes
2026-08-16 09:33:49,272 [INFO] [OK] Brazil/GFS_ENSEMBLE_Corn_Winter_PRCP/daily dia 03 (2026-08-19 → 2026-08-19) 29166 bytes
2026-08-16 09:33:49,298 [INFO] [OK] Brazil/GFS_ENSEMBLE_Corn_Winter_PRCP/daily dia 07 (2026-08-23 → 2026-08-23) 28502 bytes
2026-08-16 09:33:49,599 [INFO] [OK] Brazil/GFS_ENSEMBLE_Corn_Winter_PRCP/daily dia 08 (2026-08-24 → 2026-08-24) 28745 bytes
2026-08-16 09:33:50,399 [INFO] [OK] Brazil/GFS_ENSEMBLE_Corn_Winter_PRCP/daily dia 09 (2026-08-25 → 2026-08-25) 29110 bytes
2026-08-16 09:33:50,518 [INFO] [OK] Brazil/GFS_ENSEMBLE_Corn_Winter_PRCP/daily dia 10 (2026-08-26 → 2026-08-26) 29054 bytes
2026-08-16 09:33:50,633 [INFO] [OK] Brazil/GFS_ENSEMBLE_Corn_Winter_PRCP/daily dia 13 (2026-08-29 → 2026-08-29) 27995 bytes
2026-08-16 09:33:50,635 [INFO] [OK] Brazil/GFS_ENSEMBLE_Corn_Winter_PRCP/daily dia 11 (2026-08-27 → 2026-08-27) 28346 bytes
2026-08-16 09:33:50,638 [INFO] [OK] Brazil/GFS_ENSEMBLE_Corn_Winter_PRCP/daily dia 12 (2026-08-28 → 2026-08-28) 27872 bytes
2026-08-16 09:33:50,976 [INFO] [OK] Brazil/GFS_ENSEMBLE_Corn_Winter_PRCP/daily dia 14 (2026-08-30 → 2026-08-30) 28464 bytes
2026-08-16 09:33:51,793 [INFO] [OK] Brazil/GFS_ENSEMBLE_Corn_Winter_PRCP/cumulative dia 00 (2026-08-16 → 2026-08-16) 29406 bytes
2026-08-16 09:33:51,976 [INFO] [OK] Brazil/GFS_ENSEMBLE_Corn_Winter_PRCP/cumulative dia 01 (2026-08-16 → 2026-08-17) 32735 bytes
2026-08-16 09:33:52,206 [INFO] [OK] Brazil/GFS_ENSEMBLE_Corn_Winter_PRCP/cumulative dia 03 (2026-08-16 → 2026-08-19) 35509 bytes
2026-08-16 09:33:52,210 [INFO] [OK] Brazil/GFS_ENSEMBLE_Corn_Winter_PRCP/cumulative dia 02 (2026-08-16 → 2026-08-18) 34233 bytes
2026-08-16 09:33:52,304 [INFO] [OK] Brazil/GFS_ENSEMBLE_Corn_Winter_PRCP/cumulative dia 04 (2026-08-16 → 2026-08-20) 36257 bytes
2026-08-16 09:33:52,745 [INFO] [OK] Brazil/GFS_ENSEMBLE_Corn_Winter_PRCP/cumulative dia 05 (2026-08-16 → 2026-08-21) 36440 bytes
2026-08-16 09:33:54,013 [INFO] [OK] Brazil/GFS_ENSEMBLE_Corn_Winter_PRCP/cumulative dia 06 (2026-08-16 → 2026-08-22) 37124 bytes
2026-08-16 09:33:54,269 [INFO] [OK] Brazil/GFS_ENSEMBLE_Corn_Winter_PRCP/cumulative dia 07 (2026-08-16 → 2026-08-23) 37880 bytes
2026-08-16 09:33:54,369 [INFO] [OK] Brazil/GFS_ENSEMBLE_Corn_Winter_PRCP/cumulative dia 08 (2026-08-16 → 2026-08-24) 38668 bytes
2026-08-16 09:33:54,497 [INFO] [OK] Brazil/GFS_ENSEMBLE_Corn_Winter_PRCP/cumulative dia 09 (2026-08-16 → 2026-08-25) 39752 bytes
2026-08-16 09:33:54,650 [INFO] [OK] Brazil/GFS_ENSEMBLE_Corn_Winter_PRCP/cumulative dia 10 (2026-08-16 → 2026-08-26) 40630 bytes
2026-08-16 09:33:55,100 [INFO] [OK] Brazil/GFS_ENSEMBLE_Corn_Winter_PRCP/cumulative dia 11 (2026-08-16 → 2026-08-27) 41044 bytes
2026-08-16 09:33:55,943 [INFO] [OK] Brazil/ECM_ENSEMBLE_Soy_PRCP_DEP/daily dia 00 (2026-08-16 → 2026-08-16) 47721 bytes
2026-08-16 09:33:56,147 [INFO] [OK] Brazil/ECM_ENSEMBLE_Soy_PRCP_DEP/daily dia 01 (2026-08-17 → 2026-08-17) 44795 bytes
2026-08-16 09:33:56,421 [INFO] [OK] Brazil/GFS_ENSEMBLE_Corn_Winter_PRCP/cumulative dia 12 (2026-08-16 → 2026-08-28) 41602 bytes
2026-08-16 09:33:56,481 [INFO] [OK] Brazil/ECM_ENSEMBLE_Soy_PRCP_DEP/daily dia 02 (2026-08-18 → 2026-08-18) 42973 bytes
2026-08-16 09:33:56,743 [INFO] [OK] Brazil/GFS_ENSEMBLE_Corn_Winter_PRCP/cumulative dia 13 (2026-08-16 → 2026-08-29) 41851 bytes
2026-08-16 09:33:56,923 [INFO] [OK] Brazil/GFS_ENSEMBLE_Corn_Winter_PRCP/cumulative dia 14 (2026-08-16 → 2026-08-30) 41807 bytes
2026-08-16 09:33:57,293 [INFO] [OK] Brazil/ECM_ENSEMBLE_Soy_PRCP_DEP/daily dia 03 (2026-08-19 → 2026-08-19) 42907 bytes
2026-08-16 09:33:57,575 [INFO] [OK] Brazil/ECM_ENSEMBLE_Soy_PRCP_DEP/daily dia 04 (2026-08-20 → 2026-08-20) 42729 bytes
2026-08-16 09:33:58,476 [INFO] [OK] Brazil/ECM_ENSEMBLE_Soy_PRCP_DEP/daily dia 05 (2026-08-21 → 2026-08-21) 42929 bytes
2026-08-16 09:33:58,479 [INFO] [OK] Brazil/ECM_ENSEMBLE_Soy_PRCP_DEP/daily dia 06 (2026-08-22 → 2026-08-22) 48130 bytes
2026-08-16 09:33:58,513 [INFO] [OK] Brazil/ECM_ENSEMBLE_Soy_PRCP_DEP/daily dia 07 (2026-08-23 → 2026-08-23) 48802 bytes
2026-08-16 09:33:58,514 [INFO] [OK] Brazil/ECM_ENSEMBLE_Soy_PRCP_DEP/daily dia 08 (2026-08-24 → 2026-08-24) 51911 bytes
2026-08-16 09:33:58,848 [INFO] [OK] Brazil/ECM_ENSEMBLE_Soy_PRCP_DEP/daily dia 09 (2026-08-25 → 2026-08-25) 50479 bytes
2026-08-16 09:33:58,967 [INFO] [OK] Brazil/ECM_ENSEMBLE_Soy_PRCP_DEP/daily dia 10 (2026-08-26 → 2026-08-26) 48663 bytes
2026-08-16 09:33:59,927 [INFO] [OK] Brazil/ECM_ENSEMBLE_Soy_PRCP_DEP/daily dia 13 (2026-08-29 → 2026-08-29) 51476 bytes
2026-08-16 09:33:59,929 [INFO] [OK] Brazil/ECM_ENSEMBLE_Soy_PRCP_DEP/daily dia 11 (2026-08-27 → 2026-08-27) 51338 bytes
2026-08-16 09:33:59,965 [INFO] [OK] Brazil/ECM_ENSEMBLE_Soy_PRCP_DEP/daily dia 14 (2026-08-30 → 2026-08-30) 52320 bytes
2026-08-16 09:33:59,971 [INFO] [OK] Brazil/ECM_ENSEMBLE_Soy_PRCP_DEP/daily dia 12 (2026-08-28 → 2026-08-28) 52046 bytes
2026-08-16 09:34:00,392 [INFO] [OK] Brazil/ECM_ENSEMBLE_Soy_PRCP_DEP/cumulative dia 00 (2026-08-16 → 2026-08-16) 47721 bytes
2026-08-16 09:34:00,548 [INFO] [OK] Brazil/ECM_ENSEMBLE_Soy_PRCP_DEP/cumulative dia 01 (2026-08-16 → 2026-08-17) 46989 bytes
2026-08-16 09:34:01,616 [INFO] [OK] Brazil/ECM_ENSEMBLE_Soy_PRCP_DEP/cumulative dia 02 (2026-08-16 → 2026-08-18) 47711 bytes
2026-08-16 09:34:01,708 [INFO] [OK] Brazil/ECM_ENSEMBLE_Soy_PRCP_DEP/cumulative dia 04 (2026-08-16 → 2026-08-20) 47919 bytes
2026-08-16 09:34:01,935 [INFO] [OK] Brazil/ECM_ENSEMBLE_Soy_PRCP_DEP/cumulative dia 03 (2026-08-16 → 2026-08-19) 47183 bytes
2026-08-16 09:34:01,937 [INFO] [OK] Brazil/ECM_ENSEMBLE_Soy_PRCP_DEP/cumulative dia 05 (2026-08-16 → 2026-08-21) 48965 bytes
2026-08-16 09:34:02,221 [INFO] [OK] Brazil/ECM_ENSEMBLE_Soy_PRCP_DEP/cumulative dia 06 (2026-08-16 → 2026-08-22) 50008 bytes
2026-08-16 09:34:02,622 [INFO] [OK] Brazil/ECM_ENSEMBLE_Soy_PRCP_DEP/cumulative dia 07 (2026-08-16 → 2026-08-23) 51392 bytes
2026-08-16 09:34:04,259 [INFO] [OK] Brazil/ECM_ENSEMBLE_Soy_PRCP_DEP/cumulative dia 08 (2026-08-16 → 2026-08-24) 52395 bytes
2026-08-16 09:34:04,261 [INFO] [OK] Brazil/ECM_ENSEMBLE_Soy_PRCP_DEP/cumulative dia 11 (2026-08-16 → 2026-08-27) 53551 bytes
2026-08-16 09:34:04,263 [INFO] [OK] Brazil/ECM_ENSEMBLE_Soy_PRCP_DEP/cumulative dia 09 (2026-08-16 → 2026-08-25) 52975 bytes
2026-08-16 09:34:04,266 [INFO] [OK] Brazil/ECM_ENSEMBLE_Soy_PRCP_DEP/cumulative dia 10 (2026-08-16 → 2026-08-26) 53190 bytes
2026-08-16 09:34:04,610 [INFO] [OK] Brazil/ECM_ENSEMBLE_Soy_PRCP_DEP/cumulative dia 12 (2026-08-16 → 2026-08-28) 53425 bytes
2026-08-16 09:34:04,994 [INFO] [OK] Brazil/ECM_ENSEMBLE_Soy_PRCP_DEP/cumulative dia 13 (2026-08-16 → 2026-08-29) 53423 bytes
2026-08-16 09:34:05,669 [INFO] [OK] Brazil/ECM_ENSEMBLE_Soy_PRCP/daily dia 00 (2026-08-16 → 2026-08-16) 32957 bytes
2026-08-16 09:34:05,688 [INFO] [OK] Brazil/ECM_ENSEMBLE_Soy_PRCP/daily dia 02 (2026-08-18 → 2026-08-18) 33206 bytes
2026-08-16 09:34:05,822 [INFO] [OK] Brazil/ECM_ENSEMBLE_Soy_PRCP/daily dia 01 (2026-08-17 → 2026-08-17) 33775 bytes
2026-08-16 09:34:05,927 [INFO] [OK] Brazil/ECM_ENSEMBLE_Soy_PRCP/daily dia 03 (2026-08-19 → 2026-08-19) 32850 bytes
2026-08-16 09:34:06,297 [INFO] [OK] Brazil/ECM_ENSEMBLE_Soy_PRCP/daily dia 04 (2026-08-20 → 2026-08-20) 30660 bytes
2026-08-16 09:34:06,609 [INFO] [OK] Brazil/ECM_ENSEMBLE_Soy_PRCP_DEP/cumulative dia 14 (2026-08-16 → 2026-08-30) 53862 bytes
2026-08-16 09:34:07,195 [INFO] [OK] Brazil/ECM_ENSEMBLE_Soy_PRCP/daily dia 07 (2026-08-23 → 2026-08-23) 30989 bytes
2026-08-16 09:34:07,212 [INFO] [OK] Brazil/ECM_ENSEMBLE_Soy_PRCP/daily dia 05 (2026-08-21 → 2026-08-21) 28835 bytes
2026-08-16 09:34:07,227 [INFO] [OK] Brazil/ECM_ENSEMBLE_Soy_PRCP/daily dia 08 (2026-08-24 → 2026-08-24) 30861 bytes
2026-08-16 09:34:07,303 [INFO] [OK] Brazil/ECM_ENSEMBLE_Soy_PRCP/daily dia 06 (2026-08-22 → 2026-08-22) 30289 bytes
2026-08-16 09:34:07,604 [INFO] [OK] Brazil/ECM_ENSEMBLE_Soy_PRCP/daily dia 09 (2026-08-25 → 2026-08-25) 30574 bytes
2026-08-16 09:34:07,980 [INFO] [OK] Brazil/ECM_ENSEMBLE_Soy_PRCP/daily dia 10 (2026-08-26 → 2026-08-26) 30645 bytes
2026-08-16 09:34:09,484 [INFO] [OK] Brazil/ECM_ENSEMBLE_Soy_PRCP/cumulative dia 00 (2026-08-16 → 2026-08-16) 32957 bytes
2026-08-16 09:34:09,486 [INFO] [OK] Brazil/ECM_ENSEMBLE_Soy_PRCP/daily dia 11 (2026-08-27 → 2026-08-27) 30696 bytes
2026-08-16 09:34:09,488 [INFO] [OK] Brazil/ECM_ENSEMBLE_Soy_PRCP/daily dia 14 (2026-08-30 → 2026-08-30) 29931 bytes
2026-08-16 09:34:09,502 [INFO] [OK] Brazil/ECM_ENSEMBLE_Soy_PRCP/cumulative dia 01 (2026-08-16 → 2026-08-17) 36548 bytes
2026-08-16 09:34:09,509 [INFO] [OK] Brazil/ECM_ENSEMBLE_Soy_PRCP/daily dia 13 (2026-08-29 → 2026-08-29) 30081 bytes
2026-08-16 09:34:09,511 [INFO] [OK] Brazil/ECM_ENSEMBLE_Soy_PRCP/daily dia 12 (2026-08-28 → 2026-08-28) 29955 bytes
2026-08-16 09:34:11,220 [INFO] [OK] Brazil/ECM_ENSEMBLE_Soy_PRCP/cumulative dia 02 (2026-08-16 → 2026-08-18) 38422 bytes
2026-08-16 09:34:11,352 [INFO] [OK] Brazil/ECM_ENSEMBLE_Soy_PRCP/cumulative dia 03 (2026-08-16 → 2026-08-19) 39528 bytes
2026-08-16 09:34:11,356 [INFO] [OK] Brazil/ECM_ENSEMBLE_Soy_PRCP/cumulative dia 04 (2026-08-16 → 2026-08-20) 39770 bytes
2026-08-16 09:34:11,473 [INFO] [OK] Brazil/ECM_ENSEMBLE_Soy_PRCP/cumulative dia 06 (2026-08-16 → 2026-08-22) 40890 bytes
2026-08-16 09:34:11,477 [INFO] [OK] Brazil/ECM_ENSEMBLE_Soy_PRCP/cumulative dia 05 (2026-08-16 → 2026-08-21) 40140 bytes
2026-08-16 09:34:11,550 [INFO] [OK] Brazil/ECM_ENSEMBLE_Soy_PRCP/cumulative dia 07 (2026-08-16 → 2026-08-23) 41821 bytes
2026-08-16 09:34:13,206 [INFO] [OK] Brazil/ECM_ENSEMBLE_Soy_PRCP/cumulative dia 08 (2026-08-16 → 2026-08-24) 42477 bytes
2026-08-16 09:34:13,528 [INFO] [OK] Brazil/ECM_ENSEMBLE_Soy_PRCP/cumulative dia 10 (2026-08-16 → 2026-08-26) 43279 bytes
2026-08-16 09:34:13,532 [INFO] [OK] Brazil/ECM_ENSEMBLE_Soy_PRCP/cumulative dia 09 (2026-08-16 → 2026-08-25) 43059 bytes
2026-08-16 09:34:13,818 [INFO] [OK] Brazil/ECM_ENSEMBLE_Soy_PRCP/cumulative dia 11 (2026-08-16 → 2026-08-27) 43703 bytes
2026-08-16 09:34:14,010 [INFO] [OK] Brazil/ECM_ENSEMBLE_Soy_PRCP/cumulative dia 12 (2026-08-16 → 2026-08-28) 43997 bytes
2026-08-16 09:34:14,193 [INFO] [OK] Brazil/ECM_ENSEMBLE_Soy_PRCP/cumulative dia 13 (2026-08-16 → 2026-08-29) 44063 bytes
2026-08-16 09:34:14,968 [INFO] [OK] Brazil/ECM_ENSEMBLE_Corn_Winter_PRCP_DEP/daily dia 00 (2026-08-16 → 2026-08-16) 46051 bytes
2026-08-16 09:34:14,987 [INFO] [OK] Brazil/ECM_ENSEMBLE_Corn_Winter_PRCP_DEP/daily dia 01 (2026-08-17 → 2026-08-17) 43313 bytes
2026-08-16 09:34:15,212 [INFO] [OK] Brazil/ECM_ENSEMBLE_Corn_Winter_PRCP_DEP/daily dia 02 (2026-08-18 → 2026-08-18) 41304 bytes
2026-08-16 09:34:15,879 [INFO] [OK] Brazil/ECM_ENSEMBLE_Corn_Winter_PRCP_DEP/daily dia 03 (2026-08-19 → 2026-08-19) 41467 bytes
2026-08-16 09:34:15,881 [INFO] [OK] Brazil/ECM_ENSEMBLE_Corn_Winter_PRCP_DEP/daily dia 04 (2026-08-20 → 2026-08-20) 41293 bytes
2026-08-16 09:34:15,933 [INFO] [OK] Brazil/ECM_ENSEMBLE_Soy_PRCP/cumulative dia 14 (2026-08-16 → 2026-08-30) 44460 bytes
2026-08-16 09:34:16,375 [INFO] [OK] Brazil/ECM_ENSEMBLE_Corn_Winter_PRCP_DEP/daily dia 05 (2026-08-21 → 2026-08-21) 41217 bytes
2026-08-16 09:34:16,458 [INFO] [OK] Brazil/ECM_ENSEMBLE_Corn_Winter_PRCP_DEP/daily dia 06 (2026-08-22 → 2026-08-22) 46370 bytes
2026-08-16 09:34:16,742 [INFO] [OK] Brazil/ECM_ENSEMBLE_Corn_Winter_PRCP_DEP/daily dia 07 (2026-08-23 → 2026-08-23) 47090 bytes
2026-08-16 09:34:17,378 [INFO] [OK] Brazil/ECM_ENSEMBLE_Corn_Winter_PRCP_DEP/daily dia 08 (2026-08-24 → 2026-08-24) 50178 bytes
2026-08-16 09:34:17,668 [INFO] [OK] Brazil/ECM_ENSEMBLE_Corn_Winter_PRCP_DEP/daily dia 10 (2026-08-26 → 2026-08-26) 47142 bytes
2026-08-16 09:34:17,684 [INFO] [OK] Brazil/ECM_ENSEMBLE_Corn_Winter_PRCP_DEP/daily dia 09 (2026-08-25 → 2026-08-25) 48889 bytes
2026-08-16 09:34:17,790 [INFO] [OK] Brazil/ECM_ENSEMBLE_Corn_Winter_PRCP_DEP/daily dia 11 (2026-08-27 → 2026-08-27) 49790 bytes
2026-08-16 09:34:18,359 [INFO] [OK] Brazil/ECM_ENSEMBLE_Corn_Winter_PRCP_DEP/daily dia 12 (2026-08-28 → 2026-08-28) 50630 bytes
2026-08-16 09:34:18,363 [INFO] [OK] Brazil/ECM_ENSEMBLE_Corn_Winter_PRCP_DEP/daily dia 13 (2026-08-29 → 2026-08-29) 49826 bytes
2026-08-16 09:34:18,881 [INFO] [OK] Brazil/ECM_ENSEMBLE_Corn_Winter_PRCP_DEP/daily dia 14 (2026-08-30 → 2026-08-30) 50604 bytes
2026-08-16 09:34:19,260 [INFO] [OK] Brazil/ECM_ENSEMBLE_Corn_Winter_PRCP_DEP/cumulative dia 01 (2026-08-16 → 2026-08-17) 45424 bytes
2026-08-16 09:34:19,265 [INFO] [OK] Brazil/ECM_ENSEMBLE_Corn_Winter_PRCP_DEP/cumulative dia 00 (2026-08-16 → 2026-08-16) 46051 bytes
2026-08-16 09:34:19,292 [INFO] [OK] Brazil/ECM_ENSEMBLE_Corn_Winter_PRCP_DEP/cumulative dia 02 (2026-08-16 → 2026-08-18) 46039 bytes
2026-08-16 09:34:20,103 [INFO] [OK] Brazil/ECM_ENSEMBLE_Corn_Winter_PRCP_DEP/cumulative dia 04 (2026-08-16 → 2026-08-20) 46395 bytes
2026-08-16 09:34:20,111 [INFO] [OK] Brazil/ECM_ENSEMBLE_Corn_Winter_PRCP_DEP/cumulative dia 03 (2026-08-16 → 2026-08-19) 45718 bytes
2026-08-16 09:34:20,650 [INFO] [OK] Brazil/ECM_ENSEMBLE_Corn_Winter_PRCP_DEP/cumulative dia 05 (2026-08-16 → 2026-08-21) 47565 bytes
2026-08-16 09:34:21,164 [INFO] [OK] Brazil/ECM_ENSEMBLE_Corn_Winter_PRCP_DEP/cumulative dia 06 (2026-08-16 → 2026-08-22) 48530 bytes
2026-08-16 09:34:21,390 [INFO] [OK] Brazil/ECM_ENSEMBLE_Corn_Winter_PRCP_DEP/cumulative dia 07 (2026-08-16 → 2026-08-23) 50030 bytes
2026-08-16 09:34:21,482 [INFO] [OK] Brazil/ECM_ENSEMBLE_Corn_Winter_PRCP_DEP/cumulative dia 08 (2026-08-16 → 2026-08-24) 50815 bytes
2026-08-16 09:34:22,232 [INFO] [OK] Brazil/ECM_ENSEMBLE_Corn_Winter_PRCP_DEP/cumulative dia 09 (2026-08-16 → 2026-08-25) 51253 bytes
2026-08-16 09:34:22,237 [INFO] [OK] Brazil/ECM_ENSEMBLE_Corn_Winter_PRCP_DEP/cumulative dia 10 (2026-08-16 → 2026-08-26) 51626 bytes
2026-08-16 09:34:22,969 [INFO] [OK] Brazil/ECM_ENSEMBLE_Corn_Winter_PRCP_DEP/cumulative dia 11 (2026-08-16 → 2026-08-27) 52105 bytes
2026-08-16 09:34:23,440 [INFO] [OK] Brazil/ECM_ENSEMBLE_Corn_Winter_PRCP_DEP/cumulative dia 12 (2026-08-16 → 2026-08-28) 51888 bytes
2026-08-16 09:34:23,957 [INFO] [OK] Brazil/ECM_ENSEMBLE_Corn_Winter_PRCP_DEP/cumulative dia 13 (2026-08-16 → 2026-08-29) 51992 bytes
2026-08-16 09:34:23,967 [INFO] [OK] Brazil/ECM_ENSEMBLE_Corn_Winter_PRCP_DEP/cumulative dia 14 (2026-08-16 → 2026-08-30) 52365 bytes
2026-08-16 09:34:24,041 [INFO] [OK] Brazil/ECM_ENSEMBLE_Corn_Winter_PRCP/daily dia 00 (2026-08-16 → 2026-08-16) 31332 bytes
2026-08-16 09:34:24,096 [INFO] [OK] Brazil/ECM_ENSEMBLE_Corn_Winter_PRCP/daily dia 01 (2026-08-17 → 2026-08-17) 32095 bytes
2026-08-16 09:34:24,291 [INFO] [OK] Brazil/ECM_ENSEMBLE_Corn_Winter_PRCP/daily dia 02 (2026-08-18 → 2026-08-18) 31540 bytes
2026-08-16 09:34:24,876 [INFO] [OK] Brazil/ECM_ENSEMBLE_Corn_Winter_PRCP/daily dia 03 (2026-08-19 → 2026-08-19) 31151 bytes
2026-08-16 09:34:25,536 [INFO] [OK] Brazil/ECM_ENSEMBLE_Corn_Winter_PRCP/daily dia 07 (2026-08-23 → 2026-08-23) 29466 bytes
2026-08-16 09:34:25,557 [INFO] [OK] Brazil/ECM_ENSEMBLE_Corn_Winter_PRCP/daily dia 05 (2026-08-21 → 2026-08-21) 27257 bytes
2026-08-16 09:34:25,569 [INFO] [OK] Brazil/ECM_ENSEMBLE_Corn_Winter_PRCP/daily dia 04 (2026-08-20 → 2026-08-20) 29077 bytes
2026-08-16 09:34:25,635 [INFO] [OK] Brazil/ECM_ENSEMBLE_Corn_Winter_PRCP/daily dia 06 (2026-08-22 → 2026-08-22) 28779 bytes
2026-08-16 09:34:25,640 [INFO] [OK] Brazil/ECM_ENSEMBLE_Corn_Winter_PRCP/daily dia 08 (2026-08-24 → 2026-08-24) 29369 bytes
2026-08-16 09:34:26,145 [INFO] [OK] Brazil/ECM_ENSEMBLE_Corn_Winter_PRCP/daily dia 09 (2026-08-25 → 2026-08-25) 29161 bytes
2026-08-16 09:34:26,986 [INFO] [OK] Brazil/ECM_ENSEMBLE_Corn_Winter_PRCP/daily dia 11 (2026-08-27 → 2026-08-27) 29114 bytes
2026-08-16 09:34:26,993 [INFO] [OK] Brazil/ECM_ENSEMBLE_Corn_Winter_PRCP/daily dia 10 (2026-08-26 → 2026-08-26) 29239 bytes
2026-08-16 09:34:29,517 [INFO] [OK] Brazil/ECM_ENSEMBLE_Corn_Winter_PRCP/daily dia 12 (2026-08-28 → 2026-08-28) 28472 bytes
2026-08-16 09:34:29,520 [INFO] [OK] Brazil/ECM_ENSEMBLE_Corn_Winter_PRCP/daily dia 14 (2026-08-30 → 2026-08-30) 28577 bytes
2026-08-16 09:34:29,524 [INFO] [OK] Brazil/ECM_ENSEMBLE_Corn_Winter_PRCP/daily dia 13 (2026-08-29 → 2026-08-29) 28634 bytes
2026-08-16 09:34:29,638 [INFO] [OK] Brazil/ECM_ENSEMBLE_Corn_Winter_PRCP/cumulative dia 00 (2026-08-16 → 2026-08-16) 31332 bytes
2026-08-16 09:34:29,641 [INFO] [OK] Brazil/ECM_ENSEMBLE_Corn_Winter_PRCP/cumulative dia 01 (2026-08-16 → 2026-08-17) 34857 bytes
2026-08-16 09:34:29,654 [INFO] [OK] Brazil/ECM_ENSEMBLE_Corn_Winter_PRCP/cumulative dia 02 (2026-08-16 → 2026-08-18) 36607 bytes
2026-08-16 09:34:31,477 [INFO] [OK] Brazil/ECM_ENSEMBLE_Corn_Winter_PRCP/cumulative dia 05 (2026-08-16 → 2026-08-21) 38282 bytes
2026-08-16 09:34:31,721 [INFO] [OK] Brazil/ECM_ENSEMBLE_Corn_Winter_PRCP/cumulative dia 03 (2026-08-16 → 2026-08-19) 37706 bytes
2026-08-16 09:34:31,735 [INFO] [OK] Brazil/ECM_ENSEMBLE_Corn_Winter_PRCP/cumulative dia 04 (2026-08-16 → 2026-08-20) 37942 bytes
2026-08-16 09:34:31,785 [INFO] [OK] Brazil/ECM_ENSEMBLE_Corn_Winter_PRCP/cumulative dia 07 (2026-08-16 → 2026-08-23) 40003 bytes
2026-08-16 09:34:31,859 [INFO] [OK] Brazil/ECM_ENSEMBLE_Corn_Winter_PRCP/cumulative dia 06 (2026-08-16 → 2026-08-22) 39051 bytes
2026-08-16 09:34:31,954 [INFO] [OK] Brazil/ECM_ENSEMBLE_Corn_Winter_PRCP/cumulative dia 08 (2026-08-16 → 2026-08-24) 40712 bytes
2026-08-16 09:34:33,642 [INFO] [OK] Brazil/ECM_ENSEMBLE_Corn_Winter_PRCP/cumulative dia 09 (2026-08-16 → 2026-08-25) 41225 bytes
2026-08-16 09:34:34,191 [INFO] [OK] Brazil/ECM_ENSEMBLE_Corn_Winter_PRCP/cumulative dia 10 (2026-08-16 → 2026-08-26) 41604 bytes
2026-08-16 09:34:34,222 [INFO] [OK] Brazil/ECM_ENSEMBLE_Corn_Winter_PRCP/cumulative dia 11 (2026-08-16 → 2026-08-27) 42137 bytes
2026-08-16 09:34:34,538 [INFO] [OK] Brazil/ECM_ENSEMBLE_Corn_Winter_PRCP/cumulative dia 12 (2026-08-16 → 2026-08-28) 42365 bytes
2026-08-16 09:34:34,660 [INFO] [OK] Brazil/ECM_ENSEMBLE_Corn_Winter_PRCP/cumulative dia 13 (2026-08-16 → 2026-08-29) 42496 bytes
2026-08-16 09:34:34,698 [INFO] [OK] Argentina/GFS_ENSEMBLE_Soy_PRCP_DEP/daily dia 00 (2026-08-16 → 2026-08-16) 36353 bytes
2026-08-16 09:34:34,842 [INFO] [OK] Brazil/ECM_ENSEMBLE_Corn_Winter_PRCP/cumulative dia 14 (2026-08-16 → 2026-08-30) 43026 bytes
2026-08-16 09:34:35,211 [INFO] [OK] Argentina/GFS_ENSEMBLE_Soy_PRCP_DEP/daily dia 01 (2026-08-17 → 2026-08-17) 34611 bytes
2026-08-16 09:34:35,284 [INFO] [OK] Argentina/GFS_ENSEMBLE_Soy_PRCP_DEP/daily dia 02 (2026-08-18 → 2026-08-18) 32547 bytes
2026-08-16 09:34:35,653 [INFO] [OK] Argentina/GFS_ENSEMBLE_Soy_PRCP_DEP/daily dia 03 (2026-08-19 → 2026-08-19) 36148 bytes
2026-08-16 09:34:35,699 [INFO] [OK] Argentina/GFS_ENSEMBLE_Soy_PRCP_DEP/daily dia 04 (2026-08-20 → 2026-08-20) 35903 bytes
2026-08-16 09:34:35,758 [INFO] [OK] Argentina/GFS_ENSEMBLE_Soy_PRCP_DEP/daily dia 05 (2026-08-21 → 2026-08-21) 31377 bytes
2026-08-16 09:34:35,899 [INFO] [OK] Argentina/GFS_ENSEMBLE_Soy_PRCP_DEP/daily dia 06 (2026-08-22 → 2026-08-22) 34102 bytes
2026-08-16 09:34:36,195 [INFO] [OK] Argentina/GFS_ENSEMBLE_Soy_PRCP_DEP/daily dia 07 (2026-08-23 → 2026-08-23) 35871 bytes
2026-08-16 09:34:36,383 [INFO] [OK] Argentina/GFS_ENSEMBLE_Soy_PRCP_DEP/daily dia 08 (2026-08-24 → 2026-08-24) 37616 bytes
2026-08-16 09:34:36,705 [INFO] [OK] Argentina/GFS_ENSEMBLE_Soy_PRCP_DEP/daily dia 09 (2026-08-25 → 2026-08-25) 37498 bytes
2026-08-16 09:34:36,830 [INFO] [OK] Argentina/GFS_ENSEMBLE_Soy_PRCP_DEP/daily dia 10 (2026-08-26 → 2026-08-26) 38612 bytes
2026-08-16 09:34:36,850 [INFO] [OK] Argentina/GFS_ENSEMBLE_Soy_PRCP_DEP/daily dia 11 (2026-08-27 → 2026-08-27) 38251 bytes
2026-08-16 09:34:36,993 [INFO] [OK] Argentina/GFS_ENSEMBLE_Soy_PRCP_DEP/daily dia 12 (2026-08-28 → 2026-08-28) 39364 bytes
2026-08-16 09:34:37,269 [INFO] [OK] Argentina/GFS_ENSEMBLE_Soy_PRCP_DEP/daily dia 13 (2026-08-29 → 2026-08-29) 44756 bytes
2026-08-16 09:34:37,522 [INFO] [OK] Argentina/GFS_ENSEMBLE_Soy_PRCP_DEP/daily dia 14 (2026-08-30 → 2026-08-30) 44596 bytes
2026-08-16 09:34:37,777 [INFO] [OK] Argentina/GFS_ENSEMBLE_Soy_PRCP_DEP/cumulative dia 00 (2026-08-16 → 2026-08-16) 36353 bytes
2026-08-16 09:34:37,956 [INFO] [OK] Argentina/GFS_ENSEMBLE_Soy_PRCP_DEP/cumulative dia 01 (2026-08-16 → 2026-08-17) 36024 bytes
2026-08-16 09:34:38,067 [INFO] [OK] Argentina/GFS_ENSEMBLE_Soy_PRCP_DEP/cumulative dia 02 (2026-08-16 → 2026-08-18) 35632 bytes
2026-08-16 09:34:38,172 [INFO] [OK] Argentina/GFS_ENSEMBLE_Soy_PRCP_DEP/cumulative dia 03 (2026-08-16 → 2026-08-19) 37037 bytes
2026-08-16 09:34:38,520 [INFO] [OK] Argentina/GFS_ENSEMBLE_Soy_PRCP_DEP/cumulative dia 04 (2026-08-16 → 2026-08-20) 38596 bytes
2026-08-16 09:34:38,832 [INFO] [OK] Argentina/GFS_ENSEMBLE_Soy_PRCP_DEP/cumulative dia 05 (2026-08-16 → 2026-08-21) 38740 bytes
2026-08-16 09:34:39,127 [INFO] [OK] Argentina/GFS_ENSEMBLE_Soy_PRCP_DEP/cumulative dia 06 (2026-08-16 → 2026-08-22) 39178 bytes
2026-08-16 09:34:39,557 [INFO] [OK] Argentina/GFS_ENSEMBLE_Soy_PRCP_DEP/cumulative dia 07 (2026-08-16 → 2026-08-23) 39970 bytes
2026-08-16 09:34:39,761 [INFO] [OK] Argentina/GFS_ENSEMBLE_Soy_PRCP_DEP/cumulative dia 08 (2026-08-16 → 2026-08-24) 41321 bytes
2026-08-16 09:34:39,962 [INFO] [OK] Argentina/GFS_ENSEMBLE_Soy_PRCP_DEP/cumulative dia 09 (2026-08-16 → 2026-08-25) 43674 bytes
2026-08-16 09:34:40,235 [INFO] [OK] Argentina/GFS_ENSEMBLE_Soy_PRCP_DEP/cumulative dia 10 (2026-08-16 → 2026-08-26) 43949 bytes
2026-08-16 09:34:40,453 [INFO] [OK] Argentina/GFS_ENSEMBLE_Soy_PRCP_DEP/cumulative dia 11 (2026-08-16 → 2026-08-27) 44081 bytes
2026-08-16 09:34:40,759 [INFO] [OK] Argentina/GFS_ENSEMBLE_Soy_PRCP_DEP/cumulative dia 12 (2026-08-16 → 2026-08-28) 44341 bytes
2026-08-16 09:34:41,025 [INFO] [OK] Argentina/GFS_ENSEMBLE_Soy_PRCP/daily dia 00 (2026-08-16 → 2026-08-16) 28730 bytes
2026-08-16 09:34:41,322 [INFO] [OK] Argentina/GFS_ENSEMBLE_Soy_PRCP_DEP/cumulative dia 13 (2026-08-16 → 2026-08-29) 43994 bytes
2026-08-16 09:34:41,365 [INFO] [OK] Argentina/GFS_ENSEMBLE_Soy_PRCP/daily dia 01 (2026-08-17 → 2026-08-17) 30332 bytes
2026-08-16 09:34:41,544 [INFO] [OK] Argentina/GFS_ENSEMBLE_Soy_PRCP/daily dia 02 (2026-08-18 → 2026-08-18) 28831 bytes
2026-08-16 09:34:41,616 [INFO] [OK] Argentina/GFS_ENSEMBLE_Soy_PRCP_DEP/cumulative dia 14 (2026-08-16 → 2026-08-30) 44072 bytes
2026-08-16 09:34:41,812 [INFO] [OK] Argentina/GFS_ENSEMBLE_Soy_PRCP/daily dia 03 (2026-08-19 → 2026-08-19) 28889 bytes
2026-08-16 09:34:42,046 [INFO] [OK] Argentina/GFS_ENSEMBLE_Soy_PRCP/daily dia 04 (2026-08-20 → 2026-08-20) 28306 bytes
2026-08-16 09:34:42,368 [INFO] [OK] Argentina/GFS_ENSEMBLE_Soy_PRCP/daily dia 05 (2026-08-21 → 2026-08-21) 25014 bytes
2026-08-16 09:34:42,441 [INFO] [OK] Argentina/GFS_ENSEMBLE_Soy_PRCP/daily dia 06 (2026-08-22 → 2026-08-22) 25705 bytes
2026-08-16 09:34:42,697 [INFO] [OK] Argentina/GFS_ENSEMBLE_Soy_PRCP/daily dia 08 (2026-08-24 → 2026-08-24) 27224 bytes
2026-08-16 09:34:42,699 [INFO] [OK] Argentina/GFS_ENSEMBLE_Soy_PRCP/daily dia 07 (2026-08-23 → 2026-08-23) 26388 bytes
2026-08-16 09:34:42,873 [INFO] [OK] Argentina/GFS_ENSEMBLE_Soy_PRCP/daily dia 09 (2026-08-25 → 2026-08-25) 28122 bytes
2026-08-16 09:34:43,108 [INFO] [OK] Argentina/GFS_ENSEMBLE_Soy_PRCP/daily dia 10 (2026-08-26 → 2026-08-26) 28214 bytes
2026-08-16 09:34:43,349 [INFO] [OK] Argentina/GFS_ENSEMBLE_Soy_PRCP/daily dia 11 (2026-08-27 → 2026-08-27) 27845 bytes
2026-08-16 09:34:43,467 [INFO] [OK] Argentina/GFS_ENSEMBLE_Soy_PRCP/daily dia 12 (2026-08-28 → 2026-08-28) 27493 bytes
2026-08-16 09:34:43,690 [INFO] [OK] Argentina/GFS_ENSEMBLE_Soy_PRCP/daily dia 13 (2026-08-29 → 2026-08-29) 27528 bytes
2026-08-16 09:34:43,791 [INFO] [OK] Argentina/GFS_ENSEMBLE_Soy_PRCP/daily dia 14 (2026-08-30 → 2026-08-30) 27813 bytes
2026-08-16 09:34:43,864 [INFO] [OK] Argentina/GFS_ENSEMBLE_Soy_PRCP/cumulative dia 00 (2026-08-16 → 2026-08-16) 28730 bytes
2026-08-16 09:34:44,132 [INFO] [OK] Argentina/GFS_ENSEMBLE_Soy_PRCP/cumulative dia 01 (2026-08-16 → 2026-08-17) 32016 bytes
2026-08-16 09:34:44,589 [INFO] [OK] Argentina/GFS_ENSEMBLE_Soy_PRCP/cumulative dia 02 (2026-08-16 → 2026-08-18) 33216 bytes
2026-08-16 09:34:44,686 [INFO] [OK] Argentina/GFS_ENSEMBLE_Soy_PRCP/cumulative dia 03 (2026-08-16 → 2026-08-19) 34285 bytes
2026-08-16 09:34:45,034 [INFO] [OK] Argentina/GFS_ENSEMBLE_Soy_PRCP/cumulative dia 04 (2026-08-16 → 2026-08-20) 35364 bytes
2026-08-16 09:34:45,149 [INFO] [OK] Argentina/GFS_ENSEMBLE_Soy_PRCP/cumulative dia 05 (2026-08-16 → 2026-08-21) 35583 bytes
2026-08-16 09:34:45,252 [INFO] [OK] Argentina/GFS_ENSEMBLE_Soy_PRCP/cumulative dia 06 (2026-08-16 → 2026-08-22) 35654 bytes
2026-08-16 09:34:45,471 [INFO] [OK] Argentina/GFS_ENSEMBLE_Soy_PRCP/cumulative dia 07 (2026-08-16 → 2026-08-23) 35999 bytes
2026-08-16 09:34:46,101 [INFO] [OK] Argentina/GFS_ENSEMBLE_Soy_PRCP/cumulative dia 08 (2026-08-16 → 2026-08-24) 36468 bytes
2026-08-16 09:34:46,191 [INFO] [OK] Argentina/GFS_ENSEMBLE_Soy_PRCP/cumulative dia 09 (2026-08-16 → 2026-08-25) 37416 bytes
2026-08-16 09:34:46,650 [INFO] [OK] Argentina/GFS_ENSEMBLE_Soy_PRCP/cumulative dia 10 (2026-08-16 → 2026-08-26) 38125 bytes
2026-08-16 09:34:46,893 [INFO] [OK] Argentina/GFS_ENSEMBLE_Soy_PRCP/cumulative dia 11 (2026-08-16 → 2026-08-27) 38630 bytes
2026-08-16 09:34:47,101 [INFO] [OK] Argentina/GFS_ENSEMBLE_Soy_PRCP/cumulative dia 12 (2026-08-16 → 2026-08-28) 39170 bytes
2026-08-16 09:34:47,247 [INFO] [OK] Argentina/GFS_ENSEMBLE_Soy_PRCP/cumulative dia 13 (2026-08-16 → 2026-08-29) 38924 bytes
2026-08-16 09:34:47,331 [INFO] [OK] Argentina/GFS_ENSEMBLE_Corn_Winter_PRCP_DEP/daily dia 00 (2026-08-16 → 2026-08-16) 34444 bytes
2026-08-16 09:34:47,769 [INFO] [OK] Argentina/GFS_ENSEMBLE_Soy_PRCP/cumulative dia 14 (2026-08-16 → 2026-08-30) 38853 bytes
2026-08-16 09:34:47,829 [INFO] [OK] Argentina/GFS_ENSEMBLE_Corn_Winter_PRCP_DEP/daily dia 01 (2026-08-17 → 2026-08-17) 32676 bytes
2026-08-16 09:34:47,927 [INFO] [OK] Argentina/GFS_ENSEMBLE_Corn_Winter_PRCP_DEP/daily dia 02 (2026-08-18 → 2026-08-18) 30618 bytes
2026-08-16 09:34:48,134 [INFO] [OK] Argentina/GFS_ENSEMBLE_Corn_Winter_PRCP_DEP/daily dia 03 (2026-08-19 → 2026-08-19) 33975 bytes
2026-08-16 09:34:48,349 [INFO] [OK] Argentina/GFS_ENSEMBLE_Corn_Winter_PRCP_DEP/daily dia 04 (2026-08-20 → 2026-08-20) 34025 bytes
2026-08-16 09:34:48,408 [INFO] [OK] Argentina/GFS_ENSEMBLE_Corn_Winter_PRCP_DEP/daily dia 05 (2026-08-21 → 2026-08-21) 29686 bytes
2026-08-16 09:34:48,820 [INFO] [OK] Argentina/GFS_ENSEMBLE_Corn_Winter_PRCP_DEP/daily dia 06 (2026-08-22 → 2026-08-22) 32519 bytes
2026-08-16 09:34:48,929 [INFO] [OK] Argentina/GFS_ENSEMBLE_Corn_Winter_PRCP_DEP/daily dia 07 (2026-08-23 → 2026-08-23) 34122 bytes
2026-08-16 09:34:48,968 [INFO] [OK] Argentina/GFS_ENSEMBLE_Corn_Winter_PRCP_DEP/daily dia 08 (2026-08-24 → 2026-08-24) 35652 bytes
2026-08-16 09:34:49,188 [INFO] [OK] Argentina/GFS_ENSEMBLE_Corn_Winter_PRCP_DEP/daily dia 09 (2026-08-25 → 2026-08-25) 35665 bytes
2026-08-16 09:34:49,417 [INFO] [OK] Argentina/GFS_ENSEMBLE_Corn_Winter_PRCP_DEP/daily dia 10 (2026-08-26 → 2026-08-26) 36997 bytes
2026-08-16 09:34:49,426 [INFO] [OK] Argentina/GFS_ENSEMBLE_Corn_Winter_PRCP_DEP/daily dia 11 (2026-08-27 → 2026-08-27) 36535 bytes
2026-08-16 09:34:49,899 [INFO] [OK] Argentina/GFS_ENSEMBLE_Corn_Winter_PRCP_DEP/daily dia 12 (2026-08-28 → 2026-08-28) 37630 bytes
2026-08-16 09:34:49,978 [INFO] [OK] Argentina/GFS_ENSEMBLE_Corn_Winter_PRCP_DEP/daily dia 13 (2026-08-29 → 2026-08-29) 43064 bytes
2026-08-16 09:34:49,997 [INFO] [OK] Argentina/GFS_ENSEMBLE_Corn_Winter_PRCP_DEP/daily dia 14 (2026-08-30 → 2026-08-30) 42774 bytes
2026-08-16 09:34:50,186 [INFO] [OK] Argentina/GFS_ENSEMBLE_Corn_Winter_PRCP_DEP/cumulative dia 00 (2026-08-16 → 2026-08-16) 34444 bytes
2026-08-16 09:34:50,491 [INFO] [OK] Argentina/GFS_ENSEMBLE_Corn_Winter_PRCP_DEP/cumulative dia 01 (2026-08-16 → 2026-08-17) 34299 bytes
2026-08-16 09:34:50,601 [INFO] [OK] Argentina/GFS_ENSEMBLE_Corn_Winter_PRCP_DEP/cumulative dia 02 (2026-08-16 → 2026-08-18) 33747 bytes
2026-08-16 09:34:51,069 [INFO] [OK] Argentina/GFS_ENSEMBLE_Corn_Winter_PRCP_DEP/cumulative dia 03 (2026-08-16 → 2026-08-19) 35282 bytes
2026-08-16 09:34:51,215 [INFO] [OK] Argentina/GFS_ENSEMBLE_Corn_Winter_PRCP_DEP/cumulative dia 04 (2026-08-16 → 2026-08-20) 36647 bytes
2026-08-16 09:34:51,327 [INFO] [OK] Argentina/GFS_ENSEMBLE_Corn_Winter_PRCP_DEP/cumulative dia 05 (2026-08-16 → 2026-08-21) 36965 bytes
2026-08-16 09:34:51,528 [INFO] [OK] Argentina/GFS_ENSEMBLE_Corn_Winter_PRCP_DEP/cumulative dia 06 (2026-08-16 → 2026-08-22) 37522 bytes
2026-08-16 09:34:51,977 [INFO] [OK] Argentina/GFS_ENSEMBLE_Corn_Winter_PRCP_DEP/cumulative dia 07 (2026-08-16 → 2026-08-23) 38363 bytes
2026-08-16 09:34:52,057 [INFO] [OK] Argentina/GFS_ENSEMBLE_Corn_Winter_PRCP_DEP/cumulative dia 08 (2026-08-16 → 2026-08-24) 39723 bytes
2026-08-16 09:34:52,661 [INFO] [OK] Argentina/GFS_ENSEMBLE_Corn_Winter_PRCP_DEP/cumulative dia 09 (2026-08-16 → 2026-08-25) 42080 bytes
2026-08-16 09:34:52,792 [INFO] [OK] Argentina/GFS_ENSEMBLE_Corn_Winter_PRCP_DEP/cumulative dia 10 (2026-08-16 → 2026-08-26) 42494 bytes
2026-08-16 09:34:53,145 [INFO] [OK] Argentina/GFS_ENSEMBLE_Corn_Winter_PRCP_DEP/cumulative dia 11 (2026-08-16 → 2026-08-27) 42593 bytes
2026-08-16 09:34:53,244 [INFO] [OK] Argentina/GFS_ENSEMBLE_Corn_Winter_PRCP_DEP/cumulative dia 12 (2026-08-16 → 2026-08-28) 42794 bytes
2026-08-16 09:34:53,702 [INFO] [OK] Argentina/GFS_ENSEMBLE_Corn_Winter_PRCP_DEP/cumulative dia 13 (2026-08-16 → 2026-08-29) 42468 bytes
2026-08-16 09:34:53,704 [INFO] [OK] Argentina/GFS_ENSEMBLE_Corn_Winter_PRCP/daily dia 00 (2026-08-16 → 2026-08-16) 26646 bytes
2026-08-16 09:34:53,771 [INFO] [OK] Argentina/GFS_ENSEMBLE_Corn_Winter_PRCP/daily dia 01 (2026-08-17 → 2026-08-17) 28508 bytes
2026-08-16 09:34:53,844 [INFO] [OK] Argentina/GFS_ENSEMBLE_Corn_Winter_PRCP_DEP/cumulative dia 14 (2026-08-16 → 2026-08-30) 42342 bytes
2026-08-16 09:34:54,176 [INFO] [OK] Argentina/GFS_ENSEMBLE_Corn_Winter_PRCP/daily dia 02 (2026-08-18 → 2026-08-18) 26979 bytes
2026-08-16 09:34:54,260 [INFO] [OK] Argentina/GFS_ENSEMBLE_Corn_Winter_PRCP/daily dia 03 (2026-08-19 → 2026-08-19) 26871 bytes
2026-08-16 09:34:54,985 [INFO] [OK] Argentina/GFS_ENSEMBLE_Corn_Winter_PRCP/daily dia 04 (2026-08-20 → 2026-08-20) 26294 bytes
2026-08-16 09:34:55,002 [INFO] [OK] Argentina/GFS_ENSEMBLE_Corn_Winter_PRCP/daily dia 05 (2026-08-21 → 2026-08-21) 23069 bytes
2026-08-16 09:34:55,297 [INFO] [OK] Argentina/GFS_ENSEMBLE_Corn_Winter_PRCP/daily dia 07 (2026-08-23 → 2026-08-23) 24645 bytes
2026-08-16 09:34:55,306 [INFO] [OK] Argentina/GFS_ENSEMBLE_Corn_Winter_PRCP/daily dia 06 (2026-08-22 → 2026-08-22) 23875 bytes
2026-08-16 09:34:56,007 [INFO] [OK] Argentina/GFS_ENSEMBLE_Corn_Winter_PRCP/daily dia 08 (2026-08-24 → 2026-08-24) 25278 bytes
2026-08-16 09:34:56,011 [INFO] [OK] Argentina/GFS_ENSEMBLE_Corn_Winter_PRCP/daily dia 09 (2026-08-25 → 2026-08-25) 26243 bytes
2026-08-16 09:34:56,206 [INFO] [OK] Argentina/GFS_ENSEMBLE_Corn_Winter_PRCP/daily dia 11 (2026-08-27 → 2026-08-27) 25957 bytes
2026-08-16 09:34:56,666 [INFO] [OK] Argentina/GFS_ENSEMBLE_Corn_Winter_PRCP/daily dia 13 (2026-08-29 → 2026-08-29) 25732 bytes
2026-08-16 09:34:56,670 [INFO] [OK] Argentina/GFS_ENSEMBLE_Corn_Winter_PRCP/daily dia 12 (2026-08-28 → 2026-08-28) 25807 bytes
2026-08-16 09:34:56,692 [INFO] [OK] Argentina/GFS_ENSEMBLE_Corn_Winter_PRCP/daily dia 10 (2026-08-26 → 2026-08-26) 26378 bytes
2026-08-16 09:34:56,996 [INFO] [OK] Argentina/GFS_ENSEMBLE_Corn_Winter_PRCP/daily dia 14 (2026-08-30 → 2026-08-30) 26044 bytes
2026-08-16 09:34:57,283 [INFO] [OK] Argentina/GFS_ENSEMBLE_Corn_Winter_PRCP/cumulative dia 00 (2026-08-16 → 2026-08-16) 26646 bytes
2026-08-16 09:34:57,509 [INFO] [OK] Argentina/GFS_ENSEMBLE_Corn_Winter_PRCP/cumulative dia 01 (2026-08-16 → 2026-08-17) 30022 bytes
2026-08-16 09:34:57,826 [INFO] [OK] Argentina/GFS_ENSEMBLE_Corn_Winter_PRCP/cumulative dia 02 (2026-08-16 → 2026-08-18) 31109 bytes
2026-08-16 09:34:58,009 [INFO] [OK] Argentina/GFS_ENSEMBLE_Corn_Winter_PRCP/cumulative dia 04 (2026-08-16 → 2026-08-20) 33206 bytes
2026-08-16 09:34:58,010 [INFO] [OK] Argentina/GFS_ENSEMBLE_Corn_Winter_PRCP/cumulative dia 03 (2026-08-16 → 2026-08-19) 32204 bytes
2026-08-16 09:34:58,272 [INFO] [OK] Argentina/GFS_ENSEMBLE_Corn_Winter_PRCP/cumulative dia 05 (2026-08-16 → 2026-08-21) 33403 bytes
2026-08-16 09:34:58,589 [INFO] [OK] Argentina/GFS_ENSEMBLE_Corn_Winter_PRCP/cumulative dia 06 (2026-08-16 → 2026-08-22) 33605 bytes
2026-08-16 09:34:58,828 [INFO] [OK] Argentina/GFS_ENSEMBLE_Corn_Winter_PRCP/cumulative dia 07 (2026-08-16 → 2026-08-23) 33865 bytes
2026-08-16 09:34:59,355 [INFO] [OK] Argentina/GFS_ENSEMBLE_Corn_Winter_PRCP/cumulative dia 08 (2026-08-16 → 2026-08-24) 34364 bytes
2026-08-16 09:34:59,595 [INFO] [OK] Argentina/GFS_ENSEMBLE_Corn_Winter_PRCP/cumulative dia 09 (2026-08-16 → 2026-08-25) 35526 bytes
2026-08-16 09:34:59,862 [INFO] [OK] Argentina/GFS_ENSEMBLE_Corn_Winter_PRCP/cumulative dia 10 (2026-08-16 → 2026-08-26) 35991 bytes
2026-08-16 09:35:00,133 [INFO] [OK] Argentina/GFS_ENSEMBLE_Corn_Winter_PRCP/cumulative dia 11 (2026-08-16 → 2026-08-27) 36691 bytes
2026-08-16 09:35:00,413 [INFO] [OK] Argentina/GFS_ENSEMBLE_Corn_Winter_PRCP/cumulative dia 12 (2026-08-16 → 2026-08-28) 37092 bytes
2026-08-16 09:35:00,721 [INFO] [OK] Argentina/ECM_ENSEMBLE_Soy_PRCP_DEP/daily dia 00 (2026-08-16 → 2026-08-16) 39523 bytes
2026-08-16 09:35:01,397 [INFO] [OK] Argentina/GFS_ENSEMBLE_Corn_Winter_PRCP/cumulative dia 13 (2026-08-16 → 2026-08-29) 37092 bytes
2026-08-16 09:35:01,399 [INFO] [OK] Argentina/ECM_ENSEMBLE_Soy_PRCP_DEP/daily dia 01 (2026-08-17 → 2026-08-17) 35829 bytes
2026-08-16 09:35:01,454 [INFO] [OK] Argentina/GFS_ENSEMBLE_Corn_Winter_PRCP/cumulative dia 14 (2026-08-16 → 2026-08-30) 37103 bytes
2026-08-16 09:35:01,455 [INFO] [OK] Argentina/ECM_ENSEMBLE_Soy_PRCP_DEP/daily dia 02 (2026-08-18 → 2026-08-18) 34633 bytes
2026-08-16 09:35:01,516 [INFO] [OK] Argentina/ECM_ENSEMBLE_Soy_PRCP_DEP/daily dia 03 (2026-08-19 → 2026-08-19) 36107 bytes
2026-08-16 09:35:01,751 [INFO] [OK] Argentina/ECM_ENSEMBLE_Soy_PRCP_DEP/daily dia 04 (2026-08-20 → 2026-08-20) 35471 bytes
2026-08-16 09:35:03,066 [INFO] [OK] Argentina/ECM_ENSEMBLE_Soy_PRCP_DEP/daily dia 07 (2026-08-23 → 2026-08-23) 40893 bytes
2026-08-16 09:35:03,069 [INFO] [OK] Argentina/ECM_ENSEMBLE_Soy_PRCP_DEP/daily dia 06 (2026-08-22 → 2026-08-22) 41587 bytes
2026-08-16 09:35:03,072 [INFO] [OK] Argentina/ECM_ENSEMBLE_Soy_PRCP_DEP/daily dia 05 (2026-08-21 → 2026-08-21) 35148 bytes
2026-08-16 09:35:03,074 [INFO] [OK] Argentina/ECM_ENSEMBLE_Soy_PRCP_DEP/daily dia 09 (2026-08-25 → 2026-08-25) 42835 bytes
2026-08-16 09:35:03,079 [INFO] [OK] Argentina/ECM_ENSEMBLE_Soy_PRCP_DEP/daily dia 08 (2026-08-24 → 2026-08-24) 43802 bytes
2026-08-16 09:35:03,102 [INFO] [OK] Argentina/ECM_ENSEMBLE_Soy_PRCP_DEP/daily dia 10 (2026-08-26 → 2026-08-26) 41192 bytes
2026-08-16 09:35:04,758 [INFO] [OK] Argentina/ECM_ENSEMBLE_Soy_PRCP_DEP/daily dia 11 (2026-08-27 → 2026-08-27) 43352 bytes
2026-08-16 09:35:04,803 [INFO] [OK] Argentina/ECM_ENSEMBLE_Soy_PRCP_DEP/cumulative dia 00 (2026-08-16 → 2026-08-16) 39523 bytes
2026-08-16 09:35:05,419 [INFO] [OK] Argentina/ECM_ENSEMBLE_Soy_PRCP_DEP/daily dia 14 (2026-08-30 → 2026-08-30) 44175 bytes
2026-08-16 09:35:05,423 [INFO] [OK] Argentina/ECM_ENSEMBLE_Soy_PRCP_DEP/cumulative dia 01 (2026-08-16 → 2026-08-17) 38117 bytes
2026-08-16 09:35:05,426 [INFO] [OK] Argentina/ECM_ENSEMBLE_Soy_PRCP_DEP/daily dia 12 (2026-08-28 → 2026-08-28) 45064 bytes
2026-08-16 09:35:05,457 [INFO] [OK] Argentina/ECM_ENSEMBLE_Soy_PRCP_DEP/daily dia 13 (2026-08-29 → 2026-08-29) 43519 bytes
2026-08-16 09:35:06,297 [INFO] [OK] Argentina/ECM_ENSEMBLE_Soy_PRCP_DEP/cumulative dia 03 (2026-08-16 → 2026-08-19) 38391 bytes
2026-08-16 09:35:06,329 [INFO] [OK] Argentina/ECM_ENSEMBLE_Soy_PRCP_DEP/cumulative dia 02 (2026-08-16 → 2026-08-18) 38108 bytes
2026-08-16 09:35:07,058 [INFO] [OK] Argentina/ECM_ENSEMBLE_Soy_PRCP_DEP/cumulative dia 04 (2026-08-16 → 2026-08-20) 39197 bytes
2026-08-16 09:35:07,508 [INFO] [OK] Argentina/ECM_ENSEMBLE_Soy_PRCP_DEP/cumulative dia 05 (2026-08-16 → 2026-08-21) 39603 bytes
2026-08-16 09:35:07,981 [INFO] [OK] Argentina/ECM_ENSEMBLE_Soy_PRCP_DEP/cumulative dia 07 (2026-08-16 → 2026-08-23) 41552 bytes
2026-08-16 09:35:08,082 [INFO] [OK] Argentina/ECM_ENSEMBLE_Soy_PRCP_DEP/cumulative dia 06 (2026-08-16 → 2026-08-22) 40445 bytes
2026-08-16 09:35:09,587 [INFO] [OK] Argentina/ECM_ENSEMBLE_Soy_PRCP_DEP/cumulative dia 08 (2026-08-16 → 2026-08-24) 42300 bytes
2026-08-16 09:35:09,711 [INFO] [OK] Argentina/ECM_ENSEMBLE_Soy_PRCP_DEP/cumulative dia 09 (2026-08-16 → 2026-08-25) 43041 bytes
2026-08-16 09:35:10,450 [INFO] [OK] Argentina/ECM_ENSEMBLE_Soy_PRCP_DEP/cumulative dia 10 (2026-08-16 → 2026-08-26) 43723 bytes
2026-08-16 09:35:11,141 [INFO] [OK] Argentina/ECM_ENSEMBLE_Soy_PRCP/daily dia 00 (2026-08-16 → 2026-08-16) 29621 bytes
2026-08-16 09:35:11,237 [INFO] [OK] Argentina/ECM_ENSEMBLE_Soy_PRCP_DEP/cumulative dia 11 (2026-08-16 → 2026-08-27) 43775 bytes
2026-08-16 09:35:11,775 [INFO] [OK] Argentina/ECM_ENSEMBLE_Soy_PRCP/daily dia 01 (2026-08-17 → 2026-08-17) 31050 bytes
2026-08-16 09:35:11,797 [INFO] [OK] Argentina/ECM_ENSEMBLE_Soy_PRCP_DEP/cumulative dia 12 (2026-08-16 → 2026-08-28) 43524 bytes
2026-08-16 09:35:11,813 [INFO] [OK] Argentina/ECM_ENSEMBLE_Soy_PRCP_DEP/cumulative dia 13 (2026-08-16 → 2026-08-29) 43576 bytes
2026-08-16 09:35:12,131 [INFO] [OK] Argentina/ECM_ENSEMBLE_Soy_PRCP_DEP/cumulative dia 14 (2026-08-16 → 2026-08-30) 43466 bytes
2026-08-16 09:35:12,602 [INFO] [OK] Argentina/ECM_ENSEMBLE_Soy_PRCP/daily dia 02 (2026-08-18 → 2026-08-18) 30309 bytes
2026-08-16 09:35:12,604 [INFO] [OK] Argentina/ECM_ENSEMBLE_Soy_PRCP/daily dia 03 (2026-08-19 → 2026-08-19) 30699 bytes
2026-08-16 09:35:12,952 [INFO] [OK] Argentina/ECM_ENSEMBLE_Soy_PRCP/daily dia 05 (2026-08-21 → 2026-08-21) 25231 bytes
2026-08-16 09:35:13,049 [INFO] [OK] Argentina/ECM_ENSEMBLE_Soy_PRCP/daily dia 04 (2026-08-20 → 2026-08-20) 27802 bytes
2026-08-16 09:35:13,161 [INFO] [OK] Argentina/ECM_ENSEMBLE_Soy_PRCP/daily dia 06 (2026-08-22 → 2026-08-22) 27426 bytes
2026-08-16 09:35:13,293 [INFO] [OK] Argentina/ECM_ENSEMBLE_Soy_PRCP/daily dia 07 (2026-08-23 → 2026-08-23) 28028 bytes
2026-08-16 09:35:13,635 [INFO] [OK] Argentina/ECM_ENSEMBLE_Soy_PRCP/daily dia 09 (2026-08-25 → 2026-08-25) 27992 bytes
2026-08-16 09:35:13,675 [INFO] [OK] Argentina/ECM_ENSEMBLE_Soy_PRCP/daily dia 08 (2026-08-24 → 2026-08-24) 27633 bytes
2026-08-16 09:35:14,380 [INFO] [OK] Argentina/ECM_ENSEMBLE_Soy_PRCP/daily dia 13 (2026-08-29 → 2026-08-29) 27536 bytes
2026-08-16 09:35:14,462 [INFO] [OK] Argentina/ECM_ENSEMBLE_Soy_PRCP/daily dia 10 (2026-08-26 → 2026-08-26) 28112 bytes
2026-08-16 09:35:14,469 [INFO] [OK] Argentina/ECM_ENSEMBLE_Soy_PRCP/daily dia 12 (2026-08-28 → 2026-08-28) 27545 bytes
2026-08-16 09:35:14,487 [INFO] [OK] Argentina/ECM_ENSEMBLE_Soy_PRCP/daily dia 11 (2026-08-27 → 2026-08-27) 28272 bytes
2026-08-16 09:35:14,672 [INFO] [OK] Argentina/ECM_ENSEMBLE_Soy_PRCP/daily dia 14 (2026-08-30 → 2026-08-30) 27563 bytes
2026-08-16 09:35:15,713 [INFO] [OK] Argentina/ECM_ENSEMBLE_Soy_PRCP/cumulative dia 03 (2026-08-16 → 2026-08-19) 35736 bytes
2026-08-16 09:35:16,056 [INFO] [OK] Argentina/ECM_ENSEMBLE_Soy_PRCP/cumulative dia 02 (2026-08-16 → 2026-08-18) 34480 bytes
2026-08-16 09:35:16,330 [INFO] [OK] Argentina/ECM_ENSEMBLE_Soy_PRCP/cumulative dia 01 (2026-08-16 → 2026-08-17) 33067 bytes
2026-08-16 09:35:16,332 [INFO] [OK] Argentina/ECM_ENSEMBLE_Soy_PRCP/cumulative dia 05 (2026-08-16 → 2026-08-21) 36181 bytes
2026-08-16 09:35:16,333 [INFO] [OK] Argentina/ECM_ENSEMBLE_Soy_PRCP/cumulative dia 00 (2026-08-16 → 2026-08-16) 29621 bytes
2026-08-16 09:35:16,338 [INFO] [OK] Argentina/ECM_ENSEMBLE_Soy_PRCP/cumulative dia 04 (2026-08-16 → 2026-08-20) 36021 bytes
2026-08-16 09:35:16,966 [INFO] [OK] Argentina/ECM_ENSEMBLE_Soy_PRCP/cumulative dia 06 (2026-08-16 → 2026-08-22) 36720 bytes
2026-08-16 09:35:17,805 [INFO] [OK] Argentina/ECM_ENSEMBLE_Soy_PRCP/cumulative dia 07 (2026-08-16 → 2026-08-23) 36910 bytes
2026-08-16 09:35:17,822 [INFO] [OK] Argentina/ECM_ENSEMBLE_Soy_PRCP/cumulative dia 09 (2026-08-16 → 2026-08-25) 38110 bytes
2026-08-16 09:35:17,896 [INFO] [OK] Argentina/ECM_ENSEMBLE_Soy_PRCP/cumulative dia 08 (2026-08-16 → 2026-08-24) 37671 bytes
2026-08-16 09:35:17,993 [INFO] [OK] Argentina/ECM_ENSEMBLE_Soy_PRCP/cumulative dia 10 (2026-08-16 → 2026-08-26) 38253 bytes
2026-08-16 09:35:18,026 [INFO] [OK] Argentina/ECM_ENSEMBLE_Soy_PRCP/cumulative dia 11 (2026-08-16 → 2026-08-27) 38615 bytes
2026-08-16 09:35:18,526 [INFO] [OK] Argentina/ECM_ENSEMBLE_Soy_PRCP/cumulative dia 12 (2026-08-16 → 2026-08-28) 38658 bytes
2026-08-16 09:35:18,908 [INFO] [OK] Argentina/ECM_ENSEMBLE_Corn_Winter_PRCP_DEP/daily dia 00 (2026-08-16 → 2026-08-16) 37535 bytes
2026-08-16 09:35:19,035 [INFO] [OK] Argentina/ECM_ENSEMBLE_Corn_Winter_PRCP_DEP/daily dia 02 (2026-08-18 → 2026-08-18) 32430 bytes
2026-08-16 09:35:19,087 [INFO] [OK] Argentina/ECM_ENSEMBLE_Corn_Winter_PRCP_DEP/daily dia 01 (2026-08-17 → 2026-08-17) 34106 bytes
2026-08-16 09:35:19,424 [INFO] [OK] Argentina/ECM_ENSEMBLE_Soy_PRCP/cumulative dia 13 (2026-08-16 → 2026-08-29) 38647 bytes
2026-08-16 09:35:19,541 [INFO] [OK] Argentina/ECM_ENSEMBLE_Corn_Winter_PRCP_DEP/daily dia 03 (2026-08-19 → 2026-08-19) 34020 bytes
2026-08-16 09:35:19,571 [INFO] [OK] Argentina/ECM_ENSEMBLE_Soy_PRCP/cumulative dia 14 (2026-08-16 → 2026-08-30) 38992 bytes
2026-08-16 09:35:19,943 [INFO] [OK] Argentina/ECM_ENSEMBLE_Corn_Winter_PRCP_DEP/daily dia 04 (2026-08-20 → 2026-08-20) 33690 bytes
2026-08-16 09:35:20,041 [INFO] [OK] Argentina/ECM_ENSEMBLE_Corn_Winter_PRCP_DEP/daily dia 05 (2026-08-21 → 2026-08-21) 33237 bytes
2026-08-16 09:35:20,117 [INFO] [OK] Argentina/ECM_ENSEMBLE_Corn_Winter_PRCP_DEP/daily dia 06 (2026-08-22 → 2026-08-22) 39582 bytes
2026-08-16 09:35:20,482 [INFO] [OK] Argentina/ECM_ENSEMBLE_Corn_Winter_PRCP_DEP/daily dia 07 (2026-08-23 → 2026-08-23) 38916 bytes
2026-08-16 09:35:20,611 [INFO] [OK] Argentina/ECM_ENSEMBLE_Corn_Winter_PRCP_DEP/daily dia 09 (2026-08-25 → 2026-08-25) 41080 bytes
2026-08-16 09:35:20,612 [INFO] [OK] Argentina/ECM_ENSEMBLE_Corn_Winter_PRCP_DEP/daily dia 08 (2026-08-24 → 2026-08-24) 41934 bytes
2026-08-16 09:35:20,965 [INFO] [OK] Argentina/ECM_ENSEMBLE_Corn_Winter_PRCP_DEP/daily dia 10 (2026-08-26 → 2026-08-26) 39502 bytes
2026-08-16 09:35:21,133 [INFO] [OK] Argentina/ECM_ENSEMBLE_Corn_Winter_PRCP_DEP/daily dia 11 (2026-08-27 → 2026-08-27) 41639 bytes
2026-08-16 09:35:21,277 [INFO] [OK] Argentina/ECM_ENSEMBLE_Corn_Winter_PRCP_DEP/daily dia 12 (2026-08-28 → 2026-08-28) 43669 bytes
2026-08-16 09:35:21,574 [INFO] [OK] Argentina/ECM_ENSEMBLE_Corn_Winter_PRCP_DEP/daily dia 13 (2026-08-29 → 2026-08-29) 41852 bytes
2026-08-16 09:35:21,689 [INFO] [OK] Argentina/ECM_ENSEMBLE_Corn_Winter_PRCP_DEP/daily dia 14 (2026-08-30 → 2026-08-30) 42389 bytes
2026-08-16 09:35:21,776 [INFO] [OK] Argentina/ECM_ENSEMBLE_Corn_Winter_PRCP_DEP/cumulative dia 00 (2026-08-16 → 2026-08-16) 37535 bytes
2026-08-16 09:35:22,204 [INFO] [OK] Argentina/ECM_ENSEMBLE_Corn_Winter_PRCP_DEP/cumulative dia 01 (2026-08-16 → 2026-08-17) 36404 bytes
2026-08-16 09:35:22,236 [INFO] [OK] Argentina/ECM_ENSEMBLE_Corn_Winter_PRCP_DEP/cumulative dia 02 (2026-08-16 → 2026-08-18) 36251 bytes
2026-08-16 09:35:22,395 [INFO] [OK] Argentina/ECM_ENSEMBLE_Corn_Winter_PRCP_DEP/cumulative dia 03 (2026-08-16 → 2026-08-19) 36580 bytes
2026-08-16 09:35:22,749 [INFO] [OK] Argentina/ECM_ENSEMBLE_Corn_Winter_PRCP_DEP/cumulative dia 04 (2026-08-16 → 2026-08-20) 37374 bytes
2026-08-16 09:35:23,018 [INFO] [OK] Argentina/ECM_ENSEMBLE_Corn_Winter_PRCP_DEP/cumulative dia 05 (2026-08-16 → 2026-08-21) 37963 bytes
2026-08-16 09:35:23,046 [INFO] [OK] Argentina/ECM_ENSEMBLE_Corn_Winter_PRCP_DEP/cumulative dia 06 (2026-08-16 → 2026-08-22) 38799 bytes
2026-08-16 09:35:23,528 [INFO] [OK] Argentina/ECM_ENSEMBLE_Corn_Winter_PRCP_DEP/cumulative dia 07 (2026-08-16 → 2026-08-23) 40109 bytes
2026-08-16 09:35:23,630 [INFO] [OK] Argentina/ECM_ENSEMBLE_Corn_Winter_PRCP_DEP/cumulative dia 08 (2026-08-16 → 2026-08-24) 40776 bytes
2026-08-16 09:35:23,820 [INFO] [OK] Argentina/ECM_ENSEMBLE_Corn_Winter_PRCP_DEP/cumulative dia 09 (2026-08-16 → 2026-08-25) 41406 bytes
2026-08-16 09:35:24,508 [INFO] [OK] Argentina/ECM_ENSEMBLE_Corn_Winter_PRCP_DEP/cumulative dia 10 (2026-08-16 → 2026-08-26) 42110 bytes
2026-08-16 09:35:24,554 [INFO] [OK] Argentina/ECM_ENSEMBLE_Corn_Winter_PRCP_DEP/cumulative dia 11 (2026-08-16 → 2026-08-27) 42313 bytes
2026-08-16 09:35:24,696 [INFO] [OK] Argentina/ECM_ENSEMBLE_Corn_Winter_PRCP_DEP/cumulative dia 12 (2026-08-16 → 2026-08-28) 42018 bytes
2026-08-16 09:35:24,867 [INFO] [OK] Argentina/ECM_ENSEMBLE_Corn_Winter_PRCP/daily dia 00 (2026-08-16 → 2026-08-16) 27624 bytes
2026-08-16 09:35:25,188 [INFO] [OK] Argentina/ECM_ENSEMBLE_Corn_Winter_PRCP_DEP/cumulative dia 13 (2026-08-16 → 2026-08-29) 42013 bytes
2026-08-16 09:35:25,277 [INFO] [OK] Argentina/ECM_ENSEMBLE_Corn_Winter_PRCP_DEP/cumulative dia 14 (2026-08-16 → 2026-08-30) 42150 bytes
2026-08-16 09:35:25,502 [INFO] [OK] Argentina/ECM_ENSEMBLE_Corn_Winter_PRCP/daily dia 01 (2026-08-17 → 2026-08-17) 28976 bytes
2026-08-16 09:35:25,543 [INFO] [OK] Argentina/ECM_ENSEMBLE_Corn_Winter_PRCP/daily dia 02 (2026-08-18 → 2026-08-18) 28268 bytes
2026-08-16 09:35:25,784 [INFO] [OK] Argentina/ECM_ENSEMBLE_Corn_Winter_PRCP/daily dia 03 (2026-08-19 → 2026-08-19) 28652 bytes
2026-08-16 09:35:25,921 [INFO] [OK] Argentina/ECM_ENSEMBLE_Corn_Winter_PRCP/daily dia 04 (2026-08-20 → 2026-08-20) 25856 bytes
2026-08-16 09:35:26,165 [INFO] [OK] Argentina/ECM_ENSEMBLE_Corn_Winter_PRCP/daily dia 05 (2026-08-21 → 2026-08-21) 23229 bytes
2026-08-16 09:35:26,307 [INFO] [OK] Argentina/ECM_ENSEMBLE_Corn_Winter_PRCP/daily dia 06 (2026-08-22 → 2026-08-22) 25659 bytes
2026-08-16 09:35:26,488 [INFO] [OK] Argentina/ECM_ENSEMBLE_Corn_Winter_PRCP/daily dia 07 (2026-08-23 → 2026-08-23) 26037 bytes
2026-08-16 09:35:26,591 [INFO] [OK] Argentina/ECM_ENSEMBLE_Corn_Winter_PRCP/daily dia 08 (2026-08-24 → 2026-08-24) 25894 bytes
2026-08-16 09:35:26,906 [INFO] [OK] Argentina/ECM_ENSEMBLE_Corn_Winter_PRCP/daily dia 10 (2026-08-26 → 2026-08-26) 26366 bytes
2026-08-16 09:35:27,148 [INFO] [OK] Argentina/ECM_ENSEMBLE_Corn_Winter_PRCP/daily dia 11 (2026-08-27 → 2026-08-27) 26465 bytes
2026-08-16 09:35:27,317 [INFO] [OK] Argentina/ECM_ENSEMBLE_Corn_Winter_PRCP/daily dia 12 (2026-08-28 → 2026-08-28) 25906 bytes
2026-08-16 09:35:27,421 [INFO] [OK] Argentina/ECM_ENSEMBLE_Corn_Winter_PRCP/daily dia 13 (2026-08-29 → 2026-08-29) 25740 bytes
2026-08-16 09:35:27,626 [INFO] [OK] Argentina/ECM_ENSEMBLE_Corn_Winter_PRCP/daily dia 14 (2026-08-30 → 2026-08-30) 25912 bytes
2026-08-16 09:35:27,927 [INFO] [OK] Argentina/ECM_ENSEMBLE_Corn_Winter_PRCP/cumulative dia 00 (2026-08-16 → 2026-08-16) 27624 bytes
2026-08-16 09:35:28,163 [INFO] [OK] Argentina/ECM_ENSEMBLE_Corn_Winter_PRCP/cumulative dia 01 (2026-08-16 → 2026-08-17) 30931 bytes
2026-08-16 09:35:28,192 [INFO] [OK] Argentina/ECM_ENSEMBLE_Corn_Winter_PRCP/daily dia 09 (2026-08-25 → 2026-08-25) 26242 bytes
2026-08-16 09:35:28,437 [INFO] [OK] Argentina/ECM_ENSEMBLE_Corn_Winter_PRCP/cumulative dia 02 (2026-08-16 → 2026-08-18) 32312 bytes
2026-08-16 09:35:28,583 [INFO] [OK] Argentina/ECM_ENSEMBLE_Corn_Winter_PRCP/cumulative dia 03 (2026-08-16 → 2026-08-19) 33472 bytes
2026-08-16 09:35:28,856 [INFO] [OK] Argentina/ECM_ENSEMBLE_Corn_Winter_PRCP/cumulative dia 04 (2026-08-16 → 2026-08-20) 33851 bytes
2026-08-16 09:35:29,216 [INFO] [OK] Argentina/ECM_ENSEMBLE_Corn_Winter_PRCP/cumulative dia 05 (2026-08-16 → 2026-08-21) 34114 bytes
2026-08-16 09:35:29,462 [INFO] [OK] Argentina/ECM_ENSEMBLE_Corn_Winter_PRCP/cumulative dia 06 (2026-08-16 → 2026-08-22) 34551 bytes
2026-08-16 09:35:29,510 [INFO] [OK] Argentina/ECM_ENSEMBLE_Corn_Winter_PRCP/cumulative dia 07 (2026-08-16 → 2026-08-23) 35013 bytes
2026-08-16 09:35:29,844 [INFO] [OK] Argentina/ECM_ENSEMBLE_Corn_Winter_PRCP/cumulative dia 08 (2026-08-16 → 2026-08-24) 35728 bytes
2026-08-16 09:35:30,072 [INFO] [OK] Argentina/ECM_ENSEMBLE_Corn_Winter_PRCP/cumulative dia 09 (2026-08-16 → 2026-08-25) 36145 bytes
2026-08-16 09:35:30,326 [INFO] [OK] Argentina/ECM_ENSEMBLE_Corn_Winter_PRCP/cumulative dia 10 (2026-08-16 → 2026-08-26) 36301 bytes
2026-08-16 09:35:30,816 [INFO] [OK] Argentina/ECM_ENSEMBLE_Corn_Winter_PRCP/cumulative dia 11 (2026-08-16 → 2026-08-27) 36689 bytes
2026-08-16 09:35:31,086 [INFO] [OK] Argentina/ECM_ENSEMBLE_Corn_Winter_PRCP/cumulative dia 12 (2026-08-16 → 2026-08-28) 36661 bytes
2026-08-16 09:35:31,147 [INFO] [OK] Argentina/ECM_ENSEMBLE_Corn_Winter_PRCP/cumulative dia 13 (2026-08-16 → 2026-08-29) 36857 bytes
2026-08-16 09:35:31,492 [INFO] [OK] Argentina/ECM_ENSEMBLE_Corn_Winter_PRCP/cumulative dia 14 (2026-08-16 → 2026-08-30) 37162 bytes
2026-08-16 09:35:31,687 [INFO] [OK] USA/GFS_ENSEMBLE_Corn_PRCP_DEP/daily dia 00 (2026-08-16 → 2026-08-16) 52471 bytes
2026-08-16 09:35:32,042 [INFO] [OK] USA/GFS_ENSEMBLE_Corn_PRCP_DEP/daily dia 01 (2026-08-17 → 2026-08-17) 53862 bytes
2026-08-16 09:35:32,431 [INFO] [OK] USA/GFS_ENSEMBLE_Corn_PRCP_DEP/daily dia 02 (2026-08-18 → 2026-08-18) 50891 bytes
2026-08-16 09:35:33,269 [INFO] [OK] USA/GFS_ENSEMBLE_Corn_PRCP_DEP/daily dia 03 (2026-08-19 → 2026-08-19) 53693 bytes
2026-08-16 09:35:33,274 [INFO] [OK] USA/GFS_ENSEMBLE_Corn_PRCP_DEP/daily dia 04 (2026-08-20 → 2026-08-20) 54606 bytes
2026-08-16 09:35:33,496 [INFO] [OK] USA/GFS_ENSEMBLE_Corn_PRCP_DEP/daily dia 05 (2026-08-21 → 2026-08-21) 59530 bytes
2026-08-16 09:35:33,533 [INFO] [OK] USA/GFS_ENSEMBLE_Corn_PRCP_DEP/daily dia 06 (2026-08-22 → 2026-08-22) 58197 bytes
2026-08-16 09:35:33,685 [INFO] [OK] USA/GFS_ENSEMBLE_Corn_PRCP_DEP/daily dia 07 (2026-08-23 → 2026-08-23) 54844 bytes
2026-08-16 09:35:34,108 [INFO] [OK] USA/GFS_ENSEMBLE_Corn_PRCP_DEP/daily dia 08 (2026-08-24 → 2026-08-24) 56285 bytes
2026-08-16 09:35:34,921 [INFO] [OK] USA/GFS_ENSEMBLE_Corn_PRCP_DEP/daily dia 09 (2026-08-25 → 2026-08-25) 59010 bytes
2026-08-16 09:35:35,001 [INFO] [OK] USA/GFS_ENSEMBLE_Corn_PRCP_DEP/daily dia 10 (2026-08-26 → 2026-08-26) 58833 bytes
2026-08-16 09:35:35,095 [INFO] [OK] USA/GFS_ENSEMBLE_Corn_PRCP_DEP/daily dia 11 (2026-08-27 → 2026-08-27) 58879 bytes
2026-08-16 09:35:35,238 [INFO] [OK] USA/GFS_ENSEMBLE_Corn_PRCP_DEP/daily dia 12 (2026-08-28 → 2026-08-28) 57926 bytes
2026-08-16 09:35:35,370 [INFO] [OK] USA/GFS_ENSEMBLE_Corn_PRCP_DEP/daily dia 13 (2026-08-29 → 2026-08-29) 60369 bytes
2026-08-16 09:35:35,764 [INFO] [OK] USA/GFS_ENSEMBLE_Corn_PRCP_DEP/daily dia 14 (2026-08-30 → 2026-08-30) 61584 bytes
2026-08-16 09:35:36,541 [INFO] [OK] USA/GFS_ENSEMBLE_Corn_PRCP_DEP/cumulative dia 00 (2026-08-16 → 2026-08-16) 52471 bytes
2026-08-16 09:35:36,756 [INFO] [OK] USA/GFS_ENSEMBLE_Corn_PRCP_DEP/cumulative dia 01 (2026-08-16 → 2026-08-17) 55954 bytes
2026-08-16 09:35:36,959 [INFO] [OK] USA/GFS_ENSEMBLE_Corn_PRCP_DEP/cumulative dia 02 (2026-08-16 → 2026-08-18) 56581 bytes
2026-08-16 09:35:37,227 [INFO] [OK] USA/GFS_ENSEMBLE_Corn_PRCP_DEP/cumulative dia 03 (2026-08-16 → 2026-08-19) 56270 bytes
2026-08-16 09:35:37,382 [INFO] [OK] USA/GFS_ENSEMBLE_Corn_PRCP_DEP/cumulative dia 04 (2026-08-16 → 2026-08-20) 56383 bytes
2026-08-16 09:35:37,901 [INFO] [OK] USA/GFS_ENSEMBLE_Corn_PRCP_DEP/cumulative dia 05 (2026-08-16 → 2026-08-21) 59415 bytes
2026-08-16 09:35:38,845 [INFO] [OK] USA/GFS_ENSEMBLE_Corn_PRCP_DEP/cumulative dia 06 (2026-08-16 → 2026-08-22) 59372 bytes
2026-08-16 09:35:39,165 [INFO] [OK] USA/GFS_ENSEMBLE_Corn_PRCP_DEP/cumulative dia 07 (2026-08-16 → 2026-08-23) 59384 bytes
2026-08-16 09:35:39,359 [INFO] [OK] USA/GFS_ENSEMBLE_Corn_PRCP_DEP/cumulative dia 08 (2026-08-16 → 2026-08-24) 59443 bytes
2026-08-16 09:35:39,708 [INFO] [OK] USA/GFS_ENSEMBLE_Corn_PRCP_DEP/cumulative dia 09 (2026-08-16 → 2026-08-25) 58943 bytes
2026-08-16 09:35:39,999 [INFO] [OK] USA/GFS_ENSEMBLE_Corn_PRCP_DEP/cumulative dia 10 (2026-08-16 → 2026-08-26) 58998 bytes
2026-08-16 09:35:40,693 [INFO] [OK] USA/GFS_ENSEMBLE_Corn_PRCP_DEP/cumulative dia 11 (2026-08-16 → 2026-08-27) 59201 bytes
2026-08-16 09:35:41,265 [INFO] [OK] USA/GFS_ENSEMBLE_Corn_PRCP/daily dia 00 (2026-08-16 → 2026-08-16) 37768 bytes
2026-08-16 09:35:41,550 [INFO] [OK] USA/GFS_ENSEMBLE_Corn_PRCP/daily dia 01 (2026-08-17 → 2026-08-17) 36396 bytes
2026-08-16 09:35:41,688 [INFO] [OK] USA/GFS_ENSEMBLE_Corn_PRCP_DEP/cumulative dia 12 (2026-08-16 → 2026-08-28) 59017 bytes
2026-08-16 09:35:42,054 [INFO] [OK] USA/GFS_ENSEMBLE_Corn_PRCP_DEP/cumulative dia 13 (2026-08-16 → 2026-08-29) 59134 bytes
2026-08-16 09:35:42,349 [INFO] [OK] USA/GFS_ENSEMBLE_Corn_PRCP_DEP/cumulative dia 14 (2026-08-16 → 2026-08-30) 59640 bytes
2026-08-16 09:35:42,383 [INFO] [OK] USA/GFS_ENSEMBLE_Corn_PRCP/daily dia 02 (2026-08-18 → 2026-08-18) 36205 bytes
2026-08-16 09:35:42,785 [INFO] [OK] USA/GFS_ENSEMBLE_Corn_PRCP/daily dia 03 (2026-08-19 → 2026-08-19) 35995 bytes
2026-08-16 09:35:43,092 [INFO] [OK] USA/GFS_ENSEMBLE_Corn_PRCP/daily dia 04 (2026-08-20 → 2026-08-20) 36405 bytes
2026-08-16 09:35:43,424 [INFO] [OK] USA/GFS_ENSEMBLE_Corn_PRCP/daily dia 05 (2026-08-21 → 2026-08-21) 34963 bytes
2026-08-16 09:35:43,762 [INFO] [OK] USA/GFS_ENSEMBLE_Corn_PRCP/daily dia 06 (2026-08-22 → 2026-08-22) 35102 bytes
2026-08-16 09:35:44,169 [INFO] [OK] USA/GFS_ENSEMBLE_Corn_PRCP/daily dia 07 (2026-08-23 → 2026-08-23) 34475 bytes
2026-08-16 09:35:44,246 [INFO] [OK] USA/GFS_ENSEMBLE_Corn_PRCP/daily dia 08 (2026-08-24 → 2026-08-24) 35512 bytes
2026-08-16 09:35:44,381 [INFO] [OK] USA/GFS_ENSEMBLE_Corn_PRCP/daily dia 09 (2026-08-25 → 2026-08-25) 36380 bytes
2026-08-16 09:35:44,680 [INFO] [OK] USA/GFS_ENSEMBLE_Corn_PRCP/daily dia 10 (2026-08-26 → 2026-08-26) 35932 bytes
2026-08-16 09:35:44,991 [INFO] [OK] USA/GFS_ENSEMBLE_Corn_PRCP/daily dia 11 (2026-08-27 → 2026-08-27) 36134 bytes
2026-08-16 09:35:45,346 [INFO] [OK] USA/GFS_ENSEMBLE_Corn_PRCP/daily dia 12 (2026-08-28 → 2026-08-28) 36170 bytes
2026-08-16 09:35:45,724 [INFO] [OK] USA/GFS_ENSEMBLE_Corn_PRCP/daily dia 13 (2026-08-29 → 2026-08-29) 37213 bytes
2026-08-16 09:35:45,823 [INFO] [OK] USA/GFS_ENSEMBLE_Corn_PRCP/daily dia 14 (2026-08-30 → 2026-08-30) 37395 bytes
2026-08-16 09:35:46,013 [INFO] [OK] USA/GFS_ENSEMBLE_Corn_PRCP/cumulative dia 00 (2026-08-16 → 2026-08-16) 37768 bytes
2026-08-16 09:35:46,307 [INFO] [OK] USA/GFS_ENSEMBLE_Corn_PRCP/cumulative dia 01 (2026-08-16 → 2026-08-17) 40139 bytes
2026-08-16 09:35:46,763 [INFO] [OK] USA/GFS_ENSEMBLE_Corn_PRCP/cumulative dia 02 (2026-08-16 → 2026-08-18) 40989 bytes
2026-08-16 09:35:47,169 [INFO] [OK] USA/GFS_ENSEMBLE_Corn_PRCP/cumulative dia 03 (2026-08-16 → 2026-08-19) 42023 bytes
2026-08-16 09:35:47,883 [INFO] [OK] USA/GFS_ENSEMBLE_Corn_PRCP/cumulative dia 04 (2026-08-16 → 2026-08-20) 43400 bytes
2026-08-16 09:35:47,931 [INFO] [OK] USA/GFS_ENSEMBLE_Corn_PRCP/cumulative dia 05 (2026-08-16 → 2026-08-21) 44892 bytes
2026-08-16 09:35:48,151 [INFO] [OK] USA/GFS_ENSEMBLE_Corn_PRCP/cumulative dia 06 (2026-08-16 → 2026-08-22) 46004 bytes
2026-08-16 09:35:48,649 [INFO] [OK] USA/GFS_ENSEMBLE_Corn_PRCP/cumulative dia 07 (2026-08-16 → 2026-08-23) 46720 bytes
2026-08-16 09:35:49,117 [INFO] [OK] USA/GFS_ENSEMBLE_Corn_PRCP/cumulative dia 08 (2026-08-16 → 2026-08-24) 46654 bytes
2026-08-16 09:35:49,648 [INFO] [OK] USA/GFS_ENSEMBLE_Corn_PRCP/cumulative dia 09 (2026-08-16 → 2026-08-25) 47411 bytes
2026-08-16 09:35:50,511 [INFO] [OK] USA/GFS_ENSEMBLE_Corn_PRCP/cumulative dia 10 (2026-08-16 → 2026-08-26) 48074 bytes
2026-08-16 09:35:50,672 [INFO] [OK] USA/GFS_ENSEMBLE_Corn_PRCP/cumulative dia 11 (2026-08-16 → 2026-08-27) 47899 bytes
2026-08-16 09:35:50,920 [INFO] [OK] USA/GFS_ENSEMBLE_Corn_PRCP/cumulative dia 12 (2026-08-16 → 2026-08-28) 48735 bytes
2026-08-16 09:35:51,264 [INFO] [OK] USA/GFS_ENSEMBLE_Soy_PRCP_DEP/daily dia 00 (2026-08-16 → 2026-08-16) 52157 bytes
2026-08-16 09:35:51,473 [INFO] [OK] USA/GFS_ENSEMBLE_Corn_PRCP/cumulative dia 13 (2026-08-16 → 2026-08-29) 49388 bytes
2026-08-16 09:35:52,134 [INFO] [OK] USA/GFS_ENSEMBLE_Corn_PRCP/cumulative dia 14 (2026-08-16 → 2026-08-30) 49511 bytes
2026-08-16 09:35:52,153 [INFO] [OK] USA/GFS_ENSEMBLE_Soy_PRCP_DEP/daily dia 01 (2026-08-17 → 2026-08-17) 53533 bytes
2026-08-16 09:35:52,484 [INFO] [OK] USA/GFS_ENSEMBLE_Soy_PRCP_DEP/daily dia 02 (2026-08-18 → 2026-08-18) 50429 bytes
2026-08-16 09:35:52,564 [INFO] [OK] USA/GFS_ENSEMBLE_Soy_PRCP_DEP/daily dia 03 (2026-08-19 → 2026-08-19) 53140 bytes
2026-08-16 09:35:52,880 [INFO] [OK] USA/GFS_ENSEMBLE_Soy_PRCP_DEP/daily dia 04 (2026-08-20 → 2026-08-20) 54149 bytes
2026-08-16 09:35:53,108 [INFO] [OK] USA/GFS_ENSEMBLE_Soy_PRCP_DEP/daily dia 05 (2026-08-21 → 2026-08-21) 59085 bytes
2026-08-16 09:35:53,755 [INFO] [OK] USA/GFS_ENSEMBLE_Soy_PRCP_DEP/daily dia 07 (2026-08-23 → 2026-08-23) 54486 bytes
2026-08-16 09:35:53,831 [INFO] [OK] USA/GFS_ENSEMBLE_Soy_PRCP_DEP/daily dia 06 (2026-08-22 → 2026-08-22) 57877 bytes
2026-08-16 09:35:54,144 [INFO] [OK] USA/GFS_ENSEMBLE_Soy_PRCP_DEP/daily dia 08 (2026-08-24 → 2026-08-24) 55946 bytes
2026-08-16 09:35:54,228 [INFO] [OK] USA/GFS_ENSEMBLE_Soy_PRCP_DEP/daily dia 09 (2026-08-25 → 2026-08-25) 58556 bytes
2026-08-16 09:35:54,548 [INFO] [OK] USA/GFS_ENSEMBLE_Soy_PRCP_DEP/daily dia 10 (2026-08-26 → 2026-08-26) 58620 bytes
2026-08-16 09:35:54,797 [INFO] [OK] USA/GFS_ENSEMBLE_Soy_PRCP_DEP/daily dia 11 (2026-08-27 → 2026-08-27) 58528 bytes
2026-08-16 09:35:55,428 [INFO] [OK] USA/GFS_ENSEMBLE_Soy_PRCP_DEP/daily dia 12 (2026-08-28 → 2026-08-28) 57691 bytes
2026-08-16 09:35:55,531 [INFO] [OK] USA/GFS_ENSEMBLE_Soy_PRCP_DEP/daily dia 13 (2026-08-29 → 2026-08-29) 60102 bytes
2026-08-16 09:35:55,915 [INFO] [OK] USA/GFS_ENSEMBLE_Soy_PRCP_DEP/daily dia 14 (2026-08-30 → 2026-08-30) 61300 bytes
2026-08-16 09:35:56,052 [INFO] [OK] USA/GFS_ENSEMBLE_Soy_PRCP_DEP/cumulative dia 00 (2026-08-16 → 2026-08-16) 52157 bytes
2026-08-16 09:35:56,304 [INFO] [OK] USA/GFS_ENSEMBLE_Soy_PRCP_DEP/cumulative dia 01 (2026-08-16 → 2026-08-17) 55744 bytes
2026-08-16 09:35:56,578 [INFO] [OK] USA/GFS_ENSEMBLE_Soy_PRCP_DEP/cumulative dia 02 (2026-08-16 → 2026-08-18) 56190 bytes
2026-08-16 09:35:57,358 [INFO] [OK] USA/GFS_ENSEMBLE_Soy_PRCP_DEP/cumulative dia 03 (2026-08-16 → 2026-08-19) 55975 bytes
2026-08-16 09:35:57,598 [INFO] [OK] USA/GFS_ENSEMBLE_Soy_PRCP_DEP/cumulative dia 04 (2026-08-16 → 2026-08-20) 56074 bytes
2026-08-16 09:35:58,083 [INFO] [OK] USA/GFS_ENSEMBLE_Soy_PRCP_DEP/cumulative dia 05 (2026-08-16 → 2026-08-21) 58950 bytes
2026-08-16 09:35:58,209 [INFO] [OK] USA/GFS_ENSEMBLE_Soy_PRCP_DEP/cumulative dia 06 (2026-08-16 → 2026-08-22) 59029 bytes
2026-08-16 09:35:58,556 [INFO] [OK] USA/GFS_ENSEMBLE_Soy_PRCP_DEP/cumulative dia 07 (2026-08-16 → 2026-08-23) 59222 bytes
2026-08-16 09:35:58,996 [INFO] [OK] USA/GFS_ENSEMBLE_Soy_PRCP_DEP/cumulative dia 08 (2026-08-16 → 2026-08-24) 59173 bytes
2026-08-16 09:35:59,915 [INFO] [OK] USA/GFS_ENSEMBLE_Soy_PRCP_DEP/cumulative dia 09 (2026-08-16 → 2026-08-25) 58606 bytes
2026-08-16 09:36:00,428 [INFO] [OK] USA/GFS_ENSEMBLE_Soy_PRCP_DEP/cumulative dia 10 (2026-08-16 → 2026-08-26) 58768 bytes
2026-08-16 09:36:00,839 [INFO] [OK] USA/GFS_ENSEMBLE_Soy_PRCP_DEP/cumulative dia 11 (2026-08-16 → 2026-08-27) 58785 bytes
2026-08-16 09:36:01,104 [INFO] [OK] USA/GFS_ENSEMBLE_Soy_PRCP_DEP/cumulative dia 12 (2026-08-16 → 2026-08-28) 58729 bytes
2026-08-16 09:36:01,541 [INFO] [OK] USA/GFS_ENSEMBLE_Soy_PRCP_DEP/cumulative dia 13 (2026-08-16 → 2026-08-29) 58714 bytes
2026-08-16 09:36:01,586 [INFO] [OK] USA/GFS_ENSEMBLE_Soy_PRCP/daily dia 00 (2026-08-16 → 2026-08-16) 37355 bytes
2026-08-16 09:36:01,941 [INFO] [OK] USA/GFS_ENSEMBLE_Soy_PRCP_DEP/cumulative dia 14 (2026-08-16 → 2026-08-30) 59274 bytes
2026-08-16 09:36:01,991 [INFO] [OK] USA/GFS_ENSEMBLE_Soy_PRCP/daily dia 01 (2026-08-17 → 2026-08-17) 36067 bytes
2026-08-16 09:36:02,425 [INFO] [OK] USA/GFS_ENSEMBLE_Soy_PRCP/daily dia 02 (2026-08-18 → 2026-08-18) 35756 bytes
2026-08-16 09:36:02,742 [INFO] [OK] USA/GFS_ENSEMBLE_Soy_PRCP/daily dia 03 (2026-08-19 → 2026-08-19) 35572 bytes
2026-08-16 09:36:03,180 [INFO] [OK] USA/GFS_ENSEMBLE_Soy_PRCP/daily dia 05 (2026-08-21 → 2026-08-21) 34606 bytes
2026-08-16 09:36:03,225 [INFO] [OK] USA/GFS_ENSEMBLE_Soy_PRCP/daily dia 04 (2026-08-20 → 2026-08-20) 35938 bytes
2026-08-16 09:36:03,475 [INFO] [OK] USA/GFS_ENSEMBLE_Soy_PRCP/daily dia 06 (2026-08-22 → 2026-08-22) 34757 bytes
2026-08-16 09:36:03,595 [INFO] [OK] USA/GFS_ENSEMBLE_Soy_PRCP/daily dia 07 (2026-08-23 → 2026-08-23) 33935 bytes
2026-08-16 09:36:04,061 [INFO] [OK] USA/GFS_ENSEMBLE_Soy_PRCP/daily dia 08 (2026-08-24 → 2026-08-24) 35030 bytes
2026-08-16 09:36:04,256 [INFO] [OK] USA/GFS_ENSEMBLE_Soy_PRCP/daily dia 09 (2026-08-25 → 2026-08-25) 35873 bytes
2026-08-16 09:36:04,747 [INFO] [OK] USA/GFS_ENSEMBLE_Soy_PRCP/daily dia 10 (2026-08-26 → 2026-08-26) 35453 bytes
2026-08-16 09:36:04,935 [INFO] [OK] USA/GFS_ENSEMBLE_Soy_PRCP/daily dia 11 (2026-08-27 → 2026-08-27) 35622 bytes
2026-08-16 09:36:05,247 [INFO] [OK] USA/GFS_ENSEMBLE_Soy_PRCP/daily dia 12 (2026-08-28 → 2026-08-28) 35606 bytes
2026-08-16 09:36:05,348 [INFO] [OK] USA/GFS_ENSEMBLE_Soy_PRCP/daily dia 13 (2026-08-29 → 2026-08-29) 36870 bytes
2026-08-16 09:36:05,667 [INFO] [OK] USA/GFS_ENSEMBLE_Soy_PRCP/daily dia 14 (2026-08-30 → 2026-08-30) 37104 bytes
2026-08-16 09:36:05,913 [INFO] [OK] USA/GFS_ENSEMBLE_Soy_PRCP/cumulative dia 00 (2026-08-16 → 2026-08-16) 37355 bytes
2026-08-16 09:36:06,352 [INFO] [OK] USA/GFS_ENSEMBLE_Soy_PRCP/cumulative dia 01 (2026-08-16 → 2026-08-17) 39802 bytes
2026-08-16 09:36:06,713 [INFO] [OK] USA/GFS_ENSEMBLE_Soy_PRCP/cumulative dia 02 (2026-08-16 → 2026-08-18) 40540 bytes
2026-08-16 09:36:07,074 [INFO] [OK] USA/GFS_ENSEMBLE_Soy_PRCP/cumulative dia 03 (2026-08-16 → 2026-08-19) 41617 bytes
2026-08-16 09:36:07,288 [INFO] [OK] USA/GFS_ENSEMBLE_Soy_PRCP/cumulative dia 04 (2026-08-16 → 2026-08-20) 43040 bytes
2026-08-16 09:36:07,683 [INFO] [OK] USA/GFS_ENSEMBLE_Soy_PRCP/cumulative dia 05 (2026-08-16 → 2026-08-21) 44444 bytes
2026-08-16 09:36:08,026 [INFO] [OK] USA/GFS_ENSEMBLE_Soy_PRCP/cumulative dia 06 (2026-08-16 → 2026-08-22) 45533 bytes
2026-08-16 09:36:08,594 [INFO] [OK] USA/GFS_ENSEMBLE_Soy_PRCP/cumulative dia 07 (2026-08-16 → 2026-08-23) 46246 bytes
2026-08-16 09:36:09,088 [INFO] [OK] USA/GFS_ENSEMBLE_Soy_PRCP/cumulative dia 08 (2026-08-16 → 2026-08-24) 46192 bytes
2026-08-16 09:36:09,544 [INFO] [OK] USA/GFS_ENSEMBLE_Soy_PRCP/cumulative dia 09 (2026-08-16 → 2026-08-25) 47045 bytes
2026-08-16 09:36:09,845 [INFO] [OK] USA/GFS_ENSEMBLE_Soy_PRCP/cumulative dia 10 (2026-08-16 → 2026-08-26) 47597 bytes
2026-08-16 09:36:10,439 [INFO] [OK] USA/GFS_ENSEMBLE_Soy_PRCP/cumulative dia 11 (2026-08-16 → 2026-08-27) 47517 bytes
2026-08-16 09:36:10,819 [INFO] [OK] USA/GFS_ENSEMBLE_Soy_PRCP/cumulative dia 12 (2026-08-16 → 2026-08-28) 48366 bytes
2026-08-16 09:36:11,272 [INFO] [OK] USA/GFS_ENSEMBLE_Wheat_Winter_PRCP_DEP/daily dia 00 (2026-08-16 → 2026-08-16) 53806 bytes
2026-08-16 09:36:11,484 [INFO] [OK] USA/GFS_ENSEMBLE_Wheat_Winter_PRCP_DEP/daily dia 01 (2026-08-17 → 2026-08-17) 55113 bytes
2026-08-16 09:36:11,545 [INFO] [OK] USA/GFS_ENSEMBLE_Soy_PRCP/cumulative dia 13 (2026-08-16 → 2026-08-29) 49030 bytes
2026-08-16 09:36:11,982 [INFO] [OK] USA/GFS_ENSEMBLE_Soy_PRCP/cumulative dia 14 (2026-08-16 → 2026-08-30) 49102 bytes
2026-08-16 09:36:12,323 [INFO] [OK] USA/GFS_ENSEMBLE_Wheat_Winter_PRCP_DEP/daily dia 02 (2026-08-18 → 2026-08-18) 52097 bytes
2026-08-16 09:36:12,418 [INFO] [OK] USA/GFS_ENSEMBLE_Wheat_Winter_PRCP_DEP/daily dia 03 (2026-08-19 → 2026-08-19) 54930 bytes
2026-08-16 09:36:12,887 [INFO] [OK] USA/GFS_ENSEMBLE_Wheat_Winter_PRCP_DEP/daily dia 04 (2026-08-20 → 2026-08-20) 55812 bytes
2026-08-16 09:36:13,137 [INFO] [OK] USA/GFS_ENSEMBLE_Wheat_Winter_PRCP_DEP/daily dia 05 (2026-08-21 → 2026-08-21) 60465 bytes
2026-08-16 09:36:13,307 [INFO] [OK] USA/GFS_ENSEMBLE_Wheat_Winter_PRCP_DEP/daily dia 06 (2026-08-22 → 2026-08-22) 59408 bytes
2026-08-16 09:36:13,708 [INFO] [OK] USA/GFS_ENSEMBLE_Wheat_Winter_PRCP_DEP/daily dia 07 (2026-08-23 → 2026-08-23) 56315 bytes
2026-08-16 09:36:14,072 [INFO] [OK] USA/GFS_ENSEMBLE_Wheat_Winter_PRCP_DEP/daily dia 09 (2026-08-25 → 2026-08-25) 60215 bytes
2026-08-16 09:36:14,115 [INFO] [OK] USA/GFS_ENSEMBLE_Wheat_Winter_PRCP_DEP/daily dia 08 (2026-08-24 → 2026-08-24) 57693 bytes
2026-08-16 09:36:14,480 [INFO] [OK] USA/GFS_ENSEMBLE_Wheat_Winter_PRCP_DEP/daily dia 10 (2026-08-26 → 2026-08-26) 59989 bytes
2026-08-16 09:36:15,093 [INFO] [OK] USA/GFS_ENSEMBLE_Wheat_Winter_PRCP_DEP/daily dia 12 (2026-08-28 → 2026-08-28) 59491 bytes
2026-08-16 09:36:15,093 [INFO] [OK] USA/GFS_ENSEMBLE_Wheat_Winter_PRCP_DEP/daily dia 11 (2026-08-27 → 2026-08-27) 59891 bytes
2026-08-16 09:36:15,340 [INFO] [OK] USA/GFS_ENSEMBLE_Wheat_Winter_PRCP_DEP/daily dia 13 (2026-08-29 → 2026-08-29) 61546 bytes
2026-08-16 09:36:15,699 [INFO] [OK] USA/GFS_ENSEMBLE_Wheat_Winter_PRCP_DEP/cumulative dia 00 (2026-08-16 → 2026-08-16) 53806 bytes
2026-08-16 09:36:15,763 [INFO] [OK] USA/GFS_ENSEMBLE_Wheat_Winter_PRCP_DEP/daily dia 14 (2026-08-30 → 2026-08-30) 62977 bytes
2026-08-16 09:36:16,291 [INFO] [OK] USA/GFS_ENSEMBLE_Wheat_Winter_PRCP_DEP/cumulative dia 01 (2026-08-16 → 2026-08-17) 57133 bytes
2026-08-16 09:36:16,979 [INFO] [OK] USA/GFS_ENSEMBLE_Wheat_Winter_PRCP_DEP/cumulative dia 02 (2026-08-16 → 2026-08-18) 57850 bytes
2026-08-16 09:36:17,021 [INFO] [OK] USA/GFS_ENSEMBLE_Wheat_Winter_PRCP_DEP/cumulative dia 03 (2026-08-16 → 2026-08-19) 57485 bytes
2026-08-16 09:36:17,346 [INFO] [OK] USA/GFS_ENSEMBLE_Wheat_Winter_PRCP_DEP/cumulative dia 04 (2026-08-16 → 2026-08-20) 58039 bytes
2026-08-16 09:36:17,826 [INFO] [OK] USA/GFS_ENSEMBLE_Wheat_Winter_PRCP_DEP/cumulative dia 05 (2026-08-16 → 2026-08-21) 60256 bytes
2026-08-16 09:36:18,107 [INFO] [OK] USA/GFS_ENSEMBLE_Wheat_Winter_PRCP_DEP/cumulative dia 06 (2026-08-16 → 2026-08-22) 60278 bytes
2026-08-16 09:36:18,720 [INFO] [OK] USA/GFS_ENSEMBLE_Wheat_Winter_PRCP_DEP/cumulative dia 07 (2026-08-16 → 2026-08-23) 60292 bytes
2026-08-16 09:36:19,451 [INFO] [OK] USA/GFS_ENSEMBLE_Wheat_Winter_PRCP_DEP/cumulative dia 08 (2026-08-16 → 2026-08-24) 60258 bytes
2026-08-16 09:36:19,555 [INFO] [OK] USA/GFS_ENSEMBLE_Wheat_Winter_PRCP_DEP/cumulative dia 09 (2026-08-16 → 2026-08-25) 59889 bytes
2026-08-16 09:36:20,096 [INFO] [OK] USA/GFS_ENSEMBLE_Wheat_Winter_PRCP_DEP/cumulative dia 10 (2026-08-16 → 2026-08-26) 59928 bytes
2026-08-16 09:36:20,600 [INFO] [OK] USA/GFS_ENSEMBLE_Wheat_Winter_PRCP_DEP/cumulative dia 11 (2026-08-16 → 2026-08-27) 60180 bytes
2026-08-16 09:36:21,107 [INFO] [OK] USA/GFS_ENSEMBLE_Wheat_Winter_PRCP/daily dia 00 (2026-08-16 → 2026-08-16) 38965 bytes
2026-08-16 09:36:21,141 [INFO] [OK] USA/GFS_ENSEMBLE_Wheat_Winter_PRCP_DEP/cumulative dia 12 (2026-08-16 → 2026-08-28) 59917 bytes
2026-08-16 09:36:21,616 [INFO] [OK] USA/GFS_ENSEMBLE_Wheat_Winter_PRCP/daily dia 01 (2026-08-17 → 2026-08-17) 37473 bytes
2026-08-16 09:36:21,627 [INFO] [OK] USA/GFS_ENSEMBLE_Wheat_Winter_PRCP_DEP/cumulative dia 13 (2026-08-16 → 2026-08-29) 60060 bytes
2026-08-16 09:36:22,131 [INFO] [OK] USA/GFS_ENSEMBLE_Wheat_Winter_PRCP/daily dia 02 (2026-08-18 → 2026-08-18) 37241 bytes
2026-08-16 09:36:22,494 [INFO] [OK] USA/GFS_ENSEMBLE_Wheat_Winter_PRCP_DEP/cumulative dia 14 (2026-08-16 → 2026-08-30) 60524 bytes
2026-08-16 09:36:22,680 [INFO] [OK] USA/GFS_ENSEMBLE_Wheat_Winter_PRCP/daily dia 03 (2026-08-19 → 2026-08-19) 37301 bytes
2026-08-16 09:36:22,848 [INFO] [OK] USA/GFS_ENSEMBLE_Wheat_Winter_PRCP/daily dia 04 (2026-08-20 → 2026-08-20) 37466 bytes
2026-08-16 09:36:23,248 [INFO] [OK] USA/GFS_ENSEMBLE_Wheat_Winter_PRCP/daily dia 06 (2026-08-22 → 2026-08-22) 36176 bytes
2026-08-16 09:36:23,253 [INFO] [OK] USA/GFS_ENSEMBLE_Wheat_Winter_PRCP/daily dia 05 (2026-08-21 → 2026-08-21) 36199 bytes
2026-08-16 09:36:23,633 [INFO] [OK] USA/GFS_ENSEMBLE_Wheat_Winter_PRCP/daily dia 07 (2026-08-23 → 2026-08-23) 35397 bytes
2026-08-16 09:36:24,004 [INFO] [OK] USA/GFS_ENSEMBLE_Wheat_Winter_PRCP/daily dia 08 (2026-08-24 → 2026-08-24) 36623 bytes
2026-08-16 09:36:24,325 [INFO] [OK] USA/GFS_ENSEMBLE_Wheat_Winter_PRCP/daily dia 09 (2026-08-25 → 2026-08-25) 37492 bytes
2026-08-16 09:36:24,450 [INFO] [OK] USA/GFS_ENSEMBLE_Wheat_Winter_PRCP/daily dia 10 (2026-08-26 → 2026-08-26) 36913 bytes
2026-08-16 09:36:24,759 [INFO] [OK] USA/GFS_ENSEMBLE_Wheat_Winter_PRCP/daily dia 11 (2026-08-27 → 2026-08-27) 37195 bytes
2026-08-16 09:36:24,816 [INFO] [OK] USA/GFS_ENSEMBLE_Wheat_Winter_PRCP/daily dia 12 (2026-08-28 → 2026-08-28) 37119 bytes
2026-08-16 09:36:25,216 [INFO] [OK] USA/GFS_ENSEMBLE_Wheat_Winter_PRCP/daily dia 13 (2026-08-29 → 2026-08-29) 38114 bytes
2026-08-16 09:36:25,545 [INFO] [OK] USA/GFS_ENSEMBLE_Wheat_Winter_PRCP/daily dia 14 (2026-08-30 → 2026-08-30) 38360 bytes
2026-08-16 09:36:25,951 [INFO] [OK] USA/GFS_ENSEMBLE_Wheat_Winter_PRCP/cumulative dia 00 (2026-08-16 → 2026-08-16) 38965 bytes
2026-08-16 09:36:26,177 [INFO] [OK] USA/GFS_ENSEMBLE_Wheat_Winter_PRCP/cumulative dia 01 (2026-08-16 → 2026-08-17) 41287 bytes
2026-08-16 09:36:26,476 [INFO] [OK] USA/GFS_ENSEMBLE_Wheat_Winter_PRCP/cumulative dia 02 (2026-08-16 → 2026-08-18) 42151 bytes
2026-08-16 09:36:26,729 [INFO] [OK] USA/GFS_ENSEMBLE_Wheat_Winter_PRCP/cumulative dia 03 (2026-08-16 → 2026-08-19) 43122 bytes
2026-08-16 09:36:27,122 [INFO] [OK] USA/GFS_ENSEMBLE_Wheat_Winter_PRCP/cumulative dia 04 (2026-08-16 → 2026-08-20) 44508 bytes
2026-08-16 09:36:27,622 [INFO] [OK] USA/GFS_ENSEMBLE_Wheat_Winter_PRCP/cumulative dia 05 (2026-08-16 → 2026-08-21) 45944 bytes
2026-08-16 09:36:28,134 [INFO] [OK] USA/GFS_ENSEMBLE_Wheat_Winter_PRCP/cumulative dia 06 (2026-08-16 → 2026-08-22) 46927 bytes
2026-08-16 09:36:28,448 [INFO] [OK] USA/GFS_ENSEMBLE_Wheat_Winter_PRCP/cumulative dia 07 (2026-08-16 → 2026-08-23) 47773 bytes
2026-08-16 09:36:28,817 [INFO] [OK] USA/GFS_ENSEMBLE_Wheat_Winter_PRCP/cumulative dia 08 (2026-08-16 → 2026-08-24) 47829 bytes
2026-08-16 09:36:29,198 [INFO] [OK] USA/GFS_ENSEMBLE_Wheat_Winter_PRCP/cumulative dia 09 (2026-08-16 → 2026-08-25) 48480 bytes
2026-08-16 09:36:29,671 [INFO] [OK] USA/GFS_ENSEMBLE_Wheat_Winter_PRCP/cumulative dia 10 (2026-08-16 → 2026-08-26) 49197 bytes
2026-08-16 09:36:30,325 [INFO] [OK] USA/GFS_ENSEMBLE_Wheat_Winter_PRCP/cumulative dia 11 (2026-08-16 → 2026-08-27) 49004 bytes
2026-08-16 09:36:30,836 [INFO] [OK] USA/GFS_ENSEMBLE_Wheat_Spring_PRCP_DEP/daily dia 00 (2026-08-16 → 2026-08-16) 50716 bytes
2026-08-16 09:36:30,973 [INFO] [OK] USA/GFS_ENSEMBLE_Wheat_Winter_PRCP/cumulative dia 12 (2026-08-16 → 2026-08-28) 49835 bytes
2026-08-16 09:36:31,341 [INFO] [OK] USA/GFS_ENSEMBLE_Wheat_Winter_PRCP/cumulative dia 13 (2026-08-16 → 2026-08-29) 50375 bytes
2026-08-16 09:36:31,385 [INFO] [OK] USA/GFS_ENSEMBLE_Wheat_Spring_PRCP_DEP/daily dia 01 (2026-08-17 → 2026-08-17) 51765 bytes
2026-08-16 09:36:31,773 [INFO] [OK] USA/GFS_ENSEMBLE_Wheat_Winter_PRCP/cumulative dia 14 (2026-08-16 → 2026-08-30) 50713 bytes
2026-08-16 09:36:32,371 [INFO] [OK] USA/GFS_ENSEMBLE_Wheat_Spring_PRCP_DEP/daily dia 02 (2026-08-18 → 2026-08-18) 48475 bytes
2026-08-16 09:36:32,527 [INFO] [OK] USA/GFS_ENSEMBLE_Wheat_Spring_PRCP_DEP/daily dia 03 (2026-08-19 → 2026-08-19) 51671 bytes
2026-08-16 09:36:32,608 [INFO] [OK] USA/GFS_ENSEMBLE_Wheat_Spring_PRCP_DEP/daily dia 04 (2026-08-20 → 2026-08-20) 52467 bytes
2026-08-16 09:36:32,993 [INFO] [OK] USA/GFS_ENSEMBLE_Wheat_Spring_PRCP_DEP/daily dia 06 (2026-08-22 → 2026-08-22) 56282 bytes
2026-08-16 09:36:33,161 [INFO] [OK] USA/GFS_ENSEMBLE_Wheat_Spring_PRCP_DEP/daily dia 05 (2026-08-21 → 2026-08-21) 57415 bytes
2026-08-16 09:36:33,423 [INFO] [OK] USA/GFS_ENSEMBLE_Wheat_Spring_PRCP_DEP/daily dia 07 (2026-08-23 → 2026-08-23) 53050 bytes
2026-08-16 09:36:34,022 [INFO] [OK] USA/GFS_ENSEMBLE_Wheat_Spring_PRCP_DEP/daily dia 08 (2026-08-24 → 2026-08-24) 54039 bytes
2026-08-16 09:36:34,477 [INFO] [OK] USA/GFS_ENSEMBLE_Wheat_Spring_PRCP_DEP/daily dia 09 (2026-08-25 → 2026-08-25) 57075 bytes
2026-08-16 09:36:34,505 [INFO] [OK] USA/GFS_ENSEMBLE_Wheat_Spring_PRCP_DEP/daily dia 10 (2026-08-26 → 2026-08-26) 56783 bytes
2026-08-16 09:36:34,661 [INFO] [OK] USA/GFS_ENSEMBLE_Wheat_Spring_PRCP_DEP/daily dia 11 (2026-08-27 → 2026-08-27) 57003 bytes
2026-08-16 09:36:34,873 [INFO] [OK] USA/GFS_ENSEMBLE_Wheat_Spring_PRCP_DEP/daily dia 12 (2026-08-28 → 2026-08-28) 56038 bytes
2026-08-16 09:36:35,120 [INFO] [OK] USA/GFS_ENSEMBLE_Wheat_Spring_PRCP_DEP/daily dia 13 (2026-08-29 → 2026-08-29) 57643 bytes
2026-08-16 09:36:35,628 [INFO] [OK] USA/GFS_ENSEMBLE_Wheat_Spring_PRCP_DEP/daily dia 14 (2026-08-30 → 2026-08-30) 59876 bytes
2026-08-16 09:36:36,151 [INFO] [OK] USA/GFS_ENSEMBLE_Wheat_Spring_PRCP_DEP/cumulative dia 00 (2026-08-16 → 2026-08-16) 50716 bytes
2026-08-16 09:36:36,270 [INFO] [OK] USA/GFS_ENSEMBLE_Wheat_Spring_PRCP_DEP/cumulative dia 01 (2026-08-16 → 2026-08-17) 54021 bytes
2026-08-16 09:36:36,708 [INFO] [OK] USA/GFS_ENSEMBLE_Wheat_Spring_PRCP_DEP/cumulative dia 02 (2026-08-16 → 2026-08-18) 54353 bytes
2026-08-16 09:36:36,996 [INFO] [OK] USA/GFS_ENSEMBLE_Wheat_Spring_PRCP_DEP/cumulative dia 03 (2026-08-16 → 2026-08-19) 54243 bytes
2026-08-16 09:36:37,102 [INFO] [OK] USA/GFS_ENSEMBLE_Wheat_Spring_PRCP_DEP/cumulative dia 04 (2026-08-16 → 2026-08-20) 54402 bytes
2026-08-16 09:36:37,806 [INFO] [OK] USA/GFS_ENSEMBLE_Wheat_Spring_PRCP_DEP/cumulative dia 05 (2026-08-16 → 2026-08-21) 56897 bytes
2026-08-16 09:36:38,387 [INFO] [OK] USA/GFS_ENSEMBLE_Wheat_Spring_PRCP_DEP/cumulative dia 06 (2026-08-16 → 2026-08-22) 57122 bytes
2026-08-16 09:36:38,567 [INFO] [OK] USA/GFS_ENSEMBLE_Wheat_Spring_PRCP_DEP/cumulative dia 07 (2026-08-16 → 2026-08-23) 57091 bytes
2026-08-16 09:36:39,085 [INFO] [OK] USA/GFS_ENSEMBLE_Wheat_Spring_PRCP_DEP/cumulative dia 08 (2026-08-16 → 2026-08-24) 57141 bytes
2026-08-16 09:36:39,522 [INFO] [OK] USA/GFS_ENSEMBLE_Wheat_Spring_PRCP_DEP/cumulative dia 09 (2026-08-16 → 2026-08-25) 56600 bytes
2026-08-16 09:36:39,722 [INFO] [OK] USA/GFS_ENSEMBLE_Wheat_Spring_PRCP_DEP/cumulative dia 10 (2026-08-16 → 2026-08-26) 56893 bytes
2026-08-16 09:36:40,494 [INFO] [OK] USA/GFS_ENSEMBLE_Wheat_Spring_PRCP_DEP/cumulative dia 11 (2026-08-16 → 2026-08-27) 57136 bytes
2026-08-16 09:36:41,811 [INFO] [OK] USA/GFS_ENSEMBLE_Wheat_Spring_PRCP/daily dia 00 (2026-08-16 → 2026-08-16) 35745 bytes
2026-08-16 09:36:41,819 [INFO] [OK] USA/GFS_ENSEMBLE_Wheat_Spring_PRCP/daily dia 01 (2026-08-17 → 2026-08-17) 34526 bytes
2026-08-16 09:36:41,889 [INFO] [OK] USA/GFS_ENSEMBLE_Wheat_Spring_PRCP_DEP/cumulative dia 12 (2026-08-16 → 2026-08-28) 56813 bytes
2026-08-16 09:36:42,022 [INFO] [OK] USA/GFS_ENSEMBLE_Wheat_Spring_PRCP/daily dia 02 (2026-08-18 → 2026-08-18) 34402 bytes
2026-08-16 09:36:42,043 [INFO] [OK] USA/GFS_ENSEMBLE_Wheat_Spring_PRCP_DEP/cumulative dia 13 (2026-08-16 → 2026-08-29) 56897 bytes
2026-08-16 09:36:42,389 [INFO] [OK] USA/GFS_ENSEMBLE_Wheat_Spring_PRCP_DEP/cumulative dia 14 (2026-08-16 → 2026-08-30) 57598 bytes
2026-08-16 09:36:43,464 [INFO] [OK] USA/GFS_ENSEMBLE_Wheat_Spring_PRCP/daily dia 03 (2026-08-19 → 2026-08-19) 34153 bytes
2026-08-16 09:36:43,565 [INFO] [OK] USA/GFS_ENSEMBLE_Wheat_Spring_PRCP/daily dia 04 (2026-08-20 → 2026-08-20) 34387 bytes
2026-08-16 09:36:43,567 [INFO] [OK] USA/GFS_ENSEMBLE_Wheat_Spring_PRCP/daily dia 05 (2026-08-21 → 2026-08-21) 33198 bytes
2026-08-16 09:36:43,684 [INFO] [OK] USA/GFS_ENSEMBLE_Wheat_Spring_PRCP/daily dia 06 (2026-08-22 → 2026-08-22) 33330 bytes
2026-08-16 09:36:43,704 [INFO] [OK] USA/GFS_ENSEMBLE_Wheat_Spring_PRCP/daily dia 07 (2026-08-23 → 2026-08-23) 32664 bytes
2026-08-16 09:36:44,030 [INFO] [OK] USA/GFS_ENSEMBLE_Wheat_Spring_PRCP/daily dia 08 (2026-08-24 → 2026-08-24) 33548 bytes
2026-08-16 09:36:45,298 [INFO] [OK] USA/GFS_ENSEMBLE_Wheat_Spring_PRCP/daily dia 09 (2026-08-25 → 2026-08-25) 34429 bytes
2026-08-16 09:36:45,526 [INFO] [OK] USA/GFS_ENSEMBLE_Wheat_Spring_PRCP/daily dia 11 (2026-08-27 → 2026-08-27) 34140 bytes
2026-08-16 09:36:45,535 [INFO] [OK] USA/GFS_ENSEMBLE_Wheat_Spring_PRCP/daily dia 13 (2026-08-29 → 2026-08-29) 35339 bytes
2026-08-16 09:36:45,542 [INFO] [OK] USA/GFS_ENSEMBLE_Wheat_Spring_PRCP/daily dia 10 (2026-08-26 → 2026-08-26) 34080 bytes
2026-08-16 09:36:45,543 [INFO] [OK] USA/GFS_ENSEMBLE_Wheat_Spring_PRCP/daily dia 12 (2026-08-28 → 2026-08-28) 34235 bytes
2026-08-16 09:36:45,738 [INFO] [OK] USA/GFS_ENSEMBLE_Wheat_Spring_PRCP/daily dia 14 (2026-08-30 → 2026-08-30) 35446 bytes
2026-08-16 09:36:47,197 [INFO] [OK] USA/GFS_ENSEMBLE_Wheat_Spring_PRCP/cumulative dia 00 (2026-08-16 → 2026-08-16) 35745 bytes
2026-08-16 09:36:47,344 [INFO] [OK] USA/GFS_ENSEMBLE_Wheat_Spring_PRCP/cumulative dia 01 (2026-08-16 → 2026-08-17) 37986 bytes
2026-08-16 09:36:47,376 [INFO] [OK] USA/GFS_ENSEMBLE_Wheat_Spring_PRCP/cumulative dia 02 (2026-08-16 → 2026-08-18) 38754 bytes
2026-08-16 09:36:47,774 [INFO] [OK] USA/GFS_ENSEMBLE_Wheat_Spring_PRCP/cumulative dia 04 (2026-08-16 → 2026-08-20) 41060 bytes
2026-08-16 09:36:47,775 [INFO] [OK] USA/GFS_ENSEMBLE_Wheat_Spring_PRCP/cumulative dia 03 (2026-08-16 → 2026-08-19) 39900 bytes
2026-08-16 09:36:47,873 [INFO] [OK] USA/GFS_ENSEMBLE_Wheat_Spring_PRCP/cumulative dia 05 (2026-08-16 → 2026-08-21) 42384 bytes
2026-08-16 09:36:49,478 [INFO] [OK] USA/GFS_ENSEMBLE_Wheat_Spring_PRCP/cumulative dia 06 (2026-08-16 → 2026-08-22) 43411 bytes
2026-08-16 09:36:49,785 [INFO] [OK] USA/GFS_ENSEMBLE_Wheat_Spring_PRCP/cumulative dia 07 (2026-08-16 → 2026-08-23) 44078 bytes
2026-08-16 09:36:49,960 [INFO] [OK] USA/GFS_ENSEMBLE_Wheat_Spring_PRCP/cumulative dia 08 (2026-08-16 → 2026-08-24) 44073 bytes
2026-08-16 09:36:50,411 [INFO] [OK] USA/GFS_ENSEMBLE_Wheat_Spring_PRCP/cumulative dia 09 (2026-08-16 → 2026-08-25) 44805 bytes
2026-08-16 09:36:50,630 [INFO] [OK] USA/GFS_ENSEMBLE_Wheat_Spring_PRCP/cumulative dia 10 (2026-08-16 → 2026-08-26) 45368 bytes
2026-08-16 09:36:50,826 [INFO] [OK] USA/GFS_ENSEMBLE_Wheat_Spring_PRCP/cumulative dia 11 (2026-08-16 → 2026-08-27) 45474 bytes
2026-08-16 09:36:52,400 [INFO] [OK] USA/ECM_ENSEMBLE_Corn_PRCP_DEP/daily dia 00 (2026-08-16 → 2026-08-16) 56133 bytes
2026-08-16 09:36:52,445 [INFO] [OK] USA/ECM_ENSEMBLE_Corn_PRCP_DEP/daily dia 01 (2026-08-17 → 2026-08-17) 55431 bytes
2026-08-16 09:36:52,776 [INFO] [OK] USA/GFS_ENSEMBLE_Wheat_Spring_PRCP/cumulative dia 12 (2026-08-16 → 2026-08-28) 46081 bytes
2026-08-16 09:36:54,310 [INFO] [OK] USA/ECM_ENSEMBLE_Corn_PRCP_DEP/daily dia 04 (2026-08-20 → 2026-08-20) 55622 bytes
2026-08-16 09:36:54,311 [INFO] [OK] USA/ECM_ENSEMBLE_Corn_PRCP_DEP/daily dia 02 (2026-08-18 → 2026-08-18) 51157 bytes
2026-08-16 09:36:54,323 [INFO] [OK] USA/ECM_ENSEMBLE_Corn_PRCP_DEP/daily dia 03 (2026-08-19 → 2026-08-19) 52374 bytes
2026-08-16 09:36:54,328 [INFO] [OK] USA/GFS_ENSEMBLE_Wheat_Spring_PRCP/cumulative dia 14 (2026-08-16 → 2026-08-30) 46954 bytes
2026-08-16 09:36:54,329 [INFO] [OK] USA/GFS_ENSEMBLE_Wheat_Spring_PRCP/cumulative dia 13 (2026-08-16 → 2026-08-29) 46907 bytes
2026-08-16 09:36:54,468 [INFO] [OK] USA/ECM_ENSEMBLE_Corn_PRCP_DEP/daily dia 05 (2026-08-21 → 2026-08-21) 58704 bytes
2026-08-16 09:36:55,999 [INFO] [OK] USA/ECM_ENSEMBLE_Corn_PRCP_DEP/daily dia 10 (2026-08-26 → 2026-08-26) 55474 bytes
2026-08-16 09:36:56,134 [INFO] [OK] USA/ECM_ENSEMBLE_Corn_PRCP_DEP/daily dia 06 (2026-08-22 → 2026-08-22) 56941 bytes
2026-08-16 09:36:56,153 [INFO] [OK] USA/ECM_ENSEMBLE_Corn_PRCP_DEP/daily dia 09 (2026-08-25 → 2026-08-25) 53248 bytes
2026-08-16 09:36:56,699 [INFO] [OK] USA/ECM_ENSEMBLE_Corn_PRCP_DEP/daily dia 07 (2026-08-23 → 2026-08-23) 55353 bytes
2026-08-16 09:36:56,829 [INFO] [OK] USA/ECM_ENSEMBLE_Corn_PRCP_DEP/daily dia 11 (2026-08-27 → 2026-08-27) 57661 bytes
2026-08-16 09:36:56,830 [INFO] [OK] USA/ECM_ENSEMBLE_Corn_PRCP_DEP/daily dia 08 (2026-08-24 → 2026-08-24) 53923 bytes
2026-08-16 09:36:57,659 [INFO] [OK] USA/ECM_ENSEMBLE_Corn_PRCP_DEP/daily dia 12 (2026-08-28 → 2026-08-28) 58860 bytes
2026-08-16 09:36:57,863 [INFO] [OK] USA/ECM_ENSEMBLE_Corn_PRCP_DEP/daily dia 14 (2026-08-30 → 2026-08-30) 57912 bytes
2026-08-16 09:36:57,875 [INFO] [OK] USA/ECM_ENSEMBLE_Corn_PRCP_DEP/daily dia 13 (2026-08-29 → 2026-08-29) 60544 bytes
2026-08-16 09:36:58,352 [INFO] [OK] USA/ECM_ENSEMBLE_Corn_PRCP_DEP/cumulative dia 00 (2026-08-16 → 2026-08-16) 56133 bytes
2026-08-16 09:36:58,561 [INFO] [OK] USA/ECM_ENSEMBLE_Corn_PRCP_DEP/cumulative dia 01 (2026-08-16 → 2026-08-17) 58765 bytes
2026-08-16 09:36:58,695 [INFO] [OK] USA/ECM_ENSEMBLE_Corn_PRCP_DEP/cumulative dia 02 (2026-08-16 → 2026-08-18) 57556 bytes
2026-08-16 09:36:59,642 [INFO] [OK] USA/ECM_ENSEMBLE_Corn_PRCP_DEP/cumulative dia 03 (2026-08-16 → 2026-08-19) 57364 bytes
2026-08-16 09:36:59,877 [INFO] [OK] USA/ECM_ENSEMBLE_Corn_PRCP_DEP/cumulative dia 04 (2026-08-16 → 2026-08-20) 57813 bytes
2026-08-16 09:37:00,095 [INFO] [OK] USA/ECM_ENSEMBLE_Corn_PRCP_DEP/cumulative dia 05 (2026-08-16 → 2026-08-21) 58956 bytes
2026-08-16 09:37:00,876 [INFO] [OK] USA/ECM_ENSEMBLE_Corn_PRCP_DEP/cumulative dia 06 (2026-08-16 → 2026-08-22) 59710 bytes
2026-08-16 09:37:01,103 [INFO] [OK] USA/ECM_ENSEMBLE_Corn_PRCP_DEP/cumulative dia 07 (2026-08-16 → 2026-08-23) 59268 bytes
2026-08-16 09:37:01,222 [INFO] [OK] USA/ECM_ENSEMBLE_Corn_PRCP_DEP/cumulative dia 08 (2026-08-16 → 2026-08-24) 58971 bytes
2026-08-16 09:37:02,251 [INFO] [OK] USA/ECM_ENSEMBLE_Corn_PRCP_DEP/cumulative dia 09 (2026-08-16 → 2026-08-25) 58360 bytes
2026-08-16 09:37:02,563 [INFO] [OK] USA/ECM_ENSEMBLE_Corn_PRCP_DEP/cumulative dia 10 (2026-08-16 → 2026-08-26) 57981 bytes
2026-08-16 09:37:02,797 [INFO] [OK] USA/ECM_ENSEMBLE_Corn_PRCP_DEP/cumulative dia 11 (2026-08-16 → 2026-08-27) 58253 bytes
2026-08-16 09:37:03,735 [INFO] [OK] USA/ECM_ENSEMBLE_Corn_PRCP_DEP/cumulative dia 12 (2026-08-16 → 2026-08-28) 58216 bytes
2026-08-16 09:37:03,818 [INFO] [OK] USA/ECM_ENSEMBLE_Corn_PRCP/daily dia 00 (2026-08-16 → 2026-08-16) 37612 bytes
2026-08-16 09:37:03,975 [INFO] [OK] USA/ECM_ENSEMBLE_Corn_PRCP_DEP/cumulative dia 13 (2026-08-16 → 2026-08-29) 58350 bytes
2026-08-16 09:37:04,156 [INFO] [OK] USA/ECM_ENSEMBLE_Corn_PRCP_DEP/cumulative dia 14 (2026-08-16 → 2026-08-30) 58604 bytes
2026-08-16 09:37:04,353 [INFO] [OK] USA/ECM_ENSEMBLE_Corn_PRCP/daily dia 02 (2026-08-18 → 2026-08-18) 35244 bytes
2026-08-16 09:37:04,373 [INFO] [OK] USA/ECM_ENSEMBLE_Corn_PRCP/daily dia 01 (2026-08-17 → 2026-08-17) 36380 bytes
2026-08-16 09:37:05,302 [INFO] [OK] USA/ECM_ENSEMBLE_Corn_PRCP/daily dia 03 (2026-08-19 → 2026-08-19) 36236 bytes
2026-08-16 09:37:05,377 [INFO] [OK] USA/ECM_ENSEMBLE_Corn_PRCP/daily dia 04 (2026-08-20 → 2026-08-20) 36469 bytes
2026-08-16 09:37:05,547 [INFO] [OK] USA/ECM_ENSEMBLE_Corn_PRCP/daily dia 05 (2026-08-21 → 2026-08-21) 35467 bytes
2026-08-16 09:37:05,812 [INFO] [OK] USA/ECM_ENSEMBLE_Corn_PRCP/daily dia 06 (2026-08-22 → 2026-08-22) 36195 bytes
2026-08-16 09:37:05,925 [INFO] [OK] USA/ECM_ENSEMBLE_Corn_PRCP/daily dia 07 (2026-08-23 → 2026-08-23) 35969 bytes
2026-08-16 09:37:05,971 [INFO] [OK] USA/ECM_ENSEMBLE_Corn_PRCP/daily dia 08 (2026-08-24 → 2026-08-24) 35165 bytes
2026-08-16 09:37:06,932 [INFO] [OK] USA/ECM_ENSEMBLE_Corn_PRCP/daily dia 09 (2026-08-25 → 2026-08-25) 34854 bytes
2026-08-16 09:37:06,977 [INFO] [OK] USA/ECM_ENSEMBLE_Corn_PRCP/daily dia 10 (2026-08-26 → 2026-08-26) 35949 bytes
2026-08-16 09:37:07,084 [INFO] [OK] USA/ECM_ENSEMBLE_Corn_PRCP/daily dia 11 (2026-08-27 → 2026-08-27) 35641 bytes
2026-08-16 09:37:07,351 [INFO] [OK] USA/ECM_ENSEMBLE_Corn_PRCP/daily dia 12 (2026-08-28 → 2026-08-28) 35168 bytes
2026-08-16 09:37:07,535 [INFO] [OK] USA/ECM_ENSEMBLE_Corn_PRCP/daily dia 13 (2026-08-29 → 2026-08-29) 35878 bytes
2026-08-16 09:37:07,549 [INFO] [OK] USA/ECM_ENSEMBLE_Corn_PRCP/daily dia 14 (2026-08-30 → 2026-08-30) 35414 bytes
2026-08-16 09:37:08,479 [INFO] [OK] USA/ECM_ENSEMBLE_Corn_PRCP/cumulative dia 00 (2026-08-16 → 2026-08-16) 37612 bytes
2026-08-16 09:37:08,859 [INFO] [OK] USA/ECM_ENSEMBLE_Corn_PRCP/cumulative dia 01 (2026-08-16 → 2026-08-17) 40228 bytes
2026-08-16 09:37:08,861 [INFO] [OK] USA/ECM_ENSEMBLE_Corn_PRCP/cumulative dia 02 (2026-08-16 → 2026-08-18) 40839 bytes
2026-08-16 09:37:09,221 [INFO] [OK] USA/ECM_ENSEMBLE_Corn_PRCP/cumulative dia 03 (2026-08-16 → 2026-08-19) 41576 bytes
2026-08-16 09:37:09,621 [INFO] [OK] USA/ECM_ENSEMBLE_Corn_PRCP/cumulative dia 05 (2026-08-16 → 2026-08-21) 44410 bytes
2026-08-16 09:37:09,636 [INFO] [OK] USA/ECM_ENSEMBLE_Corn_PRCP/cumulative dia 04 (2026-08-16 → 2026-08-20) 43197 bytes
2026-08-16 09:37:10,676 [INFO] [OK] USA/ECM_ENSEMBLE_Corn_PRCP/cumulative dia 06 (2026-08-16 → 2026-08-22) 45534 bytes
2026-08-16 09:37:11,212 [INFO] [OK] USA/ECM_ENSEMBLE_Corn_PRCP/cumulative dia 08 (2026-08-16 → 2026-08-24) 47215 bytes
2026-08-16 09:37:11,274 [INFO] [OK] USA/ECM_ENSEMBLE_Corn_PRCP/cumulative dia 07 (2026-08-16 → 2026-08-23) 46566 bytes
2026-08-16 09:37:11,679 [INFO] [OK] USA/ECM_ENSEMBLE_Corn_PRCP/cumulative dia 09 (2026-08-16 → 2026-08-25) 47867 bytes
2026-08-16 09:37:12,210 [INFO] [OK] USA/ECM_ENSEMBLE_Corn_PRCP/cumulative dia 10 (2026-08-16 → 2026-08-26) 47986 bytes
2026-08-16 09:37:12,379 [INFO] [OK] USA/ECM_ENSEMBLE_Corn_PRCP/cumulative dia 11 (2026-08-16 → 2026-08-27) 48778 bytes
2026-08-16 09:37:13,279 [INFO] [OK] USA/ECM_ENSEMBLE_Soy_PRCP_DEP/daily dia 00 (2026-08-16 → 2026-08-16) 55718 bytes
2026-08-16 09:37:13,537 [INFO] [OK] USA/ECM_ENSEMBLE_Corn_PRCP/cumulative dia 12 (2026-08-16 → 2026-08-28) 49060 bytes
2026-08-16 09:37:13,871 [INFO] [OK] USA/ECM_ENSEMBLE_Soy_PRCP_DEP/daily dia 01 (2026-08-17 → 2026-08-17) 55145 bytes
2026-08-16 09:37:14,035 [INFO] [OK] USA/ECM_ENSEMBLE_Soy_PRCP_DEP/daily dia 02 (2026-08-18 → 2026-08-18) 50767 bytes
2026-08-16 09:37:14,211 [INFO] [OK] USA/ECM_ENSEMBLE_Corn_PRCP/cumulative dia 13 (2026-08-16 → 2026-08-29) 48925 bytes
2026-08-16 09:37:14,257 [INFO] [OK] USA/ECM_ENSEMBLE_Corn_PRCP/cumulative dia 14 (2026-08-16 → 2026-08-30) 49723 bytes
2026-08-16 09:37:15,058 [INFO] [OK] USA/ECM_ENSEMBLE_Soy_PRCP_DEP/daily dia 03 (2026-08-19 → 2026-08-19) 52003 bytes
2026-08-16 09:37:15,188 [INFO] [OK] USA/ECM_ENSEMBLE_Soy_PRCP_DEP/daily dia 04 (2026-08-20 → 2026-08-20) 55255 bytes
2026-08-16 09:37:15,592 [INFO] [OK] USA/ECM_ENSEMBLE_Soy_PRCP_DEP/daily dia 05 (2026-08-21 → 2026-08-21) 58395 bytes
2026-08-16 09:37:15,667 [INFO] [OK] USA/ECM_ENSEMBLE_Soy_PRCP_DEP/daily dia 06 (2026-08-22 → 2026-08-22) 56664 bytes
2026-08-16 09:37:15,951 [INFO] [OK] USA/ECM_ENSEMBLE_Soy_PRCP_DEP/daily dia 08 (2026-08-24 → 2026-08-24) 53791 bytes
2026-08-16 09:37:15,981 [INFO] [OK] USA/ECM_ENSEMBLE_Soy_PRCP_DEP/daily dia 07 (2026-08-23 → 2026-08-23) 55163 bytes
2026-08-16 09:37:16,640 [INFO] [OK] USA/ECM_ENSEMBLE_Soy_PRCP_DEP/daily dia 09 (2026-08-25 → 2026-08-25) 53034 bytes
2026-08-16 09:37:16,894 [INFO] [OK] USA/ECM_ENSEMBLE_Soy_PRCP_DEP/daily dia 10 (2026-08-26 → 2026-08-26) 55159 bytes
2026-08-16 09:37:17,272 [INFO] [OK] USA/ECM_ENSEMBLE_Soy_PRCP_DEP/daily dia 11 (2026-08-27 → 2026-08-27) 57345 bytes
2026-08-16 09:37:17,348 [INFO] [OK] USA/ECM_ENSEMBLE_Soy_PRCP_DEP/daily dia 12 (2026-08-28 → 2026-08-28) 58494 bytes
2026-08-16 09:37:17,645 [INFO] [OK] USA/ECM_ENSEMBLE_Soy_PRCP_DEP/daily dia 13 (2026-08-29 → 2026-08-29) 60131 bytes
2026-08-16 09:37:17,658 [INFO] [OK] USA/ECM_ENSEMBLE_Soy_PRCP_DEP/daily dia 14 (2026-08-30 → 2026-08-30) 57762 bytes
2026-08-16 09:37:18,518 [INFO] [OK] USA/ECM_ENSEMBLE_Soy_PRCP_DEP/cumulative dia 00 (2026-08-16 → 2026-08-16) 55718 bytes
2026-08-16 09:37:18,638 [INFO] [OK] USA/ECM_ENSEMBLE_Soy_PRCP_DEP/cumulative dia 01 (2026-08-16 → 2026-08-17) 58483 bytes
2026-08-16 09:37:19,162 [INFO] [OK] USA/ECM_ENSEMBLE_Soy_PRCP_DEP/cumulative dia 02 (2026-08-16 → 2026-08-18) 57278 bytes
2026-08-16 09:37:19,234 [INFO] [OK] USA/ECM_ENSEMBLE_Soy_PRCP_DEP/cumulative dia 03 (2026-08-16 → 2026-08-19) 57012 bytes
2026-08-16 09:37:19,663 [INFO] [OK] USA/ECM_ENSEMBLE_Soy_PRCP_DEP/cumulative dia 04 (2026-08-16 → 2026-08-20) 57538 bytes
2026-08-16 09:37:19,816 [INFO] [OK] USA/ECM_ENSEMBLE_Soy_PRCP_DEP/cumulative dia 05 (2026-08-16 → 2026-08-21) 58706 bytes
2026-08-16 09:37:20,752 [INFO] [OK] USA/ECM_ENSEMBLE_Soy_PRCP_DEP/cumulative dia 06 (2026-08-16 → 2026-08-22) 59522 bytes
2026-08-16 09:37:21,029 [INFO] [OK] USA/ECM_ENSEMBLE_Soy_PRCP_DEP/cumulative dia 07 (2026-08-16 → 2026-08-23) 58776 bytes
2026-08-16 09:37:21,687 [INFO] [OK] USA/ECM_ENSEMBLE_Soy_PRCP_DEP/cumulative dia 08 (2026-08-16 → 2026-08-24) 58586 bytes
2026-08-16 09:37:21,834 [INFO] [OK] USA/ECM_ENSEMBLE_Soy_PRCP_DEP/cumulative dia 09 (2026-08-16 → 2026-08-25) 57915 bytes
2026-08-16 09:37:22,677 [INFO] [OK] USA/ECM_ENSEMBLE_Soy_PRCP_DEP/cumulative dia 10 (2026-08-16 → 2026-08-26) 57697 bytes
2026-08-16 09:37:22,868 [INFO] [OK] USA/ECM_ENSEMBLE_Soy_PRCP_DEP/cumulative dia 11 (2026-08-16 → 2026-08-27) 57874 bytes
2026-08-16 09:37:23,494 [INFO] [OK] USA/ECM_ENSEMBLE_Soy_PRCP/daily dia 00 (2026-08-16 → 2026-08-16) 37093 bytes
2026-08-16 09:37:24,017 [INFO] [OK] USA/ECM_ENSEMBLE_Soy_PRCP_DEP/cumulative dia 12 (2026-08-16 → 2026-08-28) 57985 bytes
2026-08-16 09:37:24,085 [INFO] [OK] USA/ECM_ENSEMBLE_Soy_PRCP_DEP/cumulative dia 13 (2026-08-16 → 2026-08-29) 57837 bytes
2026-08-16 09:37:24,237 [INFO] [OK] USA/ECM_ENSEMBLE_Soy_PRCP/daily dia 01 (2026-08-17 → 2026-08-17) 36022 bytes
2026-08-16 09:37:24,410 [INFO] [OK] USA/ECM_ENSEMBLE_Soy_PRCP/daily dia 02 (2026-08-18 → 2026-08-18) 34799 bytes
2026-08-16 09:37:24,644 [INFO] [OK] USA/ECM_ENSEMBLE_Soy_PRCP_DEP/cumulative dia 14 (2026-08-16 → 2026-08-30) 58176 bytes
2026-08-16 09:37:25,053 [INFO] [OK] USA/ECM_ENSEMBLE_Soy_PRCP/daily dia 03 (2026-08-19 → 2026-08-19) 35936 bytes
2026-08-16 09:37:25,641 [INFO] [OK] USA/ECM_ENSEMBLE_Soy_PRCP/daily dia 04 (2026-08-20 → 2026-08-20) 35964 bytes
2026-08-16 09:37:25,782 [INFO] [OK] USA/ECM_ENSEMBLE_Soy_PRCP/daily dia 05 (2026-08-21 → 2026-08-21) 34946 bytes
2026-08-16 09:37:25,897 [INFO] [OK] USA/ECM_ENSEMBLE_Soy_PRCP/daily dia 06 (2026-08-22 → 2026-08-22) 35841 bytes
2026-08-16 09:37:26,008 [INFO] [OK] USA/ECM_ENSEMBLE_Soy_PRCP/daily dia 07 (2026-08-23 → 2026-08-23) 35588 bytes
2026-08-16 09:37:26,225 [INFO] [OK] USA/ECM_ENSEMBLE_Soy_PRCP/daily dia 08 (2026-08-24 → 2026-08-24) 34833 bytes
2026-08-16 09:37:26,611 [INFO] [OK] USA/ECM_ENSEMBLE_Soy_PRCP/daily dia 09 (2026-08-25 → 2026-08-25) 34503 bytes
2026-08-16 09:37:27,184 [INFO] [OK] USA/ECM_ENSEMBLE_Soy_PRCP/daily dia 10 (2026-08-26 → 2026-08-26) 35490 bytes
2026-08-16 09:37:27,511 [INFO] [OK] USA/ECM_ENSEMBLE_Soy_PRCP/daily dia 12 (2026-08-28 → 2026-08-28) 34779 bytes
2026-08-16 09:37:27,733 [INFO] [OK] USA/ECM_ENSEMBLE_Soy_PRCP/daily dia 11 (2026-08-27 → 2026-08-27) 35248 bytes
2026-08-16 09:37:27,742 [INFO] [OK] USA/ECM_ENSEMBLE_Soy_PRCP/daily dia 13 (2026-08-29 → 2026-08-29) 35451 bytes
2026-08-16 09:37:28,207 [INFO] [OK] USA/ECM_ENSEMBLE_Soy_PRCP/daily dia 14 (2026-08-30 → 2026-08-30) 34990 bytes
2026-08-16 09:37:28,271 [INFO] [OK] USA/ECM_ENSEMBLE_Soy_PRCP/cumulative dia 00 (2026-08-16 → 2026-08-16) 37093 bytes
2026-08-16 09:37:29,861 [INFO] [OK] USA/ECM_ENSEMBLE_Soy_PRCP/cumulative dia 03 (2026-08-16 → 2026-08-19) 40985 bytes
2026-08-16 09:37:29,864 [INFO] [OK] USA/ECM_ENSEMBLE_Soy_PRCP/cumulative dia 02 (2026-08-16 → 2026-08-18) 40216 bytes
2026-08-16 09:37:29,865 [INFO] [OK] USA/ECM_ENSEMBLE_Soy_PRCP/cumulative dia 01 (2026-08-16 → 2026-08-17) 39727 bytes
2026-08-16 09:37:29,867 [INFO] [OK] USA/ECM_ENSEMBLE_Soy_PRCP/cumulative dia 04 (2026-08-16 → 2026-08-20) 42739 bytes
2026-08-16 09:37:30,414 [INFO] [OK] USA/ECM_ENSEMBLE_Soy_PRCP/cumulative dia 05 (2026-08-16 → 2026-08-21) 44023 bytes
2026-08-16 09:37:30,464 [INFO] [OK] USA/ECM_ENSEMBLE_Soy_PRCP/cumulative dia 06 (2026-08-16 → 2026-08-22) 45084 bytes
2026-08-16 09:37:32,415 [INFO] [OK] USA/ECM_ENSEMBLE_Soy_PRCP/cumulative dia 09 (2026-08-16 → 2026-08-25) 47589 bytes
2026-08-16 09:37:32,465 [INFO] [OK] USA/ECM_ENSEMBLE_Soy_PRCP/cumulative dia 07 (2026-08-16 → 2026-08-23) 46146 bytes
2026-08-16 09:37:32,635 [INFO] [OK] USA/ECM_ENSEMBLE_Soy_PRCP/cumulative dia 08 (2026-08-16 → 2026-08-24) 46942 bytes
2026-08-16 09:37:32,639 [INFO] [OK] USA/ECM_ENSEMBLE_Soy_PRCP/cumulative dia 10 (2026-08-16 → 2026-08-26) 47575 bytes
2026-08-16 09:37:33,445 [INFO] [OK] USA/ECM_ENSEMBLE_Soy_PRCP/cumulative dia 12 (2026-08-16 → 2026-08-28) 48555 bytes
2026-08-16 09:37:33,487 [INFO] [OK] USA/ECM_ENSEMBLE_Soy_PRCP/cumulative dia 11 (2026-08-16 → 2026-08-27) 48279 bytes
2026-08-16 09:37:34,308 [INFO] [OK] USA/ECM_ENSEMBLE_Wheat_Winter_PRCP_DEP/daily dia 01 (2026-08-17 → 2026-08-17) 57146 bytes
2026-08-16 09:37:34,312 [INFO] [OK] USA/ECM_ENSEMBLE_Wheat_Winter_PRCP_DEP/daily dia 00 (2026-08-16 → 2026-08-16) 57347 bytes
2026-08-16 09:37:35,021 [INFO] [OK] USA/ECM_ENSEMBLE_Wheat_Winter_PRCP_DEP/daily dia 02 (2026-08-18 → 2026-08-18) 52683 bytes
2026-08-16 09:37:35,181 [INFO] [OK] USA/ECM_ENSEMBLE_Soy_PRCP/cumulative dia 13 (2026-08-16 → 2026-08-29) 48402 bytes
2026-08-16 09:37:35,429 [INFO] [OK] USA/ECM_ENSEMBLE_Wheat_Winter_PRCP_DEP/daily dia 03 (2026-08-19 → 2026-08-19) 53540 bytes
2026-08-16 09:37:35,445 [INFO] [OK] USA/ECM_ENSEMBLE_Soy_PRCP/cumulative dia 14 (2026-08-16 → 2026-08-30) 49270 bytes
2026-08-16 09:37:36,061 [INFO] [OK] USA/ECM_ENSEMBLE_Wheat_Winter_PRCP_DEP/daily dia 04 (2026-08-20 → 2026-08-20) 56919 bytes
2026-08-16 09:37:36,150 [INFO] [OK] USA/ECM_ENSEMBLE_Wheat_Winter_PRCP_DEP/daily dia 05 (2026-08-21 → 2026-08-21) 59913 bytes
2026-08-16 09:37:36,744 [INFO] [OK] USA/ECM_ENSEMBLE_Wheat_Winter_PRCP_DEP/daily dia 06 (2026-08-22 → 2026-08-22) 58258 bytes
2026-08-16 09:37:36,821 [INFO] [OK] USA/ECM_ENSEMBLE_Wheat_Winter_PRCP_DEP/daily dia 07 (2026-08-23 → 2026-08-23) 57037 bytes
2026-08-16 09:37:37,066 [INFO] [OK] USA/ECM_ENSEMBLE_Wheat_Winter_PRCP_DEP/daily dia 09 (2026-08-25 → 2026-08-25) 54625 bytes
2026-08-16 09:37:37,204 [INFO] [OK] USA/ECM_ENSEMBLE_Wheat_Winter_PRCP_DEP/daily dia 08 (2026-08-24 → 2026-08-24) 55270 bytes
2026-08-16 09:37:37,710 [INFO] [OK] USA/ECM_ENSEMBLE_Wheat_Winter_PRCP_DEP/daily dia 10 (2026-08-26 → 2026-08-26) 57202 bytes
2026-08-16 09:37:37,801 [INFO] [OK] USA/ECM_ENSEMBLE_Wheat_Winter_PRCP_DEP/daily dia 11 (2026-08-27 → 2026-08-27) 59063 bytes
2026-08-16 09:37:38,450 [INFO] [OK] USA/ECM_ENSEMBLE_Wheat_Winter_PRCP_DEP/daily dia 12 (2026-08-28 → 2026-08-28) 60473 bytes
2026-08-16 09:37:38,510 [INFO] [OK] USA/ECM_ENSEMBLE_Wheat_Winter_PRCP_DEP/daily dia 13 (2026-08-29 → 2026-08-29) 61456 bytes
2026-08-16 09:37:38,817 [INFO] [OK] USA/ECM_ENSEMBLE_Wheat_Winter_PRCP_DEP/daily dia 14 (2026-08-30 → 2026-08-30) 59626 bytes
2026-08-16 09:37:38,982 [INFO] [OK] USA/ECM_ENSEMBLE_Wheat_Winter_PRCP_DEP/cumulative dia 00 (2026-08-16 → 2026-08-16) 57347 bytes
2026-08-16 09:37:39,430 [INFO] [OK] USA/ECM_ENSEMBLE_Wheat_Winter_PRCP_DEP/cumulative dia 01 (2026-08-16 → 2026-08-17) 59652 bytes
2026-08-16 09:37:39,685 [INFO] [OK] USA/ECM_ENSEMBLE_Wheat_Winter_PRCP_DEP/cumulative dia 02 (2026-08-16 → 2026-08-18) 58898 bytes
2026-08-16 09:37:40,457 [INFO] [OK] USA/ECM_ENSEMBLE_Wheat_Winter_PRCP_DEP/cumulative dia 03 (2026-08-16 → 2026-08-19) 58688 bytes
2026-08-16 09:37:40,624 [INFO] [OK] USA/ECM_ENSEMBLE_Wheat_Winter_PRCP_DEP/cumulative dia 04 (2026-08-16 → 2026-08-20) 59183 bytes
2026-08-16 09:37:40,970 [INFO] [OK] USA/ECM_ENSEMBLE_Wheat_Winter_PRCP_DEP/cumulative dia 05 (2026-08-16 → 2026-08-21) 60105 bytes
2026-08-16 09:37:41,245 [INFO] [OK] USA/ECM_ENSEMBLE_Wheat_Winter_PRCP_DEP/cumulative dia 06 (2026-08-16 → 2026-08-22) 60387 bytes
2026-08-16 09:37:41,765 [INFO] [OK] USA/ECM_ENSEMBLE_Wheat_Winter_PRCP_DEP/cumulative dia 07 (2026-08-16 → 2026-08-23) 60147 bytes
2026-08-16 09:37:42,083 [INFO] [OK] USA/ECM_ENSEMBLE_Wheat_Winter_PRCP_DEP/cumulative dia 08 (2026-08-16 → 2026-08-24) 60074 bytes
2026-08-16 09:37:42,979 [INFO] [OK] USA/ECM_ENSEMBLE_Wheat_Winter_PRCP_DEP/cumulative dia 09 (2026-08-16 → 2026-08-25) 59590 bytes
2026-08-16 09:37:43,311 [INFO] [OK] USA/ECM_ENSEMBLE_Wheat_Winter_PRCP_DEP/cumulative dia 10 (2026-08-16 → 2026-08-26) 59409 bytes
2026-08-16 09:37:44,084 [INFO] [OK] USA/ECM_ENSEMBLE_Wheat_Winter_PRCP_DEP/cumulative dia 11 (2026-08-16 → 2026-08-27) 59408 bytes
2026-08-16 09:37:44,283 [INFO] [OK] USA/ECM_ENSEMBLE_Wheat_Winter_PRCP_DEP/cumulative dia 12 (2026-08-16 → 2026-08-28) 59575 bytes
2026-08-16 09:37:44,621 [INFO] [OK] USA/ECM_ENSEMBLE_Wheat_Winter_PRCP/daily dia 00 (2026-08-16 → 2026-08-16) 38621 bytes
2026-08-16 09:37:44,823 [INFO] [OK] USA/ECM_ENSEMBLE_Wheat_Winter_PRCP_DEP/cumulative dia 13 (2026-08-16 → 2026-08-29) 59698 bytes
2026-08-16 09:37:45,031 [INFO] [OK] USA/ECM_ENSEMBLE_Wheat_Winter_PRCP/daily dia 01 (2026-08-17 → 2026-08-17) 37557 bytes
2026-08-16 09:37:45,211 [INFO] [OK] USA/ECM_ENSEMBLE_Wheat_Winter_PRCP_DEP/cumulative dia 14 (2026-08-16 → 2026-08-30) 59859 bytes
2026-08-16 09:37:45,887 [INFO] [OK] USA/ECM_ENSEMBLE_Wheat_Winter_PRCP/daily dia 03 (2026-08-19 → 2026-08-19) 37541 bytes
2026-08-16 09:37:45,889 [INFO] [OK] USA/ECM_ENSEMBLE_Wheat_Winter_PRCP/daily dia 02 (2026-08-18 → 2026-08-18) 36402 bytes
2026-08-16 09:37:46,192 [INFO] [OK] USA/ECM_ENSEMBLE_Wheat_Winter_PRCP/daily dia 04 (2026-08-20 → 2026-08-20) 37628 bytes
2026-08-16 09:37:46,356 [INFO] [OK] USA/ECM_ENSEMBLE_Wheat_Winter_PRCP/daily dia 05 (2026-08-21 → 2026-08-21) 36659 bytes
2026-08-16 09:37:46,721 [INFO] [OK] USA/ECM_ENSEMBLE_Wheat_Winter_PRCP/daily dia 06 (2026-08-22 → 2026-08-22) 37223 bytes
2026-08-16 09:37:46,759 [INFO] [OK] USA/ECM_ENSEMBLE_Wheat_Winter_PRCP/daily dia 07 (2026-08-23 → 2026-08-23) 37014 bytes
2026-08-16 09:37:47,504 [INFO] [OK] USA/ECM_ENSEMBLE_Wheat_Winter_PRCP/daily dia 09 (2026-08-25 → 2026-08-25) 35949 bytes
2026-08-16 09:37:47,510 [INFO] [OK] USA/ECM_ENSEMBLE_Wheat_Winter_PRCP/daily dia 08 (2026-08-24 → 2026-08-24) 36294 bytes
2026-08-16 09:37:47,915 [INFO] [OK] USA/ECM_ENSEMBLE_Wheat_Winter_PRCP/daily dia 10 (2026-08-26 → 2026-08-26) 37108 bytes
2026-08-16 09:37:48,114 [INFO] [OK] USA/ECM_ENSEMBLE_Wheat_Winter_PRCP/daily dia 11 (2026-08-27 → 2026-08-27) 36885 bytes
2026-08-16 09:37:48,261 [INFO] [OK] USA/ECM_ENSEMBLE_Wheat_Winter_PRCP/daily dia 12 (2026-08-28 → 2026-08-28) 36359 bytes
2026-08-16 09:37:48,349 [INFO] [OK] USA/ECM_ENSEMBLE_Wheat_Winter_PRCP/daily dia 13 (2026-08-29 → 2026-08-29) 36996 bytes
2026-08-16 09:37:49,080 [INFO] [OK] USA/ECM_ENSEMBLE_Wheat_Winter_PRCP/daily dia 14 (2026-08-30 → 2026-08-30) 36591 bytes
2026-08-16 09:37:49,088 [INFO] [OK] USA/ECM_ENSEMBLE_Wheat_Winter_PRCP/cumulative dia 00 (2026-08-16 → 2026-08-16) 38621 bytes
2026-08-16 09:37:49,749 [INFO] [OK] USA/ECM_ENSEMBLE_Wheat_Winter_PRCP/cumulative dia 01 (2026-08-16 → 2026-08-17) 41203 bytes
2026-08-16 09:37:49,883 [INFO] [OK] USA/ECM_ENSEMBLE_Wheat_Winter_PRCP/cumulative dia 02 (2026-08-16 → 2026-08-18) 41733 bytes
2026-08-16 09:37:50,458 [INFO] [OK] USA/ECM_ENSEMBLE_Wheat_Winter_PRCP/cumulative dia 03 (2026-08-16 → 2026-08-19) 42572 bytes
2026-08-16 09:37:50,465 [INFO] [OK] USA/ECM_ENSEMBLE_Wheat_Winter_PRCP/cumulative dia 04 (2026-08-16 → 2026-08-20) 44368 bytes
2026-08-16 09:37:51,691 [INFO] [OK] USA/ECM_ENSEMBLE_Wheat_Winter_PRCP/cumulative dia 05 (2026-08-16 → 2026-08-21) 45687 bytes
2026-08-16 09:37:51,693 [INFO] [OK] USA/ECM_ENSEMBLE_Wheat_Winter_PRCP/cumulative dia 06 (2026-08-16 → 2026-08-22) 46910 bytes
2026-08-16 09:37:52,391 [INFO] [OK] USA/ECM_ENSEMBLE_Wheat_Winter_PRCP/cumulative dia 08 (2026-08-16 → 2026-08-24) 48641 bytes
2026-08-16 09:37:52,394 [INFO] [OK] USA/ECM_ENSEMBLE_Wheat_Winter_PRCP/cumulative dia 07 (2026-08-16 → 2026-08-23) 47982 bytes
2026-08-16 09:37:52,982 [INFO] [OK] USA/ECM_ENSEMBLE_Wheat_Winter_PRCP/cumulative dia 09 (2026-08-16 → 2026-08-25) 49065 bytes
2026-08-16 09:37:53,041 [INFO] [OK] USA/ECM_ENSEMBLE_Wheat_Winter_PRCP/cumulative dia 10 (2026-08-16 → 2026-08-26) 49303 bytes
2026-08-16 09:37:54,753 [INFO] [OK] USA/ECM_ENSEMBLE_Wheat_Winter_PRCP/cumulative dia 11 (2026-08-16 → 2026-08-27) 49961 bytes
2026-08-16 09:37:54,969 [INFO] [OK] USA/ECM_ENSEMBLE_Wheat_Spring_PRCP_DEP/daily dia 01 (2026-08-17 → 2026-08-17) 53463 bytes
2026-08-16 09:37:54,971 [INFO] [OK] USA/ECM_ENSEMBLE_Wheat_Spring_PRCP_DEP/daily dia 00 (2026-08-16 → 2026-08-16) 54201 bytes
2026-08-16 09:37:54,989 [INFO] [OK] USA/ECM_ENSEMBLE_Wheat_Winter_PRCP/cumulative dia 12 (2026-08-16 → 2026-08-28) 50253 bytes
2026-08-16 09:37:55,338 [INFO] [OK] USA/ECM_ENSEMBLE_Wheat_Winter_PRCP/cumulative dia 13 (2026-08-16 → 2026-08-29) 50207 bytes
2026-08-16 09:37:55,417 [INFO] [OK] USA/ECM_ENSEMBLE_Wheat_Winter_PRCP/cumulative dia 14 (2026-08-16 → 2026-08-30) 50849 bytes
2026-08-16 09:37:56,567 [INFO] [OK] USA/ECM_ENSEMBLE_Wheat_Spring_PRCP_DEP/daily dia 04 (2026-08-20 → 2026-08-20) 53628 bytes
2026-08-16 09:37:56,585 [INFO] [OK] USA/ECM_ENSEMBLE_Wheat_Spring_PRCP_DEP/daily dia 02 (2026-08-18 → 2026-08-18) 49095 bytes
2026-08-16 09:37:56,602 [INFO] [OK] USA/ECM_ENSEMBLE_Wheat_Spring_PRCP_DEP/daily dia 03 (2026-08-19 → 2026-08-19) 50085 bytes
2026-08-16 09:37:56,724 [INFO] [OK] USA/ECM_ENSEMBLE_Wheat_Spring_PRCP_DEP/daily dia 05 (2026-08-21 → 2026-08-21) 56569 bytes
2026-08-16 09:37:57,036 [INFO] [OK] USA/ECM_ENSEMBLE_Wheat_Spring_PRCP_DEP/daily dia 06 (2026-08-22 → 2026-08-22) 55043 bytes
2026-08-16 09:37:57,149 [INFO] [OK] USA/ECM_ENSEMBLE_Wheat_Spring_PRCP_DEP/daily dia 07 (2026-08-23 → 2026-08-23) 53771 bytes
2026-08-16 09:37:58,230 [INFO] [OK] USA/ECM_ENSEMBLE_Wheat_Spring_PRCP_DEP/daily dia 08 (2026-08-24 → 2026-08-24) 52003 bytes
2026-08-16 09:37:58,252 [INFO] [OK] USA/ECM_ENSEMBLE_Wheat_Spring_PRCP_DEP/daily dia 10 (2026-08-26 → 2026-08-26) 53189 bytes
2026-08-16 09:37:58,317 [INFO] [OK] USA/ECM_ENSEMBLE_Wheat_Spring_PRCP_DEP/daily dia 09 (2026-08-25 → 2026-08-25) 50842 bytes
2026-08-16 09:37:58,450 [INFO] [OK] USA/ECM_ENSEMBLE_Wheat_Spring_PRCP_DEP/daily dia 11 (2026-08-27 → 2026-08-27) 55232 bytes
2026-08-16 09:37:58,834 [INFO] [OK] USA/ECM_ENSEMBLE_Wheat_Spring_PRCP_DEP/daily dia 12 (2026-08-28 → 2026-08-28) 56655 bytes
2026-08-16 09:37:58,902 [INFO] [OK] USA/ECM_ENSEMBLE_Wheat_Spring_PRCP_DEP/daily dia 13 (2026-08-29 → 2026-08-29) 58014 bytes
2026-08-16 09:37:59,908 [INFO] [OK] USA/ECM_ENSEMBLE_Wheat_Spring_PRCP_DEP/cumulative dia 00 (2026-08-16 → 2026-08-16) 54201 bytes
2026-08-16 09:38:00,180 [INFO] [OK] USA/ECM_ENSEMBLE_Wheat_Spring_PRCP_DEP/daily dia 14 (2026-08-30 → 2026-08-30) 55945 bytes
2026-08-16 09:38:00,366 [INFO] [OK] USA/ECM_ENSEMBLE_Wheat_Spring_PRCP_DEP/cumulative dia 02 (2026-08-16 → 2026-08-18) 55269 bytes
2026-08-16 09:38:00,374 [INFO] [OK] USA/ECM_ENSEMBLE_Wheat_Spring_PRCP_DEP/cumulative dia 01 (2026-08-16 → 2026-08-17) 56515 bytes
2026-08-16 09:38:00,813 [INFO] [OK] USA/ECM_ENSEMBLE_Wheat_Spring_PRCP_DEP/cumulative dia 03 (2026-08-16 → 2026-08-19) 54847 bytes
2026-08-16 09:38:01,066 [INFO] [OK] USA/ECM_ENSEMBLE_Wheat_Spring_PRCP_DEP/cumulative dia 04 (2026-08-16 → 2026-08-20) 55496 bytes
2026-08-16 09:38:02,160 [INFO] [OK] USA/ECM_ENSEMBLE_Wheat_Spring_PRCP_DEP/cumulative dia 05 (2026-08-16 → 2026-08-21) 56689 bytes
2026-08-16 09:38:02,414 [INFO] [OK] USA/ECM_ENSEMBLE_Wheat_Spring_PRCP_DEP/cumulative dia 06 (2026-08-16 → 2026-08-22) 57295 bytes
2026-08-16 09:38:02,767 [INFO] [OK] USA/ECM_ENSEMBLE_Wheat_Spring_PRCP_DEP/cumulative dia 07 (2026-08-16 → 2026-08-23) 56873 bytes
2026-08-16 09:38:02,829 [INFO] [OK] USA/ECM_ENSEMBLE_Wheat_Spring_PRCP_DEP/cumulative dia 08 (2026-08-16 → 2026-08-24) 56709 bytes
2026-08-16 09:38:03,399 [INFO] [OK] USA/ECM_ENSEMBLE_Wheat_Spring_PRCP_DEP/cumulative dia 09 (2026-08-16 → 2026-08-25) 56122 bytes
2026-08-16 09:38:03,689 [INFO] [OK] USA/ECM_ENSEMBLE_Wheat_Spring_PRCP_DEP/cumulative dia 10 (2026-08-16 → 2026-08-26) 55992 bytes
2026-08-16 09:38:04,862 [INFO] [OK] USA/ECM_ENSEMBLE_Wheat_Spring_PRCP_DEP/cumulative dia 11 (2026-08-16 → 2026-08-27) 56156 bytes
2026-08-16 09:38:04,938 [INFO] [OK] USA/ECM_ENSEMBLE_Wheat_Spring_PRCP/daily dia 00 (2026-08-16 → 2026-08-16) 35429 bytes
2026-08-16 09:38:05,193 [INFO] [OK] USA/ECM_ENSEMBLE_Wheat_Spring_PRCP_DEP/cumulative dia 12 (2026-08-16 → 2026-08-28) 56068 bytes
2026-08-16 09:38:05,327 [INFO] [OK] USA/ECM_ENSEMBLE_Wheat_Spring_PRCP/daily dia 01 (2026-08-17 → 2026-08-17) 34535 bytes
2026-08-16 09:38:05,680 [INFO] [OK] USA/ECM_ENSEMBLE_Wheat_Spring_PRCP_DEP/cumulative dia 13 (2026-08-16 → 2026-08-29) 56271 bytes
2026-08-16 09:38:05,746 [INFO] [OK] USA/ECM_ENSEMBLE_Wheat_Spring_PRCP_DEP/cumulative dia 14 (2026-08-16 → 2026-08-30) 56459 bytes
2026-08-16 09:38:06,412 [INFO] [OK] USA/ECM_ENSEMBLE_Wheat_Spring_PRCP/daily dia 02 (2026-08-18 → 2026-08-18) 33368 bytes
2026-08-16 09:38:06,503 [INFO] [OK] USA/ECM_ENSEMBLE_Wheat_Spring_PRCP/daily dia 03 (2026-08-19 → 2026-08-19) 34435 bytes
2026-08-16 09:38:06,812 [INFO] [OK] USA/ECM_ENSEMBLE_Wheat_Spring_PRCP/daily dia 04 (2026-08-20 → 2026-08-20) 34410 bytes
2026-08-16 09:38:06,861 [INFO] [OK] USA/ECM_ENSEMBLE_Wheat_Spring_PRCP/daily dia 05 (2026-08-21 → 2026-08-21) 33369 bytes
2026-08-16 09:38:07,250 [INFO] [OK] USA/ECM_ENSEMBLE_Wheat_Spring_PRCP/daily dia 07 (2026-08-23 → 2026-08-23) 34190 bytes
2026-08-16 09:38:07,306 [INFO] [OK] USA/ECM_ENSEMBLE_Wheat_Spring_PRCP/daily dia 06 (2026-08-22 → 2026-08-22) 34170 bytes
2026-08-16 09:38:07,942 [INFO] [OK] USA/ECM_ENSEMBLE_Wheat_Spring_PRCP/daily dia 08 (2026-08-24 → 2026-08-24) 33432 bytes
2026-08-16 09:38:08,045 [INFO] [OK] USA/ECM_ENSEMBLE_Wheat_Spring_PRCP/daily dia 09 (2026-08-25 → 2026-08-25) 33180 bytes
2026-08-16 09:38:08,361 [INFO] [OK] USA/ECM_ENSEMBLE_Wheat_Spring_PRCP/daily dia 10 (2026-08-26 → 2026-08-26) 34184 bytes
2026-08-16 09:38:08,376 [INFO] [OK] USA/ECM_ENSEMBLE_Wheat_Spring_PRCP/daily dia 11 (2026-08-27 → 2026-08-27) 33913 bytes
2026-08-16 09:38:08,782 [INFO] [OK] USA/ECM_ENSEMBLE_Wheat_Spring_PRCP/daily dia 12 (2026-08-28 → 2026-08-28) 33379 bytes
2026-08-16 09:38:08,841 [INFO] [OK] USA/ECM_ENSEMBLE_Wheat_Spring_PRCP/daily dia 13 (2026-08-29 → 2026-08-29) 33980 bytes
2026-08-16 09:38:09,489 [INFO] [OK] USA/ECM_ENSEMBLE_Wheat_Spring_PRCP/daily dia 14 (2026-08-30 → 2026-08-30) 33787 bytes
2026-08-16 09:38:09,588 [INFO] [OK] USA/ECM_ENSEMBLE_Wheat_Spring_PRCP/cumulative dia 00 (2026-08-16 → 2026-08-16) 35429 bytes
2026-08-16 09:38:10,025 [INFO] [OK] USA/ECM_ENSEMBLE_Wheat_Spring_PRCP/cumulative dia 01 (2026-08-16 → 2026-08-17) 38086 bytes
2026-08-16 09:38:10,141 [INFO] [OK] USA/ECM_ENSEMBLE_Wheat_Spring_PRCP/cumulative dia 02 (2026-08-16 → 2026-08-18) 38549 bytes
2026-08-16 09:38:10,697 [INFO] [OK] USA/ECM_ENSEMBLE_Wheat_Spring_PRCP/cumulative dia 03 (2026-08-16 → 2026-08-19) 39458 bytes
2026-08-16 09:38:10,775 [INFO] [OK] USA/ECM_ENSEMBLE_Wheat_Spring_PRCP/cumulative dia 04 (2026-08-16 → 2026-08-20) 40904 bytes
2026-08-16 09:38:11,526 [INFO] [OK] USA/ECM_ENSEMBLE_Wheat_Spring_PRCP/cumulative dia 05 (2026-08-16 → 2026-08-21) 42102 bytes
2026-08-16 09:38:11,791 [INFO] [OK] USA/ECM_ENSEMBLE_Wheat_Spring_PRCP/cumulative dia 06 (2026-08-16 → 2026-08-22) 43233 bytes
2026-08-16 09:38:12,425 [INFO] [OK] USA/ECM_ENSEMBLE_Wheat_Spring_PRCP/cumulative dia 07 (2026-08-16 → 2026-08-23) 44248 bytes
2026-08-16 09:38:12,511 [INFO] [OK] USA/ECM_ENSEMBLE_Wheat_Spring_PRCP/cumulative dia 08 (2026-08-16 → 2026-08-24) 45012 bytes
2026-08-16 09:38:13,264 [INFO] [OK] USA/ECM_ENSEMBLE_Wheat_Spring_PRCP/cumulative dia 09 (2026-08-16 → 2026-08-25) 45354 bytes
2026-08-16 09:38:13,320 [INFO] [OK] USA/ECM_ENSEMBLE_Wheat_Spring_PRCP/cumulative dia 10 (2026-08-16 → 2026-08-26) 45546 bytes
2026-08-16 09:38:14,217 [INFO] [OK] USA/ECM_ENSEMBLE_Wheat_Spring_PRCP/cumulative dia 11 (2026-08-16 → 2026-08-27) 46110 bytes
2026-08-16 09:38:14,644 [INFO] [OK] USA/ECM_ENSEMBLE_Wheat_Spring_PRCP/cumulative dia 12 (2026-08-16 → 2026-08-28) 46454 bytes
2026-08-16 09:38:15,313 [INFO] [OK] USA/ECM_ENSEMBLE_Wheat_Spring_PRCP/cumulative dia 13 (2026-08-16 → 2026-08-29) 46612 bytes
2026-08-16 09:38:15,555 [INFO] [OK] USA/ECM_ENSEMBLE_Wheat_Spring_PRCP/cumulative dia 14 (2026-08-16 → 2026-08-30) 47041 bytes
2026-08-16 09:38:15,572 [INFO] Resumo: 960/960 sucessos, 0 erros
2026-08-16 09:38:18,667 [INFO] [CLEANUP] Removidas 540 pastas de histórico anteriores a 2026-07-17
2026-08-16 09:38:18,708 [INFO] Manifest: C:\Users\server\OneDrive - CGB Enterprises, Inc\ZGC-PBI Research - Documents\Dataset Data Files\Weather_maps\manifest.json
2026-08-16 09:38:18,709 [INFO] [GIT] Iniciando sincronização com GitHub...
2026-08-16 09:40:05,843 [INFO] [GIT] Sucesso ✓
2026-08-16 09:40:05,844 [INFO] ✓ Sincronizado com GitHub — Power BI atualiza no próximo refresh
