2026-07-31 08:50:53,995 [INFO] === Execução 2026-07-31 | modo=both | dias=15 | parâmetro=['PRCP_DEP', 'PRCP'] ===
2026-07-31 08:50:53,997 [INFO] Baixando 960 mapas com 6 threads...
2026-07-31 08:51:00,622 [INFO] [OK] Brazil/GFS_ENSEMBLE_Soy_PRCP_DEP/daily dia 00 (2026-07-31 → 2026-07-31) 41097 bytes
2026-07-31 08:51:00,769 [INFO] [OK] Brazil/GFS_ENSEMBLE_Soy_PRCP_DEP/daily dia 04 (2026-08-04 → 2026-08-04) 45948 bytes
2026-07-31 08:51:00,770 [INFO] [OK] Brazil/GFS_ENSEMBLE_Soy_PRCP_DEP/daily dia 03 (2026-08-03 → 2026-08-03) 47035 bytes
2026-07-31 08:51:00,772 [INFO] [OK] Brazil/GFS_ENSEMBLE_Soy_PRCP_DEP/daily dia 01 (2026-08-01 → 2026-08-01) 43090 bytes
2026-07-31 08:51:00,774 [INFO] [OK] Brazil/GFS_ENSEMBLE_Soy_PRCP_DEP/daily dia 05 (2026-08-05 → 2026-08-05) 48030 bytes
2026-07-31 08:51:00,775 [INFO] [OK] Brazil/GFS_ENSEMBLE_Soy_PRCP_DEP/daily dia 02 (2026-08-02 → 2026-08-02) 44703 bytes
2026-07-31 08:51:02,286 [INFO] [OK] Brazil/GFS_ENSEMBLE_Soy_PRCP_DEP/daily dia 11 (2026-08-11 → 2026-08-11) 48284 bytes
2026-07-31 08:51:02,338 [INFO] [OK] Brazil/GFS_ENSEMBLE_Soy_PRCP_DEP/daily dia 09 (2026-08-09 → 2026-08-09) 46851 bytes
2026-07-31 08:51:02,586 [INFO] [OK] Brazil/GFS_ENSEMBLE_Soy_PRCP_DEP/daily dia 08 (2026-08-08 → 2026-08-08) 46676 bytes
2026-07-31 08:51:02,771 [INFO] [OK] Brazil/GFS_ENSEMBLE_Soy_PRCP_DEP/daily dia 10 (2026-08-10 → 2026-08-10) 47803 bytes
2026-07-31 08:51:02,848 [INFO] [OK] Brazil/GFS_ENSEMBLE_Soy_PRCP_DEP/daily dia 06 (2026-08-06 → 2026-08-06) 45365 bytes
2026-07-31 08:51:02,913 [INFO] [OK] Brazil/GFS_ENSEMBLE_Soy_PRCP_DEP/daily dia 07 (2026-08-07 → 2026-08-07) 46261 bytes
2026-07-31 08:51:03,775 [INFO] [OK] Brazil/GFS_ENSEMBLE_Soy_PRCP_DEP/daily dia 13 (2026-08-13 → 2026-08-13) 51325 bytes
2026-07-31 08:51:03,776 [INFO] [OK] Brazil/GFS_ENSEMBLE_Soy_PRCP_DEP/daily dia 12 (2026-08-12 → 2026-08-12) 49714 bytes
2026-07-31 08:51:03,991 [INFO] [OK] Brazil/GFS_ENSEMBLE_Soy_PRCP_DEP/daily dia 14 (2026-08-14 → 2026-08-14) 51425 bytes
2026-07-31 08:51:04,129 [INFO] [OK] Brazil/GFS_ENSEMBLE_Soy_PRCP_DEP/cumulative dia 00 (2026-07-31 → 2026-07-31) 41097 bytes
2026-07-31 08:51:04,883 [INFO] [OK] Brazil/GFS_ENSEMBLE_Soy_PRCP_DEP/cumulative dia 01 (2026-07-31 → 2026-08-01) 44969 bytes
2026-07-31 08:51:05,542 [INFO] [OK] Brazil/GFS_ENSEMBLE_Soy_PRCP_DEP/cumulative dia 02 (2026-07-31 → 2026-08-02) 45540 bytes
2026-07-31 08:51:05,551 [INFO] [OK] Brazil/GFS_ENSEMBLE_Soy_PRCP_DEP/cumulative dia 04 (2026-07-31 → 2026-08-04) 47813 bytes
2026-07-31 08:51:05,556 [INFO] [OK] Brazil/GFS_ENSEMBLE_Soy_PRCP_DEP/cumulative dia 03 (2026-07-31 → 2026-08-03) 46978 bytes
2026-07-31 08:51:05,833 [INFO] [OK] Brazil/GFS_ENSEMBLE_Soy_PRCP_DEP/cumulative dia 05 (2026-07-31 → 2026-08-05) 49547 bytes
2026-07-31 08:51:05,963 [INFO] [OK] Brazil/GFS_ENSEMBLE_Soy_PRCP_DEP/cumulative dia 06 (2026-07-31 → 2026-08-06) 51090 bytes
2026-07-31 08:51:07,568 [INFO] [OK] Brazil/GFS_ENSEMBLE_Soy_PRCP_DEP/cumulative dia 07 (2026-07-31 → 2026-08-07) 51822 bytes
2026-07-31 08:51:07,736 [INFO] [OK] Brazil/GFS_ENSEMBLE_Soy_PRCP_DEP/cumulative dia 08 (2026-07-31 → 2026-08-08) 52302 bytes
2026-07-31 08:51:07,739 [INFO] [OK] Brazil/GFS_ENSEMBLE_Soy_PRCP_DEP/cumulative dia 09 (2026-07-31 → 2026-08-09) 52367 bytes
2026-07-31 08:51:08,094 [INFO] [OK] Brazil/GFS_ENSEMBLE_Soy_PRCP_DEP/cumulative dia 11 (2026-07-31 → 2026-08-11) 51475 bytes
2026-07-31 08:51:08,221 [INFO] [OK] Brazil/GFS_ENSEMBLE_Soy_PRCP_DEP/cumulative dia 10 (2026-07-31 → 2026-08-10) 51350 bytes
2026-07-31 08:51:08,240 [INFO] [OK] Brazil/GFS_ENSEMBLE_Soy_PRCP_DEP/cumulative dia 12 (2026-07-31 → 2026-08-12) 51293 bytes
2026-07-31 08:51:09,721 [INFO] [OK] Brazil/GFS_ENSEMBLE_Soy_PRCP/daily dia 00 (2026-07-31 → 2026-07-31) 32231 bytes
2026-07-31 08:51:09,733 [INFO] [OK] Brazil/GFS_ENSEMBLE_Soy_PRCP/daily dia 03 (2026-08-03 → 2026-08-03) 31249 bytes
2026-07-31 08:51:09,738 [INFO] [OK] Brazil/GFS_ENSEMBLE_Soy_PRCP/daily dia 01 (2026-08-01 → 2026-08-01) 31495 bytes
2026-07-31 08:51:09,739 [INFO] [OK] Brazil/GFS_ENSEMBLE_Soy_PRCP/daily dia 02 (2026-08-02 → 2026-08-02) 30495 bytes
2026-07-31 08:51:10,217 [INFO] [OK] Brazil/GFS_ENSEMBLE_Soy_PRCP_DEP/cumulative dia 14 (2026-07-31 → 2026-08-14) 52292 bytes
2026-07-31 08:51:10,490 [INFO] [OK] Brazil/GFS_ENSEMBLE_Soy_PRCP_DEP/cumulative dia 13 (2026-07-31 → 2026-08-13) 51825 bytes
2026-07-31 08:51:11,113 [INFO] [OK] Brazil/GFS_ENSEMBLE_Soy_PRCP/daily dia 07 (2026-08-07 → 2026-08-07) 29310 bytes
2026-07-31 08:51:11,123 [INFO] [OK] Brazil/GFS_ENSEMBLE_Soy_PRCP/daily dia 04 (2026-08-04 → 2026-08-04) 31139 bytes
2026-07-31 08:51:11,128 [INFO] [OK] Brazil/GFS_ENSEMBLE_Soy_PRCP/daily dia 06 (2026-08-06 → 2026-08-06) 30167 bytes
2026-07-31 08:51:11,266 [INFO] [OK] Brazil/GFS_ENSEMBLE_Soy_PRCP/daily dia 05 (2026-08-05 → 2026-08-05) 30788 bytes
2026-07-31 08:51:11,633 [INFO] [OK] Brazil/GFS_ENSEMBLE_Soy_PRCP/daily dia 08 (2026-08-08 → 2026-08-08) 29207 bytes
2026-07-31 08:51:11,980 [INFO] [OK] Brazil/GFS_ENSEMBLE_Soy_PRCP/daily dia 09 (2026-08-09 → 2026-08-09) 30120 bytes
2026-07-31 08:51:12,515 [INFO] [OK] Brazil/GFS_ENSEMBLE_Soy_PRCP/daily dia 11 (2026-08-11 → 2026-08-11) 30422 bytes
2026-07-31 08:51:12,591 [INFO] [OK] Brazil/GFS_ENSEMBLE_Soy_PRCP/daily dia 10 (2026-08-10 → 2026-08-10) 30887 bytes
2026-07-31 08:51:12,637 [INFO] [OK] Brazil/GFS_ENSEMBLE_Soy_PRCP/daily dia 12 (2026-08-12 → 2026-08-12) 30422 bytes
2026-07-31 08:51:12,797 [INFO] [OK] Brazil/GFS_ENSEMBLE_Soy_PRCP/daily dia 13 (2026-08-13 → 2026-08-13) 30793 bytes
2026-07-31 08:51:13,064 [INFO] [OK] Brazil/GFS_ENSEMBLE_Soy_PRCP/daily dia 14 (2026-08-14 → 2026-08-14) 30166 bytes
2026-07-31 08:51:13,696 [INFO] [OK] Brazil/GFS_ENSEMBLE_Soy_PRCP/cumulative dia 00 (2026-07-31 → 2026-07-31) 32231 bytes
2026-07-31 08:51:14,083 [INFO] [OK] Brazil/GFS_ENSEMBLE_Soy_PRCP/cumulative dia 01 (2026-07-31 → 2026-08-01) 34376 bytes
2026-07-31 08:51:14,315 [INFO] [OK] Brazil/GFS_ENSEMBLE_Soy_PRCP/cumulative dia 03 (2026-07-31 → 2026-08-03) 36748 bytes
2026-07-31 08:51:14,324 [INFO] [OK] Brazil/GFS_ENSEMBLE_Soy_PRCP/cumulative dia 02 (2026-07-31 → 2026-08-02) 35657 bytes
2026-07-31 08:51:14,793 [INFO] [OK] Brazil/GFS_ENSEMBLE_Soy_PRCP/cumulative dia 04 (2026-07-31 → 2026-08-04) 37985 bytes
2026-07-31 08:51:14,958 [INFO] [OK] Brazil/GFS_ENSEMBLE_Soy_PRCP/cumulative dia 05 (2026-07-31 → 2026-08-05) 38908 bytes
2026-07-31 08:51:15,711 [INFO] [OK] Brazil/GFS_ENSEMBLE_Soy_PRCP/cumulative dia 06 (2026-07-31 → 2026-08-06) 39803 bytes
2026-07-31 08:51:16,097 [INFO] [OK] Brazil/GFS_ENSEMBLE_Soy_PRCP/cumulative dia 07 (2026-07-31 → 2026-08-07) 40095 bytes
2026-07-31 08:51:16,631 [INFO] [OK] Brazil/GFS_ENSEMBLE_Soy_PRCP/cumulative dia 08 (2026-07-31 → 2026-08-08) 40427 bytes
2026-07-31 08:51:16,687 [INFO] [OK] Brazil/GFS_ENSEMBLE_Soy_PRCP/cumulative dia 09 (2026-07-31 → 2026-08-09) 40573 bytes
2026-07-31 08:51:17,294 [INFO] [OK] Brazil/GFS_ENSEMBLE_Soy_PRCP/cumulative dia 10 (2026-07-31 → 2026-08-10) 41185 bytes
2026-07-31 08:51:17,402 [INFO] [OK] Brazil/GFS_ENSEMBLE_Soy_PRCP/cumulative dia 11 (2026-07-31 → 2026-08-11) 41864 bytes
2026-07-31 08:51:18,051 [INFO] [OK] Brazil/GFS_ENSEMBLE_Corn_Winter_PRCP_DEP/daily dia 00 (2026-07-31 → 2026-07-31) 39714 bytes
2026-07-31 08:51:18,588 [INFO] [OK] Brazil/GFS_ENSEMBLE_Soy_PRCP/cumulative dia 13 (2026-07-31 → 2026-08-13) 42702 bytes
2026-07-31 08:51:18,612 [INFO] [OK] Brazil/GFS_ENSEMBLE_Soy_PRCP/cumulative dia 12 (2026-07-31 → 2026-08-12) 42119 bytes
2026-07-31 08:51:18,815 [INFO] [OK] Brazil/GFS_ENSEMBLE_Corn_Winter_PRCP_DEP/daily dia 02 (2026-08-02 → 2026-08-02) 42923 bytes
2026-07-31 08:51:18,856 [INFO] [OK] Brazil/GFS_ENSEMBLE_Corn_Winter_PRCP_DEP/daily dia 01 (2026-08-01 → 2026-08-01) 41467 bytes
2026-07-31 08:51:19,049 [INFO] [OK] Brazil/GFS_ENSEMBLE_Soy_PRCP/cumulative dia 14 (2026-07-31 → 2026-08-14) 42974 bytes
2026-07-31 08:51:19,401 [INFO] [OK] Brazil/GFS_ENSEMBLE_Corn_Winter_PRCP_DEP/daily dia 03 (2026-08-03 → 2026-08-03) 45510 bytes
2026-07-31 08:51:20,104 [INFO] [OK] Brazil/GFS_ENSEMBLE_Corn_Winter_PRCP_DEP/daily dia 04 (2026-08-04 → 2026-08-04) 44649 bytes
2026-07-31 08:51:20,251 [INFO] [OK] Brazil/GFS_ENSEMBLE_Corn_Winter_PRCP_DEP/daily dia 06 (2026-08-06 → 2026-08-06) 43967 bytes
2026-07-31 08:51:20,358 [INFO] [OK] Brazil/GFS_ENSEMBLE_Corn_Winter_PRCP_DEP/daily dia 05 (2026-08-05 → 2026-08-05) 46538 bytes
2026-07-31 08:51:20,631 [INFO] [OK] Brazil/GFS_ENSEMBLE_Corn_Winter_PRCP_DEP/daily dia 08 (2026-08-08 → 2026-08-08) 45092 bytes
2026-07-31 08:51:20,750 [INFO] [OK] Brazil/GFS_ENSEMBLE_Corn_Winter_PRCP_DEP/daily dia 07 (2026-08-07 → 2026-08-07) 44702 bytes
2026-07-31 08:51:20,862 [INFO] [OK] Brazil/GFS_ENSEMBLE_Corn_Winter_PRCP_DEP/daily dia 09 (2026-08-09 → 2026-08-09) 45401 bytes
2026-07-31 08:51:21,833 [INFO] [OK] Brazil/GFS_ENSEMBLE_Corn_Winter_PRCP_DEP/daily dia 11 (2026-08-11 → 2026-08-11) 46860 bytes
2026-07-31 08:51:21,965 [INFO] [OK] Brazil/GFS_ENSEMBLE_Corn_Winter_PRCP_DEP/daily dia 10 (2026-08-10 → 2026-08-10) 46346 bytes
2026-07-31 08:51:22,386 [INFO] [OK] Brazil/GFS_ENSEMBLE_Corn_Winter_PRCP_DEP/daily dia 12 (2026-08-12 → 2026-08-12) 48385 bytes
2026-07-31 08:51:22,389 [INFO] [OK] Brazil/GFS_ENSEMBLE_Corn_Winter_PRCP_DEP/daily dia 13 (2026-08-13 → 2026-08-13) 50001 bytes
2026-07-31 08:51:22,404 [INFO] [OK] Brazil/GFS_ENSEMBLE_Corn_Winter_PRCP_DEP/cumulative dia 00 (2026-07-31 → 2026-07-31) 39714 bytes
2026-07-31 08:51:22,501 [INFO] [OK] Brazil/GFS_ENSEMBLE_Corn_Winter_PRCP_DEP/daily dia 14 (2026-08-14 → 2026-08-14) 49899 bytes
2026-07-31 08:51:23,291 [INFO] [OK] Brazil/GFS_ENSEMBLE_Corn_Winter_PRCP_DEP/cumulative dia 01 (2026-07-31 → 2026-08-01) 43440 bytes
2026-07-31 08:51:23,487 [INFO] [OK] Brazil/GFS_ENSEMBLE_Corn_Winter_PRCP_DEP/cumulative dia 02 (2026-07-31 → 2026-08-02) 44072 bytes
2026-07-31 08:51:23,999 [INFO] [OK] Brazil/GFS_ENSEMBLE_Corn_Winter_PRCP_DEP/cumulative dia 03 (2026-07-31 → 2026-08-03) 45549 bytes
2026-07-31 08:51:24,182 [INFO] [OK] Brazil/GFS_ENSEMBLE_Corn_Winter_PRCP_DEP/cumulative dia 05 (2026-07-31 → 2026-08-05) 48154 bytes
2026-07-31 08:51:24,415 [INFO] [OK] Brazil/GFS_ENSEMBLE_Corn_Winter_PRCP_DEP/cumulative dia 04 (2026-07-31 → 2026-08-04) 46255 bytes
2026-07-31 08:51:24,535 [INFO] [OK] Brazil/GFS_ENSEMBLE_Corn_Winter_PRCP_DEP/cumulative dia 06 (2026-07-31 → 2026-08-06) 49641 bytes
2026-07-31 08:51:25,533 [INFO] [OK] Brazil/GFS_ENSEMBLE_Corn_Winter_PRCP_DEP/cumulative dia 07 (2026-07-31 → 2026-08-07) 50309 bytes
2026-07-31 08:51:25,711 [INFO] [OK] Brazil/GFS_ENSEMBLE_Corn_Winter_PRCP_DEP/cumulative dia 08 (2026-07-31 → 2026-08-08) 50857 bytes
2026-07-31 08:51:26,528 [INFO] [OK] Brazil/GFS_ENSEMBLE_Corn_Winter_PRCP_DEP/cumulative dia 09 (2026-07-31 → 2026-08-09) 50860 bytes
2026-07-31 08:51:26,537 [INFO] [OK] Brazil/GFS_ENSEMBLE_Corn_Winter_PRCP_DEP/cumulative dia 10 (2026-07-31 → 2026-08-10) 49792 bytes
2026-07-31 08:51:27,097 [INFO] [OK] Brazil/GFS_ENSEMBLE_Corn_Winter_PRCP_DEP/cumulative dia 11 (2026-07-31 → 2026-08-11) 49922 bytes
2026-07-31 08:51:27,129 [INFO] [OK] Brazil/GFS_ENSEMBLE_Corn_Winter_PRCP_DEP/cumulative dia 12 (2026-07-31 → 2026-08-12) 49849 bytes
2026-07-31 08:51:28,273 [INFO] [OK] Brazil/GFS_ENSEMBLE_Corn_Winter_PRCP_DEP/cumulative dia 13 (2026-07-31 → 2026-08-13) 50458 bytes
2026-07-31 08:51:28,277 [INFO] [OK] Brazil/GFS_ENSEMBLE_Corn_Winter_PRCP_DEP/cumulative dia 14 (2026-07-31 → 2026-08-14) 50857 bytes
2026-07-31 08:51:28,278 [INFO] [OK] Brazil/GFS_ENSEMBLE_Corn_Winter_PRCP/daily dia 00 (2026-07-31 → 2026-07-31) 30482 bytes
2026-07-31 08:51:28,288 [INFO] [OK] Brazil/GFS_ENSEMBLE_Corn_Winter_PRCP/daily dia 01 (2026-08-01 → 2026-08-01) 29814 bytes
2026-07-31 08:51:28,561 [INFO] [OK] Brazil/GFS_ENSEMBLE_Corn_Winter_PRCP/daily dia 02 (2026-08-02 → 2026-08-02) 28938 bytes
2026-07-31 08:51:28,622 [INFO] [OK] Brazil/GFS_ENSEMBLE_Corn_Winter_PRCP/daily dia 03 (2026-08-03 → 2026-08-03) 29646 bytes
2026-07-31 08:51:29,616 [INFO] [OK] Brazil/GFS_ENSEMBLE_Corn_Winter_PRCP/daily dia 07 (2026-08-07 → 2026-08-07) 27716 bytes
2026-07-31 08:51:29,698 [INFO] [OK] Brazil/GFS_ENSEMBLE_Corn_Winter_PRCP/daily dia 04 (2026-08-04 → 2026-08-04) 29537 bytes
2026-07-31 08:51:29,709 [INFO] [OK] Brazil/GFS_ENSEMBLE_Corn_Winter_PRCP/daily dia 05 (2026-08-05 → 2026-08-05) 29206 bytes
2026-07-31 08:51:29,712 [INFO] [OK] Brazil/GFS_ENSEMBLE_Corn_Winter_PRCP/daily dia 06 (2026-08-06 → 2026-08-06) 28633 bytes
2026-07-31 08:51:30,018 [INFO] [OK] Brazil/GFS_ENSEMBLE_Corn_Winter_PRCP/daily dia 08 (2026-08-08 → 2026-08-08) 27619 bytes
2026-07-31 08:51:30,087 [INFO] [OK] Brazil/GFS_ENSEMBLE_Corn_Winter_PRCP/daily dia 09 (2026-08-09 → 2026-08-09) 28513 bytes
2026-07-31 08:51:30,914 [INFO] [OK] Brazil/GFS_ENSEMBLE_Corn_Winter_PRCP/daily dia 10 (2026-08-10 → 2026-08-10) 29187 bytes
2026-07-31 08:51:31,032 [INFO] [OK] Brazil/GFS_ENSEMBLE_Corn_Winter_PRCP/daily dia 11 (2026-08-11 → 2026-08-11) 28713 bytes
2026-07-31 08:51:31,080 [INFO] [OK] Brazil/GFS_ENSEMBLE_Corn_Winter_PRCP/daily dia 13 (2026-08-13 → 2026-08-13) 29112 bytes
2026-07-31 08:51:31,090 [INFO] [OK] Brazil/GFS_ENSEMBLE_Corn_Winter_PRCP/daily dia 12 (2026-08-12 → 2026-08-12) 28726 bytes
2026-07-31 08:51:31,995 [INFO] [OK] Brazil/GFS_ENSEMBLE_Corn_Winter_PRCP/daily dia 14 (2026-08-14 → 2026-08-14) 28606 bytes
2026-07-31 08:51:32,023 [INFO] [OK] Brazil/GFS_ENSEMBLE_Corn_Winter_PRCP/cumulative dia 00 (2026-07-31 → 2026-07-31) 30482 bytes
2026-07-31 08:51:32,364 [INFO] [OK] Brazil/GFS_ENSEMBLE_Corn_Winter_PRCP/cumulative dia 01 (2026-07-31 → 2026-08-01) 32548 bytes
2026-07-31 08:51:32,789 [INFO] [OK] Brazil/GFS_ENSEMBLE_Corn_Winter_PRCP/cumulative dia 02 (2026-07-31 → 2026-08-02) 33923 bytes
2026-07-31 08:51:32,792 [INFO] [OK] Brazil/GFS_ENSEMBLE_Corn_Winter_PRCP/cumulative dia 04 (2026-07-31 → 2026-08-04) 36133 bytes
2026-07-31 08:51:32,793 [INFO] [OK] Brazil/GFS_ENSEMBLE_Corn_Winter_PRCP/cumulative dia 03 (2026-07-31 → 2026-08-03) 34837 bytes
2026-07-31 08:51:34,002 [INFO] [OK] Brazil/GFS_ENSEMBLE_Corn_Winter_PRCP/cumulative dia 05 (2026-07-31 → 2026-08-05) 37015 bytes
2026-07-31 08:51:34,174 [INFO] [OK] Brazil/GFS_ENSEMBLE_Corn_Winter_PRCP/cumulative dia 06 (2026-07-31 → 2026-08-06) 37909 bytes
2026-07-31 08:51:34,253 [INFO] [OK] Brazil/GFS_ENSEMBLE_Corn_Winter_PRCP/cumulative dia 07 (2026-07-31 → 2026-08-07) 38223 bytes
2026-07-31 08:51:34,800 [INFO] [OK] Brazil/GFS_ENSEMBLE_Corn_Winter_PRCP/cumulative dia 08 (2026-07-31 → 2026-08-08) 38612 bytes
2026-07-31 08:51:34,844 [INFO] [OK] Brazil/GFS_ENSEMBLE_Corn_Winter_PRCP/cumulative dia 09 (2026-07-31 → 2026-08-09) 38726 bytes
2026-07-31 08:51:35,100 [INFO] [OK] Brazil/GFS_ENSEMBLE_Corn_Winter_PRCP/cumulative dia 10 (2026-07-31 → 2026-08-10) 39356 bytes
2026-07-31 08:51:36,602 [INFO] [OK] Brazil/ECM_ENSEMBLE_Soy_PRCP_DEP/daily dia 00 (2026-07-31 → 2026-07-31) 46114 bytes
2026-07-31 08:51:36,606 [INFO] [OK] Brazil/GFS_ENSEMBLE_Corn_Winter_PRCP/cumulative dia 11 (2026-07-31 → 2026-08-11) 39948 bytes
2026-07-31 08:51:36,607 [INFO] [OK] Brazil/ECM_ENSEMBLE_Soy_PRCP_DEP/daily dia 01 (2026-08-01 → 2026-08-01) 45881 bytes
2026-07-31 08:51:36,737 [INFO] [OK] Brazil/GFS_ENSEMBLE_Corn_Winter_PRCP/cumulative dia 13 (2026-07-31 → 2026-08-13) 40771 bytes
2026-07-31 08:51:36,738 [INFO] [OK] Brazil/GFS_ENSEMBLE_Corn_Winter_PRCP/cumulative dia 12 (2026-07-31 → 2026-08-12) 40311 bytes
2026-07-31 08:51:37,211 [INFO] [OK] Brazil/GFS_ENSEMBLE_Corn_Winter_PRCP/cumulative dia 14 (2026-07-31 → 2026-08-14) 41356 bytes
2026-07-31 08:51:38,026 [INFO] [OK] Brazil/ECM_ENSEMBLE_Soy_PRCP_DEP/daily dia 02 (2026-08-02 → 2026-08-02) 47473 bytes
2026-07-31 08:51:38,351 [INFO] [OK] Brazil/ECM_ENSEMBLE_Soy_PRCP_DEP/daily dia 06 (2026-08-06 → 2026-08-06) 50938 bytes
2026-07-31 08:51:38,363 [INFO] [OK] Brazil/ECM_ENSEMBLE_Soy_PRCP_DEP/daily dia 05 (2026-08-05 → 2026-08-05) 49005 bytes
2026-07-31 08:51:38,481 [INFO] [OK] Brazil/ECM_ENSEMBLE_Soy_PRCP_DEP/daily dia 04 (2026-08-04 → 2026-08-04) 49112 bytes
2026-07-31 08:51:38,886 [INFO] [OK] Brazil/ECM_ENSEMBLE_Soy_PRCP_DEP/daily dia 03 (2026-08-03 → 2026-08-03) 48197 bytes
2026-07-31 08:51:38,893 [INFO] [OK] Brazil/ECM_ENSEMBLE_Soy_PRCP_DEP/daily dia 07 (2026-08-07 → 2026-08-07) 52369 bytes
2026-07-31 08:51:39,472 [INFO] [OK] Brazil/ECM_ENSEMBLE_Soy_PRCP_DEP/daily dia 08 (2026-08-08 → 2026-08-08) 52545 bytes
2026-07-31 08:51:39,737 [INFO] [OK] Brazil/ECM_ENSEMBLE_Soy_PRCP_DEP/daily dia 09 (2026-08-09 → 2026-08-09) 50306 bytes
2026-07-31 08:51:39,847 [INFO] [OK] Brazil/ECM_ENSEMBLE_Soy_PRCP_DEP/daily dia 11 (2026-08-11 → 2026-08-11) 51654 bytes
2026-07-31 08:51:39,978 [INFO] [OK] Brazil/ECM_ENSEMBLE_Soy_PRCP_DEP/daily dia 10 (2026-08-10 → 2026-08-10) 50942 bytes
2026-07-31 08:51:40,409 [INFO] [OK] Brazil/ECM_ENSEMBLE_Soy_PRCP_DEP/daily dia 13 (2026-08-13 → 2026-08-13) 51916 bytes
2026-07-31 08:51:40,984 [INFO] [OK] Brazil/ECM_ENSEMBLE_Soy_PRCP_DEP/daily dia 14 (2026-08-14 → 2026-08-14) 52037 bytes
2026-07-31 08:51:40,992 [INFO] [OK] Brazil/ECM_ENSEMBLE_Soy_PRCP_DEP/daily dia 12 (2026-08-12 → 2026-08-12) 52697 bytes
2026-07-31 08:51:41,173 [INFO] [OK] Brazil/ECM_ENSEMBLE_Soy_PRCP_DEP/cumulative dia 00 (2026-07-31 → 2026-07-31) 46114 bytes
2026-07-31 08:51:41,327 [INFO] [OK] Brazil/ECM_ENSEMBLE_Soy_PRCP_DEP/cumulative dia 01 (2026-07-31 → 2026-08-01) 47705 bytes
2026-07-31 08:51:41,749 [INFO] [OK] Brazil/ECM_ENSEMBLE_Soy_PRCP_DEP/cumulative dia 02 (2026-07-31 → 2026-08-02) 48042 bytes
2026-07-31 08:51:42,066 [INFO] [OK] Brazil/ECM_ENSEMBLE_Soy_PRCP_DEP/cumulative dia 03 (2026-07-31 → 2026-08-03) 48357 bytes
2026-07-31 08:51:43,087 [INFO] [OK] Brazil/ECM_ENSEMBLE_Soy_PRCP_DEP/cumulative dia 04 (2026-07-31 → 2026-08-04) 48228 bytes
2026-07-31 08:51:43,153 [INFO] [OK] Brazil/ECM_ENSEMBLE_Soy_PRCP_DEP/cumulative dia 05 (2026-07-31 → 2026-08-05) 48861 bytes
2026-07-31 08:51:43,424 [INFO] [OK] Brazil/ECM_ENSEMBLE_Soy_PRCP_DEP/cumulative dia 06 (2026-07-31 → 2026-08-06) 50127 bytes
2026-07-31 08:51:43,661 [INFO] [OK] Brazil/ECM_ENSEMBLE_Soy_PRCP_DEP/cumulative dia 07 (2026-07-31 → 2026-08-07) 50681 bytes
2026-07-31 08:51:43,959 [INFO] [OK] Brazil/ECM_ENSEMBLE_Soy_PRCP_DEP/cumulative dia 08 (2026-07-31 → 2026-08-08) 50850 bytes
2026-07-31 08:51:44,152 [INFO] [OK] Brazil/ECM_ENSEMBLE_Soy_PRCP_DEP/cumulative dia 09 (2026-07-31 → 2026-08-09) 51282 bytes
2026-07-31 08:51:45,484 [INFO] [OK] Brazil/ECM_ENSEMBLE_Soy_PRCP_DEP/cumulative dia 10 (2026-07-31 → 2026-08-10) 51071 bytes
2026-07-31 08:51:45,692 [INFO] [OK] Brazil/ECM_ENSEMBLE_Soy_PRCP/daily dia 00 (2026-07-31 → 2026-07-31) 33099 bytes
2026-07-31 08:51:45,895 [INFO] [OK] Brazil/ECM_ENSEMBLE_Soy_PRCP_DEP/cumulative dia 12 (2026-07-31 → 2026-08-12) 51580 bytes
2026-07-31 08:51:45,898 [INFO] [OK] Brazil/ECM_ENSEMBLE_Soy_PRCP_DEP/cumulative dia 11 (2026-07-31 → 2026-08-11) 51312 bytes
2026-07-31 08:51:46,330 [INFO] [OK] Brazil/ECM_ENSEMBLE_Soy_PRCP_DEP/cumulative dia 13 (2026-07-31 → 2026-08-13) 51686 bytes
2026-07-31 08:51:46,810 [INFO] [OK] Brazil/ECM_ENSEMBLE_Soy_PRCP_DEP/cumulative dia 14 (2026-07-31 → 2026-08-14) 51971 bytes
2026-07-31 08:51:46,877 [INFO] [OK] Brazil/ECM_ENSEMBLE_Soy_PRCP/daily dia 01 (2026-08-01 → 2026-08-01) 33523 bytes
2026-07-31 08:51:47,193 [INFO] [OK] Brazil/ECM_ENSEMBLE_Soy_PRCP/daily dia 02 (2026-08-02 → 2026-08-02) 31459 bytes
2026-07-31 08:51:47,428 [INFO] [OK] Brazil/ECM_ENSEMBLE_Soy_PRCP/daily dia 04 (2026-08-04 → 2026-08-04) 31981 bytes
2026-07-31 08:51:47,431 [INFO] [OK] Brazil/ECM_ENSEMBLE_Soy_PRCP/daily dia 03 (2026-08-03 → 2026-08-03) 32768 bytes
2026-07-31 08:51:47,957 [INFO] [OK] Brazil/ECM_ENSEMBLE_Soy_PRCP/daily dia 05 (2026-08-05 → 2026-08-05) 32107 bytes
2026-07-31 08:51:48,423 [INFO] [OK] Brazil/ECM_ENSEMBLE_Soy_PRCP/daily dia 06 (2026-08-06 → 2026-08-06) 31460 bytes
2026-07-31 08:51:48,427 [INFO] [OK] Brazil/ECM_ENSEMBLE_Soy_PRCP/daily dia 07 (2026-08-07 → 2026-08-07) 30518 bytes
2026-07-31 08:51:48,547 [INFO] [OK] Brazil/ECM_ENSEMBLE_Soy_PRCP/daily dia 08 (2026-08-08 → 2026-08-08) 30534 bytes
2026-07-31 08:51:49,043 [INFO] [OK] Brazil/ECM_ENSEMBLE_Soy_PRCP/daily dia 10 (2026-08-10 → 2026-08-10) 30322 bytes
2026-07-31 08:51:49,046 [INFO] [OK] Brazil/ECM_ENSEMBLE_Soy_PRCP/daily dia 09 (2026-08-09 → 2026-08-09) 30584 bytes
2026-07-31 08:51:49,238 [INFO] [OK] Brazil/ECM_ENSEMBLE_Soy_PRCP/daily dia 11 (2026-08-11 → 2026-08-11) 30706 bytes
2026-07-31 08:51:49,720 [INFO] [OK] Brazil/ECM_ENSEMBLE_Soy_PRCP/daily dia 12 (2026-08-12 → 2026-08-12) 31062 bytes
2026-07-31 08:51:49,751 [INFO] [OK] Brazil/ECM_ENSEMBLE_Soy_PRCP/daily dia 13 (2026-08-13 → 2026-08-13) 30659 bytes
2026-07-31 08:51:49,913 [INFO] [OK] Brazil/ECM_ENSEMBLE_Soy_PRCP/daily dia 14 (2026-08-14 → 2026-08-14) 30052 bytes
2026-07-31 08:51:50,397 [INFO] [OK] Brazil/ECM_ENSEMBLE_Soy_PRCP/cumulative dia 00 (2026-07-31 → 2026-07-31) 33099 bytes
2026-07-31 08:51:50,460 [INFO] [OK] Brazil/ECM_ENSEMBLE_Soy_PRCP/cumulative dia 01 (2026-07-31 → 2026-08-01) 35886 bytes
2026-07-31 08:51:50,747 [INFO] [OK] Brazil/ECM_ENSEMBLE_Soy_PRCP/cumulative dia 02 (2026-07-31 → 2026-08-02) 37549 bytes
2026-07-31 08:51:51,316 [INFO] [OK] Brazil/ECM_ENSEMBLE_Soy_PRCP/cumulative dia 03 (2026-07-31 → 2026-08-03) 39027 bytes
2026-07-31 08:51:51,618 [INFO] [OK] Brazil/ECM_ENSEMBLE_Soy_PRCP/cumulative dia 04 (2026-07-31 → 2026-08-04) 40076 bytes
2026-07-31 08:51:51,620 [INFO] [OK] Brazil/ECM_ENSEMBLE_Soy_PRCP/cumulative dia 05 (2026-07-31 → 2026-08-05) 40606 bytes
2026-07-31 08:51:52,252 [INFO] [OK] Brazil/ECM_ENSEMBLE_Soy_PRCP/cumulative dia 06 (2026-07-31 → 2026-08-06) 41798 bytes
2026-07-31 08:51:52,507 [INFO] [OK] Brazil/ECM_ENSEMBLE_Soy_PRCP/cumulative dia 07 (2026-07-31 → 2026-08-07) 42359 bytes
2026-07-31 08:51:52,719 [INFO] [OK] Brazil/ECM_ENSEMBLE_Soy_PRCP/cumulative dia 08 (2026-07-31 → 2026-08-08) 42595 bytes
2026-07-31 08:51:53,555 [INFO] [OK] Brazil/ECM_ENSEMBLE_Soy_PRCP/cumulative dia 09 (2026-07-31 → 2026-08-09) 42778 bytes
2026-07-31 08:51:53,902 [INFO] [OK] Brazil/ECM_ENSEMBLE_Soy_PRCP/cumulative dia 10 (2026-07-31 → 2026-08-10) 43324 bytes
2026-07-31 08:51:54,076 [INFO] [OK] Brazil/ECM_ENSEMBLE_Soy_PRCP/cumulative dia 11 (2026-07-31 → 2026-08-11) 43826 bytes
2026-07-31 08:51:54,585 [INFO] [OK] Brazil/ECM_ENSEMBLE_Soy_PRCP/cumulative dia 12 (2026-07-31 → 2026-08-12) 43792 bytes
2026-07-31 08:51:55,246 [INFO] [OK] Brazil/ECM_ENSEMBLE_Corn_Winter_PRCP_DEP/daily dia 00 (2026-07-31 → 2026-07-31) 44627 bytes
2026-07-31 08:51:55,392 [INFO] [OK] Brazil/ECM_ENSEMBLE_Corn_Winter_PRCP_DEP/daily dia 01 (2026-08-01 → 2026-08-01) 44211 bytes
2026-07-31 08:51:55,433 [INFO] [OK] Brazil/ECM_ENSEMBLE_Soy_PRCP/cumulative dia 14 (2026-07-31 → 2026-08-14) 44789 bytes
2026-07-31 08:51:55,868 [INFO] [OK] Brazil/ECM_ENSEMBLE_Corn_Winter_PRCP_DEP/daily dia 02 (2026-08-02 → 2026-08-02) 45911 bytes
2026-07-31 08:51:55,946 [INFO] [OK] Brazil/ECM_ENSEMBLE_Soy_PRCP/cumulative dia 13 (2026-07-31 → 2026-08-13) 44158 bytes
2026-07-31 08:51:56,334 [INFO] [OK] Brazil/ECM_ENSEMBLE_Corn_Winter_PRCP_DEP/daily dia 03 (2026-08-03 → 2026-08-03) 46663 bytes
2026-07-31 08:51:56,636 [INFO] [OK] Brazil/ECM_ENSEMBLE_Corn_Winter_PRCP_DEP/daily dia 04 (2026-08-04 → 2026-08-04) 47474 bytes
2026-07-31 08:51:56,805 [INFO] [OK] Brazil/ECM_ENSEMBLE_Corn_Winter_PRCP_DEP/daily dia 05 (2026-08-05 → 2026-08-05) 47457 bytes
2026-07-31 08:51:56,831 [INFO] [OK] Brazil/ECM_ENSEMBLE_Corn_Winter_PRCP_DEP/daily dia 06 (2026-08-06 → 2026-08-06) 49752 bytes
2026-07-31 08:51:57,503 [INFO] [OK] Brazil/ECM_ENSEMBLE_Corn_Winter_PRCP_DEP/daily dia 07 (2026-08-07 → 2026-08-07) 50960 bytes
2026-07-31 08:51:57,582 [INFO] [OK] Brazil/ECM_ENSEMBLE_Corn_Winter_PRCP_DEP/daily dia 08 (2026-08-08 → 2026-08-08) 51134 bytes
2026-07-31 08:51:57,660 [INFO] [OK] Brazil/ECM_ENSEMBLE_Corn_Winter_PRCP_DEP/daily dia 09 (2026-08-09 → 2026-08-09) 49076 bytes
2026-07-31 08:51:57,998 [INFO] [OK] Brazil/ECM_ENSEMBLE_Corn_Winter_PRCP_DEP/daily dia 10 (2026-08-10 → 2026-08-10) 49383 bytes
2026-07-31 08:51:58,209 [INFO] [OK] Brazil/ECM_ENSEMBLE_Corn_Winter_PRCP_DEP/daily dia 11 (2026-08-11 → 2026-08-11) 50166 bytes
2026-07-31 08:51:58,272 [INFO] [OK] Brazil/ECM_ENSEMBLE_Corn_Winter_PRCP_DEP/daily dia 12 (2026-08-12 → 2026-08-12) 51325 bytes
2026-07-31 08:51:59,021 [INFO] [OK] Brazil/ECM_ENSEMBLE_Corn_Winter_PRCP_DEP/daily dia 13 (2026-08-13 → 2026-08-13) 50649 bytes
2026-07-31 08:51:59,095 [INFO] [OK] Brazil/ECM_ENSEMBLE_Corn_Winter_PRCP_DEP/cumulative dia 00 (2026-07-31 → 2026-07-31) 44627 bytes
2026-07-31 08:51:59,112 [INFO] [OK] Brazil/ECM_ENSEMBLE_Corn_Winter_PRCP_DEP/daily dia 14 (2026-08-14 → 2026-08-14) 50624 bytes
2026-07-31 08:51:59,526 [INFO] [OK] Brazil/ECM_ENSEMBLE_Corn_Winter_PRCP_DEP/cumulative dia 01 (2026-07-31 → 2026-08-01) 46248 bytes
2026-07-31 08:51:59,798 [INFO] [OK] Brazil/ECM_ENSEMBLE_Corn_Winter_PRCP_DEP/cumulative dia 02 (2026-07-31 → 2026-08-02) 46566 bytes
2026-07-31 08:51:59,908 [INFO] [OK] Brazil/ECM_ENSEMBLE_Corn_Winter_PRCP_DEP/cumulative dia 03 (2026-07-31 → 2026-08-03) 46631 bytes
2026-07-31 08:52:01,022 [INFO] [OK] Brazil/ECM_ENSEMBLE_Corn_Winter_PRCP_DEP/cumulative dia 05 (2026-07-31 → 2026-08-05) 47226 bytes
2026-07-31 08:52:01,197 [INFO] [OK] Brazil/ECM_ENSEMBLE_Corn_Winter_PRCP_DEP/cumulative dia 06 (2026-07-31 → 2026-08-06) 48544 bytes
2026-07-31 08:52:01,438 [INFO] [OK] Brazil/ECM_ENSEMBLE_Corn_Winter_PRCP_DEP/cumulative dia 04 (2026-07-31 → 2026-08-04) 46685 bytes
2026-07-31 08:52:01,555 [INFO] [OK] Brazil/ECM_ENSEMBLE_Corn_Winter_PRCP_DEP/cumulative dia 07 (2026-07-31 → 2026-08-07) 49285 bytes
2026-07-31 08:52:01,837 [INFO] [OK] Brazil/ECM_ENSEMBLE_Corn_Winter_PRCP_DEP/cumulative dia 08 (2026-07-31 → 2026-08-08) 49408 bytes
2026-07-31 08:52:01,940 [INFO] [OK] Brazil/ECM_ENSEMBLE_Corn_Winter_PRCP_DEP/cumulative dia 09 (2026-07-31 → 2026-08-09) 49907 bytes
2026-07-31 08:52:03,193 [INFO] [OK] Brazil/ECM_ENSEMBLE_Corn_Winter_PRCP_DEP/cumulative dia 10 (2026-07-31 → 2026-08-10) 49741 bytes
2026-07-31 08:52:03,416 [INFO] [OK] Brazil/ECM_ENSEMBLE_Corn_Winter_PRCP/daily dia 00 (2026-07-31 → 2026-07-31) 31402 bytes
2026-07-31 08:52:03,627 [INFO] [OK] Brazil/ECM_ENSEMBLE_Corn_Winter_PRCP_DEP/cumulative dia 11 (2026-07-31 → 2026-08-11) 49916 bytes
2026-07-31 08:52:04,154 [INFO] [OK] Brazil/ECM_ENSEMBLE_Corn_Winter_PRCP_DEP/cumulative dia 13 (2026-07-31 → 2026-08-13) 50387 bytes
2026-07-31 08:52:04,157 [INFO] [OK] Brazil/ECM_ENSEMBLE_Corn_Winter_PRCP_DEP/cumulative dia 12 (2026-07-31 → 2026-08-12) 50246 bytes
2026-07-31 08:52:04,286 [INFO] [OK] Brazil/ECM_ENSEMBLE_Corn_Winter_PRCP_DEP/cumulative dia 14 (2026-07-31 → 2026-08-14) 50696 bytes
2026-07-31 08:52:04,489 [INFO] [OK] Brazil/ECM_ENSEMBLE_Corn_Winter_PRCP/daily dia 01 (2026-08-01 → 2026-08-01) 31805 bytes
2026-07-31 08:52:04,817 [INFO] [OK] Brazil/ECM_ENSEMBLE_Corn_Winter_PRCP/daily dia 02 (2026-08-02 → 2026-08-02) 29880 bytes
2026-07-31 08:52:05,268 [INFO] [OK] Brazil/ECM_ENSEMBLE_Corn_Winter_PRCP/daily dia 03 (2026-08-03 → 2026-08-03) 31075 bytes
2026-07-31 08:52:05,497 [INFO] [OK] Brazil/ECM_ENSEMBLE_Corn_Winter_PRCP/daily dia 04 (2026-08-04 → 2026-08-04) 30244 bytes
2026-07-31 08:52:05,529 [INFO] [OK] Brazil/ECM_ENSEMBLE_Corn_Winter_PRCP/daily dia 05 (2026-08-05 → 2026-08-05) 30515 bytes
2026-07-31 08:52:05,710 [INFO] [OK] Brazil/ECM_ENSEMBLE_Corn_Winter_PRCP/daily dia 06 (2026-08-06 → 2026-08-06) 29866 bytes
2026-07-31 08:52:05,878 [INFO] [OK] Brazil/ECM_ENSEMBLE_Corn_Winter_PRCP/daily dia 07 (2026-08-07 → 2026-08-07) 29026 bytes
2026-07-31 08:52:06,133 [INFO] [OK] Brazil/ECM_ENSEMBLE_Corn_Winter_PRCP/daily dia 08 (2026-08-08 → 2026-08-08) 29034 bytes
2026-07-31 08:52:06,647 [INFO] [OK] Brazil/ECM_ENSEMBLE_Corn_Winter_PRCP/daily dia 09 (2026-08-09 → 2026-08-09) 29098 bytes
2026-07-31 08:52:06,908 [INFO] [OK] Brazil/ECM_ENSEMBLE_Corn_Winter_PRCP/daily dia 10 (2026-08-10 → 2026-08-10) 29014 bytes
2026-07-31 08:52:07,002 [INFO] [OK] Brazil/ECM_ENSEMBLE_Corn_Winter_PRCP/daily dia 11 (2026-08-11 → 2026-08-11) 29137 bytes
2026-07-31 08:52:07,056 [INFO] [OK] Brazil/ECM_ENSEMBLE_Corn_Winter_PRCP/daily dia 12 (2026-08-12 → 2026-08-12) 29428 bytes
2026-07-31 08:52:07,539 [INFO] [OK] Brazil/ECM_ENSEMBLE_Corn_Winter_PRCP/daily dia 14 (2026-08-14 → 2026-08-14) 28567 bytes
2026-07-31 08:52:07,574 [INFO] [OK] Brazil/ECM_ENSEMBLE_Corn_Winter_PRCP/daily dia 13 (2026-08-13 → 2026-08-13) 29214 bytes
2026-07-31 08:52:07,945 [INFO] [OK] Brazil/ECM_ENSEMBLE_Corn_Winter_PRCP/cumulative dia 00 (2026-07-31 → 2026-07-31) 31402 bytes
2026-07-31 08:52:08,456 [INFO] [OK] Brazil/ECM_ENSEMBLE_Corn_Winter_PRCP/cumulative dia 01 (2026-07-31 → 2026-08-01) 34024 bytes
2026-07-31 08:52:08,536 [INFO] [OK] Brazil/ECM_ENSEMBLE_Corn_Winter_PRCP/cumulative dia 02 (2026-07-31 → 2026-08-02) 35711 bytes
2026-07-31 08:52:08,627 [INFO] [OK] Brazil/ECM_ENSEMBLE_Corn_Winter_PRCP/cumulative dia 03 (2026-07-31 → 2026-08-03) 37275 bytes
2026-07-31 08:52:09,145 [INFO] [OK] Brazil/ECM_ENSEMBLE_Corn_Winter_PRCP/cumulative dia 04 (2026-07-31 → 2026-08-04) 38389 bytes
2026-07-31 08:52:09,412 [INFO] [OK] Brazil/ECM_ENSEMBLE_Corn_Winter_PRCP/cumulative dia 05 (2026-07-31 → 2026-08-05) 38834 bytes
2026-07-31 08:52:10,086 [INFO] [OK] Brazil/ECM_ENSEMBLE_Corn_Winter_PRCP/cumulative dia 06 (2026-07-31 → 2026-08-06) 39823 bytes
2026-07-31 08:52:10,512 [INFO] [OK] Brazil/ECM_ENSEMBLE_Corn_Winter_PRCP/cumulative dia 07 (2026-07-31 → 2026-08-07) 40426 bytes
2026-07-31 08:52:10,536 [INFO] [OK] Brazil/ECM_ENSEMBLE_Corn_Winter_PRCP/cumulative dia 08 (2026-07-31 → 2026-08-08) 41034 bytes
2026-07-31 08:52:10,716 [INFO] [OK] Brazil/ECM_ENSEMBLE_Corn_Winter_PRCP/cumulative dia 09 (2026-07-31 → 2026-08-09) 41007 bytes
2026-07-31 08:52:11,250 [INFO] [OK] Brazil/ECM_ENSEMBLE_Corn_Winter_PRCP/cumulative dia 10 (2026-07-31 → 2026-08-10) 41758 bytes
2026-07-31 08:52:11,627 [INFO] [OK] Brazil/ECM_ENSEMBLE_Corn_Winter_PRCP/cumulative dia 11 (2026-07-31 → 2026-08-11) 42309 bytes
2026-07-31 08:52:11,752 [INFO] [OK] Argentina/GFS_ENSEMBLE_Soy_PRCP_DEP/daily dia 00 (2026-07-31 → 2026-07-31) 34786 bytes
2026-07-31 08:52:12,299 [INFO] [OK] Argentina/GFS_ENSEMBLE_Soy_PRCP_DEP/daily dia 01 (2026-08-01 → 2026-08-01) 36459 bytes
2026-07-31 08:52:12,608 [INFO] [OK] Brazil/ECM_ENSEMBLE_Corn_Winter_PRCP/cumulative dia 12 (2026-07-31 → 2026-08-12) 42344 bytes
2026-07-31 08:52:12,719 [INFO] [OK] Argentina/GFS_ENSEMBLE_Soy_PRCP_DEP/daily dia 02 (2026-08-02 → 2026-08-02) 38009 bytes
2026-07-31 08:52:12,837 [INFO] [OK] Argentina/GFS_ENSEMBLE_Soy_PRCP_DEP/daily dia 03 (2026-08-03 → 2026-08-03) 40428 bytes
2026-07-31 08:52:12,967 [INFO] [OK] Brazil/ECM_ENSEMBLE_Corn_Winter_PRCP/cumulative dia 13 (2026-07-31 → 2026-08-13) 42726 bytes
2026-07-31 08:52:13,040 [INFO] [OK] Brazil/ECM_ENSEMBLE_Corn_Winter_PRCP/cumulative dia 14 (2026-07-31 → 2026-08-14) 43417 bytes
2026-07-31 08:52:13,442 [INFO] [OK] Argentina/GFS_ENSEMBLE_Soy_PRCP_DEP/daily dia 04 (2026-08-04 → 2026-08-04) 37315 bytes
2026-07-31 08:52:13,784 [INFO] [OK] Argentina/GFS_ENSEMBLE_Soy_PRCP_DEP/daily dia 06 (2026-08-06 → 2026-08-06) 38703 bytes
2026-07-31 08:52:13,869 [INFO] [OK] Argentina/GFS_ENSEMBLE_Soy_PRCP_DEP/daily dia 05 (2026-08-05 → 2026-08-05) 41017 bytes
2026-07-31 08:52:13,912 [INFO] [OK] Argentina/GFS_ENSEMBLE_Soy_PRCP_DEP/daily dia 07 (2026-08-07 → 2026-08-07) 39044 bytes
2026-07-31 08:52:14,167 [INFO] [OK] Argentina/GFS_ENSEMBLE_Soy_PRCP_DEP/daily dia 09 (2026-08-09 → 2026-08-09) 37641 bytes
2026-07-31 08:52:14,169 [INFO] [OK] Argentina/GFS_ENSEMBLE_Soy_PRCP_DEP/daily dia 08 (2026-08-08 → 2026-08-08) 39490 bytes
2026-07-31 08:52:14,573 [INFO] [OK] Argentina/GFS_ENSEMBLE_Soy_PRCP_DEP/daily dia 10 (2026-08-10 → 2026-08-10) 39310 bytes
2026-07-31 08:52:14,868 [INFO] [OK] Argentina/GFS_ENSEMBLE_Soy_PRCP_DEP/daily dia 11 (2026-08-11 → 2026-08-11) 41641 bytes
2026-07-31 08:52:15,267 [INFO] [OK] Argentina/GFS_ENSEMBLE_Soy_PRCP_DEP/daily dia 13 (2026-08-13 → 2026-08-13) 43860 bytes
2026-07-31 08:52:15,283 [INFO] [OK] Argentina/GFS_ENSEMBLE_Soy_PRCP_DEP/cumulative dia 00 (2026-07-31 → 2026-07-31) 34786 bytes
2026-07-31 08:52:15,300 [INFO] [OK] Argentina/GFS_ENSEMBLE_Soy_PRCP_DEP/daily dia 12 (2026-08-12 → 2026-08-12) 42673 bytes
2026-07-31 08:52:15,552 [INFO] [OK] Argentina/GFS_ENSEMBLE_Soy_PRCP_DEP/daily dia 14 (2026-08-14 → 2026-08-14) 43416 bytes
2026-07-31 08:52:15,616 [INFO] [OK] Argentina/GFS_ENSEMBLE_Soy_PRCP_DEP/cumulative dia 01 (2026-07-31 → 2026-08-01) 38123 bytes
2026-07-31 08:52:15,978 [INFO] [OK] Argentina/GFS_ENSEMBLE_Soy_PRCP_DEP/cumulative dia 02 (2026-07-31 → 2026-08-02) 39124 bytes
2026-07-31 08:52:16,441 [INFO] [OK] Argentina/GFS_ENSEMBLE_Soy_PRCP_DEP/cumulative dia 03 (2026-07-31 → 2026-08-03) 39632 bytes
2026-07-31 08:52:16,494 [INFO] [OK] Argentina/GFS_ENSEMBLE_Soy_PRCP_DEP/cumulative dia 04 (2026-07-31 → 2026-08-04) 39946 bytes
2026-07-31 08:52:16,774 [INFO] [OK] Argentina/GFS_ENSEMBLE_Soy_PRCP_DEP/cumulative dia 05 (2026-07-31 → 2026-08-05) 41684 bytes
2026-07-31 08:52:16,995 [INFO] [OK] Argentina/GFS_ENSEMBLE_Soy_PRCP_DEP/cumulative dia 07 (2026-07-31 → 2026-08-07) 44707 bytes
2026-07-31 08:52:17,058 [INFO] [OK] Argentina/GFS_ENSEMBLE_Soy_PRCP_DEP/cumulative dia 06 (2026-07-31 → 2026-08-06) 44017 bytes
2026-07-31 08:52:17,438 [INFO] [OK] Argentina/GFS_ENSEMBLE_Soy_PRCP_DEP/cumulative dia 08 (2026-07-31 → 2026-08-08) 44581 bytes
2026-07-31 08:52:17,896 [INFO] [OK] Argentina/GFS_ENSEMBLE_Soy_PRCP_DEP/cumulative dia 09 (2026-07-31 → 2026-08-09) 44582 bytes
2026-07-31 08:52:18,041 [INFO] [OK] Argentina/GFS_ENSEMBLE_Soy_PRCP_DEP/cumulative dia 10 (2026-07-31 → 2026-08-10) 43626 bytes
2026-07-31 08:52:18,501 [INFO] [OK] Argentina/GFS_ENSEMBLE_Soy_PRCP_DEP/cumulative dia 11 (2026-07-31 → 2026-08-11) 43656 bytes
2026-07-31 08:52:18,569 [INFO] [OK] Argentina/GFS_ENSEMBLE_Soy_PRCP_DEP/cumulative dia 12 (2026-07-31 → 2026-08-12) 43130 bytes
2026-07-31 08:52:18,837 [INFO] [OK] Argentina/GFS_ENSEMBLE_Soy_PRCP_DEP/cumulative dia 13 (2026-07-31 → 2026-08-13) 43311 bytes
2026-07-31 08:52:18,910 [INFO] [OK] Argentina/GFS_ENSEMBLE_Soy_PRCP/daily dia 00 (2026-07-31 → 2026-07-31) 29870 bytes
2026-07-31 08:52:19,112 [INFO] [OK] Argentina/GFS_ENSEMBLE_Soy_PRCP_DEP/cumulative dia 14 (2026-07-31 → 2026-08-14) 43858 bytes
2026-07-31 08:52:19,136 [INFO] [OK] Argentina/GFS_ENSEMBLE_Soy_PRCP/daily dia 01 (2026-08-01 → 2026-08-01) 29459 bytes
2026-07-31 08:52:19,482 [INFO] [OK] Argentina/GFS_ENSEMBLE_Soy_PRCP/daily dia 02 (2026-08-02 → 2026-08-02) 27926 bytes
2026-07-31 08:52:19,597 [INFO] [OK] Argentina/GFS_ENSEMBLE_Soy_PRCP/daily dia 03 (2026-08-03 → 2026-08-03) 28508 bytes
2026-07-31 08:52:19,778 [INFO] [OK] Argentina/GFS_ENSEMBLE_Soy_PRCP/daily dia 04 (2026-08-04 → 2026-08-04) 28304 bytes
2026-07-31 08:52:19,924 [INFO] [OK] Argentina/GFS_ENSEMBLE_Soy_PRCP/daily dia 05 (2026-08-05 → 2026-08-05) 28038 bytes
2026-07-31 08:52:20,102 [INFO] [OK] Argentina/GFS_ENSEMBLE_Soy_PRCP/daily dia 06 (2026-08-06 → 2026-08-06) 27608 bytes
2026-07-31 08:52:20,173 [INFO] [OK] Argentina/GFS_ENSEMBLE_Soy_PRCP/daily dia 07 (2026-08-07 → 2026-08-07) 26921 bytes
2026-07-31 08:52:20,454 [INFO] [OK] Argentina/GFS_ENSEMBLE_Soy_PRCP/daily dia 08 (2026-08-08 → 2026-08-08) 26426 bytes
2026-07-31 08:52:20,568 [INFO] [OK] Argentina/GFS_ENSEMBLE_Soy_PRCP/daily dia 09 (2026-08-09 → 2026-08-09) 27541 bytes
2026-07-31 08:52:20,736 [INFO] [OK] Argentina/GFS_ENSEMBLE_Soy_PRCP/daily dia 10 (2026-08-10 → 2026-08-10) 28760 bytes
2026-07-31 08:52:20,920 [INFO] [OK] Argentina/GFS_ENSEMBLE_Soy_PRCP/daily dia 11 (2026-08-11 → 2026-08-11) 27924 bytes
2026-07-31 08:52:21,083 [INFO] [OK] Argentina/GFS_ENSEMBLE_Soy_PRCP/daily dia 12 (2026-08-12 → 2026-08-12) 28207 bytes
2026-07-31 08:52:21,190 [INFO] [OK] Argentina/GFS_ENSEMBLE_Soy_PRCP/daily dia 13 (2026-08-13 → 2026-08-13) 28480 bytes
2026-07-31 08:52:21,473 [INFO] [OK] Argentina/GFS_ENSEMBLE_Soy_PRCP/daily dia 14 (2026-08-14 → 2026-08-14) 27986 bytes
2026-07-31 08:52:21,806 [INFO] [OK] Argentina/GFS_ENSEMBLE_Soy_PRCP/cumulative dia 00 (2026-07-31 → 2026-07-31) 29870 bytes
2026-07-31 08:52:21,880 [INFO] [OK] Argentina/GFS_ENSEMBLE_Soy_PRCP/cumulative dia 01 (2026-07-31 → 2026-08-01) 31834 bytes
2026-07-31 08:52:22,160 [INFO] [OK] Argentina/GFS_ENSEMBLE_Soy_PRCP/cumulative dia 02 (2026-07-31 → 2026-08-02) 32856 bytes
2026-07-31 08:52:22,305 [INFO] [OK] Argentina/GFS_ENSEMBLE_Soy_PRCP/cumulative dia 03 (2026-07-31 → 2026-08-03) 33749 bytes
2026-07-31 08:52:22,473 [INFO] [OK] Argentina/GFS_ENSEMBLE_Soy_PRCP/cumulative dia 04 (2026-07-31 → 2026-08-04) 34461 bytes
2026-07-31 08:52:22,698 [INFO] [OK] Argentina/GFS_ENSEMBLE_Soy_PRCP/cumulative dia 05 (2026-07-31 → 2026-08-05) 35252 bytes
2026-07-31 08:52:23,086 [INFO] [OK] Argentina/GFS_ENSEMBLE_Soy_PRCP/cumulative dia 06 (2026-07-31 → 2026-08-06) 35579 bytes
2026-07-31 08:52:23,215 [INFO] [OK] Argentina/GFS_ENSEMBLE_Soy_PRCP/cumulative dia 07 (2026-07-31 → 2026-08-07) 35623 bytes
2026-07-31 08:52:23,600 [INFO] [OK] Argentina/GFS_ENSEMBLE_Soy_PRCP/cumulative dia 08 (2026-07-31 → 2026-08-08) 35798 bytes
2026-07-31 08:52:24,020 [INFO] [OK] Argentina/GFS_ENSEMBLE_Soy_PRCP/cumulative dia 09 (2026-07-31 → 2026-08-09) 36121 bytes
2026-07-31 08:52:24,031 [INFO] [OK] Argentina/GFS_ENSEMBLE_Soy_PRCP/cumulative dia 10 (2026-07-31 → 2026-08-10) 36719 bytes
2026-07-31 08:52:24,301 [INFO] [OK] Argentina/GFS_ENSEMBLE_Soy_PRCP/cumulative dia 11 (2026-07-31 → 2026-08-11) 36892 bytes
2026-07-31 08:52:24,843 [INFO] [OK] Argentina/GFS_ENSEMBLE_Soy_PRCP/cumulative dia 12 (2026-07-31 → 2026-08-12) 37004 bytes
2026-07-31 08:52:24,850 [INFO] [OK] Argentina/GFS_ENSEMBLE_Soy_PRCP/cumulative dia 13 (2026-07-31 → 2026-08-13) 37286 bytes
2026-07-31 08:52:25,031 [INFO] [OK] Argentina/GFS_ENSEMBLE_Corn_Winter_PRCP_DEP/daily dia 01 (2026-08-01 → 2026-08-01) 34370 bytes
2026-07-31 08:52:25,035 [INFO] [OK] Argentina/GFS_ENSEMBLE_Corn_Winter_PRCP_DEP/daily dia 00 (2026-07-31 → 2026-07-31) 33083 bytes
2026-07-31 08:52:25,274 [INFO] [OK] Argentina/GFS_ENSEMBLE_Soy_PRCP/cumulative dia 14 (2026-07-31 → 2026-08-14) 37811 bytes
2026-07-31 08:52:25,300 [INFO] [OK] Argentina/GFS_ENSEMBLE_Corn_Winter_PRCP_DEP/daily dia 02 (2026-08-02 → 2026-08-02) 35803 bytes
2026-07-31 08:52:25,865 [INFO] [OK] Argentina/GFS_ENSEMBLE_Corn_Winter_PRCP_DEP/daily dia 04 (2026-08-04 → 2026-08-04) 35652 bytes
2026-07-31 08:52:26,150 [INFO] [OK] Argentina/GFS_ENSEMBLE_Corn_Winter_PRCP_DEP/daily dia 03 (2026-08-03 → 2026-08-03) 38482 bytes
2026-07-31 08:52:26,385 [INFO] [OK] Argentina/GFS_ENSEMBLE_Corn_Winter_PRCP_DEP/daily dia 06 (2026-08-06 → 2026-08-06) 37146 bytes
2026-07-31 08:52:26,433 [INFO] [OK] Argentina/GFS_ENSEMBLE_Corn_Winter_PRCP_DEP/daily dia 05 (2026-08-05 → 2026-08-05) 39419 bytes
2026-07-31 08:52:26,525 [INFO] [OK] Argentina/GFS_ENSEMBLE_Corn_Winter_PRCP_DEP/daily dia 08 (2026-08-08 → 2026-08-08) 37748 bytes
2026-07-31 08:52:26,540 [INFO] [OK] Argentina/GFS_ENSEMBLE_Corn_Winter_PRCP_DEP/daily dia 07 (2026-08-07 → 2026-08-07) 37279 bytes
2026-07-31 08:52:26,825 [INFO] [OK] Argentina/GFS_ENSEMBLE_Corn_Winter_PRCP_DEP/daily dia 09 (2026-08-09 → 2026-08-09) 35985 bytes
2026-07-31 08:52:27,300 [INFO] [OK] Argentina/GFS_ENSEMBLE_Corn_Winter_PRCP_DEP/daily dia 10 (2026-08-10 → 2026-08-10) 37487 bytes
2026-07-31 08:52:27,428 [INFO] [OK] Argentina/GFS_ENSEMBLE_Corn_Winter_PRCP_DEP/daily dia 11 (2026-08-11 → 2026-08-11) 39768 bytes
2026-07-31 08:52:27,531 [INFO] [OK] Argentina/GFS_ENSEMBLE_Corn_Winter_PRCP_DEP/daily dia 12 (2026-08-12 → 2026-08-12) 40949 bytes
2026-07-31 08:52:27,650 [INFO] [OK] Argentina/GFS_ENSEMBLE_Corn_Winter_PRCP_DEP/daily dia 13 (2026-08-13 → 2026-08-13) 42320 bytes
2026-07-31 08:52:27,866 [INFO] [OK] Argentina/GFS_ENSEMBLE_Corn_Winter_PRCP_DEP/daily dia 14 (2026-08-14 → 2026-08-14) 41798 bytes
2026-07-31 08:52:28,097 [INFO] [OK] Argentina/GFS_ENSEMBLE_Corn_Winter_PRCP_DEP/cumulative dia 00 (2026-07-31 → 2026-07-31) 33083 bytes
2026-07-31 08:52:28,420 [INFO] [OK] Argentina/GFS_ENSEMBLE_Corn_Winter_PRCP_DEP/cumulative dia 01 (2026-07-31 → 2026-08-01) 36336 bytes
2026-07-31 08:52:28,754 [INFO] [OK] Argentina/GFS_ENSEMBLE_Corn_Winter_PRCP_DEP/cumulative dia 03 (2026-07-31 → 2026-08-03) 37855 bytes
2026-07-31 08:52:28,757 [INFO] [OK] Argentina/GFS_ENSEMBLE_Corn_Winter_PRCP_DEP/cumulative dia 02 (2026-07-31 → 2026-08-02) 37437 bytes
2026-07-31 08:52:28,846 [INFO] [OK] Argentina/GFS_ENSEMBLE_Corn_Winter_PRCP_DEP/cumulative dia 04 (2026-07-31 → 2026-08-04) 38262 bytes
2026-07-31 08:52:29,162 [INFO] [OK] Argentina/GFS_ENSEMBLE_Corn_Winter_PRCP_DEP/cumulative dia 05 (2026-07-31 → 2026-08-05) 40243 bytes
2026-07-31 08:52:29,441 [INFO] [OK] Argentina/GFS_ENSEMBLE_Corn_Winter_PRCP_DEP/cumulative dia 06 (2026-07-31 → 2026-08-06) 42347 bytes
2026-07-31 08:52:29,945 [INFO] [OK] Argentina/GFS_ENSEMBLE_Corn_Winter_PRCP_DEP/cumulative dia 07 (2026-07-31 → 2026-08-07) 43033 bytes
2026-07-31 08:52:30,285 [INFO] [OK] Argentina/GFS_ENSEMBLE_Corn_Winter_PRCP_DEP/cumulative dia 08 (2026-07-31 → 2026-08-08) 42965 bytes
2026-07-31 08:52:30,439 [INFO] [OK] Argentina/GFS_ENSEMBLE_Corn_Winter_PRCP_DEP/cumulative dia 10 (2026-07-31 → 2026-08-10) 42165 bytes
2026-07-31 08:52:30,534 [INFO] [OK] Argentina/GFS_ENSEMBLE_Corn_Winter_PRCP_DEP/cumulative dia 09 (2026-07-31 → 2026-08-09) 43051 bytes
2026-07-31 08:52:30,714 [INFO] [OK] Argentina/GFS_ENSEMBLE_Corn_Winter_PRCP_DEP/cumulative dia 11 (2026-07-31 → 2026-08-11) 41913 bytes
2026-07-31 08:52:31,032 [INFO] [OK] Argentina/GFS_ENSEMBLE_Corn_Winter_PRCP_DEP/cumulative dia 12 (2026-07-31 → 2026-08-12) 41392 bytes
2026-07-31 08:52:31,418 [INFO] [OK] Argentina/GFS_ENSEMBLE_Corn_Winter_PRCP/daily dia 00 (2026-07-31 → 2026-07-31) 27886 bytes
2026-07-31 08:52:31,591 [INFO] [OK] Argentina/GFS_ENSEMBLE_Corn_Winter_PRCP/daily dia 01 (2026-08-01 → 2026-08-01) 27471 bytes
2026-07-31 08:52:31,775 [INFO] [OK] Argentina/GFS_ENSEMBLE_Corn_Winter_PRCP_DEP/cumulative dia 13 (2026-07-31 → 2026-08-13) 41644 bytes
2026-07-31 08:52:31,822 [INFO] [OK] Argentina/GFS_ENSEMBLE_Corn_Winter_PRCP/daily dia 02 (2026-08-02 → 2026-08-02) 26084 bytes
2026-07-31 08:52:32,027 [INFO] [OK] Argentina/GFS_ENSEMBLE_Corn_Winter_PRCP_DEP/cumulative dia 14 (2026-07-31 → 2026-08-14) 42335 bytes
2026-07-31 08:52:32,029 [INFO] [OK] Argentina/GFS_ENSEMBLE_Corn_Winter_PRCP/daily dia 03 (2026-08-03 → 2026-08-03) 26541 bytes
2026-07-31 08:52:32,383 [INFO] [OK] Argentina/GFS_ENSEMBLE_Corn_Winter_PRCP/daily dia 04 (2026-08-04 → 2026-08-04) 26428 bytes
2026-07-31 08:52:32,558 [INFO] [OK] Argentina/GFS_ENSEMBLE_Corn_Winter_PRCP/daily dia 05 (2026-08-05 → 2026-08-05) 26175 bytes
2026-07-31 08:52:32,753 [INFO] [OK] Argentina/GFS_ENSEMBLE_Corn_Winter_PRCP/daily dia 06 (2026-08-06 → 2026-08-06) 25952 bytes
2026-07-31 08:52:32,826 [INFO] [OK] Argentina/GFS_ENSEMBLE_Corn_Winter_PRCP/daily dia 07 (2026-08-07 → 2026-08-07) 25036 bytes
2026-07-31 08:52:33,022 [INFO] [OK] Argentina/GFS_ENSEMBLE_Corn_Winter_PRCP/daily dia 09 (2026-08-09 → 2026-08-09) 25561 bytes
2026-07-31 08:52:33,027 [INFO] [OK] Argentina/GFS_ENSEMBLE_Corn_Winter_PRCP/daily dia 08 (2026-08-08 → 2026-08-08) 24532 bytes
2026-07-31 08:52:33,337 [INFO] [OK] Argentina/GFS_ENSEMBLE_Corn_Winter_PRCP/daily dia 10 (2026-08-10 → 2026-08-10) 26768 bytes
2026-07-31 08:52:33,595 [INFO] [OK] Argentina/GFS_ENSEMBLE_Corn_Winter_PRCP/daily dia 11 (2026-08-11 → 2026-08-11) 26026 bytes
2026-07-31 08:52:33,711 [INFO] [OK] Argentina/GFS_ENSEMBLE_Corn_Winter_PRCP/daily dia 12 (2026-08-12 → 2026-08-12) 26255 bytes
2026-07-31 08:52:33,819 [INFO] [OK] Argentina/GFS_ENSEMBLE_Corn_Winter_PRCP/daily dia 13 (2026-08-13 → 2026-08-13) 26612 bytes
2026-07-31 08:52:33,992 [INFO] [OK] Argentina/GFS_ENSEMBLE_Corn_Winter_PRCP/daily dia 14 (2026-08-14 → 2026-08-14) 26250 bytes
2026-07-31 08:52:34,050 [INFO] [OK] Argentina/GFS_ENSEMBLE_Corn_Winter_PRCP/cumulative dia 00 (2026-07-31 → 2026-07-31) 27886 bytes
2026-07-31 08:52:34,397 [INFO] [OK] Argentina/GFS_ENSEMBLE_Corn_Winter_PRCP/cumulative dia 01 (2026-07-31 → 2026-08-01) 29707 bytes
2026-07-31 08:52:34,687 [INFO] [OK] Argentina/GFS_ENSEMBLE_Corn_Winter_PRCP/cumulative dia 02 (2026-07-31 → 2026-08-02) 30829 bytes
2026-07-31 08:52:34,823 [INFO] [OK] Argentina/GFS_ENSEMBLE_Corn_Winter_PRCP/cumulative dia 03 (2026-07-31 → 2026-08-03) 31654 bytes
2026-07-31 08:52:35,005 [INFO] [OK] Argentina/GFS_ENSEMBLE_Corn_Winter_PRCP/cumulative dia 04 (2026-07-31 → 2026-08-04) 32410 bytes
2026-07-31 08:52:35,235 [INFO] [OK] Argentina/GFS_ENSEMBLE_Corn_Winter_PRCP/cumulative dia 05 (2026-07-31 → 2026-08-05) 33050 bytes
2026-07-31 08:52:35,395 [INFO] [OK] Argentina/GFS_ENSEMBLE_Corn_Winter_PRCP/cumulative dia 06 (2026-07-31 → 2026-08-06) 33505 bytes
2026-07-31 08:52:35,738 [INFO] [OK] Argentina/GFS_ENSEMBLE_Corn_Winter_PRCP/cumulative dia 07 (2026-07-31 → 2026-08-07) 33460 bytes
2026-07-31 08:52:36,035 [INFO] [OK] Argentina/GFS_ENSEMBLE_Corn_Winter_PRCP/cumulative dia 08 (2026-07-31 → 2026-08-08) 33682 bytes
2026-07-31 08:52:36,343 [INFO] [OK] Argentina/GFS_ENSEMBLE_Corn_Winter_PRCP/cumulative dia 09 (2026-07-31 → 2026-08-09) 34006 bytes
2026-07-31 08:52:36,534 [INFO] [OK] Argentina/GFS_ENSEMBLE_Corn_Winter_PRCP/cumulative dia 10 (2026-07-31 → 2026-08-10) 34704 bytes
2026-07-31 08:52:36,755 [INFO] [OK] Argentina/GFS_ENSEMBLE_Corn_Winter_PRCP/cumulative dia 11 (2026-07-31 → 2026-08-11) 34745 bytes
2026-07-31 08:52:36,997 [INFO] [OK] Argentina/GFS_ENSEMBLE_Corn_Winter_PRCP/cumulative dia 12 (2026-07-31 → 2026-08-12) 35014 bytes
2026-07-31 08:52:37,334 [INFO] [OK] Argentina/GFS_ENSEMBLE_Corn_Winter_PRCP/cumulative dia 13 (2026-07-31 → 2026-08-13) 35368 bytes
2026-07-31 08:52:37,425 [INFO] [OK] Argentina/ECM_ENSEMBLE_Soy_PRCP_DEP/daily dia 00 (2026-07-31 → 2026-07-31) 36980 bytes
2026-07-31 08:52:37,582 [INFO] [OK] Argentina/ECM_ENSEMBLE_Soy_PRCP_DEP/daily dia 01 (2026-08-01 → 2026-08-01) 38615 bytes
2026-07-31 08:52:37,700 [INFO] [OK] Argentina/GFS_ENSEMBLE_Corn_Winter_PRCP/cumulative dia 14 (2026-07-31 → 2026-08-14) 36069 bytes
2026-07-31 08:52:37,775 [INFO] [OK] Argentina/ECM_ENSEMBLE_Soy_PRCP_DEP/daily dia 02 (2026-08-02 → 2026-08-02) 38688 bytes
2026-07-31 08:52:38,051 [INFO] [OK] Argentina/ECM_ENSEMBLE_Soy_PRCP_DEP/daily dia 03 (2026-08-03 → 2026-08-03) 40411 bytes
2026-07-31 08:52:38,319 [INFO] [OK] Argentina/ECM_ENSEMBLE_Soy_PRCP_DEP/daily dia 04 (2026-08-04 → 2026-08-04) 41175 bytes
2026-07-31 08:52:38,593 [INFO] [OK] Argentina/ECM_ENSEMBLE_Soy_PRCP_DEP/daily dia 05 (2026-08-05 → 2026-08-05) 40519 bytes
2026-07-31 08:52:38,600 [INFO] [OK] Argentina/ECM_ENSEMBLE_Soy_PRCP_DEP/daily dia 06 (2026-08-06 → 2026-08-06) 42045 bytes
2026-07-31 08:52:38,834 [INFO] [OK] Argentina/ECM_ENSEMBLE_Soy_PRCP_DEP/daily dia 08 (2026-08-08 → 2026-08-08) 44199 bytes
2026-07-31 08:52:38,901 [INFO] [OK] Argentina/ECM_ENSEMBLE_Soy_PRCP_DEP/daily dia 07 (2026-08-07 → 2026-08-07) 44936 bytes
2026-07-31 08:52:39,488 [INFO] [OK] Argentina/ECM_ENSEMBLE_Soy_PRCP_DEP/daily dia 09 (2026-08-09 → 2026-08-09) 42932 bytes
2026-07-31 08:52:39,489 [INFO] [OK] Argentina/ECM_ENSEMBLE_Soy_PRCP_DEP/daily dia 10 (2026-08-10 → 2026-08-10) 43339 bytes
2026-07-31 08:52:39,625 [INFO] [OK] Argentina/ECM_ENSEMBLE_Soy_PRCP_DEP/daily dia 11 (2026-08-11 → 2026-08-11) 43110 bytes
2026-07-31 08:52:39,879 [INFO] [OK] Argentina/ECM_ENSEMBLE_Soy_PRCP_DEP/daily dia 12 (2026-08-12 → 2026-08-12) 43372 bytes
2026-07-31 08:52:39,933 [INFO] [OK] Argentina/ECM_ENSEMBLE_Soy_PRCP_DEP/daily dia 13 (2026-08-13 → 2026-08-13) 42644 bytes
2026-07-31 08:52:40,193 [INFO] [OK] Argentina/ECM_ENSEMBLE_Soy_PRCP_DEP/daily dia 14 (2026-08-14 → 2026-08-14) 43246 bytes
2026-07-31 08:52:40,517 [INFO] [OK] Argentina/ECM_ENSEMBLE_Soy_PRCP_DEP/cumulative dia 00 (2026-07-31 → 2026-07-31) 36980 bytes
2026-07-31 08:52:40,598 [INFO] [OK] Argentina/ECM_ENSEMBLE_Soy_PRCP_DEP/cumulative dia 01 (2026-07-31 → 2026-08-01) 39048 bytes
2026-07-31 08:52:40,789 [INFO] [OK] Argentina/ECM_ENSEMBLE_Soy_PRCP_DEP/cumulative dia 02 (2026-07-31 → 2026-08-02) 39160 bytes
2026-07-31 08:52:41,064 [INFO] [OK] Argentina/ECM_ENSEMBLE_Soy_PRCP_DEP/cumulative dia 03 (2026-07-31 → 2026-08-03) 39020 bytes
2026-07-31 08:52:41,123 [INFO] [OK] Argentina/ECM_ENSEMBLE_Soy_PRCP_DEP/cumulative dia 04 (2026-07-31 → 2026-08-04) 38753 bytes
2026-07-31 08:52:41,437 [INFO] [OK] Argentina/ECM_ENSEMBLE_Soy_PRCP_DEP/cumulative dia 05 (2026-07-31 → 2026-08-05) 39155 bytes
2026-07-31 08:52:41,805 [INFO] [OK] Argentina/ECM_ENSEMBLE_Soy_PRCP_DEP/cumulative dia 06 (2026-07-31 → 2026-08-06) 40427 bytes
2026-07-31 08:52:42,032 [INFO] [OK] Argentina/ECM_ENSEMBLE_Soy_PRCP_DEP/cumulative dia 07 (2026-07-31 → 2026-08-07) 41117 bytes
2026-07-31 08:52:42,163 [INFO] [OK] Argentina/ECM_ENSEMBLE_Soy_PRCP_DEP/cumulative dia 08 (2026-07-31 → 2026-08-08) 41105 bytes
2026-07-31 08:52:42,647 [INFO] [OK] Argentina/ECM_ENSEMBLE_Soy_PRCP_DEP/cumulative dia 10 (2026-07-31 → 2026-08-10) 41740 bytes
2026-07-31 08:52:42,654 [INFO] [OK] Argentina/ECM_ENSEMBLE_Soy_PRCP_DEP/cumulative dia 09 (2026-07-31 → 2026-08-09) 41640 bytes
2026-07-31 08:52:43,044 [INFO] [OK] Argentina/ECM_ENSEMBLE_Soy_PRCP_DEP/cumulative dia 11 (2026-07-31 → 2026-08-11) 42073 bytes
2026-07-31 08:52:43,379 [INFO] [OK] Argentina/ECM_ENSEMBLE_Soy_PRCP_DEP/cumulative dia 12 (2026-07-31 → 2026-08-12) 42261 bytes
2026-07-31 08:52:43,722 [INFO] [OK] Argentina/ECM_ENSEMBLE_Soy_PRCP/daily dia 01 (2026-08-01 → 2026-08-01) 31379 bytes
2026-07-31 08:52:44,069 [INFO] [OK] Argentina/ECM_ENSEMBLE_Soy_PRCP_DEP/cumulative dia 13 (2026-07-31 → 2026-08-13) 42093 bytes
2026-07-31 08:52:44,144 [INFO] [OK] Argentina/ECM_ENSEMBLE_Soy_PRCP/daily dia 00 (2026-07-31 → 2026-07-31) 30090 bytes
2026-07-31 08:52:44,180 [INFO] [OK] Argentina/ECM_ENSEMBLE_Soy_PRCP_DEP/cumulative dia 14 (2026-07-31 → 2026-08-14) 42287 bytes
2026-07-31 08:52:44,259 [INFO] [OK] Argentina/ECM_ENSEMBLE_Soy_PRCP/daily dia 02 (2026-08-02 → 2026-08-02) 28756 bytes
2026-07-31 08:52:44,340 [INFO] [OK] Argentina/ECM_ENSEMBLE_Soy_PRCP/daily dia 03 (2026-08-03 → 2026-08-03) 29746 bytes
2026-07-31 08:52:44,786 [INFO] [OK] Argentina/ECM_ENSEMBLE_Soy_PRCP/daily dia 04 (2026-08-04 → 2026-08-04) 29290 bytes
2026-07-31 08:52:45,082 [INFO] [OK] Argentina/ECM_ENSEMBLE_Soy_PRCP/daily dia 05 (2026-08-05 → 2026-08-05) 29537 bytes
2026-07-31 08:52:45,158 [INFO] [OK] Argentina/ECM_ENSEMBLE_Soy_PRCP/daily dia 07 (2026-08-07 → 2026-08-07) 27554 bytes
2026-07-31 08:52:45,227 [INFO] [OK] Argentina/ECM_ENSEMBLE_Soy_PRCP/daily dia 08 (2026-08-08 → 2026-08-08) 27596 bytes
2026-07-31 08:52:45,307 [INFO] [OK] Argentina/ECM_ENSEMBLE_Soy_PRCP/daily dia 09 (2026-08-09 → 2026-08-09) 27405 bytes
2026-07-31 08:52:45,317 [INFO] [OK] Argentina/ECM_ENSEMBLE_Soy_PRCP/daily dia 06 (2026-08-06 → 2026-08-06) 28976 bytes
2026-07-31 08:52:45,818 [INFO] [OK] Argentina/ECM_ENSEMBLE_Soy_PRCP/daily dia 10 (2026-08-10 → 2026-08-10) 27200 bytes
2026-07-31 08:52:46,067 [INFO] [OK] Argentina/ECM_ENSEMBLE_Soy_PRCP/daily dia 11 (2026-08-11 → 2026-08-11) 27931 bytes
2026-07-31 08:52:46,187 [INFO] [OK] Argentina/ECM_ENSEMBLE_Soy_PRCP/daily dia 12 (2026-08-12 → 2026-08-12) 28261 bytes
2026-07-31 08:52:46,262 [INFO] [OK] Argentina/ECM_ENSEMBLE_Soy_PRCP/daily dia 13 (2026-08-13 → 2026-08-13) 28636 bytes
2026-07-31 08:52:46,341 [INFO] [OK] Argentina/ECM_ENSEMBLE_Soy_PRCP/daily dia 14 (2026-08-14 → 2026-08-14) 28000 bytes
2026-07-31 08:52:46,383 [INFO] [OK] Argentina/ECM_ENSEMBLE_Soy_PRCP/cumulative dia 00 (2026-07-31 → 2026-07-31) 30090 bytes
2026-07-31 08:52:46,834 [INFO] [OK] Argentina/ECM_ENSEMBLE_Soy_PRCP/cumulative dia 01 (2026-07-31 → 2026-08-01) 33353 bytes
2026-07-31 08:52:47,184 [INFO] [OK] Argentina/ECM_ENSEMBLE_Soy_PRCP/cumulative dia 02 (2026-07-31 → 2026-08-02) 34070 bytes
2026-07-31 08:52:47,367 [INFO] [OK] Argentina/ECM_ENSEMBLE_Soy_PRCP/cumulative dia 03 (2026-07-31 → 2026-08-03) 35148 bytes
2026-07-31 08:52:47,552 [INFO] [OK] Argentina/ECM_ENSEMBLE_Soy_PRCP/cumulative dia 04 (2026-07-31 → 2026-08-04) 35659 bytes
2026-07-31 08:52:47,610 [INFO] [OK] Argentina/ECM_ENSEMBLE_Soy_PRCP/cumulative dia 05 (2026-07-31 → 2026-08-05) 36306 bytes
2026-07-31 08:52:47,755 [INFO] [OK] Argentina/ECM_ENSEMBLE_Soy_PRCP/cumulative dia 06 (2026-07-31 → 2026-08-06) 37182 bytes
2026-07-31 08:52:48,178 [INFO] [OK] Argentina/ECM_ENSEMBLE_Soy_PRCP/cumulative dia 07 (2026-07-31 → 2026-08-07) 37342 bytes
2026-07-31 08:52:48,583 [INFO] [OK] Argentina/ECM_ENSEMBLE_Soy_PRCP/cumulative dia 08 (2026-07-31 → 2026-08-08) 37513 bytes
2026-07-31 08:52:48,782 [INFO] [OK] Argentina/ECM_ENSEMBLE_Soy_PRCP/cumulative dia 09 (2026-07-31 → 2026-08-09) 37686 bytes
2026-07-31 08:52:49,121 [INFO] [OK] Argentina/ECM_ENSEMBLE_Soy_PRCP/cumulative dia 10 (2026-07-31 → 2026-08-10) 38100 bytes
2026-07-31 08:52:49,156 [INFO] [OK] Argentina/ECM_ENSEMBLE_Soy_PRCP/cumulative dia 11 (2026-07-31 → 2026-08-11) 38581 bytes
2026-07-31 08:52:49,354 [INFO] [OK] Argentina/ECM_ENSEMBLE_Soy_PRCP/cumulative dia 12 (2026-07-31 → 2026-08-12) 38648 bytes
2026-07-31 08:52:49,784 [INFO] [OK] Argentina/ECM_ENSEMBLE_Soy_PRCP/cumulative dia 13 (2026-07-31 → 2026-08-13) 39030 bytes
2026-07-31 08:52:49,799 [INFO] [OK] Argentina/ECM_ENSEMBLE_Corn_Winter_PRCP_DEP/daily dia 00 (2026-07-31 → 2026-07-31) 35107 bytes
2026-07-31 08:52:50,124 [INFO] [OK] Argentina/ECM_ENSEMBLE_Corn_Winter_PRCP_DEP/daily dia 01 (2026-08-01 → 2026-08-01) 36737 bytes
2026-07-31 08:52:50,196 [INFO] [OK] Argentina/ECM_ENSEMBLE_Soy_PRCP/cumulative dia 14 (2026-07-31 → 2026-08-14) 39470 bytes
2026-07-31 08:52:50,254 [INFO] [OK] Argentina/ECM_ENSEMBLE_Corn_Winter_PRCP_DEP/daily dia 02 (2026-08-02 → 2026-08-02) 36799 bytes
2026-07-31 08:52:50,395 [INFO] [OK] Argentina/ECM_ENSEMBLE_Corn_Winter_PRCP_DEP/daily dia 03 (2026-08-03 → 2026-08-03) 38456 bytes
2026-07-31 08:52:50,862 [INFO] [OK] Argentina/ECM_ENSEMBLE_Corn_Winter_PRCP_DEP/daily dia 04 (2026-08-04 → 2026-08-04) 39091 bytes
2026-07-31 08:52:51,163 [INFO] [OK] Argentina/ECM_ENSEMBLE_Corn_Winter_PRCP_DEP/daily dia 06 (2026-08-06 → 2026-08-06) 40686 bytes
2026-07-31 08:52:51,300 [INFO] [OK] Argentina/ECM_ENSEMBLE_Corn_Winter_PRCP_DEP/daily dia 05 (2026-08-05 → 2026-08-05) 38627 bytes
2026-07-31 08:52:51,330 [INFO] [OK] Argentina/ECM_ENSEMBLE_Corn_Winter_PRCP_DEP/daily dia 08 (2026-08-08 → 2026-08-08) 42718 bytes
2026-07-31 08:52:51,399 [INFO] [OK] Argentina/ECM_ENSEMBLE_Corn_Winter_PRCP_DEP/daily dia 09 (2026-08-09 → 2026-08-09) 41263 bytes
2026-07-31 08:52:51,446 [INFO] [OK] Argentina/ECM_ENSEMBLE_Corn_Winter_PRCP_DEP/daily dia 07 (2026-08-07 → 2026-08-07) 43355 bytes
2026-07-31 08:52:52,046 [INFO] [OK] Argentina/ECM_ENSEMBLE_Corn_Winter_PRCP_DEP/daily dia 10 (2026-08-10 → 2026-08-10) 41575 bytes
2026-07-31 08:52:52,148 [INFO] [OK] Argentina/ECM_ENSEMBLE_Corn_Winter_PRCP_DEP/daily dia 11 (2026-08-11 → 2026-08-11) 41432 bytes
2026-07-31 08:52:52,357 [INFO] [OK] Argentina/ECM_ENSEMBLE_Corn_Winter_PRCP_DEP/daily dia 13 (2026-08-13 → 2026-08-13) 40900 bytes
2026-07-31 08:52:52,448 [INFO] [OK] Argentina/ECM_ENSEMBLE_Corn_Winter_PRCP_DEP/daily dia 12 (2026-08-12 → 2026-08-12) 41611 bytes
2026-07-31 08:52:52,522 [INFO] [OK] Argentina/ECM_ENSEMBLE_Corn_Winter_PRCP_DEP/cumulative dia 00 (2026-07-31 → 2026-07-31) 35107 bytes
2026-07-31 08:52:52,529 [INFO] [OK] Argentina/ECM_ENSEMBLE_Corn_Winter_PRCP_DEP/daily dia 14 (2026-08-14 → 2026-08-14) 41368 bytes
2026-07-31 08:52:53,110 [INFO] [OK] Argentina/ECM_ENSEMBLE_Corn_Winter_PRCP_DEP/cumulative dia 01 (2026-07-31 → 2026-08-01) 37173 bytes
2026-07-31 08:52:53,233 [INFO] [OK] Argentina/ECM_ENSEMBLE_Corn_Winter_PRCP_DEP/cumulative dia 02 (2026-07-31 → 2026-08-02) 37364 bytes
2026-07-31 08:52:53,532 [INFO] [OK] Argentina/ECM_ENSEMBLE_Corn_Winter_PRCP_DEP/cumulative dia 03 (2026-07-31 → 2026-08-03) 37148 bytes
2026-07-31 08:52:53,817 [INFO] [OK] Argentina/ECM_ENSEMBLE_Corn_Winter_PRCP_DEP/cumulative dia 04 (2026-07-31 → 2026-08-04) 36739 bytes
2026-07-31 08:52:53,824 [INFO] [OK] Argentina/ECM_ENSEMBLE_Corn_Winter_PRCP_DEP/cumulative dia 05 (2026-07-31 → 2026-08-05) 37110 bytes
2026-07-31 08:52:53,888 [INFO] [OK] Argentina/ECM_ENSEMBLE_Corn_Winter_PRCP_DEP/cumulative dia 06 (2026-07-31 → 2026-08-06) 38490 bytes
2026-07-31 08:52:54,399 [INFO] [OK] Argentina/ECM_ENSEMBLE_Corn_Winter_PRCP_DEP/cumulative dia 07 (2026-07-31 → 2026-08-07) 39336 bytes
2026-07-31 08:52:54,604 [INFO] [OK] Argentina/ECM_ENSEMBLE_Corn_Winter_PRCP_DEP/cumulative dia 08 (2026-07-31 → 2026-08-08) 39375 bytes
2026-07-31 08:52:54,921 [INFO] [OK] Argentina/ECM_ENSEMBLE_Corn_Winter_PRCP_DEP/cumulative dia 09 (2026-07-31 → 2026-08-09) 40022 bytes
2026-07-31 08:52:55,298 [INFO] [OK] Argentina/ECM_ENSEMBLE_Corn_Winter_PRCP_DEP/cumulative dia 10 (2026-07-31 → 2026-08-10) 39936 bytes
2026-07-31 08:52:55,449 [INFO] [OK] Argentina/ECM_ENSEMBLE_Corn_Winter_PRCP_DEP/cumulative dia 11 (2026-07-31 → 2026-08-11) 40296 bytes
2026-07-31 08:52:55,494 [INFO] [OK] Argentina/ECM_ENSEMBLE_Corn_Winter_PRCP_DEP/cumulative dia 12 (2026-07-31 → 2026-08-12) 40542 bytes
2026-07-31 08:52:55,957 [INFO] [OK] Argentina/ECM_ENSEMBLE_Corn_Winter_PRCP/daily dia 00 (2026-07-31 → 2026-07-31) 27998 bytes
2026-07-31 08:52:56,104 [INFO] [OK] Argentina/ECM_ENSEMBLE_Corn_Winter_PRCP_DEP/cumulative dia 13 (2026-07-31 → 2026-08-13) 40247 bytes
2026-07-31 08:52:56,271 [INFO] [OK] Argentina/ECM_ENSEMBLE_Corn_Winter_PRCP_DEP/cumulative dia 14 (2026-07-31 → 2026-08-14) 40605 bytes
2026-07-31 08:52:56,378 [INFO] [OK] Argentina/ECM_ENSEMBLE_Corn_Winter_PRCP/daily dia 01 (2026-08-01 → 2026-08-01) 29302 bytes
2026-07-31 08:52:56,486 [INFO] [OK] Argentina/ECM_ENSEMBLE_Corn_Winter_PRCP/daily dia 03 (2026-08-03 → 2026-08-03) 27794 bytes
2026-07-31 08:52:56,496 [INFO] [OK] Argentina/ECM_ENSEMBLE_Corn_Winter_PRCP/daily dia 02 (2026-08-02 → 2026-08-02) 26788 bytes
2026-07-31 08:52:57,006 [INFO] [OK] Argentina/ECM_ENSEMBLE_Corn_Winter_PRCP/daily dia 04 (2026-08-04 → 2026-08-04) 27223 bytes
2026-07-31 08:52:57,133 [INFO] [OK] Argentina/ECM_ENSEMBLE_Corn_Winter_PRCP/daily dia 05 (2026-08-05 → 2026-08-05) 27599 bytes
2026-07-31 08:52:57,242 [INFO] [OK] Argentina/ECM_ENSEMBLE_Corn_Winter_PRCP/daily dia 06 (2026-08-06 → 2026-08-06) 27156 bytes
2026-07-31 08:52:57,435 [INFO] [OK] Argentina/ECM_ENSEMBLE_Corn_Winter_PRCP/daily dia 09 (2026-08-09 → 2026-08-09) 25599 bytes
2026-07-31 08:52:57,476 [INFO] [OK] Argentina/ECM_ENSEMBLE_Corn_Winter_PRCP/daily dia 07 (2026-08-07 → 2026-08-07) 25780 bytes
2026-07-31 08:52:57,532 [INFO] [OK] Argentina/ECM_ENSEMBLE_Corn_Winter_PRCP/daily dia 08 (2026-08-08 → 2026-08-08) 25903 bytes
2026-07-31 08:52:57,955 [INFO] [OK] Argentina/ECM_ENSEMBLE_Corn_Winter_PRCP/daily dia 10 (2026-08-10 → 2026-08-10) 25459 bytes
2026-07-31 08:52:58,085 [INFO] [OK] Argentina/ECM_ENSEMBLE_Corn_Winter_PRCP/daily dia 11 (2026-08-11 → 2026-08-11) 26115 bytes
2026-07-31 08:52:58,234 [INFO] [OK] Argentina/ECM_ENSEMBLE_Corn_Winter_PRCP/daily dia 12 (2026-08-12 → 2026-08-12) 26402 bytes
2026-07-31 08:52:58,401 [INFO] [OK] Argentina/ECM_ENSEMBLE_Corn_Winter_PRCP/daily dia 13 (2026-08-13 → 2026-08-13) 26825 bytes
2026-07-31 08:52:58,495 [INFO] [OK] Argentina/ECM_ENSEMBLE_Corn_Winter_PRCP/daily dia 14 (2026-08-14 → 2026-08-14) 26251 bytes
2026-07-31 08:52:58,496 [INFO] [OK] Argentina/ECM_ENSEMBLE_Corn_Winter_PRCP/cumulative dia 00 (2026-07-31 → 2026-07-31) 27998 bytes
2026-07-31 08:52:59,089 [INFO] [OK] Argentina/ECM_ENSEMBLE_Corn_Winter_PRCP/cumulative dia 01 (2026-07-31 → 2026-08-01) 31129 bytes
2026-07-31 08:52:59,203 [INFO] [OK] Argentina/ECM_ENSEMBLE_Corn_Winter_PRCP/cumulative dia 02 (2026-07-31 → 2026-08-02) 32057 bytes
2026-07-31 08:52:59,402 [INFO] [OK] Argentina/ECM_ENSEMBLE_Corn_Winter_PRCP/cumulative dia 03 (2026-07-31 → 2026-08-03) 33052 bytes
2026-07-31 08:52:59,596 [INFO] [OK] Argentina/ECM_ENSEMBLE_Corn_Winter_PRCP/cumulative dia 04 (2026-07-31 → 2026-08-04) 33709 bytes
2026-07-31 08:52:59,741 [INFO] [OK] Argentina/ECM_ENSEMBLE_Corn_Winter_PRCP/cumulative dia 05 (2026-07-31 → 2026-08-05) 34273 bytes
2026-07-31 08:52:59,819 [INFO] [OK] Argentina/ECM_ENSEMBLE_Corn_Winter_PRCP/cumulative dia 06 (2026-07-31 → 2026-08-06) 35145 bytes
2026-07-31 08:53:00,448 [INFO] [OK] Argentina/ECM_ENSEMBLE_Corn_Winter_PRCP/cumulative dia 07 (2026-07-31 → 2026-08-07) 35370 bytes
2026-07-31 08:53:00,549 [INFO] [OK] Argentina/ECM_ENSEMBLE_Corn_Winter_PRCP/cumulative dia 08 (2026-07-31 → 2026-08-08) 35644 bytes
2026-07-31 08:53:00,942 [INFO] [OK] Argentina/ECM_ENSEMBLE_Corn_Winter_PRCP/cumulative dia 09 (2026-07-31 → 2026-08-09) 35771 bytes
2026-07-31 08:53:01,084 [INFO] [OK] Argentina/ECM_ENSEMBLE_Corn_Winter_PRCP/cumulative dia 10 (2026-07-31 → 2026-08-10) 36271 bytes
2026-07-31 08:53:01,317 [INFO] [OK] Argentina/ECM_ENSEMBLE_Corn_Winter_PRCP/cumulative dia 11 (2026-07-31 → 2026-08-11) 36784 bytes
2026-07-31 08:53:01,474 [INFO] [OK] Argentina/ECM_ENSEMBLE_Corn_Winter_PRCP/cumulative dia 12 (2026-07-31 → 2026-08-12) 36773 bytes
2026-07-31 08:53:02,113 [INFO] [OK] Argentina/ECM_ENSEMBLE_Corn_Winter_PRCP/cumulative dia 13 (2026-07-31 → 2026-08-13) 37352 bytes
2026-07-31 08:53:02,240 [INFO] [OK] Argentina/ECM_ENSEMBLE_Corn_Winter_PRCP/cumulative dia 14 (2026-07-31 → 2026-08-14) 37822 bytes
2026-07-31 08:53:02,607 [INFO] [OK] USA/GFS_ENSEMBLE_Corn_PRCP_DEP/daily dia 00 (2026-07-31 → 2026-07-31) 48326 bytes
2026-07-31 08:53:02,623 [INFO] [OK] USA/GFS_ENSEMBLE_Corn_PRCP_DEP/daily dia 01 (2026-08-01 → 2026-08-01) 48591 bytes
2026-07-31 08:53:03,103 [INFO] [OK] USA/GFS_ENSEMBLE_Corn_PRCP_DEP/daily dia 02 (2026-08-02 → 2026-08-02) 45260 bytes
2026-07-31 08:53:03,106 [INFO] [OK] USA/GFS_ENSEMBLE_Corn_PRCP_DEP/daily dia 03 (2026-08-03 → 2026-08-03) 48500 bytes
2026-07-31 08:53:03,831 [INFO] [OK] USA/GFS_ENSEMBLE_Corn_PRCP_DEP/daily dia 04 (2026-08-04 → 2026-08-04) 52581 bytes
2026-07-31 08:53:04,138 [INFO] [OK] USA/GFS_ENSEMBLE_Corn_PRCP_DEP/daily dia 05 (2026-08-05 → 2026-08-05) 52786 bytes
2026-07-31 08:53:04,218 [INFO] [OK] USA/GFS_ENSEMBLE_Corn_PRCP_DEP/daily dia 06 (2026-08-06 → 2026-08-06) 56758 bytes
2026-07-31 08:53:04,262 [INFO] [OK] USA/GFS_ENSEMBLE_Corn_PRCP_DEP/daily dia 07 (2026-08-07 → 2026-08-07) 55481 bytes
2026-07-31 08:53:04,816 [INFO] [OK] USA/GFS_ENSEMBLE_Corn_PRCP_DEP/daily dia 09 (2026-08-09 → 2026-08-09) 57242 bytes
2026-07-31 08:53:04,941 [INFO] [OK] USA/GFS_ENSEMBLE_Corn_PRCP_DEP/daily dia 08 (2026-08-08 → 2026-08-08) 55947 bytes
2026-07-31 08:53:05,527 [INFO] [OK] USA/GFS_ENSEMBLE_Corn_PRCP_DEP/daily dia 10 (2026-08-10 → 2026-08-10) 57863 bytes
2026-07-31 08:53:05,931 [INFO] [OK] USA/GFS_ENSEMBLE_Corn_PRCP_DEP/daily dia 12 (2026-08-12 → 2026-08-12) 57678 bytes
2026-07-31 08:53:05,951 [INFO] [OK] USA/GFS_ENSEMBLE_Corn_PRCP_DEP/daily dia 13 (2026-08-13 → 2026-08-13) 58776 bytes
2026-07-31 08:53:05,971 [INFO] [OK] USA/GFS_ENSEMBLE_Corn_PRCP_DEP/daily dia 11 (2026-08-11 → 2026-08-11) 57725 bytes
2026-07-31 08:53:06,495 [INFO] [OK] USA/GFS_ENSEMBLE_Corn_PRCP_DEP/daily dia 14 (2026-08-14 → 2026-08-14) 60715 bytes
2026-07-31 08:53:06,745 [INFO] [OK] USA/GFS_ENSEMBLE_Corn_PRCP_DEP/cumulative dia 00 (2026-07-31 → 2026-07-31) 48326 bytes
2026-07-31 08:53:07,254 [INFO] [OK] USA/GFS_ENSEMBLE_Corn_PRCP_DEP/cumulative dia 01 (2026-07-31 → 2026-08-01) 52259 bytes
2026-07-31 08:53:07,771 [INFO] [OK] USA/GFS_ENSEMBLE_Corn_PRCP_DEP/cumulative dia 02 (2026-07-31 → 2026-08-02) 53236 bytes
2026-07-31 08:53:07,895 [INFO] [OK] USA/GFS_ENSEMBLE_Corn_PRCP_DEP/cumulative dia 03 (2026-07-31 → 2026-08-03) 53396 bytes
2026-07-31 08:53:08,128 [INFO] [OK] USA/GFS_ENSEMBLE_Corn_PRCP_DEP/cumulative dia 04 (2026-07-31 → 2026-08-04) 53826 bytes
2026-07-31 08:53:08,576 [INFO] [OK] USA/GFS_ENSEMBLE_Corn_PRCP_DEP/cumulative dia 05 (2026-07-31 → 2026-08-05) 53851 bytes
2026-07-31 08:53:09,074 [INFO] [OK] USA/GFS_ENSEMBLE_Corn_PRCP_DEP/cumulative dia 06 (2026-07-31 → 2026-08-06) 54563 bytes
2026-07-31 08:53:09,601 [INFO] [OK] USA/GFS_ENSEMBLE_Corn_PRCP_DEP/cumulative dia 07 (2026-07-31 → 2026-08-07) 55076 bytes
2026-07-31 08:53:10,169 [INFO] [OK] USA/GFS_ENSEMBLE_Corn_PRCP_DEP/cumulative dia 08 (2026-07-31 → 2026-08-08) 55176 bytes
2026-07-31 08:53:10,382 [INFO] [OK] USA/GFS_ENSEMBLE_Corn_PRCP_DEP/cumulative dia 09 (2026-07-31 → 2026-08-09) 55659 bytes
2026-07-31 08:53:10,837 [INFO] [OK] USA/GFS_ENSEMBLE_Corn_PRCP_DEP/cumulative dia 10 (2026-07-31 → 2026-08-10) 55550 bytes
2026-07-31 08:53:11,259 [INFO] [OK] USA/GFS_ENSEMBLE_Corn_PRCP_DEP/cumulative dia 11 (2026-07-31 → 2026-08-11) 56035 bytes
2026-07-31 08:53:11,910 [INFO] [OK] USA/GFS_ENSEMBLE_Corn_PRCP/daily dia 00 (2026-07-31 → 2026-07-31) 38464 bytes
2026-07-31 08:53:11,965 [INFO] [OK] USA/GFS_ENSEMBLE_Corn_PRCP_DEP/cumulative dia 12 (2026-07-31 → 2026-08-12) 56858 bytes
2026-07-31 08:53:12,320 [INFO] [OK] USA/GFS_ENSEMBLE_Corn_PRCP/daily dia 01 (2026-08-01 → 2026-08-01) 37821 bytes
2026-07-31 08:53:12,391 [INFO] [OK] USA/GFS_ENSEMBLE_Corn_PRCP_DEP/cumulative dia 13 (2026-07-31 → 2026-08-13) 57434 bytes
2026-07-31 08:53:12,782 [INFO] [OK] USA/GFS_ENSEMBLE_Corn_PRCP/daily dia 02 (2026-08-02 → 2026-08-02) 36746 bytes
2026-07-31 08:53:13,010 [INFO] [OK] USA/GFS_ENSEMBLE_Corn_PRCP_DEP/cumulative dia 14 (2026-07-31 → 2026-08-14) 58068 bytes
2026-07-31 08:53:13,425 [INFO] [OK] USA/GFS_ENSEMBLE_Corn_PRCP/daily dia 03 (2026-08-03 → 2026-08-03) 35849 bytes
2026-07-31 08:53:13,900 [INFO] [OK] USA/GFS_ENSEMBLE_Corn_PRCP/daily dia 04 (2026-08-04 → 2026-08-04) 36188 bytes
2026-07-31 08:53:13,901 [INFO] [OK] USA/GFS_ENSEMBLE_Corn_PRCP/daily dia 05 (2026-08-05 → 2026-08-05) 35813 bytes
2026-07-31 08:53:13,948 [INFO] [OK] USA/GFS_ENSEMBLE_Corn_PRCP/daily dia 06 (2026-08-06 → 2026-08-06) 36244 bytes
2026-07-31 08:53:14,392 [INFO] [OK] USA/GFS_ENSEMBLE_Corn_PRCP/daily dia 07 (2026-08-07 → 2026-08-07) 35887 bytes
2026-07-31 08:53:14,595 [INFO] [OK] USA/GFS_ENSEMBLE_Corn_PRCP/daily dia 08 (2026-08-08 → 2026-08-08) 35625 bytes
2026-07-31 08:53:14,948 [INFO] [OK] USA/GFS_ENSEMBLE_Corn_PRCP/daily dia 09 (2026-08-09 → 2026-08-09) 35702 bytes
2026-07-31 08:53:15,441 [INFO] [OK] USA/GFS_ENSEMBLE_Corn_PRCP/daily dia 11 (2026-08-11 → 2026-08-11) 35614 bytes
2026-07-31 08:53:15,466 [INFO] [OK] USA/GFS_ENSEMBLE_Corn_PRCP/daily dia 12 (2026-08-12 → 2026-08-12) 36418 bytes
2026-07-31 08:53:15,525 [INFO] [OK] USA/GFS_ENSEMBLE_Corn_PRCP/daily dia 10 (2026-08-10 → 2026-08-10) 35670 bytes
2026-07-31 08:53:15,903 [INFO] [OK] USA/GFS_ENSEMBLE_Corn_PRCP/daily dia 13 (2026-08-13 → 2026-08-13) 36365 bytes
2026-07-31 08:53:16,132 [INFO] [OK] USA/GFS_ENSEMBLE_Corn_PRCP/daily dia 14 (2026-08-14 → 2026-08-14) 35947 bytes
2026-07-31 08:53:16,599 [INFO] [OK] USA/GFS_ENSEMBLE_Corn_PRCP/cumulative dia 00 (2026-07-31 → 2026-07-31) 38464 bytes
2026-07-31 08:53:17,115 [INFO] [OK] USA/GFS_ENSEMBLE_Corn_PRCP/cumulative dia 01 (2026-07-31 → 2026-08-01) 41701 bytes
2026-07-31 08:53:17,229 [INFO] [OK] USA/GFS_ENSEMBLE_Corn_PRCP/cumulative dia 02 (2026-07-31 → 2026-08-02) 43252 bytes
2026-07-31 08:53:17,331 [INFO] [OK] USA/GFS_ENSEMBLE_Corn_PRCP/cumulative dia 03 (2026-07-31 → 2026-08-03) 43802 bytes
2026-07-31 08:53:17,832 [INFO] [OK] USA/GFS_ENSEMBLE_Corn_PRCP/cumulative dia 04 (2026-07-31 → 2026-08-04) 44646 bytes
2026-07-31 08:53:18,412 [INFO] [OK] USA/GFS_ENSEMBLE_Corn_PRCP/cumulative dia 05 (2026-07-31 → 2026-08-05) 44681 bytes
2026-07-31 08:53:18,728 [INFO] [OK] USA/GFS_ENSEMBLE_Corn_PRCP/cumulative dia 06 (2026-07-31 → 2026-08-06) 45904 bytes
2026-07-31 08:53:19,383 [INFO] [OK] USA/GFS_ENSEMBLE_Corn_PRCP/cumulative dia 07 (2026-07-31 → 2026-08-07) 46451 bytes
2026-07-31 08:53:19,695 [INFO] [OK] USA/GFS_ENSEMBLE_Corn_PRCP/cumulative dia 08 (2026-07-31 → 2026-08-08) 47327 bytes
2026-07-31 08:53:19,934 [INFO] [OK] USA/GFS_ENSEMBLE_Corn_PRCP/cumulative dia 09 (2026-07-31 → 2026-08-09) 48275 bytes
2026-07-31 08:53:20,426 [INFO] [OK] USA/GFS_ENSEMBLE_Corn_PRCP/cumulative dia 10 (2026-07-31 → 2026-08-10) 48222 bytes
2026-07-31 08:53:21,054 [INFO] [OK] USA/GFS_ENSEMBLE_Corn_PRCP/cumulative dia 11 (2026-07-31 → 2026-08-11) 48211 bytes
2026-07-31 08:53:21,433 [INFO] [OK] USA/GFS_ENSEMBLE_Corn_PRCP/cumulative dia 12 (2026-07-31 → 2026-08-12) 48655 bytes
2026-07-31 08:53:21,709 [INFO] [OK] USA/GFS_ENSEMBLE_Soy_PRCP_DEP/daily dia 00 (2026-07-31 → 2026-07-31) 47995 bytes
2026-07-31 08:53:21,949 [INFO] [OK] USA/GFS_ENSEMBLE_Soy_PRCP_DEP/daily dia 01 (2026-08-01 → 2026-08-01) 48071 bytes
2026-07-31 08:53:22,336 [INFO] [OK] USA/GFS_ENSEMBLE_Corn_PRCP/cumulative dia 13 (2026-07-31 → 2026-08-13) 49072 bytes
2026-07-31 08:53:22,635 [INFO] [OK] USA/GFS_ENSEMBLE_Soy_PRCP_DEP/daily dia 02 (2026-08-02 → 2026-08-02) 45030 bytes
2026-07-31 08:53:22,778 [INFO] [OK] USA/GFS_ENSEMBLE_Corn_PRCP/cumulative dia 14 (2026-07-31 → 2026-08-14) 49190 bytes
2026-07-31 08:53:23,129 [INFO] [OK] USA/GFS_ENSEMBLE_Soy_PRCP_DEP/daily dia 03 (2026-08-03 → 2026-08-03) 48108 bytes
2026-07-31 08:53:23,427 [INFO] [OK] USA/GFS_ENSEMBLE_Soy_PRCP_DEP/daily dia 04 (2026-08-04 → 2026-08-04) 52387 bytes
2026-07-31 08:53:23,534 [INFO] [OK] USA/GFS_ENSEMBLE_Soy_PRCP_DEP/daily dia 05 (2026-08-05 → 2026-08-05) 52691 bytes
2026-07-31 08:53:24,103 [INFO] [OK] USA/GFS_ENSEMBLE_Soy_PRCP_DEP/daily dia 06 (2026-08-06 → 2026-08-06) 56383 bytes
2026-07-31 08:53:24,193 [INFO] [OK] USA/GFS_ENSEMBLE_Soy_PRCP_DEP/daily dia 07 (2026-08-07 → 2026-08-07) 55120 bytes
2026-07-31 08:53:24,565 [INFO] [OK] USA/GFS_ENSEMBLE_Soy_PRCP_DEP/daily dia 08 (2026-08-08 → 2026-08-08) 55723 bytes
2026-07-31 08:53:24,803 [INFO] [OK] USA/GFS_ENSEMBLE_Soy_PRCP_DEP/daily dia 09 (2026-08-09 → 2026-08-09) 57011 bytes
2026-07-31 08:53:25,180 [INFO] [OK] USA/GFS_ENSEMBLE_Soy_PRCP_DEP/daily dia 11 (2026-08-11 → 2026-08-11) 57288 bytes
2026-07-31 08:53:25,257 [INFO] [OK] USA/GFS_ENSEMBLE_Soy_PRCP_DEP/daily dia 10 (2026-08-10 → 2026-08-10) 57473 bytes
2026-07-31 08:53:25,847 [INFO] [OK] USA/GFS_ENSEMBLE_Soy_PRCP_DEP/daily dia 13 (2026-08-13 → 2026-08-13) 58508 bytes
2026-07-31 08:53:25,877 [INFO] [OK] USA/GFS_ENSEMBLE_Soy_PRCP_DEP/daily dia 12 (2026-08-12 → 2026-08-12) 57686 bytes
2026-07-31 08:53:26,368 [INFO] [OK] USA/GFS_ENSEMBLE_Soy_PRCP_DEP/cumulative dia 00 (2026-07-31 → 2026-07-31) 47995 bytes
2026-07-31 08:53:26,432 [INFO] [OK] USA/GFS_ENSEMBLE_Soy_PRCP_DEP/daily dia 14 (2026-08-14 → 2026-08-14) 60551 bytes
2026-07-31 08:53:26,907 [INFO] [OK] USA/GFS_ENSEMBLE_Soy_PRCP_DEP/cumulative dia 01 (2026-07-31 → 2026-08-01) 51903 bytes
2026-07-31 08:53:27,207 [INFO] [OK] USA/GFS_ENSEMBLE_Soy_PRCP_DEP/cumulative dia 02 (2026-07-31 → 2026-08-02) 52844 bytes
2026-07-31 08:53:27,699 [INFO] [OK] USA/GFS_ENSEMBLE_Soy_PRCP_DEP/cumulative dia 03 (2026-07-31 → 2026-08-03) 53011 bytes
2026-07-31 08:53:28,083 [INFO] [OK] USA/GFS_ENSEMBLE_Soy_PRCP_DEP/cumulative dia 04 (2026-07-31 → 2026-08-04) 53512 bytes
2026-07-31 08:53:28,520 [INFO] [OK] USA/GFS_ENSEMBLE_Soy_PRCP_DEP/cumulative dia 05 (2026-07-31 → 2026-08-05) 53710 bytes
2026-07-31 08:53:28,723 [INFO] [OK] USA/GFS_ENSEMBLE_Soy_PRCP_DEP/cumulative dia 06 (2026-07-31 → 2026-08-06) 54094 bytes
2026-07-31 08:53:29,208 [INFO] [OK] USA/GFS_ENSEMBLE_Soy_PRCP_DEP/cumulative dia 07 (2026-07-31 → 2026-08-07) 54722 bytes
2026-07-31 08:53:29,697 [INFO] [OK] USA/GFS_ENSEMBLE_Soy_PRCP_DEP/cumulative dia 08 (2026-07-31 → 2026-08-08) 54822 bytes
2026-07-31 08:53:30,206 [INFO] [OK] USA/GFS_ENSEMBLE_Soy_PRCP_DEP/cumulative dia 09 (2026-07-31 → 2026-08-09) 55047 bytes
2026-07-31 08:53:30,823 [INFO] [OK] USA/GFS_ENSEMBLE_Soy_PRCP_DEP/cumulative dia 10 (2026-07-31 → 2026-08-10) 55070 bytes
2026-07-31 08:53:31,270 [INFO] [OK] USA/GFS_ENSEMBLE_Soy_PRCP_DEP/cumulative dia 11 (2026-07-31 → 2026-08-11) 55389 bytes
2026-07-31 08:53:31,486 [INFO] [OK] USA/GFS_ENSEMBLE_Soy_PRCP_DEP/cumulative dia 12 (2026-07-31 → 2026-08-12) 56347 bytes
2026-07-31 08:53:31,757 [INFO] [OK] USA/GFS_ENSEMBLE_Soy_PRCP/daily dia 00 (2026-07-31 → 2026-07-31) 38058 bytes
2026-07-31 08:53:32,001 [INFO] [OK] USA/GFS_ENSEMBLE_Soy_PRCP_DEP/cumulative dia 13 (2026-07-31 → 2026-08-13) 56909 bytes
2026-07-31 08:53:32,345 [INFO] [OK] USA/GFS_ENSEMBLE_Soy_PRCP/daily dia 01 (2026-08-01 → 2026-08-01) 37405 bytes
2026-07-31 08:53:32,706 [INFO] [OK] USA/GFS_ENSEMBLE_Soy_PRCP_DEP/cumulative dia 14 (2026-07-31 → 2026-08-14) 57481 bytes
2026-07-31 08:53:32,784 [INFO] [OK] USA/GFS_ENSEMBLE_Soy_PRCP/daily dia 02 (2026-08-02 → 2026-08-02) 36424 bytes
2026-07-31 08:53:33,023 [INFO] [OK] USA/GFS_ENSEMBLE_Soy_PRCP/daily dia 03 (2026-08-03 → 2026-08-03) 35483 bytes
2026-07-31 08:53:33,411 [INFO] [OK] USA/GFS_ENSEMBLE_Soy_PRCP/daily dia 04 (2026-08-04 → 2026-08-04) 35829 bytes
2026-07-31 08:53:33,587 [INFO] [OK] USA/GFS_ENSEMBLE_Soy_PRCP/daily dia 05 (2026-08-05 → 2026-08-05) 35418 bytes
2026-07-31 08:53:33,824 [INFO] [OK] USA/GFS_ENSEMBLE_Soy_PRCP/daily dia 06 (2026-08-06 → 2026-08-06) 35823 bytes
2026-07-31 08:53:34,284 [INFO] [OK] USA/GFS_ENSEMBLE_Soy_PRCP/daily dia 08 (2026-08-08 → 2026-08-08) 35250 bytes
2026-07-31 08:53:34,629 [INFO] [OK] USA/GFS_ENSEMBLE_Soy_PRCP/daily dia 07 (2026-08-07 → 2026-08-07) 35428 bytes
2026-07-31 08:53:34,677 [INFO] [OK] USA/GFS_ENSEMBLE_Soy_PRCP/daily dia 09 (2026-08-09 → 2026-08-09) 35326 bytes
2026-07-31 08:53:35,173 [INFO] [OK] USA/GFS_ENSEMBLE_Soy_PRCP/daily dia 11 (2026-08-11 → 2026-08-11) 35160 bytes
2026-07-31 08:53:35,222 [INFO] [OK] USA/GFS_ENSEMBLE_Soy_PRCP/daily dia 10 (2026-08-10 → 2026-08-10) 35167 bytes
2026-07-31 08:53:35,294 [INFO] [OK] USA/GFS_ENSEMBLE_Soy_PRCP/daily dia 12 (2026-08-12 → 2026-08-12) 36028 bytes
2026-07-31 08:53:35,790 [INFO] [OK] USA/GFS_ENSEMBLE_Soy_PRCP/daily dia 13 (2026-08-13 → 2026-08-13) 35969 bytes
2026-07-31 08:53:36,185 [INFO] [OK] USA/GFS_ENSEMBLE_Soy_PRCP/daily dia 14 (2026-08-14 → 2026-08-14) 35518 bytes
2026-07-31 08:53:36,276 [INFO] [OK] USA/GFS_ENSEMBLE_Soy_PRCP/cumulative dia 00 (2026-07-31 → 2026-07-31) 38058 bytes
2026-07-31 08:53:36,830 [INFO] [OK] USA/GFS_ENSEMBLE_Soy_PRCP/cumulative dia 01 (2026-07-31 → 2026-08-01) 41264 bytes
2026-07-31 08:53:36,935 [INFO] [OK] USA/GFS_ENSEMBLE_Soy_PRCP/cumulative dia 02 (2026-07-31 → 2026-08-02) 42627 bytes
2026-07-31 08:53:37,177 [INFO] [OK] USA/GFS_ENSEMBLE_Soy_PRCP/cumulative dia 03 (2026-07-31 → 2026-08-03) 43408 bytes
2026-07-31 08:53:37,691 [INFO] [OK] USA/GFS_ENSEMBLE_Soy_PRCP/cumulative dia 04 (2026-07-31 → 2026-08-04) 44258 bytes
2026-07-31 08:53:38,273 [INFO] [OK] USA/GFS_ENSEMBLE_Soy_PRCP/cumulative dia 05 (2026-07-31 → 2026-08-05) 44355 bytes
2026-07-31 08:53:38,501 [INFO] [OK] USA/GFS_ENSEMBLE_Soy_PRCP/cumulative dia 06 (2026-07-31 → 2026-08-06) 45565 bytes
2026-07-31 08:53:39,210 [INFO] [OK] USA/GFS_ENSEMBLE_Soy_PRCP/cumulative dia 07 (2026-07-31 → 2026-08-07) 46054 bytes
2026-07-31 08:53:39,292 [INFO] [OK] USA/GFS_ENSEMBLE_Soy_PRCP/cumulative dia 08 (2026-07-31 → 2026-08-08) 46788 bytes
2026-07-31 08:53:39,634 [INFO] [OK] USA/GFS_ENSEMBLE_Soy_PRCP/cumulative dia 09 (2026-07-31 → 2026-08-09) 47910 bytes
2026-07-31 08:53:40,158 [INFO] [OK] USA/GFS_ENSEMBLE_Soy_PRCP/cumulative dia 10 (2026-07-31 → 2026-08-10) 47744 bytes
2026-07-31 08:53:42,120 [INFO] [OK] USA/GFS_ENSEMBLE_Soy_PRCP/cumulative dia 11 (2026-07-31 → 2026-08-11) 47805 bytes
2026-07-31 08:53:43,392 [INFO] [OK] USA/GFS_ENSEMBLE_Wheat_Winter_PRCP_DEP/daily dia 00 (2026-07-31 → 2026-07-31) 49879 bytes
2026-07-31 08:53:43,737 [INFO] [OK] USA/GFS_ENSEMBLE_Soy_PRCP/cumulative dia 12 (2026-07-31 → 2026-08-12) 48204 bytes
2026-07-31 08:53:44,496 [INFO] [OK] USA/GFS_ENSEMBLE_Wheat_Winter_PRCP_DEP/daily dia 01 (2026-08-01 → 2026-08-01) 49675 bytes
2026-07-31 08:53:44,630 [INFO] [OK] USA/GFS_ENSEMBLE_Wheat_Winter_PRCP_DEP/daily dia 02 (2026-08-02 → 2026-08-02) 46620 bytes
2026-07-31 08:53:44,851 [INFO] [OK] USA/GFS_ENSEMBLE_Soy_PRCP/cumulative dia 13 (2026-07-31 → 2026-08-13) 48738 bytes
2026-07-31 08:53:44,855 [INFO] [OK] USA/GFS_ENSEMBLE_Soy_PRCP/cumulative dia 14 (2026-07-31 → 2026-08-14) 48899 bytes
2026-07-31 08:53:45,092 [INFO] [OK] USA/GFS_ENSEMBLE_Wheat_Winter_PRCP_DEP/daily dia 03 (2026-08-03 → 2026-08-03) 49668 bytes
2026-07-31 08:53:45,331 [INFO] [OK] USA/GFS_ENSEMBLE_Wheat_Winter_PRCP_DEP/daily dia 04 (2026-08-04 → 2026-08-04) 53853 bytes
2026-07-31 08:53:46,128 [INFO] [OK] USA/GFS_ENSEMBLE_Wheat_Winter_PRCP_DEP/daily dia 05 (2026-08-05 → 2026-08-05) 54031 bytes
2026-07-31 08:53:46,458 [INFO] [OK] USA/GFS_ENSEMBLE_Wheat_Winter_PRCP_DEP/daily dia 07 (2026-08-07 → 2026-08-07) 56808 bytes
2026-07-31 08:53:46,475 [INFO] [OK] USA/GFS_ENSEMBLE_Wheat_Winter_PRCP_DEP/daily dia 06 (2026-08-06 → 2026-08-06) 58121 bytes
2026-07-31 08:53:46,543 [INFO] [OK] USA/GFS_ENSEMBLE_Wheat_Winter_PRCP_DEP/daily dia 08 (2026-08-08 → 2026-08-08) 57558 bytes
2026-07-31 08:53:46,961 [INFO] [OK] USA/GFS_ENSEMBLE_Wheat_Winter_PRCP_DEP/daily dia 09 (2026-08-09 → 2026-08-09) 58650 bytes
2026-07-31 08:53:47,171 [INFO] [OK] USA/GFS_ENSEMBLE_Wheat_Winter_PRCP_DEP/daily dia 10 (2026-08-10 → 2026-08-10) 59136 bytes
2026-07-31 08:53:47,847 [INFO] [OK] USA/GFS_ENSEMBLE_Wheat_Winter_PRCP_DEP/daily dia 11 (2026-08-11 → 2026-08-11) 59155 bytes
2026-07-31 08:53:48,087 [INFO] [OK] USA/GFS_ENSEMBLE_Wheat_Winter_PRCP_DEP/daily dia 12 (2026-08-12 → 2026-08-12) 59263 bytes
2026-07-31 08:53:49,238 [INFO] [OK] USA/GFS_ENSEMBLE_Wheat_Winter_PRCP_DEP/daily dia 13 (2026-08-13 → 2026-08-13) 60124 bytes
2026-07-31 08:53:49,239 [INFO] [OK] USA/GFS_ENSEMBLE_Wheat_Winter_PRCP_DEP/cumulative dia 00 (2026-07-31 → 2026-07-31) 49879 bytes
2026-07-31 08:53:49,239 [INFO] [OK] USA/GFS_ENSEMBLE_Wheat_Winter_PRCP_DEP/daily dia 14 (2026-08-14 → 2026-08-14) 61793 bytes
2026-07-31 08:53:49,243 [INFO] [OK] USA/GFS_ENSEMBLE_Wheat_Winter_PRCP_DEP/cumulative dia 01 (2026-07-31 → 2026-08-01) 53789 bytes
2026-07-31 08:53:49,595 [INFO] [OK] USA/GFS_ENSEMBLE_Wheat_Winter_PRCP_DEP/cumulative dia 02 (2026-07-31 → 2026-08-02) 54223 bytes
2026-07-31 08:53:49,924 [INFO] [OK] USA/GFS_ENSEMBLE_Wheat_Winter_PRCP_DEP/cumulative dia 03 (2026-07-31 → 2026-08-03) 54484 bytes
2026-07-31 08:53:51,677 [INFO] [OK] USA/GFS_ENSEMBLE_Wheat_Winter_PRCP_DEP/cumulative dia 04 (2026-07-31 → 2026-08-04) 54903 bytes
2026-07-31 08:53:51,954 [INFO] [OK] USA/GFS_ENSEMBLE_Wheat_Winter_PRCP_DEP/cumulative dia 05 (2026-07-31 → 2026-08-05) 55078 bytes
2026-07-31 08:53:51,964 [INFO] [OK] USA/GFS_ENSEMBLE_Wheat_Winter_PRCP_DEP/cumulative dia 07 (2026-07-31 → 2026-08-07) 56340 bytes
2026-07-31 08:53:52,840 [INFO] [OK] USA/GFS_ENSEMBLE_Wheat_Winter_PRCP_DEP/cumulative dia 08 (2026-07-31 → 2026-08-08) 56637 bytes
2026-07-31 08:53:52,845 [INFO] [OK] USA/GFS_ENSEMBLE_Wheat_Winter_PRCP_DEP/cumulative dia 06 (2026-07-31 → 2026-08-06) 55818 bytes
2026-07-31 08:53:52,852 [INFO] [OK] USA/GFS_ENSEMBLE_Wheat_Winter_PRCP_DEP/cumulative dia 09 (2026-07-31 → 2026-08-09) 56836 bytes
2026-07-31 08:53:54,271 [INFO] [OK] USA/GFS_ENSEMBLE_Wheat_Winter_PRCP_DEP/cumulative dia 10 (2026-07-31 → 2026-08-10) 56719 bytes
2026-07-31 08:53:55,835 [INFO] [OK] USA/GFS_ENSEMBLE_Wheat_Winter_PRCP_DEP/cumulative dia 12 (2026-07-31 → 2026-08-12) 57853 bytes
2026-07-31 08:53:55,837 [INFO] [OK] USA/GFS_ENSEMBLE_Wheat_Winter_PRCP_DEP/cumulative dia 11 (2026-07-31 → 2026-08-11) 57294 bytes
2026-07-31 08:53:55,838 [INFO] [OK] USA/GFS_ENSEMBLE_Wheat_Winter_PRCP_DEP/cumulative dia 13 (2026-07-31 → 2026-08-13) 58442 bytes
2026-07-31 08:53:56,035 [INFO] [OK] USA/GFS_ENSEMBLE_Wheat_Winter_PRCP/daily dia 00 (2026-07-31 → 2026-07-31) 39777 bytes
2026-07-31 08:53:56,042 [INFO] [OK] USA/GFS_ENSEMBLE_Wheat_Winter_PRCP/daily dia 01 (2026-08-01 → 2026-08-01) 38961 bytes
2026-07-31 08:53:56,054 [INFO] [OK] USA/GFS_ENSEMBLE_Wheat_Winter_PRCP_DEP/cumulative dia 14 (2026-07-31 → 2026-08-14) 59102 bytes
2026-07-31 08:53:57,576 [INFO] [OK] USA/GFS_ENSEMBLE_Wheat_Winter_PRCP/daily dia 04 (2026-08-04 → 2026-08-04) 37341 bytes
2026-07-31 08:53:57,784 [INFO] [OK] USA/GFS_ENSEMBLE_Wheat_Winter_PRCP/daily dia 06 (2026-08-06 → 2026-08-06) 37449 bytes
2026-07-31 08:53:57,790 [INFO] [OK] USA/GFS_ENSEMBLE_Wheat_Winter_PRCP/daily dia 07 (2026-08-07 → 2026-08-07) 37146 bytes
2026-07-31 08:53:57,791 [INFO] [OK] USA/GFS_ENSEMBLE_Wheat_Winter_PRCP/daily dia 05 (2026-08-05 → 2026-08-05) 36834 bytes
2026-07-31 08:53:58,049 [INFO] [OK] USA/GFS_ENSEMBLE_Wheat_Winter_PRCP/daily dia 02 (2026-08-02 → 2026-08-02) 38070 bytes
2026-07-31 08:53:58,052 [INFO] [OK] USA/GFS_ENSEMBLE_Wheat_Winter_PRCP/daily dia 03 (2026-08-03 → 2026-08-03) 37163 bytes
2026-07-31 08:53:59,205 [INFO] [OK] USA/GFS_ENSEMBLE_Wheat_Winter_PRCP/daily dia 08 (2026-08-08 → 2026-08-08) 36933 bytes
2026-07-31 08:53:59,698 [INFO] [OK] USA/GFS_ENSEMBLE_Wheat_Winter_PRCP/daily dia 09 (2026-08-09 → 2026-08-09) 36946 bytes
2026-07-31 08:53:59,767 [INFO] [OK] USA/GFS_ENSEMBLE_Wheat_Winter_PRCP/daily dia 10 (2026-08-10 → 2026-08-10) 36808 bytes
2026-07-31 08:53:59,783 [INFO] [OK] USA/GFS_ENSEMBLE_Wheat_Winter_PRCP/daily dia 13 (2026-08-13 → 2026-08-13) 37481 bytes
2026-07-31 08:53:59,785 [INFO] [OK] USA/GFS_ENSEMBLE_Wheat_Winter_PRCP/daily dia 11 (2026-08-11 → 2026-08-11) 36884 bytes
2026-07-31 08:53:59,785 [INFO] [OK] USA/GFS_ENSEMBLE_Wheat_Winter_PRCP/daily dia 12 (2026-08-12 → 2026-08-12) 37567 bytes
2026-07-31 08:54:00,727 [INFO] [OK] USA/GFS_ENSEMBLE_Wheat_Winter_PRCP/daily dia 14 (2026-08-14 → 2026-08-14) 37072 bytes
2026-07-31 08:54:01,455 [INFO] [OK] USA/GFS_ENSEMBLE_Wheat_Winter_PRCP/cumulative dia 00 (2026-07-31 → 2026-07-31) 39777 bytes
2026-07-31 08:54:01,605 [INFO] [OK] USA/GFS_ENSEMBLE_Wheat_Winter_PRCP/cumulative dia 02 (2026-07-31 → 2026-08-02) 44603 bytes
2026-07-31 08:54:01,706 [INFO] [OK] USA/GFS_ENSEMBLE_Wheat_Winter_PRCP/cumulative dia 01 (2026-07-31 → 2026-08-01) 43168 bytes
2026-07-31 08:54:01,788 [INFO] [OK] USA/GFS_ENSEMBLE_Wheat_Winter_PRCP/cumulative dia 04 (2026-07-31 → 2026-08-04) 46061 bytes
2026-07-31 08:54:01,899 [INFO] [OK] USA/GFS_ENSEMBLE_Wheat_Winter_PRCP/cumulative dia 03 (2026-07-31 → 2026-08-03) 45211 bytes
2026-07-31 08:54:02,714 [INFO] [OK] USA/GFS_ENSEMBLE_Wheat_Winter_PRCP/cumulative dia 05 (2026-07-31 → 2026-08-05) 46133 bytes
2026-07-31 08:54:03,665 [INFO] [OK] USA/GFS_ENSEMBLE_Wheat_Winter_PRCP/cumulative dia 06 (2026-07-31 → 2026-08-06) 47220 bytes
2026-07-31 08:54:04,991 [INFO] [OK] USA/GFS_ENSEMBLE_Wheat_Winter_PRCP/cumulative dia 07 (2026-07-31 → 2026-08-07) 47662 bytes
2026-07-31 08:54:04,999 [INFO] [OK] USA/GFS_ENSEMBLE_Wheat_Winter_PRCP/cumulative dia 10 (2026-07-31 → 2026-08-10) 49717 bytes
2026-07-31 08:54:05,002 [INFO] [OK] USA/GFS_ENSEMBLE_Wheat_Winter_PRCP/cumulative dia 08 (2026-07-31 → 2026-08-08) 48446 bytes
2026-07-31 08:54:05,008 [INFO] [OK] USA/GFS_ENSEMBLE_Wheat_Winter_PRCP/cumulative dia 09 (2026-07-31 → 2026-08-09) 49829 bytes
2026-07-31 08:54:05,481 [INFO] [OK] USA/GFS_ENSEMBLE_Wheat_Winter_PRCP/cumulative dia 11 (2026-07-31 → 2026-08-11) 49684 bytes
2026-07-31 08:54:06,246 [INFO] [OK] USA/GFS_ENSEMBLE_Wheat_Winter_PRCP/cumulative dia 12 (2026-07-31 → 2026-08-12) 50195 bytes
2026-07-31 08:54:06,601 [INFO] [OK] USA/GFS_ENSEMBLE_Wheat_Spring_PRCP_DEP/daily dia 00 (2026-07-31 → 2026-07-31) 46871 bytes
2026-07-31 08:54:06,662 [INFO] [OK] USA/GFS_ENSEMBLE_Wheat_Spring_PRCP_DEP/daily dia 01 (2026-08-01 → 2026-08-01) 46603 bytes
2026-07-31 08:54:07,062 [INFO] [OK] USA/GFS_ENSEMBLE_Wheat_Spring_PRCP_DEP/daily dia 02 (2026-08-02 → 2026-08-02) 43391 bytes
2026-07-31 08:54:07,971 [INFO] [OK] USA/GFS_ENSEMBLE_Wheat_Spring_PRCP_DEP/daily dia 03 (2026-08-03 → 2026-08-03) 46510 bytes
2026-07-31 08:54:08,131 [INFO] [OK] USA/GFS_ENSEMBLE_Wheat_Winter_PRCP/cumulative dia 14 (2026-07-31 → 2026-08-14) 50537 bytes
2026-07-31 08:54:08,190 [INFO] [OK] USA/GFS_ENSEMBLE_Wheat_Spring_PRCP_DEP/daily dia 04 (2026-08-04 → 2026-08-04) 50393 bytes
2026-07-31 08:54:08,278 [INFO] [OK] USA/GFS_ENSEMBLE_Wheat_Spring_PRCP_DEP/daily dia 05 (2026-08-05 → 2026-08-05) 50200 bytes
2026-07-31 08:54:08,283 [INFO] [OK] USA/GFS_ENSEMBLE_Wheat_Winter_PRCP/cumulative dia 13 (2026-07-31 → 2026-08-13) 50643 bytes
2026-07-31 08:54:08,866 [INFO] [OK] USA/GFS_ENSEMBLE_Wheat_Spring_PRCP_DEP/daily dia 06 (2026-08-06 → 2026-08-06) 54551 bytes
2026-07-31 08:54:09,756 [INFO] [OK] USA/GFS_ENSEMBLE_Wheat_Spring_PRCP_DEP/daily dia 07 (2026-08-07 → 2026-08-07) 53358 bytes
2026-07-31 08:54:09,871 [INFO] [OK] USA/GFS_ENSEMBLE_Wheat_Spring_PRCP_DEP/daily dia 11 (2026-08-11 → 2026-08-11) 55313 bytes
2026-07-31 08:54:09,888 [INFO] [OK] USA/GFS_ENSEMBLE_Wheat_Spring_PRCP_DEP/daily dia 08 (2026-08-08 → 2026-08-08) 53506 bytes
2026-07-31 08:54:10,002 [INFO] [OK] USA/GFS_ENSEMBLE_Wheat_Spring_PRCP_DEP/daily dia 09 (2026-08-09 → 2026-08-09) 54875 bytes
2026-07-31 08:54:10,214 [INFO] [OK] USA/GFS_ENSEMBLE_Wheat_Spring_PRCP_DEP/daily dia 10 (2026-08-10 → 2026-08-10) 55471 bytes
2026-07-31 08:54:10,598 [INFO] [OK] USA/GFS_ENSEMBLE_Wheat_Spring_PRCP_DEP/daily dia 12 (2026-08-12 → 2026-08-12) 55411 bytes
2026-07-31 08:54:11,478 [INFO] [OK] USA/GFS_ENSEMBLE_Wheat_Spring_PRCP_DEP/cumulative dia 00 (2026-07-31 → 2026-07-31) 46871 bytes
2026-07-31 08:54:11,538 [INFO] [OK] USA/GFS_ENSEMBLE_Wheat_Spring_PRCP_DEP/daily dia 13 (2026-08-13 → 2026-08-13) 56434 bytes
2026-07-31 08:54:11,699 [INFO] [OK] USA/GFS_ENSEMBLE_Wheat_Spring_PRCP_DEP/cumulative dia 01 (2026-07-31 → 2026-08-01) 50812 bytes
2026-07-31 08:54:11,732 [INFO] [OK] USA/GFS_ENSEMBLE_Wheat_Spring_PRCP_DEP/daily dia 14 (2026-08-14 → 2026-08-14) 59031 bytes
2026-07-31 08:54:12,150 [INFO] [OK] USA/GFS_ENSEMBLE_Wheat_Spring_PRCP_DEP/cumulative dia 02 (2026-07-31 → 2026-08-02) 51620 bytes
2026-07-31 08:54:12,570 [INFO] [OK] USA/GFS_ENSEMBLE_Wheat_Spring_PRCP_DEP/cumulative dia 03 (2026-07-31 → 2026-08-03) 51506 bytes
2026-07-31 08:54:13,425 [INFO] [OK] USA/GFS_ENSEMBLE_Wheat_Spring_PRCP_DEP/cumulative dia 04 (2026-07-31 → 2026-08-04) 52266 bytes
2026-07-31 08:54:13,721 [INFO] [OK] USA/GFS_ENSEMBLE_Wheat_Spring_PRCP_DEP/cumulative dia 05 (2026-07-31 → 2026-08-05) 52083 bytes
2026-07-31 08:54:13,953 [INFO] [OK] USA/GFS_ENSEMBLE_Wheat_Spring_PRCP_DEP/cumulative dia 06 (2026-07-31 → 2026-08-06) 52573 bytes
2026-07-31 08:54:14,025 [INFO] [OK] USA/GFS_ENSEMBLE_Wheat_Spring_PRCP_DEP/cumulative dia 07 (2026-07-31 → 2026-08-07) 53082 bytes
2026-07-31 08:54:14,615 [INFO] [OK] USA/GFS_ENSEMBLE_Wheat_Spring_PRCP_DEP/cumulative dia 08 (2026-07-31 → 2026-08-08) 53248 bytes
2026-07-31 08:54:15,196 [INFO] [OK] USA/GFS_ENSEMBLE_Wheat_Spring_PRCP_DEP/cumulative dia 09 (2026-07-31 → 2026-08-09) 53369 bytes
2026-07-31 08:54:15,983 [INFO] [OK] USA/GFS_ENSEMBLE_Wheat_Spring_PRCP_DEP/cumulative dia 10 (2026-07-31 → 2026-08-10) 53100 bytes
2026-07-31 08:54:16,394 [INFO] [OK] USA/GFS_ENSEMBLE_Wheat_Spring_PRCP_DEP/cumulative dia 11 (2026-07-31 → 2026-08-11) 53659 bytes
2026-07-31 08:54:16,767 [INFO] [OK] USA/GFS_ENSEMBLE_Wheat_Spring_PRCP_DEP/cumulative dia 12 (2026-07-31 → 2026-08-12) 54374 bytes
2026-07-31 08:54:16,796 [INFO] [OK] USA/GFS_ENSEMBLE_Wheat_Spring_PRCP/daily dia 00 (2026-07-31 → 2026-07-31) 36625 bytes
2026-07-31 08:54:16,908 [INFO] [OK] USA/GFS_ENSEMBLE_Wheat_Spring_PRCP_DEP/cumulative dia 13 (2026-07-31 → 2026-08-13) 54920 bytes
2026-07-31 08:54:17,538 [INFO] [OK] USA/GFS_ENSEMBLE_Wheat_Spring_PRCP/daily dia 01 (2026-08-01 → 2026-08-01) 35836 bytes
2026-07-31 08:54:17,562 [INFO] [OK] USA/GFS_ENSEMBLE_Wheat_Spring_PRCP_DEP/cumulative dia 14 (2026-07-31 → 2026-08-14) 55609 bytes
2026-07-31 08:54:17,913 [INFO] [OK] USA/GFS_ENSEMBLE_Wheat_Spring_PRCP/daily dia 02 (2026-08-02 → 2026-08-02) 34666 bytes
2026-07-31 08:54:18,325 [INFO] [OK] USA/GFS_ENSEMBLE_Wheat_Spring_PRCP/daily dia 03 (2026-08-03 → 2026-08-03) 34092 bytes
2026-07-31 08:54:18,363 [INFO] [OK] USA/GFS_ENSEMBLE_Wheat_Spring_PRCP/daily dia 04 (2026-08-04 → 2026-08-04) 34320 bytes
2026-07-31 08:54:18,410 [INFO] [OK] USA/GFS_ENSEMBLE_Wheat_Spring_PRCP/daily dia 05 (2026-08-05 → 2026-08-05) 33871 bytes
2026-07-31 08:54:19,172 [INFO] [OK] USA/GFS_ENSEMBLE_Wheat_Spring_PRCP/daily dia 07 (2026-08-07 → 2026-08-07) 34150 bytes
2026-07-31 08:54:19,178 [INFO] [OK] USA/GFS_ENSEMBLE_Wheat_Spring_PRCP/daily dia 06 (2026-08-06 → 2026-08-06) 34396 bytes
2026-07-31 08:54:19,408 [INFO] [OK] USA/GFS_ENSEMBLE_Wheat_Spring_PRCP/daily dia 08 (2026-08-08 → 2026-08-08) 33655 bytes
2026-07-31 08:54:19,865 [INFO] [OK] USA/GFS_ENSEMBLE_Wheat_Spring_PRCP/daily dia 09 (2026-08-09 → 2026-08-09) 33708 bytes
2026-07-31 08:54:19,889 [INFO] [OK] USA/GFS_ENSEMBLE_Wheat_Spring_PRCP/daily dia 10 (2026-08-10 → 2026-08-10) 33639 bytes
2026-07-31 08:54:19,938 [INFO] [OK] USA/GFS_ENSEMBLE_Wheat_Spring_PRCP/daily dia 11 (2026-08-11 → 2026-08-11) 33777 bytes
2026-07-31 08:54:20,756 [INFO] [OK] USA/GFS_ENSEMBLE_Wheat_Spring_PRCP/daily dia 13 (2026-08-13 → 2026-08-13) 34499 bytes
2026-07-31 08:54:20,758 [INFO] [OK] USA/GFS_ENSEMBLE_Wheat_Spring_PRCP/daily dia 12 (2026-08-12 → 2026-08-12) 34574 bytes
2026-07-31 08:54:20,891 [INFO] [OK] USA/GFS_ENSEMBLE_Wheat_Spring_PRCP/daily dia 14 (2026-08-14 → 2026-08-14) 34025 bytes
2026-07-31 08:54:21,582 [INFO] [OK] USA/GFS_ENSEMBLE_Wheat_Spring_PRCP/cumulative dia 00 (2026-07-31 → 2026-07-31) 36625 bytes
2026-07-31 08:54:21,582 [INFO] [OK] USA/GFS_ENSEMBLE_Wheat_Spring_PRCP/cumulative dia 01 (2026-07-31 → 2026-08-01) 39859 bytes
2026-07-31 08:54:21,677 [INFO] [OK] USA/GFS_ENSEMBLE_Wheat_Spring_PRCP/cumulative dia 02 (2026-07-31 → 2026-08-02) 41159 bytes
2026-07-31 08:54:22,703 [INFO] [OK] USA/GFS_ENSEMBLE_Wheat_Spring_PRCP/cumulative dia 04 (2026-07-31 → 2026-08-04) 42566 bytes
2026-07-31 08:54:22,802 [INFO] [OK] USA/GFS_ENSEMBLE_Wheat_Spring_PRCP/cumulative dia 03 (2026-07-31 → 2026-08-03) 41710 bytes
2026-07-31 08:54:22,863 [INFO] [OK] USA/GFS_ENSEMBLE_Wheat_Spring_PRCP/cumulative dia 05 (2026-07-31 → 2026-08-05) 42411 bytes
2026-07-31 08:54:23,740 [INFO] [OK] USA/GFS_ENSEMBLE_Wheat_Spring_PRCP/cumulative dia 06 (2026-07-31 → 2026-08-06) 43556 bytes
2026-07-31 08:54:23,956 [INFO] [OK] USA/GFS_ENSEMBLE_Wheat_Spring_PRCP/cumulative dia 07 (2026-07-31 → 2026-08-07) 44034 bytes
2026-07-31 08:54:24,055 [INFO] [OK] USA/GFS_ENSEMBLE_Wheat_Spring_PRCP/cumulative dia 08 (2026-07-31 → 2026-08-08) 44964 bytes
2026-07-31 08:54:25,228 [INFO] [OK] USA/GFS_ENSEMBLE_Wheat_Spring_PRCP/cumulative dia 09 (2026-07-31 → 2026-08-09) 45944 bytes
2026-07-31 08:54:25,385 [INFO] [OK] USA/GFS_ENSEMBLE_Wheat_Spring_PRCP/cumulative dia 10 (2026-07-31 → 2026-08-10) 45852 bytes
2026-07-31 08:54:25,513 [INFO] [OK] USA/GFS_ENSEMBLE_Wheat_Spring_PRCP/cumulative dia 11 (2026-07-31 → 2026-08-11) 45788 bytes
2026-07-31 08:54:26,460 [INFO] [OK] USA/GFS_ENSEMBLE_Wheat_Spring_PRCP/cumulative dia 12 (2026-07-31 → 2026-08-12) 46214 bytes
2026-07-31 08:54:27,038 [INFO] [OK] USA/GFS_ENSEMBLE_Wheat_Spring_PRCP/cumulative dia 13 (2026-07-31 → 2026-08-13) 46560 bytes
2026-07-31 08:54:27,039 [INFO] [OK] USA/ECM_ENSEMBLE_Corn_PRCP_DEP/daily dia 00 (2026-07-31 → 2026-07-31) 49338 bytes
2026-07-31 08:54:27,095 [INFO] [OK] USA/ECM_ENSEMBLE_Corn_PRCP_DEP/daily dia 01 (2026-08-01 → 2026-08-01) 47574 bytes
2026-07-31 08:54:27,129 [INFO] [OK] USA/GFS_ENSEMBLE_Wheat_Spring_PRCP/cumulative dia 14 (2026-07-31 → 2026-08-14) 46699 bytes
2026-07-31 08:54:27,226 [INFO] [OK] USA/ECM_ENSEMBLE_Corn_PRCP_DEP/daily dia 02 (2026-08-02 → 2026-08-02) 45763 bytes
2026-07-31 08:54:28,005 [INFO] [OK] USA/ECM_ENSEMBLE_Corn_PRCP_DEP/daily dia 03 (2026-08-03 → 2026-08-03) 47458 bytes
2026-07-31 08:54:28,665 [INFO] [OK] USA/ECM_ENSEMBLE_Corn_PRCP_DEP/daily dia 04 (2026-08-04 → 2026-08-04) 50917 bytes
2026-07-31 08:54:28,737 [INFO] [OK] USA/ECM_ENSEMBLE_Corn_PRCP_DEP/daily dia 06 (2026-08-06 → 2026-08-06) 52390 bytes
2026-07-31 08:54:28,746 [INFO] [OK] USA/ECM_ENSEMBLE_Corn_PRCP_DEP/daily dia 07 (2026-08-07 → 2026-08-07) 53862 bytes
2026-07-31 08:54:28,794 [INFO] [OK] USA/ECM_ENSEMBLE_Corn_PRCP_DEP/daily dia 05 (2026-08-05 → 2026-08-05) 51579 bytes
2026-07-31 08:54:28,838 [INFO] [OK] USA/ECM_ENSEMBLE_Corn_PRCP_DEP/daily dia 08 (2026-08-08 → 2026-08-08) 53841 bytes
2026-07-31 08:54:29,762 [INFO] [OK] USA/ECM_ENSEMBLE_Corn_PRCP_DEP/daily dia 09 (2026-08-09 → 2026-08-09) 55524 bytes
2026-07-31 08:54:30,441 [INFO] [OK] USA/ECM_ENSEMBLE_Corn_PRCP_DEP/daily dia 10 (2026-08-10 → 2026-08-10) 58099 bytes
2026-07-31 08:54:30,524 [INFO] [OK] USA/ECM_ENSEMBLE_Corn_PRCP_DEP/daily dia 14 (2026-08-14 → 2026-08-14) 59647 bytes
2026-07-31 08:54:30,528 [INFO] [OK] USA/ECM_ENSEMBLE_Corn_PRCP_DEP/daily dia 12 (2026-08-12 → 2026-08-12) 58124 bytes
2026-07-31 08:54:30,544 [INFO] [OK] USA/ECM_ENSEMBLE_Corn_PRCP_DEP/daily dia 13 (2026-08-13 → 2026-08-13) 58858 bytes
2026-07-31 08:54:30,771 [INFO] [OK] USA/ECM_ENSEMBLE_Corn_PRCP_DEP/daily dia 11 (2026-08-11 → 2026-08-11) 58391 bytes
2026-07-31 08:54:31,399 [INFO] [OK] USA/ECM_ENSEMBLE_Corn_PRCP_DEP/cumulative dia 00 (2026-07-31 → 2026-07-31) 49338 bytes
2026-07-31 08:54:32,116 [INFO] [OK] USA/ECM_ENSEMBLE_Corn_PRCP_DEP/cumulative dia 01 (2026-07-31 → 2026-08-01) 51286 bytes
2026-07-31 08:54:32,667 [INFO] [OK] USA/ECM_ENSEMBLE_Corn_PRCP_DEP/cumulative dia 02 (2026-07-31 → 2026-08-02) 53470 bytes
2026-07-31 08:54:32,783 [INFO] [OK] USA/ECM_ENSEMBLE_Corn_PRCP_DEP/cumulative dia 03 (2026-07-31 → 2026-08-03) 53965 bytes
2026-07-31 08:54:32,787 [INFO] [OK] USA/ECM_ENSEMBLE_Corn_PRCP_DEP/cumulative dia 04 (2026-07-31 → 2026-08-04) 54143 bytes
2026-07-31 08:54:33,053 [INFO] [OK] USA/ECM_ENSEMBLE_Corn_PRCP_DEP/cumulative dia 05 (2026-07-31 → 2026-08-05) 53735 bytes
2026-07-31 08:54:33,638 [INFO] [OK] USA/ECM_ENSEMBLE_Corn_PRCP_DEP/cumulative dia 06 (2026-07-31 → 2026-08-06) 54404 bytes
2026-07-31 08:54:34,364 [INFO] [OK] USA/ECM_ENSEMBLE_Corn_PRCP_DEP/cumulative dia 07 (2026-07-31 → 2026-08-07) 54271 bytes
2026-07-31 08:54:35,014 [INFO] [OK] USA/ECM_ENSEMBLE_Corn_PRCP_DEP/cumulative dia 08 (2026-07-31 → 2026-08-08) 54662 bytes
2026-07-31 08:54:35,429 [INFO] [OK] USA/ECM_ENSEMBLE_Corn_PRCP_DEP/cumulative dia 09 (2026-07-31 → 2026-08-09) 55800 bytes
2026-07-31 08:54:35,689 [INFO] [OK] USA/ECM_ENSEMBLE_Corn_PRCP_DEP/cumulative dia 10 (2026-07-31 → 2026-08-10) 56387 bytes
2026-07-31 08:54:35,770 [INFO] [OK] USA/ECM_ENSEMBLE_Corn_PRCP_DEP/cumulative dia 11 (2026-07-31 → 2026-08-11) 57243 bytes
2026-07-31 08:54:36,534 [INFO] [OK] USA/ECM_ENSEMBLE_Corn_PRCP_DEP/cumulative dia 12 (2026-07-31 → 2026-08-12) 58108 bytes
2026-07-31 08:54:36,972 [INFO] [OK] USA/ECM_ENSEMBLE_Corn_PRCP/daily dia 00 (2026-07-31 → 2026-07-31) 38896 bytes
2026-07-31 08:54:37,102 [INFO] [OK] USA/ECM_ENSEMBLE_Corn_PRCP_DEP/cumulative dia 13 (2026-07-31 → 2026-08-13) 58642 bytes
2026-07-31 08:54:37,246 [INFO] [OK] USA/ECM_ENSEMBLE_Corn_PRCP/daily dia 01 (2026-08-01 → 2026-08-01) 38592 bytes
2026-07-31 08:54:37,643 [INFO] [OK] USA/ECM_ENSEMBLE_Corn_PRCP/daily dia 02 (2026-08-02 → 2026-08-02) 37161 bytes
2026-07-31 08:54:37,815 [INFO] [OK] USA/ECM_ENSEMBLE_Corn_PRCP_DEP/cumulative dia 14 (2026-07-31 → 2026-08-14) 59457 bytes
2026-07-31 08:54:38,195 [INFO] [OK] USA/ECM_ENSEMBLE_Corn_PRCP/daily dia 03 (2026-08-03 → 2026-08-03) 36498 bytes
2026-07-31 08:54:38,851 [INFO] [OK] USA/ECM_ENSEMBLE_Corn_PRCP/daily dia 06 (2026-08-06 → 2026-08-06) 35330 bytes
2026-07-31 08:54:38,865 [INFO] [OK] USA/ECM_ENSEMBLE_Corn_PRCP/daily dia 05 (2026-08-05 → 2026-08-05) 35582 bytes
2026-07-31 08:54:39,004 [INFO] [OK] USA/ECM_ENSEMBLE_Corn_PRCP/daily dia 04 (2026-08-04 → 2026-08-04) 35549 bytes
2026-07-31 08:54:39,176 [INFO] [OK] USA/ECM_ENSEMBLE_Corn_PRCP/daily dia 07 (2026-08-07 → 2026-08-07) 35553 bytes
2026-07-31 08:54:39,440 [INFO] [OK] USA/ECM_ENSEMBLE_Corn_PRCP/daily dia 08 (2026-08-08 → 2026-08-08) 35483 bytes
2026-07-31 08:54:39,760 [INFO] [OK] USA/ECM_ENSEMBLE_Corn_PRCP/daily dia 09 (2026-08-09 → 2026-08-09) 35653 bytes
2026-07-31 08:54:40,479 [INFO] [OK] USA/ECM_ENSEMBLE_Corn_PRCP/daily dia 11 (2026-08-11 → 2026-08-11) 35683 bytes
2026-07-31 08:54:40,490 [INFO] [OK] USA/ECM_ENSEMBLE_Corn_PRCP/daily dia 10 (2026-08-10 → 2026-08-10) 36153 bytes
2026-07-31 08:54:40,704 [INFO] [OK] USA/ECM_ENSEMBLE_Corn_PRCP/daily dia 12 (2026-08-12 → 2026-08-12) 36148 bytes
2026-07-31 08:54:41,091 [INFO] [OK] USA/ECM_ENSEMBLE_Corn_PRCP/daily dia 13 (2026-08-13 → 2026-08-13) 36193 bytes
2026-07-31 08:54:41,151 [INFO] [OK] USA/ECM_ENSEMBLE_Corn_PRCP/daily dia 14 (2026-08-14 → 2026-08-14) 36414 bytes
2026-07-31 08:54:41,316 [INFO] [OK] USA/ECM_ENSEMBLE_Corn_PRCP/cumulative dia 00 (2026-07-31 → 2026-07-31) 38896 bytes
2026-07-31 08:54:42,888 [INFO] [OK] USA/ECM_ENSEMBLE_Corn_PRCP/cumulative dia 01 (2026-07-31 → 2026-08-01) 42072 bytes
2026-07-31 08:54:42,895 [INFO] [OK] USA/ECM_ENSEMBLE_Corn_PRCP/cumulative dia 02 (2026-07-31 → 2026-08-02) 43699 bytes
2026-07-31 08:54:42,900 [INFO] [OK] USA/ECM_ENSEMBLE_Corn_PRCP/cumulative dia 03 (2026-07-31 → 2026-08-03) 44988 bytes
2026-07-31 08:54:43,098 [INFO] [OK] USA/ECM_ENSEMBLE_Corn_PRCP/cumulative dia 04 (2026-07-31 → 2026-08-04) 46005 bytes
2026-07-31 08:54:43,451 [INFO] [OK] USA/ECM_ENSEMBLE_Corn_PRCP/cumulative dia 06 (2026-07-31 → 2026-08-06) 47087 bytes
2026-07-31 08:54:43,452 [INFO] [OK] USA/ECM_ENSEMBLE_Corn_PRCP/cumulative dia 05 (2026-07-31 → 2026-08-05) 46364 bytes
2026-07-31 08:54:45,212 [INFO] [OK] USA/ECM_ENSEMBLE_Corn_PRCP/cumulative dia 07 (2026-07-31 → 2026-08-07) 47828 bytes
2026-07-31 08:54:45,321 [INFO] [OK] USA/ECM_ENSEMBLE_Corn_PRCP/cumulative dia 08 (2026-07-31 → 2026-08-08) 48323 bytes
2026-07-31 08:54:45,381 [INFO] [OK] USA/ECM_ENSEMBLE_Corn_PRCP/cumulative dia 09 (2026-07-31 → 2026-08-09) 48688 bytes
2026-07-31 08:54:46,030 [INFO] [OK] USA/ECM_ENSEMBLE_Corn_PRCP/cumulative dia 10 (2026-07-31 → 2026-08-10) 49375 bytes
2026-07-31 08:54:46,103 [INFO] [OK] USA/ECM_ENSEMBLE_Corn_PRCP/cumulative dia 11 (2026-07-31 → 2026-08-11) 49445 bytes
2026-07-31 08:54:46,419 [INFO] [OK] USA/ECM_ENSEMBLE_Corn_PRCP/cumulative dia 12 (2026-07-31 → 2026-08-12) 50042 bytes
2026-07-31 08:54:46,939 [INFO] [OK] USA/ECM_ENSEMBLE_Soy_PRCP_DEP/daily dia 00 (2026-07-31 → 2026-07-31) 48865 bytes
2026-07-31 08:54:47,824 [INFO] [OK] USA/ECM_ENSEMBLE_Soy_PRCP_DEP/daily dia 02 (2026-08-02 → 2026-08-02) 45383 bytes
2026-07-31 08:54:47,848 [INFO] [OK] USA/ECM_ENSEMBLE_Soy_PRCP_DEP/daily dia 01 (2026-08-01 → 2026-08-01) 47065 bytes
2026-07-31 08:54:48,375 [INFO] [OK] USA/ECM_ENSEMBLE_Corn_PRCP/cumulative dia 14 (2026-07-31 → 2026-08-14) 50672 bytes
2026-07-31 08:54:48,405 [INFO] [OK] USA/ECM_ENSEMBLE_Soy_PRCP_DEP/daily dia 03 (2026-08-03 → 2026-08-03) 47329 bytes
2026-07-31 08:54:48,442 [INFO] [OK] USA/ECM_ENSEMBLE_Corn_PRCP/cumulative dia 13 (2026-07-31 → 2026-08-13) 51046 bytes
2026-07-31 08:54:48,493 [INFO] [OK] USA/ECM_ENSEMBLE_Soy_PRCP_DEP/daily dia 04 (2026-08-04 → 2026-08-04) 50727 bytes
2026-07-31 08:54:49,642 [INFO] [OK] USA/ECM_ENSEMBLE_Soy_PRCP_DEP/daily dia 05 (2026-08-05 → 2026-08-05) 51187 bytes
2026-07-31 08:54:49,777 [INFO] [OK] USA/ECM_ENSEMBLE_Soy_PRCP_DEP/daily dia 06 (2026-08-06 → 2026-08-06) 52050 bytes
2026-07-31 08:54:50,141 [INFO] [OK] USA/ECM_ENSEMBLE_Soy_PRCP_DEP/daily dia 10 (2026-08-10 → 2026-08-10) 57721 bytes
2026-07-31 08:54:50,155 [INFO] [OK] USA/ECM_ENSEMBLE_Soy_PRCP_DEP/daily dia 09 (2026-08-09 → 2026-08-09) 55326 bytes
2026-07-31 08:54:50,240 [INFO] [OK] USA/ECM_ENSEMBLE_Soy_PRCP_DEP/daily dia 07 (2026-08-07 → 2026-08-07) 53572 bytes
2026-07-31 08:54:50,291 [INFO] [OK] USA/ECM_ENSEMBLE_Soy_PRCP_DEP/daily dia 08 (2026-08-08 → 2026-08-08) 53621 bytes
2026-07-31 08:54:51,328 [INFO] [OK] USA/ECM_ENSEMBLE_Soy_PRCP_DEP/daily dia 11 (2026-08-11 → 2026-08-11) 58170 bytes
2026-07-31 08:54:51,549 [INFO] [OK] USA/ECM_ENSEMBLE_Soy_PRCP_DEP/daily dia 12 (2026-08-12 → 2026-08-12) 57895 bytes
2026-07-31 08:54:52,021 [INFO] [OK] USA/ECM_ENSEMBLE_Soy_PRCP_DEP/cumulative dia 00 (2026-07-31 → 2026-07-31) 48865 bytes
2026-07-31 08:54:52,031 [INFO] [OK] USA/ECM_ENSEMBLE_Soy_PRCP_DEP/daily dia 13 (2026-08-13 → 2026-08-13) 58606 bytes
2026-07-31 08:54:52,263 [INFO] [OK] USA/ECM_ENSEMBLE_Soy_PRCP_DEP/cumulative dia 01 (2026-07-31 → 2026-08-01) 51002 bytes
2026-07-31 08:54:52,266 [INFO] [OK] USA/ECM_ENSEMBLE_Soy_PRCP_DEP/daily dia 14 (2026-08-14 → 2026-08-14) 59158 bytes
2026-07-31 08:54:53,223 [INFO] [OK] USA/ECM_ENSEMBLE_Soy_PRCP_DEP/cumulative dia 02 (2026-07-31 → 2026-08-02) 53097 bytes
2026-07-31 08:54:53,453 [INFO] [OK] USA/ECM_ENSEMBLE_Soy_PRCP_DEP/cumulative dia 03 (2026-07-31 → 2026-08-03) 53639 bytes
2026-07-31 08:54:54,065 [INFO] [OK] USA/ECM_ENSEMBLE_Soy_PRCP_DEP/cumulative dia 05 (2026-07-31 → 2026-08-05) 53385 bytes
2026-07-31 08:54:54,134 [INFO] [OK] USA/ECM_ENSEMBLE_Soy_PRCP_DEP/cumulative dia 04 (2026-07-31 → 2026-08-04) 53933 bytes
2026-07-31 08:54:54,661 [INFO] [OK] USA/ECM_ENSEMBLE_Soy_PRCP_DEP/cumulative dia 06 (2026-07-31 → 2026-08-06) 54018 bytes
2026-07-31 08:54:54,712 [INFO] [OK] USA/ECM_ENSEMBLE_Soy_PRCP_DEP/cumulative dia 07 (2026-07-31 → 2026-08-07) 53914 bytes
2026-07-31 08:54:55,700 [INFO] [OK] USA/ECM_ENSEMBLE_Soy_PRCP_DEP/cumulative dia 08 (2026-07-31 → 2026-08-08) 54119 bytes
2026-07-31 08:54:56,084 [INFO] [OK] USA/ECM_ENSEMBLE_Soy_PRCP_DEP/cumulative dia 09 (2026-07-31 → 2026-08-09) 55232 bytes
2026-07-31 08:54:56,776 [INFO] [OK] USA/ECM_ENSEMBLE_Soy_PRCP_DEP/cumulative dia 10 (2026-07-31 → 2026-08-10) 55850 bytes
2026-07-31 08:54:56,872 [INFO] [OK] USA/ECM_ENSEMBLE_Soy_PRCP_DEP/cumulative dia 11 (2026-07-31 → 2026-08-11) 56735 bytes
2026-07-31 08:54:57,718 [INFO] [OK] USA/ECM_ENSEMBLE_Soy_PRCP_DEP/cumulative dia 12 (2026-07-31 → 2026-08-12) 57686 bytes
2026-07-31 08:54:57,720 [INFO] [OK] USA/ECM_ENSEMBLE_Soy_PRCP/daily dia 00 (2026-07-31 → 2026-07-31) 38450 bytes
2026-07-31 08:54:57,812 [INFO] [OK] USA/ECM_ENSEMBLE_Soy_PRCP_DEP/cumulative dia 13 (2026-07-31 → 2026-08-13) 58383 bytes
2026-07-31 08:54:58,389 [INFO] [OK] USA/ECM_ENSEMBLE_Soy_PRCP/daily dia 01 (2026-08-01 → 2026-08-01) 38061 bytes
2026-07-31 08:54:58,472 [INFO] [OK] USA/ECM_ENSEMBLE_Soy_PRCP/daily dia 02 (2026-08-02 → 2026-08-02) 36851 bytes
2026-07-31 08:54:58,685 [INFO] [OK] USA/ECM_ENSEMBLE_Soy_PRCP_DEP/cumulative dia 14 (2026-07-31 → 2026-08-14) 59168 bytes
2026-07-31 08:54:59,370 [INFO] [OK] USA/ECM_ENSEMBLE_Soy_PRCP/daily dia 03 (2026-08-03 → 2026-08-03) 36212 bytes
2026-07-31 08:54:59,385 [INFO] [OK] USA/ECM_ENSEMBLE_Soy_PRCP/daily dia 05 (2026-08-05 → 2026-08-05) 35192 bytes
2026-07-31 08:54:59,560 [INFO] [OK] USA/ECM_ENSEMBLE_Soy_PRCP/daily dia 04 (2026-08-04 → 2026-08-04) 35290 bytes
2026-07-31 08:54:59,898 [INFO] [OK] USA/ECM_ENSEMBLE_Soy_PRCP/daily dia 06 (2026-08-06 → 2026-08-06) 34914 bytes
2026-07-31 08:55:00,068 [INFO] [OK] USA/ECM_ENSEMBLE_Soy_PRCP/daily dia 07 (2026-08-07 → 2026-08-07) 35010 bytes
2026-07-31 08:55:00,316 [INFO] [OK] USA/ECM_ENSEMBLE_Soy_PRCP/daily dia 08 (2026-08-08 → 2026-08-08) 34986 bytes
2026-07-31 08:55:00,960 [INFO] [OK] USA/ECM_ENSEMBLE_Soy_PRCP/daily dia 10 (2026-08-10 → 2026-08-10) 35751 bytes
2026-07-31 08:55:01,246 [INFO] [OK] USA/ECM_ENSEMBLE_Soy_PRCP/daily dia 09 (2026-08-09 → 2026-08-09) 35101 bytes
2026-07-31 08:55:01,263 [INFO] [OK] USA/ECM_ENSEMBLE_Soy_PRCP/daily dia 11 (2026-08-11 → 2026-08-11) 35218 bytes
2026-07-31 08:55:01,487 [INFO] [OK] USA/ECM_ENSEMBLE_Soy_PRCP/daily dia 12 (2026-08-12 → 2026-08-12) 35762 bytes
2026-07-31 08:55:01,668 [INFO] [OK] USA/ECM_ENSEMBLE_Soy_PRCP/daily dia 13 (2026-08-13 → 2026-08-13) 35876 bytes
2026-07-31 08:55:01,919 [INFO] [OK] USA/ECM_ENSEMBLE_Soy_PRCP/daily dia 14 (2026-08-14 → 2026-08-14) 36049 bytes
2026-07-31 08:55:02,595 [INFO] [OK] USA/ECM_ENSEMBLE_Soy_PRCP/cumulative dia 00 (2026-07-31 → 2026-07-31) 38450 bytes
2026-07-31 08:55:03,049 [INFO] [OK] USA/ECM_ENSEMBLE_Soy_PRCP/cumulative dia 01 (2026-07-31 → 2026-08-01) 41490 bytes
2026-07-31 08:55:03,121 [INFO] [OK] USA/ECM_ENSEMBLE_Soy_PRCP/cumulative dia 02 (2026-07-31 → 2026-08-02) 43215 bytes
2026-07-31 08:55:03,399 [INFO] [OK] USA/ECM_ENSEMBLE_Soy_PRCP/cumulative dia 03 (2026-07-31 → 2026-08-03) 44642 bytes
2026-07-31 08:55:03,609 [INFO] [OK] USA/ECM_ENSEMBLE_Soy_PRCP/cumulative dia 04 (2026-07-31 → 2026-08-04) 45678 bytes
2026-07-31 08:55:03,963 [INFO] [OK] USA/ECM_ENSEMBLE_Soy_PRCP/cumulative dia 05 (2026-07-31 → 2026-08-05) 45965 bytes
2026-07-31 08:55:04,774 [INFO] [OK] USA/ECM_ENSEMBLE_Soy_PRCP/cumulative dia 06 (2026-07-31 → 2026-08-06) 46852 bytes
2026-07-31 08:55:05,316 [INFO] [OK] USA/ECM_ENSEMBLE_Soy_PRCP/cumulative dia 07 (2026-07-31 → 2026-08-07) 47394 bytes
2026-07-31 08:55:05,523 [INFO] [OK] USA/ECM_ENSEMBLE_Soy_PRCP/cumulative dia 08 (2026-07-31 → 2026-08-08) 47878 bytes
2026-07-31 08:55:05,857 [INFO] [OK] USA/ECM_ENSEMBLE_Soy_PRCP/cumulative dia 09 (2026-07-31 → 2026-08-09) 48566 bytes
2026-07-31 08:55:06,172 [INFO] [OK] USA/ECM_ENSEMBLE_Soy_PRCP/cumulative dia 10 (2026-07-31 → 2026-08-10) 49015 bytes
2026-07-31 08:55:06,587 [INFO] [OK] USA/ECM_ENSEMBLE_Soy_PRCP/cumulative dia 11 (2026-07-31 → 2026-08-11) 49135 bytes
2026-07-31 08:55:07,415 [INFO] [OK] USA/ECM_ENSEMBLE_Wheat_Winter_PRCP_DEP/daily dia 00 (2026-07-31 → 2026-07-31) 50794 bytes
2026-07-31 08:55:07,495 [INFO] [OK] USA/ECM_ENSEMBLE_Soy_PRCP/cumulative dia 12 (2026-07-31 → 2026-08-12) 49624 bytes
2026-07-31 08:55:07,692 [INFO] [OK] USA/ECM_ENSEMBLE_Wheat_Winter_PRCP_DEP/daily dia 01 (2026-08-01 → 2026-08-01) 48622 bytes
2026-07-31 08:55:08,078 [INFO] [OK] USA/ECM_ENSEMBLE_Soy_PRCP/cumulative dia 13 (2026-07-31 → 2026-08-13) 50625 bytes
2026-07-31 08:55:08,095 [INFO] [OK] USA/ECM_ENSEMBLE_Wheat_Winter_PRCP_DEP/daily dia 02 (2026-08-02 → 2026-08-02) 46983 bytes
2026-07-31 08:55:08,436 [INFO] [OK] USA/ECM_ENSEMBLE_Soy_PRCP/cumulative dia 14 (2026-07-31 → 2026-08-14) 50424 bytes
2026-07-31 08:55:09,136 [INFO] [OK] USA/ECM_ENSEMBLE_Wheat_Winter_PRCP_DEP/daily dia 04 (2026-08-04 → 2026-08-04) 52335 bytes
2026-07-31 08:55:09,165 [INFO] [OK] USA/ECM_ENSEMBLE_Wheat_Winter_PRCP_DEP/daily dia 03 (2026-08-03 → 2026-08-03) 48942 bytes
2026-07-31 08:55:09,523 [INFO] [OK] USA/ECM_ENSEMBLE_Wheat_Winter_PRCP_DEP/daily dia 05 (2026-08-05 → 2026-08-05) 52828 bytes
2026-07-31 08:55:09,898 [INFO] [OK] USA/ECM_ENSEMBLE_Wheat_Winter_PRCP_DEP/daily dia 06 (2026-08-06 → 2026-08-06) 53753 bytes
2026-07-31 08:55:09,916 [INFO] [OK] USA/ECM_ENSEMBLE_Wheat_Winter_PRCP_DEP/daily dia 07 (2026-08-07 → 2026-08-07) 55117 bytes
2026-07-31 08:55:10,298 [INFO] [OK] USA/ECM_ENSEMBLE_Wheat_Winter_PRCP_DEP/daily dia 08 (2026-08-08 → 2026-08-08) 55195 bytes
2026-07-31 08:55:10,745 [INFO] [OK] USA/ECM_ENSEMBLE_Wheat_Winter_PRCP_DEP/daily dia 10 (2026-08-10 → 2026-08-10) 59161 bytes
2026-07-31 08:55:11,051 [INFO] [OK] USA/ECM_ENSEMBLE_Wheat_Winter_PRCP_DEP/daily dia 09 (2026-08-09 → 2026-08-09) 56796 bytes
2026-07-31 08:55:11,238 [INFO] [OK] USA/ECM_ENSEMBLE_Wheat_Winter_PRCP_DEP/daily dia 11 (2026-08-11 → 2026-08-11) 59593 bytes
2026-07-31 08:55:11,697 [INFO] [OK] USA/ECM_ENSEMBLE_Wheat_Winter_PRCP_DEP/daily dia 12 (2026-08-12 → 2026-08-12) 59426 bytes
2026-07-31 08:55:11,718 [INFO] [OK] USA/ECM_ENSEMBLE_Wheat_Winter_PRCP_DEP/daily dia 13 (2026-08-13 → 2026-08-13) 60152 bytes
2026-07-31 08:55:12,270 [INFO] [OK] USA/ECM_ENSEMBLE_Wheat_Winter_PRCP_DEP/daily dia 14 (2026-08-14 → 2026-08-14) 60605 bytes
2026-07-31 08:55:12,347 [INFO] [OK] USA/ECM_ENSEMBLE_Wheat_Winter_PRCP_DEP/cumulative dia 00 (2026-07-31 → 2026-07-31) 50794 bytes
2026-07-31 08:55:12,704 [INFO] [OK] USA/ECM_ENSEMBLE_Wheat_Winter_PRCP_DEP/cumulative dia 01 (2026-07-31 → 2026-08-01) 52806 bytes
2026-07-31 08:55:13,093 [INFO] [OK] USA/ECM_ENSEMBLE_Wheat_Winter_PRCP_DEP/cumulative dia 02 (2026-07-31 → 2026-08-02) 54762 bytes
2026-07-31 08:55:13,680 [INFO] [OK] USA/ECM_ENSEMBLE_Wheat_Winter_PRCP_DEP/cumulative dia 03 (2026-07-31 → 2026-08-03) 55374 bytes
2026-07-31 08:55:13,796 [INFO] [OK] USA/ECM_ENSEMBLE_Wheat_Winter_PRCP_DEP/cumulative dia 04 (2026-07-31 → 2026-08-04) 55311 bytes
2026-07-31 08:55:14,560 [INFO] [OK] USA/ECM_ENSEMBLE_Wheat_Winter_PRCP_DEP/cumulative dia 05 (2026-07-31 → 2026-08-05) 55012 bytes
2026-07-31 08:55:14,596 [INFO] [OK] USA/ECM_ENSEMBLE_Wheat_Winter_PRCP_DEP/cumulative dia 06 (2026-07-31 → 2026-08-06) 55532 bytes
2026-07-31 08:55:15,001 [INFO] [OK] USA/ECM_ENSEMBLE_Wheat_Winter_PRCP_DEP/cumulative dia 07 (2026-07-31 → 2026-08-07) 55373 bytes
2026-07-31 08:55:15,692 [INFO] [OK] USA/ECM_ENSEMBLE_Wheat_Winter_PRCP_DEP/cumulative dia 08 (2026-07-31 → 2026-08-08) 55487 bytes
2026-07-31 08:55:16,345 [INFO] [OK] USA/ECM_ENSEMBLE_Wheat_Winter_PRCP_DEP/cumulative dia 09 (2026-07-31 → 2026-08-09) 56673 bytes
2026-07-31 08:55:16,539 [INFO] [OK] USA/ECM_ENSEMBLE_Wheat_Winter_PRCP_DEP/cumulative dia 10 (2026-07-31 → 2026-08-10) 57315 bytes
2026-07-31 08:55:17,408 [INFO] [OK] USA/ECM_ENSEMBLE_Wheat_Winter_PRCP_DEP/cumulative dia 11 (2026-07-31 → 2026-08-11) 58059 bytes
2026-07-31 08:55:17,442 [INFO] [OK] USA/ECM_ENSEMBLE_Wheat_Winter_PRCP_DEP/cumulative dia 12 (2026-07-31 → 2026-08-12) 58724 bytes
2026-07-31 08:55:17,865 [INFO] [OK] USA/ECM_ENSEMBLE_Wheat_Winter_PRCP/daily dia 00 (2026-07-31 → 2026-07-31) 40305 bytes
2026-07-31 08:55:17,951 [INFO] [OK] USA/ECM_ENSEMBLE_Wheat_Winter_PRCP_DEP/cumulative dia 13 (2026-07-31 → 2026-08-13) 59525 bytes
2026-07-31 08:55:18,084 [INFO] [OK] USA/ECM_ENSEMBLE_Wheat_Winter_PRCP/daily dia 01 (2026-08-01 → 2026-08-01) 39540 bytes
2026-07-31 08:55:18,817 [INFO] [OK] USA/ECM_ENSEMBLE_Wheat_Winter_PRCP_DEP/cumulative dia 14 (2026-07-31 → 2026-08-14) 60087 bytes
2026-07-31 08:55:18,958 [INFO] [OK] USA/ECM_ENSEMBLE_Wheat_Winter_PRCP/daily dia 02 (2026-08-02 → 2026-08-02) 38434 bytes
2026-07-31 08:55:18,982 [INFO] [OK] USA/ECM_ENSEMBLE_Wheat_Winter_PRCP/daily dia 03 (2026-08-03 → 2026-08-03) 37833 bytes
2026-07-31 08:55:19,377 [INFO] [OK] USA/ECM_ENSEMBLE_Wheat_Winter_PRCP/daily dia 04 (2026-08-04 → 2026-08-04) 36804 bytes
2026-07-31 08:55:19,482 [INFO] [OK] USA/ECM_ENSEMBLE_Wheat_Winter_PRCP/daily dia 05 (2026-08-05 → 2026-08-05) 36839 bytes
2026-07-31 08:55:19,602 [INFO] [OK] USA/ECM_ENSEMBLE_Wheat_Winter_PRCP/daily dia 06 (2026-08-06 → 2026-08-06) 36713 bytes
2026-07-31 08:55:20,378 [INFO] [OK] USA/ECM_ENSEMBLE_Wheat_Winter_PRCP/daily dia 07 (2026-08-07 → 2026-08-07) 36657 bytes
2026-07-31 08:55:20,664 [INFO] [OK] USA/ECM_ENSEMBLE_Wheat_Winter_PRCP/daily dia 08 (2026-08-08 → 2026-08-08) 36633 bytes
2026-07-31 08:55:20,748 [INFO] [OK] USA/ECM_ENSEMBLE_Wheat_Winter_PRCP/daily dia 09 (2026-08-09 → 2026-08-09) 36770 bytes
2026-07-31 08:55:20,914 [INFO] [OK] USA/ECM_ENSEMBLE_Wheat_Winter_PRCP/daily dia 10 (2026-08-10 → 2026-08-10) 37349 bytes
2026-07-31 08:55:21,431 [INFO] [OK] USA/ECM_ENSEMBLE_Wheat_Winter_PRCP/daily dia 11 (2026-08-11 → 2026-08-11) 36940 bytes
2026-07-31 08:55:21,435 [INFO] [OK] USA/ECM_ENSEMBLE_Wheat_Winter_PRCP/daily dia 12 (2026-08-12 → 2026-08-12) 37266 bytes
2026-07-31 08:55:22,141 [INFO] [OK] USA/ECM_ENSEMBLE_Wheat_Winter_PRCP/daily dia 13 (2026-08-13 → 2026-08-13) 37428 bytes
2026-07-31 08:55:22,203 [INFO] [OK] USA/ECM_ENSEMBLE_Wheat_Winter_PRCP/daily dia 14 (2026-08-14 → 2026-08-14) 37611 bytes
2026-07-31 08:55:22,332 [INFO] [OK] USA/ECM_ENSEMBLE_Wheat_Winter_PRCP/cumulative dia 00 (2026-07-31 → 2026-07-31) 40305 bytes
2026-07-31 08:55:22,523 [INFO] [OK] USA/ECM_ENSEMBLE_Wheat_Winter_PRCP/cumulative dia 01 (2026-07-31 → 2026-08-01) 43588 bytes
2026-07-31 08:55:23,202 [INFO] [OK] USA/ECM_ENSEMBLE_Wheat_Winter_PRCP/cumulative dia 02 (2026-07-31 → 2026-08-02) 45148 bytes
2026-07-31 08:55:23,331 [INFO] [OK] USA/ECM_ENSEMBLE_Wheat_Winter_PRCP/cumulative dia 03 (2026-07-31 → 2026-08-03) 46431 bytes
2026-07-31 08:55:24,261 [INFO] [OK] USA/ECM_ENSEMBLE_Wheat_Winter_PRCP/cumulative dia 04 (2026-07-31 → 2026-08-04) 47409 bytes
2026-07-31 08:55:24,452 [INFO] [OK] USA/ECM_ENSEMBLE_Wheat_Winter_PRCP/cumulative dia 06 (2026-07-31 → 2026-08-06) 48423 bytes
2026-07-31 08:55:24,454 [INFO] [OK] USA/ECM_ENSEMBLE_Wheat_Winter_PRCP/cumulative dia 05 (2026-07-31 → 2026-08-05) 47727 bytes
2026-07-31 08:55:24,875 [INFO] [OK] USA/ECM_ENSEMBLE_Wheat_Winter_PRCP/cumulative dia 07 (2026-07-31 → 2026-08-07) 49066 bytes
2026-07-31 08:55:25,511 [INFO] [OK] USA/ECM_ENSEMBLE_Wheat_Winter_PRCP/cumulative dia 08 (2026-07-31 → 2026-08-08) 49548 bytes
2026-07-31 08:55:25,755 [INFO] [OK] USA/ECM_ENSEMBLE_Wheat_Winter_PRCP/cumulative dia 09 (2026-07-31 → 2026-08-09) 50251 bytes
2026-07-31 08:55:27,138 [INFO] [OK] USA/ECM_ENSEMBLE_Wheat_Winter_PRCP/cumulative dia 10 (2026-07-31 → 2026-08-10) 50717 bytes
2026-07-31 08:55:27,332 [INFO] [OK] USA/ECM_ENSEMBLE_Wheat_Winter_PRCP/cumulative dia 11 (2026-07-31 → 2026-08-11) 50619 bytes
2026-07-31 08:55:27,544 [INFO] [OK] USA/ECM_ENSEMBLE_Wheat_Spring_PRCP_DEP/daily dia 00 (2026-07-31 → 2026-07-31) 47855 bytes
2026-07-31 08:55:27,718 [INFO] [OK] USA/ECM_ENSEMBLE_Wheat_Winter_PRCP/cumulative dia 12 (2026-07-31 → 2026-08-12) 51449 bytes
2026-07-31 08:55:28,019 [INFO] [OK] USA/ECM_ENSEMBLE_Wheat_Winter_PRCP/cumulative dia 13 (2026-07-31 → 2026-08-13) 52242 bytes
2026-07-31 08:55:28,628 [INFO] [OK] USA/ECM_ENSEMBLE_Wheat_Winter_PRCP/cumulative dia 14 (2026-07-31 → 2026-08-14) 51943 bytes
2026-07-31 08:55:28,892 [INFO] [OK] USA/ECM_ENSEMBLE_Wheat_Spring_PRCP_DEP/daily dia 01 (2026-08-01 → 2026-08-01) 45650 bytes
2026-07-31 08:55:28,985 [INFO] [OK] USA/ECM_ENSEMBLE_Wheat_Spring_PRCP_DEP/daily dia 02 (2026-08-02 → 2026-08-02) 44479 bytes
2026-07-31 08:55:29,174 [INFO] [OK] USA/ECM_ENSEMBLE_Wheat_Spring_PRCP_DEP/daily dia 03 (2026-08-03 → 2026-08-03) 45789 bytes
2026-07-31 08:55:29,459 [INFO] [OK] USA/ECM_ENSEMBLE_Wheat_Spring_PRCP_DEP/daily dia 04 (2026-08-04 → 2026-08-04) 48867 bytes
2026-07-31 08:55:29,606 [INFO] [OK] USA/ECM_ENSEMBLE_Wheat_Spring_PRCP_DEP/daily dia 05 (2026-08-05 → 2026-08-05) 49314 bytes
2026-07-31 08:55:30,639 [INFO] [OK] USA/ECM_ENSEMBLE_Wheat_Spring_PRCP_DEP/daily dia 08 (2026-08-08 → 2026-08-08) 51508 bytes
2026-07-31 08:55:30,639 [INFO] [OK] USA/ECM_ENSEMBLE_Wheat_Spring_PRCP_DEP/daily dia 07 (2026-08-07 → 2026-08-07) 51821 bytes
2026-07-31 08:55:30,820 [INFO] [OK] USA/ECM_ENSEMBLE_Wheat_Spring_PRCP_DEP/daily dia 09 (2026-08-09 → 2026-08-09) 53163 bytes
2026-07-31 08:55:30,837 [INFO] [OK] USA/ECM_ENSEMBLE_Wheat_Spring_PRCP_DEP/daily dia 06 (2026-08-06 → 2026-08-06) 50357 bytes
2026-07-31 08:55:31,206 [INFO] [OK] USA/ECM_ENSEMBLE_Wheat_Spring_PRCP_DEP/daily dia 10 (2026-08-10 → 2026-08-10) 56050 bytes
2026-07-31 08:55:31,259 [INFO] [OK] USA/ECM_ENSEMBLE_Wheat_Spring_PRCP_DEP/daily dia 11 (2026-08-11 → 2026-08-11) 56452 bytes
2026-07-31 08:55:32,377 [INFO] [OK] USA/ECM_ENSEMBLE_Wheat_Spring_PRCP_DEP/daily dia 12 (2026-08-12 → 2026-08-12) 55814 bytes
2026-07-31 08:55:32,398 [INFO] [OK] USA/ECM_ENSEMBLE_Wheat_Spring_PRCP_DEP/daily dia 13 (2026-08-13 → 2026-08-13) 56681 bytes
2026-07-31 08:55:32,900 [INFO] [OK] USA/ECM_ENSEMBLE_Wheat_Spring_PRCP_DEP/cumulative dia 00 (2026-07-31 → 2026-07-31) 47855 bytes
2026-07-31 08:55:33,053 [INFO] [OK] USA/ECM_ENSEMBLE_Wheat_Spring_PRCP_DEP/daily dia 14 (2026-08-14 → 2026-08-14) 57139 bytes
2026-07-31 08:55:33,178 [INFO] [OK] USA/ECM_ENSEMBLE_Wheat_Spring_PRCP_DEP/cumulative dia 01 (2026-07-31 → 2026-08-01) 50301 bytes
2026-07-31 08:55:33,438 [INFO] [OK] USA/ECM_ENSEMBLE_Wheat_Spring_PRCP_DEP/cumulative dia 02 (2026-07-31 → 2026-08-02) 52270 bytes
2026-07-31 08:55:34,364 [INFO] [OK] USA/ECM_ENSEMBLE_Wheat_Spring_PRCP_DEP/cumulative dia 03 (2026-07-31 → 2026-08-03) 52521 bytes
2026-07-31 08:55:34,704 [INFO] [OK] USA/ECM_ENSEMBLE_Wheat_Spring_PRCP_DEP/cumulative dia 04 (2026-07-31 → 2026-08-04) 52570 bytes
2026-07-31 08:55:35,444 [INFO] [OK] USA/ECM_ENSEMBLE_Wheat_Spring_PRCP_DEP/cumulative dia 05 (2026-07-31 → 2026-08-05) 51943 bytes
2026-07-31 08:55:35,472 [INFO] [OK] USA/ECM_ENSEMBLE_Wheat_Spring_PRCP_DEP/cumulative dia 06 (2026-07-31 → 2026-08-06) 52816 bytes
2026-07-31 08:55:35,816 [INFO] [OK] USA/ECM_ENSEMBLE_Wheat_Spring_PRCP_DEP/cumulative dia 07 (2026-07-31 → 2026-08-07) 52390 bytes
2026-07-31 08:55:35,884 [INFO] [OK] USA/ECM_ENSEMBLE_Wheat_Spring_PRCP_DEP/cumulative dia 08 (2026-07-31 → 2026-08-08) 52669 bytes
2026-07-31 08:55:36,961 [INFO] [OK] USA/ECM_ENSEMBLE_Wheat_Spring_PRCP_DEP/cumulative dia 09 (2026-07-31 → 2026-08-09) 53557 bytes
2026-07-31 08:55:37,654 [INFO] [OK] USA/ECM_ENSEMBLE_Wheat_Spring_PRCP_DEP/cumulative dia 10 (2026-07-31 → 2026-08-10) 54359 bytes
2026-07-31 08:55:38,333 [INFO] [OK] USA/ECM_ENSEMBLE_Wheat_Spring_PRCP_DEP/cumulative dia 12 (2026-07-31 → 2026-08-12) 55963 bytes
2026-07-31 08:55:38,371 [INFO] [OK] USA/ECM_ENSEMBLE_Wheat_Spring_PRCP_DEP/cumulative dia 11 (2026-07-31 → 2026-08-11) 55108 bytes
2026-07-31 08:55:38,611 [INFO] [OK] USA/ECM_ENSEMBLE_Wheat_Spring_PRCP/daily dia 00 (2026-07-31 → 2026-07-31) 37276 bytes
2026-07-31 08:55:39,085 [INFO] [OK] USA/ECM_ENSEMBLE_Wheat_Spring_PRCP_DEP/cumulative dia 13 (2026-07-31 → 2026-08-13) 56715 bytes
2026-07-31 08:55:39,092 [INFO] [OK] USA/ECM_ENSEMBLE_Wheat_Spring_PRCP_DEP/cumulative dia 14 (2026-07-31 → 2026-08-14) 57461 bytes
2026-07-31 08:55:39,170 [INFO] [OK] USA/ECM_ENSEMBLE_Wheat_Spring_PRCP/daily dia 01 (2026-08-01 → 2026-08-01) 36468 bytes
2026-07-31 08:55:39,931 [INFO] [OK] USA/ECM_ENSEMBLE_Wheat_Spring_PRCP/daily dia 02 (2026-08-02 → 2026-08-02) 34970 bytes
2026-07-31 08:55:40,024 [INFO] [OK] USA/ECM_ENSEMBLE_Wheat_Spring_PRCP/daily dia 03 (2026-08-03 → 2026-08-03) 34711 bytes
2026-07-31 08:55:40,173 [INFO] [OK] USA/ECM_ENSEMBLE_Wheat_Spring_PRCP/daily dia 04 (2026-08-04 → 2026-08-04) 33864 bytes
2026-07-31 08:55:40,635 [INFO] [OK] USA/ECM_ENSEMBLE_Wheat_Spring_PRCP/daily dia 06 (2026-08-06 → 2026-08-06) 33526 bytes
2026-07-31 08:55:40,693 [INFO] [OK] USA/ECM_ENSEMBLE_Wheat_Spring_PRCP/daily dia 05 (2026-08-05 → 2026-08-05) 33647 bytes
2026-07-31 08:55:40,763 [INFO] [OK] USA/ECM_ENSEMBLE_Wheat_Spring_PRCP/daily dia 07 (2026-08-07 → 2026-08-07) 33614 bytes
2026-07-31 08:55:41,475 [INFO] [OK] USA/ECM_ENSEMBLE_Wheat_Spring_PRCP/daily dia 08 (2026-08-08 → 2026-08-08) 33598 bytes
2026-07-31 08:55:41,598 [INFO] [OK] USA/ECM_ENSEMBLE_Wheat_Spring_PRCP/daily dia 09 (2026-08-09 → 2026-08-09) 33628 bytes
2026-07-31 08:55:41,817 [INFO] [OK] USA/ECM_ENSEMBLE_Wheat_Spring_PRCP/daily dia 10 (2026-08-10 → 2026-08-10) 34340 bytes
2026-07-31 08:55:42,245 [INFO] [OK] USA/ECM_ENSEMBLE_Wheat_Spring_PRCP/daily dia 11 (2026-08-11 → 2026-08-11) 33801 bytes
2026-07-31 08:55:42,543 [INFO] [OK] USA/ECM_ENSEMBLE_Wheat_Spring_PRCP/daily dia 13 (2026-08-13 → 2026-08-13) 34459 bytes
2026-07-31 08:55:42,545 [INFO] [OK] USA/ECM_ENSEMBLE_Wheat_Spring_PRCP/daily dia 12 (2026-08-12 → 2026-08-12) 34297 bytes
2026-07-31 08:55:43,005 [INFO] [OK] USA/ECM_ENSEMBLE_Wheat_Spring_PRCP/daily dia 14 (2026-08-14 → 2026-08-14) 34693 bytes
2026-07-31 08:55:43,115 [INFO] [OK] USA/ECM_ENSEMBLE_Wheat_Spring_PRCP/cumulative dia 00 (2026-07-31 → 2026-07-31) 37276 bytes
2026-07-31 08:55:43,499 [INFO] [OK] USA/ECM_ENSEMBLE_Wheat_Spring_PRCP/cumulative dia 01 (2026-07-31 → 2026-08-01) 40225 bytes
2026-07-31 08:55:44,020 [INFO] [OK] USA/ECM_ENSEMBLE_Wheat_Spring_PRCP/cumulative dia 02 (2026-07-31 → 2026-08-02) 41772 bytes
2026-07-31 08:55:44,538 [INFO] [OK] USA/ECM_ENSEMBLE_Wheat_Spring_PRCP/cumulative dia 03 (2026-07-31 → 2026-08-03) 43037 bytes
2026-07-31 08:55:44,712 [INFO] [OK] USA/ECM_ENSEMBLE_Wheat_Spring_PRCP/cumulative dia 04 (2026-07-31 → 2026-08-04) 43983 bytes
2026-07-31 08:55:45,159 [INFO] [OK] USA/ECM_ENSEMBLE_Wheat_Spring_PRCP/cumulative dia 05 (2026-07-31 → 2026-08-05) 44222 bytes
2026-07-31 08:55:45,396 [INFO] [OK] USA/ECM_ENSEMBLE_Wheat_Spring_PRCP/cumulative dia 06 (2026-07-31 → 2026-08-06) 44942 bytes
2026-07-31 08:55:45,960 [INFO] [OK] USA/ECM_ENSEMBLE_Wheat_Spring_PRCP/cumulative dia 07 (2026-07-31 → 2026-08-07) 45594 bytes
2026-07-31 08:55:46,680 [INFO] [OK] USA/ECM_ENSEMBLE_Wheat_Spring_PRCP/cumulative dia 08 (2026-07-31 → 2026-08-08) 46104 bytes
2026-07-31 08:55:47,035 [INFO] [OK] USA/ECM_ENSEMBLE_Wheat_Spring_PRCP/cumulative dia 09 (2026-07-31 → 2026-08-09) 46709 bytes
2026-07-31 08:55:47,238 [INFO] [OK] USA/ECM_ENSEMBLE_Wheat_Spring_PRCP/cumulative dia 10 (2026-07-31 → 2026-08-10) 47178 bytes
2026-07-31 08:55:47,881 [INFO] [OK] USA/ECM_ENSEMBLE_Wheat_Spring_PRCP/cumulative dia 11 (2026-07-31 → 2026-08-11) 47067 bytes
2026-07-31 08:55:48,268 [INFO] [OK] USA/ECM_ENSEMBLE_Wheat_Spring_PRCP/cumulative dia 12 (2026-07-31 → 2026-08-12) 47767 bytes
2026-07-31 08:55:49,010 [INFO] [OK] USA/ECM_ENSEMBLE_Wheat_Spring_PRCP/cumulative dia 13 (2026-07-31 → 2026-08-13) 48692 bytes
2026-07-31 08:55:49,532 [INFO] [OK] USA/ECM_ENSEMBLE_Wheat_Spring_PRCP/cumulative dia 14 (2026-07-31 → 2026-08-14) 48475 bytes
2026-07-31 08:55:49,538 [INFO] Resumo: 960/960 sucessos, 0 erros
2026-07-31 08:55:50,213 [INFO] [CLEANUP] Removidas 320 pastas de histórico anteriores a 2026-07-01
2026-07-31 08:55:50,239 [INFO] Manifest: C:\Users\server\OneDrive - CGB Enterprises, Inc\ZGC-PBI Research - Documents\Dataset Data Files\Weather_maps\manifest.json
2026-07-31 08:55:50,240 [INFO] [GIT] Iniciando sincronização com GitHub...
2026-07-31 08:57:51,219 [INFO] [GIT] Sucesso ✓
2026-07-31 08:57:51,235 [INFO] ✓ Sincronizado com GitHub — Power BI atualiza no próximo refresh
2026-07-31 09:33:31,495 [INFO] === Execução 2026-07-31 | modo=both | dias=15 | parâmetro=['PRCP_DEP', 'PRCP'] ===
2026-07-31 09:33:31,503 [INFO] Baixando 960 mapas com 6 threads...
2026-07-31 09:33:35,303 [INFO] [OK] Brazil/GFS_ENSEMBLE_Soy_PRCP_DEP/daily dia 00 (2026-07-31 → 2026-07-31) 41097 bytes
2026-07-31 09:33:35,524 [INFO] [OK] Brazil/GFS_ENSEMBLE_Soy_PRCP_DEP/daily dia 02 (2026-08-02 → 2026-08-02) 44703 bytes
2026-07-31 09:33:35,742 [INFO] [OK] Brazil/GFS_ENSEMBLE_Soy_PRCP_DEP/daily dia 03 (2026-08-03 → 2026-08-03) 47035 bytes
2026-07-31 09:33:35,744 [INFO] [OK] Brazil/GFS_ENSEMBLE_Soy_PRCP_DEP/daily dia 05 (2026-08-05 → 2026-08-05) 48030 bytes
2026-07-31 09:33:35,814 [INFO] [OK] Brazil/GFS_ENSEMBLE_Soy_PRCP_DEP/daily dia 01 (2026-08-01 → 2026-08-01) 43090 bytes
2026-07-31 09:33:35,830 [INFO] [OK] Brazil/GFS_ENSEMBLE_Soy_PRCP_DEP/daily dia 04 (2026-08-04 → 2026-08-04) 45948 bytes
2026-07-31 09:33:37,961 [INFO] [OK] Brazil/GFS_ENSEMBLE_Soy_PRCP_DEP/daily dia 06 (2026-08-06 → 2026-08-06) 45365 bytes
2026-07-31 09:33:37,967 [INFO] [OK] Brazil/GFS_ENSEMBLE_Soy_PRCP_DEP/daily dia 07 (2026-08-07 → 2026-08-07) 46261 bytes
2026-07-31 09:33:38,353 [INFO] [OK] Brazil/GFS_ENSEMBLE_Soy_PRCP_DEP/daily dia 11 (2026-08-11 → 2026-08-11) 48284 bytes
2026-07-31 09:33:38,355 [INFO] [OK] Brazil/GFS_ENSEMBLE_Soy_PRCP_DEP/daily dia 09 (2026-08-09 → 2026-08-09) 46851 bytes
2026-07-31 09:33:39,560 [INFO] [OK] Brazil/GFS_ENSEMBLE_Soy_PRCP_DEP/daily dia 08 (2026-08-08 → 2026-08-08) 46676 bytes
2026-07-31 09:33:39,568 [INFO] [OK] Brazil/GFS_ENSEMBLE_Soy_PRCP_DEP/daily dia 10 (2026-08-10 → 2026-08-10) 47803 bytes
2026-07-31 09:33:40,201 [INFO] [OK] Brazil/GFS_ENSEMBLE_Soy_PRCP_DEP/daily dia 13 (2026-08-13 → 2026-08-13) 51325 bytes
2026-07-31 09:33:41,144 [INFO] [OK] Brazil/GFS_ENSEMBLE_Soy_PRCP_DEP/daily dia 12 (2026-08-12 → 2026-08-12) 49714 bytes
2026-07-31 09:33:41,152 [INFO] [OK] Brazil/GFS_ENSEMBLE_Soy_PRCP_DEP/daily dia 14 (2026-08-14 → 2026-08-14) 51425 bytes
2026-07-31 09:33:41,157 [INFO] [OK] Brazil/GFS_ENSEMBLE_Soy_PRCP_DEP/cumulative dia 00 (2026-07-31 → 2026-07-31) 41097 bytes
2026-07-31 09:33:42,189 [INFO] [OK] Brazil/GFS_ENSEMBLE_Soy_PRCP_DEP/cumulative dia 01 (2026-07-31 → 2026-08-01) 44969 bytes
2026-07-31 09:33:42,581 [INFO] [OK] Brazil/GFS_ENSEMBLE_Soy_PRCP_DEP/cumulative dia 02 (2026-07-31 → 2026-08-02) 45540 bytes
2026-07-31 09:33:43,101 [INFO] [OK] Brazil/GFS_ENSEMBLE_Soy_PRCP_DEP/cumulative dia 03 (2026-07-31 → 2026-08-03) 46978 bytes
2026-07-31 09:33:44,722 [INFO] [OK] Brazil/GFS_ENSEMBLE_Soy_PRCP_DEP/cumulative dia 04 (2026-07-31 → 2026-08-04) 47813 bytes
2026-07-31 09:33:45,582 [INFO] [OK] Brazil/GFS_ENSEMBLE_Soy_PRCP_DEP/cumulative dia 06 (2026-07-31 → 2026-08-06) 51090 bytes
2026-07-31 09:33:45,582 [INFO] [OK] Brazil/GFS_ENSEMBLE_Soy_PRCP_DEP/cumulative dia 05 (2026-07-31 → 2026-08-05) 49547 bytes
2026-07-31 09:33:46,857 [INFO] [OK] Brazil/GFS_ENSEMBLE_Soy_PRCP_DEP/cumulative dia 07 (2026-07-31 → 2026-08-07) 51822 bytes
2026-07-31 09:33:47,339 [INFO] [OK] Brazil/GFS_ENSEMBLE_Soy_PRCP_DEP/cumulative dia 08 (2026-07-31 → 2026-08-08) 52302 bytes
2026-07-31 09:33:48,713 [INFO] [OK] Brazil/GFS_ENSEMBLE_Soy_PRCP_DEP/cumulative dia 09 (2026-07-31 → 2026-08-09) 52367 bytes
