2026-09-17 09:33:17,831 [INFO] === Execução 2026-09-17 | modo=both | dias=15 | parâmetro=['PRCP_DEP', 'PRCP'] ===
2026-09-17 09:33:17,832 [INFO] Baixando 960 mapas com 6 threads...
2026-09-17 09:33:20,738 [INFO] [OK] Brazil/GFS_ENSEMBLE_Soy_PRCP_DEP/daily dia 03 (2026-09-20 → 2026-09-20) 41450 bytes
2026-09-17 09:33:20,888 [INFO] [OK] Brazil/GFS_ENSEMBLE_Soy_PRCP_DEP/daily dia 05 (2026-09-22 → 2026-09-22) 43634 bytes
2026-09-17 09:33:21,235 [INFO] [OK] Brazil/GFS_ENSEMBLE_Soy_PRCP_DEP/daily dia 04 (2026-09-21 → 2026-09-21) 42496 bytes
2026-09-17 09:33:21,240 [INFO] [OK] Brazil/GFS_ENSEMBLE_Soy_PRCP_DEP/daily dia 00 (2026-09-17 → 2026-09-17) 37562 bytes
2026-09-17 09:33:21,272 [INFO] [OK] Brazil/GFS_ENSEMBLE_Soy_PRCP_DEP/daily dia 01 (2026-09-18 → 2026-09-18) 41065 bytes
2026-09-17 09:33:21,303 [INFO] [OK] Brazil/GFS_ENSEMBLE_Soy_PRCP_DEP/daily dia 02 (2026-09-19 → 2026-09-19) 42984 bytes
2026-09-17 09:33:22,137 [INFO] [OK] Brazil/GFS_ENSEMBLE_Soy_PRCP_DEP/daily dia 06 (2026-09-23 → 2026-09-23) 44586 bytes
2026-09-17 09:33:22,248 [INFO] [OK] Brazil/GFS_ENSEMBLE_Soy_PRCP_DEP/daily dia 07 (2026-09-24 → 2026-09-24) 43464 bytes
2026-09-17 09:33:22,759 [INFO] [OK] Brazil/GFS_ENSEMBLE_Soy_PRCP_DEP/daily dia 10 (2026-09-27 → 2026-09-27) 48754 bytes
2026-09-17 09:33:22,782 [INFO] [OK] Brazil/GFS_ENSEMBLE_Soy_PRCP_DEP/daily dia 08 (2026-09-25 → 2026-09-25) 45496 bytes
2026-09-17 09:33:22,806 [INFO] [OK] Brazil/GFS_ENSEMBLE_Soy_PRCP_DEP/daily dia 09 (2026-09-26 → 2026-09-26) 44968 bytes
2026-09-17 09:33:22,855 [INFO] [OK] Brazil/GFS_ENSEMBLE_Soy_PRCP_DEP/daily dia 11 (2026-09-28 → 2026-09-28) 52090 bytes
2026-09-17 09:33:23,561 [INFO] [OK] Brazil/GFS_ENSEMBLE_Soy_PRCP_DEP/daily dia 12 (2026-09-29 → 2026-09-29) 52719 bytes
2026-09-17 09:33:23,629 [INFO] [OK] Brazil/GFS_ENSEMBLE_Soy_PRCP_DEP/daily dia 13 (2026-09-30 → 2026-09-30) 52821 bytes
2026-09-17 09:33:24,142 [INFO] [OK] Brazil/GFS_ENSEMBLE_Soy_PRCP_DEP/cumulative dia 00 (2026-09-17 → 2026-09-17) 37562 bytes
2026-09-17 09:33:24,323 [INFO] [OK] Brazil/GFS_ENSEMBLE_Soy_PRCP_DEP/cumulative dia 01 (2026-09-17 → 2026-09-18) 41346 bytes
2026-09-17 09:33:24,424 [INFO] [OK] Brazil/GFS_ENSEMBLE_Soy_PRCP_DEP/daily dia 14 (2026-10-01 → 2026-10-01) 52792 bytes
2026-09-17 09:33:24,543 [INFO] [OK] Brazil/GFS_ENSEMBLE_Soy_PRCP_DEP/cumulative dia 02 (2026-09-17 → 2026-09-19) 44423 bytes
2026-09-17 09:33:25,107 [INFO] [OK] Brazil/GFS_ENSEMBLE_Soy_PRCP_DEP/cumulative dia 03 (2026-09-17 → 2026-09-20) 45633 bytes
2026-09-17 09:33:25,299 [INFO] [OK] Brazil/GFS_ENSEMBLE_Soy_PRCP_DEP/cumulative dia 04 (2026-09-17 → 2026-09-21) 45805 bytes
2026-09-17 09:33:25,955 [INFO] [OK] Brazil/GFS_ENSEMBLE_Soy_PRCP_DEP/cumulative dia 05 (2026-09-17 → 2026-09-22) 46875 bytes
2026-09-17 09:33:26,174 [INFO] [OK] Brazil/GFS_ENSEMBLE_Soy_PRCP_DEP/cumulative dia 06 (2026-09-17 → 2026-09-23) 47098 bytes
2026-09-17 09:33:26,331 [INFO] [OK] Brazil/GFS_ENSEMBLE_Soy_PRCP_DEP/cumulative dia 07 (2026-09-17 → 2026-09-24) 47527 bytes
2026-09-17 09:33:26,558 [INFO] [OK] Brazil/GFS_ENSEMBLE_Soy_PRCP_DEP/cumulative dia 08 (2026-09-17 → 2026-09-25) 47429 bytes
2026-09-17 09:33:27,152 [INFO] [OK] Brazil/GFS_ENSEMBLE_Soy_PRCP_DEP/cumulative dia 09 (2026-09-17 → 2026-09-26) 47626 bytes
2026-09-17 09:33:27,449 [INFO] [OK] Brazil/GFS_ENSEMBLE_Soy_PRCP_DEP/cumulative dia 10 (2026-09-17 → 2026-09-27) 48032 bytes
2026-09-17 09:33:28,357 [INFO] [OK] Brazil/GFS_ENSEMBLE_Soy_PRCP_DEP/cumulative dia 11 (2026-09-17 → 2026-09-28) 48293 bytes
2026-09-17 09:33:28,903 [INFO] [OK] Brazil/GFS_ENSEMBLE_Soy_PRCP_DEP/cumulative dia 13 (2026-09-17 → 2026-09-30) 48940 bytes
2026-09-17 09:33:28,903 [INFO] [OK] Brazil/GFS_ENSEMBLE_Soy_PRCP_DEP/cumulative dia 12 (2026-09-17 → 2026-09-29) 48358 bytes
2026-09-17 09:33:28,904 [INFO] [OK] Brazil/GFS_ENSEMBLE_Soy_PRCP/daily dia 00 (2026-09-17 → 2026-09-17) 29604 bytes
2026-09-17 09:33:28,917 [INFO] [OK] Brazil/GFS_ENSEMBLE_Soy_PRCP/daily dia 01 (2026-09-18 → 2026-09-18) 31229 bytes
2026-09-17 09:33:29,027 [INFO] [OK] Brazil/GFS_ENSEMBLE_Soy_PRCP_DEP/cumulative dia 14 (2026-09-17 → 2026-10-01) 49426 bytes
2026-09-17 09:33:29,652 [INFO] [OK] Brazil/GFS_ENSEMBLE_Soy_PRCP/daily dia 02 (2026-09-19 → 2026-09-19) 32208 bytes
2026-09-17 09:33:30,231 [INFO] [OK] Brazil/GFS_ENSEMBLE_Soy_PRCP/daily dia 05 (2026-09-22 → 2026-09-22) 31720 bytes
2026-09-17 09:33:30,408 [INFO] [OK] Brazil/GFS_ENSEMBLE_Soy_PRCP/daily dia 07 (2026-09-24 → 2026-09-24) 30565 bytes
2026-09-17 09:33:30,458 [INFO] [OK] Brazil/GFS_ENSEMBLE_Soy_PRCP/daily dia 06 (2026-09-23 → 2026-09-23) 31201 bytes
2026-09-17 09:33:30,573 [INFO] [OK] Brazil/GFS_ENSEMBLE_Soy_PRCP/daily dia 03 (2026-09-20 → 2026-09-20) 30437 bytes
2026-09-17 09:33:30,614 [INFO] [OK] Brazil/GFS_ENSEMBLE_Soy_PRCP/daily dia 04 (2026-09-21 → 2026-09-21) 30716 bytes
2026-09-17 09:33:30,990 [INFO] [OK] Brazil/GFS_ENSEMBLE_Soy_PRCP/daily dia 08 (2026-09-25 → 2026-09-25) 30091 bytes
2026-09-17 09:33:31,540 [INFO] [OK] Brazil/GFS_ENSEMBLE_Soy_PRCP/daily dia 09 (2026-09-26 → 2026-09-26) 30091 bytes
2026-09-17 09:33:31,733 [INFO] [OK] Brazil/GFS_ENSEMBLE_Soy_PRCP/daily dia 10 (2026-09-27 → 2026-09-27) 30404 bytes
2026-09-17 09:33:31,871 [INFO] [OK] Brazil/GFS_ENSEMBLE_Soy_PRCP/daily dia 11 (2026-09-28 → 2026-09-28) 31063 bytes
2026-09-17 09:33:31,940 [INFO] [OK] Brazil/GFS_ENSEMBLE_Soy_PRCP/daily dia 12 (2026-09-29 → 2026-09-29) 31781 bytes
2026-09-17 09:33:32,002 [INFO] [OK] Brazil/GFS_ENSEMBLE_Soy_PRCP/daily dia 13 (2026-09-30 → 2026-09-30) 32623 bytes
2026-09-17 09:33:32,400 [INFO] [OK] Brazil/GFS_ENSEMBLE_Soy_PRCP/daily dia 14 (2026-10-01 → 2026-10-01) 32083 bytes
2026-09-17 09:33:32,861 [INFO] [OK] Brazil/GFS_ENSEMBLE_Soy_PRCP/cumulative dia 00 (2026-09-17 → 2026-09-17) 29604 bytes
2026-09-17 09:33:33,123 [INFO] [OK] Brazil/GFS_ENSEMBLE_Soy_PRCP/cumulative dia 01 (2026-09-17 → 2026-09-18) 32384 bytes
2026-09-17 09:33:33,328 [INFO] [OK] Brazil/GFS_ENSEMBLE_Soy_PRCP/cumulative dia 02 (2026-09-17 → 2026-09-19) 35423 bytes
2026-09-17 09:33:33,537 [INFO] [OK] Brazil/GFS_ENSEMBLE_Soy_PRCP/cumulative dia 03 (2026-09-17 → 2026-09-20) 36880 bytes
2026-09-17 09:33:33,758 [INFO] [OK] Brazil/GFS_ENSEMBLE_Soy_PRCP/cumulative dia 04 (2026-09-17 → 2026-09-21) 37517 bytes
2026-09-17 09:33:34,037 [INFO] [OK] Brazil/GFS_ENSEMBLE_Soy_PRCP/cumulative dia 05 (2026-09-17 → 2026-09-22) 38740 bytes
2026-09-17 09:33:34,637 [INFO] [OK] Brazil/GFS_ENSEMBLE_Soy_PRCP/cumulative dia 06 (2026-09-17 → 2026-09-23) 39372 bytes
2026-09-17 09:33:35,027 [INFO] [OK] Brazil/GFS_ENSEMBLE_Soy_PRCP/cumulative dia 07 (2026-09-17 → 2026-09-24) 39769 bytes
2026-09-17 09:33:35,331 [INFO] [OK] Brazil/GFS_ENSEMBLE_Soy_PRCP/cumulative dia 08 (2026-09-17 → 2026-09-25) 40040 bytes
2026-09-17 09:33:35,575 [INFO] [OK] Brazil/GFS_ENSEMBLE_Soy_PRCP/cumulative dia 09 (2026-09-17 → 2026-09-26) 40618 bytes
2026-09-17 09:33:35,852 [INFO] [OK] Brazil/GFS_ENSEMBLE_Soy_PRCP/cumulative dia 10 (2026-09-17 → 2026-09-27) 41404 bytes
2026-09-17 09:33:36,677 [INFO] [OK] Brazil/GFS_ENSEMBLE_Soy_PRCP/cumulative dia 11 (2026-09-17 → 2026-09-28) 42083 bytes
2026-09-17 09:33:36,926 [INFO] [OK] Brazil/GFS_ENSEMBLE_Soy_PRCP/cumulative dia 12 (2026-09-17 → 2026-09-29) 42703 bytes
2026-09-17 09:33:37,040 [INFO] [OK] Brazil/GFS_ENSEMBLE_Corn_Winter_PRCP_DEP/daily dia 00 (2026-09-17 → 2026-09-17) 35871 bytes
2026-09-17 09:33:37,262 [INFO] [OK] Brazil/GFS_ENSEMBLE_Corn_Winter_PRCP_DEP/daily dia 01 (2026-09-18 → 2026-09-18) 39584 bytes
2026-09-17 09:33:37,386 [INFO] [OK] Brazil/GFS_ENSEMBLE_Soy_PRCP/cumulative dia 13 (2026-09-17 → 2026-09-30) 43232 bytes
2026-09-17 09:33:37,684 [INFO] [OK] Brazil/GFS_ENSEMBLE_Soy_PRCP/cumulative dia 14 (2026-09-17 → 2026-10-01) 43655 bytes
2026-09-17 09:33:37,965 [INFO] [OK] Brazil/GFS_ENSEMBLE_Corn_Winter_PRCP_DEP/daily dia 02 (2026-09-19 → 2026-09-19) 41660 bytes
2026-09-17 09:33:38,304 [INFO] [OK] Brazil/GFS_ENSEMBLE_Corn_Winter_PRCP_DEP/daily dia 03 (2026-09-20 → 2026-09-20) 39986 bytes
2026-09-17 09:33:38,639 [INFO] [OK] Brazil/GFS_ENSEMBLE_Corn_Winter_PRCP_DEP/daily dia 04 (2026-09-21 → 2026-09-21) 41313 bytes
2026-09-17 09:33:38,827 [INFO] [OK] Brazil/GFS_ENSEMBLE_Corn_Winter_PRCP_DEP/daily dia 06 (2026-09-23 → 2026-09-23) 42971 bytes
2026-09-17 09:33:38,885 [INFO] [OK] Brazil/GFS_ENSEMBLE_Corn_Winter_PRCP_DEP/daily dia 05 (2026-09-22 → 2026-09-22) 42576 bytes
2026-09-17 09:33:39,055 [INFO] [OK] Brazil/GFS_ENSEMBLE_Corn_Winter_PRCP_DEP/daily dia 07 (2026-09-24 → 2026-09-24) 41875 bytes
2026-09-17 09:33:39,324 [INFO] [OK] Brazil/GFS_ENSEMBLE_Corn_Winter_PRCP_DEP/daily dia 08 (2026-09-25 → 2026-09-25) 44111 bytes
2026-09-17 09:33:39,646 [INFO] [OK] Brazil/GFS_ENSEMBLE_Corn_Winter_PRCP_DEP/daily dia 09 (2026-09-26 → 2026-09-26) 43565 bytes
2026-09-17 09:33:40,006 [INFO] [OK] Brazil/GFS_ENSEMBLE_Corn_Winter_PRCP_DEP/daily dia 10 (2026-09-27 → 2026-09-27) 47187 bytes
2026-09-17 09:33:40,252 [INFO] [OK] Brazil/GFS_ENSEMBLE_Corn_Winter_PRCP_DEP/daily dia 11 (2026-09-28 → 2026-09-28) 50424 bytes
2026-09-17 09:33:40,270 [INFO] [OK] Brazil/GFS_ENSEMBLE_Corn_Winter_PRCP_DEP/daily dia 12 (2026-09-29 → 2026-09-29) 51400 bytes
2026-09-17 09:33:40,459 [INFO] [OK] Brazil/GFS_ENSEMBLE_Corn_Winter_PRCP_DEP/daily dia 13 (2026-09-30 → 2026-09-30) 51405 bytes
2026-09-17 09:33:40,823 [INFO] [OK] Brazil/GFS_ENSEMBLE_Corn_Winter_PRCP_DEP/daily dia 14 (2026-10-01 → 2026-10-01) 51147 bytes
2026-09-17 09:33:41,024 [INFO] [OK] Brazil/GFS_ENSEMBLE_Corn_Winter_PRCP_DEP/cumulative dia 00 (2026-09-17 → 2026-09-17) 35871 bytes
2026-09-17 09:33:41,426 [INFO] [OK] Brazil/GFS_ENSEMBLE_Corn_Winter_PRCP_DEP/cumulative dia 01 (2026-09-17 → 2026-09-18) 39904 bytes
2026-09-17 09:33:41,803 [INFO] [OK] Brazil/GFS_ENSEMBLE_Corn_Winter_PRCP_DEP/cumulative dia 02 (2026-09-17 → 2026-09-19) 43124 bytes
2026-09-17 09:33:41,878 [INFO] [OK] Brazil/GFS_ENSEMBLE_Corn_Winter_PRCP_DEP/cumulative dia 03 (2026-09-17 → 2026-09-20) 44164 bytes
2026-09-17 09:33:42,172 [INFO] [OK] Brazil/GFS_ENSEMBLE_Corn_Winter_PRCP_DEP/cumulative dia 04 (2026-09-17 → 2026-09-21) 44345 bytes
2026-09-17 09:33:42,582 [INFO] [OK] Brazil/GFS_ENSEMBLE_Corn_Winter_PRCP_DEP/cumulative dia 05 (2026-09-17 → 2026-09-22) 45552 bytes
2026-09-17 09:33:42,857 [INFO] [OK] Brazil/GFS_ENSEMBLE_Corn_Winter_PRCP_DEP/cumulative dia 06 (2026-09-17 → 2026-09-23) 45849 bytes
2026-09-17 09:33:43,320 [INFO] [OK] Brazil/GFS_ENSEMBLE_Corn_Winter_PRCP_DEP/cumulative dia 07 (2026-09-17 → 2026-09-24) 46270 bytes
2026-09-17 09:33:43,766 [INFO] [OK] Brazil/GFS_ENSEMBLE_Corn_Winter_PRCP_DEP/cumulative dia 08 (2026-09-17 → 2026-09-25) 46315 bytes
2026-09-17 09:33:43,991 [INFO] [OK] Brazil/GFS_ENSEMBLE_Corn_Winter_PRCP_DEP/cumulative dia 09 (2026-09-17 → 2026-09-26) 46359 bytes
2026-09-17 09:33:44,292 [INFO] [OK] Brazil/GFS_ENSEMBLE_Corn_Winter_PRCP_DEP/cumulative dia 10 (2026-09-17 → 2026-09-27) 46875 bytes
2026-09-17 09:33:44,751 [INFO] [OK] Brazil/GFS_ENSEMBLE_Corn_Winter_PRCP_DEP/cumulative dia 11 (2026-09-17 → 2026-09-28) 47041 bytes
2026-09-17 09:33:45,121 [INFO] [OK] Brazil/GFS_ENSEMBLE_Corn_Winter_PRCP_DEP/cumulative dia 12 (2026-09-17 → 2026-09-29) 47223 bytes
2026-09-17 09:33:45,350 [INFO] [OK] Brazil/GFS_ENSEMBLE_Corn_Winter_PRCP/daily dia 00 (2026-09-17 → 2026-09-17) 28019 bytes
2026-09-17 09:33:45,624 [INFO] [OK] Brazil/GFS_ENSEMBLE_Corn_Winter_PRCP_DEP/cumulative dia 13 (2026-09-17 → 2026-09-30) 47629 bytes
2026-09-17 09:33:45,634 [INFO] [OK] Brazil/GFS_ENSEMBLE_Corn_Winter_PRCP/daily dia 01 (2026-09-18 → 2026-09-18) 29723 bytes
2026-09-17 09:33:46,203 [INFO] [OK] Brazil/GFS_ENSEMBLE_Corn_Winter_PRCP_DEP/cumulative dia 14 (2026-09-17 → 2026-10-01) 47995 bytes
2026-09-17 09:33:46,256 [INFO] [OK] Brazil/GFS_ENSEMBLE_Corn_Winter_PRCP/daily dia 02 (2026-09-19 → 2026-09-19) 30682 bytes
2026-09-17 09:33:46,412 [INFO] [OK] Brazil/GFS_ENSEMBLE_Corn_Winter_PRCP/daily dia 03 (2026-09-20 → 2026-09-20) 28792 bytes
2026-09-17 09:33:46,767 [INFO] [OK] Brazil/GFS_ENSEMBLE_Corn_Winter_PRCP/daily dia 04 (2026-09-21 → 2026-09-21) 29075 bytes
2026-09-17 09:33:46,949 [INFO] [OK] Brazil/GFS_ENSEMBLE_Corn_Winter_PRCP/daily dia 06 (2026-09-23 → 2026-09-23) 29722 bytes
2026-09-17 09:33:46,968 [INFO] [OK] Brazil/GFS_ENSEMBLE_Corn_Winter_PRCP/daily dia 05 (2026-09-22 → 2026-09-22) 30129 bytes
2026-09-17 09:33:47,582 [INFO] [OK] Brazil/GFS_ENSEMBLE_Corn_Winter_PRCP/daily dia 07 (2026-09-24 → 2026-09-24) 28783 bytes
2026-09-17 09:33:47,633 [INFO] [OK] Brazil/GFS_ENSEMBLE_Corn_Winter_PRCP/daily dia 08 (2026-09-25 → 2026-09-25) 28564 bytes
2026-09-17 09:33:47,734 [INFO] [OK] Brazil/GFS_ENSEMBLE_Corn_Winter_PRCP/daily dia 09 (2026-09-26 → 2026-09-26) 28522 bytes
2026-09-17 09:33:48,206 [INFO] [OK] Brazil/GFS_ENSEMBLE_Corn_Winter_PRCP/daily dia 10 (2026-09-27 → 2026-09-27) 28872 bytes
2026-09-17 09:33:48,372 [INFO] [OK] Brazil/GFS_ENSEMBLE_Corn_Winter_PRCP/daily dia 12 (2026-09-29 → 2026-09-29) 30195 bytes
2026-09-17 09:33:48,508 [INFO] [OK] Brazil/GFS_ENSEMBLE_Corn_Winter_PRCP/daily dia 11 (2026-09-28 → 2026-09-28) 29467 bytes
2026-09-17 09:33:48,881 [INFO] [OK] Brazil/GFS_ENSEMBLE_Corn_Winter_PRCP/daily dia 13 (2026-09-30 → 2026-09-30) 31056 bytes
2026-09-17 09:33:48,940 [INFO] [OK] Brazil/GFS_ENSEMBLE_Corn_Winter_PRCP/daily dia 14 (2026-10-01 → 2026-10-01) 30581 bytes
2026-09-17 09:33:49,013 [INFO] [OK] Brazil/GFS_ENSEMBLE_Corn_Winter_PRCP/cumulative dia 00 (2026-09-17 → 2026-09-17) 28019 bytes
2026-09-17 09:33:49,632 [INFO] [OK] Brazil/GFS_ENSEMBLE_Corn_Winter_PRCP/cumulative dia 01 (2026-09-17 → 2026-09-18) 30894 bytes
2026-09-17 09:33:49,824 [INFO] [OK] Brazil/GFS_ENSEMBLE_Corn_Winter_PRCP/cumulative dia 02 (2026-09-17 → 2026-09-19) 33912 bytes
2026-09-17 09:33:50,029 [INFO] [OK] Brazil/GFS_ENSEMBLE_Corn_Winter_PRCP/cumulative dia 03 (2026-09-17 → 2026-09-20) 35211 bytes
2026-09-17 09:33:50,578 [INFO] [OK] Brazil/GFS_ENSEMBLE_Corn_Winter_PRCP/cumulative dia 04 (2026-09-17 → 2026-09-21) 35997 bytes
2026-09-17 09:33:50,681 [INFO] [OK] Brazil/GFS_ENSEMBLE_Corn_Winter_PRCP/cumulative dia 05 (2026-09-17 → 2026-09-22) 37352 bytes
2026-09-17 09:33:50,832 [INFO] [OK] Brazil/GFS_ENSEMBLE_Corn_Winter_PRCP/cumulative dia 06 (2026-09-17 → 2026-09-23) 37972 bytes
2026-09-17 09:33:51,485 [INFO] [OK] Brazil/GFS_ENSEMBLE_Corn_Winter_PRCP/cumulative dia 07 (2026-09-17 → 2026-09-24) 38468 bytes
2026-09-17 09:33:51,874 [INFO] [OK] Brazil/GFS_ENSEMBLE_Corn_Winter_PRCP/cumulative dia 08 (2026-09-17 → 2026-09-25) 38762 bytes
2026-09-17 09:33:52,100 [INFO] [OK] Brazil/GFS_ENSEMBLE_Corn_Winter_PRCP/cumulative dia 09 (2026-09-17 → 2026-09-26) 39332 bytes
2026-09-17 09:33:52,662 [INFO] [OK] Brazil/GFS_ENSEMBLE_Corn_Winter_PRCP/cumulative dia 10 (2026-09-17 → 2026-09-27) 39956 bytes
2026-09-17 09:33:52,873 [INFO] [OK] Brazil/GFS_ENSEMBLE_Corn_Winter_PRCP/cumulative dia 11 (2026-09-17 → 2026-09-28) 40781 bytes
2026-09-17 09:33:53,098 [INFO] [OK] Brazil/GFS_ENSEMBLE_Corn_Winter_PRCP/cumulative dia 12 (2026-09-17 → 2026-09-29) 41376 bytes
2026-09-17 09:33:53,575 [INFO] [OK] Brazil/ECM_ENSEMBLE_Soy_PRCP_DEP/daily dia 00 (2026-09-17 → 2026-09-17) 44859 bytes
2026-09-17 09:33:54,040 [INFO] [OK] Brazil/GFS_ENSEMBLE_Corn_Winter_PRCP/cumulative dia 13 (2026-09-17 → 2026-09-30) 41722 bytes
2026-09-17 09:33:54,163 [INFO] [OK] Brazil/ECM_ENSEMBLE_Soy_PRCP_DEP/daily dia 01 (2026-09-18 → 2026-09-18) 48098 bytes
2026-09-17 09:33:54,195 [INFO] [OK] Brazil/GFS_ENSEMBLE_Corn_Winter_PRCP/cumulative dia 14 (2026-09-17 → 2026-10-01) 42087 bytes
2026-09-17 09:33:54,280 [INFO] [OK] Brazil/ECM_ENSEMBLE_Soy_PRCP_DEP/daily dia 02 (2026-09-19 → 2026-09-19) 49685 bytes
2026-09-17 09:33:54,550 [INFO] [OK] Brazil/ECM_ENSEMBLE_Soy_PRCP_DEP/daily dia 03 (2026-09-20 → 2026-09-20) 46875 bytes
2026-09-17 09:33:55,047 [INFO] [OK] Brazil/ECM_ENSEMBLE_Soy_PRCP_DEP/daily dia 04 (2026-09-21 → 2026-09-21) 46849 bytes
2026-09-17 09:33:55,438 [INFO] [OK] Brazil/ECM_ENSEMBLE_Soy_PRCP_DEP/daily dia 05 (2026-09-22 → 2026-09-22) 46031 bytes
2026-09-17 09:33:55,562 [INFO] [OK] Brazil/ECM_ENSEMBLE_Soy_PRCP_DEP/daily dia 06 (2026-09-23 → 2026-09-23) 47205 bytes
2026-09-17 09:33:55,639 [INFO] [OK] Brazil/ECM_ENSEMBLE_Soy_PRCP_DEP/daily dia 07 (2026-09-24 → 2026-09-24) 49067 bytes
2026-09-17 09:33:55,682 [INFO] [OK] Brazil/ECM_ENSEMBLE_Soy_PRCP_DEP/daily dia 08 (2026-09-25 → 2026-09-25) 51242 bytes
2026-09-17 09:33:55,970 [INFO] [OK] Brazil/ECM_ENSEMBLE_Soy_PRCP_DEP/daily dia 09 (2026-09-26 → 2026-09-26) 54250 bytes
2026-09-17 09:33:56,527 [INFO] [OK] Brazil/ECM_ENSEMBLE_Soy_PRCP_DEP/daily dia 10 (2026-09-27 → 2026-09-27) 53481 bytes
2026-09-17 09:33:56,779 [INFO] [OK] Brazil/ECM_ENSEMBLE_Soy_PRCP_DEP/daily dia 11 (2026-09-28 → 2026-09-28) 53237 bytes
2026-09-17 09:33:57,027 [INFO] [OK] Brazil/ECM_ENSEMBLE_Soy_PRCP_DEP/daily dia 12 (2026-09-29 → 2026-09-29) 51651 bytes
2026-09-17 09:33:57,036 [INFO] [OK] Brazil/ECM_ENSEMBLE_Soy_PRCP_DEP/daily dia 13 (2026-09-30 → 2026-09-30) 51363 bytes
2026-09-17 09:33:57,141 [INFO] [OK] Brazil/ECM_ENSEMBLE_Soy_PRCP_DEP/daily dia 14 (2026-10-01 → 2026-10-01) 52871 bytes
2026-09-17 09:33:57,349 [INFO] [OK] Brazil/ECM_ENSEMBLE_Soy_PRCP_DEP/cumulative dia 00 (2026-09-17 → 2026-09-17) 44859 bytes
2026-09-17 09:33:57,943 [INFO] [OK] Brazil/ECM_ENSEMBLE_Soy_PRCP_DEP/cumulative dia 01 (2026-09-17 → 2026-09-18) 48471 bytes
2026-09-17 09:33:58,332 [INFO] [OK] Brazil/ECM_ENSEMBLE_Soy_PRCP_DEP/cumulative dia 02 (2026-09-17 → 2026-09-19) 51452 bytes
2026-09-17 09:33:58,685 [INFO] [OK] Brazil/ECM_ENSEMBLE_Soy_PRCP_DEP/cumulative dia 03 (2026-09-17 → 2026-09-20) 52042 bytes
2026-09-17 09:33:58,795 [INFO] [OK] Brazil/ECM_ENSEMBLE_Soy_PRCP_DEP/cumulative dia 04 (2026-09-17 → 2026-09-21) 50946 bytes
2026-09-17 09:33:58,900 [INFO] [OK] Brazil/ECM_ENSEMBLE_Soy_PRCP_DEP/cumulative dia 05 (2026-09-17 → 2026-09-22) 51134 bytes
2026-09-17 09:33:59,224 [INFO] [OK] Brazil/ECM_ENSEMBLE_Soy_PRCP_DEP/cumulative dia 06 (2026-09-17 → 2026-09-23) 51212 bytes
2026-09-17 09:33:59,856 [INFO] [OK] Brazil/ECM_ENSEMBLE_Soy_PRCP_DEP/cumulative dia 07 (2026-09-17 → 2026-09-24) 51810 bytes
2026-09-17 09:34:00,313 [INFO] [OK] Brazil/ECM_ENSEMBLE_Soy_PRCP_DEP/cumulative dia 08 (2026-09-17 → 2026-09-25) 52549 bytes
2026-09-17 09:34:00,753 [INFO] [OK] Brazil/ECM_ENSEMBLE_Soy_PRCP_DEP/cumulative dia 09 (2026-09-17 → 2026-09-26) 53040 bytes
2026-09-17 09:34:00,980 [INFO] [OK] Brazil/ECM_ENSEMBLE_Soy_PRCP_DEP/cumulative dia 10 (2026-09-17 → 2026-09-27) 52928 bytes
2026-09-17 09:34:01,181 [INFO] [OK] Brazil/ECM_ENSEMBLE_Soy_PRCP_DEP/cumulative dia 11 (2026-09-17 → 2026-09-28) 53030 bytes
2026-09-17 09:34:01,538 [INFO] [OK] Brazil/ECM_ENSEMBLE_Soy_PRCP_DEP/cumulative dia 12 (2026-09-17 → 2026-09-29) 52856 bytes
2026-09-17 09:34:02,098 [INFO] [OK] Brazil/ECM_ENSEMBLE_Soy_PRCP/daily dia 00 (2026-09-17 → 2026-09-17) 30857 bytes
2026-09-17 09:34:02,216 [INFO] [OK] Brazil/ECM_ENSEMBLE_Soy_PRCP_DEP/cumulative dia 13 (2026-09-17 → 2026-09-30) 52539 bytes
2026-09-17 09:34:02,328 [INFO] [OK] Brazil/ECM_ENSEMBLE_Soy_PRCP/daily dia 01 (2026-09-18 → 2026-09-18) 33048 bytes
2026-09-17 09:34:02,569 [INFO] [OK] Brazil/ECM_ENSEMBLE_Soy_PRCP/daily dia 02 (2026-09-19 → 2026-09-19) 34384 bytes
2026-09-17 09:34:02,740 [INFO] [OK] Brazil/ECM_ENSEMBLE_Soy_PRCP_DEP/cumulative dia 14 (2026-09-17 → 2026-10-01) 52627 bytes
2026-09-17 09:34:02,841 [INFO] [OK] Brazil/ECM_ENSEMBLE_Soy_PRCP/daily dia 03 (2026-09-20 → 2026-09-20) 31760 bytes
2026-09-17 09:34:03,395 [INFO] [OK] Brazil/ECM_ENSEMBLE_Soy_PRCP/daily dia 04 (2026-09-21 → 2026-09-21) 32259 bytes
2026-09-17 09:34:03,626 [INFO] [OK] Brazil/ECM_ENSEMBLE_Soy_PRCP/daily dia 05 (2026-09-22 → 2026-09-22) 32995 bytes
2026-09-17 09:34:03,724 [INFO] [OK] Brazil/ECM_ENSEMBLE_Soy_PRCP/daily dia 06 (2026-09-23 → 2026-09-23) 31392 bytes
2026-09-17 09:34:03,914 [INFO] [OK] Brazil/ECM_ENSEMBLE_Soy_PRCP/daily dia 07 (2026-09-24 → 2026-09-24) 31240 bytes
2026-09-17 09:34:04,111 [INFO] [OK] Brazil/ECM_ENSEMBLE_Soy_PRCP/daily dia 08 (2026-09-25 → 2026-09-25) 30654 bytes
2026-09-17 09:34:04,190 [INFO] [OK] Brazil/ECM_ENSEMBLE_Soy_PRCP/daily dia 09 (2026-09-26 → 2026-09-26) 31461 bytes
2026-09-17 09:34:04,815 [INFO] [OK] Brazil/ECM_ENSEMBLE_Soy_PRCP/daily dia 10 (2026-09-27 → 2026-09-27) 31918 bytes
2026-09-17 09:34:04,937 [INFO] [OK] Brazil/ECM_ENSEMBLE_Soy_PRCP/daily dia 11 (2026-09-28 → 2026-09-28) 33171 bytes
2026-09-17 09:34:05,057 [INFO] [OK] Brazil/ECM_ENSEMBLE_Soy_PRCP/daily dia 12 (2026-09-29 → 2026-09-29) 32791 bytes
2026-09-17 09:34:05,242 [INFO] [OK] Brazil/ECM_ENSEMBLE_Soy_PRCP/daily dia 13 (2026-09-30 → 2026-09-30) 33255 bytes
2026-09-17 09:34:05,395 [INFO] [OK] Brazil/ECM_ENSEMBLE_Soy_PRCP/daily dia 14 (2026-10-01 → 2026-10-01) 32328 bytes
2026-09-17 09:34:05,530 [INFO] [OK] Brazil/ECM_ENSEMBLE_Soy_PRCP/cumulative dia 00 (2026-09-17 → 2026-09-17) 30857 bytes
2026-09-17 09:34:06,207 [INFO] [OK] Brazil/ECM_ENSEMBLE_Soy_PRCP/cumulative dia 01 (2026-09-17 → 2026-09-18) 34606 bytes
2026-09-17 09:34:06,451 [INFO] [OK] Brazil/ECM_ENSEMBLE_Soy_PRCP/cumulative dia 02 (2026-09-17 → 2026-09-19) 38559 bytes
2026-09-17 09:34:06,624 [INFO] [OK] Brazil/ECM_ENSEMBLE_Soy_PRCP/cumulative dia 03 (2026-09-17 → 2026-09-20) 39629 bytes
2026-09-17 09:34:06,916 [INFO] [OK] Brazil/ECM_ENSEMBLE_Soy_PRCP/cumulative dia 04 (2026-09-17 → 2026-09-21) 40363 bytes
2026-09-17 09:34:07,113 [INFO] [OK] Brazil/ECM_ENSEMBLE_Soy_PRCP/cumulative dia 05 (2026-09-17 → 2026-09-22) 41578 bytes
2026-09-17 09:34:07,543 [INFO] [OK] Brazil/ECM_ENSEMBLE_Soy_PRCP/cumulative dia 06 (2026-09-17 → 2026-09-23) 42290 bytes
2026-09-17 09:34:08,077 [INFO] [OK] Brazil/ECM_ENSEMBLE_Soy_PRCP/cumulative dia 07 (2026-09-17 → 2026-09-24) 42461 bytes
2026-09-17 09:34:08,437 [INFO] [OK] Brazil/ECM_ENSEMBLE_Soy_PRCP/cumulative dia 08 (2026-09-17 → 2026-09-25) 43246 bytes
2026-09-17 09:34:08,729 [INFO] [OK] Brazil/ECM_ENSEMBLE_Soy_PRCP/cumulative dia 09 (2026-09-17 → 2026-09-26) 43423 bytes
2026-09-17 09:34:09,078 [INFO] [OK] Brazil/ECM_ENSEMBLE_Soy_PRCP/cumulative dia 10 (2026-09-17 → 2026-09-27) 44377 bytes
2026-09-17 09:34:09,373 [INFO] [OK] Brazil/ECM_ENSEMBLE_Soy_PRCP/cumulative dia 11 (2026-09-17 → 2026-09-28) 44525 bytes
2026-09-17 09:34:09,850 [INFO] [OK] Brazil/ECM_ENSEMBLE_Soy_PRCP/cumulative dia 12 (2026-09-17 → 2026-09-29) 44936 bytes
2026-09-17 09:34:10,417 [INFO] [OK] Brazil/ECM_ENSEMBLE_Corn_Winter_PRCP_DEP/daily dia 00 (2026-09-17 → 2026-09-17) 43477 bytes
2026-09-17 09:34:10,505 [INFO] [OK] Brazil/ECM_ENSEMBLE_Corn_Winter_PRCP_DEP/daily dia 01 (2026-09-18 → 2026-09-18) 46469 bytes
2026-09-17 09:34:10,602 [INFO] [OK] Brazil/ECM_ENSEMBLE_Soy_PRCP/cumulative dia 13 (2026-09-17 → 2026-09-30) 45452 bytes
2026-09-17 09:34:10,744 [INFO] [OK] Brazil/ECM_ENSEMBLE_Corn_Winter_PRCP_DEP/daily dia 02 (2026-09-19 → 2026-09-19) 48463 bytes
2026-09-17 09:34:10,911 [INFO] [OK] Brazil/ECM_ENSEMBLE_Soy_PRCP/cumulative dia 14 (2026-09-17 → 2026-10-01) 45884 bytes
2026-09-17 09:34:11,225 [INFO] [OK] Brazil/ECM_ENSEMBLE_Corn_Winter_PRCP_DEP/daily dia 03 (2026-09-20 → 2026-09-20) 45455 bytes
2026-09-17 09:34:11,776 [INFO] [OK] Brazil/ECM_ENSEMBLE_Corn_Winter_PRCP_DEP/daily dia 04 (2026-09-21 → 2026-09-21) 45485 bytes
2026-09-17 09:34:11,892 [INFO] [OK] Brazil/ECM_ENSEMBLE_Corn_Winter_PRCP_DEP/daily dia 05 (2026-09-22 → 2026-09-22) 44663 bytes
2026-09-17 09:34:11,978 [INFO] [OK] Brazil/ECM_ENSEMBLE_Corn_Winter_PRCP_DEP/daily dia 06 (2026-09-23 → 2026-09-23) 45716 bytes
2026-09-17 09:34:12,119 [INFO] [OK] Brazil/ECM_ENSEMBLE_Corn_Winter_PRCP_DEP/daily dia 07 (2026-09-24 → 2026-09-24) 47273 bytes
2026-09-17 09:34:12,320 [INFO] [OK] Brazil/ECM_ENSEMBLE_Corn_Winter_PRCP_DEP/daily dia 08 (2026-09-25 → 2026-09-25) 49723 bytes
2026-09-17 09:34:12,605 [INFO] [OK] Brazil/ECM_ENSEMBLE_Corn_Winter_PRCP_DEP/daily dia 09 (2026-09-26 → 2026-09-26) 52798 bytes
2026-09-17 09:34:13,165 [INFO] [OK] Brazil/ECM_ENSEMBLE_Corn_Winter_PRCP_DEP/daily dia 10 (2026-09-27 → 2026-09-27) 51999 bytes
2026-09-17 09:34:13,322 [INFO] [OK] Brazil/ECM_ENSEMBLE_Corn_Winter_PRCP_DEP/daily dia 11 (2026-09-28 → 2026-09-28) 51928 bytes
2026-09-17 09:34:13,398 [INFO] [OK] Brazil/ECM_ENSEMBLE_Corn_Winter_PRCP_DEP/daily dia 12 (2026-09-29 → 2026-09-29) 50343 bytes
2026-09-17 09:34:13,512 [INFO] [OK] Brazil/ECM_ENSEMBLE_Corn_Winter_PRCP_DEP/daily dia 13 (2026-09-30 → 2026-09-30) 49821 bytes
2026-09-17 09:34:13,706 [INFO] [OK] Brazil/ECM_ENSEMBLE_Corn_Winter_PRCP_DEP/daily dia 14 (2026-10-01 → 2026-10-01) 51486 bytes
2026-09-17 09:34:13,997 [INFO] [OK] Brazil/ECM_ENSEMBLE_Corn_Winter_PRCP_DEP/cumulative dia 00 (2026-09-17 → 2026-09-17) 43477 bytes
2026-09-17 09:34:14,621 [INFO] [OK] Brazil/ECM_ENSEMBLE_Corn_Winter_PRCP_DEP/cumulative dia 01 (2026-09-17 → 2026-09-18) 47030 bytes
2026-09-17 09:34:14,859 [INFO] [OK] Brazil/ECM_ENSEMBLE_Corn_Winter_PRCP_DEP/cumulative dia 02 (2026-09-17 → 2026-09-19) 50507 bytes
2026-09-17 09:34:14,992 [INFO] [OK] Brazil/ECM_ENSEMBLE_Corn_Winter_PRCP_DEP/cumulative dia 03 (2026-09-17 → 2026-09-20) 50927 bytes
2026-09-17 09:34:15,245 [INFO] [OK] Brazil/ECM_ENSEMBLE_Corn_Winter_PRCP_DEP/cumulative dia 04 (2026-09-17 → 2026-09-21) 49829 bytes
2026-09-17 09:34:15,503 [INFO] [OK] Brazil/ECM_ENSEMBLE_Corn_Winter_PRCP_DEP/cumulative dia 05 (2026-09-17 → 2026-09-22) 50173 bytes
2026-09-17 09:34:15,792 [INFO] [OK] Brazil/ECM_ENSEMBLE_Corn_Winter_PRCP_DEP/cumulative dia 06 (2026-09-17 → 2026-09-23) 50260 bytes
2026-09-17 09:34:16,466 [INFO] [OK] Brazil/ECM_ENSEMBLE_Corn_Winter_PRCP_DEP/cumulative dia 07 (2026-09-17 → 2026-09-24) 50724 bytes
2026-09-17 09:34:16,864 [INFO] [OK] Brazil/ECM_ENSEMBLE_Corn_Winter_PRCP_DEP/cumulative dia 08 (2026-09-17 → 2026-09-25) 51363 bytes
2026-09-17 09:34:17,083 [INFO] [OK] Brazil/ECM_ENSEMBLE_Corn_Winter_PRCP_DEP/cumulative dia 09 (2026-09-17 → 2026-09-26) 51816 bytes
2026-09-17 09:34:17,569 [INFO] [OK] Brazil/ECM_ENSEMBLE_Corn_Winter_PRCP_DEP/cumulative dia 10 (2026-09-17 → 2026-09-27) 51779 bytes
2026-09-17 09:34:17,834 [INFO] [OK] Brazil/ECM_ENSEMBLE_Corn_Winter_PRCP_DEP/cumulative dia 11 (2026-09-17 → 2026-09-28) 51750 bytes
2026-09-17 09:34:18,165 [INFO] [OK] Brazil/ECM_ENSEMBLE_Corn_Winter_PRCP_DEP/cumulative dia 12 (2026-09-17 → 2026-09-29) 51434 bytes
2026-09-17 09:34:18,534 [INFO] [OK] Brazil/ECM_ENSEMBLE_Corn_Winter_PRCP/daily dia 00 (2026-09-17 → 2026-09-17) 29402 bytes
2026-09-17 09:34:18,865 [INFO] [OK] Brazil/ECM_ENSEMBLE_Corn_Winter_PRCP_DEP/cumulative dia 13 (2026-09-17 → 2026-09-30) 51438 bytes
2026-09-17 09:34:18,913 [INFO] [OK] Brazil/ECM_ENSEMBLE_Corn_Winter_PRCP/daily dia 01 (2026-09-18 → 2026-09-18) 31552 bytes
2026-09-17 09:34:19,369 [INFO] [OK] Brazil/ECM_ENSEMBLE_Corn_Winter_PRCP/daily dia 02 (2026-09-19 → 2026-09-19) 32687 bytes
2026-09-17 09:34:19,472 [INFO] [OK] Brazil/ECM_ENSEMBLE_Corn_Winter_PRCP_DEP/cumulative dia 14 (2026-09-17 → 2026-10-01) 51524 bytes
2026-09-17 09:34:19,554 [INFO] [OK] Brazil/ECM_ENSEMBLE_Corn_Winter_PRCP/daily dia 03 (2026-09-20 → 2026-09-20) 30070 bytes
2026-09-17 09:34:19,856 [INFO] [OK] Brazil/ECM_ENSEMBLE_Corn_Winter_PRCP/daily dia 04 (2026-09-21 → 2026-09-21) 30802 bytes
2026-09-17 09:34:20,160 [INFO] [OK] Brazil/ECM_ENSEMBLE_Corn_Winter_PRCP/daily dia 05 (2026-09-22 → 2026-09-22) 31305 bytes
2026-09-17 09:34:20,222 [INFO] [OK] Brazil/ECM_ENSEMBLE_Corn_Winter_PRCP/daily dia 06 (2026-09-23 → 2026-09-23) 29991 bytes
2026-09-17 09:34:20,870 [INFO] [OK] Brazil/ECM_ENSEMBLE_Corn_Winter_PRCP/daily dia 07 (2026-09-24 → 2026-09-24) 29691 bytes
2026-09-17 09:34:20,957 [INFO] [OK] Brazil/ECM_ENSEMBLE_Corn_Winter_PRCP/daily dia 08 (2026-09-25 → 2026-09-25) 29236 bytes
2026-09-17 09:34:21,049 [INFO] [OK] Brazil/ECM_ENSEMBLE_Corn_Winter_PRCP/daily dia 09 (2026-09-26 → 2026-09-26) 29895 bytes
2026-09-17 09:34:21,142 [INFO] [OK] Brazil/ECM_ENSEMBLE_Corn_Winter_PRCP/daily dia 10 (2026-09-27 → 2026-09-27) 30386 bytes
2026-09-17 09:34:21,434 [INFO] [OK] Brazil/ECM_ENSEMBLE_Corn_Winter_PRCP/daily dia 11 (2026-09-28 → 2026-09-28) 31555 bytes
2026-09-17 09:34:21,542 [INFO] [OK] Brazil/ECM_ENSEMBLE_Corn_Winter_PRCP/daily dia 12 (2026-09-29 → 2026-09-29) 31289 bytes
2026-09-17 09:34:22,193 [INFO] [OK] Brazil/ECM_ENSEMBLE_Corn_Winter_PRCP/daily dia 13 (2026-09-30 → 2026-09-30) 31576 bytes
2026-09-17 09:34:22,287 [INFO] [OK] Brazil/ECM_ENSEMBLE_Corn_Winter_PRCP/daily dia 14 (2026-10-01 → 2026-10-01) 30862 bytes
2026-09-17 09:34:22,391 [INFO] [OK] Brazil/ECM_ENSEMBLE_Corn_Winter_PRCP/cumulative dia 00 (2026-09-17 → 2026-09-17) 29402 bytes
2026-09-17 09:34:22,551 [INFO] [OK] Brazil/ECM_ENSEMBLE_Corn_Winter_PRCP/cumulative dia 01 (2026-09-17 → 2026-09-18) 33041 bytes
2026-09-17 09:34:22,923 [INFO] [OK] Brazil/ECM_ENSEMBLE_Corn_Winter_PRCP/cumulative dia 02 (2026-09-17 → 2026-09-19) 36982 bytes
2026-09-17 09:34:23,135 [INFO] [OK] Brazil/ECM_ENSEMBLE_Corn_Winter_PRCP/cumulative dia 03 (2026-09-17 → 2026-09-20) 38121 bytes
2026-09-17 09:34:23,825 [INFO] [OK] Brazil/ECM_ENSEMBLE_Corn_Winter_PRCP/cumulative dia 04 (2026-09-17 → 2026-09-21) 38918 bytes
2026-09-17 09:34:23,994 [INFO] [OK] Brazil/ECM_ENSEMBLE_Corn_Winter_PRCP/cumulative dia 05 (2026-09-17 → 2026-09-22) 40138 bytes
2026-09-17 09:34:24,201 [INFO] [OK] Brazil/ECM_ENSEMBLE_Corn_Winter_PRCP/cumulative dia 06 (2026-09-17 → 2026-09-23) 40928 bytes
2026-09-17 09:34:24,451 [INFO] [OK] Brazil/ECM_ENSEMBLE_Corn_Winter_PRCP/cumulative dia 07 (2026-09-17 → 2026-09-24) 41104 bytes
2026-09-17 09:34:24,877 [INFO] [OK] Brazil/ECM_ENSEMBLE_Corn_Winter_PRCP/cumulative dia 08 (2026-09-17 → 2026-09-25) 42023 bytes
2026-09-17 09:34:25,148 [INFO] [OK] Brazil/ECM_ENSEMBLE_Corn_Winter_PRCP/cumulative dia 09 (2026-09-17 → 2026-09-26) 41790 bytes
2026-09-17 09:34:25,869 [INFO] [OK] Brazil/ECM_ENSEMBLE_Corn_Winter_PRCP/cumulative dia 10 (2026-09-17 → 2026-09-27) 42787 bytes
2026-09-17 09:34:26,155 [INFO] [OK] Argentina/GFS_ENSEMBLE_Soy_PRCP_DEP/daily dia 00 (2026-09-17 → 2026-09-17) 30681 bytes
2026-09-17 09:34:26,221 [INFO] [OK] Brazil/ECM_ENSEMBLE_Corn_Winter_PRCP/cumulative dia 11 (2026-09-17 → 2026-09-28) 42962 bytes
2026-09-17 09:34:26,449 [INFO] [OK] Brazil/ECM_ENSEMBLE_Corn_Winter_PRCP/cumulative dia 12 (2026-09-17 → 2026-09-29) 43261 bytes
2026-09-17 09:34:26,780 [INFO] [OK] Brazil/ECM_ENSEMBLE_Corn_Winter_PRCP/cumulative dia 13 (2026-09-17 → 2026-09-30) 43834 bytes
2026-09-17 09:34:26,881 [INFO] [OK] Argentina/GFS_ENSEMBLE_Soy_PRCP_DEP/daily dia 01 (2026-09-18 → 2026-09-18) 36683 bytes
2026-09-17 09:34:27,181 [INFO] [OK] Argentina/GFS_ENSEMBLE_Soy_PRCP_DEP/daily dia 02 (2026-09-19 → 2026-09-19) 38260 bytes
2026-09-17 09:34:27,256 [INFO] [OK] Brazil/ECM_ENSEMBLE_Corn_Winter_PRCP/cumulative dia 14 (2026-09-17 → 2026-10-01) 44371 bytes
2026-09-17 09:34:27,384 [INFO] [OK] Argentina/GFS_ENSEMBLE_Soy_PRCP_DEP/daily dia 03 (2026-09-20 → 2026-09-20) 37226 bytes
2026-09-17 09:34:27,570 [INFO] [OK] Argentina/GFS_ENSEMBLE_Soy_PRCP_DEP/daily dia 04 (2026-09-21 → 2026-09-21) 39895 bytes
2026-09-17 09:34:27,793 [INFO] [OK] Argentina/GFS_ENSEMBLE_Soy_PRCP_DEP/daily dia 05 (2026-09-22 → 2026-09-22) 39608 bytes
2026-09-17 09:34:27,859 [INFO] [OK] Argentina/GFS_ENSEMBLE_Soy_PRCP_DEP/daily dia 06 (2026-09-23 → 2026-09-23) 38421 bytes
2026-09-17 09:34:28,239 [INFO] [OK] Argentina/GFS_ENSEMBLE_Soy_PRCP_DEP/daily dia 07 (2026-09-24 → 2026-09-24) 37570 bytes
2026-09-17 09:34:28,323 [INFO] [OK] Argentina/GFS_ENSEMBLE_Soy_PRCP_DEP/daily dia 08 (2026-09-25 → 2026-09-25) 37515 bytes
2026-09-17 09:34:28,401 [INFO] [OK] Argentina/GFS_ENSEMBLE_Soy_PRCP_DEP/daily dia 09 (2026-09-26 → 2026-09-26) 37607 bytes
2026-09-17 09:34:28,700 [INFO] [OK] Argentina/GFS_ENSEMBLE_Soy_PRCP_DEP/daily dia 10 (2026-09-27 → 2026-09-27) 39992 bytes
2026-09-17 09:34:28,825 [INFO] [OK] Argentina/GFS_ENSEMBLE_Soy_PRCP_DEP/daily dia 11 (2026-09-28 → 2026-09-28) 43357 bytes
2026-09-17 09:34:28,883 [INFO] [OK] Argentina/GFS_ENSEMBLE_Soy_PRCP_DEP/daily dia 12 (2026-09-29 → 2026-09-29) 43584 bytes
2026-09-17 09:34:29,294 [INFO] [OK] Argentina/GFS_ENSEMBLE_Soy_PRCP_DEP/daily dia 13 (2026-09-30 → 2026-09-30) 43517 bytes
2026-09-17 09:34:29,376 [INFO] [OK] Argentina/GFS_ENSEMBLE_Soy_PRCP_DEP/cumulative dia 00 (2026-09-17 → 2026-09-17) 30681 bytes
2026-09-17 09:34:29,379 [INFO] [OK] Argentina/GFS_ENSEMBLE_Soy_PRCP_DEP/daily dia 14 (2026-10-01 → 2026-10-01) 44797 bytes
2026-09-17 09:34:29,750 [INFO] [OK] Argentina/GFS_ENSEMBLE_Soy_PRCP_DEP/cumulative dia 01 (2026-09-17 → 2026-09-18) 36029 bytes
2026-09-17 09:34:30,003 [INFO] [OK] Argentina/GFS_ENSEMBLE_Soy_PRCP_DEP/cumulative dia 02 (2026-09-17 → 2026-09-19) 39426 bytes
2026-09-17 09:34:30,027 [INFO] [OK] Argentina/GFS_ENSEMBLE_Soy_PRCP_DEP/cumulative dia 03 (2026-09-17 → 2026-09-20) 41350 bytes
2026-09-17 09:34:30,481 [INFO] [OK] Argentina/GFS_ENSEMBLE_Soy_PRCP_DEP/cumulative dia 04 (2026-09-17 → 2026-09-21) 41296 bytes
2026-09-17 09:34:30,681 [INFO] [OK] Argentina/GFS_ENSEMBLE_Soy_PRCP_DEP/cumulative dia 05 (2026-09-17 → 2026-09-22) 42167 bytes
2026-09-17 09:34:30,698 [INFO] [OK] Argentina/GFS_ENSEMBLE_Soy_PRCP_DEP/cumulative dia 06 (2026-09-17 → 2026-09-23) 42317 bytes
2026-09-17 09:34:31,095 [INFO] [OK] Argentina/GFS_ENSEMBLE_Soy_PRCP_DEP/cumulative dia 07 (2026-09-17 → 2026-09-24) 42310 bytes
2026-09-17 09:34:31,405 [INFO] [OK] Argentina/GFS_ENSEMBLE_Soy_PRCP_DEP/cumulative dia 08 (2026-09-17 → 2026-09-25) 42004 bytes
2026-09-17 09:34:31,468 [INFO] [OK] Argentina/GFS_ENSEMBLE_Soy_PRCP_DEP/cumulative dia 09 (2026-09-17 → 2026-09-26) 41776 bytes
2026-09-17 09:34:31,938 [INFO] [OK] Argentina/GFS_ENSEMBLE_Soy_PRCP_DEP/cumulative dia 10 (2026-09-17 → 2026-09-27) 41691 bytes
2026-09-17 09:34:32,228 [INFO] [OK] Argentina/GFS_ENSEMBLE_Soy_PRCP_DEP/cumulative dia 11 (2026-09-17 → 2026-09-28) 41903 bytes
2026-09-17 09:34:32,295 [INFO] [OK] Argentina/GFS_ENSEMBLE_Soy_PRCP_DEP/cumulative dia 12 (2026-09-17 → 2026-09-29) 41662 bytes
2026-09-17 09:34:32,438 [INFO] [OK] Argentina/GFS_ENSEMBLE_Soy_PRCP/daily dia 00 (2026-09-17 → 2026-09-17) 26740 bytes
2026-09-17 09:34:32,783 [INFO] [OK] Argentina/GFS_ENSEMBLE_Soy_PRCP_DEP/cumulative dia 13 (2026-09-17 → 2026-09-30) 42027 bytes
2026-09-17 09:34:32,981 [INFO] [OK] Argentina/GFS_ENSEMBLE_Soy_PRCP/daily dia 01 (2026-09-18 → 2026-09-18) 29034 bytes
2026-09-17 09:34:33,090 [INFO] [OK] Argentina/GFS_ENSEMBLE_Soy_PRCP_DEP/cumulative dia 14 (2026-09-17 → 2026-10-01) 42203 bytes
2026-09-17 09:34:33,207 [INFO] [OK] Argentina/GFS_ENSEMBLE_Soy_PRCP/daily dia 02 (2026-09-19 → 2026-09-19) 29941 bytes
2026-09-17 09:34:33,275 [INFO] [OK] Argentina/GFS_ENSEMBLE_Soy_PRCP/daily dia 03 (2026-09-20 → 2026-09-20) 29055 bytes
2026-09-17 09:34:33,478 [INFO] [OK] Argentina/GFS_ENSEMBLE_Soy_PRCP/daily dia 04 (2026-09-21 → 2026-09-21) 28969 bytes
2026-09-17 09:34:33,781 [INFO] [OK] Argentina/GFS_ENSEMBLE_Soy_PRCP/daily dia 05 (2026-09-22 → 2026-09-22) 30128 bytes
2026-09-17 09:34:34,002 [INFO] [OK] Argentina/GFS_ENSEMBLE_Soy_PRCP/daily dia 06 (2026-09-23 → 2026-09-23) 29021 bytes
2026-09-17 09:34:34,084 [INFO] [OK] Argentina/GFS_ENSEMBLE_Soy_PRCP/daily dia 07 (2026-09-24 → 2026-09-24) 28838 bytes
2026-09-17 09:34:34,208 [INFO] [OK] Argentina/GFS_ENSEMBLE_Soy_PRCP/daily dia 08 (2026-09-25 → 2026-09-25) 28073 bytes
2026-09-17 09:34:34,245 [INFO] [OK] Argentina/GFS_ENSEMBLE_Soy_PRCP/daily dia 09 (2026-09-26 → 2026-09-26) 27429 bytes
2026-09-17 09:34:34,444 [INFO] [OK] Argentina/GFS_ENSEMBLE_Soy_PRCP/daily dia 10 (2026-09-27 → 2026-09-27) 27770 bytes
2026-09-17 09:34:34,780 [INFO] [OK] Argentina/GFS_ENSEMBLE_Soy_PRCP/daily dia 11 (2026-09-28 → 2026-09-28) 28601 bytes
2026-09-17 09:34:34,966 [INFO] [OK] Argentina/GFS_ENSEMBLE_Soy_PRCP/daily dia 12 (2026-09-29 → 2026-09-29) 29431 bytes
2026-09-17 09:34:35,056 [INFO] [OK] Argentina/GFS_ENSEMBLE_Soy_PRCP/daily dia 13 (2026-09-30 → 2026-09-30) 30243 bytes
2026-09-17 09:34:35,213 [INFO] [OK] Argentina/GFS_ENSEMBLE_Soy_PRCP/daily dia 14 (2026-10-01 → 2026-10-01) 29498 bytes
2026-09-17 09:34:35,219 [INFO] [OK] Argentina/GFS_ENSEMBLE_Soy_PRCP/cumulative dia 00 (2026-09-17 → 2026-09-17) 26740 bytes
2026-09-17 09:34:35,499 [INFO] [OK] Argentina/GFS_ENSEMBLE_Soy_PRCP/cumulative dia 01 (2026-09-17 → 2026-09-18) 29806 bytes
2026-09-17 09:34:35,914 [INFO] [OK] Argentina/GFS_ENSEMBLE_Soy_PRCP/cumulative dia 02 (2026-09-17 → 2026-09-19) 32700 bytes
2026-09-17 09:34:36,133 [INFO] [OK] Argentina/GFS_ENSEMBLE_Soy_PRCP/cumulative dia 03 (2026-09-17 → 2026-09-20) 34648 bytes
2026-09-17 09:34:36,252 [INFO] [OK] Argentina/GFS_ENSEMBLE_Soy_PRCP/cumulative dia 04 (2026-09-17 → 2026-09-21) 35275 bytes
2026-09-17 09:34:36,458 [INFO] [OK] Argentina/GFS_ENSEMBLE_Soy_PRCP/cumulative dia 05 (2026-09-17 → 2026-09-22) 36430 bytes
2026-09-17 09:34:36,508 [INFO] [OK] Argentina/GFS_ENSEMBLE_Soy_PRCP/cumulative dia 06 (2026-09-17 → 2026-09-23) 36814 bytes
2026-09-17 09:34:36,788 [INFO] [OK] Argentina/GFS_ENSEMBLE_Soy_PRCP/cumulative dia 07 (2026-09-17 → 2026-09-24) 37298 bytes
2026-09-17 09:34:37,278 [INFO] [OK] Argentina/GFS_ENSEMBLE_Soy_PRCP/cumulative dia 08 (2026-09-17 → 2026-09-25) 37541 bytes
2026-09-17 09:34:37,581 [INFO] [OK] Argentina/GFS_ENSEMBLE_Soy_PRCP/cumulative dia 09 (2026-09-17 → 2026-09-26) 37430 bytes
2026-09-17 09:34:37,795 [INFO] [OK] Argentina/GFS_ENSEMBLE_Soy_PRCP/cumulative dia 10 (2026-09-17 → 2026-09-27) 37743 bytes
2026-09-17 09:34:38,066 [INFO] [OK] Argentina/GFS_ENSEMBLE_Soy_PRCP/cumulative dia 11 (2026-09-17 → 2026-09-28) 38161 bytes
2026-09-17 09:34:38,115 [INFO] [OK] Argentina/GFS_ENSEMBLE_Soy_PRCP/cumulative dia 12 (2026-09-17 → 2026-09-29) 38962 bytes
2026-09-17 09:34:38,391 [INFO] [OK] Argentina/GFS_ENSEMBLE_Soy_PRCP/cumulative dia 13 (2026-09-17 → 2026-09-30) 39025 bytes
2026-09-17 09:34:38,571 [INFO] [OK] Argentina/GFS_ENSEMBLE_Corn_Winter_PRCP_DEP/daily dia 00 (2026-09-17 → 2026-09-17) 28755 bytes
2026-09-17 09:34:38,842 [INFO] [OK] Argentina/GFS_ENSEMBLE_Corn_Winter_PRCP_DEP/daily dia 01 (2026-09-18 → 2026-09-18) 34742 bytes
2026-09-17 09:34:38,870 [INFO] [OK] Argentina/GFS_ENSEMBLE_Soy_PRCP/cumulative dia 14 (2026-09-17 → 2026-10-01) 39122 bytes
2026-09-17 09:34:39,124 [INFO] [OK] Argentina/GFS_ENSEMBLE_Corn_Winter_PRCP_DEP/daily dia 02 (2026-09-19 → 2026-09-19) 36713 bytes
2026-09-17 09:34:39,130 [INFO] [OK] Argentina/GFS_ENSEMBLE_Corn_Winter_PRCP_DEP/daily dia 03 (2026-09-20 → 2026-09-20) 35671 bytes
2026-09-17 09:34:39,390 [INFO] [OK] Argentina/GFS_ENSEMBLE_Corn_Winter_PRCP_DEP/daily dia 04 (2026-09-21 → 2026-09-21) 38464 bytes
2026-09-17 09:34:39,581 [INFO] [OK] Argentina/GFS_ENSEMBLE_Corn_Winter_PRCP_DEP/daily dia 05 (2026-09-22 → 2026-09-22) 38287 bytes
2026-09-17 09:34:39,853 [INFO] [OK] Argentina/GFS_ENSEMBLE_Corn_Winter_PRCP_DEP/daily dia 07 (2026-09-24 → 2026-09-24) 35840 bytes
2026-09-17 09:34:39,880 [INFO] [OK] Argentina/GFS_ENSEMBLE_Corn_Winter_PRCP_DEP/daily dia 06 (2026-09-23 → 2026-09-23) 36809 bytes
2026-09-17 09:34:40,129 [INFO] [OK] Argentina/GFS_ENSEMBLE_Corn_Winter_PRCP_DEP/daily dia 09 (2026-09-26 → 2026-09-26) 36019 bytes
2026-09-17 09:34:40,163 [INFO] [OK] Argentina/GFS_ENSEMBLE_Corn_Winter_PRCP_DEP/daily dia 08 (2026-09-25 → 2026-09-25) 35979 bytes
2026-09-17 09:34:40,446 [INFO] [OK] Argentina/GFS_ENSEMBLE_Corn_Winter_PRCP_DEP/daily dia 10 (2026-09-27 → 2026-09-27) 38398 bytes
2026-09-17 09:34:40,618 [INFO] [OK] Argentina/GFS_ENSEMBLE_Corn_Winter_PRCP_DEP/daily dia 11 (2026-09-28 → 2026-09-28) 41723 bytes
2026-09-17 09:34:40,904 [INFO] [OK] Argentina/GFS_ENSEMBLE_Corn_Winter_PRCP_DEP/daily dia 12 (2026-09-29 → 2026-09-29) 42169 bytes
2026-09-17 09:34:41,155 [INFO] [OK] Argentina/GFS_ENSEMBLE_Corn_Winter_PRCP_DEP/cumulative dia 00 (2026-09-17 → 2026-09-17) 28755 bytes
2026-09-17 09:34:41,182 [INFO] [OK] Argentina/GFS_ENSEMBLE_Corn_Winter_PRCP_DEP/daily dia 14 (2026-10-01 → 2026-10-01) 43028 bytes
2026-09-17 09:34:41,186 [INFO] [OK] Argentina/GFS_ENSEMBLE_Corn_Winter_PRCP_DEP/daily dia 13 (2026-09-30 → 2026-09-30) 41954 bytes
2026-09-17 09:34:41,491 [INFO] [OK] Argentina/GFS_ENSEMBLE_Corn_Winter_PRCP_DEP/cumulative dia 01 (2026-09-17 → 2026-09-18) 34240 bytes
2026-09-17 09:34:41,711 [INFO] [OK] Argentina/GFS_ENSEMBLE_Corn_Winter_PRCP_DEP/cumulative dia 02 (2026-09-17 → 2026-09-19) 37972 bytes
2026-09-17 09:34:42,051 [INFO] [OK] Argentina/GFS_ENSEMBLE_Corn_Winter_PRCP_DEP/cumulative dia 03 (2026-09-17 → 2026-09-20) 39724 bytes
2026-09-17 09:34:42,422 [INFO] [OK] Argentina/GFS_ENSEMBLE_Corn_Winter_PRCP_DEP/cumulative dia 04 (2026-09-17 → 2026-09-21) 39752 bytes
2026-09-17 09:34:42,474 [INFO] [OK] Argentina/GFS_ENSEMBLE_Corn_Winter_PRCP_DEP/cumulative dia 06 (2026-09-17 → 2026-09-23) 40930 bytes
2026-09-17 09:34:42,480 [INFO] [OK] Argentina/GFS_ENSEMBLE_Corn_Winter_PRCP_DEP/cumulative dia 05 (2026-09-17 → 2026-09-22) 40519 bytes
2026-09-17 09:34:42,775 [INFO] [OK] Argentina/GFS_ENSEMBLE_Corn_Winter_PRCP_DEP/cumulative dia 07 (2026-09-17 → 2026-09-24) 40741 bytes
2026-09-17 09:34:43,155 [INFO] [OK] Argentina/GFS_ENSEMBLE_Corn_Winter_PRCP_DEP/cumulative dia 08 (2026-09-17 → 2026-09-25) 40667 bytes
2026-09-17 09:34:43,486 [INFO] [OK] Argentina/GFS_ENSEMBLE_Corn_Winter_PRCP_DEP/cumulative dia 09 (2026-09-17 → 2026-09-26) 40447 bytes
2026-09-17 09:34:43,914 [INFO] [OK] Argentina/GFS_ENSEMBLE_Corn_Winter_PRCP_DEP/cumulative dia 10 (2026-09-17 → 2026-09-27) 40427 bytes
2026-09-17 09:34:44,026 [INFO] [OK] Argentina/GFS_ENSEMBLE_Corn_Winter_PRCP_DEP/cumulative dia 11 (2026-09-17 → 2026-09-28) 40464 bytes
2026-09-17 09:34:44,082 [INFO] [OK] Argentina/GFS_ENSEMBLE_Corn_Winter_PRCP_DEP/cumulative dia 12 (2026-09-17 → 2026-09-29) 40274 bytes
2026-09-17 09:34:44,388 [INFO] [OK] Argentina/GFS_ENSEMBLE_Corn_Winter_PRCP_DEP/cumulative dia 13 (2026-09-17 → 2026-09-30) 40316 bytes
2026-09-17 09:34:44,410 [INFO] [OK] Argentina/GFS_ENSEMBLE_Corn_Winter_PRCP/daily dia 00 (2026-09-17 → 2026-09-17) 24798 bytes
2026-09-17 09:34:44,786 [INFO] [OK] Argentina/GFS_ENSEMBLE_Corn_Winter_PRCP_DEP/cumulative dia 14 (2026-09-17 → 2026-10-01) 40508 bytes
2026-09-17 09:34:44,910 [INFO] [OK] Argentina/GFS_ENSEMBLE_Corn_Winter_PRCP/daily dia 01 (2026-09-18 → 2026-09-18) 27202 bytes
2026-09-17 09:34:45,009 [INFO] [OK] Argentina/GFS_ENSEMBLE_Corn_Winter_PRCP/daily dia 02 (2026-09-19 → 2026-09-19) 28126 bytes
2026-09-17 09:34:45,058 [INFO] [OK] Argentina/GFS_ENSEMBLE_Corn_Winter_PRCP/daily dia 03 (2026-09-20 → 2026-09-20) 27238 bytes
2026-09-17 09:34:45,362 [INFO] [OK] Argentina/GFS_ENSEMBLE_Corn_Winter_PRCP/daily dia 04 (2026-09-21 → 2026-09-21) 27114 bytes
2026-09-17 09:34:45,398 [INFO] [OK] Argentina/GFS_ENSEMBLE_Corn_Winter_PRCP/daily dia 05 (2026-09-22 → 2026-09-22) 28172 bytes
2026-09-17 09:34:45,833 [INFO] [OK] Argentina/GFS_ENSEMBLE_Corn_Winter_PRCP/daily dia 06 (2026-09-23 → 2026-09-23) 27370 bytes
2026-09-17 09:34:45,879 [INFO] [OK] Argentina/GFS_ENSEMBLE_Corn_Winter_PRCP/daily dia 07 (2026-09-24 → 2026-09-24) 26780 bytes
2026-09-17 09:34:46,000 [INFO] [OK] Argentina/GFS_ENSEMBLE_Corn_Winter_PRCP/daily dia 09 (2026-09-26 → 2026-09-26) 25485 bytes
2026-09-17 09:34:46,014 [INFO] [OK] Argentina/GFS_ENSEMBLE_Corn_Winter_PRCP/daily dia 08 (2026-09-25 → 2026-09-25) 26258 bytes
2026-09-17 09:34:46,329 [INFO] [OK] Argentina/GFS_ENSEMBLE_Corn_Winter_PRCP/daily dia 10 (2026-09-27 → 2026-09-27) 25990 bytes
2026-09-17 09:34:46,361 [INFO] [OK] Argentina/GFS_ENSEMBLE_Corn_Winter_PRCP/daily dia 11 (2026-09-28 → 2026-09-28) 26747 bytes
2026-09-17 09:34:46,827 [INFO] [OK] Argentina/GFS_ENSEMBLE_Corn_Winter_PRCP/daily dia 12 (2026-09-29 → 2026-09-29) 27662 bytes
2026-09-17 09:34:46,900 [INFO] [OK] Argentina/GFS_ENSEMBLE_Corn_Winter_PRCP/daily dia 13 (2026-09-30 → 2026-09-30) 28518 bytes
2026-09-17 09:34:47,010 [INFO] [OK] Argentina/GFS_ENSEMBLE_Corn_Winter_PRCP/daily dia 14 (2026-10-01 → 2026-10-01) 27793 bytes
2026-09-17 09:34:47,026 [INFO] [OK] Argentina/GFS_ENSEMBLE_Corn_Winter_PRCP/cumulative dia 00 (2026-09-17 → 2026-09-17) 24798 bytes
2026-09-17 09:34:47,383 [INFO] [OK] Argentina/GFS_ENSEMBLE_Corn_Winter_PRCP/cumulative dia 01 (2026-09-17 → 2026-09-18) 28012 bytes
2026-09-17 09:34:47,484 [INFO] [OK] Argentina/GFS_ENSEMBLE_Corn_Winter_PRCP/cumulative dia 02 (2026-09-17 → 2026-09-19) 30856 bytes
2026-09-17 09:34:48,060 [INFO] [OK] Argentina/GFS_ENSEMBLE_Corn_Winter_PRCP/cumulative dia 03 (2026-09-17 → 2026-09-20) 32626 bytes
2026-09-17 09:34:48,092 [INFO] [OK] Argentina/GFS_ENSEMBLE_Corn_Winter_PRCP/cumulative dia 04 (2026-09-17 → 2026-09-21) 33510 bytes
2026-09-17 09:34:48,229 [INFO] [OK] Argentina/GFS_ENSEMBLE_Corn_Winter_PRCP/cumulative dia 05 (2026-09-17 → 2026-09-22) 34672 bytes
2026-09-17 09:34:48,334 [INFO] [OK] Argentina/GFS_ENSEMBLE_Corn_Winter_PRCP/cumulative dia 06 (2026-09-17 → 2026-09-23) 35048 bytes
2026-09-17 09:34:48,723 [INFO] [OK] Argentina/GFS_ENSEMBLE_Corn_Winter_PRCP/cumulative dia 07 (2026-09-17 → 2026-09-24) 35576 bytes
2026-09-17 09:34:48,829 [INFO] [OK] Argentina/GFS_ENSEMBLE_Corn_Winter_PRCP/cumulative dia 08 (2026-09-17 → 2026-09-25) 35959 bytes
2026-09-17 09:34:49,497 [INFO] [OK] Argentina/GFS_ENSEMBLE_Corn_Winter_PRCP/cumulative dia 09 (2026-09-17 → 2026-09-26) 35833 bytes
2026-09-17 09:34:49,549 [INFO] [OK] Argentina/GFS_ENSEMBLE_Corn_Winter_PRCP/cumulative dia 10 (2026-09-17 → 2026-09-27) 36077 bytes
2026-09-17 09:34:49,801 [INFO] [OK] Argentina/GFS_ENSEMBLE_Corn_Winter_PRCP/cumulative dia 11 (2026-09-17 → 2026-09-28) 36603 bytes
2026-09-17 09:34:49,966 [INFO] [OK] Argentina/GFS_ENSEMBLE_Corn_Winter_PRCP/cumulative dia 12 (2026-09-17 → 2026-09-29) 37334 bytes
2026-09-17 09:34:50,318 [INFO] [OK] Argentina/GFS_ENSEMBLE_Corn_Winter_PRCP/cumulative dia 13 (2026-09-17 → 2026-09-30) 37377 bytes
2026-09-17 09:34:50,738 [INFO] [OK] Argentina/ECM_ENSEMBLE_Soy_PRCP_DEP/daily dia 00 (2026-09-17 → 2026-09-17) 33919 bytes
2026-09-17 09:34:50,739 [INFO] [OK] Argentina/ECM_ENSEMBLE_Soy_PRCP_DEP/daily dia 01 (2026-09-18 → 2026-09-18) 39370 bytes
2026-09-17 09:34:50,740 [INFO] [OK] Argentina/GFS_ENSEMBLE_Corn_Winter_PRCP/cumulative dia 14 (2026-09-17 → 2026-10-01) 37447 bytes
2026-09-17 09:34:50,823 [INFO] [OK] Argentina/ECM_ENSEMBLE_Soy_PRCP_DEP/daily dia 02 (2026-09-19 → 2026-09-19) 41930 bytes
2026-09-17 09:34:51,124 [INFO] [OK] Argentina/ECM_ENSEMBLE_Soy_PRCP_DEP/daily dia 03 (2026-09-20 → 2026-09-20) 39255 bytes
2026-09-17 09:34:51,393 [INFO] [OK] Argentina/ECM_ENSEMBLE_Soy_PRCP_DEP/daily dia 04 (2026-09-21 → 2026-09-21) 42456 bytes
2026-09-17 09:34:51,759 [INFO] [OK] Argentina/ECM_ENSEMBLE_Soy_PRCP_DEP/daily dia 07 (2026-09-24 → 2026-09-24) 38562 bytes
2026-09-17 09:34:51,960 [INFO] [OK] Argentina/ECM_ENSEMBLE_Soy_PRCP_DEP/daily dia 06 (2026-09-23 → 2026-09-23) 38495 bytes
2026-09-17 09:34:51,984 [INFO] [OK] Argentina/ECM_ENSEMBLE_Soy_PRCP_DEP/daily dia 05 (2026-09-22 → 2026-09-22) 38677 bytes
2026-09-17 09:34:52,033 [INFO] [OK] Argentina/ECM_ENSEMBLE_Soy_PRCP_DEP/daily dia 08 (2026-09-25 → 2026-09-25) 40616 bytes
2026-09-17 09:34:52,250 [INFO] [OK] Argentina/ECM_ENSEMBLE_Soy_PRCP_DEP/daily dia 09 (2026-09-26 → 2026-09-26) 44247 bytes
2026-09-17 09:34:52,475 [INFO] [OK] Argentina/ECM_ENSEMBLE_Soy_PRCP_DEP/daily dia 10 (2026-09-27 → 2026-09-27) 44487 bytes
2026-09-17 09:34:52,807 [INFO] [OK] Argentina/ECM_ENSEMBLE_Soy_PRCP_DEP/daily dia 11 (2026-09-28 → 2026-09-28) 43341 bytes
2026-09-17 09:34:53,003 [INFO] [OK] Argentina/ECM_ENSEMBLE_Soy_PRCP_DEP/daily dia 12 (2026-09-29 → 2026-09-29) 41089 bytes
2026-09-17 09:34:53,259 [INFO] [OK] Argentina/ECM_ENSEMBLE_Soy_PRCP_DEP/daily dia 14 (2026-10-01 → 2026-10-01) 42912 bytes
2026-09-17 09:34:53,260 [INFO] [OK] Argentina/ECM_ENSEMBLE_Soy_PRCP_DEP/daily dia 13 (2026-09-30 → 2026-09-30) 39542 bytes
2026-09-17 09:34:53,380 [INFO] [OK] Argentina/ECM_ENSEMBLE_Soy_PRCP_DEP/cumulative dia 00 (2026-09-17 → 2026-09-17) 33919 bytes
2026-09-17 09:34:53,566 [INFO] [OK] Argentina/ECM_ENSEMBLE_Soy_PRCP_DEP/cumulative dia 01 (2026-09-17 → 2026-09-18) 38589 bytes
2026-09-17 09:34:53,922 [INFO] [OK] Argentina/ECM_ENSEMBLE_Soy_PRCP_DEP/cumulative dia 02 (2026-09-17 → 2026-09-19) 42785 bytes
2026-09-17 09:34:54,211 [INFO] [OK] Argentina/ECM_ENSEMBLE_Soy_PRCP_DEP/cumulative dia 03 (2026-09-17 → 2026-09-20) 44120 bytes
2026-09-17 09:34:54,692 [INFO] [OK] Argentina/ECM_ENSEMBLE_Soy_PRCP_DEP/cumulative dia 05 (2026-09-17 → 2026-09-22) 42447 bytes
2026-09-17 09:34:54,720 [INFO] [OK] Argentina/ECM_ENSEMBLE_Soy_PRCP_DEP/cumulative dia 04 (2026-09-17 → 2026-09-21) 43466 bytes
2026-09-17 09:34:54,925 [INFO] [OK] Argentina/ECM_ENSEMBLE_Soy_PRCP_DEP/cumulative dia 06 (2026-09-17 → 2026-09-23) 42648 bytes
2026-09-17 09:34:55,108 [INFO] [OK] Argentina/ECM_ENSEMBLE_Soy_PRCP_DEP/cumulative dia 07 (2026-09-17 → 2026-09-24) 43206 bytes
2026-09-17 09:34:55,434 [INFO] [OK] Argentina/ECM_ENSEMBLE_Soy_PRCP_DEP/cumulative dia 08 (2026-09-17 → 2026-09-25) 42918 bytes
2026-09-17 09:34:55,782 [INFO] [OK] Argentina/ECM_ENSEMBLE_Soy_PRCP_DEP/cumulative dia 09 (2026-09-17 → 2026-09-26) 43558 bytes
2026-09-17 09:34:56,672 [INFO] [OK] Argentina/ECM_ENSEMBLE_Soy_PRCP_DEP/cumulative dia 10 (2026-09-17 → 2026-09-27) 43286 bytes
2026-09-17 09:34:56,685 [INFO] [OK] Argentina/ECM_ENSEMBLE_Soy_PRCP_DEP/cumulative dia 11 (2026-09-17 → 2026-09-28) 42968 bytes
2026-09-17 09:34:56,808 [INFO] [OK] Argentina/ECM_ENSEMBLE_Soy_PRCP_DEP/cumulative dia 12 (2026-09-17 → 2026-09-29) 42725 bytes
2026-09-17 09:34:56,834 [INFO] [OK] Argentina/ECM_ENSEMBLE_Soy_PRCP/daily dia 00 (2026-09-17 → 2026-09-17) 27062 bytes
2026-09-17 09:34:56,841 [INFO] [OK] Argentina/ECM_ENSEMBLE_Soy_PRCP_DEP/cumulative dia 13 (2026-09-17 → 2026-09-30) 42557 bytes
2026-09-17 09:34:57,206 [INFO] [OK] Argentina/ECM_ENSEMBLE_Soy_PRCP_DEP/cumulative dia 14 (2026-09-17 → 2026-10-01) 42781 bytes
2026-09-17 09:34:57,716 [INFO] [OK] Argentina/ECM_ENSEMBLE_Soy_PRCP/daily dia 01 (2026-09-18 → 2026-09-18) 30386 bytes
2026-09-17 09:34:57,729 [INFO] [OK] Argentina/ECM_ENSEMBLE_Soy_PRCP/daily dia 02 (2026-09-19 → 2026-09-19) 32676 bytes
2026-09-17 09:34:57,836 [INFO] [OK] Argentina/ECM_ENSEMBLE_Soy_PRCP/daily dia 03 (2026-09-20 → 2026-09-20) 30141 bytes
2026-09-17 09:34:57,882 [INFO] [OK] Argentina/ECM_ENSEMBLE_Soy_PRCP/daily dia 04 (2026-09-21 → 2026-09-21) 31005 bytes
2026-09-17 09:34:57,935 [INFO] [OK] Argentina/ECM_ENSEMBLE_Soy_PRCP/daily dia 05 (2026-09-22 → 2026-09-22) 30914 bytes
2026-09-17 09:34:58,230 [INFO] [OK] Argentina/ECM_ENSEMBLE_Soy_PRCP/daily dia 06 (2026-09-23 → 2026-09-23) 29382 bytes
2026-09-17 09:34:58,793 [INFO] [OK] Argentina/ECM_ENSEMBLE_Soy_PRCP/daily dia 07 (2026-09-24 → 2026-09-24) 29152 bytes
2026-09-17 09:34:58,795 [INFO] [OK] Argentina/ECM_ENSEMBLE_Soy_PRCP/daily dia 08 (2026-09-25 → 2026-09-25) 27831 bytes
2026-09-17 09:34:58,841 [INFO] [OK] Argentina/ECM_ENSEMBLE_Soy_PRCP/daily dia 09 (2026-09-26 → 2026-09-26) 28659 bytes
2026-09-17 09:34:58,962 [INFO] [OK] Argentina/ECM_ENSEMBLE_Soy_PRCP/daily dia 11 (2026-09-28 → 2026-09-28) 30078 bytes
2026-09-17 09:34:59,012 [INFO] [OK] Argentina/ECM_ENSEMBLE_Soy_PRCP/daily dia 10 (2026-09-27 → 2026-09-27) 29076 bytes
2026-09-17 09:34:59,490 [INFO] [OK] Argentina/ECM_ENSEMBLE_Soy_PRCP/daily dia 12 (2026-09-29 → 2026-09-29) 30171 bytes
2026-09-17 09:34:59,840 [INFO] [OK] Argentina/ECM_ENSEMBLE_Soy_PRCP/daily dia 14 (2026-10-01 → 2026-10-01) 29758 bytes
2026-09-17 09:34:59,858 [INFO] [OK] Argentina/ECM_ENSEMBLE_Soy_PRCP/daily dia 13 (2026-09-30 → 2026-09-30) 30684 bytes
2026-09-17 09:34:59,872 [INFO] [OK] Argentina/ECM_ENSEMBLE_Soy_PRCP/cumulative dia 00 (2026-09-17 → 2026-09-17) 27062 bytes
2026-09-17 09:35:00,056 [INFO] [OK] Argentina/ECM_ENSEMBLE_Soy_PRCP/cumulative dia 01 (2026-09-17 → 2026-09-18) 30963 bytes
2026-09-17 09:35:00,139 [INFO] [OK] Argentina/ECM_ENSEMBLE_Soy_PRCP/cumulative dia 02 (2026-09-17 → 2026-09-19) 34962 bytes
2026-09-17 09:35:00,633 [INFO] [OK] Argentina/ECM_ENSEMBLE_Soy_PRCP/cumulative dia 03 (2026-09-17 → 2026-09-20) 36131 bytes
2026-09-17 09:35:01,021 [INFO] [OK] Argentina/ECM_ENSEMBLE_Soy_PRCP/cumulative dia 04 (2026-09-17 → 2026-09-21) 36742 bytes
2026-09-17 09:35:01,164 [INFO] [OK] Argentina/ECM_ENSEMBLE_Soy_PRCP/cumulative dia 05 (2026-09-17 → 2026-09-22) 37465 bytes
2026-09-17 09:35:01,178 [INFO] [OK] Argentina/ECM_ENSEMBLE_Soy_PRCP/cumulative dia 06 (2026-09-17 → 2026-09-23) 38055 bytes
2026-09-17 09:35:01,499 [INFO] [OK] Argentina/ECM_ENSEMBLE_Soy_PRCP/cumulative dia 07 (2026-09-17 → 2026-09-24) 38810 bytes
2026-09-17 09:35:01,554 [INFO] [OK] Argentina/ECM_ENSEMBLE_Soy_PRCP/cumulative dia 08 (2026-09-17 → 2026-09-25) 38875 bytes
2026-09-17 09:35:02,053 [INFO] [OK] Argentina/ECM_ENSEMBLE_Soy_PRCP/cumulative dia 09 (2026-09-17 → 2026-09-26) 39024 bytes
2026-09-17 09:35:02,543 [INFO] [OK] Argentina/ECM_ENSEMBLE_Soy_PRCP/cumulative dia 10 (2026-09-17 → 2026-09-27) 39329 bytes
2026-09-17 09:35:02,793 [INFO] [OK] Argentina/ECM_ENSEMBLE_Soy_PRCP/cumulative dia 11 (2026-09-17 → 2026-09-28) 39450 bytes
2026-09-17 09:35:02,819 [INFO] [OK] Argentina/ECM_ENSEMBLE_Soy_PRCP/cumulative dia 12 (2026-09-17 → 2026-09-29) 39692 bytes
2026-09-17 09:35:03,072 [INFO] [OK] Argentina/ECM_ENSEMBLE_Corn_Winter_PRCP_DEP/daily dia 00 (2026-09-17 → 2026-09-17) 32415 bytes
2026-09-17 09:35:03,155 [INFO] [OK] Argentina/ECM_ENSEMBLE_Soy_PRCP/cumulative dia 13 (2026-09-17 → 2026-09-30) 39985 bytes
2026-09-17 09:35:03,273 [INFO] [OK] Argentina/ECM_ENSEMBLE_Soy_PRCP/cumulative dia 14 (2026-09-17 → 2026-10-01) 40521 bytes
2026-09-17 09:35:03,598 [INFO] [OK] Argentina/ECM_ENSEMBLE_Corn_Winter_PRCP_DEP/daily dia 01 (2026-09-18 → 2026-09-18) 37373 bytes
2026-09-17 09:35:03,800 [INFO] [OK] Argentina/ECM_ENSEMBLE_Corn_Winter_PRCP_DEP/daily dia 02 (2026-09-19 → 2026-09-19) 40467 bytes
2026-09-17 09:35:03,890 [INFO] [OK] Argentina/ECM_ENSEMBLE_Corn_Winter_PRCP_DEP/daily dia 03 (2026-09-20 → 2026-09-20) 37672 bytes
2026-09-17 09:35:04,092 [INFO] [OK] Argentina/ECM_ENSEMBLE_Corn_Winter_PRCP_DEP/daily dia 04 (2026-09-21 → 2026-09-21) 40627 bytes
2026-09-17 09:35:04,292 [INFO] [OK] Argentina/ECM_ENSEMBLE_Corn_Winter_PRCP_DEP/daily dia 05 (2026-09-22 → 2026-09-22) 37037 bytes
2026-09-17 09:35:04,381 [INFO] [OK] Argentina/ECM_ENSEMBLE_Corn_Winter_PRCP_DEP/daily dia 06 (2026-09-23 → 2026-09-23) 36995 bytes
2026-09-17 09:35:04,824 [INFO] [OK] Argentina/ECM_ENSEMBLE_Corn_Winter_PRCP_DEP/daily dia 07 (2026-09-24 → 2026-09-24) 36967 bytes
2026-09-17 09:35:04,873 [INFO] [OK] Argentina/ECM_ENSEMBLE_Corn_Winter_PRCP_DEP/daily dia 08 (2026-09-25 → 2026-09-25) 39197 bytes
2026-09-17 09:35:04,956 [INFO] [OK] Argentina/ECM_ENSEMBLE_Corn_Winter_PRCP_DEP/daily dia 09 (2026-09-26 → 2026-09-26) 42762 bytes
2026-09-17 09:35:05,236 [INFO] [OK] Argentina/ECM_ENSEMBLE_Corn_Winter_PRCP_DEP/daily dia 10 (2026-09-27 → 2026-09-27) 43098 bytes
2026-09-17 09:35:05,432 [INFO] [OK] Argentina/ECM_ENSEMBLE_Corn_Winter_PRCP_DEP/daily dia 11 (2026-09-28 → 2026-09-28) 42095 bytes
2026-09-17 09:35:05,514 [INFO] [OK] Argentina/ECM_ENSEMBLE_Corn_Winter_PRCP_DEP/daily dia 12 (2026-09-29 → 2026-09-29) 39440 bytes
2026-09-17 09:35:05,834 [INFO] [OK] Argentina/ECM_ENSEMBLE_Corn_Winter_PRCP_DEP/daily dia 13 (2026-09-30 → 2026-09-30) 37988 bytes
2026-09-17 09:35:05,936 [INFO] [OK] Argentina/ECM_ENSEMBLE_Corn_Winter_PRCP_DEP/daily dia 14 (2026-10-01 → 2026-10-01) 41457 bytes
2026-09-17 09:35:06,028 [INFO] [OK] Argentina/ECM_ENSEMBLE_Corn_Winter_PRCP_DEP/cumulative dia 00 (2026-09-17 → 2026-09-17) 32415 bytes
2026-09-17 09:35:06,293 [INFO] [OK] Argentina/ECM_ENSEMBLE_Corn_Winter_PRCP_DEP/cumulative dia 01 (2026-09-17 → 2026-09-18) 36746 bytes
2026-09-17 09:35:06,597 [INFO] [OK] Argentina/ECM_ENSEMBLE_Corn_Winter_PRCP_DEP/cumulative dia 02 (2026-09-17 → 2026-09-19) 41527 bytes
2026-09-17 09:35:06,710 [INFO] [OK] Argentina/ECM_ENSEMBLE_Corn_Winter_PRCP_DEP/cumulative dia 03 (2026-09-17 → 2026-09-20) 42779 bytes
2026-09-17 09:35:07,064 [INFO] [OK] Argentina/ECM_ENSEMBLE_Corn_Winter_PRCP_DEP/cumulative dia 04 (2026-09-17 → 2026-09-21) 41747 bytes
2026-09-17 09:35:07,155 [INFO] [OK] Argentina/ECM_ENSEMBLE_Corn_Winter_PRCP_DEP/cumulative dia 05 (2026-09-17 → 2026-09-22) 40960 bytes
2026-09-17 09:35:07,331 [INFO] [OK] Argentina/ECM_ENSEMBLE_Corn_Winter_PRCP_DEP/cumulative dia 06 (2026-09-17 → 2026-09-23) 41239 bytes
2026-09-17 09:35:07,624 [INFO] [OK] Argentina/ECM_ENSEMBLE_Corn_Winter_PRCP_DEP/cumulative dia 07 (2026-09-17 → 2026-09-24) 41713 bytes
2026-09-17 09:35:08,002 [INFO] [OK] Argentina/ECM_ENSEMBLE_Corn_Winter_PRCP_DEP/cumulative dia 08 (2026-09-17 → 2026-09-25) 41644 bytes
2026-09-17 09:35:08,174 [INFO] [OK] Argentina/ECM_ENSEMBLE_Corn_Winter_PRCP_DEP/cumulative dia 09 (2026-09-17 → 2026-09-26) 42146 bytes
2026-09-17 09:35:08,617 [INFO] [OK] Argentina/ECM_ENSEMBLE_Corn_Winter_PRCP_DEP/cumulative dia 10 (2026-09-17 → 2026-09-27) 41807 bytes
2026-09-17 09:35:08,731 [INFO] [OK] Argentina/ECM_ENSEMBLE_Corn_Winter_PRCP_DEP/cumulative dia 11 (2026-09-17 → 2026-09-28) 41493 bytes
2026-09-17 09:35:08,936 [INFO] [OK] Argentina/ECM_ENSEMBLE_Corn_Winter_PRCP_DEP/cumulative dia 12 (2026-09-17 → 2026-09-29) 41439 bytes
2026-09-17 09:35:09,184 [INFO] [OK] Argentina/ECM_ENSEMBLE_Corn_Winter_PRCP/daily dia 00 (2026-09-17 → 2026-09-17) 25128 bytes
2026-09-17 09:35:09,241 [INFO] [OK] Argentina/ECM_ENSEMBLE_Corn_Winter_PRCP_DEP/cumulative dia 13 (2026-09-17 → 2026-09-30) 41227 bytes
2026-09-17 09:35:09,574 [INFO] [OK] Argentina/ECM_ENSEMBLE_Corn_Winter_PRCP_DEP/cumulative dia 14 (2026-09-17 → 2026-10-01) 41446 bytes
2026-09-17 09:35:09,591 [INFO] [OK] Argentina/ECM_ENSEMBLE_Corn_Winter_PRCP/daily dia 01 (2026-09-18 → 2026-09-18) 28478 bytes
2026-09-17 09:35:09,718 [INFO] [OK] Argentina/ECM_ENSEMBLE_Corn_Winter_PRCP/daily dia 02 (2026-09-19 → 2026-09-19) 30667 bytes
2026-09-17 09:35:09,908 [INFO] [OK] Argentina/ECM_ENSEMBLE_Corn_Winter_PRCP/daily dia 03 (2026-09-20 → 2026-09-20) 28354 bytes
2026-09-17 09:35:10,164 [INFO] [OK] Argentina/ECM_ENSEMBLE_Corn_Winter_PRCP/daily dia 04 (2026-09-21 → 2026-09-21) 29303 bytes
2026-09-17 09:35:10,250 [INFO] [OK] Argentina/ECM_ENSEMBLE_Corn_Winter_PRCP/daily dia 05 (2026-09-22 → 2026-09-22) 29030 bytes
2026-09-17 09:35:10,591 [INFO] [OK] Argentina/ECM_ENSEMBLE_Corn_Winter_PRCP/daily dia 06 (2026-09-23 → 2026-09-23) 27821 bytes
2026-09-17 09:35:10,592 [INFO] [OK] Argentina/ECM_ENSEMBLE_Corn_Winter_PRCP/daily dia 07 (2026-09-24 → 2026-09-24) 27396 bytes
2026-09-17 09:35:10,728 [INFO] [OK] Argentina/ECM_ENSEMBLE_Corn_Winter_PRCP/daily dia 08 (2026-09-25 → 2026-09-25) 26092 bytes
2026-09-17 09:35:10,908 [INFO] [OK] Argentina/ECM_ENSEMBLE_Corn_Winter_PRCP/daily dia 09 (2026-09-26 → 2026-09-26) 26694 bytes
2026-09-17 09:35:11,163 [INFO] [OK] Argentina/ECM_ENSEMBLE_Corn_Winter_PRCP/daily dia 10 (2026-09-27 → 2026-09-27) 27268 bytes
2026-09-17 09:35:11,260 [INFO] [OK] Argentina/ECM_ENSEMBLE_Corn_Winter_PRCP/daily dia 11 (2026-09-28 → 2026-09-28) 28262 bytes
2026-09-17 09:35:11,599 [INFO] [OK] Argentina/ECM_ENSEMBLE_Corn_Winter_PRCP/daily dia 13 (2026-09-30 → 2026-09-30) 28806 bytes
2026-09-17 09:35:11,624 [INFO] [OK] Argentina/ECM_ENSEMBLE_Corn_Winter_PRCP/daily dia 12 (2026-09-29 → 2026-09-29) 28374 bytes
2026-09-17 09:35:11,736 [INFO] [OK] Argentina/ECM_ENSEMBLE_Corn_Winter_PRCP/daily dia 14 (2026-10-01 → 2026-10-01) 28120 bytes
2026-09-17 09:35:11,871 [INFO] [OK] Argentina/ECM_ENSEMBLE_Corn_Winter_PRCP/cumulative dia 00 (2026-09-17 → 2026-09-17) 25128 bytes
2026-09-17 09:35:12,308 [INFO] [OK] Argentina/ECM_ENSEMBLE_Corn_Winter_PRCP/cumulative dia 01 (2026-09-17 → 2026-09-18) 29080 bytes
2026-09-17 09:35:12,347 [INFO] [OK] Argentina/ECM_ENSEMBLE_Corn_Winter_PRCP/cumulative dia 02 (2026-09-17 → 2026-09-19) 33238 bytes
2026-09-17 09:35:12,766 [INFO] [OK] Argentina/ECM_ENSEMBLE_Corn_Winter_PRCP/cumulative dia 03 (2026-09-17 → 2026-09-20) 34360 bytes
2026-09-17 09:35:12,975 [INFO] [OK] Argentina/ECM_ENSEMBLE_Corn_Winter_PRCP/cumulative dia 04 (2026-09-17 → 2026-09-21) 34991 bytes
2026-09-17 09:35:13,018 [INFO] [OK] Argentina/ECM_ENSEMBLE_Corn_Winter_PRCP/cumulative dia 05 (2026-09-17 → 2026-09-22) 35747 bytes
2026-09-17 09:35:13,203 [INFO] [OK] Argentina/ECM_ENSEMBLE_Corn_Winter_PRCP/cumulative dia 06 (2026-09-17 → 2026-09-23) 36344 bytes
2026-09-17 09:35:13,634 [INFO] [OK] Argentina/ECM_ENSEMBLE_Corn_Winter_PRCP/cumulative dia 07 (2026-09-17 → 2026-09-24) 37104 bytes
2026-09-17 09:35:13,784 [INFO] [OK] Argentina/ECM_ENSEMBLE_Corn_Winter_PRCP/cumulative dia 08 (2026-09-17 → 2026-09-25) 37200 bytes
2026-09-17 09:35:14,232 [INFO] [OK] Argentina/ECM_ENSEMBLE_Corn_Winter_PRCP/cumulative dia 09 (2026-09-17 → 2026-09-26) 37158 bytes
2026-09-17 09:35:14,545 [INFO] [OK] Argentina/ECM_ENSEMBLE_Corn_Winter_PRCP/cumulative dia 10 (2026-09-17 → 2026-09-27) 37469 bytes
2026-09-17 09:35:14,593 [INFO] [OK] Argentina/ECM_ENSEMBLE_Corn_Winter_PRCP/cumulative dia 11 (2026-09-17 → 2026-09-28) 37611 bytes
2026-09-17 09:35:14,768 [INFO] [OK] Argentina/ECM_ENSEMBLE_Corn_Winter_PRCP/cumulative dia 12 (2026-09-17 → 2026-09-29) 37878 bytes
2026-09-17 09:35:15,241 [INFO] [OK] Argentina/ECM_ENSEMBLE_Corn_Winter_PRCP/cumulative dia 13 (2026-09-17 → 2026-09-30) 38229 bytes
2026-09-17 09:35:15,428 [INFO] [OK] Argentina/ECM_ENSEMBLE_Corn_Winter_PRCP/cumulative dia 14 (2026-09-17 → 2026-10-01) 38891 bytes
2026-09-17 09:35:15,955 [INFO] [OK] USA/GFS_ENSEMBLE_Corn_PRCP_DEP/daily dia 00 (2026-09-17 → 2026-09-17) 52096 bytes
2026-09-17 09:35:16,305 [INFO] [OK] USA/GFS_ENSEMBLE_Corn_PRCP_DEP/daily dia 01 (2026-09-18 → 2026-09-18) 52577 bytes
2026-09-17 09:35:16,403 [INFO] [OK] USA/GFS_ENSEMBLE_Corn_PRCP_DEP/daily dia 02 (2026-09-19 → 2026-09-19) 52045 bytes
2026-09-17 09:35:16,627 [INFO] [OK] USA/GFS_ENSEMBLE_Corn_PRCP_DEP/daily dia 03 (2026-09-20 → 2026-09-20) 52610 bytes
2026-09-17 09:35:16,919 [INFO] [OK] USA/GFS_ENSEMBLE_Corn_PRCP_DEP/daily dia 04 (2026-09-21 → 2026-09-21) 53367 bytes
2026-09-17 09:35:17,176 [INFO] [OK] USA/GFS_ENSEMBLE_Corn_PRCP_DEP/daily dia 05 (2026-09-22 → 2026-09-22) 57048 bytes
2026-09-17 09:35:17,664 [INFO] [OK] USA/GFS_ENSEMBLE_Corn_PRCP_DEP/daily dia 06 (2026-09-23 → 2026-09-23) 57813 bytes
2026-09-17 09:35:17,916 [INFO] [OK] USA/GFS_ENSEMBLE_Corn_PRCP_DEP/daily dia 07 (2026-09-24 → 2026-09-24) 59222 bytes
2026-09-17 09:35:18,111 [INFO] [OK] USA/GFS_ENSEMBLE_Corn_PRCP_DEP/daily dia 08 (2026-09-25 → 2026-09-25) 59441 bytes
2026-09-17 09:35:18,362 [INFO] [OK] USA/GFS_ENSEMBLE_Corn_PRCP_DEP/daily dia 09 (2026-09-26 → 2026-09-26) 61429 bytes
2026-09-17 09:35:18,544 [INFO] [OK] USA/GFS_ENSEMBLE_Corn_PRCP_DEP/daily dia 10 (2026-09-27 → 2026-09-27) 60261 bytes
2026-09-17 09:35:18,879 [INFO] [OK] USA/GFS_ENSEMBLE_Corn_PRCP_DEP/daily dia 11 (2026-09-28 → 2026-09-28) 60113 bytes
2026-09-17 09:35:19,369 [INFO] [OK] USA/GFS_ENSEMBLE_Corn_PRCP_DEP/daily dia 12 (2026-09-29 → 2026-09-29) 61978 bytes
2026-09-17 09:35:19,646 [INFO] [OK] USA/GFS_ENSEMBLE_Corn_PRCP_DEP/daily dia 13 (2026-09-30 → 2026-09-30) 63666 bytes
2026-09-17 09:35:19,836 [INFO] [OK] USA/GFS_ENSEMBLE_Corn_PRCP_DEP/daily dia 14 (2026-10-01 → 2026-10-01) 63112 bytes
2026-09-17 09:35:20,088 [INFO] [OK] USA/GFS_ENSEMBLE_Corn_PRCP_DEP/cumulative dia 00 (2026-09-17 → 2026-09-17) 52096 bytes
2026-09-17 09:35:20,381 [INFO] [OK] USA/GFS_ENSEMBLE_Corn_PRCP_DEP/cumulative dia 01 (2026-09-17 → 2026-09-18) 54475 bytes
2026-09-17 09:35:20,758 [INFO] [OK] USA/GFS_ENSEMBLE_Corn_PRCP_DEP/cumulative dia 02 (2026-09-17 → 2026-09-19) 54735 bytes
2026-09-17 09:35:21,326 [INFO] [OK] USA/GFS_ENSEMBLE_Corn_PRCP_DEP/cumulative dia 03 (2026-09-17 → 2026-09-20) 56477 bytes
2026-09-17 09:35:21,632 [INFO] [OK] USA/GFS_ENSEMBLE_Corn_PRCP_DEP/cumulative dia 04 (2026-09-17 → 2026-09-21) 57731 bytes
2026-09-17 09:35:22,001 [INFO] [OK] USA/GFS_ENSEMBLE_Corn_PRCP_DEP/cumulative dia 05 (2026-09-17 → 2026-09-22) 58950 bytes
2026-09-17 09:35:22,336 [INFO] [OK] USA/GFS_ENSEMBLE_Corn_PRCP_DEP/cumulative dia 06 (2026-09-17 → 2026-09-23) 59274 bytes
2026-09-17 09:35:22,791 [INFO] [OK] USA/GFS_ENSEMBLE_Corn_PRCP_DEP/cumulative dia 07 (2026-09-17 → 2026-09-24) 59291 bytes
2026-09-17 09:35:23,256 [INFO] [OK] USA/GFS_ENSEMBLE_Corn_PRCP_DEP/cumulative dia 08 (2026-09-17 → 2026-09-25) 59742 bytes
2026-09-17 09:35:23,892 [INFO] [OK] USA/GFS_ENSEMBLE_Corn_PRCP_DEP/cumulative dia 09 (2026-09-17 → 2026-09-26) 60700 bytes
2026-09-17 09:35:24,276 [INFO] [OK] USA/GFS_ENSEMBLE_Corn_PRCP_DEP/cumulative dia 10 (2026-09-17 → 2026-09-27) 60438 bytes
2026-09-17 09:35:24,686 [INFO] [OK] USA/GFS_ENSEMBLE_Corn_PRCP_DEP/cumulative dia 11 (2026-09-17 → 2026-09-28) 60628 bytes
2026-09-17 09:35:25,198 [INFO] [OK] USA/GFS_ENSEMBLE_Corn_PRCP_DEP/cumulative dia 12 (2026-09-17 → 2026-09-29) 60430 bytes
2026-09-17 09:35:25,503 [INFO] [OK] USA/GFS_ENSEMBLE_Corn_PRCP/daily dia 00 (2026-09-17 → 2026-09-17) 38049 bytes
2026-09-17 09:35:25,719 [INFO] [OK] USA/GFS_ENSEMBLE_Corn_PRCP_DEP/cumulative dia 13 (2026-09-17 → 2026-09-30) 60382 bytes
2026-09-17 09:35:26,036 [INFO] [OK] USA/GFS_ENSEMBLE_Corn_PRCP/daily dia 01 (2026-09-18 → 2026-09-18) 39307 bytes
2026-09-17 09:35:26,215 [INFO] [OK] USA/GFS_ENSEMBLE_Corn_PRCP_DEP/cumulative dia 14 (2026-09-17 → 2026-10-01) 60345 bytes
2026-09-17 09:35:26,239 [INFO] [OK] USA/GFS_ENSEMBLE_Corn_PRCP/daily dia 02 (2026-09-19 → 2026-09-19) 39217 bytes
2026-09-17 09:35:26,927 [INFO] [OK] USA/GFS_ENSEMBLE_Corn_PRCP/daily dia 03 (2026-09-20 → 2026-09-20) 38650 bytes
2026-09-17 09:35:27,103 [INFO] [OK] USA/GFS_ENSEMBLE_Corn_PRCP/daily dia 04 (2026-09-21 → 2026-09-21) 36096 bytes
2026-09-17 09:35:27,258 [INFO] [OK] USA/GFS_ENSEMBLE_Corn_PRCP/daily dia 05 (2026-09-22 → 2026-09-22) 36953 bytes
2026-09-17 09:35:27,633 [INFO] [OK] USA/GFS_ENSEMBLE_Corn_PRCP/daily dia 06 (2026-09-23 → 2026-09-23) 36897 bytes
2026-09-17 09:35:27,741 [INFO] [OK] USA/GFS_ENSEMBLE_Corn_PRCP/daily dia 07 (2026-09-24 → 2026-09-24) 37411 bytes
2026-09-17 09:35:27,810 [INFO] [OK] USA/GFS_ENSEMBLE_Corn_PRCP/daily dia 08 (2026-09-25 → 2026-09-25) 36730 bytes
2026-09-17 09:35:28,536 [INFO] [OK] USA/GFS_ENSEMBLE_Corn_PRCP/daily dia 09 (2026-09-26 → 2026-09-26) 37089 bytes
2026-09-17 09:35:28,711 [INFO] [OK] USA/GFS_ENSEMBLE_Corn_PRCP/daily dia 10 (2026-09-27 → 2026-09-27) 37088 bytes
2026-09-17 09:35:28,819 [INFO] [OK] USA/GFS_ENSEMBLE_Corn_PRCP/daily dia 11 (2026-09-28 → 2026-09-28) 37322 bytes
2026-09-17 09:35:29,240 [INFO] [OK] USA/GFS_ENSEMBLE_Corn_PRCP/daily dia 12 (2026-09-29 → 2026-09-29) 37411 bytes
2026-09-17 09:35:29,364 [INFO] [OK] USA/GFS_ENSEMBLE_Corn_PRCP/daily dia 13 (2026-09-30 → 2026-09-30) 37275 bytes
2026-09-17 09:35:29,372 [INFO] [OK] USA/GFS_ENSEMBLE_Corn_PRCP/daily dia 14 (2026-10-01 → 2026-10-01) 37535 bytes
2026-09-17 09:35:30,134 [INFO] [OK] USA/GFS_ENSEMBLE_Corn_PRCP/cumulative dia 00 (2026-09-17 → 2026-09-17) 38049 bytes
2026-09-17 09:35:30,592 [INFO] [OK] USA/GFS_ENSEMBLE_Corn_PRCP/cumulative dia 01 (2026-09-17 → 2026-09-18) 42276 bytes
2026-09-17 09:35:30,635 [INFO] [OK] USA/GFS_ENSEMBLE_Corn_PRCP/cumulative dia 02 (2026-09-17 → 2026-09-19) 44464 bytes
2026-09-17 09:35:31,167 [INFO] [OK] USA/GFS_ENSEMBLE_Corn_PRCP/cumulative dia 03 (2026-09-17 → 2026-09-20) 45943 bytes
2026-09-17 09:35:31,323 [INFO] [OK] USA/GFS_ENSEMBLE_Corn_PRCP/cumulative dia 04 (2026-09-17 → 2026-09-21) 47471 bytes
2026-09-17 09:35:31,480 [INFO] [OK] USA/GFS_ENSEMBLE_Corn_PRCP/cumulative dia 05 (2026-09-17 → 2026-09-22) 48602 bytes
2026-09-17 09:35:32,418 [INFO] [OK] USA/GFS_ENSEMBLE_Corn_PRCP/cumulative dia 06 (2026-09-17 → 2026-09-23) 49222 bytes
2026-09-17 09:35:32,987 [INFO] [OK] USA/GFS_ENSEMBLE_Corn_PRCP/cumulative dia 07 (2026-09-17 → 2026-09-24) 50276 bytes
2026-09-17 09:35:33,200 [INFO] [OK] USA/GFS_ENSEMBLE_Corn_PRCP/cumulative dia 08 (2026-09-17 → 2026-09-25) 50883 bytes
2026-09-17 09:35:33,763 [INFO] [OK] USA/GFS_ENSEMBLE_Corn_PRCP/cumulative dia 09 (2026-09-17 → 2026-09-26) 50747 bytes
2026-09-17 09:35:33,935 [INFO] [OK] USA/GFS_ENSEMBLE_Corn_PRCP/cumulative dia 10 (2026-09-17 → 2026-09-27) 51231 bytes
2026-09-17 09:35:34,264 [INFO] [OK] USA/GFS_ENSEMBLE_Corn_PRCP/cumulative dia 11 (2026-09-17 → 2026-09-28) 51308 bytes
2026-09-17 09:35:35,166 [INFO] [OK] USA/GFS_ENSEMBLE_Corn_PRCP/cumulative dia 12 (2026-09-17 → 2026-09-29) 51576 bytes
2026-09-17 09:35:35,484 [INFO] [OK] USA/GFS_ENSEMBLE_Soy_PRCP_DEP/daily dia 00 (2026-09-17 → 2026-09-17) 51880 bytes
2026-09-17 09:35:35,777 [INFO] [OK] USA/GFS_ENSEMBLE_Soy_PRCP_DEP/daily dia 01 (2026-09-18 → 2026-09-18) 52150 bytes
2026-09-17 09:35:35,875 [INFO] [OK] USA/GFS_ENSEMBLE_Corn_PRCP/cumulative dia 13 (2026-09-17 → 2026-09-30) 51726 bytes
2026-09-17 09:35:35,913 [INFO] [OK] USA/GFS_ENSEMBLE_Soy_PRCP_DEP/daily dia 02 (2026-09-19 → 2026-09-19) 51586 bytes
2026-09-17 09:35:36,205 [INFO] [OK] USA/GFS_ENSEMBLE_Corn_PRCP/cumulative dia 14 (2026-09-17 → 2026-10-01) 52019 bytes
2026-09-17 09:35:36,838 [INFO] [OK] USA/GFS_ENSEMBLE_Soy_PRCP_DEP/daily dia 03 (2026-09-20 → 2026-09-20) 52151 bytes
2026-09-17 09:35:37,168 [INFO] [OK] USA/GFS_ENSEMBLE_Soy_PRCP_DEP/daily dia 04 (2026-09-21 → 2026-09-21) 53094 bytes
2026-09-17 09:35:37,490 [INFO] [OK] USA/GFS_ENSEMBLE_Soy_PRCP_DEP/daily dia 05 (2026-09-22 → 2026-09-22) 56603 bytes
2026-09-17 09:35:37,661 [INFO] [OK] USA/GFS_ENSEMBLE_Soy_PRCP_DEP/daily dia 06 (2026-09-23 → 2026-09-23) 57342 bytes
2026-09-17 09:35:37,749 [INFO] [OK] USA/GFS_ENSEMBLE_Soy_PRCP_DEP/daily dia 07 (2026-09-24 → 2026-09-24) 58860 bytes
2026-09-17 09:35:37,992 [INFO] [OK] USA/GFS_ENSEMBLE_Soy_PRCP_DEP/daily dia 08 (2026-09-25 → 2026-09-25) 58904 bytes
2026-09-17 09:35:38,527 [INFO] [OK] USA/GFS_ENSEMBLE_Soy_PRCP_DEP/daily dia 09 (2026-09-26 → 2026-09-26) 61107 bytes
2026-09-17 09:35:38,829 [INFO] [OK] USA/GFS_ENSEMBLE_Soy_PRCP_DEP/daily dia 10 (2026-09-27 → 2026-09-27) 60099 bytes
2026-09-17 09:35:39,235 [INFO] [OK] USA/GFS_ENSEMBLE_Soy_PRCP_DEP/daily dia 11 (2026-09-28 → 2026-09-28) 59659 bytes
2026-09-17 09:35:39,503 [INFO] [OK] USA/GFS_ENSEMBLE_Soy_PRCP_DEP/daily dia 12 (2026-09-29 → 2026-09-29) 61616 bytes
2026-09-17 09:35:39,542 [INFO] [OK] USA/GFS_ENSEMBLE_Soy_PRCP_DEP/daily dia 13 (2026-09-30 → 2026-09-30) 63349 bytes
2026-09-17 09:35:39,848 [INFO] [OK] USA/GFS_ENSEMBLE_Soy_PRCP_DEP/daily dia 14 (2026-10-01 → 2026-10-01) 62953 bytes
2026-09-17 09:35:40,266 [INFO] [OK] USA/GFS_ENSEMBLE_Soy_PRCP_DEP/cumulative dia 00 (2026-09-17 → 2026-09-17) 51880 bytes
2026-09-17 09:35:40,603 [INFO] [OK] USA/GFS_ENSEMBLE_Soy_PRCP_DEP/cumulative dia 01 (2026-09-17 → 2026-09-18) 54195 bytes
2026-09-17 09:35:41,072 [INFO] [OK] USA/GFS_ENSEMBLE_Soy_PRCP_DEP/cumulative dia 02 (2026-09-17 → 2026-09-19) 54300 bytes
2026-09-17 09:35:41,504 [INFO] [OK] USA/GFS_ENSEMBLE_Soy_PRCP_DEP/cumulative dia 03 (2026-09-17 → 2026-09-20) 56147 bytes
2026-09-17 09:35:41,631 [INFO] [OK] USA/GFS_ENSEMBLE_Soy_PRCP_DEP/cumulative dia 04 (2026-09-17 → 2026-09-21) 57363 bytes
2026-09-17 09:35:41,997 [INFO] [OK] USA/GFS_ENSEMBLE_Soy_PRCP_DEP/cumulative dia 05 (2026-09-17 → 2026-09-22) 58666 bytes
2026-09-17 09:35:42,512 [INFO] [OK] USA/GFS_ENSEMBLE_Soy_PRCP_DEP/cumulative dia 06 (2026-09-17 → 2026-09-23) 58738 bytes
2026-09-17 09:35:42,910 [INFO] [OK] USA/GFS_ENSEMBLE_Soy_PRCP_DEP/cumulative dia 07 (2026-09-17 → 2026-09-24) 58872 bytes
2026-09-17 09:35:43,536 [INFO] [OK] USA/GFS_ENSEMBLE_Soy_PRCP_DEP/cumulative dia 08 (2026-09-17 → 2026-09-25) 59336 bytes
2026-09-17 09:35:44,094 [INFO] [OK] USA/GFS_ENSEMBLE_Soy_PRCP_DEP/cumulative dia 09 (2026-09-17 → 2026-09-26) 60321 bytes
2026-09-17 09:35:44,310 [INFO] [OK] USA/GFS_ENSEMBLE_Soy_PRCP_DEP/cumulative dia 10 (2026-09-17 → 2026-09-27) 60165 bytes
2026-09-17 09:35:44,749 [INFO] [OK] USA/GFS_ENSEMBLE_Soy_PRCP_DEP/cumulative dia 11 (2026-09-17 → 2026-09-28) 60390 bytes
2026-09-17 09:35:45,368 [INFO] [OK] USA/GFS_ENSEMBLE_Soy_PRCP_DEP/cumulative dia 12 (2026-09-17 → 2026-09-29) 60233 bytes
2026-09-17 09:35:45,743 [INFO] [OK] USA/GFS_ENSEMBLE_Soy_PRCP/daily dia 00 (2026-09-17 → 2026-09-17) 37756 bytes
2026-09-17 09:35:45,859 [INFO] [OK] USA/GFS_ENSEMBLE_Soy_PRCP_DEP/cumulative dia 13 (2026-09-17 → 2026-09-30) 60010 bytes
2026-09-17 09:35:45,961 [INFO] [OK] USA/GFS_ENSEMBLE_Soy_PRCP/daily dia 01 (2026-09-18 → 2026-09-18) 38921 bytes
2026-09-17 09:35:46,410 [INFO] [OK] USA/GFS_ENSEMBLE_Soy_PRCP/daily dia 02 (2026-09-19 → 2026-09-19) 38810 bytes
2026-09-17 09:35:46,514 [INFO] [OK] USA/GFS_ENSEMBLE_Soy_PRCP_DEP/cumulative dia 14 (2026-09-17 → 2026-10-01) 60046 bytes
2026-09-17 09:35:46,957 [INFO] [OK] USA/GFS_ENSEMBLE_Soy_PRCP/daily dia 03 (2026-09-20 → 2026-09-20) 38327 bytes
2026-09-17 09:35:47,348 [INFO] [OK] USA/GFS_ENSEMBLE_Soy_PRCP/daily dia 04 (2026-09-21 → 2026-09-21) 35506 bytes
2026-09-17 09:35:47,471 [INFO] [OK] USA/GFS_ENSEMBLE_Soy_PRCP/daily dia 05 (2026-09-22 → 2026-09-22) 36388 bytes
2026-09-17 09:35:47,542 [INFO] [OK] USA/GFS_ENSEMBLE_Soy_PRCP/daily dia 06 (2026-09-23 → 2026-09-23) 36463 bytes
2026-09-17 09:35:48,090 [INFO] [OK] USA/GFS_ENSEMBLE_Soy_PRCP/daily dia 07 (2026-09-24 → 2026-09-24) 36942 bytes
2026-09-17 09:35:48,125 [INFO] [OK] USA/GFS_ENSEMBLE_Soy_PRCP/daily dia 08 (2026-09-25 → 2026-09-25) 36265 bytes
2026-09-17 09:35:48,525 [INFO] [OK] USA/GFS_ENSEMBLE_Soy_PRCP/daily dia 09 (2026-09-26 → 2026-09-26) 36704 bytes
2026-09-17 09:35:48,971 [INFO] [OK] USA/GFS_ENSEMBLE_Soy_PRCP/daily dia 10 (2026-09-27 → 2026-09-27) 36702 bytes
2026-09-17 09:35:49,023 [INFO] [OK] USA/GFS_ENSEMBLE_Soy_PRCP/daily dia 11 (2026-09-28 → 2026-09-28) 36765 bytes
2026-09-17 09:35:49,111 [INFO] [OK] USA/GFS_ENSEMBLE_Soy_PRCP/daily dia 12 (2026-09-29 → 2026-09-29) 36988 bytes
2026-09-17 09:35:49,648 [INFO] [OK] USA/GFS_ENSEMBLE_Soy_PRCP/daily dia 13 (2026-09-30 → 2026-09-30) 36725 bytes
2026-09-17 09:35:49,740 [INFO] [OK] USA/GFS_ENSEMBLE_Soy_PRCP/daily dia 14 (2026-10-01 → 2026-10-01) 37088 bytes
2026-09-17 09:35:50,095 [INFO] [OK] USA/GFS_ENSEMBLE_Soy_PRCP/cumulative dia 00 (2026-09-17 → 2026-09-17) 37756 bytes
2026-09-17 09:35:50,740 [INFO] [OK] USA/GFS_ENSEMBLE_Soy_PRCP/cumulative dia 01 (2026-09-17 → 2026-09-18) 41941 bytes
2026-09-17 09:35:50,817 [INFO] [OK] USA/GFS_ENSEMBLE_Soy_PRCP/cumulative dia 02 (2026-09-17 → 2026-09-19) 44119 bytes
2026-09-17 09:35:51,124 [INFO] [OK] USA/GFS_ENSEMBLE_Soy_PRCP/cumulative dia 03 (2026-09-17 → 2026-09-20) 45565 bytes
2026-09-17 09:35:51,650 [INFO] [OK] USA/GFS_ENSEMBLE_Soy_PRCP/cumulative dia 04 (2026-09-17 → 2026-09-21) 47169 bytes
2026-09-17 09:35:51,849 [INFO] [OK] USA/GFS_ENSEMBLE_Soy_PRCP/cumulative dia 05 (2026-09-17 → 2026-09-22) 48287 bytes
2026-09-17 09:35:52,325 [INFO] [OK] USA/GFS_ENSEMBLE_Soy_PRCP/cumulative dia 06 (2026-09-17 → 2026-09-23) 48751 bytes
2026-09-17 09:35:53,136 [INFO] [OK] USA/GFS_ENSEMBLE_Soy_PRCP/cumulative dia 07 (2026-09-17 → 2026-09-24) 49781 bytes
2026-09-17 09:35:53,358 [INFO] [OK] USA/GFS_ENSEMBLE_Soy_PRCP/cumulative dia 08 (2026-09-17 → 2026-09-25) 50568 bytes
2026-09-17 09:35:53,676 [INFO] [OK] USA/GFS_ENSEMBLE_Soy_PRCP/cumulative dia 09 (2026-09-17 → 2026-09-26) 50324 bytes
2026-09-17 09:35:54,602 [INFO] [OK] USA/GFS_ENSEMBLE_Soy_PRCP/cumulative dia 10 (2026-09-17 → 2026-09-27) 50949 bytes
2026-09-17 09:35:54,710 [INFO] [OK] USA/GFS_ENSEMBLE_Soy_PRCP/cumulative dia 11 (2026-09-17 → 2026-09-28) 50973 bytes
2026-09-17 09:35:55,299 [INFO] [OK] USA/GFS_ENSEMBLE_Soy_PRCP/cumulative dia 12 (2026-09-17 → 2026-09-29) 51142 bytes
2026-09-17 09:35:55,430 [INFO] [OK] USA/GFS_ENSEMBLE_Wheat_Winter_PRCP_DEP/daily dia 00 (2026-09-17 → 2026-09-17) 53282 bytes
2026-09-17 09:35:56,341 [INFO] [OK] USA/GFS_ENSEMBLE_Soy_PRCP/cumulative dia 13 (2026-09-17 → 2026-09-30) 51371 bytes
2026-09-17 09:35:56,386 [INFO] [OK] USA/GFS_ENSEMBLE_Wheat_Winter_PRCP_DEP/daily dia 01 (2026-09-18 → 2026-09-18) 53747 bytes
2026-09-17 09:35:56,470 [INFO] [OK] USA/GFS_ENSEMBLE_Soy_PRCP/cumulative dia 14 (2026-09-17 → 2026-10-01) 51549 bytes
2026-09-17 09:35:56,514 [INFO] [OK] USA/GFS_ENSEMBLE_Wheat_Winter_PRCP_DEP/daily dia 02 (2026-09-19 → 2026-09-19) 53443 bytes
2026-09-17 09:35:56,933 [INFO] [OK] USA/GFS_ENSEMBLE_Wheat_Winter_PRCP_DEP/daily dia 03 (2026-09-20 → 2026-09-20) 53782 bytes
2026-09-17 09:35:57,077 [INFO] [OK] USA/GFS_ENSEMBLE_Wheat_Winter_PRCP_DEP/daily dia 04 (2026-09-21 → 2026-09-21) 54596 bytes
2026-09-17 09:35:58,079 [INFO] [OK] USA/GFS_ENSEMBLE_Wheat_Winter_PRCP_DEP/daily dia 05 (2026-09-22 → 2026-09-22) 58722 bytes
2026-09-17 09:35:58,121 [INFO] [OK] USA/GFS_ENSEMBLE_Wheat_Winter_PRCP_DEP/daily dia 07 (2026-09-24 → 2026-09-24) 60390 bytes
2026-09-17 09:35:58,174 [INFO] [OK] USA/GFS_ENSEMBLE_Wheat_Winter_PRCP_DEP/daily dia 06 (2026-09-23 → 2026-09-23) 59332 bytes
2026-09-17 09:35:58,230 [INFO] [OK] USA/GFS_ENSEMBLE_Wheat_Winter_PRCP_DEP/daily dia 08 (2026-09-25 → 2026-09-25) 60499 bytes
2026-09-17 09:35:58,774 [INFO] [OK] USA/GFS_ENSEMBLE_Wheat_Winter_PRCP_DEP/daily dia 10 (2026-09-27 → 2026-09-27) 61612 bytes
2026-09-17 09:35:58,776 [INFO] [OK] USA/GFS_ENSEMBLE_Wheat_Winter_PRCP_DEP/daily dia 09 (2026-09-26 → 2026-09-26) 62580 bytes
2026-09-17 09:35:59,852 [INFO] [OK] USA/GFS_ENSEMBLE_Wheat_Winter_PRCP_DEP/daily dia 11 (2026-09-28 → 2026-09-28) 61372 bytes
2026-09-17 09:35:59,917 [INFO] [OK] USA/GFS_ENSEMBLE_Wheat_Winter_PRCP_DEP/daily dia 14 (2026-10-01 → 2026-10-01) 64536 bytes
2026-09-17 09:36:00,041 [INFO] [OK] USA/GFS_ENSEMBLE_Wheat_Winter_PRCP_DEP/daily dia 12 (2026-09-29 → 2026-09-29) 63099 bytes
2026-09-17 09:36:00,090 [INFO] [OK] USA/GFS_ENSEMBLE_Wheat_Winter_PRCP_DEP/daily dia 13 (2026-09-30 → 2026-09-30) 65064 bytes
2026-09-17 09:36:00,461 [INFO] [OK] USA/GFS_ENSEMBLE_Wheat_Winter_PRCP_DEP/cumulative dia 00 (2026-09-17 → 2026-09-17) 53282 bytes
2026-09-17 09:36:00,616 [INFO] [OK] USA/GFS_ENSEMBLE_Wheat_Winter_PRCP_DEP/cumulative dia 01 (2026-09-17 → 2026-09-18) 55472 bytes
2026-09-17 09:36:01,832 [INFO] [OK] USA/GFS_ENSEMBLE_Wheat_Winter_PRCP_DEP/cumulative dia 02 (2026-09-17 → 2026-09-19) 56083 bytes
2026-09-17 09:36:01,958 [INFO] [OK] USA/GFS_ENSEMBLE_Wheat_Winter_PRCP_DEP/cumulative dia 03 (2026-09-17 → 2026-09-20) 57728 bytes
2026-09-17 09:36:02,210 [INFO] [OK] USA/GFS_ENSEMBLE_Wheat_Winter_PRCP_DEP/cumulative dia 04 (2026-09-17 → 2026-09-21) 58956 bytes
2026-09-17 09:36:02,443 [INFO] [OK] USA/GFS_ENSEMBLE_Wheat_Winter_PRCP_DEP/cumulative dia 05 (2026-09-17 → 2026-09-22) 60160 bytes
2026-09-17 09:36:02,858 [INFO] [OK] USA/GFS_ENSEMBLE_Wheat_Winter_PRCP_DEP/cumulative dia 06 (2026-09-17 → 2026-09-23) 60269 bytes
2026-09-17 09:36:03,137 [INFO] [OK] USA/GFS_ENSEMBLE_Wheat_Winter_PRCP_DEP/cumulative dia 07 (2026-09-17 → 2026-09-24) 60213 bytes
2026-09-17 09:36:04,481 [INFO] [OK] USA/GFS_ENSEMBLE_Wheat_Winter_PRCP_DEP/cumulative dia 08 (2026-09-17 → 2026-09-25) 60555 bytes
2026-09-17 09:36:04,816 [INFO] [OK] USA/GFS_ENSEMBLE_Wheat_Winter_PRCP_DEP/cumulative dia 09 (2026-09-17 → 2026-09-26) 61891 bytes
2026-09-17 09:36:05,326 [INFO] [OK] USA/GFS_ENSEMBLE_Wheat_Winter_PRCP_DEP/cumulative dia 10 (2026-09-17 → 2026-09-27) 61621 bytes
2026-09-17 09:36:05,531 [INFO] [OK] USA/GFS_ENSEMBLE_Wheat_Winter_PRCP_DEP/cumulative dia 11 (2026-09-17 → 2026-09-28) 61811 bytes
2026-09-17 09:36:06,028 [INFO] [OK] USA/GFS_ENSEMBLE_Wheat_Winter_PRCP_DEP/cumulative dia 12 (2026-09-17 → 2026-09-29) 61531 bytes
2026-09-17 09:36:06,413 [INFO] [OK] USA/GFS_ENSEMBLE_Wheat_Winter_PRCP_DEP/cumulative dia 13 (2026-09-17 → 2026-09-30) 61313 bytes
2026-09-17 09:36:06,618 [INFO] [OK] USA/GFS_ENSEMBLE_Wheat_Winter_PRCP/daily dia 00 (2026-09-17 → 2026-09-17) 39282 bytes
2026-09-17 09:36:07,011 [INFO] [OK] USA/GFS_ENSEMBLE_Wheat_Winter_PRCP/daily dia 01 (2026-09-18 → 2026-09-18) 40443 bytes
2026-09-17 09:36:07,193 [INFO] [OK] USA/GFS_ENSEMBLE_Wheat_Winter_PRCP/daily dia 02 (2026-09-19 → 2026-09-19) 40337 bytes
2026-09-17 09:36:07,747 [INFO] [OK] USA/GFS_ENSEMBLE_Wheat_Winter_PRCP_DEP/cumulative dia 14 (2026-09-17 → 2026-10-01) 61376 bytes
2026-09-17 09:36:07,748 [INFO] [OK] USA/GFS_ENSEMBLE_Wheat_Winter_PRCP/daily dia 03 (2026-09-20 → 2026-09-20) 39813 bytes
2026-09-17 09:36:08,075 [INFO] [OK] USA/GFS_ENSEMBLE_Wheat_Winter_PRCP/daily dia 04 (2026-09-21 → 2026-09-21) 37197 bytes
2026-09-17 09:36:08,287 [INFO] [OK] USA/GFS_ENSEMBLE_Wheat_Winter_PRCP/daily dia 05 (2026-09-22 → 2026-09-22) 37985 bytes
2026-09-17 09:36:08,731 [INFO] [OK] USA/GFS_ENSEMBLE_Wheat_Winter_PRCP/daily dia 06 (2026-09-23 → 2026-09-23) 37953 bytes
2026-09-17 09:36:08,856 [INFO] [OK] USA/GFS_ENSEMBLE_Wheat_Winter_PRCP/daily dia 07 (2026-09-24 → 2026-09-24) 38376 bytes
2026-09-17 09:36:09,371 [INFO] [OK] USA/GFS_ENSEMBLE_Wheat_Winter_PRCP/daily dia 09 (2026-09-26 → 2026-09-26) 38153 bytes
2026-09-17 09:36:09,417 [INFO] [OK] USA/GFS_ENSEMBLE_Wheat_Winter_PRCP/daily dia 08 (2026-09-25 → 2026-09-25) 37867 bytes
2026-09-17 09:36:09,667 [INFO] [OK] USA/GFS_ENSEMBLE_Wheat_Winter_PRCP/daily dia 10 (2026-09-27 → 2026-09-27) 37969 bytes
2026-09-17 09:36:09,889 [INFO] [OK] USA/GFS_ENSEMBLE_Wheat_Winter_PRCP/daily dia 11 (2026-09-28 → 2026-09-28) 38244 bytes
2026-09-17 09:36:10,391 [INFO] [OK] USA/GFS_ENSEMBLE_Wheat_Winter_PRCP/daily dia 12 (2026-09-29 → 2026-09-29) 38628 bytes
2026-09-17 09:36:10,460 [INFO] [OK] USA/GFS_ENSEMBLE_Wheat_Winter_PRCP/daily dia 13 (2026-09-30 → 2026-09-30) 38189 bytes
2026-09-17 09:36:11,075 [INFO] [OK] USA/GFS_ENSEMBLE_Wheat_Winter_PRCP/cumulative dia 00 (2026-09-17 → 2026-09-17) 39282 bytes
2026-09-17 09:36:11,076 [INFO] [OK] USA/GFS_ENSEMBLE_Wheat_Winter_PRCP/daily dia 14 (2026-10-01 → 2026-10-01) 38545 bytes
2026-09-17 09:36:11,479 [INFO] [OK] USA/GFS_ENSEMBLE_Wheat_Winter_PRCP/cumulative dia 01 (2026-09-17 → 2026-09-18) 43372 bytes
2026-09-17 09:36:11,984 [INFO] [OK] USA/GFS_ENSEMBLE_Wheat_Winter_PRCP/cumulative dia 02 (2026-09-17 → 2026-09-19) 45693 bytes
2026-09-17 09:36:12,444 [INFO] [OK] USA/GFS_ENSEMBLE_Wheat_Winter_PRCP/cumulative dia 03 (2026-09-17 → 2026-09-20) 47368 bytes
2026-09-17 09:36:12,844 [INFO] [OK] USA/GFS_ENSEMBLE_Wheat_Winter_PRCP/cumulative dia 04 (2026-09-17 → 2026-09-21) 48867 bytes
2026-09-17 09:36:13,398 [INFO] [OK] USA/GFS_ENSEMBLE_Wheat_Winter_PRCP/cumulative dia 06 (2026-09-17 → 2026-09-23) 50373 bytes
2026-09-17 09:36:13,549 [INFO] [OK] USA/GFS_ENSEMBLE_Wheat_Winter_PRCP/cumulative dia 05 (2026-09-17 → 2026-09-22) 49801 bytes
2026-09-17 09:36:14,352 [INFO] [OK] USA/GFS_ENSEMBLE_Wheat_Winter_PRCP/cumulative dia 07 (2026-09-17 → 2026-09-24) 51392 bytes
2026-09-17 09:36:14,613 [INFO] [OK] USA/GFS_ENSEMBLE_Wheat_Winter_PRCP/cumulative dia 08 (2026-09-17 → 2026-09-25) 52088 bytes
2026-09-17 09:36:15,098 [INFO] [OK] USA/GFS_ENSEMBLE_Wheat_Winter_PRCP/cumulative dia 09 (2026-09-17 → 2026-09-26) 52020 bytes
2026-09-17 09:36:15,562 [INFO] [OK] USA/GFS_ENSEMBLE_Wheat_Winter_PRCP/cumulative dia 10 (2026-09-17 → 2026-09-27) 52520 bytes
2026-09-17 09:36:16,474 [INFO] [OK] USA/GFS_ENSEMBLE_Wheat_Winter_PRCP/cumulative dia 11 (2026-09-17 → 2026-09-28) 52653 bytes
2026-09-17 09:36:16,768 [INFO] [OK] USA/GFS_ENSEMBLE_Wheat_Winter_PRCP/cumulative dia 12 (2026-09-17 → 2026-09-29) 52765 bytes
2026-09-17 09:36:16,870 [INFO] [OK] USA/GFS_ENSEMBLE_Wheat_Spring_PRCP_DEP/daily dia 00 (2026-09-17 → 2026-09-17) 50123 bytes
2026-09-17 09:36:17,278 [INFO] [OK] USA/GFS_ENSEMBLE_Wheat_Spring_PRCP_DEP/daily dia 01 (2026-09-18 → 2026-09-18) 50337 bytes
2026-09-17 09:36:17,654 [INFO] [OK] USA/GFS_ENSEMBLE_Wheat_Winter_PRCP/cumulative dia 13 (2026-09-17 → 2026-09-30) 53166 bytes
2026-09-17 09:36:17,835 [INFO] [OK] USA/GFS_ENSEMBLE_Wheat_Winter_PRCP/cumulative dia 14 (2026-09-17 → 2026-10-01) 53384 bytes
2026-09-17 09:36:18,234 [INFO] [OK] USA/GFS_ENSEMBLE_Wheat_Spring_PRCP_DEP/daily dia 02 (2026-09-19 → 2026-09-19) 50198 bytes
2026-09-17 09:36:18,684 [INFO] [OK] USA/GFS_ENSEMBLE_Wheat_Spring_PRCP_DEP/daily dia 04 (2026-09-21 → 2026-09-21) 51289 bytes
2026-09-17 09:36:18,714 [INFO] [OK] USA/GFS_ENSEMBLE_Wheat_Spring_PRCP_DEP/daily dia 03 (2026-09-20 → 2026-09-20) 50830 bytes
2026-09-17 09:36:19,096 [INFO] [OK] USA/GFS_ENSEMBLE_Wheat_Spring_PRCP_DEP/daily dia 05 (2026-09-22 → 2026-09-22) 54738 bytes
2026-09-17 09:36:19,425 [INFO] [OK] USA/GFS_ENSEMBLE_Wheat_Spring_PRCP_DEP/daily dia 06 (2026-09-23 → 2026-09-23) 55877 bytes
2026-09-17 09:36:19,676 [INFO] [OK] USA/GFS_ENSEMBLE_Wheat_Spring_PRCP_DEP/daily dia 07 (2026-09-24 → 2026-09-24) 56910 bytes
2026-09-17 09:36:19,944 [INFO] [OK] USA/GFS_ENSEMBLE_Wheat_Spring_PRCP_DEP/daily dia 08 (2026-09-25 → 2026-09-25) 56794 bytes
2026-09-17 09:36:20,379 [INFO] [OK] USA/GFS_ENSEMBLE_Wheat_Spring_PRCP_DEP/daily dia 10 (2026-09-27 → 2026-09-27) 57948 bytes
2026-09-17 09:36:20,471 [INFO] [OK] USA/GFS_ENSEMBLE_Wheat_Spring_PRCP_DEP/daily dia 09 (2026-09-26 → 2026-09-26) 59210 bytes
2026-09-17 09:36:20,889 [INFO] [OK] USA/GFS_ENSEMBLE_Wheat_Spring_PRCP_DEP/daily dia 11 (2026-09-28 → 2026-09-28) 57791 bytes
2026-09-17 09:36:21,238 [INFO] [OK] USA/GFS_ENSEMBLE_Wheat_Spring_PRCP_DEP/daily dia 12 (2026-09-29 → 2026-09-29) 59701 bytes
2026-09-17 09:36:21,441 [INFO] [OK] USA/GFS_ENSEMBLE_Wheat_Spring_PRCP_DEP/daily dia 13 (2026-09-30 → 2026-09-30) 61717 bytes
2026-09-17 09:36:21,877 [INFO] [OK] USA/GFS_ENSEMBLE_Wheat_Spring_PRCP_DEP/daily dia 14 (2026-10-01 → 2026-10-01) 61177 bytes
2026-09-17 09:36:22,107 [INFO] [OK] USA/GFS_ENSEMBLE_Wheat_Spring_PRCP_DEP/cumulative dia 00 (2026-09-17 → 2026-09-17) 50123 bytes
2026-09-17 09:36:22,312 [INFO] [OK] USA/GFS_ENSEMBLE_Wheat_Spring_PRCP_DEP/cumulative dia 01 (2026-09-17 → 2026-09-18) 52363 bytes
2026-09-17 09:36:22,886 [INFO] [OK] USA/GFS_ENSEMBLE_Wheat_Spring_PRCP_DEP/cumulative dia 02 (2026-09-17 → 2026-09-19) 52731 bytes
2026-09-17 09:36:23,275 [INFO] [OK] USA/GFS_ENSEMBLE_Wheat_Spring_PRCP_DEP/cumulative dia 03 (2026-09-17 → 2026-09-20) 54385 bytes
2026-09-17 09:36:23,562 [INFO] [OK] USA/GFS_ENSEMBLE_Wheat_Spring_PRCP_DEP/cumulative dia 04 (2026-09-17 → 2026-09-21) 55541 bytes
2026-09-17 09:36:24,158 [INFO] [OK] USA/GFS_ENSEMBLE_Wheat_Spring_PRCP_DEP/cumulative dia 05 (2026-09-17 → 2026-09-22) 56724 bytes
2026-09-17 09:36:24,510 [INFO] [OK] USA/GFS_ENSEMBLE_Wheat_Spring_PRCP_DEP/cumulative dia 06 (2026-09-17 → 2026-09-23) 56841 bytes
2026-09-17 09:36:25,103 [INFO] [OK] USA/GFS_ENSEMBLE_Wheat_Spring_PRCP_DEP/cumulative dia 07 (2026-09-17 → 2026-09-24) 56984 bytes
2026-09-17 09:36:25,639 [INFO] [OK] USA/GFS_ENSEMBLE_Wheat_Spring_PRCP_DEP/cumulative dia 08 (2026-09-17 → 2026-09-25) 57605 bytes
2026-09-17 09:36:26,141 [INFO] [OK] USA/GFS_ENSEMBLE_Wheat_Spring_PRCP_DEP/cumulative dia 09 (2026-09-17 → 2026-09-26) 58588 bytes
2026-09-17 09:36:26,558 [INFO] [OK] USA/GFS_ENSEMBLE_Wheat_Spring_PRCP_DEP/cumulative dia 10 (2026-09-17 → 2026-09-27) 58479 bytes
2026-09-17 09:36:27,150 [INFO] [OK] USA/GFS_ENSEMBLE_Wheat_Spring_PRCP_DEP/cumulative dia 11 (2026-09-17 → 2026-09-28) 58634 bytes
2026-09-17 09:36:27,745 [INFO] [OK] USA/GFS_ENSEMBLE_Wheat_Spring_PRCP_DEP/cumulative dia 12 (2026-09-17 → 2026-09-29) 58422 bytes
2026-09-17 09:36:27,844 [INFO] [OK] USA/GFS_ENSEMBLE_Wheat_Spring_PRCP/daily dia 00 (2026-09-17 → 2026-09-17) 36175 bytes
2026-09-17 09:36:28,289 [INFO] [OK] USA/GFS_ENSEMBLE_Wheat_Spring_PRCP/daily dia 01 (2026-09-18 → 2026-09-18) 37196 bytes
2026-09-17 09:36:28,363 [INFO] [OK] USA/GFS_ENSEMBLE_Wheat_Spring_PRCP_DEP/cumulative dia 13 (2026-09-17 → 2026-09-30) 58161 bytes
2026-09-17 09:36:28,819 [INFO] [OK] USA/GFS_ENSEMBLE_Wheat_Spring_PRCP_DEP/cumulative dia 14 (2026-09-17 → 2026-10-01) 58067 bytes
2026-09-17 09:36:28,841 [INFO] [OK] USA/GFS_ENSEMBLE_Wheat_Spring_PRCP/daily dia 02 (2026-09-19 → 2026-09-19) 37214 bytes
2026-09-17 09:36:29,410 [INFO] [OK] USA/GFS_ENSEMBLE_Wheat_Spring_PRCP/daily dia 03 (2026-09-20 → 2026-09-20) 36610 bytes
2026-09-17 09:36:29,508 [INFO] [OK] USA/GFS_ENSEMBLE_Wheat_Spring_PRCP/daily dia 04 (2026-09-21 → 2026-09-21) 34226 bytes
2026-09-17 09:36:29,985 [INFO] [OK] USA/GFS_ENSEMBLE_Wheat_Spring_PRCP/daily dia 05 (2026-09-22 → 2026-09-22) 34846 bytes
2026-09-17 09:36:29,987 [INFO] [OK] USA/GFS_ENSEMBLE_Wheat_Spring_PRCP/daily dia 06 (2026-09-23 → 2026-09-23) 34969 bytes
2026-09-17 09:36:30,486 [INFO] [OK] USA/GFS_ENSEMBLE_Wheat_Spring_PRCP/daily dia 07 (2026-09-24 → 2026-09-24) 35481 bytes
2026-09-17 09:36:30,595 [INFO] [OK] USA/GFS_ENSEMBLE_Wheat_Spring_PRCP/daily dia 08 (2026-09-25 → 2026-09-25) 34873 bytes
2026-09-17 09:36:31,069 [INFO] [OK] USA/GFS_ENSEMBLE_Wheat_Spring_PRCP/daily dia 09 (2026-09-26 → 2026-09-26) 35265 bytes
2026-09-17 09:36:31,165 [INFO] [OK] USA/GFS_ENSEMBLE_Wheat_Spring_PRCP/daily dia 10 (2026-09-27 → 2026-09-27) 35470 bytes
2026-09-17 09:36:31,580 [INFO] [OK] USA/GFS_ENSEMBLE_Wheat_Spring_PRCP/daily dia 11 (2026-09-28 → 2026-09-28) 35465 bytes
2026-09-17 09:36:31,750 [INFO] [OK] USA/GFS_ENSEMBLE_Wheat_Spring_PRCP/daily dia 12 (2026-09-29 → 2026-09-29) 35677 bytes
2026-09-17 09:36:32,250 [INFO] [OK] USA/GFS_ENSEMBLE_Wheat_Spring_PRCP/daily dia 13 (2026-09-30 → 2026-09-30) 35450 bytes
2026-09-17 09:36:32,434 [INFO] [OK] USA/GFS_ENSEMBLE_Wheat_Spring_PRCP/daily dia 14 (2026-10-01 → 2026-10-01) 35410 bytes
2026-09-17 09:36:33,156 [INFO] [OK] USA/GFS_ENSEMBLE_Wheat_Spring_PRCP/cumulative dia 00 (2026-09-17 → 2026-09-17) 36175 bytes
2026-09-17 09:36:33,209 [INFO] [OK] USA/GFS_ENSEMBLE_Wheat_Spring_PRCP/cumulative dia 01 (2026-09-17 → 2026-09-18) 40096 bytes
2026-09-17 09:36:33,780 [INFO] [OK] USA/GFS_ENSEMBLE_Wheat_Spring_PRCP/cumulative dia 02 (2026-09-17 → 2026-09-19) 42255 bytes
2026-09-17 09:36:34,053 [INFO] [OK] USA/GFS_ENSEMBLE_Wheat_Spring_PRCP/cumulative dia 03 (2026-09-17 → 2026-09-20) 43782 bytes
2026-09-17 09:36:34,590 [INFO] [OK] USA/GFS_ENSEMBLE_Wheat_Spring_PRCP/cumulative dia 04 (2026-09-17 → 2026-09-21) 45001 bytes
2026-09-17 09:36:34,849 [INFO] [OK] USA/GFS_ENSEMBLE_Wheat_Spring_PRCP/cumulative dia 05 (2026-09-17 → 2026-09-22) 45993 bytes
2026-09-17 09:36:36,052 [INFO] [OK] USA/GFS_ENSEMBLE_Wheat_Spring_PRCP/cumulative dia 06 (2026-09-17 → 2026-09-23) 46590 bytes
2026-09-17 09:36:36,239 [INFO] [OK] USA/GFS_ENSEMBLE_Wheat_Spring_PRCP/cumulative dia 07 (2026-09-17 → 2026-09-24) 47587 bytes
2026-09-17 09:36:36,986 [INFO] [OK] USA/GFS_ENSEMBLE_Wheat_Spring_PRCP/cumulative dia 08 (2026-09-17 → 2026-09-25) 48160 bytes
2026-09-17 09:36:37,466 [INFO] [OK] USA/GFS_ENSEMBLE_Wheat_Spring_PRCP/cumulative dia 09 (2026-09-17 → 2026-09-26) 48248 bytes
2026-09-17 09:36:38,095 [INFO] [OK] USA/GFS_ENSEMBLE_Wheat_Spring_PRCP/cumulative dia 10 (2026-09-17 → 2026-09-27) 48725 bytes
2026-09-17 09:36:38,398 [INFO] [OK] USA/GFS_ENSEMBLE_Wheat_Spring_PRCP/cumulative dia 11 (2026-09-17 → 2026-09-28) 48529 bytes
2026-09-17 09:36:39,336 [INFO] [OK] USA/ECM_ENSEMBLE_Corn_PRCP_DEP/daily dia 00 (2026-09-17 → 2026-09-17) 53471 bytes
2026-09-17 09:36:39,424 [INFO] [OK] USA/GFS_ENSEMBLE_Wheat_Spring_PRCP/cumulative dia 12 (2026-09-17 → 2026-09-29) 48746 bytes
2026-09-17 09:36:39,860 [INFO] [OK] USA/GFS_ENSEMBLE_Wheat_Spring_PRCP/cumulative dia 13 (2026-09-17 → 2026-09-30) 49223 bytes
2026-09-17 09:36:39,909 [INFO] [OK] USA/ECM_ENSEMBLE_Corn_PRCP_DEP/daily dia 01 (2026-09-18 → 2026-09-18) 53093 bytes
2026-09-17 09:36:40,298 [INFO] [OK] USA/ECM_ENSEMBLE_Corn_PRCP_DEP/daily dia 02 (2026-09-19 → 2026-09-19) 53269 bytes
2026-09-17 09:36:40,479 [INFO] [OK] USA/GFS_ENSEMBLE_Wheat_Spring_PRCP/cumulative dia 14 (2026-09-17 → 2026-10-01) 49016 bytes
2026-09-17 09:36:41,109 [INFO] [OK] USA/ECM_ENSEMBLE_Corn_PRCP_DEP/daily dia 03 (2026-09-20 → 2026-09-20) 52564 bytes
2026-09-17 09:36:41,148 [INFO] [OK] USA/ECM_ENSEMBLE_Corn_PRCP_DEP/daily dia 04 (2026-09-21 → 2026-09-21) 57232 bytes
2026-09-17 09:36:41,763 [INFO] [OK] USA/ECM_ENSEMBLE_Corn_PRCP_DEP/daily dia 05 (2026-09-22 → 2026-09-22) 55359 bytes
2026-09-17 09:36:41,811 [INFO] [OK] USA/ECM_ENSEMBLE_Corn_PRCP_DEP/daily dia 06 (2026-09-23 → 2026-09-23) 55578 bytes
2026-09-17 09:36:42,145 [INFO] [OK] USA/ECM_ENSEMBLE_Corn_PRCP_DEP/daily dia 07 (2026-09-24 → 2026-09-24) 55613 bytes
2026-09-17 09:36:42,267 [INFO] [OK] USA/ECM_ENSEMBLE_Corn_PRCP_DEP/daily dia 08 (2026-09-25 → 2026-09-25) 58201 bytes
2026-09-17 09:36:42,784 [INFO] [OK] USA/ECM_ENSEMBLE_Corn_PRCP_DEP/daily dia 10 (2026-09-27 → 2026-09-27) 60450 bytes
2026-09-17 09:36:42,857 [INFO] [OK] USA/ECM_ENSEMBLE_Corn_PRCP_DEP/daily dia 09 (2026-09-26 → 2026-09-26) 58446 bytes
2026-09-17 09:36:43,594 [INFO] [OK] USA/ECM_ENSEMBLE_Corn_PRCP_DEP/daily dia 12 (2026-09-29 → 2026-09-29) 59180 bytes
2026-09-17 09:36:43,608 [INFO] [OK] USA/ECM_ENSEMBLE_Corn_PRCP_DEP/daily dia 11 (2026-09-28 → 2026-09-28) 60213 bytes
2026-09-17 09:36:43,909 [INFO] [OK] USA/ECM_ENSEMBLE_Corn_PRCP_DEP/daily dia 13 (2026-09-30 → 2026-09-30) 60753 bytes
2026-09-17 09:36:44,037 [INFO] [OK] USA/ECM_ENSEMBLE_Corn_PRCP_DEP/daily dia 14 (2026-10-01 → 2026-10-01) 60925 bytes
2026-09-17 09:36:44,467 [INFO] [OK] USA/ECM_ENSEMBLE_Corn_PRCP_DEP/cumulative dia 00 (2026-09-17 → 2026-09-17) 53471 bytes
2026-09-17 09:36:44,611 [INFO] [OK] USA/ECM_ENSEMBLE_Corn_PRCP_DEP/cumulative dia 01 (2026-09-17 → 2026-09-18) 55506 bytes
2026-09-17 09:36:45,637 [INFO] [OK] USA/ECM_ENSEMBLE_Corn_PRCP_DEP/cumulative dia 02 (2026-09-17 → 2026-09-19) 56639 bytes
2026-09-17 09:36:45,723 [INFO] [OK] USA/ECM_ENSEMBLE_Corn_PRCP_DEP/cumulative dia 03 (2026-09-17 → 2026-09-20) 56659 bytes
2026-09-17 09:36:46,127 [INFO] [OK] USA/ECM_ENSEMBLE_Corn_PRCP_DEP/cumulative dia 04 (2026-09-17 → 2026-09-21) 58011 bytes
2026-09-17 09:36:46,286 [INFO] [OK] USA/ECM_ENSEMBLE_Corn_PRCP_DEP/cumulative dia 05 (2026-09-17 → 2026-09-22) 58633 bytes
2026-09-17 09:36:46,785 [INFO] [OK] USA/ECM_ENSEMBLE_Corn_PRCP_DEP/cumulative dia 06 (2026-09-17 → 2026-09-23) 58451 bytes
2026-09-17 09:36:47,104 [INFO] [OK] USA/ECM_ENSEMBLE_Corn_PRCP_DEP/cumulative dia 07 (2026-09-17 → 2026-09-24) 58582 bytes
2026-09-17 09:36:48,202 [INFO] [OK] USA/ECM_ENSEMBLE_Corn_PRCP_DEP/cumulative dia 08 (2026-09-17 → 2026-09-25) 58934 bytes
2026-09-17 09:36:48,538 [INFO] [OK] USA/ECM_ENSEMBLE_Corn_PRCP_DEP/cumulative dia 09 (2026-09-17 → 2026-09-26) 59593 bytes
2026-09-17 09:36:49,036 [INFO] [OK] USA/ECM_ENSEMBLE_Corn_PRCP_DEP/cumulative dia 10 (2026-09-17 → 2026-09-27) 60303 bytes
2026-09-17 09:36:49,116 [INFO] [OK] USA/ECM_ENSEMBLE_Corn_PRCP_DEP/cumulative dia 11 (2026-09-17 → 2026-09-28) 59947 bytes
2026-09-17 09:36:49,855 [INFO] [OK] USA/ECM_ENSEMBLE_Corn_PRCP_DEP/cumulative dia 12 (2026-09-17 → 2026-09-29) 60256 bytes
2026-09-17 09:36:50,234 [INFO] [OK] USA/ECM_ENSEMBLE_Corn_PRCP/daily dia 00 (2026-09-17 → 2026-09-17) 39009 bytes
2026-09-17 09:36:50,420 [INFO] [OK] USA/ECM_ENSEMBLE_Corn_PRCP_DEP/cumulative dia 13 (2026-09-17 → 2026-09-30) 59920 bytes
2026-09-17 09:36:50,766 [INFO] [OK] USA/ECM_ENSEMBLE_Corn_PRCP/daily dia 01 (2026-09-18 → 2026-09-18) 39347 bytes
2026-09-17 09:36:50,795 [INFO] [OK] USA/ECM_ENSEMBLE_Corn_PRCP/daily dia 02 (2026-09-19 → 2026-09-19) 40266 bytes
2026-09-17 09:36:51,258 [INFO] [OK] USA/ECM_ENSEMBLE_Corn_PRCP_DEP/cumulative dia 14 (2026-09-17 → 2026-10-01) 60085 bytes
2026-09-17 09:36:51,401 [INFO] [OK] USA/ECM_ENSEMBLE_Corn_PRCP/daily dia 03 (2026-09-20 → 2026-09-20) 38288 bytes
2026-09-17 09:36:51,944 [INFO] [OK] USA/ECM_ENSEMBLE_Corn_PRCP/daily dia 04 (2026-09-21 → 2026-09-21) 37155 bytes
2026-09-17 09:36:52,040 [INFO] [OK] USA/ECM_ENSEMBLE_Corn_PRCP/daily dia 05 (2026-09-22 → 2026-09-22) 37003 bytes
2026-09-17 09:36:52,488 [INFO] [OK] USA/ECM_ENSEMBLE_Corn_PRCP/daily dia 07 (2026-09-24 → 2026-09-24) 36641 bytes
2026-09-17 09:36:52,494 [INFO] [OK] USA/ECM_ENSEMBLE_Corn_PRCP/daily dia 06 (2026-09-23 → 2026-09-23) 37362 bytes
2026-09-17 09:36:53,023 [INFO] [OK] USA/ECM_ENSEMBLE_Corn_PRCP/daily dia 09 (2026-09-26 → 2026-09-26) 35438 bytes
2026-09-17 09:36:53,113 [INFO] [OK] USA/ECM_ENSEMBLE_Corn_PRCP/daily dia 08 (2026-09-25 → 2026-09-25) 36249 bytes
2026-09-17 09:36:53,490 [INFO] [OK] USA/ECM_ENSEMBLE_Corn_PRCP/daily dia 10 (2026-09-27 → 2026-09-27) 36084 bytes
2026-09-17 09:36:53,619 [INFO] [OK] USA/ECM_ENSEMBLE_Corn_PRCP/daily dia 11 (2026-09-28 → 2026-09-28) 36668 bytes
2026-09-17 09:36:54,148 [INFO] [OK] USA/ECM_ENSEMBLE_Corn_PRCP/daily dia 12 (2026-09-29 → 2026-09-29) 36765 bytes
2026-09-17 09:36:54,224 [INFO] [OK] USA/ECM_ENSEMBLE_Corn_PRCP/daily dia 13 (2026-09-30 → 2026-09-30) 37073 bytes
2026-09-17 09:36:54,641 [INFO] [OK] USA/ECM_ENSEMBLE_Corn_PRCP/daily dia 14 (2026-10-01 → 2026-10-01) 36224 bytes
2026-09-17 09:36:54,722 [INFO] [OK] USA/ECM_ENSEMBLE_Corn_PRCP/cumulative dia 00 (2026-09-17 → 2026-09-17) 39009 bytes
2026-09-17 09:36:55,189 [INFO] [OK] USA/ECM_ENSEMBLE_Corn_PRCP/cumulative dia 01 (2026-09-17 → 2026-09-18) 42583 bytes
2026-09-17 09:36:55,421 [INFO] [OK] USA/ECM_ENSEMBLE_Corn_PRCP/cumulative dia 02 (2026-09-17 → 2026-09-19) 45820 bytes
2026-09-17 09:36:56,087 [INFO] [OK] USA/ECM_ENSEMBLE_Corn_PRCP/cumulative dia 03 (2026-09-17 → 2026-09-20) 47228 bytes
2026-09-17 09:36:56,351 [INFO] [OK] USA/ECM_ENSEMBLE_Corn_PRCP/cumulative dia 04 (2026-09-17 → 2026-09-21) 48283 bytes
2026-09-17 09:36:56,795 [INFO] [OK] USA/ECM_ENSEMBLE_Corn_PRCP/cumulative dia 05 (2026-09-17 → 2026-09-22) 49504 bytes
2026-09-17 09:36:57,023 [INFO] [OK] USA/ECM_ENSEMBLE_Corn_PRCP/cumulative dia 06 (2026-09-17 → 2026-09-23) 49834 bytes
2026-09-17 09:36:57,585 [INFO] [OK] USA/ECM_ENSEMBLE_Corn_PRCP/cumulative dia 07 (2026-09-17 → 2026-09-24) 50870 bytes
2026-09-17 09:36:57,842 [INFO] [OK] USA/ECM_ENSEMBLE_Corn_PRCP/cumulative dia 08 (2026-09-17 → 2026-09-25) 50920 bytes
2026-09-17 09:36:58,631 [INFO] [OK] USA/ECM_ENSEMBLE_Corn_PRCP/cumulative dia 09 (2026-09-17 → 2026-09-26) 51506 bytes
2026-09-17 09:36:59,014 [INFO] [OK] USA/ECM_ENSEMBLE_Corn_PRCP/cumulative dia 10 (2026-09-17 → 2026-09-27) 51073 bytes
2026-09-17 09:36:59,540 [INFO] [OK] USA/ECM_ENSEMBLE_Corn_PRCP/cumulative dia 11 (2026-09-17 → 2026-09-28) 51194 bytes
2026-09-17 09:36:59,852 [INFO] [OK] USA/ECM_ENSEMBLE_Corn_PRCP/cumulative dia 12 (2026-09-17 → 2026-09-29) 51886 bytes
2026-09-17 09:37:00,353 [INFO] [OK] USA/ECM_ENSEMBLE_Soy_PRCP_DEP/daily dia 00 (2026-09-17 → 2026-09-17) 53046 bytes
2026-09-17 09:37:00,495 [INFO] [OK] USA/ECM_ENSEMBLE_Corn_PRCP/cumulative dia 13 (2026-09-17 → 2026-09-30) 51683 bytes
2026-09-17 09:37:00,745 [INFO] [OK] USA/ECM_ENSEMBLE_Soy_PRCP_DEP/daily dia 01 (2026-09-18 → 2026-09-18) 52676 bytes
2026-09-17 09:37:00,817 [INFO] [OK] USA/ECM_ENSEMBLE_Corn_PRCP/cumulative dia 14 (2026-09-17 → 2026-10-01) 51649 bytes
2026-09-17 09:37:01,211 [INFO] [OK] USA/ECM_ENSEMBLE_Soy_PRCP_DEP/daily dia 02 (2026-09-19 → 2026-09-19) 52748 bytes
2026-09-17 09:37:01,622 [INFO] [OK] USA/ECM_ENSEMBLE_Soy_PRCP_DEP/daily dia 03 (2026-09-20 → 2026-09-20) 52343 bytes
2026-09-17 09:37:02,113 [INFO] [OK] USA/ECM_ENSEMBLE_Soy_PRCP_DEP/daily dia 04 (2026-09-21 → 2026-09-21) 57077 bytes
2026-09-17 09:37:02,171 [INFO] [OK] USA/ECM_ENSEMBLE_Soy_PRCP_DEP/daily dia 05 (2026-09-22 → 2026-09-22) 54797 bytes
2026-09-17 09:37:02,424 [INFO] [OK] USA/ECM_ENSEMBLE_Soy_PRCP_DEP/daily dia 06 (2026-09-23 → 2026-09-23) 55221 bytes
2026-09-17 09:37:02,534 [INFO] [OK] USA/ECM_ENSEMBLE_Soy_PRCP_DEP/daily dia 07 (2026-09-24 → 2026-09-24) 55216 bytes
2026-09-17 09:37:03,122 [INFO] [OK] USA/ECM_ENSEMBLE_Soy_PRCP_DEP/daily dia 08 (2026-09-25 → 2026-09-25) 57821 bytes
2026-09-17 09:37:03,410 [INFO] [OK] USA/ECM_ENSEMBLE_Soy_PRCP_DEP/daily dia 09 (2026-09-26 → 2026-09-26) 57921 bytes
2026-09-17 09:37:03,788 [INFO] [OK] USA/ECM_ENSEMBLE_Soy_PRCP_DEP/daily dia 11 (2026-09-28 → 2026-09-28) 59571 bytes
2026-09-17 09:37:03,820 [INFO] [OK] USA/ECM_ENSEMBLE_Soy_PRCP_DEP/daily dia 10 (2026-09-27 → 2026-09-27) 60025 bytes
2026-09-17 09:37:04,242 [INFO] [OK] USA/ECM_ENSEMBLE_Soy_PRCP_DEP/daily dia 12 (2026-09-29 → 2026-09-29) 58699 bytes
2026-09-17 09:37:04,311 [INFO] [OK] USA/ECM_ENSEMBLE_Soy_PRCP_DEP/daily dia 13 (2026-09-30 → 2026-09-30) 60601 bytes
2026-09-17 09:37:04,794 [INFO] [OK] USA/ECM_ENSEMBLE_Soy_PRCP_DEP/daily dia 14 (2026-10-01 → 2026-10-01) 60815 bytes
2026-09-17 09:37:04,970 [INFO] [OK] USA/ECM_ENSEMBLE_Soy_PRCP_DEP/cumulative dia 00 (2026-09-17 → 2026-09-17) 53046 bytes
2026-09-17 09:37:05,647 [INFO] [OK] USA/ECM_ENSEMBLE_Soy_PRCP_DEP/cumulative dia 01 (2026-09-17 → 2026-09-18) 55147 bytes
2026-09-17 09:37:05,669 [INFO] [OK] USA/ECM_ENSEMBLE_Soy_PRCP_DEP/cumulative dia 02 (2026-09-17 → 2026-09-19) 56201 bytes
2026-09-17 09:37:06,183 [INFO] [OK] USA/ECM_ENSEMBLE_Soy_PRCP_DEP/cumulative dia 03 (2026-09-17 → 2026-09-20) 56379 bytes
2026-09-17 09:37:06,752 [INFO] [OK] USA/ECM_ENSEMBLE_Soy_PRCP_DEP/cumulative dia 04 (2026-09-17 → 2026-09-21) 57580 bytes
2026-09-17 09:37:06,981 [INFO] [OK] USA/ECM_ENSEMBLE_Soy_PRCP_DEP/cumulative dia 05 (2026-09-17 → 2026-09-22) 58043 bytes
2026-09-17 09:37:07,283 [INFO] [OK] USA/ECM_ENSEMBLE_Soy_PRCP_DEP/cumulative dia 06 (2026-09-17 → 2026-09-23) 58089 bytes
2026-09-17 09:37:07,932 [INFO] [OK] USA/ECM_ENSEMBLE_Soy_PRCP_DEP/cumulative dia 07 (2026-09-17 → 2026-09-24) 58186 bytes
2026-09-17 09:37:08,125 [INFO] [OK] USA/ECM_ENSEMBLE_Soy_PRCP_DEP/cumulative dia 08 (2026-09-17 → 2026-09-25) 58413 bytes
2026-09-17 09:37:08,814 [INFO] [OK] USA/ECM_ENSEMBLE_Soy_PRCP_DEP/cumulative dia 09 (2026-09-17 → 2026-09-26) 59050 bytes
2026-09-17 09:37:09,436 [INFO] [OK] USA/ECM_ENSEMBLE_Soy_PRCP_DEP/cumulative dia 10 (2026-09-17 → 2026-09-27) 59983 bytes
2026-09-17 09:37:09,777 [INFO] [OK] USA/ECM_ENSEMBLE_Soy_PRCP_DEP/cumulative dia 11 (2026-09-17 → 2026-09-28) 59685 bytes
2026-09-17 09:37:10,140 [INFO] [OK] USA/ECM_ENSEMBLE_Soy_PRCP_DEP/cumulative dia 12 (2026-09-17 → 2026-09-29) 60131 bytes
2026-09-17 09:37:10,401 [INFO] [OK] USA/ECM_ENSEMBLE_Soy_PRCP/daily dia 00 (2026-09-17 → 2026-09-17) 38729 bytes
2026-09-17 09:37:10,837 [INFO] [OK] USA/ECM_ENSEMBLE_Soy_PRCP_DEP/cumulative dia 13 (2026-09-17 → 2026-09-30) 59512 bytes
2026-09-17 09:37:11,023 [INFO] [OK] USA/ECM_ENSEMBLE_Soy_PRCP/daily dia 01 (2026-09-18 → 2026-09-18) 38955 bytes
2026-09-17 09:37:11,099 [INFO] [OK] USA/ECM_ENSEMBLE_Soy_PRCP_DEP/cumulative dia 14 (2026-09-17 → 2026-10-01) 59772 bytes
2026-09-17 09:37:11,409 [INFO] [OK] USA/ECM_ENSEMBLE_Soy_PRCP/daily dia 02 (2026-09-19 → 2026-09-19) 39983 bytes
2026-09-17 09:37:11,745 [INFO] [OK] USA/ECM_ENSEMBLE_Soy_PRCP/daily dia 03 (2026-09-20 → 2026-09-20) 37984 bytes
2026-09-17 09:37:12,079 [INFO] [OK] USA/ECM_ENSEMBLE_Soy_PRCP/daily dia 04 (2026-09-21 → 2026-09-21) 36783 bytes
2026-09-17 09:37:12,422 [INFO] [OK] USA/ECM_ENSEMBLE_Soy_PRCP/daily dia 05 (2026-09-22 → 2026-09-22) 36344 bytes
2026-09-17 09:37:12,596 [INFO] [OK] USA/ECM_ENSEMBLE_Soy_PRCP/daily dia 06 (2026-09-23 → 2026-09-23) 36811 bytes
2026-09-17 09:37:12,716 [INFO] [OK] USA/ECM_ENSEMBLE_Soy_PRCP/daily dia 07 (2026-09-24 → 2026-09-24) 36097 bytes
2026-09-17 09:37:12,975 [INFO] [OK] USA/ECM_ENSEMBLE_Soy_PRCP/daily dia 08 (2026-09-25 → 2026-09-25) 35798 bytes
2026-09-17 09:37:13,349 [INFO] [OK] USA/ECM_ENSEMBLE_Soy_PRCP/daily dia 09 (2026-09-26 → 2026-09-26) 34905 bytes
2026-09-17 09:37:13,703 [INFO] [OK] USA/ECM_ENSEMBLE_Soy_PRCP/daily dia 10 (2026-09-27 → 2026-09-27) 35636 bytes
2026-09-17 09:37:13,979 [INFO] [OK] USA/ECM_ENSEMBLE_Soy_PRCP/daily dia 11 (2026-09-28 → 2026-09-28) 36158 bytes
2026-09-17 09:37:14,202 [INFO] [OK] USA/ECM_ENSEMBLE_Soy_PRCP/daily dia 12 (2026-09-29 → 2026-09-29) 36340 bytes
2026-09-17 09:37:14,307 [INFO] [OK] USA/ECM_ENSEMBLE_Soy_PRCP/daily dia 13 (2026-09-30 → 2026-09-30) 36643 bytes
2026-09-17 09:37:14,566 [INFO] [OK] USA/ECM_ENSEMBLE_Soy_PRCP/daily dia 14 (2026-10-01 → 2026-10-01) 35958 bytes
2026-09-17 09:37:14,980 [INFO] [OK] USA/ECM_ENSEMBLE_Soy_PRCP/cumulative dia 00 (2026-09-17 → 2026-09-17) 38729 bytes
2026-09-17 09:37:15,488 [INFO] [OK] USA/ECM_ENSEMBLE_Soy_PRCP/cumulative dia 01 (2026-09-17 → 2026-09-18) 42184 bytes
2026-09-17 09:37:15,722 [INFO] [OK] USA/ECM_ENSEMBLE_Soy_PRCP/cumulative dia 02 (2026-09-17 → 2026-09-19) 45258 bytes
2026-09-17 09:37:16,081 [INFO] [OK] USA/ECM_ENSEMBLE_Soy_PRCP/cumulative dia 03 (2026-09-17 → 2026-09-20) 46749 bytes
2026-09-17 09:37:16,260 [INFO] [OK] USA/ECM_ENSEMBLE_Soy_PRCP/cumulative dia 04 (2026-09-17 → 2026-09-21) 47840 bytes
2026-09-17 09:37:16,652 [INFO] [OK] USA/ECM_ENSEMBLE_Soy_PRCP/cumulative dia 05 (2026-09-17 → 2026-09-22) 49030 bytes
2026-09-17 09:37:17,194 [INFO] [OK] USA/ECM_ENSEMBLE_Soy_PRCP/cumulative dia 06 (2026-09-17 → 2026-09-23) 49437 bytes
2026-09-17 09:37:17,844 [INFO] [OK] USA/ECM_ENSEMBLE_Soy_PRCP/cumulative dia 07 (2026-09-17 → 2026-09-24) 50334 bytes
2026-09-17 09:37:18,131 [INFO] [OK] USA/ECM_ENSEMBLE_Soy_PRCP/cumulative dia 08 (2026-09-17 → 2026-09-25) 50650 bytes
2026-09-17 09:37:18,693 [INFO] [OK] USA/ECM_ENSEMBLE_Soy_PRCP/cumulative dia 09 (2026-09-17 → 2026-09-26) 51116 bytes
2026-09-17 09:37:19,092 [INFO] [OK] USA/ECM_ENSEMBLE_Soy_PRCP/cumulative dia 10 (2026-09-17 → 2026-09-27) 50801 bytes
2026-09-17 09:37:19,425 [INFO] [OK] USA/ECM_ENSEMBLE_Soy_PRCP/cumulative dia 11 (2026-09-17 → 2026-09-28) 50824 bytes
2026-09-17 09:37:19,992 [INFO] [OK] USA/ECM_ENSEMBLE_Soy_PRCP/cumulative dia 12 (2026-09-17 → 2026-09-29) 51471 bytes
2026-09-17 09:37:20,452 [INFO] [OK] USA/ECM_ENSEMBLE_Wheat_Winter_PRCP_DEP/daily dia 00 (2026-09-17 → 2026-09-17) 54351 bytes
2026-09-17 09:37:20,834 [INFO] [OK] USA/ECM_ENSEMBLE_Wheat_Winter_PRCP_DEP/daily dia 01 (2026-09-18 → 2026-09-18) 54207 bytes
2026-09-17 09:37:20,890 [INFO] [OK] USA/ECM_ENSEMBLE_Soy_PRCP/cumulative dia 13 (2026-09-17 → 2026-09-30) 51357 bytes
2026-09-17 09:37:21,086 [INFO] [OK] USA/ECM_ENSEMBLE_Wheat_Winter_PRCP_DEP/daily dia 02 (2026-09-19 → 2026-09-19) 54426 bytes
2026-09-17 09:37:21,121 [INFO] [OK] USA/ECM_ENSEMBLE_Soy_PRCP/cumulative dia 14 (2026-09-17 → 2026-10-01) 51268 bytes
2026-09-17 09:37:21,640 [INFO] [OK] USA/ECM_ENSEMBLE_Wheat_Winter_PRCP_DEP/daily dia 03 (2026-09-20 → 2026-09-20) 53715 bytes
2026-09-17 09:37:22,199 [INFO] [OK] USA/ECM_ENSEMBLE_Wheat_Winter_PRCP_DEP/daily dia 04 (2026-09-21 → 2026-09-21) 58557 bytes
2026-09-17 09:37:22,481 [INFO] [OK] USA/ECM_ENSEMBLE_Wheat_Winter_PRCP_DEP/daily dia 06 (2026-09-23 → 2026-09-23) 56909 bytes
2026-09-17 09:37:22,843 [INFO] [OK] USA/ECM_ENSEMBLE_Wheat_Winter_PRCP_DEP/daily dia 05 (2026-09-22 → 2026-09-22) 56243 bytes
2026-09-17 09:37:22,937 [INFO] [OK] USA/ECM_ENSEMBLE_Wheat_Winter_PRCP_DEP/daily dia 07 (2026-09-24 → 2026-09-24) 56412 bytes
2026-09-17 09:37:22,981 [INFO] [OK] USA/ECM_ENSEMBLE_Wheat_Winter_PRCP_DEP/daily dia 08 (2026-09-25 → 2026-09-25) 59438 bytes
2026-09-17 09:37:23,320 [INFO] [OK] USA/ECM_ENSEMBLE_Wheat_Winter_PRCP_DEP/daily dia 09 (2026-09-26 → 2026-09-26) 59353 bytes
2026-09-17 09:37:23,934 [INFO] [OK] USA/ECM_ENSEMBLE_Wheat_Winter_PRCP_DEP/daily dia 10 (2026-09-27 → 2026-09-27) 61822 bytes
2026-09-17 09:37:24,261 [INFO] [OK] USA/ECM_ENSEMBLE_Wheat_Winter_PRCP_DEP/daily dia 11 (2026-09-28 → 2026-09-28) 61503 bytes
2026-09-17 09:37:24,638 [INFO] [OK] USA/ECM_ENSEMBLE_Wheat_Winter_PRCP_DEP/daily dia 13 (2026-09-30 → 2026-09-30) 62192 bytes
2026-09-17 09:37:24,655 [INFO] [OK] USA/ECM_ENSEMBLE_Wheat_Winter_PRCP_DEP/daily dia 12 (2026-09-29 → 2026-09-29) 60390 bytes
2026-09-17 09:37:24,746 [INFO] [OK] USA/ECM_ENSEMBLE_Wheat_Winter_PRCP_DEP/daily dia 14 (2026-10-01 → 2026-10-01) 62182 bytes
2026-09-17 09:37:25,115 [INFO] [OK] USA/ECM_ENSEMBLE_Wheat_Winter_PRCP_DEP/cumulative dia 00 (2026-09-17 → 2026-09-17) 54351 bytes
2026-09-17 09:37:25,733 [INFO] [OK] USA/ECM_ENSEMBLE_Wheat_Winter_PRCP_DEP/cumulative dia 01 (2026-09-17 → 2026-09-18) 56657 bytes
2026-09-17 09:37:26,128 [INFO] [OK] USA/ECM_ENSEMBLE_Wheat_Winter_PRCP_DEP/cumulative dia 02 (2026-09-17 → 2026-09-19) 57798 bytes
2026-09-17 09:37:26,576 [INFO] [OK] USA/ECM_ENSEMBLE_Wheat_Winter_PRCP_DEP/cumulative dia 03 (2026-09-17 → 2026-09-20) 57883 bytes
2026-09-17 09:37:26,766 [INFO] [OK] USA/ECM_ENSEMBLE_Wheat_Winter_PRCP_DEP/cumulative dia 04 (2026-09-17 → 2026-09-21) 59076 bytes
2026-09-17 09:37:27,091 [INFO] [OK] USA/ECM_ENSEMBLE_Wheat_Winter_PRCP_DEP/cumulative dia 05 (2026-09-17 → 2026-09-22) 59589 bytes
2026-09-17 09:37:27,366 [INFO] [OK] USA/ECM_ENSEMBLE_Wheat_Winter_PRCP_DEP/cumulative dia 06 (2026-09-17 → 2026-09-23) 59535 bytes
2026-09-17 09:37:28,167 [INFO] [OK] USA/ECM_ENSEMBLE_Wheat_Winter_PRCP_DEP/cumulative dia 07 (2026-09-17 → 2026-09-24) 59691 bytes
2026-09-17 09:37:28,608 [INFO] [OK] USA/ECM_ENSEMBLE_Wheat_Winter_PRCP_DEP/cumulative dia 08 (2026-09-17 → 2026-09-25) 59847 bytes
2026-09-17 09:37:29,141 [INFO] [OK] USA/ECM_ENSEMBLE_Wheat_Winter_PRCP_DEP/cumulative dia 09 (2026-09-17 → 2026-09-26) 60386 bytes
2026-09-17 09:37:29,515 [INFO] [OK] USA/ECM_ENSEMBLE_Wheat_Winter_PRCP_DEP/cumulative dia 10 (2026-09-17 → 2026-09-27) 61057 bytes
2026-09-17 09:37:29,906 [INFO] [OK] USA/ECM_ENSEMBLE_Wheat_Winter_PRCP_DEP/cumulative dia 11 (2026-09-17 → 2026-09-28) 60786 bytes
2026-09-17 09:37:30,206 [INFO] [OK] USA/ECM_ENSEMBLE_Wheat_Winter_PRCP_DEP/cumulative dia 12 (2026-09-17 → 2026-09-29) 61101 bytes
2026-09-17 09:37:30,777 [INFO] [OK] USA/ECM_ENSEMBLE_Wheat_Winter_PRCP/daily dia 00 (2026-09-17 → 2026-09-17) 39989 bytes
2026-09-17 09:37:31,026 [INFO] [OK] USA/ECM_ENSEMBLE_Wheat_Winter_PRCP_DEP/cumulative dia 13 (2026-09-17 → 2026-09-30) 60817 bytes
2026-09-17 09:37:31,106 [INFO] [OK] USA/ECM_ENSEMBLE_Wheat_Winter_PRCP/daily dia 01 (2026-09-18 → 2026-09-18) 40628 bytes
2026-09-17 09:37:31,636 [INFO] [OK] USA/ECM_ENSEMBLE_Wheat_Winter_PRCP_DEP/cumulative dia 14 (2026-09-17 → 2026-10-01) 60822 bytes
2026-09-17 09:37:31,808 [INFO] [OK] USA/ECM_ENSEMBLE_Wheat_Winter_PRCP/daily dia 03 (2026-09-20 → 2026-09-20) 39295 bytes
2026-09-17 09:37:31,832 [INFO] [OK] USA/ECM_ENSEMBLE_Wheat_Winter_PRCP/daily dia 02 (2026-09-19 → 2026-09-19) 41507 bytes
2026-09-17 09:37:32,450 [INFO] [OK] USA/ECM_ENSEMBLE_Wheat_Winter_PRCP/daily dia 04 (2026-09-21 → 2026-09-21) 38278 bytes
2026-09-17 09:37:32,668 [INFO] [OK] USA/ECM_ENSEMBLE_Wheat_Winter_PRCP/daily dia 05 (2026-09-22 → 2026-09-22) 37889 bytes
2026-09-17 09:37:32,748 [INFO] [OK] USA/ECM_ENSEMBLE_Wheat_Winter_PRCP/daily dia 06 (2026-09-23 → 2026-09-23) 38353 bytes
2026-09-17 09:37:33,209 [INFO] [OK] USA/ECM_ENSEMBLE_Wheat_Winter_PRCP/daily dia 07 (2026-09-24 → 2026-09-24) 37708 bytes
2026-09-17 09:37:33,557 [INFO] [OK] USA/ECM_ENSEMBLE_Wheat_Winter_PRCP/daily dia 08 (2026-09-25 → 2026-09-25) 37333 bytes
2026-09-17 09:37:33,585 [INFO] [OK] USA/ECM_ENSEMBLE_Wheat_Winter_PRCP/daily dia 09 (2026-09-26 → 2026-09-26) 36420 bytes
2026-09-17 09:37:34,119 [INFO] [OK] USA/ECM_ENSEMBLE_Wheat_Winter_PRCP/daily dia 10 (2026-09-27 → 2026-09-27) 37014 bytes
2026-09-17 09:37:34,361 [INFO] [OK] USA/ECM_ENSEMBLE_Wheat_Winter_PRCP/daily dia 12 (2026-09-29 → 2026-09-29) 37881 bytes
2026-09-17 09:37:34,364 [INFO] [OK] USA/ECM_ENSEMBLE_Wheat_Winter_PRCP/daily dia 11 (2026-09-28 → 2026-09-28) 37479 bytes
2026-09-17 09:37:34,841 [INFO] [OK] USA/ECM_ENSEMBLE_Wheat_Winter_PRCP/daily dia 13 (2026-09-30 → 2026-09-30) 38293 bytes
2026-09-17 09:37:35,151 [INFO] [OK] USA/ECM_ENSEMBLE_Wheat_Winter_PRCP/daily dia 14 (2026-10-01 → 2026-10-01) 37080 bytes
2026-09-17 09:37:35,186 [INFO] [OK] USA/ECM_ENSEMBLE_Wheat_Winter_PRCP/cumulative dia 00 (2026-09-17 → 2026-09-17) 39989 bytes
2026-09-17 09:37:35,812 [INFO] [OK] USA/ECM_ENSEMBLE_Wheat_Winter_PRCP/cumulative dia 01 (2026-09-17 → 2026-09-18) 43567 bytes
2026-09-17 09:37:36,188 [INFO] [OK] USA/ECM_ENSEMBLE_Wheat_Winter_PRCP/cumulative dia 02 (2026-09-17 → 2026-09-19) 47098 bytes
2026-09-17 09:37:36,300 [INFO] [OK] USA/ECM_ENSEMBLE_Wheat_Winter_PRCP/cumulative dia 03 (2026-09-17 → 2026-09-20) 48408 bytes
2026-09-17 09:37:36,931 [INFO] [OK] USA/ECM_ENSEMBLE_Wheat_Winter_PRCP/cumulative dia 04 (2026-09-17 → 2026-09-21) 49566 bytes
2026-09-17 09:37:37,314 [INFO] [OK] USA/ECM_ENSEMBLE_Wheat_Winter_PRCP/cumulative dia 05 (2026-09-17 → 2026-09-22) 50377 bytes
2026-09-17 09:37:37,406 [INFO] [OK] USA/ECM_ENSEMBLE_Wheat_Winter_PRCP/cumulative dia 06 (2026-09-17 → 2026-09-23) 50969 bytes
2026-09-17 09:37:38,215 [INFO] [OK] USA/ECM_ENSEMBLE_Wheat_Winter_PRCP/cumulative dia 07 (2026-09-17 → 2026-09-24) 51889 bytes
2026-09-17 09:37:38,585 [INFO] [OK] USA/ECM_ENSEMBLE_Wheat_Winter_PRCP/cumulative dia 08 (2026-09-17 → 2026-09-25) 52100 bytes
2026-09-17 09:37:38,822 [INFO] [OK] USA/ECM_ENSEMBLE_Wheat_Winter_PRCP/cumulative dia 09 (2026-09-17 → 2026-09-26) 52531 bytes
2026-09-17 09:37:39,603 [INFO] [OK] USA/ECM_ENSEMBLE_Wheat_Winter_PRCP/cumulative dia 10 (2026-09-17 → 2026-09-27) 52344 bytes
2026-09-17 09:37:40,044 [INFO] [OK] USA/ECM_ENSEMBLE_Wheat_Winter_PRCP/cumulative dia 11 (2026-09-17 → 2026-09-28) 52481 bytes
2026-09-17 09:37:40,272 [INFO] [OK] USA/ECM_ENSEMBLE_Wheat_Winter_PRCP/cumulative dia 12 (2026-09-17 → 2026-09-29) 53441 bytes
2026-09-17 09:37:40,562 [INFO] [OK] USA/ECM_ENSEMBLE_Wheat_Spring_PRCP_DEP/daily dia 00 (2026-09-17 → 2026-09-17) 51385 bytes
2026-09-17 09:37:41,108 [INFO] [OK] USA/ECM_ENSEMBLE_Wheat_Winter_PRCP/cumulative dia 13 (2026-09-17 → 2026-09-30) 53230 bytes
2026-09-17 09:37:41,298 [INFO] [OK] USA/ECM_ENSEMBLE_Wheat_Spring_PRCP_DEP/daily dia 01 (2026-09-18 → 2026-09-18) 50960 bytes
2026-09-17 09:37:41,531 [INFO] [OK] USA/ECM_ENSEMBLE_Wheat_Winter_PRCP/cumulative dia 14 (2026-09-17 → 2026-10-01) 53350 bytes
2026-09-17 09:37:41,695 [INFO] [OK] USA/ECM_ENSEMBLE_Wheat_Spring_PRCP_DEP/daily dia 02 (2026-09-19 → 2026-09-19) 51253 bytes
2026-09-17 09:37:41,987 [INFO] [OK] USA/ECM_ENSEMBLE_Wheat_Spring_PRCP_DEP/daily dia 03 (2026-09-20 → 2026-09-20) 50636 bytes
2026-09-17 09:37:42,275 [INFO] [OK] USA/ECM_ENSEMBLE_Wheat_Spring_PRCP_DEP/daily dia 04 (2026-09-21 → 2026-09-21) 55194 bytes
2026-09-17 09:37:42,920 [INFO] [OK] USA/ECM_ENSEMBLE_Wheat_Spring_PRCP_DEP/daily dia 05 (2026-09-22 → 2026-09-22) 53116 bytes
2026-09-17 09:37:43,241 [INFO] [OK] USA/ECM_ENSEMBLE_Wheat_Spring_PRCP_DEP/daily dia 06 (2026-09-23 → 2026-09-23) 53244 bytes
2026-09-17 09:37:43,288 [INFO] [OK] USA/ECM_ENSEMBLE_Wheat_Spring_PRCP_DEP/daily dia 07 (2026-09-24 → 2026-09-24) 53408 bytes
2026-09-17 09:37:43,484 [INFO] [OK] USA/ECM_ENSEMBLE_Wheat_Spring_PRCP_DEP/daily dia 08 (2026-09-25 → 2026-09-25) 55856 bytes
2026-09-17 09:37:43,733 [INFO] [OK] USA/ECM_ENSEMBLE_Wheat_Spring_PRCP_DEP/daily dia 09 (2026-09-26 → 2026-09-26) 55889 bytes
2026-09-17 09:37:43,952 [INFO] [OK] USA/ECM_ENSEMBLE_Wheat_Spring_PRCP_DEP/daily dia 10 (2026-09-27 → 2026-09-27) 58421 bytes
2026-09-17 09:37:44,624 [INFO] [OK] USA/ECM_ENSEMBLE_Wheat_Spring_PRCP_DEP/daily dia 11 (2026-09-28 → 2026-09-28) 57404 bytes
2026-09-17 09:37:45,094 [INFO] [OK] USA/ECM_ENSEMBLE_Wheat_Spring_PRCP_DEP/daily dia 12 (2026-09-29 → 2026-09-29) 56145 bytes
2026-09-17 09:37:45,095 [INFO] [OK] USA/ECM_ENSEMBLE_Wheat_Spring_PRCP_DEP/daily dia 13 (2026-09-30 → 2026-09-30) 58359 bytes
2026-09-17 09:37:45,243 [INFO] [OK] USA/ECM_ENSEMBLE_Wheat_Spring_PRCP_DEP/daily dia 14 (2026-10-01 → 2026-10-01) 58954 bytes
2026-09-17 09:37:45,384 [INFO] [OK] USA/ECM_ENSEMBLE_Wheat_Spring_PRCP_DEP/cumulative dia 00 (2026-09-17 → 2026-09-17) 51385 bytes
2026-09-17 09:37:45,647 [INFO] [OK] USA/ECM_ENSEMBLE_Wheat_Spring_PRCP_DEP/cumulative dia 01 (2026-09-17 → 2026-09-18) 53346 bytes
2026-09-17 09:37:46,480 [INFO] [OK] USA/ECM_ENSEMBLE_Wheat_Spring_PRCP_DEP/cumulative dia 02 (2026-09-17 → 2026-09-19) 54280 bytes
2026-09-17 09:37:47,070 [INFO] [OK] USA/ECM_ENSEMBLE_Wheat_Spring_PRCP_DEP/cumulative dia 03 (2026-09-17 → 2026-09-20) 54407 bytes
2026-09-17 09:37:47,235 [INFO] [OK] USA/ECM_ENSEMBLE_Wheat_Spring_PRCP_DEP/cumulative dia 04 (2026-09-17 → 2026-09-21) 55882 bytes
2026-09-17 09:37:47,412 [INFO] [OK] USA/ECM_ENSEMBLE_Wheat_Spring_PRCP_DEP/cumulative dia 05 (2026-09-17 → 2026-09-22) 56308 bytes
2026-09-17 09:37:47,629 [INFO] [OK] USA/ECM_ENSEMBLE_Wheat_Spring_PRCP_DEP/cumulative dia 06 (2026-09-17 → 2026-09-23) 56455 bytes
2026-09-17 09:37:47,994 [INFO] [OK] USA/ECM_ENSEMBLE_Wheat_Spring_PRCP_DEP/cumulative dia 07 (2026-09-17 → 2026-09-24) 56331 bytes
2026-09-17 09:37:49,036 [INFO] [OK] USA/ECM_ENSEMBLE_Wheat_Spring_PRCP_DEP/cumulative dia 08 (2026-09-17 → 2026-09-25) 56326 bytes
2026-09-17 09:37:49,587 [INFO] [OK] USA/ECM_ENSEMBLE_Wheat_Spring_PRCP_DEP/cumulative dia 09 (2026-09-17 → 2026-09-26) 57106 bytes
2026-09-17 09:37:49,923 [INFO] [OK] USA/ECM_ENSEMBLE_Wheat_Spring_PRCP_DEP/cumulative dia 10 (2026-09-17 → 2026-09-27) 57851 bytes
2026-09-17 09:37:50,167 [INFO] [OK] USA/ECM_ENSEMBLE_Wheat_Spring_PRCP_DEP/cumulative dia 11 (2026-09-17 → 2026-09-28) 57374 bytes
2026-09-17 09:37:50,477 [INFO] [OK] USA/ECM_ENSEMBLE_Wheat_Spring_PRCP_DEP/cumulative dia 12 (2026-09-17 → 2026-09-29) 57807 bytes
2026-09-17 09:37:50,850 [INFO] [OK] USA/ECM_ENSEMBLE_Wheat_Spring_PRCP_DEP/cumulative dia 13 (2026-09-17 → 2026-09-30) 57716 bytes
2026-09-17 09:37:51,234 [INFO] [OK] USA/ECM_ENSEMBLE_Wheat_Spring_PRCP/daily dia 00 (2026-09-17 → 2026-09-17) 36983 bytes
2026-09-17 09:37:51,637 [INFO] [OK] USA/ECM_ENSEMBLE_Wheat_Spring_PRCP/daily dia 01 (2026-09-18 → 2026-09-18) 37578 bytes
2026-09-17 09:37:52,154 [INFO] [OK] USA/ECM_ENSEMBLE_Wheat_Spring_PRCP_DEP/cumulative dia 14 (2026-09-17 → 2026-10-01) 57756 bytes
2026-09-17 09:37:52,155 [INFO] [OK] USA/ECM_ENSEMBLE_Wheat_Spring_PRCP/daily dia 02 (2026-09-19 → 2026-09-19) 38310 bytes
2026-09-17 09:37:52,222 [INFO] [OK] USA/ECM_ENSEMBLE_Wheat_Spring_PRCP/daily dia 03 (2026-09-20 → 2026-09-20) 36182 bytes
2026-09-17 09:37:52,460 [INFO] [OK] USA/ECM_ENSEMBLE_Wheat_Spring_PRCP/daily dia 04 (2026-09-21 → 2026-09-21) 35137 bytes
2026-09-17 09:37:53,200 [INFO] [OK] USA/ECM_ENSEMBLE_Wheat_Spring_PRCP/daily dia 05 (2026-09-22 → 2026-09-22) 34795 bytes
2026-09-17 09:37:53,279 [INFO] [OK] USA/ECM_ENSEMBLE_Wheat_Spring_PRCP/daily dia 06 (2026-09-23 → 2026-09-23) 35360 bytes
2026-09-17 09:37:53,831 [INFO] [OK] USA/ECM_ENSEMBLE_Wheat_Spring_PRCP/daily dia 09 (2026-09-26 → 2026-09-26) 33552 bytes
2026-09-17 09:37:53,868 [INFO] [OK] USA/ECM_ENSEMBLE_Wheat_Spring_PRCP/daily dia 07 (2026-09-24 → 2026-09-24) 34806 bytes
2026-09-17 09:37:53,907 [INFO] [OK] USA/ECM_ENSEMBLE_Wheat_Spring_PRCP/daily dia 08 (2026-09-25 → 2026-09-25) 34224 bytes
2026-09-17 09:37:54,053 [INFO] [OK] USA/ECM_ENSEMBLE_Wheat_Spring_PRCP/daily dia 10 (2026-09-27 → 2026-09-27) 34214 bytes
2026-09-17 09:37:54,830 [INFO] [OK] USA/ECM_ENSEMBLE_Wheat_Spring_PRCP/daily dia 11 (2026-09-28 → 2026-09-28) 34803 bytes
2026-09-17 09:37:54,869 [INFO] [OK] USA/ECM_ENSEMBLE_Wheat_Spring_PRCP/daily dia 12 (2026-09-29 → 2026-09-29) 34876 bytes
2026-09-17 09:37:55,429 [INFO] [OK] USA/ECM_ENSEMBLE_Wheat_Spring_PRCP/daily dia 13 (2026-09-30 → 2026-09-30) 35252 bytes
2026-09-17 09:37:55,474 [INFO] [OK] USA/ECM_ENSEMBLE_Wheat_Spring_PRCP/daily dia 14 (2026-10-01 → 2026-10-01) 34332 bytes
2026-09-17 09:37:55,665 [INFO] [OK] USA/ECM_ENSEMBLE_Wheat_Spring_PRCP/cumulative dia 00 (2026-09-17 → 2026-09-17) 36983 bytes
2026-09-17 09:37:55,739 [INFO] [OK] USA/ECM_ENSEMBLE_Wheat_Spring_PRCP/cumulative dia 01 (2026-09-17 → 2026-09-18) 40722 bytes
2026-09-17 09:37:56,679 [INFO] [OK] USA/ECM_ENSEMBLE_Wheat_Spring_PRCP/cumulative dia 02 (2026-09-17 → 2026-09-19) 43624 bytes
2026-09-17 09:37:56,831 [INFO] [OK] USA/ECM_ENSEMBLE_Wheat_Spring_PRCP/cumulative dia 03 (2026-09-17 → 2026-09-20) 44886 bytes
2026-09-17 09:37:57,482 [INFO] [OK] USA/ECM_ENSEMBLE_Wheat_Spring_PRCP/cumulative dia 04 (2026-09-17 → 2026-09-21) 45879 bytes
2026-09-17 09:37:57,666 [INFO] [OK] USA/ECM_ENSEMBLE_Wheat_Spring_PRCP/cumulative dia 05 (2026-09-17 → 2026-09-22) 46789 bytes
2026-09-17 09:37:57,923 [INFO] [OK] USA/ECM_ENSEMBLE_Wheat_Spring_PRCP/cumulative dia 06 (2026-09-17 → 2026-09-23) 47313 bytes
2026-09-17 09:37:58,027 [INFO] [OK] USA/ECM_ENSEMBLE_Wheat_Spring_PRCP/cumulative dia 07 (2026-09-17 → 2026-09-24) 48264 bytes
2026-09-17 09:37:59,143 [INFO] [OK] USA/ECM_ENSEMBLE_Wheat_Spring_PRCP/cumulative dia 08 (2026-09-17 → 2026-09-25) 48552 bytes
2026-09-17 09:37:59,627 [INFO] [OK] USA/ECM_ENSEMBLE_Wheat_Spring_PRCP/cumulative dia 09 (2026-09-17 → 2026-09-26) 48919 bytes
2026-09-17 09:38:00,131 [INFO] [OK] USA/ECM_ENSEMBLE_Wheat_Spring_PRCP/cumulative dia 10 (2026-09-17 → 2026-09-27) 48860 bytes
2026-09-17 09:38:00,372 [INFO] [OK] USA/ECM_ENSEMBLE_Wheat_Spring_PRCP/cumulative dia 11 (2026-09-17 → 2026-09-28) 48729 bytes
2026-09-17 09:38:00,803 [INFO] [OK] USA/ECM_ENSEMBLE_Wheat_Spring_PRCP/cumulative dia 12 (2026-09-17 → 2026-09-29) 49549 bytes
2026-09-17 09:38:00,965 [INFO] [OK] USA/ECM_ENSEMBLE_Wheat_Spring_PRCP/cumulative dia 13 (2026-09-17 → 2026-09-30) 49331 bytes
2026-09-17 09:38:02,066 [INFO] [OK] USA/ECM_ENSEMBLE_Wheat_Spring_PRCP/cumulative dia 14 (2026-09-17 → 2026-10-01) 49354 bytes
2026-09-17 09:38:02,069 [INFO] Resumo: 960/960 sucessos, 0 erros
