2026-07-07 09:33:18,080 [INFO] === Execução 2026-07-07 | modo=both | dias=15 | parâmetro=['PRCP_DEP', 'PRCP'] ===
2026-07-07 09:33:18,087 [INFO] Baixando 960 mapas com 6 threads...
2026-07-07 09:33:20,878 [INFO] [OK] Brazil/GFS_ENSEMBLE_Soy_PRCP_DEP/daily dia 01 (2026-07-08 → 2026-07-08) 34898 bytes
2026-07-07 09:33:20,962 [INFO] [OK] Brazil/GFS_ENSEMBLE_Soy_PRCP_DEP/daily dia 04 (2026-07-11 → 2026-07-11) 47572 bytes
2026-07-07 09:33:20,985 [INFO] [OK] Brazil/GFS_ENSEMBLE_Soy_PRCP_DEP/daily dia 00 (2026-07-07 → 2026-07-07) 35072 bytes
2026-07-07 09:33:21,382 [INFO] [OK] Brazil/GFS_ENSEMBLE_Soy_PRCP_DEP/daily dia 02 (2026-07-09 → 2026-07-09) 36883 bytes
2026-07-07 09:33:21,438 [INFO] [OK] Brazil/GFS_ENSEMBLE_Soy_PRCP_DEP/daily dia 03 (2026-07-10 → 2026-07-10) 44374 bytes
2026-07-07 09:33:21,520 [INFO] [OK] Brazil/GFS_ENSEMBLE_Soy_PRCP_DEP/daily dia 05 (2026-07-12 → 2026-07-12) 45858 bytes
2026-07-07 09:33:22,445 [INFO] [OK] Brazil/GFS_ENSEMBLE_Soy_PRCP_DEP/daily dia 07 (2026-07-14 → 2026-07-14) 45050 bytes
2026-07-07 09:33:22,447 [INFO] [OK] Brazil/GFS_ENSEMBLE_Soy_PRCP_DEP/daily dia 06 (2026-07-13 → 2026-07-13) 46040 bytes
2026-07-07 09:33:22,567 [INFO] [OK] Brazil/GFS_ENSEMBLE_Soy_PRCP_DEP/daily dia 08 (2026-07-15 → 2026-07-15) 51226 bytes
2026-07-07 09:33:23,183 [INFO] [OK] Brazil/GFS_ENSEMBLE_Soy_PRCP_DEP/daily dia 10 (2026-07-17 → 2026-07-17) 48506 bytes
2026-07-07 09:33:23,486 [INFO] [OK] Brazil/GFS_ENSEMBLE_Soy_PRCP_DEP/daily dia 09 (2026-07-16 → 2026-07-16) 49935 bytes
2026-07-07 09:33:23,508 [INFO] [OK] Brazil/GFS_ENSEMBLE_Soy_PRCP_DEP/daily dia 11 (2026-07-18 → 2026-07-18) 48313 bytes
2026-07-07 09:33:23,972 [INFO] [OK] Brazil/GFS_ENSEMBLE_Soy_PRCP_DEP/daily dia 12 (2026-07-19 → 2026-07-19) 49349 bytes
2026-07-07 09:33:24,183 [INFO] [OK] Brazil/GFS_ENSEMBLE_Soy_PRCP_DEP/daily dia 14 (2026-07-21 → 2026-07-21) 51592 bytes
2026-07-07 09:33:24,326 [INFO] [OK] Brazil/GFS_ENSEMBLE_Soy_PRCP_DEP/daily dia 13 (2026-07-20 → 2026-07-20) 50550 bytes
2026-07-07 09:33:24,607 [INFO] [OK] Brazil/GFS_ENSEMBLE_Soy_PRCP_DEP/cumulative dia 00 (2026-07-07 → 2026-07-07) 35072 bytes
2026-07-07 09:33:25,104 [INFO] [OK] Brazil/GFS_ENSEMBLE_Soy_PRCP_DEP/cumulative dia 01 (2026-07-07 → 2026-07-08) 35871 bytes
2026-07-07 09:33:25,107 [INFO] [OK] Brazil/GFS_ENSEMBLE_Soy_PRCP_DEP/cumulative dia 02 (2026-07-07 → 2026-07-09) 37228 bytes
2026-07-07 09:33:25,789 [INFO] [OK] Brazil/GFS_ENSEMBLE_Soy_PRCP_DEP/cumulative dia 03 (2026-07-07 → 2026-07-10) 41226 bytes
2026-07-07 09:33:26,048 [INFO] [OK] Brazil/GFS_ENSEMBLE_Soy_PRCP_DEP/cumulative dia 04 (2026-07-07 → 2026-07-11) 45878 bytes
2026-07-07 09:33:26,289 [INFO] [OK] Brazil/GFS_ENSEMBLE_Soy_PRCP_DEP/cumulative dia 05 (2026-07-07 → 2026-07-12) 48863 bytes
2026-07-07 09:33:26,822 [INFO] [OK] Brazil/GFS_ENSEMBLE_Soy_PRCP_DEP/cumulative dia 06 (2026-07-07 → 2026-07-13) 49205 bytes
2026-07-07 09:33:27,752 [INFO] [OK] Brazil/GFS_ENSEMBLE_Soy_PRCP_DEP/cumulative dia 07 (2026-07-07 → 2026-07-14) 49029 bytes
2026-07-07 09:33:28,032 [INFO] [OK] Brazil/GFS_ENSEMBLE_Soy_PRCP_DEP/cumulative dia 08 (2026-07-07 → 2026-07-15) 49926 bytes
2026-07-07 09:33:28,372 [INFO] [OK] Brazil/GFS_ENSEMBLE_Soy_PRCP_DEP/cumulative dia 09 (2026-07-07 → 2026-07-16) 51227 bytes
2026-07-07 09:33:28,657 [INFO] [OK] Brazil/GFS_ENSEMBLE_Soy_PRCP_DEP/cumulative dia 10 (2026-07-07 → 2026-07-17) 52504 bytes
2026-07-07 09:33:28,784 [INFO] [OK] Brazil/GFS_ENSEMBLE_Soy_PRCP_DEP/cumulative dia 11 (2026-07-07 → 2026-07-18) 52546 bytes
2026-07-07 09:33:30,252 [INFO] [OK] Brazil/GFS_ENSEMBLE_Soy_PRCP_DEP/cumulative dia 12 (2026-07-07 → 2026-07-19) 51856 bytes
2026-07-07 09:33:30,278 [INFO] [OK] Brazil/GFS_ENSEMBLE_Soy_PRCP/daily dia 00 (2026-07-07 → 2026-07-07) 29583 bytes
2026-07-07 09:33:30,536 [INFO] [OK] Brazil/GFS_ENSEMBLE_Soy_PRCP/daily dia 02 (2026-07-09 → 2026-07-09) 29152 bytes
2026-07-07 09:33:30,562 [INFO] [OK] Brazil/GFS_ENSEMBLE_Soy_PRCP/daily dia 01 (2026-07-08 → 2026-07-08) 29438 bytes
2026-07-07 09:33:31,000 [INFO] [OK] Brazil/GFS_ENSEMBLE_Soy_PRCP_DEP/cumulative dia 13 (2026-07-07 → 2026-07-20) 52061 bytes
2026-07-07 09:33:31,331 [INFO] [OK] Brazil/GFS_ENSEMBLE_Soy_PRCP_DEP/cumulative dia 14 (2026-07-07 → 2026-07-21) 51565 bytes
2026-07-07 09:33:31,534 [INFO] [OK] Brazil/GFS_ENSEMBLE_Soy_PRCP/daily dia 03 (2026-07-10 → 2026-07-10) 30492 bytes
2026-07-07 09:33:31,543 [INFO] [OK] Brazil/GFS_ENSEMBLE_Soy_PRCP/daily dia 04 (2026-07-11 → 2026-07-11) 30843 bytes
2026-07-07 09:33:32,049 [INFO] [OK] Brazil/GFS_ENSEMBLE_Soy_PRCP/daily dia 05 (2026-07-12 → 2026-07-12) 30760 bytes
2026-07-07 09:33:32,132 [INFO] [OK] Brazil/GFS_ENSEMBLE_Soy_PRCP/daily dia 06 (2026-07-13 → 2026-07-13) 30298 bytes
2026-07-07 09:33:32,751 [INFO] [OK] Brazil/GFS_ENSEMBLE_Soy_PRCP/daily dia 07 (2026-07-14 → 2026-07-14) 29119 bytes
2026-07-07 09:33:33,158 [INFO] [OK] Brazil/GFS_ENSEMBLE_Soy_PRCP/daily dia 10 (2026-07-17 → 2026-07-17) 32359 bytes
2026-07-07 09:33:33,483 [INFO] [OK] Brazil/GFS_ENSEMBLE_Soy_PRCP/daily dia 12 (2026-07-19 → 2026-07-19) 32153 bytes
2026-07-07 09:33:33,505 [INFO] [OK] Brazil/GFS_ENSEMBLE_Soy_PRCP/daily dia 09 (2026-07-16 → 2026-07-16) 32394 bytes
2026-07-07 09:33:33,655 [INFO] [OK] Brazil/GFS_ENSEMBLE_Soy_PRCP/daily dia 11 (2026-07-18 → 2026-07-18) 32839 bytes
2026-07-07 09:33:33,788 [INFO] [OK] Brazil/GFS_ENSEMBLE_Soy_PRCP/daily dia 08 (2026-07-15 → 2026-07-15) 31261 bytes
2026-07-07 09:33:34,077 [INFO] [OK] Brazil/GFS_ENSEMBLE_Soy_PRCP/daily dia 13 (2026-07-20 → 2026-07-20) 32486 bytes
2026-07-07 09:33:34,609 [INFO] [OK] Brazil/GFS_ENSEMBLE_Soy_PRCP/daily dia 14 (2026-07-21 → 2026-07-21) 31224 bytes
2026-07-07 09:33:34,843 [INFO] [OK] Brazil/GFS_ENSEMBLE_Soy_PRCP/cumulative dia 00 (2026-07-07 → 2026-07-07) 29583 bytes
2026-07-07 09:33:35,004 [INFO] [OK] Brazil/GFS_ENSEMBLE_Soy_PRCP/cumulative dia 01 (2026-07-07 → 2026-07-08) 30790 bytes
2026-07-07 09:33:35,256 [INFO] [OK] Brazil/GFS_ENSEMBLE_Soy_PRCP/cumulative dia 02 (2026-07-07 → 2026-07-09) 31656 bytes
2026-07-07 09:33:35,385 [INFO] [OK] Brazil/GFS_ENSEMBLE_Soy_PRCP/cumulative dia 03 (2026-07-07 → 2026-07-10) 33218 bytes
2026-07-07 09:33:36,585 [INFO] [OK] Brazil/GFS_ENSEMBLE_Soy_PRCP/cumulative dia 04 (2026-07-07 → 2026-07-11) 34638 bytes
2026-07-07 09:33:36,844 [INFO] [OK] Brazil/GFS_ENSEMBLE_Soy_PRCP/cumulative dia 05 (2026-07-07 → 2026-07-12) 35878 bytes
2026-07-07 09:33:37,237 [INFO] [OK] Brazil/GFS_ENSEMBLE_Soy_PRCP/cumulative dia 07 (2026-07-07 → 2026-07-14) 36881 bytes
2026-07-07 09:33:37,350 [INFO] [OK] Brazil/GFS_ENSEMBLE_Soy_PRCP/cumulative dia 06 (2026-07-07 → 2026-07-13) 36455 bytes
2026-07-07 09:33:37,737 [INFO] [OK] Brazil/GFS_ENSEMBLE_Soy_PRCP/cumulative dia 08 (2026-07-07 → 2026-07-15) 38168 bytes
2026-07-07 09:33:37,745 [INFO] [OK] Brazil/GFS_ENSEMBLE_Soy_PRCP/cumulative dia 09 (2026-07-07 → 2026-07-16) 39803 bytes
2026-07-07 09:33:39,091 [INFO] [OK] Brazil/GFS_ENSEMBLE_Corn_Winter_PRCP_DEP/daily dia 00 (2026-07-07 → 2026-07-07) 33495 bytes
2026-07-07 09:33:39,231 [INFO] [OK] Brazil/GFS_ENSEMBLE_Soy_PRCP/cumulative dia 10 (2026-07-07 → 2026-07-17) 40815 bytes
2026-07-07 09:33:39,425 [INFO] [OK] Brazil/GFS_ENSEMBLE_Soy_PRCP/cumulative dia 11 (2026-07-07 → 2026-07-18) 41963 bytes
2026-07-07 09:33:39,982 [INFO] [OK] Brazil/GFS_ENSEMBLE_Soy_PRCP/cumulative dia 12 (2026-07-07 → 2026-07-19) 43222 bytes
2026-07-07 09:33:40,233 [INFO] [OK] Brazil/GFS_ENSEMBLE_Soy_PRCP/cumulative dia 13 (2026-07-07 → 2026-07-20) 43396 bytes
2026-07-07 09:33:40,344 [INFO] [OK] Brazil/GFS_ENSEMBLE_Soy_PRCP/cumulative dia 14 (2026-07-07 → 2026-07-21) 43827 bytes
2026-07-07 09:33:40,576 [INFO] [OK] Brazil/GFS_ENSEMBLE_Corn_Winter_PRCP_DEP/daily dia 01 (2026-07-08 → 2026-07-08) 33379 bytes
2026-07-07 09:33:40,790 [INFO] [OK] Brazil/GFS_ENSEMBLE_Corn_Winter_PRCP_DEP/daily dia 02 (2026-07-09 → 2026-07-09) 35539 bytes
2026-07-07 09:33:40,982 [INFO] [OK] Brazil/GFS_ENSEMBLE_Corn_Winter_PRCP_DEP/daily dia 03 (2026-07-10 → 2026-07-10) 42672 bytes
2026-07-07 09:33:41,661 [INFO] [OK] Brazil/GFS_ENSEMBLE_Corn_Winter_PRCP_DEP/daily dia 04 (2026-07-11 → 2026-07-11) 45943 bytes
2026-07-07 09:33:41,785 [INFO] [OK] Brazil/GFS_ENSEMBLE_Corn_Winter_PRCP_DEP/daily dia 05 (2026-07-12 → 2026-07-12) 44231 bytes
2026-07-07 09:33:41,850 [INFO] [OK] Brazil/GFS_ENSEMBLE_Corn_Winter_PRCP_DEP/daily dia 06 (2026-07-13 → 2026-07-13) 44727 bytes
2026-07-07 09:33:42,102 [INFO] [OK] Brazil/GFS_ENSEMBLE_Corn_Winter_PRCP_DEP/daily dia 07 (2026-07-14 → 2026-07-14) 43422 bytes
2026-07-07 09:33:42,110 [INFO] [OK] Brazil/GFS_ENSEMBLE_Corn_Winter_PRCP_DEP/daily dia 08 (2026-07-15 → 2026-07-15) 49783 bytes
2026-07-07 09:33:42,453 [INFO] [OK] Brazil/GFS_ENSEMBLE_Corn_Winter_PRCP_DEP/daily dia 09 (2026-07-16 → 2026-07-16) 48589 bytes
2026-07-07 09:33:43,065 [INFO] [OK] Brazil/GFS_ENSEMBLE_Corn_Winter_PRCP_DEP/daily dia 10 (2026-07-17 → 2026-07-17) 47367 bytes
2026-07-07 09:33:43,420 [INFO] [OK] Brazil/GFS_ENSEMBLE_Corn_Winter_PRCP_DEP/daily dia 11 (2026-07-18 → 2026-07-18) 47131 bytes
2026-07-07 09:33:43,644 [INFO] [OK] Brazil/GFS_ENSEMBLE_Corn_Winter_PRCP_DEP/daily dia 12 (2026-07-19 → 2026-07-19) 47942 bytes
2026-07-07 09:33:43,961 [INFO] [OK] Brazil/GFS_ENSEMBLE_Corn_Winter_PRCP_DEP/cumulative dia 00 (2026-07-07 → 2026-07-07) 33495 bytes
2026-07-07 09:33:43,975 [INFO] [OK] Brazil/GFS_ENSEMBLE_Corn_Winter_PRCP_DEP/daily dia 13 (2026-07-20 → 2026-07-20) 49106 bytes
2026-07-07 09:33:44,144 [INFO] [OK] Brazil/GFS_ENSEMBLE_Corn_Winter_PRCP_DEP/daily dia 14 (2026-07-21 → 2026-07-21) 50226 bytes
2026-07-07 09:33:44,522 [INFO] [OK] Brazil/GFS_ENSEMBLE_Corn_Winter_PRCP_DEP/cumulative dia 01 (2026-07-07 → 2026-07-08) 34379 bytes
2026-07-07 09:33:44,819 [INFO] [OK] Brazil/GFS_ENSEMBLE_Corn_Winter_PRCP_DEP/cumulative dia 02 (2026-07-07 → 2026-07-09) 35783 bytes
2026-07-07 09:33:45,168 [INFO] [OK] Brazil/GFS_ENSEMBLE_Corn_Winter_PRCP_DEP/cumulative dia 03 (2026-07-07 → 2026-07-10) 39587 bytes
2026-07-07 09:33:46,541 [INFO] [OK] Brazil/GFS_ENSEMBLE_Corn_Winter_PRCP_DEP/cumulative dia 04 (2026-07-07 → 2026-07-11) 44339 bytes
2026-07-07 09:33:46,552 [INFO] [OK] Brazil/GFS_ENSEMBLE_Corn_Winter_PRCP_DEP/cumulative dia 05 (2026-07-07 → 2026-07-12) 47330 bytes
2026-07-07 09:33:46,574 [INFO] [OK] Brazil/GFS_ENSEMBLE_Corn_Winter_PRCP_DEP/cumulative dia 06 (2026-07-07 → 2026-07-13) 47818 bytes
2026-07-07 09:33:46,774 [INFO] [OK] Brazil/GFS_ENSEMBLE_Corn_Winter_PRCP_DEP/cumulative dia 07 (2026-07-07 → 2026-07-14) 47581 bytes
2026-07-07 09:33:47,126 [INFO] [OK] Brazil/GFS_ENSEMBLE_Corn_Winter_PRCP_DEP/cumulative dia 08 (2026-07-07 → 2026-07-15) 48480 bytes
2026-07-07 09:33:47,475 [INFO] [OK] Brazil/GFS_ENSEMBLE_Corn_Winter_PRCP_DEP/cumulative dia 09 (2026-07-07 → 2026-07-16) 49770 bytes
2026-07-07 09:33:49,485 [INFO] [OK] Brazil/GFS_ENSEMBLE_Corn_Winter_PRCP/daily dia 00 (2026-07-07 → 2026-07-07) 28014 bytes
2026-07-07 09:33:49,504 [INFO] [OK] Brazil/GFS_ENSEMBLE_Corn_Winter_PRCP_DEP/cumulative dia 10 (2026-07-07 → 2026-07-17) 51075 bytes
2026-07-07 09:33:49,779 [INFO] [OK] Brazil/GFS_ENSEMBLE_Corn_Winter_PRCP_DEP/cumulative dia 12 (2026-07-07 → 2026-07-19) 50533 bytes
2026-07-07 09:33:50,079 [INFO] [OK] Brazil/GFS_ENSEMBLE_Corn_Winter_PRCP_DEP/cumulative dia 11 (2026-07-07 → 2026-07-18) 51126 bytes
2026-07-07 09:33:50,096 [INFO] [OK] Brazil/GFS_ENSEMBLE_Corn_Winter_PRCP_DEP/cumulative dia 13 (2026-07-07 → 2026-07-20) 50730 bytes
2026-07-07 09:33:50,396 [INFO] [OK] Brazil/GFS_ENSEMBLE_Corn_Winter_PRCP_DEP/cumulative dia 14 (2026-07-07 → 2026-07-21) 50215 bytes
2026-07-07 09:33:50,740 [INFO] [OK] Brazil/GFS_ENSEMBLE_Corn_Winter_PRCP/daily dia 01 (2026-07-08 → 2026-07-08) 27888 bytes
2026-07-07 09:33:50,750 [INFO] [OK] Brazil/GFS_ENSEMBLE_Corn_Winter_PRCP/daily dia 02 (2026-07-09 → 2026-07-09) 27649 bytes
2026-07-07 09:33:51,098 [INFO] [OK] Brazil/GFS_ENSEMBLE_Corn_Winter_PRCP/daily dia 03 (2026-07-10 → 2026-07-10) 28937 bytes
2026-07-07 09:33:51,411 [INFO] [OK] Brazil/GFS_ENSEMBLE_Corn_Winter_PRCP/daily dia 04 (2026-07-11 → 2026-07-11) 29262 bytes
2026-07-07 09:33:51,622 [INFO] [OK] Brazil/GFS_ENSEMBLE_Corn_Winter_PRCP/daily dia 05 (2026-07-12 → 2026-07-12) 29252 bytes
2026-07-07 09:33:51,758 [INFO] [OK] Brazil/GFS_ENSEMBLE_Corn_Winter_PRCP/daily dia 06 (2026-07-13 → 2026-07-13) 28834 bytes
2026-07-07 09:33:52,122 [INFO] [OK] Brazil/GFS_ENSEMBLE_Corn_Winter_PRCP/daily dia 08 (2026-07-15 → 2026-07-15) 29680 bytes
2026-07-07 09:33:52,228 [INFO] [OK] Brazil/GFS_ENSEMBLE_Corn_Winter_PRCP/daily dia 07 (2026-07-14 → 2026-07-14) 27603 bytes
2026-07-07 09:33:52,418 [INFO] [OK] Brazil/GFS_ENSEMBLE_Corn_Winter_PRCP/daily dia 09 (2026-07-16 → 2026-07-16) 30828 bytes
2026-07-07 09:33:53,106 [INFO] [OK] Brazil/GFS_ENSEMBLE_Corn_Winter_PRCP/daily dia 10 (2026-07-17 → 2026-07-17) 30894 bytes
2026-07-07 09:33:53,320 [INFO] [OK] Brazil/GFS_ENSEMBLE_Corn_Winter_PRCP/daily dia 12 (2026-07-19 → 2026-07-19) 30617 bytes
2026-07-07 09:33:53,739 [INFO] [OK] Brazil/GFS_ENSEMBLE_Corn_Winter_PRCP/daily dia 11 (2026-07-18 → 2026-07-18) 31295 bytes
2026-07-07 09:33:53,864 [INFO] [OK] Brazil/GFS_ENSEMBLE_Corn_Winter_PRCP/daily dia 14 (2026-07-21 → 2026-07-21) 29830 bytes
2026-07-07 09:33:53,910 [INFO] [OK] Brazil/GFS_ENSEMBLE_Corn_Winter_PRCP/daily dia 13 (2026-07-20 → 2026-07-20) 30962 bytes
2026-07-07 09:33:54,293 [INFO] [OK] Brazil/GFS_ENSEMBLE_Corn_Winter_PRCP/cumulative dia 00 (2026-07-07 → 2026-07-07) 28014 bytes
2026-07-07 09:33:54,426 [INFO] [OK] Brazil/GFS_ENSEMBLE_Corn_Winter_PRCP/cumulative dia 01 (2026-07-07 → 2026-07-08) 29229 bytes
2026-07-07 09:33:54,904 [INFO] [OK] Brazil/GFS_ENSEMBLE_Corn_Winter_PRCP/cumulative dia 02 (2026-07-07 → 2026-07-09) 30125 bytes
2026-07-07 09:33:55,460 [INFO] [OK] Brazil/GFS_ENSEMBLE_Corn_Winter_PRCP/cumulative dia 03 (2026-07-07 → 2026-07-10) 31627 bytes
2026-07-07 09:33:55,853 [INFO] [OK] Brazil/GFS_ENSEMBLE_Corn_Winter_PRCP/cumulative dia 04 (2026-07-07 → 2026-07-11) 33175 bytes
2026-07-07 09:33:55,892 [INFO] [OK] Brazil/GFS_ENSEMBLE_Corn_Winter_PRCP/cumulative dia 05 (2026-07-07 → 2026-07-12) 34275 bytes
2026-07-07 09:33:56,558 [INFO] [OK] Brazil/GFS_ENSEMBLE_Corn_Winter_PRCP/cumulative dia 06 (2026-07-07 → 2026-07-13) 34961 bytes
2026-07-07 09:33:56,789 [INFO] [OK] Brazil/GFS_ENSEMBLE_Corn_Winter_PRCP/cumulative dia 07 (2026-07-07 → 2026-07-14) 35393 bytes
2026-07-07 09:33:57,155 [INFO] [OK] Brazil/GFS_ENSEMBLE_Corn_Winter_PRCP/cumulative dia 08 (2026-07-07 → 2026-07-15) 36628 bytes
2026-07-07 09:33:57,731 [INFO] [OK] Brazil/GFS_ENSEMBLE_Corn_Winter_PRCP/cumulative dia 09 (2026-07-07 → 2026-07-16) 38353 bytes
2026-07-07 09:33:58,324 [INFO] [OK] Brazil/GFS_ENSEMBLE_Corn_Winter_PRCP/cumulative dia 10 (2026-07-07 → 2026-07-17) 39219 bytes
2026-07-07 09:33:58,600 [INFO] [OK] Brazil/GFS_ENSEMBLE_Corn_Winter_PRCP/cumulative dia 11 (2026-07-07 → 2026-07-18) 40425 bytes
2026-07-07 09:33:59,297 [INFO] [OK] Brazil/ECM_ENSEMBLE_Soy_PRCP_DEP/daily dia 00 (2026-07-07 → 2026-07-07) 39458 bytes
2026-07-07 09:33:59,821 [INFO] [OK] Brazil/ECM_ENSEMBLE_Soy_PRCP_DEP/daily dia 01 (2026-07-08 → 2026-07-08) 37857 bytes
2026-07-07 09:33:59,835 [INFO] [OK] Brazil/GFS_ENSEMBLE_Corn_Winter_PRCP/cumulative dia 12 (2026-07-07 → 2026-07-19) 41819 bytes
2026-07-07 09:33:59,931 [INFO] [OK] Brazil/GFS_ENSEMBLE_Corn_Winter_PRCP/cumulative dia 14 (2026-07-07 → 2026-07-21) 42569 bytes
2026-07-07 09:34:00,087 [INFO] [OK] Brazil/GFS_ENSEMBLE_Corn_Winter_PRCP/cumulative dia 13 (2026-07-07 → 2026-07-20) 42012 bytes
2026-07-07 09:34:00,389 [INFO] [OK] Brazil/ECM_ENSEMBLE_Soy_PRCP_DEP/daily dia 02 (2026-07-09 → 2026-07-09) 44869 bytes
2026-07-07 09:34:00,918 [INFO] [OK] Brazil/ECM_ENSEMBLE_Soy_PRCP_DEP/daily dia 03 (2026-07-10 → 2026-07-10) 47917 bytes
2026-07-07 09:34:01,231 [INFO] [OK] Brazil/ECM_ENSEMBLE_Soy_PRCP_DEP/daily dia 04 (2026-07-11 → 2026-07-11) 48166 bytes
2026-07-07 09:34:01,554 [INFO] [OK] Brazil/ECM_ENSEMBLE_Soy_PRCP_DEP/daily dia 05 (2026-07-12 → 2026-07-12) 47538 bytes
2026-07-07 09:34:01,590 [INFO] [OK] Brazil/ECM_ENSEMBLE_Soy_PRCP_DEP/daily dia 06 (2026-07-13 → 2026-07-13) 47621 bytes
2026-07-07 09:34:01,756 [INFO] [OK] Brazil/ECM_ENSEMBLE_Soy_PRCP_DEP/daily dia 08 (2026-07-15 → 2026-07-15) 51620 bytes
2026-07-07 09:34:01,867 [INFO] [OK] Brazil/ECM_ENSEMBLE_Soy_PRCP_DEP/daily dia 07 (2026-07-14 → 2026-07-14) 51985 bytes
2026-07-07 09:34:02,570 [INFO] [OK] Brazil/ECM_ENSEMBLE_Soy_PRCP_DEP/daily dia 10 (2026-07-17 → 2026-07-17) 48165 bytes
2026-07-07 09:34:02,572 [INFO] [OK] Brazil/ECM_ENSEMBLE_Soy_PRCP_DEP/daily dia 09 (2026-07-16 → 2026-07-16) 50462 bytes
2026-07-07 09:34:02,987 [INFO] [OK] Brazil/ECM_ENSEMBLE_Soy_PRCP_DEP/daily dia 11 (2026-07-18 → 2026-07-18) 47620 bytes
2026-07-07 09:34:03,213 [INFO] [OK] Brazil/ECM_ENSEMBLE_Soy_PRCP_DEP/daily dia 12 (2026-07-19 → 2026-07-19) 46910 bytes
2026-07-07 09:34:03,358 [INFO] [OK] Brazil/ECM_ENSEMBLE_Soy_PRCP_DEP/daily dia 14 (2026-07-21 → 2026-07-21) 49433 bytes
2026-07-07 09:34:03,410 [INFO] [OK] Brazil/ECM_ENSEMBLE_Soy_PRCP_DEP/daily dia 13 (2026-07-20 → 2026-07-20) 47720 bytes
2026-07-07 09:34:04,404 [INFO] [OK] Brazil/ECM_ENSEMBLE_Soy_PRCP_DEP/cumulative dia 00 (2026-07-07 → 2026-07-07) 39458 bytes
2026-07-07 09:34:04,501 [INFO] [OK] Brazil/ECM_ENSEMBLE_Soy_PRCP_DEP/cumulative dia 01 (2026-07-07 → 2026-07-08) 40133 bytes
2026-07-07 09:34:04,613 [INFO] [OK] Brazil/ECM_ENSEMBLE_Soy_PRCP_DEP/cumulative dia 02 (2026-07-07 → 2026-07-09) 43410 bytes
2026-07-07 09:34:04,968 [INFO] [OK] Brazil/ECM_ENSEMBLE_Soy_PRCP_DEP/cumulative dia 04 (2026-07-07 → 2026-07-11) 50049 bytes
2026-07-07 09:34:04,995 [INFO] [OK] Brazil/ECM_ENSEMBLE_Soy_PRCP_DEP/cumulative dia 03 (2026-07-07 → 2026-07-10) 46872 bytes
2026-07-07 09:34:05,333 [INFO] [OK] Brazil/ECM_ENSEMBLE_Soy_PRCP_DEP/cumulative dia 05 (2026-07-07 → 2026-07-12) 51002 bytes
2026-07-07 09:34:06,596 [INFO] [OK] Brazil/ECM_ENSEMBLE_Soy_PRCP_DEP/cumulative dia 06 (2026-07-07 → 2026-07-13) 49928 bytes
2026-07-07 09:34:07,109 [INFO] [OK] Brazil/ECM_ENSEMBLE_Soy_PRCP_DEP/cumulative dia 07 (2026-07-07 → 2026-07-14) 50474 bytes
2026-07-07 09:34:07,151 [INFO] [OK] Brazil/ECM_ENSEMBLE_Soy_PRCP_DEP/cumulative dia 08 (2026-07-07 → 2026-07-15) 50996 bytes
2026-07-07 09:34:08,222 [INFO] [OK] Brazil/ECM_ENSEMBLE_Soy_PRCP_DEP/cumulative dia 09 (2026-07-07 → 2026-07-16) 51414 bytes
2026-07-07 09:34:08,508 [INFO] [OK] Brazil/ECM_ENSEMBLE_Soy_PRCP_DEP/cumulative dia 11 (2026-07-07 → 2026-07-18) 50939 bytes
2026-07-07 09:34:08,557 [INFO] [OK] Brazil/ECM_ENSEMBLE_Soy_PRCP_DEP/cumulative dia 10 (2026-07-07 → 2026-07-17) 50721 bytes
2026-07-07 09:34:09,064 [INFO] [OK] Brazil/ECM_ENSEMBLE_Soy_PRCP_DEP/cumulative dia 12 (2026-07-07 → 2026-07-19) 49758 bytes
2026-07-07 09:34:09,693 [INFO] [OK] Brazil/ECM_ENSEMBLE_Soy_PRCP/daily dia 00 (2026-07-07 → 2026-07-07) 30453 bytes
2026-07-07 09:34:09,733 [INFO] [OK] Brazil/ECM_ENSEMBLE_Soy_PRCP_DEP/cumulative dia 13 (2026-07-07 → 2026-07-20) 49303 bytes
2026-07-07 09:34:09,734 [INFO] [OK] Brazil/ECM_ENSEMBLE_Soy_PRCP_DEP/cumulative dia 14 (2026-07-07 → 2026-07-21) 49448 bytes
2026-07-07 09:34:09,773 [INFO] [OK] Brazil/ECM_ENSEMBLE_Soy_PRCP/daily dia 01 (2026-07-08 → 2026-07-08) 29901 bytes
2026-07-07 09:34:09,799 [INFO] [OK] Brazil/ECM_ENSEMBLE_Soy_PRCP/daily dia 02 (2026-07-09 → 2026-07-09) 29930 bytes
2026-07-07 09:34:10,626 [INFO] [OK] Brazil/ECM_ENSEMBLE_Soy_PRCP/daily dia 03 (2026-07-10 → 2026-07-10) 31805 bytes
2026-07-07 09:34:11,183 [INFO] [OK] Brazil/ECM_ENSEMBLE_Soy_PRCP/daily dia 06 (2026-07-13 → 2026-07-13) 30172 bytes
2026-07-07 09:34:11,621 [INFO] [OK] Brazil/ECM_ENSEMBLE_Soy_PRCP/daily dia 07 (2026-07-14 → 2026-07-14) 30673 bytes
2026-07-07 09:34:11,633 [INFO] [OK] Brazil/ECM_ENSEMBLE_Soy_PRCP/daily dia 04 (2026-07-11 → 2026-07-11) 31794 bytes
2026-07-07 09:34:11,819 [INFO] [OK] Brazil/ECM_ENSEMBLE_Soy_PRCP/daily dia 05 (2026-07-12 → 2026-07-12) 31348 bytes
2026-07-07 09:34:11,878 [INFO] [OK] Brazil/ECM_ENSEMBLE_Soy_PRCP/daily dia 08 (2026-07-15 → 2026-07-15) 31999 bytes
2026-07-07 09:34:12,132 [INFO] [OK] Brazil/ECM_ENSEMBLE_Soy_PRCP/daily dia 09 (2026-07-16 → 2026-07-16) 32487 bytes
2026-07-07 09:34:12,469 [INFO] [OK] Brazil/ECM_ENSEMBLE_Soy_PRCP/daily dia 10 (2026-07-17 → 2026-07-17) 32726 bytes
2026-07-07 09:34:13,062 [INFO] [OK] Brazil/ECM_ENSEMBLE_Soy_PRCP/daily dia 11 (2026-07-18 → 2026-07-18) 32958 bytes
2026-07-07 09:34:13,159 [INFO] [OK] Brazil/ECM_ENSEMBLE_Soy_PRCP/daily dia 14 (2026-07-21 → 2026-07-21) 31333 bytes
2026-07-07 09:34:13,437 [INFO] [OK] Brazil/ECM_ENSEMBLE_Soy_PRCP/cumulative dia 00 (2026-07-07 → 2026-07-07) 30453 bytes
2026-07-07 09:34:13,620 [INFO] [OK] Brazil/ECM_ENSEMBLE_Soy_PRCP/daily dia 12 (2026-07-19 → 2026-07-19) 33129 bytes
2026-07-07 09:34:13,776 [INFO] [OK] Brazil/ECM_ENSEMBLE_Soy_PRCP/daily dia 13 (2026-07-20 → 2026-07-20) 32722 bytes
2026-07-07 09:34:13,781 [INFO] [OK] Brazil/ECM_ENSEMBLE_Soy_PRCP/cumulative dia 01 (2026-07-07 → 2026-07-08) 31531 bytes
2026-07-07 09:34:15,209 [INFO] [OK] Brazil/ECM_ENSEMBLE_Soy_PRCP/cumulative dia 03 (2026-07-07 → 2026-07-10) 34878 bytes
2026-07-07 09:34:15,520 [INFO] [OK] Brazil/ECM_ENSEMBLE_Soy_PRCP/cumulative dia 04 (2026-07-07 → 2026-07-11) 37151 bytes
2026-07-07 09:34:15,807 [INFO] [OK] Brazil/ECM_ENSEMBLE_Soy_PRCP/cumulative dia 02 (2026-07-07 → 2026-07-09) 33047 bytes
2026-07-07 09:34:15,954 [INFO] [OK] Brazil/ECM_ENSEMBLE_Soy_PRCP/cumulative dia 06 (2026-07-07 → 2026-07-13) 38880 bytes
2026-07-07 09:34:16,178 [INFO] [OK] Brazil/ECM_ENSEMBLE_Soy_PRCP/cumulative dia 05 (2026-07-07 → 2026-07-12) 38320 bytes
2026-07-07 09:34:16,350 [INFO] [OK] Brazil/ECM_ENSEMBLE_Soy_PRCP/cumulative dia 07 (2026-07-07 → 2026-07-14) 39752 bytes
2026-07-07 09:34:18,039 [INFO] [OK] Brazil/ECM_ENSEMBLE_Soy_PRCP/cumulative dia 08 (2026-07-07 → 2026-07-15) 40509 bytes
2026-07-07 09:34:18,233 [INFO] [OK] Brazil/ECM_ENSEMBLE_Soy_PRCP/cumulative dia 09 (2026-07-07 → 2026-07-16) 41926 bytes
2026-07-07 09:34:18,430 [INFO] [OK] Brazil/ECM_ENSEMBLE_Soy_PRCP/cumulative dia 10 (2026-07-07 → 2026-07-17) 42999 bytes
2026-07-07 09:34:18,618 [INFO] [OK] Brazil/ECM_ENSEMBLE_Soy_PRCP/cumulative dia 11 (2026-07-07 → 2026-07-18) 43480 bytes
2026-07-07 09:34:19,027 [INFO] [OK] Brazil/ECM_ENSEMBLE_Soy_PRCP/cumulative dia 12 (2026-07-07 → 2026-07-19) 43957 bytes
2026-07-07 09:34:19,054 [INFO] [OK] Brazil/ECM_ENSEMBLE_Soy_PRCP/cumulative dia 13 (2026-07-07 → 2026-07-20) 44247 bytes
2026-07-07 09:34:20,382 [INFO] [OK] Brazil/ECM_ENSEMBLE_Corn_Winter_PRCP_DEP/daily dia 00 (2026-07-07 → 2026-07-07) 37969 bytes
2026-07-07 09:34:20,421 [INFO] [OK] Brazil/ECM_ENSEMBLE_Corn_Winter_PRCP_DEP/daily dia 04 (2026-07-11 → 2026-07-11) 46680 bytes
2026-07-07 09:34:20,459 [INFO] [OK] Brazil/ECM_ENSEMBLE_Corn_Winter_PRCP_DEP/daily dia 01 (2026-07-08 → 2026-07-08) 36340 bytes
2026-07-07 09:34:20,522 [INFO] [OK] Brazil/ECM_ENSEMBLE_Corn_Winter_PRCP_DEP/daily dia 03 (2026-07-10 → 2026-07-10) 46431 bytes
2026-07-07 09:34:20,546 [INFO] [OK] Brazil/ECM_ENSEMBLE_Corn_Winter_PRCP_DEP/daily dia 02 (2026-07-09 → 2026-07-09) 43174 bytes
2026-07-07 09:34:20,697 [INFO] [OK] Brazil/ECM_ENSEMBLE_Soy_PRCP/cumulative dia 14 (2026-07-07 → 2026-07-21) 44656 bytes
2026-07-07 09:34:22,063 [INFO] [OK] Brazil/ECM_ENSEMBLE_Corn_Winter_PRCP_DEP/daily dia 06 (2026-07-13 → 2026-07-13) 46407 bytes
2026-07-07 09:34:22,104 [INFO] [OK] Brazil/ECM_ENSEMBLE_Corn_Winter_PRCP_DEP/daily dia 07 (2026-07-14 → 2026-07-14) 50493 bytes
2026-07-07 09:34:22,136 [INFO] [OK] Brazil/ECM_ENSEMBLE_Corn_Winter_PRCP_DEP/daily dia 08 (2026-07-15 → 2026-07-15) 50105 bytes
2026-07-07 09:34:22,151 [INFO] [OK] Brazil/ECM_ENSEMBLE_Corn_Winter_PRCP_DEP/daily dia 10 (2026-07-17 → 2026-07-17) 46979 bytes
2026-07-07 09:34:22,210 [INFO] [OK] Brazil/ECM_ENSEMBLE_Corn_Winter_PRCP_DEP/daily dia 05 (2026-07-12 → 2026-07-12) 46301 bytes
2026-07-07 09:34:22,347 [INFO] [OK] Brazil/ECM_ENSEMBLE_Corn_Winter_PRCP_DEP/daily dia 09 (2026-07-16 → 2026-07-16) 49002 bytes
2026-07-07 09:34:23,832 [INFO] [OK] Brazil/ECM_ENSEMBLE_Corn_Winter_PRCP_DEP/daily dia 14 (2026-07-21 → 2026-07-21) 47938 bytes
2026-07-07 09:34:24,060 [INFO] [OK] Brazil/ECM_ENSEMBLE_Corn_Winter_PRCP_DEP/daily dia 11 (2026-07-18 → 2026-07-18) 46396 bytes
2026-07-07 09:34:24,206 [INFO] [OK] Brazil/ECM_ENSEMBLE_Corn_Winter_PRCP_DEP/daily dia 13 (2026-07-20 → 2026-07-20) 46427 bytes
2026-07-07 09:34:24,323 [INFO] [OK] Brazil/ECM_ENSEMBLE_Corn_Winter_PRCP_DEP/cumulative dia 00 (2026-07-07 → 2026-07-07) 37969 bytes
2026-07-07 09:34:24,341 [INFO] [OK] Brazil/ECM_ENSEMBLE_Corn_Winter_PRCP_DEP/daily dia 12 (2026-07-19 → 2026-07-19) 45726 bytes
2026-07-07 09:34:24,592 [INFO] [OK] Brazil/ECM_ENSEMBLE_Corn_Winter_PRCP_DEP/cumulative dia 01 (2026-07-07 → 2026-07-08) 38794 bytes
2026-07-07 09:34:25,466 [INFO] [OK] Brazil/ECM_ENSEMBLE_Corn_Winter_PRCP_DEP/cumulative dia 02 (2026-07-07 → 2026-07-09) 41921 bytes
2026-07-07 09:34:25,751 [INFO] [OK] Brazil/ECM_ENSEMBLE_Corn_Winter_PRCP_DEP/cumulative dia 03 (2026-07-07 → 2026-07-10) 45327 bytes
2026-07-07 09:34:25,983 [INFO] [OK] Brazil/ECM_ENSEMBLE_Corn_Winter_PRCP_DEP/cumulative dia 04 (2026-07-07 → 2026-07-11) 48408 bytes
2026-07-07 09:34:26,149 [INFO] [OK] Brazil/ECM_ENSEMBLE_Corn_Winter_PRCP_DEP/cumulative dia 05 (2026-07-07 → 2026-07-12) 49551 bytes
2026-07-07 09:34:26,317 [INFO] [OK] Brazil/ECM_ENSEMBLE_Corn_Winter_PRCP_DEP/cumulative dia 06 (2026-07-07 → 2026-07-13) 48765 bytes
2026-07-07 09:34:26,501 [INFO] [OK] Brazil/ECM_ENSEMBLE_Corn_Winter_PRCP_DEP/cumulative dia 07 (2026-07-07 → 2026-07-14) 49106 bytes
2026-07-07 09:34:27,796 [INFO] [OK] Brazil/ECM_ENSEMBLE_Corn_Winter_PRCP_DEP/cumulative dia 08 (2026-07-07 → 2026-07-15) 49409 bytes
2026-07-07 09:34:28,355 [INFO] [OK] Brazil/ECM_ENSEMBLE_Corn_Winter_PRCP_DEP/cumulative dia 09 (2026-07-07 → 2026-07-16) 50006 bytes
2026-07-07 09:34:28,590 [INFO] [OK] Brazil/ECM_ENSEMBLE_Corn_Winter_PRCP_DEP/cumulative dia 10 (2026-07-07 → 2026-07-17) 49341 bytes
2026-07-07 09:34:29,042 [INFO] [OK] Brazil/ECM_ENSEMBLE_Corn_Winter_PRCP_DEP/cumulative dia 13 (2026-07-07 → 2026-07-20) 48221 bytes
2026-07-07 09:34:29,455 [INFO] [OK] Brazil/ECM_ENSEMBLE_Corn_Winter_PRCP_DEP/cumulative dia 12 (2026-07-07 → 2026-07-19) 48541 bytes
2026-07-07 09:34:29,547 [INFO] [OK] Brazil/ECM_ENSEMBLE_Corn_Winter_PRCP_DEP/cumulative dia 11 (2026-07-07 → 2026-07-18) 49529 bytes
2026-07-07 09:34:30,123 [INFO] [OK] Brazil/ECM_ENSEMBLE_Corn_Winter_PRCP/daily dia 01 (2026-07-08 → 2026-07-08) 28392 bytes
2026-07-07 09:34:30,347 [INFO] [OK] Brazil/ECM_ENSEMBLE_Corn_Winter_PRCP/daily dia 00 (2026-07-07 → 2026-07-07) 28922 bytes
2026-07-07 09:34:30,443 [INFO] [OK] Brazil/ECM_ENSEMBLE_Corn_Winter_PRCP_DEP/cumulative dia 14 (2026-07-07 → 2026-07-21) 48193 bytes
2026-07-07 09:34:30,485 [INFO] [OK] Brazil/ECM_ENSEMBLE_Corn_Winter_PRCP/daily dia 02 (2026-07-09 → 2026-07-09) 28410 bytes
2026-07-07 09:34:30,794 [INFO] [OK] Brazil/ECM_ENSEMBLE_Corn_Winter_PRCP/daily dia 04 (2026-07-11 → 2026-07-11) 30216 bytes
2026-07-07 09:34:30,880 [INFO] [OK] Brazil/ECM_ENSEMBLE_Corn_Winter_PRCP/daily dia 03 (2026-07-10 → 2026-07-10) 30342 bytes
2026-07-07 09:34:31,577 [INFO] [OK] Brazil/ECM_ENSEMBLE_Corn_Winter_PRCP/daily dia 05 (2026-07-12 → 2026-07-12) 30068 bytes
2026-07-07 09:34:31,723 [INFO] [OK] Brazil/ECM_ENSEMBLE_Corn_Winter_PRCP/daily dia 07 (2026-07-14 → 2026-07-14) 29294 bytes
2026-07-07 09:34:32,075 [INFO] [OK] Brazil/ECM_ENSEMBLE_Corn_Winter_PRCP/daily dia 06 (2026-07-13 → 2026-07-13) 28857 bytes
2026-07-07 09:34:32,114 [INFO] [OK] Brazil/ECM_ENSEMBLE_Corn_Winter_PRCP/daily dia 08 (2026-07-15 → 2026-07-15) 30449 bytes
2026-07-07 09:34:32,465 [INFO] [OK] Brazil/ECM_ENSEMBLE_Corn_Winter_PRCP/daily dia 10 (2026-07-17 → 2026-07-17) 31331 bytes
2026-07-07 09:34:32,496 [INFO] [OK] Brazil/ECM_ENSEMBLE_Corn_Winter_PRCP/daily dia 09 (2026-07-16 → 2026-07-16) 30978 bytes
2026-07-07 09:34:33,011 [INFO] [OK] Brazil/ECM_ENSEMBLE_Corn_Winter_PRCP/daily dia 12 (2026-07-19 → 2026-07-19) 31686 bytes
2026-07-07 09:34:33,025 [INFO] [OK] Brazil/ECM_ENSEMBLE_Corn_Winter_PRCP/daily dia 11 (2026-07-18 → 2026-07-18) 31578 bytes
2026-07-07 09:34:33,345 [INFO] [OK] Brazil/ECM_ENSEMBLE_Corn_Winter_PRCP/daily dia 14 (2026-07-21 → 2026-07-21) 29910 bytes
2026-07-07 09:34:33,781 [INFO] [OK] Brazil/ECM_ENSEMBLE_Corn_Winter_PRCP/cumulative dia 00 (2026-07-07 → 2026-07-07) 28922 bytes
2026-07-07 09:34:33,967 [INFO] [OK] Brazil/ECM_ENSEMBLE_Corn_Winter_PRCP/daily dia 13 (2026-07-20 → 2026-07-20) 31338 bytes
2026-07-07 09:34:33,973 [INFO] [OK] Brazil/ECM_ENSEMBLE_Corn_Winter_PRCP/cumulative dia 01 (2026-07-07 → 2026-07-08) 30069 bytes
2026-07-07 09:34:34,514 [INFO] [OK] Brazil/ECM_ENSEMBLE_Corn_Winter_PRCP/cumulative dia 02 (2026-07-07 → 2026-07-09) 31587 bytes
2026-07-07 09:34:35,308 [INFO] [OK] Brazil/ECM_ENSEMBLE_Corn_Winter_PRCP/cumulative dia 03 (2026-07-07 → 2026-07-10) 33382 bytes
2026-07-07 09:34:35,951 [INFO] [OK] Brazil/ECM_ENSEMBLE_Corn_Winter_PRCP/cumulative dia 04 (2026-07-07 → 2026-07-11) 35515 bytes
2026-07-07 09:34:36,053 [INFO] [OK] Brazil/ECM_ENSEMBLE_Corn_Winter_PRCP/cumulative dia 06 (2026-07-07 → 2026-07-13) 37395 bytes
2026-07-07 09:34:36,110 [INFO] [OK] Brazil/ECM_ENSEMBLE_Corn_Winter_PRCP/cumulative dia 05 (2026-07-07 → 2026-07-12) 36677 bytes
2026-07-07 09:34:36,372 [INFO] [OK] Brazil/ECM_ENSEMBLE_Corn_Winter_PRCP/cumulative dia 07 (2026-07-07 → 2026-07-14) 38352 bytes
2026-07-07 09:34:36,492 [INFO] [OK] Brazil/ECM_ENSEMBLE_Corn_Winter_PRCP/cumulative dia 08 (2026-07-07 → 2026-07-15) 39117 bytes
2026-07-07 09:34:37,702 [INFO] [OK] Brazil/ECM_ENSEMBLE_Corn_Winter_PRCP/cumulative dia 09 (2026-07-07 → 2026-07-16) 40573 bytes
2026-07-07 09:34:38,723 [INFO] [OK] Brazil/ECM_ENSEMBLE_Corn_Winter_PRCP/cumulative dia 10 (2026-07-07 → 2026-07-17) 41592 bytes
2026-07-07 09:34:38,788 [INFO] [OK] Argentina/GFS_ENSEMBLE_Soy_PRCP_DEP/daily dia 00 (2026-07-07 → 2026-07-07) 27177 bytes
2026-07-07 09:34:38,896 [INFO] [OK] Brazil/ECM_ENSEMBLE_Corn_Winter_PRCP/cumulative dia 11 (2026-07-07 → 2026-07-18) 42195 bytes
2026-07-07 09:34:39,268 [INFO] [OK] Brazil/ECM_ENSEMBLE_Corn_Winter_PRCP/cumulative dia 14 (2026-07-07 → 2026-07-21) 43429 bytes
2026-07-07 09:34:39,326 [INFO] [OK] Brazil/ECM_ENSEMBLE_Corn_Winter_PRCP/cumulative dia 12 (2026-07-07 → 2026-07-19) 42663 bytes
2026-07-07 09:34:39,424 [INFO] [OK] Brazil/ECM_ENSEMBLE_Corn_Winter_PRCP/cumulative dia 13 (2026-07-07 → 2026-07-20) 43082 bytes
2026-07-07 09:34:39,895 [INFO] [OK] Argentina/GFS_ENSEMBLE_Soy_PRCP_DEP/daily dia 01 (2026-07-08 → 2026-07-08) 27255 bytes
2026-07-07 09:34:39,994 [INFO] [OK] Argentina/GFS_ENSEMBLE_Soy_PRCP_DEP/daily dia 02 (2026-07-09 → 2026-07-09) 28236 bytes
2026-07-07 09:34:40,073 [INFO] [OK] Argentina/GFS_ENSEMBLE_Soy_PRCP_DEP/daily dia 03 (2026-07-10 → 2026-07-10) 33574 bytes
2026-07-07 09:34:40,413 [INFO] [OK] Argentina/GFS_ENSEMBLE_Soy_PRCP_DEP/daily dia 04 (2026-07-11 → 2026-07-11) 39980 bytes
2026-07-07 09:34:40,422 [INFO] [OK] Argentina/GFS_ENSEMBLE_Soy_PRCP_DEP/daily dia 05 (2026-07-12 → 2026-07-12) 37329 bytes
2026-07-07 09:34:40,441 [INFO] [OK] Argentina/GFS_ENSEMBLE_Soy_PRCP_DEP/daily dia 06 (2026-07-13 → 2026-07-13) 37650 bytes
2026-07-07 09:34:40,913 [INFO] [OK] Argentina/GFS_ENSEMBLE_Soy_PRCP_DEP/daily dia 07 (2026-07-14 → 2026-07-14) 35157 bytes
2026-07-07 09:34:41,022 [INFO] [OK] Argentina/GFS_ENSEMBLE_Soy_PRCP_DEP/daily dia 08 (2026-07-15 → 2026-07-15) 42965 bytes
2026-07-07 09:34:41,100 [INFO] [OK] Argentina/GFS_ENSEMBLE_Soy_PRCP_DEP/daily dia 09 (2026-07-16 → 2026-07-16) 42395 bytes
2026-07-07 09:34:41,422 [INFO] [OK] Argentina/GFS_ENSEMBLE_Soy_PRCP_DEP/daily dia 12 (2026-07-19 → 2026-07-19) 40299 bytes
2026-07-07 09:34:41,441 [INFO] [OK] Argentina/GFS_ENSEMBLE_Soy_PRCP_DEP/daily dia 10 (2026-07-17 → 2026-07-17) 40780 bytes
2026-07-07 09:34:41,471 [INFO] [OK] Argentina/GFS_ENSEMBLE_Soy_PRCP_DEP/daily dia 11 (2026-07-18 → 2026-07-18) 38784 bytes
2026-07-07 09:34:42,269 [INFO] [OK] Argentina/GFS_ENSEMBLE_Soy_PRCP_DEP/daily dia 14 (2026-07-21 → 2026-07-21) 42425 bytes
2026-07-07 09:34:42,541 [INFO] [OK] Argentina/GFS_ENSEMBLE_Soy_PRCP_DEP/daily dia 13 (2026-07-20 → 2026-07-20) 41041 bytes
2026-07-07 09:34:42,626 [INFO] [OK] Argentina/GFS_ENSEMBLE_Soy_PRCP_DEP/cumulative dia 01 (2026-07-07 → 2026-07-08) 28066 bytes
2026-07-07 09:34:42,769 [INFO] [OK] Argentina/GFS_ENSEMBLE_Soy_PRCP_DEP/cumulative dia 02 (2026-07-07 → 2026-07-09) 28072 bytes
2026-07-07 09:34:42,954 [INFO] [OK] Argentina/GFS_ENSEMBLE_Soy_PRCP_DEP/cumulative dia 00 (2026-07-07 → 2026-07-07) 27177 bytes
2026-07-07 09:34:43,014 [INFO] [OK] Argentina/GFS_ENSEMBLE_Soy_PRCP_DEP/cumulative dia 03 (2026-07-07 → 2026-07-10) 30337 bytes
2026-07-07 09:34:43,382 [INFO] [OK] Argentina/GFS_ENSEMBLE_Soy_PRCP_DEP/cumulative dia 04 (2026-07-07 → 2026-07-11) 34035 bytes
2026-07-07 09:34:43,733 [INFO] [OK] Argentina/GFS_ENSEMBLE_Soy_PRCP_DEP/cumulative dia 05 (2026-07-07 → 2026-07-12) 39256 bytes
2026-07-07 09:34:43,855 [INFO] [OK] Argentina/GFS_ENSEMBLE_Soy_PRCP_DEP/cumulative dia 06 (2026-07-07 → 2026-07-13) 39473 bytes
2026-07-07 09:34:44,078 [INFO] [OK] Argentina/GFS_ENSEMBLE_Soy_PRCP_DEP/cumulative dia 07 (2026-07-07 → 2026-07-14) 39632 bytes
2026-07-07 09:34:44,365 [INFO] [OK] Argentina/GFS_ENSEMBLE_Soy_PRCP_DEP/cumulative dia 09 (2026-07-07 → 2026-07-16) 42460 bytes
2026-07-07 09:34:44,374 [INFO] [OK] Argentina/GFS_ENSEMBLE_Soy_PRCP_DEP/cumulative dia 08 (2026-07-07 → 2026-07-15) 40581 bytes
2026-07-07 09:34:44,799 [INFO] [OK] Argentina/GFS_ENSEMBLE_Soy_PRCP_DEP/cumulative dia 10 (2026-07-07 → 2026-07-17) 44303 bytes
2026-07-07 09:34:45,242 [INFO] [OK] Argentina/GFS_ENSEMBLE_Soy_PRCP_DEP/cumulative dia 11 (2026-07-07 → 2026-07-18) 44360 bytes
2026-07-07 09:34:45,403 [INFO] [OK] Argentina/GFS_ENSEMBLE_Soy_PRCP/daily dia 00 (2026-07-07 → 2026-07-07) 26716 bytes
2026-07-07 09:34:45,457 [INFO] [OK] Argentina/GFS_ENSEMBLE_Soy_PRCP_DEP/cumulative dia 12 (2026-07-07 → 2026-07-19) 43670 bytes
2026-07-07 09:34:45,675 [INFO] [OK] Argentina/GFS_ENSEMBLE_Soy_PRCP_DEP/cumulative dia 13 (2026-07-07 → 2026-07-20) 43788 bytes
2026-07-07 09:34:45,998 [INFO] [OK] Argentina/GFS_ENSEMBLE_Soy_PRCP_DEP/cumulative dia 14 (2026-07-07 → 2026-07-21) 43330 bytes
2026-07-07 09:34:46,156 [INFO] [OK] Argentina/GFS_ENSEMBLE_Soy_PRCP/daily dia 01 (2026-07-08 → 2026-07-08) 26773 bytes
2026-07-07 09:34:46,387 [INFO] [OK] Argentina/GFS_ENSEMBLE_Soy_PRCP/daily dia 03 (2026-07-10 → 2026-07-10) 26538 bytes
2026-07-07 09:34:46,481 [INFO] [OK] Argentina/GFS_ENSEMBLE_Soy_PRCP/daily dia 04 (2026-07-11 → 2026-07-11) 27379 bytes
2026-07-07 09:34:47,044 [INFO] [OK] Argentina/GFS_ENSEMBLE_Soy_PRCP/daily dia 02 (2026-07-09 → 2026-07-09) 25810 bytes
2026-07-07 09:34:47,143 [INFO] [OK] Argentina/GFS_ENSEMBLE_Soy_PRCP/daily dia 05 (2026-07-12 → 2026-07-12) 27905 bytes
2026-07-07 09:34:47,469 [INFO] [OK] Argentina/GFS_ENSEMBLE_Soy_PRCP/daily dia 09 (2026-07-16 → 2026-07-16) 29013 bytes
2026-07-07 09:34:47,489 [INFO] [OK] Argentina/GFS_ENSEMBLE_Soy_PRCP/daily dia 07 (2026-07-14 → 2026-07-14) 26666 bytes
2026-07-07 09:34:47,523 [INFO] [OK] Argentina/GFS_ENSEMBLE_Soy_PRCP/daily dia 06 (2026-07-13 → 2026-07-13) 27383 bytes
2026-07-07 09:34:47,614 [INFO] [OK] Argentina/GFS_ENSEMBLE_Soy_PRCP/daily dia 08 (2026-07-15 → 2026-07-15) 27640 bytes
2026-07-07 09:34:48,034 [INFO] [OK] Argentina/GFS_ENSEMBLE_Soy_PRCP/daily dia 10 (2026-07-17 → 2026-07-17) 29314 bytes
2026-07-07 09:34:48,183 [INFO] [OK] Argentina/GFS_ENSEMBLE_Soy_PRCP/daily dia 11 (2026-07-18 → 2026-07-18) 30361 bytes
2026-07-07 09:34:48,443 [INFO] [OK] Argentina/GFS_ENSEMBLE_Soy_PRCP/daily dia 12 (2026-07-19 → 2026-07-19) 29935 bytes
2026-07-07 09:34:48,463 [INFO] [OK] Argentina/GFS_ENSEMBLE_Soy_PRCP/daily dia 14 (2026-07-21 → 2026-07-21) 28192 bytes
2026-07-07 09:34:48,585 [INFO] [OK] Argentina/GFS_ENSEMBLE_Soy_PRCP/cumulative dia 00 (2026-07-07 → 2026-07-07) 26716 bytes
2026-07-07 09:34:48,755 [INFO] [OK] Argentina/GFS_ENSEMBLE_Soy_PRCP/daily dia 13 (2026-07-20 → 2026-07-20) 29607 bytes
2026-07-07 09:34:49,263 [INFO] [OK] Argentina/GFS_ENSEMBLE_Soy_PRCP/cumulative dia 01 (2026-07-07 → 2026-07-08) 27612 bytes
2026-07-07 09:34:49,446 [INFO] [OK] Argentina/GFS_ENSEMBLE_Soy_PRCP/cumulative dia 02 (2026-07-07 → 2026-07-09) 27731 bytes
2026-07-07 09:34:49,770 [INFO] [OK] Argentina/GFS_ENSEMBLE_Soy_PRCP/cumulative dia 03 (2026-07-07 → 2026-07-10) 28503 bytes
2026-07-07 09:34:49,912 [INFO] [OK] Argentina/GFS_ENSEMBLE_Soy_PRCP/cumulative dia 04 (2026-07-07 → 2026-07-11) 29969 bytes
2026-07-07 09:34:49,977 [INFO] [OK] Argentina/GFS_ENSEMBLE_Soy_PRCP/cumulative dia 05 (2026-07-07 → 2026-07-12) 30905 bytes
2026-07-07 09:34:50,166 [INFO] [OK] Argentina/GFS_ENSEMBLE_Soy_PRCP/cumulative dia 06 (2026-07-07 → 2026-07-13) 31123 bytes
2026-07-07 09:34:50,608 [INFO] [OK] Argentina/GFS_ENSEMBLE_Soy_PRCP/cumulative dia 07 (2026-07-07 → 2026-07-14) 31368 bytes
2026-07-07 09:34:50,759 [INFO] [OK] Argentina/GFS_ENSEMBLE_Soy_PRCP/cumulative dia 08 (2026-07-07 → 2026-07-15) 32145 bytes
2026-07-07 09:34:51,256 [INFO] [OK] Argentina/GFS_ENSEMBLE_Soy_PRCP/cumulative dia 09 (2026-07-07 → 2026-07-16) 33884 bytes
2026-07-07 09:34:51,765 [INFO] [OK] Argentina/GFS_ENSEMBLE_Soy_PRCP/cumulative dia 10 (2026-07-07 → 2026-07-17) 34690 bytes
2026-07-07 09:34:52,173 [INFO] [OK] Argentina/GFS_ENSEMBLE_Soy_PRCP/cumulative dia 11 (2026-07-07 → 2026-07-18) 35722 bytes
2026-07-07 09:34:52,555 [INFO] [OK] Argentina/GFS_ENSEMBLE_Corn_Winter_PRCP_DEP/daily dia 00 (2026-07-07 → 2026-07-07) 25474 bytes
2026-07-07 09:34:52,739 [INFO] [OK] Argentina/GFS_ENSEMBLE_Soy_PRCP/cumulative dia 12 (2026-07-07 → 2026-07-19) 36751 bytes
2026-07-07 09:34:52,860 [INFO] [OK] Argentina/GFS_ENSEMBLE_Corn_Winter_PRCP_DEP/daily dia 01 (2026-07-08 → 2026-07-08) 25640 bytes
2026-07-07 09:34:52,991 [INFO] [OK] Argentina/GFS_ENSEMBLE_Soy_PRCP/cumulative dia 13 (2026-07-07 → 2026-07-20) 36758 bytes
2026-07-07 09:34:53,212 [INFO] [OK] Argentina/GFS_ENSEMBLE_Corn_Winter_PRCP_DEP/daily dia 02 (2026-07-09 → 2026-07-09) 26635 bytes
2026-07-07 09:34:53,387 [INFO] [OK] Argentina/GFS_ENSEMBLE_Soy_PRCP/cumulative dia 14 (2026-07-07 → 2026-07-21) 37306 bytes
2026-07-07 09:34:53,759 [INFO] [OK] Argentina/GFS_ENSEMBLE_Corn_Winter_PRCP_DEP/daily dia 03 (2026-07-10 → 2026-07-10) 31451 bytes
2026-07-07 09:34:53,938 [INFO] [OK] Argentina/GFS_ENSEMBLE_Corn_Winter_PRCP_DEP/daily dia 04 (2026-07-11 → 2026-07-11) 38179 bytes
2026-07-07 09:34:54,274 [INFO] [OK] Argentina/GFS_ENSEMBLE_Corn_Winter_PRCP_DEP/daily dia 06 (2026-07-13 → 2026-07-13) 35888 bytes
2026-07-07 09:34:54,806 [INFO] [OK] Argentina/GFS_ENSEMBLE_Corn_Winter_PRCP_DEP/daily dia 08 (2026-07-15 → 2026-07-15) 41217 bytes
2026-07-07 09:34:54,872 [INFO] [OK] Argentina/GFS_ENSEMBLE_Corn_Winter_PRCP_DEP/daily dia 07 (2026-07-14 → 2026-07-14) 33440 bytes
2026-07-07 09:34:55,033 [INFO] [OK] Argentina/GFS_ENSEMBLE_Corn_Winter_PRCP_DEP/daily dia 09 (2026-07-16 → 2026-07-16) 40885 bytes
2026-07-07 09:34:55,049 [INFO] [OK] Argentina/GFS_ENSEMBLE_Corn_Winter_PRCP_DEP/daily dia 05 (2026-07-12 → 2026-07-12) 35655 bytes
2026-07-07 09:34:55,351 [INFO] [OK] Argentina/GFS_ENSEMBLE_Corn_Winter_PRCP_DEP/daily dia 10 (2026-07-17 → 2026-07-17) 39451 bytes
2026-07-07 09:34:55,695 [INFO] [OK] Argentina/GFS_ENSEMBLE_Corn_Winter_PRCP_DEP/daily dia 11 (2026-07-18 → 2026-07-18) 37237 bytes
2026-07-07 09:34:55,875 [INFO] [OK] Argentina/GFS_ENSEMBLE_Corn_Winter_PRCP_DEP/daily dia 12 (2026-07-19 → 2026-07-19) 38631 bytes
2026-07-07 09:34:55,915 [INFO] [OK] Argentina/GFS_ENSEMBLE_Corn_Winter_PRCP_DEP/daily dia 13 (2026-07-20 → 2026-07-20) 39284 bytes
2026-07-07 09:34:56,028 [INFO] [OK] Argentina/GFS_ENSEMBLE_Corn_Winter_PRCP_DEP/cumulative dia 00 (2026-07-07 → 2026-07-07) 25474 bytes
2026-07-07 09:34:56,058 [INFO] [OK] Argentina/GFS_ENSEMBLE_Corn_Winter_PRCP_DEP/daily dia 14 (2026-07-21 → 2026-07-21) 40788 bytes
2026-07-07 09:34:56,316 [INFO] [OK] Argentina/GFS_ENSEMBLE_Corn_Winter_PRCP_DEP/cumulative dia 01 (2026-07-07 → 2026-07-08) 26527 bytes
2026-07-07 09:34:56,824 [INFO] [OK] Argentina/GFS_ENSEMBLE_Corn_Winter_PRCP_DEP/cumulative dia 02 (2026-07-07 → 2026-07-09) 26481 bytes
2026-07-07 09:34:57,272 [INFO] [OK] Argentina/GFS_ENSEMBLE_Corn_Winter_PRCP_DEP/cumulative dia 04 (2026-07-07 → 2026-07-11) 32281 bytes
2026-07-07 09:34:57,308 [INFO] [OK] Argentina/GFS_ENSEMBLE_Corn_Winter_PRCP_DEP/cumulative dia 03 (2026-07-07 → 2026-07-10) 28808 bytes
2026-07-07 09:34:57,706 [INFO] [OK] Argentina/GFS_ENSEMBLE_Corn_Winter_PRCP_DEP/cumulative dia 05 (2026-07-07 → 2026-07-12) 37587 bytes
2026-07-07 09:34:57,966 [INFO] [OK] Argentina/GFS_ENSEMBLE_Corn_Winter_PRCP_DEP/cumulative dia 06 (2026-07-07 → 2026-07-13) 38077 bytes
2026-07-07 09:34:58,676 [INFO] [OK] Argentina/GFS_ENSEMBLE_Corn_Winter_PRCP_DEP/cumulative dia 07 (2026-07-07 → 2026-07-14) 38186 bytes
2026-07-07 09:34:58,794 [INFO] [OK] Argentina/GFS_ENSEMBLE_Corn_Winter_PRCP_DEP/cumulative dia 08 (2026-07-07 → 2026-07-15) 39032 bytes
2026-07-07 09:34:59,127 [INFO] [OK] Argentina/GFS_ENSEMBLE_Corn_Winter_PRCP_DEP/cumulative dia 09 (2026-07-07 → 2026-07-16) 40668 bytes
2026-07-07 09:34:59,276 [INFO] [OK] Argentina/GFS_ENSEMBLE_Corn_Winter_PRCP_DEP/cumulative dia 10 (2026-07-07 → 2026-07-17) 42861 bytes
2026-07-07 09:34:59,522 [INFO] [OK] Argentina/GFS_ENSEMBLE_Corn_Winter_PRCP_DEP/cumulative dia 11 (2026-07-07 → 2026-07-18) 42923 bytes
2026-07-07 09:34:59,771 [INFO] [OK] Argentina/GFS_ENSEMBLE_Corn_Winter_PRCP_DEP/cumulative dia 12 (2026-07-07 → 2026-07-19) 42240 bytes
2026-07-07 09:35:00,299 [INFO] [OK] Argentina/GFS_ENSEMBLE_Corn_Winter_PRCP/daily dia 01 (2026-07-08 → 2026-07-08) 24868 bytes
2026-07-07 09:35:00,352 [INFO] [OK] Argentina/GFS_ENSEMBLE_Corn_Winter_PRCP/daily dia 00 (2026-07-07 → 2026-07-07) 24795 bytes
2026-07-07 09:35:00,654 [INFO] [OK] Argentina/GFS_ENSEMBLE_Corn_Winter_PRCP/daily dia 02 (2026-07-09 → 2026-07-09) 23919 bytes
2026-07-07 09:35:00,714 [INFO] [OK] Argentina/GFS_ENSEMBLE_Corn_Winter_PRCP_DEP/cumulative dia 13 (2026-07-07 → 2026-07-20) 42191 bytes
2026-07-07 09:35:00,722 [INFO] [OK] Argentina/GFS_ENSEMBLE_Corn_Winter_PRCP_DEP/cumulative dia 14 (2026-07-07 → 2026-07-21) 41852 bytes
2026-07-07 09:35:00,884 [INFO] [OK] Argentina/GFS_ENSEMBLE_Corn_Winter_PRCP/daily dia 03 (2026-07-10 → 2026-07-10) 24712 bytes
2026-07-07 09:35:01,510 [INFO] [OK] Argentina/GFS_ENSEMBLE_Corn_Winter_PRCP/daily dia 04 (2026-07-11 → 2026-07-11) 25523 bytes
2026-07-07 09:35:01,538 [INFO] [OK] Argentina/GFS_ENSEMBLE_Corn_Winter_PRCP/daily dia 05 (2026-07-12 → 2026-07-12) 26032 bytes
2026-07-07 09:35:01,716 [INFO] [OK] Argentina/GFS_ENSEMBLE_Corn_Winter_PRCP/daily dia 07 (2026-07-14 → 2026-07-14) 24706 bytes
2026-07-07 09:35:01,747 [INFO] [OK] Argentina/GFS_ENSEMBLE_Corn_Winter_PRCP/daily dia 06 (2026-07-13 → 2026-07-13) 25487 bytes
2026-07-07 09:35:01,866 [INFO] [OK] Argentina/GFS_ENSEMBLE_Corn_Winter_PRCP/daily dia 09 (2026-07-16 → 2026-07-16) 27112 bytes
2026-07-07 09:35:02,185 [INFO] [OK] Argentina/GFS_ENSEMBLE_Corn_Winter_PRCP/daily dia 08 (2026-07-15 → 2026-07-15) 25691 bytes
2026-07-07 09:35:02,465 [INFO] [OK] Argentina/GFS_ENSEMBLE_Corn_Winter_PRCP/daily dia 10 (2026-07-17 → 2026-07-17) 27476 bytes
2026-07-07 09:35:02,571 [INFO] [OK] Argentina/GFS_ENSEMBLE_Corn_Winter_PRCP/daily dia 11 (2026-07-18 → 2026-07-18) 28740 bytes
2026-07-07 09:35:02,805 [INFO] [OK] Argentina/GFS_ENSEMBLE_Corn_Winter_PRCP/daily dia 14 (2026-07-21 → 2026-07-21) 26519 bytes
2026-07-07 09:35:02,903 [INFO] [OK] Argentina/GFS_ENSEMBLE_Corn_Winter_PRCP/daily dia 12 (2026-07-19 → 2026-07-19) 28139 bytes
2026-07-07 09:35:02,936 [INFO] [OK] Argentina/GFS_ENSEMBLE_Corn_Winter_PRCP/daily dia 13 (2026-07-20 → 2026-07-20) 27721 bytes
2026-07-07 09:35:03,264 [INFO] [OK] Argentina/GFS_ENSEMBLE_Corn_Winter_PRCP/cumulative dia 00 (2026-07-07 → 2026-07-07) 24795 bytes
2026-07-07 09:35:03,945 [INFO] [OK] Argentina/GFS_ENSEMBLE_Corn_Winter_PRCP/cumulative dia 01 (2026-07-07 → 2026-07-08) 25710 bytes
2026-07-07 09:35:04,569 [INFO] [OK] Argentina/GFS_ENSEMBLE_Corn_Winter_PRCP/cumulative dia 03 (2026-07-07 → 2026-07-10) 26635 bytes
2026-07-07 09:35:04,576 [INFO] [OK] Argentina/GFS_ENSEMBLE_Corn_Winter_PRCP/cumulative dia 02 (2026-07-07 → 2026-07-09) 25862 bytes
2026-07-07 09:35:04,582 [INFO] [OK] Argentina/GFS_ENSEMBLE_Corn_Winter_PRCP/cumulative dia 04 (2026-07-07 → 2026-07-11) 28213 bytes
2026-07-07 09:35:04,585 [INFO] [OK] Argentina/GFS_ENSEMBLE_Corn_Winter_PRCP/cumulative dia 05 (2026-07-07 → 2026-07-12) 29060 bytes
2026-07-07 09:35:04,623 [INFO] [OK] Argentina/GFS_ENSEMBLE_Corn_Winter_PRCP/cumulative dia 06 (2026-07-07 → 2026-07-13) 29492 bytes
2026-07-07 09:35:05,176 [INFO] [OK] Argentina/GFS_ENSEMBLE_Corn_Winter_PRCP/cumulative dia 07 (2026-07-07 → 2026-07-14) 29699 bytes
2026-07-07 09:35:05,966 [INFO] [OK] Argentina/GFS_ENSEMBLE_Corn_Winter_PRCP/cumulative dia 08 (2026-07-07 → 2026-07-15) 30573 bytes
2026-07-07 09:35:06,166 [INFO] [OK] Argentina/GFS_ENSEMBLE_Corn_Winter_PRCP/cumulative dia 09 (2026-07-07 → 2026-07-16) 32118 bytes
2026-07-07 09:35:06,496 [INFO] [OK] Argentina/GFS_ENSEMBLE_Corn_Winter_PRCP/cumulative dia 11 (2026-07-07 → 2026-07-18) 34054 bytes
2026-07-07 09:35:06,508 [INFO] [OK] Argentina/GFS_ENSEMBLE_Corn_Winter_PRCP/cumulative dia 10 (2026-07-07 → 2026-07-17) 32910 bytes
2026-07-07 09:35:06,672 [INFO] [OK] Argentina/GFS_ENSEMBLE_Corn_Winter_PRCP/cumulative dia 12 (2026-07-07 → 2026-07-19) 35156 bytes
2026-07-07 09:35:07,439 [INFO] [OK] Argentina/GFS_ENSEMBLE_Corn_Winter_PRCP/cumulative dia 13 (2026-07-07 → 2026-07-20) 35272 bytes
2026-07-07 09:35:07,617 [INFO] [OK] Argentina/ECM_ENSEMBLE_Soy_PRCP_DEP/daily dia 00 (2026-07-07 → 2026-07-07) 29702 bytes
2026-07-07 09:35:07,645 [INFO] [OK] Argentina/ECM_ENSEMBLE_Soy_PRCP_DEP/daily dia 02 (2026-07-09 → 2026-07-09) 34543 bytes
2026-07-07 09:35:07,817 [INFO] [OK] Argentina/ECM_ENSEMBLE_Soy_PRCP_DEP/daily dia 01 (2026-07-08 → 2026-07-08) 29387 bytes
2026-07-07 09:35:07,977 [INFO] [OK] Argentina/ECM_ENSEMBLE_Soy_PRCP_DEP/daily dia 03 (2026-07-10 → 2026-07-10) 38468 bytes
2026-07-07 09:35:08,048 [INFO] [OK] Argentina/GFS_ENSEMBLE_Corn_Winter_PRCP/cumulative dia 14 (2026-07-07 → 2026-07-21) 35783 bytes
2026-07-07 09:35:08,524 [INFO] [OK] Argentina/ECM_ENSEMBLE_Soy_PRCP_DEP/daily dia 04 (2026-07-11 → 2026-07-11) 40150 bytes
2026-07-07 09:35:08,633 [INFO] [OK] Argentina/ECM_ENSEMBLE_Soy_PRCP_DEP/daily dia 06 (2026-07-13 → 2026-07-13) 38975 bytes
2026-07-07 09:35:08,687 [INFO] [OK] Argentina/ECM_ENSEMBLE_Soy_PRCP_DEP/daily dia 05 (2026-07-12 → 2026-07-12) 39286 bytes
2026-07-07 09:35:08,930 [INFO] [OK] Argentina/ECM_ENSEMBLE_Soy_PRCP_DEP/daily dia 07 (2026-07-14 → 2026-07-14) 44248 bytes
2026-07-07 09:35:09,013 [INFO] [OK] Argentina/ECM_ENSEMBLE_Soy_PRCP_DEP/daily dia 08 (2026-07-15 → 2026-07-15) 43682 bytes
2026-07-07 09:35:09,286 [INFO] [OK] Argentina/ECM_ENSEMBLE_Soy_PRCP_DEP/daily dia 09 (2026-07-16 → 2026-07-16) 42350 bytes
2026-07-07 09:35:10,060 [INFO] [OK] Argentina/ECM_ENSEMBLE_Soy_PRCP_DEP/daily dia 11 (2026-07-18 → 2026-07-18) 37750 bytes
2026-07-07 09:35:10,149 [INFO] [OK] Argentina/ECM_ENSEMBLE_Soy_PRCP_DEP/daily dia 13 (2026-07-20 → 2026-07-20) 37465 bytes
2026-07-07 09:35:10,291 [INFO] [OK] Argentina/ECM_ENSEMBLE_Soy_PRCP_DEP/daily dia 14 (2026-07-21 → 2026-07-21) 39656 bytes
2026-07-07 09:35:10,404 [INFO] [OK] Argentina/ECM_ENSEMBLE_Soy_PRCP_DEP/cumulative dia 00 (2026-07-07 → 2026-07-07) 29702 bytes
2026-07-07 09:35:10,407 [INFO] [OK] Argentina/ECM_ENSEMBLE_Soy_PRCP_DEP/daily dia 12 (2026-07-19 → 2026-07-19) 36860 bytes
2026-07-07 09:35:10,418 [INFO] [OK] Argentina/ECM_ENSEMBLE_Soy_PRCP_DEP/daily dia 10 (2026-07-17 → 2026-07-17) 38852 bytes
2026-07-07 09:35:11,071 [INFO] [OK] Argentina/ECM_ENSEMBLE_Soy_PRCP_DEP/cumulative dia 01 (2026-07-07 → 2026-07-08) 30555 bytes
2026-07-07 09:35:11,500 [INFO] [OK] Argentina/ECM_ENSEMBLE_Soy_PRCP_DEP/cumulative dia 03 (2026-07-07 → 2026-07-10) 37052 bytes
2026-07-07 09:35:11,583 [INFO] [OK] Argentina/ECM_ENSEMBLE_Soy_PRCP_DEP/cumulative dia 02 (2026-07-07 → 2026-07-09) 33735 bytes
2026-07-07 09:35:11,698 [INFO] [OK] Argentina/ECM_ENSEMBLE_Soy_PRCP_DEP/cumulative dia 05 (2026-07-07 → 2026-07-12) 43211 bytes
2026-07-07 09:35:11,701 [INFO] [OK] Argentina/ECM_ENSEMBLE_Soy_PRCP_DEP/cumulative dia 04 (2026-07-07 → 2026-07-11) 40889 bytes
2026-07-07 09:35:11,766 [INFO] [OK] Argentina/ECM_ENSEMBLE_Soy_PRCP_DEP/cumulative dia 06 (2026-07-07 → 2026-07-13) 41828 bytes
2026-07-07 09:35:12,988 [INFO] [OK] Argentina/ECM_ENSEMBLE_Soy_PRCP_DEP/cumulative dia 07 (2026-07-07 → 2026-07-14) 42390 bytes
2026-07-07 09:35:13,571 [INFO] [OK] Argentina/ECM_ENSEMBLE_Soy_PRCP_DEP/cumulative dia 08 (2026-07-07 → 2026-07-15) 43208 bytes
2026-07-07 09:35:14,099 [INFO] [OK] Argentina/ECM_ENSEMBLE_Soy_PRCP_DEP/cumulative dia 11 (2026-07-07 → 2026-07-18) 42431 bytes
2026-07-07 09:35:14,267 [INFO] [OK] Argentina/ECM_ENSEMBLE_Soy_PRCP_DEP/cumulative dia 12 (2026-07-07 → 2026-07-19) 40958 bytes
2026-07-07 09:35:14,298 [INFO] [OK] Argentina/ECM_ENSEMBLE_Soy_PRCP_DEP/cumulative dia 09 (2026-07-07 → 2026-07-16) 43504 bytes
2026-07-07 09:35:14,446 [INFO] [OK] Argentina/ECM_ENSEMBLE_Soy_PRCP_DEP/cumulative dia 10 (2026-07-07 → 2026-07-17) 42921 bytes
2026-07-07 09:35:15,501 [INFO] [OK] Argentina/ECM_ENSEMBLE_Soy_PRCP/daily dia 00 (2026-07-07 → 2026-07-07) 27100 bytes
2026-07-07 09:35:15,619 [INFO] [OK] Argentina/ECM_ENSEMBLE_Soy_PRCP/daily dia 02 (2026-07-09 → 2026-07-09) 26090 bytes
2026-07-07 09:35:15,633 [INFO] [OK] Argentina/ECM_ENSEMBLE_Soy_PRCP/daily dia 01 (2026-07-08 → 2026-07-08) 27102 bytes
2026-07-07 09:35:15,684 [INFO] [OK] Argentina/ECM_ENSEMBLE_Soy_PRCP/daily dia 03 (2026-07-10 → 2026-07-10) 28568 bytes
2026-07-07 09:35:15,801 [INFO] [OK] Argentina/ECM_ENSEMBLE_Soy_PRCP_DEP/cumulative dia 13 (2026-07-07 → 2026-07-20) 40185 bytes
2026-07-07 09:35:16,034 [INFO] [OK] Argentina/ECM_ENSEMBLE_Soy_PRCP_DEP/cumulative dia 14 (2026-07-07 → 2026-07-21) 40262 bytes
2026-07-07 09:35:16,545 [INFO] [OK] Argentina/ECM_ENSEMBLE_Soy_PRCP/daily dia 04 (2026-07-11 → 2026-07-11) 28955 bytes
2026-07-07 09:35:16,728 [INFO] [OK] Argentina/ECM_ENSEMBLE_Soy_PRCP/daily dia 06 (2026-07-13 → 2026-07-13) 27497 bytes
2026-07-07 09:35:16,825 [INFO] [OK] Argentina/ECM_ENSEMBLE_Soy_PRCP/daily dia 07 (2026-07-14 → 2026-07-14) 27366 bytes
2026-07-07 09:35:16,850 [INFO] [OK] Argentina/ECM_ENSEMBLE_Soy_PRCP/daily dia 08 (2026-07-15 → 2026-07-15) 28383 bytes
2026-07-07 09:35:16,969 [INFO] [OK] Argentina/ECM_ENSEMBLE_Soy_PRCP/daily dia 09 (2026-07-16 → 2026-07-16) 29754 bytes
2026-07-07 09:35:17,067 [INFO] [OK] Argentina/ECM_ENSEMBLE_Soy_PRCP/daily dia 05 (2026-07-12 → 2026-07-12) 28313 bytes
2026-07-07 09:35:17,656 [INFO] [OK] Argentina/ECM_ENSEMBLE_Soy_PRCP/daily dia 10 (2026-07-17 → 2026-07-17) 30242 bytes
2026-07-07 09:35:18,047 [INFO] [OK] Argentina/ECM_ENSEMBLE_Soy_PRCP/daily dia 13 (2026-07-20 → 2026-07-20) 30288 bytes
2026-07-07 09:35:18,209 [INFO] [OK] Argentina/ECM_ENSEMBLE_Soy_PRCP/daily dia 14 (2026-07-21 → 2026-07-21) 28337 bytes
2026-07-07 09:35:18,438 [INFO] [OK] Argentina/ECM_ENSEMBLE_Soy_PRCP/daily dia 11 (2026-07-18 → 2026-07-18) 30742 bytes
2026-07-07 09:35:18,546 [INFO] [OK] Argentina/ECM_ENSEMBLE_Soy_PRCP/daily dia 12 (2026-07-19 → 2026-07-19) 30757 bytes
2026-07-07 09:35:18,689 [INFO] [OK] Argentina/ECM_ENSEMBLE_Soy_PRCP/cumulative dia 00 (2026-07-07 → 2026-07-07) 27100 bytes
2026-07-07 09:35:18,788 [INFO] [OK] Argentina/ECM_ENSEMBLE_Soy_PRCP/cumulative dia 01 (2026-07-07 → 2026-07-08) 28165 bytes
2026-07-07 09:35:19,039 [INFO] [OK] Argentina/ECM_ENSEMBLE_Soy_PRCP/cumulative dia 02 (2026-07-07 → 2026-07-09) 28729 bytes
2026-07-07 09:35:19,329 [INFO] [OK] Argentina/ECM_ENSEMBLE_Soy_PRCP/cumulative dia 03 (2026-07-07 → 2026-07-10) 30639 bytes
2026-07-07 09:35:19,608 [INFO] [OK] Argentina/ECM_ENSEMBLE_Soy_PRCP/cumulative dia 04 (2026-07-07 → 2026-07-11) 32833 bytes
2026-07-07 09:35:19,771 [INFO] [OK] Argentina/ECM_ENSEMBLE_Soy_PRCP/cumulative dia 05 (2026-07-07 → 2026-07-12) 33850 bytes
2026-07-07 09:35:20,104 [INFO] [OK] Argentina/ECM_ENSEMBLE_Soy_PRCP/cumulative dia 06 (2026-07-07 → 2026-07-13) 33978 bytes
2026-07-07 09:35:20,282 [INFO] [OK] Argentina/ECM_ENSEMBLE_Soy_PRCP/cumulative dia 07 (2026-07-07 → 2026-07-14) 34680 bytes
2026-07-07 09:35:20,541 [INFO] [OK] Argentina/ECM_ENSEMBLE_Soy_PRCP/cumulative dia 08 (2026-07-07 → 2026-07-15) 35401 bytes
2026-07-07 09:35:20,899 [INFO] [OK] Argentina/ECM_ENSEMBLE_Soy_PRCP/cumulative dia 09 (2026-07-07 → 2026-07-16) 36126 bytes
2026-07-07 09:35:21,450 [INFO] [OK] Argentina/ECM_ENSEMBLE_Soy_PRCP/cumulative dia 10 (2026-07-07 → 2026-07-17) 37271 bytes
2026-07-07 09:35:21,888 [INFO] [OK] Argentina/ECM_ENSEMBLE_Corn_Winter_PRCP_DEP/daily dia 00 (2026-07-07 → 2026-07-07) 28009 bytes
2026-07-07 09:35:22,141 [INFO] [OK] Argentina/ECM_ENSEMBLE_Soy_PRCP/cumulative dia 11 (2026-07-07 → 2026-07-18) 37380 bytes
2026-07-07 09:35:22,208 [INFO] [OK] Argentina/ECM_ENSEMBLE_Soy_PRCP/cumulative dia 12 (2026-07-07 → 2026-07-19) 37846 bytes
2026-07-07 09:35:22,284 [INFO] [OK] Argentina/ECM_ENSEMBLE_Soy_PRCP/cumulative dia 13 (2026-07-07 → 2026-07-20) 38211 bytes
2026-07-07 09:35:22,299 [INFO] [OK] Argentina/ECM_ENSEMBLE_Soy_PRCP/cumulative dia 14 (2026-07-07 → 2026-07-21) 38766 bytes
2026-07-07 09:35:22,609 [INFO] [OK] Argentina/ECM_ENSEMBLE_Corn_Winter_PRCP_DEP/daily dia 01 (2026-07-08 → 2026-07-08) 27741 bytes
2026-07-07 09:35:23,010 [INFO] [OK] Argentina/ECM_ENSEMBLE_Corn_Winter_PRCP_DEP/daily dia 02 (2026-07-09 → 2026-07-09) 32580 bytes
2026-07-07 09:35:23,438 [INFO] [OK] Argentina/ECM_ENSEMBLE_Corn_Winter_PRCP_DEP/daily dia 03 (2026-07-10 → 2026-07-10) 36699 bytes
2026-07-07 09:35:23,475 [INFO] [OK] Argentina/ECM_ENSEMBLE_Corn_Winter_PRCP_DEP/daily dia 05 (2026-07-12 → 2026-07-12) 37728 bytes
2026-07-07 09:35:23,545 [INFO] [OK] Argentina/ECM_ENSEMBLE_Corn_Winter_PRCP_DEP/daily dia 04 (2026-07-11 → 2026-07-11) 38325 bytes
2026-07-07 09:35:23,719 [INFO] [OK] Argentina/ECM_ENSEMBLE_Corn_Winter_PRCP_DEP/daily dia 06 (2026-07-13 → 2026-07-13) 37658 bytes
2026-07-07 09:35:23,739 [INFO] [OK] Argentina/ECM_ENSEMBLE_Corn_Winter_PRCP_DEP/daily dia 07 (2026-07-14 → 2026-07-14) 42742 bytes
2026-07-07 09:35:24,100 [INFO] [OK] Argentina/ECM_ENSEMBLE_Corn_Winter_PRCP_DEP/daily dia 08 (2026-07-15 → 2026-07-15) 41923 bytes
2026-07-07 09:35:24,498 [INFO] [OK] Argentina/ECM_ENSEMBLE_Corn_Winter_PRCP_DEP/daily dia 09 (2026-07-16 → 2026-07-16) 40758 bytes
2026-07-07 09:35:24,545 [INFO] [OK] Argentina/ECM_ENSEMBLE_Corn_Winter_PRCP_DEP/daily dia 10 (2026-07-17 → 2026-07-17) 37423 bytes
2026-07-07 09:35:24,854 [INFO] [OK] Argentina/ECM_ENSEMBLE_Corn_Winter_PRCP_DEP/daily dia 11 (2026-07-18 → 2026-07-18) 36090 bytes
2026-07-07 09:35:25,030 [INFO] [OK] Argentina/ECM_ENSEMBLE_Corn_Winter_PRCP_DEP/daily dia 13 (2026-07-20 → 2026-07-20) 35955 bytes
2026-07-07 09:35:25,096 [INFO] [OK] Argentina/ECM_ENSEMBLE_Corn_Winter_PRCP_DEP/daily dia 12 (2026-07-19 → 2026-07-19) 35442 bytes
2026-07-07 09:35:25,193 [INFO] [OK] Argentina/ECM_ENSEMBLE_Corn_Winter_PRCP_DEP/daily dia 14 (2026-07-21 → 2026-07-21) 37830 bytes
2026-07-07 09:35:26,445 [INFO] [OK] Argentina/ECM_ENSEMBLE_Corn_Winter_PRCP_DEP/cumulative dia 01 (2026-07-07 → 2026-07-08) 28906 bytes
2026-07-07 09:35:26,451 [INFO] [OK] Argentina/ECM_ENSEMBLE_Corn_Winter_PRCP_DEP/cumulative dia 02 (2026-07-07 → 2026-07-09) 31956 bytes
2026-07-07 09:35:26,451 [INFO] [OK] Argentina/ECM_ENSEMBLE_Corn_Winter_PRCP_DEP/cumulative dia 04 (2026-07-07 → 2026-07-11) 38977 bytes
2026-07-07 09:35:26,452 [INFO] [OK] Argentina/ECM_ENSEMBLE_Corn_Winter_PRCP_DEP/cumulative dia 03 (2026-07-07 → 2026-07-10) 35207 bytes
2026-07-07 09:35:26,454 [INFO] [OK] Argentina/ECM_ENSEMBLE_Corn_Winter_PRCP_DEP/cumulative dia 00 (2026-07-07 → 2026-07-07) 28009 bytes
2026-07-07 09:35:26,526 [INFO] [OK] Argentina/ECM_ENSEMBLE_Corn_Winter_PRCP_DEP/cumulative dia 05 (2026-07-07 → 2026-07-12) 41465 bytes
2026-07-07 09:35:28,329 [INFO] [OK] Argentina/ECM_ENSEMBLE_Corn_Winter_PRCP_DEP/cumulative dia 07 (2026-07-07 → 2026-07-14) 40682 bytes
2026-07-07 09:35:28,391 [INFO] [OK] Argentina/ECM_ENSEMBLE_Corn_Winter_PRCP_DEP/cumulative dia 06 (2026-07-07 → 2026-07-13) 40279 bytes
2026-07-07 09:35:28,520 [INFO] [OK] Argentina/ECM_ENSEMBLE_Corn_Winter_PRCP_DEP/cumulative dia 08 (2026-07-07 → 2026-07-15) 41439 bytes
2026-07-07 09:35:28,627 [INFO] [OK] Argentina/ECM_ENSEMBLE_Corn_Winter_PRCP_DEP/cumulative dia 10 (2026-07-07 → 2026-07-17) 41226 bytes
2026-07-07 09:35:28,695 [INFO] [OK] Argentina/ECM_ENSEMBLE_Corn_Winter_PRCP_DEP/cumulative dia 09 (2026-07-07 → 2026-07-16) 41855 bytes
2026-07-07 09:35:28,697 [INFO] [OK] Argentina/ECM_ENSEMBLE_Corn_Winter_PRCP_DEP/cumulative dia 11 (2026-07-07 → 2026-07-18) 40874 bytes
2026-07-07 09:35:29,706 [INFO] [OK] Argentina/ECM_ENSEMBLE_Corn_Winter_PRCP/daily dia 00 (2026-07-07 → 2026-07-07) 25248 bytes
2026-07-07 09:35:29,859 [INFO] [OK] Argentina/ECM_ENSEMBLE_Corn_Winter_PRCP/daily dia 02 (2026-07-09 → 2026-07-09) 24264 bytes
2026-07-07 09:35:29,903 [INFO] [OK] Argentina/ECM_ENSEMBLE_Corn_Winter_PRCP/daily dia 01 (2026-07-08 → 2026-07-08) 25298 bytes
2026-07-07 09:35:30,187 [INFO] [OK] Argentina/ECM_ENSEMBLE_Corn_Winter_PRCP_DEP/cumulative dia 12 (2026-07-07 → 2026-07-19) 39572 bytes
2026-07-07 09:35:30,245 [INFO] [OK] Argentina/ECM_ENSEMBLE_Corn_Winter_PRCP_DEP/cumulative dia 13 (2026-07-07 → 2026-07-20) 38887 bytes
2026-07-07 09:35:30,611 [INFO] [OK] Argentina/ECM_ENSEMBLE_Corn_Winter_PRCP_DEP/cumulative dia 14 (2026-07-07 → 2026-07-21) 38713 bytes
2026-07-07 09:35:30,791 [INFO] [OK] Argentina/ECM_ENSEMBLE_Corn_Winter_PRCP/daily dia 03 (2026-07-10 → 2026-07-10) 26765 bytes
2026-07-07 09:35:30,951 [INFO] [OK] Argentina/ECM_ENSEMBLE_Corn_Winter_PRCP/daily dia 04 (2026-07-11 → 2026-07-11) 27200 bytes
2026-07-07 09:35:30,975 [INFO] [OK] Argentina/ECM_ENSEMBLE_Corn_Winter_PRCP/daily dia 05 (2026-07-12 → 2026-07-12) 26651 bytes
2026-07-07 09:35:31,187 [INFO] [OK] Argentina/ECM_ENSEMBLE_Corn_Winter_PRCP/daily dia 07 (2026-07-14 → 2026-07-14) 25770 bytes
2026-07-07 09:35:31,303 [INFO] [OK] Argentina/ECM_ENSEMBLE_Corn_Winter_PRCP/daily dia 06 (2026-07-13 → 2026-07-13) 25785 bytes
2026-07-07 09:35:31,554 [INFO] [OK] Argentina/ECM_ENSEMBLE_Corn_Winter_PRCP/daily dia 08 (2026-07-15 → 2026-07-15) 26681 bytes
2026-07-07 09:35:31,930 [INFO] [OK] Argentina/ECM_ENSEMBLE_Corn_Winter_PRCP/daily dia 09 (2026-07-16 → 2026-07-16) 27874 bytes
2026-07-07 09:35:31,963 [INFO] [OK] Argentina/ECM_ENSEMBLE_Corn_Winter_PRCP/daily dia 10 (2026-07-17 → 2026-07-17) 28501 bytes
2026-07-07 09:35:32,019 [INFO] [OK] Argentina/ECM_ENSEMBLE_Corn_Winter_PRCP/daily dia 11 (2026-07-18 → 2026-07-18) 29123 bytes
2026-07-07 09:35:32,176 [INFO] [OK] Argentina/ECM_ENSEMBLE_Corn_Winter_PRCP/daily dia 12 (2026-07-19 → 2026-07-19) 29032 bytes
2026-07-07 09:35:32,295 [INFO] [OK] Argentina/ECM_ENSEMBLE_Corn_Winter_PRCP/daily dia 13 (2026-07-20 → 2026-07-20) 28628 bytes
2026-07-07 09:35:32,703 [INFO] [OK] Argentina/ECM_ENSEMBLE_Corn_Winter_PRCP/daily dia 14 (2026-07-21 → 2026-07-21) 26636 bytes
2026-07-07 09:35:33,499 [INFO] [OK] Argentina/ECM_ENSEMBLE_Corn_Winter_PRCP/cumulative dia 01 (2026-07-07 → 2026-07-08) 26434 bytes
2026-07-07 09:35:33,503 [INFO] [OK] Argentina/ECM_ENSEMBLE_Corn_Winter_PRCP/cumulative dia 00 (2026-07-07 → 2026-07-07) 25248 bytes
2026-07-07 09:35:33,524 [INFO] [OK] Argentina/ECM_ENSEMBLE_Corn_Winter_PRCP/cumulative dia 02 (2026-07-07 → 2026-07-09) 27049 bytes
2026-07-07 09:35:33,592 [INFO] [OK] Argentina/ECM_ENSEMBLE_Corn_Winter_PRCP/cumulative dia 03 (2026-07-07 → 2026-07-10) 28935 bytes
2026-07-07 09:35:33,954 [INFO] [OK] Argentina/ECM_ENSEMBLE_Corn_Winter_PRCP/cumulative dia 05 (2026-07-07 → 2026-07-12) 32078 bytes
2026-07-07 09:35:33,990 [INFO] [OK] Argentina/ECM_ENSEMBLE_Corn_Winter_PRCP/cumulative dia 04 (2026-07-07 → 2026-07-11) 31233 bytes
2026-07-07 09:35:34,944 [INFO] [OK] Argentina/ECM_ENSEMBLE_Corn_Winter_PRCP/cumulative dia 06 (2026-07-07 → 2026-07-13) 32251 bytes
2026-07-07 09:35:35,063 [INFO] [OK] Argentina/ECM_ENSEMBLE_Corn_Winter_PRCP/cumulative dia 08 (2026-07-07 → 2026-07-15) 33888 bytes
2026-07-07 09:35:35,187 [INFO] [OK] Argentina/ECM_ENSEMBLE_Corn_Winter_PRCP/cumulative dia 09 (2026-07-07 → 2026-07-16) 34761 bytes
2026-07-07 09:35:35,248 [INFO] [OK] Argentina/ECM_ENSEMBLE_Corn_Winter_PRCP/cumulative dia 07 (2026-07-07 → 2026-07-14) 33152 bytes
2026-07-07 09:35:35,937 [INFO] [OK] Argentina/ECM_ENSEMBLE_Corn_Winter_PRCP/cumulative dia 10 (2026-07-07 → 2026-07-17) 35663 bytes
2026-07-07 09:35:36,033 [INFO] [OK] Argentina/ECM_ENSEMBLE_Corn_Winter_PRCP/cumulative dia 11 (2026-07-07 → 2026-07-18) 35872 bytes
2026-07-07 09:35:36,970 [INFO] [OK] Argentina/ECM_ENSEMBLE_Corn_Winter_PRCP/cumulative dia 12 (2026-07-07 → 2026-07-19) 36392 bytes
2026-07-07 09:35:37,115 [INFO] [OK] Argentina/ECM_ENSEMBLE_Corn_Winter_PRCP/cumulative dia 13 (2026-07-07 → 2026-07-20) 36943 bytes
2026-07-07 09:35:37,137 [INFO] [OK] USA/GFS_ENSEMBLE_Corn_PRCP_DEP/daily dia 00 (2026-07-07 → 2026-07-07) 56893 bytes
2026-07-07 09:35:37,142 [INFO] [OK] Argentina/ECM_ENSEMBLE_Corn_Winter_PRCP/cumulative dia 14 (2026-07-07 → 2026-07-21) 37530 bytes
2026-07-07 09:35:37,641 [INFO] [OK] USA/GFS_ENSEMBLE_Corn_PRCP_DEP/daily dia 01 (2026-07-08 → 2026-07-08) 54989 bytes
2026-07-07 09:35:37,845 [INFO] [OK] USA/GFS_ENSEMBLE_Corn_PRCP_DEP/daily dia 02 (2026-07-09 → 2026-07-09) 52468 bytes
2026-07-07 09:35:39,120 [INFO] [OK] USA/GFS_ENSEMBLE_Corn_PRCP_DEP/daily dia 05 (2026-07-12 → 2026-07-12) 53195 bytes
2026-07-07 09:35:39,497 [INFO] [OK] USA/GFS_ENSEMBLE_Corn_PRCP_DEP/daily dia 03 (2026-07-10 → 2026-07-10) 51909 bytes
2026-07-07 09:35:39,592 [INFO] [OK] USA/GFS_ENSEMBLE_Corn_PRCP_DEP/daily dia 04 (2026-07-11 → 2026-07-11) 52735 bytes
2026-07-07 09:35:39,594 [INFO] [OK] USA/GFS_ENSEMBLE_Corn_PRCP_DEP/daily dia 06 (2026-07-13 → 2026-07-13) 57271 bytes
2026-07-07 09:35:39,647 [INFO] [OK] USA/GFS_ENSEMBLE_Corn_PRCP_DEP/daily dia 08 (2026-07-15 → 2026-07-15) 59701 bytes
2026-07-07 09:35:39,717 [INFO] [OK] USA/GFS_ENSEMBLE_Corn_PRCP_DEP/daily dia 07 (2026-07-14 → 2026-07-14) 59520 bytes
2026-07-07 09:35:41,605 [INFO] [OK] USA/GFS_ENSEMBLE_Corn_PRCP_DEP/daily dia 12 (2026-07-19 → 2026-07-19) 62052 bytes
2026-07-07 09:35:41,661 [INFO] [OK] USA/GFS_ENSEMBLE_Corn_PRCP_DEP/daily dia 09 (2026-07-16 → 2026-07-16) 60453 bytes
2026-07-07 09:35:41,715 [INFO] [OK] USA/GFS_ENSEMBLE_Corn_PRCP_DEP/daily dia 10 (2026-07-17 → 2026-07-17) 62296 bytes
2026-07-07 09:35:41,796 [INFO] [OK] USA/GFS_ENSEMBLE_Corn_PRCP_DEP/daily dia 14 (2026-07-21 → 2026-07-21) 62666 bytes
2026-07-07 09:35:42,108 [INFO] [OK] USA/GFS_ENSEMBLE_Corn_PRCP_DEP/daily dia 13 (2026-07-20 → 2026-07-20) 61976 bytes
2026-07-07 09:35:42,360 [INFO] [OK] USA/GFS_ENSEMBLE_Corn_PRCP_DEP/daily dia 11 (2026-07-18 → 2026-07-18) 63012 bytes
2026-07-07 09:35:43,539 [INFO] [OK] USA/GFS_ENSEMBLE_Corn_PRCP_DEP/cumulative dia 01 (2026-07-07 → 2026-07-08) 57740 bytes
2026-07-07 09:35:44,049 [INFO] [OK] USA/GFS_ENSEMBLE_Corn_PRCP_DEP/cumulative dia 02 (2026-07-07 → 2026-07-09) 58862 bytes
2026-07-07 09:35:44,258 [INFO] [OK] USA/GFS_ENSEMBLE_Corn_PRCP_DEP/cumulative dia 03 (2026-07-07 → 2026-07-10) 57835 bytes
2026-07-07 09:35:44,747 [INFO] [OK] USA/GFS_ENSEMBLE_Corn_PRCP_DEP/cumulative dia 00 (2026-07-07 → 2026-07-07) 56893 bytes
2026-07-07 09:35:44,812 [INFO] [OK] USA/GFS_ENSEMBLE_Corn_PRCP_DEP/cumulative dia 04 (2026-07-07 → 2026-07-11) 58064 bytes
2026-07-07 09:35:45,285 [INFO] [OK] USA/GFS_ENSEMBLE_Corn_PRCP_DEP/cumulative dia 05 (2026-07-07 → 2026-07-12) 58592 bytes
2026-07-07 09:35:45,877 [INFO] [OK] USA/GFS_ENSEMBLE_Corn_PRCP_DEP/cumulative dia 06 (2026-07-07 → 2026-07-13) 60416 bytes
2026-07-07 09:35:46,346 [INFO] [OK] USA/GFS_ENSEMBLE_Corn_PRCP_DEP/cumulative dia 07 (2026-07-07 → 2026-07-14) 60377 bytes
2026-07-07 09:35:46,978 [INFO] [OK] USA/GFS_ENSEMBLE_Corn_PRCP_DEP/cumulative dia 08 (2026-07-07 → 2026-07-15) 60992 bytes
2026-07-07 09:35:48,230 [INFO] [OK] USA/GFS_ENSEMBLE_Corn_PRCP_DEP/cumulative dia 10 (2026-07-07 → 2026-07-17) 61698 bytes
2026-07-07 09:35:48,340 [INFO] [OK] USA/GFS_ENSEMBLE_Corn_PRCP_DEP/cumulative dia 09 (2026-07-07 → 2026-07-16) 61329 bytes
2026-07-07 09:35:48,858 [INFO] [OK] USA/GFS_ENSEMBLE_Corn_PRCP_DEP/cumulative dia 11 (2026-07-07 → 2026-07-18) 61772 bytes
2026-07-07 09:35:49,559 [INFO] [OK] USA/GFS_ENSEMBLE_Corn_PRCP_DEP/cumulative dia 12 (2026-07-07 → 2026-07-19) 61532 bytes
2026-07-07 09:35:50,780 [INFO] [OK] USA/GFS_ENSEMBLE_Corn_PRCP_DEP/cumulative dia 13 (2026-07-07 → 2026-07-20) 61368 bytes
2026-07-07 09:35:50,882 [INFO] [OK] USA/GFS_ENSEMBLE_Corn_PRCP/daily dia 01 (2026-07-08 → 2026-07-08) 38082 bytes
2026-07-07 09:35:51,126 [INFO] [OK] USA/GFS_ENSEMBLE_Corn_PRCP_DEP/cumulative dia 14 (2026-07-07 → 2026-07-21) 61544 bytes
2026-07-07 09:35:51,217 [INFO] [OK] USA/GFS_ENSEMBLE_Corn_PRCP/daily dia 00 (2026-07-07 → 2026-07-07) 39077 bytes
2026-07-07 09:35:51,229 [INFO] [OK] USA/GFS_ENSEMBLE_Corn_PRCP/daily dia 02 (2026-07-09 → 2026-07-09) 37273 bytes
2026-07-07 09:35:51,278 [INFO] [OK] USA/GFS_ENSEMBLE_Corn_PRCP/daily dia 03 (2026-07-10 → 2026-07-10) 37242 bytes
2026-07-07 09:35:52,861 [INFO] [OK] USA/GFS_ENSEMBLE_Corn_PRCP/daily dia 04 (2026-07-11 → 2026-07-11) 37101 bytes
2026-07-07 09:35:54,421 [INFO] [OK] USA/GFS_ENSEMBLE_Corn_PRCP/daily dia 10 (2026-07-17 → 2026-07-17) 37807 bytes
2026-07-07 09:35:54,458 [INFO] [OK] USA/GFS_ENSEMBLE_Corn_PRCP/daily dia 09 (2026-07-16 → 2026-07-16) 37002 bytes
2026-07-07 09:35:54,462 [INFO] [OK] USA/GFS_ENSEMBLE_Corn_PRCP/daily dia 06 (2026-07-13 → 2026-07-13) 35798 bytes
2026-07-07 09:35:54,464 [INFO] [OK] USA/GFS_ENSEMBLE_Corn_PRCP/daily dia 05 (2026-07-12 → 2026-07-12) 36281 bytes
2026-07-07 09:35:54,471 [INFO] [OK] USA/GFS_ENSEMBLE_Corn_PRCP/daily dia 08 (2026-07-15 → 2026-07-15) 36540 bytes
2026-07-07 09:35:54,478 [INFO] [OK] USA/GFS_ENSEMBLE_Corn_PRCP/daily dia 07 (2026-07-14 → 2026-07-14) 35293 bytes
2026-07-07 09:35:56,287 [INFO] [OK] USA/GFS_ENSEMBLE_Corn_PRCP/daily dia 14 (2026-07-21 → 2026-07-21) 37871 bytes
2026-07-07 09:35:56,423 [INFO] [OK] USA/GFS_ENSEMBLE_Corn_PRCP/cumulative dia 01 (2026-07-07 → 2026-07-08) 42485 bytes
2026-07-07 09:35:56,599 [INFO] [OK] USA/GFS_ENSEMBLE_Corn_PRCP/daily dia 11 (2026-07-18 → 2026-07-18) 36753 bytes
2026-07-07 09:35:56,602 [INFO] [OK] USA/GFS_ENSEMBLE_Corn_PRCP/daily dia 12 (2026-07-19 → 2026-07-19) 37641 bytes
2026-07-07 09:35:56,767 [INFO] [OK] USA/GFS_ENSEMBLE_Corn_PRCP/daily dia 13 (2026-07-20 → 2026-07-20) 37739 bytes
2026-07-07 09:35:56,893 [INFO] [OK] USA/GFS_ENSEMBLE_Corn_PRCP/cumulative dia 00 (2026-07-07 → 2026-07-07) 39077 bytes
2026-07-07 09:35:58,784 [INFO] [OK] USA/GFS_ENSEMBLE_Corn_PRCP/cumulative dia 03 (2026-07-07 → 2026-07-10) 45044 bytes
2026-07-07 09:35:59,033 [INFO] [OK] USA/GFS_ENSEMBLE_Corn_PRCP/cumulative dia 04 (2026-07-07 → 2026-07-11) 45926 bytes
2026-07-07 09:35:59,156 [INFO] [OK] USA/GFS_ENSEMBLE_Corn_PRCP/cumulative dia 02 (2026-07-07 → 2026-07-09) 44199 bytes
2026-07-07 09:35:59,264 [INFO] [OK] USA/GFS_ENSEMBLE_Corn_PRCP/cumulative dia 05 (2026-07-07 → 2026-07-12) 46593 bytes
2026-07-07 09:35:59,566 [INFO] [OK] USA/GFS_ENSEMBLE_Corn_PRCP/cumulative dia 07 (2026-07-07 → 2026-07-14) 48820 bytes
2026-07-07 09:35:59,642 [INFO] [OK] USA/GFS_ENSEMBLE_Corn_PRCP/cumulative dia 06 (2026-07-07 → 2026-07-13) 47384 bytes
2026-07-07 09:36:02,304 [INFO] [OK] USA/GFS_ENSEMBLE_Corn_PRCP/cumulative dia 08 (2026-07-07 → 2026-07-15) 48746 bytes
2026-07-07 09:36:03,275 [INFO] [OK] USA/GFS_ENSEMBLE_Corn_PRCP/cumulative dia 09 (2026-07-07 → 2026-07-16) 49546 bytes
2026-07-07 09:36:03,522 [INFO] [OK] USA/GFS_ENSEMBLE_Corn_PRCP/cumulative dia 11 (2026-07-07 → 2026-07-18) 50527 bytes
2026-07-07 09:36:03,716 [INFO] [OK] USA/GFS_ENSEMBLE_Corn_PRCP/cumulative dia 10 (2026-07-07 → 2026-07-17) 50111 bytes
2026-07-07 09:36:04,039 [INFO] [OK] USA/GFS_ENSEMBLE_Corn_PRCP/cumulative dia 12 (2026-07-07 → 2026-07-19) 51029 bytes
2026-07-07 09:36:04,259 [INFO] [OK] USA/GFS_ENSEMBLE_Corn_PRCP/cumulative dia 13 (2026-07-07 → 2026-07-20) 51143 bytes
2026-07-07 09:36:04,895 [INFO] [OK] USA/GFS_ENSEMBLE_Soy_PRCP_DEP/daily dia 00 (2026-07-07 → 2026-07-07) 56682 bytes
2026-07-07 09:36:05,059 [INFO] [OK] USA/GFS_ENSEMBLE_Soy_PRCP_DEP/daily dia 01 (2026-07-08 → 2026-07-08) 54516 bytes
2026-07-07 09:36:05,303 [INFO] [OK] USA/GFS_ENSEMBLE_Soy_PRCP_DEP/daily dia 02 (2026-07-09 → 2026-07-09) 52261 bytes
2026-07-07 09:36:05,496 [INFO] [OK] USA/GFS_ENSEMBLE_Corn_PRCP/cumulative dia 14 (2026-07-07 → 2026-07-21) 51476 bytes
2026-07-07 09:36:05,856 [INFO] [OK] USA/GFS_ENSEMBLE_Soy_PRCP_DEP/daily dia 03 (2026-07-10 → 2026-07-10) 51665 bytes
2026-07-07 09:36:06,062 [INFO] [OK] USA/GFS_ENSEMBLE_Soy_PRCP_DEP/daily dia 04 (2026-07-11 → 2026-07-11) 52482 bytes
2026-07-07 09:36:07,052 [INFO] [OK] USA/GFS_ENSEMBLE_Soy_PRCP_DEP/daily dia 05 (2026-07-12 → 2026-07-12) 52684 bytes
2026-07-07 09:36:07,341 [INFO] [OK] USA/GFS_ENSEMBLE_Soy_PRCP_DEP/daily dia 07 (2026-07-14 → 2026-07-14) 59195 bytes
2026-07-07 09:36:07,464 [INFO] [OK] USA/GFS_ENSEMBLE_Soy_PRCP_DEP/daily dia 06 (2026-07-13 → 2026-07-13) 56735 bytes
2026-07-07 09:36:07,574 [INFO] [OK] USA/GFS_ENSEMBLE_Soy_PRCP_DEP/daily dia 08 (2026-07-15 → 2026-07-15) 59545 bytes
2026-07-07 09:36:07,600 [INFO] [OK] USA/GFS_ENSEMBLE_Soy_PRCP_DEP/daily dia 09 (2026-07-16 → 2026-07-16) 60369 bytes
2026-07-07 09:36:07,863 [INFO] [OK] USA/GFS_ENSEMBLE_Soy_PRCP_DEP/daily dia 10 (2026-07-17 → 2026-07-17) 61896 bytes
2026-07-07 09:36:08,721 [INFO] [OK] USA/GFS_ENSEMBLE_Soy_PRCP_DEP/daily dia 11 (2026-07-18 → 2026-07-18) 62705 bytes
2026-07-07 09:36:09,383 [INFO] [OK] USA/GFS_ENSEMBLE_Soy_PRCP_DEP/daily dia 12 (2026-07-19 → 2026-07-19) 61920 bytes
2026-07-07 09:36:09,731 [INFO] [OK] USA/GFS_ENSEMBLE_Soy_PRCP_DEP/daily dia 13 (2026-07-20 → 2026-07-20) 61576 bytes
2026-07-07 09:36:09,757 [INFO] [OK] USA/GFS_ENSEMBLE_Soy_PRCP_DEP/cumulative dia 00 (2026-07-07 → 2026-07-07) 56682 bytes
2026-07-07 09:36:09,917 [INFO] [OK] USA/GFS_ENSEMBLE_Soy_PRCP_DEP/daily dia 14 (2026-07-21 → 2026-07-21) 62365 bytes
2026-07-07 09:36:10,146 [INFO] [OK] USA/GFS_ENSEMBLE_Soy_PRCP_DEP/cumulative dia 01 (2026-07-07 → 2026-07-08) 57408 bytes
2026-07-07 09:36:10,603 [INFO] [OK] USA/GFS_ENSEMBLE_Soy_PRCP_DEP/cumulative dia 02 (2026-07-07 → 2026-07-09) 58408 bytes
2026-07-07 09:36:11,286 [INFO] [OK] USA/GFS_ENSEMBLE_Soy_PRCP_DEP/cumulative dia 03 (2026-07-07 → 2026-07-10) 57754 bytes
2026-07-07 09:36:12,147 [INFO] [OK] USA/GFS_ENSEMBLE_Soy_PRCP_DEP/cumulative dia 05 (2026-07-07 → 2026-07-12) 58306 bytes
2026-07-07 09:36:12,715 [INFO] [OK] USA/GFS_ENSEMBLE_Soy_PRCP_DEP/cumulative dia 06 (2026-07-07 → 2026-07-13) 60120 bytes
2026-07-07 09:36:13,079 [INFO] [OK] USA/GFS_ENSEMBLE_Soy_PRCP_DEP/cumulative dia 04 (2026-07-07 → 2026-07-11) 58071 bytes
2026-07-07 09:36:13,179 [INFO] [OK] USA/GFS_ENSEMBLE_Soy_PRCP_DEP/cumulative dia 07 (2026-07-07 → 2026-07-14) 60090 bytes
2026-07-07 09:36:13,795 [INFO] [OK] USA/GFS_ENSEMBLE_Soy_PRCP_DEP/cumulative dia 08 (2026-07-07 → 2026-07-15) 60593 bytes
2026-07-07 09:36:14,184 [INFO] [OK] USA/GFS_ENSEMBLE_Soy_PRCP_DEP/cumulative dia 09 (2026-07-07 → 2026-07-16) 60878 bytes
2026-07-07 09:36:15,866 [INFO] [OK] USA/GFS_ENSEMBLE_Soy_PRCP_DEP/cumulative dia 10 (2026-07-07 → 2026-07-17) 61351 bytes
2026-07-07 09:36:15,896 [INFO] [OK] USA/GFS_ENSEMBLE_Soy_PRCP/daily dia 00 (2026-07-07 → 2026-07-07) 38737 bytes
2026-07-07 09:36:16,608 [INFO] [OK] USA/GFS_ENSEMBLE_Soy_PRCP_DEP/cumulative dia 11 (2026-07-07 → 2026-07-18) 61497 bytes
2026-07-07 09:36:16,941 [INFO] [OK] USA/GFS_ENSEMBLE_Soy_PRCP_DEP/cumulative dia 12 (2026-07-07 → 2026-07-19) 61216 bytes
2026-07-07 09:36:17,534 [INFO] [OK] USA/GFS_ENSEMBLE_Soy_PRCP_DEP/cumulative dia 13 (2026-07-07 → 2026-07-20) 61137 bytes
2026-07-07 09:36:17,906 [INFO] [OK] USA/GFS_ENSEMBLE_Soy_PRCP/daily dia 02 (2026-07-09 → 2026-07-09) 37007 bytes
2026-07-07 09:36:17,909 [INFO] [OK] USA/GFS_ENSEMBLE_Soy_PRCP_DEP/cumulative dia 14 (2026-07-07 → 2026-07-21) 61085 bytes
2026-07-07 09:36:17,985 [INFO] [OK] USA/GFS_ENSEMBLE_Soy_PRCP/daily dia 01 (2026-07-08 → 2026-07-08) 37679 bytes
2026-07-07 09:36:18,332 [INFO] [OK] USA/GFS_ENSEMBLE_Soy_PRCP/daily dia 03 (2026-07-10 → 2026-07-10) 36884 bytes
2026-07-07 09:36:18,472 [INFO] [OK] USA/GFS_ENSEMBLE_Soy_PRCP/daily dia 04 (2026-07-11 → 2026-07-11) 36867 bytes
2026-07-07 09:36:19,100 [INFO] [OK] USA/GFS_ENSEMBLE_Soy_PRCP/daily dia 05 (2026-07-12 → 2026-07-12) 35655 bytes
2026-07-07 09:36:20,117 [INFO] [OK] USA/GFS_ENSEMBLE_Soy_PRCP/daily dia 06 (2026-07-13 → 2026-07-13) 35253 bytes
2026-07-07 09:36:20,217 [INFO] [OK] USA/GFS_ENSEMBLE_Soy_PRCP/daily dia 09 (2026-07-16 → 2026-07-16) 36714 bytes
2026-07-07 09:36:20,412 [INFO] [OK] USA/GFS_ENSEMBLE_Soy_PRCP/daily dia 07 (2026-07-14 → 2026-07-14) 34882 bytes
2026-07-07 09:36:20,468 [INFO] [OK] USA/GFS_ENSEMBLE_Soy_PRCP/daily dia 10 (2026-07-17 → 2026-07-17) 37451 bytes
2026-07-07 09:36:20,856 [INFO] [OK] USA/GFS_ENSEMBLE_Soy_PRCP/daily dia 11 (2026-07-18 → 2026-07-18) 36361 bytes
2026-07-07 09:36:20,878 [INFO] [OK] USA/GFS_ENSEMBLE_Soy_PRCP/daily dia 08 (2026-07-15 → 2026-07-15) 36112 bytes
2026-07-07 09:36:21,896 [INFO] [OK] USA/GFS_ENSEMBLE_Soy_PRCP/daily dia 13 (2026-07-20 → 2026-07-20) 37206 bytes
2026-07-07 09:36:22,241 [INFO] [OK] USA/GFS_ENSEMBLE_Soy_PRCP/daily dia 12 (2026-07-19 → 2026-07-19) 37344 bytes
2026-07-07 09:36:22,373 [INFO] [OK] USA/GFS_ENSEMBLE_Soy_PRCP/daily dia 14 (2026-07-21 → 2026-07-21) 37436 bytes
2026-07-07 09:36:22,514 [INFO] [OK] USA/GFS_ENSEMBLE_Soy_PRCP/cumulative dia 00 (2026-07-07 → 2026-07-07) 38737 bytes
2026-07-07 09:36:22,955 [INFO] [OK] USA/GFS_ENSEMBLE_Soy_PRCP/cumulative dia 01 (2026-07-07 → 2026-07-08) 42137 bytes
2026-07-07 09:36:23,067 [INFO] [OK] USA/GFS_ENSEMBLE_Soy_PRCP/cumulative dia 02 (2026-07-07 → 2026-07-09) 43795 bytes
2026-07-07 09:36:23,757 [INFO] [OK] USA/GFS_ENSEMBLE_Soy_PRCP/cumulative dia 03 (2026-07-07 → 2026-07-10) 44770 bytes
2026-07-07 09:36:24,174 [INFO] [OK] USA/GFS_ENSEMBLE_Soy_PRCP/cumulative dia 04 (2026-07-07 → 2026-07-11) 45581 bytes
2026-07-07 09:36:24,884 [INFO] [OK] USA/GFS_ENSEMBLE_Soy_PRCP/cumulative dia 05 (2026-07-07 → 2026-07-12) 46359 bytes
2026-07-07 09:36:24,892 [INFO] [OK] USA/GFS_ENSEMBLE_Soy_PRCP/cumulative dia 06 (2026-07-07 → 2026-07-13) 47080 bytes
2026-07-07 09:36:25,374 [INFO] [OK] USA/GFS_ENSEMBLE_Soy_PRCP/cumulative dia 07 (2026-07-07 → 2026-07-14) 48770 bytes
2026-07-07 09:36:25,559 [INFO] [OK] USA/GFS_ENSEMBLE_Soy_PRCP/cumulative dia 08 (2026-07-07 → 2026-07-15) 48437 bytes
2026-07-07 09:36:26,555 [INFO] [OK] USA/GFS_ENSEMBLE_Soy_PRCP/cumulative dia 09 (2026-07-07 → 2026-07-16) 49044 bytes
2026-07-07 09:36:27,224 [INFO] [OK] USA/GFS_ENSEMBLE_Soy_PRCP/cumulative dia 10 (2026-07-07 → 2026-07-17) 49752 bytes
2026-07-07 09:36:27,839 [INFO] [OK] USA/GFS_ENSEMBLE_Soy_PRCP/cumulative dia 11 (2026-07-07 → 2026-07-18) 50263 bytes
2026-07-07 09:36:28,520 [INFO] [OK] USA/GFS_ENSEMBLE_Soy_PRCP/cumulative dia 12 (2026-07-07 → 2026-07-19) 50731 bytes
2026-07-07 09:36:28,784 [INFO] [OK] USA/GFS_ENSEMBLE_Soy_PRCP/cumulative dia 13 (2026-07-07 → 2026-07-20) 50706 bytes
2026-07-07 09:36:29,737 [INFO] [OK] USA/GFS_ENSEMBLE_Wheat_Winter_PRCP_DEP/daily dia 00 (2026-07-07 → 2026-07-07) 58108 bytes
2026-07-07 09:36:29,742 [INFO] [OK] USA/GFS_ENSEMBLE_Wheat_Winter_PRCP_DEP/daily dia 02 (2026-07-09 → 2026-07-09) 53793 bytes
2026-07-07 09:36:29,743 [INFO] [OK] USA/GFS_ENSEMBLE_Wheat_Winter_PRCP_DEP/daily dia 01 (2026-07-08 → 2026-07-08) 56076 bytes
2026-07-07 09:36:29,748 [INFO] [OK] USA/GFS_ENSEMBLE_Soy_PRCP/cumulative dia 14 (2026-07-07 → 2026-07-21) 51196 bytes
2026-07-07 09:36:30,094 [INFO] [OK] USA/GFS_ENSEMBLE_Wheat_Winter_PRCP_DEP/daily dia 03 (2026-07-10 → 2026-07-10) 52982 bytes
2026-07-07 09:36:32,710 [INFO] [OK] USA/GFS_ENSEMBLE_Wheat_Winter_PRCP_DEP/daily dia 04 (2026-07-11 → 2026-07-11) 54125 bytes
2026-07-07 09:36:33,202 [INFO] [OK] USA/GFS_ENSEMBLE_Wheat_Winter_PRCP_DEP/daily dia 07 (2026-07-14 → 2026-07-14) 60599 bytes
2026-07-07 09:36:33,218 [INFO] [OK] USA/GFS_ENSEMBLE_Wheat_Winter_PRCP_DEP/daily dia 06 (2026-07-13 → 2026-07-13) 58656 bytes
2026-07-07 09:36:33,219 [INFO] [OK] USA/GFS_ENSEMBLE_Wheat_Winter_PRCP_DEP/daily dia 05 (2026-07-12 → 2026-07-12) 54544 bytes
2026-07-07 09:36:33,784 [INFO] [OK] USA/GFS_ENSEMBLE_Wheat_Winter_PRCP_DEP/daily dia 09 (2026-07-16 → 2026-07-16) 61709 bytes
2026-07-07 09:36:33,788 [INFO] [OK] USA/GFS_ENSEMBLE_Wheat_Winter_PRCP_DEP/daily dia 08 (2026-07-15 → 2026-07-15) 60759 bytes
2026-07-07 09:36:35,120 [INFO] [OK] USA/GFS_ENSEMBLE_Wheat_Winter_PRCP_DEP/daily dia 10 (2026-07-17 → 2026-07-17) 63728 bytes
2026-07-07 09:36:35,432 [INFO] [OK] USA/GFS_ENSEMBLE_Wheat_Winter_PRCP_DEP/daily dia 11 (2026-07-18 → 2026-07-18) 64398 bytes
2026-07-07 09:36:35,710 [INFO] [OK] USA/GFS_ENSEMBLE_Wheat_Winter_PRCP_DEP/cumulative dia 00 (2026-07-07 → 2026-07-07) 58108 bytes
2026-07-07 09:36:36,499 [INFO] [OK] USA/GFS_ENSEMBLE_Wheat_Winter_PRCP_DEP/daily dia 12 (2026-07-19 → 2026-07-19) 63219 bytes
2026-07-07 09:36:36,555 [INFO] [OK] USA/GFS_ENSEMBLE_Wheat_Winter_PRCP_DEP/daily dia 14 (2026-07-21 → 2026-07-21) 63970 bytes
2026-07-07 09:36:36,567 [INFO] [OK] USA/GFS_ENSEMBLE_Wheat_Winter_PRCP_DEP/daily dia 13 (2026-07-20 → 2026-07-20) 63609 bytes
2026-07-07 09:36:37,381 [INFO] [OK] USA/GFS_ENSEMBLE_Wheat_Winter_PRCP_DEP/cumulative dia 01 (2026-07-07 → 2026-07-08) 58846 bytes
2026-07-07 09:36:37,515 [INFO] [OK] USA/GFS_ENSEMBLE_Wheat_Winter_PRCP_DEP/cumulative dia 02 (2026-07-07 → 2026-07-09) 59749 bytes
2026-07-07 09:36:38,021 [INFO] [OK] USA/GFS_ENSEMBLE_Wheat_Winter_PRCP_DEP/cumulative dia 03 (2026-07-07 → 2026-07-10) 59349 bytes
2026-07-07 09:36:39,262 [INFO] [OK] USA/GFS_ENSEMBLE_Wheat_Winter_PRCP_DEP/cumulative dia 04 (2026-07-07 → 2026-07-11) 59539 bytes
2026-07-07 09:36:39,787 [INFO] [OK] USA/GFS_ENSEMBLE_Wheat_Winter_PRCP_DEP/cumulative dia 06 (2026-07-07 → 2026-07-13) 61434 bytes
2026-07-07 09:36:39,788 [INFO] [OK] USA/GFS_ENSEMBLE_Wheat_Winter_PRCP_DEP/cumulative dia 05 (2026-07-07 → 2026-07-12) 59687 bytes
2026-07-07 09:36:41,131 [INFO] [OK] USA/GFS_ENSEMBLE_Wheat_Winter_PRCP_DEP/cumulative dia 07 (2026-07-07 → 2026-07-14) 61656 bytes
2026-07-07 09:36:41,456 [INFO] [OK] USA/GFS_ENSEMBLE_Wheat_Winter_PRCP_DEP/cumulative dia 08 (2026-07-07 → 2026-07-15) 62001 bytes
2026-07-07 09:36:42,269 [INFO] [OK] USA/GFS_ENSEMBLE_Wheat_Winter_PRCP_DEP/cumulative dia 09 (2026-07-07 → 2026-07-16) 62290 bytes
2026-07-07 09:36:43,425 [INFO] [OK] USA/GFS_ENSEMBLE_Wheat_Winter_PRCP_DEP/cumulative dia 10 (2026-07-07 → 2026-07-17) 62799 bytes
2026-07-07 09:36:43,892 [INFO] [OK] USA/GFS_ENSEMBLE_Wheat_Winter_PRCP_DEP/cumulative dia 11 (2026-07-07 → 2026-07-18) 62918 bytes
2026-07-07 09:36:44,025 [INFO] [OK] USA/GFS_ENSEMBLE_Wheat_Winter_PRCP/daily dia 00 (2026-07-07 → 2026-07-07) 40128 bytes
2026-07-07 09:36:44,310 [INFO] [OK] USA/GFS_ENSEMBLE_Wheat_Winter_PRCP_DEP/cumulative dia 12 (2026-07-07 → 2026-07-19) 62478 bytes
2026-07-07 09:36:45,165 [INFO] [OK] USA/GFS_ENSEMBLE_Wheat_Winter_PRCP_DEP/cumulative dia 13 (2026-07-07 → 2026-07-20) 62508 bytes
2026-07-07 09:36:45,524 [INFO] [OK] USA/GFS_ENSEMBLE_Wheat_Winter_PRCP/daily dia 01 (2026-07-08 → 2026-07-08) 39324 bytes
2026-07-07 09:36:45,874 [INFO] [OK] USA/GFS_ENSEMBLE_Wheat_Winter_PRCP_DEP/cumulative dia 14 (2026-07-07 → 2026-07-21) 62396 bytes
2026-07-07 09:36:46,238 [INFO] [OK] USA/GFS_ENSEMBLE_Wheat_Winter_PRCP/daily dia 03 (2026-07-10 → 2026-07-10) 38496 bytes
2026-07-07 09:36:46,530 [INFO] [OK] USA/GFS_ENSEMBLE_Wheat_Winter_PRCP/daily dia 04 (2026-07-11 → 2026-07-11) 38442 bytes
2026-07-07 09:36:46,685 [INFO] [OK] USA/GFS_ENSEMBLE_Wheat_Winter_PRCP/daily dia 02 (2026-07-09 → 2026-07-09) 38449 bytes
2026-07-07 09:36:47,428 [INFO] [OK] USA/GFS_ENSEMBLE_Wheat_Winter_PRCP/daily dia 07 (2026-07-14 → 2026-07-14) 36327 bytes
2026-07-07 09:36:47,696 [INFO] [OK] USA/GFS_ENSEMBLE_Wheat_Winter_PRCP/daily dia 06 (2026-07-13 → 2026-07-13) 36858 bytes
2026-07-07 09:36:47,865 [INFO] [OK] USA/GFS_ENSEMBLE_Wheat_Winter_PRCP/daily dia 05 (2026-07-12 → 2026-07-12) 37485 bytes
2026-07-07 09:36:47,901 [INFO] [OK] USA/GFS_ENSEMBLE_Wheat_Winter_PRCP/daily dia 08 (2026-07-15 → 2026-07-15) 37567 bytes
2026-07-07 09:36:48,223 [INFO] [OK] USA/GFS_ENSEMBLE_Wheat_Winter_PRCP/daily dia 09 (2026-07-16 → 2026-07-16) 38019 bytes
2026-07-07 09:36:48,417 [INFO] [OK] USA/GFS_ENSEMBLE_Wheat_Winter_PRCP/daily dia 10 (2026-07-17 → 2026-07-17) 38902 bytes
2026-07-07 09:36:49,945 [INFO] [OK] USA/GFS_ENSEMBLE_Wheat_Winter_PRCP/daily dia 13 (2026-07-20 → 2026-07-20) 38886 bytes
2026-07-07 09:36:49,965 [INFO] [OK] USA/GFS_ENSEMBLE_Wheat_Winter_PRCP/daily dia 11 (2026-07-18 → 2026-07-18) 37782 bytes
2026-07-07 09:36:50,238 [INFO] [OK] USA/GFS_ENSEMBLE_Wheat_Winter_PRCP/daily dia 14 (2026-07-21 → 2026-07-21) 38845 bytes
2026-07-07 09:36:50,434 [INFO] [OK] USA/GFS_ENSEMBLE_Wheat_Winter_PRCP/cumulative dia 00 (2026-07-07 → 2026-07-07) 40128 bytes
2026-07-07 09:36:50,673 [INFO] [OK] USA/GFS_ENSEMBLE_Wheat_Winter_PRCP/daily dia 12 (2026-07-19 → 2026-07-19) 38954 bytes
2026-07-07 09:36:50,841 [INFO] [OK] USA/GFS_ENSEMBLE_Wheat_Winter_PRCP/cumulative dia 01 (2026-07-07 → 2026-07-08) 43506 bytes
2026-07-07 09:36:52,923 [INFO] [OK] USA/GFS_ENSEMBLE_Wheat_Winter_PRCP/cumulative dia 02 (2026-07-07 → 2026-07-09) 45226 bytes
2026-07-07 09:36:53,360 [INFO] [OK] USA/GFS_ENSEMBLE_Wheat_Winter_PRCP/cumulative dia 03 (2026-07-07 → 2026-07-10) 46254 bytes
2026-07-07 09:36:53,508 [INFO] [OK] USA/GFS_ENSEMBLE_Wheat_Winter_PRCP/cumulative dia 04 (2026-07-07 → 2026-07-11) 47097 bytes
2026-07-07 09:36:54,004 [INFO] [OK] USA/GFS_ENSEMBLE_Wheat_Winter_PRCP/cumulative dia 05 (2026-07-07 → 2026-07-12) 47914 bytes
2026-07-07 09:36:54,239 [INFO] [OK] USA/GFS_ENSEMBLE_Wheat_Winter_PRCP/cumulative dia 06 (2026-07-07 → 2026-07-13) 48667 bytes
2026-07-07 09:36:54,270 [INFO] [OK] USA/GFS_ENSEMBLE_Wheat_Winter_PRCP/cumulative dia 07 (2026-07-07 → 2026-07-14) 50336 bytes
2026-07-07 09:36:57,329 [INFO] [OK] USA/GFS_ENSEMBLE_Wheat_Winter_PRCP/cumulative dia 08 (2026-07-07 → 2026-07-15) 49935 bytes
2026-07-07 09:36:57,975 [INFO] [OK] USA/GFS_ENSEMBLE_Wheat_Winter_PRCP/cumulative dia 09 (2026-07-07 → 2026-07-16) 50604 bytes
2026-07-07 09:36:58,431 [INFO] [OK] USA/GFS_ENSEMBLE_Wheat_Winter_PRCP/cumulative dia 10 (2026-07-07 → 2026-07-17) 51361 bytes
2026-07-07 09:36:58,940 [INFO] [OK] USA/GFS_ENSEMBLE_Wheat_Winter_PRCP/cumulative dia 11 (2026-07-07 → 2026-07-18) 51787 bytes
2026-07-07 09:36:59,514 [INFO] [OK] USA/GFS_ENSEMBLE_Wheat_Winter_PRCP/cumulative dia 12 (2026-07-07 → 2026-07-19) 52236 bytes
2026-07-07 09:36:59,693 [INFO] [OK] USA/GFS_ENSEMBLE_Wheat_Winter_PRCP/cumulative dia 13 (2026-07-07 → 2026-07-20) 52291 bytes
2026-07-07 09:37:00,217 [INFO] [OK] USA/GFS_ENSEMBLE_Wheat_Spring_PRCP_DEP/daily dia 00 (2026-07-07 → 2026-07-07) 54947 bytes
2026-07-07 09:37:00,460 [INFO] [OK] USA/GFS_ENSEMBLE_Wheat_Spring_PRCP_DEP/daily dia 01 (2026-07-08 → 2026-07-08) 52900 bytes
2026-07-07 09:37:01,206 [INFO] [OK] USA/GFS_ENSEMBLE_Wheat_Spring_PRCP_DEP/daily dia 02 (2026-07-09 → 2026-07-09) 50641 bytes
2026-07-07 09:37:02,410 [INFO] [OK] USA/GFS_ENSEMBLE_Wheat_Winter_PRCP/cumulative dia 14 (2026-07-07 → 2026-07-21) 52919 bytes
2026-07-07 09:37:02,676 [INFO] [OK] USA/GFS_ENSEMBLE_Wheat_Spring_PRCP_DEP/daily dia 03 (2026-07-10 → 2026-07-10) 50016 bytes
2026-07-07 09:37:02,715 [INFO] [OK] USA/GFS_ENSEMBLE_Wheat_Spring_PRCP_DEP/daily dia 06 (2026-07-13 → 2026-07-13) 55396 bytes
2026-07-07 09:37:02,730 [INFO] [OK] USA/GFS_ENSEMBLE_Wheat_Spring_PRCP_DEP/daily dia 04 (2026-07-11 → 2026-07-11) 50464 bytes
2026-07-07 09:37:02,961 [INFO] [OK] USA/GFS_ENSEMBLE_Wheat_Spring_PRCP_DEP/daily dia 05 (2026-07-12 → 2026-07-12) 50782 bytes
2026-07-07 09:37:03,209 [INFO] [OK] USA/GFS_ENSEMBLE_Wheat_Spring_PRCP_DEP/daily dia 07 (2026-07-14 → 2026-07-14) 57464 bytes
2026-07-07 09:37:04,258 [INFO] [OK] USA/GFS_ENSEMBLE_Wheat_Spring_PRCP_DEP/daily dia 08 (2026-07-15 → 2026-07-15) 57611 bytes
2026-07-07 09:37:04,689 [INFO] [OK] USA/GFS_ENSEMBLE_Wheat_Spring_PRCP_DEP/daily dia 10 (2026-07-17 → 2026-07-17) 60374 bytes
2026-07-07 09:37:04,808 [INFO] [OK] USA/GFS_ENSEMBLE_Wheat_Spring_PRCP_DEP/daily dia 09 (2026-07-16 → 2026-07-16) 58428 bytes
2026-07-07 09:37:05,272 [INFO] [OK] USA/GFS_ENSEMBLE_Wheat_Spring_PRCP_DEP/daily dia 11 (2026-07-18 → 2026-07-18) 61129 bytes
2026-07-07 09:37:05,476 [INFO] [OK] USA/GFS_ENSEMBLE_Wheat_Spring_PRCP_DEP/daily dia 12 (2026-07-19 → 2026-07-19) 60096 bytes
2026-07-07 09:37:05,739 [INFO] [OK] USA/GFS_ENSEMBLE_Wheat_Spring_PRCP_DEP/daily dia 13 (2026-07-20 → 2026-07-20) 60033 bytes
2026-07-07 09:37:06,068 [INFO] [OK] USA/GFS_ENSEMBLE_Wheat_Spring_PRCP_DEP/daily dia 14 (2026-07-21 → 2026-07-21) 60796 bytes
2026-07-07 09:37:06,372 [INFO] [OK] USA/GFS_ENSEMBLE_Wheat_Spring_PRCP_DEP/cumulative dia 00 (2026-07-07 → 2026-07-07) 54947 bytes
2026-07-07 09:37:06,676 [INFO] [OK] USA/GFS_ENSEMBLE_Wheat_Spring_PRCP_DEP/cumulative dia 01 (2026-07-07 → 2026-07-08) 55778 bytes
2026-07-07 09:37:06,996 [INFO] [OK] USA/GFS_ENSEMBLE_Wheat_Spring_PRCP_DEP/cumulative dia 02 (2026-07-07 → 2026-07-09) 56467 bytes
2026-07-07 09:37:07,495 [INFO] [OK] USA/GFS_ENSEMBLE_Wheat_Spring_PRCP_DEP/cumulative dia 03 (2026-07-07 → 2026-07-10) 55969 bytes
2026-07-07 09:37:08,935 [INFO] [OK] USA/GFS_ENSEMBLE_Wheat_Spring_PRCP_DEP/cumulative dia 04 (2026-07-07 → 2026-07-11) 55952 bytes
2026-07-07 09:37:08,947 [INFO] [OK] USA/GFS_ENSEMBLE_Wheat_Spring_PRCP_DEP/cumulative dia 05 (2026-07-07 → 2026-07-12) 56538 bytes
2026-07-07 09:37:09,293 [INFO] [OK] USA/GFS_ENSEMBLE_Wheat_Spring_PRCP_DEP/cumulative dia 06 (2026-07-07 → 2026-07-13) 58205 bytes
2026-07-07 09:37:09,656 [INFO] [OK] USA/GFS_ENSEMBLE_Wheat_Spring_PRCP_DEP/cumulative dia 07 (2026-07-07 → 2026-07-14) 58220 bytes
2026-07-07 09:37:10,359 [INFO] [OK] USA/GFS_ENSEMBLE_Wheat_Spring_PRCP_DEP/cumulative dia 08 (2026-07-07 → 2026-07-15) 58626 bytes
2026-07-07 09:37:10,360 [INFO] [OK] USA/GFS_ENSEMBLE_Wheat_Spring_PRCP_DEP/cumulative dia 09 (2026-07-07 → 2026-07-16) 59282 bytes
2026-07-07 09:37:11,885 [INFO] [OK] USA/GFS_ENSEMBLE_Wheat_Spring_PRCP/daily dia 00 (2026-07-07 → 2026-07-07) 37101 bytes
2026-07-07 09:37:12,121 [INFO] [OK] USA/GFS_ENSEMBLE_Wheat_Spring_PRCP_DEP/cumulative dia 11 (2026-07-07 → 2026-07-18) 59561 bytes
2026-07-07 09:37:12,140 [INFO] [OK] USA/GFS_ENSEMBLE_Wheat_Spring_PRCP_DEP/cumulative dia 10 (2026-07-07 → 2026-07-17) 59401 bytes
2026-07-07 09:37:12,461 [INFO] [OK] USA/GFS_ENSEMBLE_Wheat_Spring_PRCP_DEP/cumulative dia 12 (2026-07-07 → 2026-07-19) 59400 bytes
2026-07-07 09:37:12,895 [INFO] [OK] USA/GFS_ENSEMBLE_Wheat_Spring_PRCP_DEP/cumulative dia 13 (2026-07-07 → 2026-07-20) 59459 bytes
2026-07-07 09:37:13,434 [INFO] [OK] USA/GFS_ENSEMBLE_Wheat_Spring_PRCP/daily dia 01 (2026-07-08 → 2026-07-08) 36179 bytes
2026-07-07 09:37:13,578 [INFO] [OK] USA/GFS_ENSEMBLE_Wheat_Spring_PRCP_DEP/cumulative dia 14 (2026-07-07 → 2026-07-21) 59700 bytes
2026-07-07 09:37:13,651 [INFO] [OK] USA/GFS_ENSEMBLE_Wheat_Spring_PRCP/daily dia 02 (2026-07-09 → 2026-07-09) 35231 bytes
2026-07-07 09:37:14,174 [INFO] [OK] USA/GFS_ENSEMBLE_Wheat_Spring_PRCP/daily dia 04 (2026-07-11 → 2026-07-11) 34948 bytes
2026-07-07 09:37:14,584 [INFO] [OK] USA/GFS_ENSEMBLE_Wheat_Spring_PRCP/daily dia 05 (2026-07-12 → 2026-07-12) 34061 bytes
2026-07-07 09:37:14,591 [INFO] [OK] USA/GFS_ENSEMBLE_Wheat_Spring_PRCP/daily dia 03 (2026-07-10 → 2026-07-10) 35178 bytes
2026-07-07 09:37:15,392 [INFO] [OK] USA/GFS_ENSEMBLE_Wheat_Spring_PRCP/daily dia 06 (2026-07-13 → 2026-07-13) 33538 bytes
2026-07-07 09:37:15,439 [INFO] [OK] USA/GFS_ENSEMBLE_Wheat_Spring_PRCP/daily dia 07 (2026-07-14 → 2026-07-14) 33353 bytes
2026-07-07 09:37:15,620 [INFO] [OK] USA/GFS_ENSEMBLE_Wheat_Spring_PRCP/daily dia 09 (2026-07-16 → 2026-07-16) 34979 bytes
2026-07-07 09:37:15,664 [INFO] [OK] USA/GFS_ENSEMBLE_Wheat_Spring_PRCP/daily dia 08 (2026-07-15 → 2026-07-15) 34498 bytes
2026-07-07 09:37:16,149 [INFO] [OK] USA/GFS_ENSEMBLE_Wheat_Spring_PRCP/daily dia 10 (2026-07-17 → 2026-07-17) 35770 bytes
2026-07-07 09:37:16,235 [INFO] [OK] USA/GFS_ENSEMBLE_Wheat_Spring_PRCP/daily dia 11 (2026-07-18 → 2026-07-18) 34648 bytes
2026-07-07 09:37:17,407 [INFO] [OK] USA/GFS_ENSEMBLE_Wheat_Spring_PRCP/daily dia 12 (2026-07-19 → 2026-07-19) 35851 bytes
2026-07-07 09:37:17,433 [INFO] [OK] USA/GFS_ENSEMBLE_Wheat_Spring_PRCP/daily dia 13 (2026-07-20 → 2026-07-20) 35788 bytes
2026-07-07 09:37:17,504 [INFO] [OK] USA/GFS_ENSEMBLE_Wheat_Spring_PRCP/cumulative dia 00 (2026-07-07 → 2026-07-07) 37101 bytes
2026-07-07 09:37:17,579 [INFO] [OK] USA/GFS_ENSEMBLE_Wheat_Spring_PRCP/daily dia 14 (2026-07-21 → 2026-07-21) 35956 bytes
2026-07-07 09:37:18,227 [INFO] [OK] USA/GFS_ENSEMBLE_Wheat_Spring_PRCP/cumulative dia 02 (2026-07-07 → 2026-07-09) 41863 bytes
2026-07-07 09:37:18,272 [INFO] [OK] USA/GFS_ENSEMBLE_Wheat_Spring_PRCP/cumulative dia 01 (2026-07-07 → 2026-07-08) 40426 bytes
2026-07-07 09:37:19,339 [INFO] [OK] USA/GFS_ENSEMBLE_Wheat_Spring_PRCP/cumulative dia 03 (2026-07-07 → 2026-07-10) 42737 bytes
2026-07-07 09:37:19,759 [INFO] [OK] USA/GFS_ENSEMBLE_Wheat_Spring_PRCP/cumulative dia 04 (2026-07-07 → 2026-07-11) 43529 bytes
2026-07-07 09:37:20,013 [INFO] [OK] USA/GFS_ENSEMBLE_Wheat_Spring_PRCP/cumulative dia 05 (2026-07-07 → 2026-07-12) 44017 bytes
2026-07-07 09:37:20,272 [INFO] [OK] USA/GFS_ENSEMBLE_Wheat_Spring_PRCP/cumulative dia 06 (2026-07-07 → 2026-07-13) 44603 bytes
2026-07-07 09:37:21,027 [INFO] [OK] USA/GFS_ENSEMBLE_Wheat_Spring_PRCP/cumulative dia 07 (2026-07-07 → 2026-07-14) 46129 bytes
2026-07-07 09:37:21,050 [INFO] [OK] USA/GFS_ENSEMBLE_Wheat_Spring_PRCP/cumulative dia 08 (2026-07-07 → 2026-07-15) 46044 bytes
2026-07-07 09:37:22,167 [INFO] [OK] USA/GFS_ENSEMBLE_Wheat_Spring_PRCP/cumulative dia 09 (2026-07-07 → 2026-07-16) 46504 bytes
2026-07-07 09:37:23,053 [INFO] [OK] USA/GFS_ENSEMBLE_Wheat_Spring_PRCP/cumulative dia 10 (2026-07-07 → 2026-07-17) 47075 bytes
2026-07-07 09:37:23,459 [INFO] [OK] USA/GFS_ENSEMBLE_Wheat_Spring_PRCP/cumulative dia 11 (2026-07-07 → 2026-07-18) 47671 bytes
2026-07-07 09:37:23,770 [INFO] [OK] USA/ECM_ENSEMBLE_Corn_PRCP_DEP/daily dia 00 (2026-07-07 → 2026-07-07) 56529 bytes
2026-07-07 09:37:23,832 [INFO] [OK] USA/GFS_ENSEMBLE_Wheat_Spring_PRCP/cumulative dia 12 (2026-07-07 → 2026-07-19) 48288 bytes
2026-07-07 09:37:24,973 [INFO] [OK] USA/GFS_ENSEMBLE_Wheat_Spring_PRCP/cumulative dia 13 (2026-07-07 → 2026-07-20) 48291 bytes
2026-07-07 09:37:25,401 [INFO] [OK] USA/ECM_ENSEMBLE_Corn_PRCP_DEP/daily dia 01 (2026-07-08 → 2026-07-08) 55747 bytes
2026-07-07 09:37:25,409 [INFO] [OK] USA/ECM_ENSEMBLE_Corn_PRCP_DEP/daily dia 03 (2026-07-10 → 2026-07-10) 52602 bytes
2026-07-07 09:37:25,520 [INFO] [OK] USA/ECM_ENSEMBLE_Corn_PRCP_DEP/daily dia 04 (2026-07-11 → 2026-07-11) 50354 bytes
2026-07-07 09:37:25,706 [INFO] [OK] USA/GFS_ENSEMBLE_Wheat_Spring_PRCP/cumulative dia 14 (2026-07-07 → 2026-07-21) 48388 bytes
2026-07-07 09:37:26,138 [INFO] [OK] USA/ECM_ENSEMBLE_Corn_PRCP_DEP/daily dia 02 (2026-07-09 → 2026-07-09) 54126 bytes
2026-07-07 09:37:26,956 [INFO] [OK] USA/ECM_ENSEMBLE_Corn_PRCP_DEP/daily dia 05 (2026-07-12 → 2026-07-12) 50187 bytes
2026-07-07 09:37:26,960 [INFO] [OK] USA/ECM_ENSEMBLE_Corn_PRCP_DEP/daily dia 07 (2026-07-14 → 2026-07-14) 53584 bytes
2026-07-07 09:37:27,020 [INFO] [OK] USA/ECM_ENSEMBLE_Corn_PRCP_DEP/daily dia 06 (2026-07-13 → 2026-07-13) 53168 bytes
2026-07-07 09:37:27,024 [INFO] [OK] USA/ECM_ENSEMBLE_Corn_PRCP_DEP/daily dia 08 (2026-07-15 → 2026-07-15) 57293 bytes
2026-07-07 09:37:27,899 [INFO] [OK] USA/ECM_ENSEMBLE_Corn_PRCP_DEP/daily dia 09 (2026-07-16 → 2026-07-16) 57381 bytes
2026-07-07 09:37:27,914 [INFO] [OK] USA/ECM_ENSEMBLE_Corn_PRCP_DEP/daily dia 10 (2026-07-17 → 2026-07-17) 59868 bytes
2026-07-07 09:37:28,862 [INFO] [OK] USA/ECM_ENSEMBLE_Corn_PRCP_DEP/daily dia 12 (2026-07-19 → 2026-07-19) 58719 bytes
2026-07-07 09:37:29,030 [INFO] [OK] USA/ECM_ENSEMBLE_Corn_PRCP_DEP/daily dia 14 (2026-07-21 → 2026-07-21) 58933 bytes
2026-07-07 09:37:29,082 [INFO] [OK] USA/ECM_ENSEMBLE_Corn_PRCP_DEP/daily dia 13 (2026-07-20 → 2026-07-20) 58950 bytes
2026-07-07 09:37:29,349 [INFO] [OK] USA/ECM_ENSEMBLE_Corn_PRCP_DEP/daily dia 11 (2026-07-18 → 2026-07-18) 59103 bytes
2026-07-07 09:37:29,531 [INFO] [OK] USA/ECM_ENSEMBLE_Corn_PRCP_DEP/cumulative dia 00 (2026-07-07 → 2026-07-07) 56529 bytes
2026-07-07 09:37:29,763 [INFO] [OK] USA/ECM_ENSEMBLE_Corn_PRCP_DEP/cumulative dia 01 (2026-07-07 → 2026-07-08) 57709 bytes
2026-07-07 09:37:31,045 [INFO] [OK] USA/ECM_ENSEMBLE_Corn_PRCP_DEP/cumulative dia 02 (2026-07-07 → 2026-07-09) 58780 bytes
2026-07-07 09:37:31,617 [INFO] [OK] USA/ECM_ENSEMBLE_Corn_PRCP_DEP/cumulative dia 04 (2026-07-07 → 2026-07-11) 59743 bytes
2026-07-07 09:37:31,617 [INFO] [OK] USA/ECM_ENSEMBLE_Corn_PRCP_DEP/cumulative dia 03 (2026-07-07 → 2026-07-10) 59480 bytes
2026-07-07 09:37:32,522 [INFO] [OK] USA/ECM_ENSEMBLE_Corn_PRCP_DEP/cumulative dia 05 (2026-07-07 → 2026-07-12) 61096 bytes
2026-07-07 09:37:32,531 [INFO] [OK] USA/ECM_ENSEMBLE_Corn_PRCP_DEP/cumulative dia 06 (2026-07-07 → 2026-07-13) 62377 bytes
2026-07-07 09:37:32,537 [INFO] [OK] USA/ECM_ENSEMBLE_Corn_PRCP_DEP/cumulative dia 07 (2026-07-07 → 2026-07-14) 62370 bytes
2026-07-07 09:37:34,114 [INFO] [OK] USA/ECM_ENSEMBLE_Corn_PRCP_DEP/cumulative dia 08 (2026-07-07 → 2026-07-15) 61945 bytes
2026-07-07 09:37:34,680 [INFO] [OK] USA/ECM_ENSEMBLE_Corn_PRCP_DEP/cumulative dia 09 (2026-07-07 → 2026-07-16) 62050 bytes
2026-07-07 09:37:34,840 [INFO] [OK] USA/ECM_ENSEMBLE_Corn_PRCP_DEP/cumulative dia 10 (2026-07-07 → 2026-07-17) 61533 bytes
2026-07-07 09:37:36,054 [INFO] [OK] USA/ECM_ENSEMBLE_Corn_PRCP_DEP/cumulative dia 11 (2026-07-07 → 2026-07-18) 60908 bytes
2026-07-07 09:37:36,107 [INFO] [OK] USA/ECM_ENSEMBLE_Corn_PRCP_DEP/cumulative dia 13 (2026-07-07 → 2026-07-20) 60286 bytes
2026-07-07 09:37:36,108 [INFO] [OK] USA/ECM_ENSEMBLE_Corn_PRCP_DEP/cumulative dia 12 (2026-07-07 → 2026-07-19) 60340 bytes
2026-07-07 09:37:36,731 [INFO] [OK] USA/ECM_ENSEMBLE_Corn_PRCP/daily dia 00 (2026-07-07 → 2026-07-07) 38587 bytes
2026-07-07 09:37:36,766 [INFO] [OK] USA/ECM_ENSEMBLE_Corn_PRCP/daily dia 01 (2026-07-08 → 2026-07-08) 37585 bytes
2026-07-07 09:37:37,610 [INFO] [OK] USA/ECM_ENSEMBLE_Corn_PRCP/daily dia 03 (2026-07-10 → 2026-07-10) 36900 bytes
2026-07-07 09:37:37,668 [INFO] [OK] USA/ECM_ENSEMBLE_Corn_PRCP/daily dia 04 (2026-07-11 → 2026-07-11) 35868 bytes
2026-07-07 09:37:37,834 [INFO] [OK] USA/ECM_ENSEMBLE_Corn_PRCP_DEP/cumulative dia 14 (2026-07-07 → 2026-07-21) 60202 bytes
2026-07-07 09:37:37,972 [INFO] [OK] USA/ECM_ENSEMBLE_Corn_PRCP/daily dia 02 (2026-07-09 → 2026-07-09) 36733 bytes
2026-07-07 09:37:38,366 [INFO] [OK] USA/ECM_ENSEMBLE_Corn_PRCP/daily dia 05 (2026-07-12 → 2026-07-12) 34898 bytes
2026-07-07 09:37:38,450 [INFO] [OK] USA/ECM_ENSEMBLE_Corn_PRCP/daily dia 06 (2026-07-13 → 2026-07-13) 35555 bytes
2026-07-07 09:37:39,704 [INFO] [OK] USA/ECM_ENSEMBLE_Corn_PRCP/daily dia 08 (2026-07-15 → 2026-07-15) 36032 bytes
2026-07-07 09:37:39,739 [INFO] [OK] USA/ECM_ENSEMBLE_Corn_PRCP/daily dia 07 (2026-07-14 → 2026-07-14) 34983 bytes
2026-07-07 09:37:39,827 [INFO] [OK] USA/ECM_ENSEMBLE_Corn_PRCP/daily dia 10 (2026-07-17 → 2026-07-17) 36174 bytes
2026-07-07 09:37:40,055 [INFO] [OK] USA/ECM_ENSEMBLE_Corn_PRCP/daily dia 09 (2026-07-16 → 2026-07-16) 36716 bytes
2026-07-07 09:37:40,109 [INFO] [OK] USA/ECM_ENSEMBLE_Corn_PRCP/daily dia 11 (2026-07-18 → 2026-07-18) 36262 bytes
2026-07-07 09:37:40,129 [INFO] [OK] USA/ECM_ENSEMBLE_Corn_PRCP/daily dia 12 (2026-07-19 → 2026-07-19) 36386 bytes
2026-07-07 09:37:41,867 [INFO] [OK] USA/ECM_ENSEMBLE_Corn_PRCP/daily dia 13 (2026-07-20 → 2026-07-20) 36791 bytes
2026-07-07 09:37:41,881 [INFO] [OK] USA/ECM_ENSEMBLE_Corn_PRCP/daily dia 14 (2026-07-21 → 2026-07-21) 35768 bytes
2026-07-07 09:37:41,891 [INFO] [OK] USA/ECM_ENSEMBLE_Corn_PRCP/cumulative dia 00 (2026-07-07 → 2026-07-07) 38587 bytes
2026-07-07 09:37:42,800 [INFO] [OK] USA/ECM_ENSEMBLE_Corn_PRCP/cumulative dia 01 (2026-07-07 → 2026-07-08) 41549 bytes
2026-07-07 09:37:42,803 [INFO] [OK] USA/ECM_ENSEMBLE_Corn_PRCP/cumulative dia 02 (2026-07-07 → 2026-07-09) 42482 bytes
2026-07-07 09:37:42,910 [INFO] [OK] USA/ECM_ENSEMBLE_Corn_PRCP/cumulative dia 03 (2026-07-07 → 2026-07-10) 43756 bytes
2026-07-07 09:37:44,186 [INFO] [OK] USA/ECM_ENSEMBLE_Corn_PRCP/cumulative dia 04 (2026-07-07 → 2026-07-11) 45243 bytes
2026-07-07 09:37:44,963 [INFO] [OK] USA/ECM_ENSEMBLE_Corn_PRCP/cumulative dia 05 (2026-07-07 → 2026-07-12) 46196 bytes
2026-07-07 09:37:45,389 [INFO] [OK] USA/ECM_ENSEMBLE_Corn_PRCP/cumulative dia 06 (2026-07-07 → 2026-07-13) 47266 bytes
2026-07-07 09:37:46,242 [INFO] [OK] USA/ECM_ENSEMBLE_Corn_PRCP/cumulative dia 07 (2026-07-07 → 2026-07-14) 48150 bytes
2026-07-07 09:37:46,576 [INFO] [OK] USA/ECM_ENSEMBLE_Corn_PRCP/cumulative dia 09 (2026-07-07 → 2026-07-16) 48739 bytes
2026-07-07 09:37:47,246 [INFO] [OK] USA/ECM_ENSEMBLE_Corn_PRCP/cumulative dia 10 (2026-07-07 → 2026-07-17) 49399 bytes
2026-07-07 09:37:47,515 [INFO] [OK] USA/ECM_ENSEMBLE_Corn_PRCP/cumulative dia 08 (2026-07-07 → 2026-07-15) 48288 bytes
2026-07-07 09:37:48,329 [INFO] [OK] USA/ECM_ENSEMBLE_Corn_PRCP/cumulative dia 11 (2026-07-07 → 2026-07-18) 50101 bytes
2026-07-07 09:37:48,611 [INFO] [OK] USA/ECM_ENSEMBLE_Corn_PRCP/cumulative dia 12 (2026-07-07 → 2026-07-19) 50844 bytes
2026-07-07 09:37:48,936 [INFO] [OK] USA/ECM_ENSEMBLE_Soy_PRCP_DEP/daily dia 00 (2026-07-07 → 2026-07-07) 56183 bytes
2026-07-07 09:37:49,130 [INFO] [OK] USA/ECM_ENSEMBLE_Soy_PRCP_DEP/daily dia 01 (2026-07-08 → 2026-07-08) 55510 bytes
2026-07-07 09:37:49,244 [INFO] [OK] USA/ECM_ENSEMBLE_Corn_PRCP/cumulative dia 13 (2026-07-07 → 2026-07-20) 51382 bytes
2026-07-07 09:37:49,751 [INFO] [OK] USA/ECM_ENSEMBLE_Corn_PRCP/cumulative dia 14 (2026-07-07 → 2026-07-21) 51140 bytes
2026-07-07 09:37:49,927 [INFO] [OK] USA/ECM_ENSEMBLE_Soy_PRCP_DEP/daily dia 02 (2026-07-09 → 2026-07-09) 53917 bytes
2026-07-07 09:37:50,527 [INFO] [OK] USA/ECM_ENSEMBLE_Soy_PRCP_DEP/daily dia 03 (2026-07-10 → 2026-07-10) 52538 bytes
2026-07-07 09:37:50,942 [INFO] [OK] USA/ECM_ENSEMBLE_Soy_PRCP_DEP/daily dia 04 (2026-07-11 → 2026-07-11) 49813 bytes
2026-07-07 09:37:51,246 [INFO] [OK] USA/ECM_ENSEMBLE_Soy_PRCP_DEP/daily dia 05 (2026-07-12 → 2026-07-12) 49813 bytes
2026-07-07 09:37:51,353 [INFO] [OK] USA/ECM_ENSEMBLE_Soy_PRCP_DEP/daily dia 06 (2026-07-13 → 2026-07-13) 52623 bytes
2026-07-07 09:37:51,382 [INFO] [OK] USA/ECM_ENSEMBLE_Soy_PRCP_DEP/daily dia 07 (2026-07-14 → 2026-07-14) 53355 bytes
2026-07-07 09:37:51,871 [INFO] [OK] USA/ECM_ENSEMBLE_Soy_PRCP_DEP/daily dia 08 (2026-07-15 → 2026-07-15) 56942 bytes
2026-07-07 09:37:52,368 [INFO] [OK] USA/ECM_ENSEMBLE_Soy_PRCP_DEP/daily dia 09 (2026-07-16 → 2026-07-16) 57308 bytes
2026-07-07 09:37:52,594 [INFO] [OK] USA/ECM_ENSEMBLE_Soy_PRCP_DEP/daily dia 10 (2026-07-17 → 2026-07-17) 59694 bytes
2026-07-07 09:37:53,202 [INFO] [OK] USA/ECM_ENSEMBLE_Soy_PRCP_DEP/daily dia 11 (2026-07-18 → 2026-07-18) 59108 bytes
2026-07-07 09:37:53,477 [INFO] [OK] USA/ECM_ENSEMBLE_Soy_PRCP_DEP/daily dia 12 (2026-07-19 → 2026-07-19) 58475 bytes
2026-07-07 09:37:53,519 [INFO] [OK] USA/ECM_ENSEMBLE_Soy_PRCP_DEP/daily dia 13 (2026-07-20 → 2026-07-20) 58516 bytes
2026-07-07 09:37:53,715 [INFO] [OK] USA/ECM_ENSEMBLE_Soy_PRCP_DEP/daily dia 14 (2026-07-21 → 2026-07-21) 58549 bytes
2026-07-07 09:37:54,045 [INFO] [OK] USA/ECM_ENSEMBLE_Soy_PRCP_DEP/cumulative dia 00 (2026-07-07 → 2026-07-07) 56183 bytes
2026-07-07 09:37:54,340 [INFO] [OK] USA/ECM_ENSEMBLE_Soy_PRCP_DEP/cumulative dia 01 (2026-07-07 → 2026-07-08) 57512 bytes
2026-07-07 09:37:55,103 [INFO] [OK] USA/ECM_ENSEMBLE_Soy_PRCP_DEP/cumulative dia 02 (2026-07-07 → 2026-07-09) 58719 bytes
2026-07-07 09:37:55,692 [INFO] [OK] USA/ECM_ENSEMBLE_Soy_PRCP_DEP/cumulative dia 03 (2026-07-07 → 2026-07-10) 59240 bytes
2026-07-07 09:37:55,830 [INFO] [OK] USA/ECM_ENSEMBLE_Soy_PRCP_DEP/cumulative dia 04 (2026-07-07 → 2026-07-11) 59615 bytes
2026-07-07 09:37:56,404 [INFO] [OK] USA/ECM_ENSEMBLE_Soy_PRCP_DEP/cumulative dia 05 (2026-07-07 → 2026-07-12) 60700 bytes
2026-07-07 09:37:57,049 [INFO] [OK] USA/ECM_ENSEMBLE_Soy_PRCP_DEP/cumulative dia 06 (2026-07-07 → 2026-07-13) 61957 bytes
2026-07-07 09:37:57,430 [INFO] [OK] USA/ECM_ENSEMBLE_Soy_PRCP_DEP/cumulative dia 07 (2026-07-07 → 2026-07-14) 61805 bytes
2026-07-07 09:37:57,927 [INFO] [OK] USA/ECM_ENSEMBLE_Soy_PRCP_DEP/cumulative dia 08 (2026-07-07 → 2026-07-15) 61485 bytes
2026-07-07 09:37:58,907 [INFO] [OK] USA/ECM_ENSEMBLE_Soy_PRCP_DEP/cumulative dia 09 (2026-07-07 → 2026-07-16) 61634 bytes
2026-07-07 09:37:59,494 [INFO] [OK] USA/ECM_ENSEMBLE_Soy_PRCP_DEP/cumulative dia 10 (2026-07-07 → 2026-07-17) 60919 bytes
2026-07-07 09:38:00,233 [INFO] [OK] USA/ECM_ENSEMBLE_Soy_PRCP_DEP/cumulative dia 11 (2026-07-07 → 2026-07-18) 60589 bytes
2026-07-07 09:38:01,908 [INFO] [OK] USA/ECM_ENSEMBLE_Soy_PRCP/daily dia 02 (2026-07-09 → 2026-07-09) 36471 bytes
2026-07-07 09:38:02,379 [INFO] [OK] USA/ECM_ENSEMBLE_Soy_PRCP_DEP/cumulative dia 12 (2026-07-07 → 2026-07-19) 60120 bytes
2026-07-07 09:38:02,695 [INFO] [OK] USA/ECM_ENSEMBLE_Soy_PRCP/daily dia 00 (2026-07-07 → 2026-07-07) 38279 bytes
2026-07-07 09:38:02,723 [INFO] [OK] USA/ECM_ENSEMBLE_Soy_PRCP/daily dia 01 (2026-07-08 → 2026-07-08) 37345 bytes
2026-07-07 09:38:02,867 [INFO] [OK] USA/ECM_ENSEMBLE_Soy_PRCP_DEP/cumulative dia 14 (2026-07-07 → 2026-07-21) 59743 bytes
2026-07-07 09:38:02,916 [INFO] [OK] USA/ECM_ENSEMBLE_Soy_PRCP_DEP/cumulative dia 13 (2026-07-07 → 2026-07-20) 59937 bytes
2026-07-07 09:38:03,362 [INFO] [OK] USA/ECM_ENSEMBLE_Soy_PRCP/daily dia 03 (2026-07-10 → 2026-07-10) 36596 bytes
2026-07-07 09:38:03,887 [INFO] [OK] USA/ECM_ENSEMBLE_Soy_PRCP/daily dia 04 (2026-07-11 → 2026-07-11) 35561 bytes
2026-07-07 09:38:04,696 [INFO] [OK] USA/ECM_ENSEMBLE_Soy_PRCP/daily dia 06 (2026-07-13 → 2026-07-13) 35179 bytes
2026-07-07 09:38:04,778 [INFO] [OK] USA/ECM_ENSEMBLE_Soy_PRCP/daily dia 05 (2026-07-12 → 2026-07-12) 34357 bytes
2026-07-07 09:38:05,021 [INFO] [OK] USA/ECM_ENSEMBLE_Soy_PRCP/daily dia 07 (2026-07-14 → 2026-07-14) 34724 bytes
2026-07-07 09:38:05,199 [INFO] [OK] USA/ECM_ENSEMBLE_Soy_PRCP/daily dia 08 (2026-07-15 → 2026-07-15) 35663 bytes
2026-07-07 09:38:05,362 [INFO] [OK] USA/ECM_ENSEMBLE_Soy_PRCP/daily dia 09 (2026-07-16 → 2026-07-16) 36287 bytes
2026-07-07 09:38:05,575 [INFO] [OK] USA/ECM_ENSEMBLE_Soy_PRCP/daily dia 10 (2026-07-17 → 2026-07-17) 35650 bytes
2026-07-07 09:38:06,210 [INFO] [OK] USA/ECM_ENSEMBLE_Soy_PRCP/daily dia 11 (2026-07-18 → 2026-07-18) 35798 bytes
2026-07-07 09:38:06,294 [INFO] [OK] USA/ECM_ENSEMBLE_Soy_PRCP/daily dia 12 (2026-07-19 → 2026-07-19) 36134 bytes
2026-07-07 09:38:06,695 [INFO] [OK] USA/ECM_ENSEMBLE_Soy_PRCP/daily dia 14 (2026-07-21 → 2026-07-21) 35511 bytes
2026-07-07 09:38:06,710 [INFO] [OK] USA/ECM_ENSEMBLE_Soy_PRCP/daily dia 13 (2026-07-20 → 2026-07-20) 36272 bytes
2026-07-07 09:38:06,964 [INFO] [OK] USA/ECM_ENSEMBLE_Soy_PRCP/cumulative dia 00 (2026-07-07 → 2026-07-07) 38279 bytes
2026-07-07 09:38:07,423 [INFO] [OK] USA/ECM_ENSEMBLE_Soy_PRCP/cumulative dia 01 (2026-07-07 → 2026-07-08) 41203 bytes
2026-07-07 09:38:08,138 [INFO] [OK] USA/ECM_ENSEMBLE_Soy_PRCP/cumulative dia 02 (2026-07-07 → 2026-07-09) 42089 bytes
2026-07-07 09:38:08,641 [INFO] [OK] USA/ECM_ENSEMBLE_Soy_PRCP/cumulative dia 03 (2026-07-07 → 2026-07-10) 43233 bytes
2026-07-07 09:38:08,856 [INFO] [OK] USA/ECM_ENSEMBLE_Soy_PRCP/cumulative dia 04 (2026-07-07 → 2026-07-11) 44717 bytes
2026-07-07 09:38:08,943 [INFO] [OK] USA/ECM_ENSEMBLE_Soy_PRCP/cumulative dia 05 (2026-07-07 → 2026-07-12) 45679 bytes
2026-07-07 09:38:09,333 [INFO] [OK] USA/ECM_ENSEMBLE_Soy_PRCP/cumulative dia 06 (2026-07-07 → 2026-07-13) 46775 bytes
2026-07-07 09:38:09,850 [INFO] [OK] USA/ECM_ENSEMBLE_Soy_PRCP/cumulative dia 07 (2026-07-07 → 2026-07-14) 47765 bytes
2026-07-07 09:38:11,095 [INFO] [OK] USA/ECM_ENSEMBLE_Soy_PRCP/cumulative dia 08 (2026-07-07 → 2026-07-15) 48048 bytes
2026-07-07 09:38:11,684 [INFO] [OK] USA/ECM_ENSEMBLE_Soy_PRCP/cumulative dia 09 (2026-07-07 → 2026-07-16) 48467 bytes
2026-07-07 09:38:12,633 [INFO] [OK] USA/ECM_ENSEMBLE_Soy_PRCP/cumulative dia 11 (2026-07-07 → 2026-07-18) 49734 bytes
2026-07-07 09:38:12,721 [INFO] [OK] USA/ECM_ENSEMBLE_Soy_PRCP/cumulative dia 10 (2026-07-07 → 2026-07-17) 49188 bytes
2026-07-07 09:38:12,901 [INFO] [OK] USA/ECM_ENSEMBLE_Soy_PRCP/cumulative dia 12 (2026-07-07 → 2026-07-19) 50315 bytes
2026-07-07 09:38:13,230 [INFO] [OK] USA/ECM_ENSEMBLE_Soy_PRCP/cumulative dia 13 (2026-07-07 → 2026-07-20) 50809 bytes
2026-07-07 09:38:13,979 [INFO] [OK] USA/ECM_ENSEMBLE_Wheat_Winter_PRCP_DEP/daily dia 00 (2026-07-07 → 2026-07-07) 57876 bytes
2026-07-07 09:38:14,353 [INFO] [OK] USA/ECM_ENSEMBLE_Wheat_Winter_PRCP_DEP/daily dia 02 (2026-07-09 → 2026-07-09) 55330 bytes
2026-07-07 09:38:14,369 [INFO] [OK] USA/ECM_ENSEMBLE_Wheat_Winter_PRCP_DEP/daily dia 01 (2026-07-08 → 2026-07-08) 56800 bytes
2026-07-07 09:38:14,372 [INFO] [OK] USA/ECM_ENSEMBLE_Soy_PRCP/cumulative dia 14 (2026-07-07 → 2026-07-21) 50639 bytes
2026-07-07 09:38:14,737 [INFO] [OK] USA/ECM_ENSEMBLE_Wheat_Winter_PRCP_DEP/daily dia 03 (2026-07-10 → 2026-07-10) 53918 bytes
2026-07-07 09:38:14,861 [INFO] [OK] USA/ECM_ENSEMBLE_Wheat_Winter_PRCP_DEP/daily dia 04 (2026-07-11 → 2026-07-11) 51484 bytes
2026-07-07 09:38:15,814 [INFO] [OK] USA/ECM_ENSEMBLE_Wheat_Winter_PRCP_DEP/daily dia 05 (2026-07-12 → 2026-07-12) 51520 bytes
2026-07-07 09:38:16,184 [INFO] [OK] USA/ECM_ENSEMBLE_Wheat_Winter_PRCP_DEP/daily dia 08 (2026-07-15 → 2026-07-15) 58920 bytes
2026-07-07 09:38:16,466 [INFO] [OK] USA/ECM_ENSEMBLE_Wheat_Winter_PRCP_DEP/daily dia 07 (2026-07-14 → 2026-07-14) 55124 bytes
2026-07-07 09:38:16,545 [INFO] [OK] USA/ECM_ENSEMBLE_Wheat_Winter_PRCP_DEP/daily dia 09 (2026-07-16 → 2026-07-16) 59021 bytes
2026-07-07 09:38:16,631 [INFO] [OK] USA/ECM_ENSEMBLE_Wheat_Winter_PRCP_DEP/daily dia 06 (2026-07-13 → 2026-07-13) 54547 bytes
2026-07-07 09:38:16,726 [INFO] [OK] USA/ECM_ENSEMBLE_Wheat_Winter_PRCP_DEP/daily dia 10 (2026-07-17 → 2026-07-17) 60977 bytes
2026-07-07 09:38:17,368 [INFO] [OK] USA/ECM_ENSEMBLE_Wheat_Winter_PRCP_DEP/daily dia 11 (2026-07-18 → 2026-07-18) 60363 bytes
2026-07-07 09:38:17,862 [INFO] [OK] USA/ECM_ENSEMBLE_Wheat_Winter_PRCP_DEP/daily dia 12 (2026-07-19 → 2026-07-19) 59979 bytes
2026-07-07 09:38:18,274 [INFO] [OK] USA/ECM_ENSEMBLE_Wheat_Winter_PRCP_DEP/daily dia 13 (2026-07-20 → 2026-07-20) 60107 bytes
2026-07-07 09:38:18,629 [INFO] [OK] USA/ECM_ENSEMBLE_Wheat_Winter_PRCP_DEP/cumulative dia 00 (2026-07-07 → 2026-07-07) 57876 bytes
2026-07-07 09:38:18,645 [INFO] [OK] USA/ECM_ENSEMBLE_Wheat_Winter_PRCP_DEP/daily dia 14 (2026-07-21 → 2026-07-21) 59735 bytes
2026-07-07 09:38:18,806 [INFO] [OK] USA/ECM_ENSEMBLE_Wheat_Winter_PRCP_DEP/cumulative dia 01 (2026-07-07 → 2026-07-08) 58884 bytes
2026-07-07 09:38:19,408 [INFO] [OK] USA/ECM_ENSEMBLE_Wheat_Winter_PRCP_DEP/cumulative dia 02 (2026-07-07 → 2026-07-09) 59794 bytes
2026-07-07 09:38:20,075 [INFO] [OK] USA/ECM_ENSEMBLE_Wheat_Winter_PRCP_DEP/cumulative dia 03 (2026-07-07 → 2026-07-10) 60383 bytes
2026-07-07 09:38:20,391 [INFO] [OK] USA/ECM_ENSEMBLE_Wheat_Winter_PRCP_DEP/cumulative dia 04 (2026-07-07 → 2026-07-11) 60825 bytes
2026-07-07 09:38:20,818 [INFO] [OK] USA/ECM_ENSEMBLE_Wheat_Winter_PRCP_DEP/cumulative dia 05 (2026-07-07 → 2026-07-12) 62063 bytes
2026-07-07 09:38:21,144 [INFO] [OK] USA/ECM_ENSEMBLE_Wheat_Winter_PRCP_DEP/cumulative dia 06 (2026-07-07 → 2026-07-13) 63333 bytes
2026-07-07 09:38:21,607 [INFO] [OK] USA/ECM_ENSEMBLE_Wheat_Winter_PRCP_DEP/cumulative dia 07 (2026-07-07 → 2026-07-14) 63171 bytes
2026-07-07 09:38:22,289 [INFO] [OK] USA/ECM_ENSEMBLE_Wheat_Winter_PRCP_DEP/cumulative dia 08 (2026-07-07 → 2026-07-15) 62971 bytes
2026-07-07 09:38:22,922 [INFO] [OK] USA/ECM_ENSEMBLE_Wheat_Winter_PRCP_DEP/cumulative dia 09 (2026-07-07 → 2026-07-16) 63194 bytes
2026-07-07 09:38:23,809 [INFO] [OK] USA/ECM_ENSEMBLE_Wheat_Winter_PRCP_DEP/cumulative dia 10 (2026-07-07 → 2026-07-17) 62879 bytes
2026-07-07 09:38:24,026 [INFO] [OK] USA/ECM_ENSEMBLE_Wheat_Winter_PRCP_DEP/cumulative dia 11 (2026-07-07 → 2026-07-18) 62333 bytes
2026-07-07 09:38:24,670 [INFO] [OK] USA/ECM_ENSEMBLE_Wheat_Winter_PRCP/daily dia 00 (2026-07-07 → 2026-07-07) 39712 bytes
2026-07-07 09:38:25,135 [INFO] [OK] USA/ECM_ENSEMBLE_Wheat_Winter_PRCP_DEP/cumulative dia 12 (2026-07-07 → 2026-07-19) 61455 bytes
2026-07-07 09:38:25,138 [INFO] [OK] USA/ECM_ENSEMBLE_Wheat_Winter_PRCP_DEP/cumulative dia 13 (2026-07-07 → 2026-07-20) 61401 bytes
2026-07-07 09:38:25,555 [INFO] [OK] USA/ECM_ENSEMBLE_Wheat_Winter_PRCP/daily dia 01 (2026-07-08 → 2026-07-08) 38831 bytes
2026-07-07 09:38:25,899 [INFO] [OK] USA/ECM_ENSEMBLE_Wheat_Winter_PRCP/daily dia 02 (2026-07-09 → 2026-07-09) 38033 bytes
2026-07-07 09:38:25,900 [INFO] [OK] USA/ECM_ENSEMBLE_Wheat_Winter_PRCP_DEP/cumulative dia 14 (2026-07-07 → 2026-07-21) 60949 bytes
2026-07-07 09:38:26,384 [INFO] [OK] USA/ECM_ENSEMBLE_Wheat_Winter_PRCP/daily dia 03 (2026-07-10 → 2026-07-10) 38059 bytes
2026-07-07 09:38:27,682 [INFO] [OK] USA/ECM_ENSEMBLE_Wheat_Winter_PRCP/daily dia 04 (2026-07-11 → 2026-07-11) 37054 bytes
2026-07-07 09:38:27,686 [INFO] [OK] USA/ECM_ENSEMBLE_Wheat_Winter_PRCP/daily dia 06 (2026-07-13 → 2026-07-13) 36664 bytes
2026-07-07 09:38:27,834 [INFO] [OK] USA/ECM_ENSEMBLE_Wheat_Winter_PRCP/daily dia 05 (2026-07-12 → 2026-07-12) 35923 bytes
2026-07-07 09:38:27,839 [INFO] [OK] USA/ECM_ENSEMBLE_Wheat_Winter_PRCP/daily dia 07 (2026-07-14 → 2026-07-14) 36143 bytes
2026-07-07 09:38:27,843 [INFO] [OK] USA/ECM_ENSEMBLE_Wheat_Winter_PRCP/daily dia 08 (2026-07-15 → 2026-07-15) 37026 bytes
2026-07-07 09:38:28,631 [INFO] [OK] USA/ECM_ENSEMBLE_Wheat_Winter_PRCP/daily dia 09 (2026-07-16 → 2026-07-16) 37751 bytes
2026-07-07 09:38:29,658 [INFO] [OK] USA/ECM_ENSEMBLE_Wheat_Winter_PRCP/daily dia 13 (2026-07-20 → 2026-07-20) 37810 bytes
2026-07-07 09:38:29,851 [INFO] [OK] USA/ECM_ENSEMBLE_Wheat_Winter_PRCP/daily dia 12 (2026-07-19 → 2026-07-19) 37578 bytes
2026-07-07 09:38:29,856 [INFO] [OK] USA/ECM_ENSEMBLE_Wheat_Winter_PRCP/daily dia 14 (2026-07-21 → 2026-07-21) 36853 bytes
2026-07-07 09:38:29,857 [INFO] [OK] USA/ECM_ENSEMBLE_Wheat_Winter_PRCP/daily dia 10 (2026-07-17 → 2026-07-17) 37124 bytes
2026-07-07 09:38:29,866 [INFO] [OK] USA/ECM_ENSEMBLE_Wheat_Winter_PRCP/daily dia 11 (2026-07-18 → 2026-07-18) 37251 bytes
2026-07-07 09:38:30,222 [INFO] [OK] USA/ECM_ENSEMBLE_Wheat_Winter_PRCP/cumulative dia 00 (2026-07-07 → 2026-07-07) 39712 bytes
2026-07-07 09:38:31,442 [INFO] [OK] USA/ECM_ENSEMBLE_Wheat_Winter_PRCP/cumulative dia 01 (2026-07-07 → 2026-07-08) 42513 bytes
2026-07-07 09:38:31,971 [INFO] [OK] USA/ECM_ENSEMBLE_Wheat_Winter_PRCP/cumulative dia 03 (2026-07-07 → 2026-07-10) 45014 bytes
2026-07-07 09:38:32,213 [INFO] [OK] USA/ECM_ENSEMBLE_Wheat_Winter_PRCP/cumulative dia 02 (2026-07-07 → 2026-07-09) 43527 bytes
2026-07-07 09:38:32,232 [INFO] [OK] USA/ECM_ENSEMBLE_Wheat_Winter_PRCP/cumulative dia 04 (2026-07-07 → 2026-07-11) 46632 bytes
2026-07-07 09:38:32,310 [INFO] [OK] USA/ECM_ENSEMBLE_Wheat_Winter_PRCP/cumulative dia 05 (2026-07-07 → 2026-07-12) 47524 bytes
2026-07-07 09:38:32,735 [INFO] [OK] USA/ECM_ENSEMBLE_Wheat_Winter_PRCP/cumulative dia 06 (2026-07-07 → 2026-07-13) 48331 bytes
2026-07-07 09:38:33,876 [INFO] [OK] USA/ECM_ENSEMBLE_Wheat_Winter_PRCP/cumulative dia 07 (2026-07-07 → 2026-07-14) 49260 bytes
2026-07-07 09:38:34,497 [INFO] [OK] USA/ECM_ENSEMBLE_Wheat_Winter_PRCP/cumulative dia 08 (2026-07-07 → 2026-07-15) 49577 bytes
2026-07-07 09:38:35,283 [INFO] [OK] USA/ECM_ENSEMBLE_Wheat_Winter_PRCP/cumulative dia 09 (2026-07-07 → 2026-07-16) 50009 bytes
2026-07-07 09:38:35,548 [INFO] [OK] USA/ECM_ENSEMBLE_Wheat_Winter_PRCP/cumulative dia 10 (2026-07-07 → 2026-07-17) 50733 bytes
2026-07-07 09:38:35,593 [INFO] [OK] USA/ECM_ENSEMBLE_Wheat_Winter_PRCP/cumulative dia 11 (2026-07-07 → 2026-07-18) 51242 bytes
2026-07-07 09:38:36,129 [INFO] [OK] USA/ECM_ENSEMBLE_Wheat_Winter_PRCP/cumulative dia 12 (2026-07-07 → 2026-07-19) 51855 bytes
2026-07-07 09:38:36,858 [INFO] [OK] USA/ECM_ENSEMBLE_Wheat_Spring_PRCP_DEP/daily dia 00 (2026-07-07 → 2026-07-07) 54509 bytes
2026-07-07 09:38:37,209 [INFO] [OK] USA/ECM_ENSEMBLE_Wheat_Winter_PRCP/cumulative dia 13 (2026-07-07 → 2026-07-20) 52451 bytes
2026-07-07 09:38:37,417 [INFO] [OK] USA/ECM_ENSEMBLE_Wheat_Spring_PRCP_DEP/daily dia 01 (2026-07-08 → 2026-07-08) 53649 bytes
2026-07-07 09:38:37,598 [INFO] [OK] USA/ECM_ENSEMBLE_Wheat_Spring_PRCP_DEP/daily dia 02 (2026-07-09 → 2026-07-09) 51861 bytes
2026-07-07 09:38:37,866 [INFO] [OK] USA/ECM_ENSEMBLE_Wheat_Winter_PRCP/cumulative dia 14 (2026-07-07 → 2026-07-21) 52157 bytes
2026-07-07 09:38:38,072 [INFO] [OK] USA/ECM_ENSEMBLE_Wheat_Spring_PRCP_DEP/daily dia 03 (2026-07-10 → 2026-07-10) 50481 bytes
2026-07-07 09:38:38,512 [INFO] [OK] USA/ECM_ENSEMBLE_Wheat_Spring_PRCP_DEP/daily dia 04 (2026-07-11 → 2026-07-11) 47901 bytes
2026-07-07 09:38:38,861 [INFO] [OK] USA/ECM_ENSEMBLE_Wheat_Spring_PRCP_DEP/daily dia 05 (2026-07-12 → 2026-07-12) 47781 bytes
2026-07-07 09:38:39,157 [INFO] [OK] USA/ECM_ENSEMBLE_Wheat_Spring_PRCP_DEP/daily dia 06 (2026-07-13 → 2026-07-13) 51337 bytes
2026-07-07 09:38:39,611 [INFO] [OK] USA/ECM_ENSEMBLE_Wheat_Spring_PRCP_DEP/daily dia 07 (2026-07-14 → 2026-07-14) 51781 bytes
2026-07-07 09:38:39,827 [INFO] [OK] USA/ECM_ENSEMBLE_Wheat_Spring_PRCP_DEP/daily dia 09 (2026-07-16 → 2026-07-16) 55276 bytes
2026-07-07 09:38:39,935 [INFO] [OK] USA/ECM_ENSEMBLE_Wheat_Spring_PRCP_DEP/daily dia 08 (2026-07-15 → 2026-07-15) 55202 bytes
2026-07-07 09:38:40,555 [INFO] [OK] USA/ECM_ENSEMBLE_Wheat_Spring_PRCP_DEP/daily dia 10 (2026-07-17 → 2026-07-17) 57571 bytes
2026-07-07 09:38:40,785 [INFO] [OK] USA/ECM_ENSEMBLE_Wheat_Spring_PRCP_DEP/daily dia 11 (2026-07-18 → 2026-07-18) 57164 bytes
2026-07-07 09:38:40,969 [INFO] [OK] USA/ECM_ENSEMBLE_Wheat_Spring_PRCP_DEP/daily dia 12 (2026-07-19 → 2026-07-19) 56864 bytes
2026-07-07 09:38:41,501 [INFO] [OK] USA/ECM_ENSEMBLE_Wheat_Spring_PRCP_DEP/daily dia 13 (2026-07-20 → 2026-07-20) 57007 bytes
2026-07-07 09:38:41,717 [INFO] [OK] USA/ECM_ENSEMBLE_Wheat_Spring_PRCP_DEP/daily dia 14 (2026-07-21 → 2026-07-21) 56851 bytes
2026-07-07 09:38:41,742 [INFO] [OK] USA/ECM_ENSEMBLE_Wheat_Spring_PRCP_DEP/cumulative dia 00 (2026-07-07 → 2026-07-07) 54509 bytes
2026-07-07 09:38:42,223 [INFO] [OK] USA/ECM_ENSEMBLE_Wheat_Spring_PRCP_DEP/cumulative dia 01 (2026-07-07 → 2026-07-08) 55967 bytes
2026-07-07 09:38:42,739 [INFO] [OK] USA/ECM_ENSEMBLE_Wheat_Spring_PRCP_DEP/cumulative dia 02 (2026-07-07 → 2026-07-09) 56507 bytes
2026-07-07 09:38:43,882 [INFO] [OK] USA/ECM_ENSEMBLE_Wheat_Spring_PRCP_DEP/cumulative dia 03 (2026-07-07 → 2026-07-10) 57365 bytes
2026-07-07 09:38:44,631 [INFO] [OK] USA/ECM_ENSEMBLE_Wheat_Spring_PRCP_DEP/cumulative dia 04 (2026-07-07 → 2026-07-11) 57734 bytes
2026-07-07 09:38:44,670 [INFO] [OK] USA/ECM_ENSEMBLE_Wheat_Spring_PRCP_DEP/cumulative dia 05 (2026-07-07 → 2026-07-12) 59406 bytes
2026-07-07 09:38:44,706 [INFO] [OK] USA/ECM_ENSEMBLE_Wheat_Spring_PRCP_DEP/cumulative dia 06 (2026-07-07 → 2026-07-13) 60243 bytes
2026-07-07 09:38:44,760 [INFO] [OK] USA/ECM_ENSEMBLE_Wheat_Spring_PRCP_DEP/cumulative dia 07 (2026-07-07 → 2026-07-14) 60291 bytes
2026-07-07 09:38:45,271 [INFO] [OK] USA/ECM_ENSEMBLE_Wheat_Spring_PRCP_DEP/cumulative dia 08 (2026-07-07 → 2026-07-15) 60250 bytes
2026-07-07 09:38:47,042 [INFO] [OK] USA/ECM_ENSEMBLE_Wheat_Spring_PRCP_DEP/cumulative dia 09 (2026-07-07 → 2026-07-16) 60348 bytes
2026-07-07 09:38:47,962 [INFO] [OK] USA/ECM_ENSEMBLE_Wheat_Spring_PRCP_DEP/cumulative dia 10 (2026-07-07 → 2026-07-17) 59751 bytes
2026-07-07 09:38:48,034 [INFO] [OK] USA/ECM_ENSEMBLE_Wheat_Spring_PRCP_DEP/cumulative dia 11 (2026-07-07 → 2026-07-18) 59243 bytes
2026-07-07 09:38:48,196 [INFO] [OK] USA/ECM_ENSEMBLE_Wheat_Spring_PRCP_DEP/cumulative dia 12 (2026-07-07 → 2026-07-19) 58582 bytes
2026-07-07 09:38:48,493 [INFO] [OK] USA/ECM_ENSEMBLE_Wheat_Spring_PRCP_DEP/cumulative dia 13 (2026-07-07 → 2026-07-20) 58312 bytes
2026-07-07 09:38:48,737 [INFO] [OK] USA/ECM_ENSEMBLE_Wheat_Spring_PRCP/daily dia 00 (2026-07-07 → 2026-07-07) 36753 bytes
2026-07-07 09:38:48,738 [INFO] [OK] USA/ECM_ENSEMBLE_Wheat_Spring_PRCP_DEP/cumulative dia 14 (2026-07-07 → 2026-07-21) 58235 bytes
2026-07-07 09:38:49,608 [INFO] [OK] USA/ECM_ENSEMBLE_Wheat_Spring_PRCP/daily dia 02 (2026-07-09 → 2026-07-09) 34828 bytes
2026-07-07 09:38:49,659 [INFO] [OK] USA/ECM_ENSEMBLE_Wheat_Spring_PRCP/daily dia 01 (2026-07-08 → 2026-07-08) 35809 bytes
2026-07-07 09:38:50,027 [INFO] [OK] USA/ECM_ENSEMBLE_Wheat_Spring_PRCP/daily dia 03 (2026-07-10 → 2026-07-10) 34889 bytes
2026-07-07 09:38:50,310 [INFO] [OK] USA/ECM_ENSEMBLE_Wheat_Spring_PRCP/daily dia 05 (2026-07-12 → 2026-07-12) 32611 bytes
2026-07-07 09:38:50,460 [INFO] [OK] USA/ECM_ENSEMBLE_Wheat_Spring_PRCP/daily dia 04 (2026-07-11 → 2026-07-11) 33586 bytes
2026-07-07 09:38:50,671 [INFO] [OK] USA/ECM_ENSEMBLE_Wheat_Spring_PRCP/daily dia 06 (2026-07-13 → 2026-07-13) 33383 bytes
2026-07-07 09:38:51,447 [INFO] [OK] USA/ECM_ENSEMBLE_Wheat_Spring_PRCP/daily dia 08 (2026-07-15 → 2026-07-15) 34209 bytes
2026-07-07 09:38:51,449 [INFO] [OK] USA/ECM_ENSEMBLE_Wheat_Spring_PRCP/daily dia 07 (2026-07-14 → 2026-07-14) 33100 bytes
2026-07-07 09:38:51,626 [INFO] [OK] USA/ECM_ENSEMBLE_Wheat_Spring_PRCP/daily dia 09 (2026-07-16 → 2026-07-16) 34882 bytes
2026-07-07 09:38:51,951 [INFO] [OK] USA/ECM_ENSEMBLE_Wheat_Spring_PRCP/daily dia 11 (2026-07-18 → 2026-07-18) 34089 bytes
2026-07-07 09:38:52,352 [INFO] [OK] USA/ECM_ENSEMBLE_Wheat_Spring_PRCP/daily dia 10 (2026-07-17 → 2026-07-17) 34006 bytes
2026-07-07 09:38:52,427 [INFO] [OK] USA/ECM_ENSEMBLE_Wheat_Spring_PRCP/daily dia 12 (2026-07-19 → 2026-07-19) 34517 bytes
2026-07-07 09:38:53,214 [INFO] [OK] USA/ECM_ENSEMBLE_Wheat_Spring_PRCP/daily dia 14 (2026-07-21 → 2026-07-21) 34033 bytes
2026-07-07 09:38:53,497 [INFO] [OK] USA/ECM_ENSEMBLE_Wheat_Spring_PRCP/daily dia 13 (2026-07-20 → 2026-07-20) 34874 bytes
2026-07-07 09:38:53,933 [INFO] [OK] USA/ECM_ENSEMBLE_Wheat_Spring_PRCP/cumulative dia 01 (2026-07-07 → 2026-07-08) 39619 bytes
2026-07-07 09:38:54,071 [INFO] [OK] USA/ECM_ENSEMBLE_Wheat_Spring_PRCP/cumulative dia 00 (2026-07-07 → 2026-07-07) 36753 bytes
2026-07-07 09:38:54,327 [INFO] [OK] USA/ECM_ENSEMBLE_Wheat_Spring_PRCP/cumulative dia 02 (2026-07-07 → 2026-07-09) 40336 bytes
2026-07-07 09:38:54,427 [INFO] [OK] USA/ECM_ENSEMBLE_Wheat_Spring_PRCP/cumulative dia 03 (2026-07-07 → 2026-07-10) 41390 bytes
2026-07-07 09:38:55,397 [INFO] [OK] USA/ECM_ENSEMBLE_Wheat_Spring_PRCP/cumulative dia 04 (2026-07-07 → 2026-07-11) 42574 bytes
2026-07-07 09:38:55,590 [INFO] [OK] USA/ECM_ENSEMBLE_Wheat_Spring_PRCP/cumulative dia 05 (2026-07-07 → 2026-07-12) 43516 bytes
2026-07-07 09:38:56,458 [INFO] [OK] USA/ECM_ENSEMBLE_Wheat_Spring_PRCP/cumulative dia 06 (2026-07-07 → 2026-07-13) 44777 bytes
2026-07-07 09:38:56,964 [INFO] [OK] USA/ECM_ENSEMBLE_Wheat_Spring_PRCP/cumulative dia 07 (2026-07-07 → 2026-07-14) 45589 bytes
2026-07-07 09:38:57,524 [INFO] [OK] USA/ECM_ENSEMBLE_Wheat_Spring_PRCP/cumulative dia 09 (2026-07-07 → 2026-07-16) 46330 bytes
2026-07-07 09:38:57,543 [INFO] [OK] USA/ECM_ENSEMBLE_Wheat_Spring_PRCP/cumulative dia 08 (2026-07-07 → 2026-07-15) 45782 bytes
2026-07-07 09:38:58,601 [INFO] [OK] USA/ECM_ENSEMBLE_Wheat_Spring_PRCP/cumulative dia 10 (2026-07-07 → 2026-07-17) 47018 bytes
2026-07-07 09:38:58,876 [INFO] [OK] USA/ECM_ENSEMBLE_Wheat_Spring_PRCP/cumulative dia 11 (2026-07-07 → 2026-07-18) 47478 bytes
2026-07-07 09:38:59,840 [INFO] [OK] USA/ECM_ENSEMBLE_Wheat_Spring_PRCP/cumulative dia 12 (2026-07-07 → 2026-07-19) 48016 bytes
2026-07-07 09:39:00,098 [INFO] [OK] USA/ECM_ENSEMBLE_Wheat_Spring_PRCP/cumulative dia 13 (2026-07-07 → 2026-07-20) 48655 bytes
2026-07-07 09:39:00,795 [INFO] [OK] USA/ECM_ENSEMBLE_Wheat_Spring_PRCP/cumulative dia 14 (2026-07-07 → 2026-07-21) 48507 bytes
2026-07-07 09:39:00,826 [INFO] Resumo: 960/960 sucessos, 0 erros
2026-07-07 09:39:02,044 [INFO] [CLEANUP] Removidas 80 pastas de histórico anteriores a 2026-06-07
2026-07-07 09:39:02,073 [INFO] Manifest: C:\Users\server\OneDrive - CGB Enterprises, Inc\ZGC-PBI Research - Documents\Dataset Data Files\Weather_maps\manifest.json
2026-07-07 09:39:02,074 [INFO] [GIT] Iniciando sincronização com GitHub...
2026-07-07 09:40:36,629 [INFO] [GIT] Sucesso ✓
2026-07-07 09:40:36,641 [INFO] ✓ Sincronizado com GitHub — Power BI atualiza no próximo refresh
