2026-09-02 09:33:18,431 [INFO] === Execução 2026-09-02 | modo=both | dias=15 | parâmetro=['PRCP_DEP', 'PRCP'] ===
2026-09-02 09:33:18,434 [INFO] Baixando 960 mapas com 6 threads...
2026-09-02 09:33:21,210 [INFO] [OK] Brazil/GFS_ENSEMBLE_Soy_PRCP_DEP/daily dia 01 (2026-09-03 → 2026-09-03) 37931 bytes
2026-09-02 09:33:21,217 [INFO] [OK] Brazil/GFS_ENSEMBLE_Soy_PRCP_DEP/daily dia 05 (2026-09-07 → 2026-09-07) 41748 bytes
2026-09-02 09:33:21,219 [INFO] [OK] Brazil/GFS_ENSEMBLE_Soy_PRCP_DEP/daily dia 00 (2026-09-02 → 2026-09-02) 35849 bytes
2026-09-02 09:33:21,222 [INFO] [OK] Brazil/GFS_ENSEMBLE_Soy_PRCP_DEP/daily dia 02 (2026-09-04 → 2026-09-04) 41836 bytes
2026-09-02 09:33:21,337 [INFO] [OK] Brazil/GFS_ENSEMBLE_Soy_PRCP_DEP/daily dia 04 (2026-09-06 → 2026-09-06) 45851 bytes
2026-09-02 09:33:21,339 [INFO] [OK] Brazil/GFS_ENSEMBLE_Soy_PRCP_DEP/daily dia 03 (2026-09-05 → 2026-09-05) 44167 bytes
2026-09-02 09:33:22,660 [INFO] [OK] Brazil/GFS_ENSEMBLE_Soy_PRCP_DEP/daily dia 07 (2026-09-09 → 2026-09-09) 52760 bytes
2026-09-02 09:33:22,851 [INFO] [OK] Brazil/GFS_ENSEMBLE_Soy_PRCP_DEP/daily dia 09 (2026-09-11 → 2026-09-11) 49344 bytes
2026-09-02 09:33:22,853 [INFO] [OK] Brazil/GFS_ENSEMBLE_Soy_PRCP_DEP/daily dia 10 (2026-09-12 → 2026-09-12) 48291 bytes
2026-09-02 09:33:22,856 [INFO] [OK] Brazil/GFS_ENSEMBLE_Soy_PRCP_DEP/daily dia 08 (2026-09-10 → 2026-09-10) 52202 bytes
2026-09-02 09:33:23,002 [INFO] [OK] Brazil/GFS_ENSEMBLE_Soy_PRCP_DEP/daily dia 11 (2026-09-13 → 2026-09-13) 48461 bytes
2026-09-02 09:33:23,005 [INFO] [OK] Brazil/GFS_ENSEMBLE_Soy_PRCP_DEP/daily dia 06 (2026-09-08 → 2026-09-08) 45613 bytes
2026-09-02 09:33:24,199 [INFO] [OK] Brazil/GFS_ENSEMBLE_Soy_PRCP_DEP/daily dia 12 (2026-09-14 → 2026-09-14) 47916 bytes
2026-09-02 09:33:24,308 [INFO] [OK] Brazil/GFS_ENSEMBLE_Soy_PRCP_DEP/daily dia 14 (2026-09-16 → 2026-09-16) 49270 bytes
2026-09-02 09:33:24,309 [INFO] [OK] Brazil/GFS_ENSEMBLE_Soy_PRCP_DEP/daily dia 13 (2026-09-15 → 2026-09-15) 50180 bytes
2026-09-02 09:33:24,404 [INFO] [OK] Brazil/GFS_ENSEMBLE_Soy_PRCP_DEP/cumulative dia 00 (2026-09-02 → 2026-09-02) 35849 bytes
2026-09-02 09:33:24,545 [INFO] [OK] Brazil/GFS_ENSEMBLE_Soy_PRCP_DEP/cumulative dia 01 (2026-09-02 → 2026-09-03) 39759 bytes
2026-09-02 09:33:24,602 [INFO] [OK] Brazil/GFS_ENSEMBLE_Soy_PRCP_DEP/cumulative dia 02 (2026-09-02 → 2026-09-04) 41953 bytes
2026-09-02 09:33:25,995 [INFO] [OK] Brazil/GFS_ENSEMBLE_Soy_PRCP_DEP/cumulative dia 03 (2026-09-02 → 2026-09-05) 44418 bytes
2026-09-02 09:33:26,151 [INFO] [OK] Brazil/GFS_ENSEMBLE_Soy_PRCP_DEP/cumulative dia 05 (2026-09-02 → 2026-09-07) 45845 bytes
2026-09-02 09:33:26,165 [INFO] [OK] Brazil/GFS_ENSEMBLE_Soy_PRCP_DEP/cumulative dia 04 (2026-09-02 → 2026-09-06) 45789 bytes
2026-09-02 09:33:26,276 [INFO] [OK] Brazil/GFS_ENSEMBLE_Soy_PRCP_DEP/cumulative dia 06 (2026-09-02 → 2026-09-08) 46668 bytes
2026-09-02 09:33:26,491 [INFO] [OK] Brazil/GFS_ENSEMBLE_Soy_PRCP_DEP/cumulative dia 07 (2026-09-02 → 2026-09-09) 49445 bytes
2026-09-02 09:33:26,721 [INFO] [OK] Brazil/GFS_ENSEMBLE_Soy_PRCP_DEP/cumulative dia 08 (2026-09-02 → 2026-09-10) 51398 bytes
2026-09-02 09:33:28,239 [INFO] [OK] Brazil/GFS_ENSEMBLE_Soy_PRCP_DEP/cumulative dia 09 (2026-09-02 → 2026-09-11) 52256 bytes
2026-09-02 09:33:28,404 [INFO] [OK] Brazil/GFS_ENSEMBLE_Soy_PRCP_DEP/cumulative dia 10 (2026-09-02 → 2026-09-12) 52302 bytes
2026-09-02 09:33:28,513 [INFO] [OK] Brazil/GFS_ENSEMBLE_Soy_PRCP_DEP/cumulative dia 11 (2026-09-02 → 2026-09-13) 52274 bytes
2026-09-02 09:33:28,586 [INFO] [OK] Brazil/GFS_ENSEMBLE_Soy_PRCP_DEP/cumulative dia 12 (2026-09-02 → 2026-09-14) 51768 bytes
2026-09-02 09:33:29,050 [INFO] [OK] Brazil/GFS_ENSEMBLE_Soy_PRCP_DEP/cumulative dia 13 (2026-09-02 → 2026-09-15) 51809 bytes
2026-09-02 09:33:29,225 [INFO] [OK] Brazil/GFS_ENSEMBLE_Soy_PRCP_DEP/cumulative dia 14 (2026-09-02 → 2026-09-16) 51414 bytes
2026-09-02 09:33:29,573 [INFO] [OK] Brazil/GFS_ENSEMBLE_Soy_PRCP/daily dia 00 (2026-09-02 → 2026-09-02) 28774 bytes
2026-09-02 09:33:29,763 [INFO] [OK] Brazil/GFS_ENSEMBLE_Soy_PRCP/daily dia 01 (2026-09-03 → 2026-09-03) 28225 bytes
2026-09-02 09:33:29,969 [INFO] [OK] Brazil/GFS_ENSEMBLE_Soy_PRCP/daily dia 03 (2026-09-05 → 2026-09-05) 30156 bytes
2026-09-02 09:33:29,973 [INFO] [OK] Brazil/GFS_ENSEMBLE_Soy_PRCP/daily dia 02 (2026-09-04 → 2026-09-04) 28720 bytes
2026-09-02 09:33:30,469 [INFO] [OK] Brazil/GFS_ENSEMBLE_Soy_PRCP/daily dia 04 (2026-09-06 → 2026-09-06) 29752 bytes
2026-09-02 09:33:30,531 [INFO] [OK] Brazil/GFS_ENSEMBLE_Soy_PRCP/daily dia 05 (2026-09-07 → 2026-09-07) 29238 bytes
2026-09-02 09:33:30,926 [INFO] [OK] Brazil/GFS_ENSEMBLE_Soy_PRCP/daily dia 06 (2026-09-08 → 2026-09-08) 29463 bytes
2026-09-02 09:33:31,176 [INFO] [OK] Brazil/GFS_ENSEMBLE_Soy_PRCP/daily dia 07 (2026-09-09 → 2026-09-09) 31833 bytes
2026-09-02 09:33:31,416 [INFO] [OK] Brazil/GFS_ENSEMBLE_Soy_PRCP/daily dia 09 (2026-09-11 → 2026-09-11) 31883 bytes
2026-09-02 09:33:31,417 [INFO] [OK] Brazil/GFS_ENSEMBLE_Soy_PRCP/daily dia 08 (2026-09-10 → 2026-09-10) 32566 bytes
2026-09-02 09:33:31,862 [INFO] [OK] Brazil/GFS_ENSEMBLE_Soy_PRCP/daily dia 10 (2026-09-12 → 2026-09-12) 31173 bytes
2026-09-02 09:33:31,884 [INFO] [OK] Brazil/GFS_ENSEMBLE_Soy_PRCP/daily dia 11 (2026-09-13 → 2026-09-13) 29920 bytes
2026-09-02 09:33:32,235 [INFO] [OK] Brazil/GFS_ENSEMBLE_Soy_PRCP/daily dia 12 (2026-09-14 → 2026-09-14) 30423 bytes
2026-09-02 09:33:32,566 [INFO] [OK] Brazil/GFS_ENSEMBLE_Soy_PRCP/daily dia 13 (2026-09-15 → 2026-09-15) 30216 bytes
2026-09-02 09:33:32,854 [INFO] [OK] Brazil/GFS_ENSEMBLE_Soy_PRCP/cumulative dia 00 (2026-09-02 → 2026-09-02) 28774 bytes
2026-09-02 09:33:32,930 [INFO] [OK] Brazil/GFS_ENSEMBLE_Soy_PRCP/daily dia 14 (2026-09-16 → 2026-09-16) 29970 bytes
2026-09-02 09:33:33,364 [INFO] [OK] Brazil/GFS_ENSEMBLE_Soy_PRCP/cumulative dia 02 (2026-09-02 → 2026-09-04) 30904 bytes
2026-09-02 09:33:33,371 [INFO] [OK] Brazil/GFS_ENSEMBLE_Soy_PRCP/cumulative dia 01 (2026-09-02 → 2026-09-03) 29440 bytes
2026-09-02 09:33:33,892 [INFO] [OK] Brazil/GFS_ENSEMBLE_Soy_PRCP/cumulative dia 03 (2026-09-02 → 2026-09-05) 32909 bytes
2026-09-02 09:33:34,208 [INFO] [OK] Brazil/GFS_ENSEMBLE_Soy_PRCP/cumulative dia 04 (2026-09-02 → 2026-09-06) 34532 bytes
2026-09-02 09:33:34,818 [INFO] [OK] Brazil/GFS_ENSEMBLE_Soy_PRCP/cumulative dia 06 (2026-09-02 → 2026-09-08) 36740 bytes
2026-09-02 09:33:34,821 [INFO] [OK] Brazil/GFS_ENSEMBLE_Soy_PRCP/cumulative dia 05 (2026-09-02 → 2026-09-07) 35595 bytes
2026-09-02 09:33:35,206 [INFO] [OK] Brazil/GFS_ENSEMBLE_Soy_PRCP/cumulative dia 07 (2026-09-02 → 2026-09-09) 38450 bytes
2026-09-02 09:33:35,378 [INFO] [OK] Brazil/GFS_ENSEMBLE_Soy_PRCP/cumulative dia 08 (2026-09-02 → 2026-09-10) 39189 bytes
2026-09-02 09:33:36,052 [INFO] [OK] Brazil/GFS_ENSEMBLE_Soy_PRCP/cumulative dia 09 (2026-09-02 → 2026-09-11) 40366 bytes
2026-09-02 09:33:36,407 [INFO] [OK] Brazil/GFS_ENSEMBLE_Soy_PRCP/cumulative dia 10 (2026-09-02 → 2026-09-12) 41126 bytes
2026-09-02 09:33:37,065 [INFO] [OK] Brazil/GFS_ENSEMBLE_Soy_PRCP/cumulative dia 11 (2026-09-02 → 2026-09-13) 41675 bytes
2026-09-02 09:33:37,205 [INFO] [OK] Brazil/GFS_ENSEMBLE_Soy_PRCP/cumulative dia 12 (2026-09-02 → 2026-09-14) 41806 bytes
2026-09-02 09:33:37,673 [INFO] [OK] Brazil/GFS_ENSEMBLE_Corn_Winter_PRCP_DEP/daily dia 00 (2026-09-02 → 2026-09-02) 34101 bytes
2026-09-02 09:33:37,826 [INFO] [OK] Brazil/GFS_ENSEMBLE_Corn_Winter_PRCP_DEP/daily dia 01 (2026-09-03 → 2026-09-03) 35960 bytes
2026-09-02 09:33:37,850 [INFO] [OK] Brazil/GFS_ENSEMBLE_Soy_PRCP/cumulative dia 13 (2026-09-02 → 2026-09-15) 42470 bytes
2026-09-02 09:33:37,851 [INFO] [OK] Brazil/GFS_ENSEMBLE_Soy_PRCP/cumulative dia 14 (2026-09-02 → 2026-09-16) 42775 bytes
2026-09-02 09:33:38,402 [INFO] [OK] Brazil/GFS_ENSEMBLE_Corn_Winter_PRCP_DEP/daily dia 02 (2026-09-04 → 2026-09-04) 40093 bytes
2026-09-02 09:33:38,606 [INFO] [OK] Brazil/GFS_ENSEMBLE_Corn_Winter_PRCP_DEP/daily dia 03 (2026-09-05 → 2026-09-05) 42590 bytes
2026-09-02 09:33:39,012 [INFO] [OK] Brazil/GFS_ENSEMBLE_Corn_Winter_PRCP_DEP/daily dia 04 (2026-09-06 → 2026-09-06) 44398 bytes
2026-09-02 09:33:39,236 [INFO] [OK] Brazil/GFS_ENSEMBLE_Corn_Winter_PRCP_DEP/daily dia 05 (2026-09-07 → 2026-09-07) 40094 bytes
2026-09-02 09:33:39,373 [INFO] [OK] Brazil/GFS_ENSEMBLE_Corn_Winter_PRCP_DEP/daily dia 06 (2026-09-08 → 2026-09-08) 44074 bytes
2026-09-02 09:33:39,377 [INFO] [OK] Brazil/GFS_ENSEMBLE_Corn_Winter_PRCP_DEP/daily dia 07 (2026-09-09 → 2026-09-09) 51375 bytes
2026-09-02 09:33:39,865 [INFO] [OK] Brazil/GFS_ENSEMBLE_Corn_Winter_PRCP_DEP/daily dia 08 (2026-09-10 → 2026-09-10) 50317 bytes
2026-09-02 09:33:40,181 [INFO] [OK] Brazil/GFS_ENSEMBLE_Corn_Winter_PRCP_DEP/daily dia 09 (2026-09-11 → 2026-09-11) 47673 bytes
2026-09-02 09:33:40,312 [INFO] [OK] Brazil/GFS_ENSEMBLE_Corn_Winter_PRCP_DEP/daily dia 10 (2026-09-12 → 2026-09-12) 46669 bytes
2026-09-02 09:33:40,578 [INFO] [OK] Brazil/GFS_ENSEMBLE_Corn_Winter_PRCP_DEP/daily dia 11 (2026-09-13 → 2026-09-13) 46733 bytes
2026-09-02 09:33:40,766 [INFO] [OK] Brazil/GFS_ENSEMBLE_Corn_Winter_PRCP_DEP/daily dia 13 (2026-09-15 → 2026-09-15) 48540 bytes
2026-09-02 09:33:40,778 [INFO] [OK] Brazil/GFS_ENSEMBLE_Corn_Winter_PRCP_DEP/daily dia 12 (2026-09-14 → 2026-09-14) 46149 bytes
2026-09-02 09:33:41,286 [INFO] [OK] Brazil/GFS_ENSEMBLE_Corn_Winter_PRCP_DEP/daily dia 14 (2026-09-16 → 2026-09-16) 47721 bytes
2026-09-02 09:33:41,701 [INFO] [OK] Brazil/GFS_ENSEMBLE_Corn_Winter_PRCP_DEP/cumulative dia 00 (2026-09-02 → 2026-09-02) 34101 bytes
2026-09-02 09:33:41,729 [INFO] [OK] Brazil/GFS_ENSEMBLE_Corn_Winter_PRCP_DEP/cumulative dia 01 (2026-09-02 → 2026-09-03) 37863 bytes
2026-09-02 09:33:42,053 [INFO] [OK] Brazil/GFS_ENSEMBLE_Corn_Winter_PRCP_DEP/cumulative dia 02 (2026-09-02 → 2026-09-04) 40309 bytes
2026-09-02 09:33:42,335 [INFO] [OK] Brazil/GFS_ENSEMBLE_Corn_Winter_PRCP_DEP/cumulative dia 03 (2026-09-02 → 2026-09-05) 42784 bytes
2026-09-02 09:33:42,423 [INFO] [OK] Brazil/GFS_ENSEMBLE_Corn_Winter_PRCP_DEP/cumulative dia 04 (2026-09-02 → 2026-09-06) 44208 bytes
2026-09-02 09:33:42,999 [INFO] [OK] Brazil/GFS_ENSEMBLE_Corn_Winter_PRCP_DEP/cumulative dia 05 (2026-09-02 → 2026-09-07) 44115 bytes
2026-09-02 09:33:44,013 [INFO] [OK] Brazil/GFS_ENSEMBLE_Corn_Winter_PRCP_DEP/cumulative dia 06 (2026-09-02 → 2026-09-08) 44867 bytes
2026-09-02 09:33:44,023 [INFO] [OK] Brazil/GFS_ENSEMBLE_Corn_Winter_PRCP_DEP/cumulative dia 07 (2026-09-02 → 2026-09-09) 47709 bytes
2026-09-02 09:33:44,117 [INFO] [OK] Brazil/GFS_ENSEMBLE_Corn_Winter_PRCP_DEP/cumulative dia 08 (2026-09-02 → 2026-09-10) 49637 bytes
2026-09-02 09:33:44,382 [INFO] [OK] Brazil/GFS_ENSEMBLE_Corn_Winter_PRCP_DEP/cumulative dia 09 (2026-09-02 → 2026-09-11) 50418 bytes
2026-09-02 09:33:44,648 [INFO] [OK] Brazil/GFS_ENSEMBLE_Corn_Winter_PRCP_DEP/cumulative dia 10 (2026-09-02 → 2026-09-12) 50306 bytes
2026-09-02 09:33:45,379 [INFO] [OK] Brazil/GFS_ENSEMBLE_Corn_Winter_PRCP_DEP/cumulative dia 11 (2026-09-02 → 2026-09-13) 50515 bytes
2026-09-02 09:33:45,742 [INFO] [OK] Brazil/GFS_ENSEMBLE_Corn_Winter_PRCP/daily dia 00 (2026-09-02 → 2026-09-02) 27161 bytes
2026-09-02 09:33:46,104 [INFO] [OK] Brazil/GFS_ENSEMBLE_Corn_Winter_PRCP/daily dia 01 (2026-09-03 → 2026-09-03) 26653 bytes
2026-09-02 09:33:46,669 [INFO] [OK] Brazil/GFS_ENSEMBLE_Corn_Winter_PRCP_DEP/cumulative dia 12 (2026-09-02 → 2026-09-14) 49934 bytes
2026-09-02 09:33:46,694 [INFO] [OK] Brazil/GFS_ENSEMBLE_Corn_Winter_PRCP_DEP/cumulative dia 13 (2026-09-02 → 2026-09-15) 49875 bytes
2026-09-02 09:33:47,264 [INFO] [OK] Brazil/GFS_ENSEMBLE_Corn_Winter_PRCP/daily dia 02 (2026-09-04 → 2026-09-04) 27260 bytes
2026-09-02 09:33:47,289 [INFO] [OK] Brazil/GFS_ENSEMBLE_Corn_Winter_PRCP_DEP/cumulative dia 14 (2026-09-02 → 2026-09-16) 49746 bytes
2026-09-02 09:33:47,428 [INFO] [OK] Brazil/GFS_ENSEMBLE_Corn_Winter_PRCP/daily dia 03 (2026-09-05 → 2026-09-05) 28663 bytes
2026-09-02 09:33:47,520 [INFO] [OK] Brazil/GFS_ENSEMBLE_Corn_Winter_PRCP/daily dia 04 (2026-09-06 → 2026-09-06) 28354 bytes
2026-09-02 09:33:48,094 [INFO] [OK] Brazil/GFS_ENSEMBLE_Corn_Winter_PRCP/daily dia 06 (2026-09-08 → 2026-09-08) 27979 bytes
2026-09-02 09:33:48,095 [INFO] [OK] Brazil/GFS_ENSEMBLE_Corn_Winter_PRCP/daily dia 05 (2026-09-07 → 2026-09-07) 27635 bytes
2026-09-02 09:33:48,732 [INFO] [OK] Brazil/GFS_ENSEMBLE_Corn_Winter_PRCP/daily dia 07 (2026-09-09 → 2026-09-09) 30303 bytes
2026-09-02 09:33:48,768 [INFO] [OK] Brazil/GFS_ENSEMBLE_Corn_Winter_PRCP/daily dia 08 (2026-09-10 → 2026-09-10) 31107 bytes
2026-09-02 09:33:48,810 [INFO] [OK] Brazil/GFS_ENSEMBLE_Corn_Winter_PRCP/daily dia 10 (2026-09-12 → 2026-09-12) 29769 bytes
2026-09-02 09:33:48,874 [INFO] [OK] Brazil/GFS_ENSEMBLE_Corn_Winter_PRCP/daily dia 09 (2026-09-11 → 2026-09-11) 30402 bytes
2026-09-02 09:33:49,386 [INFO] [OK] Brazil/GFS_ENSEMBLE_Corn_Winter_PRCP/daily dia 12 (2026-09-14 → 2026-09-14) 28939 bytes
2026-09-02 09:33:49,456 [INFO] [OK] Brazil/GFS_ENSEMBLE_Corn_Winter_PRCP/daily dia 11 (2026-09-13 → 2026-09-13) 28508 bytes
2026-09-02 09:33:50,039 [INFO] [OK] Brazil/GFS_ENSEMBLE_Corn_Winter_PRCP/daily dia 14 (2026-09-16 → 2026-09-16) 28317 bytes
2026-09-02 09:33:50,173 [INFO] [OK] Brazil/GFS_ENSEMBLE_Corn_Winter_PRCP/daily dia 13 (2026-09-15 → 2026-09-15) 28760 bytes
2026-09-02 09:33:50,229 [INFO] [OK] Brazil/GFS_ENSEMBLE_Corn_Winter_PRCP/cumulative dia 00 (2026-09-02 → 2026-09-02) 27161 bytes
2026-09-02 09:33:50,437 [INFO] [OK] Brazil/GFS_ENSEMBLE_Corn_Winter_PRCP/cumulative dia 01 (2026-09-02 → 2026-09-03) 27796 bytes
2026-09-02 09:33:50,821 [INFO] [OK] Brazil/GFS_ENSEMBLE_Corn_Winter_PRCP/cumulative dia 02 (2026-09-02 → 2026-09-04) 29402 bytes
2026-09-02 09:33:51,020 [INFO] [OK] Brazil/GFS_ENSEMBLE_Corn_Winter_PRCP/cumulative dia 03 (2026-09-02 → 2026-09-05) 31368 bytes
2026-09-02 09:33:51,779 [INFO] [OK] Brazil/GFS_ENSEMBLE_Corn_Winter_PRCP/cumulative dia 04 (2026-09-02 → 2026-09-06) 33087 bytes
2026-09-02 09:33:52,031 [INFO] [OK] Brazil/GFS_ENSEMBLE_Corn_Winter_PRCP/cumulative dia 05 (2026-09-02 → 2026-09-07) 34052 bytes
2026-09-02 09:33:53,438 [INFO] [OK] Brazil/GFS_ENSEMBLE_Corn_Winter_PRCP/cumulative dia 06 (2026-09-02 → 2026-09-08) 35195 bytes
2026-09-02 09:33:53,440 [INFO] [OK] Brazil/GFS_ENSEMBLE_Corn_Winter_PRCP/cumulative dia 07 (2026-09-02 → 2026-09-09) 37073 bytes
2026-09-02 09:33:53,446 [INFO] [OK] Brazil/GFS_ENSEMBLE_Corn_Winter_PRCP/cumulative dia 09 (2026-09-02 → 2026-09-11) 38953 bytes
2026-09-02 09:33:53,447 [INFO] [OK] Brazil/GFS_ENSEMBLE_Corn_Winter_PRCP/cumulative dia 08 (2026-09-02 → 2026-09-10) 37894 bytes
2026-09-02 09:33:53,967 [INFO] [OK] Brazil/GFS_ENSEMBLE_Corn_Winter_PRCP/cumulative dia 10 (2026-09-02 → 2026-09-12) 39597 bytes
2026-09-02 09:33:54,326 [INFO] [OK] Brazil/GFS_ENSEMBLE_Corn_Winter_PRCP/cumulative dia 11 (2026-09-02 → 2026-09-13) 40193 bytes
2026-09-02 09:33:55,039 [INFO] [OK] Brazil/ECM_ENSEMBLE_Soy_PRCP_DEP/daily dia 00 (2026-09-02 → 2026-09-02) 47072 bytes
2026-09-02 09:33:55,400 [INFO] [OK] Brazil/ECM_ENSEMBLE_Soy_PRCP_DEP/daily dia 01 (2026-09-03 → 2026-09-03) 46759 bytes
2026-09-02 09:33:55,795 [INFO] [OK] Brazil/ECM_ENSEMBLE_Soy_PRCP_DEP/daily dia 02 (2026-09-04 → 2026-09-04) 49092 bytes
2026-09-02 09:33:55,824 [INFO] [OK] Brazil/GFS_ENSEMBLE_Corn_Winter_PRCP/cumulative dia 12 (2026-09-02 → 2026-09-14) 40264 bytes
2026-09-02 09:33:55,826 [INFO] [OK] Brazil/GFS_ENSEMBLE_Corn_Winter_PRCP/cumulative dia 13 (2026-09-02 → 2026-09-15) 40897 bytes
2026-09-02 09:33:55,932 [INFO] [OK] Brazil/GFS_ENSEMBLE_Corn_Winter_PRCP/cumulative dia 14 (2026-09-02 → 2026-09-16) 41212 bytes
2026-09-02 09:33:56,483 [INFO] [OK] Brazil/ECM_ENSEMBLE_Soy_PRCP_DEP/daily dia 03 (2026-09-05 → 2026-09-05) 47443 bytes
2026-09-02 09:33:56,773 [INFO] [OK] Brazil/ECM_ENSEMBLE_Soy_PRCP_DEP/daily dia 04 (2026-09-06 → 2026-09-06) 45649 bytes
2026-09-02 09:33:57,286 [INFO] [OK] Brazil/ECM_ENSEMBLE_Soy_PRCP_DEP/daily dia 05 (2026-09-07 → 2026-09-07) 42917 bytes
2026-09-02 09:33:57,309 [INFO] [OK] Brazil/ECM_ENSEMBLE_Soy_PRCP_DEP/daily dia 07 (2026-09-09 → 2026-09-09) 51635 bytes
2026-09-02 09:33:57,312 [INFO] [OK] Brazil/ECM_ENSEMBLE_Soy_PRCP_DEP/daily dia 08 (2026-09-10 → 2026-09-10) 51253 bytes
2026-09-02 09:33:57,334 [INFO] [OK] Brazil/ECM_ENSEMBLE_Soy_PRCP_DEP/daily dia 06 (2026-09-08 → 2026-09-08) 47468 bytes
2026-09-02 09:33:57,868 [INFO] [OK] Brazil/ECM_ENSEMBLE_Soy_PRCP_DEP/daily dia 09 (2026-09-11 → 2026-09-11) 51064 bytes
2026-09-02 09:33:58,230 [INFO] [OK] Brazil/ECM_ENSEMBLE_Soy_PRCP_DEP/daily dia 10 (2026-09-12 → 2026-09-12) 50339 bytes
2026-09-02 09:33:58,742 [INFO] [OK] Brazil/ECM_ENSEMBLE_Soy_PRCP_DEP/daily dia 12 (2026-09-14 → 2026-09-14) 53894 bytes
2026-09-02 09:33:59,303 [INFO] [OK] Brazil/ECM_ENSEMBLE_Soy_PRCP_DEP/daily dia 11 (2026-09-13 → 2026-09-13) 52100 bytes
2026-09-02 09:33:59,324 [INFO] [OK] Brazil/ECM_ENSEMBLE_Soy_PRCP_DEP/daily dia 14 (2026-09-16 → 2026-09-16) 52839 bytes
2026-09-02 09:33:59,373 [INFO] [OK] Brazil/ECM_ENSEMBLE_Soy_PRCP_DEP/cumulative dia 00 (2026-09-02 → 2026-09-02) 47072 bytes
2026-09-02 09:33:59,378 [INFO] [OK] Brazil/ECM_ENSEMBLE_Soy_PRCP_DEP/daily dia 13 (2026-09-15 → 2026-09-15) 54081 bytes
2026-09-02 09:33:59,743 [INFO] [OK] Brazil/ECM_ENSEMBLE_Soy_PRCP_DEP/cumulative dia 01 (2026-09-02 → 2026-09-03) 49134 bytes
2026-09-02 09:34:00,282 [INFO] [OK] Brazil/ECM_ENSEMBLE_Soy_PRCP_DEP/cumulative dia 02 (2026-09-02 → 2026-09-04) 53045 bytes
2026-09-02 09:34:01,005 [INFO] [OK] Brazil/ECM_ENSEMBLE_Soy_PRCP_DEP/cumulative dia 03 (2026-09-02 → 2026-09-05) 52115 bytes
2026-09-02 09:34:01,274 [INFO] [OK] Brazil/ECM_ENSEMBLE_Soy_PRCP_DEP/cumulative dia 04 (2026-09-02 → 2026-09-06) 50868 bytes
2026-09-02 09:34:01,414 [INFO] [OK] Brazil/ECM_ENSEMBLE_Soy_PRCP_DEP/cumulative dia 05 (2026-09-02 → 2026-09-07) 51004 bytes
2026-09-02 09:34:01,418 [INFO] [OK] Brazil/ECM_ENSEMBLE_Soy_PRCP_DEP/cumulative dia 06 (2026-09-02 → 2026-09-08) 51291 bytes
2026-09-02 09:34:01,714 [INFO] [OK] Brazil/ECM_ENSEMBLE_Soy_PRCP_DEP/cumulative dia 07 (2026-09-02 → 2026-09-09) 52223 bytes
2026-09-02 09:34:02,434 [INFO] [OK] Brazil/ECM_ENSEMBLE_Soy_PRCP_DEP/cumulative dia 08 (2026-09-02 → 2026-09-10) 50781 bytes
2026-09-02 09:34:03,112 [INFO] [OK] Brazil/ECM_ENSEMBLE_Soy_PRCP_DEP/cumulative dia 09 (2026-09-02 → 2026-09-11) 50646 bytes
2026-09-02 09:34:03,404 [INFO] [OK] Brazil/ECM_ENSEMBLE_Soy_PRCP_DEP/cumulative dia 10 (2026-09-02 → 2026-09-12) 51129 bytes
2026-09-02 09:34:03,636 [INFO] [OK] Brazil/ECM_ENSEMBLE_Soy_PRCP_DEP/cumulative dia 11 (2026-09-02 → 2026-09-13) 51223 bytes
2026-09-02 09:34:03,722 [INFO] [OK] Brazil/ECM_ENSEMBLE_Soy_PRCP_DEP/cumulative dia 12 (2026-09-02 → 2026-09-14) 51548 bytes
2026-09-02 09:34:04,362 [INFO] [OK] Brazil/ECM_ENSEMBLE_Soy_PRCP_DEP/cumulative dia 13 (2026-09-02 → 2026-09-15) 51874 bytes
2026-09-02 09:34:04,453 [INFO] [OK] Brazil/ECM_ENSEMBLE_Soy_PRCP/daily dia 00 (2026-09-02 → 2026-09-02) 31261 bytes
2026-09-02 09:34:04,720 [INFO] [OK] Brazil/ECM_ENSEMBLE_Soy_PRCP/daily dia 01 (2026-09-03 → 2026-09-03) 29990 bytes
2026-09-02 09:34:05,055 [INFO] [OK] Brazil/ECM_ENSEMBLE_Soy_PRCP_DEP/cumulative dia 14 (2026-09-02 → 2026-09-16) 51880 bytes
2026-09-02 09:34:05,270 [INFO] [OK] Brazil/ECM_ENSEMBLE_Soy_PRCP/daily dia 02 (2026-09-04 → 2026-09-04) 31055 bytes
2026-09-02 09:34:05,270 [INFO] [OK] Brazil/ECM_ENSEMBLE_Soy_PRCP/daily dia 03 (2026-09-05 → 2026-09-05) 32819 bytes
2026-09-02 09:34:05,722 [INFO] [OK] Brazil/ECM_ENSEMBLE_Soy_PRCP/daily dia 04 (2026-09-06 → 2026-09-06) 32261 bytes
2026-09-02 09:34:05,799 [INFO] [OK] Brazil/ECM_ENSEMBLE_Soy_PRCP/daily dia 05 (2026-09-07 → 2026-09-07) 30979 bytes
2026-09-02 09:34:06,048 [INFO] [OK] Brazil/ECM_ENSEMBLE_Soy_PRCP/daily dia 06 (2026-09-08 → 2026-09-08) 31025 bytes
2026-09-02 09:34:06,621 [INFO] [OK] Brazil/ECM_ENSEMBLE_Soy_PRCP/daily dia 09 (2026-09-11 → 2026-09-11) 32332 bytes
2026-09-02 09:34:06,857 [INFO] [OK] Brazil/ECM_ENSEMBLE_Soy_PRCP/daily dia 07 (2026-09-09 → 2026-09-09) 34374 bytes
2026-09-02 09:34:06,910 [INFO] [OK] Brazil/ECM_ENSEMBLE_Soy_PRCP/daily dia 08 (2026-09-10 → 2026-09-10) 35108 bytes
2026-09-02 09:34:07,112 [INFO] [OK] Brazil/ECM_ENSEMBLE_Soy_PRCP/daily dia 11 (2026-09-13 → 2026-09-13) 30284 bytes
2026-09-02 09:34:07,249 [INFO] [OK] Brazil/ECM_ENSEMBLE_Soy_PRCP/daily dia 10 (2026-09-12 → 2026-09-12) 30871 bytes
2026-09-02 09:34:07,447 [INFO] [OK] Brazil/ECM_ENSEMBLE_Soy_PRCP/daily dia 12 (2026-09-14 → 2026-09-14) 30639 bytes
2026-09-02 09:34:08,020 [INFO] [OK] Brazil/ECM_ENSEMBLE_Soy_PRCP/daily dia 13 (2026-09-15 → 2026-09-15) 30694 bytes
2026-09-02 09:34:08,228 [INFO] [OK] Brazil/ECM_ENSEMBLE_Soy_PRCP/daily dia 14 (2026-09-16 → 2026-09-16) 30700 bytes
2026-09-02 09:34:08,236 [INFO] [OK] Brazil/ECM_ENSEMBLE_Soy_PRCP/cumulative dia 00 (2026-09-02 → 2026-09-02) 31261 bytes
2026-09-02 09:34:08,540 [INFO] [OK] Brazil/ECM_ENSEMBLE_Soy_PRCP/cumulative dia 01 (2026-09-02 → 2026-09-03) 33303 bytes
2026-09-02 09:34:08,844 [INFO] [OK] Brazil/ECM_ENSEMBLE_Soy_PRCP/cumulative dia 02 (2026-09-02 → 2026-09-04) 35394 bytes
2026-09-02 09:34:09,056 [INFO] [OK] Brazil/ECM_ENSEMBLE_Soy_PRCP/cumulative dia 03 (2026-09-02 → 2026-09-05) 37277 bytes
2026-09-02 09:34:09,682 [INFO] [OK] Brazil/ECM_ENSEMBLE_Soy_PRCP/cumulative dia 04 (2026-09-02 → 2026-09-06) 39342 bytes
2026-09-02 09:34:10,019 [INFO] [OK] Brazil/ECM_ENSEMBLE_Soy_PRCP/cumulative dia 05 (2026-09-02 → 2026-09-07) 39840 bytes
2026-09-02 09:34:10,610 [INFO] [OK] Brazil/ECM_ENSEMBLE_Soy_PRCP/cumulative dia 06 (2026-09-02 → 2026-09-08) 40743 bytes
2026-09-02 09:34:10,614 [INFO] [OK] Brazil/ECM_ENSEMBLE_Soy_PRCP/cumulative dia 07 (2026-09-02 → 2026-09-09) 42419 bytes
2026-09-02 09:34:10,772 [INFO] [OK] Brazil/ECM_ENSEMBLE_Soy_PRCP/cumulative dia 08 (2026-09-02 → 2026-09-10) 43807 bytes
2026-09-02 09:34:11,055 [INFO] [OK] Brazil/ECM_ENSEMBLE_Soy_PRCP/cumulative dia 09 (2026-09-02 → 2026-09-11) 44424 bytes
2026-09-02 09:34:11,746 [INFO] [OK] Brazil/ECM_ENSEMBLE_Soy_PRCP/cumulative dia 10 (2026-09-02 → 2026-09-12) 44854 bytes
2026-09-02 09:34:12,487 [INFO] [OK] Brazil/ECM_ENSEMBLE_Corn_Winter_PRCP_DEP/daily dia 00 (2026-09-02 → 2026-09-02) 45570 bytes
2026-09-02 09:34:12,875 [INFO] [OK] Brazil/ECM_ENSEMBLE_Soy_PRCP/cumulative dia 12 (2026-09-02 → 2026-09-14) 45252 bytes
2026-09-02 09:34:13,030 [INFO] [OK] Brazil/ECM_ENSEMBLE_Soy_PRCP/cumulative dia 11 (2026-09-02 → 2026-09-13) 44967 bytes
2026-09-02 09:34:13,100 [INFO] [OK] Brazil/ECM_ENSEMBLE_Soy_PRCP/cumulative dia 13 (2026-09-02 → 2026-09-15) 45202 bytes
2026-09-02 09:34:13,257 [INFO] [OK] Brazil/ECM_ENSEMBLE_Corn_Winter_PRCP_DEP/daily dia 01 (2026-09-03 → 2026-09-03) 45142 bytes
2026-09-02 09:34:13,392 [INFO] [OK] Brazil/ECM_ENSEMBLE_Soy_PRCP/cumulative dia 14 (2026-09-02 → 2026-09-16) 45780 bytes
2026-09-02 09:34:13,810 [INFO] [OK] Brazil/ECM_ENSEMBLE_Corn_Winter_PRCP_DEP/daily dia 02 (2026-09-04 → 2026-09-04) 47745 bytes
2026-09-02 09:34:14,211 [INFO] [OK] Brazil/ECM_ENSEMBLE_Corn_Winter_PRCP_DEP/daily dia 03 (2026-09-05 → 2026-09-05) 46016 bytes
2026-09-02 09:34:14,474 [INFO] [OK] Brazil/ECM_ENSEMBLE_Corn_Winter_PRCP_DEP/daily dia 04 (2026-09-06 → 2026-09-06) 44440 bytes
2026-09-02 09:34:14,555 [INFO] [OK] Brazil/ECM_ENSEMBLE_Corn_Winter_PRCP_DEP/daily dia 05 (2026-09-07 → 2026-09-07) 41736 bytes
2026-09-02 09:34:14,739 [INFO] [OK] Brazil/ECM_ENSEMBLE_Corn_Winter_PRCP_DEP/daily dia 06 (2026-09-08 → 2026-09-08) 46217 bytes
2026-09-02 09:34:14,766 [INFO] [OK] Brazil/ECM_ENSEMBLE_Corn_Winter_PRCP_DEP/daily dia 07 (2026-09-09 → 2026-09-09) 50061 bytes
2026-09-02 09:34:15,276 [INFO] [OK] Brazil/ECM_ENSEMBLE_Corn_Winter_PRCP_DEP/daily dia 08 (2026-09-10 → 2026-09-10) 49476 bytes
2026-09-02 09:34:15,588 [INFO] [OK] Brazil/ECM_ENSEMBLE_Corn_Winter_PRCP_DEP/daily dia 09 (2026-09-11 → 2026-09-11) 49467 bytes
2026-09-02 09:34:15,857 [INFO] [OK] Brazil/ECM_ENSEMBLE_Corn_Winter_PRCP_DEP/daily dia 10 (2026-09-12 → 2026-09-12) 49091 bytes
2026-09-02 09:34:16,033 [INFO] [OK] Brazil/ECM_ENSEMBLE_Corn_Winter_PRCP_DEP/daily dia 11 (2026-09-13 → 2026-09-13) 50422 bytes
2026-09-02 09:34:16,220 [INFO] [OK] Brazil/ECM_ENSEMBLE_Corn_Winter_PRCP_DEP/daily dia 13 (2026-09-15 → 2026-09-15) 52646 bytes
2026-09-02 09:34:16,227 [INFO] [OK] Brazil/ECM_ENSEMBLE_Corn_Winter_PRCP_DEP/daily dia 12 (2026-09-14 → 2026-09-14) 52315 bytes
2026-09-02 09:34:16,670 [INFO] [OK] Brazil/ECM_ENSEMBLE_Corn_Winter_PRCP_DEP/daily dia 14 (2026-09-16 → 2026-09-16) 51632 bytes
2026-09-02 09:34:16,975 [INFO] [OK] Brazil/ECM_ENSEMBLE_Corn_Winter_PRCP_DEP/cumulative dia 00 (2026-09-02 → 2026-09-02) 45570 bytes
2026-09-02 09:34:17,365 [INFO] [OK] Brazil/ECM_ENSEMBLE_Corn_Winter_PRCP_DEP/cumulative dia 01 (2026-09-02 → 2026-09-03) 47622 bytes
2026-09-02 09:34:17,966 [INFO] [OK] Brazil/ECM_ENSEMBLE_Corn_Winter_PRCP_DEP/cumulative dia 02 (2026-09-02 → 2026-09-04) 51764 bytes
2026-09-02 09:34:17,971 [INFO] [OK] Brazil/ECM_ENSEMBLE_Corn_Winter_PRCP_DEP/cumulative dia 03 (2026-09-02 → 2026-09-05) 50696 bytes
2026-09-02 09:34:17,973 [INFO] [OK] Brazil/ECM_ENSEMBLE_Corn_Winter_PRCP_DEP/cumulative dia 04 (2026-09-02 → 2026-09-06) 49430 bytes
2026-09-02 09:34:19,006 [INFO] [OK] Brazil/ECM_ENSEMBLE_Corn_Winter_PRCP_DEP/cumulative dia 05 (2026-09-02 → 2026-09-07) 49540 bytes
2026-09-02 09:34:19,010 [INFO] [OK] Brazil/ECM_ENSEMBLE_Corn_Winter_PRCP_DEP/cumulative dia 06 (2026-09-02 → 2026-09-08) 49878 bytes
2026-09-02 09:34:19,254 [INFO] [OK] Brazil/ECM_ENSEMBLE_Corn_Winter_PRCP_DEP/cumulative dia 07 (2026-09-02 → 2026-09-09) 50730 bytes
2026-09-02 09:34:20,229 [INFO] [OK] Brazil/ECM_ENSEMBLE_Corn_Winter_PRCP_DEP/cumulative dia 08 (2026-09-02 → 2026-09-10) 49297 bytes
2026-09-02 09:34:20,365 [INFO] [OK] Brazil/ECM_ENSEMBLE_Corn_Winter_PRCP_DEP/cumulative dia 09 (2026-09-02 → 2026-09-11) 49070 bytes
2026-09-02 09:34:20,368 [INFO] [OK] Brazil/ECM_ENSEMBLE_Corn_Winter_PRCP_DEP/cumulative dia 10 (2026-09-02 → 2026-09-12) 49570 bytes
2026-09-02 09:34:21,277 [INFO] [OK] Brazil/ECM_ENSEMBLE_Corn_Winter_PRCP_DEP/cumulative dia 12 (2026-09-02 → 2026-09-14) 49887 bytes
2026-09-02 09:34:21,280 [INFO] [OK] Brazil/ECM_ENSEMBLE_Corn_Winter_PRCP_DEP/cumulative dia 11 (2026-09-02 → 2026-09-13) 49716 bytes
2026-09-02 09:34:21,643 [INFO] [OK] Brazil/ECM_ENSEMBLE_Corn_Winter_PRCP_DEP/cumulative dia 13 (2026-09-02 → 2026-09-15) 50336 bytes
2026-09-02 09:34:21,682 [INFO] [OK] Brazil/ECM_ENSEMBLE_Corn_Winter_PRCP/daily dia 01 (2026-09-03 → 2026-09-03) 28378 bytes
2026-09-02 09:34:21,702 [INFO] [OK] Brazil/ECM_ENSEMBLE_Corn_Winter_PRCP/daily dia 00 (2026-09-02 → 2026-09-02) 29850 bytes
2026-09-02 09:34:22,750 [INFO] [OK] Brazil/ECM_ENSEMBLE_Corn_Winter_PRCP_DEP/cumulative dia 14 (2026-09-02 → 2026-09-16) 50374 bytes
2026-09-02 09:34:22,796 [INFO] [OK] Brazil/ECM_ENSEMBLE_Corn_Winter_PRCP/daily dia 02 (2026-09-04 → 2026-09-04) 29586 bytes
2026-09-02 09:34:22,893 [INFO] [OK] Brazil/ECM_ENSEMBLE_Corn_Winter_PRCP/daily dia 03 (2026-09-05 → 2026-09-05) 31244 bytes
2026-09-02 09:34:23,027 [INFO] [OK] Brazil/ECM_ENSEMBLE_Corn_Winter_PRCP/daily dia 06 (2026-09-08 → 2026-09-08) 29696 bytes
2026-09-02 09:34:23,088 [INFO] [OK] Brazil/ECM_ENSEMBLE_Corn_Winter_PRCP/daily dia 04 (2026-09-06 → 2026-09-06) 30612 bytes
2026-09-02 09:34:23,213 [INFO] [OK] Brazil/ECM_ENSEMBLE_Corn_Winter_PRCP/daily dia 05 (2026-09-07 → 2026-09-07) 29455 bytes
2026-09-02 09:34:24,399 [INFO] [OK] Brazil/ECM_ENSEMBLE_Corn_Winter_PRCP/daily dia 07 (2026-09-09 → 2026-09-09) 32997 bytes
2026-09-02 09:34:24,405 [INFO] [OK] Brazil/ECM_ENSEMBLE_Corn_Winter_PRCP/daily dia 08 (2026-09-10 → 2026-09-10) 33551 bytes
2026-09-02 09:34:24,407 [INFO] [OK] Brazil/ECM_ENSEMBLE_Corn_Winter_PRCP/daily dia 09 (2026-09-11 → 2026-09-11) 30748 bytes
2026-09-02 09:34:24,409 [INFO] [OK] Brazil/ECM_ENSEMBLE_Corn_Winter_PRCP/daily dia 11 (2026-09-13 → 2026-09-13) 28828 bytes
2026-09-02 09:34:24,526 [INFO] [OK] Brazil/ECM_ENSEMBLE_Corn_Winter_PRCP/daily dia 10 (2026-09-12 → 2026-09-12) 29460 bytes
2026-09-02 09:34:24,652 [INFO] [OK] Brazil/ECM_ENSEMBLE_Corn_Winter_PRCP/daily dia 12 (2026-09-14 → 2026-09-14) 29254 bytes
2026-09-02 09:34:25,699 [INFO] [OK] Brazil/ECM_ENSEMBLE_Corn_Winter_PRCP/daily dia 14 (2026-09-16 → 2026-09-16) 29132 bytes
2026-09-02 09:34:25,805 [INFO] [OK] Brazil/ECM_ENSEMBLE_Corn_Winter_PRCP/cumulative dia 01 (2026-09-02 → 2026-09-03) 31809 bytes
2026-09-02 09:34:25,881 [INFO] [OK] Brazil/ECM_ENSEMBLE_Corn_Winter_PRCP/cumulative dia 00 (2026-09-02 → 2026-09-02) 29850 bytes
2026-09-02 09:34:26,018 [INFO] [OK] Brazil/ECM_ENSEMBLE_Corn_Winter_PRCP/cumulative dia 02 (2026-09-02 → 2026-09-04) 33739 bytes
2026-09-02 09:34:26,019 [INFO] [OK] Brazil/ECM_ENSEMBLE_Corn_Winter_PRCP/daily dia 13 (2026-09-15 → 2026-09-15) 29336 bytes
2026-09-02 09:34:26,152 [INFO] [OK] Brazil/ECM_ENSEMBLE_Corn_Winter_PRCP/cumulative dia 03 (2026-09-02 → 2026-09-05) 35679 bytes
2026-09-02 09:34:27,382 [INFO] [OK] Brazil/ECM_ENSEMBLE_Corn_Winter_PRCP/cumulative dia 04 (2026-09-02 → 2026-09-06) 37703 bytes
2026-09-02 09:34:27,666 [INFO] [OK] Brazil/ECM_ENSEMBLE_Corn_Winter_PRCP/cumulative dia 05 (2026-09-02 → 2026-09-07) 38042 bytes
2026-09-02 09:34:27,732 [INFO] [OK] Brazil/ECM_ENSEMBLE_Corn_Winter_PRCP/cumulative dia 06 (2026-09-02 → 2026-09-08) 38906 bytes
2026-09-02 09:34:27,977 [INFO] [OK] Brazil/ECM_ENSEMBLE_Corn_Winter_PRCP/cumulative dia 07 (2026-09-02 → 2026-09-09) 40630 bytes
2026-09-02 09:34:28,075 [INFO] [OK] Brazil/ECM_ENSEMBLE_Corn_Winter_PRCP/cumulative dia 08 (2026-09-02 → 2026-09-10) 41907 bytes
2026-09-02 09:34:28,218 [INFO] [OK] Brazil/ECM_ENSEMBLE_Corn_Winter_PRCP/cumulative dia 09 (2026-09-02 → 2026-09-11) 42305 bytes
2026-09-02 09:34:29,231 [INFO] [OK] Argentina/GFS_ENSEMBLE_Soy_PRCP_DEP/daily dia 00 (2026-09-02 → 2026-09-02) 32971 bytes
2026-09-02 09:34:29,466 [INFO] [OK] Brazil/ECM_ENSEMBLE_Corn_Winter_PRCP/cumulative dia 10 (2026-09-02 → 2026-09-12) 42962 bytes
2026-09-02 09:34:29,811 [INFO] [OK] Brazil/ECM_ENSEMBLE_Corn_Winter_PRCP/cumulative dia 11 (2026-09-02 → 2026-09-13) 43023 bytes
2026-09-02 09:34:30,263 [INFO] [OK] Brazil/ECM_ENSEMBLE_Corn_Winter_PRCP/cumulative dia 12 (2026-09-02 → 2026-09-14) 43324 bytes
2026-09-02 09:34:30,305 [INFO] [OK] Argentina/GFS_ENSEMBLE_Soy_PRCP_DEP/daily dia 01 (2026-09-03 → 2026-09-03) 30417 bytes
2026-09-02 09:34:30,364 [INFO] [OK] Brazil/ECM_ENSEMBLE_Corn_Winter_PRCP/cumulative dia 13 (2026-09-02 → 2026-09-15) 43463 bytes
2026-09-02 09:34:30,449 [INFO] [OK] Argentina/GFS_ENSEMBLE_Soy_PRCP_DEP/daily dia 02 (2026-09-04 → 2026-09-04) 34655 bytes
2026-09-02 09:34:30,477 [INFO] [OK] Brazil/ECM_ENSEMBLE_Corn_Winter_PRCP/cumulative dia 14 (2026-09-02 → 2026-09-16) 43843 bytes
2026-09-02 09:34:30,810 [INFO] [OK] Argentina/GFS_ENSEMBLE_Soy_PRCP_DEP/daily dia 03 (2026-09-05 → 2026-09-05) 38202 bytes
2026-09-02 09:34:31,826 [INFO] [OK] Argentina/GFS_ENSEMBLE_Soy_PRCP_DEP/daily dia 05 (2026-09-07 → 2026-09-07) 31792 bytes
2026-09-02 09:34:31,828 [INFO] [OK] Argentina/GFS_ENSEMBLE_Soy_PRCP_DEP/daily dia 04 (2026-09-06 → 2026-09-06) 37341 bytes
2026-09-02 09:34:31,906 [INFO] [OK] Argentina/GFS_ENSEMBLE_Soy_PRCP_DEP/daily dia 09 (2026-09-11 → 2026-09-11) 41336 bytes
2026-09-02 09:34:31,908 [INFO] [OK] Argentina/GFS_ENSEMBLE_Soy_PRCP_DEP/daily dia 07 (2026-09-09 → 2026-09-09) 44322 bytes
2026-09-02 09:34:31,911 [INFO] [OK] Argentina/GFS_ENSEMBLE_Soy_PRCP_DEP/daily dia 08 (2026-09-10 → 2026-09-10) 41797 bytes
2026-09-02 09:34:31,914 [INFO] [OK] Argentina/GFS_ENSEMBLE_Soy_PRCP_DEP/daily dia 06 (2026-09-08 → 2026-09-08) 33942 bytes
2026-09-02 09:34:32,971 [INFO] [OK] Argentina/GFS_ENSEMBLE_Soy_PRCP_DEP/daily dia 13 (2026-09-15 → 2026-09-15) 44329 bytes
2026-09-02 09:34:33,062 [INFO] [OK] Argentina/GFS_ENSEMBLE_Soy_PRCP_DEP/daily dia 11 (2026-09-13 → 2026-09-13) 42998 bytes
2026-09-02 09:34:33,063 [INFO] [OK] Argentina/GFS_ENSEMBLE_Soy_PRCP_DEP/daily dia 10 (2026-09-12 → 2026-09-12) 40837 bytes
2026-09-02 09:34:33,124 [INFO] [OK] Argentina/GFS_ENSEMBLE_Soy_PRCP_DEP/daily dia 12 (2026-09-14 → 2026-09-14) 42655 bytes
2026-09-02 09:34:33,172 [INFO] [OK] Argentina/GFS_ENSEMBLE_Soy_PRCP_DEP/daily dia 14 (2026-09-16 → 2026-09-16) 43049 bytes
2026-09-02 09:34:33,334 [INFO] [OK] Argentina/GFS_ENSEMBLE_Soy_PRCP_DEP/cumulative dia 00 (2026-09-02 → 2026-09-02) 32971 bytes
2026-09-02 09:34:34,043 [INFO] [OK] Argentina/GFS_ENSEMBLE_Soy_PRCP_DEP/cumulative dia 01 (2026-09-02 → 2026-09-03) 33383 bytes
2026-09-02 09:34:34,197 [INFO] [OK] Argentina/GFS_ENSEMBLE_Soy_PRCP_DEP/cumulative dia 02 (2026-09-02 → 2026-09-04) 35129 bytes
2026-09-02 09:34:34,211 [INFO] [OK] Argentina/GFS_ENSEMBLE_Soy_PRCP_DEP/cumulative dia 03 (2026-09-02 → 2026-09-05) 38073 bytes
2026-09-02 09:34:34,305 [INFO] [OK] Argentina/GFS_ENSEMBLE_Soy_PRCP_DEP/cumulative dia 04 (2026-09-02 → 2026-09-06) 38125 bytes
2026-09-02 09:34:34,467 [INFO] [OK] Argentina/GFS_ENSEMBLE_Soy_PRCP_DEP/cumulative dia 05 (2026-09-02 → 2026-09-07) 37880 bytes
2026-09-02 09:34:34,634 [INFO] [OK] Argentina/GFS_ENSEMBLE_Soy_PRCP_DEP/cumulative dia 06 (2026-09-02 → 2026-09-08) 37718 bytes
2026-09-02 09:34:35,477 [INFO] [OK] Argentina/GFS_ENSEMBLE_Soy_PRCP_DEP/cumulative dia 07 (2026-09-02 → 2026-09-09) 40188 bytes
2026-09-02 09:34:35,784 [INFO] [OK] Argentina/GFS_ENSEMBLE_Soy_PRCP_DEP/cumulative dia 08 (2026-09-02 → 2026-09-10) 42482 bytes
2026-09-02 09:34:35,792 [INFO] [OK] Argentina/GFS_ENSEMBLE_Soy_PRCP_DEP/cumulative dia 09 (2026-09-02 → 2026-09-11) 43522 bytes
2026-09-02 09:34:35,919 [INFO] [OK] Argentina/GFS_ENSEMBLE_Soy_PRCP_DEP/cumulative dia 10 (2026-09-02 → 2026-09-12) 43233 bytes
2026-09-02 09:34:35,967 [INFO] [OK] Argentina/GFS_ENSEMBLE_Soy_PRCP_DEP/cumulative dia 11 (2026-09-02 → 2026-09-13) 43325 bytes
2026-09-02 09:34:36,251 [INFO] [OK] Argentina/GFS_ENSEMBLE_Soy_PRCP_DEP/cumulative dia 12 (2026-09-02 → 2026-09-14) 42884 bytes
2026-09-02 09:34:36,862 [INFO] [OK] Argentina/GFS_ENSEMBLE_Soy_PRCP/daily dia 00 (2026-09-02 → 2026-09-02) 26539 bytes
2026-09-02 09:34:36,948 [INFO] [OK] Argentina/GFS_ENSEMBLE_Soy_PRCP/daily dia 02 (2026-09-04 → 2026-09-04) 26589 bytes
2026-09-02 09:34:36,991 [INFO] [OK] Argentina/GFS_ENSEMBLE_Soy_PRCP/daily dia 01 (2026-09-03 → 2026-09-03) 25460 bytes
2026-09-02 09:34:37,129 [INFO] [OK] Argentina/GFS_ENSEMBLE_Soy_PRCP_DEP/cumulative dia 13 (2026-09-02 → 2026-09-15) 43167 bytes
2026-09-02 09:34:37,233 [INFO] [OK] Argentina/GFS_ENSEMBLE_Soy_PRCP/daily dia 03 (2026-09-05 → 2026-09-05) 27847 bytes
2026-09-02 09:34:37,598 [INFO] [OK] Argentina/GFS_ENSEMBLE_Soy_PRCP_DEP/cumulative dia 14 (2026-09-02 → 2026-09-16) 42962 bytes
2026-09-02 09:34:37,865 [INFO] [OK] Argentina/GFS_ENSEMBLE_Soy_PRCP/daily dia 04 (2026-09-06 → 2026-09-06) 26870 bytes
2026-09-02 09:34:37,928 [INFO] [OK] Argentina/GFS_ENSEMBLE_Soy_PRCP/daily dia 05 (2026-09-07 → 2026-09-07) 26339 bytes
2026-09-02 09:34:37,944 [INFO] [OK] Argentina/GFS_ENSEMBLE_Soy_PRCP/daily dia 06 (2026-09-08 → 2026-09-08) 26549 bytes
2026-09-02 09:34:38,146 [INFO] [OK] Argentina/GFS_ENSEMBLE_Soy_PRCP/daily dia 07 (2026-09-09 → 2026-09-09) 28983 bytes
2026-09-02 09:34:38,249 [INFO] [OK] Argentina/GFS_ENSEMBLE_Soy_PRCP/daily dia 08 (2026-09-10 → 2026-09-10) 29615 bytes
2026-09-02 09:34:38,598 [INFO] [OK] Argentina/GFS_ENSEMBLE_Soy_PRCP/daily dia 09 (2026-09-11 → 2026-09-11) 28817 bytes
2026-09-02 09:34:38,898 [INFO] [OK] Argentina/GFS_ENSEMBLE_Soy_PRCP/daily dia 10 (2026-09-12 → 2026-09-12) 28355 bytes
2026-09-02 09:34:38,910 [INFO] [OK] Argentina/GFS_ENSEMBLE_Soy_PRCP/daily dia 11 (2026-09-13 → 2026-09-13) 27189 bytes
2026-09-02 09:34:38,928 [INFO] [OK] Argentina/GFS_ENSEMBLE_Soy_PRCP/daily dia 12 (2026-09-14 → 2026-09-14) 27876 bytes
2026-09-02 09:34:39,103 [INFO] [OK] Argentina/GFS_ENSEMBLE_Soy_PRCP/daily dia 13 (2026-09-15 → 2026-09-15) 27791 bytes
2026-09-02 09:34:39,247 [INFO] [OK] Argentina/GFS_ENSEMBLE_Soy_PRCP/daily dia 14 (2026-09-16 → 2026-09-16) 27508 bytes
2026-09-02 09:34:39,706 [INFO] [OK] Argentina/GFS_ENSEMBLE_Soy_PRCP/cumulative dia 00 (2026-09-02 → 2026-09-02) 26539 bytes
2026-09-02 09:34:39,970 [INFO] [OK] Argentina/GFS_ENSEMBLE_Soy_PRCP/cumulative dia 02 (2026-09-02 → 2026-09-04) 28362 bytes
2026-09-02 09:34:39,978 [INFO] [OK] Argentina/GFS_ENSEMBLE_Soy_PRCP/cumulative dia 01 (2026-09-02 → 2026-09-03) 26949 bytes
2026-09-02 09:34:40,022 [INFO] [OK] Argentina/GFS_ENSEMBLE_Soy_PRCP/cumulative dia 03 (2026-09-02 → 2026-09-05) 30351 bytes
2026-09-02 09:34:40,217 [INFO] [OK] Argentina/GFS_ENSEMBLE_Soy_PRCP/cumulative dia 04 (2026-09-02 → 2026-09-06) 31445 bytes
2026-09-02 09:34:40,447 [INFO] [OK] Argentina/GFS_ENSEMBLE_Soy_PRCP/cumulative dia 05 (2026-09-02 → 2026-09-07) 31959 bytes
2026-09-02 09:34:40,958 [INFO] [OK] Argentina/GFS_ENSEMBLE_Soy_PRCP/cumulative dia 06 (2026-09-02 → 2026-09-08) 32372 bytes
2026-09-02 09:34:41,305 [INFO] [OK] Argentina/GFS_ENSEMBLE_Soy_PRCP/cumulative dia 07 (2026-09-02 → 2026-09-09) 33892 bytes
2026-09-02 09:34:41,414 [INFO] [OK] Argentina/GFS_ENSEMBLE_Soy_PRCP/cumulative dia 08 (2026-09-02 → 2026-09-10) 35102 bytes
2026-09-02 09:34:41,520 [INFO] [OK] Argentina/GFS_ENSEMBLE_Soy_PRCP/cumulative dia 09 (2026-09-02 → 2026-09-11) 35791 bytes
2026-09-02 09:34:41,660 [INFO] [OK] Argentina/GFS_ENSEMBLE_Soy_PRCP/cumulative dia 10 (2026-09-02 → 2026-09-12) 36479 bytes
2026-09-02 09:34:41,926 [INFO] [OK] Argentina/GFS_ENSEMBLE_Soy_PRCP/cumulative dia 11 (2026-09-02 → 2026-09-13) 36853 bytes
2026-09-02 09:34:42,486 [INFO] [OK] Argentina/GFS_ENSEMBLE_Soy_PRCP/cumulative dia 12 (2026-09-02 → 2026-09-14) 36796 bytes
2026-09-02 09:34:42,533 [INFO] [OK] Argentina/GFS_ENSEMBLE_Corn_Winter_PRCP_DEP/daily dia 00 (2026-09-02 → 2026-09-02) 31265 bytes
2026-09-02 09:34:42,752 [INFO] [OK] Argentina/GFS_ENSEMBLE_Corn_Winter_PRCP_DEP/daily dia 01 (2026-09-03 → 2026-09-03) 28569 bytes
2026-09-02 09:34:42,912 [INFO] [OK] Argentina/GFS_ENSEMBLE_Soy_PRCP/cumulative dia 13 (2026-09-02 → 2026-09-15) 37279 bytes
2026-09-02 09:34:42,988 [INFO] [OK] Argentina/GFS_ENSEMBLE_Corn_Winter_PRCP_DEP/daily dia 02 (2026-09-04 → 2026-09-04) 32891 bytes
2026-09-02 09:34:43,058 [INFO] [OK] Argentina/GFS_ENSEMBLE_Soy_PRCP/cumulative dia 14 (2026-09-02 → 2026-09-16) 37495 bytes
2026-09-02 09:34:43,575 [INFO] [OK] Argentina/GFS_ENSEMBLE_Corn_Winter_PRCP_DEP/daily dia 03 (2026-09-05 → 2026-09-05) 36488 bytes
2026-09-02 09:34:43,578 [INFO] [OK] Argentina/GFS_ENSEMBLE_Corn_Winter_PRCP_DEP/daily dia 04 (2026-09-06 → 2026-09-06) 35912 bytes
2026-09-02 09:34:43,749 [INFO] [OK] Argentina/GFS_ENSEMBLE_Corn_Winter_PRCP_DEP/daily dia 05 (2026-09-07 → 2026-09-07) 30101 bytes
2026-09-02 09:34:43,926 [INFO] [OK] Argentina/GFS_ENSEMBLE_Corn_Winter_PRCP_DEP/daily dia 06 (2026-09-08 → 2026-09-08) 32297 bytes
2026-09-02 09:34:44,027 [INFO] [OK] Argentina/GFS_ENSEMBLE_Corn_Winter_PRCP_DEP/daily dia 07 (2026-09-09 → 2026-09-09) 42822 bytes
2026-09-02 09:34:44,089 [INFO] [OK] Argentina/GFS_ENSEMBLE_Corn_Winter_PRCP_DEP/daily dia 08 (2026-09-10 → 2026-09-10) 40057 bytes
2026-09-02 09:34:44,592 [INFO] [OK] Argentina/GFS_ENSEMBLE_Corn_Winter_PRCP_DEP/daily dia 09 (2026-09-11 → 2026-09-11) 39403 bytes
2026-09-02 09:34:44,645 [INFO] [OK] Argentina/GFS_ENSEMBLE_Corn_Winter_PRCP_DEP/daily dia 10 (2026-09-12 → 2026-09-12) 38938 bytes
2026-09-02 09:34:44,857 [INFO] [OK] Argentina/GFS_ENSEMBLE_Corn_Winter_PRCP_DEP/daily dia 11 (2026-09-13 → 2026-09-13) 41262 bytes
2026-09-02 09:34:44,952 [INFO] [OK] Argentina/GFS_ENSEMBLE_Corn_Winter_PRCP_DEP/daily dia 12 (2026-09-14 → 2026-09-14) 40729 bytes
2026-09-02 09:34:45,446 [INFO] [OK] Argentina/GFS_ENSEMBLE_Corn_Winter_PRCP_DEP/daily dia 13 (2026-09-15 → 2026-09-15) 42605 bytes
2026-09-02 09:34:45,452 [INFO] [OK] Argentina/GFS_ENSEMBLE_Corn_Winter_PRCP_DEP/daily dia 14 (2026-09-16 → 2026-09-16) 41285 bytes
2026-09-02 09:34:45,625 [INFO] [OK] Argentina/GFS_ENSEMBLE_Corn_Winter_PRCP_DEP/cumulative dia 00 (2026-09-02 → 2026-09-02) 31265 bytes
2026-09-02 09:34:45,731 [INFO] [OK] Argentina/GFS_ENSEMBLE_Corn_Winter_PRCP_DEP/cumulative dia 01 (2026-09-02 → 2026-09-03) 31702 bytes
2026-09-02 09:34:45,963 [INFO] [OK] Argentina/GFS_ENSEMBLE_Corn_Winter_PRCP_DEP/cumulative dia 02 (2026-09-02 → 2026-09-04) 33449 bytes
2026-09-02 09:34:46,101 [INFO] [OK] Argentina/GFS_ENSEMBLE_Corn_Winter_PRCP_DEP/cumulative dia 03 (2026-09-02 → 2026-09-05) 36482 bytes
2026-09-02 09:34:46,653 [INFO] [OK] Argentina/GFS_ENSEMBLE_Corn_Winter_PRCP_DEP/cumulative dia 05 (2026-09-02 → 2026-09-07) 36213 bytes
2026-09-02 09:34:46,680 [INFO] [OK] Argentina/GFS_ENSEMBLE_Corn_Winter_PRCP_DEP/cumulative dia 04 (2026-09-02 → 2026-09-06) 36590 bytes
2026-09-02 09:34:46,946 [INFO] [OK] Argentina/GFS_ENSEMBLE_Corn_Winter_PRCP_DEP/cumulative dia 06 (2026-09-02 → 2026-09-08) 36079 bytes
2026-09-02 09:34:47,028 [INFO] [OK] Argentina/GFS_ENSEMBLE_Corn_Winter_PRCP_DEP/cumulative dia 07 (2026-09-02 → 2026-09-09) 38323 bytes
2026-09-02 09:34:47,374 [INFO] [OK] Argentina/GFS_ENSEMBLE_Corn_Winter_PRCP_DEP/cumulative dia 08 (2026-09-02 → 2026-09-10) 40821 bytes
2026-09-02 09:34:47,532 [INFO] [OK] Argentina/GFS_ENSEMBLE_Corn_Winter_PRCP_DEP/cumulative dia 09 (2026-09-02 → 2026-09-11) 41610 bytes
2026-09-02 09:34:48,207 [INFO] [OK] Argentina/GFS_ENSEMBLE_Corn_Winter_PRCP_DEP/cumulative dia 10 (2026-09-02 → 2026-09-12) 41149 bytes
2026-09-02 09:34:48,235 [INFO] [OK] Argentina/GFS_ENSEMBLE_Corn_Winter_PRCP_DEP/cumulative dia 11 (2026-09-02 → 2026-09-13) 41435 bytes
2026-09-02 09:34:48,580 [INFO] [OK] Argentina/GFS_ENSEMBLE_Corn_Winter_PRCP/daily dia 00 (2026-09-02 → 2026-09-02) 24614 bytes
2026-09-02 09:34:48,587 [INFO] [OK] Argentina/GFS_ENSEMBLE_Corn_Winter_PRCP_DEP/cumulative dia 12 (2026-09-02 → 2026-09-14) 40955 bytes
2026-09-02 09:34:48,731 [INFO] [OK] Argentina/GFS_ENSEMBLE_Corn_Winter_PRCP_DEP/cumulative dia 13 (2026-09-02 → 2026-09-15) 41050 bytes
2026-09-02 09:34:49,041 [INFO] [OK] Argentina/GFS_ENSEMBLE_Corn_Winter_PRCP_DEP/cumulative dia 14 (2026-09-02 → 2026-09-16) 41127 bytes
2026-09-02 09:34:49,172 [INFO] [OK] Argentina/GFS_ENSEMBLE_Corn_Winter_PRCP/daily dia 01 (2026-09-03 → 2026-09-03) 23570 bytes
2026-09-02 09:34:49,752 [INFO] [OK] Argentina/GFS_ENSEMBLE_Corn_Winter_PRCP/daily dia 04 (2026-09-06 → 2026-09-06) 25135 bytes
2026-09-02 09:34:49,758 [INFO] [OK] Argentina/GFS_ENSEMBLE_Corn_Winter_PRCP/daily dia 05 (2026-09-07 → 2026-09-07) 24263 bytes
2026-09-02 09:34:49,760 [INFO] [OK] Argentina/GFS_ENSEMBLE_Corn_Winter_PRCP/daily dia 02 (2026-09-04 → 2026-09-04) 24795 bytes
2026-09-02 09:34:49,764 [INFO] [OK] Argentina/GFS_ENSEMBLE_Corn_Winter_PRCP/daily dia 03 (2026-09-05 → 2026-09-05) 26147 bytes
2026-09-02 09:34:50,052 [INFO] [OK] Argentina/GFS_ENSEMBLE_Corn_Winter_PRCP/daily dia 06 (2026-09-08 → 2026-09-08) 24730 bytes
2026-09-02 09:34:50,116 [INFO] [OK] Argentina/GFS_ENSEMBLE_Corn_Winter_PRCP/daily dia 07 (2026-09-09 → 2026-09-09) 27360 bytes
2026-09-02 09:34:50,771 [INFO] [OK] Argentina/GFS_ENSEMBLE_Corn_Winter_PRCP/daily dia 10 (2026-09-12 → 2026-09-12) 26669 bytes
2026-09-02 09:34:50,852 [INFO] [OK] Argentina/GFS_ENSEMBLE_Corn_Winter_PRCP/daily dia 08 (2026-09-10 → 2026-09-10) 27907 bytes
2026-09-02 09:34:50,890 [INFO] [OK] Argentina/GFS_ENSEMBLE_Corn_Winter_PRCP/daily dia 09 (2026-09-11 → 2026-09-11) 27058 bytes
2026-09-02 09:34:50,918 [INFO] [OK] Argentina/GFS_ENSEMBLE_Corn_Winter_PRCP/daily dia 11 (2026-09-13 → 2026-09-13) 25360 bytes
2026-09-02 09:34:51,005 [INFO] [OK] Argentina/GFS_ENSEMBLE_Corn_Winter_PRCP/daily dia 12 (2026-09-14 → 2026-09-14) 26062 bytes
2026-09-02 09:34:51,170 [INFO] [OK] Argentina/GFS_ENSEMBLE_Corn_Winter_PRCP/daily dia 13 (2026-09-15 → 2026-09-15) 26062 bytes
2026-09-02 09:34:51,746 [INFO] [OK] Argentina/GFS_ENSEMBLE_Corn_Winter_PRCP/daily dia 14 (2026-09-16 → 2026-09-16) 25710 bytes
2026-09-02 09:34:51,904 [INFO] [OK] Argentina/GFS_ENSEMBLE_Corn_Winter_PRCP/cumulative dia 00 (2026-09-02 → 2026-09-02) 24614 bytes
2026-09-02 09:34:51,995 [INFO] [OK] Argentina/GFS_ENSEMBLE_Corn_Winter_PRCP/cumulative dia 02 (2026-09-02 → 2026-09-04) 26650 bytes
2026-09-02 09:34:52,002 [INFO] [OK] Argentina/GFS_ENSEMBLE_Corn_Winter_PRCP/cumulative dia 01 (2026-09-02 → 2026-09-03) 24988 bytes
2026-09-02 09:34:52,126 [INFO] [OK] Argentina/GFS_ENSEMBLE_Corn_Winter_PRCP/cumulative dia 03 (2026-09-02 → 2026-09-05) 28562 bytes
2026-09-02 09:34:52,317 [INFO] [OK] Argentina/GFS_ENSEMBLE_Corn_Winter_PRCP/cumulative dia 04 (2026-09-02 → 2026-09-06) 29713 bytes
2026-09-02 09:34:52,983 [INFO] [OK] Argentina/GFS_ENSEMBLE_Corn_Winter_PRCP/cumulative dia 05 (2026-09-02 → 2026-09-07) 30133 bytes
2026-09-02 09:34:53,216 [INFO] [OK] Argentina/GFS_ENSEMBLE_Corn_Winter_PRCP/cumulative dia 06 (2026-09-02 → 2026-09-08) 30481 bytes
2026-09-02 09:34:53,312 [INFO] [OK] Argentina/GFS_ENSEMBLE_Corn_Winter_PRCP/cumulative dia 07 (2026-09-02 → 2026-09-09) 32182 bytes
2026-09-02 09:34:53,451 [INFO] [OK] Argentina/GFS_ENSEMBLE_Corn_Winter_PRCP/cumulative dia 08 (2026-09-02 → 2026-09-10) 33379 bytes
2026-09-02 09:34:53,533 [INFO] [OK] Argentina/GFS_ENSEMBLE_Corn_Winter_PRCP/cumulative dia 09 (2026-09-02 → 2026-09-11) 34155 bytes
2026-09-02 09:34:53,784 [INFO] [OK] Argentina/GFS_ENSEMBLE_Corn_Winter_PRCP/cumulative dia 10 (2026-09-02 → 2026-09-12) 34803 bytes
2026-09-02 09:34:54,527 [INFO] [OK] Argentina/GFS_ENSEMBLE_Corn_Winter_PRCP/cumulative dia 11 (2026-09-02 → 2026-09-13) 35187 bytes
2026-09-02 09:34:54,599 [INFO] [OK] Argentina/ECM_ENSEMBLE_Soy_PRCP_DEP/daily dia 00 (2026-09-02 → 2026-09-02) 36471 bytes
2026-09-02 09:34:54,779 [INFO] [OK] Argentina/ECM_ENSEMBLE_Soy_PRCP_DEP/daily dia 01 (2026-09-03 → 2026-09-03) 35515 bytes
2026-09-02 09:34:54,789 [INFO] [OK] Argentina/GFS_ENSEMBLE_Corn_Winter_PRCP/cumulative dia 12 (2026-09-02 → 2026-09-14) 35074 bytes
2026-09-02 09:34:54,956 [INFO] [OK] Argentina/GFS_ENSEMBLE_Corn_Winter_PRCP/cumulative dia 13 (2026-09-02 → 2026-09-15) 35371 bytes
2026-09-02 09:34:55,079 [INFO] [OK] Argentina/GFS_ENSEMBLE_Corn_Winter_PRCP/cumulative dia 14 (2026-09-02 → 2026-09-16) 35650 bytes
2026-09-02 09:34:55,532 [INFO] [OK] Argentina/ECM_ENSEMBLE_Soy_PRCP_DEP/daily dia 02 (2026-09-04 → 2026-09-04) 40613 bytes
2026-09-02 09:34:55,707 [INFO] [OK] Argentina/ECM_ENSEMBLE_Soy_PRCP_DEP/daily dia 03 (2026-09-05 → 2026-09-05) 38327 bytes
2026-09-02 09:34:55,855 [INFO] [OK] Argentina/ECM_ENSEMBLE_Soy_PRCP_DEP/daily dia 05 (2026-09-07 → 2026-09-07) 30665 bytes
2026-09-02 09:34:55,856 [INFO] [OK] Argentina/ECM_ENSEMBLE_Soy_PRCP_DEP/daily dia 04 (2026-09-06 → 2026-09-06) 36810 bytes
2026-09-02 09:34:56,052 [INFO] [OK] Argentina/ECM_ENSEMBLE_Soy_PRCP_DEP/daily dia 06 (2026-09-08 → 2026-09-08) 36322 bytes
2026-09-02 09:34:56,158 [INFO] [OK] Argentina/ECM_ENSEMBLE_Soy_PRCP_DEP/daily dia 07 (2026-09-09 → 2026-09-09) 43622 bytes
2026-09-02 09:34:56,580 [INFO] [OK] Argentina/ECM_ENSEMBLE_Soy_PRCP_DEP/daily dia 08 (2026-09-10 → 2026-09-10) 40802 bytes
2026-09-02 09:34:56,844 [INFO] [OK] Argentina/ECM_ENSEMBLE_Soy_PRCP_DEP/daily dia 09 (2026-09-11 → 2026-09-11) 41820 bytes
2026-09-02 09:34:56,959 [INFO] [OK] Argentina/ECM_ENSEMBLE_Soy_PRCP_DEP/daily dia 10 (2026-09-12 → 2026-09-12) 41048 bytes
2026-09-02 09:34:56,961 [INFO] [OK] Argentina/ECM_ENSEMBLE_Soy_PRCP_DEP/daily dia 11 (2026-09-13 → 2026-09-13) 43409 bytes
2026-09-02 09:34:57,136 [INFO] [OK] Argentina/ECM_ENSEMBLE_Soy_PRCP_DEP/daily dia 12 (2026-09-14 → 2026-09-14) 46362 bytes
2026-09-02 09:34:57,269 [INFO] [OK] Argentina/ECM_ENSEMBLE_Soy_PRCP_DEP/daily dia 13 (2026-09-15 → 2026-09-15) 46612 bytes
2026-09-02 09:34:57,753 [INFO] [OK] Argentina/ECM_ENSEMBLE_Soy_PRCP_DEP/daily dia 14 (2026-09-16 → 2026-09-16) 44869 bytes
2026-09-02 09:34:59,715 [INFO] [OK] Argentina/ECM_ENSEMBLE_Soy_PRCP_DEP/cumulative dia 00 (2026-09-02 → 2026-09-02) 36471 bytes
2026-09-02 09:35:00,517 [INFO] [OK] Argentina/ECM_ENSEMBLE_Soy_PRCP_DEP/cumulative dia 04 (2026-09-02 → 2026-09-06) 43321 bytes
2026-09-02 09:35:00,527 [INFO] [OK] Argentina/ECM_ENSEMBLE_Soy_PRCP_DEP/cumulative dia 05 (2026-09-02 → 2026-09-07) 43268 bytes
2026-09-02 09:35:00,539 [INFO] [OK] Argentina/ECM_ENSEMBLE_Soy_PRCP_DEP/cumulative dia 02 (2026-09-02 → 2026-09-04) 44930 bytes
2026-09-02 09:35:00,545 [INFO] [OK] Argentina/ECM_ENSEMBLE_Soy_PRCP_DEP/cumulative dia 01 (2026-09-02 → 2026-09-03) 38351 bytes
2026-09-02 09:35:00,736 [INFO] [OK] Argentina/ECM_ENSEMBLE_Soy_PRCP_DEP/cumulative dia 03 (2026-09-02 → 2026-09-05) 44417 bytes
2026-09-02 09:35:01,545 [INFO] [OK] Argentina/ECM_ENSEMBLE_Soy_PRCP_DEP/cumulative dia 06 (2026-09-02 → 2026-09-08) 43000 bytes
2026-09-02 09:35:02,222 [INFO] [OK] Argentina/ECM_ENSEMBLE_Soy_PRCP_DEP/cumulative dia 07 (2026-09-02 → 2026-09-09) 43919 bytes
2026-09-02 09:35:02,571 [INFO] [OK] Argentina/ECM_ENSEMBLE_Soy_PRCP_DEP/cumulative dia 08 (2026-09-02 → 2026-09-10) 42399 bytes
2026-09-02 09:35:02,764 [INFO] [OK] Argentina/ECM_ENSEMBLE_Soy_PRCP_DEP/cumulative dia 09 (2026-09-02 → 2026-09-11) 42171 bytes
2026-09-02 09:35:03,086 [INFO] [OK] Argentina/ECM_ENSEMBLE_Soy_PRCP_DEP/cumulative dia 10 (2026-09-02 → 2026-09-12) 42461 bytes
2026-09-02 09:35:03,090 [INFO] [OK] Argentina/ECM_ENSEMBLE_Soy_PRCP_DEP/cumulative dia 11 (2026-09-02 → 2026-09-13) 42596 bytes
2026-09-02 09:35:03,192 [INFO] [OK] Argentina/ECM_ENSEMBLE_Soy_PRCP_DEP/cumulative dia 12 (2026-09-02 → 2026-09-14) 42908 bytes
2026-09-02 09:35:04,049 [INFO] [OK] Argentina/ECM_ENSEMBLE_Soy_PRCP_DEP/cumulative dia 13 (2026-09-02 → 2026-09-15) 42859 bytes
2026-09-02 09:35:04,329 [INFO] [OK] Argentina/ECM_ENSEMBLE_Soy_PRCP/daily dia 00 (2026-09-02 → 2026-09-02) 28233 bytes
2026-09-02 09:35:05,691 [INFO] [OK] Argentina/ECM_ENSEMBLE_Soy_PRCP_DEP/cumulative dia 14 (2026-09-02 → 2026-09-16) 42627 bytes
2026-09-02 09:35:06,685 [INFO] [OK] Argentina/ECM_ENSEMBLE_Soy_PRCP/daily dia 01 (2026-09-03 → 2026-09-03) 26372 bytes
2026-09-02 09:35:06,717 [INFO] [OK] Argentina/ECM_ENSEMBLE_Soy_PRCP/daily dia 04 (2026-09-06 → 2026-09-06) 27954 bytes
2026-09-02 09:35:06,744 [INFO] [OK] Argentina/ECM_ENSEMBLE_Soy_PRCP/daily dia 05 (2026-09-07 → 2026-09-07) 26786 bytes
2026-09-02 09:35:07,065 [INFO] [OK] Argentina/ECM_ENSEMBLE_Soy_PRCP/daily dia 02 (2026-09-04 → 2026-09-04) 28349 bytes
2026-09-02 09:35:07,067 [INFO] [OK] Argentina/ECM_ENSEMBLE_Soy_PRCP/daily dia 03 (2026-09-05 → 2026-09-05) 29733 bytes
2026-09-02 09:35:07,289 [INFO] [OK] Argentina/ECM_ENSEMBLE_Soy_PRCP/daily dia 06 (2026-09-08 → 2026-09-08) 26560 bytes
2026-09-02 09:35:07,959 [INFO] [OK] Argentina/ECM_ENSEMBLE_Soy_PRCP/daily dia 07 (2026-09-09 → 2026-09-09) 31274 bytes
2026-09-02 09:35:08,480 [INFO] [OK] Argentina/ECM_ENSEMBLE_Soy_PRCP/daily dia 12 (2026-09-14 → 2026-09-14) 27947 bytes
2026-09-02 09:35:08,496 [INFO] [OK] Argentina/ECM_ENSEMBLE_Soy_PRCP/daily dia 10 (2026-09-12 → 2026-09-12) 27543 bytes
2026-09-02 09:35:08,498 [INFO] [OK] Argentina/ECM_ENSEMBLE_Soy_PRCP/daily dia 08 (2026-09-10 → 2026-09-10) 32024 bytes
2026-09-02 09:35:08,500 [INFO] [OK] Argentina/ECM_ENSEMBLE_Soy_PRCP/daily dia 11 (2026-09-13 → 2026-09-13) 26855 bytes
2026-09-02 09:35:08,640 [INFO] [OK] Argentina/ECM_ENSEMBLE_Soy_PRCP/daily dia 09 (2026-09-11 → 2026-09-11) 28551 bytes
2026-09-02 09:35:09,345 [INFO] [OK] Argentina/ECM_ENSEMBLE_Soy_PRCP/daily dia 13 (2026-09-15 → 2026-09-15) 28126 bytes
2026-09-02 09:35:09,752 [INFO] [OK] Argentina/ECM_ENSEMBLE_Soy_PRCP/daily dia 14 (2026-09-16 → 2026-09-16) 28478 bytes
2026-09-02 09:35:09,998 [INFO] [OK] Argentina/ECM_ENSEMBLE_Soy_PRCP/cumulative dia 01 (2026-09-02 → 2026-09-03) 29377 bytes
2026-09-02 09:35:10,003 [INFO] [OK] Argentina/ECM_ENSEMBLE_Soy_PRCP/cumulative dia 00 (2026-09-02 → 2026-09-02) 28233 bytes
2026-09-02 09:35:10,316 [INFO] [OK] Argentina/ECM_ENSEMBLE_Soy_PRCP/cumulative dia 02 (2026-09-02 → 2026-09-04) 31542 bytes
2026-09-02 09:35:10,320 [INFO] [OK] Argentina/ECM_ENSEMBLE_Soy_PRCP/cumulative dia 03 (2026-09-02 → 2026-09-05) 33289 bytes
2026-09-02 09:35:10,839 [INFO] [OK] Argentina/ECM_ENSEMBLE_Soy_PRCP/cumulative dia 04 (2026-09-02 → 2026-09-06) 34510 bytes
2026-09-02 09:35:11,648 [INFO] [OK] Argentina/ECM_ENSEMBLE_Soy_PRCP/cumulative dia 05 (2026-09-02 → 2026-09-07) 34659 bytes
2026-09-02 09:35:12,090 [INFO] [OK] Argentina/ECM_ENSEMBLE_Soy_PRCP/cumulative dia 07 (2026-09-02 → 2026-09-09) 37092 bytes
2026-09-02 09:35:12,094 [INFO] [OK] Argentina/ECM_ENSEMBLE_Soy_PRCP/cumulative dia 09 (2026-09-02 → 2026-09-11) 38222 bytes
2026-09-02 09:35:12,096 [INFO] [OK] Argentina/ECM_ENSEMBLE_Soy_PRCP/cumulative dia 06 (2026-09-02 → 2026-09-08) 35123 bytes
2026-09-02 09:35:12,098 [INFO] [OK] Argentina/ECM_ENSEMBLE_Soy_PRCP/cumulative dia 08 (2026-09-02 → 2026-09-10) 38004 bytes
2026-09-02 09:35:12,408 [INFO] [OK] Argentina/ECM_ENSEMBLE_Soy_PRCP/cumulative dia 10 (2026-09-02 → 2026-09-12) 38711 bytes
2026-09-02 09:35:13,168 [INFO] [OK] Argentina/ECM_ENSEMBLE_Soy_PRCP/cumulative dia 11 (2026-09-02 → 2026-09-13) 38839 bytes
2026-09-02 09:35:13,641 [INFO] [OK] Argentina/ECM_ENSEMBLE_Corn_Winter_PRCP_DEP/daily dia 00 (2026-09-02 → 2026-09-02) 34892 bytes
2026-09-02 09:35:13,704 [INFO] [OK] Argentina/ECM_ENSEMBLE_Corn_Winter_PRCP_DEP/daily dia 01 (2026-09-03 → 2026-09-03) 33966 bytes
2026-09-02 09:35:15,412 [INFO] [OK] Argentina/ECM_ENSEMBLE_Corn_Winter_PRCP_DEP/daily dia 02 (2026-09-04 → 2026-09-04) 39082 bytes
2026-09-02 09:35:15,419 [INFO] [OK] Argentina/ECM_ENSEMBLE_Corn_Winter_PRCP_DEP/daily dia 03 (2026-09-05 → 2026-09-05) 36629 bytes
2026-09-02 09:35:15,421 [INFO] [OK] Argentina/ECM_ENSEMBLE_Corn_Winter_PRCP_DEP/daily dia 04 (2026-09-06 → 2026-09-06) 35171 bytes
2026-09-02 09:35:15,572 [INFO] [OK] Argentina/ECM_ENSEMBLE_Soy_PRCP/cumulative dia 14 (2026-09-02 → 2026-09-16) 39252 bytes
2026-09-02 09:35:15,663 [INFO] [OK] Argentina/ECM_ENSEMBLE_Soy_PRCP/cumulative dia 13 (2026-09-02 → 2026-09-15) 39155 bytes
2026-09-02 09:35:15,665 [INFO] [OK] Argentina/ECM_ENSEMBLE_Soy_PRCP/cumulative dia 12 (2026-09-02 → 2026-09-14) 39094 bytes
2026-09-02 09:35:16,658 [INFO] [OK] Argentina/ECM_ENSEMBLE_Corn_Winter_PRCP_DEP/daily dia 06 (2026-09-08 → 2026-09-08) 34758 bytes
2026-09-02 09:35:17,133 [INFO] [OK] Argentina/ECM_ENSEMBLE_Corn_Winter_PRCP_DEP/daily dia 05 (2026-09-07 → 2026-09-07) 29082 bytes
2026-09-02 09:35:17,140 [INFO] [OK] Argentina/ECM_ENSEMBLE_Corn_Winter_PRCP_DEP/daily dia 07 (2026-09-09 → 2026-09-09) 41678 bytes
2026-09-02 09:35:17,179 [INFO] [OK] Argentina/ECM_ENSEMBLE_Corn_Winter_PRCP_DEP/daily dia 08 (2026-09-10 → 2026-09-10) 39038 bytes
2026-09-02 09:35:17,201 [INFO] [OK] Argentina/ECM_ENSEMBLE_Corn_Winter_PRCP_DEP/daily dia 09 (2026-09-11 → 2026-09-11) 40111 bytes
2026-09-02 09:35:17,201 [INFO] [OK] Argentina/ECM_ENSEMBLE_Corn_Winter_PRCP_DEP/daily dia 10 (2026-09-12 → 2026-09-12) 39568 bytes
2026-09-02 09:35:19,440 [INFO] [OK] Argentina/ECM_ENSEMBLE_Corn_Winter_PRCP_DEP/daily dia 11 (2026-09-13 → 2026-09-13) 41613 bytes
2026-09-02 09:35:19,444 [INFO] [OK] Argentina/ECM_ENSEMBLE_Corn_Winter_PRCP_DEP/daily dia 13 (2026-09-15 → 2026-09-15) 45039 bytes
2026-09-02 09:35:19,447 [INFO] [OK] Argentina/ECM_ENSEMBLE_Corn_Winter_PRCP_DEP/daily dia 12 (2026-09-14 → 2026-09-14) 44602 bytes
2026-09-02 09:35:19,450 [INFO] [OK] Argentina/ECM_ENSEMBLE_Corn_Winter_PRCP_DEP/daily dia 14 (2026-09-16 → 2026-09-16) 43615 bytes
2026-09-02 09:35:20,460 [INFO] [OK] Argentina/ECM_ENSEMBLE_Corn_Winter_PRCP_DEP/cumulative dia 01 (2026-09-02 → 2026-09-03) 36862 bytes
2026-09-02 09:35:20,504 [INFO] [OK] Argentina/ECM_ENSEMBLE_Corn_Winter_PRCP_DEP/cumulative dia 00 (2026-09-02 → 2026-09-02) 34892 bytes
2026-09-02 09:35:21,709 [INFO] [OK] Argentina/ECM_ENSEMBLE_Corn_Winter_PRCP_DEP/cumulative dia 02 (2026-09-02 → 2026-09-04) 43459 bytes
2026-09-02 09:35:21,715 [INFO] [OK] Argentina/ECM_ENSEMBLE_Corn_Winter_PRCP_DEP/cumulative dia 03 (2026-09-02 → 2026-09-05) 42756 bytes
2026-09-02 09:35:21,978 [INFO] [OK] Argentina/ECM_ENSEMBLE_Corn_Winter_PRCP_DEP/cumulative dia 07 (2026-09-02 → 2026-09-09) 42120 bytes
2026-09-02 09:35:22,093 [INFO] [OK] Argentina/ECM_ENSEMBLE_Corn_Winter_PRCP_DEP/cumulative dia 04 (2026-09-02 → 2026-09-06) 41533 bytes
2026-09-02 09:35:22,098 [INFO] [OK] Argentina/ECM_ENSEMBLE_Corn_Winter_PRCP_DEP/cumulative dia 05 (2026-09-02 → 2026-09-07) 41417 bytes
2026-09-02 09:35:22,144 [INFO] [OK] Argentina/ECM_ENSEMBLE_Corn_Winter_PRCP_DEP/cumulative dia 06 (2026-09-02 → 2026-09-08) 41307 bytes
2026-09-02 09:35:24,069 [INFO] [OK] Argentina/ECM_ENSEMBLE_Corn_Winter_PRCP_DEP/cumulative dia 08 (2026-09-02 → 2026-09-10) 40629 bytes
2026-09-02 09:35:24,198 [INFO] [OK] Argentina/ECM_ENSEMBLE_Corn_Winter_PRCP_DEP/cumulative dia 12 (2026-09-02 → 2026-09-14) 40922 bytes
2026-09-02 09:35:24,205 [INFO] [OK] Argentina/ECM_ENSEMBLE_Corn_Winter_PRCP_DEP/cumulative dia 10 (2026-09-02 → 2026-09-12) 40712 bytes
2026-09-02 09:35:24,212 [INFO] [OK] Argentina/ECM_ENSEMBLE_Corn_Winter_PRCP_DEP/cumulative dia 13 (2026-09-02 → 2026-09-15) 40900 bytes
2026-09-02 09:35:24,215 [INFO] [OK] Argentina/ECM_ENSEMBLE_Corn_Winter_PRCP_DEP/cumulative dia 09 (2026-09-02 → 2026-09-11) 40241 bytes
2026-09-02 09:35:24,216 [INFO] [OK] Argentina/ECM_ENSEMBLE_Corn_Winter_PRCP_DEP/cumulative dia 11 (2026-09-02 → 2026-09-13) 40738 bytes
2026-09-02 09:35:26,184 [INFO] [OK] Argentina/ECM_ENSEMBLE_Corn_Winter_PRCP_DEP/cumulative dia 14 (2026-09-02 → 2026-09-16) 40716 bytes
2026-09-02 09:35:26,380 [INFO] [OK] Argentina/ECM_ENSEMBLE_Corn_Winter_PRCP/daily dia 01 (2026-09-03 → 2026-09-03) 24350 bytes
2026-09-02 09:35:26,394 [INFO] [OK] Argentina/ECM_ENSEMBLE_Corn_Winter_PRCP/daily dia 00 (2026-09-02 → 2026-09-02) 26416 bytes
2026-09-02 09:35:26,409 [INFO] [OK] Argentina/ECM_ENSEMBLE_Corn_Winter_PRCP/daily dia 03 (2026-09-05 → 2026-09-05) 28004 bytes
2026-09-02 09:35:26,411 [INFO] [OK] Argentina/ECM_ENSEMBLE_Corn_Winter_PRCP/daily dia 04 (2026-09-06 → 2026-09-06) 26143 bytes
2026-09-02 09:35:26,414 [INFO] [OK] Argentina/ECM_ENSEMBLE_Corn_Winter_PRCP/daily dia 02 (2026-09-04 → 2026-09-04) 26379 bytes
2026-09-02 09:35:28,417 [INFO] [OK] Argentina/ECM_ENSEMBLE_Corn_Winter_PRCP/daily dia 05 (2026-09-07 → 2026-09-07) 24989 bytes
2026-09-02 09:35:28,426 [INFO] [OK] Argentina/ECM_ENSEMBLE_Corn_Winter_PRCP/daily dia 09 (2026-09-11 → 2026-09-11) 26642 bytes
2026-09-02 09:35:28,432 [INFO] [OK] Argentina/ECM_ENSEMBLE_Corn_Winter_PRCP/daily dia 06 (2026-09-08 → 2026-09-08) 24818 bytes
2026-09-02 09:35:28,440 [INFO] [OK] Argentina/ECM_ENSEMBLE_Corn_Winter_PRCP/daily dia 08 (2026-09-10 → 2026-09-10) 30198 bytes
2026-09-02 09:35:29,445 [INFO] [OK] Argentina/ECM_ENSEMBLE_Corn_Winter_PRCP/daily dia 11 (2026-09-13 → 2026-09-13) 25123 bytes
2026-09-02 09:35:29,463 [INFO] [OK] Argentina/ECM_ENSEMBLE_Corn_Winter_PRCP/daily dia 10 (2026-09-12 → 2026-09-12) 25762 bytes
2026-09-02 09:35:32,700 [INFO] [OK] Argentina/ECM_ENSEMBLE_Corn_Winter_PRCP/daily dia 07 (2026-09-09 → 2026-09-09) 29591 bytes
2026-09-02 09:35:33,092 [INFO] [OK] Argentina/ECM_ENSEMBLE_Corn_Winter_PRCP/daily dia 13 (2026-09-15 → 2026-09-15) 26524 bytes
2026-09-02 09:35:33,097 [INFO] [OK] Argentina/ECM_ENSEMBLE_Corn_Winter_PRCP/daily dia 12 (2026-09-14 → 2026-09-14) 26215 bytes
2026-09-02 09:35:33,110 [INFO] [OK] Argentina/ECM_ENSEMBLE_Corn_Winter_PRCP/daily dia 14 (2026-09-16 → 2026-09-16) 26635 bytes
2026-09-02 09:35:34,600 [INFO] [OK] Argentina/ECM_ENSEMBLE_Corn_Winter_PRCP/cumulative dia 03 (2026-09-02 → 2026-09-05) 31478 bytes
2026-09-02 09:35:34,611 [INFO] [OK] Argentina/ECM_ENSEMBLE_Corn_Winter_PRCP/cumulative dia 01 (2026-09-02 → 2026-09-03) 27525 bytes
2026-09-02 09:35:34,628 [INFO] [OK] Argentina/ECM_ENSEMBLE_Corn_Winter_PRCP/cumulative dia 05 (2026-09-02 → 2026-09-07) 32847 bytes
2026-09-02 09:35:34,635 [INFO] [OK] Argentina/ECM_ENSEMBLE_Corn_Winter_PRCP/cumulative dia 00 (2026-09-02 → 2026-09-02) 26416 bytes
2026-09-02 09:35:34,635 [INFO] [OK] Argentina/ECM_ENSEMBLE_Corn_Winter_PRCP/cumulative dia 02 (2026-09-02 → 2026-09-04) 29787 bytes
2026-09-02 09:35:34,656 [INFO] [OK] Argentina/ECM_ENSEMBLE_Corn_Winter_PRCP/cumulative dia 04 (2026-09-02 → 2026-09-06) 32765 bytes
2026-09-02 09:35:36,030 [INFO] [OK] Argentina/ECM_ENSEMBLE_Corn_Winter_PRCP/cumulative dia 07 (2026-09-02 → 2026-09-09) 35291 bytes
2026-09-02 09:35:36,043 [INFO] [OK] Argentina/ECM_ENSEMBLE_Corn_Winter_PRCP/cumulative dia 06 (2026-09-02 → 2026-09-08) 33345 bytes
2026-09-02 09:35:37,382 [INFO] [OK] Argentina/ECM_ENSEMBLE_Corn_Winter_PRCP/cumulative dia 08 (2026-09-02 → 2026-09-10) 36044 bytes
2026-09-02 09:35:38,500 [INFO] [OK] Argentina/ECM_ENSEMBLE_Corn_Winter_PRCP/cumulative dia 09 (2026-09-02 → 2026-09-11) 36074 bytes
2026-09-02 09:35:38,533 [INFO] [OK] Argentina/ECM_ENSEMBLE_Corn_Winter_PRCP/cumulative dia 13 (2026-09-02 → 2026-09-15) 37364 bytes
2026-09-02 09:35:38,535 [INFO] [OK] Argentina/ECM_ENSEMBLE_Corn_Winter_PRCP/cumulative dia 11 (2026-09-02 → 2026-09-13) 36893 bytes
2026-09-02 09:35:38,535 [INFO] [OK] Argentina/ECM_ENSEMBLE_Corn_Winter_PRCP/cumulative dia 12 (2026-09-02 → 2026-09-14) 37183 bytes
2026-09-02 09:35:38,536 [INFO] [OK] Argentina/ECM_ENSEMBLE_Corn_Winter_PRCP/cumulative dia 10 (2026-09-02 → 2026-09-12) 36826 bytes
2026-09-02 09:35:41,684 [INFO] [OK] Argentina/ECM_ENSEMBLE_Corn_Winter_PRCP/cumulative dia 14 (2026-09-02 → 2026-09-16) 37419 bytes
2026-09-02 09:35:48,546 [INFO] [OK] USA/GFS_ENSEMBLE_Corn_PRCP_DEP/daily dia 00 (2026-09-02 → 2026-09-02) 49734 bytes
2026-09-02 09:35:48,547 [INFO] [OK] USA/GFS_ENSEMBLE_Corn_PRCP_DEP/daily dia 02 (2026-09-04 → 2026-09-04) 54433 bytes
2026-09-02 09:35:48,560 [INFO] [OK] USA/GFS_ENSEMBLE_Corn_PRCP_DEP/daily dia 05 (2026-09-07 → 2026-09-07) 55942 bytes
2026-09-02 09:35:48,564 [INFO] [OK] USA/GFS_ENSEMBLE_Corn_PRCP_DEP/daily dia 04 (2026-09-06 → 2026-09-06) 59244 bytes
2026-09-02 09:35:48,572 [INFO] [OK] USA/GFS_ENSEMBLE_Corn_PRCP_DEP/daily dia 03 (2026-09-05 → 2026-09-05) 57258 bytes
2026-09-02 09:35:48,573 [INFO] [OK] USA/GFS_ENSEMBLE_Corn_PRCP_DEP/daily dia 01 (2026-09-03 → 2026-09-03) 51575 bytes
2026-09-02 09:35:50,532 [INFO] [OK] USA/GFS_ENSEMBLE_Corn_PRCP_DEP/daily dia 07 (2026-09-09 → 2026-09-09) 59109 bytes
2026-09-02 09:35:50,541 [INFO] [OK] USA/GFS_ENSEMBLE_Corn_PRCP_DEP/daily dia 09 (2026-09-11 → 2026-09-11) 63024 bytes
2026-09-02 09:35:50,638 [INFO] [OK] USA/GFS_ENSEMBLE_Corn_PRCP_DEP/daily dia 06 (2026-09-08 → 2026-09-08) 57424 bytes
2026-09-02 09:35:50,889 [INFO] [OK] USA/GFS_ENSEMBLE_Corn_PRCP_DEP/daily dia 11 (2026-09-13 → 2026-09-13) 62238 bytes
2026-09-02 09:35:50,906 [INFO] [OK] USA/GFS_ENSEMBLE_Corn_PRCP_DEP/daily dia 10 (2026-09-12 → 2026-09-12) 62532 bytes
2026-09-02 09:35:50,955 [INFO] [OK] USA/GFS_ENSEMBLE_Corn_PRCP_DEP/daily dia 08 (2026-09-10 → 2026-09-10) 60562 bytes
2026-09-02 09:35:52,506 [INFO] [OK] USA/GFS_ENSEMBLE_Corn_PRCP_DEP/daily dia 12 (2026-09-14 → 2026-09-14) 60431 bytes
2026-09-02 09:35:52,511 [INFO] [OK] USA/GFS_ENSEMBLE_Corn_PRCP_DEP/daily dia 14 (2026-09-16 → 2026-09-16) 61328 bytes
2026-09-02 09:35:52,580 [INFO] [OK] USA/GFS_ENSEMBLE_Corn_PRCP_DEP/daily dia 13 (2026-09-15 → 2026-09-15) 61348 bytes
2026-09-02 09:35:52,731 [INFO] [OK] USA/GFS_ENSEMBLE_Corn_PRCP_DEP/cumulative dia 00 (2026-09-02 → 2026-09-02) 49734 bytes
2026-09-02 09:35:52,882 [INFO] [OK] USA/GFS_ENSEMBLE_Corn_PRCP_DEP/cumulative dia 01 (2026-09-02 → 2026-09-03) 52114 bytes
2026-09-02 09:35:52,930 [INFO] [OK] USA/GFS_ENSEMBLE_Corn_PRCP_DEP/cumulative dia 02 (2026-09-02 → 2026-09-04) 54287 bytes
2026-09-02 09:35:54,663 [INFO] [OK] USA/GFS_ENSEMBLE_Corn_PRCP_DEP/cumulative dia 04 (2026-09-02 → 2026-09-06) 59977 bytes
2026-09-02 09:35:54,710 [INFO] [OK] USA/GFS_ENSEMBLE_Corn_PRCP_DEP/cumulative dia 03 (2026-09-02 → 2026-09-05) 56703 bytes
2026-09-02 09:35:55,390 [INFO] [OK] USA/GFS_ENSEMBLE_Corn_PRCP_DEP/cumulative dia 05 (2026-09-02 → 2026-09-07) 59158 bytes
2026-09-02 09:35:56,395 [INFO] [OK] USA/GFS_ENSEMBLE_Corn_PRCP_DEP/cumulative dia 08 (2026-09-02 → 2026-09-10) 58088 bytes
2026-09-02 09:35:56,401 [INFO] [OK] USA/GFS_ENSEMBLE_Corn_PRCP_DEP/cumulative dia 06 (2026-09-02 → 2026-09-08) 58733 bytes
2026-09-02 09:35:56,462 [INFO] [OK] USA/GFS_ENSEMBLE_Corn_PRCP_DEP/cumulative dia 07 (2026-09-02 → 2026-09-09) 58023 bytes
2026-09-02 09:35:57,917 [INFO] [OK] USA/GFS_ENSEMBLE_Corn_PRCP_DEP/cumulative dia 09 (2026-09-02 → 2026-09-11) 58841 bytes
2026-09-02 09:35:57,919 [INFO] [OK] USA/GFS_ENSEMBLE_Corn_PRCP_DEP/cumulative dia 10 (2026-09-02 → 2026-09-12) 58532 bytes
2026-09-02 09:35:58,357 [INFO] [OK] USA/GFS_ENSEMBLE_Corn_PRCP_DEP/cumulative dia 11 (2026-09-02 → 2026-09-13) 58349 bytes
2026-09-02 09:36:00,002 [INFO] [OK] USA/GFS_ENSEMBLE_Corn_PRCP_DEP/cumulative dia 12 (2026-09-02 → 2026-09-14) 57901 bytes
2026-09-02 09:36:00,004 [INFO] [OK] USA/GFS_ENSEMBLE_Corn_PRCP_DEP/cumulative dia 13 (2026-09-02 → 2026-09-15) 57640 bytes
2026-09-02 09:36:00,255 [INFO] [OK] USA/GFS_ENSEMBLE_Corn_PRCP_DEP/cumulative dia 14 (2026-09-02 → 2026-09-16) 58015 bytes
2026-09-02 09:36:00,321 [INFO] [OK] USA/GFS_ENSEMBLE_Corn_PRCP/daily dia 02 (2026-09-04 → 2026-09-04) 37366 bytes
2026-09-02 09:36:00,396 [INFO] [OK] USA/GFS_ENSEMBLE_Corn_PRCP/daily dia 00 (2026-09-02 → 2026-09-02) 37658 bytes
2026-09-02 09:36:00,404 [INFO] [OK] USA/GFS_ENSEMBLE_Corn_PRCP/daily dia 01 (2026-09-03 → 2026-09-03) 37846 bytes
2026-09-02 09:36:02,358 [INFO] [OK] USA/GFS_ENSEMBLE_Corn_PRCP/daily dia 04 (2026-09-06 → 2026-09-06) 37834 bytes
2026-09-02 09:36:02,361 [INFO] [OK] USA/GFS_ENSEMBLE_Corn_PRCP/daily dia 03 (2026-09-05 → 2026-09-05) 37202 bytes
2026-09-02 09:36:02,363 [INFO] [OK] USA/GFS_ENSEMBLE_Corn_PRCP/daily dia 05 (2026-09-07 → 2026-09-07) 37035 bytes
2026-09-02 09:36:02,364 [INFO] [OK] USA/GFS_ENSEMBLE_Corn_PRCP/daily dia 07 (2026-09-09 → 2026-09-09) 37299 bytes
2026-09-02 09:36:02,426 [INFO] [OK] USA/GFS_ENSEMBLE_Corn_PRCP/daily dia 06 (2026-09-08 → 2026-09-08) 37046 bytes
2026-09-02 09:36:02,438 [INFO] [OK] USA/GFS_ENSEMBLE_Corn_PRCP/daily dia 08 (2026-09-10 → 2026-09-10) 37580 bytes
2026-09-02 09:36:04,164 [INFO] [OK] USA/GFS_ENSEMBLE_Corn_PRCP/daily dia 11 (2026-09-13 → 2026-09-13) 36629 bytes
2026-09-02 09:36:04,367 [INFO] [OK] USA/GFS_ENSEMBLE_Corn_PRCP/daily dia 13 (2026-09-15 → 2026-09-15) 36571 bytes
2026-09-02 09:36:04,373 [INFO] [OK] USA/GFS_ENSEMBLE_Corn_PRCP/daily dia 14 (2026-09-16 → 2026-09-16) 36400 bytes
2026-09-02 09:36:04,531 [INFO] [OK] USA/GFS_ENSEMBLE_Corn_PRCP/daily dia 10 (2026-09-12 → 2026-09-12) 35627 bytes
2026-09-02 09:36:04,593 [INFO] [OK] USA/GFS_ENSEMBLE_Corn_PRCP/daily dia 12 (2026-09-14 → 2026-09-14) 36620 bytes
2026-09-02 09:36:04,601 [INFO] [OK] USA/GFS_ENSEMBLE_Corn_PRCP/daily dia 09 (2026-09-11 → 2026-09-11) 36824 bytes
2026-09-02 09:36:05,894 [INFO] [OK] USA/GFS_ENSEMBLE_Corn_PRCP/cumulative dia 00 (2026-09-02 → 2026-09-02) 37658 bytes
2026-09-02 09:36:06,418 [INFO] [OK] USA/GFS_ENSEMBLE_Corn_PRCP/cumulative dia 02 (2026-09-02 → 2026-09-04) 43387 bytes
2026-09-02 09:36:06,478 [INFO] [OK] USA/GFS_ENSEMBLE_Corn_PRCP/cumulative dia 01 (2026-09-02 → 2026-09-03) 40848 bytes
2026-09-02 09:36:06,822 [INFO] [OK] USA/GFS_ENSEMBLE_Corn_PRCP/cumulative dia 03 (2026-09-02 → 2026-09-05) 44655 bytes
2026-09-02 09:36:06,940 [INFO] [OK] USA/GFS_ENSEMBLE_Corn_PRCP/cumulative dia 05 (2026-09-02 → 2026-09-07) 47660 bytes
2026-09-02 09:36:06,946 [INFO] [OK] USA/GFS_ENSEMBLE_Corn_PRCP/cumulative dia 04 (2026-09-02 → 2026-09-06) 46459 bytes
2026-09-02 09:36:08,500 [INFO] [OK] USA/GFS_ENSEMBLE_Corn_PRCP/cumulative dia 06 (2026-09-02 → 2026-09-08) 48664 bytes
2026-09-02 09:36:09,019 [INFO] [OK] USA/GFS_ENSEMBLE_Corn_PRCP/cumulative dia 07 (2026-09-02 → 2026-09-09) 49001 bytes
2026-09-02 09:36:09,196 [INFO] [OK] USA/GFS_ENSEMBLE_Corn_PRCP/cumulative dia 08 (2026-09-02 → 2026-09-10) 49684 bytes
2026-09-02 09:36:09,731 [INFO] [OK] USA/GFS_ENSEMBLE_Corn_PRCP/cumulative dia 09 (2026-09-02 → 2026-09-11) 49948 bytes
2026-09-02 09:36:10,079 [INFO] [OK] USA/GFS_ENSEMBLE_Corn_PRCP/cumulative dia 10 (2026-09-02 → 2026-09-12) 50591 bytes
2026-09-02 09:36:10,210 [INFO] [OK] USA/GFS_ENSEMBLE_Corn_PRCP/cumulative dia 11 (2026-09-02 → 2026-09-13) 51396 bytes
2026-09-02 09:36:11,486 [INFO] [OK] USA/GFS_ENSEMBLE_Soy_PRCP_DEP/daily dia 00 (2026-09-02 → 2026-09-02) 49296 bytes
2026-09-02 09:36:11,674 [INFO] [OK] USA/GFS_ENSEMBLE_Corn_PRCP/cumulative dia 12 (2026-09-02 → 2026-09-14) 51430 bytes
2026-09-02 09:36:11,877 [INFO] [OK] USA/GFS_ENSEMBLE_Soy_PRCP_DEP/daily dia 01 (2026-09-03 → 2026-09-03) 51224 bytes
2026-09-02 09:36:11,989 [INFO] [OK] USA/GFS_ENSEMBLE_Soy_PRCP_DEP/daily dia 02 (2026-09-04 → 2026-09-04) 54382 bytes
2026-09-02 09:36:12,279 [INFO] [OK] USA/GFS_ENSEMBLE_Corn_PRCP/cumulative dia 13 (2026-09-02 → 2026-09-15) 50803 bytes
2026-09-02 09:36:12,429 [INFO] [OK] USA/GFS_ENSEMBLE_Corn_PRCP/cumulative dia 14 (2026-09-02 → 2026-09-16) 51290 bytes
2026-09-02 09:36:14,154 [INFO] [OK] USA/GFS_ENSEMBLE_Soy_PRCP_DEP/daily dia 06 (2026-09-08 → 2026-09-08) 57014 bytes
2026-09-02 09:36:14,155 [INFO] [OK] USA/GFS_ENSEMBLE_Soy_PRCP_DEP/daily dia 04 (2026-09-06 → 2026-09-06) 58779 bytes
2026-09-02 09:36:14,168 [INFO] [OK] USA/GFS_ENSEMBLE_Soy_PRCP_DEP/daily dia 05 (2026-09-07 → 2026-09-07) 55633 bytes
2026-09-02 09:36:14,180 [INFO] [OK] USA/GFS_ENSEMBLE_Soy_PRCP_DEP/daily dia 07 (2026-09-09 → 2026-09-09) 58674 bytes
2026-09-02 09:36:14,181 [INFO] [OK] USA/GFS_ENSEMBLE_Soy_PRCP_DEP/daily dia 03 (2026-09-05 → 2026-09-05) 57024 bytes
2026-09-02 09:36:14,193 [INFO] [OK] USA/GFS_ENSEMBLE_Soy_PRCP_DEP/daily dia 08 (2026-09-10 → 2026-09-10) 60419 bytes
2026-09-02 09:36:16,122 [INFO] [OK] USA/GFS_ENSEMBLE_Soy_PRCP_DEP/daily dia 12 (2026-09-14 → 2026-09-14) 60227 bytes
2026-09-02 09:36:16,363 [INFO] [OK] USA/GFS_ENSEMBLE_Soy_PRCP_DEP/daily dia 10 (2026-09-12 → 2026-09-12) 62044 bytes
2026-09-02 09:36:16,700 [INFO] [OK] USA/GFS_ENSEMBLE_Soy_PRCP_DEP/daily dia 09 (2026-09-11 → 2026-09-11) 62858 bytes
2026-09-02 09:36:16,777 [INFO] [OK] USA/GFS_ENSEMBLE_Soy_PRCP_DEP/daily dia 14 (2026-09-16 → 2026-09-16) 61069 bytes
2026-09-02 09:36:16,857 [INFO] [OK] USA/GFS_ENSEMBLE_Soy_PRCP_DEP/daily dia 11 (2026-09-13 → 2026-09-13) 62089 bytes
2026-09-02 09:36:16,871 [INFO] [OK] USA/GFS_ENSEMBLE_Soy_PRCP_DEP/daily dia 13 (2026-09-15 → 2026-09-15) 60994 bytes
2026-09-02 09:36:17,764 [INFO] [OK] USA/GFS_ENSEMBLE_Soy_PRCP_DEP/cumulative dia 00 (2026-09-02 → 2026-09-02) 49296 bytes
2026-09-02 09:36:18,193 [INFO] [OK] USA/GFS_ENSEMBLE_Soy_PRCP_DEP/cumulative dia 01 (2026-09-02 → 2026-09-03) 51763 bytes
2026-09-02 09:36:18,702 [INFO] [OK] USA/GFS_ENSEMBLE_Soy_PRCP_DEP/cumulative dia 02 (2026-09-02 → 2026-09-04) 54029 bytes
2026-09-02 09:36:19,215 [INFO] [OK] USA/GFS_ENSEMBLE_Soy_PRCP_DEP/cumulative dia 05 (2026-09-02 → 2026-09-07) 58942 bytes
2026-09-02 09:36:19,254 [INFO] [OK] USA/GFS_ENSEMBLE_Soy_PRCP_DEP/cumulative dia 03 (2026-09-02 → 2026-09-05) 56476 bytes
2026-09-02 09:36:19,283 [INFO] [OK] USA/GFS_ENSEMBLE_Soy_PRCP_DEP/cumulative dia 04 (2026-09-02 → 2026-09-06) 59708 bytes
2026-09-02 09:36:20,044 [INFO] [OK] USA/GFS_ENSEMBLE_Soy_PRCP_DEP/cumulative dia 06 (2026-09-02 → 2026-09-08) 58561 bytes
2026-09-02 09:36:20,563 [INFO] [OK] USA/GFS_ENSEMBLE_Soy_PRCP_DEP/cumulative dia 07 (2026-09-02 → 2026-09-09) 57899 bytes
2026-09-02 09:36:21,540 [INFO] [OK] USA/GFS_ENSEMBLE_Soy_PRCP_DEP/cumulative dia 08 (2026-09-02 → 2026-09-10) 57822 bytes
2026-09-02 09:36:22,374 [INFO] [OK] USA/GFS_ENSEMBLE_Soy_PRCP_DEP/cumulative dia 09 (2026-09-02 → 2026-09-11) 58596 bytes
2026-09-02 09:36:22,471 [INFO] [OK] USA/GFS_ENSEMBLE_Soy_PRCP_DEP/cumulative dia 10 (2026-09-02 → 2026-09-12) 58419 bytes
2026-09-02 09:36:22,487 [INFO] [OK] USA/GFS_ENSEMBLE_Soy_PRCP_DEP/cumulative dia 11 (2026-09-02 → 2026-09-13) 58274 bytes
2026-09-02 09:36:23,260 [INFO] [OK] USA/GFS_ENSEMBLE_Soy_PRCP_DEP/cumulative dia 12 (2026-09-02 → 2026-09-14) 57821 bytes
2026-09-02 09:36:24,026 [INFO] [OK] USA/GFS_ENSEMBLE_Soy_PRCP_DEP/cumulative dia 13 (2026-09-02 → 2026-09-15) 57496 bytes
2026-09-02 09:36:24,075 [INFO] [OK] USA/GFS_ENSEMBLE_Soy_PRCP/daily dia 01 (2026-09-03 → 2026-09-03) 37456 bytes
2026-09-02 09:36:24,089 [INFO] [OK] USA/GFS_ENSEMBLE_Soy_PRCP/daily dia 00 (2026-09-02 → 2026-09-02) 37078 bytes
2026-09-02 09:36:24,156 [INFO] [OK] USA/GFS_ENSEMBLE_Soy_PRCP/daily dia 02 (2026-09-04 → 2026-09-04) 36880 bytes
2026-09-02 09:36:24,635 [INFO] [OK] USA/GFS_ENSEMBLE_Soy_PRCP_DEP/cumulative dia 14 (2026-09-02 → 2026-09-16) 57951 bytes
2026-09-02 09:36:24,795 [INFO] [OK] USA/GFS_ENSEMBLE_Soy_PRCP/daily dia 03 (2026-09-05 → 2026-09-05) 36780 bytes
2026-09-02 09:36:25,699 [INFO] [OK] USA/GFS_ENSEMBLE_Soy_PRCP/daily dia 04 (2026-09-06 → 2026-09-06) 37534 bytes
2026-09-02 09:36:25,928 [INFO] [OK] USA/GFS_ENSEMBLE_Soy_PRCP/daily dia 06 (2026-09-08 → 2026-09-08) 36629 bytes
2026-09-02 09:36:25,929 [INFO] [OK] USA/GFS_ENSEMBLE_Soy_PRCP/daily dia 05 (2026-09-07 → 2026-09-07) 36601 bytes
2026-09-02 09:36:26,134 [INFO] [OK] USA/GFS_ENSEMBLE_Soy_PRCP/daily dia 07 (2026-09-09 → 2026-09-09) 36956 bytes
2026-09-02 09:36:26,301 [INFO] [OK] USA/GFS_ENSEMBLE_Soy_PRCP/daily dia 08 (2026-09-10 → 2026-09-10) 37256 bytes
2026-09-02 09:36:26,555 [INFO] [OK] USA/GFS_ENSEMBLE_Soy_PRCP/daily dia 09 (2026-09-11 → 2026-09-11) 36517 bytes
2026-09-02 09:36:27,280 [INFO] [OK] USA/GFS_ENSEMBLE_Soy_PRCP/daily dia 10 (2026-09-12 → 2026-09-12) 35306 bytes
2026-09-02 09:36:27,489 [INFO] [OK] USA/GFS_ENSEMBLE_Soy_PRCP/daily dia 11 (2026-09-13 → 2026-09-13) 36293 bytes
2026-09-02 09:36:27,493 [INFO] [OK] USA/GFS_ENSEMBLE_Soy_PRCP/daily dia 12 (2026-09-14 → 2026-09-14) 36243 bytes
2026-09-02 09:36:27,791 [INFO] [OK] USA/GFS_ENSEMBLE_Soy_PRCP/daily dia 13 (2026-09-15 → 2026-09-15) 36225 bytes
2026-09-02 09:36:27,873 [INFO] [OK] USA/GFS_ENSEMBLE_Soy_PRCP/daily dia 14 (2026-09-16 → 2026-09-16) 35875 bytes
2026-09-02 09:36:28,165 [INFO] [OK] USA/GFS_ENSEMBLE_Soy_PRCP/cumulative dia 00 (2026-09-02 → 2026-09-02) 37078 bytes
2026-09-02 09:36:29,094 [INFO] [OK] USA/GFS_ENSEMBLE_Soy_PRCP/cumulative dia 01 (2026-09-02 → 2026-09-03) 40430 bytes
2026-09-02 09:36:29,332 [INFO] [OK] USA/GFS_ENSEMBLE_Soy_PRCP/cumulative dia 02 (2026-09-02 → 2026-09-04) 42894 bytes
2026-09-02 09:36:29,520 [INFO] [OK] USA/GFS_ENSEMBLE_Soy_PRCP/cumulative dia 03 (2026-09-02 → 2026-09-05) 44389 bytes
2026-09-02 09:36:29,825 [INFO] [OK] USA/GFS_ENSEMBLE_Soy_PRCP/cumulative dia 04 (2026-09-02 → 2026-09-06) 46278 bytes
2026-09-02 09:36:30,506 [INFO] [OK] USA/GFS_ENSEMBLE_Soy_PRCP/cumulative dia 05 (2026-09-02 → 2026-09-07) 47460 bytes
2026-09-02 09:36:30,507 [INFO] [OK] USA/GFS_ENSEMBLE_Soy_PRCP/cumulative dia 06 (2026-09-02 → 2026-09-08) 48350 bytes
2026-09-02 09:36:31,510 [INFO] [OK] USA/GFS_ENSEMBLE_Soy_PRCP/cumulative dia 07 (2026-09-02 → 2026-09-09) 48628 bytes
2026-09-02 09:36:31,830 [INFO] [OK] USA/GFS_ENSEMBLE_Soy_PRCP/cumulative dia 08 (2026-09-02 → 2026-09-10) 49275 bytes
2026-09-02 09:36:32,100 [INFO] [OK] USA/GFS_ENSEMBLE_Soy_PRCP/cumulative dia 09 (2026-09-02 → 2026-09-11) 49476 bytes
2026-09-02 09:36:32,799 [INFO] [OK] USA/GFS_ENSEMBLE_Soy_PRCP/cumulative dia 10 (2026-09-02 → 2026-09-12) 50069 bytes
2026-09-02 09:36:33,391 [INFO] [OK] USA/GFS_ENSEMBLE_Soy_PRCP/cumulative dia 12 (2026-09-02 → 2026-09-14) 50898 bytes
2026-09-02 09:36:33,392 [INFO] [OK] USA/GFS_ENSEMBLE_Soy_PRCP/cumulative dia 11 (2026-09-02 → 2026-09-13) 50878 bytes
2026-09-02 09:36:33,760 [INFO] [OK] USA/GFS_ENSEMBLE_Wheat_Winter_PRCP_DEP/daily dia 00 (2026-09-02 → 2026-09-02) 50833 bytes
2026-09-02 09:36:34,392 [INFO] [OK] USA/GFS_ENSEMBLE_Soy_PRCP/cumulative dia 13 (2026-09-02 → 2026-09-15) 50390 bytes
2026-09-02 09:36:34,454 [INFO] [OK] USA/GFS_ENSEMBLE_Wheat_Winter_PRCP_DEP/daily dia 01 (2026-09-03 → 2026-09-03) 52849 bytes
2026-09-02 09:36:35,035 [INFO] [OK] USA/GFS_ENSEMBLE_Soy_PRCP/cumulative dia 14 (2026-09-02 → 2026-09-16) 50776 bytes
2026-09-02 09:36:35,249 [INFO] [OK] USA/GFS_ENSEMBLE_Wheat_Winter_PRCP_DEP/daily dia 03 (2026-09-05 → 2026-09-05) 58675 bytes
2026-09-02 09:36:35,316 [INFO] [OK] USA/GFS_ENSEMBLE_Wheat_Winter_PRCP_DEP/daily dia 02 (2026-09-04 → 2026-09-04) 55579 bytes
2026-09-02 09:36:35,498 [INFO] [OK] USA/GFS_ENSEMBLE_Wheat_Winter_PRCP_DEP/daily dia 04 (2026-09-06 → 2026-09-06) 60326 bytes
2026-09-02 09:36:36,140 [INFO] [OK] USA/GFS_ENSEMBLE_Wheat_Winter_PRCP_DEP/daily dia 05 (2026-09-07 → 2026-09-07) 57343 bytes
2026-09-02 09:36:36,148 [INFO] [OK] USA/GFS_ENSEMBLE_Wheat_Winter_PRCP_DEP/daily dia 06 (2026-09-08 → 2026-09-08) 58868 bytes
2026-09-02 09:36:36,841 [INFO] [OK] USA/GFS_ENSEMBLE_Wheat_Winter_PRCP_DEP/daily dia 07 (2026-09-09 → 2026-09-09) 60501 bytes
2026-09-02 09:36:37,113 [INFO] [OK] USA/GFS_ENSEMBLE_Wheat_Winter_PRCP_DEP/daily dia 09 (2026-09-11 → 2026-09-11) 64249 bytes
2026-09-02 09:36:37,302 [INFO] [OK] USA/GFS_ENSEMBLE_Wheat_Winter_PRCP_DEP/daily dia 08 (2026-09-10 → 2026-09-10) 61577 bytes
2026-09-02 09:36:37,492 [INFO] [OK] USA/GFS_ENSEMBLE_Wheat_Winter_PRCP_DEP/daily dia 10 (2026-09-12 → 2026-09-12) 63702 bytes
2026-09-02 09:36:38,119 [INFO] [OK] USA/GFS_ENSEMBLE_Wheat_Winter_PRCP_DEP/daily dia 12 (2026-09-14 → 2026-09-14) 61703 bytes
2026-09-02 09:36:38,343 [INFO] [OK] USA/GFS_ENSEMBLE_Wheat_Winter_PRCP_DEP/daily dia 11 (2026-09-13 → 2026-09-13) 63662 bytes
2026-09-02 09:36:38,885 [INFO] [OK] USA/GFS_ENSEMBLE_Wheat_Winter_PRCP_DEP/daily dia 14 (2026-09-16 → 2026-09-16) 62546 bytes
2026-09-02 09:36:38,886 [INFO] [OK] USA/GFS_ENSEMBLE_Wheat_Winter_PRCP_DEP/daily dia 13 (2026-09-15 → 2026-09-15) 62608 bytes
2026-09-02 09:36:39,013 [INFO] [OK] USA/GFS_ENSEMBLE_Wheat_Winter_PRCP_DEP/cumulative dia 00 (2026-09-02 → 2026-09-02) 50833 bytes
2026-09-02 09:36:39,862 [INFO] [OK] USA/GFS_ENSEMBLE_Wheat_Winter_PRCP_DEP/cumulative dia 01 (2026-09-02 → 2026-09-03) 53425 bytes
2026-09-02 09:36:39,919 [INFO] [OK] USA/GFS_ENSEMBLE_Wheat_Winter_PRCP_DEP/cumulative dia 02 (2026-09-02 → 2026-09-04) 55596 bytes
2026-09-02 09:36:40,497 [INFO] [OK] USA/GFS_ENSEMBLE_Wheat_Winter_PRCP_DEP/cumulative dia 03 (2026-09-02 → 2026-09-05) 57909 bytes
2026-09-02 09:36:41,079 [INFO] [OK] USA/GFS_ENSEMBLE_Wheat_Winter_PRCP_DEP/cumulative dia 05 (2026-09-02 → 2026-09-07) 60222 bytes
2026-09-02 09:36:41,114 [INFO] [OK] USA/GFS_ENSEMBLE_Wheat_Winter_PRCP_DEP/cumulative dia 04 (2026-09-02 → 2026-09-06) 60653 bytes
2026-09-02 09:36:41,266 [INFO] [OK] USA/GFS_ENSEMBLE_Wheat_Winter_PRCP_DEP/cumulative dia 06 (2026-09-02 → 2026-09-08) 59695 bytes
2026-09-02 09:36:42,260 [INFO] [OK] USA/GFS_ENSEMBLE_Wheat_Winter_PRCP_DEP/cumulative dia 07 (2026-09-02 → 2026-09-09) 59217 bytes
2026-09-02 09:36:42,444 [INFO] [OK] USA/GFS_ENSEMBLE_Wheat_Winter_PRCP_DEP/cumulative dia 08 (2026-09-02 → 2026-09-10) 59450 bytes
2026-09-02 09:36:43,279 [INFO] [OK] USA/GFS_ENSEMBLE_Wheat_Winter_PRCP_DEP/cumulative dia 09 (2026-09-02 → 2026-09-11) 59839 bytes
2026-09-02 09:36:43,712 [INFO] [OK] USA/GFS_ENSEMBLE_Wheat_Winter_PRCP_DEP/cumulative dia 10 (2026-09-02 → 2026-09-12) 59588 bytes
2026-09-02 09:36:43,892 [INFO] [OK] USA/GFS_ENSEMBLE_Wheat_Winter_PRCP_DEP/cumulative dia 11 (2026-09-02 → 2026-09-13) 59578 bytes
2026-09-02 09:36:44,196 [INFO] [OK] USA/GFS_ENSEMBLE_Wheat_Winter_PRCP_DEP/cumulative dia 12 (2026-09-02 → 2026-09-14) 59013 bytes
2026-09-02 09:36:44,854 [INFO] [OK] USA/GFS_ENSEMBLE_Wheat_Winter_PRCP/daily dia 00 (2026-09-02 → 2026-09-02) 38535 bytes
2026-09-02 09:36:45,384 [INFO] [OK] USA/GFS_ENSEMBLE_Wheat_Winter_PRCP_DEP/cumulative dia 13 (2026-09-02 → 2026-09-15) 59156 bytes
2026-09-02 09:36:45,391 [INFO] [OK] USA/GFS_ENSEMBLE_Wheat_Winter_PRCP/daily dia 01 (2026-09-03 → 2026-09-03) 39005 bytes
2026-09-02 09:36:45,647 [INFO] [OK] USA/GFS_ENSEMBLE_Wheat_Winter_PRCP_DEP/cumulative dia 14 (2026-09-02 → 2026-09-16) 59315 bytes
2026-09-02 09:36:45,654 [INFO] [OK] USA/GFS_ENSEMBLE_Wheat_Winter_PRCP/daily dia 02 (2026-09-04 → 2026-09-04) 38418 bytes
2026-09-02 09:36:45,932 [INFO] [OK] USA/GFS_ENSEMBLE_Wheat_Winter_PRCP/daily dia 03 (2026-09-05 → 2026-09-05) 38497 bytes
2026-09-02 09:36:46,377 [INFO] [OK] USA/GFS_ENSEMBLE_Wheat_Winter_PRCP/daily dia 04 (2026-09-06 → 2026-09-06) 39034 bytes
2026-09-02 09:36:47,005 [INFO] [OK] USA/GFS_ENSEMBLE_Wheat_Winter_PRCP/daily dia 05 (2026-09-07 → 2026-09-07) 38102 bytes
2026-09-02 09:36:47,108 [INFO] [OK] USA/GFS_ENSEMBLE_Wheat_Winter_PRCP/daily dia 06 (2026-09-08 → 2026-09-08) 38131 bytes
2026-09-02 09:36:47,302 [INFO] [OK] USA/GFS_ENSEMBLE_Wheat_Winter_PRCP/daily dia 08 (2026-09-10 → 2026-09-10) 38647 bytes
2026-09-02 09:36:47,303 [INFO] [OK] USA/GFS_ENSEMBLE_Wheat_Winter_PRCP/daily dia 07 (2026-09-09 → 2026-09-09) 38427 bytes
2026-09-02 09:36:47,604 [INFO] [OK] USA/GFS_ENSEMBLE_Wheat_Winter_PRCP/daily dia 09 (2026-09-11 → 2026-09-11) 37981 bytes
2026-09-02 09:36:47,948 [INFO] [OK] USA/GFS_ENSEMBLE_Wheat_Winter_PRCP/daily dia 10 (2026-09-12 → 2026-09-12) 36839 bytes
2026-09-02 09:36:48,969 [INFO] [OK] USA/GFS_ENSEMBLE_Wheat_Winter_PRCP/daily dia 11 (2026-09-13 → 2026-09-13) 37727 bytes
2026-09-02 09:36:48,970 [INFO] [OK] USA/GFS_ENSEMBLE_Wheat_Winter_PRCP/daily dia 13 (2026-09-15 → 2026-09-15) 37642 bytes
2026-09-02 09:36:48,979 [INFO] [OK] USA/GFS_ENSEMBLE_Wheat_Winter_PRCP/daily dia 14 (2026-09-16 → 2026-09-16) 37272 bytes
2026-09-02 09:36:48,980 [INFO] [OK] USA/GFS_ENSEMBLE_Wheat_Winter_PRCP/daily dia 12 (2026-09-14 → 2026-09-14) 37623 bytes
2026-09-02 09:36:49,202 [INFO] [OK] USA/GFS_ENSEMBLE_Wheat_Winter_PRCP/cumulative dia 00 (2026-09-02 → 2026-09-02) 38535 bytes
2026-09-02 09:36:49,893 [INFO] [OK] USA/GFS_ENSEMBLE_Wheat_Winter_PRCP/cumulative dia 01 (2026-09-02 → 2026-09-03) 41991 bytes
2026-09-02 09:36:50,834 [INFO] [OK] USA/GFS_ENSEMBLE_Wheat_Winter_PRCP/cumulative dia 02 (2026-09-02 → 2026-09-04) 44536 bytes
2026-09-02 09:36:51,203 [INFO] [OK] USA/GFS_ENSEMBLE_Wheat_Winter_PRCP/cumulative dia 03 (2026-09-02 → 2026-09-05) 45953 bytes
2026-09-02 09:36:51,220 [INFO] [OK] USA/GFS_ENSEMBLE_Wheat_Winter_PRCP/cumulative dia 04 (2026-09-02 → 2026-09-06) 47699 bytes
2026-09-02 09:36:51,332 [INFO] [OK] USA/GFS_ENSEMBLE_Wheat_Winter_PRCP/cumulative dia 05 (2026-09-02 → 2026-09-07) 48912 bytes
2026-09-02 09:36:51,532 [INFO] [OK] USA/GFS_ENSEMBLE_Wheat_Winter_PRCP/cumulative dia 06 (2026-09-02 → 2026-09-08) 49956 bytes
2026-09-02 09:36:52,243 [INFO] [OK] USA/GFS_ENSEMBLE_Wheat_Winter_PRCP/cumulative dia 07 (2026-09-02 → 2026-09-09) 50275 bytes
2026-09-02 09:36:53,551 [INFO] [OK] USA/GFS_ENSEMBLE_Wheat_Winter_PRCP/cumulative dia 08 (2026-09-02 → 2026-09-10) 50782 bytes
2026-09-02 09:36:54,413 [INFO] [OK] USA/GFS_ENSEMBLE_Wheat_Winter_PRCP/cumulative dia 09 (2026-09-02 → 2026-09-11) 51014 bytes
2026-09-02 09:36:54,497 [INFO] [OK] USA/GFS_ENSEMBLE_Wheat_Winter_PRCP/cumulative dia 11 (2026-09-02 → 2026-09-13) 52529 bytes
2026-09-02 09:36:57,599 [INFO] [OK] USA/GFS_ENSEMBLE_Wheat_Winter_PRCP/cumulative dia 10 (2026-09-02 → 2026-09-12) 51869 bytes
2026-09-02 09:36:57,609 [INFO] [OK] USA/GFS_ENSEMBLE_Wheat_Winter_PRCP/cumulative dia 13 (2026-09-02 → 2026-09-15) 52234 bytes
2026-09-02 09:36:57,611 [INFO] [OK] USA/GFS_ENSEMBLE_Wheat_Winter_PRCP/cumulative dia 12 (2026-09-02 → 2026-09-14) 52595 bytes
2026-09-02 09:36:57,619 [INFO] [OK] USA/GFS_ENSEMBLE_Wheat_Winter_PRCP/cumulative dia 14 (2026-09-02 → 2026-09-16) 52383 bytes
2026-09-02 09:36:57,620 [INFO] [OK] USA/GFS_ENSEMBLE_Wheat_Spring_PRCP_DEP/daily dia 00 (2026-09-02 → 2026-09-02) 47973 bytes
2026-09-02 09:36:57,625 [INFO] [OK] USA/GFS_ENSEMBLE_Wheat_Spring_PRCP_DEP/daily dia 01 (2026-09-03 → 2026-09-03) 49573 bytes
2026-09-02 09:36:59,467 [INFO] [OK] USA/GFS_ENSEMBLE_Wheat_Spring_PRCP_DEP/daily dia 05 (2026-09-07 → 2026-09-07) 53694 bytes
2026-09-02 09:36:59,494 [INFO] [OK] USA/GFS_ENSEMBLE_Wheat_Spring_PRCP_DEP/daily dia 06 (2026-09-08 → 2026-09-08) 54613 bytes
2026-09-02 09:36:59,498 [INFO] [OK] USA/GFS_ENSEMBLE_Wheat_Spring_PRCP_DEP/daily dia 03 (2026-09-05 → 2026-09-05) 55181 bytes
2026-09-02 09:36:59,577 [INFO] [OK] USA/GFS_ENSEMBLE_Wheat_Spring_PRCP_DEP/daily dia 07 (2026-09-09 → 2026-09-09) 56767 bytes
2026-09-02 09:36:59,714 [INFO] [OK] USA/GFS_ENSEMBLE_Wheat_Spring_PRCP_DEP/daily dia 02 (2026-09-04 → 2026-09-04) 52503 bytes
2026-09-02 09:36:59,717 [INFO] [OK] USA/GFS_ENSEMBLE_Wheat_Spring_PRCP_DEP/daily dia 04 (2026-09-06 → 2026-09-06) 56523 bytes
2026-09-02 09:37:01,197 [INFO] [OK] USA/GFS_ENSEMBLE_Wheat_Spring_PRCP_DEP/daily dia 08 (2026-09-10 → 2026-09-10) 58332 bytes
2026-09-02 09:37:01,278 [INFO] [OK] USA/GFS_ENSEMBLE_Wheat_Spring_PRCP_DEP/daily dia 10 (2026-09-12 → 2026-09-12) 60642 bytes
2026-09-02 09:37:01,386 [INFO] [OK] USA/GFS_ENSEMBLE_Wheat_Spring_PRCP_DEP/daily dia 09 (2026-09-11 → 2026-09-11) 61278 bytes
2026-09-02 09:37:01,695 [INFO] [OK] USA/GFS_ENSEMBLE_Wheat_Spring_PRCP_DEP/daily dia 11 (2026-09-13 → 2026-09-13) 60395 bytes
2026-09-02 09:37:01,758 [INFO] [OK] USA/GFS_ENSEMBLE_Wheat_Spring_PRCP_DEP/daily dia 13 (2026-09-15 → 2026-09-15) 59503 bytes
2026-09-02 09:37:01,875 [INFO] [OK] USA/GFS_ENSEMBLE_Wheat_Spring_PRCP_DEP/daily dia 12 (2026-09-14 → 2026-09-14) 58065 bytes
2026-09-02 09:37:02,851 [INFO] [OK] USA/GFS_ENSEMBLE_Wheat_Spring_PRCP_DEP/daily dia 14 (2026-09-16 → 2026-09-16) 59495 bytes
2026-09-02 09:37:02,911 [INFO] [OK] USA/GFS_ENSEMBLE_Wheat_Spring_PRCP_DEP/cumulative dia 00 (2026-09-02 → 2026-09-02) 47973 bytes
2026-09-02 09:37:03,128 [INFO] [OK] USA/GFS_ENSEMBLE_Wheat_Spring_PRCP_DEP/cumulative dia 01 (2026-09-02 → 2026-09-03) 50145 bytes
2026-09-02 09:37:03,641 [INFO] [OK] USA/GFS_ENSEMBLE_Wheat_Spring_PRCP_DEP/cumulative dia 02 (2026-09-02 → 2026-09-04) 52360 bytes
2026-09-02 09:37:03,720 [INFO] [OK] USA/GFS_ENSEMBLE_Wheat_Spring_PRCP_DEP/cumulative dia 03 (2026-09-02 → 2026-09-05) 54625 bytes
2026-09-02 09:37:03,890 [INFO] [OK] USA/GFS_ENSEMBLE_Wheat_Spring_PRCP_DEP/cumulative dia 04 (2026-09-02 → 2026-09-06) 57850 bytes
2026-09-02 09:37:04,915 [INFO] [OK] USA/GFS_ENSEMBLE_Wheat_Spring_PRCP_DEP/cumulative dia 05 (2026-09-02 → 2026-09-07) 56757 bytes
2026-09-02 09:37:05,701 [INFO] [OK] USA/GFS_ENSEMBLE_Wheat_Spring_PRCP_DEP/cumulative dia 06 (2026-09-02 → 2026-09-08) 56080 bytes
2026-09-02 09:37:05,722 [INFO] [OK] USA/GFS_ENSEMBLE_Wheat_Spring_PRCP_DEP/cumulative dia 07 (2026-09-02 → 2026-09-09) 55470 bytes
2026-09-02 09:37:06,273 [INFO] [OK] USA/GFS_ENSEMBLE_Wheat_Spring_PRCP_DEP/cumulative dia 08 (2026-09-02 → 2026-09-10) 55390 bytes
2026-09-02 09:37:06,330 [INFO] [OK] USA/GFS_ENSEMBLE_Wheat_Spring_PRCP_DEP/cumulative dia 09 (2026-09-02 → 2026-09-11) 55900 bytes
2026-09-02 09:37:06,567 [INFO] [OK] USA/GFS_ENSEMBLE_Wheat_Spring_PRCP_DEP/cumulative dia 10 (2026-09-02 → 2026-09-12) 55785 bytes
2026-09-02 09:37:07,561 [INFO] [OK] USA/GFS_ENSEMBLE_Wheat_Spring_PRCP_DEP/cumulative dia 11 (2026-09-02 → 2026-09-13) 55636 bytes
2026-09-02 09:37:08,059 [INFO] [OK] USA/GFS_ENSEMBLE_Wheat_Spring_PRCP/daily dia 00 (2026-09-02 → 2026-09-02) 35641 bytes
2026-09-02 09:37:08,350 [INFO] [OK] USA/GFS_ENSEMBLE_Wheat_Spring_PRCP/daily dia 01 (2026-09-03 → 2026-09-03) 35875 bytes
2026-09-02 09:37:08,678 [INFO] [OK] USA/GFS_ENSEMBLE_Wheat_Spring_PRCP_DEP/cumulative dia 12 (2026-09-02 → 2026-09-14) 55317 bytes
2026-09-02 09:37:08,794 [INFO] [OK] USA/GFS_ENSEMBLE_Wheat_Spring_PRCP_DEP/cumulative dia 13 (2026-09-02 → 2026-09-15) 55133 bytes
2026-09-02 09:37:09,119 [INFO] [OK] USA/GFS_ENSEMBLE_Wheat_Spring_PRCP/daily dia 02 (2026-09-04 → 2026-09-04) 35254 bytes
2026-09-02 09:37:09,313 [INFO] [OK] USA/GFS_ENSEMBLE_Wheat_Spring_PRCP_DEP/cumulative dia 14 (2026-09-02 → 2026-09-16) 55509 bytes
2026-09-02 09:37:10,531 [INFO] [OK] USA/GFS_ENSEMBLE_Wheat_Spring_PRCP/daily dia 06 (2026-09-08 → 2026-09-08) 35355 bytes
2026-09-02 09:37:10,532 [INFO] [OK] USA/GFS_ENSEMBLE_Wheat_Spring_PRCP/daily dia 04 (2026-09-06 → 2026-09-06) 35842 bytes
2026-09-02 09:37:10,533 [INFO] [OK] USA/GFS_ENSEMBLE_Wheat_Spring_PRCP/daily dia 03 (2026-09-05 → 2026-09-05) 35356 bytes
2026-09-02 09:37:10,619 [INFO] [OK] USA/GFS_ENSEMBLE_Wheat_Spring_PRCP/daily dia 05 (2026-09-07 → 2026-09-07) 35166 bytes
2026-09-02 09:37:10,736 [INFO] [OK] USA/GFS_ENSEMBLE_Wheat_Spring_PRCP/daily dia 07 (2026-09-09 → 2026-09-09) 35333 bytes
2026-09-02 09:37:10,890 [INFO] [OK] USA/GFS_ENSEMBLE_Wheat_Spring_PRCP/daily dia 08 (2026-09-10 → 2026-09-10) 35596 bytes
2026-09-02 09:37:12,219 [INFO] [OK] USA/GFS_ENSEMBLE_Wheat_Spring_PRCP/daily dia 10 (2026-09-12 → 2026-09-12) 33726 bytes
2026-09-02 09:37:12,367 [INFO] [OK] USA/GFS_ENSEMBLE_Wheat_Spring_PRCP/daily dia 11 (2026-09-13 → 2026-09-13) 34735 bytes
2026-09-02 09:37:12,375 [INFO] [OK] USA/GFS_ENSEMBLE_Wheat_Spring_PRCP/daily dia 09 (2026-09-11 → 2026-09-11) 34898 bytes
2026-09-02 09:37:12,382 [INFO] [OK] USA/GFS_ENSEMBLE_Wheat_Spring_PRCP/daily dia 12 (2026-09-14 → 2026-09-14) 34725 bytes
2026-09-02 09:37:12,421 [INFO] [OK] USA/GFS_ENSEMBLE_Wheat_Spring_PRCP/daily dia 13 (2026-09-15 → 2026-09-15) 34673 bytes
2026-09-02 09:37:12,592 [INFO] [OK] USA/GFS_ENSEMBLE_Wheat_Spring_PRCP/daily dia 14 (2026-09-16 → 2026-09-16) 34439 bytes
2026-09-02 09:37:13,968 [INFO] [OK] USA/GFS_ENSEMBLE_Wheat_Spring_PRCP/cumulative dia 00 (2026-09-02 → 2026-09-02) 35641 bytes
2026-09-02 09:37:14,502 [INFO] [OK] USA/GFS_ENSEMBLE_Wheat_Spring_PRCP/cumulative dia 01 (2026-09-02 → 2026-09-03) 39021 bytes
2026-09-02 09:37:14,503 [INFO] [OK] USA/GFS_ENSEMBLE_Wheat_Spring_PRCP/cumulative dia 03 (2026-09-02 → 2026-09-05) 42620 bytes
2026-09-02 09:37:14,503 [INFO] [OK] USA/GFS_ENSEMBLE_Wheat_Spring_PRCP/cumulative dia 02 (2026-09-02 → 2026-09-04) 41307 bytes
2026-09-02 09:37:14,694 [INFO] [OK] USA/GFS_ENSEMBLE_Wheat_Spring_PRCP/cumulative dia 04 (2026-09-02 → 2026-09-06) 44154 bytes
2026-09-02 09:37:14,741 [INFO] [OK] USA/GFS_ENSEMBLE_Wheat_Spring_PRCP/cumulative dia 05 (2026-09-02 → 2026-09-07) 45387 bytes
2026-09-02 09:37:16,924 [INFO] [OK] USA/GFS_ENSEMBLE_Wheat_Spring_PRCP/cumulative dia 07 (2026-09-02 → 2026-09-09) 46434 bytes
2026-09-02 09:37:16,928 [INFO] [OK] USA/GFS_ENSEMBLE_Wheat_Spring_PRCP/cumulative dia 06 (2026-09-02 → 2026-09-08) 46158 bytes
2026-09-02 09:37:17,462 [INFO] [OK] USA/GFS_ENSEMBLE_Wheat_Spring_PRCP/cumulative dia 08 (2026-09-02 → 2026-09-10) 46994 bytes
2026-09-02 09:37:17,467 [INFO] [OK] USA/GFS_ENSEMBLE_Wheat_Spring_PRCP/cumulative dia 10 (2026-09-02 → 2026-09-12) 47748 bytes
2026-09-02 09:37:17,535 [INFO] [OK] USA/GFS_ENSEMBLE_Wheat_Spring_PRCP/cumulative dia 09 (2026-09-02 → 2026-09-11) 47135 bytes
2026-09-02 09:37:17,598 [INFO] [OK] USA/GFS_ENSEMBLE_Wheat_Spring_PRCP/cumulative dia 11 (2026-09-02 → 2026-09-13) 48519 bytes
2026-09-02 09:37:19,175 [INFO] [OK] USA/ECM_ENSEMBLE_Corn_PRCP_DEP/daily dia 00 (2026-09-02 → 2026-09-02) 52998 bytes
2026-09-02 09:37:19,401 [INFO] [OK] USA/ECM_ENSEMBLE_Corn_PRCP_DEP/daily dia 01 (2026-09-03 → 2026-09-03) 54030 bytes
2026-09-02 09:37:19,417 [INFO] [OK] USA/ECM_ENSEMBLE_Corn_PRCP_DEP/daily dia 02 (2026-09-04 → 2026-09-04) 56180 bytes
2026-09-02 09:37:19,711 [INFO] [OK] USA/GFS_ENSEMBLE_Wheat_Spring_PRCP/cumulative dia 12 (2026-09-02 → 2026-09-14) 48364 bytes
2026-09-02 09:37:19,855 [INFO] [OK] USA/GFS_ENSEMBLE_Wheat_Spring_PRCP/cumulative dia 13 (2026-09-02 → 2026-09-15) 48188 bytes
2026-09-02 09:37:20,434 [INFO] [OK] USA/GFS_ENSEMBLE_Wheat_Spring_PRCP/cumulative dia 14 (2026-09-02 → 2026-09-16) 48250 bytes
2026-09-02 09:37:21,115 [INFO] [OK] USA/ECM_ENSEMBLE_Corn_PRCP_DEP/daily dia 03 (2026-09-05 → 2026-09-05) 59931 bytes
2026-09-02 09:37:21,117 [INFO] [OK] USA/ECM_ENSEMBLE_Corn_PRCP_DEP/daily dia 04 (2026-09-06 → 2026-09-06) 57080 bytes
2026-09-02 09:37:21,400 [INFO] [OK] USA/ECM_ENSEMBLE_Corn_PRCP_DEP/daily dia 05 (2026-09-07 → 2026-09-07) 53957 bytes
2026-09-02 09:37:21,401 [INFO] [OK] USA/ECM_ENSEMBLE_Corn_PRCP_DEP/daily dia 06 (2026-09-08 → 2026-09-08) 56994 bytes
2026-09-02 09:37:21,494 [INFO] [OK] USA/ECM_ENSEMBLE_Corn_PRCP_DEP/daily dia 07 (2026-09-09 → 2026-09-09) 57463 bytes
2026-09-02 09:37:22,308 [INFO] [OK] USA/ECM_ENSEMBLE_Corn_PRCP_DEP/daily dia 08 (2026-09-10 → 2026-09-10) 58384 bytes
2026-09-02 09:37:23,037 [INFO] [OK] USA/ECM_ENSEMBLE_Corn_PRCP_DEP/daily dia 09 (2026-09-11 → 2026-09-11) 59305 bytes
2026-09-02 09:37:23,066 [INFO] [OK] USA/ECM_ENSEMBLE_Corn_PRCP_DEP/daily dia 10 (2026-09-12 → 2026-09-12) 59086 bytes
2026-09-02 09:37:23,142 [INFO] [OK] USA/ECM_ENSEMBLE_Corn_PRCP_DEP/daily dia 12 (2026-09-14 → 2026-09-14) 61519 bytes
2026-09-02 09:37:23,292 [INFO] [OK] USA/ECM_ENSEMBLE_Corn_PRCP_DEP/daily dia 11 (2026-09-13 → 2026-09-13) 60424 bytes
2026-09-02 09:37:23,902 [INFO] [OK] USA/ECM_ENSEMBLE_Corn_PRCP_DEP/daily dia 13 (2026-09-15 → 2026-09-15) 60762 bytes
2026-09-02 09:37:24,011 [INFO] [OK] USA/ECM_ENSEMBLE_Corn_PRCP_DEP/daily dia 14 (2026-09-16 → 2026-09-16) 59132 bytes
2026-09-02 09:37:24,736 [INFO] [OK] USA/ECM_ENSEMBLE_Corn_PRCP_DEP/cumulative dia 00 (2026-09-02 → 2026-09-02) 52998 bytes
2026-09-02 09:37:24,855 [INFO] [OK] USA/ECM_ENSEMBLE_Corn_PRCP_DEP/cumulative dia 01 (2026-09-02 → 2026-09-03) 55626 bytes
2026-09-02 09:37:25,027 [INFO] [OK] USA/ECM_ENSEMBLE_Corn_PRCP_DEP/cumulative dia 02 (2026-09-02 → 2026-09-04) 57108 bytes
2026-09-02 09:37:25,212 [INFO] [OK] USA/ECM_ENSEMBLE_Corn_PRCP_DEP/cumulative dia 03 (2026-09-02 → 2026-09-05) 58573 bytes
2026-09-02 09:37:26,020 [INFO] [OK] USA/ECM_ENSEMBLE_Corn_PRCP_DEP/cumulative dia 04 (2026-09-02 → 2026-09-06) 60485 bytes
2026-09-02 09:37:26,187 [INFO] [OK] USA/ECM_ENSEMBLE_Corn_PRCP_DEP/cumulative dia 05 (2026-09-02 → 2026-09-07) 60344 bytes
2026-09-02 09:37:27,015 [INFO] [OK] USA/ECM_ENSEMBLE_Corn_PRCP_DEP/cumulative dia 06 (2026-09-02 → 2026-09-08) 59918 bytes
2026-09-02 09:37:27,120 [INFO] [OK] USA/ECM_ENSEMBLE_Corn_PRCP_DEP/cumulative dia 07 (2026-09-02 → 2026-09-09) 59232 bytes
2026-09-02 09:37:27,538 [INFO] [OK] USA/ECM_ENSEMBLE_Corn_PRCP_DEP/cumulative dia 08 (2026-09-02 → 2026-09-10) 59823 bytes
2026-09-02 09:37:27,685 [INFO] [OK] USA/ECM_ENSEMBLE_Corn_PRCP_DEP/cumulative dia 09 (2026-09-02 → 2026-09-11) 59187 bytes
2026-09-02 09:37:29,309 [INFO] [OK] USA/ECM_ENSEMBLE_Corn_PRCP_DEP/cumulative dia 11 (2026-09-02 → 2026-09-13) 58042 bytes
2026-09-02 09:37:29,476 [INFO] [OK] USA/ECM_ENSEMBLE_Corn_PRCP_DEP/cumulative dia 10 (2026-09-02 → 2026-09-12) 58109 bytes
2026-09-02 09:37:29,806 [INFO] [OK] USA/ECM_ENSEMBLE_Corn_PRCP_DEP/cumulative dia 12 (2026-09-02 → 2026-09-14) 58196 bytes
2026-09-02 09:37:29,944 [INFO] [OK] USA/ECM_ENSEMBLE_Corn_PRCP/daily dia 00 (2026-09-02 → 2026-09-02) 38175 bytes
2026-09-02 09:37:30,128 [INFO] [OK] USA/ECM_ENSEMBLE_Corn_PRCP_DEP/cumulative dia 13 (2026-09-02 → 2026-09-15) 58517 bytes
2026-09-02 09:37:31,110 [INFO] [OK] USA/ECM_ENSEMBLE_Corn_PRCP_DEP/cumulative dia 14 (2026-09-02 → 2026-09-16) 58739 bytes
2026-09-02 09:37:31,424 [INFO] [OK] USA/ECM_ENSEMBLE_Corn_PRCP/daily dia 03 (2026-09-05 → 2026-09-05) 37073 bytes
2026-09-02 09:37:31,560 [INFO] [OK] USA/ECM_ENSEMBLE_Corn_PRCP/daily dia 04 (2026-09-06 → 2026-09-06) 37782 bytes
2026-09-02 09:37:31,637 [INFO] [OK] USA/ECM_ENSEMBLE_Corn_PRCP/daily dia 01 (2026-09-03 → 2026-09-03) 38997 bytes
2026-09-02 09:37:32,420 [INFO] [OK] USA/ECM_ENSEMBLE_Corn_PRCP/daily dia 05 (2026-09-07 → 2026-09-07) 37481 bytes
2026-09-02 09:37:32,429 [INFO] [OK] USA/ECM_ENSEMBLE_Corn_PRCP/daily dia 02 (2026-09-04 → 2026-09-04) 37693 bytes
2026-09-02 09:37:33,228 [INFO] [OK] USA/ECM_ENSEMBLE_Corn_PRCP/daily dia 06 (2026-09-08 → 2026-09-08) 36601 bytes
2026-09-02 09:37:33,712 [INFO] [OK] USA/ECM_ENSEMBLE_Corn_PRCP/daily dia 09 (2026-09-11 → 2026-09-11) 37256 bytes
2026-09-02 09:37:33,863 [INFO] [OK] USA/ECM_ENSEMBLE_Corn_PRCP/daily dia 08 (2026-09-10 → 2026-09-10) 36299 bytes
2026-09-02 09:37:33,902 [INFO] [OK] USA/ECM_ENSEMBLE_Corn_PRCP/daily dia 07 (2026-09-09 → 2026-09-09) 35461 bytes
2026-09-02 09:37:34,208 [INFO] [OK] USA/ECM_ENSEMBLE_Corn_PRCP/daily dia 10 (2026-09-12 → 2026-09-12) 36929 bytes
2026-09-02 09:37:34,361 [INFO] [OK] USA/ECM_ENSEMBLE_Corn_PRCP/daily dia 11 (2026-09-13 → 2026-09-13) 36739 bytes
2026-09-02 09:37:34,860 [INFO] [OK] USA/ECM_ENSEMBLE_Corn_PRCP/daily dia 12 (2026-09-14 → 2026-09-14) 36173 bytes
2026-09-02 09:37:35,502 [INFO] [OK] USA/ECM_ENSEMBLE_Corn_PRCP/daily dia 13 (2026-09-15 → 2026-09-15) 35680 bytes
2026-09-02 09:37:35,514 [INFO] [OK] USA/ECM_ENSEMBLE_Corn_PRCP/daily dia 14 (2026-09-16 → 2026-09-16) 35053 bytes
2026-09-02 09:37:35,676 [INFO] [OK] USA/ECM_ENSEMBLE_Corn_PRCP/cumulative dia 00 (2026-09-02 → 2026-09-02) 38175 bytes
2026-09-02 09:37:35,930 [INFO] [OK] USA/ECM_ENSEMBLE_Corn_PRCP/cumulative dia 01 (2026-09-02 → 2026-09-03) 41994 bytes
2026-09-02 09:37:36,256 [INFO] [OK] USA/ECM_ENSEMBLE_Corn_PRCP/cumulative dia 02 (2026-09-02 → 2026-09-04) 44464 bytes
2026-09-02 09:37:37,732 [INFO] [OK] USA/ECM_ENSEMBLE_Corn_PRCP/cumulative dia 03 (2026-09-02 → 2026-09-05) 45926 bytes
2026-09-02 09:37:38,264 [INFO] [OK] USA/ECM_ENSEMBLE_Corn_PRCP/cumulative dia 06 (2026-09-02 → 2026-09-08) 48918 bytes
2026-09-02 09:37:38,327 [INFO] [OK] USA/ECM_ENSEMBLE_Corn_PRCP/cumulative dia 07 (2026-09-02 → 2026-09-09) 48961 bytes
2026-09-02 09:37:38,434 [INFO] [OK] USA/ECM_ENSEMBLE_Corn_PRCP/cumulative dia 05 (2026-09-02 → 2026-09-07) 47776 bytes
2026-09-02 09:37:38,794 [INFO] [OK] USA/ECM_ENSEMBLE_Corn_PRCP/cumulative dia 08 (2026-09-02 → 2026-09-10) 49133 bytes
2026-09-02 09:37:38,795 [INFO] [OK] USA/ECM_ENSEMBLE_Corn_PRCP/cumulative dia 04 (2026-09-02 → 2026-09-06) 47580 bytes
2026-09-02 09:37:40,941 [INFO] [OK] USA/ECM_ENSEMBLE_Corn_PRCP/cumulative dia 09 (2026-09-02 → 2026-09-11) 50105 bytes
2026-09-02 09:37:41,173 [INFO] [OK] USA/ECM_ENSEMBLE_Corn_PRCP/cumulative dia 11 (2026-09-02 → 2026-09-13) 50399 bytes
2026-09-02 09:37:41,700 [INFO] [OK] USA/ECM_ENSEMBLE_Corn_PRCP/cumulative dia 10 (2026-09-02 → 2026-09-12) 50093 bytes
2026-09-02 09:37:41,797 [INFO] [OK] USA/ECM_ENSEMBLE_Corn_PRCP/cumulative dia 12 (2026-09-02 → 2026-09-14) 50644 bytes
2026-09-02 09:37:42,355 [INFO] [OK] USA/ECM_ENSEMBLE_Corn_PRCP/cumulative dia 14 (2026-09-02 → 2026-09-16) 50996 bytes
2026-09-02 09:37:42,497 [INFO] [OK] USA/ECM_ENSEMBLE_Corn_PRCP/cumulative dia 13 (2026-09-02 → 2026-09-15) 51253 bytes
2026-09-02 09:37:42,700 [INFO] [OK] USA/ECM_ENSEMBLE_Soy_PRCP_DEP/daily dia 00 (2026-09-02 → 2026-09-02) 52541 bytes
2026-09-02 09:37:42,814 [INFO] [OK] USA/ECM_ENSEMBLE_Soy_PRCP_DEP/daily dia 01 (2026-09-03 → 2026-09-03) 53709 bytes
2026-09-02 09:37:43,540 [INFO] [OK] USA/ECM_ENSEMBLE_Soy_PRCP_DEP/daily dia 03 (2026-09-05 → 2026-09-05) 59710 bytes
2026-09-02 09:37:44,167 [INFO] [OK] USA/ECM_ENSEMBLE_Soy_PRCP_DEP/daily dia 04 (2026-09-06 → 2026-09-06) 56520 bytes
2026-09-02 09:37:44,758 [INFO] [OK] USA/ECM_ENSEMBLE_Soy_PRCP_DEP/daily dia 05 (2026-09-07 → 2026-09-07) 53596 bytes
2026-09-02 09:37:44,760 [INFO] [OK] USA/ECM_ENSEMBLE_Soy_PRCP_DEP/daily dia 07 (2026-09-09 → 2026-09-09) 57121 bytes
2026-09-02 09:37:44,827 [INFO] [OK] USA/ECM_ENSEMBLE_Soy_PRCP_DEP/daily dia 02 (2026-09-04 → 2026-09-04) 55830 bytes
2026-09-02 09:37:44,836 [INFO] [OK] USA/ECM_ENSEMBLE_Soy_PRCP_DEP/daily dia 06 (2026-09-08 → 2026-09-08) 56609 bytes
2026-09-02 09:37:45,849 [INFO] [OK] USA/ECM_ENSEMBLE_Soy_PRCP_DEP/daily dia 09 (2026-09-11 → 2026-09-11) 58726 bytes
2026-09-02 09:37:46,332 [INFO] [OK] USA/ECM_ENSEMBLE_Soy_PRCP_DEP/daily dia 08 (2026-09-10 → 2026-09-10) 57915 bytes
2026-09-02 09:37:46,514 [INFO] [OK] USA/ECM_ENSEMBLE_Soy_PRCP_DEP/daily dia 11 (2026-09-13 → 2026-09-13) 60143 bytes
2026-09-02 09:37:46,798 [INFO] [OK] USA/ECM_ENSEMBLE_Soy_PRCP_DEP/daily dia 12 (2026-09-14 → 2026-09-14) 61229 bytes
2026-09-02 09:37:46,799 [INFO] [OK] USA/ECM_ENSEMBLE_Soy_PRCP_DEP/daily dia 10 (2026-09-12 → 2026-09-12) 58615 bytes
2026-09-02 09:37:47,389 [INFO] [OK] USA/ECM_ENSEMBLE_Soy_PRCP_DEP/daily dia 13 (2026-09-15 → 2026-09-15) 60598 bytes
2026-09-02 09:37:47,693 [INFO] [OK] USA/ECM_ENSEMBLE_Soy_PRCP_DEP/daily dia 14 (2026-09-16 → 2026-09-16) 58691 bytes
2026-09-02 09:37:48,698 [INFO] [OK] USA/ECM_ENSEMBLE_Soy_PRCP_DEP/cumulative dia 01 (2026-09-02 → 2026-09-03) 55179 bytes
2026-09-02 09:37:48,747 [INFO] [OK] USA/ECM_ENSEMBLE_Soy_PRCP_DEP/cumulative dia 02 (2026-09-02 → 2026-09-04) 56830 bytes
2026-09-02 09:37:49,418 [INFO] [OK] USA/ECM_ENSEMBLE_Soy_PRCP_DEP/cumulative dia 03 (2026-09-02 → 2026-09-05) 58231 bytes
2026-09-02 09:37:49,774 [INFO] [OK] USA/ECM_ENSEMBLE_Soy_PRCP_DEP/cumulative dia 04 (2026-09-02 → 2026-09-06) 60424 bytes
2026-09-02 09:37:50,166 [INFO] [OK] USA/ECM_ENSEMBLE_Soy_PRCP_DEP/cumulative dia 05 (2026-09-02 → 2026-09-07) 60000 bytes
2026-09-02 09:37:51,242 [INFO] [OK] USA/ECM_ENSEMBLE_Soy_PRCP_DEP/cumulative dia 06 (2026-09-02 → 2026-09-08) 59586 bytes
2026-09-02 09:37:51,393 [INFO] [OK] USA/ECM_ENSEMBLE_Soy_PRCP_DEP/cumulative dia 07 (2026-09-02 → 2026-09-09) 59097 bytes
2026-09-02 09:37:51,677 [INFO] [OK] USA/ECM_ENSEMBLE_Soy_PRCP_DEP/cumulative dia 00 (2026-09-02 → 2026-09-02) 52541 bytes
2026-09-02 09:37:52,478 [INFO] [OK] USA/ECM_ENSEMBLE_Soy_PRCP_DEP/cumulative dia 08 (2026-09-02 → 2026-09-10) 59562 bytes
2026-09-02 09:37:52,824 [INFO] [OK] USA/ECM_ENSEMBLE_Soy_PRCP_DEP/cumulative dia 10 (2026-09-02 → 2026-09-12) 58046 bytes
2026-09-02 09:37:52,910 [INFO] [OK] USA/ECM_ENSEMBLE_Soy_PRCP_DEP/cumulative dia 09 (2026-09-02 → 2026-09-11) 58926 bytes
2026-09-02 09:37:54,204 [INFO] [OK] USA/ECM_ENSEMBLE_Soy_PRCP_DEP/cumulative dia 12 (2026-09-02 → 2026-09-14) 57878 bytes
2026-09-02 09:37:55,060 [INFO] [OK] USA/ECM_ENSEMBLE_Soy_PRCP/daily dia 00 (2026-09-02 → 2026-09-02) 37734 bytes
2026-09-02 09:37:55,178 [INFO] [OK] USA/ECM_ENSEMBLE_Soy_PRCP/daily dia 01 (2026-09-03 → 2026-09-03) 38516 bytes
2026-09-02 09:37:55,461 [INFO] [OK] USA/ECM_ENSEMBLE_Soy_PRCP_DEP/cumulative dia 13 (2026-09-02 → 2026-09-15) 58345 bytes
2026-09-02 09:37:55,809 [INFO] [OK] USA/ECM_ENSEMBLE_Soy_PRCP/daily dia 02 (2026-09-04 → 2026-09-04) 37315 bytes
2026-09-02 09:37:55,861 [INFO] [OK] USA/ECM_ENSEMBLE_Soy_PRCP_DEP/cumulative dia 11 (2026-09-02 → 2026-09-13) 57726 bytes
2026-09-02 09:37:56,809 [INFO] [OK] USA/ECM_ENSEMBLE_Soy_PRCP_DEP/cumulative dia 14 (2026-09-02 → 2026-09-16) 58477 bytes
2026-09-02 09:37:56,905 [INFO] [OK] USA/ECM_ENSEMBLE_Soy_PRCP/daily dia 04 (2026-09-06 → 2026-09-06) 37408 bytes
2026-09-02 09:37:57,005 [INFO] [OK] USA/ECM_ENSEMBLE_Soy_PRCP/daily dia 03 (2026-09-05 → 2026-09-05) 36649 bytes
2026-09-02 09:37:57,435 [INFO] [OK] USA/ECM_ENSEMBLE_Soy_PRCP/daily dia 06 (2026-09-08 → 2026-09-08) 36153 bytes
2026-09-02 09:37:57,437 [INFO] [OK] USA/ECM_ENSEMBLE_Soy_PRCP/daily dia 05 (2026-09-07 → 2026-09-07) 37054 bytes
2026-09-02 09:37:57,519 [INFO] [OK] USA/ECM_ENSEMBLE_Soy_PRCP/daily dia 07 (2026-09-09 → 2026-09-09) 35238 bytes
2026-09-02 09:37:58,461 [INFO] [OK] USA/ECM_ENSEMBLE_Soy_PRCP/daily dia 08 (2026-09-10 → 2026-09-10) 35913 bytes
2026-09-02 09:37:58,575 [INFO] [OK] USA/ECM_ENSEMBLE_Soy_PRCP/daily dia 09 (2026-09-11 → 2026-09-11) 36961 bytes
2026-09-02 09:37:59,111 [INFO] [OK] USA/ECM_ENSEMBLE_Soy_PRCP/daily dia 11 (2026-09-13 → 2026-09-13) 36281 bytes
2026-09-02 09:37:59,322 [INFO] [OK] USA/ECM_ENSEMBLE_Soy_PRCP/daily dia 10 (2026-09-12 → 2026-09-12) 36532 bytes
2026-09-02 09:37:59,565 [INFO] [OK] USA/ECM_ENSEMBLE_Soy_PRCP/daily dia 13 (2026-09-15 → 2026-09-15) 35208 bytes
2026-09-02 09:38:00,434 [INFO] [OK] USA/ECM_ENSEMBLE_Soy_PRCP/daily dia 14 (2026-09-16 → 2026-09-16) 34674 bytes
2026-09-02 09:38:00,856 [INFO] [OK] USA/ECM_ENSEMBLE_Soy_PRCP/cumulative dia 00 (2026-09-02 → 2026-09-02) 37734 bytes
2026-09-02 09:38:00,869 [INFO] [OK] USA/ECM_ENSEMBLE_Soy_PRCP/cumulative dia 01 (2026-09-02 → 2026-09-03) 41465 bytes
2026-09-02 09:38:01,138 [INFO] [OK] USA/ECM_ENSEMBLE_Soy_PRCP/cumulative dia 02 (2026-09-02 → 2026-09-04) 44084 bytes
2026-09-02 09:38:01,917 [INFO] [OK] USA/ECM_ENSEMBLE_Soy_PRCP/cumulative dia 03 (2026-09-02 → 2026-09-05) 45679 bytes
2026-09-02 09:38:03,306 [INFO] [OK] USA/ECM_ENSEMBLE_Soy_PRCP/cumulative dia 05 (2026-09-02 → 2026-09-07) 47530 bytes
2026-09-02 09:38:03,470 [INFO] [OK] USA/ECM_ENSEMBLE_Soy_PRCP/cumulative dia 06 (2026-09-02 → 2026-09-08) 48636 bytes
2026-09-02 09:38:03,830 [INFO] [OK] USA/ECM_ENSEMBLE_Soy_PRCP/cumulative dia 07 (2026-09-02 → 2026-09-09) 48773 bytes
2026-09-02 09:38:04,079 [INFO] [OK] USA/ECM_ENSEMBLE_Soy_PRCP/daily dia 12 (2026-09-14 → 2026-09-14) 35778 bytes
2026-09-02 09:38:04,342 [INFO] [OK] USA/ECM_ENSEMBLE_Soy_PRCP/cumulative dia 08 (2026-09-02 → 2026-09-10) 48934 bytes
2026-09-02 09:38:06,017 [INFO] [OK] USA/ECM_ENSEMBLE_Soy_PRCP/cumulative dia 10 (2026-09-02 → 2026-09-12) 49794 bytes
2026-09-02 09:38:06,481 [INFO] [OK] USA/ECM_ENSEMBLE_Soy_PRCP/cumulative dia 04 (2026-09-02 → 2026-09-06) 47534 bytes
2026-09-02 09:38:06,633 [INFO] [OK] USA/ECM_ENSEMBLE_Soy_PRCP/cumulative dia 11 (2026-09-02 → 2026-09-13) 50006 bytes
2026-09-02 09:38:07,794 [INFO] [OK] USA/ECM_ENSEMBLE_Soy_PRCP/cumulative dia 13 (2026-09-02 → 2026-09-15) 50828 bytes
2026-09-02 09:38:09,810 [INFO] [OK] USA/ECM_ENSEMBLE_Soy_PRCP/cumulative dia 14 (2026-09-02 → 2026-09-16) 50570 bytes
2026-09-02 09:38:09,811 [INFO] [OK] USA/ECM_ENSEMBLE_Wheat_Winter_PRCP_DEP/daily dia 01 (2026-09-03 → 2026-09-03) 55282 bytes
2026-09-02 09:38:09,987 [INFO] [OK] USA/ECM_ENSEMBLE_Wheat_Winter_PRCP_DEP/daily dia 02 (2026-09-04 → 2026-09-04) 57634 bytes
2026-09-02 09:38:11,583 [INFO] [OK] USA/ECM_ENSEMBLE_Wheat_Winter_PRCP_DEP/daily dia 03 (2026-09-05 → 2026-09-05) 61174 bytes
2026-09-02 09:38:11,968 [INFO] [OK] USA/ECM_ENSEMBLE_Wheat_Winter_PRCP_DEP/daily dia 04 (2026-09-06 → 2026-09-06) 57981 bytes
2026-09-02 09:38:13,678 [INFO] [OK] USA/ECM_ENSEMBLE_Wheat_Winter_PRCP_DEP/daily dia 07 (2026-09-09 → 2026-09-09) 58801 bytes
2026-09-02 09:38:14,011 [INFO] [OK] USA/ECM_ENSEMBLE_Wheat_Winter_PRCP_DEP/daily dia 06 (2026-09-08 → 2026-09-08) 58190 bytes
2026-09-02 09:38:15,933 [INFO] [OK] USA/ECM_ENSEMBLE_Wheat_Winter_PRCP_DEP/daily dia 09 (2026-09-11 → 2026-09-11) 60614 bytes
2026-09-02 09:38:16,644 [INFO] [OK] USA/ECM_ENSEMBLE_Wheat_Winter_PRCP_DEP/daily dia 08 (2026-09-10 → 2026-09-10) 60020 bytes
2026-09-02 09:38:23,315 [INFO] [OK] USA/ECM_ENSEMBLE_Wheat_Winter_PRCP_DEP/daily dia 05 (2026-09-07 → 2026-09-07) 55099 bytes
2026-09-02 09:38:24,311 [INFO] [OK] USA/ECM_ENSEMBLE_Wheat_Winter_PRCP_DEP/daily dia 10 (2026-09-12 → 2026-09-12) 60353 bytes
2026-09-02 09:38:25,416 [INFO] [OK] USA/ECM_ENSEMBLE_Wheat_Winter_PRCP_DEP/daily dia 12 (2026-09-14 → 2026-09-14) 62704 bytes
2026-09-02 09:38:25,815 [INFO] [OK] USA/ECM_ENSEMBLE_Wheat_Winter_PRCP_DEP/daily dia 11 (2026-09-13 → 2026-09-13) 61586 bytes
2026-09-02 09:38:27,337 [INFO] [OK] USA/ECM_ENSEMBLE_Soy_PRCP/cumulative dia 12 (2026-09-02 → 2026-09-14) 50408 bytes
2026-09-02 09:38:27,584 [INFO] [OK] USA/ECM_ENSEMBLE_Wheat_Winter_PRCP_DEP/daily dia 00 (2026-09-02 → 2026-09-02) 53945 bytes
2026-09-02 09:38:27,912 [INFO] [OK] USA/ECM_ENSEMBLE_Wheat_Winter_PRCP_DEP/cumulative dia 00 (2026-09-02 → 2026-09-02) 53945 bytes
2026-09-02 09:38:28,572 [INFO] [OK] USA/ECM_ENSEMBLE_Wheat_Winter_PRCP_DEP/daily dia 13 (2026-09-15 → 2026-09-15) 62138 bytes
2026-09-02 09:38:30,831 [INFO] [OK] USA/ECM_ENSEMBLE_Wheat_Winter_PRCP_DEP/cumulative dia 03 (2026-09-02 → 2026-09-05) 59686 bytes
2026-09-02 09:38:33,321 [INFO] [OK] USA/ECM_ENSEMBLE_Wheat_Winter_PRCP_DEP/cumulative dia 04 (2026-09-02 → 2026-09-06) 61582 bytes
2026-09-02 09:38:34,238 [INFO] [OK] USA/ECM_ENSEMBLE_Wheat_Winter_PRCP_DEP/cumulative dia 05 (2026-09-02 → 2026-09-07) 61088 bytes
2026-09-02 09:38:36,659 [INFO] [OK] USA/ECM_ENSEMBLE_Wheat_Winter_PRCP_DEP/cumulative dia 06 (2026-09-02 → 2026-09-08) 60553 bytes
2026-09-02 09:38:39,070 [INFO] [OK] USA/ECM_ENSEMBLE_Wheat_Winter_PRCP_DEP/cumulative dia 07 (2026-09-02 → 2026-09-09) 60134 bytes
2026-09-02 09:38:40,414 [INFO] [OK] USA/ECM_ENSEMBLE_Wheat_Winter_PRCP_DEP/cumulative dia 08 (2026-09-02 → 2026-09-10) 60634 bytes
2026-09-02 09:38:42,487 [INFO] [OK] USA/ECM_ENSEMBLE_Wheat_Winter_PRCP_DEP/cumulative dia 09 (2026-09-02 → 2026-09-11) 60374 bytes
2026-09-02 09:38:44,651 [INFO] [OK] USA/ECM_ENSEMBLE_Wheat_Winter_PRCP_DEP/cumulative dia 10 (2026-09-02 → 2026-09-12) 59547 bytes
2026-09-02 09:38:46,589 [INFO] [OK] USA/ECM_ENSEMBLE_Wheat_Winter_PRCP_DEP/cumulative dia 11 (2026-09-02 → 2026-09-13) 59115 bytes
2026-09-02 09:38:46,878 [WARNING] [RETRY] USA/ECM_ENSEMBLE_Wheat_Winter_PRCP_DEP/cumulative dia 01 - tentativa 1/3: ('Connection aborted.', ConnectionResetError(10054, 'Foi forçado o cancelamento de uma conexão existente pelo host remoto', None, 10054, None))
2026-09-02 09:38:48,403 [INFO] [OK] USA/ECM_ENSEMBLE_Wheat_Winter_PRCP_DEP/cumulative dia 12 (2026-09-02 → 2026-09-14) 59171 bytes
2026-09-02 09:38:52,986 [INFO] [OK] USA/ECM_ENSEMBLE_Wheat_Winter_PRCP_DEP/cumulative dia 14 (2026-09-02 → 2026-09-16) 59833 bytes
2026-09-02 09:38:55,977 [INFO] [OK] USA/ECM_ENSEMBLE_Wheat_Winter_PRCP_DEP/cumulative dia 02 (2026-09-02 → 2026-09-04) 58321 bytes
2026-09-02 09:38:56,739 [INFO] [OK] USA/ECM_ENSEMBLE_Wheat_Winter_PRCP_DEP/cumulative dia 01 (2026-09-02 → 2026-09-03) 56754 bytes
2026-09-02 09:38:57,673 [INFO] [OK] USA/ECM_ENSEMBLE_Wheat_Winter_PRCP/daily dia 01 (2026-09-03 → 2026-09-03) 40205 bytes
2026-09-02 09:38:58,690 [INFO] [OK] USA/ECM_ENSEMBLE_Wheat_Winter_PRCP/daily dia 02 (2026-09-04 → 2026-09-04) 38828 bytes
2026-09-02 09:38:59,945 [INFO] [OK] USA/ECM_ENSEMBLE_Wheat_Winter_PRCP/daily dia 03 (2026-09-05 → 2026-09-05) 38277 bytes
2026-09-02 09:39:04,676 [INFO] [OK] USA/ECM_ENSEMBLE_Wheat_Winter_PRCP/daily dia 04 (2026-09-06 → 2026-09-06) 38725 bytes
2026-09-02 09:39:06,675 [INFO] [OK] USA/ECM_ENSEMBLE_Wheat_Winter_PRCP/daily dia 06 (2026-09-08 → 2026-09-08) 37598 bytes
2026-09-02 09:39:08,311 [INFO] [OK] USA/ECM_ENSEMBLE_Wheat_Winter_PRCP/daily dia 07 (2026-09-09 → 2026-09-09) 36579 bytes
2026-09-02 09:39:11,262 [INFO] [OK] USA/ECM_ENSEMBLE_Wheat_Winter_PRCP/daily dia 08 (2026-09-10 → 2026-09-10) 37220 bytes
2026-09-02 09:39:17,643 [WARNING] [RETRY] USA/ECM_ENSEMBLE_Soy_PRCP/cumulative dia 09 - tentativa 1/3: ('Connection aborted.', RemoteDisconnected('Remote end closed connection without response'))
2026-09-02 09:39:20,806 [WARNING] [RETRY] USA/ECM_ENSEMBLE_Wheat_Winter_PRCP/daily dia 05 - tentativa 1/3: ('Connection aborted.', ConnectionResetError(10054, 'Foi forçado o cancelamento de uma conexão existente pelo host remoto', None, 10054, None))
2026-09-02 09:39:26,040 [WARNING] [RETRY] USA/ECM_ENSEMBLE_Wheat_Winter_PRCP_DEP/daily dia 14 - tentativa 1/3: ('Connection aborted.', RemoteDisconnected('Remote end closed connection without response'))
2026-09-02 09:39:33,660 [INFO] [OK] USA/ECM_ENSEMBLE_Soy_PRCP/cumulative dia 09 (2026-09-02 → 2026-09-11) 49735 bytes
2026-09-02 09:39:33,666 [INFO] [OK] USA/ECM_ENSEMBLE_Wheat_Winter_PRCP/daily dia 00 (2026-09-02 → 2026-09-02) 39190 bytes
2026-09-02 09:39:34,706 [INFO] [OK] USA/ECM_ENSEMBLE_Wheat_Winter_PRCP/daily dia 05 (2026-09-07 → 2026-09-07) 38557 bytes
2026-09-02 09:39:36,853 [INFO] [OK] USA/ECM_ENSEMBLE_Wheat_Winter_PRCP_DEP/daily dia 14 (2026-09-16 → 2026-09-16) 60359 bytes
2026-09-02 09:39:36,926 [INFO] [OK] USA/ECM_ENSEMBLE_Wheat_Winter_PRCP/daily dia 10 (2026-09-12 → 2026-09-12) 37820 bytes
2026-09-02 09:39:38,986 [INFO] [OK] USA/ECM_ENSEMBLE_Wheat_Winter_PRCP/daily dia 11 (2026-09-13 → 2026-09-13) 37848 bytes
2026-09-02 09:39:39,419 [INFO] [OK] USA/ECM_ENSEMBLE_Wheat_Winter_PRCP/daily dia 13 (2026-09-15 → 2026-09-15) 36712 bytes
2026-09-02 09:39:49,207 [INFO] [OK] USA/ECM_ENSEMBLE_Wheat_Winter_PRCP_DEP/cumulative dia 13 (2026-09-02 → 2026-09-15) 59758 bytes
2026-09-02 09:39:51,391 [WARNING] [RETRY] USA/ECM_ENSEMBLE_Wheat_Winter_PRCP/cumulative dia 02 - tentativa 1/3: ('Connection aborted.', RemoteDisconnected('Remote end closed connection without response'))
2026-09-02 09:40:02,949 [INFO] [OK] USA/ECM_ENSEMBLE_Wheat_Winter_PRCP/cumulative dia 02 (2026-09-02 → 2026-09-04) 45853 bytes
2026-09-02 09:40:06,040 [INFO] [OK] USA/ECM_ENSEMBLE_Wheat_Winter_PRCP/daily dia 09 (2026-09-11 → 2026-09-11) 38085 bytes
2026-09-02 09:40:09,592 [INFO] [OK] USA/ECM_ENSEMBLE_Wheat_Winter_PRCP/cumulative dia 04 (2026-09-02 → 2026-09-06) 48891 bytes
2026-09-02 09:40:10,254 [INFO] [OK] USA/ECM_ENSEMBLE_Wheat_Winter_PRCP/cumulative dia 01 (2026-09-02 → 2026-09-03) 43418 bytes
2026-09-02 09:40:12,291 [INFO] [OK] USA/ECM_ENSEMBLE_Wheat_Winter_PRCP/cumulative dia 05 (2026-09-02 → 2026-09-07) 49214 bytes
2026-09-02 09:40:14,934 [INFO] [OK] USA/ECM_ENSEMBLE_Wheat_Winter_PRCP/daily dia 14 (2026-09-16 → 2026-09-16) 36178 bytes
2026-09-02 09:40:15,197 [INFO] [OK] USA/ECM_ENSEMBLE_Wheat_Winter_PRCP/cumulative dia 03 (2026-09-02 → 2026-09-05) 47256 bytes
2026-09-02 09:40:15,984 [INFO] [OK] USA/ECM_ENSEMBLE_Wheat_Winter_PRCP/cumulative dia 07 (2026-09-02 → 2026-09-09) 50193 bytes
2026-09-02 09:40:16,443 [INFO] [OK] USA/ECM_ENSEMBLE_Wheat_Winter_PRCP/cumulative dia 06 (2026-09-02 → 2026-09-08) 50022 bytes
2026-09-02 09:40:18,190 [INFO] [OK] USA/ECM_ENSEMBLE_Wheat_Winter_PRCP/cumulative dia 09 (2026-09-02 → 2026-09-11) 51310 bytes
2026-09-02 09:40:20,834 [INFO] [OK] USA/ECM_ENSEMBLE_Wheat_Winter_PRCP/cumulative dia 08 (2026-09-02 → 2026-09-10) 50400 bytes
2026-09-02 09:40:21,775 [INFO] [OK] USA/ECM_ENSEMBLE_Wheat_Winter_PRCP/cumulative dia 10 (2026-09-02 → 2026-09-12) 51284 bytes
2026-09-02 09:40:24,371 [INFO] [OK] USA/ECM_ENSEMBLE_Wheat_Winter_PRCP/cumulative dia 12 (2026-09-02 → 2026-09-14) 52005 bytes
2026-09-02 09:40:25,123 [INFO] [OK] USA/ECM_ENSEMBLE_Wheat_Winter_PRCP/cumulative dia 13 (2026-09-02 → 2026-09-15) 52454 bytes
2026-09-02 09:40:25,297 [INFO] [OK] USA/ECM_ENSEMBLE_Wheat_Winter_PRCP/cumulative dia 14 (2026-09-02 → 2026-09-16) 52313 bytes
2026-09-02 09:40:25,412 [INFO] [OK] USA/ECM_ENSEMBLE_Wheat_Winter_PRCP/cumulative dia 11 (2026-09-02 → 2026-09-13) 51570 bytes
2026-09-02 09:40:27,260 [INFO] [OK] USA/ECM_ENSEMBLE_Wheat_Spring_PRCP_DEP/daily dia 03 (2026-09-05 → 2026-09-05) 58189 bytes
2026-09-02 09:40:29,763 [INFO] [OK] USA/ECM_ENSEMBLE_Wheat_Spring_PRCP_DEP/daily dia 04 (2026-09-06 → 2026-09-06) 54287 bytes
2026-09-02 09:40:31,845 [INFO] [OK] USA/ECM_ENSEMBLE_Wheat_Spring_PRCP_DEP/daily dia 05 (2026-09-07 → 2026-09-07) 51287 bytes
2026-09-02 09:40:33,649 [INFO] [OK] USA/ECM_ENSEMBLE_Wheat_Spring_PRCP_DEP/daily dia 06 (2026-09-08 → 2026-09-08) 54279 bytes
2026-09-02 09:40:36,191 [WARNING] [RETRY] USA/ECM_ENSEMBLE_Wheat_Winter_PRCP/daily dia 12 - tentativa 1/3: HTTPSConnectionPool(host='api.weatherdesk.xweather.com', port=443): Read timed out. (read timeout=60)
2026-09-02 09:40:36,637 [INFO] [OK] USA/ECM_ENSEMBLE_Wheat_Spring_PRCP_DEP/daily dia 07 (2026-09-09 → 2026-09-09) 55028 bytes
2026-09-02 09:40:36,695 [INFO] [OK] USA/ECM_ENSEMBLE_Wheat_Spring_PRCP_DEP/daily dia 01 (2026-09-03 → 2026-09-03) 52319 bytes
2026-09-02 09:40:38,397 [INFO] [OK] USA/ECM_ENSEMBLE_Wheat_Spring_PRCP_DEP/daily dia 08 (2026-09-10 → 2026-09-10) 55977 bytes
2026-09-02 09:40:39,239 [INFO] [OK] USA/ECM_ENSEMBLE_Wheat_Spring_PRCP_DEP/daily dia 02 (2026-09-04 → 2026-09-04) 54052 bytes
2026-09-02 09:40:40,117 [INFO] [OK] USA/ECM_ENSEMBLE_Wheat_Spring_PRCP_DEP/daily dia 09 (2026-09-11 → 2026-09-11) 56865 bytes
2026-09-02 09:40:40,483 [INFO] [OK] USA/ECM_ENSEMBLE_Wheat_Spring_PRCP_DEP/daily dia 10 (2026-09-12 → 2026-09-12) 56283 bytes
2026-09-02 09:40:43,753 [INFO] [OK] USA/ECM_ENSEMBLE_Wheat_Spring_PRCP_DEP/daily dia 13 (2026-09-15 → 2026-09-15) 58738 bytes
2026-09-02 09:40:45,210 [WARNING] [RETRY] USA/ECM_ENSEMBLE_Wheat_Spring_PRCP_DEP/daily dia 00 - tentativa 1/3: ('Connection aborted.', ConnectionResetError(10054, 'Foi forçado o cancelamento de uma conexão existente pelo host remoto', None, 10054, None))
2026-09-02 09:40:46,488 [WARNING] [RETRY] USA/ECM_ENSEMBLE_Wheat_Winter_PRCP/cumulative dia 00 - tentativa 1/3: ('Connection aborted.', RemoteDisconnected('Remote end closed connection without response'))
2026-09-02 09:40:49,573 [INFO] [OK] USA/ECM_ENSEMBLE_Wheat_Winter_PRCP/daily dia 12 (2026-09-14 → 2026-09-14) 37195 bytes
2026-09-02 09:40:49,977 [INFO] [OK] USA/ECM_ENSEMBLE_Wheat_Spring_PRCP_DEP/daily dia 14 (2026-09-16 → 2026-09-16) 56549 bytes
2026-09-02 09:40:50,541 [INFO] [OK] USA/ECM_ENSEMBLE_Wheat_Spring_PRCP_DEP/daily dia 12 (2026-09-14 → 2026-09-14) 59399 bytes
2026-09-02 09:40:53,552 [INFO] [OK] USA/ECM_ENSEMBLE_Wheat_Spring_PRCP_DEP/cumulative dia 02 (2026-09-02 → 2026-09-04) 55277 bytes
2026-09-02 09:40:54,782 [INFO] [OK] USA/ECM_ENSEMBLE_Wheat_Spring_PRCP_DEP/cumulative dia 01 (2026-09-02 → 2026-09-03) 53616 bytes
2026-09-02 09:40:56,035 [INFO] [OK] USA/ECM_ENSEMBLE_Wheat_Spring_PRCP_DEP/cumulative dia 03 (2026-09-02 → 2026-09-05) 56170 bytes
2026-09-02 09:40:58,669 [INFO] [OK] USA/ECM_ENSEMBLE_Wheat_Spring_PRCP_DEP/cumulative dia 05 (2026-09-02 → 2026-09-07) 57856 bytes
2026-09-02 09:41:01,650 [INFO] [OK] USA/ECM_ENSEMBLE_Wheat_Spring_PRCP_DEP/daily dia 00 (2026-09-02 → 2026-09-02) 51005 bytes
2026-09-02 09:41:02,171 [INFO] [OK] USA/ECM_ENSEMBLE_Wheat_Spring_PRCP_DEP/cumulative dia 04 (2026-09-02 → 2026-09-06) 58804 bytes
2026-09-02 09:41:03,640 [INFO] [OK] USA/ECM_ENSEMBLE_Wheat_Spring_PRCP_DEP/cumulative dia 00 (2026-09-02 → 2026-09-02) 51005 bytes
2026-09-02 09:41:03,844 [INFO] [OK] USA/ECM_ENSEMBLE_Wheat_Spring_PRCP_DEP/daily dia 11 (2026-09-13 → 2026-09-13) 57826 bytes
2026-09-02 09:41:03,856 [INFO] [OK] USA/ECM_ENSEMBLE_Wheat_Spring_PRCP_DEP/cumulative dia 06 (2026-09-02 → 2026-09-08) 57125 bytes
2026-09-02 09:41:05,473 [INFO] [OK] USA/ECM_ENSEMBLE_Wheat_Spring_PRCP_DEP/cumulative dia 07 (2026-09-02 → 2026-09-09) 56674 bytes
2026-09-02 09:41:05,487 [INFO] [OK] USA/ECM_ENSEMBLE_Wheat_Spring_PRCP_DEP/cumulative dia 08 (2026-09-02 → 2026-09-10) 57224 bytes
2026-09-02 09:41:07,904 [INFO] [OK] USA/ECM_ENSEMBLE_Wheat_Spring_PRCP_DEP/cumulative dia 10 (2026-09-02 → 2026-09-12) 55666 bytes
2026-09-02 09:41:09,724 [INFO] [OK] USA/ECM_ENSEMBLE_Wheat_Spring_PRCP_DEP/cumulative dia 13 (2026-09-02 → 2026-09-15) 56164 bytes
2026-09-02 09:41:11,241 [INFO] [OK] USA/ECM_ENSEMBLE_Wheat_Spring_PRCP_DEP/cumulative dia 12 (2026-09-02 → 2026-09-14) 55634 bytes
2026-09-02 09:41:11,354 [INFO] [OK] USA/ECM_ENSEMBLE_Wheat_Spring_PRCP_DEP/cumulative dia 11 (2026-09-02 → 2026-09-13) 55494 bytes
2026-09-02 09:41:11,377 [INFO] [OK] USA/ECM_ENSEMBLE_Wheat_Spring_PRCP/daily dia 00 (2026-09-02 → 2026-09-02) 36298 bytes
2026-09-02 09:41:11,870 [INFO] [OK] USA/ECM_ENSEMBLE_Wheat_Spring_PRCP_DEP/cumulative dia 09 (2026-09-02 → 2026-09-11) 56558 bytes
2026-09-02 09:41:12,934 [INFO] [OK] USA/ECM_ENSEMBLE_Wheat_Spring_PRCP/daily dia 01 (2026-09-03 → 2026-09-03) 37088 bytes
2026-09-02 09:41:13,501 [INFO] [OK] USA/ECM_ENSEMBLE_Wheat_Spring_PRCP/daily dia 03 (2026-09-05 → 2026-09-05) 35075 bytes
2026-09-02 09:41:14,515 [INFO] [OK] USA/ECM_ENSEMBLE_Wheat_Spring_PRCP_DEP/cumulative dia 14 (2026-09-02 → 2026-09-16) 56089 bytes
2026-09-02 09:41:16,947 [INFO] [OK] USA/ECM_ENSEMBLE_Wheat_Spring_PRCP/daily dia 02 (2026-09-04 → 2026-09-04) 35711 bytes
2026-09-02 09:41:18,110 [INFO] [OK] USA/ECM_ENSEMBLE_Wheat_Spring_PRCP/daily dia 07 (2026-09-09 → 2026-09-09) 33554 bytes
2026-09-02 09:41:19,457 [INFO] [OK] USA/ECM_ENSEMBLE_Wheat_Spring_PRCP/daily dia 06 (2026-09-08 → 2026-09-08) 34735 bytes
2026-09-02 09:41:19,732 [INFO] [OK] USA/ECM_ENSEMBLE_Wheat_Spring_PRCP/daily dia 04 (2026-09-06 → 2026-09-06) 35822 bytes
2026-09-02 09:41:33,452 [INFO] [OK] USA/ECM_ENSEMBLE_Wheat_Spring_PRCP/daily dia 11 (2026-09-13 → 2026-09-13) 35004 bytes
2026-09-02 09:41:35,448 [INFO] [OK] USA/ECM_ENSEMBLE_Wheat_Spring_PRCP/daily dia 12 (2026-09-14 → 2026-09-14) 34255 bytes
2026-09-02 09:41:37,964 [INFO] [OK] USA/ECM_ENSEMBLE_Wheat_Spring_PRCP/daily dia 13 (2026-09-15 → 2026-09-15) 33798 bytes
2026-09-02 09:41:48,635 [INFO] [OK] USA/ECM_ENSEMBLE_Wheat_Spring_PRCP/daily dia 14 (2026-09-16 → 2026-09-16) 33289 bytes
2026-09-02 09:41:54,861 [WARNING] [RETRY] USA/ECM_ENSEMBLE_Wheat_Winter_PRCP/cumulative dia 00 - tentativa 2/3: ('Connection aborted.', RemoteDisconnected('Remote end closed connection without response'))
2026-09-02 09:41:54,995 [INFO] [OK] USA/ECM_ENSEMBLE_Wheat_Spring_PRCP/daily dia 05 (2026-09-07 → 2026-09-07) 35421 bytes
2026-09-02 09:41:57,354 [INFO] [OK] USA/ECM_ENSEMBLE_Wheat_Spring_PRCP/daily dia 09 (2026-09-11 → 2026-09-11) 35315 bytes
2026-09-02 09:42:00,067 [INFO] [OK] USA/ECM_ENSEMBLE_Wheat_Spring_PRCP/cumulative dia 02 (2026-09-02 → 2026-09-04) 42692 bytes
2026-09-02 09:42:11,204 [INFO] [OK] USA/ECM_ENSEMBLE_Wheat_Spring_PRCP/cumulative dia 03 (2026-09-02 → 2026-09-05) 43881 bytes
2026-09-02 09:42:13,783 [INFO] [OK] USA/ECM_ENSEMBLE_Wheat_Spring_PRCP/cumulative dia 04 (2026-09-02 → 2026-09-06) 45556 bytes
2026-09-02 09:42:15,486 [INFO] [OK] USA/ECM_ENSEMBLE_Wheat_Spring_PRCP/daily dia 08 (2026-09-10 → 2026-09-10) 34613 bytes
2026-09-02 09:42:17,015 [INFO] [OK] USA/ECM_ENSEMBLE_Wheat_Spring_PRCP/cumulative dia 05 (2026-09-02 → 2026-09-07) 45742 bytes
2026-09-02 09:42:17,898 [WARNING] [RETRY] USA/ECM_ENSEMBLE_Wheat_Spring_PRCP/daily dia 10 - tentativa 1/3: ('Connection aborted.', RemoteDisconnected('Remote end closed connection without response'))
2026-09-02 09:42:19,795 [INFO] [OK] USA/ECM_ENSEMBLE_Wheat_Spring_PRCP/cumulative dia 07 (2026-09-02 → 2026-09-09) 46651 bytes
2026-09-02 09:42:25,974 [INFO] [OK] USA/ECM_ENSEMBLE_Wheat_Spring_PRCP/cumulative dia 06 (2026-09-02 → 2026-09-08) 46532 bytes
2026-09-02 09:42:27,278 [INFO] [OK] USA/ECM_ENSEMBLE_Wheat_Spring_PRCP/cumulative dia 08 (2026-09-02 → 2026-09-10) 46643 bytes
2026-09-02 09:42:28,853 [INFO] [OK] USA/ECM_ENSEMBLE_Wheat_Spring_PRCP/cumulative dia 09 (2026-09-02 → 2026-09-11) 47511 bytes
2026-09-02 09:42:32,485 [INFO] [OK] USA/ECM_ENSEMBLE_Wheat_Spring_PRCP/cumulative dia 10 (2026-09-02 → 2026-09-12) 47620 bytes
2026-09-02 09:42:33,474 [INFO] [OK] USA/ECM_ENSEMBLE_Wheat_Spring_PRCP/cumulative dia 11 (2026-09-02 → 2026-09-13) 47777 bytes
2026-09-02 09:42:38,825 [INFO] [OK] USA/ECM_ENSEMBLE_Wheat_Spring_PRCP/cumulative dia 13 (2026-09-02 → 2026-09-15) 48658 bytes
2026-09-02 09:42:41,488 [WARNING] [RETRY] USA/ECM_ENSEMBLE_Wheat_Spring_PRCP/cumulative dia 00 - tentativa 1/3: ('Connection aborted.', RemoteDisconnected('Remote end closed connection without response'))
2026-09-02 09:42:44,914 [INFO] [OK] USA/ECM_ENSEMBLE_Wheat_Spring_PRCP/cumulative dia 01 (2026-09-02 → 2026-09-03) 40292 bytes
2026-09-02 09:42:54,182 [INFO] [OK] USA/ECM_ENSEMBLE_Wheat_Spring_PRCP/cumulative dia 14 (2026-09-02 → 2026-09-16) 48296 bytes
2026-09-02 09:43:30,644 [WARNING] [RETRY] USA/ECM_ENSEMBLE_Wheat_Winter_PRCP/cumulative dia 00 - tentativa 3/3: HTTPSConnectionPool(host='api.weatherdesk.xweather.com', port=443): Read timed out.
2026-09-02 09:43:30,645 [WARNING] [RETRY] USA/ECM_ENSEMBLE_Wheat_Spring_PRCP/daily dia 10 - tentativa 2/3: ('Connection aborted.', RemoteDisconnected('Remote end closed connection without response'))
2026-09-02 09:43:30,647 [ERROR] [ERRO] USA/ECM_ENSEMBLE_Wheat_Winter_PRCP/cumulative dia 00 - falhou após 3 tentativas
2026-09-02 09:43:32,232 [WARNING] [RETRY] USA/ECM_ENSEMBLE_Wheat_Spring_PRCP/cumulative dia 12 - tentativa 1/3: ('Connection aborted.', RemoteDisconnected('Remote end closed connection without response'))
2026-09-02 09:43:44,909 [WARNING] [RETRY] USA/ECM_ENSEMBLE_Wheat_Spring_PRCP/cumulative dia 00 - tentativa 2/3: ('Connection aborted.', RemoteDisconnected('Remote end closed connection without response'))
2026-09-02 09:43:57,418 [INFO] [OK] USA/ECM_ENSEMBLE_Wheat_Spring_PRCP/cumulative dia 00 (2026-09-02 → 2026-09-02) 36298 bytes
2026-09-02 09:44:00,452 [INFO] [OK] USA/ECM_ENSEMBLE_Wheat_Spring_PRCP/cumulative dia 12 (2026-09-02 → 2026-09-14) 48197 bytes
