2026-08-04 09:33:19,141 [INFO] === Execução 2026-08-04 | modo=both | dias=15 | parâmetro=['PRCP_DEP', 'PRCP'] ===
2026-08-04 09:33:19,255 [INFO] Baixando 960 mapas com 6 threads...
2026-08-04 09:33:29,685 [INFO] [OK] Brazil/GFS_ENSEMBLE_Soy_PRCP_DEP/daily dia 05 (2026-08-09 → 2026-08-09) 41494 bytes
2026-08-04 09:33:29,926 [INFO] [OK] Brazil/GFS_ENSEMBLE_Soy_PRCP_DEP/daily dia 02 (2026-08-06 → 2026-08-06) 40603 bytes
2026-08-04 09:33:29,932 [INFO] [OK] Brazil/GFS_ENSEMBLE_Soy_PRCP_DEP/daily dia 04 (2026-08-08 → 2026-08-08) 37660 bytes
2026-08-04 09:33:29,965 [INFO] [OK] Brazil/GFS_ENSEMBLE_Soy_PRCP_DEP/daily dia 03 (2026-08-07 → 2026-08-07) 39065 bytes
2026-08-04 09:33:29,972 [INFO] [OK] Brazil/GFS_ENSEMBLE_Soy_PRCP_DEP/daily dia 01 (2026-08-05 → 2026-08-05) 43263 bytes
2026-08-04 09:33:30,002 [INFO] [OK] Brazil/GFS_ENSEMBLE_Soy_PRCP_DEP/daily dia 00 (2026-08-04 → 2026-08-04) 44332 bytes
2026-08-04 09:33:31,806 [INFO] [OK] Brazil/GFS_ENSEMBLE_Soy_PRCP_DEP/daily dia 08 (2026-08-12 → 2026-08-12) 44921 bytes
2026-08-04 09:33:31,808 [INFO] [OK] Brazil/GFS_ENSEMBLE_Soy_PRCP_DEP/daily dia 10 (2026-08-14 → 2026-08-14) 45527 bytes
2026-08-04 09:33:31,813 [INFO] [OK] Brazil/GFS_ENSEMBLE_Soy_PRCP_DEP/daily dia 11 (2026-08-15 → 2026-08-15) 49064 bytes
2026-08-04 09:33:31,908 [INFO] [OK] Brazil/GFS_ENSEMBLE_Soy_PRCP_DEP/daily dia 09 (2026-08-13 → 2026-08-13) 45539 bytes
2026-08-04 09:33:32,141 [INFO] [OK] Brazil/GFS_ENSEMBLE_Soy_PRCP_DEP/daily dia 07 (2026-08-11 → 2026-08-11) 45192 bytes
2026-08-04 09:33:32,328 [INFO] [OK] Brazil/GFS_ENSEMBLE_Soy_PRCP_DEP/daily dia 06 (2026-08-10 → 2026-08-10) 43990 bytes
2026-08-04 09:33:33,365 [INFO] [OK] Brazil/GFS_ENSEMBLE_Soy_PRCP_DEP/cumulative dia 00 (2026-08-04 → 2026-08-04) 44332 bytes
2026-08-04 09:33:33,379 [INFO] [OK] Brazil/GFS_ENSEMBLE_Soy_PRCP_DEP/daily dia 12 (2026-08-16 → 2026-08-16) 50353 bytes
2026-08-04 09:33:33,380 [INFO] [OK] Brazil/GFS_ENSEMBLE_Soy_PRCP_DEP/daily dia 14 (2026-08-18 → 2026-08-18) 51989 bytes
2026-08-04 09:33:33,858 [INFO] [OK] Brazil/GFS_ENSEMBLE_Soy_PRCP_DEP/daily dia 13 (2026-08-17 → 2026-08-17) 51830 bytes
2026-08-04 09:33:34,092 [INFO] [OK] Brazil/GFS_ENSEMBLE_Soy_PRCP_DEP/cumulative dia 01 (2026-08-04 → 2026-08-05) 45984 bytes
2026-08-04 09:33:34,551 [INFO] [OK] Brazil/GFS_ENSEMBLE_Soy_PRCP_DEP/cumulative dia 02 (2026-08-04 → 2026-08-06) 44504 bytes
2026-08-04 09:33:35,451 [INFO] [OK] Brazil/GFS_ENSEMBLE_Soy_PRCP_DEP/cumulative dia 03 (2026-08-04 → 2026-08-07) 44757 bytes
2026-08-04 09:33:35,668 [INFO] [OK] Brazil/GFS_ENSEMBLE_Soy_PRCP_DEP/cumulative dia 04 (2026-08-04 → 2026-08-08) 45047 bytes
2026-08-04 09:33:35,764 [INFO] [OK] Brazil/GFS_ENSEMBLE_Soy_PRCP_DEP/cumulative dia 05 (2026-08-04 → 2026-08-09) 46718 bytes
2026-08-04 09:33:36,324 [INFO] [OK] Brazil/GFS_ENSEMBLE_Soy_PRCP_DEP/cumulative dia 06 (2026-08-04 → 2026-08-10) 47138 bytes
2026-08-04 09:33:36,478 [INFO] [OK] Brazil/GFS_ENSEMBLE_Soy_PRCP_DEP/cumulative dia 07 (2026-08-04 → 2026-08-11) 47727 bytes
2026-08-04 09:33:36,938 [INFO] [OK] Brazil/GFS_ENSEMBLE_Soy_PRCP_DEP/cumulative dia 08 (2026-08-04 → 2026-08-12) 47845 bytes
2026-08-04 09:33:37,569 [INFO] [OK] Brazil/GFS_ENSEMBLE_Soy_PRCP_DEP/cumulative dia 09 (2026-08-04 → 2026-08-13) 48228 bytes
2026-08-04 09:33:37,899 [INFO] [OK] Brazil/GFS_ENSEMBLE_Soy_PRCP_DEP/cumulative dia 10 (2026-08-04 → 2026-08-14) 48184 bytes
2026-08-04 09:33:38,181 [INFO] [OK] Brazil/GFS_ENSEMBLE_Soy_PRCP_DEP/cumulative dia 11 (2026-08-04 → 2026-08-15) 48832 bytes
2026-08-04 09:33:39,324 [INFO] [OK] Brazil/GFS_ENSEMBLE_Soy_PRCP/daily dia 00 (2026-08-04 → 2026-08-04) 30315 bytes
2026-08-04 09:33:39,446 [INFO] [OK] Brazil/GFS_ENSEMBLE_Soy_PRCP_DEP/cumulative dia 12 (2026-08-04 → 2026-08-16) 49346 bytes
2026-08-04 09:33:39,493 [INFO] [OK] Brazil/GFS_ENSEMBLE_Soy_PRCP_DEP/cumulative dia 13 (2026-08-04 → 2026-08-17) 50222 bytes
2026-08-04 09:33:39,511 [INFO] [OK] Brazil/GFS_ENSEMBLE_Soy_PRCP/daily dia 01 (2026-08-05 → 2026-08-05) 30922 bytes
2026-08-04 09:33:39,696 [INFO] [OK] Brazil/GFS_ENSEMBLE_Soy_PRCP/daily dia 02 (2026-08-06 → 2026-08-06) 31273 bytes
2026-08-04 09:33:39,847 [INFO] [OK] Brazil/GFS_ENSEMBLE_Soy_PRCP_DEP/cumulative dia 14 (2026-08-04 → 2026-08-18) 50348 bytes
2026-08-04 09:33:40,712 [INFO] [OK] Brazil/GFS_ENSEMBLE_Soy_PRCP/daily dia 03 (2026-08-07 → 2026-08-07) 29293 bytes
2026-08-04 09:33:40,934 [INFO] [OK] Brazil/GFS_ENSEMBLE_Soy_PRCP/daily dia 04 (2026-08-08 → 2026-08-08) 28818 bytes
2026-08-04 09:33:40,945 [INFO] [OK] Brazil/GFS_ENSEMBLE_Soy_PRCP/daily dia 06 (2026-08-10 → 2026-08-10) 29846 bytes
2026-08-04 09:33:41,145 [INFO] [OK] Brazil/GFS_ENSEMBLE_Soy_PRCP/daily dia 05 (2026-08-09 → 2026-08-09) 29451 bytes
2026-08-04 09:33:41,154 [INFO] [OK] Brazil/GFS_ENSEMBLE_Soy_PRCP/daily dia 07 (2026-08-11 → 2026-08-11) 29491 bytes
2026-08-04 09:33:41,428 [INFO] [OK] Brazil/GFS_ENSEMBLE_Soy_PRCP/daily dia 08 (2026-08-12 → 2026-08-12) 29547 bytes
2026-08-04 09:33:42,396 [INFO] [OK] Brazil/GFS_ENSEMBLE_Soy_PRCP/daily dia 09 (2026-08-13 → 2026-08-13) 29810 bytes
2026-08-04 09:33:42,401 [INFO] [OK] Brazil/GFS_ENSEMBLE_Soy_PRCP/daily dia 11 (2026-08-15 → 2026-08-15) 29725 bytes
2026-08-04 09:33:42,598 [INFO] [OK] Brazil/GFS_ENSEMBLE_Soy_PRCP/daily dia 12 (2026-08-16 → 2026-08-16) 30211 bytes
2026-08-04 09:33:42,603 [INFO] [OK] Brazil/GFS_ENSEMBLE_Soy_PRCP/daily dia 10 (2026-08-14 → 2026-08-14) 29300 bytes
2026-08-04 09:33:42,823 [INFO] [OK] Brazil/GFS_ENSEMBLE_Soy_PRCP/daily dia 13 (2026-08-17 → 2026-08-17) 30472 bytes
2026-08-04 09:33:43,165 [INFO] [OK] Brazil/GFS_ENSEMBLE_Soy_PRCP/daily dia 14 (2026-08-18 → 2026-08-18) 30541 bytes
2026-08-04 09:33:43,761 [INFO] [OK] Brazil/GFS_ENSEMBLE_Soy_PRCP/cumulative dia 00 (2026-08-04 → 2026-08-04) 30315 bytes
2026-08-04 09:33:43,847 [INFO] [OK] Brazil/GFS_ENSEMBLE_Soy_PRCP/cumulative dia 01 (2026-08-04 → 2026-08-05) 32616 bytes
2026-08-04 09:33:44,130 [INFO] [OK] Brazil/GFS_ENSEMBLE_Soy_PRCP/cumulative dia 03 (2026-08-04 → 2026-08-07) 35602 bytes
2026-08-04 09:33:44,292 [INFO] [OK] Brazil/GFS_ENSEMBLE_Soy_PRCP/cumulative dia 02 (2026-08-04 → 2026-08-06) 34665 bytes
2026-08-04 09:33:44,723 [INFO] [OK] Brazil/GFS_ENSEMBLE_Soy_PRCP/cumulative dia 04 (2026-08-04 → 2026-08-08) 35967 bytes
2026-08-04 09:33:45,135 [INFO] [OK] Brazil/GFS_ENSEMBLE_Soy_PRCP/cumulative dia 05 (2026-08-04 → 2026-08-09) 36249 bytes
2026-08-04 09:33:45,879 [INFO] [OK] Brazil/GFS_ENSEMBLE_Soy_PRCP/cumulative dia 06 (2026-08-04 → 2026-08-10) 37250 bytes
2026-08-04 09:33:45,939 [INFO] [OK] Brazil/GFS_ENSEMBLE_Soy_PRCP/cumulative dia 07 (2026-08-04 → 2026-08-11) 37668 bytes
2026-08-04 09:33:46,245 [INFO] [OK] Brazil/GFS_ENSEMBLE_Soy_PRCP/cumulative dia 08 (2026-08-04 → 2026-08-12) 38326 bytes
2026-08-04 09:33:46,590 [INFO] [OK] Brazil/GFS_ENSEMBLE_Soy_PRCP/cumulative dia 09 (2026-08-04 → 2026-08-13) 38791 bytes
2026-08-04 09:33:47,061 [INFO] [OK] Brazil/GFS_ENSEMBLE_Soy_PRCP/cumulative dia 10 (2026-08-04 → 2026-08-14) 39265 bytes
2026-08-04 09:33:47,724 [INFO] [OK] Brazil/GFS_ENSEMBLE_Soy_PRCP/cumulative dia 11 (2026-08-04 → 2026-08-15) 39646 bytes
2026-08-04 09:33:48,146 [INFO] [OK] Brazil/GFS_ENSEMBLE_Corn_Winter_PRCP_DEP/daily dia 00 (2026-08-04 → 2026-08-04) 42600 bytes
2026-08-04 09:33:48,404 [INFO] [OK] Brazil/GFS_ENSEMBLE_Soy_PRCP/cumulative dia 12 (2026-08-04 → 2026-08-16) 40218 bytes
2026-08-04 09:33:48,788 [INFO] [OK] Brazil/GFS_ENSEMBLE_Soy_PRCP/cumulative dia 13 (2026-08-04 → 2026-08-17) 40955 bytes
2026-08-04 09:33:49,200 [INFO] [OK] Brazil/GFS_ENSEMBLE_Corn_Winter_PRCP_DEP/daily dia 01 (2026-08-05 → 2026-08-05) 41734 bytes
2026-08-04 09:33:49,317 [INFO] [OK] Brazil/GFS_ENSEMBLE_Soy_PRCP/cumulative dia 14 (2026-08-04 → 2026-08-18) 41422 bytes
2026-08-04 09:33:49,431 [INFO] [OK] Brazil/GFS_ENSEMBLE_Corn_Winter_PRCP_DEP/daily dia 02 (2026-08-06 → 2026-08-06) 39414 bytes
2026-08-04 09:33:49,589 [INFO] [OK] Brazil/GFS_ENSEMBLE_Corn_Winter_PRCP_DEP/daily dia 03 (2026-08-07 → 2026-08-07) 37458 bytes
2026-08-04 09:33:49,745 [INFO] [OK] Brazil/GFS_ENSEMBLE_Corn_Winter_PRCP_DEP/daily dia 04 (2026-08-08 → 2026-08-08) 36125 bytes
2026-08-04 09:33:50,200 [INFO] [OK] Brazil/GFS_ENSEMBLE_Corn_Winter_PRCP_DEP/daily dia 05 (2026-08-09 → 2026-08-09) 39964 bytes
2026-08-04 09:33:50,735 [INFO] [OK] Brazil/GFS_ENSEMBLE_Corn_Winter_PRCP_DEP/daily dia 06 (2026-08-10 → 2026-08-10) 42521 bytes
2026-08-04 09:33:50,741 [INFO] [OK] Brazil/GFS_ENSEMBLE_Corn_Winter_PRCP_DEP/daily dia 07 (2026-08-11 → 2026-08-11) 43528 bytes
2026-08-04 09:33:50,962 [INFO] [OK] Brazil/GFS_ENSEMBLE_Corn_Winter_PRCP_DEP/daily dia 08 (2026-08-12 → 2026-08-12) 43494 bytes
2026-08-04 09:33:51,105 [INFO] [OK] Brazil/GFS_ENSEMBLE_Corn_Winter_PRCP_DEP/daily dia 10 (2026-08-14 → 2026-08-14) 43978 bytes
2026-08-04 09:33:51,152 [INFO] [OK] Brazil/GFS_ENSEMBLE_Corn_Winter_PRCP_DEP/daily dia 09 (2026-08-13 → 2026-08-13) 43965 bytes
2026-08-04 09:33:51,659 [INFO] [OK] Brazil/GFS_ENSEMBLE_Corn_Winter_PRCP_DEP/daily dia 11 (2026-08-15 → 2026-08-15) 47500 bytes
2026-08-04 09:33:52,183 [INFO] [OK] Brazil/GFS_ENSEMBLE_Corn_Winter_PRCP_DEP/daily dia 13 (2026-08-17 → 2026-08-17) 50572 bytes
2026-08-04 09:33:52,371 [INFO] [OK] Brazil/GFS_ENSEMBLE_Corn_Winter_PRCP_DEP/daily dia 12 (2026-08-16 → 2026-08-16) 48641 bytes
2026-08-04 09:33:52,610 [INFO] [OK] Brazil/GFS_ENSEMBLE_Corn_Winter_PRCP_DEP/daily dia 14 (2026-08-18 → 2026-08-18) 50409 bytes
2026-08-04 09:33:52,612 [INFO] [OK] Brazil/GFS_ENSEMBLE_Corn_Winter_PRCP_DEP/cumulative dia 00 (2026-08-04 → 2026-08-04) 42600 bytes
2026-08-04 09:33:52,743 [INFO] [OK] Brazil/GFS_ENSEMBLE_Corn_Winter_PRCP_DEP/cumulative dia 01 (2026-08-04 → 2026-08-05) 44260 bytes
2026-08-04 09:33:53,165 [INFO] [OK] Brazil/GFS_ENSEMBLE_Corn_Winter_PRCP_DEP/cumulative dia 02 (2026-08-04 → 2026-08-06) 42980 bytes
2026-08-04 09:33:53,901 [INFO] [OK] Brazil/GFS_ENSEMBLE_Corn_Winter_PRCP_DEP/cumulative dia 03 (2026-08-04 → 2026-08-07) 43494 bytes
2026-08-04 09:33:54,153 [INFO] [OK] Brazil/GFS_ENSEMBLE_Corn_Winter_PRCP_DEP/cumulative dia 04 (2026-08-04 → 2026-08-08) 43557 bytes
2026-08-04 09:33:54,599 [INFO] [OK] Brazil/GFS_ENSEMBLE_Corn_Winter_PRCP_DEP/cumulative dia 05 (2026-08-04 → 2026-08-09) 45290 bytes
2026-08-04 09:33:54,741 [INFO] [OK] Brazil/GFS_ENSEMBLE_Corn_Winter_PRCP_DEP/cumulative dia 06 (2026-08-04 → 2026-08-10) 45644 bytes
2026-08-04 09:33:54,926 [INFO] [OK] Brazil/GFS_ENSEMBLE_Corn_Winter_PRCP_DEP/cumulative dia 07 (2026-08-04 → 2026-08-11) 46210 bytes
2026-08-04 09:33:55,179 [INFO] [OK] Brazil/GFS_ENSEMBLE_Corn_Winter_PRCP_DEP/cumulative dia 08 (2026-08-04 → 2026-08-12) 46570 bytes
2026-08-04 09:33:56,398 [INFO] [OK] Brazil/GFS_ENSEMBLE_Corn_Winter_PRCP_DEP/cumulative dia 09 (2026-08-04 → 2026-08-13) 46822 bytes
2026-08-04 09:33:56,629 [INFO] [OK] Brazil/GFS_ENSEMBLE_Corn_Winter_PRCP_DEP/cumulative dia 10 (2026-08-04 → 2026-08-14) 46709 bytes
2026-08-04 09:33:57,548 [INFO] [OK] Brazil/GFS_ENSEMBLE_Corn_Winter_PRCP_DEP/cumulative dia 11 (2026-08-04 → 2026-08-15) 47286 bytes
2026-08-04 09:33:57,613 [INFO] [OK] Brazil/GFS_ENSEMBLE_Corn_Winter_PRCP_DEP/cumulative dia 12 (2026-08-04 → 2026-08-16) 47830 bytes
2026-08-04 09:33:58,008 [INFO] [OK] Brazil/GFS_ENSEMBLE_Corn_Winter_PRCP/daily dia 00 (2026-08-04 → 2026-08-04) 28641 bytes
2026-08-04 09:33:58,449 [INFO] [OK] Brazil/GFS_ENSEMBLE_Corn_Winter_PRCP_DEP/cumulative dia 13 (2026-08-04 → 2026-08-17) 48778 bytes
2026-08-04 09:33:58,770 [INFO] [OK] Brazil/GFS_ENSEMBLE_Corn_Winter_PRCP_DEP/cumulative dia 14 (2026-08-04 → 2026-08-18) 48950 bytes
2026-08-04 09:33:58,779 [INFO] [OK] Brazil/GFS_ENSEMBLE_Corn_Winter_PRCP/daily dia 01 (2026-08-05 → 2026-08-05) 29164 bytes
2026-08-04 09:33:58,991 [INFO] [OK] Brazil/GFS_ENSEMBLE_Corn_Winter_PRCP/daily dia 02 (2026-08-06 → 2026-08-06) 29667 bytes
2026-08-04 09:33:59,061 [INFO] [OK] Brazil/GFS_ENSEMBLE_Corn_Winter_PRCP/daily dia 03 (2026-08-07 → 2026-08-07) 27671 bytes
2026-08-04 09:33:59,314 [INFO] [OK] Brazil/GFS_ENSEMBLE_Corn_Winter_PRCP/daily dia 04 (2026-08-08 → 2026-08-08) 27242 bytes
2026-08-04 09:33:59,738 [INFO] [OK] Brazil/GFS_ENSEMBLE_Corn_Winter_PRCP/daily dia 05 (2026-08-09 → 2026-08-09) 27899 bytes
2026-08-04 09:34:00,154 [INFO] [OK] Brazil/GFS_ENSEMBLE_Corn_Winter_PRCP/daily dia 07 (2026-08-11 → 2026-08-11) 28004 bytes
2026-08-04 09:34:00,171 [INFO] [OK] Brazil/GFS_ENSEMBLE_Corn_Winter_PRCP/daily dia 06 (2026-08-10 → 2026-08-10) 28275 bytes
2026-08-04 09:34:00,571 [INFO] [OK] Brazil/GFS_ENSEMBLE_Corn_Winter_PRCP/daily dia 08 (2026-08-12 → 2026-08-12) 28082 bytes
2026-08-04 09:34:00,834 [INFO] [OK] Brazil/GFS_ENSEMBLE_Corn_Winter_PRCP/daily dia 09 (2026-08-13 → 2026-08-13) 28298 bytes
2026-08-04 09:34:01,228 [INFO] [OK] Brazil/GFS_ENSEMBLE_Corn_Winter_PRCP/daily dia 10 (2026-08-14 → 2026-08-14) 27705 bytes
2026-08-04 09:34:01,510 [INFO] [OK] Brazil/GFS_ENSEMBLE_Corn_Winter_PRCP/daily dia 11 (2026-08-15 → 2026-08-15) 28099 bytes
2026-08-04 09:34:01,711 [INFO] [OK] Brazil/GFS_ENSEMBLE_Corn_Winter_PRCP/daily dia 12 (2026-08-16 → 2026-08-16) 28793 bytes
2026-08-04 09:34:01,833 [INFO] [OK] Brazil/GFS_ENSEMBLE_Corn_Winter_PRCP/daily dia 13 (2026-08-17 → 2026-08-17) 28960 bytes
2026-08-04 09:34:02,005 [INFO] [OK] Brazil/GFS_ENSEMBLE_Corn_Winter_PRCP/daily dia 14 (2026-08-18 → 2026-08-18) 29106 bytes
2026-08-04 09:34:02,345 [INFO] [OK] Brazil/GFS_ENSEMBLE_Corn_Winter_PRCP/cumulative dia 00 (2026-08-04 → 2026-08-04) 28641 bytes
2026-08-04 09:34:02,690 [INFO] [OK] Brazil/GFS_ENSEMBLE_Corn_Winter_PRCP/cumulative dia 01 (2026-08-04 → 2026-08-05) 30879 bytes
2026-08-04 09:34:03,175 [INFO] [OK] Brazil/GFS_ENSEMBLE_Corn_Winter_PRCP/cumulative dia 02 (2026-08-04 → 2026-08-06) 32879 bytes
2026-08-04 09:34:03,472 [INFO] [OK] Brazil/GFS_ENSEMBLE_Corn_Winter_PRCP/cumulative dia 03 (2026-08-04 → 2026-08-07) 33888 bytes
2026-08-04 09:34:03,862 [INFO] [OK] Brazil/GFS_ENSEMBLE_Corn_Winter_PRCP/cumulative dia 04 (2026-08-04 → 2026-08-08) 34235 bytes
2026-08-04 09:34:04,707 [INFO] [OK] Brazil/GFS_ENSEMBLE_Corn_Winter_PRCP/cumulative dia 06 (2026-08-04 → 2026-08-10) 35616 bytes
2026-08-04 09:34:04,725 [INFO] [OK] Brazil/GFS_ENSEMBLE_Corn_Winter_PRCP/cumulative dia 05 (2026-08-04 → 2026-08-09) 34520 bytes
2026-08-04 09:34:05,006 [INFO] [OK] Brazil/GFS_ENSEMBLE_Corn_Winter_PRCP/cumulative dia 07 (2026-08-04 → 2026-08-11) 36029 bytes
2026-08-04 09:34:05,364 [INFO] [OK] Brazil/GFS_ENSEMBLE_Corn_Winter_PRCP/cumulative dia 08 (2026-08-04 → 2026-08-12) 36671 bytes
2026-08-04 09:34:05,552 [INFO] [OK] Brazil/GFS_ENSEMBLE_Corn_Winter_PRCP/cumulative dia 09 (2026-08-04 → 2026-08-13) 37173 bytes
2026-08-04 09:34:06,083 [INFO] [OK] Brazil/GFS_ENSEMBLE_Corn_Winter_PRCP/cumulative dia 10 (2026-08-04 → 2026-08-14) 37672 bytes
2026-08-04 09:34:07,345 [INFO] [OK] Brazil/GFS_ENSEMBLE_Corn_Winter_PRCP/cumulative dia 11 (2026-08-04 → 2026-08-15) 37968 bytes
2026-08-04 09:34:07,345 [INFO] [OK] Brazil/ECM_ENSEMBLE_Soy_PRCP_DEP/daily dia 00 (2026-08-04 → 2026-08-04) 48484 bytes
2026-08-04 09:34:07,348 [INFO] [OK] Brazil/GFS_ENSEMBLE_Corn_Winter_PRCP/cumulative dia 12 (2026-08-04 → 2026-08-16) 38586 bytes
2026-08-04 09:34:07,381 [INFO] [OK] Brazil/GFS_ENSEMBLE_Corn_Winter_PRCP/cumulative dia 13 (2026-08-04 → 2026-08-17) 39222 bytes
2026-08-04 09:34:07,617 [INFO] [OK] Brazil/ECM_ENSEMBLE_Soy_PRCP_DEP/daily dia 01 (2026-08-05 → 2026-08-05) 48357 bytes
2026-08-04 09:34:07,851 [INFO] [OK] Brazil/GFS_ENSEMBLE_Corn_Winter_PRCP/cumulative dia 14 (2026-08-04 → 2026-08-18) 39708 bytes
2026-08-04 09:34:08,726 [INFO] [OK] Brazil/ECM_ENSEMBLE_Soy_PRCP_DEP/daily dia 05 (2026-08-09 → 2026-08-09) 47265 bytes
2026-08-04 09:34:09,131 [INFO] [OK] Brazil/ECM_ENSEMBLE_Soy_PRCP_DEP/daily dia 06 (2026-08-10 → 2026-08-10) 47601 bytes
2026-08-04 09:34:09,138 [INFO] [OK] Brazil/ECM_ENSEMBLE_Soy_PRCP_DEP/daily dia 04 (2026-08-08 → 2026-08-08) 45611 bytes
2026-08-04 09:34:09,144 [INFO] [OK] Brazil/ECM_ENSEMBLE_Soy_PRCP_DEP/daily dia 03 (2026-08-07 → 2026-08-07) 46688 bytes
2026-08-04 09:34:09,359 [INFO] [OK] Brazil/ECM_ENSEMBLE_Soy_PRCP_DEP/daily dia 02 (2026-08-06 → 2026-08-06) 48320 bytes
2026-08-04 09:34:09,515 [INFO] [OK] Brazil/ECM_ENSEMBLE_Soy_PRCP_DEP/daily dia 07 (2026-08-11 → 2026-08-11) 50192 bytes
2026-08-04 09:34:10,150 [INFO] [OK] Brazil/ECM_ENSEMBLE_Soy_PRCP_DEP/daily dia 08 (2026-08-12 → 2026-08-12) 50860 bytes
2026-08-04 09:34:10,638 [INFO] [OK] Brazil/ECM_ENSEMBLE_Soy_PRCP_DEP/daily dia 11 (2026-08-15 → 2026-08-15) 49171 bytes
2026-08-04 09:34:10,720 [INFO] [OK] Brazil/ECM_ENSEMBLE_Soy_PRCP_DEP/daily dia 09 (2026-08-13 → 2026-08-13) 51669 bytes
2026-08-04 09:34:10,814 [INFO] [OK] Brazil/ECM_ENSEMBLE_Soy_PRCP_DEP/daily dia 10 (2026-08-14 → 2026-08-14) 52825 bytes
2026-08-04 09:34:11,001 [INFO] [OK] Brazil/ECM_ENSEMBLE_Soy_PRCP_DEP/daily dia 12 (2026-08-16 → 2026-08-16) 50012 bytes
2026-08-04 09:34:11,082 [INFO] [OK] Brazil/ECM_ENSEMBLE_Soy_PRCP_DEP/daily dia 13 (2026-08-17 → 2026-08-17) 50286 bytes
2026-08-04 09:34:11,644 [INFO] [OK] Brazil/ECM_ENSEMBLE_Soy_PRCP_DEP/daily dia 14 (2026-08-18 → 2026-08-18) 52226 bytes
2026-08-04 09:34:12,123 [INFO] [OK] Brazil/ECM_ENSEMBLE_Soy_PRCP_DEP/cumulative dia 00 (2026-08-04 → 2026-08-04) 48484 bytes
2026-08-04 09:34:12,225 [INFO] [OK] Brazil/ECM_ENSEMBLE_Soy_PRCP_DEP/cumulative dia 01 (2026-08-04 → 2026-08-05) 49097 bytes
2026-08-04 09:34:12,437 [INFO] [OK] Brazil/ECM_ENSEMBLE_Soy_PRCP_DEP/cumulative dia 02 (2026-08-04 → 2026-08-06) 48629 bytes
2026-08-04 09:34:12,808 [INFO] [OK] Brazil/ECM_ENSEMBLE_Soy_PRCP_DEP/cumulative dia 03 (2026-08-04 → 2026-08-07) 48813 bytes
2026-08-04 09:34:12,913 [INFO] [OK] Brazil/ECM_ENSEMBLE_Soy_PRCP_DEP/cumulative dia 04 (2026-08-04 → 2026-08-08) 49712 bytes
2026-08-04 09:34:13,505 [INFO] [OK] Brazil/ECM_ENSEMBLE_Soy_PRCP_DEP/cumulative dia 05 (2026-08-04 → 2026-08-09) 50608 bytes
2026-08-04 09:34:14,154 [INFO] [OK] Brazil/ECM_ENSEMBLE_Soy_PRCP_DEP/cumulative dia 06 (2026-08-04 → 2026-08-10) 50915 bytes
2026-08-04 09:34:14,444 [INFO] [OK] Brazil/ECM_ENSEMBLE_Soy_PRCP_DEP/cumulative dia 07 (2026-08-04 → 2026-08-11) 51613 bytes
2026-08-04 09:34:14,720 [INFO] [OK] Brazil/ECM_ENSEMBLE_Soy_PRCP_DEP/cumulative dia 08 (2026-08-04 → 2026-08-12) 51593 bytes
2026-08-04 09:34:15,254 [INFO] [OK] Brazil/ECM_ENSEMBLE_Soy_PRCP_DEP/cumulative dia 09 (2026-08-04 → 2026-08-13) 51848 bytes
2026-08-04 09:34:15,419 [INFO] [OK] Brazil/ECM_ENSEMBLE_Soy_PRCP_DEP/cumulative dia 10 (2026-08-04 → 2026-08-14) 51852 bytes
2026-08-04 09:34:15,883 [INFO] [OK] Brazil/ECM_ENSEMBLE_Soy_PRCP_DEP/cumulative dia 11 (2026-08-04 → 2026-08-15) 51298 bytes
2026-08-04 09:34:16,581 [INFO] [OK] Brazil/ECM_ENSEMBLE_Soy_PRCP/daily dia 00 (2026-08-04 → 2026-08-04) 31970 bytes
2026-08-04 09:34:16,675 [INFO] [OK] Brazil/ECM_ENSEMBLE_Soy_PRCP_DEP/cumulative dia 12 (2026-08-04 → 2026-08-16) 51101 bytes
2026-08-04 09:34:16,801 [INFO] [OK] Brazil/ECM_ENSEMBLE_Soy_PRCP/daily dia 01 (2026-08-05 → 2026-08-05) 32636 bytes
2026-08-04 09:34:16,964 [INFO] [OK] Brazil/ECM_ENSEMBLE_Soy_PRCP_DEP/cumulative dia 13 (2026-08-04 → 2026-08-17) 51524 bytes
2026-08-04 09:34:17,234 [INFO] [OK] Brazil/ECM_ENSEMBLE_Soy_PRCP/daily dia 02 (2026-08-06 → 2026-08-06) 32815 bytes
2026-08-04 09:34:17,432 [INFO] [OK] Brazil/ECM_ENSEMBLE_Soy_PRCP_DEP/cumulative dia 14 (2026-08-04 → 2026-08-18) 51123 bytes
2026-08-04 09:34:18,077 [INFO] [OK] Brazil/ECM_ENSEMBLE_Soy_PRCP/daily dia 04 (2026-08-08 → 2026-08-08) 29706 bytes
2026-08-04 09:34:18,083 [INFO] [OK] Brazil/ECM_ENSEMBLE_Soy_PRCP/daily dia 03 (2026-08-07 → 2026-08-07) 30519 bytes
2026-08-04 09:34:19,373 [INFO] [OK] Brazil/ECM_ENSEMBLE_Soy_PRCP/daily dia 06 (2026-08-10 → 2026-08-10) 31040 bytes
2026-08-04 09:34:19,375 [INFO] [OK] Brazil/ECM_ENSEMBLE_Soy_PRCP/daily dia 05 (2026-08-09 → 2026-08-09) 30973 bytes
2026-08-04 09:34:19,380 [INFO] [OK] Brazil/ECM_ENSEMBLE_Soy_PRCP/daily dia 07 (2026-08-11 → 2026-08-11) 30653 bytes
2026-08-04 09:34:19,382 [INFO] [OK] Brazil/ECM_ENSEMBLE_Soy_PRCP/daily dia 08 (2026-08-12 → 2026-08-12) 30961 bytes
2026-08-04 09:34:19,737 [INFO] [OK] Brazil/ECM_ENSEMBLE_Soy_PRCP/daily dia 10 (2026-08-14 → 2026-08-14) 30486 bytes
2026-08-04 09:34:19,738 [INFO] [OK] Brazil/ECM_ENSEMBLE_Soy_PRCP/daily dia 09 (2026-08-13 → 2026-08-13) 30870 bytes
2026-08-04 09:34:20,704 [INFO] [OK] Brazil/ECM_ENSEMBLE_Soy_PRCP/daily dia 11 (2026-08-15 → 2026-08-15) 31378 bytes
2026-08-04 09:34:20,757 [INFO] [OK] Brazil/ECM_ENSEMBLE_Soy_PRCP/daily dia 13 (2026-08-17 → 2026-08-17) 31809 bytes
2026-08-04 09:34:20,807 [INFO] [OK] Brazil/ECM_ENSEMBLE_Soy_PRCP/daily dia 14 (2026-08-18 → 2026-08-18) 30296 bytes
2026-08-04 09:34:20,848 [INFO] [OK] Brazil/ECM_ENSEMBLE_Soy_PRCP/daily dia 12 (2026-08-16 → 2026-08-16) 31856 bytes
2026-08-04 09:34:21,207 [INFO] [OK] Brazil/ECM_ENSEMBLE_Soy_PRCP/cumulative dia 00 (2026-08-04 → 2026-08-04) 31970 bytes
2026-08-04 09:34:21,242 [INFO] [OK] Brazil/ECM_ENSEMBLE_Soy_PRCP/cumulative dia 01 (2026-08-04 → 2026-08-05) 34737 bytes
2026-08-04 09:34:22,354 [INFO] [OK] Brazil/ECM_ENSEMBLE_Soy_PRCP/cumulative dia 02 (2026-08-04 → 2026-08-06) 36856 bytes
2026-08-04 09:34:22,407 [INFO] [OK] Brazil/ECM_ENSEMBLE_Soy_PRCP/cumulative dia 03 (2026-08-04 → 2026-08-07) 37813 bytes
2026-08-04 09:34:22,564 [INFO] [OK] Brazil/ECM_ENSEMBLE_Soy_PRCP/cumulative dia 05 (2026-08-04 → 2026-08-09) 39179 bytes
2026-08-04 09:34:22,656 [INFO] [OK] Brazil/ECM_ENSEMBLE_Soy_PRCP/cumulative dia 04 (2026-08-04 → 2026-08-08) 38504 bytes
2026-08-04 09:34:23,126 [INFO] [OK] Brazil/ECM_ENSEMBLE_Soy_PRCP/cumulative dia 06 (2026-08-04 → 2026-08-10) 40208 bytes
2026-08-04 09:34:24,038 [INFO] [OK] Brazil/ECM_ENSEMBLE_Soy_PRCP/cumulative dia 07 (2026-08-04 → 2026-08-11) 41000 bytes
2026-08-04 09:34:24,528 [INFO] [OK] Brazil/ECM_ENSEMBLE_Soy_PRCP/cumulative dia 09 (2026-08-04 → 2026-08-13) 41939 bytes
2026-08-04 09:34:24,531 [INFO] [OK] Brazil/ECM_ENSEMBLE_Soy_PRCP/cumulative dia 08 (2026-08-04 → 2026-08-12) 41632 bytes
2026-08-04 09:34:24,723 [INFO] [OK] Brazil/ECM_ENSEMBLE_Soy_PRCP/cumulative dia 10 (2026-08-04 → 2026-08-14) 42241 bytes
2026-08-04 09:34:25,022 [INFO] [OK] Brazil/ECM_ENSEMBLE_Soy_PRCP/cumulative dia 11 (2026-08-04 → 2026-08-15) 42803 bytes
2026-08-04 09:34:25,446 [INFO] [OK] Brazil/ECM_ENSEMBLE_Soy_PRCP/cumulative dia 12 (2026-08-04 → 2026-08-16) 43265 bytes
2026-08-04 09:34:26,000 [INFO] [OK] Brazil/ECM_ENSEMBLE_Corn_Winter_PRCP_DEP/daily dia 00 (2026-08-04 → 2026-08-04) 47101 bytes
2026-08-04 09:34:26,180 [INFO] [OK] Brazil/ECM_ENSEMBLE_Corn_Winter_PRCP_DEP/daily dia 01 (2026-08-05 → 2026-08-05) 47062 bytes
2026-08-04 09:34:26,548 [INFO] [OK] Brazil/ECM_ENSEMBLE_Corn_Winter_PRCP_DEP/daily dia 02 (2026-08-06 → 2026-08-06) 46968 bytes
2026-08-04 09:34:26,619 [INFO] [OK] Brazil/ECM_ENSEMBLE_Soy_PRCP/cumulative dia 13 (2026-08-04 → 2026-08-17) 43700 bytes
2026-08-04 09:34:26,864 [INFO] [OK] Brazil/ECM_ENSEMBLE_Corn_Winter_PRCP_DEP/daily dia 03 (2026-08-07 → 2026-08-07) 45202 bytes
2026-08-04 09:34:27,131 [INFO] [OK] Brazil/ECM_ENSEMBLE_Soy_PRCP/cumulative dia 14 (2026-08-04 → 2026-08-18) 44063 bytes
2026-08-04 09:34:27,462 [INFO] [OK] Brazil/ECM_ENSEMBLE_Corn_Winter_PRCP_DEP/daily dia 04 (2026-08-08 → 2026-08-08) 44017 bytes
2026-08-04 09:34:28,063 [INFO] [OK] Brazil/ECM_ENSEMBLE_Corn_Winter_PRCP_DEP/daily dia 06 (2026-08-10 → 2026-08-10) 46207 bytes
2026-08-04 09:34:28,068 [INFO] [OK] Brazil/ECM_ENSEMBLE_Corn_Winter_PRCP_DEP/daily dia 05 (2026-08-09 → 2026-08-09) 45851 bytes
2026-08-04 09:34:29,257 [INFO] [OK] Brazil/ECM_ENSEMBLE_Corn_Winter_PRCP_DEP/daily dia 08 (2026-08-12 → 2026-08-12) 49463 bytes
2026-08-04 09:34:29,258 [INFO] [OK] Brazil/ECM_ENSEMBLE_Corn_Winter_PRCP_DEP/daily dia 07 (2026-08-11 → 2026-08-11) 48736 bytes
2026-08-04 09:34:29,260 [INFO] [OK] Brazil/ECM_ENSEMBLE_Corn_Winter_PRCP_DEP/daily dia 09 (2026-08-13 → 2026-08-13) 50252 bytes
2026-08-04 09:34:29,260 [INFO] [OK] Brazil/ECM_ENSEMBLE_Corn_Winter_PRCP_DEP/daily dia 10 (2026-08-14 → 2026-08-14) 51445 bytes
2026-08-04 09:34:29,645 [INFO] [OK] Brazil/ECM_ENSEMBLE_Corn_Winter_PRCP_DEP/daily dia 12 (2026-08-16 → 2026-08-16) 48846 bytes
2026-08-04 09:34:29,654 [INFO] [OK] Brazil/ECM_ENSEMBLE_Corn_Winter_PRCP_DEP/daily dia 11 (2026-08-15 → 2026-08-15) 47950 bytes
2026-08-04 09:34:30,710 [INFO] [OK] Brazil/ECM_ENSEMBLE_Corn_Winter_PRCP_DEP/daily dia 14 (2026-08-18 → 2026-08-18) 50964 bytes
2026-08-04 09:34:31,045 [INFO] [OK] Brazil/ECM_ENSEMBLE_Corn_Winter_PRCP_DEP/daily dia 13 (2026-08-17 → 2026-08-17) 49003 bytes
2026-08-04 09:34:31,183 [INFO] [OK] Brazil/ECM_ENSEMBLE_Corn_Winter_PRCP_DEP/cumulative dia 01 (2026-08-04 → 2026-08-05) 47645 bytes
2026-08-04 09:34:31,242 [INFO] [OK] Brazil/ECM_ENSEMBLE_Corn_Winter_PRCP_DEP/cumulative dia 00 (2026-08-04 → 2026-08-04) 47101 bytes
2026-08-04 09:34:31,264 [INFO] [OK] Brazil/ECM_ENSEMBLE_Corn_Winter_PRCP_DEP/cumulative dia 03 (2026-08-04 → 2026-08-07) 47665 bytes
2026-08-04 09:34:31,346 [INFO] [OK] Brazil/ECM_ENSEMBLE_Corn_Winter_PRCP_DEP/cumulative dia 02 (2026-08-04 → 2026-08-06) 47330 bytes
2026-08-04 09:34:32,445 [INFO] [OK] Brazil/ECM_ENSEMBLE_Corn_Winter_PRCP_DEP/cumulative dia 04 (2026-08-04 → 2026-08-08) 48452 bytes
2026-08-04 09:34:33,347 [INFO] [OK] Brazil/ECM_ENSEMBLE_Corn_Winter_PRCP_DEP/cumulative dia 06 (2026-08-04 → 2026-08-10) 49561 bytes
2026-08-04 09:34:33,360 [INFO] [OK] Brazil/ECM_ENSEMBLE_Corn_Winter_PRCP_DEP/cumulative dia 05 (2026-08-04 → 2026-08-09) 49216 bytes
2026-08-04 09:34:33,408 [INFO] [OK] Brazil/ECM_ENSEMBLE_Corn_Winter_PRCP_DEP/cumulative dia 07 (2026-08-04 → 2026-08-11) 50170 bytes
2026-08-04 09:34:33,503 [INFO] [OK] Brazil/ECM_ENSEMBLE_Corn_Winter_PRCP_DEP/cumulative dia 08 (2026-08-04 → 2026-08-12) 50050 bytes
2026-08-04 09:34:33,624 [INFO] [OK] Brazil/ECM_ENSEMBLE_Corn_Winter_PRCP_DEP/cumulative dia 09 (2026-08-04 → 2026-08-13) 50321 bytes
2026-08-04 09:34:34,558 [INFO] [OK] Brazil/ECM_ENSEMBLE_Corn_Winter_PRCP_DEP/cumulative dia 10 (2026-08-04 → 2026-08-14) 50382 bytes
2026-08-04 09:34:35,082 [INFO] [OK] Brazil/ECM_ENSEMBLE_Corn_Winter_PRCP/daily dia 00 (2026-08-04 → 2026-08-04) 30209 bytes
2026-08-04 09:34:35,941 [INFO] [OK] Brazil/ECM_ENSEMBLE_Corn_Winter_PRCP/daily dia 01 (2026-08-05 → 2026-08-05) 30986 bytes
2026-08-04 09:34:35,985 [INFO] [OK] Brazil/ECM_ENSEMBLE_Corn_Winter_PRCP_DEP/cumulative dia 12 (2026-08-04 → 2026-08-16) 49812 bytes
2026-08-04 09:34:35,991 [INFO] [OK] Brazil/ECM_ENSEMBLE_Corn_Winter_PRCP_DEP/cumulative dia 13 (2026-08-04 → 2026-08-17) 50106 bytes
2026-08-04 09:34:36,006 [INFO] [OK] Brazil/ECM_ENSEMBLE_Corn_Winter_PRCP_DEP/cumulative dia 11 (2026-08-04 → 2026-08-15) 49983 bytes
2026-08-04 09:34:36,091 [INFO] [OK] Brazil/ECM_ENSEMBLE_Corn_Winter_PRCP_DEP/cumulative dia 14 (2026-08-04 → 2026-08-18) 49792 bytes
2026-08-04 09:34:36,454 [INFO] [OK] Brazil/ECM_ENSEMBLE_Corn_Winter_PRCP/daily dia 02 (2026-08-06 → 2026-08-06) 31188 bytes
2026-08-04 09:34:37,345 [INFO] [OK] Brazil/ECM_ENSEMBLE_Corn_Winter_PRCP/daily dia 04 (2026-08-08 → 2026-08-08) 28186 bytes
2026-08-04 09:34:37,430 [INFO] [OK] Brazil/ECM_ENSEMBLE_Corn_Winter_PRCP/daily dia 03 (2026-08-07 → 2026-08-07) 28875 bytes
2026-08-04 09:34:37,487 [INFO] [OK] Brazil/ECM_ENSEMBLE_Corn_Winter_PRCP/daily dia 05 (2026-08-09 → 2026-08-09) 29461 bytes
2026-08-04 09:34:37,653 [INFO] [OK] Brazil/ECM_ENSEMBLE_Corn_Winter_PRCP/daily dia 06 (2026-08-10 → 2026-08-10) 29439 bytes
2026-08-04 09:34:37,731 [INFO] [OK] Brazil/ECM_ENSEMBLE_Corn_Winter_PRCP/daily dia 07 (2026-08-11 → 2026-08-11) 29252 bytes
2026-08-04 09:34:37,870 [INFO] [OK] Brazil/ECM_ENSEMBLE_Corn_Winter_PRCP/daily dia 08 (2026-08-12 → 2026-08-12) 29426 bytes
2026-08-04 09:34:38,621 [INFO] [OK] Brazil/ECM_ENSEMBLE_Corn_Winter_PRCP/daily dia 09 (2026-08-13 → 2026-08-13) 29415 bytes
2026-08-04 09:34:38,769 [INFO] [OK] Brazil/ECM_ENSEMBLE_Corn_Winter_PRCP/daily dia 10 (2026-08-14 → 2026-08-14) 29030 bytes
2026-08-04 09:34:38,821 [INFO] [OK] Brazil/ECM_ENSEMBLE_Corn_Winter_PRCP/daily dia 11 (2026-08-15 → 2026-08-15) 29780 bytes
2026-08-04 09:34:38,993 [INFO] [OK] Brazil/ECM_ENSEMBLE_Corn_Winter_PRCP/daily dia 12 (2026-08-16 → 2026-08-16) 30263 bytes
2026-08-04 09:34:39,172 [INFO] [OK] Brazil/ECM_ENSEMBLE_Corn_Winter_PRCP/daily dia 13 (2026-08-17 → 2026-08-17) 30275 bytes
2026-08-04 09:34:39,265 [INFO] [OK] Brazil/ECM_ENSEMBLE_Corn_Winter_PRCP/daily dia 14 (2026-08-18 → 2026-08-18) 28782 bytes
2026-08-04 09:34:39,949 [INFO] [OK] Brazil/ECM_ENSEMBLE_Corn_Winter_PRCP/cumulative dia 00 (2026-08-04 → 2026-08-04) 30209 bytes
2026-08-04 09:34:40,684 [INFO] [OK] Brazil/ECM_ENSEMBLE_Corn_Winter_PRCP/cumulative dia 02 (2026-08-04 → 2026-08-06) 35241 bytes
2026-08-04 09:34:40,719 [INFO] [OK] Brazil/ECM_ENSEMBLE_Corn_Winter_PRCP/cumulative dia 01 (2026-08-04 → 2026-08-05) 32998 bytes
2026-08-04 09:34:40,968 [INFO] [OK] Brazil/ECM_ENSEMBLE_Corn_Winter_PRCP/cumulative dia 03 (2026-08-04 → 2026-08-07) 36147 bytes
2026-08-04 09:34:41,016 [INFO] [OK] Brazil/ECM_ENSEMBLE_Corn_Winter_PRCP/cumulative dia 04 (2026-08-04 → 2026-08-08) 36801 bytes
2026-08-04 09:34:41,727 [INFO] [OK] Brazil/ECM_ENSEMBLE_Corn_Winter_PRCP/cumulative dia 05 (2026-08-04 → 2026-08-09) 37422 bytes
2026-08-04 09:34:41,839 [INFO] [OK] Brazil/ECM_ENSEMBLE_Corn_Winter_PRCP/cumulative dia 06 (2026-08-04 → 2026-08-10) 38535 bytes
2026-08-04 09:34:42,667 [INFO] [OK] Brazil/ECM_ENSEMBLE_Corn_Winter_PRCP/cumulative dia 07 (2026-08-04 → 2026-08-11) 39286 bytes
2026-08-04 09:34:42,805 [INFO] [OK] Brazil/ECM_ENSEMBLE_Corn_Winter_PRCP/cumulative dia 08 (2026-08-04 → 2026-08-12) 40004 bytes
2026-08-04 09:34:43,117 [INFO] [OK] Brazil/ECM_ENSEMBLE_Corn_Winter_PRCP/cumulative dia 09 (2026-08-04 → 2026-08-13) 40403 bytes
2026-08-04 09:34:43,382 [INFO] [OK] Brazil/ECM_ENSEMBLE_Corn_Winter_PRCP/cumulative dia 10 (2026-08-04 → 2026-08-14) 40698 bytes
2026-08-04 09:34:44,179 [INFO] [OK] Brazil/ECM_ENSEMBLE_Corn_Winter_PRCP/cumulative dia 11 (2026-08-04 → 2026-08-15) 41384 bytes
2026-08-04 09:34:44,227 [INFO] [OK] Argentina/GFS_ENSEMBLE_Soy_PRCP_DEP/daily dia 00 (2026-08-04 → 2026-08-04) 40391 bytes
2026-08-04 09:34:44,445 [INFO] [OK] Brazil/ECM_ENSEMBLE_Corn_Winter_PRCP/cumulative dia 12 (2026-08-04 → 2026-08-16) 41662 bytes
2026-08-04 09:34:44,713 [INFO] [OK] Argentina/GFS_ENSEMBLE_Soy_PRCP_DEP/daily dia 01 (2026-08-05 → 2026-08-05) 39086 bytes
2026-08-04 09:34:45,121 [INFO] [OK] Brazil/ECM_ENSEMBLE_Corn_Winter_PRCP/cumulative dia 13 (2026-08-04 → 2026-08-17) 42274 bytes
2026-08-04 09:34:45,297 [INFO] [OK] Argentina/GFS_ENSEMBLE_Soy_PRCP_DEP/daily dia 02 (2026-08-06 → 2026-08-06) 35622 bytes
2026-08-04 09:34:45,517 [INFO] [OK] Brazil/ECM_ENSEMBLE_Corn_Winter_PRCP/cumulative dia 14 (2026-08-04 → 2026-08-18) 42616 bytes
2026-08-04 09:34:45,520 [INFO] [OK] Argentina/GFS_ENSEMBLE_Soy_PRCP_DEP/daily dia 03 (2026-08-07 → 2026-08-07) 33725 bytes
2026-08-04 09:34:45,523 [INFO] [OK] Argentina/GFS_ENSEMBLE_Soy_PRCP_DEP/daily dia 04 (2026-08-08 → 2026-08-08) 30729 bytes
2026-08-04 09:34:45,777 [INFO] [OK] Argentina/GFS_ENSEMBLE_Soy_PRCP_DEP/daily dia 05 (2026-08-09 → 2026-08-09) 33093 bytes
2026-08-04 09:34:46,336 [INFO] [OK] Argentina/GFS_ENSEMBLE_Soy_PRCP_DEP/daily dia 06 (2026-08-10 → 2026-08-10) 35188 bytes
2026-08-04 09:34:46,339 [INFO] [OK] Argentina/GFS_ENSEMBLE_Soy_PRCP_DEP/daily dia 07 (2026-08-11 → 2026-08-11) 38113 bytes
2026-08-04 09:34:46,664 [INFO] [OK] Argentina/GFS_ENSEMBLE_Soy_PRCP_DEP/daily dia 08 (2026-08-12 → 2026-08-12) 38420 bytes
2026-08-04 09:34:46,666 [INFO] [OK] Argentina/GFS_ENSEMBLE_Soy_PRCP_DEP/daily dia 09 (2026-08-13 → 2026-08-13) 38365 bytes
2026-08-04 09:34:46,733 [INFO] [OK] Argentina/GFS_ENSEMBLE_Soy_PRCP_DEP/daily dia 10 (2026-08-14 → 2026-08-14) 38637 bytes
2026-08-04 09:34:46,879 [INFO] [OK] Argentina/GFS_ENSEMBLE_Soy_PRCP_DEP/daily dia 11 (2026-08-15 → 2026-08-15) 42678 bytes
2026-08-04 09:34:47,464 [INFO] [OK] Argentina/GFS_ENSEMBLE_Soy_PRCP_DEP/daily dia 12 (2026-08-16 → 2026-08-16) 43884 bytes
2026-08-04 09:34:47,587 [INFO] [OK] Argentina/GFS_ENSEMBLE_Soy_PRCP_DEP/daily dia 13 (2026-08-17 → 2026-08-17) 44353 bytes
2026-08-04 09:34:47,898 [INFO] [OK] Argentina/GFS_ENSEMBLE_Soy_PRCP_DEP/daily dia 14 (2026-08-18 → 2026-08-18) 45904 bytes
2026-08-04 09:34:48,679 [INFO] [OK] Argentina/GFS_ENSEMBLE_Soy_PRCP_DEP/cumulative dia 01 (2026-08-04 → 2026-08-05) 41386 bytes
2026-08-04 09:34:48,762 [INFO] [OK] Argentina/GFS_ENSEMBLE_Soy_PRCP_DEP/cumulative dia 00 (2026-08-04 → 2026-08-04) 40391 bytes
2026-08-04 09:34:48,762 [INFO] [OK] Argentina/GFS_ENSEMBLE_Soy_PRCP_DEP/cumulative dia 02 (2026-08-04 → 2026-08-06) 39520 bytes
2026-08-04 09:34:48,786 [INFO] [OK] Argentina/GFS_ENSEMBLE_Soy_PRCP_DEP/cumulative dia 03 (2026-08-04 → 2026-08-07) 39735 bytes
2026-08-04 09:34:49,010 [INFO] [OK] Argentina/GFS_ENSEMBLE_Soy_PRCP_DEP/cumulative dia 04 (2026-08-04 → 2026-08-08) 39931 bytes
2026-08-04 09:34:49,244 [INFO] [OK] Argentina/GFS_ENSEMBLE_Soy_PRCP_DEP/cumulative dia 05 (2026-08-04 → 2026-08-09) 40623 bytes
2026-08-04 09:34:50,057 [INFO] [OK] Argentina/GFS_ENSEMBLE_Soy_PRCP_DEP/cumulative dia 06 (2026-08-04 → 2026-08-10) 40434 bytes
2026-08-04 09:34:50,165 [INFO] [OK] Argentina/GFS_ENSEMBLE_Soy_PRCP_DEP/cumulative dia 08 (2026-08-04 → 2026-08-12) 41149 bytes
2026-08-04 09:34:50,179 [INFO] [OK] Argentina/GFS_ENSEMBLE_Soy_PRCP_DEP/cumulative dia 07 (2026-08-04 → 2026-08-11) 40988 bytes
2026-08-04 09:34:50,322 [INFO] [OK] Argentina/GFS_ENSEMBLE_Soy_PRCP_DEP/cumulative dia 09 (2026-08-04 → 2026-08-13) 41870 bytes
2026-08-04 09:34:50,560 [INFO] [OK] Argentina/GFS_ENSEMBLE_Soy_PRCP_DEP/cumulative dia 10 (2026-08-04 → 2026-08-14) 41895 bytes
2026-08-04 09:34:50,758 [INFO] [OK] Argentina/GFS_ENSEMBLE_Soy_PRCP_DEP/cumulative dia 11 (2026-08-04 → 2026-08-15) 42346 bytes
2026-08-04 09:34:51,283 [INFO] [OK] Argentina/GFS_ENSEMBLE_Soy_PRCP/daily dia 00 (2026-08-04 → 2026-08-04) 28440 bytes
2026-08-04 09:34:51,690 [INFO] [OK] Argentina/GFS_ENSEMBLE_Soy_PRCP_DEP/cumulative dia 12 (2026-08-04 → 2026-08-16) 42715 bytes
2026-08-04 09:34:51,717 [INFO] [OK] Argentina/GFS_ENSEMBLE_Soy_PRCP/daily dia 01 (2026-08-05 → 2026-08-05) 28755 bytes
2026-08-04 09:34:51,838 [INFO] [OK] Argentina/GFS_ENSEMBLE_Soy_PRCP/daily dia 02 (2026-08-06 → 2026-08-06) 30002 bytes
2026-08-04 09:34:51,913 [INFO] [OK] Argentina/GFS_ENSEMBLE_Soy_PRCP_DEP/cumulative dia 13 (2026-08-04 → 2026-08-17) 43751 bytes
2026-08-04 09:34:51,913 [INFO] [OK] Argentina/GFS_ENSEMBLE_Soy_PRCP_DEP/cumulative dia 14 (2026-08-04 → 2026-08-18) 43913 bytes
2026-08-04 09:34:52,317 [INFO] [OK] Argentina/GFS_ENSEMBLE_Soy_PRCP/daily dia 03 (2026-08-07 → 2026-08-07) 27104 bytes
2026-08-04 09:34:52,738 [INFO] [OK] Argentina/GFS_ENSEMBLE_Soy_PRCP/daily dia 04 (2026-08-08 → 2026-08-08) 26299 bytes
2026-08-04 09:34:52,806 [INFO] [OK] Argentina/GFS_ENSEMBLE_Soy_PRCP/daily dia 05 (2026-08-09 → 2026-08-09) 26733 bytes
2026-08-04 09:34:52,938 [INFO] [OK] Argentina/GFS_ENSEMBLE_Soy_PRCP/daily dia 07 (2026-08-11 → 2026-08-11) 26987 bytes
2026-08-04 09:34:52,939 [INFO] [OK] Argentina/GFS_ENSEMBLE_Soy_PRCP/daily dia 06 (2026-08-10 → 2026-08-10) 27047 bytes
2026-08-04 09:34:53,101 [INFO] [OK] Argentina/GFS_ENSEMBLE_Soy_PRCP/daily dia 08 (2026-08-12 → 2026-08-12) 26668 bytes
2026-08-04 09:34:53,375 [INFO] [OK] Argentina/GFS_ENSEMBLE_Soy_PRCP/daily dia 09 (2026-08-13 → 2026-08-13) 26775 bytes
2026-08-04 09:34:53,698 [INFO] [OK] Argentina/GFS_ENSEMBLE_Soy_PRCP/daily dia 10 (2026-08-14 → 2026-08-14) 26598 bytes
2026-08-04 09:34:53,797 [INFO] [OK] Argentina/GFS_ENSEMBLE_Soy_PRCP/daily dia 11 (2026-08-15 → 2026-08-15) 27355 bytes
2026-08-04 09:34:53,932 [INFO] [OK] Argentina/GFS_ENSEMBLE_Soy_PRCP/daily dia 13 (2026-08-17 → 2026-08-17) 27920 bytes
2026-08-04 09:34:53,995 [INFO] [OK] Argentina/GFS_ENSEMBLE_Soy_PRCP/daily dia 12 (2026-08-16 → 2026-08-16) 27604 bytes
2026-08-04 09:34:54,046 [INFO] [OK] Argentina/GFS_ENSEMBLE_Soy_PRCP/daily dia 14 (2026-08-18 → 2026-08-18) 27700 bytes
2026-08-04 09:34:54,404 [INFO] [OK] Argentina/GFS_ENSEMBLE_Soy_PRCP/cumulative dia 00 (2026-08-04 → 2026-08-04) 28440 bytes
2026-08-04 09:34:54,731 [INFO] [OK] Argentina/GFS_ENSEMBLE_Soy_PRCP/cumulative dia 01 (2026-08-04 → 2026-08-05) 30263 bytes
2026-08-04 09:34:54,882 [INFO] [OK] Argentina/GFS_ENSEMBLE_Soy_PRCP/cumulative dia 02 (2026-08-04 → 2026-08-06) 32372 bytes
2026-08-04 09:34:55,214 [INFO] [OK] Argentina/GFS_ENSEMBLE_Soy_PRCP/cumulative dia 03 (2026-08-04 → 2026-08-07) 32795 bytes
2026-08-04 09:34:55,346 [INFO] [OK] Argentina/GFS_ENSEMBLE_Soy_PRCP/cumulative dia 04 (2026-08-04 → 2026-08-08) 32934 bytes
2026-08-04 09:34:55,409 [INFO] [OK] Argentina/GFS_ENSEMBLE_Soy_PRCP/cumulative dia 05 (2026-08-04 → 2026-08-09) 33138 bytes
2026-08-04 09:34:55,665 [INFO] [OK] Argentina/GFS_ENSEMBLE_Soy_PRCP/cumulative dia 06 (2026-08-04 → 2026-08-10) 33759 bytes
2026-08-04 09:34:56,053 [INFO] [OK] Argentina/GFS_ENSEMBLE_Soy_PRCP/cumulative dia 07 (2026-08-04 → 2026-08-11) 33971 bytes
2026-08-04 09:34:56,309 [INFO] [OK] Argentina/GFS_ENSEMBLE_Soy_PRCP/cumulative dia 08 (2026-08-04 → 2026-08-12) 34558 bytes
2026-08-04 09:34:56,619 [INFO] [OK] Argentina/GFS_ENSEMBLE_Soy_PRCP/cumulative dia 09 (2026-08-04 → 2026-08-13) 34773 bytes
2026-08-04 09:34:56,972 [INFO] [OK] Argentina/GFS_ENSEMBLE_Soy_PRCP/cumulative dia 11 (2026-08-04 → 2026-08-15) 35150 bytes
2026-08-04 09:34:57,035 [INFO] [OK] Argentina/GFS_ENSEMBLE_Soy_PRCP/cumulative dia 10 (2026-08-04 → 2026-08-14) 34800 bytes
2026-08-04 09:34:57,407 [INFO] [OK] Argentina/GFS_ENSEMBLE_Soy_PRCP/cumulative dia 12 (2026-08-04 → 2026-08-16) 35584 bytes
2026-08-04 09:34:57,639 [INFO] [OK] Argentina/GFS_ENSEMBLE_Corn_Winter_PRCP_DEP/daily dia 00 (2026-08-04 → 2026-08-04) 38339 bytes
2026-08-04 09:34:57,685 [INFO] [OK] Argentina/GFS_ENSEMBLE_Soy_PRCP/cumulative dia 13 (2026-08-04 → 2026-08-17) 36174 bytes
2026-08-04 09:34:57,954 [INFO] [OK] Argentina/GFS_ENSEMBLE_Soy_PRCP/cumulative dia 14 (2026-08-04 → 2026-08-18) 36498 bytes
2026-08-04 09:34:58,285 [INFO] [OK] Argentina/GFS_ENSEMBLE_Corn_Winter_PRCP_DEP/daily dia 01 (2026-08-05 → 2026-08-05) 37415 bytes
2026-08-04 09:34:58,293 [INFO] [OK] Argentina/GFS_ENSEMBLE_Corn_Winter_PRCP_DEP/daily dia 02 (2026-08-06 → 2026-08-06) 34084 bytes
2026-08-04 09:34:58,423 [INFO] [OK] Argentina/GFS_ENSEMBLE_Corn_Winter_PRCP_DEP/daily dia 03 (2026-08-07 → 2026-08-07) 32008 bytes
2026-08-04 09:34:58,820 [INFO] [OK] Argentina/GFS_ENSEMBLE_Corn_Winter_PRCP_DEP/daily dia 05 (2026-08-09 → 2026-08-09) 31309 bytes
2026-08-04 09:34:58,863 [INFO] [OK] Argentina/GFS_ENSEMBLE_Corn_Winter_PRCP_DEP/daily dia 04 (2026-08-08 → 2026-08-08) 29015 bytes
2026-08-04 09:34:59,051 [INFO] [OK] Argentina/GFS_ENSEMBLE_Corn_Winter_PRCP_DEP/daily dia 06 (2026-08-10 → 2026-08-10) 33356 bytes
2026-08-04 09:34:59,419 [INFO] [OK] Argentina/GFS_ENSEMBLE_Corn_Winter_PRCP_DEP/daily dia 07 (2026-08-11 → 2026-08-11) 36079 bytes
2026-08-04 09:34:59,421 [INFO] [OK] Argentina/GFS_ENSEMBLE_Corn_Winter_PRCP_DEP/daily dia 08 (2026-08-12 → 2026-08-12) 36531 bytes
2026-08-04 09:34:59,552 [INFO] [OK] Argentina/GFS_ENSEMBLE_Corn_Winter_PRCP_DEP/daily dia 09 (2026-08-13 → 2026-08-13) 36573 bytes
2026-08-04 09:34:59,849 [INFO] [OK] Argentina/GFS_ENSEMBLE_Corn_Winter_PRCP_DEP/daily dia 10 (2026-08-14 → 2026-08-14) 36857 bytes
2026-08-04 09:34:59,918 [INFO] [OK] Argentina/GFS_ENSEMBLE_Corn_Winter_PRCP_DEP/daily dia 11 (2026-08-15 → 2026-08-15) 41077 bytes
2026-08-04 09:35:00,133 [INFO] [OK] Argentina/GFS_ENSEMBLE_Corn_Winter_PRCP_DEP/daily dia 12 (2026-08-16 → 2026-08-16) 41983 bytes
2026-08-04 09:35:00,630 [INFO] [OK] Argentina/GFS_ENSEMBLE_Corn_Winter_PRCP_DEP/daily dia 14 (2026-08-18 → 2026-08-18) 44336 bytes
2026-08-04 09:35:00,676 [INFO] [OK] Argentina/GFS_ENSEMBLE_Corn_Winter_PRCP_DEP/daily dia 13 (2026-08-17 → 2026-08-17) 42938 bytes
2026-08-04 09:35:00,681 [INFO] [OK] Argentina/GFS_ENSEMBLE_Corn_Winter_PRCP_DEP/cumulative dia 00 (2026-08-04 → 2026-08-04) 38339 bytes
2026-08-04 09:35:00,999 [INFO] [OK] Argentina/GFS_ENSEMBLE_Corn_Winter_PRCP_DEP/cumulative dia 01 (2026-08-04 → 2026-08-05) 39495 bytes
2026-08-04 09:35:01,034 [INFO] [OK] Argentina/GFS_ENSEMBLE_Corn_Winter_PRCP_DEP/cumulative dia 02 (2026-08-04 → 2026-08-06) 37513 bytes
2026-08-04 09:35:01,283 [INFO] [OK] Argentina/GFS_ENSEMBLE_Corn_Winter_PRCP_DEP/cumulative dia 03 (2026-08-04 → 2026-08-07) 38293 bytes
2026-08-04 09:35:01,914 [INFO] [OK] Argentina/GFS_ENSEMBLE_Corn_Winter_PRCP_DEP/cumulative dia 04 (2026-08-04 → 2026-08-08) 38303 bytes
2026-08-04 09:35:02,064 [INFO] [OK] Argentina/GFS_ENSEMBLE_Corn_Winter_PRCP_DEP/cumulative dia 06 (2026-08-04 → 2026-08-10) 38761 bytes
2026-08-04 09:35:02,277 [INFO] [OK] Argentina/GFS_ENSEMBLE_Corn_Winter_PRCP_DEP/cumulative dia 05 (2026-08-04 → 2026-08-09) 39088 bytes
2026-08-04 09:35:02,403 [INFO] [OK] Argentina/GFS_ENSEMBLE_Corn_Winter_PRCP_DEP/cumulative dia 07 (2026-08-04 → 2026-08-11) 39211 bytes
2026-08-04 09:35:02,614 [INFO] [OK] Argentina/GFS_ENSEMBLE_Corn_Winter_PRCP_DEP/cumulative dia 08 (2026-08-04 → 2026-08-12) 39571 bytes
2026-08-04 09:35:02,792 [INFO] [OK] Argentina/GFS_ENSEMBLE_Corn_Winter_PRCP_DEP/cumulative dia 09 (2026-08-04 → 2026-08-13) 40255 bytes
2026-08-04 09:35:03,681 [INFO] [OK] Argentina/GFS_ENSEMBLE_Corn_Winter_PRCP_DEP/cumulative dia 10 (2026-08-04 → 2026-08-14) 40448 bytes
2026-08-04 09:35:04,292 [INFO] [OK] Argentina/GFS_ENSEMBLE_Corn_Winter_PRCP_DEP/cumulative dia 11 (2026-08-04 → 2026-08-15) 40860 bytes
2026-08-04 09:35:04,848 [INFO] [OK] Argentina/GFS_ENSEMBLE_Corn_Winter_PRCP/daily dia 00 (2026-08-04 → 2026-08-04) 26358 bytes
2026-08-04 09:35:05,477 [INFO] [OK] Argentina/GFS_ENSEMBLE_Corn_Winter_PRCP_DEP/cumulative dia 12 (2026-08-04 → 2026-08-16) 41185 bytes
2026-08-04 09:35:05,485 [INFO] [OK] Argentina/GFS_ENSEMBLE_Corn_Winter_PRCP/daily dia 01 (2026-08-05 → 2026-08-05) 26721 bytes
2026-08-04 09:35:05,484 [INFO] [OK] Argentina/GFS_ENSEMBLE_Corn_Winter_PRCP_DEP/cumulative dia 13 (2026-08-04 → 2026-08-17) 42429 bytes
2026-08-04 09:35:05,492 [INFO] [OK] Argentina/GFS_ENSEMBLE_Corn_Winter_PRCP_DEP/cumulative dia 14 (2026-08-04 → 2026-08-18) 42342 bytes
2026-08-04 09:35:05,908 [INFO] [OK] Argentina/GFS_ENSEMBLE_Corn_Winter_PRCP/daily dia 03 (2026-08-07 → 2026-08-07) 25186 bytes
2026-08-04 09:35:05,918 [INFO] [OK] Argentina/GFS_ENSEMBLE_Corn_Winter_PRCP/daily dia 02 (2026-08-06 → 2026-08-06) 28177 bytes
2026-08-04 09:35:06,700 [INFO] [OK] Argentina/GFS_ENSEMBLE_Corn_Winter_PRCP/daily dia 06 (2026-08-10 → 2026-08-10) 25254 bytes
2026-08-04 09:35:06,721 [INFO] [OK] Argentina/GFS_ENSEMBLE_Corn_Winter_PRCP/daily dia 07 (2026-08-11 → 2026-08-11) 25171 bytes
2026-08-04 09:35:06,724 [INFO] [OK] Argentina/GFS_ENSEMBLE_Corn_Winter_PRCP/daily dia 04 (2026-08-08 → 2026-08-08) 24391 bytes
2026-08-04 09:35:06,732 [INFO] [OK] Argentina/GFS_ENSEMBLE_Corn_Winter_PRCP/daily dia 05 (2026-08-09 → 2026-08-09) 24872 bytes
2026-08-04 09:35:07,034 [INFO] [OK] Argentina/GFS_ENSEMBLE_Corn_Winter_PRCP/daily dia 08 (2026-08-12 → 2026-08-12) 24988 bytes
2026-08-04 09:35:07,056 [INFO] [OK] Argentina/GFS_ENSEMBLE_Corn_Winter_PRCP/daily dia 09 (2026-08-13 → 2026-08-13) 25032 bytes
2026-08-04 09:35:07,902 [INFO] [OK] Argentina/GFS_ENSEMBLE_Corn_Winter_PRCP/daily dia 11 (2026-08-15 → 2026-08-15) 25562 bytes
2026-08-04 09:35:08,026 [INFO] [OK] Argentina/GFS_ENSEMBLE_Corn_Winter_PRCP/daily dia 13 (2026-08-17 → 2026-08-17) 26199 bytes
2026-08-04 09:35:08,085 [INFO] [OK] Argentina/GFS_ENSEMBLE_Corn_Winter_PRCP/cumulative dia 00 (2026-08-04 → 2026-08-04) 26358 bytes
2026-08-04 09:35:08,104 [INFO] [OK] Argentina/GFS_ENSEMBLE_Corn_Winter_PRCP/daily dia 10 (2026-08-14 → 2026-08-14) 24812 bytes
2026-08-04 09:35:08,152 [INFO] [OK] Argentina/GFS_ENSEMBLE_Corn_Winter_PRCP/daily dia 14 (2026-08-18 → 2026-08-18) 25994 bytes
2026-08-04 09:35:08,164 [INFO] [OK] Argentina/GFS_ENSEMBLE_Corn_Winter_PRCP/daily dia 12 (2026-08-16 → 2026-08-16) 25914 bytes
2026-08-04 09:35:09,287 [INFO] [OK] Argentina/GFS_ENSEMBLE_Corn_Winter_PRCP/cumulative dia 01 (2026-08-04 → 2026-08-05) 28304 bytes
2026-08-04 09:35:09,448 [INFO] [OK] Argentina/GFS_ENSEMBLE_Corn_Winter_PRCP/cumulative dia 02 (2026-08-04 → 2026-08-06) 30416 bytes
2026-08-04 09:35:09,452 [INFO] [OK] Argentina/GFS_ENSEMBLE_Corn_Winter_PRCP/cumulative dia 03 (2026-08-04 → 2026-08-07) 30936 bytes
2026-08-04 09:35:09,533 [INFO] [OK] Argentina/GFS_ENSEMBLE_Corn_Winter_PRCP/cumulative dia 04 (2026-08-04 → 2026-08-08) 31100 bytes
2026-08-04 09:35:09,574 [INFO] [OK] Argentina/GFS_ENSEMBLE_Corn_Winter_PRCP/cumulative dia 05 (2026-08-04 → 2026-08-09) 31280 bytes
2026-08-04 09:35:09,623 [INFO] [OK] Argentina/GFS_ENSEMBLE_Corn_Winter_PRCP/cumulative dia 06 (2026-08-04 → 2026-08-10) 31908 bytes
2026-08-04 09:35:10,719 [INFO] [OK] Argentina/GFS_ENSEMBLE_Corn_Winter_PRCP/cumulative dia 07 (2026-08-04 → 2026-08-11) 32043 bytes
2026-08-04 09:35:11,304 [INFO] [OK] Argentina/GFS_ENSEMBLE_Corn_Winter_PRCP/cumulative dia 08 (2026-08-04 → 2026-08-12) 32621 bytes
2026-08-04 09:35:11,310 [INFO] [OK] Argentina/GFS_ENSEMBLE_Corn_Winter_PRCP/cumulative dia 09 (2026-08-04 → 2026-08-13) 32938 bytes
2026-08-04 09:35:11,365 [INFO] [OK] Argentina/GFS_ENSEMBLE_Corn_Winter_PRCP/cumulative dia 11 (2026-08-04 → 2026-08-15) 33216 bytes
2026-08-04 09:35:11,492 [INFO] [OK] Argentina/GFS_ENSEMBLE_Corn_Winter_PRCP/cumulative dia 12 (2026-08-04 → 2026-08-16) 33718 bytes
2026-08-04 09:35:11,560 [INFO] [OK] Argentina/GFS_ENSEMBLE_Corn_Winter_PRCP/cumulative dia 10 (2026-08-04 → 2026-08-14) 32863 bytes
2026-08-04 09:35:12,363 [INFO] [OK] Argentina/GFS_ENSEMBLE_Corn_Winter_PRCP/cumulative dia 13 (2026-08-04 → 2026-08-17) 34405 bytes
2026-08-04 09:35:12,463 [INFO] [OK] Argentina/ECM_ENSEMBLE_Soy_PRCP_DEP/daily dia 01 (2026-08-05 → 2026-08-05) 40788 bytes
2026-08-04 09:35:12,464 [INFO] [OK] Argentina/ECM_ENSEMBLE_Soy_PRCP_DEP/daily dia 00 (2026-08-04 → 2026-08-04) 41018 bytes
2026-08-04 09:35:12,535 [INFO] [OK] Argentina/ECM_ENSEMBLE_Soy_PRCP_DEP/daily dia 02 (2026-08-06 → 2026-08-06) 39540 bytes
2026-08-04 09:35:12,684 [INFO] [OK] Argentina/ECM_ENSEMBLE_Soy_PRCP_DEP/daily dia 03 (2026-08-07 → 2026-08-07) 37213 bytes
2026-08-04 09:35:12,961 [INFO] [OK] Argentina/GFS_ENSEMBLE_Corn_Winter_PRCP/cumulative dia 14 (2026-08-04 → 2026-08-18) 34507 bytes
2026-08-04 09:35:13,418 [INFO] [OK] Argentina/ECM_ENSEMBLE_Soy_PRCP_DEP/daily dia 04 (2026-08-08 → 2026-08-08) 37780 bytes
2026-08-04 09:35:13,571 [INFO] [OK] Argentina/ECM_ENSEMBLE_Soy_PRCP_DEP/daily dia 06 (2026-08-10 → 2026-08-10) 39776 bytes
2026-08-04 09:35:13,574 [INFO] [OK] Argentina/ECM_ENSEMBLE_Soy_PRCP_DEP/daily dia 05 (2026-08-09 → 2026-08-09) 38759 bytes
2026-08-04 09:35:13,622 [INFO] [OK] Argentina/ECM_ENSEMBLE_Soy_PRCP_DEP/daily dia 07 (2026-08-11 → 2026-08-11) 41260 bytes
2026-08-04 09:35:13,776 [INFO] [OK] Argentina/ECM_ENSEMBLE_Soy_PRCP_DEP/daily dia 08 (2026-08-12 → 2026-08-12) 42198 bytes
2026-08-04 09:35:14,084 [INFO] [OK] Argentina/ECM_ENSEMBLE_Soy_PRCP_DEP/daily dia 09 (2026-08-13 → 2026-08-13) 43843 bytes
2026-08-04 09:35:14,567 [INFO] [OK] Argentina/ECM_ENSEMBLE_Soy_PRCP_DEP/daily dia 10 (2026-08-14 → 2026-08-14) 45050 bytes
2026-08-04 09:35:14,699 [INFO] [OK] Argentina/ECM_ENSEMBLE_Soy_PRCP_DEP/daily dia 13 (2026-08-17 → 2026-08-17) 42170 bytes
2026-08-04 09:35:14,859 [INFO] [OK] Argentina/ECM_ENSEMBLE_Soy_PRCP_DEP/daily dia 12 (2026-08-16 → 2026-08-16) 41180 bytes
2026-08-04 09:35:14,871 [INFO] [OK] Argentina/ECM_ENSEMBLE_Soy_PRCP_DEP/daily dia 11 (2026-08-15 → 2026-08-15) 40249 bytes
2026-08-04 09:35:15,018 [INFO] [OK] Argentina/ECM_ENSEMBLE_Soy_PRCP_DEP/daily dia 14 (2026-08-18 → 2026-08-18) 44996 bytes
2026-08-04 09:35:15,139 [INFO] [OK] Argentina/ECM_ENSEMBLE_Soy_PRCP_DEP/cumulative dia 00 (2026-08-04 → 2026-08-04) 41018 bytes
2026-08-04 09:35:15,660 [INFO] [OK] Argentina/ECM_ENSEMBLE_Soy_PRCP_DEP/cumulative dia 01 (2026-08-04 → 2026-08-05) 41517 bytes
2026-08-04 09:35:15,864 [INFO] [OK] Argentina/ECM_ENSEMBLE_Soy_PRCP_DEP/cumulative dia 02 (2026-08-04 → 2026-08-06) 39574 bytes
2026-08-04 09:35:16,070 [INFO] [OK] Argentina/ECM_ENSEMBLE_Soy_PRCP_DEP/cumulative dia 03 (2026-08-04 → 2026-08-07) 39495 bytes
2026-08-04 09:35:16,247 [INFO] [OK] Argentina/ECM_ENSEMBLE_Soy_PRCP_DEP/cumulative dia 04 (2026-08-04 → 2026-08-08) 40336 bytes
2026-08-04 09:35:17,665 [INFO] [OK] Argentina/ECM_ENSEMBLE_Soy_PRCP_DEP/cumulative dia 05 (2026-08-04 → 2026-08-09) 41167 bytes
2026-08-04 09:35:17,670 [INFO] [OK] Argentina/ECM_ENSEMBLE_Soy_PRCP_DEP/cumulative dia 06 (2026-08-04 → 2026-08-10) 42248 bytes
2026-08-04 09:35:17,672 [INFO] [OK] Argentina/ECM_ENSEMBLE_Soy_PRCP_DEP/cumulative dia 08 (2026-08-04 → 2026-08-12) 42979 bytes
2026-08-04 09:35:18,181 [INFO] [OK] Argentina/ECM_ENSEMBLE_Soy_PRCP_DEP/cumulative dia 10 (2026-08-04 → 2026-08-14) 42558 bytes
2026-08-04 09:35:18,511 [INFO] [OK] Argentina/ECM_ENSEMBLE_Soy_PRCP_DEP/cumulative dia 07 (2026-08-04 → 2026-08-11) 43087 bytes
2026-08-04 09:35:18,525 [INFO] [OK] Argentina/ECM_ENSEMBLE_Soy_PRCP_DEP/cumulative dia 09 (2026-08-04 → 2026-08-13) 42572 bytes
2026-08-04 09:35:32,439 [INFO] [OK] Argentina/ECM_ENSEMBLE_Soy_PRCP_DEP/cumulative dia 11 (2026-08-04 → 2026-08-15) 41622 bytes
2026-08-04 09:35:32,439 [INFO] [OK] Argentina/ECM_ENSEMBLE_Soy_PRCP_DEP/cumulative dia 13 (2026-08-04 → 2026-08-17) 41538 bytes
2026-08-04 09:35:32,495 [INFO] [OK] Argentina/ECM_ENSEMBLE_Soy_PRCP/daily dia 00 (2026-08-04 → 2026-08-04) 29627 bytes
2026-08-04 09:35:32,498 [INFO] [OK] Argentina/ECM_ENSEMBLE_Soy_PRCP/daily dia 01 (2026-08-05 → 2026-08-05) 29774 bytes
2026-08-04 09:35:32,499 [INFO] [OK] Argentina/ECM_ENSEMBLE_Soy_PRCP_DEP/cumulative dia 14 (2026-08-04 → 2026-08-18) 41384 bytes
2026-08-04 09:35:32,503 [INFO] [OK] Argentina/ECM_ENSEMBLE_Soy_PRCP_DEP/cumulative dia 12 (2026-08-04 → 2026-08-16) 40987 bytes
2026-08-04 09:35:34,028 [INFO] [OK] Argentina/ECM_ENSEMBLE_Soy_PRCP/daily dia 04 (2026-08-08 → 2026-08-08) 27457 bytes
2026-08-04 09:35:34,102 [INFO] [OK] Argentina/ECM_ENSEMBLE_Soy_PRCP/daily dia 06 (2026-08-10 → 2026-08-10) 28292 bytes
2026-08-04 09:35:34,111 [INFO] [OK] Argentina/ECM_ENSEMBLE_Soy_PRCP/daily dia 02 (2026-08-06 → 2026-08-06) 31125 bytes
2026-08-04 09:35:34,386 [INFO] [OK] Argentina/ECM_ENSEMBLE_Soy_PRCP/daily dia 03 (2026-08-07 → 2026-08-07) 28423 bytes
2026-08-04 09:35:34,398 [INFO] [OK] Argentina/ECM_ENSEMBLE_Soy_PRCP/daily dia 07 (2026-08-11 → 2026-08-11) 27626 bytes
2026-08-04 09:35:34,402 [INFO] [OK] Argentina/ECM_ENSEMBLE_Soy_PRCP/daily dia 05 (2026-08-09 → 2026-08-09) 28221 bytes
2026-08-04 09:35:35,906 [INFO] [OK] Argentina/ECM_ENSEMBLE_Soy_PRCP/daily dia 09 (2026-08-13 → 2026-08-13) 28054 bytes
2026-08-04 09:35:35,908 [INFO] [OK] Argentina/ECM_ENSEMBLE_Soy_PRCP/daily dia 08 (2026-08-12 → 2026-08-12) 28160 bytes
2026-08-04 09:35:35,910 [INFO] [OK] Argentina/ECM_ENSEMBLE_Soy_PRCP/daily dia 10 (2026-08-14 → 2026-08-14) 28230 bytes
2026-08-04 09:35:35,912 [INFO] [OK] Argentina/ECM_ENSEMBLE_Soy_PRCP/daily dia 13 (2026-08-17 → 2026-08-17) 29271 bytes
2026-08-04 09:35:36,093 [INFO] [OK] Argentina/ECM_ENSEMBLE_Soy_PRCP/daily dia 12 (2026-08-16 → 2026-08-16) 29378 bytes
2026-08-04 09:35:36,096 [INFO] [OK] Argentina/ECM_ENSEMBLE_Soy_PRCP/daily dia 11 (2026-08-15 → 2026-08-15) 29098 bytes
2026-08-04 09:35:37,050 [INFO] [OK] Argentina/ECM_ENSEMBLE_Soy_PRCP/cumulative dia 02 (2026-08-04 → 2026-08-06) 34141 bytes
2026-08-04 09:35:37,087 [INFO] [OK] Argentina/ECM_ENSEMBLE_Soy_PRCP/daily dia 14 (2026-08-18 → 2026-08-18) 27219 bytes
2026-08-04 09:35:37,119 [INFO] [OK] Argentina/ECM_ENSEMBLE_Soy_PRCP/cumulative dia 00 (2026-08-04 → 2026-08-04) 29627 bytes
2026-08-04 09:35:37,344 [INFO] [OK] Argentina/ECM_ENSEMBLE_Soy_PRCP/cumulative dia 01 (2026-08-04 → 2026-08-05) 31541 bytes
2026-08-04 09:35:37,511 [INFO] [OK] Argentina/ECM_ENSEMBLE_Soy_PRCP/cumulative dia 04 (2026-08-04 → 2026-08-08) 35034 bytes
2026-08-04 09:35:37,616 [INFO] [OK] Argentina/ECM_ENSEMBLE_Soy_PRCP/cumulative dia 03 (2026-08-04 → 2026-08-07) 34609 bytes
2026-08-04 09:35:38,306 [INFO] [OK] Argentina/ECM_ENSEMBLE_Soy_PRCP/cumulative dia 05 (2026-08-04 → 2026-08-09) 35704 bytes
2026-08-04 09:35:38,443 [INFO] [OK] Argentina/ECM_ENSEMBLE_Soy_PRCP/cumulative dia 06 (2026-08-04 → 2026-08-10) 36335 bytes
2026-08-04 09:35:38,498 [INFO] [OK] Argentina/ECM_ENSEMBLE_Soy_PRCP/cumulative dia 07 (2026-08-04 → 2026-08-11) 36592 bytes
2026-08-04 09:35:39,587 [INFO] [OK] Argentina/ECM_ENSEMBLE_Soy_PRCP/cumulative dia 09 (2026-08-04 → 2026-08-13) 37343 bytes
2026-08-04 09:35:39,619 [INFO] [OK] Argentina/ECM_ENSEMBLE_Soy_PRCP/cumulative dia 08 (2026-08-04 → 2026-08-12) 37124 bytes
2026-08-04 09:35:39,663 [INFO] [OK] Argentina/ECM_ENSEMBLE_Soy_PRCP/cumulative dia 10 (2026-08-04 → 2026-08-14) 37555 bytes
2026-08-04 09:35:40,282 [INFO] [OK] Argentina/ECM_ENSEMBLE_Soy_PRCP/cumulative dia 11 (2026-08-04 → 2026-08-15) 37946 bytes
2026-08-04 09:35:40,293 [INFO] [OK] Argentina/ECM_ENSEMBLE_Soy_PRCP/cumulative dia 12 (2026-08-04 → 2026-08-16) 38191 bytes
2026-08-04 09:35:40,300 [INFO] [OK] Argentina/ECM_ENSEMBLE_Soy_PRCP/cumulative dia 13 (2026-08-04 → 2026-08-17) 38360 bytes
2026-08-04 09:35:41,222 [INFO] [OK] Argentina/ECM_ENSEMBLE_Soy_PRCP/cumulative dia 14 (2026-08-04 → 2026-08-18) 38674 bytes
2026-08-04 09:35:41,327 [INFO] [OK] Argentina/ECM_ENSEMBLE_Corn_Winter_PRCP_DEP/daily dia 01 (2026-08-05 → 2026-08-05) 39079 bytes
2026-08-04 09:35:41,328 [INFO] [OK] Argentina/ECM_ENSEMBLE_Corn_Winter_PRCP_DEP/daily dia 04 (2026-08-08 → 2026-08-08) 36000 bytes
2026-08-04 09:35:41,498 [INFO] [OK] Argentina/ECM_ENSEMBLE_Corn_Winter_PRCP_DEP/daily dia 03 (2026-08-07 → 2026-08-07) 35570 bytes
2026-08-04 09:35:41,513 [INFO] [OK] Argentina/ECM_ENSEMBLE_Corn_Winter_PRCP_DEP/daily dia 02 (2026-08-06 → 2026-08-06) 37843 bytes
2026-08-04 09:35:41,594 [INFO] [OK] Argentina/ECM_ENSEMBLE_Corn_Winter_PRCP_DEP/daily dia 00 (2026-08-04 → 2026-08-04) 39559 bytes
2026-08-04 09:35:42,862 [INFO] [OK] Argentina/ECM_ENSEMBLE_Corn_Winter_PRCP_DEP/daily dia 05 (2026-08-09 → 2026-08-09) 36886 bytes
2026-08-04 09:35:43,436 [INFO] [OK] Argentina/ECM_ENSEMBLE_Corn_Winter_PRCP_DEP/daily dia 06 (2026-08-10 → 2026-08-10) 38094 bytes
2026-08-04 09:35:43,440 [INFO] [OK] Argentina/ECM_ENSEMBLE_Corn_Winter_PRCP_DEP/daily dia 10 (2026-08-14 → 2026-08-14) 43351 bytes
2026-08-04 09:35:43,442 [INFO] [OK] Argentina/ECM_ENSEMBLE_Corn_Winter_PRCP_DEP/daily dia 09 (2026-08-13 → 2026-08-13) 42272 bytes
2026-08-04 09:35:43,449 [INFO] [OK] Argentina/ECM_ENSEMBLE_Corn_Winter_PRCP_DEP/daily dia 08 (2026-08-12 → 2026-08-12) 40443 bytes
2026-08-04 09:35:43,450 [INFO] [OK] Argentina/ECM_ENSEMBLE_Corn_Winter_PRCP_DEP/daily dia 07 (2026-08-11 → 2026-08-11) 39538 bytes
2026-08-04 09:35:44,298 [INFO] [OK] Argentina/ECM_ENSEMBLE_Corn_Winter_PRCP_DEP/daily dia 11 (2026-08-15 → 2026-08-15) 38842 bytes
2026-08-04 09:35:44,577 [INFO] [OK] Argentina/ECM_ENSEMBLE_Corn_Winter_PRCP_DEP/daily dia 14 (2026-08-18 → 2026-08-18) 43632 bytes
2026-08-04 09:35:44,577 [INFO] [OK] Argentina/ECM_ENSEMBLE_Corn_Winter_PRCP_DEP/daily dia 12 (2026-08-16 → 2026-08-16) 39718 bytes
2026-08-04 09:35:44,715 [INFO] [OK] Argentina/ECM_ENSEMBLE_Corn_Winter_PRCP_DEP/daily dia 13 (2026-08-17 → 2026-08-17) 40449 bytes
2026-08-04 09:35:46,046 [INFO] [OK] Argentina/ECM_ENSEMBLE_Corn_Winter_PRCP_DEP/cumulative dia 03 (2026-08-04 → 2026-08-07) 37835 bytes
2026-08-04 09:35:46,049 [INFO] [OK] Argentina/ECM_ENSEMBLE_Corn_Winter_PRCP_DEP/cumulative dia 02 (2026-08-04 → 2026-08-06) 37925 bytes
2026-08-04 09:35:46,051 [INFO] [OK] Argentina/ECM_ENSEMBLE_Corn_Winter_PRCP_DEP/cumulative dia 00 (2026-08-04 → 2026-08-04) 39559 bytes
2026-08-04 09:35:46,054 [INFO] [OK] Argentina/ECM_ENSEMBLE_Corn_Winter_PRCP_DEP/cumulative dia 01 (2026-08-04 → 2026-08-05) 39825 bytes
2026-08-04 09:35:46,349 [INFO] [OK] Argentina/ECM_ENSEMBLE_Corn_Winter_PRCP_DEP/cumulative dia 04 (2026-08-04 → 2026-08-08) 38650 bytes
2026-08-04 09:35:46,380 [INFO] [OK] Argentina/ECM_ENSEMBLE_Corn_Winter_PRCP_DEP/cumulative dia 05 (2026-08-04 → 2026-08-09) 39092 bytes
2026-08-04 09:35:47,448 [INFO] [OK] Argentina/ECM_ENSEMBLE_Corn_Winter_PRCP_DEP/cumulative dia 06 (2026-08-04 → 2026-08-10) 40477 bytes
2026-08-04 09:35:48,599 [INFO] [OK] Argentina/ECM_ENSEMBLE_Corn_Winter_PRCP_DEP/cumulative dia 11 (2026-08-04 → 2026-08-15) 39969 bytes
2026-08-04 09:35:49,128 [INFO] [OK] Argentina/ECM_ENSEMBLE_Corn_Winter_PRCP_DEP/cumulative dia 07 (2026-08-04 → 2026-08-11) 41464 bytes
2026-08-04 09:35:49,131 [INFO] [OK] Argentina/ECM_ENSEMBLE_Corn_Winter_PRCP_DEP/cumulative dia 09 (2026-08-04 → 2026-08-13) 40884 bytes
2026-08-04 09:35:49,135 [INFO] [OK] Argentina/ECM_ENSEMBLE_Corn_Winter_PRCP_DEP/cumulative dia 10 (2026-08-04 → 2026-08-14) 40810 bytes
2026-08-04 09:35:49,135 [INFO] [OK] Argentina/ECM_ENSEMBLE_Corn_Winter_PRCP_DEP/cumulative dia 08 (2026-08-04 → 2026-08-12) 41091 bytes
2026-08-04 09:35:49,614 [INFO] [OK] Argentina/ECM_ENSEMBLE_Corn_Winter_PRCP_DEP/cumulative dia 12 (2026-08-04 → 2026-08-16) 39249 bytes
2026-08-04 09:35:52,360 [INFO] [OK] Argentina/ECM_ENSEMBLE_Corn_Winter_PRCP_DEP/cumulative dia 13 (2026-08-04 → 2026-08-17) 39677 bytes
2026-08-04 09:35:52,665 [INFO] [OK] Argentina/ECM_ENSEMBLE_Corn_Winter_PRCP/daily dia 01 (2026-08-05 → 2026-08-05) 27871 bytes
2026-08-04 09:35:52,666 [INFO] [OK] Argentina/ECM_ENSEMBLE_Corn_Winter_PRCP/daily dia 02 (2026-08-06 → 2026-08-06) 29250 bytes
2026-08-04 09:35:52,669 [INFO] [OK] Argentina/ECM_ENSEMBLE_Corn_Winter_PRCP/daily dia 03 (2026-08-07 → 2026-08-07) 26529 bytes
2026-08-04 09:35:52,683 [INFO] [OK] Argentina/ECM_ENSEMBLE_Corn_Winter_PRCP/daily dia 00 (2026-08-04 → 2026-08-04) 27648 bytes
2026-08-04 09:35:52,686 [INFO] [OK] Argentina/ECM_ENSEMBLE_Corn_Winter_PRCP_DEP/cumulative dia 14 (2026-08-04 → 2026-08-18) 39515 bytes
2026-08-04 09:35:53,662 [INFO] [OK] Argentina/ECM_ENSEMBLE_Corn_Winter_PRCP/daily dia 04 (2026-08-08 → 2026-08-08) 25663 bytes
2026-08-04 09:35:53,735 [INFO] [OK] Argentina/ECM_ENSEMBLE_Corn_Winter_PRCP/daily dia 08 (2026-08-12 → 2026-08-12) 26341 bytes
2026-08-04 09:35:53,812 [INFO] [OK] Argentina/ECM_ENSEMBLE_Corn_Winter_PRCP/daily dia 07 (2026-08-11 → 2026-08-11) 25872 bytes
2026-08-04 09:35:53,834 [INFO] [OK] Argentina/ECM_ENSEMBLE_Corn_Winter_PRCP/daily dia 06 (2026-08-10 → 2026-08-10) 26359 bytes
2026-08-04 09:35:53,875 [INFO] [OK] Argentina/ECM_ENSEMBLE_Corn_Winter_PRCP/daily dia 05 (2026-08-09 → 2026-08-09) 26464 bytes
2026-08-04 09:35:53,928 [INFO] [OK] Argentina/ECM_ENSEMBLE_Corn_Winter_PRCP/daily dia 09 (2026-08-13 → 2026-08-13) 26382 bytes
2026-08-04 09:35:54,693 [INFO] [OK] Argentina/ECM_ENSEMBLE_Corn_Winter_PRCP/daily dia 10 (2026-08-14 → 2026-08-14) 26460 bytes
2026-08-04 09:35:54,956 [INFO] [OK] Argentina/ECM_ENSEMBLE_Corn_Winter_PRCP/daily dia 13 (2026-08-17 → 2026-08-17) 27482 bytes
2026-08-04 09:35:54,963 [INFO] [OK] Argentina/ECM_ENSEMBLE_Corn_Winter_PRCP/daily dia 11 (2026-08-15 → 2026-08-15) 27296 bytes
2026-08-04 09:35:54,972 [INFO] [OK] Argentina/ECM_ENSEMBLE_Corn_Winter_PRCP/daily dia 12 (2026-08-16 → 2026-08-16) 27567 bytes
2026-08-04 09:35:54,974 [INFO] [OK] Argentina/ECM_ENSEMBLE_Corn_Winter_PRCP/daily dia 14 (2026-08-18 → 2026-08-18) 25441 bytes
2026-08-04 09:35:55,131 [INFO] [OK] Argentina/ECM_ENSEMBLE_Corn_Winter_PRCP/cumulative dia 00 (2026-08-04 → 2026-08-04) 27648 bytes
2026-08-04 09:35:55,759 [INFO] [OK] Argentina/ECM_ENSEMBLE_Corn_Winter_PRCP/cumulative dia 01 (2026-08-04 → 2026-08-05) 29544 bytes
2026-08-04 09:35:56,396 [INFO] [OK] Argentina/ECM_ENSEMBLE_Corn_Winter_PRCP/cumulative dia 03 (2026-08-04 → 2026-08-07) 32748 bytes
2026-08-04 09:35:56,943 [INFO] [OK] Argentina/ECM_ENSEMBLE_Corn_Winter_PRCP/cumulative dia 05 (2026-08-04 → 2026-08-09) 33754 bytes
2026-08-04 09:35:57,811 [INFO] [OK] Argentina/ECM_ENSEMBLE_Corn_Winter_PRCP/cumulative dia 06 (2026-08-04 → 2026-08-10) 34507 bytes
2026-08-04 09:35:57,828 [INFO] [OK] Argentina/ECM_ENSEMBLE_Corn_Winter_PRCP/cumulative dia 02 (2026-08-04 → 2026-08-06) 32363 bytes
2026-08-04 09:35:57,920 [INFO] [OK] Argentina/ECM_ENSEMBLE_Corn_Winter_PRCP/cumulative dia 04 (2026-08-04 → 2026-08-08) 33117 bytes
2026-08-04 09:35:58,006 [INFO] [OK] Argentina/ECM_ENSEMBLE_Corn_Winter_PRCP/cumulative dia 07 (2026-08-04 → 2026-08-11) 34708 bytes
2026-08-04 09:35:59,351 [INFO] [OK] Argentina/ECM_ENSEMBLE_Corn_Winter_PRCP/cumulative dia 08 (2026-08-04 → 2026-08-12) 35321 bytes
2026-08-04 09:35:59,354 [INFO] [OK] Argentina/ECM_ENSEMBLE_Corn_Winter_PRCP/cumulative dia 09 (2026-08-04 → 2026-08-13) 35559 bytes
2026-08-04 09:35:59,447 [INFO] [OK] Argentina/ECM_ENSEMBLE_Corn_Winter_PRCP/cumulative dia 10 (2026-08-04 → 2026-08-14) 35889 bytes
2026-08-04 09:35:59,796 [INFO] [OK] Argentina/ECM_ENSEMBLE_Corn_Winter_PRCP/cumulative dia 11 (2026-08-04 → 2026-08-15) 36467 bytes
2026-08-04 09:36:00,415 [INFO] [OK] Argentina/ECM_ENSEMBLE_Corn_Winter_PRCP/cumulative dia 13 (2026-08-04 → 2026-08-17) 36727 bytes
2026-08-04 09:36:00,855 [INFO] [OK] Argentina/ECM_ENSEMBLE_Corn_Winter_PRCP/cumulative dia 12 (2026-08-04 → 2026-08-16) 36406 bytes
2026-08-04 09:36:01,073 [INFO] [OK] USA/GFS_ENSEMBLE_Corn_PRCP_DEP/daily dia 00 (2026-08-04 → 2026-08-04) 45307 bytes
2026-08-04 09:36:01,294 [INFO] [OK] Argentina/ECM_ENSEMBLE_Corn_Winter_PRCP/cumulative dia 14 (2026-08-04 → 2026-08-18) 36962 bytes
2026-08-04 09:36:01,490 [INFO] [OK] USA/GFS_ENSEMBLE_Corn_PRCP_DEP/daily dia 01 (2026-08-05 → 2026-08-05) 49286 bytes
2026-08-04 09:36:01,934 [INFO] [OK] USA/GFS_ENSEMBLE_Corn_PRCP_DEP/daily dia 02 (2026-08-06 → 2026-08-06) 51618 bytes
2026-08-04 09:36:02,328 [INFO] [OK] USA/GFS_ENSEMBLE_Corn_PRCP_DEP/daily dia 03 (2026-08-07 → 2026-08-07) 51179 bytes
2026-08-04 09:36:04,332 [INFO] [OK] USA/GFS_ENSEMBLE_Corn_PRCP_DEP/daily dia 05 (2026-08-09 → 2026-08-09) 53758 bytes
2026-08-04 09:36:04,347 [INFO] [OK] USA/GFS_ENSEMBLE_Corn_PRCP_DEP/daily dia 04 (2026-08-08 → 2026-08-08) 51589 bytes
2026-08-04 09:36:04,348 [INFO] [OK] USA/GFS_ENSEMBLE_Corn_PRCP_DEP/daily dia 07 (2026-08-11 → 2026-08-11) 57702 bytes
2026-08-04 09:36:04,348 [INFO] [OK] USA/GFS_ENSEMBLE_Corn_PRCP_DEP/daily dia 09 (2026-08-13 → 2026-08-13) 60955 bytes
2026-08-04 09:36:04,348 [INFO] [OK] USA/GFS_ENSEMBLE_Corn_PRCP_DEP/daily dia 08 (2026-08-12 → 2026-08-12) 59704 bytes
2026-08-04 09:36:04,385 [INFO] [OK] USA/GFS_ENSEMBLE_Corn_PRCP_DEP/daily dia 06 (2026-08-10 → 2026-08-10) 56103 bytes
2026-08-04 09:36:06,087 [INFO] [OK] USA/GFS_ENSEMBLE_Corn_PRCP_DEP/daily dia 12 (2026-08-16 → 2026-08-16) 59619 bytes
2026-08-04 09:36:06,980 [INFO] [OK] USA/GFS_ENSEMBLE_Corn_PRCP_DEP/daily dia 10 (2026-08-14 → 2026-08-14) 60617 bytes
2026-08-04 09:36:07,014 [INFO] [OK] USA/GFS_ENSEMBLE_Corn_PRCP_DEP/daily dia 11 (2026-08-15 → 2026-08-15) 60128 bytes
2026-08-04 09:36:07,015 [INFO] [OK] USA/GFS_ENSEMBLE_Corn_PRCP_DEP/daily dia 14 (2026-08-18 → 2026-08-18) 60067 bytes
2026-08-04 09:36:07,672 [INFO] [OK] USA/GFS_ENSEMBLE_Corn_PRCP_DEP/daily dia 13 (2026-08-17 → 2026-08-17) 62048 bytes
2026-08-04 09:36:07,780 [INFO] [OK] USA/GFS_ENSEMBLE_Corn_PRCP_DEP/cumulative dia 00 (2026-08-04 → 2026-08-04) 45307 bytes
2026-08-04 09:36:07,904 [INFO] [OK] USA/GFS_ENSEMBLE_Corn_PRCP_DEP/cumulative dia 01 (2026-08-04 → 2026-08-05) 49239 bytes
2026-08-04 09:36:09,952 [INFO] [OK] USA/GFS_ENSEMBLE_Corn_PRCP_DEP/cumulative dia 02 (2026-08-04 → 2026-08-06) 51140 bytes
2026-08-04 09:36:09,958 [INFO] [OK] USA/GFS_ENSEMBLE_Corn_PRCP_DEP/cumulative dia 04 (2026-08-04 → 2026-08-08) 52071 bytes
2026-08-04 09:36:10,228 [INFO] [OK] USA/GFS_ENSEMBLE_Corn_PRCP_DEP/cumulative dia 03 (2026-08-04 → 2026-08-07) 51549 bytes
2026-08-04 09:36:10,669 [INFO] [OK] USA/GFS_ENSEMBLE_Corn_PRCP_DEP/cumulative dia 06 (2026-08-04 → 2026-08-10) 53516 bytes
2026-08-04 09:36:10,669 [INFO] [OK] USA/GFS_ENSEMBLE_Corn_PRCP_DEP/cumulative dia 05 (2026-08-04 → 2026-08-09) 52705 bytes
2026-08-04 09:36:10,679 [INFO] [OK] USA/GFS_ENSEMBLE_Corn_PRCP_DEP/cumulative dia 07 (2026-08-04 → 2026-08-11) 54667 bytes
2026-08-04 09:36:12,625 [INFO] [OK] USA/GFS_ENSEMBLE_Corn_PRCP_DEP/cumulative dia 08 (2026-08-04 → 2026-08-12) 56500 bytes
2026-08-04 09:36:13,030 [INFO] [OK] USA/GFS_ENSEMBLE_Corn_PRCP_DEP/cumulative dia 09 (2026-08-04 → 2026-08-13) 56916 bytes
2026-08-04 09:36:13,511 [INFO] [OK] USA/GFS_ENSEMBLE_Corn_PRCP_DEP/cumulative dia 10 (2026-08-04 → 2026-08-14) 57595 bytes
2026-08-04 09:36:14,323 [INFO] [OK] USA/GFS_ENSEMBLE_Corn_PRCP_DEP/cumulative dia 12 (2026-08-04 → 2026-08-16) 58840 bytes
2026-08-04 09:36:14,338 [INFO] [OK] USA/GFS_ENSEMBLE_Corn_PRCP_DEP/cumulative dia 13 (2026-08-04 → 2026-08-17) 59635 bytes
2026-08-04 09:36:14,343 [INFO] [OK] USA/GFS_ENSEMBLE_Corn_PRCP_DEP/cumulative dia 11 (2026-08-04 → 2026-08-15) 58306 bytes
2026-08-04 09:36:16,263 [INFO] [OK] USA/GFS_ENSEMBLE_Corn_PRCP_DEP/cumulative dia 14 (2026-08-04 → 2026-08-18) 59735 bytes
2026-08-04 09:36:16,518 [INFO] [OK] USA/GFS_ENSEMBLE_Corn_PRCP/daily dia 01 (2026-08-05 → 2026-08-05) 37835 bytes
2026-08-04 09:36:17,777 [INFO] [OK] USA/GFS_ENSEMBLE_Corn_PRCP/daily dia 04 (2026-08-08 → 2026-08-08) 35904 bytes
2026-08-04 09:36:17,819 [INFO] [OK] USA/GFS_ENSEMBLE_Corn_PRCP/daily dia 03 (2026-08-07 → 2026-08-07) 36175 bytes
2026-08-04 09:36:17,826 [INFO] [OK] USA/GFS_ENSEMBLE_Corn_PRCP/daily dia 00 (2026-08-04 → 2026-08-04) 36332 bytes
2026-08-04 09:36:17,835 [INFO] [OK] USA/GFS_ENSEMBLE_Corn_PRCP/daily dia 02 (2026-08-06 → 2026-08-06) 36884 bytes
2026-08-04 09:36:18,255 [INFO] [OK] USA/GFS_ENSEMBLE_Corn_PRCP/daily dia 05 (2026-08-09 → 2026-08-09) 36029 bytes
2026-08-04 09:36:18,564 [INFO] [OK] USA/GFS_ENSEMBLE_Corn_PRCP/daily dia 06 (2026-08-10 → 2026-08-10) 37137 bytes
2026-08-04 09:36:19,415 [INFO] [OK] USA/GFS_ENSEMBLE_Corn_PRCP/daily dia 09 (2026-08-13 → 2026-08-13) 36994 bytes
2026-08-04 09:36:19,584 [INFO] [OK] USA/GFS_ENSEMBLE_Corn_PRCP/daily dia 07 (2026-08-11 → 2026-08-11) 37275 bytes
2026-08-04 09:36:19,585 [INFO] [OK] USA/GFS_ENSEMBLE_Corn_PRCP/daily dia 10 (2026-08-14 → 2026-08-14) 36033 bytes
2026-08-04 09:36:19,726 [INFO] [OK] USA/GFS_ENSEMBLE_Corn_PRCP/daily dia 08 (2026-08-12 → 2026-08-12) 37534 bytes
2026-08-04 09:36:19,944 [INFO] [OK] USA/GFS_ENSEMBLE_Corn_PRCP/daily dia 11 (2026-08-15 → 2026-08-15) 36838 bytes
2026-08-04 09:36:20,112 [INFO] [OK] USA/GFS_ENSEMBLE_Corn_PRCP/daily dia 12 (2026-08-16 → 2026-08-16) 36423 bytes
2026-08-04 09:36:21,045 [INFO] [OK] USA/GFS_ENSEMBLE_Corn_PRCP/daily dia 13 (2026-08-17 → 2026-08-17) 37203 bytes
2026-08-04 09:36:21,357 [INFO] [OK] USA/GFS_ENSEMBLE_Corn_PRCP/cumulative dia 00 (2026-08-04 → 2026-08-04) 36332 bytes
2026-08-04 09:36:21,402 [INFO] [OK] USA/GFS_ENSEMBLE_Corn_PRCP/daily dia 14 (2026-08-18 → 2026-08-18) 37194 bytes
2026-08-04 09:36:21,591 [INFO] [OK] USA/GFS_ENSEMBLE_Corn_PRCP/cumulative dia 01 (2026-08-04 → 2026-08-05) 39861 bytes
2026-08-04 09:36:21,772 [INFO] [OK] USA/GFS_ENSEMBLE_Corn_PRCP/cumulative dia 02 (2026-08-04 → 2026-08-06) 41887 bytes
2026-08-04 09:36:22,064 [INFO] [OK] USA/GFS_ENSEMBLE_Corn_PRCP/cumulative dia 03 (2026-08-04 → 2026-08-07) 42805 bytes
2026-08-04 09:36:23,088 [INFO] [OK] USA/GFS_ENSEMBLE_Corn_PRCP/cumulative dia 04 (2026-08-04 → 2026-08-08) 43929 bytes
2026-08-04 09:36:23,675 [INFO] [OK] USA/GFS_ENSEMBLE_Corn_PRCP/cumulative dia 06 (2026-08-04 → 2026-08-10) 46355 bytes
2026-08-04 09:36:23,758 [INFO] [OK] USA/GFS_ENSEMBLE_Corn_PRCP/cumulative dia 05 (2026-08-04 → 2026-08-09) 45066 bytes
2026-08-04 09:36:24,028 [INFO] [OK] USA/GFS_ENSEMBLE_Corn_PRCP/cumulative dia 07 (2026-08-04 → 2026-08-11) 47304 bytes
2026-08-04 09:36:24,344 [INFO] [OK] USA/GFS_ENSEMBLE_Corn_PRCP/cumulative dia 08 (2026-08-04 → 2026-08-12) 48050 bytes
2026-08-04 09:36:24,827 [INFO] [OK] USA/GFS_ENSEMBLE_Corn_PRCP/cumulative dia 09 (2026-08-04 → 2026-08-13) 48646 bytes
2026-08-04 09:36:25,756 [INFO] [OK] USA/GFS_ENSEMBLE_Corn_PRCP/cumulative dia 10 (2026-08-04 → 2026-08-14) 49104 bytes
2026-08-04 09:36:26,571 [INFO] [OK] USA/GFS_ENSEMBLE_Soy_PRCP_DEP/daily dia 00 (2026-08-04 → 2026-08-04) 44990 bytes
2026-08-04 09:36:26,759 [INFO] [OK] USA/GFS_ENSEMBLE_Corn_PRCP/cumulative dia 11 (2026-08-04 → 2026-08-15) 50458 bytes
2026-08-04 09:36:26,934 [INFO] [OK] USA/GFS_ENSEMBLE_Corn_PRCP/cumulative dia 12 (2026-08-04 → 2026-08-16) 50568 bytes
2026-08-04 09:36:27,322 [INFO] [OK] USA/GFS_ENSEMBLE_Corn_PRCP/cumulative dia 13 (2026-08-04 → 2026-08-17) 50789 bytes
2026-08-04 09:36:27,460 [INFO] [OK] USA/GFS_ENSEMBLE_Soy_PRCP_DEP/daily dia 01 (2026-08-05 → 2026-08-05) 48936 bytes
2026-08-04 09:36:27,625 [INFO] [OK] USA/GFS_ENSEMBLE_Corn_PRCP/cumulative dia 14 (2026-08-04 → 2026-08-18) 50657 bytes
2026-08-04 09:36:28,301 [INFO] [OK] USA/GFS_ENSEMBLE_Soy_PRCP_DEP/daily dia 02 (2026-08-06 → 2026-08-06) 51366 bytes
2026-08-04 09:36:28,641 [INFO] [OK] USA/GFS_ENSEMBLE_Soy_PRCP_DEP/daily dia 03 (2026-08-07 → 2026-08-07) 50878 bytes
2026-08-04 09:36:28,696 [INFO] [OK] USA/GFS_ENSEMBLE_Soy_PRCP_DEP/daily dia 04 (2026-08-08 → 2026-08-08) 51280 bytes
2026-08-04 09:36:29,093 [INFO] [OK] USA/GFS_ENSEMBLE_Soy_PRCP_DEP/daily dia 05 (2026-08-09 → 2026-08-09) 53596 bytes
2026-08-04 09:36:29,403 [INFO] [OK] USA/GFS_ENSEMBLE_Soy_PRCP_DEP/daily dia 06 (2026-08-10 → 2026-08-10) 55830 bytes
2026-08-04 09:36:29,605 [INFO] [OK] USA/GFS_ENSEMBLE_Soy_PRCP_DEP/daily dia 07 (2026-08-11 → 2026-08-11) 57085 bytes
2026-08-04 09:36:30,120 [INFO] [OK] USA/GFS_ENSEMBLE_Soy_PRCP_DEP/daily dia 08 (2026-08-12 → 2026-08-12) 59402 bytes
2026-08-04 09:36:30,408 [INFO] [OK] USA/GFS_ENSEMBLE_Soy_PRCP_DEP/daily dia 10 (2026-08-14 → 2026-08-14) 60557 bytes
2026-08-04 09:36:30,613 [INFO] [OK] USA/GFS_ENSEMBLE_Soy_PRCP_DEP/daily dia 09 (2026-08-13 → 2026-08-13) 60736 bytes
2026-08-04 09:36:30,890 [INFO] [OK] USA/GFS_ENSEMBLE_Soy_PRCP_DEP/daily dia 11 (2026-08-15 → 2026-08-15) 59969 bytes
2026-08-04 09:36:31,053 [INFO] [OK] USA/GFS_ENSEMBLE_Soy_PRCP_DEP/daily dia 12 (2026-08-16 → 2026-08-16) 59361 bytes
2026-08-04 09:36:31,679 [INFO] [OK] USA/GFS_ENSEMBLE_Soy_PRCP_DEP/daily dia 13 (2026-08-17 → 2026-08-17) 61677 bytes
2026-08-04 09:36:32,034 [INFO] [OK] USA/GFS_ENSEMBLE_Soy_PRCP_DEP/cumulative dia 00 (2026-08-04 → 2026-08-04) 44990 bytes
2026-08-04 09:36:32,099 [INFO] [OK] USA/GFS_ENSEMBLE_Soy_PRCP_DEP/daily dia 14 (2026-08-18 → 2026-08-18) 59659 bytes
2026-08-04 09:36:32,363 [INFO] [OK] USA/GFS_ENSEMBLE_Soy_PRCP_DEP/cumulative dia 01 (2026-08-04 → 2026-08-05) 48851 bytes
2026-08-04 09:36:32,844 [INFO] [OK] USA/GFS_ENSEMBLE_Soy_PRCP_DEP/cumulative dia 02 (2026-08-04 → 2026-08-06) 50876 bytes
2026-08-04 09:36:33,119 [INFO] [OK] USA/GFS_ENSEMBLE_Soy_PRCP_DEP/cumulative dia 03 (2026-08-04 → 2026-08-07) 51170 bytes
2026-08-04 09:36:34,289 [INFO] [OK] USA/GFS_ENSEMBLE_Soy_PRCP_DEP/cumulative dia 04 (2026-08-04 → 2026-08-08) 51836 bytes
2026-08-04 09:36:34,898 [INFO] [OK] USA/GFS_ENSEMBLE_Soy_PRCP_DEP/cumulative dia 05 (2026-08-04 → 2026-08-09) 52438 bytes
2026-08-04 09:36:35,131 [INFO] [OK] USA/GFS_ENSEMBLE_Soy_PRCP_DEP/cumulative dia 06 (2026-08-04 → 2026-08-10) 53188 bytes
2026-08-04 09:36:35,395 [INFO] [OK] USA/GFS_ENSEMBLE_Soy_PRCP_DEP/cumulative dia 07 (2026-08-04 → 2026-08-11) 54230 bytes
2026-08-04 09:36:35,863 [INFO] [OK] USA/GFS_ENSEMBLE_Soy_PRCP_DEP/cumulative dia 08 (2026-08-04 → 2026-08-12) 56105 bytes
2026-08-04 09:36:35,959 [INFO] [OK] USA/GFS_ENSEMBLE_Soy_PRCP_DEP/cumulative dia 09 (2026-08-04 → 2026-08-13) 56500 bytes
2026-08-04 09:36:37,072 [INFO] [OK] USA/GFS_ENSEMBLE_Soy_PRCP_DEP/cumulative dia 10 (2026-08-04 → 2026-08-14) 57178 bytes
2026-08-04 09:36:37,656 [INFO] [OK] USA/GFS_ENSEMBLE_Soy_PRCP/daily dia 00 (2026-08-04 → 2026-08-04) 35757 bytes
2026-08-04 09:36:38,044 [INFO] [OK] USA/GFS_ENSEMBLE_Soy_PRCP_DEP/cumulative dia 11 (2026-08-04 → 2026-08-15) 58067 bytes
2026-08-04 09:36:38,716 [INFO] [OK] USA/GFS_ENSEMBLE_Soy_PRCP_DEP/cumulative dia 12 (2026-08-04 → 2026-08-16) 58413 bytes
2026-08-04 09:36:38,899 [INFO] [OK] USA/GFS_ENSEMBLE_Soy_PRCP_DEP/cumulative dia 13 (2026-08-04 → 2026-08-17) 59406 bytes
2026-08-04 09:36:38,917 [INFO] [OK] USA/GFS_ENSEMBLE_Soy_PRCP/daily dia 01 (2026-08-05 → 2026-08-05) 37491 bytes
2026-08-04 09:36:39,183 [INFO] [OK] USA/GFS_ENSEMBLE_Soy_PRCP_DEP/cumulative dia 14 (2026-08-04 → 2026-08-18) 59571 bytes
2026-08-04 09:36:39,257 [INFO] [OK] USA/GFS_ENSEMBLE_Soy_PRCP/daily dia 02 (2026-08-06 → 2026-08-06) 36535 bytes
2026-08-04 09:36:39,671 [INFO] [OK] USA/GFS_ENSEMBLE_Soy_PRCP/daily dia 03 (2026-08-07 → 2026-08-07) 35702 bytes
2026-08-04 09:36:40,245 [INFO] [OK] USA/GFS_ENSEMBLE_Soy_PRCP/daily dia 04 (2026-08-08 → 2026-08-08) 35403 bytes
2026-08-04 09:36:40,618 [INFO] [OK] USA/GFS_ENSEMBLE_Soy_PRCP/daily dia 05 (2026-08-09 → 2026-08-09) 35507 bytes
2026-08-04 09:36:40,642 [INFO] [OK] USA/GFS_ENSEMBLE_Soy_PRCP/daily dia 06 (2026-08-10 → 2026-08-10) 36541 bytes
2026-08-04 09:36:40,917 [INFO] [OK] USA/GFS_ENSEMBLE_Soy_PRCP/daily dia 08 (2026-08-12 → 2026-08-12) 37129 bytes
2026-08-04 09:36:41,036 [INFO] [OK] USA/GFS_ENSEMBLE_Soy_PRCP/daily dia 07 (2026-08-11 → 2026-08-11) 36926 bytes
2026-08-04 09:36:41,310 [INFO] [OK] USA/GFS_ENSEMBLE_Soy_PRCP/daily dia 09 (2026-08-13 → 2026-08-13) 36443 bytes
2026-08-04 09:36:41,925 [INFO] [OK] USA/GFS_ENSEMBLE_Soy_PRCP/daily dia 10 (2026-08-14 → 2026-08-14) 35684 bytes
2026-08-04 09:36:42,187 [INFO] [OK] USA/GFS_ENSEMBLE_Soy_PRCP/daily dia 11 (2026-08-15 → 2026-08-15) 36397 bytes
2026-08-04 09:36:42,301 [INFO] [OK] USA/GFS_ENSEMBLE_Soy_PRCP/daily dia 12 (2026-08-16 → 2026-08-16) 35985 bytes
2026-08-04 09:36:43,352 [INFO] [OK] USA/GFS_ENSEMBLE_Soy_PRCP/daily dia 13 (2026-08-17 → 2026-08-17) 36762 bytes
2026-08-04 09:36:43,355 [INFO] [OK] USA/GFS_ENSEMBLE_Soy_PRCP/daily dia 14 (2026-08-18 → 2026-08-18) 36680 bytes
2026-08-04 09:36:43,358 [INFO] [OK] USA/GFS_ENSEMBLE_Soy_PRCP/cumulative dia 00 (2026-08-04 → 2026-08-04) 35757 bytes
2026-08-04 09:36:43,749 [INFO] [OK] USA/GFS_ENSEMBLE_Soy_PRCP/cumulative dia 01 (2026-08-04 → 2026-08-05) 39443 bytes
2026-08-04 09:36:44,360 [INFO] [OK] USA/GFS_ENSEMBLE_Soy_PRCP/cumulative dia 02 (2026-08-04 → 2026-08-06) 41487 bytes
2026-08-04 09:36:44,381 [INFO] [OK] USA/GFS_ENSEMBLE_Soy_PRCP/cumulative dia 03 (2026-08-04 → 2026-08-07) 42608 bytes
2026-08-04 09:36:46,140 [INFO] [OK] USA/GFS_ENSEMBLE_Soy_PRCP/cumulative dia 04 (2026-08-04 → 2026-08-08) 43533 bytes
2026-08-04 09:36:46,519 [INFO] [OK] USA/GFS_ENSEMBLE_Soy_PRCP/cumulative dia 05 (2026-08-04 → 2026-08-09) 44604 bytes
2026-08-04 09:36:46,703 [INFO] [OK] USA/GFS_ENSEMBLE_Soy_PRCP/cumulative dia 06 (2026-08-04 → 2026-08-10) 46094 bytes
2026-08-04 09:36:46,829 [INFO] [OK] USA/GFS_ENSEMBLE_Soy_PRCP/cumulative dia 07 (2026-08-04 → 2026-08-11) 46832 bytes
2026-08-04 09:36:47,589 [INFO] [OK] USA/GFS_ENSEMBLE_Soy_PRCP/cumulative dia 08 (2026-08-04 → 2026-08-12) 47566 bytes
2026-08-04 09:36:47,973 [INFO] [OK] USA/GFS_ENSEMBLE_Soy_PRCP/cumulative dia 09 (2026-08-04 → 2026-08-13) 48120 bytes
2026-08-04 09:36:49,351 [INFO] [OK] USA/GFS_ENSEMBLE_Soy_PRCP/cumulative dia 10 (2026-08-04 → 2026-08-14) 48643 bytes
2026-08-04 09:36:50,614 [INFO] [OK] USA/GFS_ENSEMBLE_Wheat_Winter_PRCP_DEP/daily dia 00 (2026-08-04 → 2026-08-04) 46644 bytes
2026-08-04 09:36:50,632 [INFO] [OK] USA/GFS_ENSEMBLE_Soy_PRCP/cumulative dia 11 (2026-08-04 → 2026-08-15) 49952 bytes
2026-08-04 09:36:50,637 [INFO] [OK] USA/GFS_ENSEMBLE_Soy_PRCP/cumulative dia 13 (2026-08-04 → 2026-08-17) 50204 bytes
2026-08-04 09:36:50,733 [INFO] [OK] USA/GFS_ENSEMBLE_Soy_PRCP/cumulative dia 12 (2026-08-04 → 2026-08-16) 50092 bytes
2026-08-04 09:36:51,052 [INFO] [OK] USA/GFS_ENSEMBLE_Soy_PRCP/cumulative dia 14 (2026-08-04 → 2026-08-18) 50221 bytes
2026-08-04 09:36:51,181 [INFO] [OK] USA/GFS_ENSEMBLE_Wheat_Winter_PRCP_DEP/daily dia 01 (2026-08-05 → 2026-08-05) 50589 bytes
2026-08-04 09:36:52,529 [INFO] [OK] USA/GFS_ENSEMBLE_Wheat_Winter_PRCP_DEP/daily dia 04 (2026-08-08 → 2026-08-08) 52929 bytes
2026-08-04 09:36:52,797 [INFO] [OK] USA/GFS_ENSEMBLE_Wheat_Winter_PRCP_DEP/daily dia 03 (2026-08-07 → 2026-08-07) 52759 bytes
2026-08-04 09:36:52,907 [INFO] [OK] USA/GFS_ENSEMBLE_Wheat_Winter_PRCP_DEP/daily dia 02 (2026-08-06 → 2026-08-06) 53090 bytes
2026-08-04 09:36:52,908 [INFO] [OK] USA/GFS_ENSEMBLE_Wheat_Winter_PRCP_DEP/daily dia 05 (2026-08-09 → 2026-08-09) 54572 bytes
2026-08-04 09:36:53,277 [INFO] [OK] USA/GFS_ENSEMBLE_Wheat_Winter_PRCP_DEP/daily dia 07 (2026-08-11 → 2026-08-11) 58717 bytes
2026-08-04 09:36:53,284 [INFO] [OK] USA/GFS_ENSEMBLE_Wheat_Winter_PRCP_DEP/daily dia 06 (2026-08-10 → 2026-08-10) 57295 bytes
2026-08-04 09:36:54,978 [INFO] [OK] USA/GFS_ENSEMBLE_Wheat_Winter_PRCP_DEP/daily dia 08 (2026-08-12 → 2026-08-12) 60706 bytes
2026-08-04 09:36:54,991 [INFO] [OK] USA/GFS_ENSEMBLE_Wheat_Winter_PRCP_DEP/daily dia 10 (2026-08-14 → 2026-08-14) 62144 bytes
2026-08-04 09:36:55,308 [INFO] [OK] USA/GFS_ENSEMBLE_Wheat_Winter_PRCP_DEP/daily dia 13 (2026-08-17 → 2026-08-17) 63455 bytes
2026-08-04 09:36:55,623 [INFO] [OK] USA/GFS_ENSEMBLE_Wheat_Winter_PRCP_DEP/daily dia 09 (2026-08-13 → 2026-08-13) 62094 bytes
2026-08-04 09:36:56,230 [INFO] [OK] USA/GFS_ENSEMBLE_Wheat_Winter_PRCP_DEP/daily dia 12 (2026-08-16 → 2026-08-16) 60600 bytes
2026-08-04 09:36:56,251 [INFO] [OK] USA/GFS_ENSEMBLE_Wheat_Winter_PRCP_DEP/daily dia 11 (2026-08-15 → 2026-08-15) 61090 bytes
2026-08-04 09:36:56,671 [INFO] [OK] USA/GFS_ENSEMBLE_Wheat_Winter_PRCP_DEP/cumulative dia 00 (2026-08-04 → 2026-08-04) 46644 bytes
2026-08-04 09:36:56,948 [INFO] [OK] USA/GFS_ENSEMBLE_Wheat_Winter_PRCP_DEP/daily dia 14 (2026-08-18 → 2026-08-18) 61043 bytes
2026-08-04 09:36:57,107 [INFO] [OK] USA/GFS_ENSEMBLE_Wheat_Winter_PRCP_DEP/cumulative dia 01 (2026-08-04 → 2026-08-05) 50446 bytes
2026-08-04 09:36:57,558 [INFO] [OK] USA/GFS_ENSEMBLE_Wheat_Winter_PRCP_DEP/cumulative dia 02 (2026-08-04 → 2026-08-06) 52605 bytes
2026-08-04 09:36:58,942 [INFO] [OK] USA/GFS_ENSEMBLE_Wheat_Winter_PRCP_DEP/cumulative dia 03 (2026-08-04 → 2026-08-07) 52765 bytes
2026-08-04 09:36:59,521 [INFO] [OK] USA/GFS_ENSEMBLE_Wheat_Winter_PRCP_DEP/cumulative dia 04 (2026-08-04 → 2026-08-08) 53350 bytes
2026-08-04 09:36:59,887 [INFO] [OK] USA/GFS_ENSEMBLE_Wheat_Winter_PRCP_DEP/cumulative dia 05 (2026-08-04 → 2026-08-09) 53894 bytes
2026-08-04 09:37:00,619 [INFO] [OK] USA/GFS_ENSEMBLE_Wheat_Winter_PRCP_DEP/cumulative dia 06 (2026-08-04 → 2026-08-10) 54628 bytes
2026-08-04 09:37:01,470 [INFO] [OK] USA/GFS_ENSEMBLE_Wheat_Winter_PRCP_DEP/cumulative dia 07 (2026-08-04 → 2026-08-11) 55878 bytes
2026-08-04 09:37:01,698 [INFO] [OK] USA/GFS_ENSEMBLE_Wheat_Winter_PRCP_DEP/cumulative dia 08 (2026-08-04 → 2026-08-12) 57892 bytes
2026-08-04 09:37:02,491 [INFO] [OK] USA/GFS_ENSEMBLE_Wheat_Winter_PRCP_DEP/cumulative dia 09 (2026-08-04 → 2026-08-13) 58100 bytes
2026-08-04 09:37:02,827 [INFO] [OK] USA/GFS_ENSEMBLE_Wheat_Winter_PRCP_DEP/cumulative dia 10 (2026-08-04 → 2026-08-14) 58717 bytes
2026-08-04 09:37:03,109 [INFO] [OK] USA/GFS_ENSEMBLE_Wheat_Winter_PRCP_DEP/cumulative dia 11 (2026-08-04 → 2026-08-15) 59341 bytes
2026-08-04 09:37:03,634 [INFO] [OK] USA/GFS_ENSEMBLE_Wheat_Winter_PRCP_DEP/cumulative dia 12 (2026-08-04 → 2026-08-16) 59620 bytes
2026-08-04 09:37:04,251 [INFO] [OK] USA/GFS_ENSEMBLE_Wheat_Winter_PRCP/daily dia 00 (2026-08-04 → 2026-08-04) 37350 bytes
2026-08-04 09:37:04,670 [INFO] [OK] USA/GFS_ENSEMBLE_Wheat_Winter_PRCP_DEP/cumulative dia 13 (2026-08-04 → 2026-08-17) 60276 bytes
2026-08-04 09:37:04,792 [INFO] [OK] USA/GFS_ENSEMBLE_Wheat_Winter_PRCP/daily dia 01 (2026-08-05 → 2026-08-05) 39040 bytes
2026-08-04 09:37:05,065 [INFO] [OK] USA/GFS_ENSEMBLE_Wheat_Winter_PRCP/daily dia 02 (2026-08-06 → 2026-08-06) 38126 bytes
2026-08-04 09:37:05,072 [INFO] [OK] USA/GFS_ENSEMBLE_Wheat_Winter_PRCP_DEP/cumulative dia 14 (2026-08-04 → 2026-08-18) 60694 bytes
2026-08-04 09:37:05,127 [INFO] [OK] USA/GFS_ENSEMBLE_Wheat_Winter_PRCP/daily dia 03 (2026-08-07 → 2026-08-07) 37321 bytes
2026-08-04 09:37:05,875 [INFO] [OK] USA/GFS_ENSEMBLE_Wheat_Winter_PRCP/daily dia 04 (2026-08-08 → 2026-08-08) 37049 bytes
2026-08-04 09:37:06,857 [INFO] [OK] USA/GFS_ENSEMBLE_Wheat_Winter_PRCP/daily dia 06 (2026-08-10 → 2026-08-10) 38307 bytes
2026-08-04 09:37:06,864 [INFO] [OK] USA/GFS_ENSEMBLE_Wheat_Winter_PRCP/daily dia 05 (2026-08-09 → 2026-08-09) 37124 bytes
2026-08-04 09:37:07,095 [INFO] [OK] USA/GFS_ENSEMBLE_Wheat_Winter_PRCP/daily dia 09 (2026-08-13 → 2026-08-13) 37970 bytes
2026-08-04 09:37:07,096 [INFO] [OK] USA/GFS_ENSEMBLE_Wheat_Winter_PRCP/daily dia 08 (2026-08-12 → 2026-08-12) 38728 bytes
2026-08-04 09:37:07,603 [INFO] [OK] USA/GFS_ENSEMBLE_Wheat_Winter_PRCP/daily dia 07 (2026-08-11 → 2026-08-11) 38565 bytes
2026-08-04 09:37:07,624 [INFO] [OK] USA/GFS_ENSEMBLE_Wheat_Winter_PRCP/daily dia 10 (2026-08-14 → 2026-08-14) 37179 bytes
2026-08-04 09:37:08,493 [INFO] [OK] USA/GFS_ENSEMBLE_Wheat_Winter_PRCP/daily dia 12 (2026-08-16 → 2026-08-16) 37576 bytes
2026-08-04 09:37:08,659 [INFO] [OK] USA/GFS_ENSEMBLE_Wheat_Winter_PRCP/daily dia 11 (2026-08-15 → 2026-08-15) 37989 bytes
2026-08-04 09:37:08,730 [INFO] [OK] USA/GFS_ENSEMBLE_Wheat_Winter_PRCP/daily dia 13 (2026-08-17 → 2026-08-17) 38310 bytes
2026-08-04 09:37:08,756 [INFO] [OK] USA/GFS_ENSEMBLE_Wheat_Winter_PRCP/daily dia 14 (2026-08-18 → 2026-08-18) 38189 bytes
2026-08-04 09:37:09,184 [INFO] [OK] USA/GFS_ENSEMBLE_Wheat_Winter_PRCP/cumulative dia 00 (2026-08-04 → 2026-08-04) 37350 bytes
2026-08-04 09:37:09,311 [INFO] [OK] USA/GFS_ENSEMBLE_Wheat_Winter_PRCP/cumulative dia 01 (2026-08-04 → 2026-08-05) 41135 bytes
2026-08-04 09:37:10,308 [INFO] [OK] USA/GFS_ENSEMBLE_Wheat_Winter_PRCP/cumulative dia 02 (2026-08-04 → 2026-08-06) 43126 bytes
2026-08-04 09:37:10,712 [INFO] [OK] USA/GFS_ENSEMBLE_Wheat_Winter_PRCP/cumulative dia 03 (2026-08-04 → 2026-08-07) 44267 bytes
2026-08-04 09:37:10,999 [INFO] [OK] USA/GFS_ENSEMBLE_Wheat_Winter_PRCP/cumulative dia 04 (2026-08-04 → 2026-08-08) 45144 bytes
2026-08-04 09:37:11,044 [INFO] [OK] USA/GFS_ENSEMBLE_Wheat_Winter_PRCP/cumulative dia 05 (2026-08-04 → 2026-08-09) 46187 bytes
2026-08-04 09:37:11,458 [INFO] [OK] USA/GFS_ENSEMBLE_Wheat_Winter_PRCP/cumulative dia 06 (2026-08-04 → 2026-08-10) 47571 bytes
2026-08-04 09:37:11,722 [INFO] [OK] USA/GFS_ENSEMBLE_Wheat_Winter_PRCP/cumulative dia 07 (2026-08-04 → 2026-08-11) 48591 bytes
2026-08-04 09:37:12,634 [INFO] [OK] USA/GFS_ENSEMBLE_Wheat_Winter_PRCP/cumulative dia 08 (2026-08-04 → 2026-08-12) 49325 bytes
2026-08-04 09:37:13,388 [INFO] [OK] USA/GFS_ENSEMBLE_Wheat_Winter_PRCP/cumulative dia 09 (2026-08-04 → 2026-08-13) 49797 bytes
2026-08-04 09:37:14,067 [INFO] [OK] USA/GFS_ENSEMBLE_Wheat_Winter_PRCP/cumulative dia 10 (2026-08-04 → 2026-08-14) 50254 bytes
2026-08-04 09:37:14,253 [INFO] [OK] USA/GFS_ENSEMBLE_Wheat_Winter_PRCP/cumulative dia 11 (2026-08-04 → 2026-08-15) 51472 bytes
2026-08-04 09:37:14,693 [INFO] [OK] USA/GFS_ENSEMBLE_Wheat_Winter_PRCP/cumulative dia 12 (2026-08-04 → 2026-08-16) 51577 bytes
2026-08-04 09:37:15,058 [INFO] [OK] USA/GFS_ENSEMBLE_Wheat_Winter_PRCP/cumulative dia 13 (2026-08-04 → 2026-08-17) 51901 bytes
2026-08-04 09:37:15,167 [INFO] [OK] USA/GFS_ENSEMBLE_Wheat_Spring_PRCP_DEP/daily dia 00 (2026-08-04 → 2026-08-04) 43682 bytes
2026-08-04 09:37:16,162 [INFO] [OK] USA/GFS_ENSEMBLE_Wheat_Winter_PRCP/cumulative dia 14 (2026-08-04 → 2026-08-18) 51824 bytes
2026-08-04 09:37:16,173 [INFO] [OK] USA/GFS_ENSEMBLE_Wheat_Spring_PRCP_DEP/daily dia 01 (2026-08-05 → 2026-08-05) 47330 bytes
2026-08-04 09:37:16,188 [INFO] [OK] USA/GFS_ENSEMBLE_Wheat_Spring_PRCP_DEP/daily dia 02 (2026-08-06 → 2026-08-06) 49967 bytes
2026-08-04 09:37:16,836 [INFO] [OK] USA/GFS_ENSEMBLE_Wheat_Spring_PRCP_DEP/daily dia 03 (2026-08-07 → 2026-08-07) 49020 bytes
2026-08-04 09:37:16,837 [INFO] [OK] USA/GFS_ENSEMBLE_Wheat_Spring_PRCP_DEP/daily dia 05 (2026-08-09 → 2026-08-09) 51448 bytes
2026-08-04 09:37:16,957 [INFO] [OK] USA/GFS_ENSEMBLE_Wheat_Spring_PRCP_DEP/daily dia 04 (2026-08-08 → 2026-08-08) 49611 bytes
2026-08-04 09:37:17,779 [INFO] [OK] USA/GFS_ENSEMBLE_Wheat_Spring_PRCP_DEP/daily dia 06 (2026-08-10 → 2026-08-10) 53769 bytes
2026-08-04 09:37:17,808 [INFO] [OK] USA/GFS_ENSEMBLE_Wheat_Spring_PRCP_DEP/daily dia 07 (2026-08-11 → 2026-08-11) 55442 bytes
2026-08-04 09:37:17,933 [INFO] [OK] USA/GFS_ENSEMBLE_Wheat_Spring_PRCP_DEP/daily dia 08 (2026-08-12 → 2026-08-12) 57415 bytes
2026-08-04 09:37:18,475 [INFO] [OK] USA/GFS_ENSEMBLE_Wheat_Spring_PRCP_DEP/daily dia 10 (2026-08-14 → 2026-08-14) 58781 bytes
2026-08-04 09:37:18,542 [INFO] [OK] USA/GFS_ENSEMBLE_Wheat_Spring_PRCP_DEP/daily dia 09 (2026-08-13 → 2026-08-13) 59162 bytes
2026-08-04 09:37:18,684 [INFO] [OK] USA/GFS_ENSEMBLE_Wheat_Spring_PRCP_DEP/daily dia 11 (2026-08-15 → 2026-08-15) 57779 bytes
2026-08-04 09:37:19,461 [INFO] [OK] USA/GFS_ENSEMBLE_Wheat_Spring_PRCP_DEP/daily dia 12 (2026-08-16 → 2026-08-16) 58054 bytes
2026-08-04 09:37:19,670 [INFO] [OK] USA/GFS_ENSEMBLE_Wheat_Spring_PRCP_DEP/daily dia 13 (2026-08-17 → 2026-08-17) 60409 bytes
2026-08-04 09:37:19,694 [INFO] [OK] USA/GFS_ENSEMBLE_Wheat_Spring_PRCP_DEP/daily dia 14 (2026-08-18 → 2026-08-18) 57680 bytes
2026-08-04 09:37:20,139 [INFO] [OK] USA/GFS_ENSEMBLE_Wheat_Spring_PRCP_DEP/cumulative dia 00 (2026-08-04 → 2026-08-04) 43682 bytes
2026-08-04 09:37:20,348 [INFO] [OK] USA/GFS_ENSEMBLE_Wheat_Spring_PRCP_DEP/cumulative dia 01 (2026-08-04 → 2026-08-05) 47375 bytes
2026-08-04 09:37:20,753 [INFO] [OK] USA/GFS_ENSEMBLE_Wheat_Spring_PRCP_DEP/cumulative dia 02 (2026-08-04 → 2026-08-06) 49207 bytes
2026-08-04 09:37:21,775 [INFO] [OK] USA/GFS_ENSEMBLE_Wheat_Spring_PRCP_DEP/cumulative dia 03 (2026-08-04 → 2026-08-07) 49402 bytes
2026-08-04 09:37:22,501 [INFO] [OK] USA/GFS_ENSEMBLE_Wheat_Spring_PRCP_DEP/cumulative dia 04 (2026-08-04 → 2026-08-08) 49927 bytes
2026-08-04 09:37:22,502 [INFO] [OK] USA/GFS_ENSEMBLE_Wheat_Spring_PRCP_DEP/cumulative dia 05 (2026-08-04 → 2026-08-09) 50245 bytes
2026-08-04 09:37:22,957 [INFO] [OK] USA/GFS_ENSEMBLE_Wheat_Spring_PRCP_DEP/cumulative dia 06 (2026-08-04 → 2026-08-10) 51196 bytes
2026-08-04 09:37:23,438 [INFO] [OK] USA/GFS_ENSEMBLE_Wheat_Spring_PRCP_DEP/cumulative dia 07 (2026-08-04 → 2026-08-11) 52113 bytes
2026-08-04 09:37:23,475 [INFO] [OK] USA/GFS_ENSEMBLE_Wheat_Spring_PRCP_DEP/cumulative dia 08 (2026-08-04 → 2026-08-12) 53996 bytes
2026-08-04 09:37:24,353 [INFO] [OK] USA/GFS_ENSEMBLE_Wheat_Spring_PRCP_DEP/cumulative dia 09 (2026-08-04 → 2026-08-13) 54559 bytes
2026-08-04 09:37:25,269 [INFO] [OK] USA/GFS_ENSEMBLE_Wheat_Spring_PRCP_DEP/cumulative dia 10 (2026-08-04 → 2026-08-14) 55269 bytes
2026-08-04 09:37:25,396 [INFO] [OK] USA/GFS_ENSEMBLE_Wheat_Spring_PRCP_DEP/cumulative dia 11 (2026-08-04 → 2026-08-15) 56040 bytes
2026-08-04 09:37:26,144 [INFO] [OK] USA/GFS_ENSEMBLE_Wheat_Spring_PRCP/daily dia 00 (2026-08-04 → 2026-08-04) 34227 bytes
2026-08-04 09:37:26,357 [INFO] [OK] USA/GFS_ENSEMBLE_Wheat_Spring_PRCP_DEP/cumulative dia 12 (2026-08-04 → 2026-08-16) 56521 bytes
2026-08-04 09:37:26,604 [INFO] [OK] USA/GFS_ENSEMBLE_Wheat_Spring_PRCP_DEP/cumulative dia 13 (2026-08-04 → 2026-08-17) 57360 bytes
2026-08-04 09:37:26,664 [INFO] [OK] USA/GFS_ENSEMBLE_Wheat_Spring_PRCP_DEP/cumulative dia 14 (2026-08-04 → 2026-08-18) 57605 bytes
2026-08-04 09:37:26,876 [INFO] [OK] USA/GFS_ENSEMBLE_Wheat_Spring_PRCP/daily dia 01 (2026-08-05 → 2026-08-05) 35784 bytes
2026-08-04 09:37:26,972 [INFO] [OK] USA/GFS_ENSEMBLE_Wheat_Spring_PRCP/daily dia 02 (2026-08-06 → 2026-08-06) 34966 bytes
2026-08-04 09:37:27,786 [INFO] [OK] USA/GFS_ENSEMBLE_Wheat_Spring_PRCP/daily dia 03 (2026-08-07 → 2026-08-07) 34152 bytes
2026-08-04 09:37:28,071 [INFO] [OK] USA/GFS_ENSEMBLE_Wheat_Spring_PRCP/daily dia 04 (2026-08-08 → 2026-08-08) 33983 bytes
2026-08-04 09:37:28,155 [INFO] [OK] USA/GFS_ENSEMBLE_Wheat_Spring_PRCP/daily dia 05 (2026-08-09 → 2026-08-09) 33900 bytes
2026-08-04 09:37:28,439 [INFO] [OK] USA/GFS_ENSEMBLE_Wheat_Spring_PRCP/daily dia 06 (2026-08-10 → 2026-08-10) 35049 bytes
2026-08-04 09:37:28,585 [INFO] [OK] USA/GFS_ENSEMBLE_Wheat_Spring_PRCP/daily dia 07 (2026-08-11 → 2026-08-11) 35173 bytes
2026-08-04 09:37:28,695 [INFO] [OK] USA/GFS_ENSEMBLE_Wheat_Spring_PRCP/daily dia 08 (2026-08-12 → 2026-08-12) 35512 bytes
2026-08-04 09:37:29,344 [INFO] [OK] USA/GFS_ENSEMBLE_Wheat_Spring_PRCP/daily dia 09 (2026-08-13 → 2026-08-13) 35029 bytes
2026-08-04 09:37:29,790 [INFO] [OK] USA/GFS_ENSEMBLE_Wheat_Spring_PRCP/daily dia 11 (2026-08-15 → 2026-08-15) 34789 bytes
2026-08-04 09:37:30,021 [INFO] [OK] USA/GFS_ENSEMBLE_Wheat_Spring_PRCP/daily dia 12 (2026-08-16 → 2026-08-16) 34586 bytes
2026-08-04 09:37:30,104 [INFO] [OK] USA/GFS_ENSEMBLE_Wheat_Spring_PRCP/daily dia 10 (2026-08-14 → 2026-08-14) 34174 bytes
2026-08-04 09:37:30,166 [INFO] [OK] USA/GFS_ENSEMBLE_Wheat_Spring_PRCP/daily dia 13 (2026-08-17 → 2026-08-17) 35225 bytes
2026-08-04 09:37:30,243 [INFO] [OK] USA/GFS_ENSEMBLE_Wheat_Spring_PRCP/daily dia 14 (2026-08-18 → 2026-08-18) 35298 bytes
2026-08-04 09:37:30,886 [INFO] [OK] USA/GFS_ENSEMBLE_Wheat_Spring_PRCP/cumulative dia 00 (2026-08-04 → 2026-08-04) 34227 bytes
2026-08-04 09:37:31,468 [INFO] [OK] USA/GFS_ENSEMBLE_Wheat_Spring_PRCP/cumulative dia 01 (2026-08-04 → 2026-08-05) 37690 bytes
2026-08-04 09:37:31,912 [INFO] [OK] USA/GFS_ENSEMBLE_Wheat_Spring_PRCP/cumulative dia 02 (2026-08-04 → 2026-08-06) 39769 bytes
2026-08-04 09:37:32,122 [INFO] [OK] USA/GFS_ENSEMBLE_Wheat_Spring_PRCP/cumulative dia 03 (2026-08-04 → 2026-08-07) 40436 bytes
2026-08-04 09:37:32,402 [INFO] [OK] USA/GFS_ENSEMBLE_Wheat_Spring_PRCP/cumulative dia 04 (2026-08-04 → 2026-08-08) 41489 bytes
2026-08-04 09:37:32,462 [INFO] [OK] USA/GFS_ENSEMBLE_Wheat_Spring_PRCP/cumulative dia 05 (2026-08-04 → 2026-08-09) 42426 bytes
2026-08-04 09:37:33,163 [INFO] [OK] USA/GFS_ENSEMBLE_Wheat_Spring_PRCP/cumulative dia 06 (2026-08-04 → 2026-08-10) 43645 bytes
2026-08-04 09:37:33,905 [INFO] [OK] USA/GFS_ENSEMBLE_Wheat_Spring_PRCP/cumulative dia 07 (2026-08-04 → 2026-08-11) 44780 bytes
2026-08-04 09:37:34,565 [INFO] [OK] USA/GFS_ENSEMBLE_Wheat_Spring_PRCP/cumulative dia 08 (2026-08-04 → 2026-08-12) 45380 bytes
2026-08-04 09:37:34,901 [INFO] [OK] USA/GFS_ENSEMBLE_Wheat_Spring_PRCP/cumulative dia 09 (2026-08-04 → 2026-08-13) 45967 bytes
2026-08-04 09:37:35,634 [INFO] [OK] USA/GFS_ENSEMBLE_Wheat_Spring_PRCP/cumulative dia 11 (2026-08-04 → 2026-08-15) 47635 bytes
2026-08-04 09:37:35,637 [INFO] [OK] USA/GFS_ENSEMBLE_Wheat_Spring_PRCP/cumulative dia 10 (2026-08-04 → 2026-08-14) 46436 bytes
2026-08-04 09:37:37,133 [INFO] [OK] USA/GFS_ENSEMBLE_Wheat_Spring_PRCP/cumulative dia 12 (2026-08-04 → 2026-08-16) 47625 bytes
2026-08-04 09:37:37,134 [INFO] [OK] USA/GFS_ENSEMBLE_Wheat_Spring_PRCP/cumulative dia 13 (2026-08-04 → 2026-08-17) 47738 bytes
2026-08-04 09:37:37,161 [INFO] [OK] USA/ECM_ENSEMBLE_Corn_PRCP_DEP/daily dia 00 (2026-08-04 → 2026-08-04) 46738 bytes
2026-08-04 09:37:38,231 [INFO] [OK] USA/ECM_ENSEMBLE_Corn_PRCP_DEP/daily dia 01 (2026-08-05 → 2026-08-05) 50172 bytes
2026-08-04 09:37:38,239 [INFO] [OK] USA/GFS_ENSEMBLE_Wheat_Spring_PRCP/cumulative dia 14 (2026-08-04 → 2026-08-18) 47919 bytes
2026-08-04 09:37:38,244 [INFO] [OK] USA/ECM_ENSEMBLE_Corn_PRCP_DEP/daily dia 02 (2026-08-06 → 2026-08-06) 50458 bytes
2026-08-04 09:37:38,791 [INFO] [OK] USA/ECM_ENSEMBLE_Corn_PRCP_DEP/daily dia 03 (2026-08-07 → 2026-08-07) 51355 bytes
2026-08-04 09:37:38,803 [INFO] [OK] USA/ECM_ENSEMBLE_Corn_PRCP_DEP/daily dia 04 (2026-08-08 → 2026-08-08) 50438 bytes
2026-08-04 09:37:38,883 [INFO] [OK] USA/ECM_ENSEMBLE_Corn_PRCP_DEP/daily dia 05 (2026-08-09 → 2026-08-09) 53606 bytes
2026-08-04 09:37:39,971 [INFO] [OK] USA/ECM_ENSEMBLE_Corn_PRCP_DEP/daily dia 08 (2026-08-12 → 2026-08-12) 58043 bytes
2026-08-04 09:37:40,029 [INFO] [OK] USA/ECM_ENSEMBLE_Corn_PRCP_DEP/daily dia 07 (2026-08-11 → 2026-08-11) 57245 bytes
2026-08-04 09:37:40,075 [INFO] [OK] USA/ECM_ENSEMBLE_Corn_PRCP_DEP/daily dia 06 (2026-08-10 → 2026-08-10) 55490 bytes
2026-08-04 09:37:40,606 [INFO] [OK] USA/ECM_ENSEMBLE_Corn_PRCP_DEP/daily dia 09 (2026-08-13 → 2026-08-13) 57926 bytes
2026-08-04 09:37:40,654 [INFO] [OK] USA/ECM_ENSEMBLE_Corn_PRCP_DEP/daily dia 10 (2026-08-14 → 2026-08-14) 59497 bytes
2026-08-04 09:37:40,709 [INFO] [OK] USA/ECM_ENSEMBLE_Corn_PRCP_DEP/daily dia 11 (2026-08-15 → 2026-08-15) 60607 bytes
2026-08-04 09:37:41,877 [INFO] [OK] USA/ECM_ENSEMBLE_Corn_PRCP_DEP/daily dia 12 (2026-08-16 → 2026-08-16) 59779 bytes
2026-08-04 09:37:41,942 [INFO] [OK] USA/ECM_ENSEMBLE_Corn_PRCP_DEP/daily dia 13 (2026-08-17 → 2026-08-17) 61318 bytes
2026-08-04 09:37:41,944 [INFO] [OK] USA/ECM_ENSEMBLE_Corn_PRCP_DEP/daily dia 14 (2026-08-18 → 2026-08-18) 58735 bytes
2026-08-04 09:37:42,694 [INFO] [OK] USA/ECM_ENSEMBLE_Corn_PRCP_DEP/cumulative dia 00 (2026-08-04 → 2026-08-04) 46738 bytes
2026-08-04 09:37:43,028 [INFO] [OK] USA/ECM_ENSEMBLE_Corn_PRCP_DEP/cumulative dia 01 (2026-08-04 → 2026-08-05) 50863 bytes
2026-08-04 09:37:43,201 [INFO] [OK] USA/ECM_ENSEMBLE_Corn_PRCP_DEP/cumulative dia 02 (2026-08-04 → 2026-08-06) 52582 bytes
2026-08-04 09:37:44,443 [INFO] [OK] USA/ECM_ENSEMBLE_Corn_PRCP_DEP/cumulative dia 04 (2026-08-04 → 2026-08-08) 51957 bytes
2026-08-04 09:37:44,493 [INFO] [OK] USA/ECM_ENSEMBLE_Corn_PRCP_DEP/cumulative dia 03 (2026-08-04 → 2026-08-07) 52481 bytes
2026-08-04 09:37:44,903 [INFO] [OK] USA/ECM_ENSEMBLE_Corn_PRCP_DEP/cumulative dia 05 (2026-08-04 → 2026-08-09) 53356 bytes
2026-08-04 09:37:47,128 [INFO] [OK] USA/ECM_ENSEMBLE_Corn_PRCP_DEP/cumulative dia 06 (2026-08-04 → 2026-08-10) 54697 bytes
2026-08-04 09:37:47,588 [INFO] [OK] USA/ECM_ENSEMBLE_Corn_PRCP_DEP/cumulative dia 07 (2026-08-04 → 2026-08-11) 55842 bytes
2026-08-04 09:37:47,624 [INFO] [OK] USA/ECM_ENSEMBLE_Corn_PRCP_DEP/cumulative dia 08 (2026-08-04 → 2026-08-12) 56785 bytes
2026-08-04 09:37:48,504 [INFO] [OK] USA/ECM_ENSEMBLE_Corn_PRCP_DEP/cumulative dia 10 (2026-08-04 → 2026-08-14) 59369 bytes
2026-08-04 09:37:48,630 [INFO] [OK] USA/ECM_ENSEMBLE_Corn_PRCP_DEP/cumulative dia 09 (2026-08-04 → 2026-08-13) 58408 bytes
2026-08-04 09:37:49,097 [INFO] [OK] USA/ECM_ENSEMBLE_Corn_PRCP_DEP/cumulative dia 11 (2026-08-04 → 2026-08-15) 59627 bytes
2026-08-04 09:37:50,317 [INFO] [OK] USA/ECM_ENSEMBLE_Corn_PRCP/daily dia 00 (2026-08-04 → 2026-08-04) 36282 bytes
2026-08-04 09:37:50,615 [INFO] [OK] USA/ECM_ENSEMBLE_Corn_PRCP/daily dia 01 (2026-08-05 → 2026-08-05) 37328 bytes
2026-08-04 09:37:50,625 [INFO] [OK] USA/ECM_ENSEMBLE_Corn_PRCP_DEP/cumulative dia 12 (2026-08-04 → 2026-08-16) 59914 bytes
2026-08-04 09:37:51,159 [INFO] [OK] USA/ECM_ENSEMBLE_Corn_PRCP/daily dia 02 (2026-08-06 → 2026-08-06) 36431 bytes
2026-08-04 09:37:51,373 [INFO] [OK] USA/ECM_ENSEMBLE_Corn_PRCP_DEP/cumulative dia 13 (2026-08-04 → 2026-08-17) 59802 bytes
2026-08-04 09:37:51,607 [INFO] [OK] USA/ECM_ENSEMBLE_Corn_PRCP_DEP/cumulative dia 14 (2026-08-04 → 2026-08-18) 60183 bytes
2026-08-04 09:37:52,071 [INFO] [OK] USA/ECM_ENSEMBLE_Corn_PRCP/daily dia 03 (2026-08-07 → 2026-08-07) 36184 bytes
2026-08-04 09:37:52,216 [INFO] [OK] USA/ECM_ENSEMBLE_Corn_PRCP/daily dia 05 (2026-08-09 → 2026-08-09) 35535 bytes
2026-08-04 09:37:52,256 [INFO] [OK] USA/ECM_ENSEMBLE_Corn_PRCP/daily dia 04 (2026-08-08 → 2026-08-08) 34985 bytes
2026-08-04 09:37:52,805 [INFO] [OK] USA/ECM_ENSEMBLE_Corn_PRCP/daily dia 06 (2026-08-10 → 2026-08-10) 36461 bytes
2026-08-04 09:37:53,063 [INFO] [OK] USA/ECM_ENSEMBLE_Corn_PRCP/daily dia 07 (2026-08-11 → 2026-08-11) 37145 bytes
2026-08-04 09:37:53,292 [INFO] [OK] USA/ECM_ENSEMBLE_Corn_PRCP/daily dia 08 (2026-08-12 → 2026-08-12) 36670 bytes
2026-08-04 09:37:54,012 [INFO] [OK] USA/ECM_ENSEMBLE_Corn_PRCP/daily dia 09 (2026-08-13 → 2026-08-13) 36809 bytes
2026-08-04 09:37:54,089 [INFO] [OK] USA/ECM_ENSEMBLE_Corn_PRCP/daily dia 10 (2026-08-14 → 2026-08-14) 35965 bytes
2026-08-04 09:37:54,095 [INFO] [OK] USA/ECM_ENSEMBLE_Corn_PRCP/daily dia 11 (2026-08-15 → 2026-08-15) 35906 bytes
2026-08-04 09:37:54,622 [INFO] [OK] USA/ECM_ENSEMBLE_Corn_PRCP/daily dia 12 (2026-08-16 → 2026-08-16) 35508 bytes
2026-08-04 09:37:54,813 [INFO] [OK] USA/ECM_ENSEMBLE_Corn_PRCP/daily dia 13 (2026-08-17 → 2026-08-17) 35879 bytes
2026-08-04 09:37:54,815 [INFO] [OK] USA/ECM_ENSEMBLE_Corn_PRCP/daily dia 14 (2026-08-18 → 2026-08-18) 36083 bytes
2026-08-04 09:37:55,907 [INFO] [OK] USA/ECM_ENSEMBLE_Corn_PRCP/cumulative dia 01 (2026-08-04 → 2026-08-05) 39871 bytes
2026-08-04 09:37:55,922 [INFO] [OK] USA/ECM_ENSEMBLE_Corn_PRCP/cumulative dia 00 (2026-08-04 → 2026-08-04) 36282 bytes
2026-08-04 09:37:56,404 [INFO] [OK] USA/ECM_ENSEMBLE_Corn_PRCP/cumulative dia 02 (2026-08-04 → 2026-08-06) 41277 bytes
2026-08-04 09:37:57,048 [INFO] [OK] USA/ECM_ENSEMBLE_Corn_PRCP/cumulative dia 05 (2026-08-04 → 2026-08-09) 44679 bytes
2026-08-04 09:37:57,171 [INFO] [OK] USA/ECM_ENSEMBLE_Corn_PRCP/cumulative dia 04 (2026-08-04 → 2026-08-08) 43327 bytes
2026-08-04 09:37:57,305 [INFO] [OK] USA/ECM_ENSEMBLE_Corn_PRCP/cumulative dia 03 (2026-08-04 → 2026-08-07) 42577 bytes
2026-08-04 09:37:58,160 [INFO] [OK] USA/ECM_ENSEMBLE_Corn_PRCP/cumulative dia 06 (2026-08-04 → 2026-08-10) 45304 bytes
2026-08-04 09:37:58,302 [INFO] [OK] USA/ECM_ENSEMBLE_Corn_PRCP/cumulative dia 07 (2026-08-04 → 2026-08-11) 46436 bytes
2026-08-04 09:37:59,003 [INFO] [OK] USA/ECM_ENSEMBLE_Corn_PRCP/cumulative dia 08 (2026-08-04 → 2026-08-12) 47778 bytes
2026-08-04 09:38:00,151 [INFO] [OK] USA/ECM_ENSEMBLE_Corn_PRCP/cumulative dia 09 (2026-08-04 → 2026-08-13) 48458 bytes
2026-08-04 09:38:00,401 [INFO] [OK] USA/ECM_ENSEMBLE_Corn_PRCP/cumulative dia 10 (2026-08-04 → 2026-08-14) 49244 bytes
2026-08-04 09:38:01,146 [INFO] [OK] USA/ECM_ENSEMBLE_Corn_PRCP/cumulative dia 11 (2026-08-04 → 2026-08-15) 50219 bytes
2026-08-04 09:38:01,744 [INFO] [OK] USA/ECM_ENSEMBLE_Corn_PRCP/cumulative dia 13 (2026-08-04 → 2026-08-17) 50458 bytes
2026-08-04 09:38:01,877 [INFO] [OK] USA/ECM_ENSEMBLE_Corn_PRCP/cumulative dia 12 (2026-08-04 → 2026-08-16) 50571 bytes
2026-08-04 09:38:02,422 [INFO] [OK] USA/ECM_ENSEMBLE_Corn_PRCP/cumulative dia 14 (2026-08-04 → 2026-08-18) 50852 bytes
2026-08-04 09:38:02,426 [INFO] [OK] USA/ECM_ENSEMBLE_Soy_PRCP_DEP/daily dia 01 (2026-08-05 → 2026-08-05) 49963 bytes
2026-08-04 09:38:02,427 [INFO] [OK] USA/ECM_ENSEMBLE_Soy_PRCP_DEP/daily dia 00 (2026-08-04 → 2026-08-04) 46342 bytes
2026-08-04 09:38:02,909 [INFO] [OK] USA/ECM_ENSEMBLE_Soy_PRCP_DEP/daily dia 02 (2026-08-06 → 2026-08-06) 50104 bytes
2026-08-04 09:38:03,365 [INFO] [OK] USA/ECM_ENSEMBLE_Soy_PRCP_DEP/daily dia 03 (2026-08-07 → 2026-08-07) 51028 bytes
2026-08-04 09:38:03,530 [INFO] [OK] USA/ECM_ENSEMBLE_Soy_PRCP_DEP/daily dia 04 (2026-08-08 → 2026-08-08) 50325 bytes
2026-08-04 09:38:04,180 [INFO] [OK] USA/ECM_ENSEMBLE_Soy_PRCP_DEP/daily dia 05 (2026-08-09 → 2026-08-09) 53380 bytes
2026-08-04 09:38:04,347 [INFO] [OK] USA/ECM_ENSEMBLE_Soy_PRCP_DEP/daily dia 07 (2026-08-11 → 2026-08-11) 57003 bytes
2026-08-04 09:38:04,378 [INFO] [OK] USA/ECM_ENSEMBLE_Soy_PRCP_DEP/daily dia 06 (2026-08-10 → 2026-08-10) 54909 bytes
2026-08-04 09:38:04,810 [INFO] [OK] USA/ECM_ENSEMBLE_Soy_PRCP_DEP/daily dia 08 (2026-08-12 → 2026-08-12) 57792 bytes
2026-08-04 09:38:05,015 [INFO] [OK] USA/ECM_ENSEMBLE_Soy_PRCP_DEP/daily dia 09 (2026-08-13 → 2026-08-13) 57646 bytes
2026-08-04 09:38:05,250 [INFO] [OK] USA/ECM_ENSEMBLE_Soy_PRCP_DEP/daily dia 10 (2026-08-14 → 2026-08-14) 59190 bytes
2026-08-04 09:38:05,972 [INFO] [OK] USA/ECM_ENSEMBLE_Soy_PRCP_DEP/daily dia 11 (2026-08-15 → 2026-08-15) 60584 bytes
2026-08-04 09:38:06,113 [INFO] [OK] USA/ECM_ENSEMBLE_Soy_PRCP_DEP/daily dia 13 (2026-08-17 → 2026-08-17) 60888 bytes
2026-08-04 09:38:06,273 [INFO] [OK] USA/ECM_ENSEMBLE_Soy_PRCP_DEP/daily dia 12 (2026-08-16 → 2026-08-16) 59537 bytes
2026-08-04 09:38:06,660 [INFO] [OK] USA/ECM_ENSEMBLE_Soy_PRCP_DEP/daily dia 14 (2026-08-18 → 2026-08-18) 58499 bytes
2026-08-04 09:38:06,698 [INFO] [OK] USA/ECM_ENSEMBLE_Soy_PRCP_DEP/cumulative dia 00 (2026-08-04 → 2026-08-04) 46342 bytes
2026-08-04 09:38:06,963 [INFO] [OK] USA/ECM_ENSEMBLE_Soy_PRCP_DEP/cumulative dia 01 (2026-08-04 → 2026-08-05) 50478 bytes
2026-08-04 09:38:08,164 [INFO] [OK] USA/ECM_ENSEMBLE_Soy_PRCP_DEP/cumulative dia 02 (2026-08-04 → 2026-08-06) 52255 bytes
2026-08-04 09:38:08,655 [INFO] [OK] USA/ECM_ENSEMBLE_Soy_PRCP_DEP/cumulative dia 04 (2026-08-04 → 2026-08-08) 51614 bytes
2026-08-04 09:38:08,740 [INFO] [OK] USA/ECM_ENSEMBLE_Soy_PRCP_DEP/cumulative dia 03 (2026-08-04 → 2026-08-07) 52258 bytes
2026-08-04 09:38:09,573 [INFO] [OK] USA/ECM_ENSEMBLE_Soy_PRCP_DEP/cumulative dia 05 (2026-08-04 → 2026-08-09) 53008 bytes
2026-08-04 09:38:09,691 [INFO] [OK] USA/ECM_ENSEMBLE_Soy_PRCP_DEP/cumulative dia 06 (2026-08-04 → 2026-08-10) 54053 bytes
2026-08-04 09:38:09,875 [INFO] [OK] USA/ECM_ENSEMBLE_Soy_PRCP_DEP/cumulative dia 07 (2026-08-04 → 2026-08-11) 55368 bytes
2026-08-04 09:38:11,354 [INFO] [OK] USA/ECM_ENSEMBLE_Soy_PRCP_DEP/cumulative dia 08 (2026-08-04 → 2026-08-12) 56482 bytes
2026-08-04 09:38:12,544 [INFO] [OK] USA/ECM_ENSEMBLE_Soy_PRCP_DEP/cumulative dia 09 (2026-08-04 → 2026-08-13) 58078 bytes
2026-08-04 09:38:13,542 [INFO] [OK] USA/ECM_ENSEMBLE_Soy_PRCP_DEP/cumulative dia 10 (2026-08-04 → 2026-08-14) 58840 bytes
2026-08-04 09:38:15,359 [INFO] [OK] USA/ECM_ENSEMBLE_Soy_PRCP/daily dia 00 (2026-08-04 → 2026-08-04) 35844 bytes
2026-08-04 09:38:15,517 [INFO] [OK] USA/ECM_ENSEMBLE_Soy_PRCP_DEP/cumulative dia 11 (2026-08-04 → 2026-08-15) 59274 bytes
2026-08-04 09:38:16,095 [INFO] [OK] USA/ECM_ENSEMBLE_Soy_PRCP_DEP/cumulative dia 12 (2026-08-04 → 2026-08-16) 59687 bytes
2026-08-04 09:38:16,249 [INFO] [OK] USA/ECM_ENSEMBLE_Soy_PRCP/daily dia 01 (2026-08-05 → 2026-08-05) 36960 bytes
2026-08-04 09:38:16,331 [INFO] [OK] USA/ECM_ENSEMBLE_Soy_PRCP_DEP/cumulative dia 13 (2026-08-04 → 2026-08-17) 59563 bytes
2026-08-04 09:38:17,180 [INFO] [OK] USA/ECM_ENSEMBLE_Soy_PRCP_DEP/cumulative dia 14 (2026-08-04 → 2026-08-18) 60015 bytes
2026-08-04 09:38:17,301 [INFO] [OK] USA/ECM_ENSEMBLE_Soy_PRCP/daily dia 02 (2026-08-06 → 2026-08-06) 36036 bytes
2026-08-04 09:38:18,052 [INFO] [OK] USA/ECM_ENSEMBLE_Soy_PRCP/daily dia 03 (2026-08-07 → 2026-08-07) 35738 bytes
2026-08-04 09:38:18,225 [INFO] [OK] USA/ECM_ENSEMBLE_Soy_PRCP/daily dia 06 (2026-08-10 → 2026-08-10) 35974 bytes
2026-08-04 09:38:18,544 [INFO] [OK] USA/ECM_ENSEMBLE_Soy_PRCP/daily dia 05 (2026-08-09 → 2026-08-09) 35011 bytes
2026-08-04 09:38:18,689 [INFO] [OK] USA/ECM_ENSEMBLE_Soy_PRCP/daily dia 04 (2026-08-08 → 2026-08-08) 34481 bytes
2026-08-04 09:38:19,287 [INFO] [OK] USA/ECM_ENSEMBLE_Soy_PRCP/daily dia 07 (2026-08-11 → 2026-08-11) 36819 bytes
2026-08-04 09:38:19,470 [INFO] [OK] USA/ECM_ENSEMBLE_Soy_PRCP/daily dia 08 (2026-08-12 → 2026-08-12) 36132 bytes
2026-08-04 09:38:20,103 [INFO] [OK] USA/ECM_ENSEMBLE_Soy_PRCP/daily dia 09 (2026-08-13 → 2026-08-13) 36336 bytes
2026-08-04 09:38:20,356 [INFO] [OK] USA/ECM_ENSEMBLE_Soy_PRCP/daily dia 10 (2026-08-14 → 2026-08-14) 35482 bytes
2026-08-04 09:38:20,530 [INFO] [OK] USA/ECM_ENSEMBLE_Soy_PRCP/daily dia 11 (2026-08-15 → 2026-08-15) 35520 bytes
2026-08-04 09:38:20,532 [INFO] [OK] USA/ECM_ENSEMBLE_Soy_PRCP/daily dia 12 (2026-08-16 → 2026-08-16) 35077 bytes
2026-08-04 09:38:21,320 [INFO] [OK] USA/ECM_ENSEMBLE_Soy_PRCP/daily dia 14 (2026-08-18 → 2026-08-18) 35693 bytes
2026-08-04 09:38:21,495 [INFO] [OK] USA/ECM_ENSEMBLE_Soy_PRCP/daily dia 13 (2026-08-17 → 2026-08-17) 35543 bytes
2026-08-04 09:38:22,114 [INFO] [OK] USA/ECM_ENSEMBLE_Soy_PRCP/cumulative dia 00 (2026-08-04 → 2026-08-04) 35844 bytes
2026-08-04 09:38:22,626 [INFO] [OK] USA/ECM_ENSEMBLE_Soy_PRCP/cumulative dia 01 (2026-08-04 → 2026-08-05) 39522 bytes
2026-08-04 09:38:22,985 [INFO] [OK] USA/ECM_ENSEMBLE_Soy_PRCP/cumulative dia 02 (2026-08-04 → 2026-08-06) 40938 bytes
2026-08-04 09:38:23,500 [INFO] [OK] USA/ECM_ENSEMBLE_Soy_PRCP/cumulative dia 03 (2026-08-04 → 2026-08-07) 42275 bytes
2026-08-04 09:38:24,543 [INFO] [OK] USA/ECM_ENSEMBLE_Soy_PRCP/cumulative dia 04 (2026-08-04 → 2026-08-08) 43019 bytes
2026-08-04 09:38:25,669 [INFO] [OK] USA/ECM_ENSEMBLE_Soy_PRCP/cumulative dia 05 (2026-08-04 → 2026-08-09) 44177 bytes
2026-08-04 09:38:27,176 [INFO] [OK] USA/ECM_ENSEMBLE_Soy_PRCP/cumulative dia 06 (2026-08-04 → 2026-08-10) 44917 bytes
2026-08-04 09:38:27,400 [INFO] [OK] USA/ECM_ENSEMBLE_Soy_PRCP/cumulative dia 07 (2026-08-04 → 2026-08-11) 46046 bytes
2026-08-04 09:38:28,464 [INFO] [OK] USA/ECM_ENSEMBLE_Soy_PRCP/cumulative dia 08 (2026-08-04 → 2026-08-12) 47441 bytes
2026-08-04 09:38:29,275 [INFO] [OK] USA/ECM_ENSEMBLE_Soy_PRCP/cumulative dia 09 (2026-08-04 → 2026-08-13) 47926 bytes
2026-08-04 09:38:30,304 [INFO] [OK] USA/ECM_ENSEMBLE_Soy_PRCP/cumulative dia 10 (2026-08-04 → 2026-08-14) 48745 bytes
2026-08-04 09:38:31,788 [INFO] [OK] USA/ECM_ENSEMBLE_Wheat_Winter_PRCP_DEP/daily dia 00 (2026-08-04 → 2026-08-04) 47998 bytes
2026-08-04 09:38:32,156 [INFO] [OK] USA/ECM_ENSEMBLE_Soy_PRCP/cumulative dia 11 (2026-08-04 → 2026-08-15) 49750 bytes
2026-08-04 09:38:32,984 [INFO] [OK] USA/ECM_ENSEMBLE_Wheat_Winter_PRCP_DEP/daily dia 01 (2026-08-05 → 2026-08-05) 51627 bytes
2026-08-04 09:38:33,421 [INFO] [OK] USA/ECM_ENSEMBLE_Soy_PRCP/cumulative dia 12 (2026-08-04 → 2026-08-16) 50126 bytes
2026-08-04 09:38:34,002 [INFO] [OK] USA/ECM_ENSEMBLE_Soy_PRCP/cumulative dia 13 (2026-08-04 → 2026-08-17) 50062 bytes
2026-08-04 09:38:34,192 [INFO] [OK] USA/ECM_ENSEMBLE_Wheat_Winter_PRCP_DEP/daily dia 02 (2026-08-06 → 2026-08-06) 51739 bytes
2026-08-04 09:38:34,670 [INFO] [OK] USA/ECM_ENSEMBLE_Wheat_Winter_PRCP_DEP/daily dia 03 (2026-08-07 → 2026-08-07) 52758 bytes
2026-08-04 09:38:35,159 [INFO] [OK] USA/ECM_ENSEMBLE_Soy_PRCP/cumulative dia 14 (2026-08-04 → 2026-08-18) 50378 bytes
2026-08-04 09:38:35,368 [INFO] [OK] USA/ECM_ENSEMBLE_Wheat_Winter_PRCP_DEP/daily dia 04 (2026-08-08 → 2026-08-08) 52130 bytes
2026-08-04 09:38:35,468 [INFO] [OK] USA/ECM_ENSEMBLE_Wheat_Winter_PRCP_DEP/daily dia 05 (2026-08-09 → 2026-08-09) 54614 bytes
2026-08-04 09:38:36,177 [INFO] [OK] USA/ECM_ENSEMBLE_Wheat_Winter_PRCP_DEP/daily dia 06 (2026-08-10 → 2026-08-10) 56674 bytes
2026-08-04 09:38:36,414 [INFO] [OK] USA/ECM_ENSEMBLE_Wheat_Winter_PRCP_DEP/daily dia 07 (2026-08-11 → 2026-08-11) 58637 bytes
2026-08-04 09:38:36,896 [INFO] [OK] USA/ECM_ENSEMBLE_Wheat_Winter_PRCP_DEP/daily dia 08 (2026-08-12 → 2026-08-12) 59643 bytes
2026-08-04 09:38:38,521 [INFO] [OK] USA/ECM_ENSEMBLE_Wheat_Winter_PRCP_DEP/daily dia 09 (2026-08-13 → 2026-08-13) 59416 bytes
2026-08-04 09:38:38,572 [INFO] [OK] USA/ECM_ENSEMBLE_Wheat_Winter_PRCP_DEP/daily dia 10 (2026-08-14 → 2026-08-14) 60612 bytes
2026-08-04 09:38:38,866 [INFO] [OK] USA/ECM_ENSEMBLE_Wheat_Winter_PRCP_DEP/daily dia 11 (2026-08-15 → 2026-08-15) 61977 bytes
2026-08-04 09:38:39,814 [INFO] [OK] USA/ECM_ENSEMBLE_Wheat_Winter_PRCP_DEP/daily dia 13 (2026-08-17 → 2026-08-17) 62593 bytes
2026-08-04 09:38:39,849 [INFO] [OK] USA/ECM_ENSEMBLE_Wheat_Winter_PRCP_DEP/daily dia 12 (2026-08-16 → 2026-08-16) 61202 bytes
2026-08-04 09:38:39,967 [INFO] [OK] USA/ECM_ENSEMBLE_Wheat_Winter_PRCP_DEP/daily dia 14 (2026-08-18 → 2026-08-18) 59827 bytes
2026-08-04 09:38:41,420 [INFO] [OK] USA/ECM_ENSEMBLE_Wheat_Winter_PRCP_DEP/cumulative dia 00 (2026-08-04 → 2026-08-04) 47998 bytes
2026-08-04 09:38:41,496 [INFO] [OK] USA/ECM_ENSEMBLE_Wheat_Winter_PRCP_DEP/cumulative dia 01 (2026-08-04 → 2026-08-05) 52157 bytes
2026-08-04 09:38:41,886 [INFO] [OK] USA/ECM_ENSEMBLE_Wheat_Winter_PRCP_DEP/cumulative dia 02 (2026-08-04 → 2026-08-06) 53922 bytes
2026-08-04 09:38:42,846 [INFO] [OK] USA/ECM_ENSEMBLE_Wheat_Winter_PRCP_DEP/cumulative dia 03 (2026-08-04 → 2026-08-07) 53896 bytes
2026-08-04 09:38:43,175 [INFO] [OK] USA/ECM_ENSEMBLE_Wheat_Winter_PRCP_DEP/cumulative dia 04 (2026-08-04 → 2026-08-08) 53342 bytes
2026-08-04 09:38:43,622 [INFO] [OK] USA/ECM_ENSEMBLE_Wheat_Winter_PRCP_DEP/cumulative dia 05 (2026-08-04 → 2026-08-09) 54423 bytes
2026-08-04 09:38:46,148 [INFO] [OK] USA/ECM_ENSEMBLE_Wheat_Winter_PRCP_DEP/cumulative dia 06 (2026-08-04 → 2026-08-10) 55607 bytes
2026-08-04 09:38:46,591 [INFO] [OK] USA/ECM_ENSEMBLE_Wheat_Winter_PRCP_DEP/cumulative dia 07 (2026-08-04 → 2026-08-11) 56723 bytes
2026-08-04 09:38:46,737 [INFO] [OK] USA/ECM_ENSEMBLE_Wheat_Winter_PRCP_DEP/cumulative dia 08 (2026-08-04 → 2026-08-12) 58097 bytes
2026-08-04 09:38:48,892 [INFO] [OK] USA/ECM_ENSEMBLE_Wheat_Winter_PRCP_DEP/cumulative dia 09 (2026-08-04 → 2026-08-13) 59544 bytes
2026-08-04 09:38:49,148 [INFO] [OK] USA/ECM_ENSEMBLE_Wheat_Winter_PRCP_DEP/cumulative dia 10 (2026-08-04 → 2026-08-14) 60185 bytes
2026-08-04 09:38:50,183 [INFO] [OK] USA/ECM_ENSEMBLE_Wheat_Winter_PRCP_DEP/cumulative dia 11 (2026-08-04 → 2026-08-15) 60366 bytes
2026-08-04 09:38:52,098 [INFO] [OK] USA/ECM_ENSEMBLE_Wheat_Winter_PRCP/daily dia 00 (2026-08-04 → 2026-08-04) 37463 bytes
2026-08-04 09:38:52,509 [INFO] [OK] USA/ECM_ENSEMBLE_Wheat_Winter_PRCP/daily dia 01 (2026-08-05 → 2026-08-05) 38478 bytes
2026-08-04 09:38:54,002 [INFO] [OK] USA/ECM_ENSEMBLE_Wheat_Winter_PRCP/daily dia 02 (2026-08-06 → 2026-08-06) 37538 bytes
2026-08-04 09:38:54,011 [INFO] [OK] USA/ECM_ENSEMBLE_Wheat_Winter_PRCP_DEP/cumulative dia 12 (2026-08-04 → 2026-08-16) 60722 bytes
2026-08-04 09:38:54,525 [INFO] [OK] USA/ECM_ENSEMBLE_Wheat_Winter_PRCP_DEP/cumulative dia 13 (2026-08-04 → 2026-08-17) 60698 bytes
2026-08-04 09:38:54,936 [INFO] [OK] USA/ECM_ENSEMBLE_Wheat_Winter_PRCP/daily dia 03 (2026-08-07 → 2026-08-07) 37241 bytes
2026-08-04 09:38:55,433 [INFO] [OK] USA/ECM_ENSEMBLE_Wheat_Winter_PRCP_DEP/cumulative dia 14 (2026-08-04 → 2026-08-18) 61234 bytes
2026-08-04 09:38:55,461 [INFO] [OK] USA/ECM_ENSEMBLE_Wheat_Winter_PRCP/daily dia 04 (2026-08-08 → 2026-08-08) 36056 bytes
2026-08-04 09:38:56,777 [INFO] [OK] USA/ECM_ENSEMBLE_Wheat_Winter_PRCP/daily dia 06 (2026-08-10 → 2026-08-10) 37611 bytes
2026-08-04 09:38:56,992 [INFO] [OK] USA/ECM_ENSEMBLE_Wheat_Winter_PRCP/daily dia 05 (2026-08-09 → 2026-08-09) 36709 bytes
2026-08-04 09:38:57,377 [INFO] [OK] USA/ECM_ENSEMBLE_Wheat_Winter_PRCP/daily dia 07 (2026-08-11 → 2026-08-11) 38443 bytes
2026-08-04 09:38:57,910 [INFO] [OK] USA/ECM_ENSEMBLE_Wheat_Winter_PRCP/daily dia 09 (2026-08-13 → 2026-08-13) 38072 bytes
2026-08-04 09:38:58,003 [INFO] [OK] USA/ECM_ENSEMBLE_Wheat_Winter_PRCP/daily dia 08 (2026-08-12 → 2026-08-12) 37765 bytes
2026-08-04 09:38:58,675 [INFO] [OK] USA/ECM_ENSEMBLE_Wheat_Winter_PRCP/daily dia 10 (2026-08-14 → 2026-08-14) 37042 bytes
2026-08-04 09:39:00,759 [INFO] [OK] USA/ECM_ENSEMBLE_Wheat_Winter_PRCP/daily dia 11 (2026-08-15 → 2026-08-15) 37015 bytes
2026-08-04 09:39:00,766 [INFO] [OK] USA/ECM_ENSEMBLE_Wheat_Winter_PRCP/daily dia 12 (2026-08-16 → 2026-08-16) 36582 bytes
2026-08-04 09:39:01,192 [INFO] [OK] USA/ECM_ENSEMBLE_Wheat_Winter_PRCP/daily dia 13 (2026-08-17 → 2026-08-17) 37003 bytes
2026-08-04 09:39:01,593 [INFO] [OK] USA/ECM_ENSEMBLE_Wheat_Winter_PRCP/daily dia 14 (2026-08-18 → 2026-08-18) 37313 bytes
2026-08-04 09:39:01,690 [INFO] [OK] USA/ECM_ENSEMBLE_Wheat_Winter_PRCP/cumulative dia 00 (2026-08-04 → 2026-08-04) 37463 bytes
2026-08-04 09:39:02,092 [WARNING] [RETRY] USA/ECM_ENSEMBLE_Wheat_Winter_PRCP/cumulative dia 06 - tentativa 1/3: 500 Server Error: Internal Server Error for url: https://api.weatherdesk.xweather.com/28ffaaf6-c3a2-4009-bd9a-050272f32b8a/services/gwi/v1/getimage?type=station&grouping=D&metric=1&region=35&parameter=PRCP&model=4&crop=20&label=1&colorscale=1&start=2026-08-04&end=2026-08-10
2026-08-04 09:39:02,715 [INFO] [OK] USA/ECM_ENSEMBLE_Wheat_Winter_PRCP/cumulative dia 01 (2026-08-04 → 2026-08-05) 41228 bytes
2026-08-04 09:39:05,006 [INFO] [OK] USA/ECM_ENSEMBLE_Wheat_Winter_PRCP/cumulative dia 02 (2026-08-04 → 2026-08-06) 42521 bytes
2026-08-04 09:39:06,023 [INFO] [OK] USA/ECM_ENSEMBLE_Wheat_Winter_PRCP/cumulative dia 03 (2026-08-04 → 2026-08-07) 43735 bytes
2026-08-04 09:39:06,679 [INFO] [OK] USA/ECM_ENSEMBLE_Wheat_Winter_PRCP/cumulative dia 04 (2026-08-04 → 2026-08-08) 44603 bytes
2026-08-04 09:39:07,669 [INFO] [OK] USA/ECM_ENSEMBLE_Wheat_Winter_PRCP/cumulative dia 05 (2026-08-04 → 2026-08-09) 45729 bytes
2026-08-04 09:39:09,381 [INFO] [OK] USA/ECM_ENSEMBLE_Wheat_Winter_PRCP/cumulative dia 07 (2026-08-04 → 2026-08-11) 47683 bytes
2026-08-04 09:39:12,044 [INFO] [OK] USA/ECM_ENSEMBLE_Wheat_Winter_PRCP/cumulative dia 08 (2026-08-04 → 2026-08-12) 49099 bytes
2026-08-04 09:39:14,130 [INFO] [OK] USA/ECM_ENSEMBLE_Wheat_Winter_PRCP/cumulative dia 09 (2026-08-04 → 2026-08-13) 49774 bytes
2026-08-04 09:39:14,627 [INFO] [OK] USA/ECM_ENSEMBLE_Wheat_Winter_PRCP/cumulative dia 10 (2026-08-04 → 2026-08-14) 50465 bytes
2026-08-04 09:39:16,666 [INFO] [OK] USA/ECM_ENSEMBLE_Wheat_Winter_PRCP/cumulative dia 06 (2026-08-04 → 2026-08-10) 46498 bytes
2026-08-04 09:39:16,700 [INFO] [OK] USA/ECM_ENSEMBLE_Wheat_Winter_PRCP/cumulative dia 11 (2026-08-04 → 2026-08-15) 51503 bytes
2026-08-04 09:39:18,618 [INFO] [OK] USA/ECM_ENSEMBLE_Wheat_Spring_PRCP_DEP/daily dia 00 (2026-08-04 → 2026-08-04) 45083 bytes
2026-08-04 09:39:18,726 [INFO] [OK] USA/ECM_ENSEMBLE_Wheat_Winter_PRCP/cumulative dia 12 (2026-08-04 → 2026-08-16) 51872 bytes
2026-08-04 09:39:20,264 [INFO] [OK] USA/ECM_ENSEMBLE_Wheat_Spring_PRCP_DEP/daily dia 01 (2026-08-05 → 2026-08-05) 48134 bytes
2026-08-04 09:39:20,352 [INFO] [OK] USA/ECM_ENSEMBLE_Wheat_Spring_PRCP_DEP/daily dia 02 (2026-08-06 → 2026-08-06) 48347 bytes
2026-08-04 09:39:21,249 [INFO] [OK] USA/ECM_ENSEMBLE_Wheat_Winter_PRCP/cumulative dia 13 (2026-08-04 → 2026-08-17) 51733 bytes
2026-08-04 09:39:21,615 [INFO] [OK] USA/ECM_ENSEMBLE_Wheat_Spring_PRCP_DEP/daily dia 03 (2026-08-07 → 2026-08-07) 49275 bytes
2026-08-04 09:39:21,971 [INFO] [OK] USA/ECM_ENSEMBLE_Wheat_Spring_PRCP_DEP/daily dia 04 (2026-08-08 → 2026-08-08) 48597 bytes
2026-08-04 09:39:23,435 [INFO] [OK] USA/ECM_ENSEMBLE_Wheat_Spring_PRCP_DEP/daily dia 05 (2026-08-09 → 2026-08-09) 51226 bytes
2026-08-04 09:39:23,489 [INFO] [OK] USA/ECM_ENSEMBLE_Wheat_Winter_PRCP/cumulative dia 14 (2026-08-04 → 2026-08-18) 51838 bytes
2026-08-04 09:39:23,827 [INFO] [OK] USA/ECM_ENSEMBLE_Wheat_Spring_PRCP_DEP/daily dia 06 (2026-08-10 → 2026-08-10) 53381 bytes
2026-08-04 09:39:24,318 [INFO] [OK] USA/ECM_ENSEMBLE_Wheat_Spring_PRCP_DEP/daily dia 07 (2026-08-11 → 2026-08-11) 55444 bytes
2026-08-04 09:39:24,809 [INFO] [OK] USA/ECM_ENSEMBLE_Wheat_Spring_PRCP_DEP/daily dia 08 (2026-08-12 → 2026-08-12) 56012 bytes
2026-08-04 09:39:25,657 [INFO] [OK] USA/ECM_ENSEMBLE_Wheat_Spring_PRCP_DEP/daily dia 09 (2026-08-13 → 2026-08-13) 55506 bytes
2026-08-04 09:39:26,286 [INFO] [OK] USA/ECM_ENSEMBLE_Wheat_Spring_PRCP_DEP/daily dia 10 (2026-08-14 → 2026-08-14) 57048 bytes
2026-08-04 09:39:26,575 [INFO] [OK] USA/ECM_ENSEMBLE_Wheat_Spring_PRCP_DEP/daily dia 11 (2026-08-15 → 2026-08-15) 58529 bytes
2026-08-04 09:39:27,143 [INFO] [OK] USA/ECM_ENSEMBLE_Wheat_Spring_PRCP_DEP/daily dia 12 (2026-08-16 → 2026-08-16) 57769 bytes
2026-08-04 09:39:27,660 [INFO] [OK] USA/ECM_ENSEMBLE_Wheat_Spring_PRCP_DEP/daily dia 13 (2026-08-17 → 2026-08-17) 59411 bytes
2026-08-04 09:39:27,990 [INFO] [OK] USA/ECM_ENSEMBLE_Wheat_Spring_PRCP_DEP/daily dia 14 (2026-08-18 → 2026-08-18) 56348 bytes
2026-08-04 09:39:29,496 [INFO] [OK] USA/ECM_ENSEMBLE_Wheat_Spring_PRCP_DEP/cumulative dia 00 (2026-08-04 → 2026-08-04) 45083 bytes
2026-08-04 09:39:30,358 [INFO] [OK] USA/ECM_ENSEMBLE_Wheat_Spring_PRCP_DEP/cumulative dia 01 (2026-08-04 → 2026-08-05) 49070 bytes
2026-08-04 09:39:30,866 [INFO] [OK] USA/ECM_ENSEMBLE_Wheat_Spring_PRCP_DEP/cumulative dia 02 (2026-08-04 → 2026-08-06) 50388 bytes
2026-08-04 09:39:32,465 [INFO] [OK] USA/ECM_ENSEMBLE_Wheat_Spring_PRCP_DEP/cumulative dia 03 (2026-08-04 → 2026-08-07) 50248 bytes
2026-08-04 09:39:32,838 [INFO] [OK] USA/ECM_ENSEMBLE_Wheat_Spring_PRCP_DEP/cumulative dia 04 (2026-08-04 → 2026-08-08) 49736 bytes
2026-08-04 09:39:34,011 [INFO] [OK] USA/ECM_ENSEMBLE_Wheat_Spring_PRCP_DEP/cumulative dia 05 (2026-08-04 → 2026-08-09) 50804 bytes
2026-08-04 09:39:35,688 [INFO] [OK] USA/ECM_ENSEMBLE_Wheat_Spring_PRCP_DEP/cumulative dia 06 (2026-08-04 → 2026-08-10) 51947 bytes
2026-08-04 09:39:38,092 [INFO] [OK] USA/ECM_ENSEMBLE_Wheat_Spring_PRCP_DEP/cumulative dia 08 (2026-08-04 → 2026-08-12) 54310 bytes
2026-08-04 09:39:38,427 [INFO] [OK] USA/ECM_ENSEMBLE_Wheat_Spring_PRCP_DEP/cumulative dia 07 (2026-08-04 → 2026-08-11) 52900 bytes
