2026-08-19 09:33:18,233 [INFO] === Execução 2026-08-19 | modo=both | dias=15 | parâmetro=['PRCP_DEP', 'PRCP'] ===
2026-08-19 09:33:18,234 [INFO] Baixando 960 mapas com 6 threads...
2026-08-19 09:33:28,147 [INFO] [OK] Brazil/GFS_ENSEMBLE_Soy_PRCP_DEP/daily dia 04 (2026-08-23 → 2026-08-23) 39775 bytes
2026-08-19 09:33:28,151 [INFO] [OK] Brazil/GFS_ENSEMBLE_Soy_PRCP_DEP/daily dia 00 (2026-08-19 → 2026-08-19) 37772 bytes
2026-08-19 09:33:28,153 [INFO] [OK] Brazil/GFS_ENSEMBLE_Soy_PRCP_DEP/daily dia 01 (2026-08-20 → 2026-08-20) 37621 bytes
2026-08-19 09:33:28,154 [INFO] [OK] Brazil/GFS_ENSEMBLE_Soy_PRCP_DEP/daily dia 02 (2026-08-21 → 2026-08-21) 35230 bytes
2026-08-19 09:33:28,162 [INFO] [OK] Brazil/GFS_ENSEMBLE_Soy_PRCP_DEP/daily dia 03 (2026-08-22 → 2026-08-22) 34043 bytes
2026-08-19 09:33:28,252 [INFO] [OK] Brazil/GFS_ENSEMBLE_Soy_PRCP_DEP/daily dia 05 (2026-08-24 → 2026-08-24) 43362 bytes
2026-08-19 09:33:32,373 [INFO] [OK] Brazil/GFS_ENSEMBLE_Soy_PRCP_DEP/daily dia 08 (2026-08-27 → 2026-08-27) 42768 bytes
2026-08-19 09:33:32,376 [INFO] [OK] Brazil/GFS_ENSEMBLE_Soy_PRCP_DEP/daily dia 07 (2026-08-26 → 2026-08-26) 44712 bytes
2026-08-19 09:33:32,377 [INFO] [OK] Brazil/GFS_ENSEMBLE_Soy_PRCP_DEP/daily dia 09 (2026-08-28 → 2026-08-28) 42477 bytes
2026-08-19 09:33:32,378 [INFO] [OK] Brazil/GFS_ENSEMBLE_Soy_PRCP_DEP/daily dia 10 (2026-08-29 → 2026-08-29) 44119 bytes
2026-08-19 09:33:32,379 [INFO] [OK] Brazil/GFS_ENSEMBLE_Soy_PRCP_DEP/daily dia 11 (2026-08-30 → 2026-08-30) 46304 bytes
2026-08-19 09:33:32,381 [INFO] [OK] Brazil/GFS_ENSEMBLE_Soy_PRCP_DEP/daily dia 06 (2026-08-25 → 2026-08-25) 45348 bytes
2026-08-19 09:33:34,663 [INFO] [OK] Brazil/GFS_ENSEMBLE_Soy_PRCP_DEP/daily dia 13 (2026-09-01 → 2026-09-01) 48027 bytes
2026-08-19 09:33:34,963 [INFO] [OK] Brazil/GFS_ENSEMBLE_Soy_PRCP_DEP/cumulative dia 01 (2026-08-19 → 2026-08-20) 39453 bytes
2026-08-19 09:33:35,065 [INFO] [OK] Brazil/GFS_ENSEMBLE_Soy_PRCP_DEP/daily dia 12 (2026-08-31 → 2026-08-31) 47752 bytes
2026-08-19 09:33:35,360 [INFO] [OK] Brazil/GFS_ENSEMBLE_Soy_PRCP_DEP/cumulative dia 00 (2026-08-19 → 2026-08-19) 37772 bytes
2026-08-19 09:33:35,706 [INFO] [OK] Brazil/GFS_ENSEMBLE_Soy_PRCP_DEP/daily dia 14 (2026-09-02 → 2026-09-02) 51570 bytes
2026-08-19 09:33:35,945 [INFO] [OK] Brazil/GFS_ENSEMBLE_Soy_PRCP_DEP/cumulative dia 02 (2026-08-19 → 2026-08-21) 40414 bytes
2026-08-19 09:33:40,412 [INFO] [OK] Brazil/GFS_ENSEMBLE_Soy_PRCP_DEP/cumulative dia 03 (2026-08-19 → 2026-08-22) 40750 bytes
2026-08-19 09:33:40,478 [INFO] [OK] Brazil/GFS_ENSEMBLE_Soy_PRCP_DEP/cumulative dia 04 (2026-08-19 → 2026-08-23) 41896 bytes
2026-08-19 09:33:40,482 [INFO] [OK] Brazil/GFS_ENSEMBLE_Soy_PRCP_DEP/cumulative dia 05 (2026-08-19 → 2026-08-24) 43177 bytes
2026-08-19 09:33:40,484 [INFO] [OK] Brazil/GFS_ENSEMBLE_Soy_PRCP_DEP/cumulative dia 06 (2026-08-19 → 2026-08-25) 45569 bytes
2026-08-19 09:33:41,512 [INFO] [OK] Brazil/GFS_ENSEMBLE_Soy_PRCP_DEP/cumulative dia 07 (2026-08-19 → 2026-08-26) 47655 bytes
2026-08-19 09:33:41,516 [INFO] [OK] Brazil/GFS_ENSEMBLE_Soy_PRCP_DEP/cumulative dia 08 (2026-08-19 → 2026-08-27) 47605 bytes
2026-08-19 09:33:46,505 [INFO] [OK] Brazil/GFS_ENSEMBLE_Soy_PRCP_DEP/cumulative dia 09 (2026-08-19 → 2026-08-28) 48405 bytes
2026-08-19 09:33:47,303 [INFO] [OK] Brazil/GFS_ENSEMBLE_Soy_PRCP_DEP/cumulative dia 11 (2026-08-19 → 2026-08-30) 47879 bytes
2026-08-19 09:33:47,421 [INFO] [OK] Brazil/GFS_ENSEMBLE_Soy_PRCP_DEP/cumulative dia 10 (2026-08-19 → 2026-08-29) 48602 bytes
2026-08-19 09:33:47,424 [INFO] [OK] Brazil/GFS_ENSEMBLE_Soy_PRCP_DEP/cumulative dia 12 (2026-08-19 → 2026-08-31) 48302 bytes
2026-08-19 09:33:48,927 [INFO] [OK] Brazil/GFS_ENSEMBLE_Soy_PRCP/daily dia 00 (2026-08-19 → 2026-08-19) 31849 bytes
2026-08-19 09:33:49,341 [INFO] [OK] Brazil/GFS_ENSEMBLE_Soy_PRCP_DEP/cumulative dia 14 (2026-08-19 → 2026-09-02) 49727 bytes
2026-08-19 09:33:49,576 [INFO] [OK] Brazil/GFS_ENSEMBLE_Soy_PRCP_DEP/cumulative dia 13 (2026-08-19 → 2026-09-01) 48915 bytes
2026-08-19 09:33:49,628 [INFO] [OK] Brazil/GFS_ENSEMBLE_Soy_PRCP/daily dia 03 (2026-08-22 → 2026-08-22) 28190 bytes
2026-08-19 09:33:49,641 [INFO] [OK] Brazil/GFS_ENSEMBLE_Soy_PRCP/daily dia 01 (2026-08-20 → 2026-08-20) 30373 bytes
2026-08-19 09:33:49,764 [INFO] [OK] Brazil/GFS_ENSEMBLE_Soy_PRCP/daily dia 02 (2026-08-21 → 2026-08-21) 28011 bytes
2026-08-19 09:33:51,487 [INFO] [OK] Brazil/GFS_ENSEMBLE_Soy_PRCP/daily dia 04 (2026-08-23 → 2026-08-23) 28896 bytes
2026-08-19 09:33:51,612 [INFO] [OK] Brazil/GFS_ENSEMBLE_Soy_PRCP/daily dia 05 (2026-08-24 → 2026-08-24) 29522 bytes
2026-08-19 09:33:51,778 [INFO] [OK] Brazil/GFS_ENSEMBLE_Soy_PRCP/daily dia 08 (2026-08-27 → 2026-08-27) 29532 bytes
2026-08-19 09:33:51,921 [INFO] [OK] Brazil/GFS_ENSEMBLE_Soy_PRCP/daily dia 07 (2026-08-26 → 2026-08-26) 29969 bytes
2026-08-19 09:33:52,056 [INFO] [OK] Brazil/GFS_ENSEMBLE_Soy_PRCP/daily dia 09 (2026-08-28 → 2026-08-28) 28989 bytes
2026-08-19 09:33:52,170 [INFO] [OK] Brazil/GFS_ENSEMBLE_Soy_PRCP/daily dia 06 (2026-08-25 → 2026-08-25) 30366 bytes
2026-08-19 09:33:53,829 [INFO] [OK] Brazil/GFS_ENSEMBLE_Soy_PRCP/daily dia 11 (2026-08-30 → 2026-08-30) 30193 bytes
2026-08-19 09:33:53,834 [INFO] [OK] Brazil/GFS_ENSEMBLE_Soy_PRCP/daily dia 10 (2026-08-29 → 2026-08-29) 29366 bytes
2026-08-19 09:33:53,918 [INFO] [OK] Brazil/GFS_ENSEMBLE_Soy_PRCP/daily dia 12 (2026-08-31 → 2026-08-31) 30571 bytes
2026-08-19 09:33:54,014 [INFO] [OK] Brazil/GFS_ENSEMBLE_Soy_PRCP/daily dia 13 (2026-09-01 → 2026-09-01) 30200 bytes
2026-08-19 09:33:54,524 [INFO] [OK] Brazil/GFS_ENSEMBLE_Soy_PRCP/daily dia 14 (2026-09-02 → 2026-09-02) 29658 bytes
2026-08-19 09:33:54,909 [INFO] [OK] Brazil/GFS_ENSEMBLE_Soy_PRCP/cumulative dia 00 (2026-08-19 → 2026-08-19) 31849 bytes
2026-08-19 09:33:56,720 [INFO] [OK] Brazil/GFS_ENSEMBLE_Soy_PRCP/cumulative dia 01 (2026-08-19 → 2026-08-20) 33182 bytes
2026-08-19 09:33:56,875 [INFO] [OK] Brazil/GFS_ENSEMBLE_Soy_PRCP/cumulative dia 02 (2026-08-19 → 2026-08-21) 33562 bytes
2026-08-19 09:33:57,700 [INFO] [OK] Brazil/GFS_ENSEMBLE_Soy_PRCP/cumulative dia 03 (2026-08-19 → 2026-08-22) 34021 bytes
2026-08-19 09:33:57,995 [INFO] [OK] Brazil/GFS_ENSEMBLE_Soy_PRCP/cumulative dia 04 (2026-08-19 → 2026-08-23) 34957 bytes
2026-08-19 09:34:00,811 [INFO] [OK] Brazil/GFS_ENSEMBLE_Soy_PRCP/cumulative dia 05 (2026-08-19 → 2026-08-24) 36003 bytes
2026-08-19 09:34:00,811 [INFO] [OK] Brazil/GFS_ENSEMBLE_Soy_PRCP/cumulative dia 06 (2026-08-19 → 2026-08-25) 36989 bytes
2026-08-19 09:34:02,658 [INFO] [OK] Brazil/GFS_ENSEMBLE_Soy_PRCP/cumulative dia 07 (2026-08-19 → 2026-08-26) 38374 bytes
2026-08-19 09:34:02,661 [INFO] [OK] Brazil/GFS_ENSEMBLE_Soy_PRCP/cumulative dia 08 (2026-08-19 → 2026-08-27) 38712 bytes
2026-08-19 09:34:03,123 [INFO] [OK] Brazil/GFS_ENSEMBLE_Soy_PRCP/cumulative dia 09 (2026-08-19 → 2026-08-28) 39041 bytes
2026-08-19 09:34:04,495 [INFO] [OK] Brazil/GFS_ENSEMBLE_Soy_PRCP/cumulative dia 10 (2026-08-19 → 2026-08-29) 39478 bytes
2026-08-19 09:34:05,753 [INFO] [OK] Brazil/GFS_ENSEMBLE_Corn_Winter_PRCP_DEP/daily dia 00 (2026-08-19 → 2026-08-19) 36294 bytes
2026-08-19 09:34:07,319 [INFO] [OK] Brazil/GFS_ENSEMBLE_Soy_PRCP/cumulative dia 11 (2026-08-19 → 2026-08-30) 39837 bytes
2026-08-19 09:34:07,358 [INFO] [OK] Brazil/GFS_ENSEMBLE_Soy_PRCP/cumulative dia 12 (2026-08-19 → 2026-08-31) 40538 bytes
2026-08-19 09:34:07,525 [INFO] [OK] Brazil/GFS_ENSEMBLE_Corn_Winter_PRCP_DEP/daily dia 01 (2026-08-20 → 2026-08-20) 36155 bytes
2026-08-19 09:34:08,128 [INFO] [OK] Brazil/GFS_ENSEMBLE_Corn_Winter_PRCP_DEP/daily dia 02 (2026-08-21 → 2026-08-21) 33560 bytes
2026-08-19 09:34:08,130 [INFO] [OK] Brazil/GFS_ENSEMBLE_Soy_PRCP/cumulative dia 13 (2026-08-19 → 2026-09-01) 40641 bytes
2026-08-19 09:34:10,142 [INFO] [OK] Brazil/GFS_ENSEMBLE_Soy_PRCP/cumulative dia 14 (2026-08-19 → 2026-09-02) 41481 bytes
2026-08-19 09:34:10,163 [INFO] [OK] Brazil/GFS_ENSEMBLE_Corn_Winter_PRCP_DEP/daily dia 05 (2026-08-24 → 2026-08-24) 41851 bytes
2026-08-19 09:34:10,172 [INFO] [OK] Brazil/GFS_ENSEMBLE_Corn_Winter_PRCP_DEP/daily dia 04 (2026-08-23 → 2026-08-23) 38076 bytes
2026-08-19 09:34:10,173 [INFO] [OK] Brazil/GFS_ENSEMBLE_Corn_Winter_PRCP_DEP/daily dia 03 (2026-08-22 → 2026-08-22) 32568 bytes
2026-08-19 09:34:10,250 [INFO] [OK] Brazil/GFS_ENSEMBLE_Corn_Winter_PRCP_DEP/daily dia 06 (2026-08-25 → 2026-08-25) 44151 bytes
2026-08-19 09:34:10,717 [INFO] [OK] Brazil/GFS_ENSEMBLE_Corn_Winter_PRCP_DEP/daily dia 07 (2026-08-26 → 2026-08-26) 43372 bytes
2026-08-19 09:34:12,228 [INFO] [OK] Brazil/GFS_ENSEMBLE_Corn_Winter_PRCP_DEP/daily dia 08 (2026-08-27 → 2026-08-27) 41219 bytes
2026-08-19 09:34:12,233 [INFO] [OK] Brazil/GFS_ENSEMBLE_Corn_Winter_PRCP_DEP/daily dia 09 (2026-08-28 → 2026-08-28) 40827 bytes
2026-08-19 09:34:12,236 [INFO] [OK] Brazil/GFS_ENSEMBLE_Corn_Winter_PRCP_DEP/daily dia 12 (2026-08-31 → 2026-08-31) 46436 bytes
2026-08-19 09:34:12,352 [INFO] [OK] Brazil/GFS_ENSEMBLE_Corn_Winter_PRCP_DEP/daily dia 10 (2026-08-29 → 2026-08-29) 42549 bytes
2026-08-19 09:34:12,588 [INFO] [OK] Brazil/GFS_ENSEMBLE_Corn_Winter_PRCP_DEP/daily dia 11 (2026-08-30 → 2026-08-30) 44901 bytes
2026-08-19 09:34:12,716 [INFO] [OK] Brazil/GFS_ENSEMBLE_Corn_Winter_PRCP_DEP/daily dia 13 (2026-09-01 → 2026-09-01) 46596 bytes
2026-08-19 09:34:14,350 [INFO] [OK] Brazil/GFS_ENSEMBLE_Corn_Winter_PRCP_DEP/daily dia 14 (2026-09-02 → 2026-09-02) 50123 bytes
2026-08-19 09:34:14,480 [INFO] [OK] Brazil/GFS_ENSEMBLE_Corn_Winter_PRCP_DEP/cumulative dia 00 (2026-08-19 → 2026-08-19) 36294 bytes
2026-08-19 09:34:14,545 [INFO] [OK] Brazil/GFS_ENSEMBLE_Corn_Winter_PRCP_DEP/cumulative dia 01 (2026-08-19 → 2026-08-20) 37984 bytes
2026-08-19 09:34:14,687 [INFO] [OK] Brazil/GFS_ENSEMBLE_Corn_Winter_PRCP_DEP/cumulative dia 02 (2026-08-19 → 2026-08-21) 38943 bytes
2026-08-19 09:34:15,882 [INFO] [OK] Brazil/GFS_ENSEMBLE_Corn_Winter_PRCP_DEP/cumulative dia 04 (2026-08-19 → 2026-08-23) 40389 bytes
2026-08-19 09:34:15,909 [INFO] [OK] Brazil/GFS_ENSEMBLE_Corn_Winter_PRCP_DEP/cumulative dia 03 (2026-08-19 → 2026-08-22) 39215 bytes
2026-08-19 09:34:18,022 [INFO] [OK] Brazil/GFS_ENSEMBLE_Corn_Winter_PRCP_DEP/cumulative dia 05 (2026-08-19 → 2026-08-24) 41613 bytes
2026-08-19 09:34:18,340 [INFO] [OK] Brazil/GFS_ENSEMBLE_Corn_Winter_PRCP_DEP/cumulative dia 06 (2026-08-19 → 2026-08-25) 44013 bytes
2026-08-19 09:34:19,385 [INFO] [OK] Brazil/GFS_ENSEMBLE_Corn_Winter_PRCP_DEP/cumulative dia 07 (2026-08-19 → 2026-08-26) 46314 bytes
2026-08-19 09:34:21,508 [INFO] [OK] Brazil/GFS_ENSEMBLE_Corn_Winter_PRCP_DEP/cumulative dia 09 (2026-08-19 → 2026-08-28) 46793 bytes
2026-08-19 09:34:21,509 [INFO] [OK] Brazil/GFS_ENSEMBLE_Corn_Winter_PRCP_DEP/cumulative dia 08 (2026-08-19 → 2026-08-27) 46112 bytes
2026-08-19 09:34:21,514 [INFO] [OK] Brazil/GFS_ENSEMBLE_Corn_Winter_PRCP_DEP/cumulative dia 10 (2026-08-19 → 2026-08-29) 47060 bytes
2026-08-19 09:34:23,646 [INFO] [OK] Brazil/GFS_ENSEMBLE_Corn_Winter_PRCP_DEP/cumulative dia 11 (2026-08-19 → 2026-08-30) 46569 bytes
2026-08-19 09:34:23,665 [INFO] [OK] Brazil/GFS_ENSEMBLE_Corn_Winter_PRCP_DEP/cumulative dia 12 (2026-08-19 → 2026-08-31) 46885 bytes
2026-08-19 09:34:25,140 [INFO] [OK] Brazil/GFS_ENSEMBLE_Corn_Winter_PRCP/daily dia 01 (2026-08-20 → 2026-08-20) 28743 bytes
2026-08-19 09:34:25,149 [INFO] [OK] Brazil/GFS_ENSEMBLE_Corn_Winter_PRCP/daily dia 00 (2026-08-19 → 2026-08-19) 30158 bytes
2026-08-19 09:34:25,775 [INFO] [OK] Brazil/GFS_ENSEMBLE_Corn_Winter_PRCP/daily dia 02 (2026-08-21 → 2026-08-21) 26501 bytes
2026-08-19 09:34:25,894 [INFO] [OK] Brazil/GFS_ENSEMBLE_Corn_Winter_PRCP_DEP/cumulative dia 13 (2026-08-19 → 2026-09-01) 47629 bytes
2026-08-19 09:34:26,373 [INFO] [OK] Brazil/GFS_ENSEMBLE_Corn_Winter_PRCP/daily dia 03 (2026-08-22 → 2026-08-22) 26705 bytes
2026-08-19 09:34:27,425 [INFO] [OK] Brazil/GFS_ENSEMBLE_Corn_Winter_PRCP_DEP/cumulative dia 14 (2026-08-19 → 2026-09-02) 48251 bytes
2026-08-19 09:34:27,764 [INFO] [OK] Brazil/GFS_ENSEMBLE_Corn_Winter_PRCP/daily dia 04 (2026-08-23 → 2026-08-23) 27462 bytes
2026-08-19 09:34:27,766 [INFO] [OK] Brazil/GFS_ENSEMBLE_Corn_Winter_PRCP/daily dia 05 (2026-08-24 → 2026-08-24) 28117 bytes
2026-08-19 09:34:27,997 [INFO] [OK] Brazil/GFS_ENSEMBLE_Corn_Winter_PRCP/daily dia 06 (2026-08-25 → 2026-08-25) 28774 bytes
2026-08-19 09:34:28,530 [INFO] [OK] Brazil/GFS_ENSEMBLE_Corn_Winter_PRCP/daily dia 07 (2026-08-26 → 2026-08-26) 28439 bytes
2026-08-19 09:34:29,353 [INFO] [OK] Brazil/GFS_ENSEMBLE_Corn_Winter_PRCP/daily dia 08 (2026-08-27 → 2026-08-27) 27821 bytes
2026-08-19 09:34:31,092 [INFO] [OK] Brazil/GFS_ENSEMBLE_Corn_Winter_PRCP/daily dia 09 (2026-08-28 → 2026-08-28) 27336 bytes
2026-08-19 09:34:31,101 [INFO] [OK] Brazil/GFS_ENSEMBLE_Corn_Winter_PRCP/daily dia 10 (2026-08-29 → 2026-08-29) 27766 bytes
2026-08-19 09:34:31,102 [INFO] [OK] Brazil/GFS_ENSEMBLE_Corn_Winter_PRCP/daily dia 12 (2026-08-31 → 2026-08-31) 28986 bytes
2026-08-19 09:34:31,103 [INFO] [OK] Brazil/GFS_ENSEMBLE_Corn_Winter_PRCP/daily dia 11 (2026-08-30 → 2026-08-30) 28599 bytes
2026-08-19 09:34:31,440 [INFO] [OK] Brazil/GFS_ENSEMBLE_Corn_Winter_PRCP/daily dia 14 (2026-09-02 → 2026-09-02) 28189 bytes
2026-08-19 09:34:31,513 [INFO] [OK] Brazil/GFS_ENSEMBLE_Corn_Winter_PRCP/daily dia 13 (2026-09-01 → 2026-09-01) 28694 bytes
2026-08-19 09:34:33,752 [INFO] [OK] Brazil/GFS_ENSEMBLE_Corn_Winter_PRCP/cumulative dia 01 (2026-08-19 → 2026-08-20) 31429 bytes
2026-08-19 09:34:33,907 [INFO] [OK] Brazil/GFS_ENSEMBLE_Corn_Winter_PRCP/cumulative dia 00 (2026-08-19 → 2026-08-19) 30158 bytes
2026-08-19 09:34:34,206 [INFO] [OK] Brazil/GFS_ENSEMBLE_Corn_Winter_PRCP/cumulative dia 02 (2026-08-19 → 2026-08-21) 31819 bytes
2026-08-19 09:34:34,899 [INFO] [OK] Brazil/GFS_ENSEMBLE_Corn_Winter_PRCP/cumulative dia 03 (2026-08-19 → 2026-08-22) 32276 bytes
2026-08-19 09:34:35,386 [INFO] [OK] Brazil/GFS_ENSEMBLE_Corn_Winter_PRCP/cumulative dia 04 (2026-08-19 → 2026-08-23) 33197 bytes
2026-08-19 09:34:35,730 [INFO] [OK] Brazil/GFS_ENSEMBLE_Corn_Winter_PRCP/cumulative dia 05 (2026-08-19 → 2026-08-24) 34275 bytes
2026-08-19 09:34:37,810 [INFO] [OK] Brazil/GFS_ENSEMBLE_Corn_Winter_PRCP/cumulative dia 06 (2026-08-19 → 2026-08-25) 35354 bytes
2026-08-19 09:34:37,811 [INFO] [OK] Brazil/GFS_ENSEMBLE_Corn_Winter_PRCP/cumulative dia 07 (2026-08-19 → 2026-08-26) 36578 bytes
2026-08-19 09:34:37,812 [INFO] [OK] Brazil/GFS_ENSEMBLE_Corn_Winter_PRCP/cumulative dia 08 (2026-08-19 → 2026-08-27) 36854 bytes
2026-08-19 09:34:38,144 [INFO] [OK] Brazil/GFS_ENSEMBLE_Corn_Winter_PRCP/cumulative dia 09 (2026-08-19 → 2026-08-28) 37286 bytes
2026-08-19 09:34:38,248 [INFO] [OK] Brazil/GFS_ENSEMBLE_Corn_Winter_PRCP/cumulative dia 10 (2026-08-19 → 2026-08-29) 37682 bytes
2026-08-19 09:34:39,140 [INFO] [OK] Brazil/GFS_ENSEMBLE_Corn_Winter_PRCP/cumulative dia 11 (2026-08-19 → 2026-08-30) 38098 bytes
2026-08-19 09:34:40,128 [INFO] [OK] Brazil/ECM_ENSEMBLE_Soy_PRCP_DEP/daily dia 01 (2026-08-20 → 2026-08-20) 42404 bytes
2026-08-19 09:34:40,311 [INFO] [OK] Brazil/ECM_ENSEMBLE_Soy_PRCP_DEP/daily dia 00 (2026-08-19 → 2026-08-19) 41800 bytes
2026-08-19 09:34:40,844 [INFO] [OK] Brazil/ECM_ENSEMBLE_Soy_PRCP_DEP/daily dia 02 (2026-08-21 → 2026-08-21) 39236 bytes
2026-08-19 09:34:41,106 [INFO] [OK] Brazil/GFS_ENSEMBLE_Corn_Winter_PRCP/cumulative dia 12 (2026-08-19 → 2026-08-31) 38809 bytes
2026-08-19 09:34:41,423 [INFO] [OK] Brazil/GFS_ENSEMBLE_Corn_Winter_PRCP/cumulative dia 13 (2026-08-19 → 2026-09-01) 39005 bytes
2026-08-19 09:34:41,424 [INFO] [OK] Brazil/GFS_ENSEMBLE_Corn_Winter_PRCP/cumulative dia 14 (2026-08-19 → 2026-09-02) 39822 bytes
2026-08-19 09:34:42,449 [INFO] [OK] Brazil/ECM_ENSEMBLE_Soy_PRCP_DEP/daily dia 03 (2026-08-22 → 2026-08-22) 39545 bytes
2026-08-19 09:34:42,450 [INFO] [OK] Brazil/ECM_ENSEMBLE_Soy_PRCP_DEP/daily dia 04 (2026-08-23 → 2026-08-23) 43347 bytes
2026-08-19 09:34:42,720 [INFO] [OK] Brazil/ECM_ENSEMBLE_Soy_PRCP_DEP/daily dia 05 (2026-08-24 → 2026-08-24) 47505 bytes
2026-08-19 09:34:42,724 [INFO] [OK] Brazil/ECM_ENSEMBLE_Soy_PRCP_DEP/daily dia 06 (2026-08-25 → 2026-08-25) 46841 bytes
2026-08-19 09:34:42,878 [INFO] [OK] Brazil/ECM_ENSEMBLE_Soy_PRCP_DEP/daily dia 08 (2026-08-27 → 2026-08-27) 48574 bytes
2026-08-19 09:34:42,893 [INFO] [OK] Brazil/ECM_ENSEMBLE_Soy_PRCP_DEP/daily dia 07 (2026-08-26 → 2026-08-26) 48234 bytes
2026-08-19 09:34:44,047 [INFO] [OK] Brazil/ECM_ENSEMBLE_Soy_PRCP_DEP/daily dia 10 (2026-08-29 → 2026-08-29) 47821 bytes
2026-08-19 09:34:44,139 [INFO] [OK] Brazil/ECM_ENSEMBLE_Soy_PRCP_DEP/daily dia 09 (2026-08-28 → 2026-08-28) 46950 bytes
2026-08-19 09:34:44,328 [INFO] [OK] Brazil/ECM_ENSEMBLE_Soy_PRCP_DEP/daily dia 12 (2026-08-31 → 2026-08-31) 51516 bytes
2026-08-19 09:34:44,516 [INFO] [OK] Brazil/ECM_ENSEMBLE_Soy_PRCP_DEP/daily dia 13 (2026-09-01 → 2026-09-01) 53607 bytes
2026-08-19 09:34:44,518 [INFO] [OK] Brazil/ECM_ENSEMBLE_Soy_PRCP_DEP/daily dia 14 (2026-09-02 → 2026-09-02) 53875 bytes
2026-08-19 09:34:44,560 [INFO] [OK] Brazil/ECM_ENSEMBLE_Soy_PRCP_DEP/daily dia 11 (2026-08-30 → 2026-08-30) 49432 bytes
2026-08-19 09:34:45,644 [INFO] [OK] Brazil/ECM_ENSEMBLE_Soy_PRCP_DEP/cumulative dia 01 (2026-08-19 → 2026-08-20) 42373 bytes
2026-08-19 09:34:45,714 [INFO] [OK] Brazil/ECM_ENSEMBLE_Soy_PRCP_DEP/cumulative dia 00 (2026-08-19 → 2026-08-19) 41800 bytes
2026-08-19 09:34:46,148 [INFO] [OK] Brazil/ECM_ENSEMBLE_Soy_PRCP_DEP/cumulative dia 02 (2026-08-19 → 2026-08-21) 44185 bytes
2026-08-19 09:34:46,950 [INFO] [OK] Brazil/ECM_ENSEMBLE_Soy_PRCP_DEP/cumulative dia 03 (2026-08-19 → 2026-08-22) 45492 bytes
2026-08-19 09:34:46,957 [INFO] [OK] Brazil/ECM_ENSEMBLE_Soy_PRCP_DEP/cumulative dia 04 (2026-08-19 → 2026-08-23) 46982 bytes
2026-08-19 09:34:46,959 [INFO] [OK] Brazil/ECM_ENSEMBLE_Soy_PRCP_DEP/cumulative dia 05 (2026-08-19 → 2026-08-24) 49471 bytes
2026-08-19 09:34:47,888 [INFO] [OK] Brazil/ECM_ENSEMBLE_Soy_PRCP_DEP/cumulative dia 06 (2026-08-19 → 2026-08-25) 50302 bytes
2026-08-19 09:34:48,163 [INFO] [OK] Brazil/ECM_ENSEMBLE_Soy_PRCP_DEP/cumulative dia 07 (2026-08-19 → 2026-08-26) 51425 bytes
2026-08-19 09:34:48,544 [INFO] [OK] Brazil/ECM_ENSEMBLE_Soy_PRCP_DEP/cumulative dia 08 (2026-08-19 → 2026-08-27) 51483 bytes
2026-08-19 09:34:49,901 [INFO] [OK] Brazil/ECM_ENSEMBLE_Soy_PRCP_DEP/cumulative dia 10 (2026-08-19 → 2026-08-29) 51620 bytes
2026-08-19 09:34:49,906 [INFO] [OK] Brazil/ECM_ENSEMBLE_Soy_PRCP_DEP/cumulative dia 11 (2026-08-19 → 2026-08-30) 51405 bytes
2026-08-19 09:34:51,199 [INFO] [OK] Brazil/ECM_ENSEMBLE_Soy_PRCP_DEP/cumulative dia 09 (2026-08-19 → 2026-08-28) 51910 bytes
2026-08-19 09:34:51,211 [INFO] [OK] Brazil/ECM_ENSEMBLE_Soy_PRCP_DEP/cumulative dia 12 (2026-08-19 → 2026-08-31) 51618 bytes
2026-08-19 09:34:51,481 [INFO] [OK] Brazil/ECM_ENSEMBLE_Soy_PRCP_DEP/cumulative dia 14 (2026-08-19 → 2026-09-02) 53514 bytes
2026-08-19 09:34:51,484 [INFO] [OK] Brazil/ECM_ENSEMBLE_Soy_PRCP_DEP/cumulative dia 13 (2026-08-19 → 2026-09-01) 52401 bytes
2026-08-19 09:34:52,906 [INFO] [OK] Brazil/ECM_ENSEMBLE_Soy_PRCP/daily dia 04 (2026-08-23 → 2026-08-23) 29466 bytes
2026-08-19 09:34:52,910 [INFO] [OK] Brazil/ECM_ENSEMBLE_Soy_PRCP/daily dia 00 (2026-08-19 → 2026-08-19) 33348 bytes
2026-08-19 09:34:52,943 [INFO] [OK] Brazil/ECM_ENSEMBLE_Soy_PRCP/daily dia 02 (2026-08-21 → 2026-08-21) 28990 bytes
2026-08-19 09:34:53,047 [INFO] [OK] Brazil/ECM_ENSEMBLE_Soy_PRCP/daily dia 05 (2026-08-24 → 2026-08-24) 31057 bytes
2026-08-19 09:34:53,092 [INFO] [OK] Brazil/ECM_ENSEMBLE_Soy_PRCP/daily dia 01 (2026-08-20 → 2026-08-20) 31791 bytes
2026-08-19 09:34:53,662 [INFO] [OK] Brazil/ECM_ENSEMBLE_Soy_PRCP/daily dia 03 (2026-08-22 → 2026-08-22) 29082 bytes
2026-08-19 09:34:54,320 [INFO] [OK] Brazil/ECM_ENSEMBLE_Soy_PRCP/daily dia 06 (2026-08-25 → 2026-08-25) 30725 bytes
2026-08-19 09:34:54,485 [INFO] [OK] Brazil/ECM_ENSEMBLE_Soy_PRCP/daily dia 09 (2026-08-28 → 2026-08-28) 30757 bytes
2026-08-19 09:34:54,750 [INFO] [OK] Brazil/ECM_ENSEMBLE_Soy_PRCP/daily dia 07 (2026-08-26 → 2026-08-26) 31214 bytes
2026-08-19 09:34:54,751 [INFO] [OK] Brazil/ECM_ENSEMBLE_Soy_PRCP/daily dia 08 (2026-08-27 → 2026-08-27) 30846 bytes
2026-08-19 09:34:54,752 [INFO] [OK] Brazil/ECM_ENSEMBLE_Soy_PRCP/daily dia 10 (2026-08-29 → 2026-08-29) 30553 bytes
2026-08-19 09:34:55,094 [INFO] [OK] Brazil/ECM_ENSEMBLE_Soy_PRCP/daily dia 11 (2026-08-30 → 2026-08-30) 30934 bytes
2026-08-19 09:34:55,660 [INFO] [OK] Brazil/ECM_ENSEMBLE_Soy_PRCP/daily dia 12 (2026-08-31 → 2026-08-31) 31335 bytes
2026-08-19 09:34:55,959 [INFO] [OK] Brazil/ECM_ENSEMBLE_Soy_PRCP/daily dia 13 (2026-09-01 → 2026-09-01) 30740 bytes
2026-08-19 09:34:56,198 [INFO] [OK] Brazil/ECM_ENSEMBLE_Soy_PRCP/daily dia 14 (2026-09-02 → 2026-09-02) 29981 bytes
2026-08-19 09:34:56,219 [INFO] [OK] Brazil/ECM_ENSEMBLE_Soy_PRCP/cumulative dia 01 (2026-08-19 → 2026-08-20) 34991 bytes
2026-08-19 09:34:56,359 [INFO] [OK] Brazil/ECM_ENSEMBLE_Soy_PRCP/cumulative dia 00 (2026-08-19 → 2026-08-19) 33348 bytes
2026-08-19 09:34:56,640 [INFO] [OK] Brazil/ECM_ENSEMBLE_Soy_PRCP/cumulative dia 02 (2026-08-19 → 2026-08-21) 35690 bytes
2026-08-19 09:34:57,394 [INFO] [OK] Brazil/ECM_ENSEMBLE_Soy_PRCP/cumulative dia 03 (2026-08-19 → 2026-08-22) 36353 bytes
2026-08-19 09:34:57,762 [INFO] [OK] Brazil/ECM_ENSEMBLE_Soy_PRCP/cumulative dia 04 (2026-08-19 → 2026-08-23) 37356 bytes
2026-08-19 09:34:58,249 [INFO] [OK] Brazil/ECM_ENSEMBLE_Soy_PRCP/cumulative dia 05 (2026-08-19 → 2026-08-24) 38992 bytes
2026-08-19 09:34:58,455 [INFO] [OK] Brazil/ECM_ENSEMBLE_Soy_PRCP/cumulative dia 06 (2026-08-19 → 2026-08-25) 40025 bytes
2026-08-19 09:34:58,456 [INFO] [OK] Brazil/ECM_ENSEMBLE_Soy_PRCP/cumulative dia 07 (2026-08-19 → 2026-08-26) 40557 bytes
2026-08-19 09:34:58,854 [INFO] [OK] Brazil/ECM_ENSEMBLE_Soy_PRCP/cumulative dia 08 (2026-08-19 → 2026-08-27) 41453 bytes
2026-08-19 09:34:59,517 [INFO] [OK] Brazil/ECM_ENSEMBLE_Soy_PRCP/cumulative dia 09 (2026-08-19 → 2026-08-28) 42049 bytes
2026-08-19 09:35:00,082 [INFO] [OK] Brazil/ECM_ENSEMBLE_Soy_PRCP/cumulative dia 10 (2026-08-19 → 2026-08-29) 42229 bytes
2026-08-19 09:35:00,997 [INFO] [OK] Brazil/ECM_ENSEMBLE_Soy_PRCP/cumulative dia 11 (2026-08-19 → 2026-08-30) 42789 bytes
2026-08-19 09:35:01,252 [INFO] [OK] Brazil/ECM_ENSEMBLE_Soy_PRCP/cumulative dia 13 (2026-08-19 → 2026-09-01) 43448 bytes
2026-08-19 09:35:01,298 [INFO] [OK] Brazil/ECM_ENSEMBLE_Soy_PRCP/cumulative dia 12 (2026-08-19 → 2026-08-31) 43369 bytes
2026-08-19 09:35:02,252 [INFO] [OK] Brazil/ECM_ENSEMBLE_Soy_PRCP/cumulative dia 14 (2026-08-19 → 2026-09-02) 43892 bytes
2026-08-19 09:35:02,698 [INFO] [OK] Brazil/ECM_ENSEMBLE_Corn_Winter_PRCP_DEP/daily dia 02 (2026-08-21 → 2026-08-21) 37783 bytes
2026-08-19 09:35:02,699 [INFO] [OK] Brazil/ECM_ENSEMBLE_Corn_Winter_PRCP_DEP/daily dia 03 (2026-08-22 → 2026-08-22) 37765 bytes
2026-08-19 09:35:02,700 [INFO] [OK] Brazil/ECM_ENSEMBLE_Corn_Winter_PRCP_DEP/daily dia 00 (2026-08-19 → 2026-08-19) 40147 bytes
2026-08-19 09:35:02,703 [INFO] [OK] Brazil/ECM_ENSEMBLE_Corn_Winter_PRCP_DEP/daily dia 01 (2026-08-20 → 2026-08-20) 41030 bytes
2026-08-19 09:35:02,728 [INFO] [OK] Brazil/ECM_ENSEMBLE_Corn_Winter_PRCP_DEP/daily dia 04 (2026-08-23 → 2026-08-23) 41580 bytes
2026-08-19 09:35:04,316 [INFO] [OK] Brazil/ECM_ENSEMBLE_Corn_Winter_PRCP_DEP/daily dia 09 (2026-08-28 → 2026-08-28) 45538 bytes
2026-08-19 09:35:04,906 [INFO] [OK] Brazil/ECM_ENSEMBLE_Corn_Winter_PRCP_DEP/daily dia 05 (2026-08-24 → 2026-08-24) 45804 bytes
2026-08-19 09:35:04,939 [INFO] [OK] Brazil/ECM_ENSEMBLE_Corn_Winter_PRCP_DEP/daily dia 07 (2026-08-26 → 2026-08-26) 46715 bytes
2026-08-19 09:35:04,941 [INFO] [OK] Brazil/ECM_ENSEMBLE_Corn_Winter_PRCP_DEP/daily dia 06 (2026-08-25 → 2026-08-25) 45234 bytes
2026-08-19 09:35:04,949 [INFO] [OK] Brazil/ECM_ENSEMBLE_Corn_Winter_PRCP_DEP/daily dia 10 (2026-08-29 → 2026-08-29) 46237 bytes
2026-08-19 09:35:05,041 [INFO] [OK] Brazil/ECM_ENSEMBLE_Corn_Winter_PRCP_DEP/daily dia 08 (2026-08-27 → 2026-08-27) 47128 bytes
2026-08-19 09:35:06,029 [INFO] [OK] Brazil/ECM_ENSEMBLE_Corn_Winter_PRCP_DEP/daily dia 11 (2026-08-30 → 2026-08-30) 47899 bytes
2026-08-19 09:35:06,909 [INFO] [OK] Brazil/ECM_ENSEMBLE_Corn_Winter_PRCP_DEP/daily dia 14 (2026-09-02 → 2026-09-02) 52329 bytes
2026-08-19 09:35:06,996 [INFO] [OK] Brazil/ECM_ENSEMBLE_Corn_Winter_PRCP_DEP/daily dia 12 (2026-08-31 → 2026-08-31) 50001 bytes
2026-08-19 09:35:07,080 [INFO] [OK] Brazil/ECM_ENSEMBLE_Corn_Winter_PRCP_DEP/cumulative dia 00 (2026-08-19 → 2026-08-19) 40147 bytes
2026-08-19 09:35:07,281 [INFO] [OK] Brazil/ECM_ENSEMBLE_Corn_Winter_PRCP_DEP/cumulative dia 01 (2026-08-19 → 2026-08-20) 40840 bytes
2026-08-19 09:35:07,380 [INFO] [OK] Brazil/ECM_ENSEMBLE_Corn_Winter_PRCP_DEP/daily dia 13 (2026-09-01 → 2026-09-01) 52062 bytes
2026-08-19 09:35:07,672 [INFO] [OK] Brazil/ECM_ENSEMBLE_Corn_Winter_PRCP_DEP/cumulative dia 02 (2026-08-19 → 2026-08-21) 42697 bytes
2026-08-19 09:35:08,752 [INFO] [OK] Brazil/ECM_ENSEMBLE_Corn_Winter_PRCP_DEP/cumulative dia 03 (2026-08-19 → 2026-08-22) 44005 bytes
2026-08-19 09:35:09,019 [INFO] [OK] Brazil/ECM_ENSEMBLE_Corn_Winter_PRCP_DEP/cumulative dia 04 (2026-08-19 → 2026-08-23) 45436 bytes
2026-08-19 09:35:09,300 [INFO] [OK] Brazil/ECM_ENSEMBLE_Corn_Winter_PRCP_DEP/cumulative dia 05 (2026-08-19 → 2026-08-24) 47834 bytes
2026-08-19 09:35:09,353 [INFO] [OK] Brazil/ECM_ENSEMBLE_Corn_Winter_PRCP_DEP/cumulative dia 06 (2026-08-19 → 2026-08-25) 48651 bytes
2026-08-19 09:35:09,806 [INFO] [OK] Brazil/ECM_ENSEMBLE_Corn_Winter_PRCP_DEP/cumulative dia 08 (2026-08-19 → 2026-08-27) 49925 bytes
2026-08-19 09:35:09,810 [INFO] [OK] Brazil/ECM_ENSEMBLE_Corn_Winter_PRCP_DEP/cumulative dia 07 (2026-08-19 → 2026-08-26) 49805 bytes
2026-08-19 09:35:11,020 [INFO] [OK] Brazil/ECM_ENSEMBLE_Corn_Winter_PRCP_DEP/cumulative dia 09 (2026-08-19 → 2026-08-28) 50213 bytes
2026-08-19 09:35:11,346 [INFO] [OK] Brazil/ECM_ENSEMBLE_Corn_Winter_PRCP_DEP/cumulative dia 10 (2026-08-19 → 2026-08-29) 49888 bytes
2026-08-19 09:35:11,725 [INFO] [OK] Brazil/ECM_ENSEMBLE_Corn_Winter_PRCP_DEP/cumulative dia 11 (2026-08-19 → 2026-08-30) 49812 bytes
2026-08-19 09:35:11,927 [INFO] [OK] Brazil/ECM_ENSEMBLE_Corn_Winter_PRCP_DEP/cumulative dia 12 (2026-08-19 → 2026-08-31) 50089 bytes
2026-08-19 09:35:12,212 [INFO] [OK] Brazil/ECM_ENSEMBLE_Corn_Winter_PRCP_DEP/cumulative dia 13 (2026-08-19 → 2026-09-01) 50822 bytes
2026-08-19 09:35:12,426 [INFO] [OK] Brazil/ECM_ENSEMBLE_Corn_Winter_PRCP_DEP/cumulative dia 14 (2026-08-19 → 2026-09-02) 51796 bytes
2026-08-19 09:35:12,596 [INFO] [OK] Brazil/ECM_ENSEMBLE_Corn_Winter_PRCP/daily dia 00 (2026-08-19 → 2026-08-19) 31609 bytes
2026-08-19 09:35:12,730 [INFO] [OK] Brazil/ECM_ENSEMBLE_Corn_Winter_PRCP/daily dia 01 (2026-08-20 → 2026-08-20) 30043 bytes
2026-08-19 09:35:13,050 [INFO] [OK] Brazil/ECM_ENSEMBLE_Corn_Winter_PRCP/daily dia 02 (2026-08-21 → 2026-08-21) 27478 bytes
2026-08-19 09:35:13,316 [INFO] [OK] Brazil/ECM_ENSEMBLE_Corn_Winter_PRCP/daily dia 03 (2026-08-22 → 2026-08-22) 27553 bytes
2026-08-19 09:35:13,543 [INFO] [OK] Brazil/ECM_ENSEMBLE_Corn_Winter_PRCP/daily dia 04 (2026-08-23 → 2026-08-23) 28070 bytes
2026-08-19 09:35:13,809 [INFO] [OK] Brazil/ECM_ENSEMBLE_Corn_Winter_PRCP/daily dia 05 (2026-08-24 → 2026-08-24) 29463 bytes
2026-08-19 09:35:13,967 [INFO] [OK] Brazil/ECM_ENSEMBLE_Corn_Winter_PRCP/daily dia 06 (2026-08-25 → 2026-08-25) 29125 bytes
2026-08-19 09:35:14,073 [INFO] [OK] Brazil/ECM_ENSEMBLE_Corn_Winter_PRCP/daily dia 07 (2026-08-26 → 2026-08-26) 29554 bytes
2026-08-19 09:35:14,452 [INFO] [OK] Brazil/ECM_ENSEMBLE_Corn_Winter_PRCP/daily dia 08 (2026-08-27 → 2026-08-27) 29212 bytes
2026-08-19 09:35:14,593 [INFO] [OK] Brazil/ECM_ENSEMBLE_Corn_Winter_PRCP/daily dia 09 (2026-08-28 → 2026-08-28) 29069 bytes
2026-08-19 09:35:14,787 [INFO] [OK] Brazil/ECM_ENSEMBLE_Corn_Winter_PRCP/daily dia 10 (2026-08-29 → 2026-08-29) 29039 bytes
2026-08-19 09:35:15,617 [INFO] [OK] Brazil/ECM_ENSEMBLE_Corn_Winter_PRCP/daily dia 11 (2026-08-30 → 2026-08-30) 29496 bytes
2026-08-19 09:35:15,618 [INFO] [OK] Brazil/ECM_ENSEMBLE_Corn_Winter_PRCP/daily dia 12 (2026-08-31 → 2026-08-31) 29883 bytes
2026-08-19 09:35:15,620 [INFO] [OK] Brazil/ECM_ENSEMBLE_Corn_Winter_PRCP/daily dia 13 (2026-09-01 → 2026-09-01) 29265 bytes
2026-08-19 09:35:15,853 [INFO] [OK] Brazil/ECM_ENSEMBLE_Corn_Winter_PRCP/daily dia 14 (2026-09-02 → 2026-09-02) 28461 bytes
2026-08-19 09:35:16,082 [INFO] [OK] Brazil/ECM_ENSEMBLE_Corn_Winter_PRCP/cumulative dia 00 (2026-08-19 → 2026-08-19) 31609 bytes
2026-08-19 09:35:16,217 [INFO] [OK] Brazil/ECM_ENSEMBLE_Corn_Winter_PRCP/cumulative dia 01 (2026-08-19 → 2026-08-20) 33161 bytes
2026-08-19 09:35:17,329 [INFO] [OK] Brazil/ECM_ENSEMBLE_Corn_Winter_PRCP/cumulative dia 04 (2026-08-19 → 2026-08-23) 35627 bytes
2026-08-19 09:35:17,432 [INFO] [OK] Brazil/ECM_ENSEMBLE_Corn_Winter_PRCP/cumulative dia 02 (2026-08-19 → 2026-08-21) 33904 bytes
2026-08-19 09:35:17,618 [INFO] [OK] Brazil/ECM_ENSEMBLE_Corn_Winter_PRCP/cumulative dia 03 (2026-08-19 → 2026-08-22) 34617 bytes
2026-08-19 09:35:17,985 [INFO] [OK] Brazil/ECM_ENSEMBLE_Corn_Winter_PRCP/cumulative dia 05 (2026-08-19 → 2026-08-24) 37225 bytes
2026-08-19 09:35:17,986 [INFO] [OK] Brazil/ECM_ENSEMBLE_Corn_Winter_PRCP/cumulative dia 06 (2026-08-19 → 2026-08-25) 38181 bytes
2026-08-19 09:35:18,276 [INFO] [OK] Brazil/ECM_ENSEMBLE_Corn_Winter_PRCP/cumulative dia 07 (2026-08-19 → 2026-08-26) 38845 bytes
2026-08-19 09:35:19,723 [INFO] [OK] Brazil/ECM_ENSEMBLE_Corn_Winter_PRCP/cumulative dia 08 (2026-08-19 → 2026-08-27) 39646 bytes
2026-08-19 09:35:19,854 [INFO] [OK] Brazil/ECM_ENSEMBLE_Corn_Winter_PRCP/cumulative dia 09 (2026-08-19 → 2026-08-28) 40147 bytes
2026-08-19 09:35:20,246 [INFO] [OK] Brazil/ECM_ENSEMBLE_Corn_Winter_PRCP/cumulative dia 10 (2026-08-19 → 2026-08-29) 40388 bytes
2026-08-19 09:35:20,830 [INFO] [OK] Brazil/ECM_ENSEMBLE_Corn_Winter_PRCP/cumulative dia 11 (2026-08-19 → 2026-08-30) 41056 bytes
2026-08-19 09:35:20,947 [INFO] [OK] Brazil/ECM_ENSEMBLE_Corn_Winter_PRCP/cumulative dia 12 (2026-08-19 → 2026-08-31) 41805 bytes
2026-08-19 09:35:21,078 [INFO] [OK] Brazil/ECM_ENSEMBLE_Corn_Winter_PRCP/cumulative dia 13 (2026-08-19 → 2026-09-01) 41923 bytes
2026-08-19 09:35:21,199 [INFO] [OK] Argentina/GFS_ENSEMBLE_Soy_PRCP_DEP/daily dia 00 (2026-08-19 → 2026-08-19) 34294 bytes
2026-08-19 09:35:21,994 [INFO] [OK] Argentina/GFS_ENSEMBLE_Soy_PRCP_DEP/daily dia 01 (2026-08-20 → 2026-08-20) 33418 bytes
2026-08-19 09:35:21,996 [INFO] [OK] Argentina/GFS_ENSEMBLE_Soy_PRCP_DEP/daily dia 03 (2026-08-22 → 2026-08-22) 26779 bytes
2026-08-19 09:35:22,000 [INFO] [OK] Argentina/GFS_ENSEMBLE_Soy_PRCP_DEP/daily dia 02 (2026-08-21 → 2026-08-21) 28109 bytes
2026-08-19 09:35:22,147 [INFO] [OK] Brazil/ECM_ENSEMBLE_Corn_Winter_PRCP/cumulative dia 14 (2026-08-19 → 2026-09-02) 42208 bytes
2026-08-19 09:35:22,240 [INFO] [OK] Argentina/GFS_ENSEMBLE_Soy_PRCP_DEP/daily dia 05 (2026-08-24 → 2026-08-24) 36040 bytes
2026-08-19 09:35:22,289 [INFO] [OK] Argentina/GFS_ENSEMBLE_Soy_PRCP_DEP/daily dia 04 (2026-08-23 → 2026-08-23) 31188 bytes
2026-08-19 09:35:23,165 [INFO] [OK] Argentina/GFS_ENSEMBLE_Soy_PRCP_DEP/daily dia 08 (2026-08-27 → 2026-08-27) 37942 bytes
2026-08-19 09:35:23,438 [INFO] [OK] Argentina/GFS_ENSEMBLE_Soy_PRCP_DEP/daily dia 07 (2026-08-26 → 2026-08-26) 38719 bytes
2026-08-19 09:35:23,441 [INFO] [OK] Argentina/GFS_ENSEMBLE_Soy_PRCP_DEP/daily dia 06 (2026-08-25 → 2026-08-25) 38934 bytes
2026-08-19 09:35:23,443 [INFO] [OK] Argentina/GFS_ENSEMBLE_Soy_PRCP_DEP/daily dia 11 (2026-08-30 → 2026-08-30) 42939 bytes
2026-08-19 09:35:23,520 [INFO] [OK] Argentina/GFS_ENSEMBLE_Soy_PRCP_DEP/daily dia 10 (2026-08-29 → 2026-08-29) 38680 bytes
2026-08-19 09:35:23,537 [INFO] [OK] Argentina/GFS_ENSEMBLE_Soy_PRCP_DEP/daily dia 09 (2026-08-28 → 2026-08-28) 36368 bytes
2026-08-19 09:35:24,291 [INFO] [OK] Argentina/GFS_ENSEMBLE_Soy_PRCP_DEP/daily dia 12 (2026-08-31 → 2026-08-31) 44166 bytes
2026-08-19 09:35:24,559 [INFO] [OK] Argentina/GFS_ENSEMBLE_Soy_PRCP_DEP/daily dia 13 (2026-09-01 → 2026-09-01) 45106 bytes
2026-08-19 09:35:24,681 [INFO] [OK] Argentina/GFS_ENSEMBLE_Soy_PRCP_DEP/cumulative dia 01 (2026-08-19 → 2026-08-20) 35269 bytes
2026-08-19 09:35:24,727 [INFO] [OK] Argentina/GFS_ENSEMBLE_Soy_PRCP_DEP/cumulative dia 00 (2026-08-19 → 2026-08-19) 34294 bytes
2026-08-19 09:35:24,735 [INFO] [OK] Argentina/GFS_ENSEMBLE_Soy_PRCP_DEP/daily dia 14 (2026-09-02 → 2026-09-02) 45344 bytes
2026-08-19 09:35:24,875 [INFO] [OK] Argentina/GFS_ENSEMBLE_Soy_PRCP_DEP/cumulative dia 02 (2026-08-19 → 2026-08-21) 35585 bytes
2026-08-19 09:35:25,472 [INFO] [OK] Argentina/GFS_ENSEMBLE_Soy_PRCP_DEP/cumulative dia 03 (2026-08-19 → 2026-08-22) 35819 bytes
2026-08-19 09:35:25,863 [INFO] [OK] Argentina/GFS_ENSEMBLE_Soy_PRCP_DEP/cumulative dia 04 (2026-08-19 → 2026-08-23) 36141 bytes
2026-08-19 09:35:26,192 [INFO] [OK] Argentina/GFS_ENSEMBLE_Soy_PRCP_DEP/cumulative dia 05 (2026-08-19 → 2026-08-24) 37231 bytes
2026-08-19 09:35:26,202 [INFO] [OK] Argentina/GFS_ENSEMBLE_Soy_PRCP_DEP/cumulative dia 07 (2026-08-19 → 2026-08-26) 42613 bytes
2026-08-19 09:35:26,259 [INFO] [OK] Argentina/GFS_ENSEMBLE_Soy_PRCP_DEP/cumulative dia 06 (2026-08-19 → 2026-08-25) 40313 bytes
2026-08-19 09:35:26,271 [INFO] [OK] Argentina/GFS_ENSEMBLE_Soy_PRCP_DEP/cumulative dia 08 (2026-08-19 → 2026-08-27) 42437 bytes
2026-08-19 09:35:26,921 [INFO] [OK] Argentina/GFS_ENSEMBLE_Soy_PRCP_DEP/cumulative dia 09 (2026-08-19 → 2026-08-28) 43039 bytes
2026-08-19 09:35:27,432 [INFO] [OK] Argentina/GFS_ENSEMBLE_Soy_PRCP_DEP/cumulative dia 10 (2026-08-19 → 2026-08-29) 43260 bytes
2026-08-19 09:35:28,079 [INFO] [OK] Argentina/GFS_ENSEMBLE_Soy_PRCP_DEP/cumulative dia 12 (2026-08-19 → 2026-08-31) 43556 bytes
2026-08-19 09:35:28,200 [INFO] [OK] Argentina/GFS_ENSEMBLE_Soy_PRCP_DEP/cumulative dia 11 (2026-08-19 → 2026-08-30) 42979 bytes
2026-08-19 09:35:28,270 [INFO] [OK] Argentina/GFS_ENSEMBLE_Soy_PRCP/daily dia 00 (2026-08-19 → 2026-08-19) 29955 bytes
2026-08-19 09:35:28,327 [INFO] [OK] Argentina/GFS_ENSEMBLE_Soy_PRCP_DEP/cumulative dia 14 (2026-08-19 → 2026-09-02) 44450 bytes
2026-08-19 09:35:28,328 [INFO] [OK] Argentina/GFS_ENSEMBLE_Soy_PRCP_DEP/cumulative dia 13 (2026-08-19 → 2026-09-01) 44109 bytes
2026-08-19 09:35:28,475 [INFO] [OK] Argentina/GFS_ENSEMBLE_Soy_PRCP/daily dia 01 (2026-08-20 → 2026-08-20) 28307 bytes
2026-08-19 09:35:29,055 [INFO] [OK] Argentina/GFS_ENSEMBLE_Soy_PRCP/daily dia 02 (2026-08-21 → 2026-08-21) 24776 bytes
2026-08-19 09:35:29,383 [INFO] [OK] Argentina/GFS_ENSEMBLE_Soy_PRCP/daily dia 05 (2026-08-24 → 2026-08-24) 26809 bytes
2026-08-19 09:35:29,413 [INFO] [OK] Argentina/GFS_ENSEMBLE_Soy_PRCP/daily dia 03 (2026-08-22 → 2026-08-22) 25081 bytes
2026-08-19 09:35:29,603 [INFO] [OK] Argentina/GFS_ENSEMBLE_Soy_PRCP/daily dia 04 (2026-08-23 → 2026-08-23) 25831 bytes
2026-08-19 09:35:29,678 [INFO] [OK] Argentina/GFS_ENSEMBLE_Soy_PRCP/daily dia 07 (2026-08-26 → 2026-08-26) 28295 bytes
2026-08-19 09:35:29,780 [INFO] [OK] Argentina/GFS_ENSEMBLE_Soy_PRCP/daily dia 06 (2026-08-25 → 2026-08-25) 28260 bytes
2026-08-19 09:35:30,104 [INFO] [OK] Argentina/GFS_ENSEMBLE_Soy_PRCP/daily dia 08 (2026-08-27 → 2026-08-27) 27935 bytes
2026-08-19 09:35:30,419 [INFO] [OK] Argentina/GFS_ENSEMBLE_Soy_PRCP/daily dia 09 (2026-08-28 → 2026-08-28) 26905 bytes
2026-08-19 09:35:30,423 [INFO] [OK] Argentina/GFS_ENSEMBLE_Soy_PRCP/daily dia 10 (2026-08-29 → 2026-08-29) 27405 bytes
2026-08-19 09:35:30,612 [INFO] [OK] Argentina/GFS_ENSEMBLE_Soy_PRCP/daily dia 11 (2026-08-30 → 2026-08-30) 28453 bytes
2026-08-19 09:35:30,743 [INFO] [OK] Argentina/GFS_ENSEMBLE_Soy_PRCP/daily dia 12 (2026-08-31 → 2026-08-31) 28590 bytes
2026-08-19 09:35:30,872 [INFO] [OK] Argentina/GFS_ENSEMBLE_Soy_PRCP/daily dia 13 (2026-09-01 → 2026-09-01) 28139 bytes
2026-08-19 09:35:31,189 [INFO] [OK] Argentina/GFS_ENSEMBLE_Soy_PRCP/daily dia 14 (2026-09-02 → 2026-09-02) 27656 bytes
2026-08-19 09:35:31,392 [INFO] [OK] Argentina/GFS_ENSEMBLE_Soy_PRCP/cumulative dia 00 (2026-08-19 → 2026-08-19) 29955 bytes
2026-08-19 09:35:31,499 [INFO] [OK] Argentina/GFS_ENSEMBLE_Soy_PRCP/cumulative dia 01 (2026-08-19 → 2026-08-20) 31086 bytes
2026-08-19 09:35:31,775 [INFO] [OK] Argentina/GFS_ENSEMBLE_Soy_PRCP/cumulative dia 02 (2026-08-19 → 2026-08-21) 31291 bytes
2026-08-19 09:35:31,934 [INFO] [OK] Argentina/GFS_ENSEMBLE_Soy_PRCP/cumulative dia 03 (2026-08-19 → 2026-08-22) 31420 bytes
2026-08-19 09:35:32,053 [INFO] [OK] Argentina/GFS_ENSEMBLE_Soy_PRCP/cumulative dia 04 (2026-08-19 → 2026-08-23) 31990 bytes
2026-08-19 09:35:32,466 [INFO] [OK] Argentina/GFS_ENSEMBLE_Soy_PRCP/cumulative dia 05 (2026-08-19 → 2026-08-24) 33155 bytes
2026-08-19 09:35:32,714 [INFO] [OK] Argentina/GFS_ENSEMBLE_Soy_PRCP/cumulative dia 06 (2026-08-19 → 2026-08-25) 34299 bytes
2026-08-19 09:35:33,068 [INFO] [OK] Argentina/GFS_ENSEMBLE_Soy_PRCP/cumulative dia 07 (2026-08-19 → 2026-08-26) 35577 bytes
2026-08-19 09:35:33,273 [INFO] [OK] Argentina/GFS_ENSEMBLE_Soy_PRCP/cumulative dia 08 (2026-08-19 → 2026-08-27) 35744 bytes
2026-08-19 09:35:34,771 [INFO] [OK] Argentina/GFS_ENSEMBLE_Soy_PRCP/cumulative dia 12 (2026-08-19 → 2026-08-31) 36881 bytes
2026-08-19 09:35:34,801 [INFO] [OK] Argentina/GFS_ENSEMBLE_Soy_PRCP/cumulative dia 11 (2026-08-19 → 2026-08-30) 36312 bytes
2026-08-19 09:35:34,806 [INFO] [OK] Argentina/GFS_ENSEMBLE_Soy_PRCP/cumulative dia 10 (2026-08-19 → 2026-08-29) 35876 bytes
2026-08-19 09:35:34,829 [INFO] [OK] Argentina/GFS_ENSEMBLE_Soy_PRCP/cumulative dia 09 (2026-08-19 → 2026-08-28) 35911 bytes
2026-08-19 09:35:35,521 [INFO] [OK] Argentina/GFS_ENSEMBLE_Soy_PRCP/cumulative dia 13 (2026-08-19 → 2026-09-01) 37066 bytes
2026-08-19 09:35:35,758 [INFO] [OK] Argentina/GFS_ENSEMBLE_Soy_PRCP/cumulative dia 14 (2026-08-19 → 2026-09-02) 37497 bytes
2026-08-19 09:35:36,636 [INFO] [OK] Argentina/GFS_ENSEMBLE_Corn_Winter_PRCP_DEP/daily dia 02 (2026-08-21 → 2026-08-21) 26457 bytes
2026-08-19 09:35:36,868 [INFO] [OK] Argentina/GFS_ENSEMBLE_Corn_Winter_PRCP_DEP/daily dia 00 (2026-08-19 → 2026-08-19) 32420 bytes
2026-08-19 09:35:36,869 [INFO] [OK] Argentina/GFS_ENSEMBLE_Corn_Winter_PRCP_DEP/daily dia 04 (2026-08-23 → 2026-08-23) 29384 bytes
2026-08-19 09:35:36,871 [INFO] [OK] Argentina/GFS_ENSEMBLE_Corn_Winter_PRCP_DEP/daily dia 03 (2026-08-22 → 2026-08-22) 25032 bytes
2026-08-19 09:35:36,886 [INFO] [OK] Argentina/GFS_ENSEMBLE_Corn_Winter_PRCP_DEP/daily dia 01 (2026-08-20 → 2026-08-20) 31595 bytes
2026-08-19 09:35:36,929 [INFO] [OK] Argentina/GFS_ENSEMBLE_Corn_Winter_PRCP_DEP/daily dia 05 (2026-08-24 → 2026-08-24) 34101 bytes
2026-08-19 09:35:38,792 [INFO] [OK] Argentina/GFS_ENSEMBLE_Corn_Winter_PRCP_DEP/daily dia 09 (2026-08-28 → 2026-08-28) 34595 bytes
2026-08-19 09:35:38,797 [INFO] [OK] Argentina/GFS_ENSEMBLE_Corn_Winter_PRCP_DEP/daily dia 06 (2026-08-25 → 2026-08-25) 37436 bytes
2026-08-19 09:35:38,805 [INFO] [OK] Argentina/GFS_ENSEMBLE_Corn_Winter_PRCP_DEP/daily dia 10 (2026-08-29 → 2026-08-29) 36829 bytes
2026-08-19 09:35:38,814 [INFO] [OK] Argentina/GFS_ENSEMBLE_Corn_Winter_PRCP_DEP/daily dia 11 (2026-08-30 → 2026-08-30) 41384 bytes
2026-08-19 09:35:38,816 [INFO] [OK] Argentina/GFS_ENSEMBLE_Corn_Winter_PRCP_DEP/daily dia 07 (2026-08-26 → 2026-08-26) 37094 bytes
2026-08-19 09:35:38,818 [INFO] [OK] Argentina/GFS_ENSEMBLE_Corn_Winter_PRCP_DEP/daily dia 08 (2026-08-27 → 2026-08-27) 36140 bytes
2026-08-19 09:35:40,029 [INFO] [OK] Argentina/GFS_ENSEMBLE_Corn_Winter_PRCP_DEP/daily dia 13 (2026-09-01 → 2026-09-01) 43484 bytes
2026-08-19 09:35:40,535 [INFO] [OK] Argentina/GFS_ENSEMBLE_Corn_Winter_PRCP_DEP/daily dia 12 (2026-08-31 → 2026-08-31) 42680 bytes
2026-08-19 09:35:40,537 [INFO] [OK] Argentina/GFS_ENSEMBLE_Corn_Winter_PRCP_DEP/daily dia 14 (2026-09-02 → 2026-09-02) 43749 bytes
2026-08-19 09:35:40,541 [INFO] [OK] Argentina/GFS_ENSEMBLE_Corn_Winter_PRCP_DEP/cumulative dia 01 (2026-08-19 → 2026-08-20) 33448 bytes
2026-08-19 09:35:40,544 [INFO] [OK] Argentina/GFS_ENSEMBLE_Corn_Winter_PRCP_DEP/cumulative dia 00 (2026-08-19 → 2026-08-19) 32420 bytes
2026-08-19 09:35:40,600 [INFO] [OK] Argentina/GFS_ENSEMBLE_Corn_Winter_PRCP_DEP/cumulative dia 02 (2026-08-19 → 2026-08-21) 33765 bytes
2026-08-19 09:35:41,202 [INFO] [OK] Argentina/GFS_ENSEMBLE_Corn_Winter_PRCP_DEP/cumulative dia 03 (2026-08-19 → 2026-08-22) 34048 bytes
2026-08-19 09:35:41,796 [INFO] [OK] Argentina/GFS_ENSEMBLE_Corn_Winter_PRCP_DEP/cumulative dia 04 (2026-08-19 → 2026-08-23) 34413 bytes
2026-08-19 09:35:41,857 [INFO] [OK] Argentina/GFS_ENSEMBLE_Corn_Winter_PRCP_DEP/cumulative dia 05 (2026-08-19 → 2026-08-24) 35640 bytes
2026-08-19 09:35:41,927 [INFO] [OK] Argentina/GFS_ENSEMBLE_Corn_Winter_PRCP_DEP/cumulative dia 06 (2026-08-19 → 2026-08-25) 38694 bytes
2026-08-19 09:35:41,976 [INFO] [OK] Argentina/GFS_ENSEMBLE_Corn_Winter_PRCP_DEP/cumulative dia 08 (2026-08-19 → 2026-08-27) 40970 bytes
2026-08-19 09:35:42,037 [INFO] [OK] Argentina/GFS_ENSEMBLE_Corn_Winter_PRCP_DEP/cumulative dia 07 (2026-08-19 → 2026-08-26) 41438 bytes
2026-08-19 09:35:42,630 [INFO] [OK] Argentina/GFS_ENSEMBLE_Corn_Winter_PRCP_DEP/cumulative dia 09 (2026-08-19 → 2026-08-28) 41417 bytes
2026-08-19 09:35:43,462 [INFO] [OK] Argentina/GFS_ENSEMBLE_Corn_Winter_PRCP_DEP/cumulative dia 11 (2026-08-19 → 2026-08-30) 41649 bytes
2026-08-19 09:35:43,466 [INFO] [OK] Argentina/GFS_ENSEMBLE_Corn_Winter_PRCP_DEP/cumulative dia 10 (2026-08-19 → 2026-08-29) 41641 bytes
2026-08-19 09:35:43,888 [INFO] [OK] Argentina/GFS_ENSEMBLE_Corn_Winter_PRCP_DEP/cumulative dia 12 (2026-08-19 → 2026-08-31) 42099 bytes
2026-08-19 09:35:43,888 [INFO] [OK] Argentina/GFS_ENSEMBLE_Corn_Winter_PRCP/daily dia 00 (2026-08-19 → 2026-08-19) 27936 bytes
2026-08-19 09:35:43,889 [INFO] [OK] Argentina/GFS_ENSEMBLE_Corn_Winter_PRCP_DEP/cumulative dia 14 (2026-08-19 → 2026-09-02) 43012 bytes
2026-08-19 09:35:43,906 [INFO] [OK] Argentina/GFS_ENSEMBLE_Corn_Winter_PRCP_DEP/cumulative dia 13 (2026-08-19 → 2026-09-01) 42697 bytes
2026-08-19 09:35:44,550 [INFO] [OK] Argentina/GFS_ENSEMBLE_Corn_Winter_PRCP/daily dia 02 (2026-08-21 → 2026-08-21) 22864 bytes
2026-08-19 09:35:44,553 [INFO] [OK] Argentina/GFS_ENSEMBLE_Corn_Winter_PRCP/daily dia 01 (2026-08-20 → 2026-08-20) 26273 bytes
2026-08-19 09:35:44,826 [INFO] [OK] Argentina/GFS_ENSEMBLE_Corn_Winter_PRCP/daily dia 04 (2026-08-23 → 2026-08-23) 24026 bytes
2026-08-19 09:35:44,966 [INFO] [OK] Argentina/GFS_ENSEMBLE_Corn_Winter_PRCP/daily dia 05 (2026-08-24 → 2026-08-24) 25020 bytes
2026-08-19 09:35:44,967 [INFO] [OK] Argentina/GFS_ENSEMBLE_Corn_Winter_PRCP/daily dia 06 (2026-08-25 → 2026-08-25) 26382 bytes
2026-08-19 09:35:44,968 [INFO] [OK] Argentina/GFS_ENSEMBLE_Corn_Winter_PRCP/daily dia 03 (2026-08-22 → 2026-08-22) 23196 bytes
2026-08-19 09:35:45,819 [INFO] [OK] Argentina/GFS_ENSEMBLE_Corn_Winter_PRCP/daily dia 07 (2026-08-26 → 2026-08-26) 26529 bytes
2026-08-19 09:35:45,823 [INFO] [OK] Argentina/GFS_ENSEMBLE_Corn_Winter_PRCP/daily dia 08 (2026-08-27 → 2026-08-27) 25958 bytes
2026-08-19 09:35:45,825 [INFO] [OK] Argentina/GFS_ENSEMBLE_Corn_Winter_PRCP/daily dia 09 (2026-08-28 → 2026-08-28) 24980 bytes
2026-08-19 09:35:46,045 [INFO] [OK] Argentina/GFS_ENSEMBLE_Corn_Winter_PRCP/daily dia 10 (2026-08-29 → 2026-08-29) 25554 bytes
2026-08-19 09:35:46,046 [INFO] [OK] Argentina/GFS_ENSEMBLE_Corn_Winter_PRCP/daily dia 11 (2026-08-30 → 2026-08-30) 26736 bytes
2026-08-19 09:35:46,048 [INFO] [OK] Argentina/GFS_ENSEMBLE_Corn_Winter_PRCP/daily dia 12 (2026-08-31 → 2026-08-31) 26823 bytes
2026-08-19 09:35:46,798 [INFO] [OK] Argentina/GFS_ENSEMBLE_Corn_Winter_PRCP/daily dia 14 (2026-09-02 → 2026-09-02) 25999 bytes
2026-08-19 09:35:46,807 [INFO] [OK] Argentina/GFS_ENSEMBLE_Corn_Winter_PRCP/daily dia 13 (2026-09-01 → 2026-09-01) 26443 bytes
2026-08-19 09:35:46,890 [INFO] [OK] Argentina/GFS_ENSEMBLE_Corn_Winter_PRCP/cumulative dia 00 (2026-08-19 → 2026-08-19) 27936 bytes
2026-08-19 09:35:47,110 [INFO] [OK] Argentina/GFS_ENSEMBLE_Corn_Winter_PRCP/cumulative dia 01 (2026-08-19 → 2026-08-20) 28988 bytes
2026-08-19 09:35:47,291 [INFO] [OK] Argentina/GFS_ENSEMBLE_Corn_Winter_PRCP/cumulative dia 02 (2026-08-19 → 2026-08-21) 29223 bytes
2026-08-19 09:35:47,487 [INFO] [OK] Argentina/GFS_ENSEMBLE_Corn_Winter_PRCP/cumulative dia 03 (2026-08-19 → 2026-08-22) 29347 bytes
2026-08-19 09:35:48,870 [INFO] [OK] Argentina/GFS_ENSEMBLE_Corn_Winter_PRCP/cumulative dia 06 (2026-08-19 → 2026-08-25) 32204 bytes
2026-08-19 09:35:48,966 [INFO] [OK] Argentina/GFS_ENSEMBLE_Corn_Winter_PRCP/cumulative dia 04 (2026-08-19 → 2026-08-23) 29942 bytes
2026-08-19 09:35:48,967 [INFO] [OK] Argentina/GFS_ENSEMBLE_Corn_Winter_PRCP/cumulative dia 08 (2026-08-19 → 2026-08-27) 33611 bytes
2026-08-19 09:35:48,969 [INFO] [OK] Argentina/GFS_ENSEMBLE_Corn_Winter_PRCP/cumulative dia 05 (2026-08-19 → 2026-08-24) 31035 bytes
2026-08-19 09:35:48,975 [INFO] [OK] Argentina/GFS_ENSEMBLE_Corn_Winter_PRCP/cumulative dia 07 (2026-08-19 → 2026-08-26) 33447 bytes
2026-08-19 09:35:48,976 [INFO] [OK] Argentina/GFS_ENSEMBLE_Corn_Winter_PRCP/cumulative dia 09 (2026-08-19 → 2026-08-28) 33876 bytes
2026-08-19 09:35:50,553 [INFO] [OK] Argentina/ECM_ENSEMBLE_Soy_PRCP_DEP/daily dia 00 (2026-08-19 → 2026-08-19) 34967 bytes
2026-08-19 09:35:50,985 [INFO] [OK] Argentina/GFS_ENSEMBLE_Corn_Winter_PRCP/cumulative dia 10 (2026-08-19 → 2026-08-29) 33795 bytes
2026-08-19 09:35:50,988 [INFO] [OK] Argentina/GFS_ENSEMBLE_Corn_Winter_PRCP/cumulative dia 13 (2026-08-19 → 2026-09-01) 35161 bytes
2026-08-19 09:35:50,989 [INFO] [OK] Argentina/GFS_ENSEMBLE_Corn_Winter_PRCP/cumulative dia 11 (2026-08-19 → 2026-08-30) 34374 bytes
2026-08-19 09:35:50,996 [INFO] [OK] Argentina/GFS_ENSEMBLE_Corn_Winter_PRCP/cumulative dia 12 (2026-08-19 → 2026-08-31) 34980 bytes
2026-08-19 09:35:51,033 [INFO] [OK] Argentina/GFS_ENSEMBLE_Corn_Winter_PRCP/cumulative dia 14 (2026-08-19 → 2026-09-02) 35638 bytes
2026-08-19 09:35:52,367 [INFO] [OK] Argentina/ECM_ENSEMBLE_Soy_PRCP_DEP/daily dia 06 (2026-08-25 → 2026-08-25) 39994 bytes
2026-08-19 09:35:52,656 [INFO] [OK] Argentina/ECM_ENSEMBLE_Soy_PRCP_DEP/daily dia 01 (2026-08-20 → 2026-08-20) 35159 bytes
2026-08-19 09:35:52,658 [INFO] [OK] Argentina/ECM_ENSEMBLE_Soy_PRCP_DEP/daily dia 02 (2026-08-21 → 2026-08-21) 31056 bytes
2026-08-19 09:35:52,660 [INFO] [OK] Argentina/ECM_ENSEMBLE_Soy_PRCP_DEP/daily dia 04 (2026-08-23 → 2026-08-23) 35253 bytes
2026-08-19 09:35:52,662 [INFO] [OK] Argentina/ECM_ENSEMBLE_Soy_PRCP_DEP/daily dia 03 (2026-08-22 → 2026-08-22) 31956 bytes
2026-08-19 09:35:52,667 [INFO] [OK] Argentina/ECM_ENSEMBLE_Soy_PRCP_DEP/daily dia 05 (2026-08-24 → 2026-08-24) 39672 bytes
2026-08-19 09:35:54,127 [INFO] [OK] Argentina/ECM_ENSEMBLE_Soy_PRCP_DEP/daily dia 10 (2026-08-29 → 2026-08-29) 40616 bytes
2026-08-19 09:35:54,127 [INFO] [OK] Argentina/ECM_ENSEMBLE_Soy_PRCP_DEP/daily dia 07 (2026-08-26 → 2026-08-26) 40427 bytes
2026-08-19 09:35:54,129 [INFO] [OK] Argentina/ECM_ENSEMBLE_Soy_PRCP_DEP/daily dia 09 (2026-08-28 → 2026-08-28) 39559 bytes
2026-08-19 09:35:54,141 [INFO] [OK] Argentina/ECM_ENSEMBLE_Soy_PRCP_DEP/daily dia 08 (2026-08-27 → 2026-08-27) 40133 bytes
2026-08-19 09:35:54,154 [INFO] [OK] Argentina/ECM_ENSEMBLE_Soy_PRCP_DEP/daily dia 11 (2026-08-30 → 2026-08-30) 41853 bytes
2026-08-19 09:35:54,158 [INFO] [OK] Argentina/ECM_ENSEMBLE_Soy_PRCP_DEP/daily dia 12 (2026-08-31 → 2026-08-31) 43001 bytes
2026-08-19 09:35:56,867 [INFO] [OK] Argentina/ECM_ENSEMBLE_Soy_PRCP_DEP/cumulative dia 00 (2026-08-19 → 2026-08-19) 34967 bytes
2026-08-19 09:35:56,912 [INFO] [OK] Argentina/ECM_ENSEMBLE_Soy_PRCP_DEP/cumulative dia 02 (2026-08-19 → 2026-08-21) 36561 bytes
2026-08-19 09:35:56,913 [INFO] [OK] Argentina/ECM_ENSEMBLE_Soy_PRCP_DEP/cumulative dia 01 (2026-08-19 → 2026-08-20) 35143 bytes
2026-08-19 09:35:56,917 [INFO] [OK] Argentina/ECM_ENSEMBLE_Soy_PRCP_DEP/cumulative dia 03 (2026-08-19 → 2026-08-22) 38427 bytes
2026-08-19 09:35:57,422 [INFO] [OK] Argentina/ECM_ENSEMBLE_Soy_PRCP_DEP/daily dia 14 (2026-09-02 → 2026-09-02) 45267 bytes
2026-08-19 09:35:57,424 [INFO] [OK] Argentina/ECM_ENSEMBLE_Soy_PRCP_DEP/daily dia 13 (2026-09-01 → 2026-09-01) 45163 bytes
2026-08-19 09:35:58,247 [INFO] [OK] Argentina/ECM_ENSEMBLE_Soy_PRCP_DEP/cumulative dia 06 (2026-08-19 → 2026-08-25) 43922 bytes
2026-08-19 09:35:58,259 [INFO] [OK] Argentina/ECM_ENSEMBLE_Soy_PRCP_DEP/cumulative dia 04 (2026-08-19 → 2026-08-23) 40228 bytes
2026-08-19 09:35:59,840 [INFO] [OK] Argentina/ECM_ENSEMBLE_Soy_PRCP_DEP/cumulative dia 08 (2026-08-19 → 2026-08-27) 44541 bytes
2026-08-19 09:35:59,843 [INFO] [OK] Argentina/ECM_ENSEMBLE_Soy_PRCP_DEP/cumulative dia 07 (2026-08-19 → 2026-08-26) 44757 bytes
2026-08-19 09:35:59,844 [INFO] [OK] Argentina/ECM_ENSEMBLE_Soy_PRCP_DEP/cumulative dia 10 (2026-08-19 → 2026-08-29) 44187 bytes
2026-08-19 09:35:59,892 [INFO] [OK] Argentina/ECM_ENSEMBLE_Soy_PRCP_DEP/cumulative dia 05 (2026-08-19 → 2026-08-24) 43069 bytes
2026-08-19 09:35:59,896 [INFO] [OK] Argentina/ECM_ENSEMBLE_Soy_PRCP_DEP/cumulative dia 11 (2026-08-19 → 2026-08-30) 44468 bytes
2026-08-19 09:35:59,897 [INFO] [OK] Argentina/ECM_ENSEMBLE_Soy_PRCP_DEP/cumulative dia 09 (2026-08-19 → 2026-08-28) 44688 bytes
2026-08-19 09:36:01,666 [INFO] [OK] Argentina/ECM_ENSEMBLE_Soy_PRCP_DEP/cumulative dia 13 (2026-08-19 → 2026-09-01) 44392 bytes
2026-08-19 09:36:01,669 [INFO] [OK] Argentina/ECM_ENSEMBLE_Soy_PRCP_DEP/cumulative dia 12 (2026-08-19 → 2026-08-31) 44158 bytes
2026-08-19 09:36:01,846 [INFO] [OK] Argentina/ECM_ENSEMBLE_Soy_PRCP_DEP/cumulative dia 14 (2026-08-19 → 2026-09-02) 44653 bytes
2026-08-19 09:36:02,758 [INFO] [OK] Argentina/ECM_ENSEMBLE_Soy_PRCP/daily dia 03 (2026-08-22 → 2026-08-22) 25259 bytes
2026-08-19 09:36:02,759 [INFO] [OK] Argentina/ECM_ENSEMBLE_Soy_PRCP/daily dia 02 (2026-08-21 → 2026-08-21) 25043 bytes
2026-08-19 09:36:02,806 [INFO] [OK] Argentina/ECM_ENSEMBLE_Soy_PRCP/daily dia 01 (2026-08-20 → 2026-08-20) 29125 bytes
2026-08-19 09:36:02,807 [INFO] [OK] Argentina/ECM_ENSEMBLE_Soy_PRCP/daily dia 00 (2026-08-19 → 2026-08-19) 30808 bytes
2026-08-19 09:36:02,879 [INFO] [OK] Argentina/ECM_ENSEMBLE_Soy_PRCP/daily dia 04 (2026-08-23 → 2026-08-23) 25901 bytes
2026-08-19 09:36:02,941 [INFO] [OK] Argentina/ECM_ENSEMBLE_Soy_PRCP/daily dia 05 (2026-08-24 → 2026-08-24) 28123 bytes
2026-08-19 09:36:03,848 [INFO] [OK] Argentina/ECM_ENSEMBLE_Soy_PRCP/daily dia 06 (2026-08-25 → 2026-08-25) 28574 bytes
2026-08-19 09:36:04,102 [INFO] [OK] Argentina/ECM_ENSEMBLE_Soy_PRCP/daily dia 10 (2026-08-29 → 2026-08-29) 28790 bytes
2026-08-19 09:36:04,105 [INFO] [OK] Argentina/ECM_ENSEMBLE_Soy_PRCP/daily dia 11 (2026-08-30 → 2026-08-30) 29321 bytes
2026-08-19 09:36:04,106 [INFO] [OK] Argentina/ECM_ENSEMBLE_Soy_PRCP/daily dia 07 (2026-08-26 → 2026-08-26) 29202 bytes
2026-08-19 09:36:04,112 [INFO] [OK] Argentina/ECM_ENSEMBLE_Soy_PRCP/daily dia 08 (2026-08-27 → 2026-08-27) 28964 bytes
2026-08-19 09:36:04,167 [INFO] [OK] Argentina/ECM_ENSEMBLE_Soy_PRCP/daily dia 09 (2026-08-28 → 2026-08-28) 28870 bytes
2026-08-19 09:36:04,951 [INFO] [OK] Argentina/ECM_ENSEMBLE_Soy_PRCP/daily dia 12 (2026-08-31 → 2026-08-31) 29336 bytes
2026-08-19 09:36:05,214 [INFO] [OK] Argentina/ECM_ENSEMBLE_Soy_PRCP/daily dia 14 (2026-09-02 → 2026-09-02) 27564 bytes
2026-08-19 09:36:05,214 [INFO] [OK] Argentina/ECM_ENSEMBLE_Soy_PRCP/daily dia 13 (2026-09-01 → 2026-09-01) 28280 bytes
2026-08-19 09:36:05,217 [INFO] [OK] Argentina/ECM_ENSEMBLE_Soy_PRCP/cumulative dia 00 (2026-08-19 → 2026-08-19) 30808 bytes
2026-08-19 09:36:05,407 [INFO] [OK] Argentina/ECM_ENSEMBLE_Soy_PRCP/cumulative dia 01 (2026-08-19 → 2026-08-20) 32209 bytes
2026-08-19 09:36:05,409 [INFO] [OK] Argentina/ECM_ENSEMBLE_Soy_PRCP/cumulative dia 02 (2026-08-19 → 2026-08-21) 32349 bytes
2026-08-19 09:36:06,075 [INFO] [OK] Argentina/ECM_ENSEMBLE_Soy_PRCP/cumulative dia 03 (2026-08-19 → 2026-08-22) 32670 bytes
2026-08-19 09:36:06,644 [INFO] [OK] Argentina/ECM_ENSEMBLE_Soy_PRCP/cumulative dia 05 (2026-08-19 → 2026-08-24) 34653 bytes
2026-08-19 09:36:06,853 [INFO] [OK] Argentina/ECM_ENSEMBLE_Soy_PRCP/cumulative dia 04 (2026-08-19 → 2026-08-23) 33203 bytes
2026-08-19 09:36:06,977 [INFO] [OK] Argentina/ECM_ENSEMBLE_Soy_PRCP/cumulative dia 08 (2026-08-19 → 2026-08-27) 37288 bytes
2026-08-19 09:36:06,980 [INFO] [OK] Argentina/ECM_ENSEMBLE_Soy_PRCP/cumulative dia 06 (2026-08-19 → 2026-08-25) 35720 bytes
2026-08-19 09:36:07,358 [INFO] [OK] Argentina/ECM_ENSEMBLE_Soy_PRCP/cumulative dia 07 (2026-08-19 → 2026-08-26) 36746 bytes
2026-08-19 09:36:07,649 [INFO] [OK] Argentina/ECM_ENSEMBLE_Soy_PRCP/cumulative dia 09 (2026-08-19 → 2026-08-28) 37634 bytes
2026-08-19 09:36:08,430 [INFO] [OK] Argentina/ECM_ENSEMBLE_Soy_PRCP/cumulative dia 10 (2026-08-19 → 2026-08-29) 38029 bytes
2026-08-19 09:36:08,537 [INFO] [OK] Argentina/ECM_ENSEMBLE_Soy_PRCP/cumulative dia 11 (2026-08-19 → 2026-08-30) 38612 bytes
2026-08-19 09:36:08,682 [INFO] [OK] Argentina/ECM_ENSEMBLE_Soy_PRCP/cumulative dia 12 (2026-08-19 → 2026-08-31) 38458 bytes
2026-08-19 09:36:08,868 [INFO] [OK] Argentina/ECM_ENSEMBLE_Corn_Winter_PRCP_DEP/daily dia 00 (2026-08-19 → 2026-08-19) 32802 bytes
2026-08-19 09:36:08,920 [INFO] [OK] Argentina/ECM_ENSEMBLE_Soy_PRCP/cumulative dia 13 (2026-08-19 → 2026-09-01) 38862 bytes
2026-08-19 09:36:09,090 [INFO] [OK] Argentina/ECM_ENSEMBLE_Soy_PRCP/cumulative dia 14 (2026-08-19 → 2026-09-02) 39269 bytes
2026-08-19 09:36:09,483 [INFO] [OK] Argentina/ECM_ENSEMBLE_Corn_Winter_PRCP_DEP/daily dia 01 (2026-08-20 → 2026-08-20) 33541 bytes
2026-08-19 09:36:09,566 [INFO] [OK] Argentina/ECM_ENSEMBLE_Corn_Winter_PRCP_DEP/daily dia 02 (2026-08-21 → 2026-08-21) 29520 bytes
2026-08-19 09:36:09,712 [INFO] [OK] Argentina/ECM_ENSEMBLE_Corn_Winter_PRCP_DEP/daily dia 03 (2026-08-22 → 2026-08-22) 30004 bytes
2026-08-19 09:36:09,893 [INFO] [OK] Argentina/ECM_ENSEMBLE_Corn_Winter_PRCP_DEP/daily dia 04 (2026-08-23 → 2026-08-23) 33319 bytes
2026-08-19 09:36:09,943 [INFO] [OK] Argentina/ECM_ENSEMBLE_Corn_Winter_PRCP_DEP/daily dia 05 (2026-08-24 → 2026-08-24) 37893 bytes
2026-08-19 09:36:10,310 [INFO] [OK] Argentina/ECM_ENSEMBLE_Corn_Winter_PRCP_DEP/daily dia 06 (2026-08-25 → 2026-08-25) 38250 bytes
2026-08-19 09:36:10,535 [INFO] [OK] Argentina/ECM_ENSEMBLE_Corn_Winter_PRCP_DEP/daily dia 07 (2026-08-26 → 2026-08-26) 38702 bytes
2026-08-19 09:36:10,882 [INFO] [OK] Argentina/ECM_ENSEMBLE_Corn_Winter_PRCP_DEP/daily dia 08 (2026-08-27 → 2026-08-27) 38596 bytes
2026-08-19 09:36:11,025 [INFO] [OK] Argentina/ECM_ENSEMBLE_Corn_Winter_PRCP_DEP/daily dia 09 (2026-08-28 → 2026-08-28) 37995 bytes
2026-08-19 09:36:11,605 [INFO] [OK] Argentina/ECM_ENSEMBLE_Corn_Winter_PRCP_DEP/daily dia 11 (2026-08-30 → 2026-08-30) 40437 bytes
2026-08-19 09:36:11,605 [INFO] [OK] Argentina/ECM_ENSEMBLE_Corn_Winter_PRCP_DEP/daily dia 12 (2026-08-31 → 2026-08-31) 41538 bytes
2026-08-19 09:36:11,606 [INFO] [OK] Argentina/ECM_ENSEMBLE_Corn_Winter_PRCP_DEP/daily dia 10 (2026-08-29 → 2026-08-29) 38880 bytes
2026-08-19 09:36:11,716 [INFO] [OK] Argentina/ECM_ENSEMBLE_Corn_Winter_PRCP_DEP/daily dia 13 (2026-09-01 → 2026-09-01) 43702 bytes
2026-08-19 09:36:11,932 [INFO] [OK] Argentina/ECM_ENSEMBLE_Corn_Winter_PRCP_DEP/daily dia 14 (2026-09-02 → 2026-09-02) 43599 bytes
2026-08-19 09:36:12,047 [INFO] [OK] Argentina/ECM_ENSEMBLE_Corn_Winter_PRCP_DEP/cumulative dia 00 (2026-08-19 → 2026-08-19) 32802 bytes
2026-08-19 09:36:12,756 [INFO] [OK] Argentina/ECM_ENSEMBLE_Corn_Winter_PRCP_DEP/cumulative dia 01 (2026-08-19 → 2026-08-20) 33137 bytes
2026-08-19 09:36:12,788 [INFO] [OK] Argentina/ECM_ENSEMBLE_Corn_Winter_PRCP_DEP/cumulative dia 02 (2026-08-19 → 2026-08-21) 34975 bytes
2026-08-19 09:36:12,831 [INFO] [OK] Argentina/ECM_ENSEMBLE_Corn_Winter_PRCP_DEP/cumulative dia 03 (2026-08-19 → 2026-08-22) 36768 bytes
2026-08-19 09:36:12,963 [INFO] [OK] Argentina/ECM_ENSEMBLE_Corn_Winter_PRCP_DEP/cumulative dia 04 (2026-08-19 → 2026-08-23) 38639 bytes
2026-08-19 09:36:13,264 [INFO] [OK] Argentina/ECM_ENSEMBLE_Corn_Winter_PRCP_DEP/cumulative dia 05 (2026-08-19 → 2026-08-24) 41284 bytes
2026-08-19 09:36:13,450 [INFO] [OK] Argentina/ECM_ENSEMBLE_Corn_Winter_PRCP_DEP/cumulative dia 06 (2026-08-19 → 2026-08-25) 42358 bytes
2026-08-19 09:36:14,149 [INFO] [OK] Argentina/ECM_ENSEMBLE_Corn_Winter_PRCP_DEP/cumulative dia 07 (2026-08-19 → 2026-08-26) 42982 bytes
2026-08-19 09:36:14,222 [INFO] [OK] Argentina/ECM_ENSEMBLE_Corn_Winter_PRCP_DEP/cumulative dia 08 (2026-08-19 → 2026-08-27) 42643 bytes
2026-08-19 09:36:14,300 [INFO] [OK] Argentina/ECM_ENSEMBLE_Corn_Winter_PRCP_DEP/cumulative dia 09 (2026-08-19 → 2026-08-28) 43048 bytes
2026-08-19 09:36:15,117 [INFO] [OK] Argentina/ECM_ENSEMBLE_Corn_Winter_PRCP_DEP/cumulative dia 11 (2026-08-19 → 2026-08-30) 42801 bytes
2026-08-19 09:36:15,122 [INFO] [OK] Argentina/ECM_ENSEMBLE_Corn_Winter_PRCP_DEP/cumulative dia 10 (2026-08-19 → 2026-08-29) 42457 bytes
2026-08-19 09:36:15,262 [INFO] [OK] Argentina/ECM_ENSEMBLE_Corn_Winter_PRCP_DEP/cumulative dia 12 (2026-08-19 → 2026-08-31) 42429 bytes
2026-08-19 09:36:15,826 [INFO] [OK] Argentina/ECM_ENSEMBLE_Corn_Winter_PRCP_DEP/cumulative dia 13 (2026-08-19 → 2026-09-01) 42676 bytes
2026-08-19 09:36:16,008 [INFO] [OK] Argentina/ECM_ENSEMBLE_Corn_Winter_PRCP_DEP/cumulative dia 14 (2026-08-19 → 2026-09-02) 42903 bytes
2026-08-19 09:36:16,180 [INFO] [OK] Argentina/ECM_ENSEMBLE_Corn_Winter_PRCP/daily dia 01 (2026-08-20 → 2026-08-20) 27042 bytes
2026-08-19 09:36:16,481 [INFO] [OK] Argentina/ECM_ENSEMBLE_Corn_Winter_PRCP/daily dia 02 (2026-08-21 → 2026-08-21) 23190 bytes
2026-08-19 09:36:16,617 [INFO] [OK] Argentina/ECM_ENSEMBLE_Corn_Winter_PRCP/daily dia 03 (2026-08-22 → 2026-08-22) 23361 bytes
2026-08-19 09:36:16,620 [INFO] [OK] Argentina/ECM_ENSEMBLE_Corn_Winter_PRCP/daily dia 00 (2026-08-19 → 2026-08-19) 28790 bytes
2026-08-19 09:36:17,018 [INFO] [OK] Argentina/ECM_ENSEMBLE_Corn_Winter_PRCP/daily dia 04 (2026-08-23 → 2026-08-23) 24101 bytes
2026-08-19 09:36:17,168 [INFO] [OK] Argentina/ECM_ENSEMBLE_Corn_Winter_PRCP/daily dia 05 (2026-08-24 → 2026-08-24) 26233 bytes
2026-08-19 09:36:17,248 [INFO] [OK] Argentina/ECM_ENSEMBLE_Corn_Winter_PRCP/daily dia 06 (2026-08-25 → 2026-08-25) 26825 bytes
2026-08-19 09:36:17,427 [INFO] [OK] Argentina/ECM_ENSEMBLE_Corn_Winter_PRCP/daily dia 07 (2026-08-26 → 2026-08-26) 27455 bytes
2026-08-19 09:36:17,705 [INFO] [OK] Argentina/ECM_ENSEMBLE_Corn_Winter_PRCP/daily dia 09 (2026-08-28 → 2026-08-28) 26981 bytes
2026-08-19 09:36:17,709 [INFO] [OK] Argentina/ECM_ENSEMBLE_Corn_Winter_PRCP/daily dia 08 (2026-08-27 → 2026-08-27) 27096 bytes
2026-08-19 09:36:18,027 [INFO] [OK] Argentina/ECM_ENSEMBLE_Corn_Winter_PRCP/daily dia 10 (2026-08-29 → 2026-08-29) 26992 bytes
2026-08-19 09:36:18,169 [INFO] [OK] Argentina/ECM_ENSEMBLE_Corn_Winter_PRCP/daily dia 11 (2026-08-30 → 2026-08-30) 27549 bytes
2026-08-19 09:36:18,323 [INFO] [OK] Argentina/ECM_ENSEMBLE_Corn_Winter_PRCP/daily dia 12 (2026-08-31 → 2026-08-31) 27651 bytes
2026-08-19 09:36:18,644 [INFO] [OK] Argentina/ECM_ENSEMBLE_Corn_Winter_PRCP/daily dia 13 (2026-09-01 → 2026-09-01) 26742 bytes
2026-08-19 09:36:18,681 [INFO] [OK] Argentina/ECM_ENSEMBLE_Corn_Winter_PRCP/daily dia 14 (2026-09-02 → 2026-09-02) 25746 bytes
2026-08-19 09:36:18,775 [INFO] [OK] Argentina/ECM_ENSEMBLE_Corn_Winter_PRCP/cumulative dia 00 (2026-08-19 → 2026-08-19) 28790 bytes
2026-08-19 09:36:19,093 [INFO] [OK] Argentina/ECM_ENSEMBLE_Corn_Winter_PRCP/cumulative dia 01 (2026-08-19 → 2026-08-20) 30141 bytes
2026-08-19 09:36:19,265 [INFO] [OK] Argentina/ECM_ENSEMBLE_Corn_Winter_PRCP/cumulative dia 02 (2026-08-19 → 2026-08-21) 30388 bytes
2026-08-19 09:36:19,426 [INFO] [OK] Argentina/ECM_ENSEMBLE_Corn_Winter_PRCP/cumulative dia 03 (2026-08-19 → 2026-08-22) 30805 bytes
2026-08-19 09:36:19,914 [INFO] [OK] Argentina/ECM_ENSEMBLE_Corn_Winter_PRCP/cumulative dia 04 (2026-08-19 → 2026-08-23) 31342 bytes
2026-08-19 09:36:20,016 [INFO] [OK] Argentina/ECM_ENSEMBLE_Corn_Winter_PRCP/cumulative dia 06 (2026-08-19 → 2026-08-25) 33738 bytes
2026-08-19 09:36:20,036 [INFO] [OK] Argentina/ECM_ENSEMBLE_Corn_Winter_PRCP/cumulative dia 05 (2026-08-19 → 2026-08-24) 32639 bytes
2026-08-19 09:36:20,475 [INFO] [OK] Argentina/ECM_ENSEMBLE_Corn_Winter_PRCP/cumulative dia 07 (2026-08-19 → 2026-08-26) 34725 bytes
2026-08-19 09:36:20,707 [INFO] [OK] Argentina/ECM_ENSEMBLE_Corn_Winter_PRCP/cumulative dia 08 (2026-08-19 → 2026-08-27) 35227 bytes
2026-08-19 09:36:20,912 [INFO] [OK] Argentina/ECM_ENSEMBLE_Corn_Winter_PRCP/cumulative dia 09 (2026-08-19 → 2026-08-28) 35583 bytes
2026-08-19 09:36:21,382 [INFO] [OK] Argentina/ECM_ENSEMBLE_Corn_Winter_PRCP/cumulative dia 10 (2026-08-19 → 2026-08-29) 35854 bytes
2026-08-19 09:36:21,699 [INFO] [OK] Argentina/ECM_ENSEMBLE_Corn_Winter_PRCP/cumulative dia 11 (2026-08-19 → 2026-08-30) 36444 bytes
2026-08-19 09:36:22,545 [INFO] [OK] Argentina/ECM_ENSEMBLE_Corn_Winter_PRCP/cumulative dia 13 (2026-08-19 → 2026-09-01) 37077 bytes
2026-08-19 09:36:22,549 [INFO] [OK] Argentina/ECM_ENSEMBLE_Corn_Winter_PRCP/cumulative dia 14 (2026-08-19 → 2026-09-02) 37514 bytes
2026-08-19 09:36:22,549 [INFO] [OK] Argentina/ECM_ENSEMBLE_Corn_Winter_PRCP/cumulative dia 12 (2026-08-19 → 2026-08-31) 36639 bytes
2026-08-19 09:36:22,721 [INFO] [OK] USA/GFS_ENSEMBLE_Corn_PRCP_DEP/daily dia 00 (2026-08-19 → 2026-08-19) 48043 bytes
2026-08-19 09:36:23,484 [INFO] [OK] USA/GFS_ENSEMBLE_Corn_PRCP_DEP/daily dia 02 (2026-08-21 → 2026-08-21) 53314 bytes
2026-08-19 09:36:23,490 [INFO] [OK] USA/GFS_ENSEMBLE_Corn_PRCP_DEP/daily dia 01 (2026-08-20 → 2026-08-20) 53312 bytes
2026-08-19 09:36:24,218 [INFO] [OK] USA/GFS_ENSEMBLE_Corn_PRCP_DEP/daily dia 03 (2026-08-22 → 2026-08-22) 55992 bytes
2026-08-19 09:36:24,316 [INFO] [OK] USA/GFS_ENSEMBLE_Corn_PRCP_DEP/daily dia 04 (2026-08-23 → 2026-08-23) 52390 bytes
2026-08-19 09:36:24,384 [INFO] [OK] USA/GFS_ENSEMBLE_Corn_PRCP_DEP/daily dia 05 (2026-08-24 → 2026-08-24) 53565 bytes
2026-08-19 09:36:24,521 [INFO] [OK] USA/GFS_ENSEMBLE_Corn_PRCP_DEP/daily dia 06 (2026-08-25 → 2026-08-25) 57425 bytes
2026-08-19 09:36:25,155 [INFO] [OK] USA/GFS_ENSEMBLE_Corn_PRCP_DEP/daily dia 08 (2026-08-27 → 2026-08-27) 57308 bytes
2026-08-19 09:36:25,221 [INFO] [OK] USA/GFS_ENSEMBLE_Corn_PRCP_DEP/daily dia 07 (2026-08-26 → 2026-08-26) 57371 bytes
2026-08-19 09:36:25,940 [INFO] [OK] USA/GFS_ENSEMBLE_Corn_PRCP_DEP/daily dia 09 (2026-08-28 → 2026-08-28) 57586 bytes
2026-08-19 09:36:26,002 [INFO] [OK] USA/GFS_ENSEMBLE_Corn_PRCP_DEP/daily dia 10 (2026-08-29 → 2026-08-29) 55205 bytes
2026-08-19 09:36:26,316 [INFO] [OK] USA/GFS_ENSEMBLE_Corn_PRCP_DEP/daily dia 11 (2026-08-30 → 2026-08-30) 57644 bytes
2026-08-19 09:36:26,329 [INFO] [OK] USA/GFS_ENSEMBLE_Corn_PRCP_DEP/daily dia 12 (2026-08-31 → 2026-08-31) 59592 bytes
2026-08-19 09:36:26,938 [INFO] [OK] USA/GFS_ENSEMBLE_Corn_PRCP_DEP/daily dia 13 (2026-09-01 → 2026-09-01) 60976 bytes
2026-08-19 09:36:27,084 [INFO] [OK] USA/GFS_ENSEMBLE_Corn_PRCP_DEP/daily dia 14 (2026-09-02 → 2026-09-02) 60909 bytes
2026-08-19 09:36:27,621 [INFO] [OK] USA/GFS_ENSEMBLE_Corn_PRCP_DEP/cumulative dia 00 (2026-08-19 → 2026-08-19) 48043 bytes
2026-08-19 09:36:27,821 [INFO] [OK] USA/GFS_ENSEMBLE_Corn_PRCP_DEP/cumulative dia 01 (2026-08-19 → 2026-08-20) 53565 bytes
2026-08-19 09:36:28,576 [INFO] [OK] USA/GFS_ENSEMBLE_Corn_PRCP_DEP/cumulative dia 03 (2026-08-19 → 2026-08-22) 59358 bytes
2026-08-19 09:36:28,578 [INFO] [OK] USA/GFS_ENSEMBLE_Corn_PRCP_DEP/cumulative dia 02 (2026-08-19 → 2026-08-21) 55354 bytes
2026-08-19 09:36:29,067 [INFO] [OK] USA/GFS_ENSEMBLE_Corn_PRCP_DEP/cumulative dia 04 (2026-08-19 → 2026-08-23) 58852 bytes
2026-08-19 09:36:29,908 [INFO] [OK] USA/GFS_ENSEMBLE_Corn_PRCP_DEP/cumulative dia 06 (2026-08-19 → 2026-08-25) 58781 bytes
2026-08-19 09:36:29,913 [INFO] [OK] USA/GFS_ENSEMBLE_Corn_PRCP_DEP/cumulative dia 05 (2026-08-19 → 2026-08-24) 58670 bytes
2026-08-19 09:36:30,212 [INFO] [OK] USA/GFS_ENSEMBLE_Corn_PRCP_DEP/cumulative dia 07 (2026-08-19 → 2026-08-26) 59222 bytes
2026-08-19 09:36:31,324 [INFO] [OK] USA/GFS_ENSEMBLE_Corn_PRCP_DEP/cumulative dia 08 (2026-08-19 → 2026-08-27) 59001 bytes
2026-08-19 09:36:31,556 [INFO] [OK] USA/GFS_ENSEMBLE_Corn_PRCP_DEP/cumulative dia 09 (2026-08-19 → 2026-08-28) 58704 bytes
2026-08-19 09:36:32,174 [INFO] [OK] USA/GFS_ENSEMBLE_Corn_PRCP_DEP/cumulative dia 10 (2026-08-19 → 2026-08-29) 57774 bytes
2026-08-19 09:36:33,320 [INFO] [OK] USA/GFS_ENSEMBLE_Corn_PRCP_DEP/cumulative dia 11 (2026-08-19 → 2026-08-30) 57894 bytes
2026-08-19 09:36:33,657 [INFO] [OK] USA/GFS_ENSEMBLE_Corn_PRCP_DEP/cumulative dia 12 (2026-08-19 → 2026-08-31) 58236 bytes
2026-08-19 09:36:33,794 [INFO] [OK] USA/GFS_ENSEMBLE_Corn_PRCP_DEP/cumulative dia 13 (2026-08-19 → 2026-09-01) 58368 bytes
2026-08-19 09:36:35,751 [INFO] [OK] USA/GFS_ENSEMBLE_Corn_PRCP_DEP/cumulative dia 14 (2026-08-19 → 2026-09-02) 58383 bytes
2026-08-19 09:36:35,764 [INFO] [OK] USA/GFS_ENSEMBLE_Corn_PRCP/daily dia 03 (2026-08-22 → 2026-08-22) 36527 bytes
2026-08-19 09:36:36,002 [INFO] [OK] USA/GFS_ENSEMBLE_Corn_PRCP/daily dia 00 (2026-08-19 → 2026-08-19) 35595 bytes
2026-08-19 09:36:36,002 [INFO] [OK] USA/GFS_ENSEMBLE_Corn_PRCP/daily dia 04 (2026-08-23 → 2026-08-23) 34350 bytes
2026-08-19 09:36:36,041 [INFO] [OK] USA/GFS_ENSEMBLE_Corn_PRCP/daily dia 01 (2026-08-20 → 2026-08-20) 36918 bytes
2026-08-19 09:36:36,064 [INFO] [OK] USA/GFS_ENSEMBLE_Corn_PRCP/daily dia 02 (2026-08-21 → 2026-08-21) 35577 bytes
2026-08-19 09:36:37,966 [INFO] [OK] USA/GFS_ENSEMBLE_Corn_PRCP/daily dia 07 (2026-08-26 → 2026-08-26) 35145 bytes
2026-08-19 09:36:38,033 [INFO] [OK] USA/GFS_ENSEMBLE_Corn_PRCP/daily dia 05 (2026-08-24 → 2026-08-24) 35149 bytes
2026-08-19 09:36:38,070 [INFO] [OK] USA/GFS_ENSEMBLE_Corn_PRCP/daily dia 08 (2026-08-27 → 2026-08-27) 34718 bytes
2026-08-19 09:36:38,131 [INFO] [OK] USA/GFS_ENSEMBLE_Corn_PRCP/daily dia 10 (2026-08-29 → 2026-08-29) 34740 bytes
2026-08-19 09:36:38,283 [INFO] [OK] USA/GFS_ENSEMBLE_Corn_PRCP/daily dia 09 (2026-08-28 → 2026-08-28) 34899 bytes
2026-08-19 09:36:38,286 [INFO] [OK] USA/GFS_ENSEMBLE_Corn_PRCP/daily dia 06 (2026-08-25 → 2026-08-25) 35269 bytes
2026-08-19 09:36:39,844 [INFO] [OK] USA/GFS_ENSEMBLE_Corn_PRCP/daily dia 11 (2026-08-30 → 2026-08-30) 36082 bytes
2026-08-19 09:36:39,946 [INFO] [OK] USA/GFS_ENSEMBLE_Corn_PRCP/daily dia 13 (2026-09-01 → 2026-09-01) 36347 bytes
2026-08-19 09:36:40,097 [INFO] [OK] USA/GFS_ENSEMBLE_Corn_PRCP/daily dia 12 (2026-08-31 → 2026-08-31) 36988 bytes
2026-08-19 09:36:40,099 [INFO] [OK] USA/GFS_ENSEMBLE_Corn_PRCP/daily dia 14 (2026-09-02 → 2026-09-02) 36019 bytes
2026-08-19 09:36:40,218 [INFO] [OK] USA/GFS_ENSEMBLE_Corn_PRCP/cumulative dia 00 (2026-08-19 → 2026-08-19) 35595 bytes
2026-08-19 09:36:40,398 [INFO] [OK] USA/GFS_ENSEMBLE_Corn_PRCP/cumulative dia 01 (2026-08-19 → 2026-08-20) 38834 bytes
2026-08-19 09:36:42,639 [INFO] [OK] USA/GFS_ENSEMBLE_Corn_PRCP/cumulative dia 02 (2026-08-19 → 2026-08-21) 40105 bytes
2026-08-19 09:36:42,640 [INFO] [OK] USA/GFS_ENSEMBLE_Corn_PRCP/cumulative dia 03 (2026-08-19 → 2026-08-22) 42022 bytes
2026-08-19 09:36:42,641 [INFO] [OK] USA/GFS_ENSEMBLE_Corn_PRCP/cumulative dia 05 (2026-08-19 → 2026-08-24) 43623 bytes
2026-08-19 09:36:42,644 [INFO] [OK] USA/GFS_ENSEMBLE_Corn_PRCP/cumulative dia 04 (2026-08-19 → 2026-08-23) 43284 bytes
2026-08-19 09:36:42,716 [INFO] [OK] USA/GFS_ENSEMBLE_Corn_PRCP/cumulative dia 06 (2026-08-19 → 2026-08-25) 44720 bytes
2026-08-19 09:36:43,109 [INFO] [OK] USA/GFS_ENSEMBLE_Corn_PRCP/cumulative dia 07 (2026-08-19 → 2026-08-26) 45334 bytes
2026-08-19 09:36:45,586 [INFO] [OK] USA/GFS_ENSEMBLE_Corn_PRCP/cumulative dia 10 (2026-08-19 → 2026-08-29) 46848 bytes
2026-08-19 09:36:45,881 [INFO] [OK] USA/GFS_ENSEMBLE_Corn_PRCP/cumulative dia 09 (2026-08-19 → 2026-08-28) 46547 bytes
2026-08-19 09:36:46,066 [INFO] [OK] USA/GFS_ENSEMBLE_Corn_PRCP/cumulative dia 08 (2026-08-19 → 2026-08-27) 45631 bytes
2026-08-19 09:36:46,118 [INFO] [OK] USA/GFS_ENSEMBLE_Corn_PRCP/cumulative dia 11 (2026-08-19 → 2026-08-30) 46721 bytes
2026-08-19 09:36:46,308 [INFO] [OK] USA/GFS_ENSEMBLE_Corn_PRCP/cumulative dia 12 (2026-08-19 → 2026-08-31) 47728 bytes
2026-08-19 09:36:46,362 [INFO] [OK] USA/GFS_ENSEMBLE_Corn_PRCP/cumulative dia 13 (2026-08-19 → 2026-09-01) 47917 bytes
2026-08-19 09:36:47,835 [INFO] [OK] USA/GFS_ENSEMBLE_Soy_PRCP_DEP/daily dia 00 (2026-08-19 → 2026-08-19) 47677 bytes
2026-08-19 09:36:48,374 [INFO] [OK] USA/GFS_ENSEMBLE_Soy_PRCP_DEP/daily dia 01 (2026-08-20 → 2026-08-20) 52810 bytes
2026-08-19 09:36:48,451 [INFO] [OK] USA/GFS_ENSEMBLE_Soy_PRCP_DEP/daily dia 03 (2026-08-22 → 2026-08-22) 55650 bytes
2026-08-19 09:36:48,628 [INFO] [OK] USA/GFS_ENSEMBLE_Soy_PRCP_DEP/daily dia 02 (2026-08-21 → 2026-08-21) 52778 bytes
2026-08-19 09:36:48,837 [INFO] [OK] USA/GFS_ENSEMBLE_Soy_PRCP_DEP/daily dia 04 (2026-08-23 → 2026-08-23) 52236 bytes
2026-08-19 09:36:48,977 [INFO] [OK] USA/GFS_ENSEMBLE_Corn_PRCP/cumulative dia 14 (2026-08-19 → 2026-09-02) 48221 bytes
2026-08-19 09:36:50,668 [INFO] [OK] USA/GFS_ENSEMBLE_Soy_PRCP_DEP/daily dia 06 (2026-08-25 → 2026-08-25) 56955 bytes
2026-08-19 09:36:50,673 [INFO] [OK] USA/GFS_ENSEMBLE_Soy_PRCP_DEP/daily dia 05 (2026-08-24 → 2026-08-24) 53014 bytes
2026-08-19 09:36:50,674 [INFO] [OK] USA/GFS_ENSEMBLE_Soy_PRCP_DEP/daily dia 09 (2026-08-28 → 2026-08-28) 57072 bytes
2026-08-19 09:36:50,679 [INFO] [OK] USA/GFS_ENSEMBLE_Soy_PRCP_DEP/daily dia 07 (2026-08-26 → 2026-08-26) 56947 bytes
2026-08-19 09:36:50,684 [INFO] [OK] USA/GFS_ENSEMBLE_Soy_PRCP_DEP/daily dia 08 (2026-08-27 → 2026-08-27) 56748 bytes
2026-08-19 09:36:50,748 [INFO] [OK] USA/GFS_ENSEMBLE_Soy_PRCP_DEP/daily dia 10 (2026-08-29 → 2026-08-29) 54891 bytes
2026-08-19 09:36:52,655 [INFO] [OK] USA/GFS_ENSEMBLE_Soy_PRCP_DEP/daily dia 11 (2026-08-30 → 2026-08-30) 57469 bytes
2026-08-19 09:36:52,703 [INFO] [OK] USA/GFS_ENSEMBLE_Soy_PRCP_DEP/daily dia 12 (2026-08-31 → 2026-08-31) 59259 bytes
2026-08-19 09:36:52,769 [INFO] [OK] USA/GFS_ENSEMBLE_Soy_PRCP_DEP/daily dia 13 (2026-09-01 → 2026-09-01) 60830 bytes
2026-08-19 09:36:52,895 [INFO] [OK] USA/GFS_ENSEMBLE_Soy_PRCP_DEP/daily dia 14 (2026-09-02 → 2026-09-02) 60637 bytes
2026-08-19 09:36:53,067 [INFO] [OK] USA/GFS_ENSEMBLE_Soy_PRCP_DEP/cumulative dia 00 (2026-08-19 → 2026-08-19) 47677 bytes
2026-08-19 09:36:53,115 [INFO] [OK] USA/GFS_ENSEMBLE_Soy_PRCP_DEP/cumulative dia 01 (2026-08-19 → 2026-08-20) 53303 bytes
2026-08-19 09:36:54,529 [INFO] [OK] USA/GFS_ENSEMBLE_Soy_PRCP_DEP/cumulative dia 02 (2026-08-19 → 2026-08-21) 55152 bytes
2026-08-19 09:36:54,781 [INFO] [OK] USA/GFS_ENSEMBLE_Soy_PRCP_DEP/cumulative dia 03 (2026-08-19 → 2026-08-22) 58950 bytes
2026-08-19 09:36:55,173 [INFO] [OK] USA/GFS_ENSEMBLE_Soy_PRCP_DEP/cumulative dia 04 (2026-08-19 → 2026-08-23) 58545 bytes
2026-08-19 09:36:55,177 [INFO] [OK] USA/GFS_ENSEMBLE_Soy_PRCP_DEP/cumulative dia 05 (2026-08-19 → 2026-08-24) 58495 bytes
2026-08-19 09:36:55,421 [INFO] [OK] USA/GFS_ENSEMBLE_Soy_PRCP_DEP/cumulative dia 06 (2026-08-19 → 2026-08-25) 58541 bytes
2026-08-19 09:36:55,455 [INFO] [OK] USA/GFS_ENSEMBLE_Soy_PRCP_DEP/cumulative dia 07 (2026-08-19 → 2026-08-26) 58831 bytes
2026-08-19 09:36:57,056 [INFO] [OK] USA/GFS_ENSEMBLE_Soy_PRCP_DEP/cumulative dia 08 (2026-08-19 → 2026-08-27) 58684 bytes
2026-08-19 09:36:57,502 [INFO] [OK] USA/GFS_ENSEMBLE_Soy_PRCP_DEP/cumulative dia 09 (2026-08-19 → 2026-08-28) 58581 bytes
2026-08-19 09:36:57,997 [INFO] [OK] USA/GFS_ENSEMBLE_Soy_PRCP_DEP/cumulative dia 10 (2026-08-19 → 2026-08-29) 57392 bytes
2026-08-19 09:36:58,246 [INFO] [OK] USA/GFS_ENSEMBLE_Soy_PRCP_DEP/cumulative dia 11 (2026-08-19 → 2026-08-30) 57454 bytes
2026-08-19 09:36:58,517 [INFO] [OK] USA/GFS_ENSEMBLE_Soy_PRCP_DEP/cumulative dia 12 (2026-08-19 → 2026-08-31) 57952 bytes
2026-08-19 09:36:58,635 [INFO] [OK] USA/GFS_ENSEMBLE_Soy_PRCP_DEP/cumulative dia 13 (2026-08-19 → 2026-09-01) 58024 bytes
2026-08-19 09:36:59,154 [INFO] [OK] USA/GFS_ENSEMBLE_Soy_PRCP/daily dia 00 (2026-08-19 → 2026-08-19) 35330 bytes
2026-08-19 09:36:59,797 [INFO] [OK] USA/GFS_ENSEMBLE_Soy_PRCP/daily dia 01 (2026-08-20 → 2026-08-20) 36409 bytes
2026-08-19 09:36:59,941 [INFO] [OK] USA/GFS_ENSEMBLE_Soy_PRCP/daily dia 02 (2026-08-21 → 2026-08-21) 35134 bytes
2026-08-19 09:37:00,232 [INFO] [OK] USA/GFS_ENSEMBLE_Soy_PRCP/daily dia 03 (2026-08-22 → 2026-08-22) 35783 bytes
2026-08-19 09:37:00,391 [INFO] [OK] USA/GFS_ENSEMBLE_Soy_PRCP/daily dia 04 (2026-08-23 → 2026-08-23) 33822 bytes
2026-08-19 09:37:00,416 [INFO] [OK] USA/GFS_ENSEMBLE_Soy_PRCP_DEP/cumulative dia 14 (2026-08-19 → 2026-09-02) 58173 bytes
2026-08-19 09:37:00,739 [INFO] [OK] USA/GFS_ENSEMBLE_Soy_PRCP/daily dia 05 (2026-08-24 → 2026-08-24) 34565 bytes
2026-08-19 09:37:01,433 [INFO] [OK] USA/GFS_ENSEMBLE_Soy_PRCP/daily dia 06 (2026-08-25 → 2026-08-25) 34637 bytes
2026-08-19 09:37:01,715 [INFO] [OK] USA/GFS_ENSEMBLE_Soy_PRCP/daily dia 07 (2026-08-26 → 2026-08-26) 34518 bytes
2026-08-19 09:37:01,894 [INFO] [OK] USA/GFS_ENSEMBLE_Soy_PRCP/daily dia 08 (2026-08-27 → 2026-08-27) 34201 bytes
2026-08-19 09:37:01,988 [INFO] [OK] USA/GFS_ENSEMBLE_Soy_PRCP/daily dia 09 (2026-08-28 → 2026-08-28) 34364 bytes
2026-08-19 09:37:02,145 [INFO] [OK] USA/GFS_ENSEMBLE_Soy_PRCP/daily dia 10 (2026-08-29 → 2026-08-29) 34285 bytes
2026-08-19 09:37:02,297 [INFO] [OK] USA/GFS_ENSEMBLE_Soy_PRCP/daily dia 11 (2026-08-30 → 2026-08-30) 35663 bytes
2026-08-19 09:37:03,115 [INFO] [OK] USA/GFS_ENSEMBLE_Soy_PRCP/daily dia 12 (2026-08-31 → 2026-08-31) 36519 bytes
2026-08-19 09:37:03,494 [INFO] [OK] USA/GFS_ENSEMBLE_Soy_PRCP/daily dia 14 (2026-09-02 → 2026-09-02) 35664 bytes
2026-08-19 09:37:03,598 [INFO] [OK] USA/GFS_ENSEMBLE_Soy_PRCP/daily dia 13 (2026-09-01 → 2026-09-01) 35917 bytes
2026-08-19 09:37:03,599 [INFO] [OK] USA/GFS_ENSEMBLE_Soy_PRCP/cumulative dia 00 (2026-08-19 → 2026-08-19) 35330 bytes
2026-08-19 09:37:03,808 [INFO] [OK] USA/GFS_ENSEMBLE_Soy_PRCP/cumulative dia 01 (2026-08-19 → 2026-08-20) 38318 bytes
2026-08-19 09:37:04,113 [INFO] [OK] USA/GFS_ENSEMBLE_Soy_PRCP/cumulative dia 02 (2026-08-19 → 2026-08-21) 39742 bytes
2026-08-19 09:37:04,999 [INFO] [OK] USA/GFS_ENSEMBLE_Soy_PRCP/cumulative dia 03 (2026-08-19 → 2026-08-22) 41569 bytes
2026-08-19 09:37:05,938 [INFO] [OK] USA/GFS_ENSEMBLE_Soy_PRCP/cumulative dia 04 (2026-08-19 → 2026-08-23) 42841 bytes
2026-08-19 09:37:06,345 [INFO] [OK] USA/GFS_ENSEMBLE_Soy_PRCP/cumulative dia 05 (2026-08-19 → 2026-08-24) 43325 bytes
2026-08-19 09:37:06,436 [INFO] [OK] USA/GFS_ENSEMBLE_Soy_PRCP/cumulative dia 06 (2026-08-19 → 2026-08-25) 44384 bytes
2026-08-19 09:37:06,817 [INFO] [OK] USA/GFS_ENSEMBLE_Soy_PRCP/cumulative dia 08 (2026-08-19 → 2026-08-27) 45379 bytes
2026-08-19 09:37:07,005 [INFO] [OK] USA/GFS_ENSEMBLE_Soy_PRCP/cumulative dia 07 (2026-08-19 → 2026-08-26) 44948 bytes
2026-08-19 09:37:07,453 [INFO] [OK] USA/GFS_ENSEMBLE_Soy_PRCP/cumulative dia 09 (2026-08-19 → 2026-08-28) 45936 bytes
2026-08-19 09:37:08,520 [INFO] [OK] USA/GFS_ENSEMBLE_Soy_PRCP/cumulative dia 10 (2026-08-19 → 2026-08-29) 46262 bytes
2026-08-19 09:37:09,128 [INFO] [OK] USA/GFS_ENSEMBLE_Soy_PRCP/cumulative dia 11 (2026-08-19 → 2026-08-30) 46179 bytes
2026-08-19 09:37:09,191 [INFO] [OK] USA/GFS_ENSEMBLE_Wheat_Winter_PRCP_DEP/daily dia 00 (2026-08-19 → 2026-08-19) 49394 bytes
2026-08-19 09:37:09,278 [INFO] [OK] USA/GFS_ENSEMBLE_Soy_PRCP/cumulative dia 12 (2026-08-19 → 2026-08-31) 47193 bytes
2026-08-19 09:37:09,862 [INFO] [OK] USA/GFS_ENSEMBLE_Soy_PRCP/cumulative dia 13 (2026-08-19 → 2026-09-01) 47474 bytes
2026-08-19 09:37:10,208 [INFO] [OK] USA/GFS_ENSEMBLE_Soy_PRCP/cumulative dia 14 (2026-08-19 → 2026-09-02) 47636 bytes
2026-08-19 09:37:10,390 [INFO] [OK] USA/GFS_ENSEMBLE_Wheat_Winter_PRCP_DEP/daily dia 01 (2026-08-20 → 2026-08-20) 54451 bytes
2026-08-19 09:37:10,826 [INFO] [OK] USA/GFS_ENSEMBLE_Wheat_Winter_PRCP_DEP/daily dia 02 (2026-08-21 → 2026-08-21) 54326 bytes
2026-08-19 09:37:11,033 [INFO] [OK] USA/GFS_ENSEMBLE_Wheat_Winter_PRCP_DEP/daily dia 04 (2026-08-23 → 2026-08-23) 53793 bytes
2026-08-19 09:37:11,043 [INFO] [OK] USA/GFS_ENSEMBLE_Wheat_Winter_PRCP_DEP/daily dia 03 (2026-08-22 → 2026-08-22) 57290 bytes
2026-08-19 09:37:11,568 [INFO] [OK] USA/GFS_ENSEMBLE_Wheat_Winter_PRCP_DEP/daily dia 05 (2026-08-24 → 2026-08-24) 55005 bytes
2026-08-19 09:37:11,912 [INFO] [OK] USA/GFS_ENSEMBLE_Wheat_Winter_PRCP_DEP/daily dia 06 (2026-08-25 → 2026-08-25) 58378 bytes
2026-08-19 09:37:12,134 [INFO] [OK] USA/GFS_ENSEMBLE_Wheat_Winter_PRCP_DEP/daily dia 07 (2026-08-26 → 2026-08-26) 59043 bytes
2026-08-19 09:37:12,804 [INFO] [OK] USA/GFS_ENSEMBLE_Wheat_Winter_PRCP_DEP/daily dia 08 (2026-08-27 → 2026-08-27) 58621 bytes
2026-08-19 09:37:12,943 [INFO] [OK] USA/GFS_ENSEMBLE_Wheat_Winter_PRCP_DEP/daily dia 10 (2026-08-29 → 2026-08-29) 56375 bytes
2026-08-19 09:37:12,945 [INFO] [OK] USA/GFS_ENSEMBLE_Wheat_Winter_PRCP_DEP/daily dia 09 (2026-08-28 → 2026-08-28) 58943 bytes
2026-08-19 09:37:14,216 [INFO] [OK] USA/GFS_ENSEMBLE_Wheat_Winter_PRCP_DEP/daily dia 11 (2026-08-30 → 2026-08-30) 59039 bytes
2026-08-19 09:37:14,228 [INFO] [OK] USA/GFS_ENSEMBLE_Wheat_Winter_PRCP_DEP/daily dia 13 (2026-09-01 → 2026-09-01) 62155 bytes
2026-08-19 09:37:14,233 [INFO] [OK] USA/GFS_ENSEMBLE_Wheat_Winter_PRCP_DEP/daily dia 12 (2026-08-31 → 2026-08-31) 60579 bytes
2026-08-19 09:37:14,653 [INFO] [OK] USA/GFS_ENSEMBLE_Wheat_Winter_PRCP_DEP/cumulative dia 00 (2026-08-19 → 2026-08-19) 49394 bytes
2026-08-19 09:37:15,237 [INFO] [OK] USA/GFS_ENSEMBLE_Wheat_Winter_PRCP_DEP/daily dia 14 (2026-09-02 → 2026-09-02) 62138 bytes
2026-08-19 09:37:15,238 [INFO] [OK] USA/GFS_ENSEMBLE_Wheat_Winter_PRCP_DEP/cumulative dia 01 (2026-08-19 → 2026-08-20) 54738 bytes
2026-08-19 09:37:16,324 [INFO] [OK] USA/GFS_ENSEMBLE_Wheat_Winter_PRCP_DEP/cumulative dia 02 (2026-08-19 → 2026-08-21) 56574 bytes
2026-08-19 09:37:16,389 [INFO] [OK] USA/GFS_ENSEMBLE_Wheat_Winter_PRCP_DEP/cumulative dia 04 (2026-08-19 → 2026-08-23) 59725 bytes
2026-08-19 09:37:16,518 [INFO] [OK] USA/GFS_ENSEMBLE_Wheat_Winter_PRCP_DEP/cumulative dia 03 (2026-08-19 → 2026-08-22) 59979 bytes
2026-08-19 09:37:20,409 [INFO] [OK] USA/GFS_ENSEMBLE_Wheat_Winter_PRCP_DEP/cumulative dia 05 (2026-08-19 → 2026-08-24) 59567 bytes
2026-08-19 09:37:20,657 [INFO] [OK] USA/GFS_ENSEMBLE_Wheat_Winter_PRCP_DEP/cumulative dia 10 (2026-08-19 → 2026-08-29) 59255 bytes
2026-08-19 09:37:20,663 [INFO] [OK] USA/GFS_ENSEMBLE_Wheat_Winter_PRCP_DEP/cumulative dia 09 (2026-08-19 → 2026-08-28) 59590 bytes
2026-08-19 09:37:20,664 [INFO] [OK] USA/GFS_ENSEMBLE_Wheat_Winter_PRCP_DEP/cumulative dia 06 (2026-08-19 → 2026-08-25) 59626 bytes
2026-08-19 09:37:20,679 [INFO] [OK] USA/GFS_ENSEMBLE_Wheat_Winter_PRCP_DEP/cumulative dia 08 (2026-08-19 → 2026-08-27) 59720 bytes
2026-08-19 09:37:20,698 [INFO] [OK] USA/GFS_ENSEMBLE_Wheat_Winter_PRCP_DEP/cumulative dia 07 (2026-08-19 → 2026-08-26) 59989 bytes
2026-08-19 09:37:22,658 [INFO] [OK] USA/GFS_ENSEMBLE_Wheat_Winter_PRCP/daily dia 01 (2026-08-20 → 2026-08-20) 37841 bytes
2026-08-19 09:37:22,710 [INFO] [OK] USA/GFS_ENSEMBLE_Wheat_Winter_PRCP/daily dia 00 (2026-08-19 → 2026-08-19) 36844 bytes
2026-08-19 09:37:25,078 [INFO] [OK] USA/GFS_ENSEMBLE_Wheat_Winter_PRCP_DEP/cumulative dia 11 (2026-08-19 → 2026-08-30) 59220 bytes
2026-08-19 09:37:25,079 [INFO] [OK] USA/GFS_ENSEMBLE_Wheat_Winter_PRCP_DEP/cumulative dia 13 (2026-08-19 → 2026-09-01) 59765 bytes
2026-08-19 09:37:25,079 [INFO] [OK] USA/GFS_ENSEMBLE_Wheat_Winter_PRCP_DEP/cumulative dia 12 (2026-08-19 → 2026-08-31) 59638 bytes
2026-08-19 09:37:25,375 [INFO] [OK] USA/GFS_ENSEMBLE_Wheat_Winter_PRCP_DEP/cumulative dia 14 (2026-08-19 → 2026-09-02) 59926 bytes
2026-08-19 09:37:25,396 [INFO] [OK] USA/GFS_ENSEMBLE_Wheat_Winter_PRCP/daily dia 03 (2026-08-22 → 2026-08-22) 37390 bytes
2026-08-19 09:37:25,397 [INFO] [OK] USA/GFS_ENSEMBLE_Wheat_Winter_PRCP/daily dia 02 (2026-08-21 → 2026-08-21) 36682 bytes
2026-08-19 09:37:26,923 [INFO] [OK] USA/GFS_ENSEMBLE_Wheat_Winter_PRCP/daily dia 04 (2026-08-23 → 2026-08-23) 35414 bytes
2026-08-19 09:37:26,953 [INFO] [OK] USA/GFS_ENSEMBLE_Wheat_Winter_PRCP/daily dia 05 (2026-08-24 → 2026-08-24) 36235 bytes
2026-08-19 09:37:27,094 [INFO] [OK] USA/GFS_ENSEMBLE_Wheat_Winter_PRCP/daily dia 08 (2026-08-27 → 2026-08-27) 35745 bytes
2026-08-19 09:37:27,095 [INFO] [OK] USA/GFS_ENSEMBLE_Wheat_Winter_PRCP/daily dia 06 (2026-08-25 → 2026-08-25) 36266 bytes
2026-08-19 09:37:27,238 [INFO] [OK] USA/GFS_ENSEMBLE_Wheat_Winter_PRCP/daily dia 07 (2026-08-26 → 2026-08-26) 36138 bytes
2026-08-19 09:37:27,240 [INFO] [OK] USA/GFS_ENSEMBLE_Wheat_Winter_PRCP/daily dia 09 (2026-08-28 → 2026-08-28) 36033 bytes
2026-08-19 09:37:28,661 [INFO] [OK] USA/GFS_ENSEMBLE_Wheat_Winter_PRCP/daily dia 10 (2026-08-29 → 2026-08-29) 35827 bytes
2026-08-19 09:37:28,747 [INFO] [OK] USA/GFS_ENSEMBLE_Wheat_Winter_PRCP/daily dia 11 (2026-08-30 → 2026-08-30) 37115 bytes
2026-08-19 09:37:28,853 [INFO] [OK] USA/GFS_ENSEMBLE_Wheat_Winter_PRCP/daily dia 12 (2026-08-31 → 2026-08-31) 37939 bytes
2026-08-19 09:37:28,967 [INFO] [OK] USA/GFS_ENSEMBLE_Wheat_Winter_PRCP/daily dia 14 (2026-09-02 → 2026-09-02) 37103 bytes
2026-08-19 09:37:28,969 [INFO] [OK] USA/GFS_ENSEMBLE_Wheat_Winter_PRCP/daily dia 13 (2026-09-01 → 2026-09-01) 37377 bytes
2026-08-19 09:37:29,042 [INFO] [OK] USA/GFS_ENSEMBLE_Wheat_Winter_PRCP/cumulative dia 00 (2026-08-19 → 2026-08-19) 36844 bytes
2026-08-19 09:37:31,248 [INFO] [OK] USA/GFS_ENSEMBLE_Wheat_Winter_PRCP/cumulative dia 01 (2026-08-19 → 2026-08-20) 39816 bytes
2026-08-19 09:37:31,288 [INFO] [OK] USA/GFS_ENSEMBLE_Wheat_Winter_PRCP/cumulative dia 04 (2026-08-19 → 2026-08-23) 44331 bytes
2026-08-19 09:37:31,322 [INFO] [OK] USA/GFS_ENSEMBLE_Wheat_Winter_PRCP/cumulative dia 03 (2026-08-19 → 2026-08-22) 43038 bytes
2026-08-19 09:37:31,324 [INFO] [OK] USA/GFS_ENSEMBLE_Wheat_Winter_PRCP/cumulative dia 02 (2026-08-19 → 2026-08-21) 41363 bytes
2026-08-19 09:37:31,574 [INFO] [OK] USA/GFS_ENSEMBLE_Wheat_Winter_PRCP/cumulative dia 05 (2026-08-19 → 2026-08-24) 44761 bytes
2026-08-19 09:37:31,607 [INFO] [OK] USA/GFS_ENSEMBLE_Wheat_Winter_PRCP/cumulative dia 06 (2026-08-19 → 2026-08-25) 45856 bytes
2026-08-19 09:37:33,801 [INFO] [OK] USA/GFS_ENSEMBLE_Wheat_Winter_PRCP/cumulative dia 08 (2026-08-19 → 2026-08-27) 46807 bytes
2026-08-19 09:37:33,993 [INFO] [OK] USA/GFS_ENSEMBLE_Wheat_Winter_PRCP/cumulative dia 09 (2026-08-19 → 2026-08-28) 47537 bytes
2026-08-19 09:37:34,766 [INFO] [OK] USA/GFS_ENSEMBLE_Wheat_Winter_PRCP/cumulative dia 07 (2026-08-19 → 2026-08-26) 46359 bytes
2026-08-19 09:37:34,768 [INFO] [OK] USA/GFS_ENSEMBLE_Wheat_Winter_PRCP/cumulative dia 10 (2026-08-19 → 2026-08-29) 47869 bytes
2026-08-19 09:37:34,785 [INFO] [OK] USA/GFS_ENSEMBLE_Wheat_Winter_PRCP/cumulative dia 11 (2026-08-19 → 2026-08-30) 47922 bytes
2026-08-19 09:37:34,799 [INFO] [OK] USA/GFS_ENSEMBLE_Wheat_Winter_PRCP/cumulative dia 12 (2026-08-19 → 2026-08-31) 48856 bytes
2026-08-19 09:37:36,868 [INFO] [OK] USA/GFS_ENSEMBLE_Wheat_Spring_PRCP_DEP/daily dia 00 (2026-08-19 → 2026-08-19) 46142 bytes
2026-08-19 09:37:36,870 [INFO] [OK] USA/GFS_ENSEMBLE_Wheat_Winter_PRCP/cumulative dia 13 (2026-08-19 → 2026-09-01) 49229 bytes
2026-08-19 09:37:37,883 [INFO] [OK] USA/GFS_ENSEMBLE_Wheat_Spring_PRCP_DEP/daily dia 01 (2026-08-20 → 2026-08-20) 51238 bytes
2026-08-19 09:37:37,890 [INFO] [OK] USA/GFS_ENSEMBLE_Wheat_Spring_PRCP_DEP/daily dia 03 (2026-08-22 → 2026-08-22) 54322 bytes
2026-08-19 09:37:37,894 [INFO] [OK] USA/GFS_ENSEMBLE_Wheat_Spring_PRCP_DEP/daily dia 02 (2026-08-21 → 2026-08-21) 51094 bytes
2026-08-19 09:37:38,251 [INFO] [OK] USA/GFS_ENSEMBLE_Wheat_Winter_PRCP/cumulative dia 14 (2026-08-19 → 2026-09-02) 49457 bytes
2026-08-19 09:37:39,440 [INFO] [OK] USA/GFS_ENSEMBLE_Wheat_Spring_PRCP_DEP/daily dia 04 (2026-08-23 → 2026-08-23) 50825 bytes
2026-08-19 09:37:39,442 [INFO] [OK] USA/GFS_ENSEMBLE_Wheat_Spring_PRCP_DEP/daily dia 05 (2026-08-24 → 2026-08-24) 51203 bytes
2026-08-19 09:37:39,767 [INFO] [OK] USA/GFS_ENSEMBLE_Wheat_Spring_PRCP_DEP/daily dia 07 (2026-08-26 → 2026-08-26) 55600 bytes
2026-08-19 09:37:40,730 [INFO] [OK] USA/GFS_ENSEMBLE_Wheat_Spring_PRCP_DEP/daily dia 09 (2026-08-28 → 2026-08-28) 55873 bytes
2026-08-19 09:37:40,736 [INFO] [OK] USA/GFS_ENSEMBLE_Wheat_Spring_PRCP_DEP/daily dia 06 (2026-08-25 → 2026-08-25) 55131 bytes
2026-08-19 09:37:40,748 [INFO] [OK] USA/GFS_ENSEMBLE_Wheat_Spring_PRCP_DEP/daily dia 08 (2026-08-27 → 2026-08-27) 55381 bytes
2026-08-19 09:37:41,375 [INFO] [OK] USA/GFS_ENSEMBLE_Wheat_Spring_PRCP_DEP/daily dia 11 (2026-08-30 → 2026-08-30) 55320 bytes
2026-08-19 09:37:41,383 [INFO] [OK] USA/GFS_ENSEMBLE_Wheat_Spring_PRCP_DEP/daily dia 10 (2026-08-29 → 2026-08-29) 52677 bytes
2026-08-19 09:37:41,531 [INFO] [OK] USA/GFS_ENSEMBLE_Wheat_Spring_PRCP_DEP/daily dia 12 (2026-08-31 → 2026-08-31) 57382 bytes
2026-08-19 09:37:42,362 [INFO] [OK] USA/GFS_ENSEMBLE_Wheat_Spring_PRCP_DEP/daily dia 13 (2026-09-01 → 2026-09-01) 58763 bytes
2026-08-19 09:37:43,199 [INFO] [OK] USA/GFS_ENSEMBLE_Wheat_Spring_PRCP_DEP/daily dia 14 (2026-09-02 → 2026-09-02) 58639 bytes
2026-08-19 09:37:43,467 [INFO] [OK] USA/GFS_ENSEMBLE_Wheat_Spring_PRCP_DEP/cumulative dia 01 (2026-08-19 → 2026-08-20) 51389 bytes
2026-08-19 09:37:43,469 [INFO] [OK] USA/GFS_ENSEMBLE_Wheat_Spring_PRCP_DEP/cumulative dia 02 (2026-08-19 → 2026-08-21) 52919 bytes
2026-08-19 09:37:43,470 [INFO] [OK] USA/GFS_ENSEMBLE_Wheat_Spring_PRCP_DEP/cumulative dia 00 (2026-08-19 → 2026-08-19) 46142 bytes
2026-08-19 09:37:43,669 [INFO] [OK] USA/GFS_ENSEMBLE_Wheat_Spring_PRCP_DEP/cumulative dia 03 (2026-08-19 → 2026-08-22) 56766 bytes
2026-08-19 09:37:44,289 [INFO] [OK] USA/GFS_ENSEMBLE_Wheat_Spring_PRCP_DEP/cumulative dia 04 (2026-08-19 → 2026-08-23) 56412 bytes
2026-08-19 09:37:45,769 [INFO] [OK] USA/GFS_ENSEMBLE_Wheat_Spring_PRCP_DEP/cumulative dia 06 (2026-08-19 → 2026-08-25) 56447 bytes
2026-08-19 09:37:45,771 [INFO] [OK] USA/GFS_ENSEMBLE_Wheat_Spring_PRCP_DEP/cumulative dia 05 (2026-08-19 → 2026-08-24) 56257 bytes
2026-08-19 09:37:46,013 [INFO] [OK] USA/GFS_ENSEMBLE_Wheat_Spring_PRCP_DEP/cumulative dia 07 (2026-08-19 → 2026-08-26) 56987 bytes
2026-08-19 09:37:46,139 [INFO] [OK] USA/GFS_ENSEMBLE_Wheat_Spring_PRCP_DEP/cumulative dia 08 (2026-08-19 → 2026-08-27) 56786 bytes
2026-08-19 09:37:46,624 [INFO] [OK] USA/GFS_ENSEMBLE_Wheat_Spring_PRCP_DEP/cumulative dia 09 (2026-08-19 → 2026-08-28) 56594 bytes
2026-08-19 09:37:47,037 [INFO] [OK] USA/GFS_ENSEMBLE_Wheat_Spring_PRCP_DEP/cumulative dia 10 (2026-08-19 → 2026-08-29) 55791 bytes
2026-08-19 09:37:48,916 [INFO] [OK] USA/GFS_ENSEMBLE_Wheat_Spring_PRCP_DEP/cumulative dia 11 (2026-08-19 → 2026-08-30) 56075 bytes
2026-08-19 09:37:49,164 [INFO] [OK] USA/GFS_ENSEMBLE_Wheat_Spring_PRCP_DEP/cumulative dia 12 (2026-08-19 → 2026-08-31) 56293 bytes
2026-08-19 09:37:49,262 [INFO] [OK] USA/GFS_ENSEMBLE_Wheat_Spring_PRCP/daily dia 00 (2026-08-19 → 2026-08-19) 33751 bytes
2026-08-19 09:37:49,487 [INFO] [OK] USA/GFS_ENSEMBLE_Wheat_Spring_PRCP/daily dia 01 (2026-08-20 → 2026-08-20) 34736 bytes
2026-08-19 09:37:49,895 [INFO] [OK] USA/GFS_ENSEMBLE_Wheat_Spring_PRCP_DEP/cumulative dia 13 (2026-08-19 → 2026-09-01) 56194 bytes
2026-08-19 09:37:49,930 [INFO] [OK] USA/GFS_ENSEMBLE_Wheat_Spring_PRCP_DEP/cumulative dia 14 (2026-08-19 → 2026-09-02) 56207 bytes
2026-08-19 09:37:50,889 [INFO] [OK] USA/GFS_ENSEMBLE_Wheat_Spring_PRCP/daily dia 02 (2026-08-21 → 2026-08-21) 33594 bytes
2026-08-19 09:37:50,955 [INFO] [OK] USA/GFS_ENSEMBLE_Wheat_Spring_PRCP/daily dia 03 (2026-08-22 → 2026-08-22) 34398 bytes
2026-08-19 09:37:51,134 [INFO] [OK] USA/GFS_ENSEMBLE_Wheat_Spring_PRCP/daily dia 04 (2026-08-23 → 2026-08-23) 32491 bytes
2026-08-19 09:37:51,284 [INFO] [OK] USA/GFS_ENSEMBLE_Wheat_Spring_PRCP/daily dia 05 (2026-08-24 → 2026-08-24) 33302 bytes
2026-08-19 09:37:51,524 [INFO] [OK] USA/GFS_ENSEMBLE_Wheat_Spring_PRCP/daily dia 06 (2026-08-25 → 2026-08-25) 33112 bytes
2026-08-19 09:37:51,657 [INFO] [OK] USA/GFS_ENSEMBLE_Wheat_Spring_PRCP/daily dia 07 (2026-08-26 → 2026-08-26) 33016 bytes
2026-08-19 09:37:52,395 [INFO] [OK] USA/GFS_ENSEMBLE_Wheat_Spring_PRCP/daily dia 08 (2026-08-27 → 2026-08-27) 32724 bytes
2026-08-19 09:37:52,569 [INFO] [OK] USA/GFS_ENSEMBLE_Wheat_Spring_PRCP/daily dia 09 (2026-08-28 → 2026-08-28) 32908 bytes
2026-08-19 09:37:52,701 [INFO] [OK] USA/GFS_ENSEMBLE_Wheat_Spring_PRCP/daily dia 10 (2026-08-29 → 2026-08-29) 33085 bytes
2026-08-19 09:37:52,848 [INFO] [OK] USA/GFS_ENSEMBLE_Wheat_Spring_PRCP/daily dia 11 (2026-08-30 → 2026-08-30) 34476 bytes
2026-08-19 09:37:53,152 [INFO] [OK] USA/GFS_ENSEMBLE_Wheat_Spring_PRCP/daily dia 12 (2026-08-31 → 2026-08-31) 35147 bytes
2026-08-19 09:37:53,294 [INFO] [OK] USA/GFS_ENSEMBLE_Wheat_Spring_PRCP/daily dia 13 (2026-09-01 → 2026-09-01) 34452 bytes
2026-08-19 09:37:54,086 [INFO] [OK] USA/GFS_ENSEMBLE_Wheat_Spring_PRCP/daily dia 14 (2026-09-02 → 2026-09-02) 34087 bytes
2026-08-19 09:37:54,101 [INFO] [OK] USA/GFS_ENSEMBLE_Wheat_Spring_PRCP/cumulative dia 00 (2026-08-19 → 2026-08-19) 33751 bytes
2026-08-19 09:37:54,396 [INFO] [OK] USA/GFS_ENSEMBLE_Wheat_Spring_PRCP/cumulative dia 01 (2026-08-19 → 2026-08-20) 36726 bytes
2026-08-19 09:37:55,076 [INFO] [OK] USA/GFS_ENSEMBLE_Wheat_Spring_PRCP/cumulative dia 02 (2026-08-19 → 2026-08-21) 38188 bytes
2026-08-19 09:37:55,805 [INFO] [OK] USA/GFS_ENSEMBLE_Wheat_Spring_PRCP/cumulative dia 04 (2026-08-19 → 2026-08-23) 40925 bytes
2026-08-19 09:37:55,818 [INFO] [OK] USA/GFS_ENSEMBLE_Wheat_Spring_PRCP/cumulative dia 03 (2026-08-19 → 2026-08-22) 39538 bytes
2026-08-19 09:37:56,721 [INFO] [OK] USA/GFS_ENSEMBLE_Wheat_Spring_PRCP/cumulative dia 05 (2026-08-19 → 2026-08-24) 41583 bytes
2026-08-19 09:37:56,723 [INFO] [OK] USA/GFS_ENSEMBLE_Wheat_Spring_PRCP/cumulative dia 07 (2026-08-19 → 2026-08-26) 43030 bytes
2026-08-19 09:37:56,794 [INFO] [OK] USA/GFS_ENSEMBLE_Wheat_Spring_PRCP/cumulative dia 06 (2026-08-19 → 2026-08-25) 42342 bytes
2026-08-19 09:37:58,677 [INFO] [OK] USA/GFS_ENSEMBLE_Wheat_Spring_PRCP/cumulative dia 08 (2026-08-19 → 2026-08-27) 43204 bytes
2026-08-19 09:37:58,774 [INFO] [OK] USA/GFS_ENSEMBLE_Wheat_Spring_PRCP/cumulative dia 09 (2026-08-19 → 2026-08-28) 43838 bytes
2026-08-19 09:38:00,139 [INFO] [OK] USA/GFS_ENSEMBLE_Wheat_Spring_PRCP/cumulative dia 10 (2026-08-19 → 2026-08-29) 44382 bytes
2026-08-19 09:38:00,403 [INFO] [OK] USA/GFS_ENSEMBLE_Wheat_Spring_PRCP/cumulative dia 11 (2026-08-19 → 2026-08-30) 44199 bytes
2026-08-19 09:38:00,452 [INFO] [OK] USA/GFS_ENSEMBLE_Wheat_Spring_PRCP/cumulative dia 12 (2026-08-19 → 2026-08-31) 45043 bytes
2026-08-19 09:38:00,538 [INFO] [OK] USA/GFS_ENSEMBLE_Wheat_Spring_PRCP/cumulative dia 13 (2026-08-19 → 2026-09-01) 45321 bytes
2026-08-19 09:38:04,965 [INFO] [OK] USA/ECM_ENSEMBLE_Corn_PRCP_DEP/daily dia 00 (2026-08-19 → 2026-08-19) 49410 bytes
2026-08-19 09:38:04,988 [INFO] [OK] USA/ECM_ENSEMBLE_Corn_PRCP_DEP/daily dia 03 (2026-08-22 → 2026-08-22) 56017 bytes
2026-08-19 09:38:04,993 [INFO] [OK] USA/GFS_ENSEMBLE_Wheat_Spring_PRCP/cumulative dia 14 (2026-08-19 → 2026-09-02) 45688 bytes
2026-08-19 09:38:05,223 [INFO] [OK] USA/ECM_ENSEMBLE_Corn_PRCP_DEP/daily dia 01 (2026-08-20 → 2026-08-20) 52189 bytes
2026-08-19 09:38:05,232 [INFO] [OK] USA/ECM_ENSEMBLE_Corn_PRCP_DEP/daily dia 02 (2026-08-21 → 2026-08-21) 55912 bytes
2026-08-19 09:38:05,233 [INFO] [OK] USA/ECM_ENSEMBLE_Corn_PRCP_DEP/daily dia 04 (2026-08-23 → 2026-08-23) 54172 bytes
2026-08-19 09:38:09,713 [INFO] [OK] USA/ECM_ENSEMBLE_Corn_PRCP_DEP/daily dia 10 (2026-08-29 → 2026-08-29) 57449 bytes
2026-08-19 09:38:09,769 [INFO] [OK] USA/ECM_ENSEMBLE_Corn_PRCP_DEP/daily dia 05 (2026-08-24 → 2026-08-24) 53543 bytes
2026-08-19 09:38:09,787 [INFO] [OK] USA/ECM_ENSEMBLE_Corn_PRCP_DEP/daily dia 06 (2026-08-25 → 2026-08-25) 53357 bytes
2026-08-19 09:38:09,792 [INFO] [OK] USA/ECM_ENSEMBLE_Corn_PRCP_DEP/daily dia 08 (2026-08-27 → 2026-08-27) 57731 bytes
2026-08-19 09:38:09,793 [INFO] [OK] USA/ECM_ENSEMBLE_Corn_PRCP_DEP/daily dia 09 (2026-08-28 → 2026-08-28) 55420 bytes
2026-08-19 09:38:09,797 [INFO] [OK] USA/ECM_ENSEMBLE_Corn_PRCP_DEP/daily dia 07 (2026-08-26 → 2026-08-26) 55463 bytes
2026-08-19 09:38:12,589 [INFO] [OK] USA/ECM_ENSEMBLE_Corn_PRCP_DEP/daily dia 14 (2026-09-02 → 2026-09-02) 57968 bytes
2026-08-19 09:38:12,648 [INFO] [OK] USA/ECM_ENSEMBLE_Corn_PRCP_DEP/daily dia 13 (2026-09-01 → 2026-09-01) 60557 bytes
2026-08-19 09:38:12,655 [INFO] [OK] USA/ECM_ENSEMBLE_Corn_PRCP_DEP/daily dia 11 (2026-08-30 → 2026-08-30) 57969 bytes
2026-08-19 09:38:12,656 [INFO] [OK] USA/ECM_ENSEMBLE_Corn_PRCP_DEP/daily dia 12 (2026-08-31 → 2026-08-31) 59400 bytes
2026-08-19 09:38:13,543 [INFO] [OK] USA/ECM_ENSEMBLE_Corn_PRCP_DEP/cumulative dia 00 (2026-08-19 → 2026-08-19) 49410 bytes
2026-08-19 09:38:13,556 [INFO] [OK] USA/ECM_ENSEMBLE_Corn_PRCP_DEP/cumulative dia 01 (2026-08-19 → 2026-08-20) 54692 bytes
2026-08-19 09:38:14,478 [INFO] [OK] USA/ECM_ENSEMBLE_Corn_PRCP_DEP/cumulative dia 02 (2026-08-19 → 2026-08-21) 56885 bytes
2026-08-19 09:38:15,547 [INFO] [OK] USA/ECM_ENSEMBLE_Corn_PRCP_DEP/cumulative dia 03 (2026-08-19 → 2026-08-22) 60059 bytes
2026-08-19 09:38:16,042 [INFO] [OK] USA/ECM_ENSEMBLE_Corn_PRCP_DEP/cumulative dia 05 (2026-08-19 → 2026-08-24) 59861 bytes
2026-08-19 09:38:16,043 [INFO] [OK] USA/ECM_ENSEMBLE_Corn_PRCP_DEP/cumulative dia 04 (2026-08-19 → 2026-08-23) 59892 bytes
2026-08-19 09:38:17,825 [INFO] [OK] USA/ECM_ENSEMBLE_Corn_PRCP_DEP/cumulative dia 06 (2026-08-19 → 2026-08-25) 59122 bytes
2026-08-19 09:38:17,827 [INFO] [OK] USA/ECM_ENSEMBLE_Corn_PRCP_DEP/cumulative dia 07 (2026-08-19 → 2026-08-26) 58691 bytes
2026-08-19 09:38:17,985 [INFO] [OK] USA/ECM_ENSEMBLE_Corn_PRCP_DEP/cumulative dia 08 (2026-08-19 → 2026-08-27) 58213 bytes
2026-08-19 09:38:18,156 [INFO] [OK] USA/ECM_ENSEMBLE_Corn_PRCP_DEP/cumulative dia 09 (2026-08-19 → 2026-08-28) 58237 bytes
2026-08-19 09:38:18,756 [INFO] [OK] USA/ECM_ENSEMBLE_Corn_PRCP_DEP/cumulative dia 10 (2026-08-19 → 2026-08-29) 58652 bytes
2026-08-19 09:38:18,756 [INFO] [OK] USA/ECM_ENSEMBLE_Corn_PRCP_DEP/cumulative dia 11 (2026-08-19 → 2026-08-30) 58674 bytes
2026-08-19 09:38:20,248 [INFO] [OK] USA/ECM_ENSEMBLE_Corn_PRCP/daily dia 00 (2026-08-19 → 2026-08-19) 36090 bytes
2026-08-19 09:38:20,326 [INFO] [OK] USA/ECM_ENSEMBLE_Corn_PRCP/daily dia 02 (2026-08-21 → 2026-08-21) 36162 bytes
2026-08-19 09:38:20,358 [INFO] [OK] USA/ECM_ENSEMBLE_Corn_PRCP/daily dia 01 (2026-08-20 → 2026-08-20) 36925 bytes
2026-08-19 09:38:20,889 [INFO] [OK] USA/ECM_ENSEMBLE_Corn_PRCP_DEP/cumulative dia 12 (2026-08-19 → 2026-08-31) 58948 bytes
2026-08-19 09:38:20,926 [INFO] [OK] USA/ECM_ENSEMBLE_Corn_PRCP_DEP/cumulative dia 13 (2026-08-19 → 2026-09-01) 59582 bytes
2026-08-19 09:38:20,963 [INFO] [OK] USA/ECM_ENSEMBLE_Corn_PRCP_DEP/cumulative dia 14 (2026-08-19 → 2026-09-02) 58773 bytes
2026-08-19 09:38:23,718 [INFO] [OK] USA/ECM_ENSEMBLE_Corn_PRCP/daily dia 07 (2026-08-26 → 2026-08-26) 34679 bytes
2026-08-19 09:38:23,719 [INFO] [OK] USA/ECM_ENSEMBLE_Corn_PRCP/daily dia 05 (2026-08-24 → 2026-08-24) 34790 bytes
2026-08-19 09:38:23,827 [INFO] [OK] USA/ECM_ENSEMBLE_Corn_PRCP/daily dia 03 (2026-08-22 → 2026-08-22) 36929 bytes
2026-08-19 09:38:23,832 [INFO] [OK] USA/ECM_ENSEMBLE_Corn_PRCP/daily dia 08 (2026-08-27 → 2026-08-27) 35458 bytes
2026-08-19 09:38:23,833 [INFO] [OK] USA/ECM_ENSEMBLE_Corn_PRCP/daily dia 06 (2026-08-25 → 2026-08-25) 34616 bytes
2026-08-19 09:38:23,838 [INFO] [OK] USA/ECM_ENSEMBLE_Corn_PRCP/daily dia 04 (2026-08-23 → 2026-08-23) 35899 bytes
2026-08-19 09:38:25,609 [INFO] [OK] USA/ECM_ENSEMBLE_Corn_PRCP/daily dia 10 (2026-08-29 → 2026-08-29) 34609 bytes
2026-08-19 09:38:25,610 [INFO] [OK] USA/ECM_ENSEMBLE_Corn_PRCP/daily dia 11 (2026-08-30 → 2026-08-30) 35178 bytes
2026-08-19 09:38:25,679 [INFO] [OK] USA/ECM_ENSEMBLE_Corn_PRCP/daily dia 13 (2026-09-01 → 2026-09-01) 36150 bytes
2026-08-19 09:38:25,909 [INFO] [OK] USA/ECM_ENSEMBLE_Corn_PRCP/daily dia 09 (2026-08-28 → 2026-08-28) 34535 bytes
2026-08-19 09:38:25,975 [INFO] [OK] USA/ECM_ENSEMBLE_Corn_PRCP/daily dia 14 (2026-09-02 → 2026-09-02) 35121 bytes
2026-08-19 09:38:25,975 [INFO] [OK] USA/ECM_ENSEMBLE_Corn_PRCP/daily dia 12 (2026-08-31 → 2026-08-31) 36057 bytes
2026-08-19 09:38:27,443 [INFO] [OK] USA/ECM_ENSEMBLE_Corn_PRCP/cumulative dia 00 (2026-08-19 → 2026-08-19) 36090 bytes
2026-08-19 09:38:27,549 [INFO] [OK] USA/ECM_ENSEMBLE_Corn_PRCP/cumulative dia 01 (2026-08-19 → 2026-08-20) 39431 bytes
2026-08-19 09:38:27,578 [INFO] [OK] USA/ECM_ENSEMBLE_Corn_PRCP/cumulative dia 02 (2026-08-19 → 2026-08-21) 40394 bytes
2026-08-19 09:38:27,934 [INFO] [OK] USA/ECM_ENSEMBLE_Corn_PRCP/cumulative dia 03 (2026-08-19 → 2026-08-22) 42422 bytes
2026-08-19 09:38:28,265 [INFO] [OK] USA/ECM_ENSEMBLE_Corn_PRCP/cumulative dia 05 (2026-08-19 → 2026-08-24) 45007 bytes
2026-08-19 09:38:28,309 [INFO] [OK] USA/ECM_ENSEMBLE_Corn_PRCP/cumulative dia 04 (2026-08-19 → 2026-08-23) 43956 bytes
2026-08-19 09:38:29,726 [INFO] [OK] USA/ECM_ENSEMBLE_Corn_PRCP/cumulative dia 06 (2026-08-19 → 2026-08-25) 45498 bytes
2026-08-19 09:38:30,012 [INFO] [OK] USA/ECM_ENSEMBLE_Corn_PRCP/cumulative dia 07 (2026-08-19 → 2026-08-26) 46100 bytes
2026-08-19 09:38:30,074 [INFO] [OK] USA/ECM_ENSEMBLE_Corn_PRCP/cumulative dia 08 (2026-08-19 → 2026-08-27) 46982 bytes
2026-08-19 09:38:30,624 [INFO] [OK] USA/ECM_ENSEMBLE_Corn_PRCP/cumulative dia 09 (2026-08-19 → 2026-08-28) 47256 bytes
2026-08-19 09:38:31,093 [INFO] [OK] USA/ECM_ENSEMBLE_Corn_PRCP/cumulative dia 10 (2026-08-19 → 2026-08-29) 48107 bytes
2026-08-19 09:38:31,126 [INFO] [OK] USA/ECM_ENSEMBLE_Corn_PRCP/cumulative dia 11 (2026-08-19 → 2026-08-30) 48776 bytes
2026-08-19 09:38:32,559 [INFO] [OK] USA/ECM_ENSEMBLE_Soy_PRCP_DEP/daily dia 00 (2026-08-19 → 2026-08-19) 49089 bytes
2026-08-19 09:38:32,592 [INFO] [OK] USA/ECM_ENSEMBLE_Corn_PRCP/cumulative dia 12 (2026-08-19 → 2026-08-31) 48649 bytes
2026-08-19 09:38:33,982 [INFO] [OK] USA/ECM_ENSEMBLE_Soy_PRCP_DEP/daily dia 01 (2026-08-20 → 2026-08-20) 51546 bytes
2026-08-19 09:38:33,987 [INFO] [OK] USA/ECM_ENSEMBLE_Soy_PRCP_DEP/daily dia 02 (2026-08-21 → 2026-08-21) 55548 bytes
2026-08-19 09:38:34,162 [INFO] [OK] USA/ECM_ENSEMBLE_Corn_PRCP/cumulative dia 13 (2026-08-19 → 2026-09-01) 49068 bytes
2026-08-19 09:38:34,162 [INFO] [OK] USA/ECM_ENSEMBLE_Corn_PRCP/cumulative dia 14 (2026-08-19 → 2026-09-02) 49313 bytes
2026-08-19 09:38:34,220 [INFO] [OK] USA/ECM_ENSEMBLE_Soy_PRCP_DEP/daily dia 03 (2026-08-22 → 2026-08-22) 55778 bytes
2026-08-19 09:38:34,283 [INFO] [OK] USA/ECM_ENSEMBLE_Soy_PRCP_DEP/daily dia 04 (2026-08-23 → 2026-08-23) 53864 bytes
2026-08-19 09:38:36,024 [INFO] [OK] USA/ECM_ENSEMBLE_Soy_PRCP_DEP/daily dia 05 (2026-08-24 → 2026-08-24) 53321 bytes
2026-08-19 09:38:36,067 [INFO] [OK] USA/ECM_ENSEMBLE_Soy_PRCP_DEP/daily dia 08 (2026-08-27 → 2026-08-27) 57347 bytes
2026-08-19 09:38:36,067 [INFO] [OK] USA/ECM_ENSEMBLE_Soy_PRCP_DEP/daily dia 06 (2026-08-25 → 2026-08-25) 52988 bytes
2026-08-19 09:38:36,069 [INFO] [OK] USA/ECM_ENSEMBLE_Soy_PRCP_DEP/daily dia 07 (2026-08-26 → 2026-08-26) 55258 bytes
2026-08-19 09:38:36,072 [INFO] [OK] USA/ECM_ENSEMBLE_Soy_PRCP_DEP/daily dia 09 (2026-08-28 → 2026-08-28) 55234 bytes
2026-08-19 09:38:36,155 [INFO] [OK] USA/ECM_ENSEMBLE_Soy_PRCP_DEP/daily dia 10 (2026-08-29 → 2026-08-29) 57086 bytes
2026-08-19 09:38:37,924 [INFO] [OK] USA/ECM_ENSEMBLE_Soy_PRCP_DEP/daily dia 11 (2026-08-30 → 2026-08-30) 57935 bytes
2026-08-19 09:38:37,929 [INFO] [OK] USA/ECM_ENSEMBLE_Soy_PRCP_DEP/daily dia 13 (2026-09-01 → 2026-09-01) 60249 bytes
2026-08-19 09:38:37,934 [INFO] [OK] USA/ECM_ENSEMBLE_Soy_PRCP_DEP/daily dia 14 (2026-09-02 → 2026-09-02) 57503 bytes
2026-08-19 09:38:37,934 [INFO] [OK] USA/ECM_ENSEMBLE_Soy_PRCP_DEP/daily dia 12 (2026-08-31 → 2026-08-31) 59115 bytes
2026-08-19 09:38:37,950 [INFO] [OK] USA/ECM_ENSEMBLE_Soy_PRCP_DEP/cumulative dia 00 (2026-08-19 → 2026-08-19) 49089 bytes
2026-08-19 09:38:38,012 [INFO] [OK] USA/ECM_ENSEMBLE_Soy_PRCP_DEP/cumulative dia 01 (2026-08-19 → 2026-08-20) 54406 bytes
2026-08-19 09:38:39,962 [INFO] [OK] USA/ECM_ENSEMBLE_Soy_PRCP_DEP/cumulative dia 03 (2026-08-19 → 2026-08-22) 59894 bytes
2026-08-19 09:38:40,047 [INFO] [OK] USA/ECM_ENSEMBLE_Soy_PRCP_DEP/cumulative dia 02 (2026-08-19 → 2026-08-21) 56829 bytes
2026-08-19 09:38:40,325 [INFO] [OK] USA/ECM_ENSEMBLE_Soy_PRCP_DEP/cumulative dia 05 (2026-08-19 → 2026-08-24) 59734 bytes
2026-08-19 09:38:40,339 [INFO] [OK] USA/ECM_ENSEMBLE_Soy_PRCP_DEP/cumulative dia 04 (2026-08-19 → 2026-08-23) 59718 bytes
2026-08-19 09:38:40,516 [INFO] [OK] USA/ECM_ENSEMBLE_Soy_PRCP_DEP/cumulative dia 06 (2026-08-19 → 2026-08-25) 58902 bytes
2026-08-19 09:38:40,741 [INFO] [OK] USA/ECM_ENSEMBLE_Soy_PRCP_DEP/cumulative dia 07 (2026-08-19 → 2026-08-26) 58297 bytes
2026-08-19 09:38:42,603 [INFO] [OK] USA/ECM_ENSEMBLE_Soy_PRCP_DEP/cumulative dia 08 (2026-08-19 → 2026-08-27) 57967 bytes
2026-08-19 09:38:42,764 [INFO] [OK] USA/ECM_ENSEMBLE_Soy_PRCP_DEP/cumulative dia 09 (2026-08-19 → 2026-08-28) 57901 bytes
2026-08-19 09:38:43,119 [INFO] [OK] USA/ECM_ENSEMBLE_Soy_PRCP_DEP/cumulative dia 10 (2026-08-19 → 2026-08-29) 58400 bytes
2026-08-19 09:38:48,570 [INFO] [OK] USA/ECM_ENSEMBLE_Soy_PRCP_DEP/cumulative dia 11 (2026-08-19 → 2026-08-30) 58355 bytes
2026-08-19 09:38:48,769 [INFO] [OK] USA/ECM_ENSEMBLE_Soy_PRCP/daily dia 00 (2026-08-19 → 2026-08-19) 35746 bytes
2026-08-19 09:38:48,779 [INFO] [OK] USA/ECM_ENSEMBLE_Soy_PRCP_DEP/cumulative dia 14 (2026-08-19 → 2026-09-02) 58428 bytes
2026-08-19 09:38:48,783 [INFO] [OK] USA/ECM_ENSEMBLE_Soy_PRCP_DEP/cumulative dia 13 (2026-08-19 → 2026-09-01) 59173 bytes
2026-08-19 09:38:48,787 [INFO] [OK] USA/ECM_ENSEMBLE_Soy_PRCP_DEP/cumulative dia 12 (2026-08-19 → 2026-08-31) 58482 bytes
2026-08-19 09:38:48,793 [INFO] [OK] USA/ECM_ENSEMBLE_Soy_PRCP/daily dia 01 (2026-08-20 → 2026-08-20) 36349 bytes
2026-08-19 09:38:50,780 [INFO] [OK] USA/ECM_ENSEMBLE_Soy_PRCP/daily dia 05 (2026-08-24 → 2026-08-24) 34383 bytes
2026-08-19 09:38:50,826 [INFO] [OK] USA/ECM_ENSEMBLE_Soy_PRCP/daily dia 07 (2026-08-26 → 2026-08-26) 34324 bytes
2026-08-19 09:38:50,829 [INFO] [OK] USA/ECM_ENSEMBLE_Soy_PRCP/daily dia 06 (2026-08-25 → 2026-08-25) 34275 bytes
2026-08-19 09:38:50,830 [INFO] [OK] USA/ECM_ENSEMBLE_Soy_PRCP/daily dia 04 (2026-08-23 → 2026-08-23) 35511 bytes
2026-08-19 09:38:50,840 [INFO] [OK] USA/ECM_ENSEMBLE_Soy_PRCP/daily dia 02 (2026-08-21 → 2026-08-21) 35654 bytes
2026-08-19 09:38:50,983 [INFO] [OK] USA/ECM_ENSEMBLE_Soy_PRCP/daily dia 03 (2026-08-22 → 2026-08-22) 36493 bytes
2026-08-19 09:38:52,421 [INFO] [OK] USA/ECM_ENSEMBLE_Soy_PRCP/daily dia 10 (2026-08-29 → 2026-08-29) 34319 bytes
2026-08-19 09:38:53,873 [INFO] [OK] USA/ECM_ENSEMBLE_Soy_PRCP/daily dia 08 (2026-08-27 → 2026-08-27) 35073 bytes
2026-08-19 09:38:53,873 [INFO] [OK] USA/ECM_ENSEMBLE_Soy_PRCP/daily dia 09 (2026-08-28 → 2026-08-28) 34187 bytes
2026-08-19 09:38:53,878 [INFO] [OK] USA/ECM_ENSEMBLE_Soy_PRCP/daily dia 11 (2026-08-30 → 2026-08-30) 34874 bytes
2026-08-19 09:38:53,879 [INFO] [OK] USA/ECM_ENSEMBLE_Soy_PRCP/daily dia 12 (2026-08-31 → 2026-08-31) 35761 bytes
2026-08-19 09:38:53,882 [INFO] [OK] USA/ECM_ENSEMBLE_Soy_PRCP/daily dia 13 (2026-09-01 → 2026-09-01) 35920 bytes
2026-08-19 09:38:54,109 [INFO] [OK] USA/ECM_ENSEMBLE_Soy_PRCP/daily dia 14 (2026-09-02 → 2026-09-02) 34695 bytes
2026-08-19 09:38:55,452 [INFO] [OK] USA/ECM_ENSEMBLE_Soy_PRCP/cumulative dia 00 (2026-08-19 → 2026-08-19) 35746 bytes
2026-08-19 09:38:55,576 [INFO] [OK] USA/ECM_ENSEMBLE_Soy_PRCP/cumulative dia 01 (2026-08-19 → 2026-08-20) 39052 bytes
2026-08-19 09:38:55,691 [INFO] [OK] USA/ECM_ENSEMBLE_Soy_PRCP/cumulative dia 02 (2026-08-19 → 2026-08-21) 39888 bytes
2026-08-19 09:38:55,770 [INFO] [OK] USA/ECM_ENSEMBLE_Soy_PRCP/cumulative dia 03 (2026-08-19 → 2026-08-22) 42176 bytes
2026-08-19 09:38:55,935 [INFO] [OK] USA/ECM_ENSEMBLE_Soy_PRCP/cumulative dia 04 (2026-08-19 → 2026-08-23) 43618 bytes
2026-08-19 09:38:56,219 [INFO] [OK] USA/ECM_ENSEMBLE_Soy_PRCP/cumulative dia 05 (2026-08-19 → 2026-08-24) 44631 bytes
2026-08-19 09:38:57,975 [INFO] [OK] USA/ECM_ENSEMBLE_Soy_PRCP/cumulative dia 06 (2026-08-19 → 2026-08-25) 45068 bytes
2026-08-19 09:38:58,062 [INFO] [OK] USA/ECM_ENSEMBLE_Soy_PRCP/cumulative dia 07 (2026-08-19 → 2026-08-26) 45794 bytes
2026-08-19 09:38:58,502 [INFO] [OK] USA/ECM_ENSEMBLE_Soy_PRCP/cumulative dia 08 (2026-08-19 → 2026-08-27) 46545 bytes
2026-08-19 09:38:58,705 [INFO] [OK] USA/ECM_ENSEMBLE_Soy_PRCP/cumulative dia 09 (2026-08-19 → 2026-08-28) 46793 bytes
2026-08-19 09:38:58,976 [INFO] [OK] USA/ECM_ENSEMBLE_Soy_PRCP/cumulative dia 10 (2026-08-19 → 2026-08-29) 47504 bytes
2026-08-19 09:38:59,203 [INFO] [OK] USA/ECM_ENSEMBLE_Soy_PRCP/cumulative dia 11 (2026-08-19 → 2026-08-30) 48341 bytes
2026-08-19 09:39:00,572 [INFO] [OK] USA/ECM_ENSEMBLE_Wheat_Winter_PRCP_DEP/daily dia 00 (2026-08-19 → 2026-08-19) 50631 bytes
2026-08-19 09:39:01,059 [INFO] [OK] USA/ECM_ENSEMBLE_Wheat_Winter_PRCP_DEP/daily dia 01 (2026-08-20 → 2026-08-20) 53021 bytes
2026-08-19 09:39:01,451 [INFO] [OK] USA/ECM_ENSEMBLE_Wheat_Winter_PRCP_DEP/daily dia 02 (2026-08-21 → 2026-08-21) 57315 bytes
2026-08-19 09:39:01,566 [INFO] [OK] USA/ECM_ENSEMBLE_Soy_PRCP/cumulative dia 13 (2026-08-19 → 2026-09-01) 48633 bytes
2026-08-19 09:39:01,566 [INFO] [OK] USA/ECM_ENSEMBLE_Soy_PRCP/cumulative dia 12 (2026-08-19 → 2026-08-31) 48128 bytes
2026-08-19 09:39:02,054 [INFO] [OK] USA/ECM_ENSEMBLE_Soy_PRCP/cumulative dia 14 (2026-08-19 → 2026-09-02) 48630 bytes
2026-08-19 09:39:02,346 [INFO] [OK] USA/ECM_ENSEMBLE_Wheat_Winter_PRCP_DEP/daily dia 03 (2026-08-22 → 2026-08-22) 57489 bytes
2026-08-19 09:39:03,534 [INFO] [OK] USA/ECM_ENSEMBLE_Wheat_Winter_PRCP_DEP/daily dia 07 (2026-08-26 → 2026-08-26) 56750 bytes
2026-08-19 09:39:03,553 [INFO] [OK] USA/ECM_ENSEMBLE_Wheat_Winter_PRCP_DEP/daily dia 04 (2026-08-23 → 2026-08-23) 55580 bytes
2026-08-19 09:39:03,561 [INFO] [OK] USA/ECM_ENSEMBLE_Wheat_Winter_PRCP_DEP/daily dia 05 (2026-08-24 → 2026-08-24) 54740 bytes
2026-08-19 09:39:03,564 [INFO] [OK] USA/ECM_ENSEMBLE_Wheat_Winter_PRCP_DEP/daily dia 06 (2026-08-25 → 2026-08-25) 54688 bytes
2026-08-19 09:39:04,611 [INFO] [OK] USA/ECM_ENSEMBLE_Wheat_Winter_PRCP_DEP/daily dia 09 (2026-08-28 → 2026-08-28) 56684 bytes
2026-08-19 09:39:04,614 [INFO] [OK] USA/ECM_ENSEMBLE_Wheat_Winter_PRCP_DEP/daily dia 08 (2026-08-27 → 2026-08-27) 59263 bytes
2026-08-19 09:39:05,888 [INFO] [OK] USA/ECM_ENSEMBLE_Wheat_Winter_PRCP_DEP/daily dia 10 (2026-08-29 → 2026-08-29) 59126 bytes
2026-08-19 09:39:05,890 [INFO] [OK] USA/ECM_ENSEMBLE_Wheat_Winter_PRCP_DEP/daily dia 12 (2026-08-31 → 2026-08-31) 60696 bytes
2026-08-19 09:39:05,899 [INFO] [OK] USA/ECM_ENSEMBLE_Wheat_Winter_PRCP_DEP/daily dia 13 (2026-09-01 → 2026-09-01) 61328 bytes
2026-08-19 09:39:05,899 [INFO] [OK] USA/ECM_ENSEMBLE_Wheat_Winter_PRCP_DEP/daily dia 11 (2026-08-30 → 2026-08-30) 59734 bytes
2026-08-19 09:39:07,688 [INFO] [OK] USA/ECM_ENSEMBLE_Wheat_Winter_PRCP_DEP/daily dia 14 (2026-09-02 → 2026-09-02) 59252 bytes
2026-08-19 09:39:07,858 [INFO] [OK] USA/ECM_ENSEMBLE_Wheat_Winter_PRCP_DEP/cumulative dia 00 (2026-08-19 → 2026-08-19) 50631 bytes
2026-08-19 09:39:08,349 [INFO] [OK] USA/ECM_ENSEMBLE_Wheat_Winter_PRCP_DEP/cumulative dia 01 (2026-08-19 → 2026-08-20) 55675 bytes
2026-08-19 09:39:08,394 [INFO] [OK] USA/ECM_ENSEMBLE_Wheat_Winter_PRCP_DEP/cumulative dia 02 (2026-08-19 → 2026-08-21) 58240 bytes
2026-08-19 09:39:08,668 [INFO] [OK] USA/ECM_ENSEMBLE_Wheat_Winter_PRCP_DEP/cumulative dia 04 (2026-08-19 → 2026-08-23) 60753 bytes
2026-08-19 09:39:08,700 [INFO] [OK] USA/ECM_ENSEMBLE_Wheat_Winter_PRCP_DEP/cumulative dia 03 (2026-08-19 → 2026-08-22) 60994 bytes
2026-08-19 09:39:12,711 [INFO] [OK] USA/ECM_ENSEMBLE_Wheat_Winter_PRCP_DEP/cumulative dia 06 (2026-08-19 → 2026-08-25) 60040 bytes
2026-08-19 09:39:15,869 [INFO] [OK] USA/ECM_ENSEMBLE_Wheat_Winter_PRCP_DEP/cumulative dia 07 (2026-08-19 → 2026-08-26) 59695 bytes
2026-08-19 09:39:16,042 [INFO] [OK] USA/ECM_ENSEMBLE_Wheat_Winter_PRCP_DEP/cumulative dia 08 (2026-08-19 → 2026-08-27) 59285 bytes
2026-08-19 09:39:16,049 [INFO] [OK] USA/ECM_ENSEMBLE_Wheat_Winter_PRCP_DEP/cumulative dia 09 (2026-08-19 → 2026-08-28) 59387 bytes
2026-08-19 09:39:16,057 [INFO] [OK] USA/ECM_ENSEMBLE_Wheat_Winter_PRCP_DEP/cumulative dia 05 (2026-08-19 → 2026-08-24) 60626 bytes
2026-08-19 09:39:16,060 [INFO] [OK] USA/ECM_ENSEMBLE_Wheat_Winter_PRCP_DEP/cumulative dia 10 (2026-08-19 → 2026-08-29) 59931 bytes
2026-08-19 09:39:19,920 [INFO] [OK] USA/ECM_ENSEMBLE_Wheat_Winter_PRCP_DEP/cumulative dia 11 (2026-08-19 → 2026-08-30) 59831 bytes
2026-08-19 09:39:19,937 [INFO] [OK] USA/ECM_ENSEMBLE_Wheat_Winter_PRCP/daily dia 01 (2026-08-20 → 2026-08-20) 37813 bytes
2026-08-19 09:39:19,940 [INFO] [OK] USA/ECM_ENSEMBLE_Wheat_Winter_PRCP/daily dia 00 (2026-08-19 → 2026-08-19) 37403 bytes
2026-08-19 09:39:20,317 [INFO] [OK] USA/ECM_ENSEMBLE_Wheat_Winter_PRCP_DEP/cumulative dia 12 (2026-08-19 → 2026-08-31) 59874 bytes
2026-08-19 09:39:20,464 [INFO] [OK] USA/ECM_ENSEMBLE_Wheat_Winter_PRCP_DEP/cumulative dia 14 (2026-08-19 → 2026-09-02) 60083 bytes
2026-08-19 09:39:20,799 [INFO] [OK] USA/ECM_ENSEMBLE_Wheat_Winter_PRCP_DEP/cumulative dia 13 (2026-08-19 → 2026-09-01) 60406 bytes
2026-08-19 09:39:21,701 [INFO] [OK] USA/ECM_ENSEMBLE_Wheat_Winter_PRCP/daily dia 04 (2026-08-23 → 2026-08-23) 37155 bytes
2026-08-19 09:39:21,937 [INFO] [OK] USA/ECM_ENSEMBLE_Wheat_Winter_PRCP/daily dia 03 (2026-08-22 → 2026-08-22) 38019 bytes
2026-08-19 09:39:22,600 [INFO] [OK] USA/ECM_ENSEMBLE_Wheat_Winter_PRCP/daily dia 06 (2026-08-25 → 2026-08-25) 35760 bytes
2026-08-19 09:39:22,601 [INFO] [OK] USA/ECM_ENSEMBLE_Wheat_Winter_PRCP/daily dia 02 (2026-08-21 → 2026-08-21) 37393 bytes
2026-08-19 09:39:22,799 [INFO] [OK] USA/ECM_ENSEMBLE_Wheat_Winter_PRCP/daily dia 05 (2026-08-24 → 2026-08-24) 36202 bytes
2026-08-19 09:39:22,842 [INFO] [OK] USA/ECM_ENSEMBLE_Wheat_Winter_PRCP/daily dia 07 (2026-08-26 → 2026-08-26) 35875 bytes
2026-08-19 09:39:23,536 [INFO] [OK] USA/ECM_ENSEMBLE_Wheat_Winter_PRCP/daily dia 08 (2026-08-27 → 2026-08-27) 36633 bytes
2026-08-19 09:39:23,608 [INFO] [OK] USA/ECM_ENSEMBLE_Wheat_Winter_PRCP/daily dia 09 (2026-08-28 → 2026-08-28) 35656 bytes
2026-08-19 09:39:24,506 [INFO] [OK] USA/ECM_ENSEMBLE_Wheat_Winter_PRCP/daily dia 11 (2026-08-30 → 2026-08-30) 36304 bytes
2026-08-19 09:39:24,549 [INFO] [OK] USA/ECM_ENSEMBLE_Wheat_Winter_PRCP/daily dia 10 (2026-08-29 → 2026-08-29) 35906 bytes
2026-08-19 09:39:24,593 [INFO] [OK] USA/ECM_ENSEMBLE_Wheat_Winter_PRCP/daily dia 12 (2026-08-31 → 2026-08-31) 37123 bytes
2026-08-19 09:39:24,649 [INFO] [OK] USA/ECM_ENSEMBLE_Wheat_Winter_PRCP/daily dia 13 (2026-09-01 → 2026-09-01) 37163 bytes
2026-08-19 09:39:25,375 [INFO] [OK] USA/ECM_ENSEMBLE_Wheat_Winter_PRCP/cumulative dia 00 (2026-08-19 → 2026-08-19) 37403 bytes
2026-08-19 09:39:25,414 [INFO] [OK] USA/ECM_ENSEMBLE_Wheat_Winter_PRCP/daily dia 14 (2026-09-02 → 2026-09-02) 36237 bytes
2026-08-19 09:39:33,325 [INFO] [OK] USA/ECM_ENSEMBLE_Wheat_Winter_PRCP/cumulative dia 01 (2026-08-19 → 2026-08-20) 40619 bytes
2026-08-19 09:39:33,328 [INFO] [OK] USA/ECM_ENSEMBLE_Wheat_Winter_PRCP/cumulative dia 03 (2026-08-19 → 2026-08-22) 43639 bytes
2026-08-19 09:39:33,337 [INFO] [OK] USA/ECM_ENSEMBLE_Wheat_Winter_PRCP/cumulative dia 02 (2026-08-19 → 2026-08-21) 41471 bytes
2026-08-19 09:39:33,341 [INFO] [OK] USA/ECM_ENSEMBLE_Wheat_Winter_PRCP/cumulative dia 06 (2026-08-19 → 2026-08-25) 46713 bytes
2026-08-19 09:39:33,383 [INFO] [OK] USA/ECM_ENSEMBLE_Wheat_Winter_PRCP/cumulative dia 05 (2026-08-19 → 2026-08-24) 46331 bytes
2026-08-19 09:39:33,387 [INFO] [OK] USA/ECM_ENSEMBLE_Wheat_Winter_PRCP/cumulative dia 04 (2026-08-19 → 2026-08-23) 45171 bytes
2026-08-19 09:39:39,154 [INFO] [OK] USA/ECM_ENSEMBLE_Wheat_Winter_PRCP/cumulative dia 09 (2026-08-19 → 2026-08-28) 48656 bytes
2026-08-19 09:39:39,196 [INFO] [OK] USA/ECM_ENSEMBLE_Wheat_Winter_PRCP/cumulative dia 07 (2026-08-19 → 2026-08-26) 47577 bytes
2026-08-19 09:39:39,197 [INFO] [OK] USA/ECM_ENSEMBLE_Wheat_Winter_PRCP/cumulative dia 08 (2026-08-19 → 2026-08-27) 48170 bytes
2026-08-19 09:39:40,187 [INFO] [OK] USA/ECM_ENSEMBLE_Wheat_Winter_PRCP/cumulative dia 11 (2026-08-19 → 2026-08-30) 50154 bytes
2026-08-19 09:39:40,208 [INFO] [OK] USA/ECM_ENSEMBLE_Wheat_Winter_PRCP/cumulative dia 10 (2026-08-19 → 2026-08-29) 49324 bytes
2026-08-19 09:39:40,217 [INFO] [OK] USA/ECM_ENSEMBLE_Wheat_Winter_PRCP/cumulative dia 12 (2026-08-19 → 2026-08-31) 49710 bytes
2026-08-19 09:39:47,719 [INFO] [OK] USA/ECM_ENSEMBLE_Wheat_Spring_PRCP_DEP/daily dia 02 (2026-08-21 → 2026-08-21) 53799 bytes
2026-08-19 09:39:47,722 [INFO] [OK] USA/ECM_ENSEMBLE_Wheat_Spring_PRCP_DEP/daily dia 00 (2026-08-19 → 2026-08-19) 47480 bytes
2026-08-19 09:39:47,728 [INFO] [OK] USA/ECM_ENSEMBLE_Wheat_Spring_PRCP_DEP/daily dia 03 (2026-08-22 → 2026-08-22) 54240 bytes
2026-08-19 09:39:47,728 [INFO] [OK] USA/ECM_ENSEMBLE_Wheat_Spring_PRCP_DEP/daily dia 01 (2026-08-20 → 2026-08-20) 49788 bytes
2026-08-19 09:39:50,062 [INFO] [OK] USA/ECM_ENSEMBLE_Wheat_Winter_PRCP/cumulative dia 13 (2026-08-19 → 2026-09-01) 50391 bytes
2026-08-19 09:39:50,063 [INFO] [OK] USA/ECM_ENSEMBLE_Wheat_Winter_PRCP/cumulative dia 14 (2026-08-19 → 2026-09-02) 50580 bytes
2026-08-19 09:39:54,110 [INFO] [OK] USA/ECM_ENSEMBLE_Wheat_Spring_PRCP_DEP/daily dia 07 (2026-08-26 → 2026-08-26) 53108 bytes
2026-08-19 09:39:54,111 [INFO] [OK] USA/ECM_ENSEMBLE_Wheat_Spring_PRCP_DEP/daily dia 05 (2026-08-24 → 2026-08-24) 51182 bytes
2026-08-19 09:39:54,111 [INFO] [OK] USA/ECM_ENSEMBLE_Wheat_Spring_PRCP_DEP/daily dia 04 (2026-08-23 → 2026-08-23) 52458 bytes
2026-08-19 09:39:56,017 [INFO] [OK] USA/ECM_ENSEMBLE_Wheat_Spring_PRCP_DEP/daily dia 08 (2026-08-27 → 2026-08-27) 55689 bytes
2026-08-19 09:39:56,029 [INFO] [OK] USA/ECM_ENSEMBLE_Wheat_Spring_PRCP_DEP/daily dia 09 (2026-08-28 → 2026-08-28) 53217 bytes
2026-08-19 09:39:56,032 [INFO] [OK] USA/ECM_ENSEMBLE_Wheat_Spring_PRCP_DEP/daily dia 06 (2026-08-25 → 2026-08-25) 50893 bytes
2026-08-19 09:39:58,033 [INFO] [OK] USA/ECM_ENSEMBLE_Wheat_Spring_PRCP_DEP/daily dia 14 (2026-09-02 → 2026-09-02) 55551 bytes
2026-08-19 09:39:58,038 [INFO] [OK] USA/ECM_ENSEMBLE_Wheat_Spring_PRCP_DEP/daily dia 12 (2026-08-31 → 2026-08-31) 57085 bytes
2026-08-19 09:39:58,040 [INFO] [OK] USA/ECM_ENSEMBLE_Wheat_Spring_PRCP_DEP/daily dia 13 (2026-09-01 → 2026-09-01) 58198 bytes
2026-08-19 09:40:01,590 [INFO] [OK] USA/ECM_ENSEMBLE_Wheat_Spring_PRCP_DEP/cumulative dia 00 (2026-08-19 → 2026-08-19) 47480 bytes
2026-08-19 09:40:01,591 [INFO] [OK] USA/ECM_ENSEMBLE_Wheat_Spring_PRCP_DEP/daily dia 10 (2026-08-29 → 2026-08-29) 55036 bytes
2026-08-19 09:40:01,602 [INFO] [OK] USA/ECM_ENSEMBLE_Wheat_Spring_PRCP_DEP/daily dia 11 (2026-08-30 → 2026-08-30) 55918 bytes
2026-08-19 09:40:02,788 [INFO] [OK] USA/ECM_ENSEMBLE_Wheat_Spring_PRCP_DEP/cumulative dia 01 (2026-08-19 → 2026-08-20) 52568 bytes
2026-08-19 09:40:02,974 [INFO] [OK] USA/ECM_ENSEMBLE_Wheat_Spring_PRCP_DEP/cumulative dia 02 (2026-08-19 → 2026-08-21) 54685 bytes
2026-08-19 09:40:02,981 [INFO] [OK] USA/ECM_ENSEMBLE_Wheat_Spring_PRCP_DEP/cumulative dia 03 (2026-08-19 → 2026-08-22) 57837 bytes
2026-08-19 09:40:05,329 [INFO] [OK] USA/ECM_ENSEMBLE_Wheat_Spring_PRCP_DEP/cumulative dia 05 (2026-08-19 → 2026-08-24) 57350 bytes
2026-08-19 09:40:05,334 [INFO] [OK] USA/ECM_ENSEMBLE_Wheat_Spring_PRCP_DEP/cumulative dia 04 (2026-08-19 → 2026-08-23) 57612 bytes
2026-08-19 09:40:05,634 [INFO] [OK] USA/ECM_ENSEMBLE_Wheat_Spring_PRCP_DEP/cumulative dia 07 (2026-08-19 → 2026-08-26) 56103 bytes
2026-08-19 09:40:05,658 [INFO] [OK] USA/ECM_ENSEMBLE_Wheat_Spring_PRCP_DEP/cumulative dia 06 (2026-08-19 → 2026-08-25) 56585 bytes
2026-08-19 09:40:05,820 [INFO] [OK] USA/ECM_ENSEMBLE_Wheat_Spring_PRCP_DEP/cumulative dia 09 (2026-08-19 → 2026-08-28) 55869 bytes
2026-08-19 09:40:05,867 [INFO] [OK] USA/ECM_ENSEMBLE_Wheat_Spring_PRCP_DEP/cumulative dia 08 (2026-08-19 → 2026-08-27) 55953 bytes
2026-08-19 09:40:07,443 [INFO] [OK] USA/ECM_ENSEMBLE_Wheat_Spring_PRCP/daily dia 00 (2026-08-19 → 2026-08-19) 34391 bytes
2026-08-19 09:40:08,216 [INFO] [OK] USA/ECM_ENSEMBLE_Wheat_Spring_PRCP_DEP/cumulative dia 10 (2026-08-19 → 2026-08-29) 56399 bytes
2026-08-19 09:40:08,348 [INFO] [OK] USA/ECM_ENSEMBLE_Wheat_Spring_PRCP_DEP/cumulative dia 11 (2026-08-19 → 2026-08-30) 56443 bytes
2026-08-19 09:40:08,540 [INFO] [OK] USA/ECM_ENSEMBLE_Wheat_Spring_PRCP_DEP/cumulative dia 12 (2026-08-19 → 2026-08-31) 56487 bytes
2026-08-19 09:40:08,669 [INFO] [OK] USA/ECM_ENSEMBLE_Wheat_Spring_PRCP_DEP/cumulative dia 13 (2026-08-19 → 2026-09-01) 57163 bytes
2026-08-19 09:40:09,043 [INFO] [OK] USA/ECM_ENSEMBLE_Wheat_Spring_PRCP_DEP/cumulative dia 14 (2026-08-19 → 2026-09-02) 56115 bytes
2026-08-19 09:40:09,131 [INFO] [OK] USA/ECM_ENSEMBLE_Wheat_Spring_PRCP/daily dia 01 (2026-08-20 → 2026-08-20) 34722 bytes
2026-08-19 09:40:09,920 [INFO] [OK] USA/ECM_ENSEMBLE_Wheat_Spring_PRCP/daily dia 03 (2026-08-22 → 2026-08-22) 35083 bytes
2026-08-19 09:40:10,003 [INFO] [OK] USA/ECM_ENSEMBLE_Wheat_Spring_PRCP/daily dia 02 (2026-08-21 → 2026-08-21) 34147 bytes
2026-08-19 09:40:10,187 [INFO] [OK] USA/ECM_ENSEMBLE_Wheat_Spring_PRCP/daily dia 04 (2026-08-23 → 2026-08-23) 34076 bytes
2026-08-19 09:40:10,270 [INFO] [OK] USA/ECM_ENSEMBLE_Wheat_Spring_PRCP/daily dia 05 (2026-08-24 → 2026-08-24) 33128 bytes
2026-08-19 09:40:10,797 [INFO] [OK] USA/ECM_ENSEMBLE_Wheat_Spring_PRCP/daily dia 06 (2026-08-25 → 2026-08-25) 32920 bytes
2026-08-19 09:40:10,799 [INFO] [OK] USA/ECM_ENSEMBLE_Wheat_Spring_PRCP/daily dia 07 (2026-08-26 → 2026-08-26) 32861 bytes
2026-08-19 09:40:11,622 [INFO] [OK] USA/ECM_ENSEMBLE_Wheat_Spring_PRCP/daily dia 09 (2026-08-28 → 2026-08-28) 32859 bytes
2026-08-19 09:40:11,622 [INFO] [OK] USA/ECM_ENSEMBLE_Wheat_Spring_PRCP/daily dia 08 (2026-08-27 → 2026-08-27) 33660 bytes
2026-08-19 09:40:11,848 [INFO] [OK] USA/ECM_ENSEMBLE_Wheat_Spring_PRCP/daily dia 10 (2026-08-29 → 2026-08-29) 32954 bytes
2026-08-19 09:40:11,850 [INFO] [OK] USA/ECM_ENSEMBLE_Wheat_Spring_PRCP/daily dia 11 (2026-08-30 → 2026-08-30) 33348 bytes
2026-08-19 09:40:12,349 [INFO] [OK] USA/ECM_ENSEMBLE_Wheat_Spring_PRCP/daily dia 13 (2026-09-01 → 2026-09-01) 34324 bytes
2026-08-19 09:40:12,614 [INFO] [OK] USA/ECM_ENSEMBLE_Wheat_Spring_PRCP/daily dia 12 (2026-08-31 → 2026-08-31) 34182 bytes
2026-08-19 09:40:13,212 [INFO] [OK] USA/ECM_ENSEMBLE_Wheat_Spring_PRCP/daily dia 14 (2026-09-02 → 2026-09-02) 33468 bytes
2026-08-19 09:40:13,216 [INFO] [OK] USA/ECM_ENSEMBLE_Wheat_Spring_PRCP/cumulative dia 00 (2026-08-19 → 2026-08-19) 34391 bytes
2026-08-19 09:40:13,630 [INFO] [OK] USA/ECM_ENSEMBLE_Wheat_Spring_PRCP/cumulative dia 02 (2026-08-19 → 2026-08-21) 38134 bytes
2026-08-19 09:40:13,667 [INFO] [OK] USA/ECM_ENSEMBLE_Wheat_Spring_PRCP/cumulative dia 01 (2026-08-19 → 2026-08-20) 37425 bytes
2026-08-19 09:40:14,294 [INFO] [OK] USA/ECM_ENSEMBLE_Wheat_Spring_PRCP/cumulative dia 03 (2026-08-19 → 2026-08-22) 40145 bytes
2026-08-19 09:40:14,625 [INFO] [OK] USA/ECM_ENSEMBLE_Wheat_Spring_PRCP/cumulative dia 04 (2026-08-19 → 2026-08-23) 41650 bytes
2026-08-19 09:40:15,634 [INFO] [OK] USA/ECM_ENSEMBLE_Wheat_Spring_PRCP/cumulative dia 06 (2026-08-19 → 2026-08-25) 43103 bytes
2026-08-19 09:40:15,727 [INFO] [OK] USA/ECM_ENSEMBLE_Wheat_Spring_PRCP/cumulative dia 05 (2026-08-19 → 2026-08-24) 42762 bytes
2026-08-19 09:40:16,078 [INFO] [OK] USA/ECM_ENSEMBLE_Wheat_Spring_PRCP/cumulative dia 08 (2026-08-19 → 2026-08-27) 44521 bytes
2026-08-19 09:40:16,121 [INFO] [OK] USA/ECM_ENSEMBLE_Wheat_Spring_PRCP/cumulative dia 07 (2026-08-19 → 2026-08-26) 43803 bytes
2026-08-19 09:40:17,317 [INFO] [OK] USA/ECM_ENSEMBLE_Wheat_Spring_PRCP/cumulative dia 09 (2026-08-19 → 2026-08-28) 44856 bytes
2026-08-19 09:40:17,332 [INFO] [OK] USA/ECM_ENSEMBLE_Wheat_Spring_PRCP/cumulative dia 10 (2026-08-19 → 2026-08-29) 45655 bytes
2026-08-19 09:40:20,152 [INFO] [OK] USA/ECM_ENSEMBLE_Wheat_Spring_PRCP/cumulative dia 11 (2026-08-19 → 2026-08-30) 46390 bytes
2026-08-19 09:40:20,167 [INFO] [OK] USA/ECM_ENSEMBLE_Wheat_Spring_PRCP/cumulative dia 13 (2026-08-19 → 2026-09-01) 46646 bytes
2026-08-19 09:40:20,167 [INFO] [OK] USA/ECM_ENSEMBLE_Wheat_Spring_PRCP/cumulative dia 14 (2026-08-19 → 2026-09-02) 46706 bytes
2026-08-19 09:40:20,168 [INFO] [OK] USA/ECM_ENSEMBLE_Wheat_Spring_PRCP/cumulative dia 12 (2026-08-19 → 2026-08-31) 46038 bytes
2026-08-19 09:40:29,049 [INFO] Resumo: 960/960 sucessos, 0 erros
2026-08-19 09:40:43,409 [INFO] [CLEANUP] Removidas 588 pastas de histórico anteriores a 2026-07-20
2026-08-19 09:40:43,712 [INFO] Manifest: C:\Users\server\OneDrive - CGB Enterprises, Inc\ZGC-PBI Research - Documents\Dataset Data Files\Weather_maps\manifest.json
2026-08-19 09:40:43,713 [INFO] [GIT] Iniciando sincronização com GitHub...
2026-08-19 09:50:19,723 [INFO] [GIT] Sucesso ✓
2026-08-19 09:50:19,831 [INFO] ✓ Sincronizado com GitHub — Power BI atualiza no próximo refresh
