2026-09-26 09:33:18,414 [INFO] === Execução 2026-09-26 | modo=both | dias=15 | parâmetro=['PRCP_DEP', 'PRCP'] ===
2026-09-26 09:33:18,418 [INFO] Baixando 960 mapas com 6 threads...
2026-09-26 09:33:21,217 [INFO] [OK] Brazil/GFS_ENSEMBLE_Soy_PRCP_DEP/daily dia 04 (2026-09-30 → 2026-09-30) 45102 bytes
2026-09-26 09:33:21,349 [INFO] [OK] Brazil/GFS_ENSEMBLE_Soy_PRCP_DEP/daily dia 02 (2026-09-28 → 2026-09-28) 45831 bytes
2026-09-26 09:33:21,585 [INFO] [OK] Brazil/GFS_ENSEMBLE_Soy_PRCP_DEP/daily dia 01 (2026-09-27 → 2026-09-27) 41269 bytes
2026-09-26 09:33:21,650 [INFO] [OK] Brazil/GFS_ENSEMBLE_Soy_PRCP_DEP/daily dia 03 (2026-09-29 → 2026-09-29) 45148 bytes
2026-09-26 09:33:21,775 [INFO] [OK] Brazil/GFS_ENSEMBLE_Soy_PRCP_DEP/daily dia 00 (2026-09-26 → 2026-09-26) 38456 bytes
2026-09-26 09:33:21,995 [INFO] [OK] Brazil/GFS_ENSEMBLE_Soy_PRCP_DEP/daily dia 05 (2026-10-01 → 2026-10-01) 47048 bytes
2026-09-26 09:33:22,623 [INFO] [OK] Brazil/GFS_ENSEMBLE_Soy_PRCP_DEP/daily dia 06 (2026-10-02 → 2026-10-02) 47731 bytes
2026-09-26 09:33:22,956 [INFO] [OK] Brazil/GFS_ENSEMBLE_Soy_PRCP_DEP/daily dia 07 (2026-10-03 → 2026-10-03) 50539 bytes
2026-09-26 09:33:23,098 [INFO] [OK] Brazil/GFS_ENSEMBLE_Soy_PRCP_DEP/daily dia 08 (2026-10-04 → 2026-10-04) 49650 bytes
2026-09-26 09:33:23,406 [INFO] [OK] Brazil/GFS_ENSEMBLE_Soy_PRCP_DEP/daily dia 09 (2026-10-05 → 2026-10-05) 50587 bytes
2026-09-26 09:33:23,557 [INFO] [OK] Brazil/GFS_ENSEMBLE_Soy_PRCP_DEP/daily dia 11 (2026-10-07 → 2026-10-07) 50264 bytes
2026-09-26 09:33:23,560 [INFO] [OK] Brazil/GFS_ENSEMBLE_Soy_PRCP_DEP/daily dia 10 (2026-10-06 → 2026-10-06) 50213 bytes
2026-09-26 09:33:24,225 [INFO] [OK] Brazil/GFS_ENSEMBLE_Soy_PRCP_DEP/daily dia 12 (2026-10-08 → 2026-10-08) 52533 bytes
2026-09-26 09:33:24,463 [INFO] [OK] Brazil/GFS_ENSEMBLE_Soy_PRCP_DEP/daily dia 13 (2026-10-09 → 2026-10-09) 51973 bytes
2026-09-26 09:33:24,565 [INFO] [OK] Brazil/GFS_ENSEMBLE_Soy_PRCP_DEP/daily dia 14 (2026-10-10 → 2026-10-10) 50228 bytes
2026-09-26 09:33:24,922 [INFO] [OK] Brazil/GFS_ENSEMBLE_Soy_PRCP_DEP/cumulative dia 00 (2026-09-26 → 2026-09-26) 38456 bytes
2026-09-26 09:33:25,152 [INFO] [OK] Brazil/GFS_ENSEMBLE_Soy_PRCP_DEP/cumulative dia 01 (2026-09-26 → 2026-09-27) 40975 bytes
2026-09-26 09:33:25,328 [INFO] [OK] Brazil/GFS_ENSEMBLE_Soy_PRCP_DEP/cumulative dia 02 (2026-09-26 → 2026-09-28) 45234 bytes
2026-09-26 09:33:25,992 [INFO] [OK] Brazil/GFS_ENSEMBLE_Soy_PRCP_DEP/cumulative dia 03 (2026-09-26 → 2026-09-29) 46423 bytes
2026-09-26 09:33:26,448 [INFO] [OK] Brazil/GFS_ENSEMBLE_Soy_PRCP_DEP/cumulative dia 04 (2026-09-26 → 2026-09-30) 48272 bytes
2026-09-26 09:33:26,755 [INFO] [OK] Brazil/GFS_ENSEMBLE_Soy_PRCP_DEP/cumulative dia 05 (2026-09-26 → 2026-10-01) 49764 bytes
2026-09-26 09:33:27,086 [INFO] [OK] Brazil/GFS_ENSEMBLE_Soy_PRCP_DEP/cumulative dia 06 (2026-09-26 → 2026-10-02) 51380 bytes
2026-09-26 09:33:27,720 [INFO] [OK] Brazil/GFS_ENSEMBLE_Soy_PRCP_DEP/cumulative dia 07 (2026-09-26 → 2026-10-03) 52110 bytes
2026-09-26 09:33:27,928 [INFO] [OK] Brazil/GFS_ENSEMBLE_Soy_PRCP_DEP/cumulative dia 08 (2026-09-26 → 2026-10-04) 52097 bytes
2026-09-26 09:33:28,549 [INFO] [OK] Brazil/GFS_ENSEMBLE_Soy_PRCP_DEP/cumulative dia 09 (2026-09-26 → 2026-10-05) 51245 bytes
2026-09-26 09:33:29,448 [INFO] [OK] Brazil/GFS_ENSEMBLE_Soy_PRCP_DEP/cumulative dia 10 (2026-09-26 → 2026-10-06) 51427 bytes
2026-09-26 09:33:29,687 [INFO] [OK] Brazil/GFS_ENSEMBLE_Soy_PRCP_DEP/cumulative dia 11 (2026-09-26 → 2026-10-07) 51336 bytes
2026-09-26 09:33:30,101 [INFO] [OK] Brazil/GFS_ENSEMBLE_Soy_PRCP/daily dia 00 (2026-09-26 → 2026-09-26) 30019 bytes
2026-09-26 09:33:30,110 [INFO] [OK] Brazil/GFS_ENSEMBLE_Soy_PRCP_DEP/cumulative dia 12 (2026-09-26 → 2026-10-08) 51335 bytes
2026-09-26 09:33:30,856 [INFO] [OK] Brazil/GFS_ENSEMBLE_Soy_PRCP_DEP/cumulative dia 13 (2026-09-26 → 2026-10-09) 51207 bytes
2026-09-26 09:33:30,902 [INFO] [OK] Brazil/GFS_ENSEMBLE_Soy_PRCP/daily dia 01 (2026-09-27 → 2026-09-27) 31323 bytes
2026-09-26 09:33:31,560 [INFO] [OK] Brazil/GFS_ENSEMBLE_Soy_PRCP/daily dia 02 (2026-09-28 → 2026-09-28) 32781 bytes
2026-09-26 09:33:31,644 [INFO] [OK] Brazil/GFS_ENSEMBLE_Soy_PRCP_DEP/cumulative dia 14 (2026-09-26 → 2026-10-10) 51080 bytes
2026-09-26 09:33:31,773 [INFO] [OK] Brazil/GFS_ENSEMBLE_Soy_PRCP/daily dia 03 (2026-09-29 → 2026-09-29) 34079 bytes
2026-09-26 09:33:31,887 [INFO] [OK] Brazil/GFS_ENSEMBLE_Soy_PRCP/daily dia 04 (2026-09-30 → 2026-09-30) 33827 bytes
2026-09-26 09:33:32,320 [INFO] [OK] Brazil/GFS_ENSEMBLE_Soy_PRCP/daily dia 05 (2026-10-01 → 2026-10-01) 32826 bytes
2026-09-26 09:33:32,481 [INFO] [OK] Brazil/GFS_ENSEMBLE_Soy_PRCP/daily dia 06 (2026-10-02 → 2026-10-02) 32546 bytes
2026-09-26 09:33:33,155 [INFO] [OK] Brazil/GFS_ENSEMBLE_Soy_PRCP/daily dia 07 (2026-10-03 → 2026-10-03) 33053 bytes
2026-09-26 09:33:33,212 [INFO] [OK] Brazil/GFS_ENSEMBLE_Soy_PRCP/daily dia 08 (2026-10-04 → 2026-10-04) 33908 bytes
2026-09-26 09:33:33,303 [INFO] [OK] Brazil/GFS_ENSEMBLE_Soy_PRCP/daily dia 10 (2026-10-06 → 2026-10-06) 31981 bytes
2026-09-26 09:33:33,459 [INFO] [OK] Brazil/GFS_ENSEMBLE_Soy_PRCP/daily dia 09 (2026-10-05 → 2026-10-05) 33970 bytes
2026-09-26 09:33:33,799 [INFO] [OK] Brazil/GFS_ENSEMBLE_Soy_PRCP/daily dia 11 (2026-10-07 → 2026-10-07) 31477 bytes
2026-09-26 09:33:33,955 [INFO] [OK] Brazil/GFS_ENSEMBLE_Soy_PRCP/daily dia 12 (2026-10-08 → 2026-10-08) 32405 bytes
2026-09-26 09:33:34,655 [INFO] [OK] Brazil/GFS_ENSEMBLE_Soy_PRCP/daily dia 13 (2026-10-09 → 2026-10-09) 32537 bytes
2026-09-26 09:33:34,697 [INFO] [OK] Brazil/GFS_ENSEMBLE_Soy_PRCP/daily dia 14 (2026-10-10 → 2026-10-10) 32596 bytes
2026-09-26 09:33:34,939 [INFO] [OK] Brazil/GFS_ENSEMBLE_Soy_PRCP/cumulative dia 00 (2026-09-26 → 2026-09-26) 30019 bytes
2026-09-26 09:33:35,158 [INFO] [OK] Brazil/GFS_ENSEMBLE_Soy_PRCP/cumulative dia 01 (2026-09-26 → 2026-09-27) 32854 bytes
2026-09-26 09:33:35,778 [INFO] [OK] Brazil/GFS_ENSEMBLE_Soy_PRCP/cumulative dia 02 (2026-09-26 → 2026-09-28) 35635 bytes
2026-09-26 09:33:36,004 [INFO] [OK] Brazil/GFS_ENSEMBLE_Soy_PRCP/cumulative dia 03 (2026-09-26 → 2026-09-29) 38378 bytes
2026-09-26 09:33:36,941 [INFO] [OK] Brazil/GFS_ENSEMBLE_Soy_PRCP/cumulative dia 04 (2026-09-26 → 2026-09-30) 40053 bytes
2026-09-26 09:33:37,124 [INFO] [OK] Brazil/GFS_ENSEMBLE_Soy_PRCP/cumulative dia 05 (2026-09-26 → 2026-10-01) 41557 bytes
2026-09-26 09:33:37,688 [INFO] [OK] Brazil/GFS_ENSEMBLE_Soy_PRCP/cumulative dia 06 (2026-09-26 → 2026-10-02) 42657 bytes
2026-09-26 09:33:37,873 [INFO] [OK] Brazil/GFS_ENSEMBLE_Soy_PRCP/cumulative dia 07 (2026-09-26 → 2026-10-03) 43301 bytes
2026-09-26 09:33:38,502 [INFO] [OK] Brazil/GFS_ENSEMBLE_Soy_PRCP/cumulative dia 08 (2026-09-26 → 2026-10-04) 43603 bytes
2026-09-26 09:33:38,887 [INFO] [OK] Brazil/GFS_ENSEMBLE_Soy_PRCP/cumulative dia 09 (2026-09-26 → 2026-10-05) 44252 bytes
2026-09-26 09:33:40,120 [INFO] [OK] Brazil/GFS_ENSEMBLE_Soy_PRCP/cumulative dia 10 (2026-09-26 → 2026-10-06) 44406 bytes
2026-09-26 09:33:40,592 [INFO] [OK] Brazil/GFS_ENSEMBLE_Corn_Winter_PRCP_DEP/daily dia 00 (2026-09-26 → 2026-09-26) 36738 bytes
2026-09-26 09:33:40,630 [INFO] [OK] Brazil/GFS_ENSEMBLE_Soy_PRCP/cumulative dia 11 (2026-09-26 → 2026-10-07) 44595 bytes
2026-09-26 09:33:41,145 [INFO] [OK] Brazil/GFS_ENSEMBLE_Soy_PRCP/cumulative dia 12 (2026-09-26 → 2026-10-08) 44651 bytes
2026-09-26 09:33:41,647 [INFO] [OK] Brazil/GFS_ENSEMBLE_Soy_PRCP/cumulative dia 13 (2026-09-26 → 2026-10-09) 45083 bytes
2026-09-26 09:33:41,991 [INFO] [OK] Brazil/GFS_ENSEMBLE_Corn_Winter_PRCP_DEP/daily dia 01 (2026-09-27 → 2026-09-27) 39593 bytes
2026-09-26 09:33:42,305 [INFO] [OK] Brazil/GFS_ENSEMBLE_Soy_PRCP/cumulative dia 14 (2026-09-26 → 2026-10-10) 44640 bytes
2026-09-26 09:33:42,457 [INFO] [OK] Brazil/GFS_ENSEMBLE_Corn_Winter_PRCP_DEP/daily dia 02 (2026-09-28 → 2026-09-28) 44532 bytes
2026-09-26 09:33:42,612 [INFO] [OK] Brazil/GFS_ENSEMBLE_Corn_Winter_PRCP_DEP/daily dia 03 (2026-09-29 → 2026-09-29) 43719 bytes
2026-09-26 09:33:42,692 [INFO] [OK] Brazil/GFS_ENSEMBLE_Corn_Winter_PRCP_DEP/daily dia 04 (2026-09-30 → 2026-09-30) 43781 bytes
2026-09-26 09:33:43,400 [INFO] [OK] Brazil/GFS_ENSEMBLE_Corn_Winter_PRCP_DEP/daily dia 05 (2026-10-01 → 2026-10-01) 45622 bytes
2026-09-26 09:33:43,688 [INFO] [OK] Brazil/GFS_ENSEMBLE_Corn_Winter_PRCP_DEP/daily dia 06 (2026-10-02 → 2026-10-02) 46408 bytes
2026-09-26 09:33:44,077 [INFO] [OK] Brazil/GFS_ENSEMBLE_Corn_Winter_PRCP_DEP/daily dia 07 (2026-10-03 → 2026-10-03) 49280 bytes
2026-09-26 09:33:44,227 [INFO] [OK] Brazil/GFS_ENSEMBLE_Corn_Winter_PRCP_DEP/daily dia 08 (2026-10-04 → 2026-10-04) 48783 bytes
2026-09-26 09:33:44,420 [INFO] [OK] Brazil/GFS_ENSEMBLE_Corn_Winter_PRCP_DEP/daily dia 09 (2026-10-05 → 2026-10-05) 49027 bytes
2026-09-26 09:33:44,485 [INFO] [OK] Brazil/GFS_ENSEMBLE_Corn_Winter_PRCP_DEP/daily dia 10 (2026-10-06 → 2026-10-06) 48638 bytes
2026-09-26 09:33:45,099 [INFO] [OK] Brazil/GFS_ENSEMBLE_Corn_Winter_PRCP_DEP/daily dia 11 (2026-10-07 → 2026-10-07) 48767 bytes
2026-09-26 09:33:45,346 [INFO] [OK] Brazil/GFS_ENSEMBLE_Corn_Winter_PRCP_DEP/daily dia 12 (2026-10-08 → 2026-10-08) 51202 bytes
2026-09-26 09:33:45,799 [INFO] [OK] Brazil/GFS_ENSEMBLE_Corn_Winter_PRCP_DEP/daily dia 13 (2026-10-09 → 2026-10-09) 50793 bytes
2026-09-26 09:33:45,959 [INFO] [OK] Brazil/GFS_ENSEMBLE_Corn_Winter_PRCP_DEP/daily dia 14 (2026-10-10 → 2026-10-10) 49253 bytes
2026-09-26 09:33:46,250 [INFO] [OK] Brazil/GFS_ENSEMBLE_Corn_Winter_PRCP_DEP/cumulative dia 00 (2026-09-26 → 2026-09-26) 36738 bytes
2026-09-26 09:33:46,427 [INFO] [OK] Brazil/GFS_ENSEMBLE_Corn_Winter_PRCP_DEP/cumulative dia 01 (2026-09-26 → 2026-09-27) 39364 bytes
2026-09-26 09:33:47,202 [INFO] [OK] Brazil/GFS_ENSEMBLE_Corn_Winter_PRCP_DEP/cumulative dia 02 (2026-09-26 → 2026-09-28) 43566 bytes
2026-09-26 09:33:47,804 [INFO] [OK] Brazil/GFS_ENSEMBLE_Corn_Winter_PRCP_DEP/cumulative dia 03 (2026-09-26 → 2026-09-29) 44858 bytes
2026-09-26 09:33:48,626 [INFO] [OK] Brazil/GFS_ENSEMBLE_Corn_Winter_PRCP_DEP/cumulative dia 04 (2026-09-26 → 2026-09-30) 46861 bytes
2026-09-26 09:33:49,220 [INFO] [OK] Brazil/GFS_ENSEMBLE_Corn_Winter_PRCP_DEP/cumulative dia 05 (2026-09-26 → 2026-10-01) 48342 bytes
2026-09-26 09:33:49,690 [INFO] [OK] Brazil/GFS_ENSEMBLE_Corn_Winter_PRCP_DEP/cumulative dia 06 (2026-09-26 → 2026-10-02) 49910 bytes
2026-09-26 09:33:50,058 [INFO] [OK] Brazil/GFS_ENSEMBLE_Corn_Winter_PRCP_DEP/cumulative dia 07 (2026-09-26 → 2026-10-03) 50445 bytes
2026-09-26 09:33:50,802 [INFO] [OK] Brazil/GFS_ENSEMBLE_Corn_Winter_PRCP_DEP/cumulative dia 08 (2026-09-26 → 2026-10-04) 50598 bytes
2026-09-26 09:33:51,830 [INFO] [OK] Brazil/GFS_ENSEMBLE_Corn_Winter_PRCP_DEP/cumulative dia 09 (2026-09-26 → 2026-10-05) 49804 bytes
2026-09-26 09:33:52,688 [INFO] [OK] Brazil/GFS_ENSEMBLE_Corn_Winter_PRCP_DEP/cumulative dia 10 (2026-09-26 → 2026-10-06) 50083 bytes
2026-09-26 09:33:53,840 [INFO] [OK] Brazil/GFS_ENSEMBLE_Corn_Winter_PRCP/daily dia 00 (2026-09-26 → 2026-09-26) 28393 bytes
2026-09-26 09:33:54,090 [INFO] [OK] Brazil/GFS_ENSEMBLE_Corn_Winter_PRCP_DEP/cumulative dia 11 (2026-09-26 → 2026-10-07) 49874 bytes
2026-09-26 09:33:54,510 [INFO] [OK] Brazil/GFS_ENSEMBLE_Corn_Winter_PRCP_DEP/cumulative dia 12 (2026-09-26 → 2026-10-08) 49918 bytes
2026-09-26 09:33:54,763 [INFO] [OK] Brazil/GFS_ENSEMBLE_Corn_Winter_PRCP/daily dia 01 (2026-09-27 → 2026-09-27) 29606 bytes
2026-09-26 09:33:54,992 [INFO] [OK] Brazil/GFS_ENSEMBLE_Corn_Winter_PRCP_DEP/cumulative dia 13 (2026-09-26 → 2026-10-09) 49645 bytes
2026-09-26 09:33:55,547 [INFO] [OK] Brazil/GFS_ENSEMBLE_Corn_Winter_PRCP/daily dia 02 (2026-09-28 → 2026-09-28) 31135 bytes
2026-09-26 09:33:55,809 [INFO] [OK] Brazil/GFS_ENSEMBLE_Corn_Winter_PRCP_DEP/cumulative dia 14 (2026-09-26 → 2026-10-10) 49679 bytes
2026-09-26 09:33:56,093 [INFO] [OK] Brazil/GFS_ENSEMBLE_Corn_Winter_PRCP/daily dia 03 (2026-09-29 → 2026-09-29) 32313 bytes
2026-09-26 09:33:56,332 [INFO] [OK] Brazil/GFS_ENSEMBLE_Corn_Winter_PRCP/daily dia 04 (2026-09-30 → 2026-09-30) 32159 bytes
2026-09-26 09:33:56,596 [INFO] [OK] Brazil/GFS_ENSEMBLE_Corn_Winter_PRCP/daily dia 05 (2026-10-01 → 2026-10-01) 31379 bytes
2026-09-26 09:33:57,023 [INFO] [OK] Brazil/GFS_ENSEMBLE_Corn_Winter_PRCP/daily dia 06 (2026-10-02 → 2026-10-02) 30944 bytes
2026-09-26 09:33:57,229 [INFO] [OK] Brazil/GFS_ENSEMBLE_Corn_Winter_PRCP/daily dia 07 (2026-10-03 → 2026-10-03) 31545 bytes
2026-09-26 09:33:57,867 [INFO] [OK] Brazil/GFS_ENSEMBLE_Corn_Winter_PRCP/daily dia 08 (2026-10-04 → 2026-10-04) 32453 bytes
2026-09-26 09:33:57,892 [INFO] [OK] Brazil/GFS_ENSEMBLE_Corn_Winter_PRCP/daily dia 09 (2026-10-05 → 2026-10-05) 32401 bytes
2026-09-26 09:33:58,695 [INFO] [OK] Brazil/GFS_ENSEMBLE_Corn_Winter_PRCP/daily dia 10 (2026-10-06 → 2026-10-06) 30417 bytes
2026-09-26 09:33:59,148 [INFO] [OK] Brazil/GFS_ENSEMBLE_Corn_Winter_PRCP/daily dia 11 (2026-10-07 → 2026-10-07) 29979 bytes
2026-09-26 09:33:59,385 [INFO] [OK] Brazil/GFS_ENSEMBLE_Corn_Winter_PRCP/daily dia 13 (2026-10-09 → 2026-10-09) 30966 bytes
2026-09-26 09:33:59,400 [INFO] [OK] Brazil/GFS_ENSEMBLE_Corn_Winter_PRCP/daily dia 12 (2026-10-08 → 2026-10-08) 30921 bytes
2026-09-26 09:34:00,133 [INFO] [OK] Brazil/GFS_ENSEMBLE_Corn_Winter_PRCP/cumulative dia 00 (2026-09-26 → 2026-09-26) 28393 bytes
2026-09-26 09:34:00,173 [INFO] [OK] Brazil/GFS_ENSEMBLE_Corn_Winter_PRCP/daily dia 14 (2026-10-10 → 2026-10-10) 31034 bytes
2026-09-26 09:34:00,770 [INFO] [OK] Brazil/GFS_ENSEMBLE_Corn_Winter_PRCP/cumulative dia 01 (2026-09-26 → 2026-09-27) 31140 bytes
2026-09-26 09:34:01,770 [INFO] [OK] Brazil/GFS_ENSEMBLE_Corn_Winter_PRCP/cumulative dia 02 (2026-09-26 → 2026-09-28) 33755 bytes
2026-09-26 09:34:01,901 [INFO] [OK] Brazil/GFS_ENSEMBLE_Corn_Winter_PRCP/cumulative dia 03 (2026-09-26 → 2026-09-29) 36532 bytes
2026-09-26 09:34:02,232 [INFO] [OK] Brazil/GFS_ENSEMBLE_Corn_Winter_PRCP/cumulative dia 04 (2026-09-26 → 2026-09-30) 38318 bytes
2026-09-26 09:34:03,614 [INFO] [OK] Brazil/GFS_ENSEMBLE_Corn_Winter_PRCP/cumulative dia 06 (2026-09-26 → 2026-10-02) 40645 bytes
2026-09-26 09:34:03,694 [INFO] [OK] Brazil/GFS_ENSEMBLE_Corn_Winter_PRCP/cumulative dia 05 (2026-09-26 → 2026-10-01) 39883 bytes
2026-09-26 09:34:04,535 [INFO] [OK] Brazil/GFS_ENSEMBLE_Corn_Winter_PRCP/cumulative dia 07 (2026-09-26 → 2026-10-03) 41585 bytes
2026-09-26 09:34:05,744 [INFO] [OK] Brazil/GFS_ENSEMBLE_Corn_Winter_PRCP/cumulative dia 08 (2026-09-26 → 2026-10-04) 42068 bytes
2026-09-26 09:34:06,120 [INFO] [OK] Brazil/GFS_ENSEMBLE_Corn_Winter_PRCP/cumulative dia 09 (2026-09-26 → 2026-10-05) 42591 bytes
2026-09-26 09:34:06,567 [INFO] [OK] Brazil/GFS_ENSEMBLE_Corn_Winter_PRCP/cumulative dia 10 (2026-09-26 → 2026-10-06) 42906 bytes
2026-09-26 09:34:08,010 [INFO] [OK] Brazil/ECM_ENSEMBLE_Soy_PRCP_DEP/daily dia 00 (2026-09-26 → 2026-09-26) 46319 bytes
2026-09-26 09:34:08,093 [INFO] [OK] Brazil/GFS_ENSEMBLE_Corn_Winter_PRCP/cumulative dia 11 (2026-09-26 → 2026-10-07) 42844 bytes
2026-09-26 09:34:08,116 [INFO] [OK] Brazil/GFS_ENSEMBLE_Corn_Winter_PRCP/cumulative dia 12 (2026-09-26 → 2026-10-08) 43023 bytes
2026-09-26 09:34:08,562 [INFO] [OK] Brazil/ECM_ENSEMBLE_Soy_PRCP_DEP/daily dia 01 (2026-09-27 → 2026-09-27) 44819 bytes
2026-09-26 09:34:09,156 [INFO] [OK] Brazil/GFS_ENSEMBLE_Corn_Winter_PRCP/cumulative dia 13 (2026-09-26 → 2026-10-09) 43390 bytes
2026-09-26 09:34:09,900 [INFO] [OK] Brazil/ECM_ENSEMBLE_Soy_PRCP_DEP/daily dia 02 (2026-09-28 → 2026-09-28) 46268 bytes
2026-09-26 09:34:10,115 [INFO] [OK] Brazil/ECM_ENSEMBLE_Soy_PRCP_DEP/daily dia 03 (2026-09-29 → 2026-09-29) 49665 bytes
2026-09-26 09:34:10,254 [INFO] [OK] Brazil/ECM_ENSEMBLE_Soy_PRCP_DEP/daily dia 04 (2026-09-30 → 2026-09-30) 48880 bytes
2026-09-26 09:34:10,507 [INFO] [OK] Brazil/ECM_ENSEMBLE_Soy_PRCP_DEP/daily dia 05 (2026-10-01 → 2026-10-01) 48296 bytes
2026-09-26 09:34:10,750 [INFO] [OK] Brazil/GFS_ENSEMBLE_Corn_Winter_PRCP/cumulative dia 14 (2026-09-26 → 2026-10-10) 43024 bytes
2026-09-26 09:34:10,850 [INFO] [OK] Brazil/ECM_ENSEMBLE_Soy_PRCP_DEP/daily dia 06 (2026-10-02 → 2026-10-02) 49904 bytes
2026-09-26 09:34:11,742 [INFO] [OK] Brazil/ECM_ENSEMBLE_Soy_PRCP_DEP/daily dia 07 (2026-10-03 → 2026-10-03) 51979 bytes
2026-09-26 09:34:11,951 [INFO] [OK] Brazil/ECM_ENSEMBLE_Soy_PRCP_DEP/daily dia 08 (2026-10-04 → 2026-10-04) 49288 bytes
2026-09-26 09:34:12,208 [INFO] [OK] Brazil/ECM_ENSEMBLE_Soy_PRCP_DEP/daily dia 09 (2026-10-05 → 2026-10-05) 50615 bytes
2026-09-26 09:34:12,634 [INFO] [OK] Brazil/ECM_ENSEMBLE_Soy_PRCP_DEP/daily dia 10 (2026-10-06 → 2026-10-06) 51944 bytes
2026-09-26 09:34:12,733 [INFO] [OK] Brazil/ECM_ENSEMBLE_Soy_PRCP_DEP/daily dia 11 (2026-10-07 → 2026-10-07) 51937 bytes
2026-09-26 09:34:12,734 [INFO] [OK] Brazil/ECM_ENSEMBLE_Soy_PRCP_DEP/daily dia 12 (2026-10-08 → 2026-10-08) 51168 bytes
2026-09-26 09:34:13,859 [INFO] [OK] Brazil/ECM_ENSEMBLE_Soy_PRCP_DEP/daily dia 13 (2026-10-09 → 2026-10-09) 50810 bytes
2026-09-26 09:34:14,213 [INFO] [OK] Brazil/ECM_ENSEMBLE_Soy_PRCP_DEP/daily dia 14 (2026-10-10 → 2026-10-10) 52904 bytes
2026-09-26 09:34:14,326 [INFO] [OK] Brazil/ECM_ENSEMBLE_Soy_PRCP_DEP/cumulative dia 00 (2026-09-26 → 2026-09-26) 46319 bytes
2026-09-26 09:34:14,813 [INFO] [OK] Brazil/ECM_ENSEMBLE_Soy_PRCP_DEP/cumulative dia 01 (2026-09-26 → 2026-09-27) 46982 bytes
2026-09-26 09:34:15,076 [INFO] [OK] Brazil/ECM_ENSEMBLE_Soy_PRCP_DEP/cumulative dia 03 (2026-09-26 → 2026-09-29) 49684 bytes
2026-09-26 09:34:15,125 [INFO] [OK] Brazil/ECM_ENSEMBLE_Soy_PRCP_DEP/cumulative dia 02 (2026-09-26 → 2026-09-28) 47495 bytes
2026-09-26 09:34:16,515 [INFO] [OK] Brazil/ECM_ENSEMBLE_Soy_PRCP_DEP/cumulative dia 04 (2026-09-26 → 2026-09-30) 50210 bytes
2026-09-26 09:34:17,026 [INFO] [OK] Brazil/ECM_ENSEMBLE_Soy_PRCP_DEP/cumulative dia 05 (2026-09-26 → 2026-10-01) 51886 bytes
2026-09-26 09:34:17,726 [INFO] [OK] Brazil/ECM_ENSEMBLE_Soy_PRCP_DEP/cumulative dia 06 (2026-09-26 → 2026-10-02) 53469 bytes
2026-09-26 09:34:18,519 [INFO] [OK] Brazil/ECM_ENSEMBLE_Soy_PRCP_DEP/cumulative dia 07 (2026-09-26 → 2026-10-03) 53200 bytes
2026-09-26 09:34:18,638 [INFO] [OK] Brazil/ECM_ENSEMBLE_Soy_PRCP_DEP/cumulative dia 08 (2026-09-26 → 2026-10-04) 52087 bytes
2026-09-26 09:34:18,824 [INFO] [OK] Brazil/ECM_ENSEMBLE_Soy_PRCP_DEP/cumulative dia 09 (2026-09-26 → 2026-10-05) 51520 bytes
2026-09-26 09:34:20,784 [INFO] [OK] Brazil/ECM_ENSEMBLE_Soy_PRCP_DEP/cumulative dia 10 (2026-09-26 → 2026-10-06) 51647 bytes
2026-09-26 09:34:20,823 [INFO] [OK] Brazil/ECM_ENSEMBLE_Soy_PRCP/daily dia 00 (2026-09-26 → 2026-09-26) 30417 bytes
2026-09-26 09:34:21,098 [INFO] [OK] Brazil/ECM_ENSEMBLE_Soy_PRCP_DEP/cumulative dia 11 (2026-09-26 → 2026-10-07) 51424 bytes
2026-09-26 09:34:22,394 [INFO] [OK] Brazil/ECM_ENSEMBLE_Soy_PRCP_DEP/cumulative dia 12 (2026-09-26 → 2026-10-08) 51733 bytes
2026-09-26 09:34:22,617 [INFO] [OK] Brazil/ECM_ENSEMBLE_Soy_PRCP/daily dia 02 (2026-09-28 → 2026-09-28) 33848 bytes
2026-09-26 09:34:22,650 [INFO] [OK] Brazil/ECM_ENSEMBLE_Soy_PRCP/daily dia 01 (2026-09-27 → 2026-09-27) 32387 bytes
2026-09-26 09:34:22,810 [INFO] [OK] Brazil/ECM_ENSEMBLE_Soy_PRCP/daily dia 03 (2026-09-29 → 2026-09-29) 35372 bytes
2026-09-26 09:34:22,883 [INFO] [OK] Brazil/ECM_ENSEMBLE_Soy_PRCP_DEP/cumulative dia 13 (2026-09-26 → 2026-10-09) 51849 bytes
2026-09-26 09:34:23,231 [INFO] [OK] Brazil/ECM_ENSEMBLE_Soy_PRCP_DEP/cumulative dia 14 (2026-09-26 → 2026-10-10) 52106 bytes
2026-09-26 09:34:24,101 [INFO] [OK] Brazil/ECM_ENSEMBLE_Soy_PRCP/daily dia 04 (2026-09-30 → 2026-09-30) 34018 bytes
2026-09-26 09:34:24,349 [INFO] [OK] Brazil/ECM_ENSEMBLE_Soy_PRCP/daily dia 05 (2026-10-01 → 2026-10-01) 32799 bytes
2026-09-26 09:34:24,453 [INFO] [OK] Brazil/ECM_ENSEMBLE_Soy_PRCP/daily dia 06 (2026-10-02 → 2026-10-02) 32970 bytes
2026-09-26 09:34:24,542 [INFO] [OK] Brazil/ECM_ENSEMBLE_Soy_PRCP/daily dia 07 (2026-10-03 → 2026-10-03) 35304 bytes
2026-09-26 09:34:24,604 [INFO] [OK] Brazil/ECM_ENSEMBLE_Soy_PRCP/daily dia 08 (2026-10-04 → 2026-10-04) 35031 bytes
2026-09-26 09:34:24,715 [INFO] [OK] Brazil/ECM_ENSEMBLE_Soy_PRCP/daily dia 09 (2026-10-05 → 2026-10-05) 33890 bytes
2026-09-26 09:34:25,526 [INFO] [OK] Brazil/ECM_ENSEMBLE_Soy_PRCP/daily dia 10 (2026-10-06 → 2026-10-06) 33068 bytes
2026-09-26 09:34:25,896 [INFO] [OK] Brazil/ECM_ENSEMBLE_Soy_PRCP/daily dia 11 (2026-10-07 → 2026-10-07) 32742 bytes
2026-09-26 09:34:25,963 [INFO] [OK] Brazil/ECM_ENSEMBLE_Soy_PRCP/daily dia 12 (2026-10-08 → 2026-10-08) 33174 bytes
2026-09-26 09:34:26,061 [INFO] [OK] Brazil/ECM_ENSEMBLE_Soy_PRCP/daily dia 13 (2026-10-09 → 2026-10-09) 33247 bytes
2026-09-26 09:34:26,137 [INFO] [OK] Brazil/ECM_ENSEMBLE_Soy_PRCP/daily dia 14 (2026-10-10 → 2026-10-10) 32201 bytes
2026-09-26 09:34:26,277 [INFO] [OK] Brazil/ECM_ENSEMBLE_Soy_PRCP/cumulative dia 00 (2026-09-26 → 2026-09-26) 30417 bytes
2026-09-26 09:34:27,226 [INFO] [OK] Brazil/ECM_ENSEMBLE_Soy_PRCP/cumulative dia 01 (2026-09-26 → 2026-09-27) 33753 bytes
2026-09-26 09:34:27,650 [INFO] [OK] Brazil/ECM_ENSEMBLE_Soy_PRCP/cumulative dia 02 (2026-09-26 → 2026-09-28) 36801 bytes
2026-09-26 09:34:27,852 [INFO] [OK] Brazil/ECM_ENSEMBLE_Soy_PRCP/cumulative dia 03 (2026-09-26 → 2026-09-29) 39516 bytes
2026-09-26 09:34:28,204 [INFO] [OK] Brazil/ECM_ENSEMBLE_Soy_PRCP/cumulative dia 04 (2026-09-26 → 2026-09-30) 41667 bytes
2026-09-26 09:34:28,366 [INFO] [OK] Brazil/ECM_ENSEMBLE_Soy_PRCP/cumulative dia 05 (2026-09-26 → 2026-10-01) 42869 bytes
2026-09-26 09:34:28,683 [INFO] [OK] Brazil/ECM_ENSEMBLE_Soy_PRCP/cumulative dia 06 (2026-09-26 → 2026-10-02) 43755 bytes
2026-09-26 09:34:29,516 [INFO] [OK] Brazil/ECM_ENSEMBLE_Soy_PRCP/cumulative dia 07 (2026-09-26 → 2026-10-03) 44291 bytes
2026-09-26 09:34:29,891 [INFO] [OK] Brazil/ECM_ENSEMBLE_Soy_PRCP/cumulative dia 08 (2026-09-26 → 2026-10-04) 45340 bytes
2026-09-26 09:34:30,254 [INFO] [OK] Brazil/ECM_ENSEMBLE_Soy_PRCP/cumulative dia 09 (2026-09-26 → 2026-10-05) 45432 bytes
2026-09-26 09:34:30,806 [INFO] [OK] Brazil/ECM_ENSEMBLE_Soy_PRCP/cumulative dia 10 (2026-09-26 → 2026-10-06) 45269 bytes
2026-09-26 09:34:31,037 [INFO] [OK] Brazil/ECM_ENSEMBLE_Soy_PRCP/cumulative dia 11 (2026-09-26 → 2026-10-07) 45827 bytes
2026-09-26 09:34:31,611 [INFO] [OK] Brazil/ECM_ENSEMBLE_Soy_PRCP/cumulative dia 12 (2026-09-26 → 2026-10-08) 45860 bytes
2026-09-26 09:34:31,869 [INFO] [OK] Brazil/ECM_ENSEMBLE_Corn_Winter_PRCP_DEP/daily dia 00 (2026-09-26 → 2026-09-26) 44545 bytes
2026-09-26 09:34:32,214 [INFO] [OK] Brazil/ECM_ENSEMBLE_Soy_PRCP/cumulative dia 13 (2026-09-26 → 2026-10-09) 46267 bytes
2026-09-26 09:34:32,294 [INFO] [OK] Brazil/ECM_ENSEMBLE_Corn_Winter_PRCP_DEP/daily dia 01 (2026-09-27 → 2026-09-27) 43355 bytes
2026-09-26 09:34:32,541 [INFO] [OK] Brazil/ECM_ENSEMBLE_Corn_Winter_PRCP_DEP/daily dia 02 (2026-09-28 → 2026-09-28) 45109 bytes
2026-09-26 09:34:32,628 [INFO] [OK] Brazil/ECM_ENSEMBLE_Soy_PRCP/cumulative dia 14 (2026-09-26 → 2026-10-10) 46240 bytes
2026-09-26 09:34:33,206 [INFO] [OK] Brazil/ECM_ENSEMBLE_Corn_Winter_PRCP_DEP/daily dia 03 (2026-09-29 → 2026-09-29) 48215 bytes
2026-09-26 09:34:33,308 [INFO] [OK] Brazil/ECM_ENSEMBLE_Corn_Winter_PRCP_DEP/daily dia 04 (2026-09-30 → 2026-09-30) 47648 bytes
2026-09-26 09:34:33,681 [INFO] [OK] Brazil/ECM_ENSEMBLE_Corn_Winter_PRCP_DEP/daily dia 05 (2026-10-01 → 2026-10-01) 46828 bytes
2026-09-26 09:34:33,797 [INFO] [OK] Brazil/ECM_ENSEMBLE_Corn_Winter_PRCP_DEP/daily dia 06 (2026-10-02 → 2026-10-02) 48820 bytes
2026-09-26 09:34:33,994 [INFO] [OK] Brazil/ECM_ENSEMBLE_Corn_Winter_PRCP_DEP/daily dia 07 (2026-10-03 → 2026-10-03) 50981 bytes
2026-09-26 09:34:34,125 [INFO] [OK] Brazil/ECM_ENSEMBLE_Corn_Winter_PRCP_DEP/daily dia 08 (2026-10-04 → 2026-10-04) 48002 bytes
2026-09-26 09:34:34,599 [INFO] [OK] Brazil/ECM_ENSEMBLE_Corn_Winter_PRCP_DEP/daily dia 09 (2026-10-05 → 2026-10-05) 49358 bytes
2026-09-26 09:34:34,866 [INFO] [OK] Brazil/ECM_ENSEMBLE_Corn_Winter_PRCP_DEP/daily dia 10 (2026-10-06 → 2026-10-06) 50583 bytes
2026-09-26 09:34:35,133 [INFO] [OK] Brazil/ECM_ENSEMBLE_Corn_Winter_PRCP_DEP/daily dia 11 (2026-10-07 → 2026-10-07) 50663 bytes
2026-09-26 09:34:35,289 [INFO] [OK] Brazil/ECM_ENSEMBLE_Corn_Winter_PRCP_DEP/daily dia 12 (2026-10-08 → 2026-10-08) 50087 bytes
2026-09-26 09:34:35,549 [INFO] [OK] Brazil/ECM_ENSEMBLE_Corn_Winter_PRCP_DEP/daily dia 13 (2026-10-09 → 2026-10-09) 49577 bytes
2026-09-26 09:34:35,735 [INFO] [OK] Brazil/ECM_ENSEMBLE_Corn_Winter_PRCP_DEP/daily dia 14 (2026-10-10 → 2026-10-10) 51689 bytes
2026-09-26 09:34:36,128 [INFO] [OK] Brazil/ECM_ENSEMBLE_Corn_Winter_PRCP_DEP/cumulative dia 00 (2026-09-26 → 2026-09-26) 44545 bytes
2026-09-26 09:34:36,366 [INFO] [OK] Brazil/ECM_ENSEMBLE_Corn_Winter_PRCP_DEP/cumulative dia 01 (2026-09-26 → 2026-09-27) 45464 bytes
2026-09-26 09:34:36,898 [INFO] [OK] Brazil/ECM_ENSEMBLE_Corn_Winter_PRCP_DEP/cumulative dia 02 (2026-09-26 → 2026-09-28) 46161 bytes
2026-09-26 09:34:37,058 [INFO] [OK] Brazil/ECM_ENSEMBLE_Corn_Winter_PRCP_DEP/cumulative dia 03 (2026-09-26 → 2026-09-29) 48487 bytes
2026-09-26 09:34:37,374 [INFO] [OK] Brazil/ECM_ENSEMBLE_Corn_Winter_PRCP_DEP/cumulative dia 04 (2026-09-26 → 2026-09-30) 48745 bytes
2026-09-26 09:34:37,622 [INFO] [OK] Brazil/ECM_ENSEMBLE_Corn_Winter_PRCP_DEP/cumulative dia 05 (2026-09-26 → 2026-10-01) 50452 bytes
2026-09-26 09:34:38,180 [INFO] [OK] Brazil/ECM_ENSEMBLE_Corn_Winter_PRCP_DEP/cumulative dia 06 (2026-09-26 → 2026-10-02) 52331 bytes
2026-09-26 09:34:38,412 [INFO] [OK] Brazil/ECM_ENSEMBLE_Corn_Winter_PRCP_DEP/cumulative dia 07 (2026-09-26 → 2026-10-03) 51674 bytes
2026-09-26 09:34:39,082 [INFO] [OK] Brazil/ECM_ENSEMBLE_Corn_Winter_PRCP_DEP/cumulative dia 08 (2026-09-26 → 2026-10-04) 50860 bytes
2026-09-26 09:34:39,473 [INFO] [OK] Brazil/ECM_ENSEMBLE_Corn_Winter_PRCP_DEP/cumulative dia 09 (2026-09-26 → 2026-10-05) 50356 bytes
2026-09-26 09:34:39,905 [INFO] [OK] Brazil/ECM_ENSEMBLE_Corn_Winter_PRCP_DEP/cumulative dia 10 (2026-09-26 → 2026-10-06) 50513 bytes
2026-09-26 09:34:40,470 [INFO] [OK] Brazil/ECM_ENSEMBLE_Corn_Winter_PRCP_DEP/cumulative dia 11 (2026-09-26 → 2026-10-07) 50190 bytes
2026-09-26 09:34:41,013 [INFO] [OK] Brazil/ECM_ENSEMBLE_Corn_Winter_PRCP_DEP/cumulative dia 12 (2026-09-26 → 2026-10-08) 50504 bytes
2026-09-26 09:34:41,050 [INFO] [OK] Brazil/ECM_ENSEMBLE_Corn_Winter_PRCP/daily dia 00 (2026-09-26 → 2026-09-26) 28796 bytes
2026-09-26 09:34:41,192 [INFO] [OK] Brazil/ECM_ENSEMBLE_Corn_Winter_PRCP_DEP/cumulative dia 13 (2026-09-26 → 2026-10-09) 50520 bytes
2026-09-26 09:34:41,353 [INFO] [OK] Brazil/ECM_ENSEMBLE_Corn_Winter_PRCP/daily dia 01 (2026-09-27 → 2026-09-27) 30525 bytes
2026-09-26 09:34:41,779 [INFO] [OK] Brazil/ECM_ENSEMBLE_Corn_Winter_PRCP_DEP/cumulative dia 14 (2026-09-26 → 2026-10-10) 50830 bytes
2026-09-26 09:34:41,941 [INFO] [OK] Brazil/ECM_ENSEMBLE_Corn_Winter_PRCP/daily dia 02 (2026-09-28 → 2026-09-28) 32004 bytes
2026-09-26 09:34:42,590 [INFO] [OK] Brazil/ECM_ENSEMBLE_Corn_Winter_PRCP/daily dia 04 (2026-09-30 → 2026-09-30) 32381 bytes
2026-09-26 09:34:42,709 [INFO] [OK] Brazil/ECM_ENSEMBLE_Corn_Winter_PRCP/daily dia 03 (2026-09-29 → 2026-09-29) 33647 bytes
2026-09-26 09:34:42,913 [INFO] [OK] Brazil/ECM_ENSEMBLE_Corn_Winter_PRCP/daily dia 05 (2026-10-01 → 2026-10-01) 31230 bytes
2026-09-26 09:34:43,081 [INFO] [OK] Brazil/ECM_ENSEMBLE_Corn_Winter_PRCP/daily dia 06 (2026-10-02 → 2026-10-02) 31360 bytes
2026-09-26 09:34:43,269 [INFO] [OK] Brazil/ECM_ENSEMBLE_Corn_Winter_PRCP/daily dia 07 (2026-10-03 → 2026-10-03) 33609 bytes
2026-09-26 09:34:43,423 [INFO] [OK] Brazil/ECM_ENSEMBLE_Corn_Winter_PRCP/daily dia 08 (2026-10-04 → 2026-10-04) 33460 bytes
2026-09-26 09:34:44,008 [INFO] [OK] Brazil/ECM_ENSEMBLE_Corn_Winter_PRCP/daily dia 09 (2026-10-05 → 2026-10-05) 32497 bytes
2026-09-26 09:34:44,139 [INFO] [OK] Brazil/ECM_ENSEMBLE_Corn_Winter_PRCP/daily dia 10 (2026-10-06 → 2026-10-06) 31383 bytes
2026-09-26 09:34:44,296 [INFO] [OK] Brazil/ECM_ENSEMBLE_Corn_Winter_PRCP/daily dia 11 (2026-10-07 → 2026-10-07) 31196 bytes
2026-09-26 09:34:44,486 [INFO] [OK] Brazil/ECM_ENSEMBLE_Corn_Winter_PRCP/daily dia 12 (2026-10-08 → 2026-10-08) 31476 bytes
2026-09-26 09:34:44,668 [INFO] [OK] Brazil/ECM_ENSEMBLE_Corn_Winter_PRCP/daily dia 13 (2026-10-09 → 2026-10-09) 31615 bytes
2026-09-26 09:34:44,868 [INFO] [OK] Brazil/ECM_ENSEMBLE_Corn_Winter_PRCP/daily dia 14 (2026-10-10 → 2026-10-10) 30652 bytes
2026-09-26 09:34:45,376 [INFO] [OK] Brazil/ECM_ENSEMBLE_Corn_Winter_PRCP/cumulative dia 00 (2026-09-26 → 2026-09-26) 28796 bytes
2026-09-26 09:34:45,569 [INFO] [OK] Brazil/ECM_ENSEMBLE_Corn_Winter_PRCP/cumulative dia 01 (2026-09-26 → 2026-09-27) 31930 bytes
2026-09-26 09:34:45,926 [INFO] [OK] Brazil/ECM_ENSEMBLE_Corn_Winter_PRCP/cumulative dia 02 (2026-09-26 → 2026-09-28) 35048 bytes
2026-09-26 09:34:46,306 [INFO] [OK] Brazil/ECM_ENSEMBLE_Corn_Winter_PRCP/cumulative dia 03 (2026-09-26 → 2026-09-29) 37561 bytes
2026-09-26 09:34:46,493 [INFO] [OK] Brazil/ECM_ENSEMBLE_Corn_Winter_PRCP/cumulative dia 04 (2026-09-26 → 2026-09-30) 39951 bytes
2026-09-26 09:34:46,807 [INFO] [OK] Brazil/ECM_ENSEMBLE_Corn_Winter_PRCP/cumulative dia 05 (2026-09-26 → 2026-10-01) 41184 bytes
2026-09-26 09:34:47,382 [INFO] [OK] Brazil/ECM_ENSEMBLE_Corn_Winter_PRCP/cumulative dia 06 (2026-09-26 → 2026-10-02) 42110 bytes
2026-09-26 09:34:47,630 [INFO] [OK] Brazil/ECM_ENSEMBLE_Corn_Winter_PRCP/cumulative dia 07 (2026-09-26 → 2026-10-03) 42642 bytes
2026-09-26 09:34:48,135 [INFO] [OK] Brazil/ECM_ENSEMBLE_Corn_Winter_PRCP/cumulative dia 08 (2026-09-26 → 2026-10-04) 43548 bytes
2026-09-26 09:34:48,844 [INFO] [OK] Brazil/ECM_ENSEMBLE_Corn_Winter_PRCP/cumulative dia 09 (2026-09-26 → 2026-10-05) 43519 bytes
2026-09-26 09:34:49,006 [INFO] [OK] Brazil/ECM_ENSEMBLE_Corn_Winter_PRCP/cumulative dia 10 (2026-09-26 → 2026-10-06) 43571 bytes
2026-09-26 09:34:49,384 [INFO] [OK] Brazil/ECM_ENSEMBLE_Corn_Winter_PRCP/cumulative dia 11 (2026-09-26 → 2026-10-07) 44024 bytes
2026-09-26 09:34:49,806 [INFO] [OK] Brazil/ECM_ENSEMBLE_Corn_Winter_PRCP/cumulative dia 12 (2026-09-26 → 2026-10-08) 43961 bytes
2026-09-26 09:34:50,074 [INFO] [OK] Argentina/GFS_ENSEMBLE_Soy_PRCP_DEP/daily dia 01 (2026-09-27 → 2026-09-27) 33967 bytes
2026-09-26 09:34:50,132 [INFO] [OK] Argentina/GFS_ENSEMBLE_Soy_PRCP_DEP/daily dia 00 (2026-09-26 → 2026-09-26) 29805 bytes
2026-09-26 09:34:50,183 [INFO] [OK] Brazil/ECM_ENSEMBLE_Corn_Winter_PRCP/cumulative dia 13 (2026-09-26 → 2026-10-09) 44528 bytes
2026-09-26 09:34:50,501 [INFO] [OK] Argentina/GFS_ENSEMBLE_Soy_PRCP_DEP/daily dia 02 (2026-09-28 → 2026-09-28) 37881 bytes
2026-09-26 09:34:50,526 [INFO] [OK] Brazil/ECM_ENSEMBLE_Corn_Winter_PRCP/cumulative dia 14 (2026-09-26 → 2026-10-10) 44455 bytes
2026-09-26 09:34:50,886 [INFO] [OK] Argentina/GFS_ENSEMBLE_Soy_PRCP_DEP/daily dia 03 (2026-09-29 → 2026-09-29) 38731 bytes
2026-09-26 09:34:51,113 [INFO] [OK] Argentina/GFS_ENSEMBLE_Soy_PRCP_DEP/daily dia 04 (2026-09-30 → 2026-09-30) 40085 bytes
2026-09-26 09:34:51,167 [INFO] [OK] Argentina/GFS_ENSEMBLE_Soy_PRCP_DEP/daily dia 05 (2026-10-01 → 2026-10-01) 40415 bytes
2026-09-26 09:34:51,214 [INFO] [OK] Argentina/GFS_ENSEMBLE_Soy_PRCP_DEP/daily dia 06 (2026-10-02 → 2026-10-02) 39832 bytes
2026-09-26 09:34:51,532 [INFO] [OK] Argentina/GFS_ENSEMBLE_Soy_PRCP_DEP/daily dia 07 (2026-10-03 → 2026-10-03) 43645 bytes
2026-09-26 09:34:51,644 [INFO] [OK] Argentina/GFS_ENSEMBLE_Soy_PRCP_DEP/daily dia 08 (2026-10-04 → 2026-10-04) 41539 bytes
2026-09-26 09:34:51,922 [INFO] [OK] Argentina/GFS_ENSEMBLE_Soy_PRCP_DEP/daily dia 09 (2026-10-05 → 2026-10-05) 41708 bytes
2026-09-26 09:34:52,241 [INFO] [OK] Argentina/GFS_ENSEMBLE_Soy_PRCP_DEP/daily dia 10 (2026-10-06 → 2026-10-06) 40856 bytes
2026-09-26 09:34:52,250 [INFO] [OK] Argentina/GFS_ENSEMBLE_Soy_PRCP_DEP/daily dia 11 (2026-10-07 → 2026-10-07) 42180 bytes
2026-09-26 09:34:52,260 [INFO] [OK] Argentina/GFS_ENSEMBLE_Soy_PRCP_DEP/daily dia 12 (2026-10-08 → 2026-10-08) 44450 bytes
2026-09-26 09:34:52,610 [INFO] [OK] Argentina/GFS_ENSEMBLE_Soy_PRCP_DEP/daily dia 13 (2026-10-09 → 2026-10-09) 43546 bytes
2026-09-26 09:34:52,781 [INFO] [OK] Argentina/GFS_ENSEMBLE_Soy_PRCP_DEP/daily dia 14 (2026-10-10 → 2026-10-10) 42023 bytes
2026-09-26 09:34:52,916 [INFO] [OK] Argentina/GFS_ENSEMBLE_Soy_PRCP_DEP/cumulative dia 00 (2026-09-26 → 2026-09-26) 29805 bytes
2026-09-26 09:34:53,298 [INFO] [OK] Argentina/GFS_ENSEMBLE_Soy_PRCP_DEP/cumulative dia 01 (2026-09-26 → 2026-09-27) 32970 bytes
2026-09-26 09:34:53,377 [INFO] [OK] Argentina/GFS_ENSEMBLE_Soy_PRCP_DEP/cumulative dia 02 (2026-09-26 → 2026-09-28) 37983 bytes
2026-09-26 09:34:53,449 [INFO] [OK] Argentina/GFS_ENSEMBLE_Soy_PRCP_DEP/cumulative dia 03 (2026-09-26 → 2026-09-29) 38760 bytes
2026-09-26 09:34:53,819 [INFO] [OK] Argentina/GFS_ENSEMBLE_Soy_PRCP_DEP/cumulative dia 04 (2026-09-26 → 2026-09-30) 40756 bytes
2026-09-26 09:34:53,994 [INFO] [OK] Argentina/GFS_ENSEMBLE_Soy_PRCP_DEP/cumulative dia 05 (2026-09-26 → 2026-10-01) 43003 bytes
2026-09-26 09:34:54,236 [INFO] [OK] Argentina/GFS_ENSEMBLE_Soy_PRCP_DEP/cumulative dia 06 (2026-09-26 → 2026-10-02) 43564 bytes
2026-09-26 09:34:54,629 [INFO] [OK] Argentina/GFS_ENSEMBLE_Soy_PRCP_DEP/cumulative dia 07 (2026-09-26 → 2026-10-03) 43464 bytes
2026-09-26 09:34:54,738 [INFO] [OK] Argentina/GFS_ENSEMBLE_Soy_PRCP_DEP/cumulative dia 08 (2026-09-26 → 2026-10-04) 43585 bytes
2026-09-26 09:34:54,934 [INFO] [OK] Argentina/GFS_ENSEMBLE_Soy_PRCP_DEP/cumulative dia 09 (2026-09-26 → 2026-10-05) 42744 bytes
2026-09-26 09:34:55,357 [INFO] [OK] Argentina/GFS_ENSEMBLE_Soy_PRCP_DEP/cumulative dia 10 (2026-09-26 → 2026-10-06) 42636 bytes
2026-09-26 09:34:55,497 [INFO] [OK] Argentina/GFS_ENSEMBLE_Soy_PRCP_DEP/cumulative dia 11 (2026-09-26 → 2026-10-07) 42694 bytes
2026-09-26 09:34:55,935 [INFO] [OK] Argentina/GFS_ENSEMBLE_Soy_PRCP_DEP/cumulative dia 12 (2026-09-26 → 2026-10-08) 42486 bytes
2026-09-26 09:34:56,006 [INFO] [OK] Argentina/GFS_ENSEMBLE_Soy_PRCP/daily dia 00 (2026-09-26 → 2026-09-26) 27383 bytes
2026-09-26 09:34:56,313 [INFO] [OK] Argentina/GFS_ENSEMBLE_Soy_PRCP_DEP/cumulative dia 13 (2026-09-26 → 2026-10-09) 42283 bytes
2026-09-26 09:34:56,340 [INFO] [OK] Argentina/GFS_ENSEMBLE_Soy_PRCP/daily dia 01 (2026-09-27 → 2026-09-27) 29076 bytes
2026-09-26 09:34:56,382 [INFO] [OK] Argentina/GFS_ENSEMBLE_Soy_PRCP_DEP/cumulative dia 14 (2026-09-26 → 2026-10-10) 41829 bytes
2026-09-26 09:34:56,469 [INFO] [OK] Argentina/GFS_ENSEMBLE_Soy_PRCP/daily dia 02 (2026-09-28 → 2026-09-28) 31174 bytes
2026-09-26 09:34:56,959 [INFO] [OK] Argentina/GFS_ENSEMBLE_Soy_PRCP/daily dia 03 (2026-09-29 → 2026-09-29) 31806 bytes
2026-09-26 09:34:56,986 [INFO] [OK] Argentina/GFS_ENSEMBLE_Soy_PRCP/daily dia 04 (2026-09-30 → 2026-09-30) 30957 bytes
2026-09-26 09:34:57,276 [INFO] [OK] Argentina/GFS_ENSEMBLE_Soy_PRCP/daily dia 05 (2026-10-01 → 2026-10-01) 30762 bytes
2026-09-26 09:34:57,448 [INFO] [OK] Argentina/GFS_ENSEMBLE_Soy_PRCP/daily dia 07 (2026-10-03 → 2026-10-03) 30460 bytes
2026-09-26 09:34:57,460 [INFO] [OK] Argentina/GFS_ENSEMBLE_Soy_PRCP/daily dia 06 (2026-10-02 → 2026-10-02) 30243 bytes
2026-09-26 09:34:57,601 [INFO] [OK] Argentina/GFS_ENSEMBLE_Soy_PRCP/daily dia 08 (2026-10-04 → 2026-10-04) 31622 bytes
2026-09-26 09:34:57,993 [INFO] [OK] Argentina/GFS_ENSEMBLE_Soy_PRCP/daily dia 10 (2026-10-06 → 2026-10-06) 29235 bytes
2026-09-26 09:34:58,000 [INFO] [OK] Argentina/GFS_ENSEMBLE_Soy_PRCP/daily dia 09 (2026-10-05 → 2026-10-05) 31211 bytes
2026-09-26 09:34:58,251 [INFO] [OK] Argentina/GFS_ENSEMBLE_Soy_PRCP/daily dia 11 (2026-10-07 → 2026-10-07) 28610 bytes
2026-09-26 09:34:58,460 [INFO] [OK] Argentina/GFS_ENSEMBLE_Soy_PRCP/daily dia 12 (2026-10-08 → 2026-10-08) 29889 bytes
2026-09-26 09:34:58,515 [INFO] [OK] Argentina/GFS_ENSEMBLE_Soy_PRCP/daily dia 13 (2026-10-09 → 2026-10-09) 29692 bytes
2026-09-26 09:34:58,581 [INFO] [OK] Argentina/GFS_ENSEMBLE_Soy_PRCP/daily dia 14 (2026-10-10 → 2026-10-10) 29822 bytes
2026-09-26 09:34:59,014 [INFO] [OK] Argentina/GFS_ENSEMBLE_Soy_PRCP/cumulative dia 00 (2026-09-26 → 2026-09-26) 27383 bytes
2026-09-26 09:34:59,100 [INFO] [OK] Argentina/GFS_ENSEMBLE_Soy_PRCP/cumulative dia 01 (2026-09-26 → 2026-09-27) 30068 bytes
2026-09-26 09:34:59,357 [INFO] [OK] Argentina/GFS_ENSEMBLE_Soy_PRCP/cumulative dia 02 (2026-09-26 → 2026-09-28) 32990 bytes
2026-09-26 09:34:59,773 [INFO] [OK] Argentina/GFS_ENSEMBLE_Soy_PRCP/cumulative dia 03 (2026-09-26 → 2026-09-29) 35801 bytes
2026-09-26 09:34:59,844 [INFO] [OK] Argentina/GFS_ENSEMBLE_Soy_PRCP/cumulative dia 04 (2026-09-26 → 2026-09-30) 36678 bytes
2026-09-26 09:34:59,981 [INFO] [OK] Argentina/GFS_ENSEMBLE_Soy_PRCP/cumulative dia 05 (2026-09-26 → 2026-10-01) 38263 bytes
2026-09-26 09:35:00,428 [INFO] [OK] Argentina/GFS_ENSEMBLE_Soy_PRCP/cumulative dia 06 (2026-09-26 → 2026-10-02) 39336 bytes
2026-09-26 09:35:00,468 [INFO] [OK] Argentina/GFS_ENSEMBLE_Soy_PRCP/cumulative dia 07 (2026-09-26 → 2026-10-03) 39623 bytes
2026-09-26 09:35:00,712 [INFO] [OK] Argentina/GFS_ENSEMBLE_Soy_PRCP/cumulative dia 08 (2026-09-26 → 2026-10-04) 39526 bytes
2026-09-26 09:35:01,331 [INFO] [OK] Argentina/GFS_ENSEMBLE_Soy_PRCP/cumulative dia 09 (2026-09-26 → 2026-10-05) 39446 bytes
2026-09-26 09:35:01,384 [INFO] [OK] Argentina/GFS_ENSEMBLE_Soy_PRCP/cumulative dia 10 (2026-09-26 → 2026-10-06) 39546 bytes
2026-09-26 09:35:01,590 [INFO] [OK] Argentina/GFS_ENSEMBLE_Soy_PRCP/cumulative dia 11 (2026-09-26 → 2026-10-07) 39513 bytes
2026-09-26 09:35:02,169 [INFO] [OK] Argentina/GFS_ENSEMBLE_Soy_PRCP/cumulative dia 13 (2026-09-26 → 2026-10-09) 39348 bytes
2026-09-26 09:35:02,217 [INFO] [OK] Argentina/GFS_ENSEMBLE_Soy_PRCP/cumulative dia 12 (2026-09-26 → 2026-10-08) 39289 bytes
2026-09-26 09:35:02,327 [INFO] [OK] Argentina/GFS_ENSEMBLE_Soy_PRCP/cumulative dia 14 (2026-09-26 → 2026-10-10) 39059 bytes
2026-09-26 09:35:02,393 [INFO] [OK] Argentina/GFS_ENSEMBLE_Corn_Winter_PRCP_DEP/daily dia 00 (2026-09-26 → 2026-09-26) 28042 bytes
2026-09-26 09:35:02,417 [INFO] [OK] Argentina/GFS_ENSEMBLE_Corn_Winter_PRCP_DEP/daily dia 01 (2026-09-27 → 2026-09-27) 32180 bytes
2026-09-26 09:35:02,649 [INFO] [OK] Argentina/GFS_ENSEMBLE_Corn_Winter_PRCP_DEP/daily dia 02 (2026-09-28 → 2026-09-28) 36418 bytes
2026-09-26 09:35:03,242 [INFO] [OK] Argentina/GFS_ENSEMBLE_Corn_Winter_PRCP_DEP/daily dia 03 (2026-09-29 → 2026-09-29) 37120 bytes
2026-09-26 09:35:03,392 [INFO] [OK] Argentina/GFS_ENSEMBLE_Corn_Winter_PRCP_DEP/daily dia 04 (2026-09-30 → 2026-09-30) 38338 bytes
2026-09-26 09:35:03,395 [INFO] [OK] Argentina/GFS_ENSEMBLE_Corn_Winter_PRCP_DEP/daily dia 05 (2026-10-01 → 2026-10-01) 39021 bytes
2026-09-26 09:35:03,525 [INFO] [OK] Argentina/GFS_ENSEMBLE_Corn_Winter_PRCP_DEP/daily dia 06 (2026-10-02 → 2026-10-02) 38482 bytes
2026-09-26 09:35:03,592 [INFO] [OK] Argentina/GFS_ENSEMBLE_Corn_Winter_PRCP_DEP/daily dia 07 (2026-10-03 → 2026-10-03) 41862 bytes
2026-09-26 09:35:03,727 [INFO] [OK] Argentina/GFS_ENSEMBLE_Corn_Winter_PRCP_DEP/daily dia 08 (2026-10-04 → 2026-10-04) 40176 bytes
2026-09-26 09:35:04,270 [INFO] [OK] Argentina/GFS_ENSEMBLE_Corn_Winter_PRCP_DEP/daily dia 09 (2026-10-05 → 2026-10-05) 39794 bytes
2026-09-26 09:35:04,419 [INFO] [OK] Argentina/GFS_ENSEMBLE_Corn_Winter_PRCP_DEP/daily dia 11 (2026-10-07 → 2026-10-07) 40583 bytes
2026-09-26 09:35:04,420 [INFO] [OK] Argentina/GFS_ENSEMBLE_Corn_Winter_PRCP_DEP/daily dia 10 (2026-10-06 → 2026-10-06) 39155 bytes
2026-09-26 09:35:04,668 [INFO] [OK] Argentina/GFS_ENSEMBLE_Corn_Winter_PRCP_DEP/daily dia 13 (2026-10-09 → 2026-10-09) 42152 bytes
2026-09-26 09:35:04,766 [INFO] [OK] Argentina/GFS_ENSEMBLE_Corn_Winter_PRCP_DEP/daily dia 12 (2026-10-08 → 2026-10-08) 42696 bytes
2026-09-26 09:35:04,824 [INFO] [OK] Argentina/GFS_ENSEMBLE_Corn_Winter_PRCP_DEP/daily dia 14 (2026-10-10 → 2026-10-10) 40712 bytes
2026-09-26 09:35:05,249 [INFO] [OK] Argentina/GFS_ENSEMBLE_Corn_Winter_PRCP_DEP/cumulative dia 00 (2026-09-26 → 2026-09-26) 28042 bytes
2026-09-26 09:35:05,455 [INFO] [OK] Argentina/GFS_ENSEMBLE_Corn_Winter_PRCP_DEP/cumulative dia 01 (2026-09-26 → 2026-09-27) 31254 bytes
2026-09-26 09:35:05,512 [INFO] [OK] Argentina/GFS_ENSEMBLE_Corn_Winter_PRCP_DEP/cumulative dia 02 (2026-09-26 → 2026-09-28) 36027 bytes
2026-09-26 09:35:05,795 [INFO] [OK] Argentina/GFS_ENSEMBLE_Corn_Winter_PRCP_DEP/cumulative dia 03 (2026-09-26 → 2026-09-29) 37127 bytes
2026-09-26 09:35:05,965 [INFO] [OK] Argentina/GFS_ENSEMBLE_Corn_Winter_PRCP_DEP/cumulative dia 04 (2026-09-26 → 2026-09-30) 39151 bytes
2026-09-26 09:35:06,098 [INFO] [OK] Argentina/GFS_ENSEMBLE_Corn_Winter_PRCP_DEP/cumulative dia 05 (2026-09-26 → 2026-10-01) 41363 bytes
2026-09-26 09:35:06,701 [INFO] [OK] Argentina/GFS_ENSEMBLE_Corn_Winter_PRCP_DEP/cumulative dia 06 (2026-09-26 → 2026-10-02) 42014 bytes
2026-09-26 09:35:06,880 [INFO] [OK] Argentina/GFS_ENSEMBLE_Corn_Winter_PRCP_DEP/cumulative dia 07 (2026-09-26 → 2026-10-03) 41834 bytes
2026-09-26 09:35:06,935 [INFO] [OK] Argentina/GFS_ENSEMBLE_Corn_Winter_PRCP_DEP/cumulative dia 08 (2026-09-26 → 2026-10-04) 41855 bytes
2026-09-26 09:35:07,214 [INFO] [OK] Argentina/GFS_ENSEMBLE_Corn_Winter_PRCP_DEP/cumulative dia 09 (2026-09-26 → 2026-10-05) 41093 bytes
2026-09-26 09:35:07,428 [INFO] [OK] Argentina/GFS_ENSEMBLE_Corn_Winter_PRCP_DEP/cumulative dia 10 (2026-09-26 → 2026-10-06) 40881 bytes
2026-09-26 09:35:07,589 [INFO] [OK] Argentina/GFS_ENSEMBLE_Corn_Winter_PRCP_DEP/cumulative dia 11 (2026-09-26 → 2026-10-07) 40905 bytes
2026-09-26 09:35:08,275 [INFO] [OK] Argentina/GFS_ENSEMBLE_Corn_Winter_PRCP/daily dia 00 (2026-09-26 → 2026-09-26) 25373 bytes
2026-09-26 09:35:08,298 [INFO] [OK] Argentina/GFS_ENSEMBLE_Corn_Winter_PRCP_DEP/cumulative dia 12 (2026-09-26 → 2026-10-08) 40725 bytes
2026-09-26 09:35:08,455 [INFO] [OK] Argentina/GFS_ENSEMBLE_Corn_Winter_PRCP/daily dia 01 (2026-09-27 → 2026-09-27) 27061 bytes
2026-09-26 09:35:08,521 [INFO] [OK] Argentina/GFS_ENSEMBLE_Corn_Winter_PRCP_DEP/cumulative dia 13 (2026-09-26 → 2026-10-09) 40414 bytes
2026-09-26 09:35:08,577 [INFO] [OK] Argentina/GFS_ENSEMBLE_Corn_Winter_PRCP/daily dia 02 (2026-09-28 → 2026-09-28) 29234 bytes
2026-09-26 09:35:08,603 [INFO] [OK] Argentina/GFS_ENSEMBLE_Corn_Winter_PRCP_DEP/cumulative dia 14 (2026-09-26 → 2026-10-10) 40225 bytes
2026-09-26 09:35:09,213 [INFO] [OK] Argentina/GFS_ENSEMBLE_Corn_Winter_PRCP/daily dia 03 (2026-09-29 → 2026-09-29) 29850 bytes
2026-09-26 09:35:09,281 [INFO] [OK] Argentina/GFS_ENSEMBLE_Corn_Winter_PRCP/daily dia 04 (2026-09-30 → 2026-09-30) 28891 bytes
2026-09-26 09:35:09,524 [INFO] [OK] Argentina/GFS_ENSEMBLE_Corn_Winter_PRCP/daily dia 06 (2026-10-02 → 2026-10-02) 28385 bytes
2026-09-26 09:35:09,563 [INFO] [OK] Argentina/GFS_ENSEMBLE_Corn_Winter_PRCP/daily dia 07 (2026-10-03 → 2026-10-03) 28754 bytes
2026-09-26 09:35:09,622 [INFO] [OK] Argentina/GFS_ENSEMBLE_Corn_Winter_PRCP/daily dia 08 (2026-10-04 → 2026-10-04) 29855 bytes
2026-09-26 09:35:09,668 [INFO] [OK] Argentina/GFS_ENSEMBLE_Corn_Winter_PRCP/daily dia 05 (2026-10-01 → 2026-10-01) 29024 bytes
2026-09-26 09:35:10,329 [INFO] [OK] Argentina/GFS_ENSEMBLE_Corn_Winter_PRCP/daily dia 10 (2026-10-06 → 2026-10-06) 27626 bytes
2026-09-26 09:35:10,523 [INFO] [OK] Argentina/GFS_ENSEMBLE_Corn_Winter_PRCP/daily dia 11 (2026-10-07 → 2026-10-07) 26851 bytes
2026-09-26 09:35:10,636 [INFO] [OK] Argentina/GFS_ENSEMBLE_Corn_Winter_PRCP/daily dia 14 (2026-10-10 → 2026-10-10) 28215 bytes
2026-09-26 09:35:10,775 [INFO] [OK] Argentina/GFS_ENSEMBLE_Corn_Winter_PRCP/daily dia 13 (2026-10-09 → 2026-10-09) 28025 bytes
2026-09-26 09:35:11,115 [INFO] [OK] Argentina/GFS_ENSEMBLE_Corn_Winter_PRCP/daily dia 12 (2026-10-08 → 2026-10-08) 28095 bytes
2026-09-26 09:35:11,186 [INFO] [OK] Argentina/GFS_ENSEMBLE_Corn_Winter_PRCP/daily dia 09 (2026-10-05 → 2026-10-05) 29632 bytes
2026-09-26 09:35:11,950 [INFO] [OK] Argentina/GFS_ENSEMBLE_Corn_Winter_PRCP/cumulative dia 00 (2026-09-26 → 2026-09-26) 25373 bytes
2026-09-26 09:35:12,016 [INFO] [OK] Argentina/GFS_ENSEMBLE_Corn_Winter_PRCP/cumulative dia 03 (2026-09-26 → 2026-09-29) 33638 bytes
2026-09-26 09:35:12,023 [INFO] [OK] Argentina/GFS_ENSEMBLE_Corn_Winter_PRCP/cumulative dia 01 (2026-09-26 → 2026-09-27) 27983 bytes
2026-09-26 09:35:12,127 [INFO] [OK] Argentina/GFS_ENSEMBLE_Corn_Winter_PRCP/cumulative dia 02 (2026-09-26 → 2026-09-28) 30956 bytes
2026-09-26 09:35:12,279 [INFO] [OK] Argentina/GFS_ENSEMBLE_Corn_Winter_PRCP/cumulative dia 04 (2026-09-26 → 2026-09-30) 34538 bytes
2026-09-26 09:35:12,537 [INFO] [OK] Argentina/GFS_ENSEMBLE_Corn_Winter_PRCP/cumulative dia 05 (2026-09-26 → 2026-10-01) 36328 bytes
2026-09-26 09:35:13,321 [INFO] [OK] Argentina/GFS_ENSEMBLE_Corn_Winter_PRCP/cumulative dia 06 (2026-09-26 → 2026-10-02) 37089 bytes
2026-09-26 09:35:13,471 [INFO] [OK] Argentina/GFS_ENSEMBLE_Corn_Winter_PRCP/cumulative dia 07 (2026-09-26 → 2026-10-03) 37891 bytes
2026-09-26 09:35:13,621 [INFO] [OK] Argentina/GFS_ENSEMBLE_Corn_Winter_PRCP/cumulative dia 08 (2026-09-26 → 2026-10-04) 37811 bytes
2026-09-26 09:35:13,650 [INFO] [OK] Argentina/GFS_ENSEMBLE_Corn_Winter_PRCP/cumulative dia 09 (2026-09-26 → 2026-10-05) 37742 bytes
2026-09-26 09:35:13,972 [INFO] [OK] Argentina/GFS_ENSEMBLE_Corn_Winter_PRCP/cumulative dia 11 (2026-09-26 → 2026-10-07) 37670 bytes
2026-09-26 09:35:14,022 [INFO] [OK] Argentina/GFS_ENSEMBLE_Corn_Winter_PRCP/cumulative dia 10 (2026-09-26 → 2026-10-06) 37839 bytes
2026-09-26 09:35:14,656 [INFO] [OK] Argentina/ECM_ENSEMBLE_Soy_PRCP_DEP/daily dia 00 (2026-09-26 → 2026-09-26) 34778 bytes
2026-09-26 09:35:14,991 [INFO] [OK] Argentina/GFS_ENSEMBLE_Corn_Winter_PRCP/cumulative dia 12 (2026-09-26 → 2026-10-08) 37543 bytes
2026-09-26 09:35:15,173 [INFO] [OK] Argentina/GFS_ENSEMBLE_Corn_Winter_PRCP/cumulative dia 13 (2026-09-26 → 2026-10-09) 37696 bytes
2026-09-26 09:35:15,198 [INFO] [OK] Argentina/ECM_ENSEMBLE_Soy_PRCP_DEP/daily dia 02 (2026-09-28 → 2026-09-28) 36798 bytes
2026-09-26 09:35:15,247 [INFO] [OK] Argentina/ECM_ENSEMBLE_Soy_PRCP_DEP/daily dia 01 (2026-09-27 → 2026-09-27) 35156 bytes
2026-09-26 09:35:15,340 [INFO] [OK] Argentina/GFS_ENSEMBLE_Corn_Winter_PRCP/cumulative dia 14 (2026-09-26 → 2026-10-10) 37314 bytes
2026-09-26 09:35:15,841 [INFO] [OK] Argentina/ECM_ENSEMBLE_Soy_PRCP_DEP/daily dia 03 (2026-09-29 → 2026-09-29) 40534 bytes
2026-09-26 09:35:16,061 [INFO] [OK] Argentina/ECM_ENSEMBLE_Soy_PRCP_DEP/daily dia 04 (2026-09-30 → 2026-09-30) 40484 bytes
2026-09-26 09:35:16,219 [INFO] [OK] Argentina/ECM_ENSEMBLE_Soy_PRCP_DEP/daily dia 05 (2026-10-01 → 2026-10-01) 39448 bytes
2026-09-26 09:35:16,255 [INFO] [OK] Argentina/ECM_ENSEMBLE_Soy_PRCP_DEP/daily dia 06 (2026-10-02 → 2026-10-02) 39046 bytes
2026-09-26 09:35:16,447 [INFO] [OK] Argentina/ECM_ENSEMBLE_Soy_PRCP_DEP/daily dia 08 (2026-10-04 → 2026-10-04) 40271 bytes
2026-09-26 09:35:16,709 [INFO] [OK] Argentina/ECM_ENSEMBLE_Soy_PRCP_DEP/daily dia 07 (2026-10-03 → 2026-10-03) 42739 bytes
2026-09-26 09:35:16,927 [INFO] [OK] Argentina/ECM_ENSEMBLE_Soy_PRCP_DEP/daily dia 09 (2026-10-05 → 2026-10-05) 40404 bytes
2026-09-26 09:35:17,127 [INFO] [OK] Argentina/ECM_ENSEMBLE_Soy_PRCP_DEP/daily dia 10 (2026-10-06 → 2026-10-06) 41950 bytes
2026-09-26 09:35:17,259 [INFO] [OK] Argentina/ECM_ENSEMBLE_Soy_PRCP_DEP/daily dia 11 (2026-10-07 → 2026-10-07) 42070 bytes
2026-09-26 09:35:17,272 [INFO] [OK] Argentina/ECM_ENSEMBLE_Soy_PRCP_DEP/daily dia 12 (2026-10-08 → 2026-10-08) 41020 bytes
2026-09-26 09:35:17,606 [INFO] [OK] Argentina/ECM_ENSEMBLE_Soy_PRCP_DEP/daily dia 13 (2026-10-09 → 2026-10-09) 40925 bytes
2026-09-26 09:35:17,767 [INFO] [OK] Argentina/ECM_ENSEMBLE_Soy_PRCP_DEP/daily dia 14 (2026-10-10 → 2026-10-10) 44333 bytes
2026-09-26 09:35:17,981 [INFO] [OK] Argentina/ECM_ENSEMBLE_Soy_PRCP_DEP/cumulative dia 00 (2026-09-26 → 2026-09-26) 34778 bytes
2026-09-26 09:35:18,208 [INFO] [OK] Argentina/ECM_ENSEMBLE_Soy_PRCP_DEP/cumulative dia 01 (2026-09-26 → 2026-09-27) 36558 bytes
2026-09-26 09:35:18,456 [INFO] [OK] Argentina/ECM_ENSEMBLE_Soy_PRCP_DEP/cumulative dia 03 (2026-09-26 → 2026-09-29) 39331 bytes
2026-09-26 09:35:18,486 [INFO] [OK] Argentina/ECM_ENSEMBLE_Soy_PRCP_DEP/cumulative dia 02 (2026-09-26 → 2026-09-28) 37026 bytes
2026-09-26 09:35:19,255 [INFO] [OK] Argentina/ECM_ENSEMBLE_Soy_PRCP_DEP/cumulative dia 04 (2026-09-26 → 2026-09-30) 40313 bytes
2026-09-26 09:35:19,257 [INFO] [OK] Argentina/ECM_ENSEMBLE_Soy_PRCP_DEP/cumulative dia 05 (2026-09-26 → 2026-10-01) 42256 bytes
2026-09-26 09:35:19,262 [INFO] [OK] Argentina/ECM_ENSEMBLE_Soy_PRCP_DEP/cumulative dia 06 (2026-09-26 → 2026-10-02) 43633 bytes
2026-09-26 09:35:19,510 [INFO] [OK] Argentina/ECM_ENSEMBLE_Soy_PRCP_DEP/cumulative dia 07 (2026-09-26 → 2026-10-03) 42415 bytes
2026-09-26 09:35:19,828 [INFO] [OK] Argentina/ECM_ENSEMBLE_Soy_PRCP_DEP/cumulative dia 08 (2026-09-26 → 2026-10-04) 41958 bytes
2026-09-26 09:35:19,916 [INFO] [OK] Argentina/ECM_ENSEMBLE_Soy_PRCP_DEP/cumulative dia 09 (2026-09-26 → 2026-10-05) 41320 bytes
2026-09-26 09:35:20,755 [INFO] [OK] Argentina/ECM_ENSEMBLE_Soy_PRCP_DEP/cumulative dia 10 (2026-09-26 → 2026-10-06) 41393 bytes
2026-09-26 09:35:20,828 [INFO] [OK] Argentina/ECM_ENSEMBLE_Soy_PRCP_DEP/cumulative dia 11 (2026-09-26 → 2026-10-07) 40923 bytes
2026-09-26 09:35:20,862 [INFO] [OK] Argentina/ECM_ENSEMBLE_Soy_PRCP_DEP/cumulative dia 12 (2026-09-26 → 2026-10-08) 40999 bytes
2026-09-26 09:35:20,896 [INFO] [OK] Argentina/ECM_ENSEMBLE_Soy_PRCP/daily dia 00 (2026-09-26 → 2026-09-26) 27444 bytes
2026-09-26 09:35:21,095 [INFO] [OK] Argentina/ECM_ENSEMBLE_Soy_PRCP_DEP/cumulative dia 13 (2026-09-26 → 2026-10-09) 40738 bytes
2026-09-26 09:35:21,473 [INFO] [OK] Argentina/ECM_ENSEMBLE_Soy_PRCP_DEP/cumulative dia 14 (2026-09-26 → 2026-10-10) 40596 bytes
2026-09-26 09:35:21,823 [INFO] [OK] Argentina/ECM_ENSEMBLE_Soy_PRCP/daily dia 01 (2026-09-27 → 2026-09-27) 29766 bytes
2026-09-26 09:35:21,866 [INFO] [OK] Argentina/ECM_ENSEMBLE_Soy_PRCP/daily dia 02 (2026-09-28 → 2026-09-28) 31348 bytes
2026-09-26 09:35:22,015 [INFO] [OK] Argentina/ECM_ENSEMBLE_Soy_PRCP/daily dia 04 (2026-09-30 → 2026-09-30) 31656 bytes
2026-09-26 09:35:22,021 [INFO] [OK] Argentina/ECM_ENSEMBLE_Soy_PRCP/daily dia 03 (2026-09-29 → 2026-09-29) 33161 bytes
2026-09-26 09:35:22,124 [INFO] [OK] Argentina/ECM_ENSEMBLE_Soy_PRCP/daily dia 05 (2026-10-01 → 2026-10-01) 30114 bytes
2026-09-26 09:35:22,475 [INFO] [OK] Argentina/ECM_ENSEMBLE_Soy_PRCP/daily dia 06 (2026-10-02 → 2026-10-02) 29935 bytes
2026-09-26 09:35:22,797 [INFO] [OK] Argentina/ECM_ENSEMBLE_Soy_PRCP/daily dia 07 (2026-10-03 → 2026-10-03) 32437 bytes
2026-09-26 09:35:22,868 [INFO] [OK] Argentina/ECM_ENSEMBLE_Soy_PRCP/daily dia 08 (2026-10-04 → 2026-10-04) 31658 bytes
2026-09-26 09:35:23,012 [INFO] [OK] Argentina/ECM_ENSEMBLE_Soy_PRCP/daily dia 09 (2026-10-05 → 2026-10-05) 30648 bytes
2026-09-26 09:35:23,063 [INFO] [OK] Argentina/ECM_ENSEMBLE_Soy_PRCP/daily dia 10 (2026-10-06 → 2026-10-06) 29784 bytes
2026-09-26 09:35:23,146 [INFO] [OK] Argentina/ECM_ENSEMBLE_Soy_PRCP/daily dia 11 (2026-10-07 → 2026-10-07) 30199 bytes
2026-09-26 09:35:23,459 [INFO] [OK] Argentina/ECM_ENSEMBLE_Soy_PRCP/daily dia 12 (2026-10-08 → 2026-10-08) 30684 bytes
2026-09-26 09:35:23,777 [INFO] [OK] Argentina/ECM_ENSEMBLE_Soy_PRCP/daily dia 13 (2026-10-09 → 2026-10-09) 30743 bytes
2026-09-26 09:35:24,313 [INFO] [OK] Argentina/ECM_ENSEMBLE_Soy_PRCP/daily dia 14 (2026-10-10 → 2026-10-10) 29872 bytes
2026-09-26 09:35:24,318 [INFO] [OK] Argentina/ECM_ENSEMBLE_Soy_PRCP/cumulative dia 00 (2026-09-26 → 2026-09-26) 27444 bytes
2026-09-26 09:35:24,322 [INFO] [OK] Argentina/ECM_ENSEMBLE_Soy_PRCP/cumulative dia 01 (2026-09-26 → 2026-09-27) 30395 bytes
2026-09-26 09:35:24,384 [INFO] [OK] Argentina/ECM_ENSEMBLE_Soy_PRCP/cumulative dia 02 (2026-09-26 → 2026-09-28) 33082 bytes
2026-09-26 09:35:24,641 [INFO] [OK] Argentina/ECM_ENSEMBLE_Soy_PRCP/cumulative dia 03 (2026-09-26 → 2026-09-29) 36291 bytes
2026-09-26 09:35:25,139 [INFO] [OK] Argentina/ECM_ENSEMBLE_Soy_PRCP/cumulative dia 04 (2026-09-26 → 2026-09-30) 38078 bytes
2026-09-26 09:35:25,649 [INFO] [OK] Argentina/ECM_ENSEMBLE_Soy_PRCP/cumulative dia 05 (2026-09-26 → 2026-10-01) 38997 bytes
2026-09-26 09:35:25,733 [INFO] [OK] Argentina/ECM_ENSEMBLE_Soy_PRCP/cumulative dia 07 (2026-09-26 → 2026-10-03) 39900 bytes
2026-09-26 09:35:25,737 [INFO] [OK] Argentina/ECM_ENSEMBLE_Soy_PRCP/cumulative dia 06 (2026-09-26 → 2026-10-02) 39604 bytes
2026-09-26 09:35:25,855 [INFO] [OK] Argentina/ECM_ENSEMBLE_Soy_PRCP/cumulative dia 08 (2026-09-26 → 2026-10-04) 40441 bytes
2026-09-26 09:35:26,138 [INFO] [OK] Argentina/ECM_ENSEMBLE_Soy_PRCP/cumulative dia 09 (2026-09-26 → 2026-10-05) 40030 bytes
2026-09-26 09:35:26,755 [INFO] [OK] Argentina/ECM_ENSEMBLE_Soy_PRCP/cumulative dia 10 (2026-09-26 → 2026-10-06) 40243 bytes
2026-09-26 09:35:27,197 [INFO] [OK] Argentina/ECM_ENSEMBLE_Corn_Winter_PRCP_DEP/daily dia 00 (2026-09-26 → 2026-09-26) 33230 bytes
2026-09-26 09:35:27,336 [INFO] [OK] Argentina/ECM_ENSEMBLE_Soy_PRCP/cumulative dia 12 (2026-09-26 → 2026-10-08) 39873 bytes
2026-09-26 09:35:27,539 [INFO] [OK] Argentina/ECM_ENSEMBLE_Soy_PRCP/cumulative dia 11 (2026-09-26 → 2026-10-07) 40395 bytes
2026-09-26 09:35:27,561 [INFO] [OK] Argentina/ECM_ENSEMBLE_Soy_PRCP/cumulative dia 13 (2026-09-26 → 2026-10-09) 39727 bytes
2026-09-26 09:35:27,718 [INFO] [OK] Argentina/ECM_ENSEMBLE_Soy_PRCP/cumulative dia 14 (2026-09-26 → 2026-10-10) 39968 bytes
2026-09-26 09:35:27,800 [INFO] [OK] Argentina/ECM_ENSEMBLE_Corn_Winter_PRCP_DEP/daily dia 01 (2026-09-27 → 2026-09-27) 33683 bytes
2026-09-26 09:35:28,222 [INFO] [OK] Argentina/ECM_ENSEMBLE_Corn_Winter_PRCP_DEP/daily dia 02 (2026-09-28 → 2026-09-28) 35232 bytes
2026-09-26 09:35:28,328 [INFO] [OK] Argentina/ECM_ENSEMBLE_Corn_Winter_PRCP_DEP/daily dia 03 (2026-09-29 → 2026-09-29) 38771 bytes
2026-09-26 09:35:28,562 [INFO] [OK] Argentina/ECM_ENSEMBLE_Corn_Winter_PRCP_DEP/daily dia 04 (2026-09-30 → 2026-09-30) 38902 bytes
2026-09-26 09:35:28,595 [INFO] [OK] Argentina/ECM_ENSEMBLE_Corn_Winter_PRCP_DEP/daily dia 05 (2026-10-01 → 2026-10-01) 37872 bytes
2026-09-26 09:35:28,751 [INFO] [OK] Argentina/ECM_ENSEMBLE_Corn_Winter_PRCP_DEP/daily dia 06 (2026-10-02 → 2026-10-02) 37526 bytes
2026-09-26 09:35:28,839 [INFO] [OK] Argentina/ECM_ENSEMBLE_Corn_Winter_PRCP_DEP/daily dia 07 (2026-10-03 → 2026-10-03) 41297 bytes
2026-09-26 09:35:29,269 [INFO] [OK] Argentina/ECM_ENSEMBLE_Corn_Winter_PRCP_DEP/daily dia 08 (2026-10-04 → 2026-10-04) 38571 bytes
2026-09-26 09:35:29,370 [INFO] [OK] Argentina/ECM_ENSEMBLE_Corn_Winter_PRCP_DEP/daily dia 09 (2026-10-05 → 2026-10-05) 38753 bytes
2026-09-26 09:35:29,630 [INFO] [OK] Argentina/ECM_ENSEMBLE_Corn_Winter_PRCP_DEP/daily dia 10 (2026-10-06 → 2026-10-06) 40226 bytes
2026-09-26 09:35:29,645 [INFO] [OK] Argentina/ECM_ENSEMBLE_Corn_Winter_PRCP_DEP/daily dia 11 (2026-10-07 → 2026-10-07) 40295 bytes
2026-09-26 09:35:29,879 [INFO] [OK] Argentina/ECM_ENSEMBLE_Corn_Winter_PRCP_DEP/daily dia 12 (2026-10-08 → 2026-10-08) 39769 bytes
2026-09-26 09:35:29,908 [INFO] [OK] Argentina/ECM_ENSEMBLE_Corn_Winter_PRCP_DEP/daily dia 13 (2026-10-09 → 2026-10-09) 39368 bytes
2026-09-26 09:35:30,307 [INFO] [OK] Argentina/ECM_ENSEMBLE_Corn_Winter_PRCP_DEP/daily dia 14 (2026-10-10 → 2026-10-10) 42793 bytes
2026-09-26 09:35:30,340 [INFO] [OK] Argentina/ECM_ENSEMBLE_Corn_Winter_PRCP_DEP/cumulative dia 00 (2026-09-26 → 2026-09-26) 33230 bytes
2026-09-26 09:35:30,791 [INFO] [OK] Argentina/ECM_ENSEMBLE_Corn_Winter_PRCP_DEP/cumulative dia 01 (2026-09-26 → 2026-09-27) 34915 bytes
2026-09-26 09:35:30,879 [INFO] [OK] Argentina/ECM_ENSEMBLE_Corn_Winter_PRCP_DEP/cumulative dia 02 (2026-09-26 → 2026-09-28) 35207 bytes
2026-09-26 09:35:31,078 [INFO] [OK] Argentina/ECM_ENSEMBLE_Corn_Winter_PRCP_DEP/cumulative dia 03 (2026-09-26 → 2026-09-29) 37749 bytes
2026-09-26 09:35:31,210 [INFO] [OK] Argentina/ECM_ENSEMBLE_Corn_Winter_PRCP_DEP/cumulative dia 04 (2026-09-26 → 2026-09-30) 38638 bytes
2026-09-26 09:35:31,599 [INFO] [OK] Argentina/ECM_ENSEMBLE_Corn_Winter_PRCP_DEP/cumulative dia 05 (2026-09-26 → 2026-10-01) 40675 bytes
2026-09-26 09:35:31,720 [INFO] [OK] Argentina/ECM_ENSEMBLE_Corn_Winter_PRCP_DEP/cumulative dia 06 (2026-09-26 → 2026-10-02) 42130 bytes
2026-09-26 09:35:32,350 [INFO] [OK] Argentina/ECM_ENSEMBLE_Corn_Winter_PRCP_DEP/cumulative dia 08 (2026-09-26 → 2026-10-04) 40248 bytes
2026-09-26 09:35:32,350 [INFO] [OK] Argentina/ECM_ENSEMBLE_Corn_Winter_PRCP_DEP/cumulative dia 07 (2026-09-26 → 2026-10-03) 40912 bytes
2026-09-26 09:35:32,530 [INFO] [OK] Argentina/ECM_ENSEMBLE_Corn_Winter_PRCP_DEP/cumulative dia 09 (2026-09-26 → 2026-10-05) 39603 bytes
2026-09-26 09:35:32,758 [INFO] [OK] Argentina/ECM_ENSEMBLE_Corn_Winter_PRCP_DEP/cumulative dia 10 (2026-09-26 → 2026-10-06) 39831 bytes
2026-09-26 09:35:33,159 [INFO] [OK] Argentina/ECM_ENSEMBLE_Corn_Winter_PRCP_DEP/cumulative dia 11 (2026-09-26 → 2026-10-07) 39444 bytes
2026-09-26 09:35:33,268 [INFO] [OK] Argentina/ECM_ENSEMBLE_Corn_Winter_PRCP_DEP/cumulative dia 12 (2026-09-26 → 2026-10-08) 39382 bytes
2026-09-26 09:35:33,497 [INFO] [OK] Argentina/ECM_ENSEMBLE_Corn_Winter_PRCP/daily dia 00 (2026-09-26 → 2026-09-26) 25432 bytes
2026-09-26 09:35:33,786 [INFO] [OK] Argentina/ECM_ENSEMBLE_Corn_Winter_PRCP/daily dia 01 (2026-09-27 → 2026-09-27) 27652 bytes
2026-09-26 09:35:34,041 [INFO] [OK] Argentina/ECM_ENSEMBLE_Corn_Winter_PRCP_DEP/cumulative dia 13 (2026-09-26 → 2026-10-09) 39176 bytes
2026-09-26 09:35:34,137 [INFO] [OK] Argentina/ECM_ENSEMBLE_Corn_Winter_PRCP_DEP/cumulative dia 14 (2026-09-26 → 2026-10-10) 39260 bytes
2026-09-26 09:35:34,174 [INFO] [OK] Argentina/ECM_ENSEMBLE_Corn_Winter_PRCP/daily dia 02 (2026-09-28 → 2026-09-28) 29237 bytes
2026-09-26 09:35:34,375 [INFO] [OK] Argentina/ECM_ENSEMBLE_Corn_Winter_PRCP/daily dia 03 (2026-09-29 → 2026-09-29) 31183 bytes
2026-09-26 09:35:34,436 [INFO] [OK] Argentina/ECM_ENSEMBLE_Corn_Winter_PRCP/daily dia 04 (2026-09-30 → 2026-09-30) 29610 bytes
2026-09-26 09:35:34,780 [INFO] [OK] Argentina/ECM_ENSEMBLE_Corn_Winter_PRCP/daily dia 05 (2026-10-01 → 2026-10-01) 28297 bytes
2026-09-26 09:35:35,030 [INFO] [OK] Argentina/ECM_ENSEMBLE_Corn_Winter_PRCP/daily dia 06 (2026-10-02 → 2026-10-02) 28096 bytes
2026-09-26 09:35:35,156 [INFO] [OK] Argentina/ECM_ENSEMBLE_Corn_Winter_PRCP/daily dia 07 (2026-10-03 → 2026-10-03) 30606 bytes
2026-09-26 09:35:35,157 [INFO] [OK] Argentina/ECM_ENSEMBLE_Corn_Winter_PRCP/daily dia 08 (2026-10-04 → 2026-10-04) 29878 bytes
2026-09-26 09:35:35,351 [INFO] [OK] Argentina/ECM_ENSEMBLE_Corn_Winter_PRCP/daily dia 09 (2026-10-05 → 2026-10-05) 28945 bytes
2026-09-26 09:35:35,404 [INFO] [OK] Argentina/ECM_ENSEMBLE_Corn_Winter_PRCP/daily dia 10 (2026-10-06 → 2026-10-06) 27995 bytes
2026-09-26 09:35:35,734 [INFO] [OK] Argentina/ECM_ENSEMBLE_Corn_Winter_PRCP/daily dia 11 (2026-10-07 → 2026-10-07) 28413 bytes
2026-09-26 09:35:36,084 [INFO] [OK] Argentina/ECM_ENSEMBLE_Corn_Winter_PRCP/daily dia 12 (2026-10-08 → 2026-10-08) 28764 bytes
2026-09-26 09:35:36,146 [INFO] [OK] Argentina/ECM_ENSEMBLE_Corn_Winter_PRCP/daily dia 14 (2026-10-10 → 2026-10-10) 27908 bytes
2026-09-26 09:35:36,196 [INFO] [OK] Argentina/ECM_ENSEMBLE_Corn_Winter_PRCP/daily dia 13 (2026-10-09 → 2026-10-09) 28938 bytes
2026-09-26 09:35:36,380 [INFO] [OK] Argentina/ECM_ENSEMBLE_Corn_Winter_PRCP/cumulative dia 00 (2026-09-26 → 2026-09-26) 25432 bytes
2026-09-26 09:35:36,487 [INFO] [OK] Argentina/ECM_ENSEMBLE_Corn_Winter_PRCP/cumulative dia 01 (2026-09-26 → 2026-09-27) 28362 bytes
2026-09-26 09:35:36,780 [INFO] [OK] Argentina/ECM_ENSEMBLE_Corn_Winter_PRCP/cumulative dia 02 (2026-09-26 → 2026-09-28) 31001 bytes
2026-09-26 09:35:37,364 [INFO] [OK] Argentina/ECM_ENSEMBLE_Corn_Winter_PRCP/cumulative dia 04 (2026-09-26 → 2026-09-30) 36062 bytes
2026-09-26 09:35:37,432 [INFO] [OK] Argentina/ECM_ENSEMBLE_Corn_Winter_PRCP/cumulative dia 03 (2026-09-26 → 2026-09-29) 34090 bytes
2026-09-26 09:35:37,580 [INFO] [OK] Argentina/ECM_ENSEMBLE_Corn_Winter_PRCP/cumulative dia 05 (2026-09-26 → 2026-10-01) 37195 bytes
2026-09-26 09:35:37,690 [INFO] [OK] Argentina/ECM_ENSEMBLE_Corn_Winter_PRCP/cumulative dia 06 (2026-09-26 → 2026-10-02) 37620 bytes
2026-09-26 09:35:37,802 [INFO] [OK] Argentina/ECM_ENSEMBLE_Corn_Winter_PRCP/cumulative dia 07 (2026-09-26 → 2026-10-03) 37910 bytes
2026-09-26 09:35:38,248 [INFO] [OK] Argentina/ECM_ENSEMBLE_Corn_Winter_PRCP/cumulative dia 08 (2026-09-26 → 2026-10-04) 38481 bytes
2026-09-26 09:35:38,836 [INFO] [OK] Argentina/ECM_ENSEMBLE_Corn_Winter_PRCP/cumulative dia 09 (2026-09-26 → 2026-10-05) 37955 bytes
2026-09-26 09:35:38,916 [INFO] [OK] Argentina/ECM_ENSEMBLE_Corn_Winter_PRCP/cumulative dia 10 (2026-09-26 → 2026-10-06) 38247 bytes
2026-09-26 09:35:39,149 [INFO] [OK] Argentina/ECM_ENSEMBLE_Corn_Winter_PRCP/cumulative dia 11 (2026-09-26 → 2026-10-07) 38564 bytes
2026-09-26 09:35:39,345 [INFO] [OK] Argentina/ECM_ENSEMBLE_Corn_Winter_PRCP/cumulative dia 12 (2026-09-26 → 2026-10-08) 37835 bytes
2026-09-26 09:35:39,529 [INFO] [OK] Argentina/ECM_ENSEMBLE_Corn_Winter_PRCP/cumulative dia 13 (2026-09-26 → 2026-10-09) 37630 bytes
2026-09-26 09:35:39,907 [INFO] [OK] Argentina/ECM_ENSEMBLE_Corn_Winter_PRCP/cumulative dia 14 (2026-09-26 → 2026-10-10) 38115 bytes
2026-09-26 09:35:43,234 [INFO] [OK] USA/GFS_ENSEMBLE_Corn_PRCP_DEP/daily dia 00 (2026-09-26 → 2026-09-26) 42592 bytes
2026-09-26 09:35:43,246 [INFO] [OK] USA/GFS_ENSEMBLE_Corn_PRCP_DEP/daily dia 01 (2026-09-27 → 2026-09-27) 45546 bytes
2026-09-26 09:35:43,252 [INFO] [OK] USA/GFS_ENSEMBLE_Corn_PRCP_DEP/daily dia 03 (2026-09-29 → 2026-09-29) 49348 bytes
2026-09-26 09:35:43,253 [INFO] [OK] USA/GFS_ENSEMBLE_Corn_PRCP_DEP/daily dia 02 (2026-09-28 → 2026-09-28) 48720 bytes
2026-09-26 09:35:43,254 [INFO] [OK] USA/GFS_ENSEMBLE_Corn_PRCP_DEP/daily dia 04 (2026-09-30 → 2026-09-30) 50473 bytes
2026-09-26 09:35:43,258 [INFO] [OK] USA/GFS_ENSEMBLE_Corn_PRCP_DEP/daily dia 05 (2026-10-01 → 2026-10-01) 52459 bytes
2026-09-26 09:35:44,928 [INFO] [OK] USA/GFS_ENSEMBLE_Corn_PRCP_DEP/daily dia 06 (2026-10-02 → 2026-10-02) 52899 bytes
2026-09-26 09:35:44,958 [INFO] [OK] USA/GFS_ENSEMBLE_Corn_PRCP_DEP/daily dia 10 (2026-10-06 → 2026-10-06) 54821 bytes
2026-09-26 09:35:45,009 [INFO] [OK] USA/GFS_ENSEMBLE_Corn_PRCP_DEP/daily dia 11 (2026-10-07 → 2026-10-07) 52229 bytes
2026-09-26 09:35:45,014 [INFO] [OK] USA/GFS_ENSEMBLE_Corn_PRCP_DEP/daily dia 09 (2026-10-05 → 2026-10-05) 57308 bytes
2026-09-26 09:35:45,059 [INFO] [OK] USA/GFS_ENSEMBLE_Corn_PRCP_DEP/daily dia 07 (2026-10-03 → 2026-10-03) 58810 bytes
2026-09-26 09:35:45,153 [INFO] [OK] USA/GFS_ENSEMBLE_Corn_PRCP_DEP/daily dia 08 (2026-10-04 → 2026-10-04) 56715 bytes
2026-09-26 09:35:46,658 [INFO] [OK] USA/GFS_ENSEMBLE_Corn_PRCP_DEP/daily dia 12 (2026-10-08 → 2026-10-08) 52264 bytes
2026-09-26 09:35:46,704 [INFO] [OK] USA/GFS_ENSEMBLE_Corn_PRCP_DEP/daily dia 13 (2026-10-09 → 2026-10-09) 52750 bytes
2026-09-26 09:35:46,721 [INFO] [OK] USA/GFS_ENSEMBLE_Corn_PRCP_DEP/cumulative dia 00 (2026-09-26 → 2026-09-26) 42592 bytes
2026-09-26 09:35:46,734 [INFO] [OK] USA/GFS_ENSEMBLE_Corn_PRCP_DEP/daily dia 14 (2026-10-10 → 2026-10-10) 51971 bytes
2026-09-26 09:35:46,974 [INFO] [OK] USA/GFS_ENSEMBLE_Corn_PRCP_DEP/cumulative dia 01 (2026-09-26 → 2026-09-27) 46734 bytes
2026-09-26 09:35:47,098 [INFO] [OK] USA/GFS_ENSEMBLE_Corn_PRCP_DEP/cumulative dia 02 (2026-09-26 → 2026-09-28) 51604 bytes
2026-09-26 09:35:48,761 [INFO] [OK] USA/GFS_ENSEMBLE_Corn_PRCP_DEP/cumulative dia 03 (2026-09-26 → 2026-09-29) 52459 bytes
2026-09-26 09:35:48,894 [INFO] [OK] USA/GFS_ENSEMBLE_Corn_PRCP_DEP/cumulative dia 04 (2026-09-26 → 2026-09-30) 55254 bytes
2026-09-26 09:35:48,899 [INFO] [OK] USA/GFS_ENSEMBLE_Corn_PRCP_DEP/cumulative dia 05 (2026-09-26 → 2026-10-01) 55574 bytes
2026-09-26 09:35:49,020 [INFO] [OK] USA/GFS_ENSEMBLE_Corn_PRCP_DEP/cumulative dia 06 (2026-09-26 → 2026-10-02) 56146 bytes
2026-09-26 09:35:49,423 [INFO] [OK] USA/GFS_ENSEMBLE_Corn_PRCP_DEP/cumulative dia 07 (2026-09-26 → 2026-10-03) 56708 bytes
2026-09-26 09:35:49,577 [INFO] [OK] USA/GFS_ENSEMBLE_Corn_PRCP_DEP/cumulative dia 08 (2026-09-26 → 2026-10-04) 57104 bytes
2026-09-26 09:35:51,782 [INFO] [OK] USA/GFS_ENSEMBLE_Corn_PRCP_DEP/cumulative dia 10 (2026-09-26 → 2026-10-06) 57134 bytes
2026-09-26 09:35:51,783 [INFO] [OK] USA/GFS_ENSEMBLE_Corn_PRCP_DEP/cumulative dia 09 (2026-09-26 → 2026-10-05) 57356 bytes
2026-09-26 09:35:51,824 [INFO] [OK] USA/GFS_ENSEMBLE_Corn_PRCP_DEP/cumulative dia 11 (2026-09-26 → 2026-10-07) 57374 bytes
2026-09-26 09:35:51,908 [INFO] [OK] USA/GFS_ENSEMBLE_Corn_PRCP_DEP/cumulative dia 12 (2026-09-26 → 2026-10-08) 57449 bytes
2026-09-26 09:35:52,407 [INFO] [OK] USA/GFS_ENSEMBLE_Corn_PRCP_DEP/cumulative dia 13 (2026-09-26 → 2026-10-09) 57368 bytes
2026-09-26 09:35:52,559 [INFO] [OK] USA/GFS_ENSEMBLE_Corn_PRCP_DEP/cumulative dia 14 (2026-09-26 → 2026-10-10) 57794 bytes
2026-09-26 09:35:53,457 [INFO] [OK] USA/GFS_ENSEMBLE_Corn_PRCP/daily dia 01 (2026-09-27 → 2026-09-27) 35062 bytes
2026-09-26 09:35:53,513 [INFO] [OK] USA/GFS_ENSEMBLE_Corn_PRCP/daily dia 00 (2026-09-26 → 2026-09-26) 36067 bytes
2026-09-26 09:35:53,543 [INFO] [OK] USA/GFS_ENSEMBLE_Corn_PRCP/daily dia 03 (2026-09-29 → 2026-09-29) 38854 bytes
2026-09-26 09:35:53,571 [INFO] [OK] USA/GFS_ENSEMBLE_Corn_PRCP/daily dia 02 (2026-09-28 → 2026-09-28) 37729 bytes
2026-09-26 09:35:54,109 [INFO] [OK] USA/GFS_ENSEMBLE_Corn_PRCP/daily dia 04 (2026-09-30 → 2026-09-30) 38856 bytes
2026-09-26 09:35:54,299 [INFO] [OK] USA/GFS_ENSEMBLE_Corn_PRCP/daily dia 05 (2026-10-01 → 2026-10-01) 38610 bytes
2026-09-26 09:35:55,103 [INFO] [OK] USA/GFS_ENSEMBLE_Corn_PRCP/daily dia 06 (2026-10-02 → 2026-10-02) 36413 bytes
2026-09-26 09:35:55,109 [INFO] [OK] USA/GFS_ENSEMBLE_Corn_PRCP/daily dia 07 (2026-10-03 → 2026-10-03) 37742 bytes
2026-09-26 09:35:55,139 [INFO] [OK] USA/GFS_ENSEMBLE_Corn_PRCP/daily dia 08 (2026-10-04 → 2026-10-04) 38134 bytes
2026-09-26 09:35:55,146 [INFO] [OK] USA/GFS_ENSEMBLE_Corn_PRCP/daily dia 09 (2026-10-05 → 2026-10-05) 37185 bytes
2026-09-26 09:35:55,700 [INFO] [OK] USA/GFS_ENSEMBLE_Corn_PRCP/daily dia 10 (2026-10-06 → 2026-10-06) 36024 bytes
2026-09-26 09:35:55,882 [INFO] [OK] USA/GFS_ENSEMBLE_Corn_PRCP/daily dia 11 (2026-10-07 → 2026-10-07) 34618 bytes
2026-09-26 09:35:56,668 [INFO] [OK] USA/GFS_ENSEMBLE_Corn_PRCP/daily dia 13 (2026-10-09 → 2026-10-09) 34387 bytes
2026-09-26 09:35:56,700 [INFO] [OK] USA/GFS_ENSEMBLE_Corn_PRCP/daily dia 12 (2026-10-08 → 2026-10-08) 35636 bytes
2026-09-26 09:35:56,772 [INFO] [OK] USA/GFS_ENSEMBLE_Corn_PRCP/cumulative dia 00 (2026-09-26 → 2026-09-26) 36067 bytes
2026-09-26 09:35:56,802 [INFO] [OK] USA/GFS_ENSEMBLE_Corn_PRCP/daily dia 14 (2026-10-10 → 2026-10-10) 35431 bytes
2026-09-26 09:35:57,385 [INFO] [OK] USA/GFS_ENSEMBLE_Corn_PRCP/cumulative dia 01 (2026-09-26 → 2026-09-27) 37716 bytes
2026-09-26 09:35:57,657 [INFO] [OK] USA/GFS_ENSEMBLE_Corn_PRCP/cumulative dia 02 (2026-09-26 → 2026-09-28) 41453 bytes
2026-09-26 09:35:58,570 [INFO] [OK] USA/GFS_ENSEMBLE_Corn_PRCP/cumulative dia 03 (2026-09-26 → 2026-09-29) 44613 bytes
2026-09-26 09:35:58,724 [INFO] [OK] USA/GFS_ENSEMBLE_Corn_PRCP/cumulative dia 04 (2026-09-26 → 2026-09-30) 46333 bytes
2026-09-26 09:35:58,835 [INFO] [OK] USA/GFS_ENSEMBLE_Corn_PRCP/cumulative dia 05 (2026-09-26 → 2026-10-01) 48381 bytes
2026-09-26 09:35:59,128 [INFO] [OK] USA/GFS_ENSEMBLE_Corn_PRCP/cumulative dia 06 (2026-09-26 → 2026-10-02) 49065 bytes
2026-09-26 09:35:59,733 [INFO] [OK] USA/GFS_ENSEMBLE_Corn_PRCP/cumulative dia 07 (2026-09-26 → 2026-10-03) 49431 bytes
2026-09-26 09:36:00,102 [INFO] [OK] USA/GFS_ENSEMBLE_Corn_PRCP/cumulative dia 08 (2026-09-26 → 2026-10-04) 49875 bytes
2026-09-26 09:36:01,098 [INFO] [OK] USA/GFS_ENSEMBLE_Corn_PRCP/cumulative dia 09 (2026-09-26 → 2026-10-05) 49405 bytes
2026-09-26 09:36:01,410 [INFO] [OK] USA/GFS_ENSEMBLE_Corn_PRCP/cumulative dia 10 (2026-09-26 → 2026-10-06) 49646 bytes
2026-09-26 09:36:01,689 [INFO] [OK] USA/GFS_ENSEMBLE_Corn_PRCP/cumulative dia 11 (2026-09-26 → 2026-10-07) 49230 bytes
2026-09-26 09:36:02,022 [INFO] [OK] USA/GFS_ENSEMBLE_Corn_PRCP/cumulative dia 12 (2026-09-26 → 2026-10-08) 50056 bytes
2026-09-26 09:36:02,664 [INFO] [OK] USA/GFS_ENSEMBLE_Corn_PRCP/cumulative dia 13 (2026-09-26 → 2026-10-09) 49683 bytes
2026-09-26 09:36:02,834 [INFO] [OK] USA/GFS_ENSEMBLE_Soy_PRCP_DEP/daily dia 00 (2026-09-26 → 2026-09-26) 42171 bytes
2026-09-26 09:36:03,063 [INFO] [OK] USA/GFS_ENSEMBLE_Soy_PRCP_DEP/daily dia 01 (2026-09-27 → 2026-09-27) 45195 bytes
2026-09-26 09:36:03,064 [INFO] [OK] USA/GFS_ENSEMBLE_Corn_PRCP/cumulative dia 14 (2026-09-26 → 2026-10-10) 50281 bytes
2026-09-26 09:36:03,323 [INFO] [OK] USA/GFS_ENSEMBLE_Soy_PRCP_DEP/daily dia 02 (2026-09-28 → 2026-09-28) 48204 bytes
2026-09-26 09:36:03,647 [INFO] [OK] USA/GFS_ENSEMBLE_Soy_PRCP_DEP/daily dia 03 (2026-09-29 → 2026-09-29) 49043 bytes
2026-09-26 09:36:04,338 [INFO] [OK] USA/GFS_ENSEMBLE_Soy_PRCP_DEP/daily dia 04 (2026-09-30 → 2026-09-30) 50061 bytes
2026-09-26 09:36:04,445 [INFO] [OK] USA/GFS_ENSEMBLE_Soy_PRCP_DEP/daily dia 05 (2026-10-01 → 2026-10-01) 52256 bytes
2026-09-26 09:36:04,771 [INFO] [OK] USA/GFS_ENSEMBLE_Soy_PRCP_DEP/daily dia 06 (2026-10-02 → 2026-10-02) 52265 bytes
2026-09-26 09:36:05,075 [INFO] [OK] USA/GFS_ENSEMBLE_Soy_PRCP_DEP/daily dia 08 (2026-10-04 → 2026-10-04) 56462 bytes
2026-09-26 09:36:05,090 [INFO] [OK] USA/GFS_ENSEMBLE_Soy_PRCP_DEP/daily dia 07 (2026-10-03 → 2026-10-03) 58508 bytes
2026-09-26 09:36:05,335 [INFO] [OK] USA/GFS_ENSEMBLE_Soy_PRCP_DEP/daily dia 09 (2026-10-05 → 2026-10-05) 57241 bytes
2026-09-26 09:36:05,984 [INFO] [OK] USA/GFS_ENSEMBLE_Soy_PRCP_DEP/daily dia 10 (2026-10-06 → 2026-10-06) 54146 bytes
2026-09-26 09:36:06,107 [INFO] [OK] USA/GFS_ENSEMBLE_Soy_PRCP_DEP/daily dia 11 (2026-10-07 → 2026-10-07) 51691 bytes
2026-09-26 09:36:06,375 [INFO] [OK] USA/GFS_ENSEMBLE_Soy_PRCP_DEP/daily dia 12 (2026-10-08 → 2026-10-08) 51679 bytes
2026-09-26 09:36:06,819 [INFO] [OK] USA/GFS_ENSEMBLE_Soy_PRCP_DEP/daily dia 13 (2026-10-09 → 2026-10-09) 52141 bytes
2026-09-26 09:36:06,977 [INFO] [OK] USA/GFS_ENSEMBLE_Soy_PRCP_DEP/cumulative dia 00 (2026-09-26 → 2026-09-26) 42171 bytes
2026-09-26 09:36:07,050 [INFO] [OK] USA/GFS_ENSEMBLE_Soy_PRCP_DEP/daily dia 14 (2026-10-10 → 2026-10-10) 51476 bytes
2026-09-26 09:36:07,730 [INFO] [OK] USA/GFS_ENSEMBLE_Soy_PRCP_DEP/cumulative dia 01 (2026-09-26 → 2026-09-27) 46397 bytes
2026-09-26 09:36:07,919 [INFO] [OK] USA/GFS_ENSEMBLE_Soy_PRCP_DEP/cumulative dia 02 (2026-09-26 → 2026-09-28) 51156 bytes
2026-09-26 09:36:08,396 [INFO] [OK] USA/GFS_ENSEMBLE_Soy_PRCP_DEP/cumulative dia 03 (2026-09-26 → 2026-09-29) 52138 bytes
2026-09-26 09:36:09,058 [INFO] [OK] USA/GFS_ENSEMBLE_Soy_PRCP_DEP/cumulative dia 04 (2026-09-26 → 2026-09-30) 54894 bytes
2026-09-26 09:36:09,185 [INFO] [OK] USA/GFS_ENSEMBLE_Soy_PRCP_DEP/cumulative dia 05 (2026-09-26 → 2026-10-01) 55200 bytes
2026-09-26 09:36:09,402 [INFO] [OK] USA/GFS_ENSEMBLE_Soy_PRCP_DEP/cumulative dia 06 (2026-09-26 → 2026-10-02) 55821 bytes
2026-09-26 09:36:10,126 [INFO] [OK] USA/GFS_ENSEMBLE_Soy_PRCP_DEP/cumulative dia 07 (2026-09-26 → 2026-10-03) 56269 bytes
2026-09-26 09:36:10,327 [INFO] [OK] USA/GFS_ENSEMBLE_Soy_PRCP_DEP/cumulative dia 08 (2026-09-26 → 2026-10-04) 56723 bytes
2026-09-26 09:36:11,076 [INFO] [OK] USA/GFS_ENSEMBLE_Soy_PRCP_DEP/cumulative dia 09 (2026-09-26 → 2026-10-05) 57200 bytes
2026-09-26 09:36:11,841 [INFO] [OK] USA/GFS_ENSEMBLE_Soy_PRCP_DEP/cumulative dia 10 (2026-09-26 → 2026-10-06) 56967 bytes
2026-09-26 09:36:11,995 [INFO] [OK] USA/GFS_ENSEMBLE_Soy_PRCP_DEP/cumulative dia 11 (2026-09-26 → 2026-10-07) 57176 bytes
2026-09-26 09:36:12,250 [INFO] [OK] USA/GFS_ENSEMBLE_Soy_PRCP_DEP/cumulative dia 12 (2026-09-26 → 2026-10-08) 57212 bytes
2026-09-26 09:36:12,664 [INFO] [OK] USA/GFS_ENSEMBLE_Soy_PRCP/daily dia 00 (2026-09-26 → 2026-09-26) 35610 bytes
2026-09-26 09:36:13,111 [INFO] [OK] USA/GFS_ENSEMBLE_Soy_PRCP_DEP/cumulative dia 13 (2026-09-26 → 2026-10-09) 57267 bytes
2026-09-26 09:36:13,305 [INFO] [OK] USA/GFS_ENSEMBLE_Soy_PRCP_DEP/cumulative dia 14 (2026-09-26 → 2026-10-10) 57572 bytes
2026-09-26 09:36:13,495 [INFO] [OK] USA/GFS_ENSEMBLE_Soy_PRCP/daily dia 01 (2026-09-27 → 2026-09-27) 34558 bytes
2026-09-26 09:36:13,630 [INFO] [OK] USA/GFS_ENSEMBLE_Soy_PRCP/daily dia 02 (2026-09-28 → 2026-09-28) 37289 bytes
2026-09-26 09:36:13,837 [INFO] [OK] USA/GFS_ENSEMBLE_Soy_PRCP/daily dia 03 (2026-09-29 → 2026-09-29) 38397 bytes
2026-09-26 09:36:14,330 [INFO] [OK] USA/GFS_ENSEMBLE_Soy_PRCP/daily dia 04 (2026-09-30 → 2026-09-30) 38362 bytes
2026-09-26 09:36:14,702 [INFO] [OK] USA/GFS_ENSEMBLE_Soy_PRCP/daily dia 05 (2026-10-01 → 2026-10-01) 38100 bytes
2026-09-26 09:36:14,872 [INFO] [OK] USA/GFS_ENSEMBLE_Soy_PRCP/daily dia 06 (2026-10-02 → 2026-10-02) 35983 bytes
2026-09-26 09:36:15,070 [INFO] [OK] USA/GFS_ENSEMBLE_Soy_PRCP/daily dia 07 (2026-10-03 → 2026-10-03) 37371 bytes
2026-09-26 09:36:15,222 [INFO] [OK] USA/GFS_ENSEMBLE_Soy_PRCP/daily dia 08 (2026-10-04 → 2026-10-04) 37696 bytes
2026-09-26 09:36:15,400 [INFO] [OK] USA/GFS_ENSEMBLE_Soy_PRCP/daily dia 09 (2026-10-05 → 2026-10-05) 36654 bytes
2026-09-26 09:36:15,903 [INFO] [OK] USA/GFS_ENSEMBLE_Soy_PRCP/daily dia 10 (2026-10-06 → 2026-10-06) 35449 bytes
2026-09-26 09:36:16,285 [INFO] [OK] USA/GFS_ENSEMBLE_Soy_PRCP/daily dia 11 (2026-10-07 → 2026-10-07) 34029 bytes
2026-09-26 09:36:16,608 [INFO] [OK] USA/GFS_ENSEMBLE_Soy_PRCP/daily dia 12 (2026-10-08 → 2026-10-08) 35136 bytes
2026-09-26 09:36:16,666 [INFO] [OK] USA/GFS_ENSEMBLE_Soy_PRCP/daily dia 13 (2026-10-09 → 2026-10-09) 34006 bytes
2026-09-26 09:36:16,813 [INFO] [OK] USA/GFS_ENSEMBLE_Soy_PRCP/daily dia 14 (2026-10-10 → 2026-10-10) 34859 bytes
2026-09-26 09:36:16,994 [INFO] [OK] USA/GFS_ENSEMBLE_Soy_PRCP/cumulative dia 00 (2026-09-26 → 2026-09-26) 35610 bytes
2026-09-26 09:36:17,597 [INFO] [OK] USA/GFS_ENSEMBLE_Soy_PRCP/cumulative dia 01 (2026-09-26 → 2026-09-27) 37164 bytes
2026-09-26 09:36:18,068 [INFO] [OK] USA/GFS_ENSEMBLE_Soy_PRCP/cumulative dia 02 (2026-09-26 → 2026-09-28) 40890 bytes
2026-09-26 09:36:18,477 [INFO] [OK] USA/GFS_ENSEMBLE_Soy_PRCP/cumulative dia 03 (2026-09-26 → 2026-09-29) 43981 bytes
2026-09-26 09:36:18,646 [INFO] [OK] USA/GFS_ENSEMBLE_Soy_PRCP/cumulative dia 04 (2026-09-26 → 2026-09-30) 45757 bytes
2026-09-26 09:36:18,895 [INFO] [OK] USA/GFS_ENSEMBLE_Soy_PRCP/cumulative dia 05 (2026-09-26 → 2026-10-01) 47771 bytes
2026-09-26 09:36:19,152 [INFO] [OK] USA/GFS_ENSEMBLE_Soy_PRCP/cumulative dia 06 (2026-09-26 → 2026-10-02) 48663 bytes
2026-09-26 09:36:19,932 [INFO] [OK] USA/GFS_ENSEMBLE_Soy_PRCP/cumulative dia 07 (2026-09-26 → 2026-10-03) 48981 bytes
2026-09-26 09:36:20,465 [INFO] [OK] USA/GFS_ENSEMBLE_Soy_PRCP/cumulative dia 08 (2026-09-26 → 2026-10-04) 49527 bytes
2026-09-26 09:36:21,058 [INFO] [OK] USA/GFS_ENSEMBLE_Soy_PRCP/cumulative dia 09 (2026-09-26 → 2026-10-05) 49133 bytes
2026-09-26 09:36:21,328 [INFO] [OK] USA/GFS_ENSEMBLE_Soy_PRCP/cumulative dia 10 (2026-09-26 → 2026-10-06) 49395 bytes
2026-09-26 09:36:21,677 [INFO] [OK] USA/GFS_ENSEMBLE_Soy_PRCP/cumulative dia 11 (2026-09-26 → 2026-10-07) 48862 bytes
2026-09-26 09:36:22,052 [INFO] [OK] USA/GFS_ENSEMBLE_Soy_PRCP/cumulative dia 12 (2026-09-26 → 2026-10-08) 49524 bytes
2026-09-26 09:36:22,940 [INFO] [OK] USA/GFS_ENSEMBLE_Wheat_Winter_PRCP_DEP/daily dia 00 (2026-09-26 → 2026-09-26) 43608 bytes
2026-09-26 09:36:23,054 [INFO] [OK] USA/GFS_ENSEMBLE_Soy_PRCP/cumulative dia 13 (2026-09-26 → 2026-10-09) 49262 bytes
2026-09-26 09:36:23,099 [INFO] [OK] USA/GFS_ENSEMBLE_Wheat_Winter_PRCP_DEP/daily dia 01 (2026-09-27 → 2026-09-27) 46648 bytes
2026-09-26 09:36:23,382 [INFO] [OK] USA/GFS_ENSEMBLE_Soy_PRCP/cumulative dia 14 (2026-09-26 → 2026-10-10) 49710 bytes
2026-09-26 09:36:23,483 [INFO] [OK] USA/GFS_ENSEMBLE_Wheat_Winter_PRCP_DEP/daily dia 02 (2026-09-28 → 2026-09-28) 50063 bytes
2026-09-26 09:36:23,739 [INFO] [OK] USA/GFS_ENSEMBLE_Wheat_Winter_PRCP_DEP/daily dia 03 (2026-09-29 → 2026-09-29) 50548 bytes
2026-09-26 09:36:24,704 [INFO] [OK] USA/GFS_ENSEMBLE_Wheat_Winter_PRCP_DEP/daily dia 04 (2026-09-30 → 2026-09-30) 51730 bytes
2026-09-26 09:36:24,941 [INFO] [OK] USA/GFS_ENSEMBLE_Wheat_Winter_PRCP_DEP/daily dia 06 (2026-10-02 → 2026-10-02) 54169 bytes
2026-09-26 09:36:25,004 [INFO] [OK] USA/GFS_ENSEMBLE_Wheat_Winter_PRCP_DEP/daily dia 05 (2026-10-01 → 2026-10-01) 53226 bytes
2026-09-26 09:36:25,147 [INFO] [OK] USA/GFS_ENSEMBLE_Wheat_Winter_PRCP_DEP/daily dia 07 (2026-10-03 → 2026-10-03) 59928 bytes
2026-09-26 09:36:25,411 [INFO] [OK] USA/GFS_ENSEMBLE_Wheat_Winter_PRCP_DEP/daily dia 08 (2026-10-04 → 2026-10-04) 58446 bytes
2026-09-26 09:36:25,762 [INFO] [OK] USA/GFS_ENSEMBLE_Wheat_Winter_PRCP_DEP/daily dia 09 (2026-10-05 → 2026-10-05) 58633 bytes
2026-09-26 09:36:26,373 [INFO] [OK] USA/GFS_ENSEMBLE_Wheat_Winter_PRCP_DEP/daily dia 10 (2026-10-06 → 2026-10-06) 55640 bytes
2026-09-26 09:36:26,616 [INFO] [OK] USA/GFS_ENSEMBLE_Wheat_Winter_PRCP_DEP/daily dia 11 (2026-10-07 → 2026-10-07) 53307 bytes
2026-09-26 09:36:26,729 [INFO] [OK] USA/GFS_ENSEMBLE_Wheat_Winter_PRCP_DEP/daily dia 12 (2026-10-08 → 2026-10-08) 53465 bytes
2026-09-26 09:36:26,884 [INFO] [OK] USA/GFS_ENSEMBLE_Wheat_Winter_PRCP_DEP/daily dia 13 (2026-10-09 → 2026-10-09) 53781 bytes
2026-09-26 09:36:27,073 [INFO] [OK] USA/GFS_ENSEMBLE_Wheat_Winter_PRCP_DEP/daily dia 14 (2026-10-10 → 2026-10-10) 52973 bytes
2026-09-26 09:36:27,483 [INFO] [OK] USA/GFS_ENSEMBLE_Wheat_Winter_PRCP_DEP/cumulative dia 00 (2026-09-26 → 2026-09-26) 43608 bytes
2026-09-26 09:36:28,095 [INFO] [OK] USA/GFS_ENSEMBLE_Wheat_Winter_PRCP_DEP/cumulative dia 01 (2026-09-26 → 2026-09-27) 47770 bytes
2026-09-26 09:36:28,526 [INFO] [OK] USA/GFS_ENSEMBLE_Wheat_Winter_PRCP_DEP/cumulative dia 02 (2026-09-26 → 2026-09-28) 52762 bytes
2026-09-26 09:36:28,801 [INFO] [OK] USA/GFS_ENSEMBLE_Wheat_Winter_PRCP_DEP/cumulative dia 03 (2026-09-26 → 2026-09-29) 53515 bytes
2026-09-26 09:36:29,146 [INFO] [OK] USA/GFS_ENSEMBLE_Wheat_Winter_PRCP_DEP/cumulative dia 04 (2026-09-26 → 2026-09-30) 56382 bytes
2026-09-26 09:36:29,414 [INFO] [OK] USA/GFS_ENSEMBLE_Wheat_Winter_PRCP_DEP/cumulative dia 05 (2026-09-26 → 2026-10-01) 56719 bytes
2026-09-26 09:36:29,939 [INFO] [OK] USA/GFS_ENSEMBLE_Wheat_Winter_PRCP_DEP/cumulative dia 06 (2026-09-26 → 2026-10-02) 57245 bytes
2026-09-26 09:36:30,528 [INFO] [OK] USA/GFS_ENSEMBLE_Wheat_Winter_PRCP_DEP/cumulative dia 07 (2026-09-26 → 2026-10-03) 58089 bytes
2026-09-26 09:36:31,095 [INFO] [OK] USA/GFS_ENSEMBLE_Wheat_Winter_PRCP_DEP/cumulative dia 08 (2026-09-26 → 2026-10-04) 58432 bytes
2026-09-26 09:36:31,390 [INFO] [OK] USA/GFS_ENSEMBLE_Wheat_Winter_PRCP_DEP/cumulative dia 09 (2026-09-26 → 2026-10-05) 58913 bytes
2026-09-26 09:36:31,887 [INFO] [OK] USA/GFS_ENSEMBLE_Wheat_Winter_PRCP_DEP/cumulative dia 10 (2026-09-26 → 2026-10-06) 58588 bytes
2026-09-26 09:36:32,350 [INFO] [OK] USA/GFS_ENSEMBLE_Wheat_Winter_PRCP_DEP/cumulative dia 11 (2026-09-26 → 2026-10-07) 58931 bytes
2026-09-26 09:36:33,027 [INFO] [OK] USA/GFS_ENSEMBLE_Wheat_Winter_PRCP_DEP/cumulative dia 12 (2026-09-26 → 2026-10-08) 58885 bytes
2026-09-26 09:36:33,088 [INFO] [OK] USA/GFS_ENSEMBLE_Wheat_Winter_PRCP/daily dia 00 (2026-09-26 → 2026-09-26) 37164 bytes
2026-09-26 09:36:33,509 [INFO] [OK] USA/GFS_ENSEMBLE_Wheat_Winter_PRCP_DEP/cumulative dia 13 (2026-09-26 → 2026-10-09) 58878 bytes
2026-09-26 09:36:33,587 [INFO] [OK] USA/GFS_ENSEMBLE_Wheat_Winter_PRCP/daily dia 01 (2026-09-27 → 2026-09-27) 36175 bytes
2026-09-26 09:36:33,981 [INFO] [OK] USA/GFS_ENSEMBLE_Wheat_Winter_PRCP/daily dia 02 (2026-09-28 → 2026-09-28) 38713 bytes
2026-09-26 09:36:34,121 [INFO] [OK] USA/GFS_ENSEMBLE_Wheat_Winter_PRCP_DEP/cumulative dia 14 (2026-09-26 → 2026-10-10) 59159 bytes
2026-09-26 09:36:34,688 [INFO] [OK] USA/GFS_ENSEMBLE_Wheat_Winter_PRCP/daily dia 04 (2026-09-30 → 2026-09-30) 39877 bytes
2026-09-26 09:36:34,744 [INFO] [OK] USA/GFS_ENSEMBLE_Wheat_Winter_PRCP/daily dia 03 (2026-09-29 → 2026-09-29) 40000 bytes
2026-09-26 09:36:35,105 [INFO] [OK] USA/GFS_ENSEMBLE_Wheat_Winter_PRCP/daily dia 05 (2026-10-01 → 2026-10-01) 39644 bytes
2026-09-26 09:36:35,445 [INFO] [OK] USA/GFS_ENSEMBLE_Wheat_Winter_PRCP/daily dia 06 (2026-10-02 → 2026-10-02) 37764 bytes
2026-09-26 09:36:35,571 [INFO] [OK] USA/GFS_ENSEMBLE_Wheat_Winter_PRCP/daily dia 07 (2026-10-03 → 2026-10-03) 38868 bytes
2026-09-26 09:36:35,700 [INFO] [OK] USA/GFS_ENSEMBLE_Wheat_Winter_PRCP/daily dia 08 (2026-10-04 → 2026-10-04) 39329 bytes
2026-09-26 09:36:36,315 [INFO] [OK] USA/GFS_ENSEMBLE_Wheat_Winter_PRCP/daily dia 09 (2026-10-05 → 2026-10-05) 38323 bytes
2026-09-26 09:36:36,343 [INFO] [OK] USA/GFS_ENSEMBLE_Wheat_Winter_PRCP/daily dia 10 (2026-10-06 → 2026-10-06) 36964 bytes
2026-09-26 09:36:36,691 [INFO] [OK] USA/GFS_ENSEMBLE_Wheat_Winter_PRCP/daily dia 11 (2026-10-07 → 2026-10-07) 35548 bytes
2026-09-26 09:36:37,031 [INFO] [OK] USA/GFS_ENSEMBLE_Wheat_Winter_PRCP/daily dia 12 (2026-10-08 → 2026-10-08) 36736 bytes
2026-09-26 09:36:37,189 [INFO] [OK] USA/GFS_ENSEMBLE_Wheat_Winter_PRCP/daily dia 13 (2026-10-09 → 2026-10-09) 35532 bytes
2026-09-26 09:36:37,270 [INFO] [OK] USA/GFS_ENSEMBLE_Wheat_Winter_PRCP/daily dia 14 (2026-10-10 → 2026-10-10) 36270 bytes
2026-09-26 09:36:37,976 [INFO] [OK] USA/GFS_ENSEMBLE_Wheat_Winter_PRCP/cumulative dia 00 (2026-09-26 → 2026-09-26) 37164 bytes
2026-09-26 09:36:38,180 [INFO] [OK] USA/GFS_ENSEMBLE_Wheat_Winter_PRCP/cumulative dia 01 (2026-09-26 → 2026-09-27) 38768 bytes
2026-09-26 09:36:38,705 [INFO] [OK] USA/GFS_ENSEMBLE_Wheat_Winter_PRCP/cumulative dia 02 (2026-09-26 → 2026-09-28) 42511 bytes
2026-09-26 09:36:39,504 [INFO] [OK] USA/GFS_ENSEMBLE_Wheat_Winter_PRCP/cumulative dia 03 (2026-09-26 → 2026-09-29) 45586 bytes
2026-09-26 09:36:39,520 [INFO] [OK] USA/GFS_ENSEMBLE_Wheat_Winter_PRCP/cumulative dia 04 (2026-09-26 → 2026-09-30) 47513 bytes
2026-09-26 09:36:39,520 [INFO] [OK] USA/GFS_ENSEMBLE_Wheat_Winter_PRCP/cumulative dia 05 (2026-09-26 → 2026-10-01) 49332 bytes
2026-09-26 09:36:40,137 [INFO] [OK] USA/GFS_ENSEMBLE_Wheat_Winter_PRCP/cumulative dia 06 (2026-09-26 → 2026-10-02) 50446 bytes
2026-09-26 09:36:40,546 [INFO] [OK] USA/GFS_ENSEMBLE_Wheat_Winter_PRCP/cumulative dia 07 (2026-09-26 → 2026-10-03) 50843 bytes
2026-09-26 09:36:41,067 [INFO] [OK] USA/GFS_ENSEMBLE_Wheat_Winter_PRCP/cumulative dia 08 (2026-09-26 → 2026-10-04) 51289 bytes
2026-09-26 09:36:42,021 [INFO] [OK] USA/GFS_ENSEMBLE_Wheat_Winter_PRCP/cumulative dia 09 (2026-09-26 → 2026-10-05) 50997 bytes
2026-09-26 09:36:42,231 [INFO] [OK] USA/GFS_ENSEMBLE_Wheat_Winter_PRCP/cumulative dia 10 (2026-09-26 → 2026-10-06) 50992 bytes
2026-09-26 09:36:42,321 [INFO] [OK] USA/GFS_ENSEMBLE_Wheat_Winter_PRCP/cumulative dia 11 (2026-09-26 → 2026-10-07) 50763 bytes
2026-09-26 09:36:42,937 [INFO] [OK] USA/GFS_ENSEMBLE_Wheat_Winter_PRCP/cumulative dia 12 (2026-09-26 → 2026-10-08) 51149 bytes
2026-09-26 09:36:43,472 [INFO] [OK] USA/GFS_ENSEMBLE_Wheat_Winter_PRCP/cumulative dia 13 (2026-09-26 → 2026-10-09) 50822 bytes
2026-09-26 09:36:43,586 [INFO] [OK] USA/GFS_ENSEMBLE_Wheat_Spring_PRCP_DEP/daily dia 00 (2026-09-26 → 2026-09-26) 40803 bytes
2026-09-26 09:36:43,842 [INFO] [OK] USA/GFS_ENSEMBLE_Wheat_Spring_PRCP_DEP/daily dia 01 (2026-09-27 → 2026-09-27) 43750 bytes
2026-09-26 09:36:44,000 [INFO] [OK] USA/GFS_ENSEMBLE_Wheat_Spring_PRCP_DEP/daily dia 02 (2026-09-28 → 2026-09-28) 46606 bytes
2026-09-26 09:36:44,009 [INFO] [OK] USA/GFS_ENSEMBLE_Wheat_Winter_PRCP/cumulative dia 14 (2026-09-26 → 2026-10-10) 51411 bytes
2026-09-26 09:36:44,530 [INFO] [OK] USA/GFS_ENSEMBLE_Wheat_Spring_PRCP_DEP/daily dia 03 (2026-09-29 → 2026-09-29) 47668 bytes
2026-09-26 09:36:45,123 [INFO] [OK] USA/GFS_ENSEMBLE_Wheat_Spring_PRCP_DEP/daily dia 04 (2026-09-30 → 2026-09-30) 49027 bytes
2026-09-26 09:36:45,254 [INFO] [OK] USA/GFS_ENSEMBLE_Wheat_Spring_PRCP_DEP/daily dia 05 (2026-10-01 → 2026-10-01) 50738 bytes
2026-09-26 09:36:45,565 [INFO] [OK] USA/GFS_ENSEMBLE_Wheat_Spring_PRCP_DEP/daily dia 06 (2026-10-02 → 2026-10-02) 51226 bytes
2026-09-26 09:36:45,676 [INFO] [OK] USA/GFS_ENSEMBLE_Wheat_Spring_PRCP_DEP/daily dia 08 (2026-10-04 → 2026-10-04) 54872 bytes
2026-09-26 09:36:45,732 [INFO] [OK] USA/GFS_ENSEMBLE_Wheat_Spring_PRCP_DEP/daily dia 07 (2026-10-03 → 2026-10-03) 56707 bytes
2026-09-26 09:36:46,217 [INFO] [OK] USA/GFS_ENSEMBLE_Wheat_Spring_PRCP_DEP/daily dia 09 (2026-10-05 → 2026-10-05) 55297 bytes
2026-09-26 09:36:46,781 [INFO] [OK] USA/GFS_ENSEMBLE_Wheat_Spring_PRCP_DEP/daily dia 10 (2026-10-06 → 2026-10-06) 52275 bytes
2026-09-26 09:36:46,967 [INFO] [OK] USA/GFS_ENSEMBLE_Wheat_Spring_PRCP_DEP/daily dia 11 (2026-10-07 → 2026-10-07) 49527 bytes
2026-09-26 09:36:47,252 [INFO] [OK] USA/GFS_ENSEMBLE_Wheat_Spring_PRCP_DEP/daily dia 12 (2026-10-08 → 2026-10-08) 49952 bytes
2026-09-26 09:36:47,332 [INFO] [OK] USA/GFS_ENSEMBLE_Wheat_Spring_PRCP_DEP/daily dia 13 (2026-10-09 → 2026-10-09) 50581 bytes
2026-09-26 09:36:47,578 [INFO] [OK] USA/GFS_ENSEMBLE_Wheat_Spring_PRCP_DEP/daily dia 14 (2026-10-10 → 2026-10-10) 49269 bytes
2026-09-26 09:36:47,968 [INFO] [OK] USA/GFS_ENSEMBLE_Wheat_Spring_PRCP_DEP/cumulative dia 00 (2026-09-26 → 2026-09-26) 40803 bytes
2026-09-26 09:36:48,482 [INFO] [OK] USA/GFS_ENSEMBLE_Wheat_Spring_PRCP_DEP/cumulative dia 01 (2026-09-26 → 2026-09-27) 45090 bytes
2026-09-26 09:36:48,786 [INFO] [OK] USA/GFS_ENSEMBLE_Wheat_Spring_PRCP_DEP/cumulative dia 02 (2026-09-26 → 2026-09-28) 49598 bytes
2026-09-26 09:36:49,161 [INFO] [OK] USA/GFS_ENSEMBLE_Wheat_Spring_PRCP_DEP/cumulative dia 03 (2026-09-26 → 2026-09-29) 50534 bytes
2026-09-26 09:36:49,345 [INFO] [OK] USA/GFS_ENSEMBLE_Wheat_Spring_PRCP_DEP/cumulative dia 04 (2026-09-26 → 2026-09-30) 53221 bytes
2026-09-26 09:36:49,731 [INFO] [OK] USA/GFS_ENSEMBLE_Wheat_Spring_PRCP_DEP/cumulative dia 05 (2026-09-26 → 2026-10-01) 53710 bytes
2026-09-26 09:36:50,211 [INFO] [OK] USA/GFS_ENSEMBLE_Wheat_Spring_PRCP_DEP/cumulative dia 06 (2026-09-26 → 2026-10-02) 54466 bytes
2026-09-26 09:36:50,810 [INFO] [OK] USA/GFS_ENSEMBLE_Wheat_Spring_PRCP_DEP/cumulative dia 07 (2026-09-26 → 2026-10-03) 54983 bytes
2026-09-26 09:36:51,241 [INFO] [OK] USA/GFS_ENSEMBLE_Wheat_Spring_PRCP_DEP/cumulative dia 08 (2026-09-26 → 2026-10-04) 55211 bytes
2026-09-26 09:36:51,691 [INFO] [OK] USA/GFS_ENSEMBLE_Wheat_Spring_PRCP_DEP/cumulative dia 09 (2026-09-26 → 2026-10-05) 55454 bytes
2026-09-26 09:36:52,025 [INFO] [OK] USA/GFS_ENSEMBLE_Wheat_Spring_PRCP_DEP/cumulative dia 10 (2026-09-26 → 2026-10-06) 55343 bytes
2026-09-26 09:36:52,446 [INFO] [OK] USA/GFS_ENSEMBLE_Wheat_Spring_PRCP_DEP/cumulative dia 11 (2026-09-26 → 2026-10-07) 55669 bytes
2026-09-26 09:36:53,077 [INFO] [OK] USA/GFS_ENSEMBLE_Wheat_Spring_PRCP_DEP/cumulative dia 12 (2026-09-26 → 2026-10-08) 55511 bytes
2026-09-26 09:36:53,280 [INFO] [OK] USA/GFS_ENSEMBLE_Wheat_Spring_PRCP/daily dia 00 (2026-09-26 → 2026-09-26) 34178 bytes
2026-09-26 09:36:53,627 [INFO] [OK] USA/GFS_ENSEMBLE_Wheat_Spring_PRCP/daily dia 01 (2026-09-27 → 2026-09-27) 33159 bytes
2026-09-26 09:36:53,777 [INFO] [OK] USA/GFS_ENSEMBLE_Wheat_Spring_PRCP_DEP/cumulative dia 13 (2026-09-26 → 2026-10-09) 55442 bytes
2026-09-26 09:36:54,046 [INFO] [OK] USA/GFS_ENSEMBLE_Wheat_Spring_PRCP/daily dia 02 (2026-09-28 → 2026-09-28) 36023 bytes
2026-09-26 09:36:54,258 [INFO] [OK] USA/GFS_ENSEMBLE_Wheat_Spring_PRCP_DEP/cumulative dia 14 (2026-09-26 → 2026-10-10) 55888 bytes
2026-09-26 09:36:54,661 [INFO] [OK] USA/GFS_ENSEMBLE_Wheat_Spring_PRCP/daily dia 03 (2026-09-29 → 2026-09-29) 37020 bytes
2026-09-26 09:36:54,859 [INFO] [OK] USA/GFS_ENSEMBLE_Wheat_Spring_PRCP/daily dia 04 (2026-09-30 → 2026-09-30) 36534 bytes
2026-09-26 09:36:55,236 [INFO] [OK] USA/GFS_ENSEMBLE_Wheat_Spring_PRCP/daily dia 05 (2026-10-01 → 2026-10-01) 36562 bytes
2026-09-26 09:36:55,384 [INFO] [OK] USA/GFS_ENSEMBLE_Wheat_Spring_PRCP/daily dia 06 (2026-10-02 → 2026-10-02) 34557 bytes
2026-09-26 09:36:55,646 [INFO] [OK] USA/GFS_ENSEMBLE_Wheat_Spring_PRCP/daily dia 07 (2026-10-03 → 2026-10-03) 35581 bytes
2026-09-26 09:36:55,839 [INFO] [OK] USA/GFS_ENSEMBLE_Wheat_Spring_PRCP/daily dia 08 (2026-10-04 → 2026-10-04) 35994 bytes
2026-09-26 09:36:56,254 [INFO] [OK] USA/GFS_ENSEMBLE_Wheat_Spring_PRCP/daily dia 09 (2026-10-05 → 2026-10-05) 35080 bytes
2026-09-26 09:36:56,440 [INFO] [OK] USA/GFS_ENSEMBLE_Wheat_Spring_PRCP/daily dia 10 (2026-10-06 → 2026-10-06) 34013 bytes
2026-09-26 09:36:56,821 [INFO] [OK] USA/GFS_ENSEMBLE_Wheat_Spring_PRCP/daily dia 11 (2026-10-07 → 2026-10-07) 32520 bytes
2026-09-26 09:36:57,044 [INFO] [OK] USA/GFS_ENSEMBLE_Wheat_Spring_PRCP/daily dia 12 (2026-10-08 → 2026-10-08) 33476 bytes
2026-09-26 09:36:57,321 [INFO] [OK] USA/GFS_ENSEMBLE_Wheat_Spring_PRCP/daily dia 13 (2026-10-09 → 2026-10-09) 32498 bytes
2026-09-26 09:36:57,403 [INFO] [OK] USA/GFS_ENSEMBLE_Wheat_Spring_PRCP/daily dia 14 (2026-10-10 → 2026-10-10) 33188 bytes
2026-09-26 09:36:57,807 [INFO] [OK] USA/GFS_ENSEMBLE_Wheat_Spring_PRCP/cumulative dia 00 (2026-09-26 → 2026-09-26) 34178 bytes
2026-09-26 09:36:58,245 [INFO] [OK] USA/GFS_ENSEMBLE_Wheat_Spring_PRCP/cumulative dia 01 (2026-09-26 → 2026-09-27) 35834 bytes
2026-09-26 09:36:58,589 [INFO] [OK] USA/GFS_ENSEMBLE_Wheat_Spring_PRCP/cumulative dia 02 (2026-09-26 → 2026-09-28) 39632 bytes
2026-09-26 09:36:58,949 [INFO] [OK] USA/GFS_ENSEMBLE_Wheat_Spring_PRCP/cumulative dia 03 (2026-09-26 → 2026-09-29) 42640 bytes
2026-09-26 09:36:59,370 [INFO] [OK] USA/GFS_ENSEMBLE_Wheat_Spring_PRCP/cumulative dia 04 (2026-09-26 → 2026-09-30) 44198 bytes
2026-09-26 09:36:59,497 [INFO] [OK] USA/GFS_ENSEMBLE_Wheat_Spring_PRCP/cumulative dia 05 (2026-09-26 → 2026-10-01) 46215 bytes
2026-09-26 09:37:00,033 [INFO] [OK] USA/GFS_ENSEMBLE_Wheat_Spring_PRCP/cumulative dia 06 (2026-09-26 → 2026-10-02) 46846 bytes
2026-09-26 09:37:00,529 [INFO] [OK] USA/GFS_ENSEMBLE_Wheat_Spring_PRCP/cumulative dia 07 (2026-09-26 → 2026-10-03) 47239 bytes
2026-09-26 09:37:00,985 [INFO] [OK] USA/GFS_ENSEMBLE_Wheat_Spring_PRCP/cumulative dia 08 (2026-09-26 → 2026-10-04) 47664 bytes
2026-09-26 09:37:01,430 [INFO] [OK] USA/GFS_ENSEMBLE_Wheat_Spring_PRCP/cumulative dia 09 (2026-09-26 → 2026-10-05) 47209 bytes
2026-09-26 09:37:01,917 [INFO] [OK] USA/GFS_ENSEMBLE_Wheat_Spring_PRCP/cumulative dia 10 (2026-09-26 → 2026-10-06) 47084 bytes
2026-09-26 09:37:02,190 [INFO] [OK] USA/GFS_ENSEMBLE_Wheat_Spring_PRCP/cumulative dia 11 (2026-09-26 → 2026-10-07) 46830 bytes
2026-09-26 09:37:02,811 [INFO] [OK] USA/GFS_ENSEMBLE_Wheat_Spring_PRCP/cumulative dia 12 (2026-09-26 → 2026-10-08) 47257 bytes
2026-09-26 09:37:03,072 [INFO] [OK] USA/ECM_ENSEMBLE_Corn_PRCP_DEP/daily dia 00 (2026-09-26 → 2026-09-26) 44974 bytes
2026-09-26 09:37:03,440 [INFO] [OK] USA/GFS_ENSEMBLE_Wheat_Spring_PRCP/cumulative dia 13 (2026-09-26 → 2026-10-09) 46867 bytes
2026-09-26 09:37:03,641 [INFO] [OK] USA/ECM_ENSEMBLE_Corn_PRCP_DEP/daily dia 01 (2026-09-27 → 2026-09-27) 50575 bytes
2026-09-26 09:37:03,874 [INFO] [OK] USA/ECM_ENSEMBLE_Corn_PRCP_DEP/daily dia 02 (2026-09-28 → 2026-09-28) 49717 bytes
2026-09-26 09:37:03,952 [INFO] [OK] USA/GFS_ENSEMBLE_Wheat_Spring_PRCP/cumulative dia 14 (2026-09-26 → 2026-10-10) 47434 bytes
2026-09-26 09:37:04,439 [INFO] [OK] USA/ECM_ENSEMBLE_Corn_PRCP_DEP/daily dia 03 (2026-09-29 → 2026-09-29) 49881 bytes
2026-09-26 09:37:04,793 [INFO] [OK] USA/ECM_ENSEMBLE_Corn_PRCP_DEP/daily dia 04 (2026-09-30 → 2026-09-30) 51774 bytes
2026-09-26 09:37:05,036 [INFO] [OK] USA/ECM_ENSEMBLE_Corn_PRCP_DEP/daily dia 05 (2026-10-01 → 2026-10-01) 50968 bytes
2026-09-26 09:37:05,417 [INFO] [OK] USA/ECM_ENSEMBLE_Corn_PRCP_DEP/daily dia 06 (2026-10-02 → 2026-10-02) 52068 bytes
2026-09-26 09:37:05,548 [INFO] [OK] USA/ECM_ENSEMBLE_Corn_PRCP_DEP/daily dia 08 (2026-10-04 → 2026-10-04) 53875 bytes
2026-09-26 09:37:05,564 [INFO] [OK] USA/ECM_ENSEMBLE_Corn_PRCP_DEP/daily dia 07 (2026-10-03 → 2026-10-03) 51857 bytes
2026-09-26 09:37:06,105 [INFO] [OK] USA/ECM_ENSEMBLE_Corn_PRCP_DEP/daily dia 09 (2026-10-05 → 2026-10-05) 55577 bytes
2026-09-26 09:37:06,475 [INFO] [OK] USA/ECM_ENSEMBLE_Corn_PRCP_DEP/daily dia 10 (2026-10-06 → 2026-10-06) 55556 bytes
2026-09-26 09:37:06,821 [INFO] [OK] USA/ECM_ENSEMBLE_Corn_PRCP_DEP/daily dia 11 (2026-10-07 → 2026-10-07) 53355 bytes
2026-09-26 09:37:07,153 [INFO] [OK] USA/ECM_ENSEMBLE_Corn_PRCP_DEP/daily dia 12 (2026-10-08 → 2026-10-08) 54804 bytes
2026-09-26 09:37:07,229 [INFO] [OK] USA/ECM_ENSEMBLE_Corn_PRCP_DEP/daily dia 14 (2026-10-10 → 2026-10-10) 55942 bytes
2026-09-26 09:37:07,269 [INFO] [OK] USA/ECM_ENSEMBLE_Corn_PRCP_DEP/daily dia 13 (2026-10-09 → 2026-10-09) 57970 bytes
2026-09-26 09:37:07,841 [INFO] [OK] USA/ECM_ENSEMBLE_Corn_PRCP_DEP/cumulative dia 00 (2026-09-26 → 2026-09-26) 44974 bytes
2026-09-26 09:37:08,423 [INFO] [OK] USA/ECM_ENSEMBLE_Corn_PRCP_DEP/cumulative dia 01 (2026-09-26 → 2026-09-27) 50274 bytes
2026-09-26 09:37:08,696 [INFO] [OK] USA/ECM_ENSEMBLE_Corn_PRCP_DEP/cumulative dia 02 (2026-09-26 → 2026-09-28) 53882 bytes
2026-09-26 09:37:09,104 [INFO] [OK] USA/ECM_ENSEMBLE_Corn_PRCP_DEP/cumulative dia 03 (2026-09-26 → 2026-09-29) 53882 bytes
2026-09-26 09:37:09,317 [INFO] [OK] USA/ECM_ENSEMBLE_Corn_PRCP_DEP/cumulative dia 04 (2026-09-26 → 2026-09-30) 55587 bytes
2026-09-26 09:37:09,404 [INFO] [OK] USA/ECM_ENSEMBLE_Corn_PRCP_DEP/cumulative dia 05 (2026-09-26 → 2026-10-01) 56811 bytes
2026-09-26 09:37:10,048 [INFO] [OK] USA/ECM_ENSEMBLE_Corn_PRCP_DEP/cumulative dia 06 (2026-09-26 → 2026-10-02) 56894 bytes
2026-09-26 09:37:10,793 [INFO] [OK] USA/ECM_ENSEMBLE_Corn_PRCP_DEP/cumulative dia 07 (2026-09-26 → 2026-10-03) 57779 bytes
2026-09-26 09:37:11,146 [INFO] [OK] USA/ECM_ENSEMBLE_Corn_PRCP_DEP/cumulative dia 08 (2026-09-26 → 2026-10-04) 57828 bytes
2026-09-26 09:37:11,710 [INFO] [OK] USA/ECM_ENSEMBLE_Corn_PRCP_DEP/cumulative dia 09 (2026-09-26 → 2026-10-05) 58321 bytes
2026-09-26 09:37:11,976 [INFO] [OK] USA/ECM_ENSEMBLE_Corn_PRCP_DEP/cumulative dia 10 (2026-09-26 → 2026-10-06) 58787 bytes
2026-09-26 09:37:12,165 [INFO] [OK] USA/ECM_ENSEMBLE_Corn_PRCP_DEP/cumulative dia 11 (2026-09-26 → 2026-10-07) 58634 bytes
2026-09-26 09:37:12,927 [INFO] [OK] USA/ECM_ENSEMBLE_Corn_PRCP_DEP/cumulative dia 12 (2026-09-26 → 2026-10-08) 59107 bytes
2026-09-26 09:37:13,310 [INFO] [OK] USA/ECM_ENSEMBLE_Corn_PRCP/daily dia 00 (2026-09-26 → 2026-09-26) 36815 bytes
2026-09-26 09:37:13,650 [INFO] [OK] USA/ECM_ENSEMBLE_Corn_PRCP/daily dia 01 (2026-09-27 → 2026-09-27) 36415 bytes
2026-09-26 09:37:13,753 [INFO] [OK] USA/ECM_ENSEMBLE_Corn_PRCP_DEP/cumulative dia 13 (2026-09-26 → 2026-10-09) 58856 bytes
2026-09-26 09:37:13,795 [INFO] [OK] USA/ECM_ENSEMBLE_Corn_PRCP/daily dia 02 (2026-09-28 → 2026-09-28) 37959 bytes
2026-09-26 09:37:14,340 [INFO] [OK] USA/ECM_ENSEMBLE_Corn_PRCP_DEP/cumulative dia 14 (2026-09-26 → 2026-10-10) 59189 bytes
2026-09-26 09:37:14,669 [INFO] [OK] USA/ECM_ENSEMBLE_Corn_PRCP/daily dia 03 (2026-09-29 → 2026-09-29) 38636 bytes
2026-09-26 09:37:14,890 [INFO] [OK] USA/ECM_ENSEMBLE_Corn_PRCP/daily dia 04 (2026-09-30 → 2026-09-30) 38448 bytes
2026-09-26 09:37:15,336 [INFO] [OK] USA/ECM_ENSEMBLE_Corn_PRCP/daily dia 05 (2026-10-01 → 2026-10-01) 39123 bytes
2026-09-26 09:37:15,404 [INFO] [OK] USA/ECM_ENSEMBLE_Corn_PRCP/daily dia 06 (2026-10-02 → 2026-10-02) 37812 bytes
2026-09-26 09:37:15,429 [INFO] [OK] USA/ECM_ENSEMBLE_Corn_PRCP/daily dia 07 (2026-10-03 → 2026-10-03) 36189 bytes
2026-09-26 09:37:15,949 [INFO] [OK] USA/ECM_ENSEMBLE_Corn_PRCP/daily dia 08 (2026-10-04 → 2026-10-04) 35906 bytes
2026-09-26 09:37:16,347 [INFO] [OK] USA/ECM_ENSEMBLE_Corn_PRCP/daily dia 09 (2026-10-05 → 2026-10-05) 34763 bytes
2026-09-26 09:37:16,456 [INFO] [OK] USA/ECM_ENSEMBLE_Corn_PRCP/daily dia 10 (2026-10-06 → 2026-10-06) 34471 bytes
2026-09-26 09:37:16,880 [INFO] [OK] USA/ECM_ENSEMBLE_Corn_PRCP/daily dia 11 (2026-10-07 → 2026-10-07) 34916 bytes
2026-09-26 09:37:17,020 [INFO] [OK] USA/ECM_ENSEMBLE_Corn_PRCP/daily dia 12 (2026-10-08 → 2026-10-08) 34178 bytes
2026-09-26 09:37:17,069 [INFO] [OK] USA/ECM_ENSEMBLE_Corn_PRCP/daily dia 13 (2026-10-09 → 2026-10-09) 34561 bytes
2026-09-26 09:37:17,551 [INFO] [OK] USA/ECM_ENSEMBLE_Corn_PRCP/daily dia 14 (2026-10-10 → 2026-10-10) 34045 bytes
2026-09-26 09:37:17,912 [INFO] [OK] USA/ECM_ENSEMBLE_Corn_PRCP/cumulative dia 00 (2026-09-26 → 2026-09-26) 36815 bytes
2026-09-26 09:37:18,163 [INFO] [OK] USA/ECM_ENSEMBLE_Corn_PRCP/cumulative dia 01 (2026-09-26 → 2026-09-27) 39131 bytes
2026-09-26 09:37:18,650 [INFO] [OK] USA/ECM_ENSEMBLE_Corn_PRCP/cumulative dia 02 (2026-09-26 → 2026-09-28) 42298 bytes
2026-09-26 09:37:18,974 [INFO] [OK] USA/ECM_ENSEMBLE_Corn_PRCP/cumulative dia 03 (2026-09-26 → 2026-09-29) 45053 bytes
2026-09-26 09:37:19,044 [INFO] [OK] USA/ECM_ENSEMBLE_Corn_PRCP/cumulative dia 04 (2026-09-26 → 2026-09-30) 47257 bytes
2026-09-26 09:37:19,653 [INFO] [OK] USA/ECM_ENSEMBLE_Corn_PRCP/cumulative dia 05 (2026-09-26 → 2026-10-01) 49246 bytes
2026-09-26 09:37:20,175 [INFO] [OK] USA/ECM_ENSEMBLE_Corn_PRCP/cumulative dia 06 (2026-09-26 → 2026-10-02) 50315 bytes
2026-09-26 09:37:20,550 [INFO] [OK] USA/ECM_ENSEMBLE_Corn_PRCP/cumulative dia 07 (2026-09-26 → 2026-10-03) 50314 bytes
2026-09-26 09:37:21,067 [INFO] [OK] USA/ECM_ENSEMBLE_Corn_PRCP/cumulative dia 08 (2026-09-26 → 2026-10-04) 50398 bytes
2026-09-26 09:37:21,491 [INFO] [OK] USA/ECM_ENSEMBLE_Corn_PRCP/cumulative dia 09 (2026-09-26 → 2026-10-05) 50456 bytes
2026-09-26 09:37:21,649 [INFO] [OK] USA/ECM_ENSEMBLE_Corn_PRCP/cumulative dia 10 (2026-09-26 → 2026-10-06) 50474 bytes
2026-09-26 09:37:22,324 [INFO] [OK] USA/ECM_ENSEMBLE_Corn_PRCP/cumulative dia 11 (2026-09-26 → 2026-10-07) 50465 bytes
2026-09-26 09:37:22,945 [INFO] [OK] USA/ECM_ENSEMBLE_Corn_PRCP/cumulative dia 12 (2026-09-26 → 2026-10-08) 51005 bytes
2026-09-26 09:37:23,172 [INFO] [OK] USA/ECM_ENSEMBLE_Soy_PRCP_DEP/daily dia 00 (2026-09-26 → 2026-09-26) 44463 bytes
2026-09-26 09:37:23,449 [INFO] [OK] USA/ECM_ENSEMBLE_Corn_PRCP/cumulative dia 13 (2026-09-26 → 2026-10-09) 50876 bytes
2026-09-26 09:37:23,509 [INFO] [OK] USA/ECM_ENSEMBLE_Soy_PRCP_DEP/daily dia 01 (2026-09-27 → 2026-09-27) 50166 bytes
2026-09-26 09:37:24,211 [INFO] [OK] USA/ECM_ENSEMBLE_Soy_PRCP_DEP/daily dia 02 (2026-09-28 → 2026-09-28) 49294 bytes
2026-09-26 09:37:24,231 [INFO] [OK] USA/ECM_ENSEMBLE_Corn_PRCP/cumulative dia 14 (2026-09-26 → 2026-10-10) 50999 bytes
2026-09-26 09:37:24,590 [INFO] [OK] USA/ECM_ENSEMBLE_Soy_PRCP_DEP/daily dia 03 (2026-09-29 → 2026-09-29) 49570 bytes
2026-09-26 09:37:24,847 [INFO] [OK] USA/ECM_ENSEMBLE_Soy_PRCP_DEP/daily dia 04 (2026-09-30 → 2026-09-30) 51377 bytes
2026-09-26 09:37:25,120 [INFO] [OK] USA/ECM_ENSEMBLE_Soy_PRCP_DEP/daily dia 05 (2026-10-01 → 2026-10-01) 50633 bytes
2026-09-26 09:37:25,201 [INFO] [OK] USA/ECM_ENSEMBLE_Soy_PRCP_DEP/daily dia 06 (2026-10-02 → 2026-10-02) 51668 bytes
2026-09-26 09:37:25,860 [INFO] [OK] USA/ECM_ENSEMBLE_Soy_PRCP_DEP/daily dia 07 (2026-10-03 → 2026-10-03) 51475 bytes
2026-09-26 09:37:25,897 [INFO] [OK] USA/ECM_ENSEMBLE_Soy_PRCP_DEP/daily dia 08 (2026-10-04 → 2026-10-04) 53255 bytes
2026-09-26 09:37:26,252 [INFO] [OK] USA/ECM_ENSEMBLE_Soy_PRCP_DEP/daily dia 09 (2026-10-05 → 2026-10-05) 55000 bytes
2026-09-26 09:37:26,559 [INFO] [OK] USA/ECM_ENSEMBLE_Soy_PRCP_DEP/daily dia 10 (2026-10-06 → 2026-10-06) 55050 bytes
2026-09-26 09:37:26,755 [INFO] [OK] USA/ECM_ENSEMBLE_Soy_PRCP_DEP/daily dia 11 (2026-10-07 → 2026-10-07) 52803 bytes
2026-09-26 09:37:26,865 [INFO] [OK] USA/ECM_ENSEMBLE_Soy_PRCP_DEP/daily dia 12 (2026-10-08 → 2026-10-08) 54242 bytes
2026-09-26 09:37:27,583 [INFO] [OK] USA/ECM_ENSEMBLE_Soy_PRCP_DEP/daily dia 13 (2026-10-09 → 2026-10-09) 57540 bytes
2026-09-26 09:37:27,609 [INFO] [OK] USA/ECM_ENSEMBLE_Soy_PRCP_DEP/daily dia 14 (2026-10-10 → 2026-10-10) 55611 bytes
2026-09-26 09:37:28,125 [INFO] [OK] USA/ECM_ENSEMBLE_Soy_PRCP_DEP/cumulative dia 00 (2026-09-26 → 2026-09-26) 44463 bytes
2026-09-26 09:37:28,403 [INFO] [OK] USA/ECM_ENSEMBLE_Soy_PRCP_DEP/cumulative dia 01 (2026-09-26 → 2026-09-27) 49827 bytes
2026-09-26 09:37:28,600 [INFO] [OK] USA/ECM_ENSEMBLE_Soy_PRCP_DEP/cumulative dia 02 (2026-09-26 → 2026-09-28) 53473 bytes
2026-09-26 09:37:28,810 [INFO] [OK] USA/ECM_ENSEMBLE_Soy_PRCP_DEP/cumulative dia 03 (2026-09-26 → 2026-09-29) 53552 bytes
2026-09-26 09:37:29,709 [INFO] [OK] USA/ECM_ENSEMBLE_Soy_PRCP_DEP/cumulative dia 04 (2026-09-26 → 2026-09-30) 55314 bytes
2026-09-26 09:37:29,820 [INFO] [OK] USA/ECM_ENSEMBLE_Soy_PRCP_DEP/cumulative dia 05 (2026-09-26 → 2026-10-01) 56612 bytes
2026-09-26 09:37:30,558 [INFO] [OK] USA/ECM_ENSEMBLE_Soy_PRCP_DEP/cumulative dia 06 (2026-09-26 → 2026-10-02) 56633 bytes
2026-09-26 09:37:30,840 [INFO] [OK] USA/ECM_ENSEMBLE_Soy_PRCP_DEP/cumulative dia 07 (2026-09-26 → 2026-10-03) 57331 bytes
2026-09-26 09:37:31,150 [INFO] [OK] USA/ECM_ENSEMBLE_Soy_PRCP_DEP/cumulative dia 08 (2026-09-26 → 2026-10-04) 57540 bytes
2026-09-26 09:37:31,455 [INFO] [OK] USA/ECM_ENSEMBLE_Soy_PRCP_DEP/cumulative dia 09 (2026-09-26 → 2026-10-05) 58172 bytes
2026-09-26 09:37:32,403 [INFO] [OK] USA/ECM_ENSEMBLE_Soy_PRCP_DEP/cumulative dia 10 (2026-09-26 → 2026-10-06) 58662 bytes
2026-09-26 09:37:32,610 [INFO] [OK] USA/ECM_ENSEMBLE_Soy_PRCP_DEP/cumulative dia 11 (2026-09-26 → 2026-10-07) 58531 bytes
2026-09-26 09:37:33,074 [INFO] [OK] USA/ECM_ENSEMBLE_Soy_PRCP/daily dia 00 (2026-09-26 → 2026-09-26) 36431 bytes
2026-09-26 09:37:33,519 [INFO] [OK] USA/ECM_ENSEMBLE_Soy_PRCP_DEP/cumulative dia 12 (2026-09-26 → 2026-10-08) 58900 bytes
2026-09-26 09:37:33,839 [INFO] [OK] USA/ECM_ENSEMBLE_Soy_PRCP_DEP/cumulative dia 13 (2026-09-26 → 2026-10-09) 58830 bytes
2026-09-26 09:37:34,175 [INFO] [OK] USA/ECM_ENSEMBLE_Soy_PRCP/daily dia 01 (2026-09-27 → 2026-09-27) 35867 bytes
2026-09-26 09:37:34,260 [INFO] [OK] USA/ECM_ENSEMBLE_Soy_PRCP_DEP/cumulative dia 14 (2026-09-26 → 2026-10-10) 58718 bytes
2026-09-26 09:37:34,337 [INFO] [OK] USA/ECM_ENSEMBLE_Soy_PRCP/daily dia 02 (2026-09-28 → 2026-09-28) 37534 bytes
2026-09-26 09:37:34,754 [INFO] [OK] USA/ECM_ENSEMBLE_Soy_PRCP/daily dia 03 (2026-09-29 → 2026-09-29) 38174 bytes
2026-09-26 09:37:35,065 [INFO] [OK] USA/ECM_ENSEMBLE_Soy_PRCP/daily dia 04 (2026-09-30 → 2026-09-30) 38119 bytes
2026-09-26 09:37:35,438 [INFO] [OK] USA/ECM_ENSEMBLE_Soy_PRCP/daily dia 05 (2026-10-01 → 2026-10-01) 38757 bytes
2026-09-26 09:37:35,751 [INFO] [OK] USA/ECM_ENSEMBLE_Soy_PRCP/daily dia 06 (2026-10-02 → 2026-10-02) 37444 bytes
2026-09-26 09:37:35,815 [INFO] [OK] USA/ECM_ENSEMBLE_Soy_PRCP/daily dia 07 (2026-10-03 → 2026-10-03) 35823 bytes
2026-09-26 09:37:35,912 [INFO] [OK] USA/ECM_ENSEMBLE_Soy_PRCP/daily dia 08 (2026-10-04 → 2026-10-04) 35456 bytes
2026-09-26 09:37:36,324 [INFO] [OK] USA/ECM_ENSEMBLE_Soy_PRCP/daily dia 09 (2026-10-05 → 2026-10-05) 34259 bytes
2026-09-26 09:37:36,604 [INFO] [OK] USA/ECM_ENSEMBLE_Soy_PRCP/daily dia 10 (2026-10-06 → 2026-10-06) 33902 bytes
2026-09-26 09:37:37,048 [INFO] [OK] USA/ECM_ENSEMBLE_Soy_PRCP/daily dia 11 (2026-10-07 → 2026-10-07) 34415 bytes
2026-09-26 09:37:37,303 [INFO] [OK] USA/ECM_ENSEMBLE_Soy_PRCP/daily dia 12 (2026-10-08 → 2026-10-08) 33807 bytes
2026-09-26 09:37:37,436 [INFO] [OK] USA/ECM_ENSEMBLE_Soy_PRCP/daily dia 13 (2026-10-09 → 2026-10-09) 33907 bytes
2026-09-26 09:37:37,445 [INFO] [OK] USA/ECM_ENSEMBLE_Soy_PRCP/daily dia 14 (2026-10-10 → 2026-10-10) 33447 bytes
2026-09-26 09:37:37,922 [INFO] [OK] USA/ECM_ENSEMBLE_Soy_PRCP/cumulative dia 00 (2026-09-26 → 2026-09-26) 36431 bytes
2026-09-26 09:37:38,302 [INFO] [OK] USA/ECM_ENSEMBLE_Soy_PRCP/cumulative dia 01 (2026-09-26 → 2026-09-27) 38735 bytes
2026-09-26 09:37:38,839 [INFO] [OK] USA/ECM_ENSEMBLE_Soy_PRCP/cumulative dia 02 (2026-09-26 → 2026-09-28) 41939 bytes
2026-09-26 09:37:39,199 [INFO] [OK] USA/ECM_ENSEMBLE_Soy_PRCP/cumulative dia 03 (2026-09-26 → 2026-09-29) 44631 bytes
2026-09-26 09:37:39,656 [INFO] [OK] USA/ECM_ENSEMBLE_Soy_PRCP/cumulative dia 04 (2026-09-26 → 2026-09-30) 46725 bytes
2026-09-26 09:37:39,727 [INFO] [OK] USA/ECM_ENSEMBLE_Soy_PRCP/cumulative dia 05 (2026-09-26 → 2026-10-01) 48730 bytes
2026-09-26 09:37:40,264 [INFO] [OK] USA/ECM_ENSEMBLE_Soy_PRCP/cumulative dia 06 (2026-09-26 → 2026-10-02) 49702 bytes
2026-09-26 09:37:40,596 [INFO] [OK] USA/ECM_ENSEMBLE_Soy_PRCP/cumulative dia 07 (2026-09-26 → 2026-10-03) 49959 bytes
2026-09-26 09:37:41,451 [INFO] [OK] USA/ECM_ENSEMBLE_Soy_PRCP/cumulative dia 08 (2026-09-26 → 2026-10-04) 50236 bytes
2026-09-26 09:37:41,723 [INFO] [OK] USA/ECM_ENSEMBLE_Soy_PRCP/cumulative dia 09 (2026-09-26 → 2026-10-05) 50267 bytes
2026-09-26 09:37:42,461 [INFO] [OK] USA/ECM_ENSEMBLE_Soy_PRCP/cumulative dia 11 (2026-09-26 → 2026-10-07) 50265 bytes
2026-09-26 09:37:42,521 [INFO] [OK] USA/ECM_ENSEMBLE_Soy_PRCP/cumulative dia 10 (2026-09-26 → 2026-10-06) 50180 bytes
2026-09-26 09:37:43,033 [INFO] [OK] USA/ECM_ENSEMBLE_Soy_PRCP/cumulative dia 12 (2026-09-26 → 2026-10-08) 50686 bytes
2026-09-26 09:37:43,579 [INFO] [OK] USA/ECM_ENSEMBLE_Soy_PRCP/cumulative dia 13 (2026-09-26 → 2026-10-09) 50599 bytes
2026-09-26 09:37:43,599 [INFO] [OK] USA/ECM_ENSEMBLE_Wheat_Winter_PRCP_DEP/daily dia 00 (2026-09-26 → 2026-09-26) 45995 bytes
2026-09-26 09:37:44,158 [INFO] [OK] USA/ECM_ENSEMBLE_Wheat_Winter_PRCP_DEP/daily dia 01 (2026-09-27 → 2026-09-27) 51681 bytes
2026-09-26 09:37:44,170 [INFO] [OK] USA/ECM_ENSEMBLE_Wheat_Winter_PRCP_DEP/daily dia 02 (2026-09-28 → 2026-09-28) 50844 bytes
2026-09-26 09:37:44,424 [INFO] [OK] USA/ECM_ENSEMBLE_Soy_PRCP/cumulative dia 14 (2026-09-26 → 2026-10-10) 50834 bytes
2026-09-26 09:37:44,670 [INFO] [OK] USA/ECM_ENSEMBLE_Wheat_Winter_PRCP_DEP/daily dia 03 (2026-09-29 → 2026-09-29) 51314 bytes
2026-09-26 09:37:45,285 [INFO] [OK] USA/ECM_ENSEMBLE_Wheat_Winter_PRCP_DEP/daily dia 05 (2026-10-01 → 2026-10-01) 52376 bytes
2026-09-26 09:37:45,371 [INFO] [OK] USA/ECM_ENSEMBLE_Wheat_Winter_PRCP_DEP/daily dia 04 (2026-09-30 → 2026-09-30) 53138 bytes
2026-09-26 09:37:45,807 [INFO] [OK] USA/ECM_ENSEMBLE_Wheat_Winter_PRCP_DEP/daily dia 07 (2026-10-03 → 2026-10-03) 52732 bytes
2026-09-26 09:37:45,875 [INFO] [OK] USA/ECM_ENSEMBLE_Wheat_Winter_PRCP_DEP/daily dia 06 (2026-10-02 → 2026-10-02) 52997 bytes
2026-09-26 09:37:46,110 [INFO] [OK] USA/ECM_ENSEMBLE_Wheat_Winter_PRCP_DEP/daily dia 08 (2026-10-04 → 2026-10-04) 55097 bytes
2026-09-26 09:37:46,322 [INFO] [OK] USA/ECM_ENSEMBLE_Wheat_Winter_PRCP_DEP/daily dia 09 (2026-10-05 → 2026-10-05) 56636 bytes
2026-09-26 09:37:46,884 [INFO] [OK] USA/ECM_ENSEMBLE_Wheat_Winter_PRCP_DEP/daily dia 10 (2026-10-06 → 2026-10-06) 56497 bytes
2026-09-26 09:37:47,003 [INFO] [OK] USA/ECM_ENSEMBLE_Wheat_Winter_PRCP_DEP/daily dia 11 (2026-10-07 → 2026-10-07) 54473 bytes
2026-09-26 09:37:47,480 [INFO] [OK] USA/ECM_ENSEMBLE_Wheat_Winter_PRCP_DEP/daily dia 12 (2026-10-08 → 2026-10-08) 56283 bytes
2026-09-26 09:37:47,598 [INFO] [OK] USA/ECM_ENSEMBLE_Wheat_Winter_PRCP_DEP/daily dia 13 (2026-10-09 → 2026-10-09) 59351 bytes
2026-09-26 09:37:47,984 [INFO] [OK] USA/ECM_ENSEMBLE_Wheat_Winter_PRCP_DEP/daily dia 14 (2026-10-10 → 2026-10-10) 57211 bytes
2026-09-26 09:37:48,100 [INFO] [OK] USA/ECM_ENSEMBLE_Wheat_Winter_PRCP_DEP/cumulative dia 00 (2026-09-26 → 2026-09-26) 45995 bytes
2026-09-26 09:37:48,591 [INFO] [OK] USA/ECM_ENSEMBLE_Wheat_Winter_PRCP_DEP/cumulative dia 01 (2026-09-26 → 2026-09-27) 51444 bytes
2026-09-26 09:37:48,920 [INFO] [OK] USA/ECM_ENSEMBLE_Wheat_Winter_PRCP_DEP/cumulative dia 02 (2026-09-26 → 2026-09-28) 54918 bytes
2026-09-26 09:37:49,499 [INFO] [OK] USA/ECM_ENSEMBLE_Wheat_Winter_PRCP_DEP/cumulative dia 03 (2026-09-26 → 2026-09-29) 54966 bytes
2026-09-26 09:37:49,717 [INFO] [OK] USA/ECM_ENSEMBLE_Wheat_Winter_PRCP_DEP/cumulative dia 04 (2026-09-26 → 2026-09-30) 56688 bytes
2026-09-26 09:37:50,170 [INFO] [OK] USA/ECM_ENSEMBLE_Wheat_Winter_PRCP_DEP/cumulative dia 05 (2026-09-26 → 2026-10-01) 57962 bytes
2026-09-26 09:37:50,354 [INFO] [OK] USA/ECM_ENSEMBLE_Wheat_Winter_PRCP_DEP/cumulative dia 06 (2026-09-26 → 2026-10-02) 58055 bytes
2026-09-26 09:37:50,875 [INFO] [OK] USA/ECM_ENSEMBLE_Wheat_Winter_PRCP_DEP/cumulative dia 07 (2026-09-26 → 2026-10-03) 58782 bytes
2026-09-26 09:37:51,269 [INFO] [OK] USA/ECM_ENSEMBLE_Wheat_Winter_PRCP_DEP/cumulative dia 08 (2026-09-26 → 2026-10-04) 58991 bytes
2026-09-26 09:37:52,056 [INFO] [OK] USA/ECM_ENSEMBLE_Wheat_Winter_PRCP_DEP/cumulative dia 09 (2026-09-26 → 2026-10-05) 59463 bytes
2026-09-26 09:37:52,481 [INFO] [OK] USA/ECM_ENSEMBLE_Wheat_Winter_PRCP_DEP/cumulative dia 10 (2026-09-26 → 2026-10-06) 59758 bytes
2026-09-26 09:37:52,960 [INFO] [OK] USA/ECM_ENSEMBLE_Wheat_Winter_PRCP_DEP/cumulative dia 11 (2026-09-26 → 2026-10-07) 59725 bytes
2026-09-26 09:37:53,278 [INFO] [OK] USA/ECM_ENSEMBLE_Wheat_Winter_PRCP_DEP/cumulative dia 12 (2026-09-26 → 2026-10-08) 60088 bytes
2026-09-26 09:37:53,732 [INFO] [OK] USA/ECM_ENSEMBLE_Wheat_Winter_PRCP/daily dia 00 (2026-09-26 → 2026-09-26) 37856 bytes
2026-09-26 09:37:53,805 [INFO] [OK] USA/ECM_ENSEMBLE_Wheat_Winter_PRCP_DEP/cumulative dia 13 (2026-09-26 → 2026-10-09) 60126 bytes
2026-09-26 09:37:54,058 [INFO] [OK] USA/ECM_ENSEMBLE_Wheat_Winter_PRCP/daily dia 01 (2026-09-27 → 2026-09-27) 37508 bytes
2026-09-26 09:37:54,291 [INFO] [OK] USA/ECM_ENSEMBLE_Wheat_Winter_PRCP_DEP/cumulative dia 14 (2026-09-26 → 2026-10-10) 60335 bytes
2026-09-26 09:37:54,544 [INFO] [OK] USA/ECM_ENSEMBLE_Wheat_Winter_PRCP/daily dia 02 (2026-09-28 → 2026-09-28) 38894 bytes
2026-09-26 09:37:54,990 [INFO] [OK] USA/ECM_ENSEMBLE_Wheat_Winter_PRCP/daily dia 03 (2026-09-29 → 2026-09-29) 39688 bytes
2026-09-26 09:37:55,317 [INFO] [OK] USA/ECM_ENSEMBLE_Wheat_Winter_PRCP/daily dia 04 (2026-09-30 → 2026-09-30) 39579 bytes
2026-09-26 09:37:55,540 [INFO] [OK] USA/ECM_ENSEMBLE_Wheat_Winter_PRCP/daily dia 05 (2026-10-01 → 2026-10-01) 40384 bytes
2026-09-26 09:37:55,890 [INFO] [OK] USA/ECM_ENSEMBLE_Wheat_Winter_PRCP/daily dia 06 (2026-10-02 → 2026-10-02) 38908 bytes
2026-09-26 09:37:56,134 [INFO] [OK] USA/ECM_ENSEMBLE_Wheat_Winter_PRCP/daily dia 07 (2026-10-03 → 2026-10-03) 37441 bytes
2026-09-26 09:37:56,300 [INFO] [OK] USA/ECM_ENSEMBLE_Wheat_Winter_PRCP/daily dia 08 (2026-10-04 → 2026-10-04) 37103 bytes
2026-09-26 09:37:56,563 [INFO] [OK] USA/ECM_ENSEMBLE_Wheat_Winter_PRCP/daily dia 09 (2026-10-05 → 2026-10-05) 35692 bytes
2026-09-26 09:37:56,891 [INFO] [OK] USA/ECM_ENSEMBLE_Wheat_Winter_PRCP/daily dia 10 (2026-10-06 → 2026-10-06) 35575 bytes
2026-09-26 09:37:57,277 [INFO] [OK] USA/ECM_ENSEMBLE_Wheat_Winter_PRCP/daily dia 11 (2026-10-07 → 2026-10-07) 35962 bytes
2026-09-26 09:37:57,476 [INFO] [OK] USA/ECM_ENSEMBLE_Wheat_Winter_PRCP/daily dia 12 (2026-10-08 → 2026-10-08) 35225 bytes
2026-09-26 09:37:57,800 [INFO] [OK] USA/ECM_ENSEMBLE_Wheat_Winter_PRCP/daily dia 13 (2026-10-09 → 2026-10-09) 35495 bytes
2026-09-26 09:37:58,020 [INFO] [OK] USA/ECM_ENSEMBLE_Wheat_Winter_PRCP/daily dia 14 (2026-10-10 → 2026-10-10) 34955 bytes
2026-09-26 09:37:58,168 [INFO] [OK] USA/ECM_ENSEMBLE_Wheat_Winter_PRCP/cumulative dia 00 (2026-09-26 → 2026-09-26) 37856 bytes
2026-09-26 09:37:58,516 [INFO] [OK] USA/ECM_ENSEMBLE_Wheat_Winter_PRCP/cumulative dia 01 (2026-09-26 → 2026-09-27) 40257 bytes
2026-09-26 09:37:59,122 [INFO] [OK] USA/ECM_ENSEMBLE_Wheat_Winter_PRCP/cumulative dia 02 (2026-09-26 → 2026-09-28) 43321 bytes
2026-09-26 09:37:59,489 [INFO] [OK] USA/ECM_ENSEMBLE_Wheat_Winter_PRCP/cumulative dia 03 (2026-09-26 → 2026-09-29) 45826 bytes
2026-09-26 09:38:00,113 [INFO] [OK] USA/ECM_ENSEMBLE_Wheat_Winter_PRCP/cumulative dia 04 (2026-09-26 → 2026-09-30) 48287 bytes
2026-09-26 09:38:00,322 [INFO] [OK] USA/ECM_ENSEMBLE_Wheat_Winter_PRCP/cumulative dia 05 (2026-09-26 → 2026-10-01) 50067 bytes
2026-09-26 09:38:00,416 [INFO] [OK] USA/ECM_ENSEMBLE_Wheat_Winter_PRCP/cumulative dia 06 (2026-09-26 → 2026-10-02) 51437 bytes
2026-09-26 09:38:00,845 [INFO] [OK] USA/ECM_ENSEMBLE_Wheat_Winter_PRCP/cumulative dia 07 (2026-09-26 → 2026-10-03) 51620 bytes
2026-09-26 09:38:01,544 [INFO] [OK] USA/ECM_ENSEMBLE_Wheat_Winter_PRCP/cumulative dia 08 (2026-09-26 → 2026-10-04) 51732 bytes
2026-09-26 09:38:02,071 [INFO] [OK] USA/ECM_ENSEMBLE_Wheat_Winter_PRCP/cumulative dia 09 (2026-09-26 → 2026-10-05) 51832 bytes
2026-09-26 09:38:02,727 [INFO] [OK] USA/ECM_ENSEMBLE_Wheat_Winter_PRCP/cumulative dia 10 (2026-09-26 → 2026-10-06) 51646 bytes
2026-09-26 09:38:03,110 [INFO] [OK] USA/ECM_ENSEMBLE_Wheat_Winter_PRCP/cumulative dia 11 (2026-09-26 → 2026-10-07) 51894 bytes
2026-09-26 09:38:03,261 [INFO] [OK] USA/ECM_ENSEMBLE_Wheat_Winter_PRCP/cumulative dia 12 (2026-09-26 → 2026-10-08) 52212 bytes
2026-09-26 09:38:03,725 [INFO] [OK] USA/ECM_ENSEMBLE_Wheat_Spring_PRCP_DEP/daily dia 00 (2026-09-26 → 2026-09-26) 43031 bytes
2026-09-26 09:38:03,781 [INFO] [OK] USA/ECM_ENSEMBLE_Wheat_Winter_PRCP/cumulative dia 13 (2026-09-26 → 2026-10-09) 51904 bytes
2026-09-26 09:38:04,402 [INFO] [OK] USA/ECM_ENSEMBLE_Wheat_Spring_PRCP_DEP/daily dia 01 (2026-09-27 → 2026-09-27) 48832 bytes
2026-09-26 09:38:04,485 [INFO] [OK] USA/ECM_ENSEMBLE_Wheat_Winter_PRCP/cumulative dia 14 (2026-09-26 → 2026-10-10) 52373 bytes
2026-09-26 09:38:04,790 [INFO] [OK] USA/ECM_ENSEMBLE_Wheat_Spring_PRCP_DEP/daily dia 02 (2026-09-28 → 2026-09-28) 47843 bytes
2026-09-26 09:38:04,977 [INFO] [OK] USA/ECM_ENSEMBLE_Wheat_Spring_PRCP_DEP/daily dia 03 (2026-09-29 → 2026-09-29) 48240 bytes
2026-09-26 09:38:05,423 [INFO] [OK] USA/ECM_ENSEMBLE_Wheat_Spring_PRCP_DEP/daily dia 04 (2026-09-30 → 2026-09-30) 50096 bytes
2026-09-26 09:38:05,458 [INFO] [OK] USA/ECM_ENSEMBLE_Wheat_Spring_PRCP_DEP/daily dia 05 (2026-10-01 → 2026-10-01) 49581 bytes
2026-09-26 09:38:06,124 [INFO] [OK] USA/ECM_ENSEMBLE_Wheat_Spring_PRCP_DEP/daily dia 06 (2026-10-02 → 2026-10-02) 50149 bytes
2026-09-26 09:38:06,207 [INFO] [OK] USA/ECM_ENSEMBLE_Wheat_Spring_PRCP_DEP/daily dia 07 (2026-10-03 → 2026-10-03) 49464 bytes
2026-09-26 09:38:06,546 [INFO] [OK] USA/ECM_ENSEMBLE_Wheat_Spring_PRCP_DEP/daily dia 08 (2026-10-04 → 2026-10-04) 51788 bytes
2026-09-26 09:38:06,637 [INFO] [OK] USA/ECM_ENSEMBLE_Wheat_Spring_PRCP_DEP/daily dia 09 (2026-10-05 → 2026-10-05) 53727 bytes
2026-09-26 09:38:07,114 [INFO] [OK] USA/ECM_ENSEMBLE_Wheat_Spring_PRCP_DEP/daily dia 10 (2026-10-06 → 2026-10-06) 53222 bytes
2026-09-26 09:38:07,140 [INFO] [OK] USA/ECM_ENSEMBLE_Wheat_Spring_PRCP_DEP/daily dia 11 (2026-10-07 → 2026-10-07) 50815 bytes
2026-09-26 09:38:07,843 [INFO] [OK] USA/ECM_ENSEMBLE_Wheat_Spring_PRCP_DEP/daily dia 12 (2026-10-08 → 2026-10-08) 52981 bytes
2026-09-26 09:38:07,923 [INFO] [OK] USA/ECM_ENSEMBLE_Wheat_Spring_PRCP_DEP/daily dia 13 (2026-10-09 → 2026-10-09) 55588 bytes
2026-09-26 09:38:08,184 [INFO] [OK] USA/ECM_ENSEMBLE_Wheat_Spring_PRCP_DEP/daily dia 14 (2026-10-10 → 2026-10-10) 53591 bytes
2026-09-26 09:38:08,269 [INFO] [OK] USA/ECM_ENSEMBLE_Wheat_Spring_PRCP_DEP/cumulative dia 00 (2026-09-26 → 2026-09-26) 43031 bytes
2026-09-26 09:38:08,923 [INFO] [OK] USA/ECM_ENSEMBLE_Wheat_Spring_PRCP_DEP/cumulative dia 01 (2026-09-26 → 2026-09-27) 48458 bytes
2026-09-26 09:38:09,010 [INFO] [OK] USA/ECM_ENSEMBLE_Wheat_Spring_PRCP_DEP/cumulative dia 02 (2026-09-26 → 2026-09-28) 51734 bytes
2026-09-26 09:38:09,776 [INFO] [OK] USA/ECM_ENSEMBLE_Wheat_Spring_PRCP_DEP/cumulative dia 03 (2026-09-26 → 2026-09-29) 51977 bytes
2026-09-26 09:38:10,008 [INFO] [OK] USA/ECM_ENSEMBLE_Wheat_Spring_PRCP_DEP/cumulative dia 04 (2026-09-26 → 2026-09-30) 53541 bytes
2026-09-26 09:38:10,306 [INFO] [OK] USA/ECM_ENSEMBLE_Wheat_Spring_PRCP_DEP/cumulative dia 05 (2026-09-26 → 2026-10-01) 54847 bytes
2026-09-26 09:38:10,469 [INFO] [OK] USA/ECM_ENSEMBLE_Wheat_Spring_PRCP_DEP/cumulative dia 06 (2026-09-26 → 2026-10-02) 55314 bytes
2026-09-26 09:38:11,334 [INFO] [OK] USA/ECM_ENSEMBLE_Wheat_Spring_PRCP_DEP/cumulative dia 07 (2026-09-26 → 2026-10-03) 56095 bytes
2026-09-26 09:38:11,512 [INFO] [OK] USA/ECM_ENSEMBLE_Wheat_Spring_PRCP_DEP/cumulative dia 08 (2026-09-26 → 2026-10-04) 56106 bytes
2026-09-26 09:38:12,359 [INFO] [OK] USA/ECM_ENSEMBLE_Wheat_Spring_PRCP_DEP/cumulative dia 09 (2026-09-26 → 2026-10-05) 56510 bytes
2026-09-26 09:38:12,718 [INFO] [OK] USA/ECM_ENSEMBLE_Wheat_Spring_PRCP_DEP/cumulative dia 10 (2026-09-26 → 2026-10-06) 56990 bytes
2026-09-26 09:38:13,133 [INFO] [OK] USA/ECM_ENSEMBLE_Wheat_Spring_PRCP_DEP/cumulative dia 11 (2026-09-26 → 2026-10-07) 56810 bytes
2026-09-26 09:38:13,339 [INFO] [OK] USA/ECM_ENSEMBLE_Wheat_Spring_PRCP_DEP/cumulative dia 12 (2026-09-26 → 2026-10-08) 57214 bytes
2026-09-26 09:38:13,973 [INFO] [OK] USA/ECM_ENSEMBLE_Wheat_Spring_PRCP/daily dia 00 (2026-09-26 → 2026-09-26) 34985 bytes
2026-09-26 09:38:14,271 [INFO] [OK] USA/ECM_ENSEMBLE_Wheat_Spring_PRCP_DEP/cumulative dia 13 (2026-09-26 → 2026-10-09) 57132 bytes
2026-09-26 09:38:14,476 [INFO] [OK] USA/ECM_ENSEMBLE_Wheat_Spring_PRCP/daily dia 01 (2026-09-27 → 2026-09-27) 34570 bytes
2026-09-26 09:38:14,581 [INFO] [OK] USA/ECM_ENSEMBLE_Wheat_Spring_PRCP_DEP/cumulative dia 14 (2026-09-26 → 2026-10-10) 57500 bytes
2026-09-26 09:38:14,739 [INFO] [OK] USA/ECM_ENSEMBLE_Wheat_Spring_PRCP/daily dia 02 (2026-09-28 → 2026-09-28) 36200 bytes
2026-09-26 09:38:14,891 [INFO] [OK] USA/ECM_ENSEMBLE_Wheat_Spring_PRCP/daily dia 03 (2026-09-29 → 2026-09-29) 36706 bytes
2026-09-26 09:38:15,522 [INFO] [OK] USA/ECM_ENSEMBLE_Wheat_Spring_PRCP/daily dia 04 (2026-09-30 → 2026-09-30) 36579 bytes
2026-09-26 09:38:15,836 [INFO] [OK] USA/ECM_ENSEMBLE_Wheat_Spring_PRCP/daily dia 05 (2026-10-01 → 2026-10-01) 37314 bytes
2026-09-26 09:38:16,207 [INFO] [OK] USA/ECM_ENSEMBLE_Wheat_Spring_PRCP/daily dia 06 (2026-10-02 → 2026-10-02) 35577 bytes
2026-09-26 09:38:16,306 [INFO] [OK] USA/ECM_ENSEMBLE_Wheat_Spring_PRCP/daily dia 08 (2026-10-04 → 2026-10-04) 33873 bytes
2026-09-26 09:38:16,318 [INFO] [OK] USA/ECM_ENSEMBLE_Wheat_Spring_PRCP/daily dia 07 (2026-10-03 → 2026-10-03) 34092 bytes
2026-09-26 09:38:16,441 [INFO] [OK] USA/ECM_ENSEMBLE_Wheat_Spring_PRCP/daily dia 09 (2026-10-05 → 2026-10-05) 32785 bytes
2026-09-26 09:38:17,057 [INFO] [OK] USA/ECM_ENSEMBLE_Wheat_Spring_PRCP/daily dia 10 (2026-10-06 → 2026-10-06) 32418 bytes
2026-09-26 09:38:17,400 [INFO] [OK] USA/ECM_ENSEMBLE_Wheat_Spring_PRCP/daily dia 11 (2026-10-07 → 2026-10-07) 32820 bytes
2026-09-26 09:38:17,807 [INFO] [OK] USA/ECM_ENSEMBLE_Wheat_Spring_PRCP/daily dia 12 (2026-10-08 → 2026-10-08) 32161 bytes
2026-09-26 09:38:17,949 [INFO] [OK] USA/ECM_ENSEMBLE_Wheat_Spring_PRCP/daily dia 14 (2026-10-10 → 2026-10-10) 32061 bytes
2026-09-26 09:38:17,951 [INFO] [OK] USA/ECM_ENSEMBLE_Wheat_Spring_PRCP/daily dia 13 (2026-10-09 → 2026-10-09) 32555 bytes
2026-09-26 09:38:18,008 [INFO] [OK] USA/ECM_ENSEMBLE_Wheat_Spring_PRCP/cumulative dia 00 (2026-09-26 → 2026-09-26) 34985 bytes
2026-09-26 09:38:18,694 [INFO] [OK] USA/ECM_ENSEMBLE_Wheat_Spring_PRCP/cumulative dia 01 (2026-09-26 → 2026-09-27) 37290 bytes
2026-09-26 09:38:19,122 [INFO] [OK] USA/ECM_ENSEMBLE_Wheat_Spring_PRCP/cumulative dia 02 (2026-09-26 → 2026-09-28) 40363 bytes
2026-09-26 09:38:19,717 [INFO] [OK] USA/ECM_ENSEMBLE_Wheat_Spring_PRCP/cumulative dia 03 (2026-09-26 → 2026-09-29) 42822 bytes
2026-09-26 09:38:19,991 [INFO] [OK] USA/ECM_ENSEMBLE_Wheat_Spring_PRCP/cumulative dia 04 (2026-09-26 → 2026-09-30) 44865 bytes
2026-09-26 09:38:20,240 [INFO] [OK] USA/ECM_ENSEMBLE_Wheat_Spring_PRCP/cumulative dia 05 (2026-09-26 → 2026-10-01) 46833 bytes
2026-09-26 09:38:20,567 [INFO] [OK] USA/ECM_ENSEMBLE_Wheat_Spring_PRCP/cumulative dia 06 (2026-09-26 → 2026-10-02) 47965 bytes
2026-09-26 09:38:20,966 [INFO] [OK] USA/ECM_ENSEMBLE_Wheat_Spring_PRCP/cumulative dia 07 (2026-09-26 → 2026-10-03) 47955 bytes
2026-09-26 09:38:21,562 [INFO] [OK] USA/ECM_ENSEMBLE_Wheat_Spring_PRCP/cumulative dia 08 (2026-09-26 → 2026-10-04) 47989 bytes
2026-09-26 09:38:22,343 [INFO] [OK] USA/ECM_ENSEMBLE_Wheat_Spring_PRCP/cumulative dia 09 (2026-09-26 → 2026-10-05) 47827 bytes
2026-09-26 09:38:22,605 [INFO] [OK] USA/ECM_ENSEMBLE_Wheat_Spring_PRCP/cumulative dia 10 (2026-09-26 → 2026-10-06) 47658 bytes
2026-09-26 09:38:22,961 [INFO] [OK] USA/ECM_ENSEMBLE_Wheat_Spring_PRCP/cumulative dia 11 (2026-09-26 → 2026-10-07) 47879 bytes
2026-09-26 09:38:23,394 [INFO] [OK] USA/ECM_ENSEMBLE_Wheat_Spring_PRCP/cumulative dia 12 (2026-09-26 → 2026-10-08) 48326 bytes
2026-09-26 09:38:23,831 [INFO] [OK] USA/ECM_ENSEMBLE_Wheat_Spring_PRCP/cumulative dia 13 (2026-09-26 → 2026-10-09) 48215 bytes
2026-09-26 09:38:24,468 [INFO] [OK] USA/ECM_ENSEMBLE_Wheat_Spring_PRCP/cumulative dia 14 (2026-09-26 → 2026-10-10) 48348 bytes
2026-09-26 09:38:24,509 [INFO] Resumo: 960/960 sucessos, 0 erros
