2026-09-16 09:33:17,426 [INFO] === Execução 2026-09-16 | modo=both | dias=15 | parâmetro=['PRCP_DEP', 'PRCP'] ===
2026-09-16 09:33:17,427 [INFO] Baixando 960 mapas com 6 threads...
2026-09-16 09:33:20,564 [INFO] [OK] Brazil/GFS_ENSEMBLE_Soy_PRCP_DEP/daily dia 01 (2026-09-17 → 2026-09-17) 37106 bytes
2026-09-16 09:33:20,568 [INFO] [OK] Brazil/GFS_ENSEMBLE_Soy_PRCP_DEP/daily dia 00 (2026-09-16 → 2026-09-16) 34704 bytes
2026-09-16 09:33:20,605 [INFO] [OK] Brazil/GFS_ENSEMBLE_Soy_PRCP_DEP/daily dia 04 (2026-09-20 → 2026-09-20) 42548 bytes
2026-09-16 09:33:20,783 [INFO] [OK] Brazil/GFS_ENSEMBLE_Soy_PRCP_DEP/daily dia 03 (2026-09-19 → 2026-09-19) 45271 bytes
2026-09-16 09:33:20,785 [INFO] [OK] Brazil/GFS_ENSEMBLE_Soy_PRCP_DEP/daily dia 02 (2026-09-18 → 2026-09-18) 42371 bytes
2026-09-16 09:33:20,862 [INFO] [OK] Brazil/GFS_ENSEMBLE_Soy_PRCP_DEP/daily dia 05 (2026-09-21 → 2026-09-21) 42133 bytes
2026-09-16 09:33:22,484 [INFO] [OK] Brazil/GFS_ENSEMBLE_Soy_PRCP_DEP/daily dia 07 (2026-09-23 → 2026-09-23) 46108 bytes
2026-09-16 09:33:22,796 [INFO] [OK] Brazil/GFS_ENSEMBLE_Soy_PRCP_DEP/daily dia 06 (2026-09-22 → 2026-09-22) 43981 bytes
2026-09-16 09:33:22,942 [INFO] [OK] Brazil/GFS_ENSEMBLE_Soy_PRCP_DEP/daily dia 09 (2026-09-25 → 2026-09-25) 50447 bytes
2026-09-16 09:33:22,944 [INFO] [OK] Brazil/GFS_ENSEMBLE_Soy_PRCP_DEP/daily dia 08 (2026-09-24 → 2026-09-24) 47170 bytes
2026-09-16 09:33:22,944 [INFO] [OK] Brazil/GFS_ENSEMBLE_Soy_PRCP_DEP/daily dia 10 (2026-09-26 → 2026-09-26) 49000 bytes
2026-09-16 09:33:23,009 [INFO] [OK] Brazil/GFS_ENSEMBLE_Soy_PRCP_DEP/daily dia 11 (2026-09-27 → 2026-09-27) 51541 bytes
2026-09-16 09:33:24,364 [INFO] [OK] Brazil/GFS_ENSEMBLE_Soy_PRCP_DEP/daily dia 12 (2026-09-28 → 2026-09-28) 54309 bytes
2026-09-16 09:33:24,804 [INFO] [OK] Brazil/GFS_ENSEMBLE_Soy_PRCP_DEP/cumulative dia 00 (2026-09-16 → 2026-09-16) 34704 bytes
2026-09-16 09:33:24,923 [INFO] [OK] Brazil/GFS_ENSEMBLE_Soy_PRCP_DEP/daily dia 13 (2026-09-29 → 2026-09-29) 54463 bytes
2026-09-16 09:33:25,022 [INFO] [OK] Brazil/GFS_ENSEMBLE_Soy_PRCP_DEP/cumulative dia 01 (2026-09-16 → 2026-09-17) 37300 bytes
2026-09-16 09:33:25,163 [INFO] [OK] Brazil/GFS_ENSEMBLE_Soy_PRCP_DEP/daily dia 14 (2026-09-30 → 2026-09-30) 54411 bytes
2026-09-16 09:33:25,743 [INFO] [OK] Brazil/GFS_ENSEMBLE_Soy_PRCP_DEP/cumulative dia 02 (2026-09-16 → 2026-09-18) 41168 bytes
2026-09-16 09:33:26,388 [INFO] [OK] Brazil/GFS_ENSEMBLE_Soy_PRCP_DEP/cumulative dia 03 (2026-09-16 → 2026-09-19) 44183 bytes
2026-09-16 09:33:27,074 [INFO] [OK] Brazil/GFS_ENSEMBLE_Soy_PRCP_DEP/cumulative dia 05 (2026-09-16 → 2026-09-21) 45915 bytes
2026-09-16 09:33:27,180 [INFO] [OK] Brazil/GFS_ENSEMBLE_Soy_PRCP_DEP/cumulative dia 04 (2026-09-16 → 2026-09-20) 45548 bytes
2026-09-16 09:33:27,203 [INFO] [OK] Brazil/GFS_ENSEMBLE_Soy_PRCP_DEP/cumulative dia 06 (2026-09-16 → 2026-09-22) 46616 bytes
2026-09-16 09:33:27,430 [INFO] [OK] Brazil/GFS_ENSEMBLE_Soy_PRCP_DEP/cumulative dia 07 (2026-09-16 → 2026-09-23) 47626 bytes
2026-09-16 09:33:28,057 [INFO] [OK] Brazil/GFS_ENSEMBLE_Soy_PRCP_DEP/cumulative dia 08 (2026-09-16 → 2026-09-24) 48420 bytes
2026-09-16 09:33:29,308 [INFO] [OK] Brazil/GFS_ENSEMBLE_Soy_PRCP_DEP/cumulative dia 09 (2026-09-16 → 2026-09-25) 49456 bytes
2026-09-16 09:33:31,123 [INFO] [OK] Brazil/GFS_ENSEMBLE_Soy_PRCP_DEP/cumulative dia 10 (2026-09-16 → 2026-09-26) 49801 bytes
2026-09-16 09:33:31,123 [INFO] [OK] Brazil/GFS_ENSEMBLE_Soy_PRCP_DEP/cumulative dia 11 (2026-09-16 → 2026-09-27) 49968 bytes
2026-09-16 09:33:31,267 [INFO] [OK] Brazil/GFS_ENSEMBLE_Soy_PRCP_DEP/cumulative dia 12 (2026-09-16 → 2026-09-28) 51060 bytes
2026-09-16 09:33:31,268 [INFO] [OK] Brazil/GFS_ENSEMBLE_Soy_PRCP_DEP/cumulative dia 14 (2026-09-16 → 2026-09-30) 51584 bytes
2026-09-16 09:33:31,281 [INFO] [OK] Brazil/GFS_ENSEMBLE_Soy_PRCP_DEP/cumulative dia 13 (2026-09-16 → 2026-09-29) 51146 bytes
2026-09-16 09:33:31,913 [INFO] [OK] Brazil/GFS_ENSEMBLE_Soy_PRCP/daily dia 00 (2026-09-16 → 2026-09-16) 28959 bytes
2026-09-16 09:33:32,855 [INFO] [OK] Brazil/GFS_ENSEMBLE_Soy_PRCP/daily dia 03 (2026-09-19 → 2026-09-19) 31874 bytes
2026-09-16 09:33:32,864 [INFO] [OK] Brazil/GFS_ENSEMBLE_Soy_PRCP/daily dia 02 (2026-09-18 → 2026-09-18) 31185 bytes
2026-09-16 09:33:33,012 [INFO] [OK] Brazil/GFS_ENSEMBLE_Soy_PRCP/daily dia 04 (2026-09-20 → 2026-09-20) 30549 bytes
2026-09-16 09:33:33,140 [INFO] [OK] Brazil/GFS_ENSEMBLE_Soy_PRCP/daily dia 01 (2026-09-17 → 2026-09-17) 29612 bytes
2026-09-16 09:33:33,141 [INFO] [OK] Brazil/GFS_ENSEMBLE_Soy_PRCP/daily dia 05 (2026-09-21 → 2026-09-21) 30894 bytes
2026-09-16 09:33:33,357 [INFO] [OK] Brazil/GFS_ENSEMBLE_Soy_PRCP/daily dia 06 (2026-09-22 → 2026-09-22) 32059 bytes
2026-09-16 09:33:34,627 [INFO] [OK] Brazil/GFS_ENSEMBLE_Soy_PRCP/daily dia 11 (2026-09-27 → 2026-09-27) 30656 bytes
2026-09-16 09:33:34,663 [INFO] [OK] Brazil/GFS_ENSEMBLE_Soy_PRCP/daily dia 12 (2026-09-28 → 2026-09-28) 31125 bytes
2026-09-16 09:33:34,701 [INFO] [OK] Brazil/GFS_ENSEMBLE_Soy_PRCP/daily dia 07 (2026-09-23 → 2026-09-23) 31434 bytes
2026-09-16 09:33:34,841 [INFO] [OK] Brazil/GFS_ENSEMBLE_Soy_PRCP/daily dia 08 (2026-09-24 → 2026-09-24) 31134 bytes
2026-09-16 09:33:34,841 [INFO] [OK] Brazil/GFS_ENSEMBLE_Soy_PRCP/daily dia 09 (2026-09-25 → 2026-09-25) 31358 bytes
2026-09-16 09:33:34,914 [INFO] [OK] Brazil/GFS_ENSEMBLE_Soy_PRCP/daily dia 10 (2026-09-26 → 2026-09-26) 30425 bytes
2026-09-16 09:33:36,102 [INFO] [OK] Brazil/GFS_ENSEMBLE_Soy_PRCP/daily dia 13 (2026-09-29 → 2026-09-29) 32483 bytes
2026-09-16 09:33:36,281 [INFO] [OK] Brazil/GFS_ENSEMBLE_Soy_PRCP/daily dia 14 (2026-09-30 → 2026-09-30) 33020 bytes
2026-09-16 09:33:36,484 [INFO] [OK] Brazil/GFS_ENSEMBLE_Soy_PRCP/cumulative dia 00 (2026-09-16 → 2026-09-16) 28959 bytes
2026-09-16 09:33:36,910 [INFO] [OK] Brazil/GFS_ENSEMBLE_Soy_PRCP/cumulative dia 01 (2026-09-16 → 2026-09-17) 30865 bytes
2026-09-16 09:33:37,098 [INFO] [OK] Brazil/GFS_ENSEMBLE_Soy_PRCP/cumulative dia 02 (2026-09-16 → 2026-09-18) 33256 bytes
2026-09-16 09:33:37,457 [INFO] [OK] Brazil/GFS_ENSEMBLE_Soy_PRCP/cumulative dia 03 (2026-09-16 → 2026-09-19) 35666 bytes
2026-09-16 09:33:38,263 [INFO] [OK] Brazil/GFS_ENSEMBLE_Soy_PRCP/cumulative dia 04 (2026-09-16 → 2026-09-20) 37406 bytes
2026-09-16 09:33:38,820 [INFO] [OK] Brazil/GFS_ENSEMBLE_Soy_PRCP/cumulative dia 05 (2026-09-16 → 2026-09-21) 38095 bytes
2026-09-16 09:33:39,444 [INFO] [OK] Brazil/GFS_ENSEMBLE_Soy_PRCP/cumulative dia 06 (2026-09-16 → 2026-09-22) 39066 bytes
2026-09-16 09:33:39,638 [INFO] [OK] Brazil/GFS_ENSEMBLE_Soy_PRCP/cumulative dia 07 (2026-09-16 → 2026-09-23) 39917 bytes
2026-09-16 09:33:40,645 [INFO] [OK] Brazil/GFS_ENSEMBLE_Soy_PRCP/cumulative dia 08 (2026-09-16 → 2026-09-24) 40645 bytes
2026-09-16 09:33:41,423 [INFO] [OK] Brazil/GFS_ENSEMBLE_Soy_PRCP/cumulative dia 09 (2026-09-16 → 2026-09-25) 41260 bytes
2026-09-16 09:33:42,020 [INFO] [OK] Brazil/GFS_ENSEMBLE_Soy_PRCP/cumulative dia 10 (2026-09-16 → 2026-09-26) 41900 bytes
2026-09-16 09:33:43,067 [INFO] [OK] Brazil/GFS_ENSEMBLE_Soy_PRCP/cumulative dia 11 (2026-09-16 → 2026-09-27) 42299 bytes
2026-09-16 09:33:43,556 [INFO] [OK] Brazil/GFS_ENSEMBLE_Corn_Winter_PRCP_DEP/daily dia 00 (2026-09-16 → 2026-09-16) 33076 bytes
2026-09-16 09:33:44,432 [INFO] [OK] Brazil/GFS_ENSEMBLE_Soy_PRCP/cumulative dia 12 (2026-09-16 → 2026-09-28) 42312 bytes
2026-09-16 09:33:44,562 [INFO] [OK] Brazil/GFS_ENSEMBLE_Corn_Winter_PRCP_DEP/daily dia 01 (2026-09-17 → 2026-09-17) 35472 bytes
2026-09-16 09:33:44,639 [INFO] [OK] Brazil/GFS_ENSEMBLE_Soy_PRCP/cumulative dia 13 (2026-09-16 → 2026-09-29) 43241 bytes
2026-09-16 09:33:45,072 [INFO] [OK] Brazil/GFS_ENSEMBLE_Corn_Winter_PRCP_DEP/daily dia 02 (2026-09-18 → 2026-09-18) 40948 bytes
2026-09-16 09:33:45,948 [INFO] [OK] Brazil/GFS_ENSEMBLE_Soy_PRCP/cumulative dia 14 (2026-09-16 → 2026-09-30) 43773 bytes
2026-09-16 09:33:45,949 [INFO] [OK] Brazil/GFS_ENSEMBLE_Corn_Winter_PRCP_DEP/daily dia 03 (2026-09-19 → 2026-09-19) 43950 bytes
2026-09-16 09:33:46,119 [INFO] [OK] Brazil/GFS_ENSEMBLE_Corn_Winter_PRCP_DEP/daily dia 05 (2026-09-21 → 2026-09-21) 40729 bytes
2026-09-16 09:33:46,283 [INFO] [OK] Brazil/GFS_ENSEMBLE_Corn_Winter_PRCP_DEP/daily dia 04 (2026-09-20 → 2026-09-20) 40894 bytes
2026-09-16 09:33:46,586 [INFO] [OK] Brazil/GFS_ENSEMBLE_Corn_Winter_PRCP_DEP/daily dia 06 (2026-09-22 → 2026-09-22) 42798 bytes
2026-09-16 09:33:46,944 [INFO] [OK] Brazil/GFS_ENSEMBLE_Corn_Winter_PRCP_DEP/daily dia 07 (2026-09-23 → 2026-09-23) 44475 bytes
2026-09-16 09:33:47,652 [INFO] [OK] Brazil/GFS_ENSEMBLE_Corn_Winter_PRCP_DEP/daily dia 08 (2026-09-24 → 2026-09-24) 45561 bytes
2026-09-16 09:33:47,676 [INFO] [OK] Brazil/GFS_ENSEMBLE_Corn_Winter_PRCP_DEP/daily dia 09 (2026-09-25 → 2026-09-25) 48758 bytes
2026-09-16 09:33:47,919 [INFO] [OK] Brazil/GFS_ENSEMBLE_Corn_Winter_PRCP_DEP/daily dia 10 (2026-09-26 → 2026-09-26) 47522 bytes
2026-09-16 09:33:48,174 [INFO] [OK] Brazil/GFS_ENSEMBLE_Corn_Winter_PRCP_DEP/daily dia 11 (2026-09-27 → 2026-09-27) 49833 bytes
2026-09-16 09:33:48,412 [INFO] [OK] Brazil/GFS_ENSEMBLE_Corn_Winter_PRCP_DEP/daily dia 12 (2026-09-28 → 2026-09-28) 52717 bytes
2026-09-16 09:33:48,688 [INFO] [OK] Brazil/GFS_ENSEMBLE_Corn_Winter_PRCP_DEP/daily dia 13 (2026-09-29 → 2026-09-29) 53071 bytes
2026-09-16 09:33:49,441 [INFO] [OK] Brazil/GFS_ENSEMBLE_Corn_Winter_PRCP_DEP/daily dia 14 (2026-09-30 → 2026-09-30) 52952 bytes
2026-09-16 09:33:49,474 [INFO] [OK] Brazil/GFS_ENSEMBLE_Corn_Winter_PRCP_DEP/cumulative dia 00 (2026-09-16 → 2026-09-16) 33076 bytes
2026-09-16 09:33:49,762 [INFO] [OK] Brazil/GFS_ENSEMBLE_Corn_Winter_PRCP_DEP/cumulative dia 01 (2026-09-16 → 2026-09-17) 35625 bytes
2026-09-16 09:33:50,284 [INFO] [OK] Brazil/GFS_ENSEMBLE_Corn_Winter_PRCP_DEP/cumulative dia 02 (2026-09-16 → 2026-09-18) 39776 bytes
2026-09-16 09:33:50,548 [INFO] [OK] Brazil/GFS_ENSEMBLE_Corn_Winter_PRCP_DEP/cumulative dia 03 (2026-09-16 → 2026-09-19) 42844 bytes
2026-09-16 09:33:51,403 [INFO] [OK] Brazil/GFS_ENSEMBLE_Corn_Winter_PRCP_DEP/cumulative dia 04 (2026-09-16 → 2026-09-20) 43981 bytes
2026-09-16 09:33:52,205 [INFO] [OK] Brazil/GFS_ENSEMBLE_Corn_Winter_PRCP_DEP/cumulative dia 05 (2026-09-16 → 2026-09-21) 44417 bytes
2026-09-16 09:33:52,808 [INFO] [OK] Brazil/GFS_ENSEMBLE_Corn_Winter_PRCP_DEP/cumulative dia 06 (2026-09-16 → 2026-09-22) 45318 bytes
2026-09-16 09:33:53,088 [INFO] [OK] Brazil/GFS_ENSEMBLE_Corn_Winter_PRCP_DEP/cumulative dia 07 (2026-09-16 → 2026-09-23) 46424 bytes
2026-09-16 09:33:53,825 [INFO] [OK] Brazil/GFS_ENSEMBLE_Corn_Winter_PRCP_DEP/cumulative dia 09 (2026-09-16 → 2026-09-25) 47852 bytes
2026-09-16 09:33:53,881 [INFO] [OK] Brazil/GFS_ENSEMBLE_Corn_Winter_PRCP_DEP/cumulative dia 08 (2026-09-16 → 2026-09-24) 46998 bytes
2026-09-16 09:33:54,458 [INFO] [OK] Brazil/GFS_ENSEMBLE_Corn_Winter_PRCP_DEP/cumulative dia 10 (2026-09-16 → 2026-09-26) 48333 bytes
2026-09-16 09:33:55,275 [INFO] [OK] Brazil/GFS_ENSEMBLE_Corn_Winter_PRCP_DEP/cumulative dia 11 (2026-09-16 → 2026-09-27) 48523 bytes
2026-09-16 09:33:55,695 [INFO] [OK] Brazil/GFS_ENSEMBLE_Corn_Winter_PRCP/daily dia 00 (2026-09-16 → 2026-09-16) 27364 bytes
2026-09-16 09:33:55,715 [INFO] [OK] Brazil/GFS_ENSEMBLE_Corn_Winter_PRCP_DEP/cumulative dia 12 (2026-09-16 → 2026-09-28) 49418 bytes
2026-09-16 09:33:56,259 [INFO] [OK] Brazil/GFS_ENSEMBLE_Corn_Winter_PRCP/daily dia 01 (2026-09-17 → 2026-09-17) 28062 bytes
2026-09-16 09:33:56,623 [INFO] [OK] Brazil/GFS_ENSEMBLE_Corn_Winter_PRCP_DEP/cumulative dia 13 (2026-09-16 → 2026-09-29) 49621 bytes
2026-09-16 09:33:56,984 [INFO] [OK] Brazil/GFS_ENSEMBLE_Corn_Winter_PRCP/daily dia 02 (2026-09-18 → 2026-09-18) 29731 bytes
2026-09-16 09:33:57,359 [INFO] [OK] Brazil/GFS_ENSEMBLE_Corn_Winter_PRCP/daily dia 03 (2026-09-19 → 2026-09-19) 30353 bytes
2026-09-16 09:33:57,442 [INFO] [OK] Brazil/GFS_ENSEMBLE_Corn_Winter_PRCP_DEP/cumulative dia 14 (2026-09-16 → 2026-09-30) 50187 bytes
2026-09-16 09:33:57,640 [INFO] [OK] Brazil/GFS_ENSEMBLE_Corn_Winter_PRCP/daily dia 04 (2026-09-20 → 2026-09-20) 28965 bytes
2026-09-16 09:33:57,676 [INFO] [OK] Brazil/GFS_ENSEMBLE_Corn_Winter_PRCP/daily dia 05 (2026-09-21 → 2026-09-21) 29200 bytes
2026-09-16 09:33:57,976 [INFO] [OK] Brazil/GFS_ENSEMBLE_Corn_Winter_PRCP/daily dia 06 (2026-09-22 → 2026-09-22) 30582 bytes
2026-09-16 09:33:58,458 [INFO] [OK] Brazil/GFS_ENSEMBLE_Corn_Winter_PRCP/daily dia 07 (2026-09-23 → 2026-09-23) 30067 bytes
2026-09-16 09:33:58,692 [INFO] [OK] Brazil/GFS_ENSEMBLE_Corn_Winter_PRCP/daily dia 08 (2026-09-24 → 2026-09-24) 29610 bytes
2026-09-16 09:33:58,998 [INFO] [OK] Brazil/GFS_ENSEMBLE_Corn_Winter_PRCP/daily dia 09 (2026-09-25 → 2026-09-25) 29883 bytes
2026-09-16 09:33:59,176 [INFO] [OK] Brazil/GFS_ENSEMBLE_Corn_Winter_PRCP/daily dia 10 (2026-09-26 → 2026-09-26) 28953 bytes
2026-09-16 09:33:59,417 [INFO] [OK] Brazil/GFS_ENSEMBLE_Corn_Winter_PRCP/daily dia 11 (2026-09-27 → 2026-09-27) 29128 bytes
2026-09-16 09:33:59,559 [INFO] [OK] Brazil/GFS_ENSEMBLE_Corn_Winter_PRCP/daily dia 12 (2026-09-28 → 2026-09-28) 29687 bytes
2026-09-16 09:33:59,921 [INFO] [OK] Brazil/GFS_ENSEMBLE_Corn_Winter_PRCP/daily dia 13 (2026-09-29 → 2026-09-29) 31084 bytes
2026-09-16 09:34:00,219 [INFO] [OK] Brazil/GFS_ENSEMBLE_Corn_Winter_PRCP/daily dia 14 (2026-09-30 → 2026-09-30) 31533 bytes
2026-09-16 09:34:00,459 [INFO] [OK] Brazil/GFS_ENSEMBLE_Corn_Winter_PRCP/cumulative dia 00 (2026-09-16 → 2026-09-16) 27364 bytes
2026-09-16 09:34:00,664 [INFO] [OK] Brazil/GFS_ENSEMBLE_Corn_Winter_PRCP/cumulative dia 01 (2026-09-16 → 2026-09-17) 29219 bytes
2026-09-16 09:34:01,096 [INFO] [OK] Brazil/GFS_ENSEMBLE_Corn_Winter_PRCP/cumulative dia 02 (2026-09-16 → 2026-09-18) 31762 bytes
2026-09-16 09:34:01,277 [INFO] [OK] Brazil/GFS_ENSEMBLE_Corn_Winter_PRCP/cumulative dia 03 (2026-09-16 → 2026-09-19) 34177 bytes
2026-09-16 09:34:02,271 [INFO] [OK] Brazil/GFS_ENSEMBLE_Corn_Winter_PRCP/cumulative dia 04 (2026-09-16 → 2026-09-20) 35892 bytes
2026-09-16 09:34:02,313 [INFO] [OK] Brazil/GFS_ENSEMBLE_Corn_Winter_PRCP/cumulative dia 05 (2026-09-16 → 2026-09-21) 36373 bytes
2026-09-16 09:34:02,878 [INFO] [OK] Brazil/GFS_ENSEMBLE_Corn_Winter_PRCP/cumulative dia 06 (2026-09-16 → 2026-09-22) 37554 bytes
2026-09-16 09:34:03,048 [INFO] [OK] Brazil/GFS_ENSEMBLE_Corn_Winter_PRCP/cumulative dia 07 (2026-09-16 → 2026-09-23) 38486 bytes
2026-09-16 09:34:03,449 [INFO] [OK] Brazil/GFS_ENSEMBLE_Corn_Winter_PRCP/cumulative dia 08 (2026-09-16 → 2026-09-24) 39161 bytes
2026-09-16 09:34:03,493 [INFO] [OK] Brazil/GFS_ENSEMBLE_Corn_Winter_PRCP/cumulative dia 09 (2026-09-16 → 2026-09-25) 39827 bytes
2026-09-16 09:34:05,102 [INFO] [OK] Brazil/GFS_ENSEMBLE_Corn_Winter_PRCP/cumulative dia 11 (2026-09-16 → 2026-09-27) 40664 bytes
2026-09-16 09:34:05,119 [INFO] [OK] Brazil/GFS_ENSEMBLE_Corn_Winter_PRCP/cumulative dia 10 (2026-09-16 → 2026-09-26) 40335 bytes
2026-09-16 09:34:05,232 [INFO] [OK] Brazil/ECM_ENSEMBLE_Soy_PRCP_DEP/daily dia 00 (2026-09-16 → 2026-09-16) 42028 bytes
2026-09-16 09:34:06,399 [INFO] [OK] Brazil/GFS_ENSEMBLE_Corn_Winter_PRCP/cumulative dia 12 (2026-09-16 → 2026-09-28) 40871 bytes
2026-09-16 09:34:06,402 [INFO] [OK] Brazil/GFS_ENSEMBLE_Corn_Winter_PRCP/cumulative dia 13 (2026-09-16 → 2026-09-29) 41605 bytes
2026-09-16 09:34:06,690 [INFO] [OK] Brazil/ECM_ENSEMBLE_Soy_PRCP_DEP/daily dia 01 (2026-09-17 → 2026-09-17) 45062 bytes
2026-09-16 09:34:06,914 [INFO] [OK] Brazil/GFS_ENSEMBLE_Corn_Winter_PRCP/cumulative dia 14 (2026-09-16 → 2026-09-30) 42248 bytes
2026-09-16 09:34:06,929 [INFO] [OK] Brazil/ECM_ENSEMBLE_Soy_PRCP_DEP/daily dia 02 (2026-09-18 → 2026-09-18) 48106 bytes
2026-09-16 09:34:07,005 [INFO] [OK] Brazil/ECM_ENSEMBLE_Soy_PRCP_DEP/daily dia 03 (2026-09-19 → 2026-09-19) 49755 bytes
2026-09-16 09:34:07,817 [INFO] [OK] Brazil/ECM_ENSEMBLE_Soy_PRCP_DEP/daily dia 05 (2026-09-21 → 2026-09-21) 46810 bytes
2026-09-16 09:34:07,978 [INFO] [OK] Brazil/ECM_ENSEMBLE_Soy_PRCP_DEP/daily dia 04 (2026-09-20 → 2026-09-20) 47339 bytes
2026-09-16 09:34:08,206 [INFO] [OK] Brazil/ECM_ENSEMBLE_Soy_PRCP_DEP/daily dia 06 (2026-09-22 → 2026-09-22) 45840 bytes
2026-09-16 09:34:08,637 [INFO] [OK] Brazil/ECM_ENSEMBLE_Soy_PRCP_DEP/daily dia 08 (2026-09-24 → 2026-09-24) 49567 bytes
2026-09-16 09:34:08,651 [INFO] [OK] Brazil/ECM_ENSEMBLE_Soy_PRCP_DEP/daily dia 07 (2026-09-23 → 2026-09-23) 48224 bytes
2026-09-16 09:34:08,684 [INFO] [OK] Brazil/ECM_ENSEMBLE_Soy_PRCP_DEP/daily dia 09 (2026-09-25 → 2026-09-25) 52581 bytes
2026-09-16 09:34:09,234 [INFO] [OK] Brazil/ECM_ENSEMBLE_Soy_PRCP_DEP/daily dia 10 (2026-09-26 → 2026-09-26) 54122 bytes
2026-09-16 09:34:09,420 [INFO] [OK] Brazil/ECM_ENSEMBLE_Soy_PRCP_DEP/daily dia 11 (2026-09-27 → 2026-09-27) 54178 bytes
2026-09-16 09:34:09,558 [INFO] [OK] Brazil/ECM_ENSEMBLE_Soy_PRCP_DEP/daily dia 12 (2026-09-28 → 2026-09-28) 53765 bytes
2026-09-16 09:34:10,008 [INFO] [OK] Brazil/ECM_ENSEMBLE_Soy_PRCP_DEP/daily dia 13 (2026-09-29 → 2026-09-29) 52369 bytes
2026-09-16 09:34:10,023 [INFO] [OK] Brazil/ECM_ENSEMBLE_Soy_PRCP_DEP/daily dia 14 (2026-09-30 → 2026-09-30) 53148 bytes
2026-09-16 09:34:10,058 [INFO] [OK] Brazil/ECM_ENSEMBLE_Soy_PRCP_DEP/cumulative dia 00 (2026-09-16 → 2026-09-16) 42028 bytes
2026-09-16 09:34:10,726 [INFO] [OK] Brazil/ECM_ENSEMBLE_Soy_PRCP_DEP/cumulative dia 01 (2026-09-16 → 2026-09-17) 45165 bytes
2026-09-16 09:34:11,224 [INFO] [OK] Brazil/ECM_ENSEMBLE_Soy_PRCP_DEP/cumulative dia 02 (2026-09-16 → 2026-09-18) 48552 bytes
2026-09-16 09:34:11,238 [INFO] [OK] Brazil/ECM_ENSEMBLE_Soy_PRCP_DEP/cumulative dia 03 (2026-09-16 → 2026-09-19) 51548 bytes
2026-09-16 09:34:11,729 [INFO] [OK] Brazil/ECM_ENSEMBLE_Soy_PRCP_DEP/cumulative dia 04 (2026-09-16 → 2026-09-20) 51969 bytes
2026-09-16 09:34:12,048 [INFO] [OK] Brazil/ECM_ENSEMBLE_Soy_PRCP_DEP/cumulative dia 05 (2026-09-16 → 2026-09-21) 51878 bytes
2026-09-16 09:34:12,117 [INFO] [OK] Brazil/ECM_ENSEMBLE_Soy_PRCP_DEP/cumulative dia 06 (2026-09-16 → 2026-09-22) 51321 bytes
2026-09-16 09:34:12,650 [INFO] [OK] Brazil/ECM_ENSEMBLE_Soy_PRCP_DEP/cumulative dia 07 (2026-09-16 → 2026-09-23) 51467 bytes
2026-09-16 09:34:13,274 [INFO] [OK] Brazil/ECM_ENSEMBLE_Soy_PRCP_DEP/cumulative dia 08 (2026-09-16 → 2026-09-24) 51503 bytes
2026-09-16 09:34:13,489 [INFO] [OK] Brazil/ECM_ENSEMBLE_Soy_PRCP_DEP/cumulative dia 09 (2026-09-16 → 2026-09-25) 52371 bytes
2026-09-16 09:34:14,097 [INFO] [OK] Brazil/ECM_ENSEMBLE_Soy_PRCP_DEP/cumulative dia 10 (2026-09-16 → 2026-09-26) 52518 bytes
2026-09-16 09:34:14,551 [INFO] [OK] Brazil/ECM_ENSEMBLE_Soy_PRCP_DEP/cumulative dia 11 (2026-09-16 → 2026-09-27) 52402 bytes
2026-09-16 09:34:14,765 [INFO] [OK] Brazil/ECM_ENSEMBLE_Soy_PRCP_DEP/cumulative dia 12 (2026-09-16 → 2026-09-28) 52856 bytes
2026-09-16 09:34:14,889 [INFO] [OK] Brazil/ECM_ENSEMBLE_Soy_PRCP/daily dia 00 (2026-09-16 → 2026-09-16) 29778 bytes
2026-09-16 09:34:15,350 [INFO] [OK] Brazil/ECM_ENSEMBLE_Soy_PRCP_DEP/cumulative dia 13 (2026-09-16 → 2026-09-29) 52778 bytes
2026-09-16 09:34:15,458 [INFO] [OK] Brazil/ECM_ENSEMBLE_Soy_PRCP/daily dia 01 (2026-09-17 → 2026-09-17) 30474 bytes
2026-09-16 09:34:15,895 [INFO] [OK] Brazil/ECM_ENSEMBLE_Soy_PRCP_DEP/cumulative dia 14 (2026-09-16 → 2026-09-30) 52518 bytes
2026-09-16 09:34:16,246 [INFO] [OK] Brazil/ECM_ENSEMBLE_Soy_PRCP/daily dia 02 (2026-09-18 → 2026-09-18) 33131 bytes
2026-09-16 09:34:16,249 [INFO] [OK] Brazil/ECM_ENSEMBLE_Soy_PRCP/daily dia 04 (2026-09-20 → 2026-09-20) 31868 bytes
2026-09-16 09:34:16,374 [INFO] [OK] Brazil/ECM_ENSEMBLE_Soy_PRCP/daily dia 03 (2026-09-19 → 2026-09-19) 34275 bytes
2026-09-16 09:34:16,652 [INFO] [OK] Brazil/ECM_ENSEMBLE_Soy_PRCP/daily dia 05 (2026-09-21 → 2026-09-21) 31871 bytes
2026-09-16 09:34:16,796 [INFO] [OK] Brazil/ECM_ENSEMBLE_Soy_PRCP/daily dia 06 (2026-09-22 → 2026-09-22) 33173 bytes
2026-09-16 09:34:17,185 [INFO] [OK] Brazil/ECM_ENSEMBLE_Soy_PRCP/daily dia 07 (2026-09-23 → 2026-09-23) 31824 bytes
2026-09-16 09:34:17,551 [INFO] [OK] Brazil/ECM_ENSEMBLE_Soy_PRCP/daily dia 08 (2026-09-24 → 2026-09-24) 30915 bytes
2026-09-16 09:34:17,570 [INFO] [OK] Brazil/ECM_ENSEMBLE_Soy_PRCP/daily dia 09 (2026-09-25 → 2026-09-25) 31553 bytes
2026-09-16 09:34:17,707 [INFO] [OK] Brazil/ECM_ENSEMBLE_Soy_PRCP/daily dia 10 (2026-09-26 → 2026-09-26) 31134 bytes
2026-09-16 09:34:17,936 [INFO] [OK] Brazil/ECM_ENSEMBLE_Soy_PRCP/daily dia 11 (2026-09-27 → 2026-09-27) 31805 bytes
2026-09-16 09:34:18,065 [INFO] [OK] Brazil/ECM_ENSEMBLE_Soy_PRCP/daily dia 12 (2026-09-28 → 2026-09-28) 32626 bytes
2026-09-16 09:34:18,519 [INFO] [OK] Brazil/ECM_ENSEMBLE_Soy_PRCP/daily dia 13 (2026-09-29 → 2026-09-29) 32702 bytes
2026-09-16 09:34:18,933 [INFO] [OK] Brazil/ECM_ENSEMBLE_Soy_PRCP/daily dia 14 (2026-09-30 → 2026-09-30) 32078 bytes
2026-09-16 09:34:18,969 [INFO] [OK] Brazil/ECM_ENSEMBLE_Soy_PRCP/cumulative dia 00 (2026-09-16 → 2026-09-16) 29778 bytes
2026-09-16 09:34:19,118 [INFO] [OK] Brazil/ECM_ENSEMBLE_Soy_PRCP/cumulative dia 01 (2026-09-16 → 2026-09-17) 31990 bytes
2026-09-16 09:34:19,565 [INFO] [OK] Brazil/ECM_ENSEMBLE_Soy_PRCP/cumulative dia 02 (2026-09-16 → 2026-09-18) 36133 bytes
2026-09-16 09:34:19,701 [INFO] [OK] Brazil/ECM_ENSEMBLE_Soy_PRCP/cumulative dia 03 (2026-09-16 → 2026-09-19) 39085 bytes
2026-09-16 09:34:20,130 [INFO] [OK] Brazil/ECM_ENSEMBLE_Soy_PRCP/cumulative dia 04 (2026-09-16 → 2026-09-20) 40036 bytes
2026-09-16 09:34:20,678 [INFO] [OK] Brazil/ECM_ENSEMBLE_Soy_PRCP/cumulative dia 05 (2026-09-16 → 2026-09-21) 40479 bytes
2026-09-16 09:34:20,802 [INFO] [OK] Brazil/ECM_ENSEMBLE_Soy_PRCP/cumulative dia 06 (2026-09-16 → 2026-09-22) 41236 bytes
2026-09-16 09:34:21,033 [INFO] [OK] Brazil/ECM_ENSEMBLE_Soy_PRCP/cumulative dia 07 (2026-09-16 → 2026-09-23) 42373 bytes
2026-09-16 09:34:21,590 [INFO] [OK] Brazil/ECM_ENSEMBLE_Soy_PRCP/cumulative dia 08 (2026-09-16 → 2026-09-24) 42835 bytes
2026-09-16 09:34:21,741 [INFO] [OK] Brazil/ECM_ENSEMBLE_Soy_PRCP/cumulative dia 09 (2026-09-16 → 2026-09-25) 43059 bytes
2026-09-16 09:34:22,309 [INFO] [OK] Brazil/ECM_ENSEMBLE_Soy_PRCP/cumulative dia 10 (2026-09-16 → 2026-09-26) 43499 bytes
2026-09-16 09:34:22,995 [INFO] [OK] Brazil/ECM_ENSEMBLE_Soy_PRCP/cumulative dia 11 (2026-09-16 → 2026-09-27) 44035 bytes
2026-09-16 09:34:23,140 [INFO] [OK] Brazil/ECM_ENSEMBLE_Soy_PRCP/cumulative dia 12 (2026-09-16 → 2026-09-28) 44503 bytes
2026-09-16 09:34:23,270 [INFO] [OK] Brazil/ECM_ENSEMBLE_Corn_Winter_PRCP_DEP/daily dia 00 (2026-09-16 → 2026-09-16) 40499 bytes
2026-09-16 09:34:23,655 [INFO] [OK] Brazil/ECM_ENSEMBLE_Soy_PRCP/cumulative dia 13 (2026-09-16 → 2026-09-29) 44951 bytes
2026-09-16 09:34:23,664 [INFO] [OK] Brazil/ECM_ENSEMBLE_Corn_Winter_PRCP_DEP/daily dia 01 (2026-09-17 → 2026-09-17) 43714 bytes
2026-09-16 09:34:23,949 [INFO] [OK] Brazil/ECM_ENSEMBLE_Soy_PRCP/cumulative dia 14 (2026-09-16 → 2026-09-30) 45415 bytes
2026-09-16 09:34:24,380 [INFO] [OK] Brazil/ECM_ENSEMBLE_Corn_Winter_PRCP_DEP/daily dia 02 (2026-09-18 → 2026-09-18) 46702 bytes
2026-09-16 09:34:24,520 [INFO] [OK] Brazil/ECM_ENSEMBLE_Corn_Winter_PRCP_DEP/daily dia 03 (2026-09-19 → 2026-09-19) 48531 bytes
2026-09-16 09:34:24,635 [INFO] [OK] Brazil/ECM_ENSEMBLE_Corn_Winter_PRCP_DEP/daily dia 04 (2026-09-20 → 2026-09-20) 45937 bytes
2026-09-16 09:34:25,087 [INFO] [OK] Brazil/ECM_ENSEMBLE_Corn_Winter_PRCP_DEP/daily dia 05 (2026-09-21 → 2026-09-21) 45476 bytes
2026-09-16 09:34:25,142 [INFO] [OK] Brazil/ECM_ENSEMBLE_Corn_Winter_PRCP_DEP/daily dia 06 (2026-09-22 → 2026-09-22) 44674 bytes
2026-09-16 09:34:25,325 [INFO] [OK] Brazil/ECM_ENSEMBLE_Corn_Winter_PRCP_DEP/daily dia 07 (2026-09-23 → 2026-09-23) 46665 bytes
2026-09-16 09:34:25,993 [INFO] [OK] Brazil/ECM_ENSEMBLE_Corn_Winter_PRCP_DEP/daily dia 10 (2026-09-26 → 2026-09-26) 52423 bytes
2026-09-16 09:34:26,057 [INFO] [OK] Brazil/ECM_ENSEMBLE_Corn_Winter_PRCP_DEP/daily dia 09 (2026-09-25 → 2026-09-25) 50797 bytes
2026-09-16 09:34:26,160 [INFO] [OK] Brazil/ECM_ENSEMBLE_Corn_Winter_PRCP_DEP/daily dia 08 (2026-09-24 → 2026-09-24) 47782 bytes
2026-09-16 09:34:26,402 [INFO] [OK] Brazil/ECM_ENSEMBLE_Corn_Winter_PRCP_DEP/daily dia 11 (2026-09-27 → 2026-09-27) 52810 bytes
2026-09-16 09:34:26,781 [INFO] [OK] Brazil/ECM_ENSEMBLE_Corn_Winter_PRCP_DEP/daily dia 12 (2026-09-28 → 2026-09-28) 52336 bytes
2026-09-16 09:34:26,898 [INFO] [OK] Brazil/ECM_ENSEMBLE_Corn_Winter_PRCP_DEP/daily dia 13 (2026-09-29 → 2026-09-29) 51104 bytes
2026-09-16 09:34:27,673 [INFO] [OK] Brazil/ECM_ENSEMBLE_Corn_Winter_PRCP_DEP/daily dia 14 (2026-09-30 → 2026-09-30) 51749 bytes
2026-09-16 09:34:27,692 [INFO] [OK] Brazil/ECM_ENSEMBLE_Corn_Winter_PRCP_DEP/cumulative dia 01 (2026-09-16 → 2026-09-17) 43745 bytes
2026-09-16 09:34:27,733 [INFO] [OK] Brazil/ECM_ENSEMBLE_Corn_Winter_PRCP_DEP/cumulative dia 00 (2026-09-16 → 2026-09-16) 40499 bytes
2026-09-16 09:34:27,958 [INFO] [OK] Brazil/ECM_ENSEMBLE_Corn_Winter_PRCP_DEP/cumulative dia 02 (2026-09-16 → 2026-09-18) 47355 bytes
2026-09-16 09:34:28,428 [INFO] [OK] Brazil/ECM_ENSEMBLE_Corn_Winter_PRCP_DEP/cumulative dia 03 (2026-09-16 → 2026-09-19) 50442 bytes
2026-09-16 09:34:28,591 [INFO] [OK] Brazil/ECM_ENSEMBLE_Corn_Winter_PRCP_DEP/cumulative dia 04 (2026-09-16 → 2026-09-20) 50938 bytes
2026-09-16 09:34:29,474 [INFO] [OK] Brazil/ECM_ENSEMBLE_Corn_Winter_PRCP_DEP/cumulative dia 05 (2026-09-16 → 2026-09-21) 50676 bytes
2026-09-16 09:34:29,603 [INFO] [OK] Brazil/ECM_ENSEMBLE_Corn_Winter_PRCP_DEP/cumulative dia 06 (2026-09-16 → 2026-09-22) 50223 bytes
2026-09-16 09:34:29,706 [INFO] [OK] Brazil/ECM_ENSEMBLE_Corn_Winter_PRCP_DEP/cumulative dia 07 (2026-09-16 → 2026-09-23) 50398 bytes
2026-09-16 09:34:30,103 [INFO] [OK] Brazil/ECM_ENSEMBLE_Corn_Winter_PRCP_DEP/cumulative dia 08 (2026-09-16 → 2026-09-24) 50476 bytes
2026-09-16 09:34:30,509 [INFO] [OK] Brazil/ECM_ENSEMBLE_Corn_Winter_PRCP_DEP/cumulative dia 09 (2026-09-16 → 2026-09-25) 51117 bytes
2026-09-16 09:34:30,767 [INFO] [OK] Brazil/ECM_ENSEMBLE_Corn_Winter_PRCP_DEP/cumulative dia 10 (2026-09-16 → 2026-09-26) 51014 bytes
2026-09-16 09:34:31,733 [INFO] [OK] Brazil/ECM_ENSEMBLE_Corn_Winter_PRCP_DEP/cumulative dia 11 (2026-09-16 → 2026-09-27) 51121 bytes
2026-09-16 09:34:31,836 [INFO] [OK] Brazil/ECM_ENSEMBLE_Corn_Winter_PRCP/daily dia 00 (2026-09-16 → 2026-09-16) 28310 bytes
2026-09-16 09:34:32,148 [INFO] [OK] Brazil/ECM_ENSEMBLE_Corn_Winter_PRCP_DEP/cumulative dia 12 (2026-09-16 → 2026-09-28) 51526 bytes
2026-09-16 09:34:32,216 [INFO] [OK] Brazil/ECM_ENSEMBLE_Corn_Winter_PRCP/daily dia 01 (2026-09-17 → 2026-09-17) 29039 bytes
2026-09-16 09:34:32,418 [INFO] [OK] Brazil/ECM_ENSEMBLE_Corn_Winter_PRCP_DEP/cumulative dia 13 (2026-09-16 → 2026-09-29) 51385 bytes
2026-09-16 09:34:32,689 [INFO] [OK] Brazil/ECM_ENSEMBLE_Corn_Winter_PRCP_DEP/cumulative dia 14 (2026-09-16 → 2026-09-30) 51190 bytes
2026-09-16 09:34:33,178 [INFO] [OK] Brazil/ECM_ENSEMBLE_Corn_Winter_PRCP/daily dia 02 (2026-09-18 → 2026-09-18) 31561 bytes
2026-09-16 09:34:33,203 [INFO] [OK] Brazil/ECM_ENSEMBLE_Corn_Winter_PRCP/daily dia 03 (2026-09-19 → 2026-09-19) 32818 bytes
2026-09-16 09:34:33,726 [INFO] [OK] Brazil/ECM_ENSEMBLE_Corn_Winter_PRCP/daily dia 05 (2026-09-21 → 2026-09-21) 30375 bytes
2026-09-16 09:34:33,727 [INFO] [OK] Brazil/ECM_ENSEMBLE_Corn_Winter_PRCP/daily dia 04 (2026-09-20 → 2026-09-20) 30409 bytes
2026-09-16 09:34:33,862 [INFO] [OK] Brazil/ECM_ENSEMBLE_Corn_Winter_PRCP/daily dia 06 (2026-09-22 → 2026-09-22) 31659 bytes
2026-09-16 09:34:34,070 [INFO] [OK] Brazil/ECM_ENSEMBLE_Corn_Winter_PRCP/daily dia 07 (2026-09-23 → 2026-09-23) 30336 bytes
2026-09-16 09:34:35,796 [INFO] [OK] Brazil/ECM_ENSEMBLE_Corn_Winter_PRCP/daily dia 11 (2026-09-27 → 2026-09-27) 30270 bytes
2026-09-16 09:34:35,838 [INFO] [OK] Brazil/ECM_ENSEMBLE_Corn_Winter_PRCP/daily dia 13 (2026-09-29 → 2026-09-29) 31249 bytes
2026-09-16 09:34:35,845 [INFO] [OK] Brazil/ECM_ENSEMBLE_Corn_Winter_PRCP/daily dia 10 (2026-09-26 → 2026-09-26) 29658 bytes
2026-09-16 09:34:35,877 [INFO] [OK] Brazil/ECM_ENSEMBLE_Corn_Winter_PRCP/daily dia 08 (2026-09-24 → 2026-09-24) 29432 bytes
2026-09-16 09:34:35,894 [INFO] [OK] Brazil/ECM_ENSEMBLE_Corn_Winter_PRCP/daily dia 12 (2026-09-28 → 2026-09-28) 31014 bytes
2026-09-16 09:34:35,899 [INFO] [OK] Brazil/ECM_ENSEMBLE_Corn_Winter_PRCP/daily dia 09 (2026-09-25 → 2026-09-25) 30155 bytes
2026-09-16 09:34:37,257 [INFO] [OK] Brazil/ECM_ENSEMBLE_Corn_Winter_PRCP/cumulative dia 00 (2026-09-16 → 2026-09-16) 28310 bytes
2026-09-16 09:34:37,363 [INFO] [OK] Brazil/ECM_ENSEMBLE_Corn_Winter_PRCP/daily dia 14 (2026-09-30 → 2026-09-30) 30589 bytes
2026-09-16 09:34:37,466 [INFO] [OK] Brazil/ECM_ENSEMBLE_Corn_Winter_PRCP/cumulative dia 02 (2026-09-16 → 2026-09-18) 34604 bytes
2026-09-16 09:34:37,499 [INFO] [OK] Brazil/ECM_ENSEMBLE_Corn_Winter_PRCP/cumulative dia 01 (2026-09-16 → 2026-09-17) 30668 bytes
2026-09-16 09:34:37,585 [INFO] [OK] Brazil/ECM_ENSEMBLE_Corn_Winter_PRCP/cumulative dia 04 (2026-09-16 → 2026-09-20) 38650 bytes
2026-09-16 09:34:37,697 [INFO] [OK] Brazil/ECM_ENSEMBLE_Corn_Winter_PRCP/cumulative dia 03 (2026-09-16 → 2026-09-19) 37629 bytes
2026-09-16 09:34:39,058 [INFO] [OK] Brazil/ECM_ENSEMBLE_Corn_Winter_PRCP/cumulative dia 05 (2026-09-16 → 2026-09-21) 39037 bytes
2026-09-16 09:34:39,323 [INFO] [OK] Brazil/ECM_ENSEMBLE_Corn_Winter_PRCP/cumulative dia 06 (2026-09-16 → 2026-09-22) 39877 bytes
2026-09-16 09:34:39,476 [INFO] [OK] Brazil/ECM_ENSEMBLE_Corn_Winter_PRCP/cumulative dia 07 (2026-09-16 → 2026-09-23) 41168 bytes
2026-09-16 09:34:39,532 [INFO] [OK] Brazil/ECM_ENSEMBLE_Corn_Winter_PRCP/cumulative dia 08 (2026-09-16 → 2026-09-24) 41401 bytes
2026-09-16 09:34:39,674 [INFO] [OK] Brazil/ECM_ENSEMBLE_Corn_Winter_PRCP/cumulative dia 09 (2026-09-16 → 2026-09-25) 41571 bytes
2026-09-16 09:34:39,854 [INFO] [OK] Brazil/ECM_ENSEMBLE_Corn_Winter_PRCP/cumulative dia 10 (2026-09-16 → 2026-09-26) 41994 bytes
2026-09-16 09:34:40,710 [INFO] [OK] Argentina/GFS_ENSEMBLE_Soy_PRCP_DEP/daily dia 00 (2026-09-16 → 2026-09-16) 29568 bytes
2026-09-16 09:34:40,834 [INFO] [OK] Argentina/GFS_ENSEMBLE_Soy_PRCP_DEP/daily dia 01 (2026-09-17 → 2026-09-17) 31498 bytes
2026-09-16 09:34:41,238 [INFO] [OK] Brazil/ECM_ENSEMBLE_Corn_Winter_PRCP/cumulative dia 11 (2026-09-16 → 2026-09-27) 42478 bytes
2026-09-16 09:34:41,714 [INFO] [OK] Brazil/ECM_ENSEMBLE_Corn_Winter_PRCP/cumulative dia 12 (2026-09-16 → 2026-09-28) 42747 bytes
2026-09-16 09:34:41,838 [INFO] [OK] Argentina/GFS_ENSEMBLE_Soy_PRCP_DEP/daily dia 03 (2026-09-19 → 2026-09-19) 41470 bytes
2026-09-16 09:34:41,957 [INFO] [OK] Argentina/GFS_ENSEMBLE_Soy_PRCP_DEP/daily dia 02 (2026-09-18 → 2026-09-18) 37195 bytes
2026-09-16 09:34:42,008 [INFO] [OK] Brazil/ECM_ENSEMBLE_Corn_Winter_PRCP/cumulative dia 13 (2026-09-16 → 2026-09-29) 43508 bytes
2026-09-16 09:34:42,131 [INFO] [OK] Brazil/ECM_ENSEMBLE_Corn_Winter_PRCP/cumulative dia 14 (2026-09-16 → 2026-09-30) 43955 bytes
2026-09-16 09:34:42,247 [INFO] [OK] Argentina/GFS_ENSEMBLE_Soy_PRCP_DEP/daily dia 04 (2026-09-20 → 2026-09-20) 38141 bytes
2026-09-16 09:34:42,760 [INFO] [OK] Argentina/GFS_ENSEMBLE_Soy_PRCP_DEP/daily dia 05 (2026-09-21 → 2026-09-21) 39158 bytes
2026-09-16 09:34:42,838 [INFO] [OK] Argentina/GFS_ENSEMBLE_Soy_PRCP_DEP/daily dia 06 (2026-09-22 → 2026-09-22) 39501 bytes
2026-09-16 09:34:43,014 [INFO] [OK] Argentina/GFS_ENSEMBLE_Soy_PRCP_DEP/daily dia 07 (2026-09-23 → 2026-09-23) 38893 bytes
2026-09-16 09:34:43,093 [INFO] [OK] Argentina/GFS_ENSEMBLE_Soy_PRCP_DEP/daily dia 08 (2026-09-24 → 2026-09-24) 36801 bytes
2026-09-16 09:34:43,187 [INFO] [OK] Argentina/GFS_ENSEMBLE_Soy_PRCP_DEP/daily dia 09 (2026-09-25 → 2026-09-25) 39514 bytes
2026-09-16 09:34:43,333 [INFO] [OK] Argentina/GFS_ENSEMBLE_Soy_PRCP_DEP/daily dia 10 (2026-09-26 → 2026-09-26) 40154 bytes
2026-09-16 09:34:43,833 [INFO] [OK] Argentina/GFS_ENSEMBLE_Soy_PRCP_DEP/daily dia 11 (2026-09-27 → 2026-09-27) 42063 bytes
2026-09-16 09:34:43,898 [INFO] [OK] Argentina/GFS_ENSEMBLE_Soy_PRCP_DEP/daily dia 12 (2026-09-28 → 2026-09-28) 44079 bytes
2026-09-16 09:34:44,083 [INFO] [OK] Argentina/GFS_ENSEMBLE_Soy_PRCP_DEP/daily dia 13 (2026-09-29 → 2026-09-29) 44396 bytes
2026-09-16 09:34:44,135 [INFO] [OK] Argentina/GFS_ENSEMBLE_Soy_PRCP_DEP/daily dia 14 (2026-09-30 → 2026-09-30) 44259 bytes
2026-09-16 09:34:44,185 [INFO] [OK] Argentina/GFS_ENSEMBLE_Soy_PRCP_DEP/cumulative dia 00 (2026-09-16 → 2026-09-16) 29568 bytes
2026-09-16 09:34:44,400 [INFO] [OK] Argentina/GFS_ENSEMBLE_Soy_PRCP_DEP/cumulative dia 01 (2026-09-16 → 2026-09-17) 31798 bytes
2026-09-16 09:34:44,916 [INFO] [OK] Argentina/GFS_ENSEMBLE_Soy_PRCP_DEP/cumulative dia 02 (2026-09-16 → 2026-09-18) 35559 bytes
2026-09-16 09:34:44,994 [INFO] [OK] Argentina/GFS_ENSEMBLE_Soy_PRCP_DEP/cumulative dia 03 (2026-09-16 → 2026-09-19) 39018 bytes
2026-09-16 09:34:45,339 [INFO] [OK] Argentina/GFS_ENSEMBLE_Soy_PRCP_DEP/cumulative dia 04 (2026-09-16 → 2026-09-20) 40938 bytes
2026-09-16 09:34:45,355 [INFO] [OK] Argentina/GFS_ENSEMBLE_Soy_PRCP_DEP/cumulative dia 05 (2026-09-16 → 2026-09-21) 41464 bytes
2026-09-16 09:34:45,488 [INFO] [OK] Argentina/GFS_ENSEMBLE_Soy_PRCP_DEP/cumulative dia 06 (2026-09-16 → 2026-09-22) 41501 bytes
2026-09-16 09:34:45,772 [INFO] [OK] Argentina/GFS_ENSEMBLE_Soy_PRCP_DEP/cumulative dia 07 (2026-09-16 → 2026-09-23) 42635 bytes
2026-09-16 09:34:46,311 [INFO] [OK] Argentina/GFS_ENSEMBLE_Soy_PRCP_DEP/cumulative dia 08 (2026-09-16 → 2026-09-24) 42514 bytes
2026-09-16 09:34:46,703 [INFO] [OK] Argentina/GFS_ENSEMBLE_Soy_PRCP_DEP/cumulative dia 09 (2026-09-16 → 2026-09-25) 42025 bytes
2026-09-16 09:34:46,981 [INFO] [OK] Argentina/GFS_ENSEMBLE_Soy_PRCP_DEP/cumulative dia 10 (2026-09-16 → 2026-09-26) 41973 bytes
2026-09-16 09:34:47,019 [INFO] [OK] Argentina/GFS_ENSEMBLE_Soy_PRCP_DEP/cumulative dia 11 (2026-09-16 → 2026-09-27) 41885 bytes
2026-09-16 09:34:47,051 [INFO] [OK] Argentina/GFS_ENSEMBLE_Soy_PRCP_DEP/cumulative dia 12 (2026-09-16 → 2026-09-28) 42017 bytes
2026-09-16 09:34:47,454 [INFO] [OK] Argentina/GFS_ENSEMBLE_Soy_PRCP_DEP/cumulative dia 13 (2026-09-16 → 2026-09-29) 42110 bytes
2026-09-16 09:34:47,693 [INFO] [OK] Argentina/GFS_ENSEMBLE_Soy_PRCP/daily dia 00 (2026-09-16 → 2026-09-16) 26054 bytes
2026-09-16 09:34:47,964 [INFO] [OK] Argentina/GFS_ENSEMBLE_Soy_PRCP_DEP/cumulative dia 14 (2026-09-16 → 2026-09-30) 42163 bytes
2026-09-16 09:34:48,068 [INFO] [OK] Argentina/GFS_ENSEMBLE_Soy_PRCP/daily dia 02 (2026-09-18 → 2026-09-18) 28962 bytes
2026-09-16 09:34:48,087 [INFO] [OK] Argentina/GFS_ENSEMBLE_Soy_PRCP/daily dia 01 (2026-09-17 → 2026-09-17) 26975 bytes
2026-09-16 09:34:48,185 [INFO] [OK] Argentina/GFS_ENSEMBLE_Soy_PRCP/daily dia 03 (2026-09-19 → 2026-09-19) 29883 bytes
2026-09-16 09:34:49,394 [INFO] [OK] Argentina/GFS_ENSEMBLE_Soy_PRCP/daily dia 09 (2026-09-25 → 2026-09-25) 28848 bytes
2026-09-16 09:34:49,432 [INFO] [OK] Argentina/GFS_ENSEMBLE_Soy_PRCP/daily dia 06 (2026-09-22 → 2026-09-22) 30115 bytes
2026-09-16 09:34:49,456 [INFO] [OK] Argentina/GFS_ENSEMBLE_Soy_PRCP/daily dia 04 (2026-09-20 → 2026-09-20) 28814 bytes
2026-09-16 09:34:49,463 [INFO] [OK] Argentina/GFS_ENSEMBLE_Soy_PRCP/daily dia 05 (2026-09-21 → 2026-09-21) 28875 bytes
2026-09-16 09:34:49,485 [INFO] [OK] Argentina/GFS_ENSEMBLE_Soy_PRCP/daily dia 07 (2026-09-23 → 2026-09-23) 29341 bytes
2026-09-16 09:34:49,688 [INFO] [OK] Argentina/GFS_ENSEMBLE_Soy_PRCP/daily dia 08 (2026-09-24 → 2026-09-24) 28958 bytes
2026-09-16 09:34:50,418 [INFO] [OK] Argentina/GFS_ENSEMBLE_Soy_PRCP/daily dia 10 (2026-09-26 → 2026-09-26) 27802 bytes
2026-09-16 09:34:50,452 [INFO] [OK] Argentina/GFS_ENSEMBLE_Soy_PRCP/daily dia 13 (2026-09-29 → 2026-09-29) 29852 bytes
2026-09-16 09:34:50,455 [INFO] [OK] Argentina/GFS_ENSEMBLE_Soy_PRCP/daily dia 12 (2026-09-28 → 2026-09-28) 28665 bytes
2026-09-16 09:34:50,492 [INFO] [OK] Argentina/GFS_ENSEMBLE_Soy_PRCP/daily dia 11 (2026-09-27 → 2026-09-27) 28107 bytes
2026-09-16 09:34:50,717 [INFO] [OK] Argentina/GFS_ENSEMBLE_Soy_PRCP/daily dia 14 (2026-09-30 → 2026-09-30) 29883 bytes
2026-09-16 09:34:50,994 [INFO] [OK] Argentina/GFS_ENSEMBLE_Soy_PRCP/cumulative dia 00 (2026-09-16 → 2026-09-16) 26054 bytes
2026-09-16 09:34:51,480 [INFO] [OK] Argentina/GFS_ENSEMBLE_Soy_PRCP/cumulative dia 02 (2026-09-16 → 2026-09-18) 30204 bytes
2026-09-16 09:34:51,502 [INFO] [OK] Argentina/GFS_ENSEMBLE_Soy_PRCP/cumulative dia 01 (2026-09-16 → 2026-09-17) 27633 bytes
2026-09-16 09:34:51,595 [INFO] [OK] Argentina/GFS_ENSEMBLE_Soy_PRCP/cumulative dia 03 (2026-09-16 → 2026-09-19) 32642 bytes
2026-09-16 09:34:51,716 [INFO] [OK] Argentina/GFS_ENSEMBLE_Soy_PRCP/cumulative dia 04 (2026-09-16 → 2026-09-20) 34756 bytes
2026-09-16 09:34:52,014 [INFO] [OK] Argentina/GFS_ENSEMBLE_Soy_PRCP/cumulative dia 05 (2026-09-16 → 2026-09-21) 35349 bytes
2026-09-16 09:34:52,238 [INFO] [OK] Argentina/GFS_ENSEMBLE_Soy_PRCP/cumulative dia 06 (2026-09-16 → 2026-09-22) 36183 bytes
2026-09-16 09:34:52,922 [INFO] [OK] Argentina/GFS_ENSEMBLE_Soy_PRCP/cumulative dia 08 (2026-09-16 → 2026-09-24) 37337 bytes
2026-09-16 09:34:53,038 [INFO] [OK] Argentina/GFS_ENSEMBLE_Soy_PRCP/cumulative dia 07 (2026-09-16 → 2026-09-23) 36840 bytes
2026-09-16 09:34:53,050 [INFO] [OK] Argentina/GFS_ENSEMBLE_Soy_PRCP/cumulative dia 09 (2026-09-16 → 2026-09-25) 37568 bytes
2026-09-16 09:34:53,230 [INFO] [OK] Argentina/GFS_ENSEMBLE_Soy_PRCP/cumulative dia 10 (2026-09-16 → 2026-09-26) 37786 bytes
2026-09-16 09:34:53,580 [INFO] [OK] Argentina/GFS_ENSEMBLE_Soy_PRCP/cumulative dia 11 (2026-09-16 → 2026-09-27) 37944 bytes
2026-09-16 09:34:53,783 [INFO] [OK] Argentina/GFS_ENSEMBLE_Soy_PRCP/cumulative dia 12 (2026-09-16 → 2026-09-28) 38370 bytes
2026-09-16 09:34:53,998 [INFO] [OK] Argentina/GFS_ENSEMBLE_Corn_Winter_PRCP_DEP/daily dia 00 (2026-09-16 → 2026-09-16) 27870 bytes
2026-09-16 09:34:54,280 [INFO] [OK] Argentina/GFS_ENSEMBLE_Corn_Winter_PRCP_DEP/daily dia 01 (2026-09-17 → 2026-09-17) 29559 bytes
2026-09-16 09:34:54,524 [INFO] [OK] Argentina/GFS_ENSEMBLE_Soy_PRCP/cumulative dia 13 (2026-09-16 → 2026-09-29) 38968 bytes
2026-09-16 09:34:54,601 [INFO] [OK] Argentina/GFS_ENSEMBLE_Corn_Winter_PRCP_DEP/daily dia 02 (2026-09-18 → 2026-09-18) 35454 bytes
2026-09-16 09:34:54,651 [INFO] [OK] Argentina/GFS_ENSEMBLE_Soy_PRCP/cumulative dia 14 (2026-09-16 → 2026-09-30) 39130 bytes
2026-09-16 09:34:54,817 [INFO] [OK] Argentina/GFS_ENSEMBLE_Corn_Winter_PRCP_DEP/daily dia 03 (2026-09-19 → 2026-09-19) 39910 bytes
2026-09-16 09:34:55,016 [INFO] [OK] Argentina/GFS_ENSEMBLE_Corn_Winter_PRCP_DEP/daily dia 04 (2026-09-20 → 2026-09-20) 36386 bytes
2026-09-16 09:34:55,335 [INFO] [OK] Argentina/GFS_ENSEMBLE_Corn_Winter_PRCP_DEP/daily dia 05 (2026-09-21 → 2026-09-21) 37496 bytes
2026-09-16 09:34:55,585 [INFO] [OK] Argentina/GFS_ENSEMBLE_Corn_Winter_PRCP_DEP/daily dia 06 (2026-09-22 → 2026-09-22) 37903 bytes
2026-09-16 09:34:55,630 [INFO] [OK] Argentina/GFS_ENSEMBLE_Corn_Winter_PRCP_DEP/daily dia 07 (2026-09-23 → 2026-09-23) 37214 bytes
2026-09-16 09:34:55,670 [INFO] [OK] Argentina/GFS_ENSEMBLE_Corn_Winter_PRCP_DEP/daily dia 08 (2026-09-24 → 2026-09-24) 35273 bytes
2026-09-16 09:34:55,812 [INFO] [OK] Argentina/GFS_ENSEMBLE_Corn_Winter_PRCP_DEP/daily dia 09 (2026-09-25 → 2026-09-25) 37816 bytes
2026-09-16 09:34:56,160 [INFO] [OK] Argentina/GFS_ENSEMBLE_Corn_Winter_PRCP_DEP/daily dia 10 (2026-09-26 → 2026-09-26) 38572 bytes
2026-09-16 09:34:56,402 [INFO] [OK] Argentina/GFS_ENSEMBLE_Corn_Winter_PRCP_DEP/daily dia 11 (2026-09-27 → 2026-09-27) 40478 bytes
2026-09-16 09:34:56,688 [INFO] [OK] Argentina/GFS_ENSEMBLE_Corn_Winter_PRCP_DEP/daily dia 12 (2026-09-28 → 2026-09-28) 42309 bytes
2026-09-16 09:34:56,796 [INFO] [OK] Argentina/GFS_ENSEMBLE_Corn_Winter_PRCP_DEP/daily dia 13 (2026-09-29 → 2026-09-29) 42934 bytes
2026-09-16 09:34:56,808 [INFO] [OK] Argentina/GFS_ENSEMBLE_Corn_Winter_PRCP_DEP/cumulative dia 00 (2026-09-16 → 2026-09-16) 27870 bytes
2026-09-16 09:34:56,876 [INFO] [OK] Argentina/GFS_ENSEMBLE_Corn_Winter_PRCP_DEP/daily dia 14 (2026-09-30 → 2026-09-30) 42744 bytes
2026-09-16 09:34:57,272 [INFO] [OK] Argentina/GFS_ENSEMBLE_Corn_Winter_PRCP_DEP/cumulative dia 01 (2026-09-16 → 2026-09-17) 30367 bytes
2026-09-16 09:34:57,541 [INFO] [OK] Argentina/GFS_ENSEMBLE_Corn_Winter_PRCP_DEP/cumulative dia 02 (2026-09-16 → 2026-09-18) 33961 bytes
2026-09-16 09:34:58,040 [INFO] [OK] Argentina/GFS_ENSEMBLE_Corn_Winter_PRCP_DEP/cumulative dia 03 (2026-09-16 → 2026-09-19) 37365 bytes
2026-09-16 09:34:58,101 [INFO] [OK] Argentina/GFS_ENSEMBLE_Corn_Winter_PRCP_DEP/cumulative dia 04 (2026-09-16 → 2026-09-20) 39220 bytes
2026-09-16 09:34:58,329 [INFO] [OK] Argentina/GFS_ENSEMBLE_Corn_Winter_PRCP_DEP/cumulative dia 05 (2026-09-16 → 2026-09-21) 39751 bytes
2026-09-16 09:34:58,598 [INFO] [OK] Argentina/GFS_ENSEMBLE_Corn_Winter_PRCP_DEP/cumulative dia 06 (2026-09-16 → 2026-09-22) 40013 bytes
2026-09-16 09:34:58,851 [INFO] [OK] Argentina/GFS_ENSEMBLE_Corn_Winter_PRCP_DEP/cumulative dia 07 (2026-09-16 → 2026-09-23) 41047 bytes
2026-09-16 09:34:59,151 [INFO] [OK] Argentina/GFS_ENSEMBLE_Corn_Winter_PRCP_DEP/cumulative dia 08 (2026-09-16 → 2026-09-24) 40859 bytes
2026-09-16 09:34:59,626 [INFO] [OK] Argentina/GFS_ENSEMBLE_Corn_Winter_PRCP_DEP/cumulative dia 09 (2026-09-16 → 2026-09-25) 40280 bytes
2026-09-16 09:34:59,952 [INFO] [OK] Argentina/GFS_ENSEMBLE_Corn_Winter_PRCP_DEP/cumulative dia 10 (2026-09-16 → 2026-09-26) 40350 bytes
2026-09-16 09:35:00,172 [INFO] [OK] Argentina/GFS_ENSEMBLE_Corn_Winter_PRCP_DEP/cumulative dia 11 (2026-09-16 → 2026-09-27) 40499 bytes
2026-09-16 09:35:00,480 [INFO] [OK] Argentina/GFS_ENSEMBLE_Corn_Winter_PRCP_DEP/cumulative dia 12 (2026-09-16 → 2026-09-28) 40389 bytes
2026-09-16 09:35:00,605 [INFO] [OK] Argentina/GFS_ENSEMBLE_Corn_Winter_PRCP/daily dia 00 (2026-09-16 → 2026-09-16) 24149 bytes
2026-09-16 09:35:00,647 [INFO] [OK] Argentina/GFS_ENSEMBLE_Corn_Winter_PRCP_DEP/cumulative dia 13 (2026-09-16 → 2026-09-29) 40445 bytes
2026-09-16 09:35:00,862 [INFO] [OK] Argentina/GFS_ENSEMBLE_Corn_Winter_PRCP_DEP/cumulative dia 14 (2026-09-16 → 2026-09-30) 40723 bytes
2026-09-16 09:35:00,895 [INFO] [OK] Argentina/GFS_ENSEMBLE_Corn_Winter_PRCP/daily dia 01 (2026-09-17 → 2026-09-17) 24998 bytes
2026-09-16 09:35:01,127 [INFO] [OK] Argentina/GFS_ENSEMBLE_Corn_Winter_PRCP/daily dia 02 (2026-09-18 → 2026-09-18) 27135 bytes
2026-09-16 09:35:01,462 [INFO] [OK] Argentina/GFS_ENSEMBLE_Corn_Winter_PRCP/daily dia 03 (2026-09-19 → 2026-09-19) 28055 bytes
2026-09-16 09:35:01,616 [INFO] [OK] Argentina/GFS_ENSEMBLE_Corn_Winter_PRCP/daily dia 04 (2026-09-20 → 2026-09-20) 27073 bytes
2026-09-16 09:35:01,813 [INFO] [OK] Argentina/GFS_ENSEMBLE_Corn_Winter_PRCP/daily dia 05 (2026-09-21 → 2026-09-21) 26828 bytes
2026-09-16 09:35:01,893 [INFO] [OK] Argentina/GFS_ENSEMBLE_Corn_Winter_PRCP/daily dia 07 (2026-09-23 → 2026-09-23) 27588 bytes
2026-09-16 09:35:01,916 [INFO] [OK] Argentina/GFS_ENSEMBLE_Corn_Winter_PRCP/daily dia 06 (2026-09-22 → 2026-09-22) 28238 bytes
2026-09-16 09:35:02,126 [INFO] [OK] Argentina/GFS_ENSEMBLE_Corn_Winter_PRCP/daily dia 08 (2026-09-24 → 2026-09-24) 27177 bytes
2026-09-16 09:35:02,427 [INFO] [OK] Argentina/GFS_ENSEMBLE_Corn_Winter_PRCP/daily dia 09 (2026-09-25 → 2026-09-25) 27128 bytes
2026-09-16 09:35:02,596 [INFO] [OK] Argentina/GFS_ENSEMBLE_Corn_Winter_PRCP/daily dia 10 (2026-09-26 → 2026-09-26) 25970 bytes
2026-09-16 09:35:02,809 [INFO] [OK] Argentina/GFS_ENSEMBLE_Corn_Winter_PRCP/daily dia 11 (2026-09-27 → 2026-09-27) 26158 bytes
2026-09-16 09:35:02,872 [INFO] [OK] Argentina/GFS_ENSEMBLE_Corn_Winter_PRCP/daily dia 13 (2026-09-29 → 2026-09-29) 28123 bytes
2026-09-16 09:35:02,912 [INFO] [OK] Argentina/GFS_ENSEMBLE_Corn_Winter_PRCP/daily dia 12 (2026-09-28 → 2026-09-28) 26872 bytes
2026-09-16 09:35:03,119 [INFO] [OK] Argentina/GFS_ENSEMBLE_Corn_Winter_PRCP/daily dia 14 (2026-09-30 → 2026-09-30) 28256 bytes
2026-09-16 09:35:03,430 [INFO] [OK] Argentina/GFS_ENSEMBLE_Corn_Winter_PRCP/cumulative dia 00 (2026-09-16 → 2026-09-16) 24149 bytes
2026-09-16 09:35:03,758 [INFO] [OK] Argentina/GFS_ENSEMBLE_Corn_Winter_PRCP/cumulative dia 01 (2026-09-16 → 2026-09-17) 25638 bytes
2026-09-16 09:35:04,107 [INFO] [OK] Argentina/GFS_ENSEMBLE_Corn_Winter_PRCP/cumulative dia 02 (2026-09-16 → 2026-09-18) 28336 bytes
2026-09-16 09:35:04,187 [INFO] [OK] Argentina/GFS_ENSEMBLE_Corn_Winter_PRCP/cumulative dia 03 (2026-09-16 → 2026-09-19) 30846 bytes
2026-09-16 09:35:04,266 [INFO] [OK] Argentina/GFS_ENSEMBLE_Corn_Winter_PRCP/cumulative dia 04 (2026-09-16 → 2026-09-20) 32954 bytes
2026-09-16 09:35:04,606 [INFO] [OK] Argentina/GFS_ENSEMBLE_Corn_Winter_PRCP/cumulative dia 05 (2026-09-16 → 2026-09-21) 33248 bytes
2026-09-16 09:35:04,800 [INFO] [OK] Argentina/GFS_ENSEMBLE_Corn_Winter_PRCP/cumulative dia 06 (2026-09-16 → 2026-09-22) 34491 bytes
2026-09-16 09:35:05,081 [INFO] [OK] Argentina/GFS_ENSEMBLE_Corn_Winter_PRCP/cumulative dia 07 (2026-09-16 → 2026-09-23) 35166 bytes
2026-09-16 09:35:05,460 [INFO] [OK] Argentina/GFS_ENSEMBLE_Corn_Winter_PRCP/cumulative dia 08 (2026-09-16 → 2026-09-24) 35712 bytes
2026-09-16 09:35:05,625 [INFO] [OK] Argentina/GFS_ENSEMBLE_Corn_Winter_PRCP/cumulative dia 09 (2026-09-16 → 2026-09-25) 35792 bytes
2026-09-16 09:35:05,850 [INFO] [OK] Argentina/GFS_ENSEMBLE_Corn_Winter_PRCP/cumulative dia 10 (2026-09-16 → 2026-09-26) 36043 bytes
2026-09-16 09:35:06,154 [INFO] [OK] Argentina/GFS_ENSEMBLE_Corn_Winter_PRCP/cumulative dia 11 (2026-09-16 → 2026-09-27) 36389 bytes
2026-09-16 09:35:06,355 [INFO] [OK] Argentina/GFS_ENSEMBLE_Corn_Winter_PRCP/cumulative dia 12 (2026-09-16 → 2026-09-28) 36824 bytes
2026-09-16 09:35:06,654 [INFO] [OK] Argentina/ECM_ENSEMBLE_Soy_PRCP_DEP/daily dia 00 (2026-09-16 → 2026-09-16) 31450 bytes
2026-09-16 09:35:06,738 [INFO] [OK] Argentina/GFS_ENSEMBLE_Corn_Winter_PRCP/cumulative dia 13 (2026-09-16 → 2026-09-29) 37153 bytes
2026-09-16 09:35:06,997 [INFO] [OK] Argentina/ECM_ENSEMBLE_Soy_PRCP_DEP/daily dia 01 (2026-09-17 → 2026-09-17) 34242 bytes
2026-09-16 09:35:07,476 [INFO] [OK] Argentina/GFS_ENSEMBLE_Corn_Winter_PRCP/cumulative dia 14 (2026-09-16 → 2026-09-30) 37415 bytes
2026-09-16 09:35:08,156 [INFO] [OK] Argentina/ECM_ENSEMBLE_Soy_PRCP_DEP/daily dia 02 (2026-09-18 → 2026-09-18) 39817 bytes
2026-09-16 09:35:08,365 [INFO] [OK] Argentina/ECM_ENSEMBLE_Soy_PRCP_DEP/daily dia 03 (2026-09-19 → 2026-09-19) 41679 bytes
2026-09-16 09:35:08,369 [INFO] [OK] Argentina/ECM_ENSEMBLE_Soy_PRCP_DEP/daily dia 04 (2026-09-20 → 2026-09-20) 39501 bytes
2026-09-16 09:35:08,407 [INFO] [OK] Argentina/ECM_ENSEMBLE_Soy_PRCP_DEP/daily dia 06 (2026-09-22 → 2026-09-22) 39442 bytes
2026-09-16 09:35:08,407 [INFO] [OK] Argentina/ECM_ENSEMBLE_Soy_PRCP_DEP/daily dia 05 (2026-09-21 → 2026-09-21) 42717 bytes
2026-09-16 09:35:09,488 [INFO] [OK] Argentina/ECM_ENSEMBLE_Soy_PRCP_DEP/daily dia 09 (2026-09-25 → 2026-09-25) 42296 bytes
2026-09-16 09:35:09,497 [INFO] [OK] Argentina/ECM_ENSEMBLE_Soy_PRCP_DEP/daily dia 11 (2026-09-27 → 2026-09-27) 44501 bytes
2026-09-16 09:35:09,552 [INFO] [OK] Argentina/ECM_ENSEMBLE_Soy_PRCP_DEP/daily dia 08 (2026-09-24 → 2026-09-24) 41379 bytes
2026-09-16 09:35:09,559 [INFO] [OK] Argentina/ECM_ENSEMBLE_Soy_PRCP_DEP/daily dia 07 (2026-09-23 → 2026-09-23) 40400 bytes
2026-09-16 09:35:09,593 [INFO] [OK] Argentina/ECM_ENSEMBLE_Soy_PRCP_DEP/daily dia 10 (2026-09-26 → 2026-09-26) 44267 bytes
2026-09-16 09:35:09,727 [INFO] [OK] Argentina/ECM_ENSEMBLE_Soy_PRCP_DEP/daily dia 12 (2026-09-28 → 2026-09-28) 44970 bytes
2026-09-16 09:35:10,680 [INFO] [OK] Argentina/ECM_ENSEMBLE_Soy_PRCP_DEP/cumulative dia 00 (2026-09-16 → 2026-09-16) 31450 bytes
2026-09-16 09:35:10,716 [INFO] [OK] Argentina/ECM_ENSEMBLE_Soy_PRCP_DEP/daily dia 14 (2026-09-30 → 2026-09-30) 43660 bytes
2026-09-16 09:35:10,874 [INFO] [OK] Argentina/ECM_ENSEMBLE_Soy_PRCP_DEP/daily dia 13 (2026-09-29 → 2026-09-29) 42689 bytes
2026-09-16 09:35:10,896 [INFO] [OK] Argentina/ECM_ENSEMBLE_Soy_PRCP_DEP/cumulative dia 01 (2026-09-16 → 2026-09-17) 34319 bytes
2026-09-16 09:35:10,899 [INFO] [OK] Argentina/ECM_ENSEMBLE_Soy_PRCP_DEP/cumulative dia 02 (2026-09-16 → 2026-09-18) 38349 bytes
2026-09-16 09:35:11,051 [INFO] [OK] Argentina/ECM_ENSEMBLE_Soy_PRCP_DEP/cumulative dia 03 (2026-09-16 → 2026-09-19) 42610 bytes
2026-09-16 09:35:12,015 [INFO] [OK] Argentina/ECM_ENSEMBLE_Soy_PRCP_DEP/cumulative dia 04 (2026-09-16 → 2026-09-20) 43524 bytes
2026-09-16 09:35:12,039 [INFO] [OK] Argentina/ECM_ENSEMBLE_Soy_PRCP_DEP/cumulative dia 05 (2026-09-16 → 2026-09-21) 43639 bytes
2026-09-16 09:35:12,220 [INFO] [OK] Argentina/ECM_ENSEMBLE_Soy_PRCP_DEP/cumulative dia 06 (2026-09-16 → 2026-09-22) 42841 bytes
2026-09-16 09:35:12,262 [INFO] [OK] Argentina/ECM_ENSEMBLE_Soy_PRCP_DEP/cumulative dia 07 (2026-09-16 → 2026-09-23) 43186 bytes
2026-09-16 09:35:12,335 [INFO] [OK] Argentina/ECM_ENSEMBLE_Soy_PRCP_DEP/cumulative dia 08 (2026-09-16 → 2026-09-24) 43469 bytes
2026-09-16 09:35:12,724 [INFO] [OK] Argentina/ECM_ENSEMBLE_Soy_PRCP_DEP/cumulative dia 09 (2026-09-16 → 2026-09-25) 43448 bytes
2026-09-16 09:35:13,563 [INFO] [OK] Argentina/ECM_ENSEMBLE_Soy_PRCP_DEP/cumulative dia 10 (2026-09-16 → 2026-09-26) 43432 bytes
2026-09-16 09:35:13,571 [INFO] [OK] Argentina/ECM_ENSEMBLE_Soy_PRCP_DEP/cumulative dia 11 (2026-09-16 → 2026-09-27) 43225 bytes
2026-09-16 09:35:13,911 [INFO] [OK] Argentina/ECM_ENSEMBLE_Soy_PRCP_DEP/cumulative dia 12 (2026-09-16 → 2026-09-28) 43516 bytes
2026-09-16 09:35:13,951 [INFO] [OK] Argentina/ECM_ENSEMBLE_Soy_PRCP_DEP/cumulative dia 13 (2026-09-16 → 2026-09-29) 43235 bytes
2026-09-16 09:35:13,951 [INFO] [OK] Argentina/ECM_ENSEMBLE_Soy_PRCP/daily dia 00 (2026-09-16 → 2026-09-16) 26479 bytes
2026-09-16 09:35:14,043 [INFO] [OK] Argentina/ECM_ENSEMBLE_Soy_PRCP_DEP/cumulative dia 14 (2026-09-16 → 2026-09-30) 42937 bytes
2026-09-16 09:35:14,570 [INFO] [OK] Argentina/ECM_ENSEMBLE_Soy_PRCP/daily dia 01 (2026-09-17 → 2026-09-17) 27008 bytes
2026-09-16 09:35:14,610 [INFO] [OK] Argentina/ECM_ENSEMBLE_Soy_PRCP/daily dia 02 (2026-09-18 → 2026-09-18) 30824 bytes
2026-09-16 09:35:15,103 [INFO] [OK] Argentina/ECM_ENSEMBLE_Soy_PRCP/daily dia 03 (2026-09-19 → 2026-09-19) 32341 bytes
2026-09-16 09:35:15,295 [INFO] [OK] Argentina/ECM_ENSEMBLE_Soy_PRCP/daily dia 05 (2026-09-21 → 2026-09-21) 30569 bytes
2026-09-16 09:35:15,300 [INFO] [OK] Argentina/ECM_ENSEMBLE_Soy_PRCP/daily dia 04 (2026-09-20 → 2026-09-20) 30117 bytes
2026-09-16 09:35:15,438 [INFO] [OK] Argentina/ECM_ENSEMBLE_Soy_PRCP/daily dia 06 (2026-09-22 → 2026-09-22) 31424 bytes
2026-09-16 09:35:15,595 [INFO] [OK] Argentina/ECM_ENSEMBLE_Soy_PRCP/daily dia 07 (2026-09-23 → 2026-09-23) 29941 bytes
2026-09-16 09:35:15,640 [INFO] [OK] Argentina/ECM_ENSEMBLE_Soy_PRCP/daily dia 08 (2026-09-24 → 2026-09-24) 29682 bytes
2026-09-16 09:35:16,240 [INFO] [OK] Argentina/ECM_ENSEMBLE_Soy_PRCP/daily dia 09 (2026-09-25 → 2026-09-25) 29177 bytes
2026-09-16 09:35:16,350 [INFO] [OK] Argentina/ECM_ENSEMBLE_Soy_PRCP/daily dia 11 (2026-09-27 → 2026-09-27) 28782 bytes
2026-09-16 09:35:16,363 [INFO] [OK] Argentina/ECM_ENSEMBLE_Soy_PRCP/daily dia 10 (2026-09-26 → 2026-09-26) 27956 bytes
2026-09-16 09:35:16,474 [INFO] [OK] Argentina/ECM_ENSEMBLE_Soy_PRCP/daily dia 12 (2026-09-28 → 2026-09-28) 29587 bytes
2026-09-16 09:35:16,738 [INFO] [OK] Argentina/ECM_ENSEMBLE_Soy_PRCP/daily dia 14 (2026-09-30 → 2026-09-30) 29245 bytes
2026-09-16 09:35:16,740 [INFO] [OK] Argentina/ECM_ENSEMBLE_Soy_PRCP/daily dia 13 (2026-09-29 → 2026-09-29) 29827 bytes
2026-09-16 09:35:17,464 [INFO] [OK] Argentina/ECM_ENSEMBLE_Soy_PRCP/cumulative dia 01 (2026-09-16 → 2026-09-17) 27900 bytes
2026-09-16 09:35:17,470 [INFO] [OK] Argentina/ECM_ENSEMBLE_Soy_PRCP/cumulative dia 00 (2026-09-16 → 2026-09-16) 26479 bytes
2026-09-16 09:35:17,751 [INFO] [OK] Argentina/ECM_ENSEMBLE_Soy_PRCP/cumulative dia 02 (2026-09-16 → 2026-09-18) 32329 bytes
2026-09-16 09:35:17,752 [INFO] [OK] Argentina/ECM_ENSEMBLE_Soy_PRCP/cumulative dia 03 (2026-09-16 → 2026-09-19) 35236 bytes
2026-09-16 09:35:18,030 [INFO] [OK] Argentina/ECM_ENSEMBLE_Soy_PRCP/cumulative dia 04 (2026-09-16 → 2026-09-20) 36053 bytes
2026-09-16 09:35:18,033 [INFO] [OK] Argentina/ECM_ENSEMBLE_Soy_PRCP/cumulative dia 05 (2026-09-16 → 2026-09-21) 36702 bytes
2026-09-16 09:35:18,900 [INFO] [OK] Argentina/ECM_ENSEMBLE_Soy_PRCP/cumulative dia 07 (2026-09-16 → 2026-09-23) 38154 bytes
2026-09-16 09:35:18,902 [INFO] [OK] Argentina/ECM_ENSEMBLE_Soy_PRCP/cumulative dia 06 (2026-09-16 → 2026-09-22) 37458 bytes
2026-09-16 09:35:19,559 [INFO] [OK] Argentina/ECM_ENSEMBLE_Soy_PRCP/cumulative dia 09 (2026-09-16 → 2026-09-25) 38970 bytes
2026-09-16 09:35:19,562 [INFO] [OK] Argentina/ECM_ENSEMBLE_Soy_PRCP/cumulative dia 08 (2026-09-16 → 2026-09-24) 38466 bytes
2026-09-16 09:35:19,829 [INFO] [OK] Argentina/ECM_ENSEMBLE_Soy_PRCP/cumulative dia 10 (2026-09-16 → 2026-09-26) 38823 bytes
2026-09-16 09:35:19,833 [INFO] [OK] Argentina/ECM_ENSEMBLE_Soy_PRCP/cumulative dia 11 (2026-09-16 → 2026-09-27) 38756 bytes
2026-09-16 09:35:20,508 [INFO] [OK] Argentina/ECM_ENSEMBLE_Soy_PRCP/cumulative dia 12 (2026-09-16 → 2026-09-28) 39513 bytes
2026-09-16 09:35:20,529 [INFO] [OK] Argentina/ECM_ENSEMBLE_Soy_PRCP/cumulative dia 13 (2026-09-16 → 2026-09-29) 39562 bytes
2026-09-16 09:35:20,782 [INFO] [OK] Argentina/ECM_ENSEMBLE_Corn_Winter_PRCP_DEP/daily dia 00 (2026-09-16 → 2026-09-16) 29662 bytes
2026-09-16 09:35:20,888 [INFO] [OK] Argentina/ECM_ENSEMBLE_Corn_Winter_PRCP_DEP/daily dia 01 (2026-09-17 → 2026-09-17) 32745 bytes
2026-09-16 09:35:20,944 [INFO] [OK] Argentina/ECM_ENSEMBLE_Corn_Winter_PRCP_DEP/daily dia 02 (2026-09-18 → 2026-09-18) 38065 bytes
2026-09-16 09:35:21,142 [INFO] [OK] Argentina/ECM_ENSEMBLE_Soy_PRCP/cumulative dia 14 (2026-09-16 → 2026-09-30) 39776 bytes
2026-09-16 09:35:21,580 [INFO] [OK] Argentina/ECM_ENSEMBLE_Corn_Winter_PRCP_DEP/daily dia 04 (2026-09-20 → 2026-09-20) 38051 bytes
2026-09-16 09:35:21,636 [INFO] [OK] Argentina/ECM_ENSEMBLE_Corn_Winter_PRCP_DEP/daily dia 03 (2026-09-19 → 2026-09-19) 40384 bytes
2026-09-16 09:35:21,986 [INFO] [OK] Argentina/ECM_ENSEMBLE_Corn_Winter_PRCP_DEP/daily dia 06 (2026-09-22 → 2026-09-22) 37953 bytes
2026-09-16 09:35:22,002 [INFO] [OK] Argentina/ECM_ENSEMBLE_Corn_Winter_PRCP_DEP/daily dia 05 (2026-09-21 → 2026-09-21) 40900 bytes
2026-09-16 09:35:22,155 [INFO] [OK] Argentina/ECM_ENSEMBLE_Corn_Winter_PRCP_DEP/daily dia 07 (2026-09-23 → 2026-09-23) 38837 bytes
2026-09-16 09:35:22,182 [INFO] [OK] Argentina/ECM_ENSEMBLE_Corn_Winter_PRCP_DEP/daily dia 08 (2026-09-24 → 2026-09-24) 39455 bytes
2026-09-16 09:35:22,602 [INFO] [OK] Argentina/ECM_ENSEMBLE_Corn_Winter_PRCP_DEP/daily dia 09 (2026-09-25 → 2026-09-25) 40793 bytes
2026-09-16 09:35:22,646 [INFO] [OK] Argentina/ECM_ENSEMBLE_Corn_Winter_PRCP_DEP/daily dia 10 (2026-09-26 → 2026-09-26) 42383 bytes
2026-09-16 09:35:23,172 [INFO] [OK] Argentina/ECM_ENSEMBLE_Corn_Winter_PRCP_DEP/daily dia 14 (2026-09-30 → 2026-09-30) 42376 bytes
2026-09-16 09:35:23,285 [INFO] [OK] Argentina/ECM_ENSEMBLE_Corn_Winter_PRCP_DEP/daily dia 12 (2026-09-28 → 2026-09-28) 43378 bytes
2026-09-16 09:35:23,287 [INFO] [OK] Argentina/ECM_ENSEMBLE_Corn_Winter_PRCP_DEP/daily dia 11 (2026-09-27 → 2026-09-27) 42985 bytes
2026-09-16 09:35:23,389 [INFO] [OK] Argentina/ECM_ENSEMBLE_Corn_Winter_PRCP_DEP/daily dia 13 (2026-09-29 → 2026-09-29) 41335 bytes
2026-09-16 09:35:23,593 [INFO] [OK] Argentina/ECM_ENSEMBLE_Corn_Winter_PRCP_DEP/cumulative dia 00 (2026-09-16 → 2026-09-16) 29662 bytes
2026-09-16 09:35:23,667 [INFO] [OK] Argentina/ECM_ENSEMBLE_Corn_Winter_PRCP_DEP/cumulative dia 01 (2026-09-16 → 2026-09-17) 32740 bytes
2026-09-16 09:35:24,274 [INFO] [OK] Argentina/ECM_ENSEMBLE_Corn_Winter_PRCP_DEP/cumulative dia 02 (2026-09-16 → 2026-09-18) 36775 bytes
2026-09-16 09:35:24,615 [INFO] [OK] Argentina/ECM_ENSEMBLE_Corn_Winter_PRCP_DEP/cumulative dia 03 (2026-09-16 → 2026-09-19) 41384 bytes
2026-09-16 09:35:24,616 [INFO] [OK] Argentina/ECM_ENSEMBLE_Corn_Winter_PRCP_DEP/cumulative dia 04 (2026-09-16 → 2026-09-20) 42105 bytes
2026-09-16 09:35:24,717 [INFO] [OK] Argentina/ECM_ENSEMBLE_Corn_Winter_PRCP_DEP/cumulative dia 05 (2026-09-16 → 2026-09-21) 42310 bytes
2026-09-16 09:35:24,926 [INFO] [OK] Argentina/ECM_ENSEMBLE_Corn_Winter_PRCP_DEP/cumulative dia 06 (2026-09-16 → 2026-09-22) 41321 bytes
2026-09-16 09:35:25,030 [INFO] [OK] Argentina/ECM_ENSEMBLE_Corn_Winter_PRCP_DEP/cumulative dia 07 (2026-09-16 → 2026-09-23) 41785 bytes
2026-09-16 09:35:25,653 [INFO] [OK] Argentina/ECM_ENSEMBLE_Corn_Winter_PRCP_DEP/cumulative dia 08 (2026-09-16 → 2026-09-24) 42011 bytes
2026-09-16 09:35:26,196 [INFO] [OK] Argentina/ECM_ENSEMBLE_Corn_Winter_PRCP_DEP/cumulative dia 09 (2026-09-16 → 2026-09-25) 42003 bytes
2026-09-16 09:35:26,237 [INFO] [OK] Argentina/ECM_ENSEMBLE_Corn_Winter_PRCP_DEP/cumulative dia 10 (2026-09-16 → 2026-09-26) 42007 bytes
2026-09-16 09:35:26,357 [INFO] [OK] Argentina/ECM_ENSEMBLE_Corn_Winter_PRCP_DEP/cumulative dia 11 (2026-09-16 → 2026-09-27) 42093 bytes
2026-09-16 09:35:26,494 [INFO] [OK] Argentina/ECM_ENSEMBLE_Corn_Winter_PRCP_DEP/cumulative dia 12 (2026-09-16 → 2026-09-28) 42082 bytes
2026-09-16 09:35:26,779 [INFO] [OK] Argentina/ECM_ENSEMBLE_Corn_Winter_PRCP_DEP/cumulative dia 13 (2026-09-16 → 2026-09-29) 41693 bytes
2026-09-16 09:35:27,287 [INFO] [OK] Argentina/ECM_ENSEMBLE_Corn_Winter_PRCP_DEP/cumulative dia 14 (2026-09-16 → 2026-09-30) 41568 bytes
2026-09-16 09:35:27,459 [INFO] [OK] Argentina/ECM_ENSEMBLE_Corn_Winter_PRCP/daily dia 00 (2026-09-16 → 2026-09-16) 24719 bytes
2026-09-16 09:35:27,467 [INFO] [OK] Argentina/ECM_ENSEMBLE_Corn_Winter_PRCP/daily dia 02 (2026-09-18 → 2026-09-18) 28879 bytes
2026-09-16 09:35:27,561 [INFO] [OK] Argentina/ECM_ENSEMBLE_Corn_Winter_PRCP/daily dia 01 (2026-09-17 → 2026-09-17) 25172 bytes
2026-09-16 09:35:27,710 [INFO] [OK] Argentina/ECM_ENSEMBLE_Corn_Winter_PRCP/daily dia 03 (2026-09-19 → 2026-09-19) 30543 bytes
2026-09-16 09:35:27,812 [INFO] [OK] Argentina/ECM_ENSEMBLE_Corn_Winter_PRCP/daily dia 04 (2026-09-20 → 2026-09-20) 28417 bytes
2026-09-16 09:35:28,300 [INFO] [OK] Argentina/ECM_ENSEMBLE_Corn_Winter_PRCP/daily dia 05 (2026-09-21 → 2026-09-21) 28854 bytes
2026-09-16 09:35:28,837 [INFO] [OK] Argentina/ECM_ENSEMBLE_Corn_Winter_PRCP/daily dia 07 (2026-09-23 → 2026-09-23) 28173 bytes
2026-09-16 09:35:28,838 [INFO] [OK] Argentina/ECM_ENSEMBLE_Corn_Winter_PRCP/daily dia 09 (2026-09-25 → 2026-09-25) 27420 bytes
2026-09-16 09:35:28,843 [INFO] [OK] Argentina/ECM_ENSEMBLE_Corn_Winter_PRCP/daily dia 06 (2026-09-22 → 2026-09-22) 29552 bytes
2026-09-16 09:35:28,844 [INFO] [OK] Argentina/ECM_ENSEMBLE_Corn_Winter_PRCP/daily dia 08 (2026-09-24 → 2026-09-24) 28078 bytes
2026-09-16 09:35:28,847 [INFO] [OK] Argentina/ECM_ENSEMBLE_Corn_Winter_PRCP/daily dia 10 (2026-09-26 → 2026-09-26) 26269 bytes
2026-09-16 09:35:29,467 [INFO] [OK] Argentina/ECM_ENSEMBLE_Corn_Winter_PRCP/daily dia 11 (2026-09-27 → 2026-09-27) 27030 bytes
2026-09-16 09:35:29,850 [INFO] [OK] Argentina/ECM_ENSEMBLE_Corn_Winter_PRCP/daily dia 12 (2026-09-28 → 2026-09-28) 27746 bytes
2026-09-16 09:35:29,853 [INFO] [OK] Argentina/ECM_ENSEMBLE_Corn_Winter_PRCP/cumulative dia 00 (2026-09-16 → 2026-09-16) 24719 bytes
2026-09-16 09:35:29,933 [INFO] [OK] Argentina/ECM_ENSEMBLE_Corn_Winter_PRCP/daily dia 14 (2026-09-30 → 2026-09-30) 27490 bytes
2026-09-16 09:35:29,961 [INFO] [OK] Argentina/ECM_ENSEMBLE_Corn_Winter_PRCP/cumulative dia 01 (2026-09-16 → 2026-09-17) 26120 bytes
2026-09-16 09:35:30,026 [INFO] [OK] Argentina/ECM_ENSEMBLE_Corn_Winter_PRCP/daily dia 13 (2026-09-29 → 2026-09-29) 28146 bytes
2026-09-16 09:35:30,552 [INFO] [OK] Argentina/ECM_ENSEMBLE_Corn_Winter_PRCP/cumulative dia 02 (2026-09-16 → 2026-09-18) 30465 bytes
2026-09-16 09:35:31,033 [INFO] [OK] Argentina/ECM_ENSEMBLE_Corn_Winter_PRCP/cumulative dia 03 (2026-09-16 → 2026-09-19) 33625 bytes
2026-09-16 09:35:31,147 [INFO] [OK] Argentina/ECM_ENSEMBLE_Corn_Winter_PRCP/cumulative dia 04 (2026-09-16 → 2026-09-20) 34369 bytes
2026-09-16 09:35:31,194 [INFO] [OK] Argentina/ECM_ENSEMBLE_Corn_Winter_PRCP/cumulative dia 05 (2026-09-16 → 2026-09-21) 34994 bytes
2026-09-16 09:35:31,306 [INFO] [OK] Argentina/ECM_ENSEMBLE_Corn_Winter_PRCP/cumulative dia 06 (2026-09-16 → 2026-09-22) 35805 bytes
2026-09-16 09:35:31,392 [INFO] [OK] Argentina/ECM_ENSEMBLE_Corn_Winter_PRCP/cumulative dia 07 (2026-09-16 → 2026-09-23) 36555 bytes
2026-09-16 09:35:31,967 [INFO] [OK] Argentina/ECM_ENSEMBLE_Corn_Winter_PRCP/cumulative dia 08 (2026-09-16 → 2026-09-24) 36624 bytes
2026-09-16 09:35:32,442 [INFO] [OK] Argentina/ECM_ENSEMBLE_Corn_Winter_PRCP/cumulative dia 09 (2026-09-16 → 2026-09-25) 37108 bytes
2026-09-16 09:35:32,748 [INFO] [OK] Argentina/ECM_ENSEMBLE_Corn_Winter_PRCP/cumulative dia 10 (2026-09-16 → 2026-09-26) 37067 bytes
2026-09-16 09:35:32,802 [INFO] [OK] Argentina/ECM_ENSEMBLE_Corn_Winter_PRCP/cumulative dia 11 (2026-09-16 → 2026-09-27) 37057 bytes
2026-09-16 09:35:32,903 [INFO] [OK] Argentina/ECM_ENSEMBLE_Corn_Winter_PRCP/cumulative dia 12 (2026-09-16 → 2026-09-28) 37578 bytes
2026-09-16 09:35:32,993 [INFO] [OK] Argentina/ECM_ENSEMBLE_Corn_Winter_PRCP/cumulative dia 13 (2026-09-16 → 2026-09-29) 37781 bytes
2026-09-16 09:35:33,542 [INFO] [OK] Argentina/ECM_ENSEMBLE_Corn_Winter_PRCP/cumulative dia 14 (2026-09-16 → 2026-09-30) 37948 bytes
2026-09-16 09:35:34,170 [INFO] [OK] USA/GFS_ENSEMBLE_Corn_PRCP_DEP/daily dia 00 (2026-09-16 → 2026-09-16) 48725 bytes
2026-09-16 09:35:34,464 [INFO] [OK] USA/GFS_ENSEMBLE_Corn_PRCP_DEP/daily dia 02 (2026-09-18 → 2026-09-18) 52660 bytes
2026-09-16 09:35:34,560 [INFO] [OK] USA/GFS_ENSEMBLE_Corn_PRCP_DEP/daily dia 01 (2026-09-17 → 2026-09-17) 52025 bytes
2026-09-16 09:35:36,223 [INFO] [OK] USA/GFS_ENSEMBLE_Corn_PRCP_DEP/daily dia 03 (2026-09-19 → 2026-09-19) 54835 bytes
2026-09-16 09:35:36,228 [INFO] [OK] USA/GFS_ENSEMBLE_Corn_PRCP_DEP/daily dia 04 (2026-09-20 → 2026-09-20) 53623 bytes
2026-09-16 09:35:36,231 [INFO] [OK] USA/GFS_ENSEMBLE_Corn_PRCP_DEP/daily dia 05 (2026-09-21 → 2026-09-21) 55347 bytes
2026-09-16 09:35:36,233 [INFO] [OK] USA/GFS_ENSEMBLE_Corn_PRCP_DEP/daily dia 06 (2026-09-22 → 2026-09-22) 56718 bytes
2026-09-16 09:35:36,276 [INFO] [OK] USA/GFS_ENSEMBLE_Corn_PRCP_DEP/daily dia 07 (2026-09-23 → 2026-09-23) 55708 bytes
2026-09-16 09:35:36,298 [INFO] [OK] USA/GFS_ENSEMBLE_Corn_PRCP_DEP/daily dia 08 (2026-09-24 → 2026-09-24) 56022 bytes
2026-09-16 09:35:38,174 [INFO] [OK] USA/GFS_ENSEMBLE_Corn_PRCP_DEP/daily dia 09 (2026-09-25 → 2026-09-25) 58001 bytes
2026-09-16 09:35:38,404 [INFO] [OK] USA/GFS_ENSEMBLE_Corn_PRCP_DEP/daily dia 10 (2026-09-26 → 2026-09-26) 60094 bytes
2026-09-16 09:35:38,444 [INFO] [OK] USA/GFS_ENSEMBLE_Corn_PRCP_DEP/daily dia 12 (2026-09-28 → 2026-09-28) 60196 bytes
2026-09-16 09:35:38,445 [INFO] [OK] USA/GFS_ENSEMBLE_Corn_PRCP_DEP/daily dia 11 (2026-09-27 → 2026-09-27) 60727 bytes
2026-09-16 09:35:38,447 [INFO] [OK] USA/GFS_ENSEMBLE_Corn_PRCP_DEP/daily dia 13 (2026-09-29 → 2026-09-29) 61316 bytes
2026-09-16 09:35:38,541 [INFO] [OK] USA/GFS_ENSEMBLE_Corn_PRCP_DEP/daily dia 14 (2026-09-30 → 2026-09-30) 61684 bytes
2026-09-16 09:35:41,011 [INFO] [OK] USA/GFS_ENSEMBLE_Corn_PRCP_DEP/cumulative dia 00 (2026-09-16 → 2026-09-16) 48725 bytes
2026-09-16 09:35:41,304 [INFO] [OK] USA/GFS_ENSEMBLE_Corn_PRCP_DEP/cumulative dia 03 (2026-09-16 → 2026-09-19) 55279 bytes
2026-09-16 09:35:41,415 [INFO] [OK] USA/GFS_ENSEMBLE_Corn_PRCP_DEP/cumulative dia 04 (2026-09-16 → 2026-09-20) 57058 bytes
2026-09-16 09:35:41,724 [INFO] [OK] USA/GFS_ENSEMBLE_Corn_PRCP_DEP/cumulative dia 02 (2026-09-16 → 2026-09-18) 54843 bytes
2026-09-16 09:35:41,741 [INFO] [OK] USA/GFS_ENSEMBLE_Corn_PRCP_DEP/cumulative dia 01 (2026-09-16 → 2026-09-17) 53624 bytes
2026-09-16 09:35:42,781 [INFO] [OK] USA/GFS_ENSEMBLE_Corn_PRCP_DEP/cumulative dia 05 (2026-09-16 → 2026-09-21) 58537 bytes
2026-09-16 09:35:43,951 [INFO] [OK] USA/GFS_ENSEMBLE_Corn_PRCP_DEP/cumulative dia 06 (2026-09-16 → 2026-09-22) 59382 bytes
2026-09-16 09:35:44,615 [INFO] [OK] USA/GFS_ENSEMBLE_Corn_PRCP_DEP/cumulative dia 07 (2026-09-16 → 2026-09-23) 60582 bytes
2026-09-16 09:35:44,962 [INFO] [OK] USA/GFS_ENSEMBLE_Corn_PRCP_DEP/cumulative dia 08 (2026-09-16 → 2026-09-24) 60525 bytes
2026-09-16 09:35:44,963 [INFO] [OK] USA/GFS_ENSEMBLE_Corn_PRCP_DEP/cumulative dia 09 (2026-09-16 → 2026-09-25) 60380 bytes
2026-09-16 09:35:45,583 [INFO] [OK] USA/GFS_ENSEMBLE_Corn_PRCP_DEP/cumulative dia 10 (2026-09-16 → 2026-09-26) 60425 bytes
2026-09-16 09:35:47,181 [INFO] [OK] USA/GFS_ENSEMBLE_Corn_PRCP_DEP/cumulative dia 11 (2026-09-16 → 2026-09-27) 60563 bytes
2026-09-16 09:35:47,184 [INFO] [OK] USA/GFS_ENSEMBLE_Corn_PRCP/daily dia 01 (2026-09-17 → 2026-09-17) 38310 bytes
2026-09-16 09:35:47,187 [INFO] [OK] USA/GFS_ENSEMBLE_Corn_PRCP/daily dia 00 (2026-09-16 → 2026-09-16) 37433 bytes
2026-09-16 09:35:47,448 [INFO] [OK] USA/GFS_ENSEMBLE_Corn_PRCP_DEP/cumulative dia 12 (2026-09-16 → 2026-09-28) 60338 bytes
2026-09-16 09:35:47,922 [INFO] [OK] USA/GFS_ENSEMBLE_Corn_PRCP_DEP/cumulative dia 13 (2026-09-16 → 2026-09-29) 60424 bytes
2026-09-16 09:35:48,059 [INFO] [OK] USA/GFS_ENSEMBLE_Corn_PRCP_DEP/cumulative dia 14 (2026-09-16 → 2026-09-30) 59770 bytes
2026-09-16 09:35:48,839 [INFO] [OK] USA/GFS_ENSEMBLE_Corn_PRCP/daily dia 02 (2026-09-18 → 2026-09-18) 39363 bytes
2026-09-16 09:35:48,840 [INFO] [OK] USA/GFS_ENSEMBLE_Corn_PRCP/daily dia 03 (2026-09-19 → 2026-09-19) 39138 bytes
2026-09-16 09:35:48,851 [INFO] [OK] USA/GFS_ENSEMBLE_Corn_PRCP/daily dia 04 (2026-09-20 → 2026-09-20) 37682 bytes
2026-09-16 09:35:49,268 [INFO] [OK] USA/GFS_ENSEMBLE_Corn_PRCP/daily dia 05 (2026-09-21 → 2026-09-21) 36148 bytes
2026-09-16 09:35:49,612 [INFO] [OK] USA/GFS_ENSEMBLE_Corn_PRCP/daily dia 06 (2026-09-22 → 2026-09-22) 36893 bytes
2026-09-16 09:35:49,785 [INFO] [OK] USA/GFS_ENSEMBLE_Corn_PRCP/daily dia 07 (2026-09-23 → 2026-09-23) 36654 bytes
2026-09-16 09:35:50,544 [INFO] [OK] USA/GFS_ENSEMBLE_Corn_PRCP/daily dia 10 (2026-09-26 → 2026-09-26) 36831 bytes
2026-09-16 09:35:50,544 [INFO] [OK] USA/GFS_ENSEMBLE_Corn_PRCP/daily dia 08 (2026-09-24 → 2026-09-24) 35425 bytes
2026-09-16 09:35:50,647 [INFO] [OK] USA/GFS_ENSEMBLE_Corn_PRCP/daily dia 09 (2026-09-25 → 2026-09-25) 35892 bytes
2026-09-16 09:35:51,275 [INFO] [OK] USA/GFS_ENSEMBLE_Corn_PRCP/daily dia 11 (2026-09-27 → 2026-09-27) 36116 bytes
2026-09-16 09:35:51,302 [INFO] [OK] USA/GFS_ENSEMBLE_Corn_PRCP/daily dia 12 (2026-09-28 → 2026-09-28) 36014 bytes
2026-09-16 09:35:51,667 [INFO] [OK] USA/GFS_ENSEMBLE_Corn_PRCP/daily dia 13 (2026-09-29 → 2026-09-29) 37645 bytes
2026-09-16 09:35:52,252 [INFO] [OK] USA/GFS_ENSEMBLE_Corn_PRCP/daily dia 14 (2026-09-30 → 2026-09-30) 37289 bytes
2026-09-16 09:35:52,295 [INFO] [OK] USA/GFS_ENSEMBLE_Corn_PRCP/cumulative dia 00 (2026-09-16 → 2026-09-16) 37433 bytes
2026-09-16 09:35:52,436 [INFO] [OK] USA/GFS_ENSEMBLE_Corn_PRCP/cumulative dia 01 (2026-09-16 → 2026-09-17) 41497 bytes
2026-09-16 09:35:53,548 [INFO] [OK] USA/GFS_ENSEMBLE_Corn_PRCP/cumulative dia 02 (2026-09-16 → 2026-09-18) 44665 bytes
2026-09-16 09:35:53,775 [INFO] [OK] USA/GFS_ENSEMBLE_Corn_PRCP/cumulative dia 03 (2026-09-16 → 2026-09-19) 46133 bytes
2026-09-16 09:35:54,303 [INFO] [OK] USA/GFS_ENSEMBLE_Corn_PRCP/cumulative dia 04 (2026-09-16 → 2026-09-20) 47311 bytes
2026-09-16 09:35:54,779 [INFO] [OK] USA/GFS_ENSEMBLE_Corn_PRCP/cumulative dia 05 (2026-09-16 → 2026-09-21) 47588 bytes
2026-09-16 09:35:54,985 [INFO] [OK] USA/GFS_ENSEMBLE_Corn_PRCP/cumulative dia 06 (2026-09-16 → 2026-09-22) 48757 bytes
2026-09-16 09:35:55,429 [INFO] [OK] USA/GFS_ENSEMBLE_Corn_PRCP/cumulative dia 07 (2026-09-16 → 2026-09-23) 49230 bytes
2026-09-16 09:35:56,453 [INFO] [OK] USA/GFS_ENSEMBLE_Corn_PRCP/cumulative dia 08 (2026-09-16 → 2026-09-24) 50418 bytes
2026-09-16 09:35:56,988 [INFO] [OK] USA/GFS_ENSEMBLE_Corn_PRCP/cumulative dia 09 (2026-09-16 → 2026-09-25) 50506 bytes
2026-09-16 09:35:57,787 [INFO] [OK] USA/GFS_ENSEMBLE_Corn_PRCP/cumulative dia 10 (2026-09-16 → 2026-09-26) 50448 bytes
2026-09-16 09:35:58,782 [INFO] [OK] USA/GFS_ENSEMBLE_Corn_PRCP/cumulative dia 12 (2026-09-16 → 2026-09-28) 51065 bytes
2026-09-16 09:35:58,783 [INFO] [OK] USA/GFS_ENSEMBLE_Corn_PRCP/cumulative dia 11 (2026-09-16 → 2026-09-27) 51126 bytes
2026-09-16 09:35:59,053 [INFO] [OK] USA/GFS_ENSEMBLE_Soy_PRCP_DEP/daily dia 00 (2026-09-16 → 2026-09-16) 48405 bytes
2026-09-16 09:35:59,401 [INFO] [OK] USA/GFS_ENSEMBLE_Corn_PRCP/cumulative dia 13 (2026-09-16 → 2026-09-29) 51462 bytes
2026-09-16 09:35:59,828 [INFO] [OK] USA/GFS_ENSEMBLE_Soy_PRCP_DEP/daily dia 01 (2026-09-17 → 2026-09-17) 51607 bytes
2026-09-16 09:36:00,972 [INFO] [OK] USA/GFS_ENSEMBLE_Corn_PRCP/cumulative dia 14 (2026-09-16 → 2026-09-30) 51433 bytes
2026-09-16 09:36:01,411 [INFO] [OK] USA/GFS_ENSEMBLE_Soy_PRCP_DEP/daily dia 02 (2026-09-18 → 2026-09-18) 52473 bytes
2026-09-16 09:36:01,522 [INFO] [OK] USA/GFS_ENSEMBLE_Soy_PRCP_DEP/daily dia 03 (2026-09-19 → 2026-09-19) 54499 bytes
2026-09-16 09:36:01,552 [INFO] [OK] USA/GFS_ENSEMBLE_Soy_PRCP_DEP/daily dia 04 (2026-09-20 → 2026-09-20) 53279 bytes
2026-09-16 09:36:01,772 [INFO] [OK] USA/GFS_ENSEMBLE_Soy_PRCP_DEP/daily dia 05 (2026-09-21 → 2026-09-21) 54976 bytes
2026-09-16 09:36:01,983 [INFO] [OK] USA/GFS_ENSEMBLE_Soy_PRCP_DEP/daily dia 06 (2026-09-22 → 2026-09-22) 56428 bytes
2026-09-16 09:36:02,656 [INFO] [OK] USA/GFS_ENSEMBLE_Soy_PRCP_DEP/daily dia 07 (2026-09-23 → 2026-09-23) 55246 bytes
2026-09-16 09:36:03,384 [INFO] [OK] USA/GFS_ENSEMBLE_Soy_PRCP_DEP/daily dia 08 (2026-09-24 → 2026-09-24) 55598 bytes
2026-09-16 09:36:03,585 [INFO] [OK] USA/GFS_ENSEMBLE_Soy_PRCP_DEP/daily dia 10 (2026-09-26 → 2026-09-26) 59954 bytes
2026-09-16 09:36:03,740 [INFO] [OK] USA/GFS_ENSEMBLE_Soy_PRCP_DEP/daily dia 09 (2026-09-25 → 2026-09-25) 57694 bytes
2026-09-16 09:36:03,743 [INFO] [OK] USA/GFS_ENSEMBLE_Soy_PRCP_DEP/daily dia 11 (2026-09-27 → 2026-09-27) 60718 bytes
2026-09-16 09:36:04,415 [INFO] [OK] USA/GFS_ENSEMBLE_Soy_PRCP_DEP/daily dia 12 (2026-09-28 → 2026-09-28) 60077 bytes
2026-09-16 09:36:04,467 [INFO] [OK] USA/GFS_ENSEMBLE_Soy_PRCP_DEP/daily dia 13 (2026-09-29 → 2026-09-29) 61093 bytes
2026-09-16 09:36:05,292 [INFO] [OK] USA/GFS_ENSEMBLE_Soy_PRCP_DEP/daily dia 14 (2026-09-30 → 2026-09-30) 61246 bytes
2026-09-16 09:36:05,425 [INFO] [OK] USA/GFS_ENSEMBLE_Soy_PRCP_DEP/cumulative dia 00 (2026-09-16 → 2026-09-16) 48405 bytes
2026-09-16 09:36:06,396 [INFO] [OK] USA/GFS_ENSEMBLE_Soy_PRCP_DEP/cumulative dia 01 (2026-09-16 → 2026-09-17) 53234 bytes
2026-09-16 09:36:06,413 [INFO] [OK] USA/GFS_ENSEMBLE_Soy_PRCP_DEP/cumulative dia 02 (2026-09-16 → 2026-09-18) 54380 bytes
2026-09-16 09:36:06,543 [INFO] [OK] USA/GFS_ENSEMBLE_Soy_PRCP_DEP/cumulative dia 03 (2026-09-16 → 2026-09-19) 54980 bytes
2026-09-16 09:36:06,830 [INFO] [OK] USA/GFS_ENSEMBLE_Soy_PRCP_DEP/cumulative dia 04 (2026-09-16 → 2026-09-20) 56560 bytes
2026-09-16 09:36:07,958 [INFO] [OK] USA/GFS_ENSEMBLE_Soy_PRCP_DEP/cumulative dia 05 (2026-09-16 → 2026-09-21) 58058 bytes
2026-09-16 09:36:08,179 [INFO] [OK] USA/GFS_ENSEMBLE_Soy_PRCP_DEP/cumulative dia 06 (2026-09-16 → 2026-09-22) 58984 bytes
2026-09-16 09:36:09,797 [INFO] [OK] USA/GFS_ENSEMBLE_Soy_PRCP_DEP/cumulative dia 07 (2026-09-16 → 2026-09-23) 60325 bytes
2026-09-16 09:36:10,659 [INFO] [OK] USA/GFS_ENSEMBLE_Soy_PRCP_DEP/cumulative dia 08 (2026-09-16 → 2026-09-24) 60244 bytes
2026-09-16 09:36:10,931 [INFO] [OK] USA/GFS_ENSEMBLE_Soy_PRCP_DEP/cumulative dia 09 (2026-09-16 → 2026-09-25) 60159 bytes
2026-09-16 09:36:11,232 [INFO] [OK] USA/GFS_ENSEMBLE_Soy_PRCP_DEP/cumulative dia 10 (2026-09-16 → 2026-09-26) 60231 bytes
2026-09-16 09:36:11,986 [INFO] [OK] USA/GFS_ENSEMBLE_Soy_PRCP_DEP/cumulative dia 11 (2026-09-16 → 2026-09-27) 60452 bytes
2026-09-16 09:36:12,684 [INFO] [OK] USA/GFS_ENSEMBLE_Soy_PRCP_DEP/cumulative dia 12 (2026-09-16 → 2026-09-28) 60223 bytes
2026-09-16 09:36:13,116 [INFO] [OK] USA/GFS_ENSEMBLE_Soy_PRCP/daily dia 00 (2026-09-16 → 2026-09-16) 36902 bytes
2026-09-16 09:36:13,251 [INFO] [OK] USA/GFS_ENSEMBLE_Soy_PRCP/daily dia 01 (2026-09-17 → 2026-09-17) 37925 bytes
2026-09-16 09:36:13,707 [INFO] [OK] USA/GFS_ENSEMBLE_Soy_PRCP_DEP/cumulative dia 13 (2026-09-16 → 2026-09-29) 60332 bytes
2026-09-16 09:36:13,831 [INFO] [OK] USA/GFS_ENSEMBLE_Soy_PRCP/daily dia 02 (2026-09-18 → 2026-09-18) 38906 bytes
2026-09-16 09:36:14,429 [INFO] [OK] USA/GFS_ENSEMBLE_Soy_PRCP_DEP/cumulative dia 14 (2026-09-16 → 2026-09-30) 59503 bytes
2026-09-16 09:36:14,542 [INFO] [OK] USA/GFS_ENSEMBLE_Soy_PRCP/daily dia 03 (2026-09-19 → 2026-09-19) 38915 bytes
2026-09-16 09:36:14,921 [INFO] [OK] USA/GFS_ENSEMBLE_Soy_PRCP/daily dia 04 (2026-09-20 → 2026-09-20) 37291 bytes
2026-09-16 09:36:15,034 [INFO] [OK] USA/GFS_ENSEMBLE_Soy_PRCP/daily dia 05 (2026-09-21 → 2026-09-21) 35570 bytes
2026-09-16 09:36:15,521 [INFO] [OK] USA/GFS_ENSEMBLE_Soy_PRCP/daily dia 06 (2026-09-22 → 2026-09-22) 36257 bytes
2026-09-16 09:36:15,538 [INFO] [OK] USA/GFS_ENSEMBLE_Soy_PRCP/daily dia 07 (2026-09-23 → 2026-09-23) 36062 bytes
2026-09-16 09:36:16,154 [INFO] [OK] USA/GFS_ENSEMBLE_Soy_PRCP/daily dia 08 (2026-09-24 → 2026-09-24) 34918 bytes
2026-09-16 09:36:16,342 [INFO] [OK] USA/GFS_ENSEMBLE_Soy_PRCP/daily dia 09 (2026-09-25 → 2026-09-25) 35415 bytes
2026-09-16 09:36:16,740 [INFO] [OK] USA/GFS_ENSEMBLE_Soy_PRCP/daily dia 10 (2026-09-26 → 2026-09-26) 36451 bytes
2026-09-16 09:36:16,786 [INFO] [OK] USA/GFS_ENSEMBLE_Soy_PRCP/daily dia 11 (2026-09-27 → 2026-09-27) 35833 bytes
2026-09-16 09:36:17,215 [INFO] [OK] USA/GFS_ENSEMBLE_Soy_PRCP/daily dia 13 (2026-09-29 → 2026-09-29) 37242 bytes
2026-09-16 09:36:17,329 [INFO] [OK] USA/GFS_ENSEMBLE_Soy_PRCP/daily dia 12 (2026-09-28 → 2026-09-28) 35645 bytes
2026-09-16 09:36:17,806 [INFO] [OK] USA/GFS_ENSEMBLE_Soy_PRCP/daily dia 14 (2026-09-30 → 2026-09-30) 37014 bytes
2026-09-16 09:36:18,041 [INFO] [OK] USA/GFS_ENSEMBLE_Soy_PRCP/cumulative dia 00 (2026-09-16 → 2026-09-16) 36902 bytes
2026-09-16 09:36:18,932 [INFO] [OK] USA/GFS_ENSEMBLE_Soy_PRCP/cumulative dia 01 (2026-09-16 → 2026-09-17) 41033 bytes
2026-09-16 09:36:18,967 [INFO] [OK] USA/GFS_ENSEMBLE_Soy_PRCP/cumulative dia 02 (2026-09-16 → 2026-09-18) 44163 bytes
2026-09-16 09:36:19,748 [INFO] [OK] USA/GFS_ENSEMBLE_Soy_PRCP/cumulative dia 03 (2026-09-16 → 2026-09-19) 45523 bytes
2026-09-16 09:36:19,902 [INFO] [OK] USA/GFS_ENSEMBLE_Soy_PRCP/cumulative dia 04 (2026-09-16 → 2026-09-20) 46869 bytes
2026-09-16 09:36:20,601 [INFO] [OK] USA/GFS_ENSEMBLE_Soy_PRCP/cumulative dia 05 (2026-09-16 → 2026-09-21) 47117 bytes
2026-09-16 09:36:20,649 [INFO] [OK] USA/GFS_ENSEMBLE_Soy_PRCP/cumulative dia 06 (2026-09-16 → 2026-09-22) 48359 bytes
2026-09-16 09:36:21,729 [INFO] [OK] USA/GFS_ENSEMBLE_Soy_PRCP/cumulative dia 07 (2026-09-16 → 2026-09-23) 48705 bytes
2026-09-16 09:36:22,198 [INFO] [OK] USA/GFS_ENSEMBLE_Soy_PRCP/cumulative dia 08 (2026-09-16 → 2026-09-24) 49957 bytes
2026-09-16 09:36:22,899 [INFO] [OK] USA/GFS_ENSEMBLE_Soy_PRCP/cumulative dia 09 (2026-09-16 → 2026-09-25) 49966 bytes
2026-09-16 09:36:23,156 [INFO] [OK] USA/GFS_ENSEMBLE_Soy_PRCP/cumulative dia 10 (2026-09-16 → 2026-09-26) 49860 bytes
2026-09-16 09:36:24,250 [INFO] [OK] USA/GFS_ENSEMBLE_Soy_PRCP/cumulative dia 11 (2026-09-16 → 2026-09-27) 50673 bytes
2026-09-16 09:36:24,545 [INFO] [OK] USA/GFS_ENSEMBLE_Soy_PRCP/cumulative dia 12 (2026-09-16 → 2026-09-28) 50638 bytes
2026-09-16 09:36:24,897 [INFO] [OK] USA/GFS_ENSEMBLE_Wheat_Winter_PRCP_DEP/daily dia 00 (2026-09-16 → 2026-09-16) 49781 bytes
2026-09-16 09:36:25,306 [INFO] [OK] USA/GFS_ENSEMBLE_Wheat_Winter_PRCP_DEP/daily dia 01 (2026-09-17 → 2026-09-17) 52892 bytes
2026-09-16 09:36:26,017 [INFO] [OK] USA/GFS_ENSEMBLE_Soy_PRCP/cumulative dia 13 (2026-09-16 → 2026-09-29) 51011 bytes
2026-09-16 09:36:26,092 [INFO] [OK] USA/GFS_ENSEMBLE_Soy_PRCP/cumulative dia 14 (2026-09-16 → 2026-09-30) 51035 bytes
2026-09-16 09:36:26,459 [INFO] [OK] USA/GFS_ENSEMBLE_Wheat_Winter_PRCP_DEP/daily dia 03 (2026-09-19 → 2026-09-19) 56374 bytes
2026-09-16 09:36:26,490 [INFO] [OK] USA/GFS_ENSEMBLE_Wheat_Winter_PRCP_DEP/daily dia 02 (2026-09-18 → 2026-09-18) 54069 bytes
2026-09-16 09:36:26,810 [INFO] [OK] USA/GFS_ENSEMBLE_Wheat_Winter_PRCP_DEP/daily dia 04 (2026-09-20 → 2026-09-20) 54689 bytes
2026-09-16 09:36:27,216 [INFO] [OK] USA/GFS_ENSEMBLE_Wheat_Winter_PRCP_DEP/daily dia 05 (2026-09-21 → 2026-09-21) 56452 bytes
2026-09-16 09:36:28,022 [INFO] [OK] USA/GFS_ENSEMBLE_Wheat_Winter_PRCP_DEP/daily dia 06 (2026-09-22 → 2026-09-22) 58239 bytes
2026-09-16 09:36:28,216 [INFO] [OK] USA/GFS_ENSEMBLE_Wheat_Winter_PRCP_DEP/daily dia 07 (2026-09-23 → 2026-09-23) 57066 bytes
2026-09-16 09:36:28,415 [INFO] [OK] USA/GFS_ENSEMBLE_Wheat_Winter_PRCP_DEP/daily dia 08 (2026-09-24 → 2026-09-24) 57291 bytes
2026-09-16 09:36:28,538 [INFO] [OK] USA/GFS_ENSEMBLE_Wheat_Winter_PRCP_DEP/daily dia 09 (2026-09-25 → 2026-09-25) 59501 bytes
2026-09-16 09:36:28,694 [INFO] [OK] USA/GFS_ENSEMBLE_Wheat_Winter_PRCP_DEP/daily dia 10 (2026-09-26 → 2026-09-26) 61225 bytes
2026-09-16 09:36:29,051 [INFO] [OK] USA/GFS_ENSEMBLE_Wheat_Winter_PRCP_DEP/daily dia 11 (2026-09-27 → 2026-09-27) 62192 bytes
2026-09-16 09:36:29,955 [INFO] [OK] USA/GFS_ENSEMBLE_Wheat_Winter_PRCP_DEP/daily dia 12 (2026-09-28 → 2026-09-28) 61657 bytes
2026-09-16 09:36:30,026 [INFO] [OK] USA/GFS_ENSEMBLE_Wheat_Winter_PRCP_DEP/daily dia 13 (2026-09-29 → 2026-09-29) 62688 bytes
2026-09-16 09:36:30,177 [INFO] [OK] USA/GFS_ENSEMBLE_Wheat_Winter_PRCP_DEP/daily dia 14 (2026-09-30 → 2026-09-30) 62877 bytes
2026-09-16 09:36:30,326 [INFO] [OK] USA/GFS_ENSEMBLE_Wheat_Winter_PRCP_DEP/cumulative dia 00 (2026-09-16 → 2026-09-16) 49781 bytes
2026-09-16 09:36:30,538 [INFO] [OK] USA/GFS_ENSEMBLE_Wheat_Winter_PRCP_DEP/cumulative dia 01 (2026-09-16 → 2026-09-17) 54534 bytes
2026-09-16 09:36:30,914 [INFO] [OK] USA/GFS_ENSEMBLE_Wheat_Winter_PRCP_DEP/cumulative dia 02 (2026-09-16 → 2026-09-18) 56210 bytes
2026-09-16 09:36:32,262 [INFO] [OK] USA/GFS_ENSEMBLE_Wheat_Winter_PRCP_DEP/cumulative dia 04 (2026-09-16 → 2026-09-20) 58462 bytes
2026-09-16 09:36:32,282 [INFO] [OK] USA/GFS_ENSEMBLE_Wheat_Winter_PRCP_DEP/cumulative dia 03 (2026-09-16 → 2026-09-19) 56701 bytes
2026-09-16 09:36:32,500 [INFO] [OK] USA/GFS_ENSEMBLE_Wheat_Winter_PRCP_DEP/cumulative dia 05 (2026-09-16 → 2026-09-21) 59875 bytes
2026-09-16 09:36:32,814 [INFO] [OK] USA/GFS_ENSEMBLE_Wheat_Winter_PRCP_DEP/cumulative dia 06 (2026-09-16 → 2026-09-22) 60569 bytes
2026-09-16 09:36:33,056 [INFO] [OK] USA/GFS_ENSEMBLE_Wheat_Winter_PRCP_DEP/cumulative dia 07 (2026-09-16 → 2026-09-23) 61684 bytes
2026-09-16 09:36:33,392 [INFO] [OK] USA/GFS_ENSEMBLE_Wheat_Winter_PRCP_DEP/cumulative dia 08 (2026-09-16 → 2026-09-24) 61599 bytes
2026-09-16 09:36:35,195 [INFO] [OK] USA/GFS_ENSEMBLE_Wheat_Winter_PRCP_DEP/cumulative dia 09 (2026-09-16 → 2026-09-25) 61458 bytes
2026-09-16 09:36:35,493 [INFO] [OK] USA/GFS_ENSEMBLE_Wheat_Winter_PRCP_DEP/cumulative dia 10 (2026-09-16 → 2026-09-26) 61410 bytes
2026-09-16 09:36:35,705 [INFO] [OK] USA/GFS_ENSEMBLE_Wheat_Winter_PRCP_DEP/cumulative dia 11 (2026-09-16 → 2026-09-27) 61466 bytes
2026-09-16 09:36:36,058 [INFO] [OK] USA/GFS_ENSEMBLE_Wheat_Winter_PRCP_DEP/cumulative dia 12 (2026-09-16 → 2026-09-28) 61243 bytes
2026-09-16 09:36:36,594 [INFO] [OK] USA/GFS_ENSEMBLE_Wheat_Winter_PRCP_DEP/cumulative dia 13 (2026-09-16 → 2026-09-29) 61568 bytes
2026-09-16 09:36:36,679 [INFO] [OK] USA/GFS_ENSEMBLE_Wheat_Winter_PRCP_DEP/cumulative dia 14 (2026-09-16 → 2026-09-30) 60844 bytes
2026-09-16 09:36:37,027 [INFO] [OK] USA/GFS_ENSEMBLE_Wheat_Winter_PRCP/daily dia 00 (2026-09-16 → 2026-09-16) 38471 bytes
2026-09-16 09:36:37,255 [INFO] [OK] USA/GFS_ENSEMBLE_Wheat_Winter_PRCP/daily dia 01 (2026-09-17 → 2026-09-17) 39329 bytes
2026-09-16 09:36:37,346 [INFO] [OK] USA/GFS_ENSEMBLE_Wheat_Winter_PRCP/daily dia 02 (2026-09-18 → 2026-09-18) 40234 bytes
2026-09-16 09:36:37,790 [INFO] [OK] USA/GFS_ENSEMBLE_Wheat_Winter_PRCP/daily dia 03 (2026-09-19 → 2026-09-19) 40380 bytes
2026-09-16 09:36:38,251 [INFO] [OK] USA/GFS_ENSEMBLE_Wheat_Winter_PRCP/daily dia 05 (2026-09-21 → 2026-09-21) 37133 bytes
2026-09-16 09:36:38,323 [INFO] [OK] USA/GFS_ENSEMBLE_Wheat_Winter_PRCP/daily dia 04 (2026-09-20 → 2026-09-20) 39029 bytes
2026-09-16 09:36:38,840 [INFO] [OK] USA/GFS_ENSEMBLE_Wheat_Winter_PRCP/daily dia 06 (2026-09-22 → 2026-09-22) 37799 bytes
2026-09-16 09:36:38,924 [INFO] [OK] USA/GFS_ENSEMBLE_Wheat_Winter_PRCP/daily dia 08 (2026-09-24 → 2026-09-24) 36373 bytes
2026-09-16 09:36:39,082 [INFO] [OK] USA/GFS_ENSEMBLE_Wheat_Winter_PRCP/daily dia 07 (2026-09-23 → 2026-09-23) 37749 bytes
2026-09-16 09:36:39,599 [INFO] [OK] USA/GFS_ENSEMBLE_Wheat_Winter_PRCP/daily dia 09 (2026-09-25 → 2026-09-25) 36879 bytes
2026-09-16 09:36:39,873 [INFO] [OK] USA/GFS_ENSEMBLE_Wheat_Winter_PRCP/daily dia 10 (2026-09-26 → 2026-09-26) 37868 bytes
2026-09-16 09:36:39,907 [INFO] [OK] USA/GFS_ENSEMBLE_Wheat_Winter_PRCP/daily dia 11 (2026-09-27 → 2026-09-27) 37366 bytes
2026-09-16 09:36:40,590 [INFO] [OK] USA/GFS_ENSEMBLE_Wheat_Winter_PRCP/daily dia 13 (2026-09-29 → 2026-09-29) 38622 bytes
2026-09-16 09:36:40,764 [INFO] [OK] USA/GFS_ENSEMBLE_Wheat_Winter_PRCP/daily dia 12 (2026-09-28 → 2026-09-28) 37271 bytes
2026-09-16 09:36:40,899 [INFO] [OK] USA/GFS_ENSEMBLE_Wheat_Winter_PRCP/daily dia 14 (2026-09-30 → 2026-09-30) 38523 bytes
2026-09-16 09:36:41,358 [INFO] [OK] USA/GFS_ENSEMBLE_Wheat_Winter_PRCP/cumulative dia 00 (2026-09-16 → 2026-09-16) 38471 bytes
2026-09-16 09:36:41,662 [INFO] [OK] USA/GFS_ENSEMBLE_Wheat_Winter_PRCP/cumulative dia 01 (2026-09-16 → 2026-09-17) 42544 bytes
2026-09-16 09:36:41,863 [INFO] [OK] USA/GFS_ENSEMBLE_Wheat_Winter_PRCP/cumulative dia 02 (2026-09-16 → 2026-09-18) 45592 bytes
2026-09-16 09:36:42,508 [INFO] [OK] USA/GFS_ENSEMBLE_Wheat_Winter_PRCP/cumulative dia 03 (2026-09-16 → 2026-09-19) 47193 bytes
2026-09-16 09:36:42,983 [INFO] [OK] USA/GFS_ENSEMBLE_Wheat_Winter_PRCP/cumulative dia 04 (2026-09-16 → 2026-09-20) 48727 bytes
2026-09-16 09:36:43,195 [INFO] [OK] USA/GFS_ENSEMBLE_Wheat_Winter_PRCP/cumulative dia 05 (2026-09-16 → 2026-09-21) 48926 bytes
2026-09-16 09:36:43,986 [INFO] [OK] USA/GFS_ENSEMBLE_Wheat_Winter_PRCP/cumulative dia 06 (2026-09-16 → 2026-09-22) 49709 bytes
2026-09-16 09:36:44,491 [INFO] [OK] USA/GFS_ENSEMBLE_Wheat_Winter_PRCP/cumulative dia 07 (2026-09-16 → 2026-09-23) 50314 bytes
2026-09-16 09:36:44,927 [INFO] [OK] USA/GFS_ENSEMBLE_Wheat_Winter_PRCP/cumulative dia 08 (2026-09-16 → 2026-09-24) 51420 bytes
2026-09-16 09:36:45,687 [INFO] [OK] USA/GFS_ENSEMBLE_Wheat_Winter_PRCP/cumulative dia 09 (2026-09-16 → 2026-09-25) 51643 bytes
2026-09-16 09:36:46,072 [INFO] [OK] USA/GFS_ENSEMBLE_Wheat_Winter_PRCP/cumulative dia 10 (2026-09-16 → 2026-09-26) 51617 bytes
2026-09-16 09:36:46,285 [INFO] [OK] USA/GFS_ENSEMBLE_Wheat_Winter_PRCP/cumulative dia 11 (2026-09-16 → 2026-09-27) 52129 bytes
2026-09-16 09:36:46,977 [INFO] [OK] USA/GFS_ENSEMBLE_Wheat_Winter_PRCP/cumulative dia 12 (2026-09-16 → 2026-09-28) 52275 bytes
2026-09-16 09:36:47,352 [INFO] [OK] USA/GFS_ENSEMBLE_Wheat_Spring_PRCP_DEP/daily dia 00 (2026-09-16 → 2026-09-16) 46956 bytes
2026-09-16 09:36:47,471 [INFO] [OK] USA/GFS_ENSEMBLE_Wheat_Winter_PRCP/cumulative dia 13 (2026-09-16 → 2026-09-29) 52559 bytes
2026-09-16 09:36:47,859 [INFO] [OK] USA/GFS_ENSEMBLE_Wheat_Spring_PRCP_DEP/daily dia 01 (2026-09-17 → 2026-09-17) 49813 bytes
2026-09-16 09:36:48,079 [INFO] [OK] USA/GFS_ENSEMBLE_Wheat_Winter_PRCP/cumulative dia 14 (2026-09-16 → 2026-09-30) 52612 bytes
2026-09-16 09:36:48,187 [INFO] [OK] USA/GFS_ENSEMBLE_Wheat_Spring_PRCP_DEP/daily dia 02 (2026-09-18 → 2026-09-18) 50796 bytes
2026-09-16 09:36:48,733 [INFO] [OK] USA/GFS_ENSEMBLE_Wheat_Spring_PRCP_DEP/daily dia 03 (2026-09-19 → 2026-09-19) 53188 bytes
2026-09-16 09:36:49,128 [INFO] [OK] USA/GFS_ENSEMBLE_Wheat_Spring_PRCP_DEP/daily dia 04 (2026-09-20 → 2026-09-20) 51759 bytes
2026-09-16 09:36:49,209 [INFO] [OK] USA/GFS_ENSEMBLE_Wheat_Spring_PRCP_DEP/daily dia 05 (2026-09-21 → 2026-09-21) 52911 bytes
2026-09-16 09:36:49,729 [INFO] [OK] USA/GFS_ENSEMBLE_Wheat_Spring_PRCP_DEP/daily dia 06 (2026-09-22 → 2026-09-22) 54724 bytes
2026-09-16 09:36:49,883 [INFO] [OK] USA/GFS_ENSEMBLE_Wheat_Spring_PRCP_DEP/daily dia 07 (2026-09-23 → 2026-09-23) 53801 bytes
2026-09-16 09:36:50,093 [INFO] [OK] USA/GFS_ENSEMBLE_Wheat_Spring_PRCP_DEP/daily dia 08 (2026-09-24 → 2026-09-24) 53724 bytes
2026-09-16 09:36:50,502 [INFO] [OK] USA/GFS_ENSEMBLE_Wheat_Spring_PRCP_DEP/daily dia 09 (2026-09-25 → 2026-09-25) 56212 bytes
2026-09-16 09:36:50,959 [INFO] [OK] USA/GFS_ENSEMBLE_Wheat_Spring_PRCP_DEP/daily dia 11 (2026-09-27 → 2026-09-27) 59058 bytes
2026-09-16 09:36:50,991 [INFO] [OK] USA/GFS_ENSEMBLE_Wheat_Spring_PRCP_DEP/daily dia 10 (2026-09-26 → 2026-09-26) 57906 bytes
2026-09-16 09:36:51,521 [INFO] [OK] USA/GFS_ENSEMBLE_Wheat_Spring_PRCP_DEP/daily dia 12 (2026-09-28 → 2026-09-28) 58413 bytes
2026-09-16 09:36:51,674 [INFO] [OK] USA/GFS_ENSEMBLE_Wheat_Spring_PRCP_DEP/daily dia 13 (2026-09-29 → 2026-09-29) 59587 bytes
2026-09-16 09:36:51,872 [INFO] [OK] USA/GFS_ENSEMBLE_Wheat_Spring_PRCP_DEP/daily dia 14 (2026-09-30 → 2026-09-30) 59523 bytes
2026-09-16 09:36:52,285 [INFO] [OK] USA/GFS_ENSEMBLE_Wheat_Spring_PRCP_DEP/cumulative dia 00 (2026-09-16 → 2026-09-16) 46956 bytes
2026-09-16 09:36:52,656 [INFO] [OK] USA/GFS_ENSEMBLE_Wheat_Spring_PRCP_DEP/cumulative dia 01 (2026-09-16 → 2026-09-17) 51534 bytes
2026-09-16 09:36:52,846 [INFO] [OK] USA/GFS_ENSEMBLE_Wheat_Spring_PRCP_DEP/cumulative dia 02 (2026-09-16 → 2026-09-18) 53010 bytes
2026-09-16 09:36:53,750 [INFO] [OK] USA/GFS_ENSEMBLE_Wheat_Spring_PRCP_DEP/cumulative dia 03 (2026-09-16 → 2026-09-19) 53425 bytes
2026-09-16 09:36:53,922 [INFO] [OK] USA/GFS_ENSEMBLE_Wheat_Spring_PRCP_DEP/cumulative dia 04 (2026-09-16 → 2026-09-20) 54931 bytes
2026-09-16 09:36:54,397 [INFO] [OK] USA/GFS_ENSEMBLE_Wheat_Spring_PRCP_DEP/cumulative dia 05 (2026-09-16 → 2026-09-21) 56169 bytes
2026-09-16 09:36:54,751 [INFO] [OK] USA/GFS_ENSEMBLE_Wheat_Spring_PRCP_DEP/cumulative dia 06 (2026-09-16 → 2026-09-22) 57278 bytes
2026-09-16 09:36:55,052 [INFO] [OK] USA/GFS_ENSEMBLE_Wheat_Spring_PRCP_DEP/cumulative dia 07 (2026-09-16 → 2026-09-23) 58705 bytes
2026-09-16 09:36:55,487 [INFO] [OK] USA/GFS_ENSEMBLE_Wheat_Spring_PRCP_DEP/cumulative dia 08 (2026-09-16 → 2026-09-24) 58535 bytes
2026-09-16 09:36:56,462 [INFO] [OK] USA/GFS_ENSEMBLE_Wheat_Spring_PRCP_DEP/cumulative dia 09 (2026-09-16 → 2026-09-25) 58343 bytes
2026-09-16 09:36:56,693 [INFO] [OK] USA/GFS_ENSEMBLE_Wheat_Spring_PRCP_DEP/cumulative dia 10 (2026-09-16 → 2026-09-26) 58335 bytes
2026-09-16 09:36:57,245 [INFO] [OK] USA/GFS_ENSEMBLE_Wheat_Spring_PRCP_DEP/cumulative dia 11 (2026-09-16 → 2026-09-27) 58579 bytes
2026-09-16 09:36:57,673 [INFO] [OK] USA/GFS_ENSEMBLE_Wheat_Spring_PRCP_DEP/cumulative dia 12 (2026-09-16 → 2026-09-28) 58323 bytes
2026-09-16 09:36:58,238 [INFO] [OK] USA/GFS_ENSEMBLE_Wheat_Spring_PRCP/daily dia 01 (2026-09-17 → 2026-09-17) 36290 bytes
2026-09-16 09:36:58,272 [INFO] [OK] USA/GFS_ENSEMBLE_Wheat_Spring_PRCP/daily dia 00 (2026-09-16 → 2026-09-16) 35231 bytes
2026-09-16 09:36:58,546 [INFO] [OK] USA/GFS_ENSEMBLE_Wheat_Spring_PRCP_DEP/cumulative dia 13 (2026-09-16 → 2026-09-29) 58414 bytes
2026-09-16 09:36:58,581 [INFO] [OK] USA/GFS_ENSEMBLE_Wheat_Spring_PRCP_DEP/cumulative dia 14 (2026-09-16 → 2026-09-30) 57549 bytes
2026-09-16 09:36:58,988 [INFO] [OK] USA/GFS_ENSEMBLE_Wheat_Spring_PRCP/daily dia 02 (2026-09-18 → 2026-09-18) 37646 bytes
2026-09-16 09:36:59,362 [INFO] [OK] USA/GFS_ENSEMBLE_Wheat_Spring_PRCP/daily dia 03 (2026-09-19 → 2026-09-19) 37424 bytes
2026-09-16 09:36:59,831 [INFO] [OK] USA/GFS_ENSEMBLE_Wheat_Spring_PRCP/daily dia 05 (2026-09-21 → 2026-09-21) 33958 bytes
2026-09-16 09:36:59,842 [INFO] [OK] USA/GFS_ENSEMBLE_Wheat_Spring_PRCP/daily dia 04 (2026-09-20 → 2026-09-20) 36010 bytes
2026-09-16 09:37:00,127 [INFO] [OK] USA/GFS_ENSEMBLE_Wheat_Spring_PRCP/daily dia 07 (2026-09-23 → 2026-09-23) 34951 bytes
2026-09-16 09:37:00,322 [INFO] [OK] USA/GFS_ENSEMBLE_Wheat_Spring_PRCP/daily dia 06 (2026-09-22 → 2026-09-22) 34838 bytes
2026-09-16 09:37:00,570 [INFO] [OK] USA/GFS_ENSEMBLE_Wheat_Spring_PRCP/daily dia 08 (2026-09-24 → 2026-09-24) 33475 bytes
2026-09-16 09:37:00,923 [INFO] [OK] USA/GFS_ENSEMBLE_Wheat_Spring_PRCP/daily dia 09 (2026-09-25 → 2026-09-25) 34002 bytes
2026-09-16 09:37:01,352 [INFO] [OK] USA/GFS_ENSEMBLE_Wheat_Spring_PRCP/daily dia 10 (2026-09-26 → 2026-09-26) 35038 bytes
2026-09-16 09:37:01,352 [INFO] [OK] USA/GFS_ENSEMBLE_Wheat_Spring_PRCP/daily dia 11 (2026-09-27 → 2026-09-27) 34287 bytes
2026-09-16 09:37:01,767 [INFO] [OK] USA/GFS_ENSEMBLE_Wheat_Spring_PRCP/daily dia 12 (2026-09-28 → 2026-09-28) 34280 bytes
2026-09-16 09:37:02,078 [INFO] [OK] USA/GFS_ENSEMBLE_Wheat_Spring_PRCP/daily dia 13 (2026-09-29 → 2026-09-29) 35825 bytes
2026-09-16 09:37:02,196 [INFO] [OK] USA/GFS_ENSEMBLE_Wheat_Spring_PRCP/daily dia 14 (2026-09-30 → 2026-09-30) 35558 bytes
2026-09-16 09:37:02,469 [INFO] [OK] USA/GFS_ENSEMBLE_Wheat_Spring_PRCP/cumulative dia 00 (2026-09-16 → 2026-09-16) 35231 bytes
2026-09-16 09:37:03,307 [INFO] [OK] USA/GFS_ENSEMBLE_Wheat_Spring_PRCP/cumulative dia 01 (2026-09-16 → 2026-09-17) 39365 bytes
2026-09-16 09:37:03,455 [INFO] [OK] USA/GFS_ENSEMBLE_Wheat_Spring_PRCP/cumulative dia 02 (2026-09-16 → 2026-09-18) 42460 bytes
2026-09-16 09:37:04,183 [INFO] [OK] USA/GFS_ENSEMBLE_Wheat_Spring_PRCP/cumulative dia 03 (2026-09-16 → 2026-09-19) 44057 bytes
2026-09-16 09:37:04,452 [INFO] [OK] USA/GFS_ENSEMBLE_Wheat_Spring_PRCP/cumulative dia 04 (2026-09-16 → 2026-09-20) 45204 bytes
2026-09-16 09:37:04,585 [INFO] [OK] USA/GFS_ENSEMBLE_Wheat_Spring_PRCP/cumulative dia 05 (2026-09-16 → 2026-09-21) 45277 bytes
2026-09-16 09:37:04,919 [INFO] [OK] USA/GFS_ENSEMBLE_Wheat_Spring_PRCP/cumulative dia 06 (2026-09-16 → 2026-09-22) 46261 bytes
2026-09-16 09:37:05,916 [INFO] [OK] USA/GFS_ENSEMBLE_Wheat_Spring_PRCP/cumulative dia 07 (2026-09-16 → 2026-09-23) 46993 bytes
2026-09-16 09:37:06,105 [INFO] [OK] USA/GFS_ENSEMBLE_Wheat_Spring_PRCP/cumulative dia 08 (2026-09-16 → 2026-09-24) 47701 bytes
2026-09-16 09:37:06,813 [INFO] [OK] USA/GFS_ENSEMBLE_Wheat_Spring_PRCP/cumulative dia 09 (2026-09-16 → 2026-09-25) 47955 bytes
2026-09-16 09:37:07,329 [INFO] [OK] USA/GFS_ENSEMBLE_Wheat_Spring_PRCP/cumulative dia 10 (2026-09-16 → 2026-09-26) 47943 bytes
2026-09-16 09:37:07,493 [INFO] [OK] USA/GFS_ENSEMBLE_Wheat_Spring_PRCP/cumulative dia 11 (2026-09-16 → 2026-09-27) 48567 bytes
2026-09-16 09:37:08,139 [INFO] [OK] USA/GFS_ENSEMBLE_Wheat_Spring_PRCP/cumulative dia 12 (2026-09-16 → 2026-09-28) 48726 bytes
2026-09-16 09:37:08,600 [INFO] [OK] USA/ECM_ENSEMBLE_Corn_PRCP_DEP/daily dia 00 (2026-09-16 → 2026-09-16) 52055 bytes
2026-09-16 09:37:09,433 [INFO] [OK] USA/GFS_ENSEMBLE_Wheat_Spring_PRCP/cumulative dia 13 (2026-09-16 → 2026-09-29) 48977 bytes
2026-09-16 09:37:09,530 [INFO] [OK] USA/GFS_ENSEMBLE_Wheat_Spring_PRCP/cumulative dia 14 (2026-09-16 → 2026-09-30) 48862 bytes
2026-09-16 09:37:09,840 [INFO] [OK] USA/ECM_ENSEMBLE_Corn_PRCP_DEP/daily dia 02 (2026-09-18 → 2026-09-18) 52261 bytes
2026-09-16 09:37:10,071 [INFO] [OK] USA/ECM_ENSEMBLE_Corn_PRCP_DEP/daily dia 01 (2026-09-17 → 2026-09-17) 52971 bytes
2026-09-16 09:37:10,101 [INFO] [OK] USA/ECM_ENSEMBLE_Corn_PRCP_DEP/daily dia 03 (2026-09-19 → 2026-09-19) 53338 bytes
2026-09-16 09:37:10,322 [INFO] [OK] USA/ECM_ENSEMBLE_Corn_PRCP_DEP/daily dia 04 (2026-09-20 → 2026-09-20) 52177 bytes
2026-09-16 09:37:11,323 [INFO] [OK] USA/ECM_ENSEMBLE_Corn_PRCP_DEP/daily dia 05 (2026-09-21 → 2026-09-21) 57463 bytes
2026-09-16 09:37:11,556 [INFO] [OK] USA/ECM_ENSEMBLE_Corn_PRCP_DEP/daily dia 06 (2026-09-22 → 2026-09-22) 57626 bytes
2026-09-16 09:37:11,828 [INFO] [OK] USA/ECM_ENSEMBLE_Corn_PRCP_DEP/daily dia 07 (2026-09-23 → 2026-09-23) 59385 bytes
2026-09-16 09:37:11,896 [INFO] [OK] USA/ECM_ENSEMBLE_Corn_PRCP_DEP/daily dia 09 (2026-09-25 → 2026-09-25) 61130 bytes
2026-09-16 09:37:11,997 [INFO] [OK] USA/ECM_ENSEMBLE_Corn_PRCP_DEP/daily dia 08 (2026-09-24 → 2026-09-24) 60331 bytes
2026-09-16 09:37:12,132 [INFO] [OK] USA/ECM_ENSEMBLE_Corn_PRCP_DEP/daily dia 10 (2026-09-26 → 2026-09-26) 61491 bytes
2026-09-16 09:37:13,178 [INFO] [OK] USA/ECM_ENSEMBLE_Corn_PRCP_DEP/daily dia 11 (2026-09-27 → 2026-09-27) 60792 bytes
2026-09-16 09:37:13,524 [INFO] [OK] USA/ECM_ENSEMBLE_Corn_PRCP_DEP/daily dia 12 (2026-09-28 → 2026-09-28) 61227 bytes
2026-09-16 09:37:13,686 [INFO] [OK] USA/ECM_ENSEMBLE_Corn_PRCP_DEP/daily dia 13 (2026-09-29 → 2026-09-29) 60346 bytes
2026-09-16 09:37:13,690 [INFO] [OK] USA/ECM_ENSEMBLE_Corn_PRCP_DEP/daily dia 14 (2026-09-30 → 2026-09-30) 61661 bytes
2026-09-16 09:37:13,945 [INFO] [OK] USA/ECM_ENSEMBLE_Corn_PRCP_DEP/cumulative dia 00 (2026-09-16 → 2026-09-16) 52055 bytes
2026-09-16 09:37:14,087 [INFO] [OK] USA/ECM_ENSEMBLE_Corn_PRCP_DEP/cumulative dia 01 (2026-09-16 → 2026-09-17) 55319 bytes
2026-09-16 09:37:15,270 [INFO] [OK] USA/ECM_ENSEMBLE_Corn_PRCP_DEP/cumulative dia 02 (2026-09-16 → 2026-09-18) 55686 bytes
2026-09-16 09:37:15,873 [INFO] [OK] USA/ECM_ENSEMBLE_Corn_PRCP_DEP/cumulative dia 03 (2026-09-16 → 2026-09-19) 55384 bytes
2026-09-16 09:37:15,877 [INFO] [OK] USA/ECM_ENSEMBLE_Corn_PRCP_DEP/cumulative dia 04 (2026-09-16 → 2026-09-20) 56289 bytes
2026-09-16 09:37:16,071 [INFO] [OK] USA/ECM_ENSEMBLE_Corn_PRCP_DEP/cumulative dia 05 (2026-09-16 → 2026-09-21) 56850 bytes
2026-09-16 09:37:16,531 [INFO] [OK] USA/ECM_ENSEMBLE_Corn_PRCP_DEP/cumulative dia 06 (2026-09-16 → 2026-09-22) 57970 bytes
2026-09-16 09:37:16,554 [INFO] [OK] USA/ECM_ENSEMBLE_Corn_PRCP_DEP/cumulative dia 07 (2026-09-16 → 2026-09-23) 58226 bytes
2026-09-16 09:37:17,849 [INFO] [OK] USA/ECM_ENSEMBLE_Corn_PRCP_DEP/cumulative dia 08 (2026-09-16 → 2026-09-24) 58889 bytes
2026-09-16 09:37:18,546 [INFO] [OK] USA/ECM_ENSEMBLE_Corn_PRCP_DEP/cumulative dia 09 (2026-09-16 → 2026-09-25) 59316 bytes
2026-09-16 09:37:18,642 [INFO] [OK] USA/ECM_ENSEMBLE_Corn_PRCP_DEP/cumulative dia 10 (2026-09-16 → 2026-09-26) 59784 bytes
2026-09-16 09:37:19,085 [INFO] [OK] USA/ECM_ENSEMBLE_Corn_PRCP_DEP/cumulative dia 11 (2026-09-16 → 2026-09-27) 59251 bytes
2026-09-16 09:37:19,524 [INFO] [OK] USA/ECM_ENSEMBLE_Corn_PRCP_DEP/cumulative dia 12 (2026-09-16 → 2026-09-28) 59759 bytes
2026-09-16 09:37:19,546 [INFO] [OK] USA/ECM_ENSEMBLE_Corn_PRCP_DEP/cumulative dia 13 (2026-09-16 → 2026-09-29) 59565 bytes
2026-09-16 09:37:20,118 [INFO] [OK] USA/ECM_ENSEMBLE_Corn_PRCP/daily dia 00 (2026-09-16 → 2026-09-16) 38153 bytes
2026-09-16 09:37:20,298 [INFO] [OK] USA/ECM_ENSEMBLE_Corn_PRCP/daily dia 01 (2026-09-17 → 2026-09-17) 38829 bytes
2026-09-16 09:37:20,703 [INFO] [OK] USA/ECM_ENSEMBLE_Corn_PRCP/daily dia 02 (2026-09-18 → 2026-09-18) 39559 bytes
2026-09-16 09:37:20,853 [INFO] [OK] USA/ECM_ENSEMBLE_Corn_PRCP_DEP/cumulative dia 14 (2026-09-16 → 2026-09-30) 59610 bytes
2026-09-16 09:37:21,134 [INFO] [OK] USA/ECM_ENSEMBLE_Corn_PRCP/daily dia 04 (2026-09-20 → 2026-09-20) 37470 bytes
2026-09-16 09:37:21,253 [INFO] [OK] USA/ECM_ENSEMBLE_Corn_PRCP/daily dia 03 (2026-09-19 → 2026-09-19) 39723 bytes
2026-09-16 09:37:21,683 [INFO] [OK] USA/ECM_ENSEMBLE_Corn_PRCP/daily dia 05 (2026-09-21 → 2026-09-21) 36321 bytes
2026-09-16 09:37:21,828 [INFO] [OK] USA/ECM_ENSEMBLE_Corn_PRCP/daily dia 06 (2026-09-22 → 2026-09-22) 36954 bytes
2026-09-16 09:37:22,280 [INFO] [OK] USA/ECM_ENSEMBLE_Corn_PRCP/daily dia 07 (2026-09-23 → 2026-09-23) 37071 bytes
2026-09-16 09:37:22,466 [INFO] [OK] USA/ECM_ENSEMBLE_Corn_PRCP/daily dia 08 (2026-09-24 → 2026-09-24) 36684 bytes
2026-09-16 09:37:22,734 [INFO] [OK] USA/ECM_ENSEMBLE_Corn_PRCP/daily dia 09 (2026-09-25 → 2026-09-25) 35770 bytes
2026-09-16 09:37:22,976 [INFO] [OK] USA/ECM_ENSEMBLE_Corn_PRCP/daily dia 10 (2026-09-26 → 2026-09-26) 36357 bytes
2026-09-16 09:37:23,354 [INFO] [OK] USA/ECM_ENSEMBLE_Corn_PRCP/daily dia 11 (2026-09-27 → 2026-09-27) 37406 bytes
2026-09-16 09:37:23,512 [INFO] [OK] USA/ECM_ENSEMBLE_Corn_PRCP/daily dia 12 (2026-09-28 → 2026-09-28) 37848 bytes
2026-09-16 09:37:23,829 [INFO] [OK] USA/ECM_ENSEMBLE_Corn_PRCP/daily dia 13 (2026-09-29 → 2026-09-29) 36543 bytes
2026-09-16 09:37:24,056 [INFO] [OK] USA/ECM_ENSEMBLE_Corn_PRCP/daily dia 14 (2026-09-30 → 2026-09-30) 35587 bytes
2026-09-16 09:37:24,328 [INFO] [OK] USA/ECM_ENSEMBLE_Corn_PRCP/cumulative dia 00 (2026-09-16 → 2026-09-16) 38153 bytes
2026-09-16 09:37:24,806 [INFO] [OK] USA/ECM_ENSEMBLE_Corn_PRCP/cumulative dia 01 (2026-09-16 → 2026-09-17) 42293 bytes
2026-09-16 09:37:25,248 [INFO] [OK] USA/ECM_ENSEMBLE_Corn_PRCP/cumulative dia 02 (2026-09-16 → 2026-09-18) 44767 bytes
2026-09-16 09:37:25,335 [INFO] [OK] USA/ECM_ENSEMBLE_Corn_PRCP/cumulative dia 03 (2026-09-16 → 2026-09-19) 46736 bytes
2026-09-16 09:37:25,953 [INFO] [OK] USA/ECM_ENSEMBLE_Corn_PRCP/cumulative dia 04 (2026-09-16 → 2026-09-20) 47816 bytes
2026-09-16 09:37:26,112 [INFO] [OK] USA/ECM_ENSEMBLE_Corn_PRCP/cumulative dia 05 (2026-09-16 → 2026-09-21) 48140 bytes
2026-09-16 09:37:26,475 [INFO] [OK] USA/ECM_ENSEMBLE_Corn_PRCP/cumulative dia 06 (2026-09-16 → 2026-09-22) 48766 bytes
2026-09-16 09:37:27,279 [INFO] [OK] USA/ECM_ENSEMBLE_Corn_PRCP/cumulative dia 07 (2026-09-16 → 2026-09-23) 49710 bytes
2026-09-16 09:37:27,756 [INFO] [OK] USA/ECM_ENSEMBLE_Corn_PRCP/cumulative dia 08 (2026-09-16 → 2026-09-24) 50240 bytes
2026-09-16 09:37:27,897 [INFO] [OK] USA/ECM_ENSEMBLE_Corn_PRCP/cumulative dia 09 (2026-09-16 → 2026-09-25) 50952 bytes
2026-09-16 09:37:28,647 [INFO] [OK] USA/ECM_ENSEMBLE_Corn_PRCP/cumulative dia 10 (2026-09-16 → 2026-09-26) 50849 bytes
2026-09-16 09:37:28,818 [INFO] [OK] USA/ECM_ENSEMBLE_Corn_PRCP/cumulative dia 11 (2026-09-16 → 2026-09-27) 51181 bytes
2026-09-16 09:37:29,245 [INFO] [OK] USA/ECM_ENSEMBLE_Corn_PRCP/cumulative dia 12 (2026-09-16 → 2026-09-28) 51074 bytes
2026-09-16 09:37:29,716 [INFO] [OK] USA/ECM_ENSEMBLE_Soy_PRCP_DEP/daily dia 00 (2026-09-16 → 2026-09-16) 51670 bytes
2026-09-16 09:37:30,341 [INFO] [OK] USA/ECM_ENSEMBLE_Corn_PRCP/cumulative dia 13 (2026-09-16 → 2026-09-29) 51461 bytes
2026-09-16 09:37:30,479 [INFO] [OK] USA/ECM_ENSEMBLE_Soy_PRCP_DEP/daily dia 01 (2026-09-17 → 2026-09-17) 52637 bytes
2026-09-16 09:37:30,695 [INFO] [OK] USA/ECM_ENSEMBLE_Soy_PRCP_DEP/daily dia 02 (2026-09-18 → 2026-09-18) 52027 bytes
2026-09-16 09:37:30,745 [INFO] [OK] USA/ECM_ENSEMBLE_Corn_PRCP/cumulative dia 14 (2026-09-16 → 2026-09-30) 50937 bytes
2026-09-16 09:37:30,806 [INFO] [OK] USA/ECM_ENSEMBLE_Soy_PRCP_DEP/daily dia 03 (2026-09-19 → 2026-09-19) 52902 bytes
2026-09-16 09:37:31,606 [INFO] [OK] USA/ECM_ENSEMBLE_Soy_PRCP_DEP/daily dia 04 (2026-09-20 → 2026-09-20) 51843 bytes
2026-09-16 09:37:32,192 [INFO] [OK] USA/ECM_ENSEMBLE_Soy_PRCP_DEP/daily dia 05 (2026-09-21 → 2026-09-21) 57170 bytes
2026-09-16 09:37:32,371 [INFO] [OK] USA/ECM_ENSEMBLE_Soy_PRCP_DEP/daily dia 06 (2026-09-22 → 2026-09-22) 57389 bytes
2026-09-16 09:37:32,517 [INFO] [OK] USA/ECM_ENSEMBLE_Soy_PRCP_DEP/daily dia 07 (2026-09-23 → 2026-09-23) 58996 bytes
2026-09-16 09:37:32,588 [INFO] [OK] USA/ECM_ENSEMBLE_Soy_PRCP_DEP/daily dia 08 (2026-09-24 → 2026-09-24) 59945 bytes
2026-09-16 09:37:32,655 [INFO] [OK] USA/ECM_ENSEMBLE_Soy_PRCP_DEP/daily dia 09 (2026-09-25 → 2026-09-25) 61010 bytes
2026-09-16 09:37:33,506 [INFO] [OK] USA/ECM_ENSEMBLE_Soy_PRCP_DEP/daily dia 10 (2026-09-26 → 2026-09-26) 61182 bytes
2026-09-16 09:37:34,090 [INFO] [OK] USA/ECM_ENSEMBLE_Soy_PRCP_DEP/daily dia 11 (2026-09-27 → 2026-09-27) 60617 bytes
2026-09-16 09:37:34,258 [INFO] [OK] USA/ECM_ENSEMBLE_Soy_PRCP_DEP/daily dia 12 (2026-09-28 → 2026-09-28) 60897 bytes
2026-09-16 09:37:34,330 [INFO] [OK] USA/ECM_ENSEMBLE_Soy_PRCP_DEP/daily dia 13 (2026-09-29 → 2026-09-29) 59925 bytes
2026-09-16 09:37:34,589 [INFO] [OK] USA/ECM_ENSEMBLE_Soy_PRCP_DEP/cumulative dia 00 (2026-09-16 → 2026-09-16) 51670 bytes
2026-09-16 09:37:34,617 [INFO] [OK] USA/ECM_ENSEMBLE_Soy_PRCP_DEP/daily dia 14 (2026-09-30 → 2026-09-30) 61130 bytes
2026-09-16 09:37:35,445 [INFO] [OK] USA/ECM_ENSEMBLE_Soy_PRCP_DEP/cumulative dia 01 (2026-09-16 → 2026-09-17) 55078 bytes
2026-09-16 09:37:36,135 [INFO] [OK] USA/ECM_ENSEMBLE_Soy_PRCP_DEP/cumulative dia 02 (2026-09-16 → 2026-09-18) 55483 bytes
2026-09-16 09:37:36,374 [INFO] [OK] USA/ECM_ENSEMBLE_Soy_PRCP_DEP/cumulative dia 03 (2026-09-16 → 2026-09-19) 54954 bytes
2026-09-16 09:37:36,669 [INFO] [OK] USA/ECM_ENSEMBLE_Soy_PRCP_DEP/cumulative dia 04 (2026-09-16 → 2026-09-20) 55785 bytes
2026-09-16 09:37:36,898 [INFO] [OK] USA/ECM_ENSEMBLE_Soy_PRCP_DEP/cumulative dia 06 (2026-09-16 → 2026-09-22) 57594 bytes
2026-09-16 09:37:36,968 [INFO] [OK] USA/ECM_ENSEMBLE_Soy_PRCP_DEP/cumulative dia 05 (2026-09-16 → 2026-09-21) 56575 bytes
2026-09-16 09:37:37,882 [INFO] [OK] USA/ECM_ENSEMBLE_Soy_PRCP_DEP/cumulative dia 07 (2026-09-16 → 2026-09-23) 57888 bytes
2026-09-16 09:37:38,736 [INFO] [OK] USA/ECM_ENSEMBLE_Soy_PRCP_DEP/cumulative dia 08 (2026-09-16 → 2026-09-24) 58519 bytes
2026-09-16 09:37:38,980 [INFO] [OK] USA/ECM_ENSEMBLE_Soy_PRCP_DEP/cumulative dia 09 (2026-09-16 → 2026-09-25) 58896 bytes
2026-09-16 09:37:39,485 [INFO] [OK] USA/ECM_ENSEMBLE_Soy_PRCP_DEP/cumulative dia 10 (2026-09-16 → 2026-09-26) 59455 bytes
2026-09-16 09:37:39,757 [INFO] [OK] USA/ECM_ENSEMBLE_Soy_PRCP_DEP/cumulative dia 11 (2026-09-16 → 2026-09-27) 58929 bytes
2026-09-16 09:37:39,939 [INFO] [OK] USA/ECM_ENSEMBLE_Soy_PRCP_DEP/cumulative dia 12 (2026-09-16 → 2026-09-28) 59363 bytes
2026-09-16 09:37:40,744 [INFO] [OK] USA/ECM_ENSEMBLE_Soy_PRCP/daily dia 00 (2026-09-16 → 2026-09-16) 37761 bytes
2026-09-16 09:37:40,842 [INFO] [OK] USA/ECM_ENSEMBLE_Soy_PRCP_DEP/cumulative dia 13 (2026-09-16 → 2026-09-29) 59443 bytes
2026-09-16 09:37:41,069 [INFO] [OK] USA/ECM_ENSEMBLE_Soy_PRCP/daily dia 01 (2026-09-17 → 2026-09-17) 38446 bytes
2026-09-16 09:37:41,354 [INFO] [OK] USA/ECM_ENSEMBLE_Soy_PRCP/daily dia 02 (2026-09-18 → 2026-09-18) 39150 bytes
2026-09-16 09:37:41,536 [INFO] [OK] USA/ECM_ENSEMBLE_Soy_PRCP/daily dia 03 (2026-09-19 → 2026-09-19) 39314 bytes
2026-09-16 09:37:41,875 [INFO] [OK] USA/ECM_ENSEMBLE_Soy_PRCP_DEP/cumulative dia 14 (2026-09-16 → 2026-09-30) 59322 bytes
2026-09-16 09:37:42,330 [INFO] [OK] USA/ECM_ENSEMBLE_Soy_PRCP/daily dia 04 (2026-09-20 → 2026-09-20) 37120 bytes
2026-09-16 09:37:42,516 [INFO] [OK] USA/ECM_ENSEMBLE_Soy_PRCP/daily dia 05 (2026-09-21 → 2026-09-21) 35997 bytes
2026-09-16 09:37:42,872 [INFO] [OK] USA/ECM_ENSEMBLE_Soy_PRCP/daily dia 06 (2026-09-22 → 2026-09-22) 36483 bytes
2026-09-16 09:37:43,099 [INFO] [OK] USA/ECM_ENSEMBLE_Soy_PRCP/daily dia 08 (2026-09-24 → 2026-09-24) 36190 bytes
2026-09-16 09:37:43,421 [INFO] [OK] USA/ECM_ENSEMBLE_Soy_PRCP/daily dia 09 (2026-09-25 → 2026-09-25) 35297 bytes
2026-09-16 09:37:43,864 [INFO] [OK] USA/ECM_ENSEMBLE_Soy_PRCP/daily dia 07 (2026-09-23 → 2026-09-23) 36640 bytes
2026-09-16 09:37:43,873 [INFO] [OK] USA/ECM_ENSEMBLE_Soy_PRCP/daily dia 10 (2026-09-26 → 2026-09-26) 35943 bytes
2026-09-16 09:37:44,158 [INFO] [OK] USA/ECM_ENSEMBLE_Soy_PRCP/daily dia 11 (2026-09-27 → 2026-09-27) 36962 bytes
2026-09-16 09:37:44,441 [INFO] [OK] USA/ECM_ENSEMBLE_Soy_PRCP/daily dia 12 (2026-09-28 → 2026-09-28) 37406 bytes
2026-09-16 09:37:44,630 [INFO] [OK] USA/ECM_ENSEMBLE_Soy_PRCP/daily dia 13 (2026-09-29 → 2026-09-29) 36122 bytes
2026-09-16 09:37:45,022 [INFO] [OK] USA/ECM_ENSEMBLE_Soy_PRCP/daily dia 14 (2026-09-30 → 2026-09-30) 35127 bytes
2026-09-16 09:37:45,438 [INFO] [OK] USA/ECM_ENSEMBLE_Soy_PRCP/cumulative dia 00 (2026-09-16 → 2026-09-16) 37761 bytes
2026-09-16 09:37:45,611 [INFO] [OK] USA/ECM_ENSEMBLE_Soy_PRCP/cumulative dia 01 (2026-09-16 → 2026-09-17) 41931 bytes
2026-09-16 09:37:45,920 [INFO] [OK] USA/ECM_ENSEMBLE_Soy_PRCP/cumulative dia 02 (2026-09-16 → 2026-09-18) 44360 bytes
2026-09-16 09:37:46,540 [INFO] [OK] USA/ECM_ENSEMBLE_Soy_PRCP/cumulative dia 03 (2026-09-16 → 2026-09-19) 46512 bytes
2026-09-16 09:37:46,641 [INFO] [OK] USA/ECM_ENSEMBLE_Soy_PRCP/cumulative dia 04 (2026-09-16 → 2026-09-20) 47291 bytes
2026-09-16 09:37:47,272 [INFO] [OK] USA/ECM_ENSEMBLE_Soy_PRCP/cumulative dia 05 (2026-09-16 → 2026-09-21) 47517 bytes
2026-09-16 09:37:47,804 [INFO] [OK] USA/ECM_ENSEMBLE_Soy_PRCP/cumulative dia 06 (2026-09-16 → 2026-09-22) 48238 bytes
2026-09-16 09:37:48,119 [INFO] [OK] USA/ECM_ENSEMBLE_Soy_PRCP/cumulative dia 07 (2026-09-16 → 2026-09-23) 49272 bytes
2026-09-16 09:37:48,536 [INFO] [OK] USA/ECM_ENSEMBLE_Soy_PRCP/cumulative dia 08 (2026-09-16 → 2026-09-24) 49706 bytes
2026-09-16 09:37:49,555 [INFO] [OK] USA/ECM_ENSEMBLE_Soy_PRCP/cumulative dia 09 (2026-09-16 → 2026-09-25) 50320 bytes
2026-09-16 09:37:49,662 [INFO] [OK] USA/ECM_ENSEMBLE_Soy_PRCP/cumulative dia 10 (2026-09-16 → 2026-09-26) 50381 bytes
2026-09-16 09:37:50,335 [INFO] [OK] USA/ECM_ENSEMBLE_Soy_PRCP/cumulative dia 11 (2026-09-16 → 2026-09-27) 50676 bytes
2026-09-16 09:37:50,776 [INFO] [OK] USA/ECM_ENSEMBLE_Soy_PRCP/cumulative dia 12 (2026-09-16 → 2026-09-28) 50615 bytes
2026-09-16 09:37:51,191 [INFO] [OK] USA/ECM_ENSEMBLE_Soy_PRCP/cumulative dia 13 (2026-09-16 → 2026-09-29) 50881 bytes
2026-09-16 09:37:51,406 [INFO] [OK] USA/ECM_ENSEMBLE_Wheat_Winter_PRCP_DEP/daily dia 01 (2026-09-17 → 2026-09-17) 53930 bytes
2026-09-16 09:37:51,442 [INFO] [OK] USA/ECM_ENSEMBLE_Wheat_Winter_PRCP_DEP/daily dia 00 (2026-09-16 → 2026-09-16) 53149 bytes
2026-09-16 09:37:51,836 [INFO] [OK] USA/ECM_ENSEMBLE_Soy_PRCP/cumulative dia 14 (2026-09-16 → 2026-09-30) 50418 bytes
2026-09-16 09:37:52,246 [INFO] [OK] USA/ECM_ENSEMBLE_Wheat_Winter_PRCP_DEP/daily dia 02 (2026-09-18 → 2026-09-18) 53662 bytes
2026-09-16 09:37:52,506 [INFO] [OK] USA/ECM_ENSEMBLE_Wheat_Winter_PRCP_DEP/daily dia 03 (2026-09-19 → 2026-09-19) 54360 bytes
2026-09-16 09:37:53,160 [INFO] [OK] USA/ECM_ENSEMBLE_Wheat_Winter_PRCP_DEP/daily dia 04 (2026-09-20 → 2026-09-20) 53561 bytes
2026-09-16 09:37:53,260 [INFO] [OK] USA/ECM_ENSEMBLE_Wheat_Winter_PRCP_DEP/daily dia 06 (2026-09-22 → 2026-09-22) 59050 bytes
2026-09-16 09:37:53,347 [INFO] [OK] USA/ECM_ENSEMBLE_Wheat_Winter_PRCP_DEP/daily dia 05 (2026-09-21 → 2026-09-21) 58884 bytes
2026-09-16 09:37:53,726 [INFO] [OK] USA/ECM_ENSEMBLE_Wheat_Winter_PRCP_DEP/daily dia 07 (2026-09-23 → 2026-09-23) 60321 bytes
2026-09-16 09:37:54,057 [INFO] [OK] USA/ECM_ENSEMBLE_Wheat_Winter_PRCP_DEP/daily dia 08 (2026-09-24 → 2026-09-24) 61123 bytes
2026-09-16 09:37:54,340 [INFO] [OK] USA/ECM_ENSEMBLE_Wheat_Winter_PRCP_DEP/daily dia 09 (2026-09-25 → 2026-09-25) 62498 bytes
2026-09-16 09:37:55,137 [INFO] [OK] USA/ECM_ENSEMBLE_Wheat_Winter_PRCP_DEP/daily dia 10 (2026-09-26 → 2026-09-26) 62920 bytes
2026-09-16 09:37:55,162 [INFO] [OK] USA/ECM_ENSEMBLE_Wheat_Winter_PRCP_DEP/daily dia 11 (2026-09-27 → 2026-09-27) 62269 bytes
2026-09-16 09:37:55,164 [INFO] [OK] USA/ECM_ENSEMBLE_Wheat_Winter_PRCP_DEP/daily dia 12 (2026-09-28 → 2026-09-28) 62667 bytes
2026-09-16 09:37:55,582 [INFO] [OK] USA/ECM_ENSEMBLE_Wheat_Winter_PRCP_DEP/daily dia 13 (2026-09-29 → 2026-09-29) 61151 bytes
2026-09-16 09:37:55,931 [INFO] [OK] USA/ECM_ENSEMBLE_Wheat_Winter_PRCP_DEP/daily dia 14 (2026-09-30 → 2026-09-30) 62913 bytes
2026-09-16 09:37:56,117 [INFO] [OK] USA/ECM_ENSEMBLE_Wheat_Winter_PRCP_DEP/cumulative dia 00 (2026-09-16 → 2026-09-16) 53149 bytes
2026-09-16 09:37:57,334 [INFO] [OK] USA/ECM_ENSEMBLE_Wheat_Winter_PRCP_DEP/cumulative dia 02 (2026-09-16 → 2026-09-18) 57006 bytes
2026-09-16 09:37:57,366 [INFO] [OK] USA/ECM_ENSEMBLE_Wheat_Winter_PRCP_DEP/cumulative dia 01 (2026-09-16 → 2026-09-17) 56327 bytes
2026-09-16 09:37:57,478 [INFO] [OK] USA/ECM_ENSEMBLE_Wheat_Winter_PRCP_DEP/cumulative dia 03 (2026-09-16 → 2026-09-19) 56737 bytes
2026-09-16 09:37:57,787 [INFO] [OK] USA/ECM_ENSEMBLE_Wheat_Winter_PRCP_DEP/cumulative dia 04 (2026-09-16 → 2026-09-20) 57481 bytes
2026-09-16 09:37:58,257 [INFO] [OK] USA/ECM_ENSEMBLE_Wheat_Winter_PRCP_DEP/cumulative dia 05 (2026-09-16 → 2026-09-21) 58330 bytes
2026-09-16 09:37:58,296 [INFO] [OK] USA/ECM_ENSEMBLE_Wheat_Winter_PRCP_DEP/cumulative dia 06 (2026-09-16 → 2026-09-22) 59145 bytes
2026-09-16 09:38:00,596 [INFO] [OK] USA/ECM_ENSEMBLE_Wheat_Winter_PRCP_DEP/cumulative dia 07 (2026-09-16 → 2026-09-23) 59654 bytes
2026-09-16 09:38:00,712 [INFO] [OK] USA/ECM_ENSEMBLE_Wheat_Winter_PRCP_DEP/cumulative dia 08 (2026-09-16 → 2026-09-24) 60007 bytes
2026-09-16 09:38:00,801 [INFO] [OK] USA/ECM_ENSEMBLE_Wheat_Winter_PRCP_DEP/cumulative dia 09 (2026-09-16 → 2026-09-25) 60446 bytes
2026-09-16 09:38:01,266 [INFO] [OK] USA/ECM_ENSEMBLE_Wheat_Winter_PRCP_DEP/cumulative dia 10 (2026-09-16 → 2026-09-26) 60705 bytes
2026-09-16 09:38:01,757 [INFO] [OK] USA/ECM_ENSEMBLE_Wheat_Winter_PRCP_DEP/cumulative dia 12 (2026-09-16 → 2026-09-28) 60702 bytes
2026-09-16 09:38:01,882 [INFO] [OK] USA/ECM_ENSEMBLE_Wheat_Winter_PRCP_DEP/cumulative dia 11 (2026-09-16 → 2026-09-27) 60466 bytes
2026-09-16 09:38:02,417 [INFO] [OK] USA/ECM_ENSEMBLE_Wheat_Winter_PRCP/daily dia 00 (2026-09-16 → 2026-09-16) 39305 bytes
2026-09-16 09:38:03,045 [INFO] [OK] USA/ECM_ENSEMBLE_Wheat_Winter_PRCP/daily dia 01 (2026-09-17 → 2026-09-17) 39886 bytes
2026-09-16 09:38:03,641 [INFO] [OK] USA/ECM_ENSEMBLE_Wheat_Winter_PRCP/daily dia 02 (2026-09-18 → 2026-09-18) 40759 bytes
2026-09-16 09:38:03,692 [INFO] [OK] USA/ECM_ENSEMBLE_Wheat_Winter_PRCP/daily dia 03 (2026-09-19 → 2026-09-19) 40810 bytes
2026-09-16 09:38:03,900 [INFO] [OK] USA/ECM_ENSEMBLE_Wheat_Winter_PRCP_DEP/cumulative dia 13 (2026-09-16 → 2026-09-29) 60734 bytes
2026-09-16 09:38:04,006 [INFO] [OK] USA/ECM_ENSEMBLE_Wheat_Winter_PRCP/daily dia 04 (2026-09-20 → 2026-09-20) 38475 bytes
2026-09-16 09:38:04,084 [INFO] [OK] USA/ECM_ENSEMBLE_Wheat_Winter_PRCP_DEP/cumulative dia 14 (2026-09-16 → 2026-09-30) 60727 bytes
2026-09-16 09:38:04,656 [INFO] [OK] USA/ECM_ENSEMBLE_Wheat_Winter_PRCP/daily dia 05 (2026-09-21 → 2026-09-21) 37510 bytes
2026-09-16 09:38:05,240 [INFO] [OK] USA/ECM_ENSEMBLE_Wheat_Winter_PRCP/daily dia 06 (2026-09-22 → 2026-09-22) 38055 bytes
2026-09-16 09:38:05,369 [INFO] [OK] USA/ECM_ENSEMBLE_Wheat_Winter_PRCP/daily dia 07 (2026-09-23 → 2026-09-23) 38076 bytes
2026-09-16 09:38:05,654 [INFO] [OK] USA/ECM_ENSEMBLE_Wheat_Winter_PRCP/daily dia 08 (2026-09-24 → 2026-09-24) 37700 bytes
2026-09-16 09:38:05,756 [INFO] [OK] USA/ECM_ENSEMBLE_Wheat_Winter_PRCP/daily dia 09 (2026-09-25 → 2026-09-25) 36737 bytes
2026-09-16 09:38:05,774 [INFO] [OK] USA/ECM_ENSEMBLE_Wheat_Winter_PRCP/daily dia 10 (2026-09-26 → 2026-09-26) 37217 bytes
2026-09-16 09:38:06,297 [INFO] [OK] USA/ECM_ENSEMBLE_Wheat_Winter_PRCP/daily dia 11 (2026-09-27 → 2026-09-27) 38417 bytes
2026-09-16 09:38:06,814 [INFO] [OK] USA/ECM_ENSEMBLE_Wheat_Winter_PRCP/daily dia 12 (2026-09-28 → 2026-09-28) 38649 bytes
2026-09-16 09:38:06,967 [INFO] [OK] USA/ECM_ENSEMBLE_Wheat_Winter_PRCP/daily dia 13 (2026-09-29 → 2026-09-29) 37616 bytes
2026-09-16 09:38:07,217 [INFO] [OK] USA/ECM_ENSEMBLE_Wheat_Winter_PRCP/daily dia 14 (2026-09-30 → 2026-09-30) 36649 bytes
2026-09-16 09:38:07,372 [INFO] [OK] USA/ECM_ENSEMBLE_Wheat_Winter_PRCP/cumulative dia 00 (2026-09-16 → 2026-09-16) 39305 bytes
2026-09-16 09:38:07,520 [INFO] [OK] USA/ECM_ENSEMBLE_Wheat_Winter_PRCP/cumulative dia 01 (2026-09-16 → 2026-09-17) 43399 bytes
2026-09-16 09:38:08,061 [INFO] [OK] USA/ECM_ENSEMBLE_Wheat_Winter_PRCP/cumulative dia 02 (2026-09-16 → 2026-09-18) 45796 bytes
2026-09-16 09:38:08,732 [INFO] [OK] USA/ECM_ENSEMBLE_Wheat_Winter_PRCP/cumulative dia 03 (2026-09-16 → 2026-09-19) 48047 bytes
2026-09-16 09:38:09,206 [INFO] [OK] USA/ECM_ENSEMBLE_Wheat_Winter_PRCP/cumulative dia 04 (2026-09-16 → 2026-09-20) 49079 bytes
2026-09-16 09:38:09,823 [INFO] [OK] USA/ECM_ENSEMBLE_Wheat_Winter_PRCP/cumulative dia 05 (2026-09-16 → 2026-09-21) 49530 bytes
2026-09-16 09:38:09,873 [INFO] [OK] USA/ECM_ENSEMBLE_Wheat_Winter_PRCP/cumulative dia 06 (2026-09-16 → 2026-09-22) 50198 bytes
2026-09-16 09:38:10,234 [INFO] [OK] USA/ECM_ENSEMBLE_Wheat_Winter_PRCP/cumulative dia 07 (2026-09-16 → 2026-09-23) 51169 bytes
2026-09-16 09:38:10,931 [INFO] [OK] USA/ECM_ENSEMBLE_Wheat_Winter_PRCP/cumulative dia 08 (2026-09-16 → 2026-09-24) 51923 bytes
2026-09-16 09:38:11,634 [INFO] [OK] USA/ECM_ENSEMBLE_Wheat_Winter_PRCP/cumulative dia 09 (2026-09-16 → 2026-09-25) 52251 bytes
2026-09-16 09:38:12,044 [INFO] [OK] USA/ECM_ENSEMBLE_Wheat_Winter_PRCP/cumulative dia 10 (2026-09-16 → 2026-09-26) 52365 bytes
2026-09-16 09:38:12,682 [INFO] [OK] USA/ECM_ENSEMBLE_Wheat_Winter_PRCP/cumulative dia 11 (2026-09-16 → 2026-09-27) 52839 bytes
2026-09-16 09:38:12,883 [INFO] [OK] USA/ECM_ENSEMBLE_Wheat_Winter_PRCP/cumulative dia 12 (2026-09-16 → 2026-09-28) 52729 bytes
2026-09-16 09:38:13,462 [INFO] [OK] USA/ECM_ENSEMBLE_Wheat_Winter_PRCP/cumulative dia 13 (2026-09-16 → 2026-09-29) 52956 bytes
2026-09-16 09:38:13,568 [INFO] [OK] USA/ECM_ENSEMBLE_Wheat_Spring_PRCP_DEP/daily dia 00 (2026-09-16 → 2026-09-16) 49974 bytes
2026-09-16 09:38:14,033 [INFO] [OK] USA/ECM_ENSEMBLE_Wheat_Spring_PRCP_DEP/daily dia 01 (2026-09-17 → 2026-09-17) 50973 bytes
2026-09-16 09:38:14,191 [INFO] [OK] USA/ECM_ENSEMBLE_Wheat_Winter_PRCP/cumulative dia 14 (2026-09-16 → 2026-09-30) 52605 bytes
2026-09-16 09:38:14,642 [INFO] [OK] USA/ECM_ENSEMBLE_Wheat_Spring_PRCP_DEP/daily dia 03 (2026-09-19 → 2026-09-19) 51312 bytes
2026-09-16 09:38:14,696 [INFO] [OK] USA/ECM_ENSEMBLE_Wheat_Spring_PRCP_DEP/daily dia 02 (2026-09-18 → 2026-09-18) 50314 bytes
2026-09-16 09:38:15,162 [INFO] [OK] USA/ECM_ENSEMBLE_Wheat_Spring_PRCP_DEP/daily dia 04 (2026-09-20 → 2026-09-20) 50113 bytes
2026-09-16 09:38:15,244 [INFO] [OK] USA/ECM_ENSEMBLE_Wheat_Spring_PRCP_DEP/daily dia 05 (2026-09-21 → 2026-09-21) 55380 bytes
2026-09-16 09:38:15,956 [INFO] [OK] USA/ECM_ENSEMBLE_Wheat_Spring_PRCP_DEP/daily dia 06 (2026-09-22 → 2026-09-22) 55762 bytes
2026-09-16 09:38:15,964 [INFO] [OK] USA/ECM_ENSEMBLE_Wheat_Spring_PRCP_DEP/daily dia 07 (2026-09-23 → 2026-09-23) 57038 bytes
2026-09-16 09:38:16,396 [INFO] [OK] USA/ECM_ENSEMBLE_Wheat_Spring_PRCP_DEP/daily dia 08 (2026-09-24 → 2026-09-24) 58194 bytes
2026-09-16 09:38:16,513 [INFO] [OK] USA/ECM_ENSEMBLE_Wheat_Spring_PRCP_DEP/daily dia 09 (2026-09-25 → 2026-09-25) 59465 bytes
2026-09-16 09:38:16,965 [INFO] [OK] USA/ECM_ENSEMBLE_Wheat_Spring_PRCP_DEP/daily dia 10 (2026-09-26 → 2026-09-26) 59717 bytes
2026-09-16 09:38:17,039 [INFO] [OK] USA/ECM_ENSEMBLE_Wheat_Spring_PRCP_DEP/daily dia 11 (2026-09-27 → 2026-09-27) 58515 bytes
2026-09-16 09:38:17,815 [INFO] [OK] USA/ECM_ENSEMBLE_Wheat_Spring_PRCP_DEP/daily dia 13 (2026-09-29 → 2026-09-29) 57517 bytes
2026-09-16 09:38:17,865 [INFO] [OK] USA/ECM_ENSEMBLE_Wheat_Spring_PRCP_DEP/daily dia 12 (2026-09-28 → 2026-09-28) 59263 bytes
2026-09-16 09:38:18,168 [INFO] [OK] USA/ECM_ENSEMBLE_Wheat_Spring_PRCP_DEP/daily dia 14 (2026-09-30 → 2026-09-30) 59005 bytes
2026-09-16 09:38:18,377 [INFO] [OK] USA/ECM_ENSEMBLE_Wheat_Spring_PRCP_DEP/cumulative dia 00 (2026-09-16 → 2026-09-16) 49974 bytes
2026-09-16 09:38:18,763 [INFO] [OK] USA/ECM_ENSEMBLE_Wheat_Spring_PRCP_DEP/cumulative dia 01 (2026-09-16 → 2026-09-17) 53403 bytes
2026-09-16 09:38:18,873 [INFO] [OK] USA/ECM_ENSEMBLE_Wheat_Spring_PRCP_DEP/cumulative dia 02 (2026-09-16 → 2026-09-18) 53761 bytes
2026-09-16 09:38:20,006 [INFO] [OK] USA/ECM_ENSEMBLE_Wheat_Spring_PRCP_DEP/cumulative dia 04 (2026-09-16 → 2026-09-20) 53976 bytes
2026-09-16 09:38:20,035 [INFO] [OK] USA/ECM_ENSEMBLE_Wheat_Spring_PRCP_DEP/cumulative dia 03 (2026-09-16 → 2026-09-19) 53250 bytes
2026-09-16 09:38:20,399 [INFO] [OK] USA/ECM_ENSEMBLE_Wheat_Spring_PRCP_DEP/cumulative dia 05 (2026-09-16 → 2026-09-21) 54524 bytes
2026-09-16 09:38:21,048 [INFO] [OK] USA/ECM_ENSEMBLE_Wheat_Spring_PRCP_DEP/cumulative dia 06 (2026-09-16 → 2026-09-22) 55527 bytes
2026-09-16 09:38:21,276 [INFO] [OK] USA/ECM_ENSEMBLE_Wheat_Spring_PRCP_DEP/cumulative dia 07 (2026-09-16 → 2026-09-23) 56012 bytes
2026-09-16 09:38:21,482 [INFO] [OK] USA/ECM_ENSEMBLE_Wheat_Spring_PRCP_DEP/cumulative dia 08 (2026-09-16 → 2026-09-24) 56566 bytes
2026-09-16 09:38:22,669 [INFO] [OK] USA/ECM_ENSEMBLE_Wheat_Spring_PRCP_DEP/cumulative dia 09 (2026-09-16 → 2026-09-25) 56973 bytes
2026-09-16 09:38:23,022 [INFO] [OK] USA/ECM_ENSEMBLE_Wheat_Spring_PRCP_DEP/cumulative dia 10 (2026-09-16 → 2026-09-26) 57470 bytes
2026-09-16 09:38:23,312 [INFO] [OK] USA/ECM_ENSEMBLE_Wheat_Spring_PRCP_DEP/cumulative dia 11 (2026-09-16 → 2026-09-27) 56792 bytes
2026-09-16 09:38:24,131 [INFO] [OK] USA/ECM_ENSEMBLE_Wheat_Spring_PRCP_DEP/cumulative dia 12 (2026-09-16 → 2026-09-28) 57435 bytes
2026-09-16 09:38:24,289 [INFO] [OK] USA/ECM_ENSEMBLE_Wheat_Spring_PRCP/daily dia 00 (2026-09-16 → 2026-09-16) 36286 bytes
2026-09-16 09:38:24,461 [INFO] [OK] USA/ECM_ENSEMBLE_Wheat_Spring_PRCP_DEP/cumulative dia 13 (2026-09-16 → 2026-09-29) 57378 bytes
2026-09-16 09:38:24,673 [INFO] [OK] USA/ECM_ENSEMBLE_Wheat_Spring_PRCP/daily dia 01 (2026-09-17 → 2026-09-17) 36901 bytes
2026-09-16 09:38:24,888 [INFO] [OK] USA/ECM_ENSEMBLE_Wheat_Spring_PRCP/daily dia 02 (2026-09-18 → 2026-09-18) 37805 bytes
2026-09-16 09:38:24,889 [INFO] [OK] USA/ECM_ENSEMBLE_Wheat_Spring_PRCP_DEP/cumulative dia 14 (2026-09-16 → 2026-09-30) 57074 bytes
2026-09-16 09:38:25,814 [INFO] [OK] USA/ECM_ENSEMBLE_Wheat_Spring_PRCP/daily dia 03 (2026-09-19 → 2026-09-19) 37828 bytes
2026-09-16 09:38:25,923 [INFO] [OK] USA/ECM_ENSEMBLE_Wheat_Spring_PRCP/daily dia 04 (2026-09-20 → 2026-09-20) 35290 bytes
2026-09-16 09:38:26,090 [INFO] [OK] USA/ECM_ENSEMBLE_Wheat_Spring_PRCP/daily dia 05 (2026-09-21 → 2026-09-21) 34424 bytes
2026-09-16 09:38:26,429 [INFO] [OK] USA/ECM_ENSEMBLE_Wheat_Spring_PRCP/daily dia 06 (2026-09-22 → 2026-09-22) 35022 bytes
2026-09-16 09:38:26,583 [INFO] [OK] USA/ECM_ENSEMBLE_Wheat_Spring_PRCP/daily dia 07 (2026-09-23 → 2026-09-23) 35312 bytes
2026-09-16 09:38:26,591 [INFO] [OK] USA/ECM_ENSEMBLE_Wheat_Spring_PRCP/daily dia 08 (2026-09-24 → 2026-09-24) 34797 bytes
2026-09-16 09:38:27,358 [INFO] [OK] USA/ECM_ENSEMBLE_Wheat_Spring_PRCP/daily dia 09 (2026-09-25 → 2026-09-25) 33878 bytes
2026-09-16 09:38:27,526 [INFO] [OK] USA/ECM_ENSEMBLE_Wheat_Spring_PRCP/daily dia 10 (2026-09-26 → 2026-09-26) 34685 bytes
2026-09-16 09:38:27,722 [INFO] [OK] USA/ECM_ENSEMBLE_Wheat_Spring_PRCP/daily dia 11 (2026-09-27 → 2026-09-27) 35623 bytes
2026-09-16 09:38:28,025 [INFO] [OK] USA/ECM_ENSEMBLE_Wheat_Spring_PRCP/daily dia 12 (2026-09-28 → 2026-09-28) 35635 bytes
2026-09-16 09:38:28,156 [INFO] [OK] USA/ECM_ENSEMBLE_Wheat_Spring_PRCP/daily dia 14 (2026-09-30 → 2026-09-30) 33728 bytes
2026-09-16 09:38:28,177 [INFO] [OK] USA/ECM_ENSEMBLE_Wheat_Spring_PRCP/daily dia 13 (2026-09-29 → 2026-09-29) 34551 bytes
2026-09-16 09:38:28,981 [INFO] [OK] USA/ECM_ENSEMBLE_Wheat_Spring_PRCP/cumulative dia 00 (2026-09-16 → 2026-09-16) 36286 bytes
2026-09-16 09:38:29,250 [INFO] [OK] USA/ECM_ENSEMBLE_Wheat_Spring_PRCP/cumulative dia 01 (2026-09-16 → 2026-09-17) 40187 bytes
2026-09-16 09:38:29,600 [INFO] [OK] USA/ECM_ENSEMBLE_Wheat_Spring_PRCP/cumulative dia 02 (2026-09-16 → 2026-09-18) 42831 bytes
2026-09-16 09:38:30,031 [INFO] [OK] USA/ECM_ENSEMBLE_Wheat_Spring_PRCP/cumulative dia 03 (2026-09-16 → 2026-09-19) 44731 bytes
2026-09-16 09:38:30,247 [INFO] [OK] USA/ECM_ENSEMBLE_Wheat_Spring_PRCP/cumulative dia 04 (2026-09-16 → 2026-09-20) 45508 bytes
2026-09-16 09:38:30,361 [INFO] [OK] USA/ECM_ENSEMBLE_Wheat_Spring_PRCP/cumulative dia 05 (2026-09-16 → 2026-09-21) 45882 bytes
2026-09-16 09:38:31,170 [INFO] [OK] USA/ECM_ENSEMBLE_Wheat_Spring_PRCP/cumulative dia 06 (2026-09-16 → 2026-09-22) 46471 bytes
2026-09-16 09:38:31,686 [INFO] [OK] USA/ECM_ENSEMBLE_Wheat_Spring_PRCP/cumulative dia 07 (2026-09-16 → 2026-09-23) 47411 bytes
2026-09-16 09:38:32,120 [INFO] [OK] USA/ECM_ENSEMBLE_Wheat_Spring_PRCP/cumulative dia 08 (2026-09-16 → 2026-09-24) 47987 bytes
2026-09-16 09:38:32,815 [INFO] [OK] USA/ECM_ENSEMBLE_Wheat_Spring_PRCP/cumulative dia 09 (2026-09-16 → 2026-09-25) 48459 bytes
2026-09-16 09:38:33,152 [INFO] [OK] USA/ECM_ENSEMBLE_Wheat_Spring_PRCP/cumulative dia 10 (2026-09-16 → 2026-09-26) 48507 bytes
2026-09-16 09:38:33,417 [INFO] [OK] USA/ECM_ENSEMBLE_Wheat_Spring_PRCP/cumulative dia 11 (2026-09-16 → 2026-09-27) 48757 bytes
2026-09-16 09:38:34,275 [INFO] [OK] USA/ECM_ENSEMBLE_Wheat_Spring_PRCP/cumulative dia 12 (2026-09-16 → 2026-09-28) 48967 bytes
2026-09-16 09:38:34,708 [INFO] [OK] USA/ECM_ENSEMBLE_Wheat_Spring_PRCP/cumulative dia 13 (2026-09-16 → 2026-09-29) 49094 bytes
2026-09-16 09:38:35,167 [INFO] [OK] USA/ECM_ENSEMBLE_Wheat_Spring_PRCP/cumulative dia 14 (2026-09-16 → 2026-09-30) 48572 bytes
2026-09-16 09:38:35,173 [INFO] Resumo: 960/960 sucessos, 0 erros
2026-09-16 09:38:48,168 [INFO] [CLEANUP] Removidas 956 pastas de histórico anteriores a 2026-08-17
2026-09-16 09:38:48,197 [INFO] Manifest: C:\Users\server\OneDrive - CGB Enterprises, Inc\ZGC-PBI Research - Documents\Dataset Data Files\Weather_maps\manifest.json
2026-09-16 09:38:48,197 [INFO] [GIT] Iniciando sincronização com GitHub...
2026-09-16 09:40:43,738 [INFO] [GIT] Sucesso ✓
2026-09-16 09:40:43,739 [INFO] ✓ Sincronizado com GitHub — Power BI atualiza no próximo refresh
