2026-09-13 09:33:17,407 [INFO] === Execução 2026-09-13 | modo=both | dias=15 | parâmetro=['PRCP_DEP', 'PRCP'] ===
2026-09-13 09:33:17,408 [INFO] Baixando 960 mapas com 6 threads...
2026-09-13 09:33:20,263 [INFO] [OK] Brazil/GFS_ENSEMBLE_Soy_PRCP_DEP/daily dia 01 (2026-09-14 → 2026-09-14) 35893 bytes
2026-09-13 09:33:20,321 [INFO] [OK] Brazil/GFS_ENSEMBLE_Soy_PRCP_DEP/daily dia 00 (2026-09-13 → 2026-09-13) 41040 bytes
2026-09-13 09:33:20,367 [INFO] [OK] Brazil/GFS_ENSEMBLE_Soy_PRCP_DEP/daily dia 04 (2026-09-17 → 2026-09-17) 38553 bytes
2026-09-13 09:33:20,400 [INFO] [OK] Brazil/GFS_ENSEMBLE_Soy_PRCP_DEP/daily dia 03 (2026-09-16 → 2026-09-16) 34308 bytes
2026-09-13 09:33:20,457 [INFO] [OK] Brazil/GFS_ENSEMBLE_Soy_PRCP_DEP/daily dia 02 (2026-09-15 → 2026-09-15) 35000 bytes
2026-09-13 09:33:20,533 [INFO] [OK] Brazil/GFS_ENSEMBLE_Soy_PRCP_DEP/daily dia 05 (2026-09-18 → 2026-09-18) 45566 bytes
2026-09-13 09:33:22,162 [INFO] [OK] Brazil/GFS_ENSEMBLE_Soy_PRCP_DEP/daily dia 06 (2026-09-19 → 2026-09-19) 46837 bytes
2026-09-13 09:33:22,400 [INFO] [OK] Brazil/GFS_ENSEMBLE_Soy_PRCP_DEP/daily dia 09 (2026-09-22 → 2026-09-22) 45260 bytes
2026-09-13 09:33:22,461 [INFO] [OK] Brazil/GFS_ENSEMBLE_Soy_PRCP_DEP/daily dia 08 (2026-09-21 → 2026-09-21) 44466 bytes
2026-09-13 09:33:22,509 [INFO] [OK] Brazil/GFS_ENSEMBLE_Soy_PRCP_DEP/daily dia 07 (2026-09-20 → 2026-09-20) 44348 bytes
2026-09-13 09:33:22,592 [INFO] [OK] Brazil/GFS_ENSEMBLE_Soy_PRCP_DEP/daily dia 10 (2026-09-23 → 2026-09-23) 47646 bytes
2026-09-13 09:33:22,762 [INFO] [OK] Brazil/GFS_ENSEMBLE_Soy_PRCP_DEP/daily dia 11 (2026-09-24 → 2026-09-24) 47502 bytes
2026-09-13 09:33:23,856 [INFO] [OK] Brazil/GFS_ENSEMBLE_Soy_PRCP_DEP/daily dia 12 (2026-09-25 → 2026-09-25) 48042 bytes
2026-09-13 09:33:24,154 [INFO] [OK] Brazil/GFS_ENSEMBLE_Soy_PRCP_DEP/daily dia 13 (2026-09-26 → 2026-09-26) 51243 bytes
2026-09-13 09:33:24,321 [INFO] [OK] Brazil/GFS_ENSEMBLE_Soy_PRCP_DEP/cumulative dia 00 (2026-09-13 → 2026-09-13) 41040 bytes
2026-09-13 09:33:24,342 [INFO] [OK] Brazil/GFS_ENSEMBLE_Soy_PRCP_DEP/daily dia 14 (2026-09-27 → 2026-09-27) 53623 bytes
2026-09-13 09:33:24,632 [INFO] [OK] Brazil/GFS_ENSEMBLE_Soy_PRCP_DEP/cumulative dia 01 (2026-09-13 → 2026-09-14) 40452 bytes
2026-09-13 09:33:24,794 [INFO] [OK] Brazil/GFS_ENSEMBLE_Soy_PRCP_DEP/cumulative dia 02 (2026-09-13 → 2026-09-15) 39496 bytes
2026-09-13 09:33:26,097 [INFO] [OK] Brazil/GFS_ENSEMBLE_Soy_PRCP_DEP/cumulative dia 03 (2026-09-13 → 2026-09-16) 38965 bytes
2026-09-13 09:33:26,617 [INFO] [OK] Brazil/GFS_ENSEMBLE_Soy_PRCP_DEP/cumulative dia 04 (2026-09-13 → 2026-09-17) 39915 bytes
2026-09-13 09:33:27,086 [INFO] [OK] Brazil/GFS_ENSEMBLE_Soy_PRCP_DEP/cumulative dia 05 (2026-09-13 → 2026-09-18) 42330 bytes
2026-09-13 09:33:27,515 [INFO] [OK] Brazil/GFS_ENSEMBLE_Soy_PRCP_DEP/cumulative dia 06 (2026-09-13 → 2026-09-19) 44930 bytes
2026-09-13 09:33:28,008 [INFO] [OK] Brazil/GFS_ENSEMBLE_Soy_PRCP_DEP/cumulative dia 07 (2026-09-13 → 2026-09-20) 46576 bytes
2026-09-13 09:33:28,287 [INFO] [OK] Brazil/GFS_ENSEMBLE_Soy_PRCP_DEP/cumulative dia 08 (2026-09-13 → 2026-09-21) 46184 bytes
2026-09-13 09:33:29,431 [INFO] [OK] Brazil/GFS_ENSEMBLE_Soy_PRCP_DEP/cumulative dia 09 (2026-09-13 → 2026-09-22) 46567 bytes
2026-09-13 09:33:30,725 [INFO] [OK] Brazil/GFS_ENSEMBLE_Soy_PRCP_DEP/cumulative dia 10 (2026-09-13 → 2026-09-23) 46859 bytes
2026-09-13 09:33:31,338 [INFO] [OK] Brazil/GFS_ENSEMBLE_Soy_PRCP_DEP/cumulative dia 11 (2026-09-13 → 2026-09-24) 47473 bytes
2026-09-13 09:33:31,345 [INFO] [OK] Brazil/GFS_ENSEMBLE_Soy_PRCP/daily dia 00 (2026-09-13 → 2026-09-13) 30926 bytes
2026-09-13 09:33:31,576 [INFO] [OK] Brazil/GFS_ENSEMBLE_Soy_PRCP_DEP/cumulative dia 12 (2026-09-13 → 2026-09-25) 48112 bytes
2026-09-13 09:33:32,471 [INFO] [OK] Brazil/GFS_ENSEMBLE_Soy_PRCP/daily dia 01 (2026-09-14 → 2026-09-14) 30325 bytes
2026-09-13 09:33:32,509 [INFO] [OK] Brazil/GFS_ENSEMBLE_Soy_PRCP_DEP/cumulative dia 13 (2026-09-13 → 2026-09-26) 49487 bytes
2026-09-13 09:33:32,820 [INFO] [OK] Brazil/GFS_ENSEMBLE_Soy_PRCP_DEP/cumulative dia 14 (2026-09-13 → 2026-09-27) 50231 bytes
2026-09-13 09:33:33,147 [INFO] [OK] Brazil/GFS_ENSEMBLE_Soy_PRCP/daily dia 03 (2026-09-16 → 2026-09-16) 29084 bytes
2026-09-13 09:33:33,165 [INFO] [OK] Brazil/GFS_ENSEMBLE_Soy_PRCP/daily dia 02 (2026-09-15 → 2026-09-15) 29116 bytes
2026-09-13 09:33:33,512 [INFO] [OK] Brazil/GFS_ENSEMBLE_Soy_PRCP/daily dia 04 (2026-09-17 → 2026-09-17) 28992 bytes
2026-09-13 09:33:34,278 [INFO] [OK] Brazil/GFS_ENSEMBLE_Soy_PRCP/daily dia 05 (2026-09-18 → 2026-09-18) 31059 bytes
2026-09-13 09:33:34,335 [INFO] [OK] Brazil/GFS_ENSEMBLE_Soy_PRCP/daily dia 06 (2026-09-19 → 2026-09-19) 32122 bytes
2026-09-13 09:33:34,620 [INFO] [OK] Brazil/GFS_ENSEMBLE_Soy_PRCP/daily dia 07 (2026-09-20 → 2026-09-20) 31314 bytes
2026-09-13 09:33:35,006 [INFO] [OK] Brazil/GFS_ENSEMBLE_Soy_PRCP/daily dia 08 (2026-09-21 → 2026-09-21) 30541 bytes
2026-09-13 09:33:35,176 [INFO] [OK] Brazil/GFS_ENSEMBLE_Soy_PRCP/daily dia 09 (2026-09-22 → 2026-09-22) 31274 bytes
2026-09-13 09:33:35,204 [INFO] [OK] Brazil/GFS_ENSEMBLE_Soy_PRCP/daily dia 10 (2026-09-23 → 2026-09-23) 30915 bytes
2026-09-13 09:33:36,188 [INFO] [OK] Brazil/GFS_ENSEMBLE_Soy_PRCP/daily dia 11 (2026-09-24 → 2026-09-24) 30365 bytes
2026-09-13 09:33:36,302 [INFO] [OK] Brazil/GFS_ENSEMBLE_Soy_PRCP/daily dia 12 (2026-09-25 → 2026-09-25) 29944 bytes
2026-09-13 09:33:36,562 [INFO] [OK] Brazil/GFS_ENSEMBLE_Soy_PRCP/daily dia 13 (2026-09-26 → 2026-09-26) 31272 bytes
2026-09-13 09:33:36,876 [INFO] [OK] Brazil/GFS_ENSEMBLE_Soy_PRCP/daily dia 14 (2026-09-27 → 2026-09-27) 31102 bytes
2026-09-13 09:33:36,963 [INFO] [OK] Brazil/GFS_ENSEMBLE_Soy_PRCP/cumulative dia 00 (2026-09-13 → 2026-09-13) 30926 bytes
2026-09-13 09:33:37,168 [INFO] [OK] Brazil/GFS_ENSEMBLE_Soy_PRCP/cumulative dia 01 (2026-09-13 → 2026-09-14) 32460 bytes
2026-09-13 09:33:39,209 [INFO] [OK] Brazil/GFS_ENSEMBLE_Soy_PRCP/cumulative dia 02 (2026-09-13 → 2026-09-15) 33122 bytes
2026-09-13 09:33:39,321 [INFO] [OK] Brazil/GFS_ENSEMBLE_Soy_PRCP/cumulative dia 03 (2026-09-13 → 2026-09-16) 34103 bytes
2026-09-13 09:33:40,003 [INFO] [OK] Brazil/GFS_ENSEMBLE_Soy_PRCP/cumulative dia 04 (2026-09-13 → 2026-09-17) 34899 bytes
2026-09-13 09:33:40,461 [INFO] [OK] Brazil/GFS_ENSEMBLE_Soy_PRCP/cumulative dia 05 (2026-09-13 → 2026-09-18) 36018 bytes
2026-09-13 09:33:40,539 [INFO] [OK] Brazil/GFS_ENSEMBLE_Soy_PRCP/cumulative dia 06 (2026-09-13 → 2026-09-19) 38088 bytes
2026-09-13 09:33:40,840 [INFO] [OK] Brazil/GFS_ENSEMBLE_Soy_PRCP/cumulative dia 07 (2026-09-13 → 2026-09-20) 39079 bytes
2026-09-13 09:33:43,198 [INFO] [OK] Brazil/GFS_ENSEMBLE_Soy_PRCP/cumulative dia 08 (2026-09-13 → 2026-09-21) 39741 bytes
2026-09-13 09:33:43,681 [INFO] [OK] Brazil/GFS_ENSEMBLE_Soy_PRCP/cumulative dia 09 (2026-09-13 → 2026-09-22) 40865 bytes
2026-09-13 09:33:44,413 [INFO] [OK] Brazil/GFS_ENSEMBLE_Soy_PRCP/cumulative dia 10 (2026-09-13 → 2026-09-23) 41407 bytes
2026-09-13 09:33:44,919 [INFO] [OK] Brazil/GFS_ENSEMBLE_Soy_PRCP/cumulative dia 11 (2026-09-13 → 2026-09-24) 41696 bytes
2026-09-13 09:33:45,179 [INFO] [OK] Brazil/GFS_ENSEMBLE_Soy_PRCP/cumulative dia 12 (2026-09-13 → 2026-09-25) 42199 bytes
2026-09-13 09:33:45,679 [INFO] [OK] Brazil/GFS_ENSEMBLE_Corn_Winter_PRCP_DEP/daily dia 00 (2026-09-13 → 2026-09-13) 39542 bytes
2026-09-13 09:33:45,824 [INFO] [OK] Brazil/GFS_ENSEMBLE_Soy_PRCP/cumulative dia 13 (2026-09-13 → 2026-09-26) 42876 bytes
2026-09-13 09:33:46,178 [INFO] [OK] Brazil/GFS_ENSEMBLE_Corn_Winter_PRCP_DEP/daily dia 01 (2026-09-14 → 2026-09-14) 34500 bytes
2026-09-13 09:33:46,525 [INFO] [OK] Brazil/GFS_ENSEMBLE_Corn_Winter_PRCP_DEP/daily dia 02 (2026-09-15 → 2026-09-15) 33396 bytes
2026-09-13 09:33:47,597 [INFO] [OK] Brazil/GFS_ENSEMBLE_Corn_Winter_PRCP_DEP/daily dia 03 (2026-09-16 → 2026-09-16) 32794 bytes
2026-09-13 09:33:47,648 [INFO] [OK] Brazil/GFS_ENSEMBLE_Corn_Winter_PRCP_DEP/daily dia 04 (2026-09-17 → 2026-09-17) 36753 bytes
2026-09-13 09:33:47,657 [INFO] [OK] Brazil/GFS_ENSEMBLE_Corn_Winter_PRCP_DEP/daily dia 05 (2026-09-18 → 2026-09-18) 44144 bytes
2026-09-13 09:33:47,984 [INFO] [OK] Brazil/GFS_ENSEMBLE_Soy_PRCP/cumulative dia 14 (2026-09-13 → 2026-09-27) 43024 bytes
2026-09-13 09:33:48,003 [INFO] [OK] Brazil/GFS_ENSEMBLE_Corn_Winter_PRCP_DEP/daily dia 06 (2026-09-19 → 2026-09-19) 45557 bytes
2026-09-13 09:33:48,158 [INFO] [OK] Brazil/GFS_ENSEMBLE_Corn_Winter_PRCP_DEP/daily dia 07 (2026-09-20 → 2026-09-20) 43151 bytes
2026-09-13 09:33:49,397 [INFO] [OK] Brazil/GFS_ENSEMBLE_Corn_Winter_PRCP_DEP/daily dia 10 (2026-09-23 → 2026-09-23) 46008 bytes
2026-09-13 09:33:49,428 [INFO] [OK] Brazil/GFS_ENSEMBLE_Corn_Winter_PRCP_DEP/daily dia 09 (2026-09-22 → 2026-09-22) 43823 bytes
2026-09-13 09:33:49,434 [INFO] [OK] Brazil/GFS_ENSEMBLE_Corn_Winter_PRCP_DEP/daily dia 08 (2026-09-21 → 2026-09-21) 43134 bytes
2026-09-13 09:33:49,795 [INFO] [OK] Brazil/GFS_ENSEMBLE_Corn_Winter_PRCP_DEP/daily dia 11 (2026-09-24 → 2026-09-24) 45895 bytes
2026-09-13 09:33:49,850 [INFO] [OK] Brazil/GFS_ENSEMBLE_Corn_Winter_PRCP_DEP/daily dia 12 (2026-09-25 → 2026-09-25) 46273 bytes
2026-09-13 09:33:49,939 [INFO] [OK] Brazil/GFS_ENSEMBLE_Corn_Winter_PRCP_DEP/daily dia 13 (2026-09-26 → 2026-09-26) 49542 bytes
2026-09-13 09:33:51,076 [INFO] [OK] Brazil/GFS_ENSEMBLE_Corn_Winter_PRCP_DEP/cumulative dia 00 (2026-09-13 → 2026-09-13) 39542 bytes
2026-09-13 09:33:51,113 [INFO] [OK] Brazil/GFS_ENSEMBLE_Corn_Winter_PRCP_DEP/daily dia 14 (2026-09-27 → 2026-09-27) 52108 bytes
2026-09-13 09:33:51,158 [INFO] [OK] Brazil/GFS_ENSEMBLE_Corn_Winter_PRCP_DEP/cumulative dia 01 (2026-09-13 → 2026-09-14) 38941 bytes
2026-09-13 09:33:51,769 [INFO] [OK] Brazil/GFS_ENSEMBLE_Corn_Winter_PRCP_DEP/cumulative dia 02 (2026-09-13 → 2026-09-15) 38174 bytes
2026-09-13 09:33:51,863 [INFO] [OK] Brazil/GFS_ENSEMBLE_Corn_Winter_PRCP_DEP/cumulative dia 03 (2026-09-13 → 2026-09-16) 37601 bytes
2026-09-13 09:33:51,950 [INFO] [OK] Brazil/GFS_ENSEMBLE_Corn_Winter_PRCP_DEP/cumulative dia 04 (2026-09-13 → 2026-09-17) 38549 bytes
2026-09-13 09:33:53,577 [INFO] [OK] Brazil/GFS_ENSEMBLE_Corn_Winter_PRCP_DEP/cumulative dia 05 (2026-09-13 → 2026-09-18) 40899 bytes
2026-09-13 09:33:54,005 [INFO] [OK] Brazil/GFS_ENSEMBLE_Corn_Winter_PRCP_DEP/cumulative dia 06 (2026-09-13 → 2026-09-19) 43494 bytes
2026-09-13 09:33:54,027 [INFO] [OK] Brazil/GFS_ENSEMBLE_Corn_Winter_PRCP_DEP/cumulative dia 07 (2026-09-13 → 2026-09-20) 45003 bytes
2026-09-13 09:33:55,061 [INFO] [OK] Brazil/GFS_ENSEMBLE_Corn_Winter_PRCP_DEP/cumulative dia 09 (2026-09-13 → 2026-09-22) 44942 bytes
2026-09-13 09:33:55,105 [INFO] [OK] Brazil/GFS_ENSEMBLE_Corn_Winter_PRCP_DEP/cumulative dia 08 (2026-09-13 → 2026-09-21) 44436 bytes
2026-09-13 09:33:55,183 [INFO] [OK] Brazil/GFS_ENSEMBLE_Corn_Winter_PRCP_DEP/cumulative dia 10 (2026-09-13 → 2026-09-23) 45310 bytes
2026-09-13 09:33:56,702 [INFO] [OK] Brazil/GFS_ENSEMBLE_Corn_Winter_PRCP/daily dia 00 (2026-09-13 → 2026-09-13) 29356 bytes
2026-09-13 09:33:56,881 [INFO] [OK] Brazil/GFS_ENSEMBLE_Corn_Winter_PRCP/daily dia 01 (2026-09-14 → 2026-09-14) 28806 bytes
2026-09-13 09:33:56,981 [INFO] [OK] Brazil/GFS_ENSEMBLE_Corn_Winter_PRCP_DEP/cumulative dia 11 (2026-09-13 → 2026-09-24) 45665 bytes
2026-09-13 09:33:57,280 [INFO] [OK] Brazil/GFS_ENSEMBLE_Corn_Winter_PRCP_DEP/cumulative dia 12 (2026-09-13 → 2026-09-25) 46444 bytes
2026-09-13 09:33:57,629 [INFO] [OK] Brazil/GFS_ENSEMBLE_Corn_Winter_PRCP_DEP/cumulative dia 13 (2026-09-13 → 2026-09-26) 47565 bytes
2026-09-13 09:33:58,231 [INFO] [OK] Brazil/GFS_ENSEMBLE_Corn_Winter_PRCP/daily dia 02 (2026-09-15 → 2026-09-15) 27396 bytes
2026-09-13 09:33:58,776 [INFO] [OK] Brazil/GFS_ENSEMBLE_Corn_Winter_PRCP/daily dia 03 (2026-09-16 → 2026-09-16) 27574 bytes
2026-09-13 09:33:58,778 [INFO] [OK] Brazil/GFS_ENSEMBLE_Corn_Winter_PRCP/daily dia 05 (2026-09-18 → 2026-09-18) 29645 bytes
2026-09-13 09:33:58,785 [INFO] [OK] Brazil/GFS_ENSEMBLE_Corn_Winter_PRCP_DEP/cumulative dia 14 (2026-09-13 → 2026-09-27) 48337 bytes
2026-09-13 09:33:58,876 [INFO] [OK] Brazil/GFS_ENSEMBLE_Corn_Winter_PRCP/daily dia 04 (2026-09-17 → 2026-09-17) 27586 bytes
2026-09-13 09:33:59,023 [INFO] [OK] Brazil/GFS_ENSEMBLE_Corn_Winter_PRCP/daily dia 06 (2026-09-19 → 2026-09-19) 30591 bytes
2026-09-13 09:33:59,556 [INFO] [OK] Brazil/GFS_ENSEMBLE_Corn_Winter_PRCP/daily dia 07 (2026-09-20 → 2026-09-20) 29648 bytes
2026-09-13 09:34:00,343 [INFO] [OK] Brazil/GFS_ENSEMBLE_Corn_Winter_PRCP/daily dia 10 (2026-09-23 → 2026-09-23) 29543 bytes
2026-09-13 09:34:00,350 [INFO] [OK] Brazil/GFS_ENSEMBLE_Corn_Winter_PRCP/daily dia 09 (2026-09-22 → 2026-09-22) 29799 bytes
2026-09-13 09:34:00,378 [INFO] [OK] Brazil/GFS_ENSEMBLE_Corn_Winter_PRCP/daily dia 11 (2026-09-24 → 2026-09-24) 28669 bytes
2026-09-13 09:34:00,524 [INFO] [OK] Brazil/GFS_ENSEMBLE_Corn_Winter_PRCP/daily dia 08 (2026-09-21 → 2026-09-21) 29017 bytes
2026-09-13 09:34:00,797 [INFO] [OK] Brazil/GFS_ENSEMBLE_Corn_Winter_PRCP/daily dia 12 (2026-09-25 → 2026-09-25) 28322 bytes
2026-09-13 09:34:01,196 [INFO] [OK] Brazil/GFS_ENSEMBLE_Corn_Winter_PRCP/daily dia 13 (2026-09-26 → 2026-09-26) 29642 bytes
2026-09-13 09:34:02,009 [INFO] [OK] Brazil/GFS_ENSEMBLE_Corn_Winter_PRCP/cumulative dia 00 (2026-09-13 → 2026-09-13) 29356 bytes
2026-09-13 09:34:02,197 [INFO] [OK] Brazil/GFS_ENSEMBLE_Corn_Winter_PRCP/cumulative dia 02 (2026-09-13 → 2026-09-15) 31596 bytes
2026-09-13 09:34:02,237 [INFO] [OK] Brazil/GFS_ENSEMBLE_Corn_Winter_PRCP/daily dia 14 (2026-09-27 → 2026-09-27) 29717 bytes
2026-09-13 09:34:02,279 [INFO] [OK] Brazil/GFS_ENSEMBLE_Corn_Winter_PRCP/cumulative dia 01 (2026-09-13 → 2026-09-14) 30876 bytes
2026-09-13 09:34:02,591 [INFO] [OK] Brazil/GFS_ENSEMBLE_Corn_Winter_PRCP/cumulative dia 03 (2026-09-13 → 2026-09-16) 32504 bytes
2026-09-13 09:34:02,918 [INFO] [OK] Brazil/GFS_ENSEMBLE_Corn_Winter_PRCP/cumulative dia 04 (2026-09-13 → 2026-09-17) 33308 bytes
2026-09-13 09:34:04,211 [INFO] [OK] Brazil/GFS_ENSEMBLE_Corn_Winter_PRCP/cumulative dia 05 (2026-09-13 → 2026-09-18) 34563 bytes
2026-09-13 09:34:04,636 [INFO] [OK] Brazil/GFS_ENSEMBLE_Corn_Winter_PRCP/cumulative dia 07 (2026-09-13 → 2026-09-20) 37262 bytes
2026-09-13 09:34:05,612 [INFO] [OK] Brazil/GFS_ENSEMBLE_Corn_Winter_PRCP/cumulative dia 09 (2026-09-13 → 2026-09-22) 39178 bytes
2026-09-13 09:34:05,675 [INFO] [OK] Brazil/GFS_ENSEMBLE_Corn_Winter_PRCP/cumulative dia 06 (2026-09-13 → 2026-09-19) 36569 bytes
2026-09-13 09:34:05,827 [INFO] [OK] Brazil/GFS_ENSEMBLE_Corn_Winter_PRCP/cumulative dia 08 (2026-09-13 → 2026-09-21) 38013 bytes
2026-09-13 09:34:06,291 [INFO] [OK] Brazil/GFS_ENSEMBLE_Corn_Winter_PRCP/cumulative dia 10 (2026-09-13 → 2026-09-23) 39773 bytes
2026-09-13 09:34:07,257 [INFO] [OK] Brazil/GFS_ENSEMBLE_Corn_Winter_PRCP/cumulative dia 11 (2026-09-13 → 2026-09-24) 39989 bytes
2026-09-13 09:34:07,501 [INFO] [OK] Brazil/ECM_ENSEMBLE_Soy_PRCP_DEP/daily dia 00 (2026-09-13 → 2026-09-13) 47248 bytes
2026-09-13 09:34:07,639 [INFO] [OK] Brazil/GFS_ENSEMBLE_Corn_Winter_PRCP/cumulative dia 12 (2026-09-13 → 2026-09-25) 40565 bytes
2026-09-13 09:34:07,842 [INFO] [OK] Brazil/ECM_ENSEMBLE_Soy_PRCP_DEP/daily dia 01 (2026-09-14 → 2026-09-14) 40841 bytes
2026-09-13 09:34:08,702 [INFO] [OK] Brazil/GFS_ENSEMBLE_Corn_Winter_PRCP/cumulative dia 13 (2026-09-13 → 2026-09-26) 41174 bytes
2026-09-13 09:34:08,899 [INFO] [OK] Brazil/GFS_ENSEMBLE_Corn_Winter_PRCP/cumulative dia 14 (2026-09-13 → 2026-09-27) 41484 bytes
2026-09-13 09:34:08,971 [INFO] [OK] Brazil/ECM_ENSEMBLE_Soy_PRCP_DEP/daily dia 02 (2026-09-15 → 2026-09-15) 40075 bytes
2026-09-13 09:34:09,140 [INFO] [OK] Brazil/ECM_ENSEMBLE_Soy_PRCP_DEP/daily dia 03 (2026-09-16 → 2026-09-16) 40327 bytes
2026-09-13 09:34:09,324 [INFO] [OK] Brazil/ECM_ENSEMBLE_Soy_PRCP_DEP/daily dia 04 (2026-09-17 → 2026-09-17) 44438 bytes
2026-09-13 09:34:09,453 [INFO] [OK] Brazil/ECM_ENSEMBLE_Soy_PRCP_DEP/daily dia 05 (2026-09-18 → 2026-09-18) 49381 bytes
2026-09-13 09:34:10,136 [INFO] [OK] Brazil/ECM_ENSEMBLE_Soy_PRCP_DEP/daily dia 06 (2026-09-19 → 2026-09-19) 51040 bytes
2026-09-13 09:34:10,692 [INFO] [OK] Brazil/ECM_ENSEMBLE_Soy_PRCP_DEP/daily dia 07 (2026-09-20 → 2026-09-20) 49225 bytes
2026-09-13 09:34:10,730 [INFO] [OK] Brazil/ECM_ENSEMBLE_Soy_PRCP_DEP/daily dia 08 (2026-09-21 → 2026-09-21) 48196 bytes
2026-09-13 09:34:10,765 [INFO] [OK] Brazil/ECM_ENSEMBLE_Soy_PRCP_DEP/daily dia 09 (2026-09-22 → 2026-09-22) 49306 bytes
2026-09-13 09:34:10,810 [INFO] [OK] Brazil/ECM_ENSEMBLE_Soy_PRCP_DEP/daily dia 10 (2026-09-23 → 2026-09-23) 50542 bytes
2026-09-13 09:34:10,872 [INFO] [OK] Brazil/ECM_ENSEMBLE_Soy_PRCP_DEP/daily dia 11 (2026-09-24 → 2026-09-24) 50928 bytes
2026-09-13 09:34:11,570 [INFO] [OK] Brazil/ECM_ENSEMBLE_Soy_PRCP_DEP/daily dia 12 (2026-09-25 → 2026-09-25) 52153 bytes
2026-09-13 09:34:12,268 [INFO] [OK] Brazil/ECM_ENSEMBLE_Soy_PRCP_DEP/daily dia 13 (2026-09-26 → 2026-09-26) 53127 bytes
2026-09-13 09:34:12,406 [INFO] [OK] Brazil/ECM_ENSEMBLE_Soy_PRCP_DEP/daily dia 14 (2026-09-27 → 2026-09-27) 53871 bytes
2026-09-13 09:34:12,626 [INFO] [OK] Brazil/ECM_ENSEMBLE_Soy_PRCP_DEP/cumulative dia 00 (2026-09-13 → 2026-09-13) 47248 bytes
2026-09-13 09:34:12,802 [INFO] [OK] Brazil/ECM_ENSEMBLE_Soy_PRCP_DEP/cumulative dia 01 (2026-09-13 → 2026-09-14) 46555 bytes
2026-09-13 09:34:12,922 [INFO] [OK] Brazil/ECM_ENSEMBLE_Soy_PRCP_DEP/cumulative dia 02 (2026-09-13 → 2026-09-15) 46195 bytes
2026-09-13 09:34:13,237 [INFO] [OK] Brazil/ECM_ENSEMBLE_Soy_PRCP_DEP/cumulative dia 03 (2026-09-13 → 2026-09-16) 45971 bytes
2026-09-13 09:34:14,304 [INFO] [OK] Brazil/ECM_ENSEMBLE_Soy_PRCP_DEP/cumulative dia 04 (2026-09-13 → 2026-09-17) 46444 bytes
2026-09-13 09:34:14,769 [INFO] [OK] Brazil/ECM_ENSEMBLE_Soy_PRCP_DEP/cumulative dia 05 (2026-09-13 → 2026-09-18) 48465 bytes
2026-09-13 09:34:14,893 [INFO] [OK] Brazil/ECM_ENSEMBLE_Soy_PRCP_DEP/cumulative dia 06 (2026-09-13 → 2026-09-19) 51003 bytes
2026-09-13 09:34:15,019 [INFO] [OK] Brazil/ECM_ENSEMBLE_Soy_PRCP_DEP/cumulative dia 07 (2026-09-13 → 2026-09-20) 52499 bytes
2026-09-13 09:34:15,320 [INFO] [OK] Brazil/ECM_ENSEMBLE_Soy_PRCP_DEP/cumulative dia 08 (2026-09-13 → 2026-09-21) 51919 bytes
2026-09-13 09:34:15,457 [INFO] [OK] Brazil/ECM_ENSEMBLE_Soy_PRCP_DEP/cumulative dia 09 (2026-09-13 → 2026-09-22) 52163 bytes
2026-09-13 09:34:16,924 [INFO] [OK] Brazil/ECM_ENSEMBLE_Soy_PRCP_DEP/cumulative dia 10 (2026-09-13 → 2026-09-23) 51940 bytes
2026-09-13 09:34:17,073 [INFO] [OK] Brazil/ECM_ENSEMBLE_Soy_PRCP/daily dia 00 (2026-09-13 → 2026-09-13) 32636 bytes
2026-09-13 09:34:17,618 [INFO] [OK] Brazil/ECM_ENSEMBLE_Soy_PRCP_DEP/cumulative dia 11 (2026-09-13 → 2026-09-24) 52267 bytes
2026-09-13 09:34:17,779 [INFO] [OK] Brazil/ECM_ENSEMBLE_Soy_PRCP_DEP/cumulative dia 12 (2026-09-13 → 2026-09-25) 52899 bytes
2026-09-13 09:34:18,284 [INFO] [OK] Brazil/ECM_ENSEMBLE_Soy_PRCP/daily dia 01 (2026-09-14 → 2026-09-14) 31237 bytes
2026-09-13 09:34:18,420 [INFO] [OK] Brazil/ECM_ENSEMBLE_Soy_PRCP_DEP/cumulative dia 13 (2026-09-13 → 2026-09-26) 53255 bytes
2026-09-13 09:34:18,483 [INFO] [OK] Brazil/ECM_ENSEMBLE_Soy_PRCP/daily dia 02 (2026-09-15 → 2026-09-15) 29424 bytes
2026-09-13 09:34:18,595 [INFO] [OK] Brazil/ECM_ENSEMBLE_Soy_PRCP_DEP/cumulative dia 14 (2026-09-13 → 2026-09-27) 53798 bytes
2026-09-13 09:34:18,927 [INFO] [OK] Brazil/ECM_ENSEMBLE_Soy_PRCP/daily dia 03 (2026-09-16 → 2026-09-16) 29418 bytes
2026-09-13 09:34:19,117 [INFO] [OK] Brazil/ECM_ENSEMBLE_Soy_PRCP/daily dia 04 (2026-09-17 → 2026-09-17) 29861 bytes
2026-09-13 09:34:19,934 [INFO] [OK] Brazil/ECM_ENSEMBLE_Soy_PRCP/daily dia 08 (2026-09-21 → 2026-09-21) 32631 bytes
2026-09-13 09:34:19,936 [INFO] [OK] Brazil/ECM_ENSEMBLE_Soy_PRCP/daily dia 06 (2026-09-19 → 2026-09-19) 33637 bytes
2026-09-13 09:34:20,064 [INFO] [OK] Brazil/ECM_ENSEMBLE_Soy_PRCP/daily dia 05 (2026-09-18 → 2026-09-18) 31719 bytes
2026-09-13 09:34:20,085 [INFO] [OK] Brazil/ECM_ENSEMBLE_Soy_PRCP/daily dia 07 (2026-09-20 → 2026-09-20) 32215 bytes
2026-09-13 09:34:20,340 [INFO] [OK] Brazil/ECM_ENSEMBLE_Soy_PRCP/daily dia 09 (2026-09-22 → 2026-09-22) 32674 bytes
2026-09-13 09:34:20,479 [INFO] [OK] Brazil/ECM_ENSEMBLE_Soy_PRCP/daily dia 10 (2026-09-23 → 2026-09-23) 31208 bytes
2026-09-13 09:34:21,287 [INFO] [OK] Brazil/ECM_ENSEMBLE_Soy_PRCP/daily dia 12 (2026-09-25 → 2026-09-25) 31793 bytes
2026-09-13 09:34:21,593 [INFO] [OK] Brazil/ECM_ENSEMBLE_Soy_PRCP/daily dia 11 (2026-09-24 → 2026-09-24) 30720 bytes
2026-09-13 09:34:21,664 [INFO] [OK] Brazil/ECM_ENSEMBLE_Soy_PRCP/daily dia 13 (2026-09-26 → 2026-09-26) 31970 bytes
2026-09-13 09:34:21,718 [INFO] [OK] Brazil/ECM_ENSEMBLE_Soy_PRCP/cumulative dia 00 (2026-09-13 → 2026-09-13) 32636 bytes
2026-09-13 09:34:21,770 [INFO] [OK] Brazil/ECM_ENSEMBLE_Soy_PRCP/daily dia 14 (2026-09-27 → 2026-09-27) 32076 bytes
2026-09-13 09:34:21,880 [INFO] [OK] Brazil/ECM_ENSEMBLE_Soy_PRCP/cumulative dia 01 (2026-09-13 → 2026-09-14) 34565 bytes
2026-09-13 09:34:22,770 [INFO] [OK] Brazil/ECM_ENSEMBLE_Soy_PRCP/cumulative dia 02 (2026-09-13 → 2026-09-15) 35556 bytes
2026-09-13 09:34:23,283 [INFO] [OK] Brazil/ECM_ENSEMBLE_Soy_PRCP/cumulative dia 03 (2026-09-13 → 2026-09-16) 36483 bytes
2026-09-13 09:34:23,434 [INFO] [OK] Brazil/ECM_ENSEMBLE_Soy_PRCP/cumulative dia 04 (2026-09-13 → 2026-09-17) 37359 bytes
2026-09-13 09:34:23,607 [INFO] [OK] Brazil/ECM_ENSEMBLE_Soy_PRCP/cumulative dia 05 (2026-09-13 → 2026-09-18) 38379 bytes
2026-09-13 09:34:23,714 [INFO] [OK] Brazil/ECM_ENSEMBLE_Soy_PRCP/cumulative dia 06 (2026-09-13 → 2026-09-19) 40452 bytes
2026-09-13 09:34:23,835 [INFO] [OK] Brazil/ECM_ENSEMBLE_Soy_PRCP/cumulative dia 07 (2026-09-13 → 2026-09-20) 41840 bytes
2026-09-13 09:34:24,823 [INFO] [OK] Brazil/ECM_ENSEMBLE_Soy_PRCP/cumulative dia 08 (2026-09-13 → 2026-09-21) 42557 bytes
2026-09-13 09:34:25,440 [INFO] [OK] Brazil/ECM_ENSEMBLE_Soy_PRCP/cumulative dia 09 (2026-09-13 → 2026-09-22) 42921 bytes
2026-09-13 09:34:25,693 [INFO] [OK] Brazil/ECM_ENSEMBLE_Soy_PRCP/cumulative dia 10 (2026-09-13 → 2026-09-23) 43002 bytes
2026-09-13 09:34:25,969 [INFO] [OK] Brazil/ECM_ENSEMBLE_Soy_PRCP/cumulative dia 11 (2026-09-13 → 2026-09-24) 43623 bytes
2026-09-13 09:34:26,167 [INFO] [OK] Brazil/ECM_ENSEMBLE_Soy_PRCP/cumulative dia 12 (2026-09-13 → 2026-09-25) 44264 bytes
2026-09-13 09:34:26,356 [INFO] [OK] Brazil/ECM_ENSEMBLE_Soy_PRCP/cumulative dia 13 (2026-09-13 → 2026-09-26) 44709 bytes
2026-09-13 09:34:26,790 [INFO] [OK] Brazil/ECM_ENSEMBLE_Corn_Winter_PRCP_DEP/daily dia 00 (2026-09-13 → 2026-09-13) 45594 bytes
2026-09-13 09:34:27,067 [INFO] [OK] Brazil/ECM_ENSEMBLE_Corn_Winter_PRCP_DEP/daily dia 01 (2026-09-14 → 2026-09-14) 39504 bytes
2026-09-13 09:34:27,445 [INFO] [OK] Brazil/ECM_ENSEMBLE_Corn_Winter_PRCP_DEP/daily dia 02 (2026-09-15 → 2026-09-15) 38642 bytes
2026-09-13 09:34:27,505 [INFO] [OK] Brazil/ECM_ENSEMBLE_Soy_PRCP/cumulative dia 14 (2026-09-13 → 2026-09-27) 44931 bytes
2026-09-13 09:34:27,590 [INFO] [OK] Brazil/ECM_ENSEMBLE_Corn_Winter_PRCP_DEP/daily dia 03 (2026-09-16 → 2026-09-16) 38819 bytes
2026-09-13 09:34:27,750 [INFO] [OK] Brazil/ECM_ENSEMBLE_Corn_Winter_PRCP_DEP/daily dia 04 (2026-09-17 → 2026-09-17) 43084 bytes
2026-09-13 09:34:28,417 [INFO] [OK] Brazil/ECM_ENSEMBLE_Corn_Winter_PRCP_DEP/daily dia 06 (2026-09-19 → 2026-09-19) 49805 bytes
2026-09-13 09:34:28,491 [INFO] [OK] Brazil/ECM_ENSEMBLE_Corn_Winter_PRCP_DEP/daily dia 05 (2026-09-18 → 2026-09-18) 48181 bytes
2026-09-13 09:34:28,820 [INFO] [OK] Brazil/ECM_ENSEMBLE_Corn_Winter_PRCP_DEP/daily dia 07 (2026-09-20 → 2026-09-20) 48003 bytes
2026-09-13 09:34:29,128 [INFO] [OK] Brazil/ECM_ENSEMBLE_Corn_Winter_PRCP_DEP/daily dia 10 (2026-09-23 → 2026-09-23) 49081 bytes
2026-09-13 09:34:29,147 [INFO] [OK] Brazil/ECM_ENSEMBLE_Corn_Winter_PRCP_DEP/daily dia 08 (2026-09-21 → 2026-09-21) 47021 bytes
2026-09-13 09:34:29,153 [INFO] [OK] Brazil/ECM_ENSEMBLE_Corn_Winter_PRCP_DEP/daily dia 09 (2026-09-22 → 2026-09-22) 48006 bytes
2026-09-13 09:34:29,824 [INFO] [OK] Brazil/ECM_ENSEMBLE_Corn_Winter_PRCP_DEP/daily dia 11 (2026-09-24 → 2026-09-24) 49379 bytes
2026-09-13 09:34:29,832 [INFO] [OK] Brazil/ECM_ENSEMBLE_Corn_Winter_PRCP_DEP/daily dia 12 (2026-09-25 → 2026-09-25) 50497 bytes
2026-09-13 09:34:30,155 [INFO] [OK] Brazil/ECM_ENSEMBLE_Corn_Winter_PRCP_DEP/daily dia 13 (2026-09-26 → 2026-09-26) 51505 bytes
2026-09-13 09:34:30,492 [INFO] [OK] Brazil/ECM_ENSEMBLE_Corn_Winter_PRCP_DEP/cumulative dia 00 (2026-09-13 → 2026-09-13) 45594 bytes
2026-09-13 09:34:30,544 [INFO] [OK] Brazil/ECM_ENSEMBLE_Corn_Winter_PRCP_DEP/daily dia 14 (2026-09-27 → 2026-09-27) 52440 bytes
2026-09-13 09:34:30,626 [INFO] [OK] Brazil/ECM_ENSEMBLE_Corn_Winter_PRCP_DEP/cumulative dia 01 (2026-09-13 → 2026-09-14) 45001 bytes
2026-09-13 09:34:31,318 [INFO] [OK] Brazil/ECM_ENSEMBLE_Corn_Winter_PRCP_DEP/cumulative dia 02 (2026-09-13 → 2026-09-15) 44828 bytes
2026-09-13 09:34:31,408 [INFO] [OK] Brazil/ECM_ENSEMBLE_Corn_Winter_PRCP_DEP/cumulative dia 03 (2026-09-13 → 2026-09-16) 44571 bytes
2026-09-13 09:34:31,853 [INFO] [OK] Brazil/ECM_ENSEMBLE_Corn_Winter_PRCP_DEP/cumulative dia 04 (2026-09-13 → 2026-09-17) 45109 bytes
2026-09-13 09:34:32,219 [INFO] [OK] Brazil/ECM_ENSEMBLE_Corn_Winter_PRCP_DEP/cumulative dia 05 (2026-09-13 → 2026-09-18) 47281 bytes
2026-09-13 09:34:32,353 [INFO] [OK] Brazil/ECM_ENSEMBLE_Corn_Winter_PRCP_DEP/cumulative dia 06 (2026-09-13 → 2026-09-19) 49814 bytes
2026-09-13 09:34:32,551 [INFO] [OK] Brazil/ECM_ENSEMBLE_Corn_Winter_PRCP_DEP/cumulative dia 07 (2026-09-13 → 2026-09-20) 51120 bytes
2026-09-13 09:34:33,324 [INFO] [OK] Brazil/ECM_ENSEMBLE_Corn_Winter_PRCP_DEP/cumulative dia 08 (2026-09-13 → 2026-09-21) 50804 bytes
2026-09-13 09:34:33,477 [INFO] [OK] Brazil/ECM_ENSEMBLE_Corn_Winter_PRCP_DEP/cumulative dia 09 (2026-09-13 → 2026-09-22) 50898 bytes
2026-09-13 09:34:33,993 [INFO] [OK] Brazil/ECM_ENSEMBLE_Corn_Winter_PRCP_DEP/cumulative dia 10 (2026-09-13 → 2026-09-23) 50681 bytes
2026-09-13 09:34:34,457 [INFO] [OK] Brazil/ECM_ENSEMBLE_Corn_Winter_PRCP_DEP/cumulative dia 11 (2026-09-13 → 2026-09-24) 51089 bytes
2026-09-13 09:34:34,661 [INFO] [OK] Brazil/ECM_ENSEMBLE_Corn_Winter_PRCP_DEP/cumulative dia 12 (2026-09-13 → 2026-09-25) 51551 bytes
2026-09-13 09:34:34,856 [INFO] [OK] Brazil/ECM_ENSEMBLE_Corn_Winter_PRCP/daily dia 00 (2026-09-13 → 2026-09-13) 31040 bytes
2026-09-13 09:34:34,959 [INFO] [OK] Brazil/ECM_ENSEMBLE_Corn_Winter_PRCP_DEP/cumulative dia 13 (2026-09-13 → 2026-09-26) 51827 bytes
2026-09-13 09:34:35,330 [INFO] [OK] Brazil/ECM_ENSEMBLE_Corn_Winter_PRCP/daily dia 01 (2026-09-14 → 2026-09-14) 29842 bytes
2026-09-13 09:34:35,604 [INFO] [OK] Brazil/ECM_ENSEMBLE_Corn_Winter_PRCP_DEP/cumulative dia 14 (2026-09-13 → 2026-09-27) 52271 bytes
2026-09-13 09:34:35,723 [INFO] [OK] Brazil/ECM_ENSEMBLE_Corn_Winter_PRCP/daily dia 02 (2026-09-15 → 2026-09-15) 27873 bytes
2026-09-13 09:34:35,937 [INFO] [OK] Brazil/ECM_ENSEMBLE_Corn_Winter_PRCP/daily dia 03 (2026-09-16 → 2026-09-16) 28049 bytes
2026-09-13 09:34:36,122 [INFO] [OK] Brazil/ECM_ENSEMBLE_Corn_Winter_PRCP/daily dia 04 (2026-09-17 → 2026-09-17) 28553 bytes
2026-09-13 09:34:36,259 [INFO] [OK] Brazil/ECM_ENSEMBLE_Corn_Winter_PRCP/daily dia 05 (2026-09-18 → 2026-09-18) 30276 bytes
2026-09-13 09:34:36,638 [INFO] [OK] Brazil/ECM_ENSEMBLE_Corn_Winter_PRCP/daily dia 06 (2026-09-19 → 2026-09-19) 32098 bytes
2026-09-13 09:34:36,948 [INFO] [OK] Brazil/ECM_ENSEMBLE_Corn_Winter_PRCP/daily dia 07 (2026-09-20 → 2026-09-20) 30764 bytes
2026-09-13 09:34:37,096 [INFO] [OK] Brazil/ECM_ENSEMBLE_Corn_Winter_PRCP/daily dia 08 (2026-09-21 → 2026-09-21) 31226 bytes
2026-09-13 09:34:37,198 [INFO] [OK] Brazil/ECM_ENSEMBLE_Corn_Winter_PRCP/daily dia 09 (2026-09-22 → 2026-09-22) 31140 bytes
2026-09-13 09:34:37,421 [INFO] [OK] Brazil/ECM_ENSEMBLE_Corn_Winter_PRCP/daily dia 10 (2026-09-23 → 2026-09-23) 29793 bytes
2026-09-13 09:34:37,658 [INFO] [OK] Brazil/ECM_ENSEMBLE_Corn_Winter_PRCP/daily dia 11 (2026-09-24 → 2026-09-24) 29369 bytes
2026-09-13 09:34:37,933 [INFO] [OK] Brazil/ECM_ENSEMBLE_Corn_Winter_PRCP/daily dia 12 (2026-09-25 → 2026-09-25) 30363 bytes
2026-09-13 09:34:38,273 [INFO] [OK] Brazil/ECM_ENSEMBLE_Corn_Winter_PRCP/daily dia 13 (2026-09-26 → 2026-09-26) 30584 bytes
2026-09-13 09:34:38,434 [INFO] [OK] Brazil/ECM_ENSEMBLE_Corn_Winter_PRCP/daily dia 14 (2026-09-27 → 2026-09-27) 30660 bytes
2026-09-13 09:34:38,466 [INFO] [OK] Brazil/ECM_ENSEMBLE_Corn_Winter_PRCP/cumulative dia 00 (2026-09-13 → 2026-09-13) 31040 bytes
2026-09-13 09:34:38,752 [INFO] [OK] Brazil/ECM_ENSEMBLE_Corn_Winter_PRCP/cumulative dia 01 (2026-09-13 → 2026-09-14) 33061 bytes
2026-09-13 09:34:39,075 [INFO] [OK] Brazil/ECM_ENSEMBLE_Corn_Winter_PRCP/cumulative dia 02 (2026-09-13 → 2026-09-15) 34106 bytes
2026-09-13 09:34:39,441 [INFO] [OK] Brazil/ECM_ENSEMBLE_Corn_Winter_PRCP/cumulative dia 03 (2026-09-13 → 2026-09-16) 34953 bytes
2026-09-13 09:34:39,848 [INFO] [OK] Brazil/ECM_ENSEMBLE_Corn_Winter_PRCP/cumulative dia 04 (2026-09-13 → 2026-09-17) 35865 bytes
2026-09-13 09:34:40,079 [INFO] [OK] Brazil/ECM_ENSEMBLE_Corn_Winter_PRCP/cumulative dia 05 (2026-09-13 → 2026-09-18) 37017 bytes
2026-09-13 09:34:40,242 [INFO] [OK] Brazil/ECM_ENSEMBLE_Corn_Winter_PRCP/cumulative dia 06 (2026-09-13 → 2026-09-19) 39217 bytes
2026-09-13 09:34:40,586 [INFO] [OK] Brazil/ECM_ENSEMBLE_Corn_Winter_PRCP/cumulative dia 07 (2026-09-13 → 2026-09-20) 40524 bytes
2026-09-13 09:34:40,938 [INFO] [OK] Brazil/ECM_ENSEMBLE_Corn_Winter_PRCP/cumulative dia 08 (2026-09-13 → 2026-09-21) 40964 bytes
2026-09-13 09:34:41,469 [INFO] [OK] Brazil/ECM_ENSEMBLE_Corn_Winter_PRCP/cumulative dia 09 (2026-09-13 → 2026-09-22) 41323 bytes
2026-09-13 09:34:41,943 [INFO] [OK] Brazil/ECM_ENSEMBLE_Corn_Winter_PRCP/cumulative dia 10 (2026-09-13 → 2026-09-23) 41464 bytes
2026-09-13 09:34:42,283 [INFO] [OK] Brazil/ECM_ENSEMBLE_Corn_Winter_PRCP/cumulative dia 11 (2026-09-13 → 2026-09-24) 42009 bytes
2026-09-13 09:34:42,503 [INFO] [OK] Brazil/ECM_ENSEMBLE_Corn_Winter_PRCP/cumulative dia 12 (2026-09-13 → 2026-09-25) 42653 bytes
2026-09-13 09:34:42,522 [INFO] [OK] Argentina/GFS_ENSEMBLE_Soy_PRCP_DEP/daily dia 00 (2026-09-13 → 2026-09-13) 36550 bytes
2026-09-13 09:34:42,898 [INFO] [OK] Argentina/GFS_ENSEMBLE_Soy_PRCP_DEP/daily dia 01 (2026-09-14 → 2026-09-14) 30623 bytes
2026-09-13 09:34:42,937 [INFO] [OK] Brazil/ECM_ENSEMBLE_Corn_Winter_PRCP/cumulative dia 13 (2026-09-13 → 2026-09-26) 43006 bytes
2026-09-13 09:34:43,295 [INFO] [OK] Brazil/ECM_ENSEMBLE_Corn_Winter_PRCP/cumulative dia 14 (2026-09-13 → 2026-09-27) 43421 bytes
2026-09-13 09:34:43,295 [INFO] [OK] Argentina/GFS_ENSEMBLE_Soy_PRCP_DEP/daily dia 02 (2026-09-15 → 2026-09-15) 29930 bytes
2026-09-13 09:34:43,514 [INFO] [OK] Argentina/GFS_ENSEMBLE_Soy_PRCP_DEP/daily dia 03 (2026-09-16 → 2026-09-16) 28965 bytes
2026-09-13 09:34:43,523 [INFO] [OK] Argentina/GFS_ENSEMBLE_Soy_PRCP_DEP/daily dia 04 (2026-09-17 → 2026-09-17) 33144 bytes
2026-09-13 09:34:43,920 [INFO] [OK] Argentina/GFS_ENSEMBLE_Soy_PRCP_DEP/daily dia 05 (2026-09-18 → 2026-09-18) 39483 bytes
2026-09-13 09:34:43,969 [INFO] [OK] Argentina/GFS_ENSEMBLE_Soy_PRCP_DEP/daily dia 06 (2026-09-19 → 2026-09-19) 41984 bytes
2026-09-13 09:34:44,328 [INFO] [OK] Argentina/GFS_ENSEMBLE_Soy_PRCP_DEP/daily dia 07 (2026-09-20 → 2026-09-20) 41469 bytes
2026-09-13 09:34:44,378 [INFO] [OK] Argentina/GFS_ENSEMBLE_Soy_PRCP_DEP/daily dia 08 (2026-09-21 → 2026-09-21) 42437 bytes
2026-09-13 09:34:44,572 [INFO] [OK] Argentina/GFS_ENSEMBLE_Soy_PRCP_DEP/daily dia 09 (2026-09-22 → 2026-09-22) 41540 bytes
2026-09-13 09:34:44,683 [INFO] [OK] Argentina/GFS_ENSEMBLE_Soy_PRCP_DEP/daily dia 10 (2026-09-23 → 2026-09-23) 42155 bytes
2026-09-13 09:34:44,926 [INFO] [OK] Argentina/GFS_ENSEMBLE_Soy_PRCP_DEP/daily dia 11 (2026-09-24 → 2026-09-24) 37486 bytes
2026-09-13 09:34:44,969 [INFO] [OK] Argentina/GFS_ENSEMBLE_Soy_PRCP_DEP/daily dia 12 (2026-09-25 → 2026-09-25) 37697 bytes
2026-09-13 09:34:45,325 [INFO] [OK] Argentina/GFS_ENSEMBLE_Soy_PRCP_DEP/daily dia 13 (2026-09-26 → 2026-09-26) 42424 bytes
2026-09-13 09:34:45,408 [INFO] [OK] Argentina/GFS_ENSEMBLE_Soy_PRCP_DEP/daily dia 14 (2026-09-27 → 2026-09-27) 43685 bytes
2026-09-13 09:34:45,594 [INFO] [OK] Argentina/GFS_ENSEMBLE_Soy_PRCP_DEP/cumulative dia 00 (2026-09-13 → 2026-09-13) 36550 bytes
2026-09-13 09:34:45,846 [INFO] [OK] Argentina/GFS_ENSEMBLE_Soy_PRCP_DEP/cumulative dia 01 (2026-09-13 → 2026-09-14) 34564 bytes
2026-09-13 09:34:45,992 [INFO] [OK] Argentina/GFS_ENSEMBLE_Soy_PRCP_DEP/cumulative dia 02 (2026-09-13 → 2026-09-15) 34232 bytes
2026-09-13 09:34:46,166 [INFO] [OK] Argentina/GFS_ENSEMBLE_Soy_PRCP_DEP/cumulative dia 03 (2026-09-13 → 2026-09-16) 34054 bytes
2026-09-13 09:34:46,493 [INFO] [OK] Argentina/GFS_ENSEMBLE_Soy_PRCP_DEP/cumulative dia 04 (2026-09-13 → 2026-09-17) 35049 bytes
2026-09-13 09:34:46,665 [INFO] [OK] Argentina/GFS_ENSEMBLE_Soy_PRCP_DEP/cumulative dia 05 (2026-09-13 → 2026-09-18) 37015 bytes
2026-09-13 09:34:46,860 [INFO] [OK] Argentina/GFS_ENSEMBLE_Soy_PRCP_DEP/cumulative dia 06 (2026-09-13 → 2026-09-19) 39665 bytes
2026-09-13 09:34:47,194 [INFO] [OK] Argentina/GFS_ENSEMBLE_Soy_PRCP_DEP/cumulative dia 07 (2026-09-13 → 2026-09-20) 42525 bytes
2026-09-13 09:34:47,327 [INFO] [OK] Argentina/GFS_ENSEMBLE_Soy_PRCP_DEP/cumulative dia 08 (2026-09-13 → 2026-09-21) 41974 bytes
2026-09-13 09:34:47,592 [INFO] [OK] Argentina/GFS_ENSEMBLE_Soy_PRCP_DEP/cumulative dia 09 (2026-09-13 → 2026-09-22) 42611 bytes
2026-09-13 09:34:47,952 [INFO] [OK] Argentina/GFS_ENSEMBLE_Soy_PRCP_DEP/cumulative dia 10 (2026-09-13 → 2026-09-23) 42874 bytes
2026-09-13 09:34:48,166 [INFO] [OK] Argentina/GFS_ENSEMBLE_Soy_PRCP_DEP/cumulative dia 11 (2026-09-13 → 2026-09-24) 42759 bytes
2026-09-13 09:34:48,372 [INFO] [OK] Argentina/GFS_ENSEMBLE_Soy_PRCP_DEP/cumulative dia 12 (2026-09-13 → 2026-09-25) 42535 bytes
2026-09-13 09:34:48,550 [INFO] [OK] Argentina/GFS_ENSEMBLE_Soy_PRCP/daily dia 00 (2026-09-13 → 2026-09-13) 28284 bytes
2026-09-13 09:34:48,787 [INFO] [OK] Argentina/GFS_ENSEMBLE_Soy_PRCP_DEP/cumulative dia 13 (2026-09-13 → 2026-09-26) 42950 bytes
2026-09-13 09:34:48,934 [INFO] [OK] Argentina/GFS_ENSEMBLE_Soy_PRCP/daily dia 01 (2026-09-14 → 2026-09-14) 27643 bytes
2026-09-13 09:34:48,981 [INFO] [OK] Argentina/GFS_ENSEMBLE_Soy_PRCP_DEP/cumulative dia 14 (2026-09-13 → 2026-09-27) 42624 bytes
2026-09-13 09:34:49,082 [INFO] [OK] Argentina/GFS_ENSEMBLE_Soy_PRCP/daily dia 02 (2026-09-15 → 2026-09-15) 26243 bytes
2026-09-13 09:34:49,347 [INFO] [OK] Argentina/GFS_ENSEMBLE_Soy_PRCP/daily dia 03 (2026-09-16 → 2026-09-16) 26508 bytes
2026-09-13 09:34:49,483 [INFO] [OK] Argentina/GFS_ENSEMBLE_Soy_PRCP/daily dia 04 (2026-09-17 → 2026-09-17) 26417 bytes
2026-09-13 09:34:49,829 [INFO] [OK] Argentina/GFS_ENSEMBLE_Soy_PRCP/daily dia 05 (2026-09-18 → 2026-09-18) 28267 bytes
2026-09-13 09:34:49,889 [INFO] [OK] Argentina/GFS_ENSEMBLE_Soy_PRCP/daily dia 06 (2026-09-19 → 2026-09-19) 30011 bytes
2026-09-13 09:34:49,940 [INFO] [OK] Argentina/GFS_ENSEMBLE_Soy_PRCP/daily dia 07 (2026-09-20 → 2026-09-20) 29702 bytes
2026-09-13 09:34:50,008 [INFO] [OK] Argentina/GFS_ENSEMBLE_Soy_PRCP/daily dia 08 (2026-09-21 → 2026-09-21) 28775 bytes
2026-09-13 09:34:50,303 [INFO] [OK] Argentina/GFS_ENSEMBLE_Soy_PRCP/daily dia 09 (2026-09-22 → 2026-09-22) 29375 bytes
2026-09-13 09:34:50,478 [INFO] [OK] Argentina/GFS_ENSEMBLE_Soy_PRCP/daily dia 10 (2026-09-23 → 2026-09-23) 29366 bytes
2026-09-13 09:34:50,840 [INFO] [OK] Argentina/GFS_ENSEMBLE_Soy_PRCP/daily dia 11 (2026-09-24 → 2026-09-24) 28275 bytes
2026-09-13 09:34:50,868 [INFO] [OK] Argentina/GFS_ENSEMBLE_Soy_PRCP/daily dia 12 (2026-09-25 → 2026-09-25) 27603 bytes
2026-09-13 09:34:50,886 [INFO] [OK] Argentina/GFS_ENSEMBLE_Soy_PRCP/daily dia 13 (2026-09-26 → 2026-09-26) 28887 bytes
2026-09-13 09:34:50,934 [INFO] [OK] Argentina/GFS_ENSEMBLE_Soy_PRCP/daily dia 14 (2026-09-27 → 2026-09-27) 28856 bytes
2026-09-13 09:34:51,262 [INFO] [OK] Argentina/GFS_ENSEMBLE_Soy_PRCP/cumulative dia 00 (2026-09-13 → 2026-09-13) 28284 bytes
2026-09-13 09:34:51,461 [INFO] [OK] Argentina/GFS_ENSEMBLE_Soy_PRCP/cumulative dia 01 (2026-09-13 → 2026-09-14) 29395 bytes
2026-09-13 09:34:52,116 [INFO] [OK] Argentina/GFS_ENSEMBLE_Soy_PRCP/cumulative dia 03 (2026-09-13 → 2026-09-16) 30456 bytes
2026-09-13 09:34:52,118 [INFO] [OK] Argentina/GFS_ENSEMBLE_Soy_PRCP/cumulative dia 04 (2026-09-13 → 2026-09-17) 31328 bytes
2026-09-13 09:34:52,119 [INFO] [OK] Argentina/GFS_ENSEMBLE_Soy_PRCP/cumulative dia 02 (2026-09-13 → 2026-09-15) 29803 bytes
2026-09-13 09:34:52,225 [INFO] [OK] Argentina/GFS_ENSEMBLE_Soy_PRCP/cumulative dia 05 (2026-09-13 → 2026-09-18) 32428 bytes
2026-09-13 09:34:52,653 [INFO] [OK] Argentina/GFS_ENSEMBLE_Soy_PRCP/cumulative dia 06 (2026-09-13 → 2026-09-19) 34441 bytes
2026-09-13 09:34:52,761 [INFO] [OK] Argentina/GFS_ENSEMBLE_Soy_PRCP/cumulative dia 07 (2026-09-13 → 2026-09-20) 35749 bytes
2026-09-13 09:34:53,516 [INFO] [OK] Argentina/GFS_ENSEMBLE_Soy_PRCP/cumulative dia 08 (2026-09-13 → 2026-09-21) 36338 bytes
2026-09-13 09:34:53,566 [INFO] [OK] Argentina/GFS_ENSEMBLE_Soy_PRCP/cumulative dia 09 (2026-09-13 → 2026-09-22) 37344 bytes
2026-09-13 09:34:53,604 [INFO] [OK] Argentina/GFS_ENSEMBLE_Soy_PRCP/cumulative dia 10 (2026-09-13 → 2026-09-23) 37908 bytes
2026-09-13 09:34:53,728 [INFO] [OK] Argentina/GFS_ENSEMBLE_Soy_PRCP/cumulative dia 11 (2026-09-13 → 2026-09-24) 38127 bytes
2026-09-13 09:34:54,285 [INFO] [OK] Argentina/GFS_ENSEMBLE_Soy_PRCP/cumulative dia 12 (2026-09-13 → 2026-09-25) 38264 bytes
2026-09-13 09:34:54,358 [INFO] [OK] Argentina/GFS_ENSEMBLE_Soy_PRCP/cumulative dia 13 (2026-09-13 → 2026-09-26) 38885 bytes
2026-09-13 09:34:54,528 [INFO] [OK] Argentina/GFS_ENSEMBLE_Corn_Winter_PRCP_DEP/daily dia 00 (2026-09-13 → 2026-09-13) 34735 bytes
2026-09-13 09:34:54,589 [INFO] [OK] Argentina/GFS_ENSEMBLE_Corn_Winter_PRCP_DEP/daily dia 01 (2026-09-14 → 2026-09-14) 29097 bytes
2026-09-13 09:34:54,698 [INFO] [OK] Argentina/GFS_ENSEMBLE_Corn_Winter_PRCP_DEP/daily dia 02 (2026-09-15 → 2026-09-15) 28242 bytes
2026-09-13 09:34:55,052 [INFO] [OK] Argentina/GFS_ENSEMBLE_Soy_PRCP/cumulative dia 14 (2026-09-13 → 2026-09-27) 38491 bytes
2026-09-13 09:34:55,226 [INFO] [OK] Argentina/GFS_ENSEMBLE_Corn_Winter_PRCP_DEP/daily dia 03 (2026-09-16 → 2026-09-16) 27275 bytes
2026-09-13 09:34:55,292 [INFO] [OK] Argentina/GFS_ENSEMBLE_Corn_Winter_PRCP_DEP/daily dia 04 (2026-09-17 → 2026-09-17) 31378 bytes
2026-09-13 09:34:55,589 [INFO] [OK] Argentina/GFS_ENSEMBLE_Corn_Winter_PRCP_DEP/daily dia 05 (2026-09-18 → 2026-09-18) 37640 bytes
2026-09-13 09:34:55,668 [INFO] [OK] Argentina/GFS_ENSEMBLE_Corn_Winter_PRCP_DEP/daily dia 06 (2026-09-19 → 2026-09-19) 40592 bytes
2026-09-13 09:34:55,784 [INFO] [OK] Argentina/GFS_ENSEMBLE_Corn_Winter_PRCP_DEP/daily dia 07 (2026-09-20 → 2026-09-20) 39852 bytes
2026-09-13 09:34:56,062 [INFO] [OK] Argentina/GFS_ENSEMBLE_Corn_Winter_PRCP_DEP/daily dia 08 (2026-09-21 → 2026-09-21) 40835 bytes
2026-09-13 09:34:56,239 [INFO] [OK] Argentina/GFS_ENSEMBLE_Corn_Winter_PRCP_DEP/daily dia 09 (2026-09-22 → 2026-09-22) 39809 bytes
2026-09-13 09:34:56,293 [INFO] [OK] Argentina/GFS_ENSEMBLE_Corn_Winter_PRCP_DEP/daily dia 10 (2026-09-23 → 2026-09-23) 40345 bytes
2026-09-13 09:34:56,654 [INFO] [OK] Argentina/GFS_ENSEMBLE_Corn_Winter_PRCP_DEP/daily dia 11 (2026-09-24 → 2026-09-24) 35924 bytes
2026-09-13 09:34:56,693 [INFO] [OK] Argentina/GFS_ENSEMBLE_Corn_Winter_PRCP_DEP/daily dia 12 (2026-09-25 → 2026-09-25) 35893 bytes
2026-09-13 09:34:56,854 [INFO] [OK] Argentina/GFS_ENSEMBLE_Corn_Winter_PRCP_DEP/daily dia 13 (2026-09-26 → 2026-09-26) 40612 bytes
2026-09-13 09:34:57,203 [INFO] [OK] Argentina/GFS_ENSEMBLE_Corn_Winter_PRCP_DEP/daily dia 14 (2026-09-27 → 2026-09-27) 42234 bytes
2026-09-13 09:34:57,312 [INFO] [OK] Argentina/GFS_ENSEMBLE_Corn_Winter_PRCP_DEP/cumulative dia 00 (2026-09-13 → 2026-09-13) 34735 bytes
2026-09-13 09:34:57,365 [INFO] [OK] Argentina/GFS_ENSEMBLE_Corn_Winter_PRCP_DEP/cumulative dia 01 (2026-09-13 → 2026-09-14) 32864 bytes
2026-09-13 09:34:57,702 [INFO] [OK] Argentina/GFS_ENSEMBLE_Corn_Winter_PRCP_DEP/cumulative dia 02 (2026-09-13 → 2026-09-15) 32900 bytes
2026-09-13 09:34:57,809 [INFO] [OK] Argentina/GFS_ENSEMBLE_Corn_Winter_PRCP_DEP/cumulative dia 03 (2026-09-13 → 2026-09-16) 32395 bytes
2026-09-13 09:34:58,011 [INFO] [OK] Argentina/GFS_ENSEMBLE_Corn_Winter_PRCP_DEP/cumulative dia 04 (2026-09-13 → 2026-09-17) 33732 bytes
2026-09-13 09:34:58,456 [INFO] [OK] Argentina/GFS_ENSEMBLE_Corn_Winter_PRCP_DEP/cumulative dia 05 (2026-09-13 → 2026-09-18) 35227 bytes
2026-09-13 09:34:58,576 [INFO] [OK] Argentina/GFS_ENSEMBLE_Corn_Winter_PRCP_DEP/cumulative dia 06 (2026-09-13 → 2026-09-19) 37887 bytes
2026-09-13 09:34:58,700 [INFO] [OK] Argentina/GFS_ENSEMBLE_Corn_Winter_PRCP_DEP/cumulative dia 07 (2026-09-13 → 2026-09-20) 40727 bytes
2026-09-13 09:34:59,059 [INFO] [OK] Argentina/GFS_ENSEMBLE_Corn_Winter_PRCP_DEP/cumulative dia 08 (2026-09-13 → 2026-09-21) 40074 bytes
2026-09-13 09:34:59,272 [INFO] [OK] Argentina/GFS_ENSEMBLE_Corn_Winter_PRCP_DEP/cumulative dia 09 (2026-09-13 → 2026-09-22) 40740 bytes
2026-09-13 09:34:59,471 [INFO] [OK] Argentina/GFS_ENSEMBLE_Corn_Winter_PRCP_DEP/cumulative dia 10 (2026-09-13 → 2026-09-23) 41096 bytes
2026-09-13 09:34:59,972 [INFO] [OK] Argentina/GFS_ENSEMBLE_Corn_Winter_PRCP_DEP/cumulative dia 11 (2026-09-13 → 2026-09-24) 40816 bytes
2026-09-13 09:35:00,273 [INFO] [OK] Argentina/GFS_ENSEMBLE_Corn_Winter_PRCP_DEP/cumulative dia 12 (2026-09-13 → 2026-09-25) 40707 bytes
2026-09-13 09:35:00,387 [INFO] [OK] Argentina/GFS_ENSEMBLE_Corn_Winter_PRCP/daily dia 00 (2026-09-13 → 2026-09-13) 26333 bytes
2026-09-13 09:35:00,485 [INFO] [OK] Argentina/GFS_ENSEMBLE_Corn_Winter_PRCP/daily dia 01 (2026-09-14 → 2026-09-14) 25709 bytes
2026-09-13 09:35:00,510 [INFO] [OK] Argentina/GFS_ENSEMBLE_Corn_Winter_PRCP_DEP/cumulative dia 13 (2026-09-13 → 2026-09-26) 40774 bytes
2026-09-13 09:35:00,786 [INFO] [OK] Argentina/GFS_ENSEMBLE_Corn_Winter_PRCP_DEP/cumulative dia 14 (2026-09-13 → 2026-09-27) 40772 bytes
2026-09-13 09:35:00,956 [INFO] [OK] Argentina/GFS_ENSEMBLE_Corn_Winter_PRCP/daily dia 02 (2026-09-15 → 2026-09-15) 24274 bytes
2026-09-13 09:35:01,214 [INFO] [OK] Argentina/GFS_ENSEMBLE_Corn_Winter_PRCP/daily dia 03 (2026-09-16 → 2026-09-16) 24597 bytes
2026-09-13 09:35:01,490 [INFO] [OK] Argentina/GFS_ENSEMBLE_Corn_Winter_PRCP/daily dia 04 (2026-09-17 → 2026-09-17) 24634 bytes
2026-09-13 09:35:01,491 [INFO] [OK] Argentina/GFS_ENSEMBLE_Corn_Winter_PRCP/daily dia 05 (2026-09-18 → 2026-09-18) 26474 bytes
2026-09-13 09:35:01,518 [INFO] [OK] Argentina/GFS_ENSEMBLE_Corn_Winter_PRCP/daily dia 06 (2026-09-19 → 2026-09-19) 28208 bytes
2026-09-13 09:35:01,740 [INFO] [OK] Argentina/GFS_ENSEMBLE_Corn_Winter_PRCP/daily dia 07 (2026-09-20 → 2026-09-20) 27910 bytes
2026-09-13 09:35:01,920 [INFO] [OK] Argentina/GFS_ENSEMBLE_Corn_Winter_PRCP/daily dia 08 (2026-09-21 → 2026-09-21) 26893 bytes
2026-09-13 09:35:02,141 [INFO] [OK] Argentina/GFS_ENSEMBLE_Corn_Winter_PRCP/daily dia 09 (2026-09-22 → 2026-09-22) 27561 bytes
2026-09-13 09:35:02,435 [INFO] [OK] Argentina/GFS_ENSEMBLE_Corn_Winter_PRCP/daily dia 10 (2026-09-23 → 2026-09-23) 27605 bytes
2026-09-13 09:35:02,438 [INFO] [OK] Argentina/GFS_ENSEMBLE_Corn_Winter_PRCP/daily dia 11 (2026-09-24 → 2026-09-24) 26252 bytes
2026-09-13 09:35:02,523 [INFO] [OK] Argentina/GFS_ENSEMBLE_Corn_Winter_PRCP/daily dia 12 (2026-09-25 → 2026-09-25) 25649 bytes
2026-09-13 09:35:02,711 [INFO] [OK] Argentina/GFS_ENSEMBLE_Corn_Winter_PRCP/daily dia 13 (2026-09-26 → 2026-09-26) 26919 bytes
2026-09-13 09:35:02,890 [INFO] [OK] Argentina/GFS_ENSEMBLE_Corn_Winter_PRCP/daily dia 14 (2026-09-27 → 2026-09-27) 27062 bytes
2026-09-13 09:35:03,121 [INFO] [OK] Argentina/GFS_ENSEMBLE_Corn_Winter_PRCP/cumulative dia 00 (2026-09-13 → 2026-09-13) 26333 bytes
2026-09-13 09:35:03,419 [INFO] [OK] Argentina/GFS_ENSEMBLE_Corn_Winter_PRCP/cumulative dia 01 (2026-09-13 → 2026-09-14) 27480 bytes
2026-09-13 09:35:03,501 [INFO] [OK] Argentina/GFS_ENSEMBLE_Corn_Winter_PRCP/cumulative dia 02 (2026-09-13 → 2026-09-15) 27934 bytes
2026-09-13 09:35:03,601 [INFO] [OK] Argentina/GFS_ENSEMBLE_Corn_Winter_PRCP/cumulative dia 03 (2026-09-13 → 2026-09-16) 28580 bytes
2026-09-13 09:35:03,876 [INFO] [OK] Argentina/GFS_ENSEMBLE_Corn_Winter_PRCP/cumulative dia 04 (2026-09-13 → 2026-09-17) 29414 bytes
2026-09-13 09:35:04,124 [INFO] [OK] Argentina/GFS_ENSEMBLE_Corn_Winter_PRCP/cumulative dia 05 (2026-09-13 → 2026-09-18) 30608 bytes
2026-09-13 09:35:04,344 [INFO] [OK] Argentina/GFS_ENSEMBLE_Corn_Winter_PRCP/cumulative dia 06 (2026-09-13 → 2026-09-19) 32652 bytes
2026-09-13 09:35:04,742 [INFO] [OK] Argentina/GFS_ENSEMBLE_Corn_Winter_PRCP/cumulative dia 07 (2026-09-13 → 2026-09-20) 33802 bytes
2026-09-13 09:35:04,889 [INFO] [OK] Argentina/GFS_ENSEMBLE_Corn_Winter_PRCP/cumulative dia 08 (2026-09-13 → 2026-09-21) 34278 bytes
2026-09-13 09:35:05,017 [INFO] [OK] Argentina/GFS_ENSEMBLE_Corn_Winter_PRCP/cumulative dia 09 (2026-09-13 → 2026-09-22) 35400 bytes
2026-09-13 09:35:05,368 [INFO] [OK] Argentina/GFS_ENSEMBLE_Corn_Winter_PRCP/cumulative dia 10 (2026-09-13 → 2026-09-23) 35805 bytes
2026-09-13 09:35:05,713 [INFO] [OK] Argentina/GFS_ENSEMBLE_Corn_Winter_PRCP/cumulative dia 11 (2026-09-13 → 2026-09-24) 36156 bytes
2026-09-13 09:35:05,940 [INFO] [OK] Argentina/GFS_ENSEMBLE_Corn_Winter_PRCP/cumulative dia 12 (2026-09-13 → 2026-09-25) 36341 bytes
2026-09-13 09:35:06,056 [INFO] [OK] Argentina/ECM_ENSEMBLE_Soy_PRCP_DEP/daily dia 00 (2026-09-13 → 2026-09-13) 38497 bytes
2026-09-13 09:35:06,384 [INFO] [OK] Argentina/ECM_ENSEMBLE_Soy_PRCP_DEP/daily dia 01 (2026-09-14 → 2026-09-14) 34469 bytes
2026-09-13 09:35:06,502 [INFO] [OK] Argentina/GFS_ENSEMBLE_Corn_Winter_PRCP/cumulative dia 13 (2026-09-13 → 2026-09-26) 36776 bytes
2026-09-13 09:35:06,591 [INFO] [OK] Argentina/GFS_ENSEMBLE_Corn_Winter_PRCP/cumulative dia 14 (2026-09-13 → 2026-09-27) 36702 bytes
2026-09-13 09:35:06,727 [INFO] [OK] Argentina/ECM_ENSEMBLE_Soy_PRCP_DEP/daily dia 02 (2026-09-15 → 2026-09-15) 31953 bytes
2026-09-13 09:35:06,940 [INFO] [OK] Argentina/ECM_ENSEMBLE_Soy_PRCP_DEP/daily dia 03 (2026-09-16 → 2026-09-16) 31375 bytes
2026-09-13 09:35:07,029 [INFO] [OK] Argentina/ECM_ENSEMBLE_Soy_PRCP_DEP/daily dia 04 (2026-09-17 → 2026-09-17) 32978 bytes
2026-09-13 09:35:07,408 [INFO] [OK] Argentina/ECM_ENSEMBLE_Soy_PRCP_DEP/daily dia 05 (2026-09-18 → 2026-09-18) 41045 bytes
2026-09-13 09:35:07,655 [INFO] [OK] Argentina/ECM_ENSEMBLE_Soy_PRCP_DEP/daily dia 06 (2026-09-19 → 2026-09-19) 43993 bytes
2026-09-13 09:35:07,738 [INFO] [OK] Argentina/ECM_ENSEMBLE_Soy_PRCP_DEP/daily dia 08 (2026-09-21 → 2026-09-21) 42066 bytes
2026-09-13 09:35:07,916 [INFO] [OK] Argentina/ECM_ENSEMBLE_Soy_PRCP_DEP/daily dia 07 (2026-09-20 → 2026-09-20) 41247 bytes
2026-09-13 09:35:08,036 [INFO] [OK] Argentina/ECM_ENSEMBLE_Soy_PRCP_DEP/daily dia 09 (2026-09-22 → 2026-09-22) 42756 bytes
2026-09-13 09:35:08,050 [INFO] [OK] Argentina/ECM_ENSEMBLE_Soy_PRCP_DEP/daily dia 10 (2026-09-23 → 2026-09-23) 42499 bytes
2026-09-13 09:35:08,406 [INFO] [OK] Argentina/ECM_ENSEMBLE_Soy_PRCP_DEP/daily dia 11 (2026-09-24 → 2026-09-24) 39749 bytes
2026-09-13 09:35:08,665 [INFO] [OK] Argentina/ECM_ENSEMBLE_Soy_PRCP_DEP/daily dia 12 (2026-09-25 → 2026-09-25) 41547 bytes
2026-09-13 09:35:08,720 [INFO] [OK] Argentina/ECM_ENSEMBLE_Soy_PRCP_DEP/daily dia 13 (2026-09-26 → 2026-09-26) 43735 bytes
2026-09-13 09:35:08,942 [INFO] [OK] Argentina/ECM_ENSEMBLE_Soy_PRCP_DEP/daily dia 14 (2026-09-27 → 2026-09-27) 45308 bytes
2026-09-13 09:35:09,086 [INFO] [OK] Argentina/ECM_ENSEMBLE_Soy_PRCP_DEP/cumulative dia 00 (2026-09-13 → 2026-09-13) 38497 bytes
2026-09-13 09:35:09,120 [INFO] [OK] Argentina/ECM_ENSEMBLE_Soy_PRCP_DEP/cumulative dia 01 (2026-09-13 → 2026-09-14) 38673 bytes
2026-09-13 09:35:09,630 [INFO] [OK] Argentina/ECM_ENSEMBLE_Soy_PRCP_DEP/cumulative dia 02 (2026-09-13 → 2026-09-15) 38044 bytes
2026-09-13 09:35:09,856 [INFO] [OK] Argentina/ECM_ENSEMBLE_Soy_PRCP_DEP/cumulative dia 03 (2026-09-13 → 2026-09-16) 37769 bytes
2026-09-13 09:35:09,960 [INFO] [OK] Argentina/ECM_ENSEMBLE_Soy_PRCP_DEP/cumulative dia 04 (2026-09-13 → 2026-09-17) 37291 bytes
2026-09-13 09:35:10,206 [INFO] [OK] Argentina/ECM_ENSEMBLE_Soy_PRCP_DEP/cumulative dia 05 (2026-09-13 → 2026-09-18) 39126 bytes
2026-09-13 09:35:10,547 [INFO] [OK] Argentina/ECM_ENSEMBLE_Soy_PRCP_DEP/cumulative dia 06 (2026-09-13 → 2026-09-19) 42303 bytes
2026-09-13 09:35:10,557 [INFO] [OK] Argentina/ECM_ENSEMBLE_Soy_PRCP_DEP/cumulative dia 07 (2026-09-13 → 2026-09-20) 44096 bytes
2026-09-13 09:35:11,013 [INFO] [OK] Argentina/ECM_ENSEMBLE_Soy_PRCP_DEP/cumulative dia 08 (2026-09-13 → 2026-09-21) 44041 bytes
2026-09-13 09:35:11,352 [INFO] [OK] Argentina/ECM_ENSEMBLE_Soy_PRCP_DEP/cumulative dia 09 (2026-09-13 → 2026-09-22) 43908 bytes
2026-09-13 09:35:11,521 [INFO] [OK] Argentina/ECM_ENSEMBLE_Soy_PRCP_DEP/cumulative dia 10 (2026-09-13 → 2026-09-23) 43827 bytes
2026-09-13 09:35:11,745 [INFO] [OK] Argentina/ECM_ENSEMBLE_Soy_PRCP_DEP/cumulative dia 11 (2026-09-13 → 2026-09-24) 43299 bytes
2026-09-13 09:35:12,114 [INFO] [OK] Argentina/ECM_ENSEMBLE_Soy_PRCP_DEP/cumulative dia 12 (2026-09-13 → 2026-09-25) 43321 bytes
2026-09-13 09:35:12,157 [INFO] [OK] Argentina/ECM_ENSEMBLE_Soy_PRCP_DEP/cumulative dia 13 (2026-09-13 → 2026-09-26) 43504 bytes
2026-09-13 09:35:12,447 [INFO] [OK] Argentina/ECM_ENSEMBLE_Soy_PRCP/daily dia 00 (2026-09-13 → 2026-09-13) 29134 bytes
2026-09-13 09:35:12,519 [INFO] [OK] Argentina/ECM_ENSEMBLE_Soy_PRCP/daily dia 01 (2026-09-14 → 2026-09-14) 28531 bytes
2026-09-13 09:35:12,616 [INFO] [OK] Argentina/ECM_ENSEMBLE_Soy_PRCP_DEP/cumulative dia 14 (2026-09-13 → 2026-09-27) 43722 bytes
2026-09-13 09:35:12,671 [INFO] [OK] Argentina/ECM_ENSEMBLE_Soy_PRCP/daily dia 02 (2026-09-15 → 2026-09-15) 26539 bytes
2026-09-13 09:35:13,102 [INFO] [OK] Argentina/ECM_ENSEMBLE_Soy_PRCP/daily dia 04 (2026-09-17 → 2026-09-17) 26674 bytes
2026-09-13 09:35:13,132 [INFO] [OK] Argentina/ECM_ENSEMBLE_Soy_PRCP/daily dia 03 (2026-09-16 → 2026-09-16) 26490 bytes
2026-09-13 09:35:13,593 [INFO] [OK] Argentina/ECM_ENSEMBLE_Soy_PRCP/daily dia 05 (2026-09-18 → 2026-09-18) 28985 bytes
2026-09-13 09:35:13,635 [INFO] [OK] Argentina/ECM_ENSEMBLE_Soy_PRCP/daily dia 08 (2026-09-21 → 2026-09-21) 30821 bytes
2026-09-13 09:35:13,740 [INFO] [OK] Argentina/ECM_ENSEMBLE_Soy_PRCP/daily dia 06 (2026-09-19 → 2026-09-19) 32078 bytes
2026-09-13 09:35:13,856 [INFO] [OK] Argentina/ECM_ENSEMBLE_Soy_PRCP/daily dia 07 (2026-09-20 → 2026-09-20) 30133 bytes
2026-09-13 09:35:14,093 [INFO] [OK] Argentina/ECM_ENSEMBLE_Soy_PRCP/daily dia 10 (2026-09-23 → 2026-09-23) 28403 bytes
2026-09-13 09:35:14,206 [INFO] [OK] Argentina/ECM_ENSEMBLE_Soy_PRCP/daily dia 09 (2026-09-22 → 2026-09-22) 30199 bytes
2026-09-13 09:35:14,605 [INFO] [OK] Argentina/ECM_ENSEMBLE_Soy_PRCP/daily dia 11 (2026-09-24 → 2026-09-24) 28261 bytes
2026-09-13 09:35:14,772 [INFO] [OK] Argentina/ECM_ENSEMBLE_Soy_PRCP/daily dia 13 (2026-09-26 → 2026-09-26) 28733 bytes
2026-09-13 09:35:14,840 [INFO] [OK] Argentina/ECM_ENSEMBLE_Soy_PRCP/daily dia 12 (2026-09-25 → 2026-09-25) 28312 bytes
2026-09-13 09:35:14,889 [INFO] [OK] Argentina/ECM_ENSEMBLE_Soy_PRCP/daily dia 14 (2026-09-27 → 2026-09-27) 28865 bytes
2026-09-13 09:35:15,049 [INFO] [OK] Argentina/ECM_ENSEMBLE_Soy_PRCP/cumulative dia 00 (2026-09-13 → 2026-09-13) 29134 bytes
2026-09-13 09:35:15,182 [INFO] [OK] Argentina/ECM_ENSEMBLE_Soy_PRCP/cumulative dia 01 (2026-09-13 → 2026-09-14) 30902 bytes
2026-09-13 09:35:15,651 [INFO] [OK] Argentina/ECM_ENSEMBLE_Soy_PRCP/cumulative dia 02 (2026-09-13 → 2026-09-15) 31421 bytes
2026-09-13 09:35:15,892 [INFO] [OK] Argentina/ECM_ENSEMBLE_Soy_PRCP/cumulative dia 03 (2026-09-13 → 2026-09-16) 32269 bytes
2026-09-13 09:35:16,032 [INFO] [OK] Argentina/ECM_ENSEMBLE_Soy_PRCP/cumulative dia 04 (2026-09-13 → 2026-09-17) 32551 bytes
2026-09-13 09:35:16,106 [INFO] [OK] Argentina/ECM_ENSEMBLE_Soy_PRCP/cumulative dia 05 (2026-09-13 → 2026-09-18) 33548 bytes
2026-09-13 09:35:16,329 [INFO] [OK] Argentina/ECM_ENSEMBLE_Soy_PRCP/cumulative dia 06 (2026-09-13 → 2026-09-19) 35921 bytes
2026-09-13 09:35:16,506 [INFO] [OK] Argentina/ECM_ENSEMBLE_Soy_PRCP/cumulative dia 07 (2026-09-13 → 2026-09-20) 37182 bytes
2026-09-13 09:35:17,000 [INFO] [OK] Argentina/ECM_ENSEMBLE_Soy_PRCP/cumulative dia 08 (2026-09-13 → 2026-09-21) 37800 bytes
2026-09-13 09:35:17,396 [INFO] [OK] Argentina/ECM_ENSEMBLE_Soy_PRCP/cumulative dia 09 (2026-09-13 → 2026-09-22) 38011 bytes
2026-09-13 09:35:17,463 [INFO] [OK] Argentina/ECM_ENSEMBLE_Soy_PRCP/cumulative dia 10 (2026-09-13 → 2026-09-23) 38055 bytes
2026-09-13 09:35:17,737 [INFO] [OK] Argentina/ECM_ENSEMBLE_Soy_PRCP/cumulative dia 11 (2026-09-13 → 2026-09-24) 38940 bytes
2026-09-13 09:35:17,873 [INFO] [OK] Argentina/ECM_ENSEMBLE_Soy_PRCP/cumulative dia 12 (2026-09-13 → 2026-09-25) 39155 bytes
2026-09-13 09:35:18,175 [INFO] [OK] Argentina/ECM_ENSEMBLE_Soy_PRCP/cumulative dia 13 (2026-09-13 → 2026-09-26) 39491 bytes
2026-09-13 09:35:18,666 [INFO] [OK] Argentina/ECM_ENSEMBLE_Corn_Winter_PRCP_DEP/daily dia 00 (2026-09-13 → 2026-09-13) 36708 bytes
2026-09-13 09:35:18,668 [INFO] [OK] Argentina/ECM_ENSEMBLE_Soy_PRCP/cumulative dia 14 (2026-09-13 → 2026-09-27) 39286 bytes
2026-09-13 09:35:18,683 [INFO] [OK] Argentina/ECM_ENSEMBLE_Corn_Winter_PRCP_DEP/daily dia 01 (2026-09-14 → 2026-09-14) 32878 bytes
2026-09-13 09:35:18,716 [INFO] [OK] Argentina/ECM_ENSEMBLE_Corn_Winter_PRCP_DEP/daily dia 02 (2026-09-15 → 2026-09-15) 30519 bytes
2026-09-13 09:35:18,876 [INFO] [OK] Argentina/ECM_ENSEMBLE_Corn_Winter_PRCP_DEP/daily dia 03 (2026-09-16 → 2026-09-16) 29764 bytes
2026-09-13 09:35:19,179 [INFO] [OK] Argentina/ECM_ENSEMBLE_Corn_Winter_PRCP_DEP/daily dia 04 (2026-09-17 → 2026-09-17) 31524 bytes
2026-09-13 09:35:19,713 [INFO] [OK] Argentina/ECM_ENSEMBLE_Corn_Winter_PRCP_DEP/daily dia 08 (2026-09-21 → 2026-09-21) 40411 bytes
2026-09-13 09:35:19,815 [INFO] [OK] Argentina/ECM_ENSEMBLE_Corn_Winter_PRCP_DEP/daily dia 06 (2026-09-19 → 2026-09-19) 42527 bytes
2026-09-13 09:35:19,838 [INFO] [OK] Argentina/ECM_ENSEMBLE_Corn_Winter_PRCP_DEP/daily dia 05 (2026-09-18 → 2026-09-18) 39500 bytes
2026-09-13 09:35:19,844 [INFO] [OK] Argentina/ECM_ENSEMBLE_Corn_Winter_PRCP_DEP/daily dia 07 (2026-09-20 → 2026-09-20) 39731 bytes
2026-09-13 09:35:19,867 [INFO] [OK] Argentina/ECM_ENSEMBLE_Corn_Winter_PRCP_DEP/daily dia 09 (2026-09-22 → 2026-09-22) 41401 bytes
2026-09-13 09:35:20,193 [INFO] [OK] Argentina/ECM_ENSEMBLE_Corn_Winter_PRCP_DEP/daily dia 10 (2026-09-23 → 2026-09-23) 40832 bytes
2026-09-13 09:35:20,782 [INFO] [OK] Argentina/ECM_ENSEMBLE_Corn_Winter_PRCP_DEP/daily dia 12 (2026-09-25 → 2026-09-25) 39679 bytes
2026-09-13 09:35:20,830 [INFO] [OK] Argentina/ECM_ENSEMBLE_Corn_Winter_PRCP_DEP/daily dia 13 (2026-09-26 → 2026-09-26) 41807 bytes
2026-09-13 09:35:20,883 [INFO] [OK] Argentina/ECM_ENSEMBLE_Corn_Winter_PRCP_DEP/daily dia 14 (2026-09-27 → 2026-09-27) 43651 bytes
2026-09-13 09:35:20,896 [INFO] [OK] Argentina/ECM_ENSEMBLE_Corn_Winter_PRCP_DEP/daily dia 11 (2026-09-24 → 2026-09-24) 37927 bytes
2026-09-13 09:35:21,029 [INFO] [OK] Argentina/ECM_ENSEMBLE_Corn_Winter_PRCP_DEP/cumulative dia 00 (2026-09-13 → 2026-09-13) 36708 bytes
2026-09-13 09:35:21,202 [INFO] [OK] Argentina/ECM_ENSEMBLE_Corn_Winter_PRCP_DEP/cumulative dia 01 (2026-09-13 → 2026-09-14) 37082 bytes
2026-09-13 09:35:21,827 [INFO] [OK] Argentina/ECM_ENSEMBLE_Corn_Winter_PRCP_DEP/cumulative dia 02 (2026-09-13 → 2026-09-15) 36513 bytes
2026-09-13 09:35:22,000 [INFO] [OK] Argentina/ECM_ENSEMBLE_Corn_Winter_PRCP_DEP/cumulative dia 03 (2026-09-13 → 2026-09-16) 36382 bytes
2026-09-13 09:35:22,090 [INFO] [OK] Argentina/ECM_ENSEMBLE_Corn_Winter_PRCP_DEP/cumulative dia 04 (2026-09-13 → 2026-09-17) 35827 bytes
2026-09-13 09:35:22,097 [INFO] [OK] Argentina/ECM_ENSEMBLE_Corn_Winter_PRCP_DEP/cumulative dia 05 (2026-09-13 → 2026-09-18) 37647 bytes
2026-09-13 09:35:22,322 [INFO] [OK] Argentina/ECM_ENSEMBLE_Corn_Winter_PRCP_DEP/cumulative dia 06 (2026-09-13 → 2026-09-19) 40888 bytes
2026-09-13 09:35:22,688 [INFO] [OK] Argentina/ECM_ENSEMBLE_Corn_Winter_PRCP_DEP/cumulative dia 07 (2026-09-13 → 2026-09-20) 42417 bytes
2026-09-13 09:35:23,170 [INFO] [OK] Argentina/ECM_ENSEMBLE_Corn_Winter_PRCP_DEP/cumulative dia 08 (2026-09-13 → 2026-09-21) 42535 bytes
2026-09-13 09:35:23,512 [INFO] [OK] Argentina/ECM_ENSEMBLE_Corn_Winter_PRCP_DEP/cumulative dia 09 (2026-09-13 → 2026-09-22) 42422 bytes
2026-09-13 09:35:23,576 [INFO] [OK] Argentina/ECM_ENSEMBLE_Corn_Winter_PRCP_DEP/cumulative dia 10 (2026-09-13 → 2026-09-23) 42355 bytes
2026-09-13 09:35:23,633 [INFO] [OK] Argentina/ECM_ENSEMBLE_Corn_Winter_PRCP_DEP/cumulative dia 11 (2026-09-13 → 2026-09-24) 41885 bytes
2026-09-13 09:35:23,919 [INFO] [OK] Argentina/ECM_ENSEMBLE_Corn_Winter_PRCP_DEP/cumulative dia 12 (2026-09-13 → 2026-09-25) 41787 bytes
2026-09-13 09:35:24,297 [INFO] [OK] Argentina/ECM_ENSEMBLE_Corn_Winter_PRCP_DEP/cumulative dia 13 (2026-09-13 → 2026-09-26) 41903 bytes
2026-09-13 09:35:24,528 [INFO] [OK] Argentina/ECM_ENSEMBLE_Corn_Winter_PRCP/daily dia 00 (2026-09-13 → 2026-09-13) 27132 bytes
2026-09-13 09:35:24,603 [INFO] [OK] Argentina/ECM_ENSEMBLE_Corn_Winter_PRCP/daily dia 01 (2026-09-14 → 2026-09-14) 26692 bytes
2026-09-13 09:35:24,632 [INFO] [OK] Argentina/ECM_ENSEMBLE_Corn_Winter_PRCP/daily dia 02 (2026-09-15 → 2026-09-15) 24624 bytes
2026-09-13 09:35:24,778 [INFO] [OK] Argentina/ECM_ENSEMBLE_Corn_Winter_PRCP_DEP/cumulative dia 14 (2026-09-13 → 2026-09-27) 42182 bytes
2026-09-13 09:35:24,874 [INFO] [OK] Argentina/ECM_ENSEMBLE_Corn_Winter_PRCP/daily dia 03 (2026-09-16 → 2026-09-16) 24783 bytes
2026-09-13 09:35:25,283 [INFO] [OK] Argentina/ECM_ENSEMBLE_Corn_Winter_PRCP/daily dia 04 (2026-09-17 → 2026-09-17) 24974 bytes
2026-09-13 09:35:25,460 [INFO] [OK] Argentina/ECM_ENSEMBLE_Corn_Winter_PRCP/daily dia 05 (2026-09-18 → 2026-09-18) 27091 bytes
2026-09-13 09:35:25,600 [INFO] [OK] Argentina/ECM_ENSEMBLE_Corn_Winter_PRCP/daily dia 07 (2026-09-20 → 2026-09-20) 28476 bytes
2026-09-13 09:35:25,601 [INFO] [OK] Argentina/ECM_ENSEMBLE_Corn_Winter_PRCP/daily dia 06 (2026-09-19 → 2026-09-19) 30303 bytes
2026-09-13 09:35:25,782 [INFO] [OK] Argentina/ECM_ENSEMBLE_Corn_Winter_PRCP/daily dia 08 (2026-09-21 → 2026-09-21) 29239 bytes
2026-09-13 09:35:25,828 [INFO] [OK] Argentina/ECM_ENSEMBLE_Corn_Winter_PRCP/daily dia 09 (2026-09-22 → 2026-09-22) 28355 bytes
2026-09-13 09:35:26,188 [INFO] [OK] Argentina/ECM_ENSEMBLE_Corn_Winter_PRCP/daily dia 10 (2026-09-23 → 2026-09-23) 26755 bytes
2026-09-13 09:35:26,469 [INFO] [OK] Argentina/ECM_ENSEMBLE_Corn_Winter_PRCP/daily dia 11 (2026-09-24 → 2026-09-24) 26582 bytes
2026-09-13 09:35:26,761 [INFO] [OK] Argentina/ECM_ENSEMBLE_Corn_Winter_PRCP/cumulative dia 00 (2026-09-13 → 2026-09-13) 27132 bytes
2026-09-13 09:35:26,768 [INFO] [OK] Argentina/ECM_ENSEMBLE_Corn_Winter_PRCP/daily dia 12 (2026-09-25 → 2026-09-25) 26560 bytes
2026-09-13 09:35:26,768 [INFO] [OK] Argentina/ECM_ENSEMBLE_Corn_Winter_PRCP/daily dia 13 (2026-09-26 → 2026-09-26) 27018 bytes
2026-09-13 09:35:26,881 [INFO] [OK] Argentina/ECM_ENSEMBLE_Corn_Winter_PRCP/daily dia 14 (2026-09-27 → 2026-09-27) 27205 bytes
2026-09-13 09:35:27,242 [INFO] [OK] Argentina/ECM_ENSEMBLE_Corn_Winter_PRCP/cumulative dia 01 (2026-09-13 → 2026-09-14) 29028 bytes
2026-09-13 09:35:27,479 [INFO] [OK] Argentina/ECM_ENSEMBLE_Corn_Winter_PRCP/cumulative dia 02 (2026-09-13 → 2026-09-15) 29648 bytes
2026-09-13 09:35:27,847 [INFO] [OK] Argentina/ECM_ENSEMBLE_Corn_Winter_PRCP/cumulative dia 03 (2026-09-13 → 2026-09-16) 30376 bytes
2026-09-13 09:35:27,932 [INFO] [OK] Argentina/ECM_ENSEMBLE_Corn_Winter_PRCP/cumulative dia 04 (2026-09-13 → 2026-09-17) 30656 bytes
2026-09-13 09:35:27,980 [INFO] [OK] Argentina/ECM_ENSEMBLE_Corn_Winter_PRCP/cumulative dia 05 (2026-09-13 → 2026-09-18) 31890 bytes
2026-09-13 09:35:28,147 [INFO] [OK] Argentina/ECM_ENSEMBLE_Corn_Winter_PRCP/cumulative dia 06 (2026-09-13 → 2026-09-19) 34365 bytes
2026-09-13 09:35:28,556 [INFO] [OK] Argentina/ECM_ENSEMBLE_Corn_Winter_PRCP/cumulative dia 07 (2026-09-13 → 2026-09-20) 35563 bytes
2026-09-13 09:35:28,885 [INFO] [OK] Argentina/ECM_ENSEMBLE_Corn_Winter_PRCP/cumulative dia 08 (2026-09-13 → 2026-09-21) 35979 bytes
2026-09-13 09:35:29,281 [INFO] [OK] Argentina/ECM_ENSEMBLE_Corn_Winter_PRCP/cumulative dia 09 (2026-09-13 → 2026-09-22) 36193 bytes
2026-09-13 09:35:29,378 [INFO] [OK] Argentina/ECM_ENSEMBLE_Corn_Winter_PRCP/cumulative dia 10 (2026-09-13 → 2026-09-23) 36344 bytes
2026-09-13 09:35:29,503 [INFO] [OK] Argentina/ECM_ENSEMBLE_Corn_Winter_PRCP/cumulative dia 11 (2026-09-13 → 2026-09-24) 37229 bytes
2026-09-13 09:35:29,742 [INFO] [OK] Argentina/ECM_ENSEMBLE_Corn_Winter_PRCP/cumulative dia 12 (2026-09-13 → 2026-09-25) 37398 bytes
2026-09-13 09:35:30,118 [INFO] [OK] Argentina/ECM_ENSEMBLE_Corn_Winter_PRCP/cumulative dia 13 (2026-09-13 → 2026-09-26) 37717 bytes
2026-09-13 09:35:30,439 [INFO] [OK] Argentina/ECM_ENSEMBLE_Corn_Winter_PRCP/cumulative dia 14 (2026-09-13 → 2026-09-27) 37697 bytes
2026-09-13 09:35:30,989 [INFO] [OK] USA/GFS_ENSEMBLE_Corn_PRCP_DEP/daily dia 00 (2026-09-13 → 2026-09-13) 54827 bytes
2026-09-13 09:35:31,050 [INFO] [OK] USA/GFS_ENSEMBLE_Corn_PRCP_DEP/daily dia 01 (2026-09-14 → 2026-09-14) 50213 bytes
2026-09-13 09:35:31,094 [INFO] [OK] USA/GFS_ENSEMBLE_Corn_PRCP_DEP/daily dia 02 (2026-09-15 → 2026-09-15) 46068 bytes
2026-09-13 09:35:31,331 [INFO] [OK] USA/GFS_ENSEMBLE_Corn_PRCP_DEP/daily dia 03 (2026-09-16 → 2026-09-16) 49852 bytes
2026-09-13 09:35:31,789 [INFO] [OK] USA/GFS_ENSEMBLE_Corn_PRCP_DEP/daily dia 04 (2026-09-17 → 2026-09-17) 53626 bytes
2026-09-13 09:35:32,066 [INFO] [OK] USA/GFS_ENSEMBLE_Corn_PRCP_DEP/daily dia 05 (2026-09-18 → 2026-09-18) 52721 bytes
2026-09-13 09:35:32,807 [INFO] [OK] USA/GFS_ENSEMBLE_Corn_PRCP_DEP/daily dia 06 (2026-09-19 → 2026-09-19) 55616 bytes
2026-09-13 09:35:32,838 [INFO] [OK] USA/GFS_ENSEMBLE_Corn_PRCP_DEP/daily dia 07 (2026-09-20 → 2026-09-20) 58798 bytes
2026-09-13 09:35:33,035 [INFO] [OK] USA/GFS_ENSEMBLE_Corn_PRCP_DEP/daily dia 09 (2026-09-22 → 2026-09-22) 59542 bytes
2026-09-13 09:35:33,036 [INFO] [OK] USA/GFS_ENSEMBLE_Corn_PRCP_DEP/daily dia 08 (2026-09-21 → 2026-09-21) 59386 bytes
2026-09-13 09:35:33,466 [INFO] [OK] USA/GFS_ENSEMBLE_Corn_PRCP_DEP/daily dia 10 (2026-09-23 → 2026-09-23) 59780 bytes
2026-09-13 09:35:33,658 [INFO] [OK] USA/GFS_ENSEMBLE_Corn_PRCP_DEP/daily dia 11 (2026-09-24 → 2026-09-24) 59877 bytes
2026-09-13 09:35:34,447 [INFO] [OK] USA/GFS_ENSEMBLE_Corn_PRCP_DEP/daily dia 13 (2026-09-26 → 2026-09-26) 61487 bytes
2026-09-13 09:35:34,556 [INFO] [OK] USA/GFS_ENSEMBLE_Corn_PRCP_DEP/daily dia 12 (2026-09-25 → 2026-09-25) 61164 bytes
2026-09-13 09:35:34,721 [INFO] [OK] USA/GFS_ENSEMBLE_Corn_PRCP_DEP/cumulative dia 00 (2026-09-13 → 2026-09-13) 54827 bytes
2026-09-13 09:35:34,725 [INFO] [OK] USA/GFS_ENSEMBLE_Corn_PRCP_DEP/daily dia 14 (2026-09-27 → 2026-09-27) 61464 bytes
2026-09-13 09:35:35,105 [INFO] [OK] USA/GFS_ENSEMBLE_Corn_PRCP_DEP/cumulative dia 01 (2026-09-13 → 2026-09-14) 56402 bytes
2026-09-13 09:35:35,444 [INFO] [OK] USA/GFS_ENSEMBLE_Corn_PRCP_DEP/cumulative dia 02 (2026-09-13 → 2026-09-15) 56620 bytes
2026-09-13 09:35:36,354 [INFO] [OK] USA/GFS_ENSEMBLE_Corn_PRCP_DEP/cumulative dia 03 (2026-09-13 → 2026-09-16) 55843 bytes
2026-09-13 09:35:36,686 [INFO] [OK] USA/GFS_ENSEMBLE_Corn_PRCP_DEP/cumulative dia 04 (2026-09-13 → 2026-09-17) 56259 bytes
2026-09-13 09:35:36,968 [INFO] [OK] USA/GFS_ENSEMBLE_Corn_PRCP_DEP/cumulative dia 05 (2026-09-13 → 2026-09-18) 55453 bytes
2026-09-13 09:35:37,061 [INFO] [OK] USA/GFS_ENSEMBLE_Corn_PRCP_DEP/cumulative dia 06 (2026-09-13 → 2026-09-19) 56206 bytes
2026-09-13 09:35:37,499 [INFO] [OK] USA/GFS_ENSEMBLE_Corn_PRCP_DEP/cumulative dia 07 (2026-09-13 → 2026-09-20) 57215 bytes
2026-09-13 09:35:37,919 [INFO] [OK] USA/GFS_ENSEMBLE_Corn_PRCP_DEP/cumulative dia 08 (2026-09-13 → 2026-09-21) 59337 bytes
2026-09-13 09:35:38,882 [INFO] [OK] USA/GFS_ENSEMBLE_Corn_PRCP_DEP/cumulative dia 09 (2026-09-13 → 2026-09-22) 59330 bytes
2026-09-13 09:35:39,456 [INFO] [OK] USA/GFS_ENSEMBLE_Corn_PRCP_DEP/cumulative dia 10 (2026-09-13 → 2026-09-23) 59636 bytes
2026-09-13 09:35:39,682 [INFO] [OK] USA/GFS_ENSEMBLE_Corn_PRCP_DEP/cumulative dia 11 (2026-09-13 → 2026-09-24) 59656 bytes
2026-09-13 09:35:39,955 [INFO] [OK] USA/GFS_ENSEMBLE_Corn_PRCP_DEP/cumulative dia 12 (2026-09-13 → 2026-09-25) 59417 bytes
2026-09-13 09:35:40,374 [INFO] [OK] USA/GFS_ENSEMBLE_Corn_PRCP_DEP/cumulative dia 13 (2026-09-13 → 2026-09-26) 59412 bytes
2026-09-13 09:35:40,446 [INFO] [OK] USA/GFS_ENSEMBLE_Corn_PRCP/daily dia 00 (2026-09-13 → 2026-09-13) 38693 bytes
2026-09-13 09:35:40,881 [INFO] [OK] USA/GFS_ENSEMBLE_Corn_PRCP_DEP/cumulative dia 14 (2026-09-13 → 2026-09-27) 59725 bytes
2026-09-13 09:35:41,056 [INFO] [OK] USA/GFS_ENSEMBLE_Corn_PRCP/daily dia 01 (2026-09-14 → 2026-09-14) 37345 bytes
2026-09-13 09:35:41,244 [INFO] [OK] USA/GFS_ENSEMBLE_Corn_PRCP/daily dia 02 (2026-09-15 → 2026-09-15) 37020 bytes
2026-09-13 09:35:41,496 [INFO] [OK] USA/GFS_ENSEMBLE_Corn_PRCP/daily dia 03 (2026-09-16 → 2026-09-16) 36786 bytes
2026-09-13 09:35:41,881 [INFO] [OK] USA/GFS_ENSEMBLE_Corn_PRCP/daily dia 04 (2026-09-17 → 2026-09-17) 36291 bytes
2026-09-13 09:35:42,035 [INFO] [OK] USA/GFS_ENSEMBLE_Corn_PRCP/daily dia 05 (2026-09-18 → 2026-09-18) 37569 bytes
2026-09-13 09:35:42,405 [INFO] [OK] USA/GFS_ENSEMBLE_Corn_PRCP/daily dia 06 (2026-09-19 → 2026-09-19) 37049 bytes
2026-09-13 09:35:42,563 [INFO] [OK] USA/GFS_ENSEMBLE_Corn_PRCP/daily dia 07 (2026-09-20 → 2026-09-20) 36569 bytes
2026-09-13 09:35:42,810 [INFO] [OK] USA/GFS_ENSEMBLE_Corn_PRCP/daily dia 08 (2026-09-21 → 2026-09-21) 36182 bytes
2026-09-13 09:35:43,149 [INFO] [OK] USA/GFS_ENSEMBLE_Corn_PRCP/daily dia 09 (2026-09-22 → 2026-09-22) 36443 bytes
2026-09-13 09:35:43,424 [INFO] [OK] USA/GFS_ENSEMBLE_Corn_PRCP/daily dia 10 (2026-09-23 → 2026-09-23) 36289 bytes
2026-09-13 09:35:43,615 [INFO] [OK] USA/GFS_ENSEMBLE_Corn_PRCP/daily dia 11 (2026-09-24 → 2026-09-24) 36142 bytes
2026-09-13 09:35:44,030 [INFO] [OK] USA/GFS_ENSEMBLE_Corn_PRCP/daily dia 12 (2026-09-25 → 2026-09-25) 36832 bytes
2026-09-13 09:35:44,168 [INFO] [OK] USA/GFS_ENSEMBLE_Corn_PRCP/daily dia 13 (2026-09-26 → 2026-09-26) 37574 bytes
2026-09-13 09:35:44,336 [INFO] [OK] USA/GFS_ENSEMBLE_Corn_PRCP/daily dia 14 (2026-09-27 → 2026-09-27) 37290 bytes
2026-09-13 09:35:44,707 [INFO] [OK] USA/GFS_ENSEMBLE_Corn_PRCP/cumulative dia 00 (2026-09-13 → 2026-09-13) 38693 bytes
2026-09-13 09:35:45,110 [INFO] [OK] USA/GFS_ENSEMBLE_Corn_PRCP/cumulative dia 01 (2026-09-13 → 2026-09-14) 41582 bytes
2026-09-13 09:35:45,365 [INFO] [OK] USA/GFS_ENSEMBLE_Corn_PRCP/cumulative dia 02 (2026-09-13 → 2026-09-15) 43800 bytes
2026-09-13 09:35:45,934 [INFO] [OK] USA/GFS_ENSEMBLE_Corn_PRCP/cumulative dia 03 (2026-09-13 → 2026-09-16) 45073 bytes
2026-09-13 09:35:46,303 [INFO] [OK] USA/GFS_ENSEMBLE_Corn_PRCP/cumulative dia 04 (2026-09-13 → 2026-09-17) 46614 bytes
2026-09-13 09:35:46,439 [INFO] [OK] USA/GFS_ENSEMBLE_Corn_PRCP/cumulative dia 05 (2026-09-13 → 2026-09-18) 47625 bytes
2026-09-13 09:35:46,920 [INFO] [OK] USA/GFS_ENSEMBLE_Corn_PRCP/cumulative dia 06 (2026-09-13 → 2026-09-19) 48045 bytes
2026-09-13 09:35:47,410 [INFO] [OK] USA/GFS_ENSEMBLE_Corn_PRCP/cumulative dia 07 (2026-09-13 → 2026-09-20) 48311 bytes
2026-09-13 09:35:47,804 [INFO] [OK] USA/GFS_ENSEMBLE_Corn_PRCP/cumulative dia 08 (2026-09-13 → 2026-09-21) 49175 bytes
2026-09-13 09:35:48,555 [INFO] [OK] USA/GFS_ENSEMBLE_Corn_PRCP/cumulative dia 09 (2026-09-13 → 2026-09-22) 49653 bytes
2026-09-13 09:35:48,957 [INFO] [OK] USA/GFS_ENSEMBLE_Corn_PRCP/cumulative dia 10 (2026-09-13 → 2026-09-23) 49962 bytes
2026-09-13 09:35:49,190 [INFO] [OK] USA/GFS_ENSEMBLE_Corn_PRCP/cumulative dia 11 (2026-09-13 → 2026-09-24) 50253 bytes
2026-09-13 09:35:49,761 [INFO] [OK] USA/GFS_ENSEMBLE_Corn_PRCP/cumulative dia 12 (2026-09-13 → 2026-09-25) 50543 bytes
2026-09-13 09:35:50,181 [INFO] [OK] USA/GFS_ENSEMBLE_Soy_PRCP_DEP/daily dia 00 (2026-09-13 → 2026-09-13) 54356 bytes
2026-09-13 09:35:50,386 [INFO] [OK] USA/GFS_ENSEMBLE_Corn_PRCP/cumulative dia 13 (2026-09-13 → 2026-09-26) 50752 bytes
2026-09-13 09:35:50,634 [INFO] [OK] USA/GFS_ENSEMBLE_Soy_PRCP_DEP/daily dia 01 (2026-09-14 → 2026-09-14) 49899 bytes
2026-09-13 09:35:50,714 [INFO] [OK] USA/GFS_ENSEMBLE_Corn_PRCP/cumulative dia 14 (2026-09-13 → 2026-09-27) 51175 bytes
2026-09-13 09:35:50,913 [INFO] [OK] USA/GFS_ENSEMBLE_Soy_PRCP_DEP/daily dia 02 (2026-09-15 → 2026-09-15) 45453 bytes
2026-09-13 09:35:51,418 [INFO] [OK] USA/GFS_ENSEMBLE_Soy_PRCP_DEP/daily dia 03 (2026-09-16 → 2026-09-16) 49450 bytes
2026-09-13 09:35:51,901 [INFO] [OK] USA/GFS_ENSEMBLE_Soy_PRCP_DEP/daily dia 04 (2026-09-17 → 2026-09-17) 53290 bytes
2026-09-13 09:35:51,949 [INFO] [OK] USA/GFS_ENSEMBLE_Soy_PRCP_DEP/daily dia 05 (2026-09-18 → 2026-09-18) 52381 bytes
2026-09-13 09:35:52,249 [INFO] [OK] USA/GFS_ENSEMBLE_Soy_PRCP_DEP/daily dia 06 (2026-09-19 → 2026-09-19) 55340 bytes
2026-09-13 09:35:52,430 [INFO] [OK] USA/GFS_ENSEMBLE_Soy_PRCP_DEP/daily dia 07 (2026-09-20 → 2026-09-20) 58635 bytes
2026-09-13 09:35:52,612 [INFO] [OK] USA/GFS_ENSEMBLE_Soy_PRCP_DEP/daily dia 08 (2026-09-21 → 2026-09-21) 58802 bytes
2026-09-13 09:35:53,081 [INFO] [OK] USA/GFS_ENSEMBLE_Soy_PRCP_DEP/daily dia 09 (2026-09-22 → 2026-09-22) 59128 bytes
2026-09-13 09:35:53,494 [INFO] [OK] USA/GFS_ENSEMBLE_Soy_PRCP_DEP/daily dia 10 (2026-09-23 → 2026-09-23) 59352 bytes
2026-09-13 09:35:53,636 [INFO] [OK] USA/GFS_ENSEMBLE_Soy_PRCP_DEP/daily dia 11 (2026-09-24 → 2026-09-24) 59567 bytes
2026-09-13 09:35:54,018 [INFO] [OK] USA/GFS_ENSEMBLE_Soy_PRCP_DEP/daily dia 12 (2026-09-25 → 2026-09-25) 60681 bytes
2026-09-13 09:35:54,192 [INFO] [OK] USA/GFS_ENSEMBLE_Soy_PRCP_DEP/daily dia 13 (2026-09-26 → 2026-09-26) 61029 bytes
2026-09-13 09:35:54,331 [INFO] [OK] USA/GFS_ENSEMBLE_Soy_PRCP_DEP/daily dia 14 (2026-09-27 → 2026-09-27) 61119 bytes
2026-09-13 09:35:54,790 [INFO] [OK] USA/GFS_ENSEMBLE_Soy_PRCP_DEP/cumulative dia 00 (2026-09-13 → 2026-09-13) 54356 bytes
2026-09-13 09:35:55,204 [INFO] [OK] USA/GFS_ENSEMBLE_Soy_PRCP_DEP/cumulative dia 01 (2026-09-13 → 2026-09-14) 56188 bytes
2026-09-13 09:35:55,435 [INFO] [OK] USA/GFS_ENSEMBLE_Soy_PRCP_DEP/cumulative dia 02 (2026-09-13 → 2026-09-15) 56457 bytes
2026-09-13 09:35:55,913 [INFO] [OK] USA/GFS_ENSEMBLE_Soy_PRCP_DEP/cumulative dia 03 (2026-09-13 → 2026-09-16) 55410 bytes
2026-09-13 09:35:56,178 [INFO] [OK] USA/GFS_ENSEMBLE_Soy_PRCP_DEP/cumulative dia 04 (2026-09-13 → 2026-09-17) 55922 bytes
2026-09-13 09:35:56,495 [INFO] [OK] USA/GFS_ENSEMBLE_Soy_PRCP_DEP/cumulative dia 05 (2026-09-13 → 2026-09-18) 55205 bytes
2026-09-13 09:35:57,043 [INFO] [OK] USA/GFS_ENSEMBLE_Soy_PRCP_DEP/cumulative dia 06 (2026-09-13 → 2026-09-19) 55877 bytes
2026-09-13 09:35:57,500 [INFO] [OK] USA/GFS_ENSEMBLE_Soy_PRCP_DEP/cumulative dia 07 (2026-09-13 → 2026-09-20) 57061 bytes
2026-09-13 09:35:57,806 [INFO] [OK] USA/GFS_ENSEMBLE_Soy_PRCP_DEP/cumulative dia 08 (2026-09-13 → 2026-09-21) 58993 bytes
2026-09-13 09:35:58,551 [INFO] [OK] USA/GFS_ENSEMBLE_Soy_PRCP_DEP/cumulative dia 09 (2026-09-13 → 2026-09-22) 58999 bytes
2026-09-13 09:35:58,816 [INFO] [OK] USA/GFS_ENSEMBLE_Soy_PRCP_DEP/cumulative dia 10 (2026-09-13 → 2026-09-23) 59324 bytes
2026-09-13 09:35:59,339 [INFO] [OK] USA/GFS_ENSEMBLE_Soy_PRCP_DEP/cumulative dia 11 (2026-09-13 → 2026-09-24) 59308 bytes
2026-09-13 09:35:59,996 [INFO] [OK] USA/GFS_ENSEMBLE_Soy_PRCP_DEP/cumulative dia 12 (2026-09-13 → 2026-09-25) 58994 bytes
2026-09-13 09:36:00,080 [INFO] [OK] USA/GFS_ENSEMBLE_Soy_PRCP/daily dia 00 (2026-09-13 → 2026-09-13) 38285 bytes
2026-09-13 09:36:00,436 [INFO] [OK] USA/GFS_ENSEMBLE_Soy_PRCP/daily dia 01 (2026-09-14 → 2026-09-14) 36855 bytes
2026-09-13 09:36:00,500 [INFO] [OK] USA/GFS_ENSEMBLE_Soy_PRCP_DEP/cumulative dia 13 (2026-09-13 → 2026-09-26) 58951 bytes
2026-09-13 09:36:00,836 [INFO] [OK] USA/GFS_ENSEMBLE_Soy_PRCP_DEP/cumulative dia 14 (2026-09-13 → 2026-09-27) 59381 bytes
2026-09-13 09:36:00,922 [INFO] [OK] USA/GFS_ENSEMBLE_Soy_PRCP/daily dia 02 (2026-09-15 → 2026-09-15) 36538 bytes
2026-09-13 09:36:01,623 [INFO] [OK] USA/GFS_ENSEMBLE_Soy_PRCP/daily dia 03 (2026-09-16 → 2026-09-16) 36378 bytes
2026-09-13 09:36:01,779 [INFO] [OK] USA/GFS_ENSEMBLE_Soy_PRCP/daily dia 04 (2026-09-17 → 2026-09-17) 35928 bytes
2026-09-13 09:36:02,027 [INFO] [OK] USA/GFS_ENSEMBLE_Soy_PRCP/daily dia 05 (2026-09-18 → 2026-09-18) 37063 bytes
2026-09-13 09:36:02,136 [INFO] [OK] USA/GFS_ENSEMBLE_Soy_PRCP/daily dia 06 (2026-09-19 → 2026-09-19) 36655 bytes
2026-09-13 09:36:02,384 [INFO] [OK] USA/GFS_ENSEMBLE_Soy_PRCP/daily dia 07 (2026-09-20 → 2026-09-20) 36080 bytes
2026-09-13 09:36:02,581 [INFO] [OK] USA/GFS_ENSEMBLE_Soy_PRCP/daily dia 08 (2026-09-21 → 2026-09-21) 35801 bytes
2026-09-13 09:36:03,237 [INFO] [OK] USA/GFS_ENSEMBLE_Soy_PRCP/daily dia 09 (2026-09-22 → 2026-09-22) 35937 bytes
2026-09-13 09:36:03,358 [INFO] [OK] USA/GFS_ENSEMBLE_Soy_PRCP/daily dia 10 (2026-09-23 → 2026-09-23) 35740 bytes
2026-09-13 09:36:03,722 [INFO] [OK] USA/GFS_ENSEMBLE_Soy_PRCP/daily dia 11 (2026-09-24 → 2026-09-24) 35649 bytes
2026-09-13 09:36:03,844 [INFO] [OK] USA/GFS_ENSEMBLE_Soy_PRCP/daily dia 12 (2026-09-25 → 2026-09-25) 36388 bytes
2026-09-13 09:36:03,917 [INFO] [OK] USA/GFS_ENSEMBLE_Soy_PRCP/daily dia 13 (2026-09-26 → 2026-09-26) 37188 bytes
2026-09-13 09:36:04,091 [INFO] [OK] USA/GFS_ENSEMBLE_Soy_PRCP/daily dia 14 (2026-09-27 → 2026-09-27) 36843 bytes
2026-09-13 09:36:04,793 [INFO] [OK] USA/GFS_ENSEMBLE_Soy_PRCP/cumulative dia 00 (2026-09-13 → 2026-09-13) 38285 bytes
2026-09-13 09:36:05,038 [INFO] [OK] USA/GFS_ENSEMBLE_Soy_PRCP/cumulative dia 01 (2026-09-13 → 2026-09-14) 41353 bytes
2026-09-13 09:36:05,539 [INFO] [OK] USA/GFS_ENSEMBLE_Soy_PRCP/cumulative dia 02 (2026-09-13 → 2026-09-15) 43466 bytes
2026-09-13 09:36:05,733 [INFO] [OK] USA/GFS_ENSEMBLE_Soy_PRCP/cumulative dia 03 (2026-09-13 → 2026-09-16) 44748 bytes
2026-09-13 09:36:06,039 [INFO] [OK] USA/GFS_ENSEMBLE_Soy_PRCP/cumulative dia 04 (2026-09-13 → 2026-09-17) 46025 bytes
2026-09-13 09:36:06,156 [INFO] [OK] USA/GFS_ENSEMBLE_Soy_PRCP/cumulative dia 05 (2026-09-13 → 2026-09-18) 47063 bytes
2026-09-13 09:36:07,022 [INFO] [OK] USA/GFS_ENSEMBLE_Soy_PRCP/cumulative dia 06 (2026-09-13 → 2026-09-19) 47416 bytes
2026-09-13 09:36:07,461 [INFO] [OK] USA/GFS_ENSEMBLE_Soy_PRCP/cumulative dia 07 (2026-09-13 → 2026-09-20) 47912 bytes
2026-09-13 09:36:07,985 [INFO] [OK] USA/GFS_ENSEMBLE_Soy_PRCP/cumulative dia 08 (2026-09-13 → 2026-09-21) 48838 bytes
2026-09-13 09:36:08,318 [INFO] [OK] USA/GFS_ENSEMBLE_Soy_PRCP/cumulative dia 09 (2026-09-13 → 2026-09-22) 49004 bytes
2026-09-13 09:36:08,868 [INFO] [OK] USA/GFS_ENSEMBLE_Soy_PRCP/cumulative dia 10 (2026-09-13 → 2026-09-23) 49284 bytes
2026-09-13 09:36:09,080 [INFO] [OK] USA/GFS_ENSEMBLE_Soy_PRCP/cumulative dia 11 (2026-09-13 → 2026-09-24) 49955 bytes
2026-09-13 09:36:09,960 [INFO] [OK] USA/GFS_ENSEMBLE_Wheat_Winter_PRCP_DEP/daily dia 00 (2026-09-13 → 2026-09-13) 55887 bytes
2026-09-13 09:36:10,177 [INFO] [OK] USA/GFS_ENSEMBLE_Soy_PRCP/cumulative dia 12 (2026-09-13 → 2026-09-25) 50066 bytes
2026-09-13 09:36:10,306 [INFO] [OK] USA/GFS_ENSEMBLE_Soy_PRCP/cumulative dia 13 (2026-09-13 → 2026-09-26) 50225 bytes
2026-09-13 09:36:10,509 [INFO] [OK] USA/GFS_ENSEMBLE_Wheat_Winter_PRCP_DEP/daily dia 01 (2026-09-14 → 2026-09-14) 51384 bytes
2026-09-13 09:36:10,633 [INFO] [OK] USA/GFS_ENSEMBLE_Wheat_Winter_PRCP_DEP/daily dia 02 (2026-09-15 → 2026-09-15) 47234 bytes
2026-09-13 09:36:10,908 [INFO] [OK] USA/GFS_ENSEMBLE_Soy_PRCP/cumulative dia 14 (2026-09-13 → 2026-09-27) 50739 bytes
2026-09-13 09:36:11,940 [INFO] [OK] USA/GFS_ENSEMBLE_Wheat_Winter_PRCP_DEP/daily dia 03 (2026-09-16 → 2026-09-16) 51161 bytes
2026-09-13 09:36:12,233 [INFO] [OK] USA/GFS_ENSEMBLE_Wheat_Winter_PRCP_DEP/daily dia 07 (2026-09-20 → 2026-09-20) 60288 bytes
2026-09-13 09:36:12,276 [INFO] [OK] USA/GFS_ENSEMBLE_Wheat_Winter_PRCP_DEP/daily dia 05 (2026-09-18 → 2026-09-18) 54590 bytes
2026-09-13 09:36:12,350 [INFO] [OK] USA/GFS_ENSEMBLE_Wheat_Winter_PRCP_DEP/daily dia 04 (2026-09-17 → 2026-09-17) 54954 bytes
2026-09-13 09:36:12,683 [INFO] [OK] USA/GFS_ENSEMBLE_Wheat_Winter_PRCP_DEP/daily dia 06 (2026-09-19 → 2026-09-19) 56966 bytes
2026-09-13 09:36:12,915 [INFO] [OK] USA/GFS_ENSEMBLE_Wheat_Winter_PRCP_DEP/daily dia 08 (2026-09-21 → 2026-09-21) 60328 bytes
2026-09-13 09:36:13,655 [INFO] [OK] USA/GFS_ENSEMBLE_Wheat_Winter_PRCP_DEP/daily dia 09 (2026-09-22 → 2026-09-22) 60436 bytes
2026-09-13 09:36:13,883 [INFO] [OK] USA/GFS_ENSEMBLE_Wheat_Winter_PRCP_DEP/daily dia 10 (2026-09-23 → 2026-09-23) 60563 bytes
2026-09-13 09:36:14,316 [INFO] [OK] USA/GFS_ENSEMBLE_Wheat_Winter_PRCP_DEP/daily dia 11 (2026-09-24 → 2026-09-24) 60721 bytes
2026-09-13 09:36:14,373 [INFO] [OK] USA/GFS_ENSEMBLE_Wheat_Winter_PRCP_DEP/daily dia 12 (2026-09-25 → 2026-09-25) 62237 bytes
2026-09-13 09:36:14,422 [INFO] [OK] USA/GFS_ENSEMBLE_Wheat_Winter_PRCP_DEP/daily dia 13 (2026-09-26 → 2026-09-26) 62672 bytes
2026-09-13 09:36:14,554 [INFO] [OK] USA/GFS_ENSEMBLE_Wheat_Winter_PRCP_DEP/daily dia 14 (2026-09-27 → 2026-09-27) 62793 bytes
2026-09-13 09:36:15,261 [INFO] [OK] USA/GFS_ENSEMBLE_Wheat_Winter_PRCP_DEP/cumulative dia 00 (2026-09-13 → 2026-09-13) 55887 bytes
2026-09-13 09:36:15,698 [INFO] [OK] USA/GFS_ENSEMBLE_Wheat_Winter_PRCP_DEP/cumulative dia 01 (2026-09-13 → 2026-09-14) 57540 bytes
2026-09-13 09:36:16,392 [INFO] [OK] USA/GFS_ENSEMBLE_Wheat_Winter_PRCP_DEP/cumulative dia 02 (2026-09-13 → 2026-09-15) 57874 bytes
2026-09-13 09:36:16,585 [INFO] [OK] USA/GFS_ENSEMBLE_Wheat_Winter_PRCP_DEP/cumulative dia 03 (2026-09-13 → 2026-09-16) 56958 bytes
2026-09-13 09:36:16,668 [INFO] [OK] USA/GFS_ENSEMBLE_Wheat_Winter_PRCP_DEP/cumulative dia 04 (2026-09-13 → 2026-09-17) 57455 bytes
2026-09-13 09:36:16,762 [INFO] [OK] USA/GFS_ENSEMBLE_Wheat_Winter_PRCP_DEP/cumulative dia 05 (2026-09-13 → 2026-09-18) 56843 bytes
2026-09-13 09:36:17,456 [INFO] [OK] USA/GFS_ENSEMBLE_Wheat_Winter_PRCP_DEP/cumulative dia 06 (2026-09-13 → 2026-09-19) 57493 bytes
2026-09-13 09:36:18,062 [INFO] [OK] USA/GFS_ENSEMBLE_Wheat_Winter_PRCP_DEP/cumulative dia 07 (2026-09-13 → 2026-09-20) 58776 bytes
2026-09-13 09:36:18,895 [INFO] [OK] USA/GFS_ENSEMBLE_Wheat_Winter_PRCP_DEP/cumulative dia 08 (2026-09-13 → 2026-09-21) 60276 bytes
2026-09-13 09:36:19,354 [INFO] [OK] USA/GFS_ENSEMBLE_Wheat_Winter_PRCP_DEP/cumulative dia 09 (2026-09-13 → 2026-09-22) 60394 bytes
2026-09-13 09:36:19,608 [INFO] [OK] USA/GFS_ENSEMBLE_Wheat_Winter_PRCP_DEP/cumulative dia 10 (2026-09-13 → 2026-09-23) 60491 bytes
2026-09-13 09:36:19,693 [INFO] [OK] USA/GFS_ENSEMBLE_Wheat_Winter_PRCP_DEP/cumulative dia 11 (2026-09-13 → 2026-09-24) 60684 bytes
2026-09-13 09:36:20,442 [INFO] [OK] USA/GFS_ENSEMBLE_Wheat_Winter_PRCP_DEP/cumulative dia 12 (2026-09-13 → 2026-09-25) 60582 bytes
2026-09-13 09:36:21,075 [INFO] [OK] USA/GFS_ENSEMBLE_Wheat_Winter_PRCP/daily dia 00 (2026-09-13 → 2026-09-13) 39803 bytes
2026-09-13 09:36:21,211 [INFO] [OK] USA/GFS_ENSEMBLE_Wheat_Winter_PRCP_DEP/cumulative dia 13 (2026-09-13 → 2026-09-26) 60591 bytes
2026-09-13 09:36:21,306 [INFO] [OK] USA/GFS_ENSEMBLE_Wheat_Winter_PRCP/daily dia 01 (2026-09-14 → 2026-09-14) 38481 bytes
2026-09-13 09:36:21,360 [INFO] [OK] USA/GFS_ENSEMBLE_Wheat_Winter_PRCP/daily dia 02 (2026-09-15 → 2026-09-15) 38265 bytes
2026-09-13 09:36:21,833 [INFO] [OK] USA/GFS_ENSEMBLE_Wheat_Winter_PRCP_DEP/cumulative dia 14 (2026-09-13 → 2026-09-27) 60759 bytes
2026-09-13 09:36:21,988 [INFO] [OK] USA/GFS_ENSEMBLE_Wheat_Winter_PRCP/daily dia 03 (2026-09-16 → 2026-09-16) 38033 bytes
2026-09-13 09:36:22,684 [INFO] [OK] USA/GFS_ENSEMBLE_Wheat_Winter_PRCP/daily dia 04 (2026-09-17 → 2026-09-17) 37559 bytes
2026-09-13 09:36:22,714 [INFO] [OK] USA/GFS_ENSEMBLE_Wheat_Winter_PRCP/daily dia 05 (2026-09-18 → 2026-09-18) 38825 bytes
2026-09-13 09:36:22,914 [INFO] [OK] USA/GFS_ENSEMBLE_Wheat_Winter_PRCP/daily dia 06 (2026-09-19 → 2026-09-19) 37947 bytes
2026-09-13 09:36:22,951 [INFO] [OK] USA/GFS_ENSEMBLE_Wheat_Winter_PRCP/daily dia 07 (2026-09-20 → 2026-09-20) 37593 bytes
2026-09-13 09:36:23,329 [INFO] [OK] USA/GFS_ENSEMBLE_Wheat_Winter_PRCP/daily dia 08 (2026-09-21 → 2026-09-21) 37264 bytes
2026-09-13 09:36:23,528 [INFO] [OK] USA/GFS_ENSEMBLE_Wheat_Winter_PRCP/daily dia 09 (2026-09-22 → 2026-09-22) 37405 bytes
2026-09-13 09:36:24,219 [INFO] [OK] USA/GFS_ENSEMBLE_Wheat_Winter_PRCP/daily dia 10 (2026-09-23 → 2026-09-23) 37306 bytes
2026-09-13 09:36:24,356 [INFO] [OK] USA/GFS_ENSEMBLE_Wheat_Winter_PRCP/daily dia 11 (2026-09-24 → 2026-09-24) 37136 bytes
2026-09-13 09:36:24,482 [INFO] [OK] USA/GFS_ENSEMBLE_Wheat_Winter_PRCP/daily dia 12 (2026-09-25 → 2026-09-25) 37791 bytes
2026-09-13 09:36:24,542 [INFO] [OK] USA/GFS_ENSEMBLE_Wheat_Winter_PRCP/daily dia 13 (2026-09-26 → 2026-09-26) 38518 bytes
2026-09-13 09:36:25,056 [INFO] [OK] USA/GFS_ENSEMBLE_Wheat_Winter_PRCP/cumulative dia 00 (2026-09-13 → 2026-09-13) 39803 bytes
2026-09-13 09:36:25,405 [INFO] [OK] USA/GFS_ENSEMBLE_Wheat_Winter_PRCP/daily dia 14 (2026-09-27 → 2026-09-27) 38300 bytes
2026-09-13 09:36:26,068 [INFO] [OK] USA/GFS_ENSEMBLE_Wheat_Winter_PRCP/cumulative dia 01 (2026-09-13 → 2026-09-14) 42889 bytes
2026-09-13 09:36:26,100 [INFO] [OK] USA/GFS_ENSEMBLE_Wheat_Winter_PRCP/cumulative dia 02 (2026-09-13 → 2026-09-15) 44953 bytes
2026-09-13 09:36:26,384 [INFO] [OK] USA/GFS_ENSEMBLE_Wheat_Winter_PRCP/cumulative dia 03 (2026-09-13 → 2026-09-16) 46438 bytes
2026-09-13 09:36:26,507 [INFO] [OK] USA/GFS_ENSEMBLE_Wheat_Winter_PRCP/cumulative dia 04 (2026-09-13 → 2026-09-17) 47831 bytes
2026-09-13 09:36:27,081 [INFO] [OK] USA/GFS_ENSEMBLE_Wheat_Winter_PRCP/cumulative dia 05 (2026-09-13 → 2026-09-18) 48874 bytes
2026-09-13 09:36:27,582 [INFO] [OK] USA/GFS_ENSEMBLE_Wheat_Winter_PRCP/cumulative dia 06 (2026-09-13 → 2026-09-19) 49333 bytes
2026-09-13 09:36:28,435 [INFO] [OK] USA/GFS_ENSEMBLE_Wheat_Winter_PRCP/cumulative dia 07 (2026-09-13 → 2026-09-20) 49919 bytes
2026-09-13 09:36:28,611 [INFO] [OK] USA/GFS_ENSEMBLE_Wheat_Winter_PRCP/cumulative dia 08 (2026-09-13 → 2026-09-21) 50877 bytes
2026-09-13 09:36:29,035 [INFO] [OK] USA/GFS_ENSEMBLE_Wheat_Winter_PRCP/cumulative dia 09 (2026-09-13 → 2026-09-22) 50945 bytes
2026-09-13 09:36:29,156 [INFO] [OK] USA/GFS_ENSEMBLE_Wheat_Winter_PRCP/cumulative dia 10 (2026-09-13 → 2026-09-23) 51064 bytes
2026-09-13 09:36:29,809 [INFO] [OK] USA/GFS_ENSEMBLE_Wheat_Winter_PRCP/cumulative dia 11 (2026-09-13 → 2026-09-24) 51674 bytes
2026-09-13 09:36:30,387 [INFO] [OK] USA/GFS_ENSEMBLE_Wheat_Winter_PRCP/cumulative dia 12 (2026-09-13 → 2026-09-25) 51993 bytes
2026-09-13 09:36:30,686 [INFO] [OK] USA/GFS_ENSEMBLE_Wheat_Spring_PRCP_DEP/daily dia 00 (2026-09-13 → 2026-09-13) 52700 bytes
2026-09-13 09:36:30,742 [INFO] [OK] USA/GFS_ENSEMBLE_Wheat_Spring_PRCP_DEP/daily dia 01 (2026-09-14 → 2026-09-14) 48613 bytes
2026-09-13 09:36:31,319 [INFO] [OK] USA/GFS_ENSEMBLE_Wheat_Winter_PRCP/cumulative dia 13 (2026-09-13 → 2026-09-26) 52069 bytes
2026-09-13 09:36:31,472 [INFO] [OK] USA/GFS_ENSEMBLE_Wheat_Spring_PRCP_DEP/daily dia 02 (2026-09-15 → 2026-09-15) 44042 bytes
2026-09-13 09:36:31,541 [INFO] [OK] USA/GFS_ENSEMBLE_Wheat_Winter_PRCP/cumulative dia 14 (2026-09-13 → 2026-09-27) 52519 bytes
2026-09-13 09:36:32,020 [INFO] [OK] USA/GFS_ENSEMBLE_Wheat_Spring_PRCP_DEP/daily dia 03 (2026-09-16 → 2026-09-16) 48026 bytes
2026-09-13 09:36:32,285 [INFO] [OK] USA/GFS_ENSEMBLE_Wheat_Spring_PRCP_DEP/daily dia 04 (2026-09-17 → 2026-09-17) 51655 bytes
2026-09-13 09:36:32,361 [INFO] [OK] USA/GFS_ENSEMBLE_Wheat_Spring_PRCP_DEP/daily dia 05 (2026-09-18 → 2026-09-18) 50869 bytes
2026-09-13 09:36:32,919 [INFO] [OK] USA/GFS_ENSEMBLE_Wheat_Spring_PRCP_DEP/daily dia 06 (2026-09-19 → 2026-09-19) 53553 bytes
2026-09-13 09:36:33,119 [INFO] [OK] USA/GFS_ENSEMBLE_Wheat_Spring_PRCP_DEP/daily dia 07 (2026-09-20 → 2026-09-20) 56693 bytes
2026-09-13 09:36:33,177 [INFO] [OK] USA/GFS_ENSEMBLE_Wheat_Spring_PRCP_DEP/daily dia 08 (2026-09-21 → 2026-09-21) 57163 bytes
2026-09-13 09:36:33,760 [INFO] [OK] USA/GFS_ENSEMBLE_Wheat_Spring_PRCP_DEP/daily dia 09 (2026-09-22 → 2026-09-22) 57507 bytes
2026-09-13 09:36:34,163 [INFO] [OK] USA/GFS_ENSEMBLE_Wheat_Spring_PRCP_DEP/daily dia 10 (2026-09-23 → 2026-09-23) 57350 bytes
2026-09-13 09:36:34,176 [INFO] [OK] USA/GFS_ENSEMBLE_Wheat_Spring_PRCP_DEP/daily dia 11 (2026-09-24 → 2026-09-24) 57524 bytes
2026-09-13 09:36:34,737 [INFO] [OK] USA/GFS_ENSEMBLE_Wheat_Spring_PRCP_DEP/daily dia 13 (2026-09-26 → 2026-09-26) 59317 bytes
2026-09-13 09:36:34,783 [INFO] [OK] USA/GFS_ENSEMBLE_Wheat_Spring_PRCP_DEP/daily dia 12 (2026-09-25 → 2026-09-25) 59055 bytes
2026-09-13 09:36:35,081 [INFO] [OK] USA/GFS_ENSEMBLE_Wheat_Spring_PRCP_DEP/daily dia 14 (2026-09-27 → 2026-09-27) 59815 bytes
2026-09-13 09:36:35,796 [INFO] [OK] USA/GFS_ENSEMBLE_Wheat_Spring_PRCP_DEP/cumulative dia 00 (2026-09-13 → 2026-09-13) 52700 bytes
2026-09-13 09:36:35,912 [INFO] [OK] USA/GFS_ENSEMBLE_Wheat_Spring_PRCP_DEP/cumulative dia 01 (2026-09-13 → 2026-09-14) 54558 bytes
2026-09-13 09:36:36,041 [INFO] [OK] USA/GFS_ENSEMBLE_Wheat_Spring_PRCP_DEP/cumulative dia 02 (2026-09-13 → 2026-09-15) 54748 bytes
2026-09-13 09:36:36,650 [INFO] [OK] USA/GFS_ENSEMBLE_Wheat_Spring_PRCP_DEP/cumulative dia 03 (2026-09-13 → 2026-09-16) 54005 bytes
2026-09-13 09:36:36,778 [INFO] [OK] USA/GFS_ENSEMBLE_Wheat_Spring_PRCP_DEP/cumulative dia 04 (2026-09-13 → 2026-09-17) 54404 bytes
2026-09-13 09:36:37,090 [INFO] [OK] USA/GFS_ENSEMBLE_Wheat_Spring_PRCP_DEP/cumulative dia 05 (2026-09-13 → 2026-09-18) 53710 bytes
2026-09-13 09:36:38,187 [INFO] [OK] USA/GFS_ENSEMBLE_Wheat_Spring_PRCP_DEP/cumulative dia 06 (2026-09-13 → 2026-09-19) 54108 bytes
2026-09-13 09:36:38,341 [INFO] [OK] USA/GFS_ENSEMBLE_Wheat_Spring_PRCP_DEP/cumulative dia 07 (2026-09-13 → 2026-09-20) 55210 bytes
2026-09-13 09:36:38,790 [INFO] [OK] USA/GFS_ENSEMBLE_Wheat_Spring_PRCP_DEP/cumulative dia 08 (2026-09-13 → 2026-09-21) 57058 bytes
2026-09-13 09:36:39,285 [INFO] [OK] USA/GFS_ENSEMBLE_Wheat_Spring_PRCP_DEP/cumulative dia 09 (2026-09-13 → 2026-09-22) 57132 bytes
2026-09-13 09:36:39,689 [INFO] [OK] USA/GFS_ENSEMBLE_Wheat_Spring_PRCP_DEP/cumulative dia 10 (2026-09-13 → 2026-09-23) 57349 bytes
2026-09-13 09:36:40,019 [INFO] [OK] USA/GFS_ENSEMBLE_Wheat_Spring_PRCP_DEP/cumulative dia 11 (2026-09-13 → 2026-09-24) 57695 bytes
2026-09-13 09:36:40,869 [INFO] [OK] USA/GFS_ENSEMBLE_Wheat_Spring_PRCP/daily dia 00 (2026-09-13 → 2026-09-13) 36780 bytes
2026-09-13 09:36:41,165 [INFO] [OK] USA/GFS_ENSEMBLE_Wheat_Spring_PRCP_DEP/cumulative dia 12 (2026-09-13 → 2026-09-25) 57360 bytes
2026-09-13 09:36:41,274 [INFO] [OK] USA/GFS_ENSEMBLE_Wheat_Spring_PRCP/daily dia 01 (2026-09-14 → 2026-09-14) 35564 bytes
2026-09-13 09:36:41,303 [INFO] [OK] USA/GFS_ENSEMBLE_Wheat_Spring_PRCP_DEP/cumulative dia 13 (2026-09-13 → 2026-09-26) 56974 bytes
2026-09-13 09:36:41,555 [INFO] [OK] USA/GFS_ENSEMBLE_Wheat_Spring_PRCP/daily dia 02 (2026-09-15 → 2026-09-15) 34935 bytes
2026-09-13 09:36:41,822 [INFO] [OK] USA/GFS_ENSEMBLE_Wheat_Spring_PRCP_DEP/cumulative dia 14 (2026-09-13 → 2026-09-27) 57351 bytes
2026-09-13 09:36:42,589 [INFO] [OK] USA/GFS_ENSEMBLE_Wheat_Spring_PRCP/daily dia 03 (2026-09-16 → 2026-09-16) 34705 bytes
2026-09-13 09:36:42,814 [INFO] [OK] USA/GFS_ENSEMBLE_Wheat_Spring_PRCP/daily dia 05 (2026-09-18 → 2026-09-18) 35771 bytes
2026-09-13 09:36:42,850 [INFO] [OK] USA/GFS_ENSEMBLE_Wheat_Spring_PRCP/daily dia 06 (2026-09-19 → 2026-09-19) 34928 bytes
2026-09-13 09:36:42,900 [INFO] [OK] USA/GFS_ENSEMBLE_Wheat_Spring_PRCP/daily dia 04 (2026-09-17 → 2026-09-17) 34574 bytes
2026-09-13 09:36:43,067 [INFO] [OK] USA/GFS_ENSEMBLE_Wheat_Spring_PRCP/daily dia 07 (2026-09-20 → 2026-09-20) 34715 bytes
2026-09-13 09:36:43,384 [INFO] [OK] USA/GFS_ENSEMBLE_Wheat_Spring_PRCP/daily dia 08 (2026-09-21 → 2026-09-21) 34436 bytes
2026-09-13 09:36:44,122 [INFO] [OK] USA/GFS_ENSEMBLE_Wheat_Spring_PRCP/daily dia 09 (2026-09-22 → 2026-09-22) 34536 bytes
2026-09-13 09:36:44,367 [INFO] [OK] USA/GFS_ENSEMBLE_Wheat_Spring_PRCP/daily dia 10 (2026-09-23 → 2026-09-23) 34448 bytes
2026-09-13 09:36:44,597 [INFO] [OK] USA/GFS_ENSEMBLE_Wheat_Spring_PRCP/daily dia 11 (2026-09-24 → 2026-09-24) 34197 bytes
2026-09-13 09:36:44,624 [INFO] [OK] USA/GFS_ENSEMBLE_Wheat_Spring_PRCP/daily dia 12 (2026-09-25 → 2026-09-25) 35212 bytes
2026-09-13 09:36:44,740 [INFO] [OK] USA/GFS_ENSEMBLE_Wheat_Spring_PRCP/daily dia 13 (2026-09-26 → 2026-09-26) 35882 bytes
2026-09-13 09:36:44,909 [INFO] [OK] USA/GFS_ENSEMBLE_Wheat_Spring_PRCP/daily dia 14 (2026-09-27 → 2026-09-27) 35723 bytes
2026-09-13 09:36:45,746 [INFO] [OK] USA/GFS_ENSEMBLE_Wheat_Spring_PRCP/cumulative dia 00 (2026-09-13 → 2026-09-13) 36780 bytes
2026-09-13 09:36:46,125 [INFO] [OK] USA/GFS_ENSEMBLE_Wheat_Spring_PRCP/cumulative dia 01 (2026-09-13 → 2026-09-14) 39586 bytes
2026-09-13 09:36:46,489 [INFO] [OK] USA/GFS_ENSEMBLE_Wheat_Spring_PRCP/cumulative dia 02 (2026-09-13 → 2026-09-15) 41518 bytes
2026-09-13 09:36:46,596 [INFO] [OK] USA/GFS_ENSEMBLE_Wheat_Spring_PRCP/cumulative dia 03 (2026-09-13 → 2026-09-16) 42840 bytes
2026-09-13 09:36:46,918 [INFO] [OK] USA/GFS_ENSEMBLE_Wheat_Spring_PRCP/cumulative dia 04 (2026-09-13 → 2026-09-17) 44113 bytes
2026-09-13 09:36:47,042 [INFO] [OK] USA/GFS_ENSEMBLE_Wheat_Spring_PRCP/cumulative dia 05 (2026-09-13 → 2026-09-18) 45168 bytes
2026-09-13 09:36:48,021 [INFO] [OK] USA/GFS_ENSEMBLE_Wheat_Spring_PRCP/cumulative dia 06 (2026-09-13 → 2026-09-19) 45516 bytes
2026-09-13 09:36:48,446 [INFO] [OK] USA/GFS_ENSEMBLE_Wheat_Spring_PRCP/cumulative dia 07 (2026-09-13 → 2026-09-20) 45834 bytes
2026-09-13 09:36:49,015 [INFO] [OK] USA/GFS_ENSEMBLE_Wheat_Spring_PRCP/cumulative dia 08 (2026-09-13 → 2026-09-21) 47024 bytes
2026-09-13 09:36:49,246 [INFO] [OK] USA/GFS_ENSEMBLE_Wheat_Spring_PRCP/cumulative dia 09 (2026-09-13 → 2026-09-22) 47023 bytes
2026-09-13 09:36:49,575 [INFO] [OK] USA/GFS_ENSEMBLE_Wheat_Spring_PRCP/cumulative dia 10 (2026-09-13 → 2026-09-23) 47487 bytes
2026-09-13 09:36:49,803 [INFO] [OK] USA/GFS_ENSEMBLE_Wheat_Spring_PRCP/cumulative dia 11 (2026-09-13 → 2026-09-24) 47877 bytes
2026-09-13 09:36:50,857 [INFO] [OK] USA/GFS_ENSEMBLE_Wheat_Spring_PRCP/cumulative dia 12 (2026-09-13 → 2026-09-25) 48163 bytes
2026-09-13 09:36:51,049 [INFO] [OK] USA/ECM_ENSEMBLE_Corn_PRCP_DEP/daily dia 00 (2026-09-13 → 2026-09-13) 56167 bytes
2026-09-13 09:36:51,214 [INFO] [OK] USA/ECM_ENSEMBLE_Corn_PRCP_DEP/daily dia 01 (2026-09-14 → 2026-09-14) 51508 bytes
2026-09-13 09:36:51,304 [INFO] [OK] USA/GFS_ENSEMBLE_Wheat_Spring_PRCP/cumulative dia 13 (2026-09-13 → 2026-09-26) 48013 bytes
2026-09-13 09:36:51,479 [INFO] [OK] USA/ECM_ENSEMBLE_Corn_PRCP_DEP/daily dia 02 (2026-09-15 → 2026-09-15) 49338 bytes
2026-09-13 09:36:51,888 [INFO] [OK] USA/GFS_ENSEMBLE_Wheat_Spring_PRCP/cumulative dia 14 (2026-09-13 → 2026-09-27) 48411 bytes
2026-09-13 09:36:52,498 [INFO] [OK] USA/ECM_ENSEMBLE_Corn_PRCP_DEP/daily dia 03 (2026-09-16 → 2026-09-16) 53903 bytes
2026-09-13 09:36:52,719 [INFO] [OK] USA/ECM_ENSEMBLE_Corn_PRCP_DEP/daily dia 04 (2026-09-17 → 2026-09-17) 53751 bytes
2026-09-13 09:36:53,165 [INFO] [OK] USA/ECM_ENSEMBLE_Corn_PRCP_DEP/daily dia 05 (2026-09-18 → 2026-09-18) 55173 bytes
2026-09-13 09:36:53,331 [INFO] [OK] USA/ECM_ENSEMBLE_Corn_PRCP_DEP/daily dia 06 (2026-09-19 → 2026-09-19) 56523 bytes
2026-09-13 09:36:53,338 [INFO] [OK] USA/ECM_ENSEMBLE_Corn_PRCP_DEP/daily dia 07 (2026-09-20 → 2026-09-20) 59642 bytes
2026-09-13 09:36:53,536 [INFO] [OK] USA/ECM_ENSEMBLE_Corn_PRCP_DEP/daily dia 08 (2026-09-21 → 2026-09-21) 58861 bytes
2026-09-13 09:36:54,494 [INFO] [OK] USA/ECM_ENSEMBLE_Corn_PRCP_DEP/daily dia 10 (2026-09-23 → 2026-09-23) 59610 bytes
2026-09-13 09:36:54,503 [INFO] [OK] USA/ECM_ENSEMBLE_Corn_PRCP_DEP/daily dia 09 (2026-09-22 → 2026-09-22) 59619 bytes
2026-09-13 09:36:54,891 [INFO] [OK] USA/ECM_ENSEMBLE_Corn_PRCP_DEP/daily dia 11 (2026-09-24 → 2026-09-24) 60738 bytes
2026-09-13 09:36:55,075 [INFO] [OK] USA/ECM_ENSEMBLE_Corn_PRCP_DEP/daily dia 12 (2026-09-25 → 2026-09-25) 60594 bytes
2026-09-13 09:36:55,127 [INFO] [OK] USA/ECM_ENSEMBLE_Corn_PRCP_DEP/daily dia 13 (2026-09-26 → 2026-09-26) 61669 bytes
2026-09-13 09:36:55,221 [INFO] [OK] USA/ECM_ENSEMBLE_Corn_PRCP_DEP/daily dia 14 (2026-09-27 → 2026-09-27) 58957 bytes
2026-09-13 09:36:56,149 [INFO] [OK] USA/ECM_ENSEMBLE_Corn_PRCP_DEP/cumulative dia 00 (2026-09-13 → 2026-09-13) 56167 bytes
2026-09-13 09:36:56,269 [INFO] [OK] USA/ECM_ENSEMBLE_Corn_PRCP_DEP/cumulative dia 01 (2026-09-13 → 2026-09-14) 55984 bytes
2026-09-13 09:36:56,761 [INFO] [OK] USA/ECM_ENSEMBLE_Corn_PRCP_DEP/cumulative dia 02 (2026-09-13 → 2026-09-15) 56394 bytes
2026-09-13 09:36:57,382 [INFO] [OK] USA/ECM_ENSEMBLE_Corn_PRCP_DEP/cumulative dia 04 (2026-09-13 → 2026-09-17) 56219 bytes
2026-09-13 09:36:57,390 [INFO] [OK] USA/ECM_ENSEMBLE_Corn_PRCP_DEP/cumulative dia 03 (2026-09-13 → 2026-09-16) 56366 bytes
2026-09-13 09:36:57,434 [INFO] [OK] USA/ECM_ENSEMBLE_Corn_PRCP_DEP/cumulative dia 05 (2026-09-13 → 2026-09-18) 55601 bytes
2026-09-13 09:36:58,353 [INFO] [OK] USA/ECM_ENSEMBLE_Corn_PRCP_DEP/cumulative dia 06 (2026-09-13 → 2026-09-19) 55981 bytes
2026-09-13 09:36:58,697 [INFO] [OK] USA/ECM_ENSEMBLE_Corn_PRCP_DEP/cumulative dia 07 (2026-09-13 → 2026-09-20) 56959 bytes
2026-09-13 09:36:59,339 [INFO] [OK] USA/ECM_ENSEMBLE_Corn_PRCP_DEP/cumulative dia 08 (2026-09-13 → 2026-09-21) 58355 bytes
2026-09-13 09:37:00,037 [INFO] [OK] USA/ECM_ENSEMBLE_Corn_PRCP_DEP/cumulative dia 10 (2026-09-13 → 2026-09-23) 59217 bytes
2026-09-13 09:37:00,040 [INFO] [OK] USA/ECM_ENSEMBLE_Corn_PRCP_DEP/cumulative dia 09 (2026-09-13 → 2026-09-22) 59413 bytes
2026-09-13 09:37:00,239 [INFO] [OK] USA/ECM_ENSEMBLE_Corn_PRCP_DEP/cumulative dia 11 (2026-09-13 → 2026-09-24) 59702 bytes
2026-09-13 09:37:01,248 [INFO] [OK] USA/ECM_ENSEMBLE_Corn_PRCP_DEP/cumulative dia 12 (2026-09-13 → 2026-09-25) 59627 bytes
2026-09-13 09:37:01,790 [INFO] [OK] USA/ECM_ENSEMBLE_Corn_PRCP/daily dia 01 (2026-09-14 → 2026-09-14) 38545 bytes
2026-09-13 09:37:01,842 [INFO] [OK] USA/ECM_ENSEMBLE_Corn_PRCP/daily dia 02 (2026-09-15 → 2026-09-15) 37383 bytes
2026-09-13 09:37:01,874 [INFO] [OK] USA/ECM_ENSEMBLE_Corn_PRCP/daily dia 00 (2026-09-13 → 2026-09-13) 38141 bytes
2026-09-13 09:37:01,926 [INFO] [OK] USA/ECM_ENSEMBLE_Corn_PRCP_DEP/cumulative dia 13 (2026-09-13 → 2026-09-26) 59436 bytes
2026-09-13 09:37:02,414 [INFO] [OK] USA/ECM_ENSEMBLE_Corn_PRCP_DEP/cumulative dia 14 (2026-09-13 → 2026-09-27) 59581 bytes
2026-09-13 09:37:02,829 [INFO] [OK] USA/ECM_ENSEMBLE_Corn_PRCP/daily dia 03 (2026-09-16 → 2026-09-16) 37741 bytes
2026-09-13 09:37:03,346 [INFO] [OK] USA/ECM_ENSEMBLE_Corn_PRCP/daily dia 04 (2026-09-17 → 2026-09-17) 36747 bytes
2026-09-13 09:37:03,427 [INFO] [OK] USA/ECM_ENSEMBLE_Corn_PRCP/daily dia 05 (2026-09-18 → 2026-09-18) 37902 bytes
2026-09-13 09:37:03,435 [INFO] [OK] USA/ECM_ENSEMBLE_Corn_PRCP/daily dia 06 (2026-09-19 → 2026-09-19) 37492 bytes
2026-09-13 09:37:03,440 [INFO] [OK] USA/ECM_ENSEMBLE_Corn_PRCP/daily dia 07 (2026-09-20 → 2026-09-20) 36400 bytes
2026-09-13 09:37:03,953 [INFO] [OK] USA/ECM_ENSEMBLE_Corn_PRCP/daily dia 08 (2026-09-21 → 2026-09-21) 36148 bytes
2026-09-13 09:37:04,343 [INFO] [OK] USA/ECM_ENSEMBLE_Corn_PRCP/daily dia 09 (2026-09-22 → 2026-09-22) 36829 bytes
2026-09-13 09:37:04,880 [INFO] [OK] USA/ECM_ENSEMBLE_Corn_PRCP/daily dia 10 (2026-09-23 → 2026-09-23) 36183 bytes
2026-09-13 09:37:04,948 [INFO] [OK] USA/ECM_ENSEMBLE_Corn_PRCP/daily dia 12 (2026-09-25 → 2026-09-25) 36407 bytes
2026-09-13 09:37:04,988 [INFO] [OK] USA/ECM_ENSEMBLE_Corn_PRCP/daily dia 13 (2026-09-26 → 2026-09-26) 36346 bytes
2026-09-13 09:37:05,132 [INFO] [OK] USA/ECM_ENSEMBLE_Corn_PRCP/daily dia 11 (2026-09-24 → 2026-09-24) 36314 bytes
2026-09-13 09:37:05,477 [INFO] [OK] USA/ECM_ENSEMBLE_Corn_PRCP/daily dia 14 (2026-09-27 → 2026-09-27) 35137 bytes
2026-09-13 09:37:05,873 [INFO] [OK] USA/ECM_ENSEMBLE_Corn_PRCP/cumulative dia 00 (2026-09-13 → 2026-09-13) 38141 bytes
2026-09-13 09:37:06,624 [INFO] [OK] USA/ECM_ENSEMBLE_Corn_PRCP/cumulative dia 01 (2026-09-13 → 2026-09-14) 42400 bytes
2026-09-13 09:37:06,980 [INFO] [OK] USA/ECM_ENSEMBLE_Corn_PRCP/cumulative dia 02 (2026-09-13 → 2026-09-15) 44156 bytes
2026-09-13 09:37:07,063 [INFO] [OK] USA/ECM_ENSEMBLE_Corn_PRCP/cumulative dia 03 (2026-09-13 → 2026-09-16) 45306 bytes
2026-09-13 09:37:07,256 [INFO] [OK] USA/ECM_ENSEMBLE_Corn_PRCP/cumulative dia 04 (2026-09-13 → 2026-09-17) 46918 bytes
2026-09-13 09:37:07,646 [INFO] [OK] USA/ECM_ENSEMBLE_Corn_PRCP/cumulative dia 05 (2026-09-13 → 2026-09-18) 47929 bytes
2026-09-13 09:37:08,064 [INFO] [OK] USA/ECM_ENSEMBLE_Corn_PRCP/cumulative dia 06 (2026-09-13 → 2026-09-19) 48814 bytes
2026-09-13 09:37:09,037 [INFO] [OK] USA/ECM_ENSEMBLE_Corn_PRCP/cumulative dia 07 (2026-09-13 → 2026-09-20) 49363 bytes
2026-09-13 09:37:09,441 [INFO] [OK] USA/ECM_ENSEMBLE_Corn_PRCP/cumulative dia 08 (2026-09-13 → 2026-09-21) 50155 bytes
2026-09-13 09:37:09,764 [INFO] [OK] USA/ECM_ENSEMBLE_Corn_PRCP/cumulative dia 09 (2026-09-13 → 2026-09-22) 50377 bytes
2026-09-13 09:37:10,086 [INFO] [OK] USA/ECM_ENSEMBLE_Corn_PRCP/cumulative dia 10 (2026-09-13 → 2026-09-23) 51119 bytes
2026-09-13 09:37:10,547 [INFO] [OK] USA/ECM_ENSEMBLE_Corn_PRCP/cumulative dia 11 (2026-09-13 → 2026-09-24) 51480 bytes
2026-09-13 09:37:11,161 [INFO] [OK] USA/ECM_ENSEMBLE_Corn_PRCP/cumulative dia 12 (2026-09-13 → 2026-09-25) 51289 bytes
2026-09-13 09:37:11,505 [INFO] [OK] USA/ECM_ENSEMBLE_Soy_PRCP_DEP/daily dia 00 (2026-09-13 → 2026-09-13) 55646 bytes
2026-09-13 09:37:11,823 [INFO] [OK] USA/ECM_ENSEMBLE_Soy_PRCP_DEP/daily dia 01 (2026-09-14 → 2026-09-14) 51073 bytes
2026-09-13 09:37:12,141 [INFO] [OK] USA/ECM_ENSEMBLE_Corn_PRCP/cumulative dia 13 (2026-09-13 → 2026-09-26) 51559 bytes
2026-09-13 09:37:12,190 [INFO] [OK] USA/ECM_ENSEMBLE_Soy_PRCP_DEP/daily dia 02 (2026-09-15 → 2026-09-15) 48607 bytes
2026-09-13 09:37:12,630 [INFO] [OK] USA/ECM_ENSEMBLE_Corn_PRCP/cumulative dia 14 (2026-09-13 → 2026-09-27) 51739 bytes
2026-09-13 09:37:12,783 [INFO] [OK] USA/ECM_ENSEMBLE_Soy_PRCP_DEP/daily dia 03 (2026-09-16 → 2026-09-16) 53738 bytes
2026-09-13 09:37:13,194 [INFO] [OK] USA/ECM_ENSEMBLE_Soy_PRCP_DEP/daily dia 04 (2026-09-17 → 2026-09-17) 53304 bytes
2026-09-13 09:37:13,600 [INFO] [OK] USA/ECM_ENSEMBLE_Soy_PRCP_DEP/daily dia 05 (2026-09-18 → 2026-09-18) 54809 bytes
2026-09-13 09:37:14,005 [INFO] [OK] USA/ECM_ENSEMBLE_Soy_PRCP_DEP/daily dia 06 (2026-09-19 → 2026-09-19) 56094 bytes
2026-09-13 09:37:14,337 [INFO] [OK] USA/ECM_ENSEMBLE_Soy_PRCP_DEP/daily dia 07 (2026-09-20 → 2026-09-20) 59143 bytes
2026-09-13 09:37:14,356 [INFO] [OK] USA/ECM_ENSEMBLE_Soy_PRCP_DEP/daily dia 08 (2026-09-21 → 2026-09-21) 58183 bytes
2026-09-13 09:37:14,875 [INFO] [OK] USA/ECM_ENSEMBLE_Soy_PRCP_DEP/daily dia 09 (2026-09-22 → 2026-09-22) 58890 bytes
2026-09-13 09:37:15,032 [INFO] [OK] USA/ECM_ENSEMBLE_Soy_PRCP_DEP/daily dia 10 (2026-09-23 → 2026-09-23) 59365 bytes
2026-09-13 09:37:15,259 [INFO] [OK] USA/ECM_ENSEMBLE_Soy_PRCP_DEP/daily dia 11 (2026-09-24 → 2026-09-24) 60561 bytes
2026-09-13 09:37:15,634 [INFO] [OK] USA/ECM_ENSEMBLE_Soy_PRCP_DEP/daily dia 12 (2026-09-25 → 2026-09-25) 60330 bytes
2026-09-13 09:37:16,169 [INFO] [OK] USA/ECM_ENSEMBLE_Soy_PRCP_DEP/daily dia 14 (2026-09-27 → 2026-09-27) 58444 bytes
2026-09-13 09:37:16,216 [INFO] [OK] USA/ECM_ENSEMBLE_Soy_PRCP_DEP/daily dia 13 (2026-09-26 → 2026-09-26) 61350 bytes
2026-09-13 09:37:16,502 [INFO] [OK] USA/ECM_ENSEMBLE_Soy_PRCP_DEP/cumulative dia 00 (2026-09-13 → 2026-09-13) 55646 bytes
2026-09-13 09:37:16,946 [INFO] [OK] USA/ECM_ENSEMBLE_Soy_PRCP_DEP/cumulative dia 01 (2026-09-13 → 2026-09-14) 55549 bytes
2026-09-13 09:37:17,142 [INFO] [OK] USA/ECM_ENSEMBLE_Soy_PRCP_DEP/cumulative dia 02 (2026-09-13 → 2026-09-15) 56159 bytes
2026-09-13 09:37:17,726 [INFO] [OK] USA/ECM_ENSEMBLE_Soy_PRCP_DEP/cumulative dia 03 (2026-09-13 → 2026-09-16) 56022 bytes
2026-09-13 09:37:18,194 [INFO] [OK] USA/ECM_ENSEMBLE_Soy_PRCP_DEP/cumulative dia 04 (2026-09-13 → 2026-09-17) 55727 bytes
2026-09-13 09:37:18,476 [INFO] [OK] USA/ECM_ENSEMBLE_Soy_PRCP_DEP/cumulative dia 05 (2026-09-13 → 2026-09-18) 55204 bytes
2026-09-13 09:37:18,941 [INFO] [OK] USA/ECM_ENSEMBLE_Soy_PRCP_DEP/cumulative dia 06 (2026-09-13 → 2026-09-19) 55640 bytes
2026-09-13 09:37:19,428 [INFO] [OK] USA/ECM_ENSEMBLE_Soy_PRCP_DEP/cumulative dia 07 (2026-09-13 → 2026-09-20) 56584 bytes
2026-09-13 09:37:19,681 [INFO] [OK] USA/ECM_ENSEMBLE_Soy_PRCP_DEP/cumulative dia 08 (2026-09-13 → 2026-09-21) 57883 bytes
2026-09-13 09:37:20,340 [INFO] [OK] USA/ECM_ENSEMBLE_Soy_PRCP_DEP/cumulative dia 09 (2026-09-13 → 2026-09-22) 59090 bytes
2026-09-13 09:37:21,236 [INFO] [OK] USA/ECM_ENSEMBLE_Soy_PRCP_DEP/cumulative dia 10 (2026-09-13 → 2026-09-23) 59100 bytes
2026-09-13 09:37:21,462 [INFO] [OK] USA/ECM_ENSEMBLE_Soy_PRCP_DEP/cumulative dia 11 (2026-09-13 → 2026-09-24) 59373 bytes
2026-09-13 09:37:21,964 [INFO] [OK] USA/ECM_ENSEMBLE_Soy_PRCP/daily dia 00 (2026-09-13 → 2026-09-13) 37687 bytes
2026-09-13 09:37:22,005 [INFO] [OK] USA/ECM_ENSEMBLE_Soy_PRCP_DEP/cumulative dia 12 (2026-09-13 → 2026-09-25) 59513 bytes
2026-09-13 09:37:22,815 [INFO] [OK] USA/ECM_ENSEMBLE_Soy_PRCP_DEP/cumulative dia 13 (2026-09-13 → 2026-09-26) 59317 bytes
2026-09-13 09:37:22,908 [INFO] [OK] USA/ECM_ENSEMBLE_Soy_PRCP/daily dia 01 (2026-09-14 → 2026-09-14) 37969 bytes
2026-09-13 09:37:22,934 [INFO] [OK] USA/ECM_ENSEMBLE_Soy_PRCP_DEP/cumulative dia 14 (2026-09-13 → 2026-09-27) 59392 bytes
2026-09-13 09:37:23,086 [INFO] [OK] USA/ECM_ENSEMBLE_Soy_PRCP/daily dia 02 (2026-09-15 → 2026-09-15) 36823 bytes
2026-09-13 09:37:23,619 [INFO] [OK] USA/ECM_ENSEMBLE_Soy_PRCP/daily dia 03 (2026-09-16 → 2026-09-16) 37265 bytes
2026-09-13 09:37:23,635 [INFO] [OK] USA/ECM_ENSEMBLE_Soy_PRCP/daily dia 04 (2026-09-17 → 2026-09-17) 36428 bytes
2026-09-13 09:37:24,479 [INFO] [OK] USA/ECM_ENSEMBLE_Soy_PRCP/daily dia 05 (2026-09-18 → 2026-09-18) 37441 bytes
2026-09-13 09:37:24,517 [INFO] [OK] USA/ECM_ENSEMBLE_Soy_PRCP/daily dia 07 (2026-09-20 → 2026-09-20) 36087 bytes
2026-09-13 09:37:24,585 [INFO] [OK] USA/ECM_ENSEMBLE_Soy_PRCP/daily dia 06 (2026-09-19 → 2026-09-19) 37022 bytes
2026-09-13 09:37:24,690 [INFO] [OK] USA/ECM_ENSEMBLE_Soy_PRCP/daily dia 08 (2026-09-21 → 2026-09-21) 35664 bytes
2026-09-13 09:37:25,254 [INFO] [OK] USA/ECM_ENSEMBLE_Soy_PRCP/daily dia 10 (2026-09-23 → 2026-09-23) 35782 bytes
2026-09-13 09:37:25,376 [INFO] [OK] USA/ECM_ENSEMBLE_Soy_PRCP/daily dia 09 (2026-09-22 → 2026-09-22) 36328 bytes
2026-09-13 09:37:26,106 [INFO] [OK] USA/ECM_ENSEMBLE_Soy_PRCP/daily dia 12 (2026-09-25 → 2026-09-25) 35923 bytes
2026-09-13 09:37:26,159 [INFO] [OK] USA/ECM_ENSEMBLE_Soy_PRCP/daily dia 11 (2026-09-24 → 2026-09-24) 35862 bytes
2026-09-13 09:37:26,276 [INFO] [OK] USA/ECM_ENSEMBLE_Soy_PRCP/daily dia 13 (2026-09-26 → 2026-09-26) 35888 bytes
2026-09-13 09:37:26,349 [INFO] [OK] USA/ECM_ENSEMBLE_Soy_PRCP/daily dia 14 (2026-09-27 → 2026-09-27) 34654 bytes
2026-09-13 09:37:26,871 [INFO] [OK] USA/ECM_ENSEMBLE_Soy_PRCP/cumulative dia 00 (2026-09-13 → 2026-09-13) 37687 bytes
2026-09-13 09:37:27,075 [INFO] [OK] USA/ECM_ENSEMBLE_Soy_PRCP/cumulative dia 01 (2026-09-13 → 2026-09-14) 41955 bytes
2026-09-13 09:37:28,012 [INFO] [OK] USA/ECM_ENSEMBLE_Soy_PRCP/cumulative dia 02 (2026-09-13 → 2026-09-15) 43763 bytes
2026-09-13 09:37:28,185 [INFO] [OK] USA/ECM_ENSEMBLE_Soy_PRCP/cumulative dia 03 (2026-09-13 → 2026-09-16) 44877 bytes
2026-09-13 09:37:28,438 [INFO] [OK] USA/ECM_ENSEMBLE_Soy_PRCP/cumulative dia 04 (2026-09-13 → 2026-09-17) 46568 bytes
2026-09-13 09:37:28,685 [INFO] [OK] USA/ECM_ENSEMBLE_Soy_PRCP/cumulative dia 05 (2026-09-13 → 2026-09-18) 47637 bytes
2026-09-13 09:37:29,430 [INFO] [OK] USA/ECM_ENSEMBLE_Soy_PRCP/cumulative dia 06 (2026-09-13 → 2026-09-19) 48301 bytes
2026-09-13 09:37:29,617 [INFO] [OK] USA/ECM_ENSEMBLE_Soy_PRCP/cumulative dia 07 (2026-09-13 → 2026-09-20) 48967 bytes
2026-09-13 09:37:30,506 [INFO] [OK] USA/ECM_ENSEMBLE_Soy_PRCP/cumulative dia 08 (2026-09-13 → 2026-09-21) 49721 bytes
2026-09-13 09:37:30,952 [INFO] [OK] USA/ECM_ENSEMBLE_Soy_PRCP/cumulative dia 09 (2026-09-13 → 2026-09-22) 50046 bytes
2026-09-13 09:37:31,362 [INFO] [OK] USA/ECM_ENSEMBLE_Soy_PRCP/cumulative dia 10 (2026-09-13 → 2026-09-23) 50568 bytes
2026-09-13 09:37:31,710 [INFO] [OK] USA/ECM_ENSEMBLE_Soy_PRCP/cumulative dia 11 (2026-09-13 → 2026-09-24) 51058 bytes
2026-09-13 09:37:32,458 [INFO] [OK] USA/ECM_ENSEMBLE_Soy_PRCP/cumulative dia 12 (2026-09-13 → 2026-09-25) 50955 bytes
2026-09-13 09:37:32,822 [INFO] [OK] USA/ECM_ENSEMBLE_Wheat_Winter_PRCP_DEP/daily dia 00 (2026-09-13 → 2026-09-13) 57248 bytes
2026-09-13 09:37:32,962 [INFO] [OK] USA/ECM_ENSEMBLE_Soy_PRCP/cumulative dia 13 (2026-09-13 → 2026-09-26) 51259 bytes
2026-09-13 09:37:33,103 [INFO] [OK] USA/ECM_ENSEMBLE_Wheat_Winter_PRCP_DEP/daily dia 01 (2026-09-14 → 2026-09-14) 52855 bytes
2026-09-13 09:37:33,486 [INFO] [OK] USA/ECM_ENSEMBLE_Wheat_Winter_PRCP_DEP/daily dia 02 (2026-09-15 → 2026-09-15) 50219 bytes
2026-09-13 09:37:33,717 [INFO] [OK] USA/ECM_ENSEMBLE_Soy_PRCP/cumulative dia 14 (2026-09-13 → 2026-09-27) 51462 bytes
2026-09-13 09:37:34,231 [INFO] [OK] USA/ECM_ENSEMBLE_Wheat_Winter_PRCP_DEP/daily dia 03 (2026-09-16 → 2026-09-16) 55182 bytes
2026-09-13 09:37:34,478 [INFO] [OK] USA/ECM_ENSEMBLE_Wheat_Winter_PRCP_DEP/daily dia 04 (2026-09-17 → 2026-09-17) 55076 bytes
2026-09-13 09:37:34,661 [INFO] [OK] USA/ECM_ENSEMBLE_Wheat_Winter_PRCP_DEP/daily dia 05 (2026-09-18 → 2026-09-18) 56653 bytes
2026-09-13 09:37:34,762 [INFO] [OK] USA/ECM_ENSEMBLE_Wheat_Winter_PRCP_DEP/daily dia 06 (2026-09-19 → 2026-09-19) 57953 bytes
2026-09-13 09:37:35,252 [INFO] [OK] USA/ECM_ENSEMBLE_Wheat_Winter_PRCP_DEP/daily dia 07 (2026-09-20 → 2026-09-20) 60406 bytes
2026-09-13 09:37:35,417 [INFO] [OK] USA/ECM_ENSEMBLE_Wheat_Winter_PRCP_DEP/daily dia 08 (2026-09-21 → 2026-09-21) 59938 bytes
2026-09-13 09:37:36,035 [INFO] [OK] USA/ECM_ENSEMBLE_Wheat_Winter_PRCP_DEP/daily dia 09 (2026-09-22 → 2026-09-22) 60676 bytes
2026-09-13 09:37:36,221 [INFO] [OK] USA/ECM_ENSEMBLE_Wheat_Winter_PRCP_DEP/daily dia 10 (2026-09-23 → 2026-09-23) 60781 bytes
2026-09-13 09:37:36,427 [INFO] [OK] USA/ECM_ENSEMBLE_Wheat_Winter_PRCP_DEP/daily dia 11 (2026-09-24 → 2026-09-24) 61771 bytes
2026-09-13 09:37:36,546 [INFO] [OK] USA/ECM_ENSEMBLE_Wheat_Winter_PRCP_DEP/daily dia 12 (2026-09-25 → 2026-09-25) 61364 bytes
2026-09-13 09:37:36,978 [INFO] [OK] USA/ECM_ENSEMBLE_Wheat_Winter_PRCP_DEP/daily dia 13 (2026-09-26 → 2026-09-26) 63201 bytes
2026-09-13 09:37:37,020 [INFO] [OK] USA/ECM_ENSEMBLE_Wheat_Winter_PRCP_DEP/daily dia 14 (2026-09-27 → 2026-09-27) 60209 bytes
2026-09-13 09:37:37,903 [INFO] [OK] USA/ECM_ENSEMBLE_Wheat_Winter_PRCP_DEP/cumulative dia 00 (2026-09-13 → 2026-09-13) 57248 bytes
2026-09-13 09:37:37,994 [INFO] [OK] USA/ECM_ENSEMBLE_Wheat_Winter_PRCP_DEP/cumulative dia 01 (2026-09-13 → 2026-09-14) 57090 bytes
2026-09-13 09:37:38,495 [INFO] [OK] USA/ECM_ENSEMBLE_Wheat_Winter_PRCP_DEP/cumulative dia 02 (2026-09-13 → 2026-09-15) 57451 bytes
2026-09-13 09:37:38,774 [INFO] [OK] USA/ECM_ENSEMBLE_Wheat_Winter_PRCP_DEP/cumulative dia 03 (2026-09-13 → 2026-09-16) 57273 bytes
2026-09-13 09:37:39,224 [INFO] [OK] USA/ECM_ENSEMBLE_Wheat_Winter_PRCP_DEP/cumulative dia 04 (2026-09-13 → 2026-09-17) 57202 bytes
2026-09-13 09:37:39,328 [INFO] [OK] USA/ECM_ENSEMBLE_Wheat_Winter_PRCP_DEP/cumulative dia 05 (2026-09-13 → 2026-09-18) 56741 bytes
2026-09-13 09:37:40,318 [INFO] [OK] USA/ECM_ENSEMBLE_Wheat_Winter_PRCP_DEP/cumulative dia 06 (2026-09-13 → 2026-09-19) 57399 bytes
2026-09-13 09:37:40,741 [INFO] [OK] USA/ECM_ENSEMBLE_Wheat_Winter_PRCP_DEP/cumulative dia 07 (2026-09-13 → 2026-09-20) 58239 bytes
2026-09-13 09:37:41,532 [INFO] [OK] USA/ECM_ENSEMBLE_Wheat_Winter_PRCP_DEP/cumulative dia 08 (2026-09-13 → 2026-09-21) 59632 bytes
2026-09-13 09:37:42,188 [INFO] [OK] USA/ECM_ENSEMBLE_Wheat_Winter_PRCP_DEP/cumulative dia 09 (2026-09-13 → 2026-09-22) 60540 bytes
2026-09-13 09:37:42,690 [INFO] [OK] USA/ECM_ENSEMBLE_Wheat_Winter_PRCP_DEP/cumulative dia 10 (2026-09-13 → 2026-09-23) 60529 bytes
2026-09-13 09:37:42,953 [INFO] [OK] USA/ECM_ENSEMBLE_Wheat_Winter_PRCP_DEP/cumulative dia 11 (2026-09-13 → 2026-09-24) 60620 bytes
2026-09-13 09:37:43,660 [INFO] [OK] USA/ECM_ENSEMBLE_Wheat_Winter_PRCP_DEP/cumulative dia 12 (2026-09-13 → 2026-09-25) 60686 bytes
2026-09-13 09:37:43,798 [INFO] [OK] USA/ECM_ENSEMBLE_Wheat_Winter_PRCP/daily dia 00 (2026-09-13 → 2026-09-13) 39301 bytes
2026-09-13 09:37:44,126 [INFO] [OK] USA/ECM_ENSEMBLE_Wheat_Winter_PRCP_DEP/cumulative dia 13 (2026-09-13 → 2026-09-26) 60601 bytes
2026-09-13 09:37:44,417 [INFO] [OK] USA/ECM_ENSEMBLE_Wheat_Winter_PRCP/daily dia 01 (2026-09-14 → 2026-09-14) 39719 bytes
2026-09-13 09:37:44,647 [INFO] [OK] USA/ECM_ENSEMBLE_Wheat_Winter_PRCP/daily dia 02 (2026-09-15 → 2026-09-15) 38490 bytes
2026-09-13 09:37:44,883 [INFO] [OK] USA/ECM_ENSEMBLE_Wheat_Winter_PRCP_DEP/cumulative dia 14 (2026-09-13 → 2026-09-27) 60656 bytes
2026-09-13 09:37:45,301 [INFO] [OK] USA/ECM_ENSEMBLE_Wheat_Winter_PRCP/daily dia 03 (2026-09-16 → 2026-09-16) 38920 bytes
2026-09-13 09:37:45,449 [INFO] [OK] USA/ECM_ENSEMBLE_Wheat_Winter_PRCP/daily dia 04 (2026-09-17 → 2026-09-17) 37795 bytes
2026-09-13 09:37:45,821 [INFO] [OK] USA/ECM_ENSEMBLE_Wheat_Winter_PRCP/daily dia 05 (2026-09-18 → 2026-09-18) 39091 bytes
2026-09-13 09:37:46,027 [INFO] [OK] USA/ECM_ENSEMBLE_Wheat_Winter_PRCP/daily dia 06 (2026-09-19 → 2026-09-19) 38630 bytes
2026-09-13 09:37:46,391 [INFO] [OK] USA/ECM_ENSEMBLE_Wheat_Winter_PRCP/daily dia 07 (2026-09-20 → 2026-09-20) 37566 bytes
2026-09-13 09:37:46,544 [INFO] [OK] USA/ECM_ENSEMBLE_Wheat_Winter_PRCP/daily dia 08 (2026-09-21 → 2026-09-21) 37124 bytes
2026-09-13 09:37:47,045 [INFO] [OK] USA/ECM_ENSEMBLE_Wheat_Winter_PRCP/daily dia 09 (2026-09-22 → 2026-09-22) 37830 bytes
2026-09-13 09:37:47,197 [INFO] [OK] USA/ECM_ENSEMBLE_Wheat_Winter_PRCP/daily dia 10 (2026-09-23 → 2026-09-23) 37270 bytes
2026-09-13 09:37:47,586 [INFO] [OK] USA/ECM_ENSEMBLE_Wheat_Winter_PRCP/daily dia 11 (2026-09-24 → 2026-09-24) 37388 bytes
2026-09-13 09:37:47,649 [INFO] [OK] USA/ECM_ENSEMBLE_Wheat_Winter_PRCP/daily dia 12 (2026-09-25 → 2026-09-25) 37174 bytes
2026-09-13 09:37:47,989 [INFO] [OK] USA/ECM_ENSEMBLE_Wheat_Winter_PRCP/daily dia 13 (2026-09-26 → 2026-09-26) 37402 bytes
2026-09-13 09:37:48,176 [INFO] [OK] USA/ECM_ENSEMBLE_Wheat_Winter_PRCP/daily dia 14 (2026-09-27 → 2026-09-27) 35926 bytes
2026-09-13 09:37:48,660 [INFO] [OK] USA/ECM_ENSEMBLE_Wheat_Winter_PRCP/cumulative dia 00 (2026-09-13 → 2026-09-13) 39301 bytes
2026-09-13 09:37:48,890 [INFO] [OK] USA/ECM_ENSEMBLE_Wheat_Winter_PRCP/cumulative dia 01 (2026-09-13 → 2026-09-14) 43505 bytes
2026-09-13 09:37:49,460 [INFO] [OK] USA/ECM_ENSEMBLE_Wheat_Winter_PRCP/cumulative dia 02 (2026-09-13 → 2026-09-15) 45470 bytes
2026-09-13 09:37:49,589 [INFO] [OK] USA/ECM_ENSEMBLE_Wheat_Winter_PRCP/cumulative dia 03 (2026-09-13 → 2026-09-16) 46619 bytes
2026-09-13 09:37:49,959 [INFO] [OK] USA/ECM_ENSEMBLE_Wheat_Winter_PRCP/cumulative dia 04 (2026-09-13 → 2026-09-17) 48273 bytes
2026-09-13 09:37:50,324 [INFO] [OK] USA/ECM_ENSEMBLE_Wheat_Winter_PRCP/cumulative dia 05 (2026-09-13 → 2026-09-18) 49456 bytes
2026-09-13 09:37:50,950 [INFO] [OK] USA/ECM_ENSEMBLE_Wheat_Winter_PRCP/cumulative dia 06 (2026-09-13 → 2026-09-19) 50245 bytes
2026-09-13 09:37:51,308 [INFO] [OK] USA/ECM_ENSEMBLE_Wheat_Winter_PRCP/cumulative dia 07 (2026-09-13 → 2026-09-20) 50910 bytes
2026-09-13 09:37:52,037 [INFO] [OK] USA/ECM_ENSEMBLE_Wheat_Winter_PRCP/cumulative dia 08 (2026-09-13 → 2026-09-21) 51499 bytes
2026-09-13 09:37:52,182 [INFO] [OK] USA/ECM_ENSEMBLE_Wheat_Winter_PRCP/cumulative dia 09 (2026-09-13 → 2026-09-22) 51663 bytes
2026-09-13 09:37:52,615 [INFO] [OK] USA/ECM_ENSEMBLE_Wheat_Winter_PRCP/cumulative dia 10 (2026-09-13 → 2026-09-23) 52762 bytes
2026-09-13 09:37:53,108 [INFO] [OK] USA/ECM_ENSEMBLE_Wheat_Winter_PRCP/cumulative dia 11 (2026-09-13 → 2026-09-24) 52992 bytes
2026-09-13 09:37:53,740 [INFO] [OK] USA/ECM_ENSEMBLE_Wheat_Winter_PRCP/cumulative dia 12 (2026-09-13 → 2026-09-25) 52993 bytes
2026-09-13 09:37:53,834 [INFO] [OK] USA/ECM_ENSEMBLE_Wheat_Spring_PRCP_DEP/daily dia 00 (2026-09-13 → 2026-09-13) 54016 bytes
2026-09-13 09:37:54,187 [INFO] [OK] USA/ECM_ENSEMBLE_Wheat_Winter_PRCP/cumulative dia 13 (2026-09-13 → 2026-09-26) 53352 bytes
2026-09-13 09:37:54,274 [INFO] [OK] USA/ECM_ENSEMBLE_Wheat_Spring_PRCP_DEP/daily dia 01 (2026-09-14 → 2026-09-14) 49369 bytes
2026-09-13 09:37:54,742 [INFO] [OK] USA/ECM_ENSEMBLE_Wheat_Spring_PRCP_DEP/daily dia 02 (2026-09-15 → 2026-09-15) 47317 bytes
2026-09-13 09:37:54,939 [INFO] [OK] USA/ECM_ENSEMBLE_Wheat_Winter_PRCP/cumulative dia 14 (2026-09-13 → 2026-09-27) 53348 bytes
2026-09-13 09:37:55,396 [INFO] [OK] USA/ECM_ENSEMBLE_Wheat_Spring_PRCP_DEP/daily dia 03 (2026-09-16 → 2026-09-16) 52292 bytes
2026-09-13 09:37:55,620 [INFO] [OK] USA/ECM_ENSEMBLE_Wheat_Spring_PRCP_DEP/daily dia 04 (2026-09-17 → 2026-09-17) 51749 bytes
2026-09-13 09:37:55,837 [INFO] [OK] USA/ECM_ENSEMBLE_Wheat_Spring_PRCP_DEP/daily dia 05 (2026-09-18 → 2026-09-18) 52717 bytes
2026-09-13 09:37:55,914 [INFO] [OK] USA/ECM_ENSEMBLE_Wheat_Spring_PRCP_DEP/daily dia 06 (2026-09-19 → 2026-09-19) 54422 bytes
2026-09-13 09:37:56,449 [INFO] [OK] USA/ECM_ENSEMBLE_Wheat_Spring_PRCP_DEP/daily dia 07 (2026-09-20 → 2026-09-20) 57264 bytes
2026-09-13 09:37:56,775 [INFO] [OK] USA/ECM_ENSEMBLE_Wheat_Spring_PRCP_DEP/daily dia 08 (2026-09-21 → 2026-09-21) 56381 bytes
2026-09-13 09:37:57,064 [INFO] [OK] USA/ECM_ENSEMBLE_Wheat_Spring_PRCP_DEP/daily dia 09 (2026-09-22 → 2026-09-22) 57364 bytes
2026-09-13 09:37:57,220 [INFO] [OK] USA/ECM_ENSEMBLE_Wheat_Spring_PRCP_DEP/daily dia 10 (2026-09-23 → 2026-09-23) 57499 bytes
2026-09-13 09:37:57,525 [INFO] [OK] USA/ECM_ENSEMBLE_Wheat_Spring_PRCP_DEP/daily dia 11 (2026-09-24 → 2026-09-24) 58495 bytes
2026-09-13 09:37:57,666 [INFO] [OK] USA/ECM_ENSEMBLE_Wheat_Spring_PRCP_DEP/daily dia 12 (2026-09-25 → 2026-09-25) 58256 bytes
2026-09-13 09:37:58,096 [INFO] [OK] USA/ECM_ENSEMBLE_Wheat_Spring_PRCP_DEP/daily dia 13 (2026-09-26 → 2026-09-26) 59575 bytes
2026-09-13 09:37:58,403 [INFO] [OK] USA/ECM_ENSEMBLE_Wheat_Spring_PRCP_DEP/daily dia 14 (2026-09-27 → 2026-09-27) 56459 bytes
2026-09-13 09:37:58,696 [INFO] [OK] USA/ECM_ENSEMBLE_Wheat_Spring_PRCP_DEP/cumulative dia 00 (2026-09-13 → 2026-09-13) 54016 bytes
2026-09-13 09:37:58,966 [INFO] [OK] USA/ECM_ENSEMBLE_Wheat_Spring_PRCP_DEP/cumulative dia 01 (2026-09-13 → 2026-09-14) 54007 bytes
2026-09-13 09:37:59,365 [INFO] [OK] USA/ECM_ENSEMBLE_Wheat_Spring_PRCP_DEP/cumulative dia 02 (2026-09-13 → 2026-09-15) 54171 bytes
2026-09-13 09:37:59,532 [INFO] [OK] USA/ECM_ENSEMBLE_Wheat_Spring_PRCP_DEP/cumulative dia 03 (2026-09-13 → 2026-09-16) 54136 bytes
2026-09-13 09:38:00,092 [INFO] [OK] USA/ECM_ENSEMBLE_Wheat_Spring_PRCP_DEP/cumulative dia 04 (2026-09-13 → 2026-09-17) 53811 bytes
2026-09-13 09:38:00,548 [INFO] [OK] USA/ECM_ENSEMBLE_Wheat_Spring_PRCP_DEP/cumulative dia 05 (2026-09-13 → 2026-09-18) 53342 bytes
2026-09-13 09:38:00,975 [INFO] [OK] USA/ECM_ENSEMBLE_Wheat_Spring_PRCP_DEP/cumulative dia 06 (2026-09-13 → 2026-09-19) 53551 bytes
2026-09-13 09:38:01,412 [INFO] [OK] USA/ECM_ENSEMBLE_Wheat_Spring_PRCP_DEP/cumulative dia 07 (2026-09-13 → 2026-09-20) 54651 bytes
2026-09-13 09:38:01,840 [INFO] [OK] USA/ECM_ENSEMBLE_Wheat_Spring_PRCP_DEP/cumulative dia 08 (2026-09-13 → 2026-09-21) 55898 bytes
2026-09-13 09:38:02,107 [INFO] [OK] USA/ECM_ENSEMBLE_Wheat_Spring_PRCP_DEP/cumulative dia 09 (2026-09-13 → 2026-09-22) 56932 bytes
2026-09-13 09:38:02,910 [INFO] [OK] USA/ECM_ENSEMBLE_Wheat_Spring_PRCP_DEP/cumulative dia 10 (2026-09-13 → 2026-09-23) 56912 bytes
2026-09-13 09:38:03,376 [INFO] [OK] USA/ECM_ENSEMBLE_Wheat_Spring_PRCP_DEP/cumulative dia 11 (2026-09-13 → 2026-09-24) 57078 bytes
2026-09-13 09:38:03,691 [INFO] [OK] USA/ECM_ENSEMBLE_Wheat_Spring_PRCP/daily dia 00 (2026-09-13 → 2026-09-13) 36235 bytes
2026-09-13 09:38:03,883 [INFO] [OK] USA/ECM_ENSEMBLE_Wheat_Spring_PRCP_DEP/cumulative dia 12 (2026-09-13 → 2026-09-25) 57305 bytes
2026-09-13 09:38:04,395 [INFO] [OK] USA/ECM_ENSEMBLE_Wheat_Spring_PRCP_DEP/cumulative dia 13 (2026-09-13 → 2026-09-26) 57059 bytes
2026-09-13 09:38:04,494 [INFO] [OK] USA/ECM_ENSEMBLE_Wheat_Spring_PRCP/daily dia 01 (2026-09-14 → 2026-09-14) 36653 bytes
2026-09-13 09:38:04,940 [INFO] [OK] USA/ECM_ENSEMBLE_Wheat_Spring_PRCP_DEP/cumulative dia 14 (2026-09-13 → 2026-09-27) 57153 bytes
2026-09-13 09:38:04,945 [INFO] [OK] USA/ECM_ENSEMBLE_Wheat_Spring_PRCP/daily dia 02 (2026-09-15 → 2026-09-15) 35269 bytes
2026-09-13 09:38:05,252 [INFO] [OK] USA/ECM_ENSEMBLE_Wheat_Spring_PRCP/daily dia 03 (2026-09-16 → 2026-09-16) 35739 bytes
2026-09-13 09:38:05,420 [INFO] [OK] USA/ECM_ENSEMBLE_Wheat_Spring_PRCP/daily dia 04 (2026-09-17 → 2026-09-17) 34708 bytes
2026-09-13 09:38:05,965 [INFO] [OK] USA/ECM_ENSEMBLE_Wheat_Spring_PRCP/daily dia 05 (2026-09-18 → 2026-09-18) 36202 bytes
2026-09-13 09:38:06,051 [INFO] [OK] USA/ECM_ENSEMBLE_Wheat_Spring_PRCP/daily dia 06 (2026-09-19 → 2026-09-19) 35505 bytes
2026-09-13 09:38:06,513 [INFO] [OK] USA/ECM_ENSEMBLE_Wheat_Spring_PRCP/daily dia 07 (2026-09-20 → 2026-09-20) 34522 bytes
2026-09-13 09:38:06,519 [INFO] [OK] USA/ECM_ENSEMBLE_Wheat_Spring_PRCP/daily dia 08 (2026-09-21 → 2026-09-21) 34135 bytes
2026-09-13 09:38:06,801 [INFO] [OK] USA/ECM_ENSEMBLE_Wheat_Spring_PRCP/daily dia 09 (2026-09-22 → 2026-09-22) 34886 bytes
2026-09-13 09:38:07,001 [INFO] [OK] USA/ECM_ENSEMBLE_Wheat_Spring_PRCP/daily dia 10 (2026-09-23 → 2026-09-23) 34328 bytes
2026-09-13 09:38:07,555 [INFO] [OK] USA/ECM_ENSEMBLE_Wheat_Spring_PRCP/daily dia 11 (2026-09-24 → 2026-09-24) 34524 bytes
2026-09-13 09:38:07,597 [INFO] [OK] USA/ECM_ENSEMBLE_Wheat_Spring_PRCP/daily dia 12 (2026-09-25 → 2026-09-25) 34511 bytes
2026-09-13 09:38:08,062 [INFO] [OK] USA/ECM_ENSEMBLE_Wheat_Spring_PRCP/daily dia 13 (2026-09-26 → 2026-09-26) 34761 bytes
2026-09-13 09:38:08,078 [INFO] [OK] USA/ECM_ENSEMBLE_Wheat_Spring_PRCP/daily dia 14 (2026-09-27 → 2026-09-27) 33203 bytes
2026-09-13 09:38:08,366 [INFO] [OK] USA/ECM_ENSEMBLE_Wheat_Spring_PRCP/cumulative dia 00 (2026-09-13 → 2026-09-13) 36235 bytes
2026-09-13 09:38:08,654 [INFO] [OK] USA/ECM_ENSEMBLE_Wheat_Spring_PRCP/cumulative dia 01 (2026-09-13 → 2026-09-14) 40398 bytes
2026-09-13 09:38:09,264 [INFO] [OK] USA/ECM_ENSEMBLE_Wheat_Spring_PRCP/cumulative dia 02 (2026-09-13 → 2026-09-15) 42008 bytes
2026-09-13 09:38:09,434 [INFO] [OK] USA/ECM_ENSEMBLE_Wheat_Spring_PRCP/cumulative dia 03 (2026-09-13 → 2026-09-16) 42998 bytes
2026-09-13 09:38:10,091 [INFO] [OK] USA/ECM_ENSEMBLE_Wheat_Spring_PRCP/cumulative dia 04 (2026-09-13 → 2026-09-17) 44700 bytes
2026-09-13 09:38:10,180 [INFO] [OK] USA/ECM_ENSEMBLE_Wheat_Spring_PRCP/cumulative dia 05 (2026-09-13 → 2026-09-18) 45875 bytes
2026-09-13 09:38:10,566 [INFO] [OK] USA/ECM_ENSEMBLE_Wheat_Spring_PRCP/cumulative dia 06 (2026-09-13 → 2026-09-19) 46697 bytes
2026-09-13 09:38:10,888 [INFO] [OK] USA/ECM_ENSEMBLE_Wheat_Spring_PRCP/cumulative dia 07 (2026-09-13 → 2026-09-20) 47178 bytes
2026-09-13 09:38:11,649 [INFO] [OK] USA/ECM_ENSEMBLE_Wheat_Spring_PRCP/cumulative dia 08 (2026-09-13 → 2026-09-21) 47751 bytes
2026-09-13 09:38:11,942 [INFO] [OK] USA/ECM_ENSEMBLE_Wheat_Spring_PRCP/cumulative dia 09 (2026-09-13 → 2026-09-22) 47979 bytes
2026-09-13 09:38:12,686 [INFO] [OK] USA/ECM_ENSEMBLE_Wheat_Spring_PRCP/cumulative dia 10 (2026-09-13 → 2026-09-23) 48567 bytes
2026-09-13 09:38:12,907 [INFO] [OK] USA/ECM_ENSEMBLE_Wheat_Spring_PRCP/cumulative dia 11 (2026-09-13 → 2026-09-24) 49006 bytes
2026-09-13 09:38:13,420 [INFO] [OK] USA/ECM_ENSEMBLE_Wheat_Spring_PRCP/cumulative dia 12 (2026-09-13 → 2026-09-25) 48940 bytes
2026-09-13 09:38:13,756 [INFO] [OK] USA/ECM_ENSEMBLE_Wheat_Spring_PRCP/cumulative dia 13 (2026-09-13 → 2026-09-26) 49141 bytes
2026-09-13 09:38:14,562 [INFO] [OK] USA/ECM_ENSEMBLE_Wheat_Spring_PRCP/cumulative dia 14 (2026-09-13 → 2026-09-27) 49153 bytes
2026-09-13 09:38:14,564 [INFO] Resumo: 960/960 sucessos, 0 erros
2026-09-13 09:38:23,358 [INFO] [CLEANUP] Removidas 908 pastas de histórico anteriores a 2026-08-14
2026-09-13 09:38:23,372 [INFO] Manifest: C:\Users\server\OneDrive - CGB Enterprises, Inc\ZGC-PBI Research - Documents\Dataset Data Files\Weather_maps\manifest.json
2026-09-13 09:38:23,373 [INFO] [GIT] Iniciando sincronização com GitHub...
