2026-08-21 09:33:22,699 [INFO] === Execução 2026-08-21 | modo=both | dias=15 | parâmetro=['PRCP_DEP', 'PRCP'] ===
2026-08-21 09:33:23,146 [INFO] Baixando 960 mapas com 6 threads...
2026-08-21 09:33:29,696 [INFO] [OK] Brazil/GFS_ENSEMBLE_Soy_PRCP_DEP/daily dia 04 (2026-08-25 → 2026-08-25) 39962 bytes
2026-08-21 09:33:29,697 [INFO] [OK] Brazil/GFS_ENSEMBLE_Soy_PRCP_DEP/daily dia 01 (2026-08-22 → 2026-08-22) 32406 bytes
2026-08-21 09:33:29,698 [INFO] [OK] Brazil/GFS_ENSEMBLE_Soy_PRCP_DEP/daily dia 00 (2026-08-21 → 2026-08-21) 31890 bytes
2026-08-21 09:33:29,923 [INFO] [OK] Brazil/GFS_ENSEMBLE_Soy_PRCP_DEP/daily dia 02 (2026-08-23 → 2026-08-23) 35757 bytes
2026-08-21 09:33:30,015 [INFO] [OK] Brazil/GFS_ENSEMBLE_Soy_PRCP_DEP/daily dia 03 (2026-08-24 → 2026-08-24) 38093 bytes
2026-08-21 09:33:30,016 [INFO] [OK] Brazil/GFS_ENSEMBLE_Soy_PRCP_DEP/daily dia 05 (2026-08-26 → 2026-08-26) 40688 bytes
2026-08-21 09:33:32,296 [INFO] [OK] Brazil/GFS_ENSEMBLE_Soy_PRCP_DEP/daily dia 09 (2026-08-30 → 2026-08-30) 45383 bytes
2026-08-21 09:33:32,298 [INFO] [OK] Brazil/GFS_ENSEMBLE_Soy_PRCP_DEP/daily dia 08 (2026-08-29 → 2026-08-29) 43698 bytes
2026-08-21 09:33:32,301 [INFO] [OK] Brazil/GFS_ENSEMBLE_Soy_PRCP_DEP/daily dia 10 (2026-08-31 → 2026-08-31) 44074 bytes
2026-08-21 09:33:32,301 [INFO] [OK] Brazil/GFS_ENSEMBLE_Soy_PRCP_DEP/daily dia 07 (2026-08-28 → 2026-08-28) 42547 bytes
2026-08-21 09:33:32,303 [INFO] [OK] Brazil/GFS_ENSEMBLE_Soy_PRCP_DEP/daily dia 11 (2026-09-01 → 2026-09-01) 45598 bytes
2026-08-21 09:33:32,304 [INFO] [OK] Brazil/GFS_ENSEMBLE_Soy_PRCP_DEP/daily dia 06 (2026-08-27 → 2026-08-27) 41661 bytes
2026-08-21 09:33:33,912 [INFO] [OK] Brazil/GFS_ENSEMBLE_Soy_PRCP_DEP/daily dia 12 (2026-09-02 → 2026-09-02) 46225 bytes
2026-08-21 09:33:34,018 [INFO] [OK] Brazil/GFS_ENSEMBLE_Soy_PRCP_DEP/cumulative dia 00 (2026-08-21 → 2026-08-21) 31890 bytes
2026-08-21 09:33:34,034 [INFO] [OK] Brazil/GFS_ENSEMBLE_Soy_PRCP_DEP/daily dia 13 (2026-09-03 → 2026-09-03) 47379 bytes
2026-08-21 09:33:34,047 [INFO] [OK] Brazil/GFS_ENSEMBLE_Soy_PRCP_DEP/cumulative dia 02 (2026-08-21 → 2026-08-23) 34430 bytes
2026-08-21 09:33:34,201 [INFO] [OK] Brazil/GFS_ENSEMBLE_Soy_PRCP_DEP/cumulative dia 01 (2026-08-21 → 2026-08-22) 32533 bytes
2026-08-21 09:33:34,255 [INFO] [OK] Brazil/GFS_ENSEMBLE_Soy_PRCP_DEP/daily dia 14 (2026-09-04 → 2026-09-04) 48664 bytes
2026-08-21 09:33:35,821 [INFO] [OK] Brazil/GFS_ENSEMBLE_Soy_PRCP_DEP/cumulative dia 03 (2026-08-21 → 2026-08-24) 36523 bytes
2026-08-21 09:33:36,424 [INFO] [OK] Brazil/GFS_ENSEMBLE_Soy_PRCP_DEP/cumulative dia 04 (2026-08-21 → 2026-08-25) 38762 bytes
2026-08-21 09:33:36,539 [INFO] [OK] Brazil/GFS_ENSEMBLE_Soy_PRCP_DEP/cumulative dia 05 (2026-08-21 → 2026-08-26) 40375 bytes
2026-08-21 09:33:36,542 [INFO] [OK] Brazil/GFS_ENSEMBLE_Soy_PRCP_DEP/cumulative dia 06 (2026-08-21 → 2026-08-27) 41468 bytes
2026-08-21 09:33:36,975 [INFO] [OK] Brazil/GFS_ENSEMBLE_Soy_PRCP_DEP/cumulative dia 08 (2026-08-21 → 2026-08-29) 43163 bytes
2026-08-21 09:33:37,158 [INFO] [OK] Brazil/GFS_ENSEMBLE_Soy_PRCP_DEP/cumulative dia 07 (2026-08-21 → 2026-08-28) 42746 bytes
2026-08-21 09:33:39,507 [INFO] [OK] Brazil/GFS_ENSEMBLE_Soy_PRCP_DEP/cumulative dia 09 (2026-08-21 → 2026-08-30) 44963 bytes
2026-08-21 09:33:40,208 [INFO] [OK] Brazil/GFS_ENSEMBLE_Soy_PRCP_DEP/cumulative dia 10 (2026-08-21 → 2026-08-31) 46649 bytes
2026-08-21 09:33:40,955 [INFO] [OK] Brazil/GFS_ENSEMBLE_Soy_PRCP/daily dia 00 (2026-08-21 → 2026-08-21) 28118 bytes
2026-08-21 09:33:41,164 [INFO] [OK] Brazil/GFS_ENSEMBLE_Soy_PRCP_DEP/cumulative dia 14 (2026-08-21 → 2026-09-04) 47573 bytes
2026-08-21 09:33:41,556 [INFO] [OK] Brazil/GFS_ENSEMBLE_Soy_PRCP_DEP/cumulative dia 13 (2026-08-21 → 2026-09-03) 47073 bytes
2026-08-21 09:33:41,606 [INFO] [OK] Brazil/GFS_ENSEMBLE_Soy_PRCP/daily dia 01 (2026-08-22 → 2026-08-22) 28149 bytes
2026-08-21 09:33:41,817 [INFO] [OK] Brazil/GFS_ENSEMBLE_Soy_PRCP_DEP/cumulative dia 12 (2026-08-21 → 2026-09-02) 47046 bytes
2026-08-21 09:33:41,817 [INFO] [OK] Brazil/GFS_ENSEMBLE_Soy_PRCP_DEP/cumulative dia 11 (2026-08-21 → 2026-09-01) 46826 bytes
2026-08-21 09:33:42,441 [INFO] [OK] Brazil/GFS_ENSEMBLE_Soy_PRCP/daily dia 02 (2026-08-23 → 2026-08-23) 28959 bytes
2026-08-21 09:33:42,505 [INFO] [OK] Brazil/GFS_ENSEMBLE_Soy_PRCP/daily dia 03 (2026-08-24 → 2026-08-24) 29350 bytes
2026-08-21 09:33:43,767 [INFO] [OK] Brazil/GFS_ENSEMBLE_Soy_PRCP/daily dia 04 (2026-08-25 → 2026-08-25) 29436 bytes
2026-08-21 09:33:43,875 [INFO] [OK] Brazil/GFS_ENSEMBLE_Soy_PRCP/daily dia 08 (2026-08-29 → 2026-08-29) 29540 bytes
2026-08-21 09:33:43,885 [INFO] [OK] Brazil/GFS_ENSEMBLE_Soy_PRCP/daily dia 05 (2026-08-26 → 2026-08-26) 29358 bytes
2026-08-21 09:33:43,900 [INFO] [OK] Brazil/GFS_ENSEMBLE_Soy_PRCP/daily dia 06 (2026-08-27 → 2026-08-27) 29194 bytes
2026-08-21 09:33:43,903 [INFO] [OK] Brazil/GFS_ENSEMBLE_Soy_PRCP/daily dia 09 (2026-08-30 → 2026-08-30) 30475 bytes
2026-08-21 09:33:43,905 [INFO] [OK] Brazil/GFS_ENSEMBLE_Soy_PRCP/daily dia 07 (2026-08-28 → 2026-08-28) 29729 bytes
2026-08-21 09:33:45,378 [INFO] [OK] Brazil/GFS_ENSEMBLE_Soy_PRCP/daily dia 11 (2026-09-01 → 2026-09-01) 30501 bytes
2026-08-21 09:33:45,897 [INFO] [OK] Brazil/GFS_ENSEMBLE_Soy_PRCP/daily dia 14 (2026-09-04 → 2026-09-04) 30250 bytes
2026-08-21 09:33:45,963 [INFO] [OK] Brazil/GFS_ENSEMBLE_Soy_PRCP/daily dia 13 (2026-09-03 → 2026-09-03) 29537 bytes
2026-08-21 09:33:45,972 [INFO] [OK] Brazil/GFS_ENSEMBLE_Soy_PRCP/daily dia 10 (2026-08-31 → 2026-08-31) 30661 bytes
2026-08-21 09:33:46,026 [INFO] [OK] Brazil/GFS_ENSEMBLE_Soy_PRCP/daily dia 12 (2026-09-02 → 2026-09-02) 29675 bytes
2026-08-21 09:33:46,136 [INFO] [OK] Brazil/GFS_ENSEMBLE_Soy_PRCP/cumulative dia 00 (2026-08-21 → 2026-08-21) 28118 bytes
2026-08-21 09:33:46,792 [INFO] [OK] Brazil/GFS_ENSEMBLE_Soy_PRCP/cumulative dia 01 (2026-08-21 → 2026-08-22) 28788 bytes
2026-08-21 09:33:47,373 [INFO] [OK] Brazil/GFS_ENSEMBLE_Soy_PRCP/cumulative dia 02 (2026-08-21 → 2026-08-23) 30050 bytes
2026-08-21 09:33:47,569 [INFO] [OK] Brazil/GFS_ENSEMBLE_Soy_PRCP/cumulative dia 03 (2026-08-21 → 2026-08-24) 31468 bytes
2026-08-21 09:33:47,658 [INFO] [OK] Brazil/GFS_ENSEMBLE_Soy_PRCP/cumulative dia 04 (2026-08-21 → 2026-08-25) 33084 bytes
2026-08-21 09:33:47,860 [INFO] [OK] Brazil/GFS_ENSEMBLE_Soy_PRCP/cumulative dia 05 (2026-08-21 → 2026-08-26) 34192 bytes
2026-08-21 09:33:47,889 [INFO] [OK] Brazil/GFS_ENSEMBLE_Soy_PRCP/cumulative dia 06 (2026-08-21 → 2026-08-27) 35186 bytes
2026-08-21 09:33:48,707 [INFO] [OK] Brazil/GFS_ENSEMBLE_Soy_PRCP/cumulative dia 07 (2026-08-21 → 2026-08-28) 35900 bytes
2026-08-21 09:33:49,435 [INFO] [OK] Brazil/GFS_ENSEMBLE_Soy_PRCP/cumulative dia 08 (2026-08-21 → 2026-08-29) 36703 bytes
2026-08-21 09:33:49,675 [INFO] [OK] Brazil/GFS_ENSEMBLE_Soy_PRCP/cumulative dia 09 (2026-08-21 → 2026-08-30) 37707 bytes
2026-08-21 09:33:49,987 [INFO] [OK] Brazil/GFS_ENSEMBLE_Soy_PRCP/cumulative dia 10 (2026-08-21 → 2026-08-31) 38644 bytes
2026-08-21 09:33:50,276 [INFO] [OK] Brazil/GFS_ENSEMBLE_Soy_PRCP/cumulative dia 11 (2026-08-21 → 2026-09-01) 39566 bytes
2026-08-21 09:33:50,277 [INFO] [OK] Brazil/GFS_ENSEMBLE_Soy_PRCP/cumulative dia 12 (2026-08-21 → 2026-09-02) 40488 bytes
2026-08-21 09:33:51,040 [INFO] [OK] Brazil/GFS_ENSEMBLE_Corn_Winter_PRCP_DEP/daily dia 00 (2026-08-21 → 2026-08-21) 30317 bytes
2026-08-21 09:33:51,162 [INFO] [OK] Brazil/GFS_ENSEMBLE_Soy_PRCP/cumulative dia 13 (2026-08-21 → 2026-09-03) 40551 bytes
2026-08-21 09:33:51,534 [INFO] [OK] Brazil/GFS_ENSEMBLE_Corn_Winter_PRCP_DEP/daily dia 01 (2026-08-22 → 2026-08-22) 30820 bytes
2026-08-21 09:33:51,692 [INFO] [OK] Brazil/GFS_ENSEMBLE_Corn_Winter_PRCP_DEP/daily dia 03 (2026-08-24 → 2026-08-24) 36518 bytes
2026-08-21 09:33:51,739 [INFO] [OK] Brazil/GFS_ENSEMBLE_Corn_Winter_PRCP_DEP/daily dia 02 (2026-08-23 → 2026-08-23) 34283 bytes
2026-08-21 09:33:52,033 [INFO] [OK] Brazil/GFS_ENSEMBLE_Soy_PRCP/cumulative dia 14 (2026-08-21 → 2026-09-04) 41100 bytes
2026-08-21 09:33:52,468 [INFO] [OK] Brazil/GFS_ENSEMBLE_Corn_Winter_PRCP_DEP/daily dia 04 (2026-08-25 → 2026-08-25) 38486 bytes
2026-08-21 09:33:52,719 [INFO] [OK] Brazil/GFS_ENSEMBLE_Corn_Winter_PRCP_DEP/daily dia 05 (2026-08-26 → 2026-08-26) 39204 bytes
2026-08-21 09:33:53,044 [INFO] [OK] Brazil/GFS_ENSEMBLE_Corn_Winter_PRCP_DEP/daily dia 06 (2026-08-27 → 2026-08-27) 39681 bytes
2026-08-21 09:33:53,100 [INFO] [OK] Brazil/GFS_ENSEMBLE_Corn_Winter_PRCP_DEP/daily dia 08 (2026-08-29 → 2026-08-29) 42166 bytes
2026-08-21 09:33:53,201 [INFO] [OK] Brazil/GFS_ENSEMBLE_Corn_Winter_PRCP_DEP/daily dia 07 (2026-08-28 → 2026-08-28) 40926 bytes
2026-08-21 09:33:53,468 [INFO] [OK] Brazil/GFS_ENSEMBLE_Corn_Winter_PRCP_DEP/daily dia 09 (2026-08-30 → 2026-08-30) 43918 bytes
2026-08-21 09:33:53,855 [INFO] [OK] Brazil/GFS_ENSEMBLE_Corn_Winter_PRCP_DEP/daily dia 10 (2026-08-31 → 2026-08-31) 42707 bytes
2026-08-21 09:33:54,093 [INFO] [OK] Brazil/GFS_ENSEMBLE_Corn_Winter_PRCP_DEP/daily dia 11 (2026-09-01 → 2026-09-01) 44305 bytes
2026-08-21 09:33:54,763 [INFO] [OK] Brazil/GFS_ENSEMBLE_Corn_Winter_PRCP_DEP/daily dia 12 (2026-09-02 → 2026-09-02) 44657 bytes
2026-08-21 09:33:54,798 [INFO] [OK] Brazil/GFS_ENSEMBLE_Corn_Winter_PRCP_DEP/daily dia 14 (2026-09-04 → 2026-09-04) 47407 bytes
2026-08-21 09:33:54,799 [INFO] [OK] Brazil/GFS_ENSEMBLE_Corn_Winter_PRCP_DEP/daily dia 13 (2026-09-03 → 2026-09-03) 45724 bytes
2026-08-21 09:33:55,082 [INFO] [OK] Brazil/GFS_ENSEMBLE_Corn_Winter_PRCP_DEP/cumulative dia 00 (2026-08-21 → 2026-08-21) 30317 bytes
2026-08-21 09:33:55,452 [INFO] [OK] Brazil/GFS_ENSEMBLE_Corn_Winter_PRCP_DEP/cumulative dia 01 (2026-08-21 → 2026-08-22) 30994 bytes
2026-08-21 09:33:56,138 [INFO] [OK] Brazil/GFS_ENSEMBLE_Corn_Winter_PRCP_DEP/cumulative dia 02 (2026-08-21 → 2026-08-23) 33157 bytes
2026-08-21 09:33:56,862 [INFO] [OK] Brazil/GFS_ENSEMBLE_Corn_Winter_PRCP_DEP/cumulative dia 03 (2026-08-21 → 2026-08-24) 34995 bytes
2026-08-21 09:33:57,156 [INFO] [OK] Brazil/GFS_ENSEMBLE_Corn_Winter_PRCP_DEP/cumulative dia 04 (2026-08-21 → 2026-08-25) 37311 bytes
2026-08-21 09:33:57,294 [INFO] [OK] Brazil/GFS_ENSEMBLE_Corn_Winter_PRCP_DEP/cumulative dia 05 (2026-08-21 → 2026-08-26) 39075 bytes
2026-08-21 09:33:58,638 [INFO] [OK] Brazil/GFS_ENSEMBLE_Corn_Winter_PRCP_DEP/cumulative dia 06 (2026-08-21 → 2026-08-27) 39949 bytes
2026-08-21 09:33:58,645 [INFO] [OK] Brazil/GFS_ENSEMBLE_Corn_Winter_PRCP_DEP/cumulative dia 07 (2026-08-21 → 2026-08-28) 41131 bytes
2026-08-21 09:33:58,647 [INFO] [OK] Brazil/GFS_ENSEMBLE_Corn_Winter_PRCP_DEP/cumulative dia 08 (2026-08-21 → 2026-08-29) 41683 bytes
2026-08-21 09:33:59,120 [INFO] [OK] Brazil/GFS_ENSEMBLE_Corn_Winter_PRCP_DEP/cumulative dia 09 (2026-08-21 → 2026-08-30) 43431 bytes
2026-08-21 09:33:59,530 [INFO] [OK] Brazil/GFS_ENSEMBLE_Corn_Winter_PRCP_DEP/cumulative dia 10 (2026-08-21 → 2026-08-31) 44920 bytes
2026-08-21 09:33:59,531 [INFO] [OK] Brazil/GFS_ENSEMBLE_Corn_Winter_PRCP_DEP/cumulative dia 11 (2026-08-21 → 2026-09-01) 45071 bytes
2026-08-21 09:34:00,487 [INFO] [OK] Brazil/GFS_ENSEMBLE_Corn_Winter_PRCP/daily dia 00 (2026-08-21 → 2026-08-21) 26550 bytes
2026-08-21 09:34:01,051 [INFO] [OK] Brazil/GFS_ENSEMBLE_Corn_Winter_PRCP/daily dia 02 (2026-08-23 → 2026-08-23) 27490 bytes
2026-08-21 09:34:01,594 [INFO] [OK] Brazil/GFS_ENSEMBLE_Corn_Winter_PRCP/daily dia 01 (2026-08-22 → 2026-08-22) 26601 bytes
2026-08-21 09:34:01,811 [INFO] [OK] Brazil/GFS_ENSEMBLE_Corn_Winter_PRCP_DEP/cumulative dia 13 (2026-08-21 → 2026-09-03) 45437 bytes
2026-08-21 09:34:01,851 [INFO] [OK] Brazil/GFS_ENSEMBLE_Corn_Winter_PRCP_DEP/cumulative dia 14 (2026-08-21 → 2026-09-04) 46029 bytes
2026-08-21 09:34:01,866 [INFO] [OK] Brazil/GFS_ENSEMBLE_Corn_Winter_PRCP_DEP/cumulative dia 12 (2026-08-21 → 2026-09-02) 45372 bytes
2026-08-21 09:34:01,906 [INFO] [OK] Brazil/GFS_ENSEMBLE_Corn_Winter_PRCP/daily dia 03 (2026-08-24 → 2026-08-24) 27903 bytes
2026-08-21 09:34:03,351 [INFO] [OK] Brazil/GFS_ENSEMBLE_Corn_Winter_PRCP/daily dia 07 (2026-08-28 → 2026-08-28) 27997 bytes
2026-08-21 09:34:03,358 [INFO] [OK] Brazil/GFS_ENSEMBLE_Corn_Winter_PRCP/daily dia 04 (2026-08-25 → 2026-08-25) 27878 bytes
2026-08-21 09:34:03,385 [INFO] [OK] Brazil/GFS_ENSEMBLE_Corn_Winter_PRCP/daily dia 09 (2026-08-30 → 2026-08-30) 28902 bytes
2026-08-21 09:34:03,388 [INFO] [OK] Brazil/GFS_ENSEMBLE_Corn_Winter_PRCP/daily dia 08 (2026-08-29 → 2026-08-29) 27922 bytes
2026-08-21 09:34:03,583 [INFO] [OK] Brazil/GFS_ENSEMBLE_Corn_Winter_PRCP/daily dia 06 (2026-08-27 → 2026-08-27) 27479 bytes
2026-08-21 09:34:03,588 [INFO] [OK] Brazil/GFS_ENSEMBLE_Corn_Winter_PRCP/daily dia 05 (2026-08-26 → 2026-08-26) 27686 bytes
2026-08-21 09:34:04,937 [INFO] [OK] Brazil/GFS_ENSEMBLE_Corn_Winter_PRCP/daily dia 13 (2026-09-03 → 2026-09-03) 28078 bytes
2026-08-21 09:34:04,953 [INFO] [OK] Brazil/GFS_ENSEMBLE_Corn_Winter_PRCP/daily dia 11 (2026-09-01 → 2026-09-01) 28796 bytes
2026-08-21 09:34:05,093 [INFO] [OK] Brazil/GFS_ENSEMBLE_Corn_Winter_PRCP/cumulative dia 00 (2026-08-21 → 2026-08-21) 26550 bytes
2026-08-21 09:34:05,306 [INFO] [OK] Brazil/GFS_ENSEMBLE_Corn_Winter_PRCP/daily dia 10 (2026-08-31 → 2026-08-31) 29056 bytes
2026-08-21 09:34:05,384 [INFO] [OK] Brazil/GFS_ENSEMBLE_Corn_Winter_PRCP/daily dia 14 (2026-09-04 → 2026-09-04) 28682 bytes
2026-08-21 09:34:05,475 [INFO] [OK] Brazil/GFS_ENSEMBLE_Corn_Winter_PRCP/daily dia 12 (2026-09-02 → 2026-09-02) 28163 bytes
2026-08-21 09:34:06,453 [INFO] [OK] Brazil/GFS_ENSEMBLE_Corn_Winter_PRCP/cumulative dia 02 (2026-08-21 → 2026-08-23) 28593 bytes
2026-08-21 09:34:06,463 [INFO] [OK] Brazil/GFS_ENSEMBLE_Corn_Winter_PRCP/cumulative dia 01 (2026-08-21 → 2026-08-22) 27240 bytes
2026-08-21 09:34:06,717 [INFO] [OK] Brazil/GFS_ENSEMBLE_Corn_Winter_PRCP/cumulative dia 03 (2026-08-21 → 2026-08-24) 30014 bytes
2026-08-21 09:34:07,174 [INFO] [OK] Brazil/GFS_ENSEMBLE_Corn_Winter_PRCP/cumulative dia 05 (2026-08-21 → 2026-08-26) 32562 bytes
2026-08-21 09:34:07,314 [INFO] [OK] Brazil/GFS_ENSEMBLE_Corn_Winter_PRCP/cumulative dia 04 (2026-08-21 → 2026-08-25) 31549 bytes
2026-08-21 09:34:07,760 [INFO] [OK] Brazil/GFS_ENSEMBLE_Corn_Winter_PRCP/cumulative dia 06 (2026-08-21 → 2026-08-27) 33478 bytes
2026-08-21 09:34:08,393 [INFO] [OK] Brazil/GFS_ENSEMBLE_Corn_Winter_PRCP/cumulative dia 07 (2026-08-21 → 2026-08-28) 34283 bytes
2026-08-21 09:34:08,449 [INFO] [OK] Brazil/GFS_ENSEMBLE_Corn_Winter_PRCP/cumulative dia 08 (2026-08-21 → 2026-08-29) 35153 bytes
2026-08-21 09:34:08,839 [INFO] [OK] Brazil/GFS_ENSEMBLE_Corn_Winter_PRCP/cumulative dia 09 (2026-08-21 → 2026-08-30) 36206 bytes
2026-08-21 09:34:09,349 [INFO] [OK] Brazil/GFS_ENSEMBLE_Corn_Winter_PRCP/cumulative dia 10 (2026-08-21 → 2026-08-31) 36999 bytes
2026-08-21 09:34:09,623 [INFO] [OK] Brazil/GFS_ENSEMBLE_Corn_Winter_PRCP/cumulative dia 11 (2026-08-21 → 2026-09-01) 37774 bytes
2026-08-21 09:34:10,131 [INFO] [OK] Brazil/GFS_ENSEMBLE_Corn_Winter_PRCP/cumulative dia 12 (2026-08-21 → 2026-09-02) 38789 bytes
2026-08-21 09:34:10,346 [INFO] [OK] Brazil/ECM_ENSEMBLE_Soy_PRCP_DEP/daily dia 00 (2026-08-21 → 2026-08-21) 37438 bytes
2026-08-21 09:34:10,980 [INFO] [OK] Brazil/ECM_ENSEMBLE_Soy_PRCP_DEP/daily dia 01 (2026-08-22 → 2026-08-22) 35317 bytes
2026-08-21 09:34:11,535 [INFO] [OK] Brazil/ECM_ENSEMBLE_Soy_PRCP_DEP/daily dia 03 (2026-08-24 → 2026-08-24) 44068 bytes
2026-08-21 09:34:11,574 [INFO] [OK] Brazil/GFS_ENSEMBLE_Corn_Winter_PRCP/cumulative dia 13 (2026-08-21 → 2026-09-03) 38994 bytes
2026-08-21 09:34:11,591 [INFO] [OK] Brazil/ECM_ENSEMBLE_Soy_PRCP_DEP/daily dia 02 (2026-08-23 → 2026-08-23) 39735 bytes
2026-08-21 09:34:11,762 [INFO] [OK] Brazil/ECM_ENSEMBLE_Soy_PRCP_DEP/daily dia 04 (2026-08-25 → 2026-08-25) 44021 bytes
2026-08-21 09:34:11,888 [INFO] [OK] Brazil/GFS_ENSEMBLE_Corn_Winter_PRCP/cumulative dia 14 (2026-08-21 → 2026-09-04) 39441 bytes
2026-08-21 09:34:12,396 [INFO] [OK] Brazil/ECM_ENSEMBLE_Soy_PRCP_DEP/daily dia 05 (2026-08-26 → 2026-08-26) 45152 bytes
2026-08-21 09:34:13,274 [INFO] [OK] Brazil/ECM_ENSEMBLE_Soy_PRCP_DEP/daily dia 07 (2026-08-28 → 2026-08-28) 48547 bytes
2026-08-21 09:34:13,292 [INFO] [OK] Brazil/ECM_ENSEMBLE_Soy_PRCP_DEP/daily dia 08 (2026-08-29 → 2026-08-29) 47281 bytes
2026-08-21 09:34:13,294 [INFO] [OK] Brazil/ECM_ENSEMBLE_Soy_PRCP_DEP/daily dia 06 (2026-08-27 → 2026-08-27) 47419 bytes
2026-08-21 09:34:13,324 [INFO] [OK] Brazil/ECM_ENSEMBLE_Soy_PRCP_DEP/daily dia 10 (2026-08-31 → 2026-08-31) 49664 bytes
2026-08-21 09:34:13,380 [INFO] [OK] Brazil/ECM_ENSEMBLE_Soy_PRCP_DEP/daily dia 09 (2026-08-30 → 2026-08-30) 47149 bytes
2026-08-21 09:34:13,846 [INFO] [OK] Brazil/ECM_ENSEMBLE_Soy_PRCP_DEP/daily dia 11 (2026-09-01 → 2026-09-01) 51158 bytes
2026-08-21 09:34:14,945 [INFO] [OK] Brazil/ECM_ENSEMBLE_Soy_PRCP_DEP/daily dia 14 (2026-09-04 → 2026-09-04) 52888 bytes
2026-08-21 09:34:14,996 [INFO] [OK] Brazil/ECM_ENSEMBLE_Soy_PRCP_DEP/daily dia 13 (2026-09-03 → 2026-09-03) 51701 bytes
2026-08-21 09:34:14,997 [INFO] [OK] Brazil/ECM_ENSEMBLE_Soy_PRCP_DEP/cumulative dia 00 (2026-08-21 → 2026-08-21) 37438 bytes
2026-08-21 09:34:15,163 [INFO] [OK] Brazil/ECM_ENSEMBLE_Soy_PRCP_DEP/cumulative dia 01 (2026-08-21 → 2026-08-22) 36714 bytes
2026-08-21 09:34:15,170 [INFO] [OK] Brazil/ECM_ENSEMBLE_Soy_PRCP_DEP/daily dia 12 (2026-09-02 → 2026-09-02) 52483 bytes
2026-08-21 09:34:15,378 [INFO] [OK] Brazil/ECM_ENSEMBLE_Soy_PRCP_DEP/cumulative dia 02 (2026-08-21 → 2026-08-23) 39404 bytes
2026-08-21 09:34:16,926 [INFO] [OK] Brazil/ECM_ENSEMBLE_Soy_PRCP_DEP/cumulative dia 05 (2026-08-21 → 2026-08-26) 46845 bytes
2026-08-21 09:34:16,929 [INFO] [OK] Brazil/ECM_ENSEMBLE_Soy_PRCP_DEP/cumulative dia 03 (2026-08-21 → 2026-08-24) 44004 bytes
2026-08-21 09:34:16,932 [INFO] [OK] Brazil/ECM_ENSEMBLE_Soy_PRCP_DEP/cumulative dia 04 (2026-08-21 → 2026-08-25) 45268 bytes
2026-08-21 09:34:17,472 [INFO] [OK] Brazil/ECM_ENSEMBLE_Soy_PRCP_DEP/cumulative dia 07 (2026-08-21 → 2026-08-28) 49734 bytes
2026-08-21 09:34:17,485 [INFO] [OK] Brazil/ECM_ENSEMBLE_Soy_PRCP_DEP/cumulative dia 06 (2026-08-21 → 2026-08-27) 48789 bytes
2026-08-21 09:34:17,486 [INFO] [OK] Brazil/ECM_ENSEMBLE_Soy_PRCP_DEP/cumulative dia 08 (2026-08-21 → 2026-08-29) 49528 bytes
2026-08-21 09:34:19,087 [INFO] [OK] Brazil/ECM_ENSEMBLE_Soy_PRCP_DEP/cumulative dia 09 (2026-08-21 → 2026-08-30) 50646 bytes
2026-08-21 09:34:19,170 [INFO] [OK] Brazil/ECM_ENSEMBLE_Soy_PRCP_DEP/cumulative dia 10 (2026-08-21 → 2026-08-31) 51149 bytes
2026-08-21 09:34:19,926 [INFO] [OK] Brazil/ECM_ENSEMBLE_Soy_PRCP_DEP/cumulative dia 13 (2026-08-21 → 2026-09-03) 53269 bytes
2026-08-21 09:34:19,929 [INFO] [OK] Brazil/ECM_ENSEMBLE_Soy_PRCP_DEP/cumulative dia 11 (2026-08-21 → 2026-09-01) 52025 bytes
2026-08-21 09:34:19,934 [INFO] [OK] Brazil/ECM_ENSEMBLE_Soy_PRCP_DEP/cumulative dia 12 (2026-08-21 → 2026-09-02) 52504 bytes
2026-08-21 09:34:20,343 [INFO] [OK] Brazil/ECM_ENSEMBLE_Soy_PRCP_DEP/cumulative dia 14 (2026-08-21 → 2026-09-04) 53856 bytes
2026-08-21 09:34:20,441 [INFO] [OK] Brazil/ECM_ENSEMBLE_Soy_PRCP/daily dia 00 (2026-08-21 → 2026-08-21) 28647 bytes
2026-08-21 09:34:21,659 [INFO] [OK] Brazil/ECM_ENSEMBLE_Soy_PRCP/daily dia 01 (2026-08-22 → 2026-08-22) 29255 bytes
2026-08-21 09:34:21,661 [INFO] [OK] Brazil/ECM_ENSEMBLE_Soy_PRCP/daily dia 04 (2026-08-25 → 2026-08-25) 31071 bytes
2026-08-21 09:34:21,668 [INFO] [OK] Brazil/ECM_ENSEMBLE_Soy_PRCP/daily dia 02 (2026-08-23 → 2026-08-23) 29476 bytes
2026-08-21 09:34:21,671 [INFO] [OK] Brazil/ECM_ENSEMBLE_Soy_PRCP/daily dia 03 (2026-08-24 → 2026-08-24) 30684 bytes
2026-08-21 09:34:22,095 [INFO] [OK] Brazil/ECM_ENSEMBLE_Soy_PRCP/daily dia 06 (2026-08-27 → 2026-08-27) 31409 bytes
2026-08-21 09:34:22,103 [INFO] [OK] Brazil/ECM_ENSEMBLE_Soy_PRCP/daily dia 05 (2026-08-26 → 2026-08-26) 30450 bytes
2026-08-21 09:34:23,152 [INFO] [OK] Brazil/ECM_ENSEMBLE_Soy_PRCP/daily dia 07 (2026-08-28 → 2026-08-28) 30886 bytes
2026-08-21 09:34:23,153 [INFO] [OK] Brazil/ECM_ENSEMBLE_Soy_PRCP/daily dia 09 (2026-08-30 → 2026-08-30) 31835 bytes
2026-08-21 09:34:23,157 [INFO] [OK] Brazil/ECM_ENSEMBLE_Soy_PRCP/daily dia 08 (2026-08-29 → 2026-08-29) 31311 bytes
2026-08-21 09:34:23,158 [INFO] [OK] Brazil/ECM_ENSEMBLE_Soy_PRCP/daily dia 10 (2026-08-31 → 2026-08-31) 32351 bytes
2026-08-21 09:34:23,640 [INFO] [OK] Brazil/ECM_ENSEMBLE_Soy_PRCP/daily dia 11 (2026-09-01 → 2026-09-01) 30968 bytes
2026-08-21 09:34:23,643 [INFO] [OK] Brazil/ECM_ENSEMBLE_Soy_PRCP/daily dia 12 (2026-09-02 → 2026-09-02) 30844 bytes
2026-08-21 09:34:24,480 [INFO] [OK] Brazil/ECM_ENSEMBLE_Soy_PRCP/daily dia 13 (2026-09-03 → 2026-09-03) 31011 bytes
2026-08-21 09:34:24,542 [INFO] [OK] Brazil/ECM_ENSEMBLE_Soy_PRCP/cumulative dia 00 (2026-08-21 → 2026-08-21) 28647 bytes
2026-08-21 09:34:24,548 [INFO] [OK] Brazil/ECM_ENSEMBLE_Soy_PRCP/daily dia 14 (2026-09-04 → 2026-09-04) 30548 bytes
2026-08-21 09:34:24,719 [INFO] [OK] Brazil/ECM_ENSEMBLE_Soy_PRCP/cumulative dia 01 (2026-08-21 → 2026-08-22) 30007 bytes
2026-08-21 09:34:25,116 [INFO] [OK] Brazil/ECM_ENSEMBLE_Soy_PRCP/cumulative dia 02 (2026-08-21 → 2026-08-23) 31433 bytes
2026-08-21 09:34:25,794 [INFO] [OK] Brazil/ECM_ENSEMBLE_Soy_PRCP/cumulative dia 03 (2026-08-21 → 2026-08-24) 33668 bytes
2026-08-21 09:34:26,476 [INFO] [OK] Brazil/ECM_ENSEMBLE_Soy_PRCP/cumulative dia 05 (2026-08-21 → 2026-08-26) 37167 bytes
2026-08-21 09:34:26,479 [INFO] [OK] Brazil/ECM_ENSEMBLE_Soy_PRCP/cumulative dia 04 (2026-08-21 → 2026-08-25) 35738 bytes
2026-08-21 09:34:26,839 [INFO] [OK] Brazil/ECM_ENSEMBLE_Soy_PRCP/cumulative dia 06 (2026-08-21 → 2026-08-27) 38585 bytes
2026-08-21 09:34:27,032 [INFO] [OK] Brazil/ECM_ENSEMBLE_Soy_PRCP/cumulative dia 07 (2026-08-21 → 2026-08-28) 39460 bytes
2026-08-21 09:34:27,835 [INFO] [OK] Brazil/ECM_ENSEMBLE_Soy_PRCP/cumulative dia 08 (2026-08-21 → 2026-08-29) 40224 bytes
2026-08-21 09:34:27,858 [INFO] [OK] Brazil/ECM_ENSEMBLE_Soy_PRCP/cumulative dia 09 (2026-08-21 → 2026-08-30) 40862 bytes
2026-08-21 09:34:28,764 [INFO] [OK] Brazil/ECM_ENSEMBLE_Soy_PRCP/cumulative dia 10 (2026-08-21 → 2026-08-31) 41357 bytes
2026-08-21 09:34:28,929 [INFO] [OK] Brazil/ECM_ENSEMBLE_Soy_PRCP/cumulative dia 11 (2026-08-21 → 2026-09-01) 42295 bytes
2026-08-21 09:34:29,340 [INFO] [OK] Brazil/ECM_ENSEMBLE_Corn_Winter_PRCP_DEP/daily dia 00 (2026-08-21 → 2026-08-21) 35915 bytes
2026-08-21 09:34:29,350 [INFO] [OK] Brazil/ECM_ENSEMBLE_Soy_PRCP/cumulative dia 12 (2026-08-21 → 2026-09-02) 42964 bytes
2026-08-21 09:34:29,485 [INFO] [OK] Brazil/ECM_ENSEMBLE_Soy_PRCP/cumulative dia 13 (2026-08-21 → 2026-09-03) 43394 bytes
2026-08-21 09:34:30,320 [INFO] [OK] Brazil/ECM_ENSEMBLE_Soy_PRCP/cumulative dia 14 (2026-08-21 → 2026-09-04) 43632 bytes
2026-08-21 09:34:30,367 [INFO] [OK] Brazil/ECM_ENSEMBLE_Corn_Winter_PRCP_DEP/daily dia 02 (2026-08-23 → 2026-08-23) 38130 bytes
2026-08-21 09:34:30,382 [INFO] [OK] Brazil/ECM_ENSEMBLE_Corn_Winter_PRCP_DEP/daily dia 01 (2026-08-22 → 2026-08-22) 33620 bytes
2026-08-21 09:34:30,667 [INFO] [OK] Brazil/ECM_ENSEMBLE_Corn_Winter_PRCP_DEP/daily dia 03 (2026-08-24 → 2026-08-24) 42370 bytes
2026-08-21 09:34:30,778 [INFO] [OK] Brazil/ECM_ENSEMBLE_Corn_Winter_PRCP_DEP/daily dia 04 (2026-08-25 → 2026-08-25) 42547 bytes
2026-08-21 09:34:30,881 [INFO] [OK] Brazil/ECM_ENSEMBLE_Corn_Winter_PRCP_DEP/daily dia 05 (2026-08-26 → 2026-08-26) 43861 bytes
2026-08-21 09:34:31,777 [INFO] [OK] Brazil/ECM_ENSEMBLE_Corn_Winter_PRCP_DEP/daily dia 06 (2026-08-27 → 2026-08-27) 45775 bytes
2026-08-21 09:34:31,778 [INFO] [OK] Brazil/ECM_ENSEMBLE_Corn_Winter_PRCP_DEP/daily dia 08 (2026-08-29 → 2026-08-29) 45811 bytes
2026-08-21 09:34:31,797 [INFO] [OK] Brazil/ECM_ENSEMBLE_Corn_Winter_PRCP_DEP/daily dia 07 (2026-08-28 → 2026-08-28) 46986 bytes
2026-08-21 09:34:32,278 [INFO] [OK] Brazil/ECM_ENSEMBLE_Corn_Winter_PRCP_DEP/daily dia 09 (2026-08-30 → 2026-08-30) 45772 bytes
2026-08-21 09:34:32,287 [INFO] [OK] Brazil/ECM_ENSEMBLE_Corn_Winter_PRCP_DEP/daily dia 11 (2026-09-01 → 2026-09-01) 49738 bytes
2026-08-21 09:34:32,430 [INFO] [OK] Brazil/ECM_ENSEMBLE_Corn_Winter_PRCP_DEP/daily dia 10 (2026-08-31 → 2026-08-31) 48437 bytes
2026-08-21 09:34:33,487 [INFO] [OK] Brazil/ECM_ENSEMBLE_Corn_Winter_PRCP_DEP/daily dia 12 (2026-09-02 → 2026-09-02) 50762 bytes
2026-08-21 09:34:33,493 [INFO] [OK] Brazil/ECM_ENSEMBLE_Corn_Winter_PRCP_DEP/daily dia 13 (2026-09-03 → 2026-09-03) 50330 bytes
2026-08-21 09:34:33,497 [INFO] [OK] Brazil/ECM_ENSEMBLE_Corn_Winter_PRCP_DEP/daily dia 14 (2026-09-04 → 2026-09-04) 51500 bytes
2026-08-21 09:34:33,593 [INFO] [OK] Brazil/ECM_ENSEMBLE_Corn_Winter_PRCP_DEP/cumulative dia 00 (2026-08-21 → 2026-08-21) 35915 bytes
2026-08-21 09:34:34,000 [INFO] [OK] Brazil/ECM_ENSEMBLE_Corn_Winter_PRCP_DEP/cumulative dia 01 (2026-08-21 → 2026-08-22) 35291 bytes
2026-08-21 09:34:34,002 [INFO] [OK] Brazil/ECM_ENSEMBLE_Corn_Winter_PRCP_DEP/cumulative dia 02 (2026-08-21 → 2026-08-23) 37847 bytes
2026-08-21 09:34:35,233 [INFO] [OK] Brazil/ECM_ENSEMBLE_Corn_Winter_PRCP_DEP/cumulative dia 04 (2026-08-21 → 2026-08-25) 43695 bytes
2026-08-21 09:34:35,369 [INFO] [OK] Brazil/ECM_ENSEMBLE_Corn_Winter_PRCP_DEP/cumulative dia 03 (2026-08-21 → 2026-08-24) 42305 bytes
2026-08-21 09:34:35,664 [INFO] [OK] Brazil/ECM_ENSEMBLE_Corn_Winter_PRCP_DEP/cumulative dia 06 (2026-08-21 → 2026-08-27) 47198 bytes
2026-08-21 09:34:35,665 [INFO] [OK] Brazil/ECM_ENSEMBLE_Corn_Winter_PRCP_DEP/cumulative dia 05 (2026-08-21 → 2026-08-26) 45201 bytes
2026-08-21 09:34:36,251 [INFO] [OK] Brazil/ECM_ENSEMBLE_Corn_Winter_PRCP_DEP/cumulative dia 07 (2026-08-21 → 2026-08-28) 48019 bytes
2026-08-21 09:34:36,253 [INFO] [OK] Brazil/ECM_ENSEMBLE_Corn_Winter_PRCP_DEP/cumulative dia 08 (2026-08-21 → 2026-08-29) 47884 bytes
2026-08-21 09:34:37,287 [INFO] [OK] Brazil/ECM_ENSEMBLE_Corn_Winter_PRCP_DEP/cumulative dia 09 (2026-08-21 → 2026-08-30) 48973 bytes
2026-08-21 09:34:37,632 [INFO] [OK] Brazil/ECM_ENSEMBLE_Corn_Winter_PRCP_DEP/cumulative dia 10 (2026-08-21 → 2026-08-31) 49603 bytes
2026-08-21 09:34:38,080 [INFO] [OK] Brazil/ECM_ENSEMBLE_Corn_Winter_PRCP_DEP/cumulative dia 11 (2026-08-21 → 2026-09-01) 50671 bytes
2026-08-21 09:34:38,160 [INFO] [OK] Brazil/ECM_ENSEMBLE_Corn_Winter_PRCP_DEP/cumulative dia 12 (2026-08-21 → 2026-09-02) 50915 bytes
2026-08-21 09:34:38,599 [INFO] [OK] Brazil/ECM_ENSEMBLE_Corn_Winter_PRCP/daily dia 00 (2026-08-21 → 2026-08-21) 27083 bytes
2026-08-21 09:34:38,730 [INFO] [OK] Brazil/ECM_ENSEMBLE_Corn_Winter_PRCP_DEP/cumulative dia 13 (2026-08-21 → 2026-09-03) 51788 bytes
2026-08-21 09:34:38,794 [INFO] [OK] Brazil/ECM_ENSEMBLE_Corn_Winter_PRCP_DEP/cumulative dia 14 (2026-08-21 → 2026-09-04) 52352 bytes
2026-08-21 09:34:39,012 [INFO] [OK] Brazil/ECM_ENSEMBLE_Corn_Winter_PRCP/daily dia 01 (2026-08-22 → 2026-08-22) 27710 bytes
2026-08-21 09:34:39,448 [INFO] [OK] Brazil/ECM_ENSEMBLE_Corn_Winter_PRCP/daily dia 02 (2026-08-23 → 2026-08-23) 28020 bytes
2026-08-21 09:34:39,477 [INFO] [OK] Brazil/ECM_ENSEMBLE_Corn_Winter_PRCP/daily dia 03 (2026-08-24 → 2026-08-24) 29078 bytes
2026-08-21 09:34:39,951 [INFO] [OK] Brazil/ECM_ENSEMBLE_Corn_Winter_PRCP/daily dia 04 (2026-08-25 → 2026-08-25) 29569 bytes
2026-08-21 09:34:40,000 [INFO] [OK] Brazil/ECM_ENSEMBLE_Corn_Winter_PRCP/daily dia 05 (2026-08-26 → 2026-08-26) 28778 bytes
2026-08-21 09:34:40,210 [INFO] [OK] Brazil/ECM_ENSEMBLE_Corn_Winter_PRCP/daily dia 06 (2026-08-27 → 2026-08-27) 29687 bytes
2026-08-21 09:34:40,416 [INFO] [OK] Brazil/ECM_ENSEMBLE_Corn_Winter_PRCP/daily dia 07 (2026-08-28 → 2026-08-28) 29316 bytes
2026-08-21 09:34:40,766 [INFO] [OK] Brazil/ECM_ENSEMBLE_Corn_Winter_PRCP/daily dia 08 (2026-08-29 → 2026-08-29) 29620 bytes
2026-08-21 09:34:40,801 [INFO] [OK] Brazil/ECM_ENSEMBLE_Corn_Winter_PRCP/daily dia 09 (2026-08-30 → 2026-08-30) 30259 bytes
2026-08-21 09:34:41,283 [INFO] [OK] Brazil/ECM_ENSEMBLE_Corn_Winter_PRCP/daily dia 10 (2026-08-31 → 2026-08-31) 30859 bytes
2026-08-21 09:34:41,412 [INFO] [OK] Brazil/ECM_ENSEMBLE_Corn_Winter_PRCP/daily dia 11 (2026-09-01 → 2026-09-01) 29443 bytes
2026-08-21 09:34:41,589 [INFO] [OK] Brazil/ECM_ENSEMBLE_Corn_Winter_PRCP/daily dia 12 (2026-09-02 → 2026-09-02) 29445 bytes
2026-08-21 09:34:41,872 [INFO] [OK] Brazil/ECM_ENSEMBLE_Corn_Winter_PRCP/daily dia 13 (2026-09-03 → 2026-09-03) 29634 bytes
2026-08-21 09:34:42,046 [INFO] [OK] Brazil/ECM_ENSEMBLE_Corn_Winter_PRCP/daily dia 14 (2026-09-04 → 2026-09-04) 29164 bytes
2026-08-21 09:34:42,159 [INFO] [OK] Brazil/ECM_ENSEMBLE_Corn_Winter_PRCP/cumulative dia 00 (2026-08-21 → 2026-08-21) 27083 bytes
2026-08-21 09:34:42,911 [INFO] [OK] Brazil/ECM_ENSEMBLE_Corn_Winter_PRCP/cumulative dia 01 (2026-08-21 → 2026-08-22) 28405 bytes
2026-08-21 09:34:43,073 [INFO] [OK] Brazil/ECM_ENSEMBLE_Corn_Winter_PRCP/cumulative dia 02 (2026-08-21 → 2026-08-23) 29880 bytes
2026-08-21 09:34:43,142 [INFO] [OK] Brazil/ECM_ENSEMBLE_Corn_Winter_PRCP/cumulative dia 03 (2026-08-21 → 2026-08-24) 32195 bytes
2026-08-21 09:34:43,525 [INFO] [OK] Brazil/ECM_ENSEMBLE_Corn_Winter_PRCP/cumulative dia 04 (2026-08-21 → 2026-08-25) 34219 bytes
2026-08-21 09:34:43,767 [INFO] [OK] Brazil/ECM_ENSEMBLE_Corn_Winter_PRCP/cumulative dia 05 (2026-08-21 → 2026-08-26) 35617 bytes
2026-08-21 09:34:43,926 [INFO] [OK] Brazil/ECM_ENSEMBLE_Corn_Winter_PRCP/cumulative dia 06 (2026-08-21 → 2026-08-27) 36905 bytes
2026-08-21 09:34:44,994 [INFO] [OK] Brazil/ECM_ENSEMBLE_Corn_Winter_PRCP/cumulative dia 07 (2026-08-21 → 2026-08-28) 37661 bytes
2026-08-21 09:34:45,096 [INFO] [OK] Brazil/ECM_ENSEMBLE_Corn_Winter_PRCP/cumulative dia 08 (2026-08-21 → 2026-08-29) 38519 bytes
2026-08-21 09:34:45,181 [INFO] [OK] Brazil/ECM_ENSEMBLE_Corn_Winter_PRCP/cumulative dia 09 (2026-08-21 → 2026-08-30) 39271 bytes
2026-08-21 09:34:45,766 [INFO] [OK] Brazil/ECM_ENSEMBLE_Corn_Winter_PRCP/cumulative dia 10 (2026-08-21 → 2026-08-31) 39824 bytes
2026-08-21 09:34:45,978 [INFO] [OK] Brazil/ECM_ENSEMBLE_Corn_Winter_PRCP/cumulative dia 11 (2026-08-21 → 2026-09-01) 40896 bytes
2026-08-21 09:34:46,383 [INFO] [OK] Brazil/ECM_ENSEMBLE_Corn_Winter_PRCP/cumulative dia 12 (2026-08-21 → 2026-09-02) 41418 bytes
2026-08-21 09:34:46,393 [INFO] [OK] Argentina/GFS_ENSEMBLE_Soy_PRCP_DEP/daily dia 00 (2026-08-21 → 2026-08-21) 25666 bytes
2026-08-21 09:34:46,767 [INFO] [OK] Argentina/GFS_ENSEMBLE_Soy_PRCP_DEP/daily dia 01 (2026-08-22 → 2026-08-22) 26013 bytes
2026-08-21 09:34:46,954 [INFO] [OK] Argentina/GFS_ENSEMBLE_Soy_PRCP_DEP/daily dia 02 (2026-08-23 → 2026-08-23) 29600 bytes
2026-08-21 09:34:47,265 [INFO] [OK] Brazil/ECM_ENSEMBLE_Corn_Winter_PRCP/cumulative dia 13 (2026-08-21 → 2026-09-03) 41905 bytes
2026-08-21 09:34:47,494 [INFO] [OK] Brazil/ECM_ENSEMBLE_Corn_Winter_PRCP/cumulative dia 14 (2026-08-21 → 2026-09-04) 42171 bytes
2026-08-21 09:34:47,501 [INFO] [OK] Argentina/GFS_ENSEMBLE_Soy_PRCP_DEP/daily dia 03 (2026-08-24 → 2026-08-24) 32710 bytes
2026-08-21 09:34:47,504 [INFO] [OK] Argentina/GFS_ENSEMBLE_Soy_PRCP_DEP/daily dia 04 (2026-08-25 → 2026-08-25) 34148 bytes
2026-08-21 09:34:47,978 [INFO] [OK] Argentina/GFS_ENSEMBLE_Soy_PRCP_DEP/daily dia 06 (2026-08-27 → 2026-08-27) 35823 bytes
2026-08-21 09:34:47,981 [INFO] [OK] Argentina/GFS_ENSEMBLE_Soy_PRCP_DEP/daily dia 05 (2026-08-26 → 2026-08-26) 36222 bytes
2026-08-21 09:34:48,412 [INFO] [OK] Argentina/GFS_ENSEMBLE_Soy_PRCP_DEP/daily dia 07 (2026-08-28 → 2026-08-28) 34669 bytes
2026-08-21 09:34:48,525 [INFO] [OK] Argentina/GFS_ENSEMBLE_Soy_PRCP_DEP/daily dia 09 (2026-08-30 → 2026-08-30) 38786 bytes
2026-08-21 09:34:48,572 [INFO] [OK] Argentina/GFS_ENSEMBLE_Soy_PRCP_DEP/daily dia 10 (2026-08-31 → 2026-08-31) 37804 bytes
2026-08-21 09:34:48,656 [INFO] [OK] Argentina/GFS_ENSEMBLE_Soy_PRCP_DEP/daily dia 08 (2026-08-29 → 2026-08-29) 37736 bytes
2026-08-21 09:34:48,975 [INFO] [OK] Argentina/GFS_ENSEMBLE_Soy_PRCP_DEP/daily dia 12 (2026-09-02 → 2026-09-02) 43666 bytes
2026-08-21 09:34:49,116 [INFO] [OK] Argentina/GFS_ENSEMBLE_Soy_PRCP_DEP/daily dia 11 (2026-09-01 → 2026-09-01) 40039 bytes
2026-08-21 09:34:49,403 [INFO] [OK] Argentina/GFS_ENSEMBLE_Soy_PRCP_DEP/daily dia 13 (2026-09-03 → 2026-09-03) 42973 bytes
2026-08-21 09:34:49,521 [INFO] [OK] Argentina/GFS_ENSEMBLE_Soy_PRCP_DEP/daily dia 14 (2026-09-04 → 2026-09-04) 43354 bytes
2026-08-21 09:34:49,555 [INFO] [OK] Argentina/GFS_ENSEMBLE_Soy_PRCP_DEP/cumulative dia 00 (2026-08-21 → 2026-08-21) 25666 bytes
2026-08-21 09:34:49,668 [INFO] [OK] Argentina/GFS_ENSEMBLE_Soy_PRCP_DEP/cumulative dia 01 (2026-08-21 → 2026-08-22) 26094 bytes
2026-08-21 09:34:49,991 [INFO] [OK] Argentina/GFS_ENSEMBLE_Soy_PRCP_DEP/cumulative dia 02 (2026-08-21 → 2026-08-23) 28470 bytes
2026-08-21 09:34:50,221 [INFO] [OK] Argentina/GFS_ENSEMBLE_Soy_PRCP_DEP/cumulative dia 03 (2026-08-21 → 2026-08-24) 30659 bytes
2026-08-21 09:34:50,697 [INFO] [OK] Argentina/GFS_ENSEMBLE_Soy_PRCP_DEP/cumulative dia 04 (2026-08-21 → 2026-08-25) 33900 bytes
2026-08-21 09:34:50,758 [INFO] [OK] Argentina/GFS_ENSEMBLE_Soy_PRCP_DEP/cumulative dia 05 (2026-08-21 → 2026-08-26) 35561 bytes
2026-08-21 09:34:51,000 [INFO] [OK] Argentina/GFS_ENSEMBLE_Soy_PRCP_DEP/cumulative dia 06 (2026-08-21 → 2026-08-27) 36140 bytes
2026-08-21 09:34:51,070 [INFO] [OK] Argentina/GFS_ENSEMBLE_Soy_PRCP_DEP/cumulative dia 07 (2026-08-21 → 2026-08-28) 36595 bytes
2026-08-21 09:34:51,548 [INFO] [OK] Argentina/GFS_ENSEMBLE_Soy_PRCP_DEP/cumulative dia 08 (2026-08-21 → 2026-08-29) 36951 bytes
2026-08-21 09:34:51,811 [INFO] [OK] Argentina/GFS_ENSEMBLE_Soy_PRCP_DEP/cumulative dia 09 (2026-08-21 → 2026-08-30) 39185 bytes
2026-08-21 09:34:52,345 [INFO] [OK] Argentina/GFS_ENSEMBLE_Soy_PRCP_DEP/cumulative dia 11 (2026-08-21 → 2026-09-01) 41261 bytes
2026-08-21 09:34:52,378 [INFO] [OK] Argentina/GFS_ENSEMBLE_Soy_PRCP_DEP/cumulative dia 10 (2026-08-21 → 2026-08-31) 40973 bytes
2026-08-21 09:34:52,901 [INFO] [OK] Argentina/GFS_ENSEMBLE_Soy_PRCP/daily dia 00 (2026-08-21 → 2026-08-21) 24862 bytes
2026-08-21 09:34:53,083 [INFO] [OK] Argentina/GFS_ENSEMBLE_Soy_PRCP_DEP/cumulative dia 12 (2026-08-21 → 2026-09-02) 41604 bytes
2026-08-21 09:34:53,087 [INFO] [OK] Argentina/GFS_ENSEMBLE_Soy_PRCP_DEP/cumulative dia 13 (2026-08-21 → 2026-09-03) 41715 bytes
2026-08-21 09:34:53,184 [INFO] [OK] Argentina/GFS_ENSEMBLE_Soy_PRCP_DEP/cumulative dia 14 (2026-08-21 → 2026-09-04) 42070 bytes
2026-08-21 09:34:53,275 [INFO] [OK] Argentina/GFS_ENSEMBLE_Soy_PRCP/daily dia 01 (2026-08-22 → 2026-08-22) 25008 bytes
2026-08-21 09:34:53,831 [INFO] [OK] Argentina/GFS_ENSEMBLE_Soy_PRCP/daily dia 02 (2026-08-23 → 2026-08-23) 26087 bytes
2026-08-21 09:34:54,049 [INFO] [OK] Argentina/GFS_ENSEMBLE_Soy_PRCP/daily dia 03 (2026-08-24 → 2026-08-24) 26503 bytes
2026-08-21 09:34:54,137 [INFO] [OK] Argentina/GFS_ENSEMBLE_Soy_PRCP/daily dia 05 (2026-08-26 → 2026-08-26) 28252 bytes
2026-08-21 09:34:54,138 [INFO] [OK] Argentina/GFS_ENSEMBLE_Soy_PRCP/daily dia 06 (2026-08-27 → 2026-08-27) 27364 bytes
2026-08-21 09:34:54,145 [INFO] [OK] Argentina/GFS_ENSEMBLE_Soy_PRCP/daily dia 04 (2026-08-25 → 2026-08-25) 27500 bytes
2026-08-21 09:34:54,242 [INFO] [OK] Argentina/GFS_ENSEMBLE_Soy_PRCP/daily dia 07 (2026-08-28 → 2026-08-28) 27368 bytes
2026-08-21 09:34:54,804 [INFO] [OK] Argentina/GFS_ENSEMBLE_Soy_PRCP/daily dia 08 (2026-08-29 → 2026-08-29) 26868 bytes
2026-08-21 09:34:55,444 [INFO] [OK] Argentina/GFS_ENSEMBLE_Soy_PRCP/daily dia 11 (2026-09-01 → 2026-09-01) 28526 bytes
2026-08-21 09:34:55,449 [INFO] [OK] Argentina/GFS_ENSEMBLE_Soy_PRCP/daily dia 13 (2026-09-03 → 2026-09-03) 27045 bytes
2026-08-21 09:34:55,450 [INFO] [OK] Argentina/GFS_ENSEMBLE_Soy_PRCP/daily dia 09 (2026-08-30 → 2026-08-30) 28335 bytes
2026-08-21 09:34:55,451 [INFO] [OK] Argentina/GFS_ENSEMBLE_Soy_PRCP/daily dia 12 (2026-09-02 → 2026-09-02) 27313 bytes
2026-08-21 09:34:55,453 [INFO] [OK] Argentina/GFS_ENSEMBLE_Soy_PRCP/daily dia 10 (2026-08-31 → 2026-08-31) 28871 bytes
2026-08-21 09:34:55,729 [INFO] [OK] Argentina/GFS_ENSEMBLE_Soy_PRCP/daily dia 14 (2026-09-04 → 2026-09-04) 27848 bytes
2026-08-21 09:34:56,470 [INFO] [OK] Argentina/GFS_ENSEMBLE_Soy_PRCP/cumulative dia 01 (2026-08-21 → 2026-08-22) 25101 bytes
2026-08-21 09:34:56,517 [INFO] [OK] Argentina/GFS_ENSEMBLE_Soy_PRCP/cumulative dia 00 (2026-08-21 → 2026-08-21) 24862 bytes
2026-08-21 09:34:56,577 [INFO] [OK] Argentina/GFS_ENSEMBLE_Soy_PRCP/cumulative dia 02 (2026-08-21 → 2026-08-23) 26272 bytes
2026-08-21 09:34:56,622 [INFO] [OK] Argentina/GFS_ENSEMBLE_Soy_PRCP/cumulative dia 03 (2026-08-21 → 2026-08-24) 27386 bytes
2026-08-21 09:34:56,867 [INFO] [OK] Argentina/GFS_ENSEMBLE_Soy_PRCP/cumulative dia 04 (2026-08-21 → 2026-08-25) 29469 bytes
2026-08-21 09:34:56,901 [INFO] [OK] Argentina/GFS_ENSEMBLE_Soy_PRCP/cumulative dia 05 (2026-08-21 → 2026-08-26) 30852 bytes
2026-08-21 09:34:57,764 [INFO] [OK] Argentina/GFS_ENSEMBLE_Soy_PRCP/cumulative dia 06 (2026-08-21 → 2026-08-27) 31759 bytes
2026-08-21 09:34:57,834 [INFO] [OK] Argentina/GFS_ENSEMBLE_Soy_PRCP/cumulative dia 07 (2026-08-21 → 2026-08-28) 32294 bytes
2026-08-21 09:34:58,013 [INFO] [OK] Argentina/GFS_ENSEMBLE_Soy_PRCP/cumulative dia 08 (2026-08-21 → 2026-08-29) 32943 bytes
2026-08-21 09:34:58,138 [INFO] [OK] Argentina/GFS_ENSEMBLE_Soy_PRCP/cumulative dia 09 (2026-08-21 → 2026-08-30) 33906 bytes
2026-08-21 09:34:58,402 [INFO] [OK] Argentina/GFS_ENSEMBLE_Soy_PRCP/cumulative dia 11 (2026-08-21 → 2026-09-01) 35739 bytes
2026-08-21 09:34:58,441 [INFO] [OK] Argentina/GFS_ENSEMBLE_Soy_PRCP/cumulative dia 10 (2026-08-21 → 2026-08-31) 34864 bytes
2026-08-21 09:34:59,119 [INFO] [OK] Argentina/GFS_ENSEMBLE_Corn_Winter_PRCP_DEP/daily dia 00 (2026-08-21 → 2026-08-21) 24107 bytes
2026-08-21 09:34:59,369 [INFO] [OK] Argentina/GFS_ENSEMBLE_Corn_Winter_PRCP_DEP/daily dia 01 (2026-08-22 → 2026-08-22) 24294 bytes
2026-08-21 09:34:59,400 [INFO] [OK] Argentina/GFS_ENSEMBLE_Soy_PRCP/cumulative dia 12 (2026-08-21 → 2026-09-02) 36500 bytes
2026-08-21 09:34:59,455 [INFO] [OK] Argentina/GFS_ENSEMBLE_Soy_PRCP/cumulative dia 13 (2026-08-21 → 2026-09-03) 36403 bytes
2026-08-21 09:34:59,509 [INFO] [OK] Argentina/GFS_ENSEMBLE_Corn_Winter_PRCP_DEP/daily dia 02 (2026-08-23 → 2026-08-23) 27816 bytes
2026-08-21 09:34:59,667 [INFO] [OK] Argentina/GFS_ENSEMBLE_Soy_PRCP/cumulative dia 14 (2026-08-21 → 2026-09-04) 36941 bytes
2026-08-21 09:35:00,066 [INFO] [OK] Argentina/GFS_ENSEMBLE_Corn_Winter_PRCP_DEP/daily dia 03 (2026-08-24 → 2026-08-24) 30864 bytes
2026-08-21 09:35:00,539 [INFO] [OK] Argentina/GFS_ENSEMBLE_Corn_Winter_PRCP_DEP/daily dia 04 (2026-08-25 → 2026-08-25) 32321 bytes
2026-08-21 09:35:00,628 [INFO] [OK] Argentina/GFS_ENSEMBLE_Corn_Winter_PRCP_DEP/daily dia 05 (2026-08-26 → 2026-08-26) 34481 bytes
2026-08-21 09:35:00,630 [INFO] [OK] Argentina/GFS_ENSEMBLE_Corn_Winter_PRCP_DEP/daily dia 08 (2026-08-29 → 2026-08-29) 35850 bytes
2026-08-21 09:35:00,657 [INFO] [OK] Argentina/GFS_ENSEMBLE_Corn_Winter_PRCP_DEP/daily dia 06 (2026-08-27 → 2026-08-27) 33838 bytes
2026-08-21 09:35:00,739 [INFO] [OK] Argentina/GFS_ENSEMBLE_Corn_Winter_PRCP_DEP/daily dia 07 (2026-08-28 → 2026-08-28) 32964 bytes
2026-08-21 09:35:01,045 [INFO] [OK] Argentina/GFS_ENSEMBLE_Corn_Winter_PRCP_DEP/daily dia 09 (2026-08-30 → 2026-08-30) 36868 bytes
2026-08-21 09:35:02,239 [INFO] [OK] Argentina/GFS_ENSEMBLE_Corn_Winter_PRCP_DEP/daily dia 10 (2026-08-31 → 2026-08-31) 35893 bytes
2026-08-21 09:35:02,242 [INFO] [OK] Argentina/GFS_ENSEMBLE_Corn_Winter_PRCP_DEP/cumulative dia 00 (2026-08-21 → 2026-08-21) 24107 bytes
2026-08-21 09:35:02,262 [INFO] [OK] Argentina/GFS_ENSEMBLE_Corn_Winter_PRCP_DEP/daily dia 11 (2026-09-01 → 2026-09-01) 38669 bytes
2026-08-21 09:35:02,264 [INFO] [OK] Argentina/GFS_ENSEMBLE_Corn_Winter_PRCP_DEP/daily dia 12 (2026-09-02 → 2026-09-02) 42080 bytes
2026-08-21 09:35:02,267 [INFO] [OK] Argentina/GFS_ENSEMBLE_Corn_Winter_PRCP_DEP/daily dia 13 (2026-09-03 → 2026-09-03) 41422 bytes
2026-08-21 09:35:02,267 [INFO] [OK] Argentina/GFS_ENSEMBLE_Corn_Winter_PRCP_DEP/daily dia 14 (2026-09-04 → 2026-09-04) 41955 bytes
2026-08-21 09:35:03,597 [INFO] [OK] Argentina/GFS_ENSEMBLE_Corn_Winter_PRCP_DEP/cumulative dia 01 (2026-08-21 → 2026-08-22) 24577 bytes
2026-08-21 09:35:03,826 [INFO] [OK] Argentina/GFS_ENSEMBLE_Corn_Winter_PRCP_DEP/cumulative dia 03 (2026-08-21 → 2026-08-24) 28757 bytes
2026-08-21 09:35:03,885 [INFO] [OK] Argentina/GFS_ENSEMBLE_Corn_Winter_PRCP_DEP/cumulative dia 05 (2026-08-21 → 2026-08-26) 33926 bytes
2026-08-21 09:35:03,893 [INFO] [OK] Argentina/GFS_ENSEMBLE_Corn_Winter_PRCP_DEP/cumulative dia 02 (2026-08-21 → 2026-08-23) 26778 bytes
2026-08-21 09:35:04,097 [INFO] [OK] Argentina/GFS_ENSEMBLE_Corn_Winter_PRCP_DEP/cumulative dia 04 (2026-08-21 → 2026-08-25) 32185 bytes
2026-08-21 09:35:04,108 [INFO] [OK] Argentina/GFS_ENSEMBLE_Corn_Winter_PRCP_DEP/cumulative dia 06 (2026-08-21 → 2026-08-27) 34464 bytes
2026-08-21 09:35:05,174 [INFO] [OK] Argentina/GFS_ENSEMBLE_Corn_Winter_PRCP_DEP/cumulative dia 07 (2026-08-21 → 2026-08-28) 34927 bytes
2026-08-21 09:35:05,573 [INFO] [OK] Argentina/GFS_ENSEMBLE_Corn_Winter_PRCP_DEP/cumulative dia 08 (2026-08-21 → 2026-08-29) 35433 bytes
2026-08-21 09:35:05,916 [INFO] [OK] Argentina/GFS_ENSEMBLE_Corn_Winter_PRCP_DEP/cumulative dia 09 (2026-08-21 → 2026-08-30) 37583 bytes
2026-08-21 09:35:06,045 [INFO] [OK] Argentina/GFS_ENSEMBLE_Corn_Winter_PRCP_DEP/cumulative dia 10 (2026-08-21 → 2026-08-31) 39129 bytes
2026-08-21 09:35:06,091 [INFO] [OK] Argentina/GFS_ENSEMBLE_Corn_Winter_PRCP_DEP/cumulative dia 12 (2026-08-21 → 2026-09-02) 39753 bytes
2026-08-21 09:35:06,121 [INFO] [OK] Argentina/GFS_ENSEMBLE_Corn_Winter_PRCP_DEP/cumulative dia 11 (2026-08-21 → 2026-09-01) 39475 bytes
2026-08-21 09:35:06,833 [INFO] [OK] Argentina/GFS_ENSEMBLE_Corn_Winter_PRCP_DEP/cumulative dia 13 (2026-08-21 → 2026-09-03) 40230 bytes
2026-08-21 09:35:06,881 [INFO] [OK] Argentina/GFS_ENSEMBLE_Corn_Winter_PRCP/daily dia 00 (2026-08-21 → 2026-08-21) 22934 bytes
2026-08-21 09:35:07,015 [INFO] [OK] Argentina/GFS_ENSEMBLE_Corn_Winter_PRCP/daily dia 01 (2026-08-22 → 2026-08-22) 23112 bytes
2026-08-21 09:35:07,167 [INFO] [OK] Argentina/GFS_ENSEMBLE_Corn_Winter_PRCP/daily dia 03 (2026-08-24 → 2026-08-24) 24633 bytes
2026-08-21 09:35:07,390 [INFO] [OK] Argentina/GFS_ENSEMBLE_Corn_Winter_PRCP_DEP/cumulative dia 14 (2026-08-21 → 2026-09-04) 40447 bytes
2026-08-21 09:35:07,390 [INFO] [OK] Argentina/GFS_ENSEMBLE_Corn_Winter_PRCP/daily dia 02 (2026-08-23 → 2026-08-23) 24262 bytes
2026-08-21 09:35:07,773 [INFO] [OK] Argentina/GFS_ENSEMBLE_Corn_Winter_PRCP/daily dia 04 (2026-08-25 → 2026-08-25) 25617 bytes
2026-08-21 09:35:07,992 [INFO] [OK] Argentina/GFS_ENSEMBLE_Corn_Winter_PRCP/daily dia 06 (2026-08-27 → 2026-08-27) 25390 bytes
2026-08-21 09:35:08,105 [INFO] [OK] Argentina/GFS_ENSEMBLE_Corn_Winter_PRCP/daily dia 05 (2026-08-26 → 2026-08-26) 26310 bytes
2026-08-21 09:35:08,392 [INFO] [OK] Argentina/GFS_ENSEMBLE_Corn_Winter_PRCP/daily dia 08 (2026-08-29 → 2026-08-29) 25030 bytes
2026-08-21 09:35:08,435 [INFO] [OK] Argentina/GFS_ENSEMBLE_Corn_Winter_PRCP/daily dia 07 (2026-08-28 → 2026-08-28) 25427 bytes
2026-08-21 09:35:08,440 [INFO] [OK] Argentina/GFS_ENSEMBLE_Corn_Winter_PRCP/daily dia 09 (2026-08-30 → 2026-08-30) 26547 bytes
2026-08-21 09:35:08,756 [INFO] [OK] Argentina/GFS_ENSEMBLE_Corn_Winter_PRCP/daily dia 10 (2026-08-31 → 2026-08-31) 27035 bytes
2026-08-21 09:35:09,080 [INFO] [OK] Argentina/GFS_ENSEMBLE_Corn_Winter_PRCP/daily dia 11 (2026-09-01 → 2026-09-01) 26668 bytes
2026-08-21 09:35:09,125 [INFO] [OK] Argentina/GFS_ENSEMBLE_Corn_Winter_PRCP/daily dia 12 (2026-09-02 → 2026-09-02) 25519 bytes
2026-08-21 09:35:09,425 [INFO] [OK] Argentina/GFS_ENSEMBLE_Corn_Winter_PRCP/daily dia 13 (2026-09-03 → 2026-09-03) 25223 bytes
2026-08-21 09:35:09,468 [INFO] [OK] Argentina/GFS_ENSEMBLE_Corn_Winter_PRCP/cumulative dia 00 (2026-08-21 → 2026-08-21) 22934 bytes
2026-08-21 09:35:09,499 [INFO] [OK] Argentina/GFS_ENSEMBLE_Corn_Winter_PRCP/daily dia 14 (2026-09-04 → 2026-09-04) 26145 bytes
2026-08-21 09:35:09,787 [INFO] [OK] Argentina/GFS_ENSEMBLE_Corn_Winter_PRCP/cumulative dia 01 (2026-08-21 → 2026-08-22) 23174 bytes
2026-08-21 09:35:10,086 [INFO] [OK] Argentina/GFS_ENSEMBLE_Corn_Winter_PRCP/cumulative dia 02 (2026-08-21 → 2026-08-23) 24416 bytes
2026-08-21 09:35:10,208 [INFO] [OK] Argentina/GFS_ENSEMBLE_Corn_Winter_PRCP/cumulative dia 03 (2026-08-21 → 2026-08-24) 25546 bytes
2026-08-21 09:35:10,613 [INFO] [OK] Argentina/GFS_ENSEMBLE_Corn_Winter_PRCP/cumulative dia 04 (2026-08-21 → 2026-08-25) 27580 bytes
2026-08-21 09:35:10,712 [INFO] [OK] Argentina/GFS_ENSEMBLE_Corn_Winter_PRCP/cumulative dia 05 (2026-08-21 → 2026-08-26) 29008 bytes
2026-08-21 09:35:10,786 [INFO] [OK] Argentina/GFS_ENSEMBLE_Corn_Winter_PRCP/cumulative dia 06 (2026-08-21 → 2026-08-27) 29827 bytes
2026-08-21 09:35:11,079 [INFO] [OK] Argentina/GFS_ENSEMBLE_Corn_Winter_PRCP/cumulative dia 07 (2026-08-21 → 2026-08-28) 30518 bytes
2026-08-21 09:35:11,767 [INFO] [OK] Argentina/GFS_ENSEMBLE_Corn_Winter_PRCP/cumulative dia 08 (2026-08-21 → 2026-08-29) 31159 bytes
2026-08-21 09:35:11,903 [INFO] [OK] Argentina/GFS_ENSEMBLE_Corn_Winter_PRCP/cumulative dia 09 (2026-08-21 → 2026-08-30) 32153 bytes
2026-08-21 09:35:12,291 [INFO] [OK] Argentina/GFS_ENSEMBLE_Corn_Winter_PRCP/cumulative dia 10 (2026-08-21 → 2026-08-31) 33058 bytes
2026-08-21 09:35:12,454 [INFO] [OK] Argentina/GFS_ENSEMBLE_Corn_Winter_PRCP/cumulative dia 11 (2026-08-21 → 2026-09-01) 33652 bytes
2026-08-21 09:35:12,567 [INFO] [OK] Argentina/GFS_ENSEMBLE_Corn_Winter_PRCP/cumulative dia 12 (2026-08-21 → 2026-09-02) 34635 bytes
2026-08-21 09:35:12,839 [INFO] [OK] Argentina/GFS_ENSEMBLE_Corn_Winter_PRCP/cumulative dia 13 (2026-08-21 → 2026-09-03) 34525 bytes
2026-08-21 09:35:12,982 [INFO] [OK] Argentina/ECM_ENSEMBLE_Soy_PRCP_DEP/daily dia 00 (2026-08-21 → 2026-08-21) 29560 bytes
2026-08-21 09:35:13,370 [INFO] [OK] Argentina/ECM_ENSEMBLE_Soy_PRCP_DEP/daily dia 01 (2026-08-22 → 2026-08-22) 29371 bytes
2026-08-21 09:35:13,490 [INFO] [OK] Argentina/GFS_ENSEMBLE_Corn_Winter_PRCP/cumulative dia 14 (2026-08-21 → 2026-09-04) 35120 bytes
2026-08-21 09:35:13,526 [INFO] [OK] Argentina/ECM_ENSEMBLE_Soy_PRCP_DEP/daily dia 02 (2026-08-23 → 2026-08-23) 33151 bytes
2026-08-21 09:35:13,640 [INFO] [OK] Argentina/ECM_ENSEMBLE_Soy_PRCP_DEP/daily dia 03 (2026-08-24 → 2026-08-24) 37121 bytes
2026-08-21 09:35:13,901 [INFO] [OK] Argentina/ECM_ENSEMBLE_Soy_PRCP_DEP/daily dia 04 (2026-08-25 → 2026-08-25) 36312 bytes
2026-08-21 09:35:14,157 [INFO] [OK] Argentina/ECM_ENSEMBLE_Soy_PRCP_DEP/daily dia 05 (2026-08-26 → 2026-08-26) 38835 bytes
2026-08-21 09:35:15,129 [INFO] [OK] Argentina/ECM_ENSEMBLE_Soy_PRCP_DEP/daily dia 06 (2026-08-27 → 2026-08-27) 39098 bytes
2026-08-21 09:35:15,134 [INFO] [OK] Argentina/ECM_ENSEMBLE_Soy_PRCP_DEP/daily dia 07 (2026-08-28 → 2026-08-28) 39280 bytes
2026-08-21 09:35:15,135 [INFO] [OK] Argentina/ECM_ENSEMBLE_Soy_PRCP_DEP/daily dia 08 (2026-08-29 → 2026-08-29) 39278 bytes
2026-08-21 09:35:15,137 [INFO] [OK] Argentina/ECM_ENSEMBLE_Soy_PRCP_DEP/daily dia 09 (2026-08-30 → 2026-08-30) 40183 bytes
2026-08-21 09:35:15,139 [INFO] [OK] Argentina/ECM_ENSEMBLE_Soy_PRCP_DEP/daily dia 10 (2026-08-31 → 2026-08-31) 41545 bytes
2026-08-21 09:35:15,331 [INFO] [OK] Argentina/ECM_ENSEMBLE_Soy_PRCP_DEP/daily dia 11 (2026-09-01 → 2026-09-01) 43285 bytes
2026-08-21 09:35:16,279 [INFO] [OK] Argentina/ECM_ENSEMBLE_Soy_PRCP_DEP/cumulative dia 00 (2026-08-21 → 2026-08-21) 29560 bytes
2026-08-21 09:35:16,402 [INFO] [OK] Argentina/ECM_ENSEMBLE_Soy_PRCP_DEP/daily dia 14 (2026-09-04 → 2026-09-04) 44027 bytes
2026-08-21 09:35:16,409 [INFO] [OK] Argentina/ECM_ENSEMBLE_Soy_PRCP_DEP/daily dia 12 (2026-09-02 → 2026-09-02) 43235 bytes
2026-08-21 09:35:16,444 [INFO] [OK] Argentina/ECM_ENSEMBLE_Soy_PRCP_DEP/daily dia 13 (2026-09-03 → 2026-09-03) 42775 bytes
2026-08-21 09:35:16,639 [INFO] [OK] Argentina/ECM_ENSEMBLE_Soy_PRCP_DEP/cumulative dia 01 (2026-08-21 → 2026-08-22) 29964 bytes
2026-08-21 09:35:16,641 [INFO] [OK] Argentina/ECM_ENSEMBLE_Soy_PRCP_DEP/cumulative dia 02 (2026-08-21 → 2026-08-23) 32767 bytes
2026-08-21 09:35:17,390 [INFO] [OK] Argentina/ECM_ENSEMBLE_Soy_PRCP_DEP/cumulative dia 03 (2026-08-21 → 2026-08-24) 37491 bytes
2026-08-21 09:35:17,704 [INFO] [OK] Argentina/ECM_ENSEMBLE_Soy_PRCP_DEP/cumulative dia 04 (2026-08-21 → 2026-08-25) 38618 bytes
2026-08-21 09:35:17,797 [INFO] [OK] Argentina/ECM_ENSEMBLE_Soy_PRCP_DEP/cumulative dia 06 (2026-08-21 → 2026-08-27) 41939 bytes
2026-08-21 09:35:17,806 [INFO] [OK] Argentina/ECM_ENSEMBLE_Soy_PRCP_DEP/cumulative dia 05 (2026-08-21 → 2026-08-26) 40241 bytes
2026-08-21 09:35:18,062 [INFO] [OK] Argentina/ECM_ENSEMBLE_Soy_PRCP_DEP/cumulative dia 08 (2026-08-21 → 2026-08-29) 42451 bytes
2026-08-21 09:35:18,108 [INFO] [OK] Argentina/ECM_ENSEMBLE_Soy_PRCP_DEP/cumulative dia 07 (2026-08-21 → 2026-08-28) 42481 bytes
2026-08-21 09:35:18,880 [INFO] [OK] Argentina/ECM_ENSEMBLE_Soy_PRCP_DEP/cumulative dia 09 (2026-08-21 → 2026-08-30) 43029 bytes
2026-08-21 09:35:19,656 [INFO] [OK] Argentina/ECM_ENSEMBLE_Soy_PRCP_DEP/cumulative dia 10 (2026-08-21 → 2026-08-31) 43800 bytes
2026-08-21 09:35:19,975 [INFO] [OK] Argentina/ECM_ENSEMBLE_Soy_PRCP_DEP/cumulative dia 11 (2026-08-21 → 2026-09-01) 44135 bytes
2026-08-21 09:35:20,400 [INFO] [OK] Argentina/ECM_ENSEMBLE_Soy_PRCP/daily dia 00 (2026-08-21 → 2026-08-21) 24978 bytes
2026-08-21 09:35:20,613 [INFO] [OK] Argentina/ECM_ENSEMBLE_Soy_PRCP_DEP/cumulative dia 12 (2026-08-21 → 2026-09-02) 44338 bytes
2026-08-21 09:35:20,828 [INFO] [OK] Argentina/ECM_ENSEMBLE_Soy_PRCP_DEP/cumulative dia 13 (2026-08-21 → 2026-09-03) 44293 bytes
2026-08-21 09:35:20,878 [INFO] [OK] Argentina/ECM_ENSEMBLE_Soy_PRCP/daily dia 01 (2026-08-22 → 2026-08-22) 25200 bytes
2026-08-21 09:35:20,904 [INFO] [OK] Argentina/ECM_ENSEMBLE_Soy_PRCP_DEP/cumulative dia 14 (2026-08-21 → 2026-09-04) 44327 bytes
2026-08-21 09:35:21,013 [INFO] [OK] Argentina/ECM_ENSEMBLE_Soy_PRCP/daily dia 02 (2026-08-23 → 2026-08-23) 26213 bytes
2026-08-21 09:35:21,773 [INFO] [OK] Argentina/ECM_ENSEMBLE_Soy_PRCP/daily dia 03 (2026-08-24 → 2026-08-24) 28047 bytes
2026-08-21 09:35:21,774 [INFO] [OK] Argentina/ECM_ENSEMBLE_Soy_PRCP/daily dia 04 (2026-08-25 → 2026-08-25) 28889 bytes
2026-08-21 09:35:21,888 [INFO] [OK] Argentina/ECM_ENSEMBLE_Soy_PRCP/daily dia 05 (2026-08-26 → 2026-08-26) 28913 bytes
2026-08-21 09:35:21,970 [INFO] [OK] Argentina/ECM_ENSEMBLE_Soy_PRCP/daily dia 07 (2026-08-28 → 2026-08-28) 28843 bytes
2026-08-21 09:35:22,162 [INFO] [OK] Argentina/ECM_ENSEMBLE_Soy_PRCP/daily dia 06 (2026-08-27 → 2026-08-27) 29420 bytes
2026-08-21 09:35:22,164 [INFO] [OK] Argentina/ECM_ENSEMBLE_Soy_PRCP/daily dia 08 (2026-08-29 → 2026-08-29) 29611 bytes
2026-08-21 09:35:23,039 [INFO] [OK] Argentina/ECM_ENSEMBLE_Soy_PRCP/daily dia 11 (2026-09-01 → 2026-09-01) 29075 bytes
2026-08-21 09:35:23,040 [INFO] [OK] Argentina/ECM_ENSEMBLE_Soy_PRCP/daily dia 10 (2026-08-31 → 2026-08-31) 30304 bytes
2026-08-21 09:35:23,054 [INFO] [OK] Argentina/ECM_ENSEMBLE_Soy_PRCP/daily dia 12 (2026-09-02 → 2026-09-02) 28566 bytes
2026-08-21 09:35:23,133 [INFO] [OK] Argentina/ECM_ENSEMBLE_Soy_PRCP/daily dia 09 (2026-08-30 → 2026-08-30) 30171 bytes
2026-08-21 09:35:23,279 [INFO] [OK] Argentina/ECM_ENSEMBLE_Soy_PRCP/daily dia 13 (2026-09-03 → 2026-09-03) 28670 bytes
2026-08-21 09:35:23,283 [INFO] [OK] Argentina/ECM_ENSEMBLE_Soy_PRCP/daily dia 14 (2026-09-04 → 2026-09-04) 27842 bytes
2026-08-21 09:35:24,340 [INFO] [OK] Argentina/ECM_ENSEMBLE_Soy_PRCP/cumulative dia 00 (2026-08-21 → 2026-08-21) 24978 bytes
2026-08-21 09:35:24,584 [INFO] [OK] Argentina/ECM_ENSEMBLE_Soy_PRCP/cumulative dia 01 (2026-08-21 → 2026-08-22) 25501 bytes
2026-08-21 09:35:24,587 [INFO] [OK] Argentina/ECM_ENSEMBLE_Soy_PRCP/cumulative dia 02 (2026-08-21 → 2026-08-23) 26677 bytes
2026-08-21 09:35:24,879 [INFO] [OK] Argentina/ECM_ENSEMBLE_Soy_PRCP/cumulative dia 03 (2026-08-21 → 2026-08-24) 28994 bytes
2026-08-21 09:35:24,893 [INFO] [OK] Argentina/ECM_ENSEMBLE_Soy_PRCP/cumulative dia 04 (2026-08-21 → 2026-08-25) 31383 bytes
2026-08-21 09:35:25,152 [INFO] [OK] Argentina/ECM_ENSEMBLE_Soy_PRCP/cumulative dia 05 (2026-08-21 → 2026-08-26) 32983 bytes
2026-08-21 09:35:25,906 [INFO] [OK] Argentina/ECM_ENSEMBLE_Soy_PRCP/cumulative dia 06 (2026-08-21 → 2026-08-27) 34764 bytes
2026-08-21 09:35:25,940 [INFO] [OK] Argentina/ECM_ENSEMBLE_Soy_PRCP/cumulative dia 07 (2026-08-21 → 2026-08-28) 35502 bytes
2026-08-21 09:35:26,168 [INFO] [OK] Argentina/ECM_ENSEMBLE_Soy_PRCP/cumulative dia 08 (2026-08-21 → 2026-08-29) 36267 bytes
2026-08-21 09:35:26,472 [INFO] [OK] Argentina/ECM_ENSEMBLE_Soy_PRCP/cumulative dia 09 (2026-08-21 → 2026-08-30) 36942 bytes
2026-08-21 09:35:27,017 [INFO] [OK] Argentina/ECM_ENSEMBLE_Soy_PRCP/cumulative dia 10 (2026-08-21 → 2026-08-31) 37365 bytes
2026-08-21 09:35:27,018 [INFO] [OK] Argentina/ECM_ENSEMBLE_Soy_PRCP/cumulative dia 11 (2026-08-21 → 2026-09-01) 38185 bytes
2026-08-21 09:35:27,848 [INFO] [OK] Argentina/ECM_ENSEMBLE_Soy_PRCP/cumulative dia 12 (2026-08-21 → 2026-09-02) 39006 bytes
2026-08-21 09:35:27,863 [INFO] [OK] Argentina/ECM_ENSEMBLE_Soy_PRCP/cumulative dia 13 (2026-08-21 → 2026-09-03) 39258 bytes
2026-08-21 09:35:28,337 [INFO] [OK] Argentina/ECM_ENSEMBLE_Corn_Winter_PRCP_DEP/daily dia 00 (2026-08-21 → 2026-08-21) 28030 bytes
2026-08-21 09:35:28,339 [INFO] [OK] Argentina/ECM_ENSEMBLE_Soy_PRCP/cumulative dia 14 (2026-08-21 → 2026-09-04) 39026 bytes
2026-08-21 09:35:28,346 [INFO] [OK] Argentina/ECM_ENSEMBLE_Corn_Winter_PRCP_DEP/daily dia 02 (2026-08-23 → 2026-08-23) 31157 bytes
2026-08-21 09:35:28,387 [INFO] [OK] Argentina/ECM_ENSEMBLE_Corn_Winter_PRCP_DEP/daily dia 01 (2026-08-22 → 2026-08-22) 27279 bytes
2026-08-21 09:35:28,839 [INFO] [OK] Argentina/ECM_ENSEMBLE_Corn_Winter_PRCP_DEP/daily dia 04 (2026-08-25 → 2026-08-25) 34636 bytes
2026-08-21 09:35:28,915 [INFO] [OK] Argentina/ECM_ENSEMBLE_Corn_Winter_PRCP_DEP/daily dia 03 (2026-08-24 → 2026-08-24) 35258 bytes
2026-08-21 09:35:29,870 [INFO] [OK] Argentina/ECM_ENSEMBLE_Corn_Winter_PRCP_DEP/daily dia 09 (2026-08-30 → 2026-08-30) 38596 bytes
2026-08-21 09:35:29,874 [INFO] [OK] Argentina/ECM_ENSEMBLE_Corn_Winter_PRCP_DEP/daily dia 08 (2026-08-29 → 2026-08-29) 37655 bytes
2026-08-21 09:35:29,875 [INFO] [OK] Argentina/ECM_ENSEMBLE_Corn_Winter_PRCP_DEP/daily dia 05 (2026-08-26 → 2026-08-26) 37267 bytes
2026-08-21 09:35:29,876 [INFO] [OK] Argentina/ECM_ENSEMBLE_Corn_Winter_PRCP_DEP/daily dia 06 (2026-08-27 → 2026-08-27) 37457 bytes
2026-08-21 09:35:29,881 [INFO] [OK] Argentina/ECM_ENSEMBLE_Corn_Winter_PRCP_DEP/daily dia 07 (2026-08-28 → 2026-08-28) 37740 bytes
2026-08-21 09:35:30,116 [INFO] [OK] Argentina/ECM_ENSEMBLE_Corn_Winter_PRCP_DEP/daily dia 10 (2026-08-31 → 2026-08-31) 40039 bytes
2026-08-21 09:35:30,948 [INFO] [OK] Argentina/ECM_ENSEMBLE_Corn_Winter_PRCP_DEP/daily dia 13 (2026-09-03 → 2026-09-03) 41050 bytes
2026-08-21 09:35:30,963 [INFO] [OK] Argentina/ECM_ENSEMBLE_Corn_Winter_PRCP_DEP/cumulative dia 00 (2026-08-21 → 2026-08-21) 28030 bytes
2026-08-21 09:35:31,021 [INFO] [OK] Argentina/ECM_ENSEMBLE_Corn_Winter_PRCP_DEP/daily dia 14 (2026-09-04 → 2026-09-04) 42427 bytes
2026-08-21 09:35:31,118 [INFO] [OK] Argentina/ECM_ENSEMBLE_Corn_Winter_PRCP_DEP/daily dia 11 (2026-09-01 → 2026-09-01) 41848 bytes
2026-08-21 09:35:31,134 [INFO] [OK] Argentina/ECM_ENSEMBLE_Corn_Winter_PRCP_DEP/daily dia 12 (2026-09-02 → 2026-09-02) 41448 bytes
2026-08-21 09:35:31,215 [INFO] [OK] Argentina/ECM_ENSEMBLE_Corn_Winter_PRCP_DEP/cumulative dia 01 (2026-08-21 → 2026-08-22) 28485 bytes
2026-08-21 09:35:32,478 [INFO] [OK] Argentina/ECM_ENSEMBLE_Corn_Winter_PRCP_DEP/cumulative dia 02 (2026-08-21 → 2026-08-23) 30984 bytes
2026-08-21 09:35:32,483 [INFO] [OK] Argentina/ECM_ENSEMBLE_Corn_Winter_PRCP_DEP/cumulative dia 04 (2026-08-21 → 2026-08-25) 36931 bytes
2026-08-21 09:35:32,485 [INFO] [OK] Argentina/ECM_ENSEMBLE_Corn_Winter_PRCP_DEP/cumulative dia 05 (2026-08-21 → 2026-08-26) 38620 bytes
2026-08-21 09:35:32,487 [INFO] [OK] Argentina/ECM_ENSEMBLE_Corn_Winter_PRCP_DEP/cumulative dia 06 (2026-08-21 → 2026-08-27) 40205 bytes
2026-08-21 09:35:32,490 [INFO] [OK] Argentina/ECM_ENSEMBLE_Corn_Winter_PRCP_DEP/cumulative dia 03 (2026-08-21 → 2026-08-24) 35596 bytes
2026-08-21 09:35:32,567 [INFO] [OK] Argentina/ECM_ENSEMBLE_Corn_Winter_PRCP_DEP/cumulative dia 07 (2026-08-21 → 2026-08-28) 40900 bytes
2026-08-21 09:35:34,699 [INFO] [OK] Argentina/ECM_ENSEMBLE_Corn_Winter_PRCP_DEP/cumulative dia 10 (2026-08-21 → 2026-08-31) 42219 bytes
2026-08-21 09:35:34,764 [INFO] [OK] Argentina/ECM_ENSEMBLE_Corn_Winter_PRCP_DEP/cumulative dia 08 (2026-08-21 → 2026-08-29) 40631 bytes
2026-08-21 09:35:34,898 [INFO] [OK] Argentina/ECM_ENSEMBLE_Corn_Winter_PRCP_DEP/cumulative dia 09 (2026-08-21 → 2026-08-30) 41446 bytes
2026-08-21 09:35:34,943 [INFO] [OK] Argentina/ECM_ENSEMBLE_Corn_Winter_PRCP_DEP/cumulative dia 12 (2026-08-21 → 2026-09-02) 42729 bytes
2026-08-21 09:35:34,948 [INFO] [OK] Argentina/ECM_ENSEMBLE_Corn_Winter_PRCP_DEP/cumulative dia 11 (2026-08-21 → 2026-09-01) 42608 bytes
2026-08-21 09:35:35,163 [INFO] [OK] Argentina/ECM_ENSEMBLE_Corn_Winter_PRCP_DEP/cumulative dia 13 (2026-08-21 → 2026-09-03) 42896 bytes
2026-08-21 09:35:35,770 [INFO] [OK] Argentina/ECM_ENSEMBLE_Corn_Winter_PRCP/daily dia 00 (2026-08-21 → 2026-08-21) 23066 bytes
2026-08-21 09:35:35,920 [INFO] [OK] Argentina/ECM_ENSEMBLE_Corn_Winter_PRCP/daily dia 01 (2026-08-22 → 2026-08-22) 23261 bytes
2026-08-21 09:35:36,108 [INFO] [OK] Argentina/ECM_ENSEMBLE_Corn_Winter_PRCP/daily dia 02 (2026-08-23 → 2026-08-23) 24251 bytes
2026-08-21 09:35:36,519 [INFO] [OK] Argentina/ECM_ENSEMBLE_Corn_Winter_PRCP/daily dia 03 (2026-08-24 → 2026-08-24) 26174 bytes
2026-08-21 09:35:36,520 [INFO] [OK] Argentina/ECM_ENSEMBLE_Corn_Winter_PRCP_DEP/cumulative dia 14 (2026-08-21 → 2026-09-04) 42800 bytes
2026-08-21 09:35:36,663 [INFO] [OK] Argentina/ECM_ENSEMBLE_Corn_Winter_PRCP/daily dia 04 (2026-08-25 → 2026-08-25) 27046 bytes
2026-08-21 09:35:36,925 [INFO] [OK] Argentina/ECM_ENSEMBLE_Corn_Winter_PRCP/daily dia 05 (2026-08-26 → 2026-08-26) 26893 bytes
2026-08-21 09:35:37,044 [INFO] [OK] Argentina/ECM_ENSEMBLE_Corn_Winter_PRCP/daily dia 06 (2026-08-27 → 2026-08-27) 27453 bytes
2026-08-21 09:35:37,686 [INFO] [OK] Argentina/ECM_ENSEMBLE_Corn_Winter_PRCP/daily dia 07 (2026-08-28 → 2026-08-28) 26921 bytes
2026-08-21 09:35:37,837 [INFO] [OK] Argentina/ECM_ENSEMBLE_Corn_Winter_PRCP/daily dia 10 (2026-08-31 → 2026-08-31) 28696 bytes
2026-08-21 09:35:37,840 [INFO] [OK] Argentina/ECM_ENSEMBLE_Corn_Winter_PRCP/daily dia 08 (2026-08-29 → 2026-08-29) 27663 bytes
2026-08-21 09:35:38,078 [INFO] [OK] Argentina/ECM_ENSEMBLE_Corn_Winter_PRCP/daily dia 09 (2026-08-30 → 2026-08-30) 28398 bytes
2026-08-21 09:35:38,131 [INFO] [OK] Argentina/ECM_ENSEMBLE_Corn_Winter_PRCP/daily dia 12 (2026-09-02 → 2026-09-02) 26827 bytes
2026-08-21 09:35:38,135 [INFO] [OK] Argentina/ECM_ENSEMBLE_Corn_Winter_PRCP/daily dia 11 (2026-09-01 → 2026-09-01) 27262 bytes
2026-08-21 09:35:38,913 [INFO] [OK] Argentina/ECM_ENSEMBLE_Corn_Winter_PRCP/daily dia 13 (2026-09-03 → 2026-09-03) 26993 bytes
2026-08-21 09:35:38,965 [INFO] [OK] Argentina/ECM_ENSEMBLE_Corn_Winter_PRCP/daily dia 14 (2026-09-04 → 2026-09-04) 26098 bytes
2026-08-21 09:35:38,983 [INFO] [OK] Argentina/ECM_ENSEMBLE_Corn_Winter_PRCP/cumulative dia 00 (2026-08-21 → 2026-08-21) 23066 bytes
2026-08-21 09:35:39,149 [INFO] [OK] Argentina/ECM_ENSEMBLE_Corn_Winter_PRCP/cumulative dia 01 (2026-08-21 → 2026-08-22) 23597 bytes
2026-08-21 09:35:39,305 [INFO] [OK] Argentina/ECM_ENSEMBLE_Corn_Winter_PRCP/cumulative dia 02 (2026-08-21 → 2026-08-23) 24739 bytes
2026-08-21 09:35:39,399 [INFO] [OK] Argentina/ECM_ENSEMBLE_Corn_Winter_PRCP/cumulative dia 03 (2026-08-21 → 2026-08-24) 27196 bytes
2026-08-21 09:35:40,415 [INFO] [OK] Argentina/ECM_ENSEMBLE_Corn_Winter_PRCP/cumulative dia 04 (2026-08-21 → 2026-08-25) 29528 bytes
2026-08-21 09:35:40,475 [INFO] [OK] Argentina/ECM_ENSEMBLE_Corn_Winter_PRCP/cumulative dia 06 (2026-08-21 → 2026-08-27) 32756 bytes
2026-08-21 09:35:40,520 [INFO] [OK] Argentina/ECM_ENSEMBLE_Corn_Winter_PRCP/cumulative dia 05 (2026-08-21 → 2026-08-26) 31038 bytes
2026-08-21 09:35:40,749 [INFO] [OK] Argentina/ECM_ENSEMBLE_Corn_Winter_PRCP/cumulative dia 08 (2026-08-21 → 2026-08-29) 34302 bytes
2026-08-21 09:35:40,750 [INFO] [OK] Argentina/ECM_ENSEMBLE_Corn_Winter_PRCP/cumulative dia 07 (2026-08-21 → 2026-08-28) 33562 bytes
2026-08-21 09:35:40,905 [INFO] [OK] Argentina/ECM_ENSEMBLE_Corn_Winter_PRCP/cumulative dia 09 (2026-08-21 → 2026-08-30) 35082 bytes
2026-08-21 09:35:42,694 [INFO] [OK] Argentina/ECM_ENSEMBLE_Corn_Winter_PRCP/cumulative dia 10 (2026-08-21 → 2026-08-31) 35582 bytes
2026-08-21 09:35:43,038 [INFO] [OK] Argentina/ECM_ENSEMBLE_Corn_Winter_PRCP/cumulative dia 11 (2026-08-21 → 2026-09-01) 36528 bytes
2026-08-21 09:35:43,138 [INFO] [OK] Argentina/ECM_ENSEMBLE_Corn_Winter_PRCP/cumulative dia 12 (2026-08-21 → 2026-09-02) 37138 bytes
2026-08-21 09:35:43,476 [INFO] [OK] Argentina/ECM_ENSEMBLE_Corn_Winter_PRCP/cumulative dia 13 (2026-08-21 → 2026-09-03) 37603 bytes
2026-08-21 09:35:43,482 [INFO] [OK] Argentina/ECM_ENSEMBLE_Corn_Winter_PRCP/cumulative dia 14 (2026-08-21 → 2026-09-04) 37373 bytes
2026-08-21 09:35:43,752 [INFO] [OK] USA/GFS_ENSEMBLE_Corn_PRCP_DEP/daily dia 00 (2026-08-21 → 2026-08-21) 54219 bytes
2026-08-21 09:35:44,326 [INFO] [OK] USA/GFS_ENSEMBLE_Corn_PRCP_DEP/daily dia 01 (2026-08-22 → 2026-08-22) 55933 bytes
2026-08-21 09:35:45,112 [INFO] [OK] USA/GFS_ENSEMBLE_Corn_PRCP_DEP/daily dia 02 (2026-08-23 → 2026-08-23) 53651 bytes
2026-08-21 09:35:45,116 [INFO] [OK] USA/GFS_ENSEMBLE_Corn_PRCP_DEP/daily dia 03 (2026-08-24 → 2026-08-24) 54470 bytes
2026-08-21 09:35:45,410 [INFO] [OK] USA/GFS_ENSEMBLE_Corn_PRCP_DEP/daily dia 04 (2026-08-25 → 2026-08-25) 54678 bytes
2026-08-21 09:35:45,468 [INFO] [OK] USA/GFS_ENSEMBLE_Corn_PRCP_DEP/daily dia 06 (2026-08-27 → 2026-08-27) 58605 bytes
2026-08-21 09:35:45,822 [INFO] [OK] USA/GFS_ENSEMBLE_Corn_PRCP_DEP/daily dia 05 (2026-08-26 → 2026-08-26) 57520 bytes
2026-08-21 09:35:46,098 [INFO] [OK] USA/GFS_ENSEMBLE_Corn_PRCP_DEP/daily dia 07 (2026-08-28 → 2026-08-28) 55796 bytes
2026-08-21 09:35:46,787 [INFO] [OK] USA/GFS_ENSEMBLE_Corn_PRCP_DEP/daily dia 09 (2026-08-30 → 2026-08-30) 58864 bytes
2026-08-21 09:35:46,835 [INFO] [OK] USA/GFS_ENSEMBLE_Corn_PRCP_DEP/daily dia 08 (2026-08-29 → 2026-08-29) 54125 bytes
2026-08-21 09:35:47,377 [INFO] [OK] USA/GFS_ENSEMBLE_Corn_PRCP_DEP/daily dia 10 (2026-08-31 → 2026-08-31) 59548 bytes
2026-08-21 09:35:47,379 [INFO] [OK] USA/GFS_ENSEMBLE_Corn_PRCP_DEP/daily dia 11 (2026-09-01 → 2026-09-01) 60327 bytes
2026-08-21 09:35:47,953 [INFO] [OK] USA/GFS_ENSEMBLE_Corn_PRCP_DEP/daily dia 12 (2026-09-02 → 2026-09-02) 61042 bytes
2026-08-21 09:35:48,343 [INFO] [OK] USA/GFS_ENSEMBLE_Corn_PRCP_DEP/daily dia 13 (2026-09-03 → 2026-09-03) 60788 bytes
2026-08-21 09:35:48,538 [INFO] [OK] USA/GFS_ENSEMBLE_Corn_PRCP_DEP/cumulative dia 00 (2026-08-21 → 2026-08-21) 54219 bytes
2026-08-21 09:35:48,607 [INFO] [OK] USA/GFS_ENSEMBLE_Corn_PRCP_DEP/daily dia 14 (2026-09-04 → 2026-09-04) 60672 bytes
2026-08-21 09:35:49,162 [INFO] [OK] USA/GFS_ENSEMBLE_Corn_PRCP_DEP/cumulative dia 01 (2026-08-21 → 2026-08-22) 59591 bytes
2026-08-21 09:35:49,622 [INFO] [OK] USA/GFS_ENSEMBLE_Corn_PRCP_DEP/cumulative dia 02 (2026-08-21 → 2026-08-23) 59899 bytes
2026-08-21 09:35:50,329 [INFO] [OK] USA/GFS_ENSEMBLE_Corn_PRCP_DEP/cumulative dia 03 (2026-08-21 → 2026-08-24) 59552 bytes
2026-08-21 09:35:50,709 [INFO] [OK] USA/GFS_ENSEMBLE_Corn_PRCP_DEP/cumulative dia 04 (2026-08-21 → 2026-08-25) 59775 bytes
2026-08-21 09:35:51,342 [INFO] [OK] USA/GFS_ENSEMBLE_Corn_PRCP_DEP/cumulative dia 05 (2026-08-21 → 2026-08-26) 59419 bytes
2026-08-21 09:35:51,529 [INFO] [OK] USA/GFS_ENSEMBLE_Corn_PRCP_DEP/cumulative dia 06 (2026-08-21 → 2026-08-27) 59358 bytes
2026-08-21 09:35:52,179 [INFO] [OK] USA/GFS_ENSEMBLE_Corn_PRCP_DEP/cumulative dia 07 (2026-08-21 → 2026-08-28) 58717 bytes
2026-08-21 09:35:52,718 [INFO] [OK] USA/GFS_ENSEMBLE_Corn_PRCP_DEP/cumulative dia 08 (2026-08-21 → 2026-08-29) 57986 bytes
2026-08-21 09:35:53,422 [INFO] [OK] USA/GFS_ENSEMBLE_Corn_PRCP_DEP/cumulative dia 09 (2026-08-21 → 2026-08-30) 58043 bytes
2026-08-21 09:35:54,822 [INFO] [OK] USA/GFS_ENSEMBLE_Corn_PRCP_DEP/cumulative dia 10 (2026-08-21 → 2026-08-31) 58143 bytes
2026-08-21 09:35:55,600 [INFO] [OK] USA/GFS_ENSEMBLE_Corn_PRCP_DEP/cumulative dia 12 (2026-08-21 → 2026-09-02) 58193 bytes
2026-08-21 09:35:55,715 [INFO] [OK] USA/GFS_ENSEMBLE_Corn_PRCP_DEP/cumulative dia 11 (2026-08-21 → 2026-09-01) 58228 bytes
2026-08-21 09:35:56,183 [INFO] [OK] USA/GFS_ENSEMBLE_Corn_PRCP/daily dia 00 (2026-08-21 → 2026-08-21) 37668 bytes
2026-08-21 09:35:56,965 [INFO] [OK] USA/GFS_ENSEMBLE_Corn_PRCP/daily dia 01 (2026-08-22 → 2026-08-22) 37719 bytes
2026-08-21 09:35:58,102 [INFO] [OK] USA/GFS_ENSEMBLE_Corn_PRCP/daily dia 02 (2026-08-23 → 2026-08-23) 35498 bytes
2026-08-21 09:35:58,239 [INFO] [OK] USA/GFS_ENSEMBLE_Corn_PRCP/daily dia 03 (2026-08-24 → 2026-08-24) 35935 bytes
2026-08-21 09:35:58,634 [INFO] [OK] USA/GFS_ENSEMBLE_Corn_PRCP_DEP/cumulative dia 14 (2026-08-21 → 2026-09-04) 59061 bytes
2026-08-21 09:35:58,900 [INFO] [OK] USA/GFS_ENSEMBLE_Corn_PRCP/daily dia 04 (2026-08-25 → 2026-08-25) 35471 bytes
2026-08-21 09:35:59,742 [INFO] [OK] USA/GFS_ENSEMBLE_Corn_PRCP/daily dia 05 (2026-08-26 → 2026-08-26) 36268 bytes
2026-08-21 09:35:59,870 [INFO] [OK] USA/GFS_ENSEMBLE_Corn_PRCP_DEP/cumulative dia 13 (2026-08-21 → 2026-09-03) 58591 bytes
2026-08-21 09:36:00,718 [INFO] [OK] USA/GFS_ENSEMBLE_Corn_PRCP/daily dia 08 (2026-08-29 → 2026-08-29) 34938 bytes
2026-08-21 09:36:00,722 [INFO] [OK] USA/GFS_ENSEMBLE_Corn_PRCP/daily dia 07 (2026-08-28 → 2026-08-28) 35419 bytes
2026-08-21 09:36:01,339 [INFO] [OK] USA/GFS_ENSEMBLE_Corn_PRCP/daily dia 06 (2026-08-27 → 2026-08-27) 35583 bytes
2026-08-21 09:36:01,342 [INFO] [OK] USA/GFS_ENSEMBLE_Corn_PRCP/daily dia 09 (2026-08-30 → 2026-08-30) 35322 bytes
2026-08-21 09:36:01,475 [INFO] [OK] USA/GFS_ENSEMBLE_Corn_PRCP/daily dia 10 (2026-08-31 → 2026-08-31) 35828 bytes
2026-08-21 09:36:01,683 [INFO] [OK] USA/GFS_ENSEMBLE_Corn_PRCP/daily dia 11 (2026-09-01 → 2026-09-01) 36211 bytes
2026-08-21 09:36:02,407 [INFO] [OK] USA/GFS_ENSEMBLE_Corn_PRCP/daily dia 13 (2026-09-03 → 2026-09-03) 36667 bytes
2026-08-21 09:36:03,887 [INFO] [OK] USA/GFS_ENSEMBLE_Corn_PRCP/cumulative dia 01 (2026-08-21 → 2026-08-22) 41240 bytes
2026-08-21 09:36:03,888 [INFO] [OK] USA/GFS_ENSEMBLE_Corn_PRCP/cumulative dia 02 (2026-08-21 → 2026-08-23) 42541 bytes
2026-08-21 09:36:03,892 [INFO] [OK] USA/GFS_ENSEMBLE_Corn_PRCP/daily dia 12 (2026-09-02 → 2026-09-02) 35613 bytes
2026-08-21 09:36:03,911 [INFO] [OK] USA/GFS_ENSEMBLE_Corn_PRCP/daily dia 14 (2026-09-04 → 2026-09-04) 36367 bytes
2026-08-21 09:36:04,127 [INFO] [OK] USA/GFS_ENSEMBLE_Corn_PRCP/cumulative dia 00 (2026-08-21 → 2026-08-21) 37668 bytes
2026-08-21 09:36:04,350 [INFO] [OK] USA/GFS_ENSEMBLE_Corn_PRCP/cumulative dia 03 (2026-08-21 → 2026-08-24) 42606 bytes
2026-08-21 09:36:06,647 [INFO] [OK] USA/GFS_ENSEMBLE_Corn_PRCP/cumulative dia 04 (2026-08-21 → 2026-08-25) 43192 bytes
2026-08-21 09:36:06,868 [INFO] [OK] USA/GFS_ENSEMBLE_Corn_PRCP/cumulative dia 05 (2026-08-21 → 2026-08-26) 44190 bytes
2026-08-21 09:36:06,938 [INFO] [OK] USA/GFS_ENSEMBLE_Corn_PRCP/cumulative dia 07 (2026-08-21 → 2026-08-28) 45570 bytes
2026-08-21 09:36:07,287 [INFO] [OK] USA/GFS_ENSEMBLE_Corn_PRCP/cumulative dia 06 (2026-08-21 → 2026-08-27) 45113 bytes
2026-08-21 09:36:07,565 [INFO] [OK] USA/GFS_ENSEMBLE_Corn_PRCP/cumulative dia 08 (2026-08-21 → 2026-08-29) 46043 bytes
2026-08-21 09:36:08,482 [INFO] [OK] USA/GFS_ENSEMBLE_Corn_PRCP/cumulative dia 09 (2026-08-21 → 2026-08-30) 46007 bytes
2026-08-21 09:36:12,468 [INFO] [OK] USA/GFS_ENSEMBLE_Soy_PRCP_DEP/daily dia 00 (2026-08-21 → 2026-08-21) 53851 bytes
2026-08-21 09:36:15,198 [INFO] [OK] USA/GFS_ENSEMBLE_Corn_PRCP/cumulative dia 10 (2026-08-21 → 2026-08-31) 46995 bytes
2026-08-21 09:36:16,752 [INFO] [OK] USA/GFS_ENSEMBLE_Corn_PRCP/cumulative dia 11 (2026-08-21 → 2026-09-01) 48074 bytes
2026-08-21 09:36:17,273 [INFO] [OK] USA/GFS_ENSEMBLE_Soy_PRCP_DEP/daily dia 01 (2026-08-22 → 2026-08-22) 55643 bytes
2026-08-21 09:36:17,391 [INFO] [OK] USA/GFS_ENSEMBLE_Corn_PRCP/cumulative dia 12 (2026-08-21 → 2026-09-02) 48213 bytes
2026-08-21 09:36:17,465 [INFO] [OK] USA/GFS_ENSEMBLE_Corn_PRCP/cumulative dia 13 (2026-08-21 → 2026-09-03) 48317 bytes
2026-08-21 09:36:19,689 [INFO] [OK] USA/GFS_ENSEMBLE_Corn_PRCP/cumulative dia 14 (2026-08-21 → 2026-09-04) 48145 bytes
2026-08-21 09:36:19,695 [INFO] [OK] USA/GFS_ENSEMBLE_Soy_PRCP_DEP/daily dia 02 (2026-08-23 → 2026-08-23) 53216 bytes
2026-08-21 09:36:20,293 [INFO] [OK] USA/GFS_ENSEMBLE_Soy_PRCP_DEP/daily dia 05 (2026-08-26 → 2026-08-26) 57155 bytes
2026-08-21 09:36:20,399 [INFO] [OK] USA/GFS_ENSEMBLE_Soy_PRCP_DEP/daily dia 04 (2026-08-25 → 2026-08-25) 54378 bytes
2026-08-21 09:36:20,510 [INFO] [OK] USA/GFS_ENSEMBLE_Soy_PRCP_DEP/daily dia 03 (2026-08-24 → 2026-08-24) 54005 bytes
2026-08-21 09:36:20,704 [INFO] [OK] USA/GFS_ENSEMBLE_Soy_PRCP_DEP/daily dia 06 (2026-08-27 → 2026-08-27) 58309 bytes
2026-08-21 09:36:22,141 [INFO] [OK] USA/GFS_ENSEMBLE_Soy_PRCP_DEP/daily dia 08 (2026-08-29 → 2026-08-29) 53761 bytes
2026-08-21 09:36:22,491 [INFO] [OK] USA/GFS_ENSEMBLE_Soy_PRCP_DEP/daily dia 07 (2026-08-28 → 2026-08-28) 55454 bytes
2026-08-21 09:36:23,421 [INFO] [OK] USA/GFS_ENSEMBLE_Soy_PRCP_DEP/daily dia 09 (2026-08-30 → 2026-08-30) 58619 bytes
2026-08-21 09:36:23,440 [INFO] [OK] USA/GFS_ENSEMBLE_Soy_PRCP_DEP/daily dia 12 (2026-09-02 → 2026-09-02) 60727 bytes
2026-08-21 09:36:23,451 [INFO] [OK] USA/GFS_ENSEMBLE_Soy_PRCP_DEP/daily dia 11 (2026-09-01 → 2026-09-01) 60192 bytes
2026-08-21 09:36:23,451 [INFO] [OK] USA/GFS_ENSEMBLE_Soy_PRCP_DEP/daily dia 10 (2026-08-31 → 2026-08-31) 59398 bytes
2026-08-21 09:36:24,866 [INFO] [OK] USA/GFS_ENSEMBLE_Soy_PRCP_DEP/daily dia 13 (2026-09-03 → 2026-09-03) 60590 bytes
2026-08-21 09:36:25,292 [INFO] [OK] USA/GFS_ENSEMBLE_Soy_PRCP_DEP/daily dia 14 (2026-09-04 → 2026-09-04) 60443 bytes
2026-08-21 09:36:26,791 [INFO] [OK] USA/GFS_ENSEMBLE_Soy_PRCP_DEP/cumulative dia 00 (2026-08-21 → 2026-08-21) 53851 bytes
2026-08-21 09:36:27,068 [INFO] [OK] USA/GFS_ENSEMBLE_Soy_PRCP_DEP/cumulative dia 01 (2026-08-21 → 2026-08-22) 59301 bytes
2026-08-21 09:36:27,314 [INFO] [OK] USA/GFS_ENSEMBLE_Soy_PRCP_DEP/cumulative dia 03 (2026-08-21 → 2026-08-24) 59161 bytes
2026-08-21 09:36:27,566 [INFO] [OK] USA/GFS_ENSEMBLE_Soy_PRCP_DEP/cumulative dia 02 (2026-08-21 → 2026-08-23) 59674 bytes
2026-08-21 09:36:29,842 [INFO] [OK] USA/GFS_ENSEMBLE_Soy_PRCP_DEP/cumulative dia 04 (2026-08-21 → 2026-08-25) 59447 bytes
2026-08-21 09:36:29,891 [INFO] [OK] USA/GFS_ENSEMBLE_Soy_PRCP_DEP/cumulative dia 05 (2026-08-21 → 2026-08-26) 59036 bytes
2026-08-21 09:36:33,027 [INFO] [OK] USA/GFS_ENSEMBLE_Soy_PRCP_DEP/cumulative dia 06 (2026-08-21 → 2026-08-27) 58905 bytes
2026-08-21 09:36:33,811 [INFO] [OK] USA/GFS_ENSEMBLE_Soy_PRCP_DEP/cumulative dia 07 (2026-08-21 → 2026-08-28) 58307 bytes
2026-08-21 09:36:34,345 [INFO] [OK] USA/GFS_ENSEMBLE_Soy_PRCP_DEP/cumulative dia 08 (2026-08-21 → 2026-08-29) 57406 bytes
2026-08-21 09:36:34,692 [INFO] [OK] USA/GFS_ENSEMBLE_Soy_PRCP_DEP/cumulative dia 09 (2026-08-21 → 2026-08-30) 57561 bytes
2026-08-21 09:36:36,363 [INFO] [OK] USA/GFS_ENSEMBLE_Soy_PRCP_DEP/cumulative dia 10 (2026-08-21 → 2026-08-31) 57749 bytes
2026-08-21 09:36:36,753 [INFO] [OK] USA/GFS_ENSEMBLE_Soy_PRCP_DEP/cumulative dia 11 (2026-08-21 → 2026-09-01) 58040 bytes
2026-08-21 09:36:37,591 [INFO] [OK] USA/GFS_ENSEMBLE_Soy_PRCP/daily dia 00 (2026-08-21 → 2026-08-21) 37095 bytes
2026-08-21 09:36:38,881 [INFO] [OK] USA/GFS_ENSEMBLE_Soy_PRCP/daily dia 01 (2026-08-22 → 2026-08-22) 37254 bytes
2026-08-21 09:36:39,474 [INFO] [OK] USA/GFS_ENSEMBLE_Soy_PRCP_DEP/cumulative dia 12 (2026-08-21 → 2026-09-02) 57829 bytes
2026-08-21 09:36:39,779 [INFO] [OK] USA/GFS_ENSEMBLE_Soy_PRCP/daily dia 02 (2026-08-23 → 2026-08-23) 35066 bytes
2026-08-21 09:36:40,254 [INFO] [OK] USA/GFS_ENSEMBLE_Soy_PRCP/daily dia 03 (2026-08-24 → 2026-08-24) 35411 bytes
2026-08-21 09:36:40,915 [INFO] [OK] USA/GFS_ENSEMBLE_Soy_PRCP_DEP/cumulative dia 13 (2026-08-21 → 2026-09-03) 58219 bytes
2026-08-21 09:36:41,341 [INFO] [OK] USA/GFS_ENSEMBLE_Soy_PRCP_DEP/cumulative dia 14 (2026-08-21 → 2026-09-04) 58594 bytes
2026-08-21 09:36:41,755 [INFO] [OK] USA/GFS_ENSEMBLE_Soy_PRCP/daily dia 04 (2026-08-25 → 2026-08-25) 35111 bytes
2026-08-21 09:36:42,855 [INFO] [OK] USA/GFS_ENSEMBLE_Soy_PRCP/daily dia 07 (2026-08-28 → 2026-08-28) 34971 bytes
2026-08-21 09:36:42,873 [INFO] [OK] USA/GFS_ENSEMBLE_Soy_PRCP/daily dia 06 (2026-08-27 → 2026-08-27) 35175 bytes
2026-08-21 09:36:43,244 [INFO] [OK] USA/GFS_ENSEMBLE_Soy_PRCP/daily dia 05 (2026-08-26 → 2026-08-26) 35789 bytes
2026-08-21 09:36:43,848 [INFO] [OK] USA/GFS_ENSEMBLE_Soy_PRCP/daily dia 08 (2026-08-29 → 2026-08-29) 34446 bytes
2026-08-21 09:36:43,894 [INFO] [OK] USA/GFS_ENSEMBLE_Soy_PRCP/daily dia 10 (2026-08-31 → 2026-08-31) 35333 bytes
2026-08-21 09:36:43,942 [INFO] [OK] USA/GFS_ENSEMBLE_Soy_PRCP/daily dia 09 (2026-08-30 → 2026-08-30) 34736 bytes
2026-08-21 09:36:45,328 [INFO] [OK] USA/GFS_ENSEMBLE_Soy_PRCP/daily dia 11 (2026-09-01 → 2026-09-01) 35758 bytes
2026-08-21 09:36:45,336 [INFO] [OK] USA/GFS_ENSEMBLE_Soy_PRCP/daily dia 12 (2026-09-02 → 2026-09-02) 35274 bytes
2026-08-21 09:36:45,339 [INFO] [OK] USA/GFS_ENSEMBLE_Soy_PRCP/daily dia 13 (2026-09-03 → 2026-09-03) 36212 bytes
2026-08-21 09:36:45,714 [INFO] [OK] USA/GFS_ENSEMBLE_Soy_PRCP/cumulative dia 00 (2026-08-21 → 2026-08-21) 37095 bytes
2026-08-21 09:36:45,861 [INFO] [OK] USA/GFS_ENSEMBLE_Soy_PRCP/cumulative dia 01 (2026-08-21 → 2026-08-22) 40846 bytes
2026-08-21 09:36:45,864 [INFO] [OK] USA/GFS_ENSEMBLE_Soy_PRCP/daily dia 14 (2026-09-04 → 2026-09-04) 36072 bytes
2026-08-21 09:36:47,960 [INFO] [OK] USA/GFS_ENSEMBLE_Soy_PRCP/cumulative dia 02 (2026-08-21 → 2026-08-23) 42253 bytes
2026-08-21 09:36:48,228 [INFO] [OK] USA/GFS_ENSEMBLE_Soy_PRCP/cumulative dia 03 (2026-08-21 → 2026-08-24) 42191 bytes
2026-08-21 09:36:48,379 [INFO] [OK] USA/GFS_ENSEMBLE_Soy_PRCP/cumulative dia 04 (2026-08-21 → 2026-08-25) 42686 bytes
2026-08-21 09:36:48,819 [INFO] [OK] USA/GFS_ENSEMBLE_Soy_PRCP/cumulative dia 05 (2026-08-21 → 2026-08-26) 43742 bytes
2026-08-21 09:36:49,050 [INFO] [OK] USA/GFS_ENSEMBLE_Soy_PRCP/cumulative dia 06 (2026-08-21 → 2026-08-27) 44620 bytes
2026-08-21 09:36:49,170 [INFO] [OK] USA/GFS_ENSEMBLE_Soy_PRCP/cumulative dia 07 (2026-08-21 → 2026-08-28) 45073 bytes
2026-08-21 09:36:51,668 [INFO] [OK] USA/GFS_ENSEMBLE_Soy_PRCP/cumulative dia 08 (2026-08-21 → 2026-08-29) 45329 bytes
2026-08-21 09:36:52,322 [INFO] [OK] USA/GFS_ENSEMBLE_Soy_PRCP/cumulative dia 09 (2026-08-21 → 2026-08-30) 45448 bytes
2026-08-21 09:36:53,677 [INFO] [OK] USA/GFS_ENSEMBLE_Soy_PRCP/cumulative dia 10 (2026-08-21 → 2026-08-31) 46325 bytes
2026-08-21 09:36:54,073 [INFO] [OK] USA/GFS_ENSEMBLE_Soy_PRCP/cumulative dia 11 (2026-08-21 → 2026-09-01) 47465 bytes
2026-08-21 09:36:54,786 [INFO] [OK] USA/GFS_ENSEMBLE_Soy_PRCP/cumulative dia 12 (2026-08-21 → 2026-09-02) 47687 bytes
2026-08-21 09:36:54,823 [INFO] [OK] USA/GFS_ENSEMBLE_Wheat_Winter_PRCP_DEP/daily dia 00 (2026-08-21 → 2026-08-21) 55281 bytes
2026-08-21 09:36:55,135 [INFO] [OK] USA/GFS_ENSEMBLE_Soy_PRCP/cumulative dia 13 (2026-08-21 → 2026-09-03) 47666 bytes
2026-08-21 09:36:55,770 [INFO] [OK] USA/GFS_ENSEMBLE_Wheat_Winter_PRCP_DEP/daily dia 01 (2026-08-22 → 2026-08-22) 57369 bytes
2026-08-21 09:36:55,981 [INFO] [OK] USA/GFS_ENSEMBLE_Wheat_Winter_PRCP_DEP/daily dia 02 (2026-08-23 → 2026-08-23) 55082 bytes
2026-08-21 09:36:56,222 [INFO] [OK] USA/GFS_ENSEMBLE_Soy_PRCP/cumulative dia 14 (2026-08-21 → 2026-09-04) 47465 bytes
2026-08-21 09:36:56,556 [INFO] [OK] USA/GFS_ENSEMBLE_Wheat_Winter_PRCP_DEP/daily dia 04 (2026-08-25 → 2026-08-25) 55962 bytes
2026-08-21 09:36:56,704 [INFO] [OK] USA/GFS_ENSEMBLE_Wheat_Winter_PRCP_DEP/daily dia 03 (2026-08-24 → 2026-08-24) 55401 bytes
2026-08-21 09:36:57,175 [INFO] [OK] USA/GFS_ENSEMBLE_Wheat_Winter_PRCP_DEP/daily dia 05 (2026-08-26 → 2026-08-26) 59200 bytes
2026-08-21 09:36:57,870 [INFO] [OK] USA/GFS_ENSEMBLE_Wheat_Winter_PRCP_DEP/daily dia 06 (2026-08-27 → 2026-08-27) 59965 bytes
2026-08-21 09:36:58,101 [INFO] [OK] USA/GFS_ENSEMBLE_Wheat_Winter_PRCP_DEP/daily dia 07 (2026-08-28 → 2026-08-28) 57099 bytes
2026-08-21 09:36:58,202 [INFO] [OK] USA/GFS_ENSEMBLE_Wheat_Winter_PRCP_DEP/daily dia 08 (2026-08-29 → 2026-08-29) 55666 bytes
2026-08-21 09:36:58,633 [INFO] [OK] USA/GFS_ENSEMBLE_Wheat_Winter_PRCP_DEP/daily dia 10 (2026-08-31 → 2026-08-31) 60477 bytes
2026-08-21 09:36:58,852 [INFO] [OK] USA/GFS_ENSEMBLE_Wheat_Winter_PRCP_DEP/daily dia 09 (2026-08-30 → 2026-08-30) 60098 bytes
2026-08-21 09:36:59,123 [INFO] [OK] USA/GFS_ENSEMBLE_Wheat_Winter_PRCP_DEP/daily dia 11 (2026-09-01 → 2026-09-01) 61109 bytes
2026-08-21 09:36:59,793 [INFO] [OK] USA/GFS_ENSEMBLE_Wheat_Winter_PRCP_DEP/daily dia 12 (2026-09-02 → 2026-09-02) 62219 bytes
2026-08-21 09:36:59,907 [INFO] [OK] USA/GFS_ENSEMBLE_Wheat_Winter_PRCP_DEP/daily dia 13 (2026-09-03 → 2026-09-03) 62190 bytes
2026-08-21 09:37:00,090 [INFO] [OK] USA/GFS_ENSEMBLE_Wheat_Winter_PRCP_DEP/daily dia 14 (2026-09-04 → 2026-09-04) 61909 bytes
2026-08-21 09:37:00,689 [INFO] [OK] USA/GFS_ENSEMBLE_Wheat_Winter_PRCP_DEP/cumulative dia 00 (2026-08-21 → 2026-08-21) 55281 bytes
2026-08-21 09:37:01,011 [INFO] [OK] USA/GFS_ENSEMBLE_Wheat_Winter_PRCP_DEP/cumulative dia 01 (2026-08-21 → 2026-08-22) 60391 bytes
2026-08-21 09:37:01,223 [INFO] [OK] USA/GFS_ENSEMBLE_Wheat_Winter_PRCP_DEP/cumulative dia 02 (2026-08-21 → 2026-08-23) 60940 bytes
2026-08-21 09:37:02,344 [INFO] [OK] USA/GFS_ENSEMBLE_Wheat_Winter_PRCP_DEP/cumulative dia 03 (2026-08-21 → 2026-08-24) 60538 bytes
2026-08-21 09:37:02,348 [INFO] [OK] USA/GFS_ENSEMBLE_Wheat_Winter_PRCP_DEP/cumulative dia 04 (2026-08-21 → 2026-08-25) 60929 bytes
2026-08-21 09:37:02,732 [INFO] [OK] USA/GFS_ENSEMBLE_Wheat_Winter_PRCP_DEP/cumulative dia 05 (2026-08-21 → 2026-08-26) 60454 bytes
2026-08-21 09:37:03,511 [INFO] [OK] USA/GFS_ENSEMBLE_Wheat_Winter_PRCP_DEP/cumulative dia 06 (2026-08-21 → 2026-08-27) 60163 bytes
2026-08-21 09:37:03,656 [INFO] [OK] USA/GFS_ENSEMBLE_Wheat_Winter_PRCP_DEP/cumulative dia 07 (2026-08-21 → 2026-08-28) 59743 bytes
2026-08-21 09:37:03,933 [INFO] [OK] USA/GFS_ENSEMBLE_Wheat_Winter_PRCP_DEP/cumulative dia 08 (2026-08-21 → 2026-08-29) 59236 bytes
2026-08-21 09:37:04,936 [INFO] [OK] USA/GFS_ENSEMBLE_Wheat_Winter_PRCP_DEP/cumulative dia 09 (2026-08-21 → 2026-08-30) 59424 bytes
2026-08-21 09:37:05,125 [INFO] [OK] USA/GFS_ENSEMBLE_Wheat_Winter_PRCP_DEP/cumulative dia 10 (2026-08-21 → 2026-08-31) 59513 bytes
2026-08-21 09:37:05,695 [INFO] [OK] USA/GFS_ENSEMBLE_Wheat_Winter_PRCP_DEP/cumulative dia 11 (2026-08-21 → 2026-09-01) 59566 bytes
2026-08-21 09:37:06,404 [INFO] [OK] USA/GFS_ENSEMBLE_Wheat_Winter_PRCP_DEP/cumulative dia 12 (2026-08-21 → 2026-09-02) 59193 bytes
2026-08-21 09:37:06,547 [INFO] [OK] USA/GFS_ENSEMBLE_Wheat_Winter_PRCP/daily dia 00 (2026-08-21 → 2026-08-21) 38775 bytes
2026-08-21 09:37:06,603 [INFO] [OK] USA/GFS_ENSEMBLE_Wheat_Winter_PRCP_DEP/cumulative dia 13 (2026-08-21 → 2026-09-03) 59831 bytes
2026-08-21 09:37:06,690 [INFO] [OK] USA/GFS_ENSEMBLE_Wheat_Winter_PRCP/daily dia 01 (2026-08-22 → 2026-08-22) 38817 bytes
2026-08-21 09:37:07,072 [INFO] [OK] USA/GFS_ENSEMBLE_Wheat_Winter_PRCP_DEP/cumulative dia 14 (2026-08-21 → 2026-09-04) 60098 bytes
2026-08-21 09:37:07,302 [INFO] [OK] USA/GFS_ENSEMBLE_Wheat_Winter_PRCP/daily dia 02 (2026-08-23 → 2026-08-23) 36510 bytes
2026-08-21 09:37:07,932 [INFO] [OK] USA/GFS_ENSEMBLE_Wheat_Winter_PRCP/daily dia 03 (2026-08-24 → 2026-08-24) 36987 bytes
2026-08-21 09:37:08,123 [INFO] [OK] USA/GFS_ENSEMBLE_Wheat_Winter_PRCP/daily dia 04 (2026-08-25 → 2026-08-25) 36724 bytes
2026-08-21 09:37:08,216 [INFO] [OK] USA/GFS_ENSEMBLE_Wheat_Winter_PRCP/daily dia 05 (2026-08-26 → 2026-08-26) 37396 bytes
2026-08-21 09:37:08,276 [INFO] [OK] USA/GFS_ENSEMBLE_Wheat_Winter_PRCP/daily dia 06 (2026-08-27 → 2026-08-27) 36695 bytes
2026-08-21 09:37:08,715 [INFO] [OK] USA/GFS_ENSEMBLE_Wheat_Winter_PRCP/daily dia 07 (2026-08-28 → 2026-08-28) 36557 bytes
2026-08-21 09:37:08,886 [INFO] [OK] USA/GFS_ENSEMBLE_Wheat_Winter_PRCP/daily dia 08 (2026-08-29 → 2026-08-29) 36151 bytes
2026-08-21 09:37:09,467 [INFO] [OK] USA/GFS_ENSEMBLE_Wheat_Winter_PRCP/daily dia 09 (2026-08-30 → 2026-08-30) 36436 bytes
2026-08-21 09:37:09,675 [INFO] [OK] USA/GFS_ENSEMBLE_Wheat_Winter_PRCP/daily dia 10 (2026-08-31 → 2026-08-31) 36895 bytes
2026-08-21 09:37:09,828 [INFO] [OK] USA/GFS_ENSEMBLE_Wheat_Winter_PRCP/daily dia 11 (2026-09-01 → 2026-09-01) 37201 bytes
2026-08-21 09:37:09,883 [INFO] [OK] USA/GFS_ENSEMBLE_Wheat_Winter_PRCP/daily dia 12 (2026-09-02 → 2026-09-02) 36745 bytes
2026-08-21 09:37:10,311 [INFO] [OK] USA/GFS_ENSEMBLE_Wheat_Winter_PRCP/daily dia 13 (2026-09-03 → 2026-09-03) 37786 bytes
2026-08-21 09:37:10,409 [INFO] [OK] USA/GFS_ENSEMBLE_Wheat_Winter_PRCP/daily dia 14 (2026-09-04 → 2026-09-04) 37556 bytes
2026-08-21 09:37:11,046 [INFO] [OK] USA/GFS_ENSEMBLE_Wheat_Winter_PRCP/cumulative dia 00 (2026-08-21 → 2026-08-21) 38775 bytes
2026-08-21 09:37:11,358 [INFO] [OK] USA/GFS_ENSEMBLE_Wheat_Winter_PRCP/cumulative dia 01 (2026-08-21 → 2026-08-22) 42103 bytes
2026-08-21 09:37:11,654 [INFO] [OK] USA/GFS_ENSEMBLE_Wheat_Winter_PRCP/cumulative dia 02 (2026-08-21 → 2026-08-23) 43587 bytes
2026-08-21 09:37:11,821 [INFO] [OK] USA/GFS_ENSEMBLE_Wheat_Winter_PRCP/cumulative dia 03 (2026-08-21 → 2026-08-24) 43718 bytes
2026-08-21 09:37:12,291 [INFO] [OK] USA/GFS_ENSEMBLE_Wheat_Winter_PRCP/cumulative dia 04 (2026-08-21 → 2026-08-25) 44301 bytes
2026-08-21 09:37:12,728 [INFO] [OK] USA/GFS_ENSEMBLE_Wheat_Winter_PRCP/cumulative dia 05 (2026-08-21 → 2026-08-26) 45343 bytes
2026-08-21 09:37:13,261 [INFO] [OK] USA/GFS_ENSEMBLE_Wheat_Winter_PRCP/cumulative dia 06 (2026-08-21 → 2026-08-27) 46239 bytes
2026-08-21 09:37:13,691 [INFO] [OK] USA/GFS_ENSEMBLE_Wheat_Winter_PRCP/cumulative dia 07 (2026-08-21 → 2026-08-28) 46601 bytes
2026-08-21 09:37:14,147 [INFO] [OK] USA/GFS_ENSEMBLE_Wheat_Winter_PRCP/cumulative dia 08 (2026-08-21 → 2026-08-29) 47152 bytes
2026-08-21 09:37:14,268 [INFO] [OK] USA/GFS_ENSEMBLE_Wheat_Winter_PRCP/cumulative dia 09 (2026-08-21 → 2026-08-30) 47137 bytes
2026-08-21 09:37:15,405 [INFO] [OK] USA/GFS_ENSEMBLE_Wheat_Winter_PRCP/cumulative dia 10 (2026-08-21 → 2026-08-31) 48087 bytes
2026-08-21 09:37:15,530 [INFO] [OK] USA/GFS_ENSEMBLE_Wheat_Winter_PRCP/cumulative dia 11 (2026-08-21 → 2026-09-01) 49191 bytes
2026-08-21 09:37:16,090 [INFO] [OK] USA/GFS_ENSEMBLE_Wheat_Winter_PRCP/cumulative dia 12 (2026-08-21 → 2026-09-02) 49683 bytes
2026-08-21 09:37:16,095 [INFO] [OK] USA/GFS_ENSEMBLE_Wheat_Spring_PRCP_DEP/daily dia 00 (2026-08-21 → 2026-08-21) 52079 bytes
2026-08-21 09:37:16,545 [INFO] [OK] USA/GFS_ENSEMBLE_Wheat_Winter_PRCP/cumulative dia 13 (2026-08-21 → 2026-09-03) 49664 bytes
2026-08-21 09:37:17,281 [INFO] [OK] USA/GFS_ENSEMBLE_Wheat_Spring_PRCP_DEP/daily dia 01 (2026-08-22 → 2026-08-22) 54225 bytes
2026-08-21 09:37:17,285 [INFO] [OK] USA/GFS_ENSEMBLE_Wheat_Spring_PRCP_DEP/daily dia 02 (2026-08-23 → 2026-08-23) 51748 bytes
2026-08-21 09:37:17,291 [INFO] [OK] USA/GFS_ENSEMBLE_Wheat_Winter_PRCP/cumulative dia 14 (2026-08-21 → 2026-09-04) 49404 bytes
2026-08-21 09:37:17,724 [INFO] [OK] USA/GFS_ENSEMBLE_Wheat_Spring_PRCP_DEP/daily dia 03 (2026-08-24 → 2026-08-24) 52120 bytes
2026-08-21 09:37:17,810 [INFO] [OK] USA/GFS_ENSEMBLE_Wheat_Spring_PRCP_DEP/daily dia 04 (2026-08-25 → 2026-08-25) 52420 bytes
2026-08-21 09:37:18,119 [INFO] [OK] USA/GFS_ENSEMBLE_Wheat_Spring_PRCP_DEP/daily dia 05 (2026-08-26 → 2026-08-26) 55002 bytes
2026-08-21 09:37:18,877 [INFO] [OK] USA/GFS_ENSEMBLE_Wheat_Spring_PRCP_DEP/daily dia 07 (2026-08-28 → 2026-08-28) 53495 bytes
2026-08-21 09:37:18,881 [INFO] [OK] USA/GFS_ENSEMBLE_Wheat_Spring_PRCP_DEP/daily dia 06 (2026-08-27 → 2026-08-27) 56854 bytes
2026-08-21 09:37:18,924 [INFO] [OK] USA/GFS_ENSEMBLE_Wheat_Spring_PRCP_DEP/daily dia 08 (2026-08-29 → 2026-08-29) 51873 bytes
2026-08-21 09:37:19,456 [INFO] [OK] USA/GFS_ENSEMBLE_Wheat_Spring_PRCP_DEP/daily dia 09 (2026-08-30 → 2026-08-30) 56542 bytes
2026-08-21 09:37:19,588 [INFO] [OK] USA/GFS_ENSEMBLE_Wheat_Spring_PRCP_DEP/daily dia 10 (2026-08-31 → 2026-08-31) 57531 bytes
2026-08-21 09:37:19,804 [INFO] [OK] USA/GFS_ENSEMBLE_Wheat_Spring_PRCP_DEP/daily dia 11 (2026-09-01 → 2026-09-01) 58000 bytes
2026-08-21 09:37:20,600 [INFO] [OK] USA/GFS_ENSEMBLE_Wheat_Spring_PRCP_DEP/daily dia 13 (2026-09-03 → 2026-09-03) 58700 bytes
2026-08-21 09:37:20,638 [INFO] [OK] USA/GFS_ENSEMBLE_Wheat_Spring_PRCP_DEP/daily dia 12 (2026-09-02 → 2026-09-02) 58996 bytes
2026-08-21 09:37:20,639 [INFO] [OK] USA/GFS_ENSEMBLE_Wheat_Spring_PRCP_DEP/daily dia 14 (2026-09-04 → 2026-09-04) 58236 bytes
2026-08-21 09:37:21,085 [INFO] [OK] USA/GFS_ENSEMBLE_Wheat_Spring_PRCP_DEP/cumulative dia 00 (2026-08-21 → 2026-08-21) 52079 bytes
2026-08-21 09:37:21,332 [INFO] [OK] USA/GFS_ENSEMBLE_Wheat_Spring_PRCP_DEP/cumulative dia 01 (2026-08-21 → 2026-08-22) 57448 bytes
2026-08-21 09:37:21,606 [INFO] [OK] USA/GFS_ENSEMBLE_Wheat_Spring_PRCP_DEP/cumulative dia 02 (2026-08-21 → 2026-08-23) 58083 bytes
2026-08-21 09:37:22,662 [INFO] [OK] USA/GFS_ENSEMBLE_Wheat_Spring_PRCP_DEP/cumulative dia 03 (2026-08-21 → 2026-08-24) 57445 bytes
2026-08-21 09:37:22,868 [INFO] [OK] USA/GFS_ENSEMBLE_Wheat_Spring_PRCP_DEP/cumulative dia 04 (2026-08-21 → 2026-08-25) 57824 bytes
2026-08-21 09:37:22,933 [INFO] [OK] USA/GFS_ENSEMBLE_Wheat_Spring_PRCP_DEP/cumulative dia 05 (2026-08-21 → 2026-08-26) 57310 bytes
2026-08-21 09:37:23,365 [INFO] [OK] USA/GFS_ENSEMBLE_Wheat_Spring_PRCP_DEP/cumulative dia 06 (2026-08-21 → 2026-08-27) 57307 bytes
2026-08-21 09:37:23,637 [INFO] [OK] USA/GFS_ENSEMBLE_Wheat_Spring_PRCP_DEP/cumulative dia 07 (2026-08-21 → 2026-08-28) 56491 bytes
2026-08-21 09:37:24,040 [INFO] [OK] USA/GFS_ENSEMBLE_Wheat_Spring_PRCP_DEP/cumulative dia 08 (2026-08-21 → 2026-08-29) 55688 bytes
2026-08-21 09:37:25,353 [INFO] [OK] USA/GFS_ENSEMBLE_Wheat_Spring_PRCP_DEP/cumulative dia 09 (2026-08-21 → 2026-08-30) 55793 bytes
2026-08-21 09:37:25,514 [INFO] [OK] USA/GFS_ENSEMBLE_Wheat_Spring_PRCP_DEP/cumulative dia 10 (2026-08-21 → 2026-08-31) 56098 bytes
2026-08-21 09:37:25,808 [INFO] [OK] USA/GFS_ENSEMBLE_Wheat_Spring_PRCP_DEP/cumulative dia 11 (2026-08-21 → 2026-09-01) 56172 bytes
2026-08-21 09:37:26,184 [INFO] [OK] USA/GFS_ENSEMBLE_Wheat_Spring_PRCP_DEP/cumulative dia 12 (2026-08-21 → 2026-09-02) 56138 bytes
2026-08-21 09:37:26,652 [INFO] [OK] USA/GFS_ENSEMBLE_Wheat_Spring_PRCP_DEP/cumulative dia 13 (2026-08-21 → 2026-09-03) 56629 bytes
2026-08-21 09:37:26,932 [INFO] [OK] USA/GFS_ENSEMBLE_Wheat_Spring_PRCP/daily dia 00 (2026-08-21 → 2026-08-21) 35468 bytes
2026-08-21 09:37:27,071 [INFO] [OK] USA/GFS_ENSEMBLE_Wheat_Spring_PRCP/daily dia 01 (2026-08-22 → 2026-08-22) 35744 bytes
2026-08-21 09:37:27,105 [INFO] [OK] USA/GFS_ENSEMBLE_Wheat_Spring_PRCP_DEP/cumulative dia 14 (2026-08-21 → 2026-09-04) 56761 bytes
2026-08-21 09:37:27,333 [INFO] [OK] USA/GFS_ENSEMBLE_Wheat_Spring_PRCP/daily dia 02 (2026-08-23 → 2026-08-23) 33789 bytes
2026-08-21 09:37:28,114 [INFO] [OK] USA/GFS_ENSEMBLE_Wheat_Spring_PRCP/daily dia 03 (2026-08-24 → 2026-08-24) 34011 bytes
2026-08-21 09:37:28,272 [INFO] [OK] USA/GFS_ENSEMBLE_Wheat_Spring_PRCP/daily dia 04 (2026-08-25 → 2026-08-25) 33631 bytes
2026-08-21 09:37:28,676 [INFO] [OK] USA/GFS_ENSEMBLE_Wheat_Spring_PRCP/daily dia 05 (2026-08-26 → 2026-08-26) 34117 bytes
2026-08-21 09:37:29,120 [INFO] [OK] USA/GFS_ENSEMBLE_Wheat_Spring_PRCP/daily dia 06 (2026-08-27 → 2026-08-27) 33785 bytes
2026-08-21 09:37:29,195 [INFO] [OK] USA/GFS_ENSEMBLE_Wheat_Spring_PRCP/daily dia 08 (2026-08-29 → 2026-08-29) 33307 bytes
2026-08-21 09:37:29,264 [INFO] [OK] USA/GFS_ENSEMBLE_Wheat_Spring_PRCP/daily dia 07 (2026-08-28 → 2026-08-28) 33545 bytes
2026-08-21 09:37:29,587 [INFO] [OK] USA/GFS_ENSEMBLE_Wheat_Spring_PRCP/daily dia 09 (2026-08-30 → 2026-08-30) 33382 bytes
2026-08-21 09:37:30,106 [INFO] [OK] USA/GFS_ENSEMBLE_Wheat_Spring_PRCP/daily dia 10 (2026-08-31 → 2026-08-31) 33851 bytes
2026-08-21 09:37:30,254 [INFO] [OK] USA/GFS_ENSEMBLE_Wheat_Spring_PRCP/daily dia 11 (2026-09-01 → 2026-09-01) 34394 bytes
2026-08-21 09:37:30,705 [INFO] [OK] USA/GFS_ENSEMBLE_Wheat_Spring_PRCP/daily dia 12 (2026-09-02 → 2026-09-02) 33763 bytes
2026-08-21 09:37:30,719 [INFO] [OK] USA/GFS_ENSEMBLE_Wheat_Spring_PRCP/daily dia 13 (2026-09-03 → 2026-09-03) 34896 bytes
2026-08-21 09:37:30,820 [INFO] [OK] USA/GFS_ENSEMBLE_Wheat_Spring_PRCP/daily dia 14 (2026-09-04 → 2026-09-04) 34576 bytes
2026-08-21 09:37:31,330 [INFO] [OK] USA/GFS_ENSEMBLE_Wheat_Spring_PRCP/cumulative dia 00 (2026-08-21 → 2026-08-21) 35468 bytes
2026-08-21 09:37:31,752 [INFO] [OK] USA/GFS_ENSEMBLE_Wheat_Spring_PRCP/cumulative dia 01 (2026-08-21 → 2026-08-22) 38844 bytes
2026-08-21 09:37:32,028 [INFO] [OK] USA/GFS_ENSEMBLE_Wheat_Spring_PRCP/cumulative dia 02 (2026-08-21 → 2026-08-23) 40329 bytes
2026-08-21 09:37:32,953 [INFO] [OK] USA/GFS_ENSEMBLE_Wheat_Spring_PRCP/cumulative dia 03 (2026-08-21 → 2026-08-24) 40409 bytes
2026-08-21 09:37:32,955 [INFO] [OK] USA/GFS_ENSEMBLE_Wheat_Spring_PRCP/cumulative dia 04 (2026-08-21 → 2026-08-25) 40861 bytes
2026-08-21 09:37:32,957 [INFO] [OK] USA/GFS_ENSEMBLE_Wheat_Spring_PRCP/cumulative dia 05 (2026-08-21 → 2026-08-26) 41889 bytes
2026-08-21 09:37:33,564 [INFO] [OK] USA/GFS_ENSEMBLE_Wheat_Spring_PRCP/cumulative dia 06 (2026-08-21 → 2026-08-27) 42584 bytes
2026-08-21 09:37:33,897 [INFO] [OK] USA/GFS_ENSEMBLE_Wheat_Spring_PRCP/cumulative dia 07 (2026-08-21 → 2026-08-28) 43116 bytes
2026-08-21 09:37:34,339 [INFO] [OK] USA/GFS_ENSEMBLE_Wheat_Spring_PRCP/cumulative dia 08 (2026-08-21 → 2026-08-29) 43509 bytes
2026-08-21 09:37:35,395 [INFO] [OK] USA/GFS_ENSEMBLE_Wheat_Spring_PRCP/cumulative dia 09 (2026-08-21 → 2026-08-30) 43486 bytes
2026-08-21 09:37:35,566 [INFO] [OK] USA/GFS_ENSEMBLE_Wheat_Spring_PRCP/cumulative dia 10 (2026-08-21 → 2026-08-31) 44511 bytes
2026-08-21 09:37:35,705 [INFO] [OK] USA/GFS_ENSEMBLE_Wheat_Spring_PRCP/cumulative dia 11 (2026-08-21 → 2026-09-01) 45697 bytes
2026-08-21 09:37:36,264 [INFO] [OK] USA/GFS_ENSEMBLE_Wheat_Spring_PRCP/cumulative dia 12 (2026-08-21 → 2026-09-02) 45798 bytes
2026-08-21 09:37:36,747 [INFO] [OK] USA/GFS_ENSEMBLE_Wheat_Spring_PRCP/cumulative dia 13 (2026-08-21 → 2026-09-03) 45708 bytes
2026-08-21 09:37:37,087 [INFO] [OK] USA/ECM_ENSEMBLE_Corn_PRCP_DEP/daily dia 00 (2026-08-21 → 2026-08-21) 55317 bytes
2026-08-21 09:37:37,332 [INFO] [OK] USA/GFS_ENSEMBLE_Wheat_Spring_PRCP/cumulative dia 14 (2026-08-21 → 2026-09-04) 45698 bytes
2026-08-21 09:37:37,485 [INFO] [OK] USA/ECM_ENSEMBLE_Corn_PRCP_DEP/daily dia 02 (2026-08-23 → 2026-08-23) 53811 bytes
2026-08-21 09:37:37,576 [INFO] [OK] USA/ECM_ENSEMBLE_Corn_PRCP_DEP/daily dia 01 (2026-08-22 → 2026-08-22) 54744 bytes
2026-08-21 09:37:37,826 [INFO] [OK] USA/ECM_ENSEMBLE_Corn_PRCP_DEP/daily dia 03 (2026-08-24 → 2026-08-24) 53881 bytes
2026-08-21 09:37:38,436 [INFO] [OK] USA/ECM_ENSEMBLE_Corn_PRCP_DEP/daily dia 04 (2026-08-25 → 2026-08-25) 53106 bytes
2026-08-21 09:37:38,954 [INFO] [OK] USA/ECM_ENSEMBLE_Corn_PRCP_DEP/daily dia 06 (2026-08-27 → 2026-08-27) 56944 bytes
2026-08-21 09:37:38,957 [INFO] [OK] USA/ECM_ENSEMBLE_Corn_PRCP_DEP/daily dia 05 (2026-08-26 → 2026-08-26) 56403 bytes
2026-08-21 09:37:39,109 [INFO] [OK] USA/ECM_ENSEMBLE_Corn_PRCP_DEP/daily dia 07 (2026-08-28 → 2026-08-28) 54942 bytes
2026-08-21 09:37:39,223 [INFO] [OK] USA/ECM_ENSEMBLE_Corn_PRCP_DEP/daily dia 08 (2026-08-29 → 2026-08-29) 55280 bytes
2026-08-21 09:37:39,503 [INFO] [OK] USA/ECM_ENSEMBLE_Corn_PRCP_DEP/daily dia 09 (2026-08-30 → 2026-08-30) 55343 bytes
2026-08-21 09:37:40,455 [INFO] [OK] USA/ECM_ENSEMBLE_Corn_PRCP_DEP/daily dia 10 (2026-08-31 → 2026-08-31) 56764 bytes
2026-08-21 09:37:40,657 [INFO] [OK] USA/ECM_ENSEMBLE_Corn_PRCP_DEP/daily dia 11 (2026-09-01 → 2026-09-01) 57202 bytes
2026-08-21 09:37:40,662 [INFO] [OK] USA/ECM_ENSEMBLE_Corn_PRCP_DEP/daily dia 12 (2026-09-02 → 2026-09-02) 59137 bytes
2026-08-21 09:37:40,754 [INFO] [OK] USA/ECM_ENSEMBLE_Corn_PRCP_DEP/daily dia 13 (2026-09-03 → 2026-09-03) 59377 bytes
2026-08-21 09:37:40,927 [INFO] [OK] USA/ECM_ENSEMBLE_Corn_PRCP_DEP/daily dia 14 (2026-09-04 → 2026-09-04) 55883 bytes
2026-08-21 09:37:41,129 [INFO] [OK] USA/ECM_ENSEMBLE_Corn_PRCP_DEP/cumulative dia 00 (2026-08-21 → 2026-08-21) 55317 bytes
2026-08-21 09:37:42,385 [INFO] [OK] USA/ECM_ENSEMBLE_Corn_PRCP_DEP/cumulative dia 01 (2026-08-21 → 2026-08-22) 58071 bytes
2026-08-21 09:37:42,734 [INFO] [OK] USA/ECM_ENSEMBLE_Corn_PRCP_DEP/cumulative dia 02 (2026-08-21 → 2026-08-23) 59106 bytes
2026-08-21 09:37:42,795 [INFO] [OK] USA/ECM_ENSEMBLE_Corn_PRCP_DEP/cumulative dia 03 (2026-08-21 → 2026-08-24) 59731 bytes
2026-08-21 09:37:42,802 [INFO] [OK] USA/ECM_ENSEMBLE_Corn_PRCP_DEP/cumulative dia 04 (2026-08-21 → 2026-08-25) 59755 bytes
2026-08-21 09:37:43,138 [INFO] [OK] USA/ECM_ENSEMBLE_Corn_PRCP_DEP/cumulative dia 05 (2026-08-21 → 2026-08-26) 59735 bytes
2026-08-21 09:37:43,227 [INFO] [OK] USA/ECM_ENSEMBLE_Corn_PRCP_DEP/cumulative dia 06 (2026-08-21 → 2026-08-27) 60061 bytes
2026-08-21 09:37:44,804 [INFO] [OK] USA/ECM_ENSEMBLE_Corn_PRCP_DEP/cumulative dia 07 (2026-08-21 → 2026-08-28) 59681 bytes
2026-08-21 09:37:45,190 [INFO] [OK] USA/ECM_ENSEMBLE_Corn_PRCP_DEP/cumulative dia 08 (2026-08-21 → 2026-08-29) 59758 bytes
2026-08-21 09:37:45,407 [INFO] [OK] USA/ECM_ENSEMBLE_Corn_PRCP_DEP/cumulative dia 09 (2026-08-21 → 2026-08-30) 59580 bytes
2026-08-21 09:37:45,608 [INFO] [OK] USA/ECM_ENSEMBLE_Corn_PRCP_DEP/cumulative dia 10 (2026-08-21 → 2026-08-31) 59366 bytes
2026-08-21 09:37:45,948 [INFO] [OK] USA/ECM_ENSEMBLE_Corn_PRCP_DEP/cumulative dia 11 (2026-08-21 → 2026-09-01) 60115 bytes
2026-08-21 09:37:46,083 [INFO] [OK] USA/ECM_ENSEMBLE_Corn_PRCP_DEP/cumulative dia 12 (2026-08-21 → 2026-09-02) 59794 bytes
2026-08-21 09:37:46,969 [INFO] [OK] USA/ECM_ENSEMBLE_Corn_PRCP/daily dia 00 (2026-08-21 → 2026-08-21) 37112 bytes
2026-08-21 09:37:47,177 [INFO] [OK] USA/ECM_ENSEMBLE_Corn_PRCP/daily dia 01 (2026-08-22 → 2026-08-22) 37679 bytes
2026-08-21 09:37:47,544 [INFO] [OK] USA/ECM_ENSEMBLE_Corn_PRCP/daily dia 02 (2026-08-23 → 2026-08-23) 36673 bytes
2026-08-21 09:37:47,686 [INFO] [OK] USA/ECM_ENSEMBLE_Corn_PRCP/daily dia 03 (2026-08-24 → 2026-08-24) 36341 bytes
2026-08-21 09:37:47,700 [INFO] [OK] USA/ECM_ENSEMBLE_Corn_PRCP_DEP/cumulative dia 13 (2026-08-21 → 2026-09-03) 59490 bytes
2026-08-21 09:37:48,082 [INFO] [OK] USA/ECM_ENSEMBLE_Corn_PRCP_DEP/cumulative dia 14 (2026-08-21 → 2026-09-04) 59388 bytes
2026-08-21 09:37:48,598 [INFO] [OK] USA/ECM_ENSEMBLE_Corn_PRCP/daily dia 04 (2026-08-25 → 2026-08-25) 35344 bytes
2026-08-21 09:37:48,787 [INFO] [OK] USA/ECM_ENSEMBLE_Corn_PRCP/daily dia 05 (2026-08-26 → 2026-08-26) 35507 bytes
2026-08-21 09:37:49,075 [INFO] [OK] USA/ECM_ENSEMBLE_Corn_PRCP/daily dia 06 (2026-08-27 → 2026-08-27) 36199 bytes
2026-08-21 09:37:49,261 [INFO] [OK] USA/ECM_ENSEMBLE_Corn_PRCP/daily dia 07 (2026-08-28 → 2026-08-28) 35512 bytes
2026-08-21 09:37:49,389 [INFO] [OK] USA/ECM_ENSEMBLE_Corn_PRCP/daily dia 08 (2026-08-29 → 2026-08-29) 35050 bytes
2026-08-21 09:37:49,682 [INFO] [OK] USA/ECM_ENSEMBLE_Corn_PRCP/daily dia 09 (2026-08-30 → 2026-08-30) 35062 bytes
2026-08-21 09:37:50,119 [INFO] [OK] USA/ECM_ENSEMBLE_Corn_PRCP/daily dia 10 (2026-08-31 → 2026-08-31) 34875 bytes
2026-08-21 09:37:50,309 [INFO] [OK] USA/ECM_ENSEMBLE_Corn_PRCP/daily dia 11 (2026-09-01 → 2026-09-01) 35444 bytes
2026-08-21 09:37:50,618 [INFO] [OK] USA/ECM_ENSEMBLE_Corn_PRCP/daily dia 12 (2026-09-02 → 2026-09-02) 35759 bytes
2026-08-21 09:37:50,846 [INFO] [OK] USA/ECM_ENSEMBLE_Corn_PRCP/daily dia 13 (2026-09-03 → 2026-09-03) 35831 bytes
2026-08-21 09:37:50,979 [INFO] [OK] USA/ECM_ENSEMBLE_Corn_PRCP/daily dia 14 (2026-09-04 → 2026-09-04) 34859 bytes
2026-08-21 09:37:51,406 [INFO] [OK] USA/ECM_ENSEMBLE_Corn_PRCP/cumulative dia 00 (2026-08-21 → 2026-08-21) 37112 bytes
2026-08-21 09:37:51,745 [INFO] [OK] USA/ECM_ENSEMBLE_Corn_PRCP/cumulative dia 01 (2026-08-21 → 2026-08-22) 40277 bytes
2026-08-21 09:37:52,008 [INFO] [OK] USA/ECM_ENSEMBLE_Corn_PRCP/cumulative dia 02 (2026-08-21 → 2026-08-23) 42252 bytes
2026-08-21 09:37:52,628 [INFO] [OK] USA/ECM_ENSEMBLE_Corn_PRCP/cumulative dia 03 (2026-08-21 → 2026-08-24) 43566 bytes
2026-08-21 09:37:52,830 [INFO] [OK] USA/ECM_ENSEMBLE_Corn_PRCP/cumulative dia 04 (2026-08-21 → 2026-08-25) 44559 bytes
2026-08-21 09:37:53,429 [INFO] [OK] USA/ECM_ENSEMBLE_Corn_PRCP/cumulative dia 05 (2026-08-21 → 2026-08-26) 44951 bytes
2026-08-21 09:37:53,522 [INFO] [OK] USA/ECM_ENSEMBLE_Corn_PRCP/cumulative dia 06 (2026-08-21 → 2026-08-27) 46026 bytes
2026-08-21 09:37:54,076 [INFO] [OK] USA/ECM_ENSEMBLE_Corn_PRCP/cumulative dia 07 (2026-08-21 → 2026-08-28) 46676 bytes
2026-08-21 09:37:54,343 [INFO] [OK] USA/ECM_ENSEMBLE_Corn_PRCP/cumulative dia 08 (2026-08-21 → 2026-08-29) 47719 bytes
2026-08-21 09:37:55,200 [INFO] [OK] USA/ECM_ENSEMBLE_Corn_PRCP/cumulative dia 09 (2026-08-21 → 2026-08-30) 47721 bytes
2026-08-21 09:37:55,377 [INFO] [OK] USA/ECM_ENSEMBLE_Corn_PRCP/cumulative dia 10 (2026-08-21 → 2026-08-31) 47948 bytes
2026-08-21 09:37:56,127 [INFO] [OK] USA/ECM_ENSEMBLE_Corn_PRCP/cumulative dia 11 (2026-08-21 → 2026-09-01) 48042 bytes
2026-08-21 09:37:56,317 [INFO] [OK] USA/ECM_ENSEMBLE_Corn_PRCP/cumulative dia 12 (2026-08-21 → 2026-09-02) 48805 bytes
2026-08-21 09:37:56,952 [INFO] [OK] USA/ECM_ENSEMBLE_Corn_PRCP/cumulative dia 13 (2026-08-21 → 2026-09-03) 49442 bytes
2026-08-21 09:37:56,962 [INFO] [OK] USA/ECM_ENSEMBLE_Soy_PRCP_DEP/daily dia 00 (2026-08-21 → 2026-08-21) 54934 bytes
2026-08-21 09:37:57,006 [INFO] [OK] USA/ECM_ENSEMBLE_Soy_PRCP_DEP/daily dia 01 (2026-08-22 → 2026-08-22) 54335 bytes
2026-08-21 09:37:57,301 [INFO] [OK] USA/ECM_ENSEMBLE_Corn_PRCP/cumulative dia 14 (2026-08-21 → 2026-09-04) 50060 bytes
2026-08-21 09:37:57,678 [INFO] [OK] USA/ECM_ENSEMBLE_Soy_PRCP_DEP/daily dia 02 (2026-08-23 → 2026-08-23) 53474 bytes
2026-08-21 09:37:57,861 [INFO] [OK] USA/ECM_ENSEMBLE_Soy_PRCP_DEP/daily dia 03 (2026-08-24 → 2026-08-24) 53533 bytes
2026-08-21 09:37:58,660 [INFO] [OK] USA/ECM_ENSEMBLE_Soy_PRCP_DEP/daily dia 05 (2026-08-26 → 2026-08-26) 56030 bytes
2026-08-21 09:37:58,744 [INFO] [OK] USA/ECM_ENSEMBLE_Soy_PRCP_DEP/daily dia 04 (2026-08-25 → 2026-08-25) 52695 bytes
2026-08-21 09:37:58,754 [INFO] [OK] USA/ECM_ENSEMBLE_Soy_PRCP_DEP/daily dia 06 (2026-08-27 → 2026-08-27) 56343 bytes
2026-08-21 09:37:58,951 [INFO] [OK] USA/ECM_ENSEMBLE_Soy_PRCP_DEP/daily dia 07 (2026-08-28 → 2026-08-28) 54530 bytes
2026-08-21 09:37:59,341 [INFO] [OK] USA/ECM_ENSEMBLE_Soy_PRCP_DEP/daily dia 08 (2026-08-29 → 2026-08-29) 54840 bytes
2026-08-21 09:37:59,412 [INFO] [OK] USA/ECM_ENSEMBLE_Soy_PRCP_DEP/daily dia 09 (2026-08-30 → 2026-08-30) 55110 bytes
2026-08-21 09:38:00,293 [INFO] [OK] USA/ECM_ENSEMBLE_Soy_PRCP_DEP/daily dia 10 (2026-08-31 → 2026-08-31) 56529 bytes
2026-08-21 09:38:00,412 [INFO] [OK] USA/ECM_ENSEMBLE_Soy_PRCP_DEP/daily dia 11 (2026-09-01 → 2026-09-01) 56881 bytes
2026-08-21 09:38:00,446 [INFO] [OK] USA/ECM_ENSEMBLE_Soy_PRCP_DEP/daily dia 12 (2026-09-02 → 2026-09-02) 58842 bytes
2026-08-21 09:38:00,613 [INFO] [OK] USA/ECM_ENSEMBLE_Soy_PRCP_DEP/daily dia 13 (2026-09-03 → 2026-09-03) 59085 bytes
2026-08-21 09:38:00,968 [INFO] [OK] USA/ECM_ENSEMBLE_Soy_PRCP_DEP/daily dia 14 (2026-09-04 → 2026-09-04) 55547 bytes
2026-08-21 09:38:01,079 [INFO] [OK] USA/ECM_ENSEMBLE_Soy_PRCP_DEP/cumulative dia 00 (2026-08-21 → 2026-08-21) 54934 bytes
2026-08-21 09:38:02,001 [INFO] [OK] USA/ECM_ENSEMBLE_Soy_PRCP_DEP/cumulative dia 01 (2026-08-21 → 2026-08-22) 57872 bytes
2026-08-21 09:38:02,325 [INFO] [OK] USA/ECM_ENSEMBLE_Soy_PRCP_DEP/cumulative dia 02 (2026-08-21 → 2026-08-23) 58747 bytes
2026-08-21 09:38:02,362 [INFO] [OK] USA/ECM_ENSEMBLE_Soy_PRCP_DEP/cumulative dia 03 (2026-08-21 → 2026-08-24) 59269 bytes
2026-08-21 09:38:02,720 [INFO] [OK] USA/ECM_ENSEMBLE_Soy_PRCP_DEP/cumulative dia 04 (2026-08-21 → 2026-08-25) 59599 bytes
2026-08-21 09:38:03,078 [INFO] [OK] USA/ECM_ENSEMBLE_Soy_PRCP_DEP/cumulative dia 05 (2026-08-21 → 2026-08-26) 59561 bytes
2026-08-21 09:38:03,244 [INFO] [OK] USA/ECM_ENSEMBLE_Soy_PRCP_DEP/cumulative dia 06 (2026-08-21 → 2026-08-27) 59814 bytes
2026-08-21 09:38:04,380 [INFO] [OK] USA/ECM_ENSEMBLE_Soy_PRCP_DEP/cumulative dia 07 (2026-08-21 → 2026-08-28) 59488 bytes
2026-08-21 09:38:04,726 [INFO] [OK] USA/ECM_ENSEMBLE_Soy_PRCP_DEP/cumulative dia 08 (2026-08-21 → 2026-08-29) 59228 bytes
2026-08-21 09:38:04,904 [INFO] [OK] USA/ECM_ENSEMBLE_Soy_PRCP_DEP/cumulative dia 09 (2026-08-21 → 2026-08-30) 59079 bytes
2026-08-21 09:38:05,487 [INFO] [OK] USA/ECM_ENSEMBLE_Soy_PRCP_DEP/cumulative dia 10 (2026-08-21 → 2026-08-31) 58854 bytes
2026-08-21 09:38:05,735 [INFO] [OK] USA/ECM_ENSEMBLE_Soy_PRCP_DEP/cumulative dia 11 (2026-08-21 → 2026-09-01) 59778 bytes
2026-08-21 09:38:05,963 [INFO] [OK] USA/ECM_ENSEMBLE_Soy_PRCP_DEP/cumulative dia 12 (2026-08-21 → 2026-09-02) 59263 bytes
2026-08-21 09:38:06,486 [INFO] [OK] USA/ECM_ENSEMBLE_Soy_PRCP/daily dia 00 (2026-08-21 → 2026-08-21) 36606 bytes
2026-08-21 09:38:07,029 [INFO] [OK] USA/ECM_ENSEMBLE_Soy_PRCP/daily dia 01 (2026-08-22 → 2026-08-22) 37298 bytes
2026-08-21 09:38:07,272 [INFO] [OK] USA/ECM_ENSEMBLE_Soy_PRCP/daily dia 02 (2026-08-23 → 2026-08-23) 36194 bytes
2026-08-21 09:38:07,404 [INFO] [OK] USA/ECM_ENSEMBLE_Soy_PRCP_DEP/cumulative dia 13 (2026-08-21 → 2026-09-03) 59019 bytes
2026-08-21 09:38:07,457 [INFO] [OK] USA/ECM_ENSEMBLE_Soy_PRCP/daily dia 03 (2026-08-24 → 2026-08-24) 35993 bytes
2026-08-21 09:38:07,678 [INFO] [OK] USA/ECM_ENSEMBLE_Soy_PRCP_DEP/cumulative dia 14 (2026-08-21 → 2026-09-04) 58980 bytes
2026-08-21 09:38:08,050 [INFO] [OK] USA/ECM_ENSEMBLE_Soy_PRCP/daily dia 04 (2026-08-25 → 2026-08-25) 34924 bytes
2026-08-21 09:38:08,700 [INFO] [OK] USA/ECM_ENSEMBLE_Soy_PRCP/daily dia 05 (2026-08-26 → 2026-08-26) 34951 bytes
2026-08-21 09:38:08,840 [INFO] [OK] USA/ECM_ENSEMBLE_Soy_PRCP/daily dia 06 (2026-08-27 → 2026-08-27) 35832 bytes
2026-08-21 09:38:08,966 [INFO] [OK] USA/ECM_ENSEMBLE_Soy_PRCP/daily dia 07 (2026-08-28 → 2026-08-28) 35084 bytes
2026-08-21 09:38:08,983 [INFO] [OK] USA/ECM_ENSEMBLE_Soy_PRCP/daily dia 08 (2026-08-29 → 2026-08-29) 34526 bytes
2026-08-21 09:38:09,166 [INFO] [OK] USA/ECM_ENSEMBLE_Soy_PRCP/daily dia 09 (2026-08-30 → 2026-08-30) 34615 bytes
2026-08-21 09:38:09,762 [INFO] [OK] USA/ECM_ENSEMBLE_Soy_PRCP/daily dia 10 (2026-08-31 → 2026-08-31) 34398 bytes
2026-08-21 09:38:10,242 [INFO] [OK] USA/ECM_ENSEMBLE_Soy_PRCP/daily dia 11 (2026-09-01 → 2026-09-01) 34993 bytes
2026-08-21 09:38:10,400 [INFO] [OK] USA/ECM_ENSEMBLE_Soy_PRCP/daily dia 12 (2026-09-02 → 2026-09-02) 35394 bytes
2026-08-21 09:38:10,500 [INFO] [OK] USA/ECM_ENSEMBLE_Soy_PRCP/daily dia 13 (2026-09-03 → 2026-09-03) 35456 bytes
2026-08-21 09:38:10,542 [INFO] [OK] USA/ECM_ENSEMBLE_Soy_PRCP/daily dia 14 (2026-09-04 → 2026-09-04) 34521 bytes
2026-08-21 09:38:10,654 [INFO] [OK] USA/ECM_ENSEMBLE_Soy_PRCP/cumulative dia 00 (2026-08-21 → 2026-08-21) 36606 bytes
2026-08-21 09:38:11,568 [INFO] [OK] USA/ECM_ENSEMBLE_Soy_PRCP/cumulative dia 01 (2026-08-21 → 2026-08-22) 39796 bytes
2026-08-21 09:38:12,050 [INFO] [OK] USA/ECM_ENSEMBLE_Soy_PRCP/cumulative dia 02 (2026-08-21 → 2026-08-23) 41889 bytes
2026-08-21 09:38:12,451 [INFO] [OK] USA/ECM_ENSEMBLE_Soy_PRCP/cumulative dia 03 (2026-08-21 → 2026-08-24) 42995 bytes
2026-08-21 09:38:12,543 [INFO] [OK] USA/ECM_ENSEMBLE_Soy_PRCP/cumulative dia 04 (2026-08-21 → 2026-08-25) 44097 bytes
2026-08-21 09:38:12,801 [INFO] [OK] USA/ECM_ENSEMBLE_Soy_PRCP/cumulative dia 06 (2026-08-21 → 2026-08-27) 45689 bytes
2026-08-21 09:38:12,971 [INFO] [OK] USA/ECM_ENSEMBLE_Soy_PRCP/cumulative dia 05 (2026-08-21 → 2026-08-26) 44479 bytes
2026-08-21 09:38:13,820 [INFO] [OK] USA/ECM_ENSEMBLE_Soy_PRCP/cumulative dia 07 (2026-08-21 → 2026-08-28) 46262 bytes
2026-08-21 09:38:14,429 [INFO] [OK] USA/ECM_ENSEMBLE_Soy_PRCP/cumulative dia 08 (2026-08-21 → 2026-08-29) 47336 bytes
2026-08-21 09:38:14,951 [INFO] [OK] USA/ECM_ENSEMBLE_Soy_PRCP/cumulative dia 09 (2026-08-21 → 2026-08-30) 47327 bytes
2026-08-21 09:38:15,097 [INFO] [OK] USA/ECM_ENSEMBLE_Soy_PRCP/cumulative dia 10 (2026-08-21 → 2026-08-31) 47528 bytes
2026-08-21 09:38:15,574 [INFO] [OK] USA/ECM_ENSEMBLE_Soy_PRCP/cumulative dia 11 (2026-08-21 → 2026-09-01) 47571 bytes
2026-08-21 09:38:15,736 [INFO] [OK] USA/ECM_ENSEMBLE_Soy_PRCP/cumulative dia 12 (2026-08-21 → 2026-09-02) 48536 bytes
2026-08-21 09:38:16,701 [INFO] [OK] USA/ECM_ENSEMBLE_Wheat_Winter_PRCP_DEP/daily dia 00 (2026-08-21 → 2026-08-21) 56425 bytes
2026-08-21 09:38:16,705 [INFO] [OK] USA/ECM_ENSEMBLE_Soy_PRCP/cumulative dia 13 (2026-08-21 → 2026-09-03) 49033 bytes
2026-08-21 09:38:16,875 [INFO] [OK] USA/ECM_ENSEMBLE_Wheat_Winter_PRCP_DEP/daily dia 01 (2026-08-22 → 2026-08-22) 55887 bytes
2026-08-21 09:38:17,283 [INFO] [OK] USA/ECM_ENSEMBLE_Soy_PRCP/cumulative dia 14 (2026-08-21 → 2026-09-04) 49652 bytes
2026-08-21 09:38:17,322 [INFO] [OK] USA/ECM_ENSEMBLE_Wheat_Winter_PRCP_DEP/daily dia 02 (2026-08-23 → 2026-08-23) 55148 bytes
2026-08-21 09:38:17,432 [INFO] [OK] USA/ECM_ENSEMBLE_Wheat_Winter_PRCP_DEP/daily dia 03 (2026-08-24 → 2026-08-24) 54941 bytes
2026-08-21 09:38:18,303 [INFO] [OK] USA/ECM_ENSEMBLE_Wheat_Winter_PRCP_DEP/daily dia 05 (2026-08-26 → 2026-08-26) 57726 bytes
2026-08-21 09:38:18,520 [INFO] [OK] USA/ECM_ENSEMBLE_Wheat_Winter_PRCP_DEP/daily dia 06 (2026-08-27 → 2026-08-27) 58393 bytes
2026-08-21 09:38:18,590 [INFO] [OK] USA/ECM_ENSEMBLE_Wheat_Winter_PRCP_DEP/daily dia 04 (2026-08-25 → 2026-08-25) 54345 bytes
2026-08-21 09:38:18,885 [INFO] [OK] USA/ECM_ENSEMBLE_Wheat_Winter_PRCP_DEP/daily dia 07 (2026-08-28 → 2026-08-28) 56242 bytes
2026-08-21 09:38:19,026 [INFO] [OK] USA/ECM_ENSEMBLE_Wheat_Winter_PRCP_DEP/daily dia 08 (2026-08-29 → 2026-08-29) 56623 bytes
2026-08-21 09:38:19,191 [INFO] [OK] USA/ECM_ENSEMBLE_Wheat_Winter_PRCP_DEP/daily dia 09 (2026-08-30 → 2026-08-30) 57090 bytes
2026-08-21 09:38:20,011 [INFO] [OK] USA/ECM_ENSEMBLE_Wheat_Winter_PRCP_DEP/daily dia 10 (2026-08-31 → 2026-08-31) 58840 bytes
2026-08-21 09:38:20,245 [INFO] [OK] USA/ECM_ENSEMBLE_Wheat_Winter_PRCP_DEP/daily dia 11 (2026-09-01 → 2026-09-01) 58941 bytes
2026-08-21 09:38:20,410 [INFO] [OK] USA/ECM_ENSEMBLE_Wheat_Winter_PRCP_DEP/daily dia 12 (2026-09-02 → 2026-09-02) 60879 bytes
2026-08-21 09:38:20,739 [INFO] [OK] USA/ECM_ENSEMBLE_Wheat_Winter_PRCP_DEP/daily dia 14 (2026-09-04 → 2026-09-04) 57248 bytes
2026-08-21 09:38:20,759 [INFO] [OK] USA/ECM_ENSEMBLE_Wheat_Winter_PRCP_DEP/daily dia 13 (2026-09-03 → 2026-09-03) 60435 bytes
2026-08-21 09:38:20,984 [INFO] [OK] USA/ECM_ENSEMBLE_Wheat_Winter_PRCP_DEP/cumulative dia 00 (2026-08-21 → 2026-08-21) 56425 bytes
2026-08-21 09:38:21,877 [INFO] [OK] USA/ECM_ENSEMBLE_Wheat_Winter_PRCP_DEP/cumulative dia 01 (2026-08-21 → 2026-08-22) 59404 bytes
2026-08-21 09:38:22,054 [INFO] [OK] USA/ECM_ENSEMBLE_Wheat_Winter_PRCP_DEP/cumulative dia 02 (2026-08-21 → 2026-08-23) 60254 bytes
2026-08-21 09:38:22,502 [INFO] [OK] USA/ECM_ENSEMBLE_Wheat_Winter_PRCP_DEP/cumulative dia 03 (2026-08-21 → 2026-08-24) 60703 bytes
2026-08-21 09:38:22,886 [INFO] [OK] USA/ECM_ENSEMBLE_Wheat_Winter_PRCP_DEP/cumulative dia 04 (2026-08-21 → 2026-08-25) 60731 bytes
2026-08-21 09:38:22,887 [INFO] [OK] USA/ECM_ENSEMBLE_Wheat_Winter_PRCP_DEP/cumulative dia 05 (2026-08-21 → 2026-08-26) 60990 bytes
2026-08-21 09:38:23,176 [INFO] [OK] USA/ECM_ENSEMBLE_Wheat_Winter_PRCP_DEP/cumulative dia 06 (2026-08-21 → 2026-08-27) 61326 bytes
2026-08-21 09:38:24,210 [INFO] [OK] USA/ECM_ENSEMBLE_Wheat_Winter_PRCP_DEP/cumulative dia 07 (2026-08-21 → 2026-08-28) 60879 bytes
2026-08-21 09:38:24,506 [INFO] [OK] USA/ECM_ENSEMBLE_Wheat_Winter_PRCP_DEP/cumulative dia 08 (2026-08-21 → 2026-08-29) 60622 bytes
2026-08-21 09:38:24,994 [INFO] [OK] USA/ECM_ENSEMBLE_Wheat_Winter_PRCP_DEP/cumulative dia 09 (2026-08-21 → 2026-08-30) 60326 bytes
2026-08-21 09:38:25,529 [INFO] [OK] USA/ECM_ENSEMBLE_Wheat_Winter_PRCP_DEP/cumulative dia 10 (2026-08-21 → 2026-08-31) 60219 bytes
2026-08-21 09:38:25,670 [INFO] [OK] USA/ECM_ENSEMBLE_Wheat_Winter_PRCP_DEP/cumulative dia 11 (2026-08-21 → 2026-09-01) 61138 bytes
2026-08-21 09:38:26,038 [INFO] [OK] USA/ECM_ENSEMBLE_Wheat_Winter_PRCP_DEP/cumulative dia 12 (2026-08-21 → 2026-09-02) 60548 bytes
2026-08-21 09:38:26,913 [INFO] [OK] USA/ECM_ENSEMBLE_Wheat_Winter_PRCP/daily dia 00 (2026-08-21 → 2026-08-21) 38261 bytes
2026-08-21 09:38:27,100 [INFO] [OK] USA/ECM_ENSEMBLE_Wheat_Winter_PRCP/daily dia 01 (2026-08-22 → 2026-08-22) 38775 bytes
2026-08-21 09:38:27,147 [INFO] [OK] USA/ECM_ENSEMBLE_Wheat_Winter_PRCP_DEP/cumulative dia 13 (2026-08-21 → 2026-09-03) 60704 bytes
2026-08-21 09:38:27,243 [INFO] [OK] USA/ECM_ENSEMBLE_Wheat_Winter_PRCP/daily dia 02 (2026-08-23 → 2026-08-23) 37815 bytes
2026-08-21 09:38:27,591 [INFO] [OK] USA/ECM_ENSEMBLE_Wheat_Winter_PRCP_DEP/cumulative dia 14 (2026-08-21 → 2026-09-04) 60352 bytes
2026-08-21 09:38:27,593 [INFO] [OK] USA/ECM_ENSEMBLE_Wheat_Winter_PRCP/daily dia 03 (2026-08-24 → 2026-08-24) 37532 bytes
2026-08-21 09:38:28,467 [INFO] [OK] USA/ECM_ENSEMBLE_Wheat_Winter_PRCP/daily dia 04 (2026-08-25 → 2026-08-25) 36523 bytes
2026-08-21 09:38:28,630 [INFO] [OK] USA/ECM_ENSEMBLE_Wheat_Winter_PRCP/daily dia 05 (2026-08-26 → 2026-08-26) 36671 bytes
2026-08-21 09:38:28,674 [INFO] [OK] USA/ECM_ENSEMBLE_Wheat_Winter_PRCP/daily dia 06 (2026-08-27 → 2026-08-27) 37358 bytes
2026-08-21 09:38:28,781 [INFO] [OK] USA/ECM_ENSEMBLE_Wheat_Winter_PRCP/daily dia 07 (2026-08-28 → 2026-08-28) 36642 bytes
2026-08-21 09:38:29,200 [INFO] [OK] USA/ECM_ENSEMBLE_Wheat_Winter_PRCP/daily dia 08 (2026-08-29 → 2026-08-29) 36147 bytes
2026-08-21 09:38:29,204 [INFO] [OK] USA/ECM_ENSEMBLE_Wheat_Winter_PRCP/daily dia 09 (2026-08-30 → 2026-08-30) 36399 bytes
2026-08-21 09:38:30,003 [INFO] [OK] USA/ECM_ENSEMBLE_Wheat_Winter_PRCP/daily dia 10 (2026-08-31 → 2026-08-31) 35927 bytes
2026-08-21 09:38:30,280 [INFO] [OK] USA/ECM_ENSEMBLE_Wheat_Winter_PRCP/daily dia 12 (2026-09-02 → 2026-09-02) 36882 bytes
2026-08-21 09:38:30,452 [INFO] [OK] USA/ECM_ENSEMBLE_Wheat_Winter_PRCP/daily dia 11 (2026-09-01 → 2026-09-01) 36540 bytes
2026-08-21 09:38:30,504 [INFO] [OK] USA/ECM_ENSEMBLE_Wheat_Winter_PRCP/daily dia 13 (2026-09-03 → 2026-09-03) 36891 bytes
2026-08-21 09:38:30,915 [INFO] [OK] USA/ECM_ENSEMBLE_Wheat_Winter_PRCP/cumulative dia 00 (2026-08-21 → 2026-08-21) 38261 bytes
2026-08-21 09:38:30,926 [INFO] [OK] USA/ECM_ENSEMBLE_Wheat_Winter_PRCP/daily dia 14 (2026-09-04 → 2026-09-04) 36115 bytes
2026-08-21 09:38:31,613 [INFO] [OK] USA/ECM_ENSEMBLE_Wheat_Winter_PRCP/cumulative dia 01 (2026-08-21 → 2026-08-22) 41397 bytes
2026-08-21 09:38:32,035 [INFO] [OK] USA/ECM_ENSEMBLE_Wheat_Winter_PRCP/cumulative dia 02 (2026-08-21 → 2026-08-23) 43331 bytes
2026-08-21 09:38:32,285 [INFO] [OK] USA/ECM_ENSEMBLE_Wheat_Winter_PRCP/cumulative dia 03 (2026-08-21 → 2026-08-24) 44451 bytes
2026-08-21 09:38:32,453 [INFO] [OK] USA/ECM_ENSEMBLE_Wheat_Winter_PRCP/cumulative dia 04 (2026-08-21 → 2026-08-25) 45477 bytes
2026-08-21 09:38:32,965 [INFO] [OK] USA/ECM_ENSEMBLE_Wheat_Winter_PRCP/cumulative dia 05 (2026-08-21 → 2026-08-26) 45963 bytes
2026-08-21 09:38:33,112 [INFO] [OK] USA/ECM_ENSEMBLE_Wheat_Winter_PRCP/cumulative dia 06 (2026-08-21 → 2026-08-27) 46944 bytes
2026-08-21 09:38:33,841 [INFO] [OK] USA/ECM_ENSEMBLE_Wheat_Winter_PRCP/cumulative dia 07 (2026-08-21 → 2026-08-28) 47610 bytes
2026-08-21 09:38:34,442 [INFO] [OK] USA/ECM_ENSEMBLE_Wheat_Winter_PRCP/cumulative dia 08 (2026-08-21 → 2026-08-29) 48888 bytes
2026-08-21 09:38:34,816 [INFO] [OK] USA/ECM_ENSEMBLE_Wheat_Winter_PRCP/cumulative dia 09 (2026-08-21 → 2026-08-30) 48802 bytes
2026-08-21 09:38:35,062 [INFO] [OK] USA/ECM_ENSEMBLE_Wheat_Winter_PRCP/cumulative dia 10 (2026-08-21 → 2026-08-31) 49055 bytes
2026-08-21 09:38:35,742 [INFO] [OK] USA/ECM_ENSEMBLE_Wheat_Winter_PRCP/cumulative dia 11 (2026-08-21 → 2026-09-01) 49213 bytes
2026-08-21 09:38:35,960 [INFO] [OK] USA/ECM_ENSEMBLE_Wheat_Winter_PRCP/cumulative dia 12 (2026-08-21 → 2026-09-02) 50183 bytes
2026-08-21 09:38:36,755 [INFO] [OK] USA/ECM_ENSEMBLE_Wheat_Spring_PRCP_DEP/daily dia 01 (2026-08-22 → 2026-08-22) 52406 bytes
2026-08-21 09:38:36,756 [INFO] [OK] USA/ECM_ENSEMBLE_Wheat_Spring_PRCP_DEP/daily dia 00 (2026-08-21 → 2026-08-21) 53272 bytes
2026-08-21 09:38:36,759 [INFO] [OK] USA/ECM_ENSEMBLE_Wheat_Winter_PRCP/cumulative dia 13 (2026-08-21 → 2026-09-03) 50739 bytes
2026-08-21 09:38:37,382 [INFO] [OK] USA/ECM_ENSEMBLE_Wheat_Spring_PRCP_DEP/daily dia 02 (2026-08-23 → 2026-08-23) 51985 bytes
2026-08-21 09:38:37,746 [INFO] [OK] USA/ECM_ENSEMBLE_Wheat_Winter_PRCP/cumulative dia 14 (2026-08-21 → 2026-09-04) 51283 bytes
2026-08-21 09:38:38,015 [INFO] [OK] USA/ECM_ENSEMBLE_Wheat_Spring_PRCP_DEP/daily dia 03 (2026-08-24 → 2026-08-24) 51597 bytes
2026-08-21 09:38:38,354 [INFO] [OK] USA/ECM_ENSEMBLE_Wheat_Spring_PRCP_DEP/daily dia 04 (2026-08-25 → 2026-08-25) 51427 bytes
2026-08-21 09:38:38,462 [INFO] [OK] USA/ECM_ENSEMBLE_Wheat_Spring_PRCP_DEP/daily dia 05 (2026-08-26 → 2026-08-26) 54147 bytes
2026-08-21 09:38:38,489 [INFO] [OK] USA/ECM_ENSEMBLE_Wheat_Spring_PRCP_DEP/daily dia 06 (2026-08-27 → 2026-08-27) 54913 bytes
2026-08-21 09:38:39,080 [INFO] [OK] USA/ECM_ENSEMBLE_Wheat_Spring_PRCP_DEP/daily dia 07 (2026-08-28 → 2026-08-28) 52551 bytes
2026-08-21 09:38:39,688 [INFO] [OK] USA/ECM_ENSEMBLE_Wheat_Spring_PRCP_DEP/daily dia 09 (2026-08-30 → 2026-08-30) 53338 bytes
2026-08-21 09:38:39,689 [INFO] [OK] USA/ECM_ENSEMBLE_Wheat_Spring_PRCP_DEP/daily dia 08 (2026-08-29 → 2026-08-29) 53060 bytes
2026-08-21 09:38:40,008 [INFO] [OK] USA/ECM_ENSEMBLE_Wheat_Spring_PRCP_DEP/daily dia 10 (2026-08-31 → 2026-08-31) 54729 bytes
2026-08-21 09:38:40,156 [INFO] [OK] USA/ECM_ENSEMBLE_Wheat_Spring_PRCP_DEP/daily dia 11 (2026-09-01 → 2026-09-01) 55027 bytes
2026-08-21 09:38:40,247 [INFO] [OK] USA/ECM_ENSEMBLE_Wheat_Spring_PRCP_DEP/daily dia 12 (2026-09-02 → 2026-09-02) 57063 bytes
2026-08-21 09:38:40,754 [INFO] [OK] USA/ECM_ENSEMBLE_Wheat_Spring_PRCP_DEP/daily dia 13 (2026-09-03 → 2026-09-03) 57053 bytes
2026-08-21 09:38:41,309 [INFO] [OK] USA/ECM_ENSEMBLE_Wheat_Spring_PRCP_DEP/daily dia 14 (2026-09-04 → 2026-09-04) 53447 bytes
2026-08-21 09:38:41,321 [INFO] [OK] USA/ECM_ENSEMBLE_Wheat_Spring_PRCP_DEP/cumulative dia 00 (2026-08-21 → 2026-08-21) 53272 bytes
2026-08-21 09:38:41,733 [INFO] [OK] USA/ECM_ENSEMBLE_Wheat_Spring_PRCP_DEP/cumulative dia 01 (2026-08-21 → 2026-08-22) 55962 bytes
2026-08-21 09:38:42,002 [INFO] [OK] USA/ECM_ENSEMBLE_Wheat_Spring_PRCP_DEP/cumulative dia 02 (2026-08-21 → 2026-08-23) 57333 bytes
2026-08-21 09:38:42,730 [INFO] [OK] USA/ECM_ENSEMBLE_Wheat_Spring_PRCP_DEP/cumulative dia 03 (2026-08-21 → 2026-08-24) 57670 bytes
2026-08-21 09:38:42,812 [INFO] [OK] USA/ECM_ENSEMBLE_Wheat_Spring_PRCP_DEP/cumulative dia 04 (2026-08-21 → 2026-08-25) 57813 bytes
2026-08-21 09:38:43,490 [INFO] [OK] USA/ECM_ENSEMBLE_Wheat_Spring_PRCP_DEP/cumulative dia 06 (2026-08-21 → 2026-08-27) 58101 bytes
2026-08-21 09:38:43,520 [INFO] [OK] USA/ECM_ENSEMBLE_Wheat_Spring_PRCP_DEP/cumulative dia 05 (2026-08-21 → 2026-08-26) 57938 bytes
2026-08-21 09:38:44,137 [INFO] [OK] USA/ECM_ENSEMBLE_Wheat_Spring_PRCP_DEP/cumulative dia 07 (2026-08-21 → 2026-08-28) 58024 bytes
2026-08-21 09:38:44,372 [INFO] [OK] USA/ECM_ENSEMBLE_Wheat_Spring_PRCP_DEP/cumulative dia 08 (2026-08-21 → 2026-08-29) 57552 bytes
2026-08-21 09:38:45,450 [INFO] [OK] USA/ECM_ENSEMBLE_Wheat_Spring_PRCP_DEP/cumulative dia 10 (2026-08-21 → 2026-08-31) 57131 bytes
2026-08-21 09:38:45,462 [INFO] [OK] USA/ECM_ENSEMBLE_Wheat_Spring_PRCP_DEP/cumulative dia 09 (2026-08-21 → 2026-08-30) 57354 bytes
2026-08-21 09:38:46,219 [INFO] [OK] USA/ECM_ENSEMBLE_Wheat_Spring_PRCP_DEP/cumulative dia 11 (2026-08-21 → 2026-09-01) 57957 bytes
2026-08-21 09:38:46,276 [INFO] [OK] USA/ECM_ENSEMBLE_Wheat_Spring_PRCP_DEP/cumulative dia 12 (2026-08-21 → 2026-09-02) 57460 bytes
2026-08-21 09:38:46,988 [INFO] [OK] USA/ECM_ENSEMBLE_Wheat_Spring_PRCP_DEP/cumulative dia 13 (2026-08-21 → 2026-09-03) 57087 bytes
2026-08-21 09:38:47,044 [INFO] [OK] USA/ECM_ENSEMBLE_Wheat_Spring_PRCP/daily dia 00 (2026-08-21 → 2026-08-21) 35094 bytes
2026-08-21 09:38:47,057 [INFO] [OK] USA/ECM_ENSEMBLE_Wheat_Spring_PRCP/daily dia 01 (2026-08-22 → 2026-08-22) 35823 bytes
2026-08-21 09:38:47,352 [INFO] [OK] USA/ECM_ENSEMBLE_Wheat_Spring_PRCP_DEP/cumulative dia 14 (2026-08-21 → 2026-09-04) 57218 bytes
2026-08-21 09:38:47,770 [INFO] [OK] USA/ECM_ENSEMBLE_Wheat_Spring_PRCP/daily dia 02 (2026-08-23 → 2026-08-23) 34888 bytes
2026-08-21 09:38:47,851 [INFO] [OK] USA/ECM_ENSEMBLE_Wheat_Spring_PRCP/daily dia 03 (2026-08-24 → 2026-08-24) 34460 bytes
2026-08-21 09:38:48,537 [INFO] [OK] USA/ECM_ENSEMBLE_Wheat_Spring_PRCP/daily dia 04 (2026-08-25 → 2026-08-25) 33414 bytes
2026-08-21 09:38:48,651 [INFO] [OK] USA/ECM_ENSEMBLE_Wheat_Spring_PRCP/daily dia 05 (2026-08-26 → 2026-08-26) 33504 bytes
2026-08-21 09:38:48,712 [INFO] [OK] USA/ECM_ENSEMBLE_Wheat_Spring_PRCP/daily dia 06 (2026-08-27 → 2026-08-27) 34264 bytes
2026-08-21 09:38:48,900 [INFO] [OK] USA/ECM_ENSEMBLE_Wheat_Spring_PRCP/daily dia 07 (2026-08-28 → 2026-08-28) 33837 bytes
2026-08-21 09:38:49,261 [INFO] [OK] USA/ECM_ENSEMBLE_Wheat_Spring_PRCP/daily dia 08 (2026-08-29 → 2026-08-29) 33176 bytes
2026-08-21 09:38:49,455 [INFO] [OK] USA/ECM_ENSEMBLE_Wheat_Spring_PRCP/daily dia 09 (2026-08-30 → 2026-08-30) 33336 bytes
2026-08-21 09:38:50,091 [INFO] [OK] USA/ECM_ENSEMBLE_Wheat_Spring_PRCP/daily dia 10 (2026-08-31 → 2026-08-31) 32801 bytes
2026-08-21 09:38:50,215 [INFO] [OK] USA/ECM_ENSEMBLE_Wheat_Spring_PRCP/daily dia 11 (2026-09-01 → 2026-09-01) 33357 bytes
2026-08-21 09:38:50,289 [INFO] [OK] USA/ECM_ENSEMBLE_Wheat_Spring_PRCP/daily dia 12 (2026-09-02 → 2026-09-02) 33950 bytes
2026-08-21 09:38:50,481 [INFO] [OK] USA/ECM_ENSEMBLE_Wheat_Spring_PRCP/daily dia 13 (2026-09-03 → 2026-09-03) 33979 bytes
2026-08-21 09:38:50,818 [INFO] [OK] USA/ECM_ENSEMBLE_Wheat_Spring_PRCP/daily dia 14 (2026-09-04 → 2026-09-04) 33246 bytes
2026-08-21 09:38:51,124 [INFO] [OK] USA/ECM_ENSEMBLE_Wheat_Spring_PRCP/cumulative dia 00 (2026-08-21 → 2026-08-21) 35094 bytes
2026-08-21 09:38:51,702 [INFO] [OK] USA/ECM_ENSEMBLE_Wheat_Spring_PRCP/cumulative dia 01 (2026-08-21 → 2026-08-22) 38197 bytes
2026-08-21 09:38:52,016 [INFO] [OK] USA/ECM_ENSEMBLE_Wheat_Spring_PRCP/cumulative dia 02 (2026-08-21 → 2026-08-23) 40241 bytes
2026-08-21 09:38:52,159 [INFO] [OK] USA/ECM_ENSEMBLE_Wheat_Spring_PRCP/cumulative dia 03 (2026-08-21 → 2026-08-24) 41339 bytes
2026-08-21 09:38:52,420 [INFO] [OK] USA/ECM_ENSEMBLE_Wheat_Spring_PRCP/cumulative dia 04 (2026-08-21 → 2026-08-25) 42143 bytes
2026-08-21 09:38:52,809 [INFO] [OK] USA/ECM_ENSEMBLE_Wheat_Spring_PRCP/cumulative dia 05 (2026-08-21 → 2026-08-26) 42669 bytes
2026-08-21 09:38:53,294 [INFO] [OK] USA/ECM_ENSEMBLE_Wheat_Spring_PRCP/cumulative dia 06 (2026-08-21 → 2026-08-27) 43422 bytes
2026-08-21 09:38:54,065 [INFO] [OK] USA/ECM_ENSEMBLE_Wheat_Spring_PRCP/cumulative dia 07 (2026-08-21 → 2026-08-28) 44051 bytes
2026-08-21 09:38:54,640 [INFO] [OK] USA/ECM_ENSEMBLE_Wheat_Spring_PRCP/cumulative dia 08 (2026-08-21 → 2026-08-29) 44937 bytes
2026-08-21 09:38:54,841 [INFO] [OK] USA/ECM_ENSEMBLE_Wheat_Spring_PRCP/cumulative dia 09 (2026-08-21 → 2026-08-30) 45266 bytes
2026-08-21 09:38:55,065 [INFO] [OK] USA/ECM_ENSEMBLE_Wheat_Spring_PRCP/cumulative dia 10 (2026-08-21 → 2026-08-31) 45324 bytes
2026-08-21 09:38:55,386 [INFO] [OK] USA/ECM_ENSEMBLE_Wheat_Spring_PRCP/cumulative dia 11 (2026-08-21 → 2026-09-01) 45473 bytes
2026-08-21 09:38:55,959 [INFO] [OK] USA/ECM_ENSEMBLE_Wheat_Spring_PRCP/cumulative dia 12 (2026-08-21 → 2026-09-02) 46509 bytes
2026-08-21 09:38:56,957 [INFO] [OK] USA/ECM_ENSEMBLE_Wheat_Spring_PRCP/cumulative dia 13 (2026-08-21 → 2026-09-03) 46998 bytes
2026-08-21 09:38:57,766 [INFO] [OK] USA/ECM_ENSEMBLE_Wheat_Spring_PRCP/cumulative dia 14 (2026-08-21 → 2026-09-04) 47418 bytes
2026-08-21 09:38:57,822 [INFO] Resumo: 960/960 sucessos, 0 erros
2026-08-21 09:39:00,327 [INFO] [CLEANUP] Removidas 620 pastas de histórico anteriores a 2026-07-22
2026-08-21 09:39:00,489 [INFO] Manifest: C:\Users\server\OneDrive - CGB Enterprises, Inc\ZGC-PBI Research - Documents\Dataset Data Files\Weather_maps\manifest.json
2026-08-21 09:39:00,494 [INFO] [GIT] Iniciando sincronização com GitHub...
