2026-07-21 09:33:20,338 [INFO] === Execução 2026-07-21 | modo=both | dias=15 | parâmetro=['PRCP_DEP', 'PRCP'] ===
2026-07-21 09:33:20,341 [INFO] Baixando 960 mapas com 6 threads...
2026-07-21 09:33:22,847 [INFO] [OK] Brazil/GFS_ENSEMBLE_Soy_PRCP_DEP/daily dia 02 (2026-07-23 → 2026-07-23) 40818 bytes
2026-07-21 09:33:22,956 [INFO] [OK] Brazil/GFS_ENSEMBLE_Soy_PRCP_DEP/daily dia 01 (2026-07-22 → 2026-07-22) 45206 bytes
2026-07-21 09:33:22,983 [INFO] [OK] Brazil/GFS_ENSEMBLE_Soy_PRCP_DEP/daily dia 03 (2026-07-24 → 2026-07-24) 43391 bytes
2026-07-21 09:33:22,998 [INFO] [OK] Brazil/GFS_ENSEMBLE_Soy_PRCP_DEP/daily dia 00 (2026-07-21 → 2026-07-21) 45632 bytes
2026-07-21 09:33:23,005 [INFO] [OK] Brazil/GFS_ENSEMBLE_Soy_PRCP_DEP/daily dia 04 (2026-07-25 → 2026-07-25) 44368 bytes
2026-07-21 09:33:23,007 [INFO] [OK] Brazil/GFS_ENSEMBLE_Soy_PRCP_DEP/daily dia 05 (2026-07-26 → 2026-07-26) 44776 bytes
2026-07-21 09:33:24,766 [INFO] [OK] Brazil/GFS_ENSEMBLE_Soy_PRCP_DEP/daily dia 11 (2026-08-01 → 2026-08-01) 51523 bytes
2026-07-21 09:33:24,784 [INFO] [OK] Brazil/GFS_ENSEMBLE_Soy_PRCP_DEP/daily dia 09 (2026-07-30 → 2026-07-30) 52681 bytes
2026-07-21 09:33:24,790 [INFO] [OK] Brazil/GFS_ENSEMBLE_Soy_PRCP_DEP/daily dia 08 (2026-07-29 → 2026-07-29) 50854 bytes
2026-07-21 09:33:24,847 [INFO] [OK] Brazil/GFS_ENSEMBLE_Soy_PRCP_DEP/daily dia 06 (2026-07-27 → 2026-07-27) 44586 bytes
2026-07-21 09:33:24,913 [INFO] [OK] Brazil/GFS_ENSEMBLE_Soy_PRCP_DEP/daily dia 07 (2026-07-28 → 2026-07-28) 46821 bytes
2026-07-21 09:33:24,916 [INFO] [OK] Brazil/GFS_ENSEMBLE_Soy_PRCP_DEP/daily dia 10 (2026-07-31 → 2026-07-31) 51638 bytes
2026-07-21 09:33:26,454 [INFO] [OK] Brazil/GFS_ENSEMBLE_Soy_PRCP_DEP/cumulative dia 01 (2026-07-21 → 2026-07-22) 46840 bytes
2026-07-21 09:33:26,465 [INFO] [OK] Brazil/GFS_ENSEMBLE_Soy_PRCP_DEP/daily dia 13 (2026-08-03 → 2026-08-03) 53123 bytes
2026-07-21 09:33:26,543 [INFO] [OK] Brazil/GFS_ENSEMBLE_Soy_PRCP_DEP/daily dia 12 (2026-08-02 → 2026-08-02) 52571 bytes
2026-07-21 09:33:26,568 [INFO] [OK] Brazil/GFS_ENSEMBLE_Soy_PRCP_DEP/daily dia 14 (2026-08-04 → 2026-08-04) 53711 bytes
2026-07-21 09:33:26,644 [INFO] [OK] Brazil/GFS_ENSEMBLE_Soy_PRCP_DEP/cumulative dia 00 (2026-07-21 → 2026-07-21) 45632 bytes
2026-07-21 09:33:26,849 [INFO] [OK] Brazil/GFS_ENSEMBLE_Soy_PRCP_DEP/cumulative dia 02 (2026-07-21 → 2026-07-23) 46873 bytes
2026-07-21 09:33:28,599 [INFO] [OK] Brazil/GFS_ENSEMBLE_Soy_PRCP_DEP/cumulative dia 03 (2026-07-21 → 2026-07-24) 47986 bytes
2026-07-21 09:33:28,915 [INFO] [OK] Brazil/GFS_ENSEMBLE_Soy_PRCP_DEP/cumulative dia 04 (2026-07-21 → 2026-07-25) 49256 bytes
2026-07-21 09:33:29,376 [INFO] [OK] Brazil/GFS_ENSEMBLE_Soy_PRCP_DEP/cumulative dia 05 (2026-07-21 → 2026-07-26) 49353 bytes
2026-07-21 09:33:29,425 [INFO] [OK] Brazil/GFS_ENSEMBLE_Soy_PRCP_DEP/cumulative dia 06 (2026-07-21 → 2026-07-27) 49434 bytes
2026-07-21 09:33:29,605 [INFO] [OK] Brazil/GFS_ENSEMBLE_Soy_PRCP_DEP/cumulative dia 08 (2026-07-21 → 2026-07-29) 51334 bytes
2026-07-21 09:33:29,608 [INFO] [OK] Brazil/GFS_ENSEMBLE_Soy_PRCP_DEP/cumulative dia 07 (2026-07-21 → 2026-07-28) 50344 bytes
2026-07-21 09:33:30,681 [INFO] [OK] Brazil/GFS_ENSEMBLE_Soy_PRCP_DEP/cumulative dia 09 (2026-07-21 → 2026-07-30) 52294 bytes
2026-07-21 09:33:31,578 [INFO] [OK] Brazil/GFS_ENSEMBLE_Soy_PRCP_DEP/cumulative dia 10 (2026-07-21 → 2026-07-31) 52760 bytes
2026-07-21 09:33:32,286 [INFO] [OK] Brazil/GFS_ENSEMBLE_Soy_PRCP/daily dia 00 (2026-07-21 → 2026-07-21) 33643 bytes
2026-07-21 09:33:32,302 [INFO] [OK] Brazil/GFS_ENSEMBLE_Soy_PRCP_DEP/cumulative dia 12 (2026-07-21 → 2026-08-02) 52858 bytes
2026-07-21 09:33:32,371 [INFO] [OK] Brazil/GFS_ENSEMBLE_Soy_PRCP_DEP/cumulative dia 14 (2026-07-21 → 2026-08-04) 53343 bytes
2026-07-21 09:33:32,380 [INFO] [OK] Brazil/GFS_ENSEMBLE_Soy_PRCP_DEP/cumulative dia 11 (2026-07-21 → 2026-08-01) 52770 bytes
2026-07-21 09:33:32,407 [INFO] [OK] Brazil/GFS_ENSEMBLE_Soy_PRCP_DEP/cumulative dia 13 (2026-07-21 → 2026-08-03) 53153 bytes
2026-07-21 09:33:32,973 [INFO] [OK] Brazil/GFS_ENSEMBLE_Soy_PRCP/daily dia 01 (2026-07-22 → 2026-07-22) 32699 bytes
2026-07-21 09:33:33,903 [INFO] [OK] Brazil/GFS_ENSEMBLE_Soy_PRCP/daily dia 04 (2026-07-25 → 2026-07-25) 30702 bytes
2026-07-21 09:33:33,906 [INFO] [OK] Brazil/GFS_ENSEMBLE_Soy_PRCP/daily dia 05 (2026-07-26 → 2026-07-26) 30059 bytes
2026-07-21 09:33:34,038 [INFO] [OK] Brazil/GFS_ENSEMBLE_Soy_PRCP/daily dia 06 (2026-07-27 → 2026-07-27) 29922 bytes
2026-07-21 09:33:34,115 [INFO] [OK] Brazil/GFS_ENSEMBLE_Soy_PRCP/daily dia 02 (2026-07-23 → 2026-07-23) 31347 bytes
2026-07-21 09:33:34,333 [INFO] [OK] Brazil/GFS_ENSEMBLE_Soy_PRCP/daily dia 03 (2026-07-24 → 2026-07-24) 31063 bytes
2026-07-21 09:33:34,385 [INFO] [OK] Brazil/GFS_ENSEMBLE_Soy_PRCP/daily dia 07 (2026-07-28 → 2026-07-28) 30740 bytes
2026-07-21 09:33:35,156 [INFO] [OK] Brazil/GFS_ENSEMBLE_Soy_PRCP/daily dia 09 (2026-07-30 → 2026-07-30) 30497 bytes
2026-07-21 09:33:35,178 [INFO] [OK] Brazil/GFS_ENSEMBLE_Soy_PRCP/daily dia 08 (2026-07-29 → 2026-07-29) 30885 bytes
2026-07-21 09:33:35,407 [INFO] [OK] Brazil/GFS_ENSEMBLE_Soy_PRCP/daily dia 10 (2026-07-31 → 2026-07-31) 31361 bytes
2026-07-21 09:33:35,552 [INFO] [OK] Brazil/GFS_ENSEMBLE_Soy_PRCP/daily dia 11 (2026-08-01 → 2026-08-01) 31704 bytes
2026-07-21 09:33:35,735 [INFO] [OK] Brazil/GFS_ENSEMBLE_Soy_PRCP/daily dia 12 (2026-08-02 → 2026-08-02) 30912 bytes
2026-07-21 09:33:35,737 [INFO] [OK] Brazil/GFS_ENSEMBLE_Soy_PRCP/daily dia 13 (2026-08-03 → 2026-08-03) 31596 bytes
2026-07-21 09:33:36,516 [INFO] [OK] Brazil/GFS_ENSEMBLE_Soy_PRCP/daily dia 14 (2026-08-04 → 2026-08-04) 30651 bytes
2026-07-21 09:33:36,601 [INFO] [OK] Brazil/GFS_ENSEMBLE_Soy_PRCP/cumulative dia 00 (2026-07-21 → 2026-07-21) 33643 bytes
2026-07-21 09:33:37,099 [INFO] [OK] Brazil/GFS_ENSEMBLE_Soy_PRCP/cumulative dia 01 (2026-07-21 → 2026-07-22) 35902 bytes
2026-07-21 09:33:37,103 [INFO] [OK] Brazil/GFS_ENSEMBLE_Soy_PRCP/cumulative dia 02 (2026-07-21 → 2026-07-23) 37291 bytes
2026-07-21 09:33:37,281 [INFO] [OK] Brazil/GFS_ENSEMBLE_Soy_PRCP/cumulative dia 03 (2026-07-21 → 2026-07-24) 38079 bytes
2026-07-21 09:33:37,450 [INFO] [OK] Brazil/GFS_ENSEMBLE_Soy_PRCP/cumulative dia 04 (2026-07-21 → 2026-07-25) 38990 bytes
2026-07-21 09:33:38,250 [INFO] [OK] Brazil/GFS_ENSEMBLE_Soy_PRCP/cumulative dia 05 (2026-07-21 → 2026-07-26) 39313 bytes
2026-07-21 09:33:39,014 [INFO] [OK] Brazil/GFS_ENSEMBLE_Soy_PRCP/cumulative dia 06 (2026-07-21 → 2026-07-27) 39529 bytes
2026-07-21 09:33:39,445 [INFO] [OK] Brazil/GFS_ENSEMBLE_Soy_PRCP/cumulative dia 07 (2026-07-21 → 2026-07-28) 40343 bytes
2026-07-21 09:33:39,566 [INFO] [OK] Brazil/GFS_ENSEMBLE_Soy_PRCP/cumulative dia 08 (2026-07-21 → 2026-07-29) 40861 bytes
2026-07-21 09:33:39,791 [INFO] [OK] Brazil/GFS_ENSEMBLE_Soy_PRCP/cumulative dia 09 (2026-07-21 → 2026-07-30) 41306 bytes
2026-07-21 09:33:39,877 [INFO] [OK] Brazil/GFS_ENSEMBLE_Soy_PRCP/cumulative dia 10 (2026-07-21 → 2026-07-31) 41899 bytes
2026-07-21 09:33:40,754 [INFO] [OK] Brazil/GFS_ENSEMBLE_Soy_PRCP/cumulative dia 11 (2026-07-21 → 2026-08-01) 42209 bytes
2026-07-21 09:33:41,578 [INFO] [OK] Brazil/GFS_ENSEMBLE_Corn_Winter_PRCP_DEP/daily dia 01 (2026-07-22 → 2026-07-22) 43491 bytes
2026-07-21 09:33:41,686 [INFO] [OK] Brazil/GFS_ENSEMBLE_Corn_Winter_PRCP_DEP/daily dia 00 (2026-07-21 → 2026-07-21) 43927 bytes
2026-07-21 09:33:41,930 [INFO] [OK] Brazil/GFS_ENSEMBLE_Soy_PRCP/cumulative dia 12 (2026-07-21 → 2026-08-02) 42703 bytes
2026-07-21 09:33:42,089 [INFO] [OK] Brazil/GFS_ENSEMBLE_Soy_PRCP/cumulative dia 14 (2026-07-21 → 2026-08-04) 43312 bytes
2026-07-21 09:33:42,331 [INFO] [OK] Brazil/GFS_ENSEMBLE_Soy_PRCP/cumulative dia 13 (2026-07-21 → 2026-08-03) 43070 bytes
2026-07-21 09:33:42,333 [INFO] [OK] Brazil/GFS_ENSEMBLE_Corn_Winter_PRCP_DEP/daily dia 02 (2026-07-23 → 2026-07-23) 39301 bytes
2026-07-21 09:33:42,978 [INFO] [OK] Brazil/GFS_ENSEMBLE_Corn_Winter_PRCP_DEP/daily dia 03 (2026-07-24 → 2026-07-24) 41844 bytes
2026-07-21 09:33:43,281 [INFO] [OK] Brazil/GFS_ENSEMBLE_Corn_Winter_PRCP_DEP/daily dia 04 (2026-07-25 → 2026-07-25) 42814 bytes
2026-07-21 09:33:43,443 [INFO] [OK] Brazil/GFS_ENSEMBLE_Corn_Winter_PRCP_DEP/daily dia 05 (2026-07-26 → 2026-07-26) 43156 bytes
2026-07-21 09:33:43,564 [INFO] [OK] Brazil/GFS_ENSEMBLE_Corn_Winter_PRCP_DEP/daily dia 06 (2026-07-27 → 2026-07-27) 42806 bytes
2026-07-21 09:33:43,830 [INFO] [OK] Brazil/GFS_ENSEMBLE_Corn_Winter_PRCP_DEP/daily dia 08 (2026-07-29 → 2026-07-29) 49313 bytes
2026-07-21 09:33:43,881 [INFO] [OK] Brazil/GFS_ENSEMBLE_Corn_Winter_PRCP_DEP/daily dia 07 (2026-07-28 → 2026-07-28) 45367 bytes
2026-07-21 09:33:44,402 [INFO] [OK] Brazil/GFS_ENSEMBLE_Corn_Winter_PRCP_DEP/daily dia 09 (2026-07-30 → 2026-07-30) 51239 bytes
2026-07-21 09:33:44,613 [INFO] [OK] Brazil/GFS_ENSEMBLE_Corn_Winter_PRCP_DEP/daily dia 10 (2026-07-31 → 2026-07-31) 50126 bytes
2026-07-21 09:33:44,782 [INFO] [OK] Brazil/GFS_ENSEMBLE_Corn_Winter_PRCP_DEP/daily dia 11 (2026-08-01 → 2026-08-01) 50116 bytes
2026-07-21 09:33:44,984 [INFO] [OK] Brazil/GFS_ENSEMBLE_Corn_Winter_PRCP_DEP/daily dia 12 (2026-08-02 → 2026-08-02) 51007 bytes
2026-07-21 09:33:45,291 [INFO] [OK] Brazil/GFS_ENSEMBLE_Corn_Winter_PRCP_DEP/daily dia 14 (2026-08-04 → 2026-08-04) 52160 bytes
2026-07-21 09:33:45,300 [INFO] [OK] Brazil/GFS_ENSEMBLE_Corn_Winter_PRCP_DEP/daily dia 13 (2026-08-03 → 2026-08-03) 51744 bytes
2026-07-21 09:33:45,746 [INFO] [OK] Brazil/GFS_ENSEMBLE_Corn_Winter_PRCP_DEP/cumulative dia 00 (2026-07-21 → 2026-07-21) 43927 bytes
2026-07-21 09:33:46,032 [INFO] [OK] Brazil/GFS_ENSEMBLE_Corn_Winter_PRCP_DEP/cumulative dia 01 (2026-07-21 → 2026-07-22) 45277 bytes
2026-07-21 09:33:46,350 [INFO] [OK] Brazil/GFS_ENSEMBLE_Corn_Winter_PRCP_DEP/cumulative dia 02 (2026-07-21 → 2026-07-23) 45402 bytes
2026-07-21 09:33:46,556 [INFO] [OK] Brazil/GFS_ENSEMBLE_Corn_Winter_PRCP_DEP/cumulative dia 03 (2026-07-21 → 2026-07-24) 46456 bytes
2026-07-21 09:33:47,200 [INFO] [OK] Brazil/GFS_ENSEMBLE_Corn_Winter_PRCP_DEP/cumulative dia 05 (2026-07-21 → 2026-07-26) 47809 bytes
2026-07-21 09:33:47,265 [INFO] [OK] Brazil/GFS_ENSEMBLE_Corn_Winter_PRCP_DEP/cumulative dia 04 (2026-07-21 → 2026-07-25) 47720 bytes
2026-07-21 09:33:47,765 [INFO] [OK] Brazil/GFS_ENSEMBLE_Corn_Winter_PRCP_DEP/cumulative dia 06 (2026-07-21 → 2026-07-27) 47992 bytes
2026-07-21 09:33:48,095 [INFO] [OK] Brazil/GFS_ENSEMBLE_Corn_Winter_PRCP_DEP/cumulative dia 07 (2026-07-21 → 2026-07-28) 48922 bytes
2026-07-21 09:33:48,870 [INFO] [OK] Brazil/GFS_ENSEMBLE_Corn_Winter_PRCP_DEP/cumulative dia 08 (2026-07-21 → 2026-07-29) 49576 bytes
2026-07-21 09:33:49,450 [INFO] [OK] Brazil/GFS_ENSEMBLE_Corn_Winter_PRCP_DEP/cumulative dia 09 (2026-07-21 → 2026-07-30) 50722 bytes
2026-07-21 09:33:49,923 [INFO] [OK] Brazil/GFS_ENSEMBLE_Corn_Winter_PRCP_DEP/cumulative dia 10 (2026-07-21 → 2026-07-31) 51285 bytes
2026-07-21 09:33:50,234 [INFO] [OK] Brazil/GFS_ENSEMBLE_Corn_Winter_PRCP_DEP/cumulative dia 11 (2026-07-21 → 2026-08-01) 51273 bytes
2026-07-21 09:33:50,380 [INFO] [OK] Brazil/GFS_ENSEMBLE_Corn_Winter_PRCP_DEP/cumulative dia 12 (2026-07-21 → 2026-08-02) 51373 bytes
2026-07-21 09:33:50,550 [INFO] [OK] Brazil/GFS_ENSEMBLE_Corn_Winter_PRCP_DEP/cumulative dia 13 (2026-07-21 → 2026-08-03) 51658 bytes
2026-07-21 09:33:50,851 [INFO] [OK] Brazil/GFS_ENSEMBLE_Corn_Winter_PRCP/daily dia 00 (2026-07-21 → 2026-07-21) 31826 bytes
2026-07-21 09:33:51,232 [INFO] [OK] Brazil/GFS_ENSEMBLE_Corn_Winter_PRCP_DEP/cumulative dia 14 (2026-07-21 → 2026-08-04) 51814 bytes
2026-07-21 09:33:51,271 [INFO] [OK] Brazil/GFS_ENSEMBLE_Corn_Winter_PRCP/daily dia 01 (2026-07-22 → 2026-07-22) 31084 bytes
2026-07-21 09:33:51,517 [INFO] [OK] Brazil/GFS_ENSEMBLE_Corn_Winter_PRCP/daily dia 02 (2026-07-23 → 2026-07-23) 29726 bytes
2026-07-21 09:33:51,689 [INFO] [OK] Brazil/GFS_ENSEMBLE_Corn_Winter_PRCP/daily dia 03 (2026-07-24 → 2026-07-24) 29426 bytes
2026-07-21 09:33:52,384 [INFO] [OK] Brazil/GFS_ENSEMBLE_Corn_Winter_PRCP/daily dia 04 (2026-07-25 → 2026-07-25) 29206 bytes
2026-07-21 09:33:52,389 [INFO] [OK] Brazil/GFS_ENSEMBLE_Corn_Winter_PRCP/daily dia 05 (2026-07-26 → 2026-07-26) 28483 bytes
2026-07-21 09:33:52,578 [INFO] [OK] Brazil/GFS_ENSEMBLE_Corn_Winter_PRCP/daily dia 06 (2026-07-27 → 2026-07-27) 28430 bytes
2026-07-21 09:33:52,578 [INFO] [OK] Brazil/GFS_ENSEMBLE_Corn_Winter_PRCP/daily dia 07 (2026-07-28 → 2026-07-28) 29122 bytes
2026-07-21 09:33:52,796 [INFO] [OK] Brazil/GFS_ENSEMBLE_Corn_Winter_PRCP/daily dia 08 (2026-07-29 → 2026-07-29) 29295 bytes
2026-07-21 09:33:53,015 [INFO] [OK] Brazil/GFS_ENSEMBLE_Corn_Winter_PRCP/daily dia 09 (2026-07-30 → 2026-07-30) 28984 bytes
2026-07-21 09:33:53,670 [INFO] [OK] Brazil/GFS_ENSEMBLE_Corn_Winter_PRCP/daily dia 11 (2026-08-01 → 2026-08-01) 30230 bytes
2026-07-21 09:33:53,713 [INFO] [OK] Brazil/GFS_ENSEMBLE_Corn_Winter_PRCP/daily dia 10 (2026-07-31 → 2026-07-31) 29905 bytes
2026-07-21 09:33:53,907 [INFO] [OK] Brazil/GFS_ENSEMBLE_Corn_Winter_PRCP/daily dia 13 (2026-08-03 → 2026-08-03) 30066 bytes
2026-07-21 09:33:53,909 [INFO] [OK] Brazil/GFS_ENSEMBLE_Corn_Winter_PRCP/daily dia 12 (2026-08-02 → 2026-08-02) 29338 bytes
2026-07-21 09:33:54,082 [INFO] [OK] Brazil/GFS_ENSEMBLE_Corn_Winter_PRCP/daily dia 14 (2026-08-04 → 2026-08-04) 29293 bytes
2026-07-21 09:33:54,278 [INFO] [OK] Brazil/GFS_ENSEMBLE_Corn_Winter_PRCP/cumulative dia 00 (2026-07-21 → 2026-07-21) 31826 bytes
2026-07-21 09:33:55,081 [INFO] [OK] Brazil/GFS_ENSEMBLE_Corn_Winter_PRCP/cumulative dia 01 (2026-07-21 → 2026-07-22) 34317 bytes
2026-07-21 09:33:55,188 [INFO] [OK] Brazil/GFS_ENSEMBLE_Corn_Winter_PRCP/cumulative dia 02 (2026-07-21 → 2026-07-23) 35685 bytes
2026-07-21 09:33:55,563 [INFO] [OK] Brazil/GFS_ENSEMBLE_Corn_Winter_PRCP/cumulative dia 03 (2026-07-21 → 2026-07-24) 36717 bytes
2026-07-21 09:33:55,565 [INFO] [OK] Brazil/GFS_ENSEMBLE_Corn_Winter_PRCP/cumulative dia 04 (2026-07-21 → 2026-07-25) 37558 bytes
2026-07-21 09:33:55,999 [INFO] [OK] Brazil/GFS_ENSEMBLE_Corn_Winter_PRCP/cumulative dia 05 (2026-07-21 → 2026-07-26) 37820 bytes
2026-07-21 09:33:56,434 [INFO] [OK] Brazil/GFS_ENSEMBLE_Corn_Winter_PRCP/cumulative dia 06 (2026-07-21 → 2026-07-27) 38067 bytes
2026-07-21 09:33:56,897 [INFO] [OK] Brazil/GFS_ENSEMBLE_Corn_Winter_PRCP/cumulative dia 07 (2026-07-21 → 2026-07-28) 38793 bytes
2026-07-21 09:33:57,124 [INFO] [OK] Brazil/GFS_ENSEMBLE_Corn_Winter_PRCP/cumulative dia 08 (2026-07-21 → 2026-07-29) 39319 bytes
2026-07-21 09:33:57,582 [INFO] [OK] Brazil/GFS_ENSEMBLE_Corn_Winter_PRCP/cumulative dia 09 (2026-07-21 → 2026-07-30) 39804 bytes
2026-07-21 09:33:57,714 [INFO] [OK] Brazil/GFS_ENSEMBLE_Corn_Winter_PRCP/cumulative dia 10 (2026-07-21 → 2026-07-31) 40400 bytes
2026-07-21 09:33:58,225 [INFO] [OK] Brazil/GFS_ENSEMBLE_Corn_Winter_PRCP/cumulative dia 11 (2026-07-21 → 2026-08-01) 40745 bytes
2026-07-21 09:33:58,910 [INFO] [OK] Brazil/GFS_ENSEMBLE_Corn_Winter_PRCP/cumulative dia 12 (2026-07-21 → 2026-08-02) 41168 bytes
2026-07-21 09:33:59,066 [INFO] [OK] Brazil/ECM_ENSEMBLE_Soy_PRCP_DEP/daily dia 00 (2026-07-21 → 2026-07-21) 48878 bytes
2026-07-21 09:33:59,323 [INFO] [OK] Brazil/GFS_ENSEMBLE_Corn_Winter_PRCP/cumulative dia 13 (2026-07-21 → 2026-08-03) 41738 bytes
2026-07-21 09:33:59,491 [INFO] [OK] Brazil/ECM_ENSEMBLE_Soy_PRCP_DEP/daily dia 01 (2026-07-22 → 2026-07-22) 49282 bytes
2026-07-21 09:33:59,560 [INFO] [OK] Brazil/GFS_ENSEMBLE_Corn_Winter_PRCP/cumulative dia 14 (2026-07-21 → 2026-08-04) 42005 bytes
2026-07-21 09:33:59,583 [INFO] [OK] Brazil/ECM_ENSEMBLE_Soy_PRCP_DEP/daily dia 02 (2026-07-23 → 2026-07-23) 49075 bytes
2026-07-21 09:34:00,262 [INFO] [OK] Brazil/ECM_ENSEMBLE_Soy_PRCP_DEP/daily dia 03 (2026-07-24 → 2026-07-24) 50650 bytes
2026-07-21 09:34:00,717 [INFO] [OK] Brazil/ECM_ENSEMBLE_Soy_PRCP_DEP/daily dia 04 (2026-07-25 → 2026-07-25) 47168 bytes
2026-07-21 09:34:01,146 [INFO] [OK] Brazil/ECM_ENSEMBLE_Soy_PRCP_DEP/daily dia 06 (2026-07-27 → 2026-07-27) 50246 bytes
2026-07-21 09:34:01,149 [INFO] [OK] Brazil/ECM_ENSEMBLE_Soy_PRCP_DEP/daily dia 07 (2026-07-28 → 2026-07-28) 48696 bytes
2026-07-21 09:34:01,155 [INFO] [OK] Brazil/ECM_ENSEMBLE_Soy_PRCP_DEP/daily dia 05 (2026-07-26 → 2026-07-26) 49898 bytes
2026-07-21 09:34:01,231 [INFO] [OK] Brazil/ECM_ENSEMBLE_Soy_PRCP_DEP/daily dia 08 (2026-07-29 → 2026-07-29) 49977 bytes
2026-07-21 09:34:01,732 [INFO] [OK] Brazil/ECM_ENSEMBLE_Soy_PRCP_DEP/daily dia 09 (2026-07-30 → 2026-07-30) 48383 bytes
2026-07-21 09:34:02,252 [INFO] [OK] Brazil/ECM_ENSEMBLE_Soy_PRCP_DEP/daily dia 10 (2026-07-31 → 2026-07-31) 49059 bytes
2026-07-21 09:34:02,829 [INFO] [OK] Brazil/ECM_ENSEMBLE_Soy_PRCP_DEP/daily dia 11 (2026-08-01 → 2026-08-01) 49948 bytes
2026-07-21 09:34:02,870 [INFO] [OK] Brazil/ECM_ENSEMBLE_Soy_PRCP_DEP/daily dia 13 (2026-08-03 → 2026-08-03) 49871 bytes
2026-07-21 09:34:02,872 [INFO] [OK] Brazil/ECM_ENSEMBLE_Soy_PRCP_DEP/daily dia 12 (2026-08-02 → 2026-08-02) 49915 bytes
2026-07-21 09:34:02,876 [INFO] [OK] Brazil/ECM_ENSEMBLE_Soy_PRCP_DEP/daily dia 14 (2026-08-04 → 2026-08-04) 51025 bytes
2026-07-21 09:34:03,115 [INFO] [OK] Brazil/ECM_ENSEMBLE_Soy_PRCP_DEP/cumulative dia 00 (2026-07-21 → 2026-07-21) 48878 bytes
2026-07-21 09:34:03,661 [INFO] [OK] Brazil/ECM_ENSEMBLE_Soy_PRCP_DEP/cumulative dia 01 (2026-07-21 → 2026-07-22) 48783 bytes
2026-07-21 09:34:04,743 [INFO] [OK] Brazil/ECM_ENSEMBLE_Soy_PRCP_DEP/cumulative dia 02 (2026-07-21 → 2026-07-23) 49452 bytes
2026-07-21 09:34:04,780 [INFO] [OK] Brazil/ECM_ENSEMBLE_Soy_PRCP_DEP/cumulative dia 03 (2026-07-21 → 2026-07-24) 49929 bytes
2026-07-21 09:34:04,787 [INFO] [OK] Brazil/ECM_ENSEMBLE_Soy_PRCP_DEP/cumulative dia 04 (2026-07-21 → 2026-07-25) 50689 bytes
2026-07-21 09:34:04,788 [INFO] [OK] Brazil/ECM_ENSEMBLE_Soy_PRCP_DEP/cumulative dia 05 (2026-07-21 → 2026-07-26) 50553 bytes
2026-07-21 09:34:05,058 [INFO] [OK] Brazil/ECM_ENSEMBLE_Soy_PRCP_DEP/cumulative dia 06 (2026-07-21 → 2026-07-27) 51031 bytes
2026-07-21 09:34:05,676 [INFO] [OK] Brazil/ECM_ENSEMBLE_Soy_PRCP_DEP/cumulative dia 07 (2026-07-21 → 2026-07-28) 51092 bytes
2026-07-21 09:34:07,101 [INFO] [OK] Brazil/ECM_ENSEMBLE_Soy_PRCP_DEP/cumulative dia 08 (2026-07-21 → 2026-07-29) 50720 bytes
2026-07-21 09:34:07,145 [INFO] [OK] Brazil/ECM_ENSEMBLE_Soy_PRCP_DEP/cumulative dia 10 (2026-07-21 → 2026-07-31) 50284 bytes
2026-07-21 09:34:07,171 [INFO] [OK] Brazil/ECM_ENSEMBLE_Soy_PRCP_DEP/cumulative dia 09 (2026-07-21 → 2026-07-30) 50481 bytes
2026-07-21 09:34:07,261 [INFO] [OK] Brazil/ECM_ENSEMBLE_Soy_PRCP_DEP/cumulative dia 11 (2026-07-21 → 2026-08-01) 50485 bytes
2026-07-21 09:34:07,599 [INFO] [OK] Brazil/ECM_ENSEMBLE_Soy_PRCP_DEP/cumulative dia 12 (2026-07-21 → 2026-08-02) 50451 bytes
2026-07-21 09:34:08,208 [INFO] [OK] Brazil/ECM_ENSEMBLE_Soy_PRCP_DEP/cumulative dia 13 (2026-07-21 → 2026-08-03) 50827 bytes
2026-07-21 09:34:08,552 [INFO] [OK] Brazil/ECM_ENSEMBLE_Soy_PRCP/daily dia 00 (2026-07-21 → 2026-07-21) 35728 bytes
2026-07-21 09:34:09,019 [INFO] [OK] Brazil/ECM_ENSEMBLE_Soy_PRCP/daily dia 02 (2026-07-23 → 2026-07-23) 32912 bytes
2026-07-21 09:34:09,128 [INFO] [OK] Brazil/ECM_ENSEMBLE_Soy_PRCP/daily dia 01 (2026-07-22 → 2026-07-22) 34232 bytes
2026-07-21 09:34:09,189 [INFO] [OK] Brazil/ECM_ENSEMBLE_Soy_PRCP/daily dia 03 (2026-07-24 → 2026-07-24) 32571 bytes
2026-07-21 09:34:10,081 [INFO] [OK] Brazil/ECM_ENSEMBLE_Soy_PRCP/daily dia 04 (2026-07-25 → 2026-07-25) 31629 bytes
2026-07-21 09:34:10,240 [INFO] [OK] Brazil/ECM_ENSEMBLE_Soy_PRCP/daily dia 05 (2026-07-26 → 2026-07-26) 30946 bytes
2026-07-21 09:34:10,781 [INFO] [OK] Brazil/ECM_ENSEMBLE_Soy_PRCP/daily dia 08 (2026-07-29 → 2026-07-29) 31014 bytes
2026-07-21 09:34:10,784 [INFO] [OK] Brazil/ECM_ENSEMBLE_Soy_PRCP/daily dia 06 (2026-07-27 → 2026-07-27) 31699 bytes
2026-07-21 09:34:10,810 [INFO] [OK] Brazil/ECM_ENSEMBLE_Soy_PRCP/daily dia 07 (2026-07-28 → 2026-07-28) 32229 bytes
2026-07-21 09:34:10,947 [INFO] [OK] Brazil/ECM_ENSEMBLE_Soy_PRCP_DEP/cumulative dia 14 (2026-07-21 → 2026-08-04) 50364 bytes
2026-07-21 09:34:11,503 [INFO] [OK] Brazil/ECM_ENSEMBLE_Soy_PRCP/daily dia 09 (2026-07-30 → 2026-07-30) 31279 bytes
2026-07-21 09:34:11,569 [INFO] [OK] Brazil/ECM_ENSEMBLE_Soy_PRCP/daily dia 10 (2026-07-31 → 2026-07-31) 32122 bytes
2026-07-21 09:34:12,178 [INFO] [OK] Brazil/ECM_ENSEMBLE_Soy_PRCP/daily dia 11 (2026-08-01 → 2026-08-01) 32300 bytes
2026-07-21 09:34:12,180 [INFO] [OK] Brazil/ECM_ENSEMBLE_Soy_PRCP/daily dia 12 (2026-08-02 → 2026-08-02) 32054 bytes
2026-07-21 09:34:12,180 [INFO] [OK] Brazil/ECM_ENSEMBLE_Soy_PRCP/daily dia 13 (2026-08-03 → 2026-08-03) 31832 bytes
2026-07-21 09:34:12,311 [INFO] [OK] Brazil/ECM_ENSEMBLE_Soy_PRCP/daily dia 14 (2026-08-04 → 2026-08-04) 30667 bytes
2026-07-21 09:34:13,055 [INFO] [OK] Brazil/ECM_ENSEMBLE_Soy_PRCP/cumulative dia 00 (2026-07-21 → 2026-07-21) 35728 bytes
2026-07-21 09:34:13,103 [INFO] [OK] Brazil/ECM_ENSEMBLE_Soy_PRCP/cumulative dia 01 (2026-07-21 → 2026-07-22) 38597 bytes
2026-07-21 09:34:13,727 [INFO] [OK] Brazil/ECM_ENSEMBLE_Soy_PRCP/cumulative dia 02 (2026-07-21 → 2026-07-23) 40062 bytes
2026-07-21 09:34:13,740 [INFO] [OK] Brazil/ECM_ENSEMBLE_Soy_PRCP/cumulative dia 03 (2026-07-21 → 2026-07-24) 41141 bytes
2026-07-21 09:34:13,873 [INFO] [OK] Brazil/ECM_ENSEMBLE_Soy_PRCP/cumulative dia 04 (2026-07-21 → 2026-07-25) 41943 bytes
2026-07-21 09:34:14,073 [INFO] [OK] Brazil/ECM_ENSEMBLE_Soy_PRCP/cumulative dia 05 (2026-07-21 → 2026-07-26) 42205 bytes
2026-07-21 09:34:14,839 [INFO] [OK] Brazil/ECM_ENSEMBLE_Soy_PRCP/cumulative dia 06 (2026-07-21 → 2026-07-27) 42834 bytes
2026-07-21 09:34:14,942 [INFO] [OK] Brazil/ECM_ENSEMBLE_Soy_PRCP/cumulative dia 07 (2026-07-21 → 2026-07-28) 43363 bytes
2026-07-21 09:34:15,766 [INFO] [OK] Brazil/ECM_ENSEMBLE_Soy_PRCP/cumulative dia 08 (2026-07-21 → 2026-07-29) 43755 bytes
2026-07-21 09:34:15,789 [INFO] [OK] Brazil/ECM_ENSEMBLE_Soy_PRCP/cumulative dia 09 (2026-07-21 → 2026-07-30) 44130 bytes
2026-07-21 09:34:16,021 [INFO] [OK] Brazil/ECM_ENSEMBLE_Soy_PRCP/cumulative dia 10 (2026-07-21 → 2026-07-31) 44535 bytes
2026-07-21 09:34:16,253 [INFO] [OK] Brazil/ECM_ENSEMBLE_Soy_PRCP/cumulative dia 11 (2026-07-21 → 2026-08-01) 45126 bytes
2026-07-21 09:34:17,161 [INFO] [OK] Brazil/ECM_ENSEMBLE_Soy_PRCP/cumulative dia 12 (2026-07-21 → 2026-08-02) 45353 bytes
2026-07-21 09:34:17,276 [INFO] [OK] Brazil/ECM_ENSEMBLE_Corn_Winter_PRCP_DEP/daily dia 00 (2026-07-21 → 2026-07-21) 47300 bytes
2026-07-21 09:34:17,418 [INFO] [OK] Brazil/ECM_ENSEMBLE_Corn_Winter_PRCP_DEP/daily dia 01 (2026-07-22 → 2026-07-22) 47901 bytes
2026-07-21 09:34:17,445 [INFO] [OK] Brazil/ECM_ENSEMBLE_Soy_PRCP/cumulative dia 13 (2026-07-21 → 2026-08-03) 45543 bytes
2026-07-21 09:34:17,690 [INFO] [OK] Brazil/ECM_ENSEMBLE_Corn_Winter_PRCP_DEP/daily dia 02 (2026-07-23 → 2026-07-23) 47602 bytes
2026-07-21 09:34:18,192 [INFO] [OK] Brazil/ECM_ENSEMBLE_Soy_PRCP/cumulative dia 14 (2026-07-21 → 2026-08-04) 45615 bytes
2026-07-21 09:34:18,861 [INFO] [OK] Brazil/ECM_ENSEMBLE_Corn_Winter_PRCP_DEP/daily dia 03 (2026-07-24 → 2026-07-24) 49274 bytes
2026-07-21 09:34:18,926 [INFO] [OK] Brazil/ECM_ENSEMBLE_Corn_Winter_PRCP_DEP/daily dia 04 (2026-07-25 → 2026-07-25) 45842 bytes
2026-07-21 09:34:18,929 [INFO] [OK] Brazil/ECM_ENSEMBLE_Corn_Winter_PRCP_DEP/daily dia 05 (2026-07-26 → 2026-07-26) 48433 bytes
2026-07-21 09:34:19,296 [INFO] [OK] Brazil/ECM_ENSEMBLE_Corn_Winter_PRCP_DEP/daily dia 06 (2026-07-27 → 2026-07-27) 48527 bytes
2026-07-21 09:34:19,298 [INFO] [OK] Brazil/ECM_ENSEMBLE_Corn_Winter_PRCP_DEP/daily dia 07 (2026-07-28 → 2026-07-28) 47109 bytes
2026-07-21 09:34:19,801 [INFO] [OK] Brazil/ECM_ENSEMBLE_Corn_Winter_PRCP_DEP/daily dia 08 (2026-07-29 → 2026-07-29) 48666 bytes
2026-07-21 09:34:20,196 [INFO] [OK] Brazil/ECM_ENSEMBLE_Corn_Winter_PRCP_DEP/daily dia 09 (2026-07-30 → 2026-07-30) 46847 bytes
2026-07-21 09:34:20,268 [INFO] [OK] Brazil/ECM_ENSEMBLE_Corn_Winter_PRCP_DEP/daily dia 10 (2026-07-31 → 2026-07-31) 47785 bytes
2026-07-21 09:34:20,318 [INFO] [OK] Brazil/ECM_ENSEMBLE_Corn_Winter_PRCP_DEP/daily dia 11 (2026-08-01 → 2026-08-01) 48578 bytes
2026-07-21 09:34:20,913 [INFO] [OK] Brazil/ECM_ENSEMBLE_Corn_Winter_PRCP_DEP/daily dia 12 (2026-08-02 → 2026-08-02) 48755 bytes
2026-07-21 09:34:20,925 [INFO] [OK] Brazil/ECM_ENSEMBLE_Corn_Winter_PRCP_DEP/daily dia 13 (2026-08-03 → 2026-08-03) 48700 bytes
2026-07-21 09:34:21,540 [INFO] [OK] Brazil/ECM_ENSEMBLE_Corn_Winter_PRCP_DEP/daily dia 14 (2026-08-04 → 2026-08-04) 49666 bytes
2026-07-21 09:34:21,584 [INFO] [OK] Brazil/ECM_ENSEMBLE_Corn_Winter_PRCP_DEP/cumulative dia 00 (2026-07-21 → 2026-07-21) 47300 bytes
2026-07-21 09:34:21,907 [INFO] [OK] Brazil/ECM_ENSEMBLE_Corn_Winter_PRCP_DEP/cumulative dia 02 (2026-07-21 → 2026-07-23) 48217 bytes
2026-07-21 09:34:21,908 [INFO] [OK] Brazil/ECM_ENSEMBLE_Corn_Winter_PRCP_DEP/cumulative dia 01 (2026-07-21 → 2026-07-22) 47472 bytes
2026-07-21 09:34:22,779 [INFO] [OK] Brazil/ECM_ENSEMBLE_Corn_Winter_PRCP_DEP/cumulative dia 03 (2026-07-21 → 2026-07-24) 48569 bytes
2026-07-21 09:34:22,792 [INFO] [OK] Brazil/ECM_ENSEMBLE_Corn_Winter_PRCP_DEP/cumulative dia 04 (2026-07-21 → 2026-07-25) 49406 bytes
2026-07-21 09:34:23,531 [INFO] [OK] Brazil/ECM_ENSEMBLE_Corn_Winter_PRCP_DEP/cumulative dia 05 (2026-07-21 → 2026-07-26) 49286 bytes
2026-07-21 09:34:23,532 [INFO] [OK] Brazil/ECM_ENSEMBLE_Corn_Winter_PRCP_DEP/cumulative dia 06 (2026-07-21 → 2026-07-27) 49694 bytes
2026-07-21 09:34:24,037 [INFO] [OK] Brazil/ECM_ENSEMBLE_Corn_Winter_PRCP_DEP/cumulative dia 07 (2026-07-21 → 2026-07-28) 49706 bytes
2026-07-21 09:34:24,042 [INFO] [OK] Brazil/ECM_ENSEMBLE_Corn_Winter_PRCP_DEP/cumulative dia 08 (2026-07-21 → 2026-07-29) 49449 bytes
2026-07-21 09:34:24,842 [INFO] [OK] Brazil/ECM_ENSEMBLE_Corn_Winter_PRCP_DEP/cumulative dia 09 (2026-07-21 → 2026-07-30) 49327 bytes
2026-07-21 09:34:24,989 [INFO] [OK] Brazil/ECM_ENSEMBLE_Corn_Winter_PRCP_DEP/cumulative dia 10 (2026-07-21 → 2026-07-31) 49070 bytes
2026-07-21 09:34:25,827 [INFO] [OK] Brazil/ECM_ENSEMBLE_Corn_Winter_PRCP_DEP/cumulative dia 11 (2026-07-21 → 2026-08-01) 49372 bytes
2026-07-21 09:34:25,828 [INFO] [OK] Brazil/ECM_ENSEMBLE_Corn_Winter_PRCP_DEP/cumulative dia 12 (2026-07-21 → 2026-08-02) 49312 bytes
2026-07-21 09:34:26,170 [INFO] [OK] Brazil/ECM_ENSEMBLE_Corn_Winter_PRCP/daily dia 00 (2026-07-21 → 2026-07-21) 34142 bytes
2026-07-21 09:34:26,307 [INFO] [OK] Brazil/ECM_ENSEMBLE_Corn_Winter_PRCP/daily dia 01 (2026-07-22 → 2026-07-22) 32661 bytes
2026-07-21 09:34:26,413 [INFO] [OK] Brazil/ECM_ENSEMBLE_Corn_Winter_PRCP_DEP/cumulative dia 13 (2026-07-21 → 2026-08-03) 49626 bytes
2026-07-21 09:34:26,448 [INFO] [OK] Brazil/ECM_ENSEMBLE_Corn_Winter_PRCP_DEP/cumulative dia 14 (2026-07-21 → 2026-08-04) 49115 bytes
2026-07-21 09:34:27,118 [INFO] [OK] Brazil/ECM_ENSEMBLE_Corn_Winter_PRCP/daily dia 03 (2026-07-24 → 2026-07-24) 30975 bytes
2026-07-21 09:34:27,164 [INFO] [OK] Brazil/ECM_ENSEMBLE_Corn_Winter_PRCP/daily dia 02 (2026-07-23 → 2026-07-23) 31446 bytes
2026-07-21 09:34:27,416 [INFO] [OK] Brazil/ECM_ENSEMBLE_Corn_Winter_PRCP/daily dia 04 (2026-07-25 → 2026-07-25) 30168 bytes
2026-07-21 09:34:27,689 [INFO] [OK] Brazil/ECM_ENSEMBLE_Corn_Winter_PRCP/daily dia 06 (2026-07-27 → 2026-07-27) 30068 bytes
2026-07-21 09:34:27,765 [INFO] [OK] Brazil/ECM_ENSEMBLE_Corn_Winter_PRCP/daily dia 05 (2026-07-26 → 2026-07-26) 29505 bytes
2026-07-21 09:34:27,853 [INFO] [OK] Brazil/ECM_ENSEMBLE_Corn_Winter_PRCP/daily dia 07 (2026-07-28 → 2026-07-28) 30694 bytes
2026-07-21 09:34:28,725 [INFO] [OK] Brazil/ECM_ENSEMBLE_Corn_Winter_PRCP/daily dia 09 (2026-07-30 → 2026-07-30) 29881 bytes
2026-07-21 09:34:28,730 [INFO] [OK] Brazil/ECM_ENSEMBLE_Corn_Winter_PRCP/daily dia 08 (2026-07-29 → 2026-07-29) 29671 bytes
2026-07-21 09:34:28,750 [INFO] [OK] Brazil/ECM_ENSEMBLE_Corn_Winter_PRCP/daily dia 10 (2026-07-31 → 2026-07-31) 30632 bytes
2026-07-21 09:34:28,942 [INFO] [OK] Brazil/ECM_ENSEMBLE_Corn_Winter_PRCP/daily dia 11 (2026-08-01 → 2026-08-01) 30690 bytes
2026-07-21 09:34:29,074 [INFO] [OK] Brazil/ECM_ENSEMBLE_Corn_Winter_PRCP/daily dia 12 (2026-08-02 → 2026-08-02) 30579 bytes
2026-07-21 09:34:29,162 [INFO] [OK] Brazil/ECM_ENSEMBLE_Corn_Winter_PRCP/daily dia 13 (2026-08-03 → 2026-08-03) 30241 bytes
2026-07-21 09:34:30,072 [INFO] [OK] Brazil/ECM_ENSEMBLE_Corn_Winter_PRCP/daily dia 14 (2026-08-04 → 2026-08-04) 29096 bytes
2026-07-21 09:34:30,303 [INFO] [OK] Brazil/ECM_ENSEMBLE_Corn_Winter_PRCP/cumulative dia 00 (2026-07-21 → 2026-07-21) 34142 bytes
2026-07-21 09:34:30,422 [INFO] [OK] Brazil/ECM_ENSEMBLE_Corn_Winter_PRCP/cumulative dia 01 (2026-07-21 → 2026-07-22) 37004 bytes
2026-07-21 09:34:33,205 [INFO] [OK] Brazil/ECM_ENSEMBLE_Corn_Winter_PRCP/cumulative dia 02 (2026-07-21 → 2026-07-23) 38532 bytes
2026-07-21 09:34:33,356 [INFO] [OK] Brazil/ECM_ENSEMBLE_Corn_Winter_PRCP/cumulative dia 03 (2026-07-21 → 2026-07-24) 39692 bytes
2026-07-21 09:34:33,356 [INFO] [OK] Brazil/ECM_ENSEMBLE_Corn_Winter_PRCP/cumulative dia 06 (2026-07-21 → 2026-07-27) 41325 bytes
2026-07-21 09:34:34,025 [INFO] [OK] Brazil/ECM_ENSEMBLE_Corn_Winter_PRCP/cumulative dia 05 (2026-07-21 → 2026-07-26) 40673 bytes
2026-07-21 09:34:34,102 [INFO] [OK] Brazil/ECM_ENSEMBLE_Corn_Winter_PRCP/cumulative dia 07 (2026-07-21 → 2026-07-28) 41897 bytes
2026-07-21 09:34:34,114 [INFO] [OK] Brazil/ECM_ENSEMBLE_Corn_Winter_PRCP/cumulative dia 04 (2026-07-21 → 2026-07-25) 40380 bytes
2026-07-21 09:34:36,611 [INFO] [OK] Brazil/ECM_ENSEMBLE_Corn_Winter_PRCP/cumulative dia 09 (2026-07-21 → 2026-07-30) 42787 bytes
2026-07-21 09:34:37,018 [INFO] [OK] Brazil/ECM_ENSEMBLE_Corn_Winter_PRCP/cumulative dia 08 (2026-07-21 → 2026-07-29) 42291 bytes
2026-07-21 09:34:37,047 [INFO] [OK] Brazil/ECM_ENSEMBLE_Corn_Winter_PRCP/cumulative dia 10 (2026-07-21 → 2026-07-31) 43247 bytes
2026-07-21 09:34:37,100 [INFO] [OK] Brazil/ECM_ENSEMBLE_Corn_Winter_PRCP/cumulative dia 12 (2026-07-21 → 2026-08-02) 43979 bytes
2026-07-21 09:34:37,126 [INFO] [OK] Brazil/ECM_ENSEMBLE_Corn_Winter_PRCP/cumulative dia 11 (2026-07-21 → 2026-08-01) 43738 bytes
2026-07-21 09:34:37,127 [INFO] [OK] Brazil/ECM_ENSEMBLE_Corn_Winter_PRCP/cumulative dia 13 (2026-07-21 → 2026-08-03) 44134 bytes
2026-07-21 09:34:38,174 [INFO] [OK] Argentina/GFS_ENSEMBLE_Soy_PRCP_DEP/daily dia 04 (2026-07-25 → 2026-07-25) 35405 bytes
2026-07-21 09:34:38,183 [INFO] [OK] Argentina/GFS_ENSEMBLE_Soy_PRCP_DEP/daily dia 02 (2026-07-23 → 2026-07-23) 33170 bytes
2026-07-21 09:34:38,188 [INFO] [OK] Argentina/GFS_ENSEMBLE_Soy_PRCP_DEP/daily dia 00 (2026-07-21 → 2026-07-21) 39024 bytes
2026-07-21 09:34:38,214 [INFO] [OK] Argentina/GFS_ENSEMBLE_Soy_PRCP_DEP/daily dia 01 (2026-07-22 → 2026-07-22) 37690 bytes
2026-07-21 09:34:38,333 [INFO] [OK] Argentina/GFS_ENSEMBLE_Soy_PRCP_DEP/daily dia 03 (2026-07-24 → 2026-07-24) 36663 bytes
2026-07-21 09:34:39,226 [INFO] [OK] Brazil/ECM_ENSEMBLE_Corn_Winter_PRCP/cumulative dia 14 (2026-07-21 → 2026-08-04) 44393 bytes
2026-07-21 09:34:39,376 [INFO] [OK] Argentina/GFS_ENSEMBLE_Soy_PRCP_DEP/daily dia 05 (2026-07-26 → 2026-07-26) 35476 bytes
2026-07-21 09:34:39,461 [INFO] [OK] Argentina/GFS_ENSEMBLE_Soy_PRCP_DEP/daily dia 07 (2026-07-28 → 2026-07-28) 38979 bytes
2026-07-21 09:34:40,198 [INFO] [OK] Argentina/GFS_ENSEMBLE_Soy_PRCP_DEP/daily dia 08 (2026-07-29 → 2026-07-29) 43439 bytes
2026-07-21 09:34:40,239 [INFO] [OK] Argentina/GFS_ENSEMBLE_Soy_PRCP_DEP/daily dia 06 (2026-07-27 → 2026-07-27) 35317 bytes
2026-07-21 09:34:40,245 [INFO] [OK] Argentina/GFS_ENSEMBLE_Soy_PRCP_DEP/daily dia 09 (2026-07-30 → 2026-07-30) 45616 bytes
2026-07-21 09:34:40,448 [INFO] [OK] Argentina/GFS_ENSEMBLE_Soy_PRCP_DEP/daily dia 10 (2026-07-31 → 2026-07-31) 42076 bytes
2026-07-21 09:34:40,509 [INFO] [OK] Argentina/GFS_ENSEMBLE_Soy_PRCP_DEP/daily dia 11 (2026-08-01 → 2026-08-01) 42742 bytes
2026-07-21 09:34:40,743 [INFO] [OK] Argentina/GFS_ENSEMBLE_Soy_PRCP_DEP/daily dia 12 (2026-08-02 → 2026-08-02) 44292 bytes
2026-07-21 09:34:41,261 [INFO] [OK] Argentina/GFS_ENSEMBLE_Soy_PRCP_DEP/daily dia 13 (2026-08-03 → 2026-08-03) 44167 bytes
2026-07-21 09:34:41,270 [INFO] [OK] Argentina/GFS_ENSEMBLE_Soy_PRCP_DEP/cumulative dia 00 (2026-07-21 → 2026-07-21) 39024 bytes
2026-07-21 09:34:41,311 [INFO] [OK] Argentina/GFS_ENSEMBLE_Soy_PRCP_DEP/daily dia 14 (2026-08-04 → 2026-08-04) 46253 bytes
2026-07-21 09:34:41,487 [INFO] [OK] Argentina/GFS_ENSEMBLE_Soy_PRCP_DEP/cumulative dia 01 (2026-07-21 → 2026-07-22) 40348 bytes
2026-07-21 09:34:41,621 [INFO] [OK] Argentina/GFS_ENSEMBLE_Soy_PRCP_DEP/cumulative dia 02 (2026-07-21 → 2026-07-23) 40095 bytes
2026-07-21 09:34:41,907 [INFO] [OK] Argentina/GFS_ENSEMBLE_Soy_PRCP_DEP/cumulative dia 03 (2026-07-21 → 2026-07-24) 41366 bytes
2026-07-21 09:34:42,486 [INFO] [OK] Argentina/GFS_ENSEMBLE_Soy_PRCP_DEP/cumulative dia 05 (2026-07-21 → 2026-07-26) 41671 bytes
2026-07-21 09:34:42,491 [INFO] [OK] Argentina/GFS_ENSEMBLE_Soy_PRCP_DEP/cumulative dia 04 (2026-07-21 → 2026-07-25) 41810 bytes
2026-07-21 09:34:42,634 [INFO] [OK] Argentina/GFS_ENSEMBLE_Soy_PRCP_DEP/cumulative dia 06 (2026-07-21 → 2026-07-27) 41855 bytes
2026-07-21 09:34:42,850 [INFO] [OK] Argentina/GFS_ENSEMBLE_Soy_PRCP_DEP/cumulative dia 07 (2026-07-21 → 2026-07-28) 42263 bytes
2026-07-21 09:34:43,030 [INFO] [OK] Argentina/GFS_ENSEMBLE_Soy_PRCP_DEP/cumulative dia 08 (2026-07-21 → 2026-07-29) 43444 bytes
2026-07-21 09:34:43,322 [INFO] [OK] Argentina/GFS_ENSEMBLE_Soy_PRCP_DEP/cumulative dia 09 (2026-07-21 → 2026-07-30) 44361 bytes
2026-07-21 09:34:44,043 [INFO] [OK] Argentina/GFS_ENSEMBLE_Soy_PRCP_DEP/cumulative dia 11 (2026-07-21 → 2026-08-01) 44501 bytes
2026-07-21 09:34:44,045 [INFO] [OK] Argentina/GFS_ENSEMBLE_Soy_PRCP_DEP/cumulative dia 10 (2026-07-21 → 2026-07-31) 44746 bytes
2026-07-21 09:34:44,489 [INFO] [OK] Argentina/GFS_ENSEMBLE_Soy_PRCP/daily dia 00 (2026-07-21 → 2026-07-21) 30150 bytes
2026-07-21 09:34:44,494 [INFO] [OK] Argentina/GFS_ENSEMBLE_Soy_PRCP_DEP/cumulative dia 12 (2026-07-21 → 2026-08-02) 44738 bytes
2026-07-21 09:34:44,802 [INFO] [OK] Argentina/GFS_ENSEMBLE_Soy_PRCP_DEP/cumulative dia 14 (2026-07-21 → 2026-08-04) 44792 bytes
2026-07-21 09:34:44,805 [INFO] [OK] Argentina/GFS_ENSEMBLE_Soy_PRCP_DEP/cumulative dia 13 (2026-07-21 → 2026-08-03) 44591 bytes
2026-07-21 09:34:45,044 [INFO] [OK] Argentina/GFS_ENSEMBLE_Soy_PRCP/daily dia 01 (2026-07-22 → 2026-07-22) 29768 bytes
2026-07-21 09:34:45,174 [INFO] [OK] Argentina/GFS_ENSEMBLE_Soy_PRCP/daily dia 02 (2026-07-23 → 2026-07-23) 28292 bytes
2026-07-21 09:34:45,516 [INFO] [OK] Argentina/GFS_ENSEMBLE_Soy_PRCP/daily dia 03 (2026-07-24 → 2026-07-24) 28489 bytes
2026-07-21 09:34:45,537 [INFO] [OK] Argentina/GFS_ENSEMBLE_Soy_PRCP/daily dia 04 (2026-07-25 → 2026-07-25) 27008 bytes
2026-07-21 09:34:45,724 [INFO] [OK] Argentina/GFS_ENSEMBLE_Soy_PRCP/daily dia 05 (2026-07-26 → 2026-07-26) 27784 bytes
2026-07-21 09:34:45,924 [INFO] [OK] Argentina/GFS_ENSEMBLE_Soy_PRCP/daily dia 06 (2026-07-27 → 2026-07-27) 27329 bytes
2026-07-21 09:34:45,986 [INFO] [OK] Argentina/GFS_ENSEMBLE_Soy_PRCP/daily dia 07 (2026-07-28 → 2026-07-28) 28213 bytes
2026-07-21 09:34:46,082 [INFO] [OK] Argentina/GFS_ENSEMBLE_Soy_PRCP/daily dia 08 (2026-07-29 → 2026-07-29) 28298 bytes
2026-07-21 09:34:46,476 [INFO] [OK] Argentina/GFS_ENSEMBLE_Soy_PRCP/daily dia 09 (2026-07-30 → 2026-07-30) 27594 bytes
2026-07-21 09:34:46,540 [INFO] [OK] Argentina/GFS_ENSEMBLE_Soy_PRCP/daily dia 10 (2026-07-31 → 2026-07-31) 28655 bytes
2026-07-21 09:34:46,727 [INFO] [OK] Argentina/GFS_ENSEMBLE_Soy_PRCP/daily dia 11 (2026-08-01 → 2026-08-01) 28766 bytes
2026-07-21 09:34:46,856 [INFO] [OK] Argentina/GFS_ENSEMBLE_Soy_PRCP/daily dia 12 (2026-08-02 → 2026-08-02) 28130 bytes
2026-07-21 09:34:46,938 [INFO] [OK] Argentina/GFS_ENSEMBLE_Soy_PRCP/daily dia 13 (2026-08-03 → 2026-08-03) 28453 bytes
2026-07-21 09:34:47,034 [INFO] [OK] Argentina/GFS_ENSEMBLE_Soy_PRCP/daily dia 14 (2026-08-04 → 2026-08-04) 27545 bytes
2026-07-21 09:34:47,449 [INFO] [OK] Argentina/GFS_ENSEMBLE_Soy_PRCP/cumulative dia 00 (2026-07-21 → 2026-07-21) 30150 bytes
2026-07-21 09:34:47,614 [INFO] [OK] Argentina/GFS_ENSEMBLE_Soy_PRCP/cumulative dia 01 (2026-07-21 → 2026-07-22) 32123 bytes
2026-07-21 09:34:47,780 [INFO] [OK] Argentina/GFS_ENSEMBLE_Soy_PRCP/cumulative dia 02 (2026-07-21 → 2026-07-23) 33213 bytes
2026-07-21 09:34:48,172 [INFO] [OK] Argentina/GFS_ENSEMBLE_Soy_PRCP/cumulative dia 03 (2026-07-21 → 2026-07-24) 34119 bytes
2026-07-21 09:34:48,176 [INFO] [OK] Argentina/GFS_ENSEMBLE_Soy_PRCP/cumulative dia 04 (2026-07-21 → 2026-07-25) 34431 bytes
2026-07-21 09:34:48,287 [INFO] [OK] Argentina/GFS_ENSEMBLE_Soy_PRCP/cumulative dia 05 (2026-07-21 → 2026-07-26) 35051 bytes
2026-07-21 09:34:48,863 [INFO] [OK] Argentina/GFS_ENSEMBLE_Soy_PRCP/cumulative dia 06 (2026-07-21 → 2026-07-27) 35122 bytes
2026-07-21 09:34:48,953 [INFO] [OK] Argentina/GFS_ENSEMBLE_Soy_PRCP/cumulative dia 07 (2026-07-21 → 2026-07-28) 35568 bytes
2026-07-21 09:34:49,101 [INFO] [OK] Argentina/GFS_ENSEMBLE_Soy_PRCP/cumulative dia 08 (2026-07-21 → 2026-07-29) 35900 bytes
2026-07-21 09:34:49,644 [INFO] [OK] Argentina/GFS_ENSEMBLE_Soy_PRCP/cumulative dia 09 (2026-07-21 → 2026-07-30) 36154 bytes
2026-07-21 09:34:49,665 [INFO] [OK] Argentina/GFS_ENSEMBLE_Soy_PRCP/cumulative dia 10 (2026-07-21 → 2026-07-31) 36609 bytes
2026-07-21 09:34:49,751 [INFO] [OK] Argentina/GFS_ENSEMBLE_Soy_PRCP/cumulative dia 11 (2026-07-21 → 2026-08-01) 36412 bytes
2026-07-21 09:34:50,377 [INFO] [OK] Argentina/GFS_ENSEMBLE_Soy_PRCP/cumulative dia 12 (2026-07-21 → 2026-08-02) 36979 bytes
2026-07-21 09:34:50,610 [INFO] [OK] Argentina/GFS_ENSEMBLE_Soy_PRCP/cumulative dia 13 (2026-07-21 → 2026-08-03) 37267 bytes
2026-07-21 09:34:50,759 [INFO] [OK] Argentina/GFS_ENSEMBLE_Soy_PRCP/cumulative dia 14 (2026-07-21 → 2026-08-04) 37350 bytes
2026-07-21 09:34:50,778 [INFO] [OK] Argentina/GFS_ENSEMBLE_Corn_Winter_PRCP_DEP/daily dia 01 (2026-07-22 → 2026-07-22) 35628 bytes
2026-07-21 09:34:50,837 [INFO] [OK] Argentina/GFS_ENSEMBLE_Corn_Winter_PRCP_DEP/daily dia 00 (2026-07-21 → 2026-07-21) 36937 bytes
2026-07-21 09:34:50,878 [INFO] [OK] Argentina/GFS_ENSEMBLE_Corn_Winter_PRCP_DEP/daily dia 02 (2026-07-23 → 2026-07-23) 31525 bytes
2026-07-21 09:34:51,344 [INFO] [OK] Argentina/GFS_ENSEMBLE_Corn_Winter_PRCP_DEP/daily dia 03 (2026-07-24 → 2026-07-24) 35082 bytes
2026-07-21 09:34:51,939 [INFO] [OK] Argentina/GFS_ENSEMBLE_Corn_Winter_PRCP_DEP/daily dia 04 (2026-07-25 → 2026-07-25) 33644 bytes
2026-07-21 09:34:52,096 [INFO] [OK] Argentina/GFS_ENSEMBLE_Corn_Winter_PRCP_DEP/daily dia 06 (2026-07-27 → 2026-07-27) 33558 bytes
2026-07-21 09:34:52,098 [INFO] [OK] Argentina/GFS_ENSEMBLE_Corn_Winter_PRCP_DEP/daily dia 05 (2026-07-26 → 2026-07-26) 33715 bytes
2026-07-21 09:34:52,195 [INFO] [OK] Argentina/GFS_ENSEMBLE_Corn_Winter_PRCP_DEP/daily dia 08 (2026-07-29 → 2026-07-29) 41634 bytes
2026-07-21 09:34:52,211 [INFO] [OK] Argentina/GFS_ENSEMBLE_Corn_Winter_PRCP_DEP/daily dia 07 (2026-07-28 → 2026-07-28) 37180 bytes
2026-07-21 09:34:52,470 [INFO] [OK] Argentina/GFS_ENSEMBLE_Corn_Winter_PRCP_DEP/daily dia 09 (2026-07-30 → 2026-07-30) 44256 bytes
2026-07-21 09:34:53,048 [INFO] [OK] Argentina/GFS_ENSEMBLE_Corn_Winter_PRCP_DEP/daily dia 10 (2026-07-31 → 2026-07-31) 40675 bytes
2026-07-21 09:34:53,227 [INFO] [OK] Argentina/GFS_ENSEMBLE_Corn_Winter_PRCP_DEP/daily dia 14 (2026-08-04 → 2026-08-04) 44713 bytes
2026-07-21 09:34:53,297 [INFO] [OK] Argentina/GFS_ENSEMBLE_Corn_Winter_PRCP_DEP/daily dia 11 (2026-08-01 → 2026-08-01) 41431 bytes
2026-07-21 09:34:53,304 [INFO] [OK] Argentina/GFS_ENSEMBLE_Corn_Winter_PRCP_DEP/daily dia 13 (2026-08-03 → 2026-08-03) 42831 bytes
2026-07-21 09:34:53,304 [INFO] [OK] Argentina/GFS_ENSEMBLE_Corn_Winter_PRCP_DEP/daily dia 12 (2026-08-02 → 2026-08-02) 42777 bytes
2026-07-21 09:34:53,474 [INFO] [OK] Argentina/GFS_ENSEMBLE_Corn_Winter_PRCP_DEP/cumulative dia 00 (2026-07-21 → 2026-07-21) 36937 bytes
2026-07-21 09:34:54,145 [INFO] [OK] Argentina/GFS_ENSEMBLE_Corn_Winter_PRCP_DEP/cumulative dia 01 (2026-07-21 → 2026-07-22) 38401 bytes
2026-07-21 09:34:54,323 [INFO] [OK] Argentina/GFS_ENSEMBLE_Corn_Winter_PRCP_DEP/cumulative dia 02 (2026-07-21 → 2026-07-23) 38210 bytes
2026-07-21 09:34:54,486 [INFO] [OK] Argentina/GFS_ENSEMBLE_Corn_Winter_PRCP_DEP/cumulative dia 04 (2026-07-21 → 2026-07-25) 40158 bytes
2026-07-21 09:34:54,604 [INFO] [OK] Argentina/GFS_ENSEMBLE_Corn_Winter_PRCP_DEP/cumulative dia 05 (2026-07-21 → 2026-07-26) 40074 bytes
2026-07-21 09:34:54,629 [INFO] [OK] Argentina/GFS_ENSEMBLE_Corn_Winter_PRCP_DEP/cumulative dia 03 (2026-07-21 → 2026-07-24) 39524 bytes
2026-07-21 09:34:55,126 [INFO] [OK] Argentina/GFS_ENSEMBLE_Corn_Winter_PRCP_DEP/cumulative dia 06 (2026-07-21 → 2026-07-27) 40260 bytes
2026-07-21 09:34:55,524 [INFO] [OK] Argentina/GFS_ENSEMBLE_Corn_Winter_PRCP_DEP/cumulative dia 07 (2026-07-21 → 2026-07-28) 40708 bytes
2026-07-21 09:34:55,705 [INFO] [OK] Argentina/GFS_ENSEMBLE_Corn_Winter_PRCP_DEP/cumulative dia 08 (2026-07-21 → 2026-07-29) 41940 bytes
2026-07-21 09:34:55,908 [INFO] [OK] Argentina/GFS_ENSEMBLE_Corn_Winter_PRCP_DEP/cumulative dia 09 (2026-07-21 → 2026-07-30) 42809 bytes
2026-07-21 09:34:56,220 [INFO] [OK] Argentina/GFS_ENSEMBLE_Corn_Winter_PRCP_DEP/cumulative dia 11 (2026-07-21 → 2026-08-01) 42802 bytes
2026-07-21 09:34:56,222 [INFO] [OK] Argentina/GFS_ENSEMBLE_Corn_Winter_PRCP_DEP/cumulative dia 10 (2026-07-21 → 2026-07-31) 43168 bytes
2026-07-21 09:34:56,869 [INFO] [OK] Argentina/GFS_ENSEMBLE_Corn_Winter_PRCP_DEP/cumulative dia 12 (2026-07-21 → 2026-08-02) 43164 bytes
2026-07-21 09:34:56,877 [INFO] [OK] Argentina/GFS_ENSEMBLE_Corn_Winter_PRCP/daily dia 00 (2026-07-21 → 2026-07-21) 27990 bytes
2026-07-21 09:34:57,079 [INFO] [OK] Argentina/GFS_ENSEMBLE_Corn_Winter_PRCP_DEP/cumulative dia 13 (2026-07-21 → 2026-08-03) 43129 bytes
2026-07-21 09:34:57,303 [INFO] [OK] Argentina/GFS_ENSEMBLE_Corn_Winter_PRCP/daily dia 01 (2026-07-22 → 2026-07-22) 27732 bytes
2026-07-21 09:34:57,304 [INFO] [OK] Argentina/GFS_ENSEMBLE_Corn_Winter_PRCP/daily dia 02 (2026-07-23 → 2026-07-23) 26410 bytes
2026-07-21 09:34:57,573 [INFO] [OK] Argentina/GFS_ENSEMBLE_Corn_Winter_PRCP_DEP/cumulative dia 14 (2026-07-21 → 2026-08-04) 43229 bytes
2026-07-21 09:34:57,823 [INFO] [OK] Argentina/GFS_ENSEMBLE_Corn_Winter_PRCP/daily dia 04 (2026-07-25 → 2026-07-25) 25272 bytes
2026-07-21 09:34:57,855 [INFO] [OK] Argentina/GFS_ENSEMBLE_Corn_Winter_PRCP/daily dia 03 (2026-07-24 → 2026-07-24) 26648 bytes
2026-07-21 09:34:58,005 [INFO] [OK] Argentina/GFS_ENSEMBLE_Corn_Winter_PRCP/daily dia 05 (2026-07-26 → 2026-07-26) 26022 bytes
2026-07-21 09:34:58,239 [INFO] [OK] Argentina/GFS_ENSEMBLE_Corn_Winter_PRCP/daily dia 06 (2026-07-27 → 2026-07-27) 25526 bytes
2026-07-21 09:34:58,302 [INFO] [OK] Argentina/GFS_ENSEMBLE_Corn_Winter_PRCP/daily dia 07 (2026-07-28 → 2026-07-28) 26314 bytes
2026-07-21 09:34:58,820 [INFO] [OK] Argentina/GFS_ENSEMBLE_Corn_Winter_PRCP/daily dia 09 (2026-07-30 → 2026-07-30) 25819 bytes
2026-07-21 09:34:58,823 [INFO] [OK] Argentina/GFS_ENSEMBLE_Corn_Winter_PRCP/daily dia 10 (2026-07-31 → 2026-07-31) 26921 bytes
2026-07-21 09:34:58,823 [INFO] [OK] Argentina/GFS_ENSEMBLE_Corn_Winter_PRCP/daily dia 08 (2026-07-29 → 2026-07-29) 26417 bytes
2026-07-21 09:34:58,930 [INFO] [OK] Argentina/GFS_ENSEMBLE_Corn_Winter_PRCP/daily dia 11 (2026-08-01 → 2026-08-01) 27059 bytes
2026-07-21 09:34:59,245 [INFO] [OK] Argentina/GFS_ENSEMBLE_Corn_Winter_PRCP/daily dia 12 (2026-08-02 → 2026-08-02) 26310 bytes
2026-07-21 09:34:59,344 [INFO] [OK] Argentina/GFS_ENSEMBLE_Corn_Winter_PRCP/daily dia 13 (2026-08-03 → 2026-08-03) 26635 bytes
2026-07-21 09:34:59,768 [INFO] [OK] Argentina/GFS_ENSEMBLE_Corn_Winter_PRCP/cumulative dia 00 (2026-07-21 → 2026-07-21) 27990 bytes
2026-07-21 09:34:59,770 [INFO] [OK] Argentina/GFS_ENSEMBLE_Corn_Winter_PRCP/daily dia 14 (2026-08-04 → 2026-08-04) 25797 bytes
2026-07-21 09:35:00,537 [INFO] [OK] Argentina/GFS_ENSEMBLE_Corn_Winter_PRCP/cumulative dia 01 (2026-07-21 → 2026-07-22) 30082 bytes
2026-07-21 09:35:00,551 [INFO] [OK] Argentina/GFS_ENSEMBLE_Corn_Winter_PRCP/cumulative dia 03 (2026-07-21 → 2026-07-24) 32286 bytes
2026-07-21 09:35:00,553 [INFO] [OK] Argentina/GFS_ENSEMBLE_Corn_Winter_PRCP/cumulative dia 02 (2026-07-21 → 2026-07-23) 31236 bytes
2026-07-21 09:35:00,575 [INFO] [OK] Argentina/GFS_ENSEMBLE_Corn_Winter_PRCP/cumulative dia 04 (2026-07-21 → 2026-07-25) 32636 bytes
2026-07-21 09:35:00,954 [INFO] [OK] Argentina/GFS_ENSEMBLE_Corn_Winter_PRCP/cumulative dia 05 (2026-07-21 → 2026-07-26) 33177 bytes
2026-07-21 09:35:01,008 [INFO] [OK] Argentina/GFS_ENSEMBLE_Corn_Winter_PRCP/cumulative dia 06 (2026-07-21 → 2026-07-27) 33258 bytes
2026-07-21 09:35:01,895 [INFO] [OK] Argentina/GFS_ENSEMBLE_Corn_Winter_PRCP/cumulative dia 07 (2026-07-21 → 2026-07-28) 33759 bytes
2026-07-21 09:35:02,038 [INFO] [OK] Argentina/GFS_ENSEMBLE_Corn_Winter_PRCP/cumulative dia 08 (2026-07-21 → 2026-07-29) 34307 bytes
2026-07-21 09:35:02,038 [INFO] [OK] Argentina/GFS_ENSEMBLE_Corn_Winter_PRCP/cumulative dia 09 (2026-07-21 → 2026-07-30) 34384 bytes
2026-07-21 09:35:02,101 [INFO] [OK] Argentina/GFS_ENSEMBLE_Corn_Winter_PRCP/cumulative dia 10 (2026-07-21 → 2026-07-31) 34905 bytes
2026-07-21 09:35:02,641 [INFO] [OK] Argentina/GFS_ENSEMBLE_Corn_Winter_PRCP/cumulative dia 12 (2026-07-21 → 2026-08-02) 35446 bytes
2026-07-21 09:35:02,663 [INFO] [OK] Argentina/GFS_ENSEMBLE_Corn_Winter_PRCP/cumulative dia 11 (2026-07-21 → 2026-08-01) 34807 bytes
2026-07-21 09:35:03,068 [INFO] [OK] Argentina/ECM_ENSEMBLE_Soy_PRCP_DEP/daily dia 00 (2026-07-21 → 2026-07-21) 40452 bytes
2026-07-21 09:35:03,145 [INFO] [OK] Argentina/ECM_ENSEMBLE_Soy_PRCP_DEP/daily dia 01 (2026-07-22 → 2026-07-22) 42648 bytes
2026-07-21 09:35:03,424 [INFO] [OK] Argentina/GFS_ENSEMBLE_Corn_Winter_PRCP/cumulative dia 13 (2026-07-21 → 2026-08-03) 35683 bytes
2026-07-21 09:35:03,829 [INFO] [OK] Argentina/GFS_ENSEMBLE_Corn_Winter_PRCP/cumulative dia 14 (2026-07-21 → 2026-08-04) 35816 bytes
2026-07-21 09:35:03,881 [INFO] [OK] Argentina/ECM_ENSEMBLE_Soy_PRCP_DEP/daily dia 02 (2026-07-23 → 2026-07-23) 40245 bytes
2026-07-21 09:35:04,087 [INFO] [OK] Argentina/ECM_ENSEMBLE_Soy_PRCP_DEP/daily dia 04 (2026-07-25 → 2026-07-25) 39230 bytes
2026-07-21 09:35:04,112 [INFO] [OK] Argentina/ECM_ENSEMBLE_Soy_PRCP_DEP/daily dia 03 (2026-07-24 → 2026-07-24) 43099 bytes
2026-07-21 09:35:04,972 [INFO] [OK] Argentina/ECM_ENSEMBLE_Soy_PRCP_DEP/daily dia 05 (2026-07-26 → 2026-07-26) 41146 bytes
2026-07-21 09:35:04,993 [INFO] [OK] Argentina/ECM_ENSEMBLE_Soy_PRCP_DEP/daily dia 08 (2026-07-29 → 2026-07-29) 41186 bytes
2026-07-21 09:35:04,997 [INFO] [OK] Argentina/ECM_ENSEMBLE_Soy_PRCP_DEP/daily dia 06 (2026-07-27 → 2026-07-27) 41856 bytes
2026-07-21 09:35:04,998 [INFO] [OK] Argentina/ECM_ENSEMBLE_Soy_PRCP_DEP/daily dia 07 (2026-07-28 → 2026-07-28) 38816 bytes
2026-07-21 09:35:05,134 [INFO] [OK] Argentina/ECM_ENSEMBLE_Soy_PRCP_DEP/daily dia 10 (2026-07-31 → 2026-07-31) 39317 bytes
2026-07-21 09:35:05,134 [INFO] [OK] Argentina/ECM_ENSEMBLE_Soy_PRCP_DEP/daily dia 09 (2026-07-30 → 2026-07-30) 39446 bytes
2026-07-21 09:35:06,018 [INFO] [OK] Argentina/ECM_ENSEMBLE_Soy_PRCP_DEP/daily dia 12 (2026-08-02 → 2026-08-02) 39755 bytes
2026-07-21 09:35:06,047 [INFO] [OK] Argentina/ECM_ENSEMBLE_Soy_PRCP_DEP/daily dia 13 (2026-08-03 → 2026-08-03) 39646 bytes
2026-07-21 09:35:06,190 [INFO] [OK] Argentina/ECM_ENSEMBLE_Soy_PRCP_DEP/daily dia 14 (2026-08-04 → 2026-08-04) 41533 bytes
2026-07-21 09:35:06,359 [INFO] [OK] Argentina/ECM_ENSEMBLE_Soy_PRCP_DEP/daily dia 11 (2026-08-01 → 2026-08-01) 39940 bytes
2026-07-21 09:35:06,373 [INFO] [OK] Argentina/ECM_ENSEMBLE_Soy_PRCP_DEP/cumulative dia 01 (2026-07-21 → 2026-07-22) 41017 bytes
2026-07-21 09:35:06,410 [INFO] [OK] Argentina/ECM_ENSEMBLE_Soy_PRCP_DEP/cumulative dia 00 (2026-07-21 → 2026-07-21) 40452 bytes
2026-07-21 09:35:07,500 [INFO] [OK] Argentina/ECM_ENSEMBLE_Soy_PRCP_DEP/cumulative dia 02 (2026-07-21 → 2026-07-23) 41215 bytes
2026-07-21 09:35:07,502 [INFO] [OK] Argentina/ECM_ENSEMBLE_Soy_PRCP_DEP/cumulative dia 04 (2026-07-21 → 2026-07-25) 42346 bytes
2026-07-21 09:35:07,504 [INFO] [OK] Argentina/ECM_ENSEMBLE_Soy_PRCP_DEP/cumulative dia 03 (2026-07-21 → 2026-07-24) 41585 bytes
2026-07-21 09:35:07,864 [INFO] [OK] Argentina/ECM_ENSEMBLE_Soy_PRCP_DEP/cumulative dia 07 (2026-07-21 → 2026-07-28) 41631 bytes
2026-07-21 09:35:07,866 [INFO] [OK] Argentina/ECM_ENSEMBLE_Soy_PRCP_DEP/cumulative dia 06 (2026-07-21 → 2026-07-27) 42249 bytes
2026-07-21 09:35:07,866 [INFO] [OK] Argentina/ECM_ENSEMBLE_Soy_PRCP_DEP/cumulative dia 05 (2026-07-21 → 2026-07-26) 41685 bytes
2026-07-21 09:35:08,982 [INFO] [OK] Argentina/ECM_ENSEMBLE_Soy_PRCP_DEP/cumulative dia 08 (2026-07-21 → 2026-07-29) 41020 bytes
2026-07-21 09:35:09,011 [INFO] [OK] Argentina/ECM_ENSEMBLE_Soy_PRCP_DEP/cumulative dia 09 (2026-07-21 → 2026-07-30) 40778 bytes
2026-07-21 09:35:09,153 [INFO] [OK] Argentina/ECM_ENSEMBLE_Soy_PRCP_DEP/cumulative dia 10 (2026-07-21 → 2026-07-31) 40802 bytes
2026-07-21 09:35:09,593 [INFO] [OK] Argentina/ECM_ENSEMBLE_Soy_PRCP_DEP/cumulative dia 12 (2026-07-21 → 2026-08-02) 40629 bytes
2026-07-21 09:35:09,616 [INFO] [OK] Argentina/ECM_ENSEMBLE_Soy_PRCP_DEP/cumulative dia 11 (2026-07-21 → 2026-08-01) 40808 bytes
2026-07-21 09:35:09,779 [INFO] [OK] Argentina/ECM_ENSEMBLE_Soy_PRCP_DEP/cumulative dia 13 (2026-07-21 → 2026-08-03) 40759 bytes
2026-07-21 09:35:10,192 [INFO] [OK] Argentina/ECM_ENSEMBLE_Soy_PRCP/daily dia 00 (2026-07-21 → 2026-07-21) 32688 bytes
2026-07-21 09:35:10,208 [INFO] [OK] Argentina/ECM_ENSEMBLE_Soy_PRCP/daily dia 01 (2026-07-22 → 2026-07-22) 31361 bytes
2026-07-21 09:35:10,563 [INFO] [OK] Argentina/ECM_ENSEMBLE_Soy_PRCP_DEP/cumulative dia 14 (2026-07-21 → 2026-08-04) 40473 bytes
2026-07-21 09:35:10,659 [INFO] [OK] Argentina/ECM_ENSEMBLE_Soy_PRCP/daily dia 02 (2026-07-23 → 2026-07-23) 29414 bytes
2026-07-21 09:35:10,660 [INFO] [OK] Argentina/ECM_ENSEMBLE_Soy_PRCP/daily dia 03 (2026-07-24 → 2026-07-24) 29154 bytes
2026-07-21 09:35:10,895 [INFO] [OK] Argentina/ECM_ENSEMBLE_Soy_PRCP/daily dia 04 (2026-07-25 → 2026-07-25) 28204 bytes
2026-07-21 09:35:11,161 [INFO] [OK] Argentina/ECM_ENSEMBLE_Soy_PRCP/daily dia 05 (2026-07-26 → 2026-07-26) 28305 bytes
2026-07-21 09:35:11,210 [INFO] [OK] Argentina/ECM_ENSEMBLE_Soy_PRCP/daily dia 06 (2026-07-27 → 2026-07-27) 29173 bytes
2026-07-21 09:35:11,972 [INFO] [OK] Argentina/ECM_ENSEMBLE_Soy_PRCP/daily dia 09 (2026-07-30 → 2026-07-30) 29080 bytes
2026-07-21 09:35:11,978 [INFO] [OK] Argentina/ECM_ENSEMBLE_Soy_PRCP/daily dia 08 (2026-07-29 → 2026-07-29) 28732 bytes
2026-07-21 09:35:11,984 [INFO] [OK] Argentina/ECM_ENSEMBLE_Soy_PRCP/daily dia 07 (2026-07-28 → 2026-07-28) 30144 bytes
2026-07-21 09:35:11,985 [INFO] [OK] Argentina/ECM_ENSEMBLE_Soy_PRCP/daily dia 10 (2026-07-31 → 2026-07-31) 29821 bytes
2026-07-21 09:35:12,128 [INFO] [OK] Argentina/ECM_ENSEMBLE_Soy_PRCP/daily dia 11 (2026-08-01 → 2026-08-01) 30267 bytes
2026-07-21 09:35:12,224 [INFO] [OK] Argentina/ECM_ENSEMBLE_Soy_PRCP/daily dia 12 (2026-08-02 → 2026-08-02) 29845 bytes
2026-07-21 09:35:13,294 [INFO] [OK] Argentina/ECM_ENSEMBLE_Soy_PRCP/cumulative dia 00 (2026-07-21 → 2026-07-21) 32688 bytes
2026-07-21 09:35:13,432 [INFO] [OK] Argentina/ECM_ENSEMBLE_Soy_PRCP/daily dia 13 (2026-08-03 → 2026-08-03) 29073 bytes
2026-07-21 09:35:13,456 [INFO] [OK] Argentina/ECM_ENSEMBLE_Soy_PRCP/cumulative dia 01 (2026-07-21 → 2026-07-22) 35327 bytes
2026-07-21 09:35:13,460 [INFO] [OK] Argentina/ECM_ENSEMBLE_Soy_PRCP/daily dia 14 (2026-08-04 → 2026-08-04) 28087 bytes
2026-07-21 09:35:13,501 [INFO] [OK] Argentina/ECM_ENSEMBLE_Soy_PRCP/cumulative dia 03 (2026-07-21 → 2026-07-24) 37006 bytes
2026-07-21 09:35:13,537 [INFO] [OK] Argentina/ECM_ENSEMBLE_Soy_PRCP/cumulative dia 02 (2026-07-21 → 2026-07-23) 36048 bytes
2026-07-21 09:35:14,758 [INFO] [OK] Argentina/ECM_ENSEMBLE_Soy_PRCP/cumulative dia 04 (2026-07-21 → 2026-07-25) 37436 bytes
2026-07-21 09:35:15,784 [INFO] [OK] Argentina/ECM_ENSEMBLE_Soy_PRCP/cumulative dia 09 (2026-07-21 → 2026-07-30) 38714 bytes
2026-07-21 09:35:15,802 [INFO] [OK] Argentina/ECM_ENSEMBLE_Soy_PRCP/cumulative dia 07 (2026-07-21 → 2026-07-28) 38236 bytes
2026-07-21 09:35:15,806 [INFO] [OK] Argentina/ECM_ENSEMBLE_Soy_PRCP/cumulative dia 06 (2026-07-21 → 2026-07-27) 37711 bytes
2026-07-21 09:35:15,818 [INFO] [OK] Argentina/ECM_ENSEMBLE_Soy_PRCP/cumulative dia 08 (2026-07-21 → 2026-07-29) 38471 bytes
2026-07-21 09:35:15,818 [INFO] [OK] Argentina/ECM_ENSEMBLE_Soy_PRCP/cumulative dia 05 (2026-07-21 → 2026-07-26) 37744 bytes
2026-07-21 09:35:16,361 [INFO] [OK] Argentina/ECM_ENSEMBLE_Soy_PRCP/cumulative dia 10 (2026-07-21 → 2026-07-31) 39038 bytes
2026-07-21 09:35:16,961 [INFO] [OK] Argentina/ECM_ENSEMBLE_Corn_Winter_PRCP_DEP/daily dia 00 (2026-07-21 → 2026-07-21) 38534 bytes
2026-07-21 09:35:17,492 [INFO] [OK] Argentina/ECM_ENSEMBLE_Corn_Winter_PRCP_DEP/daily dia 01 (2026-07-22 → 2026-07-22) 40757 bytes
2026-07-21 09:35:17,602 [INFO] [OK] Argentina/ECM_ENSEMBLE_Soy_PRCP/cumulative dia 11 (2026-07-21 → 2026-08-01) 39277 bytes
2026-07-21 09:35:17,741 [INFO] [OK] Argentina/ECM_ENSEMBLE_Soy_PRCP/cumulative dia 14 (2026-07-21 → 2026-08-04) 39922 bytes
2026-07-21 09:35:17,764 [INFO] [OK] Argentina/ECM_ENSEMBLE_Soy_PRCP/cumulative dia 13 (2026-07-21 → 2026-08-03) 39651 bytes
2026-07-21 09:35:17,770 [INFO] [OK] Argentina/ECM_ENSEMBLE_Soy_PRCP/cumulative dia 12 (2026-07-21 → 2026-08-02) 39497 bytes
2026-07-21 09:35:17,977 [INFO] [OK] Argentina/ECM_ENSEMBLE_Corn_Winter_PRCP_DEP/daily dia 02 (2026-07-23 → 2026-07-23) 38487 bytes
2026-07-21 09:35:18,471 [INFO] [OK] Argentina/ECM_ENSEMBLE_Corn_Winter_PRCP_DEP/daily dia 03 (2026-07-24 → 2026-07-24) 41393 bytes
2026-07-21 09:35:18,598 [INFO] [OK] Argentina/ECM_ENSEMBLE_Corn_Winter_PRCP_DEP/daily dia 04 (2026-07-25 → 2026-07-25) 37614 bytes
2026-07-21 09:35:19,326 [INFO] [OK] Argentina/ECM_ENSEMBLE_Corn_Winter_PRCP_DEP/daily dia 06 (2026-07-27 → 2026-07-27) 39932 bytes
2026-07-21 09:35:19,625 [INFO] [OK] Argentina/ECM_ENSEMBLE_Corn_Winter_PRCP_DEP/daily dia 08 (2026-07-29 → 2026-07-29) 39528 bytes
2026-07-21 09:35:19,870 [INFO] [OK] Argentina/ECM_ENSEMBLE_Corn_Winter_PRCP_DEP/daily dia 07 (2026-07-28 → 2026-07-28) 36784 bytes
2026-07-21 09:35:19,880 [INFO] [OK] Argentina/ECM_ENSEMBLE_Corn_Winter_PRCP_DEP/daily dia 10 (2026-07-31 → 2026-07-31) 38143 bytes
2026-07-21 09:35:19,914 [INFO] [OK] Argentina/ECM_ENSEMBLE_Corn_Winter_PRCP_DEP/daily dia 05 (2026-07-26 → 2026-07-26) 39461 bytes
2026-07-21 09:35:19,925 [INFO] [OK] Argentina/ECM_ENSEMBLE_Corn_Winter_PRCP_DEP/daily dia 09 (2026-07-30 → 2026-07-30) 37711 bytes
2026-07-21 09:35:20,915 [INFO] [OK] Argentina/ECM_ENSEMBLE_Corn_Winter_PRCP_DEP/daily dia 14 (2026-08-04 → 2026-08-04) 39880 bytes
2026-07-21 09:35:21,026 [INFO] [OK] Argentina/ECM_ENSEMBLE_Corn_Winter_PRCP_DEP/daily dia 12 (2026-08-02 → 2026-08-02) 38193 bytes
2026-07-21 09:35:21,056 [INFO] [OK] Argentina/ECM_ENSEMBLE_Corn_Winter_PRCP_DEP/cumulative dia 00 (2026-07-21 → 2026-07-21) 38534 bytes
2026-07-21 09:35:21,062 [INFO] [OK] Argentina/ECM_ENSEMBLE_Corn_Winter_PRCP_DEP/daily dia 13 (2026-08-03 → 2026-08-03) 38207 bytes
2026-07-21 09:35:21,149 [INFO] [OK] Argentina/ECM_ENSEMBLE_Corn_Winter_PRCP_DEP/cumulative dia 01 (2026-07-21 → 2026-07-22) 39173 bytes
2026-07-21 09:35:21,203 [INFO] [OK] Argentina/ECM_ENSEMBLE_Corn_Winter_PRCP_DEP/daily dia 11 (2026-08-01 → 2026-08-01) 38428 bytes
2026-07-21 09:35:22,130 [INFO] [OK] Argentina/ECM_ENSEMBLE_Corn_Winter_PRCP_DEP/cumulative dia 02 (2026-07-21 → 2026-07-23) 39542 bytes
2026-07-21 09:35:22,522 [INFO] [OK] Argentina/ECM_ENSEMBLE_Corn_Winter_PRCP_DEP/cumulative dia 04 (2026-07-21 → 2026-07-25) 40752 bytes
2026-07-21 09:35:22,545 [INFO] [OK] Argentina/ECM_ENSEMBLE_Corn_Winter_PRCP_DEP/cumulative dia 03 (2026-07-21 → 2026-07-24) 39898 bytes
2026-07-21 09:35:22,644 [INFO] [OK] Argentina/ECM_ENSEMBLE_Corn_Winter_PRCP_DEP/cumulative dia 05 (2026-07-21 → 2026-07-26) 40070 bytes
2026-07-21 09:35:22,649 [INFO] [OK] Argentina/ECM_ENSEMBLE_Corn_Winter_PRCP_DEP/cumulative dia 06 (2026-07-21 → 2026-07-27) 40763 bytes
2026-07-21 09:35:22,791 [INFO] [OK] Argentina/ECM_ENSEMBLE_Corn_Winter_PRCP_DEP/cumulative dia 07 (2026-07-21 → 2026-07-28) 40052 bytes
2026-07-21 09:35:23,462 [INFO] [OK] Argentina/ECM_ENSEMBLE_Corn_Winter_PRCP_DEP/cumulative dia 08 (2026-07-21 → 2026-07-29) 39497 bytes
2026-07-21 09:35:24,179 [INFO] [OK] Argentina/ECM_ENSEMBLE_Corn_Winter_PRCP_DEP/cumulative dia 09 (2026-07-21 → 2026-07-30) 39571 bytes
2026-07-21 09:35:24,186 [INFO] [OK] Argentina/ECM_ENSEMBLE_Corn_Winter_PRCP_DEP/cumulative dia 10 (2026-07-21 → 2026-07-31) 39229 bytes
2026-07-21 09:35:24,385 [INFO] [OK] Argentina/ECM_ENSEMBLE_Corn_Winter_PRCP_DEP/cumulative dia 11 (2026-07-21 → 2026-08-01) 39375 bytes
2026-07-21 09:35:24,440 [INFO] [OK] Argentina/ECM_ENSEMBLE_Corn_Winter_PRCP_DEP/cumulative dia 12 (2026-07-21 → 2026-08-02) 39373 bytes
2026-07-21 09:35:24,547 [INFO] [OK] Argentina/ECM_ENSEMBLE_Corn_Winter_PRCP_DEP/cumulative dia 13 (2026-07-21 → 2026-08-03) 39243 bytes
2026-07-21 09:35:25,018 [INFO] [OK] Argentina/ECM_ENSEMBLE_Corn_Winter_PRCP_DEP/cumulative dia 14 (2026-07-21 → 2026-08-04) 39054 bytes
2026-07-21 09:35:25,136 [INFO] [OK] Argentina/ECM_ENSEMBLE_Corn_Winter_PRCP/daily dia 00 (2026-07-21 → 2026-07-21) 30691 bytes
2026-07-21 09:35:25,194 [INFO] [OK] Argentina/ECM_ENSEMBLE_Corn_Winter_PRCP/daily dia 01 (2026-07-22 → 2026-07-22) 29300 bytes
2026-07-21 09:35:25,553 [INFO] [OK] Argentina/ECM_ENSEMBLE_Corn_Winter_PRCP/daily dia 03 (2026-07-24 → 2026-07-24) 27174 bytes
2026-07-21 09:35:25,560 [INFO] [OK] Argentina/ECM_ENSEMBLE_Corn_Winter_PRCP/daily dia 04 (2026-07-25 → 2026-07-25) 26318 bytes
2026-07-21 09:35:25,581 [INFO] [OK] Argentina/ECM_ENSEMBLE_Corn_Winter_PRCP/daily dia 02 (2026-07-23 → 2026-07-23) 27590 bytes
2026-07-21 09:35:25,988 [INFO] [OK] Argentina/ECM_ENSEMBLE_Corn_Winter_PRCP/daily dia 05 (2026-07-26 → 2026-07-26) 26522 bytes
2026-07-21 09:35:26,205 [INFO] [OK] Argentina/ECM_ENSEMBLE_Corn_Winter_PRCP/daily dia 07 (2026-07-28 → 2026-07-28) 28260 bytes
2026-07-21 09:35:26,206 [INFO] [OK] Argentina/ECM_ENSEMBLE_Corn_Winter_PRCP/daily dia 06 (2026-07-27 → 2026-07-27) 27223 bytes
2026-07-21 09:35:26,506 [INFO] [OK] Argentina/ECM_ENSEMBLE_Corn_Winter_PRCP/daily dia 09 (2026-07-30 → 2026-07-30) 27340 bytes
2026-07-21 09:35:26,511 [INFO] [OK] Argentina/ECM_ENSEMBLE_Corn_Winter_PRCP/daily dia 08 (2026-07-29 → 2026-07-29) 27042 bytes
2026-07-21 09:35:26,526 [INFO] [OK] Argentina/ECM_ENSEMBLE_Corn_Winter_PRCP/daily dia 10 (2026-07-31 → 2026-07-31) 28058 bytes
2026-07-21 09:35:26,953 [INFO] [OK] Argentina/ECM_ENSEMBLE_Corn_Winter_PRCP/daily dia 11 (2026-08-01 → 2026-08-01) 28417 bytes
2026-07-21 09:35:27,256 [INFO] [OK] Argentina/ECM_ENSEMBLE_Corn_Winter_PRCP/daily dia 13 (2026-08-03 → 2026-08-03) 27221 bytes
2026-07-21 09:35:27,346 [INFO] [OK] Argentina/ECM_ENSEMBLE_Corn_Winter_PRCP/daily dia 12 (2026-08-02 → 2026-08-02) 28050 bytes
2026-07-21 09:35:27,545 [INFO] [OK] Argentina/ECM_ENSEMBLE_Corn_Winter_PRCP/cumulative dia 00 (2026-07-21 → 2026-07-21) 30691 bytes
2026-07-21 09:35:27,577 [INFO] [OK] Argentina/ECM_ENSEMBLE_Corn_Winter_PRCP/daily dia 14 (2026-08-04 → 2026-08-04) 26169 bytes
2026-07-21 09:35:27,784 [INFO] [OK] Argentina/ECM_ENSEMBLE_Corn_Winter_PRCP/cumulative dia 01 (2026-07-21 → 2026-07-22) 33438 bytes
2026-07-21 09:35:28,049 [INFO] [OK] Argentina/ECM_ENSEMBLE_Corn_Winter_PRCP/cumulative dia 02 (2026-07-21 → 2026-07-23) 34256 bytes
2026-07-21 09:35:28,615 [INFO] [OK] Argentina/ECM_ENSEMBLE_Corn_Winter_PRCP/cumulative dia 03 (2026-07-21 → 2026-07-24) 35283 bytes
2026-07-21 09:35:28,974 [INFO] [OK] Argentina/ECM_ENSEMBLE_Corn_Winter_PRCP/cumulative dia 04 (2026-07-21 → 2026-07-25) 35518 bytes
2026-07-21 09:35:29,131 [INFO] [OK] Argentina/ECM_ENSEMBLE_Corn_Winter_PRCP/cumulative dia 06 (2026-07-21 → 2026-07-27) 35925 bytes
2026-07-21 09:35:29,302 [INFO] [OK] Argentina/ECM_ENSEMBLE_Corn_Winter_PRCP/cumulative dia 05 (2026-07-21 → 2026-07-26) 35853 bytes
2026-07-21 09:35:29,412 [INFO] [OK] Argentina/ECM_ENSEMBLE_Corn_Winter_PRCP/cumulative dia 07 (2026-07-21 → 2026-07-28) 36427 bytes
2026-07-21 09:35:30,141 [INFO] [OK] Argentina/ECM_ENSEMBLE_Corn_Winter_PRCP/cumulative dia 08 (2026-07-21 → 2026-07-29) 36588 bytes
2026-07-21 09:35:31,025 [INFO] [OK] Argentina/ECM_ENSEMBLE_Corn_Winter_PRCP/cumulative dia 09 (2026-07-21 → 2026-07-30) 36908 bytes
2026-07-21 09:35:31,697 [INFO] [OK] Argentina/ECM_ENSEMBLE_Corn_Winter_PRCP/cumulative dia 10 (2026-07-21 → 2026-07-31) 37309 bytes
2026-07-21 09:35:32,021 [INFO] [OK] Argentina/ECM_ENSEMBLE_Corn_Winter_PRCP/cumulative dia 11 (2026-07-21 → 2026-08-01) 37590 bytes
2026-07-21 09:35:32,880 [INFO] [OK] Argentina/ECM_ENSEMBLE_Corn_Winter_PRCP/cumulative dia 12 (2026-07-21 → 2026-08-02) 37729 bytes
2026-07-21 09:35:32,891 [INFO] [OK] Argentina/ECM_ENSEMBLE_Corn_Winter_PRCP/cumulative dia 14 (2026-07-21 → 2026-08-04) 38190 bytes
2026-07-21 09:35:32,892 [INFO] [OK] Argentina/ECM_ENSEMBLE_Corn_Winter_PRCP/cumulative dia 13 (2026-07-21 → 2026-08-03) 37832 bytes
2026-07-21 09:35:33,160 [INFO] [OK] USA/GFS_ENSEMBLE_Corn_PRCP_DEP/daily dia 00 (2026-07-21 → 2026-07-21) 51584 bytes
2026-07-21 09:35:33,492 [INFO] [OK] USA/GFS_ENSEMBLE_Corn_PRCP_DEP/daily dia 01 (2026-07-22 → 2026-07-22) 51507 bytes
2026-07-21 09:35:33,811 [INFO] [OK] USA/GFS_ENSEMBLE_Corn_PRCP_DEP/daily dia 02 (2026-07-23 → 2026-07-23) 52002 bytes
2026-07-21 09:35:34,600 [INFO] [OK] USA/GFS_ENSEMBLE_Corn_PRCP_DEP/daily dia 03 (2026-07-24 → 2026-07-24) 52626 bytes
2026-07-21 09:35:34,617 [INFO] [OK] USA/GFS_ENSEMBLE_Corn_PRCP_DEP/daily dia 04 (2026-07-25 → 2026-07-25) 51528 bytes
2026-07-21 09:35:34,903 [INFO] [OK] USA/GFS_ENSEMBLE_Corn_PRCP_DEP/daily dia 05 (2026-07-26 → 2026-07-26) 52640 bytes
2026-07-21 09:35:35,018 [INFO] [OK] USA/GFS_ENSEMBLE_Corn_PRCP_DEP/daily dia 06 (2026-07-27 → 2026-07-27) 54296 bytes
2026-07-21 09:35:35,330 [INFO] [OK] USA/GFS_ENSEMBLE_Corn_PRCP_DEP/daily dia 07 (2026-07-28 → 2026-07-28) 55367 bytes
2026-07-21 09:35:36,073 [INFO] [OK] USA/GFS_ENSEMBLE_Corn_PRCP_DEP/daily dia 08 (2026-07-29 → 2026-07-29) 57322 bytes
2026-07-21 09:35:37,437 [INFO] [OK] USA/GFS_ENSEMBLE_Corn_PRCP_DEP/daily dia 09 (2026-07-30 → 2026-07-30) 56939 bytes
2026-07-21 09:35:37,542 [INFO] [OK] USA/GFS_ENSEMBLE_Corn_PRCP_DEP/daily dia 10 (2026-07-31 → 2026-07-31) 53921 bytes
2026-07-21 09:35:37,884 [INFO] [OK] USA/GFS_ENSEMBLE_Corn_PRCP_DEP/daily dia 11 (2026-08-01 → 2026-08-01) 56599 bytes
2026-07-21 09:35:38,361 [INFO] [OK] USA/GFS_ENSEMBLE_Corn_PRCP_DEP/daily dia 13 (2026-08-03 → 2026-08-03) 58584 bytes
2026-07-21 09:35:38,635 [INFO] [OK] USA/GFS_ENSEMBLE_Corn_PRCP_DEP/daily dia 12 (2026-08-02 → 2026-08-02) 58502 bytes
2026-07-21 09:35:38,639 [INFO] [OK] USA/GFS_ENSEMBLE_Corn_PRCP_DEP/daily dia 14 (2026-08-04 → 2026-08-04) 59644 bytes
2026-07-21 09:35:39,034 [INFO] [OK] USA/GFS_ENSEMBLE_Corn_PRCP_DEP/cumulative dia 00 (2026-07-21 → 2026-07-21) 51584 bytes
2026-07-21 09:35:39,361 [INFO] [OK] USA/GFS_ENSEMBLE_Corn_PRCP_DEP/cumulative dia 01 (2026-07-21 → 2026-07-22) 54658 bytes
2026-07-21 09:35:40,192 [INFO] [OK] USA/GFS_ENSEMBLE_Corn_PRCP_DEP/cumulative dia 02 (2026-07-21 → 2026-07-23) 58828 bytes
2026-07-21 09:35:40,484 [INFO] [OK] USA/GFS_ENSEMBLE_Corn_PRCP_DEP/cumulative dia 03 (2026-07-21 → 2026-07-24) 60107 bytes
2026-07-21 09:35:41,001 [INFO] [OK] USA/GFS_ENSEMBLE_Corn_PRCP_DEP/cumulative dia 05 (2026-07-21 → 2026-07-26) 59607 bytes
2026-07-21 09:35:41,069 [INFO] [OK] USA/GFS_ENSEMBLE_Corn_PRCP_DEP/cumulative dia 04 (2026-07-21 → 2026-07-25) 59960 bytes
2026-07-21 09:35:41,395 [INFO] [OK] USA/GFS_ENSEMBLE_Corn_PRCP_DEP/cumulative dia 06 (2026-07-21 → 2026-07-27) 59541 bytes
2026-07-21 09:35:42,040 [INFO] [OK] USA/GFS_ENSEMBLE_Corn_PRCP_DEP/cumulative dia 07 (2026-07-21 → 2026-07-28) 59489 bytes
2026-07-21 09:35:44,095 [INFO] [OK] USA/GFS_ENSEMBLE_Corn_PRCP_DEP/cumulative dia 08 (2026-07-21 → 2026-07-29) 59500 bytes
2026-07-21 09:35:44,735 [INFO] [OK] USA/GFS_ENSEMBLE_Corn_PRCP_DEP/cumulative dia 09 (2026-07-21 → 2026-07-30) 59797 bytes
2026-07-21 09:35:44,992 [INFO] [OK] USA/GFS_ENSEMBLE_Corn_PRCP_DEP/cumulative dia 11 (2026-07-21 → 2026-08-01) 59443 bytes
2026-07-21 09:35:45,162 [INFO] [OK] USA/GFS_ENSEMBLE_Corn_PRCP_DEP/cumulative dia 10 (2026-07-21 → 2026-07-31) 59434 bytes
2026-07-21 09:35:45,357 [INFO] [OK] USA/GFS_ENSEMBLE_Corn_PRCP_DEP/cumulative dia 12 (2026-07-21 → 2026-08-02) 59810 bytes
2026-07-21 09:35:45,849 [INFO] [OK] USA/GFS_ENSEMBLE_Corn_PRCP_DEP/cumulative dia 13 (2026-07-21 → 2026-08-03) 59678 bytes
2026-07-21 09:35:46,382 [INFO] [OK] USA/GFS_ENSEMBLE_Corn_PRCP/daily dia 00 (2026-07-21 → 2026-07-21) 39386 bytes
2026-07-21 09:35:46,761 [INFO] [OK] USA/GFS_ENSEMBLE_Corn_PRCP/daily dia 01 (2026-07-22 → 2026-07-22) 38627 bytes
2026-07-21 09:35:46,960 [INFO] [OK] USA/GFS_ENSEMBLE_Corn_PRCP/daily dia 02 (2026-07-23 → 2026-07-23) 37535 bytes
2026-07-21 09:35:47,196 [INFO] [OK] USA/GFS_ENSEMBLE_Corn_PRCP/daily dia 03 (2026-07-24 → 2026-07-24) 35894 bytes
2026-07-21 09:35:47,596 [INFO] [OK] USA/GFS_ENSEMBLE_Corn_PRCP/daily dia 04 (2026-07-25 → 2026-07-25) 35077 bytes
2026-07-21 09:35:47,766 [INFO] [OK] USA/GFS_ENSEMBLE_Corn_PRCP_DEP/cumulative dia 14 (2026-07-21 → 2026-08-04) 59766 bytes
2026-07-21 09:35:48,867 [INFO] [OK] USA/GFS_ENSEMBLE_Corn_PRCP/daily dia 06 (2026-07-27 → 2026-07-27) 35630 bytes
2026-07-21 09:35:48,935 [INFO] [OK] USA/GFS_ENSEMBLE_Corn_PRCP/daily dia 07 (2026-07-28 → 2026-07-28) 35685 bytes
2026-07-21 09:35:48,946 [INFO] [OK] USA/GFS_ENSEMBLE_Corn_PRCP/daily dia 05 (2026-07-26 → 2026-07-26) 35318 bytes
2026-07-21 09:35:49,973 [INFO] [OK] USA/GFS_ENSEMBLE_Corn_PRCP/daily dia 09 (2026-07-30 → 2026-07-30) 35705 bytes
2026-07-21 09:35:50,004 [INFO] [OK] USA/GFS_ENSEMBLE_Corn_PRCP/daily dia 10 (2026-07-31 → 2026-07-31) 34833 bytes
2026-07-21 09:35:50,008 [INFO] [OK] USA/GFS_ENSEMBLE_Corn_PRCP/daily dia 08 (2026-07-29 → 2026-07-29) 36412 bytes
2026-07-21 09:35:50,510 [INFO] [OK] USA/GFS_ENSEMBLE_Corn_PRCP/daily dia 11 (2026-08-01 → 2026-08-01) 36278 bytes
2026-07-21 09:35:50,587 [INFO] [OK] USA/GFS_ENSEMBLE_Corn_PRCP/daily dia 12 (2026-08-02 → 2026-08-02) 35991 bytes
2026-07-21 09:35:50,679 [INFO] [OK] USA/GFS_ENSEMBLE_Corn_PRCP/daily dia 13 (2026-08-03 → 2026-08-03) 36426 bytes
2026-07-21 09:35:52,320 [INFO] [OK] USA/GFS_ENSEMBLE_Corn_PRCP/daily dia 14 (2026-08-04 → 2026-08-04) 36371 bytes
2026-07-21 09:35:52,332 [INFO] [OK] USA/GFS_ENSEMBLE_Corn_PRCP/cumulative dia 00 (2026-07-21 → 2026-07-21) 39386 bytes
2026-07-21 09:35:52,338 [INFO] [OK] USA/GFS_ENSEMBLE_Corn_PRCP/cumulative dia 01 (2026-07-21 → 2026-07-22) 42535 bytes
2026-07-21 09:35:52,728 [INFO] [OK] USA/GFS_ENSEMBLE_Corn_PRCP/cumulative dia 03 (2026-07-21 → 2026-07-24) 45021 bytes
2026-07-21 09:35:52,766 [INFO] [OK] USA/GFS_ENSEMBLE_Corn_PRCP/cumulative dia 02 (2026-07-21 → 2026-07-23) 44181 bytes
2026-07-21 09:35:52,965 [INFO] [OK] USA/GFS_ENSEMBLE_Corn_PRCP/cumulative dia 04 (2026-07-21 → 2026-07-25) 45865 bytes
2026-07-21 09:35:55,247 [INFO] [OK] USA/GFS_ENSEMBLE_Corn_PRCP/cumulative dia 07 (2026-07-21 → 2026-07-28) 47991 bytes
2026-07-21 09:35:55,249 [INFO] [OK] USA/GFS_ENSEMBLE_Corn_PRCP/cumulative dia 06 (2026-07-21 → 2026-07-27) 47152 bytes
2026-07-21 09:35:55,268 [INFO] [OK] USA/GFS_ENSEMBLE_Corn_PRCP/cumulative dia 05 (2026-07-21 → 2026-07-26) 46116 bytes
2026-07-21 09:35:55,933 [INFO] [OK] USA/GFS_ENSEMBLE_Corn_PRCP/cumulative dia 08 (2026-07-21 → 2026-07-29) 48387 bytes
2026-07-21 09:35:56,023 [INFO] [OK] USA/GFS_ENSEMBLE_Corn_PRCP/cumulative dia 09 (2026-07-21 → 2026-07-30) 49243 bytes
2026-07-21 09:35:56,420 [INFO] [OK] USA/GFS_ENSEMBLE_Corn_PRCP/cumulative dia 10 (2026-07-21 → 2026-07-31) 49650 bytes
2026-07-21 09:35:57,843 [INFO] [OK] USA/GFS_ENSEMBLE_Soy_PRCP_DEP/daily dia 00 (2026-07-21 → 2026-07-21) 51080 bytes
2026-07-21 09:35:58,249 [INFO] [OK] USA/GFS_ENSEMBLE_Soy_PRCP_DEP/daily dia 01 (2026-07-22 → 2026-07-22) 51069 bytes
2026-07-21 09:35:58,335 [INFO] [OK] USA/GFS_ENSEMBLE_Corn_PRCP/cumulative dia 11 (2026-07-21 → 2026-08-01) 49880 bytes
2026-07-21 09:35:58,794 [INFO] [OK] USA/GFS_ENSEMBLE_Corn_PRCP/cumulative dia 12 (2026-07-21 → 2026-08-02) 50237 bytes
2026-07-21 09:35:58,814 [INFO] [OK] USA/GFS_ENSEMBLE_Corn_PRCP/cumulative dia 13 (2026-07-21 → 2026-08-03) 50438 bytes
2026-07-21 09:35:59,445 [INFO] [OK] USA/GFS_ENSEMBLE_Corn_PRCP/cumulative dia 14 (2026-07-21 → 2026-08-04) 50698 bytes
2026-07-21 09:35:59,584 [INFO] [OK] USA/GFS_ENSEMBLE_Soy_PRCP_DEP/daily dia 02 (2026-07-23 → 2026-07-23) 51674 bytes
2026-07-21 09:35:59,954 [INFO] [OK] USA/GFS_ENSEMBLE_Soy_PRCP_DEP/daily dia 03 (2026-07-24 → 2026-07-24) 52071 bytes
2026-07-21 09:36:00,067 [INFO] [OK] USA/GFS_ENSEMBLE_Soy_PRCP_DEP/daily dia 04 (2026-07-25 → 2026-07-25) 51383 bytes
2026-07-21 09:36:00,391 [INFO] [OK] USA/GFS_ENSEMBLE_Soy_PRCP_DEP/daily dia 05 (2026-07-26 → 2026-07-26) 52202 bytes
2026-07-21 09:36:00,585 [INFO] [OK] USA/GFS_ENSEMBLE_Soy_PRCP_DEP/daily dia 06 (2026-07-27 → 2026-07-27) 53662 bytes
2026-07-21 09:36:01,142 [INFO] [OK] USA/GFS_ENSEMBLE_Soy_PRCP_DEP/daily dia 07 (2026-07-28 → 2026-07-28) 55124 bytes
2026-07-21 09:36:01,507 [INFO] [OK] USA/GFS_ENSEMBLE_Soy_PRCP_DEP/daily dia 08 (2026-07-29 → 2026-07-29) 57061 bytes
2026-07-21 09:36:01,688 [INFO] [OK] USA/GFS_ENSEMBLE_Soy_PRCP_DEP/daily dia 09 (2026-07-30 → 2026-07-30) 56650 bytes
2026-07-21 09:36:02,348 [INFO] [OK] USA/GFS_ENSEMBLE_Soy_PRCP_DEP/daily dia 11 (2026-08-01 → 2026-08-01) 56137 bytes
2026-07-21 09:36:02,349 [INFO] [OK] USA/GFS_ENSEMBLE_Soy_PRCP_DEP/daily dia 10 (2026-07-31 → 2026-07-31) 53473 bytes
2026-07-21 09:36:02,361 [INFO] [OK] USA/GFS_ENSEMBLE_Soy_PRCP_DEP/daily dia 12 (2026-08-02 → 2026-08-02) 58030 bytes
2026-07-21 09:36:02,713 [INFO] [OK] USA/GFS_ENSEMBLE_Soy_PRCP_DEP/daily dia 13 (2026-08-03 → 2026-08-03) 58133 bytes
2026-07-21 09:36:03,225 [INFO] [OK] USA/GFS_ENSEMBLE_Soy_PRCP_DEP/daily dia 14 (2026-08-04 → 2026-08-04) 59238 bytes
2026-07-21 09:36:03,377 [INFO] [OK] USA/GFS_ENSEMBLE_Soy_PRCP_DEP/cumulative dia 00 (2026-07-21 → 2026-07-21) 51080 bytes
2026-07-21 09:36:04,161 [INFO] [OK] USA/GFS_ENSEMBLE_Soy_PRCP_DEP/cumulative dia 01 (2026-07-21 → 2026-07-22) 54237 bytes
2026-07-21 09:36:04,458 [INFO] [OK] USA/GFS_ENSEMBLE_Soy_PRCP_DEP/cumulative dia 02 (2026-07-21 → 2026-07-23) 58516 bytes
2026-07-21 09:36:04,464 [INFO] [OK] USA/GFS_ENSEMBLE_Soy_PRCP_DEP/cumulative dia 03 (2026-07-21 → 2026-07-24) 59994 bytes
2026-07-21 09:36:04,984 [INFO] [OK] USA/GFS_ENSEMBLE_Soy_PRCP_DEP/cumulative dia 04 (2026-07-21 → 2026-07-25) 59679 bytes
2026-07-21 09:36:05,707 [INFO] [OK] USA/GFS_ENSEMBLE_Soy_PRCP_DEP/cumulative dia 05 (2026-07-21 → 2026-07-26) 59349 bytes
2026-07-21 09:36:05,922 [INFO] [OK] USA/GFS_ENSEMBLE_Soy_PRCP_DEP/cumulative dia 06 (2026-07-21 → 2026-07-27) 59083 bytes
2026-07-21 09:36:07,199 [INFO] [OK] USA/GFS_ENSEMBLE_Soy_PRCP_DEP/cumulative dia 07 (2026-07-21 → 2026-07-28) 59187 bytes
2026-07-21 09:36:07,611 [INFO] [OK] USA/GFS_ENSEMBLE_Soy_PRCP_DEP/cumulative dia 08 (2026-07-21 → 2026-07-29) 58999 bytes
2026-07-21 09:36:07,943 [INFO] [OK] USA/GFS_ENSEMBLE_Soy_PRCP_DEP/cumulative dia 09 (2026-07-21 → 2026-07-30) 59449 bytes
2026-07-21 09:36:08,536 [INFO] [OK] USA/GFS_ENSEMBLE_Soy_PRCP_DEP/cumulative dia 10 (2026-07-21 → 2026-07-31) 59185 bytes
2026-07-21 09:36:09,275 [INFO] [OK] USA/GFS_ENSEMBLE_Soy_PRCP_DEP/cumulative dia 11 (2026-07-21 → 2026-08-01) 59139 bytes
2026-07-21 09:36:09,480 [INFO] [OK] USA/GFS_ENSEMBLE_Soy_PRCP_DEP/cumulative dia 12 (2026-07-21 → 2026-08-02) 59418 bytes
2026-07-21 09:36:09,860 [INFO] [OK] USA/GFS_ENSEMBLE_Soy_PRCP/daily dia 00 (2026-07-21 → 2026-07-21) 38879 bytes
2026-07-21 09:36:10,238 [INFO] [OK] USA/GFS_ENSEMBLE_Soy_PRCP/daily dia 01 (2026-07-22 → 2026-07-22) 37916 bytes
2026-07-21 09:36:10,930 [INFO] [OK] USA/GFS_ENSEMBLE_Soy_PRCP_DEP/cumulative dia 13 (2026-07-21 → 2026-08-03) 59327 bytes
2026-07-21 09:36:10,977 [INFO] [OK] USA/GFS_ENSEMBLE_Soy_PRCP/daily dia 02 (2026-07-23 → 2026-07-23) 37198 bytes
2026-07-21 09:36:11,082 [INFO] [OK] USA/GFS_ENSEMBLE_Soy_PRCP/daily dia 03 (2026-07-24 → 2026-07-24) 35547 bytes
2026-07-21 09:36:11,493 [INFO] [OK] USA/GFS_ENSEMBLE_Soy_PRCP_DEP/cumulative dia 14 (2026-07-21 → 2026-08-04) 59446 bytes
2026-07-21 09:36:11,725 [INFO] [OK] USA/GFS_ENSEMBLE_Soy_PRCP/daily dia 04 (2026-07-25 → 2026-07-25) 34529 bytes
2026-07-21 09:36:11,854 [INFO] [OK] USA/GFS_ENSEMBLE_Soy_PRCP/daily dia 05 (2026-07-26 → 2026-07-26) 34789 bytes
2026-07-21 09:36:12,453 [INFO] [OK] USA/GFS_ENSEMBLE_Soy_PRCP/daily dia 06 (2026-07-27 → 2026-07-27) 35146 bytes
2026-07-21 09:36:12,539 [INFO] [OK] USA/GFS_ENSEMBLE_Soy_PRCP/daily dia 07 (2026-07-28 → 2026-07-28) 35396 bytes
2026-07-21 09:36:12,680 [INFO] [OK] USA/GFS_ENSEMBLE_Soy_PRCP/daily dia 08 (2026-07-29 → 2026-07-29) 35909 bytes
2026-07-21 09:36:13,147 [INFO] [OK] USA/GFS_ENSEMBLE_Soy_PRCP/daily dia 09 (2026-07-30 → 2026-07-30) 35196 bytes
2026-07-21 09:36:13,304 [INFO] [OK] USA/GFS_ENSEMBLE_Soy_PRCP/daily dia 10 (2026-07-31 → 2026-07-31) 34219 bytes
2026-07-21 09:36:13,427 [INFO] [OK] USA/GFS_ENSEMBLE_Soy_PRCP/daily dia 11 (2026-08-01 → 2026-08-01) 35702 bytes
2026-07-21 09:36:14,194 [INFO] [OK] USA/GFS_ENSEMBLE_Soy_PRCP/daily dia 12 (2026-08-02 → 2026-08-02) 35577 bytes
2026-07-21 09:36:14,210 [INFO] [OK] USA/GFS_ENSEMBLE_Soy_PRCP/daily dia 13 (2026-08-03 → 2026-08-03) 36060 bytes
2026-07-21 09:36:14,778 [INFO] [OK] USA/GFS_ENSEMBLE_Soy_PRCP/daily dia 14 (2026-08-04 → 2026-08-04) 35918 bytes
2026-07-21 09:36:14,851 [INFO] [OK] USA/GFS_ENSEMBLE_Soy_PRCP/cumulative dia 00 (2026-07-21 → 2026-07-21) 38879 bytes
2026-07-21 09:36:15,293 [INFO] [OK] USA/GFS_ENSEMBLE_Soy_PRCP/cumulative dia 01 (2026-07-21 → 2026-07-22) 41969 bytes
2026-07-21 09:36:15,528 [INFO] [OK] USA/GFS_ENSEMBLE_Soy_PRCP/cumulative dia 02 (2026-07-21 → 2026-07-23) 43741 bytes
2026-07-21 09:36:16,348 [INFO] [OK] USA/GFS_ENSEMBLE_Soy_PRCP/cumulative dia 03 (2026-07-21 → 2026-07-24) 44724 bytes
2026-07-21 09:36:16,424 [INFO] [OK] USA/GFS_ENSEMBLE_Soy_PRCP/cumulative dia 04 (2026-07-21 → 2026-07-25) 45507 bytes
2026-07-21 09:36:17,309 [INFO] [OK] USA/GFS_ENSEMBLE_Soy_PRCP/cumulative dia 05 (2026-07-21 → 2026-07-26) 45786 bytes
2026-07-21 09:36:17,515 [INFO] [OK] USA/GFS_ENSEMBLE_Soy_PRCP/cumulative dia 06 (2026-07-21 → 2026-07-27) 46691 bytes
2026-07-21 09:36:17,757 [INFO] [OK] USA/GFS_ENSEMBLE_Soy_PRCP/cumulative dia 07 (2026-07-21 → 2026-07-28) 47525 bytes
2026-07-21 09:36:18,108 [INFO] [OK] USA/GFS_ENSEMBLE_Soy_PRCP/cumulative dia 08 (2026-07-21 → 2026-07-29) 47992 bytes
2026-07-21 09:36:19,065 [INFO] [OK] USA/GFS_ENSEMBLE_Soy_PRCP/cumulative dia 09 (2026-07-21 → 2026-07-30) 48681 bytes
2026-07-21 09:36:19,286 [INFO] [OK] USA/GFS_ENSEMBLE_Soy_PRCP/cumulative dia 10 (2026-07-21 → 2026-07-31) 49131 bytes
2026-07-21 09:36:20,318 [INFO] [OK] USA/GFS_ENSEMBLE_Soy_PRCP/cumulative dia 11 (2026-07-21 → 2026-08-01) 49368 bytes
2026-07-21 09:36:20,623 [INFO] [OK] USA/GFS_ENSEMBLE_Soy_PRCP/cumulative dia 12 (2026-07-21 → 2026-08-02) 49581 bytes
2026-07-21 09:36:20,662 [INFO] [OK] USA/GFS_ENSEMBLE_Wheat_Winter_PRCP_DEP/daily dia 00 (2026-07-21 → 2026-07-21) 52724 bytes
2026-07-21 09:36:20,861 [INFO] [OK] USA/GFS_ENSEMBLE_Soy_PRCP/cumulative dia 13 (2026-07-21 → 2026-08-03) 49884 bytes
2026-07-21 09:36:21,183 [INFO] [OK] USA/GFS_ENSEMBLE_Wheat_Winter_PRCP_DEP/daily dia 01 (2026-07-22 → 2026-07-22) 52672 bytes
2026-07-21 09:36:21,184 [INFO] [OK] USA/GFS_ENSEMBLE_Soy_PRCP/cumulative dia 14 (2026-07-21 → 2026-08-04) 50232 bytes
2026-07-21 09:36:22,007 [INFO] [OK] USA/GFS_ENSEMBLE_Wheat_Winter_PRCP_DEP/daily dia 02 (2026-07-23 → 2026-07-23) 53306 bytes
2026-07-21 09:36:22,190 [INFO] [OK] USA/GFS_ENSEMBLE_Wheat_Winter_PRCP_DEP/daily dia 03 (2026-07-24 → 2026-07-24) 54058 bytes
2026-07-21 09:36:22,229 [INFO] [OK] USA/GFS_ENSEMBLE_Wheat_Winter_PRCP_DEP/daily dia 04 (2026-07-25 → 2026-07-25) 52787 bytes
2026-07-21 09:36:22,423 [INFO] [OK] USA/GFS_ENSEMBLE_Wheat_Winter_PRCP_DEP/daily dia 05 (2026-07-26 → 2026-07-26) 53565 bytes
2026-07-21 09:36:22,745 [INFO] [OK] USA/GFS_ENSEMBLE_Wheat_Winter_PRCP_DEP/daily dia 06 (2026-07-27 → 2026-07-27) 55230 bytes
2026-07-21 09:36:22,758 [INFO] [OK] USA/GFS_ENSEMBLE_Wheat_Winter_PRCP_DEP/daily dia 07 (2026-07-28 → 2026-07-28) 56562 bytes
2026-07-21 09:36:23,616 [INFO] [OK] USA/GFS_ENSEMBLE_Wheat_Winter_PRCP_DEP/daily dia 08 (2026-07-29 → 2026-07-29) 58575 bytes
2026-07-21 09:36:23,835 [INFO] [OK] USA/GFS_ENSEMBLE_Wheat_Winter_PRCP_DEP/daily dia 10 (2026-07-31 → 2026-07-31) 55187 bytes
2026-07-21 09:36:23,859 [INFO] [OK] USA/GFS_ENSEMBLE_Wheat_Winter_PRCP_DEP/daily dia 09 (2026-07-30 → 2026-07-30) 58029 bytes
2026-07-21 09:36:24,077 [INFO] [OK] USA/GFS_ENSEMBLE_Wheat_Winter_PRCP_DEP/daily dia 11 (2026-08-01 → 2026-08-01) 57879 bytes
2026-07-21 09:36:24,501 [INFO] [OK] USA/GFS_ENSEMBLE_Wheat_Winter_PRCP_DEP/daily dia 12 (2026-08-02 → 2026-08-02) 59735 bytes
2026-07-21 09:36:24,504 [INFO] [OK] USA/GFS_ENSEMBLE_Wheat_Winter_PRCP_DEP/daily dia 13 (2026-08-03 → 2026-08-03) 59905 bytes
2026-07-21 09:36:25,295 [INFO] [OK] USA/GFS_ENSEMBLE_Wheat_Winter_PRCP_DEP/daily dia 14 (2026-08-04 → 2026-08-04) 60507 bytes
2026-07-21 09:36:25,414 [INFO] [OK] USA/GFS_ENSEMBLE_Wheat_Winter_PRCP_DEP/cumulative dia 00 (2026-07-21 → 2026-07-21) 52724 bytes
2026-07-21 09:36:25,508 [INFO] [OK] USA/GFS_ENSEMBLE_Wheat_Winter_PRCP_DEP/cumulative dia 01 (2026-07-21 → 2026-07-22) 55750 bytes
2026-07-21 09:36:25,851 [INFO] [OK] USA/GFS_ENSEMBLE_Wheat_Winter_PRCP_DEP/cumulative dia 02 (2026-07-21 → 2026-07-23) 59893 bytes
2026-07-21 09:36:26,336 [INFO] [OK] USA/GFS_ENSEMBLE_Wheat_Winter_PRCP_DEP/cumulative dia 03 (2026-07-21 → 2026-07-24) 61286 bytes
2026-07-21 09:36:26,455 [INFO] [OK] USA/GFS_ENSEMBLE_Wheat_Winter_PRCP_DEP/cumulative dia 04 (2026-07-21 → 2026-07-25) 61034 bytes
2026-07-21 09:36:27,351 [INFO] [OK] USA/GFS_ENSEMBLE_Wheat_Winter_PRCP_DEP/cumulative dia 05 (2026-07-21 → 2026-07-26) 60479 bytes
2026-07-21 09:36:27,629 [INFO] [OK] USA/GFS_ENSEMBLE_Wheat_Winter_PRCP_DEP/cumulative dia 06 (2026-07-21 → 2026-07-27) 60380 bytes
2026-07-21 09:36:27,767 [INFO] [OK] USA/GFS_ENSEMBLE_Wheat_Winter_PRCP_DEP/cumulative dia 07 (2026-07-21 → 2026-07-28) 60459 bytes
2026-07-21 09:36:28,342 [INFO] [OK] USA/GFS_ENSEMBLE_Wheat_Winter_PRCP_DEP/cumulative dia 08 (2026-07-21 → 2026-07-29) 60401 bytes
2026-07-21 09:36:28,936 [INFO] [OK] USA/GFS_ENSEMBLE_Wheat_Winter_PRCP_DEP/cumulative dia 09 (2026-07-21 → 2026-07-30) 60613 bytes
2026-07-21 09:36:29,087 [INFO] [OK] USA/GFS_ENSEMBLE_Wheat_Winter_PRCP_DEP/cumulative dia 10 (2026-07-21 → 2026-07-31) 60556 bytes
2026-07-21 09:36:30,120 [INFO] [OK] USA/GFS_ENSEMBLE_Wheat_Winter_PRCP_DEP/cumulative dia 11 (2026-07-21 → 2026-08-01) 60520 bytes
2026-07-21 09:36:30,563 [INFO] [OK] USA/GFS_ENSEMBLE_Wheat_Winter_PRCP/daily dia 00 (2026-07-21 → 2026-07-21) 40450 bytes
2026-07-21 09:36:30,689 [INFO] [OK] USA/GFS_ENSEMBLE_Wheat_Winter_PRCP/daily dia 01 (2026-07-22 → 2026-07-22) 39542 bytes
2026-07-21 09:36:30,792 [INFO] [OK] USA/GFS_ENSEMBLE_Wheat_Winter_PRCP_DEP/cumulative dia 12 (2026-07-21 → 2026-08-02) 60687 bytes
2026-07-21 09:36:31,273 [INFO] [OK] USA/GFS_ENSEMBLE_Wheat_Winter_PRCP_DEP/cumulative dia 13 (2026-07-21 → 2026-08-03) 60496 bytes
2026-07-21 09:36:31,649 [INFO] [OK] USA/GFS_ENSEMBLE_Wheat_Winter_PRCP/daily dia 02 (2026-07-23 → 2026-07-23) 38741 bytes
2026-07-21 09:36:31,690 [INFO] [OK] USA/GFS_ENSEMBLE_Wheat_Winter_PRCP_DEP/cumulative dia 14 (2026-07-21 → 2026-08-04) 60777 bytes
2026-07-21 09:36:32,039 [INFO] [OK] USA/GFS_ENSEMBLE_Wheat_Winter_PRCP/daily dia 03 (2026-07-24 → 2026-07-24) 37307 bytes
2026-07-21 09:36:32,349 [INFO] [OK] USA/GFS_ENSEMBLE_Wheat_Winter_PRCP/daily dia 04 (2026-07-25 → 2026-07-25) 36066 bytes
2026-07-21 09:36:32,386 [INFO] [OK] USA/GFS_ENSEMBLE_Wheat_Winter_PRCP/daily dia 05 (2026-07-26 → 2026-07-26) 36322 bytes
2026-07-21 09:36:32,817 [INFO] [OK] USA/GFS_ENSEMBLE_Wheat_Winter_PRCP/daily dia 06 (2026-07-27 → 2026-07-27) 36782 bytes
2026-07-21 09:36:33,171 [INFO] [OK] USA/GFS_ENSEMBLE_Wheat_Winter_PRCP/daily dia 07 (2026-07-28 → 2026-07-28) 36981 bytes
2026-07-21 09:36:33,346 [INFO] [OK] USA/GFS_ENSEMBLE_Wheat_Winter_PRCP/daily dia 08 (2026-07-29 → 2026-07-29) 37572 bytes
2026-07-21 09:36:33,538 [INFO] [OK] USA/GFS_ENSEMBLE_Wheat_Winter_PRCP/daily dia 09 (2026-07-30 → 2026-07-30) 36864 bytes
2026-07-21 09:36:33,879 [INFO] [OK] USA/GFS_ENSEMBLE_Wheat_Winter_PRCP/daily dia 11 (2026-08-01 → 2026-08-01) 37216 bytes
2026-07-21 09:36:33,968 [INFO] [OK] USA/GFS_ENSEMBLE_Wheat_Winter_PRCP/daily dia 10 (2026-07-31 → 2026-07-31) 35952 bytes
2026-07-21 09:36:34,755 [INFO] [OK] USA/GFS_ENSEMBLE_Wheat_Winter_PRCP/daily dia 12 (2026-08-02 → 2026-08-02) 37106 bytes
2026-07-21 09:36:34,756 [INFO] [OK] USA/GFS_ENSEMBLE_Wheat_Winter_PRCP/daily dia 13 (2026-08-03 → 2026-08-03) 37494 bytes
2026-07-21 09:36:34,862 [INFO] [OK] USA/GFS_ENSEMBLE_Wheat_Winter_PRCP/daily dia 14 (2026-08-04 → 2026-08-04) 37359 bytes
2026-07-21 09:36:35,057 [INFO] [OK] USA/GFS_ENSEMBLE_Wheat_Winter_PRCP/cumulative dia 00 (2026-07-21 → 2026-07-21) 40450 bytes
2026-07-21 09:36:42,270 [INFO] [OK] USA/GFS_ENSEMBLE_Wheat_Winter_PRCP/cumulative dia 06 (2026-07-21 → 2026-07-27) 48109 bytes
2026-07-21 09:36:42,603 [INFO] [OK] USA/GFS_ENSEMBLE_Wheat_Winter_PRCP/cumulative dia 01 (2026-07-21 → 2026-07-22) 43500 bytes
2026-07-21 09:36:42,630 [INFO] [OK] USA/GFS_ENSEMBLE_Wheat_Winter_PRCP/cumulative dia 03 (2026-07-21 → 2026-07-24) 46236 bytes
2026-07-21 09:36:42,712 [INFO] [OK] USA/GFS_ENSEMBLE_Wheat_Winter_PRCP/cumulative dia 05 (2026-07-21 → 2026-07-26) 47244 bytes
2026-07-21 09:36:42,715 [INFO] [OK] USA/GFS_ENSEMBLE_Wheat_Winter_PRCP/cumulative dia 04 (2026-07-21 → 2026-07-25) 46959 bytes
2026-07-21 09:36:42,730 [INFO] [OK] USA/GFS_ENSEMBLE_Wheat_Winter_PRCP/cumulative dia 02 (2026-07-21 → 2026-07-23) 45271 bytes
2026-07-21 09:36:44,880 [INFO] [OK] USA/GFS_ENSEMBLE_Wheat_Winter_PRCP/cumulative dia 07 (2026-07-21 → 2026-07-28) 49073 bytes
2026-07-21 09:36:46,535 [INFO] [OK] USA/GFS_ENSEMBLE_Wheat_Winter_PRCP/cumulative dia 10 (2026-07-21 → 2026-07-31) 50819 bytes
2026-07-21 09:36:46,916 [INFO] [OK] USA/GFS_ENSEMBLE_Wheat_Winter_PRCP/cumulative dia 12 (2026-07-21 → 2026-08-02) 51433 bytes
2026-07-21 09:36:47,809 [INFO] [OK] USA/GFS_ENSEMBLE_Wheat_Winter_PRCP/cumulative dia 08 (2026-07-21 → 2026-07-29) 49492 bytes
2026-07-21 09:36:47,883 [INFO] [OK] USA/GFS_ENSEMBLE_Wheat_Winter_PRCP/cumulative dia 09 (2026-07-21 → 2026-07-30) 50308 bytes
2026-07-21 09:36:48,035 [INFO] [OK] USA/GFS_ENSEMBLE_Wheat_Winter_PRCP/cumulative dia 11 (2026-07-21 → 2026-08-01) 50825 bytes
2026-07-21 09:36:48,164 [INFO] [OK] USA/GFS_ENSEMBLE_Wheat_Winter_PRCP/cumulative dia 13 (2026-07-21 → 2026-08-03) 51595 bytes
2026-07-21 09:36:48,571 [INFO] [OK] USA/GFS_ENSEMBLE_Wheat_Spring_PRCP_DEP/daily dia 00 (2026-07-21 → 2026-07-21) 49585 bytes
2026-07-21 09:36:49,916 [INFO] [OK] USA/GFS_ENSEMBLE_Wheat_Spring_PRCP_DEP/daily dia 01 (2026-07-22 → 2026-07-22) 49500 bytes
2026-07-21 09:36:50,065 [INFO] [OK] USA/GFS_ENSEMBLE_Wheat_Spring_PRCP_DEP/daily dia 02 (2026-07-23 → 2026-07-23) 50087 bytes
2026-07-21 09:36:50,098 [INFO] [OK] USA/GFS_ENSEMBLE_Wheat_Winter_PRCP/cumulative dia 14 (2026-07-21 → 2026-08-04) 51897 bytes
2026-07-21 09:36:50,112 [INFO] [OK] USA/GFS_ENSEMBLE_Wheat_Spring_PRCP_DEP/daily dia 04 (2026-07-25 → 2026-07-25) 49471 bytes
2026-07-21 09:36:50,144 [INFO] [OK] USA/GFS_ENSEMBLE_Wheat_Spring_PRCP_DEP/daily dia 03 (2026-07-24 → 2026-07-24) 50512 bytes
2026-07-21 09:36:50,467 [INFO] [OK] USA/GFS_ENSEMBLE_Wheat_Spring_PRCP_DEP/daily dia 05 (2026-07-26 → 2026-07-26) 50547 bytes
2026-07-21 09:36:51,551 [INFO] [OK] USA/GFS_ENSEMBLE_Wheat_Spring_PRCP_DEP/daily dia 06 (2026-07-27 → 2026-07-27) 51751 bytes
2026-07-21 09:36:52,337 [INFO] [OK] USA/GFS_ENSEMBLE_Wheat_Spring_PRCP_DEP/daily dia 09 (2026-07-30 → 2026-07-30) 54825 bytes
2026-07-21 09:36:52,344 [INFO] [OK] USA/GFS_ENSEMBLE_Wheat_Spring_PRCP_DEP/daily dia 10 (2026-07-31 → 2026-07-31) 52136 bytes
2026-07-21 09:36:52,397 [INFO] [OK] USA/GFS_ENSEMBLE_Wheat_Spring_PRCP_DEP/daily dia 11 (2026-08-01 → 2026-08-01) 54109 bytes
2026-07-21 09:36:53,164 [INFO] [OK] USA/GFS_ENSEMBLE_Wheat_Spring_PRCP_DEP/daily dia 07 (2026-07-28 → 2026-07-28) 53334 bytes
2026-07-21 09:36:53,166 [INFO] [OK] USA/GFS_ENSEMBLE_Wheat_Spring_PRCP_DEP/daily dia 08 (2026-07-29 → 2026-07-29) 54993 bytes
2026-07-21 09:36:53,291 [INFO] [OK] USA/GFS_ENSEMBLE_Wheat_Spring_PRCP_DEP/daily dia 12 (2026-08-02 → 2026-08-02) 56085 bytes
2026-07-21 09:36:54,199 [INFO] [OK] USA/GFS_ENSEMBLE_Wheat_Spring_PRCP_DEP/daily dia 14 (2026-08-04 → 2026-08-04) 57466 bytes
2026-07-21 09:36:54,329 [INFO] [OK] USA/GFS_ENSEMBLE_Wheat_Spring_PRCP_DEP/daily dia 13 (2026-08-03 → 2026-08-03) 56288 bytes
2026-07-21 09:36:54,408 [INFO] [OK] USA/GFS_ENSEMBLE_Wheat_Spring_PRCP_DEP/cumulative dia 00 (2026-07-21 → 2026-07-21) 49585 bytes
2026-07-21 09:36:55,329 [INFO] [OK] USA/GFS_ENSEMBLE_Wheat_Spring_PRCP_DEP/cumulative dia 01 (2026-07-21 → 2026-07-22) 52585 bytes
2026-07-21 09:36:55,574 [INFO] [OK] USA/GFS_ENSEMBLE_Wheat_Spring_PRCP_DEP/cumulative dia 03 (2026-07-21 → 2026-07-24) 57870 bytes
2026-07-21 09:36:55,629 [INFO] [OK] USA/GFS_ENSEMBLE_Wheat_Spring_PRCP_DEP/cumulative dia 02 (2026-07-21 → 2026-07-23) 56750 bytes
2026-07-21 09:36:57,491 [INFO] [OK] USA/GFS_ENSEMBLE_Wheat_Spring_PRCP_DEP/cumulative dia 04 (2026-07-21 → 2026-07-25) 57741 bytes
2026-07-21 09:36:58,819 [INFO] [OK] USA/GFS_ENSEMBLE_Wheat_Spring_PRCP_DEP/cumulative dia 06 (2026-07-21 → 2026-07-27) 57422 bytes
2026-07-21 09:36:58,861 [INFO] [OK] USA/GFS_ENSEMBLE_Wheat_Spring_PRCP_DEP/cumulative dia 05 (2026-07-21 → 2026-07-26) 57258 bytes
2026-07-21 09:36:59,553 [INFO] [OK] USA/GFS_ENSEMBLE_Wheat_Spring_PRCP_DEP/cumulative dia 09 (2026-07-21 → 2026-07-30) 57367 bytes
2026-07-21 09:36:59,627 [INFO] [OK] USA/GFS_ENSEMBLE_Wheat_Spring_PRCP_DEP/cumulative dia 07 (2026-07-21 → 2026-07-28) 57308 bytes
2026-07-21 09:36:59,662 [INFO] [OK] USA/GFS_ENSEMBLE_Wheat_Spring_PRCP_DEP/cumulative dia 08 (2026-07-21 → 2026-07-29) 57327 bytes
2026-07-21 09:37:01,038 [INFO] [OK] USA/GFS_ENSEMBLE_Wheat_Spring_PRCP_DEP/cumulative dia 10 (2026-07-21 → 2026-07-31) 57304 bytes
2026-07-21 09:37:02,420 [INFO] [OK] USA/GFS_ENSEMBLE_Wheat_Spring_PRCP/daily dia 00 (2026-07-21 → 2026-07-21) 37110 bytes
2026-07-21 09:37:02,849 [INFO] [OK] USA/GFS_ENSEMBLE_Wheat_Spring_PRCP_DEP/cumulative dia 11 (2026-07-21 → 2026-08-01) 57105 bytes
2026-07-21 09:37:02,962 [INFO] [OK] USA/GFS_ENSEMBLE_Wheat_Spring_PRCP/daily dia 01 (2026-07-22 → 2026-07-22) 36534 bytes
2026-07-21 09:37:03,032 [INFO] [OK] USA/GFS_ENSEMBLE_Wheat_Spring_PRCP_DEP/cumulative dia 12 (2026-07-21 → 2026-08-02) 57545 bytes
2026-07-21 09:37:03,786 [INFO] [OK] USA/GFS_ENSEMBLE_Wheat_Spring_PRCP_DEP/cumulative dia 13 (2026-07-21 → 2026-08-03) 57622 bytes
2026-07-21 09:37:04,053 [INFO] [OK] USA/GFS_ENSEMBLE_Wheat_Spring_PRCP_DEP/cumulative dia 14 (2026-07-21 → 2026-08-04) 57712 bytes
2026-07-21 09:37:04,162 [INFO] [OK] USA/GFS_ENSEMBLE_Wheat_Spring_PRCP/daily dia 02 (2026-07-23 → 2026-07-23) 35594 bytes
2026-07-21 09:37:04,765 [INFO] [OK] USA/GFS_ENSEMBLE_Wheat_Spring_PRCP/daily dia 03 (2026-07-24 → 2026-07-24) 33982 bytes
2026-07-21 09:37:04,818 [INFO] [OK] USA/GFS_ENSEMBLE_Wheat_Spring_PRCP/daily dia 04 (2026-07-25 → 2026-07-25) 32914 bytes
2026-07-21 09:37:05,030 [INFO] [OK] USA/GFS_ENSEMBLE_Wheat_Spring_PRCP/daily dia 05 (2026-07-26 → 2026-07-26) 33109 bytes
2026-07-21 09:37:05,354 [INFO] [OK] USA/GFS_ENSEMBLE_Wheat_Spring_PRCP/daily dia 06 (2026-07-27 → 2026-07-27) 33435 bytes
2026-07-21 09:37:05,975 [INFO] [OK] USA/GFS_ENSEMBLE_Wheat_Spring_PRCP/daily dia 08 (2026-07-29 → 2026-07-29) 34424 bytes
2026-07-21 09:37:05,978 [INFO] [OK] USA/GFS_ENSEMBLE_Wheat_Spring_PRCP/daily dia 07 (2026-07-28 → 2026-07-28) 33916 bytes
2026-07-21 09:37:06,563 [INFO] [OK] USA/GFS_ENSEMBLE_Wheat_Spring_PRCP/daily dia 10 (2026-07-31 → 2026-07-31) 32993 bytes
2026-07-21 09:37:06,573 [INFO] [OK] USA/GFS_ENSEMBLE_Wheat_Spring_PRCP/daily dia 09 (2026-07-30 → 2026-07-30) 33781 bytes
2026-07-21 09:37:06,889 [INFO] [OK] USA/GFS_ENSEMBLE_Wheat_Spring_PRCP/daily dia 11 (2026-08-01 → 2026-08-01) 34290 bytes
2026-07-21 09:37:07,005 [INFO] [OK] USA/GFS_ENSEMBLE_Wheat_Spring_PRCP/daily dia 12 (2026-08-02 → 2026-08-02) 34114 bytes
2026-07-21 09:37:07,680 [INFO] [OK] USA/GFS_ENSEMBLE_Wheat_Spring_PRCP/daily dia 13 (2026-08-03 → 2026-08-03) 34737 bytes
2026-07-21 09:37:07,743 [INFO] [OK] USA/GFS_ENSEMBLE_Wheat_Spring_PRCP/daily dia 14 (2026-08-04 → 2026-08-04) 34408 bytes
2026-07-21 09:37:08,352 [INFO] [OK] USA/GFS_ENSEMBLE_Wheat_Spring_PRCP/cumulative dia 00 (2026-07-21 → 2026-07-21) 37110 bytes
2026-07-21 09:37:08,577 [INFO] [OK] USA/GFS_ENSEMBLE_Wheat_Spring_PRCP/cumulative dia 01 (2026-07-21 → 2026-07-22) 40141 bytes
2026-07-21 09:37:09,043 [INFO] [OK] USA/GFS_ENSEMBLE_Wheat_Spring_PRCP/cumulative dia 02 (2026-07-21 → 2026-07-23) 41875 bytes
2026-07-21 09:37:09,361 [INFO] [OK] USA/GFS_ENSEMBLE_Wheat_Spring_PRCP/cumulative dia 03 (2026-07-21 → 2026-07-24) 42663 bytes
2026-07-21 09:37:10,290 [INFO] [OK] USA/GFS_ENSEMBLE_Wheat_Spring_PRCP/cumulative dia 04 (2026-07-21 → 2026-07-25) 43533 bytes
2026-07-21 09:37:10,809 [INFO] [OK] USA/GFS_ENSEMBLE_Wheat_Spring_PRCP/cumulative dia 05 (2026-07-21 → 2026-07-26) 43751 bytes
2026-07-21 09:37:11,055 [INFO] [OK] USA/GFS_ENSEMBLE_Wheat_Spring_PRCP/cumulative dia 06 (2026-07-21 → 2026-07-27) 44446 bytes
2026-07-21 09:37:11,610 [INFO] [OK] USA/GFS_ENSEMBLE_Wheat_Spring_PRCP/cumulative dia 07 (2026-07-21 → 2026-07-28) 45454 bytes
2026-07-21 09:37:11,923 [INFO] [OK] USA/GFS_ENSEMBLE_Wheat_Spring_PRCP/cumulative dia 08 (2026-07-21 → 2026-07-29) 45850 bytes
2026-07-21 09:37:12,257 [INFO] [OK] USA/GFS_ENSEMBLE_Wheat_Spring_PRCP/cumulative dia 09 (2026-07-21 → 2026-07-30) 46513 bytes
2026-07-21 09:37:13,964 [INFO] [OK] USA/GFS_ENSEMBLE_Wheat_Spring_PRCP/cumulative dia 10 (2026-07-21 → 2026-07-31) 46960 bytes
2026-07-21 09:37:14,478 [INFO] [OK] USA/GFS_ENSEMBLE_Wheat_Spring_PRCP/cumulative dia 11 (2026-07-21 → 2026-08-01) 47203 bytes
2026-07-21 09:37:14,633 [INFO] [OK] USA/GFS_ENSEMBLE_Wheat_Spring_PRCP/cumulative dia 12 (2026-07-21 → 2026-08-02) 47516 bytes
2026-07-21 09:37:14,655 [INFO] [OK] USA/ECM_ENSEMBLE_Corn_PRCP_DEP/daily dia 00 (2026-07-21 → 2026-07-21) 53381 bytes
2026-07-21 09:37:15,355 [INFO] [OK] USA/GFS_ENSEMBLE_Wheat_Spring_PRCP/cumulative dia 13 (2026-07-21 → 2026-08-03) 47854 bytes
2026-07-21 09:37:15,628 [INFO] [OK] USA/ECM_ENSEMBLE_Corn_PRCP_DEP/daily dia 01 (2026-07-22 → 2026-07-22) 52619 bytes
2026-07-21 09:37:15,759 [INFO] [OK] USA/GFS_ENSEMBLE_Wheat_Spring_PRCP/cumulative dia 14 (2026-07-21 → 2026-08-04) 48357 bytes
2026-07-21 09:37:16,721 [INFO] [OK] USA/ECM_ENSEMBLE_Corn_PRCP_DEP/daily dia 02 (2026-07-23 → 2026-07-23) 52647 bytes
2026-07-21 09:37:16,792 [INFO] [OK] USA/ECM_ENSEMBLE_Corn_PRCP_DEP/daily dia 04 (2026-07-25 → 2026-07-25) 55491 bytes
2026-07-21 09:37:16,848 [INFO] [OK] USA/ECM_ENSEMBLE_Corn_PRCP_DEP/daily dia 03 (2026-07-24 → 2026-07-24) 54516 bytes
2026-07-21 09:37:17,408 [INFO] [OK] USA/ECM_ENSEMBLE_Corn_PRCP_DEP/daily dia 05 (2026-07-26 → 2026-07-26) 55099 bytes
2026-07-21 09:37:17,874 [INFO] [OK] USA/ECM_ENSEMBLE_Corn_PRCP_DEP/daily dia 06 (2026-07-27 → 2026-07-27) 54258 bytes
2026-07-21 09:37:17,882 [INFO] [OK] USA/ECM_ENSEMBLE_Corn_PRCP_DEP/daily dia 07 (2026-07-28 → 2026-07-28) 54638 bytes
2026-07-21 09:37:18,942 [INFO] [OK] USA/ECM_ENSEMBLE_Corn_PRCP_DEP/daily dia 09 (2026-07-30 → 2026-07-30) 56711 bytes
2026-07-21 09:37:18,947 [INFO] [OK] USA/ECM_ENSEMBLE_Corn_PRCP_DEP/daily dia 08 (2026-07-29 → 2026-07-29) 54392 bytes
2026-07-21 09:37:18,976 [INFO] [OK] USA/ECM_ENSEMBLE_Corn_PRCP_DEP/daily dia 10 (2026-07-31 → 2026-07-31) 57428 bytes
2026-07-21 09:37:19,172 [INFO] [OK] USA/ECM_ENSEMBLE_Corn_PRCP_DEP/daily dia 11 (2026-08-01 → 2026-08-01) 57983 bytes
2026-07-21 09:37:19,474 [INFO] [OK] USA/ECM_ENSEMBLE_Corn_PRCP_DEP/daily dia 13 (2026-08-03 → 2026-08-03) 58339 bytes
2026-07-21 09:37:19,756 [INFO] [OK] USA/ECM_ENSEMBLE_Corn_PRCP_DEP/daily dia 12 (2026-08-02 → 2026-08-02) 58991 bytes
2026-07-21 09:37:20,762 [INFO] [OK] USA/ECM_ENSEMBLE_Corn_PRCP_DEP/cumulative dia 01 (2026-07-21 → 2026-07-22) 55478 bytes
2026-07-21 09:37:20,767 [INFO] [OK] USA/ECM_ENSEMBLE_Corn_PRCP_DEP/cumulative dia 00 (2026-07-21 → 2026-07-21) 53381 bytes
2026-07-21 09:37:20,771 [INFO] [OK] USA/ECM_ENSEMBLE_Corn_PRCP_DEP/daily dia 14 (2026-08-04 → 2026-08-04) 56700 bytes
2026-07-21 09:37:21,090 [INFO] [OK] USA/ECM_ENSEMBLE_Corn_PRCP_DEP/cumulative dia 02 (2026-07-21 → 2026-07-23) 58165 bytes
2026-07-21 09:37:21,311 [INFO] [OK] USA/ECM_ENSEMBLE_Corn_PRCP_DEP/cumulative dia 03 (2026-07-21 → 2026-07-24) 59914 bytes
2026-07-21 09:37:21,726 [INFO] [OK] USA/ECM_ENSEMBLE_Corn_PRCP_DEP/cumulative dia 04 (2026-07-21 → 2026-07-25) 60824 bytes
2026-07-21 09:37:23,121 [INFO] [OK] USA/ECM_ENSEMBLE_Corn_PRCP_DEP/cumulative dia 07 (2026-07-21 → 2026-07-28) 60341 bytes
2026-07-21 09:37:23,126 [INFO] [OK] USA/ECM_ENSEMBLE_Corn_PRCP_DEP/cumulative dia 05 (2026-07-21 → 2026-07-26) 60665 bytes
2026-07-21 09:37:23,271 [INFO] [OK] USA/ECM_ENSEMBLE_Corn_PRCP_DEP/cumulative dia 06 (2026-07-21 → 2026-07-27) 60183 bytes
2026-07-21 09:37:23,693 [INFO] [OK] USA/ECM_ENSEMBLE_Corn_PRCP_DEP/cumulative dia 08 (2026-07-21 → 2026-07-29) 60279 bytes
2026-07-21 09:37:23,863 [INFO] [OK] USA/ECM_ENSEMBLE_Corn_PRCP_DEP/cumulative dia 09 (2026-07-21 → 2026-07-30) 59923 bytes
2026-07-21 09:37:24,358 [INFO] [OK] USA/ECM_ENSEMBLE_Corn_PRCP_DEP/cumulative dia 10 (2026-07-21 → 2026-07-31) 60344 bytes
2026-07-21 09:37:25,815 [INFO] [OK] USA/ECM_ENSEMBLE_Corn_PRCP/daily dia 00 (2026-07-21 → 2026-07-21) 39711 bytes
2026-07-21 09:37:26,030 [INFO] [OK] USA/ECM_ENSEMBLE_Corn_PRCP_DEP/cumulative dia 12 (2026-07-21 → 2026-08-02) 59904 bytes
2026-07-21 09:37:26,058 [INFO] [OK] USA/ECM_ENSEMBLE_Corn_PRCP/daily dia 01 (2026-07-22 → 2026-07-22) 39401 bytes
2026-07-21 09:37:26,227 [INFO] [OK] USA/ECM_ENSEMBLE_Corn_PRCP_DEP/cumulative dia 13 (2026-07-21 → 2026-08-03) 59810 bytes
2026-07-21 09:37:26,295 [INFO] [OK] USA/ECM_ENSEMBLE_Corn_PRCP_DEP/cumulative dia 11 (2026-07-21 → 2026-08-01) 60295 bytes
2026-07-21 09:37:26,772 [INFO] [OK] USA/ECM_ENSEMBLE_Corn_PRCP_DEP/cumulative dia 14 (2026-07-21 → 2026-08-04) 59914 bytes
2026-07-21 09:37:27,301 [INFO] [OK] USA/ECM_ENSEMBLE_Corn_PRCP/daily dia 02 (2026-07-23 → 2026-07-23) 39170 bytes
2026-07-21 09:37:27,782 [INFO] [OK] USA/ECM_ENSEMBLE_Corn_PRCP/daily dia 06 (2026-07-27 → 2026-07-27) 35439 bytes
2026-07-21 09:37:27,812 [INFO] [OK] USA/ECM_ENSEMBLE_Corn_PRCP/daily dia 04 (2026-07-25 → 2026-07-25) 36697 bytes
2026-07-21 09:37:27,861 [INFO] [OK] USA/ECM_ENSEMBLE_Corn_PRCP/daily dia 03 (2026-07-24 → 2026-07-24) 37496 bytes
2026-07-21 09:37:27,962 [INFO] [OK] USA/ECM_ENSEMBLE_Corn_PRCP/daily dia 05 (2026-07-26 → 2026-07-26) 35811 bytes
2026-07-21 09:37:28,209 [INFO] [OK] USA/ECM_ENSEMBLE_Corn_PRCP/daily dia 07 (2026-07-28 → 2026-07-28) 35158 bytes
2026-07-21 09:37:28,823 [INFO] [OK] USA/ECM_ENSEMBLE_Corn_PRCP/daily dia 08 (2026-07-29 → 2026-07-29) 35817 bytes
2026-07-21 09:37:29,313 [INFO] [OK] USA/ECM_ENSEMBLE_Corn_PRCP/daily dia 09 (2026-07-30 → 2026-07-30) 36278 bytes
2026-07-21 09:37:29,457 [INFO] [OK] USA/ECM_ENSEMBLE_Corn_PRCP/daily dia 12 (2026-08-02 → 2026-08-02) 36197 bytes
2026-07-21 09:37:29,577 [INFO] [OK] USA/ECM_ENSEMBLE_Corn_PRCP/daily dia 11 (2026-08-01 → 2026-08-01) 36412 bytes
2026-07-21 09:37:29,618 [INFO] [OK] USA/ECM_ENSEMBLE_Corn_PRCP/daily dia 10 (2026-07-31 → 2026-07-31) 35706 bytes
2026-07-21 09:37:30,052 [INFO] [OK] USA/ECM_ENSEMBLE_Corn_PRCP/daily dia 13 (2026-08-03 → 2026-08-03) 35936 bytes
2026-07-21 09:37:30,418 [INFO] [OK] USA/ECM_ENSEMBLE_Corn_PRCP/daily dia 14 (2026-08-04 → 2026-08-04) 35893 bytes
2026-07-21 09:37:31,078 [INFO] [OK] USA/ECM_ENSEMBLE_Corn_PRCP/cumulative dia 00 (2026-07-21 → 2026-07-21) 39711 bytes
2026-07-21 09:37:31,296 [INFO] [OK] USA/ECM_ENSEMBLE_Corn_PRCP/cumulative dia 01 (2026-07-21 → 2026-07-22) 43121 bytes
2026-07-21 09:37:31,432 [INFO] [OK] USA/ECM_ENSEMBLE_Corn_PRCP/cumulative dia 02 (2026-07-21 → 2026-07-23) 45692 bytes
2026-07-21 09:37:31,584 [INFO] [OK] USA/ECM_ENSEMBLE_Corn_PRCP/cumulative dia 03 (2026-07-21 → 2026-07-24) 47694 bytes
2026-07-21 09:37:32,009 [INFO] [OK] USA/ECM_ENSEMBLE_Corn_PRCP/cumulative dia 04 (2026-07-21 → 2026-07-25) 48398 bytes
2026-07-21 09:37:32,443 [INFO] [OK] USA/ECM_ENSEMBLE_Corn_PRCP/cumulative dia 05 (2026-07-21 → 2026-07-26) 49059 bytes
2026-07-21 09:37:33,220 [INFO] [OK] USA/ECM_ENSEMBLE_Corn_PRCP/cumulative dia 06 (2026-07-21 → 2026-07-27) 49254 bytes
2026-07-21 09:37:33,531 [INFO] [OK] USA/ECM_ENSEMBLE_Corn_PRCP/cumulative dia 07 (2026-07-21 → 2026-07-28) 49930 bytes
2026-07-21 09:37:33,756 [INFO] [OK] USA/ECM_ENSEMBLE_Corn_PRCP/cumulative dia 08 (2026-07-21 → 2026-07-29) 50412 bytes
2026-07-21 09:37:34,148 [INFO] [OK] USA/ECM_ENSEMBLE_Corn_PRCP/cumulative dia 09 (2026-07-21 → 2026-07-30) 50511 bytes
2026-07-21 09:37:34,529 [INFO] [OK] USA/ECM_ENSEMBLE_Corn_PRCP/cumulative dia 10 (2026-07-21 → 2026-07-31) 50973 bytes
2026-07-21 09:37:35,124 [INFO] [OK] USA/ECM_ENSEMBLE_Corn_PRCP/cumulative dia 11 (2026-07-21 → 2026-08-01) 51568 bytes
2026-07-21 09:37:35,735 [INFO] [OK] USA/ECM_ENSEMBLE_Soy_PRCP_DEP/daily dia 00 (2026-07-21 → 2026-07-21) 53061 bytes
2026-07-21 09:37:35,896 [INFO] [OK] USA/ECM_ENSEMBLE_Corn_PRCP/cumulative dia 12 (2026-07-21 → 2026-08-02) 51884 bytes
2026-07-21 09:37:36,084 [INFO] [OK] USA/ECM_ENSEMBLE_Soy_PRCP_DEP/daily dia 01 (2026-07-22 → 2026-07-22) 52096 bytes
2026-07-21 09:37:36,367 [INFO] [OK] USA/ECM_ENSEMBLE_Corn_PRCP/cumulative dia 13 (2026-07-21 → 2026-08-03) 52270 bytes
2026-07-21 09:37:36,727 [INFO] [OK] USA/ECM_ENSEMBLE_Corn_PRCP/cumulative dia 14 (2026-07-21 → 2026-08-04) 52282 bytes
2026-07-21 09:37:36,818 [INFO] [OK] USA/ECM_ENSEMBLE_Soy_PRCP_DEP/daily dia 02 (2026-07-23 → 2026-07-23) 52137 bytes
2026-07-21 09:37:37,348 [INFO] [OK] USA/ECM_ENSEMBLE_Soy_PRCP_DEP/daily dia 03 (2026-07-24 → 2026-07-24) 54192 bytes
2026-07-21 09:37:37,507 [INFO] [OK] USA/ECM_ENSEMBLE_Soy_PRCP_DEP/daily dia 04 (2026-07-25 → 2026-07-25) 55262 bytes
2026-07-21 09:37:37,726 [INFO] [OK] USA/ECM_ENSEMBLE_Soy_PRCP_DEP/daily dia 05 (2026-07-26 → 2026-07-26) 54780 bytes
2026-07-21 09:37:37,987 [INFO] [OK] USA/ECM_ENSEMBLE_Soy_PRCP_DEP/daily dia 06 (2026-07-27 → 2026-07-27) 54146 bytes
2026-07-21 09:37:38,544 [INFO] [OK] USA/ECM_ENSEMBLE_Soy_PRCP_DEP/daily dia 08 (2026-07-29 → 2026-07-29) 54135 bytes
2026-07-21 09:37:38,580 [INFO] [OK] USA/ECM_ENSEMBLE_Soy_PRCP_DEP/daily dia 07 (2026-07-28 → 2026-07-28) 54150 bytes
2026-07-21 09:37:39,280 [INFO] [OK] USA/ECM_ENSEMBLE_Soy_PRCP_DEP/daily dia 10 (2026-07-31 → 2026-07-31) 57022 bytes
2026-07-21 09:37:39,283 [INFO] [OK] USA/ECM_ENSEMBLE_Soy_PRCP_DEP/daily dia 09 (2026-07-30 → 2026-07-30) 56157 bytes
2026-07-21 09:37:39,362 [INFO] [OK] USA/ECM_ENSEMBLE_Soy_PRCP_DEP/daily dia 11 (2026-08-01 → 2026-08-01) 57769 bytes
2026-07-21 09:37:39,739 [INFO] [OK] USA/ECM_ENSEMBLE_Soy_PRCP_DEP/daily dia 12 (2026-08-02 → 2026-08-02) 58653 bytes
2026-07-21 09:37:40,583 [INFO] [OK] USA/ECM_ENSEMBLE_Soy_PRCP_DEP/daily dia 14 (2026-08-04 → 2026-08-04) 56470 bytes
2026-07-21 09:37:40,584 [INFO] [OK] USA/ECM_ENSEMBLE_Soy_PRCP_DEP/daily dia 13 (2026-08-03 → 2026-08-03) 58046 bytes
2026-07-21 09:37:40,845 [INFO] [OK] USA/ECM_ENSEMBLE_Soy_PRCP_DEP/cumulative dia 00 (2026-07-21 → 2026-07-21) 53061 bytes
2026-07-21 09:37:40,940 [INFO] [OK] USA/ECM_ENSEMBLE_Soy_PRCP_DEP/cumulative dia 01 (2026-07-21 → 2026-07-22) 55177 bytes
2026-07-21 09:37:41,173 [INFO] [OK] USA/ECM_ENSEMBLE_Soy_PRCP_DEP/cumulative dia 02 (2026-07-21 → 2026-07-23) 57869 bytes
2026-07-21 09:37:41,623 [INFO] [OK] USA/ECM_ENSEMBLE_Soy_PRCP_DEP/cumulative dia 03 (2026-07-21 → 2026-07-24) 59738 bytes
2026-07-21 09:37:42,613 [INFO] [OK] USA/ECM_ENSEMBLE_Soy_PRCP_DEP/cumulative dia 04 (2026-07-21 → 2026-07-25) 60572 bytes
2026-07-21 09:37:42,699 [INFO] [OK] USA/ECM_ENSEMBLE_Soy_PRCP_DEP/cumulative dia 05 (2026-07-21 → 2026-07-26) 60471 bytes
2026-07-21 09:37:43,217 [INFO] [OK] USA/ECM_ENSEMBLE_Soy_PRCP_DEP/cumulative dia 06 (2026-07-21 → 2026-07-27) 60042 bytes
2026-07-21 09:37:43,371 [INFO] [OK] USA/ECM_ENSEMBLE_Soy_PRCP_DEP/cumulative dia 07 (2026-07-21 → 2026-07-28) 60251 bytes
2026-07-21 09:37:43,712 [INFO] [OK] USA/ECM_ENSEMBLE_Soy_PRCP_DEP/cumulative dia 08 (2026-07-21 → 2026-07-29) 60152 bytes
2026-07-21 09:37:44,193 [INFO] [OK] USA/ECM_ENSEMBLE_Soy_PRCP_DEP/cumulative dia 09 (2026-07-21 → 2026-07-30) 59702 bytes
2026-07-21 09:37:45,347 [INFO] [OK] USA/ECM_ENSEMBLE_Soy_PRCP_DEP/cumulative dia 10 (2026-07-21 → 2026-07-31) 60062 bytes
2026-07-21 09:37:45,476 [INFO] [OK] USA/ECM_ENSEMBLE_Soy_PRCP_DEP/cumulative dia 11 (2026-07-21 → 2026-08-01) 60086 bytes
2026-07-21 09:37:45,695 [INFO] [OK] USA/ECM_ENSEMBLE_Soy_PRCP/daily dia 00 (2026-07-21 → 2026-07-21) 39244 bytes
2026-07-21 09:37:46,053 [INFO] [OK] USA/ECM_ENSEMBLE_Soy_PRCP_DEP/cumulative dia 12 (2026-07-21 → 2026-08-02) 59677 bytes
2026-07-21 09:37:46,243 [INFO] [OK] USA/ECM_ENSEMBLE_Soy_PRCP_DEP/cumulative dia 13 (2026-07-21 → 2026-08-03) 59632 bytes
2026-07-21 09:37:46,658 [INFO] [OK] USA/ECM_ENSEMBLE_Soy_PRCP_DEP/cumulative dia 14 (2026-07-21 → 2026-08-04) 59672 bytes
2026-07-21 09:37:46,819 [INFO] [OK] USA/ECM_ENSEMBLE_Soy_PRCP/daily dia 01 (2026-07-22 → 2026-07-22) 38900 bytes
2026-07-21 09:37:47,040 [INFO] [OK] USA/ECM_ENSEMBLE_Soy_PRCP/daily dia 02 (2026-07-23 → 2026-07-23) 38682 bytes
2026-07-21 09:37:47,176 [INFO] [OK] USA/ECM_ENSEMBLE_Soy_PRCP/daily dia 03 (2026-07-24 → 2026-07-24) 37176 bytes
2026-07-21 09:37:47,535 [INFO] [OK] USA/ECM_ENSEMBLE_Soy_PRCP/daily dia 04 (2026-07-25 → 2026-07-25) 36224 bytes
2026-07-21 09:37:47,680 [INFO] [OK] USA/ECM_ENSEMBLE_Soy_PRCP/daily dia 05 (2026-07-26 → 2026-07-26) 35317 bytes
2026-07-21 09:37:48,123 [INFO] [OK] USA/ECM_ENSEMBLE_Soy_PRCP/daily dia 06 (2026-07-27 → 2026-07-27) 34982 bytes
2026-07-21 09:37:48,316 [INFO] [OK] USA/ECM_ENSEMBLE_Soy_PRCP/daily dia 07 (2026-07-28 → 2026-07-28) 34718 bytes
2026-07-21 09:37:48,491 [INFO] [OK] USA/ECM_ENSEMBLE_Soy_PRCP/daily dia 08 (2026-07-29 → 2026-07-29) 35476 bytes
2026-07-21 09:37:48,698 [INFO] [OK] USA/ECM_ENSEMBLE_Soy_PRCP/daily dia 09 (2026-07-30 → 2026-07-30) 35881 bytes
2026-07-21 09:37:48,990 [INFO] [OK] USA/ECM_ENSEMBLE_Soy_PRCP/daily dia 10 (2026-07-31 → 2026-07-31) 35235 bytes
2026-07-21 09:37:49,172 [INFO] [OK] USA/ECM_ENSEMBLE_Soy_PRCP/daily dia 11 (2026-08-01 → 2026-08-01) 35849 bytes
2026-07-21 09:37:49,657 [INFO] [OK] USA/ECM_ENSEMBLE_Soy_PRCP/daily dia 12 (2026-08-02 → 2026-08-02) 35808 bytes
2026-07-21 09:37:49,939 [INFO] [OK] USA/ECM_ENSEMBLE_Soy_PRCP/daily dia 14 (2026-08-04 → 2026-08-04) 35500 bytes
2026-07-21 09:37:49,989 [INFO] [OK] USA/ECM_ENSEMBLE_Soy_PRCP/daily dia 13 (2026-08-03 → 2026-08-03) 35464 bytes
2026-07-21 09:37:50,224 [INFO] [OK] USA/ECM_ENSEMBLE_Soy_PRCP/cumulative dia 00 (2026-07-21 → 2026-07-21) 39244 bytes
2026-07-21 09:37:50,586 [INFO] [OK] USA/ECM_ENSEMBLE_Soy_PRCP/cumulative dia 01 (2026-07-21 → 2026-07-22) 42668 bytes
2026-07-21 09:37:50,891 [INFO] [OK] USA/ECM_ENSEMBLE_Soy_PRCP/cumulative dia 02 (2026-07-21 → 2026-07-23) 45141 bytes
2026-07-21 09:37:51,636 [INFO] [OK] USA/ECM_ENSEMBLE_Soy_PRCP/cumulative dia 03 (2026-07-21 → 2026-07-24) 47366 bytes
2026-07-21 09:37:51,854 [INFO] [OK] USA/ECM_ENSEMBLE_Soy_PRCP/cumulative dia 04 (2026-07-21 → 2026-07-25) 47964 bytes
2026-07-21 09:37:52,085 [INFO] [OK] USA/ECM_ENSEMBLE_Soy_PRCP/cumulative dia 05 (2026-07-21 → 2026-07-26) 48635 bytes
2026-07-21 09:37:52,378 [INFO] [OK] USA/ECM_ENSEMBLE_Soy_PRCP/cumulative dia 06 (2026-07-21 → 2026-07-27) 49007 bytes
2026-07-21 09:37:52,823 [INFO] [OK] USA/ECM_ENSEMBLE_Soy_PRCP/cumulative dia 07 (2026-07-21 → 2026-07-28) 49551 bytes
2026-07-21 09:37:53,245 [INFO] [OK] USA/ECM_ENSEMBLE_Soy_PRCP/cumulative dia 08 (2026-07-21 → 2026-07-29) 50032 bytes
2026-07-21 09:37:54,184 [INFO] [OK] USA/ECM_ENSEMBLE_Soy_PRCP/cumulative dia 09 (2026-07-21 → 2026-07-30) 50066 bytes
2026-07-21 09:37:54,369 [INFO] [OK] USA/ECM_ENSEMBLE_Soy_PRCP/cumulative dia 10 (2026-07-21 → 2026-07-31) 50537 bytes
2026-07-21 09:37:54,907 [INFO] [OK] USA/ECM_ENSEMBLE_Soy_PRCP/cumulative dia 11 (2026-07-21 → 2026-08-01) 51177 bytes
2026-07-21 09:37:55,121 [INFO] [OK] USA/ECM_ENSEMBLE_Soy_PRCP/cumulative dia 12 (2026-07-21 → 2026-08-02) 51612 bytes
2026-07-21 09:37:55,805 [INFO] [OK] USA/ECM_ENSEMBLE_Wheat_Winter_PRCP_DEP/daily dia 00 (2026-07-21 → 2026-07-21) 54787 bytes
2026-07-21 09:37:56,112 [INFO] [OK] USA/ECM_ENSEMBLE_Soy_PRCP/cumulative dia 13 (2026-07-21 → 2026-08-03) 51812 bytes
2026-07-21 09:37:56,142 [INFO] [OK] USA/ECM_ENSEMBLE_Wheat_Winter_PRCP_DEP/daily dia 01 (2026-07-22 → 2026-07-22) 53845 bytes
2026-07-21 09:37:56,416 [INFO] [OK] USA/ECM_ENSEMBLE_Soy_PRCP/cumulative dia 14 (2026-07-21 → 2026-08-04) 52076 bytes
2026-07-21 09:37:56,530 [INFO] [OK] USA/ECM_ENSEMBLE_Wheat_Winter_PRCP_DEP/daily dia 02 (2026-07-23 → 2026-07-23) 54206 bytes
2026-07-21 09:37:56,753 [INFO] [OK] USA/ECM_ENSEMBLE_Wheat_Winter_PRCP_DEP/daily dia 03 (2026-07-24 → 2026-07-24) 55650 bytes
2026-07-21 09:37:57,491 [INFO] [OK] USA/ECM_ENSEMBLE_Wheat_Winter_PRCP_DEP/daily dia 04 (2026-07-25 → 2026-07-25) 56950 bytes
2026-07-21 09:37:57,845 [INFO] [OK] USA/ECM_ENSEMBLE_Wheat_Winter_PRCP_DEP/daily dia 06 (2026-07-27 → 2026-07-27) 55706 bytes
2026-07-21 09:37:57,858 [INFO] [OK] USA/ECM_ENSEMBLE_Wheat_Winter_PRCP_DEP/daily dia 05 (2026-07-26 → 2026-07-26) 56466 bytes
2026-07-21 09:37:58,271 [INFO] [OK] USA/ECM_ENSEMBLE_Wheat_Winter_PRCP_DEP/daily dia 07 (2026-07-28 → 2026-07-28) 55953 bytes
2026-07-21 09:37:58,427 [INFO] [OK] USA/ECM_ENSEMBLE_Wheat_Winter_PRCP_DEP/daily dia 08 (2026-07-29 → 2026-07-29) 56101 bytes
2026-07-21 09:37:58,480 [INFO] [OK] USA/ECM_ENSEMBLE_Wheat_Winter_PRCP_DEP/daily dia 09 (2026-07-30 → 2026-07-30) 58194 bytes
2026-07-21 09:37:59,029 [INFO] [OK] USA/ECM_ENSEMBLE_Wheat_Winter_PRCP_DEP/daily dia 10 (2026-07-31 → 2026-07-31) 59079 bytes
2026-07-21 09:37:59,439 [INFO] [OK] USA/ECM_ENSEMBLE_Wheat_Winter_PRCP_DEP/daily dia 11 (2026-08-01 → 2026-08-01) 59695 bytes
2026-07-21 09:37:59,472 [INFO] [OK] USA/ECM_ENSEMBLE_Wheat_Winter_PRCP_DEP/daily dia 12 (2026-08-02 → 2026-08-02) 60507 bytes
2026-07-21 09:38:00,134 [INFO] [OK] USA/ECM_ENSEMBLE_Wheat_Winter_PRCP_DEP/cumulative dia 00 (2026-07-21 → 2026-07-21) 54787 bytes
2026-07-21 09:38:00,135 [INFO] [OK] USA/ECM_ENSEMBLE_Wheat_Winter_PRCP_DEP/daily dia 13 (2026-08-03 → 2026-08-03) 59419 bytes
2026-07-21 09:38:00,148 [INFO] [OK] USA/ECM_ENSEMBLE_Wheat_Winter_PRCP_DEP/daily dia 14 (2026-08-04 → 2026-08-04) 58185 bytes
2026-07-21 09:38:00,668 [INFO] [OK] USA/ECM_ENSEMBLE_Wheat_Winter_PRCP_DEP/cumulative dia 01 (2026-07-21 → 2026-07-22) 56638 bytes
2026-07-21 09:38:01,776 [INFO] [OK] USA/ECM_ENSEMBLE_Wheat_Winter_PRCP_DEP/cumulative dia 02 (2026-07-21 → 2026-07-23) 59418 bytes
2026-07-21 09:38:01,783 [INFO] [OK] USA/ECM_ENSEMBLE_Wheat_Winter_PRCP_DEP/cumulative dia 03 (2026-07-21 → 2026-07-24) 60776 bytes
2026-07-21 09:38:02,184 [INFO] [OK] USA/ECM_ENSEMBLE_Wheat_Winter_PRCP_DEP/cumulative dia 04 (2026-07-21 → 2026-07-25) 62179 bytes
2026-07-21 09:38:02,240 [INFO] [OK] USA/ECM_ENSEMBLE_Wheat_Winter_PRCP_DEP/cumulative dia 05 (2026-07-21 → 2026-07-26) 61812 bytes
2026-07-21 09:38:02,369 [INFO] [OK] USA/ECM_ENSEMBLE_Wheat_Winter_PRCP_DEP/cumulative dia 06 (2026-07-21 → 2026-07-27) 61326 bytes
2026-07-21 09:38:02,868 [INFO] [OK] USA/ECM_ENSEMBLE_Wheat_Winter_PRCP_DEP/cumulative dia 07 (2026-07-21 → 2026-07-28) 61558 bytes
2026-07-21 09:38:04,319 [INFO] [OK] USA/ECM_ENSEMBLE_Wheat_Winter_PRCP_DEP/cumulative dia 08 (2026-07-21 → 2026-07-29) 61479 bytes
2026-07-21 09:38:04,441 [INFO] [OK] USA/ECM_ENSEMBLE_Wheat_Winter_PRCP_DEP/cumulative dia 09 (2026-07-21 → 2026-07-30) 61045 bytes
2026-07-21 09:38:04,775 [INFO] [OK] USA/ECM_ENSEMBLE_Wheat_Winter_PRCP_DEP/cumulative dia 10 (2026-07-21 → 2026-07-31) 61307 bytes
2026-07-21 09:38:04,949 [INFO] [OK] USA/ECM_ENSEMBLE_Wheat_Winter_PRCP_DEP/cumulative dia 11 (2026-07-21 → 2026-08-01) 61287 bytes
2026-07-21 09:38:05,358 [INFO] [OK] USA/ECM_ENSEMBLE_Wheat_Winter_PRCP_DEP/cumulative dia 12 (2026-07-21 → 2026-08-02) 60989 bytes
2026-07-21 09:38:06,353 [INFO] [OK] USA/ECM_ENSEMBLE_Wheat_Winter_PRCP/daily dia 01 (2026-07-22 → 2026-07-22) 40450 bytes
2026-07-21 09:38:06,356 [INFO] [OK] USA/ECM_ENSEMBLE_Wheat_Winter_PRCP_DEP/cumulative dia 13 (2026-07-21 → 2026-08-03) 60743 bytes
2026-07-21 09:38:06,363 [INFO] [OK] USA/ECM_ENSEMBLE_Wheat_Winter_PRCP/daily dia 00 (2026-07-21 → 2026-07-21) 40695 bytes
2026-07-21 09:38:06,419 [INFO] [OK] USA/ECM_ENSEMBLE_Wheat_Winter_PRCP/daily dia 02 (2026-07-23 → 2026-07-23) 40216 bytes
2026-07-21 09:38:06,848 [INFO] [OK] USA/ECM_ENSEMBLE_Wheat_Winter_PRCP/daily dia 03 (2026-07-24 → 2026-07-24) 38719 bytes
2026-07-21 09:38:07,131 [INFO] [OK] USA/ECM_ENSEMBLE_Wheat_Winter_PRCP_DEP/cumulative dia 14 (2026-07-21 → 2026-08-04) 60835 bytes
2026-07-21 09:38:07,863 [INFO] [OK] USA/ECM_ENSEMBLE_Wheat_Winter_PRCP/daily dia 05 (2026-07-26 → 2026-07-26) 36907 bytes
2026-07-21 09:38:07,896 [INFO] [OK] USA/ECM_ENSEMBLE_Wheat_Winter_PRCP/daily dia 04 (2026-07-25 → 2026-07-25) 37759 bytes
2026-07-21 09:38:07,926 [INFO] [OK] USA/ECM_ENSEMBLE_Wheat_Winter_PRCP/daily dia 07 (2026-07-28 → 2026-07-28) 36509 bytes
2026-07-21 09:38:07,927 [INFO] [OK] USA/ECM_ENSEMBLE_Wheat_Winter_PRCP/daily dia 06 (2026-07-27 → 2026-07-27) 36700 bytes
2026-07-21 09:38:08,467 [INFO] [OK] USA/ECM_ENSEMBLE_Wheat_Winter_PRCP/daily dia 08 (2026-07-29 → 2026-07-29) 37269 bytes
2026-07-21 09:38:08,703 [INFO] [OK] USA/ECM_ENSEMBLE_Wheat_Winter_PRCP/daily dia 09 (2026-07-30 → 2026-07-30) 37449 bytes
2026-07-21 09:38:09,430 [INFO] [OK] USA/ECM_ENSEMBLE_Wheat_Winter_PRCP/daily dia 12 (2026-08-02 → 2026-08-02) 37543 bytes
2026-07-21 09:38:09,610 [INFO] [OK] USA/ECM_ENSEMBLE_Wheat_Winter_PRCP/daily dia 10 (2026-07-31 → 2026-07-31) 37068 bytes
2026-07-21 09:38:09,648 [INFO] [OK] USA/ECM_ENSEMBLE_Wheat_Winter_PRCP/daily dia 13 (2026-08-03 → 2026-08-03) 36987 bytes
2026-07-21 09:38:09,699 [INFO] [OK] USA/ECM_ENSEMBLE_Wheat_Winter_PRCP/daily dia 11 (2026-08-01 → 2026-08-01) 37451 bytes
2026-07-21 09:38:09,969 [INFO] [OK] USA/ECM_ENSEMBLE_Wheat_Winter_PRCP/daily dia 14 (2026-08-04 → 2026-08-04) 36802 bytes
2026-07-21 09:38:10,212 [INFO] [OK] USA/ECM_ENSEMBLE_Wheat_Winter_PRCP/cumulative dia 00 (2026-07-21 → 2026-07-21) 40695 bytes
2026-07-21 09:38:11,006 [INFO] [OK] USA/ECM_ENSEMBLE_Wheat_Winter_PRCP/cumulative dia 01 (2026-07-21 → 2026-07-22) 44056 bytes
2026-07-21 09:38:11,371 [INFO] [OK] USA/ECM_ENSEMBLE_Wheat_Winter_PRCP/cumulative dia 02 (2026-07-21 → 2026-07-23) 46893 bytes
2026-07-21 09:38:11,532 [INFO] [OK] USA/ECM_ENSEMBLE_Wheat_Winter_PRCP/cumulative dia 03 (2026-07-21 → 2026-07-24) 48746 bytes
2026-07-21 09:38:11,658 [INFO] [OK] USA/ECM_ENSEMBLE_Wheat_Winter_PRCP/cumulative dia 04 (2026-07-21 → 2026-07-25) 49397 bytes
2026-07-21 09:38:12,014 [INFO] [OK] USA/ECM_ENSEMBLE_Wheat_Winter_PRCP/cumulative dia 05 (2026-07-21 → 2026-07-26) 49958 bytes
2026-07-21 09:38:12,348 [INFO] [OK] USA/ECM_ENSEMBLE_Wheat_Winter_PRCP/cumulative dia 06 (2026-07-21 → 2026-07-27) 50458 bytes
2026-07-21 09:38:13,227 [INFO] [OK] USA/ECM_ENSEMBLE_Wheat_Winter_PRCP/cumulative dia 07 (2026-07-21 → 2026-07-28) 51196 bytes
2026-07-21 09:38:13,701 [INFO] [OK] USA/ECM_ENSEMBLE_Wheat_Winter_PRCP/cumulative dia 08 (2026-07-21 → 2026-07-29) 51800 bytes
2026-07-21 09:38:13,988 [INFO] [OK] USA/ECM_ENSEMBLE_Wheat_Winter_PRCP/cumulative dia 09 (2026-07-21 → 2026-07-30) 51593 bytes
2026-07-21 09:38:14,207 [INFO] [OK] USA/ECM_ENSEMBLE_Wheat_Winter_PRCP/cumulative dia 10 (2026-07-21 → 2026-07-31) 52219 bytes
2026-07-21 09:38:14,619 [INFO] [OK] USA/ECM_ENSEMBLE_Wheat_Winter_PRCP/cumulative dia 11 (2026-07-21 → 2026-08-01) 52769 bytes
2026-07-21 09:38:15,112 [INFO] [OK] USA/ECM_ENSEMBLE_Wheat_Winter_PRCP/cumulative dia 12 (2026-07-21 → 2026-08-02) 53063 bytes
2026-07-21 09:38:15,783 [INFO] [OK] USA/ECM_ENSEMBLE_Wheat_Spring_PRCP_DEP/daily dia 00 (2026-07-21 → 2026-07-21) 51395 bytes
2026-07-21 09:38:15,973 [INFO] [OK] USA/ECM_ENSEMBLE_Wheat_Spring_PRCP_DEP/daily dia 01 (2026-07-22 → 2026-07-22) 50618 bytes
2026-07-21 09:38:16,191 [INFO] [OK] USA/ECM_ENSEMBLE_Wheat_Winter_PRCP/cumulative dia 13 (2026-07-21 → 2026-08-03) 53220 bytes
2026-07-21 09:38:16,255 [INFO] [OK] USA/ECM_ENSEMBLE_Wheat_Spring_PRCP_DEP/daily dia 02 (2026-07-23 → 2026-07-23) 50958 bytes
2026-07-21 09:38:16,664 [INFO] [OK] USA/ECM_ENSEMBLE_Wheat_Winter_PRCP/cumulative dia 14 (2026-07-21 → 2026-08-04) 53429 bytes
2026-07-21 09:38:16,710 [INFO] [OK] USA/ECM_ENSEMBLE_Wheat_Spring_PRCP_DEP/daily dia 03 (2026-07-24 → 2026-07-24) 52382 bytes
2026-07-21 09:38:17,348 [INFO] [OK] USA/ECM_ENSEMBLE_Wheat_Spring_PRCP_DEP/daily dia 04 (2026-07-25 → 2026-07-25) 53390 bytes
2026-07-21 09:38:17,552 [INFO] [OK] USA/ECM_ENSEMBLE_Wheat_Spring_PRCP_DEP/daily dia 05 (2026-07-26 → 2026-07-26) 53066 bytes
2026-07-21 09:38:17,829 [INFO] [OK] USA/ECM_ENSEMBLE_Wheat_Spring_PRCP_DEP/daily dia 07 (2026-07-28 → 2026-07-28) 52912 bytes
2026-07-21 09:38:17,830 [INFO] [OK] USA/ECM_ENSEMBLE_Wheat_Spring_PRCP_DEP/daily dia 06 (2026-07-27 → 2026-07-27) 52169 bytes
2026-07-21 09:38:18,302 [INFO] [OK] USA/ECM_ENSEMBLE_Wheat_Spring_PRCP_DEP/daily dia 08 (2026-07-29 → 2026-07-29) 52670 bytes
2026-07-21 09:38:18,399 [INFO] [OK] USA/ECM_ENSEMBLE_Wheat_Spring_PRCP_DEP/daily dia 09 (2026-07-30 → 2026-07-30) 54690 bytes
2026-07-21 09:38:18,918 [INFO] [OK] USA/ECM_ENSEMBLE_Wheat_Spring_PRCP_DEP/daily dia 10 (2026-07-31 → 2026-07-31) 55390 bytes
2026-07-21 09:38:19,186 [INFO] [OK] USA/ECM_ENSEMBLE_Wheat_Spring_PRCP_DEP/daily dia 11 (2026-08-01 → 2026-08-01) 56290 bytes
2026-07-21 09:38:19,404 [INFO] [OK] USA/ECM_ENSEMBLE_Wheat_Spring_PRCP_DEP/daily dia 12 (2026-08-02 → 2026-08-02) 57239 bytes
2026-07-21 09:38:19,406 [INFO] [OK] USA/ECM_ENSEMBLE_Wheat_Spring_PRCP_DEP/daily dia 13 (2026-08-03 → 2026-08-03) 56420 bytes
2026-07-21 09:38:19,917 [INFO] [OK] USA/ECM_ENSEMBLE_Wheat_Spring_PRCP_DEP/daily dia 14 (2026-08-04 → 2026-08-04) 54505 bytes
2026-07-21 09:38:20,026 [INFO] [OK] USA/ECM_ENSEMBLE_Wheat_Spring_PRCP_DEP/cumulative dia 00 (2026-07-21 → 2026-07-21) 51395 bytes
2026-07-21 09:38:20,565 [INFO] [OK] USA/ECM_ENSEMBLE_Wheat_Spring_PRCP_DEP/cumulative dia 01 (2026-07-21 → 2026-07-22) 53641 bytes
2026-07-21 09:38:21,004 [INFO] [OK] USA/ECM_ENSEMBLE_Wheat_Spring_PRCP_DEP/cumulative dia 02 (2026-07-21 → 2026-07-23) 56473 bytes
2026-07-21 09:38:21,271 [INFO] [OK] USA/ECM_ENSEMBLE_Wheat_Spring_PRCP_DEP/cumulative dia 03 (2026-07-21 → 2026-07-24) 57957 bytes
2026-07-21 09:38:21,402 [INFO] [OK] USA/ECM_ENSEMBLE_Wheat_Spring_PRCP_DEP/cumulative dia 04 (2026-07-21 → 2026-07-25) 59202 bytes
2026-07-21 09:38:22,078 [INFO] [OK] USA/ECM_ENSEMBLE_Wheat_Spring_PRCP_DEP/cumulative dia 05 (2026-07-21 → 2026-07-26) 58902 bytes
2026-07-21 09:38:22,247 [INFO] [OK] USA/ECM_ENSEMBLE_Wheat_Spring_PRCP_DEP/cumulative dia 06 (2026-07-21 → 2026-07-27) 58266 bytes
2026-07-21 09:38:22,808 [INFO] [OK] USA/ECM_ENSEMBLE_Wheat_Spring_PRCP_DEP/cumulative dia 07 (2026-07-21 → 2026-07-28) 58611 bytes
2026-07-21 09:38:23,377 [INFO] [OK] USA/ECM_ENSEMBLE_Wheat_Spring_PRCP_DEP/cumulative dia 08 (2026-07-21 → 2026-07-29) 58351 bytes
2026-07-21 09:38:23,801 [INFO] [OK] USA/ECM_ENSEMBLE_Wheat_Spring_PRCP_DEP/cumulative dia 09 (2026-07-21 → 2026-07-30) 57967 bytes
2026-07-21 09:38:24,021 [INFO] [OK] USA/ECM_ENSEMBLE_Wheat_Spring_PRCP_DEP/cumulative dia 10 (2026-07-21 → 2026-07-31) 58242 bytes
2026-07-21 09:38:24,844 [INFO] [OK] USA/ECM_ENSEMBLE_Wheat_Spring_PRCP_DEP/cumulative dia 11 (2026-07-21 → 2026-08-01) 58376 bytes
2026-07-21 09:38:25,095 [INFO] [OK] USA/ECM_ENSEMBLE_Wheat_Spring_PRCP_DEP/cumulative dia 12 (2026-07-21 → 2026-08-02) 57833 bytes
2026-07-21 09:38:25,385 [INFO] [OK] USA/ECM_ENSEMBLE_Wheat_Spring_PRCP/daily dia 00 (2026-07-21 → 2026-07-21) 37469 bytes
2026-07-21 09:38:25,539 [INFO] [OK] USA/ECM_ENSEMBLE_Wheat_Spring_PRCP/daily dia 01 (2026-07-22 → 2026-07-22) 37384 bytes
2026-07-21 09:38:25,725 [INFO] [OK] USA/ECM_ENSEMBLE_Wheat_Spring_PRCP_DEP/cumulative dia 13 (2026-07-21 → 2026-08-03) 57850 bytes
2026-07-21 09:38:26,416 [INFO] [OK] USA/ECM_ENSEMBLE_Wheat_Spring_PRCP_DEP/cumulative dia 14 (2026-07-21 → 2026-08-04) 57749 bytes
2026-07-21 09:38:26,803 [INFO] [OK] USA/ECM_ENSEMBLE_Wheat_Spring_PRCP/daily dia 03 (2026-07-24 → 2026-07-24) 35710 bytes
2026-07-21 09:38:26,897 [INFO] [OK] USA/ECM_ENSEMBLE_Wheat_Spring_PRCP/daily dia 04 (2026-07-25 → 2026-07-25) 34429 bytes
2026-07-21 09:38:26,911 [INFO] [OK] USA/ECM_ENSEMBLE_Wheat_Spring_PRCP/daily dia 02 (2026-07-23 → 2026-07-23) 36919 bytes
2026-07-21 09:38:26,974 [INFO] [OK] USA/ECM_ENSEMBLE_Wheat_Spring_PRCP/daily dia 05 (2026-07-26 → 2026-07-26) 33814 bytes
2026-07-21 09:38:27,430 [INFO] [OK] USA/ECM_ENSEMBLE_Wheat_Spring_PRCP/daily dia 06 (2026-07-27 → 2026-07-27) 33493 bytes
2026-07-21 09:38:27,869 [INFO] [OK] USA/ECM_ENSEMBLE_Wheat_Spring_PRCP/daily dia 07 (2026-07-28 → 2026-07-28) 33497 bytes
2026-07-21 09:38:28,303 [INFO] [OK] USA/ECM_ENSEMBLE_Wheat_Spring_PRCP/daily dia 08 (2026-07-29 → 2026-07-29) 34243 bytes
2026-07-21 09:38:28,754 [INFO] [OK] USA/ECM_ENSEMBLE_Wheat_Spring_PRCP/daily dia 09 (2026-07-30 → 2026-07-30) 34397 bytes
2026-07-21 09:38:28,856 [INFO] [OK] USA/ECM_ENSEMBLE_Wheat_Spring_PRCP/daily dia 10 (2026-07-31 → 2026-07-31) 33912 bytes
2026-07-21 09:38:28,867 [INFO] [OK] USA/ECM_ENSEMBLE_Wheat_Spring_PRCP/daily dia 11 (2026-08-01 → 2026-08-01) 34498 bytes
2026-07-21 09:38:29,352 [INFO] [OK] USA/ECM_ENSEMBLE_Wheat_Spring_PRCP/daily dia 12 (2026-08-02 → 2026-08-02) 34504 bytes
2026-07-21 09:38:29,539 [INFO] [OK] USA/ECM_ENSEMBLE_Wheat_Spring_PRCP/daily dia 13 (2026-08-03 → 2026-08-03) 34223 bytes
2026-07-21 09:38:29,775 [INFO] [OK] USA/ECM_ENSEMBLE_Wheat_Spring_PRCP/daily dia 14 (2026-08-04 → 2026-08-04) 34100 bytes
2026-07-21 09:38:30,406 [INFO] [OK] USA/ECM_ENSEMBLE_Wheat_Spring_PRCP/cumulative dia 00 (2026-07-21 → 2026-07-21) 37469 bytes
2026-07-21 09:38:30,466 [INFO] [OK] USA/ECM_ENSEMBLE_Wheat_Spring_PRCP/cumulative dia 01 (2026-07-21 → 2026-07-22) 40791 bytes
2026-07-21 09:38:30,756 [INFO] [OK] USA/ECM_ENSEMBLE_Wheat_Spring_PRCP/cumulative dia 02 (2026-07-21 → 2026-07-23) 43518 bytes
2026-07-21 09:38:31,161 [INFO] [OK] USA/ECM_ENSEMBLE_Wheat_Spring_PRCP/cumulative dia 03 (2026-07-21 → 2026-07-24) 45248 bytes
2026-07-21 09:38:31,516 [INFO] [OK] USA/ECM_ENSEMBLE_Wheat_Spring_PRCP/cumulative dia 04 (2026-07-21 → 2026-07-25) 45904 bytes
2026-07-21 09:38:31,800 [INFO] [OK] USA/ECM_ENSEMBLE_Wheat_Spring_PRCP/cumulative dia 05 (2026-07-21 → 2026-07-26) 46469 bytes
2026-07-21 09:38:32,500 [INFO] [OK] USA/ECM_ENSEMBLE_Wheat_Spring_PRCP/cumulative dia 06 (2026-07-21 → 2026-07-27) 46979 bytes
2026-07-21 09:38:32,721 [INFO] [OK] USA/ECM_ENSEMBLE_Wheat_Spring_PRCP/cumulative dia 07 (2026-07-21 → 2026-07-28) 47492 bytes
2026-07-21 09:38:33,065 [INFO] [OK] USA/ECM_ENSEMBLE_Wheat_Spring_PRCP/cumulative dia 08 (2026-07-21 → 2026-07-29) 48049 bytes
2026-07-21 09:38:33,730 [INFO] [OK] USA/ECM_ENSEMBLE_Wheat_Spring_PRCP/cumulative dia 09 (2026-07-21 → 2026-07-30) 47863 bytes
2026-07-21 09:38:34,052 [INFO] [OK] USA/ECM_ENSEMBLE_Wheat_Spring_PRCP/cumulative dia 10 (2026-07-21 → 2026-07-31) 48423 bytes
2026-07-21 09:38:34,374 [INFO] [OK] USA/ECM_ENSEMBLE_Wheat_Spring_PRCP/cumulative dia 11 (2026-07-21 → 2026-08-01) 49117 bytes
2026-07-21 09:38:35,334 [INFO] [OK] USA/ECM_ENSEMBLE_Wheat_Spring_PRCP/cumulative dia 12 (2026-07-21 → 2026-08-02) 49161 bytes
2026-07-21 09:38:35,572 [INFO] [OK] USA/ECM_ENSEMBLE_Wheat_Spring_PRCP/cumulative dia 13 (2026-07-21 → 2026-08-03) 49354 bytes
2026-07-21 09:38:35,884 [INFO] [OK] USA/ECM_ENSEMBLE_Wheat_Spring_PRCP/cumulative dia 14 (2026-07-21 → 2026-08-04) 49470 bytes
2026-07-21 09:38:35,894 [INFO] Resumo: 960/960 sucessos, 0 erros
2026-07-21 09:38:36,468 [INFO] [CLEANUP] Removidas 256 pastas de histórico anteriores a 2026-06-21
2026-07-21 09:38:37,397 [INFO] Manifest: C:\Users\server\OneDrive - CGB Enterprises, Inc\ZGC-PBI Research - Documents\Dataset Data Files\Weather_maps\manifest.json
2026-07-21 09:38:37,398 [INFO] [GIT] Iniciando sincronização com GitHub...
