2026-09-15 09:33:17,331 [INFO] === Execução 2026-09-15 | modo=both | dias=15 | parâmetro=['PRCP_DEP', 'PRCP'] ===
2026-09-15 09:33:17,333 [INFO] Baixando 960 mapas com 6 threads...
2026-09-15 09:33:19,772 [INFO] [OK] Brazil/GFS_ENSEMBLE_Soy_PRCP_DEP/daily dia 00 (2026-09-15 → 2026-09-15) 34467 bytes
2026-09-15 09:33:19,773 [INFO] [OK] Brazil/GFS_ENSEMBLE_Soy_PRCP_DEP/daily dia 02 (2026-09-17 → 2026-09-17) 36948 bytes
2026-09-15 09:33:20,172 [INFO] [OK] Brazil/GFS_ENSEMBLE_Soy_PRCP_DEP/daily dia 03 (2026-09-18 → 2026-09-18) 42457 bytes
2026-09-15 09:33:20,246 [INFO] [OK] Brazil/GFS_ENSEMBLE_Soy_PRCP_DEP/daily dia 01 (2026-09-16 → 2026-09-16) 34165 bytes
2026-09-15 09:33:20,333 [INFO] [OK] Brazil/GFS_ENSEMBLE_Soy_PRCP_DEP/daily dia 04 (2026-09-19 → 2026-09-19) 45836 bytes
2026-09-15 09:33:20,594 [INFO] [OK] Brazil/GFS_ENSEMBLE_Soy_PRCP_DEP/daily dia 05 (2026-09-20 → 2026-09-20) 45371 bytes
2026-09-15 09:33:21,126 [INFO] [OK] Brazil/GFS_ENSEMBLE_Soy_PRCP_DEP/daily dia 06 (2026-09-21 → 2026-09-21) 45473 bytes
2026-09-15 09:33:21,335 [INFO] [OK] Brazil/GFS_ENSEMBLE_Soy_PRCP_DEP/daily dia 07 (2026-09-22 → 2026-09-22) 45700 bytes
2026-09-15 09:33:21,778 [INFO] [OK] Brazil/GFS_ENSEMBLE_Soy_PRCP_DEP/daily dia 09 (2026-09-24 → 2026-09-24) 47327 bytes
2026-09-15 09:33:21,854 [INFO] [OK] Brazil/GFS_ENSEMBLE_Soy_PRCP_DEP/daily dia 08 (2026-09-23 → 2026-09-23) 47407 bytes
2026-09-15 09:33:21,914 [INFO] [OK] Brazil/GFS_ENSEMBLE_Soy_PRCP_DEP/daily dia 10 (2026-09-25 → 2026-09-25) 50090 bytes
2026-09-15 09:33:22,122 [INFO] [OK] Brazil/GFS_ENSEMBLE_Soy_PRCP_DEP/daily dia 11 (2026-09-26 → 2026-09-26) 51478 bytes
2026-09-15 09:33:22,603 [INFO] [OK] Brazil/GFS_ENSEMBLE_Soy_PRCP_DEP/daily dia 12 (2026-09-27 → 2026-09-27) 53266 bytes
2026-09-15 09:33:22,748 [INFO] [OK] Brazil/GFS_ENSEMBLE_Soy_PRCP_DEP/daily dia 13 (2026-09-28 → 2026-09-28) 54596 bytes
2026-09-15 09:33:23,273 [INFO] [OK] Brazil/GFS_ENSEMBLE_Soy_PRCP_DEP/daily dia 14 (2026-09-29 → 2026-09-29) 55266 bytes
2026-09-15 09:33:23,514 [INFO] [OK] Brazil/GFS_ENSEMBLE_Soy_PRCP_DEP/cumulative dia 00 (2026-09-15 → 2026-09-15) 34467 bytes
2026-09-15 09:33:23,684 [INFO] [OK] Brazil/GFS_ENSEMBLE_Soy_PRCP_DEP/cumulative dia 02 (2026-09-15 → 2026-09-17) 37074 bytes
2026-09-15 09:33:23,687 [INFO] [OK] Brazil/GFS_ENSEMBLE_Soy_PRCP_DEP/cumulative dia 01 (2026-09-15 → 2026-09-16) 35293 bytes
2026-09-15 09:33:24,209 [INFO] [OK] Brazil/GFS_ENSEMBLE_Soy_PRCP_DEP/cumulative dia 03 (2026-09-15 → 2026-09-18) 40699 bytes
2026-09-15 09:33:24,579 [INFO] [OK] Brazil/GFS_ENSEMBLE_Soy_PRCP_DEP/cumulative dia 04 (2026-09-15 → 2026-09-19) 44001 bytes
2026-09-15 09:33:25,088 [INFO] [OK] Brazil/GFS_ENSEMBLE_Soy_PRCP_DEP/cumulative dia 05 (2026-09-15 → 2026-09-20) 44913 bytes
2026-09-15 09:33:25,671 [INFO] [OK] Brazil/GFS_ENSEMBLE_Soy_PRCP_DEP/cumulative dia 06 (2026-09-15 → 2026-09-21) 46356 bytes
2026-09-15 09:33:25,856 [INFO] [OK] Brazil/GFS_ENSEMBLE_Soy_PRCP_DEP/cumulative dia 08 (2026-09-15 → 2026-09-23) 47219 bytes
2026-09-15 09:33:25,885 [INFO] [OK] Brazil/GFS_ENSEMBLE_Soy_PRCP_DEP/cumulative dia 07 (2026-09-15 → 2026-09-22) 46745 bytes
2026-09-15 09:33:26,267 [INFO] [OK] Brazil/GFS_ENSEMBLE_Soy_PRCP_DEP/cumulative dia 09 (2026-09-15 → 2026-09-24) 47974 bytes
2026-09-15 09:33:26,682 [INFO] [OK] Brazil/GFS_ENSEMBLE_Soy_PRCP_DEP/cumulative dia 10 (2026-09-15 → 2026-09-25) 49027 bytes
2026-09-15 09:33:27,282 [INFO] [OK] Brazil/GFS_ENSEMBLE_Soy_PRCP_DEP/cumulative dia 11 (2026-09-15 → 2026-09-26) 49281 bytes
2026-09-15 09:33:27,712 [INFO] [OK] Brazil/GFS_ENSEMBLE_Soy_PRCP/daily dia 00 (2026-09-15 → 2026-09-15) 29153 bytes
2026-09-15 09:33:28,021 [INFO] [OK] Brazil/GFS_ENSEMBLE_Soy_PRCP_DEP/cumulative dia 12 (2026-09-15 → 2026-09-27) 49303 bytes
2026-09-15 09:33:28,512 [INFO] [OK] Brazil/GFS_ENSEMBLE_Soy_PRCP/daily dia 01 (2026-09-16 → 2026-09-16) 28743 bytes
2026-09-15 09:33:28,604 [INFO] [OK] Brazil/GFS_ENSEMBLE_Soy_PRCP_DEP/cumulative dia 13 (2026-09-15 → 2026-09-28) 49819 bytes
2026-09-15 09:33:28,604 [INFO] [OK] Brazil/GFS_ENSEMBLE_Soy_PRCP_DEP/cumulative dia 14 (2026-09-15 → 2026-09-29) 50466 bytes
2026-09-15 09:33:28,742 [INFO] [OK] Brazil/GFS_ENSEMBLE_Soy_PRCP/daily dia 02 (2026-09-17 → 2026-09-17) 29291 bytes
2026-09-15 09:33:29,048 [INFO] [OK] Brazil/GFS_ENSEMBLE_Soy_PRCP/daily dia 03 (2026-09-18 → 2026-09-18) 30719 bytes
2026-09-15 09:33:29,432 [INFO] [OK] Brazil/GFS_ENSEMBLE_Soy_PRCP/daily dia 04 (2026-09-19 → 2026-09-19) 32203 bytes
2026-09-15 09:33:29,892 [INFO] [OK] Brazil/GFS_ENSEMBLE_Soy_PRCP/daily dia 06 (2026-09-21 → 2026-09-21) 30755 bytes
2026-09-15 09:33:30,093 [INFO] [OK] Brazil/GFS_ENSEMBLE_Soy_PRCP/daily dia 07 (2026-09-22 → 2026-09-22) 31945 bytes
2026-09-15 09:33:30,115 [INFO] [OK] Brazil/GFS_ENSEMBLE_Soy_PRCP/daily dia 05 (2026-09-20 → 2026-09-20) 30798 bytes
2026-09-15 09:33:30,119 [INFO] [OK] Brazil/GFS_ENSEMBLE_Soy_PRCP/daily dia 08 (2026-09-23 → 2026-09-23) 31033 bytes
2026-09-15 09:33:30,328 [INFO] [OK] Brazil/GFS_ENSEMBLE_Soy_PRCP/daily dia 09 (2026-09-24 → 2026-09-24) 30501 bytes
2026-09-15 09:33:31,104 [INFO] [OK] Brazil/GFS_ENSEMBLE_Soy_PRCP/daily dia 10 (2026-09-25 → 2026-09-25) 30697 bytes
2026-09-15 09:33:31,257 [INFO] [OK] Brazil/GFS_ENSEMBLE_Soy_PRCP/daily dia 11 (2026-09-26 → 2026-09-26) 30396 bytes
2026-09-15 09:33:31,442 [INFO] [OK] Brazil/GFS_ENSEMBLE_Soy_PRCP/daily dia 12 (2026-09-27 → 2026-09-27) 31318 bytes
2026-09-15 09:33:31,444 [INFO] [OK] Brazil/GFS_ENSEMBLE_Soy_PRCP/daily dia 14 (2026-09-29 → 2026-09-29) 32684 bytes
2026-09-15 09:33:31,490 [INFO] [OK] Brazil/GFS_ENSEMBLE_Soy_PRCP/daily dia 13 (2026-09-28 → 2026-09-28) 31849 bytes
2026-09-15 09:33:31,628 [INFO] [OK] Brazil/GFS_ENSEMBLE_Soy_PRCP/cumulative dia 00 (2026-09-15 → 2026-09-15) 29153 bytes
2026-09-15 09:33:32,485 [INFO] [OK] Brazil/GFS_ENSEMBLE_Soy_PRCP/cumulative dia 01 (2026-09-15 → 2026-09-16) 30064 bytes
2026-09-15 09:33:32,743 [INFO] [OK] Brazil/GFS_ENSEMBLE_Soy_PRCP/cumulative dia 02 (2026-09-15 → 2026-09-17) 31630 bytes
2026-09-15 09:33:32,971 [INFO] [OK] Brazil/GFS_ENSEMBLE_Soy_PRCP/cumulative dia 03 (2026-09-15 → 2026-09-18) 33530 bytes
2026-09-15 09:33:33,054 [INFO] [OK] Brazil/GFS_ENSEMBLE_Soy_PRCP/cumulative dia 04 (2026-09-15 → 2026-09-19) 36092 bytes
2026-09-15 09:33:33,239 [INFO] [OK] Brazil/GFS_ENSEMBLE_Soy_PRCP/cumulative dia 05 (2026-09-15 → 2026-09-20) 37488 bytes
2026-09-15 09:33:33,379 [INFO] [OK] Brazil/GFS_ENSEMBLE_Soy_PRCP/cumulative dia 06 (2026-09-15 → 2026-09-21) 38383 bytes
2026-09-15 09:33:34,317 [INFO] [OK] Brazil/GFS_ENSEMBLE_Soy_PRCP/cumulative dia 07 (2026-09-15 → 2026-09-22) 39332 bytes
2026-09-15 09:33:34,736 [INFO] [OK] Brazil/GFS_ENSEMBLE_Soy_PRCP/cumulative dia 08 (2026-09-15 → 2026-09-23) 39977 bytes
2026-09-15 09:33:34,982 [INFO] [OK] Brazil/GFS_ENSEMBLE_Soy_PRCP/cumulative dia 09 (2026-09-15 → 2026-09-24) 40567 bytes
2026-09-15 09:33:35,153 [INFO] [OK] Brazil/GFS_ENSEMBLE_Soy_PRCP/cumulative dia 10 (2026-09-15 → 2026-09-25) 41284 bytes
2026-09-15 09:33:35,434 [INFO] [OK] Brazil/GFS_ENSEMBLE_Soy_PRCP/cumulative dia 11 (2026-09-15 → 2026-09-26) 41669 bytes
2026-09-15 09:33:35,671 [INFO] [OK] Brazil/GFS_ENSEMBLE_Soy_PRCP/cumulative dia 12 (2026-09-15 → 2026-09-27) 42039 bytes
2026-09-15 09:33:36,325 [INFO] [OK] Brazil/GFS_ENSEMBLE_Corn_Winter_PRCP_DEP/daily dia 00 (2026-09-15 → 2026-09-15) 32983 bytes
2026-09-15 09:33:36,461 [INFO] [OK] Brazil/GFS_ENSEMBLE_Corn_Winter_PRCP_DEP/daily dia 01 (2026-09-16 → 2026-09-16) 32635 bytes
2026-09-15 09:33:36,627 [INFO] [OK] Brazil/GFS_ENSEMBLE_Soy_PRCP/cumulative dia 13 (2026-09-15 → 2026-09-28) 42811 bytes
2026-09-15 09:33:36,748 [INFO] [OK] Brazil/GFS_ENSEMBLE_Corn_Winter_PRCP_DEP/daily dia 02 (2026-09-17 → 2026-09-17) 35293 bytes
2026-09-15 09:33:37,132 [INFO] [OK] Brazil/GFS_ENSEMBLE_Soy_PRCP/cumulative dia 14 (2026-09-15 → 2026-09-29) 43219 bytes
2026-09-15 09:33:37,344 [INFO] [OK] Brazil/GFS_ENSEMBLE_Corn_Winter_PRCP_DEP/daily dia 03 (2026-09-18 → 2026-09-18) 41014 bytes
2026-09-15 09:33:37,642 [INFO] [OK] Brazil/GFS_ENSEMBLE_Corn_Winter_PRCP_DEP/daily dia 04 (2026-09-19 → 2026-09-19) 44404 bytes
2026-09-15 09:33:37,819 [INFO] [OK] Brazil/GFS_ENSEMBLE_Corn_Winter_PRCP_DEP/daily dia 05 (2026-09-20 → 2026-09-20) 43858 bytes
2026-09-15 09:33:38,022 [INFO] [OK] Brazil/GFS_ENSEMBLE_Corn_Winter_PRCP_DEP/daily dia 06 (2026-09-21 → 2026-09-21) 44049 bytes
2026-09-15 09:33:38,384 [INFO] [OK] Brazil/GFS_ENSEMBLE_Corn_Winter_PRCP_DEP/daily dia 07 (2026-09-22 → 2026-09-22) 44515 bytes
2026-09-15 09:33:38,521 [INFO] [OK] Brazil/GFS_ENSEMBLE_Corn_Winter_PRCP_DEP/daily dia 08 (2026-09-23 → 2026-09-23) 45921 bytes
2026-09-15 09:33:38,771 [INFO] [OK] Brazil/GFS_ENSEMBLE_Corn_Winter_PRCP_DEP/daily dia 09 (2026-09-24 → 2026-09-24) 45642 bytes
2026-09-15 09:33:39,029 [INFO] [OK] Brazil/GFS_ENSEMBLE_Corn_Winter_PRCP_DEP/daily dia 10 (2026-09-25 → 2026-09-25) 48509 bytes
2026-09-15 09:33:39,275 [INFO] [OK] Brazil/GFS_ENSEMBLE_Corn_Winter_PRCP_DEP/daily dia 11 (2026-09-26 → 2026-09-26) 49660 bytes
2026-09-15 09:33:39,381 [INFO] [OK] Brazil/GFS_ENSEMBLE_Corn_Winter_PRCP_DEP/daily dia 12 (2026-09-27 → 2026-09-27) 51692 bytes
2026-09-15 09:33:39,953 [INFO] [OK] Brazil/GFS_ENSEMBLE_Corn_Winter_PRCP_DEP/daily dia 14 (2026-09-29 → 2026-09-29) 53571 bytes
2026-09-15 09:33:39,954 [INFO] [OK] Brazil/GFS_ENSEMBLE_Corn_Winter_PRCP_DEP/daily dia 13 (2026-09-28 → 2026-09-28) 53079 bytes
2026-09-15 09:33:40,033 [INFO] [OK] Brazil/GFS_ENSEMBLE_Corn_Winter_PRCP_DEP/cumulative dia 00 (2026-09-15 → 2026-09-15) 32983 bytes
2026-09-15 09:33:40,428 [INFO] [OK] Brazil/GFS_ENSEMBLE_Corn_Winter_PRCP_DEP/cumulative dia 01 (2026-09-15 → 2026-09-16) 33801 bytes
2026-09-15 09:33:40,705 [INFO] [OK] Brazil/GFS_ENSEMBLE_Corn_Winter_PRCP_DEP/cumulative dia 02 (2026-09-15 → 2026-09-17) 35503 bytes
2026-09-15 09:33:40,980 [INFO] [OK] Brazil/GFS_ENSEMBLE_Corn_Winter_PRCP_DEP/cumulative dia 03 (2026-09-15 → 2026-09-18) 39261 bytes
2026-09-15 09:33:41,740 [INFO] [OK] Brazil/GFS_ENSEMBLE_Corn_Winter_PRCP_DEP/cumulative dia 05 (2026-09-15 → 2026-09-20) 43528 bytes
2026-09-15 09:33:41,798 [INFO] [OK] Brazil/GFS_ENSEMBLE_Corn_Winter_PRCP_DEP/cumulative dia 04 (2026-09-15 → 2026-09-19) 42651 bytes
2026-09-15 09:33:41,887 [INFO] [OK] Brazil/GFS_ENSEMBLE_Corn_Winter_PRCP_DEP/cumulative dia 06 (2026-09-15 → 2026-09-21) 44891 bytes
2026-09-15 09:33:42,317 [INFO] [OK] Brazil/GFS_ENSEMBLE_Corn_Winter_PRCP_DEP/cumulative dia 07 (2026-09-15 → 2026-09-22) 45030 bytes
2026-09-15 09:33:42,693 [INFO] [OK] Brazil/GFS_ENSEMBLE_Corn_Winter_PRCP_DEP/cumulative dia 08 (2026-09-15 → 2026-09-23) 45607 bytes
2026-09-15 09:33:43,050 [INFO] [OK] Brazil/GFS_ENSEMBLE_Corn_Winter_PRCP_DEP/cumulative dia 09 (2026-09-15 → 2026-09-24) 46435 bytes
2026-09-15 09:33:44,094 [INFO] [OK] Brazil/GFS_ENSEMBLE_Corn_Winter_PRCP_DEP/cumulative dia 10 (2026-09-15 → 2026-09-25) 47315 bytes
2026-09-15 09:33:44,289 [INFO] [OK] Brazil/GFS_ENSEMBLE_Corn_Winter_PRCP_DEP/cumulative dia 11 (2026-09-15 → 2026-09-26) 47676 bytes
2026-09-15 09:33:44,372 [INFO] [OK] Brazil/GFS_ENSEMBLE_Corn_Winter_PRCP_DEP/cumulative dia 12 (2026-09-15 → 2026-09-27) 47691 bytes
2026-09-15 09:33:44,435 [INFO] [OK] Brazil/GFS_ENSEMBLE_Corn_Winter_PRCP/daily dia 00 (2026-09-15 → 2026-09-15) 27512 bytes
2026-09-15 09:33:44,885 [INFO] [OK] Brazil/GFS_ENSEMBLE_Corn_Winter_PRCP_DEP/cumulative dia 13 (2026-09-15 → 2026-09-28) 48192 bytes
2026-09-15 09:33:45,179 [INFO] [OK] Brazil/GFS_ENSEMBLE_Corn_Winter_PRCP_DEP/cumulative dia 14 (2026-09-15 → 2026-09-29) 48782 bytes
2026-09-15 09:33:45,622 [INFO] [OK] Brazil/GFS_ENSEMBLE_Corn_Winter_PRCP/daily dia 01 (2026-09-16 → 2026-09-16) 27200 bytes
2026-09-15 09:33:45,723 [INFO] [OK] Brazil/GFS_ENSEMBLE_Corn_Winter_PRCP/daily dia 02 (2026-09-17 → 2026-09-17) 27774 bytes
2026-09-15 09:33:45,840 [INFO] [OK] Brazil/GFS_ENSEMBLE_Corn_Winter_PRCP/daily dia 04 (2026-09-19 → 2026-09-19) 30800 bytes
2026-09-15 09:33:46,108 [INFO] [OK] Brazil/GFS_ENSEMBLE_Corn_Winter_PRCP/daily dia 03 (2026-09-18 → 2026-09-18) 29221 bytes
2026-09-15 09:33:46,287 [INFO] [OK] Brazil/GFS_ENSEMBLE_Corn_Winter_PRCP/daily dia 05 (2026-09-20 → 2026-09-20) 29156 bytes
2026-09-15 09:33:46,660 [INFO] [OK] Brazil/GFS_ENSEMBLE_Corn_Winter_PRCP/daily dia 06 (2026-09-21 → 2026-09-21) 29169 bytes
2026-09-15 09:33:47,354 [INFO] [OK] Brazil/GFS_ENSEMBLE_Corn_Winter_PRCP/daily dia 07 (2026-09-22 → 2026-09-22) 30454 bytes
2026-09-15 09:33:47,389 [INFO] [OK] Brazil/GFS_ENSEMBLE_Corn_Winter_PRCP/daily dia 09 (2026-09-24 → 2026-09-24) 28736 bytes
2026-09-15 09:33:47,421 [INFO] [OK] Brazil/GFS_ENSEMBLE_Corn_Winter_PRCP/daily dia 08 (2026-09-23 → 2026-09-23) 29663 bytes
2026-09-15 09:33:47,524 [INFO] [OK] Brazil/GFS_ENSEMBLE_Corn_Winter_PRCP/daily dia 10 (2026-09-25 → 2026-09-25) 29226 bytes
2026-09-15 09:33:47,728 [INFO] [OK] Brazil/GFS_ENSEMBLE_Corn_Winter_PRCP/daily dia 11 (2026-09-26 → 2026-09-26) 29041 bytes
2026-09-15 09:33:48,045 [INFO] [OK] Brazil/GFS_ENSEMBLE_Corn_Winter_PRCP/daily dia 12 (2026-09-27 → 2026-09-27) 29861 bytes
2026-09-15 09:33:48,927 [INFO] [OK] Brazil/GFS_ENSEMBLE_Corn_Winter_PRCP/daily dia 14 (2026-09-29 → 2026-09-29) 31390 bytes
2026-09-15 09:33:49,140 [INFO] [OK] Brazil/GFS_ENSEMBLE_Corn_Winter_PRCP/daily dia 13 (2026-09-28 → 2026-09-28) 30522 bytes
2026-09-15 09:33:49,462 [INFO] [OK] Brazil/GFS_ENSEMBLE_Corn_Winter_PRCP/cumulative dia 02 (2026-09-15 → 2026-09-17) 29997 bytes
2026-09-15 09:33:49,535 [INFO] [OK] Brazil/GFS_ENSEMBLE_Corn_Winter_PRCP/cumulative dia 00 (2026-09-15 → 2026-09-15) 27512 bytes
2026-09-15 09:33:49,902 [INFO] [OK] Brazil/GFS_ENSEMBLE_Corn_Winter_PRCP/cumulative dia 01 (2026-09-15 → 2026-09-16) 28495 bytes
2026-09-15 09:33:50,213 [INFO] [OK] Brazil/GFS_ENSEMBLE_Corn_Winter_PRCP/cumulative dia 03 (2026-09-15 → 2026-09-18) 31952 bytes
2026-09-15 09:33:50,989 [INFO] [OK] Brazil/GFS_ENSEMBLE_Corn_Winter_PRCP/cumulative dia 04 (2026-09-15 → 2026-09-19) 34560 bytes
2026-09-15 09:33:51,689 [INFO] [OK] Brazil/GFS_ENSEMBLE_Corn_Winter_PRCP/cumulative dia 06 (2026-09-15 → 2026-09-21) 36807 bytes
2026-09-15 09:33:51,836 [INFO] [OK] Brazil/GFS_ENSEMBLE_Corn_Winter_PRCP/cumulative dia 05 (2026-09-15 → 2026-09-20) 35891 bytes
2026-09-15 09:33:52,116 [INFO] [OK] Brazil/GFS_ENSEMBLE_Corn_Winter_PRCP/cumulative dia 07 (2026-09-15 → 2026-09-22) 37604 bytes
2026-09-15 09:33:52,338 [INFO] [OK] Brazil/GFS_ENSEMBLE_Corn_Winter_PRCP/cumulative dia 08 (2026-09-15 → 2026-09-23) 38332 bytes
2026-09-15 09:33:52,634 [INFO] [OK] Brazil/GFS_ENSEMBLE_Corn_Winter_PRCP/cumulative dia 09 (2026-09-15 → 2026-09-24) 39030 bytes
2026-09-15 09:33:53,229 [INFO] [OK] Brazil/GFS_ENSEMBLE_Corn_Winter_PRCP/cumulative dia 10 (2026-09-15 → 2026-09-25) 39776 bytes
2026-09-15 09:33:54,198 [INFO] [OK] Brazil/GFS_ENSEMBLE_Corn_Winter_PRCP/cumulative dia 11 (2026-09-15 → 2026-09-26) 40183 bytes
2026-09-15 09:33:54,223 [INFO] [OK] Brazil/ECM_ENSEMBLE_Soy_PRCP_DEP/daily dia 00 (2026-09-15 → 2026-09-15) 41059 bytes
2026-09-15 09:33:54,573 [INFO] [OK] Brazil/GFS_ENSEMBLE_Corn_Winter_PRCP/cumulative dia 12 (2026-09-15 → 2026-09-27) 40511 bytes
2026-09-15 09:33:54,996 [INFO] [OK] Brazil/ECM_ENSEMBLE_Soy_PRCP_DEP/daily dia 01 (2026-09-16 → 2026-09-16) 41192 bytes
2026-09-15 09:33:55,108 [INFO] [OK] Brazil/GFS_ENSEMBLE_Corn_Winter_PRCP/cumulative dia 13 (2026-09-15 → 2026-09-28) 41198 bytes
2026-09-15 09:33:55,597 [INFO] [OK] Brazil/GFS_ENSEMBLE_Corn_Winter_PRCP/cumulative dia 14 (2026-09-15 → 2026-09-29) 41522 bytes
2026-09-15 09:33:56,002 [INFO] [OK] Brazil/ECM_ENSEMBLE_Soy_PRCP_DEP/daily dia 03 (2026-09-18 → 2026-09-18) 49069 bytes
2026-09-15 09:33:56,051 [INFO] [OK] Brazil/ECM_ENSEMBLE_Soy_PRCP_DEP/daily dia 02 (2026-09-17 → 2026-09-17) 44072 bytes
2026-09-15 09:33:56,112 [INFO] [OK] Brazil/ECM_ENSEMBLE_Soy_PRCP_DEP/daily dia 04 (2026-09-19 → 2026-09-19) 49767 bytes
2026-09-15 09:33:56,504 [INFO] [OK] Brazil/ECM_ENSEMBLE_Soy_PRCP_DEP/daily dia 05 (2026-09-20 → 2026-09-20) 47339 bytes
2026-09-15 09:33:56,624 [INFO] [OK] Brazil/ECM_ENSEMBLE_Soy_PRCP_DEP/daily dia 06 (2026-09-21 → 2026-09-21) 47397 bytes
2026-09-15 09:33:56,926 [INFO] [OK] Brazil/ECM_ENSEMBLE_Soy_PRCP_DEP/daily dia 07 (2026-09-22 → 2026-09-22) 46441 bytes
2026-09-15 09:33:57,463 [INFO] [OK] Brazil/ECM_ENSEMBLE_Soy_PRCP_DEP/daily dia 10 (2026-09-25 → 2026-09-25) 52239 bytes
2026-09-15 09:33:57,466 [INFO] [OK] Brazil/ECM_ENSEMBLE_Soy_PRCP_DEP/daily dia 08 (2026-09-23 → 2026-09-23) 47272 bytes
2026-09-15 09:33:57,527 [INFO] [OK] Brazil/ECM_ENSEMBLE_Soy_PRCP_DEP/daily dia 09 (2026-09-24 → 2026-09-24) 49534 bytes
2026-09-15 09:33:58,271 [INFO] [OK] Brazil/ECM_ENSEMBLE_Soy_PRCP_DEP/daily dia 12 (2026-09-27 → 2026-09-27) 54384 bytes
2026-09-15 09:33:58,435 [INFO] [OK] Brazil/ECM_ENSEMBLE_Soy_PRCP_DEP/daily dia 11 (2026-09-26 → 2026-09-26) 54621 bytes
2026-09-15 09:33:58,565 [INFO] [OK] Brazil/ECM_ENSEMBLE_Soy_PRCP_DEP/daily dia 13 (2026-09-28 → 2026-09-28) 52464 bytes
2026-09-15 09:33:58,987 [INFO] [OK] Brazil/ECM_ENSEMBLE_Soy_PRCP_DEP/cumulative dia 00 (2026-09-15 → 2026-09-15) 41059 bytes
2026-09-15 09:33:59,009 [INFO] [OK] Brazil/ECM_ENSEMBLE_Soy_PRCP_DEP/daily dia 14 (2026-09-29 → 2026-09-29) 52728 bytes
2026-09-15 09:33:59,085 [INFO] [OK] Brazil/ECM_ENSEMBLE_Soy_PRCP_DEP/cumulative dia 01 (2026-09-15 → 2026-09-16) 41939 bytes
2026-09-15 09:33:59,902 [INFO] [OK] Brazil/ECM_ENSEMBLE_Soy_PRCP_DEP/cumulative dia 02 (2026-09-15 → 2026-09-17) 43900 bytes
2026-09-15 09:34:00,499 [INFO] [OK] Brazil/ECM_ENSEMBLE_Soy_PRCP_DEP/cumulative dia 03 (2026-09-15 → 2026-09-18) 48302 bytes
2026-09-15 09:34:00,566 [INFO] [OK] Brazil/ECM_ENSEMBLE_Soy_PRCP_DEP/cumulative dia 04 (2026-09-15 → 2026-09-19) 50778 bytes
2026-09-15 09:34:01,258 [INFO] [OK] Brazil/ECM_ENSEMBLE_Soy_PRCP_DEP/cumulative dia 06 (2026-09-15 → 2026-09-21) 52218 bytes
2026-09-15 09:34:01,292 [INFO] [OK] Brazil/ECM_ENSEMBLE_Soy_PRCP_DEP/cumulative dia 05 (2026-09-15 → 2026-09-20) 51872 bytes
2026-09-15 09:34:01,435 [INFO] [OK] Brazil/ECM_ENSEMBLE_Soy_PRCP_DEP/cumulative dia 07 (2026-09-15 → 2026-09-22) 51625 bytes
2026-09-15 09:34:02,115 [INFO] [OK] Brazil/ECM_ENSEMBLE_Soy_PRCP_DEP/cumulative dia 08 (2026-09-15 → 2026-09-23) 51393 bytes
2026-09-15 09:34:02,940 [INFO] [OK] Brazil/ECM_ENSEMBLE_Soy_PRCP_DEP/cumulative dia 09 (2026-09-15 → 2026-09-24) 51610 bytes
2026-09-15 09:34:03,062 [INFO] [OK] Brazil/ECM_ENSEMBLE_Soy_PRCP_DEP/cumulative dia 10 (2026-09-15 → 2026-09-25) 52271 bytes
2026-09-15 09:34:03,885 [INFO] [OK] Brazil/ECM_ENSEMBLE_Soy_PRCP_DEP/cumulative dia 11 (2026-09-15 → 2026-09-26) 52229 bytes
2026-09-15 09:34:04,190 [INFO] [OK] Brazil/ECM_ENSEMBLE_Soy_PRCP_DEP/cumulative dia 13 (2026-09-15 → 2026-09-28) 52803 bytes
2026-09-15 09:34:04,201 [INFO] [OK] Brazil/ECM_ENSEMBLE_Soy_PRCP_DEP/cumulative dia 12 (2026-09-15 → 2026-09-27) 52193 bytes
2026-09-15 09:34:04,311 [INFO] [OK] Brazil/ECM_ENSEMBLE_Soy_PRCP/daily dia 00 (2026-09-15 → 2026-09-15) 29923 bytes
2026-09-15 09:34:04,423 [INFO] [OK] Brazil/ECM_ENSEMBLE_Soy_PRCP/daily dia 01 (2026-09-16 → 2026-09-16) 29580 bytes
2026-09-15 09:34:04,831 [INFO] [OK] Brazil/ECM_ENSEMBLE_Soy_PRCP_DEP/cumulative dia 14 (2026-09-15 → 2026-09-29) 52803 bytes
2026-09-15 09:34:05,208 [INFO] [OK] Brazil/ECM_ENSEMBLE_Soy_PRCP/daily dia 02 (2026-09-17 → 2026-09-17) 30146 bytes
2026-09-15 09:34:05,567 [INFO] [OK] Brazil/ECM_ENSEMBLE_Soy_PRCP/daily dia 04 (2026-09-19 → 2026-09-19) 34095 bytes
2026-09-15 09:34:05,608 [INFO] [OK] Brazil/ECM_ENSEMBLE_Soy_PRCP/daily dia 03 (2026-09-18 → 2026-09-18) 32399 bytes
2026-09-15 09:34:05,712 [INFO] [OK] Brazil/ECM_ENSEMBLE_Soy_PRCP/daily dia 05 (2026-09-20 → 2026-09-20) 31823 bytes
2026-09-15 09:34:05,822 [INFO] [OK] Brazil/ECM_ENSEMBLE_Soy_PRCP/daily dia 06 (2026-09-21 → 2026-09-21) 32224 bytes
2026-09-15 09:34:06,236 [INFO] [OK] Brazil/ECM_ENSEMBLE_Soy_PRCP/daily dia 07 (2026-09-22 → 2026-09-22) 33005 bytes
2026-09-15 09:34:06,604 [INFO] [OK] Brazil/ECM_ENSEMBLE_Soy_PRCP/daily dia 08 (2026-09-23 → 2026-09-23) 31422 bytes
2026-09-15 09:34:06,976 [INFO] [OK] Brazil/ECM_ENSEMBLE_Soy_PRCP/daily dia 10 (2026-09-25 → 2026-09-25) 31291 bytes
2026-09-15 09:34:07,245 [INFO] [OK] Brazil/ECM_ENSEMBLE_Soy_PRCP/daily dia 11 (2026-09-26 → 2026-09-26) 31692 bytes
2026-09-15 09:34:07,288 [INFO] [OK] Brazil/ECM_ENSEMBLE_Soy_PRCP/daily dia 09 (2026-09-24 → 2026-09-24) 30906 bytes
2026-09-15 09:34:07,416 [INFO] [OK] Brazil/ECM_ENSEMBLE_Soy_PRCP/daily dia 12 (2026-09-27 → 2026-09-27) 31719 bytes
2026-09-15 09:34:07,625 [INFO] [OK] Brazil/ECM_ENSEMBLE_Soy_PRCP/daily dia 13 (2026-09-28 → 2026-09-28) 31694 bytes
2026-09-15 09:34:07,944 [INFO] [OK] Brazil/ECM_ENSEMBLE_Soy_PRCP/daily dia 14 (2026-09-29 → 2026-09-29) 31677 bytes
2026-09-15 09:34:08,334 [INFO] [OK] Brazil/ECM_ENSEMBLE_Soy_PRCP/cumulative dia 00 (2026-09-15 → 2026-09-15) 29923 bytes
2026-09-15 09:34:08,734 [INFO] [OK] Brazil/ECM_ENSEMBLE_Soy_PRCP/cumulative dia 01 (2026-09-15 → 2026-09-16) 31529 bytes
2026-09-15 09:34:08,901 [INFO] [OK] Brazil/ECM_ENSEMBLE_Soy_PRCP/cumulative dia 02 (2026-09-15 → 2026-09-17) 32843 bytes
2026-09-15 09:34:09,143 [INFO] [OK] Brazil/ECM_ENSEMBLE_Soy_PRCP/cumulative dia 03 (2026-09-15 → 2026-09-18) 36231 bytes
2026-09-15 09:34:09,445 [INFO] [OK] Brazil/ECM_ENSEMBLE_Soy_PRCP/cumulative dia 04 (2026-09-15 → 2026-09-19) 39047 bytes
2026-09-15 09:34:09,838 [INFO] [OK] Brazil/ECM_ENSEMBLE_Soy_PRCP/cumulative dia 05 (2026-09-15 → 2026-09-20) 40265 bytes
2026-09-15 09:34:10,239 [INFO] [OK] Brazil/ECM_ENSEMBLE_Soy_PRCP/cumulative dia 06 (2026-09-15 → 2026-09-21) 41191 bytes
2026-09-15 09:34:10,775 [INFO] [OK] Brazil/ECM_ENSEMBLE_Soy_PRCP/cumulative dia 07 (2026-09-15 → 2026-09-22) 42051 bytes
2026-09-15 09:34:11,266 [INFO] [OK] Brazil/ECM_ENSEMBLE_Soy_PRCP/cumulative dia 08 (2026-09-15 → 2026-09-23) 42579 bytes
2026-09-15 09:34:11,631 [INFO] [OK] Brazil/ECM_ENSEMBLE_Soy_PRCP/cumulative dia 09 (2026-09-15 → 2026-09-24) 42779 bytes
2026-09-15 09:34:11,852 [INFO] [OK] Brazil/ECM_ENSEMBLE_Soy_PRCP/cumulative dia 10 (2026-09-15 → 2026-09-25) 43619 bytes
2026-09-15 09:34:12,418 [INFO] [OK] Brazil/ECM_ENSEMBLE_Soy_PRCP/cumulative dia 11 (2026-09-15 → 2026-09-26) 43822 bytes
2026-09-15 09:34:12,956 [INFO] [OK] Brazil/ECM_ENSEMBLE_Soy_PRCP/cumulative dia 12 (2026-09-15 → 2026-09-27) 43775 bytes
2026-09-15 09:34:13,156 [INFO] [OK] Brazil/ECM_ENSEMBLE_Corn_Winter_PRCP_DEP/daily dia 00 (2026-09-15 → 2026-09-15) 39597 bytes
2026-09-15 09:34:13,379 [INFO] [OK] Brazil/ECM_ENSEMBLE_Corn_Winter_PRCP_DEP/daily dia 01 (2026-09-16 → 2026-09-16) 39501 bytes
2026-09-15 09:34:13,476 [INFO] [OK] Brazil/ECM_ENSEMBLE_Soy_PRCP/cumulative dia 13 (2026-09-15 → 2026-09-28) 44528 bytes
2026-09-15 09:34:13,782 [INFO] [OK] Brazil/ECM_ENSEMBLE_Corn_Winter_PRCP_DEP/daily dia 02 (2026-09-17 → 2026-09-17) 42708 bytes
2026-09-15 09:34:14,080 [INFO] [OK] Brazil/ECM_ENSEMBLE_Soy_PRCP/cumulative dia 14 (2026-09-15 → 2026-09-29) 45007 bytes
2026-09-15 09:34:14,344 [INFO] [OK] Brazil/ECM_ENSEMBLE_Corn_Winter_PRCP_DEP/daily dia 03 (2026-09-18 → 2026-09-18) 47732 bytes
2026-09-15 09:34:14,579 [INFO] [OK] Brazil/ECM_ENSEMBLE_Corn_Winter_PRCP_DEP/daily dia 04 (2026-09-19 → 2026-09-19) 48788 bytes
2026-09-15 09:34:14,844 [INFO] [OK] Brazil/ECM_ENSEMBLE_Corn_Winter_PRCP_DEP/daily dia 05 (2026-09-20 → 2026-09-20) 45848 bytes
2026-09-15 09:34:14,900 [INFO] [OK] Brazil/ECM_ENSEMBLE_Corn_Winter_PRCP_DEP/daily dia 06 (2026-09-21 → 2026-09-21) 46232 bytes
2026-09-15 09:34:15,309 [INFO] [OK] Brazil/ECM_ENSEMBLE_Corn_Winter_PRCP_DEP/daily dia 07 (2026-09-22 → 2026-09-22) 45173 bytes
2026-09-15 09:34:15,530 [INFO] [OK] Brazil/ECM_ENSEMBLE_Corn_Winter_PRCP_DEP/daily dia 08 (2026-09-23 → 2026-09-23) 45996 bytes
2026-09-15 09:34:15,793 [INFO] [OK] Brazil/ECM_ENSEMBLE_Corn_Winter_PRCP_DEP/daily dia 09 (2026-09-24 → 2026-09-24) 47645 bytes
2026-09-15 09:34:15,966 [INFO] [OK] Brazil/ECM_ENSEMBLE_Corn_Winter_PRCP_DEP/daily dia 10 (2026-09-25 → 2026-09-25) 50351 bytes
2026-09-15 09:34:16,300 [INFO] [OK] Brazil/ECM_ENSEMBLE_Corn_Winter_PRCP_DEP/daily dia 11 (2026-09-26 → 2026-09-26) 53262 bytes
2026-09-15 09:34:16,391 [INFO] [OK] Brazil/ECM_ENSEMBLE_Corn_Winter_PRCP_DEP/daily dia 12 (2026-09-27 → 2026-09-27) 52875 bytes
2026-09-15 09:34:16,808 [INFO] [OK] Brazil/ECM_ENSEMBLE_Corn_Winter_PRCP_DEP/daily dia 13 (2026-09-28 → 2026-09-28) 51259 bytes
2026-09-15 09:34:16,948 [INFO] [OK] Brazil/ECM_ENSEMBLE_Corn_Winter_PRCP_DEP/daily dia 14 (2026-09-29 → 2026-09-29) 51462 bytes
2026-09-15 09:34:17,205 [INFO] [OK] Brazil/ECM_ENSEMBLE_Corn_Winter_PRCP_DEP/cumulative dia 00 (2026-09-15 → 2026-09-15) 39597 bytes
2026-09-15 09:34:17,464 [INFO] [OK] Brazil/ECM_ENSEMBLE_Corn_Winter_PRCP_DEP/cumulative dia 01 (2026-09-15 → 2026-09-16) 40564 bytes
2026-09-15 09:34:17,896 [INFO] [OK] Brazil/ECM_ENSEMBLE_Corn_Winter_PRCP_DEP/cumulative dia 02 (2026-09-15 → 2026-09-17) 42330 bytes
2026-09-15 09:34:18,098 [INFO] [OK] Brazil/ECM_ENSEMBLE_Corn_Winter_PRCP_DEP/cumulative dia 03 (2026-09-15 → 2026-09-18) 47085 bytes
2026-09-15 09:34:18,776 [INFO] [OK] Brazil/ECM_ENSEMBLE_Corn_Winter_PRCP_DEP/cumulative dia 04 (2026-09-15 → 2026-09-19) 49691 bytes
2026-09-15 09:34:19,100 [INFO] [OK] Brazil/ECM_ENSEMBLE_Corn_Winter_PRCP_DEP/cumulative dia 05 (2026-09-15 → 2026-09-20) 50794 bytes
2026-09-15 09:34:19,685 [INFO] [OK] Brazil/ECM_ENSEMBLE_Corn_Winter_PRCP_DEP/cumulative dia 06 (2026-09-15 → 2026-09-21) 51124 bytes
2026-09-15 09:34:19,901 [INFO] [OK] Brazil/ECM_ENSEMBLE_Corn_Winter_PRCP_DEP/cumulative dia 07 (2026-09-15 → 2026-09-22) 50462 bytes
2026-09-15 09:34:20,354 [INFO] [OK] Brazil/ECM_ENSEMBLE_Corn_Winter_PRCP_DEP/cumulative dia 08 (2026-09-15 → 2026-09-23) 50316 bytes
2026-09-15 09:34:20,590 [INFO] [OK] Brazil/ECM_ENSEMBLE_Corn_Winter_PRCP_DEP/cumulative dia 09 (2026-09-15 → 2026-09-24) 50330 bytes
2026-09-15 09:34:21,524 [INFO] [OK] Brazil/ECM_ENSEMBLE_Corn_Winter_PRCP_DEP/cumulative dia 10 (2026-09-15 → 2026-09-25) 50912 bytes
2026-09-15 09:34:22,029 [INFO] [OK] Brazil/ECM_ENSEMBLE_Corn_Winter_PRCP/daily dia 00 (2026-09-15 → 2026-09-15) 28503 bytes
2026-09-15 09:34:22,089 [INFO] [OK] Brazil/ECM_ENSEMBLE_Corn_Winter_PRCP_DEP/cumulative dia 11 (2026-09-15 → 2026-09-26) 50836 bytes
2026-09-15 09:34:22,616 [INFO] [OK] Brazil/ECM_ENSEMBLE_Corn_Winter_PRCP_DEP/cumulative dia 12 (2026-09-15 → 2026-09-27) 50809 bytes
2026-09-15 09:34:22,956 [INFO] [OK] Brazil/ECM_ENSEMBLE_Corn_Winter_PRCP_DEP/cumulative dia 13 (2026-09-15 → 2026-09-28) 51454 bytes
2026-09-15 09:34:22,988 [INFO] [OK] Brazil/ECM_ENSEMBLE_Corn_Winter_PRCP/daily dia 01 (2026-09-16 → 2026-09-16) 28144 bytes
2026-09-15 09:34:23,245 [INFO] [OK] Brazil/ECM_ENSEMBLE_Corn_Winter_PRCP_DEP/cumulative dia 14 (2026-09-15 → 2026-09-29) 51546 bytes
2026-09-15 09:34:23,531 [INFO] [OK] Brazil/ECM_ENSEMBLE_Corn_Winter_PRCP/daily dia 02 (2026-09-17 → 2026-09-17) 28763 bytes
2026-09-15 09:34:23,744 [INFO] [OK] Brazil/ECM_ENSEMBLE_Corn_Winter_PRCP/daily dia 03 (2026-09-18 → 2026-09-18) 30893 bytes
2026-09-15 09:34:24,151 [INFO] [OK] Brazil/ECM_ENSEMBLE_Corn_Winter_PRCP/daily dia 04 (2026-09-19 → 2026-09-19) 32685 bytes
2026-09-15 09:34:24,454 [INFO] [OK] Brazil/ECM_ENSEMBLE_Corn_Winter_PRCP/daily dia 05 (2026-09-20 → 2026-09-20) 30259 bytes
2026-09-15 09:34:24,510 [INFO] [OK] Brazil/ECM_ENSEMBLE_Corn_Winter_PRCP/daily dia 06 (2026-09-21 → 2026-09-21) 30787 bytes
2026-09-15 09:34:24,884 [INFO] [OK] Brazil/ECM_ENSEMBLE_Corn_Winter_PRCP/daily dia 07 (2026-09-22 → 2026-09-22) 31456 bytes
2026-09-15 09:34:25,203 [INFO] [OK] Brazil/ECM_ENSEMBLE_Corn_Winter_PRCP/daily dia 08 (2026-09-23 → 2026-09-23) 30086 bytes
2026-09-15 09:34:25,294 [INFO] [OK] Brazil/ECM_ENSEMBLE_Corn_Winter_PRCP/daily dia 09 (2026-09-24 → 2026-09-24) 29590 bytes
2026-09-15 09:34:25,593 [INFO] [OK] Brazil/ECM_ENSEMBLE_Corn_Winter_PRCP/daily dia 10 (2026-09-25 → 2026-09-25) 29936 bytes
2026-09-15 09:34:25,981 [INFO] [OK] Brazil/ECM_ENSEMBLE_Corn_Winter_PRCP/daily dia 11 (2026-09-26 → 2026-09-26) 30414 bytes
2026-09-15 09:34:26,020 [INFO] [OK] Brazil/ECM_ENSEMBLE_Corn_Winter_PRCP/daily dia 12 (2026-09-27 → 2026-09-27) 30233 bytes
2026-09-15 09:34:26,401 [INFO] [OK] Brazil/ECM_ENSEMBLE_Corn_Winter_PRCP/daily dia 13 (2026-09-28 → 2026-09-28) 30277 bytes
2026-09-15 09:34:26,633 [INFO] [OK] Brazil/ECM_ENSEMBLE_Corn_Winter_PRCP/daily dia 14 (2026-09-29 → 2026-09-29) 30184 bytes
2026-09-15 09:34:26,771 [INFO] [OK] Brazil/ECM_ENSEMBLE_Corn_Winter_PRCP/cumulative dia 00 (2026-09-15 → 2026-09-15) 28503 bytes
2026-09-15 09:34:27,133 [INFO] [OK] Brazil/ECM_ENSEMBLE_Corn_Winter_PRCP/cumulative dia 01 (2026-09-15 → 2026-09-16) 30124 bytes
2026-09-15 09:34:27,905 [INFO] [OK] Brazil/ECM_ENSEMBLE_Corn_Winter_PRCP/cumulative dia 02 (2026-09-15 → 2026-09-17) 31464 bytes
2026-09-15 09:34:28,645 [INFO] [OK] Brazil/ECM_ENSEMBLE_Corn_Winter_PRCP/cumulative dia 03 (2026-09-15 → 2026-09-18) 34721 bytes
2026-09-15 09:34:28,926 [INFO] [OK] Brazil/ECM_ENSEMBLE_Corn_Winter_PRCP/cumulative dia 04 (2026-09-15 → 2026-09-19) 37569 bytes
2026-09-15 09:34:29,103 [INFO] [OK] Brazil/ECM_ENSEMBLE_Corn_Winter_PRCP/cumulative dia 05 (2026-09-15 → 2026-09-20) 38939 bytes
2026-09-15 09:34:29,438 [INFO] [OK] Brazil/ECM_ENSEMBLE_Corn_Winter_PRCP/cumulative dia 06 (2026-09-15 → 2026-09-21) 39857 bytes
2026-09-15 09:34:29,769 [INFO] [OK] Brazil/ECM_ENSEMBLE_Corn_Winter_PRCP/cumulative dia 07 (2026-09-15 → 2026-09-22) 40438 bytes
2026-09-15 09:34:30,953 [INFO] [OK] Brazil/ECM_ENSEMBLE_Corn_Winter_PRCP/cumulative dia 08 (2026-09-15 → 2026-09-23) 40923 bytes
2026-09-15 09:34:31,830 [INFO] [OK] Brazil/ECM_ENSEMBLE_Corn_Winter_PRCP/cumulative dia 09 (2026-09-15 → 2026-09-24) 41310 bytes
2026-09-15 09:34:32,312 [INFO] [OK] Brazil/ECM_ENSEMBLE_Corn_Winter_PRCP/cumulative dia 10 (2026-09-15 → 2026-09-25) 42109 bytes
2026-09-15 09:34:32,405 [INFO] [OK] Brazil/ECM_ENSEMBLE_Corn_Winter_PRCP/cumulative dia 11 (2026-09-15 → 2026-09-26) 42226 bytes
2026-09-15 09:34:32,676 [INFO] [OK] Brazil/ECM_ENSEMBLE_Corn_Winter_PRCP/cumulative dia 12 (2026-09-15 → 2026-09-27) 42306 bytes
2026-09-15 09:34:33,003 [INFO] [OK] Argentina/GFS_ENSEMBLE_Soy_PRCP_DEP/daily dia 00 (2026-09-15 → 2026-09-15) 29398 bytes
2026-09-15 09:34:33,231 [INFO] [OK] Brazil/ECM_ENSEMBLE_Corn_Winter_PRCP/cumulative dia 13 (2026-09-15 → 2026-09-28) 42954 bytes
2026-09-15 09:34:33,524 [INFO] [OK] Argentina/GFS_ENSEMBLE_Soy_PRCP_DEP/daily dia 01 (2026-09-16 → 2026-09-16) 28999 bytes
2026-09-15 09:34:33,536 [INFO] [OK] Argentina/GFS_ENSEMBLE_Soy_PRCP_DEP/daily dia 02 (2026-09-17 → 2026-09-17) 30924 bytes
2026-09-15 09:34:33,882 [INFO] [OK] Argentina/GFS_ENSEMBLE_Soy_PRCP_DEP/daily dia 03 (2026-09-18 → 2026-09-18) 36961 bytes
2026-09-15 09:34:34,359 [INFO] [OK] Argentina/GFS_ENSEMBLE_Soy_PRCP_DEP/daily dia 04 (2026-09-19 → 2026-09-19) 41767 bytes
2026-09-15 09:34:34,426 [INFO] [OK] Argentina/GFS_ENSEMBLE_Soy_PRCP_DEP/daily dia 05 (2026-09-20 → 2026-09-20) 40701 bytes
2026-09-15 09:34:34,677 [INFO] [OK] Brazil/ECM_ENSEMBLE_Corn_Winter_PRCP/cumulative dia 14 (2026-09-15 → 2026-09-29) 43303 bytes
2026-09-15 09:34:34,742 [INFO] [OK] Argentina/GFS_ENSEMBLE_Soy_PRCP_DEP/daily dia 06 (2026-09-21 → 2026-09-21) 42443 bytes
2026-09-15 09:34:34,781 [INFO] [OK] Argentina/GFS_ENSEMBLE_Soy_PRCP_DEP/daily dia 07 (2026-09-22 → 2026-09-22) 41238 bytes
2026-09-15 09:34:34,995 [INFO] [OK] Argentina/GFS_ENSEMBLE_Soy_PRCP_DEP/daily dia 08 (2026-09-23 → 2026-09-23) 40972 bytes
2026-09-15 09:34:35,472 [INFO] [OK] Argentina/GFS_ENSEMBLE_Soy_PRCP_DEP/daily dia 09 (2026-09-24 → 2026-09-24) 37881 bytes
2026-09-15 09:34:35,556 [INFO] [OK] Argentina/GFS_ENSEMBLE_Soy_PRCP_DEP/daily dia 10 (2026-09-25 → 2026-09-25) 41723 bytes
2026-09-15 09:34:35,829 [INFO] [OK] Argentina/GFS_ENSEMBLE_Soy_PRCP_DEP/daily dia 12 (2026-09-27 → 2026-09-27) 43766 bytes
2026-09-15 09:34:35,939 [INFO] [OK] Argentina/GFS_ENSEMBLE_Soy_PRCP_DEP/daily dia 11 (2026-09-26 → 2026-09-26) 42943 bytes
2026-09-15 09:34:36,034 [INFO] [OK] Argentina/GFS_ENSEMBLE_Soy_PRCP_DEP/daily dia 13 (2026-09-28 → 2026-09-28) 45176 bytes
2026-09-15 09:34:36,174 [INFO] [OK] Argentina/GFS_ENSEMBLE_Soy_PRCP_DEP/daily dia 14 (2026-09-29 → 2026-09-29) 45890 bytes
2026-09-15 09:34:36,575 [INFO] [OK] Argentina/GFS_ENSEMBLE_Soy_PRCP_DEP/cumulative dia 00 (2026-09-15 → 2026-09-15) 29398 bytes
2026-09-15 09:34:36,744 [INFO] [OK] Argentina/GFS_ENSEMBLE_Soy_PRCP_DEP/cumulative dia 01 (2026-09-15 → 2026-09-16) 30440 bytes
2026-09-15 09:34:37,156 [INFO] [OK] Argentina/GFS_ENSEMBLE_Soy_PRCP_DEP/cumulative dia 02 (2026-09-15 → 2026-09-17) 31706 bytes
2026-09-15 09:34:37,297 [INFO] [OK] Argentina/GFS_ENSEMBLE_Soy_PRCP_DEP/cumulative dia 03 (2026-09-15 → 2026-09-18) 34700 bytes
2026-09-15 09:34:37,685 [INFO] [OK] Argentina/GFS_ENSEMBLE_Soy_PRCP_DEP/cumulative dia 04 (2026-09-15 → 2026-09-19) 38901 bytes
2026-09-15 09:34:37,922 [INFO] [OK] Argentina/GFS_ENSEMBLE_Soy_PRCP_DEP/cumulative dia 05 (2026-09-15 → 2026-09-20) 40479 bytes
2026-09-15 09:34:38,547 [INFO] [OK] Argentina/GFS_ENSEMBLE_Soy_PRCP_DEP/cumulative dia 06 (2026-09-15 → 2026-09-21) 41662 bytes
2026-09-15 09:34:38,828 [INFO] [OK] Argentina/GFS_ENSEMBLE_Soy_PRCP_DEP/cumulative dia 07 (2026-09-15 → 2026-09-22) 41511 bytes
2026-09-15 09:34:39,738 [INFO] [OK] Argentina/GFS_ENSEMBLE_Soy_PRCP_DEP/cumulative dia 08 (2026-09-15 → 2026-09-23) 42117 bytes
2026-09-15 09:34:40,178 [INFO] [OK] Argentina/GFS_ENSEMBLE_Soy_PRCP_DEP/cumulative dia 09 (2026-09-15 → 2026-09-24) 42402 bytes
2026-09-15 09:34:40,538 [INFO] [OK] Argentina/GFS_ENSEMBLE_Soy_PRCP_DEP/cumulative dia 10 (2026-09-15 → 2026-09-25) 42553 bytes
2026-09-15 09:34:40,947 [INFO] [OK] Argentina/GFS_ENSEMBLE_Soy_PRCP_DEP/cumulative dia 11 (2026-09-15 → 2026-09-26) 42525 bytes
2026-09-15 09:34:41,578 [INFO] [OK] Argentina/GFS_ENSEMBLE_Soy_PRCP/daily dia 00 (2026-09-15 → 2026-09-15) 26517 bytes
2026-09-15 09:34:41,923 [INFO] [OK] Argentina/GFS_ENSEMBLE_Soy_PRCP/daily dia 01 (2026-09-16 → 2026-09-16) 26030 bytes
2026-09-15 09:34:41,925 [INFO] [OK] Argentina/GFS_ENSEMBLE_Soy_PRCP_DEP/cumulative dia 12 (2026-09-15 → 2026-09-27) 42133 bytes
2026-09-15 09:34:42,208 [INFO] [OK] Argentina/GFS_ENSEMBLE_Soy_PRCP_DEP/cumulative dia 13 (2026-09-15 → 2026-09-28) 42266 bytes
2026-09-15 09:34:42,264 [INFO] [OK] Argentina/GFS_ENSEMBLE_Soy_PRCP/daily dia 02 (2026-09-17 → 2026-09-17) 26592 bytes
2026-09-15 09:34:42,776 [INFO] [OK] Argentina/GFS_ENSEMBLE_Soy_PRCP_DEP/cumulative dia 14 (2026-09-15 → 2026-09-29) 42848 bytes
2026-09-15 09:34:42,840 [INFO] [OK] Argentina/GFS_ENSEMBLE_Soy_PRCP/daily dia 03 (2026-09-18 → 2026-09-18) 28228 bytes
2026-09-15 09:34:43,199 [INFO] [OK] Argentina/GFS_ENSEMBLE_Soy_PRCP/daily dia 04 (2026-09-19 → 2026-09-19) 30414 bytes
2026-09-15 09:34:43,218 [INFO] [OK] Argentina/GFS_ENSEMBLE_Soy_PRCP/daily dia 05 (2026-09-20 → 2026-09-20) 29038 bytes
2026-09-15 09:34:43,490 [INFO] [OK] Argentina/GFS_ENSEMBLE_Soy_PRCP/daily dia 07 (2026-09-22 → 2026-09-22) 30017 bytes
2026-09-15 09:34:43,617 [INFO] [OK] Argentina/GFS_ENSEMBLE_Soy_PRCP/daily dia 06 (2026-09-21 → 2026-09-21) 28598 bytes
2026-09-15 09:34:43,980 [INFO] [OK] Argentina/GFS_ENSEMBLE_Soy_PRCP/daily dia 08 (2026-09-23 → 2026-09-23) 29075 bytes
2026-09-15 09:34:44,170 [INFO] [OK] Argentina/GFS_ENSEMBLE_Soy_PRCP/daily dia 09 (2026-09-24 → 2026-09-24) 28905 bytes
2026-09-15 09:34:44,639 [INFO] [OK] Argentina/GFS_ENSEMBLE_Soy_PRCP/daily dia 10 (2026-09-25 → 2026-09-25) 28613 bytes
2026-09-15 09:34:45,063 [INFO] [OK] Argentina/GFS_ENSEMBLE_Soy_PRCP/daily dia 11 (2026-09-26 → 2026-09-26) 28064 bytes
2026-09-15 09:34:45,075 [INFO] [OK] Argentina/GFS_ENSEMBLE_Soy_PRCP/daily dia 12 (2026-09-27 → 2026-09-27) 28610 bytes
2026-09-15 09:34:45,145 [INFO] [OK] Argentina/GFS_ENSEMBLE_Soy_PRCP/daily dia 13 (2026-09-28 → 2026-09-28) 29971 bytes
2026-09-15 09:34:45,424 [INFO] [OK] Argentina/GFS_ENSEMBLE_Soy_PRCP/daily dia 14 (2026-09-29 → 2026-09-29) 29924 bytes
2026-09-15 09:34:45,681 [INFO] [OK] Argentina/GFS_ENSEMBLE_Soy_PRCP/cumulative dia 00 (2026-09-15 → 2026-09-15) 26517 bytes
2026-09-15 09:34:45,972 [INFO] [OK] Argentina/GFS_ENSEMBLE_Soy_PRCP/cumulative dia 01 (2026-09-15 → 2026-09-16) 27123 bytes
2026-09-15 09:34:47,004 [INFO] [OK] Argentina/GFS_ENSEMBLE_Soy_PRCP/cumulative dia 02 (2026-09-15 → 2026-09-17) 28273 bytes
2026-09-15 09:34:47,073 [INFO] [OK] Argentina/GFS_ENSEMBLE_Soy_PRCP/cumulative dia 03 (2026-09-15 → 2026-09-18) 30038 bytes
2026-09-15 09:34:47,313 [INFO] [OK] Argentina/GFS_ENSEMBLE_Soy_PRCP/cumulative dia 04 (2026-09-15 → 2026-09-19) 33356 bytes
2026-09-15 09:34:47,634 [INFO] [OK] Argentina/GFS_ENSEMBLE_Soy_PRCP/cumulative dia 05 (2026-09-15 → 2026-09-20) 34441 bytes
2026-09-15 09:34:47,923 [INFO] [OK] Argentina/GFS_ENSEMBLE_Soy_PRCP/cumulative dia 06 (2026-09-15 → 2026-09-21) 35063 bytes
2026-09-15 09:34:48,309 [INFO] [OK] Argentina/GFS_ENSEMBLE_Soy_PRCP/cumulative dia 07 (2026-09-15 → 2026-09-22) 36082 bytes
2026-09-15 09:34:49,379 [INFO] [OK] Argentina/GFS_ENSEMBLE_Soy_PRCP/cumulative dia 08 (2026-09-15 → 2026-09-23) 36579 bytes
2026-09-15 09:34:49,853 [INFO] [OK] Argentina/GFS_ENSEMBLE_Soy_PRCP/cumulative dia 09 (2026-09-15 → 2026-09-24) 37040 bytes
2026-09-15 09:34:50,209 [INFO] [OK] Argentina/GFS_ENSEMBLE_Soy_PRCP/cumulative dia 10 (2026-09-15 → 2026-09-25) 37653 bytes
2026-09-15 09:34:50,862 [INFO] [OK] Argentina/GFS_ENSEMBLE_Soy_PRCP/cumulative dia 11 (2026-09-15 → 2026-09-26) 37730 bytes
2026-09-15 09:34:51,203 [INFO] [OK] Argentina/GFS_ENSEMBLE_Soy_PRCP/cumulative dia 12 (2026-09-15 → 2026-09-27) 38180 bytes
2026-09-15 09:34:51,252 [INFO] [OK] Argentina/GFS_ENSEMBLE_Corn_Winter_PRCP_DEP/daily dia 00 (2026-09-15 → 2026-09-15) 28044 bytes
2026-09-15 09:34:51,427 [INFO] [OK] Argentina/GFS_ENSEMBLE_Corn_Winter_PRCP_DEP/daily dia 01 (2026-09-16 → 2026-09-16) 27231 bytes
2026-09-15 09:34:51,728 [INFO] [OK] Argentina/GFS_ENSEMBLE_Soy_PRCP/cumulative dia 13 (2026-09-15 → 2026-09-28) 38295 bytes
2026-09-15 09:34:52,341 [INFO] [OK] Argentina/GFS_ENSEMBLE_Corn_Winter_PRCP_DEP/daily dia 02 (2026-09-17 → 2026-09-17) 29133 bytes
2026-09-15 09:34:52,533 [INFO] [OK] Argentina/GFS_ENSEMBLE_Soy_PRCP/cumulative dia 14 (2026-09-15 → 2026-09-29) 38854 bytes
2026-09-15 09:34:52,649 [INFO] [OK] Argentina/GFS_ENSEMBLE_Corn_Winter_PRCP_DEP/daily dia 04 (2026-09-19 → 2026-09-19) 39930 bytes
2026-09-15 09:34:52,697 [INFO] [OK] Argentina/GFS_ENSEMBLE_Corn_Winter_PRCP_DEP/daily dia 03 (2026-09-18 → 2026-09-18) 35251 bytes
2026-09-15 09:34:52,732 [INFO] [OK] Argentina/GFS_ENSEMBLE_Corn_Winter_PRCP_DEP/daily dia 05 (2026-09-20 → 2026-09-20) 38924 bytes
2026-09-15 09:34:53,069 [INFO] [OK] Argentina/GFS_ENSEMBLE_Corn_Winter_PRCP_DEP/daily dia 06 (2026-09-21 → 2026-09-21) 40707 bytes
2026-09-15 09:34:53,722 [INFO] [OK] Argentina/GFS_ENSEMBLE_Corn_Winter_PRCP_DEP/daily dia 07 (2026-09-22 → 2026-09-22) 39704 bytes
2026-09-15 09:34:54,039 [INFO] [OK] Argentina/GFS_ENSEMBLE_Corn_Winter_PRCP_DEP/daily dia 08 (2026-09-23 → 2026-09-23) 39382 bytes
2026-09-15 09:34:54,213 [INFO] [OK] Argentina/GFS_ENSEMBLE_Corn_Winter_PRCP_DEP/daily dia 11 (2026-09-26 → 2026-09-26) 41019 bytes
2026-09-15 09:34:54,243 [INFO] [OK] Argentina/GFS_ENSEMBLE_Corn_Winter_PRCP_DEP/daily dia 09 (2026-09-24 → 2026-09-24) 36146 bytes
2026-09-15 09:34:54,244 [INFO] [OK] Argentina/GFS_ENSEMBLE_Corn_Winter_PRCP_DEP/daily dia 10 (2026-09-25 → 2026-09-25) 39843 bytes
2026-09-15 09:34:54,730 [INFO] [OK] Argentina/GFS_ENSEMBLE_Corn_Winter_PRCP_DEP/daily dia 12 (2026-09-27 → 2026-09-27) 42167 bytes
2026-09-15 09:34:55,069 [INFO] [OK] Argentina/GFS_ENSEMBLE_Corn_Winter_PRCP_DEP/daily dia 13 (2026-09-28 → 2026-09-28) 43702 bytes
2026-09-15 09:34:55,303 [INFO] [OK] Argentina/GFS_ENSEMBLE_Corn_Winter_PRCP_DEP/daily dia 14 (2026-09-29 → 2026-09-29) 43983 bytes
2026-09-15 09:34:56,167 [INFO] [OK] Argentina/GFS_ENSEMBLE_Corn_Winter_PRCP_DEP/cumulative dia 02 (2026-09-15 → 2026-09-17) 29847 bytes
2026-09-15 09:34:56,179 [INFO] [OK] Argentina/GFS_ENSEMBLE_Corn_Winter_PRCP_DEP/cumulative dia 00 (2026-09-15 → 2026-09-15) 28044 bytes
2026-09-15 09:34:56,180 [INFO] [OK] Argentina/GFS_ENSEMBLE_Corn_Winter_PRCP_DEP/cumulative dia 01 (2026-09-15 → 2026-09-16) 28782 bytes
2026-09-15 09:34:56,693 [INFO] [OK] Argentina/GFS_ENSEMBLE_Corn_Winter_PRCP_DEP/cumulative dia 03 (2026-09-15 → 2026-09-18) 32989 bytes
2026-09-15 09:34:56,935 [INFO] [OK] Argentina/GFS_ENSEMBLE_Corn_Winter_PRCP_DEP/cumulative dia 04 (2026-09-15 → 2026-09-19) 37130 bytes
2026-09-15 09:34:57,604 [INFO] [OK] Argentina/GFS_ENSEMBLE_Corn_Winter_PRCP_DEP/cumulative dia 05 (2026-09-15 → 2026-09-20) 38834 bytes
2026-09-15 09:34:59,102 [INFO] [OK] Argentina/GFS_ENSEMBLE_Corn_Winter_PRCP_DEP/cumulative dia 06 (2026-09-15 → 2026-09-21) 39974 bytes
2026-09-15 09:34:59,638 [INFO] [OK] Argentina/GFS_ENSEMBLE_Corn_Winter_PRCP_DEP/cumulative dia 08 (2026-09-15 → 2026-09-23) 40328 bytes
2026-09-15 09:34:59,648 [INFO] [OK] Argentina/GFS_ENSEMBLE_Corn_Winter_PRCP_DEP/cumulative dia 07 (2026-09-15 → 2026-09-22) 39660 bytes
2026-09-15 09:35:00,342 [INFO] [OK] Argentina/GFS_ENSEMBLE_Corn_Winter_PRCP_DEP/cumulative dia 09 (2026-09-15 → 2026-09-24) 40582 bytes
2026-09-15 09:35:01,603 [INFO] [OK] Argentina/GFS_ENSEMBLE_Corn_Winter_PRCP_DEP/cumulative dia 10 (2026-09-15 → 2026-09-25) 40781 bytes
2026-09-15 09:35:02,049 [INFO] [OK] Argentina/GFS_ENSEMBLE_Corn_Winter_PRCP_DEP/cumulative dia 11 (2026-09-15 → 2026-09-26) 40805 bytes
2026-09-15 09:35:02,226 [INFO] [OK] Argentina/GFS_ENSEMBLE_Corn_Winter_PRCP/daily dia 00 (2026-09-15 → 2026-09-15) 24598 bytes
2026-09-15 09:35:03,522 [INFO] [OK] Argentina/GFS_ENSEMBLE_Corn_Winter_PRCP_DEP/cumulative dia 12 (2026-09-15 → 2026-09-27) 40347 bytes
2026-09-15 09:35:03,581 [INFO] [OK] Argentina/GFS_ENSEMBLE_Corn_Winter_PRCP/daily dia 01 (2026-09-16 → 2026-09-16) 24089 bytes
2026-09-15 09:35:03,862 [INFO] [OK] Argentina/GFS_ENSEMBLE_Corn_Winter_PRCP_DEP/cumulative dia 13 (2026-09-15 → 2026-09-28) 40646 bytes
2026-09-15 09:35:03,922 [INFO] [OK] Argentina/GFS_ENSEMBLE_Corn_Winter_PRCP/daily dia 02 (2026-09-17 → 2026-09-17) 24711 bytes
2026-09-15 09:35:04,074 [INFO] [OK] Argentina/GFS_ENSEMBLE_Corn_Winter_PRCP/daily dia 03 (2026-09-18 → 2026-09-18) 26274 bytes
2026-09-15 09:35:04,231 [INFO] [OK] Argentina/GFS_ENSEMBLE_Corn_Winter_PRCP_DEP/cumulative dia 14 (2026-09-15 → 2026-09-29) 41152 bytes
2026-09-15 09:35:05,362 [INFO] [OK] Argentina/GFS_ENSEMBLE_Corn_Winter_PRCP/daily dia 05 (2026-09-20 → 2026-09-20) 27169 bytes
2026-09-15 09:35:05,516 [INFO] [OK] Argentina/GFS_ENSEMBLE_Corn_Winter_PRCP/daily dia 04 (2026-09-19 → 2026-09-19) 28609 bytes
2026-09-15 09:35:05,847 [INFO] [OK] Argentina/GFS_ENSEMBLE_Corn_Winter_PRCP/daily dia 07 (2026-09-22 → 2026-09-22) 28290 bytes
2026-09-15 09:35:06,105 [INFO] [OK] Argentina/GFS_ENSEMBLE_Corn_Winter_PRCP/daily dia 06 (2026-09-21 → 2026-09-21) 26742 bytes
2026-09-15 09:35:06,179 [INFO] [OK] Argentina/GFS_ENSEMBLE_Corn_Winter_PRCP/daily dia 08 (2026-09-23 → 2026-09-23) 27432 bytes
2026-09-15 09:35:06,508 [INFO] [OK] Argentina/GFS_ENSEMBLE_Corn_Winter_PRCP/daily dia 09 (2026-09-24 → 2026-09-24) 27076 bytes
2026-09-15 09:35:07,232 [INFO] [OK] Argentina/GFS_ENSEMBLE_Corn_Winter_PRCP/daily dia 10 (2026-09-25 → 2026-09-25) 26868 bytes
2026-09-15 09:35:07,459 [INFO] [OK] Argentina/GFS_ENSEMBLE_Corn_Winter_PRCP/daily dia 11 (2026-09-26 → 2026-09-26) 26161 bytes
2026-09-15 09:35:07,682 [INFO] [OK] Argentina/GFS_ENSEMBLE_Corn_Winter_PRCP/daily dia 12 (2026-09-27 → 2026-09-27) 27023 bytes
2026-09-15 09:35:08,333 [INFO] [OK] Argentina/GFS_ENSEMBLE_Corn_Winter_PRCP/cumulative dia 00 (2026-09-15 → 2026-09-15) 24598 bytes
2026-09-15 09:35:08,473 [INFO] [OK] Argentina/GFS_ENSEMBLE_Corn_Winter_PRCP/daily dia 13 (2026-09-28 → 2026-09-28) 28146 bytes
2026-09-15 09:35:08,505 [INFO] [OK] Argentina/GFS_ENSEMBLE_Corn_Winter_PRCP/daily dia 14 (2026-09-29 → 2026-09-29) 28264 bytes
2026-09-15 09:35:09,494 [INFO] [OK] Argentina/GFS_ENSEMBLE_Corn_Winter_PRCP/cumulative dia 01 (2026-09-15 → 2026-09-16) 25243 bytes
2026-09-15 09:35:09,965 [INFO] [OK] Argentina/GFS_ENSEMBLE_Corn_Winter_PRCP/cumulative dia 02 (2026-09-15 → 2026-09-17) 26291 bytes
2026-09-15 09:35:10,484 [INFO] [OK] Argentina/GFS_ENSEMBLE_Corn_Winter_PRCP/cumulative dia 03 (2026-09-15 → 2026-09-18) 28183 bytes
2026-09-15 09:35:11,581 [INFO] [OK] Argentina/GFS_ENSEMBLE_Corn_Winter_PRCP/cumulative dia 04 (2026-09-15 → 2026-09-19) 31428 bytes
2026-09-15 09:35:11,949 [INFO] [OK] Argentina/GFS_ENSEMBLE_Corn_Winter_PRCP/cumulative dia 05 (2026-09-15 → 2026-09-20) 32709 bytes
2026-09-15 09:35:12,562 [INFO] [OK] Argentina/GFS_ENSEMBLE_Corn_Winter_PRCP/cumulative dia 06 (2026-09-15 → 2026-09-21) 33323 bytes
2026-09-15 09:35:13,518 [INFO] [OK] Argentina/GFS_ENSEMBLE_Corn_Winter_PRCP/cumulative dia 07 (2026-09-15 → 2026-09-22) 34097 bytes
2026-09-15 09:35:14,016 [INFO] [OK] Argentina/GFS_ENSEMBLE_Corn_Winter_PRCP/cumulative dia 08 (2026-09-15 → 2026-09-23) 34767 bytes
2026-09-15 09:35:15,173 [INFO] [OK] Argentina/GFS_ENSEMBLE_Corn_Winter_PRCP/cumulative dia 09 (2026-09-15 → 2026-09-24) 35287 bytes
2026-09-15 09:35:16,155 [INFO] [OK] Argentina/GFS_ENSEMBLE_Corn_Winter_PRCP/cumulative dia 10 (2026-09-15 → 2026-09-25) 36023 bytes
2026-09-15 09:35:17,006 [INFO] [OK] Argentina/ECM_ENSEMBLE_Soy_PRCP_DEP/daily dia 00 (2026-09-15 → 2026-09-15) 31699 bytes
2026-09-15 09:35:17,257 [INFO] [OK] Argentina/GFS_ENSEMBLE_Corn_Winter_PRCP/cumulative dia 12 (2026-09-15 → 2026-09-27) 36547 bytes
2026-09-15 09:35:17,494 [INFO] [OK] Argentina/GFS_ENSEMBLE_Corn_Winter_PRCP/cumulative dia 11 (2026-09-15 → 2026-09-26) 36187 bytes
2026-09-15 09:35:18,196 [INFO] [OK] Argentina/ECM_ENSEMBLE_Soy_PRCP_DEP/daily dia 01 (2026-09-16 → 2026-09-16) 30878 bytes
2026-09-15 09:35:18,914 [INFO] [OK] Argentina/GFS_ENSEMBLE_Corn_Winter_PRCP/cumulative dia 13 (2026-09-15 → 2026-09-28) 36520 bytes
2026-09-15 09:35:19,102 [INFO] [OK] Argentina/GFS_ENSEMBLE_Corn_Winter_PRCP/cumulative dia 14 (2026-09-15 → 2026-09-29) 37034 bytes
2026-09-15 09:35:19,155 [INFO] [OK] Argentina/ECM_ENSEMBLE_Soy_PRCP_DEP/daily dia 02 (2026-09-17 → 2026-09-17) 33629 bytes
2026-09-15 09:35:19,282 [INFO] [OK] Argentina/ECM_ENSEMBLE_Soy_PRCP_DEP/daily dia 03 (2026-09-18 → 2026-09-18) 40074 bytes
2026-09-15 09:35:19,662 [INFO] [OK] Argentina/ECM_ENSEMBLE_Soy_PRCP_DEP/daily dia 04 (2026-09-19 → 2026-09-19) 41538 bytes
2026-09-15 09:35:20,647 [INFO] [OK] Argentina/ECM_ENSEMBLE_Soy_PRCP_DEP/daily dia 05 (2026-09-20 → 2026-09-20) 40109 bytes
2026-09-15 09:35:20,826 [INFO] [OK] Argentina/ECM_ENSEMBLE_Soy_PRCP_DEP/daily dia 06 (2026-09-21 → 2026-09-21) 43035 bytes
2026-09-15 09:35:21,017 [INFO] [OK] Argentina/ECM_ENSEMBLE_Soy_PRCP_DEP/daily dia 08 (2026-09-23 → 2026-09-23) 39687 bytes
2026-09-15 09:35:21,296 [INFO] [OK] Argentina/ECM_ENSEMBLE_Soy_PRCP_DEP/daily dia 07 (2026-09-22 → 2026-09-22) 40487 bytes
2026-09-15 09:35:21,446 [INFO] [OK] Argentina/ECM_ENSEMBLE_Soy_PRCP_DEP/daily dia 09 (2026-09-24 → 2026-09-24) 39811 bytes
2026-09-15 09:35:21,906 [INFO] [OK] Argentina/ECM_ENSEMBLE_Soy_PRCP_DEP/daily dia 10 (2026-09-25 → 2026-09-25) 41359 bytes
2026-09-15 09:35:22,608 [INFO] [OK] Argentina/ECM_ENSEMBLE_Soy_PRCP_DEP/daily dia 11 (2026-09-26 → 2026-09-26) 45260 bytes
2026-09-15 09:35:22,712 [INFO] [OK] Argentina/ECM_ENSEMBLE_Soy_PRCP_DEP/daily dia 12 (2026-09-27 → 2026-09-27) 44629 bytes
2026-09-15 09:35:23,017 [INFO] [OK] Argentina/ECM_ENSEMBLE_Soy_PRCP_DEP/daily dia 13 (2026-09-28 → 2026-09-28) 42175 bytes
2026-09-15 09:35:23,589 [INFO] [OK] Argentina/ECM_ENSEMBLE_Soy_PRCP_DEP/daily dia 14 (2026-09-29 → 2026-09-29) 43002 bytes
2026-09-15 09:35:23,832 [INFO] [OK] Argentina/ECM_ENSEMBLE_Soy_PRCP_DEP/cumulative dia 00 (2026-09-15 → 2026-09-15) 31699 bytes
2026-09-15 09:35:24,247 [INFO] [OK] Argentina/ECM_ENSEMBLE_Soy_PRCP_DEP/cumulative dia 01 (2026-09-15 → 2026-09-16) 32111 bytes
2026-09-15 09:35:25,606 [INFO] [OK] Argentina/ECM_ENSEMBLE_Soy_PRCP_DEP/cumulative dia 02 (2026-09-15 → 2026-09-17) 33393 bytes
2026-09-15 09:35:25,977 [INFO] [OK] Argentina/ECM_ENSEMBLE_Soy_PRCP_DEP/cumulative dia 03 (2026-09-15 → 2026-09-18) 38266 bytes
2026-09-15 09:35:27,037 [INFO] [OK] Argentina/ECM_ENSEMBLE_Soy_PRCP_DEP/cumulative dia 04 (2026-09-15 → 2026-09-19) 42089 bytes
2026-09-15 09:35:27,162 [INFO] [OK] Argentina/ECM_ENSEMBLE_Soy_PRCP_DEP/cumulative dia 05 (2026-09-15 → 2026-09-20) 43874 bytes
2026-09-15 09:35:28,157 [INFO] [OK] Argentina/ECM_ENSEMBLE_Soy_PRCP_DEP/cumulative dia 06 (2026-09-15 → 2026-09-21) 44799 bytes
2026-09-15 09:35:28,293 [INFO] [OK] Argentina/ECM_ENSEMBLE_Soy_PRCP_DEP/cumulative dia 07 (2026-09-15 → 2026-09-22) 43755 bytes
2026-09-15 09:35:29,701 [INFO] [OK] Argentina/ECM_ENSEMBLE_Soy_PRCP_DEP/cumulative dia 08 (2026-09-15 → 2026-09-23) 43427 bytes
2026-09-15 09:35:30,808 [INFO] [OK] Argentina/ECM_ENSEMBLE_Soy_PRCP_DEP/cumulative dia 09 (2026-09-15 → 2026-09-24) 43309 bytes
2026-09-15 09:35:31,834 [INFO] [OK] Argentina/ECM_ENSEMBLE_Soy_PRCP_DEP/cumulative dia 10 (2026-09-15 → 2026-09-25) 42957 bytes
2026-09-15 09:35:32,810 [INFO] [OK] Argentina/ECM_ENSEMBLE_Soy_PRCP_DEP/cumulative dia 11 (2026-09-15 → 2026-09-26) 43362 bytes
2026-09-15 09:35:32,885 [INFO] [OK] Argentina/ECM_ENSEMBLE_Soy_PRCP/daily dia 00 (2026-09-15 → 2026-09-15) 26973 bytes
2026-09-15 09:35:33,255 [INFO] [OK] Argentina/ECM_ENSEMBLE_Soy_PRCP_DEP/cumulative dia 12 (2026-09-15 → 2026-09-27) 43652 bytes
2026-09-15 09:35:33,760 [INFO] [OK] Argentina/ECM_ENSEMBLE_Soy_PRCP_DEP/cumulative dia 13 (2026-09-15 → 2026-09-28) 43782 bytes
2026-09-15 09:35:33,800 [INFO] [OK] Argentina/ECM_ENSEMBLE_Soy_PRCP/daily dia 01 (2026-09-16 → 2026-09-16) 26431 bytes
2026-09-15 09:35:34,741 [INFO] [OK] Argentina/ECM_ENSEMBLE_Soy_PRCP/daily dia 02 (2026-09-17 → 2026-09-17) 26917 bytes
2026-09-15 09:35:34,817 [INFO] [OK] Argentina/ECM_ENSEMBLE_Soy_PRCP/daily dia 03 (2026-09-18 → 2026-09-18) 29802 bytes
2026-09-15 09:35:35,354 [INFO] [OK] Argentina/ECM_ENSEMBLE_Soy_PRCP/daily dia 04 (2026-09-19 → 2026-09-19) 32350 bytes
2026-09-15 09:35:35,850 [INFO] [OK] Argentina/ECM_ENSEMBLE_Soy_PRCP/daily dia 06 (2026-09-21 → 2026-09-21) 31171 bytes
2026-09-15 09:35:35,971 [INFO] [OK] Argentina/ECM_ENSEMBLE_Soy_PRCP/daily dia 05 (2026-09-20 → 2026-09-20) 30060 bytes
2026-09-15 09:35:36,015 [INFO] [OK] Argentina/ECM_ENSEMBLE_Soy_PRCP_DEP/cumulative dia 14 (2026-09-15 → 2026-09-29) 43634 bytes
2026-09-15 09:35:36,622 [INFO] [OK] Argentina/ECM_ENSEMBLE_Soy_PRCP/daily dia 07 (2026-09-22 → 2026-09-22) 30946 bytes
2026-09-15 09:35:36,695 [INFO] [OK] Argentina/ECM_ENSEMBLE_Soy_PRCP/daily dia 08 (2026-09-23 → 2026-09-23) 29463 bytes
2026-09-15 09:35:37,341 [INFO] [OK] Argentina/ECM_ENSEMBLE_Soy_PRCP/daily dia 09 (2026-09-24 → 2026-09-24) 29426 bytes
2026-09-15 09:35:37,684 [INFO] [OK] Argentina/ECM_ENSEMBLE_Soy_PRCP/daily dia 10 (2026-09-25 → 2026-09-25) 28833 bytes
2026-09-15 09:35:37,919 [INFO] [OK] Argentina/ECM_ENSEMBLE_Soy_PRCP/daily dia 12 (2026-09-27 → 2026-09-27) 29101 bytes
2026-09-15 09:35:38,057 [INFO] [OK] Argentina/ECM_ENSEMBLE_Soy_PRCP/daily dia 11 (2026-09-26 → 2026-09-26) 29096 bytes
2026-09-15 09:35:38,530 [INFO] [OK] Argentina/ECM_ENSEMBLE_Soy_PRCP/daily dia 13 (2026-09-28 → 2026-09-28) 29435 bytes
2026-09-15 09:35:38,571 [INFO] [OK] Argentina/ECM_ENSEMBLE_Soy_PRCP/daily dia 14 (2026-09-29 → 2026-09-29) 29306 bytes
2026-09-15 09:35:39,140 [INFO] [OK] Argentina/ECM_ENSEMBLE_Soy_PRCP/cumulative dia 00 (2026-09-15 → 2026-09-15) 26973 bytes
2026-09-15 09:35:39,608 [INFO] [OK] Argentina/ECM_ENSEMBLE_Soy_PRCP/cumulative dia 01 (2026-09-15 → 2026-09-16) 27957 bytes
2026-09-15 09:35:40,246 [INFO] [OK] Argentina/ECM_ENSEMBLE_Soy_PRCP/cumulative dia 02 (2026-09-15 → 2026-09-17) 28640 bytes
2026-09-15 09:35:40,935 [INFO] [OK] Argentina/ECM_ENSEMBLE_Soy_PRCP/cumulative dia 03 (2026-09-15 → 2026-09-18) 32245 bytes
2026-09-15 09:35:41,478 [INFO] [OK] Argentina/ECM_ENSEMBLE_Soy_PRCP/cumulative dia 05 (2026-09-15 → 2026-09-20) 36413 bytes
2026-09-15 09:35:41,557 [INFO] [OK] Argentina/ECM_ENSEMBLE_Soy_PRCP/cumulative dia 04 (2026-09-15 → 2026-09-19) 35093 bytes
2026-09-15 09:35:42,602 [INFO] [OK] Argentina/ECM_ENSEMBLE_Soy_PRCP/cumulative dia 06 (2026-09-15 → 2026-09-21) 37319 bytes
2026-09-15 09:35:43,415 [INFO] [OK] Argentina/ECM_ENSEMBLE_Soy_PRCP/cumulative dia 07 (2026-09-15 → 2026-09-22) 38109 bytes
2026-09-15 09:35:44,105 [INFO] [OK] Argentina/ECM_ENSEMBLE_Soy_PRCP/cumulative dia 08 (2026-09-15 → 2026-09-23) 38592 bytes
2026-09-15 09:35:45,432 [INFO] [OK] Argentina/ECM_ENSEMBLE_Soy_PRCP/cumulative dia 09 (2026-09-15 → 2026-09-24) 38850 bytes
2026-09-15 09:35:45,647 [INFO] [OK] Argentina/ECM_ENSEMBLE_Soy_PRCP/cumulative dia 10 (2026-09-15 → 2026-09-25) 39230 bytes
2026-09-15 09:35:46,365 [INFO] [OK] Argentina/ECM_ENSEMBLE_Soy_PRCP/cumulative dia 11 (2026-09-15 → 2026-09-26) 39279 bytes
2026-09-15 09:35:47,445 [INFO] [OK] Argentina/ECM_ENSEMBLE_Corn_Winter_PRCP_DEP/daily dia 00 (2026-09-15 → 2026-09-15) 30119 bytes
2026-09-15 09:35:47,751 [INFO] [OK] Argentina/ECM_ENSEMBLE_Corn_Winter_PRCP_DEP/daily dia 01 (2026-09-16 → 2026-09-16) 29085 bytes
2026-09-15 09:35:47,882 [INFO] [OK] Argentina/ECM_ENSEMBLE_Soy_PRCP/cumulative dia 12 (2026-09-15 → 2026-09-27) 38864 bytes
2026-09-15 09:35:48,109 [INFO] [OK] Argentina/ECM_ENSEMBLE_Corn_Winter_PRCP_DEP/daily dia 02 (2026-09-17 → 2026-09-17) 32105 bytes
2026-09-15 09:35:48,657 [INFO] [OK] Argentina/ECM_ENSEMBLE_Soy_PRCP/cumulative dia 13 (2026-09-15 → 2026-09-28) 39844 bytes
2026-09-15 09:35:49,257 [INFO] [OK] Argentina/ECM_ENSEMBLE_Corn_Winter_PRCP_DEP/daily dia 03 (2026-09-18 → 2026-09-18) 38378 bytes
2026-09-15 09:35:49,266 [INFO] [OK] Argentina/ECM_ENSEMBLE_Soy_PRCP/cumulative dia 14 (2026-09-15 → 2026-09-29) 39883 bytes
2026-09-15 09:35:49,653 [INFO] [OK] Argentina/ECM_ENSEMBLE_Corn_Winter_PRCP_DEP/daily dia 05 (2026-09-20 → 2026-09-20) 38534 bytes
2026-09-15 09:35:49,796 [INFO] [OK] Argentina/ECM_ENSEMBLE_Corn_Winter_PRCP_DEP/daily dia 06 (2026-09-21 → 2026-09-21) 41821 bytes
2026-09-15 09:35:49,907 [INFO] [OK] Argentina/ECM_ENSEMBLE_Corn_Winter_PRCP_DEP/daily dia 04 (2026-09-19 → 2026-09-19) 40240 bytes
2026-09-15 09:35:50,534 [INFO] [OK] Argentina/ECM_ENSEMBLE_Corn_Winter_PRCP_DEP/daily dia 07 (2026-09-22 → 2026-09-22) 38894 bytes
2026-09-15 09:35:51,073 [INFO] [OK] Argentina/ECM_ENSEMBLE_Corn_Winter_PRCP_DEP/daily dia 08 (2026-09-23 → 2026-09-23) 38395 bytes
2026-09-15 09:35:51,157 [INFO] [OK] Argentina/ECM_ENSEMBLE_Corn_Winter_PRCP_DEP/daily dia 09 (2026-09-24 → 2026-09-24) 38045 bytes
2026-09-15 09:35:51,401 [INFO] [OK] Argentina/ECM_ENSEMBLE_Corn_Winter_PRCP_DEP/daily dia 10 (2026-09-25 → 2026-09-25) 39564 bytes
2026-09-15 09:35:52,045 [INFO] [OK] Argentina/ECM_ENSEMBLE_Corn_Winter_PRCP_DEP/daily dia 11 (2026-09-26 → 2026-09-26) 43752 bytes
2026-09-15 09:35:52,126 [INFO] [OK] Argentina/ECM_ENSEMBLE_Corn_Winter_PRCP_DEP/daily dia 12 (2026-09-27 → 2026-09-27) 43309 bytes
2026-09-15 09:35:52,543 [INFO] [OK] Argentina/ECM_ENSEMBLE_Corn_Winter_PRCP_DEP/daily dia 13 (2026-09-28 → 2026-09-28) 40973 bytes
2026-09-15 09:35:52,997 [INFO] [OK] Argentina/ECM_ENSEMBLE_Corn_Winter_PRCP_DEP/cumulative dia 00 (2026-09-15 → 2026-09-15) 30119 bytes
2026-09-15 09:35:53,400 [INFO] [OK] Argentina/ECM_ENSEMBLE_Corn_Winter_PRCP_DEP/daily dia 14 (2026-09-29 → 2026-09-29) 41769 bytes
2026-09-15 09:35:53,553 [INFO] [OK] Argentina/ECM_ENSEMBLE_Corn_Winter_PRCP_DEP/cumulative dia 01 (2026-09-15 → 2026-09-16) 30596 bytes
2026-09-15 09:35:54,453 [INFO] [OK] Argentina/ECM_ENSEMBLE_Corn_Winter_PRCP_DEP/cumulative dia 02 (2026-09-15 → 2026-09-17) 31934 bytes
2026-09-15 09:35:55,032 [INFO] [OK] Argentina/ECM_ENSEMBLE_Corn_Winter_PRCP_DEP/cumulative dia 03 (2026-09-15 → 2026-09-18) 36892 bytes
2026-09-15 09:35:55,735 [INFO] [OK] Argentina/ECM_ENSEMBLE_Corn_Winter_PRCP_DEP/cumulative dia 04 (2026-09-15 → 2026-09-19) 40801 bytes
2026-09-15 09:35:56,468 [INFO] [OK] Argentina/ECM_ENSEMBLE_Corn_Winter_PRCP_DEP/cumulative dia 05 (2026-09-15 → 2026-09-20) 42506 bytes
2026-09-15 09:35:56,666 [INFO] [OK] Argentina/ECM_ENSEMBLE_Corn_Winter_PRCP_DEP/cumulative dia 06 (2026-09-15 → 2026-09-21) 43364 bytes
2026-09-15 09:35:57,244 [INFO] [OK] Argentina/ECM_ENSEMBLE_Corn_Winter_PRCP_DEP/cumulative dia 07 (2026-09-15 → 2026-09-22) 42253 bytes
2026-09-15 09:35:58,254 [INFO] [OK] Argentina/ECM_ENSEMBLE_Corn_Winter_PRCP_DEP/cumulative dia 08 (2026-09-15 → 2026-09-23) 42005 bytes
2026-09-15 09:35:59,569 [INFO] [OK] Argentina/ECM_ENSEMBLE_Corn_Winter_PRCP_DEP/cumulative dia 09 (2026-09-15 → 2026-09-24) 41919 bytes
2026-09-15 09:36:00,390 [INFO] [OK] Argentina/ECM_ENSEMBLE_Corn_Winter_PRCP_DEP/cumulative dia 10 (2026-09-15 → 2026-09-25) 41417 bytes
2026-09-15 09:36:01,445 [INFO] [OK] Argentina/ECM_ENSEMBLE_Corn_Winter_PRCP_DEP/cumulative dia 11 (2026-09-15 → 2026-09-26) 41930 bytes
2026-09-15 09:36:01,609 [INFO] [OK] Argentina/ECM_ENSEMBLE_Corn_Winter_PRCP/daily dia 00 (2026-09-15 → 2026-09-15) 25142 bytes
2026-09-15 09:36:01,695 [INFO] [OK] Argentina/ECM_ENSEMBLE_Corn_Winter_PRCP_DEP/cumulative dia 12 (2026-09-15 → 2026-09-27) 42208 bytes
2026-09-15 09:36:02,351 [INFO] [OK] Argentina/ECM_ENSEMBLE_Corn_Winter_PRCP_DEP/cumulative dia 13 (2026-09-15 → 2026-09-28) 42230 bytes
2026-09-15 09:36:02,398 [INFO] [OK] Argentina/ECM_ENSEMBLE_Corn_Winter_PRCP/daily dia 01 (2026-09-16 → 2026-09-16) 24651 bytes
2026-09-15 09:36:03,285 [INFO] [OK] Argentina/ECM_ENSEMBLE_Corn_Winter_PRCP/daily dia 04 (2026-09-19 → 2026-09-19) 30511 bytes
2026-09-15 09:36:03,318 [INFO] [OK] Argentina/ECM_ENSEMBLE_Corn_Winter_PRCP/daily dia 02 (2026-09-17 → 2026-09-17) 25150 bytes
2026-09-15 09:36:03,489 [INFO] [OK] Argentina/ECM_ENSEMBLE_Corn_Winter_PRCP/daily dia 03 (2026-09-18 → 2026-09-18) 28029 bytes
2026-09-15 09:36:03,585 [INFO] [OK] Argentina/ECM_ENSEMBLE_Corn_Winter_PRCP_DEP/cumulative dia 14 (2026-09-15 → 2026-09-29) 42151 bytes
2026-09-15 09:36:04,082 [INFO] [OK] Argentina/ECM_ENSEMBLE_Corn_Winter_PRCP/daily dia 05 (2026-09-20 → 2026-09-20) 28247 bytes
2026-09-15 09:36:04,285 [INFO] [OK] Argentina/ECM_ENSEMBLE_Corn_Winter_PRCP/daily dia 06 (2026-09-21 → 2026-09-21) 29434 bytes
2026-09-15 09:36:05,036 [INFO] [OK] Argentina/ECM_ENSEMBLE_Corn_Winter_PRCP/daily dia 08 (2026-09-23 → 2026-09-23) 27763 bytes
2026-09-15 09:36:05,135 [INFO] [OK] Argentina/ECM_ENSEMBLE_Corn_Winter_PRCP/daily dia 07 (2026-09-22 → 2026-09-22) 29184 bytes
2026-09-15 09:36:05,292 [INFO] [OK] Argentina/ECM_ENSEMBLE_Corn_Winter_PRCP/daily dia 09 (2026-09-24 → 2026-09-24) 27823 bytes
2026-09-15 09:36:05,458 [INFO] [OK] Argentina/ECM_ENSEMBLE_Corn_Winter_PRCP/daily dia 10 (2026-09-25 → 2026-09-25) 27249 bytes
2026-09-15 09:36:06,099 [INFO] [OK] Argentina/ECM_ENSEMBLE_Corn_Winter_PRCP/daily dia 12 (2026-09-27 → 2026-09-27) 27224 bytes
2026-09-15 09:36:06,158 [INFO] [OK] Argentina/ECM_ENSEMBLE_Corn_Winter_PRCP/daily dia 11 (2026-09-26 → 2026-09-26) 27479 bytes
2026-09-15 09:36:06,804 [INFO] [OK] Argentina/ECM_ENSEMBLE_Corn_Winter_PRCP/daily dia 14 (2026-09-29 → 2026-09-29) 27604 bytes
2026-09-15 09:36:06,915 [INFO] [OK] Argentina/ECM_ENSEMBLE_Corn_Winter_PRCP/daily dia 13 (2026-09-28 → 2026-09-28) 27634 bytes
2026-09-15 09:36:07,047 [INFO] [OK] Argentina/ECM_ENSEMBLE_Corn_Winter_PRCP/cumulative dia 00 (2026-09-15 → 2026-09-15) 25142 bytes
2026-09-15 09:36:07,440 [INFO] [OK] Argentina/ECM_ENSEMBLE_Corn_Winter_PRCP/cumulative dia 01 (2026-09-15 → 2026-09-16) 26010 bytes
2026-09-15 09:36:08,294 [INFO] [OK] Argentina/ECM_ENSEMBLE_Corn_Winter_PRCP/cumulative dia 02 (2026-09-15 → 2026-09-17) 26687 bytes
2026-09-15 09:36:08,678 [INFO] [OK] Argentina/ECM_ENSEMBLE_Corn_Winter_PRCP/cumulative dia 03 (2026-09-15 → 2026-09-18) 30462 bytes
2026-09-15 09:36:09,667 [INFO] [OK] Argentina/ECM_ENSEMBLE_Corn_Winter_PRCP/cumulative dia 04 (2026-09-15 → 2026-09-19) 33091 bytes
2026-09-15 09:36:10,144 [INFO] [OK] Argentina/ECM_ENSEMBLE_Corn_Winter_PRCP/cumulative dia 06 (2026-09-15 → 2026-09-21) 35814 bytes
2026-09-15 09:36:10,216 [INFO] [OK] Argentina/ECM_ENSEMBLE_Corn_Winter_PRCP/cumulative dia 05 (2026-09-15 → 2026-09-20) 34822 bytes
2026-09-15 09:36:10,735 [INFO] [OK] Argentina/ECM_ENSEMBLE_Corn_Winter_PRCP/cumulative dia 07 (2026-09-15 → 2026-09-22) 36404 bytes
2026-09-15 09:36:11,757 [INFO] [OK] Argentina/ECM_ENSEMBLE_Corn_Winter_PRCP/cumulative dia 08 (2026-09-15 → 2026-09-23) 37059 bytes
2026-09-15 09:36:12,088 [INFO] [OK] Argentina/ECM_ENSEMBLE_Corn_Winter_PRCP/cumulative dia 09 (2026-09-15 → 2026-09-24) 37303 bytes
2026-09-15 09:36:13,594 [INFO] [OK] Argentina/ECM_ENSEMBLE_Corn_Winter_PRCP/cumulative dia 10 (2026-09-15 → 2026-09-25) 37431 bytes
2026-09-15 09:36:13,914 [INFO] [OK] Argentina/ECM_ENSEMBLE_Corn_Winter_PRCP/cumulative dia 11 (2026-09-15 → 2026-09-26) 37514 bytes
2026-09-15 09:36:14,041 [INFO] [OK] Argentina/ECM_ENSEMBLE_Corn_Winter_PRCP/cumulative dia 12 (2026-09-15 → 2026-09-27) 37149 bytes
2026-09-15 09:36:14,595 [INFO] [OK] Argentina/ECM_ENSEMBLE_Corn_Winter_PRCP/cumulative dia 13 (2026-09-15 → 2026-09-28) 38111 bytes
2026-09-15 09:36:15,233 [INFO] [OK] Argentina/ECM_ENSEMBLE_Corn_Winter_PRCP/cumulative dia 14 (2026-09-15 → 2026-09-29) 38089 bytes
2026-09-15 09:36:15,550 [INFO] [OK] USA/GFS_ENSEMBLE_Corn_PRCP_DEP/daily dia 00 (2026-09-15 → 2026-09-15) 47047 bytes
2026-09-15 09:36:16,316 [INFO] [OK] USA/GFS_ENSEMBLE_Corn_PRCP_DEP/daily dia 01 (2026-09-16 → 2026-09-16) 49556 bytes
2026-09-15 09:36:16,900 [INFO] [OK] USA/GFS_ENSEMBLE_Corn_PRCP_DEP/daily dia 03 (2026-09-18 → 2026-09-18) 53016 bytes
2026-09-15 09:36:17,254 [INFO] [OK] USA/GFS_ENSEMBLE_Corn_PRCP_DEP/daily dia 04 (2026-09-19 → 2026-09-19) 54918 bytes
2026-09-15 09:36:17,344 [INFO] [OK] USA/GFS_ENSEMBLE_Corn_PRCP_DEP/daily dia 02 (2026-09-17 → 2026-09-17) 52555 bytes
2026-09-15 09:36:17,954 [INFO] [OK] USA/GFS_ENSEMBLE_Corn_PRCP_DEP/daily dia 05 (2026-09-20 → 2026-09-20) 54679 bytes
2026-09-15 09:36:18,527 [INFO] [OK] USA/GFS_ENSEMBLE_Corn_PRCP_DEP/daily dia 07 (2026-09-22 → 2026-09-22) 60127 bytes
2026-09-15 09:36:18,527 [INFO] [OK] USA/GFS_ENSEMBLE_Corn_PRCP_DEP/daily dia 06 (2026-09-21 → 2026-09-21) 56992 bytes
2026-09-15 09:36:19,439 [INFO] [OK] USA/GFS_ENSEMBLE_Corn_PRCP_DEP/daily dia 08 (2026-09-23 → 2026-09-23) 60343 bytes
2026-09-15 09:36:19,516 [INFO] [OK] USA/GFS_ENSEMBLE_Corn_PRCP_DEP/daily dia 09 (2026-09-24 → 2026-09-24) 62877 bytes
2026-09-15 09:36:20,199 [INFO] [OK] USA/GFS_ENSEMBLE_Corn_PRCP_DEP/daily dia 10 (2026-09-25 → 2026-09-25) 60928 bytes
2026-09-15 09:36:20,381 [INFO] [OK] USA/GFS_ENSEMBLE_Corn_PRCP_DEP/daily dia 11 (2026-09-26 → 2026-09-26) 61092 bytes
2026-09-15 09:36:20,912 [INFO] [OK] USA/GFS_ENSEMBLE_Corn_PRCP_DEP/daily dia 13 (2026-09-28 → 2026-09-28) 62129 bytes
2026-09-15 09:36:21,098 [INFO] [OK] USA/GFS_ENSEMBLE_Corn_PRCP_DEP/daily dia 12 (2026-09-27 → 2026-09-27) 60826 bytes
2026-09-15 09:36:21,606 [INFO] [OK] USA/GFS_ENSEMBLE_Corn_PRCP_DEP/cumulative dia 00 (2026-09-15 → 2026-09-15) 47047 bytes
2026-09-15 09:36:21,621 [INFO] [OK] USA/GFS_ENSEMBLE_Corn_PRCP_DEP/daily dia 14 (2026-09-29 → 2026-09-29) 62981 bytes
2026-09-15 09:36:22,302 [INFO] [OK] USA/GFS_ENSEMBLE_Corn_PRCP_DEP/cumulative dia 01 (2026-09-15 → 2026-09-16) 50285 bytes
2026-09-15 09:36:22,900 [INFO] [OK] USA/GFS_ENSEMBLE_Corn_PRCP_DEP/cumulative dia 02 (2026-09-15 → 2026-09-17) 54871 bytes
2026-09-15 09:36:23,510 [INFO] [OK] USA/GFS_ENSEMBLE_Corn_PRCP_DEP/cumulative dia 03 (2026-09-15 → 2026-09-18) 55403 bytes
2026-09-15 09:36:24,020 [INFO] [OK] USA/GFS_ENSEMBLE_Corn_PRCP_DEP/cumulative dia 04 (2026-09-15 → 2026-09-19) 56013 bytes
2026-09-15 09:36:24,752 [INFO] [OK] USA/GFS_ENSEMBLE_Corn_PRCP_DEP/cumulative dia 05 (2026-09-15 → 2026-09-20) 56969 bytes
2026-09-15 09:36:24,755 [INFO] [OK] USA/GFS_ENSEMBLE_Corn_PRCP_DEP/cumulative dia 06 (2026-09-15 → 2026-09-21) 57753 bytes
2026-09-15 09:36:25,772 [INFO] [OK] USA/GFS_ENSEMBLE_Corn_PRCP_DEP/cumulative dia 07 (2026-09-15 → 2026-09-22) 58616 bytes
2026-09-15 09:36:26,683 [INFO] [OK] USA/GFS_ENSEMBLE_Corn_PRCP_DEP/cumulative dia 08 (2026-09-15 → 2026-09-23) 59272 bytes
2026-09-15 09:36:27,381 [INFO] [OK] USA/GFS_ENSEMBLE_Corn_PRCP_DEP/cumulative dia 09 (2026-09-15 → 2026-09-24) 60723 bytes
2026-09-15 09:36:27,612 [INFO] [OK] USA/GFS_ENSEMBLE_Corn_PRCP_DEP/cumulative dia 10 (2026-09-15 → 2026-09-25) 60805 bytes
2026-09-15 09:36:28,875 [INFO] [OK] USA/GFS_ENSEMBLE_Corn_PRCP_DEP/cumulative dia 11 (2026-09-15 → 2026-09-26) 60650 bytes
2026-09-15 09:36:29,455 [INFO] [OK] USA/GFS_ENSEMBLE_Corn_PRCP_DEP/cumulative dia 12 (2026-09-15 → 2026-09-27) 60616 bytes
2026-09-15 09:36:29,539 [INFO] [OK] USA/GFS_ENSEMBLE_Corn_PRCP/daily dia 00 (2026-09-15 → 2026-09-15) 37695 bytes
2026-09-15 09:36:29,620 [INFO] [OK] USA/GFS_ENSEMBLE_Corn_PRCP/daily dia 01 (2026-09-16 → 2026-09-16) 36707 bytes
2026-09-15 09:36:30,226 [INFO] [OK] USA/GFS_ENSEMBLE_Corn_PRCP_DEP/cumulative dia 13 (2026-09-15 → 2026-09-28) 60529 bytes
2026-09-15 09:36:30,608 [INFO] [OK] USA/GFS_ENSEMBLE_Corn_PRCP_DEP/cumulative dia 14 (2026-09-15 → 2026-09-29) 60556 bytes
2026-09-15 09:36:30,653 [INFO] [OK] USA/GFS_ENSEMBLE_Corn_PRCP/daily dia 02 (2026-09-17 → 2026-09-17) 37736 bytes
2026-09-15 09:36:31,190 [INFO] [OK] USA/GFS_ENSEMBLE_Corn_PRCP/daily dia 03 (2026-09-18 → 2026-09-18) 38696 bytes
2026-09-15 09:36:31,283 [INFO] [OK] USA/GFS_ENSEMBLE_Corn_PRCP/daily dia 04 (2026-09-19 → 2026-09-19) 38648 bytes
2026-09-15 09:36:31,380 [INFO] [OK] USA/GFS_ENSEMBLE_Corn_PRCP/daily dia 05 (2026-09-20 → 2026-09-20) 37491 bytes
2026-09-15 09:36:31,936 [INFO] [OK] USA/GFS_ENSEMBLE_Corn_PRCP/daily dia 06 (2026-09-21 → 2026-09-21) 36555 bytes
2026-09-15 09:36:32,314 [INFO] [OK] USA/GFS_ENSEMBLE_Corn_PRCP/daily dia 07 (2026-09-22 → 2026-09-22) 37242 bytes
2026-09-15 09:36:32,368 [INFO] [OK] USA/GFS_ENSEMBLE_Corn_PRCP/daily dia 08 (2026-09-23 → 2026-09-23) 36972 bytes
2026-09-15 09:36:33,126 [INFO] [OK] USA/GFS_ENSEMBLE_Corn_PRCP/daily dia 09 (2026-09-24 → 2026-09-24) 37054 bytes
2026-09-15 09:36:33,156 [INFO] [OK] USA/GFS_ENSEMBLE_Corn_PRCP/daily dia 10 (2026-09-25 → 2026-09-25) 36113 bytes
2026-09-15 09:36:33,285 [INFO] [OK] USA/GFS_ENSEMBLE_Corn_PRCP/daily dia 11 (2026-09-26 → 2026-09-26) 37168 bytes
2026-09-15 09:36:33,840 [INFO] [OK] USA/GFS_ENSEMBLE_Corn_PRCP/daily dia 12 (2026-09-27 → 2026-09-27) 35736 bytes
2026-09-15 09:36:34,124 [INFO] [OK] USA/GFS_ENSEMBLE_Corn_PRCP/daily dia 13 (2026-09-28 → 2026-09-28) 37313 bytes
2026-09-15 09:36:34,283 [INFO] [OK] USA/GFS_ENSEMBLE_Corn_PRCP/daily dia 14 (2026-09-29 → 2026-09-29) 37107 bytes
2026-09-15 09:36:35,215 [INFO] [OK] USA/GFS_ENSEMBLE_Corn_PRCP/cumulative dia 01 (2026-09-15 → 2026-09-16) 40420 bytes
2026-09-15 09:36:35,248 [INFO] [OK] USA/GFS_ENSEMBLE_Corn_PRCP/cumulative dia 00 (2026-09-15 → 2026-09-15) 37695 bytes
2026-09-15 09:36:35,768 [INFO] [OK] USA/GFS_ENSEMBLE_Corn_PRCP/cumulative dia 02 (2026-09-15 → 2026-09-17) 43098 bytes
2026-09-15 09:36:36,629 [INFO] [OK] USA/GFS_ENSEMBLE_Corn_PRCP/cumulative dia 03 (2026-09-15 → 2026-09-18) 45139 bytes
2026-09-15 09:36:36,857 [INFO] [OK] USA/GFS_ENSEMBLE_Corn_PRCP/cumulative dia 04 (2026-09-15 → 2026-09-19) 46970 bytes
2026-09-15 09:36:36,976 [INFO] [OK] USA/GFS_ENSEMBLE_Corn_PRCP/cumulative dia 05 (2026-09-15 → 2026-09-20) 48302 bytes
2026-09-15 09:36:38,252 [INFO] [OK] USA/GFS_ENSEMBLE_Corn_PRCP/cumulative dia 06 (2026-09-15 → 2026-09-21) 48371 bytes
2026-09-15 09:36:38,706 [INFO] [OK] USA/GFS_ENSEMBLE_Corn_PRCP/cumulative dia 07 (2026-09-15 → 2026-09-22) 49071 bytes
2026-09-15 09:36:39,214 [INFO] [OK] USA/GFS_ENSEMBLE_Corn_PRCP/cumulative dia 08 (2026-09-15 → 2026-09-23) 50048 bytes
2026-09-15 09:36:40,872 [INFO] [OK] USA/GFS_ENSEMBLE_Corn_PRCP/cumulative dia 09 (2026-09-15 → 2026-09-24) 50714 bytes
2026-09-15 09:36:41,105 [INFO] [OK] USA/GFS_ENSEMBLE_Corn_PRCP/cumulative dia 10 (2026-09-15 → 2026-09-25) 50448 bytes
2026-09-15 09:36:41,403 [INFO] [OK] USA/GFS_ENSEMBLE_Corn_PRCP/cumulative dia 11 (2026-09-15 → 2026-09-26) 51047 bytes
2026-09-15 09:36:42,221 [INFO] [OK] USA/GFS_ENSEMBLE_Corn_PRCP/cumulative dia 12 (2026-09-15 → 2026-09-27) 50947 bytes
2026-09-15 09:36:43,111 [INFO] [OK] USA/GFS_ENSEMBLE_Soy_PRCP_DEP/daily dia 01 (2026-09-16 → 2026-09-16) 49217 bytes
2026-09-15 09:36:43,186 [INFO] [OK] USA/GFS_ENSEMBLE_Soy_PRCP_DEP/daily dia 00 (2026-09-15 → 2026-09-15) 46568 bytes
2026-09-15 09:36:43,400 [INFO] [OK] USA/GFS_ENSEMBLE_Corn_PRCP/cumulative dia 13 (2026-09-15 → 2026-09-28) 50716 bytes
2026-09-15 09:36:43,654 [INFO] [OK] USA/GFS_ENSEMBLE_Soy_PRCP_DEP/daily dia 02 (2026-09-17 → 2026-09-17) 52232 bytes
2026-09-15 09:36:43,751 [INFO] [OK] USA/GFS_ENSEMBLE_Corn_PRCP/cumulative dia 14 (2026-09-15 → 2026-09-29) 51057 bytes
2026-09-15 09:36:44,066 [INFO] [OK] USA/GFS_ENSEMBLE_Soy_PRCP_DEP/daily dia 03 (2026-09-18 → 2026-09-18) 52682 bytes
2026-09-15 09:36:45,012 [INFO] [OK] USA/GFS_ENSEMBLE_Soy_PRCP_DEP/daily dia 04 (2026-09-19 → 2026-09-19) 54655 bytes
2026-09-15 09:36:45,063 [INFO] [OK] USA/GFS_ENSEMBLE_Soy_PRCP_DEP/daily dia 05 (2026-09-20 → 2026-09-20) 54520 bytes
2026-09-15 09:36:45,383 [INFO] [OK] USA/GFS_ENSEMBLE_Soy_PRCP_DEP/daily dia 06 (2026-09-21 → 2026-09-21) 56506 bytes
2026-09-15 09:36:45,639 [INFO] [OK] USA/GFS_ENSEMBLE_Soy_PRCP_DEP/daily dia 07 (2026-09-22 → 2026-09-22) 59723 bytes
2026-09-15 09:36:45,795 [INFO] [OK] USA/GFS_ENSEMBLE_Soy_PRCP_DEP/daily dia 08 (2026-09-23 → 2026-09-23) 60284 bytes
2026-09-15 09:36:45,911 [INFO] [OK] USA/GFS_ENSEMBLE_Soy_PRCP_DEP/daily dia 09 (2026-09-24 → 2026-09-24) 62539 bytes
2026-09-15 09:36:46,807 [INFO] [OK] USA/GFS_ENSEMBLE_Soy_PRCP_DEP/daily dia 10 (2026-09-25 → 2026-09-25) 60780 bytes
2026-09-15 09:36:46,811 [INFO] [OK] USA/GFS_ENSEMBLE_Soy_PRCP_DEP/daily dia 11 (2026-09-26 → 2026-09-26) 60797 bytes
2026-09-15 09:36:47,616 [INFO] [OK] USA/GFS_ENSEMBLE_Soy_PRCP_DEP/daily dia 12 (2026-09-27 → 2026-09-27) 60477 bytes
2026-09-15 09:36:47,761 [INFO] [OK] USA/GFS_ENSEMBLE_Soy_PRCP_DEP/daily dia 14 (2026-09-29 → 2026-09-29) 62660 bytes
2026-09-15 09:36:47,821 [INFO] [OK] USA/GFS_ENSEMBLE_Soy_PRCP_DEP/daily dia 13 (2026-09-28 → 2026-09-28) 61974 bytes
2026-09-15 09:36:47,943 [INFO] [OK] USA/GFS_ENSEMBLE_Soy_PRCP_DEP/cumulative dia 00 (2026-09-15 → 2026-09-15) 46568 bytes
2026-09-15 09:36:48,664 [INFO] [OK] USA/GFS_ENSEMBLE_Soy_PRCP_DEP/cumulative dia 01 (2026-09-15 → 2026-09-16) 49915 bytes
2026-09-15 09:36:48,853 [INFO] [OK] USA/GFS_ENSEMBLE_Soy_PRCP_DEP/cumulative dia 02 (2026-09-15 → 2026-09-17) 54692 bytes
2026-09-15 09:36:49,897 [INFO] [OK] USA/GFS_ENSEMBLE_Soy_PRCP_DEP/cumulative dia 03 (2026-09-15 → 2026-09-18) 55222 bytes
2026-09-15 09:36:50,178 [INFO] [OK] USA/GFS_ENSEMBLE_Soy_PRCP_DEP/cumulative dia 04 (2026-09-15 → 2026-09-19) 55746 bytes
2026-09-15 09:36:50,298 [INFO] [OK] USA/GFS_ENSEMBLE_Soy_PRCP_DEP/cumulative dia 05 (2026-09-15 → 2026-09-20) 56563 bytes
2026-09-15 09:36:51,025 [INFO] [OK] USA/GFS_ENSEMBLE_Soy_PRCP_DEP/cumulative dia 06 (2026-09-15 → 2026-09-21) 57436 bytes
2026-09-15 09:36:51,948 [INFO] [OK] USA/GFS_ENSEMBLE_Soy_PRCP_DEP/cumulative dia 08 (2026-09-15 → 2026-09-23) 58918 bytes
2026-09-15 09:36:52,176 [INFO] [OK] USA/GFS_ENSEMBLE_Soy_PRCP_DEP/cumulative dia 07 (2026-09-15 → 2026-09-22) 58345 bytes
2026-09-15 09:36:53,396 [INFO] [OK] USA/GFS_ENSEMBLE_Soy_PRCP_DEP/cumulative dia 10 (2026-09-15 → 2026-09-25) 60524 bytes
2026-09-15 09:36:53,570 [INFO] [OK] USA/GFS_ENSEMBLE_Soy_PRCP_DEP/cumulative dia 09 (2026-09-15 → 2026-09-24) 60461 bytes
2026-09-15 09:36:53,877 [INFO] [OK] USA/GFS_ENSEMBLE_Soy_PRCP_DEP/cumulative dia 11 (2026-09-15 → 2026-09-26) 60536 bytes
2026-09-15 09:36:54,359 [INFO] [OK] USA/GFS_ENSEMBLE_Soy_PRCP_DEP/cumulative dia 12 (2026-09-15 → 2026-09-27) 60358 bytes
2026-09-15 09:36:54,971 [INFO] [OK] USA/GFS_ENSEMBLE_Soy_PRCP/daily dia 00 (2026-09-15 → 2026-09-15) 37193 bytes
2026-09-15 09:36:55,232 [INFO] [OK] USA/GFS_ENSEMBLE_Soy_PRCP/daily dia 01 (2026-09-16 → 2026-09-16) 36190 bytes
2026-09-15 09:36:55,810 [INFO] [OK] USA/GFS_ENSEMBLE_Soy_PRCP_DEP/cumulative dia 13 (2026-09-15 → 2026-09-28) 60289 bytes
2026-09-15 09:36:56,008 [INFO] [OK] USA/GFS_ENSEMBLE_Soy_PRCP/daily dia 02 (2026-09-17 → 2026-09-17) 37312 bytes
2026-09-15 09:36:56,026 [INFO] [OK] USA/GFS_ENSEMBLE_Soy_PRCP_DEP/cumulative dia 14 (2026-09-15 → 2026-09-29) 60143 bytes
2026-09-15 09:36:56,230 [INFO] [OK] USA/GFS_ENSEMBLE_Soy_PRCP/daily dia 03 (2026-09-18 → 2026-09-18) 38300 bytes
2026-09-15 09:36:56,673 [INFO] [OK] USA/GFS_ENSEMBLE_Soy_PRCP/daily dia 04 (2026-09-19 → 2026-09-19) 38229 bytes
2026-09-15 09:36:57,005 [INFO] [OK] USA/GFS_ENSEMBLE_Soy_PRCP/daily dia 05 (2026-09-20 → 2026-09-20) 36933 bytes
2026-09-15 09:36:57,673 [INFO] [OK] USA/GFS_ENSEMBLE_Soy_PRCP/daily dia 06 (2026-09-21 → 2026-09-21) 36165 bytes
2026-09-15 09:36:57,798 [INFO] [OK] USA/GFS_ENSEMBLE_Soy_PRCP/daily dia 08 (2026-09-23 → 2026-09-23) 36648 bytes
2026-09-15 09:36:57,878 [INFO] [OK] USA/GFS_ENSEMBLE_Soy_PRCP/daily dia 07 (2026-09-22 → 2026-09-22) 36692 bytes
2026-09-15 09:36:57,962 [INFO] [OK] USA/GFS_ENSEMBLE_Soy_PRCP/daily dia 09 (2026-09-24 → 2026-09-24) 36609 bytes
2026-09-15 09:36:58,414 [INFO] [OK] USA/GFS_ENSEMBLE_Soy_PRCP/daily dia 10 (2026-09-25 → 2026-09-25) 35615 bytes
2026-09-15 09:36:58,707 [INFO] [OK] USA/GFS_ENSEMBLE_Soy_PRCP/daily dia 11 (2026-09-26 → 2026-09-26) 36608 bytes
2026-09-15 09:36:59,363 [INFO] [OK] USA/GFS_ENSEMBLE_Soy_PRCP/daily dia 12 (2026-09-27 → 2026-09-27) 35174 bytes
2026-09-15 09:36:59,512 [INFO] [OK] USA/GFS_ENSEMBLE_Soy_PRCP/daily dia 13 (2026-09-28 → 2026-09-28) 36883 bytes
2026-09-15 09:36:59,609 [INFO] [OK] USA/GFS_ENSEMBLE_Soy_PRCP/daily dia 14 (2026-09-29 → 2026-09-29) 36807 bytes
2026-09-15 09:36:59,702 [INFO] [OK] USA/GFS_ENSEMBLE_Soy_PRCP/cumulative dia 00 (2026-09-15 → 2026-09-15) 37193 bytes
2026-09-15 09:37:00,464 [INFO] [OK] USA/GFS_ENSEMBLE_Soy_PRCP/cumulative dia 01 (2026-09-15 → 2026-09-16) 39909 bytes
2026-09-15 09:37:00,691 [INFO] [OK] USA/GFS_ENSEMBLE_Soy_PRCP/cumulative dia 02 (2026-09-15 → 2026-09-17) 42721 bytes
2026-09-15 09:37:01,498 [INFO] [OK] USA/GFS_ENSEMBLE_Soy_PRCP/cumulative dia 03 (2026-09-15 → 2026-09-18) 44797 bytes
2026-09-15 09:37:01,599 [INFO] [OK] USA/GFS_ENSEMBLE_Soy_PRCP/cumulative dia 04 (2026-09-15 → 2026-09-19) 46603 bytes
2026-09-15 09:37:01,898 [INFO] [OK] USA/GFS_ENSEMBLE_Soy_PRCP/cumulative dia 05 (2026-09-15 → 2026-09-20) 47828 bytes
2026-09-15 09:37:01,968 [INFO] [OK] USA/GFS_ENSEMBLE_Soy_PRCP/cumulative dia 06 (2026-09-15 → 2026-09-21) 47919 bytes
2026-09-15 09:37:02,871 [INFO] [OK] USA/GFS_ENSEMBLE_Soy_PRCP/cumulative dia 07 (2026-09-15 → 2026-09-22) 48606 bytes
2026-09-15 09:37:03,247 [INFO] [OK] USA/GFS_ENSEMBLE_Soy_PRCP/cumulative dia 08 (2026-09-15 → 2026-09-23) 49449 bytes
2026-09-15 09:37:04,384 [INFO] [OK] USA/GFS_ENSEMBLE_Soy_PRCP/cumulative dia 09 (2026-09-15 → 2026-09-24) 50335 bytes
2026-09-15 09:37:04,538 [INFO] [OK] USA/GFS_ENSEMBLE_Soy_PRCP/cumulative dia 10 (2026-09-15 → 2026-09-25) 50112 bytes
2026-09-15 09:37:04,852 [INFO] [OK] USA/GFS_ENSEMBLE_Soy_PRCP/cumulative dia 11 (2026-09-15 → 2026-09-26) 50645 bytes
2026-09-15 09:37:05,197 [INFO] [OK] USA/GFS_ENSEMBLE_Soy_PRCP/cumulative dia 12 (2026-09-15 → 2026-09-27) 50579 bytes
2026-09-15 09:37:06,064 [INFO] [OK] USA/GFS_ENSEMBLE_Soy_PRCP/cumulative dia 13 (2026-09-15 → 2026-09-28) 50370 bytes
2026-09-15 09:37:06,106 [INFO] [OK] USA/GFS_ENSEMBLE_Wheat_Winter_PRCP_DEP/daily dia 00 (2026-09-15 → 2026-09-15) 48112 bytes
2026-09-15 09:37:06,292 [INFO] [OK] USA/GFS_ENSEMBLE_Wheat_Winter_PRCP_DEP/daily dia 01 (2026-09-16 → 2026-09-16) 50750 bytes
2026-09-15 09:37:06,431 [INFO] [OK] USA/GFS_ENSEMBLE_Soy_PRCP/cumulative dia 14 (2026-09-15 → 2026-09-29) 50524 bytes
2026-09-15 09:37:06,629 [INFO] [OK] USA/GFS_ENSEMBLE_Wheat_Winter_PRCP_DEP/daily dia 02 (2026-09-17 → 2026-09-17) 53565 bytes
2026-09-15 09:37:06,963 [INFO] [OK] USA/GFS_ENSEMBLE_Wheat_Winter_PRCP_DEP/daily dia 03 (2026-09-18 → 2026-09-18) 54765 bytes
2026-09-15 09:37:07,971 [INFO] [OK] USA/GFS_ENSEMBLE_Wheat_Winter_PRCP_DEP/daily dia 04 (2026-09-19 → 2026-09-19) 56157 bytes
2026-09-15 09:37:08,051 [INFO] [OK] USA/GFS_ENSEMBLE_Wheat_Winter_PRCP_DEP/daily dia 05 (2026-09-20 → 2026-09-20) 56034 bytes
2026-09-15 09:37:08,104 [INFO] [OK] USA/GFS_ENSEMBLE_Wheat_Winter_PRCP_DEP/daily dia 06 (2026-09-21 → 2026-09-21) 58323 bytes
2026-09-15 09:37:08,338 [INFO] [OK] USA/GFS_ENSEMBLE_Wheat_Winter_PRCP_DEP/daily dia 07 (2026-09-22 → 2026-09-22) 60956 bytes
2026-09-15 09:37:08,573 [INFO] [OK] USA/GFS_ENSEMBLE_Wheat_Winter_PRCP_DEP/daily dia 08 (2026-09-23 → 2026-09-23) 61450 bytes
2026-09-15 09:37:08,823 [INFO] [OK] USA/GFS_ENSEMBLE_Wheat_Winter_PRCP_DEP/daily dia 09 (2026-09-24 → 2026-09-24) 64123 bytes
2026-09-15 09:37:09,944 [INFO] [OK] USA/GFS_ENSEMBLE_Wheat_Winter_PRCP_DEP/daily dia 11 (2026-09-26 → 2026-09-26) 62153 bytes
2026-09-15 09:37:09,966 [INFO] [OK] USA/GFS_ENSEMBLE_Wheat_Winter_PRCP_DEP/daily dia 10 (2026-09-25 → 2026-09-25) 62534 bytes
2026-09-15 09:37:10,059 [INFO] [OK] USA/GFS_ENSEMBLE_Wheat_Winter_PRCP_DEP/daily dia 12 (2026-09-27 → 2026-09-27) 62024 bytes
2026-09-15 09:37:10,262 [INFO] [OK] USA/GFS_ENSEMBLE_Wheat_Winter_PRCP_DEP/daily dia 13 (2026-09-28 → 2026-09-28) 63430 bytes
2026-09-15 09:37:10,440 [INFO] [OK] USA/GFS_ENSEMBLE_Wheat_Winter_PRCP_DEP/daily dia 14 (2026-09-29 → 2026-09-29) 64290 bytes
2026-09-15 09:37:10,465 [INFO] [OK] USA/GFS_ENSEMBLE_Wheat_Winter_PRCP_DEP/cumulative dia 00 (2026-09-15 → 2026-09-15) 48112 bytes
2026-09-15 09:37:12,298 [INFO] [OK] USA/GFS_ENSEMBLE_Wheat_Winter_PRCP_DEP/cumulative dia 01 (2026-09-15 → 2026-09-16) 51463 bytes
2026-09-15 09:37:12,433 [INFO] [OK] USA/GFS_ENSEMBLE_Wheat_Winter_PRCP_DEP/cumulative dia 02 (2026-09-15 → 2026-09-17) 55846 bytes
2026-09-15 09:37:12,747 [INFO] [OK] USA/GFS_ENSEMBLE_Wheat_Winter_PRCP_DEP/cumulative dia 03 (2026-09-15 → 2026-09-18) 56868 bytes
2026-09-15 09:37:12,942 [INFO] [OK] USA/GFS_ENSEMBLE_Wheat_Winter_PRCP_DEP/cumulative dia 04 (2026-09-15 → 2026-09-19) 57124 bytes
2026-09-15 09:37:13,384 [INFO] [OK] USA/GFS_ENSEMBLE_Wheat_Winter_PRCP_DEP/cumulative dia 05 (2026-09-15 → 2026-09-20) 58400 bytes
2026-09-15 09:37:13,463 [INFO] [OK] USA/GFS_ENSEMBLE_Wheat_Winter_PRCP_DEP/cumulative dia 06 (2026-09-15 → 2026-09-21) 59293 bytes
2026-09-15 09:37:14,893 [INFO] [OK] USA/GFS_ENSEMBLE_Wheat_Winter_PRCP_DEP/cumulative dia 07 (2026-09-15 → 2026-09-22) 59962 bytes
2026-09-15 09:37:15,809 [INFO] [OK] USA/GFS_ENSEMBLE_Wheat_Winter_PRCP_DEP/cumulative dia 09 (2026-09-15 → 2026-09-24) 62010 bytes
2026-09-15 09:37:15,823 [INFO] [OK] USA/GFS_ENSEMBLE_Wheat_Winter_PRCP_DEP/cumulative dia 08 (2026-09-15 → 2026-09-23) 60064 bytes
2026-09-15 09:37:16,474 [INFO] [OK] USA/GFS_ENSEMBLE_Wheat_Winter_PRCP_DEP/cumulative dia 10 (2026-09-15 → 2026-09-25) 62339 bytes
2026-09-15 09:37:16,485 [INFO] [OK] USA/GFS_ENSEMBLE_Wheat_Winter_PRCP_DEP/cumulative dia 11 (2026-09-15 → 2026-09-26) 61942 bytes
2026-09-15 09:37:16,530 [INFO] [OK] USA/GFS_ENSEMBLE_Wheat_Winter_PRCP_DEP/cumulative dia 12 (2026-09-15 → 2026-09-27) 61782 bytes
2026-09-15 09:37:17,456 [INFO] [OK] USA/GFS_ENSEMBLE_Wheat_Winter_PRCP/daily dia 00 (2026-09-15 → 2026-09-15) 38782 bytes
2026-09-15 09:37:17,865 [INFO] [OK] USA/GFS_ENSEMBLE_Wheat_Winter_PRCP_DEP/cumulative dia 13 (2026-09-15 → 2026-09-28) 61599 bytes
2026-09-15 09:37:18,354 [INFO] [OK] USA/GFS_ENSEMBLE_Wheat_Winter_PRCP/daily dia 01 (2026-09-16 → 2026-09-16) 37890 bytes
2026-09-15 09:37:18,390 [INFO] [OK] USA/GFS_ENSEMBLE_Wheat_Winter_PRCP/daily dia 03 (2026-09-18 → 2026-09-18) 39780 bytes
2026-09-15 09:37:18,515 [INFO] [OK] USA/GFS_ENSEMBLE_Wheat_Winter_PRCP/daily dia 02 (2026-09-17 → 2026-09-17) 38738 bytes
2026-09-15 09:37:18,905 [INFO] [OK] USA/GFS_ENSEMBLE_Wheat_Winter_PRCP_DEP/cumulative dia 14 (2026-09-15 → 2026-09-29) 61545 bytes
2026-09-15 09:37:19,122 [INFO] [OK] USA/GFS_ENSEMBLE_Wheat_Winter_PRCP/daily dia 04 (2026-09-19 → 2026-09-19) 39856 bytes
2026-09-15 09:37:19,443 [INFO] [OK] USA/GFS_ENSEMBLE_Wheat_Winter_PRCP/daily dia 05 (2026-09-20 → 2026-09-20) 38434 bytes
2026-09-15 09:37:20,273 [INFO] [OK] USA/GFS_ENSEMBLE_Wheat_Winter_PRCP/daily dia 06 (2026-09-21 → 2026-09-21) 37778 bytes
2026-09-15 09:37:20,324 [INFO] [OK] USA/GFS_ENSEMBLE_Wheat_Winter_PRCP/daily dia 08 (2026-09-23 → 2026-09-23) 38155 bytes
2026-09-15 09:37:20,376 [INFO] [OK] USA/GFS_ENSEMBLE_Wheat_Winter_PRCP/daily dia 07 (2026-09-22 → 2026-09-22) 38214 bytes
2026-09-15 09:37:20,627 [INFO] [OK] USA/GFS_ENSEMBLE_Wheat_Winter_PRCP/daily dia 09 (2026-09-24 → 2026-09-24) 38044 bytes
2026-09-15 09:37:20,713 [INFO] [OK] USA/GFS_ENSEMBLE_Wheat_Winter_PRCP/daily dia 10 (2026-09-25 → 2026-09-25) 37179 bytes
2026-09-15 09:37:21,057 [INFO] [OK] USA/GFS_ENSEMBLE_Wheat_Winter_PRCP/daily dia 11 (2026-09-26 → 2026-09-26) 38177 bytes
2026-09-15 09:37:22,022 [INFO] [OK] USA/GFS_ENSEMBLE_Wheat_Winter_PRCP/daily dia 12 (2026-09-27 → 2026-09-27) 36815 bytes
2026-09-15 09:37:22,045 [INFO] [OK] USA/GFS_ENSEMBLE_Wheat_Winter_PRCP/daily dia 13 (2026-09-28 → 2026-09-28) 38404 bytes
2026-09-15 09:37:22,239 [INFO] [OK] USA/GFS_ENSEMBLE_Wheat_Winter_PRCP/daily dia 14 (2026-09-29 → 2026-09-29) 38332 bytes
2026-09-15 09:37:22,410 [INFO] [OK] USA/GFS_ENSEMBLE_Wheat_Winter_PRCP/cumulative dia 00 (2026-09-15 → 2026-09-15) 38782 bytes
2026-09-15 09:37:22,439 [INFO] [OK] USA/GFS_ENSEMBLE_Wheat_Winter_PRCP/cumulative dia 01 (2026-09-15 → 2026-09-16) 41547 bytes
2026-09-15 09:37:22,881 [INFO] [OK] USA/GFS_ENSEMBLE_Wheat_Winter_PRCP/cumulative dia 02 (2026-09-15 → 2026-09-17) 44278 bytes
2026-09-15 09:37:24,222 [INFO] [OK] USA/GFS_ENSEMBLE_Wheat_Winter_PRCP/cumulative dia 04 (2026-09-15 → 2026-09-19) 48447 bytes
2026-09-15 09:37:24,283 [INFO] [OK] USA/GFS_ENSEMBLE_Wheat_Winter_PRCP/cumulative dia 03 (2026-09-15 → 2026-09-18) 46534 bytes
2026-09-15 09:37:24,521 [INFO] [OK] USA/GFS_ENSEMBLE_Wheat_Winter_PRCP/cumulative dia 05 (2026-09-15 → 2026-09-20) 49852 bytes
2026-09-15 09:37:25,022 [INFO] [OK] USA/GFS_ENSEMBLE_Wheat_Winter_PRCP/cumulative dia 06 (2026-09-15 → 2026-09-21) 50002 bytes
2026-09-15 09:37:25,063 [INFO] [OK] USA/GFS_ENSEMBLE_Wheat_Winter_PRCP/cumulative dia 07 (2026-09-15 → 2026-09-22) 50922 bytes
2026-09-15 09:37:25,470 [INFO] [OK] USA/GFS_ENSEMBLE_Wheat_Winter_PRCP/cumulative dia 08 (2026-09-15 → 2026-09-23) 51427 bytes
2026-09-15 09:37:27,188 [INFO] [OK] USA/GFS_ENSEMBLE_Wheat_Winter_PRCP/cumulative dia 09 (2026-09-15 → 2026-09-24) 51990 bytes
2026-09-15 09:37:27,504 [INFO] [OK] USA/GFS_ENSEMBLE_Wheat_Winter_PRCP/cumulative dia 10 (2026-09-15 → 2026-09-25) 51761 bytes
2026-09-15 09:37:27,539 [INFO] [OK] USA/GFS_ENSEMBLE_Wheat_Winter_PRCP/cumulative dia 11 (2026-09-15 → 2026-09-26) 52120 bytes
2026-09-15 09:37:28,439 [INFO] [OK] USA/GFS_ENSEMBLE_Wheat_Winter_PRCP/cumulative dia 12 (2026-09-15 → 2026-09-27) 52146 bytes
2026-09-15 09:37:28,771 [INFO] [OK] USA/GFS_ENSEMBLE_Wheat_Winter_PRCP/cumulative dia 13 (2026-09-15 → 2026-09-28) 52188 bytes
2026-09-15 09:37:28,774 [INFO] [OK] USA/GFS_ENSEMBLE_Wheat_Winter_PRCP/cumulative dia 14 (2026-09-15 → 2026-09-29) 52473 bytes
2026-09-15 09:37:28,906 [INFO] [OK] USA/GFS_ENSEMBLE_Wheat_Spring_PRCP_DEP/daily dia 00 (2026-09-15 → 2026-09-15) 45012 bytes
2026-09-15 09:37:29,288 [INFO] [OK] USA/GFS_ENSEMBLE_Wheat_Spring_PRCP_DEP/daily dia 02 (2026-09-17 → 2026-09-17) 50043 bytes
2026-09-15 09:37:29,430 [INFO] [OK] USA/GFS_ENSEMBLE_Wheat_Spring_PRCP_DEP/daily dia 01 (2026-09-16 → 2026-09-16) 47512 bytes
2026-09-15 09:37:30,098 [INFO] [OK] USA/GFS_ENSEMBLE_Wheat_Spring_PRCP_DEP/daily dia 03 (2026-09-18 → 2026-09-18) 51250 bytes
2026-09-15 09:37:30,484 [INFO] [OK] USA/GFS_ENSEMBLE_Wheat_Spring_PRCP_DEP/daily dia 04 (2026-09-19 → 2026-09-19) 53008 bytes
2026-09-15 09:37:30,504 [INFO] [OK] USA/GFS_ENSEMBLE_Wheat_Spring_PRCP_DEP/daily dia 05 (2026-09-20 → 2026-09-20) 52916 bytes
2026-09-15 09:37:30,635 [INFO] [OK] USA/GFS_ENSEMBLE_Wheat_Spring_PRCP_DEP/daily dia 06 (2026-09-21 → 2026-09-21) 55097 bytes
2026-09-15 09:37:31,292 [INFO] [OK] USA/GFS_ENSEMBLE_Wheat_Spring_PRCP_DEP/daily dia 08 (2026-09-23 → 2026-09-23) 58315 bytes
2026-09-15 09:37:31,321 [INFO] [OK] USA/GFS_ENSEMBLE_Wheat_Spring_PRCP_DEP/daily dia 07 (2026-09-22 → 2026-09-22) 57930 bytes
2026-09-15 09:37:31,793 [INFO] [OK] USA/GFS_ENSEMBLE_Wheat_Spring_PRCP_DEP/daily dia 09 (2026-09-24 → 2026-09-24) 61035 bytes
2026-09-15 09:37:32,483 [INFO] [OK] USA/GFS_ENSEMBLE_Wheat_Spring_PRCP_DEP/daily dia 11 (2026-09-26 → 2026-09-26) 58991 bytes
2026-09-15 09:37:32,508 [INFO] [OK] USA/GFS_ENSEMBLE_Wheat_Spring_PRCP_DEP/daily dia 10 (2026-09-25 → 2026-09-25) 59376 bytes
2026-09-15 09:37:32,628 [INFO] [OK] USA/GFS_ENSEMBLE_Wheat_Spring_PRCP_DEP/daily dia 12 (2026-09-27 → 2026-09-27) 58708 bytes
2026-09-15 09:37:33,099 [INFO] [OK] USA/GFS_ENSEMBLE_Wheat_Spring_PRCP_DEP/daily dia 13 (2026-09-28 → 2026-09-28) 59780 bytes
2026-09-15 09:37:33,155 [INFO] [OK] USA/GFS_ENSEMBLE_Wheat_Spring_PRCP_DEP/daily dia 14 (2026-09-29 → 2026-09-29) 61146 bytes
2026-09-15 09:37:33,464 [INFO] [OK] USA/GFS_ENSEMBLE_Wheat_Spring_PRCP_DEP/cumulative dia 00 (2026-09-15 → 2026-09-15) 45012 bytes
2026-09-15 09:37:34,133 [INFO] [OK] USA/GFS_ENSEMBLE_Wheat_Spring_PRCP_DEP/cumulative dia 01 (2026-09-15 → 2026-09-16) 48359 bytes
2026-09-15 09:37:34,278 [INFO] [OK] USA/GFS_ENSEMBLE_Wheat_Spring_PRCP_DEP/cumulative dia 02 (2026-09-15 → 2026-09-17) 53059 bytes
2026-09-15 09:37:34,602 [INFO] [OK] USA/GFS_ENSEMBLE_Wheat_Spring_PRCP_DEP/cumulative dia 03 (2026-09-15 → 2026-09-18) 53837 bytes
2026-09-15 09:37:35,224 [INFO] [OK] USA/GFS_ENSEMBLE_Wheat_Spring_PRCP_DEP/cumulative dia 04 (2026-09-15 → 2026-09-19) 54099 bytes
2026-09-15 09:37:35,357 [INFO] [OK] USA/GFS_ENSEMBLE_Wheat_Spring_PRCP_DEP/cumulative dia 05 (2026-09-15 → 2026-09-20) 55169 bytes
2026-09-15 09:37:35,761 [INFO] [OK] USA/GFS_ENSEMBLE_Wheat_Spring_PRCP_DEP/cumulative dia 06 (2026-09-15 → 2026-09-21) 55957 bytes
2026-09-15 09:37:36,617 [INFO] [OK] USA/GFS_ENSEMBLE_Wheat_Spring_PRCP_DEP/cumulative dia 07 (2026-09-15 → 2026-09-22) 56592 bytes
2026-09-15 09:37:36,792 [INFO] [OK] USA/GFS_ENSEMBLE_Wheat_Spring_PRCP_DEP/cumulative dia 08 (2026-09-15 → 2026-09-23) 57068 bytes
2026-09-15 09:37:37,161 [INFO] [OK] USA/GFS_ENSEMBLE_Wheat_Spring_PRCP_DEP/cumulative dia 09 (2026-09-15 → 2026-09-24) 58780 bytes
2026-09-15 09:37:37,896 [INFO] [OK] USA/GFS_ENSEMBLE_Wheat_Spring_PRCP_DEP/cumulative dia 10 (2026-09-15 → 2026-09-25) 58920 bytes
2026-09-15 09:37:38,074 [INFO] [OK] USA/GFS_ENSEMBLE_Wheat_Spring_PRCP_DEP/cumulative dia 11 (2026-09-15 → 2026-09-26) 58687 bytes
2026-09-15 09:37:38,660 [INFO] [OK] USA/GFS_ENSEMBLE_Wheat_Spring_PRCP_DEP/cumulative dia 12 (2026-09-15 → 2026-09-27) 58567 bytes
2026-09-15 09:37:38,800 [INFO] [OK] USA/GFS_ENSEMBLE_Wheat_Spring_PRCP/daily dia 00 (2026-09-15 → 2026-09-15) 35549 bytes
2026-09-15 09:37:39,495 [INFO] [OK] USA/GFS_ENSEMBLE_Wheat_Spring_PRCP_DEP/cumulative dia 13 (2026-09-15 → 2026-09-28) 58368 bytes
2026-09-15 09:37:39,820 [INFO] [OK] USA/GFS_ENSEMBLE_Wheat_Spring_PRCP/daily dia 02 (2026-09-17 → 2026-09-17) 35670 bytes
2026-09-15 09:37:39,906 [INFO] [OK] USA/GFS_ENSEMBLE_Wheat_Spring_PRCP/daily dia 01 (2026-09-16 → 2026-09-16) 34522 bytes
2026-09-15 09:37:40,158 [INFO] [OK] USA/GFS_ENSEMBLE_Wheat_Spring_PRCP_DEP/cumulative dia 14 (2026-09-15 → 2026-09-29) 58169 bytes
2026-09-15 09:37:40,261 [INFO] [OK] USA/GFS_ENSEMBLE_Wheat_Spring_PRCP/daily dia 03 (2026-09-18 → 2026-09-18) 37162 bytes
2026-09-15 09:37:40,467 [INFO] [OK] USA/GFS_ENSEMBLE_Wheat_Spring_PRCP/daily dia 04 (2026-09-19 → 2026-09-19) 36917 bytes
2026-09-15 09:37:41,077 [INFO] [OK] USA/GFS_ENSEMBLE_Wheat_Spring_PRCP/daily dia 05 (2026-09-20 → 2026-09-20) 35608 bytes
2026-09-15 09:37:41,622 [INFO] [OK] USA/GFS_ENSEMBLE_Wheat_Spring_PRCP/daily dia 06 (2026-09-21 → 2026-09-21) 34747 bytes
2026-09-15 09:37:41,694 [INFO] [OK] USA/GFS_ENSEMBLE_Wheat_Spring_PRCP/daily dia 07 (2026-09-22 → 2026-09-22) 35080 bytes
2026-09-15 09:37:41,775 [INFO] [OK] USA/GFS_ENSEMBLE_Wheat_Spring_PRCP/daily dia 08 (2026-09-23 → 2026-09-23) 34962 bytes
2026-09-15 09:37:41,932 [INFO] [OK] USA/GFS_ENSEMBLE_Wheat_Spring_PRCP/daily dia 09 (2026-09-24 → 2026-09-24) 35115 bytes
2026-09-15 09:37:42,141 [INFO] [OK] USA/GFS_ENSEMBLE_Wheat_Spring_PRCP/daily dia 10 (2026-09-25 → 2026-09-25) 34326 bytes
2026-09-15 09:37:42,640 [INFO] [OK] USA/GFS_ENSEMBLE_Wheat_Spring_PRCP/daily dia 11 (2026-09-26 → 2026-09-26) 35320 bytes
2026-09-15 09:37:43,263 [INFO] [OK] USA/GFS_ENSEMBLE_Wheat_Spring_PRCP/daily dia 12 (2026-09-27 → 2026-09-27) 33911 bytes
2026-09-15 09:37:43,318 [INFO] [OK] USA/GFS_ENSEMBLE_Wheat_Spring_PRCP/daily dia 13 (2026-09-28 → 2026-09-28) 35447 bytes
2026-09-15 09:37:43,405 [INFO] [OK] USA/GFS_ENSEMBLE_Wheat_Spring_PRCP/daily dia 14 (2026-09-29 → 2026-09-29) 35288 bytes
2026-09-15 09:37:43,550 [INFO] [OK] USA/GFS_ENSEMBLE_Wheat_Spring_PRCP/cumulative dia 00 (2026-09-15 → 2026-09-15) 35549 bytes
2026-09-15 09:37:43,915 [INFO] [OK] USA/GFS_ENSEMBLE_Wheat_Spring_PRCP/cumulative dia 01 (2026-09-15 → 2026-09-16) 37975 bytes
2026-09-15 09:37:44,480 [INFO] [OK] USA/GFS_ENSEMBLE_Wheat_Spring_PRCP/cumulative dia 02 (2026-09-15 → 2026-09-17) 40921 bytes
2026-09-15 09:37:45,205 [INFO] [OK] USA/GFS_ENSEMBLE_Wheat_Spring_PRCP/cumulative dia 03 (2026-09-15 → 2026-09-18) 43411 bytes
2026-09-15 09:37:45,384 [INFO] [OK] USA/GFS_ENSEMBLE_Wheat_Spring_PRCP/cumulative dia 04 (2026-09-15 → 2026-09-19) 45008 bytes
2026-09-15 09:37:45,643 [INFO] [OK] USA/GFS_ENSEMBLE_Wheat_Spring_PRCP/cumulative dia 05 (2026-09-15 → 2026-09-20) 46347 bytes
2026-09-15 09:37:45,827 [INFO] [OK] USA/GFS_ENSEMBLE_Wheat_Spring_PRCP/cumulative dia 06 (2026-09-15 → 2026-09-21) 46178 bytes
2026-09-15 09:37:46,223 [INFO] [OK] USA/GFS_ENSEMBLE_Wheat_Spring_PRCP/cumulative dia 07 (2026-09-15 → 2026-09-22) 46818 bytes
2026-09-15 09:37:46,943 [INFO] [OK] USA/GFS_ENSEMBLE_Wheat_Spring_PRCP/cumulative dia 08 (2026-09-15 → 2026-09-23) 47688 bytes
2026-09-15 09:37:48,047 [INFO] [OK] USA/GFS_ENSEMBLE_Wheat_Spring_PRCP/cumulative dia 09 (2026-09-15 → 2026-09-24) 48279 bytes
2026-09-15 09:37:48,413 [INFO] [OK] USA/GFS_ENSEMBLE_Wheat_Spring_PRCP/cumulative dia 10 (2026-09-15 → 2026-09-25) 48127 bytes
2026-09-15 09:37:48,853 [INFO] [OK] USA/GFS_ENSEMBLE_Wheat_Spring_PRCP/cumulative dia 11 (2026-09-15 → 2026-09-26) 48363 bytes
2026-09-15 09:37:49,122 [INFO] [OK] USA/GFS_ENSEMBLE_Wheat_Spring_PRCP/cumulative dia 12 (2026-09-15 → 2026-09-27) 48204 bytes
2026-09-15 09:37:49,427 [INFO] [OK] USA/GFS_ENSEMBLE_Wheat_Spring_PRCP/cumulative dia 13 (2026-09-15 → 2026-09-28) 48462 bytes
2026-09-15 09:37:49,748 [INFO] [OK] USA/ECM_ENSEMBLE_Corn_PRCP_DEP/daily dia 00 (2026-09-15 → 2026-09-15) 49752 bytes
2026-09-15 09:37:50,142 [INFO] [OK] USA/ECM_ENSEMBLE_Corn_PRCP_DEP/daily dia 01 (2026-09-16 → 2026-09-16) 52978 bytes
2026-09-15 09:37:50,149 [INFO] [OK] USA/GFS_ENSEMBLE_Wheat_Spring_PRCP/cumulative dia 14 (2026-09-15 → 2026-09-29) 48718 bytes
2026-09-15 09:37:50,546 [INFO] [OK] USA/ECM_ENSEMBLE_Corn_PRCP_DEP/daily dia 02 (2026-09-17 → 2026-09-17) 53399 bytes
2026-09-15 09:37:50,866 [INFO] [OK] USA/ECM_ENSEMBLE_Corn_PRCP_DEP/daily dia 03 (2026-09-18 → 2026-09-18) 52420 bytes
2026-09-15 09:37:51,219 [INFO] [OK] USA/ECM_ENSEMBLE_Corn_PRCP_DEP/daily dia 04 (2026-09-19 → 2026-09-19) 53442 bytes
2026-09-15 09:37:51,356 [INFO] [OK] USA/ECM_ENSEMBLE_Corn_PRCP_DEP/daily dia 05 (2026-09-20 → 2026-09-20) 54225 bytes
2026-09-15 09:37:51,975 [INFO] [OK] USA/ECM_ENSEMBLE_Corn_PRCP_DEP/daily dia 07 (2026-09-22 → 2026-09-22) 60547 bytes
2026-09-15 09:37:51,977 [INFO] [OK] USA/ECM_ENSEMBLE_Corn_PRCP_DEP/daily dia 06 (2026-09-21 → 2026-09-21) 56393 bytes
2026-09-15 09:37:52,304 [INFO] [OK] USA/ECM_ENSEMBLE_Corn_PRCP_DEP/daily dia 08 (2026-09-23 → 2026-09-23) 60426 bytes
2026-09-15 09:37:52,654 [INFO] [OK] USA/ECM_ENSEMBLE_Corn_PRCP_DEP/daily dia 09 (2026-09-24 → 2026-09-24) 60601 bytes
2026-09-15 09:37:53,129 [INFO] [OK] USA/ECM_ENSEMBLE_Corn_PRCP_DEP/daily dia 11 (2026-09-26 → 2026-09-26) 60662 bytes
2026-09-15 09:37:53,145 [INFO] [OK] USA/ECM_ENSEMBLE_Corn_PRCP_DEP/daily dia 10 (2026-09-25 → 2026-09-25) 59599 bytes
2026-09-15 09:37:53,631 [INFO] [OK] USA/ECM_ENSEMBLE_Corn_PRCP_DEP/daily dia 13 (2026-09-28 → 2026-09-28) 60299 bytes
2026-09-15 09:37:53,648 [INFO] [OK] USA/ECM_ENSEMBLE_Corn_PRCP_DEP/daily dia 12 (2026-09-27 → 2026-09-27) 60843 bytes
2026-09-15 09:37:54,177 [INFO] [OK] USA/ECM_ENSEMBLE_Corn_PRCP_DEP/daily dia 14 (2026-09-29 → 2026-09-29) 61730 bytes
2026-09-15 09:37:54,340 [INFO] [OK] USA/ECM_ENSEMBLE_Corn_PRCP_DEP/cumulative dia 00 (2026-09-15 → 2026-09-15) 49752 bytes
2026-09-15 09:37:54,918 [INFO] [OK] USA/ECM_ENSEMBLE_Corn_PRCP_DEP/cumulative dia 01 (2026-09-15 → 2026-09-16) 53817 bytes
2026-09-15 09:37:54,977 [INFO] [OK] USA/ECM_ENSEMBLE_Corn_PRCP_DEP/cumulative dia 02 (2026-09-15 → 2026-09-17) 56528 bytes
2026-09-15 09:37:55,583 [INFO] [OK] USA/ECM_ENSEMBLE_Corn_PRCP_DEP/cumulative dia 03 (2026-09-15 → 2026-09-18) 56317 bytes
2026-09-15 09:37:55,749 [INFO] [OK] USA/ECM_ENSEMBLE_Corn_PRCP_DEP/cumulative dia 04 (2026-09-15 → 2026-09-19) 55773 bytes
2026-09-15 09:37:56,296 [INFO] [OK] USA/ECM_ENSEMBLE_Corn_PRCP_DEP/cumulative dia 05 (2026-09-15 → 2026-09-20) 56649 bytes
2026-09-15 09:37:56,585 [INFO] [OK] USA/ECM_ENSEMBLE_Corn_PRCP_DEP/cumulative dia 06 (2026-09-15 → 2026-09-21) 58753 bytes
2026-09-15 09:37:57,717 [INFO] [OK] USA/ECM_ENSEMBLE_Corn_PRCP_DEP/cumulative dia 07 (2026-09-15 → 2026-09-22) 59933 bytes
2026-09-15 09:37:57,816 [INFO] [OK] USA/ECM_ENSEMBLE_Corn_PRCP_DEP/cumulative dia 08 (2026-09-15 → 2026-09-23) 59908 bytes
2026-09-15 09:37:58,194 [INFO] [OK] USA/ECM_ENSEMBLE_Corn_PRCP_DEP/cumulative dia 09 (2026-09-15 → 2026-09-24) 59787 bytes
2026-09-15 09:37:58,546 [INFO] [OK] USA/ECM_ENSEMBLE_Corn_PRCP_DEP/cumulative dia 10 (2026-09-15 → 2026-09-25) 60394 bytes
2026-09-15 09:37:59,026 [INFO] [OK] USA/ECM_ENSEMBLE_Corn_PRCP_DEP/cumulative dia 11 (2026-09-15 → 2026-09-26) 59997 bytes
2026-09-15 09:37:59,475 [INFO] [OK] USA/ECM_ENSEMBLE_Corn_PRCP_DEP/cumulative dia 12 (2026-09-15 → 2026-09-27) 59583 bytes
2026-09-15 09:37:59,788 [INFO] [OK] USA/ECM_ENSEMBLE_Corn_PRCP/daily dia 00 (2026-09-15 → 2026-09-15) 37851 bytes
2026-09-15 09:38:00,398 [INFO] [OK] USA/ECM_ENSEMBLE_Corn_PRCP/daily dia 01 (2026-09-16 → 2026-09-16) 37872 bytes
2026-09-15 09:38:00,760 [INFO] [OK] USA/ECM_ENSEMBLE_Corn_PRCP/daily dia 02 (2026-09-17 → 2026-09-17) 38740 bytes
2026-09-15 09:38:00,829 [INFO] [OK] USA/ECM_ENSEMBLE_Corn_PRCP_DEP/cumulative dia 13 (2026-09-15 → 2026-09-28) 59681 bytes
2026-09-15 09:38:01,069 [INFO] [OK] USA/ECM_ENSEMBLE_Corn_PRCP_DEP/cumulative dia 14 (2026-09-15 → 2026-09-29) 59585 bytes
2026-09-15 09:38:01,569 [INFO] [OK] USA/ECM_ENSEMBLE_Corn_PRCP/daily dia 03 (2026-09-18 → 2026-09-18) 38590 bytes
2026-09-15 09:38:01,734 [INFO] [OK] USA/ECM_ENSEMBLE_Corn_PRCP/daily dia 04 (2026-09-19 → 2026-09-19) 38270 bytes
2026-09-15 09:38:02,028 [INFO] [OK] USA/ECM_ENSEMBLE_Corn_PRCP/daily dia 05 (2026-09-20 → 2026-09-20) 37154 bytes
2026-09-15 09:38:02,363 [INFO] [OK] USA/ECM_ENSEMBLE_Corn_PRCP/daily dia 06 (2026-09-21 → 2026-09-21) 36758 bytes
2026-09-15 09:38:02,457 [INFO] [OK] USA/ECM_ENSEMBLE_Corn_PRCP/daily dia 07 (2026-09-22 → 2026-09-22) 36730 bytes
2026-09-15 09:38:02,914 [INFO] [OK] USA/ECM_ENSEMBLE_Corn_PRCP/daily dia 08 (2026-09-23 → 2026-09-23) 37105 bytes
2026-09-15 09:38:03,265 [INFO] [OK] USA/ECM_ENSEMBLE_Corn_PRCP/daily dia 09 (2026-09-24 → 2026-09-24) 36528 bytes
2026-09-15 09:38:03,363 [INFO] [OK] USA/ECM_ENSEMBLE_Corn_PRCP/daily dia 10 (2026-09-25 → 2026-09-25) 35918 bytes
2026-09-15 09:38:03,729 [INFO] [OK] USA/ECM_ENSEMBLE_Corn_PRCP/daily dia 11 (2026-09-26 → 2026-09-26) 36207 bytes
2026-09-15 09:38:03,980 [INFO] [OK] USA/ECM_ENSEMBLE_Corn_PRCP/daily dia 12 (2026-09-27 → 2026-09-27) 36527 bytes
2026-09-15 09:38:04,038 [INFO] [OK] USA/ECM_ENSEMBLE_Corn_PRCP/daily dia 13 (2026-09-28 → 2026-09-28) 36962 bytes
2026-09-15 09:38:04,507 [INFO] [OK] USA/ECM_ENSEMBLE_Corn_PRCP/daily dia 14 (2026-09-29 → 2026-09-29) 36407 bytes
2026-09-15 09:38:04,882 [INFO] [OK] USA/ECM_ENSEMBLE_Corn_PRCP/cumulative dia 00 (2026-09-15 → 2026-09-15) 37851 bytes
2026-09-15 09:38:05,018 [INFO] [OK] USA/ECM_ENSEMBLE_Corn_PRCP/cumulative dia 01 (2026-09-15 → 2026-09-16) 41361 bytes
2026-09-15 09:38:05,560 [INFO] [OK] USA/ECM_ENSEMBLE_Corn_PRCP/cumulative dia 02 (2026-09-15 → 2026-09-17) 44520 bytes
2026-09-15 09:38:05,883 [INFO] [OK] USA/ECM_ENSEMBLE_Corn_PRCP/cumulative dia 03 (2026-09-15 → 2026-09-18) 45824 bytes
2026-09-15 09:38:06,065 [INFO] [OK] USA/ECM_ENSEMBLE_Corn_PRCP/cumulative dia 04 (2026-09-15 → 2026-09-19) 46863 bytes
2026-09-15 09:38:06,817 [INFO] [OK] USA/ECM_ENSEMBLE_Corn_PRCP/cumulative dia 05 (2026-09-15 → 2026-09-20) 47397 bytes
2026-09-15 09:38:07,080 [INFO] [OK] USA/ECM_ENSEMBLE_Corn_PRCP/cumulative dia 06 (2026-09-15 → 2026-09-21) 47861 bytes
2026-09-15 09:38:07,483 [INFO] [OK] USA/ECM_ENSEMBLE_Corn_PRCP/cumulative dia 07 (2026-09-15 → 2026-09-22) 49253 bytes
2026-09-15 09:38:08,102 [INFO] [OK] USA/ECM_ENSEMBLE_Corn_PRCP/cumulative dia 08 (2026-09-15 → 2026-09-23) 49777 bytes
2026-09-15 09:38:08,678 [INFO] [OK] USA/ECM_ENSEMBLE_Corn_PRCP/cumulative dia 09 (2026-09-15 → 2026-09-24) 50457 bytes
2026-09-15 09:38:08,785 [INFO] [OK] USA/ECM_ENSEMBLE_Corn_PRCP/cumulative dia 10 (2026-09-15 → 2026-09-25) 50815 bytes
2026-09-15 09:38:09,905 [INFO] [OK] USA/ECM_ENSEMBLE_Corn_PRCP/cumulative dia 11 (2026-09-15 → 2026-09-26) 50179 bytes
2026-09-15 09:38:10,789 [INFO] [OK] USA/ECM_ENSEMBLE_Corn_PRCP/cumulative dia 13 (2026-09-15 → 2026-09-28) 51872 bytes
2026-09-15 09:38:10,902 [INFO] [OK] USA/ECM_ENSEMBLE_Corn_PRCP/cumulative dia 12 (2026-09-15 → 2026-09-27) 51108 bytes
2026-09-15 09:38:11,046 [INFO] [OK] USA/ECM_ENSEMBLE_Soy_PRCP_DEP/daily dia 00 (2026-09-15 → 2026-09-15) 49370 bytes
2026-09-15 09:38:11,323 [INFO] [OK] USA/ECM_ENSEMBLE_Soy_PRCP_DEP/daily dia 01 (2026-09-16 → 2026-09-16) 52424 bytes
2026-09-15 09:38:11,416 [INFO] [OK] USA/ECM_ENSEMBLE_Corn_PRCP/cumulative dia 14 (2026-09-15 → 2026-09-29) 51681 bytes
2026-09-15 09:38:11,732 [INFO] [OK] USA/ECM_ENSEMBLE_Soy_PRCP_DEP/daily dia 02 (2026-09-17 → 2026-09-17) 52996 bytes
2026-09-15 09:38:12,632 [INFO] [OK] USA/ECM_ENSEMBLE_Soy_PRCP_DEP/daily dia 03 (2026-09-18 → 2026-09-18) 52065 bytes
2026-09-15 09:38:12,712 [INFO] [OK] USA/ECM_ENSEMBLE_Soy_PRCP_DEP/daily dia 04 (2026-09-19 → 2026-09-19) 53016 bytes
2026-09-15 09:38:13,207 [INFO] [OK] USA/ECM_ENSEMBLE_Soy_PRCP_DEP/daily dia 05 (2026-09-20 → 2026-09-20) 53830 bytes
2026-09-15 09:38:13,261 [INFO] [OK] USA/ECM_ENSEMBLE_Soy_PRCP_DEP/daily dia 07 (2026-09-22 → 2026-09-22) 60192 bytes
2026-09-15 09:38:13,324 [INFO] [OK] USA/ECM_ENSEMBLE_Soy_PRCP_DEP/daily dia 06 (2026-09-21 → 2026-09-21) 55954 bytes
2026-09-15 09:38:13,331 [INFO] [OK] USA/ECM_ENSEMBLE_Soy_PRCP_DEP/daily dia 08 (2026-09-23 → 2026-09-23) 59977 bytes
2026-09-15 09:38:14,306 [INFO] [OK] USA/ECM_ENSEMBLE_Soy_PRCP_DEP/daily dia 09 (2026-09-24 → 2026-09-24) 60473 bytes
2026-09-15 09:38:14,382 [INFO] [OK] USA/ECM_ENSEMBLE_Soy_PRCP_DEP/daily dia 10 (2026-09-25 → 2026-09-25) 59286 bytes
2026-09-15 09:38:15,051 [INFO] [OK] USA/ECM_ENSEMBLE_Soy_PRCP_DEP/daily dia 11 (2026-09-26 → 2026-09-26) 60442 bytes
2026-09-15 09:38:15,395 [INFO] [OK] USA/ECM_ENSEMBLE_Soy_PRCP_DEP/daily dia 12 (2026-09-27 → 2026-09-27) 60752 bytes
2026-09-15 09:38:15,421 [INFO] [OK] USA/ECM_ENSEMBLE_Soy_PRCP_DEP/daily dia 13 (2026-09-28 → 2026-09-28) 59965 bytes
2026-09-15 09:38:15,445 [INFO] [OK] USA/ECM_ENSEMBLE_Soy_PRCP_DEP/daily dia 14 (2026-09-29 → 2026-09-29) 61147 bytes
2026-09-15 09:38:16,030 [INFO] [OK] USA/ECM_ENSEMBLE_Soy_PRCP_DEP/cumulative dia 00 (2026-09-15 → 2026-09-15) 49370 bytes
2026-09-15 09:38:16,197 [INFO] [OK] USA/ECM_ENSEMBLE_Soy_PRCP_DEP/cumulative dia 01 (2026-09-15 → 2026-09-16) 53431 bytes
2026-09-15 09:38:16,946 [INFO] [OK] USA/ECM_ENSEMBLE_Soy_PRCP_DEP/cumulative dia 02 (2026-09-15 → 2026-09-17) 56228 bytes
2026-09-15 09:38:17,557 [INFO] [OK] USA/ECM_ENSEMBLE_Soy_PRCP_DEP/cumulative dia 03 (2026-09-15 → 2026-09-18) 55939 bytes
2026-09-15 09:38:17,626 [INFO] [OK] USA/ECM_ENSEMBLE_Soy_PRCP_DEP/cumulative dia 04 (2026-09-15 → 2026-09-19) 55360 bytes
2026-09-15 09:38:17,735 [INFO] [OK] USA/ECM_ENSEMBLE_Soy_PRCP_DEP/cumulative dia 05 (2026-09-15 → 2026-09-20) 56330 bytes
2026-09-15 09:38:18,370 [INFO] [OK] USA/ECM_ENSEMBLE_Soy_PRCP_DEP/cumulative dia 06 (2026-09-15 → 2026-09-21) 58544 bytes
2026-09-15 09:38:18,632 [INFO] [OK] USA/ECM_ENSEMBLE_Soy_PRCP_DEP/cumulative dia 07 (2026-09-15 → 2026-09-22) 59485 bytes
2026-09-15 09:38:19,406 [INFO] [OK] USA/ECM_ENSEMBLE_Soy_PRCP_DEP/cumulative dia 08 (2026-09-15 → 2026-09-23) 59525 bytes
2026-09-15 09:38:20,383 [INFO] [OK] USA/ECM_ENSEMBLE_Soy_PRCP_DEP/cumulative dia 09 (2026-09-15 → 2026-09-24) 59416 bytes
2026-09-15 09:38:20,441 [INFO] [OK] USA/ECM_ENSEMBLE_Soy_PRCP_DEP/cumulative dia 10 (2026-09-15 → 2026-09-25) 59952 bytes
2026-09-15 09:38:20,726 [INFO] [OK] USA/ECM_ENSEMBLE_Soy_PRCP_DEP/cumulative dia 11 (2026-09-15 → 2026-09-26) 59482 bytes
2026-09-15 09:38:21,272 [INFO] [OK] USA/ECM_ENSEMBLE_Soy_PRCP_DEP/cumulative dia 12 (2026-09-15 → 2026-09-27) 59203 bytes
2026-09-15 09:38:21,735 [INFO] [OK] USA/ECM_ENSEMBLE_Soy_PRCP_DEP/cumulative dia 13 (2026-09-15 → 2026-09-28) 59315 bytes
2026-09-15 09:38:22,063 [INFO] [OK] USA/ECM_ENSEMBLE_Soy_PRCP/daily dia 00 (2026-09-15 → 2026-09-15) 37383 bytes
2026-09-15 09:38:22,112 [INFO] [OK] USA/ECM_ENSEMBLE_Soy_PRCP/daily dia 01 (2026-09-16 → 2026-09-16) 37311 bytes
2026-09-15 09:38:22,405 [INFO] [OK] USA/ECM_ENSEMBLE_Soy_PRCP/daily dia 02 (2026-09-17 → 2026-09-17) 38326 bytes
2026-09-15 09:38:22,530 [INFO] [OK] USA/ECM_ENSEMBLE_Soy_PRCP_DEP/cumulative dia 14 (2026-09-15 → 2026-09-29) 59168 bytes
2026-09-15 09:38:22,825 [INFO] [OK] USA/ECM_ENSEMBLE_Soy_PRCP/daily dia 03 (2026-09-18 → 2026-09-18) 38288 bytes
2026-09-15 09:38:23,295 [INFO] [OK] USA/ECM_ENSEMBLE_Soy_PRCP/daily dia 04 (2026-09-19 → 2026-09-19) 37921 bytes
2026-09-15 09:38:23,777 [INFO] [OK] USA/ECM_ENSEMBLE_Soy_PRCP/daily dia 05 (2026-09-20 → 2026-09-20) 36588 bytes
2026-09-15 09:38:23,853 [INFO] [OK] USA/ECM_ENSEMBLE_Soy_PRCP/daily dia 06 (2026-09-21 → 2026-09-21) 36103 bytes
2026-09-15 09:38:24,136 [INFO] [OK] USA/ECM_ENSEMBLE_Soy_PRCP/daily dia 07 (2026-09-22 → 2026-09-22) 36284 bytes
2026-09-15 09:38:24,205 [INFO] [OK] USA/ECM_ENSEMBLE_Soy_PRCP/daily dia 08 (2026-09-23 → 2026-09-23) 36510 bytes
2026-09-15 09:38:24,384 [INFO] [OK] USA/ECM_ENSEMBLE_Soy_PRCP/daily dia 09 (2026-09-24 → 2026-09-24) 36005 bytes
2026-09-15 09:38:25,011 [INFO] [OK] USA/ECM_ENSEMBLE_Soy_PRCP/daily dia 10 (2026-09-25 → 2026-09-25) 35493 bytes
2026-09-15 09:38:25,367 [INFO] [OK] USA/ECM_ENSEMBLE_Soy_PRCP/daily dia 11 (2026-09-26 → 2026-09-26) 35821 bytes
2026-09-15 09:38:25,517 [INFO] [OK] USA/ECM_ENSEMBLE_Soy_PRCP/daily dia 12 (2026-09-27 → 2026-09-27) 35933 bytes
2026-09-15 09:38:25,763 [INFO] [OK] USA/ECM_ENSEMBLE_Soy_PRCP/daily dia 14 (2026-09-29 → 2026-09-29) 36047 bytes
2026-09-15 09:38:25,785 [INFO] [OK] USA/ECM_ENSEMBLE_Soy_PRCP/daily dia 13 (2026-09-28 → 2026-09-28) 36456 bytes
2026-09-15 09:38:25,986 [INFO] [OK] USA/ECM_ENSEMBLE_Soy_PRCP/cumulative dia 00 (2026-09-15 → 2026-09-15) 37383 bytes
2026-09-15 09:38:26,697 [INFO] [OK] USA/ECM_ENSEMBLE_Soy_PRCP/cumulative dia 01 (2026-09-15 → 2026-09-16) 40892 bytes
2026-09-15 09:38:27,174 [INFO] [OK] USA/ECM_ENSEMBLE_Soy_PRCP/cumulative dia 02 (2026-09-15 → 2026-09-17) 44158 bytes
2026-09-15 09:38:27,467 [INFO] [OK] USA/ECM_ENSEMBLE_Soy_PRCP/cumulative dia 03 (2026-09-15 → 2026-09-18) 45353 bytes
2026-09-15 09:38:27,785 [INFO] [OK] USA/ECM_ENSEMBLE_Soy_PRCP/cumulative dia 04 (2026-09-15 → 2026-09-19) 46476 bytes
2026-09-15 09:38:27,894 [INFO] [OK] USA/ECM_ENSEMBLE_Soy_PRCP/cumulative dia 05 (2026-09-15 → 2026-09-20) 46939 bytes
2026-09-15 09:38:28,239 [INFO] [OK] USA/ECM_ENSEMBLE_Soy_PRCP/cumulative dia 06 (2026-09-15 → 2026-09-21) 47259 bytes
2026-09-15 09:38:28,975 [INFO] [OK] USA/ECM_ENSEMBLE_Soy_PRCP/cumulative dia 07 (2026-09-15 → 2026-09-22) 48698 bytes
2026-09-15 09:38:29,644 [INFO] [OK] USA/ECM_ENSEMBLE_Soy_PRCP/cumulative dia 08 (2026-09-15 → 2026-09-23) 49235 bytes
2026-09-15 09:38:30,040 [INFO] [OK] USA/ECM_ENSEMBLE_Soy_PRCP/cumulative dia 09 (2026-09-15 → 2026-09-24) 49954 bytes
2026-09-15 09:38:30,735 [INFO] [OK] USA/ECM_ENSEMBLE_Soy_PRCP/cumulative dia 10 (2026-09-15 → 2026-09-25) 50378 bytes
2026-09-15 09:38:30,850 [INFO] [OK] USA/ECM_ENSEMBLE_Soy_PRCP/cumulative dia 11 (2026-09-15 → 2026-09-26) 49776 bytes
2026-09-15 09:38:31,267 [INFO] [OK] USA/ECM_ENSEMBLE_Soy_PRCP/cumulative dia 12 (2026-09-15 → 2026-09-27) 50711 bytes
2026-09-15 09:38:31,837 [INFO] [OK] USA/ECM_ENSEMBLE_Wheat_Winter_PRCP_DEP/daily dia 00 (2026-09-15 → 2026-09-15) 50948 bytes
2026-09-15 09:38:32,465 [INFO] [OK] USA/ECM_ENSEMBLE_Soy_PRCP/cumulative dia 13 (2026-09-15 → 2026-09-28) 51430 bytes
2026-09-15 09:38:33,017 [INFO] [OK] USA/ECM_ENSEMBLE_Wheat_Winter_PRCP_DEP/daily dia 01 (2026-09-16 → 2026-09-16) 54017 bytes
2026-09-15 09:38:33,101 [INFO] [OK] USA/ECM_ENSEMBLE_Wheat_Winter_PRCP_DEP/daily dia 03 (2026-09-18 → 2026-09-18) 53888 bytes
2026-09-15 09:38:33,159 [INFO] [OK] USA/ECM_ENSEMBLE_Soy_PRCP/cumulative dia 14 (2026-09-15 → 2026-09-29) 51248 bytes
2026-09-15 09:38:33,313 [INFO] [OK] USA/ECM_ENSEMBLE_Wheat_Winter_PRCP_DEP/daily dia 02 (2026-09-17 → 2026-09-17) 54197 bytes
2026-09-15 09:38:33,659 [INFO] [OK] USA/ECM_ENSEMBLE_Wheat_Winter_PRCP_DEP/daily dia 04 (2026-09-19 → 2026-09-19) 54859 bytes
2026-09-15 09:38:34,024 [INFO] [OK] USA/ECM_ENSEMBLE_Wheat_Winter_PRCP_DEP/daily dia 05 (2026-09-20 → 2026-09-20) 55379 bytes
2026-09-15 09:38:34,697 [INFO] [OK] USA/ECM_ENSEMBLE_Wheat_Winter_PRCP_DEP/daily dia 06 (2026-09-21 → 2026-09-21) 57748 bytes
2026-09-15 09:38:34,760 [INFO] [OK] USA/ECM_ENSEMBLE_Wheat_Winter_PRCP_DEP/daily dia 07 (2026-09-22 → 2026-09-22) 61554 bytes
2026-09-15 09:38:34,855 [INFO] [OK] USA/ECM_ENSEMBLE_Wheat_Winter_PRCP_DEP/daily dia 08 (2026-09-23 → 2026-09-23) 61732 bytes
2026-09-15 09:38:35,084 [INFO] [OK] USA/ECM_ENSEMBLE_Wheat_Winter_PRCP_DEP/daily dia 09 (2026-09-24 → 2026-09-24) 61720 bytes
2026-09-15 09:38:35,329 [INFO] [OK] USA/ECM_ENSEMBLE_Wheat_Winter_PRCP_DEP/daily dia 10 (2026-09-25 → 2026-09-25) 60862 bytes
2026-09-15 09:38:35,736 [INFO] [OK] USA/ECM_ENSEMBLE_Wheat_Winter_PRCP_DEP/daily dia 11 (2026-09-26 → 2026-09-26) 61762 bytes
2026-09-15 09:38:36,447 [INFO] [OK] USA/ECM_ENSEMBLE_Wheat_Winter_PRCP_DEP/daily dia 13 (2026-09-28 → 2026-09-28) 61405 bytes
2026-09-15 09:38:36,611 [INFO] [OK] USA/ECM_ENSEMBLE_Wheat_Winter_PRCP_DEP/daily dia 12 (2026-09-27 → 2026-09-27) 62203 bytes
2026-09-15 09:38:36,698 [INFO] [OK] USA/ECM_ENSEMBLE_Wheat_Winter_PRCP_DEP/cumulative dia 00 (2026-09-15 → 2026-09-15) 50948 bytes
2026-09-15 09:38:36,746 [INFO] [OK] USA/ECM_ENSEMBLE_Wheat_Winter_PRCP_DEP/daily dia 14 (2026-09-29 → 2026-09-29) 62959 bytes
2026-09-15 09:38:37,110 [INFO] [OK] USA/ECM_ENSEMBLE_Wheat_Winter_PRCP_DEP/cumulative dia 01 (2026-09-15 → 2026-09-16) 55044 bytes
2026-09-15 09:38:37,571 [INFO] [OK] USA/ECM_ENSEMBLE_Wheat_Winter_PRCP_DEP/cumulative dia 02 (2026-09-15 → 2026-09-17) 57515 bytes
2026-09-15 09:38:38,406 [INFO] [OK] USA/ECM_ENSEMBLE_Wheat_Winter_PRCP_DEP/cumulative dia 03 (2026-09-15 → 2026-09-18) 57413 bytes
2026-09-15 09:38:38,732 [INFO] [OK] USA/ECM_ENSEMBLE_Wheat_Winter_PRCP_DEP/cumulative dia 04 (2026-09-15 → 2026-09-19) 56986 bytes
2026-09-15 09:38:38,977 [INFO] [OK] USA/ECM_ENSEMBLE_Wheat_Winter_PRCP_DEP/cumulative dia 05 (2026-09-15 → 2026-09-20) 57976 bytes
2026-09-15 09:38:39,086 [INFO] [OK] USA/ECM_ENSEMBLE_Wheat_Winter_PRCP_DEP/cumulative dia 06 (2026-09-15 → 2026-09-21) 59890 bytes
2026-09-15 09:38:39,599 [INFO] [OK] USA/ECM_ENSEMBLE_Wheat_Winter_PRCP_DEP/cumulative dia 07 (2026-09-15 → 2026-09-22) 60765 bytes
2026-09-15 09:38:40,020 [INFO] [OK] USA/ECM_ENSEMBLE_Wheat_Winter_PRCP_DEP/cumulative dia 08 (2026-09-15 → 2026-09-23) 60748 bytes
2026-09-15 09:38:40,959 [INFO] [OK] USA/ECM_ENSEMBLE_Wheat_Winter_PRCP_DEP/cumulative dia 09 (2026-09-15 → 2026-09-24) 60656 bytes
2026-09-15 09:38:41,348 [INFO] [OK] USA/ECM_ENSEMBLE_Wheat_Winter_PRCP_DEP/cumulative dia 10 (2026-09-15 → 2026-09-25) 61016 bytes
2026-09-15 09:38:41,924 [INFO] [OK] USA/ECM_ENSEMBLE_Wheat_Winter_PRCP_DEP/cumulative dia 11 (2026-09-15 → 2026-09-26) 60768 bytes
2026-09-15 09:38:42,184 [INFO] [OK] USA/ECM_ENSEMBLE_Wheat_Winter_PRCP_DEP/cumulative dia 12 (2026-09-15 → 2026-09-27) 60486 bytes
2026-09-15 09:38:42,518 [INFO] [OK] USA/ECM_ENSEMBLE_Wheat_Winter_PRCP/daily dia 00 (2026-09-15 → 2026-09-15) 38910 bytes
2026-09-15 09:38:42,624 [INFO] [OK] USA/ECM_ENSEMBLE_Wheat_Winter_PRCP_DEP/cumulative dia 13 (2026-09-15 → 2026-09-28) 60465 bytes
2026-09-15 09:38:43,126 [INFO] [OK] USA/ECM_ENSEMBLE_Wheat_Winter_PRCP/daily dia 01 (2026-09-16 → 2026-09-16) 38930 bytes
2026-09-15 09:38:43,126 [INFO] [OK] USA/ECM_ENSEMBLE_Wheat_Winter_PRCP_DEP/cumulative dia 14 (2026-09-15 → 2026-09-29) 60473 bytes
2026-09-15 09:38:43,486 [INFO] [OK] USA/ECM_ENSEMBLE_Wheat_Winter_PRCP/daily dia 02 (2026-09-17 → 2026-09-17) 39716 bytes
2026-09-15 09:38:43,898 [INFO] [OK] USA/ECM_ENSEMBLE_Wheat_Winter_PRCP/daily dia 03 (2026-09-18 → 2026-09-18) 39871 bytes
2026-09-15 09:38:44,132 [INFO] [OK] USA/ECM_ENSEMBLE_Wheat_Winter_PRCP/daily dia 04 (2026-09-19 → 2026-09-19) 39368 bytes
2026-09-15 09:38:44,265 [INFO] [OK] USA/ECM_ENSEMBLE_Wheat_Winter_PRCP/daily dia 05 (2026-09-20 → 2026-09-20) 38122 bytes
2026-09-15 09:38:44,661 [INFO] [OK] USA/ECM_ENSEMBLE_Wheat_Winter_PRCP/daily dia 07 (2026-09-22 → 2026-09-22) 37742 bytes
2026-09-15 09:38:44,751 [INFO] [OK] USA/ECM_ENSEMBLE_Wheat_Winter_PRCP/daily dia 06 (2026-09-21 → 2026-09-21) 37828 bytes
2026-09-15 09:38:45,078 [INFO] [OK] USA/ECM_ENSEMBLE_Wheat_Winter_PRCP/daily dia 08 (2026-09-23 → 2026-09-23) 37951 bytes
2026-09-15 09:38:45,705 [INFO] [OK] USA/ECM_ENSEMBLE_Wheat_Winter_PRCP/daily dia 09 (2026-09-24 → 2026-09-24) 37486 bytes
2026-09-15 09:38:46,180 [INFO] [OK] USA/ECM_ENSEMBLE_Wheat_Winter_PRCP/daily dia 10 (2026-09-25 → 2026-09-25) 36777 bytes
2026-09-15 09:38:46,463 [INFO] [OK] USA/ECM_ENSEMBLE_Wheat_Winter_PRCP/daily dia 11 (2026-09-26 → 2026-09-26) 37031 bytes
2026-09-15 09:38:46,669 [INFO] [OK] USA/ECM_ENSEMBLE_Wheat_Winter_PRCP/daily dia 13 (2026-09-28 → 2026-09-28) 37855 bytes
2026-09-15 09:38:46,684 [INFO] [OK] USA/ECM_ENSEMBLE_Wheat_Winter_PRCP/daily dia 12 (2026-09-27 → 2026-09-27) 37291 bytes
2026-09-15 09:38:46,880 [INFO] [OK] USA/ECM_ENSEMBLE_Wheat_Winter_PRCP/daily dia 14 (2026-09-29 → 2026-09-29) 37484 bytes
2026-09-15 09:38:47,561 [INFO] [OK] USA/ECM_ENSEMBLE_Wheat_Winter_PRCP/cumulative dia 00 (2026-09-15 → 2026-09-15) 38910 bytes
2026-09-15 09:38:47,899 [INFO] [OK] USA/ECM_ENSEMBLE_Wheat_Winter_PRCP/cumulative dia 01 (2026-09-15 → 2026-09-16) 42378 bytes
2026-09-15 09:38:48,202 [INFO] [OK] USA/ECM_ENSEMBLE_Wheat_Winter_PRCP/cumulative dia 02 (2026-09-15 → 2026-09-17) 45592 bytes
2026-09-15 09:38:48,560 [INFO] [OK] USA/ECM_ENSEMBLE_Wheat_Winter_PRCP/cumulative dia 03 (2026-09-15 → 2026-09-18) 46971 bytes
2026-09-15 09:38:48,693 [INFO] [OK] USA/ECM_ENSEMBLE_Wheat_Winter_PRCP/cumulative dia 04 (2026-09-15 → 2026-09-19) 48132 bytes
2026-09-15 09:38:49,005 [INFO] [OK] USA/ECM_ENSEMBLE_Wheat_Winter_PRCP/cumulative dia 05 (2026-09-15 → 2026-09-20) 48731 bytes
2026-09-15 09:38:49,727 [INFO] [OK] USA/ECM_ENSEMBLE_Wheat_Winter_PRCP/cumulative dia 06 (2026-09-15 → 2026-09-21) 49032 bytes
2026-09-15 09:38:50,388 [INFO] [OK] USA/ECM_ENSEMBLE_Wheat_Winter_PRCP/cumulative dia 07 (2026-09-15 → 2026-09-22) 50439 bytes
2026-09-15 09:38:50,876 [INFO] [OK] USA/ECM_ENSEMBLE_Wheat_Winter_PRCP/cumulative dia 08 (2026-09-15 → 2026-09-23) 51318 bytes
2026-09-15 09:38:51,352 [INFO] [OK] USA/ECM_ENSEMBLE_Wheat_Winter_PRCP/cumulative dia 09 (2026-09-15 → 2026-09-24) 52028 bytes
2026-09-15 09:38:51,359 [INFO] [OK] USA/ECM_ENSEMBLE_Wheat_Winter_PRCP/cumulative dia 10 (2026-09-15 → 2026-09-25) 52180 bytes
2026-09-15 09:38:51,724 [INFO] [OK] USA/ECM_ENSEMBLE_Wheat_Winter_PRCP/cumulative dia 11 (2026-09-15 → 2026-09-26) 51587 bytes
2026-09-15 09:38:52,727 [INFO] [OK] USA/ECM_ENSEMBLE_Wheat_Winter_PRCP/cumulative dia 12 (2026-09-15 → 2026-09-27) 52654 bytes
2026-09-15 09:38:53,018 [INFO] [OK] USA/ECM_ENSEMBLE_Wheat_Spring_PRCP_DEP/daily dia 01 (2026-09-16 → 2026-09-16) 50999 bytes
2026-09-15 09:38:53,067 [INFO] [OK] USA/ECM_ENSEMBLE_Wheat_Spring_PRCP_DEP/daily dia 00 (2026-09-15 → 2026-09-15) 47723 bytes
2026-09-15 09:38:53,230 [INFO] [OK] USA/ECM_ENSEMBLE_Wheat_Winter_PRCP/cumulative dia 13 (2026-09-15 → 2026-09-28) 53446 bytes
2026-09-15 09:38:53,419 [INFO] [OK] USA/ECM_ENSEMBLE_Wheat_Spring_PRCP_DEP/daily dia 02 (2026-09-17 → 2026-09-17) 51399 bytes
2026-09-15 09:38:53,768 [INFO] [OK] USA/ECM_ENSEMBLE_Wheat_Winter_PRCP/cumulative dia 14 (2026-09-15 → 2026-09-29) 53198 bytes
2026-09-15 09:38:54,452 [INFO] [OK] USA/ECM_ENSEMBLE_Wheat_Spring_PRCP_DEP/daily dia 03 (2026-09-18 → 2026-09-18) 50227 bytes
2026-09-15 09:38:55,109 [INFO] [OK] USA/ECM_ENSEMBLE_Wheat_Spring_PRCP_DEP/daily dia 04 (2026-09-19 → 2026-09-19) 51451 bytes
2026-09-15 09:38:55,111 [INFO] [OK] USA/ECM_ENSEMBLE_Wheat_Spring_PRCP_DEP/daily dia 05 (2026-09-20 → 2026-09-20) 52068 bytes
2026-09-15 09:38:55,117 [INFO] [OK] USA/ECM_ENSEMBLE_Wheat_Spring_PRCP_DEP/daily dia 06 (2026-09-21 → 2026-09-21) 54389 bytes
2026-09-15 09:38:55,182 [INFO] [OK] USA/ECM_ENSEMBLE_Wheat_Spring_PRCP_DEP/daily dia 07 (2026-09-22 → 2026-09-22) 58207 bytes
2026-09-15 09:38:55,412 [INFO] [OK] USA/ECM_ENSEMBLE_Wheat_Spring_PRCP_DEP/daily dia 08 (2026-09-23 → 2026-09-23) 58373 bytes
2026-09-15 09:38:56,392 [INFO] [OK] USA/ECM_ENSEMBLE_Wheat_Spring_PRCP_DEP/daily dia 09 (2026-09-24 → 2026-09-24) 58183 bytes
2026-09-15 09:38:56,769 [INFO] [OK] USA/ECM_ENSEMBLE_Wheat_Spring_PRCP_DEP/daily dia 10 (2026-09-25 → 2026-09-25) 57365 bytes
2026-09-15 09:38:56,986 [INFO] [OK] USA/ECM_ENSEMBLE_Wheat_Spring_PRCP_DEP/daily dia 12 (2026-09-27 → 2026-09-27) 58556 bytes
2026-09-15 09:38:57,010 [INFO] [OK] USA/ECM_ENSEMBLE_Wheat_Spring_PRCP_DEP/daily dia 11 (2026-09-26 → 2026-09-26) 58224 bytes
2026-09-15 09:38:57,036 [INFO] [OK] USA/ECM_ENSEMBLE_Wheat_Spring_PRCP_DEP/daily dia 13 (2026-09-28 → 2026-09-28) 57634 bytes
2026-09-15 09:38:57,189 [INFO] [OK] USA/ECM_ENSEMBLE_Wheat_Spring_PRCP_DEP/daily dia 14 (2026-09-29 → 2026-09-29) 59274 bytes
2026-09-15 09:38:58,058 [INFO] [OK] USA/ECM_ENSEMBLE_Wheat_Spring_PRCP_DEP/cumulative dia 00 (2026-09-15 → 2026-09-15) 47723 bytes
2026-09-15 09:38:58,552 [INFO] [OK] USA/ECM_ENSEMBLE_Wheat_Spring_PRCP_DEP/cumulative dia 01 (2026-09-15 → 2026-09-16) 51967 bytes
2026-09-15 09:38:58,867 [INFO] [OK] USA/ECM_ENSEMBLE_Wheat_Spring_PRCP_DEP/cumulative dia 02 (2026-09-15 → 2026-09-17) 54621 bytes
2026-09-15 09:38:59,003 [INFO] [OK] USA/ECM_ENSEMBLE_Wheat_Spring_PRCP_DEP/cumulative dia 03 (2026-09-15 → 2026-09-18) 54328 bytes
2026-09-15 09:38:59,042 [INFO] [OK] USA/ECM_ENSEMBLE_Wheat_Spring_PRCP_DEP/cumulative dia 04 (2026-09-15 → 2026-09-19) 53644 bytes
2026-09-15 09:38:59,374 [INFO] [OK] USA/ECM_ENSEMBLE_Wheat_Spring_PRCP_DEP/cumulative dia 05 (2026-09-15 → 2026-09-20) 54510 bytes
2026-09-15 09:39:00,372 [INFO] [OK] USA/ECM_ENSEMBLE_Wheat_Spring_PRCP_DEP/cumulative dia 06 (2026-09-15 → 2026-09-21) 56549 bytes
2026-09-15 09:39:00,996 [INFO] [OK] USA/ECM_ENSEMBLE_Wheat_Spring_PRCP_DEP/cumulative dia 07 (2026-09-15 → 2026-09-22) 57581 bytes
2026-09-15 09:39:02,462 [INFO] [OK] USA/ECM_ENSEMBLE_Wheat_Spring_PRCP_DEP/cumulative dia 08 (2026-09-15 → 2026-09-23) 57566 bytes
2026-09-15 09:39:02,464 [INFO] [OK] USA/ECM_ENSEMBLE_Wheat_Spring_PRCP_DEP/cumulative dia 10 (2026-09-15 → 2026-09-25) 57741 bytes
2026-09-15 09:39:02,467 [INFO] [OK] USA/ECM_ENSEMBLE_Wheat_Spring_PRCP_DEP/cumulative dia 09 (2026-09-15 → 2026-09-24) 57338 bytes
2026-09-15 09:39:02,468 [INFO] [OK] USA/ECM_ENSEMBLE_Wheat_Spring_PRCP_DEP/cumulative dia 11 (2026-09-15 → 2026-09-26) 57435 bytes
2026-09-15 09:39:03,099 [INFO] [OK] USA/ECM_ENSEMBLE_Wheat_Spring_PRCP_DEP/cumulative dia 12 (2026-09-15 → 2026-09-27) 57326 bytes
2026-09-15 09:39:03,887 [INFO] [OK] USA/ECM_ENSEMBLE_Wheat_Spring_PRCP_DEP/cumulative dia 13 (2026-09-15 → 2026-09-28) 57102 bytes
2026-09-15 09:39:04,067 [INFO] [OK] USA/ECM_ENSEMBLE_Wheat_Spring_PRCP/daily dia 00 (2026-09-15 → 2026-09-15) 35828 bytes
2026-09-15 09:39:04,282 [INFO] [OK] USA/ECM_ENSEMBLE_Wheat_Spring_PRCP/daily dia 02 (2026-09-17 → 2026-09-17) 36699 bytes
2026-09-15 09:39:04,482 [INFO] [OK] USA/ECM_ENSEMBLE_Wheat_Spring_PRCP/daily dia 01 (2026-09-16 → 2026-09-16) 35873 bytes
2026-09-15 09:39:04,722 [INFO] [OK] USA/ECM_ENSEMBLE_Wheat_Spring_PRCP/daily dia 03 (2026-09-18 → 2026-09-18) 36851 bytes
2026-09-15 09:39:05,372 [INFO] [OK] USA/ECM_ENSEMBLE_Wheat_Spring_PRCP_DEP/cumulative dia 14 (2026-09-15 → 2026-09-29) 57068 bytes
2026-09-15 09:39:05,517 [INFO] [OK] USA/ECM_ENSEMBLE_Wheat_Spring_PRCP/daily dia 04 (2026-09-19 → 2026-09-19) 36253 bytes
2026-09-15 09:39:05,715 [INFO] [OK] USA/ECM_ENSEMBLE_Wheat_Spring_PRCP/daily dia 05 (2026-09-20 → 2026-09-20) 35171 bytes
2026-09-15 09:39:05,953 [INFO] [OK] USA/ECM_ENSEMBLE_Wheat_Spring_PRCP/daily dia 06 (2026-09-21 → 2026-09-21) 34648 bytes
2026-09-15 09:39:06,007 [INFO] [OK] USA/ECM_ENSEMBLE_Wheat_Spring_PRCP/daily dia 07 (2026-09-22 → 2026-09-22) 34705 bytes
2026-09-15 09:39:06,249 [INFO] [OK] USA/ECM_ENSEMBLE_Wheat_Spring_PRCP/daily dia 08 (2026-09-23 → 2026-09-23) 35202 bytes
2026-09-15 09:39:07,164 [INFO] [OK] USA/ECM_ENSEMBLE_Wheat_Spring_PRCP/daily dia 09 (2026-09-24 → 2026-09-24) 34638 bytes
2026-09-15 09:39:07,165 [INFO] [OK] USA/ECM_ENSEMBLE_Wheat_Spring_PRCP/daily dia 10 (2026-09-25 → 2026-09-25) 33960 bytes
2026-09-15 09:39:07,351 [INFO] [OK] USA/ECM_ENSEMBLE_Wheat_Spring_PRCP/daily dia 11 (2026-09-26 → 2026-09-26) 34455 bytes
2026-09-15 09:39:07,556 [INFO] [OK] USA/ECM_ENSEMBLE_Wheat_Spring_PRCP/daily dia 13 (2026-09-28 → 2026-09-28) 34959 bytes
2026-09-15 09:39:07,602 [INFO] [OK] USA/ECM_ENSEMBLE_Wheat_Spring_PRCP/daily dia 12 (2026-09-27 → 2026-09-27) 34557 bytes
2026-09-15 09:39:07,882 [INFO] [OK] USA/ECM_ENSEMBLE_Wheat_Spring_PRCP/daily dia 14 (2026-09-29 → 2026-09-29) 34693 bytes
2026-09-15 09:39:08,738 [INFO] [OK] USA/ECM_ENSEMBLE_Wheat_Spring_PRCP/cumulative dia 00 (2026-09-15 → 2026-09-15) 35828 bytes
2026-09-15 09:39:08,866 [INFO] [OK] USA/ECM_ENSEMBLE_Wheat_Spring_PRCP/cumulative dia 01 (2026-09-15 → 2026-09-16) 39245 bytes
2026-09-15 09:39:09,106 [INFO] [OK] USA/ECM_ENSEMBLE_Wheat_Spring_PRCP/cumulative dia 02 (2026-09-15 → 2026-09-17) 42304 bytes
2026-09-15 09:39:09,482 [INFO] [OK] USA/ECM_ENSEMBLE_Wheat_Spring_PRCP/cumulative dia 03 (2026-09-15 → 2026-09-18) 43649 bytes
2026-09-15 09:39:09,611 [INFO] [OK] USA/ECM_ENSEMBLE_Wheat_Spring_PRCP/cumulative dia 04 (2026-09-15 → 2026-09-19) 44675 bytes
2026-09-15 09:39:09,947 [INFO] [OK] USA/ECM_ENSEMBLE_Wheat_Spring_PRCP/cumulative dia 05 (2026-09-15 → 2026-09-20) 45177 bytes
2026-09-15 09:39:10,949 [INFO] [OK] USA/ECM_ENSEMBLE_Wheat_Spring_PRCP/cumulative dia 06 (2026-09-15 → 2026-09-21) 45536 bytes
2026-09-15 09:39:11,508 [INFO] [OK] USA/ECM_ENSEMBLE_Wheat_Spring_PRCP/cumulative dia 07 (2026-09-15 → 2026-09-22) 46866 bytes
2026-09-15 09:39:11,622 [INFO] [OK] USA/ECM_ENSEMBLE_Wheat_Spring_PRCP/cumulative dia 08 (2026-09-15 → 2026-09-23) 47398 bytes
2026-09-15 09:39:12,013 [INFO] [OK] USA/ECM_ENSEMBLE_Wheat_Spring_PRCP/cumulative dia 09 (2026-09-15 → 2026-09-24) 48285 bytes
2026-09-15 09:39:12,327 [INFO] [OK] USA/ECM_ENSEMBLE_Wheat_Spring_PRCP/cumulative dia 10 (2026-09-15 → 2026-09-25) 48451 bytes
2026-09-15 09:39:12,666 [INFO] [OK] USA/ECM_ENSEMBLE_Wheat_Spring_PRCP/cumulative dia 11 (2026-09-15 → 2026-09-26) 47825 bytes
2026-09-15 09:39:13,685 [INFO] [OK] USA/ECM_ENSEMBLE_Wheat_Spring_PRCP/cumulative dia 12 (2026-09-15 → 2026-09-27) 48674 bytes
2026-09-15 09:39:14,356 [INFO] [OK] USA/ECM_ENSEMBLE_Wheat_Spring_PRCP/cumulative dia 13 (2026-09-15 → 2026-09-28) 49522 bytes
2026-09-15 09:39:14,516 [INFO] [OK] USA/ECM_ENSEMBLE_Wheat_Spring_PRCP/cumulative dia 14 (2026-09-15 → 2026-09-29) 49141 bytes
2026-09-15 09:39:14,518 [INFO] Resumo: 960/960 sucessos, 0 erros
