2026-07-05 09:33:18,037 [INFO] === Execução 2026-07-05 | modo=both | dias=15 | parâmetro=['PRCP_DEP', 'PRCP'] ===
2026-07-05 09:33:18,275 [INFO] Baixando 960 mapas com 6 threads...
2026-07-05 09:33:20,555 [INFO] [OK] Brazil/GFS_ENSEMBLE_Soy_PRCP_DEP/daily dia 01 (2026-07-06 → 2026-07-06) 38660 bytes
2026-07-05 09:33:20,578 [INFO] [OK] Brazil/GFS_ENSEMBLE_Soy_PRCP_DEP/daily dia 00 (2026-07-05 → 2026-07-05) 36754 bytes
2026-07-05 09:33:20,589 [INFO] [OK] Brazil/GFS_ENSEMBLE_Soy_PRCP_DEP/daily dia 02 (2026-07-07 → 2026-07-07) 36739 bytes
2026-07-05 09:33:20,702 [INFO] [OK] Brazil/GFS_ENSEMBLE_Soy_PRCP_DEP/daily dia 04 (2026-07-09 → 2026-07-09) 41431 bytes
2026-07-05 09:33:20,790 [INFO] [OK] Brazil/GFS_ENSEMBLE_Soy_PRCP_DEP/daily dia 03 (2026-07-08 → 2026-07-08) 37097 bytes
2026-07-05 09:33:20,880 [INFO] [OK] Brazil/GFS_ENSEMBLE_Soy_PRCP_DEP/daily dia 05 (2026-07-10 → 2026-07-10) 48260 bytes
2026-07-05 09:33:22,150 [INFO] [OK] Brazil/GFS_ENSEMBLE_Soy_PRCP_DEP/daily dia 08 (2026-07-13 → 2026-07-13) 48884 bytes
2026-07-05 09:33:22,151 [INFO] [OK] Brazil/GFS_ENSEMBLE_Soy_PRCP_DEP/daily dia 06 (2026-07-11 → 2026-07-11) 48220 bytes
2026-07-05 09:33:22,153 [INFO] [OK] Brazil/GFS_ENSEMBLE_Soy_PRCP_DEP/daily dia 07 (2026-07-12 → 2026-07-12) 48381 bytes
2026-07-05 09:33:22,219 [INFO] [OK] Brazil/GFS_ENSEMBLE_Soy_PRCP_DEP/daily dia 11 (2026-07-16 → 2026-07-16) 51024 bytes
2026-07-05 09:33:22,258 [INFO] [OK] Brazil/GFS_ENSEMBLE_Soy_PRCP_DEP/daily dia 10 (2026-07-15 → 2026-07-15) 52457 bytes
2026-07-05 09:33:22,262 [INFO] [OK] Brazil/GFS_ENSEMBLE_Soy_PRCP_DEP/daily dia 09 (2026-07-14 → 2026-07-14) 50155 bytes
2026-07-05 09:33:23,549 [INFO] [OK] Brazil/GFS_ENSEMBLE_Soy_PRCP_DEP/cumulative dia 00 (2026-07-05 → 2026-07-05) 36754 bytes
2026-07-05 09:33:23,602 [INFO] [OK] Brazil/GFS_ENSEMBLE_Soy_PRCP_DEP/daily dia 12 (2026-07-17 → 2026-07-17) 50378 bytes
2026-07-05 09:33:23,703 [INFO] [OK] Brazil/GFS_ENSEMBLE_Soy_PRCP_DEP/cumulative dia 01 (2026-07-05 → 2026-07-06) 39756 bytes
2026-07-05 09:33:23,705 [INFO] [OK] Brazil/GFS_ENSEMBLE_Soy_PRCP_DEP/daily dia 13 (2026-07-18 → 2026-07-18) 50659 bytes
2026-07-05 09:33:23,765 [INFO] [OK] Brazil/GFS_ENSEMBLE_Soy_PRCP_DEP/daily dia 14 (2026-07-19 → 2026-07-19) 50425 bytes
2026-07-05 09:33:23,841 [INFO] [OK] Brazil/GFS_ENSEMBLE_Soy_PRCP_DEP/cumulative dia 02 (2026-07-05 → 2026-07-07) 40228 bytes
2026-07-05 09:33:25,221 [INFO] [OK] Brazil/GFS_ENSEMBLE_Soy_PRCP_DEP/cumulative dia 03 (2026-07-05 → 2026-07-08) 40246 bytes
2026-07-05 09:33:25,494 [INFO] [OK] Brazil/GFS_ENSEMBLE_Soy_PRCP_DEP/cumulative dia 04 (2026-07-05 → 2026-07-09) 40749 bytes
2026-07-05 09:33:25,636 [INFO] [OK] Brazil/GFS_ENSEMBLE_Soy_PRCP_DEP/cumulative dia 05 (2026-07-05 → 2026-07-10) 45710 bytes
2026-07-05 09:33:25,656 [INFO] [OK] Brazil/GFS_ENSEMBLE_Soy_PRCP_DEP/cumulative dia 06 (2026-07-05 → 2026-07-11) 47667 bytes
2026-07-05 09:33:25,707 [INFO] [OK] Brazil/GFS_ENSEMBLE_Soy_PRCP_DEP/cumulative dia 07 (2026-07-05 → 2026-07-12) 48841 bytes
2026-07-05 09:33:25,926 [INFO] [OK] Brazil/GFS_ENSEMBLE_Soy_PRCP_DEP/cumulative dia 08 (2026-07-05 → 2026-07-13) 50212 bytes
2026-07-05 09:33:27,273 [INFO] [OK] Brazil/GFS_ENSEMBLE_Soy_PRCP_DEP/cumulative dia 09 (2026-07-05 → 2026-07-14) 50390 bytes
2026-07-05 09:33:27,902 [INFO] [OK] Brazil/GFS_ENSEMBLE_Soy_PRCP_DEP/cumulative dia 10 (2026-07-05 → 2026-07-15) 50554 bytes
2026-07-05 09:33:28,216 [INFO] [OK] Brazil/GFS_ENSEMBLE_Soy_PRCP_DEP/cumulative dia 12 (2026-07-05 → 2026-07-17) 51043 bytes
2026-07-05 09:33:28,265 [INFO] [OK] Brazil/GFS_ENSEMBLE_Soy_PRCP_DEP/cumulative dia 11 (2026-07-05 → 2026-07-16) 50482 bytes
2026-07-05 09:33:28,290 [INFO] [OK] Brazil/GFS_ENSEMBLE_Soy_PRCP_DEP/cumulative dia 13 (2026-07-05 → 2026-07-18) 50918 bytes
2026-07-05 09:33:28,526 [INFO] [OK] Brazil/GFS_ENSEMBLE_Soy_PRCP_DEP/cumulative dia 14 (2026-07-05 → 2026-07-19) 51421 bytes
2026-07-05 09:33:28,587 [INFO] [OK] Brazil/GFS_ENSEMBLE_Soy_PRCP/daily dia 00 (2026-07-05 → 2026-07-05) 29846 bytes
2026-07-05 09:33:29,124 [INFO] [OK] Brazil/GFS_ENSEMBLE_Soy_PRCP/daily dia 01 (2026-07-06 → 2026-07-06) 29900 bytes
2026-07-05 09:33:29,518 [INFO] [OK] Brazil/GFS_ENSEMBLE_Soy_PRCP/daily dia 02 (2026-07-07 → 2026-07-07) 29697 bytes
2026-07-05 09:33:29,637 [INFO] [OK] Brazil/GFS_ENSEMBLE_Soy_PRCP/daily dia 04 (2026-07-09 → 2026-07-09) 29395 bytes
2026-07-05 09:33:29,713 [INFO] [OK] Brazil/GFS_ENSEMBLE_Soy_PRCP/daily dia 03 (2026-07-08 → 2026-07-08) 29183 bytes
2026-07-05 09:33:29,828 [INFO] [OK] Brazil/GFS_ENSEMBLE_Soy_PRCP/daily dia 06 (2026-07-11 → 2026-07-11) 30514 bytes
2026-07-05 09:33:29,959 [INFO] [OK] Brazil/GFS_ENSEMBLE_Soy_PRCP/daily dia 05 (2026-07-10 → 2026-07-10) 30582 bytes
2026-07-05 09:33:30,371 [INFO] [OK] Brazil/GFS_ENSEMBLE_Soy_PRCP/daily dia 07 (2026-07-12 → 2026-07-12) 30053 bytes
2026-07-05 09:33:30,761 [INFO] [OK] Brazil/GFS_ENSEMBLE_Soy_PRCP/daily dia 08 (2026-07-13 → 2026-07-13) 30072 bytes
2026-07-05 09:33:30,938 [INFO] [OK] Brazil/GFS_ENSEMBLE_Soy_PRCP/daily dia 09 (2026-07-14 → 2026-07-14) 29868 bytes
2026-07-05 09:33:30,972 [INFO] [OK] Brazil/GFS_ENSEMBLE_Soy_PRCP/daily dia 10 (2026-07-15 → 2026-07-15) 30738 bytes
2026-07-05 09:33:31,074 [INFO] [OK] Brazil/GFS_ENSEMBLE_Soy_PRCP/daily dia 11 (2026-07-16 → 2026-07-16) 31131 bytes
2026-07-05 09:33:31,304 [INFO] [OK] Brazil/GFS_ENSEMBLE_Soy_PRCP/daily dia 12 (2026-07-17 → 2026-07-17) 31272 bytes
2026-07-05 09:33:31,756 [INFO] [OK] Brazil/GFS_ENSEMBLE_Soy_PRCP/daily dia 13 (2026-07-18 → 2026-07-18) 31371 bytes
2026-07-05 09:33:31,985 [INFO] [OK] Brazil/GFS_ENSEMBLE_Soy_PRCP/daily dia 14 (2026-07-19 → 2026-07-19) 32095 bytes
2026-07-05 09:33:32,157 [INFO] [OK] Brazil/GFS_ENSEMBLE_Soy_PRCP/cumulative dia 00 (2026-07-05 → 2026-07-05) 29846 bytes
2026-07-05 09:33:32,296 [INFO] [OK] Brazil/GFS_ENSEMBLE_Soy_PRCP/cumulative dia 01 (2026-07-05 → 2026-07-06) 31658 bytes
2026-07-05 09:33:32,810 [INFO] [OK] Brazil/GFS_ENSEMBLE_Soy_PRCP/cumulative dia 03 (2026-07-05 → 2026-07-08) 33749 bytes
2026-07-05 09:33:32,829 [INFO] [OK] Brazil/GFS_ENSEMBLE_Soy_PRCP/cumulative dia 02 (2026-07-05 → 2026-07-07) 32832 bytes
2026-07-05 09:33:33,391 [INFO] [OK] Brazil/GFS_ENSEMBLE_Soy_PRCP/cumulative dia 04 (2026-07-05 → 2026-07-09) 34338 bytes
2026-07-05 09:33:33,672 [INFO] [OK] Brazil/GFS_ENSEMBLE_Soy_PRCP/cumulative dia 05 (2026-07-05 → 2026-07-10) 35416 bytes
2026-07-05 09:33:33,855 [INFO] [OK] Brazil/GFS_ENSEMBLE_Soy_PRCP/cumulative dia 06 (2026-07-05 → 2026-07-11) 36166 bytes
2026-07-05 09:33:34,064 [INFO] [OK] Brazil/GFS_ENSEMBLE_Soy_PRCP/cumulative dia 07 (2026-07-05 → 2026-07-12) 37260 bytes
2026-07-05 09:33:34,728 [INFO] [OK] Brazil/GFS_ENSEMBLE_Soy_PRCP/cumulative dia 08 (2026-07-05 → 2026-07-13) 37895 bytes
2026-07-05 09:33:34,884 [INFO] [OK] Brazil/GFS_ENSEMBLE_Soy_PRCP/cumulative dia 09 (2026-07-05 → 2026-07-14) 38545 bytes
2026-07-05 09:33:35,658 [INFO] [OK] Brazil/GFS_ENSEMBLE_Soy_PRCP/cumulative dia 10 (2026-07-05 → 2026-07-15) 39422 bytes
2026-07-05 09:33:35,928 [INFO] [OK] Brazil/GFS_ENSEMBLE_Soy_PRCP/cumulative dia 11 (2026-07-05 → 2026-07-16) 40330 bytes
2026-07-05 09:33:36,231 [INFO] [OK] Brazil/GFS_ENSEMBLE_Soy_PRCP/cumulative dia 12 (2026-07-05 → 2026-07-17) 41465 bytes
2026-07-05 09:33:36,281 [INFO] [OK] Brazil/GFS_ENSEMBLE_Corn_Winter_PRCP_DEP/daily dia 00 (2026-07-05 → 2026-07-05) 35214 bytes
2026-07-05 09:33:36,531 [INFO] [OK] Brazil/GFS_ENSEMBLE_Soy_PRCP/cumulative dia 13 (2026-07-05 → 2026-07-18) 42463 bytes
2026-07-05 09:33:37,048 [INFO] [OK] Brazil/GFS_ENSEMBLE_Corn_Winter_PRCP_DEP/daily dia 01 (2026-07-06 → 2026-07-06) 37000 bytes
2026-07-05 09:33:37,072 [INFO] [OK] Brazil/GFS_ENSEMBLE_Soy_PRCP/cumulative dia 14 (2026-07-05 → 2026-07-19) 42977 bytes
2026-07-05 09:33:37,198 [INFO] [OK] Brazil/GFS_ENSEMBLE_Corn_Winter_PRCP_DEP/daily dia 02 (2026-07-07 → 2026-07-07) 35158 bytes
2026-07-05 09:33:37,482 [INFO] [OK] Brazil/GFS_ENSEMBLE_Corn_Winter_PRCP_DEP/daily dia 03 (2026-07-08 → 2026-07-08) 35508 bytes
2026-07-05 09:33:37,563 [INFO] [OK] Brazil/GFS_ENSEMBLE_Corn_Winter_PRCP_DEP/daily dia 04 (2026-07-09 → 2026-07-09) 39929 bytes
2026-07-05 09:33:37,885 [INFO] [OK] Brazil/GFS_ENSEMBLE_Corn_Winter_PRCP_DEP/daily dia 05 (2026-07-10 → 2026-07-10) 47021 bytes
2026-07-05 09:33:38,734 [INFO] [OK] Brazil/GFS_ENSEMBLE_Corn_Winter_PRCP_DEP/daily dia 06 (2026-07-11 → 2026-07-11) 46749 bytes
2026-07-05 09:33:38,797 [INFO] [OK] Brazil/GFS_ENSEMBLE_Corn_Winter_PRCP_DEP/daily dia 08 (2026-07-13 → 2026-07-13) 47584 bytes
2026-07-05 09:33:38,803 [INFO] [OK] Brazil/GFS_ENSEMBLE_Corn_Winter_PRCP_DEP/daily dia 07 (2026-07-12 → 2026-07-12) 46926 bytes
2026-07-05 09:33:38,899 [INFO] [OK] Brazil/GFS_ENSEMBLE_Corn_Winter_PRCP_DEP/daily dia 09 (2026-07-14 → 2026-07-14) 48495 bytes
2026-07-05 09:33:39,068 [INFO] [OK] Brazil/GFS_ENSEMBLE_Corn_Winter_PRCP_DEP/daily dia 10 (2026-07-15 → 2026-07-15) 50983 bytes
2026-07-05 09:33:39,234 [INFO] [OK] Brazil/GFS_ENSEMBLE_Corn_Winter_PRCP_DEP/daily dia 11 (2026-07-16 → 2026-07-16) 49259 bytes
2026-07-05 09:33:40,180 [INFO] [OK] Brazil/GFS_ENSEMBLE_Corn_Winter_PRCP_DEP/daily dia 12 (2026-07-17 → 2026-07-17) 48831 bytes
2026-07-05 09:33:40,349 [INFO] [OK] Brazil/GFS_ENSEMBLE_Corn_Winter_PRCP_DEP/cumulative dia 00 (2026-07-05 → 2026-07-05) 35214 bytes
2026-07-05 09:33:40,359 [INFO] [OK] Brazil/GFS_ENSEMBLE_Corn_Winter_PRCP_DEP/daily dia 13 (2026-07-18 → 2026-07-18) 49283 bytes
2026-07-05 09:33:40,368 [INFO] [OK] Brazil/GFS_ENSEMBLE_Corn_Winter_PRCP_DEP/daily dia 14 (2026-07-19 → 2026-07-19) 48999 bytes
2026-07-05 09:33:40,496 [INFO] [OK] Brazil/GFS_ENSEMBLE_Corn_Winter_PRCP_DEP/cumulative dia 01 (2026-07-05 → 2026-07-06) 38192 bytes
2026-07-05 09:33:40,650 [INFO] [OK] Brazil/GFS_ENSEMBLE_Corn_Winter_PRCP_DEP/cumulative dia 02 (2026-07-05 → 2026-07-07) 38762 bytes
2026-07-05 09:33:41,761 [INFO] [OK] Brazil/GFS_ENSEMBLE_Corn_Winter_PRCP_DEP/cumulative dia 03 (2026-07-05 → 2026-07-08) 38796 bytes
2026-07-05 09:33:42,066 [INFO] [OK] Brazil/GFS_ENSEMBLE_Corn_Winter_PRCP_DEP/cumulative dia 04 (2026-07-05 → 2026-07-09) 39294 bytes
2026-07-05 09:33:42,154 [INFO] [OK] Brazil/GFS_ENSEMBLE_Corn_Winter_PRCP_DEP/cumulative dia 05 (2026-07-05 → 2026-07-10) 44330 bytes
2026-07-05 09:33:42,269 [INFO] [OK] Brazil/GFS_ENSEMBLE_Corn_Winter_PRCP_DEP/cumulative dia 06 (2026-07-05 → 2026-07-11) 46404 bytes
2026-07-05 09:33:42,431 [INFO] [OK] Brazil/GFS_ENSEMBLE_Corn_Winter_PRCP_DEP/cumulative dia 07 (2026-07-05 → 2026-07-12) 47414 bytes
2026-07-05 09:33:42,576 [INFO] [OK] Brazil/GFS_ENSEMBLE_Corn_Winter_PRCP_DEP/cumulative dia 08 (2026-07-05 → 2026-07-13) 48550 bytes
2026-07-05 09:33:43,750 [INFO] [OK] Brazil/GFS_ENSEMBLE_Corn_Winter_PRCP_DEP/cumulative dia 09 (2026-07-05 → 2026-07-14) 48962 bytes
2026-07-05 09:33:44,172 [INFO] [OK] Brazil/GFS_ENSEMBLE_Corn_Winter_PRCP_DEP/cumulative dia 10 (2026-07-05 → 2026-07-15) 49089 bytes
2026-07-05 09:33:44,488 [INFO] [OK] Brazil/GFS_ENSEMBLE_Corn_Winter_PRCP_DEP/cumulative dia 11 (2026-07-05 → 2026-07-16) 48860 bytes
2026-07-05 09:33:44,645 [INFO] [OK] Brazil/GFS_ENSEMBLE_Corn_Winter_PRCP_DEP/cumulative dia 12 (2026-07-05 → 2026-07-17) 49292 bytes
2026-07-05 09:33:44,768 [INFO] [OK] Brazil/GFS_ENSEMBLE_Corn_Winter_PRCP_DEP/cumulative dia 13 (2026-07-05 → 2026-07-18) 49195 bytes
2026-07-05 09:33:44,927 [INFO] [OK] Brazil/GFS_ENSEMBLE_Corn_Winter_PRCP_DEP/cumulative dia 14 (2026-07-05 → 2026-07-19) 49853 bytes
2026-07-05 09:33:45,045 [INFO] [OK] Brazil/GFS_ENSEMBLE_Corn_Winter_PRCP/daily dia 00 (2026-07-05 → 2026-07-05) 28227 bytes
2026-07-05 09:33:45,539 [INFO] [OK] Brazil/GFS_ENSEMBLE_Corn_Winter_PRCP/daily dia 01 (2026-07-06 → 2026-07-06) 28392 bytes
2026-07-05 09:33:45,676 [INFO] [OK] Brazil/GFS_ENSEMBLE_Corn_Winter_PRCP/daily dia 02 (2026-07-07 → 2026-07-07) 28107 bytes
2026-07-05 09:33:46,163 [INFO] [OK] Brazil/GFS_ENSEMBLE_Corn_Winter_PRCP/daily dia 04 (2026-07-09 → 2026-07-09) 27927 bytes
2026-07-05 09:33:46,165 [INFO] [OK] Brazil/GFS_ENSEMBLE_Corn_Winter_PRCP/daily dia 05 (2026-07-10 → 2026-07-10) 29067 bytes
2026-07-05 09:33:46,167 [INFO] [OK] Brazil/GFS_ENSEMBLE_Corn_Winter_PRCP/daily dia 03 (2026-07-08 → 2026-07-08) 27660 bytes
2026-07-05 09:33:46,286 [INFO] [OK] Brazil/GFS_ENSEMBLE_Corn_Winter_PRCP/daily dia 06 (2026-07-11 → 2026-07-11) 29117 bytes
2026-07-05 09:33:46,824 [INFO] [OK] Brazil/GFS_ENSEMBLE_Corn_Winter_PRCP/daily dia 07 (2026-07-12 → 2026-07-12) 28495 bytes
2026-07-05 09:33:46,910 [INFO] [OK] Brazil/GFS_ENSEMBLE_Corn_Winter_PRCP/daily dia 08 (2026-07-13 → 2026-07-13) 28653 bytes
2026-07-05 09:33:47,478 [INFO] [OK] Brazil/GFS_ENSEMBLE_Corn_Winter_PRCP/daily dia 10 (2026-07-15 → 2026-07-15) 29433 bytes
2026-07-05 09:33:47,610 [INFO] [OK] Brazil/GFS_ENSEMBLE_Corn_Winter_PRCP/daily dia 11 (2026-07-16 → 2026-07-16) 29724 bytes
2026-07-05 09:33:47,858 [INFO] [OK] Brazil/GFS_ENSEMBLE_Corn_Winter_PRCP/daily dia 12 (2026-07-17 → 2026-07-17) 29725 bytes
2026-07-05 09:33:47,859 [INFO] [OK] Brazil/GFS_ENSEMBLE_Corn_Winter_PRCP/daily dia 09 (2026-07-14 → 2026-07-14) 28393 bytes
2026-07-05 09:33:48,033 [INFO] [OK] Brazil/GFS_ENSEMBLE_Corn_Winter_PRCP/daily dia 13 (2026-07-18 → 2026-07-18) 29932 bytes
2026-07-05 09:33:48,241 [INFO] [OK] Brazil/GFS_ENSEMBLE_Corn_Winter_PRCP/daily dia 14 (2026-07-19 → 2026-07-19) 30677 bytes
2026-07-05 09:33:48,812 [INFO] [OK] Brazil/GFS_ENSEMBLE_Corn_Winter_PRCP/cumulative dia 00 (2026-07-05 → 2026-07-05) 28227 bytes
2026-07-05 09:33:48,927 [INFO] [OK] Brazil/GFS_ENSEMBLE_Corn_Winter_PRCP/cumulative dia 01 (2026-07-05 → 2026-07-06) 30124 bytes
2026-07-05 09:33:49,512 [INFO] [OK] Brazil/GFS_ENSEMBLE_Corn_Winter_PRCP/cumulative dia 02 (2026-07-05 → 2026-07-07) 31301 bytes
2026-07-05 09:33:49,513 [INFO] [OK] Brazil/GFS_ENSEMBLE_Corn_Winter_PRCP/cumulative dia 03 (2026-07-05 → 2026-07-08) 32231 bytes
2026-07-05 09:33:49,560 [INFO] [OK] Brazil/GFS_ENSEMBLE_Corn_Winter_PRCP/cumulative dia 04 (2026-07-05 → 2026-07-09) 32880 bytes
2026-07-05 09:33:49,883 [INFO] [OK] Brazil/GFS_ENSEMBLE_Corn_Winter_PRCP/cumulative dia 05 (2026-07-05 → 2026-07-10) 33942 bytes
2026-07-05 09:33:50,474 [INFO] [OK] Brazil/GFS_ENSEMBLE_Corn_Winter_PRCP/cumulative dia 06 (2026-07-05 → 2026-07-11) 34643 bytes
2026-07-05 09:33:50,971 [INFO] [OK] Brazil/GFS_ENSEMBLE_Corn_Winter_PRCP/cumulative dia 07 (2026-07-05 → 2026-07-12) 35804 bytes
2026-07-05 09:33:51,425 [INFO] [OK] Brazil/GFS_ENSEMBLE_Corn_Winter_PRCP/cumulative dia 08 (2026-07-05 → 2026-07-13) 36445 bytes
2026-07-05 09:33:51,459 [INFO] [OK] Brazil/GFS_ENSEMBLE_Corn_Winter_PRCP/cumulative dia 09 (2026-07-05 → 2026-07-14) 37150 bytes
2026-07-05 09:33:51,709 [INFO] [OK] Brazil/GFS_ENSEMBLE_Corn_Winter_PRCP/cumulative dia 10 (2026-07-05 → 2026-07-15) 38001 bytes
2026-07-05 09:33:51,993 [INFO] [OK] Brazil/GFS_ENSEMBLE_Corn_Winter_PRCP/cumulative dia 11 (2026-07-05 → 2026-07-16) 38991 bytes
2026-07-05 09:33:52,663 [INFO] [OK] Brazil/GFS_ENSEMBLE_Corn_Winter_PRCP/cumulative dia 12 (2026-07-05 → 2026-07-17) 40148 bytes
2026-07-05 09:33:52,799 [INFO] [OK] Brazil/ECM_ENSEMBLE_Soy_PRCP_DEP/daily dia 00 (2026-07-05 → 2026-07-05) 41890 bytes
2026-07-05 09:33:53,020 [INFO] [OK] Brazil/ECM_ENSEMBLE_Soy_PRCP_DEP/daily dia 01 (2026-07-06 → 2026-07-06) 44483 bytes
2026-07-05 09:33:53,206 [INFO] [OK] Brazil/GFS_ENSEMBLE_Corn_Winter_PRCP/cumulative dia 13 (2026-07-05 → 2026-07-18) 41071 bytes
2026-07-05 09:33:53,731 [INFO] [OK] Brazil/ECM_ENSEMBLE_Soy_PRCP_DEP/daily dia 02 (2026-07-07 → 2026-07-07) 40038 bytes
2026-07-05 09:33:53,765 [INFO] [OK] Brazil/GFS_ENSEMBLE_Corn_Winter_PRCP/cumulative dia 14 (2026-07-05 → 2026-07-19) 41524 bytes
2026-07-05 09:33:54,008 [INFO] [OK] Brazil/ECM_ENSEMBLE_Soy_PRCP_DEP/daily dia 03 (2026-07-08 → 2026-07-08) 38913 bytes
2026-07-05 09:33:54,129 [INFO] [OK] Brazil/ECM_ENSEMBLE_Soy_PRCP_DEP/daily dia 04 (2026-07-09 → 2026-07-09) 45833 bytes
2026-07-05 09:33:54,325 [INFO] [OK] Brazil/ECM_ENSEMBLE_Soy_PRCP_DEP/daily dia 05 (2026-07-10 → 2026-07-10) 49786 bytes
2026-07-05 09:33:54,635 [INFO] [OK] Brazil/ECM_ENSEMBLE_Soy_PRCP_DEP/daily dia 06 (2026-07-11 → 2026-07-11) 49587 bytes
2026-07-05 09:33:55,047 [INFO] [OK] Brazil/ECM_ENSEMBLE_Soy_PRCP_DEP/daily dia 07 (2026-07-12 → 2026-07-12) 49060 bytes
2026-07-05 09:33:55,083 [INFO] [OK] Brazil/ECM_ENSEMBLE_Soy_PRCP_DEP/daily dia 08 (2026-07-13 → 2026-07-13) 50008 bytes
2026-07-05 09:33:55,595 [INFO] [OK] Brazil/ECM_ENSEMBLE_Soy_PRCP_DEP/daily dia 09 (2026-07-14 → 2026-07-14) 51052 bytes
2026-07-05 09:33:55,714 [INFO] [OK] Brazil/ECM_ENSEMBLE_Soy_PRCP_DEP/daily dia 11 (2026-07-16 → 2026-07-16) 48067 bytes
2026-07-05 09:33:55,999 [INFO] [OK] Brazil/ECM_ENSEMBLE_Soy_PRCP_DEP/daily dia 10 (2026-07-15 → 2026-07-15) 49776 bytes
2026-07-05 09:33:56,161 [INFO] [OK] Brazil/ECM_ENSEMBLE_Soy_PRCP_DEP/daily dia 12 (2026-07-17 → 2026-07-17) 46908 bytes
2026-07-05 09:33:56,975 [INFO] [OK] Brazil/ECM_ENSEMBLE_Soy_PRCP_DEP/daily dia 13 (2026-07-18 → 2026-07-18) 47299 bytes
2026-07-05 09:33:57,153 [INFO] [OK] Brazil/ECM_ENSEMBLE_Soy_PRCP_DEP/cumulative dia 00 (2026-07-05 → 2026-07-05) 41890 bytes
2026-07-05 09:33:57,157 [INFO] [OK] Brazil/ECM_ENSEMBLE_Soy_PRCP_DEP/cumulative dia 01 (2026-07-05 → 2026-07-06) 44664 bytes
2026-07-05 09:33:57,166 [INFO] [OK] Brazil/ECM_ENSEMBLE_Soy_PRCP_DEP/daily dia 14 (2026-07-19 → 2026-07-19) 48066 bytes
2026-07-05 09:33:57,898 [INFO] [OK] Brazil/ECM_ENSEMBLE_Soy_PRCP_DEP/cumulative dia 02 (2026-07-05 → 2026-07-07) 45382 bytes
2026-07-05 09:33:57,916 [INFO] [OK] Brazil/ECM_ENSEMBLE_Soy_PRCP_DEP/cumulative dia 03 (2026-07-05 → 2026-07-08) 45157 bytes
2026-07-05 09:33:59,071 [INFO] [OK] Brazil/ECM_ENSEMBLE_Soy_PRCP_DEP/cumulative dia 06 (2026-07-05 → 2026-07-11) 52722 bytes
2026-07-05 09:33:59,074 [INFO] [OK] Brazil/ECM_ENSEMBLE_Soy_PRCP_DEP/cumulative dia 04 (2026-07-05 → 2026-07-09) 46715 bytes
2026-07-05 09:33:59,075 [INFO] [OK] Brazil/ECM_ENSEMBLE_Soy_PRCP_DEP/cumulative dia 05 (2026-07-05 → 2026-07-10) 49999 bytes
2026-07-05 09:33:59,219 [INFO] [OK] Brazil/ECM_ENSEMBLE_Soy_PRCP_DEP/cumulative dia 07 (2026-07-05 → 2026-07-12) 52780 bytes
2026-07-05 09:33:59,919 [INFO] [OK] Brazil/ECM_ENSEMBLE_Soy_PRCP_DEP/cumulative dia 08 (2026-07-05 → 2026-07-13) 52014 bytes
2026-07-05 09:34:00,058 [INFO] [OK] Brazil/ECM_ENSEMBLE_Soy_PRCP_DEP/cumulative dia 09 (2026-07-05 → 2026-07-14) 52444 bytes
2026-07-05 09:34:01,154 [INFO] [OK] Brazil/ECM_ENSEMBLE_Soy_PRCP_DEP/cumulative dia 10 (2026-07-05 → 2026-07-15) 52490 bytes
2026-07-05 09:34:01,406 [INFO] [OK] Brazil/ECM_ENSEMBLE_Soy_PRCP/daily dia 00 (2026-07-05 → 2026-07-05) 30627 bytes
2026-07-05 09:34:01,575 [INFO] [OK] Brazil/ECM_ENSEMBLE_Soy_PRCP_DEP/cumulative dia 12 (2026-07-05 → 2026-07-17) 51151 bytes
2026-07-05 09:34:01,581 [INFO] [OK] Brazil/ECM_ENSEMBLE_Soy_PRCP_DEP/cumulative dia 11 (2026-07-05 → 2026-07-16) 51686 bytes
2026-07-05 09:34:01,737 [INFO] [OK] Brazil/ECM_ENSEMBLE_Soy_PRCP_DEP/cumulative dia 13 (2026-07-05 → 2026-07-18) 50717 bytes
2026-07-05 09:34:02,330 [INFO] [OK] Brazil/ECM_ENSEMBLE_Soy_PRCP_DEP/cumulative dia 14 (2026-07-05 → 2026-07-19) 50501 bytes
2026-07-05 09:34:02,425 [INFO] [OK] Brazil/ECM_ENSEMBLE_Soy_PRCP/daily dia 01 (2026-07-06 → 2026-07-06) 30790 bytes
2026-07-05 09:34:03,126 [INFO] [OK] Brazil/ECM_ENSEMBLE_Soy_PRCP/daily dia 03 (2026-07-08 → 2026-07-08) 29639 bytes
2026-07-05 09:34:03,131 [INFO] [OK] Brazil/ECM_ENSEMBLE_Soy_PRCP/daily dia 04 (2026-07-09 → 2026-07-09) 29962 bytes
2026-07-05 09:34:03,132 [INFO] [OK] Brazil/ECM_ENSEMBLE_Soy_PRCP/daily dia 05 (2026-07-10 → 2026-07-10) 31848 bytes
2026-07-05 09:34:03,133 [INFO] [OK] Brazil/ECM_ENSEMBLE_Soy_PRCP/daily dia 02 (2026-07-07 → 2026-07-07) 30703 bytes
2026-07-05 09:34:04,943 [INFO] [OK] Brazil/ECM_ENSEMBLE_Soy_PRCP/daily dia 09 (2026-07-14 → 2026-07-14) 30871 bytes
2026-07-05 09:34:04,944 [INFO] [OK] Brazil/ECM_ENSEMBLE_Soy_PRCP/daily dia 08 (2026-07-13 → 2026-07-13) 29885 bytes
2026-07-05 09:34:04,949 [INFO] [OK] Brazil/ECM_ENSEMBLE_Soy_PRCP/daily dia 07 (2026-07-12 → 2026-07-12) 30815 bytes
2026-07-05 09:34:04,953 [INFO] [OK] Brazil/ECM_ENSEMBLE_Soy_PRCP/daily dia 06 (2026-07-11 → 2026-07-11) 31698 bytes
2026-07-05 09:34:04,953 [INFO] [OK] Brazil/ECM_ENSEMBLE_Soy_PRCP/daily dia 10 (2026-07-15 → 2026-07-15) 31693 bytes
2026-07-05 09:34:04,959 [INFO] [OK] Brazil/ECM_ENSEMBLE_Soy_PRCP/daily dia 11 (2026-07-16 → 2026-07-16) 31603 bytes
2026-07-05 09:34:06,762 [INFO] [OK] Brazil/ECM_ENSEMBLE_Soy_PRCP/daily dia 13 (2026-07-18 → 2026-07-18) 33214 bytes
2026-07-05 09:34:06,775 [INFO] [OK] Brazil/ECM_ENSEMBLE_Soy_PRCP/daily dia 12 (2026-07-17 → 2026-07-17) 32731 bytes
2026-07-05 09:34:06,778 [INFO] [OK] Brazil/ECM_ENSEMBLE_Soy_PRCP/daily dia 14 (2026-07-19 → 2026-07-19) 31653 bytes
2026-07-05 09:34:07,296 [INFO] [OK] Brazil/ECM_ENSEMBLE_Soy_PRCP/cumulative dia 02 (2026-07-05 → 2026-07-07) 34639 bytes
2026-07-05 09:34:07,309 [INFO] [OK] Brazil/ECM_ENSEMBLE_Soy_PRCP/cumulative dia 01 (2026-07-05 → 2026-07-06) 32971 bytes
2026-07-05 09:34:07,412 [INFO] [OK] Brazil/ECM_ENSEMBLE_Soy_PRCP/cumulative dia 00 (2026-07-05 → 2026-07-05) 30627 bytes
2026-07-05 09:34:09,107 [INFO] [OK] Brazil/ECM_ENSEMBLE_Soy_PRCP/cumulative dia 03 (2026-07-05 → 2026-07-08) 35207 bytes
2026-07-05 09:34:09,110 [INFO] [OK] Brazil/ECM_ENSEMBLE_Soy_PRCP/cumulative dia 06 (2026-07-05 → 2026-07-11) 38491 bytes
2026-07-05 09:34:09,622 [INFO] [OK] Brazil/ECM_ENSEMBLE_Soy_PRCP/cumulative dia 04 (2026-07-05 → 2026-07-09) 35764 bytes
2026-07-05 09:34:09,630 [INFO] [OK] Brazil/ECM_ENSEMBLE_Soy_PRCP/cumulative dia 05 (2026-07-05 → 2026-07-10) 36905 bytes
2026-07-05 09:34:10,461 [INFO] [OK] Brazil/ECM_ENSEMBLE_Soy_PRCP/cumulative dia 08 (2026-07-05 → 2026-07-13) 39846 bytes
2026-07-05 09:34:10,464 [INFO] [OK] Brazil/ECM_ENSEMBLE_Soy_PRCP/cumulative dia 07 (2026-07-05 → 2026-07-12) 39373 bytes
2026-07-05 09:34:11,702 [INFO] [OK] Brazil/ECM_ENSEMBLE_Soy_PRCP/cumulative dia 09 (2026-07-05 → 2026-07-14) 40753 bytes
2026-07-05 09:34:11,708 [INFO] [OK] Brazil/ECM_ENSEMBLE_Soy_PRCP/cumulative dia 10 (2026-07-05 → 2026-07-15) 41741 bytes
2026-07-05 09:34:12,121 [INFO] [OK] Brazil/ECM_ENSEMBLE_Soy_PRCP/cumulative dia 12 (2026-07-05 → 2026-07-17) 42951 bytes
2026-07-05 09:34:12,597 [INFO] [OK] Brazil/ECM_ENSEMBLE_Soy_PRCP/cumulative dia 11 (2026-07-05 → 2026-07-16) 42614 bytes
2026-07-05 09:34:12,750 [INFO] [OK] Brazil/ECM_ENSEMBLE_Soy_PRCP/cumulative dia 13 (2026-07-05 → 2026-07-18) 43647 bytes
2026-07-05 09:34:12,967 [INFO] [OK] Brazil/ECM_ENSEMBLE_Soy_PRCP/cumulative dia 14 (2026-07-05 → 2026-07-19) 44346 bytes
2026-07-05 09:34:13,064 [INFO] [OK] Brazil/ECM_ENSEMBLE_Corn_Winter_PRCP_DEP/daily dia 00 (2026-07-05 → 2026-07-05) 40156 bytes
2026-07-05 09:34:13,065 [INFO] [OK] Brazil/ECM_ENSEMBLE_Corn_Winter_PRCP_DEP/daily dia 01 (2026-07-06 → 2026-07-06) 42915 bytes
2026-07-05 09:34:13,410 [INFO] [OK] Brazil/ECM_ENSEMBLE_Corn_Winter_PRCP_DEP/daily dia 02 (2026-07-07 → 2026-07-07) 38620 bytes
2026-07-05 09:34:13,873 [INFO] [OK] Brazil/ECM_ENSEMBLE_Corn_Winter_PRCP_DEP/daily dia 03 (2026-07-08 → 2026-07-08) 37408 bytes
2026-07-05 09:34:14,050 [INFO] [OK] Brazil/ECM_ENSEMBLE_Corn_Winter_PRCP_DEP/daily dia 04 (2026-07-09 → 2026-07-09) 44317 bytes
2026-07-05 09:34:14,344 [INFO] [OK] Brazil/ECM_ENSEMBLE_Corn_Winter_PRCP_DEP/daily dia 05 (2026-07-10 → 2026-07-10) 48466 bytes
2026-07-05 09:34:14,409 [INFO] [OK] Brazil/ECM_ENSEMBLE_Corn_Winter_PRCP_DEP/daily dia 06 (2026-07-11 → 2026-07-11) 48271 bytes
2026-07-05 09:34:14,461 [INFO] [OK] Brazil/ECM_ENSEMBLE_Corn_Winter_PRCP_DEP/daily dia 07 (2026-07-12 → 2026-07-12) 47613 bytes
2026-07-05 09:34:14,847 [INFO] [OK] Brazil/ECM_ENSEMBLE_Corn_Winter_PRCP_DEP/daily dia 08 (2026-07-13 → 2026-07-13) 48813 bytes
2026-07-05 09:34:15,394 [INFO] [OK] Brazil/ECM_ENSEMBLE_Corn_Winter_PRCP_DEP/daily dia 09 (2026-07-14 → 2026-07-14) 49717 bytes
2026-07-05 09:34:15,398 [INFO] [OK] Brazil/ECM_ENSEMBLE_Corn_Winter_PRCP_DEP/daily dia 10 (2026-07-15 → 2026-07-15) 48277 bytes
2026-07-05 09:34:15,627 [INFO] [OK] Brazil/ECM_ENSEMBLE_Corn_Winter_PRCP_DEP/daily dia 11 (2026-07-16 → 2026-07-16) 46700 bytes
2026-07-05 09:34:15,751 [INFO] [OK] Brazil/ECM_ENSEMBLE_Corn_Winter_PRCP_DEP/daily dia 12 (2026-07-17 → 2026-07-17) 45694 bytes
2026-07-05 09:34:15,799 [INFO] [OK] Brazil/ECM_ENSEMBLE_Corn_Winter_PRCP_DEP/daily dia 13 (2026-07-18 → 2026-07-18) 46044 bytes
2026-07-05 09:34:16,197 [INFO] [OK] Brazil/ECM_ENSEMBLE_Corn_Winter_PRCP_DEP/daily dia 14 (2026-07-19 → 2026-07-19) 46949 bytes
2026-07-05 09:34:16,696 [INFO] [OK] Brazil/ECM_ENSEMBLE_Corn_Winter_PRCP_DEP/cumulative dia 00 (2026-07-05 → 2026-07-05) 40156 bytes
2026-07-05 09:34:16,855 [INFO] [OK] Brazil/ECM_ENSEMBLE_Corn_Winter_PRCP_DEP/cumulative dia 01 (2026-07-05 → 2026-07-06) 43008 bytes
2026-07-05 09:34:17,115 [INFO] [OK] Brazil/ECM_ENSEMBLE_Corn_Winter_PRCP_DEP/cumulative dia 02 (2026-07-05 → 2026-07-07) 43691 bytes
2026-07-05 09:34:17,299 [INFO] [OK] Brazil/ECM_ENSEMBLE_Corn_Winter_PRCP_DEP/cumulative dia 03 (2026-07-05 → 2026-07-08) 43538 bytes
2026-07-05 09:34:17,459 [INFO] [OK] Brazil/ECM_ENSEMBLE_Corn_Winter_PRCP_DEP/cumulative dia 04 (2026-07-05 → 2026-07-09) 45028 bytes
2026-07-05 09:34:17,843 [INFO] [OK] Brazil/ECM_ENSEMBLE_Corn_Winter_PRCP_DEP/cumulative dia 05 (2026-07-05 → 2026-07-10) 48348 bytes
2026-07-05 09:34:18,422 [INFO] [OK] Brazil/ECM_ENSEMBLE_Corn_Winter_PRCP_DEP/cumulative dia 06 (2026-07-05 → 2026-07-11) 51298 bytes
2026-07-05 09:34:18,685 [INFO] [OK] Brazil/ECM_ENSEMBLE_Corn_Winter_PRCP_DEP/cumulative dia 07 (2026-07-05 → 2026-07-12) 51442 bytes
2026-07-05 09:34:19,181 [INFO] [OK] Brazil/ECM_ENSEMBLE_Corn_Winter_PRCP_DEP/cumulative dia 08 (2026-07-05 → 2026-07-13) 50655 bytes
2026-07-05 09:34:19,374 [INFO] [OK] Brazil/ECM_ENSEMBLE_Corn_Winter_PRCP_DEP/cumulative dia 09 (2026-07-05 → 2026-07-14) 51019 bytes
2026-07-05 09:34:19,553 [INFO] [OK] Brazil/ECM_ENSEMBLE_Corn_Winter_PRCP_DEP/cumulative dia 10 (2026-07-05 → 2026-07-15) 50956 bytes
2026-07-05 09:34:20,125 [INFO] [OK] Brazil/ECM_ENSEMBLE_Corn_Winter_PRCP_DEP/cumulative dia 11 (2026-07-05 → 2026-07-16) 50088 bytes
2026-07-05 09:34:20,625 [INFO] [OK] Brazil/ECM_ENSEMBLE_Corn_Winter_PRCP/daily dia 00 (2026-07-05 → 2026-07-05) 28962 bytes
2026-07-05 09:34:20,661 [INFO] [OK] Brazil/ECM_ENSEMBLE_Corn_Winter_PRCP_DEP/cumulative dia 12 (2026-07-05 → 2026-07-17) 49645 bytes
2026-07-05 09:34:20,810 [INFO] [OK] Brazil/ECM_ENSEMBLE_Corn_Winter_PRCP/daily dia 01 (2026-07-06 → 2026-07-06) 29214 bytes
2026-07-05 09:34:21,121 [INFO] [OK] Brazil/ECM_ENSEMBLE_Corn_Winter_PRCP_DEP/cumulative dia 13 (2026-07-05 → 2026-07-18) 49159 bytes
2026-07-05 09:34:21,397 [INFO] [OK] Brazil/ECM_ENSEMBLE_Corn_Winter_PRCP/daily dia 02 (2026-07-07 → 2026-07-07) 29199 bytes
2026-07-05 09:34:21,476 [INFO] [OK] Brazil/ECM_ENSEMBLE_Corn_Winter_PRCP_DEP/cumulative dia 14 (2026-07-05 → 2026-07-19) 49127 bytes
2026-07-05 09:34:21,883 [INFO] [OK] Brazil/ECM_ENSEMBLE_Corn_Winter_PRCP/daily dia 04 (2026-07-09 → 2026-07-09) 28507 bytes
2026-07-05 09:34:21,899 [INFO] [OK] Brazil/ECM_ENSEMBLE_Corn_Winter_PRCP/daily dia 03 (2026-07-08 → 2026-07-08) 28142 bytes
2026-07-05 09:34:22,044 [INFO] [OK] Brazil/ECM_ENSEMBLE_Corn_Winter_PRCP/daily dia 05 (2026-07-10 → 2026-07-10) 30186 bytes
2026-07-05 09:34:22,329 [INFO] [OK] Brazil/ECM_ENSEMBLE_Corn_Winter_PRCP/daily dia 06 (2026-07-11 → 2026-07-11) 30154 bytes
2026-07-05 09:34:23,191 [INFO] [OK] Brazil/ECM_ENSEMBLE_Corn_Winter_PRCP/daily dia 07 (2026-07-12 → 2026-07-12) 29392 bytes
2026-07-05 09:34:23,192 [INFO] [OK] Brazil/ECM_ENSEMBLE_Corn_Winter_PRCP/daily dia 08 (2026-07-13 → 2026-07-13) 28483 bytes
2026-07-05 09:34:23,196 [INFO] [OK] Brazil/ECM_ENSEMBLE_Corn_Winter_PRCP/daily dia 10 (2026-07-15 → 2026-07-15) 30355 bytes
2026-07-05 09:34:23,197 [INFO] [OK] Brazil/ECM_ENSEMBLE_Corn_Winter_PRCP/daily dia 09 (2026-07-14 → 2026-07-14) 29399 bytes
2026-07-05 09:34:23,334 [INFO] [OK] Brazil/ECM_ENSEMBLE_Corn_Winter_PRCP/daily dia 11 (2026-07-16 → 2026-07-16) 30235 bytes
2026-07-05 09:34:23,640 [INFO] [OK] Brazil/ECM_ENSEMBLE_Corn_Winter_PRCP/daily dia 12 (2026-07-17 → 2026-07-17) 31316 bytes
2026-07-05 09:34:24,447 [INFO] [OK] Brazil/ECM_ENSEMBLE_Corn_Winter_PRCP/daily dia 13 (2026-07-18 → 2026-07-18) 31760 bytes
2026-07-05 09:34:24,466 [INFO] [OK] Brazil/ECM_ENSEMBLE_Corn_Winter_PRCP/daily dia 14 (2026-07-19 → 2026-07-19) 30302 bytes
2026-07-05 09:34:24,485 [INFO] [OK] Brazil/ECM_ENSEMBLE_Corn_Winter_PRCP/cumulative dia 00 (2026-07-05 → 2026-07-05) 28962 bytes
2026-07-05 09:34:24,569 [INFO] [OK] Brazil/ECM_ENSEMBLE_Corn_Winter_PRCP/cumulative dia 01 (2026-07-05 → 2026-07-06) 31273 bytes
2026-07-05 09:34:24,724 [INFO] [OK] Brazil/ECM_ENSEMBLE_Corn_Winter_PRCP/cumulative dia 02 (2026-07-05 → 2026-07-07) 32952 bytes
2026-07-05 09:34:25,122 [INFO] [OK] Brazil/ECM_ENSEMBLE_Corn_Winter_PRCP/cumulative dia 03 (2026-07-05 → 2026-07-08) 33633 bytes
2026-07-05 09:34:26,011 [INFO] [OK] Brazil/ECM_ENSEMBLE_Corn_Winter_PRCP/cumulative dia 04 (2026-07-05 → 2026-07-09) 34296 bytes
2026-07-05 09:34:26,212 [INFO] [OK] Brazil/ECM_ENSEMBLE_Corn_Winter_PRCP/cumulative dia 05 (2026-07-05 → 2026-07-10) 35309 bytes
2026-07-05 09:34:26,488 [INFO] [OK] Brazil/ECM_ENSEMBLE_Corn_Winter_PRCP/cumulative dia 06 (2026-07-05 → 2026-07-11) 37038 bytes
2026-07-05 09:34:26,492 [INFO] [OK] Brazil/ECM_ENSEMBLE_Corn_Winter_PRCP/cumulative dia 07 (2026-07-05 → 2026-07-12) 37963 bytes
2026-07-05 09:34:26,617 [INFO] [OK] Brazil/ECM_ENSEMBLE_Corn_Winter_PRCP/cumulative dia 08 (2026-07-05 → 2026-07-13) 38455 bytes
2026-07-05 09:34:27,012 [INFO] [OK] Brazil/ECM_ENSEMBLE_Corn_Winter_PRCP/cumulative dia 09 (2026-07-05 → 2026-07-14) 39028 bytes
2026-07-05 09:34:27,924 [INFO] [OK] Argentina/GFS_ENSEMBLE_Soy_PRCP_DEP/daily dia 00 (2026-07-05 → 2026-07-05) 30152 bytes
2026-07-05 09:34:28,003 [INFO] [OK] Brazil/ECM_ENSEMBLE_Corn_Winter_PRCP/cumulative dia 10 (2026-07-05 → 2026-07-15) 40114 bytes
2026-07-05 09:34:28,366 [INFO] [OK] Brazil/ECM_ENSEMBLE_Corn_Winter_PRCP/cumulative dia 11 (2026-07-05 → 2026-07-16) 41064 bytes
2026-07-05 09:34:28,743 [INFO] [OK] Brazil/ECM_ENSEMBLE_Corn_Winter_PRCP/cumulative dia 12 (2026-07-05 → 2026-07-17) 41351 bytes
2026-07-05 09:34:28,814 [INFO] [OK] Brazil/ECM_ENSEMBLE_Corn_Winter_PRCP/cumulative dia 13 (2026-07-05 → 2026-07-18) 42185 bytes
2026-07-05 09:34:28,899 [INFO] [OK] Argentina/GFS_ENSEMBLE_Soy_PRCP_DEP/daily dia 01 (2026-07-06 → 2026-07-06) 31213 bytes
2026-07-05 09:34:29,000 [INFO] [OK] Argentina/GFS_ENSEMBLE_Soy_PRCP_DEP/daily dia 02 (2026-07-07 → 2026-07-07) 27613 bytes
2026-07-05 09:34:29,032 [INFO] [OK] Brazil/ECM_ENSEMBLE_Corn_Winter_PRCP/cumulative dia 14 (2026-07-05 → 2026-07-19) 42698 bytes
2026-07-05 09:34:29,306 [INFO] [OK] Argentina/GFS_ENSEMBLE_Soy_PRCP_DEP/daily dia 03 (2026-07-08 → 2026-07-08) 28380 bytes
2026-07-05 09:34:29,865 [INFO] [OK] Argentina/GFS_ENSEMBLE_Soy_PRCP_DEP/daily dia 05 (2026-07-10 → 2026-07-10) 39868 bytes
2026-07-05 09:34:29,874 [INFO] [OK] Argentina/GFS_ENSEMBLE_Soy_PRCP_DEP/daily dia 04 (2026-07-09 → 2026-07-09) 31863 bytes
2026-07-05 09:34:29,895 [INFO] [OK] Argentina/GFS_ENSEMBLE_Soy_PRCP_DEP/daily dia 06 (2026-07-11 → 2026-07-11) 40150 bytes
2026-07-05 09:34:30,009 [INFO] [OK] Argentina/GFS_ENSEMBLE_Soy_PRCP_DEP/daily dia 07 (2026-07-12 → 2026-07-12) 40504 bytes
2026-07-05 09:34:30,108 [INFO] [OK] Argentina/GFS_ENSEMBLE_Soy_PRCP_DEP/daily dia 08 (2026-07-13 → 2026-07-13) 41484 bytes
2026-07-05 09:34:30,287 [INFO] [OK] Argentina/GFS_ENSEMBLE_Soy_PRCP_DEP/daily dia 09 (2026-07-14 → 2026-07-14) 42411 bytes
2026-07-05 09:34:30,881 [INFO] [OK] Argentina/GFS_ENSEMBLE_Soy_PRCP_DEP/daily dia 11 (2026-07-16 → 2026-07-16) 43036 bytes
2026-07-05 09:34:30,888 [INFO] [OK] Argentina/GFS_ENSEMBLE_Soy_PRCP_DEP/daily dia 10 (2026-07-15 → 2026-07-15) 45401 bytes
2026-07-05 09:34:30,927 [INFO] [OK] Argentina/GFS_ENSEMBLE_Soy_PRCP_DEP/daily dia 12 (2026-07-17 → 2026-07-17) 43169 bytes
2026-07-05 09:34:31,097 [INFO] [OK] Argentina/GFS_ENSEMBLE_Soy_PRCP_DEP/daily dia 13 (2026-07-18 → 2026-07-18) 43212 bytes
2026-07-05 09:34:31,229 [INFO] [OK] Argentina/GFS_ENSEMBLE_Soy_PRCP_DEP/daily dia 14 (2026-07-19 → 2026-07-19) 42086 bytes
2026-07-05 09:34:31,340 [INFO] [OK] Argentina/GFS_ENSEMBLE_Soy_PRCP_DEP/cumulative dia 00 (2026-07-05 → 2026-07-05) 30152 bytes
2026-07-05 09:34:31,812 [INFO] [OK] Argentina/GFS_ENSEMBLE_Soy_PRCP_DEP/cumulative dia 01 (2026-07-05 → 2026-07-06) 32136 bytes
2026-07-05 09:34:31,915 [INFO] [OK] Argentina/GFS_ENSEMBLE_Soy_PRCP_DEP/cumulative dia 02 (2026-07-05 → 2026-07-07) 31785 bytes
2026-07-05 09:34:32,052 [INFO] [OK] Argentina/GFS_ENSEMBLE_Soy_PRCP_DEP/cumulative dia 03 (2026-07-05 → 2026-07-08) 31818 bytes
2026-07-05 09:34:32,195 [INFO] [OK] Argentina/GFS_ENSEMBLE_Soy_PRCP_DEP/cumulative dia 04 (2026-07-05 → 2026-07-09) 31528 bytes
2026-07-05 09:34:32,399 [INFO] [OK] Argentina/GFS_ENSEMBLE_Soy_PRCP_DEP/cumulative dia 05 (2026-07-05 → 2026-07-10) 35555 bytes
2026-07-05 09:34:32,589 [INFO] [OK] Argentina/GFS_ENSEMBLE_Soy_PRCP_DEP/cumulative dia 06 (2026-07-05 → 2026-07-11) 37754 bytes
2026-07-05 09:34:33,079 [INFO] [OK] Argentina/GFS_ENSEMBLE_Soy_PRCP_DEP/cumulative dia 07 (2026-07-05 → 2026-07-12) 38979 bytes
2026-07-05 09:34:33,289 [INFO] [OK] Argentina/GFS_ENSEMBLE_Soy_PRCP_DEP/cumulative dia 08 (2026-07-05 → 2026-07-13) 40433 bytes
2026-07-05 09:34:33,422 [INFO] [OK] Argentina/GFS_ENSEMBLE_Soy_PRCP_DEP/cumulative dia 09 (2026-07-05 → 2026-07-14) 41004 bytes
2026-07-05 09:34:33,657 [INFO] [OK] Argentina/GFS_ENSEMBLE_Soy_PRCP_DEP/cumulative dia 10 (2026-07-05 → 2026-07-15) 41623 bytes
2026-07-05 09:34:33,909 [INFO] [OK] Argentina/GFS_ENSEMBLE_Soy_PRCP_DEP/cumulative dia 11 (2026-07-05 → 2026-07-16) 41030 bytes
2026-07-05 09:34:34,084 [INFO] [OK] Argentina/GFS_ENSEMBLE_Soy_PRCP_DEP/cumulative dia 12 (2026-07-05 → 2026-07-17) 41641 bytes
2026-07-05 09:34:34,332 [INFO] [OK] Argentina/GFS_ENSEMBLE_Soy_PRCP/daily dia 00 (2026-07-05 → 2026-07-05) 25475 bytes
2026-07-05 09:34:34,631 [INFO] [OK] Argentina/GFS_ENSEMBLE_Soy_PRCP/daily dia 01 (2026-07-06 → 2026-07-06) 26557 bytes
2026-07-05 09:34:34,639 [INFO] [OK] Argentina/GFS_ENSEMBLE_Soy_PRCP_DEP/cumulative dia 13 (2026-07-05 → 2026-07-18) 41831 bytes
2026-07-05 09:34:34,959 [INFO] [OK] Argentina/GFS_ENSEMBLE_Soy_PRCP_DEP/cumulative dia 14 (2026-07-05 → 2026-07-19) 42523 bytes
2026-07-05 09:34:35,017 [INFO] [OK] Argentina/GFS_ENSEMBLE_Soy_PRCP/daily dia 02 (2026-07-07 → 2026-07-07) 26983 bytes
2026-07-05 09:34:35,052 [INFO] [OK] Argentina/GFS_ENSEMBLE_Soy_PRCP/daily dia 03 (2026-07-08 → 2026-07-08) 26691 bytes
2026-07-05 09:34:35,207 [INFO] [OK] Argentina/GFS_ENSEMBLE_Soy_PRCP/daily dia 04 (2026-07-09 → 2026-07-09) 26114 bytes
2026-07-05 09:34:35,539 [INFO] [OK] Argentina/GFS_ENSEMBLE_Soy_PRCP/daily dia 05 (2026-07-10 → 2026-07-10) 27736 bytes
2026-07-05 09:34:35,542 [INFO] [OK] Argentina/GFS_ENSEMBLE_Soy_PRCP/daily dia 06 (2026-07-11 → 2026-07-11) 27440 bytes
2026-07-05 09:34:35,846 [INFO] [OK] Argentina/GFS_ENSEMBLE_Soy_PRCP/daily dia 07 (2026-07-12 → 2026-07-12) 27416 bytes
2026-07-05 09:34:35,931 [INFO] [OK] Argentina/GFS_ENSEMBLE_Soy_PRCP/daily dia 08 (2026-07-13 → 2026-07-13) 27192 bytes
2026-07-05 09:34:35,998 [INFO] [OK] Argentina/GFS_ENSEMBLE_Soy_PRCP/daily dia 09 (2026-07-14 → 2026-07-14) 26660 bytes
2026-07-05 09:34:36,424 [INFO] [OK] Argentina/GFS_ENSEMBLE_Soy_PRCP/daily dia 10 (2026-07-15 → 2026-07-15) 27510 bytes
2026-07-05 09:34:36,445 [INFO] [OK] Argentina/GFS_ENSEMBLE_Soy_PRCP/daily dia 11 (2026-07-16 → 2026-07-16) 27427 bytes
2026-07-05 09:34:36,479 [INFO] [OK] Argentina/GFS_ENSEMBLE_Soy_PRCP/daily dia 12 (2026-07-17 → 2026-07-17) 28246 bytes
2026-07-05 09:34:36,740 [INFO] [OK] Argentina/GFS_ENSEMBLE_Soy_PRCP/daily dia 13 (2026-07-18 → 2026-07-18) 28595 bytes
2026-07-05 09:34:36,898 [INFO] [OK] Argentina/GFS_ENSEMBLE_Soy_PRCP/daily dia 14 (2026-07-19 → 2026-07-19) 29408 bytes
2026-07-05 09:34:36,905 [INFO] [OK] Argentina/GFS_ENSEMBLE_Soy_PRCP/cumulative dia 00 (2026-07-05 → 2026-07-05) 25475 bytes
2026-07-05 09:34:37,351 [INFO] [OK] Argentina/GFS_ENSEMBLE_Soy_PRCP/cumulative dia 01 (2026-07-05 → 2026-07-06) 27208 bytes
2026-07-05 09:34:37,486 [INFO] [OK] Argentina/GFS_ENSEMBLE_Soy_PRCP/cumulative dia 02 (2026-07-05 → 2026-07-07) 28718 bytes
2026-07-05 09:34:37,562 [INFO] [OK] Argentina/GFS_ENSEMBLE_Soy_PRCP/cumulative dia 03 (2026-07-05 → 2026-07-08) 29279 bytes
2026-07-05 09:34:37,899 [INFO] [OK] Argentina/GFS_ENSEMBLE_Soy_PRCP/cumulative dia 04 (2026-07-05 → 2026-07-09) 29823 bytes
2026-07-05 09:34:38,087 [INFO] [OK] Argentina/GFS_ENSEMBLE_Soy_PRCP/cumulative dia 05 (2026-07-05 → 2026-07-10) 30697 bytes
2026-07-05 09:34:38,153 [INFO] [OK] Argentina/GFS_ENSEMBLE_Soy_PRCP/cumulative dia 06 (2026-07-05 → 2026-07-11) 31190 bytes
2026-07-05 09:34:38,597 [INFO] [OK] Argentina/GFS_ENSEMBLE_Soy_PRCP/cumulative dia 07 (2026-07-05 → 2026-07-12) 31980 bytes
2026-07-05 09:34:38,771 [INFO] [OK] Argentina/GFS_ENSEMBLE_Soy_PRCP/cumulative dia 08 (2026-07-05 → 2026-07-13) 32512 bytes
2026-07-05 09:34:38,920 [INFO] [OK] Argentina/GFS_ENSEMBLE_Soy_PRCP/cumulative dia 09 (2026-07-05 → 2026-07-14) 32611 bytes
2026-07-05 09:34:39,271 [INFO] [OK] Argentina/GFS_ENSEMBLE_Soy_PRCP/cumulative dia 10 (2026-07-05 → 2026-07-15) 33291 bytes
2026-07-05 09:34:39,607 [INFO] [OK] Argentina/GFS_ENSEMBLE_Soy_PRCP/cumulative dia 11 (2026-07-05 → 2026-07-16) 34095 bytes
2026-07-05 09:34:39,655 [INFO] [OK] Argentina/GFS_ENSEMBLE_Soy_PRCP/cumulative dia 12 (2026-07-05 → 2026-07-17) 34908 bytes
2026-07-05 09:34:39,834 [INFO] [OK] Argentina/GFS_ENSEMBLE_Corn_Winter_PRCP_DEP/daily dia 00 (2026-07-05 → 2026-07-05) 28343 bytes
2026-07-05 09:34:40,093 [INFO] [OK] Argentina/GFS_ENSEMBLE_Soy_PRCP/cumulative dia 13 (2026-07-05 → 2026-07-18) 35962 bytes
2026-07-05 09:34:40,265 [INFO] [OK] Argentina/GFS_ENSEMBLE_Corn_Winter_PRCP_DEP/daily dia 01 (2026-07-06 → 2026-07-06) 29330 bytes
2026-07-05 09:34:40,391 [INFO] [OK] Argentina/GFS_ENSEMBLE_Soy_PRCP/cumulative dia 14 (2026-07-05 → 2026-07-19) 36306 bytes
2026-07-05 09:34:40,489 [INFO] [OK] Argentina/GFS_ENSEMBLE_Corn_Winter_PRCP_DEP/daily dia 02 (2026-07-07 → 2026-07-07) 26031 bytes
2026-07-05 09:34:40,606 [INFO] [OK] Argentina/GFS_ENSEMBLE_Corn_Winter_PRCP_DEP/daily dia 03 (2026-07-08 → 2026-07-08) 26764 bytes
2026-07-05 09:34:40,788 [INFO] [OK] Argentina/GFS_ENSEMBLE_Corn_Winter_PRCP_DEP/daily dia 04 (2026-07-09 → 2026-07-09) 30242 bytes
2026-07-05 09:34:41,092 [INFO] [OK] Argentina/GFS_ENSEMBLE_Corn_Winter_PRCP_DEP/daily dia 05 (2026-07-10 → 2026-07-10) 38399 bytes
2026-07-05 09:34:41,266 [INFO] [OK] Argentina/GFS_ENSEMBLE_Corn_Winter_PRCP_DEP/daily dia 06 (2026-07-11 → 2026-07-11) 38582 bytes
2026-07-05 09:34:41,373 [INFO] [OK] Argentina/GFS_ENSEMBLE_Corn_Winter_PRCP_DEP/daily dia 07 (2026-07-12 → 2026-07-12) 38778 bytes
2026-07-05 09:34:41,433 [INFO] [OK] Argentina/GFS_ENSEMBLE_Corn_Winter_PRCP_DEP/daily dia 08 (2026-07-13 → 2026-07-13) 39867 bytes
2026-07-05 09:34:41,780 [INFO] [OK] Argentina/GFS_ENSEMBLE_Corn_Winter_PRCP_DEP/daily dia 09 (2026-07-14 → 2026-07-14) 40722 bytes
2026-07-05 09:34:41,995 [INFO] [OK] Argentina/GFS_ENSEMBLE_Corn_Winter_PRCP_DEP/daily dia 10 (2026-07-15 → 2026-07-15) 43784 bytes
2026-07-05 09:34:42,160 [INFO] [OK] Argentina/GFS_ENSEMBLE_Corn_Winter_PRCP_DEP/daily dia 11 (2026-07-16 → 2026-07-16) 41023 bytes
2026-07-05 09:34:42,226 [INFO] [OK] Argentina/GFS_ENSEMBLE_Corn_Winter_PRCP_DEP/daily dia 12 (2026-07-17 → 2026-07-17) 41439 bytes
2026-07-05 09:34:42,379 [INFO] [OK] Argentina/GFS_ENSEMBLE_Corn_Winter_PRCP_DEP/daily dia 13 (2026-07-18 → 2026-07-18) 41586 bytes
2026-07-05 09:34:42,451 [INFO] [OK] Argentina/GFS_ENSEMBLE_Corn_Winter_PRCP_DEP/daily dia 14 (2026-07-19 → 2026-07-19) 40324 bytes
2026-07-05 09:34:42,684 [INFO] [OK] Argentina/GFS_ENSEMBLE_Corn_Winter_PRCP_DEP/cumulative dia 00 (2026-07-05 → 2026-07-05) 28343 bytes
2026-07-05 09:34:42,953 [INFO] [OK] Argentina/GFS_ENSEMBLE_Corn_Winter_PRCP_DEP/cumulative dia 01 (2026-07-05 → 2026-07-06) 30250 bytes
2026-07-05 09:34:43,166 [INFO] [OK] Argentina/GFS_ENSEMBLE_Corn_Winter_PRCP_DEP/cumulative dia 02 (2026-07-05 → 2026-07-07) 30048 bytes
2026-07-05 09:34:43,331 [INFO] [OK] Argentina/GFS_ENSEMBLE_Corn_Winter_PRCP_DEP/cumulative dia 03 (2026-07-05 → 2026-07-08) 30306 bytes
2026-07-05 09:34:43,510 [INFO] [OK] Argentina/GFS_ENSEMBLE_Corn_Winter_PRCP_DEP/cumulative dia 04 (2026-07-05 → 2026-07-09) 30110 bytes
2026-07-05 09:34:43,581 [INFO] [OK] Argentina/GFS_ENSEMBLE_Corn_Winter_PRCP_DEP/cumulative dia 05 (2026-07-05 → 2026-07-10) 34137 bytes
2026-07-05 09:34:43,914 [INFO] [OK] Argentina/GFS_ENSEMBLE_Corn_Winter_PRCP_DEP/cumulative dia 06 (2026-07-05 → 2026-07-11) 36253 bytes
2026-07-05 09:34:44,253 [INFO] [OK] Argentina/GFS_ENSEMBLE_Corn_Winter_PRCP_DEP/cumulative dia 07 (2026-07-05 → 2026-07-12) 37458 bytes
2026-07-05 09:34:44,556 [INFO] [OK] Argentina/GFS_ENSEMBLE_Corn_Winter_PRCP_DEP/cumulative dia 08 (2026-07-05 → 2026-07-13) 38793 bytes
2026-07-05 09:34:44,659 [INFO] [OK] Argentina/GFS_ENSEMBLE_Corn_Winter_PRCP_DEP/cumulative dia 09 (2026-07-05 → 2026-07-14) 39472 bytes
2026-07-05 09:34:44,954 [INFO] [OK] Argentina/GFS_ENSEMBLE_Corn_Winter_PRCP_DEP/cumulative dia 10 (2026-07-05 → 2026-07-15) 39903 bytes
2026-07-05 09:34:45,103 [INFO] [OK] Argentina/GFS_ENSEMBLE_Corn_Winter_PRCP_DEP/cumulative dia 11 (2026-07-05 → 2026-07-16) 39413 bytes
2026-07-05 09:34:45,504 [INFO] [OK] Argentina/GFS_ENSEMBLE_Corn_Winter_PRCP_DEP/cumulative dia 12 (2026-07-05 → 2026-07-17) 39782 bytes
2026-07-05 09:34:45,593 [INFO] [OK] Argentina/GFS_ENSEMBLE_Corn_Winter_PRCP/daily dia 00 (2026-07-05 → 2026-07-05) 23568 bytes
2026-07-05 09:34:45,895 [INFO] [OK] Argentina/GFS_ENSEMBLE_Corn_Winter_PRCP_DEP/cumulative dia 13 (2026-07-05 → 2026-07-18) 40080 bytes
2026-07-05 09:34:46,019 [INFO] [OK] Argentina/GFS_ENSEMBLE_Corn_Winter_PRCP/daily dia 01 (2026-07-06 → 2026-07-06) 24657 bytes
2026-07-05 09:34:46,020 [INFO] [OK] Argentina/GFS_ENSEMBLE_Corn_Winter_PRCP/daily dia 02 (2026-07-07 → 2026-07-07) 25092 bytes
2026-07-05 09:34:46,163 [INFO] [OK] Argentina/GFS_ENSEMBLE_Corn_Winter_PRCP_DEP/cumulative dia 14 (2026-07-05 → 2026-07-19) 40689 bytes
2026-07-05 09:34:46,408 [INFO] [OK] Argentina/GFS_ENSEMBLE_Corn_Winter_PRCP/daily dia 03 (2026-07-08 → 2026-07-08) 24825 bytes
2026-07-05 09:34:46,500 [INFO] [OK] Argentina/GFS_ENSEMBLE_Corn_Winter_PRCP/daily dia 04 (2026-07-09 → 2026-07-09) 24231 bytes
2026-07-05 09:34:46,790 [INFO] [OK] Argentina/GFS_ENSEMBLE_Corn_Winter_PRCP/daily dia 05 (2026-07-10 → 2026-07-10) 25765 bytes
2026-07-05 09:34:46,996 [INFO] [OK] Argentina/GFS_ENSEMBLE_Corn_Winter_PRCP/daily dia 07 (2026-07-12 → 2026-07-12) 25575 bytes
2026-07-05 09:34:47,092 [INFO] [OK] Argentina/GFS_ENSEMBLE_Corn_Winter_PRCP/daily dia 06 (2026-07-11 → 2026-07-11) 25570 bytes
2026-07-05 09:34:47,215 [INFO] [OK] Argentina/GFS_ENSEMBLE_Corn_Winter_PRCP/daily dia 08 (2026-07-13 → 2026-07-13) 25395 bytes
2026-07-05 09:34:47,290 [INFO] [OK] Argentina/GFS_ENSEMBLE_Corn_Winter_PRCP/daily dia 09 (2026-07-14 → 2026-07-14) 24816 bytes
2026-07-05 09:34:47,541 [INFO] [OK] Argentina/GFS_ENSEMBLE_Corn_Winter_PRCP/daily dia 10 (2026-07-15 → 2026-07-15) 25821 bytes
2026-07-05 09:34:47,690 [INFO] [OK] Argentina/GFS_ENSEMBLE_Corn_Winter_PRCP/daily dia 11 (2026-07-16 → 2026-07-16) 25609 bytes
2026-07-05 09:34:47,916 [INFO] [OK] Argentina/GFS_ENSEMBLE_Corn_Winter_PRCP/daily dia 12 (2026-07-17 → 2026-07-17) 26334 bytes
2026-07-05 09:34:48,050 [INFO] [OK] Argentina/GFS_ENSEMBLE_Corn_Winter_PRCP/daily dia 13 (2026-07-18 → 2026-07-18) 26822 bytes
2026-07-05 09:34:48,266 [INFO] [OK] Argentina/GFS_ENSEMBLE_Corn_Winter_PRCP/daily dia 14 (2026-07-19 → 2026-07-19) 27723 bytes
2026-07-05 09:34:48,307 [INFO] [OK] Argentina/GFS_ENSEMBLE_Corn_Winter_PRCP/cumulative dia 00 (2026-07-05 → 2026-07-05) 23568 bytes
2026-07-05 09:34:48,475 [INFO] [OK] Argentina/GFS_ENSEMBLE_Corn_Winter_PRCP/cumulative dia 01 (2026-07-05 → 2026-07-06) 25343 bytes
2026-07-05 09:34:48,790 [INFO] [OK] Argentina/GFS_ENSEMBLE_Corn_Winter_PRCP/cumulative dia 02 (2026-07-05 → 2026-07-07) 26866 bytes
2026-07-05 09:34:48,935 [INFO] [OK] Argentina/GFS_ENSEMBLE_Corn_Winter_PRCP/cumulative dia 03 (2026-07-05 → 2026-07-08) 27478 bytes
2026-07-05 09:34:49,135 [INFO] [OK] Argentina/GFS_ENSEMBLE_Corn_Winter_PRCP/cumulative dia 04 (2026-07-05 → 2026-07-09) 28126 bytes
2026-07-05 09:34:49,399 [INFO] [OK] Argentina/GFS_ENSEMBLE_Corn_Winter_PRCP/cumulative dia 05 (2026-07-05 → 2026-07-10) 28910 bytes
2026-07-05 09:34:49,491 [INFO] [OK] Argentina/GFS_ENSEMBLE_Corn_Winter_PRCP/cumulative dia 06 (2026-07-05 → 2026-07-11) 29429 bytes
2026-07-05 09:34:49,724 [INFO] [OK] Argentina/GFS_ENSEMBLE_Corn_Winter_PRCP/cumulative dia 07 (2026-07-05 → 2026-07-12) 30315 bytes
2026-07-05 09:34:50,062 [INFO] [OK] Argentina/GFS_ENSEMBLE_Corn_Winter_PRCP/cumulative dia 08 (2026-07-05 → 2026-07-13) 30941 bytes
2026-07-05 09:34:50,262 [INFO] [OK] Argentina/GFS_ENSEMBLE_Corn_Winter_PRCP/cumulative dia 09 (2026-07-05 → 2026-07-14) 31075 bytes
2026-07-05 09:34:50,517 [INFO] [OK] Argentina/GFS_ENSEMBLE_Corn_Winter_PRCP/cumulative dia 10 (2026-07-05 → 2026-07-15) 31719 bytes
2026-07-05 09:34:50,857 [INFO] [OK] Argentina/GFS_ENSEMBLE_Corn_Winter_PRCP/cumulative dia 11 (2026-07-05 → 2026-07-16) 32598 bytes
2026-07-05 09:34:50,976 [INFO] [OK] Argentina/GFS_ENSEMBLE_Corn_Winter_PRCP/cumulative dia 12 (2026-07-05 → 2026-07-17) 33139 bytes
2026-07-05 09:34:51,209 [INFO] [OK] Argentina/ECM_ENSEMBLE_Soy_PRCP_DEP/daily dia 00 (2026-07-05 → 2026-07-05) 34985 bytes
2026-07-05 09:34:51,343 [INFO] [OK] Argentina/GFS_ENSEMBLE_Corn_Winter_PRCP/cumulative dia 13 (2026-07-05 → 2026-07-18) 34341 bytes
2026-07-05 09:34:51,475 [INFO] [OK] Argentina/ECM_ENSEMBLE_Soy_PRCP_DEP/daily dia 01 (2026-07-06 → 2026-07-06) 36244 bytes
2026-07-05 09:34:51,589 [INFO] [OK] Argentina/GFS_ENSEMBLE_Corn_Winter_PRCP/cumulative dia 14 (2026-07-05 → 2026-07-19) 34827 bytes
2026-07-05 09:34:51,800 [INFO] [OK] Argentina/ECM_ENSEMBLE_Soy_PRCP_DEP/daily dia 02 (2026-07-07 → 2026-07-07) 29965 bytes
2026-07-05 09:34:51,883 [INFO] [OK] Argentina/ECM_ENSEMBLE_Soy_PRCP_DEP/daily dia 03 (2026-07-08 → 2026-07-08) 29359 bytes
2026-07-05 09:34:52,167 [INFO] [OK] Argentina/ECM_ENSEMBLE_Soy_PRCP_DEP/daily dia 04 (2026-07-09 → 2026-07-09) 35723 bytes
2026-07-05 09:34:52,312 [INFO] [OK] Argentina/ECM_ENSEMBLE_Soy_PRCP_DEP/daily dia 05 (2026-07-10 → 2026-07-10) 40716 bytes
2026-07-05 09:34:52,454 [INFO] [OK] Argentina/ECM_ENSEMBLE_Soy_PRCP_DEP/daily dia 06 (2026-07-11 → 2026-07-11) 42138 bytes
2026-07-05 09:34:52,548 [INFO] [OK] Argentina/ECM_ENSEMBLE_Soy_PRCP_DEP/daily dia 07 (2026-07-12 → 2026-07-12) 41385 bytes
2026-07-05 09:34:52,752 [INFO] [OK] Argentina/ECM_ENSEMBLE_Soy_PRCP_DEP/daily dia 08 (2026-07-13 → 2026-07-13) 42341 bytes
2026-07-05 09:34:52,861 [INFO] [OK] Argentina/ECM_ENSEMBLE_Soy_PRCP_DEP/daily dia 09 (2026-07-14 → 2026-07-14) 42719 bytes
2026-07-05 09:34:53,115 [INFO] [OK] Argentina/ECM_ENSEMBLE_Soy_PRCP_DEP/daily dia 10 (2026-07-15 → 2026-07-15) 40936 bytes
2026-07-05 09:34:53,270 [INFO] [OK] Argentina/ECM_ENSEMBLE_Soy_PRCP_DEP/daily dia 11 (2026-07-16 → 2026-07-16) 38808 bytes
2026-07-05 09:34:53,416 [INFO] [OK] Argentina/ECM_ENSEMBLE_Soy_PRCP_DEP/daily dia 12 (2026-07-17 → 2026-07-17) 36879 bytes
2026-07-05 09:34:53,492 [INFO] [OK] Argentina/ECM_ENSEMBLE_Soy_PRCP_DEP/daily dia 13 (2026-07-18 → 2026-07-18) 37070 bytes
2026-07-05 09:34:53,710 [INFO] [OK] Argentina/ECM_ENSEMBLE_Soy_PRCP_DEP/daily dia 14 (2026-07-19 → 2026-07-19) 38419 bytes
2026-07-05 09:34:54,321 [INFO] [OK] Argentina/ECM_ENSEMBLE_Soy_PRCP_DEP/cumulative dia 01 (2026-07-05 → 2026-07-06) 36914 bytes
2026-07-05 09:34:54,331 [INFO] [OK] Argentina/ECM_ENSEMBLE_Soy_PRCP_DEP/cumulative dia 00 (2026-07-05 → 2026-07-05) 34985 bytes
2026-07-05 09:34:54,338 [INFO] [OK] Argentina/ECM_ENSEMBLE_Soy_PRCP_DEP/cumulative dia 02 (2026-07-05 → 2026-07-07) 36943 bytes
2026-07-05 09:34:54,533 [INFO] [OK] Argentina/ECM_ENSEMBLE_Soy_PRCP_DEP/cumulative dia 03 (2026-07-05 → 2026-07-08) 36566 bytes
2026-07-05 09:34:54,698 [INFO] [OK] Argentina/ECM_ENSEMBLE_Soy_PRCP_DEP/cumulative dia 04 (2026-07-05 → 2026-07-09) 37616 bytes
2026-07-05 09:34:54,870 [INFO] [OK] Argentina/ECM_ENSEMBLE_Soy_PRCP_DEP/cumulative dia 05 (2026-07-05 → 2026-07-10) 40757 bytes
2026-07-05 09:34:55,626 [INFO] [OK] Argentina/ECM_ENSEMBLE_Soy_PRCP_DEP/cumulative dia 06 (2026-07-05 → 2026-07-11) 43138 bytes
2026-07-05 09:34:55,721 [INFO] [OK] Argentina/ECM_ENSEMBLE_Soy_PRCP_DEP/cumulative dia 08 (2026-07-05 → 2026-07-13) 43196 bytes
2026-07-05 09:34:55,741 [INFO] [OK] Argentina/ECM_ENSEMBLE_Soy_PRCP_DEP/cumulative dia 07 (2026-07-05 → 2026-07-12) 43953 bytes
2026-07-05 09:34:55,938 [INFO] [OK] Argentina/ECM_ENSEMBLE_Soy_PRCP_DEP/cumulative dia 09 (2026-07-05 → 2026-07-14) 43486 bytes
2026-07-05 09:34:56,105 [INFO] [OK] Argentina/ECM_ENSEMBLE_Soy_PRCP_DEP/cumulative dia 10 (2026-07-05 → 2026-07-15) 43593 bytes
2026-07-05 09:34:56,375 [INFO] [OK] Argentina/ECM_ENSEMBLE_Soy_PRCP_DEP/cumulative dia 11 (2026-07-05 → 2026-07-16) 42767 bytes
2026-07-05 09:34:56,884 [INFO] [OK] Argentina/ECM_ENSEMBLE_Soy_PRCP/daily dia 00 (2026-07-05 → 2026-07-05) 26392 bytes
2026-07-05 09:34:57,128 [INFO] [OK] Argentina/ECM_ENSEMBLE_Soy_PRCP/daily dia 01 (2026-07-06 → 2026-07-06) 27526 bytes
2026-07-05 09:34:57,302 [INFO] [OK] Argentina/ECM_ENSEMBLE_Soy_PRCP/daily dia 02 (2026-07-07 → 2026-07-07) 27150 bytes
2026-07-05 09:34:57,304 [INFO] [OK] Argentina/ECM_ENSEMBLE_Soy_PRCP_DEP/cumulative dia 13 (2026-07-05 → 2026-07-18) 41061 bytes
2026-07-05 09:34:57,306 [INFO] [OK] Argentina/ECM_ENSEMBLE_Soy_PRCP_DEP/cumulative dia 12 (2026-07-05 → 2026-07-17) 41985 bytes
2026-07-05 09:34:57,385 [INFO] [OK] Argentina/ECM_ENSEMBLE_Soy_PRCP_DEP/cumulative dia 14 (2026-07-05 → 2026-07-19) 40843 bytes
2026-07-05 09:34:57,839 [INFO] [OK] Argentina/ECM_ENSEMBLE_Soy_PRCP/daily dia 03 (2026-07-08 → 2026-07-08) 27110 bytes
2026-07-05 09:34:58,030 [INFO] [OK] Argentina/ECM_ENSEMBLE_Soy_PRCP/daily dia 04 (2026-07-09 → 2026-07-09) 26660 bytes
2026-07-05 09:34:58,234 [INFO] [OK] Argentina/ECM_ENSEMBLE_Soy_PRCP/daily dia 05 (2026-07-10 → 2026-07-10) 28684 bytes
2026-07-05 09:34:58,401 [INFO] [OK] Argentina/ECM_ENSEMBLE_Soy_PRCP/daily dia 07 (2026-07-12 → 2026-07-12) 27937 bytes
2026-07-05 09:34:58,402 [INFO] [OK] Argentina/ECM_ENSEMBLE_Soy_PRCP/daily dia 06 (2026-07-11 → 2026-07-11) 29201 bytes
2026-07-05 09:34:58,415 [INFO] [OK] Argentina/ECM_ENSEMBLE_Soy_PRCP/daily dia 08 (2026-07-13 → 2026-07-13) 27292 bytes
2026-07-05 09:34:58,759 [INFO] [OK] Argentina/ECM_ENSEMBLE_Soy_PRCP/daily dia 09 (2026-07-14 → 2026-07-14) 27498 bytes
2026-07-05 09:34:58,957 [INFO] [OK] Argentina/ECM_ENSEMBLE_Soy_PRCP/daily dia 10 (2026-07-15 → 2026-07-15) 28278 bytes
2026-07-05 09:34:59,182 [INFO] [OK] Argentina/ECM_ENSEMBLE_Soy_PRCP/daily dia 11 (2026-07-16 → 2026-07-16) 28559 bytes
2026-07-05 09:34:59,334 [INFO] [OK] Argentina/ECM_ENSEMBLE_Soy_PRCP/daily dia 12 (2026-07-17 → 2026-07-17) 29825 bytes
2026-07-05 09:34:59,370 [INFO] [OK] Argentina/ECM_ENSEMBLE_Soy_PRCP/daily dia 14 (2026-07-19 → 2026-07-19) 29556 bytes
2026-07-05 09:34:59,378 [INFO] [OK] Argentina/ECM_ENSEMBLE_Soy_PRCP/daily dia 13 (2026-07-18 → 2026-07-18) 30889 bytes
2026-07-05 09:34:59,692 [INFO] [OK] Argentina/ECM_ENSEMBLE_Soy_PRCP/cumulative dia 00 (2026-07-05 → 2026-07-05) 26392 bytes
2026-07-05 09:34:59,904 [INFO] [OK] Argentina/ECM_ENSEMBLE_Soy_PRCP/cumulative dia 01 (2026-07-05 → 2026-07-06) 28584 bytes
2026-07-05 09:35:00,195 [INFO] [OK] Argentina/ECM_ENSEMBLE_Soy_PRCP/cumulative dia 02 (2026-07-05 → 2026-07-07) 29720 bytes
2026-07-05 09:35:00,419 [INFO] [OK] Argentina/ECM_ENSEMBLE_Soy_PRCP/cumulative dia 03 (2026-07-05 → 2026-07-08) 30488 bytes
2026-07-05 09:35:00,500 [INFO] [OK] Argentina/ECM_ENSEMBLE_Soy_PRCP/cumulative dia 04 (2026-07-05 → 2026-07-09) 30793 bytes
2026-07-05 09:35:00,585 [INFO] [OK] Argentina/ECM_ENSEMBLE_Soy_PRCP/cumulative dia 05 (2026-07-05 → 2026-07-10) 31889 bytes
2026-07-05 09:35:00,901 [INFO] [OK] Argentina/ECM_ENSEMBLE_Soy_PRCP/cumulative dia 06 (2026-07-05 → 2026-07-11) 33456 bytes
2026-07-05 09:35:01,135 [INFO] [OK] Argentina/ECM_ENSEMBLE_Soy_PRCP/cumulative dia 07 (2026-07-05 → 2026-07-12) 33720 bytes
2026-07-05 09:35:01,570 [INFO] [OK] Argentina/ECM_ENSEMBLE_Soy_PRCP/cumulative dia 08 (2026-07-05 → 2026-07-13) 34142 bytes
2026-07-05 09:35:01,931 [INFO] [OK] Argentina/ECM_ENSEMBLE_Soy_PRCP/cumulative dia 09 (2026-07-05 → 2026-07-14) 35216 bytes
2026-07-05 09:35:01,993 [INFO] [OK] Argentina/ECM_ENSEMBLE_Soy_PRCP/cumulative dia 10 (2026-07-05 → 2026-07-15) 35716 bytes
2026-07-05 09:35:02,136 [INFO] [OK] Argentina/ECM_ENSEMBLE_Soy_PRCP/cumulative dia 11 (2026-07-05 → 2026-07-16) 36708 bytes
2026-07-05 09:35:02,550 [INFO] [OK] Argentina/ECM_ENSEMBLE_Soy_PRCP/cumulative dia 12 (2026-07-05 → 2026-07-17) 37032 bytes
2026-07-05 09:35:02,720 [INFO] [OK] Argentina/ECM_ENSEMBLE_Soy_PRCP/cumulative dia 13 (2026-07-05 → 2026-07-18) 37691 bytes
2026-07-05 09:35:02,893 [INFO] [OK] Argentina/ECM_ENSEMBLE_Corn_Winter_PRCP_DEP/daily dia 00 (2026-07-05 → 2026-07-05) 32953 bytes
2026-07-05 09:35:03,000 [INFO] [OK] Argentina/ECM_ENSEMBLE_Corn_Winter_PRCP_DEP/daily dia 01 (2026-07-06 → 2026-07-06) 34388 bytes
2026-07-05 09:35:03,076 [INFO] [OK] Argentina/ECM_ENSEMBLE_Corn_Winter_PRCP_DEP/daily dia 02 (2026-07-07 → 2026-07-07) 28423 bytes
2026-07-05 09:35:03,204 [INFO] [OK] Argentina/ECM_ENSEMBLE_Soy_PRCP/cumulative dia 14 (2026-07-05 → 2026-07-19) 38079 bytes
2026-07-05 09:35:03,519 [INFO] [OK] Argentina/ECM_ENSEMBLE_Corn_Winter_PRCP_DEP/daily dia 03 (2026-07-08 → 2026-07-08) 27698 bytes
2026-07-05 09:35:03,732 [INFO] [OK] Argentina/ECM_ENSEMBLE_Corn_Winter_PRCP_DEP/daily dia 04 (2026-07-09 → 2026-07-09) 33844 bytes
2026-07-05 09:35:03,886 [INFO] [OK] Argentina/ECM_ENSEMBLE_Corn_Winter_PRCP_DEP/daily dia 05 (2026-07-10 → 2026-07-10) 39057 bytes
2026-07-05 09:35:03,965 [INFO] [OK] Argentina/ECM_ENSEMBLE_Corn_Winter_PRCP_DEP/daily dia 06 (2026-07-11 → 2026-07-11) 40472 bytes
2026-07-05 09:35:04,061 [INFO] [OK] Argentina/ECM_ENSEMBLE_Corn_Winter_PRCP_DEP/daily dia 07 (2026-07-12 → 2026-07-12) 39718 bytes
2026-07-05 09:35:04,212 [INFO] [OK] Argentina/ECM_ENSEMBLE_Corn_Winter_PRCP_DEP/daily dia 08 (2026-07-13 → 2026-07-13) 40843 bytes
2026-07-05 09:35:04,472 [INFO] [OK] Argentina/ECM_ENSEMBLE_Corn_Winter_PRCP_DEP/daily dia 09 (2026-07-14 → 2026-07-14) 40888 bytes
2026-07-05 09:35:04,690 [INFO] [OK] Argentina/ECM_ENSEMBLE_Corn_Winter_PRCP_DEP/daily dia 10 (2026-07-15 → 2026-07-15) 39112 bytes
2026-07-05 09:35:04,858 [INFO] [OK] Argentina/ECM_ENSEMBLE_Corn_Winter_PRCP_DEP/daily dia 11 (2026-07-16 → 2026-07-16) 37067 bytes
2026-07-05 09:35:04,981 [INFO] [OK] Argentina/ECM_ENSEMBLE_Corn_Winter_PRCP_DEP/daily dia 12 (2026-07-17 → 2026-07-17) 35594 bytes
2026-07-05 09:35:05,099 [INFO] [OK] Argentina/ECM_ENSEMBLE_Corn_Winter_PRCP_DEP/daily dia 13 (2026-07-18 → 2026-07-18) 35731 bytes
2026-07-05 09:35:05,195 [INFO] [OK] Argentina/ECM_ENSEMBLE_Corn_Winter_PRCP_DEP/daily dia 14 (2026-07-19 → 2026-07-19) 37014 bytes
2026-07-05 09:35:05,418 [INFO] [OK] Argentina/ECM_ENSEMBLE_Corn_Winter_PRCP_DEP/cumulative dia 00 (2026-07-05 → 2026-07-05) 32953 bytes
2026-07-05 09:35:05,646 [INFO] [OK] Argentina/ECM_ENSEMBLE_Corn_Winter_PRCP_DEP/cumulative dia 01 (2026-07-05 → 2026-07-06) 34933 bytes
2026-07-05 09:35:05,891 [INFO] [OK] Argentina/ECM_ENSEMBLE_Corn_Winter_PRCP_DEP/cumulative dia 02 (2026-07-05 → 2026-07-07) 35023 bytes
2026-07-05 09:35:06,103 [INFO] [OK] Argentina/ECM_ENSEMBLE_Corn_Winter_PRCP_DEP/cumulative dia 03 (2026-07-05 → 2026-07-08) 34675 bytes
2026-07-05 09:35:06,234 [INFO] [OK] Argentina/ECM_ENSEMBLE_Corn_Winter_PRCP_DEP/cumulative dia 04 (2026-07-05 → 2026-07-09) 35805 bytes
2026-07-05 09:35:06,418 [INFO] [OK] Argentina/ECM_ENSEMBLE_Corn_Winter_PRCP_DEP/cumulative dia 05 (2026-07-05 → 2026-07-10) 39287 bytes
2026-07-05 09:35:06,684 [INFO] [OK] Argentina/ECM_ENSEMBLE_Corn_Winter_PRCP_DEP/cumulative dia 06 (2026-07-05 → 2026-07-11) 41444 bytes
2026-07-05 09:35:06,956 [INFO] [OK] Argentina/ECM_ENSEMBLE_Corn_Winter_PRCP_DEP/cumulative dia 07 (2026-07-05 → 2026-07-12) 42267 bytes
2026-07-05 09:35:07,229 [INFO] [OK] Argentina/ECM_ENSEMBLE_Corn_Winter_PRCP_DEP/cumulative dia 08 (2026-07-05 → 2026-07-13) 41706 bytes
2026-07-05 09:35:07,566 [INFO] [OK] Argentina/ECM_ENSEMBLE_Corn_Winter_PRCP_DEP/cumulative dia 09 (2026-07-05 → 2026-07-14) 41887 bytes
2026-07-05 09:35:07,684 [INFO] [OK] Argentina/ECM_ENSEMBLE_Corn_Winter_PRCP_DEP/cumulative dia 10 (2026-07-05 → 2026-07-15) 41955 bytes
2026-07-05 09:35:07,932 [INFO] [OK] Argentina/ECM_ENSEMBLE_Corn_Winter_PRCP_DEP/cumulative dia 11 (2026-07-05 → 2026-07-16) 40985 bytes
2026-07-05 09:35:08,266 [INFO] [OK] Argentina/ECM_ENSEMBLE_Corn_Winter_PRCP_DEP/cumulative dia 12 (2026-07-05 → 2026-07-17) 40198 bytes
2026-07-05 09:35:08,482 [INFO] [OK] Argentina/ECM_ENSEMBLE_Corn_Winter_PRCP/daily dia 00 (2026-07-05 → 2026-07-05) 24383 bytes
2026-07-05 09:35:08,534 [INFO] [OK] Argentina/ECM_ENSEMBLE_Corn_Winter_PRCP_DEP/cumulative dia 13 (2026-07-05 → 2026-07-18) 39325 bytes
2026-07-05 09:35:08,610 [INFO] [OK] Argentina/ECM_ENSEMBLE_Corn_Winter_PRCP/daily dia 01 (2026-07-06 → 2026-07-06) 25525 bytes
2026-07-05 09:35:08,895 [INFO] [OK] Argentina/ECM_ENSEMBLE_Corn_Winter_PRCP_DEP/cumulative dia 14 (2026-07-05 → 2026-07-19) 39366 bytes
2026-07-05 09:35:08,959 [INFO] [OK] Argentina/ECM_ENSEMBLE_Corn_Winter_PRCP/daily dia 02 (2026-07-07 → 2026-07-07) 25305 bytes
2026-07-05 09:35:09,168 [INFO] [OK] Argentina/ECM_ENSEMBLE_Corn_Winter_PRCP/daily dia 03 (2026-07-08 → 2026-07-08) 25327 bytes
2026-07-05 09:35:09,526 [INFO] [OK] Argentina/ECM_ENSEMBLE_Corn_Winter_PRCP/daily dia 05 (2026-07-10 → 2026-07-10) 26796 bytes
2026-07-05 09:35:09,552 [INFO] [OK] Argentina/ECM_ENSEMBLE_Corn_Winter_PRCP/daily dia 04 (2026-07-09 → 2026-07-09) 24886 bytes
2026-07-05 09:35:09,632 [INFO] [OK] Argentina/ECM_ENSEMBLE_Corn_Winter_PRCP/daily dia 06 (2026-07-11 → 2026-07-11) 27478 bytes
2026-07-05 09:35:09,813 [INFO] [OK] Argentina/ECM_ENSEMBLE_Corn_Winter_PRCP/daily dia 07 (2026-07-12 → 2026-07-12) 26189 bytes
2026-07-05 09:35:09,929 [INFO] [OK] Argentina/ECM_ENSEMBLE_Corn_Winter_PRCP/daily dia 08 (2026-07-13 → 2026-07-13) 25622 bytes
2026-07-05 09:35:10,070 [INFO] [OK] Argentina/ECM_ENSEMBLE_Corn_Winter_PRCP/daily dia 09 (2026-07-14 → 2026-07-14) 25833 bytes
2026-07-05 09:35:10,485 [INFO] [OK] Argentina/ECM_ENSEMBLE_Corn_Winter_PRCP/daily dia 11 (2026-07-16 → 2026-07-16) 26843 bytes
2026-07-05 09:35:10,497 [INFO] [OK] Argentina/ECM_ENSEMBLE_Corn_Winter_PRCP/daily dia 10 (2026-07-15 → 2026-07-15) 26605 bytes
2026-07-05 09:35:10,691 [INFO] [OK] Argentina/ECM_ENSEMBLE_Corn_Winter_PRCP/daily dia 12 (2026-07-17 → 2026-07-17) 28079 bytes
2026-07-05 09:35:10,724 [INFO] [OK] Argentina/ECM_ENSEMBLE_Corn_Winter_PRCP/daily dia 13 (2026-07-18 → 2026-07-18) 29164 bytes
2026-07-05 09:35:10,938 [INFO] [OK] Argentina/ECM_ENSEMBLE_Corn_Winter_PRCP/daily dia 14 (2026-07-19 → 2026-07-19) 27910 bytes
2026-07-05 09:35:10,985 [INFO] [OK] Argentina/ECM_ENSEMBLE_Corn_Winter_PRCP/cumulative dia 00 (2026-07-05 → 2026-07-05) 24383 bytes
2026-07-05 09:35:11,446 [INFO] [OK] Argentina/ECM_ENSEMBLE_Corn_Winter_PRCP/cumulative dia 01 (2026-07-05 → 2026-07-06) 26628 bytes
2026-07-05 09:35:11,540 [INFO] [OK] Argentina/ECM_ENSEMBLE_Corn_Winter_PRCP/cumulative dia 02 (2026-07-05 → 2026-07-07) 27851 bytes
2026-07-05 09:35:11,788 [INFO] [OK] Argentina/ECM_ENSEMBLE_Corn_Winter_PRCP/cumulative dia 03 (2026-07-05 → 2026-07-08) 28660 bytes
2026-07-05 09:35:11,885 [INFO] [OK] Argentina/ECM_ENSEMBLE_Corn_Winter_PRCP/cumulative dia 04 (2026-07-05 → 2026-07-09) 29129 bytes
2026-07-05 09:35:12,139 [INFO] [OK] Argentina/ECM_ENSEMBLE_Corn_Winter_PRCP/cumulative dia 05 (2026-07-05 → 2026-07-10) 30027 bytes
2026-07-05 09:35:12,330 [INFO] [OK] Argentina/ECM_ENSEMBLE_Corn_Winter_PRCP/cumulative dia 06 (2026-07-05 → 2026-07-11) 31885 bytes
2026-07-05 09:35:12,917 [INFO] [OK] Argentina/ECM_ENSEMBLE_Corn_Winter_PRCP/cumulative dia 07 (2026-07-05 → 2026-07-12) 32095 bytes
2026-07-05 09:35:12,956 [INFO] [OK] Argentina/ECM_ENSEMBLE_Corn_Winter_PRCP/cumulative dia 08 (2026-07-05 → 2026-07-13) 32536 bytes
2026-07-05 09:35:13,239 [INFO] [OK] Argentina/ECM_ENSEMBLE_Corn_Winter_PRCP/cumulative dia 09 (2026-07-05 → 2026-07-14) 33414 bytes
2026-07-05 09:35:13,442 [INFO] [OK] Argentina/ECM_ENSEMBLE_Corn_Winter_PRCP/cumulative dia 10 (2026-07-05 → 2026-07-15) 34045 bytes
2026-07-05 09:35:13,708 [INFO] [OK] Argentina/ECM_ENSEMBLE_Corn_Winter_PRCP/cumulative dia 11 (2026-07-05 → 2026-07-16) 35019 bytes
2026-07-05 09:35:13,869 [INFO] [OK] Argentina/ECM_ENSEMBLE_Corn_Winter_PRCP/cumulative dia 12 (2026-07-05 → 2026-07-17) 35317 bytes
2026-07-05 09:35:14,654 [INFO] [OK] Argentina/ECM_ENSEMBLE_Corn_Winter_PRCP/cumulative dia 13 (2026-07-05 → 2026-07-18) 36122 bytes
2026-07-05 09:35:14,669 [INFO] [OK] Argentina/ECM_ENSEMBLE_Corn_Winter_PRCP/cumulative dia 14 (2026-07-05 → 2026-07-19) 36360 bytes
2026-07-05 09:35:14,913 [INFO] [OK] USA/GFS_ENSEMBLE_Corn_PRCP_DEP/daily dia 00 (2026-07-05 → 2026-07-05) 51860 bytes
2026-07-05 09:35:15,144 [INFO] [OK] USA/GFS_ENSEMBLE_Corn_PRCP_DEP/daily dia 01 (2026-07-06 → 2026-07-06) 57147 bytes
2026-07-05 09:35:15,255 [INFO] [OK] USA/GFS_ENSEMBLE_Corn_PRCP_DEP/daily dia 02 (2026-07-07 → 2026-07-07) 55351 bytes
2026-07-05 09:35:15,385 [INFO] [OK] USA/GFS_ENSEMBLE_Corn_PRCP_DEP/daily dia 03 (2026-07-08 → 2026-07-08) 56854 bytes
2026-07-05 09:35:16,211 [INFO] [OK] USA/GFS_ENSEMBLE_Corn_PRCP_DEP/daily dia 04 (2026-07-09 → 2026-07-09) 52564 bytes
2026-07-05 09:35:16,353 [INFO] [OK] USA/GFS_ENSEMBLE_Corn_PRCP_DEP/daily dia 05 (2026-07-10 → 2026-07-10) 52669 bytes
2026-07-05 09:35:16,545 [INFO] [OK] USA/GFS_ENSEMBLE_Corn_PRCP_DEP/daily dia 06 (2026-07-11 → 2026-07-11) 53794 bytes
2026-07-05 09:35:16,913 [INFO] [OK] USA/GFS_ENSEMBLE_Corn_PRCP_DEP/daily dia 08 (2026-07-13 → 2026-07-13) 55761 bytes
2026-07-05 09:35:16,995 [INFO] [OK] USA/GFS_ENSEMBLE_Corn_PRCP_DEP/daily dia 07 (2026-07-12 → 2026-07-12) 53905 bytes
2026-07-05 09:35:17,055 [INFO] [OK] USA/GFS_ENSEMBLE_Corn_PRCP_DEP/daily dia 09 (2026-07-14 → 2026-07-14) 58710 bytes
2026-07-05 09:35:17,855 [INFO] [OK] USA/GFS_ENSEMBLE_Corn_PRCP_DEP/daily dia 10 (2026-07-15 → 2026-07-15) 57497 bytes
2026-07-05 09:35:17,895 [INFO] [OK] USA/GFS_ENSEMBLE_Corn_PRCP_DEP/daily dia 11 (2026-07-16 → 2026-07-16) 58839 bytes
2026-07-05 09:35:18,102 [INFO] [OK] USA/GFS_ENSEMBLE_Corn_PRCP_DEP/daily dia 12 (2026-07-17 → 2026-07-17) 60315 bytes
2026-07-05 09:35:18,520 [INFO] [OK] USA/GFS_ENSEMBLE_Corn_PRCP_DEP/daily dia 13 (2026-07-18 → 2026-07-18) 61370 bytes
2026-07-05 09:35:18,540 [INFO] [OK] USA/GFS_ENSEMBLE_Corn_PRCP_DEP/cumulative dia 00 (2026-07-05 → 2026-07-05) 51860 bytes
2026-07-05 09:35:18,567 [INFO] [OK] USA/GFS_ENSEMBLE_Corn_PRCP_DEP/daily dia 14 (2026-07-19 → 2026-07-19) 60524 bytes
2026-07-05 09:35:19,730 [INFO] [OK] USA/GFS_ENSEMBLE_Corn_PRCP_DEP/cumulative dia 01 (2026-07-05 → 2026-07-06) 58289 bytes
2026-07-05 09:35:19,734 [INFO] [OK] USA/GFS_ENSEMBLE_Corn_PRCP_DEP/cumulative dia 02 (2026-07-05 → 2026-07-07) 59817 bytes
2026-07-05 09:35:20,105 [INFO] [OK] USA/GFS_ENSEMBLE_Corn_PRCP_DEP/cumulative dia 03 (2026-07-05 → 2026-07-08) 60013 bytes
2026-07-05 09:35:20,796 [INFO] [OK] USA/GFS_ENSEMBLE_Corn_PRCP_DEP/cumulative dia 04 (2026-07-05 → 2026-07-09) 59860 bytes
2026-07-05 09:35:20,866 [INFO] [OK] USA/GFS_ENSEMBLE_Corn_PRCP_DEP/cumulative dia 05 (2026-07-05 → 2026-07-10) 59303 bytes
2026-07-05 09:35:21,070 [INFO] [OK] USA/GFS_ENSEMBLE_Corn_PRCP_DEP/cumulative dia 06 (2026-07-05 → 2026-07-11) 59181 bytes
2026-07-05 09:35:21,941 [INFO] [OK] USA/GFS_ENSEMBLE_Corn_PRCP_DEP/cumulative dia 07 (2026-07-05 → 2026-07-12) 58752 bytes
2026-07-05 09:35:22,088 [INFO] [OK] USA/GFS_ENSEMBLE_Corn_PRCP_DEP/cumulative dia 08 (2026-07-05 → 2026-07-13) 59638 bytes
2026-07-05 09:35:22,613 [INFO] [OK] USA/GFS_ENSEMBLE_Corn_PRCP_DEP/cumulative dia 09 (2026-07-05 → 2026-07-14) 60127 bytes
2026-07-05 09:35:23,457 [INFO] [OK] USA/GFS_ENSEMBLE_Corn_PRCP_DEP/cumulative dia 10 (2026-07-05 → 2026-07-15) 60325 bytes
2026-07-05 09:35:23,507 [INFO] [OK] USA/GFS_ENSEMBLE_Corn_PRCP_DEP/cumulative dia 11 (2026-07-05 → 2026-07-16) 60555 bytes
2026-07-05 09:35:24,074 [INFO] [OK] USA/GFS_ENSEMBLE_Corn_PRCP_DEP/cumulative dia 12 (2026-07-05 → 2026-07-17) 60412 bytes
2026-07-05 09:35:24,242 [INFO] [OK] USA/GFS_ENSEMBLE_Corn_PRCP/daily dia 00 (2026-07-05 → 2026-07-05) 37551 bytes
2026-07-05 09:35:24,936 [INFO] [OK] USA/GFS_ENSEMBLE_Corn_PRCP_DEP/cumulative dia 13 (2026-07-05 → 2026-07-18) 60488 bytes
2026-07-05 09:35:25,061 [INFO] [OK] USA/GFS_ENSEMBLE_Corn_PRCP/daily dia 01 (2026-07-06 → 2026-07-06) 38681 bytes
2026-07-05 09:35:25,192 [INFO] [OK] USA/GFS_ENSEMBLE_Corn_PRCP/daily dia 02 (2026-07-07 → 2026-07-07) 38297 bytes
2026-07-05 09:35:25,198 [INFO] [OK] USA/GFS_ENSEMBLE_Corn_PRCP_DEP/cumulative dia 14 (2026-07-05 → 2026-07-19) 60336 bytes
2026-07-05 09:35:25,641 [INFO] [OK] USA/GFS_ENSEMBLE_Corn_PRCP/daily dia 03 (2026-07-08 → 2026-07-08) 37502 bytes
2026-07-05 09:35:25,820 [INFO] [OK] USA/GFS_ENSEMBLE_Corn_PRCP/daily dia 04 (2026-07-09 → 2026-07-09) 36596 bytes
2026-07-05 09:35:26,401 [INFO] [OK] USA/GFS_ENSEMBLE_Corn_PRCP/daily dia 05 (2026-07-10 → 2026-07-10) 36756 bytes
2026-07-05 09:35:26,538 [INFO] [OK] USA/GFS_ENSEMBLE_Corn_PRCP/daily dia 06 (2026-07-11 → 2026-07-11) 36306 bytes
2026-07-05 09:35:26,645 [INFO] [OK] USA/GFS_ENSEMBLE_Corn_PRCP/daily dia 08 (2026-07-13 → 2026-07-13) 34719 bytes
2026-07-05 09:35:26,689 [INFO] [OK] USA/GFS_ENSEMBLE_Corn_PRCP/daily dia 07 (2026-07-12 → 2026-07-12) 35498 bytes
2026-07-05 09:35:27,165 [INFO] [OK] USA/GFS_ENSEMBLE_Corn_PRCP/daily dia 09 (2026-07-14 → 2026-07-14) 35533 bytes
2026-07-05 09:35:27,395 [INFO] [OK] USA/GFS_ENSEMBLE_Corn_PRCP/daily dia 10 (2026-07-15 → 2026-07-15) 36664 bytes
2026-07-05 09:35:27,921 [INFO] [OK] USA/GFS_ENSEMBLE_Corn_PRCP/daily dia 11 (2026-07-16 → 2026-07-16) 36011 bytes
2026-07-05 09:35:28,029 [INFO] [OK] USA/GFS_ENSEMBLE_Corn_PRCP/daily dia 12 (2026-07-17 → 2026-07-17) 36338 bytes
2026-07-05 09:35:28,534 [INFO] [OK] USA/GFS_ENSEMBLE_Corn_PRCP/daily dia 14 (2026-07-19 → 2026-07-19) 36888 bytes
2026-07-05 09:35:28,536 [INFO] [OK] USA/GFS_ENSEMBLE_Corn_PRCP/daily dia 13 (2026-07-18 → 2026-07-18) 36386 bytes
2026-07-05 09:35:28,681 [INFO] [OK] USA/GFS_ENSEMBLE_Corn_PRCP/cumulative dia 00 (2026-07-05 → 2026-07-05) 37551 bytes
2026-07-05 09:35:29,028 [INFO] [OK] USA/GFS_ENSEMBLE_Corn_PRCP/cumulative dia 01 (2026-07-05 → 2026-07-06) 41755 bytes
2026-07-05 09:35:30,009 [INFO] [OK] USA/GFS_ENSEMBLE_Corn_PRCP/cumulative dia 02 (2026-07-05 → 2026-07-07) 44628 bytes
2026-07-05 09:35:30,009 [INFO] [OK] USA/GFS_ENSEMBLE_Corn_PRCP/cumulative dia 03 (2026-07-05 → 2026-07-08) 45834 bytes
2026-07-05 09:35:30,567 [INFO] [OK] USA/GFS_ENSEMBLE_Corn_PRCP/cumulative dia 04 (2026-07-05 → 2026-07-09) 46718 bytes
2026-07-05 09:35:30,611 [INFO] [OK] USA/GFS_ENSEMBLE_Corn_PRCP/cumulative dia 05 (2026-07-05 → 2026-07-10) 47073 bytes
2026-07-05 09:35:30,892 [INFO] [OK] USA/GFS_ENSEMBLE_Corn_PRCP/cumulative dia 06 (2026-07-05 → 2026-07-11) 47507 bytes
2026-07-05 09:35:31,758 [INFO] [OK] USA/GFS_ENSEMBLE_Corn_PRCP/cumulative dia 07 (2026-07-05 → 2026-07-12) 48054 bytes
2026-07-05 09:35:32,702 [INFO] [OK] USA/GFS_ENSEMBLE_Corn_PRCP/cumulative dia 09 (2026-07-05 → 2026-07-14) 49434 bytes
2026-07-05 09:35:32,768 [INFO] [OK] USA/GFS_ENSEMBLE_Corn_PRCP/cumulative dia 08 (2026-07-05 → 2026-07-13) 48190 bytes
2026-07-05 09:35:33,411 [INFO] [OK] USA/GFS_ENSEMBLE_Corn_PRCP/cumulative dia 10 (2026-07-05 → 2026-07-15) 49320 bytes
2026-07-05 09:35:33,516 [INFO] [OK] USA/GFS_ENSEMBLE_Corn_PRCP/cumulative dia 11 (2026-07-05 → 2026-07-16) 49873 bytes
2026-07-05 09:35:33,765 [INFO] [OK] USA/GFS_ENSEMBLE_Corn_PRCP/cumulative dia 12 (2026-07-05 → 2026-07-17) 50440 bytes
2026-07-05 09:35:34,350 [INFO] [OK] USA/GFS_ENSEMBLE_Soy_PRCP_DEP/daily dia 00 (2026-07-05 → 2026-07-05) 51385 bytes
2026-07-05 09:35:34,580 [INFO] [OK] USA/GFS_ENSEMBLE_Corn_PRCP/cumulative dia 13 (2026-07-05 → 2026-07-18) 50251 bytes
2026-07-05 09:35:34,963 [INFO] [OK] USA/GFS_ENSEMBLE_Soy_PRCP_DEP/daily dia 01 (2026-07-06 → 2026-07-06) 56928 bytes
2026-07-05 09:35:35,090 [INFO] [OK] USA/GFS_ENSEMBLE_Soy_PRCP_DEP/daily dia 02 (2026-07-07 → 2026-07-07) 55159 bytes
2026-07-05 09:35:35,522 [INFO] [OK] USA/GFS_ENSEMBLE_Soy_PRCP_DEP/daily dia 03 (2026-07-08 → 2026-07-08) 56731 bytes
2026-07-05 09:35:35,709 [INFO] [OK] USA/GFS_ENSEMBLE_Corn_PRCP/cumulative dia 14 (2026-07-05 → 2026-07-19) 50388 bytes
2026-07-05 09:35:36,248 [INFO] [OK] USA/GFS_ENSEMBLE_Soy_PRCP_DEP/daily dia 04 (2026-07-09 → 2026-07-09) 52168 bytes
2026-07-05 09:35:36,740 [INFO] [OK] USA/GFS_ENSEMBLE_Soy_PRCP_DEP/daily dia 05 (2026-07-10 → 2026-07-10) 52425 bytes
2026-07-05 09:35:37,309 [INFO] [OK] USA/GFS_ENSEMBLE_Soy_PRCP_DEP/daily dia 06 (2026-07-11 → 2026-07-11) 53638 bytes
2026-07-05 09:35:37,379 [INFO] [OK] USA/GFS_ENSEMBLE_Soy_PRCP_DEP/daily dia 07 (2026-07-12 → 2026-07-12) 53497 bytes
2026-07-05 09:35:37,430 [INFO] [OK] USA/GFS_ENSEMBLE_Soy_PRCP_DEP/daily dia 09 (2026-07-14 → 2026-07-14) 58342 bytes
2026-07-05 09:35:37,604 [INFO] [OK] USA/GFS_ENSEMBLE_Soy_PRCP_DEP/daily dia 08 (2026-07-13 → 2026-07-13) 55319 bytes
2026-07-05 09:35:37,929 [INFO] [OK] USA/GFS_ENSEMBLE_Soy_PRCP_DEP/daily dia 10 (2026-07-15 → 2026-07-15) 57177 bytes
2026-07-05 09:35:38,335 [INFO] [OK] USA/GFS_ENSEMBLE_Soy_PRCP_DEP/daily dia 11 (2026-07-16 → 2026-07-16) 58646 bytes
2026-07-05 09:35:38,961 [INFO] [OK] USA/GFS_ENSEMBLE_Soy_PRCP_DEP/daily dia 13 (2026-07-18 → 2026-07-18) 60987 bytes
2026-07-05 09:35:38,987 [INFO] [OK] USA/GFS_ENSEMBLE_Soy_PRCP_DEP/daily dia 12 (2026-07-17 → 2026-07-17) 60192 bytes
2026-07-05 09:35:39,385 [INFO] [OK] USA/GFS_ENSEMBLE_Soy_PRCP_DEP/daily dia 14 (2026-07-19 → 2026-07-19) 60584 bytes
2026-07-05 09:35:39,559 [INFO] [OK] USA/GFS_ENSEMBLE_Soy_PRCP_DEP/cumulative dia 00 (2026-07-05 → 2026-07-05) 51385 bytes
2026-07-05 09:35:39,721 [INFO] [OK] USA/GFS_ENSEMBLE_Soy_PRCP_DEP/cumulative dia 01 (2026-07-05 → 2026-07-06) 57913 bytes
2026-07-05 09:35:40,868 [INFO] [OK] USA/GFS_ENSEMBLE_Soy_PRCP_DEP/cumulative dia 02 (2026-07-05 → 2026-07-07) 59685 bytes
2026-07-05 09:35:41,064 [INFO] [OK] USA/GFS_ENSEMBLE_Soy_PRCP_DEP/cumulative dia 04 (2026-07-05 → 2026-07-09) 59591 bytes
2026-07-05 09:35:41,303 [INFO] [OK] USA/GFS_ENSEMBLE_Soy_PRCP_DEP/cumulative dia 03 (2026-07-05 → 2026-07-08) 59911 bytes
2026-07-05 09:35:41,707 [INFO] [OK] USA/GFS_ENSEMBLE_Soy_PRCP_DEP/cumulative dia 05 (2026-07-05 → 2026-07-10) 58956 bytes
2026-07-05 09:35:41,850 [INFO] [OK] USA/GFS_ENSEMBLE_Soy_PRCP_DEP/cumulative dia 06 (2026-07-05 → 2026-07-11) 58944 bytes
2026-07-05 09:35:42,137 [INFO] [OK] USA/GFS_ENSEMBLE_Soy_PRCP_DEP/cumulative dia 07 (2026-07-05 → 2026-07-12) 58436 bytes
2026-07-05 09:35:43,630 [INFO] [OK] USA/GFS_ENSEMBLE_Soy_PRCP_DEP/cumulative dia 08 (2026-07-05 → 2026-07-13) 59272 bytes
2026-07-05 09:35:43,879 [INFO] [OK] USA/GFS_ENSEMBLE_Soy_PRCP_DEP/cumulative dia 09 (2026-07-05 → 2026-07-14) 59856 bytes
2026-07-05 09:35:44,027 [INFO] [OK] USA/GFS_ENSEMBLE_Soy_PRCP_DEP/cumulative dia 10 (2026-07-05 → 2026-07-15) 60044 bytes
2026-07-05 09:35:44,496 [INFO] [OK] USA/GFS_ENSEMBLE_Soy_PRCP_DEP/cumulative dia 11 (2026-07-05 → 2026-07-16) 60500 bytes
2026-07-05 09:35:44,872 [INFO] [OK] USA/GFS_ENSEMBLE_Soy_PRCP_DEP/cumulative dia 12 (2026-07-05 → 2026-07-17) 60371 bytes
2026-07-05 09:35:45,130 [INFO] [OK] USA/GFS_ENSEMBLE_Soy_PRCP_DEP/cumulative dia 13 (2026-07-05 → 2026-07-18) 60446 bytes
2026-07-05 09:35:45,550 [INFO] [OK] USA/GFS_ENSEMBLE_Soy_PRCP/daily dia 00 (2026-07-05 → 2026-07-05) 37244 bytes
2026-07-05 09:35:45,783 [INFO] [OK] USA/GFS_ENSEMBLE_Soy_PRCP/daily dia 01 (2026-07-06 → 2026-07-06) 38225 bytes
2026-07-05 09:35:45,922 [INFO] [OK] USA/GFS_ENSEMBLE_Soy_PRCP/daily dia 02 (2026-07-07 → 2026-07-07) 38020 bytes
2026-07-05 09:35:46,371 [INFO] [OK] USA/GFS_ENSEMBLE_Soy_PRCP/daily dia 03 (2026-07-08 → 2026-07-08) 37194 bytes
2026-07-05 09:35:46,496 [INFO] [OK] USA/GFS_ENSEMBLE_Soy_PRCP_DEP/cumulative dia 14 (2026-07-05 → 2026-07-19) 60084 bytes
2026-07-05 09:35:46,620 [INFO] [OK] USA/GFS_ENSEMBLE_Soy_PRCP/daily dia 04 (2026-07-09 → 2026-07-09) 36184 bytes
2026-07-05 09:35:47,045 [INFO] [OK] USA/GFS_ENSEMBLE_Soy_PRCP/daily dia 05 (2026-07-10 → 2026-07-10) 36356 bytes
2026-07-05 09:35:47,255 [INFO] [OK] USA/GFS_ENSEMBLE_Soy_PRCP/daily dia 06 (2026-07-11 → 2026-07-11) 35798 bytes
2026-07-05 09:35:47,397 [INFO] [OK] USA/GFS_ENSEMBLE_Soy_PRCP/daily dia 07 (2026-07-12 → 2026-07-12) 34970 bytes
2026-07-05 09:35:47,966 [INFO] [OK] USA/GFS_ENSEMBLE_Soy_PRCP/daily dia 08 (2026-07-13 → 2026-07-13) 34209 bytes
2026-07-05 09:35:48,104 [INFO] [OK] USA/GFS_ENSEMBLE_Soy_PRCP/daily dia 10 (2026-07-15 → 2026-07-15) 36190 bytes
2026-07-05 09:35:48,195 [INFO] [OK] USA/GFS_ENSEMBLE_Soy_PRCP/daily dia 09 (2026-07-14 → 2026-07-14) 35207 bytes
2026-07-05 09:35:48,534 [INFO] [OK] USA/GFS_ENSEMBLE_Soy_PRCP/daily dia 11 (2026-07-16 → 2026-07-16) 35574 bytes
2026-07-05 09:35:48,722 [INFO] [OK] USA/GFS_ENSEMBLE_Soy_PRCP/daily dia 12 (2026-07-17 → 2026-07-17) 35910 bytes
2026-07-05 09:35:49,501 [INFO] [OK] USA/GFS_ENSEMBLE_Soy_PRCP/daily dia 14 (2026-07-19 → 2026-07-19) 36482 bytes
2026-07-05 09:35:49,792 [INFO] [OK] USA/GFS_ENSEMBLE_Soy_PRCP/cumulative dia 01 (2026-07-05 → 2026-07-06) 41346 bytes
2026-07-05 09:35:49,891 [INFO] [OK] USA/GFS_ENSEMBLE_Soy_PRCP/daily dia 13 (2026-07-18 → 2026-07-18) 35802 bytes
2026-07-05 09:35:50,179 [INFO] [OK] USA/GFS_ENSEMBLE_Soy_PRCP/cumulative dia 02 (2026-07-05 → 2026-07-07) 44183 bytes
2026-07-05 09:35:50,472 [INFO] [OK] USA/GFS_ENSEMBLE_Soy_PRCP/cumulative dia 03 (2026-07-05 → 2026-07-08) 45588 bytes
2026-07-05 09:35:50,678 [INFO] [OK] USA/GFS_ENSEMBLE_Soy_PRCP/cumulative dia 00 (2026-07-05 → 2026-07-05) 37244 bytes
2026-07-05 09:35:51,853 [INFO] [OK] USA/GFS_ENSEMBLE_Soy_PRCP/cumulative dia 04 (2026-07-05 → 2026-07-09) 46380 bytes
2026-07-05 09:35:52,255 [INFO] [OK] USA/GFS_ENSEMBLE_Soy_PRCP/cumulative dia 06 (2026-07-05 → 2026-07-11) 47294 bytes
2026-07-05 09:35:52,257 [INFO] [OK] USA/GFS_ENSEMBLE_Soy_PRCP/cumulative dia 05 (2026-07-05 → 2026-07-10) 46828 bytes
2026-07-05 09:35:52,722 [INFO] [OK] USA/GFS_ENSEMBLE_Soy_PRCP/cumulative dia 08 (2026-07-05 → 2026-07-13) 47854 bytes
2026-07-05 09:35:52,741 [INFO] [OK] USA/GFS_ENSEMBLE_Soy_PRCP/cumulative dia 07 (2026-07-05 → 2026-07-12) 47676 bytes
2026-07-05 09:35:53,197 [INFO] [OK] USA/GFS_ENSEMBLE_Soy_PRCP/cumulative dia 09 (2026-07-05 → 2026-07-14) 49004 bytes
2026-07-05 09:35:55,360 [INFO] [OK] USA/GFS_ENSEMBLE_Wheat_Winter_PRCP_DEP/daily dia 00 (2026-07-05 → 2026-07-05) 52796 bytes
2026-07-05 09:35:55,361 [INFO] [OK] USA/GFS_ENSEMBLE_Soy_PRCP/cumulative dia 11 (2026-07-05 → 2026-07-16) 49454 bytes
2026-07-05 09:35:55,387 [INFO] [OK] USA/GFS_ENSEMBLE_Soy_PRCP/cumulative dia 10 (2026-07-05 → 2026-07-15) 48858 bytes
2026-07-05 09:35:55,862 [INFO] [OK] USA/GFS_ENSEMBLE_Soy_PRCP/cumulative dia 12 (2026-07-05 → 2026-07-17) 50043 bytes
2026-07-05 09:35:55,939 [INFO] [OK] USA/GFS_ENSEMBLE_Soy_PRCP/cumulative dia 13 (2026-07-05 → 2026-07-18) 49808 bytes
2026-07-05 09:35:56,390 [INFO] [OK] USA/GFS_ENSEMBLE_Soy_PRCP/cumulative dia 14 (2026-07-05 → 2026-07-19) 50070 bytes
2026-07-05 09:35:56,956 [INFO] [OK] USA/GFS_ENSEMBLE_Wheat_Winter_PRCP_DEP/daily dia 02 (2026-07-07 → 2026-07-07) 56636 bytes
2026-07-05 09:35:57,023 [INFO] [OK] USA/GFS_ENSEMBLE_Wheat_Winter_PRCP_DEP/daily dia 03 (2026-07-08 → 2026-07-08) 58221 bytes
2026-07-05 09:35:57,116 [INFO] [OK] USA/GFS_ENSEMBLE_Wheat_Winter_PRCP_DEP/daily dia 01 (2026-07-06 → 2026-07-06) 58517 bytes
2026-07-05 09:35:57,383 [INFO] [OK] USA/GFS_ENSEMBLE_Wheat_Winter_PRCP_DEP/daily dia 04 (2026-07-09 → 2026-07-09) 53830 bytes
2026-07-05 09:35:57,526 [INFO] [OK] USA/GFS_ENSEMBLE_Wheat_Winter_PRCP_DEP/daily dia 05 (2026-07-10 → 2026-07-10) 54098 bytes
2026-07-05 09:35:57,866 [INFO] [OK] USA/GFS_ENSEMBLE_Wheat_Winter_PRCP_DEP/daily dia 06 (2026-07-11 → 2026-07-11) 55187 bytes
2026-07-05 09:35:58,768 [INFO] [OK] USA/GFS_ENSEMBLE_Wheat_Winter_PRCP_DEP/daily dia 09 (2026-07-14 → 2026-07-14) 59864 bytes
2026-07-05 09:35:58,892 [INFO] [OK] USA/GFS_ENSEMBLE_Wheat_Winter_PRCP_DEP/daily dia 08 (2026-07-13 → 2026-07-13) 57008 bytes
2026-07-05 09:35:58,920 [INFO] [OK] USA/GFS_ENSEMBLE_Wheat_Winter_PRCP_DEP/daily dia 07 (2026-07-12 → 2026-07-12) 55340 bytes
2026-07-05 09:35:59,173 [INFO] [OK] USA/GFS_ENSEMBLE_Wheat_Winter_PRCP_DEP/daily dia 10 (2026-07-15 → 2026-07-15) 59012 bytes
2026-07-05 09:35:59,233 [INFO] [OK] USA/GFS_ENSEMBLE_Wheat_Winter_PRCP_DEP/daily dia 11 (2026-07-16 → 2026-07-16) 60103 bytes
2026-07-05 09:35:59,464 [INFO] [OK] USA/GFS_ENSEMBLE_Wheat_Winter_PRCP_DEP/daily dia 12 (2026-07-17 → 2026-07-17) 61928 bytes
2026-07-05 09:36:00,590 [INFO] [OK] USA/GFS_ENSEMBLE_Wheat_Winter_PRCP_DEP/daily dia 13 (2026-07-18 → 2026-07-18) 62547 bytes
2026-07-05 09:36:00,591 [INFO] [OK] USA/GFS_ENSEMBLE_Wheat_Winter_PRCP_DEP/cumulative dia 00 (2026-07-05 → 2026-07-05) 52796 bytes
2026-07-05 09:36:01,142 [INFO] [OK] USA/GFS_ENSEMBLE_Wheat_Winter_PRCP_DEP/cumulative dia 01 (2026-07-05 → 2026-07-06) 59314 bytes
2026-07-05 09:36:01,517 [INFO] [OK] USA/GFS_ENSEMBLE_Wheat_Winter_PRCP_DEP/cumulative dia 02 (2026-07-05 → 2026-07-07) 61064 bytes
2026-07-05 09:36:01,650 [INFO] [OK] USA/GFS_ENSEMBLE_Wheat_Winter_PRCP_DEP/daily dia 14 (2026-07-19 → 2026-07-19) 62165 bytes
2026-07-05 09:36:01,979 [INFO] [OK] USA/GFS_ENSEMBLE_Wheat_Winter_PRCP_DEP/cumulative dia 03 (2026-07-05 → 2026-07-08) 61145 bytes
2026-07-05 09:36:02,901 [INFO] [OK] USA/GFS_ENSEMBLE_Wheat_Winter_PRCP_DEP/cumulative dia 04 (2026-07-05 → 2026-07-09) 60791 bytes
2026-07-05 09:36:03,060 [INFO] [OK] USA/GFS_ENSEMBLE_Wheat_Winter_PRCP_DEP/cumulative dia 05 (2026-07-05 → 2026-07-10) 60262 bytes
2026-07-05 09:36:03,375 [INFO] [OK] USA/GFS_ENSEMBLE_Wheat_Winter_PRCP_DEP/cumulative dia 06 (2026-07-05 → 2026-07-11) 60169 bytes
2026-07-05 09:36:03,925 [INFO] [OK] USA/GFS_ENSEMBLE_Wheat_Winter_PRCP_DEP/cumulative dia 07 (2026-07-05 → 2026-07-12) 59847 bytes
2026-07-05 09:36:04,162 [INFO] [OK] USA/GFS_ENSEMBLE_Wheat_Winter_PRCP_DEP/cumulative dia 08 (2026-07-05 → 2026-07-13) 60526 bytes
2026-07-05 09:36:04,455 [INFO] [OK] USA/GFS_ENSEMBLE_Wheat_Winter_PRCP_DEP/cumulative dia 09 (2026-07-05 → 2026-07-14) 61103 bytes
2026-07-05 09:36:05,516 [INFO] [OK] USA/GFS_ENSEMBLE_Wheat_Winter_PRCP_DEP/cumulative dia 10 (2026-07-05 → 2026-07-15) 61349 bytes
2026-07-05 09:36:06,268 [INFO] [OK] USA/GFS_ENSEMBLE_Wheat_Winter_PRCP/daily dia 00 (2026-07-05 → 2026-07-05) 38811 bytes
2026-07-05 09:36:06,280 [INFO] [OK] USA/GFS_ENSEMBLE_Wheat_Winter_PRCP_DEP/cumulative dia 11 (2026-07-05 → 2026-07-16) 61720 bytes
2026-07-05 09:36:06,281 [INFO] [OK] USA/GFS_ENSEMBLE_Wheat_Winter_PRCP_DEP/cumulative dia 12 (2026-07-05 → 2026-07-17) 61542 bytes
2026-07-05 09:36:06,840 [INFO] [OK] USA/GFS_ENSEMBLE_Wheat_Winter_PRCP_DEP/cumulative dia 13 (2026-07-05 → 2026-07-18) 61259 bytes
2026-07-05 09:36:07,079 [INFO] [OK] USA/GFS_ENSEMBLE_Wheat_Winter_PRCP_DEP/cumulative dia 14 (2026-07-05 → 2026-07-19) 61216 bytes
2026-07-05 09:36:07,284 [INFO] [OK] USA/GFS_ENSEMBLE_Wheat_Winter_PRCP/daily dia 01 (2026-07-06 → 2026-07-06) 39694 bytes
2026-07-05 09:36:07,808 [INFO] [OK] USA/GFS_ENSEMBLE_Wheat_Winter_PRCP/daily dia 03 (2026-07-08 → 2026-07-08) 38772 bytes
2026-07-05 09:36:07,813 [INFO] [OK] USA/GFS_ENSEMBLE_Wheat_Winter_PRCP/daily dia 04 (2026-07-09 → 2026-07-09) 37861 bytes
2026-07-05 09:36:07,884 [INFO] [OK] USA/GFS_ENSEMBLE_Wheat_Winter_PRCP/daily dia 02 (2026-07-07 → 2026-07-07) 39322 bytes
2026-07-05 09:36:08,427 [INFO] [OK] USA/GFS_ENSEMBLE_Wheat_Winter_PRCP/daily dia 05 (2026-07-10 → 2026-07-10) 37995 bytes
2026-07-05 09:36:08,583 [INFO] [OK] USA/GFS_ENSEMBLE_Wheat_Winter_PRCP/daily dia 06 (2026-07-11 → 2026-07-11) 37428 bytes
2026-07-05 09:36:08,749 [INFO] [OK] USA/GFS_ENSEMBLE_Wheat_Winter_PRCP/daily dia 07 (2026-07-12 → 2026-07-12) 36637 bytes
2026-07-05 09:36:09,282 [INFO] [OK] USA/GFS_ENSEMBLE_Wheat_Winter_PRCP/daily dia 08 (2026-07-13 → 2026-07-13) 35776 bytes
2026-07-05 09:36:09,403 [INFO] [OK] USA/GFS_ENSEMBLE_Wheat_Winter_PRCP/daily dia 10 (2026-07-15 → 2026-07-15) 37833 bytes
2026-07-05 09:36:09,417 [INFO] [OK] USA/GFS_ENSEMBLE_Wheat_Winter_PRCP/daily dia 09 (2026-07-14 → 2026-07-14) 36726 bytes
2026-07-05 09:36:09,852 [INFO] [OK] USA/GFS_ENSEMBLE_Wheat_Winter_PRCP/daily dia 11 (2026-07-16 → 2026-07-16) 37241 bytes
2026-07-05 09:36:10,021 [INFO] [OK] USA/GFS_ENSEMBLE_Wheat_Winter_PRCP/daily dia 12 (2026-07-17 → 2026-07-17) 37573 bytes
2026-07-05 09:36:10,178 [INFO] [OK] USA/GFS_ENSEMBLE_Wheat_Winter_PRCP/daily dia 13 (2026-07-18 → 2026-07-18) 37538 bytes
2026-07-05 09:36:10,748 [INFO] [OK] USA/GFS_ENSEMBLE_Wheat_Winter_PRCP/daily dia 14 (2026-07-19 → 2026-07-19) 37938 bytes
2026-07-05 09:36:10,850 [INFO] [OK] USA/GFS_ENSEMBLE_Wheat_Winter_PRCP/cumulative dia 00 (2026-07-05 → 2026-07-05) 38811 bytes
2026-07-05 09:36:10,998 [INFO] [OK] USA/GFS_ENSEMBLE_Wheat_Winter_PRCP/cumulative dia 01 (2026-07-05 → 2026-07-06) 42737 bytes
2026-07-05 09:36:11,667 [INFO] [OK] USA/GFS_ENSEMBLE_Wheat_Winter_PRCP/cumulative dia 02 (2026-07-05 → 2026-07-07) 45537 bytes
2026-07-05 09:36:11,982 [INFO] [OK] USA/GFS_ENSEMBLE_Wheat_Winter_PRCP/cumulative dia 03 (2026-07-05 → 2026-07-08) 46960 bytes
2026-07-05 09:36:12,257 [INFO] [OK] USA/GFS_ENSEMBLE_Wheat_Winter_PRCP/cumulative dia 04 (2026-07-05 → 2026-07-09) 48091 bytes
2026-07-05 09:36:12,761 [INFO] [OK] USA/GFS_ENSEMBLE_Wheat_Winter_PRCP/cumulative dia 05 (2026-07-05 → 2026-07-10) 48675 bytes
2026-07-05 09:36:12,986 [INFO] [OK] USA/GFS_ENSEMBLE_Wheat_Winter_PRCP/cumulative dia 06 (2026-07-05 → 2026-07-11) 48833 bytes
2026-07-05 09:36:13,214 [INFO] [OK] USA/GFS_ENSEMBLE_Wheat_Winter_PRCP/cumulative dia 07 (2026-07-05 → 2026-07-12) 49295 bytes
2026-07-05 09:36:13,969 [INFO] [OK] USA/GFS_ENSEMBLE_Wheat_Winter_PRCP/cumulative dia 08 (2026-07-05 → 2026-07-13) 49636 bytes
2026-07-05 09:36:14,298 [INFO] [OK] USA/GFS_ENSEMBLE_Wheat_Winter_PRCP/cumulative dia 09 (2026-07-05 → 2026-07-14) 50645 bytes
2026-07-05 09:36:14,857 [INFO] [OK] USA/GFS_ENSEMBLE_Wheat_Winter_PRCP/cumulative dia 10 (2026-07-05 → 2026-07-15) 50573 bytes
2026-07-05 09:36:15,373 [INFO] [OK] USA/GFS_ENSEMBLE_Wheat_Winter_PRCP/cumulative dia 11 (2026-07-05 → 2026-07-16) 51135 bytes
2026-07-05 09:36:15,918 [INFO] [OK] USA/GFS_ENSEMBLE_Wheat_Spring_PRCP_DEP/daily dia 00 (2026-07-05 → 2026-07-05) 49638 bytes
2026-07-05 09:36:15,972 [INFO] [OK] USA/GFS_ENSEMBLE_Wheat_Winter_PRCP/cumulative dia 12 (2026-07-05 → 2026-07-17) 51683 bytes
2026-07-05 09:36:16,691 [INFO] [OK] USA/GFS_ENSEMBLE_Wheat_Winter_PRCP/cumulative dia 13 (2026-07-05 → 2026-07-18) 51679 bytes
2026-07-05 09:36:16,763 [INFO] [OK] USA/GFS_ENSEMBLE_Wheat_Spring_PRCP_DEP/daily dia 01 (2026-07-06 → 2026-07-06) 54975 bytes
2026-07-05 09:36:16,937 [INFO] [OK] USA/GFS_ENSEMBLE_Wheat_Winter_PRCP/cumulative dia 14 (2026-07-05 → 2026-07-19) 51807 bytes
2026-07-05 09:36:17,076 [INFO] [OK] USA/GFS_ENSEMBLE_Wheat_Spring_PRCP_DEP/daily dia 02 (2026-07-07 → 2026-07-07) 53136 bytes
2026-07-05 09:36:17,384 [INFO] [OK] USA/GFS_ENSEMBLE_Wheat_Spring_PRCP_DEP/daily dia 03 (2026-07-08 → 2026-07-08) 54736 bytes
2026-07-05 09:36:17,522 [INFO] [OK] USA/GFS_ENSEMBLE_Wheat_Spring_PRCP_DEP/daily dia 04 (2026-07-09 → 2026-07-09) 50414 bytes
2026-07-05 09:36:18,216 [INFO] [OK] USA/GFS_ENSEMBLE_Wheat_Spring_PRCP_DEP/daily dia 05 (2026-07-10 → 2026-07-10) 50978 bytes
2026-07-05 09:36:18,224 [INFO] [OK] USA/GFS_ENSEMBLE_Wheat_Spring_PRCP_DEP/daily dia 06 (2026-07-11 → 2026-07-11) 51838 bytes
2026-07-05 09:36:18,425 [INFO] [OK] USA/GFS_ENSEMBLE_Wheat_Spring_PRCP_DEP/daily dia 07 (2026-07-12 → 2026-07-12) 51883 bytes
2026-07-05 09:36:18,552 [INFO] [OK] USA/GFS_ENSEMBLE_Wheat_Spring_PRCP_DEP/daily dia 08 (2026-07-13 → 2026-07-13) 53364 bytes
2026-07-05 09:36:18,987 [INFO] [OK] USA/GFS_ENSEMBLE_Wheat_Spring_PRCP_DEP/daily dia 09 (2026-07-14 → 2026-07-14) 56581 bytes
2026-07-05 09:36:19,187 [INFO] [OK] USA/GFS_ENSEMBLE_Wheat_Spring_PRCP_DEP/daily dia 10 (2026-07-15 → 2026-07-15) 55417 bytes
2026-07-05 09:36:19,834 [INFO] [OK] USA/GFS_ENSEMBLE_Wheat_Spring_PRCP_DEP/daily dia 12 (2026-07-17 → 2026-07-17) 58567 bytes
2026-07-05 09:36:19,887 [INFO] [OK] USA/GFS_ENSEMBLE_Wheat_Spring_PRCP_DEP/daily dia 11 (2026-07-16 → 2026-07-16) 56691 bytes
2026-07-05 09:36:19,950 [INFO] [OK] USA/GFS_ENSEMBLE_Wheat_Spring_PRCP_DEP/daily dia 13 (2026-07-18 → 2026-07-18) 59949 bytes
2026-07-05 09:36:20,227 [INFO] [OK] USA/GFS_ENSEMBLE_Wheat_Spring_PRCP_DEP/daily dia 14 (2026-07-19 → 2026-07-19) 59064 bytes
2026-07-05 09:36:20,516 [INFO] [OK] USA/GFS_ENSEMBLE_Wheat_Spring_PRCP_DEP/cumulative dia 00 (2026-07-05 → 2026-07-05) 49638 bytes
2026-07-05 09:36:20,810 [INFO] [OK] USA/GFS_ENSEMBLE_Wheat_Spring_PRCP_DEP/cumulative dia 01 (2026-07-05 → 2026-07-06) 56036 bytes
2026-07-05 09:36:21,649 [INFO] [OK] USA/GFS_ENSEMBLE_Wheat_Spring_PRCP_DEP/cumulative dia 02 (2026-07-05 → 2026-07-07) 57654 bytes
2026-07-05 09:36:21,727 [INFO] [OK] USA/GFS_ENSEMBLE_Wheat_Spring_PRCP_DEP/cumulative dia 03 (2026-07-05 → 2026-07-08) 57912 bytes
2026-07-05 09:36:22,043 [INFO] [OK] USA/GFS_ENSEMBLE_Wheat_Spring_PRCP_DEP/cumulative dia 04 (2026-07-05 → 2026-07-09) 57709 bytes
2026-07-05 09:36:22,184 [INFO] [OK] USA/GFS_ENSEMBLE_Wheat_Spring_PRCP_DEP/cumulative dia 05 (2026-07-05 → 2026-07-10) 57008 bytes
2026-07-05 09:36:22,638 [INFO] [OK] USA/GFS_ENSEMBLE_Wheat_Spring_PRCP_DEP/cumulative dia 06 (2026-07-05 → 2026-07-11) 56930 bytes
2026-07-05 09:36:22,972 [INFO] [OK] USA/GFS_ENSEMBLE_Wheat_Spring_PRCP_DEP/cumulative dia 07 (2026-07-05 → 2026-07-12) 56590 bytes
2026-07-05 09:36:24,066 [INFO] [OK] USA/GFS_ENSEMBLE_Wheat_Spring_PRCP_DEP/cumulative dia 08 (2026-07-05 → 2026-07-13) 57187 bytes
2026-07-05 09:36:24,165 [INFO] [OK] USA/GFS_ENSEMBLE_Wheat_Spring_PRCP_DEP/cumulative dia 09 (2026-07-05 → 2026-07-14) 57583 bytes
2026-07-05 09:36:24,646 [INFO] [OK] USA/GFS_ENSEMBLE_Wheat_Spring_PRCP_DEP/cumulative dia 10 (2026-07-05 → 2026-07-15) 57905 bytes
2026-07-05 09:36:24,841 [INFO] [OK] USA/GFS_ENSEMBLE_Wheat_Spring_PRCP_DEP/cumulative dia 11 (2026-07-05 → 2026-07-16) 58486 bytes
2026-07-05 09:36:25,316 [INFO] [OK] USA/GFS_ENSEMBLE_Wheat_Spring_PRCP_DEP/cumulative dia 12 (2026-07-05 → 2026-07-17) 58473 bytes
2026-07-05 09:36:25,903 [INFO] [OK] USA/GFS_ENSEMBLE_Wheat_Spring_PRCP_DEP/cumulative dia 13 (2026-07-05 → 2026-07-18) 58264 bytes
2026-07-05 09:36:26,172 [INFO] [OK] USA/GFS_ENSEMBLE_Wheat_Spring_PRCP/daily dia 00 (2026-07-05 → 2026-07-05) 35381 bytes
2026-07-05 09:36:26,188 [INFO] [OK] USA/GFS_ENSEMBLE_Wheat_Spring_PRCP/daily dia 01 (2026-07-06 → 2026-07-06) 36553 bytes
2026-07-05 09:36:26,434 [INFO] [OK] USA/GFS_ENSEMBLE_Wheat_Spring_PRCP/daily dia 02 (2026-07-07 → 2026-07-07) 36249 bytes
2026-07-05 09:36:26,728 [INFO] [OK] USA/GFS_ENSEMBLE_Wheat_Spring_PRCP/daily dia 03 (2026-07-08 → 2026-07-08) 35858 bytes
2026-07-05 09:36:26,915 [INFO] [OK] USA/GFS_ENSEMBLE_Wheat_Spring_PRCP_DEP/cumulative dia 14 (2026-07-05 → 2026-07-19) 57955 bytes
2026-07-05 09:36:27,346 [INFO] [OK] USA/GFS_ENSEMBLE_Wheat_Spring_PRCP/daily dia 04 (2026-07-09 → 2026-07-09) 34704 bytes
2026-07-05 09:36:27,604 [INFO] [OK] USA/GFS_ENSEMBLE_Wheat_Spring_PRCP/daily dia 05 (2026-07-10 → 2026-07-10) 34767 bytes
2026-07-05 09:36:27,679 [INFO] [OK] USA/GFS_ENSEMBLE_Wheat_Spring_PRCP/daily dia 06 (2026-07-11 → 2026-07-11) 34295 bytes
2026-07-05 09:36:27,857 [INFO] [OK] USA/GFS_ENSEMBLE_Wheat_Spring_PRCP/daily dia 07 (2026-07-12 → 2026-07-12) 33498 bytes
2026-07-05 09:36:28,160 [INFO] [OK] USA/GFS_ENSEMBLE_Wheat_Spring_PRCP/daily dia 08 (2026-07-13 → 2026-07-13) 32665 bytes
2026-07-05 09:36:28,326 [INFO] [OK] USA/GFS_ENSEMBLE_Wheat_Spring_PRCP/daily dia 09 (2026-07-14 → 2026-07-14) 33774 bytes
2026-07-05 09:36:28,820 [INFO] [OK] USA/GFS_ENSEMBLE_Wheat_Spring_PRCP/daily dia 10 (2026-07-15 → 2026-07-15) 34770 bytes
2026-07-05 09:36:29,064 [INFO] [OK] USA/GFS_ENSEMBLE_Wheat_Spring_PRCP/daily dia 11 (2026-07-16 → 2026-07-16) 34029 bytes
2026-07-05 09:36:29,200 [INFO] [OK] USA/GFS_ENSEMBLE_Wheat_Spring_PRCP/daily dia 12 (2026-07-17 → 2026-07-17) 34284 bytes
2026-07-05 09:36:29,443 [INFO] [OK] USA/GFS_ENSEMBLE_Wheat_Spring_PRCP/daily dia 13 (2026-07-18 → 2026-07-18) 34285 bytes
2026-07-05 09:36:29,575 [INFO] [OK] USA/GFS_ENSEMBLE_Wheat_Spring_PRCP/daily dia 14 (2026-07-19 → 2026-07-19) 34858 bytes
2026-07-05 09:36:29,755 [INFO] [OK] USA/GFS_ENSEMBLE_Wheat_Spring_PRCP/cumulative dia 00 (2026-07-05 → 2026-07-05) 35381 bytes
2026-07-05 09:36:30,407 [INFO] [OK] USA/GFS_ENSEMBLE_Wheat_Spring_PRCP/cumulative dia 01 (2026-07-05 → 2026-07-06) 39362 bytes
2026-07-05 09:36:30,728 [INFO] [OK] USA/GFS_ENSEMBLE_Wheat_Spring_PRCP/cumulative dia 02 (2026-07-05 → 2026-07-07) 42172 bytes
2026-07-05 09:36:31,034 [INFO] [OK] USA/GFS_ENSEMBLE_Wheat_Spring_PRCP/cumulative dia 03 (2026-07-05 → 2026-07-08) 43603 bytes
2026-07-05 09:36:31,391 [INFO] [OK] USA/GFS_ENSEMBLE_Wheat_Spring_PRCP/cumulative dia 04 (2026-07-05 → 2026-07-09) 44315 bytes
2026-07-05 09:36:31,576 [INFO] [OK] USA/GFS_ENSEMBLE_Wheat_Spring_PRCP/cumulative dia 05 (2026-07-05 → 2026-07-10) 44904 bytes
2026-07-05 09:36:31,800 [INFO] [OK] USA/GFS_ENSEMBLE_Wheat_Spring_PRCP/cumulative dia 06 (2026-07-05 → 2026-07-11) 45176 bytes
2026-07-05 09:36:32,473 [INFO] [OK] USA/GFS_ENSEMBLE_Wheat_Spring_PRCP/cumulative dia 07 (2026-07-05 → 2026-07-12) 45668 bytes
2026-07-05 09:36:32,979 [INFO] [OK] USA/GFS_ENSEMBLE_Wheat_Spring_PRCP/cumulative dia 08 (2026-07-05 → 2026-07-13) 45809 bytes
2026-07-05 09:36:33,454 [INFO] [OK] USA/GFS_ENSEMBLE_Wheat_Spring_PRCP/cumulative dia 09 (2026-07-05 → 2026-07-14) 46871 bytes
2026-07-05 09:36:33,850 [INFO] [OK] USA/GFS_ENSEMBLE_Wheat_Spring_PRCP/cumulative dia 10 (2026-07-05 → 2026-07-15) 46634 bytes
2026-07-05 09:36:34,351 [INFO] [OK] USA/GFS_ENSEMBLE_Wheat_Spring_PRCP/cumulative dia 11 (2026-07-05 → 2026-07-16) 47395 bytes
2026-07-05 09:36:34,452 [INFO] [OK] USA/GFS_ENSEMBLE_Wheat_Spring_PRCP/cumulative dia 12 (2026-07-05 → 2026-07-17) 47899 bytes
2026-07-05 09:36:35,048 [INFO] [OK] USA/ECM_ENSEMBLE_Corn_PRCP_DEP/daily dia 00 (2026-07-05 → 2026-07-05) 53777 bytes
2026-07-05 09:36:35,269 [INFO] [OK] USA/GFS_ENSEMBLE_Wheat_Spring_PRCP/cumulative dia 13 (2026-07-05 → 2026-07-18) 47857 bytes
2026-07-05 09:36:35,458 [INFO] [OK] USA/ECM_ENSEMBLE_Corn_PRCP_DEP/daily dia 01 (2026-07-06 → 2026-07-06) 56254 bytes
2026-07-05 09:36:35,933 [INFO] [OK] USA/GFS_ENSEMBLE_Wheat_Spring_PRCP/cumulative dia 14 (2026-07-05 → 2026-07-19) 48011 bytes
2026-07-05 09:36:35,955 [INFO] [OK] USA/ECM_ENSEMBLE_Corn_PRCP_DEP/daily dia 02 (2026-07-07 → 2026-07-07) 55766 bytes
2026-07-05 09:36:36,173 [INFO] [OK] USA/ECM_ENSEMBLE_Corn_PRCP_DEP/daily dia 03 (2026-07-08 → 2026-07-08) 56023 bytes
2026-07-05 09:36:36,524 [INFO] [OK] USA/ECM_ENSEMBLE_Corn_PRCP_DEP/daily dia 04 (2026-07-09 → 2026-07-09) 53883 bytes
2026-07-05 09:36:36,848 [INFO] [OK] USA/ECM_ENSEMBLE_Corn_PRCP_DEP/daily dia 05 (2026-07-10 → 2026-07-10) 53105 bytes
2026-07-05 09:36:37,221 [INFO] [OK] USA/ECM_ENSEMBLE_Corn_PRCP_DEP/daily dia 06 (2026-07-11 → 2026-07-11) 51826 bytes
2026-07-05 09:36:37,544 [INFO] [OK] USA/ECM_ENSEMBLE_Corn_PRCP_DEP/daily dia 08 (2026-07-13 → 2026-07-13) 54926 bytes
2026-07-05 09:36:37,698 [INFO] [OK] USA/ECM_ENSEMBLE_Corn_PRCP_DEP/daily dia 07 (2026-07-12 → 2026-07-12) 52010 bytes
2026-07-05 09:36:37,897 [INFO] [OK] USA/ECM_ENSEMBLE_Corn_PRCP_DEP/daily dia 09 (2026-07-14 → 2026-07-14) 57402 bytes
2026-07-05 09:36:38,072 [INFO] [OK] USA/ECM_ENSEMBLE_Corn_PRCP_DEP/daily dia 10 (2026-07-15 → 2026-07-15) 56040 bytes
2026-07-05 09:36:38,459 [INFO] [OK] USA/ECM_ENSEMBLE_Corn_PRCP_DEP/daily dia 11 (2026-07-16 → 2026-07-16) 56653 bytes
2026-07-05 09:36:38,847 [INFO] [OK] USA/ECM_ENSEMBLE_Corn_PRCP_DEP/daily dia 12 (2026-07-17 → 2026-07-17) 57442 bytes
2026-07-05 09:36:39,220 [INFO] [OK] USA/ECM_ENSEMBLE_Corn_PRCP_DEP/daily dia 13 (2026-07-18 → 2026-07-18) 58596 bytes
2026-07-05 09:36:39,279 [INFO] [OK] USA/ECM_ENSEMBLE_Corn_PRCP_DEP/daily dia 14 (2026-07-19 → 2026-07-19) 56380 bytes
2026-07-05 09:36:39,462 [INFO] [OK] USA/ECM_ENSEMBLE_Corn_PRCP_DEP/cumulative dia 00 (2026-07-05 → 2026-07-05) 53777 bytes
2026-07-05 09:36:39,776 [INFO] [OK] USA/ECM_ENSEMBLE_Corn_PRCP_DEP/cumulative dia 01 (2026-07-05 → 2026-07-06) 57232 bytes
2026-07-05 09:36:40,245 [INFO] [OK] USA/ECM_ENSEMBLE_Corn_PRCP_DEP/cumulative dia 02 (2026-07-05 → 2026-07-07) 59502 bytes
2026-07-05 09:36:40,737 [INFO] [OK] USA/ECM_ENSEMBLE_Corn_PRCP_DEP/cumulative dia 03 (2026-07-05 → 2026-07-08) 60874 bytes
2026-07-05 09:36:41,426 [INFO] [OK] USA/ECM_ENSEMBLE_Corn_PRCP_DEP/cumulative dia 04 (2026-07-05 → 2026-07-09) 60137 bytes
2026-07-05 09:36:41,532 [INFO] [OK] USA/ECM_ENSEMBLE_Corn_PRCP_DEP/cumulative dia 05 (2026-07-05 → 2026-07-10) 60447 bytes
2026-07-05 09:36:41,765 [INFO] [OK] USA/ECM_ENSEMBLE_Corn_PRCP_DEP/cumulative dia 06 (2026-07-05 → 2026-07-11) 60301 bytes
2026-07-05 09:36:42,259 [INFO] [OK] USA/ECM_ENSEMBLE_Corn_PRCP_DEP/cumulative dia 07 (2026-07-05 → 2026-07-12) 60701 bytes
2026-07-05 09:36:42,596 [INFO] [OK] USA/ECM_ENSEMBLE_Corn_PRCP_DEP/cumulative dia 08 (2026-07-05 → 2026-07-13) 61482 bytes
2026-07-05 09:36:43,628 [INFO] [OK] USA/ECM_ENSEMBLE_Corn_PRCP_DEP/cumulative dia 09 (2026-07-05 → 2026-07-14) 61446 bytes
2026-07-05 09:36:44,353 [INFO] [OK] USA/ECM_ENSEMBLE_Corn_PRCP_DEP/cumulative dia 10 (2026-07-05 → 2026-07-15) 61113 bytes
2026-07-05 09:36:45,108 [INFO] [OK] USA/ECM_ENSEMBLE_Corn_PRCP_DEP/cumulative dia 11 (2026-07-05 → 2026-07-16) 61204 bytes
2026-07-05 09:36:45,276 [INFO] [OK] USA/ECM_ENSEMBLE_Corn_PRCP_DEP/cumulative dia 12 (2026-07-05 → 2026-07-17) 60254 bytes
2026-07-05 09:36:45,322 [INFO] [OK] USA/ECM_ENSEMBLE_Corn_PRCP/daily dia 00 (2026-07-05 → 2026-07-05) 36396 bytes
2026-07-05 09:36:45,570 [INFO] [OK] USA/ECM_ENSEMBLE_Corn_PRCP_DEP/cumulative dia 13 (2026-07-05 → 2026-07-18) 60609 bytes
2026-07-05 09:36:45,826 [INFO] [OK] USA/ECM_ENSEMBLE_Corn_PRCP_DEP/cumulative dia 14 (2026-07-05 → 2026-07-19) 60297 bytes
2026-07-05 09:36:45,861 [INFO] [OK] USA/ECM_ENSEMBLE_Corn_PRCP/daily dia 01 (2026-07-06 → 2026-07-06) 38724 bytes
2026-07-05 09:36:46,607 [INFO] [OK] USA/ECM_ENSEMBLE_Corn_PRCP/daily dia 02 (2026-07-07 → 2026-07-07) 38507 bytes
2026-07-05 09:36:46,826 [INFO] [OK] USA/ECM_ENSEMBLE_Corn_PRCP/daily dia 04 (2026-07-09 → 2026-07-09) 36438 bytes
2026-07-05 09:36:46,849 [INFO] [OK] USA/ECM_ENSEMBLE_Corn_PRCP/daily dia 03 (2026-07-08 → 2026-07-08) 37429 bytes
2026-07-05 09:36:47,042 [INFO] [OK] USA/ECM_ENSEMBLE_Corn_PRCP/daily dia 05 (2026-07-10 → 2026-07-10) 36512 bytes
2026-07-05 09:36:47,298 [INFO] [OK] USA/ECM_ENSEMBLE_Corn_PRCP/daily dia 06 (2026-07-11 → 2026-07-11) 35789 bytes
2026-07-05 09:36:47,420 [INFO] [OK] USA/ECM_ENSEMBLE_Corn_PRCP/daily dia 07 (2026-07-12 → 2026-07-12) 34999 bytes
2026-07-05 09:36:48,162 [INFO] [OK] USA/ECM_ENSEMBLE_Corn_PRCP/daily dia 08 (2026-07-13 → 2026-07-13) 34849 bytes
2026-07-05 09:36:48,340 [INFO] [OK] USA/ECM_ENSEMBLE_Corn_PRCP/daily dia 10 (2026-07-15 → 2026-07-15) 35593 bytes
2026-07-05 09:36:48,348 [INFO] [OK] USA/ECM_ENSEMBLE_Corn_PRCP/daily dia 09 (2026-07-14 → 2026-07-14) 34595 bytes
2026-07-05 09:36:48,502 [INFO] [OK] USA/ECM_ENSEMBLE_Corn_PRCP/daily dia 11 (2026-07-16 → 2026-07-16) 36058 bytes
2026-07-05 09:36:48,819 [INFO] [OK] USA/ECM_ENSEMBLE_Corn_PRCP/daily dia 12 (2026-07-17 → 2026-07-17) 35878 bytes
2026-07-05 09:36:48,948 [INFO] [OK] USA/ECM_ENSEMBLE_Corn_PRCP/daily dia 13 (2026-07-18 → 2026-07-18) 36069 bytes
2026-07-05 09:36:49,667 [INFO] [OK] USA/ECM_ENSEMBLE_Corn_PRCP/daily dia 14 (2026-07-19 → 2026-07-19) 35753 bytes
2026-07-05 09:36:49,937 [INFO] [OK] USA/ECM_ENSEMBLE_Corn_PRCP/cumulative dia 00 (2026-07-05 → 2026-07-05) 36396 bytes
2026-07-05 09:36:50,051 [INFO] [OK] USA/ECM_ENSEMBLE_Corn_PRCP/cumulative dia 01 (2026-07-05 → 2026-07-06) 40855 bytes
2026-07-05 09:36:50,400 [INFO] [OK] USA/ECM_ENSEMBLE_Corn_PRCP/cumulative dia 02 (2026-07-05 → 2026-07-07) 43918 bytes
2026-07-05 09:36:50,857 [INFO] [OK] USA/ECM_ENSEMBLE_Corn_PRCP/cumulative dia 03 (2026-07-05 → 2026-07-08) 45923 bytes
2026-07-05 09:36:51,117 [INFO] [OK] USA/ECM_ENSEMBLE_Corn_PRCP/cumulative dia 04 (2026-07-05 → 2026-07-09) 45581 bytes
2026-07-05 09:36:52,199 [INFO] [OK] USA/ECM_ENSEMBLE_Corn_PRCP/cumulative dia 05 (2026-07-05 → 2026-07-10) 46867 bytes
2026-07-05 09:36:52,723 [INFO] [OK] USA/ECM_ENSEMBLE_Corn_PRCP/cumulative dia 06 (2026-07-05 → 2026-07-11) 47613 bytes
2026-07-05 09:36:52,819 [INFO] [OK] USA/ECM_ENSEMBLE_Corn_PRCP/cumulative dia 07 (2026-07-05 → 2026-07-12) 48194 bytes
2026-07-05 09:36:53,487 [INFO] [OK] USA/ECM_ENSEMBLE_Corn_PRCP/cumulative dia 08 (2026-07-05 → 2026-07-13) 48575 bytes
2026-07-05 09:36:53,530 [INFO] [OK] USA/ECM_ENSEMBLE_Corn_PRCP/cumulative dia 09 (2026-07-05 → 2026-07-14) 49184 bytes
2026-07-05 09:36:53,834 [INFO] [OK] USA/ECM_ENSEMBLE_Corn_PRCP/cumulative dia 10 (2026-07-05 → 2026-07-15) 49653 bytes
2026-07-05 09:36:55,679 [INFO] [OK] USA/ECM_ENSEMBLE_Corn_PRCP/cumulative dia 11 (2026-07-05 → 2026-07-16) 49762 bytes
2026-07-05 09:36:55,687 [INFO] [OK] USA/ECM_ENSEMBLE_Soy_PRCP_DEP/daily dia 00 (2026-07-05 → 2026-07-05) 53445 bytes
2026-07-05 09:36:55,941 [INFO] [OK] USA/ECM_ENSEMBLE_Soy_PRCP_DEP/daily dia 01 (2026-07-06 → 2026-07-06) 55881 bytes
2026-07-05 09:36:56,252 [INFO] [OK] USA/ECM_ENSEMBLE_Corn_PRCP/cumulative dia 12 (2026-07-05 → 2026-07-17) 49944 bytes
2026-07-05 09:36:56,353 [INFO] [OK] USA/ECM_ENSEMBLE_Corn_PRCP/cumulative dia 13 (2026-07-05 → 2026-07-18) 50631 bytes
2026-07-05 09:36:57,152 [INFO] [OK] USA/ECM_ENSEMBLE_Corn_PRCP/cumulative dia 14 (2026-07-05 → 2026-07-19) 50950 bytes
2026-07-05 09:36:57,355 [INFO] [OK] USA/ECM_ENSEMBLE_Soy_PRCP_DEP/daily dia 02 (2026-07-07 → 2026-07-07) 55484 bytes
2026-07-05 09:36:57,396 [INFO] [OK] USA/ECM_ENSEMBLE_Soy_PRCP_DEP/daily dia 03 (2026-07-08 → 2026-07-08) 55754 bytes
2026-07-05 09:36:57,899 [INFO] [OK] USA/ECM_ENSEMBLE_Soy_PRCP_DEP/daily dia 04 (2026-07-09 → 2026-07-09) 53490 bytes
2026-07-05 09:36:57,917 [INFO] [OK] USA/ECM_ENSEMBLE_Soy_PRCP_DEP/daily dia 05 (2026-07-10 → 2026-07-10) 52709 bytes
2026-07-05 09:36:58,153 [INFO] [OK] USA/ECM_ENSEMBLE_Soy_PRCP_DEP/daily dia 06 (2026-07-11 → 2026-07-11) 51269 bytes
2026-07-05 09:36:58,814 [INFO] [OK] USA/ECM_ENSEMBLE_Soy_PRCP_DEP/daily dia 07 (2026-07-12 → 2026-07-12) 51560 bytes
2026-07-05 09:36:59,036 [INFO] [OK] USA/ECM_ENSEMBLE_Soy_PRCP_DEP/daily dia 08 (2026-07-13 → 2026-07-13) 54538 bytes
2026-07-05 09:36:59,187 [INFO] [OK] USA/ECM_ENSEMBLE_Soy_PRCP_DEP/daily dia 09 (2026-07-14 → 2026-07-14) 57039 bytes
2026-07-05 09:36:59,609 [INFO] [OK] USA/ECM_ENSEMBLE_Soy_PRCP_DEP/daily dia 10 (2026-07-15 → 2026-07-15) 55737 bytes
2026-07-05 09:36:59,631 [INFO] [OK] USA/ECM_ENSEMBLE_Soy_PRCP_DEP/daily dia 11 (2026-07-16 → 2026-07-16) 56583 bytes
2026-07-05 09:36:59,745 [INFO] [OK] USA/ECM_ENSEMBLE_Soy_PRCP_DEP/daily dia 12 (2026-07-17 → 2026-07-17) 57215 bytes
2026-07-05 09:37:00,371 [INFO] [OK] USA/ECM_ENSEMBLE_Soy_PRCP_DEP/daily dia 13 (2026-07-18 → 2026-07-18) 58379 bytes
2026-07-05 09:37:00,620 [INFO] [OK] USA/ECM_ENSEMBLE_Soy_PRCP_DEP/daily dia 14 (2026-07-19 → 2026-07-19) 55976 bytes
2026-07-05 09:37:00,777 [INFO] [OK] USA/ECM_ENSEMBLE_Soy_PRCP_DEP/cumulative dia 00 (2026-07-05 → 2026-07-05) 53445 bytes
2026-07-05 09:37:01,394 [INFO] [OK] USA/ECM_ENSEMBLE_Soy_PRCP_DEP/cumulative dia 02 (2026-07-05 → 2026-07-07) 59376 bytes
2026-07-05 09:37:01,489 [INFO] [OK] USA/ECM_ENSEMBLE_Soy_PRCP_DEP/cumulative dia 01 (2026-07-05 → 2026-07-06) 56875 bytes
2026-07-05 09:37:01,656 [INFO] [OK] USA/ECM_ENSEMBLE_Soy_PRCP_DEP/cumulative dia 03 (2026-07-05 → 2026-07-08) 60458 bytes
2026-07-05 09:37:02,402 [INFO] [OK] USA/ECM_ENSEMBLE_Soy_PRCP_DEP/cumulative dia 04 (2026-07-05 → 2026-07-09) 60027 bytes
2026-07-05 09:37:02,959 [INFO] [OK] USA/ECM_ENSEMBLE_Soy_PRCP_DEP/cumulative dia 05 (2026-07-05 → 2026-07-10) 60290 bytes
2026-07-05 09:37:03,061 [INFO] [OK] USA/ECM_ENSEMBLE_Soy_PRCP_DEP/cumulative dia 06 (2026-07-05 → 2026-07-11) 60208 bytes
2026-07-05 09:37:03,863 [INFO] [OK] USA/ECM_ENSEMBLE_Soy_PRCP_DEP/cumulative dia 07 (2026-07-05 → 2026-07-12) 60325 bytes
2026-07-05 09:37:04,029 [INFO] [OK] USA/ECM_ENSEMBLE_Soy_PRCP_DEP/cumulative dia 08 (2026-07-05 → 2026-07-13) 61002 bytes
2026-07-05 09:37:04,321 [INFO] [OK] USA/ECM_ENSEMBLE_Soy_PRCP_DEP/cumulative dia 09 (2026-07-05 → 2026-07-14) 61015 bytes
2026-07-05 09:37:04,950 [INFO] [OK] USA/ECM_ENSEMBLE_Soy_PRCP_DEP/cumulative dia 10 (2026-07-05 → 2026-07-15) 60726 bytes
2026-07-05 09:37:05,526 [INFO] [OK] USA/ECM_ENSEMBLE_Soy_PRCP_DEP/cumulative dia 11 (2026-07-05 → 2026-07-16) 60699 bytes
2026-07-05 09:37:05,788 [INFO] [OK] USA/ECM_ENSEMBLE_Soy_PRCP_DEP/cumulative dia 12 (2026-07-05 → 2026-07-17) 60161 bytes
2026-07-05 09:37:05,862 [INFO] [OK] USA/ECM_ENSEMBLE_Soy_PRCP/daily dia 00 (2026-07-05 → 2026-07-05) 35994 bytes
2026-07-05 09:37:06,410 [INFO] [OK] USA/ECM_ENSEMBLE_Soy_PRCP/daily dia 01 (2026-07-06 → 2026-07-06) 38220 bytes
2026-07-05 09:37:06,675 [INFO] [OK] USA/ECM_ENSEMBLE_Soy_PRCP_DEP/cumulative dia 13 (2026-07-05 → 2026-07-18) 60420 bytes
2026-07-05 09:37:06,860 [INFO] [OK] USA/ECM_ENSEMBLE_Soy_PRCP_DEP/cumulative dia 14 (2026-07-05 → 2026-07-19) 60162 bytes
2026-07-05 09:37:06,952 [INFO] [OK] USA/ECM_ENSEMBLE_Soy_PRCP/daily dia 02 (2026-07-07 → 2026-07-07) 38077 bytes
2026-07-05 09:37:07,238 [INFO] [OK] USA/ECM_ENSEMBLE_Soy_PRCP/daily dia 03 (2026-07-08 → 2026-07-08) 37104 bytes
2026-07-05 09:37:07,279 [INFO] [OK] USA/ECM_ENSEMBLE_Soy_PRCP/daily dia 04 (2026-07-09 → 2026-07-09) 36007 bytes
2026-07-05 09:37:07,905 [INFO] [OK] USA/ECM_ENSEMBLE_Soy_PRCP/daily dia 05 (2026-07-10 → 2026-07-10) 36166 bytes
2026-07-05 09:37:08,119 [INFO] [OK] USA/ECM_ENSEMBLE_Soy_PRCP/daily dia 06 (2026-07-11 → 2026-07-11) 35426 bytes
2026-07-05 09:37:08,303 [INFO] [OK] USA/ECM_ENSEMBLE_Soy_PRCP/daily dia 07 (2026-07-12 → 2026-07-12) 34392 bytes
2026-07-05 09:37:08,377 [INFO] [OK] USA/ECM_ENSEMBLE_Soy_PRCP/daily dia 08 (2026-07-13 → 2026-07-13) 34396 bytes
2026-07-05 09:37:08,673 [INFO] [OK] USA/ECM_ENSEMBLE_Soy_PRCP/daily dia 09 (2026-07-14 → 2026-07-14) 34052 bytes
2026-07-05 09:37:08,741 [INFO] [OK] USA/ECM_ENSEMBLE_Soy_PRCP/daily dia 10 (2026-07-15 → 2026-07-15) 35054 bytes
2026-07-05 09:37:09,321 [INFO] [OK] USA/ECM_ENSEMBLE_Soy_PRCP/daily dia 11 (2026-07-16 → 2026-07-16) 35569 bytes
2026-07-05 09:37:09,757 [INFO] [OK] USA/ECM_ENSEMBLE_Soy_PRCP/daily dia 12 (2026-07-17 → 2026-07-17) 35451 bytes
2026-07-05 09:37:10,018 [INFO] [OK] USA/ECM_ENSEMBLE_Soy_PRCP/daily dia 13 (2026-07-18 → 2026-07-18) 35640 bytes
2026-07-05 09:37:10,120 [INFO] [OK] USA/ECM_ENSEMBLE_Soy_PRCP/daily dia 14 (2026-07-19 → 2026-07-19) 35325 bytes
2026-07-05 09:37:10,226 [INFO] [OK] USA/ECM_ENSEMBLE_Soy_PRCP/cumulative dia 00 (2026-07-05 → 2026-07-05) 35994 bytes
2026-07-05 09:37:10,350 [INFO] [OK] USA/ECM_ENSEMBLE_Soy_PRCP/cumulative dia 01 (2026-07-05 → 2026-07-06) 40596 bytes
2026-07-05 09:37:10,946 [INFO] [OK] USA/ECM_ENSEMBLE_Soy_PRCP/cumulative dia 02 (2026-07-05 → 2026-07-07) 43370 bytes
2026-07-05 09:37:11,511 [INFO] [OK] USA/ECM_ENSEMBLE_Soy_PRCP/cumulative dia 03 (2026-07-05 → 2026-07-08) 45313 bytes
2026-07-05 09:37:11,822 [INFO] [OK] USA/ECM_ENSEMBLE_Soy_PRCP/cumulative dia 04 (2026-07-05 → 2026-07-09) 45113 bytes
2026-07-05 09:37:12,115 [INFO] [OK] USA/ECM_ENSEMBLE_Soy_PRCP/cumulative dia 05 (2026-07-05 → 2026-07-10) 46315 bytes
2026-07-05 09:37:12,386 [INFO] [OK] USA/ECM_ENSEMBLE_Soy_PRCP/cumulative dia 06 (2026-07-05 → 2026-07-11) 46916 bytes
2026-07-05 09:37:12,559 [INFO] [OK] USA/ECM_ENSEMBLE_Soy_PRCP/cumulative dia 07 (2026-07-05 → 2026-07-12) 47485 bytes
2026-07-05 09:37:13,195 [INFO] [OK] USA/ECM_ENSEMBLE_Soy_PRCP/cumulative dia 08 (2026-07-05 → 2026-07-13) 48036 bytes
2026-07-05 09:37:14,057 [INFO] [OK] USA/ECM_ENSEMBLE_Soy_PRCP/cumulative dia 09 (2026-07-05 → 2026-07-14) 48471 bytes
2026-07-05 09:37:14,289 [INFO] [OK] USA/ECM_ENSEMBLE_Soy_PRCP/cumulative dia 10 (2026-07-05 → 2026-07-15) 48875 bytes
2026-07-05 09:37:14,962 [INFO] [OK] USA/ECM_ENSEMBLE_Soy_PRCP/cumulative dia 11 (2026-07-05 → 2026-07-16) 49239 bytes
2026-07-05 09:37:15,081 [INFO] [OK] USA/ECM_ENSEMBLE_Soy_PRCP/cumulative dia 12 (2026-07-05 → 2026-07-17) 49467 bytes
2026-07-05 09:37:15,315 [INFO] [OK] USA/ECM_ENSEMBLE_Soy_PRCP/cumulative dia 13 (2026-07-05 → 2026-07-18) 49903 bytes
2026-07-05 09:37:15,543 [INFO] [OK] USA/ECM_ENSEMBLE_Wheat_Winter_PRCP_DEP/daily dia 00 (2026-07-05 → 2026-07-05) 55125 bytes
2026-07-05 09:37:16,023 [INFO] [OK] USA/ECM_ENSEMBLE_Wheat_Winter_PRCP_DEP/daily dia 01 (2026-07-06 → 2026-07-06) 57540 bytes
2026-07-05 09:37:16,055 [INFO] [OK] USA/ECM_ENSEMBLE_Soy_PRCP/cumulative dia 14 (2026-07-05 → 2026-07-19) 50499 bytes
2026-07-05 09:37:16,534 [INFO] [OK] USA/ECM_ENSEMBLE_Wheat_Winter_PRCP_DEP/daily dia 02 (2026-07-07 → 2026-07-07) 57103 bytes
2026-07-05 09:37:16,638 [INFO] [OK] USA/ECM_ENSEMBLE_Wheat_Winter_PRCP_DEP/daily dia 03 (2026-07-08 → 2026-07-08) 57519 bytes
2026-07-05 09:37:16,876 [INFO] [OK] USA/ECM_ENSEMBLE_Wheat_Winter_PRCP_DEP/daily dia 04 (2026-07-09 → 2026-07-09) 55054 bytes
2026-07-05 09:37:17,116 [INFO] [OK] USA/ECM_ENSEMBLE_Wheat_Winter_PRCP_DEP/daily dia 05 (2026-07-10 → 2026-07-10) 54252 bytes
2026-07-05 09:37:17,553 [INFO] [OK] USA/ECM_ENSEMBLE_Wheat_Winter_PRCP_DEP/daily dia 06 (2026-07-11 → 2026-07-11) 52923 bytes
2026-07-05 09:37:17,602 [INFO] [OK] USA/ECM_ENSEMBLE_Wheat_Winter_PRCP_DEP/daily dia 07 (2026-07-12 → 2026-07-12) 53538 bytes
2026-07-05 09:37:18,057 [INFO] [OK] USA/ECM_ENSEMBLE_Wheat_Winter_PRCP_DEP/daily dia 08 (2026-07-13 → 2026-07-13) 56537 bytes
2026-07-05 09:37:18,150 [INFO] [OK] USA/ECM_ENSEMBLE_Wheat_Winter_PRCP_DEP/daily dia 09 (2026-07-14 → 2026-07-14) 58862 bytes
2026-07-05 09:37:18,437 [INFO] [OK] USA/ECM_ENSEMBLE_Wheat_Winter_PRCP_DEP/daily dia 10 (2026-07-15 → 2026-07-15) 57306 bytes
2026-07-05 09:37:18,640 [INFO] [OK] USA/ECM_ENSEMBLE_Wheat_Winter_PRCP_DEP/daily dia 11 (2026-07-16 → 2026-07-16) 58164 bytes
2026-07-05 09:37:19,042 [INFO] [OK] USA/ECM_ENSEMBLE_Wheat_Winter_PRCP_DEP/daily dia 12 (2026-07-17 → 2026-07-17) 58716 bytes
2026-07-05 09:37:19,139 [INFO] [OK] USA/ECM_ENSEMBLE_Wheat_Winter_PRCP_DEP/daily dia 13 (2026-07-18 → 2026-07-18) 60047 bytes
2026-07-05 09:37:19,626 [INFO] [OK] USA/ECM_ENSEMBLE_Wheat_Winter_PRCP_DEP/daily dia 14 (2026-07-19 → 2026-07-19) 57856 bytes
2026-07-05 09:37:19,673 [INFO] [OK] USA/ECM_ENSEMBLE_Wheat_Winter_PRCP_DEP/cumulative dia 00 (2026-07-05 → 2026-07-05) 55125 bytes
2026-07-05 09:37:20,069 [INFO] [OK] USA/ECM_ENSEMBLE_Wheat_Winter_PRCP_DEP/cumulative dia 01 (2026-07-05 → 2026-07-06) 58454 bytes
2026-07-05 09:37:20,349 [INFO] [OK] USA/ECM_ENSEMBLE_Wheat_Winter_PRCP_DEP/cumulative dia 02 (2026-07-05 → 2026-07-07) 60630 bytes
2026-07-05 09:37:20,997 [INFO] [OK] USA/ECM_ENSEMBLE_Wheat_Winter_PRCP_DEP/cumulative dia 03 (2026-07-05 → 2026-07-08) 61798 bytes
2026-07-05 09:37:21,035 [INFO] [OK] USA/ECM_ENSEMBLE_Wheat_Winter_PRCP_DEP/cumulative dia 04 (2026-07-05 → 2026-07-09) 61293 bytes
2026-07-05 09:37:21,739 [INFO] [OK] USA/ECM_ENSEMBLE_Wheat_Winter_PRCP_DEP/cumulative dia 05 (2026-07-05 → 2026-07-10) 61309 bytes
2026-07-05 09:37:21,768 [INFO] [OK] USA/ECM_ENSEMBLE_Wheat_Winter_PRCP_DEP/cumulative dia 06 (2026-07-05 → 2026-07-11) 61542 bytes
2026-07-05 09:37:22,231 [INFO] [OK] USA/ECM_ENSEMBLE_Wheat_Winter_PRCP_DEP/cumulative dia 07 (2026-07-05 → 2026-07-12) 61737 bytes
2026-07-05 09:37:22,601 [INFO] [OK] USA/ECM_ENSEMBLE_Wheat_Winter_PRCP_DEP/cumulative dia 08 (2026-07-05 → 2026-07-13) 62142 bytes
2026-07-05 09:37:23,541 [INFO] [OK] USA/ECM_ENSEMBLE_Wheat_Winter_PRCP_DEP/cumulative dia 09 (2026-07-05 → 2026-07-14) 62370 bytes
2026-07-05 09:37:23,567 [INFO] [OK] USA/ECM_ENSEMBLE_Wheat_Winter_PRCP_DEP/cumulative dia 10 (2026-07-05 → 2026-07-15) 62137 bytes
2026-07-05 09:37:24,296 [INFO] [OK] USA/ECM_ENSEMBLE_Wheat_Winter_PRCP_DEP/cumulative dia 11 (2026-07-05 → 2026-07-16) 62136 bytes
2026-07-05 09:37:24,445 [INFO] [OK] USA/ECM_ENSEMBLE_Wheat_Winter_PRCP_DEP/cumulative dia 12 (2026-07-05 → 2026-07-17) 61318 bytes
2026-07-05 09:37:25,004 [INFO] [OK] USA/ECM_ENSEMBLE_Wheat_Winter_PRCP_DEP/cumulative dia 13 (2026-07-05 → 2026-07-18) 61551 bytes
2026-07-05 09:37:25,033 [INFO] [OK] USA/ECM_ENSEMBLE_Wheat_Winter_PRCP/daily dia 01 (2026-07-06 → 2026-07-06) 39644 bytes
2026-07-05 09:37:25,041 [INFO] [OK] USA/ECM_ENSEMBLE_Wheat_Winter_PRCP/daily dia 00 (2026-07-05 → 2026-07-05) 37444 bytes
2026-07-05 09:37:25,478 [INFO] [OK] USA/ECM_ENSEMBLE_Wheat_Winter_PRCP_DEP/cumulative dia 14 (2026-07-05 → 2026-07-19) 61282 bytes
2026-07-05 09:37:25,731 [INFO] [OK] USA/ECM_ENSEMBLE_Wheat_Winter_PRCP/daily dia 02 (2026-07-07 → 2026-07-07) 39446 bytes
2026-07-05 09:37:25,832 [INFO] [OK] USA/ECM_ENSEMBLE_Wheat_Winter_PRCP/daily dia 03 (2026-07-08 → 2026-07-08) 38768 bytes
2026-07-05 09:37:26,509 [INFO] [OK] USA/ECM_ENSEMBLE_Wheat_Winter_PRCP/daily dia 04 (2026-07-09 → 2026-07-09) 37625 bytes
2026-07-05 09:37:26,537 [INFO] [OK] USA/ECM_ENSEMBLE_Wheat_Winter_PRCP/daily dia 05 (2026-07-10 → 2026-07-10) 37730 bytes
2026-07-05 09:37:26,538 [INFO] [OK] USA/ECM_ENSEMBLE_Wheat_Winter_PRCP/daily dia 06 (2026-07-11 → 2026-07-11) 36891 bytes
2026-07-05 09:37:26,895 [INFO] [OK] USA/ECM_ENSEMBLE_Wheat_Winter_PRCP/daily dia 07 (2026-07-12 → 2026-07-12) 35943 bytes
2026-07-05 09:37:27,196 [INFO] [OK] USA/ECM_ENSEMBLE_Wheat_Winter_PRCP/daily dia 08 (2026-07-13 → 2026-07-13) 36062 bytes
2026-07-05 09:37:27,251 [INFO] [OK] USA/ECM_ENSEMBLE_Wheat_Winter_PRCP/daily dia 09 (2026-07-14 → 2026-07-14) 35668 bytes
2026-07-05 09:37:27,994 [INFO] [OK] USA/ECM_ENSEMBLE_Wheat_Winter_PRCP/daily dia 11 (2026-07-16 → 2026-07-16) 37188 bytes
2026-07-05 09:37:28,036 [INFO] [OK] USA/ECM_ENSEMBLE_Wheat_Winter_PRCP/daily dia 10 (2026-07-15 → 2026-07-15) 36574 bytes
2026-07-05 09:37:28,120 [INFO] [OK] USA/ECM_ENSEMBLE_Wheat_Winter_PRCP/daily dia 12 (2026-07-17 → 2026-07-17) 37029 bytes
2026-07-05 09:37:28,327 [INFO] [OK] USA/ECM_ENSEMBLE_Wheat_Winter_PRCP/daily dia 13 (2026-07-18 → 2026-07-18) 37027 bytes
2026-07-05 09:37:28,631 [INFO] [OK] USA/ECM_ENSEMBLE_Wheat_Winter_PRCP/daily dia 14 (2026-07-19 → 2026-07-19) 36825 bytes
2026-07-05 09:37:28,648 [INFO] [OK] USA/ECM_ENSEMBLE_Wheat_Winter_PRCP/cumulative dia 00 (2026-07-05 → 2026-07-05) 37444 bytes
2026-07-05 09:37:29,634 [INFO] [OK] USA/ECM_ENSEMBLE_Wheat_Winter_PRCP/cumulative dia 01 (2026-07-05 → 2026-07-06) 41754 bytes
2026-07-05 09:37:29,814 [INFO] [OK] USA/ECM_ENSEMBLE_Wheat_Winter_PRCP/cumulative dia 02 (2026-07-05 → 2026-07-07) 44618 bytes
2026-07-05 09:37:30,282 [INFO] [OK] USA/ECM_ENSEMBLE_Wheat_Winter_PRCP/cumulative dia 03 (2026-07-05 → 2026-07-08) 46773 bytes
2026-07-05 09:37:30,532 [INFO] [OK] USA/ECM_ENSEMBLE_Wheat_Winter_PRCP/cumulative dia 04 (2026-07-05 → 2026-07-09) 46614 bytes
2026-07-05 09:37:30,563 [INFO] [OK] USA/ECM_ENSEMBLE_Wheat_Winter_PRCP/cumulative dia 05 (2026-07-05 → 2026-07-10) 47942 bytes
2026-07-05 09:37:30,663 [INFO] [OK] USA/ECM_ENSEMBLE_Wheat_Winter_PRCP/cumulative dia 06 (2026-07-05 → 2026-07-11) 48553 bytes
2026-07-05 09:37:31,746 [INFO] [OK] USA/ECM_ENSEMBLE_Wheat_Winter_PRCP/cumulative dia 07 (2026-07-05 → 2026-07-12) 49101 bytes
2026-07-05 09:37:32,161 [INFO] [OK] USA/ECM_ENSEMBLE_Wheat_Winter_PRCP/cumulative dia 08 (2026-07-05 → 2026-07-13) 49637 bytes
2026-07-05 09:37:33,065 [INFO] [OK] USA/ECM_ENSEMBLE_Wheat_Winter_PRCP/cumulative dia 09 (2026-07-05 → 2026-07-14) 50092 bytes
2026-07-05 09:37:33,137 [INFO] [OK] USA/ECM_ENSEMBLE_Wheat_Winter_PRCP/cumulative dia 10 (2026-07-05 → 2026-07-15) 50560 bytes
2026-07-05 09:37:33,137 [INFO] [OK] USA/ECM_ENSEMBLE_Wheat_Winter_PRCP/cumulative dia 11 (2026-07-05 → 2026-07-16) 51034 bytes
2026-07-05 09:37:33,369 [INFO] [OK] USA/ECM_ENSEMBLE_Wheat_Winter_PRCP/cumulative dia 12 (2026-07-05 → 2026-07-17) 51106 bytes
2026-07-05 09:37:34,430 [INFO] [OK] USA/ECM_ENSEMBLE_Wheat_Winter_PRCP/cumulative dia 13 (2026-07-05 → 2026-07-18) 51562 bytes
2026-07-05 09:37:34,683 [INFO] [OK] USA/ECM_ENSEMBLE_Wheat_Spring_PRCP_DEP/daily dia 00 (2026-07-05 → 2026-07-05) 51825 bytes
2026-07-05 09:37:34,797 [INFO] [OK] USA/ECM_ENSEMBLE_Wheat_Spring_PRCP_DEP/daily dia 01 (2026-07-06 → 2026-07-06) 54222 bytes
2026-07-05 09:37:34,853 [INFO] [OK] USA/ECM_ENSEMBLE_Wheat_Spring_PRCP_DEP/daily dia 02 (2026-07-07 → 2026-07-07) 53716 bytes
2026-07-05 09:37:34,975 [INFO] [OK] USA/ECM_ENSEMBLE_Wheat_Spring_PRCP_DEP/daily dia 03 (2026-07-08 → 2026-07-08) 54040 bytes
2026-07-05 09:37:35,019 [INFO] [OK] USA/ECM_ENSEMBLE_Wheat_Winter_PRCP/cumulative dia 14 (2026-07-05 → 2026-07-19) 51996 bytes
2026-07-05 09:37:35,913 [INFO] [OK] USA/ECM_ENSEMBLE_Wheat_Spring_PRCP_DEP/daily dia 04 (2026-07-09 → 2026-07-09) 51447 bytes
2026-07-05 09:37:36,205 [INFO] [OK] USA/ECM_ENSEMBLE_Wheat_Spring_PRCP_DEP/daily dia 05 (2026-07-10 → 2026-07-10) 51055 bytes
2026-07-05 09:37:36,346 [INFO] [OK] USA/ECM_ENSEMBLE_Wheat_Spring_PRCP_DEP/daily dia 06 (2026-07-11 → 2026-07-11) 49492 bytes
2026-07-05 09:37:36,584 [INFO] [OK] USA/ECM_ENSEMBLE_Wheat_Spring_PRCP_DEP/daily dia 07 (2026-07-12 → 2026-07-12) 49840 bytes
2026-07-05 09:37:36,604 [INFO] [OK] USA/ECM_ENSEMBLE_Wheat_Spring_PRCP_DEP/daily dia 08 (2026-07-13 → 2026-07-13) 52251 bytes
2026-07-05 09:37:36,879 [INFO] [OK] USA/ECM_ENSEMBLE_Wheat_Spring_PRCP_DEP/daily dia 09 (2026-07-14 → 2026-07-14) 55557 bytes
2026-07-05 09:37:37,364 [INFO] [OK] USA/ECM_ENSEMBLE_Wheat_Spring_PRCP_DEP/daily dia 10 (2026-07-15 → 2026-07-15) 54098 bytes
2026-07-05 09:37:37,915 [INFO] [OK] USA/ECM_ENSEMBLE_Wheat_Spring_PRCP_DEP/daily dia 11 (2026-07-16 → 2026-07-16) 54562 bytes
2026-07-05 09:37:37,947 [INFO] [OK] USA/ECM_ENSEMBLE_Wheat_Spring_PRCP_DEP/daily dia 12 (2026-07-17 → 2026-07-17) 55382 bytes
2026-07-05 09:37:38,150 [INFO] [OK] USA/ECM_ENSEMBLE_Wheat_Spring_PRCP_DEP/daily dia 13 (2026-07-18 → 2026-07-18) 56631 bytes
2026-07-05 09:37:38,187 [INFO] [OK] USA/ECM_ENSEMBLE_Wheat_Spring_PRCP_DEP/daily dia 14 (2026-07-19 → 2026-07-19) 54249 bytes
2026-07-05 09:37:38,420 [INFO] [OK] USA/ECM_ENSEMBLE_Wheat_Spring_PRCP_DEP/cumulative dia 00 (2026-07-05 → 2026-07-05) 51825 bytes
2026-07-05 09:37:38,946 [INFO] [OK] USA/ECM_ENSEMBLE_Wheat_Spring_PRCP_DEP/cumulative dia 01 (2026-07-05 → 2026-07-06) 55136 bytes
2026-07-05 09:37:39,642 [INFO] [OK] USA/ECM_ENSEMBLE_Wheat_Spring_PRCP_DEP/cumulative dia 02 (2026-07-05 → 2026-07-07) 57550 bytes
2026-07-05 09:37:39,812 [INFO] [OK] USA/ECM_ENSEMBLE_Wheat_Spring_PRCP_DEP/cumulative dia 03 (2026-07-05 → 2026-07-08) 58656 bytes
2026-07-05 09:37:40,073 [INFO] [OK] USA/ECM_ENSEMBLE_Wheat_Spring_PRCP_DEP/cumulative dia 04 (2026-07-05 → 2026-07-09) 58233 bytes
2026-07-05 09:37:40,193 [INFO] [OK] USA/ECM_ENSEMBLE_Wheat_Spring_PRCP_DEP/cumulative dia 05 (2026-07-05 → 2026-07-10) 58163 bytes
2026-07-05 09:37:40,628 [INFO] [OK] USA/ECM_ENSEMBLE_Wheat_Spring_PRCP_DEP/cumulative dia 06 (2026-07-05 → 2026-07-11) 58385 bytes
2026-07-05 09:37:41,057 [INFO] [OK] USA/ECM_ENSEMBLE_Wheat_Spring_PRCP_DEP/cumulative dia 07 (2026-07-05 → 2026-07-12) 58701 bytes
2026-07-05 09:37:41,927 [INFO] [OK] USA/ECM_ENSEMBLE_Wheat_Spring_PRCP_DEP/cumulative dia 08 (2026-07-05 → 2026-07-13) 59168 bytes
2026-07-05 09:37:42,242 [INFO] [OK] USA/ECM_ENSEMBLE_Wheat_Spring_PRCP_DEP/cumulative dia 09 (2026-07-05 → 2026-07-14) 59564 bytes
2026-07-05 09:37:42,509 [INFO] [OK] USA/ECM_ENSEMBLE_Wheat_Spring_PRCP_DEP/cumulative dia 10 (2026-07-05 → 2026-07-15) 59031 bytes
2026-07-05 09:37:42,746 [INFO] [OK] USA/ECM_ENSEMBLE_Wheat_Spring_PRCP_DEP/cumulative dia 11 (2026-07-05 → 2026-07-16) 59308 bytes
2026-07-05 09:37:43,341 [INFO] [OK] USA/ECM_ENSEMBLE_Wheat_Spring_PRCP_DEP/cumulative dia 12 (2026-07-05 → 2026-07-17) 58329 bytes
2026-07-05 09:37:43,674 [INFO] [OK] USA/ECM_ENSEMBLE_Wheat_Spring_PRCP/daily dia 00 (2026-07-05 → 2026-07-05) 34075 bytes
2026-07-05 09:37:44,318 [INFO] [OK] USA/ECM_ENSEMBLE_Wheat_Spring_PRCP_DEP/cumulative dia 13 (2026-07-05 → 2026-07-18) 58743 bytes
2026-07-05 09:37:44,327 [INFO] [OK] USA/ECM_ENSEMBLE_Wheat_Spring_PRCP/daily dia 02 (2026-07-07 → 2026-07-07) 36293 bytes
2026-07-05 09:37:44,327 [INFO] [OK] USA/ECM_ENSEMBLE_Wheat_Spring_PRCP/daily dia 01 (2026-07-06 → 2026-07-06) 36517 bytes
2026-07-05 09:37:44,681 [INFO] [OK] USA/ECM_ENSEMBLE_Wheat_Spring_PRCP_DEP/cumulative dia 14 (2026-07-05 → 2026-07-19) 58670 bytes
2026-07-05 09:37:44,866 [INFO] [OK] USA/ECM_ENSEMBLE_Wheat_Spring_PRCP/daily dia 03 (2026-07-08 → 2026-07-08) 35759 bytes
2026-07-05 09:37:45,139 [INFO] [OK] USA/ECM_ENSEMBLE_Wheat_Spring_PRCP/daily dia 04 (2026-07-09 → 2026-07-09) 34562 bytes
2026-07-05 09:37:46,057 [INFO] [OK] USA/ECM_ENSEMBLE_Wheat_Spring_PRCP/daily dia 07 (2026-07-12 → 2026-07-12) 33098 bytes
2026-07-05 09:37:46,082 [INFO] [OK] USA/ECM_ENSEMBLE_Wheat_Spring_PRCP/daily dia 08 (2026-07-13 → 2026-07-13) 32834 bytes
2026-07-05 09:37:46,083 [INFO] [OK] USA/ECM_ENSEMBLE_Wheat_Spring_PRCP/daily dia 06 (2026-07-11 → 2026-07-11) 33787 bytes
2026-07-05 09:37:46,083 [INFO] [OK] USA/ECM_ENSEMBLE_Wheat_Spring_PRCP/daily dia 05 (2026-07-10 → 2026-07-10) 34531 bytes
2026-07-05 09:37:46,366 [INFO] [OK] USA/ECM_ENSEMBLE_Wheat_Spring_PRCP/daily dia 09 (2026-07-14 → 2026-07-14) 32688 bytes
2026-07-05 09:37:46,694 [INFO] [OK] USA/ECM_ENSEMBLE_Wheat_Spring_PRCP/daily dia 10 (2026-07-15 → 2026-07-15) 33732 bytes
2026-07-05 09:37:47,738 [INFO] [OK] USA/ECM_ENSEMBLE_Wheat_Spring_PRCP/daily dia 12 (2026-07-17 → 2026-07-17) 34001 bytes
2026-07-05 09:37:47,739 [INFO] [OK] USA/ECM_ENSEMBLE_Wheat_Spring_PRCP/daily dia 13 (2026-07-18 → 2026-07-18) 34132 bytes
2026-07-05 09:37:47,743 [INFO] [OK] USA/ECM_ENSEMBLE_Wheat_Spring_PRCP/daily dia 14 (2026-07-19 → 2026-07-19) 33890 bytes
2026-07-05 09:37:47,744 [INFO] [OK] USA/ECM_ENSEMBLE_Wheat_Spring_PRCP/daily dia 11 (2026-07-16 → 2026-07-16) 33995 bytes
2026-07-05 09:37:47,805 [INFO] [OK] USA/ECM_ENSEMBLE_Wheat_Spring_PRCP/cumulative dia 00 (2026-07-05 → 2026-07-05) 34075 bytes
2026-07-05 09:37:48,229 [INFO] [OK] USA/ECM_ENSEMBLE_Wheat_Spring_PRCP/cumulative dia 01 (2026-07-05 → 2026-07-06) 38550 bytes
2026-07-05 09:37:49,490 [INFO] [OK] USA/ECM_ENSEMBLE_Wheat_Spring_PRCP/cumulative dia 03 (2026-07-05 → 2026-07-08) 43461 bytes
2026-07-05 09:37:49,508 [INFO] [OK] USA/ECM_ENSEMBLE_Wheat_Spring_PRCP/cumulative dia 02 (2026-07-05 → 2026-07-07) 41360 bytes
2026-07-05 09:37:49,682 [INFO] [OK] USA/ECM_ENSEMBLE_Wheat_Spring_PRCP/cumulative dia 04 (2026-07-05 → 2026-07-09) 43319 bytes
2026-07-05 09:37:49,776 [INFO] [OK] USA/ECM_ENSEMBLE_Wheat_Spring_PRCP/cumulative dia 05 (2026-07-05 → 2026-07-10) 44363 bytes
2026-07-05 09:37:49,910 [INFO] [OK] USA/ECM_ENSEMBLE_Wheat_Spring_PRCP/cumulative dia 06 (2026-07-05 → 2026-07-11) 44970 bytes
2026-07-05 09:37:50,340 [INFO] [OK] USA/ECM_ENSEMBLE_Wheat_Spring_PRCP/cumulative dia 07 (2026-07-05 → 2026-07-12) 45629 bytes
2026-07-05 09:37:51,989 [INFO] [OK] USA/ECM_ENSEMBLE_Wheat_Spring_PRCP/cumulative dia 09 (2026-07-05 → 2026-07-14) 46255 bytes
2026-07-05 09:37:52,117 [INFO] [OK] USA/ECM_ENSEMBLE_Wheat_Spring_PRCP/cumulative dia 08 (2026-07-05 → 2026-07-13) 45999 bytes
2026-07-05 09:37:52,141 [INFO] [OK] USA/ECM_ENSEMBLE_Wheat_Spring_PRCP/cumulative dia 10 (2026-07-05 → 2026-07-15) 46883 bytes
2026-07-05 09:37:52,393 [INFO] [OK] USA/ECM_ENSEMBLE_Wheat_Spring_PRCP/cumulative dia 11 (2026-07-05 → 2026-07-16) 47286 bytes
2026-07-05 09:37:52,579 [INFO] [OK] USA/ECM_ENSEMBLE_Wheat_Spring_PRCP/cumulative dia 12 (2026-07-05 → 2026-07-17) 47415 bytes
2026-07-05 09:37:53,000 [INFO] [OK] USA/ECM_ENSEMBLE_Wheat_Spring_PRCP/cumulative dia 13 (2026-07-05 → 2026-07-18) 47737 bytes
2026-07-05 09:37:54,630 [INFO] [OK] USA/ECM_ENSEMBLE_Wheat_Spring_PRCP/cumulative dia 14 (2026-07-05 → 2026-07-19) 48368 bytes
2026-07-05 09:37:54,659 [INFO] Resumo: 960/960 sucessos, 0 erros
