2026-09-03 09:33:18,028 [INFO] === Execução 2026-09-03 | modo=both | dias=15 | parâmetro=['PRCP_DEP', 'PRCP'] ===
2026-09-03 09:33:18,030 [INFO] Baixando 960 mapas com 6 threads...
2026-09-03 09:33:20,945 [INFO] [OK] Brazil/GFS_ENSEMBLE_Soy_PRCP_DEP/daily dia 02 (2026-09-05 → 2026-09-05) 42980 bytes
2026-09-03 09:33:21,344 [INFO] [OK] Brazil/GFS_ENSEMBLE_Soy_PRCP_DEP/daily dia 01 (2026-09-04 → 2026-09-04) 41735 bytes
2026-09-03 09:33:21,398 [INFO] [OK] Brazil/GFS_ENSEMBLE_Soy_PRCP_DEP/daily dia 05 (2026-09-08 → 2026-09-08) 44640 bytes
2026-09-03 09:33:21,484 [INFO] [OK] Brazil/GFS_ENSEMBLE_Soy_PRCP_DEP/daily dia 00 (2026-09-03 → 2026-09-03) 36779 bytes
2026-09-03 09:33:21,760 [INFO] [OK] Brazil/GFS_ENSEMBLE_Soy_PRCP_DEP/daily dia 04 (2026-09-07 → 2026-09-07) 41593 bytes
2026-09-03 09:33:21,850 [INFO] [OK] Brazil/GFS_ENSEMBLE_Soy_PRCP_DEP/daily dia 03 (2026-09-06 → 2026-09-06) 44341 bytes
2026-09-03 09:33:22,729 [INFO] [OK] Brazil/GFS_ENSEMBLE_Soy_PRCP_DEP/daily dia 06 (2026-09-09 → 2026-09-09) 51023 bytes
2026-09-03 09:33:22,876 [INFO] [OK] Brazil/GFS_ENSEMBLE_Soy_PRCP_DEP/daily dia 07 (2026-09-10 → 2026-09-10) 48706 bytes
2026-09-03 09:33:23,074 [INFO] [OK] Brazil/GFS_ENSEMBLE_Soy_PRCP_DEP/daily dia 08 (2026-09-11 → 2026-09-11) 49494 bytes
2026-09-03 09:33:23,122 [INFO] [OK] Brazil/GFS_ENSEMBLE_Soy_PRCP_DEP/daily dia 10 (2026-09-13 → 2026-09-13) 49238 bytes
2026-09-03 09:33:23,249 [INFO] [OK] Brazil/GFS_ENSEMBLE_Soy_PRCP_DEP/daily dia 11 (2026-09-14 → 2026-09-14) 51196 bytes
2026-09-03 09:33:23,265 [INFO] [OK] Brazil/GFS_ENSEMBLE_Soy_PRCP_DEP/daily dia 09 (2026-09-12 → 2026-09-12) 48613 bytes
2026-09-03 09:33:24,160 [INFO] [OK] Brazil/GFS_ENSEMBLE_Soy_PRCP_DEP/daily dia 12 (2026-09-15 → 2026-09-15) 51927 bytes
2026-09-03 09:33:24,279 [INFO] [OK] Brazil/GFS_ENSEMBLE_Soy_PRCP_DEP/daily dia 13 (2026-09-16 → 2026-09-16) 50365 bytes
2026-09-03 09:33:24,504 [INFO] [OK] Brazil/GFS_ENSEMBLE_Soy_PRCP_DEP/daily dia 14 (2026-09-17 → 2026-09-17) 53815 bytes
2026-09-03 09:33:24,688 [INFO] [OK] Brazil/GFS_ENSEMBLE_Soy_PRCP_DEP/cumulative dia 00 (2026-09-03 → 2026-09-03) 36779 bytes
2026-09-03 09:33:24,808 [INFO] [OK] Brazil/GFS_ENSEMBLE_Soy_PRCP_DEP/cumulative dia 01 (2026-09-03 → 2026-09-04) 41722 bytes
2026-09-03 09:33:24,827 [INFO] [OK] Brazil/GFS_ENSEMBLE_Soy_PRCP_DEP/cumulative dia 02 (2026-09-03 → 2026-09-05) 44785 bytes
2026-09-03 09:33:26,331 [INFO] [OK] Brazil/GFS_ENSEMBLE_Soy_PRCP_DEP/cumulative dia 04 (2026-09-03 → 2026-09-07) 46553 bytes
2026-09-03 09:33:26,515 [INFO] [OK] Brazil/GFS_ENSEMBLE_Soy_PRCP_DEP/cumulative dia 03 (2026-09-03 → 2026-09-06) 46721 bytes
2026-09-03 09:33:26,679 [INFO] [OK] Brazil/GFS_ENSEMBLE_Soy_PRCP_DEP/cumulative dia 05 (2026-09-03 → 2026-09-08) 46550 bytes
2026-09-03 09:33:26,811 [INFO] [OK] Brazil/GFS_ENSEMBLE_Soy_PRCP_DEP/cumulative dia 06 (2026-09-03 → 2026-09-09) 49126 bytes
2026-09-03 09:33:27,032 [INFO] [OK] Brazil/GFS_ENSEMBLE_Soy_PRCP_DEP/cumulative dia 08 (2026-09-03 → 2026-09-11) 50900 bytes
2026-09-03 09:33:27,084 [INFO] [OK] Brazil/GFS_ENSEMBLE_Soy_PRCP_DEP/cumulative dia 07 (2026-09-03 → 2026-09-10) 50031 bytes
2026-09-03 09:33:28,473 [INFO] [OK] Brazil/GFS_ENSEMBLE_Soy_PRCP_DEP/cumulative dia 09 (2026-09-03 → 2026-09-12) 50978 bytes
2026-09-03 09:33:28,951 [INFO] [OK] Brazil/GFS_ENSEMBLE_Soy_PRCP_DEP/cumulative dia 10 (2026-09-03 → 2026-09-13) 50802 bytes
2026-09-03 09:33:29,207 [INFO] [OK] Brazil/GFS_ENSEMBLE_Soy_PRCP_DEP/cumulative dia 11 (2026-09-03 → 2026-09-14) 50777 bytes
2026-09-03 09:33:29,330 [INFO] [OK] Brazil/GFS_ENSEMBLE_Soy_PRCP_DEP/cumulative dia 12 (2026-09-03 → 2026-09-15) 50764 bytes
2026-09-03 09:33:29,616 [INFO] [OK] Brazil/GFS_ENSEMBLE_Soy_PRCP_DEP/cumulative dia 13 (2026-09-03 → 2026-09-16) 50490 bytes
2026-09-03 09:33:29,714 [INFO] [OK] Brazil/GFS_ENSEMBLE_Soy_PRCP_DEP/cumulative dia 14 (2026-09-03 → 2026-09-17) 50653 bytes
2026-09-03 09:33:29,832 [INFO] [OK] Brazil/GFS_ENSEMBLE_Soy_PRCP/daily dia 00 (2026-09-03 → 2026-09-03) 28284 bytes
2026-09-03 09:33:30,337 [INFO] [OK] Brazil/GFS_ENSEMBLE_Soy_PRCP/daily dia 01 (2026-09-04 → 2026-09-04) 29220 bytes
2026-09-03 09:33:30,583 [INFO] [OK] Brazil/GFS_ENSEMBLE_Soy_PRCP/daily dia 02 (2026-09-05 → 2026-09-05) 30301 bytes
2026-09-03 09:33:30,692 [INFO] [OK] Brazil/GFS_ENSEMBLE_Soy_PRCP/daily dia 03 (2026-09-06 → 2026-09-06) 29823 bytes
2026-09-03 09:33:31,138 [INFO] [OK] Brazil/GFS_ENSEMBLE_Soy_PRCP/daily dia 06 (2026-09-09 → 2026-09-09) 31620 bytes
2026-09-03 09:33:31,156 [INFO] [OK] Brazil/GFS_ENSEMBLE_Soy_PRCP/daily dia 05 (2026-09-08 → 2026-09-08) 29401 bytes
2026-09-03 09:33:31,292 [INFO] [OK] Brazil/GFS_ENSEMBLE_Soy_PRCP/daily dia 04 (2026-09-07 → 2026-09-07) 29545 bytes
2026-09-03 09:33:31,607 [INFO] [OK] Brazil/GFS_ENSEMBLE_Soy_PRCP/daily dia 07 (2026-09-10 → 2026-09-10) 32709 bytes
2026-09-03 09:33:31,984 [INFO] [OK] Brazil/GFS_ENSEMBLE_Soy_PRCP/daily dia 08 (2026-09-11 → 2026-09-11) 31279 bytes
2026-09-03 09:33:32,019 [INFO] [OK] Brazil/GFS_ENSEMBLE_Soy_PRCP/daily dia 09 (2026-09-12 → 2026-09-12) 30966 bytes
2026-09-03 09:33:32,417 [INFO] [OK] Brazil/GFS_ENSEMBLE_Soy_PRCP/daily dia 10 (2026-09-13 → 2026-09-13) 30848 bytes
2026-09-03 09:33:32,475 [INFO] [OK] Brazil/GFS_ENSEMBLE_Soy_PRCP/daily dia 11 (2026-09-14 → 2026-09-14) 30487 bytes
2026-09-03 09:33:32,559 [INFO] [OK] Brazil/GFS_ENSEMBLE_Soy_PRCP/daily dia 12 (2026-09-15 → 2026-09-15) 30616 bytes
2026-09-03 09:33:32,995 [INFO] [OK] Brazil/GFS_ENSEMBLE_Soy_PRCP/daily dia 13 (2026-09-16 → 2026-09-16) 29954 bytes
2026-09-03 09:33:33,324 [INFO] [OK] Brazil/GFS_ENSEMBLE_Soy_PRCP/cumulative dia 00 (2026-09-03 → 2026-09-03) 28284 bytes
2026-09-03 09:33:33,386 [INFO] [OK] Brazil/GFS_ENSEMBLE_Soy_PRCP/daily dia 14 (2026-09-17 → 2026-09-17) 30506 bytes
2026-09-03 09:33:33,818 [INFO] [OK] Brazil/GFS_ENSEMBLE_Soy_PRCP/cumulative dia 01 (2026-09-03 → 2026-09-04) 30131 bytes
2026-09-03 09:33:34,059 [INFO] [OK] Brazil/GFS_ENSEMBLE_Soy_PRCP/cumulative dia 02 (2026-09-03 → 2026-09-05) 32175 bytes
2026-09-03 09:33:34,362 [INFO] [OK] Brazil/GFS_ENSEMBLE_Soy_PRCP/cumulative dia 03 (2026-09-03 → 2026-09-06) 34014 bytes
2026-09-03 09:33:34,991 [INFO] [OK] Brazil/GFS_ENSEMBLE_Soy_PRCP/cumulative dia 04 (2026-09-03 → 2026-09-07) 35145 bytes
2026-09-03 09:33:35,362 [INFO] [OK] Brazil/GFS_ENSEMBLE_Soy_PRCP/cumulative dia 06 (2026-09-03 → 2026-09-09) 37530 bytes
2026-09-03 09:33:35,423 [INFO] [OK] Brazil/GFS_ENSEMBLE_Soy_PRCP/cumulative dia 05 (2026-09-03 → 2026-09-08) 36140 bytes
2026-09-03 09:33:36,157 [INFO] [OK] Brazil/GFS_ENSEMBLE_Soy_PRCP/cumulative dia 07 (2026-09-03 → 2026-09-10) 39000 bytes
2026-09-03 09:33:36,312 [INFO] [OK] Brazil/GFS_ENSEMBLE_Soy_PRCP/cumulative dia 08 (2026-09-03 → 2026-09-11) 40197 bytes
2026-09-03 09:33:36,779 [INFO] [OK] Brazil/GFS_ENSEMBLE_Soy_PRCP/cumulative dia 09 (2026-09-03 → 2026-09-12) 40488 bytes
2026-09-03 09:33:37,518 [INFO] [OK] Brazil/GFS_ENSEMBLE_Soy_PRCP/cumulative dia 10 (2026-09-03 → 2026-09-13) 40884 bytes
2026-09-03 09:33:38,208 [INFO] [OK] Brazil/GFS_ENSEMBLE_Soy_PRCP/cumulative dia 12 (2026-09-03 → 2026-09-15) 41785 bytes
2026-09-03 09:33:38,363 [INFO] [OK] Brazil/GFS_ENSEMBLE_Corn_Winter_PRCP_DEP/daily dia 00 (2026-09-03 → 2026-09-03) 34955 bytes
2026-09-03 09:33:38,448 [INFO] [OK] Brazil/GFS_ENSEMBLE_Soy_PRCP/cumulative dia 11 (2026-09-03 → 2026-09-14) 41225 bytes
2026-09-03 09:33:38,839 [INFO] [OK] Brazil/GFS_ENSEMBLE_Soy_PRCP/cumulative dia 13 (2026-09-03 → 2026-09-16) 41933 bytes
2026-09-03 09:33:38,844 [INFO] [OK] Brazil/GFS_ENSEMBLE_Corn_Winter_PRCP_DEP/daily dia 01 (2026-09-04 → 2026-09-04) 40051 bytes
2026-09-03 09:33:38,969 [INFO] [OK] Brazil/GFS_ENSEMBLE_Soy_PRCP/cumulative dia 14 (2026-09-03 → 2026-09-17) 42609 bytes
2026-09-03 09:33:39,521 [INFO] [OK] Brazil/GFS_ENSEMBLE_Corn_Winter_PRCP_DEP/daily dia 02 (2026-09-05 → 2026-09-05) 41255 bytes
2026-09-03 09:33:39,656 [INFO] [OK] Brazil/GFS_ENSEMBLE_Corn_Winter_PRCP_DEP/daily dia 03 (2026-09-06 → 2026-09-06) 43017 bytes
2026-09-03 09:33:39,775 [INFO] [OK] Brazil/GFS_ENSEMBLE_Corn_Winter_PRCP_DEP/daily dia 04 (2026-09-07 → 2026-09-07) 40039 bytes
2026-09-03 09:33:40,183 [INFO] [OK] Brazil/GFS_ENSEMBLE_Corn_Winter_PRCP_DEP/daily dia 06 (2026-09-09 → 2026-09-09) 49567 bytes
2026-09-03 09:33:40,202 [INFO] [OK] Brazil/GFS_ENSEMBLE_Corn_Winter_PRCP_DEP/daily dia 05 (2026-09-08 → 2026-09-08) 43248 bytes
2026-09-03 09:33:40,375 [INFO] [OK] Brazil/GFS_ENSEMBLE_Corn_Winter_PRCP_DEP/daily dia 07 (2026-09-10 → 2026-09-10) 47425 bytes
2026-09-03 09:33:40,891 [INFO] [OK] Brazil/GFS_ENSEMBLE_Corn_Winter_PRCP_DEP/daily dia 08 (2026-09-11 → 2026-09-11) 48003 bytes
2026-09-03 09:33:41,108 [INFO] [OK] Brazil/GFS_ENSEMBLE_Corn_Winter_PRCP_DEP/daily dia 09 (2026-09-12 → 2026-09-12) 47409 bytes
2026-09-03 09:33:41,558 [INFO] [OK] Brazil/GFS_ENSEMBLE_Corn_Winter_PRCP_DEP/daily dia 10 (2026-09-13 → 2026-09-13) 47866 bytes
2026-09-03 09:33:41,616 [INFO] [OK] Brazil/GFS_ENSEMBLE_Corn_Winter_PRCP_DEP/daily dia 12 (2026-09-15 → 2026-09-15) 50244 bytes
2026-09-03 09:33:41,650 [INFO] [OK] Brazil/GFS_ENSEMBLE_Corn_Winter_PRCP_DEP/daily dia 11 (2026-09-14 → 2026-09-14) 49573 bytes
2026-09-03 09:33:41,773 [INFO] [OK] Brazil/GFS_ENSEMBLE_Corn_Winter_PRCP_DEP/daily dia 13 (2026-09-16 → 2026-09-16) 48776 bytes
2026-09-03 09:33:42,351 [INFO] [OK] Brazil/GFS_ENSEMBLE_Corn_Winter_PRCP_DEP/daily dia 14 (2026-09-17 → 2026-09-17) 51909 bytes
2026-09-03 09:33:42,728 [INFO] [OK] Brazil/GFS_ENSEMBLE_Corn_Winter_PRCP_DEP/cumulative dia 00 (2026-09-03 → 2026-09-03) 34955 bytes
2026-09-03 09:33:43,094 [INFO] [OK] Brazil/GFS_ENSEMBLE_Corn_Winter_PRCP_DEP/cumulative dia 01 (2026-09-03 → 2026-09-04) 40004 bytes
2026-09-03 09:33:43,144 [INFO] [OK] Brazil/GFS_ENSEMBLE_Corn_Winter_PRCP_DEP/cumulative dia 02 (2026-09-03 → 2026-09-05) 43116 bytes
2026-09-03 09:33:43,342 [INFO] [OK] Brazil/GFS_ENSEMBLE_Corn_Winter_PRCP_DEP/cumulative dia 03 (2026-09-03 → 2026-09-06) 45126 bytes
2026-09-03 09:33:43,462 [INFO] [OK] Brazil/GFS_ENSEMBLE_Corn_Winter_PRCP_DEP/cumulative dia 04 (2026-09-03 → 2026-09-07) 44984 bytes
2026-09-03 09:33:44,118 [INFO] [OK] Brazil/GFS_ENSEMBLE_Corn_Winter_PRCP_DEP/cumulative dia 05 (2026-09-03 → 2026-09-08) 44923 bytes
2026-09-03 09:33:44,645 [INFO] [OK] Brazil/GFS_ENSEMBLE_Corn_Winter_PRCP_DEP/cumulative dia 06 (2026-09-03 → 2026-09-09) 47429 bytes
2026-09-03 09:33:45,118 [INFO] [OK] Brazil/GFS_ENSEMBLE_Corn_Winter_PRCP_DEP/cumulative dia 07 (2026-09-03 → 2026-09-10) 48322 bytes
2026-09-03 09:33:45,213 [INFO] [OK] Brazil/GFS_ENSEMBLE_Corn_Winter_PRCP_DEP/cumulative dia 08 (2026-09-03 → 2026-09-11) 49033 bytes
2026-09-03 09:33:45,548 [INFO] [OK] Brazil/GFS_ENSEMBLE_Corn_Winter_PRCP_DEP/cumulative dia 09 (2026-09-03 → 2026-09-12) 49086 bytes
2026-09-03 09:33:45,805 [INFO] [OK] Brazil/GFS_ENSEMBLE_Corn_Winter_PRCP_DEP/cumulative dia 10 (2026-09-03 → 2026-09-13) 49222 bytes
2026-09-03 09:33:46,363 [INFO] [OK] Brazil/GFS_ENSEMBLE_Corn_Winter_PRCP_DEP/cumulative dia 11 (2026-09-03 → 2026-09-14) 49096 bytes
2026-09-03 09:33:46,960 [INFO] [OK] Brazil/GFS_ENSEMBLE_Corn_Winter_PRCP/daily dia 00 (2026-09-03 → 2026-09-03) 26700 bytes
2026-09-03 09:33:47,022 [INFO] [OK] Brazil/GFS_ENSEMBLE_Corn_Winter_PRCP_DEP/cumulative dia 12 (2026-09-03 → 2026-09-15) 49168 bytes
2026-09-03 09:33:47,234 [INFO] [OK] Brazil/GFS_ENSEMBLE_Corn_Winter_PRCP/daily dia 01 (2026-09-04 → 2026-09-04) 27634 bytes
2026-09-03 09:33:47,504 [INFO] [OK] Brazil/GFS_ENSEMBLE_Corn_Winter_PRCP_DEP/cumulative dia 13 (2026-09-03 → 2026-09-16) 48641 bytes
2026-09-03 09:33:47,756 [INFO] [OK] Brazil/GFS_ENSEMBLE_Corn_Winter_PRCP/daily dia 02 (2026-09-05 → 2026-09-05) 28826 bytes
2026-09-03 09:33:47,800 [INFO] [OK] Brazil/GFS_ENSEMBLE_Corn_Winter_PRCP_DEP/cumulative dia 14 (2026-09-03 → 2026-09-17) 48920 bytes
2026-09-03 09:33:48,258 [INFO] [OK] Brazil/GFS_ENSEMBLE_Corn_Winter_PRCP/daily dia 03 (2026-09-06 → 2026-09-06) 28235 bytes
2026-09-03 09:33:48,327 [INFO] [OK] Brazil/GFS_ENSEMBLE_Corn_Winter_PRCP/daily dia 04 (2026-09-07 → 2026-09-07) 27944 bytes
2026-09-03 09:33:48,542 [INFO] [OK] Brazil/GFS_ENSEMBLE_Corn_Winter_PRCP/daily dia 05 (2026-09-08 → 2026-09-08) 27897 bytes
2026-09-03 09:33:48,895 [INFO] [OK] Brazil/GFS_ENSEMBLE_Corn_Winter_PRCP/daily dia 06 (2026-09-09 → 2026-09-09) 30144 bytes
2026-09-03 09:33:49,088 [INFO] [OK] Brazil/GFS_ENSEMBLE_Corn_Winter_PRCP/daily dia 07 (2026-09-10 → 2026-09-10) 31297 bytes
2026-09-03 09:33:49,124 [INFO] [OK] Brazil/GFS_ENSEMBLE_Corn_Winter_PRCP/daily dia 08 (2026-09-11 → 2026-09-11) 29850 bytes
2026-09-03 09:33:49,627 [INFO] [OK] Brazil/GFS_ENSEMBLE_Corn_Winter_PRCP/daily dia 10 (2026-09-13 → 2026-09-13) 29278 bytes
2026-09-03 09:33:49,857 [INFO] [OK] Brazil/GFS_ENSEMBLE_Corn_Winter_PRCP/daily dia 11 (2026-09-14 → 2026-09-14) 28885 bytes
2026-09-03 09:33:49,978 [INFO] [OK] Brazil/GFS_ENSEMBLE_Corn_Winter_PRCP/daily dia 09 (2026-09-12 → 2026-09-12) 29548 bytes
2026-09-03 09:33:50,256 [INFO] [OK] Brazil/GFS_ENSEMBLE_Corn_Winter_PRCP/daily dia 12 (2026-09-15 → 2026-09-15) 29122 bytes
2026-09-03 09:33:50,573 [INFO] [OK] Brazil/GFS_ENSEMBLE_Corn_Winter_PRCP/daily dia 13 (2026-09-16 → 2026-09-16) 28481 bytes
2026-09-03 09:33:50,584 [INFO] [OK] Brazil/GFS_ENSEMBLE_Corn_Winter_PRCP/daily dia 14 (2026-09-17 → 2026-09-17) 29143 bytes
2026-09-03 09:33:50,969 [INFO] [OK] Brazil/GFS_ENSEMBLE_Corn_Winter_PRCP/cumulative dia 00 (2026-09-03 → 2026-09-03) 26700 bytes
2026-09-03 09:33:51,547 [INFO] [OK] Brazil/GFS_ENSEMBLE_Corn_Winter_PRCP/cumulative dia 01 (2026-09-03 → 2026-09-04) 28586 bytes
2026-09-03 09:33:51,594 [INFO] [OK] Brazil/GFS_ENSEMBLE_Corn_Winter_PRCP/cumulative dia 02 (2026-09-03 → 2026-09-05) 30628 bytes
2026-09-03 09:33:52,188 [INFO] [OK] Brazil/GFS_ENSEMBLE_Corn_Winter_PRCP/cumulative dia 03 (2026-09-03 → 2026-09-06) 32649 bytes
2026-09-03 09:33:52,588 [INFO] [OK] Brazil/GFS_ENSEMBLE_Corn_Winter_PRCP/cumulative dia 04 (2026-09-03 → 2026-09-07) 33676 bytes
2026-09-03 09:33:52,596 [INFO] [OK] Brazil/GFS_ENSEMBLE_Corn_Winter_PRCP/cumulative dia 05 (2026-09-03 → 2026-09-08) 34767 bytes
2026-09-03 09:33:52,777 [INFO] [OK] Brazil/GFS_ENSEMBLE_Corn_Winter_PRCP/cumulative dia 06 (2026-09-03 → 2026-09-09) 36218 bytes
2026-09-03 09:33:53,372 [INFO] [OK] Brazil/GFS_ENSEMBLE_Corn_Winter_PRCP/cumulative dia 07 (2026-09-03 → 2026-09-10) 37553 bytes
2026-09-03 09:33:53,558 [INFO] [OK] Brazil/GFS_ENSEMBLE_Corn_Winter_PRCP/cumulative dia 08 (2026-09-03 → 2026-09-11) 38810 bytes
2026-09-03 09:33:54,341 [INFO] [OK] Brazil/GFS_ENSEMBLE_Corn_Winter_PRCP/cumulative dia 09 (2026-09-03 → 2026-09-12) 39156 bytes
2026-09-03 09:33:54,826 [INFO] [OK] Brazil/GFS_ENSEMBLE_Corn_Winter_PRCP/cumulative dia 10 (2026-09-03 → 2026-09-13) 39448 bytes
2026-09-03 09:33:54,903 [INFO] [OK] Brazil/GFS_ENSEMBLE_Corn_Winter_PRCP/cumulative dia 11 (2026-09-03 → 2026-09-14) 39692 bytes
2026-09-03 09:33:55,332 [INFO] [OK] Brazil/GFS_ENSEMBLE_Corn_Winter_PRCP/cumulative dia 12 (2026-09-03 → 2026-09-15) 40265 bytes
2026-09-03 09:33:55,740 [INFO] [OK] Brazil/GFS_ENSEMBLE_Corn_Winter_PRCP/cumulative dia 13 (2026-09-03 → 2026-09-16) 40481 bytes
2026-09-03 09:33:56,169 [INFO] [OK] Brazil/ECM_ENSEMBLE_Soy_PRCP_DEP/daily dia 00 (2026-09-03 → 2026-09-03) 45432 bytes
2026-09-03 09:33:56,214 [INFO] [OK] Brazil/GFS_ENSEMBLE_Corn_Winter_PRCP/cumulative dia 14 (2026-09-03 → 2026-09-17) 41145 bytes
2026-09-03 09:33:56,483 [INFO] [OK] Brazil/ECM_ENSEMBLE_Soy_PRCP_DEP/daily dia 01 (2026-09-04 → 2026-09-04) 49012 bytes
2026-09-03 09:33:56,606 [INFO] [OK] Brazil/ECM_ENSEMBLE_Soy_PRCP_DEP/daily dia 02 (2026-09-05 → 2026-09-05) 48103 bytes
2026-09-03 09:33:56,677 [INFO] [OK] Brazil/ECM_ENSEMBLE_Soy_PRCP_DEP/daily dia 03 (2026-09-06 → 2026-09-06) 44999 bytes
2026-09-03 09:33:57,116 [INFO] [OK] Brazil/ECM_ENSEMBLE_Soy_PRCP_DEP/daily dia 04 (2026-09-07 → 2026-09-07) 42416 bytes
2026-09-03 09:33:57,501 [INFO] [OK] Brazil/ECM_ENSEMBLE_Soy_PRCP_DEP/daily dia 05 (2026-09-08 → 2026-09-08) 46599 bytes
2026-09-03 09:33:57,598 [INFO] [OK] Brazil/ECM_ENSEMBLE_Soy_PRCP_DEP/daily dia 06 (2026-09-09 → 2026-09-09) 51166 bytes
2026-09-03 09:33:57,862 [INFO] [OK] Brazil/ECM_ENSEMBLE_Soy_PRCP_DEP/daily dia 07 (2026-09-10 → 2026-09-10) 51621 bytes
2026-09-03 09:33:57,964 [INFO] [OK] Brazil/ECM_ENSEMBLE_Soy_PRCP_DEP/daily dia 08 (2026-09-11 → 2026-09-11) 51424 bytes
2026-09-03 09:33:58,022 [INFO] [OK] Brazil/ECM_ENSEMBLE_Soy_PRCP_DEP/daily dia 09 (2026-09-12 → 2026-09-12) 49872 bytes
2026-09-03 09:33:58,456 [INFO] [OK] Brazil/ECM_ENSEMBLE_Soy_PRCP_DEP/daily dia 10 (2026-09-13 → 2026-09-13) 50289 bytes
2026-09-03 09:33:59,048 [INFO] [OK] Brazil/ECM_ENSEMBLE_Soy_PRCP_DEP/daily dia 11 (2026-09-14 → 2026-09-14) 52511 bytes
2026-09-03 09:33:59,232 [INFO] [OK] Brazil/ECM_ENSEMBLE_Soy_PRCP_DEP/daily dia 12 (2026-09-15 → 2026-09-15) 51983 bytes
2026-09-03 09:33:59,295 [INFO] [OK] Brazil/ECM_ENSEMBLE_Soy_PRCP_DEP/daily dia 13 (2026-09-16 → 2026-09-16) 53506 bytes
2026-09-03 09:33:59,501 [INFO] [OK] Brazil/ECM_ENSEMBLE_Soy_PRCP_DEP/cumulative dia 00 (2026-09-03 → 2026-09-03) 45432 bytes
2026-09-03 09:33:59,575 [INFO] [OK] Brazil/ECM_ENSEMBLE_Soy_PRCP_DEP/daily dia 14 (2026-09-17 → 2026-09-17) 53590 bytes
2026-09-03 09:33:59,885 [INFO] [OK] Brazil/ECM_ENSEMBLE_Soy_PRCP_DEP/cumulative dia 01 (2026-09-03 → 2026-09-04) 51577 bytes
2026-09-03 09:34:00,627 [INFO] [OK] Brazil/ECM_ENSEMBLE_Soy_PRCP_DEP/cumulative dia 02 (2026-09-03 → 2026-09-05) 50978 bytes
2026-09-03 09:34:00,940 [INFO] [OK] Brazil/ECM_ENSEMBLE_Soy_PRCP_DEP/cumulative dia 03 (2026-09-03 → 2026-09-06) 49138 bytes
2026-09-03 09:34:00,989 [INFO] [OK] Brazil/ECM_ENSEMBLE_Soy_PRCP_DEP/cumulative dia 04 (2026-09-03 → 2026-09-07) 48948 bytes
2026-09-03 09:34:01,262 [INFO] [OK] Brazil/ECM_ENSEMBLE_Soy_PRCP_DEP/cumulative dia 05 (2026-09-03 → 2026-09-08) 49758 bytes
2026-09-03 09:34:01,410 [INFO] [OK] Brazil/ECM_ENSEMBLE_Soy_PRCP_DEP/cumulative dia 06 (2026-09-03 → 2026-09-09) 50748 bytes
2026-09-03 09:34:01,746 [INFO] [OK] Brazil/ECM_ENSEMBLE_Soy_PRCP_DEP/cumulative dia 07 (2026-09-03 → 2026-09-10) 50525 bytes
2026-09-03 09:34:02,569 [INFO] [OK] Brazil/ECM_ENSEMBLE_Soy_PRCP_DEP/cumulative dia 08 (2026-09-03 → 2026-09-11) 49989 bytes
2026-09-03 09:34:03,028 [INFO] [OK] Brazil/ECM_ENSEMBLE_Soy_PRCP_DEP/cumulative dia 09 (2026-09-03 → 2026-09-12) 49942 bytes
2026-09-03 09:34:03,138 [INFO] [OK] Brazil/ECM_ENSEMBLE_Soy_PRCP_DEP/cumulative dia 10 (2026-09-03 → 2026-09-13) 50308 bytes
2026-09-03 09:34:03,490 [INFO] [OK] Brazil/ECM_ENSEMBLE_Soy_PRCP_DEP/cumulative dia 11 (2026-09-03 → 2026-09-14) 50601 bytes
2026-09-03 09:34:03,831 [INFO] [OK] Brazil/ECM_ENSEMBLE_Soy_PRCP_DEP/cumulative dia 12 (2026-09-03 → 2026-09-15) 51043 bytes
2026-09-03 09:34:04,082 [INFO] [OK] Brazil/ECM_ENSEMBLE_Soy_PRCP_DEP/cumulative dia 13 (2026-09-03 → 2026-09-16) 50957 bytes
2026-09-03 09:34:04,380 [INFO] [OK] Brazil/ECM_ENSEMBLE_Soy_PRCP/daily dia 00 (2026-09-03 → 2026-09-03) 30191 bytes
2026-09-03 09:34:04,451 [INFO] [OK] Brazil/ECM_ENSEMBLE_Soy_PRCP/daily dia 01 (2026-09-04 → 2026-09-04) 31338 bytes
2026-09-03 09:34:04,872 [INFO] [OK] Brazil/ECM_ENSEMBLE_Soy_PRCP/daily dia 02 (2026-09-05 → 2026-09-05) 32714 bytes
2026-09-03 09:34:04,882 [INFO] [OK] Brazil/ECM_ENSEMBLE_Soy_PRCP_DEP/cumulative dia 14 (2026-09-03 → 2026-09-17) 51216 bytes
2026-09-03 09:34:05,118 [INFO] [OK] Brazil/ECM_ENSEMBLE_Soy_PRCP/daily dia 03 (2026-09-06 → 2026-09-06) 32283 bytes
2026-09-03 09:34:05,410 [INFO] [OK] Brazil/ECM_ENSEMBLE_Soy_PRCP/daily dia 04 (2026-09-07 → 2026-09-07) 31469 bytes
2026-09-03 09:34:05,681 [INFO] [OK] Brazil/ECM_ENSEMBLE_Soy_PRCP/daily dia 05 (2026-09-08 → 2026-09-08) 30946 bytes
2026-09-03 09:34:05,764 [INFO] [OK] Brazil/ECM_ENSEMBLE_Soy_PRCP/daily dia 06 (2026-09-09 → 2026-09-09) 34266 bytes
2026-09-03 09:34:06,209 [INFO] [OK] Brazil/ECM_ENSEMBLE_Soy_PRCP/daily dia 07 (2026-09-10 → 2026-09-10) 35330 bytes
2026-09-03 09:34:06,216 [INFO] [OK] Brazil/ECM_ENSEMBLE_Soy_PRCP/daily dia 08 (2026-09-11 → 2026-09-11) 33273 bytes
2026-09-03 09:34:06,448 [INFO] [OK] Brazil/ECM_ENSEMBLE_Soy_PRCP/daily dia 09 (2026-09-12 → 2026-09-12) 31552 bytes
2026-09-03 09:34:06,728 [INFO] [OK] Brazil/ECM_ENSEMBLE_Soy_PRCP/daily dia 10 (2026-09-13 → 2026-09-13) 31572 bytes
2026-09-03 09:34:07,023 [INFO] [OK] Brazil/ECM_ENSEMBLE_Soy_PRCP/daily dia 11 (2026-09-14 → 2026-09-14) 30783 bytes
2026-09-03 09:34:07,114 [INFO] [OK] Brazil/ECM_ENSEMBLE_Soy_PRCP/daily dia 12 (2026-09-15 → 2026-09-15) 30937 bytes
2026-09-03 09:34:07,633 [INFO] [OK] Brazil/ECM_ENSEMBLE_Soy_PRCP/daily dia 14 (2026-09-17 → 2026-09-17) 30397 bytes
2026-09-03 09:34:07,747 [INFO] [OK] Brazil/ECM_ENSEMBLE_Soy_PRCP/daily dia 13 (2026-09-16 → 2026-09-16) 30882 bytes
2026-09-03 09:34:07,871 [INFO] [OK] Brazil/ECM_ENSEMBLE_Soy_PRCP/cumulative dia 00 (2026-09-03 → 2026-09-03) 30191 bytes
2026-09-03 09:34:08,096 [INFO] [OK] Brazil/ECM_ENSEMBLE_Soy_PRCP/cumulative dia 01 (2026-09-03 → 2026-09-04) 33657 bytes
2026-09-03 09:34:08,456 [INFO] [OK] Brazil/ECM_ENSEMBLE_Soy_PRCP/cumulative dia 02 (2026-09-03 → 2026-09-05) 36303 bytes
2026-09-03 09:34:08,671 [INFO] [OK] Brazil/ECM_ENSEMBLE_Soy_PRCP/cumulative dia 03 (2026-09-03 → 2026-09-06) 38412 bytes
2026-09-03 09:34:09,285 [INFO] [OK] Brazil/ECM_ENSEMBLE_Soy_PRCP/cumulative dia 04 (2026-09-03 → 2026-09-07) 39779 bytes
2026-09-03 09:34:09,476 [INFO] [OK] Brazil/ECM_ENSEMBLE_Soy_PRCP/cumulative dia 05 (2026-09-03 → 2026-09-08) 40628 bytes
2026-09-03 09:34:09,745 [INFO] [OK] Brazil/ECM_ENSEMBLE_Soy_PRCP/cumulative dia 06 (2026-09-03 → 2026-09-09) 42176 bytes
2026-09-03 09:34:09,993 [INFO] [OK] Brazil/ECM_ENSEMBLE_Soy_PRCP/cumulative dia 07 (2026-09-03 → 2026-09-10) 43169 bytes
2026-09-03 09:34:10,488 [INFO] [OK] Brazil/ECM_ENSEMBLE_Soy_PRCP/cumulative dia 08 (2026-09-03 → 2026-09-11) 42969 bytes
2026-09-03 09:34:10,778 [INFO] [OK] Brazil/ECM_ENSEMBLE_Soy_PRCP/cumulative dia 09 (2026-09-03 → 2026-09-12) 43930 bytes
2026-09-03 09:34:11,589 [INFO] [OK] Brazil/ECM_ENSEMBLE_Soy_PRCP/cumulative dia 10 (2026-09-03 → 2026-09-13) 44076 bytes
2026-09-03 09:34:11,729 [INFO] [OK] Brazil/ECM_ENSEMBLE_Soy_PRCP/cumulative dia 11 (2026-09-03 → 2026-09-14) 44241 bytes
2026-09-03 09:34:12,113 [INFO] [OK] Brazil/ECM_ENSEMBLE_Soy_PRCP/cumulative dia 12 (2026-09-03 → 2026-09-15) 45223 bytes
2026-09-03 09:34:12,116 [INFO] [OK] Brazil/ECM_ENSEMBLE_Corn_Winter_PRCP_DEP/daily dia 00 (2026-09-03 → 2026-09-03) 43716 bytes
2026-09-03 09:34:12,412 [INFO] [OK] Brazil/ECM_ENSEMBLE_Soy_PRCP/cumulative dia 13 (2026-09-03 → 2026-09-16) 45208 bytes
2026-09-03 09:34:12,918 [INFO] [OK] Brazil/ECM_ENSEMBLE_Soy_PRCP/cumulative dia 14 (2026-09-03 → 2026-09-17) 45492 bytes
2026-09-03 09:34:12,933 [INFO] [OK] Brazil/ECM_ENSEMBLE_Corn_Winter_PRCP_DEP/daily dia 01 (2026-09-04 → 2026-09-04) 47849 bytes
2026-09-03 09:34:13,086 [INFO] [OK] Brazil/ECM_ENSEMBLE_Corn_Winter_PRCP_DEP/daily dia 02 (2026-09-05 → 2026-09-05) 46633 bytes
2026-09-03 09:34:13,492 [INFO] [OK] Brazil/ECM_ENSEMBLE_Corn_Winter_PRCP_DEP/daily dia 03 (2026-09-06 → 2026-09-06) 43745 bytes
2026-09-03 09:34:13,529 [INFO] [OK] Brazil/ECM_ENSEMBLE_Corn_Winter_PRCP_DEP/daily dia 04 (2026-09-07 → 2026-09-07) 40982 bytes
2026-09-03 09:34:13,744 [INFO] [OK] Brazil/ECM_ENSEMBLE_Corn_Winter_PRCP_DEP/daily dia 05 (2026-09-08 → 2026-09-08) 45298 bytes
2026-09-03 09:34:14,303 [INFO] [OK] Brazil/ECM_ENSEMBLE_Corn_Winter_PRCP_DEP/daily dia 07 (2026-09-10 → 2026-09-10) 49948 bytes
2026-09-03 09:34:14,394 [INFO] [OK] Brazil/ECM_ENSEMBLE_Corn_Winter_PRCP_DEP/daily dia 06 (2026-09-09 → 2026-09-09) 49409 bytes
2026-09-03 09:34:14,440 [INFO] [OK] Brazil/ECM_ENSEMBLE_Corn_Winter_PRCP_DEP/daily dia 08 (2026-09-11 → 2026-09-11) 49634 bytes
2026-09-03 09:34:14,884 [INFO] [OK] Brazil/ECM_ENSEMBLE_Corn_Winter_PRCP_DEP/daily dia 10 (2026-09-13 → 2026-09-13) 49123 bytes
2026-09-03 09:34:14,980 [INFO] [OK] Brazil/ECM_ENSEMBLE_Corn_Winter_PRCP_DEP/daily dia 09 (2026-09-12 → 2026-09-12) 48372 bytes
2026-09-03 09:34:15,175 [INFO] [OK] Brazil/ECM_ENSEMBLE_Corn_Winter_PRCP_DEP/daily dia 11 (2026-09-14 → 2026-09-14) 51051 bytes
2026-09-03 09:34:16,035 [INFO] [OK] Brazil/ECM_ENSEMBLE_Corn_Winter_PRCP_DEP/daily dia 12 (2026-09-15 → 2026-09-15) 50305 bytes
2026-09-03 09:34:16,037 [INFO] [OK] Brazil/ECM_ENSEMBLE_Corn_Winter_PRCP_DEP/daily dia 14 (2026-09-17 → 2026-09-17) 51951 bytes
2026-09-03 09:34:16,043 [INFO] [OK] Brazil/ECM_ENSEMBLE_Corn_Winter_PRCP_DEP/daily dia 13 (2026-09-16 → 2026-09-16) 51966 bytes
2026-09-03 09:34:16,298 [INFO] [OK] Brazil/ECM_ENSEMBLE_Corn_Winter_PRCP_DEP/cumulative dia 00 (2026-09-03 → 2026-09-03) 43716 bytes
2026-09-03 09:34:16,426 [INFO] [OK] Brazil/ECM_ENSEMBLE_Corn_Winter_PRCP_DEP/cumulative dia 01 (2026-09-03 → 2026-09-04) 50273 bytes
2026-09-03 09:34:16,785 [INFO] [OK] Brazil/ECM_ENSEMBLE_Corn_Winter_PRCP_DEP/cumulative dia 02 (2026-09-03 → 2026-09-05) 49538 bytes
2026-09-03 09:34:17,776 [INFO] [OK] Brazil/ECM_ENSEMBLE_Corn_Winter_PRCP_DEP/cumulative dia 04 (2026-09-03 → 2026-09-07) 47698 bytes
2026-09-03 09:34:17,798 [INFO] [OK] Brazil/ECM_ENSEMBLE_Corn_Winter_PRCP_DEP/cumulative dia 03 (2026-09-03 → 2026-09-06) 47715 bytes
2026-09-03 09:34:17,813 [INFO] [OK] Brazil/ECM_ENSEMBLE_Corn_Winter_PRCP_DEP/cumulative dia 05 (2026-09-03 → 2026-09-08) 48347 bytes
2026-09-03 09:34:18,209 [INFO] [OK] Brazil/ECM_ENSEMBLE_Corn_Winter_PRCP_DEP/cumulative dia 06 (2026-09-03 → 2026-09-09) 49450 bytes
2026-09-03 09:34:18,331 [INFO] [OK] Brazil/ECM_ENSEMBLE_Corn_Winter_PRCP_DEP/cumulative dia 07 (2026-09-03 → 2026-09-10) 49089 bytes
2026-09-03 09:34:18,772 [INFO] [OK] Brazil/ECM_ENSEMBLE_Corn_Winter_PRCP_DEP/cumulative dia 08 (2026-09-03 → 2026-09-11) 48578 bytes
2026-09-03 09:34:19,885 [INFO] [OK] Brazil/ECM_ENSEMBLE_Corn_Winter_PRCP_DEP/cumulative dia 09 (2026-09-03 → 2026-09-12) 48396 bytes
2026-09-03 09:34:19,962 [INFO] [OK] Brazil/ECM_ENSEMBLE_Corn_Winter_PRCP_DEP/cumulative dia 10 (2026-09-03 → 2026-09-13) 48763 bytes
2026-09-03 09:34:20,171 [INFO] [OK] Brazil/ECM_ENSEMBLE_Corn_Winter_PRCP_DEP/cumulative dia 11 (2026-09-03 → 2026-09-14) 49100 bytes
2026-09-03 09:34:20,501 [INFO] [OK] Brazil/ECM_ENSEMBLE_Corn_Winter_PRCP_DEP/cumulative dia 12 (2026-09-03 → 2026-09-15) 49500 bytes
2026-09-03 09:34:20,717 [INFO] [OK] Brazil/ECM_ENSEMBLE_Corn_Winter_PRCP_DEP/cumulative dia 13 (2026-09-03 → 2026-09-16) 49604 bytes
2026-09-03 09:34:21,182 [INFO] [OK] Brazil/ECM_ENSEMBLE_Corn_Winter_PRCP/daily dia 00 (2026-09-03 → 2026-09-03) 28555 bytes
2026-09-03 09:34:21,273 [INFO] [OK] Brazil/ECM_ENSEMBLE_Corn_Winter_PRCP_DEP/cumulative dia 14 (2026-09-03 → 2026-09-17) 49836 bytes
2026-09-03 09:34:21,295 [INFO] [OK] Brazil/ECM_ENSEMBLE_Corn_Winter_PRCP/daily dia 01 (2026-09-04 → 2026-09-04) 29803 bytes
2026-09-03 09:34:21,472 [INFO] [OK] Brazil/ECM_ENSEMBLE_Corn_Winter_PRCP/daily dia 02 (2026-09-05 → 2026-09-05) 31188 bytes
2026-09-03 09:34:21,784 [INFO] [OK] Brazil/ECM_ENSEMBLE_Corn_Winter_PRCP/daily dia 03 (2026-09-06 → 2026-09-06) 30697 bytes
2026-09-03 09:34:21,993 [INFO] [OK] Brazil/ECM_ENSEMBLE_Corn_Winter_PRCP/daily dia 04 (2026-09-07 → 2026-09-07) 30029 bytes
2026-09-03 09:34:22,482 [INFO] [OK] Brazil/ECM_ENSEMBLE_Corn_Winter_PRCP/daily dia 05 (2026-09-08 → 2026-09-08) 29574 bytes
2026-09-03 09:34:22,580 [INFO] [OK] Brazil/ECM_ENSEMBLE_Corn_Winter_PRCP/daily dia 06 (2026-09-09 → 2026-09-09) 32883 bytes
2026-09-03 09:34:22,641 [INFO] [OK] Brazil/ECM_ENSEMBLE_Corn_Winter_PRCP/daily dia 07 (2026-09-10 → 2026-09-10) 33851 bytes
2026-09-03 09:34:22,820 [INFO] [OK] Brazil/ECM_ENSEMBLE_Corn_Winter_PRCP/daily dia 08 (2026-09-11 → 2026-09-11) 31741 bytes
2026-09-03 09:34:23,055 [INFO] [OK] Brazil/ECM_ENSEMBLE_Corn_Winter_PRCP/daily dia 09 (2026-09-12 → 2026-09-12) 30114 bytes
2026-09-03 09:34:23,414 [INFO] [OK] Brazil/ECM_ENSEMBLE_Corn_Winter_PRCP/daily dia 10 (2026-09-13 → 2026-09-13) 30095 bytes
2026-09-03 09:34:23,758 [INFO] [OK] Brazil/ECM_ENSEMBLE_Corn_Winter_PRCP/daily dia 11 (2026-09-14 → 2026-09-14) 29426 bytes
2026-09-03 09:34:23,853 [INFO] [OK] Brazil/ECM_ENSEMBLE_Corn_Winter_PRCP/daily dia 12 (2026-09-15 → 2026-09-15) 29556 bytes
2026-09-03 09:34:23,938 [INFO] [OK] Brazil/ECM_ENSEMBLE_Corn_Winter_PRCP/daily dia 13 (2026-09-16 → 2026-09-16) 29642 bytes
2026-09-03 09:34:24,089 [INFO] [OK] Brazil/ECM_ENSEMBLE_Corn_Winter_PRCP/daily dia 14 (2026-09-17 → 2026-09-17) 29003 bytes
2026-09-03 09:34:24,421 [INFO] [OK] Brazil/ECM_ENSEMBLE_Corn_Winter_PRCP/cumulative dia 00 (2026-09-03 → 2026-09-03) 28555 bytes
2026-09-03 09:34:24,760 [INFO] [OK] Brazil/ECM_ENSEMBLE_Corn_Winter_PRCP/cumulative dia 01 (2026-09-03 → 2026-09-04) 32075 bytes
2026-09-03 09:34:25,218 [INFO] [OK] Brazil/ECM_ENSEMBLE_Corn_Winter_PRCP/cumulative dia 02 (2026-09-03 → 2026-09-05) 34794 bytes
2026-09-03 09:34:25,431 [INFO] [OK] Brazil/ECM_ENSEMBLE_Corn_Winter_PRCP/cumulative dia 03 (2026-09-03 → 2026-09-06) 36611 bytes
2026-09-03 09:34:25,642 [INFO] [OK] Brazil/ECM_ENSEMBLE_Corn_Winter_PRCP/cumulative dia 04 (2026-09-03 → 2026-09-07) 38068 bytes
2026-09-03 09:34:25,752 [INFO] [OK] Brazil/ECM_ENSEMBLE_Corn_Winter_PRCP/cumulative dia 05 (2026-09-03 → 2026-09-08) 39050 bytes
2026-09-03 09:34:26,289 [INFO] [OK] Brazil/ECM_ENSEMBLE_Corn_Winter_PRCP/cumulative dia 06 (2026-09-03 → 2026-09-09) 40272 bytes
2026-09-03 09:34:26,635 [INFO] [OK] Brazil/ECM_ENSEMBLE_Corn_Winter_PRCP/cumulative dia 07 (2026-09-03 → 2026-09-10) 41441 bytes
2026-09-03 09:34:27,234 [INFO] [OK] Brazil/ECM_ENSEMBLE_Corn_Winter_PRCP/cumulative dia 08 (2026-09-03 → 2026-09-11) 41145 bytes
2026-09-03 09:34:27,667 [INFO] [OK] Brazil/ECM_ENSEMBLE_Corn_Winter_PRCP/cumulative dia 09 (2026-09-03 → 2026-09-12) 41962 bytes
2026-09-03 09:34:27,812 [INFO] [OK] Brazil/ECM_ENSEMBLE_Corn_Winter_PRCP/cumulative dia 10 (2026-09-03 → 2026-09-13) 42453 bytes
2026-09-03 09:34:28,074 [INFO] [OK] Brazil/ECM_ENSEMBLE_Corn_Winter_PRCP/cumulative dia 11 (2026-09-03 → 2026-09-14) 42474 bytes
2026-09-03 09:34:28,577 [INFO] [OK] Brazil/ECM_ENSEMBLE_Corn_Winter_PRCP/cumulative dia 12 (2026-09-03 → 2026-09-15) 43429 bytes
2026-09-03 09:34:28,699 [INFO] [OK] Argentina/GFS_ENSEMBLE_Soy_PRCP_DEP/daily dia 00 (2026-09-03 → 2026-09-03) 30747 bytes
2026-09-03 09:34:28,856 [INFO] [OK] Argentina/GFS_ENSEMBLE_Soy_PRCP_DEP/daily dia 01 (2026-09-04 → 2026-09-04) 34352 bytes
2026-09-03 09:34:29,037 [INFO] [OK] Brazil/ECM_ENSEMBLE_Corn_Winter_PRCP/cumulative dia 13 (2026-09-03 → 2026-09-16) 43563 bytes
2026-09-03 09:34:29,108 [INFO] [OK] Argentina/GFS_ENSEMBLE_Soy_PRCP_DEP/daily dia 02 (2026-09-05 → 2026-09-05) 37926 bytes
2026-09-03 09:34:29,574 [INFO] [OK] Brazil/ECM_ENSEMBLE_Corn_Winter_PRCP/cumulative dia 14 (2026-09-03 → 2026-09-17) 43777 bytes
2026-09-03 09:34:29,598 [INFO] [OK] Argentina/GFS_ENSEMBLE_Soy_PRCP_DEP/daily dia 03 (2026-09-06 → 2026-09-06) 35685 bytes
2026-09-03 09:34:29,778 [INFO] [OK] Argentina/GFS_ENSEMBLE_Soy_PRCP_DEP/daily dia 04 (2026-09-07 → 2026-09-07) 31243 bytes
2026-09-03 09:34:29,934 [INFO] [OK] Argentina/GFS_ENSEMBLE_Soy_PRCP_DEP/daily dia 05 (2026-09-08 → 2026-09-08) 34006 bytes
2026-09-03 09:34:30,140 [INFO] [OK] Argentina/GFS_ENSEMBLE_Soy_PRCP_DEP/daily dia 06 (2026-09-09 → 2026-09-09) 42967 bytes
2026-09-03 09:34:30,186 [INFO] [OK] Argentina/GFS_ENSEMBLE_Soy_PRCP_DEP/daily dia 07 (2026-09-10 → 2026-09-10) 40922 bytes
2026-09-03 09:34:30,629 [INFO] [OK] Argentina/GFS_ENSEMBLE_Soy_PRCP_DEP/daily dia 08 (2026-09-11 → 2026-09-11) 44095 bytes
2026-09-03 09:34:30,991 [INFO] [OK] Argentina/GFS_ENSEMBLE_Soy_PRCP_DEP/daily dia 10 (2026-09-13 → 2026-09-13) 44150 bytes
2026-09-03 09:34:31,052 [INFO] [OK] Argentina/GFS_ENSEMBLE_Soy_PRCP_DEP/daily dia 11 (2026-09-14 → 2026-09-14) 45139 bytes
2026-09-03 09:34:31,127 [INFO] [OK] Argentina/GFS_ENSEMBLE_Soy_PRCP_DEP/daily dia 09 (2026-09-12 → 2026-09-12) 44056 bytes
2026-09-03 09:34:31,197 [INFO] [OK] Argentina/GFS_ENSEMBLE_Soy_PRCP_DEP/daily dia 12 (2026-09-15 → 2026-09-15) 44887 bytes
2026-09-03 09:34:31,536 [INFO] [OK] Argentina/GFS_ENSEMBLE_Soy_PRCP_DEP/daily dia 13 (2026-09-16 → 2026-09-16) 42501 bytes
2026-09-03 09:34:31,604 [INFO] [OK] Argentina/GFS_ENSEMBLE_Soy_PRCP_DEP/daily dia 14 (2026-09-17 → 2026-09-17) 44717 bytes
2026-09-03 09:34:32,112 [INFO] [OK] Argentina/GFS_ENSEMBLE_Soy_PRCP_DEP/cumulative dia 00 (2026-09-03 → 2026-09-03) 30747 bytes
2026-09-03 09:34:32,160 [INFO] [OK] Argentina/GFS_ENSEMBLE_Soy_PRCP_DEP/cumulative dia 01 (2026-09-03 → 2026-09-04) 34123 bytes
2026-09-03 09:34:32,348 [INFO] [OK] Argentina/GFS_ENSEMBLE_Soy_PRCP_DEP/cumulative dia 02 (2026-09-03 → 2026-09-05) 38049 bytes
2026-09-03 09:34:32,392 [INFO] [OK] Argentina/GFS_ENSEMBLE_Soy_PRCP_DEP/cumulative dia 03 (2026-09-03 → 2026-09-06) 38903 bytes
2026-09-03 09:34:32,696 [INFO] [OK] Argentina/GFS_ENSEMBLE_Soy_PRCP_DEP/cumulative dia 04 (2026-09-03 → 2026-09-07) 37805 bytes
2026-09-03 09:34:32,784 [INFO] [OK] Argentina/GFS_ENSEMBLE_Soy_PRCP_DEP/cumulative dia 05 (2026-09-03 → 2026-09-08) 37379 bytes
2026-09-03 09:34:33,406 [INFO] [OK] Argentina/GFS_ENSEMBLE_Soy_PRCP_DEP/cumulative dia 06 (2026-09-03 → 2026-09-09) 40136 bytes
2026-09-03 09:34:33,556 [INFO] [OK] Argentina/GFS_ENSEMBLE_Soy_PRCP_DEP/cumulative dia 07 (2026-09-03 → 2026-09-10) 41613 bytes
2026-09-03 09:34:33,831 [INFO] [OK] Argentina/GFS_ENSEMBLE_Soy_PRCP_DEP/cumulative dia 08 (2026-09-03 → 2026-09-11) 42885 bytes
2026-09-03 09:34:34,096 [INFO] [OK] Argentina/GFS_ENSEMBLE_Soy_PRCP_DEP/cumulative dia 09 (2026-09-03 → 2026-09-12) 43273 bytes
2026-09-03 09:34:34,472 [INFO] [OK] Argentina/GFS_ENSEMBLE_Soy_PRCP_DEP/cumulative dia 11 (2026-09-03 → 2026-09-14) 42981 bytes
2026-09-03 09:34:34,488 [INFO] [OK] Argentina/GFS_ENSEMBLE_Soy_PRCP_DEP/cumulative dia 10 (2026-09-03 → 2026-09-13) 43042 bytes
2026-09-03 09:34:34,975 [INFO] [OK] Argentina/GFS_ENSEMBLE_Soy_PRCP_DEP/cumulative dia 12 (2026-09-03 → 2026-09-15) 43534 bytes
2026-09-03 09:34:35,205 [INFO] [OK] Argentina/GFS_ENSEMBLE_Soy_PRCP_DEP/cumulative dia 13 (2026-09-03 → 2026-09-16) 42960 bytes
2026-09-03 09:34:35,270 [INFO] [OK] Argentina/GFS_ENSEMBLE_Soy_PRCP/daily dia 00 (2026-09-03 → 2026-09-03) 25691 bytes
2026-09-03 09:34:35,460 [INFO] [OK] Argentina/GFS_ENSEMBLE_Soy_PRCP/daily dia 01 (2026-09-04 → 2026-09-04) 26879 bytes
2026-09-03 09:34:35,504 [INFO] [OK] Argentina/GFS_ENSEMBLE_Soy_PRCP/daily dia 02 (2026-09-05 → 2026-09-05) 28401 bytes
2026-09-03 09:34:35,845 [INFO] [OK] Argentina/GFS_ENSEMBLE_Soy_PRCP_DEP/cumulative dia 14 (2026-09-03 → 2026-09-17) 43413 bytes
2026-09-03 09:34:35,955 [INFO] [OK] Argentina/GFS_ENSEMBLE_Soy_PRCP/daily dia 03 (2026-09-06 → 2026-09-06) 27166 bytes
2026-09-03 09:34:36,196 [INFO] [OK] Argentina/GFS_ENSEMBLE_Soy_PRCP/daily dia 04 (2026-09-07 → 2026-09-07) 26812 bytes
2026-09-03 09:34:36,244 [INFO] [OK] Argentina/GFS_ENSEMBLE_Soy_PRCP/daily dia 05 (2026-09-08 → 2026-09-08) 26753 bytes
2026-09-03 09:34:36,455 [INFO] [OK] Argentina/GFS_ENSEMBLE_Soy_PRCP/daily dia 06 (2026-09-09 → 2026-09-09) 29436 bytes
2026-09-03 09:34:36,551 [INFO] [OK] Argentina/GFS_ENSEMBLE_Soy_PRCP/daily dia 07 (2026-09-10 → 2026-09-10) 30077 bytes
2026-09-03 09:34:36,891 [INFO] [OK] Argentina/GFS_ENSEMBLE_Soy_PRCP/daily dia 08 (2026-09-11 → 2026-09-11) 28830 bytes
2026-09-03 09:34:36,944 [INFO] [OK] Argentina/GFS_ENSEMBLE_Soy_PRCP/daily dia 09 (2026-09-12 → 2026-09-12) 29216 bytes
2026-09-03 09:34:37,171 [INFO] [OK] Argentina/GFS_ENSEMBLE_Soy_PRCP/daily dia 10 (2026-09-13 → 2026-09-13) 28352 bytes
2026-09-03 09:34:37,216 [INFO] [OK] Argentina/GFS_ENSEMBLE_Soy_PRCP/daily dia 11 (2026-09-14 → 2026-09-14) 27897 bytes
2026-09-03 09:34:37,433 [INFO] [OK] Argentina/GFS_ENSEMBLE_Soy_PRCP/daily dia 12 (2026-09-15 → 2026-09-15) 28303 bytes
2026-09-03 09:34:37,544 [INFO] [OK] Argentina/GFS_ENSEMBLE_Soy_PRCP/daily dia 13 (2026-09-16 → 2026-09-16) 27520 bytes
2026-09-03 09:34:37,914 [INFO] [OK] Argentina/GFS_ENSEMBLE_Soy_PRCP/daily dia 14 (2026-09-17 → 2026-09-17) 28107 bytes
2026-09-03 09:34:37,946 [INFO] [OK] Argentina/GFS_ENSEMBLE_Soy_PRCP/cumulative dia 00 (2026-09-03 → 2026-09-03) 25691 bytes
2026-09-03 09:34:38,240 [INFO] [OK] Argentina/GFS_ENSEMBLE_Soy_PRCP/cumulative dia 01 (2026-09-03 → 2026-09-04) 27576 bytes
2026-09-03 09:34:38,307 [INFO] [OK] Argentina/GFS_ENSEMBLE_Soy_PRCP/cumulative dia 02 (2026-09-03 → 2026-09-05) 29693 bytes
2026-09-03 09:34:38,558 [INFO] [OK] Argentina/GFS_ENSEMBLE_Soy_PRCP/cumulative dia 03 (2026-09-03 → 2026-09-06) 30932 bytes
2026-09-03 09:34:38,713 [INFO] [OK] Argentina/GFS_ENSEMBLE_Soy_PRCP/cumulative dia 04 (2026-09-03 → 2026-09-07) 31509 bytes
2026-09-03 09:34:39,258 [INFO] [OK] Argentina/GFS_ENSEMBLE_Soy_PRCP/cumulative dia 05 (2026-09-03 → 2026-09-08) 31835 bytes
2026-09-03 09:34:39,408 [INFO] [OK] Argentina/GFS_ENSEMBLE_Soy_PRCP/cumulative dia 06 (2026-09-03 → 2026-09-09) 33575 bytes
2026-09-03 09:34:39,604 [INFO] [OK] Argentina/GFS_ENSEMBLE_Soy_PRCP/cumulative dia 07 (2026-09-03 → 2026-09-10) 35067 bytes
2026-09-03 09:34:39,744 [INFO] [OK] Argentina/GFS_ENSEMBLE_Soy_PRCP/cumulative dia 08 (2026-09-03 → 2026-09-11) 35720 bytes
2026-09-03 09:34:39,980 [INFO] [OK] Argentina/GFS_ENSEMBLE_Soy_PRCP/cumulative dia 09 (2026-09-03 → 2026-09-12) 36286 bytes
2026-09-03 09:34:40,252 [INFO] [OK] Argentina/GFS_ENSEMBLE_Soy_PRCP/cumulative dia 10 (2026-09-03 → 2026-09-13) 36534 bytes
2026-09-03 09:34:40,987 [INFO] [OK] Argentina/GFS_ENSEMBLE_Soy_PRCP/cumulative dia 11 (2026-09-03 → 2026-09-14) 36812 bytes
2026-09-03 09:34:41,128 [INFO] [OK] Argentina/GFS_ENSEMBLE_Corn_Winter_PRCP_DEP/daily dia 00 (2026-09-03 → 2026-09-03) 29061 bytes
2026-09-03 09:34:41,130 [INFO] [OK] Argentina/GFS_ENSEMBLE_Soy_PRCP/cumulative dia 12 (2026-09-03 → 2026-09-15) 37365 bytes
2026-09-03 09:34:41,258 [INFO] [OK] Argentina/GFS_ENSEMBLE_Corn_Winter_PRCP_DEP/daily dia 01 (2026-09-04 → 2026-09-04) 32527 bytes
2026-09-03 09:34:41,260 [INFO] [OK] Argentina/GFS_ENSEMBLE_Soy_PRCP/cumulative dia 13 (2026-09-03 → 2026-09-16) 37365 bytes
2026-09-03 09:34:41,425 [INFO] [OK] Argentina/GFS_ENSEMBLE_Soy_PRCP/cumulative dia 14 (2026-09-03 → 2026-09-17) 37366 bytes
2026-09-03 09:34:42,019 [INFO] [OK] Argentina/GFS_ENSEMBLE_Corn_Winter_PRCP_DEP/daily dia 02 (2026-09-05 → 2026-09-05) 36043 bytes
2026-09-03 09:34:42,140 [INFO] [OK] Argentina/GFS_ENSEMBLE_Corn_Winter_PRCP_DEP/daily dia 04 (2026-09-07 → 2026-09-07) 29516 bytes
2026-09-03 09:34:42,150 [INFO] [OK] Argentina/GFS_ENSEMBLE_Corn_Winter_PRCP_DEP/daily dia 03 (2026-09-06 → 2026-09-06) 34232 bytes
2026-09-03 09:34:42,277 [INFO] [OK] Argentina/GFS_ENSEMBLE_Corn_Winter_PRCP_DEP/daily dia 05 (2026-09-08 → 2026-09-08) 32555 bytes
2026-09-03 09:34:42,433 [INFO] [OK] Argentina/GFS_ENSEMBLE_Corn_Winter_PRCP_DEP/daily dia 06 (2026-09-09 → 2026-09-09) 41225 bytes
2026-09-03 09:34:42,477 [INFO] [OK] Argentina/GFS_ENSEMBLE_Corn_Winter_PRCP_DEP/daily dia 07 (2026-09-10 → 2026-09-10) 39499 bytes
2026-09-03 09:34:43,122 [INFO] [OK] Argentina/GFS_ENSEMBLE_Corn_Winter_PRCP_DEP/daily dia 08 (2026-09-11 → 2026-09-11) 42403 bytes
2026-09-03 09:34:43,221 [INFO] [OK] Argentina/GFS_ENSEMBLE_Corn_Winter_PRCP_DEP/daily dia 09 (2026-09-12 → 2026-09-12) 42642 bytes
2026-09-03 09:34:43,245 [INFO] [OK] Argentina/GFS_ENSEMBLE_Corn_Winter_PRCP_DEP/daily dia 10 (2026-09-13 → 2026-09-13) 42665 bytes
2026-09-03 09:34:43,307 [INFO] [OK] Argentina/GFS_ENSEMBLE_Corn_Winter_PRCP_DEP/daily dia 11 (2026-09-14 → 2026-09-14) 43619 bytes
2026-09-03 09:34:43,547 [INFO] [OK] Argentina/GFS_ENSEMBLE_Corn_Winter_PRCP_DEP/daily dia 13 (2026-09-16 → 2026-09-16) 40849 bytes
2026-09-03 09:34:43,549 [INFO] [OK] Argentina/GFS_ENSEMBLE_Corn_Winter_PRCP_DEP/daily dia 12 (2026-09-15 → 2026-09-15) 43436 bytes
2026-09-03 09:34:44,154 [INFO] [OK] Argentina/GFS_ENSEMBLE_Corn_Winter_PRCP_DEP/daily dia 14 (2026-09-17 → 2026-09-17) 42672 bytes
2026-09-03 09:34:44,191 [INFO] [OK] Argentina/GFS_ENSEMBLE_Corn_Winter_PRCP_DEP/cumulative dia 00 (2026-09-03 → 2026-09-03) 29061 bytes
2026-09-03 09:34:44,267 [INFO] [OK] Argentina/GFS_ENSEMBLE_Corn_Winter_PRCP_DEP/cumulative dia 01 (2026-09-03 → 2026-09-04) 32566 bytes
2026-09-03 09:34:44,397 [INFO] [OK] Argentina/GFS_ENSEMBLE_Corn_Winter_PRCP_DEP/cumulative dia 02 (2026-09-03 → 2026-09-05) 36601 bytes
2026-09-03 09:34:44,663 [INFO] [OK] Argentina/GFS_ENSEMBLE_Corn_Winter_PRCP_DEP/cumulative dia 03 (2026-09-03 → 2026-09-06) 37411 bytes
2026-09-03 09:34:44,827 [INFO] [OK] Argentina/GFS_ENSEMBLE_Corn_Winter_PRCP_DEP/cumulative dia 04 (2026-09-03 → 2026-09-07) 36256 bytes
2026-09-03 09:34:45,414 [INFO] [OK] Argentina/GFS_ENSEMBLE_Corn_Winter_PRCP_DEP/cumulative dia 05 (2026-09-03 → 2026-09-08) 35781 bytes
2026-09-03 09:34:45,478 [INFO] [OK] Argentina/GFS_ENSEMBLE_Corn_Winter_PRCP_DEP/cumulative dia 06 (2026-09-03 → 2026-09-09) 38588 bytes
2026-09-03 09:34:45,660 [INFO] [OK] Argentina/GFS_ENSEMBLE_Corn_Winter_PRCP_DEP/cumulative dia 07 (2026-09-03 → 2026-09-10) 39790 bytes
2026-09-03 09:34:45,776 [INFO] [OK] Argentina/GFS_ENSEMBLE_Corn_Winter_PRCP_DEP/cumulative dia 08 (2026-09-03 → 2026-09-11) 41084 bytes
2026-09-03 09:34:46,123 [INFO] [OK] Argentina/GFS_ENSEMBLE_Corn_Winter_PRCP_DEP/cumulative dia 09 (2026-09-03 → 2026-09-12) 41439 bytes
2026-09-03 09:34:46,318 [INFO] [OK] Argentina/GFS_ENSEMBLE_Corn_Winter_PRCP_DEP/cumulative dia 10 (2026-09-03 → 2026-09-13) 41384 bytes
2026-09-03 09:34:46,923 [INFO] [OK] Argentina/GFS_ENSEMBLE_Corn_Winter_PRCP_DEP/cumulative dia 11 (2026-09-03 → 2026-09-14) 41352 bytes
2026-09-03 09:34:47,039 [INFO] [OK] Argentina/GFS_ENSEMBLE_Corn_Winter_PRCP_DEP/cumulative dia 12 (2026-09-03 → 2026-09-15) 41663 bytes
2026-09-03 09:34:47,135 [INFO] [OK] Argentina/GFS_ENSEMBLE_Corn_Winter_PRCP/daily dia 00 (2026-09-03 → 2026-09-03) 23758 bytes
2026-09-03 09:34:47,272 [INFO] [OK] Argentina/GFS_ENSEMBLE_Corn_Winter_PRCP/daily dia 01 (2026-09-04 → 2026-09-04) 24953 bytes
2026-09-03 09:34:47,331 [INFO] [OK] Argentina/GFS_ENSEMBLE_Corn_Winter_PRCP_DEP/cumulative dia 13 (2026-09-03 → 2026-09-16) 41137 bytes
2026-09-03 09:34:47,460 [INFO] [OK] Argentina/GFS_ENSEMBLE_Corn_Winter_PRCP_DEP/cumulative dia 14 (2026-09-03 → 2026-09-17) 41792 bytes
2026-09-03 09:34:47,899 [INFO] [OK] Argentina/GFS_ENSEMBLE_Corn_Winter_PRCP/daily dia 02 (2026-09-05 → 2026-09-05) 26571 bytes
2026-09-03 09:34:48,074 [INFO] [OK] Argentina/GFS_ENSEMBLE_Corn_Winter_PRCP/daily dia 04 (2026-09-07 → 2026-09-07) 24803 bytes
2026-09-03 09:34:48,156 [INFO] [OK] Argentina/GFS_ENSEMBLE_Corn_Winter_PRCP/daily dia 03 (2026-09-06 → 2026-09-06) 25263 bytes
2026-09-03 09:34:48,234 [INFO] [OK] Argentina/GFS_ENSEMBLE_Corn_Winter_PRCP/daily dia 05 (2026-09-08 → 2026-09-08) 24941 bytes
2026-09-03 09:34:48,307 [INFO] [OK] Argentina/GFS_ENSEMBLE_Corn_Winter_PRCP/daily dia 06 (2026-09-09 → 2026-09-09) 27718 bytes
2026-09-03 09:34:48,416 [INFO] [OK] Argentina/GFS_ENSEMBLE_Corn_Winter_PRCP/daily dia 07 (2026-09-10 → 2026-09-10) 28437 bytes
2026-09-03 09:34:48,852 [INFO] [OK] Argentina/GFS_ENSEMBLE_Corn_Winter_PRCP/daily dia 08 (2026-09-11 → 2026-09-11) 27142 bytes
2026-09-03 09:34:49,047 [INFO] [OK] Argentina/GFS_ENSEMBLE_Corn_Winter_PRCP/daily dia 09 (2026-09-12 → 2026-09-12) 27610 bytes
2026-09-03 09:34:49,161 [INFO] [OK] Argentina/GFS_ENSEMBLE_Corn_Winter_PRCP/daily dia 10 (2026-09-13 → 2026-09-13) 26677 bytes
2026-09-03 09:34:49,207 [INFO] [OK] Argentina/GFS_ENSEMBLE_Corn_Winter_PRCP/daily dia 11 (2026-09-14 → 2026-09-14) 26097 bytes
2026-09-03 09:34:49,300 [INFO] [OK] Argentina/GFS_ENSEMBLE_Corn_Winter_PRCP/daily dia 12 (2026-09-15 → 2026-09-15) 26444 bytes
2026-09-03 09:34:49,359 [INFO] [OK] Argentina/GFS_ENSEMBLE_Corn_Winter_PRCP/daily dia 13 (2026-09-16 → 2026-09-16) 25733 bytes
2026-09-03 09:34:49,823 [INFO] [OK] Argentina/GFS_ENSEMBLE_Corn_Winter_PRCP/daily dia 14 (2026-09-17 → 2026-09-17) 26598 bytes
2026-09-03 09:34:50,028 [INFO] [OK] Argentina/GFS_ENSEMBLE_Corn_Winter_PRCP/cumulative dia 00 (2026-09-03 → 2026-09-03) 23758 bytes
2026-09-03 09:34:50,316 [INFO] [OK] Argentina/GFS_ENSEMBLE_Corn_Winter_PRCP/cumulative dia 01 (2026-09-03 → 2026-09-04) 25720 bytes
2026-09-03 09:34:50,436 [INFO] [OK] Argentina/GFS_ENSEMBLE_Corn_Winter_PRCP/cumulative dia 02 (2026-09-03 → 2026-09-05) 27820 bytes
2026-09-03 09:34:50,568 [INFO] [OK] Argentina/GFS_ENSEMBLE_Corn_Winter_PRCP/cumulative dia 03 (2026-09-03 → 2026-09-06) 29048 bytes
2026-09-03 09:34:50,640 [INFO] [OK] Argentina/GFS_ENSEMBLE_Corn_Winter_PRCP/cumulative dia 04 (2026-09-03 → 2026-09-07) 29653 bytes
2026-09-03 09:34:51,056 [INFO] [OK] Argentina/GFS_ENSEMBLE_Corn_Winter_PRCP/cumulative dia 05 (2026-09-03 → 2026-09-08) 29978 bytes
2026-09-03 09:34:51,366 [INFO] [OK] Argentina/GFS_ENSEMBLE_Corn_Winter_PRCP/cumulative dia 06 (2026-09-03 → 2026-09-09) 31893 bytes
2026-09-03 09:34:51,685 [INFO] [OK] Argentina/GFS_ENSEMBLE_Corn_Winter_PRCP/cumulative dia 07 (2026-09-03 → 2026-09-10) 33315 bytes
2026-09-03 09:34:51,837 [INFO] [OK] Argentina/GFS_ENSEMBLE_Corn_Winter_PRCP/cumulative dia 08 (2026-09-03 → 2026-09-11) 34134 bytes
2026-09-03 09:34:52,061 [INFO] [OK] Argentina/GFS_ENSEMBLE_Corn_Winter_PRCP/cumulative dia 09 (2026-09-03 → 2026-09-12) 34817 bytes
2026-09-03 09:34:52,163 [INFO] [OK] Argentina/GFS_ENSEMBLE_Corn_Winter_PRCP/cumulative dia 10 (2026-09-03 → 2026-09-13) 34906 bytes
2026-09-03 09:34:52,565 [INFO] [OK] Argentina/GFS_ENSEMBLE_Corn_Winter_PRCP/cumulative dia 11 (2026-09-03 → 2026-09-14) 35007 bytes
2026-09-03 09:34:52,945 [INFO] [OK] Argentina/GFS_ENSEMBLE_Corn_Winter_PRCP/cumulative dia 12 (2026-09-03 → 2026-09-15) 35370 bytes
2026-09-03 09:34:53,086 [INFO] [OK] Argentina/ECM_ENSEMBLE_Soy_PRCP_DEP/daily dia 00 (2026-09-03 → 2026-09-03) 34625 bytes
2026-09-03 09:34:53,288 [INFO] [OK] Argentina/GFS_ENSEMBLE_Corn_Winter_PRCP/cumulative dia 13 (2026-09-03 → 2026-09-16) 35752 bytes
2026-09-03 09:34:53,440 [INFO] [OK] Argentina/ECM_ENSEMBLE_Soy_PRCP_DEP/daily dia 01 (2026-09-04 → 2026-09-04) 40757 bytes
2026-09-03 09:34:53,509 [INFO] [OK] Argentina/GFS_ENSEMBLE_Corn_Winter_PRCP/cumulative dia 14 (2026-09-03 → 2026-09-17) 35903 bytes
2026-09-03 09:34:53,588 [INFO] [OK] Argentina/ECM_ENSEMBLE_Soy_PRCP_DEP/daily dia 02 (2026-09-05 → 2026-09-05) 39062 bytes
2026-09-03 09:34:53,963 [INFO] [OK] Argentina/ECM_ENSEMBLE_Soy_PRCP_DEP/daily dia 03 (2026-09-06 → 2026-09-06) 35477 bytes
2026-09-03 09:34:54,099 [INFO] [OK] Argentina/ECM_ENSEMBLE_Soy_PRCP_DEP/daily dia 04 (2026-09-07 → 2026-09-07) 30125 bytes
2026-09-03 09:34:54,348 [INFO] [OK] Argentina/ECM_ENSEMBLE_Soy_PRCP_DEP/daily dia 05 (2026-09-08 → 2026-09-08) 35466 bytes
2026-09-03 09:34:54,472 [INFO] [OK] Argentina/ECM_ENSEMBLE_Soy_PRCP_DEP/daily dia 06 (2026-09-09 → 2026-09-09) 42770 bytes
2026-09-03 09:34:54,496 [INFO] [OK] Argentina/ECM_ENSEMBLE_Soy_PRCP_DEP/daily dia 07 (2026-09-10 → 2026-09-10) 40920 bytes
2026-09-03 09:34:54,653 [INFO] [OK] Argentina/ECM_ENSEMBLE_Soy_PRCP_DEP/daily dia 08 (2026-09-11 → 2026-09-11) 41320 bytes
2026-09-03 09:34:54,995 [INFO] [OK] Argentina/ECM_ENSEMBLE_Soy_PRCP_DEP/daily dia 09 (2026-09-12 → 2026-09-12) 41980 bytes
2026-09-03 09:34:55,249 [INFO] [OK] Argentina/ECM_ENSEMBLE_Soy_PRCP_DEP/daily dia 10 (2026-09-13 → 2026-09-13) 43727 bytes
2026-09-03 09:34:55,450 [INFO] [OK] Argentina/ECM_ENSEMBLE_Soy_PRCP_DEP/daily dia 11 (2026-09-14 → 2026-09-14) 45129 bytes
2026-09-03 09:34:55,524 [INFO] [OK] Argentina/ECM_ENSEMBLE_Soy_PRCP_DEP/daily dia 12 (2026-09-15 → 2026-09-15) 44526 bytes
2026-09-03 09:34:55,546 [INFO] [OK] Argentina/ECM_ENSEMBLE_Soy_PRCP_DEP/daily dia 13 (2026-09-16 → 2026-09-16) 45439 bytes
2026-09-03 09:34:55,813 [INFO] [OK] Argentina/ECM_ENSEMBLE_Soy_PRCP_DEP/daily dia 14 (2026-09-17 → 2026-09-17) 45805 bytes
2026-09-03 09:34:56,011 [INFO] [OK] Argentina/ECM_ENSEMBLE_Soy_PRCP_DEP/cumulative dia 00 (2026-09-03 → 2026-09-03) 34625 bytes
2026-09-03 09:34:56,415 [INFO] [OK] Argentina/ECM_ENSEMBLE_Soy_PRCP_DEP/cumulative dia 01 (2026-09-03 → 2026-09-04) 43215 bytes
2026-09-03 09:34:56,642 [INFO] [OK] Argentina/ECM_ENSEMBLE_Soy_PRCP_DEP/cumulative dia 02 (2026-09-03 → 2026-09-05) 43386 bytes
2026-09-03 09:34:56,748 [INFO] [OK] Argentina/ECM_ENSEMBLE_Soy_PRCP_DEP/cumulative dia 03 (2026-09-03 → 2026-09-06) 41697 bytes
2026-09-03 09:34:56,780 [INFO] [OK] Argentina/ECM_ENSEMBLE_Soy_PRCP_DEP/cumulative dia 04 (2026-09-03 → 2026-09-07) 41093 bytes
2026-09-03 09:34:57,133 [INFO] [OK] Argentina/ECM_ENSEMBLE_Soy_PRCP_DEP/cumulative dia 05 (2026-09-03 → 2026-09-08) 41023 bytes
2026-09-03 09:34:57,392 [INFO] [OK] Argentina/ECM_ENSEMBLE_Soy_PRCP_DEP/cumulative dia 06 (2026-09-03 → 2026-09-09) 42146 bytes
2026-09-03 09:34:57,806 [INFO] [OK] Argentina/ECM_ENSEMBLE_Soy_PRCP_DEP/cumulative dia 07 (2026-09-03 → 2026-09-10) 41936 bytes
2026-09-03 09:34:58,126 [INFO] [OK] Argentina/ECM_ENSEMBLE_Soy_PRCP_DEP/cumulative dia 08 (2026-09-03 → 2026-09-11) 41937 bytes
2026-09-03 09:34:58,261 [INFO] [OK] Argentina/ECM_ENSEMBLE_Soy_PRCP_DEP/cumulative dia 09 (2026-09-03 → 2026-09-12) 41544 bytes
2026-09-03 09:34:58,299 [INFO] [OK] Argentina/ECM_ENSEMBLE_Soy_PRCP_DEP/cumulative dia 10 (2026-09-03 → 2026-09-13) 41116 bytes
2026-09-03 09:34:58,659 [INFO] [OK] Argentina/ECM_ENSEMBLE_Soy_PRCP_DEP/cumulative dia 11 (2026-09-03 → 2026-09-14) 41154 bytes
2026-09-03 09:34:58,913 [INFO] [OK] Argentina/ECM_ENSEMBLE_Soy_PRCP_DEP/cumulative dia 12 (2026-09-03 → 2026-09-15) 41438 bytes
2026-09-03 09:34:59,247 [INFO] [OK] Argentina/ECM_ENSEMBLE_Soy_PRCP/daily dia 00 (2026-09-03 → 2026-09-03) 26394 bytes
2026-09-03 09:34:59,254 [INFO] [OK] Argentina/ECM_ENSEMBLE_Soy_PRCP/daily dia 01 (2026-09-04 → 2026-09-04) 27978 bytes
2026-09-03 09:34:59,614 [INFO] [OK] Argentina/ECM_ENSEMBLE_Soy_PRCP_DEP/cumulative dia 13 (2026-09-03 → 2026-09-16) 41410 bytes
2026-09-03 09:34:59,666 [INFO] [OK] Argentina/ECM_ENSEMBLE_Soy_PRCP/daily dia 02 (2026-09-05 → 2026-09-05) 29780 bytes
2026-09-03 09:34:59,779 [INFO] [OK] Argentina/ECM_ENSEMBLE_Soy_PRCP_DEP/cumulative dia 14 (2026-09-03 → 2026-09-17) 41562 bytes
2026-09-03 09:34:59,906 [INFO] [OK] Argentina/ECM_ENSEMBLE_Soy_PRCP/daily dia 03 (2026-09-06 → 2026-09-06) 27539 bytes
2026-09-03 09:35:00,229 [INFO] [OK] Argentina/ECM_ENSEMBLE_Soy_PRCP/daily dia 05 (2026-09-08 → 2026-09-08) 26949 bytes
2026-09-03 09:35:00,283 [INFO] [OK] Argentina/ECM_ENSEMBLE_Soy_PRCP/daily dia 04 (2026-09-07 → 2026-09-07) 26916 bytes
2026-09-03 09:35:00,679 [INFO] [OK] Argentina/ECM_ENSEMBLE_Soy_PRCP/daily dia 07 (2026-09-10 → 2026-09-10) 32322 bytes
2026-09-03 09:35:00,741 [INFO] [OK] Argentina/ECM_ENSEMBLE_Soy_PRCP/daily dia 06 (2026-09-09 → 2026-09-09) 30785 bytes
2026-09-03 09:35:00,817 [INFO] [OK] Argentina/ECM_ENSEMBLE_Soy_PRCP/daily dia 08 (2026-09-11 → 2026-09-11) 30614 bytes
2026-09-03 09:35:00,923 [INFO] [OK] Argentina/ECM_ENSEMBLE_Soy_PRCP/daily dia 09 (2026-09-12 → 2026-09-12) 28624 bytes
2026-09-03 09:35:01,305 [INFO] [OK] Argentina/ECM_ENSEMBLE_Soy_PRCP/daily dia 10 (2026-09-13 → 2026-09-13) 28840 bytes
2026-09-03 09:35:01,347 [INFO] [OK] Argentina/ECM_ENSEMBLE_Soy_PRCP/daily dia 11 (2026-09-14 → 2026-09-14) 28259 bytes
2026-09-03 09:35:01,678 [INFO] [OK] Argentina/ECM_ENSEMBLE_Soy_PRCP/daily dia 12 (2026-09-15 → 2026-09-15) 28809 bytes
2026-09-03 09:35:01,777 [INFO] [OK] Argentina/ECM_ENSEMBLE_Soy_PRCP/daily dia 13 (2026-09-16 → 2026-09-16) 28473 bytes
2026-09-03 09:35:01,796 [INFO] [OK] Argentina/ECM_ENSEMBLE_Soy_PRCP/daily dia 14 (2026-09-17 → 2026-09-17) 27779 bytes
2026-09-03 09:35:01,920 [INFO] [OK] Argentina/ECM_ENSEMBLE_Soy_PRCP/cumulative dia 00 (2026-09-03 → 2026-09-03) 26394 bytes
2026-09-03 09:35:02,351 [INFO] [OK] Argentina/ECM_ENSEMBLE_Soy_PRCP/cumulative dia 01 (2026-09-03 → 2026-09-04) 29392 bytes
2026-09-03 09:35:02,604 [INFO] [OK] Argentina/ECM_ENSEMBLE_Soy_PRCP/cumulative dia 02 (2026-09-03 → 2026-09-05) 32012 bytes
2026-09-03 09:35:02,823 [INFO] [OK] Argentina/ECM_ENSEMBLE_Soy_PRCP/cumulative dia 03 (2026-09-03 → 2026-09-06) 33119 bytes
2026-09-03 09:35:02,976 [INFO] [OK] Argentina/ECM_ENSEMBLE_Soy_PRCP/cumulative dia 04 (2026-09-03 → 2026-09-07) 33991 bytes
2026-09-03 09:35:03,047 [INFO] [OK] Argentina/ECM_ENSEMBLE_Soy_PRCP/cumulative dia 05 (2026-09-03 → 2026-09-08) 34300 bytes
2026-09-03 09:35:03,280 [INFO] [OK] Argentina/ECM_ENSEMBLE_Soy_PRCP/cumulative dia 06 (2026-09-03 → 2026-09-09) 35906 bytes
2026-09-03 09:35:03,932 [INFO] [OK] Argentina/ECM_ENSEMBLE_Soy_PRCP/cumulative dia 07 (2026-09-03 → 2026-09-10) 37382 bytes
2026-09-03 09:35:04,129 [INFO] [OK] Argentina/ECM_ENSEMBLE_Soy_PRCP/cumulative dia 08 (2026-09-03 → 2026-09-11) 37110 bytes
2026-09-03 09:35:04,599 [INFO] [OK] Argentina/ECM_ENSEMBLE_Soy_PRCP/cumulative dia 09 (2026-09-03 → 2026-09-12) 37660 bytes
2026-09-03 09:35:05,053 [INFO] [OK] Argentina/ECM_ENSEMBLE_Soy_PRCP/cumulative dia 11 (2026-09-03 → 2026-09-14) 37812 bytes
2026-09-03 09:35:05,071 [INFO] [OK] Argentina/ECM_ENSEMBLE_Soy_PRCP/cumulative dia 12 (2026-09-03 → 2026-09-15) 38690 bytes
2026-09-03 09:35:05,201 [INFO] [OK] Argentina/ECM_ENSEMBLE_Soy_PRCP/cumulative dia 10 (2026-09-03 → 2026-09-13) 37805 bytes
2026-09-03 09:35:05,623 [INFO] [OK] Argentina/ECM_ENSEMBLE_Corn_Winter_PRCP_DEP/daily dia 00 (2026-09-03 → 2026-09-03) 32978 bytes
2026-09-03 09:35:05,854 [INFO] [OK] Argentina/ECM_ENSEMBLE_Soy_PRCP/cumulative dia 13 (2026-09-03 → 2026-09-16) 38602 bytes
2026-09-03 09:35:06,004 [INFO] [OK] Argentina/ECM_ENSEMBLE_Soy_PRCP/cumulative dia 14 (2026-09-03 → 2026-09-17) 39194 bytes
2026-09-03 09:35:06,148 [INFO] [OK] Argentina/ECM_ENSEMBLE_Corn_Winter_PRCP_DEP/daily dia 01 (2026-09-04 → 2026-09-04) 39293 bytes
2026-09-03 09:35:06,221 [INFO] [OK] Argentina/ECM_ENSEMBLE_Corn_Winter_PRCP_DEP/daily dia 02 (2026-09-05 → 2026-09-05) 37182 bytes
2026-09-03 09:35:06,264 [INFO] [OK] Argentina/ECM_ENSEMBLE_Corn_Winter_PRCP_DEP/daily dia 03 (2026-09-06 → 2026-09-06) 34115 bytes
2026-09-03 09:35:06,668 [INFO] [OK] Argentina/ECM_ENSEMBLE_Corn_Winter_PRCP_DEP/daily dia 04 (2026-09-07 → 2026-09-07) 28609 bytes
2026-09-03 09:35:06,861 [INFO] [OK] Argentina/ECM_ENSEMBLE_Corn_Winter_PRCP_DEP/daily dia 05 (2026-09-08 → 2026-09-08) 33722 bytes
2026-09-03 09:35:07,144 [INFO] [OK] Argentina/ECM_ENSEMBLE_Corn_Winter_PRCP_DEP/daily dia 06 (2026-09-09 → 2026-09-09) 40715 bytes
2026-09-03 09:35:07,222 [INFO] [OK] Argentina/ECM_ENSEMBLE_Corn_Winter_PRCP_DEP/daily dia 07 (2026-09-10 → 2026-09-10) 39290 bytes
2026-09-03 09:35:07,576 [INFO] [OK] Argentina/ECM_ENSEMBLE_Corn_Winter_PRCP_DEP/daily dia 08 (2026-09-11 → 2026-09-11) 39496 bytes
2026-09-03 09:35:07,578 [INFO] [OK] Argentina/ECM_ENSEMBLE_Corn_Winter_PRCP_DEP/daily dia 09 (2026-09-12 → 2026-09-12) 40075 bytes
2026-09-03 09:35:07,672 [INFO] [OK] Argentina/ECM_ENSEMBLE_Corn_Winter_PRCP_DEP/daily dia 10 (2026-09-13 → 2026-09-13) 42259 bytes
2026-09-03 09:35:07,962 [INFO] [OK] Argentina/ECM_ENSEMBLE_Corn_Winter_PRCP_DEP/daily dia 11 (2026-09-14 → 2026-09-14) 43352 bytes
2026-09-03 09:35:08,268 [INFO] [OK] Argentina/ECM_ENSEMBLE_Corn_Winter_PRCP_DEP/daily dia 13 (2026-09-16 → 2026-09-16) 43945 bytes
2026-09-03 09:35:08,281 [INFO] [OK] Argentina/ECM_ENSEMBLE_Corn_Winter_PRCP_DEP/daily dia 12 (2026-09-15 → 2026-09-15) 42675 bytes
2026-09-03 09:35:08,662 [INFO] [OK] Argentina/ECM_ENSEMBLE_Corn_Winter_PRCP_DEP/cumulative dia 00 (2026-09-03 → 2026-09-03) 32978 bytes
2026-09-03 09:35:08,897 [INFO] [OK] Argentina/ECM_ENSEMBLE_Corn_Winter_PRCP_DEP/daily dia 14 (2026-09-17 → 2026-09-17) 44347 bytes
2026-09-03 09:35:08,927 [INFO] [OK] Argentina/ECM_ENSEMBLE_Corn_Winter_PRCP_DEP/cumulative dia 01 (2026-09-03 → 2026-09-04) 41501 bytes
2026-09-03 09:35:09,097 [INFO] [OK] Argentina/ECM_ENSEMBLE_Corn_Winter_PRCP_DEP/cumulative dia 02 (2026-09-03 → 2026-09-05) 41636 bytes
2026-09-03 09:35:09,502 [INFO] [OK] Argentina/ECM_ENSEMBLE_Corn_Winter_PRCP_DEP/cumulative dia 04 (2026-09-03 → 2026-09-07) 39601 bytes
2026-09-03 09:35:09,521 [INFO] [OK] Argentina/ECM_ENSEMBLE_Corn_Winter_PRCP_DEP/cumulative dia 03 (2026-09-03 → 2026-09-06) 39836 bytes
2026-09-03 09:35:09,968 [INFO] [OK] Argentina/ECM_ENSEMBLE_Corn_Winter_PRCP_DEP/cumulative dia 05 (2026-09-03 → 2026-09-08) 39425 bytes
2026-09-03 09:35:10,335 [INFO] [OK] Argentina/ECM_ENSEMBLE_Corn_Winter_PRCP_DEP/cumulative dia 06 (2026-09-03 → 2026-09-09) 40378 bytes
2026-09-03 09:35:10,390 [INFO] [OK] Argentina/ECM_ENSEMBLE_Corn_Winter_PRCP_DEP/cumulative dia 07 (2026-09-03 → 2026-09-10) 40036 bytes
2026-09-03 09:35:10,536 [INFO] [OK] Argentina/ECM_ENSEMBLE_Corn_Winter_PRCP_DEP/cumulative dia 08 (2026-09-03 → 2026-09-11) 40151 bytes
2026-09-03 09:35:11,121 [INFO] [OK] Argentina/ECM_ENSEMBLE_Corn_Winter_PRCP_DEP/cumulative dia 09 (2026-09-03 → 2026-09-12) 39644 bytes
2026-09-03 09:35:11,128 [INFO] [OK] Argentina/ECM_ENSEMBLE_Corn_Winter_PRCP_DEP/cumulative dia 10 (2026-09-03 → 2026-09-13) 39190 bytes
2026-09-03 09:35:11,564 [INFO] [OK] Argentina/ECM_ENSEMBLE_Corn_Winter_PRCP_DEP/cumulative dia 11 (2026-09-03 → 2026-09-14) 39190 bytes
2026-09-03 09:35:12,088 [INFO] [OK] Argentina/ECM_ENSEMBLE_Corn_Winter_PRCP_DEP/cumulative dia 12 (2026-09-03 → 2026-09-15) 39527 bytes
2026-09-03 09:35:12,195 [INFO] [OK] Argentina/ECM_ENSEMBLE_Corn_Winter_PRCP/daily dia 01 (2026-09-04 → 2026-09-04) 26075 bytes
2026-09-03 09:35:12,229 [INFO] [OK] Argentina/ECM_ENSEMBLE_Corn_Winter_PRCP/daily dia 00 (2026-09-03 → 2026-09-03) 24407 bytes
2026-09-03 09:35:12,344 [INFO] [OK] Argentina/ECM_ENSEMBLE_Corn_Winter_PRCP_DEP/cumulative dia 13 (2026-09-03 → 2026-09-16) 39619 bytes
2026-09-03 09:35:12,540 [INFO] [OK] Argentina/ECM_ENSEMBLE_Corn_Winter_PRCP_DEP/cumulative dia 14 (2026-09-03 → 2026-09-17) 39700 bytes
2026-09-03 09:35:12,567 [INFO] [OK] Argentina/ECM_ENSEMBLE_Corn_Winter_PRCP/daily dia 02 (2026-09-05 → 2026-09-05) 28097 bytes
2026-09-03 09:35:13,088 [INFO] [OK] Argentina/ECM_ENSEMBLE_Corn_Winter_PRCP/daily dia 03 (2026-09-06 → 2026-09-06) 25792 bytes
2026-09-03 09:35:13,185 [INFO] [OK] Argentina/ECM_ENSEMBLE_Corn_Winter_PRCP/daily dia 05 (2026-09-08 → 2026-09-08) 25001 bytes
2026-09-03 09:35:13,228 [INFO] [OK] Argentina/ECM_ENSEMBLE_Corn_Winter_PRCP/daily dia 04 (2026-09-07 → 2026-09-07) 25183 bytes
2026-09-03 09:35:13,320 [INFO] [OK] Argentina/ECM_ENSEMBLE_Corn_Winter_PRCP/daily dia 06 (2026-09-09 → 2026-09-09) 29143 bytes
2026-09-03 09:35:13,520 [INFO] [OK] Argentina/ECM_ENSEMBLE_Corn_Winter_PRCP/daily dia 07 (2026-09-10 → 2026-09-10) 30708 bytes
2026-09-03 09:35:13,570 [INFO] [OK] Argentina/ECM_ENSEMBLE_Corn_Winter_PRCP/daily dia 08 (2026-09-11 → 2026-09-11) 28810 bytes
2026-09-03 09:35:14,109 [INFO] [OK] Argentina/ECM_ENSEMBLE_Corn_Winter_PRCP/daily dia 09 (2026-09-12 → 2026-09-12) 26774 bytes
2026-09-03 09:35:14,206 [INFO] [OK] Argentina/ECM_ENSEMBLE_Corn_Winter_PRCP/daily dia 11 (2026-09-14 → 2026-09-14) 26633 bytes
2026-09-03 09:35:14,211 [INFO] [OK] Argentina/ECM_ENSEMBLE_Corn_Winter_PRCP/daily dia 10 (2026-09-13 → 2026-09-13) 27133 bytes
2026-09-03 09:35:14,269 [INFO] [OK] Argentina/ECM_ENSEMBLE_Corn_Winter_PRCP/daily dia 12 (2026-09-15 → 2026-09-15) 27155 bytes
2026-09-03 09:35:14,499 [INFO] [OK] Argentina/ECM_ENSEMBLE_Corn_Winter_PRCP/daily dia 13 (2026-09-16 → 2026-09-16) 26972 bytes
2026-09-03 09:35:14,594 [INFO] [OK] Argentina/ECM_ENSEMBLE_Corn_Winter_PRCP/daily dia 14 (2026-09-17 → 2026-09-17) 26091 bytes
2026-09-03 09:35:15,146 [INFO] [OK] Argentina/ECM_ENSEMBLE_Corn_Winter_PRCP/cumulative dia 00 (2026-09-03 → 2026-09-03) 24407 bytes
2026-09-03 09:35:15,258 [INFO] [OK] Argentina/ECM_ENSEMBLE_Corn_Winter_PRCP/cumulative dia 01 (2026-09-03 → 2026-09-04) 27641 bytes
2026-09-03 09:35:15,299 [INFO] [OK] Argentina/ECM_ENSEMBLE_Corn_Winter_PRCP/cumulative dia 02 (2026-09-03 → 2026-09-05) 30278 bytes
2026-09-03 09:35:15,451 [INFO] [OK] Argentina/ECM_ENSEMBLE_Corn_Winter_PRCP/cumulative dia 03 (2026-09-03 → 2026-09-06) 31215 bytes
2026-09-03 09:35:15,669 [INFO] [OK] Argentina/ECM_ENSEMBLE_Corn_Winter_PRCP/cumulative dia 04 (2026-09-03 → 2026-09-07) 32208 bytes
2026-09-03 09:35:15,786 [INFO] [OK] Argentina/ECM_ENSEMBLE_Corn_Winter_PRCP/cumulative dia 05 (2026-09-03 → 2026-09-08) 32462 bytes
2026-09-03 09:35:16,395 [INFO] [OK] Argentina/ECM_ENSEMBLE_Corn_Winter_PRCP/cumulative dia 06 (2026-09-03 → 2026-09-09) 34129 bytes
2026-09-03 09:35:16,803 [INFO] [OK] Argentina/ECM_ENSEMBLE_Corn_Winter_PRCP/cumulative dia 07 (2026-09-03 → 2026-09-10) 35562 bytes
2026-09-03 09:35:16,897 [INFO] [OK] Argentina/ECM_ENSEMBLE_Corn_Winter_PRCP/cumulative dia 08 (2026-09-03 → 2026-09-11) 35154 bytes
2026-09-03 09:35:16,946 [INFO] [OK] Argentina/ECM_ENSEMBLE_Corn_Winter_PRCP/cumulative dia 09 (2026-09-03 → 2026-09-12) 35798 bytes
2026-09-03 09:35:17,168 [INFO] [OK] Argentina/ECM_ENSEMBLE_Corn_Winter_PRCP/cumulative dia 10 (2026-09-03 → 2026-09-13) 36060 bytes
2026-09-03 09:35:17,411 [INFO] [OK] Argentina/ECM_ENSEMBLE_Corn_Winter_PRCP/cumulative dia 11 (2026-09-03 → 2026-09-14) 35963 bytes
2026-09-03 09:35:17,927 [INFO] [OK] Argentina/ECM_ENSEMBLE_Corn_Winter_PRCP/cumulative dia 12 (2026-09-03 → 2026-09-15) 36880 bytes
2026-09-03 09:35:18,383 [INFO] [OK] Argentina/ECM_ENSEMBLE_Corn_Winter_PRCP/cumulative dia 13 (2026-09-03 → 2026-09-16) 36820 bytes
2026-09-03 09:35:18,536 [INFO] [OK] Argentina/ECM_ENSEMBLE_Corn_Winter_PRCP/cumulative dia 14 (2026-09-03 → 2026-09-17) 37225 bytes
2026-09-03 09:35:18,575 [INFO] [OK] USA/GFS_ENSEMBLE_Corn_PRCP_DEP/daily dia 00 (2026-09-03 → 2026-09-03) 51586 bytes
2026-09-03 09:35:18,857 [INFO] [OK] USA/GFS_ENSEMBLE_Corn_PRCP_DEP/daily dia 01 (2026-09-04 → 2026-09-04) 53512 bytes
2026-09-03 09:35:19,042 [INFO] [OK] USA/GFS_ENSEMBLE_Corn_PRCP_DEP/daily dia 02 (2026-09-05 → 2026-09-05) 57420 bytes
2026-09-03 09:35:19,579 [INFO] [OK] USA/GFS_ENSEMBLE_Corn_PRCP_DEP/daily dia 03 (2026-09-06 → 2026-09-06) 53946 bytes
2026-09-03 09:35:19,988 [INFO] [OK] USA/GFS_ENSEMBLE_Corn_PRCP_DEP/daily dia 04 (2026-09-07 → 2026-09-07) 51440 bytes
2026-09-03 09:35:20,243 [INFO] [OK] USA/GFS_ENSEMBLE_Corn_PRCP_DEP/daily dia 05 (2026-09-08 → 2026-09-08) 54556 bytes
2026-09-03 09:35:20,244 [INFO] [OK] USA/GFS_ENSEMBLE_Corn_PRCP_DEP/daily dia 06 (2026-09-09 → 2026-09-09) 57404 bytes
2026-09-03 09:35:20,604 [INFO] [OK] USA/GFS_ENSEMBLE_Corn_PRCP_DEP/daily dia 07 (2026-09-10 → 2026-09-10) 60661 bytes
2026-09-03 09:35:20,795 [INFO] [OK] USA/GFS_ENSEMBLE_Corn_PRCP_DEP/daily dia 08 (2026-09-11 → 2026-09-11) 60898 bytes
2026-09-03 09:35:21,222 [INFO] [OK] USA/GFS_ENSEMBLE_Corn_PRCP_DEP/daily dia 09 (2026-09-12 → 2026-09-12) 61995 bytes
2026-09-03 09:35:21,743 [INFO] [OK] USA/GFS_ENSEMBLE_Corn_PRCP_DEP/daily dia 10 (2026-09-13 → 2026-09-13) 62295 bytes
2026-09-03 09:35:21,847 [INFO] [OK] USA/GFS_ENSEMBLE_Corn_PRCP_DEP/daily dia 11 (2026-09-14 → 2026-09-14) 60886 bytes
2026-09-03 09:35:21,961 [INFO] [OK] USA/GFS_ENSEMBLE_Corn_PRCP_DEP/daily dia 12 (2026-09-15 → 2026-09-15) 59297 bytes
2026-09-03 09:35:22,240 [INFO] [OK] USA/GFS_ENSEMBLE_Corn_PRCP_DEP/daily dia 13 (2026-09-16 → 2026-09-16) 61344 bytes
2026-09-03 09:35:22,577 [INFO] [OK] USA/GFS_ENSEMBLE_Corn_PRCP_DEP/daily dia 14 (2026-09-17 → 2026-09-17) 60594 bytes
2026-09-03 09:35:22,873 [INFO] [OK] USA/GFS_ENSEMBLE_Corn_PRCP_DEP/cumulative dia 00 (2026-09-03 → 2026-09-03) 51586 bytes
2026-09-03 09:35:23,520 [INFO] [OK] USA/GFS_ENSEMBLE_Corn_PRCP_DEP/cumulative dia 01 (2026-09-03 → 2026-09-04) 54668 bytes
2026-09-03 09:35:23,643 [INFO] [OK] USA/GFS_ENSEMBLE_Corn_PRCP_DEP/cumulative dia 02 (2026-09-03 → 2026-09-05) 58256 bytes
2026-09-03 09:35:23,879 [INFO] [OK] USA/GFS_ENSEMBLE_Corn_PRCP_DEP/cumulative dia 03 (2026-09-03 → 2026-09-06) 60001 bytes
2026-09-03 09:35:24,243 [INFO] [OK] USA/GFS_ENSEMBLE_Corn_PRCP_DEP/cumulative dia 04 (2026-09-03 → 2026-09-07) 59445 bytes
2026-09-03 09:35:24,697 [INFO] [OK] USA/GFS_ENSEMBLE_Corn_PRCP_DEP/cumulative dia 05 (2026-09-03 → 2026-09-08) 59616 bytes
2026-09-03 09:35:25,160 [INFO] [OK] USA/GFS_ENSEMBLE_Corn_PRCP_DEP/cumulative dia 06 (2026-09-03 → 2026-09-09) 59992 bytes
2026-09-03 09:35:25,934 [INFO] [OK] USA/GFS_ENSEMBLE_Corn_PRCP_DEP/cumulative dia 07 (2026-09-03 → 2026-09-10) 60131 bytes
2026-09-03 09:35:26,154 [INFO] [OK] USA/GFS_ENSEMBLE_Corn_PRCP_DEP/cumulative dia 08 (2026-09-03 → 2026-09-11) 60146 bytes
2026-09-03 09:35:26,490 [INFO] [OK] USA/GFS_ENSEMBLE_Corn_PRCP_DEP/cumulative dia 09 (2026-09-03 → 2026-09-12) 60071 bytes
2026-09-03 09:35:26,888 [INFO] [OK] USA/GFS_ENSEMBLE_Corn_PRCP_DEP/cumulative dia 10 (2026-09-03 → 2026-09-13) 59375 bytes
2026-09-03 09:35:27,485 [INFO] [OK] USA/GFS_ENSEMBLE_Corn_PRCP_DEP/cumulative dia 11 (2026-09-03 → 2026-09-14) 59506 bytes
2026-09-03 09:35:28,264 [INFO] [OK] USA/GFS_ENSEMBLE_Corn_PRCP_DEP/cumulative dia 12 (2026-09-03 → 2026-09-15) 59583 bytes
2026-09-03 09:35:28,348 [INFO] [OK] USA/GFS_ENSEMBLE_Corn_PRCP/daily dia 00 (2026-09-03 → 2026-09-03) 39815 bytes
2026-09-03 09:35:28,444 [INFO] [OK] USA/GFS_ENSEMBLE_Corn_PRCP/daily dia 01 (2026-09-04 → 2026-09-04) 37877 bytes
2026-09-03 09:35:28,913 [INFO] [OK] USA/GFS_ENSEMBLE_Corn_PRCP_DEP/cumulative dia 13 (2026-09-03 → 2026-09-16) 59720 bytes
2026-09-03 09:35:29,087 [INFO] [OK] USA/GFS_ENSEMBLE_Corn_PRCP/daily dia 02 (2026-09-05 → 2026-09-05) 37921 bytes
2026-09-03 09:35:29,334 [INFO] [OK] USA/GFS_ENSEMBLE_Corn_PRCP_DEP/cumulative dia 14 (2026-09-03 → 2026-09-17) 59706 bytes
2026-09-03 09:35:29,851 [INFO] [OK] USA/GFS_ENSEMBLE_Corn_PRCP/daily dia 03 (2026-09-06 → 2026-09-06) 37964 bytes
2026-09-03 09:35:29,953 [INFO] [OK] USA/GFS_ENSEMBLE_Corn_PRCP/daily dia 04 (2026-09-07 → 2026-09-07) 36423 bytes
2026-09-03 09:35:29,993 [INFO] [OK] USA/GFS_ENSEMBLE_Corn_PRCP/daily dia 05 (2026-09-08 → 2026-09-08) 35144 bytes
2026-09-03 09:35:30,539 [INFO] [OK] USA/GFS_ENSEMBLE_Corn_PRCP/daily dia 06 (2026-09-09 → 2026-09-09) 35758 bytes
2026-09-03 09:35:30,658 [INFO] [OK] USA/GFS_ENSEMBLE_Corn_PRCP/daily dia 07 (2026-09-10 → 2026-09-10) 36224 bytes
2026-09-03 09:35:30,931 [INFO] [OK] USA/GFS_ENSEMBLE_Corn_PRCP/daily dia 08 (2026-09-11 → 2026-09-11) 37451 bytes
2026-09-03 09:35:31,583 [INFO] [OK] USA/GFS_ENSEMBLE_Corn_PRCP/daily dia 10 (2026-09-13 → 2026-09-13) 36553 bytes
2026-09-03 09:35:31,615 [INFO] [OK] USA/GFS_ENSEMBLE_Corn_PRCP/daily dia 09 (2026-09-12 → 2026-09-12) 36141 bytes
2026-09-03 09:35:31,616 [INFO] [OK] USA/GFS_ENSEMBLE_Corn_PRCP/daily dia 11 (2026-09-14 → 2026-09-14) 36274 bytes
2026-09-03 09:35:32,119 [INFO] [OK] USA/GFS_ENSEMBLE_Corn_PRCP/daily dia 12 (2026-09-15 → 2026-09-15) 36242 bytes
2026-09-03 09:35:32,428 [INFO] [OK] USA/GFS_ENSEMBLE_Corn_PRCP/daily dia 13 (2026-09-16 → 2026-09-16) 35902 bytes
2026-09-03 09:35:32,506 [INFO] [OK] USA/GFS_ENSEMBLE_Corn_PRCP/daily dia 14 (2026-09-17 → 2026-09-17) 37173 bytes
2026-09-03 09:35:33,211 [INFO] [OK] USA/GFS_ENSEMBLE_Corn_PRCP/cumulative dia 00 (2026-09-03 → 2026-09-03) 39815 bytes
2026-09-03 09:35:33,322 [INFO] [OK] USA/GFS_ENSEMBLE_Corn_PRCP/cumulative dia 01 (2026-09-03 → 2026-09-04) 42279 bytes
2026-09-03 09:35:33,470 [INFO] [OK] USA/GFS_ENSEMBLE_Corn_PRCP/cumulative dia 02 (2026-09-03 → 2026-09-05) 44856 bytes
2026-09-03 09:35:34,005 [INFO] [OK] USA/GFS_ENSEMBLE_Corn_PRCP/cumulative dia 03 (2026-09-03 → 2026-09-06) 46714 bytes
2026-09-03 09:35:34,369 [INFO] [OK] USA/GFS_ENSEMBLE_Corn_PRCP/cumulative dia 04 (2026-09-03 → 2026-09-07) 47291 bytes
2026-09-03 09:35:34,678 [INFO] [OK] USA/GFS_ENSEMBLE_Corn_PRCP/cumulative dia 05 (2026-09-03 → 2026-09-08) 47575 bytes
2026-09-03 09:35:35,440 [INFO] [OK] USA/GFS_ENSEMBLE_Corn_PRCP/cumulative dia 06 (2026-09-03 → 2026-09-09) 48292 bytes
2026-09-03 09:35:35,853 [INFO] [OK] USA/GFS_ENSEMBLE_Corn_PRCP/cumulative dia 07 (2026-09-03 → 2026-09-10) 49328 bytes
2026-09-03 09:35:36,168 [INFO] [OK] USA/GFS_ENSEMBLE_Corn_PRCP/cumulative dia 08 (2026-09-03 → 2026-09-11) 49741 bytes
2026-09-03 09:35:36,807 [INFO] [OK] USA/GFS_ENSEMBLE_Corn_PRCP/cumulative dia 09 (2026-09-03 → 2026-09-12) 50083 bytes
2026-09-03 09:35:37,141 [INFO] [OK] USA/GFS_ENSEMBLE_Corn_PRCP/cumulative dia 10 (2026-09-03 → 2026-09-13) 50589 bytes
2026-09-03 09:35:37,446 [INFO] [OK] USA/GFS_ENSEMBLE_Corn_PRCP/cumulative dia 11 (2026-09-03 → 2026-09-14) 50605 bytes
2026-09-03 09:35:38,292 [INFO] [OK] USA/GFS_ENSEMBLE_Corn_PRCP/cumulative dia 12 (2026-09-03 → 2026-09-15) 51036 bytes
2026-09-03 09:35:38,435 [INFO] [OK] USA/GFS_ENSEMBLE_Soy_PRCP_DEP/daily dia 00 (2026-09-03 → 2026-09-03) 51274 bytes
2026-09-03 09:35:38,901 [INFO] [OK] USA/GFS_ENSEMBLE_Soy_PRCP_DEP/daily dia 01 (2026-09-04 → 2026-09-04) 53221 bytes
2026-09-03 09:35:38,980 [INFO] [OK] USA/GFS_ENSEMBLE_Corn_PRCP/cumulative dia 13 (2026-09-03 → 2026-09-16) 51171 bytes
2026-09-03 09:35:39,100 [INFO] [OK] USA/GFS_ENSEMBLE_Soy_PRCP_DEP/daily dia 02 (2026-09-05 → 2026-09-05) 57233 bytes
2026-09-03 09:35:39,131 [INFO] [OK] USA/GFS_ENSEMBLE_Corn_PRCP/cumulative dia 14 (2026-09-03 → 2026-09-17) 51362 bytes
2026-09-03 09:35:39,909 [INFO] [OK] USA/GFS_ENSEMBLE_Soy_PRCP_DEP/daily dia 03 (2026-09-06 → 2026-09-06) 53394 bytes
2026-09-03 09:35:40,082 [INFO] [OK] USA/GFS_ENSEMBLE_Soy_PRCP_DEP/daily dia 04 (2026-09-07 → 2026-09-07) 51129 bytes
2026-09-03 09:35:40,674 [INFO] [OK] USA/GFS_ENSEMBLE_Soy_PRCP_DEP/daily dia 06 (2026-09-09 → 2026-09-09) 57051 bytes
2026-09-03 09:35:40,697 [INFO] [OK] USA/GFS_ENSEMBLE_Soy_PRCP_DEP/daily dia 05 (2026-09-08 → 2026-09-08) 54533 bytes
2026-09-03 09:35:40,764 [INFO] [OK] USA/GFS_ENSEMBLE_Soy_PRCP_DEP/daily dia 08 (2026-09-11 → 2026-09-11) 60682 bytes
2026-09-03 09:35:40,983 [INFO] [OK] USA/GFS_ENSEMBLE_Soy_PRCP_DEP/daily dia 07 (2026-09-10 → 2026-09-10) 60543 bytes
2026-09-03 09:35:41,514 [INFO] [OK] USA/GFS_ENSEMBLE_Soy_PRCP_DEP/daily dia 09 (2026-09-12 → 2026-09-12) 61638 bytes
2026-09-03 09:35:41,810 [INFO] [OK] USA/GFS_ENSEMBLE_Soy_PRCP_DEP/daily dia 10 (2026-09-13 → 2026-09-13) 62082 bytes
2026-09-03 09:35:42,332 [INFO] [OK] USA/GFS_ENSEMBLE_Soy_PRCP_DEP/daily dia 12 (2026-09-15 → 2026-09-15) 59005 bytes
2026-09-03 09:35:42,391 [INFO] [OK] USA/GFS_ENSEMBLE_Soy_PRCP_DEP/daily dia 11 (2026-09-14 → 2026-09-14) 60637 bytes
2026-09-03 09:35:42,466 [INFO] [OK] USA/GFS_ENSEMBLE_Soy_PRCP_DEP/daily dia 13 (2026-09-16 → 2026-09-16) 61145 bytes
2026-09-03 09:35:42,592 [INFO] [OK] USA/GFS_ENSEMBLE_Soy_PRCP_DEP/daily dia 14 (2026-09-17 → 2026-09-17) 60421 bytes
2026-09-03 09:35:43,093 [INFO] [OK] USA/GFS_ENSEMBLE_Soy_PRCP_DEP/cumulative dia 00 (2026-09-03 → 2026-09-03) 51274 bytes
2026-09-03 09:35:43,556 [INFO] [OK] USA/GFS_ENSEMBLE_Soy_PRCP_DEP/cumulative dia 01 (2026-09-03 → 2026-09-04) 54334 bytes
2026-09-03 09:35:44,243 [INFO] [OK] USA/GFS_ENSEMBLE_Soy_PRCP_DEP/cumulative dia 02 (2026-09-03 → 2026-09-05) 58119 bytes
2026-09-03 09:35:44,342 [INFO] [OK] USA/GFS_ENSEMBLE_Soy_PRCP_DEP/cumulative dia 03 (2026-09-03 → 2026-09-06) 59707 bytes
2026-09-03 09:35:44,576 [INFO] [OK] USA/GFS_ENSEMBLE_Soy_PRCP_DEP/cumulative dia 04 (2026-09-03 → 2026-09-07) 59034 bytes
2026-09-03 09:35:44,716 [INFO] [OK] USA/GFS_ENSEMBLE_Soy_PRCP_DEP/cumulative dia 05 (2026-09-03 → 2026-09-08) 59450 bytes
2026-09-03 09:35:45,309 [INFO] [OK] USA/GFS_ENSEMBLE_Soy_PRCP_DEP/cumulative dia 06 (2026-09-03 → 2026-09-09) 59656 bytes
2026-09-03 09:35:45,861 [INFO] [OK] USA/GFS_ENSEMBLE_Soy_PRCP_DEP/cumulative dia 07 (2026-09-03 → 2026-09-10) 59839 bytes
2026-09-03 09:35:46,833 [INFO] [OK] USA/GFS_ENSEMBLE_Soy_PRCP_DEP/cumulative dia 08 (2026-09-03 → 2026-09-11) 59791 bytes
2026-09-03 09:35:46,970 [INFO] [OK] USA/GFS_ENSEMBLE_Soy_PRCP_DEP/cumulative dia 09 (2026-09-03 → 2026-09-12) 59800 bytes
2026-09-03 09:35:47,305 [INFO] [OK] USA/GFS_ENSEMBLE_Soy_PRCP_DEP/cumulative dia 10 (2026-09-03 → 2026-09-13) 59121 bytes
2026-09-03 09:35:47,588 [INFO] [OK] USA/GFS_ENSEMBLE_Soy_PRCP_DEP/cumulative dia 11 (2026-09-03 → 2026-09-14) 59347 bytes
2026-09-03 09:35:48,498 [INFO] [OK] USA/GFS_ENSEMBLE_Soy_PRCP_DEP/cumulative dia 12 (2026-09-03 → 2026-09-15) 59455 bytes
2026-09-03 09:35:48,631 [INFO] [OK] USA/GFS_ENSEMBLE_Soy_PRCP/daily dia 00 (2026-09-03 → 2026-09-03) 39378 bytes
2026-09-03 09:35:49,059 [INFO] [OK] USA/GFS_ENSEMBLE_Soy_PRCP/daily dia 01 (2026-09-04 → 2026-09-04) 37546 bytes
2026-09-03 09:35:49,299 [INFO] [OK] USA/GFS_ENSEMBLE_Soy_PRCP_DEP/cumulative dia 13 (2026-09-03 → 2026-09-16) 59347 bytes
2026-09-03 09:35:49,324 [INFO] [OK] USA/GFS_ENSEMBLE_Soy_PRCP/daily dia 02 (2026-09-05 → 2026-09-05) 37456 bytes
2026-09-03 09:35:50,056 [INFO] [OK] USA/GFS_ENSEMBLE_Soy_PRCP/daily dia 03 (2026-09-06 → 2026-09-06) 37457 bytes
2026-09-03 09:35:50,172 [INFO] [OK] USA/GFS_ENSEMBLE_Soy_PRCP_DEP/cumulative dia 14 (2026-09-03 → 2026-09-17) 59499 bytes
2026-09-03 09:35:50,227 [INFO] [OK] USA/GFS_ENSEMBLE_Soy_PRCP/daily dia 04 (2026-09-07 → 2026-09-07) 36137 bytes
2026-09-03 09:35:50,616 [INFO] [OK] USA/GFS_ENSEMBLE_Soy_PRCP/daily dia 05 (2026-09-08 → 2026-09-08) 34741 bytes
2026-09-03 09:35:50,866 [INFO] [OK] USA/GFS_ENSEMBLE_Soy_PRCP/daily dia 07 (2026-09-10 → 2026-09-10) 35782 bytes
2026-09-03 09:35:50,913 [INFO] [OK] USA/GFS_ENSEMBLE_Soy_PRCP/daily dia 06 (2026-09-09 → 2026-09-09) 35478 bytes
2026-09-03 09:35:51,685 [INFO] [OK] USA/GFS_ENSEMBLE_Soy_PRCP/daily dia 08 (2026-09-11 → 2026-09-11) 37036 bytes
2026-09-03 09:35:51,746 [INFO] [OK] USA/GFS_ENSEMBLE_Soy_PRCP/daily dia 09 (2026-09-12 → 2026-09-12) 35669 bytes
2026-09-03 09:35:51,826 [INFO] [OK] USA/GFS_ENSEMBLE_Soy_PRCP/daily dia 10 (2026-09-13 → 2026-09-13) 36186 bytes
2026-09-03 09:35:52,250 [INFO] [OK] USA/GFS_ENSEMBLE_Soy_PRCP/daily dia 11 (2026-09-14 → 2026-09-14) 35886 bytes
2026-09-03 09:35:52,576 [INFO] [OK] USA/GFS_ENSEMBLE_Soy_PRCP/daily dia 12 (2026-09-15 → 2026-09-15) 35895 bytes
2026-09-03 09:35:52,618 [INFO] [OK] USA/GFS_ENSEMBLE_Soy_PRCP/daily dia 13 (2026-09-16 → 2026-09-16) 35524 bytes
2026-09-03 09:35:53,280 [INFO] [OK] USA/GFS_ENSEMBLE_Soy_PRCP/daily dia 14 (2026-09-17 → 2026-09-17) 36698 bytes
2026-09-03 09:35:53,465 [INFO] [OK] USA/GFS_ENSEMBLE_Soy_PRCP/cumulative dia 00 (2026-09-03 → 2026-09-03) 39378 bytes
2026-09-03 09:35:53,538 [INFO] [OK] USA/GFS_ENSEMBLE_Soy_PRCP/cumulative dia 01 (2026-09-03 → 2026-09-04) 41909 bytes
2026-09-03 09:35:54,145 [INFO] [OK] USA/GFS_ENSEMBLE_Soy_PRCP/cumulative dia 02 (2026-09-03 → 2026-09-05) 44650 bytes
2026-09-03 09:35:54,530 [INFO] [OK] USA/GFS_ENSEMBLE_Soy_PRCP/cumulative dia 03 (2026-09-03 → 2026-09-06) 46471 bytes
2026-09-03 09:35:54,602 [INFO] [OK] USA/GFS_ENSEMBLE_Soy_PRCP/cumulative dia 04 (2026-09-03 → 2026-09-07) 46941 bytes
2026-09-03 09:35:55,382 [INFO] [OK] USA/GFS_ENSEMBLE_Soy_PRCP/cumulative dia 05 (2026-09-03 → 2026-09-08) 47310 bytes
2026-09-03 09:35:55,690 [INFO] [OK] USA/GFS_ENSEMBLE_Soy_PRCP/cumulative dia 06 (2026-09-03 → 2026-09-09) 48021 bytes
2026-09-03 09:35:55,859 [INFO] [OK] USA/GFS_ENSEMBLE_Soy_PRCP/cumulative dia 07 (2026-09-03 → 2026-09-10) 49010 bytes
2026-09-03 09:35:56,688 [INFO] [OK] USA/GFS_ENSEMBLE_Soy_PRCP/cumulative dia 08 (2026-09-03 → 2026-09-11) 49428 bytes
2026-09-03 09:35:57,655 [INFO] [OK] USA/GFS_ENSEMBLE_Soy_PRCP/cumulative dia 09 (2026-09-03 → 2026-09-12) 49842 bytes
2026-09-03 09:35:57,682 [INFO] [OK] USA/GFS_ENSEMBLE_Soy_PRCP/cumulative dia 10 (2026-09-03 → 2026-09-13) 50473 bytes
2026-09-03 09:35:58,718 [INFO] [OK] USA/GFS_ENSEMBLE_Soy_PRCP/cumulative dia 11 (2026-09-03 → 2026-09-14) 50452 bytes
2026-09-03 09:35:59,199 [INFO] [OK] USA/GFS_ENSEMBLE_Soy_PRCP/cumulative dia 12 (2026-09-03 → 2026-09-15) 50688 bytes
2026-09-03 09:35:59,239 [INFO] [OK] USA/GFS_ENSEMBLE_Soy_PRCP/cumulative dia 13 (2026-09-03 → 2026-09-16) 51027 bytes
2026-09-03 09:35:59,325 [INFO] [OK] USA/GFS_ENSEMBLE_Wheat_Winter_PRCP_DEP/daily dia 01 (2026-09-04 → 2026-09-04) 54706 bytes
2026-09-03 09:35:59,505 [INFO] [OK] USA/GFS_ENSEMBLE_Wheat_Winter_PRCP_DEP/daily dia 00 (2026-09-03 → 2026-09-03) 52813 bytes
2026-09-03 09:35:59,851 [INFO] [OK] USA/GFS_ENSEMBLE_Soy_PRCP/cumulative dia 14 (2026-09-03 → 2026-09-17) 50886 bytes
2026-09-03 09:36:00,419 [INFO] [OK] USA/GFS_ENSEMBLE_Wheat_Winter_PRCP_DEP/daily dia 02 (2026-09-05 → 2026-09-05) 58344 bytes
2026-09-03 09:36:01,004 [INFO] [OK] USA/GFS_ENSEMBLE_Wheat_Winter_PRCP_DEP/daily dia 03 (2026-09-06 → 2026-09-06) 54944 bytes
2026-09-03 09:36:01,035 [INFO] [OK] USA/GFS_ENSEMBLE_Wheat_Winter_PRCP_DEP/daily dia 04 (2026-09-07 → 2026-09-07) 52662 bytes
2026-09-03 09:36:01,363 [INFO] [OK] USA/GFS_ENSEMBLE_Wheat_Winter_PRCP_DEP/daily dia 05 (2026-09-08 → 2026-09-08) 56056 bytes
2026-09-03 09:36:01,461 [INFO] [OK] USA/GFS_ENSEMBLE_Wheat_Winter_PRCP_DEP/daily dia 06 (2026-09-09 → 2026-09-09) 58434 bytes
2026-09-03 09:36:01,816 [INFO] [OK] USA/GFS_ENSEMBLE_Wheat_Winter_PRCP_DEP/daily dia 07 (2026-09-10 → 2026-09-10) 61935 bytes
2026-09-03 09:36:02,327 [INFO] [OK] USA/GFS_ENSEMBLE_Wheat_Winter_PRCP_DEP/daily dia 08 (2026-09-11 → 2026-09-11) 62313 bytes
2026-09-03 09:36:02,813 [INFO] [OK] USA/GFS_ENSEMBLE_Wheat_Winter_PRCP_DEP/daily dia 10 (2026-09-13 → 2026-09-13) 63546 bytes
2026-09-03 09:36:02,880 [INFO] [OK] USA/GFS_ENSEMBLE_Wheat_Winter_PRCP_DEP/daily dia 09 (2026-09-12 → 2026-09-12) 63176 bytes
2026-09-03 09:36:03,272 [INFO] [OK] USA/GFS_ENSEMBLE_Wheat_Winter_PRCP_DEP/daily dia 11 (2026-09-14 → 2026-09-14) 62247 bytes
2026-09-03 09:36:03,280 [INFO] [OK] USA/GFS_ENSEMBLE_Wheat_Winter_PRCP_DEP/daily dia 12 (2026-09-15 → 2026-09-15) 60600 bytes
2026-09-03 09:36:03,803 [INFO] [OK] USA/GFS_ENSEMBLE_Wheat_Winter_PRCP_DEP/daily dia 13 (2026-09-16 → 2026-09-16) 62735 bytes
2026-09-03 09:36:04,030 [INFO] [OK] USA/GFS_ENSEMBLE_Wheat_Winter_PRCP_DEP/daily dia 14 (2026-09-17 → 2026-09-17) 62012 bytes
2026-09-03 09:36:04,499 [INFO] [OK] USA/GFS_ENSEMBLE_Wheat_Winter_PRCP_DEP/cumulative dia 00 (2026-09-03 → 2026-09-03) 52813 bytes
2026-09-03 09:36:04,609 [INFO] [OK] USA/GFS_ENSEMBLE_Wheat_Winter_PRCP_DEP/cumulative dia 01 (2026-09-03 → 2026-09-04) 55751 bytes
2026-09-03 09:36:05,152 [INFO] [OK] USA/GFS_ENSEMBLE_Wheat_Winter_PRCP_DEP/cumulative dia 02 (2026-09-03 → 2026-09-05) 59247 bytes
2026-09-03 09:36:05,365 [INFO] [OK] USA/GFS_ENSEMBLE_Wheat_Winter_PRCP_DEP/cumulative dia 03 (2026-09-03 → 2026-09-06) 61086 bytes
2026-09-03 09:36:06,161 [INFO] [OK] USA/GFS_ENSEMBLE_Wheat_Winter_PRCP_DEP/cumulative dia 04 (2026-09-03 → 2026-09-07) 60093 bytes
2026-09-03 09:36:06,274 [INFO] [OK] USA/GFS_ENSEMBLE_Wheat_Winter_PRCP_DEP/cumulative dia 05 (2026-09-03 → 2026-09-08) 60418 bytes
2026-09-03 09:36:07,019 [INFO] [OK] USA/GFS_ENSEMBLE_Wheat_Winter_PRCP_DEP/cumulative dia 06 (2026-09-03 → 2026-09-09) 60417 bytes
2026-09-03 09:36:07,240 [INFO] [OK] USA/GFS_ENSEMBLE_Wheat_Winter_PRCP_DEP/cumulative dia 07 (2026-09-03 → 2026-09-10) 60848 bytes
2026-09-03 09:36:07,870 [INFO] [OK] USA/GFS_ENSEMBLE_Wheat_Winter_PRCP_DEP/cumulative dia 08 (2026-09-03 → 2026-09-11) 60781 bytes
2026-09-03 09:36:07,985 [INFO] [OK] USA/GFS_ENSEMBLE_Wheat_Winter_PRCP_DEP/cumulative dia 09 (2026-09-03 → 2026-09-12) 60762 bytes
2026-09-03 09:36:09,106 [INFO] [OK] USA/GFS_ENSEMBLE_Wheat_Winter_PRCP_DEP/cumulative dia 10 (2026-09-03 → 2026-09-13) 60262 bytes
2026-09-03 09:36:09,319 [INFO] [OK] USA/GFS_ENSEMBLE_Wheat_Winter_PRCP_DEP/cumulative dia 11 (2026-09-03 → 2026-09-14) 60507 bytes
2026-09-03 09:36:09,845 [INFO] [OK] USA/GFS_ENSEMBLE_Wheat_Winter_PRCP/daily dia 00 (2026-09-03 → 2026-09-03) 40905 bytes
2026-09-03 09:36:10,102 [INFO] [OK] USA/GFS_ENSEMBLE_Wheat_Winter_PRCP_DEP/cumulative dia 12 (2026-09-03 → 2026-09-15) 60330 bytes
2026-09-03 09:36:10,707 [INFO] [OK] USA/GFS_ENSEMBLE_Wheat_Winter_PRCP_DEP/cumulative dia 13 (2026-09-03 → 2026-09-16) 60363 bytes
2026-09-03 09:36:10,892 [INFO] [OK] USA/GFS_ENSEMBLE_Wheat_Winter_PRCP/daily dia 01 (2026-09-04 → 2026-09-04) 39004 bytes
2026-09-03 09:36:11,137 [INFO] [OK] USA/GFS_ENSEMBLE_Wheat_Winter_PRCP/daily dia 02 (2026-09-05 → 2026-09-05) 39137 bytes
2026-09-03 09:36:11,286 [INFO] [OK] USA/GFS_ENSEMBLE_Wheat_Winter_PRCP_DEP/cumulative dia 14 (2026-09-03 → 2026-09-17) 60459 bytes
2026-09-03 09:36:11,561 [INFO] [OK] USA/GFS_ENSEMBLE_Wheat_Winter_PRCP/daily dia 03 (2026-09-06 → 2026-09-06) 39094 bytes
2026-09-03 09:36:11,827 [INFO] [OK] USA/GFS_ENSEMBLE_Wheat_Winter_PRCP/daily dia 04 (2026-09-07 → 2026-09-07) 37594 bytes
2026-09-03 09:36:12,278 [INFO] [OK] USA/GFS_ENSEMBLE_Wheat_Winter_PRCP/daily dia 05 (2026-09-08 → 2026-09-08) 36423 bytes
2026-09-03 09:36:12,488 [INFO] [OK] USA/GFS_ENSEMBLE_Wheat_Winter_PRCP/daily dia 06 (2026-09-09 → 2026-09-09) 36928 bytes
2026-09-03 09:36:12,706 [INFO] [OK] USA/GFS_ENSEMBLE_Wheat_Winter_PRCP/daily dia 07 (2026-09-10 → 2026-09-10) 37202 bytes
2026-09-03 09:36:13,084 [INFO] [OK] USA/GFS_ENSEMBLE_Wheat_Winter_PRCP/daily dia 08 (2026-09-11 → 2026-09-11) 38373 bytes
2026-09-03 09:36:13,294 [INFO] [OK] USA/GFS_ENSEMBLE_Wheat_Winter_PRCP/daily dia 09 (2026-09-12 → 2026-09-12) 37204 bytes
2026-09-03 09:36:13,522 [INFO] [OK] USA/GFS_ENSEMBLE_Wheat_Winter_PRCP/daily dia 10 (2026-09-13 → 2026-09-13) 37621 bytes
2026-09-03 09:36:13,939 [INFO] [OK] USA/GFS_ENSEMBLE_Wheat_Winter_PRCP/daily dia 11 (2026-09-14 → 2026-09-14) 37323 bytes
2026-09-03 09:36:14,162 [INFO] [OK] USA/GFS_ENSEMBLE_Wheat_Winter_PRCP/daily dia 12 (2026-09-15 → 2026-09-15) 37443 bytes
2026-09-03 09:36:14,343 [INFO] [OK] USA/GFS_ENSEMBLE_Wheat_Winter_PRCP/daily dia 13 (2026-09-16 → 2026-09-16) 37096 bytes
2026-09-03 09:36:14,728 [INFO] [OK] USA/GFS_ENSEMBLE_Wheat_Winter_PRCP/daily dia 14 (2026-09-17 → 2026-09-17) 38213 bytes
2026-09-03 09:36:14,917 [INFO] [OK] USA/GFS_ENSEMBLE_Wheat_Winter_PRCP/cumulative dia 00 (2026-09-03 → 2026-09-03) 40905 bytes
2026-09-03 09:36:15,258 [INFO] [OK] USA/GFS_ENSEMBLE_Wheat_Winter_PRCP/cumulative dia 01 (2026-09-03 → 2026-09-04) 43551 bytes
2026-09-03 09:36:15,778 [INFO] [OK] USA/GFS_ENSEMBLE_Wheat_Winter_PRCP/cumulative dia 02 (2026-09-03 → 2026-09-05) 46189 bytes
2026-09-03 09:36:16,399 [INFO] [OK] USA/GFS_ENSEMBLE_Wheat_Winter_PRCP/cumulative dia 03 (2026-09-03 → 2026-09-06) 48028 bytes
2026-09-03 09:36:16,500 [INFO] [OK] USA/GFS_ENSEMBLE_Wheat_Winter_PRCP/cumulative dia 04 (2026-09-03 → 2026-09-07) 48602 bytes
2026-09-03 09:36:16,996 [INFO] [OK] USA/GFS_ENSEMBLE_Wheat_Winter_PRCP/cumulative dia 05 (2026-09-03 → 2026-09-08) 48892 bytes
2026-09-03 09:36:17,272 [INFO] [OK] USA/GFS_ENSEMBLE_Wheat_Winter_PRCP/cumulative dia 06 (2026-09-03 → 2026-09-09) 49691 bytes
2026-09-03 09:36:17,666 [INFO] [OK] USA/GFS_ENSEMBLE_Wheat_Winter_PRCP/cumulative dia 07 (2026-09-03 → 2026-09-10) 50679 bytes
2026-09-03 09:36:18,325 [INFO] [OK] USA/GFS_ENSEMBLE_Wheat_Winter_PRCP/cumulative dia 08 (2026-09-03 → 2026-09-11) 51156 bytes
2026-09-03 09:36:19,059 [INFO] [OK] USA/GFS_ENSEMBLE_Wheat_Winter_PRCP/cumulative dia 09 (2026-09-03 → 2026-09-12) 51466 bytes
2026-09-03 09:36:19,306 [INFO] [OK] USA/GFS_ENSEMBLE_Wheat_Winter_PRCP/cumulative dia 10 (2026-09-03 → 2026-09-13) 52024 bytes
2026-09-03 09:36:19,985 [INFO] [OK] USA/GFS_ENSEMBLE_Wheat_Winter_PRCP/cumulative dia 11 (2026-09-03 → 2026-09-14) 52000 bytes
2026-09-03 09:36:20,617 [INFO] [OK] USA/GFS_ENSEMBLE_Wheat_Winter_PRCP/cumulative dia 12 (2026-09-03 → 2026-09-15) 52368 bytes
2026-09-03 09:36:20,814 [INFO] [OK] USA/GFS_ENSEMBLE_Wheat_Spring_PRCP_DEP/daily dia 00 (2026-09-03 → 2026-09-03) 49620 bytes
2026-09-03 09:36:21,012 [INFO] [OK] USA/GFS_ENSEMBLE_Wheat_Winter_PRCP/cumulative dia 13 (2026-09-03 → 2026-09-16) 52420 bytes
2026-09-03 09:36:21,231 [INFO] [OK] USA/GFS_ENSEMBLE_Wheat_Spring_PRCP_DEP/daily dia 01 (2026-09-04 → 2026-09-04) 51377 bytes
2026-09-03 09:36:21,642 [INFO] [OK] USA/GFS_ENSEMBLE_Wheat_Winter_PRCP/cumulative dia 14 (2026-09-03 → 2026-09-17) 52382 bytes
2026-09-03 09:36:21,741 [INFO] [OK] USA/GFS_ENSEMBLE_Wheat_Spring_PRCP_DEP/daily dia 02 (2026-09-05 → 2026-09-05) 55280 bytes
2026-09-03 09:36:22,489 [INFO] [OK] USA/GFS_ENSEMBLE_Wheat_Spring_PRCP_DEP/daily dia 04 (2026-09-07 → 2026-09-07) 48909 bytes
2026-09-03 09:36:22,547 [INFO] [OK] USA/GFS_ENSEMBLE_Wheat_Spring_PRCP_DEP/daily dia 03 (2026-09-06 → 2026-09-06) 51159 bytes
2026-09-03 09:36:22,662 [INFO] [OK] USA/GFS_ENSEMBLE_Wheat_Spring_PRCP_DEP/daily dia 05 (2026-09-08 → 2026-09-08) 52661 bytes
2026-09-03 09:36:23,028 [INFO] [OK] USA/GFS_ENSEMBLE_Wheat_Spring_PRCP_DEP/daily dia 06 (2026-09-09 → 2026-09-09) 54739 bytes
2026-09-03 09:36:23,333 [INFO] [OK] USA/GFS_ENSEMBLE_Wheat_Spring_PRCP_DEP/daily dia 07 (2026-09-10 → 2026-09-10) 58384 bytes
2026-09-03 09:36:23,537 [INFO] [OK] USA/GFS_ENSEMBLE_Wheat_Spring_PRCP_DEP/daily dia 08 (2026-09-11 → 2026-09-11) 58620 bytes
2026-09-03 09:36:24,133 [INFO] [OK] USA/GFS_ENSEMBLE_Wheat_Spring_PRCP_DEP/daily dia 09 (2026-09-12 → 2026-09-12) 59936 bytes
2026-09-03 09:36:24,313 [INFO] [OK] USA/GFS_ENSEMBLE_Wheat_Spring_PRCP_DEP/daily dia 10 (2026-09-13 → 2026-09-13) 60268 bytes
2026-09-03 09:36:24,483 [INFO] [OK] USA/GFS_ENSEMBLE_Wheat_Spring_PRCP_DEP/daily dia 11 (2026-09-14 → 2026-09-14) 59248 bytes
2026-09-03 09:36:24,763 [INFO] [OK] USA/GFS_ENSEMBLE_Wheat_Spring_PRCP_DEP/daily dia 12 (2026-09-15 → 2026-09-15) 57064 bytes
2026-09-03 09:36:25,071 [INFO] [OK] USA/GFS_ENSEMBLE_Wheat_Spring_PRCP_DEP/daily dia 13 (2026-09-16 → 2026-09-16) 59449 bytes
2026-09-03 09:36:25,250 [INFO] [OK] USA/GFS_ENSEMBLE_Wheat_Spring_PRCP_DEP/daily dia 14 (2026-09-17 → 2026-09-17) 58664 bytes
2026-09-03 09:36:25,726 [INFO] [OK] USA/GFS_ENSEMBLE_Wheat_Spring_PRCP_DEP/cumulative dia 00 (2026-09-03 → 2026-09-03) 49620 bytes
2026-09-03 09:36:26,046 [INFO] [OK] USA/GFS_ENSEMBLE_Wheat_Spring_PRCP_DEP/cumulative dia 01 (2026-09-03 → 2026-09-04) 52537 bytes
2026-09-03 09:36:26,541 [INFO] [OK] USA/GFS_ENSEMBLE_Wheat_Spring_PRCP_DEP/cumulative dia 02 (2026-09-03 → 2026-09-05) 56154 bytes
2026-09-03 09:36:26,859 [INFO] [OK] USA/GFS_ENSEMBLE_Wheat_Spring_PRCP_DEP/cumulative dia 03 (2026-09-03 → 2026-09-06) 58210 bytes
2026-09-03 09:36:27,206 [INFO] [OK] USA/GFS_ENSEMBLE_Wheat_Spring_PRCP_DEP/cumulative dia 04 (2026-09-03 → 2026-09-07) 56845 bytes
2026-09-03 09:36:27,581 [INFO] [OK] USA/GFS_ENSEMBLE_Wheat_Spring_PRCP_DEP/cumulative dia 05 (2026-09-03 → 2026-09-08) 57314 bytes
2026-09-03 09:36:27,973 [INFO] [OK] USA/GFS_ENSEMBLE_Wheat_Spring_PRCP_DEP/cumulative dia 06 (2026-09-03 → 2026-09-09) 57410 bytes
2026-09-03 09:36:28,405 [INFO] [OK] USA/GFS_ENSEMBLE_Wheat_Spring_PRCP_DEP/cumulative dia 07 (2026-09-03 → 2026-09-10) 57645 bytes
2026-09-03 09:36:29,006 [INFO] [OK] USA/GFS_ENSEMBLE_Wheat_Spring_PRCP_DEP/cumulative dia 08 (2026-09-03 → 2026-09-11) 57551 bytes
2026-09-03 09:36:29,450 [INFO] [OK] USA/GFS_ENSEMBLE_Wheat_Spring_PRCP_DEP/cumulative dia 09 (2026-09-03 → 2026-09-12) 57351 bytes
2026-09-03 09:36:30,091 [INFO] [OK] USA/GFS_ENSEMBLE_Wheat_Spring_PRCP_DEP/cumulative dia 10 (2026-09-03 → 2026-09-13) 56354 bytes
2026-09-03 09:36:30,612 [INFO] [OK] USA/GFS_ENSEMBLE_Wheat_Spring_PRCP_DEP/cumulative dia 11 (2026-09-03 → 2026-09-14) 56890 bytes
2026-09-03 09:36:30,967 [INFO] [OK] USA/GFS_ENSEMBLE_Wheat_Spring_PRCP_DEP/cumulative dia 12 (2026-09-03 → 2026-09-15) 57080 bytes
2026-09-03 09:36:31,087 [INFO] [OK] USA/GFS_ENSEMBLE_Wheat_Spring_PRCP/daily dia 00 (2026-09-03 → 2026-09-03) 37801 bytes
2026-09-03 09:36:31,567 [INFO] [OK] USA/GFS_ENSEMBLE_Wheat_Spring_PRCP_DEP/cumulative dia 13 (2026-09-03 → 2026-09-16) 56787 bytes
2026-09-03 09:36:31,779 [INFO] [OK] USA/GFS_ENSEMBLE_Wheat_Spring_PRCP/daily dia 01 (2026-09-04 → 2026-09-04) 35840 bytes
2026-09-03 09:36:32,236 [INFO] [OK] USA/GFS_ENSEMBLE_Wheat_Spring_PRCP_DEP/cumulative dia 14 (2026-09-03 → 2026-09-17) 57132 bytes
2026-09-03 09:36:32,319 [INFO] [OK] USA/GFS_ENSEMBLE_Wheat_Spring_PRCP/daily dia 02 (2026-09-05 → 2026-09-05) 36071 bytes
2026-09-03 09:36:32,558 [INFO] [OK] USA/GFS_ENSEMBLE_Wheat_Spring_PRCP/daily dia 03 (2026-09-06 → 2026-09-06) 35849 bytes
2026-09-03 09:36:32,628 [INFO] [OK] USA/GFS_ENSEMBLE_Wheat_Spring_PRCP/daily dia 04 (2026-09-07 → 2026-09-07) 34500 bytes
2026-09-03 09:36:33,128 [INFO] [OK] USA/GFS_ENSEMBLE_Wheat_Spring_PRCP/daily dia 05 (2026-09-08 → 2026-09-08) 33381 bytes
2026-09-03 09:36:33,400 [INFO] [OK] USA/GFS_ENSEMBLE_Wheat_Spring_PRCP/daily dia 06 (2026-09-09 → 2026-09-09) 33834 bytes
2026-09-03 09:36:33,942 [INFO] [OK] USA/GFS_ENSEMBLE_Wheat_Spring_PRCP/daily dia 07 (2026-09-10 → 2026-09-10) 34357 bytes
2026-09-03 09:36:33,943 [INFO] [OK] USA/GFS_ENSEMBLE_Wheat_Spring_PRCP/daily dia 08 (2026-09-11 → 2026-09-11) 35815 bytes
2026-09-03 09:36:34,233 [INFO] [OK] USA/GFS_ENSEMBLE_Wheat_Spring_PRCP/daily dia 09 (2026-09-12 → 2026-09-12) 34395 bytes
2026-09-03 09:36:34,277 [INFO] [OK] USA/GFS_ENSEMBLE_Wheat_Spring_PRCP/daily dia 10 (2026-09-13 → 2026-09-13) 34638 bytes
2026-09-03 09:36:34,655 [INFO] [OK] USA/GFS_ENSEMBLE_Wheat_Spring_PRCP/daily dia 11 (2026-09-14 → 2026-09-14) 34290 bytes
2026-09-03 09:36:34,966 [INFO] [OK] USA/GFS_ENSEMBLE_Wheat_Spring_PRCP/daily dia 12 (2026-09-15 → 2026-09-15) 34539 bytes
2026-09-03 09:36:35,617 [INFO] [OK] USA/GFS_ENSEMBLE_Wheat_Spring_PRCP/daily dia 13 (2026-09-16 → 2026-09-16) 34108 bytes
2026-09-03 09:36:35,623 [INFO] [OK] USA/GFS_ENSEMBLE_Wheat_Spring_PRCP/daily dia 14 (2026-09-17 → 2026-09-17) 35323 bytes
2026-09-03 09:36:35,776 [INFO] [OK] USA/GFS_ENSEMBLE_Wheat_Spring_PRCP/cumulative dia 00 (2026-09-03 → 2026-09-03) 37801 bytes
2026-09-03 09:36:35,988 [INFO] [OK] USA/GFS_ENSEMBLE_Wheat_Spring_PRCP/cumulative dia 01 (2026-09-03 → 2026-09-04) 40029 bytes
2026-09-03 09:36:36,466 [INFO] [OK] USA/GFS_ENSEMBLE_Wheat_Spring_PRCP/cumulative dia 02 (2026-09-03 → 2026-09-05) 42740 bytes
2026-09-03 09:36:36,806 [INFO] [OK] USA/GFS_ENSEMBLE_Wheat_Spring_PRCP/cumulative dia 03 (2026-09-03 → 2026-09-06) 44660 bytes
2026-09-03 09:36:37,694 [INFO] [OK] USA/GFS_ENSEMBLE_Wheat_Spring_PRCP/cumulative dia 04 (2026-09-03 → 2026-09-07) 45032 bytes
2026-09-03 09:36:37,780 [INFO] [OK] USA/GFS_ENSEMBLE_Wheat_Spring_PRCP/cumulative dia 05 (2026-09-03 → 2026-09-08) 45323 bytes
2026-09-03 09:36:38,026 [INFO] [OK] USA/GFS_ENSEMBLE_Wheat_Spring_PRCP/cumulative dia 06 (2026-09-03 → 2026-09-09) 46190 bytes
2026-09-03 09:36:38,335 [INFO] [OK] USA/GFS_ENSEMBLE_Wheat_Spring_PRCP/cumulative dia 07 (2026-09-03 → 2026-09-10) 47071 bytes
2026-09-03 09:36:38,887 [INFO] [OK] USA/GFS_ENSEMBLE_Wheat_Spring_PRCP/cumulative dia 08 (2026-09-03 → 2026-09-11) 47510 bytes
2026-09-03 09:36:39,397 [INFO] [OK] USA/GFS_ENSEMBLE_Wheat_Spring_PRCP/cumulative dia 09 (2026-09-03 → 2026-09-12) 47779 bytes
2026-09-03 09:36:40,475 [INFO] [OK] USA/GFS_ENSEMBLE_Wheat_Spring_PRCP/cumulative dia 10 (2026-09-03 → 2026-09-13) 48358 bytes
2026-09-03 09:36:40,714 [INFO] [OK] USA/GFS_ENSEMBLE_Wheat_Spring_PRCP/cumulative dia 11 (2026-09-03 → 2026-09-14) 48353 bytes
2026-09-03 09:36:41,132 [INFO] [OK] USA/GFS_ENSEMBLE_Wheat_Spring_PRCP/cumulative dia 12 (2026-09-03 → 2026-09-15) 48827 bytes
2026-09-03 09:36:41,328 [INFO] [OK] USA/ECM_ENSEMBLE_Corn_PRCP_DEP/daily dia 00 (2026-09-03 → 2026-09-03) 54084 bytes
2026-09-03 09:36:42,054 [INFO] [OK] USA/GFS_ENSEMBLE_Wheat_Spring_PRCP/cumulative dia 13 (2026-09-03 → 2026-09-16) 48717 bytes
2026-09-03 09:36:42,285 [INFO] [OK] USA/GFS_ENSEMBLE_Wheat_Spring_PRCP/cumulative dia 14 (2026-09-03 → 2026-09-17) 48635 bytes
2026-09-03 09:36:42,488 [INFO] [OK] USA/ECM_ENSEMBLE_Corn_PRCP_DEP/daily dia 01 (2026-09-04 → 2026-09-04) 54835 bytes
2026-09-03 09:36:42,589 [INFO] [OK] USA/ECM_ENSEMBLE_Corn_PRCP_DEP/daily dia 02 (2026-09-05 → 2026-09-05) 58558 bytes
2026-09-03 09:36:43,036 [INFO] [OK] USA/ECM_ENSEMBLE_Corn_PRCP_DEP/daily dia 03 (2026-09-06 → 2026-09-06) 55827 bytes
2026-09-03 09:36:43,212 [INFO] [OK] USA/ECM_ENSEMBLE_Corn_PRCP_DEP/daily dia 04 (2026-09-07 → 2026-09-07) 53467 bytes
2026-09-03 09:36:44,018 [INFO] [OK] USA/ECM_ENSEMBLE_Corn_PRCP_DEP/daily dia 05 (2026-09-08 → 2026-09-08) 53302 bytes
2026-09-03 09:36:44,589 [INFO] [OK] USA/ECM_ENSEMBLE_Corn_PRCP_DEP/daily dia 07 (2026-09-10 → 2026-09-10) 58622 bytes
2026-09-03 09:36:44,669 [INFO] [OK] USA/ECM_ENSEMBLE_Corn_PRCP_DEP/daily dia 06 (2026-09-09 → 2026-09-09) 55061 bytes
2026-09-03 09:36:44,723 [INFO] [OK] USA/ECM_ENSEMBLE_Corn_PRCP_DEP/daily dia 08 (2026-09-11 → 2026-09-11) 58408 bytes
2026-09-03 09:36:45,053 [INFO] [OK] USA/ECM_ENSEMBLE_Corn_PRCP_DEP/daily dia 09 (2026-09-12 → 2026-09-12) 58589 bytes
2026-09-03 09:36:45,146 [INFO] [OK] USA/ECM_ENSEMBLE_Corn_PRCP_DEP/daily dia 10 (2026-09-13 → 2026-09-13) 60884 bytes
2026-09-03 09:36:45,704 [INFO] [OK] USA/ECM_ENSEMBLE_Corn_PRCP_DEP/daily dia 11 (2026-09-14 → 2026-09-14) 61069 bytes
2026-09-03 09:36:46,423 [INFO] [OK] USA/ECM_ENSEMBLE_Corn_PRCP_DEP/daily dia 12 (2026-09-15 → 2026-09-15) 58663 bytes
2026-09-03 09:36:46,450 [INFO] [OK] USA/ECM_ENSEMBLE_Corn_PRCP_DEP/daily dia 13 (2026-09-16 → 2026-09-16) 59434 bytes
2026-09-03 09:36:46,456 [INFO] [OK] USA/ECM_ENSEMBLE_Corn_PRCP_DEP/daily dia 14 (2026-09-17 → 2026-09-17) 58877 bytes
2026-09-03 09:36:46,916 [INFO] [OK] USA/ECM_ENSEMBLE_Corn_PRCP_DEP/cumulative dia 00 (2026-09-03 → 2026-09-03) 54084 bytes
2026-09-03 09:36:46,985 [INFO] [OK] USA/ECM_ENSEMBLE_Corn_PRCP_DEP/cumulative dia 01 (2026-09-03 → 2026-09-04) 56487 bytes
2026-09-03 09:36:47,534 [INFO] [OK] USA/ECM_ENSEMBLE_Corn_PRCP_DEP/cumulative dia 02 (2026-09-03 → 2026-09-05) 58583 bytes
2026-09-03 09:36:48,751 [INFO] [OK] USA/ECM_ENSEMBLE_Corn_PRCP_DEP/cumulative dia 03 (2026-09-03 → 2026-09-06) 60850 bytes
2026-09-03 09:36:48,841 [INFO] [OK] USA/ECM_ENSEMBLE_Corn_PRCP_DEP/cumulative dia 04 (2026-09-03 → 2026-09-07) 60154 bytes
2026-09-03 09:36:49,262 [INFO] [OK] USA/ECM_ENSEMBLE_Corn_PRCP_DEP/cumulative dia 05 (2026-09-03 → 2026-09-08) 59408 bytes
2026-09-03 09:36:49,600 [INFO] [OK] USA/ECM_ENSEMBLE_Corn_PRCP_DEP/cumulative dia 06 (2026-09-03 → 2026-09-09) 59439 bytes
2026-09-03 09:36:49,686 [INFO] [OK] USA/ECM_ENSEMBLE_Corn_PRCP_DEP/cumulative dia 07 (2026-09-03 → 2026-09-10) 59818 bytes
2026-09-03 09:36:50,181 [INFO] [OK] USA/ECM_ENSEMBLE_Corn_PRCP_DEP/cumulative dia 08 (2026-09-03 → 2026-09-11) 59542 bytes
2026-09-03 09:36:51,550 [INFO] [OK] USA/ECM_ENSEMBLE_Corn_PRCP_DEP/cumulative dia 09 (2026-09-03 → 2026-09-12) 59344 bytes
2026-09-03 09:36:51,858 [INFO] [OK] USA/ECM_ENSEMBLE_Corn_PRCP_DEP/cumulative dia 10 (2026-09-03 → 2026-09-13) 59144 bytes
2026-09-03 09:36:52,300 [INFO] [OK] USA/ECM_ENSEMBLE_Corn_PRCP_DEP/cumulative dia 11 (2026-09-03 → 2026-09-14) 58905 bytes
2026-09-03 09:36:52,664 [INFO] [OK] USA/ECM_ENSEMBLE_Corn_PRCP_DEP/cumulative dia 12 (2026-09-03 → 2026-09-15) 58502 bytes
2026-09-03 09:36:52,974 [INFO] [OK] USA/ECM_ENSEMBLE_Corn_PRCP_DEP/cumulative dia 13 (2026-09-03 → 2026-09-16) 58800 bytes
2026-09-03 09:36:53,206 [INFO] [OK] USA/ECM_ENSEMBLE_Corn_PRCP/daily dia 00 (2026-09-03 → 2026-09-03) 39093 bytes
2026-09-03 09:36:53,590 [INFO] [OK] USA/ECM_ENSEMBLE_Corn_PRCP/daily dia 01 (2026-09-04 → 2026-09-04) 38323 bytes
2026-09-03 09:36:53,827 [INFO] [OK] USA/ECM_ENSEMBLE_Corn_PRCP_DEP/cumulative dia 14 (2026-09-03 → 2026-09-17) 58712 bytes
2026-09-03 09:36:54,058 [INFO] [OK] USA/ECM_ENSEMBLE_Corn_PRCP/daily dia 02 (2026-09-05 → 2026-09-05) 37919 bytes
2026-09-03 09:36:54,244 [INFO] [OK] USA/ECM_ENSEMBLE_Corn_PRCP/daily dia 03 (2026-09-06 → 2026-09-06) 38019 bytes
2026-09-03 09:36:54,626 [INFO] [OK] USA/ECM_ENSEMBLE_Corn_PRCP/daily dia 04 (2026-09-07 → 2026-09-07) 37826 bytes
2026-09-03 09:36:54,842 [INFO] [OK] USA/ECM_ENSEMBLE_Corn_PRCP/daily dia 05 (2026-09-08 → 2026-09-08) 35658 bytes
2026-09-03 09:36:55,137 [INFO] [OK] USA/ECM_ENSEMBLE_Corn_PRCP/daily dia 06 (2026-09-09 → 2026-09-09) 34662 bytes
2026-09-03 09:36:55,403 [INFO] [OK] USA/ECM_ENSEMBLE_Corn_PRCP/daily dia 07 (2026-09-10 → 2026-09-10) 35105 bytes
2026-09-03 09:36:55,680 [INFO] [OK] USA/ECM_ENSEMBLE_Corn_PRCP/daily dia 08 (2026-09-11 → 2026-09-11) 36752 bytes
2026-09-03 09:36:55,810 [INFO] [OK] USA/ECM_ENSEMBLE_Corn_PRCP/daily dia 09 (2026-09-12 → 2026-09-12) 36386 bytes
2026-09-03 09:36:56,186 [INFO] [OK] USA/ECM_ENSEMBLE_Corn_PRCP/daily dia 10 (2026-09-13 → 2026-09-13) 37514 bytes
2026-09-03 09:36:56,455 [INFO] [OK] USA/ECM_ENSEMBLE_Corn_PRCP/daily dia 11 (2026-09-14 → 2026-09-14) 36123 bytes
2026-09-03 09:36:56,840 [INFO] [OK] USA/ECM_ENSEMBLE_Corn_PRCP/daily dia 12 (2026-09-15 → 2026-09-15) 36555 bytes
2026-09-03 09:36:57,067 [INFO] [OK] USA/ECM_ENSEMBLE_Corn_PRCP/daily dia 13 (2026-09-16 → 2026-09-16) 35850 bytes
2026-09-03 09:36:57,326 [INFO] [OK] USA/ECM_ENSEMBLE_Corn_PRCP/daily dia 14 (2026-09-17 → 2026-09-17) 34685 bytes
2026-09-03 09:36:57,435 [INFO] [OK] USA/ECM_ENSEMBLE_Corn_PRCP/cumulative dia 00 (2026-09-03 → 2026-09-03) 39093 bytes
2026-09-03 09:36:57,841 [INFO] [OK] USA/ECM_ENSEMBLE_Corn_PRCP/cumulative dia 01 (2026-09-03 → 2026-09-04) 42151 bytes
2026-09-03 09:36:58,326 [INFO] [OK] USA/ECM_ENSEMBLE_Corn_PRCP/cumulative dia 02 (2026-09-03 → 2026-09-05) 44328 bytes
2026-09-03 09:36:58,733 [INFO] [OK] USA/ECM_ENSEMBLE_Corn_PRCP/cumulative dia 03 (2026-09-03 → 2026-09-06) 46274 bytes
2026-09-03 09:36:59,064 [INFO] [OK] USA/ECM_ENSEMBLE_Corn_PRCP/cumulative dia 04 (2026-09-03 → 2026-09-07) 47703 bytes
2026-09-03 09:36:59,410 [INFO] [OK] USA/ECM_ENSEMBLE_Corn_PRCP/cumulative dia 05 (2026-09-03 → 2026-09-08) 48583 bytes
2026-09-03 09:36:59,826 [INFO] [OK] USA/ECM_ENSEMBLE_Corn_PRCP/cumulative dia 06 (2026-09-03 → 2026-09-09) 49180 bytes
2026-09-03 09:37:00,222 [INFO] [OK] USA/ECM_ENSEMBLE_Corn_PRCP/cumulative dia 07 (2026-09-03 → 2026-09-10) 49514 bytes
2026-09-03 09:37:00,836 [INFO] [OK] USA/ECM_ENSEMBLE_Corn_PRCP/cumulative dia 08 (2026-09-03 → 2026-09-11) 49549 bytes
2026-09-03 09:37:01,267 [INFO] [OK] USA/ECM_ENSEMBLE_Corn_PRCP/cumulative dia 09 (2026-09-03 → 2026-09-12) 49751 bytes
2026-09-03 09:37:01,905 [INFO] [OK] USA/ECM_ENSEMBLE_Corn_PRCP/cumulative dia 10 (2026-09-03 → 2026-09-13) 50142 bytes
2026-09-03 09:37:02,508 [INFO] [OK] USA/ECM_ENSEMBLE_Corn_PRCP/cumulative dia 11 (2026-09-03 → 2026-09-14) 50264 bytes
2026-09-03 09:37:02,791 [INFO] [OK] USA/ECM_ENSEMBLE_Corn_PRCP/cumulative dia 12 (2026-09-03 → 2026-09-15) 50801 bytes
2026-09-03 09:37:02,983 [INFO] [OK] USA/ECM_ENSEMBLE_Soy_PRCP_DEP/daily dia 00 (2026-09-03 → 2026-09-03) 53858 bytes
2026-09-03 09:37:03,196 [INFO] [OK] USA/ECM_ENSEMBLE_Corn_PRCP/cumulative dia 13 (2026-09-03 → 2026-09-16) 51847 bytes
2026-09-03 09:37:03,576 [INFO] [OK] USA/ECM_ENSEMBLE_Soy_PRCP_DEP/daily dia 01 (2026-09-04 → 2026-09-04) 54541 bytes
2026-09-03 09:37:03,793 [INFO] [OK] USA/ECM_ENSEMBLE_Corn_PRCP/cumulative dia 14 (2026-09-03 → 2026-09-17) 51726 bytes
2026-09-03 09:37:04,150 [INFO] [OK] USA/ECM_ENSEMBLE_Soy_PRCP_DEP/daily dia 02 (2026-09-05 → 2026-09-05) 58227 bytes
2026-09-03 09:37:04,420 [INFO] [OK] USA/ECM_ENSEMBLE_Soy_PRCP_DEP/daily dia 03 (2026-09-06 → 2026-09-06) 55552 bytes
2026-09-03 09:37:04,663 [INFO] [OK] USA/ECM_ENSEMBLE_Soy_PRCP_DEP/daily dia 04 (2026-09-07 → 2026-09-07) 52956 bytes
2026-09-03 09:37:04,872 [INFO] [OK] USA/ECM_ENSEMBLE_Soy_PRCP_DEP/daily dia 05 (2026-09-08 → 2026-09-08) 52888 bytes
2026-09-03 09:37:05,200 [INFO] [OK] USA/ECM_ENSEMBLE_Soy_PRCP_DEP/daily dia 06 (2026-09-09 → 2026-09-09) 54562 bytes
2026-09-03 09:37:05,382 [INFO] [OK] USA/ECM_ENSEMBLE_Soy_PRCP_DEP/daily dia 07 (2026-09-10 → 2026-09-10) 58464 bytes
2026-09-03 09:37:05,862 [INFO] [OK] USA/ECM_ENSEMBLE_Soy_PRCP_DEP/daily dia 08 (2026-09-11 → 2026-09-11) 58154 bytes
2026-09-03 09:37:06,107 [INFO] [OK] USA/ECM_ENSEMBLE_Soy_PRCP_DEP/daily dia 09 (2026-09-12 → 2026-09-12) 58469 bytes
2026-09-03 09:37:06,298 [INFO] [OK] USA/ECM_ENSEMBLE_Soy_PRCP_DEP/daily dia 10 (2026-09-13 → 2026-09-13) 60709 bytes
2026-09-03 09:37:06,504 [INFO] [OK] USA/ECM_ENSEMBLE_Soy_PRCP_DEP/daily dia 11 (2026-09-14 → 2026-09-14) 60865 bytes
2026-09-03 09:37:06,954 [INFO] [OK] USA/ECM_ENSEMBLE_Soy_PRCP_DEP/daily dia 12 (2026-09-15 → 2026-09-15) 58399 bytes
2026-09-03 09:37:07,035 [INFO] [OK] USA/ECM_ENSEMBLE_Soy_PRCP_DEP/daily dia 13 (2026-09-16 → 2026-09-16) 59153 bytes
2026-09-03 09:37:07,589 [INFO] [OK] USA/ECM_ENSEMBLE_Soy_PRCP_DEP/daily dia 14 (2026-09-17 → 2026-09-17) 58437 bytes
2026-09-03 09:37:07,811 [INFO] [OK] USA/ECM_ENSEMBLE_Soy_PRCP_DEP/cumulative dia 00 (2026-09-03 → 2026-09-03) 53858 bytes
2026-09-03 09:37:08,034 [INFO] [OK] USA/ECM_ENSEMBLE_Soy_PRCP_DEP/cumulative dia 01 (2026-09-03 → 2026-09-04) 56371 bytes
2026-09-03 09:37:08,407 [INFO] [OK] USA/ECM_ENSEMBLE_Soy_PRCP_DEP/cumulative dia 02 (2026-09-03 → 2026-09-05) 58280 bytes
2026-09-03 09:37:08,983 [INFO] [OK] USA/ECM_ENSEMBLE_Soy_PRCP_DEP/cumulative dia 03 (2026-09-03 → 2026-09-06) 60568 bytes
2026-09-03 09:37:09,048 [INFO] [OK] USA/ECM_ENSEMBLE_Soy_PRCP_DEP/cumulative dia 04 (2026-09-03 → 2026-09-07) 60076 bytes
2026-09-03 09:37:09,760 [INFO] [OK] USA/ECM_ENSEMBLE_Soy_PRCP_DEP/cumulative dia 05 (2026-09-03 → 2026-09-08) 59083 bytes
2026-09-03 09:37:10,052 [INFO] [OK] USA/ECM_ENSEMBLE_Soy_PRCP_DEP/cumulative dia 06 (2026-09-03 → 2026-09-09) 59253 bytes
2026-09-03 09:37:10,427 [INFO] [OK] USA/ECM_ENSEMBLE_Soy_PRCP_DEP/cumulative dia 07 (2026-09-03 → 2026-09-10) 59592 bytes
2026-09-03 09:37:10,895 [INFO] [OK] USA/ECM_ENSEMBLE_Soy_PRCP_DEP/cumulative dia 08 (2026-09-03 → 2026-09-11) 59279 bytes
2026-09-03 09:37:11,442 [INFO] [OK] USA/ECM_ENSEMBLE_Soy_PRCP_DEP/cumulative dia 09 (2026-09-03 → 2026-09-12) 59140 bytes
2026-09-03 09:37:11,717 [INFO] [OK] USA/ECM_ENSEMBLE_Soy_PRCP_DEP/cumulative dia 10 (2026-09-03 → 2026-09-13) 58855 bytes
2026-09-03 09:37:12,547 [INFO] [OK] USA/ECM_ENSEMBLE_Soy_PRCP_DEP/cumulative dia 11 (2026-09-03 → 2026-09-14) 58708 bytes
2026-09-03 09:37:12,844 [INFO] [OK] USA/ECM_ENSEMBLE_Soy_PRCP_DEP/cumulative dia 12 (2026-09-03 → 2026-09-15) 58199 bytes
2026-09-03 09:37:13,029 [INFO] [OK] USA/ECM_ENSEMBLE_Soy_PRCP/daily dia 00 (2026-09-03 → 2026-09-03) 38639 bytes
2026-09-03 09:37:13,256 [INFO] [OK] USA/ECM_ENSEMBLE_Soy_PRCP/daily dia 01 (2026-09-04 → 2026-09-04) 37915 bytes
2026-09-03 09:37:13,263 [INFO] [OK] USA/ECM_ENSEMBLE_Soy_PRCP_DEP/cumulative dia 13 (2026-09-03 → 2026-09-16) 58569 bytes
2026-09-03 09:37:13,835 [INFO] [OK] USA/ECM_ENSEMBLE_Soy_PRCP_DEP/cumulative dia 14 (2026-09-03 → 2026-09-17) 58383 bytes
2026-09-03 09:37:14,102 [INFO] [OK] USA/ECM_ENSEMBLE_Soy_PRCP/daily dia 02 (2026-09-05 → 2026-09-05) 37529 bytes
2026-09-03 09:37:14,445 [INFO] [OK] USA/ECM_ENSEMBLE_Soy_PRCP/daily dia 03 (2026-09-06 → 2026-09-06) 37654 bytes
2026-09-03 09:37:14,593 [INFO] [OK] USA/ECM_ENSEMBLE_Soy_PRCP/daily dia 04 (2026-09-07 → 2026-09-07) 37388 bytes
2026-09-03 09:37:14,794 [INFO] [OK] USA/ECM_ENSEMBLE_Soy_PRCP/daily dia 06 (2026-09-09 → 2026-09-09) 34148 bytes
2026-09-03 09:37:14,806 [INFO] [OK] USA/ECM_ENSEMBLE_Soy_PRCP/daily dia 05 (2026-09-08 → 2026-09-08) 35141 bytes
2026-09-03 09:37:15,359 [INFO] [OK] USA/ECM_ENSEMBLE_Soy_PRCP/daily dia 07 (2026-09-10 → 2026-09-10) 34718 bytes
2026-09-03 09:37:15,601 [INFO] [OK] USA/ECM_ENSEMBLE_Soy_PRCP/daily dia 08 (2026-09-11 → 2026-09-11) 36409 bytes
2026-09-03 09:37:16,082 [INFO] [OK] USA/ECM_ENSEMBLE_Soy_PRCP/daily dia 09 (2026-09-12 → 2026-09-12) 36028 bytes
2026-09-03 09:37:16,145 [INFO] [OK] USA/ECM_ENSEMBLE_Soy_PRCP/daily dia 10 (2026-09-13 → 2026-09-13) 37115 bytes
2026-09-03 09:37:16,346 [INFO] [OK] USA/ECM_ENSEMBLE_Soy_PRCP/daily dia 11 (2026-09-14 → 2026-09-14) 35701 bytes
2026-09-03 09:37:16,383 [INFO] [OK] USA/ECM_ENSEMBLE_Soy_PRCP/daily dia 12 (2026-09-15 → 2026-09-15) 36217 bytes
2026-09-03 09:37:16,901 [INFO] [OK] USA/ECM_ENSEMBLE_Soy_PRCP/daily dia 13 (2026-09-16 → 2026-09-16) 35468 bytes
2026-09-03 09:37:17,148 [INFO] [OK] USA/ECM_ENSEMBLE_Soy_PRCP/daily dia 14 (2026-09-17 → 2026-09-17) 34152 bytes
2026-09-03 09:37:17,643 [INFO] [OK] USA/ECM_ENSEMBLE_Soy_PRCP/cumulative dia 00 (2026-09-03 → 2026-09-03) 38639 bytes
2026-09-03 09:37:17,855 [INFO] [OK] USA/ECM_ENSEMBLE_Soy_PRCP/cumulative dia 01 (2026-09-03 → 2026-09-04) 41897 bytes
2026-09-03 09:37:18,155 [INFO] [OK] USA/ECM_ENSEMBLE_Soy_PRCP/cumulative dia 02 (2026-09-03 → 2026-09-05) 44157 bytes
2026-09-03 09:37:18,285 [INFO] [OK] USA/ECM_ENSEMBLE_Soy_PRCP/cumulative dia 03 (2026-09-03 → 2026-09-06) 46027 bytes
2026-09-03 09:37:18,892 [INFO] [OK] USA/ECM_ENSEMBLE_Soy_PRCP/cumulative dia 04 (2026-09-03 → 2026-09-07) 47539 bytes
2026-09-03 09:37:19,238 [INFO] [OK] USA/ECM_ENSEMBLE_Soy_PRCP/cumulative dia 05 (2026-09-03 → 2026-09-08) 48413 bytes
2026-09-03 09:37:19,834 [INFO] [OK] USA/ECM_ENSEMBLE_Soy_PRCP/cumulative dia 06 (2026-09-03 → 2026-09-09) 49051 bytes
2026-09-03 09:37:20,108 [INFO] [OK] USA/ECM_ENSEMBLE_Soy_PRCP/cumulative dia 07 (2026-09-03 → 2026-09-10) 49152 bytes
2026-09-03 09:37:20,565 [INFO] [OK] USA/ECM_ENSEMBLE_Soy_PRCP/cumulative dia 08 (2026-09-03 → 2026-09-11) 49454 bytes
2026-09-03 09:37:20,796 [INFO] [OK] USA/ECM_ENSEMBLE_Soy_PRCP/cumulative dia 09 (2026-09-03 → 2026-09-12) 49657 bytes
2026-09-03 09:37:21,468 [INFO] [OK] USA/ECM_ENSEMBLE_Soy_PRCP/cumulative dia 10 (2026-09-03 → 2026-09-13) 49717 bytes
2026-09-03 09:37:22,005 [INFO] [OK] USA/ECM_ENSEMBLE_Soy_PRCP/cumulative dia 11 (2026-09-03 → 2026-09-14) 49963 bytes
2026-09-03 09:37:22,502 [INFO] [OK] USA/ECM_ENSEMBLE_Wheat_Winter_PRCP_DEP/daily dia 00 (2026-09-03 → 2026-09-03) 55507 bytes
2026-09-03 09:37:22,690 [INFO] [OK] USA/ECM_ENSEMBLE_Soy_PRCP/cumulative dia 12 (2026-09-03 → 2026-09-15) 50389 bytes
2026-09-03 09:37:23,160 [INFO] [OK] USA/ECM_ENSEMBLE_Wheat_Winter_PRCP_DEP/daily dia 01 (2026-09-04 → 2026-09-04) 56274 bytes
2026-09-03 09:37:23,258 [INFO] [OK] USA/ECM_ENSEMBLE_Soy_PRCP/cumulative dia 13 (2026-09-03 → 2026-09-16) 51402 bytes
2026-09-03 09:37:23,529 [INFO] [OK] USA/ECM_ENSEMBLE_Soy_PRCP/cumulative dia 14 (2026-09-03 → 2026-09-17) 51265 bytes
2026-09-03 09:37:24,060 [INFO] [OK] USA/ECM_ENSEMBLE_Wheat_Winter_PRCP_DEP/daily dia 02 (2026-09-05 → 2026-09-05) 59400 bytes
2026-09-03 09:37:24,104 [INFO] [OK] USA/ECM_ENSEMBLE_Wheat_Winter_PRCP_DEP/daily dia 03 (2026-09-06 → 2026-09-06) 56910 bytes
2026-09-03 09:37:24,333 [INFO] [OK] USA/ECM_ENSEMBLE_Wheat_Winter_PRCP_DEP/daily dia 04 (2026-09-07 → 2026-09-07) 54613 bytes
2026-09-03 09:37:24,870 [INFO] [OK] USA/ECM_ENSEMBLE_Wheat_Winter_PRCP_DEP/daily dia 05 (2026-09-08 → 2026-09-08) 54597 bytes
2026-09-03 09:37:24,928 [INFO] [OK] USA/ECM_ENSEMBLE_Wheat_Winter_PRCP_DEP/daily dia 06 (2026-09-09 → 2026-09-09) 56161 bytes
2026-09-03 09:37:25,165 [INFO] [OK] USA/ECM_ENSEMBLE_Wheat_Winter_PRCP_DEP/daily dia 07 (2026-09-10 → 2026-09-10) 59957 bytes
2026-09-03 09:37:25,966 [INFO] [OK] USA/ECM_ENSEMBLE_Wheat_Winter_PRCP_DEP/daily dia 08 (2026-09-11 → 2026-09-11) 59701 bytes
2026-09-03 09:37:26,003 [INFO] [OK] USA/ECM_ENSEMBLE_Wheat_Winter_PRCP_DEP/daily dia 09 (2026-09-12 → 2026-09-12) 60433 bytes
2026-09-03 09:37:26,119 [INFO] [OK] USA/ECM_ENSEMBLE_Wheat_Winter_PRCP_DEP/daily dia 10 (2026-09-13 → 2026-09-13) 62139 bytes
2026-09-03 09:37:26,555 [INFO] [OK] USA/ECM_ENSEMBLE_Wheat_Winter_PRCP_DEP/daily dia 12 (2026-09-15 → 2026-09-15) 59938 bytes
2026-09-03 09:37:26,663 [INFO] [OK] USA/ECM_ENSEMBLE_Wheat_Winter_PRCP_DEP/daily dia 11 (2026-09-14 → 2026-09-14) 62526 bytes
2026-09-03 09:37:27,264 [INFO] [OK] USA/ECM_ENSEMBLE_Wheat_Winter_PRCP_DEP/daily dia 13 (2026-09-16 → 2026-09-16) 60954 bytes
2026-09-03 09:37:27,640 [INFO] [OK] USA/ECM_ENSEMBLE_Wheat_Winter_PRCP_DEP/cumulative dia 00 (2026-09-03 → 2026-09-03) 55507 bytes
2026-09-03 09:37:27,662 [INFO] [OK] USA/ECM_ENSEMBLE_Wheat_Winter_PRCP_DEP/daily dia 14 (2026-09-17 → 2026-09-17) 60095 bytes
2026-09-03 09:37:27,853 [INFO] [OK] USA/ECM_ENSEMBLE_Wheat_Winter_PRCP_DEP/cumulative dia 01 (2026-09-03 → 2026-09-04) 57639 bytes
2026-09-03 09:37:28,406 [INFO] [OK] USA/ECM_ENSEMBLE_Wheat_Winter_PRCP_DEP/cumulative dia 02 (2026-09-03 → 2026-09-05) 59499 bytes
2026-09-03 09:37:28,674 [INFO] [OK] USA/ECM_ENSEMBLE_Wheat_Winter_PRCP_DEP/cumulative dia 03 (2026-09-03 → 2026-09-06) 62044 bytes
2026-09-03 09:37:29,315 [INFO] [OK] USA/ECM_ENSEMBLE_Wheat_Winter_PRCP_DEP/cumulative dia 04 (2026-09-03 → 2026-09-07) 61142 bytes
2026-09-03 09:37:29,809 [INFO] [OK] USA/ECM_ENSEMBLE_Wheat_Winter_PRCP_DEP/cumulative dia 05 (2026-09-03 → 2026-09-08) 60400 bytes
2026-09-03 09:37:29,894 [INFO] [OK] USA/ECM_ENSEMBLE_Wheat_Winter_PRCP_DEP/cumulative dia 06 (2026-09-03 → 2026-09-09) 60414 bytes
2026-09-03 09:37:30,264 [INFO] [OK] USA/ECM_ENSEMBLE_Wheat_Winter_PRCP_DEP/cumulative dia 07 (2026-09-03 → 2026-09-10) 60599 bytes
2026-09-03 09:37:30,871 [INFO] [OK] USA/ECM_ENSEMBLE_Wheat_Winter_PRCP_DEP/cumulative dia 08 (2026-09-03 → 2026-09-11) 60503 bytes
2026-09-03 09:37:31,230 [INFO] [OK] USA/ECM_ENSEMBLE_Wheat_Winter_PRCP_DEP/cumulative dia 09 (2026-09-03 → 2026-09-12) 60435 bytes
2026-09-03 09:37:31,964 [INFO] [OK] USA/ECM_ENSEMBLE_Wheat_Winter_PRCP_DEP/cumulative dia 10 (2026-09-03 → 2026-09-13) 60236 bytes
2026-09-03 09:37:32,974 [INFO] [OK] USA/ECM_ENSEMBLE_Wheat_Winter_PRCP_DEP/cumulative dia 11 (2026-09-03 → 2026-09-14) 60057 bytes
2026-09-03 09:37:32,976 [INFO] [OK] USA/ECM_ENSEMBLE_Wheat_Winter_PRCP/daily dia 00 (2026-09-03 → 2026-09-03) 40062 bytes
2026-09-03 09:37:32,993 [INFO] [OK] USA/ECM_ENSEMBLE_Wheat_Winter_PRCP_DEP/cumulative dia 12 (2026-09-03 → 2026-09-15) 59810 bytes
2026-09-03 09:37:33,216 [INFO] [OK] USA/ECM_ENSEMBLE_Wheat_Winter_PRCP_DEP/cumulative dia 13 (2026-09-03 → 2026-09-16) 60200 bytes
2026-09-03 09:37:33,734 [INFO] [OK] USA/ECM_ENSEMBLE_Wheat_Winter_PRCP/daily dia 01 (2026-09-04 → 2026-09-04) 39595 bytes
2026-09-03 09:37:33,916 [INFO] [OK] USA/ECM_ENSEMBLE_Wheat_Winter_PRCP_DEP/cumulative dia 14 (2026-09-03 → 2026-09-17) 59967 bytes
2026-09-03 09:37:34,861 [INFO] [OK] USA/ECM_ENSEMBLE_Wheat_Winter_PRCP/daily dia 02 (2026-09-05 → 2026-09-05) 38994 bytes
2026-09-03 09:37:34,891 [INFO] [OK] USA/ECM_ENSEMBLE_Wheat_Winter_PRCP/daily dia 04 (2026-09-07 → 2026-09-07) 38919 bytes
2026-09-03 09:37:35,012 [INFO] [OK] USA/ECM_ENSEMBLE_Wheat_Winter_PRCP/daily dia 03 (2026-09-06 → 2026-09-06) 39343 bytes
2026-09-03 09:37:35,121 [INFO] [OK] USA/ECM_ENSEMBLE_Wheat_Winter_PRCP/daily dia 05 (2026-09-08 → 2026-09-08) 36702 bytes
2026-09-03 09:37:35,552 [INFO] [OK] USA/ECM_ENSEMBLE_Wheat_Winter_PRCP/daily dia 06 (2026-09-09 → 2026-09-09) 35769 bytes
2026-09-03 09:37:35,643 [INFO] [OK] USA/ECM_ENSEMBLE_Wheat_Winter_PRCP/daily dia 07 (2026-09-10 → 2026-09-10) 36226 bytes
2026-09-03 09:37:36,954 [INFO] [OK] USA/ECM_ENSEMBLE_Wheat_Winter_PRCP/daily dia 08 (2026-09-11 → 2026-09-11) 37765 bytes
2026-09-03 09:37:37,274 [INFO] [OK] USA/ECM_ENSEMBLE_Wheat_Winter_PRCP/daily dia 11 (2026-09-14 → 2026-09-14) 37117 bytes
2026-09-03 09:37:37,297 [INFO] [OK] USA/ECM_ENSEMBLE_Wheat_Winter_PRCP/daily dia 09 (2026-09-12 → 2026-09-12) 37326 bytes
2026-09-03 09:37:37,365 [INFO] [OK] USA/ECM_ENSEMBLE_Wheat_Winter_PRCP/daily dia 13 (2026-09-16 → 2026-09-16) 36776 bytes
2026-09-03 09:37:37,366 [INFO] [OK] USA/ECM_ENSEMBLE_Wheat_Winter_PRCP/daily dia 10 (2026-09-13 → 2026-09-13) 38392 bytes
2026-09-03 09:37:37,581 [INFO] [OK] USA/ECM_ENSEMBLE_Wheat_Winter_PRCP/daily dia 12 (2026-09-15 → 2026-09-15) 37419 bytes
2026-09-03 09:37:39,070 [INFO] [OK] USA/ECM_ENSEMBLE_Wheat_Winter_PRCP/daily dia 14 (2026-09-17 → 2026-09-17) 35753 bytes
2026-09-03 09:37:39,317 [INFO] [OK] USA/ECM_ENSEMBLE_Wheat_Winter_PRCP/cumulative dia 00 (2026-09-03 → 2026-09-03) 40062 bytes
2026-09-03 09:37:39,597 [INFO] [OK] USA/ECM_ENSEMBLE_Wheat_Winter_PRCP/cumulative dia 01 (2026-09-03 → 2026-09-04) 43277 bytes
2026-09-03 09:37:39,665 [INFO] [OK] USA/ECM_ENSEMBLE_Wheat_Winter_PRCP/cumulative dia 02 (2026-09-03 → 2026-09-05) 45573 bytes
2026-09-03 09:37:39,919 [INFO] [OK] USA/ECM_ENSEMBLE_Wheat_Winter_PRCP/cumulative dia 03 (2026-09-03 → 2026-09-06) 47565 bytes
2026-09-03 09:37:40,016 [INFO] [OK] USA/ECM_ENSEMBLE_Wheat_Winter_PRCP/cumulative dia 04 (2026-09-03 → 2026-09-07) 48974 bytes
2026-09-03 09:37:41,105 [INFO] [OK] USA/ECM_ENSEMBLE_Wheat_Winter_PRCP/cumulative dia 05 (2026-09-03 → 2026-09-08) 49779 bytes
2026-09-03 09:37:41,612 [INFO] [OK] USA/ECM_ENSEMBLE_Wheat_Winter_PRCP/cumulative dia 06 (2026-09-03 → 2026-09-09) 50379 bytes
2026-09-03 09:37:41,920 [INFO] [OK] USA/ECM_ENSEMBLE_Wheat_Winter_PRCP/cumulative dia 07 (2026-09-03 → 2026-09-10) 50803 bytes
2026-09-03 09:37:42,099 [INFO] [OK] USA/ECM_ENSEMBLE_Wheat_Winter_PRCP/cumulative dia 08 (2026-09-03 → 2026-09-11) 50990 bytes
2026-09-03 09:37:42,603 [INFO] [OK] USA/ECM_ENSEMBLE_Wheat_Winter_PRCP/cumulative dia 09 (2026-09-03 → 2026-09-12) 51177 bytes
2026-09-03 09:37:42,653 [INFO] [OK] USA/ECM_ENSEMBLE_Wheat_Winter_PRCP/cumulative dia 10 (2026-09-03 → 2026-09-13) 51429 bytes
2026-09-03 09:37:43,709 [INFO] [OK] USA/ECM_ENSEMBLE_Wheat_Winter_PRCP/cumulative dia 11 (2026-09-03 → 2026-09-14) 51657 bytes
2026-09-03 09:37:44,330 [INFO] [OK] USA/ECM_ENSEMBLE_Wheat_Spring_PRCP_DEP/daily dia 00 (2026-09-03 → 2026-09-03) 52362 bytes
2026-09-03 09:37:44,488 [INFO] [OK] USA/ECM_ENSEMBLE_Wheat_Winter_PRCP/cumulative dia 12 (2026-09-03 → 2026-09-15) 52191 bytes
2026-09-03 09:37:44,491 [INFO] [OK] USA/ECM_ENSEMBLE_Wheat_Spring_PRCP_DEP/daily dia 01 (2026-09-04 → 2026-09-04) 52952 bytes
2026-09-03 09:37:44,814 [INFO] [OK] USA/ECM_ENSEMBLE_Wheat_Winter_PRCP/cumulative dia 13 (2026-09-03 → 2026-09-16) 53088 bytes
2026-09-03 09:37:45,013 [INFO] [OK] USA/ECM_ENSEMBLE_Wheat_Winter_PRCP/cumulative dia 14 (2026-09-03 → 2026-09-17) 53136 bytes
2026-09-03 09:37:45,355 [INFO] [OK] USA/ECM_ENSEMBLE_Wheat_Spring_PRCP_DEP/daily dia 02 (2026-09-05 → 2026-09-05) 56304 bytes
2026-09-03 09:37:45,931 [INFO] [OK] USA/ECM_ENSEMBLE_Wheat_Spring_PRCP_DEP/daily dia 03 (2026-09-06 → 2026-09-06) 53298 bytes
2026-09-03 09:37:46,105 [INFO] [OK] USA/ECM_ENSEMBLE_Wheat_Spring_PRCP_DEP/daily dia 05 (2026-09-08 → 2026-09-08) 51640 bytes
2026-09-03 09:37:46,232 [INFO] [OK] USA/ECM_ENSEMBLE_Wheat_Spring_PRCP_DEP/daily dia 04 (2026-09-07 → 2026-09-07) 50767 bytes
2026-09-03 09:37:46,489 [INFO] [OK] USA/ECM_ENSEMBLE_Wheat_Spring_PRCP_DEP/daily dia 06 (2026-09-09 → 2026-09-09) 52342 bytes
2026-09-03 09:37:46,738 [INFO] [OK] USA/ECM_ENSEMBLE_Wheat_Spring_PRCP_DEP/daily dia 07 (2026-09-10 → 2026-09-10) 56280 bytes
2026-09-03 09:37:46,971 [INFO] [OK] USA/ECM_ENSEMBLE_Wheat_Spring_PRCP_DEP/daily dia 08 (2026-09-11 → 2026-09-11) 56162 bytes
2026-09-03 09:37:47,553 [INFO] [OK] USA/ECM_ENSEMBLE_Wheat_Spring_PRCP_DEP/daily dia 09 (2026-09-12 → 2026-09-12) 56320 bytes
2026-09-03 09:37:47,826 [INFO] [OK] USA/ECM_ENSEMBLE_Wheat_Spring_PRCP_DEP/daily dia 10 (2026-09-13 → 2026-09-13) 58495 bytes
2026-09-03 09:37:47,977 [INFO] [OK] USA/ECM_ENSEMBLE_Wheat_Spring_PRCP_DEP/daily dia 11 (2026-09-14 → 2026-09-14) 59401 bytes
2026-09-03 09:37:48,162 [INFO] [OK] USA/ECM_ENSEMBLE_Wheat_Spring_PRCP_DEP/daily dia 12 (2026-09-15 → 2026-09-15) 56657 bytes
2026-09-03 09:37:48,451 [INFO] [OK] USA/ECM_ENSEMBLE_Wheat_Spring_PRCP_DEP/daily dia 13 (2026-09-16 → 2026-09-16) 57153 bytes
2026-09-03 09:37:48,628 [INFO] [OK] USA/ECM_ENSEMBLE_Wheat_Spring_PRCP_DEP/daily dia 14 (2026-09-17 → 2026-09-17) 56180 bytes
2026-09-03 09:37:49,221 [INFO] [OK] USA/ECM_ENSEMBLE_Wheat_Spring_PRCP_DEP/cumulative dia 00 (2026-09-03 → 2026-09-03) 52362 bytes
2026-09-03 09:37:49,529 [INFO] [OK] USA/ECM_ENSEMBLE_Wheat_Spring_PRCP_DEP/cumulative dia 01 (2026-09-03 → 2026-09-04) 54471 bytes
2026-09-03 09:37:49,835 [INFO] [OK] USA/ECM_ENSEMBLE_Wheat_Spring_PRCP_DEP/cumulative dia 02 (2026-09-03 → 2026-09-05) 56534 bytes
2026-09-03 09:37:50,126 [INFO] [OK] USA/ECM_ENSEMBLE_Wheat_Spring_PRCP_DEP/cumulative dia 03 (2026-09-03 → 2026-09-06) 59245 bytes
2026-09-03 09:37:50,501 [INFO] [OK] USA/ECM_ENSEMBLE_Wheat_Spring_PRCP_DEP/cumulative dia 04 (2026-09-03 → 2026-09-07) 57795 bytes
2026-09-03 09:37:50,709 [INFO] [OK] USA/ECM_ENSEMBLE_Wheat_Spring_PRCP_DEP/cumulative dia 05 (2026-09-03 → 2026-09-08) 57192 bytes
2026-09-03 09:37:51,402 [INFO] [OK] USA/ECM_ENSEMBLE_Wheat_Spring_PRCP_DEP/cumulative dia 06 (2026-09-03 → 2026-09-09) 57263 bytes
2026-09-03 09:37:51,891 [INFO] [OK] USA/ECM_ENSEMBLE_Wheat_Spring_PRCP_DEP/cumulative dia 07 (2026-09-03 → 2026-09-10) 57372 bytes
2026-09-03 09:37:52,215 [INFO] [OK] USA/ECM_ENSEMBLE_Wheat_Spring_PRCP_DEP/cumulative dia 08 (2026-09-03 → 2026-09-11) 57082 bytes
2026-09-03 09:37:52,575 [INFO] [OK] USA/ECM_ENSEMBLE_Wheat_Spring_PRCP_DEP/cumulative dia 09 (2026-09-03 → 2026-09-12) 56879 bytes
2026-09-03 09:37:53,066 [INFO] [OK] USA/ECM_ENSEMBLE_Wheat_Spring_PRCP_DEP/cumulative dia 10 (2026-09-03 → 2026-09-13) 56270 bytes
2026-09-03 09:37:53,476 [INFO] [OK] USA/ECM_ENSEMBLE_Wheat_Spring_PRCP_DEP/cumulative dia 11 (2026-09-03 → 2026-09-14) 56259 bytes
2026-09-03 09:37:54,222 [INFO] [OK] USA/ECM_ENSEMBLE_Wheat_Spring_PRCP/daily dia 00 (2026-09-03 → 2026-09-03) 37023 bytes
2026-09-03 09:37:54,245 [INFO] [OK] USA/ECM_ENSEMBLE_Wheat_Spring_PRCP_DEP/cumulative dia 12 (2026-09-03 → 2026-09-15) 55801 bytes
2026-09-03 09:37:54,826 [INFO] [OK] USA/ECM_ENSEMBLE_Wheat_Spring_PRCP/daily dia 01 (2026-09-04 → 2026-09-04) 36297 bytes
2026-09-03 09:37:54,977 [INFO] [OK] USA/ECM_ENSEMBLE_Wheat_Spring_PRCP_DEP/cumulative dia 13 (2026-09-03 → 2026-09-16) 56251 bytes
2026-09-03 09:37:55,181 [INFO] [OK] USA/ECM_ENSEMBLE_Wheat_Spring_PRCP/daily dia 02 (2026-09-05 → 2026-09-05) 35979 bytes
2026-09-03 09:37:55,412 [INFO] [OK] USA/ECM_ENSEMBLE_Wheat_Spring_PRCP_DEP/cumulative dia 14 (2026-09-03 → 2026-09-17) 56037 bytes
2026-09-03 09:37:55,759 [INFO] [OK] USA/ECM_ENSEMBLE_Wheat_Spring_PRCP/daily dia 04 (2026-09-07 → 2026-09-07) 35936 bytes
2026-09-03 09:37:55,830 [INFO] [OK] USA/ECM_ENSEMBLE_Wheat_Spring_PRCP/daily dia 03 (2026-09-06 → 2026-09-06) 36166 bytes
2026-09-03 09:37:56,364 [INFO] [OK] USA/ECM_ENSEMBLE_Wheat_Spring_PRCP/daily dia 05 (2026-09-08 → 2026-09-08) 33674 bytes
2026-09-03 09:37:56,519 [INFO] [OK] USA/ECM_ENSEMBLE_Wheat_Spring_PRCP/daily dia 06 (2026-09-09 → 2026-09-09) 32637 bytes
2026-09-03 09:37:56,735 [INFO] [OK] USA/ECM_ENSEMBLE_Wheat_Spring_PRCP/daily dia 07 (2026-09-10 → 2026-09-10) 33287 bytes
2026-09-03 09:37:57,021 [INFO] [OK] USA/ECM_ENSEMBLE_Wheat_Spring_PRCP/daily dia 08 (2026-09-11 → 2026-09-11) 35110 bytes
2026-09-03 09:37:57,346 [INFO] [OK] USA/ECM_ENSEMBLE_Wheat_Spring_PRCP/daily dia 09 (2026-09-12 → 2026-09-12) 34505 bytes
2026-09-03 09:37:57,467 [INFO] [OK] USA/ECM_ENSEMBLE_Wheat_Spring_PRCP/daily dia 10 (2026-09-13 → 2026-09-13) 35438 bytes
2026-09-03 09:37:58,019 [INFO] [OK] USA/ECM_ENSEMBLE_Wheat_Spring_PRCP/daily dia 11 (2026-09-14 → 2026-09-14) 34255 bytes
2026-09-03 09:37:58,174 [INFO] [OK] USA/ECM_ENSEMBLE_Wheat_Spring_PRCP/daily dia 12 (2026-09-15 → 2026-09-15) 34735 bytes
2026-09-03 09:37:58,299 [INFO] [OK] USA/ECM_ENSEMBLE_Wheat_Spring_PRCP/daily dia 13 (2026-09-16 → 2026-09-16) 34075 bytes
2026-09-03 09:37:58,566 [INFO] [OK] USA/ECM_ENSEMBLE_Wheat_Spring_PRCP/daily dia 14 (2026-09-17 → 2026-09-17) 33011 bytes
2026-09-03 09:37:58,940 [INFO] [OK] USA/ECM_ENSEMBLE_Wheat_Spring_PRCP/cumulative dia 00 (2026-09-03 → 2026-09-03) 37023 bytes
2026-09-03 09:37:59,113 [INFO] [OK] USA/ECM_ENSEMBLE_Wheat_Spring_PRCP/cumulative dia 01 (2026-09-03 → 2026-09-04) 40120 bytes
2026-09-03 09:37:59,814 [INFO] [OK] USA/ECM_ENSEMBLE_Wheat_Spring_PRCP/cumulative dia 02 (2026-09-03 → 2026-09-05) 42337 bytes
2026-09-03 09:38:00,003 [INFO] [OK] USA/ECM_ENSEMBLE_Wheat_Spring_PRCP/cumulative dia 03 (2026-09-03 → 2026-09-06) 44354 bytes
2026-09-03 09:38:00,262 [INFO] [OK] USA/ECM_ENSEMBLE_Wheat_Spring_PRCP/cumulative dia 04 (2026-09-03 → 2026-09-07) 45455 bytes
2026-09-03 09:38:00,719 [INFO] [OK] USA/ECM_ENSEMBLE_Wheat_Spring_PRCP/cumulative dia 05 (2026-09-03 → 2026-09-08) 46425 bytes
2026-09-03 09:38:01,097 [INFO] [OK] USA/ECM_ENSEMBLE_Wheat_Spring_PRCP/cumulative dia 06 (2026-09-03 → 2026-09-09) 46853 bytes
2026-09-03 09:38:01,443 [INFO] [OK] USA/ECM_ENSEMBLE_Wheat_Spring_PRCP/cumulative dia 07 (2026-09-03 → 2026-09-10) 46969 bytes
2026-09-03 09:38:02,143 [INFO] [OK] USA/ECM_ENSEMBLE_Wheat_Spring_PRCP/cumulative dia 08 (2026-09-03 → 2026-09-11) 47291 bytes
2026-09-03 09:38:02,448 [INFO] [OK] USA/ECM_ENSEMBLE_Wheat_Spring_PRCP/cumulative dia 09 (2026-09-03 → 2026-09-12) 47541 bytes
2026-09-03 09:38:02,807 [INFO] [OK] USA/ECM_ENSEMBLE_Wheat_Spring_PRCP/cumulative dia 10 (2026-09-03 → 2026-09-13) 47701 bytes
2026-09-03 09:38:03,383 [INFO] [OK] USA/ECM_ENSEMBLE_Wheat_Spring_PRCP/cumulative dia 11 (2026-09-03 → 2026-09-14) 48037 bytes
2026-09-03 09:38:03,979 [INFO] [OK] USA/ECM_ENSEMBLE_Wheat_Spring_PRCP/cumulative dia 12 (2026-09-03 → 2026-09-15) 48464 bytes
2026-09-03 09:38:04,343 [INFO] [OK] USA/ECM_ENSEMBLE_Wheat_Spring_PRCP/cumulative dia 13 (2026-09-03 → 2026-09-16) 49213 bytes
2026-09-03 09:38:05,012 [INFO] [OK] USA/ECM_ENSEMBLE_Wheat_Spring_PRCP/cumulative dia 14 (2026-09-03 → 2026-09-17) 48996 bytes
2026-09-03 09:38:05,015 [INFO] Resumo: 960/960 sucessos, 0 erros
2026-09-03 09:38:07,909 [INFO] [CLEANUP] Removidas 748 pastas de histórico anteriores a 2026-08-04
2026-09-03 09:38:07,924 [INFO] Manifest: C:\Users\server\OneDrive - CGB Enterprises, Inc\ZGC-PBI Research - Documents\Dataset Data Files\Weather_maps\manifest.json
2026-09-03 09:38:07,924 [INFO] [GIT] Iniciando sincronização com GitHub...
2026-09-03 09:39:20,757 [INFO] [GIT] Sucesso ✓
2026-09-03 09:39:20,758 [INFO] ✓ Sincronizado com GitHub — Power BI atualiza no próximo refresh
