2026-09-24 09:33:17,887 [INFO] === Execução 2026-09-24 | modo=both | dias=15 | parâmetro=['PRCP_DEP', 'PRCP'] ===
2026-09-24 09:33:17,888 [INFO] Baixando 960 mapas com 6 threads...
2026-09-24 09:33:20,660 [INFO] [OK] Brazil/GFS_ENSEMBLE_Soy_PRCP_DEP/daily dia 03 (2026-09-27 → 2026-09-27) 42976 bytes
2026-09-24 09:33:20,909 [INFO] [OK] Brazil/GFS_ENSEMBLE_Soy_PRCP_DEP/daily dia 02 (2026-09-26 → 2026-09-26) 40780 bytes
2026-09-24 09:33:20,933 [INFO] [OK] Brazil/GFS_ENSEMBLE_Soy_PRCP_DEP/daily dia 00 (2026-09-24 → 2026-09-24) 38415 bytes
2026-09-24 09:33:21,345 [INFO] [OK] Brazil/GFS_ENSEMBLE_Soy_PRCP_DEP/daily dia 01 (2026-09-25 → 2026-09-25) 42735 bytes
2026-09-24 09:33:21,400 [INFO] [OK] Brazil/GFS_ENSEMBLE_Soy_PRCP_DEP/daily dia 04 (2026-09-28 → 2026-09-28) 45788 bytes
2026-09-24 09:33:21,403 [INFO] [OK] Brazil/GFS_ENSEMBLE_Soy_PRCP_DEP/daily dia 05 (2026-09-29 → 2026-09-29) 45163 bytes
2026-09-24 09:33:22,376 [INFO] [OK] Brazil/GFS_ENSEMBLE_Soy_PRCP_DEP/daily dia 06 (2026-09-30 → 2026-09-30) 43775 bytes
2026-09-24 09:33:22,544 [INFO] [OK] Brazil/GFS_ENSEMBLE_Soy_PRCP_DEP/daily dia 07 (2026-10-01 → 2026-10-01) 46911 bytes
2026-09-24 09:33:22,574 [INFO] [OK] Brazil/GFS_ENSEMBLE_Soy_PRCP_DEP/daily dia 08 (2026-10-02 → 2026-10-02) 48579 bytes
2026-09-24 09:33:22,988 [INFO] [OK] Brazil/GFS_ENSEMBLE_Soy_PRCP_DEP/daily dia 10 (2026-10-04 → 2026-10-04) 51283 bytes
2026-09-24 09:33:23,013 [INFO] [OK] Brazil/GFS_ENSEMBLE_Soy_PRCP_DEP/daily dia 11 (2026-10-05 → 2026-10-05) 49133 bytes
2026-09-24 09:33:23,067 [INFO] [OK] Brazil/GFS_ENSEMBLE_Soy_PRCP_DEP/daily dia 09 (2026-10-03 → 2026-10-03) 52290 bytes
2026-09-24 09:33:23,825 [INFO] [OK] Brazil/GFS_ENSEMBLE_Soy_PRCP_DEP/daily dia 12 (2026-10-06 → 2026-10-06) 49551 bytes
2026-09-24 09:33:24,139 [INFO] [OK] Brazil/GFS_ENSEMBLE_Soy_PRCP_DEP/daily dia 13 (2026-10-07 → 2026-10-07) 50126 bytes
2026-09-24 09:33:24,186 [INFO] [OK] Brazil/GFS_ENSEMBLE_Soy_PRCP_DEP/daily dia 14 (2026-10-08 → 2026-10-08) 51329 bytes
2026-09-24 09:33:24,703 [INFO] [OK] Brazil/GFS_ENSEMBLE_Soy_PRCP_DEP/cumulative dia 01 (2026-09-24 → 2026-09-25) 41709 bytes
2026-09-24 09:33:24,728 [INFO] [OK] Brazil/GFS_ENSEMBLE_Soy_PRCP_DEP/cumulative dia 00 (2026-09-24 → 2026-09-24) 38415 bytes
2026-09-24 09:33:24,936 [INFO] [OK] Brazil/GFS_ENSEMBLE_Soy_PRCP_DEP/cumulative dia 02 (2026-09-24 → 2026-09-26) 43080 bytes
2026-09-24 09:33:25,501 [INFO] [OK] Brazil/GFS_ENSEMBLE_Soy_PRCP_DEP/cumulative dia 03 (2026-09-24 → 2026-09-27) 44876 bytes
2026-09-24 09:33:25,905 [INFO] [OK] Brazil/GFS_ENSEMBLE_Soy_PRCP_DEP/cumulative dia 04 (2026-09-24 → 2026-09-28) 47361 bytes
2026-09-24 09:33:25,994 [INFO] [OK] Brazil/GFS_ENSEMBLE_Soy_PRCP_DEP/cumulative dia 05 (2026-09-24 → 2026-09-29) 48147 bytes
2026-09-24 09:33:26,891 [INFO] [OK] Brazil/GFS_ENSEMBLE_Soy_PRCP_DEP/cumulative dia 07 (2026-09-24 → 2026-10-01) 50464 bytes
2026-09-24 09:33:26,940 [INFO] [OK] Brazil/GFS_ENSEMBLE_Soy_PRCP_DEP/cumulative dia 06 (2026-09-24 → 2026-09-30) 49299 bytes
2026-09-24 09:33:27,230 [INFO] [OK] Brazil/GFS_ENSEMBLE_Soy_PRCP_DEP/cumulative dia 08 (2026-09-24 → 2026-10-02) 51169 bytes
2026-09-24 09:33:28,023 [INFO] [OK] Brazil/GFS_ENSEMBLE_Soy_PRCP_DEP/cumulative dia 09 (2026-09-24 → 2026-10-03) 51426 bytes
2026-09-24 09:33:28,128 [INFO] [OK] Brazil/GFS_ENSEMBLE_Soy_PRCP_DEP/cumulative dia 10 (2026-09-24 → 2026-10-04) 51857 bytes
2026-09-24 09:33:28,320 [INFO] [OK] Brazil/GFS_ENSEMBLE_Soy_PRCP_DEP/cumulative dia 11 (2026-09-24 → 2026-10-05) 51488 bytes
2026-09-24 09:33:29,291 [INFO] [OK] Brazil/GFS_ENSEMBLE_Soy_PRCP_DEP/cumulative dia 12 (2026-09-24 → 2026-10-06) 51220 bytes
2026-09-24 09:33:29,423 [INFO] [OK] Brazil/GFS_ENSEMBLE_Soy_PRCP_DEP/cumulative dia 13 (2026-09-24 → 2026-10-07) 50925 bytes
2026-09-24 09:33:29,558 [INFO] [OK] Brazil/GFS_ENSEMBLE_Soy_PRCP/daily dia 01 (2026-09-25 → 2026-09-25) 29553 bytes
2026-09-24 09:33:29,583 [INFO] [OK] Brazil/GFS_ENSEMBLE_Soy_PRCP/daily dia 00 (2026-09-24 → 2026-09-24) 29916 bytes
2026-09-24 09:33:30,046 [INFO] [OK] Brazil/GFS_ENSEMBLE_Soy_PRCP/daily dia 02 (2026-09-26 → 2026-09-26) 29765 bytes
2026-09-24 09:33:30,062 [INFO] [OK] Brazil/GFS_ENSEMBLE_Soy_PRCP_DEP/cumulative dia 14 (2026-09-24 → 2026-10-08) 51069 bytes
2026-09-24 09:33:30,612 [INFO] [OK] Brazil/GFS_ENSEMBLE_Soy_PRCP/daily dia 03 (2026-09-27 → 2026-09-27) 31043 bytes
2026-09-24 09:33:30,782 [INFO] [OK] Brazil/GFS_ENSEMBLE_Soy_PRCP/daily dia 04 (2026-09-28 → 2026-09-28) 32014 bytes
2026-09-24 09:33:30,894 [INFO] [OK] Brazil/GFS_ENSEMBLE_Soy_PRCP/daily dia 05 (2026-09-29 → 2026-09-29) 33793 bytes
2026-09-24 09:33:30,970 [INFO] [OK] Brazil/GFS_ENSEMBLE_Soy_PRCP/daily dia 06 (2026-09-30 → 2026-09-30) 33150 bytes
2026-09-24 09:33:31,383 [INFO] [OK] Brazil/GFS_ENSEMBLE_Soy_PRCP/daily dia 07 (2026-10-01 → 2026-10-01) 31939 bytes
2026-09-24 09:33:31,526 [INFO] [OK] Brazil/GFS_ENSEMBLE_Soy_PRCP/daily dia 08 (2026-10-02 → 2026-10-02) 31762 bytes
2026-09-24 09:33:31,979 [INFO] [OK] Brazil/GFS_ENSEMBLE_Soy_PRCP/daily dia 09 (2026-10-03 → 2026-10-03) 32485 bytes
2026-09-24 09:33:32,166 [INFO] [OK] Brazil/GFS_ENSEMBLE_Soy_PRCP/daily dia 10 (2026-10-04 → 2026-10-04) 33872 bytes
2026-09-24 09:33:32,402 [INFO] [OK] Brazil/GFS_ENSEMBLE_Soy_PRCP/daily dia 12 (2026-10-06 → 2026-10-06) 31733 bytes
2026-09-24 09:33:32,420 [INFO] [OK] Brazil/GFS_ENSEMBLE_Soy_PRCP/daily dia 11 (2026-10-05 → 2026-10-05) 33067 bytes
2026-09-24 09:33:32,758 [INFO] [OK] Brazil/GFS_ENSEMBLE_Soy_PRCP/daily dia 13 (2026-10-07 → 2026-10-07) 31598 bytes
2026-09-24 09:33:32,867 [INFO] [OK] Brazil/GFS_ENSEMBLE_Soy_PRCP/daily dia 14 (2026-10-08 → 2026-10-08) 31872 bytes
2026-09-24 09:33:33,384 [INFO] [OK] Brazil/GFS_ENSEMBLE_Soy_PRCP/cumulative dia 00 (2026-09-24 → 2026-09-24) 29916 bytes
2026-09-24 09:33:33,832 [INFO] [OK] Brazil/GFS_ENSEMBLE_Soy_PRCP/cumulative dia 01 (2026-09-24 → 2026-09-25) 31527 bytes
2026-09-24 09:33:34,151 [INFO] [OK] Brazil/GFS_ENSEMBLE_Soy_PRCP/cumulative dia 02 (2026-09-24 → 2026-09-26) 33020 bytes
2026-09-24 09:33:34,205 [INFO] [OK] Brazil/GFS_ENSEMBLE_Soy_PRCP/cumulative dia 03 (2026-09-24 → 2026-09-27) 35499 bytes
2026-09-24 09:33:34,374 [INFO] [OK] Brazil/GFS_ENSEMBLE_Soy_PRCP/cumulative dia 04 (2026-09-24 → 2026-09-28) 37573 bytes
2026-09-24 09:33:34,756 [INFO] [OK] Brazil/GFS_ENSEMBLE_Soy_PRCP/cumulative dia 05 (2026-09-24 → 2026-09-29) 39832 bytes
2026-09-24 09:33:35,163 [INFO] [OK] Brazil/GFS_ENSEMBLE_Soy_PRCP/cumulative dia 06 (2026-09-24 → 2026-09-30) 40890 bytes
2026-09-24 09:33:35,794 [INFO] [OK] Brazil/GFS_ENSEMBLE_Soy_PRCP/cumulative dia 07 (2026-09-24 → 2026-10-01) 42081 bytes
2026-09-24 09:33:36,329 [INFO] [OK] Brazil/GFS_ENSEMBLE_Soy_PRCP/cumulative dia 08 (2026-09-24 → 2026-10-02) 42710 bytes
2026-09-24 09:33:36,451 [INFO] [OK] Brazil/GFS_ENSEMBLE_Soy_PRCP/cumulative dia 09 (2026-09-24 → 2026-10-03) 43175 bytes
2026-09-24 09:33:36,761 [INFO] [OK] Brazil/GFS_ENSEMBLE_Soy_PRCP/cumulative dia 10 (2026-09-24 → 2026-10-04) 43606 bytes
2026-09-24 09:33:37,107 [INFO] [OK] Brazil/GFS_ENSEMBLE_Soy_PRCP/cumulative dia 11 (2026-09-24 → 2026-10-05) 43912 bytes
2026-09-24 09:33:37,575 [INFO] [OK] Brazil/GFS_ENSEMBLE_Soy_PRCP/cumulative dia 12 (2026-09-24 → 2026-10-06) 44107 bytes
2026-09-24 09:33:37,881 [INFO] [OK] Brazil/GFS_ENSEMBLE_Corn_Winter_PRCP_DEP/daily dia 00 (2026-09-24 → 2026-09-24) 36928 bytes
2026-09-24 09:33:38,151 [INFO] [OK] Brazil/GFS_ENSEMBLE_Corn_Winter_PRCP_DEP/daily dia 01 (2026-09-25 → 2026-09-25) 40936 bytes
2026-09-24 09:33:38,355 [INFO] [OK] Brazil/GFS_ENSEMBLE_Soy_PRCP/cumulative dia 13 (2026-09-24 → 2026-10-07) 44579 bytes
2026-09-24 09:33:38,550 [INFO] [OK] Brazil/GFS_ENSEMBLE_Corn_Winter_PRCP_DEP/daily dia 02 (2026-09-26 → 2026-09-26) 39156 bytes
2026-09-24 09:33:38,742 [INFO] [OK] Brazil/GFS_ENSEMBLE_Soy_PRCP/cumulative dia 14 (2026-09-24 → 2026-10-08) 44528 bytes
2026-09-24 09:33:38,954 [INFO] [OK] Brazil/GFS_ENSEMBLE_Corn_Winter_PRCP_DEP/daily dia 03 (2026-09-27 → 2026-09-27) 41389 bytes
2026-09-24 09:33:39,276 [INFO] [OK] Brazil/GFS_ENSEMBLE_Corn_Winter_PRCP_DEP/daily dia 04 (2026-09-28 → 2026-09-28) 44265 bytes
2026-09-24 09:33:39,593 [INFO] [OK] Brazil/GFS_ENSEMBLE_Corn_Winter_PRCP_DEP/daily dia 05 (2026-09-29 → 2026-09-29) 43695 bytes
2026-09-24 09:33:40,006 [INFO] [OK] Brazil/GFS_ENSEMBLE_Corn_Winter_PRCP_DEP/daily dia 06 (2026-09-30 → 2026-09-30) 42245 bytes
2026-09-24 09:33:40,293 [INFO] [OK] Brazil/GFS_ENSEMBLE_Corn_Winter_PRCP_DEP/daily dia 08 (2026-10-02 → 2026-10-02) 47122 bytes
2026-09-24 09:33:40,418 [INFO] [OK] Brazil/GFS_ENSEMBLE_Corn_Winter_PRCP_DEP/daily dia 07 (2026-10-01 → 2026-10-01) 45113 bytes
2026-09-24 09:33:40,817 [INFO] [OK] Brazil/GFS_ENSEMBLE_Corn_Winter_PRCP_DEP/daily dia 09 (2026-10-03 → 2026-10-03) 50812 bytes
2026-09-24 09:33:40,879 [INFO] [OK] Brazil/GFS_ENSEMBLE_Corn_Winter_PRCP_DEP/daily dia 10 (2026-10-04 → 2026-10-04) 49828 bytes
2026-09-24 09:33:41,441 [INFO] [OK] Brazil/GFS_ENSEMBLE_Corn_Winter_PRCP_DEP/daily dia 11 (2026-10-05 → 2026-10-05) 47654 bytes
2026-09-24 09:33:41,473 [INFO] [OK] Brazil/GFS_ENSEMBLE_Corn_Winter_PRCP_DEP/daily dia 12 (2026-10-06 → 2026-10-06) 48095 bytes
2026-09-24 09:33:41,652 [INFO] [OK] Brazil/GFS_ENSEMBLE_Corn_Winter_PRCP_DEP/daily dia 13 (2026-10-07 → 2026-10-07) 48637 bytes
2026-09-24 09:33:41,890 [INFO] [OK] Brazil/GFS_ENSEMBLE_Corn_Winter_PRCP_DEP/daily dia 14 (2026-10-08 → 2026-10-08) 50036 bytes
2026-09-24 09:33:42,445 [INFO] [OK] Brazil/GFS_ENSEMBLE_Corn_Winter_PRCP_DEP/cumulative dia 00 (2026-09-24 → 2026-09-24) 36928 bytes
2026-09-24 09:33:42,686 [INFO] [OK] Brazil/GFS_ENSEMBLE_Corn_Winter_PRCP_DEP/cumulative dia 01 (2026-09-24 → 2026-09-25) 40072 bytes
2026-09-24 09:33:43,282 [INFO] [OK] Brazil/GFS_ENSEMBLE_Corn_Winter_PRCP_DEP/cumulative dia 02 (2026-09-24 → 2026-09-26) 41526 bytes
2026-09-24 09:33:43,566 [INFO] [OK] Brazil/GFS_ENSEMBLE_Corn_Winter_PRCP_DEP/cumulative dia 03 (2026-09-24 → 2026-09-27) 43201 bytes
2026-09-24 09:33:43,743 [INFO] [OK] Brazil/GFS_ENSEMBLE_Corn_Winter_PRCP_DEP/cumulative dia 04 (2026-09-24 → 2026-09-28) 45592 bytes
2026-09-24 09:33:43,879 [INFO] [OK] Brazil/GFS_ENSEMBLE_Corn_Winter_PRCP_DEP/cumulative dia 05 (2026-09-24 → 2026-09-29) 46587 bytes
2026-09-24 09:33:44,555 [INFO] [OK] Brazil/GFS_ENSEMBLE_Corn_Winter_PRCP_DEP/cumulative dia 06 (2026-09-24 → 2026-09-30) 47705 bytes
2026-09-24 09:33:44,970 [INFO] [OK] Brazil/GFS_ENSEMBLE_Corn_Winter_PRCP_DEP/cumulative dia 07 (2026-09-24 → 2026-10-01) 48981 bytes
2026-09-24 09:33:46,005 [INFO] [OK] Brazil/GFS_ENSEMBLE_Corn_Winter_PRCP_DEP/cumulative dia 08 (2026-09-24 → 2026-10-02) 49619 bytes
2026-09-24 09:33:46,795 [INFO] [OK] Brazil/GFS_ENSEMBLE_Corn_Winter_PRCP_DEP/cumulative dia 09 (2026-09-24 → 2026-10-03) 49740 bytes
2026-09-24 09:33:47,405 [INFO] [OK] Brazil/GFS_ENSEMBLE_Corn_Winter_PRCP_DEP/cumulative dia 10 (2026-09-24 → 2026-10-04) 50110 bytes
2026-09-24 09:33:47,405 [INFO] [OK] Brazil/GFS_ENSEMBLE_Corn_Winter_PRCP_DEP/cumulative dia 11 (2026-09-24 → 2026-10-05) 49928 bytes
2026-09-24 09:33:47,785 [INFO] [OK] Brazil/GFS_ENSEMBLE_Corn_Winter_PRCP_DEP/cumulative dia 12 (2026-09-24 → 2026-10-06) 49480 bytes
2026-09-24 09:33:47,918 [INFO] [OK] Brazil/GFS_ENSEMBLE_Corn_Winter_PRCP_DEP/cumulative dia 13 (2026-09-24 → 2026-10-07) 49269 bytes
2026-09-24 09:33:48,162 [INFO] [OK] Brazil/GFS_ENSEMBLE_Corn_Winter_PRCP/daily dia 00 (2026-09-24 → 2026-09-24) 28319 bytes
2026-09-24 09:33:48,803 [INFO] [OK] Brazil/GFS_ENSEMBLE_Corn_Winter_PRCP/daily dia 02 (2026-09-26 → 2026-09-26) 27988 bytes
2026-09-24 09:33:48,804 [INFO] [OK] Brazil/GFS_ENSEMBLE_Corn_Winter_PRCP_DEP/cumulative dia 14 (2026-09-24 → 2026-10-08) 49499 bytes
2026-09-24 09:33:48,838 [INFO] [OK] Brazil/GFS_ENSEMBLE_Corn_Winter_PRCP/daily dia 01 (2026-09-25 → 2026-09-25) 27905 bytes
2026-09-24 09:33:49,068 [INFO] [OK] Brazil/GFS_ENSEMBLE_Corn_Winter_PRCP/daily dia 03 (2026-09-27 → 2026-09-27) 29374 bytes
2026-09-24 09:33:49,234 [INFO] [OK] Brazil/GFS_ENSEMBLE_Corn_Winter_PRCP/daily dia 04 (2026-09-28 → 2026-09-28) 30397 bytes
2026-09-24 09:33:49,523 [INFO] [OK] Brazil/GFS_ENSEMBLE_Corn_Winter_PRCP/daily dia 05 (2026-09-29 → 2026-09-29) 32119 bytes
2026-09-24 09:33:50,145 [INFO] [OK] Brazil/GFS_ENSEMBLE_Corn_Winter_PRCP/daily dia 06 (2026-09-30 → 2026-09-30) 31480 bytes
2026-09-24 09:33:50,196 [INFO] [OK] Brazil/GFS_ENSEMBLE_Corn_Winter_PRCP/daily dia 08 (2026-10-02 → 2026-10-02) 30288 bytes
2026-09-24 09:33:50,321 [INFO] [OK] Brazil/GFS_ENSEMBLE_Corn_Winter_PRCP/daily dia 07 (2026-10-01 → 2026-10-01) 30508 bytes
2026-09-24 09:33:50,533 [INFO] [OK] Brazil/GFS_ENSEMBLE_Corn_Winter_PRCP/daily dia 09 (2026-10-03 → 2026-10-03) 31108 bytes
2026-09-24 09:33:50,580 [INFO] [OK] Brazil/GFS_ENSEMBLE_Corn_Winter_PRCP/daily dia 10 (2026-10-04 → 2026-10-04) 32458 bytes
2026-09-24 09:33:50,855 [INFO] [OK] Brazil/GFS_ENSEMBLE_Corn_Winter_PRCP/daily dia 11 (2026-10-05 → 2026-10-05) 31493 bytes
2026-09-24 09:33:51,595 [INFO] [OK] Brazil/GFS_ENSEMBLE_Corn_Winter_PRCP/daily dia 12 (2026-10-06 → 2026-10-06) 30370 bytes
2026-09-24 09:33:51,637 [INFO] [OK] Brazil/GFS_ENSEMBLE_Corn_Winter_PRCP/daily dia 13 (2026-10-07 → 2026-10-07) 30201 bytes
2026-09-24 09:33:51,695 [INFO] [OK] Brazil/GFS_ENSEMBLE_Corn_Winter_PRCP/daily dia 14 (2026-10-08 → 2026-10-08) 30316 bytes
2026-09-24 09:33:51,913 [INFO] [OK] Brazil/GFS_ENSEMBLE_Corn_Winter_PRCP/cumulative dia 00 (2026-09-24 → 2026-09-24) 28319 bytes
2026-09-24 09:33:51,967 [INFO] [OK] Brazil/GFS_ENSEMBLE_Corn_Winter_PRCP/cumulative dia 01 (2026-09-24 → 2026-09-25) 29808 bytes
2026-09-24 09:33:52,311 [INFO] [OK] Brazil/GFS_ENSEMBLE_Corn_Winter_PRCP/cumulative dia 02 (2026-09-24 → 2026-09-26) 31236 bytes
2026-09-24 09:33:53,398 [INFO] [OK] Brazil/GFS_ENSEMBLE_Corn_Winter_PRCP/cumulative dia 03 (2026-09-24 → 2026-09-27) 33650 bytes
2026-09-24 09:33:53,596 [INFO] [OK] Brazil/GFS_ENSEMBLE_Corn_Winter_PRCP/cumulative dia 04 (2026-09-24 → 2026-09-28) 35580 bytes
2026-09-24 09:33:53,677 [INFO] [OK] Brazil/GFS_ENSEMBLE_Corn_Winter_PRCP/cumulative dia 05 (2026-09-24 → 2026-09-29) 37806 bytes
2026-09-24 09:33:53,923 [INFO] [OK] Brazil/GFS_ENSEMBLE_Corn_Winter_PRCP/cumulative dia 06 (2026-09-24 → 2026-09-30) 39219 bytes
2026-09-24 09:33:54,143 [INFO] [OK] Brazil/GFS_ENSEMBLE_Corn_Winter_PRCP/cumulative dia 07 (2026-09-24 → 2026-10-01) 40546 bytes
2026-09-24 09:33:54,585 [INFO] [OK] Brazil/GFS_ENSEMBLE_Corn_Winter_PRCP/cumulative dia 08 (2026-09-24 → 2026-10-02) 41130 bytes
2026-09-24 09:33:55,705 [INFO] [OK] Brazil/GFS_ENSEMBLE_Corn_Winter_PRCP/cumulative dia 09 (2026-09-24 → 2026-10-03) 41429 bytes
2026-09-24 09:33:56,381 [INFO] [OK] Brazil/GFS_ENSEMBLE_Corn_Winter_PRCP/cumulative dia 10 (2026-09-24 → 2026-10-04) 42088 bytes
2026-09-24 09:33:56,564 [INFO] [OK] Brazil/GFS_ENSEMBLE_Corn_Winter_PRCP/cumulative dia 11 (2026-09-24 → 2026-10-05) 42192 bytes
2026-09-24 09:33:56,709 [INFO] [OK] Brazil/GFS_ENSEMBLE_Corn_Winter_PRCP/cumulative dia 12 (2026-09-24 → 2026-10-06) 42394 bytes
2026-09-24 09:33:57,424 [INFO] [OK] Brazil/GFS_ENSEMBLE_Corn_Winter_PRCP/cumulative dia 13 (2026-09-24 → 2026-10-07) 42812 bytes
2026-09-24 09:33:58,063 [INFO] [OK] Brazil/GFS_ENSEMBLE_Corn_Winter_PRCP/cumulative dia 14 (2026-09-24 → 2026-10-08) 42950 bytes
2026-09-24 09:33:58,347 [INFO] [OK] Brazil/ECM_ENSEMBLE_Soy_PRCP_DEP/daily dia 01 (2026-09-25 → 2026-09-25) 45727 bytes
2026-09-24 09:33:58,350 [INFO] [OK] Brazil/ECM_ENSEMBLE_Soy_PRCP_DEP/daily dia 00 (2026-09-24 → 2026-09-24) 46970 bytes
2026-09-24 09:33:58,357 [INFO] [OK] Brazil/ECM_ENSEMBLE_Soy_PRCP_DEP/daily dia 02 (2026-09-26 → 2026-09-26) 46408 bytes
2026-09-24 09:33:58,359 [INFO] [OK] Brazil/ECM_ENSEMBLE_Soy_PRCP_DEP/daily dia 03 (2026-09-27 → 2026-09-27) 45548 bytes
2026-09-24 09:33:59,083 [INFO] [OK] Brazil/ECM_ENSEMBLE_Soy_PRCP_DEP/daily dia 04 (2026-09-28 → 2026-09-28) 46465 bytes
2026-09-24 09:34:00,051 [INFO] [OK] Brazil/ECM_ENSEMBLE_Soy_PRCP_DEP/daily dia 05 (2026-09-29 → 2026-09-29) 50212 bytes
2026-09-24 09:34:00,127 [INFO] [OK] Brazil/ECM_ENSEMBLE_Soy_PRCP_DEP/daily dia 06 (2026-09-30 → 2026-09-30) 50174 bytes
2026-09-24 09:34:00,152 [INFO] [OK] Brazil/ECM_ENSEMBLE_Soy_PRCP_DEP/daily dia 07 (2026-10-01 → 2026-10-01) 50022 bytes
2026-09-24 09:34:00,186 [INFO] [OK] Brazil/ECM_ENSEMBLE_Soy_PRCP_DEP/daily dia 08 (2026-10-02 → 2026-10-02) 51821 bytes
2026-09-24 09:34:00,231 [INFO] [OK] Brazil/ECM_ENSEMBLE_Soy_PRCP_DEP/daily dia 09 (2026-10-03 → 2026-10-03) 49887 bytes
2026-09-24 09:34:00,707 [INFO] [OK] Brazil/ECM_ENSEMBLE_Soy_PRCP_DEP/daily dia 10 (2026-10-04 → 2026-10-04) 50228 bytes
2026-09-24 09:34:02,108 [INFO] [OK] Brazil/ECM_ENSEMBLE_Soy_PRCP_DEP/daily dia 11 (2026-10-05 → 2026-10-05) 51744 bytes
2026-09-24 09:34:02,258 [INFO] [OK] Brazil/ECM_ENSEMBLE_Soy_PRCP_DEP/daily dia 13 (2026-10-07 → 2026-10-07) 53794 bytes
2026-09-24 09:34:02,380 [INFO] [OK] Brazil/ECM_ENSEMBLE_Soy_PRCP_DEP/daily dia 14 (2026-10-08 → 2026-10-08) 54102 bytes
2026-09-24 09:34:02,404 [INFO] [OK] Brazil/ECM_ENSEMBLE_Soy_PRCP_DEP/cumulative dia 00 (2026-09-24 → 2026-09-24) 46970 bytes
2026-09-24 09:34:02,476 [INFO] [OK] Brazil/ECM_ENSEMBLE_Soy_PRCP_DEP/daily dia 12 (2026-10-06 → 2026-10-06) 51284 bytes
2026-09-24 09:34:03,047 [INFO] [OK] Brazil/ECM_ENSEMBLE_Soy_PRCP_DEP/cumulative dia 01 (2026-09-24 → 2026-09-25) 46101 bytes
2026-09-24 09:34:04,192 [INFO] [OK] Brazil/ECM_ENSEMBLE_Soy_PRCP_DEP/cumulative dia 02 (2026-09-24 → 2026-09-26) 47268 bytes
2026-09-24 09:34:04,551 [INFO] [OK] Brazil/ECM_ENSEMBLE_Soy_PRCP_DEP/cumulative dia 03 (2026-09-24 → 2026-09-27) 49442 bytes
2026-09-24 09:34:05,059 [INFO] [OK] Brazil/ECM_ENSEMBLE_Soy_PRCP_DEP/cumulative dia 04 (2026-09-24 → 2026-09-28) 50064 bytes
2026-09-24 09:34:05,349 [INFO] [OK] Brazil/ECM_ENSEMBLE_Soy_PRCP_DEP/cumulative dia 05 (2026-09-24 → 2026-09-29) 51495 bytes
2026-09-24 09:34:05,374 [INFO] [OK] Brazil/ECM_ENSEMBLE_Soy_PRCP_DEP/cumulative dia 06 (2026-09-24 → 2026-09-30) 52481 bytes
2026-09-24 09:34:05,976 [INFO] [OK] Brazil/ECM_ENSEMBLE_Soy_PRCP_DEP/cumulative dia 07 (2026-09-24 → 2026-10-01) 52646 bytes
2026-09-24 09:34:07,445 [INFO] [OK] Brazil/ECM_ENSEMBLE_Soy_PRCP_DEP/cumulative dia 08 (2026-09-24 → 2026-10-02) 52985 bytes
2026-09-24 09:34:07,789 [INFO] [OK] Brazil/ECM_ENSEMBLE_Soy_PRCP_DEP/cumulative dia 09 (2026-09-24 → 2026-10-03) 52773 bytes
2026-09-24 09:34:08,519 [INFO] [OK] Brazil/ECM_ENSEMBLE_Soy_PRCP_DEP/cumulative dia 10 (2026-09-24 → 2026-10-04) 52491 bytes
2026-09-24 09:34:08,600 [INFO] [OK] Brazil/ECM_ENSEMBLE_Soy_PRCP_DEP/cumulative dia 11 (2026-09-24 → 2026-10-05) 52045 bytes
2026-09-24 09:34:08,748 [INFO] [OK] Brazil/ECM_ENSEMBLE_Soy_PRCP_DEP/cumulative dia 12 (2026-09-24 → 2026-10-06) 51725 bytes
2026-09-24 09:34:09,104 [INFO] [OK] Brazil/ECM_ENSEMBLE_Soy_PRCP_DEP/cumulative dia 13 (2026-09-24 → 2026-10-07) 52369 bytes
2026-09-24 09:34:09,314 [INFO] [OK] Brazil/ECM_ENSEMBLE_Soy_PRCP/daily dia 00 (2026-09-24 → 2026-09-24) 31391 bytes
2026-09-24 09:34:09,997 [INFO] [OK] Brazil/ECM_ENSEMBLE_Soy_PRCP/daily dia 02 (2026-09-26 → 2026-09-26) 30495 bytes
2026-09-24 09:34:10,089 [INFO] [OK] Brazil/ECM_ENSEMBLE_Soy_PRCP/daily dia 01 (2026-09-25 → 2026-09-25) 30904 bytes
2026-09-24 09:34:10,366 [INFO] [OK] Brazil/ECM_ENSEMBLE_Soy_PRCP/daily dia 03 (2026-09-27 → 2026-09-27) 32472 bytes
2026-09-24 09:34:10,448 [INFO] [OK] Brazil/ECM_ENSEMBLE_Soy_PRCP_DEP/cumulative dia 14 (2026-09-24 → 2026-10-08) 51963 bytes
2026-09-24 09:34:10,562 [INFO] [OK] Brazil/ECM_ENSEMBLE_Soy_PRCP/daily dia 04 (2026-09-28 → 2026-09-28) 33309 bytes
2026-09-24 09:34:10,889 [INFO] [OK] Brazil/ECM_ENSEMBLE_Soy_PRCP/daily dia 05 (2026-09-29 → 2026-09-29) 35201 bytes
2026-09-24 09:34:11,618 [INFO] [OK] Brazil/ECM_ENSEMBLE_Soy_PRCP/daily dia 07 (2026-10-01 → 2026-10-01) 32663 bytes
2026-09-24 09:34:11,677 [INFO] [OK] Brazil/ECM_ENSEMBLE_Soy_PRCP/daily dia 06 (2026-09-30 → 2026-09-30) 34232 bytes
2026-09-24 09:34:12,219 [INFO] [OK] Brazil/ECM_ENSEMBLE_Soy_PRCP/daily dia 08 (2026-10-02 → 2026-10-02) 32136 bytes
2026-09-24 09:34:12,427 [INFO] [OK] Brazil/ECM_ENSEMBLE_Soy_PRCP/daily dia 11 (2026-10-05 → 2026-10-05) 34431 bytes
2026-09-24 09:34:12,539 [INFO] [OK] Brazil/ECM_ENSEMBLE_Soy_PRCP/daily dia 09 (2026-10-03 → 2026-10-03) 34913 bytes
2026-09-24 09:34:12,547 [INFO] [OK] Brazil/ECM_ENSEMBLE_Soy_PRCP/daily dia 10 (2026-10-04 → 2026-10-04) 34358 bytes
2026-09-24 09:34:13,032 [INFO] [OK] Brazil/ECM_ENSEMBLE_Soy_PRCP/daily dia 12 (2026-10-06 → 2026-10-06) 32884 bytes
2026-09-24 09:34:13,085 [INFO] [OK] Brazil/ECM_ENSEMBLE_Soy_PRCP/daily dia 13 (2026-10-07 → 2026-10-07) 32295 bytes
2026-09-24 09:34:13,787 [INFO] [OK] Brazil/ECM_ENSEMBLE_Soy_PRCP/daily dia 14 (2026-10-08 → 2026-10-08) 31732 bytes
2026-09-24 09:34:14,272 [INFO] [OK] Brazil/ECM_ENSEMBLE_Soy_PRCP/cumulative dia 00 (2026-09-24 → 2026-09-24) 31391 bytes
2026-09-24 09:34:14,274 [INFO] [OK] Brazil/ECM_ENSEMBLE_Soy_PRCP/cumulative dia 02 (2026-09-24 → 2026-09-26) 35284 bytes
2026-09-24 09:34:14,275 [INFO] [OK] Brazil/ECM_ENSEMBLE_Soy_PRCP/cumulative dia 01 (2026-09-24 → 2026-09-25) 33572 bytes
2026-09-24 09:34:14,773 [INFO] [OK] Brazil/ECM_ENSEMBLE_Soy_PRCP/cumulative dia 03 (2026-09-24 → 2026-09-27) 37996 bytes
2026-09-24 09:34:14,892 [INFO] [OK] Brazil/ECM_ENSEMBLE_Soy_PRCP/cumulative dia 04 (2026-09-24 → 2026-09-28) 39690 bytes
2026-09-24 09:34:15,681 [INFO] [OK] Brazil/ECM_ENSEMBLE_Soy_PRCP/cumulative dia 05 (2026-09-24 → 2026-09-29) 41642 bytes
2026-09-24 09:34:16,607 [INFO] [OK] Brazil/ECM_ENSEMBLE_Soy_PRCP/cumulative dia 06 (2026-09-24 → 2026-09-30) 43135 bytes
2026-09-24 09:34:16,924 [INFO] [OK] Brazil/ECM_ENSEMBLE_Soy_PRCP/cumulative dia 08 (2026-09-24 → 2026-10-02) 44109 bytes
2026-09-24 09:34:17,094 [INFO] [OK] Brazil/ECM_ENSEMBLE_Soy_PRCP/cumulative dia 07 (2026-09-24 → 2026-10-01) 43568 bytes
2026-09-24 09:34:17,547 [INFO] [OK] Brazil/ECM_ENSEMBLE_Soy_PRCP/cumulative dia 09 (2026-09-24 → 2026-10-03) 44888 bytes
2026-09-24 09:34:17,907 [INFO] [OK] Brazil/ECM_ENSEMBLE_Soy_PRCP/cumulative dia 10 (2026-09-24 → 2026-10-04) 44905 bytes
2026-09-24 09:34:18,748 [INFO] [OK] Brazil/ECM_ENSEMBLE_Soy_PRCP/cumulative dia 11 (2026-09-24 → 2026-10-05) 45456 bytes
2026-09-24 09:34:19,198 [INFO] [OK] Brazil/ECM_ENSEMBLE_Corn_Winter_PRCP_DEP/daily dia 00 (2026-09-24 → 2026-09-24) 45467 bytes
2026-09-24 09:34:19,491 [INFO] [OK] Brazil/ECM_ENSEMBLE_Soy_PRCP/cumulative dia 12 (2026-09-24 → 2026-10-06) 45472 bytes
2026-09-24 09:34:19,625 [INFO] [OK] Brazil/ECM_ENSEMBLE_Corn_Winter_PRCP_DEP/daily dia 01 (2026-09-25 → 2026-09-25) 44127 bytes
2026-09-24 09:34:19,947 [INFO] [OK] Brazil/ECM_ENSEMBLE_Soy_PRCP/cumulative dia 13 (2026-09-24 → 2026-10-07) 45950 bytes
2026-09-24 09:34:20,302 [INFO] [OK] Brazil/ECM_ENSEMBLE_Soy_PRCP/cumulative dia 14 (2026-09-24 → 2026-10-08) 46455 bytes
2026-09-24 09:34:20,329 [INFO] [OK] Brazil/ECM_ENSEMBLE_Corn_Winter_PRCP_DEP/daily dia 02 (2026-09-26 → 2026-09-26) 44650 bytes
2026-09-24 09:34:20,713 [INFO] [OK] Brazil/ECM_ENSEMBLE_Corn_Winter_PRCP_DEP/daily dia 03 (2026-09-27 → 2026-09-27) 44137 bytes
2026-09-24 09:34:21,074 [INFO] [OK] Brazil/ECM_ENSEMBLE_Corn_Winter_PRCP_DEP/daily dia 04 (2026-09-28 → 2026-09-28) 45147 bytes
2026-09-24 09:34:21,101 [INFO] [OK] Brazil/ECM_ENSEMBLE_Corn_Winter_PRCP_DEP/daily dia 05 (2026-09-29 → 2026-09-29) 48715 bytes
2026-09-24 09:34:21,394 [INFO] [OK] Brazil/ECM_ENSEMBLE_Corn_Winter_PRCP_DEP/daily dia 06 (2026-09-30 → 2026-09-30) 48953 bytes
2026-09-24 09:34:22,113 [INFO] [OK] Brazil/ECM_ENSEMBLE_Corn_Winter_PRCP_DEP/daily dia 07 (2026-10-01 → 2026-10-01) 48513 bytes
2026-09-24 09:34:22,168 [INFO] [OK] Brazil/ECM_ENSEMBLE_Corn_Winter_PRCP_DEP/daily dia 08 (2026-10-02 → 2026-10-02) 50625 bytes
2026-09-24 09:34:22,605 [INFO] [OK] Brazil/ECM_ENSEMBLE_Corn_Winter_PRCP_DEP/daily dia 09 (2026-10-03 → 2026-10-03) 49003 bytes
2026-09-24 09:34:23,102 [INFO] [OK] Brazil/ECM_ENSEMBLE_Corn_Winter_PRCP_DEP/daily dia 10 (2026-10-04 → 2026-10-04) 49084 bytes
2026-09-24 09:34:23,109 [INFO] [OK] Brazil/ECM_ENSEMBLE_Corn_Winter_PRCP_DEP/daily dia 12 (2026-10-06 → 2026-10-06) 49782 bytes
2026-09-24 09:34:23,109 [INFO] [OK] Brazil/ECM_ENSEMBLE_Corn_Winter_PRCP_DEP/daily dia 11 (2026-10-05 → 2026-10-05) 50225 bytes
2026-09-24 09:34:23,742 [INFO] [OK] Brazil/ECM_ENSEMBLE_Corn_Winter_PRCP_DEP/daily dia 14 (2026-10-08 → 2026-10-08) 52626 bytes
2026-09-24 09:34:23,913 [INFO] [OK] Brazil/ECM_ENSEMBLE_Corn_Winter_PRCP_DEP/daily dia 13 (2026-10-07 → 2026-10-07) 52082 bytes
2026-09-24 09:34:24,847 [INFO] [OK] Brazil/ECM_ENSEMBLE_Corn_Winter_PRCP_DEP/cumulative dia 00 (2026-09-24 → 2026-09-24) 45467 bytes
2026-09-24 09:34:25,109 [INFO] [OK] Brazil/ECM_ENSEMBLE_Corn_Winter_PRCP_DEP/cumulative dia 02 (2026-09-24 → 2026-09-26) 45700 bytes
2026-09-24 09:34:25,112 [INFO] [OK] Brazil/ECM_ENSEMBLE_Corn_Winter_PRCP_DEP/cumulative dia 01 (2026-09-24 → 2026-09-25) 44557 bytes
2026-09-24 09:34:25,349 [INFO] [OK] Brazil/ECM_ENSEMBLE_Corn_Winter_PRCP_DEP/cumulative dia 03 (2026-09-24 → 2026-09-27) 47910 bytes
2026-09-24 09:34:25,863 [INFO] [OK] Brazil/ECM_ENSEMBLE_Corn_Winter_PRCP_DEP/cumulative dia 04 (2026-09-24 → 2026-09-28) 48270 bytes
2026-09-24 09:34:26,209 [INFO] [OK] Brazil/ECM_ENSEMBLE_Corn_Winter_PRCP_DEP/cumulative dia 05 (2026-09-24 → 2026-09-29) 49552 bytes
2026-09-24 09:34:27,676 [INFO] [OK] Brazil/ECM_ENSEMBLE_Corn_Winter_PRCP_DEP/cumulative dia 06 (2026-09-24 → 2026-09-30) 51132 bytes
2026-09-24 09:34:28,302 [INFO] [OK] Brazil/ECM_ENSEMBLE_Corn_Winter_PRCP_DEP/cumulative dia 08 (2026-09-24 → 2026-10-02) 51758 bytes
2026-09-24 09:34:28,580 [INFO] [OK] Brazil/ECM_ENSEMBLE_Corn_Winter_PRCP_DEP/cumulative dia 07 (2026-09-24 → 2026-10-01) 51491 bytes
2026-09-24 09:34:28,790 [INFO] [OK] Brazil/ECM_ENSEMBLE_Corn_Winter_PRCP_DEP/cumulative dia 09 (2026-09-24 → 2026-10-03) 51247 bytes
2026-09-24 09:34:29,546 [INFO] [OK] Brazil/ECM_ENSEMBLE_Corn_Winter_PRCP_DEP/cumulative dia 10 (2026-09-24 → 2026-10-04) 50985 bytes
2026-09-24 09:34:29,996 [INFO] [OK] Brazil/ECM_ENSEMBLE_Corn_Winter_PRCP_DEP/cumulative dia 11 (2026-09-24 → 2026-10-05) 50564 bytes
2026-09-24 09:34:30,785 [INFO] [OK] Brazil/ECM_ENSEMBLE_Corn_Winter_PRCP/daily dia 00 (2026-09-24 → 2026-09-24) 29854 bytes
2026-09-24 09:34:31,288 [INFO] [OK] Brazil/ECM_ENSEMBLE_Corn_Winter_PRCP/daily dia 01 (2026-09-25 → 2026-09-25) 29266 bytes
2026-09-24 09:34:31,622 [INFO] [OK] Brazil/ECM_ENSEMBLE_Corn_Winter_PRCP_DEP/cumulative dia 12 (2026-09-24 → 2026-10-06) 50451 bytes
2026-09-24 09:34:31,951 [INFO] [OK] Brazil/ECM_ENSEMBLE_Corn_Winter_PRCP/daily dia 02 (2026-09-26 → 2026-09-26) 28928 bytes
2026-09-24 09:34:32,383 [INFO] [OK] Brazil/ECM_ENSEMBLE_Corn_Winter_PRCP_DEP/cumulative dia 13 (2026-09-24 → 2026-10-07) 50910 bytes
2026-09-24 09:34:32,676 [INFO] [OK] Brazil/ECM_ENSEMBLE_Corn_Winter_PRCP/daily dia 03 (2026-09-27 → 2026-09-27) 30744 bytes
2026-09-24 09:34:32,992 [INFO] [OK] Brazil/ECM_ENSEMBLE_Corn_Winter_PRCP/daily dia 04 (2026-09-28 → 2026-09-28) 31638 bytes
2026-09-24 09:34:33,043 [INFO] [OK] Brazil/ECM_ENSEMBLE_Corn_Winter_PRCP_DEP/cumulative dia 14 (2026-09-24 → 2026-10-08) 50515 bytes
2026-09-24 09:34:33,384 [INFO] [OK] Brazil/ECM_ENSEMBLE_Corn_Winter_PRCP/daily dia 05 (2026-09-29 → 2026-09-29) 33258 bytes
2026-09-24 09:34:33,700 [INFO] [OK] Brazil/ECM_ENSEMBLE_Corn_Winter_PRCP/daily dia 06 (2026-09-30 → 2026-09-30) 32669 bytes
2026-09-24 09:34:33,959 [INFO] [OK] Brazil/ECM_ENSEMBLE_Corn_Winter_PRCP/daily dia 07 (2026-10-01 → 2026-10-01) 31097 bytes
2026-09-24 09:34:34,837 [INFO] [OK] Brazil/ECM_ENSEMBLE_Corn_Winter_PRCP/daily dia 08 (2026-10-02 → 2026-10-02) 30639 bytes
2026-09-24 09:34:35,208 [INFO] [OK] Brazil/ECM_ENSEMBLE_Corn_Winter_PRCP/daily dia 10 (2026-10-04 → 2026-10-04) 32850 bytes
2026-09-24 09:34:35,263 [INFO] [OK] Brazil/ECM_ENSEMBLE_Corn_Winter_PRCP/daily dia 09 (2026-10-03 → 2026-10-03) 33143 bytes
2026-09-24 09:34:35,266 [INFO] [OK] Brazil/ECM_ENSEMBLE_Corn_Winter_PRCP/daily dia 11 (2026-10-05 → 2026-10-05) 32660 bytes
2026-09-24 09:34:35,698 [INFO] [OK] Brazil/ECM_ENSEMBLE_Corn_Winter_PRCP/daily dia 12 (2026-10-06 → 2026-10-06) 31266 bytes
2026-09-24 09:34:35,895 [INFO] [OK] Brazil/ECM_ENSEMBLE_Corn_Winter_PRCP/daily dia 13 (2026-10-07 → 2026-10-07) 30709 bytes
2026-09-24 09:34:36,820 [INFO] [OK] Brazil/ECM_ENSEMBLE_Corn_Winter_PRCP/daily dia 14 (2026-10-08 → 2026-10-08) 30263 bytes
2026-09-24 09:34:37,395 [INFO] [OK] Brazil/ECM_ENSEMBLE_Corn_Winter_PRCP/cumulative dia 00 (2026-09-24 → 2026-09-24) 29854 bytes
2026-09-24 09:34:37,501 [INFO] [OK] Brazil/ECM_ENSEMBLE_Corn_Winter_PRCP/cumulative dia 01 (2026-09-24 → 2026-09-25) 31851 bytes
2026-09-24 09:34:37,993 [INFO] [OK] Brazil/ECM_ENSEMBLE_Corn_Winter_PRCP/cumulative dia 02 (2026-09-24 → 2026-09-26) 33641 bytes
2026-09-24 09:34:38,275 [INFO] [OK] Brazil/ECM_ENSEMBLE_Corn_Winter_PRCP/cumulative dia 04 (2026-09-24 → 2026-09-28) 37606 bytes
2026-09-24 09:34:38,307 [INFO] [OK] Brazil/ECM_ENSEMBLE_Corn_Winter_PRCP/cumulative dia 03 (2026-09-24 → 2026-09-27) 36103 bytes
2026-09-24 09:34:39,410 [INFO] [OK] Brazil/ECM_ENSEMBLE_Corn_Winter_PRCP/cumulative dia 05 (2026-09-24 → 2026-09-29) 39714 bytes
2026-09-24 09:34:40,505 [INFO] [OK] Brazil/ECM_ENSEMBLE_Corn_Winter_PRCP/cumulative dia 06 (2026-09-24 → 2026-09-30) 41310 bytes
2026-09-24 09:34:41,221 [INFO] [OK] Brazil/ECM_ENSEMBLE_Corn_Winter_PRCP/cumulative dia 07 (2026-09-24 → 2026-10-01) 41764 bytes
2026-09-24 09:34:42,117 [INFO] [OK] Brazil/ECM_ENSEMBLE_Corn_Winter_PRCP/cumulative dia 08 (2026-09-24 → 2026-10-02) 42523 bytes
2026-09-24 09:34:42,707 [INFO] [OK] Brazil/ECM_ENSEMBLE_Corn_Winter_PRCP/cumulative dia 09 (2026-09-24 → 2026-10-03) 43065 bytes
2026-09-24 09:34:42,708 [INFO] [OK] Brazil/ECM_ENSEMBLE_Corn_Winter_PRCP/cumulative dia 10 (2026-09-24 → 2026-10-04) 43277 bytes
2026-09-24 09:34:44,385 [INFO] [OK] Argentina/GFS_ENSEMBLE_Soy_PRCP_DEP/daily dia 01 (2026-09-25 → 2026-09-25) 31971 bytes
2026-09-24 09:34:44,385 [INFO] [OK] Brazil/ECM_ENSEMBLE_Corn_Winter_PRCP/cumulative dia 11 (2026-09-24 → 2026-10-05) 43524 bytes
2026-09-24 09:34:44,412 [INFO] [OK] Argentina/GFS_ENSEMBLE_Soy_PRCP_DEP/daily dia 00 (2026-09-24 → 2026-09-24) 31814 bytes
2026-09-24 09:34:45,541 [INFO] [OK] Brazil/ECM_ENSEMBLE_Corn_Winter_PRCP/cumulative dia 12 (2026-09-24 → 2026-10-06) 43729 bytes
2026-09-24 09:34:46,169 [INFO] [OK] Argentina/GFS_ENSEMBLE_Soy_PRCP_DEP/daily dia 04 (2026-09-28 → 2026-09-28) 37755 bytes
2026-09-24 09:34:46,243 [INFO] [OK] Argentina/GFS_ENSEMBLE_Soy_PRCP_DEP/daily dia 03 (2026-09-27 → 2026-09-27) 35226 bytes
2026-09-24 09:34:46,503 [INFO] [OK] Argentina/GFS_ENSEMBLE_Soy_PRCP_DEP/daily dia 02 (2026-09-26 → 2026-09-26) 31840 bytes
2026-09-24 09:34:46,648 [INFO] [OK] Brazil/ECM_ENSEMBLE_Corn_Winter_PRCP/cumulative dia 13 (2026-09-24 → 2026-10-07) 44213 bytes
2026-09-24 09:34:47,140 [INFO] [OK] Argentina/GFS_ENSEMBLE_Soy_PRCP_DEP/daily dia 05 (2026-09-29 → 2026-09-29) 39552 bytes
2026-09-24 09:34:48,116 [INFO] [OK] Argentina/GFS_ENSEMBLE_Soy_PRCP_DEP/daily dia 06 (2026-09-30 → 2026-09-30) 38518 bytes
2026-09-24 09:34:48,210 [INFO] [OK] Argentina/GFS_ENSEMBLE_Soy_PRCP_DEP/daily dia 07 (2026-10-01 → 2026-10-01) 39350 bytes
2026-09-24 09:34:48,380 [INFO] [OK] Argentina/GFS_ENSEMBLE_Soy_PRCP_DEP/daily dia 08 (2026-10-02 → 2026-10-02) 41955 bytes
2026-09-24 09:34:48,547 [INFO] [OK] Brazil/ECM_ENSEMBLE_Corn_Winter_PRCP/cumulative dia 14 (2026-09-24 → 2026-10-08) 44581 bytes
2026-09-24 09:34:48,610 [INFO] [OK] Argentina/GFS_ENSEMBLE_Soy_PRCP_DEP/daily dia 09 (2026-10-03 → 2026-10-03) 44832 bytes
2026-09-24 09:34:48,925 [INFO] [OK] Argentina/GFS_ENSEMBLE_Soy_PRCP_DEP/daily dia 10 (2026-10-04 → 2026-10-04) 42572 bytes
2026-09-24 09:34:49,862 [INFO] [OK] Argentina/GFS_ENSEMBLE_Soy_PRCP_DEP/daily dia 12 (2026-10-06 → 2026-10-06) 43870 bytes
2026-09-24 09:34:50,143 [INFO] [OK] Argentina/GFS_ENSEMBLE_Soy_PRCP_DEP/daily dia 13 (2026-10-07 → 2026-10-07) 44400 bytes
2026-09-24 09:34:50,163 [INFO] [OK] Argentina/GFS_ENSEMBLE_Soy_PRCP_DEP/daily dia 11 (2026-10-05 → 2026-10-05) 41864 bytes
2026-09-24 09:34:50,290 [INFO] [OK] Argentina/GFS_ENSEMBLE_Soy_PRCP_DEP/cumulative dia 00 (2026-09-24 → 2026-09-24) 31814 bytes
2026-09-24 09:34:50,433 [INFO] [OK] Argentina/GFS_ENSEMBLE_Soy_PRCP_DEP/daily dia 14 (2026-10-08 → 2026-10-08) 45158 bytes
2026-09-24 09:34:50,657 [INFO] [OK] Argentina/GFS_ENSEMBLE_Soy_PRCP_DEP/cumulative dia 01 (2026-09-24 → 2026-09-25) 32710 bytes
2026-09-24 09:34:52,058 [INFO] [OK] Argentina/GFS_ENSEMBLE_Soy_PRCP_DEP/cumulative dia 02 (2026-09-24 → 2026-09-26) 34153 bytes
2026-09-24 09:34:52,830 [INFO] [OK] Argentina/GFS_ENSEMBLE_Soy_PRCP_DEP/cumulative dia 03 (2026-09-24 → 2026-09-27) 36053 bytes
2026-09-24 09:34:53,004 [INFO] [OK] Argentina/GFS_ENSEMBLE_Soy_PRCP_DEP/cumulative dia 04 (2026-09-24 → 2026-09-28) 39632 bytes
2026-09-24 09:34:53,497 [INFO] [OK] Argentina/GFS_ENSEMBLE_Soy_PRCP_DEP/cumulative dia 06 (2026-09-24 → 2026-09-30) 41816 bytes
2026-09-24 09:34:53,714 [INFO] [OK] Argentina/GFS_ENSEMBLE_Soy_PRCP_DEP/cumulative dia 05 (2026-09-24 → 2026-09-29) 40449 bytes
2026-09-24 09:34:54,340 [INFO] [OK] Argentina/GFS_ENSEMBLE_Soy_PRCP_DEP/cumulative dia 07 (2026-09-24 → 2026-10-01) 42982 bytes
2026-09-24 09:34:55,885 [INFO] [OK] Argentina/GFS_ENSEMBLE_Soy_PRCP_DEP/cumulative dia 08 (2026-09-24 → 2026-10-02) 43702 bytes
2026-09-24 09:34:56,942 [INFO] [OK] Argentina/GFS_ENSEMBLE_Soy_PRCP_DEP/cumulative dia 09 (2026-09-24 → 2026-10-03) 43528 bytes
2026-09-24 09:34:57,470 [INFO] [OK] Argentina/GFS_ENSEMBLE_Soy_PRCP_DEP/cumulative dia 10 (2026-09-24 → 2026-10-04) 44199 bytes
2026-09-24 09:34:57,745 [INFO] [OK] Argentina/GFS_ENSEMBLE_Soy_PRCP_DEP/cumulative dia 11 (2026-09-24 → 2026-10-05) 43764 bytes
2026-09-24 09:34:58,012 [INFO] [OK] Argentina/GFS_ENSEMBLE_Soy_PRCP_DEP/cumulative dia 12 (2026-09-24 → 2026-10-06) 43393 bytes
2026-09-24 09:34:58,609 [INFO] [OK] Argentina/GFS_ENSEMBLE_Soy_PRCP/daily dia 00 (2026-09-24 → 2026-09-24) 27862 bytes
2026-09-24 09:34:58,648 [INFO] [OK] Argentina/GFS_ENSEMBLE_Soy_PRCP_DEP/cumulative dia 13 (2026-09-24 → 2026-10-07) 43191 bytes
2026-09-24 09:34:59,540 [INFO] [OK] Argentina/GFS_ENSEMBLE_Soy_PRCP/daily dia 01 (2026-09-25 → 2026-09-25) 26977 bytes
2026-09-24 09:34:59,737 [INFO] [OK] Argentina/GFS_ENSEMBLE_Soy_PRCP/daily dia 02 (2026-09-26 → 2026-09-26) 27515 bytes
2026-09-24 09:35:00,059 [INFO] [OK] Argentina/GFS_ENSEMBLE_Soy_PRCP/daily dia 03 (2026-09-27 → 2026-09-27) 28597 bytes
2026-09-24 09:35:00,285 [INFO] [OK] Argentina/GFS_ENSEMBLE_Soy_PRCP_DEP/cumulative dia 14 (2026-09-24 → 2026-10-08) 43242 bytes
2026-09-24 09:35:00,381 [INFO] [OK] Argentina/GFS_ENSEMBLE_Soy_PRCP/daily dia 04 (2026-09-28 → 2026-09-28) 30014 bytes
2026-09-24 09:35:00,469 [INFO] [OK] Argentina/GFS_ENSEMBLE_Soy_PRCP/daily dia 05 (2026-09-29 → 2026-09-29) 31584 bytes
2026-09-24 09:35:01,302 [INFO] [OK] Argentina/GFS_ENSEMBLE_Soy_PRCP/daily dia 06 (2026-09-30 → 2026-09-30) 30626 bytes
2026-09-24 09:35:01,612 [INFO] [OK] Argentina/GFS_ENSEMBLE_Soy_PRCP/daily dia 07 (2026-10-01 → 2026-10-01) 29748 bytes
2026-09-24 09:35:01,819 [INFO] [OK] Argentina/GFS_ENSEMBLE_Soy_PRCP/daily dia 08 (2026-10-02 → 2026-10-02) 29308 bytes
2026-09-24 09:35:02,326 [INFO] [OK] Argentina/GFS_ENSEMBLE_Soy_PRCP/daily dia 09 (2026-10-03 → 2026-10-03) 30001 bytes
2026-09-24 09:35:02,353 [INFO] [OK] Argentina/GFS_ENSEMBLE_Soy_PRCP/daily dia 10 (2026-10-04 → 2026-10-04) 31331 bytes
2026-09-24 09:35:02,470 [INFO] [OK] Argentina/GFS_ENSEMBLE_Soy_PRCP/daily dia 11 (2026-10-05 → 2026-10-05) 30645 bytes
2026-09-24 09:35:03,097 [INFO] [OK] Argentina/GFS_ENSEMBLE_Soy_PRCP/daily dia 12 (2026-10-06 → 2026-10-06) 29297 bytes
2026-09-24 09:35:03,323 [INFO] [OK] Argentina/GFS_ENSEMBLE_Soy_PRCP/daily dia 13 (2026-10-07 → 2026-10-07) 29101 bytes
2026-09-24 09:35:03,444 [INFO] [OK] Argentina/GFS_ENSEMBLE_Soy_PRCP/daily dia 14 (2026-10-08 → 2026-10-08) 29505 bytes
2026-09-24 09:35:03,976 [INFO] [OK] Argentina/GFS_ENSEMBLE_Soy_PRCP/cumulative dia 00 (2026-09-24 → 2026-09-24) 27862 bytes
2026-09-24 09:35:04,054 [INFO] [OK] Argentina/GFS_ENSEMBLE_Soy_PRCP/cumulative dia 01 (2026-09-24 → 2026-09-25) 28453 bytes
2026-09-24 09:35:04,089 [INFO] [OK] Argentina/GFS_ENSEMBLE_Soy_PRCP/cumulative dia 02 (2026-09-24 → 2026-09-26) 29811 bytes
2026-09-24 09:35:05,360 [INFO] [OK] Argentina/GFS_ENSEMBLE_Soy_PRCP/cumulative dia 03 (2026-09-24 → 2026-09-27) 32106 bytes
2026-09-24 09:35:05,987 [INFO] [OK] Argentina/GFS_ENSEMBLE_Soy_PRCP/cumulative dia 04 (2026-09-24 → 2026-09-28) 34053 bytes
2026-09-24 09:35:06,445 [INFO] [OK] Argentina/GFS_ENSEMBLE_Soy_PRCP/cumulative dia 05 (2026-09-24 → 2026-09-29) 36342 bytes
2026-09-24 09:35:06,949 [INFO] [OK] Argentina/GFS_ENSEMBLE_Soy_PRCP/cumulative dia 06 (2026-09-24 → 2026-09-30) 37510 bytes
2026-09-24 09:35:07,487 [INFO] [OK] Argentina/GFS_ENSEMBLE_Soy_PRCP/cumulative dia 07 (2026-09-24 → 2026-10-01) 38385 bytes
2026-09-24 09:35:07,646 [INFO] [OK] Argentina/GFS_ENSEMBLE_Soy_PRCP/cumulative dia 08 (2026-09-24 → 2026-10-02) 38853 bytes
2026-09-24 09:35:08,933 [INFO] [OK] Argentina/GFS_ENSEMBLE_Soy_PRCP/cumulative dia 09 (2026-09-24 → 2026-10-03) 38791 bytes
2026-09-24 09:35:09,966 [INFO] [OK] Argentina/GFS_ENSEMBLE_Soy_PRCP/cumulative dia 10 (2026-09-24 → 2026-10-04) 39420 bytes
2026-09-24 09:35:10,771 [INFO] [OK] Argentina/GFS_ENSEMBLE_Corn_Winter_PRCP_DEP/daily dia 00 (2026-09-24 → 2026-09-24) 30206 bytes
2026-09-24 09:35:11,313 [INFO] [OK] Argentina/GFS_ENSEMBLE_Soy_PRCP/cumulative dia 12 (2026-09-24 → 2026-10-06) 39408 bytes
2026-09-24 09:35:11,468 [INFO] [OK] Argentina/GFS_ENSEMBLE_Soy_PRCP/cumulative dia 11 (2026-09-24 → 2026-10-05) 39367 bytes
2026-09-24 09:35:11,919 [INFO] [OK] Argentina/GFS_ENSEMBLE_Corn_Winter_PRCP_DEP/daily dia 01 (2026-09-25 → 2026-09-25) 30292 bytes
2026-09-24 09:35:11,985 [INFO] [OK] Argentina/GFS_ENSEMBLE_Soy_PRCP/cumulative dia 13 (2026-09-24 → 2026-10-07) 39693 bytes
2026-09-24 09:35:12,105 [INFO] [OK] Argentina/GFS_ENSEMBLE_Soy_PRCP/cumulative dia 14 (2026-09-24 → 2026-10-08) 39425 bytes
2026-09-24 09:35:12,368 [INFO] [OK] Argentina/GFS_ENSEMBLE_Corn_Winter_PRCP_DEP/daily dia 02 (2026-09-26 → 2026-09-26) 30190 bytes
2026-09-24 09:35:13,248 [INFO] [OK] Argentina/GFS_ENSEMBLE_Corn_Winter_PRCP_DEP/daily dia 04 (2026-09-28 → 2026-09-28) 35939 bytes
2026-09-24 09:35:13,320 [INFO] [OK] Argentina/GFS_ENSEMBLE_Corn_Winter_PRCP_DEP/daily dia 03 (2026-09-27 → 2026-09-27) 33218 bytes
2026-09-24 09:35:14,186 [INFO] [OK] Argentina/GFS_ENSEMBLE_Corn_Winter_PRCP_DEP/daily dia 07 (2026-10-01 → 2026-10-01) 37657 bytes
2026-09-24 09:35:14,314 [INFO] [OK] Argentina/GFS_ENSEMBLE_Corn_Winter_PRCP_DEP/daily dia 05 (2026-09-29 → 2026-09-29) 37631 bytes
2026-09-24 09:35:14,454 [INFO] [OK] Argentina/GFS_ENSEMBLE_Corn_Winter_PRCP_DEP/daily dia 08 (2026-10-02 → 2026-10-02) 40382 bytes
2026-09-24 09:35:14,771 [INFO] [OK] Argentina/GFS_ENSEMBLE_Corn_Winter_PRCP_DEP/daily dia 06 (2026-09-30 → 2026-09-30) 36817 bytes
2026-09-24 09:35:15,697 [INFO] [OK] Argentina/GFS_ENSEMBLE_Corn_Winter_PRCP_DEP/daily dia 09 (2026-10-03 → 2026-10-03) 43286 bytes
2026-09-24 09:35:15,777 [INFO] [OK] Argentina/GFS_ENSEMBLE_Corn_Winter_PRCP_DEP/daily dia 10 (2026-10-04 → 2026-10-04) 41153 bytes
2026-09-24 09:35:16,409 [INFO] [OK] Argentina/GFS_ENSEMBLE_Corn_Winter_PRCP_DEP/daily dia 11 (2026-10-05 → 2026-10-05) 40189 bytes
2026-09-24 09:35:16,775 [INFO] [OK] Argentina/GFS_ENSEMBLE_Corn_Winter_PRCP_DEP/daily dia 12 (2026-10-06 → 2026-10-06) 41992 bytes
2026-09-24 09:35:17,065 [INFO] [OK] Argentina/GFS_ENSEMBLE_Corn_Winter_PRCP_DEP/daily dia 14 (2026-10-08 → 2026-10-08) 43711 bytes
2026-09-24 09:35:17,863 [INFO] [OK] Argentina/GFS_ENSEMBLE_Corn_Winter_PRCP_DEP/daily dia 13 (2026-10-07 → 2026-10-07) 42838 bytes
2026-09-24 09:35:18,244 [INFO] [OK] Argentina/GFS_ENSEMBLE_Corn_Winter_PRCP_DEP/cumulative dia 00 (2026-09-24 → 2026-09-24) 30206 bytes
2026-09-24 09:35:18,432 [INFO] [OK] Argentina/GFS_ENSEMBLE_Corn_Winter_PRCP_DEP/cumulative dia 01 (2026-09-24 → 2026-09-25) 31020 bytes
2026-09-24 09:35:19,767 [INFO] [OK] Argentina/GFS_ENSEMBLE_Corn_Winter_PRCP_DEP/cumulative dia 02 (2026-09-24 → 2026-09-26) 32519 bytes
2026-09-24 09:35:21,386 [INFO] [OK] Argentina/GFS_ENSEMBLE_Corn_Winter_PRCP_DEP/cumulative dia 03 (2026-09-24 → 2026-09-27) 34153 bytes
2026-09-24 09:35:21,633 [INFO] [OK] Argentina/GFS_ENSEMBLE_Corn_Winter_PRCP_DEP/cumulative dia 04 (2026-09-24 → 2026-09-28) 37777 bytes
2026-09-24 09:35:23,141 [INFO] [OK] Argentina/GFS_ENSEMBLE_Corn_Winter_PRCP_DEP/cumulative dia 05 (2026-09-24 → 2026-09-29) 38803 bytes
2026-09-24 09:35:23,769 [INFO] [OK] Argentina/GFS_ENSEMBLE_Corn_Winter_PRCP_DEP/cumulative dia 06 (2026-09-24 → 2026-09-30) 40074 bytes
2026-09-24 09:35:24,422 [INFO] [OK] Argentina/GFS_ENSEMBLE_Corn_Winter_PRCP_DEP/cumulative dia 07 (2026-09-24 → 2026-10-01) 41370 bytes
2026-09-24 09:35:27,641 [INFO] [OK] Argentina/GFS_ENSEMBLE_Corn_Winter_PRCP_DEP/cumulative dia 08 (2026-09-24 → 2026-10-02) 41918 bytes
2026-09-24 09:35:28,901 [INFO] [OK] Argentina/GFS_ENSEMBLE_Corn_Winter_PRCP_DEP/cumulative dia 10 (2026-09-24 → 2026-10-04) 42195 bytes
2026-09-24 09:35:29,464 [INFO] [OK] Argentina/GFS_ENSEMBLE_Corn_Winter_PRCP_DEP/cumulative dia 09 (2026-09-24 → 2026-10-03) 41826 bytes
2026-09-24 09:35:32,082 [INFO] [OK] Argentina/GFS_ENSEMBLE_Corn_Winter_PRCP/daily dia 00 (2026-09-24 → 2026-09-24) 26003 bytes
2026-09-24 09:35:32,924 [INFO] [OK] Argentina/GFS_ENSEMBLE_Corn_Winter_PRCP/daily dia 01 (2026-09-25 → 2026-09-25) 24957 bytes
2026-09-24 09:35:33,010 [INFO] [OK] Argentina/GFS_ENSEMBLE_Corn_Winter_PRCP_DEP/cumulative dia 11 (2026-09-24 → 2026-10-05) 42085 bytes
2026-09-24 09:35:33,546 [INFO] [OK] Argentina/GFS_ENSEMBLE_Corn_Winter_PRCP_DEP/cumulative dia 12 (2026-09-24 → 2026-10-06) 41868 bytes
2026-09-24 09:35:34,459 [INFO] [OK] Argentina/GFS_ENSEMBLE_Corn_Winter_PRCP_DEP/cumulative dia 13 (2026-09-24 → 2026-10-07) 41533 bytes
2026-09-24 09:35:35,454 [INFO] [OK] Argentina/GFS_ENSEMBLE_Corn_Winter_PRCP/daily dia 02 (2026-09-26 → 2026-09-26) 25382 bytes
2026-09-24 09:35:35,725 [INFO] [OK] Argentina/GFS_ENSEMBLE_Corn_Winter_PRCP/daily dia 03 (2026-09-27 → 2026-09-27) 26745 bytes
2026-09-24 09:35:36,292 [INFO] [OK] Argentina/GFS_ENSEMBLE_Corn_Winter_PRCP/daily dia 04 (2026-09-28 → 2026-09-28) 28277 bytes
2026-09-24 09:35:36,487 [INFO] [OK] Argentina/GFS_ENSEMBLE_Corn_Winter_PRCP/daily dia 05 (2026-09-29 → 2026-09-29) 29592 bytes
2026-09-24 09:35:37,380 [INFO] [OK] Argentina/GFS_ENSEMBLE_Corn_Winter_PRCP/daily dia 06 (2026-09-30 → 2026-09-30) 28675 bytes
2026-09-24 09:35:37,462 [INFO] [OK] Argentina/GFS_ENSEMBLE_Corn_Winter_PRCP_DEP/cumulative dia 14 (2026-09-24 → 2026-10-08) 41756 bytes
2026-09-24 09:35:38,407 [INFO] [OK] Argentina/GFS_ENSEMBLE_Corn_Winter_PRCP/daily dia 07 (2026-10-01 → 2026-10-01) 27994 bytes
2026-09-24 09:35:38,831 [INFO] [OK] Argentina/GFS_ENSEMBLE_Corn_Winter_PRCP/daily dia 09 (2026-10-03 → 2026-10-03) 28372 bytes
2026-09-24 09:35:38,838 [INFO] [OK] Argentina/GFS_ENSEMBLE_Corn_Winter_PRCP/daily dia 08 (2026-10-02 → 2026-10-02) 27657 bytes
2026-09-24 09:35:39,237 [INFO] [OK] Argentina/GFS_ENSEMBLE_Corn_Winter_PRCP/daily dia 10 (2026-10-04 → 2026-10-04) 29722 bytes
2026-09-24 09:35:40,127 [INFO] [OK] Argentina/GFS_ENSEMBLE_Corn_Winter_PRCP/daily dia 11 (2026-10-05 → 2026-10-05) 28750 bytes
2026-09-24 09:35:40,383 [INFO] [OK] Argentina/GFS_ENSEMBLE_Corn_Winter_PRCP/daily dia 12 (2026-10-06 → 2026-10-06) 27762 bytes
2026-09-24 09:35:41,365 [INFO] [OK] Argentina/GFS_ENSEMBLE_Corn_Winter_PRCP/daily dia 13 (2026-10-07 → 2026-10-07) 27399 bytes
2026-09-24 09:35:41,808 [INFO] [OK] Argentina/GFS_ENSEMBLE_Corn_Winter_PRCP/daily dia 14 (2026-10-08 → 2026-10-08) 27754 bytes
2026-09-24 09:35:41,958 [INFO] [OK] Argentina/GFS_ENSEMBLE_Corn_Winter_PRCP/cumulative dia 00 (2026-09-24 → 2026-09-24) 26003 bytes
2026-09-24 09:35:42,600 [INFO] [OK] Argentina/GFS_ENSEMBLE_Corn_Winter_PRCP/cumulative dia 01 (2026-09-24 → 2026-09-25) 26542 bytes
2026-09-24 09:35:44,026 [INFO] [OK] Argentina/GFS_ENSEMBLE_Corn_Winter_PRCP/cumulative dia 02 (2026-09-24 → 2026-09-26) 27784 bytes
2026-09-24 09:35:44,418 [INFO] [OK] Argentina/GFS_ENSEMBLE_Corn_Winter_PRCP/cumulative dia 03 (2026-09-24 → 2026-09-27) 30182 bytes
2026-09-24 09:35:45,644 [INFO] [OK] Argentina/GFS_ENSEMBLE_Corn_Winter_PRCP/cumulative dia 04 (2026-09-24 → 2026-09-28) 31949 bytes
2026-09-24 09:35:46,928 [INFO] [OK] Argentina/GFS_ENSEMBLE_Corn_Winter_PRCP/cumulative dia 05 (2026-09-24 → 2026-09-29) 34247 bytes
2026-09-24 09:35:47,064 [INFO] [OK] Argentina/GFS_ENSEMBLE_Corn_Winter_PRCP/cumulative dia 06 (2026-09-24 → 2026-09-30) 35530 bytes
2026-09-24 09:35:47,786 [INFO] [OK] Argentina/GFS_ENSEMBLE_Corn_Winter_PRCP/cumulative dia 07 (2026-09-24 → 2026-10-01) 36690 bytes
2026-09-24 09:35:49,686 [INFO] [OK] Argentina/GFS_ENSEMBLE_Corn_Winter_PRCP/cumulative dia 08 (2026-09-24 → 2026-10-02) 37051 bytes
2026-09-24 09:35:51,000 [INFO] [OK] Argentina/GFS_ENSEMBLE_Corn_Winter_PRCP/cumulative dia 09 (2026-09-24 → 2026-10-03) 36779 bytes
2026-09-24 09:35:51,812 [INFO] [OK] Argentina/GFS_ENSEMBLE_Corn_Winter_PRCP/cumulative dia 10 (2026-09-24 → 2026-10-04) 37448 bytes
2026-09-24 09:35:53,404 [INFO] [OK] Argentina/GFS_ENSEMBLE_Corn_Winter_PRCP/cumulative dia 11 (2026-09-24 → 2026-10-05) 37606 bytes
2026-09-24 09:35:53,563 [INFO] [OK] Argentina/ECM_ENSEMBLE_Soy_PRCP_DEP/daily dia 00 (2026-09-24 → 2026-09-24) 34040 bytes
2026-09-24 09:35:53,685 [INFO] [OK] Argentina/GFS_ENSEMBLE_Corn_Winter_PRCP/cumulative dia 12 (2026-09-24 → 2026-10-06) 37323 bytes
2026-09-24 09:35:54,144 [INFO] [OK] Argentina/ECM_ENSEMBLE_Soy_PRCP_DEP/daily dia 01 (2026-09-25 → 2026-09-25) 34335 bytes
2026-09-24 09:35:54,209 [INFO] [OK] Argentina/GFS_ENSEMBLE_Corn_Winter_PRCP/cumulative dia 13 (2026-09-24 → 2026-10-07) 37710 bytes
2026-09-24 09:35:55,630 [INFO] [OK] Argentina/ECM_ENSEMBLE_Soy_PRCP_DEP/daily dia 02 (2026-09-26 → 2026-09-26) 34984 bytes
2026-09-24 09:35:56,011 [INFO] [OK] Argentina/ECM_ENSEMBLE_Soy_PRCP_DEP/daily dia 04 (2026-09-28 → 2026-09-28) 36420 bytes
2026-09-24 09:35:56,122 [INFO] [OK] Argentina/ECM_ENSEMBLE_Soy_PRCP_DEP/daily dia 03 (2026-09-27 → 2026-09-27) 35042 bytes
2026-09-24 09:35:56,175 [INFO] [OK] Argentina/ECM_ENSEMBLE_Soy_PRCP_DEP/daily dia 05 (2026-09-29 → 2026-09-29) 40273 bytes
2026-09-24 09:35:56,707 [INFO] [OK] Argentina/ECM_ENSEMBLE_Soy_PRCP_DEP/daily dia 06 (2026-09-30 → 2026-09-30) 40946 bytes
2026-09-24 09:35:56,760 [INFO] [OK] Argentina/GFS_ENSEMBLE_Corn_Winter_PRCP/cumulative dia 14 (2026-09-24 → 2026-10-08) 37737 bytes
2026-09-24 09:35:57,763 [INFO] [OK] Argentina/ECM_ENSEMBLE_Soy_PRCP_DEP/daily dia 07 (2026-10-01 → 2026-10-01) 40952 bytes
2026-09-24 09:35:57,939 [INFO] [OK] Argentina/ECM_ENSEMBLE_Soy_PRCP_DEP/daily dia 08 (2026-10-02 → 2026-10-02) 41870 bytes
2026-09-24 09:35:58,213 [INFO] [OK] Argentina/ECM_ENSEMBLE_Soy_PRCP_DEP/daily dia 09 (2026-10-03 → 2026-10-03) 39890 bytes
2026-09-24 09:35:58,409 [INFO] [OK] Argentina/ECM_ENSEMBLE_Soy_PRCP_DEP/daily dia 10 (2026-10-04 → 2026-10-04) 40194 bytes
2026-09-24 09:35:58,850 [INFO] [OK] Argentina/ECM_ENSEMBLE_Soy_PRCP_DEP/daily dia 12 (2026-10-06 → 2026-10-06) 41248 bytes
2026-09-24 09:35:58,869 [INFO] [OK] Argentina/ECM_ENSEMBLE_Soy_PRCP_DEP/daily dia 11 (2026-10-05 → 2026-10-05) 40916 bytes
2026-09-24 09:35:59,745 [INFO] [OK] Argentina/ECM_ENSEMBLE_Soy_PRCP_DEP/daily dia 13 (2026-10-07 → 2026-10-07) 43313 bytes
2026-09-24 09:36:00,046 [INFO] [OK] Argentina/ECM_ENSEMBLE_Soy_PRCP_DEP/daily dia 14 (2026-10-08 → 2026-10-08) 45448 bytes
2026-09-24 09:36:00,483 [INFO] [OK] Argentina/ECM_ENSEMBLE_Soy_PRCP_DEP/cumulative dia 00 (2026-09-24 → 2026-09-24) 34040 bytes
2026-09-24 09:36:01,008 [INFO] [OK] Argentina/ECM_ENSEMBLE_Soy_PRCP_DEP/cumulative dia 01 (2026-09-24 → 2026-09-25) 34028 bytes
2026-09-24 09:36:01,442 [INFO] [OK] Argentina/ECM_ENSEMBLE_Soy_PRCP_DEP/cumulative dia 02 (2026-09-24 → 2026-09-26) 35307 bytes
2026-09-24 09:36:01,770 [INFO] [OK] Argentina/ECM_ENSEMBLE_Soy_PRCP_DEP/cumulative dia 03 (2026-09-24 → 2026-09-27) 38279 bytes
2026-09-24 09:36:03,004 [INFO] [OK] Argentina/ECM_ENSEMBLE_Soy_PRCP_DEP/cumulative dia 05 (2026-09-24 → 2026-09-29) 41139 bytes
2026-09-24 09:36:03,147 [INFO] [OK] Argentina/ECM_ENSEMBLE_Soy_PRCP_DEP/cumulative dia 04 (2026-09-24 → 2026-09-28) 39764 bytes
2026-09-24 09:36:04,582 [INFO] [OK] Argentina/ECM_ENSEMBLE_Soy_PRCP_DEP/cumulative dia 06 (2026-09-24 → 2026-09-30) 41997 bytes
2026-09-24 09:36:04,898 [INFO] [OK] Argentina/ECM_ENSEMBLE_Soy_PRCP_DEP/cumulative dia 07 (2026-09-24 → 2026-10-01) 42440 bytes
2026-09-24 09:36:05,592 [INFO] [OK] Argentina/ECM_ENSEMBLE_Soy_PRCP_DEP/cumulative dia 08 (2026-09-24 → 2026-10-02) 43034 bytes
2026-09-24 09:36:06,710 [INFO] [OK] Argentina/ECM_ENSEMBLE_Soy_PRCP_DEP/cumulative dia 09 (2026-09-24 → 2026-10-03) 42815 bytes
2026-09-24 09:36:08,509 [INFO] [OK] Argentina/ECM_ENSEMBLE_Soy_PRCP_DEP/cumulative dia 10 (2026-09-24 → 2026-10-04) 42693 bytes
2026-09-24 09:36:08,559 [INFO] [OK] Argentina/ECM_ENSEMBLE_Soy_PRCP_DEP/cumulative dia 11 (2026-09-24 → 2026-10-05) 41964 bytes
2026-09-24 09:36:08,966 [INFO] [OK] Argentina/ECM_ENSEMBLE_Soy_PRCP/daily dia 00 (2026-09-24 → 2026-09-24) 28498 bytes
2026-09-24 09:36:10,551 [INFO] [OK] Argentina/ECM_ENSEMBLE_Soy_PRCP_DEP/cumulative dia 12 (2026-09-24 → 2026-10-06) 41627 bytes
2026-09-24 09:36:10,752 [INFO] [OK] Argentina/ECM_ENSEMBLE_Soy_PRCP/daily dia 02 (2026-09-26 → 2026-09-26) 27673 bytes
2026-09-24 09:36:10,760 [INFO] [OK] Argentina/ECM_ENSEMBLE_Soy_PRCP/daily dia 01 (2026-09-25 → 2026-09-25) 26725 bytes
2026-09-24 09:36:10,801 [INFO] [OK] Argentina/ECM_ENSEMBLE_Soy_PRCP_DEP/cumulative dia 13 (2026-09-24 → 2026-10-07) 41732 bytes
2026-09-24 09:36:11,055 [INFO] [OK] Argentina/ECM_ENSEMBLE_Soy_PRCP/daily dia 03 (2026-09-27 → 2026-09-27) 29511 bytes
2026-09-24 09:36:11,529 [INFO] [OK] Argentina/ECM_ENSEMBLE_Soy_PRCP_DEP/cumulative dia 14 (2026-09-24 → 2026-10-08) 41372 bytes
2026-09-24 09:36:12,509 [INFO] [OK] Argentina/ECM_ENSEMBLE_Soy_PRCP/daily dia 04 (2026-09-28 → 2026-09-28) 30211 bytes
2026-09-24 09:36:12,881 [INFO] [OK] Argentina/ECM_ENSEMBLE_Soy_PRCP/daily dia 07 (2026-10-01 → 2026-10-01) 30057 bytes
2026-09-24 09:36:12,945 [INFO] [OK] Argentina/ECM_ENSEMBLE_Soy_PRCP/daily dia 06 (2026-09-30 → 2026-09-30) 31701 bytes
2026-09-24 09:36:12,958 [INFO] [OK] Argentina/ECM_ENSEMBLE_Soy_PRCP/daily dia 05 (2026-09-29 → 2026-09-29) 33297 bytes
2026-09-24 09:36:13,097 [INFO] [OK] Argentina/ECM_ENSEMBLE_Soy_PRCP/daily dia 08 (2026-10-02 → 2026-10-02) 29716 bytes
2026-09-24 09:36:13,596 [INFO] [OK] Argentina/ECM_ENSEMBLE_Soy_PRCP/daily dia 09 (2026-10-03 → 2026-10-03) 31802 bytes
2026-09-24 09:36:14,527 [INFO] [OK] Argentina/ECM_ENSEMBLE_Soy_PRCP/daily dia 10 (2026-10-04 → 2026-10-04) 31616 bytes
2026-09-24 09:36:14,678 [INFO] [OK] Argentina/ECM_ENSEMBLE_Soy_PRCP/daily dia 13 (2026-10-07 → 2026-10-07) 29222 bytes
2026-09-24 09:36:14,819 [INFO] [OK] Argentina/ECM_ENSEMBLE_Soy_PRCP/daily dia 11 (2026-10-05 → 2026-10-05) 31652 bytes
2026-09-24 09:36:14,939 [INFO] [OK] Argentina/ECM_ENSEMBLE_Soy_PRCP/daily dia 12 (2026-10-06 → 2026-10-06) 29927 bytes
2026-09-24 09:36:15,330 [INFO] [OK] Argentina/ECM_ENSEMBLE_Soy_PRCP/daily dia 14 (2026-10-08 → 2026-10-08) 29135 bytes
2026-09-24 09:36:15,763 [INFO] [OK] Argentina/ECM_ENSEMBLE_Soy_PRCP/cumulative dia 00 (2026-09-24 → 2026-09-24) 28498 bytes
2026-09-24 09:36:16,712 [INFO] [OK] Argentina/ECM_ENSEMBLE_Soy_PRCP/cumulative dia 01 (2026-09-24 → 2026-09-25) 28827 bytes
2026-09-24 09:36:17,237 [INFO] [OK] Argentina/ECM_ENSEMBLE_Soy_PRCP/cumulative dia 02 (2026-09-24 → 2026-09-26) 30503 bytes
2026-09-24 09:36:17,850 [INFO] [OK] Argentina/ECM_ENSEMBLE_Soy_PRCP/cumulative dia 03 (2026-09-24 → 2026-09-27) 33180 bytes
2026-09-24 09:36:18,187 [INFO] [OK] Argentina/ECM_ENSEMBLE_Soy_PRCP/cumulative dia 04 (2026-09-24 → 2026-09-28) 34996 bytes
2026-09-24 09:36:18,649 [INFO] [OK] Argentina/ECM_ENSEMBLE_Soy_PRCP/cumulative dia 05 (2026-09-24 → 2026-09-29) 37075 bytes
2026-09-24 09:36:19,567 [INFO] [OK] Argentina/ECM_ENSEMBLE_Soy_PRCP/cumulative dia 06 (2026-09-24 → 2026-09-30) 37926 bytes
2026-09-24 09:36:20,144 [INFO] [OK] Argentina/ECM_ENSEMBLE_Soy_PRCP/cumulative dia 07 (2026-09-24 → 2026-10-01) 38506 bytes
2026-09-24 09:36:21,484 [INFO] [OK] Argentina/ECM_ENSEMBLE_Soy_PRCP/cumulative dia 08 (2026-09-24 → 2026-10-02) 38637 bytes
2026-09-24 09:36:21,578 [INFO] [OK] Argentina/ECM_ENSEMBLE_Soy_PRCP/cumulative dia 09 (2026-09-24 → 2026-10-03) 39504 bytes
2026-09-24 09:36:22,862 [INFO] [OK] Argentina/ECM_ENSEMBLE_Soy_PRCP/cumulative dia 10 (2026-09-24 → 2026-10-04) 39703 bytes
2026-09-24 09:36:23,616 [INFO] [OK] Argentina/ECM_ENSEMBLE_Corn_Winter_PRCP_DEP/daily dia 00 (2026-09-24 → 2026-09-24) 32433 bytes
2026-09-24 09:36:23,707 [INFO] [OK] Argentina/ECM_ENSEMBLE_Soy_PRCP/cumulative dia 11 (2026-09-24 → 2026-10-05) 39940 bytes
2026-09-24 09:36:24,126 [INFO] [OK] Argentina/ECM_ENSEMBLE_Soy_PRCP/cumulative dia 12 (2026-09-24 → 2026-10-06) 39651 bytes
2026-09-24 09:36:24,806 [INFO] [OK] Argentina/ECM_ENSEMBLE_Corn_Winter_PRCP_DEP/daily dia 01 (2026-09-25 → 2026-09-25) 32596 bytes
2026-09-24 09:36:25,078 [INFO] [OK] Argentina/ECM_ENSEMBLE_Soy_PRCP/cumulative dia 13 (2026-09-24 → 2026-10-07) 39619 bytes
2026-09-24 09:36:25,872 [INFO] [OK] Argentina/ECM_ENSEMBLE_Corn_Winter_PRCP_DEP/daily dia 03 (2026-09-27 → 2026-09-27) 33318 bytes
2026-09-24 09:36:25,922 [INFO] [OK] Argentina/ECM_ENSEMBLE_Corn_Winter_PRCP_DEP/daily dia 02 (2026-09-26 → 2026-09-26) 33411 bytes
2026-09-24 09:36:26,100 [INFO] [OK] Argentina/ECM_ENSEMBLE_Corn_Winter_PRCP_DEP/daily dia 04 (2026-09-28 → 2026-09-28) 35012 bytes
2026-09-24 09:36:26,318 [INFO] [OK] Argentina/ECM_ENSEMBLE_Soy_PRCP/cumulative dia 14 (2026-09-24 → 2026-10-08) 39928 bytes
2026-09-24 09:36:27,100 [INFO] [OK] Argentina/ECM_ENSEMBLE_Corn_Winter_PRCP_DEP/daily dia 05 (2026-09-29 → 2026-09-29) 38753 bytes
2026-09-24 09:36:27,261 [INFO] [OK] Argentina/ECM_ENSEMBLE_Corn_Winter_PRCP_DEP/daily dia 06 (2026-09-30 → 2026-09-30) 39508 bytes
2026-09-24 09:36:28,181 [INFO] [OK] Argentina/ECM_ENSEMBLE_Corn_Winter_PRCP_DEP/daily dia 08 (2026-10-02 → 2026-10-02) 40263 bytes
2026-09-24 09:36:28,278 [INFO] [OK] Argentina/ECM_ENSEMBLE_Corn_Winter_PRCP_DEP/daily dia 09 (2026-10-03 → 2026-10-03) 38509 bytes
2026-09-24 09:36:28,285 [INFO] [OK] Argentina/ECM_ENSEMBLE_Corn_Winter_PRCP_DEP/daily dia 07 (2026-10-01 → 2026-10-01) 39534 bytes
2026-09-24 09:36:28,369 [INFO] [OK] Argentina/ECM_ENSEMBLE_Corn_Winter_PRCP_DEP/daily dia 10 (2026-10-04 → 2026-10-04) 38557 bytes
2026-09-24 09:36:29,072 [INFO] [OK] Argentina/ECM_ENSEMBLE_Corn_Winter_PRCP_DEP/daily dia 11 (2026-10-05 → 2026-10-05) 39560 bytes
2026-09-24 09:36:29,348 [INFO] [OK] Argentina/ECM_ENSEMBLE_Corn_Winter_PRCP_DEP/daily dia 12 (2026-10-06 → 2026-10-06) 39563 bytes
2026-09-24 09:36:30,191 [INFO] [OK] Argentina/ECM_ENSEMBLE_Corn_Winter_PRCP_DEP/cumulative dia 00 (2026-09-24 → 2026-09-24) 32433 bytes
2026-09-24 09:36:30,413 [INFO] [OK] Argentina/ECM_ENSEMBLE_Corn_Winter_PRCP_DEP/cumulative dia 01 (2026-09-24 → 2026-09-25) 32434 bytes
2026-09-24 09:36:30,492 [INFO] [OK] Argentina/ECM_ENSEMBLE_Corn_Winter_PRCP_DEP/daily dia 13 (2026-10-07 → 2026-10-07) 41965 bytes
2026-09-24 09:36:30,557 [INFO] [OK] Argentina/ECM_ENSEMBLE_Corn_Winter_PRCP_DEP/daily dia 14 (2026-10-08 → 2026-10-08) 43889 bytes
2026-09-24 09:36:31,665 [INFO] [OK] Argentina/ECM_ENSEMBLE_Corn_Winter_PRCP_DEP/cumulative dia 02 (2026-09-24 → 2026-09-26) 33835 bytes
2026-09-24 09:36:31,845 [INFO] [OK] Argentina/ECM_ENSEMBLE_Corn_Winter_PRCP_DEP/cumulative dia 03 (2026-09-24 → 2026-09-27) 36781 bytes
2026-09-24 09:36:33,530 [INFO] [OK] Argentina/ECM_ENSEMBLE_Corn_Winter_PRCP_DEP/cumulative dia 04 (2026-09-24 → 2026-09-28) 37965 bytes
2026-09-24 09:36:33,955 [INFO] [OK] Argentina/ECM_ENSEMBLE_Corn_Winter_PRCP_DEP/cumulative dia 05 (2026-09-24 → 2026-09-29) 39326 bytes
2026-09-24 09:36:34,613 [INFO] [OK] Argentina/ECM_ENSEMBLE_Corn_Winter_PRCP_DEP/cumulative dia 07 (2026-09-24 → 2026-10-01) 41165 bytes
2026-09-24 09:36:34,711 [INFO] [OK] Argentina/ECM_ENSEMBLE_Corn_Winter_PRCP_DEP/cumulative dia 06 (2026-09-24 → 2026-09-30) 40352 bytes
2026-09-24 09:36:35,666 [INFO] [OK] Argentina/ECM_ENSEMBLE_Corn_Winter_PRCP_DEP/cumulative dia 09 (2026-09-24 → 2026-10-03) 41263 bytes
2026-09-24 09:36:35,923 [INFO] [OK] Argentina/ECM_ENSEMBLE_Corn_Winter_PRCP_DEP/cumulative dia 08 (2026-09-24 → 2026-10-02) 41528 bytes
2026-09-24 09:36:38,153 [INFO] [OK] Argentina/ECM_ENSEMBLE_Corn_Winter_PRCP/daily dia 00 (2026-09-24 → 2026-09-24) 26559 bytes
2026-09-24 09:36:38,586 [INFO] [OK] Argentina/ECM_ENSEMBLE_Corn_Winter_PRCP_DEP/cumulative dia 10 (2026-09-24 → 2026-10-04) 40871 bytes
2026-09-24 09:36:38,860 [INFO] [OK] Argentina/ECM_ENSEMBLE_Corn_Winter_PRCP_DEP/cumulative dia 11 (2026-09-24 → 2026-10-05) 40438 bytes
2026-09-24 09:36:39,677 [INFO] [OK] Argentina/ECM_ENSEMBLE_Corn_Winter_PRCP_DEP/cumulative dia 12 (2026-09-24 → 2026-10-06) 40087 bytes
2026-09-24 09:36:40,160 [INFO] [OK] Argentina/ECM_ENSEMBLE_Corn_Winter_PRCP_DEP/cumulative dia 13 (2026-09-24 → 2026-10-07) 40282 bytes
2026-09-24 09:36:40,182 [INFO] [OK] Argentina/ECM_ENSEMBLE_Corn_Winter_PRCP/daily dia 01 (2026-09-25 → 2026-09-25) 24836 bytes
2026-09-24 09:36:40,688 [INFO] [OK] Argentina/ECM_ENSEMBLE_Corn_Winter_PRCP/daily dia 02 (2026-09-26 → 2026-09-26) 25605 bytes
2026-09-24 09:36:40,740 [INFO] [OK] Argentina/ECM_ENSEMBLE_Corn_Winter_PRCP/daily dia 03 (2026-09-27 → 2026-09-27) 27387 bytes
2026-09-24 09:36:41,466 [INFO] [OK] Argentina/ECM_ENSEMBLE_Corn_Winter_PRCP_DEP/cumulative dia 14 (2026-09-24 → 2026-10-08) 39748 bytes
2026-09-24 09:36:41,567 [INFO] [OK] Argentina/ECM_ENSEMBLE_Corn_Winter_PRCP/daily dia 04 (2026-09-28 → 2026-09-28) 28242 bytes
2026-09-24 09:36:42,077 [INFO] [OK] Argentina/ECM_ENSEMBLE_Corn_Winter_PRCP/daily dia 05 (2026-09-29 → 2026-09-29) 31013 bytes
2026-09-24 09:36:42,111 [INFO] [OK] Argentina/ECM_ENSEMBLE_Corn_Winter_PRCP/daily dia 06 (2026-09-30 → 2026-09-30) 29796 bytes
2026-09-24 09:36:42,577 [INFO] [OK] Argentina/ECM_ENSEMBLE_Corn_Winter_PRCP/daily dia 08 (2026-10-02 → 2026-10-02) 27956 bytes
2026-09-24 09:36:42,996 [INFO] [OK] Argentina/ECM_ENSEMBLE_Corn_Winter_PRCP/daily dia 07 (2026-10-01 → 2026-10-01) 28307 bytes
2026-09-24 09:36:43,320 [INFO] [OK] Argentina/ECM_ENSEMBLE_Corn_Winter_PRCP/daily dia 10 (2026-10-04 → 2026-10-04) 30105 bytes
2026-09-24 09:36:43,546 [INFO] [OK] Argentina/ECM_ENSEMBLE_Corn_Winter_PRCP/daily dia 09 (2026-10-03 → 2026-10-03) 29862 bytes
2026-09-24 09:36:44,295 [INFO] [OK] Argentina/ECM_ENSEMBLE_Corn_Winter_PRCP/daily dia 11 (2026-10-05 → 2026-10-05) 29675 bytes
2026-09-24 09:36:44,325 [INFO] [OK] Argentina/ECM_ENSEMBLE_Corn_Winter_PRCP/daily dia 13 (2026-10-07 → 2026-10-07) 27528 bytes
2026-09-24 09:36:44,353 [INFO] [OK] Argentina/ECM_ENSEMBLE_Corn_Winter_PRCP/daily dia 12 (2026-10-06 → 2026-10-06) 28219 bytes
2026-09-24 09:36:44,813 [INFO] [OK] Argentina/ECM_ENSEMBLE_Corn_Winter_PRCP/daily dia 14 (2026-10-08 → 2026-10-08) 27404 bytes
2026-09-24 09:36:45,097 [INFO] [OK] Argentina/ECM_ENSEMBLE_Corn_Winter_PRCP/cumulative dia 00 (2026-09-24 → 2026-09-24) 26559 bytes
2026-09-24 09:36:45,988 [INFO] [OK] Argentina/ECM_ENSEMBLE_Corn_Winter_PRCP/cumulative dia 01 (2026-09-24 → 2026-09-25) 26899 bytes
2026-09-24 09:36:46,901 [INFO] [OK] Argentina/ECM_ENSEMBLE_Corn_Winter_PRCP/cumulative dia 02 (2026-09-24 → 2026-09-26) 28581 bytes
2026-09-24 09:36:47,218 [INFO] [OK] Argentina/ECM_ENSEMBLE_Corn_Winter_PRCP/cumulative dia 03 (2026-09-24 → 2026-09-27) 31024 bytes
2026-09-24 09:36:47,303 [INFO] [OK] Argentina/ECM_ENSEMBLE_Corn_Winter_PRCP/cumulative dia 04 (2026-09-24 → 2026-09-28) 32753 bytes
2026-09-24 09:36:48,214 [INFO] [OK] Argentina/ECM_ENSEMBLE_Corn_Winter_PRCP/cumulative dia 05 (2026-09-24 → 2026-09-29) 34965 bytes
2026-09-24 09:36:48,776 [INFO] [OK] Argentina/ECM_ENSEMBLE_Corn_Winter_PRCP/cumulative dia 06 (2026-09-24 → 2026-09-30) 36081 bytes
2026-09-24 09:36:49,584 [INFO] [OK] Argentina/ECM_ENSEMBLE_Corn_Winter_PRCP/cumulative dia 07 (2026-09-24 → 2026-10-01) 36599 bytes
2026-09-24 09:36:50,645 [INFO] [OK] Argentina/ECM_ENSEMBLE_Corn_Winter_PRCP/cumulative dia 08 (2026-09-24 → 2026-10-02) 37050 bytes
2026-09-24 09:36:50,760 [INFO] [OK] Argentina/ECM_ENSEMBLE_Corn_Winter_PRCP/cumulative dia 09 (2026-09-24 → 2026-10-03) 37488 bytes
2026-09-24 09:36:51,698 [INFO] [OK] Argentina/ECM_ENSEMBLE_Corn_Winter_PRCP/cumulative dia 10 (2026-09-24 → 2026-10-04) 37699 bytes
2026-09-24 09:36:52,018 [INFO] [OK] Argentina/ECM_ENSEMBLE_Corn_Winter_PRCP/cumulative dia 11 (2026-09-24 → 2026-10-05) 37829 bytes
2026-09-24 09:36:53,752 [INFO] [OK] Argentina/ECM_ENSEMBLE_Corn_Winter_PRCP/cumulative dia 12 (2026-09-24 → 2026-10-06) 37664 bytes
2026-09-24 09:36:54,149 [INFO] [OK] Argentina/ECM_ENSEMBLE_Corn_Winter_PRCP/cumulative dia 13 (2026-09-24 → 2026-10-07) 37673 bytes
2026-09-24 09:36:54,901 [INFO] [OK] USA/GFS_ENSEMBLE_Corn_PRCP_DEP/daily dia 00 (2026-09-24 → 2026-09-24) 47416 bytes
2026-09-24 09:36:55,011 [INFO] [OK] Argentina/ECM_ENSEMBLE_Corn_Winter_PRCP/cumulative dia 14 (2026-09-24 → 2026-10-08) 37937 bytes
2026-09-24 09:36:55,268 [INFO] [OK] USA/GFS_ENSEMBLE_Corn_PRCP_DEP/daily dia 01 (2026-09-25 → 2026-09-25) 45360 bytes
2026-09-24 09:36:55,379 [INFO] [OK] USA/GFS_ENSEMBLE_Corn_PRCP_DEP/daily dia 02 (2026-09-26 → 2026-09-26) 44959 bytes
2026-09-24 09:36:56,330 [INFO] [OK] USA/GFS_ENSEMBLE_Corn_PRCP_DEP/daily dia 04 (2026-09-28 → 2026-09-28) 51883 bytes
2026-09-24 09:36:56,690 [INFO] [OK] USA/GFS_ENSEMBLE_Corn_PRCP_DEP/daily dia 03 (2026-09-27 → 2026-09-27) 52341 bytes
2026-09-24 09:36:57,425 [INFO] [OK] USA/GFS_ENSEMBLE_Corn_PRCP_DEP/daily dia 05 (2026-09-29 → 2026-09-29) 52423 bytes
2026-09-24 09:36:57,606 [INFO] [OK] USA/GFS_ENSEMBLE_Corn_PRCP_DEP/daily dia 07 (2026-10-01 → 2026-10-01) 55220 bytes
2026-09-24 09:36:57,850 [INFO] [OK] USA/GFS_ENSEMBLE_Corn_PRCP_DEP/daily dia 06 (2026-09-30 → 2026-09-30) 54454 bytes
2026-09-24 09:36:58,003 [INFO] [OK] USA/GFS_ENSEMBLE_Corn_PRCP_DEP/daily dia 08 (2026-10-02 → 2026-10-02) 56664 bytes
2026-09-24 09:36:58,581 [INFO] [OK] USA/GFS_ENSEMBLE_Corn_PRCP_DEP/daily dia 09 (2026-10-03 → 2026-10-03) 60472 bytes
2026-09-24 09:36:58,939 [INFO] [OK] USA/GFS_ENSEMBLE_Corn_PRCP_DEP/daily dia 10 (2026-10-04 → 2026-10-04) 60543 bytes
2026-09-24 09:36:59,774 [INFO] [OK] USA/GFS_ENSEMBLE_Corn_PRCP_DEP/daily dia 11 (2026-10-05 → 2026-10-05) 59902 bytes
2026-09-24 09:37:00,212 [INFO] [OK] USA/GFS_ENSEMBLE_Corn_PRCP_DEP/daily dia 13 (2026-10-07 → 2026-10-07) 60345 bytes
2026-09-24 09:37:00,424 [INFO] [OK] USA/GFS_ENSEMBLE_Corn_PRCP_DEP/daily dia 12 (2026-10-06 → 2026-10-06) 59963 bytes
2026-09-24 09:37:00,501 [INFO] [OK] USA/GFS_ENSEMBLE_Corn_PRCP_DEP/daily dia 14 (2026-10-08 → 2026-10-08) 60045 bytes
2026-09-24 09:37:00,842 [INFO] [OK] USA/GFS_ENSEMBLE_Corn_PRCP_DEP/cumulative dia 00 (2026-09-24 → 2026-09-24) 47416 bytes
2026-09-24 09:37:01,381 [INFO] [OK] USA/GFS_ENSEMBLE_Corn_PRCP_DEP/cumulative dia 01 (2026-09-24 → 2026-09-25) 49516 bytes
2026-09-24 09:37:02,197 [INFO] [OK] USA/GFS_ENSEMBLE_Corn_PRCP_DEP/cumulative dia 02 (2026-09-24 → 2026-09-26) 51654 bytes
2026-09-24 09:37:02,890 [INFO] [OK] USA/GFS_ENSEMBLE_Corn_PRCP_DEP/cumulative dia 03 (2026-09-24 → 2026-09-27) 54802 bytes
2026-09-24 09:37:03,732 [INFO] [OK] USA/GFS_ENSEMBLE_Corn_PRCP_DEP/cumulative dia 04 (2026-09-24 → 2026-09-28) 56441 bytes
2026-09-24 09:37:03,901 [INFO] [OK] USA/GFS_ENSEMBLE_Corn_PRCP_DEP/cumulative dia 05 (2026-09-24 → 2026-09-29) 56921 bytes
2026-09-24 09:37:04,192 [INFO] [OK] USA/GFS_ENSEMBLE_Corn_PRCP_DEP/cumulative dia 06 (2026-09-24 → 2026-09-30) 58688 bytes
2026-09-24 09:37:04,861 [INFO] [OK] USA/GFS_ENSEMBLE_Corn_PRCP_DEP/cumulative dia 07 (2026-09-24 → 2026-10-01) 59401 bytes
2026-09-24 09:37:05,830 [INFO] [OK] USA/GFS_ENSEMBLE_Corn_PRCP_DEP/cumulative dia 08 (2026-09-24 → 2026-10-02) 59787 bytes
2026-09-24 09:37:06,603 [INFO] [OK] USA/GFS_ENSEMBLE_Corn_PRCP_DEP/cumulative dia 09 (2026-09-24 → 2026-10-03) 59763 bytes
2026-09-24 09:37:08,504 [INFO] [OK] USA/GFS_ENSEMBLE_Corn_PRCP_DEP/cumulative dia 10 (2026-09-24 → 2026-10-04) 60200 bytes
2026-09-24 09:37:08,805 [INFO] [OK] USA/GFS_ENSEMBLE_Corn_PRCP_DEP/cumulative dia 11 (2026-09-24 → 2026-10-05) 59603 bytes
2026-09-24 09:37:08,828 [INFO] [OK] USA/GFS_ENSEMBLE_Corn_PRCP/daily dia 00 (2026-09-24 → 2026-09-24) 38922 bytes
2026-09-24 09:37:08,974 [INFO] [OK] USA/GFS_ENSEMBLE_Corn_PRCP_DEP/cumulative dia 12 (2026-09-24 → 2026-10-06) 59637 bytes
2026-09-24 09:37:09,554 [INFO] [OK] USA/GFS_ENSEMBLE_Corn_PRCP_DEP/cumulative dia 13 (2026-09-24 → 2026-10-07) 59706 bytes
2026-09-24 09:37:10,316 [INFO] [OK] USA/GFS_ENSEMBLE_Corn_PRCP_DEP/cumulative dia 14 (2026-09-24 → 2026-10-08) 59775 bytes
2026-09-24 09:37:10,562 [INFO] [OK] USA/GFS_ENSEMBLE_Corn_PRCP/daily dia 02 (2026-09-26 → 2026-09-26) 36031 bytes
2026-09-24 09:37:10,635 [INFO] [OK] USA/GFS_ENSEMBLE_Corn_PRCP/daily dia 01 (2026-09-25 → 2026-09-25) 37256 bytes
2026-09-24 09:37:10,677 [INFO] [OK] USA/GFS_ENSEMBLE_Corn_PRCP/daily dia 03 (2026-09-27 → 2026-09-27) 36034 bytes
2026-09-24 09:37:10,872 [INFO] [OK] USA/GFS_ENSEMBLE_Corn_PRCP/daily dia 04 (2026-09-28 → 2026-09-28) 37775 bytes
2026-09-24 09:37:11,307 [INFO] [OK] USA/GFS_ENSEMBLE_Corn_PRCP/daily dia 05 (2026-09-29 → 2026-09-29) 39279 bytes
2026-09-24 09:37:12,096 [INFO] [OK] USA/GFS_ENSEMBLE_Corn_PRCP/daily dia 06 (2026-09-30 → 2026-09-30) 37920 bytes
2026-09-24 09:37:12,396 [INFO] [OK] USA/GFS_ENSEMBLE_Corn_PRCP/daily dia 07 (2026-10-01 → 2026-10-01) 36681 bytes
2026-09-24 09:37:12,478 [INFO] [OK] USA/GFS_ENSEMBLE_Corn_PRCP/daily dia 08 (2026-10-02 → 2026-10-02) 36297 bytes
2026-09-24 09:37:12,532 [INFO] [OK] USA/GFS_ENSEMBLE_Corn_PRCP/daily dia 09 (2026-10-03 → 2026-10-03) 36668 bytes
2026-09-24 09:37:12,692 [INFO] [OK] USA/GFS_ENSEMBLE_Corn_PRCP/daily dia 10 (2026-10-04 → 2026-10-04) 36528 bytes
2026-09-24 09:37:13,076 [INFO] [OK] USA/GFS_ENSEMBLE_Corn_PRCP/daily dia 11 (2026-10-05 → 2026-10-05) 37163 bytes
2026-09-24 09:37:13,764 [INFO] [OK] USA/GFS_ENSEMBLE_Corn_PRCP/daily dia 12 (2026-10-06 → 2026-10-06) 36254 bytes
2026-09-24 09:37:14,041 [INFO] [OK] USA/GFS_ENSEMBLE_Corn_PRCP/daily dia 13 (2026-10-07 → 2026-10-07) 35974 bytes
2026-09-24 09:37:14,174 [INFO] [OK] USA/GFS_ENSEMBLE_Corn_PRCP/daily dia 14 (2026-10-08 → 2026-10-08) 35944 bytes
2026-09-24 09:37:14,278 [INFO] [OK] USA/GFS_ENSEMBLE_Corn_PRCP/cumulative dia 00 (2026-09-24 → 2026-09-24) 38922 bytes
2026-09-24 09:37:14,474 [INFO] [OK] USA/GFS_ENSEMBLE_Corn_PRCP/cumulative dia 01 (2026-09-24 → 2026-09-25) 41555 bytes
2026-09-24 09:37:14,969 [INFO] [OK] USA/GFS_ENSEMBLE_Corn_PRCP/cumulative dia 02 (2026-09-24 → 2026-09-26) 43004 bytes
2026-09-24 09:37:15,803 [INFO] [OK] USA/GFS_ENSEMBLE_Corn_PRCP/cumulative dia 03 (2026-09-24 → 2026-09-27) 44565 bytes
2026-09-24 09:37:16,288 [INFO] [OK] USA/GFS_ENSEMBLE_Corn_PRCP/cumulative dia 04 (2026-09-24 → 2026-09-28) 46633 bytes
2026-09-24 09:37:16,452 [INFO] [OK] USA/GFS_ENSEMBLE_Corn_PRCP/cumulative dia 05 (2026-09-24 → 2026-09-29) 48185 bytes
2026-09-24 09:37:16,704 [INFO] [OK] USA/GFS_ENSEMBLE_Corn_PRCP/cumulative dia 06 (2026-09-24 → 2026-09-30) 49801 bytes
2026-09-24 09:37:17,056 [INFO] [OK] USA/GFS_ENSEMBLE_Corn_PRCP/cumulative dia 07 (2026-09-24 → 2026-10-01) 49884 bytes
2026-09-24 09:37:17,496 [INFO] [OK] USA/GFS_ENSEMBLE_Corn_PRCP/cumulative dia 08 (2026-09-24 → 2026-10-02) 50328 bytes
2026-09-24 09:37:18,730 [INFO] [OK] USA/GFS_ENSEMBLE_Corn_PRCP/cumulative dia 09 (2026-09-24 → 2026-10-03) 50610 bytes
2026-09-24 09:37:19,266 [INFO] [OK] USA/GFS_ENSEMBLE_Corn_PRCP/cumulative dia 10 (2026-09-24 → 2026-10-04) 50793 bytes
2026-09-24 09:37:19,588 [INFO] [OK] USA/GFS_ENSEMBLE_Corn_PRCP/cumulative dia 11 (2026-09-24 → 2026-10-05) 50483 bytes
2026-09-24 09:37:19,885 [INFO] [OK] USA/GFS_ENSEMBLE_Corn_PRCP/cumulative dia 12 (2026-09-24 → 2026-10-06) 50767 bytes
2026-09-24 09:37:20,368 [INFO] [OK] USA/GFS_ENSEMBLE_Corn_PRCP/cumulative dia 13 (2026-09-24 → 2026-10-07) 50828 bytes
2026-09-24 09:37:20,440 [INFO] [OK] USA/GFS_ENSEMBLE_Soy_PRCP_DEP/daily dia 00 (2026-09-24 → 2026-09-24) 47335 bytes
2026-09-24 09:37:20,813 [INFO] [OK] USA/GFS_ENSEMBLE_Corn_PRCP/cumulative dia 14 (2026-09-24 → 2026-10-08) 50720 bytes
2026-09-24 09:37:20,981 [INFO] [OK] USA/GFS_ENSEMBLE_Soy_PRCP_DEP/daily dia 01 (2026-09-25 → 2026-09-25) 44928 bytes
2026-09-24 09:37:21,324 [INFO] [OK] USA/GFS_ENSEMBLE_Soy_PRCP_DEP/daily dia 02 (2026-09-26 → 2026-09-26) 44661 bytes
2026-09-24 09:37:21,686 [INFO] [OK] USA/GFS_ENSEMBLE_Soy_PRCP_DEP/daily dia 03 (2026-09-27 → 2026-09-27) 52185 bytes
2026-09-24 09:37:22,200 [INFO] [OK] USA/GFS_ENSEMBLE_Soy_PRCP_DEP/daily dia 05 (2026-09-29 → 2026-09-29) 52294 bytes
2026-09-24 09:37:22,256 [INFO] [OK] USA/GFS_ENSEMBLE_Soy_PRCP_DEP/daily dia 04 (2026-09-28 → 2026-09-28) 51454 bytes
2026-09-24 09:37:22,471 [INFO] [OK] USA/GFS_ENSEMBLE_Soy_PRCP_DEP/daily dia 06 (2026-09-30 → 2026-09-30) 54221 bytes
2026-09-24 09:37:22,711 [INFO] [OK] USA/GFS_ENSEMBLE_Soy_PRCP_DEP/daily dia 07 (2026-10-01 → 2026-10-01) 55068 bytes
2026-09-24 09:37:23,025 [INFO] [OK] USA/GFS_ENSEMBLE_Soy_PRCP_DEP/daily dia 08 (2026-10-02 → 2026-10-02) 56359 bytes
2026-09-24 09:37:23,483 [INFO] [OK] USA/GFS_ENSEMBLE_Soy_PRCP_DEP/daily dia 09 (2026-10-03 → 2026-10-03) 60342 bytes
2026-09-24 09:37:24,228 [INFO] [OK] USA/GFS_ENSEMBLE_Soy_PRCP_DEP/daily dia 10 (2026-10-04 → 2026-10-04) 60217 bytes
2026-09-24 09:37:24,558 [INFO] [OK] USA/GFS_ENSEMBLE_Soy_PRCP_DEP/daily dia 11 (2026-10-05 → 2026-10-05) 59433 bytes
2026-09-24 09:37:24,681 [INFO] [OK] USA/GFS_ENSEMBLE_Soy_PRCP_DEP/daily dia 12 (2026-10-06 → 2026-10-06) 59359 bytes
2026-09-24 09:37:24,774 [INFO] [OK] USA/GFS_ENSEMBLE_Soy_PRCP_DEP/daily dia 13 (2026-10-07 → 2026-10-07) 59952 bytes
2026-09-24 09:37:24,915 [INFO] [OK] USA/GFS_ENSEMBLE_Soy_PRCP_DEP/daily dia 14 (2026-10-08 → 2026-10-08) 59965 bytes
2026-09-24 09:37:25,135 [INFO] [OK] USA/GFS_ENSEMBLE_Soy_PRCP_DEP/cumulative dia 00 (2026-09-24 → 2026-09-24) 47335 bytes
2026-09-24 09:37:26,173 [INFO] [OK] USA/GFS_ENSEMBLE_Soy_PRCP_DEP/cumulative dia 01 (2026-09-24 → 2026-09-25) 49223 bytes
2026-09-24 09:37:26,607 [INFO] [OK] USA/GFS_ENSEMBLE_Soy_PRCP_DEP/cumulative dia 02 (2026-09-24 → 2026-09-26) 51342 bytes
2026-09-24 09:37:26,954 [INFO] [OK] USA/GFS_ENSEMBLE_Soy_PRCP_DEP/cumulative dia 04 (2026-09-24 → 2026-09-28) 56204 bytes
2026-09-24 09:37:26,986 [INFO] [OK] USA/GFS_ENSEMBLE_Soy_PRCP_DEP/cumulative dia 03 (2026-09-24 → 2026-09-27) 54497 bytes
2026-09-24 09:37:27,228 [INFO] [OK] USA/GFS_ENSEMBLE_Soy_PRCP_DEP/cumulative dia 05 (2026-09-24 → 2026-09-29) 56627 bytes
2026-09-24 09:37:27,462 [INFO] [OK] USA/GFS_ENSEMBLE_Soy_PRCP_DEP/cumulative dia 06 (2026-09-24 → 2026-09-30) 58551 bytes
2026-09-24 09:37:29,212 [INFO] [OK] USA/GFS_ENSEMBLE_Soy_PRCP_DEP/cumulative dia 07 (2026-09-24 → 2026-10-01) 59095 bytes
2026-09-24 09:37:30,691 [INFO] [OK] USA/GFS_ENSEMBLE_Soy_PRCP_DEP/cumulative dia 08 (2026-09-24 → 2026-10-02) 59569 bytes
2026-09-24 09:37:31,414 [INFO] [OK] USA/GFS_ENSEMBLE_Soy_PRCP_DEP/cumulative dia 11 (2026-09-24 → 2026-10-05) 59282 bytes
2026-09-24 09:37:31,530 [INFO] [OK] USA/GFS_ENSEMBLE_Soy_PRCP_DEP/cumulative dia 09 (2026-09-24 → 2026-10-03) 59684 bytes
2026-09-24 09:37:32,066 [INFO] [OK] USA/GFS_ENSEMBLE_Soy_PRCP_DEP/cumulative dia 10 (2026-09-24 → 2026-10-04) 59953 bytes
2026-09-24 09:37:32,442 [INFO] [OK] USA/GFS_ENSEMBLE_Soy_PRCP_DEP/cumulative dia 12 (2026-09-24 → 2026-10-06) 59388 bytes
2026-09-24 09:37:33,570 [INFO] [OK] USA/GFS_ENSEMBLE_Soy_PRCP/daily dia 01 (2026-09-25 → 2026-09-25) 36804 bytes
2026-09-24 09:37:33,760 [INFO] [OK] USA/GFS_ENSEMBLE_Soy_PRCP_DEP/cumulative dia 13 (2026-09-24 → 2026-10-07) 59415 bytes
2026-09-24 09:37:33,770 [INFO] [OK] USA/GFS_ENSEMBLE_Soy_PRCP/daily dia 00 (2026-09-24 → 2026-09-24) 38672 bytes
2026-09-24 09:37:34,076 [INFO] [OK] USA/GFS_ENSEMBLE_Soy_PRCP/daily dia 02 (2026-09-26 → 2026-09-26) 35699 bytes
2026-09-24 09:37:34,493 [INFO] [OK] USA/GFS_ENSEMBLE_Soy_PRCP/daily dia 03 (2026-09-27 → 2026-09-27) 35734 bytes
2026-09-24 09:37:34,782 [INFO] [OK] USA/GFS_ENSEMBLE_Soy_PRCP_DEP/cumulative dia 14 (2026-09-24 → 2026-10-08) 59556 bytes
2026-09-24 09:37:35,143 [INFO] [OK] USA/GFS_ENSEMBLE_Soy_PRCP/daily dia 04 (2026-09-28 → 2026-09-28) 37360 bytes
2026-09-24 09:37:35,552 [INFO] [OK] USA/GFS_ENSEMBLE_Soy_PRCP/daily dia 05 (2026-09-29 → 2026-09-29) 39029 bytes
2026-09-24 09:37:35,819 [INFO] [OK] USA/GFS_ENSEMBLE_Soy_PRCP/daily dia 06 (2026-09-30 → 2026-09-30) 37528 bytes
2026-09-24 09:37:35,882 [INFO] [OK] USA/GFS_ENSEMBLE_Soy_PRCP/daily dia 07 (2026-10-01 → 2026-10-01) 36128 bytes
2026-09-24 09:37:36,338 [INFO] [OK] USA/GFS_ENSEMBLE_Soy_PRCP/daily dia 08 (2026-10-02 → 2026-10-02) 35722 bytes
2026-09-24 09:37:36,564 [INFO] [OK] USA/GFS_ENSEMBLE_Soy_PRCP/daily dia 09 (2026-10-03 → 2026-10-03) 36403 bytes
2026-09-24 09:37:36,872 [INFO] [OK] USA/GFS_ENSEMBLE_Soy_PRCP/daily dia 10 (2026-10-04 → 2026-10-04) 36174 bytes
2026-09-24 09:37:37,460 [INFO] [OK] USA/GFS_ENSEMBLE_Soy_PRCP/daily dia 11 (2026-10-05 → 2026-10-05) 36674 bytes
2026-09-24 09:37:37,595 [INFO] [OK] USA/GFS_ENSEMBLE_Soy_PRCP/daily dia 13 (2026-10-07 → 2026-10-07) 35410 bytes
2026-09-24 09:37:37,861 [INFO] [OK] USA/GFS_ENSEMBLE_Soy_PRCP/daily dia 12 (2026-10-06 → 2026-10-06) 35784 bytes
2026-09-24 09:37:38,253 [INFO] [OK] USA/GFS_ENSEMBLE_Soy_PRCP/daily dia 14 (2026-10-08 → 2026-10-08) 35544 bytes
2026-09-24 09:37:38,384 [INFO] [OK] USA/GFS_ENSEMBLE_Soy_PRCP/cumulative dia 00 (2026-09-24 → 2026-09-24) 38672 bytes
2026-09-24 09:37:38,676 [INFO] [OK] USA/GFS_ENSEMBLE_Soy_PRCP/cumulative dia 01 (2026-09-24 → 2026-09-25) 41279 bytes
2026-09-24 09:37:39,311 [INFO] [OK] USA/GFS_ENSEMBLE_Soy_PRCP/cumulative dia 02 (2026-09-24 → 2026-09-26) 42651 bytes
2026-09-24 09:37:40,021 [INFO] [OK] USA/GFS_ENSEMBLE_Soy_PRCP/cumulative dia 03 (2026-09-24 → 2026-09-27) 44244 bytes
2026-09-24 09:37:40,489 [INFO] [OK] USA/GFS_ENSEMBLE_Soy_PRCP/cumulative dia 04 (2026-09-24 → 2026-09-28) 46283 bytes
2026-09-24 09:37:41,489 [INFO] [OK] USA/GFS_ENSEMBLE_Soy_PRCP/cumulative dia 05 (2026-09-24 → 2026-09-29) 48032 bytes
2026-09-24 09:37:41,985 [INFO] [OK] USA/GFS_ENSEMBLE_Soy_PRCP/cumulative dia 06 (2026-09-24 → 2026-09-30) 49644 bytes
2026-09-24 09:37:42,623 [INFO] [OK] USA/GFS_ENSEMBLE_Soy_PRCP/cumulative dia 07 (2026-09-24 → 2026-10-01) 49672 bytes
2026-09-24 09:37:43,063 [INFO] [OK] USA/GFS_ENSEMBLE_Soy_PRCP/cumulative dia 08 (2026-09-24 → 2026-10-02) 50043 bytes
2026-09-24 09:37:43,334 [INFO] [OK] USA/GFS_ENSEMBLE_Soy_PRCP/cumulative dia 09 (2026-09-24 → 2026-10-03) 50298 bytes
2026-09-24 09:37:44,446 [INFO] [OK] USA/GFS_ENSEMBLE_Soy_PRCP/cumulative dia 10 (2026-09-24 → 2026-10-04) 50611 bytes
2026-09-24 09:37:45,079 [INFO] [OK] USA/GFS_ENSEMBLE_Soy_PRCP/cumulative dia 11 (2026-09-24 → 2026-10-05) 50298 bytes
2026-09-24 09:37:45,686 [INFO] [OK] USA/GFS_ENSEMBLE_Wheat_Winter_PRCP_DEP/daily dia 00 (2026-09-24 → 2026-09-24) 48674 bytes
2026-09-24 09:37:46,194 [INFO] [OK] USA/GFS_ENSEMBLE_Soy_PRCP/cumulative dia 12 (2026-09-24 → 2026-10-06) 50316 bytes
2026-09-24 09:37:46,727 [INFO] [OK] USA/GFS_ENSEMBLE_Wheat_Winter_PRCP_DEP/daily dia 01 (2026-09-25 → 2026-09-25) 46388 bytes
2026-09-24 09:37:46,786 [INFO] [OK] USA/GFS_ENSEMBLE_Soy_PRCP/cumulative dia 13 (2026-09-24 → 2026-10-07) 50362 bytes
2026-09-24 09:37:47,179 [INFO] [OK] USA/GFS_ENSEMBLE_Wheat_Winter_PRCP_DEP/daily dia 02 (2026-09-26 → 2026-09-26) 46051 bytes
2026-09-24 09:37:47,437 [INFO] [OK] USA/GFS_ENSEMBLE_Soy_PRCP/cumulative dia 14 (2026-09-24 → 2026-10-08) 50391 bytes
2026-09-24 09:37:47,614 [INFO] [OK] USA/GFS_ENSEMBLE_Wheat_Winter_PRCP_DEP/daily dia 03 (2026-09-27 → 2026-09-27) 53471 bytes
2026-09-24 09:37:47,972 [INFO] [OK] USA/GFS_ENSEMBLE_Wheat_Winter_PRCP_DEP/daily dia 04 (2026-09-28 → 2026-09-28) 53196 bytes
2026-09-24 09:37:48,422 [INFO] [OK] USA/GFS_ENSEMBLE_Wheat_Winter_PRCP_DEP/daily dia 05 (2026-09-29 → 2026-09-29) 53855 bytes
2026-09-24 09:37:48,774 [INFO] [OK] USA/GFS_ENSEMBLE_Wheat_Winter_PRCP_DEP/daily dia 06 (2026-09-30 → 2026-09-30) 56178 bytes
2026-09-24 09:37:48,902 [INFO] [OK] USA/GFS_ENSEMBLE_Wheat_Winter_PRCP_DEP/daily dia 07 (2026-10-01 → 2026-10-01) 56434 bytes
2026-09-24 09:37:49,344 [INFO] [OK] USA/GFS_ENSEMBLE_Wheat_Winter_PRCP_DEP/daily dia 08 (2026-10-02 → 2026-10-02) 58072 bytes
2026-09-24 09:37:49,417 [INFO] [OK] USA/GFS_ENSEMBLE_Wheat_Winter_PRCP_DEP/daily dia 09 (2026-10-03 → 2026-10-03) 61915 bytes
2026-09-24 09:37:49,978 [INFO] [OK] USA/GFS_ENSEMBLE_Wheat_Winter_PRCP_DEP/daily dia 10 (2026-10-04 → 2026-10-04) 61566 bytes
2026-09-24 09:37:50,513 [INFO] [OK] USA/GFS_ENSEMBLE_Wheat_Winter_PRCP_DEP/daily dia 11 (2026-10-05 → 2026-10-05) 60817 bytes
2026-09-24 09:37:50,872 [INFO] [OK] USA/GFS_ENSEMBLE_Wheat_Winter_PRCP_DEP/daily dia 12 (2026-10-06 → 2026-10-06) 60706 bytes
2026-09-24 09:37:51,008 [INFO] [OK] USA/GFS_ENSEMBLE_Wheat_Winter_PRCP_DEP/daily dia 13 (2026-10-07 → 2026-10-07) 61551 bytes
2026-09-24 09:37:51,107 [INFO] [OK] USA/GFS_ENSEMBLE_Wheat_Winter_PRCP_DEP/cumulative dia 00 (2026-09-24 → 2026-09-24) 48674 bytes
2026-09-24 09:37:51,192 [INFO] [OK] USA/GFS_ENSEMBLE_Wheat_Winter_PRCP_DEP/daily dia 14 (2026-10-08 → 2026-10-08) 61270 bytes
2026-09-24 09:37:51,720 [INFO] [OK] USA/GFS_ENSEMBLE_Wheat_Winter_PRCP_DEP/cumulative dia 01 (2026-09-24 → 2026-09-25) 50707 bytes
2026-09-24 09:37:52,811 [INFO] [OK] USA/GFS_ENSEMBLE_Wheat_Winter_PRCP_DEP/cumulative dia 02 (2026-09-24 → 2026-09-26) 52728 bytes
2026-09-24 09:37:53,089 [INFO] [OK] USA/GFS_ENSEMBLE_Wheat_Winter_PRCP_DEP/cumulative dia 03 (2026-09-24 → 2026-09-27) 55998 bytes
2026-09-24 09:37:53,755 [INFO] [OK] USA/GFS_ENSEMBLE_Wheat_Winter_PRCP_DEP/cumulative dia 05 (2026-09-24 → 2026-09-29) 58054 bytes
2026-09-24 09:37:53,787 [INFO] [OK] USA/GFS_ENSEMBLE_Wheat_Winter_PRCP_DEP/cumulative dia 04 (2026-09-24 → 2026-09-28) 57546 bytes
2026-09-24 09:37:54,004 [INFO] [OK] USA/GFS_ENSEMBLE_Wheat_Winter_PRCP_DEP/cumulative dia 06 (2026-09-24 → 2026-09-30) 59566 bytes
2026-09-24 09:37:54,349 [INFO] [OK] USA/GFS_ENSEMBLE_Wheat_Winter_PRCP_DEP/cumulative dia 07 (2026-09-24 → 2026-10-01) 60036 bytes
2026-09-24 09:37:55,582 [INFO] [OK] USA/GFS_ENSEMBLE_Wheat_Winter_PRCP_DEP/cumulative dia 08 (2026-09-24 → 2026-10-02) 60633 bytes
2026-09-24 09:37:56,344 [INFO] [OK] USA/GFS_ENSEMBLE_Wheat_Winter_PRCP_DEP/cumulative dia 09 (2026-09-24 → 2026-10-03) 60681 bytes
2026-09-24 09:37:57,471 [INFO] [OK] USA/GFS_ENSEMBLE_Wheat_Winter_PRCP_DEP/cumulative dia 10 (2026-09-24 → 2026-10-04) 61318 bytes
2026-09-24 09:37:57,885 [INFO] [OK] USA/GFS_ENSEMBLE_Wheat_Winter_PRCP_DEP/cumulative dia 12 (2026-09-24 → 2026-10-06) 60524 bytes
2026-09-24 09:37:57,991 [INFO] [OK] USA/GFS_ENSEMBLE_Wheat_Winter_PRCP/daily dia 00 (2026-09-24 → 2026-09-24) 40122 bytes
2026-09-24 09:37:58,293 [INFO] [OK] USA/GFS_ENSEMBLE_Wheat_Winter_PRCP_DEP/cumulative dia 11 (2026-09-24 → 2026-10-05) 60201 bytes
2026-09-24 09:37:58,521 [INFO] [OK] USA/GFS_ENSEMBLE_Wheat_Winter_PRCP_DEP/cumulative dia 13 (2026-09-24 → 2026-10-07) 60685 bytes
2026-09-24 09:37:58,893 [INFO] [OK] USA/GFS_ENSEMBLE_Wheat_Winter_PRCP_DEP/cumulative dia 14 (2026-09-24 → 2026-10-08) 60511 bytes
2026-09-24 09:37:59,077 [INFO] [OK] USA/GFS_ENSEMBLE_Wheat_Winter_PRCP/daily dia 01 (2026-09-25 → 2026-09-25) 38139 bytes
2026-09-24 09:37:59,586 [INFO] [OK] USA/GFS_ENSEMBLE_Wheat_Winter_PRCP/daily dia 02 (2026-09-26 → 2026-09-26) 37058 bytes
2026-09-24 09:37:59,628 [INFO] [OK] USA/GFS_ENSEMBLE_Wheat_Winter_PRCP/daily dia 03 (2026-09-27 → 2026-09-27) 37193 bytes
2026-09-24 09:38:00,098 [INFO] [OK] USA/GFS_ENSEMBLE_Wheat_Winter_PRCP/daily dia 04 (2026-09-28 → 2026-09-28) 39054 bytes
2026-09-24 09:38:00,264 [INFO] [OK] USA/GFS_ENSEMBLE_Wheat_Winter_PRCP/daily dia 05 (2026-09-29 → 2026-09-29) 40589 bytes
2026-09-24 09:38:00,567 [INFO] [OK] USA/GFS_ENSEMBLE_Wheat_Winter_PRCP/daily dia 06 (2026-09-30 → 2026-09-30) 39276 bytes
2026-09-24 09:38:00,752 [INFO] [OK] USA/GFS_ENSEMBLE_Wheat_Winter_PRCP/daily dia 07 (2026-10-01 → 2026-10-01) 37729 bytes
2026-09-24 09:38:01,236 [INFO] [OK] USA/GFS_ENSEMBLE_Wheat_Winter_PRCP/daily dia 08 (2026-10-02 → 2026-10-02) 37210 bytes
2026-09-24 09:38:01,266 [INFO] [OK] USA/GFS_ENSEMBLE_Wheat_Winter_PRCP/daily dia 09 (2026-10-03 → 2026-10-03) 37807 bytes
2026-09-24 09:38:02,032 [INFO] [OK] USA/GFS_ENSEMBLE_Wheat_Winter_PRCP/daily dia 10 (2026-10-04 → 2026-10-04) 37686 bytes
2026-09-24 09:38:02,121 [INFO] [OK] USA/GFS_ENSEMBLE_Wheat_Winter_PRCP/daily dia 11 (2026-10-05 → 2026-10-05) 38268 bytes
2026-09-24 09:38:02,645 [INFO] [OK] USA/GFS_ENSEMBLE_Wheat_Winter_PRCP/daily dia 12 (2026-10-06 → 2026-10-06) 37399 bytes
2026-09-24 09:38:02,973 [INFO] [OK] USA/GFS_ENSEMBLE_Wheat_Winter_PRCP/daily dia 13 (2026-10-07 → 2026-10-07) 37169 bytes
2026-09-24 09:38:02,996 [INFO] [OK] USA/GFS_ENSEMBLE_Wheat_Winter_PRCP/cumulative dia 00 (2026-09-24 → 2026-09-24) 40122 bytes
2026-09-24 09:38:03,004 [INFO] [OK] USA/GFS_ENSEMBLE_Wheat_Winter_PRCP/daily dia 14 (2026-10-08 → 2026-10-08) 37127 bytes
2026-09-24 09:38:03,850 [INFO] [OK] USA/GFS_ENSEMBLE_Wheat_Winter_PRCP/cumulative dia 01 (2026-09-24 → 2026-09-25) 42639 bytes
2026-09-24 09:38:03,922 [INFO] [OK] USA/GFS_ENSEMBLE_Wheat_Winter_PRCP/cumulative dia 02 (2026-09-24 → 2026-09-26) 43981 bytes
2026-09-24 09:38:04,543 [INFO] [OK] USA/GFS_ENSEMBLE_Wheat_Winter_PRCP/cumulative dia 03 (2026-09-24 → 2026-09-27) 45577 bytes
2026-09-24 09:38:05,195 [INFO] [OK] USA/GFS_ENSEMBLE_Wheat_Winter_PRCP/cumulative dia 04 (2026-09-24 → 2026-09-28) 47483 bytes
2026-09-24 09:38:05,202 [INFO] [OK] USA/GFS_ENSEMBLE_Wheat_Winter_PRCP/cumulative dia 05 (2026-09-24 → 2026-09-29) 49531 bytes
2026-09-24 09:38:05,373 [INFO] [OK] USA/GFS_ENSEMBLE_Wheat_Winter_PRCP/cumulative dia 06 (2026-09-24 → 2026-09-30) 51028 bytes
2026-09-24 09:38:06,472 [INFO] [OK] USA/GFS_ENSEMBLE_Wheat_Winter_PRCP/cumulative dia 07 (2026-09-24 → 2026-10-01) 51080 bytes
2026-09-24 09:38:06,566 [INFO] [OK] USA/GFS_ENSEMBLE_Wheat_Winter_PRCP/cumulative dia 08 (2026-09-24 → 2026-10-02) 51554 bytes
2026-09-24 09:38:07,092 [INFO] [OK] USA/GFS_ENSEMBLE_Wheat_Winter_PRCP/cumulative dia 09 (2026-09-24 → 2026-10-03) 51863 bytes
2026-09-24 09:38:08,025 [INFO] [OK] USA/GFS_ENSEMBLE_Wheat_Winter_PRCP/cumulative dia 10 (2026-09-24 → 2026-10-04) 52165 bytes
2026-09-24 09:38:08,081 [INFO] [OK] USA/GFS_ENSEMBLE_Wheat_Winter_PRCP/cumulative dia 11 (2026-09-24 → 2026-10-05) 51964 bytes
2026-09-24 09:38:08,295 [INFO] [OK] USA/GFS_ENSEMBLE_Wheat_Winter_PRCP/cumulative dia 12 (2026-09-24 → 2026-10-06) 51799 bytes
2026-09-24 09:38:08,722 [INFO] [OK] USA/GFS_ENSEMBLE_Wheat_Spring_PRCP_DEP/daily dia 00 (2026-09-24 → 2026-09-24) 45524 bytes
2026-09-24 09:38:09,453 [INFO] [OK] USA/GFS_ENSEMBLE_Wheat_Winter_PRCP/cumulative dia 13 (2026-09-24 → 2026-10-07) 52078 bytes
2026-09-24 09:38:09,575 [INFO] [OK] USA/GFS_ENSEMBLE_Wheat_Winter_PRCP/cumulative dia 14 (2026-09-24 → 2026-10-08) 51950 bytes
2026-09-24 09:38:09,703 [INFO] [OK] USA/GFS_ENSEMBLE_Wheat_Spring_PRCP_DEP/daily dia 02 (2026-09-26 → 2026-09-26) 43106 bytes
2026-09-24 09:38:09,720 [INFO] [OK] USA/GFS_ENSEMBLE_Wheat_Spring_PRCP_DEP/daily dia 01 (2026-09-25 → 2026-09-25) 43786 bytes
2026-09-24 09:38:09,963 [INFO] [OK] USA/GFS_ENSEMBLE_Wheat_Spring_PRCP_DEP/daily dia 03 (2026-09-27 → 2026-09-27) 50371 bytes
2026-09-24 09:38:10,382 [INFO] [OK] USA/GFS_ENSEMBLE_Wheat_Spring_PRCP_DEP/daily dia 04 (2026-09-28 → 2026-09-28) 49519 bytes
2026-09-24 09:38:11,358 [INFO] [OK] USA/GFS_ENSEMBLE_Wheat_Spring_PRCP_DEP/daily dia 05 (2026-09-29 → 2026-09-29) 50951 bytes
2026-09-24 09:38:11,622 [INFO] [OK] USA/GFS_ENSEMBLE_Wheat_Spring_PRCP_DEP/daily dia 07 (2026-10-01 → 2026-10-01) 52982 bytes
2026-09-24 09:38:11,694 [INFO] [OK] USA/GFS_ENSEMBLE_Wheat_Spring_PRCP_DEP/daily dia 08 (2026-10-02 → 2026-10-02) 54421 bytes
2026-09-24 09:38:11,798 [INFO] [OK] USA/GFS_ENSEMBLE_Wheat_Spring_PRCP_DEP/daily dia 06 (2026-09-30 → 2026-09-30) 53149 bytes
2026-09-24 09:38:11,891 [INFO] [OK] USA/GFS_ENSEMBLE_Wheat_Spring_PRCP_DEP/daily dia 09 (2026-10-03 → 2026-10-03) 58394 bytes
2026-09-24 09:38:12,181 [INFO] [OK] USA/GFS_ENSEMBLE_Wheat_Spring_PRCP_DEP/daily dia 10 (2026-10-04 → 2026-10-04) 58575 bytes
2026-09-24 09:38:13,038 [INFO] [OK] USA/GFS_ENSEMBLE_Wheat_Spring_PRCP_DEP/daily dia 11 (2026-10-05 → 2026-10-05) 57595 bytes
2026-09-24 09:38:13,376 [INFO] [OK] USA/GFS_ENSEMBLE_Wheat_Spring_PRCP_DEP/daily dia 12 (2026-10-06 → 2026-10-06) 57368 bytes
2026-09-24 09:38:13,419 [INFO] [OK] USA/GFS_ENSEMBLE_Wheat_Spring_PRCP_DEP/daily dia 13 (2026-10-07 → 2026-10-07) 58268 bytes
2026-09-24 09:38:13,524 [INFO] [OK] USA/GFS_ENSEMBLE_Wheat_Spring_PRCP_DEP/daily dia 14 (2026-10-08 → 2026-10-08) 58193 bytes
2026-09-24 09:38:13,530 [INFO] [OK] USA/GFS_ENSEMBLE_Wheat_Spring_PRCP_DEP/cumulative dia 00 (2026-09-24 → 2026-09-24) 45524 bytes
2026-09-24 09:38:13,924 [INFO] [OK] USA/GFS_ENSEMBLE_Wheat_Spring_PRCP_DEP/cumulative dia 01 (2026-09-24 → 2026-09-25) 47703 bytes
2026-09-24 09:38:15,042 [INFO] [OK] USA/GFS_ENSEMBLE_Wheat_Spring_PRCP_DEP/cumulative dia 02 (2026-09-24 → 2026-09-26) 49761 bytes
2026-09-24 09:38:15,509 [INFO] [OK] USA/GFS_ENSEMBLE_Wheat_Spring_PRCP_DEP/cumulative dia 03 (2026-09-24 → 2026-09-27) 53042 bytes
2026-09-24 09:38:15,635 [INFO] [OK] USA/GFS_ENSEMBLE_Wheat_Spring_PRCP_DEP/cumulative dia 04 (2026-09-24 → 2026-09-28) 54254 bytes
2026-09-24 09:38:15,947 [INFO] [OK] USA/GFS_ENSEMBLE_Wheat_Spring_PRCP_DEP/cumulative dia 06 (2026-09-24 → 2026-09-30) 56577 bytes
2026-09-24 09:38:15,975 [INFO] [OK] USA/GFS_ENSEMBLE_Wheat_Spring_PRCP_DEP/cumulative dia 05 (2026-09-24 → 2026-09-29) 54765 bytes
2026-09-24 09:38:16,462 [INFO] [OK] USA/GFS_ENSEMBLE_Wheat_Spring_PRCP_DEP/cumulative dia 07 (2026-09-24 → 2026-10-01) 57329 bytes
2026-09-24 09:38:17,499 [INFO] [OK] USA/GFS_ENSEMBLE_Wheat_Spring_PRCP_DEP/cumulative dia 08 (2026-09-24 → 2026-10-02) 57746 bytes
2026-09-24 09:38:18,274 [INFO] [OK] USA/GFS_ENSEMBLE_Wheat_Spring_PRCP_DEP/cumulative dia 09 (2026-09-24 → 2026-10-03) 57758 bytes
2026-09-24 09:38:18,286 [INFO] [OK] USA/GFS_ENSEMBLE_Wheat_Spring_PRCP_DEP/cumulative dia 10 (2026-09-24 → 2026-10-04) 58346 bytes
2026-09-24 09:38:18,992 [INFO] [OK] USA/GFS_ENSEMBLE_Wheat_Spring_PRCP_DEP/cumulative dia 11 (2026-09-24 → 2026-10-05) 57375 bytes
2026-09-24 09:38:19,330 [INFO] [OK] USA/GFS_ENSEMBLE_Wheat_Spring_PRCP_DEP/cumulative dia 12 (2026-09-24 → 2026-10-06) 57297 bytes
2026-09-24 09:38:19,780 [INFO] [OK] USA/GFS_ENSEMBLE_Wheat_Spring_PRCP_DEP/cumulative dia 13 (2026-09-24 → 2026-10-07) 57590 bytes
2026-09-24 09:38:20,266 [INFO] [OK] USA/GFS_ENSEMBLE_Wheat_Spring_PRCP/daily dia 01 (2026-09-25 → 2026-09-25) 35205 bytes
2026-09-24 09:38:20,374 [INFO] [OK] USA/GFS_ENSEMBLE_Wheat_Spring_PRCP/daily dia 00 (2026-09-24 → 2026-09-24) 37003 bytes
2026-09-24 09:38:20,841 [INFO] [OK] USA/GFS_ENSEMBLE_Wheat_Spring_PRCP/daily dia 02 (2026-09-26 → 2026-09-26) 34151 bytes
2026-09-24 09:38:20,989 [INFO] [OK] USA/GFS_ENSEMBLE_Wheat_Spring_PRCP/daily dia 03 (2026-09-27 → 2026-09-27) 34241 bytes
2026-09-24 09:38:21,135 [INFO] [OK] USA/GFS_ENSEMBLE_Wheat_Spring_PRCP_DEP/cumulative dia 14 (2026-09-24 → 2026-10-08) 57829 bytes
2026-09-24 09:38:21,397 [INFO] [OK] USA/GFS_ENSEMBLE_Wheat_Spring_PRCP/daily dia 04 (2026-09-28 → 2026-09-28) 35833 bytes
2026-09-24 09:38:21,880 [INFO] [OK] USA/GFS_ENSEMBLE_Wheat_Spring_PRCP/daily dia 05 (2026-09-29 → 2026-09-29) 37592 bytes
2026-09-24 09:38:21,935 [INFO] [OK] USA/GFS_ENSEMBLE_Wheat_Spring_PRCP/daily dia 06 (2026-09-30 → 2026-09-30) 36059 bytes
2026-09-24 09:38:22,401 [INFO] [OK] USA/GFS_ENSEMBLE_Wheat_Spring_PRCP/daily dia 07 (2026-10-01 → 2026-10-01) 34461 bytes
2026-09-24 09:38:22,560 [INFO] [OK] USA/GFS_ENSEMBLE_Wheat_Spring_PRCP/daily dia 08 (2026-10-02 → 2026-10-02) 34062 bytes
2026-09-24 09:38:22,723 [INFO] [OK] USA/GFS_ENSEMBLE_Wheat_Spring_PRCP/daily dia 09 (2026-10-03 → 2026-10-03) 34843 bytes
2026-09-24 09:38:23,272 [INFO] [OK] USA/GFS_ENSEMBLE_Wheat_Spring_PRCP/daily dia 10 (2026-10-04 → 2026-10-04) 34667 bytes
2026-09-24 09:38:23,566 [INFO] [OK] USA/GFS_ENSEMBLE_Wheat_Spring_PRCP/daily dia 11 (2026-10-05 → 2026-10-05) 35211 bytes
2026-09-24 09:38:23,568 [INFO] [OK] USA/GFS_ENSEMBLE_Wheat_Spring_PRCP/daily dia 12 (2026-10-06 → 2026-10-06) 34467 bytes
2026-09-24 09:38:24,002 [INFO] [OK] USA/GFS_ENSEMBLE_Wheat_Spring_PRCP/daily dia 13 (2026-10-07 → 2026-10-07) 33797 bytes
2026-09-24 09:38:24,187 [INFO] [OK] USA/GFS_ENSEMBLE_Wheat_Spring_PRCP/daily dia 14 (2026-10-08 → 2026-10-08) 33791 bytes
2026-09-24 09:38:24,412 [INFO] [OK] USA/GFS_ENSEMBLE_Wheat_Spring_PRCP/cumulative dia 00 (2026-09-24 → 2026-09-24) 37003 bytes
2026-09-24 09:38:25,023 [INFO] [OK] USA/GFS_ENSEMBLE_Wheat_Spring_PRCP/cumulative dia 01 (2026-09-24 → 2026-09-25) 39670 bytes
2026-09-24 09:38:25,406 [INFO] [OK] USA/GFS_ENSEMBLE_Wheat_Spring_PRCP/cumulative dia 02 (2026-09-24 → 2026-09-26) 40857 bytes
2026-09-24 09:38:25,479 [INFO] [OK] USA/GFS_ENSEMBLE_Wheat_Spring_PRCP/cumulative dia 03 (2026-09-24 → 2026-09-27) 42220 bytes
2026-09-24 09:38:26,082 [INFO] [OK] USA/GFS_ENSEMBLE_Wheat_Spring_PRCP/cumulative dia 04 (2026-09-24 → 2026-09-28) 44302 bytes
2026-09-24 09:38:26,465 [INFO] [OK] USA/GFS_ENSEMBLE_Wheat_Spring_PRCP/cumulative dia 05 (2026-09-24 → 2026-09-29) 46138 bytes
2026-09-24 09:38:26,599 [INFO] [OK] USA/GFS_ENSEMBLE_Wheat_Spring_PRCP/cumulative dia 06 (2026-09-24 → 2026-09-30) 47483 bytes
2026-09-24 09:38:27,356 [INFO] [OK] USA/GFS_ENSEMBLE_Wheat_Spring_PRCP/cumulative dia 07 (2026-09-24 → 2026-10-01) 47453 bytes
2026-09-24 09:38:27,833 [INFO] [OK] USA/GFS_ENSEMBLE_Wheat_Spring_PRCP/cumulative dia 08 (2026-09-24 → 2026-10-02) 47847 bytes
2026-09-24 09:38:27,975 [INFO] [OK] USA/GFS_ENSEMBLE_Wheat_Spring_PRCP/cumulative dia 09 (2026-09-24 → 2026-10-03) 48150 bytes
2026-09-24 09:38:28,693 [INFO] [OK] USA/GFS_ENSEMBLE_Wheat_Spring_PRCP/cumulative dia 10 (2026-09-24 → 2026-10-04) 48351 bytes
2026-09-24 09:38:29,339 [INFO] [OK] USA/GFS_ENSEMBLE_Wheat_Spring_PRCP/cumulative dia 11 (2026-09-24 → 2026-10-05) 47568 bytes
2026-09-24 09:38:29,576 [INFO] [OK] USA/GFS_ENSEMBLE_Wheat_Spring_PRCP/cumulative dia 12 (2026-09-24 → 2026-10-06) 47910 bytes
2026-09-24 09:38:29,787 [INFO] [OK] USA/ECM_ENSEMBLE_Corn_PRCP_DEP/daily dia 00 (2026-09-24 → 2026-09-24) 49089 bytes
2026-09-24 09:38:30,379 [INFO] [OK] USA/GFS_ENSEMBLE_Wheat_Spring_PRCP/cumulative dia 13 (2026-09-24 → 2026-10-07) 48136 bytes
2026-09-24 09:38:30,512 [INFO] [OK] USA/ECM_ENSEMBLE_Corn_PRCP_DEP/daily dia 01 (2026-09-25 → 2026-09-25) 48357 bytes
2026-09-24 09:38:31,021 [INFO] [OK] USA/GFS_ENSEMBLE_Wheat_Spring_PRCP/cumulative dia 14 (2026-09-24 → 2026-10-08) 48087 bytes
2026-09-24 09:38:31,287 [INFO] [OK] USA/ECM_ENSEMBLE_Corn_PRCP_DEP/daily dia 02 (2026-09-26 → 2026-09-26) 45239 bytes
2026-09-24 09:38:31,380 [INFO] [OK] USA/ECM_ENSEMBLE_Corn_PRCP_DEP/daily dia 03 (2026-09-27 → 2026-09-27) 53514 bytes
2026-09-24 09:38:31,556 [INFO] [OK] USA/ECM_ENSEMBLE_Corn_PRCP_DEP/daily dia 04 (2026-09-28 → 2026-09-28) 49322 bytes
2026-09-24 09:38:32,089 [INFO] [OK] USA/ECM_ENSEMBLE_Corn_PRCP_DEP/daily dia 06 (2026-09-30 → 2026-09-30) 54251 bytes
2026-09-24 09:38:32,241 [INFO] [OK] USA/ECM_ENSEMBLE_Corn_PRCP_DEP/daily dia 05 (2026-09-29 → 2026-09-29) 52640 bytes
2026-09-24 09:38:32,814 [INFO] [OK] USA/ECM_ENSEMBLE_Corn_PRCP_DEP/daily dia 07 (2026-10-01 → 2026-10-01) 53941 bytes
2026-09-24 09:38:33,244 [INFO] [OK] USA/ECM_ENSEMBLE_Corn_PRCP_DEP/daily dia 08 (2026-10-02 → 2026-10-02) 58011 bytes
2026-09-24 09:38:33,274 [INFO] [OK] USA/ECM_ENSEMBLE_Corn_PRCP_DEP/daily dia 10 (2026-10-04 → 2026-10-04) 55988 bytes
2026-09-24 09:38:33,290 [INFO] [OK] USA/ECM_ENSEMBLE_Corn_PRCP_DEP/daily dia 09 (2026-10-03 → 2026-10-03) 57490 bytes
2026-09-24 09:38:33,877 [INFO] [OK] USA/ECM_ENSEMBLE_Corn_PRCP_DEP/daily dia 11 (2026-10-05 → 2026-10-05) 59122 bytes
2026-09-24 09:38:33,957 [INFO] [OK] USA/ECM_ENSEMBLE_Corn_PRCP_DEP/daily dia 12 (2026-10-06 → 2026-10-06) 56024 bytes
2026-09-24 09:38:34,479 [INFO] [OK] USA/ECM_ENSEMBLE_Corn_PRCP_DEP/daily dia 13 (2026-10-07 → 2026-10-07) 56542 bytes
2026-09-24 09:38:34,907 [INFO] [OK] USA/ECM_ENSEMBLE_Corn_PRCP_DEP/daily dia 14 (2026-10-08 → 2026-10-08) 54978 bytes
2026-09-24 09:38:35,119 [INFO] [OK] USA/ECM_ENSEMBLE_Corn_PRCP_DEP/cumulative dia 00 (2026-09-24 → 2026-09-24) 49089 bytes
2026-09-24 09:38:35,173 [INFO] [OK] USA/ECM_ENSEMBLE_Corn_PRCP_DEP/cumulative dia 01 (2026-09-24 → 2026-09-25) 51473 bytes
2026-09-24 09:38:35,768 [INFO] [OK] USA/ECM_ENSEMBLE_Corn_PRCP_DEP/cumulative dia 02 (2026-09-24 → 2026-09-26) 52385 bytes
2026-09-24 09:38:35,877 [INFO] [OK] USA/ECM_ENSEMBLE_Corn_PRCP_DEP/cumulative dia 03 (2026-09-24 → 2026-09-27) 55306 bytes
2026-09-24 09:38:36,567 [INFO] [OK] USA/ECM_ENSEMBLE_Corn_PRCP_DEP/cumulative dia 04 (2026-09-24 → 2026-09-28) 56785 bytes
2026-09-24 09:38:37,223 [INFO] [OK] USA/ECM_ENSEMBLE_Corn_PRCP_DEP/cumulative dia 05 (2026-09-24 → 2026-09-29) 56700 bytes
2026-09-24 09:38:37,475 [INFO] [OK] USA/ECM_ENSEMBLE_Corn_PRCP_DEP/cumulative dia 06 (2026-09-24 → 2026-09-30) 58800 bytes
2026-09-24 09:38:37,594 [INFO] [OK] USA/ECM_ENSEMBLE_Corn_PRCP_DEP/cumulative dia 07 (2026-09-24 → 2026-10-01) 59571 bytes
2026-09-24 09:38:38,292 [INFO] [OK] USA/ECM_ENSEMBLE_Corn_PRCP_DEP/cumulative dia 08 (2026-09-24 → 2026-10-02) 59933 bytes
2026-09-24 09:38:38,413 [INFO] [OK] USA/ECM_ENSEMBLE_Corn_PRCP_DEP/cumulative dia 09 (2026-09-24 → 2026-10-03) 59760 bytes
2026-09-24 09:38:39,198 [INFO] [OK] USA/ECM_ENSEMBLE_Corn_PRCP_DEP/cumulative dia 10 (2026-09-24 → 2026-10-04) 59470 bytes
2026-09-24 09:38:39,946 [INFO] [OK] USA/ECM_ENSEMBLE_Corn_PRCP_DEP/cumulative dia 11 (2026-09-24 → 2026-10-05) 59451 bytes
2026-09-24 09:38:40,034 [INFO] [OK] USA/ECM_ENSEMBLE_Corn_PRCP/daily dia 00 (2026-09-24 → 2026-09-24) 39446 bytes
2026-09-24 09:38:40,361 [INFO] [OK] USA/ECM_ENSEMBLE_Corn_PRCP_DEP/cumulative dia 12 (2026-09-24 → 2026-10-06) 59744 bytes
2026-09-24 09:38:40,483 [INFO] [OK] USA/ECM_ENSEMBLE_Corn_PRCP_DEP/cumulative dia 13 (2026-09-24 → 2026-10-07) 59313 bytes
2026-09-24 09:38:40,794 [INFO] [OK] USA/ECM_ENSEMBLE_Corn_PRCP/daily dia 01 (2026-09-25 → 2026-09-25) 38151 bytes
2026-09-24 09:38:41,197 [INFO] [OK] USA/ECM_ENSEMBLE_Corn_PRCP_DEP/cumulative dia 14 (2026-09-24 → 2026-10-08) 59298 bytes
2026-09-24 09:38:41,524 [INFO] [OK] USA/ECM_ENSEMBLE_Corn_PRCP/daily dia 02 (2026-09-26 → 2026-09-26) 36710 bytes
2026-09-24 09:38:41,609 [INFO] [OK] USA/ECM_ENSEMBLE_Corn_PRCP/daily dia 03 (2026-09-27 → 2026-09-27) 35816 bytes
2026-09-24 09:38:41,953 [INFO] [OK] USA/ECM_ENSEMBLE_Corn_PRCP/daily dia 04 (2026-09-28 → 2026-09-28) 37145 bytes
2026-09-24 09:38:42,098 [INFO] [OK] USA/ECM_ENSEMBLE_Corn_PRCP/daily dia 05 (2026-09-29 → 2026-09-29) 38671 bytes
2026-09-24 09:38:42,454 [INFO] [OK] USA/ECM_ENSEMBLE_Corn_PRCP/daily dia 06 (2026-09-30 → 2026-09-30) 38906 bytes
2026-09-24 09:38:42,877 [INFO] [OK] USA/ECM_ENSEMBLE_Corn_PRCP/daily dia 07 (2026-10-01 → 2026-10-01) 37031 bytes
2026-09-24 09:38:43,150 [INFO] [OK] USA/ECM_ENSEMBLE_Corn_PRCP/daily dia 08 (2026-10-02 → 2026-10-02) 35840 bytes
2026-09-24 09:38:43,230 [INFO] [OK] USA/ECM_ENSEMBLE_Corn_PRCP/daily dia 09 (2026-10-03 → 2026-10-03) 35162 bytes
2026-09-24 09:38:43,543 [INFO] [OK] USA/ECM_ENSEMBLE_Corn_PRCP/daily dia 10 (2026-10-04 → 2026-10-04) 35577 bytes
2026-09-24 09:38:43,700 [INFO] [OK] USA/ECM_ENSEMBLE_Corn_PRCP/daily dia 11 (2026-10-05 → 2026-10-05) 34394 bytes
2026-09-24 09:38:44,050 [INFO] [OK] USA/ECM_ENSEMBLE_Corn_PRCP/daily dia 12 (2026-10-06 → 2026-10-06) 34361 bytes
2026-09-24 09:38:44,479 [INFO] [OK] USA/ECM_ENSEMBLE_Corn_PRCP/daily dia 13 (2026-10-07 → 2026-10-07) 34301 bytes
2026-09-24 09:38:44,738 [INFO] [OK] USA/ECM_ENSEMBLE_Corn_PRCP/daily dia 14 (2026-10-08 → 2026-10-08) 34524 bytes
2026-09-24 09:38:44,842 [INFO] [OK] USA/ECM_ENSEMBLE_Corn_PRCP/cumulative dia 00 (2026-09-24 → 2026-09-24) 39446 bytes
2026-09-24 09:38:45,196 [INFO] [OK] USA/ECM_ENSEMBLE_Corn_PRCP/cumulative dia 01 (2026-09-24 → 2026-09-25) 42257 bytes
2026-09-24 09:38:45,547 [INFO] [OK] USA/ECM_ENSEMBLE_Corn_PRCP/cumulative dia 02 (2026-09-24 → 2026-09-26) 44396 bytes
2026-09-24 09:38:45,929 [INFO] [OK] USA/ECM_ENSEMBLE_Corn_PRCP/cumulative dia 03 (2026-09-24 → 2026-09-27) 45385 bytes
2026-09-24 09:38:46,509 [INFO] [OK] USA/ECM_ENSEMBLE_Corn_PRCP/cumulative dia 04 (2026-09-24 → 2026-09-28) 47234 bytes
2026-09-24 09:38:46,835 [INFO] [OK] USA/ECM_ENSEMBLE_Corn_PRCP/cumulative dia 05 (2026-09-24 → 2026-09-29) 49139 bytes
2026-09-24 09:38:47,138 [INFO] [OK] USA/ECM_ENSEMBLE_Corn_PRCP/cumulative dia 06 (2026-09-24 → 2026-09-30) 50223 bytes
2026-09-24 09:38:47,526 [INFO] [OK] USA/ECM_ENSEMBLE_Corn_PRCP/cumulative dia 07 (2026-09-24 → 2026-10-01) 50578 bytes
2026-09-24 09:38:48,000 [INFO] [OK] USA/ECM_ENSEMBLE_Corn_PRCP/cumulative dia 08 (2026-09-24 → 2026-10-02) 50762 bytes
2026-09-24 09:38:48,460 [INFO] [OK] USA/ECM_ENSEMBLE_Corn_PRCP/cumulative dia 09 (2026-09-24 → 2026-10-03) 51288 bytes
2026-09-24 09:38:49,179 [INFO] [OK] USA/ECM_ENSEMBLE_Corn_PRCP/cumulative dia 10 (2026-09-24 → 2026-10-04) 51244 bytes
2026-09-24 09:38:49,550 [INFO] [OK] USA/ECM_ENSEMBLE_Corn_PRCP/cumulative dia 11 (2026-09-24 → 2026-10-05) 51106 bytes
2026-09-24 09:38:50,078 [INFO] [OK] USA/ECM_ENSEMBLE_Corn_PRCP/cumulative dia 12 (2026-09-24 → 2026-10-06) 51160 bytes
2026-09-24 09:38:50,240 [INFO] [OK] USA/ECM_ENSEMBLE_Soy_PRCP_DEP/daily dia 00 (2026-09-24 → 2026-09-24) 48513 bytes
2026-09-24 09:38:50,389 [INFO] [OK] USA/ECM_ENSEMBLE_Corn_PRCP/cumulative dia 13 (2026-09-24 → 2026-10-07) 51695 bytes
2026-09-24 09:38:50,943 [INFO] [OK] USA/ECM_ENSEMBLE_Soy_PRCP_DEP/daily dia 01 (2026-09-25 → 2026-09-25) 48068 bytes
2026-09-24 09:38:50,967 [INFO] [OK] USA/ECM_ENSEMBLE_Corn_PRCP/cumulative dia 14 (2026-09-24 → 2026-10-08) 51362 bytes
2026-09-24 09:38:51,187 [INFO] [OK] USA/ECM_ENSEMBLE_Soy_PRCP_DEP/daily dia 02 (2026-09-26 → 2026-09-26) 44871 bytes
2026-09-24 09:38:51,719 [INFO] [OK] USA/ECM_ENSEMBLE_Soy_PRCP_DEP/daily dia 03 (2026-09-27 → 2026-09-27) 53223 bytes
2026-09-24 09:38:51,864 [INFO] [OK] USA/ECM_ENSEMBLE_Soy_PRCP_DEP/daily dia 04 (2026-09-28 → 2026-09-28) 49149 bytes
2026-09-24 09:38:52,016 [INFO] [OK] USA/ECM_ENSEMBLE_Soy_PRCP_DEP/daily dia 05 (2026-09-29 → 2026-09-29) 52290 bytes
2026-09-24 09:38:52,619 [INFO] [OK] USA/ECM_ENSEMBLE_Soy_PRCP_DEP/daily dia 07 (2026-10-01 → 2026-10-01) 53493 bytes
2026-09-24 09:38:52,628 [INFO] [OK] USA/ECM_ENSEMBLE_Soy_PRCP_DEP/daily dia 06 (2026-09-30 → 2026-09-30) 53947 bytes
2026-09-24 09:38:52,839 [INFO] [OK] USA/ECM_ENSEMBLE_Soy_PRCP_DEP/daily dia 08 (2026-10-02 → 2026-10-02) 57732 bytes
2026-09-24 09:38:53,347 [INFO] [OK] USA/ECM_ENSEMBLE_Soy_PRCP_DEP/daily dia 09 (2026-10-03 → 2026-10-03) 57168 bytes
2026-09-24 09:38:53,592 [INFO] [OK] USA/ECM_ENSEMBLE_Soy_PRCP_DEP/daily dia 10 (2026-10-04 → 2026-10-04) 55627 bytes
2026-09-24 09:38:53,683 [INFO] [OK] USA/ECM_ENSEMBLE_Soy_PRCP_DEP/daily dia 11 (2026-10-05 → 2026-10-05) 58746 bytes
2026-09-24 09:38:54,298 [INFO] [OK] USA/ECM_ENSEMBLE_Soy_PRCP_DEP/daily dia 12 (2026-10-06 → 2026-10-06) 55434 bytes
2026-09-24 09:38:54,315 [INFO] [OK] USA/ECM_ENSEMBLE_Soy_PRCP_DEP/daily dia 13 (2026-10-07 → 2026-10-07) 56113 bytes
2026-09-24 09:38:54,493 [INFO] [OK] USA/ECM_ENSEMBLE_Soy_PRCP_DEP/daily dia 14 (2026-10-08 → 2026-10-08) 54467 bytes
2026-09-24 09:38:55,006 [INFO] [OK] USA/ECM_ENSEMBLE_Soy_PRCP_DEP/cumulative dia 00 (2026-09-24 → 2026-09-24) 48513 bytes
2026-09-24 09:38:55,356 [INFO] [OK] USA/ECM_ENSEMBLE_Soy_PRCP_DEP/cumulative dia 01 (2026-09-24 → 2026-09-25) 50809 bytes
2026-09-24 09:38:55,522 [INFO] [OK] USA/ECM_ENSEMBLE_Soy_PRCP_DEP/cumulative dia 02 (2026-09-24 → 2026-09-26) 51997 bytes
2026-09-24 09:38:56,231 [INFO] [OK] USA/ECM_ENSEMBLE_Soy_PRCP_DEP/cumulative dia 03 (2026-09-24 → 2026-09-27) 55051 bytes
2026-09-24 09:38:56,324 [INFO] [OK] USA/ECM_ENSEMBLE_Soy_PRCP_DEP/cumulative dia 04 (2026-09-24 → 2026-09-28) 56543 bytes
2026-09-24 09:38:56,692 [INFO] [OK] USA/ECM_ENSEMBLE_Soy_PRCP_DEP/cumulative dia 05 (2026-09-24 → 2026-09-29) 56557 bytes
2026-09-24 09:38:57,179 [INFO] [OK] USA/ECM_ENSEMBLE_Soy_PRCP_DEP/cumulative dia 06 (2026-09-24 → 2026-09-30) 58738 bytes
2026-09-24 09:38:57,701 [INFO] [OK] USA/ECM_ENSEMBLE_Soy_PRCP_DEP/cumulative dia 07 (2026-09-24 → 2026-10-01) 59365 bytes
2026-09-24 09:38:57,926 [INFO] [OK] USA/ECM_ENSEMBLE_Soy_PRCP_DEP/cumulative dia 08 (2026-09-24 → 2026-10-02) 59702 bytes
2026-09-24 09:38:58,817 [INFO] [OK] USA/ECM_ENSEMBLE_Soy_PRCP_DEP/cumulative dia 09 (2026-09-24 → 2026-10-03) 59343 bytes
2026-09-24 09:38:58,939 [INFO] [OK] USA/ECM_ENSEMBLE_Soy_PRCP_DEP/cumulative dia 10 (2026-09-24 → 2026-10-04) 59120 bytes
2026-09-24 09:38:59,414 [INFO] [OK] USA/ECM_ENSEMBLE_Soy_PRCP_DEP/cumulative dia 11 (2026-09-24 → 2026-10-05) 59161 bytes
2026-09-24 09:38:59,970 [INFO] [OK] USA/ECM_ENSEMBLE_Soy_PRCP_DEP/cumulative dia 12 (2026-09-24 → 2026-10-06) 59327 bytes
2026-09-24 09:39:00,411 [INFO] [OK] USA/ECM_ENSEMBLE_Soy_PRCP/daily dia 00 (2026-09-24 → 2026-09-24) 39148 bytes
2026-09-24 09:39:00,548 [INFO] [OK] USA/ECM_ENSEMBLE_Soy_PRCP/daily dia 01 (2026-09-25 → 2026-09-25) 37746 bytes
2026-09-24 09:39:00,666 [INFO] [OK] USA/ECM_ENSEMBLE_Soy_PRCP_DEP/cumulative dia 13 (2026-09-24 → 2026-10-07) 58898 bytes
2026-09-24 09:39:00,904 [INFO] [OK] USA/ECM_ENSEMBLE_Soy_PRCP_DEP/cumulative dia 14 (2026-09-24 → 2026-10-08) 59153 bytes
2026-09-24 09:39:01,005 [INFO] [OK] USA/ECM_ENSEMBLE_Soy_PRCP/daily dia 02 (2026-09-26 → 2026-09-26) 36282 bytes
2026-09-24 09:39:01,649 [INFO] [OK] USA/ECM_ENSEMBLE_Soy_PRCP/daily dia 03 (2026-09-27 → 2026-09-27) 35360 bytes
2026-09-24 09:39:01,982 [INFO] [OK] USA/ECM_ENSEMBLE_Soy_PRCP/daily dia 04 (2026-09-28 → 2026-09-28) 36663 bytes
2026-09-24 09:39:02,156 [INFO] [OK] USA/ECM_ENSEMBLE_Soy_PRCP/daily dia 05 (2026-09-29 → 2026-09-29) 38104 bytes
2026-09-24 09:39:02,271 [INFO] [OK] USA/ECM_ENSEMBLE_Soy_PRCP/daily dia 06 (2026-09-30 → 2026-09-30) 38583 bytes
2026-09-24 09:39:02,484 [INFO] [OK] USA/ECM_ENSEMBLE_Soy_PRCP/daily dia 07 (2026-10-01 → 2026-10-01) 36645 bytes
2026-09-24 09:39:02,556 [INFO] [OK] USA/ECM_ENSEMBLE_Soy_PRCP/daily dia 08 (2026-10-02 → 2026-10-02) 35446 bytes
2026-09-24 09:39:03,238 [INFO] [OK] USA/ECM_ENSEMBLE_Soy_PRCP/daily dia 09 (2026-10-03 → 2026-10-03) 34741 bytes
2026-09-24 09:39:03,580 [INFO] [OK] USA/ECM_ENSEMBLE_Soy_PRCP/daily dia 10 (2026-10-04 → 2026-10-04) 35008 bytes
2026-09-24 09:39:03,734 [INFO] [OK] USA/ECM_ENSEMBLE_Soy_PRCP/daily dia 11 (2026-10-05 → 2026-10-05) 33815 bytes
2026-09-24 09:39:03,829 [INFO] [OK] USA/ECM_ENSEMBLE_Soy_PRCP/daily dia 12 (2026-10-06 → 2026-10-06) 33806 bytes
2026-09-24 09:39:04,065 [INFO] [OK] USA/ECM_ENSEMBLE_Soy_PRCP/daily dia 13 (2026-10-07 → 2026-10-07) 33769 bytes
2026-09-24 09:39:04,154 [INFO] [OK] USA/ECM_ENSEMBLE_Soy_PRCP/daily dia 14 (2026-10-08 → 2026-10-08) 33914 bytes
2026-09-24 09:39:04,850 [INFO] [OK] USA/ECM_ENSEMBLE_Soy_PRCP/cumulative dia 00 (2026-09-24 → 2026-09-24) 39148 bytes
2026-09-24 09:39:05,274 [INFO] [OK] USA/ECM_ENSEMBLE_Soy_PRCP/cumulative dia 01 (2026-09-24 → 2026-09-25) 41810 bytes
2026-09-24 09:39:05,518 [INFO] [OK] USA/ECM_ENSEMBLE_Soy_PRCP/cumulative dia 02 (2026-09-24 → 2026-09-26) 43720 bytes
2026-09-24 09:39:05,686 [INFO] [OK] USA/ECM_ENSEMBLE_Soy_PRCP/cumulative dia 03 (2026-09-24 → 2026-09-27) 44796 bytes
2026-09-24 09:39:06,025 [INFO] [OK] USA/ECM_ENSEMBLE_Soy_PRCP/cumulative dia 04 (2026-09-24 → 2026-09-28) 46725 bytes
2026-09-24 09:39:06,290 [INFO] [OK] USA/ECM_ENSEMBLE_Soy_PRCP/cumulative dia 05 (2026-09-24 → 2026-09-29) 48616 bytes
2026-09-24 09:39:07,022 [INFO] [OK] USA/ECM_ENSEMBLE_Soy_PRCP/cumulative dia 06 (2026-09-24 → 2026-09-30) 49750 bytes
2026-09-24 09:39:07,657 [INFO] [OK] USA/ECM_ENSEMBLE_Soy_PRCP/cumulative dia 07 (2026-09-24 → 2026-10-01) 50079 bytes
2026-09-24 09:39:07,967 [INFO] [OK] USA/ECM_ENSEMBLE_Soy_PRCP/cumulative dia 08 (2026-09-24 → 2026-10-02) 50415 bytes
2026-09-24 09:39:08,260 [INFO] [OK] USA/ECM_ENSEMBLE_Soy_PRCP/cumulative dia 09 (2026-09-24 → 2026-10-03) 50840 bytes
2026-09-24 09:39:08,631 [INFO] [OK] USA/ECM_ENSEMBLE_Soy_PRCP/cumulative dia 10 (2026-09-24 → 2026-10-04) 50801 bytes
2026-09-24 09:39:09,046 [INFO] [OK] USA/ECM_ENSEMBLE_Soy_PRCP/cumulative dia 11 (2026-09-24 → 2026-10-05) 50928 bytes
2026-09-24 09:39:09,850 [INFO] [OK] USA/ECM_ENSEMBLE_Soy_PRCP/cumulative dia 12 (2026-09-24 → 2026-10-06) 50817 bytes
2026-09-24 09:39:09,963 [INFO] [OK] USA/ECM_ENSEMBLE_Wheat_Winter_PRCP_DEP/daily dia 00 (2026-09-24 → 2026-09-24) 49874 bytes
2026-09-24 09:39:10,249 [INFO] [OK] USA/ECM_ENSEMBLE_Wheat_Winter_PRCP_DEP/daily dia 01 (2026-09-25 → 2026-09-25) 49170 bytes
2026-09-24 09:39:10,557 [INFO] [OK] USA/ECM_ENSEMBLE_Soy_PRCP/cumulative dia 13 (2026-09-24 → 2026-10-07) 51469 bytes
2026-09-24 09:39:10,678 [INFO] [OK] USA/ECM_ENSEMBLE_Wheat_Winter_PRCP_DEP/daily dia 02 (2026-09-26 → 2026-09-26) 46461 bytes
2026-09-24 09:39:10,928 [INFO] [OK] USA/ECM_ENSEMBLE_Soy_PRCP/cumulative dia 14 (2026-09-24 → 2026-10-08) 51039 bytes
2026-09-24 09:39:11,558 [INFO] [OK] USA/ECM_ENSEMBLE_Wheat_Winter_PRCP_DEP/daily dia 03 (2026-09-27 → 2026-09-27) 54677 bytes
2026-09-24 09:39:11,582 [INFO] [OK] USA/ECM_ENSEMBLE_Wheat_Winter_PRCP_DEP/daily dia 04 (2026-09-28 → 2026-09-28) 50751 bytes
2026-09-24 09:39:11,923 [INFO] [OK] USA/ECM_ENSEMBLE_Wheat_Winter_PRCP_DEP/daily dia 05 (2026-09-29 → 2026-09-29) 54186 bytes
2026-09-24 09:39:12,259 [INFO] [OK] USA/ECM_ENSEMBLE_Wheat_Winter_PRCP_DEP/daily dia 06 (2026-09-30 → 2026-09-30) 55699 bytes
2026-09-24 09:39:12,389 [INFO] [OK] USA/ECM_ENSEMBLE_Wheat_Winter_PRCP_DEP/daily dia 07 (2026-10-01 → 2026-10-01) 55230 bytes
2026-09-24 09:39:12,645 [INFO] [OK] USA/ECM_ENSEMBLE_Wheat_Winter_PRCP_DEP/daily dia 08 (2026-10-02 → 2026-10-02) 59585 bytes
2026-09-24 09:39:13,162 [INFO] [OK] USA/ECM_ENSEMBLE_Wheat_Winter_PRCP_DEP/daily dia 09 (2026-10-03 → 2026-10-03) 58602 bytes
2026-09-24 09:39:13,320 [INFO] [OK] USA/ECM_ENSEMBLE_Wheat_Winter_PRCP_DEP/daily dia 10 (2026-10-04 → 2026-10-04) 57518 bytes
2026-09-24 09:39:13,611 [INFO] [OK] USA/ECM_ENSEMBLE_Wheat_Winter_PRCP_DEP/daily dia 11 (2026-10-05 → 2026-10-05) 60245 bytes
2026-09-24 09:39:13,952 [INFO] [OK] USA/ECM_ENSEMBLE_Wheat_Winter_PRCP_DEP/daily dia 12 (2026-10-06 → 2026-10-06) 57177 bytes
2026-09-24 09:39:14,118 [INFO] [OK] USA/ECM_ENSEMBLE_Wheat_Winter_PRCP_DEP/daily dia 13 (2026-10-07 → 2026-10-07) 57762 bytes
2026-09-24 09:39:14,463 [INFO] [OK] USA/ECM_ENSEMBLE_Wheat_Winter_PRCP_DEP/daily dia 14 (2026-10-08 → 2026-10-08) 56625 bytes
2026-09-24 09:39:14,776 [INFO] [OK] USA/ECM_ENSEMBLE_Wheat_Winter_PRCP_DEP/cumulative dia 00 (2026-09-24 → 2026-09-24) 49874 bytes
2026-09-24 09:39:15,013 [INFO] [OK] USA/ECM_ENSEMBLE_Wheat_Winter_PRCP_DEP/cumulative dia 01 (2026-09-24 → 2026-09-25) 52317 bytes
2026-09-24 09:39:15,433 [INFO] [OK] USA/ECM_ENSEMBLE_Wheat_Winter_PRCP_DEP/cumulative dia 02 (2026-09-24 → 2026-09-26) 53515 bytes
2026-09-24 09:39:15,964 [INFO] [OK] USA/ECM_ENSEMBLE_Wheat_Winter_PRCP_DEP/cumulative dia 03 (2026-09-24 → 2026-09-27) 56539 bytes
2026-09-24 09:39:16,216 [INFO] [OK] USA/ECM_ENSEMBLE_Wheat_Winter_PRCP_DEP/cumulative dia 04 (2026-09-24 → 2026-09-28) 58026 bytes
2026-09-24 09:39:16,703 [INFO] [OK] USA/ECM_ENSEMBLE_Wheat_Winter_PRCP_DEP/cumulative dia 05 (2026-09-24 → 2026-09-29) 57869 bytes
2026-09-24 09:39:16,973 [INFO] [OK] USA/ECM_ENSEMBLE_Wheat_Winter_PRCP_DEP/cumulative dia 06 (2026-09-24 → 2026-09-30) 59883 bytes
2026-09-24 09:39:17,413 [INFO] [OK] USA/ECM_ENSEMBLE_Wheat_Winter_PRCP_DEP/cumulative dia 07 (2026-09-24 → 2026-10-01) 60416 bytes
2026-09-24 09:39:17,851 [INFO] [OK] USA/ECM_ENSEMBLE_Wheat_Winter_PRCP_DEP/cumulative dia 08 (2026-09-24 → 2026-10-02) 60830 bytes
2026-09-24 09:39:18,590 [INFO] [OK] USA/ECM_ENSEMBLE_Wheat_Winter_PRCP_DEP/cumulative dia 09 (2026-09-24 → 2026-10-03) 60541 bytes
2026-09-24 09:39:18,793 [INFO] [OK] USA/ECM_ENSEMBLE_Wheat_Winter_PRCP_DEP/cumulative dia 10 (2026-09-24 → 2026-10-04) 60477 bytes
2026-09-24 09:39:19,430 [INFO] [OK] USA/ECM_ENSEMBLE_Wheat_Winter_PRCP_DEP/cumulative dia 11 (2026-09-24 → 2026-10-05) 60381 bytes
2026-09-24 09:39:19,946 [INFO] [OK] USA/ECM_ENSEMBLE_Wheat_Winter_PRCP_DEP/cumulative dia 12 (2026-09-24 → 2026-10-06) 60536 bytes
2026-09-24 09:39:20,249 [INFO] [OK] USA/ECM_ENSEMBLE_Wheat_Winter_PRCP/daily dia 00 (2026-09-24 → 2026-09-24) 40549 bytes
2026-09-24 09:39:20,407 [INFO] [OK] USA/ECM_ENSEMBLE_Wheat_Winter_PRCP_DEP/cumulative dia 13 (2026-09-24 → 2026-10-07) 60164 bytes
2026-09-24 09:39:20,462 [INFO] [OK] USA/ECM_ENSEMBLE_Wheat_Winter_PRCP/daily dia 01 (2026-09-25 → 2026-09-25) 39163 bytes
2026-09-24 09:39:20,801 [INFO] [OK] USA/ECM_ENSEMBLE_Wheat_Winter_PRCP_DEP/cumulative dia 14 (2026-09-24 → 2026-10-08) 60384 bytes
2026-09-24 09:39:20,985 [INFO] [OK] USA/ECM_ENSEMBLE_Wheat_Winter_PRCP/daily dia 02 (2026-09-26 → 2026-09-26) 37786 bytes
2026-09-24 09:39:21,560 [INFO] [OK] USA/ECM_ENSEMBLE_Wheat_Winter_PRCP/daily dia 03 (2026-09-27 → 2026-09-27) 36862 bytes
2026-09-24 09:39:22,031 [INFO] [OK] USA/ECM_ENSEMBLE_Wheat_Winter_PRCP/daily dia 05 (2026-09-29 → 2026-09-29) 39599 bytes
2026-09-24 09:39:22,115 [INFO] [OK] USA/ECM_ENSEMBLE_Wheat_Winter_PRCP/daily dia 04 (2026-09-28 → 2026-09-28) 38094 bytes
2026-09-24 09:39:22,371 [INFO] [OK] USA/ECM_ENSEMBLE_Wheat_Winter_PRCP/daily dia 06 (2026-09-30 → 2026-09-30) 40175 bytes
2026-09-24 09:39:22,397 [INFO] [OK] USA/ECM_ENSEMBLE_Wheat_Winter_PRCP/daily dia 07 (2026-10-01 → 2026-10-01) 38266 bytes
2026-09-24 09:39:22,684 [INFO] [OK] USA/ECM_ENSEMBLE_Wheat_Winter_PRCP/daily dia 08 (2026-10-02 → 2026-10-02) 36903 bytes
2026-09-24 09:39:23,097 [INFO] [OK] USA/ECM_ENSEMBLE_Wheat_Winter_PRCP/daily dia 09 (2026-10-03 → 2026-10-03) 36202 bytes
2026-09-24 09:39:23,645 [INFO] [OK] USA/ECM_ENSEMBLE_Wheat_Winter_PRCP/daily dia 10 (2026-10-04 → 2026-10-04) 36775 bytes
2026-09-24 09:39:23,764 [INFO] [OK] USA/ECM_ENSEMBLE_Wheat_Winter_PRCP/daily dia 11 (2026-10-05 → 2026-10-05) 35527 bytes
2026-09-24 09:39:23,911 [INFO] [OK] USA/ECM_ENSEMBLE_Wheat_Winter_PRCP/daily dia 12 (2026-10-06 → 2026-10-06) 35372 bytes
2026-09-24 09:39:24,027 [INFO] [OK] USA/ECM_ENSEMBLE_Wheat_Winter_PRCP/daily dia 13 (2026-10-07 → 2026-10-07) 35320 bytes
2026-09-24 09:39:24,531 [INFO] [OK] USA/ECM_ENSEMBLE_Wheat_Winter_PRCP/daily dia 14 (2026-10-08 → 2026-10-08) 35437 bytes
2026-09-24 09:39:24,858 [INFO] [OK] USA/ECM_ENSEMBLE_Wheat_Winter_PRCP/cumulative dia 00 (2026-09-24 → 2026-09-24) 40549 bytes
2026-09-24 09:39:25,451 [INFO] [OK] USA/ECM_ENSEMBLE_Wheat_Winter_PRCP/cumulative dia 01 (2026-09-24 → 2026-09-25) 43251 bytes
2026-09-24 09:39:25,531 [INFO] [OK] USA/ECM_ENSEMBLE_Wheat_Winter_PRCP/cumulative dia 02 (2026-09-24 → 2026-09-26) 45409 bytes
2026-09-24 09:39:25,821 [INFO] [OK] USA/ECM_ENSEMBLE_Wheat_Winter_PRCP/cumulative dia 03 (2026-09-24 → 2026-09-27) 46383 bytes
2026-09-24 09:39:25,986 [INFO] [OK] USA/ECM_ENSEMBLE_Wheat_Winter_PRCP/cumulative dia 04 (2026-09-24 → 2026-09-28) 48165 bytes
2026-09-24 09:39:26,644 [INFO] [OK] USA/ECM_ENSEMBLE_Wheat_Winter_PRCP/cumulative dia 05 (2026-09-24 → 2026-09-29) 49817 bytes
2026-09-24 09:39:27,020 [INFO] [OK] USA/ECM_ENSEMBLE_Wheat_Winter_PRCP/cumulative dia 06 (2026-09-24 → 2026-09-30) 51276 bytes
2026-09-24 09:39:27,757 [INFO] [OK] USA/ECM_ENSEMBLE_Wheat_Winter_PRCP/cumulative dia 07 (2026-09-24 → 2026-10-01) 51622 bytes
2026-09-24 09:39:28,371 [INFO] [OK] USA/ECM_ENSEMBLE_Wheat_Winter_PRCP/cumulative dia 08 (2026-09-24 → 2026-10-02) 51784 bytes
2026-09-24 09:39:28,372 [INFO] [OK] USA/ECM_ENSEMBLE_Wheat_Winter_PRCP/cumulative dia 09 (2026-09-24 → 2026-10-03) 52403 bytes
2026-09-24 09:39:28,600 [INFO] [OK] USA/ECM_ENSEMBLE_Wheat_Winter_PRCP/cumulative dia 10 (2026-09-24 → 2026-10-04) 52799 bytes
2026-09-24 09:39:29,328 [INFO] [OK] USA/ECM_ENSEMBLE_Wheat_Winter_PRCP/cumulative dia 11 (2026-09-24 → 2026-10-05) 52434 bytes
2026-09-24 09:39:29,846 [INFO] [OK] USA/ECM_ENSEMBLE_Wheat_Winter_PRCP/cumulative dia 12 (2026-09-24 → 2026-10-06) 52528 bytes
2026-09-24 09:39:30,134 [INFO] [OK] USA/ECM_ENSEMBLE_Wheat_Spring_PRCP_DEP/daily dia 00 (2026-09-24 → 2026-09-24) 46799 bytes
2026-09-24 09:39:30,372 [INFO] [OK] USA/ECM_ENSEMBLE_Wheat_Spring_PRCP_DEP/daily dia 01 (2026-09-25 → 2026-09-25) 46403 bytes
2026-09-24 09:39:30,686 [INFO] [OK] USA/ECM_ENSEMBLE_Wheat_Winter_PRCP/cumulative dia 13 (2026-09-24 → 2026-10-07) 52887 bytes
2026-09-24 09:39:31,032 [INFO] [OK] USA/ECM_ENSEMBLE_Wheat_Spring_PRCP_DEP/daily dia 02 (2026-09-26 → 2026-09-26) 43654 bytes
2026-09-24 09:39:31,338 [INFO] [OK] USA/ECM_ENSEMBLE_Wheat_Winter_PRCP/cumulative dia 14 (2026-09-24 → 2026-10-08) 52627 bytes
2026-09-24 09:39:31,545 [INFO] [OK] USA/ECM_ENSEMBLE_Wheat_Spring_PRCP_DEP/daily dia 03 (2026-09-27 → 2026-09-27) 51656 bytes
2026-09-24 09:39:31,761 [INFO] [OK] USA/ECM_ENSEMBLE_Wheat_Spring_PRCP_DEP/daily dia 04 (2026-09-28 → 2026-09-28) 47312 bytes
2026-09-24 09:39:32,011 [INFO] [OK] USA/ECM_ENSEMBLE_Wheat_Spring_PRCP_DEP/daily dia 05 (2026-09-29 → 2026-09-29) 50990 bytes
2026-09-24 09:39:32,291 [INFO] [OK] USA/ECM_ENSEMBLE_Wheat_Spring_PRCP_DEP/daily dia 06 (2026-09-30 → 2026-09-30) 52643 bytes
2026-09-24 09:39:32,823 [INFO] [OK] USA/ECM_ENSEMBLE_Wheat_Spring_PRCP_DEP/daily dia 07 (2026-10-01 → 2026-10-01) 51886 bytes
2026-09-24 09:39:33,034 [INFO] [OK] USA/ECM_ENSEMBLE_Wheat_Spring_PRCP_DEP/daily dia 08 (2026-10-02 → 2026-10-02) 56403 bytes
2026-09-24 09:39:33,335 [INFO] [OK] USA/ECM_ENSEMBLE_Wheat_Spring_PRCP_DEP/daily dia 09 (2026-10-03 → 2026-10-03) 55069 bytes
2026-09-24 09:39:33,577 [INFO] [OK] USA/ECM_ENSEMBLE_Wheat_Spring_PRCP_DEP/daily dia 10 (2026-10-04 → 2026-10-04) 54003 bytes
2026-09-24 09:39:33,758 [INFO] [OK] USA/ECM_ENSEMBLE_Wheat_Spring_PRCP_DEP/daily dia 11 (2026-10-05 → 2026-10-05) 57254 bytes
2026-09-24 09:39:33,948 [INFO] [OK] USA/ECM_ENSEMBLE_Wheat_Spring_PRCP_DEP/daily dia 12 (2026-10-06 → 2026-10-06) 53516 bytes
2026-09-24 09:39:34,528 [INFO] [OK] USA/ECM_ENSEMBLE_Wheat_Spring_PRCP_DEP/daily dia 13 (2026-10-07 → 2026-10-07) 53832 bytes
2026-09-24 09:39:34,708 [INFO] [OK] USA/ECM_ENSEMBLE_Wheat_Spring_PRCP_DEP/daily dia 14 (2026-10-08 → 2026-10-08) 52928 bytes
2026-09-24 09:39:34,943 [INFO] [OK] USA/ECM_ENSEMBLE_Wheat_Spring_PRCP_DEP/cumulative dia 00 (2026-09-24 → 2026-09-24) 46799 bytes
2026-09-24 09:39:35,332 [INFO] [OK] USA/ECM_ENSEMBLE_Wheat_Spring_PRCP_DEP/cumulative dia 01 (2026-09-24 → 2026-09-25) 49212 bytes
2026-09-24 09:39:35,631 [INFO] [OK] USA/ECM_ENSEMBLE_Wheat_Spring_PRCP_DEP/cumulative dia 02 (2026-09-24 → 2026-09-26) 50483 bytes
2026-09-24 09:39:35,838 [INFO] [OK] USA/ECM_ENSEMBLE_Wheat_Spring_PRCP_DEP/cumulative dia 03 (2026-09-24 → 2026-09-27) 53479 bytes
2026-09-24 09:39:36,666 [INFO] [OK] USA/ECM_ENSEMBLE_Wheat_Spring_PRCP_DEP/cumulative dia 04 (2026-09-24 → 2026-09-28) 54802 bytes
2026-09-24 09:39:36,845 [INFO] [OK] USA/ECM_ENSEMBLE_Wheat_Spring_PRCP_DEP/cumulative dia 05 (2026-09-24 → 2026-09-29) 54772 bytes
2026-09-24 09:39:37,354 [INFO] [OK] USA/ECM_ENSEMBLE_Wheat_Spring_PRCP_DEP/cumulative dia 06 (2026-09-24 → 2026-09-30) 56826 bytes
2026-09-24 09:39:37,684 [INFO] [OK] USA/ECM_ENSEMBLE_Wheat_Spring_PRCP_DEP/cumulative dia 07 (2026-09-24 → 2026-10-01) 57872 bytes
2026-09-24 09:39:38,096 [INFO] [OK] USA/ECM_ENSEMBLE_Wheat_Spring_PRCP_DEP/cumulative dia 08 (2026-09-24 → 2026-10-02) 58000 bytes
2026-09-24 09:39:38,387 [INFO] [OK] USA/ECM_ENSEMBLE_Wheat_Spring_PRCP_DEP/cumulative dia 09 (2026-09-24 → 2026-10-03) 58019 bytes
2026-09-24 09:39:39,281 [INFO] [OK] USA/ECM_ENSEMBLE_Wheat_Spring_PRCP_DEP/cumulative dia 10 (2026-09-24 → 2026-10-04) 57677 bytes
2026-09-24 09:39:39,641 [INFO] [OK] USA/ECM_ENSEMBLE_Wheat_Spring_PRCP_DEP/cumulative dia 11 (2026-09-24 → 2026-10-05) 57669 bytes
2026-09-24 09:39:39,941 [INFO] [OK] USA/ECM_ENSEMBLE_Wheat_Spring_PRCP/daily dia 00 (2026-09-24 → 2026-09-24) 37557 bytes
2026-09-24 09:39:40,152 [INFO] [OK] USA/ECM_ENSEMBLE_Wheat_Spring_PRCP_DEP/cumulative dia 12 (2026-09-24 → 2026-10-06) 57893 bytes
2026-09-24 09:39:40,617 [INFO] [OK] USA/ECM_ENSEMBLE_Wheat_Spring_PRCP_DEP/cumulative dia 13 (2026-09-24 → 2026-10-07) 57310 bytes
2026-09-24 09:39:40,882 [INFO] [OK] USA/ECM_ENSEMBLE_Wheat_Spring_PRCP/daily dia 01 (2026-09-25 → 2026-09-25) 36129 bytes
2026-09-24 09:39:41,169 [INFO] [OK] USA/ECM_ENSEMBLE_Wheat_Spring_PRCP_DEP/cumulative dia 14 (2026-09-24 → 2026-10-08) 57743 bytes
2026-09-24 09:39:41,294 [INFO] [OK] USA/ECM_ENSEMBLE_Wheat_Spring_PRCP/daily dia 02 (2026-09-26 → 2026-09-26) 34700 bytes
2026-09-24 09:39:41,538 [INFO] [OK] USA/ECM_ENSEMBLE_Wheat_Spring_PRCP/daily dia 03 (2026-09-27 → 2026-09-27) 33840 bytes
2026-09-24 09:39:41,732 [INFO] [OK] USA/ECM_ENSEMBLE_Wheat_Spring_PRCP/daily dia 04 (2026-09-28 → 2026-09-28) 35118 bytes
2026-09-24 09:39:42,231 [INFO] [OK] USA/ECM_ENSEMBLE_Wheat_Spring_PRCP/daily dia 05 (2026-09-29 → 2026-09-29) 36756 bytes
2026-09-24 09:39:42,450 [INFO] [OK] USA/ECM_ENSEMBLE_Wheat_Spring_PRCP/daily dia 06 (2026-09-30 → 2026-09-30) 36837 bytes
2026-09-24 09:39:42,856 [INFO] [OK] USA/ECM_ENSEMBLE_Wheat_Spring_PRCP/daily dia 07 (2026-10-01 → 2026-10-01) 35194 bytes
2026-09-24 09:39:42,889 [INFO] [OK] USA/ECM_ENSEMBLE_Wheat_Spring_PRCP/daily dia 08 (2026-10-02 → 2026-10-02) 33840 bytes
2026-09-24 09:39:43,138 [INFO] [OK] USA/ECM_ENSEMBLE_Wheat_Spring_PRCP/daily dia 09 (2026-10-03 → 2026-10-03) 33080 bytes
2026-09-24 09:39:43,262 [INFO] [OK] USA/ECM_ENSEMBLE_Wheat_Spring_PRCP/daily dia 10 (2026-10-04 → 2026-10-04) 33636 bytes
2026-09-24 09:39:43,790 [INFO] [OK] USA/ECM_ENSEMBLE_Wheat_Spring_PRCP/daily dia 11 (2026-10-05 → 2026-10-05) 32437 bytes
2026-09-24 09:39:44,101 [INFO] [OK] USA/ECM_ENSEMBLE_Wheat_Spring_PRCP/daily dia 12 (2026-10-06 → 2026-10-06) 32251 bytes
2026-09-24 09:39:44,578 [INFO] [OK] USA/ECM_ENSEMBLE_Wheat_Spring_PRCP/daily dia 14 (2026-10-08 → 2026-10-08) 32393 bytes
2026-09-24 09:39:44,588 [INFO] [OK] USA/ECM_ENSEMBLE_Wheat_Spring_PRCP/daily dia 13 (2026-10-07 → 2026-10-07) 32262 bytes
2026-09-24 09:39:44,890 [INFO] [OK] USA/ECM_ENSEMBLE_Wheat_Spring_PRCP/cumulative dia 00 (2026-09-24 → 2026-09-24) 37557 bytes
2026-09-24 09:39:45,028 [INFO] [OK] USA/ECM_ENSEMBLE_Wheat_Spring_PRCP/cumulative dia 01 (2026-09-24 → 2026-09-25) 40105 bytes
2026-09-24 09:39:45,606 [INFO] [OK] USA/ECM_ENSEMBLE_Wheat_Spring_PRCP/cumulative dia 02 (2026-09-24 → 2026-09-26) 42175 bytes
2026-09-24 09:39:46,011 [INFO] [OK] USA/ECM_ENSEMBLE_Wheat_Spring_PRCP/cumulative dia 03 (2026-09-24 → 2026-09-27) 43150 bytes
2026-09-24 09:39:46,604 [INFO] [OK] USA/ECM_ENSEMBLE_Wheat_Spring_PRCP/cumulative dia 04 (2026-09-24 → 2026-09-28) 45015 bytes
2026-09-24 09:39:46,780 [INFO] [OK] USA/ECM_ENSEMBLE_Wheat_Spring_PRCP/cumulative dia 05 (2026-09-24 → 2026-09-29) 46837 bytes
2026-09-24 09:39:47,103 [INFO] [OK] USA/ECM_ENSEMBLE_Wheat_Spring_PRCP/cumulative dia 06 (2026-09-24 → 2026-09-30) 47844 bytes
2026-09-24 09:39:47,299 [INFO] [OK] USA/ECM_ENSEMBLE_Wheat_Spring_PRCP/cumulative dia 07 (2026-09-24 → 2026-10-01) 48133 bytes
2026-09-24 09:39:48,024 [INFO] [OK] USA/ECM_ENSEMBLE_Wheat_Spring_PRCP/cumulative dia 08 (2026-09-24 → 2026-10-02) 48553 bytes
2026-09-24 09:39:48,461 [INFO] [OK] USA/ECM_ENSEMBLE_Wheat_Spring_PRCP/cumulative dia 09 (2026-09-24 → 2026-10-03) 49097 bytes
2026-09-24 09:39:49,236 [INFO] [OK] USA/ECM_ENSEMBLE_Wheat_Spring_PRCP/cumulative dia 10 (2026-09-24 → 2026-10-04) 49102 bytes
2026-09-24 09:39:49,661 [INFO] [OK] USA/ECM_ENSEMBLE_Wheat_Spring_PRCP/cumulative dia 11 (2026-09-24 → 2026-10-05) 48686 bytes
2026-09-24 09:39:50,024 [INFO] [OK] USA/ECM_ENSEMBLE_Wheat_Spring_PRCP/cumulative dia 12 (2026-09-24 → 2026-10-06) 48870 bytes
2026-09-24 09:39:50,284 [INFO] [OK] USA/ECM_ENSEMBLE_Wheat_Spring_PRCP/cumulative dia 13 (2026-09-24 → 2026-10-07) 49019 bytes
2026-09-24 09:39:50,940 [INFO] [OK] USA/ECM_ENSEMBLE_Wheat_Spring_PRCP/cumulative dia 14 (2026-09-24 → 2026-10-08) 48813 bytes
2026-09-24 09:39:50,942 [INFO] Resumo: 960/960 sucessos, 0 erros
2026-09-24 09:40:02,149 [INFO] [CLEANUP] Removidas 1052 pastas de histórico anteriores a 2026-08-25
2026-09-24 09:40:02,174 [INFO] Manifest: C:\Users\server\OneDrive - CGB Enterprises, Inc\ZGC-PBI Research - Documents\Dataset Data Files\Weather_maps\manifest.json
2026-09-24 09:40:02,174 [INFO] [GIT] Iniciando sincronização com GitHub...
2026-09-24 09:41:51,479 [INFO] [GIT] Sucesso ✓
2026-09-24 09:41:51,480 [INFO] ✓ Sincronizado com GitHub — Power BI atualiza no próximo refresh
