2026-08-27 09:33:18,098 [INFO] === Execução 2026-08-27 | modo=both | dias=15 | parâmetro=['PRCP_DEP', 'PRCP'] ===
2026-08-27 09:33:18,102 [INFO] Baixando 960 mapas com 6 threads...
2026-08-27 09:33:20,619 [INFO] [OK] Brazil/GFS_ENSEMBLE_Soy_PRCP_DEP/daily dia 03 (2026-08-30 → 2026-08-30) 39900 bytes
2026-08-27 09:33:20,918 [INFO] [OK] Brazil/GFS_ENSEMBLE_Soy_PRCP_DEP/daily dia 04 (2026-08-31 → 2026-08-31) 39823 bytes
2026-08-27 09:33:20,921 [INFO] [OK] Brazil/GFS_ENSEMBLE_Soy_PRCP_DEP/daily dia 00 (2026-08-27 → 2026-08-27) 38642 bytes
2026-08-27 09:33:20,926 [INFO] [OK] Brazil/GFS_ENSEMBLE_Soy_PRCP_DEP/daily dia 01 (2026-08-28 → 2026-08-28) 38694 bytes
2026-08-27 09:33:20,927 [INFO] [OK] Brazil/GFS_ENSEMBLE_Soy_PRCP_DEP/daily dia 02 (2026-08-29 → 2026-08-29) 37819 bytes
2026-08-27 09:33:20,929 [INFO] [OK] Brazil/GFS_ENSEMBLE_Soy_PRCP_DEP/daily dia 05 (2026-09-01 → 2026-09-01) 38970 bytes
2026-08-27 09:33:22,496 [INFO] [OK] Brazil/GFS_ENSEMBLE_Soy_PRCP_DEP/daily dia 11 (2026-09-07 → 2026-09-07) 50002 bytes
2026-08-27 09:33:22,497 [INFO] [OK] Brazil/GFS_ENSEMBLE_Soy_PRCP_DEP/daily dia 08 (2026-09-04 → 2026-09-04) 51221 bytes
2026-08-27 09:33:22,554 [INFO] [OK] Brazil/GFS_ENSEMBLE_Soy_PRCP_DEP/daily dia 07 (2026-09-03 → 2026-09-03) 44569 bytes
2026-08-27 09:33:22,888 [INFO] [OK] Brazil/GFS_ENSEMBLE_Soy_PRCP_DEP/daily dia 06 (2026-09-02 → 2026-09-02) 42142 bytes
2026-08-27 09:33:22,890 [INFO] [OK] Brazil/GFS_ENSEMBLE_Soy_PRCP_DEP/daily dia 10 (2026-09-06 → 2026-09-06) 52082 bytes
2026-08-27 09:33:23,134 [INFO] [OK] Brazil/GFS_ENSEMBLE_Soy_PRCP_DEP/daily dia 09 (2026-09-05 → 2026-09-05) 54022 bytes
2026-08-27 09:33:23,919 [INFO] [OK] Brazil/GFS_ENSEMBLE_Soy_PRCP_DEP/daily dia 12 (2026-09-08 → 2026-09-08) 48960 bytes
2026-08-27 09:33:23,921 [INFO] [OK] Brazil/GFS_ENSEMBLE_Soy_PRCP_DEP/daily dia 13 (2026-09-09 → 2026-09-09) 51146 bytes
2026-08-27 09:33:24,109 [INFO] [OK] Brazil/GFS_ENSEMBLE_Soy_PRCP_DEP/daily dia 14 (2026-09-10 → 2026-09-10) 53158 bytes
2026-08-27 09:33:24,300 [INFO] [OK] Brazil/GFS_ENSEMBLE_Soy_PRCP_DEP/cumulative dia 00 (2026-08-27 → 2026-08-27) 38642 bytes
2026-08-27 09:33:24,335 [INFO] [OK] Brazil/GFS_ENSEMBLE_Soy_PRCP_DEP/cumulative dia 01 (2026-08-27 → 2026-08-28) 40622 bytes
2026-08-27 09:33:24,711 [INFO] [OK] Brazil/GFS_ENSEMBLE_Soy_PRCP_DEP/cumulative dia 02 (2026-08-27 → 2026-08-29) 41504 bytes
2026-08-27 09:33:25,696 [INFO] [OK] Brazil/GFS_ENSEMBLE_Soy_PRCP_DEP/cumulative dia 04 (2026-08-27 → 2026-08-31) 43686 bytes
2026-08-27 09:33:25,762 [INFO] [OK] Brazil/GFS_ENSEMBLE_Soy_PRCP_DEP/cumulative dia 03 (2026-08-27 → 2026-08-30) 42812 bytes
2026-08-27 09:33:26,071 [INFO] [OK] Brazil/GFS_ENSEMBLE_Soy_PRCP_DEP/cumulative dia 05 (2026-08-27 → 2026-09-01) 44341 bytes
2026-08-27 09:33:26,321 [INFO] [OK] Brazil/GFS_ENSEMBLE_Soy_PRCP_DEP/cumulative dia 06 (2026-08-27 → 2026-09-02) 44989 bytes
2026-08-27 09:33:26,322 [INFO] [OK] Brazil/GFS_ENSEMBLE_Soy_PRCP_DEP/cumulative dia 07 (2026-08-27 → 2026-09-03) 46341 bytes
2026-08-27 09:33:26,788 [INFO] [OK] Brazil/GFS_ENSEMBLE_Soy_PRCP_DEP/cumulative dia 08 (2026-08-27 → 2026-09-04) 48448 bytes
2026-08-27 09:33:27,787 [INFO] [OK] Brazil/GFS_ENSEMBLE_Soy_PRCP_DEP/cumulative dia 09 (2026-08-27 → 2026-09-05) 50145 bytes
2026-08-27 09:33:27,986 [INFO] [OK] Brazil/GFS_ENSEMBLE_Soy_PRCP_DEP/cumulative dia 10 (2026-08-27 → 2026-09-06) 50807 bytes
2026-08-27 09:33:28,310 [INFO] [OK] Brazil/GFS_ENSEMBLE_Soy_PRCP_DEP/cumulative dia 11 (2026-08-27 → 2026-09-07) 51452 bytes
2026-08-27 09:33:28,635 [INFO] [OK] Brazil/GFS_ENSEMBLE_Soy_PRCP_DEP/cumulative dia 12 (2026-08-27 → 2026-09-08) 51311 bytes
2026-08-27 09:33:28,846 [INFO] [OK] Brazil/GFS_ENSEMBLE_Soy_PRCP_DEP/cumulative dia 13 (2026-08-27 → 2026-09-09) 52156 bytes
2026-08-27 09:33:29,309 [INFO] [OK] Brazil/GFS_ENSEMBLE_Soy_PRCP/daily dia 00 (2026-08-27 → 2026-08-27) 31029 bytes
2026-08-27 09:33:29,461 [INFO] [OK] Brazil/GFS_ENSEMBLE_Soy_PRCP_DEP/cumulative dia 14 (2026-08-27 → 2026-09-10) 51899 bytes
2026-08-27 09:33:29,484 [INFO] [OK] Brazil/GFS_ENSEMBLE_Soy_PRCP/daily dia 01 (2026-08-28 → 2026-08-28) 29806 bytes
2026-08-27 09:33:29,595 [INFO] [OK] Brazil/GFS_ENSEMBLE_Soy_PRCP/daily dia 02 (2026-08-29 → 2026-08-29) 29212 bytes
2026-08-27 09:33:29,948 [INFO] [OK] Brazil/GFS_ENSEMBLE_Soy_PRCP/daily dia 03 (2026-08-30 → 2026-08-30) 30467 bytes
2026-08-27 09:33:30,175 [INFO] [OK] Brazil/GFS_ENSEMBLE_Soy_PRCP/daily dia 04 (2026-08-31 → 2026-08-31) 30520 bytes
2026-08-27 09:33:30,635 [INFO] [OK] Brazil/GFS_ENSEMBLE_Soy_PRCP/daily dia 05 (2026-09-01 → 2026-09-01) 28872 bytes
2026-08-27 09:33:30,772 [INFO] [OK] Brazil/GFS_ENSEMBLE_Soy_PRCP/daily dia 07 (2026-09-03 → 2026-09-03) 29031 bytes
2026-08-27 09:33:30,845 [INFO] [OK] Brazil/GFS_ENSEMBLE_Soy_PRCP/daily dia 06 (2026-09-02 → 2026-09-02) 29140 bytes
2026-08-27 09:33:30,979 [INFO] [OK] Brazil/GFS_ENSEMBLE_Soy_PRCP/daily dia 08 (2026-09-04 → 2026-09-04) 30084 bytes
2026-08-27 09:33:31,278 [INFO] [OK] Brazil/GFS_ENSEMBLE_Soy_PRCP/daily dia 09 (2026-09-05 → 2026-09-05) 30861 bytes
2026-08-27 09:33:31,541 [INFO] [OK] Brazil/GFS_ENSEMBLE_Soy_PRCP/daily dia 10 (2026-09-06 → 2026-09-06) 30638 bytes
2026-08-27 09:33:32,124 [INFO] [OK] Brazil/GFS_ENSEMBLE_Soy_PRCP/daily dia 12 (2026-09-08 → 2026-09-08) 30945 bytes
2026-08-27 09:33:32,129 [INFO] [OK] Brazil/GFS_ENSEMBLE_Soy_PRCP/daily dia 11 (2026-09-07 → 2026-09-07) 30443 bytes
2026-08-27 09:33:32,299 [INFO] [OK] Brazil/GFS_ENSEMBLE_Soy_PRCP/daily dia 13 (2026-09-09 → 2026-09-09) 31001 bytes
2026-08-27 09:33:32,456 [INFO] [OK] Brazil/GFS_ENSEMBLE_Soy_PRCP/daily dia 14 (2026-09-10 → 2026-09-10) 31092 bytes
2026-08-27 09:33:32,678 [INFO] [OK] Brazil/GFS_ENSEMBLE_Soy_PRCP/cumulative dia 00 (2026-08-27 → 2026-08-27) 31029 bytes
2026-08-27 09:33:32,893 [INFO] [OK] Brazil/GFS_ENSEMBLE_Soy_PRCP/cumulative dia 01 (2026-08-27 → 2026-08-28) 32625 bytes
2026-08-27 09:33:33,602 [INFO] [OK] Brazil/GFS_ENSEMBLE_Soy_PRCP/cumulative dia 02 (2026-08-27 → 2026-08-29) 33780 bytes
2026-08-27 09:33:33,675 [INFO] [OK] Brazil/GFS_ENSEMBLE_Soy_PRCP/cumulative dia 03 (2026-08-27 → 2026-08-30) 34901 bytes
2026-08-27 09:33:33,950 [INFO] [OK] Brazil/GFS_ENSEMBLE_Soy_PRCP/cumulative dia 04 (2026-08-27 → 2026-08-31) 36211 bytes
2026-08-27 09:33:34,172 [INFO] [OK] Brazil/GFS_ENSEMBLE_Soy_PRCP/cumulative dia 05 (2026-08-27 → 2026-09-01) 36853 bytes
2026-08-27 09:33:34,479 [INFO] [OK] Brazil/GFS_ENSEMBLE_Soy_PRCP/cumulative dia 06 (2026-08-27 → 2026-09-02) 37294 bytes
2026-08-27 09:33:34,701 [INFO] [OK] Brazil/GFS_ENSEMBLE_Soy_PRCP/cumulative dia 07 (2026-08-27 → 2026-09-03) 38174 bytes
2026-08-27 09:33:35,612 [INFO] [OK] Brazil/GFS_ENSEMBLE_Soy_PRCP/cumulative dia 08 (2026-08-27 → 2026-09-04) 38699 bytes
2026-08-27 09:33:35,703 [INFO] [OK] Brazil/GFS_ENSEMBLE_Soy_PRCP/cumulative dia 09 (2026-08-27 → 2026-09-05) 39113 bytes
2026-08-27 09:33:36,117 [INFO] [OK] Brazil/GFS_ENSEMBLE_Soy_PRCP/cumulative dia 10 (2026-08-27 → 2026-09-06) 40374 bytes
2026-08-27 09:33:36,407 [INFO] [OK] Brazil/GFS_ENSEMBLE_Soy_PRCP/cumulative dia 11 (2026-08-27 → 2026-09-07) 41047 bytes
2026-08-27 09:33:36,830 [INFO] [OK] Brazil/GFS_ENSEMBLE_Soy_PRCP/cumulative dia 12 (2026-08-27 → 2026-09-08) 41816 bytes
2026-08-27 09:33:37,079 [INFO] [OK] Brazil/GFS_ENSEMBLE_Soy_PRCP/cumulative dia 13 (2026-08-27 → 2026-09-09) 42074 bytes
2026-08-27 09:33:37,174 [INFO] [OK] Brazil/GFS_ENSEMBLE_Corn_Winter_PRCP_DEP/daily dia 00 (2026-08-27 → 2026-08-27) 37012 bytes
2026-08-27 09:33:37,513 [INFO] [OK] Brazil/GFS_ENSEMBLE_Corn_Winter_PRCP_DEP/daily dia 01 (2026-08-28 → 2026-08-28) 36941 bytes
2026-08-27 09:33:37,834 [INFO] [OK] Brazil/GFS_ENSEMBLE_Corn_Winter_PRCP_DEP/daily dia 02 (2026-08-29 → 2026-08-29) 36228 bytes
2026-08-27 09:33:37,974 [INFO] [OK] Brazil/GFS_ENSEMBLE_Soy_PRCP/cumulative dia 14 (2026-08-27 → 2026-09-10) 42395 bytes
2026-08-27 09:33:38,817 [INFO] [OK] Brazil/GFS_ENSEMBLE_Corn_Winter_PRCP_DEP/daily dia 03 (2026-08-30 → 2026-08-30) 38487 bytes
2026-08-27 09:33:38,818 [INFO] [OK] Brazil/GFS_ENSEMBLE_Corn_Winter_PRCP_DEP/daily dia 04 (2026-08-31 → 2026-08-31) 38268 bytes
2026-08-27 09:33:38,819 [INFO] [OK] Brazil/GFS_ENSEMBLE_Corn_Winter_PRCP_DEP/daily dia 05 (2026-09-01 → 2026-09-01) 37594 bytes
2026-08-27 09:33:38,833 [INFO] [OK] Brazil/GFS_ENSEMBLE_Corn_Winter_PRCP_DEP/daily dia 06 (2026-09-02 → 2026-09-02) 40623 bytes
2026-08-27 09:33:39,157 [INFO] [OK] Brazil/GFS_ENSEMBLE_Corn_Winter_PRCP_DEP/daily dia 07 (2026-09-03 → 2026-09-03) 42614 bytes
2026-08-27 09:33:39,393 [INFO] [OK] Brazil/GFS_ENSEMBLE_Corn_Winter_PRCP_DEP/daily dia 08 (2026-09-04 → 2026-09-04) 49275 bytes
2026-08-27 09:33:40,229 [INFO] [OK] Brazil/GFS_ENSEMBLE_Corn_Winter_PRCP_DEP/daily dia 12 (2026-09-08 → 2026-09-08) 47612 bytes
2026-08-27 09:33:40,231 [INFO] [OK] Brazil/GFS_ENSEMBLE_Corn_Winter_PRCP_DEP/daily dia 10 (2026-09-06 → 2026-09-06) 50401 bytes
2026-08-27 09:33:40,252 [INFO] [OK] Brazil/GFS_ENSEMBLE_Corn_Winter_PRCP_DEP/daily dia 11 (2026-09-07 → 2026-09-07) 48573 bytes
2026-08-27 09:33:40,310 [INFO] [OK] Brazil/GFS_ENSEMBLE_Corn_Winter_PRCP_DEP/daily dia 09 (2026-09-05 → 2026-09-05) 52587 bytes
2026-08-27 09:33:40,516 [INFO] [OK] Brazil/GFS_ENSEMBLE_Corn_Winter_PRCP_DEP/daily dia 13 (2026-09-09 → 2026-09-09) 49423 bytes
2026-08-27 09:33:40,790 [INFO] [OK] Brazil/GFS_ENSEMBLE_Corn_Winter_PRCP_DEP/daily dia 14 (2026-09-10 → 2026-09-10) 51593 bytes
2026-08-27 09:33:41,684 [INFO] [OK] Brazil/GFS_ENSEMBLE_Corn_Winter_PRCP_DEP/cumulative dia 01 (2026-08-27 → 2026-08-28) 38980 bytes
2026-08-27 09:33:41,859 [INFO] [OK] Brazil/GFS_ENSEMBLE_Corn_Winter_PRCP_DEP/cumulative dia 00 (2026-08-27 → 2026-08-27) 37012 bytes
2026-08-27 09:33:41,976 [INFO] [OK] Brazil/GFS_ENSEMBLE_Corn_Winter_PRCP_DEP/cumulative dia 02 (2026-08-27 → 2026-08-29) 39921 bytes
2026-08-27 09:33:42,210 [INFO] [OK] Brazil/GFS_ENSEMBLE_Corn_Winter_PRCP_DEP/cumulative dia 03 (2026-08-27 → 2026-08-30) 41153 bytes
2026-08-27 09:33:42,211 [INFO] [OK] Brazil/GFS_ENSEMBLE_Corn_Winter_PRCP_DEP/cumulative dia 04 (2026-08-27 → 2026-08-31) 42287 bytes
2026-08-27 09:33:42,462 [INFO] [OK] Brazil/GFS_ENSEMBLE_Corn_Winter_PRCP_DEP/cumulative dia 05 (2026-08-27 → 2026-09-01) 43063 bytes
2026-08-27 09:33:43,434 [INFO] [OK] Brazil/GFS_ENSEMBLE_Corn_Winter_PRCP_DEP/cumulative dia 06 (2026-08-27 → 2026-09-02) 43670 bytes
2026-08-27 09:33:43,808 [INFO] [OK] Brazil/GFS_ENSEMBLE_Corn_Winter_PRCP_DEP/cumulative dia 07 (2026-08-27 → 2026-09-03) 44846 bytes
2026-08-27 09:33:44,011 [INFO] [OK] Brazil/GFS_ENSEMBLE_Corn_Winter_PRCP_DEP/cumulative dia 08 (2026-08-27 → 2026-09-04) 46739 bytes
2026-08-27 09:33:44,251 [INFO] [OK] Brazil/GFS_ENSEMBLE_Corn_Winter_PRCP_DEP/cumulative dia 09 (2026-08-27 → 2026-09-05) 48342 bytes
2026-08-27 09:33:44,380 [INFO] [OK] Brazil/GFS_ENSEMBLE_Corn_Winter_PRCP_DEP/cumulative dia 10 (2026-08-27 → 2026-09-06) 49027 bytes
2026-08-27 09:33:44,682 [INFO] [OK] Brazil/GFS_ENSEMBLE_Corn_Winter_PRCP_DEP/cumulative dia 11 (2026-08-27 → 2026-09-07) 49596 bytes
2026-08-27 09:33:45,679 [INFO] [OK] Brazil/GFS_ENSEMBLE_Corn_Winter_PRCP_DEP/cumulative dia 12 (2026-08-27 → 2026-09-08) 49636 bytes
2026-08-27 09:33:45,826 [INFO] [OK] Brazil/GFS_ENSEMBLE_Corn_Winter_PRCP/daily dia 00 (2026-08-27 → 2026-08-27) 29170 bytes
2026-08-27 09:33:45,934 [INFO] [OK] Brazil/GFS_ENSEMBLE_Corn_Winter_PRCP/daily dia 01 (2026-08-28 → 2026-08-28) 28119 bytes
2026-08-27 09:33:46,360 [INFO] [OK] Brazil/GFS_ENSEMBLE_Corn_Winter_PRCP_DEP/cumulative dia 13 (2026-08-27 → 2026-09-09) 50454 bytes
2026-08-27 09:33:46,996 [INFO] [OK] Brazil/GFS_ENSEMBLE_Corn_Winter_PRCP/daily dia 02 (2026-08-29 → 2026-08-29) 27548 bytes
2026-08-27 09:33:47,002 [INFO] [OK] Brazil/GFS_ENSEMBLE_Corn_Winter_PRCP_DEP/cumulative dia 14 (2026-08-27 → 2026-09-10) 50109 bytes
2026-08-27 09:33:47,425 [INFO] [OK] Brazil/GFS_ENSEMBLE_Corn_Winter_PRCP/daily dia 03 (2026-08-30 → 2026-08-30) 28805 bytes
2026-08-27 09:33:47,429 [INFO] [OK] Brazil/GFS_ENSEMBLE_Corn_Winter_PRCP/daily dia 04 (2026-08-31 → 2026-08-31) 28869 bytes
2026-08-27 09:33:47,431 [INFO] [OK] Brazil/GFS_ENSEMBLE_Corn_Winter_PRCP/daily dia 05 (2026-09-01 → 2026-09-01) 27409 bytes
2026-08-27 09:33:48,333 [INFO] [OK] Brazil/GFS_ENSEMBLE_Corn_Winter_PRCP/daily dia 07 (2026-09-03 → 2026-09-03) 27510 bytes
2026-08-27 09:33:48,335 [INFO] [OK] Brazil/GFS_ENSEMBLE_Corn_Winter_PRCP/daily dia 06 (2026-09-02 → 2026-09-02) 27551 bytes
2026-08-27 09:33:48,336 [INFO] [OK] Brazil/GFS_ENSEMBLE_Corn_Winter_PRCP/daily dia 08 (2026-09-04 → 2026-09-04) 28569 bytes
2026-08-27 09:33:48,956 [INFO] [OK] Brazil/GFS_ENSEMBLE_Corn_Winter_PRCP/daily dia 10 (2026-09-06 → 2026-09-06) 29186 bytes
2026-08-27 09:33:48,982 [INFO] [OK] Brazil/GFS_ENSEMBLE_Corn_Winter_PRCP/daily dia 09 (2026-09-05 → 2026-09-05) 29361 bytes
2026-08-27 09:33:49,009 [INFO] [OK] Brazil/GFS_ENSEMBLE_Corn_Winter_PRCP/daily dia 11 (2026-09-07 → 2026-09-07) 29016 bytes
2026-08-27 09:33:49,690 [INFO] [OK] Brazil/GFS_ENSEMBLE_Corn_Winter_PRCP/daily dia 12 (2026-09-08 → 2026-09-08) 29403 bytes
2026-08-27 09:33:49,909 [INFO] [OK] Brazil/GFS_ENSEMBLE_Corn_Winter_PRCP/daily dia 13 (2026-09-09 → 2026-09-09) 29523 bytes
2026-08-27 09:33:49,988 [INFO] [OK] Brazil/GFS_ENSEMBLE_Corn_Winter_PRCP/daily dia 14 (2026-09-10 → 2026-09-10) 29508 bytes
2026-08-27 09:33:50,319 [INFO] [OK] Brazil/GFS_ENSEMBLE_Corn_Winter_PRCP/cumulative dia 00 (2026-08-27 → 2026-08-27) 29170 bytes
2026-08-27 09:33:50,364 [INFO] [OK] Brazil/GFS_ENSEMBLE_Corn_Winter_PRCP/cumulative dia 01 (2026-08-27 → 2026-08-28) 30638 bytes
2026-08-27 09:33:50,448 [INFO] [OK] Brazil/GFS_ENSEMBLE_Corn_Winter_PRCP/cumulative dia 02 (2026-08-27 → 2026-08-29) 31697 bytes
2026-08-27 09:33:51,246 [INFO] [OK] Brazil/GFS_ENSEMBLE_Corn_Winter_PRCP/cumulative dia 03 (2026-08-27 → 2026-08-30) 32913 bytes
2026-08-27 09:33:51,512 [INFO] [OK] Brazil/GFS_ENSEMBLE_Corn_Winter_PRCP/cumulative dia 04 (2026-08-27 → 2026-08-31) 34425 bytes
2026-08-27 09:33:51,696 [INFO] [OK] Brazil/GFS_ENSEMBLE_Corn_Winter_PRCP/cumulative dia 05 (2026-08-27 → 2026-09-01) 35120 bytes
2026-08-27 09:33:52,089 [INFO] [OK] Brazil/GFS_ENSEMBLE_Corn_Winter_PRCP/cumulative dia 06 (2026-08-27 → 2026-09-02) 35644 bytes
2026-08-27 09:33:52,214 [INFO] [OK] Brazil/GFS_ENSEMBLE_Corn_Winter_PRCP/cumulative dia 07 (2026-08-27 → 2026-09-03) 36550 bytes
2026-08-27 09:33:52,383 [INFO] [OK] Brazil/GFS_ENSEMBLE_Corn_Winter_PRCP/cumulative dia 08 (2026-08-27 → 2026-09-04) 37140 bytes
2026-08-27 09:33:53,229 [INFO] [OK] Brazil/GFS_ENSEMBLE_Corn_Winter_PRCP/cumulative dia 09 (2026-08-27 → 2026-09-05) 37533 bytes
2026-08-27 09:33:53,643 [INFO] [OK] Brazil/GFS_ENSEMBLE_Corn_Winter_PRCP/cumulative dia 10 (2026-08-27 → 2026-09-06) 38989 bytes
2026-08-27 09:33:53,972 [INFO] [OK] Brazil/GFS_ENSEMBLE_Corn_Winter_PRCP/cumulative dia 11 (2026-08-27 → 2026-09-07) 39672 bytes
2026-08-27 09:33:54,452 [INFO] [OK] Brazil/GFS_ENSEMBLE_Corn_Winter_PRCP/cumulative dia 12 (2026-08-27 → 2026-09-08) 40435 bytes
2026-08-27 09:33:54,655 [INFO] [OK] Brazil/ECM_ENSEMBLE_Soy_PRCP_DEP/daily dia 00 (2026-08-27 → 2026-08-27) 48288 bytes
2026-08-27 09:33:54,656 [INFO] [OK] Brazil/GFS_ENSEMBLE_Corn_Winter_PRCP/cumulative dia 13 (2026-08-27 → 2026-09-09) 40596 bytes
2026-08-27 09:33:54,790 [INFO] [OK] Brazil/GFS_ENSEMBLE_Corn_Winter_PRCP/cumulative dia 14 (2026-08-27 → 2026-09-10) 40938 bytes
2026-08-27 09:33:55,075 [INFO] [OK] Brazil/ECM_ENSEMBLE_Soy_PRCP_DEP/daily dia 01 (2026-08-28 → 2026-08-28) 49014 bytes
2026-08-27 09:33:55,359 [INFO] [OK] Brazil/ECM_ENSEMBLE_Soy_PRCP_DEP/daily dia 02 (2026-08-29 → 2026-08-29) 49808 bytes
2026-08-27 09:33:56,038 [INFO] [OK] Brazil/ECM_ENSEMBLE_Soy_PRCP_DEP/daily dia 03 (2026-08-30 → 2026-08-30) 48254 bytes
2026-08-27 09:33:56,051 [INFO] [OK] Brazil/ECM_ENSEMBLE_Soy_PRCP_DEP/daily dia 05 (2026-09-01 → 2026-09-01) 48368 bytes
2026-08-27 09:33:56,170 [INFO] [OK] Brazil/ECM_ENSEMBLE_Soy_PRCP_DEP/daily dia 04 (2026-08-31 → 2026-08-31) 47606 bytes
2026-08-27 09:33:56,340 [INFO] [OK] Brazil/ECM_ENSEMBLE_Soy_PRCP_DEP/daily dia 06 (2026-09-02 → 2026-09-02) 50285 bytes
2026-08-27 09:33:56,418 [INFO] [OK] Brazil/ECM_ENSEMBLE_Soy_PRCP_DEP/daily dia 07 (2026-09-03 → 2026-09-03) 51857 bytes
2026-08-27 09:33:56,720 [INFO] [OK] Brazil/ECM_ENSEMBLE_Soy_PRCP_DEP/daily dia 08 (2026-09-04 → 2026-09-04) 48796 bytes
2026-08-27 09:33:57,525 [INFO] [OK] Brazil/ECM_ENSEMBLE_Soy_PRCP_DEP/daily dia 11 (2026-09-07 → 2026-09-07) 50656 bytes
2026-08-27 09:33:57,611 [INFO] [OK] Brazil/ECM_ENSEMBLE_Soy_PRCP_DEP/daily dia 09 (2026-09-05 → 2026-09-05) 50808 bytes
2026-08-27 09:33:57,614 [INFO] [OK] Brazil/ECM_ENSEMBLE_Soy_PRCP_DEP/daily dia 10 (2026-09-06 → 2026-09-06) 51121 bytes
2026-08-27 09:33:57,782 [INFO] [OK] Brazil/ECM_ENSEMBLE_Soy_PRCP_DEP/daily dia 12 (2026-09-08 → 2026-09-08) 49007 bytes
2026-08-27 09:33:57,876 [INFO] [OK] Brazil/ECM_ENSEMBLE_Soy_PRCP_DEP/daily dia 13 (2026-09-09 → 2026-09-09) 49257 bytes
2026-08-27 09:33:58,066 [INFO] [OK] Brazil/ECM_ENSEMBLE_Soy_PRCP_DEP/daily dia 14 (2026-09-10 → 2026-09-10) 50207 bytes
2026-08-27 09:33:59,223 [INFO] [OK] Brazil/ECM_ENSEMBLE_Soy_PRCP_DEP/cumulative dia 00 (2026-08-27 → 2026-08-27) 48288 bytes
2026-08-27 09:33:59,224 [INFO] [OK] Brazil/ECM_ENSEMBLE_Soy_PRCP_DEP/cumulative dia 01 (2026-08-27 → 2026-08-28) 50425 bytes
2026-08-27 09:33:59,497 [INFO] [OK] Brazil/ECM_ENSEMBLE_Soy_PRCP_DEP/cumulative dia 02 (2026-08-27 → 2026-08-29) 51653 bytes
2026-08-27 09:33:59,995 [INFO] [OK] Brazil/ECM_ENSEMBLE_Soy_PRCP_DEP/cumulative dia 03 (2026-08-27 → 2026-08-30) 51572 bytes
2026-08-27 09:34:00,067 [INFO] [OK] Brazil/ECM_ENSEMBLE_Soy_PRCP_DEP/cumulative dia 05 (2026-08-27 → 2026-09-01) 53008 bytes
2026-08-27 09:34:00,163 [INFO] [OK] Brazil/ECM_ENSEMBLE_Soy_PRCP_DEP/cumulative dia 04 (2026-08-27 → 2026-08-31) 52141 bytes
2026-08-27 09:34:01,271 [INFO] [OK] Brazil/ECM_ENSEMBLE_Soy_PRCP_DEP/cumulative dia 07 (2026-08-27 → 2026-09-03) 53683 bytes
2026-08-27 09:34:01,276 [INFO] [OK] Brazil/ECM_ENSEMBLE_Soy_PRCP_DEP/cumulative dia 06 (2026-08-27 → 2026-09-02) 53501 bytes
2026-08-27 09:34:01,611 [INFO] [OK] Brazil/ECM_ENSEMBLE_Soy_PRCP_DEP/cumulative dia 08 (2026-08-27 → 2026-09-04) 54034 bytes
2026-08-27 09:34:02,226 [INFO] [OK] Brazil/ECM_ENSEMBLE_Soy_PRCP_DEP/cumulative dia 09 (2026-08-27 → 2026-09-05) 53144 bytes
2026-08-27 09:34:02,255 [INFO] [OK] Brazil/ECM_ENSEMBLE_Soy_PRCP_DEP/cumulative dia 10 (2026-08-27 → 2026-09-06) 52200 bytes
2026-08-27 09:34:02,540 [INFO] [OK] Brazil/ECM_ENSEMBLE_Soy_PRCP_DEP/cumulative dia 11 (2026-08-27 → 2026-09-07) 51465 bytes
2026-08-27 09:34:03,576 [INFO] [OK] Brazil/ECM_ENSEMBLE_Soy_PRCP/daily dia 01 (2026-08-28 → 2026-08-28) 31797 bytes
2026-08-27 09:34:03,677 [INFO] [OK] Brazil/ECM_ENSEMBLE_Soy_PRCP_DEP/cumulative dia 12 (2026-08-27 → 2026-09-08) 51053 bytes
2026-08-27 09:34:03,710 [INFO] [OK] Brazil/ECM_ENSEMBLE_Soy_PRCP_DEP/cumulative dia 13 (2026-08-27 → 2026-09-09) 50639 bytes
2026-08-27 09:34:03,757 [INFO] [OK] Brazil/ECM_ENSEMBLE_Soy_PRCP/daily dia 00 (2026-08-27 → 2026-08-27) 33130 bytes
2026-08-27 09:34:03,832 [INFO] [OK] Brazil/ECM_ENSEMBLE_Soy_PRCP/daily dia 02 (2026-08-29 → 2026-08-29) 31305 bytes
2026-08-27 09:34:04,086 [INFO] [OK] Brazil/ECM_ENSEMBLE_Soy_PRCP_DEP/cumulative dia 14 (2026-08-27 → 2026-09-10) 50669 bytes
2026-08-27 09:34:04,986 [INFO] [OK] Brazil/ECM_ENSEMBLE_Soy_PRCP/daily dia 04 (2026-08-31 → 2026-08-31) 32647 bytes
2026-08-27 09:34:05,021 [INFO] [OK] Brazil/ECM_ENSEMBLE_Soy_PRCP/daily dia 05 (2026-09-01 → 2026-09-01) 31328 bytes
2026-08-27 09:34:05,060 [INFO] [OK] Brazil/ECM_ENSEMBLE_Soy_PRCP/daily dia 03 (2026-08-30 → 2026-08-30) 32520 bytes
2026-08-27 09:34:05,135 [INFO] [OK] Brazil/ECM_ENSEMBLE_Soy_PRCP/daily dia 06 (2026-09-02 → 2026-09-02) 30065 bytes
2026-08-27 09:34:05,368 [INFO] [OK] Brazil/ECM_ENSEMBLE_Soy_PRCP/daily dia 07 (2026-09-03 → 2026-09-03) 30749 bytes
2026-08-27 09:34:05,520 [INFO] [OK] Brazil/ECM_ENSEMBLE_Soy_PRCP/daily dia 08 (2026-09-04 → 2026-09-04) 31283 bytes
2026-08-27 09:34:06,282 [INFO] [OK] Brazil/ECM_ENSEMBLE_Soy_PRCP/daily dia 09 (2026-09-05 → 2026-09-05) 31797 bytes
2026-08-27 09:34:06,404 [INFO] [OK] Brazil/ECM_ENSEMBLE_Soy_PRCP/daily dia 11 (2026-09-07 → 2026-09-07) 32465 bytes
2026-08-27 09:34:06,502 [INFO] [OK] Brazil/ECM_ENSEMBLE_Soy_PRCP/daily dia 10 (2026-09-06 → 2026-09-06) 32275 bytes
2026-08-27 09:34:06,509 [INFO] [OK] Brazil/ECM_ENSEMBLE_Soy_PRCP/daily dia 12 (2026-09-08 → 2026-09-08) 32482 bytes
2026-08-27 09:34:06,728 [INFO] [OK] Brazil/ECM_ENSEMBLE_Soy_PRCP/daily dia 13 (2026-09-09 → 2026-09-09) 32931 bytes
2026-08-27 09:34:06,807 [INFO] [OK] Brazil/ECM_ENSEMBLE_Soy_PRCP/daily dia 14 (2026-09-10 → 2026-09-10) 30976 bytes
2026-08-27 09:34:07,577 [INFO] [OK] Brazil/ECM_ENSEMBLE_Soy_PRCP/cumulative dia 00 (2026-08-27 → 2026-08-27) 33130 bytes
2026-08-27 09:34:07,827 [INFO] [OK] Brazil/ECM_ENSEMBLE_Soy_PRCP/cumulative dia 01 (2026-08-27 → 2026-08-28) 35261 bytes
2026-08-27 09:34:08,425 [INFO] [OK] Brazil/ECM_ENSEMBLE_Soy_PRCP/cumulative dia 02 (2026-08-27 → 2026-08-29) 37403 bytes
2026-08-27 09:34:08,461 [INFO] [OK] Brazil/ECM_ENSEMBLE_Soy_PRCP/cumulative dia 03 (2026-08-27 → 2026-08-30) 38879 bytes
2026-08-27 09:34:08,461 [INFO] [OK] Brazil/ECM_ENSEMBLE_Soy_PRCP/cumulative dia 04 (2026-08-27 → 2026-08-31) 40216 bytes
2026-08-27 09:34:08,549 [INFO] [OK] Brazil/ECM_ENSEMBLE_Soy_PRCP/cumulative dia 05 (2026-08-27 → 2026-09-01) 41021 bytes
2026-08-27 09:34:09,558 [INFO] [OK] Brazil/ECM_ENSEMBLE_Soy_PRCP/cumulative dia 06 (2026-08-27 → 2026-09-02) 41305 bytes
2026-08-27 09:34:09,730 [INFO] [OK] Brazil/ECM_ENSEMBLE_Soy_PRCP/cumulative dia 07 (2026-08-27 → 2026-09-03) 41735 bytes
2026-08-27 09:34:10,414 [INFO] [OK] Brazil/ECM_ENSEMBLE_Soy_PRCP/cumulative dia 08 (2026-08-27 → 2026-09-04) 42596 bytes
2026-08-27 09:34:10,600 [INFO] [OK] Brazil/ECM_ENSEMBLE_Soy_PRCP/cumulative dia 09 (2026-08-27 → 2026-09-05) 43703 bytes
2026-08-27 09:34:10,676 [INFO] [OK] Brazil/ECM_ENSEMBLE_Soy_PRCP/cumulative dia 10 (2026-08-27 → 2026-09-06) 44117 bytes
2026-08-27 09:34:10,822 [INFO] [OK] Brazil/ECM_ENSEMBLE_Soy_PRCP/cumulative dia 11 (2026-08-27 → 2026-09-07) 45276 bytes
2026-08-27 09:34:11,834 [INFO] [OK] Brazil/ECM_ENSEMBLE_Soy_PRCP/cumulative dia 12 (2026-08-27 → 2026-09-08) 45381 bytes
2026-08-27 09:34:11,973 [INFO] [OK] Brazil/ECM_ENSEMBLE_Corn_Winter_PRCP_DEP/daily dia 00 (2026-08-27 → 2026-08-27) 46871 bytes
2026-08-27 09:34:12,017 [INFO] [OK] Brazil/ECM_ENSEMBLE_Soy_PRCP/cumulative dia 13 (2026-08-27 → 2026-09-09) 45761 bytes
2026-08-27 09:34:12,073 [INFO] [OK] Brazil/ECM_ENSEMBLE_Corn_Winter_PRCP_DEP/daily dia 01 (2026-08-28 → 2026-08-28) 47357 bytes
2026-08-27 09:34:12,220 [INFO] [OK] Brazil/ECM_ENSEMBLE_Corn_Winter_PRCP_DEP/daily dia 02 (2026-08-29 → 2026-08-29) 48166 bytes
2026-08-27 09:34:12,726 [INFO] [OK] Brazil/ECM_ENSEMBLE_Soy_PRCP/cumulative dia 14 (2026-08-27 → 2026-09-10) 46216 bytes
2026-08-27 09:34:13,146 [INFO] [OK] Brazil/ECM_ENSEMBLE_Corn_Winter_PRCP_DEP/daily dia 03 (2026-08-30 → 2026-08-30) 46864 bytes
2026-08-27 09:34:13,599 [INFO] [OK] Brazil/ECM_ENSEMBLE_Corn_Winter_PRCP_DEP/daily dia 04 (2026-08-31 → 2026-08-31) 46131 bytes
2026-08-27 09:34:13,600 [INFO] [OK] Brazil/ECM_ENSEMBLE_Corn_Winter_PRCP_DEP/daily dia 05 (2026-09-01 → 2026-09-01) 46928 bytes
2026-08-27 09:34:13,609 [INFO] [OK] Brazil/ECM_ENSEMBLE_Corn_Winter_PRCP_DEP/daily dia 06 (2026-09-02 → 2026-09-02) 48604 bytes
2026-08-27 09:34:13,763 [INFO] [OK] Brazil/ECM_ENSEMBLE_Corn_Winter_PRCP_DEP/daily dia 07 (2026-09-03 → 2026-09-03) 50485 bytes
2026-08-27 09:34:14,207 [INFO] [OK] Brazil/ECM_ENSEMBLE_Corn_Winter_PRCP_DEP/daily dia 08 (2026-09-04 → 2026-09-04) 47333 bytes
2026-08-27 09:34:14,498 [INFO] [OK] Brazil/ECM_ENSEMBLE_Corn_Winter_PRCP_DEP/daily dia 09 (2026-09-05 → 2026-09-05) 49237 bytes
2026-08-27 09:34:14,974 [INFO] [OK] Brazil/ECM_ENSEMBLE_Corn_Winter_PRCP_DEP/daily dia 12 (2026-09-08 → 2026-09-08) 47425 bytes
2026-08-27 09:34:15,001 [INFO] [OK] Brazil/ECM_ENSEMBLE_Corn_Winter_PRCP_DEP/daily dia 11 (2026-09-07 → 2026-09-07) 49220 bytes
2026-08-27 09:34:15,032 [INFO] [OK] Brazil/ECM_ENSEMBLE_Corn_Winter_PRCP_DEP/daily dia 10 (2026-09-06 → 2026-09-06) 49642 bytes
2026-08-27 09:34:15,205 [INFO] [OK] Brazil/ECM_ENSEMBLE_Corn_Winter_PRCP_DEP/daily dia 13 (2026-09-09 → 2026-09-09) 47746 bytes
2026-08-27 09:34:15,755 [INFO] [OK] Brazil/ECM_ENSEMBLE_Corn_Winter_PRCP_DEP/daily dia 14 (2026-09-10 → 2026-09-10) 48510 bytes
2026-08-27 09:34:15,973 [INFO] [OK] Brazil/ECM_ENSEMBLE_Corn_Winter_PRCP_DEP/cumulative dia 00 (2026-08-27 → 2026-08-27) 46871 bytes
2026-08-27 09:34:16,439 [INFO] [OK] Brazil/ECM_ENSEMBLE_Corn_Winter_PRCP_DEP/cumulative dia 01 (2026-08-27 → 2026-08-28) 49001 bytes
2026-08-27 09:34:16,532 [INFO] [OK] Brazil/ECM_ENSEMBLE_Corn_Winter_PRCP_DEP/cumulative dia 02 (2026-08-27 → 2026-08-29) 50229 bytes
2026-08-27 09:34:16,629 [INFO] [OK] Brazil/ECM_ENSEMBLE_Corn_Winter_PRCP_DEP/cumulative dia 03 (2026-08-27 → 2026-08-30) 50051 bytes
2026-08-27 09:34:17,379 [INFO] [OK] Brazil/ECM_ENSEMBLE_Corn_Winter_PRCP_DEP/cumulative dia 04 (2026-08-27 → 2026-08-31) 50544 bytes
2026-08-27 09:34:19,275 [INFO] [OK] Brazil/ECM_ENSEMBLE_Corn_Winter_PRCP_DEP/cumulative dia 07 (2026-08-27 → 2026-09-03) 52308 bytes
2026-08-27 09:34:19,278 [INFO] [OK] Brazil/ECM_ENSEMBLE_Corn_Winter_PRCP_DEP/cumulative dia 06 (2026-08-27 → 2026-09-02) 51990 bytes
2026-08-27 09:34:19,280 [INFO] [OK] Brazil/ECM_ENSEMBLE_Corn_Winter_PRCP_DEP/cumulative dia 05 (2026-08-27 → 2026-09-01) 51520 bytes
2026-08-27 09:34:19,288 [INFO] [OK] Brazil/ECM_ENSEMBLE_Corn_Winter_PRCP_DEP/cumulative dia 09 (2026-08-27 → 2026-09-05) 51840 bytes
2026-08-27 09:34:19,290 [INFO] [OK] Brazil/ECM_ENSEMBLE_Corn_Winter_PRCP_DEP/cumulative dia 08 (2026-08-27 → 2026-09-04) 52689 bytes
2026-08-27 09:34:19,682 [INFO] [OK] Brazil/ECM_ENSEMBLE_Corn_Winter_PRCP_DEP/cumulative dia 10 (2026-08-27 → 2026-09-06) 50961 bytes
2026-08-27 09:34:21,132 [INFO] [OK] Brazil/ECM_ENSEMBLE_Corn_Winter_PRCP/daily dia 00 (2026-08-27 → 2026-08-27) 31262 bytes
2026-08-27 09:34:21,134 [INFO] [OK] Brazil/ECM_ENSEMBLE_Corn_Winter_PRCP/daily dia 01 (2026-08-28 → 2026-08-28) 30083 bytes
2026-08-27 09:34:21,519 [INFO] [OK] Brazil/ECM_ENSEMBLE_Corn_Winter_PRCP_DEP/cumulative dia 11 (2026-08-27 → 2026-09-07) 50337 bytes
2026-08-27 09:34:21,650 [INFO] [OK] Brazil/ECM_ENSEMBLE_Corn_Winter_PRCP_DEP/cumulative dia 13 (2026-08-27 → 2026-09-09) 49606 bytes
2026-08-27 09:34:21,706 [INFO] [OK] Brazil/ECM_ENSEMBLE_Corn_Winter_PRCP_DEP/cumulative dia 12 (2026-08-27 → 2026-09-08) 49894 bytes
2026-08-27 09:34:21,829 [INFO] [OK] Brazil/ECM_ENSEMBLE_Corn_Winter_PRCP_DEP/cumulative dia 14 (2026-08-27 → 2026-09-10) 49424 bytes
2026-08-27 09:34:22,491 [INFO] [OK] Brazil/ECM_ENSEMBLE_Corn_Winter_PRCP/daily dia 02 (2026-08-29 → 2026-08-29) 29647 bytes
2026-08-27 09:34:22,496 [INFO] [OK] Brazil/ECM_ENSEMBLE_Corn_Winter_PRCP/daily dia 03 (2026-08-30 → 2026-08-30) 30973 bytes
2026-08-27 09:34:22,863 [INFO] [OK] Brazil/ECM_ENSEMBLE_Corn_Winter_PRCP/daily dia 04 (2026-08-31 → 2026-08-31) 30981 bytes
2026-08-27 09:34:23,005 [INFO] [OK] Brazil/ECM_ENSEMBLE_Corn_Winter_PRCP/daily dia 06 (2026-09-02 → 2026-09-02) 28497 bytes
2026-08-27 09:34:23,160 [INFO] [OK] Brazil/ECM_ENSEMBLE_Corn_Winter_PRCP/daily dia 05 (2026-09-01 → 2026-09-01) 29791 bytes
2026-08-27 09:34:23,251 [INFO] [OK] Brazil/ECM_ENSEMBLE_Corn_Winter_PRCP/daily dia 07 (2026-09-03 → 2026-09-03) 29248 bytes
2026-08-27 09:34:24,062 [INFO] [OK] Brazil/ECM_ENSEMBLE_Corn_Winter_PRCP/daily dia 09 (2026-09-05 → 2026-09-05) 30433 bytes
2026-08-27 09:34:24,063 [INFO] [OK] Brazil/ECM_ENSEMBLE_Corn_Winter_PRCP/daily dia 08 (2026-09-04 → 2026-09-04) 29830 bytes
2026-08-27 09:34:24,358 [INFO] [OK] Brazil/ECM_ENSEMBLE_Corn_Winter_PRCP/daily dia 10 (2026-09-06 → 2026-09-06) 30924 bytes
2026-08-27 09:34:24,808 [INFO] [OK] Brazil/ECM_ENSEMBLE_Corn_Winter_PRCP/daily dia 11 (2026-09-07 → 2026-09-07) 31092 bytes
2026-08-27 09:34:24,823 [INFO] [OK] Brazil/ECM_ENSEMBLE_Corn_Winter_PRCP/daily dia 12 (2026-09-08 → 2026-09-08) 31029 bytes
2026-08-27 09:34:24,948 [INFO] [OK] Brazil/ECM_ENSEMBLE_Corn_Winter_PRCP/daily dia 13 (2026-09-09 → 2026-09-09) 31513 bytes
2026-08-27 09:34:25,482 [INFO] [OK] Brazil/ECM_ENSEMBLE_Corn_Winter_PRCP/daily dia 14 (2026-09-10 → 2026-09-10) 29536 bytes
2026-08-27 09:34:25,607 [INFO] [OK] Brazil/ECM_ENSEMBLE_Corn_Winter_PRCP/cumulative dia 00 (2026-08-27 → 2026-08-27) 31262 bytes
2026-08-27 09:34:26,019 [INFO] [OK] Brazil/ECM_ENSEMBLE_Corn_Winter_PRCP/cumulative dia 01 (2026-08-27 → 2026-08-28) 33467 bytes
2026-08-27 09:34:26,523 [INFO] [OK] Brazil/ECM_ENSEMBLE_Corn_Winter_PRCP/cumulative dia 03 (2026-08-27 → 2026-08-30) 37384 bytes
2026-08-27 09:34:26,569 [INFO] [OK] Brazil/ECM_ENSEMBLE_Corn_Winter_PRCP/cumulative dia 02 (2026-08-27 → 2026-08-29) 35599 bytes
2026-08-27 09:34:27,091 [INFO] [OK] Brazil/ECM_ENSEMBLE_Corn_Winter_PRCP/cumulative dia 04 (2026-08-27 → 2026-08-31) 38482 bytes
2026-08-27 09:34:27,415 [INFO] [OK] Brazil/ECM_ENSEMBLE_Corn_Winter_PRCP/cumulative dia 05 (2026-08-27 → 2026-09-01) 39589 bytes
2026-08-27 09:34:27,547 [INFO] [OK] Brazil/ECM_ENSEMBLE_Corn_Winter_PRCP/cumulative dia 06 (2026-08-27 → 2026-09-02) 39965 bytes
2026-08-27 09:34:27,944 [INFO] [OK] Brazil/ECM_ENSEMBLE_Corn_Winter_PRCP/cumulative dia 07 (2026-08-27 → 2026-09-03) 40176 bytes
2026-08-27 09:34:28,768 [INFO] [OK] Brazil/ECM_ENSEMBLE_Corn_Winter_PRCP/cumulative dia 08 (2026-08-27 → 2026-09-04) 41178 bytes
2026-08-27 09:34:28,989 [INFO] [OK] Brazil/ECM_ENSEMBLE_Corn_Winter_PRCP/cumulative dia 09 (2026-08-27 → 2026-09-05) 42050 bytes
2026-08-27 09:34:29,397 [INFO] [OK] Brazil/ECM_ENSEMBLE_Corn_Winter_PRCP/cumulative dia 10 (2026-08-27 → 2026-09-06) 42408 bytes
2026-08-27 09:34:30,169 [INFO] [OK] Brazil/ECM_ENSEMBLE_Corn_Winter_PRCP/cumulative dia 11 (2026-08-27 → 2026-09-07) 43566 bytes
2026-08-27 09:34:30,394 [INFO] [OK] Argentina/GFS_ENSEMBLE_Soy_PRCP_DEP/daily dia 00 (2026-08-27 → 2026-08-27) 35375 bytes
2026-08-27 09:34:30,478 [INFO] [OK] Argentina/GFS_ENSEMBLE_Soy_PRCP_DEP/daily dia 01 (2026-08-28 → 2026-08-28) 33567 bytes
2026-08-27 09:34:30,707 [INFO] [OK] Brazil/ECM_ENSEMBLE_Corn_Winter_PRCP/cumulative dia 13 (2026-08-27 → 2026-09-09) 44270 bytes
2026-08-27 09:34:30,759 [INFO] [OK] Brazil/ECM_ENSEMBLE_Corn_Winter_PRCP/cumulative dia 12 (2026-08-27 → 2026-09-08) 43749 bytes
2026-08-27 09:34:31,234 [INFO] [OK] Argentina/GFS_ENSEMBLE_Soy_PRCP_DEP/daily dia 02 (2026-08-29 → 2026-08-29) 33296 bytes
2026-08-27 09:34:31,495 [INFO] [OK] Argentina/GFS_ENSEMBLE_Soy_PRCP_DEP/daily dia 03 (2026-08-30 → 2026-08-30) 36083 bytes
2026-08-27 09:34:31,545 [INFO] [OK] Argentina/GFS_ENSEMBLE_Soy_PRCP_DEP/daily dia 04 (2026-08-31 → 2026-08-31) 36072 bytes
2026-08-27 09:34:31,592 [INFO] [OK] Brazil/ECM_ENSEMBLE_Corn_Winter_PRCP/cumulative dia 14 (2026-08-27 → 2026-09-10) 44558 bytes
2026-08-27 09:34:31,714 [INFO] [OK] Argentina/GFS_ENSEMBLE_Soy_PRCP_DEP/daily dia 05 (2026-09-01 → 2026-09-01) 34011 bytes
2026-08-27 09:34:32,361 [INFO] [OK] Argentina/GFS_ENSEMBLE_Soy_PRCP_DEP/daily dia 06 (2026-09-02 → 2026-09-02) 35260 bytes
2026-08-27 09:34:32,362 [INFO] [OK] Argentina/GFS_ENSEMBLE_Soy_PRCP_DEP/daily dia 07 (2026-09-03 → 2026-09-03) 35731 bytes
2026-08-27 09:34:32,552 [INFO] [OK] Argentina/GFS_ENSEMBLE_Soy_PRCP_DEP/daily dia 08 (2026-09-04 → 2026-09-04) 42380 bytes
2026-08-27 09:34:32,644 [INFO] [OK] Argentina/GFS_ENSEMBLE_Soy_PRCP_DEP/daily dia 09 (2026-09-05 → 2026-09-05) 45888 bytes
2026-08-27 09:34:32,661 [INFO] [OK] Argentina/GFS_ENSEMBLE_Soy_PRCP_DEP/daily dia 10 (2026-09-06 → 2026-09-06) 43539 bytes
2026-08-27 09:34:32,834 [INFO] [OK] Argentina/GFS_ENSEMBLE_Soy_PRCP_DEP/daily dia 11 (2026-09-07 → 2026-09-07) 42535 bytes
2026-08-27 09:34:33,498 [INFO] [OK] Argentina/GFS_ENSEMBLE_Soy_PRCP_DEP/daily dia 13 (2026-09-09 → 2026-09-09) 43890 bytes
2026-08-27 09:34:33,543 [INFO] [OK] Argentina/GFS_ENSEMBLE_Soy_PRCP_DEP/daily dia 12 (2026-09-08 → 2026-09-08) 43033 bytes
2026-08-27 09:34:33,669 [INFO] [OK] Argentina/GFS_ENSEMBLE_Soy_PRCP_DEP/daily dia 14 (2026-09-10 → 2026-09-10) 45042 bytes
2026-08-27 09:34:33,796 [INFO] [OK] Argentina/GFS_ENSEMBLE_Soy_PRCP_DEP/cumulative dia 00 (2026-08-27 → 2026-08-27) 35375 bytes
2026-08-27 09:34:33,805 [INFO] [OK] Argentina/GFS_ENSEMBLE_Soy_PRCP_DEP/cumulative dia 01 (2026-08-27 → 2026-08-28) 36206 bytes
2026-08-27 09:34:33,981 [INFO] [OK] Argentina/GFS_ENSEMBLE_Soy_PRCP_DEP/cumulative dia 02 (2026-08-27 → 2026-08-29) 36952 bytes
2026-08-27 09:34:34,732 [INFO] [OK] Argentina/GFS_ENSEMBLE_Soy_PRCP_DEP/cumulative dia 03 (2026-08-27 → 2026-08-30) 38777 bytes
2026-08-27 09:34:34,879 [INFO] [OK] Argentina/GFS_ENSEMBLE_Soy_PRCP_DEP/cumulative dia 04 (2026-08-27 → 2026-08-31) 39690 bytes
2026-08-27 09:34:35,117 [INFO] [OK] Argentina/GFS_ENSEMBLE_Soy_PRCP_DEP/cumulative dia 06 (2026-08-27 → 2026-09-02) 40121 bytes
2026-08-27 09:34:35,127 [INFO] [OK] Argentina/GFS_ENSEMBLE_Soy_PRCP_DEP/cumulative dia 05 (2026-08-27 → 2026-09-01) 40069 bytes
2026-08-27 09:34:35,230 [INFO] [OK] Argentina/GFS_ENSEMBLE_Soy_PRCP_DEP/cumulative dia 07 (2026-08-27 → 2026-09-03) 40660 bytes
2026-08-27 09:34:35,471 [INFO] [OK] Argentina/GFS_ENSEMBLE_Soy_PRCP_DEP/cumulative dia 08 (2026-08-27 → 2026-09-04) 41684 bytes
2026-08-27 09:34:36,188 [INFO] [OK] Argentina/GFS_ENSEMBLE_Soy_PRCP_DEP/cumulative dia 09 (2026-08-27 → 2026-09-05) 43051 bytes
2026-08-27 09:34:36,366 [INFO] [OK] Argentina/GFS_ENSEMBLE_Soy_PRCP_DEP/cumulative dia 10 (2026-08-27 → 2026-09-06) 43730 bytes
2026-08-27 09:34:37,220 [INFO] [OK] Argentina/GFS_ENSEMBLE_Soy_PRCP_DEP/cumulative dia 12 (2026-08-27 → 2026-09-08) 44230 bytes
2026-08-27 09:34:37,491 [INFO] [OK] Argentina/GFS_ENSEMBLE_Soy_PRCP/daily dia 01 (2026-08-28 → 2026-08-28) 27835 bytes
2026-08-27 09:34:37,494 [INFO] [OK] Argentina/GFS_ENSEMBLE_Soy_PRCP/daily dia 00 (2026-08-27 → 2026-08-27) 29519 bytes
2026-08-27 09:34:37,503 [INFO] [OK] Argentina/GFS_ENSEMBLE_Soy_PRCP_DEP/cumulative dia 13 (2026-08-27 → 2026-09-09) 45276 bytes
2026-08-27 09:34:37,504 [INFO] [OK] Argentina/GFS_ENSEMBLE_Soy_PRCP_DEP/cumulative dia 11 (2026-08-27 → 2026-09-07) 44106 bytes
2026-08-27 09:34:37,507 [INFO] [OK] Argentina/GFS_ENSEMBLE_Soy_PRCP_DEP/cumulative dia 14 (2026-08-27 → 2026-09-10) 44570 bytes
2026-08-27 09:34:38,938 [INFO] [OK] Argentina/GFS_ENSEMBLE_Soy_PRCP/daily dia 02 (2026-08-29 → 2026-08-29) 27440 bytes
2026-08-27 09:34:38,941 [INFO] [OK] Argentina/GFS_ENSEMBLE_Soy_PRCP/daily dia 04 (2026-08-31 → 2026-08-31) 28867 bytes
2026-08-27 09:34:38,952 [INFO] [OK] Argentina/GFS_ENSEMBLE_Soy_PRCP/daily dia 03 (2026-08-30 → 2026-08-30) 28543 bytes
2026-08-27 09:34:38,964 [INFO] [OK] Argentina/GFS_ENSEMBLE_Soy_PRCP/daily dia 07 (2026-09-03 → 2026-09-03) 26813 bytes
2026-08-27 09:34:38,968 [INFO] [OK] Argentina/GFS_ENSEMBLE_Soy_PRCP/daily dia 06 (2026-09-02 → 2026-09-02) 26617 bytes
2026-08-27 09:34:39,372 [INFO] [OK] Argentina/GFS_ENSEMBLE_Soy_PRCP/daily dia 05 (2026-09-01 → 2026-09-01) 26503 bytes
2026-08-27 09:34:39,905 [INFO] [OK] Argentina/GFS_ENSEMBLE_Soy_PRCP/daily dia 08 (2026-09-04 → 2026-09-04) 27461 bytes
2026-08-27 09:34:39,940 [INFO] [OK] Argentina/GFS_ENSEMBLE_Soy_PRCP/daily dia 11 (2026-09-07 → 2026-09-07) 28115 bytes
2026-08-27 09:34:40,074 [INFO] [OK] Argentina/GFS_ENSEMBLE_Soy_PRCP/daily dia 12 (2026-09-08 → 2026-09-08) 28707 bytes
2026-08-27 09:34:40,074 [INFO] [OK] Argentina/GFS_ENSEMBLE_Soy_PRCP/daily dia 10 (2026-09-06 → 2026-09-06) 27887 bytes
2026-08-27 09:34:40,118 [INFO] [OK] Argentina/GFS_ENSEMBLE_Soy_PRCP/daily dia 09 (2026-09-05 → 2026-09-05) 28346 bytes
2026-08-27 09:34:40,437 [INFO] [OK] Argentina/GFS_ENSEMBLE_Soy_PRCP/daily dia 13 (2026-09-09 → 2026-09-09) 28202 bytes
2026-08-27 09:34:40,941 [INFO] [OK] Argentina/GFS_ENSEMBLE_Soy_PRCP/daily dia 14 (2026-09-10 → 2026-09-10) 28685 bytes
2026-08-27 09:34:41,099 [INFO] [OK] Argentina/GFS_ENSEMBLE_Soy_PRCP/cumulative dia 00 (2026-08-27 → 2026-08-27) 29519 bytes
2026-08-27 09:34:41,189 [INFO] [OK] Argentina/GFS_ENSEMBLE_Soy_PRCP/cumulative dia 01 (2026-08-27 → 2026-08-28) 31079 bytes
2026-08-27 09:34:41,249 [INFO] [OK] Argentina/GFS_ENSEMBLE_Soy_PRCP/cumulative dia 03 (2026-08-27 → 2026-08-30) 33155 bytes
2026-08-27 09:34:41,284 [INFO] [OK] Argentina/GFS_ENSEMBLE_Soy_PRCP/cumulative dia 02 (2026-08-27 → 2026-08-29) 32125 bytes
2026-08-27 09:34:41,599 [INFO] [OK] Argentina/GFS_ENSEMBLE_Soy_PRCP/cumulative dia 04 (2026-08-27 → 2026-08-31) 34214 bytes
2026-08-27 09:34:42,149 [INFO] [OK] Argentina/GFS_ENSEMBLE_Soy_PRCP/cumulative dia 05 (2026-08-27 → 2026-09-01) 34410 bytes
2026-08-27 09:34:42,509 [INFO] [OK] Argentina/GFS_ENSEMBLE_Soy_PRCP/cumulative dia 06 (2026-08-27 → 2026-09-02) 34547 bytes
2026-08-27 09:34:42,520 [INFO] [OK] Argentina/GFS_ENSEMBLE_Soy_PRCP/cumulative dia 07 (2026-08-27 → 2026-09-03) 34907 bytes
2026-08-27 09:34:42,624 [INFO] [OK] Argentina/GFS_ENSEMBLE_Soy_PRCP/cumulative dia 08 (2026-08-27 → 2026-09-04) 35397 bytes
2026-08-27 09:34:42,769 [INFO] [OK] Argentina/GFS_ENSEMBLE_Soy_PRCP/cumulative dia 09 (2026-08-27 → 2026-09-05) 36129 bytes
2026-08-27 09:34:43,023 [INFO] [OK] Argentina/GFS_ENSEMBLE_Soy_PRCP/cumulative dia 10 (2026-08-27 → 2026-09-06) 37221 bytes
2026-08-27 09:34:43,679 [INFO] [OK] Argentina/GFS_ENSEMBLE_Soy_PRCP/cumulative dia 11 (2026-08-27 → 2026-09-07) 37590 bytes
2026-08-27 09:34:43,772 [INFO] [OK] Argentina/GFS_ENSEMBLE_Corn_Winter_PRCP_DEP/daily dia 00 (2026-08-27 → 2026-08-27) 33564 bytes
2026-08-27 09:34:44,020 [INFO] [OK] Argentina/GFS_ENSEMBLE_Corn_Winter_PRCP_DEP/daily dia 01 (2026-08-28 → 2026-08-28) 31675 bytes
2026-08-27 09:34:44,159 [INFO] [OK] Argentina/GFS_ENSEMBLE_Soy_PRCP/cumulative dia 12 (2026-08-27 → 2026-09-08) 37875 bytes
2026-08-27 09:34:44,171 [INFO] [OK] Argentina/GFS_ENSEMBLE_Soy_PRCP/cumulative dia 13 (2026-08-27 → 2026-09-09) 38080 bytes
2026-08-27 09:34:44,311 [INFO] [OK] Argentina/GFS_ENSEMBLE_Soy_PRCP/cumulative dia 14 (2026-08-27 → 2026-09-10) 38497 bytes
2026-08-27 09:34:44,682 [INFO] [OK] Argentina/GFS_ENSEMBLE_Corn_Winter_PRCP_DEP/daily dia 02 (2026-08-29 → 2026-08-29) 31474 bytes
2026-08-27 09:34:44,809 [INFO] [OK] Argentina/GFS_ENSEMBLE_Corn_Winter_PRCP_DEP/daily dia 03 (2026-08-30 → 2026-08-30) 34436 bytes
2026-08-27 09:34:45,040 [INFO] [OK] Argentina/GFS_ENSEMBLE_Corn_Winter_PRCP_DEP/daily dia 04 (2026-08-31 → 2026-08-31) 34469 bytes
2026-08-27 09:34:45,142 [INFO] [OK] Argentina/GFS_ENSEMBLE_Corn_Winter_PRCP_DEP/daily dia 05 (2026-09-01 → 2026-09-01) 32460 bytes
2026-08-27 09:34:45,213 [INFO] [OK] Argentina/GFS_ENSEMBLE_Corn_Winter_PRCP_DEP/daily dia 06 (2026-09-02 → 2026-09-02) 33561 bytes
2026-08-27 09:34:45,257 [INFO] [OK] Argentina/GFS_ENSEMBLE_Corn_Winter_PRCP_DEP/daily dia 07 (2026-09-03 → 2026-09-03) 33868 bytes
2026-08-27 09:34:45,742 [INFO] [OK] Argentina/GFS_ENSEMBLE_Corn_Winter_PRCP_DEP/daily dia 08 (2026-09-04 → 2026-09-04) 40451 bytes
2026-08-27 09:34:45,859 [INFO] [OK] Argentina/GFS_ENSEMBLE_Corn_Winter_PRCP_DEP/daily dia 09 (2026-09-05 → 2026-09-05) 44343 bytes
2026-08-27 09:34:46,089 [INFO] [OK] Argentina/GFS_ENSEMBLE_Corn_Winter_PRCP_DEP/daily dia 10 (2026-09-06 → 2026-09-06) 41984 bytes
2026-08-27 09:34:46,211 [INFO] [OK] Argentina/GFS_ENSEMBLE_Corn_Winter_PRCP_DEP/daily dia 11 (2026-09-07 → 2026-09-07) 40937 bytes
2026-08-27 09:34:46,243 [INFO] [OK] Argentina/GFS_ENSEMBLE_Corn_Winter_PRCP_DEP/daily dia 12 (2026-09-08 → 2026-09-08) 41594 bytes
2026-08-27 09:34:46,346 [INFO] [OK] Argentina/GFS_ENSEMBLE_Corn_Winter_PRCP_DEP/daily dia 13 (2026-09-09 → 2026-09-09) 42194 bytes
2026-08-27 09:34:46,825 [INFO] [OK] Argentina/GFS_ENSEMBLE_Corn_Winter_PRCP_DEP/daily dia 14 (2026-09-10 → 2026-09-10) 43141 bytes
2026-08-27 09:34:46,946 [INFO] [OK] Argentina/GFS_ENSEMBLE_Corn_Winter_PRCP_DEP/cumulative dia 00 (2026-08-27 → 2026-08-27) 33564 bytes
2026-08-27 09:34:47,105 [INFO] [OK] Argentina/GFS_ENSEMBLE_Corn_Winter_PRCP_DEP/cumulative dia 01 (2026-08-27 → 2026-08-28) 34406 bytes
2026-08-27 09:34:47,314 [INFO] [OK] Argentina/GFS_ENSEMBLE_Corn_Winter_PRCP_DEP/cumulative dia 02 (2026-08-27 → 2026-08-29) 35311 bytes
2026-08-27 09:34:47,342 [INFO] [OK] Argentina/GFS_ENSEMBLE_Corn_Winter_PRCP_DEP/cumulative dia 03 (2026-08-27 → 2026-08-30) 37040 bytes
2026-08-27 09:34:47,524 [INFO] [OK] Argentina/GFS_ENSEMBLE_Corn_Winter_PRCP_DEP/cumulative dia 04 (2026-08-27 → 2026-08-31) 37973 bytes
2026-08-27 09:34:48,037 [INFO] [OK] Argentina/GFS_ENSEMBLE_Corn_Winter_PRCP_DEP/cumulative dia 05 (2026-08-27 → 2026-09-01) 38413 bytes
2026-08-27 09:34:48,291 [INFO] [OK] Argentina/GFS_ENSEMBLE_Corn_Winter_PRCP_DEP/cumulative dia 06 (2026-08-27 → 2026-09-02) 38461 bytes
2026-08-27 09:34:48,420 [INFO] [OK] Argentina/GFS_ENSEMBLE_Corn_Winter_PRCP_DEP/cumulative dia 07 (2026-08-27 → 2026-09-03) 38791 bytes
2026-08-27 09:34:48,710 [INFO] [OK] Argentina/GFS_ENSEMBLE_Corn_Winter_PRCP_DEP/cumulative dia 08 (2026-08-27 → 2026-09-04) 40013 bytes
2026-08-27 09:34:48,760 [INFO] [OK] Argentina/GFS_ENSEMBLE_Corn_Winter_PRCP_DEP/cumulative dia 09 (2026-08-27 → 2026-09-05) 41351 bytes
2026-08-27 09:34:49,014 [INFO] [OK] Argentina/GFS_ENSEMBLE_Corn_Winter_PRCP_DEP/cumulative dia 10 (2026-08-27 → 2026-09-06) 42060 bytes
2026-08-27 09:34:49,558 [INFO] [OK] Argentina/GFS_ENSEMBLE_Corn_Winter_PRCP_DEP/cumulative dia 11 (2026-08-27 → 2026-09-07) 42114 bytes
2026-08-27 09:34:49,722 [INFO] [OK] Argentina/GFS_ENSEMBLE_Corn_Winter_PRCP/daily dia 00 (2026-08-27 → 2026-08-27) 27280 bytes
2026-08-27 09:34:49,893 [INFO] [OK] Argentina/GFS_ENSEMBLE_Corn_Winter_PRCP_DEP/cumulative dia 12 (2026-08-27 → 2026-09-08) 42716 bytes
2026-08-27 09:34:49,972 [INFO] [OK] Argentina/GFS_ENSEMBLE_Corn_Winter_PRCP/daily dia 01 (2026-08-28 → 2026-08-28) 25794 bytes
2026-08-27 09:34:50,033 [INFO] [OK] Argentina/GFS_ENSEMBLE_Corn_Winter_PRCP_DEP/cumulative dia 13 (2026-08-27 → 2026-09-09) 43600 bytes
2026-08-27 09:34:50,303 [INFO] [OK] Argentina/GFS_ENSEMBLE_Corn_Winter_PRCP_DEP/cumulative dia 14 (2026-08-27 → 2026-09-10) 43115 bytes
2026-08-27 09:34:50,579 [INFO] [OK] Argentina/GFS_ENSEMBLE_Corn_Winter_PRCP/daily dia 02 (2026-08-29 → 2026-08-29) 25352 bytes
2026-08-27 09:34:50,675 [INFO] [OK] Argentina/GFS_ENSEMBLE_Corn_Winter_PRCP/daily dia 03 (2026-08-30 → 2026-08-30) 26538 bytes
2026-08-27 09:34:50,889 [INFO] [OK] Argentina/GFS_ENSEMBLE_Corn_Winter_PRCP/daily dia 04 (2026-08-31 → 2026-08-31) 26910 bytes
2026-08-27 09:34:50,943 [INFO] [OK] Argentina/GFS_ENSEMBLE_Corn_Winter_PRCP/daily dia 05 (2026-09-01 → 2026-09-01) 24723 bytes
2026-08-27 09:34:51,016 [INFO] [OK] Argentina/GFS_ENSEMBLE_Corn_Winter_PRCP/daily dia 06 (2026-09-02 → 2026-09-02) 24686 bytes
2026-08-27 09:34:51,291 [INFO] [OK] Argentina/GFS_ENSEMBLE_Corn_Winter_PRCP/daily dia 07 (2026-09-03 → 2026-09-03) 24920 bytes
2026-08-27 09:34:51,553 [INFO] [OK] Argentina/GFS_ENSEMBLE_Corn_Winter_PRCP/daily dia 08 (2026-09-04 → 2026-09-04) 25704 bytes
2026-08-27 09:34:51,636 [INFO] [OK] Argentina/GFS_ENSEMBLE_Corn_Winter_PRCP/daily dia 09 (2026-09-05 → 2026-09-05) 26520 bytes
2026-08-27 09:34:51,858 [INFO] [OK] Argentina/GFS_ENSEMBLE_Corn_Winter_PRCP/daily dia 10 (2026-09-06 → 2026-09-06) 26083 bytes
2026-08-27 09:34:51,939 [INFO] [OK] Argentina/GFS_ENSEMBLE_Corn_Winter_PRCP/daily dia 11 (2026-09-07 → 2026-09-07) 26525 bytes
2026-08-27 09:34:51,977 [INFO] [OK] Argentina/GFS_ENSEMBLE_Corn_Winter_PRCP/daily dia 12 (2026-09-08 → 2026-09-08) 27000 bytes
2026-08-27 09:34:52,259 [INFO] [OK] Argentina/GFS_ENSEMBLE_Corn_Winter_PRCP/daily dia 13 (2026-09-09 → 2026-09-09) 26533 bytes
2026-08-27 09:34:52,545 [INFO] [OK] Argentina/GFS_ENSEMBLE_Corn_Winter_PRCP/daily dia 14 (2026-09-10 → 2026-09-10) 26882 bytes
2026-08-27 09:34:52,587 [INFO] [OK] Argentina/GFS_ENSEMBLE_Corn_Winter_PRCP/cumulative dia 00 (2026-08-27 → 2026-08-27) 27280 bytes
2026-08-27 09:34:52,887 [INFO] [OK] Argentina/GFS_ENSEMBLE_Corn_Winter_PRCP/cumulative dia 01 (2026-08-27 → 2026-08-28) 28729 bytes
2026-08-27 09:34:53,081 [INFO] [OK] Argentina/GFS_ENSEMBLE_Corn_Winter_PRCP/cumulative dia 03 (2026-08-27 → 2026-08-30) 30969 bytes
2026-08-27 09:34:53,152 [INFO] [OK] Argentina/GFS_ENSEMBLE_Corn_Winter_PRCP/cumulative dia 02 (2026-08-27 → 2026-08-29) 29770 bytes
2026-08-27 09:34:53,418 [INFO] [OK] Argentina/GFS_ENSEMBLE_Corn_Winter_PRCP/cumulative dia 04 (2026-08-27 → 2026-08-31) 32096 bytes
2026-08-27 09:34:53,796 [INFO] [OK] Argentina/GFS_ENSEMBLE_Corn_Winter_PRCP/cumulative dia 05 (2026-08-27 → 2026-09-01) 32395 bytes
2026-08-27 09:34:53,868 [INFO] [OK] Argentina/GFS_ENSEMBLE_Corn_Winter_PRCP/cumulative dia 06 (2026-08-27 → 2026-09-02) 32652 bytes
2026-08-27 09:34:54,251 [INFO] [OK] Argentina/GFS_ENSEMBLE_Corn_Winter_PRCP/cumulative dia 07 (2026-08-27 → 2026-09-03) 33028 bytes
2026-08-27 09:34:54,443 [INFO] [OK] Argentina/GFS_ENSEMBLE_Corn_Winter_PRCP/cumulative dia 08 (2026-08-27 → 2026-09-04) 33591 bytes
2026-08-27 09:34:54,570 [INFO] [OK] Argentina/GFS_ENSEMBLE_Corn_Winter_PRCP/cumulative dia 09 (2026-08-27 → 2026-09-05) 34438 bytes
2026-08-27 09:34:54,944 [INFO] [OK] Argentina/GFS_ENSEMBLE_Corn_Winter_PRCP/cumulative dia 10 (2026-08-27 → 2026-09-06) 35639 bytes
2026-08-27 09:34:55,275 [INFO] [OK] Argentina/GFS_ENSEMBLE_Corn_Winter_PRCP/cumulative dia 11 (2026-08-27 → 2026-09-07) 35979 bytes
2026-08-27 09:34:55,406 [INFO] [OK] Argentina/GFS_ENSEMBLE_Corn_Winter_PRCP/cumulative dia 12 (2026-08-27 → 2026-09-08) 36258 bytes
2026-08-27 09:34:55,618 [INFO] [OK] Argentina/ECM_ENSEMBLE_Soy_PRCP_DEP/daily dia 00 (2026-08-27 → 2026-08-27) 39971 bytes
2026-08-27 09:34:55,870 [INFO] [OK] Argentina/GFS_ENSEMBLE_Corn_Winter_PRCP/cumulative dia 13 (2026-08-27 → 2026-09-09) 36389 bytes
2026-08-27 09:34:55,997 [INFO] [OK] Argentina/ECM_ENSEMBLE_Soy_PRCP_DEP/daily dia 01 (2026-08-28 → 2026-08-28) 40803 bytes
2026-08-27 09:34:56,065 [INFO] [OK] Argentina/GFS_ENSEMBLE_Corn_Winter_PRCP/cumulative dia 14 (2026-08-27 → 2026-09-10) 36736 bytes
2026-08-27 09:34:56,300 [INFO] [OK] Argentina/ECM_ENSEMBLE_Soy_PRCP_DEP/daily dia 02 (2026-08-29 → 2026-08-29) 42565 bytes
2026-08-27 09:34:56,420 [INFO] [OK] Argentina/ECM_ENSEMBLE_Soy_PRCP_DEP/daily dia 03 (2026-08-30 → 2026-08-30) 40301 bytes
2026-08-27 09:34:56,687 [INFO] [OK] Argentina/ECM_ENSEMBLE_Soy_PRCP_DEP/daily dia 04 (2026-08-31 → 2026-08-31) 40228 bytes
2026-08-27 09:34:56,908 [INFO] [OK] Argentina/ECM_ENSEMBLE_Soy_PRCP_DEP/daily dia 05 (2026-09-01 → 2026-09-01) 39139 bytes
2026-08-27 09:34:57,038 [INFO] [OK] Argentina/ECM_ENSEMBLE_Soy_PRCP_DEP/daily dia 06 (2026-09-02 → 2026-09-02) 41481 bytes
2026-08-27 09:34:57,128 [INFO] [OK] Argentina/ECM_ENSEMBLE_Soy_PRCP_DEP/daily dia 07 (2026-09-03 → 2026-09-03) 42147 bytes
2026-08-27 09:34:57,545 [INFO] [OK] Argentina/ECM_ENSEMBLE_Soy_PRCP_DEP/daily dia 08 (2026-09-04 → 2026-09-04) 40585 bytes
2026-08-27 09:34:57,634 [INFO] [OK] Argentina/ECM_ENSEMBLE_Soy_PRCP_DEP/daily dia 09 (2026-09-05 → 2026-09-05) 41845 bytes
2026-08-27 09:34:57,725 [INFO] [OK] Argentina/ECM_ENSEMBLE_Soy_PRCP_DEP/daily dia 10 (2026-09-06 → 2026-09-06) 42234 bytes
2026-08-27 09:34:57,902 [INFO] [OK] Argentina/ECM_ENSEMBLE_Soy_PRCP_DEP/daily dia 11 (2026-09-07 → 2026-09-07) 42439 bytes
2026-08-27 09:34:58,044 [INFO] [OK] Argentina/ECM_ENSEMBLE_Soy_PRCP_DEP/daily dia 12 (2026-09-08 → 2026-09-08) 40072 bytes
2026-08-27 09:34:58,117 [INFO] [OK] Argentina/ECM_ENSEMBLE_Soy_PRCP_DEP/daily dia 13 (2026-09-09 → 2026-09-09) 40510 bytes
2026-08-27 09:34:58,593 [INFO] [OK] Argentina/ECM_ENSEMBLE_Soy_PRCP_DEP/daily dia 14 (2026-09-10 → 2026-09-10) 42232 bytes
2026-08-27 09:34:59,168 [INFO] [OK] Argentina/ECM_ENSEMBLE_Soy_PRCP_DEP/cumulative dia 02 (2026-08-27 → 2026-08-29) 44238 bytes
2026-08-27 09:34:59,170 [INFO] [OK] Argentina/ECM_ENSEMBLE_Soy_PRCP_DEP/cumulative dia 01 (2026-08-27 → 2026-08-28) 42684 bytes
2026-08-27 09:34:59,173 [INFO] [OK] Argentina/ECM_ENSEMBLE_Soy_PRCP_DEP/cumulative dia 00 (2026-08-27 → 2026-08-27) 39971 bytes
2026-08-27 09:34:59,333 [INFO] [OK] Argentina/ECM_ENSEMBLE_Soy_PRCP_DEP/cumulative dia 03 (2026-08-27 → 2026-08-30) 44429 bytes
2026-08-27 09:34:59,351 [INFO] [OK] Argentina/ECM_ENSEMBLE_Soy_PRCP_DEP/cumulative dia 04 (2026-08-27 → 2026-08-31) 44634 bytes
2026-08-27 09:34:59,827 [INFO] [OK] Argentina/ECM_ENSEMBLE_Soy_PRCP_DEP/cumulative dia 05 (2026-08-27 → 2026-09-01) 44982 bytes
2026-08-27 09:35:00,522 [INFO] [OK] Argentina/ECM_ENSEMBLE_Soy_PRCP_DEP/cumulative dia 06 (2026-08-27 → 2026-09-02) 45015 bytes
2026-08-27 09:35:00,539 [INFO] [OK] Argentina/ECM_ENSEMBLE_Soy_PRCP_DEP/cumulative dia 07 (2026-08-27 → 2026-09-03) 44918 bytes
2026-08-27 09:35:00,632 [INFO] [OK] Argentina/ECM_ENSEMBLE_Soy_PRCP_DEP/cumulative dia 08 (2026-08-27 → 2026-09-04) 44315 bytes
2026-08-27 09:35:00,861 [INFO] [OK] Argentina/ECM_ENSEMBLE_Soy_PRCP_DEP/cumulative dia 09 (2026-08-27 → 2026-09-05) 43734 bytes
2026-08-27 09:35:00,922 [INFO] [OK] Argentina/ECM_ENSEMBLE_Soy_PRCP_DEP/cumulative dia 10 (2026-08-27 → 2026-09-06) 43058 bytes
2026-08-27 09:35:01,320 [INFO] [OK] Argentina/ECM_ENSEMBLE_Soy_PRCP_DEP/cumulative dia 11 (2026-08-27 → 2026-09-07) 42609 bytes
2026-08-27 09:35:01,872 [INFO] [OK] Argentina/ECM_ENSEMBLE_Soy_PRCP/daily dia 00 (2026-08-27 → 2026-08-27) 31053 bytes
2026-08-27 09:35:02,009 [INFO] [OK] Argentina/ECM_ENSEMBLE_Soy_PRCP/daily dia 01 (2026-08-28 → 2026-08-28) 29662 bytes
2026-08-27 09:35:02,516 [INFO] [OK] Argentina/ECM_ENSEMBLE_Soy_PRCP_DEP/cumulative dia 12 (2026-08-27 → 2026-09-08) 42287 bytes
2026-08-27 09:35:02,522 [INFO] [OK] Argentina/ECM_ENSEMBLE_Soy_PRCP_DEP/cumulative dia 13 (2026-08-27 → 2026-09-09) 41928 bytes
2026-08-27 09:35:02,523 [INFO] [OK] Argentina/ECM_ENSEMBLE_Soy_PRCP_DEP/cumulative dia 14 (2026-08-27 → 2026-09-10) 41802 bytes
2026-08-27 09:35:02,535 [INFO] [OK] Argentina/ECM_ENSEMBLE_Soy_PRCP/daily dia 02 (2026-08-29 → 2026-08-29) 29716 bytes
2026-08-27 09:35:02,949 [INFO] [OK] Argentina/ECM_ENSEMBLE_Soy_PRCP/daily dia 03 (2026-08-30 → 2026-08-30) 30606 bytes
2026-08-27 09:35:03,055 [INFO] [OK] Argentina/ECM_ENSEMBLE_Soy_PRCP/daily dia 04 (2026-08-31 → 2026-08-31) 30904 bytes
2026-08-27 09:35:03,652 [INFO] [OK] Argentina/ECM_ENSEMBLE_Soy_PRCP/daily dia 05 (2026-09-01 → 2026-09-01) 29163 bytes
2026-08-27 09:35:03,654 [INFO] [OK] Argentina/ECM_ENSEMBLE_Soy_PRCP/daily dia 07 (2026-09-03 → 2026-09-03) 28384 bytes
2026-08-27 09:35:03,677 [INFO] [OK] Argentina/ECM_ENSEMBLE_Soy_PRCP/daily dia 08 (2026-09-04 → 2026-09-04) 28718 bytes
2026-08-27 09:35:03,700 [INFO] [OK] Argentina/ECM_ENSEMBLE_Soy_PRCP/daily dia 06 (2026-09-02 → 2026-09-02) 27999 bytes
2026-08-27 09:35:03,993 [INFO] [OK] Argentina/ECM_ENSEMBLE_Soy_PRCP/daily dia 09 (2026-09-05 → 2026-09-05) 28988 bytes
2026-08-27 09:35:04,188 [INFO] [OK] Argentina/ECM_ENSEMBLE_Soy_PRCP/daily dia 10 (2026-09-06 → 2026-09-06) 28923 bytes
2026-08-27 09:35:04,740 [INFO] [OK] Argentina/ECM_ENSEMBLE_Soy_PRCP/daily dia 11 (2026-09-07 → 2026-09-07) 29644 bytes
2026-08-27 09:35:04,853 [INFO] [OK] Argentina/ECM_ENSEMBLE_Soy_PRCP/daily dia 13 (2026-09-09 → 2026-09-09) 29953 bytes
2026-08-27 09:35:04,939 [INFO] [OK] Argentina/ECM_ENSEMBLE_Soy_PRCP/daily dia 12 (2026-09-08 → 2026-09-08) 29544 bytes
2026-08-27 09:35:05,053 [INFO] [OK] Argentina/ECM_ENSEMBLE_Soy_PRCP/daily dia 14 (2026-09-10 → 2026-09-10) 28041 bytes
2026-08-27 09:35:05,177 [INFO] [OK] Argentina/ECM_ENSEMBLE_Soy_PRCP/cumulative dia 00 (2026-08-27 → 2026-08-27) 31053 bytes
2026-08-27 09:35:05,306 [INFO] [OK] Argentina/ECM_ENSEMBLE_Soy_PRCP/cumulative dia 01 (2026-08-27 → 2026-08-28) 33176 bytes
2026-08-27 09:35:06,021 [INFO] [OK] Argentina/ECM_ENSEMBLE_Soy_PRCP/cumulative dia 02 (2026-08-27 → 2026-08-29) 34934 bytes
2026-08-27 09:35:06,254 [INFO] [OK] Argentina/ECM_ENSEMBLE_Soy_PRCP/cumulative dia 03 (2026-08-27 → 2026-08-30) 36462 bytes
2026-08-27 09:35:06,401 [INFO] [OK] Argentina/ECM_ENSEMBLE_Soy_PRCP/cumulative dia 05 (2026-08-27 → 2026-09-01) 38194 bytes
2026-08-27 09:35:06,452 [INFO] [OK] Argentina/ECM_ENSEMBLE_Soy_PRCP/cumulative dia 04 (2026-08-27 → 2026-08-31) 37706 bytes
2026-08-27 09:35:06,490 [INFO] [OK] Argentina/ECM_ENSEMBLE_Soy_PRCP/cumulative dia 06 (2026-08-27 → 2026-09-02) 38378 bytes
2026-08-27 09:35:06,704 [INFO] [OK] Argentina/ECM_ENSEMBLE_Soy_PRCP/cumulative dia 07 (2026-08-27 → 2026-09-03) 38599 bytes
2026-08-27 09:35:07,465 [INFO] [OK] Argentina/ECM_ENSEMBLE_Soy_PRCP/cumulative dia 08 (2026-08-27 → 2026-09-04) 39375 bytes
2026-08-27 09:35:07,776 [INFO] [OK] Argentina/ECM_ENSEMBLE_Soy_PRCP/cumulative dia 09 (2026-08-27 → 2026-09-05) 39485 bytes
2026-08-27 09:35:07,992 [INFO] [OK] Argentina/ECM_ENSEMBLE_Soy_PRCP/cumulative dia 10 (2026-08-27 → 2026-09-06) 39779 bytes
2026-08-27 09:35:08,132 [INFO] [OK] Argentina/ECM_ENSEMBLE_Soy_PRCP/cumulative dia 12 (2026-08-27 → 2026-09-08) 40430 bytes
2026-08-27 09:35:08,137 [INFO] [OK] Argentina/ECM_ENSEMBLE_Soy_PRCP/cumulative dia 11 (2026-08-27 → 2026-09-07) 40374 bytes
2026-08-27 09:35:08,387 [INFO] [OK] Argentina/ECM_ENSEMBLE_Soy_PRCP/cumulative dia 13 (2026-08-27 → 2026-09-09) 40484 bytes
2026-08-27 09:35:08,820 [INFO] [OK] Argentina/ECM_ENSEMBLE_Corn_Winter_PRCP_DEP/daily dia 00 (2026-08-27 → 2026-08-27) 38322 bytes
2026-08-27 09:35:09,062 [INFO] [OK] Argentina/ECM_ENSEMBLE_Soy_PRCP/cumulative dia 14 (2026-08-27 → 2026-09-10) 41177 bytes
2026-08-27 09:35:09,134 [INFO] [OK] Argentina/ECM_ENSEMBLE_Corn_Winter_PRCP_DEP/daily dia 01 (2026-08-28 → 2026-08-28) 38940 bytes
2026-08-27 09:35:09,158 [INFO] [OK] Argentina/ECM_ENSEMBLE_Corn_Winter_PRCP_DEP/daily dia 03 (2026-08-30 → 2026-08-30) 38595 bytes
2026-08-27 09:35:09,226 [INFO] [OK] Argentina/ECM_ENSEMBLE_Corn_Winter_PRCP_DEP/daily dia 02 (2026-08-29 → 2026-08-29) 40815 bytes
2026-08-27 09:35:09,485 [INFO] [OK] Argentina/ECM_ENSEMBLE_Corn_Winter_PRCP_DEP/daily dia 04 (2026-08-31 → 2026-08-31) 38477 bytes
2026-08-27 09:35:09,829 [INFO] [OK] Argentina/ECM_ENSEMBLE_Corn_Winter_PRCP_DEP/daily dia 05 (2026-09-01 → 2026-09-01) 37707 bytes
2026-08-27 09:35:10,359 [INFO] [OK] Argentina/ECM_ENSEMBLE_Corn_Winter_PRCP_DEP/daily dia 09 (2026-09-05 → 2026-09-05) 39960 bytes
2026-08-27 09:35:10,363 [INFO] [OK] Argentina/ECM_ENSEMBLE_Corn_Winter_PRCP_DEP/daily dia 06 (2026-09-02 → 2026-09-02) 39824 bytes
2026-08-27 09:35:10,400 [INFO] [OK] Argentina/ECM_ENSEMBLE_Corn_Winter_PRCP_DEP/daily dia 07 (2026-09-03 → 2026-09-03) 40611 bytes
2026-08-27 09:35:10,406 [INFO] [OK] Argentina/ECM_ENSEMBLE_Corn_Winter_PRCP_DEP/daily dia 08 (2026-09-04 → 2026-09-04) 38900 bytes
2026-08-27 09:35:10,619 [INFO] [OK] Argentina/ECM_ENSEMBLE_Corn_Winter_PRCP_DEP/daily dia 10 (2026-09-06 → 2026-09-06) 40268 bytes
2026-08-27 09:35:10,894 [INFO] [OK] Argentina/ECM_ENSEMBLE_Corn_Winter_PRCP_DEP/daily dia 11 (2026-09-07 → 2026-09-07) 40500 bytes
2026-08-27 09:35:11,448 [INFO] [OK] Argentina/ECM_ENSEMBLE_Corn_Winter_PRCP_DEP/daily dia 13 (2026-09-09 → 2026-09-09) 38771 bytes
2026-08-27 09:35:11,457 [INFO] [OK] Argentina/ECM_ENSEMBLE_Corn_Winter_PRCP_DEP/daily dia 12 (2026-09-08 → 2026-09-08) 38297 bytes
2026-08-27 09:35:11,528 [INFO] [OK] Argentina/ECM_ENSEMBLE_Corn_Winter_PRCP_DEP/daily dia 14 (2026-09-10 → 2026-09-10) 40317 bytes
2026-08-27 09:35:11,659 [INFO] [OK] Argentina/ECM_ENSEMBLE_Corn_Winter_PRCP_DEP/cumulative dia 00 (2026-08-27 → 2026-08-27) 38322 bytes
2026-08-27 09:35:11,723 [INFO] [OK] Argentina/ECM_ENSEMBLE_Corn_Winter_PRCP_DEP/cumulative dia 01 (2026-08-27 → 2026-08-28) 41088 bytes
2026-08-27 09:35:12,041 [INFO] [OK] Argentina/ECM_ENSEMBLE_Corn_Winter_PRCP_DEP/cumulative dia 02 (2026-08-27 → 2026-08-29) 42612 bytes
2026-08-27 09:35:12,666 [INFO] [OK] Argentina/ECM_ENSEMBLE_Corn_Winter_PRCP_DEP/cumulative dia 03 (2026-08-27 → 2026-08-30) 42822 bytes
2026-08-27 09:35:12,717 [INFO] [OK] Argentina/ECM_ENSEMBLE_Corn_Winter_PRCP_DEP/cumulative dia 04 (2026-08-27 → 2026-08-31) 42813 bytes
2026-08-27 09:35:12,865 [INFO] [OK] Argentina/ECM_ENSEMBLE_Corn_Winter_PRCP_DEP/cumulative dia 05 (2026-08-27 → 2026-09-01) 43358 bytes
2026-08-27 09:35:12,969 [INFO] [OK] Argentina/ECM_ENSEMBLE_Corn_Winter_PRCP_DEP/cumulative dia 06 (2026-08-27 → 2026-09-02) 43335 bytes
2026-08-27 09:35:13,087 [INFO] [OK] Argentina/ECM_ENSEMBLE_Corn_Winter_PRCP_DEP/cumulative dia 07 (2026-08-27 → 2026-09-03) 43336 bytes
2026-08-27 09:35:13,528 [INFO] [OK] Argentina/ECM_ENSEMBLE_Corn_Winter_PRCP_DEP/cumulative dia 08 (2026-08-27 → 2026-09-04) 42704 bytes
2026-08-27 09:35:14,146 [INFO] [OK] Argentina/ECM_ENSEMBLE_Corn_Winter_PRCP_DEP/cumulative dia 09 (2026-08-27 → 2026-09-05) 42010 bytes
2026-08-27 09:35:14,315 [INFO] [OK] Argentina/ECM_ENSEMBLE_Corn_Winter_PRCP_DEP/cumulative dia 10 (2026-08-27 → 2026-09-06) 41448 bytes
2026-08-27 09:35:14,453 [INFO] [OK] Argentina/ECM_ENSEMBLE_Corn_Winter_PRCP_DEP/cumulative dia 11 (2026-08-27 → 2026-09-07) 41025 bytes
2026-08-27 09:35:14,631 [INFO] [OK] Argentina/ECM_ENSEMBLE_Corn_Winter_PRCP_DEP/cumulative dia 12 (2026-08-27 → 2026-09-08) 40708 bytes
2026-08-27 09:35:14,836 [INFO] [OK] Argentina/ECM_ENSEMBLE_Corn_Winter_PRCP_DEP/cumulative dia 13 (2026-08-27 → 2026-09-09) 40177 bytes
2026-08-27 09:35:15,144 [INFO] [OK] Argentina/ECM_ENSEMBLE_Corn_Winter_PRCP_DEP/cumulative dia 14 (2026-08-27 → 2026-09-10) 40039 bytes
2026-08-27 09:35:15,374 [INFO] [OK] Argentina/ECM_ENSEMBLE_Corn_Winter_PRCP/daily dia 00 (2026-08-27 → 2026-08-27) 28976 bytes
2026-08-27 09:35:15,385 [INFO] [OK] Argentina/ECM_ENSEMBLE_Corn_Winter_PRCP/daily dia 01 (2026-08-28 → 2026-08-28) 27599 bytes
2026-08-27 09:35:15,543 [INFO] [OK] Argentina/ECM_ENSEMBLE_Corn_Winter_PRCP/daily dia 02 (2026-08-29 → 2026-08-29) 27753 bytes
2026-08-27 09:35:15,817 [INFO] [OK] Argentina/ECM_ENSEMBLE_Corn_Winter_PRCP/daily dia 03 (2026-08-30 → 2026-08-30) 28843 bytes
2026-08-27 09:35:16,342 [INFO] [OK] Argentina/ECM_ENSEMBLE_Corn_Winter_PRCP/daily dia 04 (2026-08-31 → 2026-08-31) 29135 bytes
2026-08-27 09:35:16,514 [INFO] [OK] Argentina/ECM_ENSEMBLE_Corn_Winter_PRCP/daily dia 05 (2026-09-01 → 2026-09-01) 27273 bytes
2026-08-27 09:35:16,543 [INFO] [OK] Argentina/ECM_ENSEMBLE_Corn_Winter_PRCP/daily dia 07 (2026-09-03 → 2026-09-03) 26566 bytes
2026-08-27 09:35:16,545 [INFO] [OK] Argentina/ECM_ENSEMBLE_Corn_Winter_PRCP/daily dia 06 (2026-09-02 → 2026-09-02) 26132 bytes
2026-08-27 09:35:16,578 [INFO] [OK] Argentina/ECM_ENSEMBLE_Corn_Winter_PRCP/daily dia 08 (2026-09-04 → 2026-09-04) 27139 bytes
2026-08-27 09:35:16,789 [INFO] [OK] Argentina/ECM_ENSEMBLE_Corn_Winter_PRCP/daily dia 09 (2026-09-05 → 2026-09-05) 27224 bytes
2026-08-27 09:35:17,600 [INFO] [OK] Argentina/ECM_ENSEMBLE_Corn_Winter_PRCP/daily dia 10 (2026-09-06 → 2026-09-06) 27363 bytes
2026-08-27 09:35:17,601 [INFO] [OK] Argentina/ECM_ENSEMBLE_Corn_Winter_PRCP/daily dia 12 (2026-09-08 → 2026-09-08) 27889 bytes
2026-08-27 09:35:17,603 [INFO] [OK] Argentina/ECM_ENSEMBLE_Corn_Winter_PRCP/daily dia 11 (2026-09-07 → 2026-09-07) 27951 bytes
2026-08-27 09:35:17,875 [INFO] [OK] Argentina/ECM_ENSEMBLE_Corn_Winter_PRCP/daily dia 13 (2026-09-09 → 2026-09-09) 28325 bytes
2026-08-27 09:35:17,879 [INFO] [OK] Argentina/ECM_ENSEMBLE_Corn_Winter_PRCP/daily dia 14 (2026-09-10 → 2026-09-10) 26330 bytes
2026-08-27 09:35:17,882 [INFO] [OK] Argentina/ECM_ENSEMBLE_Corn_Winter_PRCP/cumulative dia 00 (2026-08-27 → 2026-08-27) 28976 bytes
2026-08-27 09:35:18,658 [INFO] [OK] Argentina/ECM_ENSEMBLE_Corn_Winter_PRCP/cumulative dia 01 (2026-08-27 → 2026-08-28) 31139 bytes
2026-08-27 09:35:18,910 [INFO] [OK] Argentina/ECM_ENSEMBLE_Corn_Winter_PRCP/cumulative dia 03 (2026-08-27 → 2026-08-30) 34600 bytes
2026-08-27 09:35:18,928 [INFO] [OK] Argentina/ECM_ENSEMBLE_Corn_Winter_PRCP/cumulative dia 02 (2026-08-27 → 2026-08-29) 32837 bytes
2026-08-27 09:35:19,188 [INFO] [OK] Argentina/ECM_ENSEMBLE_Corn_Winter_PRCP/cumulative dia 04 (2026-08-27 → 2026-08-31) 35701 bytes
2026-08-27 09:35:19,189 [INFO] [OK] Argentina/ECM_ENSEMBLE_Corn_Winter_PRCP/cumulative dia 06 (2026-08-27 → 2026-09-02) 36709 bytes
2026-08-27 09:35:19,207 [INFO] [OK] Argentina/ECM_ENSEMBLE_Corn_Winter_PRCP/cumulative dia 05 (2026-08-27 → 2026-09-01) 36445 bytes
2026-08-27 09:35:19,990 [INFO] [OK] Argentina/ECM_ENSEMBLE_Corn_Winter_PRCP/cumulative dia 07 (2026-08-27 → 2026-09-03) 36827 bytes
2026-08-27 09:35:20,290 [INFO] [OK] Argentina/ECM_ENSEMBLE_Corn_Winter_PRCP/cumulative dia 08 (2026-08-27 → 2026-09-04) 37610 bytes
2026-08-27 09:35:20,520 [INFO] [OK] Argentina/ECM_ENSEMBLE_Corn_Winter_PRCP/cumulative dia 09 (2026-08-27 → 2026-09-05) 37868 bytes
2026-08-27 09:35:20,780 [INFO] [OK] Argentina/ECM_ENSEMBLE_Corn_Winter_PRCP/cumulative dia 12 (2026-08-27 → 2026-09-08) 38839 bytes
2026-08-27 09:35:20,782 [INFO] [OK] Argentina/ECM_ENSEMBLE_Corn_Winter_PRCP/cumulative dia 10 (2026-08-27 → 2026-09-06) 38076 bytes
2026-08-27 09:35:20,808 [INFO] [OK] Argentina/ECM_ENSEMBLE_Corn_Winter_PRCP/cumulative dia 11 (2026-08-27 → 2026-09-07) 38552 bytes
2026-08-27 09:35:21,561 [INFO] [OK] Argentina/ECM_ENSEMBLE_Corn_Winter_PRCP/cumulative dia 13 (2026-08-27 → 2026-09-09) 38911 bytes
2026-08-27 09:35:22,109 [INFO] [OK] Argentina/ECM_ENSEMBLE_Corn_Winter_PRCP/cumulative dia 14 (2026-08-27 → 2026-09-10) 39652 bytes
2026-08-27 09:35:22,396 [INFO] [OK] USA/GFS_ENSEMBLE_Corn_PRCP_DEP/daily dia 01 (2026-08-28 → 2026-08-28) 54979 bytes
2026-08-27 09:35:22,396 [INFO] [OK] USA/GFS_ENSEMBLE_Corn_PRCP_DEP/daily dia 00 (2026-08-27 → 2026-08-27) 53845 bytes
2026-08-27 09:35:22,539 [INFO] [OK] USA/GFS_ENSEMBLE_Corn_PRCP_DEP/daily dia 03 (2026-08-30 → 2026-08-30) 52948 bytes
2026-08-27 09:35:22,642 [INFO] [OK] USA/GFS_ENSEMBLE_Corn_PRCP_DEP/daily dia 02 (2026-08-29 → 2026-08-29) 52719 bytes
2026-08-27 09:35:23,163 [INFO] [OK] USA/GFS_ENSEMBLE_Corn_PRCP_DEP/daily dia 04 (2026-08-31 → 2026-08-31) 51790 bytes
2026-08-27 09:35:23,757 [INFO] [OK] USA/GFS_ENSEMBLE_Corn_PRCP_DEP/daily dia 05 (2026-09-01 → 2026-09-01) 54202 bytes
2026-08-27 09:35:24,051 [INFO] [OK] USA/GFS_ENSEMBLE_Corn_PRCP_DEP/daily dia 06 (2026-09-02 → 2026-09-02) 55315 bytes
2026-08-27 09:35:24,226 [INFO] [OK] USA/GFS_ENSEMBLE_Corn_PRCP_DEP/daily dia 07 (2026-09-03 → 2026-09-03) 56354 bytes
2026-08-27 09:35:24,256 [INFO] [OK] USA/GFS_ENSEMBLE_Corn_PRCP_DEP/daily dia 08 (2026-09-04 → 2026-09-04) 56907 bytes
2026-08-27 09:35:24,276 [INFO] [OK] USA/GFS_ENSEMBLE_Corn_PRCP_DEP/daily dia 09 (2026-09-05 → 2026-09-05) 58544 bytes
2026-08-27 09:35:24,837 [INFO] [OK] USA/GFS_ENSEMBLE_Corn_PRCP_DEP/daily dia 10 (2026-09-06 → 2026-09-06) 60581 bytes
2026-08-27 09:35:25,376 [INFO] [OK] USA/GFS_ENSEMBLE_Corn_PRCP_DEP/daily dia 11 (2026-09-07 → 2026-09-07) 57626 bytes
2026-08-27 09:35:25,760 [INFO] [OK] USA/GFS_ENSEMBLE_Corn_PRCP_DEP/daily dia 12 (2026-09-08 → 2026-09-08) 59328 bytes
2026-08-27 09:35:25,890 [INFO] [OK] USA/GFS_ENSEMBLE_Corn_PRCP_DEP/cumulative dia 00 (2026-08-27 → 2026-08-27) 53845 bytes
2026-08-27 09:35:25,901 [INFO] [OK] USA/GFS_ENSEMBLE_Corn_PRCP_DEP/daily dia 13 (2026-09-09 → 2026-09-09) 61594 bytes
2026-08-27 09:35:25,985 [INFO] [OK] USA/GFS_ENSEMBLE_Corn_PRCP_DEP/daily dia 14 (2026-09-10 → 2026-09-10) 60756 bytes
2026-08-27 09:35:26,705 [INFO] [OK] USA/GFS_ENSEMBLE_Corn_PRCP_DEP/cumulative dia 01 (2026-08-27 → 2026-08-28) 57083 bytes
2026-08-27 09:35:27,634 [INFO] [OK] USA/GFS_ENSEMBLE_Corn_PRCP_DEP/cumulative dia 02 (2026-08-27 → 2026-08-29) 59027 bytes
2026-08-27 09:35:27,980 [INFO] [OK] USA/GFS_ENSEMBLE_Corn_PRCP_DEP/cumulative dia 04 (2026-08-27 → 2026-08-31) 57670 bytes
2026-08-27 09:35:27,987 [INFO] [OK] USA/GFS_ENSEMBLE_Corn_PRCP_DEP/cumulative dia 03 (2026-08-27 → 2026-08-30) 58098 bytes
2026-08-27 09:35:28,339 [INFO] [OK] USA/GFS_ENSEMBLE_Corn_PRCP_DEP/cumulative dia 06 (2026-08-27 → 2026-09-02) 57739 bytes
2026-08-27 09:35:28,339 [INFO] [OK] USA/GFS_ENSEMBLE_Corn_PRCP_DEP/cumulative dia 05 (2026-08-27 → 2026-09-01) 57782 bytes
2026-08-27 09:35:29,099 [INFO] [OK] USA/GFS_ENSEMBLE_Corn_PRCP_DEP/cumulative dia 07 (2026-08-27 → 2026-09-03) 57958 bytes
2026-08-27 09:35:30,033 [INFO] [OK] USA/GFS_ENSEMBLE_Corn_PRCP_DEP/cumulative dia 08 (2026-08-27 → 2026-09-04) 58141 bytes
2026-08-27 09:35:30,502 [INFO] [OK] USA/GFS_ENSEMBLE_Corn_PRCP_DEP/cumulative dia 09 (2026-08-27 → 2026-09-05) 57760 bytes
2026-08-27 09:35:30,725 [INFO] [OK] USA/GFS_ENSEMBLE_Corn_PRCP_DEP/cumulative dia 10 (2026-08-27 → 2026-09-06) 57885 bytes
2026-08-27 09:35:31,104 [INFO] [OK] USA/GFS_ENSEMBLE_Corn_PRCP_DEP/cumulative dia 11 (2026-08-27 → 2026-09-07) 58062 bytes
2026-08-27 09:35:31,196 [INFO] [OK] USA/GFS_ENSEMBLE_Corn_PRCP_DEP/cumulative dia 12 (2026-08-27 → 2026-09-08) 57665 bytes
2026-08-27 09:35:32,058 [INFO] [OK] USA/GFS_ENSEMBLE_Corn_PRCP_DEP/cumulative dia 13 (2026-08-27 → 2026-09-09) 57564 bytes
2026-08-27 09:35:33,229 [INFO] [OK] USA/GFS_ENSEMBLE_Corn_PRCP_DEP/cumulative dia 14 (2026-08-27 → 2026-09-10) 57008 bytes
2026-08-27 09:35:33,491 [INFO] [OK] USA/GFS_ENSEMBLE_Corn_PRCP/daily dia 01 (2026-08-28 → 2026-08-28) 36258 bytes
2026-08-27 09:35:33,507 [INFO] [OK] USA/GFS_ENSEMBLE_Corn_PRCP/daily dia 00 (2026-08-27 → 2026-08-27) 37401 bytes
2026-08-27 09:35:33,512 [INFO] [OK] USA/GFS_ENSEMBLE_Corn_PRCP/daily dia 03 (2026-08-30 → 2026-08-30) 36100 bytes
2026-08-27 09:35:33,530 [INFO] [OK] USA/GFS_ENSEMBLE_Corn_PRCP/daily dia 02 (2026-08-29 → 2026-08-29) 36593 bytes
2026-08-27 09:35:33,846 [INFO] [OK] USA/GFS_ENSEMBLE_Corn_PRCP/daily dia 04 (2026-08-31 → 2026-08-31) 35644 bytes
2026-08-27 09:35:35,383 [INFO] [OK] USA/GFS_ENSEMBLE_Corn_PRCP/daily dia 07 (2026-09-03 → 2026-09-03) 36746 bytes
2026-08-27 09:35:35,390 [INFO] [OK] USA/GFS_ENSEMBLE_Corn_PRCP/daily dia 05 (2026-09-01 → 2026-09-01) 35857 bytes
2026-08-27 09:35:35,395 [INFO] [OK] USA/GFS_ENSEMBLE_Corn_PRCP/daily dia 06 (2026-09-02 → 2026-09-02) 36337 bytes
2026-08-27 09:35:35,485 [INFO] [OK] USA/GFS_ENSEMBLE_Corn_PRCP/daily dia 09 (2026-09-05 → 2026-09-05) 36728 bytes
2026-08-27 09:35:35,526 [INFO] [OK] USA/GFS_ENSEMBLE_Corn_PRCP/daily dia 08 (2026-09-04 → 2026-09-04) 35428 bytes
2026-08-27 09:35:35,599 [INFO] [OK] USA/GFS_ENSEMBLE_Corn_PRCP/daily dia 10 (2026-09-06 → 2026-09-06) 36539 bytes
2026-08-27 09:35:37,053 [INFO] [OK] USA/GFS_ENSEMBLE_Corn_PRCP/daily dia 11 (2026-09-07 → 2026-09-07) 36010 bytes
2026-08-27 09:35:37,153 [INFO] [OK] USA/GFS_ENSEMBLE_Corn_PRCP/daily dia 12 (2026-09-08 → 2026-09-08) 35884 bytes
2026-08-27 09:35:37,224 [INFO] [OK] USA/GFS_ENSEMBLE_Corn_PRCP/cumulative dia 00 (2026-08-27 → 2026-08-27) 37401 bytes
2026-08-27 09:35:37,237 [INFO] [OK] USA/GFS_ENSEMBLE_Corn_PRCP/daily dia 13 (2026-09-09 → 2026-09-09) 36110 bytes
2026-08-27 09:35:37,275 [INFO] [OK] USA/GFS_ENSEMBLE_Corn_PRCP/daily dia 14 (2026-09-10 → 2026-09-10) 36788 bytes
2026-08-27 09:35:37,436 [INFO] [OK] USA/GFS_ENSEMBLE_Corn_PRCP/cumulative dia 01 (2026-08-27 → 2026-08-28) 40237 bytes
2026-08-27 09:35:38,911 [INFO] [OK] USA/GFS_ENSEMBLE_Corn_PRCP/cumulative dia 02 (2026-08-27 → 2026-08-29) 41994 bytes
2026-08-27 09:35:39,349 [INFO] [OK] USA/GFS_ENSEMBLE_Corn_PRCP/cumulative dia 04 (2026-08-27 → 2026-08-31) 44243 bytes
2026-08-27 09:35:39,544 [INFO] [OK] USA/GFS_ENSEMBLE_Corn_PRCP/cumulative dia 06 (2026-08-27 → 2026-09-02) 46029 bytes
2026-08-27 09:35:39,586 [INFO] [OK] USA/GFS_ENSEMBLE_Corn_PRCP/cumulative dia 03 (2026-08-27 → 2026-08-30) 43056 bytes
2026-08-27 09:35:39,674 [INFO] [OK] USA/GFS_ENSEMBLE_Corn_PRCP/cumulative dia 05 (2026-08-27 → 2026-09-01) 45167 bytes
2026-08-27 09:35:39,811 [INFO] [OK] USA/GFS_ENSEMBLE_Corn_PRCP/cumulative dia 07 (2026-08-27 → 2026-09-03) 47081 bytes
2026-08-27 09:35:41,364 [INFO] [OK] USA/GFS_ENSEMBLE_Corn_PRCP/cumulative dia 08 (2026-08-27 → 2026-09-04) 47363 bytes
2026-08-27 09:35:41,874 [INFO] [OK] USA/GFS_ENSEMBLE_Corn_PRCP/cumulative dia 09 (2026-08-27 → 2026-09-05) 48133 bytes
2026-08-27 09:35:42,409 [INFO] [OK] USA/GFS_ENSEMBLE_Corn_PRCP/cumulative dia 10 (2026-08-27 → 2026-09-06) 48299 bytes
2026-08-27 09:35:42,541 [INFO] [OK] USA/GFS_ENSEMBLE_Corn_PRCP/cumulative dia 12 (2026-08-27 → 2026-09-08) 49410 bytes
2026-08-27 09:35:42,697 [INFO] [OK] USA/GFS_ENSEMBLE_Corn_PRCP/cumulative dia 11 (2026-08-27 → 2026-09-07) 48889 bytes
2026-08-27 09:35:42,927 [INFO] [OK] USA/GFS_ENSEMBLE_Corn_PRCP/cumulative dia 13 (2026-08-27 → 2026-09-09) 49888 bytes
2026-08-27 09:35:43,716 [INFO] [OK] USA/GFS_ENSEMBLE_Soy_PRCP_DEP/daily dia 00 (2026-08-27 → 2026-08-27) 53232 bytes
2026-08-27 09:35:44,457 [INFO] [OK] USA/GFS_ENSEMBLE_Corn_PRCP/cumulative dia 14 (2026-08-27 → 2026-09-10) 50293 bytes
2026-08-27 09:35:44,473 [INFO] [OK] USA/GFS_ENSEMBLE_Soy_PRCP_DEP/daily dia 01 (2026-08-28 → 2026-08-28) 54418 bytes
2026-08-27 09:35:44,478 [INFO] [OK] USA/GFS_ENSEMBLE_Soy_PRCP_DEP/daily dia 03 (2026-08-30 → 2026-08-30) 52570 bytes
2026-08-27 09:35:44,478 [INFO] [OK] USA/GFS_ENSEMBLE_Soy_PRCP_DEP/daily dia 02 (2026-08-29 → 2026-08-29) 52265 bytes
2026-08-27 09:35:44,490 [INFO] [OK] USA/GFS_ENSEMBLE_Soy_PRCP_DEP/daily dia 04 (2026-08-31 → 2026-08-31) 51218 bytes
2026-08-27 09:35:45,370 [INFO] [OK] USA/GFS_ENSEMBLE_Soy_PRCP_DEP/daily dia 05 (2026-09-01 → 2026-09-01) 53893 bytes
2026-08-27 09:35:46,278 [INFO] [OK] USA/GFS_ENSEMBLE_Soy_PRCP_DEP/daily dia 09 (2026-09-05 → 2026-09-05) 58154 bytes
2026-08-27 09:35:46,404 [INFO] [OK] USA/GFS_ENSEMBLE_Soy_PRCP_DEP/daily dia 10 (2026-09-06 → 2026-09-06) 60387 bytes
2026-08-27 09:35:46,415 [INFO] [OK] USA/GFS_ENSEMBLE_Soy_PRCP_DEP/daily dia 08 (2026-09-04 → 2026-09-04) 56481 bytes
2026-08-27 09:35:46,426 [INFO] [OK] USA/GFS_ENSEMBLE_Soy_PRCP_DEP/daily dia 06 (2026-09-02 → 2026-09-02) 55023 bytes
2026-08-27 09:35:46,668 [INFO] [OK] USA/GFS_ENSEMBLE_Soy_PRCP_DEP/daily dia 07 (2026-09-03 → 2026-09-03) 55896 bytes
2026-08-27 09:35:47,392 [INFO] [OK] USA/GFS_ENSEMBLE_Soy_PRCP_DEP/daily dia 11 (2026-09-07 → 2026-09-07) 57551 bytes
2026-08-27 09:35:48,198 [INFO] [OK] USA/GFS_ENSEMBLE_Soy_PRCP_DEP/daily dia 13 (2026-09-09 → 2026-09-09) 61072 bytes
2026-08-27 09:35:48,219 [INFO] [OK] USA/GFS_ENSEMBLE_Soy_PRCP_DEP/daily dia 12 (2026-09-08 → 2026-09-08) 59114 bytes
2026-08-27 09:35:48,269 [INFO] [OK] USA/GFS_ENSEMBLE_Soy_PRCP_DEP/cumulative dia 00 (2026-08-27 → 2026-08-27) 53232 bytes
2026-08-27 09:35:48,329 [INFO] [OK] USA/GFS_ENSEMBLE_Soy_PRCP_DEP/daily dia 14 (2026-09-10 → 2026-09-10) 60585 bytes
2026-08-27 09:35:48,519 [INFO] [OK] USA/GFS_ENSEMBLE_Soy_PRCP_DEP/cumulative dia 01 (2026-08-27 → 2026-08-28) 56714 bytes
2026-08-27 09:35:49,168 [INFO] [OK] USA/GFS_ENSEMBLE_Soy_PRCP_DEP/cumulative dia 02 (2026-08-27 → 2026-08-29) 58505 bytes
2026-08-27 09:35:50,497 [INFO] [OK] USA/GFS_ENSEMBLE_Soy_PRCP_DEP/cumulative dia 05 (2026-08-27 → 2026-09-01) 57291 bytes
2026-08-27 09:35:50,498 [INFO] [OK] USA/GFS_ENSEMBLE_Soy_PRCP_DEP/cumulative dia 04 (2026-08-27 → 2026-08-31) 57172 bytes
2026-08-27 09:35:50,529 [INFO] [OK] USA/GFS_ENSEMBLE_Soy_PRCP_DEP/cumulative dia 03 (2026-08-27 → 2026-08-30) 57602 bytes
2026-08-27 09:35:50,682 [INFO] [OK] USA/GFS_ENSEMBLE_Soy_PRCP_DEP/cumulative dia 06 (2026-08-27 → 2026-09-02) 57178 bytes
2026-08-27 09:35:51,028 [INFO] [OK] USA/GFS_ENSEMBLE_Soy_PRCP_DEP/cumulative dia 07 (2026-08-27 → 2026-09-03) 57434 bytes
2026-08-27 09:35:51,619 [INFO] [OK] USA/GFS_ENSEMBLE_Soy_PRCP_DEP/cumulative dia 08 (2026-08-27 → 2026-09-04) 57562 bytes
2026-08-27 09:35:53,050 [INFO] [OK] USA/GFS_ENSEMBLE_Soy_PRCP_DEP/cumulative dia 09 (2026-08-27 → 2026-09-05) 57267 bytes
2026-08-27 09:35:53,235 [INFO] [OK] USA/GFS_ENSEMBLE_Soy_PRCP_DEP/cumulative dia 10 (2026-08-27 → 2026-09-06) 57625 bytes
2026-08-27 09:35:53,293 [INFO] [OK] USA/GFS_ENSEMBLE_Soy_PRCP_DEP/cumulative dia 11 (2026-08-27 → 2026-09-07) 57413 bytes
2026-08-27 09:35:53,532 [INFO] [OK] USA/GFS_ENSEMBLE_Soy_PRCP_DEP/cumulative dia 12 (2026-08-27 → 2026-09-08) 57255 bytes
2026-08-27 09:35:53,942 [INFO] [OK] USA/GFS_ENSEMBLE_Soy_PRCP_DEP/cumulative dia 13 (2026-08-27 → 2026-09-09) 57015 bytes
2026-08-27 09:35:54,544 [INFO] [OK] USA/GFS_ENSEMBLE_Soy_PRCP_DEP/cumulative dia 14 (2026-08-27 → 2026-09-10) 56636 bytes
2026-08-27 09:35:54,630 [INFO] [OK] USA/GFS_ENSEMBLE_Soy_PRCP/daily dia 00 (2026-08-27 → 2026-08-27) 36905 bytes
2026-08-27 09:35:54,821 [INFO] [OK] USA/GFS_ENSEMBLE_Soy_PRCP/daily dia 01 (2026-08-28 → 2026-08-28) 36003 bytes
2026-08-27 09:35:54,917 [INFO] [OK] USA/GFS_ENSEMBLE_Soy_PRCP/daily dia 02 (2026-08-29 → 2026-08-29) 35992 bytes
2026-08-27 09:35:55,070 [INFO] [OK] USA/GFS_ENSEMBLE_Soy_PRCP/daily dia 03 (2026-08-30 → 2026-08-30) 35671 bytes
2026-08-27 09:35:55,542 [INFO] [OK] USA/GFS_ENSEMBLE_Soy_PRCP/daily dia 04 (2026-08-31 → 2026-08-31) 35195 bytes
2026-08-27 09:35:56,146 [INFO] [OK] USA/GFS_ENSEMBLE_Soy_PRCP/daily dia 05 (2026-09-01 → 2026-09-01) 35215 bytes
2026-08-27 09:35:56,151 [INFO] [OK] USA/GFS_ENSEMBLE_Soy_PRCP/daily dia 06 (2026-09-02 → 2026-09-02) 35822 bytes
2026-08-27 09:35:56,390 [INFO] [OK] USA/GFS_ENSEMBLE_Soy_PRCP/daily dia 07 (2026-09-03 → 2026-09-03) 36034 bytes
2026-08-27 09:35:56,475 [INFO] [OK] USA/GFS_ENSEMBLE_Soy_PRCP/daily dia 08 (2026-09-04 → 2026-09-04) 34995 bytes
2026-08-27 09:35:56,669 [INFO] [OK] USA/GFS_ENSEMBLE_Soy_PRCP/daily dia 09 (2026-09-05 → 2026-09-05) 36307 bytes
2026-08-27 09:35:57,057 [INFO] [OK] USA/GFS_ENSEMBLE_Soy_PRCP/daily dia 10 (2026-09-06 → 2026-09-06) 36255 bytes
2026-08-27 09:35:57,696 [INFO] [OK] USA/GFS_ENSEMBLE_Soy_PRCP/daily dia 11 (2026-09-07 → 2026-09-07) 35590 bytes
2026-08-27 09:35:57,746 [INFO] [OK] USA/GFS_ENSEMBLE_Soy_PRCP/daily dia 12 (2026-09-08 → 2026-09-08) 35461 bytes
2026-08-27 09:35:57,961 [INFO] [OK] USA/GFS_ENSEMBLE_Soy_PRCP/daily dia 13 (2026-09-09 → 2026-09-09) 35558 bytes
2026-08-27 09:35:58,003 [INFO] [OK] USA/GFS_ENSEMBLE_Soy_PRCP/daily dia 14 (2026-09-10 → 2026-09-10) 36531 bytes
2026-08-27 09:35:58,238 [INFO] [OK] USA/GFS_ENSEMBLE_Soy_PRCP/cumulative dia 00 (2026-08-27 → 2026-08-27) 36905 bytes
2026-08-27 09:35:58,721 [INFO] [OK] USA/GFS_ENSEMBLE_Soy_PRCP/cumulative dia 01 (2026-08-27 → 2026-08-28) 39865 bytes
2026-08-27 09:35:59,496 [INFO] [OK] USA/GFS_ENSEMBLE_Soy_PRCP/cumulative dia 02 (2026-08-27 → 2026-08-29) 41795 bytes
2026-08-27 09:35:59,610 [INFO] [OK] USA/GFS_ENSEMBLE_Soy_PRCP/cumulative dia 03 (2026-08-27 → 2026-08-30) 42612 bytes
2026-08-27 09:36:00,033 [INFO] [OK] USA/GFS_ENSEMBLE_Soy_PRCP/cumulative dia 04 (2026-08-27 → 2026-08-31) 43795 bytes
2026-08-27 09:36:00,085 [INFO] [OK] USA/GFS_ENSEMBLE_Soy_PRCP/cumulative dia 05 (2026-08-27 → 2026-09-01) 44857 bytes
2026-08-27 09:36:00,445 [INFO] [OK] USA/GFS_ENSEMBLE_Soy_PRCP/cumulative dia 06 (2026-08-27 → 2026-09-02) 45607 bytes
2026-08-27 09:36:01,019 [INFO] [OK] USA/GFS_ENSEMBLE_Soy_PRCP/cumulative dia 07 (2026-08-27 → 2026-09-03) 46641 bytes
2026-08-27 09:36:01,945 [INFO] [OK] USA/GFS_ENSEMBLE_Soy_PRCP/cumulative dia 08 (2026-08-27 → 2026-09-04) 46996 bytes
2026-08-27 09:36:02,073 [INFO] [OK] USA/GFS_ENSEMBLE_Soy_PRCP/cumulative dia 09 (2026-08-27 → 2026-09-05) 47695 bytes
2026-08-27 09:36:02,637 [INFO] [OK] USA/GFS_ENSEMBLE_Soy_PRCP/cumulative dia 10 (2026-08-27 → 2026-09-06) 47831 bytes
2026-08-27 09:36:02,746 [INFO] [OK] USA/GFS_ENSEMBLE_Soy_PRCP/cumulative dia 11 (2026-08-27 → 2026-09-07) 48478 bytes
2026-08-27 09:36:03,265 [INFO] [OK] USA/GFS_ENSEMBLE_Soy_PRCP/cumulative dia 12 (2026-08-27 → 2026-09-08) 48900 bytes
2026-08-27 09:36:03,757 [INFO] [OK] USA/GFS_ENSEMBLE_Wheat_Winter_PRCP_DEP/daily dia 00 (2026-08-27 → 2026-08-27) 55121 bytes
2026-08-27 09:36:03,880 [INFO] [OK] USA/GFS_ENSEMBLE_Soy_PRCP/cumulative dia 13 (2026-08-27 → 2026-09-09) 49256 bytes
2026-08-27 09:36:04,293 [INFO] [OK] USA/GFS_ENSEMBLE_Wheat_Winter_PRCP_DEP/daily dia 01 (2026-08-28 → 2026-08-28) 56229 bytes
2026-08-27 09:36:04,552 [INFO] [OK] USA/GFS_ENSEMBLE_Wheat_Winter_PRCP_DEP/daily dia 02 (2026-08-29 → 2026-08-29) 53907 bytes
2026-08-27 09:36:04,775 [INFO] [OK] USA/GFS_ENSEMBLE_Soy_PRCP/cumulative dia 14 (2026-08-27 → 2026-09-10) 49714 bytes
2026-08-27 09:36:04,880 [INFO] [OK] USA/GFS_ENSEMBLE_Wheat_Winter_PRCP_DEP/daily dia 03 (2026-08-30 → 2026-08-30) 54039 bytes
2026-08-27 09:36:05,319 [INFO] [OK] USA/GFS_ENSEMBLE_Wheat_Winter_PRCP_DEP/daily dia 04 (2026-08-31 → 2026-08-31) 53017 bytes
2026-08-27 09:36:05,672 [INFO] [OK] USA/GFS_ENSEMBLE_Wheat_Winter_PRCP_DEP/daily dia 05 (2026-09-01 → 2026-09-01) 55330 bytes
2026-08-27 09:36:05,972 [INFO] [OK] USA/GFS_ENSEMBLE_Wheat_Winter_PRCP_DEP/daily dia 06 (2026-09-02 → 2026-09-02) 56574 bytes
2026-08-27 09:36:06,153 [INFO] [OK] USA/GFS_ENSEMBLE_Wheat_Winter_PRCP_DEP/daily dia 07 (2026-09-03 → 2026-09-03) 57570 bytes
2026-08-27 09:36:06,386 [INFO] [OK] USA/GFS_ENSEMBLE_Wheat_Winter_PRCP_DEP/daily dia 08 (2026-09-04 → 2026-09-04) 58471 bytes
2026-08-27 09:36:06,649 [INFO] [OK] USA/GFS_ENSEMBLE_Wheat_Winter_PRCP_DEP/daily dia 09 (2026-09-05 → 2026-09-05) 60387 bytes
2026-08-27 09:36:06,934 [INFO] [OK] USA/GFS_ENSEMBLE_Wheat_Winter_PRCP_DEP/daily dia 10 (2026-09-06 → 2026-09-06) 61798 bytes
2026-08-27 09:36:07,318 [INFO] [OK] USA/GFS_ENSEMBLE_Wheat_Winter_PRCP_DEP/daily dia 11 (2026-09-07 → 2026-09-07) 59164 bytes
2026-08-27 09:36:07,691 [INFO] [OK] USA/GFS_ENSEMBLE_Wheat_Winter_PRCP_DEP/daily dia 12 (2026-09-08 → 2026-09-08) 60306 bytes
2026-08-27 09:36:07,814 [INFO] [OK] USA/GFS_ENSEMBLE_Wheat_Winter_PRCP_DEP/daily dia 13 (2026-09-09 → 2026-09-09) 62516 bytes
2026-08-27 09:36:08,019 [INFO] [OK] USA/GFS_ENSEMBLE_Wheat_Winter_PRCP_DEP/daily dia 14 (2026-09-10 → 2026-09-10) 61860 bytes
2026-08-27 09:36:08,374 [INFO] [OK] USA/GFS_ENSEMBLE_Wheat_Winter_PRCP_DEP/cumulative dia 00 (2026-08-27 → 2026-08-27) 55121 bytes
2026-08-27 09:36:08,649 [INFO] [OK] USA/GFS_ENSEMBLE_Wheat_Winter_PRCP_DEP/cumulative dia 01 (2026-08-27 → 2026-08-28) 58441 bytes
2026-08-27 09:36:09,232 [INFO] [OK] USA/GFS_ENSEMBLE_Wheat_Winter_PRCP_DEP/cumulative dia 02 (2026-08-27 → 2026-08-29) 59854 bytes
2026-08-27 09:36:09,652 [INFO] [OK] USA/GFS_ENSEMBLE_Wheat_Winter_PRCP_DEP/cumulative dia 03 (2026-08-27 → 2026-08-30) 59126 bytes
2026-08-27 09:36:09,843 [INFO] [OK] USA/GFS_ENSEMBLE_Wheat_Winter_PRCP_DEP/cumulative dia 04 (2026-08-27 → 2026-08-31) 58765 bytes
2026-08-27 09:36:10,126 [INFO] [OK] USA/GFS_ENSEMBLE_Wheat_Winter_PRCP_DEP/cumulative dia 05 (2026-08-27 → 2026-09-01) 58680 bytes
2026-08-27 09:36:10,631 [INFO] [OK] USA/GFS_ENSEMBLE_Wheat_Winter_PRCP_DEP/cumulative dia 06 (2026-08-27 → 2026-09-02) 58831 bytes
2026-08-27 09:36:10,965 [INFO] [OK] USA/GFS_ENSEMBLE_Wheat_Winter_PRCP_DEP/cumulative dia 07 (2026-08-27 → 2026-09-03) 59181 bytes
2026-08-27 09:36:11,849 [INFO] [OK] USA/GFS_ENSEMBLE_Wheat_Winter_PRCP_DEP/cumulative dia 08 (2026-08-27 → 2026-09-04) 59111 bytes
2026-08-27 09:36:12,205 [INFO] [OK] USA/GFS_ENSEMBLE_Wheat_Winter_PRCP_DEP/cumulative dia 09 (2026-08-27 → 2026-09-05) 58747 bytes
2026-08-27 09:36:12,603 [INFO] [OK] USA/GFS_ENSEMBLE_Wheat_Winter_PRCP_DEP/cumulative dia 10 (2026-08-27 → 2026-09-06) 59161 bytes
2026-08-27 09:36:12,939 [INFO] [OK] USA/GFS_ENSEMBLE_Wheat_Winter_PRCP_DEP/cumulative dia 11 (2026-08-27 → 2026-09-07) 59235 bytes
2026-08-27 09:36:13,595 [INFO] [OK] USA/GFS_ENSEMBLE_Wheat_Winter_PRCP_DEP/cumulative dia 12 (2026-08-27 → 2026-09-08) 58835 bytes
2026-08-27 09:36:13,782 [INFO] [OK] USA/GFS_ENSEMBLE_Wheat_Winter_PRCP/daily dia 00 (2026-08-27 → 2026-08-27) 38574 bytes
2026-08-27 09:36:13,938 [INFO] [OK] USA/GFS_ENSEMBLE_Wheat_Winter_PRCP_DEP/cumulative dia 13 (2026-08-27 → 2026-09-09) 58745 bytes
2026-08-27 09:36:14,181 [INFO] [OK] USA/GFS_ENSEMBLE_Wheat_Winter_PRCP/daily dia 01 (2026-08-28 → 2026-08-28) 37473 bytes
2026-08-27 09:36:14,717 [INFO] [OK] USA/GFS_ENSEMBLE_Wheat_Winter_PRCP/daily dia 02 (2026-08-29 → 2026-08-29) 37777 bytes
2026-08-27 09:36:15,004 [INFO] [OK] USA/GFS_ENSEMBLE_Wheat_Winter_PRCP_DEP/cumulative dia 14 (2026-08-27 → 2026-09-10) 58493 bytes
2026-08-27 09:36:15,219 [INFO] [OK] USA/GFS_ENSEMBLE_Wheat_Winter_PRCP/daily dia 03 (2026-08-30 → 2026-08-30) 37270 bytes
2026-08-27 09:36:15,440 [INFO] [OK] USA/GFS_ENSEMBLE_Wheat_Winter_PRCP/daily dia 04 (2026-08-31 → 2026-08-31) 36801 bytes
2026-08-27 09:36:15,473 [INFO] [OK] USA/GFS_ENSEMBLE_Wheat_Winter_PRCP/daily dia 05 (2026-09-01 → 2026-09-01) 36718 bytes
2026-08-27 09:36:15,821 [INFO] [OK] USA/GFS_ENSEMBLE_Wheat_Winter_PRCP/daily dia 06 (2026-09-02 → 2026-09-02) 37358 bytes
2026-08-27 09:36:16,317 [INFO] [OK] USA/GFS_ENSEMBLE_Wheat_Winter_PRCP/daily dia 07 (2026-09-03 → 2026-09-03) 37487 bytes
2026-08-27 09:36:16,504 [INFO] [OK] USA/GFS_ENSEMBLE_Wheat_Winter_PRCP/daily dia 08 (2026-09-04 → 2026-09-04) 36440 bytes
2026-08-27 09:36:16,793 [INFO] [OK] USA/GFS_ENSEMBLE_Wheat_Winter_PRCP/daily dia 09 (2026-09-05 → 2026-09-05) 37527 bytes
2026-08-27 09:36:17,031 [INFO] [OK] USA/GFS_ENSEMBLE_Wheat_Winter_PRCP/daily dia 10 (2026-09-06 → 2026-09-06) 37531 bytes
2026-08-27 09:36:17,056 [INFO] [OK] USA/GFS_ENSEMBLE_Wheat_Winter_PRCP/daily dia 11 (2026-09-07 → 2026-09-07) 37072 bytes
2026-08-27 09:36:17,338 [INFO] [OK] USA/GFS_ENSEMBLE_Wheat_Winter_PRCP/daily dia 12 (2026-09-08 → 2026-09-08) 37049 bytes
2026-08-27 09:36:17,866 [INFO] [OK] USA/GFS_ENSEMBLE_Wheat_Winter_PRCP/daily dia 13 (2026-09-09 → 2026-09-09) 36865 bytes
2026-08-27 09:36:18,147 [INFO] [OK] USA/GFS_ENSEMBLE_Wheat_Winter_PRCP/daily dia 14 (2026-09-10 → 2026-09-10) 38011 bytes
2026-08-27 09:36:18,418 [INFO] [OK] USA/GFS_ENSEMBLE_Wheat_Winter_PRCP/cumulative dia 00 (2026-08-27 → 2026-08-27) 38574 bytes
2026-08-27 09:36:18,863 [INFO] [OK] USA/GFS_ENSEMBLE_Wheat_Winter_PRCP/cumulative dia 01 (2026-08-27 → 2026-08-28) 41322 bytes
2026-08-27 09:36:18,866 [INFO] [OK] USA/GFS_ENSEMBLE_Wheat_Winter_PRCP/cumulative dia 02 (2026-08-27 → 2026-08-29) 43293 bytes
2026-08-27 09:36:19,235 [INFO] [OK] USA/GFS_ENSEMBLE_Wheat_Winter_PRCP/cumulative dia 03 (2026-08-27 → 2026-08-30) 44092 bytes
2026-08-27 09:36:19,834 [INFO] [OK] USA/GFS_ENSEMBLE_Wheat_Winter_PRCP/cumulative dia 04 (2026-08-27 → 2026-08-31) 45391 bytes
2026-08-27 09:36:20,176 [INFO] [OK] USA/GFS_ENSEMBLE_Wheat_Winter_PRCP/cumulative dia 05 (2026-08-27 → 2026-09-01) 46228 bytes
2026-08-27 09:36:20,585 [INFO] [OK] USA/GFS_ENSEMBLE_Wheat_Winter_PRCP/cumulative dia 06 (2026-08-27 → 2026-09-02) 47147 bytes
2026-08-27 09:36:21,164 [INFO] [OK] USA/GFS_ENSEMBLE_Wheat_Winter_PRCP/cumulative dia 08 (2026-08-27 → 2026-09-04) 48554 bytes
2026-08-27 09:36:21,194 [INFO] [OK] USA/GFS_ENSEMBLE_Wheat_Winter_PRCP/cumulative dia 07 (2026-08-27 → 2026-09-03) 48121 bytes
2026-08-27 09:36:21,695 [INFO] [OK] USA/GFS_ENSEMBLE_Wheat_Winter_PRCP/cumulative dia 09 (2026-08-27 → 2026-09-05) 49286 bytes
2026-08-27 09:36:22,450 [INFO] [OK] USA/GFS_ENSEMBLE_Wheat_Winter_PRCP/cumulative dia 10 (2026-08-27 → 2026-09-06) 49771 bytes
2026-08-27 09:36:22,839 [INFO] [OK] USA/GFS_ENSEMBLE_Wheat_Winter_PRCP/cumulative dia 11 (2026-08-27 → 2026-09-07) 50174 bytes
2026-08-27 09:36:23,630 [INFO] [OK] USA/GFS_ENSEMBLE_Wheat_Spring_PRCP_DEP/daily dia 00 (2026-08-27 → 2026-08-27) 52015 bytes
2026-08-27 09:36:23,634 [INFO] [OK] USA/GFS_ENSEMBLE_Wheat_Winter_PRCP/cumulative dia 12 (2026-08-27 → 2026-09-08) 50462 bytes
2026-08-27 09:36:24,185 [INFO] [OK] USA/GFS_ENSEMBLE_Wheat_Winter_PRCP/cumulative dia 13 (2026-08-27 → 2026-09-09) 51158 bytes
2026-08-27 09:36:24,196 [INFO] [OK] USA/GFS_ENSEMBLE_Wheat_Spring_PRCP_DEP/daily dia 01 (2026-08-28 → 2026-08-28) 53204 bytes
2026-08-27 09:36:24,332 [INFO] [OK] USA/GFS_ENSEMBLE_Wheat_Winter_PRCP/cumulative dia 14 (2026-08-27 → 2026-09-10) 51537 bytes
2026-08-27 09:36:24,494 [INFO] [OK] USA/GFS_ENSEMBLE_Wheat_Spring_PRCP_DEP/daily dia 02 (2026-08-29 → 2026-08-29) 50768 bytes
2026-08-27 09:36:25,272 [INFO] [OK] USA/GFS_ENSEMBLE_Wheat_Spring_PRCP_DEP/daily dia 03 (2026-08-30 → 2026-08-30) 50695 bytes
2026-08-27 09:36:25,281 [INFO] [OK] USA/GFS_ENSEMBLE_Wheat_Spring_PRCP_DEP/daily dia 04 (2026-08-31 → 2026-08-31) 49841 bytes
2026-08-27 09:36:25,856 [INFO] [OK] USA/GFS_ENSEMBLE_Wheat_Spring_PRCP_DEP/daily dia 06 (2026-09-02 → 2026-09-02) 53306 bytes
2026-08-27 09:36:25,921 [INFO] [OK] USA/GFS_ENSEMBLE_Wheat_Spring_PRCP_DEP/daily dia 07 (2026-09-03 → 2026-09-03) 54489 bytes
2026-08-27 09:36:26,012 [INFO] [OK] USA/GFS_ENSEMBLE_Wheat_Spring_PRCP_DEP/daily dia 05 (2026-09-01 → 2026-09-01) 52389 bytes
2026-08-27 09:36:26,148 [INFO] [OK] USA/GFS_ENSEMBLE_Wheat_Spring_PRCP_DEP/daily dia 08 (2026-09-04 → 2026-09-04) 54825 bytes
2026-08-27 09:36:26,913 [INFO] [OK] USA/GFS_ENSEMBLE_Wheat_Spring_PRCP_DEP/daily dia 09 (2026-09-05 → 2026-09-05) 56433 bytes
2026-08-27 09:36:26,991 [INFO] [OK] USA/GFS_ENSEMBLE_Wheat_Spring_PRCP_DEP/daily dia 10 (2026-09-06 → 2026-09-06) 58477 bytes
2026-08-27 09:36:27,621 [INFO] [OK] USA/GFS_ENSEMBLE_Wheat_Spring_PRCP_DEP/daily dia 11 (2026-09-07 → 2026-09-07) 55426 bytes
2026-08-27 09:36:27,750 [INFO] [OK] USA/GFS_ENSEMBLE_Wheat_Spring_PRCP_DEP/daily dia 14 (2026-09-10 → 2026-09-10) 58458 bytes
2026-08-27 09:36:27,836 [INFO] [OK] USA/GFS_ENSEMBLE_Wheat_Spring_PRCP_DEP/daily dia 13 (2026-09-09 → 2026-09-09) 59540 bytes
2026-08-27 09:36:27,850 [INFO] [OK] USA/GFS_ENSEMBLE_Wheat_Spring_PRCP_DEP/daily dia 12 (2026-09-08 → 2026-09-08) 57103 bytes
2026-08-27 09:36:28,632 [INFO] [OK] USA/GFS_ENSEMBLE_Wheat_Spring_PRCP_DEP/cumulative dia 00 (2026-08-27 → 2026-08-27) 52015 bytes
2026-08-27 09:36:28,781 [INFO] [OK] USA/GFS_ENSEMBLE_Wheat_Spring_PRCP_DEP/cumulative dia 01 (2026-08-27 → 2026-08-28) 55219 bytes
2026-08-27 09:36:29,612 [INFO] [OK] USA/GFS_ENSEMBLE_Wheat_Spring_PRCP_DEP/cumulative dia 02 (2026-08-27 → 2026-08-29) 57034 bytes
2026-08-27 09:36:29,645 [INFO] [OK] USA/GFS_ENSEMBLE_Wheat_Spring_PRCP_DEP/cumulative dia 03 (2026-08-27 → 2026-08-30) 55911 bytes
2026-08-27 09:36:30,027 [INFO] [OK] USA/GFS_ENSEMBLE_Wheat_Spring_PRCP_DEP/cumulative dia 04 (2026-08-27 → 2026-08-31) 55843 bytes
2026-08-27 09:36:30,156 [INFO] [OK] USA/GFS_ENSEMBLE_Wheat_Spring_PRCP_DEP/cumulative dia 05 (2026-08-27 → 2026-09-01) 55945 bytes
2026-08-27 09:36:30,819 [INFO] [OK] USA/GFS_ENSEMBLE_Wheat_Spring_PRCP_DEP/cumulative dia 06 (2026-08-27 → 2026-09-02) 55725 bytes
2026-08-27 09:36:31,125 [INFO] [OK] USA/GFS_ENSEMBLE_Wheat_Spring_PRCP_DEP/cumulative dia 07 (2026-08-27 → 2026-09-03) 56099 bytes
2026-08-27 09:36:32,147 [INFO] [OK] USA/GFS_ENSEMBLE_Wheat_Spring_PRCP_DEP/cumulative dia 08 (2026-08-27 → 2026-09-04) 56033 bytes
2026-08-27 09:36:32,232 [INFO] [OK] USA/GFS_ENSEMBLE_Wheat_Spring_PRCP_DEP/cumulative dia 09 (2026-08-27 → 2026-09-05) 55428 bytes
2026-08-27 09:36:32,668 [INFO] [OK] USA/GFS_ENSEMBLE_Wheat_Spring_PRCP_DEP/cumulative dia 10 (2026-08-27 → 2026-09-06) 55785 bytes
2026-08-27 09:36:32,866 [INFO] [OK] USA/GFS_ENSEMBLE_Wheat_Spring_PRCP_DEP/cumulative dia 11 (2026-08-27 → 2026-09-07) 55769 bytes
2026-08-27 09:36:33,636 [INFO] [OK] USA/GFS_ENSEMBLE_Wheat_Spring_PRCP_DEP/cumulative dia 12 (2026-08-27 → 2026-09-08) 55589 bytes
2026-08-27 09:36:33,796 [INFO] [OK] USA/GFS_ENSEMBLE_Wheat_Spring_PRCP/daily dia 00 (2026-08-27 → 2026-08-27) 35253 bytes
2026-08-27 09:36:33,987 [INFO] [OK] USA/GFS_ENSEMBLE_Wheat_Spring_PRCP_DEP/cumulative dia 13 (2026-08-27 → 2026-09-09) 55409 bytes
2026-08-27 09:36:34,226 [INFO] [OK] USA/GFS_ENSEMBLE_Wheat_Spring_PRCP/daily dia 01 (2026-08-28 → 2026-08-28) 34488 bytes
2026-08-27 09:36:34,415 [INFO] [OK] USA/GFS_ENSEMBLE_Wheat_Spring_PRCP/daily dia 02 (2026-08-29 → 2026-08-29) 34763 bytes
2026-08-27 09:36:35,005 [INFO] [OK] USA/GFS_ENSEMBLE_Wheat_Spring_PRCP_DEP/cumulative dia 14 (2026-08-27 → 2026-09-10) 54717 bytes
2026-08-27 09:36:35,218 [INFO] [OK] USA/GFS_ENSEMBLE_Wheat_Spring_PRCP/daily dia 03 (2026-08-30 → 2026-08-30) 34215 bytes
2026-08-27 09:36:35,307 [INFO] [OK] USA/GFS_ENSEMBLE_Wheat_Spring_PRCP/daily dia 04 (2026-08-31 → 2026-08-31) 33770 bytes
2026-08-27 09:36:35,508 [INFO] [OK] USA/GFS_ENSEMBLE_Wheat_Spring_PRCP/daily dia 05 (2026-09-01 → 2026-09-01) 33802 bytes
2026-08-27 09:36:35,775 [INFO] [OK] USA/GFS_ENSEMBLE_Wheat_Spring_PRCP/daily dia 06 (2026-09-02 → 2026-09-02) 34341 bytes
2026-08-27 09:36:35,936 [INFO] [OK] USA/GFS_ENSEMBLE_Wheat_Spring_PRCP/daily dia 07 (2026-09-03 → 2026-09-03) 34716 bytes
2026-08-27 09:36:36,532 [INFO] [OK] USA/GFS_ENSEMBLE_Wheat_Spring_PRCP/daily dia 08 (2026-09-04 → 2026-09-04) 33777 bytes
2026-08-27 09:36:36,803 [INFO] [OK] USA/GFS_ENSEMBLE_Wheat_Spring_PRCP/daily dia 09 (2026-09-05 → 2026-09-05) 35170 bytes
2026-08-27 09:36:36,872 [INFO] [OK] USA/GFS_ENSEMBLE_Wheat_Spring_PRCP/daily dia 10 (2026-09-06 → 2026-09-06) 34750 bytes
2026-08-27 09:36:37,033 [INFO] [OK] USA/GFS_ENSEMBLE_Wheat_Spring_PRCP/daily dia 11 (2026-09-07 → 2026-09-07) 34271 bytes
2026-08-27 09:36:37,558 [INFO] [OK] USA/GFS_ENSEMBLE_Wheat_Spring_PRCP/daily dia 13 (2026-09-09 → 2026-09-09) 34256 bytes
2026-08-27 09:36:37,606 [INFO] [OK] USA/GFS_ENSEMBLE_Wheat_Spring_PRCP/daily dia 12 (2026-09-08 → 2026-09-08) 34199 bytes
2026-08-27 09:36:38,071 [INFO] [OK] USA/GFS_ENSEMBLE_Wheat_Spring_PRCP/daily dia 14 (2026-09-10 → 2026-09-10) 35141 bytes
2026-08-27 09:36:38,327 [INFO] [OK] USA/GFS_ENSEMBLE_Wheat_Spring_PRCP/cumulative dia 00 (2026-08-27 → 2026-08-27) 35253 bytes
2026-08-27 09:36:38,499 [INFO] [OK] USA/GFS_ENSEMBLE_Wheat_Spring_PRCP/cumulative dia 01 (2026-08-27 → 2026-08-28) 38164 bytes
2026-08-27 09:36:38,756 [INFO] [OK] USA/GFS_ENSEMBLE_Wheat_Spring_PRCP/cumulative dia 02 (2026-08-27 → 2026-08-29) 40246 bytes
2026-08-27 09:36:39,430 [INFO] [OK] USA/GFS_ENSEMBLE_Wheat_Spring_PRCP/cumulative dia 03 (2026-08-27 → 2026-08-30) 41003 bytes
2026-08-27 09:36:39,707 [INFO] [OK] USA/GFS_ENSEMBLE_Wheat_Spring_PRCP/cumulative dia 04 (2026-08-27 → 2026-08-31) 42260 bytes
2026-08-27 09:36:40,155 [INFO] [OK] USA/GFS_ENSEMBLE_Wheat_Spring_PRCP/cumulative dia 05 (2026-08-27 → 2026-09-01) 43143 bytes
2026-08-27 09:36:40,455 [INFO] [OK] USA/GFS_ENSEMBLE_Wheat_Spring_PRCP/cumulative dia 06 (2026-08-27 → 2026-09-02) 43845 bytes
2026-08-27 09:36:40,842 [INFO] [OK] USA/GFS_ENSEMBLE_Wheat_Spring_PRCP/cumulative dia 07 (2026-08-27 → 2026-09-03) 44888 bytes
2026-08-27 09:36:41,569 [INFO] [OK] USA/GFS_ENSEMBLE_Wheat_Spring_PRCP/cumulative dia 08 (2026-08-27 → 2026-09-04) 45228 bytes
2026-08-27 09:36:41,922 [INFO] [OK] USA/GFS_ENSEMBLE_Wheat_Spring_PRCP/cumulative dia 09 (2026-08-27 → 2026-09-05) 45836 bytes
2026-08-27 09:36:42,340 [INFO] [OK] USA/GFS_ENSEMBLE_Wheat_Spring_PRCP/cumulative dia 10 (2026-08-27 → 2026-09-06) 45950 bytes
2026-08-27 09:36:42,816 [INFO] [OK] USA/GFS_ENSEMBLE_Wheat_Spring_PRCP/cumulative dia 11 (2026-08-27 → 2026-09-07) 46385 bytes
2026-08-27 09:36:43,305 [INFO] [OK] USA/GFS_ENSEMBLE_Wheat_Spring_PRCP/cumulative dia 12 (2026-08-27 → 2026-09-08) 46999 bytes
2026-08-27 09:36:43,998 [INFO] [OK] USA/ECM_ENSEMBLE_Corn_PRCP_DEP/daily dia 01 (2026-08-28 → 2026-08-28) 55061 bytes
2026-08-27 09:36:44,001 [INFO] [OK] USA/ECM_ENSEMBLE_Corn_PRCP_DEP/daily dia 00 (2026-08-27 → 2026-08-27) 56142 bytes
2026-08-27 09:36:44,002 [INFO] [OK] USA/GFS_ENSEMBLE_Wheat_Spring_PRCP/cumulative dia 13 (2026-08-27 → 2026-09-09) 47179 bytes
2026-08-27 09:36:44,666 [INFO] [OK] USA/ECM_ENSEMBLE_Corn_PRCP_DEP/daily dia 02 (2026-08-29 → 2026-08-29) 51995 bytes
2026-08-27 09:36:44,672 [INFO] [OK] USA/GFS_ENSEMBLE_Wheat_Spring_PRCP/cumulative dia 14 (2026-08-27 → 2026-09-10) 47719 bytes
2026-08-27 09:36:45,203 [INFO] [OK] USA/ECM_ENSEMBLE_Corn_PRCP_DEP/daily dia 03 (2026-08-30 → 2026-08-30) 53566 bytes
2026-08-27 09:36:45,929 [INFO] [OK] USA/ECM_ENSEMBLE_Corn_PRCP_DEP/daily dia 04 (2026-08-31 → 2026-08-31) 53394 bytes
2026-08-27 09:36:45,938 [INFO] [OK] USA/ECM_ENSEMBLE_Corn_PRCP_DEP/daily dia 06 (2026-09-02 → 2026-09-02) 57061 bytes
2026-08-27 09:36:45,939 [INFO] [OK] USA/ECM_ENSEMBLE_Corn_PRCP_DEP/daily dia 05 (2026-09-01 → 2026-09-01) 57722 bytes
2026-08-27 09:36:46,458 [INFO] [OK] USA/ECM_ENSEMBLE_Corn_PRCP_DEP/daily dia 07 (2026-09-03 → 2026-09-03) 57292 bytes
2026-08-27 09:36:46,460 [INFO] [OK] USA/ECM_ENSEMBLE_Corn_PRCP_DEP/daily dia 08 (2026-09-04 → 2026-09-04) 55464 bytes
2026-08-27 09:36:47,579 [INFO] [OK] USA/ECM_ENSEMBLE_Corn_PRCP_DEP/daily dia 09 (2026-09-05 → 2026-09-05) 58625 bytes
2026-08-27 09:36:47,629 [INFO] [OK] USA/ECM_ENSEMBLE_Corn_PRCP_DEP/daily dia 11 (2026-09-07 → 2026-09-07) 59128 bytes
2026-08-27 09:36:47,640 [INFO] [OK] USA/ECM_ENSEMBLE_Corn_PRCP_DEP/daily dia 10 (2026-09-06 → 2026-09-06) 59407 bytes
2026-08-27 09:36:47,689 [INFO] [OK] USA/ECM_ENSEMBLE_Corn_PRCP_DEP/daily dia 12 (2026-09-08 → 2026-09-08) 59363 bytes
2026-08-27 09:36:48,285 [INFO] [OK] USA/ECM_ENSEMBLE_Corn_PRCP_DEP/daily dia 13 (2026-09-09 → 2026-09-09) 60853 bytes
2026-08-27 09:36:48,286 [INFO] [OK] USA/ECM_ENSEMBLE_Corn_PRCP_DEP/daily dia 14 (2026-09-10 → 2026-09-10) 59914 bytes
2026-08-27 09:36:49,689 [INFO] [OK] USA/ECM_ENSEMBLE_Corn_PRCP_DEP/cumulative dia 00 (2026-08-27 → 2026-08-27) 56142 bytes
2026-08-27 09:36:49,700 [INFO] [OK] USA/ECM_ENSEMBLE_Corn_PRCP_DEP/cumulative dia 01 (2026-08-27 → 2026-08-28) 57885 bytes
2026-08-27 09:36:49,734 [INFO] [OK] USA/ECM_ENSEMBLE_Corn_PRCP_DEP/cumulative dia 02 (2026-08-27 → 2026-08-29) 59396 bytes
2026-08-27 09:36:49,954 [INFO] [OK] USA/ECM_ENSEMBLE_Corn_PRCP_DEP/cumulative dia 03 (2026-08-27 → 2026-08-30) 58764 bytes
2026-08-27 09:36:50,576 [INFO] [OK] USA/ECM_ENSEMBLE_Corn_PRCP_DEP/cumulative dia 04 (2026-08-27 → 2026-08-31) 58709 bytes
2026-08-27 09:36:50,688 [INFO] [OK] USA/ECM_ENSEMBLE_Corn_PRCP_DEP/cumulative dia 05 (2026-08-27 → 2026-09-01) 59574 bytes
2026-08-27 09:36:52,350 [INFO] [OK] USA/ECM_ENSEMBLE_Corn_PRCP_DEP/cumulative dia 06 (2026-08-27 → 2026-09-02) 59751 bytes
2026-08-27 09:36:52,935 [INFO] [OK] USA/ECM_ENSEMBLE_Corn_PRCP_DEP/cumulative dia 07 (2026-08-27 → 2026-09-03) 59149 bytes
2026-08-27 09:36:53,303 [INFO] [OK] USA/ECM_ENSEMBLE_Corn_PRCP_DEP/cumulative dia 08 (2026-08-27 → 2026-09-04) 58650 bytes
2026-08-27 09:36:53,338 [INFO] [OK] USA/ECM_ENSEMBLE_Corn_PRCP_DEP/cumulative dia 09 (2026-08-27 → 2026-09-05) 58332 bytes
2026-08-27 09:36:53,996 [INFO] [OK] USA/ECM_ENSEMBLE_Corn_PRCP_DEP/cumulative dia 10 (2026-08-27 → 2026-09-06) 59060 bytes
2026-08-27 09:36:54,205 [INFO] [OK] USA/ECM_ENSEMBLE_Corn_PRCP_DEP/cumulative dia 11 (2026-08-27 → 2026-09-07) 58731 bytes
2026-08-27 09:36:55,212 [INFO] [OK] USA/ECM_ENSEMBLE_Corn_PRCP/daily dia 00 (2026-08-27 → 2026-08-27) 36780 bytes
2026-08-27 09:36:55,777 [INFO] [OK] USA/ECM_ENSEMBLE_Corn_PRCP/daily dia 01 (2026-08-28 → 2026-08-28) 36630 bytes
2026-08-27 09:36:55,873 [INFO] [OK] USA/ECM_ENSEMBLE_Corn_PRCP_DEP/cumulative dia 12 (2026-08-27 → 2026-09-08) 58740 bytes
2026-08-27 09:36:55,988 [INFO] [OK] USA/ECM_ENSEMBLE_Corn_PRCP/daily dia 02 (2026-08-29 → 2026-08-29) 37337 bytes
2026-08-27 09:36:56,359 [INFO] [OK] USA/ECM_ENSEMBLE_Corn_PRCP_DEP/cumulative dia 13 (2026-08-27 → 2026-09-09) 58897 bytes
2026-08-27 09:36:56,885 [INFO] [OK] USA/ECM_ENSEMBLE_Corn_PRCP/daily dia 03 (2026-08-30 → 2026-08-30) 36301 bytes
2026-08-27 09:36:57,230 [INFO] [OK] USA/ECM_ENSEMBLE_Corn_PRCP_DEP/cumulative dia 14 (2026-08-27 → 2026-09-10) 58393 bytes
2026-08-27 09:36:57,416 [INFO] [OK] USA/ECM_ENSEMBLE_Corn_PRCP/daily dia 04 (2026-08-31 → 2026-08-31) 35644 bytes
2026-08-27 09:36:57,724 [INFO] [OK] USA/ECM_ENSEMBLE_Corn_PRCP/daily dia 05 (2026-09-01 → 2026-09-01) 35132 bytes
2026-08-27 09:36:57,735 [INFO] [OK] USA/ECM_ENSEMBLE_Corn_PRCP/daily dia 06 (2026-09-02 → 2026-09-02) 36432 bytes
2026-08-27 09:36:58,332 [INFO] [OK] USA/ECM_ENSEMBLE_Corn_PRCP/daily dia 07 (2026-09-03 → 2026-09-03) 36165 bytes
2026-08-27 09:36:59,228 [INFO] [OK] USA/ECM_ENSEMBLE_Corn_PRCP/daily dia 08 (2026-09-04 → 2026-09-04) 35276 bytes
2026-08-27 09:36:59,232 [INFO] [OK] USA/ECM_ENSEMBLE_Corn_PRCP/daily dia 09 (2026-09-05 → 2026-09-05) 35555 bytes
2026-08-27 09:36:59,488 [INFO] [OK] USA/ECM_ENSEMBLE_Corn_PRCP/daily dia 10 (2026-09-06 → 2026-09-06) 36391 bytes
2026-08-27 09:36:59,490 [INFO] [OK] USA/ECM_ENSEMBLE_Corn_PRCP/daily dia 11 (2026-09-07 → 2026-09-07) 36205 bytes
2026-08-27 09:36:59,518 [INFO] [OK] USA/ECM_ENSEMBLE_Corn_PRCP/daily dia 12 (2026-09-08 → 2026-09-08) 36303 bytes
2026-08-27 09:37:01,299 [INFO] [OK] USA/ECM_ENSEMBLE_Corn_PRCP/daily dia 13 (2026-09-09 → 2026-09-09) 36262 bytes
2026-08-27 09:37:01,302 [INFO] [OK] USA/ECM_ENSEMBLE_Corn_PRCP/daily dia 14 (2026-09-10 → 2026-09-10) 35443 bytes
2026-08-27 09:37:01,443 [INFO] [OK] USA/ECM_ENSEMBLE_Corn_PRCP/cumulative dia 00 (2026-08-27 → 2026-08-27) 36780 bytes
2026-08-27 09:37:01,444 [INFO] [OK] USA/ECM_ENSEMBLE_Corn_PRCP/cumulative dia 01 (2026-08-27 → 2026-08-28) 40372 bytes
2026-08-27 09:37:02,759 [INFO] [OK] USA/ECM_ENSEMBLE_Corn_PRCP/cumulative dia 03 (2026-08-27 → 2026-08-30) 44149 bytes
2026-08-27 09:37:02,761 [INFO] [OK] USA/ECM_ENSEMBLE_Corn_PRCP/cumulative dia 02 (2026-08-27 → 2026-08-29) 42503 bytes
2026-08-27 09:37:03,693 [INFO] [OK] USA/ECM_ENSEMBLE_Corn_PRCP/cumulative dia 04 (2026-08-27 → 2026-08-31) 44535 bytes
2026-08-27 09:37:03,908 [INFO] [OK] USA/ECM_ENSEMBLE_Corn_PRCP/cumulative dia 05 (2026-08-27 → 2026-09-01) 45818 bytes
2026-08-27 09:37:04,189 [INFO] [OK] USA/ECM_ENSEMBLE_Corn_PRCP/cumulative dia 06 (2026-08-27 → 2026-09-02) 47663 bytes
2026-08-27 09:37:04,190 [INFO] [OK] USA/ECM_ENSEMBLE_Corn_PRCP/cumulative dia 07 (2026-08-27 → 2026-09-03) 48425 bytes
2026-08-27 09:37:05,543 [INFO] [OK] USA/ECM_ENSEMBLE_Corn_PRCP/cumulative dia 08 (2026-08-27 → 2026-09-04) 48357 bytes
2026-08-27 09:37:05,850 [INFO] [OK] USA/ECM_ENSEMBLE_Corn_PRCP/cumulative dia 09 (2026-08-27 → 2026-09-05) 49178 bytes
2026-08-27 09:37:06,659 [INFO] [OK] USA/ECM_ENSEMBLE_Corn_PRCP/cumulative dia 10 (2026-08-27 → 2026-09-06) 49480 bytes
2026-08-27 09:37:07,156 [INFO] [OK] USA/ECM_ENSEMBLE_Corn_PRCP/cumulative dia 11 (2026-08-27 → 2026-09-07) 49284 bytes
2026-08-27 09:37:07,561 [INFO] [OK] USA/ECM_ENSEMBLE_Corn_PRCP/cumulative dia 12 (2026-08-27 → 2026-09-08) 50009 bytes
2026-08-27 09:37:07,671 [INFO] [OK] USA/ECM_ENSEMBLE_Corn_PRCP/cumulative dia 13 (2026-08-27 → 2026-09-09) 50757 bytes
2026-08-27 09:37:07,705 [INFO] [OK] USA/ECM_ENSEMBLE_Soy_PRCP_DEP/daily dia 00 (2026-08-27 → 2026-08-27) 55536 bytes
2026-08-27 09:37:08,488 [INFO] [OK] USA/ECM_ENSEMBLE_Soy_PRCP_DEP/daily dia 01 (2026-08-28 → 2026-08-28) 54625 bytes
2026-08-27 09:37:08,748 [INFO] [OK] USA/ECM_ENSEMBLE_Corn_PRCP/cumulative dia 14 (2026-08-27 → 2026-09-10) 50954 bytes
2026-08-27 09:37:08,829 [INFO] [OK] USA/ECM_ENSEMBLE_Soy_PRCP_DEP/daily dia 02 (2026-08-29 → 2026-08-29) 51678 bytes
2026-08-27 09:37:09,466 [INFO] [OK] USA/ECM_ENSEMBLE_Soy_PRCP_DEP/daily dia 04 (2026-08-31 → 2026-08-31) 53149 bytes
2026-08-27 09:37:09,467 [INFO] [OK] USA/ECM_ENSEMBLE_Soy_PRCP_DEP/daily dia 03 (2026-08-30 → 2026-08-30) 53194 bytes
2026-08-27 09:37:09,487 [INFO] [OK] USA/ECM_ENSEMBLE_Soy_PRCP_DEP/daily dia 05 (2026-09-01 → 2026-09-01) 57553 bytes
2026-08-27 09:37:10,203 [INFO] [OK] USA/ECM_ENSEMBLE_Soy_PRCP_DEP/daily dia 06 (2026-09-02 → 2026-09-02) 56834 bytes
2026-08-27 09:37:10,444 [INFO] [OK] USA/ECM_ENSEMBLE_Soy_PRCP_DEP/daily dia 07 (2026-09-03 → 2026-09-03) 57112 bytes
2026-08-27 09:37:10,536 [INFO] [OK] USA/ECM_ENSEMBLE_Soy_PRCP_DEP/daily dia 08 (2026-09-04 → 2026-09-04) 55297 bytes
2026-08-27 09:37:11,225 [INFO] [OK] USA/ECM_ENSEMBLE_Soy_PRCP_DEP/daily dia 09 (2026-09-05 → 2026-09-05) 57950 bytes
2026-08-27 09:37:11,276 [INFO] [OK] USA/ECM_ENSEMBLE_Soy_PRCP_DEP/daily dia 11 (2026-09-07 → 2026-09-07) 58953 bytes
2026-08-27 09:37:11,371 [INFO] [OK] USA/ECM_ENSEMBLE_Soy_PRCP_DEP/daily dia 10 (2026-09-06 → 2026-09-06) 59131 bytes
2026-08-27 09:37:11,878 [INFO] [OK] USA/ECM_ENSEMBLE_Soy_PRCP_DEP/daily dia 12 (2026-09-08 → 2026-09-08) 59095 bytes
2026-08-27 09:37:12,406 [INFO] [OK] USA/ECM_ENSEMBLE_Soy_PRCP_DEP/daily dia 14 (2026-09-10 → 2026-09-10) 59479 bytes
2026-08-27 09:37:12,485 [INFO] [OK] USA/ECM_ENSEMBLE_Soy_PRCP_DEP/daily dia 13 (2026-09-09 → 2026-09-09) 60696 bytes
2026-08-27 09:37:12,966 [INFO] [OK] USA/ECM_ENSEMBLE_Soy_PRCP_DEP/cumulative dia 00 (2026-08-27 → 2026-08-27) 55536 bytes
2026-08-27 09:37:13,211 [INFO] [OK] USA/ECM_ENSEMBLE_Soy_PRCP_DEP/cumulative dia 01 (2026-08-27 → 2026-08-28) 57459 bytes
2026-08-27 09:37:13,496 [INFO] [OK] USA/ECM_ENSEMBLE_Soy_PRCP_DEP/cumulative dia 02 (2026-08-27 → 2026-08-29) 58971 bytes
2026-08-27 09:37:13,883 [INFO] [OK] USA/ECM_ENSEMBLE_Soy_PRCP_DEP/cumulative dia 03 (2026-08-27 → 2026-08-30) 58125 bytes
2026-08-27 09:37:15,439 [INFO] [OK] USA/ECM_ENSEMBLE_Soy_PRCP_DEP/cumulative dia 05 (2026-08-27 → 2026-09-01) 59388 bytes
2026-08-27 09:37:15,443 [INFO] [OK] USA/ECM_ENSEMBLE_Soy_PRCP_DEP/cumulative dia 04 (2026-08-27 → 2026-08-31) 58375 bytes
2026-08-27 09:37:15,504 [INFO] [OK] USA/ECM_ENSEMBLE_Soy_PRCP_DEP/cumulative dia 06 (2026-08-27 → 2026-09-02) 59323 bytes
2026-08-27 09:37:15,861 [INFO] [OK] USA/ECM_ENSEMBLE_Soy_PRCP_DEP/cumulative dia 07 (2026-08-27 → 2026-09-03) 58903 bytes
2026-08-27 09:37:16,242 [INFO] [OK] USA/ECM_ENSEMBLE_Soy_PRCP_DEP/cumulative dia 08 (2026-08-27 → 2026-09-04) 58421 bytes
2026-08-27 09:37:16,850 [INFO] [OK] USA/ECM_ENSEMBLE_Soy_PRCP_DEP/cumulative dia 09 (2026-08-27 → 2026-09-05) 58022 bytes
2026-08-27 09:37:18,674 [INFO] [OK] USA/ECM_ENSEMBLE_Soy_PRCP/daily dia 00 (2026-08-27 → 2026-08-27) 36326 bytes
2026-08-27 09:37:18,712 [INFO] [OK] USA/ECM_ENSEMBLE_Soy_PRCP_DEP/cumulative dia 10 (2026-08-27 → 2026-09-06) 58768 bytes
2026-08-27 09:37:18,885 [INFO] [OK] USA/ECM_ENSEMBLE_Soy_PRCP_DEP/cumulative dia 11 (2026-08-27 → 2026-09-07) 58390 bytes
2026-08-27 09:37:20,390 [INFO] [OK] USA/ECM_ENSEMBLE_Soy_PRCP_DEP/cumulative dia 13 (2026-08-27 → 2026-09-09) 58653 bytes
2026-08-27 09:37:20,392 [INFO] [OK] USA/ECM_ENSEMBLE_Soy_PRCP_DEP/cumulative dia 14 (2026-08-27 → 2026-09-10) 58044 bytes
2026-08-27 09:37:20,392 [INFO] [OK] USA/ECM_ENSEMBLE_Soy_PRCP_DEP/cumulative dia 12 (2026-08-27 → 2026-09-08) 58436 bytes
2026-08-27 09:37:20,437 [INFO] [OK] USA/ECM_ENSEMBLE_Soy_PRCP/daily dia 01 (2026-08-28 → 2026-08-28) 36135 bytes
2026-08-27 09:37:20,440 [INFO] [OK] USA/ECM_ENSEMBLE_Soy_PRCP/daily dia 02 (2026-08-29 → 2026-08-29) 36839 bytes
2026-08-27 09:37:20,729 [INFO] [OK] USA/ECM_ENSEMBLE_Soy_PRCP/daily dia 03 (2026-08-30 → 2026-08-30) 35860 bytes
2026-08-27 09:37:22,125 [INFO] [OK] USA/ECM_ENSEMBLE_Soy_PRCP/daily dia 05 (2026-09-01 → 2026-09-01) 34745 bytes
2026-08-27 09:37:22,212 [INFO] [OK] USA/ECM_ENSEMBLE_Soy_PRCP/daily dia 04 (2026-08-31 → 2026-08-31) 35257 bytes
2026-08-27 09:37:22,246 [INFO] [OK] USA/ECM_ENSEMBLE_Soy_PRCP/daily dia 06 (2026-09-02 → 2026-09-02) 35935 bytes
2026-08-27 09:37:22,266 [INFO] [OK] USA/ECM_ENSEMBLE_Soy_PRCP/daily dia 07 (2026-09-03 → 2026-09-03) 35660 bytes
2026-08-27 09:37:22,361 [INFO] [OK] USA/ECM_ENSEMBLE_Soy_PRCP/daily dia 08 (2026-09-04 → 2026-09-04) 34874 bytes
2026-08-27 09:37:22,631 [INFO] [OK] USA/ECM_ENSEMBLE_Soy_PRCP/daily dia 09 (2026-09-05 → 2026-09-05) 34653 bytes
2026-08-27 09:37:23,901 [INFO] [OK] USA/ECM_ENSEMBLE_Soy_PRCP/daily dia 12 (2026-09-08 → 2026-09-08) 35905 bytes
2026-08-27 09:37:23,902 [INFO] [OK] USA/ECM_ENSEMBLE_Soy_PRCP/daily dia 10 (2026-09-06 → 2026-09-06) 35908 bytes
2026-08-27 09:37:23,937 [INFO] [OK] USA/ECM_ENSEMBLE_Soy_PRCP/daily dia 11 (2026-09-07 → 2026-09-07) 35812 bytes
2026-08-27 09:37:23,954 [INFO] [OK] USA/ECM_ENSEMBLE_Soy_PRCP/daily dia 13 (2026-09-09 → 2026-09-09) 35953 bytes
2026-08-27 09:37:24,244 [INFO] [OK] USA/ECM_ENSEMBLE_Soy_PRCP/daily dia 14 (2026-09-10 → 2026-09-10) 35005 bytes
2026-08-27 09:37:24,320 [INFO] [OK] USA/ECM_ENSEMBLE_Soy_PRCP/cumulative dia 00 (2026-08-27 → 2026-08-27) 36326 bytes
2026-08-27 09:37:25,777 [INFO] [OK] USA/ECM_ENSEMBLE_Soy_PRCP/cumulative dia 01 (2026-08-27 → 2026-08-28) 39923 bytes
2026-08-27 09:37:25,839 [INFO] [OK] USA/ECM_ENSEMBLE_Soy_PRCP/cumulative dia 02 (2026-08-27 → 2026-08-29) 42048 bytes
2026-08-27 09:37:26,483 [INFO] [OK] USA/ECM_ENSEMBLE_Soy_PRCP/cumulative dia 03 (2026-08-27 → 2026-08-30) 43698 bytes
2026-08-27 09:37:26,484 [INFO] [OK] USA/ECM_ENSEMBLE_Soy_PRCP/cumulative dia 04 (2026-08-27 → 2026-08-31) 44153 bytes
2026-08-27 09:37:27,102 [INFO] [OK] USA/ECM_ENSEMBLE_Soy_PRCP/cumulative dia 06 (2026-08-27 → 2026-09-02) 47178 bytes
2026-08-27 09:37:27,104 [INFO] [OK] USA/ECM_ENSEMBLE_Soy_PRCP/cumulative dia 05 (2026-08-27 → 2026-09-01) 45489 bytes
2026-08-27 09:37:28,528 [INFO] [OK] USA/ECM_ENSEMBLE_Soy_PRCP/cumulative dia 07 (2026-08-27 → 2026-09-03) 48040 bytes
2026-08-27 09:37:28,802 [INFO] [OK] USA/ECM_ENSEMBLE_Soy_PRCP/cumulative dia 08 (2026-08-27 → 2026-09-04) 47817 bytes
2026-08-27 09:37:29,567 [INFO] [OK] USA/ECM_ENSEMBLE_Soy_PRCP/cumulative dia 09 (2026-08-27 → 2026-09-05) 48623 bytes
2026-08-27 09:37:29,737 [INFO] [OK] USA/ECM_ENSEMBLE_Soy_PRCP/cumulative dia 10 (2026-08-27 → 2026-09-06) 49012 bytes
2026-08-27 09:37:30,624 [INFO] [OK] USA/ECM_ENSEMBLE_Soy_PRCP/cumulative dia 12 (2026-08-27 → 2026-09-08) 49717 bytes
2026-08-27 09:37:30,649 [INFO] [OK] USA/ECM_ENSEMBLE_Soy_PRCP/cumulative dia 11 (2026-08-27 → 2026-09-07) 49022 bytes
2026-08-27 09:37:31,377 [INFO] [OK] USA/ECM_ENSEMBLE_Wheat_Winter_PRCP_DEP/daily dia 00 (2026-08-27 → 2026-08-27) 57411 bytes
2026-08-27 09:37:31,617 [INFO] [OK] USA/ECM_ENSEMBLE_Wheat_Winter_PRCP_DEP/daily dia 01 (2026-08-28 → 2026-08-28) 56407 bytes
2026-08-27 09:37:31,921 [INFO] [OK] USA/ECM_ENSEMBLE_Soy_PRCP/cumulative dia 13 (2026-08-27 → 2026-09-09) 50307 bytes
2026-08-27 09:37:32,191 [INFO] [OK] USA/ECM_ENSEMBLE_Soy_PRCP/cumulative dia 14 (2026-08-27 → 2026-09-10) 50657 bytes
2026-08-27 09:37:32,302 [INFO] [OK] USA/ECM_ENSEMBLE_Wheat_Winter_PRCP_DEP/daily dia 02 (2026-08-29 → 2026-08-29) 53352 bytes
2026-08-27 09:37:32,581 [INFO] [OK] USA/ECM_ENSEMBLE_Wheat_Winter_PRCP_DEP/daily dia 03 (2026-08-30 → 2026-08-30) 55003 bytes
2026-08-27 09:37:33,077 [INFO] [OK] USA/ECM_ENSEMBLE_Wheat_Winter_PRCP_DEP/daily dia 04 (2026-08-31 → 2026-08-31) 54512 bytes
2026-08-27 09:37:33,371 [INFO] [OK] USA/ECM_ENSEMBLE_Wheat_Winter_PRCP_DEP/daily dia 05 (2026-09-01 → 2026-09-01) 59147 bytes
2026-08-27 09:37:33,786 [INFO] [OK] USA/ECM_ENSEMBLE_Wheat_Winter_PRCP_DEP/daily dia 06 (2026-09-02 → 2026-09-02) 58488 bytes
2026-08-27 09:37:34,141 [INFO] [OK] USA/ECM_ENSEMBLE_Wheat_Winter_PRCP_DEP/daily dia 07 (2026-09-03 → 2026-09-03) 58677 bytes
2026-08-27 09:37:34,214 [INFO] [OK] USA/ECM_ENSEMBLE_Wheat_Winter_PRCP_DEP/daily dia 08 (2026-09-04 → 2026-09-04) 56895 bytes
2026-08-27 09:37:34,411 [INFO] [OK] USA/ECM_ENSEMBLE_Wheat_Winter_PRCP_DEP/daily dia 09 (2026-09-05 → 2026-09-05) 59881 bytes
2026-08-27 09:37:34,881 [INFO] [OK] USA/ECM_ENSEMBLE_Wheat_Winter_PRCP_DEP/daily dia 10 (2026-09-06 → 2026-09-06) 60691 bytes
2026-08-27 09:37:35,169 [INFO] [OK] USA/ECM_ENSEMBLE_Wheat_Winter_PRCP_DEP/daily dia 11 (2026-09-07 → 2026-09-07) 60427 bytes
2026-08-27 09:37:35,531 [INFO] [OK] USA/ECM_ENSEMBLE_Wheat_Winter_PRCP_DEP/daily dia 12 (2026-09-08 → 2026-09-08) 60278 bytes
2026-08-27 09:37:35,912 [INFO] [OK] USA/ECM_ENSEMBLE_Wheat_Winter_PRCP_DEP/daily dia 13 (2026-09-09 → 2026-09-09) 62287 bytes
2026-08-27 09:37:36,067 [INFO] [OK] USA/ECM_ENSEMBLE_Wheat_Winter_PRCP_DEP/daily dia 14 (2026-09-10 → 2026-09-10) 61179 bytes
2026-08-27 09:37:36,197 [INFO] [OK] USA/ECM_ENSEMBLE_Wheat_Winter_PRCP_DEP/cumulative dia 00 (2026-08-27 → 2026-08-27) 57411 bytes
2026-08-27 09:37:36,976 [INFO] [OK] USA/ECM_ENSEMBLE_Wheat_Winter_PRCP_DEP/cumulative dia 01 (2026-08-27 → 2026-08-28) 58991 bytes
2026-08-27 09:37:37,107 [INFO] [OK] USA/ECM_ENSEMBLE_Wheat_Winter_PRCP_DEP/cumulative dia 02 (2026-08-27 → 2026-08-29) 60050 bytes
2026-08-27 09:37:37,869 [INFO] [OK] USA/ECM_ENSEMBLE_Wheat_Winter_PRCP_DEP/cumulative dia 03 (2026-08-27 → 2026-08-30) 59367 bytes
2026-08-27 09:37:38,020 [INFO] [OK] USA/ECM_ENSEMBLE_Wheat_Winter_PRCP_DEP/cumulative dia 04 (2026-08-27 → 2026-08-31) 59573 bytes
2026-08-27 09:37:38,475 [INFO] [OK] USA/ECM_ENSEMBLE_Wheat_Winter_PRCP_DEP/cumulative dia 05 (2026-08-27 → 2026-09-01) 60522 bytes
2026-08-27 09:37:38,638 [INFO] [OK] USA/ECM_ENSEMBLE_Wheat_Winter_PRCP_DEP/cumulative dia 06 (2026-08-27 → 2026-09-02) 60368 bytes
2026-08-27 09:37:39,415 [INFO] [OK] USA/ECM_ENSEMBLE_Wheat_Winter_PRCP_DEP/cumulative dia 07 (2026-08-27 → 2026-09-03) 60054 bytes
2026-08-27 09:37:39,639 [INFO] [OK] USA/ECM_ENSEMBLE_Wheat_Winter_PRCP_DEP/cumulative dia 08 (2026-08-27 → 2026-09-04) 59769 bytes
2026-08-27 09:37:40,527 [INFO] [OK] USA/ECM_ENSEMBLE_Wheat_Winter_PRCP_DEP/cumulative dia 09 (2026-08-27 → 2026-09-05) 59557 bytes
2026-08-27 09:37:40,707 [INFO] [OK] USA/ECM_ENSEMBLE_Wheat_Winter_PRCP_DEP/cumulative dia 10 (2026-08-27 → 2026-09-06) 59957 bytes
2026-08-27 09:37:41,355 [INFO] [OK] USA/ECM_ENSEMBLE_Wheat_Winter_PRCP_DEP/cumulative dia 11 (2026-08-27 → 2026-09-07) 59784 bytes
2026-08-27 09:37:41,502 [INFO] [OK] USA/ECM_ENSEMBLE_Wheat_Winter_PRCP_DEP/cumulative dia 12 (2026-08-27 → 2026-09-08) 59917 bytes
2026-08-27 09:37:42,068 [INFO] [OK] USA/ECM_ENSEMBLE_Wheat_Winter_PRCP/daily dia 00 (2026-08-27 → 2026-08-27) 37834 bytes
2026-08-27 09:37:42,408 [INFO] [OK] USA/ECM_ENSEMBLE_Wheat_Winter_PRCP/daily dia 01 (2026-08-28 → 2026-08-28) 37746 bytes
2026-08-27 09:37:42,437 [INFO] [OK] USA/ECM_ENSEMBLE_Wheat_Winter_PRCP_DEP/cumulative dia 13 (2026-08-27 → 2026-09-09) 60032 bytes
2026-08-27 09:37:42,587 [INFO] [OK] USA/ECM_ENSEMBLE_Wheat_Winter_PRCP_DEP/cumulative dia 14 (2026-08-27 → 2026-09-10) 59490 bytes
2026-08-27 09:37:42,946 [INFO] [OK] USA/ECM_ENSEMBLE_Wheat_Winter_PRCP/daily dia 02 (2026-08-29 → 2026-08-29) 38253 bytes
2026-08-27 09:37:43,181 [INFO] [OK] USA/ECM_ENSEMBLE_Wheat_Winter_PRCP/daily dia 03 (2026-08-30 → 2026-08-30) 37403 bytes
2026-08-27 09:37:44,111 [INFO] [OK] USA/ECM_ENSEMBLE_Wheat_Winter_PRCP/daily dia 06 (2026-09-02 → 2026-09-02) 37446 bytes
2026-08-27 09:37:44,111 [INFO] [OK] USA/ECM_ENSEMBLE_Wheat_Winter_PRCP/daily dia 05 (2026-09-01 → 2026-09-01) 36255 bytes
2026-08-27 09:37:44,129 [INFO] [OK] USA/ECM_ENSEMBLE_Wheat_Winter_PRCP/daily dia 04 (2026-08-31 → 2026-08-31) 36862 bytes
2026-08-27 09:37:44,219 [INFO] [OK] USA/ECM_ENSEMBLE_Wheat_Winter_PRCP/daily dia 07 (2026-09-03 → 2026-09-03) 37144 bytes
2026-08-27 09:37:44,482 [INFO] [OK] USA/ECM_ENSEMBLE_Wheat_Winter_PRCP/daily dia 08 (2026-09-04 → 2026-09-04) 36424 bytes
2026-08-27 09:37:44,722 [INFO] [OK] USA/ECM_ENSEMBLE_Wheat_Winter_PRCP/daily dia 09 (2026-09-05 → 2026-09-05) 36120 bytes
2026-08-27 09:37:45,732 [INFO] [OK] USA/ECM_ENSEMBLE_Wheat_Winter_PRCP/daily dia 10 (2026-09-06 → 2026-09-06) 37257 bytes
2026-08-27 09:37:46,047 [INFO] [OK] USA/ECM_ENSEMBLE_Wheat_Winter_PRCP/daily dia 12 (2026-09-08 → 2026-09-08) 37273 bytes
2026-08-27 09:37:46,140 [INFO] [OK] USA/ECM_ENSEMBLE_Wheat_Winter_PRCP/daily dia 11 (2026-09-07 → 2026-09-07) 36994 bytes
2026-08-27 09:37:46,309 [INFO] [OK] USA/ECM_ENSEMBLE_Wheat_Winter_PRCP/daily dia 13 (2026-09-09 → 2026-09-09) 37301 bytes
2026-08-27 09:37:46,448 [INFO] [OK] USA/ECM_ENSEMBLE_Wheat_Winter_PRCP/daily dia 14 (2026-09-10 → 2026-09-10) 36440 bytes
2026-08-27 09:37:46,632 [INFO] [OK] USA/ECM_ENSEMBLE_Wheat_Winter_PRCP/cumulative dia 00 (2026-08-27 → 2026-08-27) 37834 bytes
2026-08-27 09:37:47,341 [INFO] [OK] USA/ECM_ENSEMBLE_Wheat_Winter_PRCP/cumulative dia 01 (2026-08-27 → 2026-08-28) 41452 bytes
2026-08-27 09:37:47,904 [INFO] [OK] USA/ECM_ENSEMBLE_Wheat_Winter_PRCP/cumulative dia 02 (2026-08-27 → 2026-08-29) 43181 bytes
2026-08-27 09:37:47,983 [INFO] [OK] USA/ECM_ENSEMBLE_Wheat_Winter_PRCP/cumulative dia 03 (2026-08-27 → 2026-08-30) 44980 bytes
2026-08-27 09:37:48,266 [INFO] [OK] USA/ECM_ENSEMBLE_Wheat_Winter_PRCP/cumulative dia 04 (2026-08-27 → 2026-08-31) 45400 bytes
2026-08-27 09:37:48,516 [INFO] [OK] USA/ECM_ENSEMBLE_Wheat_Winter_PRCP/cumulative dia 05 (2026-08-27 → 2026-09-01) 46696 bytes
2026-08-27 09:37:48,821 [INFO] [OK] USA/ECM_ENSEMBLE_Wheat_Winter_PRCP/cumulative dia 06 (2026-08-27 → 2026-09-02) 48435 bytes
2026-08-27 09:37:49,638 [INFO] [OK] USA/ECM_ENSEMBLE_Wheat_Winter_PRCP/cumulative dia 07 (2026-08-27 → 2026-09-03) 49245 bytes
2026-08-27 09:37:50,764 [INFO] [OK] USA/ECM_ENSEMBLE_Wheat_Winter_PRCP/cumulative dia 08 (2026-08-27 → 2026-09-04) 49436 bytes
2026-08-27 09:37:50,821 [INFO] [OK] USA/ECM_ENSEMBLE_Wheat_Winter_PRCP/cumulative dia 09 (2026-08-27 → 2026-09-05) 50056 bytes
2026-08-27 09:37:50,899 [INFO] [OK] USA/ECM_ENSEMBLE_Wheat_Winter_PRCP/cumulative dia 10 (2026-08-27 → 2026-09-06) 50576 bytes
2026-08-27 09:37:51,469 [INFO] [OK] USA/ECM_ENSEMBLE_Wheat_Winter_PRCP/cumulative dia 11 (2026-08-27 → 2026-09-07) 50249 bytes
2026-08-27 09:37:51,760 [INFO] [OK] USA/ECM_ENSEMBLE_Wheat_Winter_PRCP/cumulative dia 12 (2026-08-27 → 2026-09-08) 50916 bytes
2026-08-27 09:37:52,561 [INFO] [OK] USA/ECM_ENSEMBLE_Wheat_Spring_PRCP_DEP/daily dia 00 (2026-08-27 → 2026-08-27) 54438 bytes
2026-08-27 09:37:52,590 [INFO] [OK] USA/ECM_ENSEMBLE_Wheat_Winter_PRCP/cumulative dia 13 (2026-08-27 → 2026-09-09) 51653 bytes
2026-08-27 09:37:52,620 [INFO] [OK] USA/ECM_ENSEMBLE_Wheat_Spring_PRCP_DEP/daily dia 01 (2026-08-28 → 2026-08-28) 53091 bytes
2026-08-27 09:37:53,104 [INFO] [OK] USA/ECM_ENSEMBLE_Wheat_Spring_PRCP_DEP/daily dia 02 (2026-08-29 → 2026-08-29) 50213 bytes
2026-08-27 09:37:53,417 [INFO] [OK] USA/ECM_ENSEMBLE_Wheat_Spring_PRCP_DEP/daily dia 03 (2026-08-30 → 2026-08-30) 51397 bytes
2026-08-27 09:37:53,822 [INFO] [OK] USA/ECM_ENSEMBLE_Wheat_Winter_PRCP/cumulative dia 14 (2026-08-27 → 2026-09-10) 51895 bytes
2026-08-27 09:37:54,267 [INFO] [OK] USA/ECM_ENSEMBLE_Wheat_Spring_PRCP_DEP/daily dia 06 (2026-09-02 → 2026-09-02) 54993 bytes
2026-08-27 09:37:55,043 [INFO] [OK] USA/ECM_ENSEMBLE_Wheat_Spring_PRCP_DEP/daily dia 05 (2026-09-01 → 2026-09-01) 55380 bytes
2026-08-27 09:37:55,046 [INFO] [OK] USA/ECM_ENSEMBLE_Wheat_Spring_PRCP_DEP/daily dia 04 (2026-08-31 → 2026-08-31) 51268 bytes
2026-08-27 09:37:55,049 [INFO] [OK] USA/ECM_ENSEMBLE_Wheat_Spring_PRCP_DEP/daily dia 07 (2026-09-03 → 2026-09-03) 55176 bytes
2026-08-27 09:37:55,169 [INFO] [OK] USA/ECM_ENSEMBLE_Wheat_Spring_PRCP_DEP/daily dia 08 (2026-09-04 → 2026-09-04) 53489 bytes
2026-08-27 09:37:55,480 [INFO] [OK] USA/ECM_ENSEMBLE_Wheat_Spring_PRCP_DEP/daily dia 09 (2026-09-05 → 2026-09-05) 56473 bytes
2026-08-27 09:37:56,060 [INFO] [OK] USA/ECM_ENSEMBLE_Wheat_Spring_PRCP_DEP/daily dia 10 (2026-09-06 → 2026-09-06) 56638 bytes
2026-08-27 09:37:56,875 [INFO] [OK] USA/ECM_ENSEMBLE_Wheat_Spring_PRCP_DEP/daily dia 11 (2026-09-07 → 2026-09-07) 56820 bytes
2026-08-27 09:37:56,876 [INFO] [OK] USA/ECM_ENSEMBLE_Wheat_Spring_PRCP_DEP/daily dia 12 (2026-09-08 → 2026-09-08) 56869 bytes
2026-08-27 09:37:56,878 [INFO] [OK] USA/ECM_ENSEMBLE_Wheat_Spring_PRCP_DEP/daily dia 13 (2026-09-09 → 2026-09-09) 58825 bytes
2026-08-27 09:37:56,879 [INFO] [OK] USA/ECM_ENSEMBLE_Wheat_Spring_PRCP_DEP/daily dia 14 (2026-09-10 → 2026-09-10) 57708 bytes
2026-08-27 09:37:57,117 [INFO] [OK] USA/ECM_ENSEMBLE_Wheat_Spring_PRCP_DEP/cumulative dia 00 (2026-08-27 → 2026-08-27) 54438 bytes
2026-08-27 09:37:57,778 [INFO] [OK] USA/ECM_ENSEMBLE_Wheat_Spring_PRCP_DEP/cumulative dia 01 (2026-08-27 → 2026-08-28) 55999 bytes
2026-08-27 09:37:58,736 [INFO] [OK] USA/ECM_ENSEMBLE_Wheat_Spring_PRCP_DEP/cumulative dia 02 (2026-08-27 → 2026-08-29) 57581 bytes
2026-08-27 09:37:58,834 [INFO] [OK] USA/ECM_ENSEMBLE_Wheat_Spring_PRCP_DEP/cumulative dia 03 (2026-08-27 → 2026-08-30) 56472 bytes
2026-08-27 09:37:59,361 [INFO] [OK] USA/ECM_ENSEMBLE_Wheat_Spring_PRCP_DEP/cumulative dia 04 (2026-08-27 → 2026-08-31) 56618 bytes
2026-08-27 09:37:59,373 [INFO] [OK] USA/ECM_ENSEMBLE_Wheat_Spring_PRCP_DEP/cumulative dia 05 (2026-08-27 → 2026-09-01) 57594 bytes
2026-08-27 09:37:59,563 [INFO] [OK] USA/ECM_ENSEMBLE_Wheat_Spring_PRCP_DEP/cumulative dia 06 (2026-08-27 → 2026-09-02) 57430 bytes
2026-08-27 09:38:00,265 [INFO] [OK] USA/ECM_ENSEMBLE_Wheat_Spring_PRCP_DEP/cumulative dia 07 (2026-08-27 → 2026-09-03) 56905 bytes
2026-08-27 09:38:01,235 [INFO] [OK] USA/ECM_ENSEMBLE_Wheat_Spring_PRCP_DEP/cumulative dia 08 (2026-08-27 → 2026-09-04) 56577 bytes
2026-08-27 09:38:01,519 [INFO] [OK] USA/ECM_ENSEMBLE_Wheat_Spring_PRCP_DEP/cumulative dia 09 (2026-08-27 → 2026-09-05) 56113 bytes
2026-08-27 09:38:02,081 [INFO] [OK] USA/ECM_ENSEMBLE_Wheat_Spring_PRCP_DEP/cumulative dia 10 (2026-08-27 → 2026-09-06) 56824 bytes
2026-08-27 09:38:02,231 [INFO] [OK] USA/ECM_ENSEMBLE_Wheat_Spring_PRCP_DEP/cumulative dia 11 (2026-08-27 → 2026-09-07) 56503 bytes
2026-08-27 09:38:02,606 [INFO] [OK] USA/ECM_ENSEMBLE_Wheat_Spring_PRCP_DEP/cumulative dia 12 (2026-08-27 → 2026-09-08) 56521 bytes
2026-08-27 09:38:03,185 [INFO] [OK] USA/ECM_ENSEMBLE_Wheat_Spring_PRCP/daily dia 00 (2026-08-27 → 2026-08-27) 34811 bytes
2026-08-27 09:38:03,483 [INFO] [OK] USA/ECM_ENSEMBLE_Wheat_Spring_PRCP_DEP/cumulative dia 13 (2026-08-27 → 2026-09-09) 56444 bytes
2026-08-27 09:38:03,780 [INFO] [OK] USA/ECM_ENSEMBLE_Wheat_Spring_PRCP/daily dia 01 (2026-08-28 → 2026-08-28) 34658 bytes
2026-08-27 09:38:03,986 [INFO] [OK] USA/ECM_ENSEMBLE_Wheat_Spring_PRCP/daily dia 02 (2026-08-29 → 2026-08-29) 35543 bytes
2026-08-27 09:38:04,409 [INFO] [OK] USA/ECM_ENSEMBLE_Wheat_Spring_PRCP_DEP/cumulative dia 14 (2026-08-27 → 2026-09-10) 56159 bytes
2026-08-27 09:38:04,772 [INFO] [OK] USA/ECM_ENSEMBLE_Wheat_Spring_PRCP/daily dia 04 (2026-08-31 → 2026-08-31) 33702 bytes
2026-08-27 09:38:05,004 [INFO] [OK] USA/ECM_ENSEMBLE_Wheat_Spring_PRCP/daily dia 03 (2026-08-30 → 2026-08-30) 34446 bytes
2026-08-27 09:38:05,058 [INFO] [OK] USA/ECM_ENSEMBLE_Wheat_Spring_PRCP/daily dia 05 (2026-09-01 → 2026-09-01) 33202 bytes
2026-08-27 09:38:05,475 [INFO] [OK] USA/ECM_ENSEMBLE_Wheat_Spring_PRCP/daily dia 06 (2026-09-02 → 2026-09-02) 34338 bytes
2026-08-27 09:38:05,525 [INFO] [OK] USA/ECM_ENSEMBLE_Wheat_Spring_PRCP/daily dia 07 (2026-09-03 → 2026-09-03) 34285 bytes
2026-08-27 09:38:05,939 [INFO] [OK] USA/ECM_ENSEMBLE_Wheat_Spring_PRCP/daily dia 08 (2026-09-04 → 2026-09-04) 33491 bytes
2026-08-27 09:38:06,456 [INFO] [OK] USA/ECM_ENSEMBLE_Wheat_Spring_PRCP/daily dia 09 (2026-09-05 → 2026-09-05) 33218 bytes
2026-08-27 09:38:06,656 [INFO] [OK] USA/ECM_ENSEMBLE_Wheat_Spring_PRCP/daily dia 11 (2026-09-07 → 2026-09-07) 34415 bytes
2026-08-27 09:38:06,685 [INFO] [OK] USA/ECM_ENSEMBLE_Wheat_Spring_PRCP/daily dia 10 (2026-09-06 → 2026-09-06) 34527 bytes
2026-08-27 09:38:07,048 [INFO] [OK] USA/ECM_ENSEMBLE_Wheat_Spring_PRCP/daily dia 12 (2026-09-08 → 2026-09-08) 34514 bytes
2026-08-27 09:38:07,091 [INFO] [OK] USA/ECM_ENSEMBLE_Wheat_Spring_PRCP/daily dia 13 (2026-09-09 → 2026-09-09) 34237 bytes
2026-08-27 09:38:07,463 [INFO] [OK] USA/ECM_ENSEMBLE_Wheat_Spring_PRCP/daily dia 14 (2026-09-10 → 2026-09-10) 33375 bytes
2026-08-27 09:38:07,965 [INFO] [OK] USA/ECM_ENSEMBLE_Wheat_Spring_PRCP/cumulative dia 00 (2026-08-27 → 2026-08-27) 34811 bytes
2026-08-27 09:38:08,449 [INFO] [OK] USA/ECM_ENSEMBLE_Wheat_Spring_PRCP/cumulative dia 01 (2026-08-27 → 2026-08-28) 38401 bytes
2026-08-27 09:38:08,460 [INFO] [OK] USA/ECM_ENSEMBLE_Wheat_Spring_PRCP/cumulative dia 02 (2026-08-27 → 2026-08-29) 40510 bytes
2026-08-27 09:38:08,923 [INFO] [OK] USA/ECM_ENSEMBLE_Wheat_Spring_PRCP/cumulative dia 03 (2026-08-27 → 2026-08-30) 42085 bytes
2026-08-27 09:38:09,038 [INFO] [OK] USA/ECM_ENSEMBLE_Wheat_Spring_PRCP/cumulative dia 04 (2026-08-27 → 2026-08-31) 42270 bytes
2026-08-27 09:38:09,563 [INFO] [OK] USA/ECM_ENSEMBLE_Wheat_Spring_PRCP/cumulative dia 05 (2026-08-27 → 2026-09-01) 43679 bytes
2026-08-27 09:38:10,176 [INFO] [OK] USA/ECM_ENSEMBLE_Wheat_Spring_PRCP/cumulative dia 06 (2026-08-27 → 2026-09-02) 45179 bytes
2026-08-27 09:38:11,040 [INFO] [OK] USA/ECM_ENSEMBLE_Wheat_Spring_PRCP/cumulative dia 07 (2026-08-27 → 2026-09-03) 45763 bytes
2026-08-27 09:38:11,042 [INFO] [OK] USA/ECM_ENSEMBLE_Wheat_Spring_PRCP/cumulative dia 08 (2026-08-27 → 2026-09-04) 45804 bytes
2026-08-27 09:38:11,393 [INFO] [OK] USA/ECM_ENSEMBLE_Wheat_Spring_PRCP/cumulative dia 09 (2026-08-27 → 2026-09-05) 46504 bytes
2026-08-27 09:38:11,786 [INFO] [OK] USA/ECM_ENSEMBLE_Wheat_Spring_PRCP/cumulative dia 10 (2026-08-27 → 2026-09-06) 46713 bytes
2026-08-27 09:38:12,169 [INFO] [OK] USA/ECM_ENSEMBLE_Wheat_Spring_PRCP/cumulative dia 11 (2026-08-27 → 2026-09-07) 46799 bytes
2026-08-27 09:38:12,940 [INFO] [OK] USA/ECM_ENSEMBLE_Wheat_Spring_PRCP/cumulative dia 12 (2026-08-27 → 2026-09-08) 47503 bytes
2026-08-27 09:38:13,828 [INFO] [OK] USA/ECM_ENSEMBLE_Wheat_Spring_PRCP/cumulative dia 13 (2026-08-27 → 2026-09-09) 48077 bytes
2026-08-27 09:38:13,953 [INFO] [OK] USA/ECM_ENSEMBLE_Wheat_Spring_PRCP/cumulative dia 14 (2026-08-27 → 2026-09-10) 48267 bytes
2026-08-27 09:38:14,002 [INFO] Resumo: 960/960 sucessos, 0 erros
2026-08-27 09:38:15,413 [INFO] [CLEANUP] Removidas 668 pastas de histórico anteriores a 2026-07-28
2026-08-27 09:38:15,569 [INFO] Manifest: C:\Users\server\OneDrive - CGB Enterprises, Inc\ZGC-PBI Research - Documents\Dataset Data Files\Weather_maps\manifest.json
2026-08-27 09:38:15,571 [INFO] [GIT] Iniciando sincronização com GitHub...
2026-08-27 09:44:33,220 [INFO] [GIT] Sucesso ✓
2026-08-27 09:44:33,236 [INFO] ✓ Sincronizado com GitHub — Power BI atualiza no próximo refresh
