2026-08-25 09:33:28,512 [INFO] === Execução 2026-08-25 | modo=both | dias=15 | parâmetro=['PRCP_DEP', 'PRCP'] ===
2026-08-25 09:33:28,546 [INFO] Baixando 960 mapas com 6 threads...
2026-08-25 09:33:31,910 [INFO] [OK] Brazil/GFS_ENSEMBLE_Soy_PRCP_DEP/daily dia 02 (2026-08-27 → 2026-08-27) 38635 bytes
2026-08-25 09:33:31,918 [INFO] [OK] Brazil/GFS_ENSEMBLE_Soy_PRCP_DEP/daily dia 03 (2026-08-28 → 2026-08-28) 38137 bytes
2026-08-25 09:33:31,919 [INFO] [OK] Brazil/GFS_ENSEMBLE_Soy_PRCP_DEP/daily dia 00 (2026-08-25 → 2026-08-25) 37637 bytes
2026-08-25 09:33:32,127 [INFO] [OK] Brazil/GFS_ENSEMBLE_Soy_PRCP_DEP/daily dia 04 (2026-08-29 → 2026-08-29) 40263 bytes
2026-08-25 09:33:32,128 [INFO] [OK] Brazil/GFS_ENSEMBLE_Soy_PRCP_DEP/daily dia 01 (2026-08-26 → 2026-08-26) 39181 bytes
2026-08-25 09:33:32,128 [INFO] [OK] Brazil/GFS_ENSEMBLE_Soy_PRCP_DEP/daily dia 05 (2026-08-30 → 2026-08-30) 41465 bytes
2026-08-25 09:33:38,156 [INFO] [OK] Brazil/GFS_ENSEMBLE_Soy_PRCP_DEP/daily dia 06 (2026-08-31 → 2026-08-31) 44048 bytes
2026-08-25 09:33:38,173 [INFO] [OK] Brazil/GFS_ENSEMBLE_Soy_PRCP_DEP/daily dia 10 (2026-09-04 → 2026-09-04) 51148 bytes
2026-08-25 09:33:38,180 [INFO] [OK] Brazil/GFS_ENSEMBLE_Soy_PRCP_DEP/daily dia 11 (2026-09-05 → 2026-09-05) 53364 bytes
2026-08-25 09:33:38,180 [INFO] [OK] Brazil/GFS_ENSEMBLE_Soy_PRCP_DEP/daily dia 09 (2026-09-03 → 2026-09-03) 47978 bytes
2026-08-25 09:33:38,192 [INFO] [OK] Brazil/GFS_ENSEMBLE_Soy_PRCP_DEP/daily dia 08 (2026-09-02 → 2026-09-02) 44624 bytes
2026-08-25 09:33:38,192 [INFO] [OK] Brazil/GFS_ENSEMBLE_Soy_PRCP_DEP/daily dia 07 (2026-09-01 → 2026-09-01) 44637 bytes
2026-08-25 09:33:39,605 [INFO] [OK] Brazil/GFS_ENSEMBLE_Soy_PRCP_DEP/daily dia 12 (2026-09-06 → 2026-09-06) 53155 bytes
2026-08-25 09:33:39,692 [INFO] [OK] Brazil/GFS_ENSEMBLE_Soy_PRCP_DEP/cumulative dia 01 (2026-08-25 → 2026-08-26) 40447 bytes
2026-08-25 09:33:39,713 [INFO] [OK] Brazil/GFS_ENSEMBLE_Soy_PRCP_DEP/daily dia 14 (2026-09-08 → 2026-09-08) 52303 bytes
2026-08-25 09:33:39,930 [INFO] [OK] Brazil/GFS_ENSEMBLE_Soy_PRCP_DEP/cumulative dia 00 (2026-08-25 → 2026-08-25) 37637 bytes
2026-08-25 09:33:39,964 [INFO] [OK] Brazil/GFS_ENSEMBLE_Soy_PRCP_DEP/cumulative dia 02 (2026-08-25 → 2026-08-27) 42322 bytes
2026-08-25 09:33:39,965 [INFO] [OK] Brazil/GFS_ENSEMBLE_Soy_PRCP_DEP/daily dia 13 (2026-09-07 → 2026-09-07) 52640 bytes
2026-08-25 09:33:41,562 [INFO] [OK] Brazil/GFS_ENSEMBLE_Soy_PRCP_DEP/cumulative dia 03 (2026-08-25 → 2026-08-28) 42487 bytes
2026-08-25 09:33:41,569 [INFO] [OK] Brazil/GFS_ENSEMBLE_Soy_PRCP_DEP/cumulative dia 04 (2026-08-25 → 2026-08-29) 43002 bytes
2026-08-25 09:33:41,571 [INFO] [OK] Brazil/GFS_ENSEMBLE_Soy_PRCP_DEP/cumulative dia 05 (2026-08-25 → 2026-08-30) 44496 bytes
2026-08-25 09:33:41,913 [INFO] [OK] Brazil/GFS_ENSEMBLE_Soy_PRCP_DEP/cumulative dia 06 (2026-08-25 → 2026-08-31) 46149 bytes
2026-08-25 09:33:42,455 [INFO] [OK] Brazil/GFS_ENSEMBLE_Soy_PRCP_DEP/cumulative dia 07 (2026-08-25 → 2026-09-01) 46734 bytes
2026-08-25 09:33:42,456 [INFO] [OK] Brazil/GFS_ENSEMBLE_Soy_PRCP_DEP/cumulative dia 08 (2026-08-25 → 2026-09-02) 47303 bytes
2026-08-25 09:33:43,627 [INFO] [OK] Brazil/GFS_ENSEMBLE_Soy_PRCP_DEP/cumulative dia 09 (2026-08-25 → 2026-09-03) 48904 bytes
2026-08-25 09:33:43,876 [INFO] [OK] Brazil/GFS_ENSEMBLE_Soy_PRCP_DEP/cumulative dia 10 (2026-08-25 → 2026-09-04) 50090 bytes
2026-08-25 09:33:43,884 [INFO] [OK] Brazil/GFS_ENSEMBLE_Soy_PRCP_DEP/cumulative dia 11 (2026-08-25 → 2026-09-05) 51155 bytes
2026-08-25 09:33:44,254 [INFO] [OK] Brazil/GFS_ENSEMBLE_Soy_PRCP_DEP/cumulative dia 12 (2026-08-25 → 2026-09-06) 51971 bytes
2026-08-25 09:33:45,066 [INFO] [OK] Brazil/GFS_ENSEMBLE_Soy_PRCP_DEP/cumulative dia 13 (2026-08-25 → 2026-09-07) 52285 bytes
2026-08-25 09:33:45,077 [INFO] [OK] Brazil/GFS_ENSEMBLE_Soy_PRCP/daily dia 00 (2026-08-25 → 2026-08-25) 29368 bytes
2026-08-25 09:33:45,084 [INFO] [OK] Brazil/GFS_ENSEMBLE_Soy_PRCP_DEP/cumulative dia 14 (2026-08-25 → 2026-09-08) 52312 bytes
2026-08-25 09:33:45,180 [INFO] [OK] Brazil/GFS_ENSEMBLE_Soy_PRCP/daily dia 01 (2026-08-26 → 2026-08-26) 29887 bytes
2026-08-25 09:33:45,313 [INFO] [OK] Brazil/GFS_ENSEMBLE_Soy_PRCP/daily dia 02 (2026-08-27 → 2026-08-27) 30407 bytes
2026-08-25 09:33:45,507 [INFO] [OK] Brazil/GFS_ENSEMBLE_Soy_PRCP/daily dia 03 (2026-08-28 → 2026-08-28) 29617 bytes
2026-08-25 09:33:46,658 [INFO] [OK] Brazil/GFS_ENSEMBLE_Soy_PRCP/daily dia 04 (2026-08-29 → 2026-08-29) 29316 bytes
2026-08-25 09:33:46,680 [INFO] [OK] Brazil/GFS_ENSEMBLE_Soy_PRCP/daily dia 05 (2026-08-30 → 2026-08-30) 30741 bytes
2026-08-25 09:33:46,689 [INFO] [OK] Brazil/GFS_ENSEMBLE_Soy_PRCP/daily dia 06 (2026-08-31 → 2026-08-31) 30838 bytes
2026-08-25 09:33:46,705 [INFO] [OK] Brazil/GFS_ENSEMBLE_Soy_PRCP/daily dia 07 (2026-09-01 → 2026-09-01) 29539 bytes
2026-08-25 09:33:46,888 [INFO] [OK] Brazil/GFS_ENSEMBLE_Soy_PRCP/daily dia 08 (2026-09-02 → 2026-09-02) 29250 bytes
2026-08-25 09:33:46,977 [INFO] [OK] Brazil/GFS_ENSEMBLE_Soy_PRCP/daily dia 09 (2026-09-03 → 2026-09-03) 29512 bytes
2026-08-25 09:33:48,507 [INFO] [OK] Brazil/GFS_ENSEMBLE_Soy_PRCP/daily dia 10 (2026-09-04 → 2026-09-04) 29766 bytes
2026-08-25 09:33:48,541 [INFO] [OK] Brazil/GFS_ENSEMBLE_Soy_PRCP/daily dia 13 (2026-09-07 → 2026-09-07) 30893 bytes
2026-08-25 09:33:48,543 [INFO] [OK] Brazil/GFS_ENSEMBLE_Soy_PRCP/daily dia 14 (2026-09-08 → 2026-09-08) 31625 bytes
2026-08-25 09:33:48,570 [INFO] [OK] Brazil/GFS_ENSEMBLE_Soy_PRCP/daily dia 11 (2026-09-05 → 2026-09-05) 30871 bytes
2026-08-25 09:33:48,571 [INFO] [OK] Brazil/GFS_ENSEMBLE_Soy_PRCP/daily dia 12 (2026-09-06 → 2026-09-06) 30654 bytes
2026-08-25 09:33:48,609 [INFO] [OK] Brazil/GFS_ENSEMBLE_Soy_PRCP/cumulative dia 00 (2026-08-25 → 2026-08-25) 29368 bytes
2026-08-25 09:33:52,566 [INFO] [OK] Brazil/GFS_ENSEMBLE_Soy_PRCP/cumulative dia 01 (2026-08-25 → 2026-08-26) 31246 bytes
2026-08-25 09:33:52,570 [INFO] [OK] Brazil/GFS_ENSEMBLE_Soy_PRCP/cumulative dia 03 (2026-08-25 → 2026-08-28) 34251 bytes
2026-08-25 09:33:52,586 [INFO] [OK] Brazil/GFS_ENSEMBLE_Soy_PRCP/cumulative dia 05 (2026-08-25 → 2026-08-30) 36122 bytes
2026-08-25 09:33:52,622 [INFO] [OK] Brazil/GFS_ENSEMBLE_Soy_PRCP/cumulative dia 06 (2026-08-25 → 2026-08-31) 37296 bytes
2026-08-25 09:33:52,625 [INFO] [OK] Brazil/GFS_ENSEMBLE_Soy_PRCP/cumulative dia 04 (2026-08-25 → 2026-08-29) 35065 bytes
2026-08-25 09:33:52,628 [INFO] [OK] Brazil/GFS_ENSEMBLE_Soy_PRCP/cumulative dia 02 (2026-08-25 → 2026-08-27) 33250 bytes
2026-08-25 09:33:54,535 [INFO] [OK] Brazil/GFS_ENSEMBLE_Soy_PRCP/cumulative dia 07 (2026-08-25 → 2026-09-01) 37759 bytes
2026-08-25 09:33:54,744 [INFO] [OK] Brazil/GFS_ENSEMBLE_Soy_PRCP/cumulative dia 09 (2026-08-25 → 2026-09-03) 39386 bytes
2026-08-25 09:33:54,885 [INFO] [OK] Brazil/GFS_ENSEMBLE_Soy_PRCP/cumulative dia 08 (2026-08-25 → 2026-09-02) 38307 bytes
2026-08-25 09:33:54,885 [INFO] [OK] Brazil/GFS_ENSEMBLE_Soy_PRCP/cumulative dia 10 (2026-08-25 → 2026-09-04) 39922 bytes
2026-08-25 09:33:54,968 [INFO] [OK] Brazil/GFS_ENSEMBLE_Soy_PRCP/cumulative dia 12 (2026-08-25 → 2026-09-06) 40719 bytes
2026-08-25 09:33:55,050 [INFO] [OK] Brazil/GFS_ENSEMBLE_Soy_PRCP/cumulative dia 11 (2026-08-25 → 2026-09-05) 40130 bytes
2026-08-25 09:33:56,457 [INFO] [OK] Brazil/GFS_ENSEMBLE_Corn_Winter_PRCP_DEP/daily dia 00 (2026-08-25 → 2026-08-25) 35850 bytes
2026-08-25 09:33:56,479 [INFO] [OK] Brazil/GFS_ENSEMBLE_Corn_Winter_PRCP_DEP/daily dia 01 (2026-08-26 → 2026-08-26) 37743 bytes
2026-08-25 09:33:56,565 [INFO] [OK] Brazil/GFS_ENSEMBLE_Corn_Winter_PRCP_DEP/daily dia 02 (2026-08-27 → 2026-08-27) 36963 bytes
2026-08-25 09:33:56,672 [INFO] [OK] Brazil/GFS_ENSEMBLE_Corn_Winter_PRCP_DEP/daily dia 03 (2026-08-28 → 2026-08-28) 36406 bytes
2026-08-25 09:33:57,347 [INFO] [OK] Brazil/GFS_ENSEMBLE_Soy_PRCP/cumulative dia 13 (2026-08-25 → 2026-09-07) 41071 bytes
2026-08-25 09:33:57,353 [INFO] [OK] Brazil/GFS_ENSEMBLE_Soy_PRCP/cumulative dia 14 (2026-08-25 → 2026-09-08) 41519 bytes
2026-08-25 09:33:58,409 [INFO] [OK] Brazil/GFS_ENSEMBLE_Corn_Winter_PRCP_DEP/daily dia 07 (2026-09-01 → 2026-09-01) 43349 bytes
2026-08-25 09:33:58,415 [INFO] [OK] Brazil/GFS_ENSEMBLE_Corn_Winter_PRCP_DEP/daily dia 05 (2026-08-30 → 2026-08-30) 40168 bytes
2026-08-25 09:33:58,418 [INFO] [OK] Brazil/GFS_ENSEMBLE_Corn_Winter_PRCP_DEP/daily dia 04 (2026-08-29 → 2026-08-29) 38565 bytes
2026-08-25 09:33:58,422 [INFO] [OK] Brazil/GFS_ENSEMBLE_Corn_Winter_PRCP_DEP/daily dia 06 (2026-08-31 → 2026-08-31) 42439 bytes
2026-08-25 09:33:59,134 [INFO] [OK] Brazil/GFS_ENSEMBLE_Corn_Winter_PRCP_DEP/daily dia 08 (2026-09-02 → 2026-09-02) 42947 bytes
2026-08-25 09:33:59,139 [INFO] [OK] Brazil/GFS_ENSEMBLE_Corn_Winter_PRCP_DEP/daily dia 09 (2026-09-03 → 2026-09-03) 46388 bytes
2026-08-25 09:34:00,710 [INFO] [OK] Brazil/GFS_ENSEMBLE_Corn_Winter_PRCP_DEP/daily dia 10 (2026-09-04 → 2026-09-04) 49491 bytes
2026-08-25 09:34:00,757 [INFO] [OK] Brazil/GFS_ENSEMBLE_Corn_Winter_PRCP_DEP/daily dia 13 (2026-09-07 → 2026-09-07) 51260 bytes
2026-08-25 09:34:00,797 [INFO] [OK] Brazil/GFS_ENSEMBLE_Corn_Winter_PRCP_DEP/cumulative dia 00 (2026-08-25 → 2026-08-25) 35850 bytes
2026-08-25 09:34:00,803 [INFO] [OK] Brazil/GFS_ENSEMBLE_Corn_Winter_PRCP_DEP/daily dia 14 (2026-09-08 → 2026-09-08) 50889 bytes
2026-08-25 09:34:00,803 [INFO] [OK] Brazil/GFS_ENSEMBLE_Corn_Winter_PRCP_DEP/daily dia 12 (2026-09-06 → 2026-09-06) 51609 bytes
2026-08-25 09:34:00,805 [INFO] [OK] Brazil/GFS_ENSEMBLE_Corn_Winter_PRCP_DEP/daily dia 11 (2026-09-05 → 2026-09-05) 51848 bytes
2026-08-25 09:34:20,499 [INFO] [OK] Brazil/GFS_ENSEMBLE_Corn_Winter_PRCP_DEP/cumulative dia 01 (2026-08-25 → 2026-08-26) 38989 bytes
2026-08-25 09:34:21,530 [INFO] [OK] Brazil/GFS_ENSEMBLE_Corn_Winter_PRCP_DEP/cumulative dia 06 (2026-08-25 → 2026-08-31) 44785 bytes
2026-08-25 09:34:21,575 [INFO] [OK] Brazil/GFS_ENSEMBLE_Corn_Winter_PRCP_DEP/cumulative dia 03 (2026-08-25 → 2026-08-28) 41084 bytes
2026-08-25 09:34:21,578 [INFO] [OK] Brazil/GFS_ENSEMBLE_Corn_Winter_PRCP_DEP/cumulative dia 02 (2026-08-25 → 2026-08-27) 40860 bytes
2026-08-25 09:34:21,586 [INFO] [OK] Brazil/GFS_ENSEMBLE_Corn_Winter_PRCP_DEP/cumulative dia 04 (2026-08-25 → 2026-08-29) 41439 bytes
2026-08-25 09:34:21,600 [INFO] [OK] Brazil/GFS_ENSEMBLE_Corn_Winter_PRCP_DEP/cumulative dia 05 (2026-08-25 → 2026-08-30) 43176 bytes
2026-08-25 09:34:23,725 [INFO] [OK] Brazil/GFS_ENSEMBLE_Corn_Winter_PRCP_DEP/cumulative dia 08 (2026-08-25 → 2026-09-02) 45775 bytes
2026-08-25 09:34:23,836 [INFO] [OK] Brazil/GFS_ENSEMBLE_Corn_Winter_PRCP_DEP/cumulative dia 07 (2026-08-25 → 2026-09-01) 45417 bytes
2026-08-25 09:34:24,133 [INFO] [OK] Brazil/GFS_ENSEMBLE_Corn_Winter_PRCP_DEP/cumulative dia 10 (2026-08-25 → 2026-09-04) 48304 bytes
2026-08-25 09:34:24,247 [INFO] [OK] Brazil/GFS_ENSEMBLE_Corn_Winter_PRCP_DEP/cumulative dia 12 (2026-08-25 → 2026-09-06) 50334 bytes
2026-08-25 09:34:24,257 [INFO] [OK] Brazil/GFS_ENSEMBLE_Corn_Winter_PRCP_DEP/cumulative dia 11 (2026-08-25 → 2026-09-05) 49472 bytes
2026-08-25 09:34:24,266 [INFO] [OK] Brazil/GFS_ENSEMBLE_Corn_Winter_PRCP_DEP/cumulative dia 09 (2026-08-25 → 2026-09-03) 47363 bytes
2026-08-25 09:34:26,282 [INFO] [OK] Brazil/GFS_ENSEMBLE_Corn_Winter_PRCP_DEP/cumulative dia 13 (2026-08-25 → 2026-09-07) 50656 bytes
2026-08-25 09:34:26,372 [INFO] [OK] Brazil/GFS_ENSEMBLE_Corn_Winter_PRCP_DEP/cumulative dia 14 (2026-08-25 → 2026-09-08) 50639 bytes
2026-08-25 09:34:26,396 [INFO] [OK] Brazil/GFS_ENSEMBLE_Corn_Winter_PRCP/daily dia 00 (2026-08-25 → 2026-08-25) 27845 bytes
2026-08-25 09:34:26,405 [INFO] [OK] Brazil/GFS_ENSEMBLE_Corn_Winter_PRCP/daily dia 03 (2026-08-28 → 2026-08-28) 27936 bytes
2026-08-25 09:34:26,406 [INFO] [OK] Brazil/GFS_ENSEMBLE_Corn_Winter_PRCP/daily dia 01 (2026-08-26 → 2026-08-26) 28243 bytes
2026-08-25 09:34:26,415 [INFO] [OK] Brazil/GFS_ENSEMBLE_Corn_Winter_PRCP/daily dia 02 (2026-08-27 → 2026-08-27) 28658 bytes
2026-08-25 09:34:27,701 [INFO] [OK] Brazil/GFS_ENSEMBLE_Corn_Winter_PRCP/daily dia 09 (2026-09-03 → 2026-09-03) 27905 bytes
2026-08-25 09:34:27,709 [INFO] [OK] Brazil/GFS_ENSEMBLE_Corn_Winter_PRCP/daily dia 05 (2026-08-30 → 2026-08-30) 29118 bytes
2026-08-25 09:34:27,742 [INFO] [OK] Brazil/GFS_ENSEMBLE_Corn_Winter_PRCP/daily dia 07 (2026-09-01 → 2026-09-01) 28091 bytes
2026-08-25 09:34:27,953 [INFO] [OK] Brazil/GFS_ENSEMBLE_Corn_Winter_PRCP/daily dia 04 (2026-08-29 → 2026-08-29) 27653 bytes
2026-08-25 09:34:27,960 [INFO] [OK] Brazil/GFS_ENSEMBLE_Corn_Winter_PRCP/daily dia 08 (2026-09-02 → 2026-09-02) 27742 bytes
2026-08-25 09:34:27,975 [INFO] [OK] Brazil/GFS_ENSEMBLE_Corn_Winter_PRCP/daily dia 06 (2026-08-31 → 2026-08-31) 29247 bytes
2026-08-25 09:34:29,075 [INFO] [OK] Brazil/GFS_ENSEMBLE_Corn_Winter_PRCP/daily dia 12 (2026-09-06 → 2026-09-06) 29230 bytes
2026-08-25 09:34:29,153 [INFO] [OK] Brazil/GFS_ENSEMBLE_Corn_Winter_PRCP/daily dia 10 (2026-09-04 → 2026-09-04) 28199 bytes
2026-08-25 09:34:29,163 [INFO] [OK] Brazil/GFS_ENSEMBLE_Corn_Winter_PRCP/daily dia 11 (2026-09-05 → 2026-09-05) 29311 bytes
2026-08-25 09:34:29,330 [INFO] [OK] Brazil/GFS_ENSEMBLE_Corn_Winter_PRCP/daily dia 14 (2026-09-08 → 2026-09-08) 30088 bytes
2026-08-25 09:34:29,359 [INFO] [OK] Brazil/GFS_ENSEMBLE_Corn_Winter_PRCP/daily dia 13 (2026-09-07 → 2026-09-07) 29420 bytes
2026-08-25 09:34:29,417 [INFO] [OK] Brazil/GFS_ENSEMBLE_Corn_Winter_PRCP/cumulative dia 00 (2026-08-25 → 2026-08-25) 27845 bytes
2026-08-25 09:34:30,432 [INFO] [OK] Brazil/GFS_ENSEMBLE_Corn_Winter_PRCP/cumulative dia 01 (2026-08-25 → 2026-08-26) 29602 bytes
2026-08-25 09:34:34,638 [INFO] [OK] Brazil/GFS_ENSEMBLE_Corn_Winter_PRCP/cumulative dia 05 (2026-08-25 → 2026-08-30) 34430 bytes
2026-08-25 09:34:34,640 [INFO] [OK] Brazil/GFS_ENSEMBLE_Corn_Winter_PRCP/cumulative dia 03 (2026-08-25 → 2026-08-28) 32432 bytes
2026-08-25 09:34:34,641 [INFO] [OK] Brazil/GFS_ENSEMBLE_Corn_Winter_PRCP/cumulative dia 04 (2026-08-25 → 2026-08-29) 33135 bytes
2026-08-25 09:34:34,669 [INFO] [OK] Brazil/GFS_ENSEMBLE_Corn_Winter_PRCP/cumulative dia 06 (2026-08-25 → 2026-08-31) 35674 bytes
2026-08-25 09:34:34,671 [INFO] [OK] Brazil/GFS_ENSEMBLE_Corn_Winter_PRCP/cumulative dia 02 (2026-08-25 → 2026-08-27) 31533 bytes
2026-08-25 09:34:34,673 [INFO] [OK] Brazil/GFS_ENSEMBLE_Corn_Winter_PRCP/cumulative dia 07 (2026-08-25 → 2026-09-01) 36308 bytes
2026-08-25 09:34:36,764 [INFO] [OK] Brazil/GFS_ENSEMBLE_Corn_Winter_PRCP/cumulative dia 08 (2026-08-25 → 2026-09-02) 36969 bytes
2026-08-25 09:34:36,927 [INFO] [OK] Brazil/GFS_ENSEMBLE_Corn_Winter_PRCP/cumulative dia 10 (2026-08-25 → 2026-09-04) 38618 bytes
2026-08-25 09:34:36,935 [INFO] [OK] Brazil/GFS_ENSEMBLE_Corn_Winter_PRCP/cumulative dia 09 (2026-08-25 → 2026-09-03) 37948 bytes
2026-08-25 09:34:36,983 [INFO] [OK] Brazil/GFS_ENSEMBLE_Corn_Winter_PRCP/cumulative dia 11 (2026-08-25 → 2026-09-05) 38722 bytes
2026-08-25 09:34:37,109 [INFO] [OK] Brazil/GFS_ENSEMBLE_Corn_Winter_PRCP/cumulative dia 12 (2026-08-25 → 2026-09-06) 39391 bytes
2026-08-25 09:34:37,234 [INFO] [OK] Brazil/GFS_ENSEMBLE_Corn_Winter_PRCP/cumulative dia 13 (2026-08-25 → 2026-09-07) 39527 bytes
2026-08-25 09:34:38,422 [INFO] [OK] Brazil/ECM_ENSEMBLE_Soy_PRCP_DEP/daily dia 01 (2026-08-26 → 2026-08-26) 44111 bytes
2026-08-25 09:34:38,501 [INFO] [OK] Brazil/ECM_ENSEMBLE_Soy_PRCP_DEP/daily dia 00 (2026-08-25 → 2026-08-25) 44706 bytes
2026-08-25 09:34:38,529 [INFO] [OK] Brazil/ECM_ENSEMBLE_Soy_PRCP_DEP/daily dia 02 (2026-08-27 → 2026-08-27) 46469 bytes
2026-08-25 09:34:38,660 [INFO] [OK] Brazil/ECM_ENSEMBLE_Soy_PRCP_DEP/daily dia 03 (2026-08-28 → 2026-08-28) 49578 bytes
2026-08-25 09:34:38,785 [INFO] [OK] Brazil/ECM_ENSEMBLE_Soy_PRCP_DEP/daily dia 04 (2026-08-29 → 2026-08-29) 49164 bytes
2026-08-25 09:34:39,056 [INFO] [OK] Brazil/GFS_ENSEMBLE_Corn_Winter_PRCP/cumulative dia 14 (2026-08-25 → 2026-09-08) 40099 bytes
2026-08-25 09:34:39,792 [INFO] [OK] Brazil/ECM_ENSEMBLE_Soy_PRCP_DEP/daily dia 05 (2026-08-30 → 2026-08-30) 48780 bytes
2026-08-25 09:34:40,106 [INFO] [OK] Brazil/ECM_ENSEMBLE_Soy_PRCP_DEP/daily dia 07 (2026-09-01 → 2026-09-01) 49420 bytes
2026-08-25 09:34:41,020 [INFO] [OK] Brazil/ECM_ENSEMBLE_Soy_PRCP_DEP/daily dia 06 (2026-08-31 → 2026-08-31) 48781 bytes
2026-08-25 09:34:41,030 [INFO] [OK] Brazil/ECM_ENSEMBLE_Soy_PRCP_DEP/daily dia 08 (2026-09-02 → 2026-09-02) 48920 bytes
2026-08-25 09:34:48,560 [INFO] [OK] Brazil/ECM_ENSEMBLE_Soy_PRCP_DEP/daily dia 10 (2026-09-04 → 2026-09-04) 52790 bytes
2026-08-25 09:34:48,560 [INFO] [OK] Brazil/ECM_ENSEMBLE_Soy_PRCP_DEP/daily dia 09 (2026-09-03 → 2026-09-03) 50773 bytes
2026-08-25 09:34:48,561 [INFO] [OK] Brazil/ECM_ENSEMBLE_Soy_PRCP_DEP/daily dia 11 (2026-09-05 → 2026-09-05) 49754 bytes
2026-08-25 09:34:48,572 [INFO] [OK] Brazil/ECM_ENSEMBLE_Soy_PRCP_DEP/daily dia 12 (2026-09-06 → 2026-09-06) 49100 bytes
2026-08-25 09:34:49,978 [INFO] [OK] Brazil/ECM_ENSEMBLE_Soy_PRCP_DEP/daily dia 13 (2026-09-07 → 2026-09-07) 49147 bytes
2026-08-25 09:34:50,237 [INFO] [OK] Brazil/ECM_ENSEMBLE_Soy_PRCP_DEP/daily dia 14 (2026-09-08 → 2026-09-08) 51668 bytes
2026-08-25 09:34:50,242 [INFO] [OK] Brazil/ECM_ENSEMBLE_Soy_PRCP_DEP/cumulative dia 00 (2026-08-25 → 2026-08-25) 44706 bytes
2026-08-25 09:34:50,254 [INFO] [OK] Brazil/ECM_ENSEMBLE_Soy_PRCP_DEP/cumulative dia 02 (2026-08-25 → 2026-08-27) 48853 bytes
2026-08-25 09:34:50,458 [INFO] [OK] Brazil/ECM_ENSEMBLE_Soy_PRCP_DEP/cumulative dia 01 (2026-08-25 → 2026-08-26) 46215 bytes
2026-08-25 09:34:50,508 [INFO] [OK] Brazil/ECM_ENSEMBLE_Soy_PRCP_DEP/cumulative dia 03 (2026-08-25 → 2026-08-28) 51339 bytes
2026-08-25 09:34:51,666 [INFO] [OK] Brazil/ECM_ENSEMBLE_Soy_PRCP_DEP/cumulative dia 04 (2026-08-25 → 2026-08-29) 52347 bytes
2026-08-25 09:34:52,317 [INFO] [OK] Brazil/ECM_ENSEMBLE_Soy_PRCP_DEP/cumulative dia 05 (2026-08-25 → 2026-08-30) 52072 bytes
2026-08-25 09:34:52,318 [INFO] [OK] Brazil/ECM_ENSEMBLE_Soy_PRCP_DEP/cumulative dia 07 (2026-08-25 → 2026-09-01) 52517 bytes
2026-08-25 09:34:52,321 [INFO] [OK] Brazil/ECM_ENSEMBLE_Soy_PRCP_DEP/cumulative dia 06 (2026-08-25 → 2026-08-31) 52360 bytes
2026-08-25 09:34:52,467 [INFO] [OK] Brazil/ECM_ENSEMBLE_Soy_PRCP_DEP/cumulative dia 08 (2026-08-25 → 2026-09-02) 53316 bytes
2026-08-25 09:34:52,662 [INFO] [OK] Brazil/ECM_ENSEMBLE_Soy_PRCP_DEP/cumulative dia 09 (2026-08-25 → 2026-09-03) 54324 bytes
2026-08-25 09:34:55,106 [INFO] [OK] Brazil/ECM_ENSEMBLE_Soy_PRCP_DEP/cumulative dia 10 (2026-08-25 → 2026-09-04) 53673 bytes
2026-08-25 09:34:57,395 [INFO] [OK] Brazil/ECM_ENSEMBLE_Soy_PRCP/daily dia 00 (2026-08-25 → 2026-08-25) 30592 bytes
2026-08-25 09:34:57,582 [INFO] [OK] Brazil/ECM_ENSEMBLE_Soy_PRCP_DEP/cumulative dia 12 (2026-08-25 → 2026-09-06) 52388 bytes
2026-08-25 09:34:57,679 [INFO] [OK] Brazil/ECM_ENSEMBLE_Soy_PRCP_DEP/cumulative dia 11 (2026-08-25 → 2026-09-05) 52911 bytes
2026-08-25 09:34:57,680 [INFO] [OK] Brazil/ECM_ENSEMBLE_Soy_PRCP_DEP/cumulative dia 13 (2026-08-25 → 2026-09-07) 51410 bytes
2026-08-25 09:34:57,681 [INFO] [OK] Brazil/ECM_ENSEMBLE_Soy_PRCP_DEP/cumulative dia 14 (2026-08-25 → 2026-09-08) 51237 bytes
2026-08-25 09:34:58,799 [INFO] [OK] Brazil/ECM_ENSEMBLE_Soy_PRCP/daily dia 01 (2026-08-26 → 2026-08-26) 31448 bytes
2026-08-25 09:34:58,800 [INFO] [OK] Brazil/ECM_ENSEMBLE_Soy_PRCP/daily dia 02 (2026-08-27 → 2026-08-27) 32476 bytes
2026-08-25 09:34:59,046 [INFO] [OK] Brazil/ECM_ENSEMBLE_Soy_PRCP/daily dia 04 (2026-08-29 → 2026-08-29) 31640 bytes
2026-08-25 09:34:59,701 [INFO] [OK] Brazil/ECM_ENSEMBLE_Soy_PRCP/daily dia 05 (2026-08-30 → 2026-08-30) 32874 bytes
2026-08-25 09:34:59,722 [INFO] [OK] Brazil/ECM_ENSEMBLE_Soy_PRCP/daily dia 06 (2026-08-31 → 2026-08-31) 32722 bytes
2026-08-25 09:34:59,723 [INFO] [OK] Brazil/ECM_ENSEMBLE_Soy_PRCP/daily dia 03 (2026-08-28 → 2026-08-28) 31034 bytes
2026-08-25 09:35:01,727 [INFO] [OK] Brazil/ECM_ENSEMBLE_Soy_PRCP/daily dia 07 (2026-09-01 → 2026-09-01) 31332 bytes
2026-08-25 09:35:01,753 [INFO] [OK] Brazil/ECM_ENSEMBLE_Soy_PRCP/daily dia 10 (2026-09-04 → 2026-09-04) 31858 bytes
2026-08-25 09:35:01,754 [INFO] [OK] Brazil/ECM_ENSEMBLE_Soy_PRCP/daily dia 11 (2026-09-05 → 2026-09-05) 32793 bytes
2026-08-25 09:35:01,757 [INFO] [OK] Brazil/ECM_ENSEMBLE_Soy_PRCP/daily dia 08 (2026-09-02 → 2026-09-02) 30295 bytes
2026-08-25 09:35:01,757 [INFO] [OK] Brazil/ECM_ENSEMBLE_Soy_PRCP/daily dia 12 (2026-09-06 → 2026-09-06) 32822 bytes
2026-08-25 09:35:01,768 [INFO] [OK] Brazil/ECM_ENSEMBLE_Soy_PRCP/daily dia 09 (2026-09-03 → 2026-09-03) 30718 bytes
2026-08-25 09:35:03,173 [INFO] [OK] Brazil/ECM_ENSEMBLE_Soy_PRCP/daily dia 13 (2026-09-07 → 2026-09-07) 31727 bytes
2026-08-25 09:35:03,248 [INFO] [OK] Brazil/ECM_ENSEMBLE_Soy_PRCP/cumulative dia 01 (2026-08-25 → 2026-08-26) 33211 bytes
2026-08-25 09:35:03,298 [INFO] [OK] Brazil/ECM_ENSEMBLE_Soy_PRCP/cumulative dia 02 (2026-08-25 → 2026-08-27) 36156 bytes
2026-08-25 09:35:03,303 [INFO] [OK] Brazil/ECM_ENSEMBLE_Soy_PRCP/daily dia 14 (2026-09-08 → 2026-09-08) 31319 bytes
2026-08-25 09:35:03,321 [INFO] [OK] Brazil/ECM_ENSEMBLE_Soy_PRCP/cumulative dia 00 (2026-08-25 → 2026-08-25) 30592 bytes
2026-08-25 09:35:04,936 [INFO] [OK] Brazil/ECM_ENSEMBLE_Soy_PRCP/cumulative dia 03 (2026-08-25 → 2026-08-28) 37515 bytes
2026-08-25 09:35:04,980 [INFO] [OK] Brazil/ECM_ENSEMBLE_Soy_PRCP/cumulative dia 04 (2026-08-25 → 2026-08-29) 39040 bytes
2026-08-25 09:35:05,298 [INFO] [OK] Brazil/ECM_ENSEMBLE_Soy_PRCP/cumulative dia 05 (2026-08-25 → 2026-08-30) 40183 bytes
2026-08-25 09:35:05,423 [INFO] [OK] Brazil/ECM_ENSEMBLE_Soy_PRCP/cumulative dia 07 (2026-08-25 → 2026-09-01) 41687 bytes
2026-08-25 09:35:05,532 [INFO] [OK] Brazil/ECM_ENSEMBLE_Soy_PRCP/cumulative dia 06 (2026-08-25 → 2026-08-31) 41034 bytes
2026-08-25 09:35:05,570 [INFO] [OK] Brazil/ECM_ENSEMBLE_Soy_PRCP/cumulative dia 08 (2026-08-25 → 2026-09-02) 42344 bytes
2026-08-25 09:35:07,696 [INFO] [OK] Brazil/ECM_ENSEMBLE_Soy_PRCP/cumulative dia 10 (2026-08-25 → 2026-09-04) 43287 bytes
2026-08-25 09:35:07,697 [INFO] [OK] Brazil/ECM_ENSEMBLE_Soy_PRCP/cumulative dia 09 (2026-08-25 → 2026-09-03) 42761 bytes
2026-08-25 09:35:08,287 [INFO] [OK] Brazil/ECM_ENSEMBLE_Soy_PRCP/cumulative dia 11 (2026-08-25 → 2026-09-05) 43915 bytes
2026-08-25 09:35:09,350 [INFO] [OK] Brazil/ECM_ENSEMBLE_Soy_PRCP/cumulative dia 13 (2026-08-25 → 2026-09-07) 45114 bytes
2026-08-25 09:35:09,351 [INFO] [OK] Brazil/ECM_ENSEMBLE_Soy_PRCP/cumulative dia 12 (2026-08-25 → 2026-09-06) 44360 bytes
2026-08-25 09:35:09,426 [INFO] [OK] Brazil/ECM_ENSEMBLE_Soy_PRCP/cumulative dia 14 (2026-08-25 → 2026-09-08) 45369 bytes
2026-08-25 09:35:09,437 [INFO] [OK] Brazil/ECM_ENSEMBLE_Corn_Winter_PRCP_DEP/daily dia 00 (2026-08-25 → 2026-08-25) 43205 bytes
2026-08-25 09:35:09,504 [INFO] [OK] Brazil/ECM_ENSEMBLE_Corn_Winter_PRCP_DEP/daily dia 01 (2026-08-26 → 2026-08-26) 43116 bytes
2026-08-25 09:35:09,829 [INFO] [OK] Brazil/ECM_ENSEMBLE_Corn_Winter_PRCP_DEP/daily dia 02 (2026-08-27 → 2026-08-27) 45095 bytes
2026-08-25 09:35:11,050 [INFO] [OK] Brazil/ECM_ENSEMBLE_Corn_Winter_PRCP_DEP/daily dia 07 (2026-09-01 → 2026-09-01) 48058 bytes
2026-08-25 09:35:11,053 [INFO] [OK] Brazil/ECM_ENSEMBLE_Corn_Winter_PRCP_DEP/daily dia 03 (2026-08-28 → 2026-08-28) 47998 bytes
2026-08-25 09:35:11,266 [INFO] [OK] Brazil/ECM_ENSEMBLE_Corn_Winter_PRCP_DEP/daily dia 06 (2026-08-31 → 2026-08-31) 47402 bytes
2026-08-25 09:35:11,270 [INFO] [OK] Brazil/ECM_ENSEMBLE_Corn_Winter_PRCP_DEP/daily dia 05 (2026-08-30 → 2026-08-30) 47262 bytes
2026-08-25 09:35:11,274 [INFO] [OK] Brazil/ECM_ENSEMBLE_Corn_Winter_PRCP_DEP/daily dia 04 (2026-08-29 → 2026-08-29) 47631 bytes
2026-08-25 09:35:11,412 [INFO] [OK] Brazil/ECM_ENSEMBLE_Corn_Winter_PRCP_DEP/daily dia 08 (2026-09-02 → 2026-09-02) 47382 bytes
2026-08-25 09:35:13,042 [INFO] [OK] Brazil/ECM_ENSEMBLE_Corn_Winter_PRCP_DEP/daily dia 09 (2026-09-03 → 2026-09-03) 49457 bytes
2026-08-25 09:35:13,634 [INFO] [OK] Brazil/ECM_ENSEMBLE_Corn_Winter_PRCP_DEP/daily dia 12 (2026-09-06 → 2026-09-06) 47638 bytes
2026-08-25 09:35:13,692 [INFO] [OK] Brazil/ECM_ENSEMBLE_Corn_Winter_PRCP_DEP/daily dia 11 (2026-09-05 → 2026-09-05) 48558 bytes
2026-08-25 09:35:13,693 [INFO] [OK] Brazil/ECM_ENSEMBLE_Corn_Winter_PRCP_DEP/daily dia 13 (2026-09-07 → 2026-09-07) 48099 bytes
2026-08-25 09:35:13,694 [INFO] [OK] Brazil/ECM_ENSEMBLE_Corn_Winter_PRCP_DEP/daily dia 14 (2026-09-08 → 2026-09-08) 50058 bytes
2026-08-25 09:35:13,697 [INFO] [OK] Brazil/ECM_ENSEMBLE_Corn_Winter_PRCP_DEP/daily dia 10 (2026-09-04 → 2026-09-04) 51360 bytes
2026-08-25 09:35:14,911 [INFO] [OK] Brazil/ECM_ENSEMBLE_Corn_Winter_PRCP_DEP/cumulative dia 00 (2026-08-25 → 2026-08-25) 43205 bytes
2026-08-25 09:35:15,455 [INFO] [OK] Brazil/ECM_ENSEMBLE_Corn_Winter_PRCP_DEP/cumulative dia 01 (2026-08-25 → 2026-08-26) 45060 bytes
2026-08-25 09:35:15,465 [INFO] [OK] Brazil/ECM_ENSEMBLE_Corn_Winter_PRCP_DEP/cumulative dia 03 (2026-08-25 → 2026-08-28) 50092 bytes
2026-08-25 09:35:15,492 [INFO] [OK] Brazil/ECM_ENSEMBLE_Corn_Winter_PRCP_DEP/cumulative dia 02 (2026-08-25 → 2026-08-27) 47585 bytes
2026-08-25 09:35:15,748 [INFO] [OK] Brazil/ECM_ENSEMBLE_Corn_Winter_PRCP_DEP/cumulative dia 05 (2026-08-25 → 2026-08-30) 50861 bytes
2026-08-25 09:35:15,748 [INFO] [OK] Brazil/ECM_ENSEMBLE_Corn_Winter_PRCP_DEP/cumulative dia 04 (2026-08-25 → 2026-08-29) 51076 bytes
2026-08-25 09:35:16,838 [INFO] [OK] Brazil/ECM_ENSEMBLE_Corn_Winter_PRCP_DEP/cumulative dia 06 (2026-08-25 → 2026-08-31) 51147 bytes
2026-08-25 09:35:21,941 [INFO] [OK] Brazil/ECM_ENSEMBLE_Corn_Winter_PRCP_DEP/cumulative dia 08 (2026-08-25 → 2026-09-02) 52122 bytes
2026-08-25 09:35:21,942 [INFO] [OK] Brazil/ECM_ENSEMBLE_Corn_Winter_PRCP_DEP/cumulative dia 12 (2026-08-25 → 2026-09-06) 51234 bytes
2026-08-25 09:35:22,307 [INFO] [OK] Brazil/ECM_ENSEMBLE_Corn_Winter_PRCP_DEP/cumulative dia 09 (2026-08-25 → 2026-09-03) 53005 bytes
2026-08-25 09:35:22,485 [INFO] [OK] Brazil/ECM_ENSEMBLE_Corn_Winter_PRCP_DEP/cumulative dia 07 (2026-08-25 → 2026-09-01) 51320 bytes
2026-08-25 09:35:22,486 [INFO] [OK] Brazil/ECM_ENSEMBLE_Corn_Winter_PRCP_DEP/cumulative dia 11 (2026-08-25 → 2026-09-05) 51725 bytes
2026-08-25 09:35:22,486 [INFO] [OK] Brazil/ECM_ENSEMBLE_Corn_Winter_PRCP_DEP/cumulative dia 10 (2026-08-25 → 2026-09-04) 52525 bytes
2026-08-25 09:35:27,291 [INFO] [OK] Brazil/ECM_ENSEMBLE_Corn_Winter_PRCP/daily dia 03 (2026-08-28 → 2026-08-28) 29392 bytes
2026-08-25 09:35:27,293 [INFO] [OK] Brazil/ECM_ENSEMBLE_Corn_Winter_PRCP/daily dia 02 (2026-08-27 → 2026-08-27) 30505 bytes
2026-08-25 09:35:27,314 [INFO] [OK] Brazil/ECM_ENSEMBLE_Corn_Winter_PRCP/daily dia 00 (2026-08-25 → 2026-08-25) 29059 bytes
2026-08-25 09:35:27,316 [INFO] [OK] Brazil/ECM_ENSEMBLE_Corn_Winter_PRCP/daily dia 01 (2026-08-26 → 2026-08-26) 29937 bytes
2026-08-25 09:35:27,320 [INFO] [OK] Brazil/ECM_ENSEMBLE_Corn_Winter_PRCP_DEP/cumulative dia 13 (2026-08-25 → 2026-09-07) 50329 bytes
2026-08-25 09:35:27,324 [INFO] [OK] Brazil/ECM_ENSEMBLE_Corn_Winter_PRCP_DEP/cumulative dia 14 (2026-08-25 → 2026-09-08) 50090 bytes
2026-08-25 09:35:28,839 [INFO] [OK] Brazil/ECM_ENSEMBLE_Corn_Winter_PRCP/daily dia 09 (2026-09-03 → 2026-09-03) 29323 bytes
2026-08-25 09:35:28,844 [INFO] [OK] Brazil/ECM_ENSEMBLE_Corn_Winter_PRCP/daily dia 08 (2026-09-02 → 2026-09-02) 28876 bytes
2026-08-25 09:35:42,604 [INFO] [OK] Brazil/ECM_ENSEMBLE_Corn_Winter_PRCP/daily dia 05 (2026-08-30 → 2026-08-30) 31264 bytes
2026-08-25 09:35:43,264 [INFO] [OK] Brazil/ECM_ENSEMBLE_Corn_Winter_PRCP/daily dia 07 (2026-09-01 → 2026-09-01) 29868 bytes
2026-08-25 09:35:43,270 [INFO] [OK] Brazil/ECM_ENSEMBLE_Corn_Winter_PRCP/daily dia 04 (2026-08-29 → 2026-08-29) 29975 bytes
2026-08-25 09:35:43,292 [INFO] [OK] Brazil/ECM_ENSEMBLE_Corn_Winter_PRCP/daily dia 11 (2026-09-05 → 2026-09-05) 31533 bytes
2026-08-25 09:35:43,808 [INFO] [OK] Brazil/ECM_ENSEMBLE_Corn_Winter_PRCP/daily dia 06 (2026-08-31 → 2026-08-31) 31067 bytes
2026-08-25 09:35:43,815 [INFO] [OK] Brazil/ECM_ENSEMBLE_Corn_Winter_PRCP/daily dia 10 (2026-09-04 → 2026-09-04) 30446 bytes
2026-08-25 09:35:45,152 [INFO] [OK] Brazil/ECM_ENSEMBLE_Corn_Winter_PRCP/daily dia 12 (2026-09-06 → 2026-09-06) 31112 bytes
2026-08-25 09:35:45,308 [INFO] [OK] Brazil/ECM_ENSEMBLE_Corn_Winter_PRCP/daily dia 13 (2026-09-07 → 2026-09-07) 30352 bytes
2026-08-25 09:35:45,347 [INFO] [OK] Brazil/ECM_ENSEMBLE_Corn_Winter_PRCP/daily dia 14 (2026-09-08 → 2026-09-08) 29975 bytes
2026-08-25 09:35:45,577 [INFO] [OK] Brazil/ECM_ENSEMBLE_Corn_Winter_PRCP/cumulative dia 00 (2026-08-25 → 2026-08-25) 29059 bytes
2026-08-25 09:35:45,581 [INFO] [OK] Brazil/ECM_ENSEMBLE_Corn_Winter_PRCP/cumulative dia 02 (2026-08-25 → 2026-08-27) 34616 bytes
2026-08-25 09:35:45,593 [INFO] [OK] Brazil/ECM_ENSEMBLE_Corn_Winter_PRCP/cumulative dia 01 (2026-08-25 → 2026-08-26) 31833 bytes
2026-08-25 09:36:06,209 [INFO] [OK] Brazil/ECM_ENSEMBLE_Corn_Winter_PRCP/cumulative dia 03 (2026-08-25 → 2026-08-28) 35998 bytes
2026-08-25 09:36:06,210 [INFO] [OK] Brazil/ECM_ENSEMBLE_Corn_Winter_PRCP/cumulative dia 04 (2026-08-25 → 2026-08-29) 37293 bytes
2026-08-25 09:36:06,299 [INFO] [OK] Brazil/ECM_ENSEMBLE_Corn_Winter_PRCP/cumulative dia 08 (2026-08-25 → 2026-09-02) 40988 bytes
2026-08-25 09:36:06,303 [INFO] [OK] Brazil/ECM_ENSEMBLE_Corn_Winter_PRCP/cumulative dia 05 (2026-08-25 → 2026-08-30) 38721 bytes
2026-08-25 09:36:06,406 [INFO] [OK] Brazil/ECM_ENSEMBLE_Corn_Winter_PRCP/cumulative dia 07 (2026-08-25 → 2026-09-01) 40343 bytes
2026-08-25 09:36:06,409 [INFO] [OK] Brazil/ECM_ENSEMBLE_Corn_Winter_PRCP/cumulative dia 06 (2026-08-25 → 2026-08-31) 39678 bytes
2026-08-25 09:36:08,737 [INFO] [OK] Brazil/ECM_ENSEMBLE_Corn_Winter_PRCP/cumulative dia 09 (2026-08-25 → 2026-09-03) 41354 bytes
2026-08-25 09:36:09,052 [INFO] [OK] Brazil/ECM_ENSEMBLE_Corn_Winter_PRCP/cumulative dia 11 (2026-08-25 → 2026-09-05) 42355 bytes
2026-08-25 09:36:09,061 [INFO] [OK] Brazil/ECM_ENSEMBLE_Corn_Winter_PRCP/cumulative dia 10 (2026-08-25 → 2026-09-04) 41784 bytes
2026-08-25 09:36:09,221 [INFO] [OK] Brazil/ECM_ENSEMBLE_Corn_Winter_PRCP/cumulative dia 12 (2026-08-25 → 2026-09-06) 42799 bytes
2026-08-25 09:36:09,519 [INFO] [OK] Brazil/ECM_ENSEMBLE_Corn_Winter_PRCP/cumulative dia 13 (2026-08-25 → 2026-09-07) 43800 bytes
2026-08-25 09:36:09,864 [INFO] [OK] Brazil/ECM_ENSEMBLE_Corn_Winter_PRCP/cumulative dia 14 (2026-08-25 → 2026-09-08) 43884 bytes
2026-08-25 09:36:16,299 [INFO] [OK] Argentina/GFS_ENSEMBLE_Soy_PRCP_DEP/daily dia 02 (2026-08-27 → 2026-08-27) 35267 bytes
2026-08-25 09:36:16,378 [INFO] [OK] Argentina/GFS_ENSEMBLE_Soy_PRCP_DEP/daily dia 03 (2026-08-28 → 2026-08-28) 31531 bytes
2026-08-25 09:36:16,423 [INFO] [OK] Argentina/GFS_ENSEMBLE_Soy_PRCP_DEP/daily dia 00 (2026-08-25 → 2026-08-25) 32375 bytes
2026-08-25 09:36:16,423 [INFO] [OK] Argentina/GFS_ENSEMBLE_Soy_PRCP_DEP/daily dia 01 (2026-08-26 → 2026-08-26) 36626 bytes
2026-08-25 09:36:16,424 [INFO] [OK] Argentina/GFS_ENSEMBLE_Soy_PRCP_DEP/daily dia 05 (2026-08-30 → 2026-08-30) 38804 bytes
2026-08-25 09:36:16,446 [INFO] [OK] Argentina/GFS_ENSEMBLE_Soy_PRCP_DEP/daily dia 04 (2026-08-29 → 2026-08-29) 34672 bytes
2026-08-25 09:36:17,652 [INFO] [OK] Argentina/GFS_ENSEMBLE_Soy_PRCP_DEP/daily dia 06 (2026-08-31 → 2026-08-31) 40049 bytes
2026-08-25 09:36:17,760 [INFO] [OK] Argentina/GFS_ENSEMBLE_Soy_PRCP_DEP/daily dia 10 (2026-09-04 → 2026-09-04) 41935 bytes
2026-08-25 09:36:17,761 [INFO] [OK] Argentina/GFS_ENSEMBLE_Soy_PRCP_DEP/daily dia 07 (2026-09-01 → 2026-09-01) 38577 bytes
2026-08-25 09:36:17,890 [INFO] [OK] Argentina/GFS_ENSEMBLE_Soy_PRCP_DEP/daily dia 09 (2026-09-03 → 2026-09-03) 37718 bytes
2026-08-25 09:36:17,892 [INFO] [OK] Argentina/GFS_ENSEMBLE_Soy_PRCP_DEP/daily dia 11 (2026-09-05 → 2026-09-05) 44114 bytes
2026-08-25 09:36:18,000 [INFO] [OK] Argentina/GFS_ENSEMBLE_Soy_PRCP_DEP/daily dia 08 (2026-09-02 → 2026-09-02) 36843 bytes
2026-08-25 09:36:18,873 [INFO] [OK] Argentina/GFS_ENSEMBLE_Soy_PRCP_DEP/daily dia 12 (2026-09-06 → 2026-09-06) 44401 bytes
2026-08-25 09:36:18,998 [INFO] [OK] Argentina/GFS_ENSEMBLE_Soy_PRCP_DEP/daily dia 13 (2026-09-07 → 2026-09-07) 45820 bytes
2026-08-25 09:36:19,098 [INFO] [OK] Argentina/GFS_ENSEMBLE_Soy_PRCP_DEP/daily dia 14 (2026-09-08 → 2026-09-08) 43943 bytes
2026-08-25 09:36:37,994 [INFO] [OK] Argentina/GFS_ENSEMBLE_Soy_PRCP_DEP/cumulative dia 00 (2026-08-25 → 2026-08-25) 32375 bytes
2026-08-25 09:36:44,107 [INFO] [OK] Argentina/GFS_ENSEMBLE_Soy_PRCP_DEP/cumulative dia 05 (2026-08-25 → 2026-08-30) 40152 bytes
2026-08-25 09:36:44,128 [INFO] [OK] Argentina/GFS_ENSEMBLE_Soy_PRCP_DEP/cumulative dia 04 (2026-08-25 → 2026-08-29) 38391 bytes
2026-08-25 09:36:44,136 [INFO] [OK] Argentina/GFS_ENSEMBLE_Soy_PRCP_DEP/cumulative dia 01 (2026-08-25 → 2026-08-26) 36369 bytes
2026-08-25 09:36:45,539 [INFO] [OK] Argentina/GFS_ENSEMBLE_Soy_PRCP_DEP/cumulative dia 02 (2026-08-25 → 2026-08-27) 38424 bytes
2026-08-25 09:36:45,543 [INFO] [OK] Argentina/GFS_ENSEMBLE_Soy_PRCP_DEP/cumulative dia 03 (2026-08-25 → 2026-08-28) 38175 bytes
2026-08-25 09:36:45,820 [INFO] [OK] Argentina/GFS_ENSEMBLE_Soy_PRCP_DEP/cumulative dia 06 (2026-08-25 → 2026-08-31) 42281 bytes
2026-08-25 09:36:47,488 [INFO] [OK] Argentina/GFS_ENSEMBLE_Soy_PRCP_DEP/cumulative dia 07 (2026-08-25 → 2026-09-01) 42491 bytes
2026-08-25 09:36:47,513 [INFO] [OK] Argentina/GFS_ENSEMBLE_Soy_PRCP_DEP/cumulative dia 08 (2026-08-25 → 2026-09-02) 42426 bytes
2026-08-25 09:36:47,735 [INFO] [OK] Argentina/GFS_ENSEMBLE_Soy_PRCP_DEP/cumulative dia 09 (2026-08-25 → 2026-09-03) 42703 bytes
2026-08-25 09:36:48,098 [INFO] [OK] Argentina/GFS_ENSEMBLE_Soy_PRCP_DEP/cumulative dia 12 (2026-08-25 → 2026-09-06) 44344 bytes
2026-08-25 09:36:48,103 [INFO] [OK] Argentina/GFS_ENSEMBLE_Soy_PRCP_DEP/cumulative dia 11 (2026-08-25 → 2026-09-05) 43894 bytes
2026-08-25 09:36:48,105 [INFO] [OK] Argentina/GFS_ENSEMBLE_Soy_PRCP_DEP/cumulative dia 10 (2026-08-25 → 2026-09-04) 43035 bytes
2026-08-25 09:36:50,728 [INFO] [OK] Argentina/GFS_ENSEMBLE_Soy_PRCP/daily dia 00 (2026-08-25 → 2026-08-25) 27548 bytes
2026-08-25 09:36:50,785 [INFO] [OK] Argentina/GFS_ENSEMBLE_Soy_PRCP_DEP/cumulative dia 13 (2026-08-25 → 2026-09-07) 44161 bytes
2026-08-25 09:36:50,785 [INFO] [OK] Argentina/GFS_ENSEMBLE_Soy_PRCP_DEP/cumulative dia 14 (2026-08-25 → 2026-09-08) 44180 bytes
2026-08-25 09:36:50,786 [INFO] [OK] Argentina/GFS_ENSEMBLE_Soy_PRCP/daily dia 02 (2026-08-27 → 2026-08-27) 29304 bytes
2026-08-25 09:36:51,005 [INFO] [OK] Argentina/GFS_ENSEMBLE_Soy_PRCP/daily dia 01 (2026-08-26 → 2026-08-26) 29185 bytes
2026-08-25 09:36:51,053 [INFO] [OK] Argentina/GFS_ENSEMBLE_Soy_PRCP/daily dia 03 (2026-08-28 → 2026-08-28) 27494 bytes
2026-08-25 09:36:52,533 [INFO] [OK] Argentina/GFS_ENSEMBLE_Soy_PRCP/daily dia 06 (2026-08-31 → 2026-08-31) 29652 bytes
2026-08-25 09:36:52,552 [INFO] [OK] Argentina/GFS_ENSEMBLE_Soy_PRCP/daily dia 09 (2026-09-03 → 2026-09-03) 26763 bytes
2026-08-25 09:36:52,555 [INFO] [OK] Argentina/GFS_ENSEMBLE_Soy_PRCP/daily dia 04 (2026-08-29 → 2026-08-29) 27260 bytes
2026-08-25 09:36:52,560 [INFO] [OK] Argentina/GFS_ENSEMBLE_Soy_PRCP/daily dia 07 (2026-09-01 → 2026-09-01) 27488 bytes
2026-08-25 09:36:52,565 [INFO] [OK] Argentina/GFS_ENSEMBLE_Soy_PRCP/daily dia 08 (2026-09-02 → 2026-09-02) 27302 bytes
2026-08-25 09:36:52,567 [INFO] [OK] Argentina/GFS_ENSEMBLE_Soy_PRCP/daily dia 05 (2026-08-30 → 2026-08-30) 29318 bytes
2026-08-25 09:36:53,778 [INFO] [OK] Argentina/GFS_ENSEMBLE_Soy_PRCP/daily dia 14 (2026-09-08 → 2026-09-08) 29312 bytes
2026-08-25 09:36:53,782 [INFO] [OK] Argentina/GFS_ENSEMBLE_Soy_PRCP/daily dia 10 (2026-09-04 → 2026-09-04) 27552 bytes
2026-08-25 09:36:53,832 [INFO] [OK] Argentina/GFS_ENSEMBLE_Soy_PRCP/daily dia 13 (2026-09-07 → 2026-09-07) 28553 bytes
2026-08-25 09:36:53,914 [INFO] [OK] Argentina/GFS_ENSEMBLE_Soy_PRCP/cumulative dia 00 (2026-08-25 → 2026-08-25) 27548 bytes
2026-08-25 09:36:54,067 [INFO] [OK] Argentina/GFS_ENSEMBLE_Soy_PRCP/daily dia 12 (2026-09-06 → 2026-09-06) 28332 bytes
2026-08-25 09:36:54,072 [INFO] [OK] Argentina/GFS_ENSEMBLE_Soy_PRCP/daily dia 11 (2026-09-05 → 2026-09-05) 28766 bytes
2026-08-25 09:36:55,046 [INFO] [OK] Argentina/GFS_ENSEMBLE_Soy_PRCP/cumulative dia 01 (2026-08-25 → 2026-08-26) 29809 bytes
2026-08-25 09:36:55,119 [INFO] [OK] Argentina/GFS_ENSEMBLE_Soy_PRCP/cumulative dia 02 (2026-08-25 → 2026-08-27) 32023 bytes
2026-08-25 09:36:55,284 [INFO] [OK] Argentina/GFS_ENSEMBLE_Soy_PRCP/cumulative dia 03 (2026-08-25 → 2026-08-28) 32460 bytes
2026-08-25 09:36:58,795 [INFO] [OK] Argentina/GFS_ENSEMBLE_Soy_PRCP/cumulative dia 05 (2026-08-25 → 2026-08-30) 33947 bytes
2026-08-25 09:36:58,802 [INFO] [OK] Argentina/GFS_ENSEMBLE_Soy_PRCP/cumulative dia 09 (2026-08-25 → 2026-09-03) 36705 bytes
2026-08-25 09:36:58,810 [INFO] [OK] Argentina/GFS_ENSEMBLE_Soy_PRCP/cumulative dia 06 (2026-08-25 → 2026-08-31) 35375 bytes
2026-08-25 09:36:58,838 [INFO] [OK] Argentina/GFS_ENSEMBLE_Soy_PRCP/cumulative dia 04 (2026-08-25 → 2026-08-29) 33257 bytes
2026-08-25 09:36:58,841 [INFO] [OK] Argentina/GFS_ENSEMBLE_Soy_PRCP/cumulative dia 08 (2026-08-25 → 2026-09-02) 36405 bytes
2026-08-25 09:36:58,841 [INFO] [OK] Argentina/GFS_ENSEMBLE_Soy_PRCP/cumulative dia 07 (2026-08-25 → 2026-09-01) 35693 bytes
2026-08-25 09:37:00,089 [INFO] [OK] Argentina/GFS_ENSEMBLE_Corn_Winter_PRCP_DEP/daily dia 00 (2026-08-25 → 2026-08-25) 30310 bytes
2026-08-25 09:37:00,606 [INFO] [OK] Argentina/GFS_ENSEMBLE_Soy_PRCP/cumulative dia 10 (2026-08-25 → 2026-09-04) 36642 bytes
2026-08-25 09:37:00,654 [INFO] [OK] Argentina/GFS_ENSEMBLE_Soy_PRCP/cumulative dia 11 (2026-08-25 → 2026-09-05) 36662 bytes
2026-08-25 09:37:00,989 [INFO] [OK] Argentina/GFS_ENSEMBLE_Soy_PRCP/cumulative dia 13 (2026-08-25 → 2026-09-07) 37076 bytes
2026-08-25 09:37:00,997 [INFO] [OK] Argentina/GFS_ENSEMBLE_Soy_PRCP/cumulative dia 14 (2026-08-25 → 2026-09-08) 37507 bytes
2026-08-25 09:37:01,006 [INFO] [OK] Argentina/GFS_ENSEMBLE_Soy_PRCP/cumulative dia 12 (2026-08-25 → 2026-09-06) 37216 bytes
2026-08-25 09:37:01,257 [INFO] [OK] Argentina/GFS_ENSEMBLE_Corn_Winter_PRCP_DEP/daily dia 01 (2026-08-26 → 2026-08-26) 35051 bytes
2026-08-25 09:37:01,624 [INFO] [OK] Argentina/GFS_ENSEMBLE_Corn_Winter_PRCP_DEP/daily dia 02 (2026-08-27 → 2026-08-27) 33420 bytes
2026-08-25 09:37:01,669 [INFO] [OK] Argentina/GFS_ENSEMBLE_Corn_Winter_PRCP_DEP/daily dia 03 (2026-08-28 → 2026-08-28) 29755 bytes
2026-08-25 09:37:02,080 [INFO] [OK] Argentina/GFS_ENSEMBLE_Corn_Winter_PRCP_DEP/daily dia 05 (2026-08-30 → 2026-08-30) 37129 bytes
2026-08-25 09:37:02,103 [INFO] [OK] Argentina/GFS_ENSEMBLE_Corn_Winter_PRCP_DEP/daily dia 04 (2026-08-29 → 2026-08-29) 32893 bytes
2026-08-25 09:37:02,200 [INFO] [OK] Argentina/GFS_ENSEMBLE_Corn_Winter_PRCP_DEP/daily dia 06 (2026-08-31 → 2026-08-31) 38184 bytes
2026-08-25 09:37:02,455 [INFO] [OK] Argentina/GFS_ENSEMBLE_Corn_Winter_PRCP_DEP/daily dia 07 (2026-09-01 → 2026-09-01) 37197 bytes
2026-08-25 09:37:02,644 [INFO] [OK] Argentina/GFS_ENSEMBLE_Corn_Winter_PRCP_DEP/daily dia 08 (2026-09-02 → 2026-09-02) 35076 bytes
2026-08-25 09:37:02,748 [INFO] [OK] Argentina/GFS_ENSEMBLE_Corn_Winter_PRCP_DEP/daily dia 09 (2026-09-03 → 2026-09-03) 36092 bytes
2026-08-25 09:37:03,192 [INFO] [OK] Argentina/GFS_ENSEMBLE_Corn_Winter_PRCP_DEP/daily dia 10 (2026-09-04 → 2026-09-04) 40203 bytes
2026-08-25 09:37:03,196 [INFO] [OK] Argentina/GFS_ENSEMBLE_Corn_Winter_PRCP_DEP/daily dia 11 (2026-09-05 → 2026-09-05) 42648 bytes
2026-08-25 09:37:03,374 [INFO] [OK] Argentina/GFS_ENSEMBLE_Corn_Winter_PRCP_DEP/daily dia 12 (2026-09-06 → 2026-09-06) 42793 bytes
2026-08-25 09:37:03,989 [INFO] [OK] Argentina/GFS_ENSEMBLE_Corn_Winter_PRCP_DEP/daily dia 14 (2026-09-08 → 2026-09-08) 42589 bytes
2026-08-25 09:37:04,002 [INFO] [OK] Argentina/GFS_ENSEMBLE_Corn_Winter_PRCP_DEP/cumulative dia 00 (2026-08-25 → 2026-08-25) 30310 bytes
2026-08-25 09:37:04,007 [INFO] [OK] Argentina/GFS_ENSEMBLE_Corn_Winter_PRCP_DEP/daily dia 13 (2026-09-07 → 2026-09-07) 44500 bytes
2026-08-25 09:37:04,241 [INFO] [OK] Argentina/GFS_ENSEMBLE_Corn_Winter_PRCP_DEP/cumulative dia 01 (2026-08-25 → 2026-08-26) 34853 bytes
2026-08-25 09:37:04,928 [INFO] [OK] Argentina/GFS_ENSEMBLE_Corn_Winter_PRCP_DEP/cumulative dia 03 (2026-08-25 → 2026-08-28) 36538 bytes
2026-08-25 09:37:04,929 [INFO] [OK] Argentina/GFS_ENSEMBLE_Corn_Winter_PRCP_DEP/cumulative dia 02 (2026-08-25 → 2026-08-27) 36884 bytes
2026-08-25 09:37:05,293 [INFO] [OK] Argentina/GFS_ENSEMBLE_Corn_Winter_PRCP_DEP/cumulative dia 04 (2026-08-25 → 2026-08-29) 36597 bytes
2026-08-25 09:37:05,457 [INFO] [OK] Argentina/GFS_ENSEMBLE_Corn_Winter_PRCP_DEP/cumulative dia 05 (2026-08-25 → 2026-08-30) 38453 bytes
2026-08-25 09:37:05,590 [INFO] [OK] Argentina/GFS_ENSEMBLE_Corn_Winter_PRCP_DEP/cumulative dia 06 (2026-08-25 → 2026-08-31) 40564 bytes
2026-08-25 09:37:05,661 [INFO] [OK] Argentina/GFS_ENSEMBLE_Corn_Winter_PRCP_DEP/cumulative dia 07 (2026-08-25 → 2026-09-01) 40739 bytes
2026-08-25 09:37:06,425 [INFO] [OK] Argentina/GFS_ENSEMBLE_Corn_Winter_PRCP_DEP/cumulative dia 08 (2026-08-25 → 2026-09-02) 40774 bytes
2026-08-25 09:37:06,450 [INFO] [OK] Argentina/GFS_ENSEMBLE_Corn_Winter_PRCP_DEP/cumulative dia 09 (2026-08-25 → 2026-09-03) 41279 bytes
2026-08-25 09:37:07,223 [INFO] [OK] Argentina/GFS_ENSEMBLE_Corn_Winter_PRCP_DEP/cumulative dia 10 (2026-08-25 → 2026-09-04) 41423 bytes
2026-08-25 09:37:07,742 [INFO] [OK] Argentina/GFS_ENSEMBLE_Corn_Winter_PRCP_DEP/cumulative dia 11 (2026-08-25 → 2026-09-05) 42422 bytes
2026-08-25 09:37:07,742 [INFO] [OK] Argentina/GFS_ENSEMBLE_Corn_Winter_PRCP/daily dia 00 (2026-08-25 → 2026-08-25) 25686 bytes
2026-08-25 09:37:08,120 [INFO] [OK] Argentina/GFS_ENSEMBLE_Corn_Winter_PRCP_DEP/cumulative dia 12 (2026-08-25 → 2026-09-06) 42762 bytes
2026-08-25 09:37:08,362 [INFO] [OK] Argentina/GFS_ENSEMBLE_Corn_Winter_PRCP_DEP/cumulative dia 13 (2026-08-25 → 2026-09-07) 42801 bytes
2026-08-25 09:37:08,468 [INFO] [OK] Argentina/GFS_ENSEMBLE_Corn_Winter_PRCP/daily dia 01 (2026-08-26 → 2026-08-26) 27237 bytes
2026-08-25 09:37:08,612 [INFO] [OK] Argentina/GFS_ENSEMBLE_Corn_Winter_PRCP_DEP/cumulative dia 14 (2026-08-25 → 2026-09-08) 42853 bytes
2026-08-25 09:37:09,117 [INFO] [OK] Argentina/GFS_ENSEMBLE_Corn_Winter_PRCP/daily dia 02 (2026-08-27 → 2026-08-27) 27270 bytes
2026-08-25 09:37:09,121 [INFO] [OK] Argentina/GFS_ENSEMBLE_Corn_Winter_PRCP/daily dia 03 (2026-08-28 → 2026-08-28) 25426 bytes
2026-08-25 09:37:09,171 [INFO] [OK] Argentina/GFS_ENSEMBLE_Corn_Winter_PRCP/daily dia 04 (2026-08-29 → 2026-08-29) 25283 bytes
2026-08-25 09:37:09,646 [INFO] [OK] Argentina/GFS_ENSEMBLE_Corn_Winter_PRCP/daily dia 05 (2026-08-30 → 2026-08-30) 27369 bytes
2026-08-25 09:37:09,662 [INFO] [OK] Argentina/GFS_ENSEMBLE_Corn_Winter_PRCP/daily dia 06 (2026-08-31 → 2026-08-31) 27786 bytes
2026-08-25 09:37:09,684 [INFO] [OK] Argentina/GFS_ENSEMBLE_Corn_Winter_PRCP/daily dia 07 (2026-09-01 → 2026-09-01) 25628 bytes
2026-08-25 09:37:10,185 [INFO] [OK] Argentina/GFS_ENSEMBLE_Corn_Winter_PRCP/daily dia 09 (2026-09-03 → 2026-09-03) 24928 bytes
2026-08-25 09:37:10,186 [INFO] [OK] Argentina/GFS_ENSEMBLE_Corn_Winter_PRCP/daily dia 08 (2026-09-02 → 2026-09-02) 25472 bytes
2026-08-25 09:37:10,223 [INFO] [OK] Argentina/GFS_ENSEMBLE_Corn_Winter_PRCP/daily dia 10 (2026-09-04 → 2026-09-04) 25647 bytes
2026-08-25 09:37:10,796 [INFO] [OK] Argentina/GFS_ENSEMBLE_Corn_Winter_PRCP/daily dia 13 (2026-09-07 → 2026-09-07) 26827 bytes
2026-08-25 09:37:10,808 [INFO] [OK] Argentina/GFS_ENSEMBLE_Corn_Winter_PRCP/daily dia 12 (2026-09-06 → 2026-09-06) 26584 bytes
2026-08-25 09:37:10,810 [INFO] [OK] Argentina/GFS_ENSEMBLE_Corn_Winter_PRCP/daily dia 11 (2026-09-05 → 2026-09-05) 26853 bytes
2026-08-25 09:37:11,281 [INFO] [OK] Argentina/GFS_ENSEMBLE_Corn_Winter_PRCP/daily dia 14 (2026-09-08 → 2026-09-08) 27510 bytes
2026-08-25 09:37:11,680 [INFO] [OK] Argentina/GFS_ENSEMBLE_Corn_Winter_PRCP/cumulative dia 01 (2026-08-25 → 2026-08-26) 27857 bytes
2026-08-25 09:37:11,698 [INFO] [OK] Argentina/GFS_ENSEMBLE_Corn_Winter_PRCP/cumulative dia 00 (2026-08-25 → 2026-08-25) 25686 bytes
2026-08-25 09:37:11,940 [INFO] [OK] Argentina/GFS_ENSEMBLE_Corn_Winter_PRCP/cumulative dia 02 (2026-08-25 → 2026-08-27) 30011 bytes
2026-08-25 09:37:11,950 [INFO] [OK] Argentina/GFS_ENSEMBLE_Corn_Winter_PRCP/cumulative dia 03 (2026-08-25 → 2026-08-28) 30431 bytes
2026-08-25 09:37:12,003 [INFO] [OK] Argentina/GFS_ENSEMBLE_Corn_Winter_PRCP/cumulative dia 04 (2026-08-25 → 2026-08-29) 31076 bytes
2026-08-25 09:37:13,205 [INFO] [OK] Argentina/GFS_ENSEMBLE_Corn_Winter_PRCP/cumulative dia 05 (2026-08-25 → 2026-08-30) 32022 bytes
2026-08-25 09:37:13,212 [INFO] [OK] Argentina/GFS_ENSEMBLE_Corn_Winter_PRCP/cumulative dia 06 (2026-08-25 → 2026-08-31) 33449 bytes
2026-08-25 09:37:13,214 [INFO] [OK] Argentina/GFS_ENSEMBLE_Corn_Winter_PRCP/cumulative dia 07 (2026-08-25 → 2026-09-01) 33925 bytes
2026-08-25 09:37:13,853 [INFO] [OK] Argentina/GFS_ENSEMBLE_Corn_Winter_PRCP/cumulative dia 08 (2026-08-25 → 2026-09-02) 34598 bytes
2026-08-25 09:37:13,943 [INFO] [OK] Argentina/GFS_ENSEMBLE_Corn_Winter_PRCP/cumulative dia 09 (2026-08-25 → 2026-09-03) 35011 bytes
2026-08-25 09:37:13,953 [INFO] [OK] Argentina/GFS_ENSEMBLE_Corn_Winter_PRCP/cumulative dia 10 (2026-08-25 → 2026-09-04) 35148 bytes
2026-08-25 09:37:15,119 [INFO] [OK] Argentina/GFS_ENSEMBLE_Corn_Winter_PRCP/cumulative dia 11 (2026-08-25 → 2026-09-05) 35023 bytes
2026-08-25 09:37:15,453 [INFO] [OK] Argentina/GFS_ENSEMBLE_Corn_Winter_PRCP/cumulative dia 12 (2026-08-25 → 2026-09-06) 35565 bytes
2026-08-25 09:37:15,454 [INFO] [OK] Argentina/ECM_ENSEMBLE_Soy_PRCP_DEP/daily dia 00 (2026-08-25 → 2026-08-25) 36351 bytes
2026-08-25 09:37:15,461 [INFO] [OK] Argentina/ECM_ENSEMBLE_Soy_PRCP_DEP/daily dia 01 (2026-08-26 → 2026-08-26) 38255 bytes
2026-08-25 09:37:15,462 [INFO] [OK] Argentina/GFS_ENSEMBLE_Corn_Winter_PRCP/cumulative dia 13 (2026-08-25 → 2026-09-07) 35272 bytes
2026-08-25 09:37:15,639 [INFO] [OK] Argentina/GFS_ENSEMBLE_Corn_Winter_PRCP/cumulative dia 14 (2026-08-25 → 2026-09-08) 35957 bytes
2026-08-25 09:37:16,146 [INFO] [OK] Argentina/ECM_ENSEMBLE_Soy_PRCP_DEP/daily dia 02 (2026-08-27 → 2026-08-27) 38604 bytes
2026-08-25 09:37:16,574 [INFO] [OK] Argentina/ECM_ENSEMBLE_Soy_PRCP_DEP/daily dia 05 (2026-08-30 → 2026-08-30) 41122 bytes
2026-08-25 09:37:16,722 [INFO] [OK] Argentina/ECM_ENSEMBLE_Soy_PRCP_DEP/daily dia 06 (2026-08-31 → 2026-08-31) 40532 bytes
2026-08-25 09:37:16,722 [INFO] [OK] Argentina/ECM_ENSEMBLE_Soy_PRCP_DEP/daily dia 07 (2026-09-01 → 2026-09-01) 41046 bytes
2026-08-25 09:37:16,830 [INFO] [OK] Argentina/ECM_ENSEMBLE_Soy_PRCP_DEP/daily dia 03 (2026-08-28 → 2026-08-28) 41715 bytes
2026-08-25 09:37:16,835 [INFO] [OK] Argentina/ECM_ENSEMBLE_Soy_PRCP_DEP/daily dia 04 (2026-08-29 → 2026-08-29) 41294 bytes
2026-08-25 09:37:17,175 [INFO] [OK] Argentina/ECM_ENSEMBLE_Soy_PRCP_DEP/daily dia 08 (2026-09-02 → 2026-09-02) 38522 bytes
2026-08-25 09:37:17,635 [INFO] [OK] Argentina/ECM_ENSEMBLE_Soy_PRCP_DEP/daily dia 09 (2026-09-03 → 2026-09-03) 43126 bytes
2026-08-25 09:37:17,847 [INFO] [OK] Argentina/ECM_ENSEMBLE_Soy_PRCP_DEP/daily dia 11 (2026-09-05 → 2026-09-05) 41603 bytes
2026-08-25 09:37:17,851 [INFO] [OK] Argentina/ECM_ENSEMBLE_Soy_PRCP_DEP/daily dia 12 (2026-09-06 → 2026-09-06) 39691 bytes
2026-08-25 09:37:17,854 [INFO] [OK] Argentina/ECM_ENSEMBLE_Soy_PRCP_DEP/daily dia 10 (2026-09-04 → 2026-09-04) 45074 bytes
2026-08-25 09:37:17,887 [INFO] [OK] Argentina/ECM_ENSEMBLE_Soy_PRCP_DEP/daily dia 13 (2026-09-07 → 2026-09-07) 40445 bytes
2026-08-25 09:37:22,231 [INFO] [OK] Argentina/ECM_ENSEMBLE_Soy_PRCP_DEP/daily dia 14 (2026-09-08 → 2026-09-08) 42165 bytes
2026-08-25 09:37:23,171 [INFO] [OK] Argentina/ECM_ENSEMBLE_Soy_PRCP_DEP/cumulative dia 00 (2026-08-25 → 2026-08-25) 36351 bytes
2026-08-25 09:37:23,211 [INFO] [OK] Argentina/ECM_ENSEMBLE_Soy_PRCP_DEP/cumulative dia 03 (2026-08-25 → 2026-08-28) 43286 bytes
2026-08-25 09:37:23,217 [INFO] [OK] Argentina/ECM_ENSEMBLE_Soy_PRCP_DEP/cumulative dia 02 (2026-08-25 → 2026-08-27) 40955 bytes
2026-08-25 09:37:23,222 [INFO] [OK] Argentina/ECM_ENSEMBLE_Soy_PRCP_DEP/cumulative dia 01 (2026-08-25 → 2026-08-26) 38417 bytes
2026-08-25 09:37:23,227 [INFO] [OK] Argentina/ECM_ENSEMBLE_Soy_PRCP_DEP/cumulative dia 04 (2026-08-25 → 2026-08-29) 45147 bytes
2026-08-25 09:37:28,512 [INFO] [OK] Argentina/ECM_ENSEMBLE_Soy_PRCP_DEP/cumulative dia 08 (2026-08-25 → 2026-09-02) 43954 bytes
2026-08-25 09:37:28,516 [INFO] [OK] Argentina/ECM_ENSEMBLE_Soy_PRCP_DEP/cumulative dia 09 (2026-08-25 → 2026-09-03) 44075 bytes
2026-08-25 09:37:28,519 [INFO] [OK] Argentina/ECM_ENSEMBLE_Soy_PRCP_DEP/cumulative dia 10 (2026-08-25 → 2026-09-04) 43650 bytes
2026-08-25 09:37:28,524 [INFO] [OK] Argentina/ECM_ENSEMBLE_Soy_PRCP_DEP/cumulative dia 05 (2026-08-25 → 2026-08-30) 44726 bytes
2026-08-25 09:37:28,531 [INFO] [OK] Argentina/ECM_ENSEMBLE_Soy_PRCP_DEP/cumulative dia 07 (2026-08-25 → 2026-09-01) 43836 bytes
2026-08-25 09:37:28,533 [INFO] [OK] Argentina/ECM_ENSEMBLE_Soy_PRCP_DEP/cumulative dia 06 (2026-08-25 → 2026-08-31) 44349 bytes
2026-08-25 09:37:29,647 [INFO] [OK] Argentina/ECM_ENSEMBLE_Soy_PRCP/daily dia 01 (2026-08-26 → 2026-08-26) 30306 bytes
2026-08-25 09:37:29,670 [INFO] [OK] Argentina/ECM_ENSEMBLE_Soy_PRCP/daily dia 00 (2026-08-25 → 2026-08-25) 28346 bytes
2026-08-25 09:37:30,203 [INFO] [OK] Argentina/ECM_ENSEMBLE_Soy_PRCP_DEP/cumulative dia 11 (2026-08-25 → 2026-09-05) 43139 bytes
2026-08-25 09:37:30,309 [INFO] [OK] Argentina/ECM_ENSEMBLE_Soy_PRCP_DEP/cumulative dia 12 (2026-08-25 → 2026-09-06) 42208 bytes
2026-08-25 09:37:30,391 [INFO] [OK] Argentina/ECM_ENSEMBLE_Soy_PRCP_DEP/cumulative dia 13 (2026-08-25 → 2026-09-07) 41629 bytes
2026-08-25 09:37:30,480 [INFO] [OK] Argentina/ECM_ENSEMBLE_Soy_PRCP_DEP/cumulative dia 14 (2026-08-25 → 2026-09-08) 41342 bytes
2026-08-25 09:37:30,616 [INFO] [OK] Argentina/ECM_ENSEMBLE_Soy_PRCP/daily dia 03 (2026-08-28 → 2026-08-28) 28856 bytes
2026-08-25 09:37:30,685 [INFO] [OK] Argentina/ECM_ENSEMBLE_Soy_PRCP/daily dia 02 (2026-08-27 → 2026-08-27) 30523 bytes
2026-08-25 09:37:31,199 [INFO] [OK] Argentina/ECM_ENSEMBLE_Soy_PRCP/daily dia 04 (2026-08-29 → 2026-08-29) 30264 bytes
2026-08-25 09:37:31,325 [INFO] [OK] Argentina/ECM_ENSEMBLE_Soy_PRCP/daily dia 05 (2026-08-30 → 2026-08-30) 31619 bytes
2026-08-25 09:37:31,858 [INFO] [OK] Argentina/ECM_ENSEMBLE_Soy_PRCP/daily dia 07 (2026-09-01 → 2026-09-01) 29175 bytes
2026-08-25 09:37:31,860 [INFO] [OK] Argentina/ECM_ENSEMBLE_Soy_PRCP/daily dia 06 (2026-08-31 → 2026-08-31) 31221 bytes
2026-08-25 09:37:31,865 [INFO] [OK] Argentina/ECM_ENSEMBLE_Soy_PRCP/daily dia 09 (2026-09-03 → 2026-09-03) 27808 bytes
2026-08-25 09:37:31,866 [INFO] [OK] Argentina/ECM_ENSEMBLE_Soy_PRCP/daily dia 08 (2026-09-02 → 2026-09-02) 27979 bytes
2026-08-25 09:37:32,207 [INFO] [OK] Argentina/ECM_ENSEMBLE_Soy_PRCP/daily dia 10 (2026-09-04 → 2026-09-04) 29083 bytes
2026-08-25 09:37:32,360 [INFO] [OK] Argentina/ECM_ENSEMBLE_Soy_PRCP/daily dia 11 (2026-09-05 → 2026-09-05) 30164 bytes
2026-08-25 09:37:32,823 [INFO] [OK] Argentina/ECM_ENSEMBLE_Soy_PRCP/daily dia 14 (2026-09-08 → 2026-09-08) 28931 bytes
2026-08-25 09:37:32,862 [INFO] [OK] Argentina/ECM_ENSEMBLE_Soy_PRCP/daily dia 13 (2026-09-07 → 2026-09-07) 29447 bytes
2026-08-25 09:37:32,987 [INFO] [OK] Argentina/ECM_ENSEMBLE_Soy_PRCP/daily dia 12 (2026-09-06 → 2026-09-06) 30229 bytes
2026-08-25 09:37:35,167 [INFO] [OK] Argentina/ECM_ENSEMBLE_Soy_PRCP/cumulative dia 01 (2026-08-25 → 2026-08-26) 31277 bytes
2026-08-25 09:37:35,170 [INFO] [OK] Argentina/ECM_ENSEMBLE_Soy_PRCP/cumulative dia 00 (2026-08-25 → 2026-08-25) 28346 bytes
2026-08-25 09:37:35,173 [INFO] [OK] Argentina/ECM_ENSEMBLE_Soy_PRCP/cumulative dia 02 (2026-08-25 → 2026-08-27) 33691 bytes
2026-08-25 09:37:35,176 [INFO] [OK] Argentina/ECM_ENSEMBLE_Soy_PRCP/cumulative dia 03 (2026-08-25 → 2026-08-28) 34846 bytes
2026-08-25 09:37:36,441 [INFO] [OK] Argentina/ECM_ENSEMBLE_Soy_PRCP/cumulative dia 04 (2026-08-25 → 2026-08-29) 36028 bytes
2026-08-25 09:37:36,490 [INFO] [OK] Argentina/ECM_ENSEMBLE_Soy_PRCP/cumulative dia 05 (2026-08-25 → 2026-08-30) 37240 bytes
2026-08-25 09:37:36,759 [INFO] [OK] Argentina/ECM_ENSEMBLE_Soy_PRCP/cumulative dia 07 (2026-08-25 → 2026-09-01) 38541 bytes
2026-08-25 09:37:36,769 [INFO] [OK] Argentina/ECM_ENSEMBLE_Soy_PRCP/cumulative dia 06 (2026-08-25 → 2026-08-31) 38400 bytes
2026-08-25 09:37:36,781 [INFO] [OK] Argentina/ECM_ENSEMBLE_Soy_PRCP/cumulative dia 08 (2026-08-25 → 2026-09-02) 39100 bytes
2026-08-25 09:37:36,800 [INFO] [OK] Argentina/ECM_ENSEMBLE_Soy_PRCP/cumulative dia 09 (2026-08-25 → 2026-09-03) 39096 bytes
2026-08-25 09:37:37,886 [INFO] [OK] Argentina/ECM_ENSEMBLE_Soy_PRCP/cumulative dia 10 (2026-08-25 → 2026-09-04) 39281 bytes
2026-08-25 09:37:38,105 [INFO] [OK] Argentina/ECM_ENSEMBLE_Soy_PRCP/cumulative dia 11 (2026-08-25 → 2026-09-05) 39617 bytes
2026-08-25 09:37:38,169 [INFO] [OK] Argentina/ECM_ENSEMBLE_Corn_Winter_PRCP_DEP/daily dia 00 (2026-08-25 → 2026-08-25) 34596 bytes
2026-08-25 09:37:38,491 [INFO] [OK] Argentina/ECM_ENSEMBLE_Soy_PRCP/cumulative dia 12 (2026-08-25 → 2026-09-06) 40185 bytes
2026-08-25 09:37:38,492 [INFO] [OK] Argentina/ECM_ENSEMBLE_Soy_PRCP/cumulative dia 13 (2026-08-25 → 2026-09-07) 40265 bytes
2026-08-25 09:37:38,691 [INFO] [OK] Argentina/ECM_ENSEMBLE_Soy_PRCP/cumulative dia 14 (2026-08-25 → 2026-09-08) 40462 bytes
2026-08-25 09:37:38,941 [INFO] [OK] Argentina/ECM_ENSEMBLE_Corn_Winter_PRCP_DEP/daily dia 01 (2026-08-26 → 2026-08-26) 36742 bytes
2026-08-25 09:37:39,126 [INFO] [OK] Argentina/ECM_ENSEMBLE_Corn_Winter_PRCP_DEP/daily dia 02 (2026-08-27 → 2026-08-27) 36969 bytes
2026-08-25 09:37:39,267 [INFO] [OK] Argentina/ECM_ENSEMBLE_Corn_Winter_PRCP_DEP/daily dia 03 (2026-08-28 → 2026-08-28) 39686 bytes
2026-08-25 09:37:39,526 [INFO] [OK] Argentina/ECM_ENSEMBLE_Corn_Winter_PRCP_DEP/daily dia 05 (2026-08-30 → 2026-08-30) 39379 bytes
2026-08-25 09:37:39,554 [INFO] [OK] Argentina/ECM_ENSEMBLE_Corn_Winter_PRCP_DEP/daily dia 04 (2026-08-29 → 2026-08-29) 39485 bytes
2026-08-25 09:37:39,743 [INFO] [OK] Argentina/ECM_ENSEMBLE_Corn_Winter_PRCP_DEP/daily dia 06 (2026-08-31 → 2026-08-31) 38766 bytes
2026-08-25 09:37:40,006 [INFO] [OK] Argentina/ECM_ENSEMBLE_Corn_Winter_PRCP_DEP/daily dia 07 (2026-09-01 → 2026-09-01) 39510 bytes
2026-08-25 09:37:40,270 [INFO] [OK] Argentina/ECM_ENSEMBLE_Corn_Winter_PRCP_DEP/daily dia 08 (2026-09-02 → 2026-09-02) 36862 bytes
2026-08-25 09:37:40,513 [INFO] [OK] Argentina/ECM_ENSEMBLE_Corn_Winter_PRCP_DEP/daily dia 09 (2026-09-03 → 2026-09-03) 41628 bytes
2026-08-25 09:37:47,358 [INFO] [OK] Argentina/ECM_ENSEMBLE_Corn_Winter_PRCP_DEP/daily dia 11 (2026-09-05 → 2026-09-05) 39872 bytes
2026-08-25 09:37:47,398 [INFO] [OK] Argentina/ECM_ENSEMBLE_Corn_Winter_PRCP_DEP/daily dia 12 (2026-09-06 → 2026-09-06) 37857 bytes
2026-08-25 09:37:47,408 [INFO] [OK] Argentina/ECM_ENSEMBLE_Corn_Winter_PRCP_DEP/daily dia 13 (2026-09-07 → 2026-09-07) 38830 bytes
2026-08-25 09:37:47,409 [INFO] [OK] Argentina/ECM_ENSEMBLE_Corn_Winter_PRCP_DEP/daily dia 14 (2026-09-08 → 2026-09-08) 40380 bytes
2026-08-25 09:37:47,413 [INFO] [OK] Argentina/ECM_ENSEMBLE_Corn_Winter_PRCP_DEP/cumulative dia 00 (2026-08-25 → 2026-08-25) 34596 bytes
2026-08-25 09:37:47,423 [INFO] [OK] Argentina/ECM_ENSEMBLE_Corn_Winter_PRCP_DEP/daily dia 10 (2026-09-04 → 2026-09-04) 43492 bytes
2026-08-25 09:37:48,548 [INFO] [OK] Argentina/ECM_ENSEMBLE_Corn_Winter_PRCP_DEP/cumulative dia 01 (2026-08-25 → 2026-08-26) 37167 bytes
2026-08-25 09:37:49,493 [INFO] [OK] Argentina/ECM_ENSEMBLE_Corn_Winter_PRCP_DEP/cumulative dia 02 (2026-08-25 → 2026-08-27) 39537 bytes
2026-08-25 09:37:49,787 [INFO] [OK] Argentina/ECM_ENSEMBLE_Corn_Winter_PRCP_DEP/cumulative dia 04 (2026-08-25 → 2026-08-29) 43585 bytes
2026-08-25 09:37:49,794 [INFO] [OK] Argentina/ECM_ENSEMBLE_Corn_Winter_PRCP_DEP/cumulative dia 03 (2026-08-25 → 2026-08-28) 41875 bytes
2026-08-25 09:37:49,797 [INFO] [OK] Argentina/ECM_ENSEMBLE_Corn_Winter_PRCP_DEP/cumulative dia 05 (2026-08-25 → 2026-08-30) 43329 bytes
2026-08-25 09:37:49,903 [INFO] [OK] Argentina/ECM_ENSEMBLE_Corn_Winter_PRCP_DEP/cumulative dia 06 (2026-08-25 → 2026-08-31) 43039 bytes
2026-08-25 09:37:50,627 [INFO] [OK] Argentina/ECM_ENSEMBLE_Corn_Winter_PRCP_DEP/cumulative dia 07 (2026-08-25 → 2026-09-01) 42416 bytes
2026-08-25 09:37:51,274 [INFO] [OK] Argentina/ECM_ENSEMBLE_Corn_Winter_PRCP_DEP/cumulative dia 09 (2026-08-25 → 2026-09-03) 42391 bytes
2026-08-25 09:37:51,318 [INFO] [OK] Argentina/ECM_ENSEMBLE_Corn_Winter_PRCP_DEP/cumulative dia 08 (2026-08-25 → 2026-09-02) 42488 bytes
2026-08-25 09:37:51,507 [INFO] [OK] Argentina/ECM_ENSEMBLE_Corn_Winter_PRCP_DEP/cumulative dia 10 (2026-08-25 → 2026-09-04) 42091 bytes
2026-08-25 09:37:51,510 [INFO] [OK] Argentina/ECM_ENSEMBLE_Corn_Winter_PRCP_DEP/cumulative dia 11 (2026-08-25 → 2026-09-05) 41325 bytes
2026-08-25 09:37:52,324 [INFO] [OK] Argentina/ECM_ENSEMBLE_Corn_Winter_PRCP_DEP/cumulative dia 12 (2026-08-25 → 2026-09-06) 40715 bytes
2026-08-25 09:37:52,394 [INFO] [OK] Argentina/ECM_ENSEMBLE_Corn_Winter_PRCP_DEP/cumulative dia 13 (2026-08-25 → 2026-09-07) 40003 bytes
2026-08-25 09:37:52,629 [INFO] [OK] Argentina/ECM_ENSEMBLE_Corn_Winter_PRCP/daily dia 00 (2026-08-25 → 2026-08-25) 26475 bytes
2026-08-25 09:37:52,708 [INFO] [OK] Argentina/ECM_ENSEMBLE_Corn_Winter_PRCP/daily dia 02 (2026-08-27 → 2026-08-27) 28286 bytes
2026-08-25 09:37:52,709 [INFO] [OK] Argentina/ECM_ENSEMBLE_Corn_Winter_PRCP/daily dia 01 (2026-08-26 → 2026-08-26) 28513 bytes
2026-08-25 09:37:53,212 [INFO] [OK] Argentina/ECM_ENSEMBLE_Corn_Winter_PRCP_DEP/cumulative dia 14 (2026-08-25 → 2026-09-08) 39813 bytes
2026-08-25 09:37:53,431 [INFO] [OK] Argentina/ECM_ENSEMBLE_Corn_Winter_PRCP/daily dia 04 (2026-08-29 → 2026-08-29) 28263 bytes
2026-08-25 09:37:54,321 [INFO] [OK] Argentina/ECM_ENSEMBLE_Corn_Winter_PRCP/daily dia 05 (2026-08-30 → 2026-08-30) 29637 bytes
2026-08-25 09:37:54,343 [INFO] [OK] Argentina/ECM_ENSEMBLE_Corn_Winter_PRCP/daily dia 08 (2026-09-02 → 2026-09-02) 26202 bytes
2026-08-25 09:37:54,346 [INFO] [OK] Argentina/ECM_ENSEMBLE_Corn_Winter_PRCP/daily dia 03 (2026-08-28 → 2026-08-28) 26788 bytes
2026-08-25 09:37:54,352 [INFO] [OK] Argentina/ECM_ENSEMBLE_Corn_Winter_PRCP/daily dia 06 (2026-08-31 → 2026-08-31) 29195 bytes
2026-08-25 09:37:54,356 [INFO] [OK] Argentina/ECM_ENSEMBLE_Corn_Winter_PRCP/daily dia 07 (2026-09-01 → 2026-09-01) 27306 bytes
2026-08-25 09:37:54,641 [INFO] [OK] Argentina/ECM_ENSEMBLE_Corn_Winter_PRCP/daily dia 09 (2026-09-03 → 2026-09-03) 26125 bytes
2026-08-25 09:37:55,412 [INFO] [OK] Argentina/ECM_ENSEMBLE_Corn_Winter_PRCP/daily dia 10 (2026-09-04 → 2026-09-04) 27550 bytes
2026-08-25 09:37:55,462 [INFO] [OK] Argentina/ECM_ENSEMBLE_Corn_Winter_PRCP/daily dia 11 (2026-09-05 → 2026-09-05) 28539 bytes
2026-08-25 09:37:55,470 [INFO] [OK] Argentina/ECM_ENSEMBLE_Corn_Winter_PRCP/daily dia 12 (2026-09-06 → 2026-09-06) 28386 bytes
2026-08-25 09:37:55,624 [INFO] [OK] Argentina/ECM_ENSEMBLE_Corn_Winter_PRCP/daily dia 14 (2026-09-08 → 2026-09-08) 27531 bytes
2026-08-25 09:37:55,626 [INFO] [OK] Argentina/ECM_ENSEMBLE_Corn_Winter_PRCP/daily dia 13 (2026-09-07 → 2026-09-07) 27561 bytes
2026-08-25 09:37:55,873 [INFO] [OK] Argentina/ECM_ENSEMBLE_Corn_Winter_PRCP/cumulative dia 00 (2026-08-25 → 2026-08-25) 26475 bytes
2026-08-25 09:37:56,629 [INFO] [OK] Argentina/ECM_ENSEMBLE_Corn_Winter_PRCP/cumulative dia 01 (2026-08-25 → 2026-08-26) 29517 bytes
2026-08-25 09:37:56,634 [INFO] [OK] Argentina/ECM_ENSEMBLE_Corn_Winter_PRCP/cumulative dia 02 (2026-08-25 → 2026-08-27) 31774 bytes
2026-08-25 09:37:56,762 [INFO] [OK] Argentina/ECM_ENSEMBLE_Corn_Winter_PRCP/cumulative dia 03 (2026-08-25 → 2026-08-28) 32861 bytes
2026-08-25 09:37:56,831 [INFO] [OK] Argentina/ECM_ENSEMBLE_Corn_Winter_PRCP/cumulative dia 04 (2026-08-25 → 2026-08-29) 34044 bytes
2026-08-25 09:37:56,957 [INFO] [OK] Argentina/ECM_ENSEMBLE_Corn_Winter_PRCP/cumulative dia 05 (2026-08-25 → 2026-08-30) 35440 bytes
2026-08-25 09:37:58,745 [INFO] [OK] Argentina/ECM_ENSEMBLE_Corn_Winter_PRCP/cumulative dia 06 (2026-08-25 → 2026-08-31) 36756 bytes
2026-08-25 09:37:58,763 [INFO] [OK] Argentina/ECM_ENSEMBLE_Corn_Winter_PRCP/cumulative dia 07 (2026-08-25 → 2026-09-01) 36881 bytes
2026-08-25 09:37:58,778 [INFO] [OK] Argentina/ECM_ENSEMBLE_Corn_Winter_PRCP/cumulative dia 10 (2026-08-25 → 2026-09-04) 37526 bytes
2026-08-25 09:37:58,871 [INFO] [OK] Argentina/ECM_ENSEMBLE_Corn_Winter_PRCP/cumulative dia 09 (2026-08-25 → 2026-09-03) 37331 bytes
2026-08-25 09:37:58,873 [INFO] [OK] Argentina/ECM_ENSEMBLE_Corn_Winter_PRCP/cumulative dia 08 (2026-08-25 → 2026-09-02) 37439 bytes
2026-08-25 09:37:58,911 [INFO] [OK] Argentina/ECM_ENSEMBLE_Corn_Winter_PRCP/cumulative dia 11 (2026-08-25 → 2026-09-05) 37795 bytes
2026-08-25 09:38:00,569 [INFO] [OK] Argentina/ECM_ENSEMBLE_Corn_Winter_PRCP/cumulative dia 13 (2026-08-25 → 2026-09-07) 38718 bytes
2026-08-25 09:38:00,990 [INFO] [OK] Argentina/ECM_ENSEMBLE_Corn_Winter_PRCP/cumulative dia 14 (2026-08-25 → 2026-09-08) 38828 bytes
2026-08-25 09:38:01,215 [INFO] [OK] Argentina/ECM_ENSEMBLE_Corn_Winter_PRCP/cumulative dia 12 (2026-08-25 → 2026-09-06) 38581 bytes
2026-08-25 09:38:01,567 [INFO] [OK] USA/GFS_ENSEMBLE_Corn_PRCP_DEP/daily dia 02 (2026-08-27 → 2026-08-27) 57126 bytes
2026-08-25 09:38:01,572 [INFO] [OK] USA/GFS_ENSEMBLE_Corn_PRCP_DEP/daily dia 00 (2026-08-25 → 2026-08-25) 50065 bytes
2026-08-25 09:38:01,973 [INFO] [OK] USA/GFS_ENSEMBLE_Corn_PRCP_DEP/daily dia 01 (2026-08-26 → 2026-08-26) 56287 bytes
2026-08-25 09:38:02,361 [INFO] [OK] USA/GFS_ENSEMBLE_Corn_PRCP_DEP/daily dia 03 (2026-08-28 → 2026-08-28) 55385 bytes
2026-08-25 09:38:02,657 [INFO] [OK] USA/GFS_ENSEMBLE_Corn_PRCP_DEP/daily dia 04 (2026-08-29 → 2026-08-29) 54547 bytes
2026-08-25 09:38:02,878 [INFO] [OK] USA/GFS_ENSEMBLE_Corn_PRCP_DEP/daily dia 05 (2026-08-30 → 2026-08-30) 54899 bytes
2026-08-25 09:38:03,262 [INFO] [OK] USA/GFS_ENSEMBLE_Corn_PRCP_DEP/daily dia 07 (2026-09-01 → 2026-09-01) 59863 bytes
2026-08-25 09:38:04,561 [INFO] [OK] USA/GFS_ENSEMBLE_Corn_PRCP_DEP/daily dia 06 (2026-08-31 → 2026-08-31) 55911 bytes
2026-08-25 09:38:04,562 [INFO] [OK] USA/GFS_ENSEMBLE_Corn_PRCP_DEP/daily dia 09 (2026-09-03 → 2026-09-03) 61624 bytes
2026-08-25 09:38:04,568 [INFO] [OK] USA/GFS_ENSEMBLE_Corn_PRCP_DEP/daily dia 10 (2026-09-04 → 2026-09-04) 60722 bytes
2026-08-25 09:38:04,571 [INFO] [OK] USA/GFS_ENSEMBLE_Corn_PRCP_DEP/daily dia 08 (2026-09-02 → 2026-09-02) 59988 bytes
2026-08-25 09:38:04,577 [INFO] [OK] USA/GFS_ENSEMBLE_Corn_PRCP_DEP/daily dia 11 (2026-09-05 → 2026-09-05) 61940 bytes
2026-08-25 09:38:04,928 [INFO] [OK] USA/GFS_ENSEMBLE_Corn_PRCP_DEP/daily dia 12 (2026-09-06 → 2026-09-06) 62587 bytes
2026-08-25 09:38:06,400 [INFO] [OK] USA/GFS_ENSEMBLE_Corn_PRCP_DEP/daily dia 13 (2026-09-07 → 2026-09-07) 62077 bytes
2026-08-25 09:38:06,417 [INFO] [OK] USA/GFS_ENSEMBLE_Corn_PRCP_DEP/cumulative dia 02 (2026-08-25 → 2026-08-27) 59694 bytes
2026-08-25 09:38:06,421 [INFO] [OK] USA/GFS_ENSEMBLE_Corn_PRCP_DEP/cumulative dia 00 (2026-08-25 → 2026-08-25) 50065 bytes
2026-08-25 09:38:06,557 [INFO] [OK] USA/GFS_ENSEMBLE_Corn_PRCP_DEP/cumulative dia 01 (2026-08-25 → 2026-08-26) 56007 bytes
2026-08-25 09:38:06,719 [INFO] [OK] USA/GFS_ENSEMBLE_Corn_PRCP_DEP/daily dia 14 (2026-09-08 → 2026-09-08) 62904 bytes
2026-08-25 09:38:07,005 [INFO] [OK] USA/GFS_ENSEMBLE_Corn_PRCP_DEP/cumulative dia 03 (2026-08-25 → 2026-08-28) 60027 bytes
2026-08-25 09:38:13,506 [INFO] [OK] USA/GFS_ENSEMBLE_Corn_PRCP_DEP/cumulative dia 04 (2026-08-25 → 2026-08-29) 59452 bytes
2026-08-25 09:38:13,782 [INFO] [OK] USA/GFS_ENSEMBLE_Corn_PRCP_DEP/cumulative dia 07 (2026-08-25 → 2026-09-01) 59346 bytes
2026-08-25 09:38:13,801 [INFO] [OK] USA/GFS_ENSEMBLE_Corn_PRCP_DEP/cumulative dia 06 (2026-08-25 → 2026-08-31) 58836 bytes
2026-08-25 09:38:13,801 [INFO] [OK] USA/GFS_ENSEMBLE_Corn_PRCP_DEP/cumulative dia 05 (2026-08-25 → 2026-08-30) 58915 bytes
2026-08-25 09:38:13,802 [INFO] [OK] USA/GFS_ENSEMBLE_Corn_PRCP_DEP/cumulative dia 08 (2026-08-25 → 2026-09-02) 60017 bytes
2026-08-25 09:38:13,806 [INFO] [OK] USA/GFS_ENSEMBLE_Corn_PRCP_DEP/cumulative dia 09 (2026-08-25 → 2026-09-03) 59935 bytes
2026-08-25 09:38:15,868 [INFO] [OK] USA/GFS_ENSEMBLE_Corn_PRCP/daily dia 00 (2026-08-25 → 2026-08-25) 36041 bytes
2026-08-25 09:38:16,579 [INFO] [OK] USA/GFS_ENSEMBLE_Corn_PRCP_DEP/cumulative dia 10 (2026-08-25 → 2026-09-04) 59529 bytes
2026-08-25 09:38:16,725 [INFO] [OK] USA/GFS_ENSEMBLE_Corn_PRCP_DEP/cumulative dia 11 (2026-08-25 → 2026-09-05) 60081 bytes
2026-08-25 09:38:16,860 [INFO] [OK] USA/GFS_ENSEMBLE_Corn_PRCP_DEP/cumulative dia 12 (2026-08-25 → 2026-09-06) 59900 bytes
2026-08-25 09:38:16,883 [INFO] [OK] USA/GFS_ENSEMBLE_Corn_PRCP_DEP/cumulative dia 13 (2026-08-25 → 2026-09-07) 59715 bytes
2026-08-25 09:38:17,023 [INFO] [OK] USA/GFS_ENSEMBLE_Corn_PRCP_DEP/cumulative dia 14 (2026-08-25 → 2026-09-08) 59725 bytes
2026-08-25 09:38:17,617 [INFO] [OK] USA/GFS_ENSEMBLE_Corn_PRCP/daily dia 01 (2026-08-26 → 2026-08-26) 37146 bytes
2026-08-25 09:38:18,105 [INFO] [OK] USA/GFS_ENSEMBLE_Corn_PRCP/daily dia 02 (2026-08-27 → 2026-08-27) 37368 bytes
2026-08-25 09:38:18,362 [INFO] [OK] USA/GFS_ENSEMBLE_Corn_PRCP/daily dia 03 (2026-08-28 → 2026-08-28) 36625 bytes
2026-08-25 09:38:18,430 [INFO] [OK] USA/GFS_ENSEMBLE_Corn_PRCP/daily dia 04 (2026-08-29 → 2026-08-29) 36101 bytes
2026-08-25 09:38:18,516 [INFO] [OK] USA/GFS_ENSEMBLE_Corn_PRCP/daily dia 05 (2026-08-30 → 2026-08-30) 36278 bytes
2026-08-25 09:38:18,601 [INFO] [OK] USA/GFS_ENSEMBLE_Corn_PRCP/daily dia 06 (2026-08-31 → 2026-08-31) 36599 bytes
2026-08-25 09:38:23,049 [INFO] [OK] USA/GFS_ENSEMBLE_Corn_PRCP/daily dia 11 (2026-09-05 → 2026-09-05) 37260 bytes
2026-08-25 09:38:23,062 [INFO] [OK] USA/GFS_ENSEMBLE_Corn_PRCP/daily dia 07 (2026-09-01 → 2026-09-01) 36446 bytes
2026-08-25 09:38:23,062 [INFO] [OK] USA/GFS_ENSEMBLE_Corn_PRCP/daily dia 12 (2026-09-06 → 2026-09-06) 37251 bytes
2026-08-25 09:38:23,066 [INFO] [OK] USA/GFS_ENSEMBLE_Corn_PRCP/daily dia 09 (2026-09-03 → 2026-09-03) 36674 bytes
2026-08-25 09:38:23,070 [INFO] [OK] USA/GFS_ENSEMBLE_Corn_PRCP/daily dia 08 (2026-09-02 → 2026-09-02) 35691 bytes
2026-08-25 09:38:23,080 [INFO] [OK] USA/GFS_ENSEMBLE_Corn_PRCP/daily dia 10 (2026-09-04 → 2026-09-04) 36735 bytes
2026-08-25 09:38:24,625 [INFO] [OK] USA/GFS_ENSEMBLE_Corn_PRCP/daily dia 14 (2026-09-08 → 2026-09-08) 36650 bytes
2026-08-25 09:38:24,886 [INFO] [OK] USA/GFS_ENSEMBLE_Corn_PRCP/cumulative dia 02 (2026-08-25 → 2026-08-27) 41401 bytes
2026-08-25 09:38:25,043 [INFO] [OK] USA/GFS_ENSEMBLE_Corn_PRCP/daily dia 13 (2026-09-07 → 2026-09-07) 37260 bytes
2026-08-25 09:38:25,054 [INFO] [OK] USA/GFS_ENSEMBLE_Corn_PRCP/cumulative dia 00 (2026-08-25 → 2026-08-25) 36041 bytes
2026-08-25 09:38:25,084 [INFO] [OK] USA/GFS_ENSEMBLE_Corn_PRCP/cumulative dia 01 (2026-08-25 → 2026-08-26) 39081 bytes
2026-08-25 09:38:25,190 [INFO] [OK] USA/GFS_ENSEMBLE_Corn_PRCP/cumulative dia 03 (2026-08-25 → 2026-08-28) 43155 bytes
2026-08-25 09:38:26,584 [INFO] [OK] USA/GFS_ENSEMBLE_Corn_PRCP/cumulative dia 04 (2026-08-25 → 2026-08-29) 43295 bytes
2026-08-25 09:38:26,988 [INFO] [OK] USA/GFS_ENSEMBLE_Corn_PRCP/cumulative dia 05 (2026-08-25 → 2026-08-30) 44026 bytes
2026-08-25 09:38:27,223 [INFO] [OK] USA/GFS_ENSEMBLE_Corn_PRCP/cumulative dia 06 (2026-08-25 → 2026-08-31) 44804 bytes
2026-08-25 09:38:27,336 [INFO] [OK] USA/GFS_ENSEMBLE_Corn_PRCP/cumulative dia 07 (2026-08-25 → 2026-09-01) 46159 bytes
2026-08-25 09:38:27,505 [INFO] [OK] USA/GFS_ENSEMBLE_Corn_PRCP/cumulative dia 08 (2026-08-25 → 2026-09-02) 46741 bytes
2026-08-25 09:38:27,749 [INFO] [OK] USA/GFS_ENSEMBLE_Corn_PRCP/cumulative dia 09 (2026-08-25 → 2026-09-03) 47692 bytes
2026-08-25 09:38:29,102 [INFO] [OK] USA/GFS_ENSEMBLE_Corn_PRCP/cumulative dia 10 (2026-08-25 → 2026-09-04) 48337 bytes
2026-08-25 09:38:29,524 [INFO] [OK] USA/GFS_ENSEMBLE_Soy_PRCP_DEP/daily dia 00 (2026-08-25 → 2026-08-25) 49911 bytes
2026-08-25 09:38:30,699 [INFO] [OK] USA/GFS_ENSEMBLE_Soy_PRCP_DEP/daily dia 01 (2026-08-26 → 2026-08-26) 55858 bytes
2026-08-25 09:38:31,126 [INFO] [OK] USA/GFS_ENSEMBLE_Corn_PRCP/cumulative dia 11 (2026-08-25 → 2026-09-05) 48567 bytes
2026-08-25 09:38:31,262 [INFO] [OK] USA/GFS_ENSEMBLE_Corn_PRCP/cumulative dia 13 (2026-08-25 → 2026-09-07) 49692 bytes
2026-08-25 09:38:31,274 [INFO] [OK] USA/GFS_ENSEMBLE_Soy_PRCP_DEP/daily dia 02 (2026-08-27 → 2026-08-27) 56641 bytes
2026-08-25 09:38:31,292 [INFO] [OK] USA/GFS_ENSEMBLE_Corn_PRCP/cumulative dia 12 (2026-08-25 → 2026-09-06) 48440 bytes
2026-08-25 09:38:31,294 [INFO] [OK] USA/GFS_ENSEMBLE_Corn_PRCP/cumulative dia 14 (2026-08-25 → 2026-09-08) 49503 bytes
2026-08-25 09:38:32,325 [INFO] [OK] USA/GFS_ENSEMBLE_Soy_PRCP_DEP/daily dia 03 (2026-08-28 → 2026-08-28) 54794 bytes
2026-08-25 09:38:32,823 [INFO] [OK] USA/GFS_ENSEMBLE_Soy_PRCP_DEP/daily dia 04 (2026-08-29 → 2026-08-29) 54164 bytes
2026-08-25 09:38:33,005 [INFO] [OK] USA/GFS_ENSEMBLE_Soy_PRCP_DEP/daily dia 05 (2026-08-30 → 2026-08-30) 54653 bytes
2026-08-25 09:38:33,091 [INFO] [OK] USA/GFS_ENSEMBLE_Soy_PRCP_DEP/daily dia 08 (2026-09-02 → 2026-09-02) 59592 bytes
2026-08-25 09:38:33,116 [INFO] [OK] USA/GFS_ENSEMBLE_Soy_PRCP_DEP/daily dia 06 (2026-08-31 → 2026-08-31) 55591 bytes
2026-08-25 09:38:33,135 [INFO] [OK] USA/GFS_ENSEMBLE_Soy_PRCP_DEP/daily dia 07 (2026-09-01 → 2026-09-01) 59484 bytes
2026-08-25 09:38:34,034 [INFO] [OK] USA/GFS_ENSEMBLE_Soy_PRCP_DEP/daily dia 09 (2026-09-03 → 2026-09-03) 61337 bytes
2026-08-25 09:38:34,560 [INFO] [OK] USA/GFS_ENSEMBLE_Soy_PRCP_DEP/daily dia 10 (2026-09-04 → 2026-09-04) 60406 bytes
2026-08-25 09:38:34,750 [INFO] [OK] USA/GFS_ENSEMBLE_Soy_PRCP_DEP/daily dia 12 (2026-09-06 → 2026-09-06) 62407 bytes
2026-08-25 09:38:34,825 [INFO] [OK] USA/GFS_ENSEMBLE_Soy_PRCP_DEP/daily dia 13 (2026-09-07 → 2026-09-07) 61708 bytes
2026-08-25 09:38:34,835 [INFO] [OK] USA/GFS_ENSEMBLE_Soy_PRCP_DEP/daily dia 11 (2026-09-05 → 2026-09-05) 61784 bytes
2026-08-25 09:38:34,859 [INFO] [OK] USA/GFS_ENSEMBLE_Soy_PRCP_DEP/daily dia 14 (2026-09-08 → 2026-09-08) 62514 bytes
2026-08-25 09:38:44,215 [INFO] [OK] USA/GFS_ENSEMBLE_Soy_PRCP_DEP/cumulative dia 03 (2026-08-25 → 2026-08-28) 59735 bytes
2026-08-25 09:38:44,241 [INFO] [OK] USA/GFS_ENSEMBLE_Soy_PRCP_DEP/cumulative dia 02 (2026-08-25 → 2026-08-27) 59546 bytes
2026-08-25 09:38:44,533 [INFO] [OK] USA/GFS_ENSEMBLE_Soy_PRCP_DEP/cumulative dia 00 (2026-08-25 → 2026-08-25) 49911 bytes
2026-08-25 09:38:44,533 [INFO] [OK] USA/GFS_ENSEMBLE_Soy_PRCP_DEP/cumulative dia 04 (2026-08-25 → 2026-08-29) 59105 bytes
2026-08-25 09:38:44,540 [INFO] [OK] USA/GFS_ENSEMBLE_Soy_PRCP_DEP/cumulative dia 05 (2026-08-25 → 2026-08-30) 58350 bytes
2026-08-25 09:38:44,552 [INFO] [OK] USA/GFS_ENSEMBLE_Soy_PRCP_DEP/cumulative dia 01 (2026-08-25 → 2026-08-26) 55969 bytes
2026-08-25 09:38:46,971 [INFO] [OK] USA/GFS_ENSEMBLE_Soy_PRCP_DEP/cumulative dia 07 (2026-08-25 → 2026-09-01) 58851 bytes
2026-08-25 09:38:47,035 [INFO] [OK] USA/GFS_ENSEMBLE_Soy_PRCP_DEP/cumulative dia 06 (2026-08-25 → 2026-08-31) 58344 bytes
2026-08-25 09:38:47,120 [INFO] [OK] USA/GFS_ENSEMBLE_Soy_PRCP_DEP/cumulative dia 08 (2026-08-25 → 2026-09-02) 59699 bytes
2026-08-25 09:38:47,120 [INFO] [OK] USA/GFS_ENSEMBLE_Soy_PRCP_DEP/cumulative dia 09 (2026-08-25 → 2026-09-03) 59411 bytes
2026-08-25 09:38:47,343 [INFO] [OK] USA/GFS_ENSEMBLE_Soy_PRCP_DEP/cumulative dia 10 (2026-08-25 → 2026-09-04) 58960 bytes
2026-08-25 09:38:47,450 [INFO] [OK] USA/GFS_ENSEMBLE_Soy_PRCP_DEP/cumulative dia 11 (2026-08-25 → 2026-09-05) 59469 bytes
2026-08-25 09:38:48,842 [INFO] [OK] USA/GFS_ENSEMBLE_Soy_PRCP/daily dia 00 (2026-08-25 → 2026-08-25) 35734 bytes
2026-08-25 09:38:48,965 [INFO] [OK] USA/GFS_ENSEMBLE_Soy_PRCP/daily dia 01 (2026-08-26 → 2026-08-26) 36882 bytes
2026-08-25 09:38:48,991 [INFO] [OK] USA/GFS_ENSEMBLE_Soy_PRCP/daily dia 02 (2026-08-27 → 2026-08-27) 36973 bytes
2026-08-25 09:38:49,946 [INFO] [OK] USA/GFS_ENSEMBLE_Soy_PRCP_DEP/cumulative dia 12 (2026-08-25 → 2026-09-06) 59416 bytes
2026-08-25 09:38:50,177 [INFO] [OK] USA/GFS_ENSEMBLE_Soy_PRCP_DEP/cumulative dia 13 (2026-08-25 → 2026-09-07) 59335 bytes
2026-08-25 09:38:50,285 [INFO] [OK] USA/GFS_ENSEMBLE_Soy_PRCP_DEP/cumulative dia 14 (2026-08-25 → 2026-09-08) 59255 bytes
2026-08-25 09:38:50,514 [INFO] [OK] USA/GFS_ENSEMBLE_Soy_PRCP/daily dia 03 (2026-08-28 → 2026-08-28) 36228 bytes
2026-08-25 09:38:50,546 [INFO] [OK] USA/GFS_ENSEMBLE_Soy_PRCP/daily dia 04 (2026-08-29 → 2026-08-29) 35531 bytes
2026-08-25 09:38:50,586 [INFO] [OK] USA/GFS_ENSEMBLE_Soy_PRCP/daily dia 05 (2026-08-30 → 2026-08-30) 35868 bytes
2026-08-25 09:38:51,569 [INFO] [OK] USA/GFS_ENSEMBLE_Soy_PRCP/daily dia 06 (2026-08-31 → 2026-08-31) 36189 bytes
2026-08-25 09:38:54,939 [INFO] [OK] USA/GFS_ENSEMBLE_Soy_PRCP/daily dia 08 (2026-09-02 → 2026-09-02) 35195 bytes
2026-08-25 09:38:54,980 [INFO] [OK] USA/GFS_ENSEMBLE_Soy_PRCP/daily dia 07 (2026-09-01 → 2026-09-01) 36040 bytes
2026-08-25 09:38:54,981 [INFO] [OK] USA/GFS_ENSEMBLE_Soy_PRCP/daily dia 12 (2026-09-06 → 2026-09-06) 36793 bytes
2026-08-25 09:38:55,010 [INFO] [OK] USA/GFS_ENSEMBLE_Soy_PRCP/daily dia 11 (2026-09-05 → 2026-09-05) 36758 bytes
2026-08-25 09:38:55,011 [INFO] [OK] USA/GFS_ENSEMBLE_Soy_PRCP/daily dia 10 (2026-09-04 → 2026-09-04) 36271 bytes
2026-08-25 09:38:55,074 [INFO] [OK] USA/GFS_ENSEMBLE_Soy_PRCP/daily dia 09 (2026-09-03 → 2026-09-03) 36268 bytes
2026-08-25 09:39:02,719 [INFO] [OK] USA/GFS_ENSEMBLE_Soy_PRCP/daily dia 14 (2026-09-08 → 2026-09-08) 36129 bytes
2026-08-25 09:39:02,721 [INFO] [OK] USA/GFS_ENSEMBLE_Soy_PRCP/daily dia 13 (2026-09-07 → 2026-09-07) 36800 bytes
2026-08-25 09:39:04,939 [INFO] [OK] USA/GFS_ENSEMBLE_Soy_PRCP/cumulative dia 02 (2026-08-25 → 2026-08-27) 40925 bytes
2026-08-25 09:39:04,948 [INFO] [OK] USA/GFS_ENSEMBLE_Soy_PRCP/cumulative dia 01 (2026-08-25 → 2026-08-26) 38881 bytes
2026-08-25 09:39:04,970 [INFO] [OK] USA/GFS_ENSEMBLE_Soy_PRCP/cumulative dia 03 (2026-08-25 → 2026-08-28) 42597 bytes
2026-08-25 09:39:04,981 [INFO] [OK] USA/GFS_ENSEMBLE_Soy_PRCP/cumulative dia 00 (2026-08-25 → 2026-08-25) 35734 bytes
2026-08-25 09:39:06,963 [INFO] [OK] USA/GFS_ENSEMBLE_Soy_PRCP/cumulative dia 05 (2026-08-25 → 2026-08-30) 43533 bytes
2026-08-25 09:39:07,159 [INFO] [OK] USA/GFS_ENSEMBLE_Soy_PRCP/cumulative dia 04 (2026-08-25 → 2026-08-29) 42904 bytes
2026-08-25 09:39:07,372 [INFO] [OK] USA/GFS_ENSEMBLE_Soy_PRCP/cumulative dia 06 (2026-08-25 → 2026-08-31) 44303 bytes
2026-08-25 09:39:07,846 [INFO] [OK] USA/GFS_ENSEMBLE_Soy_PRCP/cumulative dia 09 (2026-08-25 → 2026-09-03) 47143 bytes
2026-08-25 09:39:07,850 [INFO] [OK] USA/GFS_ENSEMBLE_Soy_PRCP/cumulative dia 08 (2026-08-25 → 2026-09-02) 46309 bytes
2026-08-25 09:39:07,852 [INFO] [OK] USA/GFS_ENSEMBLE_Soy_PRCP/cumulative dia 07 (2026-08-25 → 2026-09-01) 45658 bytes
2026-08-25 09:39:10,187 [INFO] [OK] USA/GFS_ENSEMBLE_Soy_PRCP/cumulative dia 10 (2026-08-25 → 2026-09-04) 47714 bytes
2026-08-25 09:39:10,781 [INFO] [OK] USA/GFS_ENSEMBLE_Soy_PRCP/cumulative dia 12 (2026-08-25 → 2026-09-06) 48120 bytes
2026-08-25 09:39:10,782 [INFO] [OK] USA/GFS_ENSEMBLE_Soy_PRCP/cumulative dia 11 (2026-08-25 → 2026-09-05) 47996 bytes
2026-08-25 09:39:11,608 [INFO] [OK] USA/GFS_ENSEMBLE_Soy_PRCP/cumulative dia 13 (2026-08-25 → 2026-09-07) 49176 bytes
2026-08-25 09:39:11,920 [INFO] [OK] USA/GFS_ENSEMBLE_Soy_PRCP/cumulative dia 14 (2026-08-25 → 2026-09-08) 49206 bytes
2026-08-25 09:39:12,409 [INFO] [OK] USA/GFS_ENSEMBLE_Wheat_Winter_PRCP_DEP/daily dia 00 (2026-08-25 → 2026-08-25) 50955 bytes
2026-08-25 09:39:12,409 [INFO] [OK] USA/GFS_ENSEMBLE_Wheat_Winter_PRCP_DEP/daily dia 01 (2026-08-26 → 2026-08-26) 57304 bytes
2026-08-25 09:39:13,506 [INFO] [OK] USA/GFS_ENSEMBLE_Wheat_Winter_PRCP_DEP/daily dia 03 (2026-08-28 → 2026-08-28) 56651 bytes
2026-08-25 09:39:13,515 [INFO] [OK] USA/GFS_ENSEMBLE_Wheat_Winter_PRCP_DEP/daily dia 02 (2026-08-27 → 2026-08-27) 58744 bytes
2026-08-25 09:39:14,411 [INFO] [OK] USA/GFS_ENSEMBLE_Wheat_Winter_PRCP_DEP/daily dia 05 (2026-08-30 → 2026-08-30) 56362 bytes
2026-08-25 09:39:14,440 [INFO] [OK] USA/GFS_ENSEMBLE_Wheat_Winter_PRCP_DEP/daily dia 04 (2026-08-29 → 2026-08-29) 55730 bytes
2026-08-25 09:39:15,306 [INFO] [OK] USA/GFS_ENSEMBLE_Wheat_Winter_PRCP_DEP/daily dia 09 (2026-09-03 → 2026-09-03) 62667 bytes
2026-08-25 09:39:15,311 [INFO] [OK] USA/GFS_ENSEMBLE_Wheat_Winter_PRCP_DEP/daily dia 07 (2026-09-01 → 2026-09-01) 60833 bytes
2026-08-25 09:39:15,317 [INFO] [OK] USA/GFS_ENSEMBLE_Wheat_Winter_PRCP_DEP/daily dia 08 (2026-09-02 → 2026-09-02) 61044 bytes
2026-08-25 09:39:15,324 [INFO] [OK] USA/GFS_ENSEMBLE_Wheat_Winter_PRCP_DEP/daily dia 06 (2026-08-31 → 2026-08-31) 57505 bytes
2026-08-25 09:39:19,936 [INFO] [OK] USA/GFS_ENSEMBLE_Wheat_Winter_PRCP_DEP/daily dia 11 (2026-09-05 → 2026-09-05) 63591 bytes
2026-08-25 09:39:19,937 [INFO] [OK] USA/GFS_ENSEMBLE_Wheat_Winter_PRCP_DEP/cumulative dia 00 (2026-08-25 → 2026-08-25) 50955 bytes
2026-08-25 09:39:19,971 [INFO] [OK] USA/GFS_ENSEMBLE_Wheat_Winter_PRCP_DEP/daily dia 13 (2026-09-07 → 2026-09-07) 63152 bytes
2026-08-25 09:39:20,001 [INFO] [OK] USA/GFS_ENSEMBLE_Wheat_Winter_PRCP_DEP/daily dia 14 (2026-09-08 → 2026-09-08) 64002 bytes
2026-08-25 09:39:24,146 [INFO] [OK] USA/GFS_ENSEMBLE_Wheat_Winter_PRCP_DEP/daily dia 12 (2026-09-06 → 2026-09-06) 63683 bytes
2026-08-25 09:39:24,148 [INFO] [OK] USA/GFS_ENSEMBLE_Wheat_Winter_PRCP_DEP/daily dia 10 (2026-09-04 → 2026-09-04) 61869 bytes
2026-08-25 09:40:35,152 [INFO] [OK] USA/GFS_ENSEMBLE_Wheat_Winter_PRCP_DEP/cumulative dia 02 (2026-08-25 → 2026-08-27) 60436 bytes
2026-08-25 09:40:35,110 [INFO] [OK] USA/GFS_ENSEMBLE_Wheat_Winter_PRCP_DEP/cumulative dia 03 (2026-08-25 → 2026-08-28) 61179 bytes
2026-08-25 09:40:35,076 [INFO] [OK] USA/GFS_ENSEMBLE_Wheat_Winter_PRCP_DEP/cumulative dia 01 (2026-08-25 → 2026-08-26) 57382 bytes
2026-08-25 09:40:35,076 [INFO] [OK] USA/GFS_ENSEMBLE_Wheat_Winter_PRCP_DEP/cumulative dia 05 (2026-08-25 → 2026-08-30) 59823 bytes
2026-08-25 09:40:35,434 [INFO] [OK] USA/GFS_ENSEMBLE_Wheat_Winter_PRCP_DEP/cumulative dia 04 (2026-08-25 → 2026-08-29) 60410 bytes
2026-08-25 09:42:21,428 [WARNING] [RETRY] USA/GFS_ENSEMBLE_Wheat_Winter_PRCP_DEP/cumulative dia 06 - tentativa 1/3: ('Connection aborted.', ConnectionAbortedError(10053, 'Uma conexão estabelecida foi anulada pelo software no computador host', None, 10053, None))
2026-08-25 09:44:55,578 [WARNING] [RETRY] USA/GFS_ENSEMBLE_Wheat_Winter_PRCP_DEP/cumulative dia 11 - tentativa 1/3: HTTPSConnectionPool(host='api.weatherdesk.xweather.com', port=443): Max retries exceeded with url: /28ffaaf6-c3a2-4009-bd9a-050272f32b8a/services/gwi/v1/getimage?type=station&grouping=D&metric=1&region=35&parameter=PRCP_DEP&model=2&crop=20&label=1&colorscale=1&start=2026-08-25&end=2026-09-05 (Caused by SSLError(SSLEOFError(8, '[SSL: UNEXPECTED_EOF_WHILE_READING] EOF occurred in violation of protocol (_ssl.c:1032)')))
2026-08-25 09:44:55,560 [WARNING] [RETRY] USA/GFS_ENSEMBLE_Wheat_Winter_PRCP_DEP/cumulative dia 10 - tentativa 1/3: HTTPSConnectionPool(host='api.weatherdesk.xweather.com', port=443): Max retries exceeded with url: /28ffaaf6-c3a2-4009-bd9a-050272f32b8a/services/gwi/v1/getimage?type=station&grouping=D&metric=1&region=35&parameter=PRCP_DEP&model=2&crop=20&label=1&colorscale=1&start=2026-08-25&end=2026-09-04 (Caused by SSLError(SSLEOFError(8, '[SSL: UNEXPECTED_EOF_WHILE_READING] EOF occurred in violation of protocol (_ssl.c:1032)')))
2026-08-25 09:44:55,596 [WARNING] [RETRY] USA/GFS_ENSEMBLE_Wheat_Winter_PRCP_DEP/cumulative dia 09 - tentativa 1/3: HTTPSConnectionPool(host='api.weatherdesk.xweather.com', port=443): Max retries exceeded with url: /28ffaaf6-c3a2-4009-bd9a-050272f32b8a/services/gwi/v1/getimage?type=station&grouping=D&metric=1&region=35&parameter=PRCP_DEP&model=2&crop=20&label=1&colorscale=1&start=2026-08-25&end=2026-09-03 (Caused by SSLError(SSLEOFError(8, '[SSL: UNEXPECTED_EOF_WHILE_READING] EOF occurred in violation of protocol (_ssl.c:1032)')))
2026-08-25 09:44:55,597 [WARNING] [RETRY] USA/GFS_ENSEMBLE_Wheat_Winter_PRCP_DEP/cumulative dia 08 - tentativa 1/3: HTTPSConnectionPool(host='api.weatherdesk.xweather.com', port=443): Max retries exceeded with url: /28ffaaf6-c3a2-4009-bd9a-050272f32b8a/services/gwi/v1/getimage?type=station&grouping=D&metric=1&region=35&parameter=PRCP_DEP&model=2&crop=20&label=1&colorscale=1&start=2026-08-25&end=2026-09-02 (Caused by SSLError(SSLEOFError(8, '[SSL: UNEXPECTED_EOF_WHILE_READING] EOF occurred in violation of protocol (_ssl.c:1032)')))
2026-08-25 09:44:55,597 [WARNING] [RETRY] USA/GFS_ENSEMBLE_Wheat_Winter_PRCP_DEP/cumulative dia 06 - tentativa 2/3: HTTPSConnectionPool(host='api.weatherdesk.xweather.com', port=443): Max retries exceeded with url: /28ffaaf6-c3a2-4009-bd9a-050272f32b8a/services/gwi/v1/getimage?type=station&grouping=D&metric=1&region=35&parameter=PRCP_DEP&model=2&crop=20&label=1&colorscale=1&start=2026-08-25&end=2026-08-31 (Caused by SSLError(SSLEOFError(8, '[SSL: UNEXPECTED_EOF_WHILE_READING] EOF occurred in violation of protocol (_ssl.c:1032)')))
2026-08-25 09:44:55,629 [WARNING] [RETRY] USA/GFS_ENSEMBLE_Wheat_Winter_PRCP_DEP/cumulative dia 07 - tentativa 1/3: HTTPSConnectionPool(host='api.weatherdesk.xweather.com', port=443): Max retries exceeded with url: /28ffaaf6-c3a2-4009-bd9a-050272f32b8a/services/gwi/v1/getimage?type=station&grouping=D&metric=1&region=35&parameter=PRCP_DEP&model=2&crop=20&label=1&colorscale=1&start=2026-08-25&end=2026-09-01 (Caused by SSLError(SSLEOFError(8, '[SSL: UNEXPECTED_EOF_WHILE_READING] EOF occurred in violation of protocol (_ssl.c:1032)')))
2026-08-25 09:45:15,560 [INFO] [OK] USA/GFS_ENSEMBLE_Wheat_Winter_PRCP_DEP/cumulative dia 11 (2026-08-25 → 2026-09-05) 61082 bytes
2026-08-25 09:45:15,583 [INFO] [OK] USA/GFS_ENSEMBLE_Wheat_Winter_PRCP_DEP/cumulative dia 10 (2026-08-25 → 2026-09-04) 60738 bytes
2026-08-25 09:45:15,585 [INFO] [OK] USA/GFS_ENSEMBLE_Wheat_Winter_PRCP_DEP/cumulative dia 06 (2026-08-25 → 2026-08-31) 59974 bytes
2026-08-25 09:45:15,586 [INFO] [OK] USA/GFS_ENSEMBLE_Wheat_Winter_PRCP_DEP/cumulative dia 08 (2026-08-25 → 2026-09-02) 61090 bytes
2026-08-25 09:45:15,588 [INFO] [OK] USA/GFS_ENSEMBLE_Wheat_Winter_PRCP_DEP/cumulative dia 07 (2026-08-25 → 2026-09-01) 60068 bytes
2026-08-25 09:45:15,595 [INFO] [OK] USA/GFS_ENSEMBLE_Wheat_Winter_PRCP_DEP/cumulative dia 09 (2026-08-25 → 2026-09-03) 61022 bytes
2026-08-25 09:45:36,237 [INFO] [OK] USA/GFS_ENSEMBLE_Wheat_Winter_PRCP/daily dia 00 (2026-08-25 → 2026-08-25) 37124 bytes
2026-08-25 09:45:36,239 [INFO] [OK] USA/GFS_ENSEMBLE_Wheat_Winter_PRCP_DEP/cumulative dia 14 (2026-08-25 → 2026-09-08) 60626 bytes
2026-08-25 09:45:36,246 [INFO] [OK] USA/GFS_ENSEMBLE_Wheat_Winter_PRCP/daily dia 01 (2026-08-26 → 2026-08-26) 38259 bytes
2026-08-25 09:45:36,247 [INFO] [OK] USA/GFS_ENSEMBLE_Wheat_Winter_PRCP_DEP/cumulative dia 13 (2026-08-25 → 2026-09-07) 60671 bytes
2026-08-25 09:45:36,302 [INFO] [OK] USA/GFS_ENSEMBLE_Wheat_Winter_PRCP_DEP/cumulative dia 12 (2026-08-25 → 2026-09-06) 60980 bytes
2026-08-25 09:45:36,302 [INFO] [OK] USA/GFS_ENSEMBLE_Wheat_Winter_PRCP/daily dia 02 (2026-08-27 → 2026-08-27) 38550 bytes
2026-08-25 09:45:38,561 [INFO] [OK] USA/GFS_ENSEMBLE_Wheat_Winter_PRCP/daily dia 08 (2026-09-02 → 2026-09-02) 36742 bytes
2026-08-25 09:45:38,600 [INFO] [OK] USA/GFS_ENSEMBLE_Wheat_Winter_PRCP/daily dia 03 (2026-08-28 → 2026-08-28) 37794 bytes
2026-08-25 09:45:38,603 [INFO] [OK] USA/GFS_ENSEMBLE_Wheat_Winter_PRCP/daily dia 04 (2026-08-29 → 2026-08-29) 37009 bytes
2026-08-25 09:45:38,609 [INFO] [OK] USA/GFS_ENSEMBLE_Wheat_Winter_PRCP/daily dia 07 (2026-09-01 → 2026-09-01) 37516 bytes
2026-08-25 09:45:38,612 [INFO] [OK] USA/GFS_ENSEMBLE_Wheat_Winter_PRCP/daily dia 06 (2026-08-31 → 2026-08-31) 37599 bytes
2026-08-25 09:45:38,612 [INFO] [OK] USA/GFS_ENSEMBLE_Wheat_Winter_PRCP/daily dia 05 (2026-08-30 → 2026-08-30) 37389 bytes
2026-08-25 09:45:44,273 [INFO] [OK] USA/GFS_ENSEMBLE_Wheat_Winter_PRCP/daily dia 13 (2026-09-07 → 2026-09-07) 38393 bytes
2026-08-25 09:45:44,274 [INFO] [OK] USA/GFS_ENSEMBLE_Wheat_Winter_PRCP/daily dia 14 (2026-09-08 → 2026-09-08) 37727 bytes
2026-08-25 09:45:44,275 [INFO] [OK] USA/GFS_ENSEMBLE_Wheat_Winter_PRCP/daily dia 09 (2026-09-03 → 2026-09-03) 37654 bytes
2026-08-25 09:45:44,280 [INFO] [OK] USA/GFS_ENSEMBLE_Wheat_Winter_PRCP/daily dia 12 (2026-09-06 → 2026-09-06) 38288 bytes
2026-08-25 09:45:44,281 [INFO] [OK] USA/GFS_ENSEMBLE_Wheat_Winter_PRCP/daily dia 11 (2026-09-05 → 2026-09-05) 38183 bytes
2026-08-25 09:45:44,429 [INFO] [OK] USA/GFS_ENSEMBLE_Wheat_Winter_PRCP/daily dia 10 (2026-09-04 → 2026-09-04) 37724 bytes
2026-08-25 09:45:46,057 [INFO] [OK] USA/GFS_ENSEMBLE_Wheat_Winter_PRCP/cumulative dia 00 (2026-08-25 → 2026-08-25) 37124 bytes
2026-08-25 09:45:46,185 [INFO] [OK] USA/GFS_ENSEMBLE_Wheat_Winter_PRCP/cumulative dia 01 (2026-08-25 → 2026-08-26) 40295 bytes
2026-08-25 09:45:46,406 [INFO] [OK] USA/GFS_ENSEMBLE_Wheat_Winter_PRCP/cumulative dia 02 (2026-08-25 → 2026-08-27) 42445 bytes
2026-08-25 09:45:46,603 [INFO] [OK] USA/GFS_ENSEMBLE_Wheat_Winter_PRCP/cumulative dia 04 (2026-08-25 → 2026-08-29) 44550 bytes
2026-08-25 09:45:47,005 [INFO] [OK] USA/GFS_ENSEMBLE_Wheat_Winter_PRCP/cumulative dia 05 (2026-08-25 → 2026-08-30) 45267 bytes
2026-08-25 09:45:47,006 [INFO] [OK] USA/GFS_ENSEMBLE_Wheat_Winter_PRCP/cumulative dia 03 (2026-08-25 → 2026-08-28) 44065 bytes
2026-08-25 09:45:48,398 [INFO] [OK] USA/GFS_ENSEMBLE_Wheat_Winter_PRCP/cumulative dia 06 (2026-08-25 → 2026-08-31) 46121 bytes
2026-08-25 09:45:48,477 [INFO] [OK] USA/GFS_ENSEMBLE_Wheat_Winter_PRCP/cumulative dia 07 (2026-08-25 → 2026-09-01) 47410 bytes
2026-08-25 09:45:49,044 [INFO] [OK] USA/GFS_ENSEMBLE_Wheat_Winter_PRCP/cumulative dia 08 (2026-08-25 → 2026-09-02) 47910 bytes
2026-08-25 09:45:49,229 [INFO] [OK] USA/GFS_ENSEMBLE_Wheat_Winter_PRCP/cumulative dia 09 (2026-08-25 → 2026-09-03) 48836 bytes
2026-08-25 09:45:49,758 [INFO] [OK] USA/GFS_ENSEMBLE_Wheat_Winter_PRCP/cumulative dia 10 (2026-08-25 → 2026-09-04) 49538 bytes
2026-08-25 09:45:49,760 [INFO] [OK] USA/GFS_ENSEMBLE_Wheat_Winter_PRCP/cumulative dia 11 (2026-08-25 → 2026-09-05) 49758 bytes
2026-08-25 09:45:51,119 [INFO] [OK] USA/GFS_ENSEMBLE_Wheat_Winter_PRCP/cumulative dia 12 (2026-08-25 → 2026-09-06) 49938 bytes
2026-08-25 09:45:51,119 [INFO] [OK] USA/GFS_ENSEMBLE_Wheat_Spring_PRCP_DEP/daily dia 00 (2026-08-25 → 2026-08-25) 48301 bytes
2026-08-25 09:45:51,409 [INFO] [OK] USA/GFS_ENSEMBLE_Wheat_Winter_PRCP/cumulative dia 13 (2026-08-25 → 2026-09-07) 50942 bytes
2026-08-25 09:45:55,643 [INFO] [OK] USA/GFS_ENSEMBLE_Wheat_Winter_PRCP/cumulative dia 14 (2026-08-25 → 2026-09-08) 51002 bytes
2026-08-25 09:45:55,704 [INFO] [OK] USA/GFS_ENSEMBLE_Wheat_Spring_PRCP_DEP/daily dia 04 (2026-08-29 → 2026-08-29) 52359 bytes
2026-08-25 09:45:55,704 [INFO] [OK] USA/GFS_ENSEMBLE_Wheat_Spring_PRCP_DEP/daily dia 02 (2026-08-27 → 2026-08-27) 55266 bytes
2026-08-25 09:45:55,724 [INFO] [OK] USA/GFS_ENSEMBLE_Wheat_Spring_PRCP_DEP/daily dia 05 (2026-08-30 → 2026-08-30) 52908 bytes
2026-08-25 09:45:55,725 [INFO] [OK] USA/GFS_ENSEMBLE_Wheat_Spring_PRCP_DEP/daily dia 01 (2026-08-26 → 2026-08-26) 54052 bytes
2026-08-25 09:45:55,726 [INFO] [OK] USA/GFS_ENSEMBLE_Wheat_Spring_PRCP_DEP/daily dia 03 (2026-08-28 → 2026-08-28) 53315 bytes
2026-08-25 09:45:57,805 [INFO] [OK] USA/GFS_ENSEMBLE_Wheat_Spring_PRCP_DEP/daily dia 09 (2026-09-03 → 2026-09-03) 59602 bytes
2026-08-25 09:45:57,816 [INFO] [OK] USA/GFS_ENSEMBLE_Wheat_Spring_PRCP_DEP/daily dia 08 (2026-09-02 → 2026-09-02) 57803 bytes
2026-08-25 09:45:57,818 [INFO] [OK] USA/GFS_ENSEMBLE_Wheat_Spring_PRCP_DEP/daily dia 07 (2026-09-01 → 2026-09-01) 57286 bytes
2026-08-25 09:45:57,822 [INFO] [OK] USA/GFS_ENSEMBLE_Wheat_Spring_PRCP_DEP/daily dia 06 (2026-08-31 → 2026-08-31) 53779 bytes
2026-08-25 09:45:57,882 [INFO] [OK] USA/GFS_ENSEMBLE_Wheat_Spring_PRCP_DEP/daily dia 10 (2026-09-04 → 2026-09-04) 58301 bytes
2026-08-25 09:45:58,018 [INFO] [OK] USA/GFS_ENSEMBLE_Wheat_Spring_PRCP_DEP/daily dia 11 (2026-09-05 → 2026-09-05) 60157 bytes
2026-08-25 09:45:59,542 [INFO] [OK] USA/GFS_ENSEMBLE_Wheat_Spring_PRCP_DEP/daily dia 12 (2026-09-06 → 2026-09-06) 60644 bytes
2026-08-25 09:45:59,583 [INFO] [OK] USA/GFS_ENSEMBLE_Wheat_Spring_PRCP_DEP/daily dia 14 (2026-09-08 → 2026-09-08) 60914 bytes
2026-08-25 09:45:59,626 [INFO] [OK] USA/GFS_ENSEMBLE_Wheat_Spring_PRCP_DEP/daily dia 13 (2026-09-07 → 2026-09-07) 59870 bytes
2026-08-25 09:45:59,707 [INFO] [OK] USA/GFS_ENSEMBLE_Wheat_Spring_PRCP_DEP/cumulative dia 00 (2026-08-25 → 2026-08-25) 48301 bytes
2026-08-25 09:45:59,817 [INFO] [OK] USA/GFS_ENSEMBLE_Wheat_Spring_PRCP_DEP/cumulative dia 02 (2026-08-25 → 2026-08-27) 57598 bytes
2026-08-25 09:45:59,826 [INFO] [OK] USA/GFS_ENSEMBLE_Wheat_Spring_PRCP_DEP/cumulative dia 01 (2026-08-25 → 2026-08-26) 54041 bytes
2026-08-25 09:46:06,684 [INFO] [OK] USA/GFS_ENSEMBLE_Wheat_Spring_PRCP_DEP/cumulative dia 03 (2026-08-25 → 2026-08-28) 58159 bytes
2026-08-25 09:46:06,793 [INFO] [OK] USA/GFS_ENSEMBLE_Wheat_Spring_PRCP_DEP/cumulative dia 04 (2026-08-25 → 2026-08-29) 57345 bytes
2026-08-25 09:46:06,793 [INFO] [OK] USA/GFS_ENSEMBLE_Wheat_Spring_PRCP_DEP/cumulative dia 05 (2026-08-25 → 2026-08-30) 56736 bytes
2026-08-25 09:46:06,829 [INFO] [OK] USA/GFS_ENSEMBLE_Wheat_Spring_PRCP_DEP/cumulative dia 07 (2026-08-25 → 2026-09-01) 57146 bytes
2026-08-25 09:46:06,834 [INFO] [OK] USA/GFS_ENSEMBLE_Wheat_Spring_PRCP_DEP/cumulative dia 08 (2026-08-25 → 2026-09-02) 57984 bytes
2026-08-25 09:46:06,845 [INFO] [OK] USA/GFS_ENSEMBLE_Wheat_Spring_PRCP_DEP/cumulative dia 06 (2026-08-25 → 2026-08-31) 56897 bytes
2026-08-25 09:46:09,529 [INFO] [OK] USA/GFS_ENSEMBLE_Wheat_Spring_PRCP_DEP/cumulative dia 09 (2026-08-25 → 2026-09-03) 57591 bytes
2026-08-25 09:46:09,646 [INFO] [OK] USA/GFS_ENSEMBLE_Wheat_Spring_PRCP_DEP/cumulative dia 10 (2026-08-25 → 2026-09-04) 57081 bytes
2026-08-25 09:46:09,794 [INFO] [OK] USA/GFS_ENSEMBLE_Wheat_Spring_PRCP_DEP/cumulative dia 11 (2026-08-25 → 2026-09-05) 57869 bytes
2026-08-25 09:46:10,045 [INFO] [OK] USA/GFS_ENSEMBLE_Wheat_Spring_PRCP_DEP/cumulative dia 12 (2026-08-25 → 2026-09-06) 57725 bytes
2026-08-25 09:46:10,048 [INFO] [OK] USA/GFS_ENSEMBLE_Wheat_Spring_PRCP_DEP/cumulative dia 14 (2026-08-25 → 2026-09-08) 57509 bytes
2026-08-25 09:46:10,118 [INFO] [OK] USA/GFS_ENSEMBLE_Wheat_Spring_PRCP_DEP/cumulative dia 13 (2026-08-25 → 2026-09-07) 57469 bytes
2026-08-25 09:46:13,613 [INFO] [OK] USA/GFS_ENSEMBLE_Wheat_Spring_PRCP/daily dia 01 (2026-08-26 → 2026-08-26) 35029 bytes
2026-08-25 09:46:13,616 [INFO] [OK] USA/GFS_ENSEMBLE_Wheat_Spring_PRCP/daily dia 04 (2026-08-29 → 2026-08-29) 34057 bytes
2026-08-25 09:46:13,644 [INFO] [OK] USA/GFS_ENSEMBLE_Wheat_Spring_PRCP/daily dia 00 (2026-08-25 → 2026-08-25) 34248 bytes
2026-08-25 09:46:13,645 [INFO] [OK] USA/GFS_ENSEMBLE_Wheat_Spring_PRCP/daily dia 05 (2026-08-30 → 2026-08-30) 34291 bytes
2026-08-25 09:46:13,679 [INFO] [OK] USA/GFS_ENSEMBLE_Wheat_Spring_PRCP/daily dia 02 (2026-08-27 → 2026-08-27) 35354 bytes
2026-08-25 09:46:13,680 [INFO] [OK] USA/GFS_ENSEMBLE_Wheat_Spring_PRCP/daily dia 03 (2026-08-28 → 2026-08-28) 34663 bytes
2026-08-25 09:46:15,404 [INFO] [OK] USA/GFS_ENSEMBLE_Wheat_Spring_PRCP/daily dia 09 (2026-09-03 → 2026-09-03) 34954 bytes
2026-08-25 09:46:15,406 [INFO] [OK] USA/GFS_ENSEMBLE_Wheat_Spring_PRCP/daily dia 06 (2026-08-31 → 2026-08-31) 34628 bytes
2026-08-25 09:46:15,457 [INFO] [OK] USA/GFS_ENSEMBLE_Wheat_Spring_PRCP/daily dia 07 (2026-09-01 → 2026-09-01) 34568 bytes
2026-08-25 09:46:15,681 [INFO] [OK] USA/GFS_ENSEMBLE_Wheat_Spring_PRCP/daily dia 10 (2026-09-04 → 2026-09-04) 34853 bytes
2026-08-25 09:46:15,811 [INFO] [OK] USA/GFS_ENSEMBLE_Wheat_Spring_PRCP/daily dia 11 (2026-09-05 → 2026-09-05) 35185 bytes
2026-08-25 09:46:15,813 [INFO] [OK] USA/GFS_ENSEMBLE_Wheat_Spring_PRCP/daily dia 08 (2026-09-02 → 2026-09-02) 33754 bytes
2026-08-25 09:46:16,920 [INFO] [OK] USA/GFS_ENSEMBLE_Wheat_Spring_PRCP/daily dia 12 (2026-09-06 → 2026-09-06) 35480 bytes
2026-08-25 09:46:17,089 [INFO] [OK] USA/GFS_ENSEMBLE_Wheat_Spring_PRCP/daily dia 14 (2026-09-08 → 2026-09-08) 34764 bytes
2026-08-25 09:46:17,099 [INFO] [OK] USA/GFS_ENSEMBLE_Wheat_Spring_PRCP/daily dia 13 (2026-09-07 → 2026-09-07) 35166 bytes
2026-08-25 09:46:17,492 [INFO] [OK] USA/GFS_ENSEMBLE_Wheat_Spring_PRCP/cumulative dia 00 (2026-08-25 → 2026-08-25) 34248 bytes
2026-08-25 09:46:17,493 [INFO] [OK] USA/GFS_ENSEMBLE_Wheat_Spring_PRCP/cumulative dia 01 (2026-08-25 → 2026-08-26) 37152 bytes
2026-08-25 09:46:17,576 [INFO] [OK] USA/GFS_ENSEMBLE_Wheat_Spring_PRCP/cumulative dia 02 (2026-08-25 → 2026-08-27) 39039 bytes
2026-08-25 09:46:24,296 [INFO] [OK] USA/GFS_ENSEMBLE_Wheat_Spring_PRCP/cumulative dia 03 (2026-08-25 → 2026-08-28) 40774 bytes
2026-08-25 09:46:24,329 [INFO] [OK] USA/GFS_ENSEMBLE_Wheat_Spring_PRCP/cumulative dia 07 (2026-08-25 → 2026-09-01) 43663 bytes
2026-08-25 09:46:24,672 [INFO] [OK] USA/GFS_ENSEMBLE_Wheat_Spring_PRCP/cumulative dia 04 (2026-08-25 → 2026-08-29) 40873 bytes
2026-08-25 09:46:24,690 [INFO] [OK] USA/GFS_ENSEMBLE_Wheat_Spring_PRCP/cumulative dia 08 (2026-08-25 → 2026-09-02) 44265 bytes
2026-08-25 09:46:24,691 [INFO] [OK] USA/GFS_ENSEMBLE_Wheat_Spring_PRCP/cumulative dia 05 (2026-08-25 → 2026-08-30) 41591 bytes
2026-08-25 09:46:24,696 [INFO] [OK] USA/GFS_ENSEMBLE_Wheat_Spring_PRCP/cumulative dia 06 (2026-08-25 → 2026-08-31) 42253 bytes
2026-08-25 09:46:27,366 [INFO] [OK] USA/GFS_ENSEMBLE_Wheat_Spring_PRCP/cumulative dia 09 (2026-08-25 → 2026-09-03) 45014 bytes
2026-08-25 09:46:27,374 [INFO] [OK] USA/GFS_ENSEMBLE_Wheat_Spring_PRCP/cumulative dia 10 (2026-08-25 → 2026-09-04) 45849 bytes
2026-08-25 09:46:27,648 [INFO] [OK] USA/GFS_ENSEMBLE_Wheat_Spring_PRCP/cumulative dia 13 (2026-08-25 → 2026-09-07) 46866 bytes
2026-08-25 09:46:27,692 [INFO] [OK] USA/GFS_ENSEMBLE_Wheat_Spring_PRCP/cumulative dia 12 (2026-08-25 → 2026-09-06) 45938 bytes
2026-08-25 09:46:27,740 [INFO] [OK] USA/GFS_ENSEMBLE_Wheat_Spring_PRCP/cumulative dia 11 (2026-08-25 → 2026-09-05) 46005 bytes
2026-08-25 09:46:27,922 [INFO] [OK] USA/GFS_ENSEMBLE_Wheat_Spring_PRCP/cumulative dia 14 (2026-08-25 → 2026-09-08) 47031 bytes
2026-08-25 09:46:29,077 [INFO] [OK] USA/ECM_ENSEMBLE_Corn_PRCP_DEP/daily dia 00 (2026-08-25 → 2026-08-25) 52077 bytes
2026-08-25 09:46:29,195 [INFO] [OK] USA/ECM_ENSEMBLE_Corn_PRCP_DEP/daily dia 01 (2026-08-26 → 2026-08-26) 54375 bytes
2026-08-25 09:46:29,391 [INFO] [OK] USA/ECM_ENSEMBLE_Corn_PRCP_DEP/daily dia 02 (2026-08-27 → 2026-08-27) 56358 bytes
2026-08-25 09:46:29,479 [INFO] [OK] USA/ECM_ENSEMBLE_Corn_PRCP_DEP/daily dia 04 (2026-08-29 → 2026-08-29) 54448 bytes
2026-08-25 09:46:29,636 [INFO] [OK] USA/ECM_ENSEMBLE_Corn_PRCP_DEP/daily dia 03 (2026-08-28 → 2026-08-28) 56183 bytes
2026-08-25 09:46:29,669 [INFO] [OK] USA/ECM_ENSEMBLE_Corn_PRCP_DEP/daily dia 05 (2026-08-30 → 2026-08-30) 53315 bytes
2026-08-25 09:46:30,785 [INFO] [OK] USA/ECM_ENSEMBLE_Corn_PRCP_DEP/daily dia 06 (2026-08-31 → 2026-08-31) 56662 bytes
2026-08-25 09:46:31,485 [INFO] [OK] USA/ECM_ENSEMBLE_Corn_PRCP_DEP/daily dia 07 (2026-09-01 → 2026-09-01) 57965 bytes
2026-08-25 09:46:31,494 [INFO] [OK] USA/ECM_ENSEMBLE_Corn_PRCP_DEP/daily dia 10 (2026-09-04 → 2026-09-04) 60481 bytes
2026-08-25 09:46:31,497 [INFO] [OK] USA/ECM_ENSEMBLE_Corn_PRCP_DEP/daily dia 09 (2026-09-03 → 2026-09-03) 59168 bytes
2026-08-25 09:46:31,502 [INFO] [OK] USA/ECM_ENSEMBLE_Corn_PRCP_DEP/daily dia 08 (2026-09-02 → 2026-09-02) 58841 bytes
2026-08-25 09:46:31,675 [INFO] [OK] USA/ECM_ENSEMBLE_Corn_PRCP_DEP/daily dia 11 (2026-09-05 → 2026-09-05) 60489 bytes
2026-08-25 09:46:32,631 [INFO] [OK] USA/ECM_ENSEMBLE_Corn_PRCP_DEP/daily dia 12 (2026-09-06 → 2026-09-06) 60585 bytes
2026-08-25 09:46:33,178 [INFO] [OK] USA/ECM_ENSEMBLE_Corn_PRCP_DEP/daily dia 14 (2026-09-08 → 2026-09-08) 60393 bytes
2026-08-25 09:46:33,301 [INFO] [OK] USA/ECM_ENSEMBLE_Corn_PRCP_DEP/cumulative dia 01 (2026-08-25 → 2026-08-26) 56099 bytes
2026-08-25 09:46:33,304 [INFO] [OK] USA/ECM_ENSEMBLE_Corn_PRCP_DEP/daily dia 13 (2026-09-07 → 2026-09-07) 60554 bytes
2026-08-25 09:46:33,441 [INFO] [OK] USA/ECM_ENSEMBLE_Corn_PRCP_DEP/cumulative dia 00 (2026-08-25 → 2026-08-25) 52077 bytes
2026-08-25 09:46:33,554 [INFO] [OK] USA/ECM_ENSEMBLE_Corn_PRCP_DEP/cumulative dia 02 (2026-08-25 → 2026-08-27) 59143 bytes
2026-08-25 09:46:34,588 [INFO] [OK] USA/ECM_ENSEMBLE_Corn_PRCP_DEP/cumulative dia 03 (2026-08-25 → 2026-08-28) 60371 bytes
2026-08-25 09:46:35,369 [INFO] [OK] USA/ECM_ENSEMBLE_Corn_PRCP_DEP/cumulative dia 04 (2026-08-25 → 2026-08-29) 60338 bytes
2026-08-25 09:46:35,585 [INFO] [OK] USA/ECM_ENSEMBLE_Corn_PRCP_DEP/cumulative dia 05 (2026-08-25 → 2026-08-30) 60566 bytes
2026-08-25 09:46:35,679 [INFO] [OK] USA/ECM_ENSEMBLE_Corn_PRCP_DEP/cumulative dia 06 (2026-08-25 → 2026-08-31) 60660 bytes
2026-08-25 09:46:35,947 [INFO] [OK] USA/ECM_ENSEMBLE_Corn_PRCP_DEP/cumulative dia 07 (2026-08-25 → 2026-09-01) 60437 bytes
2026-08-25 09:46:36,046 [INFO] [OK] USA/ECM_ENSEMBLE_Corn_PRCP_DEP/cumulative dia 08 (2026-08-25 → 2026-09-02) 60635 bytes
2026-08-25 09:46:37,364 [INFO] [OK] USA/ECM_ENSEMBLE_Corn_PRCP_DEP/cumulative dia 09 (2026-08-25 → 2026-09-03) 60967 bytes
2026-08-25 09:46:38,112 [INFO] [OK] USA/ECM_ENSEMBLE_Corn_PRCP_DEP/cumulative dia 10 (2026-08-25 → 2026-09-04) 60683 bytes
2026-08-25 09:46:38,679 [INFO] [OK] USA/ECM_ENSEMBLE_Corn_PRCP_DEP/cumulative dia 11 (2026-08-25 → 2026-09-05) 60971 bytes
2026-08-25 09:46:38,689 [INFO] [OK] USA/ECM_ENSEMBLE_Corn_PRCP_DEP/cumulative dia 12 (2026-08-25 → 2026-09-06) 60454 bytes
2026-08-25 09:46:39,137 [INFO] [OK] USA/ECM_ENSEMBLE_Corn_PRCP_DEP/cumulative dia 13 (2026-08-25 → 2026-09-07) 60251 bytes
2026-08-25 09:46:39,197 [INFO] [OK] USA/ECM_ENSEMBLE_Corn_PRCP/daily dia 00 (2026-08-25 → 2026-08-25) 36287 bytes
2026-08-25 09:46:39,330 [INFO] [OK] USA/ECM_ENSEMBLE_Corn_PRCP_DEP/cumulative dia 14 (2026-08-25 → 2026-09-08) 60299 bytes
2026-08-25 09:46:39,655 [INFO] [OK] USA/ECM_ENSEMBLE_Corn_PRCP/daily dia 01 (2026-08-26 → 2026-08-26) 36762 bytes
2026-08-25 09:46:40,367 [INFO] [OK] USA/ECM_ENSEMBLE_Corn_PRCP/daily dia 02 (2026-08-27 → 2026-08-27) 37056 bytes
2026-08-25 09:46:40,450 [INFO] [OK] USA/ECM_ENSEMBLE_Corn_PRCP/daily dia 03 (2026-08-28 → 2026-08-28) 35768 bytes
2026-08-25 09:46:40,835 [INFO] [OK] USA/ECM_ENSEMBLE_Corn_PRCP/daily dia 04 (2026-08-29 → 2026-08-29) 36415 bytes
2026-08-25 09:46:41,033 [INFO] [OK] USA/ECM_ENSEMBLE_Corn_PRCP/daily dia 05 (2026-08-30 → 2026-08-30) 35626 bytes
2026-08-25 09:46:41,215 [INFO] [OK] USA/ECM_ENSEMBLE_Corn_PRCP/daily dia 06 (2026-08-31 → 2026-08-31) 35848 bytes
2026-08-25 09:46:41,316 [INFO] [OK] USA/ECM_ENSEMBLE_Corn_PRCP/daily dia 07 (2026-09-01 → 2026-09-01) 35200 bytes
2026-08-25 09:46:41,992 [INFO] [OK] USA/ECM_ENSEMBLE_Corn_PRCP/daily dia 08 (2026-09-02 → 2026-09-02) 35038 bytes
2026-08-25 09:46:42,236 [INFO] [OK] USA/ECM_ENSEMBLE_Corn_PRCP/daily dia 09 (2026-09-03 → 2026-09-03) 35098 bytes
2026-08-25 09:46:42,430 [INFO] [OK] USA/ECM_ENSEMBLE_Corn_PRCP/daily dia 10 (2026-09-04 → 2026-09-04) 35576 bytes
2026-08-25 09:46:42,836 [INFO] [OK] USA/ECM_ENSEMBLE_Corn_PRCP/daily dia 12 (2026-09-06 → 2026-09-06) 36437 bytes
2026-08-25 09:46:42,894 [INFO] [OK] USA/ECM_ENSEMBLE_Corn_PRCP/daily dia 11 (2026-09-05 → 2026-09-05) 35531 bytes
2026-08-25 09:46:43,073 [INFO] [OK] USA/ECM_ENSEMBLE_Corn_PRCP/daily dia 13 (2026-09-07 → 2026-09-07) 35931 bytes
2026-08-25 09:46:44,277 [INFO] [OK] USA/ECM_ENSEMBLE_Corn_PRCP/daily dia 14 (2026-09-08 → 2026-09-08) 35761 bytes
2026-08-25 09:46:44,347 [INFO] [OK] USA/ECM_ENSEMBLE_Corn_PRCP/cumulative dia 01 (2026-08-25 → 2026-08-26) 38951 bytes
2026-08-25 09:46:44,380 [INFO] [OK] USA/ECM_ENSEMBLE_Corn_PRCP/cumulative dia 00 (2026-08-25 → 2026-08-25) 36287 bytes
2026-08-25 09:46:44,629 [INFO] [OK] USA/ECM_ENSEMBLE_Corn_PRCP/cumulative dia 02 (2026-08-25 → 2026-08-27) 41689 bytes
2026-08-25 09:46:44,863 [INFO] [OK] USA/ECM_ENSEMBLE_Corn_PRCP/cumulative dia 03 (2026-08-25 → 2026-08-28) 43402 bytes
2026-08-25 09:46:45,166 [INFO] [OK] USA/ECM_ENSEMBLE_Corn_PRCP/cumulative dia 04 (2026-08-25 → 2026-08-29) 43967 bytes
2026-08-25 09:46:47,082 [INFO] [OK] USA/ECM_ENSEMBLE_Corn_PRCP/cumulative dia 05 (2026-08-25 → 2026-08-30) 45145 bytes
2026-08-25 09:46:47,109 [INFO] [OK] USA/ECM_ENSEMBLE_Corn_PRCP/cumulative dia 06 (2026-08-25 → 2026-08-31) 46167 bytes
2026-08-25 09:46:47,298 [INFO] [OK] USA/ECM_ENSEMBLE_Corn_PRCP/cumulative dia 07 (2026-08-25 → 2026-09-01) 47126 bytes
2026-08-25 09:46:48,149 [INFO] [OK] USA/ECM_ENSEMBLE_Corn_PRCP/cumulative dia 08 (2026-08-25 → 2026-09-02) 47740 bytes
2026-08-25 09:46:48,388 [INFO] [OK] USA/ECM_ENSEMBLE_Corn_PRCP/cumulative dia 09 (2026-08-25 → 2026-09-03) 48239 bytes
2026-08-25 09:46:48,409 [INFO] [OK] USA/ECM_ENSEMBLE_Corn_PRCP/cumulative dia 10 (2026-08-25 → 2026-09-04) 49495 bytes
2026-08-25 09:46:50,185 [INFO] [OK] USA/ECM_ENSEMBLE_Corn_PRCP/cumulative dia 11 (2026-08-25 → 2026-09-05) 50032 bytes
2026-08-25 09:46:50,348 [INFO] [OK] USA/ECM_ENSEMBLE_Soy_PRCP_DEP/daily dia 01 (2026-08-26 → 2026-08-26) 53941 bytes
2026-08-25 09:46:50,378 [INFO] [OK] USA/ECM_ENSEMBLE_Soy_PRCP_DEP/daily dia 00 (2026-08-25 → 2026-08-25) 51738 bytes
2026-08-25 09:46:50,450 [INFO] [OK] USA/ECM_ENSEMBLE_Corn_PRCP/cumulative dia 12 (2026-08-25 → 2026-09-06) 49840 bytes
2026-08-25 09:46:50,481 [INFO] [OK] USA/ECM_ENSEMBLE_Corn_PRCP/cumulative dia 13 (2026-08-25 → 2026-09-07) 50407 bytes
2026-08-25 09:46:51,305 [INFO] [OK] USA/ECM_ENSEMBLE_Corn_PRCP/cumulative dia 14 (2026-08-25 → 2026-09-08) 50879 bytes
2026-08-25 09:46:52,085 [INFO] [OK] USA/ECM_ENSEMBLE_Soy_PRCP_DEP/daily dia 05 (2026-08-30 → 2026-08-30) 53116 bytes
2026-08-25 09:46:52,154 [INFO] [OK] USA/ECM_ENSEMBLE_Soy_PRCP_DEP/daily dia 04 (2026-08-29 → 2026-08-29) 53892 bytes
2026-08-25 09:46:52,211 [INFO] [OK] USA/ECM_ENSEMBLE_Soy_PRCP_DEP/daily dia 02 (2026-08-27 → 2026-08-27) 55794 bytes
2026-08-25 09:46:52,494 [INFO] [OK] USA/ECM_ENSEMBLE_Soy_PRCP_DEP/daily dia 06 (2026-08-31 → 2026-08-31) 56430 bytes
2026-08-25 09:46:52,496 [INFO] [OK] USA/ECM_ENSEMBLE_Soy_PRCP_DEP/daily dia 03 (2026-08-28 → 2026-08-28) 55787 bytes
2026-08-25 09:46:52,959 [INFO] [OK] USA/ECM_ENSEMBLE_Soy_PRCP_DEP/daily dia 07 (2026-09-01 → 2026-09-01) 57713 bytes
2026-08-25 09:46:53,970 [INFO] [OK] USA/ECM_ENSEMBLE_Soy_PRCP_DEP/daily dia 08 (2026-09-02 → 2026-09-02) 58377 bytes
2026-08-25 09:46:53,983 [INFO] [OK] USA/ECM_ENSEMBLE_Soy_PRCP_DEP/daily dia 09 (2026-09-03 → 2026-09-03) 58851 bytes
2026-08-25 09:46:54,031 [INFO] [OK] USA/ECM_ENSEMBLE_Soy_PRCP_DEP/daily dia 10 (2026-09-04 → 2026-09-04) 60190 bytes
2026-08-25 09:46:54,468 [INFO] [OK] USA/ECM_ENSEMBLE_Soy_PRCP_DEP/daily dia 11 (2026-09-05 → 2026-09-05) 60232 bytes
2026-08-25 09:46:54,498 [INFO] [OK] USA/ECM_ENSEMBLE_Soy_PRCP_DEP/daily dia 12 (2026-09-06 → 2026-09-06) 60503 bytes
2026-08-25 09:46:54,648 [INFO] [OK] USA/ECM_ENSEMBLE_Soy_PRCP_DEP/daily dia 13 (2026-09-07 → 2026-09-07) 60404 bytes
2026-08-25 09:46:55,824 [INFO] [OK] USA/ECM_ENSEMBLE_Soy_PRCP_DEP/daily dia 14 (2026-09-08 → 2026-09-08) 59993 bytes
2026-08-25 09:46:55,837 [INFO] [OK] USA/ECM_ENSEMBLE_Soy_PRCP_DEP/cumulative dia 00 (2026-08-25 → 2026-08-25) 51738 bytes
2026-08-25 09:46:55,869 [INFO] [OK] USA/ECM_ENSEMBLE_Soy_PRCP_DEP/cumulative dia 01 (2026-08-25 → 2026-08-26) 55794 bytes
2026-08-25 09:46:56,415 [INFO] [OK] USA/ECM_ENSEMBLE_Soy_PRCP_DEP/cumulative dia 02 (2026-08-25 → 2026-08-27) 58687 bytes
2026-08-25 09:46:56,584 [INFO] [OK] USA/ECM_ENSEMBLE_Soy_PRCP_DEP/cumulative dia 03 (2026-08-25 → 2026-08-28) 59999 bytes
2026-08-25 09:46:56,830 [INFO] [OK] USA/ECM_ENSEMBLE_Soy_PRCP_DEP/cumulative dia 04 (2026-08-25 → 2026-08-29) 60099 bytes
2026-08-25 09:46:59,522 [INFO] [OK] USA/ECM_ENSEMBLE_Soy_PRCP_DEP/cumulative dia 05 (2026-08-25 → 2026-08-30) 60197 bytes
2026-08-25 09:46:59,530 [INFO] [OK] USA/ECM_ENSEMBLE_Soy_PRCP_DEP/cumulative dia 10 (2026-08-25 → 2026-09-04) 60454 bytes
2026-08-25 09:46:59,535 [INFO] [OK] USA/ECM_ENSEMBLE_Soy_PRCP_DEP/cumulative dia 06 (2026-08-25 → 2026-08-31) 60194 bytes
2026-08-25 09:46:59,535 [INFO] [OK] USA/ECM_ENSEMBLE_Soy_PRCP_DEP/cumulative dia 07 (2026-08-25 → 2026-09-01) 60167 bytes
2026-08-25 09:46:59,544 [INFO] [OK] USA/ECM_ENSEMBLE_Soy_PRCP_DEP/cumulative dia 08 (2026-08-25 → 2026-09-02) 60279 bytes
2026-08-25 09:46:59,565 [INFO] [OK] USA/ECM_ENSEMBLE_Soy_PRCP_DEP/cumulative dia 09 (2026-08-25 → 2026-09-03) 60660 bytes
2026-08-25 09:47:01,562 [INFO] [OK] USA/ECM_ENSEMBLE_Soy_PRCP/daily dia 00 (2026-08-25 → 2026-08-25) 35838 bytes
2026-08-25 09:47:01,603 [INFO] [OK] USA/ECM_ENSEMBLE_Soy_PRCP/daily dia 01 (2026-08-26 → 2026-08-26) 36328 bytes
2026-08-25 09:47:02,650 [INFO] [OK] USA/ECM_ENSEMBLE_Soy_PRCP_DEP/cumulative dia 12 (2026-08-25 → 2026-09-06) 59902 bytes
2026-08-25 09:47:02,689 [INFO] [OK] USA/ECM_ENSEMBLE_Soy_PRCP_DEP/cumulative dia 11 (2026-08-25 → 2026-09-05) 60752 bytes
2026-08-25 09:47:02,766 [INFO] [OK] USA/ECM_ENSEMBLE_Soy_PRCP_DEP/cumulative dia 13 (2026-08-25 → 2026-09-07) 59801 bytes
2026-08-25 09:47:02,999 [INFO] [OK] USA/ECM_ENSEMBLE_Soy_PRCP_DEP/cumulative dia 14 (2026-08-25 → 2026-09-08) 59725 bytes
2026-08-25 09:47:03,200 [INFO] [OK] USA/ECM_ENSEMBLE_Soy_PRCP/daily dia 03 (2026-08-28 → 2026-08-28) 35304 bytes
2026-08-25 09:47:03,255 [INFO] [OK] USA/ECM_ENSEMBLE_Soy_PRCP/daily dia 02 (2026-08-27 → 2026-08-27) 36609 bytes
2026-08-25 09:47:04,278 [INFO] [OK] USA/ECM_ENSEMBLE_Soy_PRCP/daily dia 05 (2026-08-30 → 2026-08-30) 35258 bytes
2026-08-25 09:47:04,367 [INFO] [OK] USA/ECM_ENSEMBLE_Soy_PRCP/daily dia 04 (2026-08-29 → 2026-08-29) 35952 bytes
2026-08-25 09:47:07,226 [INFO] [OK] USA/ECM_ENSEMBLE_Soy_PRCP/daily dia 06 (2026-08-31 → 2026-08-31) 35504 bytes
2026-08-25 09:47:07,232 [INFO] [OK] USA/ECM_ENSEMBLE_Soy_PRCP/daily dia 11 (2026-09-05 → 2026-09-05) 35128 bytes
2026-08-25 09:47:07,235 [INFO] [OK] USA/ECM_ENSEMBLE_Soy_PRCP/daily dia 07 (2026-09-01 → 2026-09-01) 34813 bytes
2026-08-25 09:47:07,235 [INFO] [OK] USA/ECM_ENSEMBLE_Soy_PRCP/daily dia 09 (2026-09-03 → 2026-09-03) 34749 bytes
2026-08-25 09:47:07,237 [INFO] [OK] USA/ECM_ENSEMBLE_Soy_PRCP/daily dia 10 (2026-09-04 → 2026-09-04) 35300 bytes
2026-08-25 09:47:07,240 [INFO] [OK] USA/ECM_ENSEMBLE_Soy_PRCP/daily dia 08 (2026-09-02 → 2026-09-02) 34741 bytes
2026-08-25 09:47:09,022 [INFO] [OK] USA/ECM_ENSEMBLE_Soy_PRCP/daily dia 14 (2026-09-08 → 2026-09-08) 35203 bytes
2026-08-25 09:47:09,447 [INFO] [OK] USA/ECM_ENSEMBLE_Soy_PRCP/daily dia 12 (2026-09-06 → 2026-09-06) 35823 bytes
2026-08-25 09:47:09,450 [INFO] [OK] USA/ECM_ENSEMBLE_Soy_PRCP/daily dia 13 (2026-09-07 → 2026-09-07) 35514 bytes
2026-08-25 09:47:09,480 [INFO] [OK] USA/ECM_ENSEMBLE_Soy_PRCP/cumulative dia 01 (2026-08-25 → 2026-08-26) 38676 bytes
2026-08-25 09:47:09,484 [INFO] [OK] USA/ECM_ENSEMBLE_Soy_PRCP/cumulative dia 00 (2026-08-25 → 2026-08-25) 35838 bytes
2026-08-25 09:47:09,484 [INFO] [OK] USA/ECM_ENSEMBLE_Soy_PRCP/cumulative dia 02 (2026-08-25 → 2026-08-27) 41096 bytes
2026-08-25 09:47:11,512 [INFO] [OK] USA/ECM_ENSEMBLE_Soy_PRCP/cumulative dia 04 (2026-08-25 → 2026-08-29) 43538 bytes
2026-08-25 09:47:11,514 [INFO] [OK] USA/ECM_ENSEMBLE_Soy_PRCP/cumulative dia 03 (2026-08-25 → 2026-08-28) 43057 bytes
2026-08-25 09:47:11,669 [INFO] [OK] USA/ECM_ENSEMBLE_Soy_PRCP/cumulative dia 06 (2026-08-25 → 2026-08-31) 45815 bytes
2026-08-25 09:47:11,812 [INFO] [OK] USA/ECM_ENSEMBLE_Soy_PRCP/cumulative dia 05 (2026-08-25 → 2026-08-30) 44685 bytes
2026-08-25 09:47:11,855 [INFO] [OK] USA/ECM_ENSEMBLE_Soy_PRCP/cumulative dia 07 (2026-08-25 → 2026-09-01) 46737 bytes
2026-08-25 09:47:12,011 [INFO] [OK] USA/ECM_ENSEMBLE_Soy_PRCP/cumulative dia 08 (2026-08-25 → 2026-09-02) 47375 bytes
2026-08-25 09:47:14,106 [INFO] [OK] USA/ECM_ENSEMBLE_Soy_PRCP/cumulative dia 09 (2026-08-25 → 2026-09-03) 47820 bytes
2026-08-25 09:47:14,181 [INFO] [OK] USA/ECM_ENSEMBLE_Soy_PRCP/cumulative dia 10 (2026-08-25 → 2026-09-04) 49057 bytes
2026-08-25 09:47:14,429 [INFO] [OK] USA/ECM_ENSEMBLE_Soy_PRCP/cumulative dia 11 (2026-08-25 → 2026-09-05) 49611 bytes
2026-08-25 09:47:15,188 [INFO] [OK] USA/ECM_ENSEMBLE_Soy_PRCP/cumulative dia 12 (2026-08-25 → 2026-09-06) 49395 bytes
2026-08-25 09:47:15,203 [INFO] [OK] USA/ECM_ENSEMBLE_Soy_PRCP/cumulative dia 13 (2026-08-25 → 2026-09-07) 50129 bytes
2026-08-25 09:47:15,218 [INFO] [OK] USA/ECM_ENSEMBLE_Soy_PRCP/cumulative dia 14 (2026-08-25 → 2026-09-08) 50500 bytes
2026-08-25 09:47:15,875 [INFO] [OK] USA/ECM_ENSEMBLE_Wheat_Winter_PRCP_DEP/daily dia 00 (2026-08-25 → 2026-08-25) 53113 bytes
2026-08-25 09:47:15,919 [INFO] [OK] USA/ECM_ENSEMBLE_Wheat_Winter_PRCP_DEP/daily dia 01 (2026-08-26 → 2026-08-26) 55679 bytes
2026-08-25 09:47:16,084 [INFO] [OK] USA/ECM_ENSEMBLE_Wheat_Winter_PRCP_DEP/daily dia 02 (2026-08-27 → 2026-08-27) 57467 bytes
2026-08-25 09:47:16,862 [INFO] [OK] USA/ECM_ENSEMBLE_Wheat_Winter_PRCP_DEP/daily dia 05 (2026-08-30 → 2026-08-30) 54651 bytes
2026-08-25 09:47:16,870 [INFO] [OK] USA/ECM_ENSEMBLE_Wheat_Winter_PRCP_DEP/daily dia 03 (2026-08-28 → 2026-08-28) 57408 bytes
2026-08-25 09:47:16,959 [INFO] [OK] USA/ECM_ENSEMBLE_Wheat_Winter_PRCP_DEP/daily dia 04 (2026-08-29 → 2026-08-29) 55647 bytes
2026-08-25 09:47:17,594 [INFO] [OK] USA/ECM_ENSEMBLE_Wheat_Winter_PRCP_DEP/daily dia 07 (2026-09-01 → 2026-09-01) 59536 bytes
2026-08-25 09:47:17,749 [INFO] [OK] USA/ECM_ENSEMBLE_Wheat_Winter_PRCP_DEP/daily dia 08 (2026-09-02 → 2026-09-02) 60224 bytes
2026-08-25 09:47:17,750 [INFO] [OK] USA/ECM_ENSEMBLE_Wheat_Winter_PRCP_DEP/daily dia 06 (2026-08-31 → 2026-08-31) 58003 bytes
2026-08-25 09:47:18,539 [INFO] [OK] USA/ECM_ENSEMBLE_Wheat_Winter_PRCP_DEP/daily dia 09 (2026-09-03 → 2026-09-03) 60723 bytes
2026-08-25 09:47:18,591 [INFO] [OK] USA/ECM_ENSEMBLE_Wheat_Winter_PRCP_DEP/daily dia 10 (2026-09-04 → 2026-09-04) 61459 bytes
2026-08-25 09:47:18,604 [INFO] [OK] USA/ECM_ENSEMBLE_Wheat_Winter_PRCP_DEP/daily dia 11 (2026-09-05 → 2026-09-05) 61525 bytes
2026-08-25 09:47:19,340 [INFO] [OK] USA/ECM_ENSEMBLE_Wheat_Winter_PRCP_DEP/daily dia 12 (2026-09-06 → 2026-09-06) 61885 bytes
2026-08-25 09:47:19,397 [INFO] [OK] USA/ECM_ENSEMBLE_Wheat_Winter_PRCP_DEP/daily dia 14 (2026-09-08 → 2026-09-08) 61526 bytes
2026-08-25 09:47:19,457 [INFO] [OK] USA/ECM_ENSEMBLE_Wheat_Winter_PRCP_DEP/daily dia 13 (2026-09-07 → 2026-09-07) 61616 bytes
2026-08-25 09:47:20,401 [INFO] [OK] USA/ECM_ENSEMBLE_Wheat_Winter_PRCP_DEP/cumulative dia 00 (2026-08-25 → 2026-08-25) 53113 bytes
2026-08-25 09:47:20,615 [INFO] [OK] USA/ECM_ENSEMBLE_Wheat_Winter_PRCP_DEP/cumulative dia 01 (2026-08-25 → 2026-08-26) 57337 bytes
2026-08-25 09:47:20,679 [INFO] [OK] USA/ECM_ENSEMBLE_Wheat_Winter_PRCP_DEP/cumulative dia 02 (2026-08-25 → 2026-08-27) 59800 bytes
2026-08-25 09:47:21,299 [INFO] [OK] USA/ECM_ENSEMBLE_Wheat_Winter_PRCP_DEP/cumulative dia 03 (2026-08-25 → 2026-08-28) 61476 bytes
2026-08-25 09:47:22,022 [INFO] [OK] USA/ECM_ENSEMBLE_Wheat_Winter_PRCP_DEP/cumulative dia 05 (2026-08-25 → 2026-08-30) 61775 bytes
2026-08-25 09:47:22,040 [INFO] [OK] USA/ECM_ENSEMBLE_Wheat_Winter_PRCP_DEP/cumulative dia 04 (2026-08-25 → 2026-08-29) 61566 bytes
2026-08-25 09:47:32,536 [INFO] [OK] USA/ECM_ENSEMBLE_Wheat_Winter_PRCP_DEP/cumulative dia 06 (2026-08-25 → 2026-08-31) 61802 bytes
2026-08-25 09:47:32,627 [INFO] [OK] USA/ECM_ENSEMBLE_Wheat_Winter_PRCP_DEP/cumulative dia 07 (2026-08-25 → 2026-09-01) 61778 bytes
2026-08-25 09:47:32,635 [INFO] [OK] USA/ECM_ENSEMBLE_Wheat_Winter_PRCP_DEP/cumulative dia 11 (2026-08-25 → 2026-09-05) 62100 bytes
2026-08-25 09:47:32,671 [INFO] [OK] USA/ECM_ENSEMBLE_Wheat_Winter_PRCP_DEP/cumulative dia 10 (2026-08-25 → 2026-09-04) 61870 bytes
2026-08-25 09:47:32,674 [INFO] [OK] USA/ECM_ENSEMBLE_Wheat_Winter_PRCP_DEP/cumulative dia 09 (2026-08-25 → 2026-09-03) 62183 bytes
2026-08-25 09:47:32,705 [INFO] [OK] USA/ECM_ENSEMBLE_Wheat_Winter_PRCP_DEP/cumulative dia 08 (2026-08-25 → 2026-09-02) 61907 bytes
2026-08-25 09:47:34,483 [INFO] [OK] USA/ECM_ENSEMBLE_Wheat_Winter_PRCP/daily dia 00 (2026-08-25 → 2026-08-25) 37395 bytes
2026-08-25 09:47:34,485 [INFO] [OK] USA/ECM_ENSEMBLE_Wheat_Winter_PRCP/daily dia 02 (2026-08-27 → 2026-08-27) 38203 bytes
2026-08-25 09:47:34,548 [INFO] [OK] USA/ECM_ENSEMBLE_Wheat_Winter_PRCP/daily dia 01 (2026-08-26 → 2026-08-26) 37676 bytes
2026-08-25 09:47:35,601 [INFO] [OK] USA/ECM_ENSEMBLE_Wheat_Winter_PRCP_DEP/cumulative dia 12 (2026-08-25 → 2026-09-06) 61474 bytes
2026-08-25 09:47:35,673 [INFO] [OK] USA/ECM_ENSEMBLE_Wheat_Winter_PRCP_DEP/cumulative dia 13 (2026-08-25 → 2026-09-07) 61285 bytes
2026-08-25 09:47:35,797 [INFO] [OK] USA/ECM_ENSEMBLE_Wheat_Winter_PRCP_DEP/cumulative dia 14 (2026-08-25 → 2026-09-08) 61213 bytes
2026-08-25 09:47:36,429 [INFO] [OK] USA/ECM_ENSEMBLE_Wheat_Winter_PRCP/daily dia 05 (2026-08-30 → 2026-08-30) 36907 bytes
2026-08-25 09:47:36,454 [INFO] [OK] USA/ECM_ENSEMBLE_Wheat_Winter_PRCP/daily dia 04 (2026-08-29 → 2026-08-29) 37544 bytes
2026-08-25 09:47:36,458 [INFO] [OK] USA/ECM_ENSEMBLE_Wheat_Winter_PRCP/daily dia 03 (2026-08-28 → 2026-08-28) 36819 bytes
2026-08-25 09:47:39,953 [INFO] [OK] USA/ECM_ENSEMBLE_Wheat_Winter_PRCP/daily dia 06 (2026-08-31 → 2026-08-31) 36994 bytes
2026-08-25 09:47:39,966 [INFO] [OK] USA/ECM_ENSEMBLE_Wheat_Winter_PRCP/daily dia 09 (2026-09-03 → 2026-09-03) 36255 bytes
2026-08-25 09:47:39,978 [INFO] [OK] USA/ECM_ENSEMBLE_Wheat_Winter_PRCP/daily dia 08 (2026-09-02 → 2026-09-02) 36199 bytes
2026-08-25 09:47:40,012 [INFO] [OK] USA/ECM_ENSEMBLE_Wheat_Winter_PRCP/daily dia 10 (2026-09-04 → 2026-09-04) 36647 bytes
2026-08-25 09:47:40,025 [INFO] [OK] USA/ECM_ENSEMBLE_Wheat_Winter_PRCP/daily dia 07 (2026-09-01 → 2026-09-01) 36131 bytes
2026-08-25 09:47:40,030 [INFO] [OK] USA/ECM_ENSEMBLE_Wheat_Winter_PRCP/daily dia 11 (2026-09-05 → 2026-09-05) 36616 bytes
2026-08-25 09:47:41,796 [INFO] [OK] USA/ECM_ENSEMBLE_Wheat_Winter_PRCP/cumulative dia 00 (2026-08-25 → 2026-08-25) 37395 bytes
2026-08-25 09:47:41,797 [INFO] [OK] USA/ECM_ENSEMBLE_Wheat_Winter_PRCP/daily dia 13 (2026-09-07 → 2026-09-07) 36975 bytes
2026-08-25 09:47:41,821 [INFO] [OK] USA/ECM_ENSEMBLE_Wheat_Winter_PRCP/cumulative dia 02 (2026-08-25 → 2026-08-27) 42720 bytes
2026-08-25 09:47:41,883 [INFO] [OK] USA/ECM_ENSEMBLE_Wheat_Winter_PRCP/daily dia 12 (2026-09-06 → 2026-09-06) 37538 bytes
2026-08-25 09:47:41,895 [INFO] [OK] USA/ECM_ENSEMBLE_Wheat_Winter_PRCP/cumulative dia 01 (2026-08-25 → 2026-08-26) 40150 bytes
2026-08-25 09:47:41,944 [INFO] [OK] USA/ECM_ENSEMBLE_Wheat_Winter_PRCP/daily dia 14 (2026-09-08 → 2026-09-08) 36713 bytes
2026-08-25 09:47:43,761 [INFO] [OK] USA/ECM_ENSEMBLE_Wheat_Winter_PRCP/cumulative dia 03 (2026-08-25 → 2026-08-28) 44531 bytes
2026-08-25 09:47:43,818 [INFO] [OK] USA/ECM_ENSEMBLE_Wheat_Winter_PRCP/cumulative dia 04 (2026-08-25 → 2026-08-29) 45084 bytes
2026-08-25 09:47:44,175 [INFO] [OK] USA/ECM_ENSEMBLE_Wheat_Winter_PRCP/cumulative dia 05 (2026-08-25 → 2026-08-30) 46224 bytes
2026-08-25 09:47:44,176 [INFO] [OK] USA/ECM_ENSEMBLE_Wheat_Winter_PRCP/cumulative dia 06 (2026-08-25 → 2026-08-31) 47165 bytes
2026-08-25 09:47:44,356 [INFO] [OK] USA/ECM_ENSEMBLE_Wheat_Winter_PRCP/cumulative dia 07 (2026-08-25 → 2026-09-01) 48108 bytes
2026-08-25 09:47:44,467 [INFO] [OK] USA/ECM_ENSEMBLE_Wheat_Winter_PRCP/cumulative dia 08 (2026-08-25 → 2026-09-02) 48503 bytes
2026-08-25 09:47:49,929 [INFO] [OK] USA/ECM_ENSEMBLE_Wheat_Winter_PRCP/cumulative dia 09 (2026-08-25 → 2026-09-03) 49286 bytes
2026-08-25 09:47:50,085 [INFO] [OK] USA/ECM_ENSEMBLE_Wheat_Winter_PRCP/cumulative dia 14 (2026-08-25 → 2026-09-08) 52225 bytes
2026-08-25 09:47:50,087 [INFO] [OK] USA/ECM_ENSEMBLE_Wheat_Winter_PRCP/cumulative dia 13 (2026-08-25 → 2026-09-07) 51720 bytes
2026-08-25 09:47:50,092 [INFO] [OK] USA/ECM_ENSEMBLE_Wheat_Winter_PRCP/cumulative dia 10 (2026-08-25 → 2026-09-04) 50726 bytes
2026-08-25 09:47:50,096 [INFO] [OK] USA/ECM_ENSEMBLE_Wheat_Winter_PRCP/cumulative dia 11 (2026-08-25 → 2026-09-05) 51131 bytes
2026-08-25 09:47:50,097 [INFO] [OK] USA/ECM_ENSEMBLE_Wheat_Winter_PRCP/cumulative dia 12 (2026-08-25 → 2026-09-06) 51000 bytes
2026-08-25 09:47:52,153 [INFO] [OK] USA/ECM_ENSEMBLE_Wheat_Spring_PRCP_DEP/daily dia 01 (2026-08-26 → 2026-08-26) 52412 bytes
2026-08-25 09:47:52,228 [INFO] [OK] USA/ECM_ENSEMBLE_Wheat_Spring_PRCP_DEP/daily dia 04 (2026-08-29 → 2026-08-29) 52257 bytes
2026-08-25 09:47:52,407 [INFO] [OK] USA/ECM_ENSEMBLE_Wheat_Spring_PRCP_DEP/daily dia 02 (2026-08-27 → 2026-08-27) 54406 bytes
2026-08-25 09:47:52,414 [INFO] [OK] USA/ECM_ENSEMBLE_Wheat_Spring_PRCP_DEP/daily dia 03 (2026-08-28 → 2026-08-28) 54560 bytes
2026-08-25 09:47:52,557 [INFO] [OK] USA/ECM_ENSEMBLE_Wheat_Spring_PRCP_DEP/daily dia 05 (2026-08-30 → 2026-08-30) 51003 bytes
2026-08-25 09:47:52,560 [INFO] [OK] USA/ECM_ENSEMBLE_Wheat_Spring_PRCP_DEP/daily dia 00 (2026-08-25 → 2026-08-25) 50171 bytes
2026-08-25 09:47:53,985 [INFO] [OK] USA/ECM_ENSEMBLE_Wheat_Spring_PRCP_DEP/daily dia 07 (2026-09-01 → 2026-09-01) 55537 bytes
2026-08-25 09:47:54,098 [INFO] [OK] USA/ECM_ENSEMBLE_Wheat_Spring_PRCP_DEP/daily dia 06 (2026-08-31 → 2026-08-31) 54610 bytes
2026-08-25 09:47:54,445 [INFO] [OK] USA/ECM_ENSEMBLE_Wheat_Spring_PRCP_DEP/daily dia 11 (2026-09-05 → 2026-09-05) 58136 bytes
2026-08-25 09:47:54,478 [INFO] [OK] USA/ECM_ENSEMBLE_Wheat_Spring_PRCP_DEP/daily dia 08 (2026-09-02 → 2026-09-02) 56306 bytes
2026-08-25 09:47:54,498 [INFO] [OK] USA/ECM_ENSEMBLE_Wheat_Spring_PRCP_DEP/daily dia 09 (2026-09-03 → 2026-09-03) 56742 bytes
2026-08-25 09:47:54,500 [INFO] [OK] USA/ECM_ENSEMBLE_Wheat_Spring_PRCP_DEP/daily dia 10 (2026-09-04 → 2026-09-04) 57870 bytes
2026-08-25 09:47:58,303 [INFO] [OK] USA/ECM_ENSEMBLE_Wheat_Spring_PRCP_DEP/daily dia 12 (2026-09-06 → 2026-09-06) 58469 bytes
2026-08-25 09:47:58,946 [INFO] [OK] USA/ECM_ENSEMBLE_Wheat_Spring_PRCP_DEP/daily dia 13 (2026-09-07 → 2026-09-07) 58371 bytes
2026-08-25 09:47:58,951 [INFO] [OK] USA/ECM_ENSEMBLE_Wheat_Spring_PRCP_DEP/daily dia 14 (2026-09-08 → 2026-09-08) 58350 bytes
2026-08-25 09:47:59,080 [INFO] [OK] USA/ECM_ENSEMBLE_Wheat_Spring_PRCP_DEP/cumulative dia 02 (2026-08-25 → 2026-08-27) 57002 bytes
2026-08-25 09:47:59,083 [INFO] [OK] USA/ECM_ENSEMBLE_Wheat_Spring_PRCP_DEP/cumulative dia 00 (2026-08-25 → 2026-08-25) 50171 bytes
2026-08-25 09:47:59,093 [INFO] [OK] USA/ECM_ENSEMBLE_Wheat_Spring_PRCP_DEP/cumulative dia 01 (2026-08-25 → 2026-08-26) 54035 bytes
2026-08-25 09:48:01,397 [INFO] [OK] USA/ECM_ENSEMBLE_Wheat_Spring_PRCP_DEP/cumulative dia 03 (2026-08-25 → 2026-08-28) 58534 bytes
2026-08-25 09:48:01,966 [INFO] [OK] USA/ECM_ENSEMBLE_Wheat_Spring_PRCP_DEP/cumulative dia 04 (2026-08-25 → 2026-08-29) 58709 bytes
2026-08-25 09:48:01,977 [INFO] [OK] USA/ECM_ENSEMBLE_Wheat_Spring_PRCP_DEP/cumulative dia 07 (2026-08-25 → 2026-09-01) 58607 bytes
2026-08-25 09:48:01,977 [INFO] [OK] USA/ECM_ENSEMBLE_Wheat_Spring_PRCP_DEP/cumulative dia 06 (2026-08-25 → 2026-08-31) 58936 bytes
2026-08-25 09:48:02,172 [INFO] [OK] USA/ECM_ENSEMBLE_Wheat_Spring_PRCP_DEP/cumulative dia 05 (2026-08-25 → 2026-08-30) 58810 bytes
2026-08-25 09:48:02,221 [INFO] [OK] USA/ECM_ENSEMBLE_Wheat_Spring_PRCP_DEP/cumulative dia 08 (2026-08-25 → 2026-09-02) 58484 bytes
2026-08-25 09:48:04,156 [INFO] [OK] USA/ECM_ENSEMBLE_Wheat_Spring_PRCP_DEP/cumulative dia 09 (2026-08-25 → 2026-09-03) 58704 bytes
2026-08-25 09:48:05,019 [INFO] [OK] USA/ECM_ENSEMBLE_Wheat_Spring_PRCP_DEP/cumulative dia 10 (2026-08-25 → 2026-09-04) 58256 bytes
2026-08-25 09:48:05,136 [INFO] [OK] USA/ECM_ENSEMBLE_Wheat_Spring_PRCP_DEP/cumulative dia 12 (2026-08-25 → 2026-09-06) 57724 bytes
2026-08-25 09:48:05,145 [INFO] [OK] USA/ECM_ENSEMBLE_Wheat_Spring_PRCP_DEP/cumulative dia 11 (2026-08-25 → 2026-09-05) 58643 bytes
2026-08-25 09:48:05,408 [INFO] [OK] USA/ECM_ENSEMBLE_Wheat_Spring_PRCP_DEP/cumulative dia 13 (2026-08-25 → 2026-09-07) 57642 bytes
2026-08-25 09:48:05,527 [INFO] [OK] USA/ECM_ENSEMBLE_Wheat_Spring_PRCP_DEP/cumulative dia 14 (2026-08-25 → 2026-09-08) 57727 bytes
2026-08-25 09:48:05,838 [INFO] [OK] USA/ECM_ENSEMBLE_Wheat_Spring_PRCP/daily dia 00 (2026-08-25 → 2026-08-25) 34376 bytes
2026-08-25 09:48:06,629 [INFO] [OK] USA/ECM_ENSEMBLE_Wheat_Spring_PRCP/daily dia 01 (2026-08-26 → 2026-08-26) 34708 bytes
2026-08-25 09:48:06,843 [INFO] [OK] USA/ECM_ENSEMBLE_Wheat_Spring_PRCP/daily dia 02 (2026-08-27 → 2026-08-27) 35011 bytes
2026-08-25 09:48:06,845 [INFO] [OK] USA/ECM_ENSEMBLE_Wheat_Spring_PRCP/daily dia 03 (2026-08-28 → 2026-08-28) 33875 bytes
2026-08-25 09:48:07,013 [INFO] [OK] USA/ECM_ENSEMBLE_Wheat_Spring_PRCP/daily dia 04 (2026-08-29 → 2026-08-29) 34734 bytes
2026-08-25 09:48:07,152 [INFO] [OK] USA/ECM_ENSEMBLE_Wheat_Spring_PRCP/daily dia 05 (2026-08-30 → 2026-08-30) 33721 bytes
2026-08-25 09:48:07,521 [INFO] [OK] USA/ECM_ENSEMBLE_Wheat_Spring_PRCP/daily dia 06 (2026-08-31 → 2026-08-31) 33842 bytes
2026-08-25 09:48:08,243 [INFO] [OK] USA/ECM_ENSEMBLE_Wheat_Spring_PRCP/daily dia 07 (2026-09-01 → 2026-09-01) 33380 bytes
2026-08-25 09:48:08,407 [INFO] [OK] USA/ECM_ENSEMBLE_Wheat_Spring_PRCP/daily dia 09 (2026-09-03 → 2026-09-03) 33297 bytes
2026-08-25 09:48:08,407 [INFO] [OK] USA/ECM_ENSEMBLE_Wheat_Spring_PRCP/daily dia 08 (2026-09-02 → 2026-09-02) 33337 bytes
2026-08-25 09:48:08,597 [INFO] [OK] USA/ECM_ENSEMBLE_Wheat_Spring_PRCP/daily dia 10 (2026-09-04 → 2026-09-04) 33612 bytes
2026-08-25 09:48:08,883 [INFO] [OK] USA/ECM_ENSEMBLE_Wheat_Spring_PRCP/daily dia 11 (2026-09-05 → 2026-09-05) 33574 bytes
2026-08-25 09:48:09,190 [INFO] [OK] USA/ECM_ENSEMBLE_Wheat_Spring_PRCP/daily dia 12 (2026-09-06 → 2026-09-06) 34415 bytes
2026-08-25 09:48:13,279 [INFO] [OK] USA/ECM_ENSEMBLE_Wheat_Spring_PRCP/daily dia 13 (2026-09-07 → 2026-09-07) 33953 bytes
2026-08-25 09:48:13,284 [INFO] [OK] USA/ECM_ENSEMBLE_Wheat_Spring_PRCP/daily dia 14 (2026-09-08 → 2026-09-08) 33650 bytes
2026-08-25 09:48:13,419 [INFO] [OK] USA/ECM_ENSEMBLE_Wheat_Spring_PRCP/cumulative dia 00 (2026-08-25 → 2026-08-25) 34376 bytes
2026-08-25 09:48:13,583 [INFO] [OK] USA/ECM_ENSEMBLE_Wheat_Spring_PRCP/cumulative dia 01 (2026-08-25 → 2026-08-26) 37065 bytes
2026-08-25 09:48:13,584 [INFO] [OK] USA/ECM_ENSEMBLE_Wheat_Spring_PRCP/cumulative dia 02 (2026-08-25 → 2026-08-27) 39404 bytes
2026-08-25 09:48:13,619 [INFO] [OK] USA/ECM_ENSEMBLE_Wheat_Spring_PRCP/cumulative dia 03 (2026-08-25 → 2026-08-28) 41123 bytes
2026-08-25 09:48:15,670 [INFO] [OK] USA/ECM_ENSEMBLE_Wheat_Spring_PRCP/cumulative dia 04 (2026-08-25 → 2026-08-29) 41926 bytes
2026-08-25 09:48:15,815 [INFO] [OK] USA/ECM_ENSEMBLE_Wheat_Spring_PRCP/cumulative dia 06 (2026-08-25 → 2026-08-31) 43725 bytes
2026-08-25 09:48:15,821 [INFO] [OK] USA/ECM_ENSEMBLE_Wheat_Spring_PRCP/cumulative dia 05 (2026-08-25 → 2026-08-30) 42625 bytes
2026-08-25 09:48:16,079 [INFO] [OK] USA/ECM_ENSEMBLE_Wheat_Spring_PRCP/cumulative dia 08 (2026-08-25 → 2026-09-02) 44852 bytes
2026-08-25 09:48:16,220 [INFO] [OK] USA/ECM_ENSEMBLE_Wheat_Spring_PRCP/cumulative dia 07 (2026-08-25 → 2026-09-01) 44496 bytes
2026-08-25 09:48:16,254 [INFO] [OK] USA/ECM_ENSEMBLE_Wheat_Spring_PRCP/cumulative dia 09 (2026-08-25 → 2026-09-03) 45546 bytes
2026-08-25 09:48:18,443 [INFO] [OK] USA/ECM_ENSEMBLE_Wheat_Spring_PRCP/cumulative dia 10 (2026-08-25 → 2026-09-04) 46848 bytes
2026-08-25 09:48:18,693 [INFO] [OK] USA/ECM_ENSEMBLE_Wheat_Spring_PRCP/cumulative dia 11 (2026-08-25 → 2026-09-05) 47224 bytes
2026-08-25 09:48:18,694 [INFO] [OK] USA/ECM_ENSEMBLE_Wheat_Spring_PRCP/cumulative dia 12 (2026-08-25 → 2026-09-06) 47099 bytes
2026-08-25 09:48:18,906 [INFO] [OK] USA/ECM_ENSEMBLE_Wheat_Spring_PRCP/cumulative dia 13 (2026-08-25 → 2026-09-07) 47701 bytes
2026-08-25 09:48:19,144 [INFO] [OK] USA/ECM_ENSEMBLE_Wheat_Spring_PRCP/cumulative dia 14 (2026-08-25 → 2026-09-08) 48223 bytes
2026-08-25 09:48:19,240 [INFO] Resumo: 960/960 sucessos, 0 erros
2026-08-25 09:49:54,203 [INFO] [CLEANUP] Removidas 668 pastas de histórico anteriores a 2026-07-26
2026-08-25 09:49:55,031 [INFO] Manifest: C:\Users\server\OneDrive - CGB Enterprises, Inc\ZGC-PBI Research - Documents\Dataset Data Files\Weather_maps\manifest.json
2026-08-25 09:49:55,032 [INFO] [GIT] Iniciando sincronização com GitHub...
2026-08-25 10:40:38,179 [INFO] [GIT] Sucesso ✓
2026-08-25 10:40:39,134 [INFO] ✓ Sincronizado com GitHub — Power BI atualiza no próximo refresh
