2026-07-08 09:33:31,494 [INFO] === Execução 2026-07-08 | modo=both | dias=15 | parâmetro=['PRCP_DEP', 'PRCP'] ===
2026-07-08 09:33:31,496 [INFO] Baixando 960 mapas com 6 threads...
2026-07-08 09:33:54,191 [INFO] [OK] Brazil/GFS_ENSEMBLE_Soy_PRCP_DEP/daily dia 04 (2026-07-12 → 2026-07-12) 45805 bytes
2026-07-08 09:33:54,254 [INFO] [OK] Brazil/GFS_ENSEMBLE_Soy_PRCP_DEP/daily dia 00 (2026-07-08 → 2026-07-08) 34740 bytes
2026-07-08 09:33:54,256 [INFO] [OK] Brazil/GFS_ENSEMBLE_Soy_PRCP_DEP/daily dia 01 (2026-07-09 → 2026-07-09) 37303 bytes
2026-07-08 09:33:54,283 [INFO] [OK] Brazil/GFS_ENSEMBLE_Soy_PRCP_DEP/daily dia 03 (2026-07-11 → 2026-07-11) 43106 bytes
2026-07-08 09:33:54,297 [INFO] [OK] Brazil/GFS_ENSEMBLE_Soy_PRCP_DEP/daily dia 02 (2026-07-10 → 2026-07-10) 43072 bytes
2026-07-08 09:33:54,313 [INFO] [OK] Brazil/GFS_ENSEMBLE_Soy_PRCP_DEP/daily dia 05 (2026-07-13 → 2026-07-13) 47035 bytes
2026-07-08 09:33:56,497 [INFO] [OK] Brazil/GFS_ENSEMBLE_Soy_PRCP_DEP/daily dia 11 (2026-07-19 → 2026-07-19) 50007 bytes
2026-07-08 09:33:56,500 [INFO] [OK] Brazil/GFS_ENSEMBLE_Soy_PRCP_DEP/daily dia 09 (2026-07-17 → 2026-07-17) 50890 bytes
2026-07-08 09:33:56,502 [INFO] [OK] Brazil/GFS_ENSEMBLE_Soy_PRCP_DEP/daily dia 10 (2026-07-18 → 2026-07-18) 50437 bytes
2026-07-08 09:33:56,523 [INFO] [OK] Brazil/GFS_ENSEMBLE_Soy_PRCP_DEP/daily dia 06 (2026-07-14 → 2026-07-14) 48144 bytes
2026-07-08 09:33:56,527 [INFO] [OK] Brazil/GFS_ENSEMBLE_Soy_PRCP_DEP/daily dia 07 (2026-07-15 → 2026-07-15) 50446 bytes
2026-07-08 09:33:56,539 [INFO] [OK] Brazil/GFS_ENSEMBLE_Soy_PRCP_DEP/daily dia 08 (2026-07-16 → 2026-07-16) 53432 bytes
2026-07-08 09:33:57,904 [INFO] [OK] Brazil/GFS_ENSEMBLE_Soy_PRCP_DEP/daily dia 13 (2026-07-21 → 2026-07-21) 47920 bytes
2026-07-08 09:33:57,978 [INFO] [OK] Brazil/GFS_ENSEMBLE_Soy_PRCP_DEP/daily dia 12 (2026-07-20 → 2026-07-20) 48280 bytes
2026-07-08 09:33:57,990 [INFO] [OK] Brazil/GFS_ENSEMBLE_Soy_PRCP_DEP/daily dia 14 (2026-07-22 → 2026-07-22) 47907 bytes
2026-07-08 09:33:58,159 [INFO] [OK] Brazil/GFS_ENSEMBLE_Soy_PRCP_DEP/cumulative dia 01 (2026-07-08 → 2026-07-09) 36669 bytes
2026-07-08 09:33:58,253 [INFO] [OK] Brazil/GFS_ENSEMBLE_Soy_PRCP_DEP/cumulative dia 00 (2026-07-08 → 2026-07-08) 34740 bytes
2026-07-08 09:33:58,347 [INFO] [OK] Brazil/GFS_ENSEMBLE_Soy_PRCP_DEP/cumulative dia 02 (2026-07-08 → 2026-07-10) 41043 bytes
2026-07-08 09:33:59,614 [INFO] [OK] Brazil/GFS_ENSEMBLE_Soy_PRCP_DEP/cumulative dia 03 (2026-07-08 → 2026-07-11) 43817 bytes
2026-07-08 09:33:59,726 [INFO] [OK] Brazil/GFS_ENSEMBLE_Soy_PRCP_DEP/cumulative dia 04 (2026-07-08 → 2026-07-12) 48349 bytes
2026-07-08 09:33:59,901 [INFO] [OK] Brazil/GFS_ENSEMBLE_Soy_PRCP_DEP/cumulative dia 05 (2026-07-08 → 2026-07-13) 48540 bytes
2026-07-08 09:34:00,048 [INFO] [OK] Brazil/GFS_ENSEMBLE_Soy_PRCP_DEP/cumulative dia 06 (2026-07-08 → 2026-07-14) 48744 bytes
2026-07-08 09:34:00,466 [INFO] [OK] Brazil/GFS_ENSEMBLE_Soy_PRCP_DEP/cumulative dia 07 (2026-07-08 → 2026-07-15) 49880 bytes
2026-07-08 09:34:00,550 [INFO] [OK] Brazil/GFS_ENSEMBLE_Soy_PRCP_DEP/cumulative dia 08 (2026-07-08 → 2026-07-16) 50491 bytes
2026-07-08 09:34:01,907 [INFO] [OK] Brazil/GFS_ENSEMBLE_Soy_PRCP_DEP/cumulative dia 09 (2026-07-08 → 2026-07-17) 51425 bytes
2026-07-08 09:34:01,969 [INFO] [OK] Brazil/GFS_ENSEMBLE_Soy_PRCP_DEP/cumulative dia 10 (2026-07-08 → 2026-07-18) 52291 bytes
2026-07-08 09:34:02,196 [INFO] [OK] Brazil/GFS_ENSEMBLE_Soy_PRCP_DEP/cumulative dia 11 (2026-07-08 → 2026-07-19) 52791 bytes
2026-07-08 09:34:02,435 [INFO] [OK] Brazil/GFS_ENSEMBLE_Soy_PRCP_DEP/cumulative dia 12 (2026-07-08 → 2026-07-20) 52471 bytes
2026-07-08 09:34:03,240 [INFO] [OK] Brazil/GFS_ENSEMBLE_Soy_PRCP/daily dia 00 (2026-07-08 → 2026-07-08) 29317 bytes
2026-07-08 09:34:03,250 [INFO] [OK] Brazil/GFS_ENSEMBLE_Soy_PRCP_DEP/cumulative dia 13 (2026-07-08 → 2026-07-21) 53050 bytes
2026-07-08 09:34:03,260 [INFO] [OK] Brazil/GFS_ENSEMBLE_Soy_PRCP/daily dia 01 (2026-07-09 → 2026-07-09) 29109 bytes
2026-07-08 09:34:03,267 [INFO] [OK] Brazil/GFS_ENSEMBLE_Soy_PRCP_DEP/cumulative dia 14 (2026-07-08 → 2026-07-22) 52848 bytes
2026-07-08 09:34:03,704 [INFO] [OK] Brazil/GFS_ENSEMBLE_Soy_PRCP/daily dia 02 (2026-07-10 → 2026-07-10) 30709 bytes
2026-07-08 09:34:04,158 [INFO] [OK] Brazil/GFS_ENSEMBLE_Soy_PRCP/daily dia 03 (2026-07-11 → 2026-07-11) 30119 bytes
2026-07-08 09:34:04,645 [INFO] [OK] Brazil/GFS_ENSEMBLE_Soy_PRCP/daily dia 04 (2026-07-12 → 2026-07-12) 30841 bytes
2026-07-08 09:34:04,689 [INFO] [OK] Brazil/GFS_ENSEMBLE_Soy_PRCP/daily dia 07 (2026-07-15 → 2026-07-15) 30234 bytes
2026-07-08 09:34:05,311 [INFO] [OK] Brazil/GFS_ENSEMBLE_Soy_PRCP/daily dia 05 (2026-07-13 → 2026-07-13) 30065 bytes
2026-07-08 09:34:05,317 [INFO] [OK] Brazil/GFS_ENSEMBLE_Soy_PRCP/daily dia 08 (2026-07-16 → 2026-07-16) 31403 bytes
2026-07-08 09:34:05,346 [INFO] [OK] Brazil/GFS_ENSEMBLE_Soy_PRCP/daily dia 06 (2026-07-14 → 2026-07-14) 29383 bytes
2026-07-08 09:34:05,412 [INFO] [OK] Brazil/GFS_ENSEMBLE_Soy_PRCP/daily dia 09 (2026-07-17 → 2026-07-17) 32214 bytes
2026-07-08 09:34:05,951 [INFO] [OK] Brazil/GFS_ENSEMBLE_Soy_PRCP/daily dia 10 (2026-07-18 → 2026-07-18) 31764 bytes
2026-07-08 09:34:05,981 [INFO] [OK] Brazil/GFS_ENSEMBLE_Soy_PRCP/daily dia 11 (2026-07-19 → 2026-07-19) 31609 bytes
2026-07-08 09:34:07,184 [INFO] [OK] Brazil/GFS_ENSEMBLE_Soy_PRCP/daily dia 12 (2026-07-20 → 2026-07-20) 31638 bytes
2026-07-08 09:34:07,194 [INFO] [OK] Brazil/GFS_ENSEMBLE_Soy_PRCP/daily dia 13 (2026-07-21 → 2026-07-21) 31846 bytes
2026-07-08 09:34:07,202 [INFO] [OK] Brazil/GFS_ENSEMBLE_Soy_PRCP/daily dia 14 (2026-07-22 → 2026-07-22) 31445 bytes
2026-07-08 09:34:07,651 [INFO] [OK] Brazil/GFS_ENSEMBLE_Soy_PRCP/cumulative dia 00 (2026-07-08 → 2026-07-08) 29317 bytes
2026-07-08 09:34:07,712 [INFO] [OK] Brazil/GFS_ENSEMBLE_Soy_PRCP/cumulative dia 01 (2026-07-08 → 2026-07-09) 30252 bytes
2026-07-08 09:34:07,738 [INFO] [OK] Brazil/GFS_ENSEMBLE_Soy_PRCP/cumulative dia 02 (2026-07-08 → 2026-07-10) 32413 bytes
2026-07-08 09:34:09,213 [INFO] [OK] Brazil/GFS_ENSEMBLE_Soy_PRCP/cumulative dia 03 (2026-07-08 → 2026-07-11) 33492 bytes
2026-07-08 09:34:09,852 [INFO] [OK] Brazil/GFS_ENSEMBLE_Soy_PRCP/cumulative dia 04 (2026-07-08 → 2026-07-12) 35601 bytes
2026-07-08 09:34:09,879 [INFO] [OK] Brazil/GFS_ENSEMBLE_Soy_PRCP/cumulative dia 05 (2026-07-08 → 2026-07-13) 36325 bytes
2026-07-08 09:34:09,885 [INFO] [OK] Brazil/GFS_ENSEMBLE_Soy_PRCP/cumulative dia 08 (2026-07-08 → 2026-07-16) 38835 bytes
2026-07-08 09:34:09,889 [INFO] [OK] Brazil/GFS_ENSEMBLE_Soy_PRCP/cumulative dia 07 (2026-07-08 → 2026-07-15) 37657 bytes
2026-07-08 09:34:09,899 [INFO] [OK] Brazil/GFS_ENSEMBLE_Soy_PRCP/cumulative dia 06 (2026-07-08 → 2026-07-14) 36909 bytes
2026-07-08 09:34:11,119 [INFO] [OK] Brazil/GFS_ENSEMBLE_Soy_PRCP/cumulative dia 09 (2026-07-08 → 2026-07-17) 39534 bytes
2026-07-08 09:34:12,136 [INFO] [OK] Brazil/GFS_ENSEMBLE_Soy_PRCP/cumulative dia 10 (2026-07-08 → 2026-07-18) 41019 bytes
2026-07-08 09:34:12,364 [INFO] [OK] Brazil/GFS_ENSEMBLE_Soy_PRCP/cumulative dia 13 (2026-07-08 → 2026-07-21) 42904 bytes
2026-07-08 09:34:12,555 [INFO] [OK] Brazil/GFS_ENSEMBLE_Soy_PRCP/cumulative dia 12 (2026-07-08 → 2026-07-20) 42018 bytes
2026-07-08 09:34:12,564 [INFO] [OK] Brazil/GFS_ENSEMBLE_Soy_PRCP/cumulative dia 11 (2026-07-08 → 2026-07-19) 41626 bytes
2026-07-08 09:34:12,568 [INFO] [OK] Brazil/GFS_ENSEMBLE_Soy_PRCP/cumulative dia 14 (2026-07-08 → 2026-07-22) 43516 bytes
2026-07-08 09:34:12,749 [INFO] [OK] Brazil/GFS_ENSEMBLE_Corn_Winter_PRCP_DEP/daily dia 00 (2026-07-08 → 2026-07-08) 33073 bytes
2026-07-08 09:34:13,641 [INFO] [OK] Brazil/GFS_ENSEMBLE_Corn_Winter_PRCP_DEP/daily dia 01 (2026-07-09 → 2026-07-09) 35783 bytes
2026-07-08 09:34:13,718 [INFO] [OK] Brazil/GFS_ENSEMBLE_Corn_Winter_PRCP_DEP/daily dia 02 (2026-07-10 → 2026-07-10) 41313 bytes
2026-07-08 09:34:13,933 [INFO] [OK] Brazil/GFS_ENSEMBLE_Corn_Winter_PRCP_DEP/daily dia 03 (2026-07-11 → 2026-07-11) 41478 bytes
2026-07-08 09:34:14,214 [INFO] [OK] Brazil/GFS_ENSEMBLE_Corn_Winter_PRCP_DEP/daily dia 04 (2026-07-12 → 2026-07-12) 44022 bytes
2026-07-08 09:34:14,229 [INFO] [OK] Brazil/GFS_ENSEMBLE_Corn_Winter_PRCP_DEP/daily dia 05 (2026-07-13 → 2026-07-13) 45551 bytes
2026-07-08 09:34:14,372 [INFO] [OK] Brazil/GFS_ENSEMBLE_Corn_Winter_PRCP_DEP/daily dia 06 (2026-07-14 → 2026-07-14) 46624 bytes
2026-07-08 09:34:15,147 [INFO] [OK] Brazil/GFS_ENSEMBLE_Corn_Winter_PRCP_DEP/daily dia 07 (2026-07-15 → 2026-07-15) 48838 bytes
2026-07-08 09:34:15,298 [INFO] [OK] Brazil/GFS_ENSEMBLE_Corn_Winter_PRCP_DEP/daily dia 08 (2026-07-16 → 2026-07-16) 52115 bytes
2026-07-08 09:34:15,309 [INFO] [OK] Brazil/GFS_ENSEMBLE_Corn_Winter_PRCP_DEP/daily dia 09 (2026-07-17 → 2026-07-17) 49687 bytes
2026-07-08 09:34:15,824 [INFO] [OK] Brazil/GFS_ENSEMBLE_Corn_Winter_PRCP_DEP/daily dia 12 (2026-07-20 → 2026-07-20) 47044 bytes
2026-07-08 09:34:15,894 [INFO] [OK] Brazil/GFS_ENSEMBLE_Corn_Winter_PRCP_DEP/daily dia 10 (2026-07-18 → 2026-07-18) 49189 bytes
2026-07-08 09:34:15,961 [INFO] [OK] Brazil/GFS_ENSEMBLE_Corn_Winter_PRCP_DEP/daily dia 11 (2026-07-19 → 2026-07-19) 48485 bytes
2026-07-08 09:34:16,603 [INFO] [OK] Brazil/GFS_ENSEMBLE_Corn_Winter_PRCP_DEP/cumulative dia 00 (2026-07-08 → 2026-07-08) 33073 bytes
2026-07-08 09:34:16,740 [INFO] [OK] Brazil/GFS_ENSEMBLE_Corn_Winter_PRCP_DEP/daily dia 13 (2026-07-21 → 2026-07-21) 46448 bytes
2026-07-08 09:34:16,898 [INFO] [OK] Brazil/GFS_ENSEMBLE_Corn_Winter_PRCP_DEP/daily dia 14 (2026-07-22 → 2026-07-22) 46150 bytes
2026-07-08 09:34:17,189 [INFO] [OK] Brazil/GFS_ENSEMBLE_Corn_Winter_PRCP_DEP/cumulative dia 01 (2026-07-08 → 2026-07-09) 35304 bytes
2026-07-08 09:34:17,971 [INFO] [OK] Brazil/GFS_ENSEMBLE_Corn_Winter_PRCP_DEP/cumulative dia 02 (2026-07-08 → 2026-07-10) 39474 bytes
2026-07-08 09:34:17,974 [INFO] [OK] Brazil/GFS_ENSEMBLE_Corn_Winter_PRCP_DEP/cumulative dia 03 (2026-07-08 → 2026-07-11) 42205 bytes
2026-07-08 09:34:19,542 [INFO] [OK] Brazil/GFS_ENSEMBLE_Corn_Winter_PRCP_DEP/cumulative dia 04 (2026-07-08 → 2026-07-12) 46528 bytes
2026-07-08 09:34:19,652 [INFO] [OK] Brazil/GFS_ENSEMBLE_Corn_Winter_PRCP_DEP/cumulative dia 06 (2026-07-08 → 2026-07-14) 47231 bytes
2026-07-08 09:34:19,675 [INFO] [OK] Brazil/GFS_ENSEMBLE_Corn_Winter_PRCP_DEP/cumulative dia 05 (2026-07-08 → 2026-07-13) 47080 bytes
2026-07-08 09:34:19,690 [INFO] [OK] Brazil/GFS_ENSEMBLE_Corn_Winter_PRCP_DEP/cumulative dia 07 (2026-07-08 → 2026-07-15) 48211 bytes
2026-07-08 09:34:20,004 [INFO] [OK] Brazil/GFS_ENSEMBLE_Corn_Winter_PRCP_DEP/cumulative dia 09 (2026-07-08 → 2026-07-17) 49683 bytes
2026-07-08 09:34:20,008 [INFO] [OK] Brazil/GFS_ENSEMBLE_Corn_Winter_PRCP_DEP/cumulative dia 08 (2026-07-08 → 2026-07-16) 48856 bytes
2026-07-08 09:34:21,416 [INFO] [OK] Brazil/GFS_ENSEMBLE_Corn_Winter_PRCP/daily dia 00 (2026-07-08 → 2026-07-08) 27775 bytes
2026-07-08 09:34:21,909 [INFO] [OK] Brazil/GFS_ENSEMBLE_Corn_Winter_PRCP_DEP/cumulative dia 10 (2026-07-08 → 2026-07-18) 50940 bytes
2026-07-08 09:34:22,058 [INFO] [OK] Brazil/GFS_ENSEMBLE_Corn_Winter_PRCP_DEP/cumulative dia 11 (2026-07-08 → 2026-07-19) 51533 bytes
2026-07-08 09:34:22,282 [INFO] [OK] Brazil/GFS_ENSEMBLE_Corn_Winter_PRCP_DEP/cumulative dia 12 (2026-07-08 → 2026-07-20) 51176 bytes
2026-07-08 09:34:22,401 [INFO] [OK] Brazil/GFS_ENSEMBLE_Corn_Winter_PRCP_DEP/cumulative dia 13 (2026-07-08 → 2026-07-21) 51757 bytes
2026-07-08 09:34:22,601 [INFO] [OK] Brazil/GFS_ENSEMBLE_Corn_Winter_PRCP_DEP/cumulative dia 14 (2026-07-08 → 2026-07-22) 51710 bytes
2026-07-08 09:34:23,560 [INFO] [OK] Brazil/GFS_ENSEMBLE_Corn_Winter_PRCP/daily dia 02 (2026-07-10 → 2026-07-10) 29224 bytes
2026-07-08 09:34:23,576 [INFO] [OK] Brazil/GFS_ENSEMBLE_Corn_Winter_PRCP/daily dia 01 (2026-07-09 → 2026-07-09) 27556 bytes
2026-07-08 09:34:23,587 [INFO] [OK] Brazil/GFS_ENSEMBLE_Corn_Winter_PRCP/daily dia 03 (2026-07-11 → 2026-07-11) 28595 bytes
2026-07-08 09:34:23,685 [INFO] [OK] Brazil/GFS_ENSEMBLE_Corn_Winter_PRCP/daily dia 04 (2026-07-12 → 2026-07-12) 29296 bytes
2026-07-08 09:34:23,721 [INFO] [OK] Brazil/GFS_ENSEMBLE_Corn_Winter_PRCP/daily dia 05 (2026-07-13 → 2026-07-13) 28695 bytes
2026-07-08 09:34:23,924 [INFO] [OK] Brazil/GFS_ENSEMBLE_Corn_Winter_PRCP/daily dia 06 (2026-07-14 → 2026-07-14) 27956 bytes
2026-07-08 09:34:24,968 [INFO] [OK] Brazil/GFS_ENSEMBLE_Corn_Winter_PRCP/daily dia 07 (2026-07-15 → 2026-07-15) 28613 bytes
2026-07-08 09:34:25,010 [INFO] [OK] Brazil/GFS_ENSEMBLE_Corn_Winter_PRCP/daily dia 10 (2026-07-18 → 2026-07-18) 30369 bytes
2026-07-08 09:34:25,063 [INFO] [OK] Brazil/GFS_ENSEMBLE_Corn_Winter_PRCP/daily dia 11 (2026-07-19 → 2026-07-19) 29890 bytes
2026-07-08 09:34:25,167 [INFO] [OK] Brazil/GFS_ENSEMBLE_Corn_Winter_PRCP/daily dia 08 (2026-07-16 → 2026-07-16) 29847 bytes
2026-07-08 09:34:25,421 [INFO] [OK] Brazil/GFS_ENSEMBLE_Corn_Winter_PRCP/daily dia 12 (2026-07-20 → 2026-07-20) 30096 bytes
2026-07-08 09:34:25,488 [INFO] [OK] Brazil/GFS_ENSEMBLE_Corn_Winter_PRCP/daily dia 09 (2026-07-17 → 2026-07-17) 30745 bytes
2026-07-08 09:34:26,285 [INFO] [OK] Brazil/GFS_ENSEMBLE_Corn_Winter_PRCP/daily dia 13 (2026-07-21 → 2026-07-21) 30195 bytes
2026-07-08 09:34:26,364 [INFO] [OK] Brazil/GFS_ENSEMBLE_Corn_Winter_PRCP/cumulative dia 00 (2026-07-08 → 2026-07-08) 27775 bytes
2026-07-08 09:34:26,496 [INFO] [OK] Brazil/GFS_ENSEMBLE_Corn_Winter_PRCP/daily dia 14 (2026-07-22 → 2026-07-22) 29806 bytes
2026-07-08 09:34:26,652 [INFO] [OK] Brazil/GFS_ENSEMBLE_Corn_Winter_PRCP/cumulative dia 01 (2026-07-08 → 2026-07-09) 28756 bytes
2026-07-08 09:34:26,872 [INFO] [OK] Brazil/GFS_ENSEMBLE_Corn_Winter_PRCP/cumulative dia 02 (2026-07-08 → 2026-07-10) 30920 bytes
2026-07-08 09:34:27,121 [INFO] [OK] Brazil/GFS_ENSEMBLE_Corn_Winter_PRCP/cumulative dia 03 (2026-07-08 → 2026-07-11) 32020 bytes
2026-07-08 09:34:27,905 [INFO] [OK] Brazil/GFS_ENSEMBLE_Corn_Winter_PRCP/cumulative dia 04 (2026-07-08 → 2026-07-12) 34131 bytes
2026-07-08 09:34:28,116 [INFO] [OK] Brazil/GFS_ENSEMBLE_Corn_Winter_PRCP/cumulative dia 05 (2026-07-08 → 2026-07-13) 34871 bytes
2026-07-08 09:34:28,409 [INFO] [OK] Brazil/GFS_ENSEMBLE_Corn_Winter_PRCP/cumulative dia 06 (2026-07-08 → 2026-07-14) 35430 bytes
2026-07-08 09:34:28,647 [INFO] [OK] Brazil/GFS_ENSEMBLE_Corn_Winter_PRCP/cumulative dia 07 (2026-07-08 → 2026-07-15) 36247 bytes
2026-07-08 09:34:28,876 [INFO] [OK] Brazil/GFS_ENSEMBLE_Corn_Winter_PRCP/cumulative dia 08 (2026-07-08 → 2026-07-16) 37527 bytes
2026-07-08 09:34:29,110 [INFO] [OK] Brazil/GFS_ENSEMBLE_Corn_Winter_PRCP/cumulative dia 09 (2026-07-08 → 2026-07-17) 38209 bytes
2026-07-08 09:34:30,107 [INFO] [OK] Brazil/GFS_ENSEMBLE_Corn_Winter_PRCP/cumulative dia 10 (2026-07-08 → 2026-07-18) 39530 bytes
2026-07-08 09:34:30,266 [INFO] [OK] Brazil/GFS_ENSEMBLE_Corn_Winter_PRCP/cumulative dia 11 (2026-07-08 → 2026-07-19) 40184 bytes
2026-07-08 09:34:30,472 [INFO] [OK] Brazil/ECM_ENSEMBLE_Soy_PRCP_DEP/daily dia 00 (2026-07-08 → 2026-07-08) 37404 bytes
2026-07-08 09:34:30,734 [INFO] [OK] Brazil/GFS_ENSEMBLE_Corn_Winter_PRCP/cumulative dia 12 (2026-07-08 → 2026-07-20) 40614 bytes
2026-07-08 09:34:31,040 [INFO] [OK] Brazil/GFS_ENSEMBLE_Corn_Winter_PRCP/cumulative dia 13 (2026-07-08 → 2026-07-21) 41577 bytes
2026-07-08 09:34:33,026 [INFO] [OK] Brazil/GFS_ENSEMBLE_Corn_Winter_PRCP/cumulative dia 14 (2026-07-08 → 2026-07-22) 42087 bytes
2026-07-08 09:34:33,139 [INFO] [OK] Brazil/ECM_ENSEMBLE_Soy_PRCP_DEP/daily dia 03 (2026-07-11 → 2026-07-11) 48034 bytes
2026-07-08 09:34:33,164 [INFO] [OK] Brazil/ECM_ENSEMBLE_Soy_PRCP_DEP/daily dia 02 (2026-07-10 → 2026-07-10) 48009 bytes
2026-07-08 09:34:33,234 [INFO] [OK] Brazil/ECM_ENSEMBLE_Soy_PRCP_DEP/daily dia 05 (2026-07-13 → 2026-07-13) 46297 bytes
2026-07-08 09:34:33,286 [INFO] [OK] Brazil/ECM_ENSEMBLE_Soy_PRCP_DEP/daily dia 01 (2026-07-09 → 2026-07-09) 44395 bytes
2026-07-08 09:34:33,307 [INFO] [OK] Brazil/ECM_ENSEMBLE_Soy_PRCP_DEP/daily dia 04 (2026-07-12 → 2026-07-12) 46226 bytes
2026-07-08 09:34:34,472 [INFO] [OK] Brazil/ECM_ENSEMBLE_Soy_PRCP_DEP/daily dia 06 (2026-07-14 → 2026-07-14) 47812 bytes
2026-07-08 09:34:34,794 [INFO] [OK] Brazil/ECM_ENSEMBLE_Soy_PRCP_DEP/daily dia 07 (2026-07-15 → 2026-07-15) 50975 bytes
2026-07-08 09:34:34,837 [INFO] [OK] Brazil/ECM_ENSEMBLE_Soy_PRCP_DEP/daily dia 10 (2026-07-18 → 2026-07-18) 48448 bytes
2026-07-08 09:34:34,858 [INFO] [OK] Brazil/ECM_ENSEMBLE_Soy_PRCP_DEP/daily dia 09 (2026-07-17 → 2026-07-17) 48077 bytes
2026-07-08 09:34:35,128 [INFO] [OK] Brazil/ECM_ENSEMBLE_Soy_PRCP_DEP/daily dia 08 (2026-07-16 → 2026-07-16) 49013 bytes
2026-07-08 09:34:35,137 [INFO] [OK] Brazil/ECM_ENSEMBLE_Soy_PRCP_DEP/daily dia 11 (2026-07-19 → 2026-07-19) 48391 bytes
2026-07-08 09:34:35,882 [INFO] [OK] Brazil/ECM_ENSEMBLE_Soy_PRCP_DEP/daily dia 12 (2026-07-20 → 2026-07-20) 48462 bytes
2026-07-08 09:34:37,032 [INFO] [OK] Brazil/ECM_ENSEMBLE_Soy_PRCP_DEP/daily dia 13 (2026-07-21 → 2026-07-21) 49680 bytes
2026-07-08 09:34:37,035 [INFO] [OK] Brazil/ECM_ENSEMBLE_Soy_PRCP_DEP/daily dia 14 (2026-07-22 → 2026-07-22) 51620 bytes
2026-07-08 09:34:37,440 [INFO] [OK] Brazil/ECM_ENSEMBLE_Soy_PRCP_DEP/cumulative dia 00 (2026-07-08 → 2026-07-08) 37404 bytes
2026-07-08 09:34:37,659 [INFO] [OK] Brazil/ECM_ENSEMBLE_Soy_PRCP_DEP/cumulative dia 01 (2026-07-08 → 2026-07-09) 42693 bytes
2026-07-08 09:34:37,691 [INFO] [OK] Brazil/ECM_ENSEMBLE_Soy_PRCP_DEP/cumulative dia 03 (2026-07-08 → 2026-07-11) 49908 bytes
2026-07-08 09:34:37,699 [INFO] [OK] Brazil/ECM_ENSEMBLE_Soy_PRCP_DEP/cumulative dia 02 (2026-07-08 → 2026-07-10) 47424 bytes
2026-07-08 09:34:39,123 [INFO] [OK] Brazil/ECM_ENSEMBLE_Soy_PRCP_DEP/cumulative dia 04 (2026-07-08 → 2026-07-12) 50644 bytes
2026-07-08 09:34:39,540 [INFO] [OK] Brazil/ECM_ENSEMBLE_Soy_PRCP_DEP/cumulative dia 05 (2026-07-08 → 2026-07-13) 49982 bytes
2026-07-08 09:34:39,703 [INFO] [OK] Brazil/ECM_ENSEMBLE_Soy_PRCP_DEP/cumulative dia 06 (2026-07-08 → 2026-07-14) 50222 bytes
2026-07-08 09:34:40,638 [INFO] [OK] Brazil/ECM_ENSEMBLE_Soy_PRCP_DEP/cumulative dia 07 (2026-07-08 → 2026-07-15) 51311 bytes
2026-07-08 09:34:40,646 [INFO] [OK] Brazil/ECM_ENSEMBLE_Soy_PRCP_DEP/cumulative dia 08 (2026-07-08 → 2026-07-16) 52112 bytes
2026-07-08 09:34:40,733 [INFO] [OK] Brazil/ECM_ENSEMBLE_Soy_PRCP_DEP/cumulative dia 09 (2026-07-08 → 2026-07-17) 51764 bytes
2026-07-08 09:34:41,226 [INFO] [OK] Brazil/ECM_ENSEMBLE_Soy_PRCP_DEP/cumulative dia 10 (2026-07-08 → 2026-07-18) 51140 bytes
2026-07-08 09:34:42,268 [INFO] [OK] Brazil/ECM_ENSEMBLE_Soy_PRCP/daily dia 00 (2026-07-08 → 2026-07-08) 29974 bytes
2026-07-08 09:34:42,291 [INFO] [OK] Brazil/ECM_ENSEMBLE_Soy_PRCP_DEP/cumulative dia 11 (2026-07-08 → 2026-07-19) 50599 bytes
2026-07-08 09:34:42,333 [INFO] [OK] Brazil/ECM_ENSEMBLE_Soy_PRCP_DEP/cumulative dia 12 (2026-07-08 → 2026-07-20) 50490 bytes
2026-07-08 09:34:42,663 [INFO] [OK] Brazil/ECM_ENSEMBLE_Soy_PRCP/daily dia 01 (2026-07-09 → 2026-07-09) 30171 bytes
2026-07-08 09:34:43,100 [INFO] [OK] Brazil/ECM_ENSEMBLE_Soy_PRCP_DEP/cumulative dia 13 (2026-07-08 → 2026-07-21) 50274 bytes
2026-07-08 09:34:43,346 [INFO] [OK] Brazil/ECM_ENSEMBLE_Soy_PRCP_DEP/cumulative dia 14 (2026-07-08 → 2026-07-22) 50566 bytes
2026-07-08 09:34:43,773 [INFO] [OK] Brazil/ECM_ENSEMBLE_Soy_PRCP/daily dia 03 (2026-07-11 → 2026-07-11) 32227 bytes
2026-07-08 09:34:43,996 [INFO] [OK] Brazil/ECM_ENSEMBLE_Soy_PRCP/daily dia 04 (2026-07-12 → 2026-07-12) 32465 bytes
2026-07-08 09:34:44,004 [INFO] [OK] Brazil/ECM_ENSEMBLE_Soy_PRCP/daily dia 02 (2026-07-10 → 2026-07-10) 31785 bytes
2026-07-08 09:34:44,108 [INFO] [OK] Brazil/ECM_ENSEMBLE_Soy_PRCP/daily dia 05 (2026-07-13 → 2026-07-13) 30503 bytes
2026-07-08 09:34:44,528 [INFO] [OK] Brazil/ECM_ENSEMBLE_Soy_PRCP/daily dia 06 (2026-07-14 → 2026-07-14) 29793 bytes
2026-07-08 09:34:44,688 [INFO] [OK] Brazil/ECM_ENSEMBLE_Soy_PRCP/daily dia 07 (2026-07-15 → 2026-07-15) 31237 bytes
2026-07-08 09:34:45,399 [INFO] [OK] Brazil/ECM_ENSEMBLE_Soy_PRCP/daily dia 08 (2026-07-16 → 2026-07-16) 32610 bytes
2026-07-08 09:34:45,525 [INFO] [OK] Brazil/ECM_ENSEMBLE_Soy_PRCP/daily dia 10 (2026-07-18 → 2026-07-18) 32928 bytes
2026-07-08 09:34:45,584 [INFO] [OK] Brazil/ECM_ENSEMBLE_Soy_PRCP/daily dia 09 (2026-07-17 → 2026-07-17) 33493 bytes
2026-07-08 09:34:45,882 [INFO] [OK] Brazil/ECM_ENSEMBLE_Soy_PRCP/daily dia 11 (2026-07-19 → 2026-07-19) 32926 bytes
2026-07-08 09:34:46,015 [INFO] [OK] Brazil/ECM_ENSEMBLE_Soy_PRCP/daily dia 12 (2026-07-20 → 2026-07-20) 32452 bytes
2026-07-08 09:34:46,028 [INFO] [OK] Brazil/ECM_ENSEMBLE_Soy_PRCP/daily dia 13 (2026-07-21 → 2026-07-21) 32268 bytes
2026-07-08 09:34:46,800 [INFO] [OK] Brazil/ECM_ENSEMBLE_Soy_PRCP/daily dia 14 (2026-07-22 → 2026-07-22) 30830 bytes
2026-07-08 09:34:47,082 [INFO] [OK] Brazil/ECM_ENSEMBLE_Soy_PRCP/cumulative dia 00 (2026-07-08 → 2026-07-08) 29974 bytes
2026-07-08 09:34:47,438 [INFO] [OK] Brazil/ECM_ENSEMBLE_Soy_PRCP/cumulative dia 01 (2026-07-08 → 2026-07-09) 31406 bytes
2026-07-08 09:34:48,094 [INFO] [OK] Brazil/ECM_ENSEMBLE_Soy_PRCP/cumulative dia 02 (2026-07-08 → 2026-07-10) 34385 bytes
2026-07-08 09:34:48,130 [INFO] [OK] Brazil/ECM_ENSEMBLE_Soy_PRCP/cumulative dia 03 (2026-07-08 → 2026-07-11) 36669 bytes
2026-07-08 09:34:48,229 [INFO] [OK] Brazil/ECM_ENSEMBLE_Soy_PRCP/cumulative dia 04 (2026-07-08 → 2026-07-12) 38525 bytes
2026-07-08 09:34:48,659 [INFO] [OK] Brazil/ECM_ENSEMBLE_Soy_PRCP/cumulative dia 05 (2026-07-08 → 2026-07-13) 39343 bytes
2026-07-08 09:34:48,908 [INFO] [OK] Brazil/ECM_ENSEMBLE_Soy_PRCP/cumulative dia 06 (2026-07-08 → 2026-07-14) 39993 bytes
2026-07-08 09:34:49,218 [INFO] [OK] Brazil/ECM_ENSEMBLE_Soy_PRCP/cumulative dia 07 (2026-07-08 → 2026-07-15) 40986 bytes
2026-07-08 09:34:50,245 [INFO] [OK] Brazil/ECM_ENSEMBLE_Soy_PRCP/cumulative dia 08 (2026-07-08 → 2026-07-16) 41986 bytes
2026-07-08 09:34:50,351 [INFO] [OK] Brazil/ECM_ENSEMBLE_Soy_PRCP/cumulative dia 09 (2026-07-08 → 2026-07-17) 42685 bytes
2026-07-08 09:34:50,449 [INFO] [OK] Brazil/ECM_ENSEMBLE_Soy_PRCP/cumulative dia 10 (2026-07-08 → 2026-07-18) 43481 bytes
2026-07-08 09:34:51,011 [INFO] [OK] Brazil/ECM_ENSEMBLE_Soy_PRCP/cumulative dia 11 (2026-07-08 → 2026-07-19) 44069 bytes
2026-07-08 09:34:51,301 [INFO] [OK] Brazil/ECM_ENSEMBLE_Soy_PRCP/cumulative dia 12 (2026-07-08 → 2026-07-20) 44526 bytes
2026-07-08 09:34:51,685 [INFO] [OK] Brazil/ECM_ENSEMBLE_Soy_PRCP/cumulative dia 13 (2026-07-08 → 2026-07-21) 44831 bytes
2026-07-08 09:34:51,756 [INFO] [OK] Brazil/ECM_ENSEMBLE_Corn_Winter_PRCP_DEP/daily dia 00 (2026-07-08 → 2026-07-08) 35911 bytes
2026-07-08 09:34:51,919 [INFO] [OK] Brazil/ECM_ENSEMBLE_Corn_Winter_PRCP_DEP/daily dia 01 (2026-07-09 → 2026-07-09) 42926 bytes
2026-07-08 09:34:52,485 [INFO] [OK] Brazil/ECM_ENSEMBLE_Corn_Winter_PRCP_DEP/daily dia 02 (2026-07-10 → 2026-07-10) 46394 bytes
2026-07-08 09:34:52,614 [INFO] [OK] Brazil/ECM_ENSEMBLE_Soy_PRCP/cumulative dia 14 (2026-07-08 → 2026-07-22) 45178 bytes
2026-07-08 09:34:52,804 [INFO] [OK] Brazil/ECM_ENSEMBLE_Corn_Winter_PRCP_DEP/daily dia 03 (2026-07-11 → 2026-07-11) 46737 bytes
2026-07-08 09:34:53,263 [INFO] [OK] Brazil/ECM_ENSEMBLE_Corn_Winter_PRCP_DEP/daily dia 05 (2026-07-13 → 2026-07-13) 44946 bytes
2026-07-08 09:34:53,323 [INFO] [OK] Brazil/ECM_ENSEMBLE_Corn_Winter_PRCP_DEP/daily dia 04 (2026-07-12 → 2026-07-12) 44801 bytes
2026-07-08 09:34:53,387 [INFO] [OK] Brazil/ECM_ENSEMBLE_Corn_Winter_PRCP_DEP/daily dia 06 (2026-07-14 → 2026-07-14) 46397 bytes
2026-07-08 09:34:53,909 [INFO] [OK] Brazil/ECM_ENSEMBLE_Corn_Winter_PRCP_DEP/daily dia 07 (2026-07-15 → 2026-07-15) 49471 bytes
2026-07-08 09:34:54,051 [INFO] [OK] Brazil/ECM_ENSEMBLE_Corn_Winter_PRCP_DEP/daily dia 08 (2026-07-16 → 2026-07-16) 47757 bytes
2026-07-08 09:34:54,199 [INFO] [OK] Brazil/ECM_ENSEMBLE_Corn_Winter_PRCP_DEP/daily dia 09 (2026-07-17 → 2026-07-17) 46783 bytes
2026-07-08 09:34:54,881 [INFO] [OK] Brazil/ECM_ENSEMBLE_Corn_Winter_PRCP_DEP/daily dia 10 (2026-07-18 → 2026-07-18) 47072 bytes
2026-07-08 09:34:54,948 [INFO] [OK] Brazil/ECM_ENSEMBLE_Corn_Winter_PRCP_DEP/daily dia 11 (2026-07-19 → 2026-07-19) 47192 bytes
2026-07-08 09:34:55,056 [INFO] [OK] Brazil/ECM_ENSEMBLE_Corn_Winter_PRCP_DEP/daily dia 12 (2026-07-20 → 2026-07-20) 47210 bytes
2026-07-08 09:34:55,445 [INFO] [OK] Brazil/ECM_ENSEMBLE_Corn_Winter_PRCP_DEP/daily dia 13 (2026-07-21 → 2026-07-21) 48487 bytes
2026-07-08 09:34:55,521 [INFO] [OK] Brazil/ECM_ENSEMBLE_Corn_Winter_PRCP_DEP/daily dia 14 (2026-07-22 → 2026-07-22) 50391 bytes
2026-07-08 09:34:55,608 [INFO] [OK] Brazil/ECM_ENSEMBLE_Corn_Winter_PRCP_DEP/cumulative dia 00 (2026-07-08 → 2026-07-08) 35911 bytes
2026-07-08 09:34:56,357 [INFO] [OK] Brazil/ECM_ENSEMBLE_Corn_Winter_PRCP_DEP/cumulative dia 01 (2026-07-08 → 2026-07-09) 41156 bytes
2026-07-08 09:34:56,895 [INFO] [OK] Brazil/ECM_ENSEMBLE_Corn_Winter_PRCP_DEP/cumulative dia 03 (2026-07-08 → 2026-07-11) 48472 bytes
2026-07-08 09:34:56,940 [INFO] [OK] Brazil/ECM_ENSEMBLE_Corn_Winter_PRCP_DEP/cumulative dia 02 (2026-07-08 → 2026-07-10) 45860 bytes
2026-07-08 09:34:57,202 [INFO] [OK] Brazil/ECM_ENSEMBLE_Corn_Winter_PRCP_DEP/cumulative dia 04 (2026-07-08 → 2026-07-12) 49189 bytes
2026-07-08 09:34:57,243 [INFO] [OK] Brazil/ECM_ENSEMBLE_Corn_Winter_PRCP_DEP/cumulative dia 05 (2026-07-08 → 2026-07-13) 48775 bytes
2026-07-08 09:34:57,540 [INFO] [OK] Brazil/ECM_ENSEMBLE_Corn_Winter_PRCP_DEP/cumulative dia 06 (2026-07-08 → 2026-07-14) 49036 bytes
2026-07-08 09:34:58,179 [INFO] [OK] Brazil/ECM_ENSEMBLE_Corn_Winter_PRCP_DEP/cumulative dia 07 (2026-07-08 → 2026-07-15) 49894 bytes
2026-07-08 09:34:59,142 [INFO] [OK] Brazil/ECM_ENSEMBLE_Corn_Winter_PRCP_DEP/cumulative dia 08 (2026-07-08 → 2026-07-16) 50757 bytes
2026-07-08 09:34:59,230 [INFO] [OK] Brazil/ECM_ENSEMBLE_Corn_Winter_PRCP_DEP/cumulative dia 09 (2026-07-08 → 2026-07-17) 50628 bytes
2026-07-08 09:34:59,686 [INFO] [OK] Brazil/ECM_ENSEMBLE_Corn_Winter_PRCP_DEP/cumulative dia 10 (2026-07-08 → 2026-07-18) 50029 bytes
2026-07-08 09:34:59,696 [INFO] [OK] Brazil/ECM_ENSEMBLE_Corn_Winter_PRCP_DEP/cumulative dia 11 (2026-07-08 → 2026-07-19) 49491 bytes
2026-07-08 09:34:59,989 [INFO] [OK] Brazil/ECM_ENSEMBLE_Corn_Winter_PRCP_DEP/cumulative dia 12 (2026-07-08 → 2026-07-20) 49297 bytes
2026-07-08 09:35:00,534 [INFO] [OK] Brazil/ECM_ENSEMBLE_Corn_Winter_PRCP_DEP/cumulative dia 13 (2026-07-08 → 2026-07-21) 49060 bytes
2026-07-08 09:35:00,674 [INFO] [OK] Brazil/ECM_ENSEMBLE_Corn_Winter_PRCP/daily dia 00 (2026-07-08 → 2026-07-08) 28474 bytes
2026-07-08 09:35:01,099 [INFO] [OK] Brazil/ECM_ENSEMBLE_Corn_Winter_PRCP/daily dia 01 (2026-07-09 → 2026-07-09) 28725 bytes
2026-07-08 09:35:01,244 [INFO] [OK] Brazil/ECM_ENSEMBLE_Corn_Winter_PRCP/daily dia 02 (2026-07-10 → 2026-07-10) 30322 bytes
2026-07-08 09:35:01,346 [INFO] [OK] Brazil/ECM_ENSEMBLE_Corn_Winter_PRCP/daily dia 03 (2026-07-11 → 2026-07-11) 30427 bytes
2026-07-08 09:35:01,701 [INFO] [OK] Brazil/ECM_ENSEMBLE_Corn_Winter_PRCP_DEP/cumulative dia 14 (2026-07-08 → 2026-07-22) 49443 bytes
2026-07-08 09:35:02,026 [INFO] [OK] Brazil/ECM_ENSEMBLE_Corn_Winter_PRCP/daily dia 04 (2026-07-12 → 2026-07-12) 30866 bytes
2026-07-08 09:35:02,098 [INFO] [OK] Brazil/ECM_ENSEMBLE_Corn_Winter_PRCP/daily dia 05 (2026-07-13 → 2026-07-13) 29081 bytes
2026-07-08 09:35:02,416 [INFO] [OK] Brazil/ECM_ENSEMBLE_Corn_Winter_PRCP/daily dia 06 (2026-07-14 → 2026-07-14) 28400 bytes
2026-07-08 09:35:02,579 [INFO] [OK] Brazil/ECM_ENSEMBLE_Corn_Winter_PRCP/daily dia 07 (2026-07-15 → 2026-07-15) 29607 bytes
2026-07-08 09:35:02,692 [INFO] [OK] Brazil/ECM_ENSEMBLE_Corn_Winter_PRCP/daily dia 08 (2026-07-16 → 2026-07-16) 31009 bytes
2026-07-08 09:35:02,938 [INFO] [OK] Brazil/ECM_ENSEMBLE_Corn_Winter_PRCP/daily dia 09 (2026-07-17 → 2026-07-17) 32009 bytes
2026-07-08 09:35:03,678 [INFO] [OK] Brazil/ECM_ENSEMBLE_Corn_Winter_PRCP/daily dia 11 (2026-07-19 → 2026-07-19) 31389 bytes
2026-07-08 09:35:03,687 [INFO] [OK] Brazil/ECM_ENSEMBLE_Corn_Winter_PRCP/daily dia 10 (2026-07-18 → 2026-07-18) 31414 bytes
2026-07-08 09:35:03,942 [INFO] [OK] Brazil/ECM_ENSEMBLE_Corn_Winter_PRCP/daily dia 12 (2026-07-20 → 2026-07-20) 30851 bytes
2026-07-08 09:35:04,109 [INFO] [OK] Brazil/ECM_ENSEMBLE_Corn_Winter_PRCP/daily dia 13 (2026-07-21 → 2026-07-21) 30692 bytes
2026-07-08 09:35:04,274 [INFO] [OK] Brazil/ECM_ENSEMBLE_Corn_Winter_PRCP/daily dia 14 (2026-07-22 → 2026-07-22) 29236 bytes
2026-07-08 09:35:04,439 [INFO] [OK] Brazil/ECM_ENSEMBLE_Corn_Winter_PRCP/cumulative dia 00 (2026-07-08 → 2026-07-08) 28474 bytes
2026-07-08 09:35:05,143 [INFO] [OK] Brazil/ECM_ENSEMBLE_Corn_Winter_PRCP/cumulative dia 01 (2026-07-08 → 2026-07-09) 29982 bytes
2026-07-08 09:35:05,264 [INFO] [OK] Brazil/ECM_ENSEMBLE_Corn_Winter_PRCP/cumulative dia 02 (2026-07-08 → 2026-07-10) 32813 bytes
2026-07-08 09:35:05,486 [INFO] [OK] Brazil/ECM_ENSEMBLE_Corn_Winter_PRCP/cumulative dia 03 (2026-07-08 → 2026-07-11) 34989 bytes
2026-07-08 09:35:05,783 [INFO] [OK] Brazil/ECM_ENSEMBLE_Corn_Winter_PRCP/cumulative dia 04 (2026-07-08 → 2026-07-12) 36743 bytes
2026-07-08 09:35:06,007 [INFO] [OK] Brazil/ECM_ENSEMBLE_Corn_Winter_PRCP/cumulative dia 05 (2026-07-08 → 2026-07-13) 37708 bytes
2026-07-08 09:35:06,177 [INFO] [OK] Brazil/ECM_ENSEMBLE_Corn_Winter_PRCP/cumulative dia 06 (2026-07-08 → 2026-07-14) 38318 bytes
2026-07-08 09:35:07,032 [INFO] [OK] Brazil/ECM_ENSEMBLE_Corn_Winter_PRCP/cumulative dia 07 (2026-07-08 → 2026-07-15) 39512 bytes
2026-07-08 09:35:07,411 [INFO] [OK] Brazil/ECM_ENSEMBLE_Corn_Winter_PRCP/cumulative dia 08 (2026-07-08 → 2026-07-16) 40560 bytes
2026-07-08 09:35:07,494 [INFO] [OK] Brazil/ECM_ENSEMBLE_Corn_Winter_PRCP/cumulative dia 09 (2026-07-08 → 2026-07-17) 41180 bytes
2026-07-08 09:35:07,956 [INFO] [OK] Brazil/ECM_ENSEMBLE_Corn_Winter_PRCP/cumulative dia 10 (2026-07-08 → 2026-07-18) 42113 bytes
2026-07-08 09:35:08,645 [INFO] [OK] Brazil/ECM_ENSEMBLE_Corn_Winter_PRCP/cumulative dia 11 (2026-07-08 → 2026-07-19) 42678 bytes
2026-07-08 09:35:08,848 [INFO] [OK] Brazil/ECM_ENSEMBLE_Corn_Winter_PRCP/cumulative dia 12 (2026-07-08 → 2026-07-20) 43259 bytes
2026-07-08 09:35:09,208 [INFO] [OK] Argentina/GFS_ENSEMBLE_Soy_PRCP_DEP/daily dia 00 (2026-07-08 → 2026-07-08) 27761 bytes
2026-07-08 09:35:09,610 [INFO] [OK] Argentina/GFS_ENSEMBLE_Soy_PRCP_DEP/daily dia 01 (2026-07-09 → 2026-07-09) 28164 bytes
2026-07-08 09:35:10,122 [INFO] [OK] Argentina/GFS_ENSEMBLE_Soy_PRCP_DEP/daily dia 02 (2026-07-10 → 2026-07-10) 31644 bytes
2026-07-08 09:35:10,195 [INFO] [OK] Argentina/GFS_ENSEMBLE_Soy_PRCP_DEP/daily dia 03 (2026-07-11 → 2026-07-11) 34821 bytes
2026-07-08 09:35:10,201 [INFO] [OK] Brazil/ECM_ENSEMBLE_Corn_Winter_PRCP/cumulative dia 13 (2026-07-08 → 2026-07-21) 43499 bytes
2026-07-08 09:35:10,214 [INFO] [OK] Brazil/ECM_ENSEMBLE_Corn_Winter_PRCP/cumulative dia 14 (2026-07-08 → 2026-07-22) 43940 bytes
2026-07-08 09:35:10,313 [INFO] [OK] Argentina/GFS_ENSEMBLE_Soy_PRCP_DEP/daily dia 04 (2026-07-12 → 2026-07-12) 37062 bytes
2026-07-08 09:35:10,633 [INFO] [OK] Argentina/GFS_ENSEMBLE_Soy_PRCP_DEP/daily dia 05 (2026-07-13 → 2026-07-13) 39476 bytes
2026-07-08 09:35:11,362 [INFO] [OK] Argentina/GFS_ENSEMBLE_Soy_PRCP_DEP/daily dia 06 (2026-07-14 → 2026-07-14) 39678 bytes
2026-07-08 09:35:11,673 [INFO] [OK] Argentina/GFS_ENSEMBLE_Soy_PRCP_DEP/daily dia 10 (2026-07-18 → 2026-07-18) 41711 bytes
2026-07-08 09:35:12,102 [INFO] [OK] Argentina/GFS_ENSEMBLE_Soy_PRCP_DEP/daily dia 09 (2026-07-17 → 2026-07-17) 42974 bytes
2026-07-08 09:35:12,116 [INFO] [OK] Argentina/GFS_ENSEMBLE_Soy_PRCP_DEP/daily dia 07 (2026-07-15 → 2026-07-15) 41821 bytes
2026-07-08 09:35:12,129 [INFO] [OK] Argentina/GFS_ENSEMBLE_Soy_PRCP_DEP/daily dia 11 (2026-07-19 → 2026-07-19) 42008 bytes
2026-07-08 09:35:12,167 [INFO] [OK] Argentina/GFS_ENSEMBLE_Soy_PRCP_DEP/daily dia 08 (2026-07-16 → 2026-07-16) 45888 bytes
2026-07-08 09:35:12,647 [INFO] [OK] Argentina/GFS_ENSEMBLE_Soy_PRCP_DEP/daily dia 12 (2026-07-20 → 2026-07-20) 38732 bytes
2026-07-08 09:35:12,932 [INFO] [OK] Argentina/GFS_ENSEMBLE_Soy_PRCP_DEP/daily dia 13 (2026-07-21 → 2026-07-21) 39251 bytes
2026-07-08 09:35:13,257 [INFO] [OK] Argentina/GFS_ENSEMBLE_Soy_PRCP_DEP/cumulative dia 00 (2026-07-08 → 2026-07-08) 27761 bytes
2026-07-08 09:35:13,325 [INFO] [OK] Argentina/GFS_ENSEMBLE_Soy_PRCP_DEP/cumulative dia 01 (2026-07-08 → 2026-07-09) 28230 bytes
2026-07-08 09:35:13,346 [INFO] [OK] Argentina/GFS_ENSEMBLE_Soy_PRCP_DEP/cumulative dia 02 (2026-07-08 → 2026-07-10) 30272 bytes
2026-07-08 09:35:13,646 [INFO] [OK] Argentina/GFS_ENSEMBLE_Soy_PRCP_DEP/daily dia 14 (2026-07-22 → 2026-07-22) 40333 bytes
2026-07-08 09:35:14,103 [INFO] [OK] Argentina/GFS_ENSEMBLE_Soy_PRCP_DEP/cumulative dia 03 (2026-07-08 → 2026-07-11) 32110 bytes
2026-07-08 09:35:14,441 [INFO] [OK] Argentina/GFS_ENSEMBLE_Soy_PRCP_DEP/cumulative dia 04 (2026-07-08 → 2026-07-12) 38753 bytes
2026-07-08 09:35:15,120 [INFO] [OK] Argentina/GFS_ENSEMBLE_Soy_PRCP_DEP/cumulative dia 05 (2026-07-08 → 2026-07-13) 39680 bytes
2026-07-08 09:35:15,519 [INFO] [OK] Argentina/GFS_ENSEMBLE_Soy_PRCP_DEP/cumulative dia 06 (2026-07-08 → 2026-07-14) 39967 bytes
2026-07-08 09:35:15,582 [INFO] [OK] Argentina/GFS_ENSEMBLE_Soy_PRCP_DEP/cumulative dia 07 (2026-07-08 → 2026-07-15) 40783 bytes
2026-07-08 09:35:16,029 [INFO] [OK] Argentina/GFS_ENSEMBLE_Soy_PRCP_DEP/cumulative dia 08 (2026-07-08 → 2026-07-16) 41519 bytes
2026-07-08 09:35:16,137 [INFO] [OK] Argentina/GFS_ENSEMBLE_Soy_PRCP_DEP/cumulative dia 09 (2026-07-08 → 2026-07-17) 42794 bytes
2026-07-08 09:35:16,403 [INFO] [OK] Argentina/GFS_ENSEMBLE_Soy_PRCP_DEP/cumulative dia 10 (2026-07-08 → 2026-07-18) 43926 bytes
2026-07-08 09:35:17,072 [INFO] [OK] Argentina/GFS_ENSEMBLE_Soy_PRCP_DEP/cumulative dia 11 (2026-07-08 → 2026-07-19) 44757 bytes
2026-07-08 09:35:17,192 [INFO] [OK] Argentina/GFS_ENSEMBLE_Soy_PRCP/daily dia 00 (2026-07-08 → 2026-07-08) 26919 bytes
2026-07-08 09:35:17,473 [INFO] [OK] Argentina/GFS_ENSEMBLE_Soy_PRCP_DEP/cumulative dia 12 (2026-07-08 → 2026-07-20) 44253 bytes
2026-07-08 09:35:17,650 [INFO] [OK] Argentina/GFS_ENSEMBLE_Soy_PRCP_DEP/cumulative dia 13 (2026-07-08 → 2026-07-21) 44275 bytes
2026-07-08 09:35:17,669 [INFO] [OK] Argentina/GFS_ENSEMBLE_Soy_PRCP/daily dia 01 (2026-07-09 → 2026-07-09) 25728 bytes
2026-07-08 09:35:17,977 [INFO] [OK] Argentina/GFS_ENSEMBLE_Soy_PRCP_DEP/cumulative dia 14 (2026-07-08 → 2026-07-22) 44212 bytes
2026-07-08 09:35:18,107 [INFO] [OK] Argentina/GFS_ENSEMBLE_Soy_PRCP/daily dia 02 (2026-07-10 → 2026-07-10) 26973 bytes
2026-07-08 09:35:18,235 [INFO] [OK] Argentina/GFS_ENSEMBLE_Soy_PRCP/daily dia 03 (2026-07-11 → 2026-07-11) 27140 bytes
2026-07-08 09:35:19,392 [INFO] [OK] Argentina/GFS_ENSEMBLE_Soy_PRCP/daily dia 04 (2026-07-12 → 2026-07-12) 28088 bytes
2026-07-08 09:35:19,471 [INFO] [OK] Argentina/GFS_ENSEMBLE_Soy_PRCP/daily dia 07 (2026-07-15 → 2026-07-15) 26856 bytes
2026-07-08 09:35:19,498 [INFO] [OK] Argentina/GFS_ENSEMBLE_Soy_PRCP/daily dia 05 (2026-07-13 → 2026-07-13) 27863 bytes
2026-07-08 09:35:19,499 [INFO] [OK] Argentina/GFS_ENSEMBLE_Soy_PRCP/daily dia 06 (2026-07-14 → 2026-07-14) 26457 bytes
2026-07-08 09:35:19,686 [INFO] [OK] Argentina/GFS_ENSEMBLE_Soy_PRCP/daily dia 09 (2026-07-17 → 2026-07-17) 29639 bytes
2026-07-08 09:35:19,764 [INFO] [OK] Argentina/GFS_ENSEMBLE_Soy_PRCP/daily dia 08 (2026-07-16 → 2026-07-16) 27939 bytes
2026-07-08 09:35:20,395 [INFO] [OK] Argentina/GFS_ENSEMBLE_Soy_PRCP/daily dia 10 (2026-07-18 → 2026-07-18) 29050 bytes
2026-07-08 09:35:20,472 [INFO] [OK] Argentina/GFS_ENSEMBLE_Soy_PRCP/daily dia 13 (2026-07-21 → 2026-07-21) 29362 bytes
2026-07-08 09:35:20,611 [INFO] [OK] Argentina/GFS_ENSEMBLE_Soy_PRCP/daily dia 12 (2026-07-20 → 2026-07-20) 29396 bytes
2026-07-08 09:35:20,616 [INFO] [OK] Argentina/GFS_ENSEMBLE_Soy_PRCP/daily dia 11 (2026-07-19 → 2026-07-19) 29337 bytes
2026-07-08 09:35:20,932 [INFO] [OK] Argentina/GFS_ENSEMBLE_Soy_PRCP/daily dia 14 (2026-07-22 → 2026-07-22) 28645 bytes
2026-07-08 09:35:21,031 [INFO] [OK] Argentina/GFS_ENSEMBLE_Soy_PRCP/cumulative dia 00 (2026-07-08 → 2026-07-08) 26919 bytes
2026-07-08 09:35:21,527 [INFO] [OK] Argentina/GFS_ENSEMBLE_Soy_PRCP/cumulative dia 01 (2026-07-08 → 2026-07-09) 26991 bytes
2026-07-08 09:35:21,907 [INFO] [OK] Argentina/GFS_ENSEMBLE_Soy_PRCP/cumulative dia 03 (2026-07-08 → 2026-07-11) 29132 bytes
2026-07-08 09:35:21,939 [INFO] [OK] Argentina/GFS_ENSEMBLE_Soy_PRCP/cumulative dia 04 (2026-07-08 → 2026-07-12) 30928 bytes
2026-07-08 09:35:21,943 [INFO] [OK] Argentina/GFS_ENSEMBLE_Soy_PRCP/cumulative dia 02 (2026-07-08 → 2026-07-10) 28252 bytes
2026-07-08 09:35:22,520 [INFO] [OK] Argentina/GFS_ENSEMBLE_Soy_PRCP/cumulative dia 06 (2026-07-08 → 2026-07-14) 32004 bytes
2026-07-08 09:35:22,545 [INFO] [OK] Argentina/GFS_ENSEMBLE_Soy_PRCP/cumulative dia 05 (2026-07-08 → 2026-07-13) 31497 bytes
2026-07-08 09:35:22,983 [INFO] [OK] Argentina/GFS_ENSEMBLE_Soy_PRCP/cumulative dia 07 (2026-07-08 → 2026-07-15) 32378 bytes
2026-07-08 09:35:23,450 [INFO] [OK] Argentina/GFS_ENSEMBLE_Soy_PRCP/cumulative dia 09 (2026-07-08 → 2026-07-17) 34026 bytes
2026-07-08 09:35:23,473 [INFO] [OK] Argentina/GFS_ENSEMBLE_Soy_PRCP/cumulative dia 08 (2026-07-08 → 2026-07-16) 33105 bytes
2026-07-08 09:35:23,536 [INFO] [OK] Argentina/GFS_ENSEMBLE_Soy_PRCP/cumulative dia 10 (2026-07-08 → 2026-07-18) 35419 bytes
2026-07-08 09:35:24,154 [INFO] [OK] Argentina/GFS_ENSEMBLE_Soy_PRCP/cumulative dia 11 (2026-07-08 → 2026-07-19) 35743 bytes
2026-07-08 09:35:24,229 [INFO] [OK] Argentina/GFS_ENSEMBLE_Soy_PRCP/cumulative dia 12 (2026-07-08 → 2026-07-20) 36284 bytes
2026-07-08 09:35:24,625 [INFO] [OK] Argentina/GFS_ENSEMBLE_Corn_Winter_PRCP_DEP/daily dia 01 (2026-07-09 → 2026-07-09) 26632 bytes
2026-07-08 09:35:24,668 [INFO] [OK] Argentina/GFS_ENSEMBLE_Corn_Winter_PRCP_DEP/daily dia 00 (2026-07-08 → 2026-07-08) 26157 bytes
2026-07-08 09:35:24,863 [INFO] [OK] Argentina/GFS_ENSEMBLE_Soy_PRCP/cumulative dia 13 (2026-07-08 → 2026-07-21) 36774 bytes
2026-07-08 09:35:25,105 [INFO] [OK] Argentina/GFS_ENSEMBLE_Soy_PRCP/cumulative dia 14 (2026-07-08 → 2026-07-22) 37071 bytes
2026-07-08 09:35:25,183 [INFO] [OK] Argentina/GFS_ENSEMBLE_Corn_Winter_PRCP_DEP/daily dia 02 (2026-07-10 → 2026-07-10) 29892 bytes
2026-07-08 09:35:25,340 [INFO] [OK] Argentina/GFS_ENSEMBLE_Corn_Winter_PRCP_DEP/daily dia 03 (2026-07-11 → 2026-07-11) 32980 bytes
2026-07-08 09:35:25,784 [INFO] [OK] Argentina/GFS_ENSEMBLE_Corn_Winter_PRCP_DEP/daily dia 04 (2026-07-12 → 2026-07-12) 35242 bytes
2026-07-08 09:35:25,787 [INFO] [OK] Argentina/GFS_ENSEMBLE_Corn_Winter_PRCP_DEP/daily dia 05 (2026-07-13 → 2026-07-13) 37819 bytes
2026-07-08 09:35:25,952 [INFO] [OK] Argentina/GFS_ENSEMBLE_Corn_Winter_PRCP_DEP/daily dia 06 (2026-07-14 → 2026-07-14) 38014 bytes
2026-07-08 09:35:26,237 [INFO] [OK] Argentina/GFS_ENSEMBLE_Corn_Winter_PRCP_DEP/daily dia 08 (2026-07-16 → 2026-07-16) 44143 bytes
2026-07-08 09:35:26,417 [INFO] [OK] Argentina/GFS_ENSEMBLE_Corn_Winter_PRCP_DEP/daily dia 07 (2026-07-15 → 2026-07-15) 40209 bytes
2026-07-08 09:35:26,444 [INFO] [OK] Argentina/GFS_ENSEMBLE_Corn_Winter_PRCP_DEP/daily dia 09 (2026-07-17 → 2026-07-17) 41483 bytes
2026-07-08 09:35:26,875 [INFO] [OK] Argentina/GFS_ENSEMBLE_Corn_Winter_PRCP_DEP/daily dia 10 (2026-07-18 → 2026-07-18) 40348 bytes
2026-07-08 09:35:26,908 [INFO] [OK] Argentina/GFS_ENSEMBLE_Corn_Winter_PRCP_DEP/daily dia 11 (2026-07-19 → 2026-07-19) 40148 bytes
2026-07-08 09:35:26,987 [INFO] [OK] Argentina/GFS_ENSEMBLE_Corn_Winter_PRCP_DEP/daily dia 12 (2026-07-20 → 2026-07-20) 37402 bytes
2026-07-08 09:35:27,267 [INFO] [OK] Argentina/GFS_ENSEMBLE_Corn_Winter_PRCP_DEP/daily dia 13 (2026-07-21 → 2026-07-21) 37512 bytes
2026-07-08 09:35:27,625 [INFO] [OK] Argentina/GFS_ENSEMBLE_Corn_Winter_PRCP_DEP/daily dia 14 (2026-07-22 → 2026-07-22) 38337 bytes
2026-07-08 09:35:27,631 [INFO] [OK] Argentina/GFS_ENSEMBLE_Corn_Winter_PRCP_DEP/cumulative dia 00 (2026-07-08 → 2026-07-08) 26157 bytes
2026-07-08 09:35:27,923 [INFO] [OK] Argentina/GFS_ENSEMBLE_Corn_Winter_PRCP_DEP/cumulative dia 01 (2026-07-08 → 2026-07-09) 26685 bytes
2026-07-08 09:35:28,087 [INFO] [OK] Argentina/GFS_ENSEMBLE_Corn_Winter_PRCP_DEP/cumulative dia 02 (2026-07-08 → 2026-07-10) 28788 bytes
2026-07-08 09:35:28,137 [INFO] [OK] Argentina/GFS_ENSEMBLE_Corn_Winter_PRCP_DEP/cumulative dia 03 (2026-07-08 → 2026-07-11) 30433 bytes
2026-07-08 09:35:28,814 [INFO] [OK] Argentina/GFS_ENSEMBLE_Corn_Winter_PRCP_DEP/cumulative dia 04 (2026-07-08 → 2026-07-12) 36949 bytes
2026-07-08 09:35:29,050 [INFO] [OK] Argentina/GFS_ENSEMBLE_Corn_Winter_PRCP_DEP/cumulative dia 06 (2026-07-08 → 2026-07-14) 38505 bytes
2026-07-08 09:35:29,052 [INFO] [OK] Argentina/GFS_ENSEMBLE_Corn_Winter_PRCP_DEP/cumulative dia 05 (2026-07-08 → 2026-07-13) 38144 bytes
2026-07-08 09:35:29,381 [INFO] [OK] Argentina/GFS_ENSEMBLE_Corn_Winter_PRCP_DEP/cumulative dia 07 (2026-07-08 → 2026-07-15) 39049 bytes
2026-07-08 09:35:30,092 [INFO] [OK] Argentina/GFS_ENSEMBLE_Corn_Winter_PRCP_DEP/cumulative dia 09 (2026-07-08 → 2026-07-17) 40995 bytes
2026-07-08 09:35:30,113 [INFO] [OK] Argentina/GFS_ENSEMBLE_Corn_Winter_PRCP_DEP/cumulative dia 08 (2026-07-08 → 2026-07-16) 39769 bytes
2026-07-08 09:35:30,439 [INFO] [OK] Argentina/GFS_ENSEMBLE_Corn_Winter_PRCP_DEP/cumulative dia 10 (2026-07-08 → 2026-07-18) 42189 bytes
2026-07-08 09:35:30,782 [INFO] [OK] Argentina/GFS_ENSEMBLE_Corn_Winter_PRCP_DEP/cumulative dia 11 (2026-07-08 → 2026-07-19) 43215 bytes
2026-07-08 09:35:30,924 [INFO] [OK] Argentina/GFS_ENSEMBLE_Corn_Winter_PRCP_DEP/cumulative dia 12 (2026-07-08 → 2026-07-20) 42788 bytes
2026-07-08 09:35:31,118 [INFO] [OK] Argentina/GFS_ENSEMBLE_Corn_Winter_PRCP_DEP/cumulative dia 13 (2026-07-08 → 2026-07-21) 42800 bytes
2026-07-08 09:35:31,126 [INFO] [OK] Argentina/GFS_ENSEMBLE_Corn_Winter_PRCP/daily dia 00 (2026-07-08 → 2026-07-08) 25039 bytes
2026-07-08 09:35:31,536 [INFO] [OK] Argentina/GFS_ENSEMBLE_Corn_Winter_PRCP/daily dia 01 (2026-07-09 → 2026-07-09) 23806 bytes
2026-07-08 09:35:31,808 [INFO] [OK] Argentina/GFS_ENSEMBLE_Corn_Winter_PRCP/daily dia 02 (2026-07-10 → 2026-07-10) 25211 bytes
2026-07-08 09:35:31,991 [INFO] [OK] Argentina/GFS_ENSEMBLE_Corn_Winter_PRCP/daily dia 03 (2026-07-11 → 2026-07-11) 25217 bytes
2026-07-08 09:35:32,047 [INFO] [OK] Argentina/GFS_ENSEMBLE_Corn_Winter_PRCP_DEP/cumulative dia 14 (2026-07-08 → 2026-07-22) 42908 bytes
2026-07-08 09:35:32,113 [INFO] [OK] Argentina/GFS_ENSEMBLE_Corn_Winter_PRCP/daily dia 05 (2026-07-13 → 2026-07-13) 26085 bytes
2026-07-08 09:35:32,300 [INFO] [OK] Argentina/GFS_ENSEMBLE_Corn_Winter_PRCP/daily dia 04 (2026-07-12 → 2026-07-12) 26125 bytes
2026-07-08 09:35:32,743 [INFO] [OK] Argentina/GFS_ENSEMBLE_Corn_Winter_PRCP/daily dia 06 (2026-07-14 → 2026-07-14) 24703 bytes
2026-07-08 09:35:32,915 [INFO] [OK] Argentina/GFS_ENSEMBLE_Corn_Winter_PRCP/daily dia 07 (2026-07-15 → 2026-07-15) 24821 bytes
2026-07-08 09:35:33,146 [INFO] [OK] Argentina/GFS_ENSEMBLE_Corn_Winter_PRCP/daily dia 09 (2026-07-17 → 2026-07-17) 27840 bytes
2026-07-08 09:35:33,152 [INFO] [OK] Argentina/GFS_ENSEMBLE_Corn_Winter_PRCP/daily dia 10 (2026-07-18 → 2026-07-18) 27327 bytes
2026-07-08 09:35:33,239 [INFO] [OK] Argentina/GFS_ENSEMBLE_Corn_Winter_PRCP/daily dia 08 (2026-07-16 → 2026-07-16) 25957 bytes
2026-07-08 09:35:33,389 [INFO] [OK] Argentina/GFS_ENSEMBLE_Corn_Winter_PRCP/daily dia 11 (2026-07-19 → 2026-07-19) 27511 bytes
2026-07-08 09:35:33,810 [INFO] [OK] Argentina/GFS_ENSEMBLE_Corn_Winter_PRCP/daily dia 12 (2026-07-20 → 2026-07-20) 27666 bytes
2026-07-08 09:35:33,968 [INFO] [OK] Argentina/GFS_ENSEMBLE_Corn_Winter_PRCP/daily dia 13 (2026-07-21 → 2026-07-21) 27502 bytes
2026-07-08 09:35:34,237 [INFO] [OK] Argentina/GFS_ENSEMBLE_Corn_Winter_PRCP/cumulative dia 00 (2026-07-08 → 2026-07-08) 25039 bytes
2026-07-08 09:35:34,338 [INFO] [OK] Argentina/GFS_ENSEMBLE_Corn_Winter_PRCP/cumulative dia 01 (2026-07-08 → 2026-07-09) 25160 bytes
2026-07-08 09:35:34,365 [INFO] [OK] Argentina/GFS_ENSEMBLE_Corn_Winter_PRCP/daily dia 14 (2026-07-22 → 2026-07-22) 26790 bytes
2026-07-08 09:35:34,577 [INFO] [OK] Argentina/GFS_ENSEMBLE_Corn_Winter_PRCP/cumulative dia 02 (2026-07-08 → 2026-07-10) 26477 bytes
2026-07-08 09:35:34,927 [INFO] [OK] Argentina/GFS_ENSEMBLE_Corn_Winter_PRCP/cumulative dia 03 (2026-07-08 → 2026-07-11) 27355 bytes
2026-07-08 09:35:35,155 [INFO] [OK] Argentina/GFS_ENSEMBLE_Corn_Winter_PRCP/cumulative dia 04 (2026-07-08 → 2026-07-12) 29180 bytes
2026-07-08 09:35:35,466 [INFO] [OK] Argentina/GFS_ENSEMBLE_Corn_Winter_PRCP/cumulative dia 05 (2026-07-08 → 2026-07-13) 29925 bytes
2026-07-08 09:35:35,680 [INFO] [OK] Argentina/GFS_ENSEMBLE_Corn_Winter_PRCP/cumulative dia 06 (2026-07-08 → 2026-07-14) 30278 bytes
2026-07-08 09:35:35,806 [INFO] [OK] Argentina/GFS_ENSEMBLE_Corn_Winter_PRCP/cumulative dia 07 (2026-07-08 → 2026-07-15) 30824 bytes
2026-07-08 09:35:36,151 [INFO] [OK] Argentina/GFS_ENSEMBLE_Corn_Winter_PRCP/cumulative dia 08 (2026-07-08 → 2026-07-16) 31565 bytes
2026-07-08 09:35:36,403 [INFO] [OK] Argentina/GFS_ENSEMBLE_Corn_Winter_PRCP/cumulative dia 09 (2026-07-08 → 2026-07-17) 32534 bytes
2026-07-08 09:35:36,779 [INFO] [OK] Argentina/GFS_ENSEMBLE_Corn_Winter_PRCP/cumulative dia 10 (2026-07-08 → 2026-07-18) 33623 bytes
2026-07-08 09:35:37,122 [INFO] [OK] Argentina/GFS_ENSEMBLE_Corn_Winter_PRCP/cumulative dia 11 (2026-07-08 → 2026-07-19) 34081 bytes
2026-07-08 09:35:37,423 [INFO] [OK] Argentina/GFS_ENSEMBLE_Corn_Winter_PRCP/cumulative dia 12 (2026-07-08 → 2026-07-20) 34653 bytes
2026-07-08 09:35:37,475 [INFO] [OK] Argentina/ECM_ENSEMBLE_Soy_PRCP_DEP/daily dia 00 (2026-07-08 → 2026-07-08) 29091 bytes
2026-07-08 09:35:37,594 [INFO] [OK] Argentina/GFS_ENSEMBLE_Corn_Winter_PRCP/cumulative dia 13 (2026-07-08 → 2026-07-21) 34952 bytes
2026-07-08 09:35:38,000 [INFO] [OK] Argentina/ECM_ENSEMBLE_Soy_PRCP_DEP/daily dia 01 (2026-07-09 → 2026-07-09) 34783 bytes
2026-07-08 09:35:38,005 [INFO] [OK] Argentina/GFS_ENSEMBLE_Corn_Winter_PRCP/cumulative dia 14 (2026-07-08 → 2026-07-22) 35538 bytes
2026-07-08 09:35:38,156 [INFO] [OK] Argentina/ECM_ENSEMBLE_Soy_PRCP_DEP/daily dia 02 (2026-07-10 → 2026-07-10) 38447 bytes
2026-07-08 09:35:38,487 [INFO] [OK] Argentina/ECM_ENSEMBLE_Soy_PRCP_DEP/daily dia 03 (2026-07-11 → 2026-07-11) 39625 bytes
2026-07-08 09:35:38,896 [INFO] [OK] Argentina/ECM_ENSEMBLE_Soy_PRCP_DEP/daily dia 04 (2026-07-12 → 2026-07-12) 37434 bytes
2026-07-08 09:35:39,083 [INFO] [OK] Argentina/ECM_ENSEMBLE_Soy_PRCP_DEP/daily dia 05 (2026-07-13 → 2026-07-13) 37136 bytes
2026-07-08 09:35:39,269 [INFO] [OK] Argentina/ECM_ENSEMBLE_Soy_PRCP_DEP/daily dia 06 (2026-07-14 → 2026-07-14) 38019 bytes
2026-07-08 09:35:39,279 [INFO] [OK] Argentina/ECM_ENSEMBLE_Soy_PRCP_DEP/daily dia 08 (2026-07-16 → 2026-07-16) 40283 bytes
2026-07-08 09:35:39,280 [INFO] [OK] Argentina/ECM_ENSEMBLE_Soy_PRCP_DEP/daily dia 07 (2026-07-15 → 2026-07-15) 42494 bytes
2026-07-08 09:35:39,427 [INFO] [OK] Argentina/ECM_ENSEMBLE_Soy_PRCP_DEP/daily dia 09 (2026-07-17 → 2026-07-17) 37900 bytes
2026-07-08 09:35:40,089 [INFO] [OK] Argentina/ECM_ENSEMBLE_Soy_PRCP_DEP/daily dia 10 (2026-07-18 → 2026-07-18) 39035 bytes
2026-07-08 09:35:40,356 [INFO] [OK] Argentina/ECM_ENSEMBLE_Soy_PRCP_DEP/daily dia 14 (2026-07-22 → 2026-07-22) 42258 bytes
2026-07-08 09:35:40,536 [INFO] [OK] Argentina/ECM_ENSEMBLE_Soy_PRCP_DEP/cumulative dia 00 (2026-07-08 → 2026-07-08) 29091 bytes
2026-07-08 09:35:40,546 [INFO] [OK] Argentina/ECM_ENSEMBLE_Soy_PRCP_DEP/daily dia 12 (2026-07-20 → 2026-07-20) 38609 bytes
2026-07-08 09:35:40,550 [INFO] [OK] Argentina/ECM_ENSEMBLE_Soy_PRCP_DEP/daily dia 13 (2026-07-21 → 2026-07-21) 39358 bytes
2026-07-08 09:35:40,562 [INFO] [OK] Argentina/ECM_ENSEMBLE_Soy_PRCP_DEP/daily dia 11 (2026-07-19 → 2026-07-19) 38519 bytes
2026-07-08 09:35:41,116 [INFO] [OK] Argentina/ECM_ENSEMBLE_Soy_PRCP_DEP/cumulative dia 01 (2026-07-08 → 2026-07-09) 33646 bytes
2026-07-08 09:35:41,450 [INFO] [OK] Argentina/ECM_ENSEMBLE_Soy_PRCP_DEP/cumulative dia 02 (2026-07-08 → 2026-07-10) 37896 bytes
2026-07-08 09:35:42,343 [INFO] [OK] Argentina/ECM_ENSEMBLE_Soy_PRCP_DEP/cumulative dia 03 (2026-07-08 → 2026-07-11) 41151 bytes
2026-07-08 09:35:42,866 [INFO] [OK] Argentina/ECM_ENSEMBLE_Soy_PRCP_DEP/cumulative dia 07 (2026-07-08 → 2026-07-15) 42967 bytes
2026-07-08 09:35:42,878 [INFO] [OK] Argentina/ECM_ENSEMBLE_Soy_PRCP_DEP/cumulative dia 04 (2026-07-08 → 2026-07-12) 42604 bytes
2026-07-08 09:35:42,879 [INFO] [OK] Argentina/ECM_ENSEMBLE_Soy_PRCP_DEP/cumulative dia 08 (2026-07-08 → 2026-07-16) 43747 bytes
2026-07-08 09:35:42,928 [INFO] [OK] Argentina/ECM_ENSEMBLE_Soy_PRCP_DEP/cumulative dia 05 (2026-07-08 → 2026-07-13) 41725 bytes
2026-07-08 09:35:42,936 [INFO] [OK] Argentina/ECM_ENSEMBLE_Soy_PRCP_DEP/cumulative dia 06 (2026-07-08 → 2026-07-14) 42030 bytes
2026-07-08 09:35:44,866 [INFO] [OK] Argentina/ECM_ENSEMBLE_Soy_PRCP_DEP/cumulative dia 10 (2026-07-08 → 2026-07-18) 42881 bytes
2026-07-08 09:35:45,137 [INFO] [OK] Argentina/ECM_ENSEMBLE_Soy_PRCP_DEP/cumulative dia 11 (2026-07-08 → 2026-07-19) 41669 bytes
2026-07-08 09:35:45,143 [INFO] [OK] Argentina/ECM_ENSEMBLE_Soy_PRCP_DEP/cumulative dia 09 (2026-07-08 → 2026-07-17) 43169 bytes
2026-07-08 09:35:45,144 [INFO] [OK] Argentina/ECM_ENSEMBLE_Soy_PRCP_DEP/cumulative dia 12 (2026-07-08 → 2026-07-20) 41046 bytes
2026-07-08 09:35:45,200 [INFO] [OK] Argentina/ECM_ENSEMBLE_Soy_PRCP_DEP/cumulative dia 14 (2026-07-08 → 2026-07-22) 41030 bytes
2026-07-08 09:35:45,230 [INFO] [OK] Argentina/ECM_ENSEMBLE_Soy_PRCP_DEP/cumulative dia 13 (2026-07-08 → 2026-07-21) 40882 bytes
2026-07-08 09:35:45,894 [INFO] [OK] Argentina/ECM_ENSEMBLE_Soy_PRCP/daily dia 00 (2026-07-08 → 2026-07-08) 27117 bytes
2026-07-08 09:35:46,180 [INFO] [OK] Argentina/ECM_ENSEMBLE_Soy_PRCP/daily dia 01 (2026-07-09 → 2026-07-09) 26604 bytes
2026-07-08 09:35:46,274 [INFO] [OK] Argentina/ECM_ENSEMBLE_Soy_PRCP/daily dia 04 (2026-07-12 → 2026-07-12) 28945 bytes
2026-07-08 09:35:46,284 [INFO] [OK] Argentina/ECM_ENSEMBLE_Soy_PRCP/daily dia 03 (2026-07-11 → 2026-07-11) 29187 bytes
2026-07-08 09:35:46,355 [INFO] [OK] Argentina/ECM_ENSEMBLE_Soy_PRCP/daily dia 02 (2026-07-10 → 2026-07-10) 28529 bytes
2026-07-08 09:35:46,356 [INFO] [OK] Argentina/ECM_ENSEMBLE_Soy_PRCP/daily dia 05 (2026-07-13 → 2026-07-13) 27855 bytes
2026-07-08 09:35:46,981 [INFO] [OK] Argentina/ECM_ENSEMBLE_Soy_PRCP/daily dia 06 (2026-07-14 → 2026-07-14) 26819 bytes
2026-07-08 09:35:47,271 [INFO] [OK] Argentina/ECM_ENSEMBLE_Soy_PRCP/daily dia 07 (2026-07-15 → 2026-07-15) 27515 bytes
2026-07-08 09:35:47,405 [INFO] [OK] Argentina/ECM_ENSEMBLE_Soy_PRCP/daily dia 08 (2026-07-16 → 2026-07-16) 29827 bytes
2026-07-08 09:35:47,427 [INFO] [OK] Argentina/ECM_ENSEMBLE_Soy_PRCP/daily dia 09 (2026-07-17 → 2026-07-17) 30710 bytes
2026-07-08 09:35:47,593 [INFO] [OK] Argentina/ECM_ENSEMBLE_Soy_PRCP/daily dia 10 (2026-07-18 → 2026-07-18) 30355 bytes
2026-07-08 09:35:47,638 [INFO] [OK] Argentina/ECM_ENSEMBLE_Soy_PRCP/daily dia 11 (2026-07-19 → 2026-07-19) 30463 bytes
2026-07-08 09:35:47,955 [INFO] [OK] Argentina/ECM_ENSEMBLE_Soy_PRCP/daily dia 12 (2026-07-20 → 2026-07-20) 29901 bytes
2026-07-08 09:35:48,325 [INFO] [OK] Argentina/ECM_ENSEMBLE_Soy_PRCP/daily dia 13 (2026-07-21 → 2026-07-21) 29446 bytes
2026-07-08 09:35:48,417 [INFO] [OK] Argentina/ECM_ENSEMBLE_Soy_PRCP/cumulative dia 00 (2026-07-08 → 2026-07-08) 27117 bytes
2026-07-08 09:35:48,427 [INFO] [OK] Argentina/ECM_ENSEMBLE_Soy_PRCP/daily dia 14 (2026-07-22 → 2026-07-22) 27624 bytes
2026-07-08 09:35:48,769 [INFO] [OK] Argentina/ECM_ENSEMBLE_Soy_PRCP/cumulative dia 02 (2026-07-08 → 2026-07-10) 30370 bytes
2026-07-08 09:35:48,775 [INFO] [OK] Argentina/ECM_ENSEMBLE_Soy_PRCP/cumulative dia 01 (2026-07-08 → 2026-07-09) 27824 bytes
2026-07-08 09:35:49,049 [INFO] [OK] Argentina/ECM_ENSEMBLE_Soy_PRCP/cumulative dia 03 (2026-07-08 → 2026-07-11) 32407 bytes
2026-07-08 09:35:49,516 [INFO] [OK] Argentina/ECM_ENSEMBLE_Soy_PRCP/cumulative dia 04 (2026-07-08 → 2026-07-12) 33896 bytes
2026-07-08 09:35:49,687 [INFO] [OK] Argentina/ECM_ENSEMBLE_Soy_PRCP/cumulative dia 05 (2026-07-08 → 2026-07-13) 33834 bytes
2026-07-08 09:35:49,773 [INFO] [OK] Argentina/ECM_ENSEMBLE_Soy_PRCP/cumulative dia 06 (2026-07-08 → 2026-07-14) 34553 bytes
2026-07-08 09:35:50,165 [INFO] [OK] Argentina/ECM_ENSEMBLE_Soy_PRCP/cumulative dia 07 (2026-07-08 → 2026-07-15) 35156 bytes
2026-07-08 09:35:50,207 [INFO] [OK] Argentina/ECM_ENSEMBLE_Soy_PRCP/cumulative dia 08 (2026-07-08 → 2026-07-16) 36160 bytes
2026-07-08 09:35:50,557 [INFO] [OK] Argentina/ECM_ENSEMBLE_Soy_PRCP/cumulative dia 09 (2026-07-08 → 2026-07-17) 36427 bytes
2026-07-08 09:35:51,056 [INFO] [OK] Argentina/ECM_ENSEMBLE_Soy_PRCP/cumulative dia 10 (2026-07-08 → 2026-07-18) 37082 bytes
2026-07-08 09:35:51,441 [INFO] [OK] Argentina/ECM_ENSEMBLE_Soy_PRCP/cumulative dia 11 (2026-07-08 → 2026-07-19) 37508 bytes
2026-07-08 09:35:51,448 [INFO] [OK] Argentina/ECM_ENSEMBLE_Soy_PRCP/cumulative dia 12 (2026-07-08 → 2026-07-20) 38094 bytes
2026-07-08 09:35:51,651 [INFO] [OK] Argentina/ECM_ENSEMBLE_Corn_Winter_PRCP_DEP/daily dia 00 (2026-07-08 → 2026-07-08) 27491 bytes
2026-07-08 09:35:53,664 [INFO] [OK] Argentina/ECM_ENSEMBLE_Soy_PRCP/cumulative dia 14 (2026-07-08 → 2026-07-22) 38580 bytes
2026-07-08 09:35:53,665 [INFO] [OK] Argentina/ECM_ENSEMBLE_Soy_PRCP/cumulative dia 13 (2026-07-08 → 2026-07-21) 38298 bytes
2026-07-08 09:35:53,960 [INFO] [OK] Argentina/ECM_ENSEMBLE_Corn_Winter_PRCP_DEP/daily dia 04 (2026-07-12 → 2026-07-12) 35854 bytes
2026-07-08 09:35:54,072 [INFO] [OK] Argentina/ECM_ENSEMBLE_Corn_Winter_PRCP_DEP/daily dia 02 (2026-07-10 → 2026-07-10) 36680 bytes
2026-07-08 09:35:54,084 [INFO] [OK] Argentina/ECM_ENSEMBLE_Corn_Winter_PRCP_DEP/daily dia 01 (2026-07-09 → 2026-07-09) 33014 bytes
2026-07-08 09:35:54,091 [INFO] [OK] Argentina/ECM_ENSEMBLE_Corn_Winter_PRCP_DEP/daily dia 03 (2026-07-11 → 2026-07-11) 37885 bytes
2026-07-08 09:35:55,536 [INFO] [OK] Argentina/ECM_ENSEMBLE_Corn_Winter_PRCP_DEP/daily dia 07 (2026-07-15 → 2026-07-15) 40730 bytes
2026-07-08 09:35:55,601 [INFO] [OK] Argentina/ECM_ENSEMBLE_Corn_Winter_PRCP_DEP/daily dia 05 (2026-07-13 → 2026-07-13) 35627 bytes
2026-07-08 09:35:55,608 [INFO] [OK] Argentina/ECM_ENSEMBLE_Corn_Winter_PRCP_DEP/daily dia 06 (2026-07-14 → 2026-07-14) 36575 bytes
2026-07-08 09:35:56,274 [INFO] [OK] Argentina/ECM_ENSEMBLE_Corn_Winter_PRCP_DEP/daily dia 10 (2026-07-18 → 2026-07-18) 37391 bytes
2026-07-08 09:35:56,501 [INFO] [OK] Argentina/ECM_ENSEMBLE_Corn_Winter_PRCP_DEP/daily dia 08 (2026-07-16 → 2026-07-16) 38778 bytes
2026-07-08 09:35:56,517 [INFO] [OK] Argentina/ECM_ENSEMBLE_Corn_Winter_PRCP_DEP/daily dia 09 (2026-07-17 → 2026-07-17) 36180 bytes
2026-07-08 09:35:56,603 [INFO] [OK] Argentina/ECM_ENSEMBLE_Corn_Winter_PRCP_DEP/daily dia 11 (2026-07-19 → 2026-07-19) 36956 bytes
2026-07-08 09:35:56,678 [INFO] [OK] Argentina/ECM_ENSEMBLE_Corn_Winter_PRCP_DEP/daily dia 13 (2026-07-21 → 2026-07-21) 37930 bytes
2026-07-08 09:35:56,759 [INFO] [OK] Argentina/ECM_ENSEMBLE_Corn_Winter_PRCP_DEP/daily dia 12 (2026-07-20 → 2026-07-20) 37223 bytes
2026-07-08 09:35:57,315 [INFO] [OK] Argentina/ECM_ENSEMBLE_Corn_Winter_PRCP_DEP/daily dia 14 (2026-07-22 → 2026-07-22) 40564 bytes
2026-07-08 09:35:57,638 [INFO] [OK] Argentina/ECM_ENSEMBLE_Corn_Winter_PRCP_DEP/cumulative dia 01 (2026-07-08 → 2026-07-09) 31859 bytes
2026-07-08 09:35:57,764 [INFO] [OK] Argentina/ECM_ENSEMBLE_Corn_Winter_PRCP_DEP/cumulative dia 00 (2026-07-08 → 2026-07-08) 27491 bytes
2026-07-08 09:35:57,892 [INFO] [OK] Argentina/ECM_ENSEMBLE_Corn_Winter_PRCP_DEP/cumulative dia 03 (2026-07-08 → 2026-07-11) 39456 bytes
2026-07-08 09:35:57,895 [INFO] [OK] Argentina/ECM_ENSEMBLE_Corn_Winter_PRCP_DEP/cumulative dia 02 (2026-07-08 → 2026-07-10) 36007 bytes
2026-07-08 09:35:57,969 [INFO] [OK] Argentina/ECM_ENSEMBLE_Corn_Winter_PRCP_DEP/cumulative dia 04 (2026-07-08 → 2026-07-12) 40945 bytes
2026-07-08 09:35:58,682 [INFO] [OK] Argentina/ECM_ENSEMBLE_Corn_Winter_PRCP_DEP/cumulative dia 05 (2026-07-08 → 2026-07-13) 40226 bytes
2026-07-08 09:35:59,047 [INFO] [OK] Argentina/ECM_ENSEMBLE_Corn_Winter_PRCP_DEP/cumulative dia 06 (2026-07-08 → 2026-07-14) 40399 bytes
2026-07-08 09:35:59,327 [INFO] [OK] Argentina/ECM_ENSEMBLE_Corn_Winter_PRCP_DEP/cumulative dia 07 (2026-07-08 → 2026-07-15) 41416 bytes
2026-07-08 09:35:59,383 [INFO] [OK] Argentina/ECM_ENSEMBLE_Corn_Winter_PRCP_DEP/cumulative dia 09 (2026-07-08 → 2026-07-17) 41858 bytes
2026-07-08 09:35:59,534 [INFO] [OK] Argentina/ECM_ENSEMBLE_Corn_Winter_PRCP_DEP/cumulative dia 10 (2026-07-08 → 2026-07-18) 41425 bytes
2026-07-08 09:35:59,537 [INFO] [OK] Argentina/ECM_ENSEMBLE_Corn_Winter_PRCP_DEP/cumulative dia 08 (2026-07-08 → 2026-07-16) 42266 bytes
2026-07-08 09:36:00,332 [INFO] [OK] Argentina/ECM_ENSEMBLE_Corn_Winter_PRCP_DEP/cumulative dia 11 (2026-07-08 → 2026-07-19) 40271 bytes
2026-07-08 09:36:00,595 [INFO] [OK] Argentina/ECM_ENSEMBLE_Corn_Winter_PRCP/daily dia 00 (2026-07-08 → 2026-07-08) 25339 bytes
2026-07-08 09:36:00,660 [INFO] [OK] Argentina/ECM_ENSEMBLE_Corn_Winter_PRCP/daily dia 01 (2026-07-09 → 2026-07-09) 24880 bytes
2026-07-08 09:36:00,829 [INFO] [OK] Argentina/ECM_ENSEMBLE_Corn_Winter_PRCP_DEP/cumulative dia 12 (2026-07-08 → 2026-07-20) 39513 bytes
2026-07-08 09:36:01,089 [INFO] [OK] Argentina/ECM_ENSEMBLE_Corn_Winter_PRCP_DEP/cumulative dia 13 (2026-07-08 → 2026-07-21) 39394 bytes
2026-07-08 09:36:01,139 [INFO] [OK] Argentina/ECM_ENSEMBLE_Corn_Winter_PRCP_DEP/cumulative dia 14 (2026-07-08 → 2026-07-22) 39470 bytes
2026-07-08 09:36:02,060 [INFO] [OK] Argentina/ECM_ENSEMBLE_Corn_Winter_PRCP/daily dia 03 (2026-07-11 → 2026-07-11) 27413 bytes
2026-07-08 09:36:02,063 [INFO] [OK] Argentina/ECM_ENSEMBLE_Corn_Winter_PRCP/daily dia 02 (2026-07-10 → 2026-07-10) 26781 bytes
2026-07-08 09:36:02,081 [INFO] [OK] Argentina/ECM_ENSEMBLE_Corn_Winter_PRCP/daily dia 05 (2026-07-13 → 2026-07-13) 26091 bytes
2026-07-08 09:36:02,144 [INFO] [OK] Argentina/ECM_ENSEMBLE_Corn_Winter_PRCP/daily dia 04 (2026-07-12 → 2026-07-12) 27072 bytes
2026-07-08 09:36:02,232 [INFO] [OK] Argentina/ECM_ENSEMBLE_Corn_Winter_PRCP/daily dia 06 (2026-07-14 → 2026-07-14) 25061 bytes
2026-07-08 09:36:02,465 [INFO] [OK] Argentina/ECM_ENSEMBLE_Corn_Winter_PRCP/daily dia 07 (2026-07-15 → 2026-07-15) 25569 bytes
2026-07-08 09:36:03,072 [INFO] [OK] Argentina/ECM_ENSEMBLE_Corn_Winter_PRCP/daily dia 09 (2026-07-17 → 2026-07-17) 28961 bytes
2026-07-08 09:36:03,272 [INFO] [OK] Argentina/ECM_ENSEMBLE_Corn_Winter_PRCP/daily dia 10 (2026-07-18 → 2026-07-18) 28597 bytes
2026-07-08 09:36:03,521 [INFO] [OK] Argentina/ECM_ENSEMBLE_Corn_Winter_PRCP/daily dia 12 (2026-07-20 → 2026-07-20) 28057 bytes
2026-07-08 09:36:03,526 [INFO] [OK] Argentina/ECM_ENSEMBLE_Corn_Winter_PRCP/daily dia 08 (2026-07-16 → 2026-07-16) 27955 bytes
2026-07-08 09:36:03,534 [INFO] [OK] Argentina/ECM_ENSEMBLE_Corn_Winter_PRCP/daily dia 11 (2026-07-19 → 2026-07-19) 28723 bytes
2026-07-08 09:36:03,704 [INFO] [OK] Argentina/ECM_ENSEMBLE_Corn_Winter_PRCP/daily dia 13 (2026-07-21 → 2026-07-21) 27575 bytes
2026-07-08 09:36:04,016 [INFO] [OK] Argentina/ECM_ENSEMBLE_Corn_Winter_PRCP/daily dia 14 (2026-07-22 → 2026-07-22) 25811 bytes
2026-07-08 09:36:04,560 [INFO] [OK] Argentina/ECM_ENSEMBLE_Corn_Winter_PRCP/cumulative dia 00 (2026-07-08 → 2026-07-08) 25339 bytes
2026-07-08 09:36:04,738 [INFO] [OK] Argentina/ECM_ENSEMBLE_Corn_Winter_PRCP/cumulative dia 01 (2026-07-08 → 2026-07-09) 26115 bytes
2026-07-08 09:36:04,922 [INFO] [OK] Argentina/ECM_ENSEMBLE_Corn_Winter_PRCP/cumulative dia 02 (2026-07-08 → 2026-07-10) 28513 bytes
2026-07-08 09:36:04,983 [INFO] [OK] Argentina/ECM_ENSEMBLE_Corn_Winter_PRCP/cumulative dia 03 (2026-07-08 → 2026-07-11) 30648 bytes
2026-07-08 09:36:04,995 [INFO] [OK] Argentina/ECM_ENSEMBLE_Corn_Winter_PRCP/cumulative dia 04 (2026-07-08 → 2026-07-12) 32017 bytes
2026-07-08 09:36:05,428 [INFO] [OK] Argentina/ECM_ENSEMBLE_Corn_Winter_PRCP/cumulative dia 05 (2026-07-08 → 2026-07-13) 32104 bytes
2026-07-08 09:36:05,968 [INFO] [OK] Argentina/ECM_ENSEMBLE_Corn_Winter_PRCP/cumulative dia 06 (2026-07-08 → 2026-07-14) 32859 bytes
2026-07-08 09:36:06,122 [INFO] [OK] Argentina/ECM_ENSEMBLE_Corn_Winter_PRCP/cumulative dia 07 (2026-07-08 → 2026-07-15) 33491 bytes
2026-07-08 09:36:06,461 [INFO] [OK] Argentina/ECM_ENSEMBLE_Corn_Winter_PRCP/cumulative dia 08 (2026-07-08 → 2026-07-16) 34455 bytes
2026-07-08 09:36:06,561 [INFO] [OK] Argentina/ECM_ENSEMBLE_Corn_Winter_PRCP/cumulative dia 10 (2026-07-08 → 2026-07-18) 35526 bytes
2026-07-08 09:36:06,739 [INFO] [OK] Argentina/ECM_ENSEMBLE_Corn_Winter_PRCP/cumulative dia 09 (2026-07-08 → 2026-07-17) 34733 bytes
2026-07-08 09:36:07,086 [INFO] [OK] Argentina/ECM_ENSEMBLE_Corn_Winter_PRCP/cumulative dia 11 (2026-07-08 → 2026-07-19) 35897 bytes
2026-07-08 09:36:07,610 [INFO] [OK] Argentina/ECM_ENSEMBLE_Corn_Winter_PRCP/cumulative dia 12 (2026-07-08 → 2026-07-20) 36597 bytes
2026-07-08 09:36:07,791 [INFO] [OK] Argentina/ECM_ENSEMBLE_Corn_Winter_PRCP/cumulative dia 13 (2026-07-08 → 2026-07-21) 36801 bytes
2026-07-08 09:36:08,205 [INFO] [OK] Argentina/ECM_ENSEMBLE_Corn_Winter_PRCP/cumulative dia 14 (2026-07-08 → 2026-07-22) 37172 bytes
2026-07-08 09:36:08,373 [INFO] [OK] USA/GFS_ENSEMBLE_Corn_PRCP_DEP/daily dia 00 (2026-07-08 → 2026-07-08) 53231 bytes
2026-07-08 09:36:08,472 [INFO] [OK] USA/GFS_ENSEMBLE_Corn_PRCP_DEP/daily dia 01 (2026-07-09 → 2026-07-09) 52611 bytes
2026-07-08 09:36:08,689 [INFO] [OK] USA/GFS_ENSEMBLE_Corn_PRCP_DEP/daily dia 02 (2026-07-10 → 2026-07-10) 50728 bytes
2026-07-08 09:36:09,262 [INFO] [OK] USA/GFS_ENSEMBLE_Corn_PRCP_DEP/daily dia 03 (2026-07-11 → 2026-07-11) 50455 bytes
2026-07-08 09:36:09,441 [INFO] [OK] USA/GFS_ENSEMBLE_Corn_PRCP_DEP/daily dia 04 (2026-07-12 → 2026-07-12) 51083 bytes
2026-07-08 09:36:10,127 [INFO] [OK] USA/GFS_ENSEMBLE_Corn_PRCP_DEP/daily dia 05 (2026-07-13 → 2026-07-13) 54423 bytes
2026-07-08 09:36:10,298 [INFO] [OK] USA/GFS_ENSEMBLE_Corn_PRCP_DEP/daily dia 06 (2026-07-14 → 2026-07-14) 59098 bytes
2026-07-08 09:36:10,309 [INFO] [OK] USA/GFS_ENSEMBLE_Corn_PRCP_DEP/daily dia 07 (2026-07-15 → 2026-07-15) 60898 bytes
2026-07-08 09:36:10,542 [INFO] [OK] USA/GFS_ENSEMBLE_Corn_PRCP_DEP/daily dia 08 (2026-07-16 → 2026-07-16) 62613 bytes
2026-07-08 09:36:10,893 [INFO] [OK] USA/GFS_ENSEMBLE_Corn_PRCP_DEP/daily dia 09 (2026-07-17 → 2026-07-17) 60822 bytes
2026-07-08 09:36:11,104 [INFO] [OK] USA/GFS_ENSEMBLE_Corn_PRCP_DEP/daily dia 10 (2026-07-18 → 2026-07-18) 60013 bytes
2026-07-08 09:36:12,216 [INFO] [OK] USA/GFS_ENSEMBLE_Corn_PRCP_DEP/daily dia 11 (2026-07-19 → 2026-07-19) 60379 bytes
2026-07-08 09:36:12,229 [INFO] [OK] USA/GFS_ENSEMBLE_Corn_PRCP_DEP/daily dia 12 (2026-07-20 → 2026-07-20) 61099 bytes
2026-07-08 09:36:12,749 [INFO] [OK] USA/GFS_ENSEMBLE_Corn_PRCP_DEP/daily dia 14 (2026-07-22 → 2026-07-22) 61854 bytes
2026-07-08 09:36:12,891 [INFO] [OK] USA/GFS_ENSEMBLE_Corn_PRCP_DEP/daily dia 13 (2026-07-21 → 2026-07-21) 62015 bytes
2026-07-08 09:36:12,916 [INFO] [OK] USA/GFS_ENSEMBLE_Corn_PRCP_DEP/cumulative dia 01 (2026-07-08 → 2026-07-09) 56267 bytes
2026-07-08 09:36:12,945 [INFO] [OK] USA/GFS_ENSEMBLE_Corn_PRCP_DEP/cumulative dia 00 (2026-07-08 → 2026-07-08) 53231 bytes
2026-07-08 09:36:14,105 [INFO] [OK] USA/GFS_ENSEMBLE_Corn_PRCP_DEP/cumulative dia 02 (2026-07-08 → 2026-07-10) 55555 bytes
2026-07-08 09:36:14,269 [INFO] [OK] USA/GFS_ENSEMBLE_Corn_PRCP_DEP/cumulative dia 03 (2026-07-08 → 2026-07-11) 56455 bytes
2026-07-08 09:36:15,178 [INFO] [OK] USA/GFS_ENSEMBLE_Corn_PRCP_DEP/cumulative dia 04 (2026-07-08 → 2026-07-12) 56705 bytes
2026-07-08 09:36:15,185 [INFO] [OK] USA/GFS_ENSEMBLE_Corn_PRCP_DEP/cumulative dia 06 (2026-07-08 → 2026-07-14) 59756 bytes
2026-07-08 09:36:15,421 [INFO] [OK] USA/GFS_ENSEMBLE_Corn_PRCP_DEP/cumulative dia 05 (2026-07-08 → 2026-07-13) 58050 bytes
2026-07-08 09:36:15,576 [INFO] [OK] USA/GFS_ENSEMBLE_Corn_PRCP_DEP/cumulative dia 07 (2026-07-08 → 2026-07-15) 60735 bytes
2026-07-08 09:36:16,472 [INFO] [OK] USA/GFS_ENSEMBLE_Corn_PRCP_DEP/cumulative dia 08 (2026-07-08 → 2026-07-16) 60899 bytes
2026-07-08 09:36:16,926 [INFO] [OK] USA/GFS_ENSEMBLE_Corn_PRCP_DEP/cumulative dia 09 (2026-07-08 → 2026-07-17) 61146 bytes
2026-07-08 09:36:17,836 [INFO] [OK] USA/GFS_ENSEMBLE_Corn_PRCP_DEP/cumulative dia 10 (2026-07-08 → 2026-07-18) 61220 bytes
2026-07-08 09:36:17,891 [INFO] [OK] USA/GFS_ENSEMBLE_Corn_PRCP_DEP/cumulative dia 11 (2026-07-08 → 2026-07-19) 60947 bytes
2026-07-08 09:36:18,332 [INFO] [OK] USA/GFS_ENSEMBLE_Corn_PRCP_DEP/cumulative dia 12 (2026-07-08 → 2026-07-20) 61075 bytes
2026-07-08 09:36:18,581 [INFO] [OK] USA/GFS_ENSEMBLE_Corn_PRCP_DEP/cumulative dia 13 (2026-07-08 → 2026-07-21) 60987 bytes
2026-07-08 09:36:18,668 [INFO] [OK] USA/GFS_ENSEMBLE_Corn_PRCP/daily dia 00 (2026-07-08 → 2026-07-08) 37727 bytes
2026-07-08 09:36:19,392 [INFO] [OK] USA/GFS_ENSEMBLE_Corn_PRCP/daily dia 01 (2026-07-09 → 2026-07-09) 37483 bytes
2026-07-08 09:36:19,446 [INFO] [OK] USA/GFS_ENSEMBLE_Corn_PRCP/daily dia 02 (2026-07-10 → 2026-07-10) 37132 bytes
2026-07-08 09:36:19,493 [INFO] [OK] USA/GFS_ENSEMBLE_Corn_PRCP_DEP/cumulative dia 14 (2026-07-08 → 2026-07-22) 61038 bytes
2026-07-08 09:36:19,922 [INFO] [OK] USA/GFS_ENSEMBLE_Corn_PRCP/daily dia 03 (2026-07-11 → 2026-07-11) 36632 bytes
2026-07-08 09:36:20,041 [INFO] [OK] USA/GFS_ENSEMBLE_Corn_PRCP/daily dia 04 (2026-07-12 → 2026-07-12) 35782 bytes
2026-07-08 09:36:20,289 [INFO] [OK] USA/GFS_ENSEMBLE_Corn_PRCP/daily dia 05 (2026-07-13 → 2026-07-13) 36018 bytes
2026-07-08 09:36:21,530 [INFO] [OK] USA/GFS_ENSEMBLE_Corn_PRCP/daily dia 10 (2026-07-18 → 2026-07-18) 36622 bytes
2026-07-08 09:36:21,638 [INFO] [OK] USA/GFS_ENSEMBLE_Corn_PRCP/daily dia 09 (2026-07-17 → 2026-07-17) 36916 bytes
2026-07-08 09:36:21,689 [INFO] [OK] USA/GFS_ENSEMBLE_Corn_PRCP/daily dia 06 (2026-07-14 → 2026-07-14) 36223 bytes
2026-07-08 09:36:21,689 [INFO] [OK] USA/GFS_ENSEMBLE_Corn_PRCP/daily dia 08 (2026-07-16 → 2026-07-16) 37392 bytes
2026-07-08 09:36:21,693 [INFO] [OK] USA/GFS_ENSEMBLE_Corn_PRCP/daily dia 07 (2026-07-15 → 2026-07-15) 37122 bytes
2026-07-08 09:36:21,937 [INFO] [OK] USA/GFS_ENSEMBLE_Corn_PRCP/daily dia 11 (2026-07-19 → 2026-07-19) 36426 bytes
2026-07-08 09:36:23,136 [INFO] [OK] USA/GFS_ENSEMBLE_Corn_PRCP/daily dia 12 (2026-07-20 → 2026-07-20) 36738 bytes
2026-07-08 09:36:23,276 [INFO] [OK] USA/GFS_ENSEMBLE_Corn_PRCP/daily dia 13 (2026-07-21 → 2026-07-21) 37177 bytes
2026-07-08 09:36:23,321 [INFO] [OK] USA/GFS_ENSEMBLE_Corn_PRCP/cumulative dia 00 (2026-07-08 → 2026-07-08) 37727 bytes
2026-07-08 09:36:23,325 [INFO] [OK] USA/GFS_ENSEMBLE_Corn_PRCP/daily dia 14 (2026-07-22 → 2026-07-22) 36826 bytes
2026-07-08 09:36:23,361 [INFO] [OK] USA/GFS_ENSEMBLE_Corn_PRCP/cumulative dia 01 (2026-07-08 → 2026-07-09) 41481 bytes
2026-07-08 09:36:23,625 [INFO] [OK] USA/GFS_ENSEMBLE_Corn_PRCP/cumulative dia 02 (2026-07-08 → 2026-07-10) 42976 bytes
2026-07-08 09:36:25,453 [INFO] [OK] USA/GFS_ENSEMBLE_Corn_PRCP/cumulative dia 03 (2026-07-08 → 2026-07-11) 44475 bytes
2026-07-08 09:36:25,819 [INFO] [OK] USA/GFS_ENSEMBLE_Corn_PRCP/cumulative dia 04 (2026-07-08 → 2026-07-12) 45227 bytes
2026-07-08 09:36:26,090 [INFO] [OK] USA/GFS_ENSEMBLE_Corn_PRCP/cumulative dia 08 (2026-07-08 → 2026-07-16) 48708 bytes
2026-07-08 09:36:26,233 [INFO] [OK] USA/GFS_ENSEMBLE_Corn_PRCP/cumulative dia 05 (2026-07-08 → 2026-07-13) 45981 bytes
2026-07-08 09:36:26,290 [INFO] [OK] USA/GFS_ENSEMBLE_Corn_PRCP/cumulative dia 07 (2026-07-08 → 2026-07-15) 48219 bytes
2026-07-08 09:36:26,329 [INFO] [OK] USA/GFS_ENSEMBLE_Corn_PRCP/cumulative dia 06 (2026-07-08 → 2026-07-14) 47256 bytes
2026-07-08 09:36:27,981 [INFO] [OK] USA/GFS_ENSEMBLE_Corn_PRCP/cumulative dia 09 (2026-07-08 → 2026-07-17) 48917 bytes
2026-07-08 09:36:28,344 [INFO] [OK] USA/GFS_ENSEMBLE_Corn_PRCP/cumulative dia 10 (2026-07-08 → 2026-07-18) 49498 bytes
2026-07-08 09:36:28,757 [INFO] [OK] USA/GFS_ENSEMBLE_Corn_PRCP/cumulative dia 11 (2026-07-08 → 2026-07-19) 50254 bytes
2026-07-08 09:36:29,076 [INFO] [OK] USA/GFS_ENSEMBLE_Corn_PRCP/cumulative dia 12 (2026-07-08 → 2026-07-20) 50208 bytes
2026-07-08 09:36:29,389 [INFO] [OK] USA/GFS_ENSEMBLE_Corn_PRCP/cumulative dia 13 (2026-07-08 → 2026-07-21) 50472 bytes
2026-07-08 09:36:29,563 [INFO] [OK] USA/GFS_ENSEMBLE_Corn_PRCP/cumulative dia 14 (2026-07-08 → 2026-07-22) 50610 bytes
2026-07-08 09:36:29,567 [INFO] [OK] USA/GFS_ENSEMBLE_Soy_PRCP_DEP/daily dia 00 (2026-07-08 → 2026-07-08) 52775 bytes
2026-07-08 09:36:29,823 [INFO] [OK] USA/GFS_ENSEMBLE_Soy_PRCP_DEP/daily dia 01 (2026-07-09 → 2026-07-09) 52492 bytes
2026-07-08 09:36:30,444 [INFO] [OK] USA/GFS_ENSEMBLE_Soy_PRCP_DEP/daily dia 02 (2026-07-10 → 2026-07-10) 50527 bytes
2026-07-08 09:36:30,808 [INFO] [OK] USA/GFS_ENSEMBLE_Soy_PRCP_DEP/daily dia 03 (2026-07-11 → 2026-07-11) 49985 bytes
2026-07-08 09:36:31,109 [INFO] [OK] USA/GFS_ENSEMBLE_Soy_PRCP_DEP/daily dia 04 (2026-07-12 → 2026-07-12) 50717 bytes
2026-07-08 09:36:31,238 [INFO] [OK] USA/GFS_ENSEMBLE_Soy_PRCP_DEP/daily dia 05 (2026-07-13 → 2026-07-13) 53985 bytes
2026-07-08 09:36:31,257 [INFO] [OK] USA/GFS_ENSEMBLE_Soy_PRCP_DEP/daily dia 06 (2026-07-14 → 2026-07-14) 58876 bytes
2026-07-08 09:36:31,462 [INFO] [OK] USA/GFS_ENSEMBLE_Soy_PRCP_DEP/daily dia 07 (2026-07-15 → 2026-07-15) 60627 bytes
2026-07-08 09:36:33,980 [INFO] [OK] USA/GFS_ENSEMBLE_Soy_PRCP_DEP/daily dia 13 (2026-07-21 → 2026-07-21) 61848 bytes
2026-07-08 09:36:34,011 [INFO] [OK] USA/GFS_ENSEMBLE_Soy_PRCP_DEP/daily dia 08 (2026-07-16 → 2026-07-16) 62444 bytes
2026-07-08 09:36:34,024 [INFO] [OK] USA/GFS_ENSEMBLE_Soy_PRCP_DEP/daily dia 11 (2026-07-19 → 2026-07-19) 60295 bytes
2026-07-08 09:36:34,073 [INFO] [OK] USA/GFS_ENSEMBLE_Soy_PRCP_DEP/daily dia 12 (2026-07-20 → 2026-07-20) 60743 bytes
2026-07-08 09:36:34,099 [INFO] [OK] USA/GFS_ENSEMBLE_Soy_PRCP_DEP/daily dia 10 (2026-07-18 → 2026-07-18) 59623 bytes
2026-07-08 09:36:34,104 [INFO] [OK] USA/GFS_ENSEMBLE_Soy_PRCP_DEP/daily dia 09 (2026-07-17 → 2026-07-17) 60526 bytes
2026-07-08 09:36:36,123 [INFO] [OK] USA/GFS_ENSEMBLE_Soy_PRCP_DEP/daily dia 14 (2026-07-22 → 2026-07-22) 61687 bytes
2026-07-08 09:36:36,181 [INFO] [OK] USA/GFS_ENSEMBLE_Soy_PRCP_DEP/cumulative dia 00 (2026-07-08 → 2026-07-08) 52775 bytes
2026-07-08 09:36:36,184 [INFO] [OK] USA/GFS_ENSEMBLE_Soy_PRCP_DEP/cumulative dia 01 (2026-07-08 → 2026-07-09) 56024 bytes
2026-07-08 09:36:36,248 [INFO] [OK] USA/GFS_ENSEMBLE_Soy_PRCP_DEP/cumulative dia 02 (2026-07-08 → 2026-07-10) 55362 bytes
2026-07-08 09:36:36,374 [INFO] [OK] USA/GFS_ENSEMBLE_Soy_PRCP_DEP/cumulative dia 03 (2026-07-08 → 2026-07-11) 56223 bytes
2026-07-08 09:36:36,519 [INFO] [OK] USA/GFS_ENSEMBLE_Soy_PRCP_DEP/cumulative dia 04 (2026-07-08 → 2026-07-12) 56410 bytes
2026-07-08 09:36:39,199 [INFO] [OK] USA/GFS_ENSEMBLE_Soy_PRCP_DEP/cumulative dia 05 (2026-07-08 → 2026-07-13) 57850 bytes
2026-07-08 09:36:39,235 [INFO] [OK] USA/GFS_ENSEMBLE_Soy_PRCP_DEP/cumulative dia 08 (2026-07-08 → 2026-07-16) 60767 bytes
2026-07-08 09:36:39,366 [INFO] [OK] USA/GFS_ENSEMBLE_Soy_PRCP_DEP/cumulative dia 06 (2026-07-08 → 2026-07-14) 59457 bytes
2026-07-08 09:36:39,389 [INFO] [OK] USA/GFS_ENSEMBLE_Soy_PRCP_DEP/cumulative dia 07 (2026-07-08 → 2026-07-15) 60480 bytes
2026-07-08 09:36:39,817 [INFO] [OK] USA/GFS_ENSEMBLE_Soy_PRCP_DEP/cumulative dia 10 (2026-07-08 → 2026-07-18) 60906 bytes
2026-07-08 09:36:39,839 [INFO] [OK] USA/GFS_ENSEMBLE_Soy_PRCP_DEP/cumulative dia 09 (2026-07-08 → 2026-07-17) 60892 bytes
2026-07-08 09:36:41,700 [INFO] [OK] USA/GFS_ENSEMBLE_Soy_PRCP/daily dia 01 (2026-07-09 → 2026-07-09) 37375 bytes
2026-07-08 09:36:41,972 [INFO] [OK] USA/GFS_ENSEMBLE_Soy_PRCP/daily dia 00 (2026-07-08 → 2026-07-08) 37480 bytes
2026-07-08 09:36:42,418 [INFO] [OK] USA/GFS_ENSEMBLE_Soy_PRCP_DEP/cumulative dia 11 (2026-07-08 → 2026-07-19) 60757 bytes
2026-07-08 09:36:43,173 [INFO] [OK] USA/GFS_ENSEMBLE_Soy_PRCP_DEP/cumulative dia 13 (2026-07-08 → 2026-07-21) 60761 bytes
2026-07-08 09:36:43,698 [INFO] [OK] USA/GFS_ENSEMBLE_Soy_PRCP/daily dia 02 (2026-07-10 → 2026-07-10) 36861 bytes
2026-07-08 09:36:43,718 [INFO] [OK] USA/GFS_ENSEMBLE_Soy_PRCP_DEP/cumulative dia 14 (2026-07-08 → 2026-07-22) 60860 bytes
2026-07-08 09:36:43,724 [INFO] [OK] USA/GFS_ENSEMBLE_Soy_PRCP_DEP/cumulative dia 12 (2026-07-08 → 2026-07-20) 60795 bytes
2026-07-08 09:36:43,732 [INFO] [OK] USA/GFS_ENSEMBLE_Soy_PRCP/daily dia 03 (2026-07-11 → 2026-07-11) 36385 bytes
2026-07-08 09:36:45,671 [INFO] [OK] USA/GFS_ENSEMBLE_Soy_PRCP/daily dia 07 (2026-07-15 → 2026-07-15) 36801 bytes
2026-07-08 09:36:45,676 [INFO] [OK] USA/GFS_ENSEMBLE_Soy_PRCP/daily dia 04 (2026-07-12 → 2026-07-12) 35379 bytes
2026-07-08 09:36:45,693 [INFO] [OK] USA/GFS_ENSEMBLE_Soy_PRCP/daily dia 06 (2026-07-14 → 2026-07-14) 35755 bytes
2026-07-08 09:36:46,024 [INFO] [OK] USA/GFS_ENSEMBLE_Soy_PRCP/daily dia 08 (2026-07-16 → 2026-07-16) 37042 bytes
2026-07-08 09:36:46,031 [INFO] [OK] USA/GFS_ENSEMBLE_Soy_PRCP/daily dia 05 (2026-07-13 → 2026-07-13) 35583 bytes
2026-07-08 09:36:46,139 [INFO] [OK] USA/GFS_ENSEMBLE_Soy_PRCP/daily dia 09 (2026-07-17 → 2026-07-17) 36449 bytes
2026-07-08 09:36:48,046 [INFO] [OK] USA/GFS_ENSEMBLE_Soy_PRCP/daily dia 11 (2026-07-19 → 2026-07-19) 35987 bytes
2026-07-08 09:36:48,068 [INFO] [OK] USA/GFS_ENSEMBLE_Soy_PRCP/cumulative dia 00 (2026-07-08 → 2026-07-08) 37480 bytes
2026-07-08 09:36:48,102 [INFO] [OK] USA/GFS_ENSEMBLE_Soy_PRCP/daily dia 10 (2026-07-18 → 2026-07-18) 36135 bytes
2026-07-08 09:36:48,297 [INFO] [OK] USA/GFS_ENSEMBLE_Soy_PRCP/daily dia 13 (2026-07-21 → 2026-07-21) 36651 bytes
2026-07-08 09:36:48,422 [INFO] [OK] USA/GFS_ENSEMBLE_Soy_PRCP/daily dia 12 (2026-07-20 → 2026-07-20) 36336 bytes
2026-07-08 09:36:48,423 [INFO] [OK] USA/GFS_ENSEMBLE_Soy_PRCP/daily dia 14 (2026-07-22 → 2026-07-22) 36446 bytes
2026-07-08 09:36:50,217 [INFO] [OK] USA/GFS_ENSEMBLE_Soy_PRCP/cumulative dia 02 (2026-07-08 → 2026-07-10) 42742 bytes
2026-07-08 09:36:50,331 [INFO] [OK] USA/GFS_ENSEMBLE_Soy_PRCP/cumulative dia 01 (2026-07-08 → 2026-07-09) 41359 bytes
2026-07-08 09:36:50,535 [INFO] [OK] USA/GFS_ENSEMBLE_Soy_PRCP/cumulative dia 03 (2026-07-08 → 2026-07-11) 44270 bytes
2026-07-08 09:36:50,846 [INFO] [OK] USA/GFS_ENSEMBLE_Soy_PRCP/cumulative dia 04 (2026-07-08 → 2026-07-12) 44897 bytes
2026-07-08 09:36:51,129 [INFO] [OK] USA/GFS_ENSEMBLE_Soy_PRCP/cumulative dia 06 (2026-07-08 → 2026-07-14) 47151 bytes
2026-07-08 09:36:51,167 [INFO] [OK] USA/GFS_ENSEMBLE_Soy_PRCP/cumulative dia 05 (2026-07-08 → 2026-07-13) 45704 bytes
2026-07-08 09:36:53,380 [INFO] [OK] USA/GFS_ENSEMBLE_Soy_PRCP/cumulative dia 08 (2026-07-08 → 2026-07-16) 48314 bytes
2026-07-08 09:36:53,728 [INFO] [OK] USA/GFS_ENSEMBLE_Soy_PRCP/cumulative dia 07 (2026-07-08 → 2026-07-15) 47906 bytes
2026-07-08 09:36:53,948 [INFO] [OK] USA/GFS_ENSEMBLE_Soy_PRCP/cumulative dia 09 (2026-07-08 → 2026-07-17) 48639 bytes
2026-07-08 09:36:53,990 [INFO] [OK] USA/GFS_ENSEMBLE_Soy_PRCP/cumulative dia 10 (2026-07-08 → 2026-07-18) 49125 bytes
2026-07-08 09:36:54,632 [INFO] [OK] USA/GFS_ENSEMBLE_Soy_PRCP/cumulative dia 12 (2026-07-08 → 2026-07-20) 49821 bytes
2026-07-08 09:36:54,753 [INFO] [OK] USA/GFS_ENSEMBLE_Soy_PRCP/cumulative dia 11 (2026-07-08 → 2026-07-19) 49723 bytes
2026-07-08 09:36:55,954 [INFO] [OK] USA/GFS_ENSEMBLE_Wheat_Winter_PRCP_DEP/daily dia 01 (2026-07-09 → 2026-07-09) 54024 bytes
2026-07-08 09:36:55,988 [INFO] [OK] USA/GFS_ENSEMBLE_Wheat_Winter_PRCP_DEP/daily dia 00 (2026-07-08 → 2026-07-08) 54275 bytes
2026-07-08 09:36:56,490 [INFO] [OK] USA/GFS_ENSEMBLE_Wheat_Winter_PRCP_DEP/daily dia 02 (2026-07-10 → 2026-07-10) 52174 bytes
2026-07-08 09:36:56,566 [INFO] [OK] USA/GFS_ENSEMBLE_Soy_PRCP/cumulative dia 13 (2026-07-08 → 2026-07-21) 50063 bytes
2026-07-08 09:36:56,623 [INFO] [OK] USA/GFS_ENSEMBLE_Wheat_Winter_PRCP_DEP/daily dia 03 (2026-07-11 → 2026-07-11) 51658 bytes
2026-07-08 09:36:57,099 [INFO] [OK] USA/GFS_ENSEMBLE_Soy_PRCP/cumulative dia 14 (2026-07-08 → 2026-07-22) 50327 bytes
2026-07-08 09:36:57,737 [INFO] [OK] USA/GFS_ENSEMBLE_Wheat_Winter_PRCP_DEP/daily dia 04 (2026-07-12 → 2026-07-12) 52314 bytes
2026-07-08 09:36:57,855 [INFO] [OK] USA/GFS_ENSEMBLE_Wheat_Winter_PRCP_DEP/daily dia 05 (2026-07-13 → 2026-07-13) 55639 bytes
2026-07-08 09:36:58,369 [INFO] [OK] USA/GFS_ENSEMBLE_Wheat_Winter_PRCP_DEP/daily dia 08 (2026-07-16 → 2026-07-16) 64131 bytes
2026-07-08 09:36:58,395 [INFO] [OK] USA/GFS_ENSEMBLE_Wheat_Winter_PRCP_DEP/daily dia 07 (2026-07-15 → 2026-07-15) 62303 bytes
2026-07-08 09:36:58,538 [INFO] [OK] USA/GFS_ENSEMBLE_Wheat_Winter_PRCP_DEP/daily dia 06 (2026-07-14 → 2026-07-14) 60243 bytes
2026-07-08 09:36:58,921 [INFO] [OK] USA/GFS_ENSEMBLE_Wheat_Winter_PRCP_DEP/daily dia 09 (2026-07-17 → 2026-07-17) 62191 bytes
2026-07-08 09:36:59,509 [INFO] [OK] USA/GFS_ENSEMBLE_Wheat_Winter_PRCP_DEP/daily dia 11 (2026-07-19 → 2026-07-19) 61822 bytes
2026-07-08 09:36:59,580 [INFO] [OK] USA/GFS_ENSEMBLE_Wheat_Winter_PRCP_DEP/daily dia 10 (2026-07-18 → 2026-07-18) 60955 bytes
2026-07-08 09:37:00,415 [INFO] [OK] USA/GFS_ENSEMBLE_Wheat_Winter_PRCP_DEP/daily dia 14 (2026-07-22 → 2026-07-22) 63468 bytes
2026-07-08 09:37:00,691 [INFO] [OK] USA/GFS_ENSEMBLE_Wheat_Winter_PRCP_DEP/cumulative dia 00 (2026-07-08 → 2026-07-08) 54275 bytes
2026-07-08 09:37:00,699 [INFO] [OK] USA/GFS_ENSEMBLE_Wheat_Winter_PRCP_DEP/daily dia 13 (2026-07-21 → 2026-07-21) 63582 bytes
2026-07-08 09:37:00,818 [INFO] [OK] USA/GFS_ENSEMBLE_Wheat_Winter_PRCP_DEP/daily dia 12 (2026-07-20 → 2026-07-20) 62413 bytes
2026-07-08 09:37:01,298 [INFO] [OK] USA/GFS_ENSEMBLE_Wheat_Winter_PRCP_DEP/cumulative dia 01 (2026-07-08 → 2026-07-09) 57647 bytes
2026-07-08 09:37:01,360 [INFO] [OK] USA/GFS_ENSEMBLE_Wheat_Winter_PRCP_DEP/cumulative dia 02 (2026-07-08 → 2026-07-10) 56896 bytes
2026-07-08 09:37:02,351 [INFO] [OK] USA/GFS_ENSEMBLE_Wheat_Winter_PRCP_DEP/cumulative dia 03 (2026-07-08 → 2026-07-11) 57863 bytes
2026-07-08 09:37:02,802 [INFO] [OK] USA/GFS_ENSEMBLE_Wheat_Winter_PRCP_DEP/cumulative dia 04 (2026-07-08 → 2026-07-12) 57952 bytes
2026-07-08 09:37:02,908 [INFO] [OK] USA/GFS_ENSEMBLE_Wheat_Winter_PRCP_DEP/cumulative dia 05 (2026-07-08 → 2026-07-13) 59211 bytes
2026-07-08 09:37:03,177 [INFO] [OK] USA/GFS_ENSEMBLE_Wheat_Winter_PRCP_DEP/cumulative dia 06 (2026-07-08 → 2026-07-14) 60616 bytes
2026-07-08 09:37:03,596 [INFO] [OK] USA/GFS_ENSEMBLE_Wheat_Winter_PRCP_DEP/cumulative dia 07 (2026-07-08 → 2026-07-15) 61754 bytes
2026-07-08 09:37:03,795 [INFO] [OK] USA/GFS_ENSEMBLE_Wheat_Winter_PRCP_DEP/cumulative dia 08 (2026-07-08 → 2026-07-16) 62142 bytes
2026-07-08 09:37:05,093 [INFO] [OK] USA/GFS_ENSEMBLE_Wheat_Winter_PRCP_DEP/cumulative dia 09 (2026-07-08 → 2026-07-17) 62127 bytes
2026-07-08 09:37:05,660 [INFO] [OK] USA/GFS_ENSEMBLE_Wheat_Winter_PRCP_DEP/cumulative dia 10 (2026-07-08 → 2026-07-18) 62393 bytes
2026-07-08 09:37:05,709 [INFO] [OK] USA/GFS_ENSEMBLE_Wheat_Winter_PRCP_DEP/cumulative dia 11 (2026-07-08 → 2026-07-19) 62055 bytes
2026-07-08 09:37:06,274 [INFO] [OK] USA/GFS_ENSEMBLE_Wheat_Winter_PRCP_DEP/cumulative dia 12 (2026-07-08 → 2026-07-20) 62247 bytes
2026-07-08 09:37:06,703 [INFO] [OK] USA/GFS_ENSEMBLE_Wheat_Winter_PRCP_DEP/cumulative dia 13 (2026-07-08 → 2026-07-21) 62073 bytes
2026-07-08 09:37:06,896 [INFO] [OK] USA/GFS_ENSEMBLE_Wheat_Winter_PRCP_DEP/cumulative dia 14 (2026-07-08 → 2026-07-22) 62335 bytes
2026-07-08 09:37:07,016 [INFO] [OK] USA/GFS_ENSEMBLE_Wheat_Winter_PRCP/daily dia 00 (2026-07-08 → 2026-07-08) 38841 bytes
2026-07-08 09:37:07,279 [INFO] [OK] USA/GFS_ENSEMBLE_Wheat_Winter_PRCP/daily dia 01 (2026-07-09 → 2026-07-09) 38727 bytes
2026-07-08 09:37:07,279 [INFO] [OK] USA/GFS_ENSEMBLE_Wheat_Winter_PRCP/daily dia 02 (2026-07-10 → 2026-07-10) 38341 bytes
2026-07-08 09:37:07,812 [INFO] [OK] USA/GFS_ENSEMBLE_Wheat_Winter_PRCP/daily dia 03 (2026-07-11 → 2026-07-11) 38203 bytes
2026-07-08 09:37:08,313 [INFO] [OK] USA/GFS_ENSEMBLE_Wheat_Winter_PRCP/daily dia 04 (2026-07-12 → 2026-07-12) 36876 bytes
2026-07-08 09:37:08,531 [INFO] [OK] USA/GFS_ENSEMBLE_Wheat_Winter_PRCP/daily dia 05 (2026-07-13 → 2026-07-13) 37093 bytes
2026-07-08 09:37:08,696 [INFO] [OK] USA/GFS_ENSEMBLE_Wheat_Winter_PRCP/daily dia 06 (2026-07-14 → 2026-07-14) 37293 bytes
2026-07-08 09:37:08,863 [INFO] [OK] USA/GFS_ENSEMBLE_Wheat_Winter_PRCP/daily dia 08 (2026-07-16 → 2026-07-16) 38566 bytes
2026-07-08 09:37:08,870 [INFO] [OK] USA/GFS_ENSEMBLE_Wheat_Winter_PRCP/daily dia 07 (2026-07-15 → 2026-07-15) 38338 bytes
2026-07-08 09:37:09,249 [INFO] [OK] USA/GFS_ENSEMBLE_Wheat_Winter_PRCP/daily dia 09 (2026-07-17 → 2026-07-17) 38127 bytes
2026-07-08 09:37:09,951 [INFO] [OK] USA/GFS_ENSEMBLE_Wheat_Winter_PRCP/daily dia 10 (2026-07-18 → 2026-07-18) 37741 bytes
2026-07-08 09:37:10,146 [INFO] [OK] USA/GFS_ENSEMBLE_Wheat_Winter_PRCP/daily dia 11 (2026-07-19 → 2026-07-19) 37568 bytes
2026-07-08 09:37:10,278 [INFO] [OK] USA/GFS_ENSEMBLE_Wheat_Winter_PRCP/daily dia 12 (2026-07-20 → 2026-07-20) 37984 bytes
2026-07-08 09:37:10,491 [INFO] [OK] USA/GFS_ENSEMBLE_Wheat_Winter_PRCP/daily dia 14 (2026-07-22 → 2026-07-22) 37954 bytes
2026-07-08 09:37:10,501 [INFO] [OK] USA/GFS_ENSEMBLE_Wheat_Winter_PRCP/daily dia 13 (2026-07-21 → 2026-07-21) 38353 bytes
2026-07-08 09:37:10,861 [INFO] [OK] USA/GFS_ENSEMBLE_Wheat_Winter_PRCP/cumulative dia 00 (2026-07-08 → 2026-07-08) 38841 bytes
2026-07-08 09:37:11,733 [INFO] [OK] USA/GFS_ENSEMBLE_Wheat_Winter_PRCP/cumulative dia 01 (2026-07-08 → 2026-07-09) 42886 bytes
2026-07-08 09:37:11,990 [INFO] [OK] USA/GFS_ENSEMBLE_Wheat_Winter_PRCP/cumulative dia 02 (2026-07-08 → 2026-07-10) 44182 bytes
2026-07-08 09:37:12,141 [INFO] [OK] USA/GFS_ENSEMBLE_Wheat_Winter_PRCP/cumulative dia 03 (2026-07-08 → 2026-07-11) 45899 bytes
2026-07-08 09:37:12,764 [INFO] [OK] USA/GFS_ENSEMBLE_Wheat_Winter_PRCP/cumulative dia 04 (2026-07-08 → 2026-07-12) 46619 bytes
2026-07-08 09:37:12,868 [INFO] [OK] USA/GFS_ENSEMBLE_Wheat_Winter_PRCP/cumulative dia 05 (2026-07-08 → 2026-07-13) 47509 bytes
2026-07-08 09:37:13,221 [INFO] [OK] USA/GFS_ENSEMBLE_Wheat_Winter_PRCP/cumulative dia 06 (2026-07-08 → 2026-07-14) 48679 bytes
2026-07-08 09:37:14,107 [INFO] [OK] USA/GFS_ENSEMBLE_Wheat_Winter_PRCP/cumulative dia 07 (2026-07-08 → 2026-07-15) 49480 bytes
2026-07-08 09:37:14,455 [INFO] [OK] USA/GFS_ENSEMBLE_Wheat_Winter_PRCP/cumulative dia 08 (2026-07-08 → 2026-07-16) 50038 bytes
2026-07-08 09:37:14,622 [INFO] [OK] USA/GFS_ENSEMBLE_Wheat_Winter_PRCP/cumulative dia 09 (2026-07-08 → 2026-07-17) 50344 bytes
2026-07-08 09:37:15,577 [INFO] [OK] USA/GFS_ENSEMBLE_Wheat_Winter_PRCP/cumulative dia 10 (2026-07-08 → 2026-07-18) 50884 bytes
2026-07-08 09:37:15,586 [INFO] [OK] USA/GFS_ENSEMBLE_Wheat_Winter_PRCP/cumulative dia 11 (2026-07-08 → 2026-07-19) 51461 bytes
2026-07-08 09:37:16,013 [INFO] [OK] USA/GFS_ENSEMBLE_Wheat_Winter_PRCP/cumulative dia 12 (2026-07-08 → 2026-07-20) 51728 bytes
2026-07-08 09:37:16,236 [INFO] [OK] USA/GFS_ENSEMBLE_Wheat_Spring_PRCP_DEP/daily dia 00 (2026-07-08 → 2026-07-08) 51411 bytes
2026-07-08 09:37:16,999 [INFO] [OK] USA/GFS_ENSEMBLE_Wheat_Winter_PRCP/cumulative dia 13 (2026-07-08 → 2026-07-21) 51882 bytes
2026-07-08 09:37:17,173 [INFO] [OK] USA/GFS_ENSEMBLE_Wheat_Spring_PRCP_DEP/daily dia 02 (2026-07-10 → 2026-07-10) 48884 bytes
2026-07-08 09:37:17,239 [INFO] [OK] USA/GFS_ENSEMBLE_Wheat_Spring_PRCP_DEP/daily dia 01 (2026-07-09 → 2026-07-09) 50619 bytes
2026-07-08 09:37:17,453 [INFO] [OK] USA/GFS_ENSEMBLE_Wheat_Winter_PRCP/cumulative dia 14 (2026-07-08 → 2026-07-22) 52044 bytes
2026-07-08 09:37:17,657 [INFO] [OK] USA/GFS_ENSEMBLE_Wheat_Spring_PRCP_DEP/daily dia 03 (2026-07-11 → 2026-07-11) 48465 bytes
2026-07-08 09:37:17,812 [INFO] [OK] USA/GFS_ENSEMBLE_Wheat_Spring_PRCP_DEP/daily dia 04 (2026-07-12 → 2026-07-12) 48630 bytes
2026-07-08 09:37:18,645 [INFO] [OK] USA/GFS_ENSEMBLE_Wheat_Spring_PRCP_DEP/daily dia 05 (2026-07-13 → 2026-07-13) 52156 bytes
2026-07-08 09:37:18,752 [INFO] [OK] USA/GFS_ENSEMBLE_Wheat_Spring_PRCP_DEP/daily dia 06 (2026-07-14 → 2026-07-14) 56959 bytes
2026-07-08 09:37:19,232 [INFO] [OK] USA/GFS_ENSEMBLE_Wheat_Spring_PRCP_DEP/daily dia 07 (2026-07-15 → 2026-07-15) 59024 bytes
2026-07-08 09:37:19,300 [INFO] [OK] USA/GFS_ENSEMBLE_Wheat_Spring_PRCP_DEP/daily dia 08 (2026-07-16 → 2026-07-16) 60825 bytes
2026-07-08 09:37:19,526 [INFO] [OK] USA/GFS_ENSEMBLE_Wheat_Spring_PRCP_DEP/daily dia 09 (2026-07-17 → 2026-07-17) 58943 bytes
2026-07-08 09:37:19,573 [INFO] [OK] USA/GFS_ENSEMBLE_Wheat_Spring_PRCP_DEP/daily dia 10 (2026-07-18 → 2026-07-18) 57501 bytes
2026-07-08 09:37:20,298 [INFO] [OK] USA/GFS_ENSEMBLE_Wheat_Spring_PRCP_DEP/daily dia 11 (2026-07-19 → 2026-07-19) 58596 bytes
2026-07-08 09:37:20,358 [INFO] [OK] USA/GFS_ENSEMBLE_Wheat_Spring_PRCP_DEP/daily dia 12 (2026-07-20 → 2026-07-20) 59247 bytes
2026-07-08 09:37:20,969 [INFO] [OK] USA/GFS_ENSEMBLE_Wheat_Spring_PRCP_DEP/daily dia 13 (2026-07-21 → 2026-07-21) 60345 bytes
2026-07-08 09:37:21,090 [INFO] [OK] USA/GFS_ENSEMBLE_Wheat_Spring_PRCP_DEP/daily dia 14 (2026-07-22 → 2026-07-22) 60053 bytes
2026-07-08 09:37:21,409 [INFO] [OK] USA/GFS_ENSEMBLE_Wheat_Spring_PRCP_DEP/cumulative dia 00 (2026-07-08 → 2026-07-08) 51411 bytes
2026-07-08 09:37:21,509 [INFO] [OK] USA/GFS_ENSEMBLE_Wheat_Spring_PRCP_DEP/cumulative dia 01 (2026-07-08 → 2026-07-09) 54062 bytes
2026-07-08 09:37:22,010 [INFO] [OK] USA/GFS_ENSEMBLE_Wheat_Spring_PRCP_DEP/cumulative dia 02 (2026-07-08 → 2026-07-10) 53299 bytes
2026-07-08 09:37:22,245 [INFO] [OK] USA/GFS_ENSEMBLE_Wheat_Spring_PRCP_DEP/cumulative dia 03 (2026-07-08 → 2026-07-11) 54395 bytes
2026-07-08 09:37:23,160 [INFO] [OK] USA/GFS_ENSEMBLE_Wheat_Spring_PRCP_DEP/cumulative dia 04 (2026-07-08 → 2026-07-12) 54334 bytes
2026-07-08 09:37:23,275 [INFO] [OK] USA/GFS_ENSEMBLE_Wheat_Spring_PRCP_DEP/cumulative dia 05 (2026-07-08 → 2026-07-13) 55583 bytes
2026-07-08 09:37:23,892 [INFO] [OK] USA/GFS_ENSEMBLE_Wheat_Spring_PRCP_DEP/cumulative dia 06 (2026-07-08 → 2026-07-14) 57387 bytes
2026-07-08 09:37:23,898 [INFO] [OK] USA/GFS_ENSEMBLE_Wheat_Spring_PRCP_DEP/cumulative dia 07 (2026-07-08 → 2026-07-15) 58545 bytes
2026-07-08 09:37:24,619 [INFO] [OK] USA/GFS_ENSEMBLE_Wheat_Spring_PRCP_DEP/cumulative dia 08 (2026-07-08 → 2026-07-16) 58897 bytes
2026-07-08 09:37:24,874 [INFO] [OK] USA/GFS_ENSEMBLE_Wheat_Spring_PRCP_DEP/cumulative dia 09 (2026-07-08 → 2026-07-17) 59077 bytes
2026-07-08 09:37:25,879 [INFO] [OK] USA/GFS_ENSEMBLE_Wheat_Spring_PRCP_DEP/cumulative dia 10 (2026-07-08 → 2026-07-18) 59239 bytes
2026-07-08 09:37:25,947 [INFO] [OK] USA/GFS_ENSEMBLE_Wheat_Spring_PRCP_DEP/cumulative dia 11 (2026-07-08 → 2026-07-19) 58788 bytes
2026-07-08 09:37:26,622 [INFO] [OK] USA/GFS_ENSEMBLE_Wheat_Spring_PRCP/daily dia 00 (2026-07-08 → 2026-07-08) 35757 bytes
2026-07-08 09:37:26,938 [INFO] [OK] USA/GFS_ENSEMBLE_Wheat_Spring_PRCP_DEP/cumulative dia 12 (2026-07-08 → 2026-07-20) 59054 bytes
2026-07-08 09:37:26,953 [INFO] [OK] USA/GFS_ENSEMBLE_Wheat_Spring_PRCP_DEP/cumulative dia 13 (2026-07-08 → 2026-07-21) 58929 bytes
2026-07-08 09:37:27,711 [INFO] [OK] USA/GFS_ENSEMBLE_Wheat_Spring_PRCP/daily dia 01 (2026-07-09 → 2026-07-09) 35362 bytes
2026-07-08 09:37:27,888 [INFO] [OK] USA/GFS_ENSEMBLE_Wheat_Spring_PRCP/daily dia 02 (2026-07-10 → 2026-07-10) 35139 bytes
2026-07-08 09:37:27,928 [INFO] [OK] USA/GFS_ENSEMBLE_Wheat_Spring_PRCP_DEP/cumulative dia 14 (2026-07-08 → 2026-07-22) 58973 bytes
2026-07-08 09:37:28,110 [INFO] [OK] USA/GFS_ENSEMBLE_Wheat_Spring_PRCP/daily dia 03 (2026-07-11 → 2026-07-11) 34601 bytes
2026-07-08 09:37:28,465 [INFO] [OK] USA/GFS_ENSEMBLE_Wheat_Spring_PRCP/daily dia 05 (2026-07-13 → 2026-07-13) 33739 bytes
2026-07-08 09:37:28,562 [INFO] [OK] USA/GFS_ENSEMBLE_Wheat_Spring_PRCP/daily dia 04 (2026-07-12 → 2026-07-12) 33659 bytes
2026-07-08 09:37:29,287 [INFO] [OK] USA/GFS_ENSEMBLE_Wheat_Spring_PRCP/daily dia 06 (2026-07-14 → 2026-07-14) 34385 bytes
2026-07-08 09:37:29,368 [INFO] [OK] USA/GFS_ENSEMBLE_Wheat_Spring_PRCP/daily dia 07 (2026-07-15 → 2026-07-15) 35395 bytes
2026-07-08 09:37:29,425 [INFO] [OK] USA/GFS_ENSEMBLE_Wheat_Spring_PRCP/daily dia 08 (2026-07-16 → 2026-07-16) 35349 bytes
2026-07-08 09:37:29,563 [INFO] [OK] USA/GFS_ENSEMBLE_Wheat_Spring_PRCP/daily dia 09 (2026-07-17 → 2026-07-17) 34954 bytes
2026-07-08 09:37:29,982 [INFO] [OK] USA/GFS_ENSEMBLE_Wheat_Spring_PRCP/daily dia 10 (2026-07-18 → 2026-07-18) 34767 bytes
2026-07-08 09:37:30,035 [INFO] [OK] USA/GFS_ENSEMBLE_Wheat_Spring_PRCP/daily dia 11 (2026-07-19 → 2026-07-19) 34468 bytes
2026-07-08 09:37:30,964 [INFO] [OK] USA/GFS_ENSEMBLE_Wheat_Spring_PRCP/daily dia 14 (2026-07-22 → 2026-07-22) 34715 bytes
2026-07-08 09:37:30,976 [INFO] [OK] USA/GFS_ENSEMBLE_Wheat_Spring_PRCP/daily dia 13 (2026-07-21 → 2026-07-21) 35165 bytes
2026-07-08 09:37:31,036 [INFO] [OK] USA/GFS_ENSEMBLE_Wheat_Spring_PRCP/daily dia 12 (2026-07-20 → 2026-07-20) 34702 bytes
2026-07-08 09:37:31,173 [INFO] [OK] USA/GFS_ENSEMBLE_Wheat_Spring_PRCP/cumulative dia 00 (2026-07-08 → 2026-07-08) 35757 bytes
2026-07-08 09:37:31,820 [INFO] [OK] USA/GFS_ENSEMBLE_Wheat_Spring_PRCP/cumulative dia 02 (2026-07-08 → 2026-07-10) 40618 bytes
2026-07-08 09:37:31,837 [INFO] [OK] USA/GFS_ENSEMBLE_Wheat_Spring_PRCP/cumulative dia 01 (2026-07-08 → 2026-07-09) 39322 bytes
2026-07-08 09:37:32,873 [INFO] [OK] USA/GFS_ENSEMBLE_Wheat_Spring_PRCP/cumulative dia 03 (2026-07-08 → 2026-07-11) 41857 bytes
2026-07-08 09:37:32,969 [INFO] [OK] USA/GFS_ENSEMBLE_Wheat_Spring_PRCP/cumulative dia 04 (2026-07-08 → 2026-07-12) 42567 bytes
2026-07-08 09:37:33,277 [INFO] [OK] USA/GFS_ENSEMBLE_Wheat_Spring_PRCP/cumulative dia 05 (2026-07-08 → 2026-07-13) 43427 bytes
2026-07-08 09:37:33,361 [INFO] [OK] USA/GFS_ENSEMBLE_Wheat_Spring_PRCP/cumulative dia 06 (2026-07-08 → 2026-07-14) 44506 bytes
2026-07-08 09:37:34,001 [INFO] [OK] USA/GFS_ENSEMBLE_Wheat_Spring_PRCP/cumulative dia 07 (2026-07-08 → 2026-07-15) 45397 bytes
2026-07-08 09:37:34,174 [INFO] [OK] USA/GFS_ENSEMBLE_Wheat_Spring_PRCP/cumulative dia 08 (2026-07-08 → 2026-07-16) 45640 bytes
2026-07-08 09:37:35,412 [INFO] [OK] USA/GFS_ENSEMBLE_Wheat_Spring_PRCP/cumulative dia 09 (2026-07-08 → 2026-07-17) 45872 bytes
2026-07-08 09:37:35,983 [INFO] [OK] USA/GFS_ENSEMBLE_Wheat_Spring_PRCP/cumulative dia 10 (2026-07-08 → 2026-07-18) 46520 bytes
2026-07-08 09:37:36,147 [INFO] [OK] USA/GFS_ENSEMBLE_Wheat_Spring_PRCP/cumulative dia 11 (2026-07-08 → 2026-07-19) 47092 bytes
2026-07-08 09:37:36,150 [INFO] [OK] USA/GFS_ENSEMBLE_Wheat_Spring_PRCP/cumulative dia 12 (2026-07-08 → 2026-07-20) 47135 bytes
2026-07-08 09:37:36,814 [INFO] [OK] USA/GFS_ENSEMBLE_Wheat_Spring_PRCP/cumulative dia 13 (2026-07-08 → 2026-07-21) 47526 bytes
2026-07-08 09:37:37,043 [INFO] [OK] USA/GFS_ENSEMBLE_Wheat_Spring_PRCP/cumulative dia 14 (2026-07-08 → 2026-07-22) 47687 bytes
2026-07-08 09:37:37,831 [INFO] [OK] USA/ECM_ENSEMBLE_Corn_PRCP_DEP/daily dia 02 (2026-07-10 → 2026-07-10) 53468 bytes
2026-07-08 09:37:37,952 [INFO] [OK] USA/ECM_ENSEMBLE_Corn_PRCP_DEP/daily dia 03 (2026-07-11 → 2026-07-11) 49869 bytes
2026-07-08 09:37:38,126 [INFO] [OK] USA/ECM_ENSEMBLE_Corn_PRCP_DEP/daily dia 00 (2026-07-08 → 2026-07-08) 53756 bytes
2026-07-08 09:37:38,142 [INFO] [OK] USA/ECM_ENSEMBLE_Corn_PRCP_DEP/daily dia 01 (2026-07-09 → 2026-07-09) 54692 bytes
2026-07-08 09:37:38,450 [INFO] [OK] USA/ECM_ENSEMBLE_Corn_PRCP_DEP/daily dia 04 (2026-07-12 → 2026-07-12) 48874 bytes
2026-07-08 09:37:38,747 [INFO] [OK] USA/ECM_ENSEMBLE_Corn_PRCP_DEP/daily dia 05 (2026-07-13 → 2026-07-13) 49378 bytes
2026-07-08 09:37:39,618 [INFO] [OK] USA/ECM_ENSEMBLE_Corn_PRCP_DEP/daily dia 07 (2026-07-15 → 2026-07-15) 54702 bytes
2026-07-08 09:37:39,699 [INFO] [OK] USA/ECM_ENSEMBLE_Corn_PRCP_DEP/daily dia 06 (2026-07-14 → 2026-07-14) 52898 bytes
2026-07-08 09:37:39,782 [INFO] [OK] USA/ECM_ENSEMBLE_Corn_PRCP_DEP/daily dia 08 (2026-07-16 → 2026-07-16) 56216 bytes
2026-07-08 09:37:40,000 [INFO] [OK] USA/ECM_ENSEMBLE_Corn_PRCP_DEP/daily dia 09 (2026-07-17 → 2026-07-17) 56702 bytes
2026-07-08 09:37:40,081 [INFO] [OK] USA/ECM_ENSEMBLE_Corn_PRCP_DEP/daily dia 10 (2026-07-18 → 2026-07-18) 56684 bytes
2026-07-08 09:37:40,534 [INFO] [OK] USA/ECM_ENSEMBLE_Corn_PRCP_DEP/daily dia 11 (2026-07-19 → 2026-07-19) 59305 bytes
2026-07-08 09:37:41,136 [INFO] [OK] USA/ECM_ENSEMBLE_Corn_PRCP_DEP/daily dia 12 (2026-07-20 → 2026-07-20) 59330 bytes
2026-07-08 09:37:41,344 [INFO] [OK] USA/ECM_ENSEMBLE_Corn_PRCP_DEP/daily dia 13 (2026-07-21 → 2026-07-21) 60668 bytes
2026-07-08 09:37:41,660 [INFO] [OK] USA/ECM_ENSEMBLE_Corn_PRCP_DEP/daily dia 14 (2026-07-22 → 2026-07-22) 60829 bytes
2026-07-08 09:37:41,832 [INFO] [OK] USA/ECM_ENSEMBLE_Corn_PRCP_DEP/cumulative dia 00 (2026-07-08 → 2026-07-08) 53756 bytes
2026-07-08 09:37:41,840 [INFO] [OK] USA/ECM_ENSEMBLE_Corn_PRCP_DEP/cumulative dia 01 (2026-07-08 → 2026-07-09) 57129 bytes
2026-07-08 09:37:42,540 [INFO] [OK] USA/ECM_ENSEMBLE_Corn_PRCP_DEP/cumulative dia 02 (2026-07-08 → 2026-07-10) 57865 bytes
2026-07-08 09:37:43,144 [INFO] [OK] USA/ECM_ENSEMBLE_Corn_PRCP_DEP/cumulative dia 03 (2026-07-08 → 2026-07-11) 58071 bytes
2026-07-08 09:37:43,448 [INFO] [OK] USA/ECM_ENSEMBLE_Corn_PRCP_DEP/cumulative dia 04 (2026-07-08 → 2026-07-12) 58710 bytes
2026-07-08 09:37:43,699 [INFO] [OK] USA/ECM_ENSEMBLE_Corn_PRCP_DEP/cumulative dia 05 (2026-07-08 → 2026-07-13) 60286 bytes
2026-07-08 09:37:44,079 [INFO] [OK] USA/ECM_ENSEMBLE_Corn_PRCP_DEP/cumulative dia 06 (2026-07-08 → 2026-07-14) 60289 bytes
2026-07-08 09:37:44,168 [INFO] [OK] USA/ECM_ENSEMBLE_Corn_PRCP_DEP/cumulative dia 07 (2026-07-08 → 2026-07-15) 60182 bytes
2026-07-08 09:37:44,922 [INFO] [OK] USA/ECM_ENSEMBLE_Corn_PRCP_DEP/cumulative dia 08 (2026-07-08 → 2026-07-16) 60240 bytes
2026-07-08 09:37:45,795 [INFO] [OK] USA/ECM_ENSEMBLE_Corn_PRCP_DEP/cumulative dia 09 (2026-07-08 → 2026-07-17) 59783 bytes
2026-07-08 09:37:46,123 [INFO] [OK] USA/ECM_ENSEMBLE_Corn_PRCP_DEP/cumulative dia 10 (2026-07-08 → 2026-07-18) 59777 bytes
2026-07-08 09:37:46,578 [INFO] [OK] USA/ECM_ENSEMBLE_Corn_PRCP_DEP/cumulative dia 11 (2026-07-08 → 2026-07-19) 59564 bytes
2026-07-08 09:37:47,529 [INFO] [OK] USA/ECM_ENSEMBLE_Corn_PRCP_DEP/cumulative dia 12 (2026-07-08 → 2026-07-20) 59512 bytes
2026-07-08 09:37:47,533 [INFO] [OK] USA/ECM_ENSEMBLE_Corn_PRCP_DEP/cumulative dia 13 (2026-07-08 → 2026-07-21) 59531 bytes
2026-07-08 09:37:47,711 [INFO] [OK] USA/ECM_ENSEMBLE_Corn_PRCP/daily dia 01 (2026-07-09 → 2026-07-09) 37055 bytes
2026-07-08 09:37:47,734 [INFO] [OK] USA/ECM_ENSEMBLE_Corn_PRCP/daily dia 00 (2026-07-08 → 2026-07-08) 37303 bytes
2026-07-08 09:37:47,761 [INFO] [OK] USA/ECM_ENSEMBLE_Corn_PRCP_DEP/cumulative dia 14 (2026-07-08 → 2026-07-22) 59529 bytes
2026-07-08 09:37:48,078 [INFO] [OK] USA/ECM_ENSEMBLE_Corn_PRCP/daily dia 02 (2026-07-10 → 2026-07-10) 36989 bytes
2026-07-08 09:37:49,228 [INFO] [OK] USA/ECM_ENSEMBLE_Corn_PRCP/daily dia 03 (2026-07-11 → 2026-07-11) 35681 bytes
2026-07-08 09:37:49,230 [INFO] [OK] USA/ECM_ENSEMBLE_Corn_PRCP/daily dia 04 (2026-07-12 → 2026-07-12) 35135 bytes
2026-07-08 09:37:49,334 [INFO] [OK] USA/ECM_ENSEMBLE_Corn_PRCP/daily dia 05 (2026-07-13 → 2026-07-13) 35299 bytes
2026-07-08 09:37:49,547 [INFO] [OK] USA/ECM_ENSEMBLE_Corn_PRCP/daily dia 07 (2026-07-15 → 2026-07-15) 34642 bytes
2026-07-08 09:37:49,550 [INFO] [OK] USA/ECM_ENSEMBLE_Corn_PRCP/daily dia 06 (2026-07-14 → 2026-07-14) 35139 bytes
2026-07-08 09:37:49,608 [INFO] [OK] USA/ECM_ENSEMBLE_Corn_PRCP/daily dia 08 (2026-07-16 → 2026-07-16) 35934 bytes
2026-07-08 09:37:51,020 [INFO] [OK] USA/ECM_ENSEMBLE_Corn_PRCP/daily dia 10 (2026-07-18 → 2026-07-18) 36979 bytes
2026-07-08 09:37:51,109 [INFO] [OK] USA/ECM_ENSEMBLE_Corn_PRCP/daily dia 09 (2026-07-17 → 2026-07-17) 35880 bytes
2026-07-08 09:37:51,114 [INFO] [OK] USA/ECM_ENSEMBLE_Corn_PRCP/daily dia 11 (2026-07-19 → 2026-07-19) 37013 bytes
2026-07-08 09:37:51,331 [INFO] [OK] USA/ECM_ENSEMBLE_Corn_PRCP/daily dia 14 (2026-07-22 → 2026-07-22) 36682 bytes
2026-07-08 09:37:51,421 [INFO] [OK] USA/ECM_ENSEMBLE_Corn_PRCP/daily dia 13 (2026-07-21 → 2026-07-21) 37396 bytes
2026-07-08 09:37:51,423 [INFO] [OK] USA/ECM_ENSEMBLE_Corn_PRCP/daily dia 12 (2026-07-20 → 2026-07-20) 37193 bytes
2026-07-08 09:37:52,691 [INFO] [OK] USA/ECM_ENSEMBLE_Corn_PRCP/cumulative dia 00 (2026-07-08 → 2026-07-08) 37303 bytes
2026-07-08 09:37:52,963 [INFO] [OK] USA/ECM_ENSEMBLE_Corn_PRCP/cumulative dia 01 (2026-07-08 → 2026-07-09) 39495 bytes
2026-07-08 09:37:53,026 [INFO] [OK] USA/ECM_ENSEMBLE_Corn_PRCP/cumulative dia 02 (2026-07-08 → 2026-07-10) 41388 bytes
2026-07-08 09:37:53,204 [INFO] [OK] USA/ECM_ENSEMBLE_Corn_PRCP/cumulative dia 03 (2026-07-08 → 2026-07-11) 43478 bytes
2026-07-08 09:37:53,525 [INFO] [OK] USA/ECM_ENSEMBLE_Corn_PRCP/cumulative dia 04 (2026-07-08 → 2026-07-12) 44746 bytes
2026-07-08 09:37:53,794 [INFO] [OK] USA/ECM_ENSEMBLE_Corn_PRCP/cumulative dia 05 (2026-07-08 → 2026-07-13) 45867 bytes
2026-07-08 09:37:54,986 [INFO] [OK] USA/ECM_ENSEMBLE_Corn_PRCP/cumulative dia 06 (2026-07-08 → 2026-07-14) 46807 bytes
2026-07-08 09:37:55,398 [INFO] [OK] USA/ECM_ENSEMBLE_Corn_PRCP/cumulative dia 07 (2026-07-08 → 2026-07-15) 46915 bytes
2026-07-08 09:37:55,424 [INFO] [OK] USA/ECM_ENSEMBLE_Corn_PRCP/cumulative dia 08 (2026-07-08 → 2026-07-16) 47391 bytes
2026-07-08 09:37:55,711 [INFO] [OK] USA/ECM_ENSEMBLE_Corn_PRCP/cumulative dia 09 (2026-07-08 → 2026-07-17) 47587 bytes
2026-07-08 09:37:56,272 [INFO] [OK] USA/ECM_ENSEMBLE_Corn_PRCP/cumulative dia 10 (2026-07-08 → 2026-07-18) 48172 bytes
2026-07-08 09:37:56,549 [INFO] [OK] USA/ECM_ENSEMBLE_Corn_PRCP/cumulative dia 11 (2026-07-08 → 2026-07-19) 49513 bytes
2026-07-08 09:37:57,236 [INFO] [OK] USA/ECM_ENSEMBLE_Soy_PRCP_DEP/daily dia 00 (2026-07-08 → 2026-07-08) 53447 bytes
2026-07-08 09:37:57,659 [INFO] [OK] USA/ECM_ENSEMBLE_Corn_PRCP/cumulative dia 12 (2026-07-08 → 2026-07-20) 49586 bytes
2026-07-08 09:37:57,912 [INFO] [OK] USA/ECM_ENSEMBLE_Soy_PRCP_DEP/daily dia 01 (2026-07-09 → 2026-07-09) 54374 bytes
2026-07-08 09:37:58,187 [INFO] [OK] USA/ECM_ENSEMBLE_Soy_PRCP_DEP/daily dia 02 (2026-07-10 → 2026-07-10) 53333 bytes
2026-07-08 09:37:58,350 [INFO] [OK] USA/ECM_ENSEMBLE_Corn_PRCP/cumulative dia 13 (2026-07-08 → 2026-07-21) 50445 bytes
2026-07-08 09:37:58,355 [INFO] [OK] USA/ECM_ENSEMBLE_Corn_PRCP/cumulative dia 14 (2026-07-08 → 2026-07-22) 50652 bytes
2026-07-08 09:37:58,920 [INFO] [OK] USA/ECM_ENSEMBLE_Soy_PRCP_DEP/daily dia 03 (2026-07-11 → 2026-07-11) 49364 bytes
2026-07-08 09:37:59,263 [INFO] [OK] USA/ECM_ENSEMBLE_Soy_PRCP_DEP/daily dia 04 (2026-07-12 → 2026-07-12) 48394 bytes
2026-07-08 09:37:59,511 [INFO] [OK] USA/ECM_ENSEMBLE_Soy_PRCP_DEP/daily dia 05 (2026-07-13 → 2026-07-13) 49129 bytes
2026-07-08 09:37:59,846 [INFO] [OK] USA/ECM_ENSEMBLE_Soy_PRCP_DEP/daily dia 06 (2026-07-14 → 2026-07-14) 52611 bytes
2026-07-08 09:37:59,947 [INFO] [OK] USA/ECM_ENSEMBLE_Soy_PRCP_DEP/daily dia 07 (2026-07-15 → 2026-07-15) 54346 bytes
2026-07-08 09:37:59,955 [INFO] [OK] USA/ECM_ENSEMBLE_Soy_PRCP_DEP/daily dia 08 (2026-07-16 → 2026-07-16) 55953 bytes
2026-07-08 09:38:00,599 [INFO] [OK] USA/ECM_ENSEMBLE_Soy_PRCP_DEP/daily dia 09 (2026-07-17 → 2026-07-17) 56294 bytes
2026-07-08 09:38:01,013 [INFO] [OK] USA/ECM_ENSEMBLE_Soy_PRCP_DEP/daily dia 10 (2026-07-18 → 2026-07-18) 56441 bytes
2026-07-08 09:38:01,214 [INFO] [OK] USA/ECM_ENSEMBLE_Soy_PRCP_DEP/daily dia 11 (2026-07-19 → 2026-07-19) 59139 bytes
2026-07-08 09:38:01,794 [INFO] [OK] USA/ECM_ENSEMBLE_Soy_PRCP_DEP/daily dia 12 (2026-07-20 → 2026-07-20) 58966 bytes
2026-07-08 09:38:01,799 [INFO] [OK] USA/ECM_ENSEMBLE_Soy_PRCP_DEP/daily dia 14 (2026-07-22 → 2026-07-22) 60585 bytes
2026-07-08 09:38:01,801 [INFO] [OK] USA/ECM_ENSEMBLE_Soy_PRCP_DEP/daily dia 13 (2026-07-21 → 2026-07-21) 60375 bytes
2026-07-08 09:38:02,577 [INFO] [OK] USA/ECM_ENSEMBLE_Soy_PRCP_DEP/cumulative dia 00 (2026-07-08 → 2026-07-08) 53447 bytes
2026-07-08 09:38:02,836 [INFO] [OK] USA/ECM_ENSEMBLE_Soy_PRCP_DEP/cumulative dia 01 (2026-07-08 → 2026-07-09) 56867 bytes
2026-07-08 09:38:03,484 [INFO] [OK] USA/ECM_ENSEMBLE_Soy_PRCP_DEP/cumulative dia 02 (2026-07-08 → 2026-07-10) 57552 bytes
2026-07-08 09:38:03,720 [INFO] [OK] USA/ECM_ENSEMBLE_Soy_PRCP_DEP/cumulative dia 03 (2026-07-08 → 2026-07-11) 57782 bytes
2026-07-08 09:38:03,864 [INFO] [OK] USA/ECM_ENSEMBLE_Soy_PRCP_DEP/cumulative dia 04 (2026-07-08 → 2026-07-12) 58311 bytes
2026-07-08 09:38:04,165 [INFO] [OK] USA/ECM_ENSEMBLE_Soy_PRCP_DEP/cumulative dia 05 (2026-07-08 → 2026-07-13) 59992 bytes
2026-07-08 09:38:05,092 [INFO] [OK] USA/ECM_ENSEMBLE_Soy_PRCP_DEP/cumulative dia 07 (2026-07-08 → 2026-07-15) 59897 bytes
2026-07-08 09:38:05,097 [INFO] [OK] USA/ECM_ENSEMBLE_Soy_PRCP_DEP/cumulative dia 06 (2026-07-08 → 2026-07-14) 59905 bytes
2026-07-08 09:38:05,860 [INFO] [OK] USA/ECM_ENSEMBLE_Soy_PRCP_DEP/cumulative dia 08 (2026-07-08 → 2026-07-16) 60063 bytes
2026-07-08 09:38:06,167 [INFO] [OK] USA/ECM_ENSEMBLE_Soy_PRCP_DEP/cumulative dia 09 (2026-07-08 → 2026-07-17) 59661 bytes
2026-07-08 09:38:06,455 [INFO] [OK] USA/ECM_ENSEMBLE_Soy_PRCP_DEP/cumulative dia 10 (2026-07-08 → 2026-07-18) 59348 bytes
2026-07-08 09:38:06,894 [INFO] [OK] USA/ECM_ENSEMBLE_Soy_PRCP_DEP/cumulative dia 11 (2026-07-08 → 2026-07-19) 59224 bytes
2026-07-08 09:38:07,771 [INFO] [OK] USA/ECM_ENSEMBLE_Soy_PRCP/daily dia 00 (2026-07-08 → 2026-07-08) 37005 bytes
2026-07-08 09:38:07,887 [INFO] [OK] USA/ECM_ENSEMBLE_Soy_PRCP_DEP/cumulative dia 12 (2026-07-08 → 2026-07-20) 59123 bytes
2026-07-08 09:38:07,939 [INFO] [OK] USA/ECM_ENSEMBLE_Soy_PRCP_DEP/cumulative dia 13 (2026-07-08 → 2026-07-21) 59074 bytes
2026-07-08 09:38:07,968 [INFO] [OK] USA/ECM_ENSEMBLE_Soy_PRCP/daily dia 01 (2026-07-09 → 2026-07-09) 36832 bytes
2026-07-08 09:38:08,544 [INFO] [OK] USA/ECM_ENSEMBLE_Soy_PRCP/daily dia 02 (2026-07-10 → 2026-07-10) 36703 bytes
2026-07-08 09:38:08,629 [INFO] [OK] USA/ECM_ENSEMBLE_Soy_PRCP_DEP/cumulative dia 14 (2026-07-08 → 2026-07-22) 59175 bytes
2026-07-08 09:38:09,237 [INFO] [OK] USA/ECM_ENSEMBLE_Soy_PRCP/daily dia 03 (2026-07-11 → 2026-07-11) 35326 bytes
2026-07-08 09:38:09,438 [INFO] [OK] USA/ECM_ENSEMBLE_Soy_PRCP/daily dia 05 (2026-07-13 → 2026-07-13) 34960 bytes
2026-07-08 09:38:09,494 [INFO] [OK] USA/ECM_ENSEMBLE_Soy_PRCP/daily dia 04 (2026-07-12 → 2026-07-12) 34691 bytes
2026-07-08 09:38:09,545 [INFO] [OK] USA/ECM_ENSEMBLE_Soy_PRCP/daily dia 06 (2026-07-14 → 2026-07-14) 34747 bytes
2026-07-08 09:38:09,997 [INFO] [OK] USA/ECM_ENSEMBLE_Soy_PRCP/daily dia 07 (2026-07-15 → 2026-07-15) 34343 bytes
2026-07-08 09:38:10,144 [INFO] [OK] USA/ECM_ENSEMBLE_Soy_PRCP/daily dia 08 (2026-07-16 → 2026-07-16) 35473 bytes
2026-07-08 09:38:10,755 [INFO] [OK] USA/ECM_ENSEMBLE_Soy_PRCP/daily dia 09 (2026-07-17 → 2026-07-17) 35492 bytes
2026-07-08 09:38:11,291 [INFO] [OK] USA/ECM_ENSEMBLE_Soy_PRCP/daily dia 11 (2026-07-19 → 2026-07-19) 36506 bytes
2026-07-08 09:38:11,655 [INFO] [OK] USA/ECM_ENSEMBLE_Soy_PRCP/daily dia 14 (2026-07-22 → 2026-07-22) 36397 bytes
2026-07-08 09:38:11,767 [INFO] [OK] USA/ECM_ENSEMBLE_Soy_PRCP/daily dia 10 (2026-07-18 → 2026-07-18) 36455 bytes
2026-07-08 09:38:11,781 [INFO] [OK] USA/ECM_ENSEMBLE_Soy_PRCP/daily dia 13 (2026-07-21 → 2026-07-21) 36810 bytes
2026-07-08 09:38:11,783 [INFO] [OK] USA/ECM_ENSEMBLE_Soy_PRCP/daily dia 12 (2026-07-20 → 2026-07-20) 36759 bytes
2026-07-08 09:38:12,221 [INFO] [OK] USA/ECM_ENSEMBLE_Soy_PRCP/cumulative dia 00 (2026-07-08 → 2026-07-08) 37005 bytes
2026-07-08 09:38:12,888 [INFO] [OK] USA/ECM_ENSEMBLE_Soy_PRCP/cumulative dia 01 (2026-07-08 → 2026-07-09) 39221 bytes
2026-07-08 09:38:13,468 [INFO] [OK] USA/ECM_ENSEMBLE_Soy_PRCP/cumulative dia 02 (2026-07-08 → 2026-07-10) 41040 bytes
2026-07-08 09:38:13,595 [INFO] [OK] USA/ECM_ENSEMBLE_Soy_PRCP/cumulative dia 03 (2026-07-08 → 2026-07-11) 43174 bytes
2026-07-08 09:38:13,666 [INFO] [OK] USA/ECM_ENSEMBLE_Soy_PRCP/cumulative dia 04 (2026-07-08 → 2026-07-12) 44349 bytes
2026-07-08 09:38:13,996 [INFO] [OK] USA/ECM_ENSEMBLE_Soy_PRCP/cumulative dia 05 (2026-07-08 → 2026-07-13) 45478 bytes
2026-07-08 09:38:14,298 [INFO] [OK] USA/ECM_ENSEMBLE_Soy_PRCP/cumulative dia 06 (2026-07-08 → 2026-07-14) 46473 bytes
2026-07-08 09:38:15,159 [INFO] [OK] USA/ECM_ENSEMBLE_Soy_PRCP/cumulative dia 07 (2026-07-08 → 2026-07-15) 46555 bytes
2026-07-08 09:38:15,867 [INFO] [OK] USA/ECM_ENSEMBLE_Soy_PRCP/cumulative dia 08 (2026-07-08 → 2026-07-16) 47150 bytes
2026-07-08 09:38:16,192 [INFO] [OK] USA/ECM_ENSEMBLE_Soy_PRCP/cumulative dia 09 (2026-07-08 → 2026-07-17) 47290 bytes
2026-07-08 09:38:16,220 [INFO] [OK] USA/ECM_ENSEMBLE_Soy_PRCP/cumulative dia 10 (2026-07-08 → 2026-07-18) 47650 bytes
2026-07-08 09:38:16,621 [INFO] [OK] USA/ECM_ENSEMBLE_Soy_PRCP/cumulative dia 11 (2026-07-08 → 2026-07-19) 49006 bytes
2026-07-08 09:38:17,049 [INFO] [OK] USA/ECM_ENSEMBLE_Soy_PRCP/cumulative dia 12 (2026-07-08 → 2026-07-20) 49178 bytes
2026-07-08 09:38:17,761 [INFO] [OK] USA/ECM_ENSEMBLE_Wheat_Winter_PRCP_DEP/daily dia 00 (2026-07-08 → 2026-07-08) 55106 bytes
2026-07-08 09:38:17,884 [INFO] [OK] USA/ECM_ENSEMBLE_Wheat_Winter_PRCP_DEP/daily dia 01 (2026-07-09 → 2026-07-09) 55920 bytes
2026-07-08 09:38:17,917 [INFO] [OK] USA/ECM_ENSEMBLE_Soy_PRCP/cumulative dia 13 (2026-07-08 → 2026-07-21) 50114 bytes
2026-07-08 09:38:18,185 [INFO] [OK] USA/ECM_ENSEMBLE_Wheat_Winter_PRCP_DEP/daily dia 02 (2026-07-10 → 2026-07-10) 54850 bytes
2026-07-08 09:38:18,649 [INFO] [OK] USA/ECM_ENSEMBLE_Soy_PRCP/cumulative dia 14 (2026-07-08 → 2026-07-22) 50332 bytes
2026-07-08 09:38:18,673 [INFO] [OK] USA/ECM_ENSEMBLE_Wheat_Winter_PRCP_DEP/daily dia 03 (2026-07-11 → 2026-07-11) 51066 bytes
2026-07-08 09:38:19,243 [INFO] [OK] USA/ECM_ENSEMBLE_Wheat_Winter_PRCP_DEP/daily dia 04 (2026-07-12 → 2026-07-12) 49949 bytes
2026-07-08 09:38:19,405 [INFO] [OK] USA/ECM_ENSEMBLE_Wheat_Winter_PRCP_DEP/daily dia 05 (2026-07-13 → 2026-07-13) 50716 bytes
2026-07-08 09:38:19,638 [INFO] [OK] USA/ECM_ENSEMBLE_Wheat_Winter_PRCP_DEP/daily dia 06 (2026-07-14 → 2026-07-14) 54234 bytes
2026-07-08 09:38:19,923 [INFO] [OK] USA/ECM_ENSEMBLE_Wheat_Winter_PRCP_DEP/daily dia 07 (2026-07-15 → 2026-07-15) 56265 bytes
2026-07-08 09:38:20,277 [INFO] [OK] USA/ECM_ENSEMBLE_Wheat_Winter_PRCP_DEP/daily dia 09 (2026-07-17 → 2026-07-17) 57985 bytes
2026-07-08 09:38:20,372 [INFO] [OK] USA/ECM_ENSEMBLE_Wheat_Winter_PRCP_DEP/daily dia 08 (2026-07-16 → 2026-07-16) 57918 bytes
2026-07-08 09:38:20,793 [INFO] [OK] USA/ECM_ENSEMBLE_Wheat_Winter_PRCP_DEP/daily dia 10 (2026-07-18 → 2026-07-18) 58207 bytes
2026-07-08 09:38:21,103 [INFO] [OK] USA/ECM_ENSEMBLE_Wheat_Winter_PRCP_DEP/daily dia 11 (2026-07-19 → 2026-07-19) 60307 bytes
2026-07-08 09:38:21,217 [INFO] [OK] USA/ECM_ENSEMBLE_Wheat_Winter_PRCP_DEP/daily dia 12 (2026-07-20 → 2026-07-20) 60359 bytes
2026-07-08 09:38:21,469 [INFO] [OK] USA/ECM_ENSEMBLE_Wheat_Winter_PRCP_DEP/daily dia 13 (2026-07-21 → 2026-07-21) 61873 bytes
2026-07-08 09:38:21,983 [INFO] [OK] USA/ECM_ENSEMBLE_Wheat_Winter_PRCP_DEP/daily dia 14 (2026-07-22 → 2026-07-22) 62201 bytes
2026-07-08 09:38:22,047 [INFO] [OK] USA/ECM_ENSEMBLE_Wheat_Winter_PRCP_DEP/cumulative dia 00 (2026-07-08 → 2026-07-08) 55106 bytes
2026-07-08 09:38:22,607 [INFO] [OK] USA/ECM_ENSEMBLE_Wheat_Winter_PRCP_DEP/cumulative dia 01 (2026-07-08 → 2026-07-09) 58364 bytes
2026-07-08 09:38:22,871 [INFO] [OK] USA/ECM_ENSEMBLE_Wheat_Winter_PRCP_DEP/cumulative dia 02 (2026-07-08 → 2026-07-10) 58810 bytes
2026-07-08 09:38:23,029 [INFO] [OK] USA/ECM_ENSEMBLE_Wheat_Winter_PRCP_DEP/cumulative dia 03 (2026-07-08 → 2026-07-11) 59179 bytes
2026-07-08 09:38:23,481 [INFO] [OK] USA/ECM_ENSEMBLE_Wheat_Winter_PRCP_DEP/cumulative dia 04 (2026-07-08 → 2026-07-12) 59571 bytes
2026-07-08 09:38:24,047 [INFO] [OK] USA/ECM_ENSEMBLE_Wheat_Winter_PRCP_DEP/cumulative dia 05 (2026-07-08 → 2026-07-13) 60981 bytes
2026-07-08 09:38:24,218 [INFO] [OK] USA/ECM_ENSEMBLE_Wheat_Winter_PRCP_DEP/cumulative dia 06 (2026-07-08 → 2026-07-14) 61040 bytes
2026-07-08 09:38:24,998 [INFO] [OK] USA/ECM_ENSEMBLE_Wheat_Winter_PRCP_DEP/cumulative dia 07 (2026-07-08 → 2026-07-15) 61019 bytes
2026-07-08 09:38:25,672 [INFO] [OK] USA/ECM_ENSEMBLE_Wheat_Winter_PRCP_DEP/cumulative dia 09 (2026-07-08 → 2026-07-17) 60604 bytes
2026-07-08 09:38:25,674 [INFO] [OK] USA/ECM_ENSEMBLE_Wheat_Winter_PRCP_DEP/cumulative dia 08 (2026-07-08 → 2026-07-16) 61144 bytes
2026-07-08 09:38:26,092 [INFO] [OK] USA/ECM_ENSEMBLE_Wheat_Winter_PRCP_DEP/cumulative dia 10 (2026-07-08 → 2026-07-18) 60685 bytes
2026-07-08 09:38:26,757 [INFO] [OK] USA/ECM_ENSEMBLE_Wheat_Winter_PRCP_DEP/cumulative dia 11 (2026-07-08 → 2026-07-19) 60489 bytes
2026-07-08 09:38:26,923 [INFO] [OK] USA/ECM_ENSEMBLE_Wheat_Winter_PRCP_DEP/cumulative dia 12 (2026-07-08 → 2026-07-20) 60540 bytes
2026-07-08 09:38:27,161 [INFO] [OK] USA/ECM_ENSEMBLE_Wheat_Winter_PRCP/daily dia 00 (2026-07-08 → 2026-07-08) 38649 bytes
2026-07-08 09:38:27,755 [INFO] [OK] USA/ECM_ENSEMBLE_Wheat_Winter_PRCP/daily dia 01 (2026-07-09 → 2026-07-09) 38335 bytes
2026-07-08 09:38:27,876 [INFO] [OK] USA/ECM_ENSEMBLE_Wheat_Winter_PRCP_DEP/cumulative dia 13 (2026-07-08 → 2026-07-21) 60466 bytes
2026-07-08 09:38:28,354 [INFO] [OK] USA/ECM_ENSEMBLE_Wheat_Winter_PRCP/daily dia 02 (2026-07-10 → 2026-07-10) 38180 bytes
2026-07-08 09:38:28,421 [INFO] [OK] USA/ECM_ENSEMBLE_Wheat_Winter_PRCP/daily dia 03 (2026-07-11 → 2026-07-11) 36969 bytes
2026-07-08 09:38:28,501 [INFO] [OK] USA/ECM_ENSEMBLE_Wheat_Winter_PRCP_DEP/cumulative dia 14 (2026-07-08 → 2026-07-22) 60429 bytes
2026-07-08 09:38:28,657 [INFO] [OK] USA/ECM_ENSEMBLE_Wheat_Winter_PRCP/daily dia 04 (2026-07-12 → 2026-07-12) 36275 bytes
2026-07-08 09:38:29,284 [INFO] [OK] USA/ECM_ENSEMBLE_Wheat_Winter_PRCP/daily dia 05 (2026-07-13 → 2026-07-13) 36489 bytes
2026-07-08 09:38:29,367 [INFO] [OK] USA/ECM_ENSEMBLE_Wheat_Winter_PRCP/daily dia 06 (2026-07-14 → 2026-07-14) 36330 bytes
2026-07-08 09:38:29,873 [INFO] [OK] USA/ECM_ENSEMBLE_Wheat_Winter_PRCP/daily dia 07 (2026-07-15 → 2026-07-15) 35896 bytes
2026-07-08 09:38:30,270 [INFO] [OK] USA/ECM_ENSEMBLE_Wheat_Winter_PRCP/daily dia 10 (2026-07-18 → 2026-07-18) 37867 bytes
2026-07-08 09:38:30,281 [INFO] [OK] USA/ECM_ENSEMBLE_Wheat_Winter_PRCP/daily dia 09 (2026-07-17 → 2026-07-17) 36955 bytes
2026-07-08 09:38:30,292 [INFO] [OK] USA/ECM_ENSEMBLE_Wheat_Winter_PRCP/daily dia 08 (2026-07-16 → 2026-07-16) 36817 bytes
2026-07-08 09:38:30,825 [INFO] [OK] USA/ECM_ENSEMBLE_Wheat_Winter_PRCP/daily dia 11 (2026-07-19 → 2026-07-19) 37855 bytes
2026-07-08 09:38:30,927 [INFO] [OK] USA/ECM_ENSEMBLE_Wheat_Winter_PRCP/daily dia 12 (2026-07-20 → 2026-07-20) 38206 bytes
2026-07-08 09:38:31,400 [INFO] [OK] USA/ECM_ENSEMBLE_Wheat_Winter_PRCP/daily dia 13 (2026-07-21 → 2026-07-21) 38274 bytes
2026-07-08 09:38:32,320 [INFO] [OK] USA/ECM_ENSEMBLE_Wheat_Winter_PRCP/daily dia 14 (2026-07-22 → 2026-07-22) 37844 bytes
2026-07-08 09:38:32,422 [INFO] [OK] USA/ECM_ENSEMBLE_Wheat_Winter_PRCP/cumulative dia 01 (2026-07-08 → 2026-07-09) 40770 bytes
2026-07-08 09:38:32,430 [INFO] [OK] USA/ECM_ENSEMBLE_Wheat_Winter_PRCP/cumulative dia 00 (2026-07-08 → 2026-07-08) 38649 bytes
2026-07-08 09:38:32,588 [INFO] [OK] USA/ECM_ENSEMBLE_Wheat_Winter_PRCP/cumulative dia 02 (2026-07-08 → 2026-07-10) 42588 bytes
2026-07-08 09:38:32,730 [INFO] [OK] USA/ECM_ENSEMBLE_Wheat_Winter_PRCP/cumulative dia 03 (2026-07-08 → 2026-07-11) 44622 bytes
2026-07-08 09:38:33,304 [INFO] [OK] USA/ECM_ENSEMBLE_Wheat_Winter_PRCP/cumulative dia 04 (2026-07-08 → 2026-07-12) 45686 bytes
2026-07-08 09:38:34,467 [INFO] [OK] USA/ECM_ENSEMBLE_Wheat_Winter_PRCP/cumulative dia 05 (2026-07-08 → 2026-07-13) 46852 bytes
2026-07-08 09:38:34,743 [INFO] [OK] USA/ECM_ENSEMBLE_Wheat_Winter_PRCP/cumulative dia 06 (2026-07-08 → 2026-07-14) 47685 bytes
2026-07-08 09:38:34,921 [INFO] [OK] USA/ECM_ENSEMBLE_Wheat_Winter_PRCP/cumulative dia 07 (2026-07-08 → 2026-07-15) 47953 bytes
2026-07-08 09:38:35,054 [INFO] [OK] USA/ECM_ENSEMBLE_Wheat_Winter_PRCP/cumulative dia 08 (2026-07-08 → 2026-07-16) 48662 bytes
2026-07-08 09:38:35,265 [INFO] [OK] USA/ECM_ENSEMBLE_Wheat_Winter_PRCP/cumulative dia 09 (2026-07-08 → 2026-07-17) 48510 bytes
2026-07-08 09:38:36,019 [INFO] [OK] USA/ECM_ENSEMBLE_Wheat_Winter_PRCP/cumulative dia 10 (2026-07-08 → 2026-07-18) 49393 bytes
2026-07-08 09:38:36,977 [INFO] [OK] USA/ECM_ENSEMBLE_Wheat_Spring_PRCP_DEP/daily dia 00 (2026-07-08 → 2026-07-08) 51823 bytes
2026-07-08 09:38:37,151 [INFO] [OK] USA/ECM_ENSEMBLE_Wheat_Winter_PRCP/cumulative dia 11 (2026-07-08 → 2026-07-19) 50535 bytes
2026-07-08 09:38:37,737 [INFO] [OK] USA/ECM_ENSEMBLE_Wheat_Spring_PRCP_DEP/daily dia 01 (2026-07-09 → 2026-07-09) 52399 bytes
2026-07-08 09:38:37,799 [INFO] [OK] USA/ECM_ENSEMBLE_Wheat_Winter_PRCP/cumulative dia 12 (2026-07-08 → 2026-07-20) 50652 bytes
2026-07-08 09:38:38,070 [INFO] [OK] USA/ECM_ENSEMBLE_Wheat_Winter_PRCP/cumulative dia 14 (2026-07-08 → 2026-07-22) 51493 bytes
2026-07-08 09:38:38,081 [INFO] [OK] USA/ECM_ENSEMBLE_Wheat_Winter_PRCP/cumulative dia 13 (2026-07-08 → 2026-07-21) 51383 bytes
2026-07-08 09:38:38,515 [INFO] [OK] USA/ECM_ENSEMBLE_Wheat_Spring_PRCP_DEP/daily dia 02 (2026-07-10 → 2026-07-10) 51624 bytes
2026-07-08 09:38:38,811 [INFO] [OK] USA/ECM_ENSEMBLE_Wheat_Spring_PRCP_DEP/daily dia 03 (2026-07-11 → 2026-07-11) 47357 bytes
2026-07-08 09:38:39,295 [INFO] [OK] USA/ECM_ENSEMBLE_Wheat_Spring_PRCP_DEP/daily dia 04 (2026-07-12 → 2026-07-12) 46499 bytes
2026-07-08 09:38:39,362 [INFO] [OK] USA/ECM_ENSEMBLE_Wheat_Spring_PRCP_DEP/daily dia 05 (2026-07-13 → 2026-07-13) 47061 bytes
2026-07-08 09:38:39,651 [INFO] [OK] USA/ECM_ENSEMBLE_Wheat_Spring_PRCP_DEP/daily dia 06 (2026-07-14 → 2026-07-14) 50989 bytes
2026-07-08 09:38:39,659 [INFO] [OK] USA/ECM_ENSEMBLE_Wheat_Spring_PRCP_DEP/daily dia 07 (2026-07-15 → 2026-07-15) 52850 bytes
2026-07-08 09:38:39,984 [INFO] [OK] USA/ECM_ENSEMBLE_Wheat_Spring_PRCP_DEP/daily dia 08 (2026-07-16 → 2026-07-16) 54487 bytes
2026-07-08 09:38:40,326 [INFO] [OK] USA/ECM_ENSEMBLE_Wheat_Spring_PRCP_DEP/daily dia 09 (2026-07-17 → 2026-07-17) 54391 bytes
2026-07-08 09:38:40,825 [INFO] [OK] USA/ECM_ENSEMBLE_Wheat_Spring_PRCP_DEP/daily dia 10 (2026-07-18 → 2026-07-18) 54627 bytes
2026-07-08 09:38:41,067 [INFO] [OK] USA/ECM_ENSEMBLE_Wheat_Spring_PRCP_DEP/daily dia 11 (2026-07-19 → 2026-07-19) 57037 bytes
2026-07-08 09:38:41,234 [INFO] [OK] USA/ECM_ENSEMBLE_Wheat_Spring_PRCP_DEP/daily dia 12 (2026-07-20 → 2026-07-20) 56923 bytes
2026-07-08 09:38:41,328 [INFO] [OK] USA/ECM_ENSEMBLE_Wheat_Spring_PRCP_DEP/daily dia 13 (2026-07-21 → 2026-07-21) 58760 bytes
2026-07-08 09:38:41,555 [INFO] [OK] USA/ECM_ENSEMBLE_Wheat_Spring_PRCP_DEP/daily dia 14 (2026-07-22 → 2026-07-22) 58840 bytes
2026-07-08 09:38:41,893 [INFO] [OK] USA/ECM_ENSEMBLE_Wheat_Spring_PRCP_DEP/cumulative dia 00 (2026-07-08 → 2026-07-08) 51823 bytes
2026-07-08 09:38:42,564 [INFO] [OK] USA/ECM_ENSEMBLE_Wheat_Spring_PRCP_DEP/cumulative dia 01 (2026-07-08 → 2026-07-09) 55095 bytes
2026-07-08 09:38:42,779 [INFO] [OK] USA/ECM_ENSEMBLE_Wheat_Spring_PRCP_DEP/cumulative dia 02 (2026-07-08 → 2026-07-10) 55422 bytes
2026-07-08 09:38:43,089 [INFO] [OK] USA/ECM_ENSEMBLE_Wheat_Spring_PRCP_DEP/cumulative dia 03 (2026-07-08 → 2026-07-11) 55896 bytes
2026-07-08 09:38:45,708 [INFO] [OK] USA/ECM_ENSEMBLE_Wheat_Spring_PRCP_DEP/cumulative dia 04 (2026-07-08 → 2026-07-12) 56348 bytes
2026-07-08 09:38:45,710 [INFO] [OK] USA/ECM_ENSEMBLE_Wheat_Spring_PRCP_DEP/cumulative dia 05 (2026-07-08 → 2026-07-13) 57671 bytes
2026-07-08 09:38:45,843 [INFO] [OK] USA/ECM_ENSEMBLE_Wheat_Spring_PRCP_DEP/cumulative dia 09 (2026-07-08 → 2026-07-17) 57418 bytes
2026-07-08 09:38:45,876 [INFO] [OK] USA/ECM_ENSEMBLE_Wheat_Spring_PRCP_DEP/cumulative dia 06 (2026-07-08 → 2026-07-14) 57634 bytes
2026-07-08 09:38:45,883 [INFO] [OK] USA/ECM_ENSEMBLE_Wheat_Spring_PRCP_DEP/cumulative dia 07 (2026-07-08 → 2026-07-15) 57684 bytes
2026-07-08 09:38:45,922 [INFO] [OK] USA/ECM_ENSEMBLE_Wheat_Spring_PRCP_DEP/cumulative dia 08 (2026-07-08 → 2026-07-16) 58032 bytes
2026-07-08 09:38:47,631 [INFO] [OK] USA/ECM_ENSEMBLE_Wheat_Spring_PRCP/daily dia 00 (2026-07-08 → 2026-07-08) 35545 bytes
2026-07-08 09:38:49,518 [INFO] [OK] USA/ECM_ENSEMBLE_Wheat_Spring_PRCP_DEP/cumulative dia 10 (2026-07-08 → 2026-07-18) 57308 bytes
2026-07-08 09:38:49,586 [INFO] [OK] USA/ECM_ENSEMBLE_Wheat_Spring_PRCP_DEP/cumulative dia 12 (2026-07-08 → 2026-07-20) 57228 bytes
2026-07-08 09:38:49,595 [INFO] [OK] USA/ECM_ENSEMBLE_Wheat_Spring_PRCP_DEP/cumulative dia 13 (2026-07-08 → 2026-07-21) 57267 bytes
2026-07-08 09:38:49,597 [INFO] [OK] USA/ECM_ENSEMBLE_Wheat_Spring_PRCP_DEP/cumulative dia 11 (2026-07-08 → 2026-07-19) 57035 bytes
2026-07-08 09:38:49,598 [INFO] [OK] USA/ECM_ENSEMBLE_Wheat_Spring_PRCP_DEP/cumulative dia 14 (2026-07-08 → 2026-07-22) 57249 bytes
2026-07-08 09:38:51,105 [INFO] [OK] USA/ECM_ENSEMBLE_Wheat_Spring_PRCP/daily dia 01 (2026-07-09 → 2026-07-09) 35095 bytes
2026-07-08 09:38:51,110 [INFO] [OK] USA/ECM_ENSEMBLE_Wheat_Spring_PRCP/daily dia 03 (2026-07-11 → 2026-07-11) 33473 bytes
2026-07-08 09:38:51,158 [INFO] [OK] USA/ECM_ENSEMBLE_Wheat_Spring_PRCP/daily dia 02 (2026-07-10 → 2026-07-10) 34919 bytes
2026-07-08 09:38:51,472 [INFO] [OK] USA/ECM_ENSEMBLE_Wheat_Spring_PRCP/daily dia 05 (2026-07-13 → 2026-07-13) 33158 bytes
2026-07-08 09:38:51,550 [INFO] [OK] USA/ECM_ENSEMBLE_Wheat_Spring_PRCP/daily dia 04 (2026-07-12 → 2026-07-12) 32891 bytes
2026-07-08 09:38:51,556 [INFO] [OK] USA/ECM_ENSEMBLE_Wheat_Spring_PRCP/daily dia 06 (2026-07-14 → 2026-07-14) 33193 bytes
2026-07-08 09:38:52,649 [INFO] [OK] USA/ECM_ENSEMBLE_Wheat_Spring_PRCP/daily dia 08 (2026-07-16 → 2026-07-16) 34140 bytes
2026-07-08 09:38:52,673 [INFO] [OK] USA/ECM_ENSEMBLE_Wheat_Spring_PRCP/daily dia 07 (2026-07-15 → 2026-07-15) 32880 bytes
2026-07-08 09:38:52,748 [INFO] [OK] USA/ECM_ENSEMBLE_Wheat_Spring_PRCP/daily dia 09 (2026-07-17 → 2026-07-17) 34041 bytes
2026-07-08 09:38:52,995 [INFO] [OK] USA/ECM_ENSEMBLE_Wheat_Spring_PRCP/daily dia 11 (2026-07-19 → 2026-07-19) 35034 bytes
2026-07-08 09:38:53,152 [INFO] [OK] USA/ECM_ENSEMBLE_Wheat_Spring_PRCP/daily dia 12 (2026-07-20 → 2026-07-20) 35263 bytes
2026-07-08 09:38:53,171 [INFO] [OK] USA/ECM_ENSEMBLE_Wheat_Spring_PRCP/daily dia 10 (2026-07-18 → 2026-07-18) 35049 bytes
2026-07-08 09:38:54,590 [INFO] [OK] USA/ECM_ENSEMBLE_Wheat_Spring_PRCP/daily dia 14 (2026-07-22 → 2026-07-22) 34855 bytes
2026-07-08 09:38:54,609 [INFO] [OK] USA/ECM_ENSEMBLE_Wheat_Spring_PRCP/cumulative dia 01 (2026-07-08 → 2026-07-09) 37619 bytes
2026-07-08 09:38:54,894 [INFO] [OK] USA/ECM_ENSEMBLE_Wheat_Spring_PRCP/cumulative dia 02 (2026-07-08 → 2026-07-10) 39147 bytes
2026-07-08 09:38:54,981 [INFO] [OK] USA/ECM_ENSEMBLE_Wheat_Spring_PRCP/daily dia 13 (2026-07-21 → 2026-07-21) 35233 bytes
2026-07-08 09:38:55,006 [INFO] [OK] USA/ECM_ENSEMBLE_Wheat_Spring_PRCP/cumulative dia 00 (2026-07-08 → 2026-07-08) 35545 bytes
2026-07-08 09:38:55,027 [INFO] [OK] USA/ECM_ENSEMBLE_Wheat_Spring_PRCP/cumulative dia 03 (2026-07-08 → 2026-07-11) 41062 bytes
2026-07-08 09:38:56,506 [INFO] [OK] USA/ECM_ENSEMBLE_Wheat_Spring_PRCP/cumulative dia 04 (2026-07-08 → 2026-07-12) 41963 bytes
2026-07-08 09:38:57,059 [INFO] [OK] USA/ECM_ENSEMBLE_Wheat_Spring_PRCP/cumulative dia 05 (2026-07-08 → 2026-07-13) 43055 bytes
2026-07-08 09:38:57,199 [INFO] [OK] USA/ECM_ENSEMBLE_Wheat_Spring_PRCP/cumulative dia 06 (2026-07-08 → 2026-07-14) 43961 bytes
2026-07-08 09:38:57,505 [INFO] [OK] USA/ECM_ENSEMBLE_Wheat_Spring_PRCP/cumulative dia 08 (2026-07-08 → 2026-07-16) 44867 bytes
2026-07-08 09:38:57,572 [INFO] [OK] USA/ECM_ENSEMBLE_Wheat_Spring_PRCP/cumulative dia 09 (2026-07-08 → 2026-07-17) 44736 bytes
2026-07-08 09:38:57,583 [INFO] [OK] USA/ECM_ENSEMBLE_Wheat_Spring_PRCP/cumulative dia 07 (2026-07-08 → 2026-07-15) 43960 bytes
2026-07-08 09:38:59,087 [INFO] [OK] USA/ECM_ENSEMBLE_Wheat_Spring_PRCP/cumulative dia 10 (2026-07-08 → 2026-07-18) 45180 bytes
2026-07-08 09:38:59,780 [INFO] [OK] USA/ECM_ENSEMBLE_Wheat_Spring_PRCP/cumulative dia 11 (2026-07-08 → 2026-07-19) 46552 bytes
2026-07-08 09:38:59,918 [INFO] [OK] USA/ECM_ENSEMBLE_Wheat_Spring_PRCP/cumulative dia 12 (2026-07-08 → 2026-07-20) 46684 bytes
2026-07-08 09:39:00,387 [INFO] [OK] USA/ECM_ENSEMBLE_Wheat_Spring_PRCP/cumulative dia 13 (2026-07-08 → 2026-07-21) 47401 bytes
2026-07-08 09:39:00,703 [INFO] [OK] USA/ECM_ENSEMBLE_Wheat_Spring_PRCP/cumulative dia 14 (2026-07-08 → 2026-07-22) 47527 bytes
2026-07-08 09:39:02,185 [INFO] Resumo: 960/960 sucessos, 0 erros
2026-07-08 09:39:08,361 [INFO] [CLEANUP] Removidas 96 pastas de histórico anteriores a 2026-06-08
2026-07-08 09:39:08,606 [INFO] Manifest: C:\Users\server\OneDrive - CGB Enterprises, Inc\ZGC-PBI Research - Documents\Dataset Data Files\Weather_maps\manifest.json
2026-07-08 09:39:08,610 [INFO] [GIT] Iniciando sincronização com GitHub...
2026-07-08 09:44:16,290 [INFO] [GIT] Sucesso ✓
2026-07-08 09:44:16,539 [INFO] ✓ Sincronizado com GitHub — Power BI atualiza no próximo refresh
