2026-07-30 09:33:18,346 [INFO] === Execução 2026-07-30 | modo=both | dias=15 | parâmetro=['PRCP_DEP', 'PRCP'] ===
2026-07-30 09:33:18,347 [INFO] Baixando 960 mapas com 6 threads...
2026-07-30 09:33:22,783 [INFO] [OK] Brazil/GFS_ENSEMBLE_Soy_PRCP_DEP/daily dia 00 (2026-07-30 → 2026-07-30) 38178 bytes
2026-07-30 09:33:22,809 [INFO] [OK] Brazil/GFS_ENSEMBLE_Soy_PRCP_DEP/daily dia 04 (2026-08-03 → 2026-08-03) 47356 bytes
2026-07-30 09:33:22,810 [INFO] [OK] Brazil/GFS_ENSEMBLE_Soy_PRCP_DEP/daily dia 01 (2026-07-31 → 2026-07-31) 40790 bytes
2026-07-30 09:33:22,817 [INFO] [OK] Brazil/GFS_ENSEMBLE_Soy_PRCP_DEP/daily dia 05 (2026-08-04 → 2026-08-04) 46018 bytes
2026-07-30 09:33:22,819 [INFO] [OK] Brazil/GFS_ENSEMBLE_Soy_PRCP_DEP/daily dia 02 (2026-08-01 → 2026-08-01) 44095 bytes
2026-07-30 09:33:22,996 [INFO] [OK] Brazil/GFS_ENSEMBLE_Soy_PRCP_DEP/daily dia 03 (2026-08-02 → 2026-08-02) 45898 bytes
2026-07-30 09:33:25,475 [INFO] [OK] Brazil/GFS_ENSEMBLE_Soy_PRCP_DEP/daily dia 07 (2026-08-06 → 2026-08-06) 48635 bytes
2026-07-30 09:33:25,531 [INFO] [OK] Brazil/GFS_ENSEMBLE_Soy_PRCP_DEP/daily dia 10 (2026-08-09 → 2026-08-09) 49654 bytes
2026-07-30 09:33:25,534 [INFO] [OK] Brazil/GFS_ENSEMBLE_Soy_PRCP_DEP/daily dia 08 (2026-08-07 → 2026-08-07) 48714 bytes
2026-07-30 09:33:25,665 [INFO] [OK] Brazil/GFS_ENSEMBLE_Soy_PRCP_DEP/daily dia 09 (2026-08-08 → 2026-08-08) 48239 bytes
2026-07-30 09:33:25,773 [INFO] [OK] Brazil/GFS_ENSEMBLE_Soy_PRCP_DEP/daily dia 11 (2026-08-10 → 2026-08-10) 49778 bytes
2026-07-30 09:33:25,793 [INFO] [OK] Brazil/GFS_ENSEMBLE_Soy_PRCP_DEP/daily dia 06 (2026-08-05 → 2026-08-05) 49100 bytes
2026-07-30 09:33:27,899 [INFO] [OK] Brazil/GFS_ENSEMBLE_Soy_PRCP_DEP/cumulative dia 00 (2026-07-30 → 2026-07-30) 38178 bytes
2026-07-30 09:33:28,184 [INFO] [OK] Brazil/GFS_ENSEMBLE_Soy_PRCP_DEP/daily dia 13 (2026-08-12 → 2026-08-12) 51838 bytes
2026-07-30 09:33:28,187 [INFO] [OK] Brazil/GFS_ENSEMBLE_Soy_PRCP_DEP/daily dia 12 (2026-08-11 → 2026-08-11) 51871 bytes
2026-07-30 09:33:28,235 [INFO] [OK] Brazil/GFS_ENSEMBLE_Soy_PRCP_DEP/daily dia 14 (2026-08-13 → 2026-08-13) 51958 bytes
2026-07-30 09:33:28,740 [INFO] [OK] Brazil/GFS_ENSEMBLE_Soy_PRCP_DEP/cumulative dia 01 (2026-07-30 → 2026-07-31) 41769 bytes
2026-07-30 09:33:28,988 [INFO] [OK] Brazil/GFS_ENSEMBLE_Soy_PRCP_DEP/cumulative dia 02 (2026-07-30 → 2026-08-01) 44567 bytes
2026-07-30 09:33:31,979 [INFO] [OK] Brazil/GFS_ENSEMBLE_Soy_PRCP_DEP/cumulative dia 03 (2026-07-30 → 2026-08-02) 46057 bytes
2026-07-30 09:33:32,832 [INFO] [OK] Brazil/GFS_ENSEMBLE_Soy_PRCP_DEP/cumulative dia 04 (2026-07-30 → 2026-08-03) 47559 bytes
2026-07-30 09:33:33,349 [INFO] [OK] Brazil/GFS_ENSEMBLE_Soy_PRCP_DEP/cumulative dia 05 (2026-07-30 → 2026-08-04) 48916 bytes
2026-07-30 09:33:33,897 [INFO] [OK] Brazil/GFS_ENSEMBLE_Soy_PRCP_DEP/cumulative dia 06 (2026-07-30 → 2026-08-05) 50278 bytes
2026-07-30 09:33:34,710 [INFO] [OK] Brazil/GFS_ENSEMBLE_Soy_PRCP_DEP/cumulative dia 07 (2026-07-30 → 2026-08-06) 50567 bytes
2026-07-30 09:33:35,677 [INFO] [OK] Brazil/GFS_ENSEMBLE_Soy_PRCP_DEP/cumulative dia 08 (2026-07-30 → 2026-08-07) 50777 bytes
2026-07-30 09:33:38,452 [INFO] [OK] Brazil/GFS_ENSEMBLE_Soy_PRCP_DEP/cumulative dia 09 (2026-07-30 → 2026-08-08) 51572 bytes
2026-07-30 09:33:40,644 [INFO] [OK] Brazil/GFS_ENSEMBLE_Soy_PRCP_DEP/cumulative dia 10 (2026-07-30 → 2026-08-09) 51759 bytes
2026-07-30 09:33:40,820 [INFO] [OK] Brazil/GFS_ENSEMBLE_Soy_PRCP_DEP/cumulative dia 11 (2026-07-30 → 2026-08-10) 51980 bytes
2026-07-30 09:33:41,993 [INFO] [OK] Brazil/GFS_ENSEMBLE_Soy_PRCP/daily dia 00 (2026-07-30 → 2026-07-30) 29913 bytes
2026-07-30 09:33:42,097 [INFO] [OK] Brazil/GFS_ENSEMBLE_Soy_PRCP_DEP/cumulative dia 12 (2026-07-30 → 2026-08-11) 53090 bytes
2026-07-30 09:33:43,424 [INFO] [OK] Brazil/GFS_ENSEMBLE_Soy_PRCP/daily dia 01 (2026-07-31 → 2026-07-31) 31910 bytes
2026-07-30 09:33:43,640 [INFO] [OK] Brazil/GFS_ENSEMBLE_Soy_PRCP_DEP/cumulative dia 13 (2026-07-30 → 2026-08-12) 53648 bytes
2026-07-30 09:33:43,729 [INFO] [OK] Brazil/GFS_ENSEMBLE_Soy_PRCP/daily dia 02 (2026-08-01 → 2026-08-01) 31291 bytes
2026-07-30 09:33:43,807 [INFO] [OK] Brazil/GFS_ENSEMBLE_Soy_PRCP_DEP/cumulative dia 14 (2026-07-30 → 2026-08-13) 53395 bytes
2026-07-30 09:33:44,729 [INFO] [OK] Brazil/GFS_ENSEMBLE_Soy_PRCP/daily dia 04 (2026-08-03 → 2026-08-03) 30956 bytes
2026-07-30 09:33:44,856 [INFO] [OK] Brazil/GFS_ENSEMBLE_Soy_PRCP/daily dia 03 (2026-08-02 → 2026-08-02) 30813 bytes
2026-07-30 09:33:46,172 [INFO] [OK] Brazil/GFS_ENSEMBLE_Soy_PRCP/daily dia 05 (2026-08-04 → 2026-08-04) 31508 bytes
2026-07-30 09:33:46,207 [INFO] [OK] Brazil/GFS_ENSEMBLE_Soy_PRCP/daily dia 06 (2026-08-05 → 2026-08-05) 30981 bytes
2026-07-30 09:33:46,428 [INFO] [OK] Brazil/GFS_ENSEMBLE_Soy_PRCP/daily dia 08 (2026-08-07 → 2026-08-07) 29585 bytes
2026-07-30 09:33:46,432 [INFO] [OK] Brazil/GFS_ENSEMBLE_Soy_PRCP/daily dia 07 (2026-08-06 → 2026-08-06) 29925 bytes
2026-07-30 09:33:47,334 [INFO] [OK] Brazil/GFS_ENSEMBLE_Soy_PRCP/daily dia 09 (2026-08-08 → 2026-08-08) 29754 bytes
2026-07-30 09:33:47,512 [INFO] [OK] Brazil/GFS_ENSEMBLE_Soy_PRCP/daily dia 10 (2026-08-09 → 2026-08-09) 30347 bytes
2026-07-30 09:33:48,692 [INFO] [OK] Brazil/GFS_ENSEMBLE_Soy_PRCP/daily dia 11 (2026-08-10 → 2026-08-10) 30851 bytes
2026-07-30 09:33:49,062 [INFO] [OK] Brazil/GFS_ENSEMBLE_Soy_PRCP/daily dia 12 (2026-08-11 → 2026-08-11) 30643 bytes
2026-07-30 09:33:49,300 [INFO] [OK] Brazil/GFS_ENSEMBLE_Soy_PRCP/daily dia 14 (2026-08-13 → 2026-08-13) 30645 bytes
2026-07-30 09:33:49,310 [INFO] [OK] Brazil/GFS_ENSEMBLE_Soy_PRCP/daily dia 13 (2026-08-12 → 2026-08-12) 30651 bytes
2026-07-30 09:33:49,776 [INFO] [OK] Brazil/GFS_ENSEMBLE_Soy_PRCP/cumulative dia 00 (2026-07-30 → 2026-07-30) 29913 bytes
2026-07-30 09:33:50,688 [INFO] [OK] Brazil/GFS_ENSEMBLE_Soy_PRCP/cumulative dia 01 (2026-07-30 → 2026-07-31) 33597 bytes
2026-07-30 09:33:52,330 [INFO] [OK] Brazil/GFS_ENSEMBLE_Soy_PRCP/cumulative dia 02 (2026-07-30 → 2026-08-01) 35066 bytes
2026-07-30 09:33:52,828 [INFO] [OK] Brazil/GFS_ENSEMBLE_Soy_PRCP/cumulative dia 03 (2026-07-30 → 2026-08-02) 36071 bytes
2026-07-30 09:33:53,080 [INFO] [OK] Brazil/GFS_ENSEMBLE_Soy_PRCP/cumulative dia 04 (2026-07-30 → 2026-08-03) 37222 bytes
2026-07-30 09:33:53,663 [INFO] [OK] Brazil/GFS_ENSEMBLE_Soy_PRCP/cumulative dia 05 (2026-07-30 → 2026-08-04) 38437 bytes
2026-07-30 09:33:54,521 [INFO] [OK] Brazil/GFS_ENSEMBLE_Soy_PRCP/cumulative dia 06 (2026-07-30 → 2026-08-05) 39445 bytes
2026-07-30 09:33:55,542 [INFO] [OK] Brazil/GFS_ENSEMBLE_Soy_PRCP/cumulative dia 07 (2026-07-30 → 2026-08-06) 39997 bytes
2026-07-30 09:33:56,773 [INFO] [OK] Brazil/GFS_ENSEMBLE_Soy_PRCP/cumulative dia 08 (2026-07-30 → 2026-08-07) 39959 bytes
2026-07-30 09:33:57,442 [INFO] [OK] Brazil/GFS_ENSEMBLE_Soy_PRCP/cumulative dia 09 (2026-07-30 → 2026-08-08) 40461 bytes
2026-07-30 09:33:58,370 [INFO] [OK] Brazil/GFS_ENSEMBLE_Soy_PRCP/cumulative dia 10 (2026-07-30 → 2026-08-09) 41149 bytes
2026-07-30 09:33:59,122 [INFO] [OK] Brazil/GFS_ENSEMBLE_Soy_PRCP/cumulative dia 11 (2026-07-30 → 2026-08-10) 41565 bytes
2026-07-30 09:33:59,622 [INFO] [OK] Brazil/GFS_ENSEMBLE_Soy_PRCP/cumulative dia 12 (2026-07-30 → 2026-08-11) 41949 bytes
2026-07-30 09:33:59,743 [INFO] [OK] Brazil/GFS_ENSEMBLE_Corn_Winter_PRCP_DEP/daily dia 00 (2026-07-30 → 2026-07-30) 36694 bytes
2026-07-30 09:34:00,482 [INFO] [OK] Brazil/GFS_ENSEMBLE_Corn_Winter_PRCP_DEP/daily dia 01 (2026-07-31 → 2026-07-31) 39505 bytes
2026-07-30 09:34:01,637 [INFO] [OK] Brazil/GFS_ENSEMBLE_Soy_PRCP/cumulative dia 13 (2026-07-30 → 2026-08-12) 42522 bytes
2026-07-30 09:34:01,660 [INFO] [OK] Brazil/GFS_ENSEMBLE_Corn_Winter_PRCP_DEP/daily dia 02 (2026-08-01 → 2026-08-01) 42419 bytes
2026-07-30 09:34:01,667 [INFO] [OK] Brazil/GFS_ENSEMBLE_Corn_Winter_PRCP_DEP/daily dia 03 (2026-08-02 → 2026-08-02) 44109 bytes
2026-07-30 09:34:01,872 [INFO] [OK] Brazil/GFS_ENSEMBLE_Corn_Winter_PRCP_DEP/daily dia 04 (2026-08-03 → 2026-08-03) 45609 bytes
2026-07-30 09:34:02,342 [INFO] [OK] Brazil/GFS_ENSEMBLE_Soy_PRCP/cumulative dia 14 (2026-07-30 → 2026-08-13) 43204 bytes
2026-07-30 09:34:02,740 [INFO] [OK] Brazil/GFS_ENSEMBLE_Corn_Winter_PRCP_DEP/daily dia 05 (2026-08-04 → 2026-08-04) 44661 bytes
2026-07-30 09:34:03,682 [INFO] [OK] Brazil/GFS_ENSEMBLE_Corn_Winter_PRCP_DEP/daily dia 07 (2026-08-06 → 2026-08-06) 47129 bytes
2026-07-30 09:34:04,049 [INFO] [OK] Brazil/GFS_ENSEMBLE_Corn_Winter_PRCP_DEP/daily dia 08 (2026-08-07 → 2026-08-07) 47133 bytes
2026-07-30 09:34:04,178 [INFO] [OK] Brazil/GFS_ENSEMBLE_Corn_Winter_PRCP_DEP/daily dia 06 (2026-08-05 → 2026-08-05) 47703 bytes
2026-07-30 09:34:04,429 [INFO] [OK] Brazil/GFS_ENSEMBLE_Corn_Winter_PRCP_DEP/daily dia 09 (2026-08-08 → 2026-08-08) 46538 bytes
2026-07-30 09:34:04,564 [INFO] [OK] Brazil/GFS_ENSEMBLE_Corn_Winter_PRCP_DEP/daily dia 10 (2026-08-09 → 2026-08-09) 48075 bytes
2026-07-30 09:34:04,838 [INFO] [OK] Brazil/GFS_ENSEMBLE_Corn_Winter_PRCP_DEP/daily dia 11 (2026-08-10 → 2026-08-10) 48398 bytes
2026-07-30 09:34:05,691 [INFO] [OK] Brazil/GFS_ENSEMBLE_Corn_Winter_PRCP_DEP/daily dia 12 (2026-08-11 → 2026-08-11) 50496 bytes
2026-07-30 09:34:05,987 [INFO] [OK] Brazil/GFS_ENSEMBLE_Corn_Winter_PRCP_DEP/daily dia 13 (2026-08-12 → 2026-08-12) 50313 bytes
2026-07-30 09:34:06,284 [INFO] [OK] Brazil/GFS_ENSEMBLE_Corn_Winter_PRCP_DEP/cumulative dia 00 (2026-07-30 → 2026-07-30) 36694 bytes
2026-07-30 09:34:06,337 [INFO] [OK] Brazil/GFS_ENSEMBLE_Corn_Winter_PRCP_DEP/daily dia 14 (2026-08-13 → 2026-08-13) 50652 bytes
2026-07-30 09:34:06,804 [INFO] [OK] Brazil/GFS_ENSEMBLE_Corn_Winter_PRCP_DEP/cumulative dia 01 (2026-07-30 → 2026-07-31) 40359 bytes
2026-07-30 09:34:07,190 [INFO] [OK] Brazil/GFS_ENSEMBLE_Corn_Winter_PRCP_DEP/cumulative dia 02 (2026-07-30 → 2026-08-01) 43206 bytes
2026-07-30 09:34:08,583 [INFO] [OK] Brazil/GFS_ENSEMBLE_Corn_Winter_PRCP_DEP/cumulative dia 03 (2026-07-30 → 2026-08-02) 44465 bytes
2026-07-30 09:34:08,926 [INFO] [OK] Brazil/GFS_ENSEMBLE_Corn_Winter_PRCP_DEP/cumulative dia 04 (2026-07-30 → 2026-08-03) 45999 bytes
2026-07-30 09:34:09,448 [INFO] [OK] Brazil/GFS_ENSEMBLE_Corn_Winter_PRCP_DEP/cumulative dia 05 (2026-07-30 → 2026-08-04) 47426 bytes
2026-07-30 09:34:09,849 [INFO] [OK] Brazil/GFS_ENSEMBLE_Corn_Winter_PRCP_DEP/cumulative dia 06 (2026-07-30 → 2026-08-05) 48733 bytes
2026-07-30 09:34:10,736 [INFO] [OK] Brazil/GFS_ENSEMBLE_Corn_Winter_PRCP_DEP/cumulative dia 07 (2026-07-30 → 2026-08-06) 48896 bytes
2026-07-30 09:34:11,382 [INFO] [OK] Brazil/GFS_ENSEMBLE_Corn_Winter_PRCP_DEP/cumulative dia 08 (2026-07-30 → 2026-08-07) 49181 bytes
2026-07-30 09:34:13,260 [INFO] [OK] Brazil/GFS_ENSEMBLE_Corn_Winter_PRCP_DEP/cumulative dia 09 (2026-07-30 → 2026-08-08) 49884 bytes
2026-07-30 09:34:14,273 [INFO] [OK] Brazil/GFS_ENSEMBLE_Corn_Winter_PRCP_DEP/cumulative dia 10 (2026-07-30 → 2026-08-09) 50260 bytes
2026-07-30 09:34:15,663 [INFO] [OK] Brazil/GFS_ENSEMBLE_Corn_Winter_PRCP_DEP/cumulative dia 11 (2026-07-30 → 2026-08-10) 50538 bytes
2026-07-30 09:34:15,835 [INFO] [OK] Brazil/GFS_ENSEMBLE_Corn_Winter_PRCP/daily dia 00 (2026-07-30 → 2026-07-30) 28465 bytes
2026-07-30 09:34:16,271 [INFO] [OK] Brazil/GFS_ENSEMBLE_Corn_Winter_PRCP_DEP/cumulative dia 12 (2026-07-30 → 2026-08-11) 51620 bytes
2026-07-30 09:34:16,754 [INFO] [OK] Brazil/GFS_ENSEMBLE_Corn_Winter_PRCP/daily dia 01 (2026-07-31 → 2026-07-31) 30120 bytes
2026-07-30 09:34:17,731 [INFO] [OK] Brazil/GFS_ENSEMBLE_Corn_Winter_PRCP_DEP/cumulative dia 13 (2026-07-30 → 2026-08-12) 52092 bytes
2026-07-30 09:34:18,222 [INFO] [OK] Brazil/GFS_ENSEMBLE_Corn_Winter_PRCP/daily dia 02 (2026-08-01 → 2026-08-01) 29700 bytes
2026-07-30 09:34:18,308 [INFO] [OK] Brazil/GFS_ENSEMBLE_Corn_Winter_PRCP_DEP/cumulative dia 14 (2026-07-30 → 2026-08-13) 51966 bytes
2026-07-30 09:34:18,377 [INFO] [OK] Brazil/GFS_ENSEMBLE_Corn_Winter_PRCP/daily dia 03 (2026-08-02 → 2026-08-02) 29118 bytes
2026-07-30 09:34:18,834 [INFO] [OK] Brazil/GFS_ENSEMBLE_Corn_Winter_PRCP/daily dia 05 (2026-08-04 → 2026-08-04) 29882 bytes
2026-07-30 09:34:18,919 [INFO] [OK] Brazil/GFS_ENSEMBLE_Corn_Winter_PRCP/daily dia 04 (2026-08-03 → 2026-08-03) 29361 bytes
2026-07-30 09:34:20,463 [INFO] [OK] Brazil/GFS_ENSEMBLE_Corn_Winter_PRCP/daily dia 06 (2026-08-05 → 2026-08-05) 29460 bytes
2026-07-30 09:34:20,840 [INFO] [OK] Brazil/GFS_ENSEMBLE_Corn_Winter_PRCP/daily dia 07 (2026-08-06 → 2026-08-06) 28393 bytes
2026-07-30 09:34:21,048 [INFO] [OK] Brazil/GFS_ENSEMBLE_Corn_Winter_PRCP/daily dia 11 (2026-08-10 → 2026-08-10) 29423 bytes
2026-07-30 09:34:21,106 [INFO] [OK] Brazil/GFS_ENSEMBLE_Corn_Winter_PRCP/daily dia 08 (2026-08-07 → 2026-08-07) 27958 bytes
2026-07-30 09:34:21,203 [INFO] [OK] Brazil/GFS_ENSEMBLE_Corn_Winter_PRCP/daily dia 09 (2026-08-08 → 2026-08-08) 28193 bytes
2026-07-30 09:34:21,336 [INFO] [OK] Brazil/GFS_ENSEMBLE_Corn_Winter_PRCP/daily dia 10 (2026-08-09 → 2026-08-09) 28909 bytes
2026-07-30 09:34:23,169 [INFO] [OK] Brazil/GFS_ENSEMBLE_Corn_Winter_PRCP/daily dia 12 (2026-08-11 → 2026-08-11) 29209 bytes
2026-07-30 09:34:23,171 [INFO] [OK] Brazil/GFS_ENSEMBLE_Corn_Winter_PRCP/daily dia 14 (2026-08-13 → 2026-08-13) 29070 bytes
2026-07-30 09:34:23,222 [INFO] [OK] Brazil/GFS_ENSEMBLE_Corn_Winter_PRCP/daily dia 13 (2026-08-12 → 2026-08-12) 29126 bytes
2026-07-30 09:34:23,232 [INFO] [OK] Brazil/GFS_ENSEMBLE_Corn_Winter_PRCP/cumulative dia 00 (2026-07-30 → 2026-07-30) 28465 bytes
2026-07-30 09:34:24,195 [INFO] [OK] Brazil/GFS_ENSEMBLE_Corn_Winter_PRCP/cumulative dia 02 (2026-07-30 → 2026-08-01) 33439 bytes
2026-07-30 09:34:24,245 [INFO] [OK] Brazil/GFS_ENSEMBLE_Corn_Winter_PRCP/cumulative dia 01 (2026-07-30 → 2026-07-31) 31946 bytes
2026-07-30 09:34:26,497 [INFO] [OK] Brazil/GFS_ENSEMBLE_Corn_Winter_PRCP/cumulative dia 03 (2026-07-30 → 2026-08-02) 34355 bytes
2026-07-30 09:34:27,130 [INFO] [OK] Brazil/GFS_ENSEMBLE_Corn_Winter_PRCP/cumulative dia 05 (2026-07-30 → 2026-08-04) 36548 bytes
2026-07-30 09:34:27,228 [INFO] [OK] Brazil/GFS_ENSEMBLE_Corn_Winter_PRCP/cumulative dia 04 (2026-07-30 → 2026-08-03) 35393 bytes
2026-07-30 09:34:27,937 [INFO] [OK] Brazil/GFS_ENSEMBLE_Corn_Winter_PRCP/cumulative dia 06 (2026-07-30 → 2026-08-05) 37465 bytes
2026-07-30 09:34:28,757 [INFO] [OK] Brazil/GFS_ENSEMBLE_Corn_Winter_PRCP/cumulative dia 08 (2026-07-30 → 2026-08-07) 37929 bytes
2026-07-30 09:34:29,392 [INFO] [OK] Brazil/GFS_ENSEMBLE_Corn_Winter_PRCP/cumulative dia 07 (2026-07-30 → 2026-08-06) 37852 bytes
2026-07-30 09:34:32,083 [INFO] [OK] Brazil/GFS_ENSEMBLE_Corn_Winter_PRCP/cumulative dia 09 (2026-07-30 → 2026-08-08) 38443 bytes
2026-07-30 09:34:32,850 [INFO] [OK] Brazil/GFS_ENSEMBLE_Corn_Winter_PRCP/cumulative dia 10 (2026-07-30 → 2026-08-09) 39187 bytes
2026-07-30 09:34:33,192 [INFO] [OK] Brazil/GFS_ENSEMBLE_Corn_Winter_PRCP/cumulative dia 11 (2026-07-30 → 2026-08-10) 39815 bytes
2026-07-30 09:34:34,247 [INFO] [OK] Brazil/ECM_ENSEMBLE_Soy_PRCP_DEP/daily dia 00 (2026-07-30 → 2026-07-30) 47405 bytes
2026-07-30 09:34:34,881 [INFO] [OK] Brazil/GFS_ENSEMBLE_Corn_Winter_PRCP/cumulative dia 12 (2026-07-30 → 2026-08-11) 40248 bytes
2026-07-30 09:34:35,426 [INFO] [OK] Brazil/ECM_ENSEMBLE_Soy_PRCP_DEP/daily dia 01 (2026-07-31 → 2026-07-31) 46614 bytes
2026-07-30 09:34:35,547 [INFO] [OK] Brazil/GFS_ENSEMBLE_Corn_Winter_PRCP/cumulative dia 14 (2026-07-30 → 2026-08-13) 41573 bytes
2026-07-30 09:34:35,618 [INFO] [OK] Brazil/ECM_ENSEMBLE_Soy_PRCP_DEP/daily dia 02 (2026-08-01 → 2026-08-01) 46732 bytes
2026-07-30 09:34:35,749 [INFO] [OK] Brazil/GFS_ENSEMBLE_Corn_Winter_PRCP/cumulative dia 13 (2026-07-30 → 2026-08-12) 40894 bytes
2026-07-30 09:34:36,426 [INFO] [OK] Brazil/ECM_ENSEMBLE_Soy_PRCP_DEP/daily dia 03 (2026-08-02 → 2026-08-02) 46521 bytes
2026-07-30 09:34:37,152 [INFO] [OK] Brazil/ECM_ENSEMBLE_Soy_PRCP_DEP/daily dia 04 (2026-08-03 → 2026-08-03) 48304 bytes
2026-07-30 09:34:37,716 [INFO] [OK] Brazil/ECM_ENSEMBLE_Soy_PRCP_DEP/daily dia 06 (2026-08-05 → 2026-08-05) 48207 bytes
2026-07-30 09:34:37,921 [INFO] [OK] Brazil/ECM_ENSEMBLE_Soy_PRCP_DEP/daily dia 05 (2026-08-04 → 2026-08-04) 48784 bytes
2026-07-30 09:34:38,030 [INFO] [OK] Brazil/ECM_ENSEMBLE_Soy_PRCP_DEP/daily dia 07 (2026-08-06 → 2026-08-06) 51289 bytes
2026-07-30 09:34:38,030 [INFO] [OK] Brazil/ECM_ENSEMBLE_Soy_PRCP_DEP/daily dia 08 (2026-08-07 → 2026-08-07) 52411 bytes
2026-07-30 09:34:38,820 [INFO] [OK] Brazil/ECM_ENSEMBLE_Soy_PRCP_DEP/daily dia 09 (2026-08-08 → 2026-08-08) 52059 bytes
2026-07-30 09:34:39,262 [INFO] [OK] Brazil/ECM_ENSEMBLE_Soy_PRCP_DEP/daily dia 10 (2026-08-09 → 2026-08-09) 49506 bytes
2026-07-30 09:34:39,741 [INFO] [OK] Brazil/ECM_ENSEMBLE_Soy_PRCP_DEP/daily dia 11 (2026-08-10 → 2026-08-10) 50460 bytes
2026-07-30 09:34:39,958 [INFO] [OK] Brazil/ECM_ENSEMBLE_Soy_PRCP_DEP/daily dia 12 (2026-08-11 → 2026-08-11) 50865 bytes
2026-07-30 09:34:40,157 [INFO] [OK] Brazil/ECM_ENSEMBLE_Soy_PRCP_DEP/daily dia 13 (2026-08-12 → 2026-08-12) 52969 bytes
2026-07-30 09:34:40,459 [INFO] [OK] Brazil/ECM_ENSEMBLE_Soy_PRCP_DEP/daily dia 14 (2026-08-13 → 2026-08-13) 53625 bytes
2026-07-30 09:34:40,796 [INFO] [OK] Brazil/ECM_ENSEMBLE_Soy_PRCP_DEP/cumulative dia 00 (2026-07-30 → 2026-07-30) 47405 bytes
2026-07-30 09:34:41,181 [INFO] [OK] Brazil/ECM_ENSEMBLE_Soy_PRCP_DEP/cumulative dia 01 (2026-07-30 → 2026-07-31) 48900 bytes
2026-07-30 09:34:42,250 [INFO] [OK] Brazil/ECM_ENSEMBLE_Soy_PRCP_DEP/cumulative dia 02 (2026-07-30 → 2026-08-01) 49589 bytes
2026-07-30 09:34:42,524 [INFO] [OK] Brazil/ECM_ENSEMBLE_Soy_PRCP_DEP/cumulative dia 03 (2026-07-30 → 2026-08-02) 49322 bytes
2026-07-30 09:34:42,998 [INFO] [OK] Brazil/ECM_ENSEMBLE_Soy_PRCP_DEP/cumulative dia 04 (2026-07-30 → 2026-08-03) 49246 bytes
2026-07-30 09:34:43,259 [INFO] [OK] Brazil/ECM_ENSEMBLE_Soy_PRCP_DEP/cumulative dia 05 (2026-07-30 → 2026-08-04) 49392 bytes
2026-07-30 09:34:43,956 [INFO] [OK] Brazil/ECM_ENSEMBLE_Soy_PRCP_DEP/cumulative dia 06 (2026-07-30 → 2026-08-05) 50025 bytes
2026-07-30 09:34:44,304 [INFO] [OK] Brazil/ECM_ENSEMBLE_Soy_PRCP_DEP/cumulative dia 07 (2026-07-30 → 2026-08-06) 50353 bytes
2026-07-30 09:34:45,939 [INFO] [OK] Brazil/ECM_ENSEMBLE_Soy_PRCP_DEP/cumulative dia 08 (2026-07-30 → 2026-08-07) 50682 bytes
2026-07-30 09:34:46,920 [INFO] [OK] Brazil/ECM_ENSEMBLE_Soy_PRCP_DEP/cumulative dia 09 (2026-07-30 → 2026-08-08) 50909 bytes
2026-07-30 09:34:48,488 [INFO] [OK] Brazil/ECM_ENSEMBLE_Soy_PRCP_DEP/cumulative dia 11 (2026-07-30 → 2026-08-10) 51277 bytes
2026-07-30 09:34:48,499 [INFO] [OK] Brazil/ECM_ENSEMBLE_Soy_PRCP_DEP/cumulative dia 10 (2026-07-30 → 2026-08-09) 51309 bytes
2026-07-30 09:34:48,960 [INFO] [OK] Brazil/ECM_ENSEMBLE_Soy_PRCP/daily dia 00 (2026-07-30 → 2026-07-30) 30784 bytes
2026-07-30 09:34:49,222 [INFO] [OK] Brazil/ECM_ENSEMBLE_Soy_PRCP_DEP/cumulative dia 12 (2026-07-30 → 2026-08-11) 51215 bytes
2026-07-30 09:34:49,791 [INFO] [OK] Brazil/ECM_ENSEMBLE_Soy_PRCP_DEP/cumulative dia 13 (2026-07-30 → 2026-08-12) 51610 bytes
2026-07-30 09:34:50,442 [INFO] [OK] Brazil/ECM_ENSEMBLE_Soy_PRCP/daily dia 02 (2026-08-01 → 2026-08-01) 34069 bytes
2026-07-30 09:34:50,580 [INFO] [OK] Brazil/ECM_ENSEMBLE_Soy_PRCP/daily dia 01 (2026-07-31 → 2026-07-31) 32726 bytes
2026-07-30 09:34:50,880 [INFO] [OK] Brazil/ECM_ENSEMBLE_Soy_PRCP_DEP/cumulative dia 14 (2026-07-30 → 2026-08-13) 51647 bytes
2026-07-30 09:34:51,310 [INFO] [OK] Brazil/ECM_ENSEMBLE_Soy_PRCP/daily dia 03 (2026-08-02 → 2026-08-02) 31670 bytes
2026-07-30 09:34:51,388 [INFO] [OK] Brazil/ECM_ENSEMBLE_Soy_PRCP/daily dia 04 (2026-08-03 → 2026-08-03) 32228 bytes
2026-07-30 09:34:51,990 [INFO] [OK] Brazil/ECM_ENSEMBLE_Soy_PRCP/daily dia 05 (2026-08-04 → 2026-08-04) 32237 bytes
2026-07-30 09:34:52,995 [INFO] [OK] Brazil/ECM_ENSEMBLE_Soy_PRCP/daily dia 06 (2026-08-05 → 2026-08-05) 31692 bytes
2026-07-30 09:34:53,045 [INFO] [OK] Brazil/ECM_ENSEMBLE_Soy_PRCP/daily dia 10 (2026-08-09 → 2026-08-09) 30531 bytes
2026-07-30 09:34:53,129 [INFO] [OK] Brazil/ECM_ENSEMBLE_Soy_PRCP/daily dia 08 (2026-08-07 → 2026-08-07) 30860 bytes
2026-07-30 09:34:53,168 [INFO] [OK] Brazil/ECM_ENSEMBLE_Soy_PRCP/daily dia 07 (2026-08-06 → 2026-08-06) 31666 bytes
2026-07-30 09:34:53,259 [INFO] [OK] Brazil/ECM_ENSEMBLE_Soy_PRCP/daily dia 09 (2026-08-08 → 2026-08-08) 30659 bytes
2026-07-30 09:34:53,603 [INFO] [OK] Brazil/ECM_ENSEMBLE_Soy_PRCP/daily dia 11 (2026-08-10 → 2026-08-10) 30622 bytes
2026-07-30 09:34:54,951 [INFO] [OK] Brazil/ECM_ENSEMBLE_Soy_PRCP/daily dia 13 (2026-08-12 → 2026-08-12) 30500 bytes
2026-07-30 09:34:55,184 [INFO] [OK] Brazil/ECM_ENSEMBLE_Soy_PRCP/daily dia 12 (2026-08-11 → 2026-08-11) 30419 bytes
2026-07-30 09:34:55,210 [INFO] [OK] Brazil/ECM_ENSEMBLE_Soy_PRCP/daily dia 14 (2026-08-13 → 2026-08-13) 29862 bytes
2026-07-30 09:34:55,221 [INFO] [OK] Brazil/ECM_ENSEMBLE_Soy_PRCP/cumulative dia 00 (2026-07-30 → 2026-07-30) 30784 bytes
2026-07-30 09:34:55,402 [INFO] [OK] Brazil/ECM_ENSEMBLE_Soy_PRCP/cumulative dia 01 (2026-07-30 → 2026-07-31) 34756 bytes
2026-07-30 09:34:55,916 [INFO] [OK] Brazil/ECM_ENSEMBLE_Soy_PRCP/cumulative dia 02 (2026-07-30 → 2026-08-01) 37189 bytes
2026-07-30 09:34:57,730 [INFO] [OK] Brazil/ECM_ENSEMBLE_Soy_PRCP/cumulative dia 03 (2026-07-30 → 2026-08-02) 38497 bytes
2026-07-30 09:34:58,401 [INFO] [OK] Brazil/ECM_ENSEMBLE_Soy_PRCP/cumulative dia 04 (2026-07-30 → 2026-08-03) 39761 bytes
2026-07-30 09:34:58,914 [INFO] [OK] Brazil/ECM_ENSEMBLE_Soy_PRCP/cumulative dia 05 (2026-07-30 → 2026-08-04) 40937 bytes
2026-07-30 09:34:59,012 [INFO] [OK] Brazil/ECM_ENSEMBLE_Soy_PRCP/cumulative dia 06 (2026-07-30 → 2026-08-05) 41381 bytes
2026-07-30 09:34:59,332 [INFO] [OK] Brazil/ECM_ENSEMBLE_Soy_PRCP/cumulative dia 07 (2026-07-30 → 2026-08-06) 42425 bytes
2026-07-30 09:34:59,453 [INFO] [OK] Brazil/ECM_ENSEMBLE_Soy_PRCP/cumulative dia 08 (2026-07-30 → 2026-08-07) 42899 bytes
2026-07-30 09:35:01,323 [INFO] [OK] Brazil/ECM_ENSEMBLE_Soy_PRCP/cumulative dia 09 (2026-07-30 → 2026-08-08) 43256 bytes
2026-07-30 09:35:02,795 [INFO] [OK] Brazil/ECM_ENSEMBLE_Soy_PRCP/cumulative dia 10 (2026-07-30 → 2026-08-09) 43444 bytes
2026-07-30 09:35:03,847 [INFO] [OK] Brazil/ECM_ENSEMBLE_Corn_Winter_PRCP_DEP/daily dia 00 (2026-07-30 → 2026-07-30) 45839 bytes
2026-07-30 09:35:04,053 [INFO] [OK] Brazil/ECM_ENSEMBLE_Soy_PRCP/cumulative dia 12 (2026-07-30 → 2026-08-11) 43944 bytes
2026-07-30 09:35:04,218 [INFO] [OK] Brazil/ECM_ENSEMBLE_Soy_PRCP/cumulative dia 11 (2026-07-30 → 2026-08-10) 43541 bytes
2026-07-30 09:35:04,767 [INFO] [OK] Brazil/ECM_ENSEMBLE_Soy_PRCP/cumulative dia 13 (2026-07-30 → 2026-08-12) 44261 bytes
2026-07-30 09:35:05,094 [INFO] [OK] Brazil/ECM_ENSEMBLE_Soy_PRCP/cumulative dia 14 (2026-07-30 → 2026-08-13) 44682 bytes
2026-07-30 09:35:05,105 [INFO] [OK] Brazil/ECM_ENSEMBLE_Corn_Winter_PRCP_DEP/daily dia 01 (2026-07-31 → 2026-07-31) 45310 bytes
2026-07-30 09:35:06,098 [INFO] [OK] Brazil/ECM_ENSEMBLE_Corn_Winter_PRCP_DEP/daily dia 03 (2026-08-02 → 2026-08-02) 44843 bytes
2026-07-30 09:35:06,320 [INFO] [OK] Brazil/ECM_ENSEMBLE_Corn_Winter_PRCP_DEP/daily dia 02 (2026-08-01 → 2026-08-01) 45065 bytes
2026-07-30 09:35:06,722 [INFO] [OK] Brazil/ECM_ENSEMBLE_Corn_Winter_PRCP_DEP/daily dia 04 (2026-08-03 → 2026-08-03) 46653 bytes
2026-07-30 09:35:06,954 [INFO] [OK] Brazil/ECM_ENSEMBLE_Corn_Winter_PRCP_DEP/daily dia 05 (2026-08-04 → 2026-08-04) 47095 bytes
2026-07-30 09:35:07,440 [INFO] [OK] Brazil/ECM_ENSEMBLE_Corn_Winter_PRCP_DEP/daily dia 07 (2026-08-06 → 2026-08-06) 50113 bytes
2026-07-30 09:35:07,582 [INFO] [OK] Brazil/ECM_ENSEMBLE_Corn_Winter_PRCP_DEP/daily dia 06 (2026-08-05 → 2026-08-05) 46840 bytes
2026-07-30 09:35:08,307 [INFO] [OK] Brazil/ECM_ENSEMBLE_Corn_Winter_PRCP_DEP/daily dia 08 (2026-08-07 → 2026-08-07) 50925 bytes
2026-07-30 09:35:08,661 [INFO] [OK] Brazil/ECM_ENSEMBLE_Corn_Winter_PRCP_DEP/daily dia 09 (2026-08-08 → 2026-08-08) 50641 bytes
2026-07-30 09:35:08,870 [INFO] [OK] Brazil/ECM_ENSEMBLE_Corn_Winter_PRCP_DEP/daily dia 11 (2026-08-10 → 2026-08-10) 48817 bytes
2026-07-30 09:35:08,965 [INFO] [OK] Brazil/ECM_ENSEMBLE_Corn_Winter_PRCP_DEP/daily dia 10 (2026-08-09 → 2026-08-09) 48111 bytes
2026-07-30 09:35:09,363 [INFO] [OK] Brazil/ECM_ENSEMBLE_Corn_Winter_PRCP_DEP/daily dia 12 (2026-08-11 → 2026-08-11) 49339 bytes
2026-07-30 09:35:09,424 [INFO] [OK] Brazil/ECM_ENSEMBLE_Corn_Winter_PRCP_DEP/daily dia 13 (2026-08-12 → 2026-08-12) 51690 bytes
2026-07-30 09:35:10,588 [INFO] [OK] Brazil/ECM_ENSEMBLE_Corn_Winter_PRCP_DEP/daily dia 14 (2026-08-13 → 2026-08-13) 52234 bytes
2026-07-30 09:35:10,799 [INFO] [OK] Brazil/ECM_ENSEMBLE_Corn_Winter_PRCP_DEP/cumulative dia 00 (2026-07-30 → 2026-07-30) 45839 bytes
2026-07-30 09:35:11,453 [INFO] [OK] Brazil/ECM_ENSEMBLE_Corn_Winter_PRCP_DEP/cumulative dia 01 (2026-07-30 → 2026-07-31) 47607 bytes
2026-07-30 09:35:11,465 [INFO] [OK] Brazil/ECM_ENSEMBLE_Corn_Winter_PRCP_DEP/cumulative dia 02 (2026-07-30 → 2026-08-01) 48252 bytes
2026-07-30 09:35:12,080 [INFO] [OK] Brazil/ECM_ENSEMBLE_Corn_Winter_PRCP_DEP/cumulative dia 03 (2026-07-30 → 2026-08-02) 47979 bytes
2026-07-30 09:35:12,412 [INFO] [OK] Brazil/ECM_ENSEMBLE_Corn_Winter_PRCP_DEP/cumulative dia 04 (2026-07-30 → 2026-08-03) 47885 bytes
2026-07-30 09:35:13,542 [INFO] [OK] Brazil/ECM_ENSEMBLE_Corn_Winter_PRCP_DEP/cumulative dia 05 (2026-07-30 → 2026-08-04) 47981 bytes
2026-07-30 09:35:14,347 [INFO] [OK] Brazil/ECM_ENSEMBLE_Corn_Winter_PRCP_DEP/cumulative dia 06 (2026-07-30 → 2026-08-05) 48619 bytes
2026-07-30 09:35:15,262 [INFO] [OK] Brazil/ECM_ENSEMBLE_Corn_Winter_PRCP_DEP/cumulative dia 07 (2026-07-30 → 2026-08-06) 48946 bytes
2026-07-30 09:35:15,364 [INFO] [OK] Brazil/ECM_ENSEMBLE_Corn_Winter_PRCP_DEP/cumulative dia 08 (2026-07-30 → 2026-08-07) 49438 bytes
2026-07-30 09:35:16,021 [INFO] [OK] Brazil/ECM_ENSEMBLE_Corn_Winter_PRCP_DEP/cumulative dia 09 (2026-07-30 → 2026-08-08) 49845 bytes
2026-07-30 09:35:16,130 [INFO] [OK] Brazil/ECM_ENSEMBLE_Corn_Winter_PRCP_DEP/cumulative dia 10 (2026-07-30 → 2026-08-09) 50068 bytes
2026-07-30 09:35:17,929 [INFO] [OK] Brazil/ECM_ENSEMBLE_Corn_Winter_PRCP_DEP/cumulative dia 11 (2026-07-30 → 2026-08-10) 50047 bytes
2026-07-30 09:35:18,034 [INFO] [OK] Brazil/ECM_ENSEMBLE_Corn_Winter_PRCP/daily dia 00 (2026-07-30 → 2026-07-30) 29233 bytes
2026-07-30 09:35:18,264 [INFO] [OK] Brazil/ECM_ENSEMBLE_Corn_Winter_PRCP/daily dia 01 (2026-07-31 → 2026-07-31) 31130 bytes
2026-07-30 09:35:18,494 [INFO] [OK] Brazil/ECM_ENSEMBLE_Corn_Winter_PRCP_DEP/cumulative dia 12 (2026-07-30 → 2026-08-11) 49988 bytes
2026-07-30 09:35:19,939 [INFO] [OK] Brazil/ECM_ENSEMBLE_Corn_Winter_PRCP/daily dia 03 (2026-08-02 → 2026-08-02) 30237 bytes
2026-07-30 09:35:20,045 [INFO] [OK] Brazil/ECM_ENSEMBLE_Corn_Winter_PRCP_DEP/cumulative dia 13 (2026-07-30 → 2026-08-12) 50222 bytes
2026-07-30 09:35:20,422 [INFO] [OK] Brazil/ECM_ENSEMBLE_Corn_Winter_PRCP_DEP/cumulative dia 14 (2026-07-30 → 2026-08-13) 50405 bytes
2026-07-30 09:35:20,543 [INFO] [OK] Brazil/ECM_ENSEMBLE_Corn_Winter_PRCP/daily dia 02 (2026-08-01 → 2026-08-01) 32341 bytes
2026-07-30 09:35:20,619 [INFO] [OK] Brazil/ECM_ENSEMBLE_Corn_Winter_PRCP/daily dia 04 (2026-08-03 → 2026-08-03) 30545 bytes
2026-07-30 09:35:20,623 [INFO] [OK] Brazil/ECM_ENSEMBLE_Corn_Winter_PRCP/daily dia 05 (2026-08-04 → 2026-08-04) 30724 bytes
2026-07-30 09:35:21,624 [INFO] [OK] Brazil/ECM_ENSEMBLE_Corn_Winter_PRCP/daily dia 06 (2026-08-05 → 2026-08-05) 30101 bytes
2026-07-30 09:35:22,210 [INFO] [OK] Brazil/ECM_ENSEMBLE_Corn_Winter_PRCP/daily dia 07 (2026-08-06 → 2026-08-06) 30062 bytes
2026-07-30 09:35:22,341 [INFO] [OK] Brazil/ECM_ENSEMBLE_Corn_Winter_PRCP/daily dia 08 (2026-08-07 → 2026-08-07) 29428 bytes
2026-07-30 09:35:22,547 [INFO] [OK] Brazil/ECM_ENSEMBLE_Corn_Winter_PRCP/daily dia 09 (2026-08-08 → 2026-08-08) 29119 bytes
2026-07-30 09:35:22,671 [INFO] [OK] Brazil/ECM_ENSEMBLE_Corn_Winter_PRCP/daily dia 10 (2026-08-09 → 2026-08-09) 29102 bytes
2026-07-30 09:35:23,056 [INFO] [OK] Brazil/ECM_ENSEMBLE_Corn_Winter_PRCP/daily dia 11 (2026-08-10 → 2026-08-10) 29114 bytes
2026-07-30 09:35:23,461 [INFO] [OK] Brazil/ECM_ENSEMBLE_Corn_Winter_PRCP/daily dia 12 (2026-08-11 → 2026-08-11) 29122 bytes
2026-07-30 09:35:24,040 [INFO] [OK] Brazil/ECM_ENSEMBLE_Corn_Winter_PRCP/daily dia 13 (2026-08-12 → 2026-08-12) 29051 bytes
2026-07-30 09:35:24,277 [INFO] [OK] Brazil/ECM_ENSEMBLE_Corn_Winter_PRCP/cumulative dia 00 (2026-07-30 → 2026-07-30) 29233 bytes
2026-07-30 09:35:24,444 [INFO] [OK] Brazil/ECM_ENSEMBLE_Corn_Winter_PRCP/daily dia 14 (2026-08-13 → 2026-08-13) 28469 bytes
2026-07-30 09:35:24,750 [INFO] [OK] Brazil/ECM_ENSEMBLE_Corn_Winter_PRCP/cumulative dia 01 (2026-07-30 → 2026-07-31) 33021 bytes
2026-07-30 09:35:24,914 [INFO] [OK] Brazil/ECM_ENSEMBLE_Corn_Winter_PRCP/cumulative dia 02 (2026-07-30 → 2026-08-01) 35340 bytes
2026-07-30 09:35:25,254 [INFO] [OK] Brazil/ECM_ENSEMBLE_Corn_Winter_PRCP/cumulative dia 03 (2026-07-30 → 2026-08-02) 36559 bytes
2026-07-30 09:35:25,825 [INFO] [OK] Brazil/ECM_ENSEMBLE_Corn_Winter_PRCP/cumulative dia 04 (2026-07-30 → 2026-08-03) 37922 bytes
2026-07-30 09:35:26,077 [INFO] [OK] Brazil/ECM_ENSEMBLE_Corn_Winter_PRCP/cumulative dia 05 (2026-07-30 → 2026-08-04) 39037 bytes
2026-07-30 09:35:26,350 [INFO] [OK] Brazil/ECM_ENSEMBLE_Corn_Winter_PRCP/cumulative dia 06 (2026-07-30 → 2026-08-05) 39367 bytes
2026-07-30 09:35:26,809 [INFO] [OK] Brazil/ECM_ENSEMBLE_Corn_Winter_PRCP/cumulative dia 07 (2026-07-30 → 2026-08-06) 40456 bytes
2026-07-30 09:35:26,966 [INFO] [OK] Brazil/ECM_ENSEMBLE_Corn_Winter_PRCP/cumulative dia 08 (2026-07-30 → 2026-08-07) 41023 bytes
2026-07-30 09:35:27,324 [INFO] [OK] Brazil/ECM_ENSEMBLE_Corn_Winter_PRCP/cumulative dia 09 (2026-07-30 → 2026-08-08) 41495 bytes
2026-07-30 09:35:28,061 [INFO] [OK] Brazil/ECM_ENSEMBLE_Corn_Winter_PRCP/cumulative dia 10 (2026-07-30 → 2026-08-09) 41792 bytes
2026-07-30 09:35:28,422 [INFO] [OK] Argentina/GFS_ENSEMBLE_Soy_PRCP_DEP/daily dia 00 (2026-07-30 → 2026-07-30) 33193 bytes
2026-07-30 09:35:28,583 [INFO] [OK] Brazil/ECM_ENSEMBLE_Corn_Winter_PRCP/cumulative dia 11 (2026-07-30 → 2026-08-10) 41969 bytes
2026-07-30 09:35:29,041 [INFO] [OK] Brazil/ECM_ENSEMBLE_Corn_Winter_PRCP/cumulative dia 12 (2026-07-30 → 2026-08-11) 42305 bytes
2026-07-30 09:35:29,132 [INFO] [OK] Argentina/GFS_ENSEMBLE_Soy_PRCP_DEP/daily dia 01 (2026-07-31 → 2026-07-31) 34616 bytes
2026-07-30 09:35:29,665 [INFO] [OK] Argentina/GFS_ENSEMBLE_Soy_PRCP_DEP/daily dia 03 (2026-08-02 → 2026-08-02) 38533 bytes
2026-07-30 09:35:29,711 [INFO] [OK] Brazil/ECM_ENSEMBLE_Corn_Winter_PRCP/cumulative dia 13 (2026-07-30 → 2026-08-12) 42636 bytes
2026-07-30 09:35:29,741 [INFO] [OK] Argentina/GFS_ENSEMBLE_Soy_PRCP_DEP/daily dia 02 (2026-08-01 → 2026-08-01) 36877 bytes
2026-07-30 09:35:29,957 [INFO] [OK] Brazil/ECM_ENSEMBLE_Corn_Winter_PRCP/cumulative dia 14 (2026-07-30 → 2026-08-13) 43064 bytes
2026-07-30 09:35:30,169 [INFO] [OK] Argentina/GFS_ENSEMBLE_Soy_PRCP_DEP/daily dia 05 (2026-08-04 → 2026-08-04) 37634 bytes
2026-07-30 09:35:30,267 [INFO] [OK] Argentina/GFS_ENSEMBLE_Soy_PRCP_DEP/daily dia 04 (2026-08-03 → 2026-08-03) 39471 bytes
2026-07-30 09:35:30,821 [INFO] [OK] Argentina/GFS_ENSEMBLE_Soy_PRCP_DEP/daily dia 08 (2026-08-07 → 2026-08-07) 42244 bytes
2026-07-30 09:35:30,866 [INFO] [OK] Argentina/GFS_ENSEMBLE_Soy_PRCP_DEP/daily dia 06 (2026-08-05 → 2026-08-05) 43154 bytes
2026-07-30 09:35:30,961 [INFO] [OK] Argentina/GFS_ENSEMBLE_Soy_PRCP_DEP/daily dia 07 (2026-08-06 → 2026-08-06) 42849 bytes
2026-07-30 09:35:30,993 [INFO] [OK] Argentina/GFS_ENSEMBLE_Soy_PRCP_DEP/daily dia 09 (2026-08-08 → 2026-08-08) 39862 bytes
2026-07-30 09:35:31,299 [INFO] [OK] Argentina/GFS_ENSEMBLE_Soy_PRCP_DEP/daily dia 10 (2026-08-09 → 2026-08-09) 41680 bytes
2026-07-30 09:35:31,336 [INFO] [OK] Argentina/GFS_ENSEMBLE_Soy_PRCP_DEP/daily dia 11 (2026-08-10 → 2026-08-10) 42557 bytes
2026-07-30 09:35:31,970 [INFO] [OK] Argentina/GFS_ENSEMBLE_Soy_PRCP_DEP/daily dia 12 (2026-08-11 → 2026-08-11) 44175 bytes
2026-07-30 09:35:31,983 [INFO] [OK] Argentina/GFS_ENSEMBLE_Soy_PRCP_DEP/daily dia 13 (2026-08-12 → 2026-08-12) 43380 bytes
2026-07-30 09:35:32,066 [INFO] [OK] Argentina/GFS_ENSEMBLE_Soy_PRCP_DEP/daily dia 14 (2026-08-13 → 2026-08-13) 44289 bytes
2026-07-30 09:35:32,094 [INFO] [OK] Argentina/GFS_ENSEMBLE_Soy_PRCP_DEP/cumulative dia 00 (2026-07-30 → 2026-07-30) 33193 bytes
2026-07-30 09:35:32,496 [INFO] [OK] Argentina/GFS_ENSEMBLE_Soy_PRCP_DEP/cumulative dia 01 (2026-07-30 → 2026-07-31) 35883 bytes
2026-07-30 09:35:32,499 [INFO] [OK] Argentina/GFS_ENSEMBLE_Soy_PRCP_DEP/cumulative dia 02 (2026-07-30 → 2026-08-01) 38392 bytes
2026-07-30 09:35:33,215 [INFO] [OK] Argentina/GFS_ENSEMBLE_Soy_PRCP_DEP/cumulative dia 03 (2026-07-30 → 2026-08-02) 38976 bytes
2026-07-30 09:35:33,238 [INFO] [OK] Argentina/GFS_ENSEMBLE_Soy_PRCP_DEP/cumulative dia 04 (2026-07-30 → 2026-08-03) 39898 bytes
2026-07-30 09:35:33,461 [INFO] [OK] Argentina/GFS_ENSEMBLE_Soy_PRCP_DEP/cumulative dia 05 (2026-07-30 → 2026-08-04) 40134 bytes
2026-07-30 09:35:33,527 [INFO] [OK] Argentina/GFS_ENSEMBLE_Soy_PRCP_DEP/cumulative dia 06 (2026-07-30 → 2026-08-05) 42285 bytes
2026-07-30 09:35:33,921 [INFO] [OK] Argentina/GFS_ENSEMBLE_Soy_PRCP_DEP/cumulative dia 07 (2026-07-30 → 2026-08-06) 43032 bytes
2026-07-30 09:35:34,035 [INFO] [OK] Argentina/GFS_ENSEMBLE_Soy_PRCP_DEP/cumulative dia 08 (2026-07-30 → 2026-08-07) 43213 bytes
2026-07-30 09:35:34,809 [INFO] [OK] Argentina/GFS_ENSEMBLE_Soy_PRCP_DEP/cumulative dia 09 (2026-07-30 → 2026-08-08) 43464 bytes
2026-07-30 09:35:34,899 [INFO] [OK] Argentina/GFS_ENSEMBLE_Soy_PRCP_DEP/cumulative dia 10 (2026-07-30 → 2026-08-09) 43656 bytes
2026-07-30 09:35:35,281 [INFO] [OK] Argentina/GFS_ENSEMBLE_Soy_PRCP_DEP/cumulative dia 11 (2026-07-30 → 2026-08-10) 44438 bytes
2026-07-30 09:35:35,349 [INFO] [OK] Argentina/GFS_ENSEMBLE_Soy_PRCP_DEP/cumulative dia 12 (2026-07-30 → 2026-08-11) 45705 bytes
2026-07-30 09:35:35,946 [INFO] [OK] Argentina/GFS_ENSEMBLE_Soy_PRCP_DEP/cumulative dia 13 (2026-07-30 → 2026-08-12) 45846 bytes
2026-07-30 09:35:35,950 [INFO] [OK] Argentina/GFS_ENSEMBLE_Soy_PRCP/daily dia 00 (2026-07-30 → 2026-07-30) 28078 bytes
2026-07-30 09:35:35,953 [INFO] [OK] Argentina/GFS_ENSEMBLE_Soy_PRCP/daily dia 01 (2026-07-31 → 2026-07-31) 29814 bytes
2026-07-30 09:35:36,129 [INFO] [OK] Argentina/GFS_ENSEMBLE_Soy_PRCP_DEP/cumulative dia 14 (2026-07-30 → 2026-08-13) 45413 bytes
2026-07-30 09:35:36,376 [INFO] [OK] Argentina/GFS_ENSEMBLE_Soy_PRCP/daily dia 02 (2026-08-01 → 2026-08-01) 28915 bytes
2026-07-30 09:35:36,444 [INFO] [OK] Argentina/GFS_ENSEMBLE_Soy_PRCP/daily dia 03 (2026-08-02 → 2026-08-02) 28215 bytes
2026-07-30 09:35:37,122 [INFO] [OK] Argentina/GFS_ENSEMBLE_Soy_PRCP/daily dia 06 (2026-08-05 → 2026-08-05) 27944 bytes
2026-07-30 09:35:37,133 [INFO] [OK] Argentina/GFS_ENSEMBLE_Soy_PRCP/daily dia 04 (2026-08-03 → 2026-08-03) 27819 bytes
2026-07-30 09:35:37,256 [INFO] [OK] Argentina/GFS_ENSEMBLE_Soy_PRCP/daily dia 05 (2026-08-04 → 2026-08-04) 28755 bytes
2026-07-30 09:35:37,371 [INFO] [OK] Argentina/GFS_ENSEMBLE_Soy_PRCP/daily dia 07 (2026-08-06 → 2026-08-06) 27451 bytes
2026-07-30 09:35:37,466 [INFO] [OK] Argentina/GFS_ENSEMBLE_Soy_PRCP/daily dia 08 (2026-08-07 → 2026-08-07) 26942 bytes
2026-07-30 09:35:37,532 [INFO] [OK] Argentina/GFS_ENSEMBLE_Soy_PRCP/daily dia 09 (2026-08-08 → 2026-08-08) 26404 bytes
2026-07-30 09:35:38,121 [INFO] [OK] Argentina/GFS_ENSEMBLE_Soy_PRCP/daily dia 11 (2026-08-10 → 2026-08-10) 27918 bytes
2026-07-30 09:35:38,254 [INFO] [OK] Argentina/GFS_ENSEMBLE_Soy_PRCP/daily dia 10 (2026-08-09 → 2026-08-09) 27233 bytes
2026-07-30 09:35:38,303 [INFO] [OK] Argentina/GFS_ENSEMBLE_Soy_PRCP/daily dia 12 (2026-08-11 → 2026-08-11) 27763 bytes
2026-07-30 09:35:38,390 [INFO] [OK] Argentina/GFS_ENSEMBLE_Soy_PRCP/daily dia 13 (2026-08-12 → 2026-08-12) 27869 bytes
2026-07-30 09:35:38,514 [INFO] [OK] Argentina/GFS_ENSEMBLE_Soy_PRCP/cumulative dia 00 (2026-07-30 → 2026-07-30) 28078 bytes
2026-07-30 09:35:38,564 [INFO] [OK] Argentina/GFS_ENSEMBLE_Soy_PRCP/daily dia 14 (2026-08-13 → 2026-08-13) 28111 bytes
2026-07-30 09:35:39,229 [INFO] [OK] Argentina/GFS_ENSEMBLE_Soy_PRCP/cumulative dia 01 (2026-07-30 → 2026-07-31) 31252 bytes
2026-07-30 09:35:39,424 [INFO] [OK] Argentina/GFS_ENSEMBLE_Soy_PRCP/cumulative dia 02 (2026-07-30 → 2026-08-01) 32025 bytes
2026-07-30 09:35:39,529 [INFO] [OK] Argentina/GFS_ENSEMBLE_Soy_PRCP/cumulative dia 03 (2026-07-30 → 2026-08-02) 32649 bytes
2026-07-30 09:35:39,691 [INFO] [OK] Argentina/GFS_ENSEMBLE_Soy_PRCP/cumulative dia 04 (2026-07-30 → 2026-08-03) 33744 bytes
2026-07-30 09:35:39,784 [INFO] [OK] Argentina/GFS_ENSEMBLE_Soy_PRCP/cumulative dia 05 (2026-07-30 → 2026-08-04) 34446 bytes
2026-07-30 09:35:39,872 [INFO] [OK] Argentina/GFS_ENSEMBLE_Soy_PRCP/cumulative dia 06 (2026-07-30 → 2026-08-05) 34734 bytes
2026-07-30 09:35:40,603 [INFO] [OK] Argentina/GFS_ENSEMBLE_Soy_PRCP/cumulative dia 07 (2026-07-30 → 2026-08-06) 35448 bytes
2026-07-30 09:35:40,900 [INFO] [OK] Argentina/GFS_ENSEMBLE_Soy_PRCP/cumulative dia 08 (2026-07-30 → 2026-08-07) 35323 bytes
2026-07-30 09:35:41,059 [INFO] [OK] Argentina/GFS_ENSEMBLE_Soy_PRCP/cumulative dia 09 (2026-07-30 → 2026-08-08) 35289 bytes
2026-07-30 09:35:41,357 [INFO] [OK] Argentina/GFS_ENSEMBLE_Soy_PRCP/cumulative dia 10 (2026-07-30 → 2026-08-09) 35830 bytes
2026-07-30 09:35:41,431 [INFO] [OK] Argentina/GFS_ENSEMBLE_Soy_PRCP/cumulative dia 11 (2026-07-30 → 2026-08-10) 36199 bytes
2026-07-30 09:35:41,525 [INFO] [OK] Argentina/GFS_ENSEMBLE_Soy_PRCP/cumulative dia 12 (2026-07-30 → 2026-08-11) 36575 bytes
2026-07-30 09:35:42,090 [INFO] [OK] Argentina/GFS_ENSEMBLE_Corn_Winter_PRCP_DEP/daily dia 00 (2026-07-30 → 2026-07-30) 31528 bytes
2026-07-30 09:35:42,212 [INFO] [OK] Argentina/GFS_ENSEMBLE_Soy_PRCP/cumulative dia 13 (2026-07-30 → 2026-08-12) 37038 bytes
2026-07-30 09:35:42,393 [INFO] [OK] Argentina/GFS_ENSEMBLE_Corn_Winter_PRCP_DEP/daily dia 01 (2026-07-31 → 2026-07-31) 33031 bytes
2026-07-30 09:35:42,533 [INFO] [OK] Argentina/GFS_ENSEMBLE_Corn_Winter_PRCP_DEP/daily dia 02 (2026-08-01 → 2026-08-01) 35055 bytes
2026-07-30 09:35:42,549 [INFO] [OK] Argentina/GFS_ENSEMBLE_Soy_PRCP/cumulative dia 14 (2026-07-30 → 2026-08-13) 37197 bytes
2026-07-30 09:35:42,640 [INFO] [OK] Argentina/GFS_ENSEMBLE_Corn_Winter_PRCP_DEP/daily dia 03 (2026-08-02 → 2026-08-02) 36583 bytes
2026-07-30 09:35:43,175 [INFO] [OK] Argentina/GFS_ENSEMBLE_Corn_Winter_PRCP_DEP/daily dia 04 (2026-08-03 → 2026-08-03) 37517 bytes
2026-07-30 09:35:43,336 [INFO] [OK] Argentina/GFS_ENSEMBLE_Corn_Winter_PRCP_DEP/daily dia 05 (2026-08-04 → 2026-08-04) 35701 bytes
2026-07-30 09:35:43,397 [INFO] [OK] Argentina/GFS_ENSEMBLE_Corn_Winter_PRCP_DEP/daily dia 06 (2026-08-05 → 2026-08-05) 41729 bytes
2026-07-30 09:35:43,615 [INFO] [OK] Argentina/GFS_ENSEMBLE_Corn_Winter_PRCP_DEP/daily dia 07 (2026-08-06 → 2026-08-06) 41243 bytes
2026-07-30 09:35:43,688 [INFO] [OK] Argentina/GFS_ENSEMBLE_Corn_Winter_PRCP_DEP/daily dia 09 (2026-08-08 → 2026-08-08) 38006 bytes
2026-07-30 09:35:43,690 [INFO] [OK] Argentina/GFS_ENSEMBLE_Corn_Winter_PRCP_DEP/daily dia 08 (2026-08-07 → 2026-08-07) 40261 bytes
2026-07-30 09:35:44,350 [INFO] [OK] Argentina/GFS_ENSEMBLE_Corn_Winter_PRCP_DEP/daily dia 10 (2026-08-09 → 2026-08-09) 39784 bytes
2026-07-30 09:35:44,405 [INFO] [OK] Argentina/GFS_ENSEMBLE_Corn_Winter_PRCP_DEP/daily dia 11 (2026-08-10 → 2026-08-10) 41019 bytes
2026-07-30 09:35:44,640 [INFO] [OK] Argentina/GFS_ENSEMBLE_Corn_Winter_PRCP_DEP/daily dia 12 (2026-08-11 → 2026-08-11) 42392 bytes
2026-07-30 09:35:44,740 [INFO] [OK] Argentina/GFS_ENSEMBLE_Corn_Winter_PRCP_DEP/daily dia 13 (2026-08-12 → 2026-08-12) 41743 bytes
2026-07-30 09:35:44,758 [INFO] [OK] Argentina/GFS_ENSEMBLE_Corn_Winter_PRCP_DEP/cumulative dia 00 (2026-07-30 → 2026-07-30) 31528 bytes
2026-07-30 09:35:44,985 [INFO] [OK] Argentina/GFS_ENSEMBLE_Corn_Winter_PRCP_DEP/daily dia 14 (2026-08-13 → 2026-08-13) 42739 bytes
2026-07-30 09:35:45,371 [INFO] [OK] Argentina/GFS_ENSEMBLE_Corn_Winter_PRCP_DEP/cumulative dia 01 (2026-07-30 → 2026-07-31) 34450 bytes
2026-07-30 09:35:45,556 [INFO] [OK] Argentina/GFS_ENSEMBLE_Corn_Winter_PRCP_DEP/cumulative dia 02 (2026-07-30 → 2026-08-01) 36772 bytes
2026-07-30 09:35:45,875 [INFO] [OK] Argentina/GFS_ENSEMBLE_Corn_Winter_PRCP_DEP/cumulative dia 03 (2026-07-30 → 2026-08-02) 37418 bytes
2026-07-30 09:35:46,024 [INFO] [OK] Argentina/GFS_ENSEMBLE_Corn_Winter_PRCP_DEP/cumulative dia 04 (2026-07-30 → 2026-08-03) 38261 bytes
2026-07-30 09:35:46,158 [INFO] [OK] Argentina/GFS_ENSEMBLE_Corn_Winter_PRCP_DEP/cumulative dia 05 (2026-07-30 → 2026-08-04) 38499 bytes
2026-07-30 09:35:46,362 [INFO] [OK] Argentina/GFS_ENSEMBLE_Corn_Winter_PRCP_DEP/cumulative dia 06 (2026-07-30 → 2026-08-05) 40596 bytes
2026-07-30 09:35:46,745 [INFO] [OK] Argentina/GFS_ENSEMBLE_Corn_Winter_PRCP_DEP/cumulative dia 07 (2026-07-30 → 2026-08-06) 41249 bytes
2026-07-30 09:35:47,491 [INFO] [OK] Argentina/GFS_ENSEMBLE_Corn_Winter_PRCP_DEP/cumulative dia 09 (2026-07-30 → 2026-08-08) 41769 bytes
2026-07-30 09:35:47,624 [INFO] [OK] Argentina/GFS_ENSEMBLE_Corn_Winter_PRCP_DEP/cumulative dia 08 (2026-07-30 → 2026-08-07) 41468 bytes
2026-07-30 09:35:47,834 [INFO] [OK] Argentina/GFS_ENSEMBLE_Corn_Winter_PRCP_DEP/cumulative dia 10 (2026-07-30 → 2026-08-09) 42102 bytes
2026-07-30 09:35:48,094 [INFO] [OK] Argentina/GFS_ENSEMBLE_Corn_Winter_PRCP_DEP/cumulative dia 11 (2026-07-30 → 2026-08-10) 42904 bytes
2026-07-30 09:35:48,384 [INFO] [OK] Argentina/GFS_ENSEMBLE_Corn_Winter_PRCP_DEP/cumulative dia 12 (2026-07-30 → 2026-08-11) 44188 bytes
2026-07-30 09:35:48,604 [INFO] [OK] Argentina/GFS_ENSEMBLE_Corn_Winter_PRCP_DEP/cumulative dia 13 (2026-07-30 → 2026-08-12) 44173 bytes
2026-07-30 09:35:48,894 [INFO] [OK] Argentina/GFS_ENSEMBLE_Corn_Winter_PRCP/daily dia 00 (2026-07-30 → 2026-07-30) 26231 bytes
2026-07-30 09:35:48,938 [INFO] [OK] Argentina/GFS_ENSEMBLE_Corn_Winter_PRCP/daily dia 01 (2026-07-31 → 2026-07-31) 27803 bytes
2026-07-30 09:35:49,162 [INFO] [OK] Argentina/GFS_ENSEMBLE_Corn_Winter_PRCP/daily dia 02 (2026-08-01 → 2026-08-01) 26886 bytes
2026-07-30 09:35:49,220 [INFO] [OK] Argentina/GFS_ENSEMBLE_Corn_Winter_PRCP_DEP/cumulative dia 14 (2026-07-30 → 2026-08-13) 43775 bytes
2026-07-30 09:35:49,527 [INFO] [OK] Argentina/GFS_ENSEMBLE_Corn_Winter_PRCP/daily dia 03 (2026-08-02 → 2026-08-02) 26249 bytes
2026-07-30 09:35:49,612 [INFO] [OK] Argentina/GFS_ENSEMBLE_Corn_Winter_PRCP/daily dia 04 (2026-08-03 → 2026-08-03) 25942 bytes
2026-07-30 09:35:49,907 [INFO] [OK] Argentina/GFS_ENSEMBLE_Corn_Winter_PRCP/daily dia 05 (2026-08-04 → 2026-08-04) 26832 bytes
2026-07-30 09:35:50,064 [INFO] [OK] Argentina/GFS_ENSEMBLE_Corn_Winter_PRCP/daily dia 06 (2026-08-05 → 2026-08-05) 26189 bytes
2026-07-30 09:35:50,137 [INFO] [OK] Argentina/GFS_ENSEMBLE_Corn_Winter_PRCP/daily dia 07 (2026-08-06 → 2026-08-06) 25527 bytes
2026-07-30 09:35:50,268 [INFO] [OK] Argentina/GFS_ENSEMBLE_Corn_Winter_PRCP/daily dia 08 (2026-08-07 → 2026-08-07) 25049 bytes
2026-07-30 09:35:50,552 [INFO] [OK] Argentina/GFS_ENSEMBLE_Corn_Winter_PRCP/daily dia 09 (2026-08-08 → 2026-08-08) 24581 bytes
2026-07-30 09:35:50,577 [INFO] [OK] Argentina/GFS_ENSEMBLE_Corn_Winter_PRCP/daily dia 10 (2026-08-09 → 2026-08-09) 25480 bytes
2026-07-30 09:35:51,001 [INFO] [OK] Argentina/GFS_ENSEMBLE_Corn_Winter_PRCP/daily dia 11 (2026-08-10 → 2026-08-10) 26086 bytes
2026-07-30 09:35:51,119 [INFO] [OK] Argentina/GFS_ENSEMBLE_Corn_Winter_PRCP/daily dia 13 (2026-08-12 → 2026-08-12) 26081 bytes
2026-07-30 09:35:51,124 [INFO] [OK] Argentina/GFS_ENSEMBLE_Corn_Winter_PRCP/daily dia 12 (2026-08-11 → 2026-08-11) 26010 bytes
2026-07-30 09:35:51,269 [INFO] [OK] Argentina/GFS_ENSEMBLE_Corn_Winter_PRCP/daily dia 14 (2026-08-13 → 2026-08-13) 26352 bytes
2026-07-30 09:35:51,591 [INFO] [OK] Argentina/GFS_ENSEMBLE_Corn_Winter_PRCP/cumulative dia 00 (2026-07-30 → 2026-07-30) 26231 bytes
2026-07-30 09:35:51,684 [INFO] [OK] Argentina/GFS_ENSEMBLE_Corn_Winter_PRCP/cumulative dia 01 (2026-07-30 → 2026-07-31) 29375 bytes
2026-07-30 09:35:52,083 [INFO] [OK] Argentina/GFS_ENSEMBLE_Corn_Winter_PRCP/cumulative dia 02 (2026-07-30 → 2026-08-01) 30022 bytes
2026-07-30 09:35:52,234 [INFO] [OK] Argentina/GFS_ENSEMBLE_Corn_Winter_PRCP/cumulative dia 03 (2026-07-30 → 2026-08-02) 30516 bytes
2026-07-30 09:35:52,329 [INFO] [OK] Argentina/GFS_ENSEMBLE_Corn_Winter_PRCP/cumulative dia 04 (2026-07-30 → 2026-08-03) 31677 bytes
2026-07-30 09:35:52,480 [INFO] [OK] Argentina/GFS_ENSEMBLE_Corn_Winter_PRCP/cumulative dia 05 (2026-07-30 → 2026-08-04) 32289 bytes
2026-07-30 09:35:52,907 [INFO] [OK] Argentina/GFS_ENSEMBLE_Corn_Winter_PRCP/cumulative dia 06 (2026-07-30 → 2026-08-05) 32445 bytes
2026-07-30 09:35:53,078 [INFO] [OK] Argentina/GFS_ENSEMBLE_Corn_Winter_PRCP/cumulative dia 07 (2026-07-30 → 2026-08-06) 33145 bytes
2026-07-30 09:35:53,541 [INFO] [OK] Argentina/GFS_ENSEMBLE_Corn_Winter_PRCP/cumulative dia 08 (2026-07-30 → 2026-08-07) 33098 bytes
2026-07-30 09:35:53,818 [INFO] [OK] Argentina/GFS_ENSEMBLE_Corn_Winter_PRCP/cumulative dia 09 (2026-07-30 → 2026-08-08) 33223 bytes
2026-07-30 09:35:54,121 [INFO] [OK] Argentina/GFS_ENSEMBLE_Corn_Winter_PRCP/cumulative dia 10 (2026-07-30 → 2026-08-09) 33687 bytes
2026-07-30 09:35:54,247 [INFO] [OK] Argentina/GFS_ENSEMBLE_Corn_Winter_PRCP/cumulative dia 11 (2026-07-30 → 2026-08-10) 34281 bytes
2026-07-30 09:35:54,436 [INFO] [OK] Argentina/GFS_ENSEMBLE_Corn_Winter_PRCP/cumulative dia 12 (2026-07-30 → 2026-08-11) 34747 bytes
2026-07-30 09:35:54,711 [INFO] [OK] Argentina/GFS_ENSEMBLE_Corn_Winter_PRCP/cumulative dia 13 (2026-07-30 → 2026-08-12) 35244 bytes
2026-07-30 09:35:54,876 [INFO] [OK] Argentina/ECM_ENSEMBLE_Soy_PRCP_DEP/daily dia 00 (2026-07-30 → 2026-07-30) 39892 bytes
2026-07-30 09:35:55,280 [INFO] [OK] Argentina/GFS_ENSEMBLE_Corn_Winter_PRCP/cumulative dia 14 (2026-07-30 → 2026-08-13) 35433 bytes
2026-07-30 09:35:55,311 [INFO] [OK] Argentina/ECM_ENSEMBLE_Soy_PRCP_DEP/daily dia 01 (2026-07-31 → 2026-07-31) 38370 bytes
2026-07-30 09:35:55,447 [INFO] [OK] Argentina/ECM_ENSEMBLE_Soy_PRCP_DEP/daily dia 02 (2026-08-01 → 2026-08-01) 39331 bytes
2026-07-30 09:35:55,577 [INFO] [OK] Argentina/ECM_ENSEMBLE_Soy_PRCP_DEP/daily dia 03 (2026-08-02 → 2026-08-02) 37586 bytes
2026-07-30 09:35:55,740 [INFO] [OK] Argentina/ECM_ENSEMBLE_Soy_PRCP_DEP/daily dia 04 (2026-08-03 → 2026-08-03) 40845 bytes
2026-07-30 09:35:55,951 [INFO] [OK] Argentina/ECM_ENSEMBLE_Soy_PRCP_DEP/daily dia 05 (2026-08-04 → 2026-08-04) 40695 bytes
2026-07-30 09:35:56,328 [INFO] [OK] Argentina/ECM_ENSEMBLE_Soy_PRCP_DEP/daily dia 06 (2026-08-05 → 2026-08-05) 39594 bytes
2026-07-30 09:35:56,357 [INFO] [OK] Argentina/ECM_ENSEMBLE_Soy_PRCP_DEP/daily dia 07 (2026-08-06 → 2026-08-06) 42243 bytes
2026-07-30 09:35:56,527 [INFO] [OK] Argentina/ECM_ENSEMBLE_Soy_PRCP_DEP/daily dia 08 (2026-08-07 → 2026-08-07) 45459 bytes
2026-07-30 09:35:56,705 [INFO] [OK] Argentina/ECM_ENSEMBLE_Soy_PRCP_DEP/daily dia 09 (2026-08-08 → 2026-08-08) 44145 bytes
2026-07-30 09:35:56,774 [INFO] [OK] Argentina/ECM_ENSEMBLE_Soy_PRCP_DEP/daily dia 10 (2026-08-09 → 2026-08-09) 42861 bytes
2026-07-30 09:35:56,996 [INFO] [OK] Argentina/ECM_ENSEMBLE_Soy_PRCP_DEP/daily dia 11 (2026-08-10 → 2026-08-10) 43338 bytes
2026-07-30 09:35:57,532 [INFO] [OK] Argentina/ECM_ENSEMBLE_Soy_PRCP_DEP/daily dia 12 (2026-08-11 → 2026-08-11) 42708 bytes
2026-07-30 09:35:57,595 [INFO] [OK] Argentina/ECM_ENSEMBLE_Soy_PRCP_DEP/daily dia 13 (2026-08-12 → 2026-08-12) 44109 bytes
2026-07-30 09:35:57,644 [INFO] [OK] Argentina/ECM_ENSEMBLE_Soy_PRCP_DEP/daily dia 14 (2026-08-13 → 2026-08-13) 44377 bytes
2026-07-30 09:35:57,811 [INFO] [OK] Argentina/ECM_ENSEMBLE_Soy_PRCP_DEP/cumulative dia 00 (2026-07-30 → 2026-07-30) 39892 bytes
2026-07-30 09:35:57,907 [INFO] [OK] Argentina/ECM_ENSEMBLE_Soy_PRCP_DEP/cumulative dia 01 (2026-07-30 → 2026-07-31) 41052 bytes
2026-07-30 09:35:58,175 [INFO] [OK] Argentina/ECM_ENSEMBLE_Soy_PRCP_DEP/cumulative dia 02 (2026-07-30 → 2026-08-01) 40809 bytes
2026-07-30 09:35:58,823 [INFO] [OK] Argentina/ECM_ENSEMBLE_Soy_PRCP_DEP/cumulative dia 03 (2026-07-30 → 2026-08-02) 40692 bytes
2026-07-30 09:35:58,980 [INFO] [OK] Argentina/ECM_ENSEMBLE_Soy_PRCP_DEP/cumulative dia 05 (2026-07-30 → 2026-08-04) 40109 bytes
2026-07-30 09:35:59,203 [INFO] [OK] Argentina/ECM_ENSEMBLE_Soy_PRCP_DEP/cumulative dia 06 (2026-07-30 → 2026-08-05) 39958 bytes
2026-07-30 09:35:59,206 [INFO] [OK] Argentina/ECM_ENSEMBLE_Soy_PRCP_DEP/cumulative dia 04 (2026-07-30 → 2026-08-03) 40141 bytes
2026-07-30 09:35:59,396 [INFO] [OK] Argentina/ECM_ENSEMBLE_Soy_PRCP_DEP/cumulative dia 07 (2026-07-30 → 2026-08-06) 40541 bytes
2026-07-30 09:35:59,595 [INFO] [OK] Argentina/ECM_ENSEMBLE_Soy_PRCP_DEP/cumulative dia 08 (2026-07-30 → 2026-08-07) 41166 bytes
2026-07-30 09:36:00,446 [INFO] [OK] Argentina/ECM_ENSEMBLE_Soy_PRCP_DEP/cumulative dia 09 (2026-07-30 → 2026-08-08) 41530 bytes
2026-07-30 09:36:00,705 [INFO] [OK] Argentina/ECM_ENSEMBLE_Soy_PRCP_DEP/cumulative dia 10 (2026-07-30 → 2026-08-09) 41926 bytes
2026-07-30 09:36:00,967 [INFO] [OK] Argentina/ECM_ENSEMBLE_Soy_PRCP_DEP/cumulative dia 12 (2026-07-30 → 2026-08-11) 42622 bytes
2026-07-30 09:36:01,048 [INFO] [OK] Argentina/ECM_ENSEMBLE_Soy_PRCP_DEP/cumulative dia 11 (2026-07-30 → 2026-08-10) 42181 bytes
2026-07-30 09:36:01,214 [INFO] [OK] Argentina/ECM_ENSEMBLE_Soy_PRCP_DEP/cumulative dia 13 (2026-07-30 → 2026-08-12) 42461 bytes
2026-07-30 09:36:01,468 [INFO] [OK] Argentina/ECM_ENSEMBLE_Soy_PRCP_DEP/cumulative dia 14 (2026-07-30 → 2026-08-13) 42519 bytes
2026-07-30 09:36:01,474 [INFO] [OK] Argentina/ECM_ENSEMBLE_Soy_PRCP/daily dia 00 (2026-07-30 → 2026-07-30) 28749 bytes
2026-07-30 09:36:01,845 [INFO] [OK] Argentina/ECM_ENSEMBLE_Soy_PRCP/daily dia 01 (2026-07-31 → 2026-07-31) 30283 bytes
2026-07-30 09:36:02,007 [INFO] [OK] Argentina/ECM_ENSEMBLE_Soy_PRCP/daily dia 02 (2026-08-01 → 2026-08-01) 31773 bytes
2026-07-30 09:36:02,119 [INFO] [OK] Argentina/ECM_ENSEMBLE_Soy_PRCP/daily dia 03 (2026-08-02 → 2026-08-02) 29005 bytes
2026-07-30 09:36:02,192 [INFO] [OK] Argentina/ECM_ENSEMBLE_Soy_PRCP/daily dia 04 (2026-08-03 → 2026-08-03) 29311 bytes
2026-07-30 09:36:02,503 [INFO] [OK] Argentina/ECM_ENSEMBLE_Soy_PRCP/daily dia 06 (2026-08-05 → 2026-08-05) 29356 bytes
2026-07-30 09:36:02,569 [INFO] [OK] Argentina/ECM_ENSEMBLE_Soy_PRCP/daily dia 05 (2026-08-04 → 2026-08-04) 29622 bytes
2026-07-30 09:36:02,841 [INFO] [OK] Argentina/ECM_ENSEMBLE_Soy_PRCP/daily dia 07 (2026-08-06 → 2026-08-06) 29095 bytes
2026-07-30 09:36:03,056 [INFO] [OK] Argentina/ECM_ENSEMBLE_Soy_PRCP/daily dia 08 (2026-08-07 → 2026-08-07) 27810 bytes
2026-07-30 09:36:03,131 [INFO] [OK] Argentina/ECM_ENSEMBLE_Soy_PRCP/daily dia 09 (2026-08-08 → 2026-08-08) 27584 bytes
2026-07-30 09:36:03,247 [INFO] [OK] Argentina/ECM_ENSEMBLE_Soy_PRCP/daily dia 10 (2026-08-09 → 2026-08-09) 27312 bytes
2026-07-30 09:36:03,538 [INFO] [OK] Argentina/ECM_ENSEMBLE_Soy_PRCP/daily dia 11 (2026-08-10 → 2026-08-10) 27374 bytes
2026-07-30 09:36:03,653 [INFO] [OK] Argentina/ECM_ENSEMBLE_Soy_PRCP/daily dia 12 (2026-08-11 → 2026-08-11) 27252 bytes
2026-07-30 09:36:03,881 [INFO] [OK] Argentina/ECM_ENSEMBLE_Soy_PRCP/daily dia 13 (2026-08-12 → 2026-08-12) 27569 bytes
2026-07-30 09:36:04,076 [INFO] [OK] Argentina/ECM_ENSEMBLE_Soy_PRCP/daily dia 14 (2026-08-13 → 2026-08-13) 27091 bytes
2026-07-30 09:36:04,155 [INFO] [OK] Argentina/ECM_ENSEMBLE_Soy_PRCP/cumulative dia 00 (2026-07-30 → 2026-07-30) 28749 bytes
2026-07-30 09:36:04,297 [INFO] [OK] Argentina/ECM_ENSEMBLE_Soy_PRCP/cumulative dia 01 (2026-07-30 → 2026-07-31) 32582 bytes
2026-07-30 09:36:04,662 [INFO] [OK] Argentina/ECM_ENSEMBLE_Soy_PRCP/cumulative dia 02 (2026-07-30 → 2026-08-01) 34456 bytes
2026-07-30 09:36:05,011 [INFO] [OK] Argentina/ECM_ENSEMBLE_Soy_PRCP/cumulative dia 03 (2026-07-30 → 2026-08-02) 35138 bytes
2026-07-30 09:36:05,136 [INFO] [OK] Argentina/ECM_ENSEMBLE_Soy_PRCP/cumulative dia 04 (2026-07-30 → 2026-08-03) 35902 bytes
2026-07-30 09:36:05,328 [INFO] [OK] Argentina/ECM_ENSEMBLE_Soy_PRCP/cumulative dia 05 (2026-07-30 → 2026-08-04) 36726 bytes
2026-07-30 09:36:05,521 [INFO] [OK] Argentina/ECM_ENSEMBLE_Soy_PRCP/cumulative dia 06 (2026-07-30 → 2026-08-05) 37108 bytes
2026-07-30 09:36:05,632 [INFO] [OK] Argentina/ECM_ENSEMBLE_Soy_PRCP/cumulative dia 07 (2026-07-30 → 2026-08-06) 37453 bytes
2026-07-30 09:36:06,742 [INFO] [OK] Argentina/ECM_ENSEMBLE_Soy_PRCP/cumulative dia 08 (2026-07-30 → 2026-08-07) 37658 bytes
2026-07-30 09:36:06,742 [INFO] [OK] Argentina/ECM_ENSEMBLE_Soy_PRCP/cumulative dia 09 (2026-07-30 → 2026-08-08) 38111 bytes
2026-07-30 09:36:06,748 [INFO] [OK] Argentina/ECM_ENSEMBLE_Soy_PRCP/cumulative dia 10 (2026-07-30 → 2026-08-09) 38115 bytes
2026-07-30 09:36:09,413 [INFO] [OK] Argentina/ECM_ENSEMBLE_Corn_Winter_PRCP_DEP/daily dia 00 (2026-07-30 → 2026-07-30) 38148 bytes
2026-07-30 09:36:09,414 [INFO] [OK] Argentina/ECM_ENSEMBLE_Corn_Winter_PRCP_DEP/daily dia 01 (2026-07-31 → 2026-07-31) 36858 bytes
2026-07-30 09:36:10,448 [INFO] [OK] Argentina/ECM_ENSEMBLE_Soy_PRCP/cumulative dia 12 (2026-07-30 → 2026-08-11) 38672 bytes
2026-07-30 09:36:10,463 [INFO] [OK] Argentina/ECM_ENSEMBLE_Soy_PRCP/cumulative dia 14 (2026-07-30 → 2026-08-13) 39532 bytes
2026-07-30 09:36:10,467 [INFO] [OK] Argentina/ECM_ENSEMBLE_Soy_PRCP/cumulative dia 11 (2026-07-30 → 2026-08-10) 38365 bytes
2026-07-30 09:36:10,473 [INFO] [OK] Argentina/ECM_ENSEMBLE_Soy_PRCP/cumulative dia 13 (2026-07-30 → 2026-08-12) 39128 bytes
2026-07-30 09:36:11,023 [INFO] [OK] Argentina/ECM_ENSEMBLE_Corn_Winter_PRCP_DEP/daily dia 02 (2026-08-01 → 2026-08-01) 37293 bytes
2026-07-30 09:36:11,043 [INFO] [OK] Argentina/ECM_ENSEMBLE_Corn_Winter_PRCP_DEP/daily dia 03 (2026-08-02 → 2026-08-02) 35522 bytes
2026-07-30 09:36:13,730 [INFO] [OK] Argentina/ECM_ENSEMBLE_Corn_Winter_PRCP_DEP/daily dia 04 (2026-08-03 → 2026-08-03) 38864 bytes
2026-07-30 09:36:13,740 [INFO] [OK] Argentina/ECM_ENSEMBLE_Corn_Winter_PRCP_DEP/daily dia 07 (2026-08-06 → 2026-08-06) 40801 bytes
2026-07-30 09:36:14,143 [INFO] [OK] Argentina/ECM_ENSEMBLE_Corn_Winter_PRCP_DEP/daily dia 08 (2026-08-07 → 2026-08-07) 44006 bytes
2026-07-30 09:36:14,153 [INFO] [OK] Argentina/ECM_ENSEMBLE_Corn_Winter_PRCP_DEP/daily dia 06 (2026-08-05 → 2026-08-05) 37931 bytes
2026-07-30 09:36:14,164 [INFO] [OK] Argentina/ECM_ENSEMBLE_Corn_Winter_PRCP_DEP/daily dia 05 (2026-08-04 → 2026-08-04) 38555 bytes
2026-07-30 09:36:14,169 [INFO] [OK] Argentina/ECM_ENSEMBLE_Corn_Winter_PRCP_DEP/daily dia 09 (2026-08-08 → 2026-08-08) 42688 bytes
2026-07-30 09:36:15,390 [INFO] [OK] Argentina/ECM_ENSEMBLE_Corn_Winter_PRCP_DEP/daily dia 11 (2026-08-10 → 2026-08-10) 41382 bytes
2026-07-30 09:36:15,390 [INFO] [OK] Argentina/ECM_ENSEMBLE_Corn_Winter_PRCP_DEP/daily dia 12 (2026-08-11 → 2026-08-11) 41053 bytes
2026-07-30 09:36:15,506 [INFO] [OK] Argentina/ECM_ENSEMBLE_Corn_Winter_PRCP_DEP/daily dia 13 (2026-08-12 → 2026-08-12) 42630 bytes
2026-07-30 09:36:15,509 [INFO] [OK] Argentina/ECM_ENSEMBLE_Corn_Winter_PRCP_DEP/cumulative dia 00 (2026-07-30 → 2026-07-30) 38148 bytes
2026-07-30 09:36:15,517 [INFO] [OK] Argentina/ECM_ENSEMBLE_Corn_Winter_PRCP_DEP/daily dia 14 (2026-08-13 → 2026-08-13) 42855 bytes
2026-07-30 09:36:15,517 [INFO] [OK] Argentina/ECM_ENSEMBLE_Corn_Winter_PRCP_DEP/daily dia 10 (2026-08-09 → 2026-08-09) 41279 bytes
2026-07-30 09:36:16,505 [INFO] [OK] Argentina/ECM_ENSEMBLE_Corn_Winter_PRCP_DEP/cumulative dia 01 (2026-07-30 → 2026-07-31) 39609 bytes
2026-07-30 09:36:16,614 [INFO] [OK] Argentina/ECM_ENSEMBLE_Corn_Winter_PRCP_DEP/cumulative dia 02 (2026-07-30 → 2026-08-01) 39241 bytes
2026-07-30 09:36:16,762 [INFO] [OK] Argentina/ECM_ENSEMBLE_Corn_Winter_PRCP_DEP/cumulative dia 03 (2026-07-30 → 2026-08-02) 39059 bytes
2026-07-30 09:36:16,800 [INFO] [OK] Argentina/ECM_ENSEMBLE_Corn_Winter_PRCP_DEP/cumulative dia 04 (2026-07-30 → 2026-08-03) 38382 bytes
2026-07-30 09:36:16,838 [INFO] [OK] Argentina/ECM_ENSEMBLE_Corn_Winter_PRCP_DEP/cumulative dia 06 (2026-07-30 → 2026-08-05) 38352 bytes
2026-07-30 09:36:16,839 [INFO] [OK] Argentina/ECM_ENSEMBLE_Corn_Winter_PRCP_DEP/cumulative dia 05 (2026-07-30 → 2026-08-04) 38188 bytes
2026-07-30 09:36:17,891 [INFO] [OK] Argentina/ECM_ENSEMBLE_Corn_Winter_PRCP_DEP/cumulative dia 07 (2026-07-30 → 2026-08-06) 38891 bytes
2026-07-30 09:36:18,006 [INFO] [OK] Argentina/ECM_ENSEMBLE_Corn_Winter_PRCP_DEP/cumulative dia 08 (2026-07-30 → 2026-08-07) 39376 bytes
2026-07-30 09:36:18,245 [INFO] [OK] Argentina/ECM_ENSEMBLE_Corn_Winter_PRCP_DEP/cumulative dia 09 (2026-07-30 → 2026-08-08) 39936 bytes
2026-07-30 09:36:18,325 [INFO] [OK] Argentina/ECM_ENSEMBLE_Corn_Winter_PRCP_DEP/cumulative dia 10 (2026-07-30 → 2026-08-09) 40286 bytes
2026-07-30 09:36:18,403 [INFO] [OK] Argentina/ECM_ENSEMBLE_Corn_Winter_PRCP_DEP/cumulative dia 11 (2026-07-30 → 2026-08-10) 40448 bytes
2026-07-30 09:36:18,461 [INFO] [OK] Argentina/ECM_ENSEMBLE_Corn_Winter_PRCP_DEP/cumulative dia 12 (2026-07-30 → 2026-08-11) 40926 bytes
2026-07-30 09:36:19,344 [INFO] [OK] Argentina/ECM_ENSEMBLE_Corn_Winter_PRCP/daily dia 00 (2026-07-30 → 2026-07-30) 26670 bytes
2026-07-30 09:36:19,560 [INFO] [OK] Argentina/ECM_ENSEMBLE_Corn_Winter_PRCP/daily dia 02 (2026-08-01 → 2026-08-01) 29667 bytes
2026-07-30 09:36:19,598 [INFO] [OK] Argentina/ECM_ENSEMBLE_Corn_Winter_PRCP/daily dia 03 (2026-08-02 → 2026-08-02) 27028 bytes
2026-07-30 09:36:19,628 [INFO] [OK] Argentina/ECM_ENSEMBLE_Corn_Winter_PRCP/daily dia 01 (2026-07-31 → 2026-07-31) 28344 bytes
2026-07-30 09:36:19,812 [INFO] [OK] Argentina/ECM_ENSEMBLE_Corn_Winter_PRCP_DEP/cumulative dia 13 (2026-07-30 → 2026-08-12) 40499 bytes
2026-07-30 09:36:19,834 [INFO] [OK] Argentina/ECM_ENSEMBLE_Corn_Winter_PRCP_DEP/cumulative dia 14 (2026-07-30 → 2026-08-13) 40631 bytes
2026-07-30 09:36:20,345 [INFO] [OK] Argentina/ECM_ENSEMBLE_Corn_Winter_PRCP/daily dia 04 (2026-08-03 → 2026-08-03) 27404 bytes
2026-07-30 09:36:20,683 [INFO] [OK] Argentina/ECM_ENSEMBLE_Corn_Winter_PRCP/daily dia 06 (2026-08-05 → 2026-08-05) 27434 bytes
2026-07-30 09:36:20,746 [INFO] [OK] Argentina/ECM_ENSEMBLE_Corn_Winter_PRCP/daily dia 05 (2026-08-04 → 2026-08-04) 27717 bytes
2026-07-30 09:36:20,846 [INFO] [OK] Argentina/ECM_ENSEMBLE_Corn_Winter_PRCP/daily dia 07 (2026-08-06 → 2026-08-06) 27191 bytes
2026-07-30 09:36:21,092 [INFO] [OK] Argentina/ECM_ENSEMBLE_Corn_Winter_PRCP/daily dia 09 (2026-08-08 → 2026-08-08) 25845 bytes
2026-07-30 09:36:21,093 [INFO] [OK] Argentina/ECM_ENSEMBLE_Corn_Winter_PRCP/daily dia 08 (2026-08-07 → 2026-08-07) 25986 bytes
2026-07-30 09:36:21,376 [INFO] [OK] Argentina/ECM_ENSEMBLE_Corn_Winter_PRCP/daily dia 10 (2026-08-09 → 2026-08-09) 25576 bytes
2026-07-30 09:36:21,679 [INFO] [OK] Argentina/ECM_ENSEMBLE_Corn_Winter_PRCP/daily dia 11 (2026-08-10 → 2026-08-10) 25642 bytes
2026-07-30 09:36:21,816 [INFO] [OK] Argentina/ECM_ENSEMBLE_Corn_Winter_PRCP/daily dia 12 (2026-08-11 → 2026-08-11) 25552 bytes
2026-07-30 09:36:22,082 [INFO] [OK] Argentina/ECM_ENSEMBLE_Corn_Winter_PRCP/cumulative dia 00 (2026-07-30 → 2026-07-30) 26670 bytes
2026-07-30 09:36:22,095 [INFO] [OK] Argentina/ECM_ENSEMBLE_Corn_Winter_PRCP/daily dia 14 (2026-08-13 → 2026-08-13) 25377 bytes
2026-07-30 09:36:22,131 [INFO] [OK] Argentina/ECM_ENSEMBLE_Corn_Winter_PRCP/daily dia 13 (2026-08-12 → 2026-08-12) 25825 bytes
2026-07-30 09:36:22,652 [INFO] [OK] Argentina/ECM_ENSEMBLE_Corn_Winter_PRCP/cumulative dia 01 (2026-07-30 → 2026-07-31) 30454 bytes
2026-07-30 09:36:22,808 [INFO] [OK] Argentina/ECM_ENSEMBLE_Corn_Winter_PRCP/cumulative dia 02 (2026-07-30 → 2026-08-01) 32359 bytes
2026-07-30 09:36:23,007 [INFO] [OK] Argentina/ECM_ENSEMBLE_Corn_Winter_PRCP/cumulative dia 03 (2026-07-30 → 2026-08-02) 33009 bytes
2026-07-30 09:36:23,408 [INFO] [OK] Argentina/ECM_ENSEMBLE_Corn_Winter_PRCP/cumulative dia 04 (2026-07-30 → 2026-08-03) 33859 bytes
2026-07-30 09:36:23,416 [INFO] [OK] Argentina/ECM_ENSEMBLE_Corn_Winter_PRCP/cumulative dia 05 (2026-07-30 → 2026-08-04) 34665 bytes
2026-07-30 09:36:23,534 [INFO] [OK] Argentina/ECM_ENSEMBLE_Corn_Winter_PRCP/cumulative dia 06 (2026-07-30 → 2026-08-05) 34876 bytes
2026-07-30 09:36:24,346 [INFO] [OK] Argentina/ECM_ENSEMBLE_Corn_Winter_PRCP/cumulative dia 07 (2026-07-30 → 2026-08-06) 35274 bytes
2026-07-30 09:36:24,351 [INFO] [OK] Argentina/ECM_ENSEMBLE_Corn_Winter_PRCP/cumulative dia 08 (2026-07-30 → 2026-08-07) 35607 bytes
2026-07-30 09:36:24,493 [INFO] [OK] Argentina/ECM_ENSEMBLE_Corn_Winter_PRCP/cumulative dia 09 (2026-07-30 → 2026-08-08) 36231 bytes
2026-07-30 09:36:25,147 [INFO] [OK] Argentina/ECM_ENSEMBLE_Corn_Winter_PRCP/cumulative dia 10 (2026-07-30 → 2026-08-09) 36241 bytes
2026-07-30 09:36:25,157 [INFO] [OK] Argentina/ECM_ENSEMBLE_Corn_Winter_PRCP/cumulative dia 11 (2026-07-30 → 2026-08-10) 36458 bytes
2026-07-30 09:36:25,307 [INFO] [OK] Argentina/ECM_ENSEMBLE_Corn_Winter_PRCP/cumulative dia 12 (2026-07-30 → 2026-08-11) 36742 bytes
2026-07-30 09:36:26,025 [INFO] [OK] Argentina/ECM_ENSEMBLE_Corn_Winter_PRCP/cumulative dia 14 (2026-07-30 → 2026-08-13) 37601 bytes
2026-07-30 09:36:26,034 [INFO] [OK] Argentina/ECM_ENSEMBLE_Corn_Winter_PRCP/cumulative dia 13 (2026-07-30 → 2026-08-12) 37255 bytes
2026-07-30 09:36:26,062 [INFO] [OK] USA/GFS_ENSEMBLE_Corn_PRCP_DEP/daily dia 00 (2026-07-30 → 2026-07-30) 49227 bytes
2026-07-30 09:36:27,181 [INFO] [OK] USA/GFS_ENSEMBLE_Corn_PRCP_DEP/daily dia 02 (2026-08-01 → 2026-08-01) 51561 bytes
2026-07-30 09:36:27,182 [INFO] [OK] USA/GFS_ENSEMBLE_Corn_PRCP_DEP/daily dia 01 (2026-07-31 → 2026-07-31) 50572 bytes
2026-07-30 09:36:27,182 [INFO] [OK] USA/GFS_ENSEMBLE_Corn_PRCP_DEP/daily dia 03 (2026-08-02 → 2026-08-02) 47539 bytes
2026-07-30 09:36:28,047 [INFO] [OK] USA/GFS_ENSEMBLE_Corn_PRCP_DEP/daily dia 05 (2026-08-04 → 2026-08-04) 54419 bytes
2026-07-30 09:36:28,055 [INFO] [OK] USA/GFS_ENSEMBLE_Corn_PRCP_DEP/daily dia 06 (2026-08-05 → 2026-08-05) 52572 bytes
2026-07-30 09:36:28,066 [INFO] [OK] USA/GFS_ENSEMBLE_Corn_PRCP_DEP/daily dia 04 (2026-08-03 → 2026-08-03) 50428 bytes
2026-07-30 09:36:28,796 [INFO] [OK] USA/GFS_ENSEMBLE_Corn_PRCP_DEP/daily dia 08 (2026-08-07 → 2026-08-07) 56328 bytes
2026-07-30 09:36:28,807 [INFO] [OK] USA/GFS_ENSEMBLE_Corn_PRCP_DEP/daily dia 09 (2026-08-08 → 2026-08-08) 55895 bytes
2026-07-30 09:36:28,979 [INFO] [OK] USA/GFS_ENSEMBLE_Corn_PRCP_DEP/daily dia 07 (2026-08-06 → 2026-08-06) 56781 bytes
2026-07-30 09:36:29,994 [INFO] [OK] USA/GFS_ENSEMBLE_Corn_PRCP_DEP/daily dia 12 (2026-08-11 → 2026-08-11) 57834 bytes
2026-07-30 09:36:29,995 [INFO] [OK] USA/GFS_ENSEMBLE_Corn_PRCP_DEP/daily dia 10 (2026-08-09 → 2026-08-09) 58169 bytes
2026-07-30 09:36:29,996 [INFO] [OK] USA/GFS_ENSEMBLE_Corn_PRCP_DEP/daily dia 11 (2026-08-10 → 2026-08-10) 59074 bytes
2026-07-30 09:36:30,387 [INFO] [OK] USA/GFS_ENSEMBLE_Corn_PRCP_DEP/daily dia 13 (2026-08-12 → 2026-08-12) 57365 bytes
2026-07-30 09:36:30,466 [INFO] [OK] USA/GFS_ENSEMBLE_Corn_PRCP_DEP/daily dia 14 (2026-08-13 → 2026-08-13) 58449 bytes
2026-07-30 09:36:30,562 [INFO] [OK] USA/GFS_ENSEMBLE_Corn_PRCP_DEP/cumulative dia 00 (2026-07-30 → 2026-07-30) 49227 bytes
2026-07-30 09:36:31,758 [INFO] [OK] USA/GFS_ENSEMBLE_Corn_PRCP_DEP/cumulative dia 01 (2026-07-30 → 2026-07-31) 52281 bytes
2026-07-30 09:36:31,940 [INFO] [OK] USA/GFS_ENSEMBLE_Corn_PRCP_DEP/cumulative dia 02 (2026-07-30 → 2026-08-01) 55967 bytes
2026-07-30 09:36:32,032 [INFO] [OK] USA/GFS_ENSEMBLE_Corn_PRCP_DEP/cumulative dia 03 (2026-07-30 → 2026-08-02) 56964 bytes
2026-07-30 09:36:32,536 [INFO] [OK] USA/GFS_ENSEMBLE_Corn_PRCP_DEP/cumulative dia 05 (2026-07-30 → 2026-08-04) 56243 bytes
2026-07-30 09:36:32,538 [INFO] [OK] USA/GFS_ENSEMBLE_Corn_PRCP_DEP/cumulative dia 04 (2026-07-30 → 2026-08-03) 56938 bytes
2026-07-30 09:36:32,788 [INFO] [OK] USA/GFS_ENSEMBLE_Corn_PRCP_DEP/cumulative dia 06 (2026-07-30 → 2026-08-05) 55967 bytes
2026-07-30 09:36:34,132 [INFO] [OK] USA/GFS_ENSEMBLE_Corn_PRCP_DEP/cumulative dia 07 (2026-07-30 → 2026-08-06) 56061 bytes
2026-07-30 09:36:34,430 [INFO] [OK] USA/GFS_ENSEMBLE_Corn_PRCP_DEP/cumulative dia 08 (2026-07-30 → 2026-08-07) 56454 bytes
2026-07-30 09:36:34,663 [INFO] [OK] USA/GFS_ENSEMBLE_Corn_PRCP_DEP/cumulative dia 09 (2026-07-30 → 2026-08-08) 57335 bytes
2026-07-30 09:36:35,319 [INFO] [OK] USA/GFS_ENSEMBLE_Corn_PRCP_DEP/cumulative dia 10 (2026-07-30 → 2026-08-09) 57410 bytes
2026-07-30 09:36:35,355 [INFO] [OK] USA/GFS_ENSEMBLE_Corn_PRCP_DEP/cumulative dia 11 (2026-07-30 → 2026-08-10) 57209 bytes
2026-07-30 09:36:35,789 [INFO] [OK] USA/GFS_ENSEMBLE_Corn_PRCP_DEP/cumulative dia 12 (2026-07-30 → 2026-08-11) 57754 bytes
2026-07-30 09:36:36,206 [INFO] [OK] USA/GFS_ENSEMBLE_Corn_PRCP/daily dia 00 (2026-07-30 → 2026-07-30) 37948 bytes
2026-07-30 09:36:36,859 [INFO] [OK] USA/GFS_ENSEMBLE_Corn_PRCP/daily dia 01 (2026-07-31 → 2026-07-31) 38132 bytes
2026-07-30 09:36:37,236 [INFO] [OK] USA/GFS_ENSEMBLE_Corn_PRCP/daily dia 02 (2026-08-01 → 2026-08-01) 38591 bytes
2026-07-30 09:36:37,466 [INFO] [OK] USA/GFS_ENSEMBLE_Corn_PRCP_DEP/cumulative dia 13 (2026-07-30 → 2026-08-12) 58491 bytes
2026-07-30 09:36:37,492 [INFO] [OK] USA/GFS_ENSEMBLE_Corn_PRCP/daily dia 03 (2026-08-02 → 2026-08-02) 36579 bytes
2026-07-30 09:36:37,502 [INFO] [OK] USA/GFS_ENSEMBLE_Corn_PRCP_DEP/cumulative dia 14 (2026-07-30 → 2026-08-13) 59043 bytes
2026-07-30 09:36:37,787 [INFO] [OK] USA/GFS_ENSEMBLE_Corn_PRCP/daily dia 04 (2026-08-03 → 2026-08-03) 35708 bytes
2026-07-30 09:36:38,426 [INFO] [OK] USA/GFS_ENSEMBLE_Corn_PRCP/daily dia 05 (2026-08-04 → 2026-08-04) 36269 bytes
2026-07-30 09:36:38,938 [INFO] [OK] USA/GFS_ENSEMBLE_Corn_PRCP/daily dia 06 (2026-08-05 → 2026-08-05) 35915 bytes
2026-07-30 09:36:39,028 [INFO] [OK] USA/GFS_ENSEMBLE_Corn_PRCP/daily dia 09 (2026-08-08 → 2026-08-08) 35789 bytes
2026-07-30 09:36:39,354 [INFO] [OK] USA/GFS_ENSEMBLE_Corn_PRCP/daily dia 08 (2026-08-07 → 2026-08-07) 35808 bytes
2026-07-30 09:36:39,361 [INFO] [OK] USA/GFS_ENSEMBLE_Corn_PRCP/daily dia 07 (2026-08-06 → 2026-08-06) 36003 bytes
2026-07-30 09:36:39,457 [INFO] [OK] USA/GFS_ENSEMBLE_Corn_PRCP/daily dia 10 (2026-08-09 → 2026-08-09) 36110 bytes
2026-07-30 09:36:40,093 [INFO] [OK] USA/GFS_ENSEMBLE_Corn_PRCP/daily dia 11 (2026-08-10 → 2026-08-10) 36300 bytes
2026-07-30 09:36:40,506 [INFO] [OK] USA/GFS_ENSEMBLE_Corn_PRCP/daily dia 12 (2026-08-11 → 2026-08-11) 36316 bytes
2026-07-30 09:36:40,831 [INFO] [OK] USA/GFS_ENSEMBLE_Corn_PRCP/daily dia 13 (2026-08-12 → 2026-08-12) 36583 bytes
2026-07-30 09:36:41,329 [INFO] [OK] USA/GFS_ENSEMBLE_Corn_PRCP/daily dia 14 (2026-08-13 → 2026-08-13) 36007 bytes
2026-07-30 09:36:41,650 [INFO] [OK] USA/GFS_ENSEMBLE_Corn_PRCP/cumulative dia 00 (2026-07-30 → 2026-07-30) 37948 bytes
2026-07-30 09:36:41,715 [INFO] [OK] USA/GFS_ENSEMBLE_Corn_PRCP/cumulative dia 01 (2026-07-30 → 2026-07-31) 40716 bytes
2026-07-30 09:36:42,201 [INFO] [OK] USA/GFS_ENSEMBLE_Corn_PRCP/cumulative dia 02 (2026-07-30 → 2026-08-01) 43579 bytes
2026-07-30 09:36:42,817 [INFO] [OK] USA/GFS_ENSEMBLE_Corn_PRCP/cumulative dia 03 (2026-07-30 → 2026-08-02) 44984 bytes
2026-07-30 09:36:43,318 [INFO] [OK] USA/GFS_ENSEMBLE_Corn_PRCP/cumulative dia 04 (2026-07-30 → 2026-08-03) 45431 bytes
2026-07-30 09:36:44,468 [INFO] [OK] USA/GFS_ENSEMBLE_Corn_PRCP/cumulative dia 05 (2026-07-30 → 2026-08-04) 46060 bytes
2026-07-30 09:36:44,590 [INFO] [OK] USA/GFS_ENSEMBLE_Corn_PRCP/cumulative dia 06 (2026-07-30 → 2026-08-05) 46852 bytes
2026-07-30 09:36:44,872 [INFO] [OK] USA/GFS_ENSEMBLE_Corn_PRCP/cumulative dia 07 (2026-07-30 → 2026-08-06) 47444 bytes
2026-07-30 09:36:45,313 [INFO] [OK] USA/GFS_ENSEMBLE_Corn_PRCP/cumulative dia 08 (2026-07-30 → 2026-08-07) 47820 bytes
2026-07-30 09:36:46,120 [INFO] [OK] USA/GFS_ENSEMBLE_Corn_PRCP/cumulative dia 09 (2026-07-30 → 2026-08-08) 47895 bytes
2026-07-30 09:36:46,959 [INFO] [OK] USA/GFS_ENSEMBLE_Corn_PRCP/cumulative dia 10 (2026-07-30 → 2026-08-09) 48234 bytes
2026-07-30 09:36:48,035 [INFO] [OK] USA/GFS_ENSEMBLE_Soy_PRCP_DEP/daily dia 00 (2026-07-30 → 2026-07-30) 48736 bytes
2026-07-30 09:36:48,417 [INFO] [OK] USA/GFS_ENSEMBLE_Corn_PRCP/cumulative dia 11 (2026-07-30 → 2026-08-10) 49224 bytes
2026-07-30 09:36:48,752 [INFO] [OK] USA/GFS_ENSEMBLE_Corn_PRCP/cumulative dia 13 (2026-07-30 → 2026-08-12) 49654 bytes
2026-07-30 09:36:48,960 [INFO] [OK] USA/GFS_ENSEMBLE_Soy_PRCP_DEP/daily dia 01 (2026-07-31 → 2026-07-31) 50379 bytes
2026-07-30 09:36:49,369 [INFO] [OK] USA/GFS_ENSEMBLE_Corn_PRCP/cumulative dia 12 (2026-07-30 → 2026-08-11) 49564 bytes
2026-07-30 09:36:49,427 [INFO] [OK] USA/GFS_ENSEMBLE_Corn_PRCP/cumulative dia 14 (2026-07-30 → 2026-08-13) 49896 bytes
2026-07-30 09:36:49,661 [INFO] [OK] USA/GFS_ENSEMBLE_Soy_PRCP_DEP/daily dia 02 (2026-08-01 → 2026-08-01) 51104 bytes
2026-07-30 09:36:50,079 [INFO] [OK] USA/GFS_ENSEMBLE_Soy_PRCP_DEP/daily dia 03 (2026-08-02 → 2026-08-02) 47075 bytes
2026-07-30 09:36:50,477 [INFO] [OK] USA/GFS_ENSEMBLE_Soy_PRCP_DEP/daily dia 04 (2026-08-03 → 2026-08-03) 50266 bytes
2026-07-30 09:36:50,825 [INFO] [OK] USA/GFS_ENSEMBLE_Soy_PRCP_DEP/daily dia 05 (2026-08-04 → 2026-08-04) 54318 bytes
2026-07-30 09:36:51,260 [INFO] [OK] USA/GFS_ENSEMBLE_Soy_PRCP_DEP/daily dia 06 (2026-08-05 → 2026-08-05) 52304 bytes
2026-07-30 09:36:51,385 [INFO] [OK] USA/GFS_ENSEMBLE_Soy_PRCP_DEP/daily dia 07 (2026-08-06 → 2026-08-06) 56514 bytes
2026-07-30 09:36:51,473 [INFO] [OK] USA/GFS_ENSEMBLE_Soy_PRCP_DEP/daily dia 08 (2026-08-07 → 2026-08-07) 56005 bytes
2026-07-30 09:36:51,879 [INFO] [OK] USA/GFS_ENSEMBLE_Soy_PRCP_DEP/daily dia 09 (2026-08-08 → 2026-08-08) 55785 bytes
2026-07-30 09:36:52,217 [INFO] [OK] USA/GFS_ENSEMBLE_Soy_PRCP_DEP/daily dia 10 (2026-08-09 → 2026-08-09) 58030 bytes
2026-07-30 09:36:52,505 [INFO] [OK] USA/GFS_ENSEMBLE_Soy_PRCP_DEP/daily dia 11 (2026-08-10 → 2026-08-10) 58964 bytes
2026-07-30 09:36:53,115 [INFO] [OK] USA/GFS_ENSEMBLE_Soy_PRCP_DEP/daily dia 12 (2026-08-11 → 2026-08-11) 57737 bytes
2026-07-30 09:36:53,258 [INFO] [OK] USA/GFS_ENSEMBLE_Soy_PRCP_DEP/daily dia 13 (2026-08-12 → 2026-08-12) 56992 bytes
2026-07-30 09:36:53,322 [INFO] [OK] USA/GFS_ENSEMBLE_Soy_PRCP_DEP/daily dia 14 (2026-08-13 → 2026-08-13) 58266 bytes
2026-07-30 09:36:53,610 [INFO] [OK] USA/GFS_ENSEMBLE_Soy_PRCP_DEP/cumulative dia 00 (2026-07-30 → 2026-07-30) 48736 bytes
2026-07-30 09:36:54,022 [INFO] [OK] USA/GFS_ENSEMBLE_Soy_PRCP_DEP/cumulative dia 01 (2026-07-30 → 2026-07-31) 52109 bytes
2026-07-30 09:36:54,505 [INFO] [OK] USA/GFS_ENSEMBLE_Soy_PRCP_DEP/cumulative dia 02 (2026-07-30 → 2026-08-01) 55938 bytes
2026-07-30 09:36:55,316 [INFO] [OK] USA/GFS_ENSEMBLE_Soy_PRCP_DEP/cumulative dia 03 (2026-07-30 → 2026-08-02) 56743 bytes
2026-07-30 09:36:55,610 [INFO] [OK] USA/GFS_ENSEMBLE_Soy_PRCP_DEP/cumulative dia 04 (2026-07-30 → 2026-08-03) 56667 bytes
2026-07-30 09:36:55,834 [INFO] [OK] USA/GFS_ENSEMBLE_Soy_PRCP_DEP/cumulative dia 05 (2026-07-30 → 2026-08-04) 55923 bytes
2026-07-30 09:36:56,153 [INFO] [OK] USA/GFS_ENSEMBLE_Soy_PRCP_DEP/cumulative dia 06 (2026-07-30 → 2026-08-05) 55871 bytes
2026-07-30 09:36:56,663 [INFO] [OK] USA/GFS_ENSEMBLE_Soy_PRCP_DEP/cumulative dia 07 (2026-07-30 → 2026-08-06) 55942 bytes
2026-07-30 09:36:57,512 [INFO] [OK] USA/GFS_ENSEMBLE_Soy_PRCP_DEP/cumulative dia 08 (2026-07-30 → 2026-08-07) 56172 bytes
2026-07-30 09:36:58,785 [INFO] [OK] USA/GFS_ENSEMBLE_Soy_PRCP_DEP/cumulative dia 09 (2026-07-30 → 2026-08-08) 57218 bytes
2026-07-30 09:36:59,707 [INFO] [OK] USA/GFS_ENSEMBLE_Soy_PRCP_DEP/cumulative dia 10 (2026-07-30 → 2026-08-09) 56895 bytes
2026-07-30 09:36:59,969 [INFO] [OK] USA/GFS_ENSEMBLE_Soy_PRCP_DEP/cumulative dia 11 (2026-07-30 → 2026-08-10) 56920 bytes
2026-07-30 09:37:00,452 [INFO] [OK] USA/GFS_ENSEMBLE_Soy_PRCP_DEP/cumulative dia 12 (2026-07-30 → 2026-08-11) 57423 bytes
2026-07-30 09:37:00,756 [INFO] [OK] USA/GFS_ENSEMBLE_Soy_PRCP/daily dia 00 (2026-07-30 → 2026-07-30) 37411 bytes
2026-07-30 09:37:01,308 [INFO] [OK] USA/GFS_ENSEMBLE_Soy_PRCP_DEP/cumulative dia 13 (2026-07-30 → 2026-08-12) 58279 bytes
2026-07-30 09:37:01,628 [INFO] [OK] USA/GFS_ENSEMBLE_Soy_PRCP/daily dia 01 (2026-07-31 → 2026-07-31) 37748 bytes
2026-07-30 09:37:01,770 [INFO] [OK] USA/GFS_ENSEMBLE_Soy_PRCP_DEP/cumulative dia 14 (2026-07-30 → 2026-08-13) 58994 bytes
2026-07-30 09:37:01,950 [INFO] [OK] USA/GFS_ENSEMBLE_Soy_PRCP/daily dia 02 (2026-08-01 → 2026-08-01) 38248 bytes
2026-07-30 09:37:02,101 [INFO] [OK] USA/GFS_ENSEMBLE_Soy_PRCP/daily dia 03 (2026-08-02 → 2026-08-02) 36081 bytes
2026-07-30 09:37:02,382 [INFO] [OK] USA/GFS_ENSEMBLE_Soy_PRCP/daily dia 04 (2026-08-03 → 2026-08-03) 35149 bytes
2026-07-30 09:37:02,923 [INFO] [OK] USA/GFS_ENSEMBLE_Soy_PRCP/daily dia 05 (2026-08-04 → 2026-08-04) 35881 bytes
2026-07-30 09:37:03,221 [INFO] [OK] USA/GFS_ENSEMBLE_Soy_PRCP/daily dia 06 (2026-08-05 → 2026-08-05) 35420 bytes
2026-07-30 09:37:03,359 [INFO] [OK] USA/GFS_ENSEMBLE_Soy_PRCP/daily dia 07 (2026-08-06 → 2026-08-06) 35596 bytes
2026-07-30 09:37:03,505 [INFO] [OK] USA/GFS_ENSEMBLE_Soy_PRCP/daily dia 08 (2026-08-07 → 2026-08-07) 35299 bytes
2026-07-30 09:37:03,681 [INFO] [OK] USA/GFS_ENSEMBLE_Soy_PRCP/daily dia 09 (2026-08-08 → 2026-08-08) 35368 bytes
2026-07-30 09:37:04,005 [INFO] [OK] USA/GFS_ENSEMBLE_Soy_PRCP/daily dia 10 (2026-08-09 → 2026-08-09) 35666 bytes
2026-07-30 09:37:04,519 [INFO] [OK] USA/GFS_ENSEMBLE_Soy_PRCP/daily dia 11 (2026-08-10 → 2026-08-10) 35884 bytes
2026-07-30 09:37:04,835 [INFO] [OK] USA/GFS_ENSEMBLE_Soy_PRCP/daily dia 12 (2026-08-11 → 2026-08-11) 35862 bytes
2026-07-30 09:37:04,995 [INFO] [OK] USA/GFS_ENSEMBLE_Soy_PRCP/daily dia 13 (2026-08-12 → 2026-08-12) 36168 bytes
2026-07-30 09:37:05,131 [INFO] [OK] USA/GFS_ENSEMBLE_Soy_PRCP/daily dia 14 (2026-08-13 → 2026-08-13) 35612 bytes
2026-07-30 09:37:05,345 [INFO] [OK] USA/GFS_ENSEMBLE_Soy_PRCP/cumulative dia 00 (2026-07-30 → 2026-07-30) 37411 bytes
2026-07-30 09:37:05,648 [INFO] [OK] USA/GFS_ENSEMBLE_Soy_PRCP/cumulative dia 01 (2026-07-30 → 2026-07-31) 40404 bytes
2026-07-30 09:37:06,314 [INFO] [OK] USA/GFS_ENSEMBLE_Soy_PRCP/cumulative dia 02 (2026-07-30 → 2026-08-01) 43154 bytes
2026-07-30 09:37:06,876 [INFO] [OK] USA/GFS_ENSEMBLE_Soy_PRCP/cumulative dia 03 (2026-07-30 → 2026-08-02) 44533 bytes
2026-07-30 09:37:07,282 [INFO] [OK] USA/GFS_ENSEMBLE_Soy_PRCP/cumulative dia 04 (2026-07-30 → 2026-08-03) 45011 bytes
2026-07-30 09:37:07,529 [INFO] [OK] USA/GFS_ENSEMBLE_Soy_PRCP/cumulative dia 05 (2026-07-30 → 2026-08-04) 45665 bytes
2026-07-30 09:37:07,877 [INFO] [OK] USA/GFS_ENSEMBLE_Soy_PRCP/cumulative dia 06 (2026-07-30 → 2026-08-05) 46449 bytes
2026-07-30 09:37:08,200 [INFO] [OK] USA/GFS_ENSEMBLE_Soy_PRCP/cumulative dia 07 (2026-07-30 → 2026-08-06) 47115 bytes
2026-07-30 09:37:09,029 [INFO] [OK] USA/GFS_ENSEMBLE_Soy_PRCP/cumulative dia 08 (2026-07-30 → 2026-08-07) 47468 bytes
2026-07-30 09:37:10,535 [INFO] [OK] USA/GFS_ENSEMBLE_Soy_PRCP/cumulative dia 09 (2026-07-30 → 2026-08-08) 47561 bytes
2026-07-30 09:37:11,118 [INFO] [OK] USA/GFS_ENSEMBLE_Soy_PRCP/cumulative dia 10 (2026-07-30 → 2026-08-09) 47781 bytes
2026-07-30 09:37:11,587 [INFO] [OK] USA/GFS_ENSEMBLE_Soy_PRCP/cumulative dia 11 (2026-07-30 → 2026-08-10) 48767 bytes
2026-07-30 09:37:11,853 [INFO] [OK] USA/GFS_ENSEMBLE_Soy_PRCP/cumulative dia 12 (2026-07-30 → 2026-08-11) 49112 bytes
2026-07-30 09:37:12,227 [INFO] [OK] USA/GFS_ENSEMBLE_Wheat_Winter_PRCP_DEP/daily dia 00 (2026-07-30 → 2026-07-30) 50605 bytes
2026-07-30 09:37:12,383 [INFO] [OK] USA/GFS_ENSEMBLE_Soy_PRCP/cumulative dia 13 (2026-07-30 → 2026-08-12) 49179 bytes
2026-07-30 09:37:12,546 [INFO] [OK] USA/GFS_ENSEMBLE_Soy_PRCP/cumulative dia 14 (2026-07-30 → 2026-08-13) 49407 bytes
2026-07-30 09:37:12,800 [INFO] [OK] USA/GFS_ENSEMBLE_Wheat_Winter_PRCP_DEP/daily dia 01 (2026-07-31 → 2026-07-31) 52276 bytes
2026-07-30 09:37:13,331 [INFO] [OK] USA/GFS_ENSEMBLE_Wheat_Winter_PRCP_DEP/daily dia 02 (2026-08-01 → 2026-08-01) 52519 bytes
2026-07-30 09:37:13,424 [INFO] [OK] USA/GFS_ENSEMBLE_Wheat_Winter_PRCP_DEP/daily dia 03 (2026-08-02 → 2026-08-02) 48729 bytes
2026-07-30 09:37:13,929 [INFO] [OK] USA/GFS_ENSEMBLE_Wheat_Winter_PRCP_DEP/daily dia 04 (2026-08-03 → 2026-08-03) 51608 bytes
2026-07-30 09:37:14,073 [INFO] [OK] USA/GFS_ENSEMBLE_Wheat_Winter_PRCP_DEP/daily dia 05 (2026-08-04 → 2026-08-04) 55840 bytes
2026-07-30 09:37:14,520 [INFO] [OK] USA/GFS_ENSEMBLE_Wheat_Winter_PRCP_DEP/daily dia 06 (2026-08-05 → 2026-08-05) 53754 bytes
2026-07-30 09:37:14,646 [INFO] [OK] USA/GFS_ENSEMBLE_Wheat_Winter_PRCP_DEP/daily dia 07 (2026-08-06 → 2026-08-06) 58020 bytes
2026-07-30 09:37:15,423 [INFO] [OK] USA/GFS_ENSEMBLE_Wheat_Winter_PRCP_DEP/daily dia 08 (2026-08-07 → 2026-08-07) 57616 bytes
2026-07-30 09:37:15,491 [INFO] [OK] USA/GFS_ENSEMBLE_Wheat_Winter_PRCP_DEP/daily dia 09 (2026-08-08 → 2026-08-08) 57403 bytes
2026-07-30 09:37:15,586 [INFO] [OK] USA/GFS_ENSEMBLE_Wheat_Winter_PRCP_DEP/daily dia 10 (2026-08-09 → 2026-08-09) 59212 bytes
2026-07-30 09:37:15,739 [INFO] [OK] USA/GFS_ENSEMBLE_Wheat_Winter_PRCP_DEP/daily dia 11 (2026-08-10 → 2026-08-10) 60278 bytes
2026-07-30 09:37:16,207 [INFO] [OK] USA/GFS_ENSEMBLE_Wheat_Winter_PRCP_DEP/daily dia 12 (2026-08-11 → 2026-08-11) 59262 bytes
2026-07-30 09:37:16,295 [INFO] [OK] USA/GFS_ENSEMBLE_Wheat_Winter_PRCP_DEP/daily dia 13 (2026-08-12 → 2026-08-12) 58725 bytes
2026-07-30 09:37:17,045 [INFO] [OK] USA/GFS_ENSEMBLE_Wheat_Winter_PRCP_DEP/daily dia 14 (2026-08-13 → 2026-08-13) 59881 bytes
2026-07-30 09:37:17,097 [INFO] [OK] USA/GFS_ENSEMBLE_Wheat_Winter_PRCP_DEP/cumulative dia 00 (2026-07-30 → 2026-07-30) 50605 bytes
2026-07-30 09:37:17,303 [INFO] [OK] USA/GFS_ENSEMBLE_Wheat_Winter_PRCP_DEP/cumulative dia 01 (2026-07-30 → 2026-07-31) 53901 bytes
2026-07-30 09:37:17,527 [INFO] [OK] USA/GFS_ENSEMBLE_Wheat_Winter_PRCP_DEP/cumulative dia 02 (2026-07-30 → 2026-08-01) 57600 bytes
2026-07-30 09:37:18,116 [INFO] [OK] USA/GFS_ENSEMBLE_Wheat_Winter_PRCP_DEP/cumulative dia 03 (2026-07-30 → 2026-08-02) 58564 bytes
2026-07-30 09:37:18,305 [INFO] [OK] USA/GFS_ENSEMBLE_Wheat_Winter_PRCP_DEP/cumulative dia 04 (2026-07-30 → 2026-08-03) 58411 bytes
2026-07-30 09:37:19,467 [INFO] [OK] USA/GFS_ENSEMBLE_Wheat_Winter_PRCP_DEP/cumulative dia 05 (2026-07-30 → 2026-08-04) 57811 bytes
2026-07-30 09:37:19,539 [INFO] [OK] USA/GFS_ENSEMBLE_Wheat_Winter_PRCP_DEP/cumulative dia 06 (2026-07-30 → 2026-08-05) 57856 bytes
2026-07-30 09:37:19,687 [INFO] [OK] USA/GFS_ENSEMBLE_Wheat_Winter_PRCP_DEP/cumulative dia 07 (2026-07-30 → 2026-08-06) 57705 bytes
2026-07-30 09:37:19,906 [INFO] [OK] USA/GFS_ENSEMBLE_Wheat_Winter_PRCP_DEP/cumulative dia 08 (2026-07-30 → 2026-08-07) 57990 bytes
2026-07-30 09:37:20,681 [INFO] [OK] USA/GFS_ENSEMBLE_Wheat_Winter_PRCP_DEP/cumulative dia 09 (2026-07-30 → 2026-08-08) 58944 bytes
2026-07-30 09:37:20,982 [INFO] [OK] USA/GFS_ENSEMBLE_Wheat_Winter_PRCP_DEP/cumulative dia 10 (2026-07-30 → 2026-08-09) 58761 bytes
2026-07-30 09:37:22,327 [INFO] [OK] USA/GFS_ENSEMBLE_Wheat_Winter_PRCP_DEP/cumulative dia 11 (2026-07-30 → 2026-08-10) 58597 bytes
2026-07-30 09:37:22,388 [INFO] [OK] USA/GFS_ENSEMBLE_Wheat_Winter_PRCP_DEP/cumulative dia 12 (2026-07-30 → 2026-08-11) 58941 bytes
2026-07-30 09:37:22,494 [INFO] [OK] USA/GFS_ENSEMBLE_Wheat_Winter_PRCP/daily dia 00 (2026-07-30 → 2026-07-30) 39075 bytes
2026-07-30 09:37:22,801 [INFO] [OK] USA/GFS_ENSEMBLE_Wheat_Winter_PRCP/daily dia 01 (2026-07-31 → 2026-07-31) 39487 bytes
2026-07-30 09:37:22,878 [INFO] [OK] USA/GFS_ENSEMBLE_Wheat_Winter_PRCP_DEP/cumulative dia 14 (2026-07-30 → 2026-08-13) 59892 bytes
2026-07-30 09:37:22,942 [INFO] [OK] USA/GFS_ENSEMBLE_Wheat_Winter_PRCP_DEP/cumulative dia 13 (2026-07-30 → 2026-08-12) 59511 bytes
2026-07-30 09:37:23,877 [INFO] [OK] USA/GFS_ENSEMBLE_Wheat_Winter_PRCP/daily dia 02 (2026-08-01 → 2026-08-01) 39675 bytes
2026-07-30 09:37:23,934 [INFO] [OK] USA/GFS_ENSEMBLE_Wheat_Winter_PRCP/daily dia 03 (2026-08-02 → 2026-08-02) 37656 bytes
2026-07-30 09:37:24,333 [INFO] [OK] USA/GFS_ENSEMBLE_Wheat_Winter_PRCP/daily dia 04 (2026-08-03 → 2026-08-03) 36805 bytes
2026-07-30 09:37:24,532 [INFO] [OK] USA/GFS_ENSEMBLE_Wheat_Winter_PRCP/daily dia 05 (2026-08-04 → 2026-08-04) 37449 bytes
2026-07-30 09:37:24,533 [INFO] [OK] USA/GFS_ENSEMBLE_Wheat_Winter_PRCP/daily dia 06 (2026-08-05 → 2026-08-05) 37216 bytes
2026-07-30 09:37:24,534 [INFO] [OK] USA/GFS_ENSEMBLE_Wheat_Winter_PRCP/daily dia 07 (2026-08-06 → 2026-08-06) 37116 bytes
2026-07-30 09:37:25,554 [INFO] [OK] USA/GFS_ENSEMBLE_Wheat_Winter_PRCP/daily dia 08 (2026-08-07 → 2026-08-07) 36872 bytes
2026-07-30 09:37:25,556 [INFO] [OK] USA/GFS_ENSEMBLE_Wheat_Winter_PRCP/daily dia 09 (2026-08-08 → 2026-08-08) 36966 bytes
2026-07-30 09:37:26,090 [INFO] [OK] USA/GFS_ENSEMBLE_Wheat_Winter_PRCP/daily dia 12 (2026-08-11 → 2026-08-11) 37513 bytes
2026-07-30 09:37:26,094 [INFO] [OK] USA/GFS_ENSEMBLE_Wheat_Winter_PRCP/daily dia 13 (2026-08-12 → 2026-08-12) 37582 bytes
2026-07-30 09:37:26,125 [INFO] [OK] USA/GFS_ENSEMBLE_Wheat_Winter_PRCP/daily dia 10 (2026-08-09 → 2026-08-09) 37251 bytes
2026-07-30 09:37:26,126 [INFO] [OK] USA/GFS_ENSEMBLE_Wheat_Winter_PRCP/daily dia 11 (2026-08-10 → 2026-08-10) 37478 bytes
2026-07-30 09:37:27,131 [INFO] [OK] USA/GFS_ENSEMBLE_Wheat_Winter_PRCP/cumulative dia 00 (2026-07-30 → 2026-07-30) 39075 bytes
2026-07-30 09:37:27,186 [INFO] [OK] USA/GFS_ENSEMBLE_Wheat_Winter_PRCP/daily dia 14 (2026-08-13 → 2026-08-13) 37195 bytes
2026-07-30 09:37:28,047 [INFO] [OK] USA/GFS_ENSEMBLE_Wheat_Winter_PRCP/cumulative dia 02 (2026-07-30 → 2026-08-01) 44923 bytes
2026-07-30 09:37:28,144 [INFO] [OK] USA/GFS_ENSEMBLE_Wheat_Winter_PRCP/cumulative dia 01 (2026-07-30 → 2026-07-31) 42126 bytes
2026-07-30 09:37:28,158 [INFO] [OK] USA/GFS_ENSEMBLE_Wheat_Winter_PRCP/cumulative dia 04 (2026-07-30 → 2026-08-03) 46620 bytes
2026-07-30 09:37:28,317 [INFO] [OK] USA/GFS_ENSEMBLE_Wheat_Winter_PRCP/cumulative dia 03 (2026-07-30 → 2026-08-02) 46256 bytes
2026-07-30 09:37:29,180 [INFO] [OK] USA/GFS_ENSEMBLE_Wheat_Winter_PRCP/cumulative dia 05 (2026-07-30 → 2026-08-04) 47244 bytes
2026-07-30 09:37:29,329 [INFO] [OK] USA/GFS_ENSEMBLE_Wheat_Winter_PRCP/cumulative dia 06 (2026-07-30 → 2026-08-05) 48026 bytes
2026-07-30 09:37:30,522 [INFO] [OK] USA/GFS_ENSEMBLE_Wheat_Winter_PRCP/cumulative dia 07 (2026-07-30 → 2026-08-06) 48616 bytes
2026-07-30 09:37:30,656 [INFO] [OK] USA/GFS_ENSEMBLE_Wheat_Winter_PRCP/cumulative dia 08 (2026-07-30 → 2026-08-07) 48959 bytes
2026-07-30 09:37:30,771 [INFO] [OK] USA/GFS_ENSEMBLE_Wheat_Winter_PRCP/cumulative dia 09 (2026-07-30 → 2026-08-08) 49085 bytes
2026-07-30 09:37:31,176 [INFO] [OK] USA/GFS_ENSEMBLE_Wheat_Winter_PRCP/cumulative dia 10 (2026-07-30 → 2026-08-09) 49422 bytes
2026-07-30 09:37:31,887 [INFO] [OK] USA/GFS_ENSEMBLE_Wheat_Winter_PRCP/cumulative dia 11 (2026-07-30 → 2026-08-10) 50282 bytes
2026-07-30 09:37:32,170 [INFO] [OK] USA/GFS_ENSEMBLE_Wheat_Winter_PRCP/cumulative dia 12 (2026-07-30 → 2026-08-11) 50564 bytes
2026-07-30 09:37:32,456 [INFO] [OK] USA/GFS_ENSEMBLE_Wheat_Spring_PRCP_DEP/daily dia 00 (2026-07-30 → 2026-07-30) 47274 bytes
2026-07-30 09:37:32,789 [INFO] [OK] USA/GFS_ENSEMBLE_Wheat_Spring_PRCP_DEP/daily dia 01 (2026-07-31 → 2026-07-31) 49202 bytes
2026-07-30 09:37:33,295 [INFO] [OK] USA/GFS_ENSEMBLE_Wheat_Winter_PRCP/cumulative dia 13 (2026-07-30 → 2026-08-12) 50583 bytes
2026-07-30 09:37:33,476 [INFO] [OK] USA/GFS_ENSEMBLE_Wheat_Spring_PRCP_DEP/daily dia 02 (2026-08-01 → 2026-08-01) 49625 bytes
2026-07-30 09:37:33,578 [INFO] [OK] USA/GFS_ENSEMBLE_Wheat_Winter_PRCP/cumulative dia 14 (2026-07-30 → 2026-08-13) 50797 bytes
2026-07-30 09:37:33,825 [INFO] [OK] USA/GFS_ENSEMBLE_Wheat_Spring_PRCP_DEP/daily dia 03 (2026-08-02 → 2026-08-02) 45586 bytes
2026-07-30 09:37:34,032 [INFO] [OK] USA/GFS_ENSEMBLE_Wheat_Spring_PRCP_DEP/daily dia 04 (2026-08-03 → 2026-08-03) 48339 bytes
2026-07-30 09:37:34,392 [INFO] [OK] USA/GFS_ENSEMBLE_Wheat_Spring_PRCP_DEP/daily dia 05 (2026-08-04 → 2026-08-04) 52396 bytes
2026-07-30 09:37:34,891 [INFO] [OK] USA/GFS_ENSEMBLE_Wheat_Spring_PRCP_DEP/daily dia 06 (2026-08-05 → 2026-08-05) 50568 bytes
2026-07-30 09:37:35,212 [INFO] [OK] USA/GFS_ENSEMBLE_Wheat_Spring_PRCP_DEP/daily dia 07 (2026-08-06 → 2026-08-06) 54896 bytes
2026-07-30 09:37:35,292 [INFO] [OK] USA/GFS_ENSEMBLE_Wheat_Spring_PRCP_DEP/daily dia 08 (2026-08-07 → 2026-08-07) 53652 bytes
2026-07-30 09:37:35,472 [INFO] [OK] USA/GFS_ENSEMBLE_Wheat_Spring_PRCP_DEP/daily dia 09 (2026-08-08 → 2026-08-08) 53804 bytes
2026-07-30 09:37:35,655 [INFO] [OK] USA/GFS_ENSEMBLE_Wheat_Spring_PRCP_DEP/daily dia 10 (2026-08-09 → 2026-08-09) 55676 bytes
2026-07-30 09:37:36,159 [INFO] [OK] USA/GFS_ENSEMBLE_Wheat_Spring_PRCP_DEP/daily dia 11 (2026-08-10 → 2026-08-10) 56824 bytes
2026-07-30 09:37:36,747 [INFO] [OK] USA/GFS_ENSEMBLE_Wheat_Spring_PRCP_DEP/daily dia 12 (2026-08-11 → 2026-08-11) 55625 bytes
2026-07-30 09:37:36,976 [INFO] [OK] USA/GFS_ENSEMBLE_Wheat_Spring_PRCP_DEP/daily dia 13 (2026-08-12 → 2026-08-12) 54958 bytes
2026-07-30 09:37:37,093 [INFO] [OK] USA/GFS_ENSEMBLE_Wheat_Spring_PRCP_DEP/daily dia 14 (2026-08-13 → 2026-08-13) 56415 bytes
2026-07-30 09:37:37,286 [INFO] [OK] USA/GFS_ENSEMBLE_Wheat_Spring_PRCP_DEP/cumulative dia 00 (2026-07-30 → 2026-07-30) 47274 bytes
2026-07-30 09:37:37,430 [INFO] [OK] USA/GFS_ENSEMBLE_Wheat_Spring_PRCP_DEP/cumulative dia 01 (2026-07-30 → 2026-07-31) 50454 bytes
2026-07-30 09:37:37,976 [INFO] [OK] USA/GFS_ENSEMBLE_Wheat_Spring_PRCP_DEP/cumulative dia 02 (2026-07-30 → 2026-08-01) 54221 bytes
2026-07-30 09:37:38,703 [INFO] [OK] USA/GFS_ENSEMBLE_Wheat_Spring_PRCP_DEP/cumulative dia 03 (2026-07-30 → 2026-08-02) 55244 bytes
2026-07-30 09:37:39,268 [INFO] [OK] USA/GFS_ENSEMBLE_Wheat_Spring_PRCP_DEP/cumulative dia 04 (2026-07-30 → 2026-08-03) 55247 bytes
2026-07-30 09:37:39,273 [INFO] [OK] USA/GFS_ENSEMBLE_Wheat_Spring_PRCP_DEP/cumulative dia 05 (2026-07-30 → 2026-08-04) 54319 bytes
2026-07-30 09:37:39,503 [INFO] [OK] USA/GFS_ENSEMBLE_Wheat_Spring_PRCP_DEP/cumulative dia 06 (2026-07-30 → 2026-08-05) 54387 bytes
2026-07-30 09:37:39,727 [INFO] [OK] USA/GFS_ENSEMBLE_Wheat_Spring_PRCP_DEP/cumulative dia 07 (2026-07-30 → 2026-08-06) 54295 bytes
2026-07-30 09:37:40,344 [INFO] [OK] USA/GFS_ENSEMBLE_Wheat_Spring_PRCP_DEP/cumulative dia 08 (2026-07-30 → 2026-08-07) 54506 bytes
2026-07-30 09:37:41,219 [INFO] [OK] USA/GFS_ENSEMBLE_Wheat_Spring_PRCP_DEP/cumulative dia 09 (2026-07-30 → 2026-08-08) 55582 bytes
2026-07-30 09:37:42,026 [INFO] [OK] USA/GFS_ENSEMBLE_Wheat_Spring_PRCP_DEP/cumulative dia 10 (2026-07-30 → 2026-08-09) 55166 bytes
2026-07-30 09:37:42,172 [INFO] [OK] USA/GFS_ENSEMBLE_Wheat_Spring_PRCP_DEP/cumulative dia 11 (2026-07-30 → 2026-08-10) 55055 bytes
2026-07-30 09:37:42,349 [INFO] [OK] USA/GFS_ENSEMBLE_Wheat_Spring_PRCP_DEP/cumulative dia 12 (2026-07-30 → 2026-08-11) 55862 bytes
2026-07-30 09:37:42,622 [INFO] [OK] USA/GFS_ENSEMBLE_Wheat_Spring_PRCP_DEP/cumulative dia 13 (2026-07-30 → 2026-08-12) 56632 bytes
2026-07-30 09:37:42,796 [INFO] [OK] USA/GFS_ENSEMBLE_Wheat_Spring_PRCP/daily dia 00 (2026-07-30 → 2026-07-30) 36204 bytes
2026-07-30 09:37:43,567 [INFO] [OK] USA/GFS_ENSEMBLE_Wheat_Spring_PRCP_DEP/cumulative dia 14 (2026-07-30 → 2026-08-13) 57197 bytes
2026-07-30 09:37:43,661 [INFO] [OK] USA/GFS_ENSEMBLE_Wheat_Spring_PRCP/daily dia 01 (2026-07-31 → 2026-07-31) 36553 bytes
2026-07-30 09:37:43,702 [INFO] [OK] USA/GFS_ENSEMBLE_Wheat_Spring_PRCP/daily dia 02 (2026-08-01 → 2026-08-01) 36414 bytes
2026-07-30 09:37:44,194 [INFO] [OK] USA/GFS_ENSEMBLE_Wheat_Spring_PRCP/daily dia 03 (2026-08-02 → 2026-08-02) 34404 bytes
2026-07-30 09:37:44,219 [INFO] [OK] USA/GFS_ENSEMBLE_Wheat_Spring_PRCP/daily dia 04 (2026-08-03 → 2026-08-03) 33634 bytes
2026-07-30 09:37:44,335 [INFO] [OK] USA/GFS_ENSEMBLE_Wheat_Spring_PRCP/daily dia 05 (2026-08-04 → 2026-08-04) 34411 bytes
2026-07-30 09:37:45,147 [INFO] [OK] USA/GFS_ENSEMBLE_Wheat_Spring_PRCP/daily dia 06 (2026-08-05 → 2026-08-05) 33936 bytes
2026-07-30 09:37:45,215 [INFO] [OK] USA/GFS_ENSEMBLE_Wheat_Spring_PRCP/daily dia 07 (2026-08-06 → 2026-08-06) 34193 bytes
2026-07-30 09:37:45,306 [INFO] [OK] USA/GFS_ENSEMBLE_Wheat_Spring_PRCP/daily dia 08 (2026-08-07 → 2026-08-07) 33885 bytes
2026-07-30 09:37:45,725 [INFO] [OK] USA/GFS_ENSEMBLE_Wheat_Spring_PRCP/daily dia 10 (2026-08-09 → 2026-08-09) 34004 bytes
2026-07-30 09:37:45,769 [INFO] [OK] USA/GFS_ENSEMBLE_Wheat_Spring_PRCP/daily dia 09 (2026-08-08 → 2026-08-08) 34106 bytes
2026-07-30 09:37:45,856 [INFO] [OK] USA/GFS_ENSEMBLE_Wheat_Spring_PRCP/daily dia 11 (2026-08-10 → 2026-08-10) 34306 bytes
2026-07-30 09:37:46,726 [INFO] [OK] USA/GFS_ENSEMBLE_Wheat_Spring_PRCP/daily dia 12 (2026-08-11 → 2026-08-11) 34521 bytes
2026-07-30 09:37:46,864 [INFO] [OK] USA/GFS_ENSEMBLE_Wheat_Spring_PRCP/daily dia 13 (2026-08-12 → 2026-08-12) 34635 bytes
2026-07-30 09:37:47,149 [INFO] [OK] USA/GFS_ENSEMBLE_Wheat_Spring_PRCP/daily dia 14 (2026-08-13 → 2026-08-13) 34122 bytes
2026-07-30 09:37:47,471 [INFO] [OK] USA/GFS_ENSEMBLE_Wheat_Spring_PRCP/cumulative dia 00 (2026-07-30 → 2026-07-30) 36204 bytes
2026-07-30 09:37:47,474 [INFO] [OK] USA/GFS_ENSEMBLE_Wheat_Spring_PRCP/cumulative dia 01 (2026-07-30 → 2026-07-31) 39003 bytes
2026-07-30 09:37:47,653 [INFO] [OK] USA/GFS_ENSEMBLE_Wheat_Spring_PRCP/cumulative dia 02 (2026-07-30 → 2026-08-01) 41635 bytes
2026-07-30 09:37:48,580 [INFO] [OK] USA/GFS_ENSEMBLE_Wheat_Spring_PRCP/cumulative dia 03 (2026-07-30 → 2026-08-02) 42796 bytes
2026-07-30 09:37:48,901 [INFO] [OK] USA/GFS_ENSEMBLE_Wheat_Spring_PRCP/cumulative dia 04 (2026-07-30 → 2026-08-03) 43185 bytes
2026-07-30 09:37:49,305 [INFO] [OK] USA/GFS_ENSEMBLE_Wheat_Spring_PRCP/cumulative dia 05 (2026-07-30 → 2026-08-04) 43782 bytes
2026-07-30 09:37:49,678 [INFO] [OK] USA/GFS_ENSEMBLE_Wheat_Spring_PRCP/cumulative dia 06 (2026-07-30 → 2026-08-05) 44444 bytes
2026-07-30 09:37:49,735 [INFO] [OK] USA/GFS_ENSEMBLE_Wheat_Spring_PRCP/cumulative dia 07 (2026-07-30 → 2026-08-06) 45091 bytes
2026-07-30 09:37:49,969 [INFO] [OK] USA/GFS_ENSEMBLE_Wheat_Spring_PRCP/cumulative dia 08 (2026-07-30 → 2026-08-07) 45471 bytes
2026-07-30 09:37:51,146 [INFO] [OK] USA/GFS_ENSEMBLE_Wheat_Spring_PRCP/cumulative dia 09 (2026-07-30 → 2026-08-08) 45616 bytes
2026-07-30 09:37:51,691 [INFO] [OK] USA/GFS_ENSEMBLE_Wheat_Spring_PRCP/cumulative dia 10 (2026-07-30 → 2026-08-09) 45768 bytes
2026-07-30 09:37:52,293 [INFO] [OK] USA/GFS_ENSEMBLE_Wheat_Spring_PRCP/cumulative dia 11 (2026-07-30 → 2026-08-10) 46725 bytes
2026-07-30 09:37:52,723 [INFO] [OK] USA/GFS_ENSEMBLE_Wheat_Spring_PRCP/cumulative dia 12 (2026-07-30 → 2026-08-11) 46919 bytes
2026-07-30 09:37:52,937 [INFO] [OK] USA/ECM_ENSEMBLE_Corn_PRCP_DEP/daily dia 00 (2026-07-30 → 2026-07-30) 52378 bytes
2026-07-30 09:37:53,114 [INFO] [OK] USA/GFS_ENSEMBLE_Wheat_Spring_PRCP/cumulative dia 13 (2026-07-30 → 2026-08-12) 46815 bytes
2026-07-30 09:37:53,283 [INFO] [OK] USA/GFS_ENSEMBLE_Wheat_Spring_PRCP/cumulative dia 14 (2026-07-30 → 2026-08-13) 47158 bytes
2026-07-30 09:37:53,284 [INFO] [OK] USA/ECM_ENSEMBLE_Corn_PRCP_DEP/daily dia 01 (2026-07-31 → 2026-07-31) 50233 bytes
2026-07-30 09:37:53,835 [INFO] [OK] USA/ECM_ENSEMBLE_Corn_PRCP_DEP/daily dia 02 (2026-08-01 → 2026-08-01) 49611 bytes
2026-07-30 09:37:54,280 [INFO] [OK] USA/ECM_ENSEMBLE_Corn_PRCP_DEP/daily dia 03 (2026-08-02 → 2026-08-02) 46548 bytes
2026-07-30 09:37:54,649 [INFO] [OK] USA/ECM_ENSEMBLE_Corn_PRCP_DEP/daily dia 04 (2026-08-03 → 2026-08-03) 47726 bytes
2026-07-30 09:37:54,740 [INFO] [OK] USA/ECM_ENSEMBLE_Corn_PRCP_DEP/daily dia 05 (2026-08-04 → 2026-08-04) 50811 bytes
2026-07-30 09:37:54,870 [INFO] [OK] USA/ECM_ENSEMBLE_Corn_PRCP_DEP/daily dia 06 (2026-08-05 → 2026-08-05) 52559 bytes
2026-07-30 09:37:55,016 [INFO] [OK] USA/ECM_ENSEMBLE_Corn_PRCP_DEP/daily dia 07 (2026-08-06 → 2026-08-06) 52927 bytes
2026-07-30 09:37:55,465 [INFO] [OK] USA/ECM_ENSEMBLE_Corn_PRCP_DEP/daily dia 08 (2026-08-07 → 2026-08-07) 53440 bytes
2026-07-30 09:37:55,903 [INFO] [OK] USA/ECM_ENSEMBLE_Corn_PRCP_DEP/daily dia 09 (2026-08-08 → 2026-08-08) 54883 bytes
2026-07-30 09:37:56,235 [INFO] [OK] USA/ECM_ENSEMBLE_Corn_PRCP_DEP/daily dia 10 (2026-08-09 → 2026-08-09) 55574 bytes
2026-07-30 09:37:56,445 [INFO] [OK] USA/ECM_ENSEMBLE_Corn_PRCP_DEP/daily dia 11 (2026-08-10 → 2026-08-10) 57265 bytes
2026-07-30 09:37:56,606 [INFO] [OK] USA/ECM_ENSEMBLE_Corn_PRCP_DEP/daily dia 12 (2026-08-11 → 2026-08-11) 56662 bytes
2026-07-30 09:37:56,783 [INFO] [OK] USA/ECM_ENSEMBLE_Corn_PRCP_DEP/daily dia 13 (2026-08-12 → 2026-08-12) 57918 bytes
2026-07-30 09:37:57,078 [INFO] [OK] USA/ECM_ENSEMBLE_Corn_PRCP_DEP/daily dia 14 (2026-08-13 → 2026-08-13) 58036 bytes
2026-07-30 09:37:57,534 [INFO] [OK] USA/ECM_ENSEMBLE_Corn_PRCP_DEP/cumulative dia 00 (2026-07-30 → 2026-07-30) 52378 bytes
2026-07-30 09:37:58,080 [INFO] [OK] USA/ECM_ENSEMBLE_Corn_PRCP_DEP/cumulative dia 01 (2026-07-30 → 2026-07-31) 54391 bytes
2026-07-30 09:37:58,357 [INFO] [OK] USA/ECM_ENSEMBLE_Corn_PRCP_DEP/cumulative dia 02 (2026-07-30 → 2026-08-01) 57341 bytes
2026-07-30 09:37:58,588 [INFO] [OK] USA/ECM_ENSEMBLE_Corn_PRCP_DEP/cumulative dia 03 (2026-07-30 → 2026-08-02) 58023 bytes
2026-07-30 09:37:58,786 [INFO] [OK] USA/ECM_ENSEMBLE_Corn_PRCP_DEP/cumulative dia 04 (2026-07-30 → 2026-08-03) 56657 bytes
2026-07-30 09:37:59,235 [INFO] [OK] USA/ECM_ENSEMBLE_Corn_PRCP_DEP/cumulative dia 05 (2026-07-30 → 2026-08-04) 56489 bytes
2026-07-30 09:38:00,092 [INFO] [OK] USA/ECM_ENSEMBLE_Corn_PRCP_DEP/cumulative dia 06 (2026-07-30 → 2026-08-05) 56900 bytes
2026-07-30 09:38:00,696 [INFO] [OK] USA/ECM_ENSEMBLE_Corn_PRCP_DEP/cumulative dia 07 (2026-07-30 → 2026-08-06) 56174 bytes
2026-07-30 09:38:01,152 [INFO] [OK] USA/ECM_ENSEMBLE_Corn_PRCP_DEP/cumulative dia 08 (2026-07-30 → 2026-08-07) 56291 bytes
2026-07-30 09:38:01,444 [INFO] [OK] USA/ECM_ENSEMBLE_Corn_PRCP_DEP/cumulative dia 09 (2026-07-30 → 2026-08-08) 56246 bytes
2026-07-30 09:38:01,529 [INFO] [OK] USA/ECM_ENSEMBLE_Corn_PRCP_DEP/cumulative dia 10 (2026-07-30 → 2026-08-09) 57299 bytes
2026-07-30 09:38:02,041 [INFO] [OK] USA/ECM_ENSEMBLE_Corn_PRCP_DEP/cumulative dia 11 (2026-07-30 → 2026-08-10) 58274 bytes
2026-07-30 09:38:02,958 [INFO] [OK] USA/ECM_ENSEMBLE_Corn_PRCP_DEP/cumulative dia 12 (2026-07-30 → 2026-08-11) 59133 bytes
2026-07-30 09:38:03,066 [INFO] [OK] USA/ECM_ENSEMBLE_Corn_PRCP/daily dia 00 (2026-07-30 → 2026-07-30) 38507 bytes
2026-07-30 09:38:03,252 [INFO] [OK] USA/ECM_ENSEMBLE_Corn_PRCP/daily dia 01 (2026-07-31 → 2026-07-31) 38559 bytes
2026-07-30 09:38:03,764 [INFO] [OK] USA/ECM_ENSEMBLE_Corn_PRCP/daily dia 02 (2026-08-01 → 2026-08-01) 38244 bytes
2026-07-30 09:38:03,814 [INFO] [OK] USA/ECM_ENSEMBLE_Corn_PRCP_DEP/cumulative dia 13 (2026-07-30 → 2026-08-12) 59424 bytes
2026-07-30 09:38:04,667 [INFO] [OK] USA/ECM_ENSEMBLE_Corn_PRCP/daily dia 04 (2026-08-03 → 2026-08-03) 35739 bytes
2026-07-30 09:38:04,667 [INFO] [OK] USA/ECM_ENSEMBLE_Corn_PRCP/daily dia 03 (2026-08-02 → 2026-08-02) 37431 bytes
2026-07-30 09:38:04,671 [INFO] [OK] USA/ECM_ENSEMBLE_Corn_PRCP_DEP/cumulative dia 14 (2026-07-30 → 2026-08-13) 59649 bytes
2026-07-30 09:38:04,803 [INFO] [OK] USA/ECM_ENSEMBLE_Corn_PRCP/daily dia 05 (2026-08-04 → 2026-08-04) 35356 bytes
2026-07-30 09:38:05,415 [INFO] [OK] USA/ECM_ENSEMBLE_Corn_PRCP/daily dia 06 (2026-08-05 → 2026-08-05) 34931 bytes
2026-07-30 09:38:05,491 [INFO] [OK] USA/ECM_ENSEMBLE_Corn_PRCP/daily dia 07 (2026-08-06 → 2026-08-06) 35005 bytes
2026-07-30 09:38:06,211 [INFO] [OK] USA/ECM_ENSEMBLE_Corn_PRCP/daily dia 09 (2026-08-08 → 2026-08-08) 35253 bytes
2026-07-30 09:38:06,230 [INFO] [OK] USA/ECM_ENSEMBLE_Corn_PRCP/daily dia 08 (2026-08-07 → 2026-08-07) 35283 bytes
2026-07-30 09:38:06,256 [INFO] [OK] USA/ECM_ENSEMBLE_Corn_PRCP/daily dia 10 (2026-08-09 → 2026-08-09) 34882 bytes
2026-07-30 09:38:06,312 [INFO] [OK] USA/ECM_ENSEMBLE_Corn_PRCP/daily dia 11 (2026-08-10 → 2026-08-10) 35018 bytes
2026-07-30 09:38:06,956 [INFO] [OK] USA/ECM_ENSEMBLE_Corn_PRCP/daily dia 12 (2026-08-11 → 2026-08-11) 35560 bytes
2026-07-30 09:38:07,156 [INFO] [OK] USA/ECM_ENSEMBLE_Corn_PRCP/daily dia 13 (2026-08-12 → 2026-08-12) 36471 bytes
2026-07-30 09:38:07,740 [INFO] [OK] USA/ECM_ENSEMBLE_Corn_PRCP/daily dia 14 (2026-08-13 → 2026-08-13) 36695 bytes
2026-07-30 09:38:07,800 [INFO] [OK] USA/ECM_ENSEMBLE_Corn_PRCP/cumulative dia 00 (2026-07-30 → 2026-07-30) 38507 bytes
2026-07-30 09:38:07,933 [INFO] [OK] USA/ECM_ENSEMBLE_Corn_PRCP/cumulative dia 01 (2026-07-30 → 2026-07-31) 41922 bytes
2026-07-30 09:38:08,063 [INFO] [OK] USA/ECM_ENSEMBLE_Corn_PRCP/cumulative dia 02 (2026-07-30 → 2026-08-01) 44088 bytes
2026-07-30 09:38:08,821 [INFO] [OK] USA/ECM_ENSEMBLE_Corn_PRCP/cumulative dia 03 (2026-07-30 → 2026-08-02) 45672 bytes
2026-07-30 09:38:09,276 [INFO] [OK] USA/ECM_ENSEMBLE_Corn_PRCP/cumulative dia 04 (2026-07-30 → 2026-08-03) 46356 bytes
2026-07-30 09:38:09,992 [INFO] [OK] USA/ECM_ENSEMBLE_Corn_PRCP/cumulative dia 05 (2026-07-30 → 2026-08-04) 46460 bytes
2026-07-30 09:38:09,996 [INFO] [OK] USA/ECM_ENSEMBLE_Corn_PRCP/cumulative dia 06 (2026-07-30 → 2026-08-05) 46718 bytes
2026-07-30 09:38:10,461 [INFO] [OK] USA/ECM_ENSEMBLE_Corn_PRCP/cumulative dia 07 (2026-07-30 → 2026-08-06) 47129 bytes
2026-07-30 09:38:10,656 [INFO] [OK] USA/ECM_ENSEMBLE_Corn_PRCP/cumulative dia 08 (2026-07-30 → 2026-08-07) 48054 bytes
2026-07-30 09:38:11,233 [INFO] [OK] USA/ECM_ENSEMBLE_Corn_PRCP/cumulative dia 09 (2026-07-30 → 2026-08-08) 48514 bytes
2026-07-30 09:38:12,170 [INFO] [OK] USA/ECM_ENSEMBLE_Corn_PRCP/cumulative dia 10 (2026-07-30 → 2026-08-09) 49222 bytes
2026-07-30 09:38:12,710 [INFO] [OK] USA/ECM_ENSEMBLE_Corn_PRCP/cumulative dia 11 (2026-07-30 → 2026-08-10) 50057 bytes
2026-07-30 09:38:12,852 [INFO] [OK] USA/ECM_ENSEMBLE_Soy_PRCP_DEP/daily dia 00 (2026-07-30 → 2026-07-30) 51999 bytes
2026-07-30 09:38:12,876 [INFO] [OK] USA/ECM_ENSEMBLE_Corn_PRCP/cumulative dia 12 (2026-07-30 → 2026-08-11) 50261 bytes
2026-07-30 09:38:13,383 [INFO] [OK] USA/ECM_ENSEMBLE_Corn_PRCP/cumulative dia 13 (2026-07-30 → 2026-08-12) 50532 bytes
2026-07-30 09:38:13,606 [INFO] [OK] USA/ECM_ENSEMBLE_Corn_PRCP/cumulative dia 14 (2026-07-30 → 2026-08-13) 50545 bytes
2026-07-30 09:38:13,745 [INFO] [OK] USA/ECM_ENSEMBLE_Soy_PRCP_DEP/daily dia 01 (2026-07-31 → 2026-07-31) 49936 bytes
2026-07-30 09:38:14,239 [INFO] [OK] USA/ECM_ENSEMBLE_Soy_PRCP_DEP/daily dia 02 (2026-08-01 → 2026-08-01) 49326 bytes
2026-07-30 09:38:14,455 [INFO] [OK] USA/ECM_ENSEMBLE_Soy_PRCP_DEP/daily dia 03 (2026-08-02 → 2026-08-02) 46174 bytes
2026-07-30 09:38:14,511 [INFO] [OK] USA/ECM_ENSEMBLE_Soy_PRCP_DEP/daily dia 04 (2026-08-03 → 2026-08-03) 47437 bytes
2026-07-30 09:38:14,901 [INFO] [OK] USA/ECM_ENSEMBLE_Soy_PRCP_DEP/daily dia 05 (2026-08-04 → 2026-08-04) 50571 bytes
2026-07-30 09:38:15,294 [INFO] [OK] USA/ECM_ENSEMBLE_Soy_PRCP_DEP/daily dia 06 (2026-08-05 → 2026-08-05) 52171 bytes
2026-07-30 09:38:17,097 [INFO] [OK] USA/ECM_ENSEMBLE_Soy_PRCP_DEP/daily dia 07 (2026-08-06 → 2026-08-06) 52440 bytes
2026-07-30 09:38:17,343 [INFO] [OK] USA/ECM_ENSEMBLE_Soy_PRCP_DEP/daily dia 11 (2026-08-10 → 2026-08-10) 56877 bytes
2026-07-30 09:38:17,344 [INFO] [OK] USA/ECM_ENSEMBLE_Soy_PRCP_DEP/daily dia 08 (2026-08-07 → 2026-08-07) 53200 bytes
2026-07-30 09:38:17,346 [INFO] [OK] USA/ECM_ENSEMBLE_Soy_PRCP_DEP/daily dia 09 (2026-08-08 → 2026-08-08) 54618 bytes
2026-07-30 09:38:17,348 [INFO] [OK] USA/ECM_ENSEMBLE_Soy_PRCP_DEP/daily dia 10 (2026-08-09 → 2026-08-09) 54911 bytes
2026-07-30 09:38:17,350 [INFO] [OK] USA/ECM_ENSEMBLE_Soy_PRCP_DEP/daily dia 12 (2026-08-11 → 2026-08-11) 56504 bytes
2026-07-30 09:38:20,238 [INFO] [OK] USA/ECM_ENSEMBLE_Soy_PRCP_DEP/daily dia 13 (2026-08-12 → 2026-08-12) 57631 bytes
2026-07-30 09:38:20,240 [INFO] [OK] USA/ECM_ENSEMBLE_Soy_PRCP_DEP/daily dia 14 (2026-08-13 → 2026-08-13) 57755 bytes
2026-07-30 09:38:20,287 [INFO] [OK] USA/ECM_ENSEMBLE_Soy_PRCP_DEP/cumulative dia 02 (2026-07-30 → 2026-08-01) 56922 bytes
2026-07-30 09:38:20,296 [INFO] [OK] USA/ECM_ENSEMBLE_Soy_PRCP_DEP/cumulative dia 01 (2026-07-30 → 2026-07-31) 53944 bytes
2026-07-30 09:38:20,300 [INFO] [OK] USA/ECM_ENSEMBLE_Soy_PRCP_DEP/cumulative dia 00 (2026-07-30 → 2026-07-30) 51999 bytes
2026-07-30 09:38:20,308 [INFO] [OK] USA/ECM_ENSEMBLE_Soy_PRCP_DEP/cumulative dia 03 (2026-07-30 → 2026-08-02) 57505 bytes
2026-07-30 09:38:22,854 [INFO] [OK] USA/ECM_ENSEMBLE_Soy_PRCP_DEP/cumulative dia 04 (2026-07-30 → 2026-08-03) 56293 bytes
2026-07-30 09:38:22,863 [INFO] [OK] USA/ECM_ENSEMBLE_Soy_PRCP_DEP/cumulative dia 05 (2026-07-30 → 2026-08-04) 56151 bytes
2026-07-30 09:38:22,866 [INFO] [OK] USA/ECM_ENSEMBLE_Soy_PRCP_DEP/cumulative dia 07 (2026-07-30 → 2026-08-06) 55930 bytes
2026-07-30 09:38:23,037 [INFO] [OK] USA/ECM_ENSEMBLE_Soy_PRCP_DEP/cumulative dia 08 (2026-07-30 → 2026-08-07) 56005 bytes
2026-07-30 09:38:23,133 [INFO] [OK] USA/ECM_ENSEMBLE_Soy_PRCP_DEP/cumulative dia 06 (2026-07-30 → 2026-08-05) 56750 bytes
2026-07-30 09:38:23,168 [INFO] [OK] USA/ECM_ENSEMBLE_Soy_PRCP_DEP/cumulative dia 09 (2026-07-30 → 2026-08-08) 56183 bytes
2026-07-30 09:38:24,926 [INFO] [OK] USA/ECM_ENSEMBLE_Soy_PRCP/daily dia 00 (2026-07-30 → 2026-07-30) 37920 bytes
2026-07-30 09:38:25,769 [INFO] [OK] USA/ECM_ENSEMBLE_Soy_PRCP_DEP/cumulative dia 10 (2026-07-30 → 2026-08-09) 57098 bytes
2026-07-30 09:38:26,058 [INFO] [OK] USA/ECM_ENSEMBLE_Soy_PRCP_DEP/cumulative dia 11 (2026-07-30 → 2026-08-10) 57859 bytes
2026-07-30 09:38:26,064 [INFO] [OK] USA/ECM_ENSEMBLE_Soy_PRCP_DEP/cumulative dia 12 (2026-07-30 → 2026-08-11) 58957 bytes
2026-07-30 09:38:26,071 [INFO] [OK] USA/ECM_ENSEMBLE_Soy_PRCP_DEP/cumulative dia 13 (2026-07-30 → 2026-08-12) 59278 bytes
2026-07-30 09:38:26,397 [INFO] [OK] USA/ECM_ENSEMBLE_Soy_PRCP_DEP/cumulative dia 14 (2026-07-30 → 2026-08-13) 59613 bytes
2026-07-30 09:38:26,553 [INFO] [OK] USA/ECM_ENSEMBLE_Soy_PRCP/daily dia 01 (2026-07-31 → 2026-07-31) 38064 bytes
2026-07-30 09:38:27,325 [INFO] [OK] USA/ECM_ENSEMBLE_Soy_PRCP/daily dia 02 (2026-08-01 → 2026-08-01) 37845 bytes
2026-07-30 09:38:27,559 [INFO] [OK] USA/ECM_ENSEMBLE_Soy_PRCP/daily dia 05 (2026-08-04 → 2026-08-04) 35064 bytes
2026-07-30 09:38:27,620 [INFO] [OK] USA/ECM_ENSEMBLE_Soy_PRCP/daily dia 04 (2026-08-03 → 2026-08-03) 35263 bytes
2026-07-30 09:38:27,633 [INFO] [OK] USA/ECM_ENSEMBLE_Soy_PRCP/daily dia 03 (2026-08-02 → 2026-08-02) 37013 bytes
2026-07-30 09:38:28,043 [INFO] [OK] USA/ECM_ENSEMBLE_Soy_PRCP/daily dia 06 (2026-08-05 → 2026-08-05) 34363 bytes
2026-07-30 09:38:28,086 [INFO] [OK] USA/ECM_ENSEMBLE_Soy_PRCP/daily dia 07 (2026-08-06 → 2026-08-06) 34639 bytes
2026-07-30 09:38:28,836 [INFO] [OK] USA/ECM_ENSEMBLE_Soy_PRCP/daily dia 08 (2026-08-07 → 2026-08-07) 34683 bytes
2026-07-30 09:38:29,082 [INFO] [OK] USA/ECM_ENSEMBLE_Soy_PRCP/daily dia 09 (2026-08-08 → 2026-08-08) 34790 bytes
2026-07-30 09:38:29,208 [INFO] [OK] USA/ECM_ENSEMBLE_Soy_PRCP/daily dia 11 (2026-08-10 → 2026-08-10) 34508 bytes
2026-07-30 09:38:29,258 [INFO] [OK] USA/ECM_ENSEMBLE_Soy_PRCP/daily dia 10 (2026-08-09 → 2026-08-09) 34430 bytes
2026-07-30 09:38:29,587 [INFO] [OK] USA/ECM_ENSEMBLE_Soy_PRCP/daily dia 12 (2026-08-11 → 2026-08-11) 35025 bytes
2026-07-30 09:38:29,655 [INFO] [OK] USA/ECM_ENSEMBLE_Soy_PRCP/daily dia 13 (2026-08-12 → 2026-08-12) 36203 bytes
2026-07-30 09:38:30,522 [INFO] [OK] USA/ECM_ENSEMBLE_Soy_PRCP/daily dia 14 (2026-08-13 → 2026-08-13) 36364 bytes
2026-07-30 09:38:30,610 [INFO] [OK] USA/ECM_ENSEMBLE_Soy_PRCP/cumulative dia 00 (2026-07-30 → 2026-07-30) 37920 bytes
2026-07-30 09:38:31,048 [INFO] [OK] USA/ECM_ENSEMBLE_Soy_PRCP/cumulative dia 02 (2026-07-30 → 2026-08-01) 43816 bytes
2026-07-30 09:38:31,186 [INFO] [OK] USA/ECM_ENSEMBLE_Soy_PRCP/cumulative dia 01 (2026-07-30 → 2026-07-31) 41447 bytes
2026-07-30 09:38:31,590 [INFO] [OK] USA/ECM_ENSEMBLE_Soy_PRCP/cumulative dia 04 (2026-07-30 → 2026-08-03) 45876 bytes
2026-07-30 09:38:31,675 [INFO] [OK] USA/ECM_ENSEMBLE_Soy_PRCP/cumulative dia 03 (2026-07-30 → 2026-08-02) 45201 bytes
2026-07-30 09:38:32,624 [INFO] [OK] USA/ECM_ENSEMBLE_Soy_PRCP/cumulative dia 05 (2026-07-30 → 2026-08-04) 46072 bytes
2026-07-30 09:38:32,839 [INFO] [OK] USA/ECM_ENSEMBLE_Soy_PRCP/cumulative dia 06 (2026-07-30 → 2026-08-05) 46268 bytes
2026-07-30 09:38:33,287 [INFO] [OK] USA/ECM_ENSEMBLE_Soy_PRCP/cumulative dia 07 (2026-07-30 → 2026-08-06) 46831 bytes
2026-07-30 09:38:33,511 [INFO] [OK] USA/ECM_ENSEMBLE_Soy_PRCP/cumulative dia 08 (2026-07-30 → 2026-08-07) 47586 bytes
2026-07-30 09:38:34,043 [INFO] [OK] USA/ECM_ENSEMBLE_Soy_PRCP/cumulative dia 09 (2026-07-30 → 2026-08-08) 48058 bytes
2026-07-30 09:38:34,205 [INFO] [OK] USA/ECM_ENSEMBLE_Soy_PRCP/cumulative dia 10 (2026-07-30 → 2026-08-09) 48751 bytes
2026-07-30 09:38:35,383 [INFO] [OK] USA/ECM_ENSEMBLE_Soy_PRCP/cumulative dia 11 (2026-07-30 → 2026-08-10) 49700 bytes
2026-07-30 09:38:35,650 [INFO] [OK] USA/ECM_ENSEMBLE_Soy_PRCP/cumulative dia 12 (2026-07-30 → 2026-08-11) 49808 bytes
2026-07-30 09:38:35,769 [INFO] [OK] USA/ECM_ENSEMBLE_Wheat_Winter_PRCP_DEP/daily dia 00 (2026-07-30 → 2026-07-30) 53819 bytes
2026-07-30 09:38:35,807 [INFO] [OK] USA/ECM_ENSEMBLE_Wheat_Winter_PRCP_DEP/daily dia 01 (2026-07-31 → 2026-07-31) 51701 bytes
2026-07-30 09:38:36,301 [INFO] [OK] USA/ECM_ENSEMBLE_Soy_PRCP/cumulative dia 13 (2026-07-30 → 2026-08-12) 50126 bytes
2026-07-30 09:38:36,489 [INFO] [OK] USA/ECM_ENSEMBLE_Soy_PRCP/cumulative dia 14 (2026-07-30 → 2026-08-13) 50151 bytes
2026-07-30 09:38:37,171 [INFO] [OK] USA/ECM_ENSEMBLE_Wheat_Winter_PRCP_DEP/daily dia 02 (2026-08-01 → 2026-08-01) 50627 bytes
2026-07-30 09:38:37,476 [INFO] [OK] USA/ECM_ENSEMBLE_Wheat_Winter_PRCP_DEP/daily dia 03 (2026-08-02 → 2026-08-02) 47796 bytes
2026-07-30 09:38:37,559 [INFO] [OK] USA/ECM_ENSEMBLE_Wheat_Winter_PRCP_DEP/daily dia 04 (2026-08-03 → 2026-08-03) 49114 bytes
2026-07-30 09:38:37,641 [INFO] [OK] USA/ECM_ENSEMBLE_Wheat_Winter_PRCP_DEP/daily dia 05 (2026-08-04 → 2026-08-04) 52006 bytes
2026-07-30 09:38:37,866 [INFO] [OK] USA/ECM_ENSEMBLE_Wheat_Winter_PRCP_DEP/daily dia 06 (2026-08-05 → 2026-08-05) 53649 bytes
2026-07-30 09:38:38,122 [INFO] [OK] USA/ECM_ENSEMBLE_Wheat_Winter_PRCP_DEP/daily dia 07 (2026-08-06 → 2026-08-06) 53918 bytes
2026-07-30 09:38:38,763 [INFO] [OK] USA/ECM_ENSEMBLE_Wheat_Winter_PRCP_DEP/daily dia 08 (2026-08-07 → 2026-08-07) 54507 bytes
2026-07-30 09:38:39,233 [INFO] [OK] USA/ECM_ENSEMBLE_Wheat_Winter_PRCP_DEP/daily dia 10 (2026-08-09 → 2026-08-09) 56650 bytes
2026-07-30 09:38:39,247 [INFO] [OK] USA/ECM_ENSEMBLE_Wheat_Winter_PRCP_DEP/daily dia 09 (2026-08-08 → 2026-08-08) 56194 bytes
2026-07-30 09:38:39,343 [INFO] [OK] USA/ECM_ENSEMBLE_Wheat_Winter_PRCP_DEP/daily dia 11 (2026-08-10 → 2026-08-10) 58599 bytes
2026-07-30 09:38:39,429 [INFO] [OK] USA/ECM_ENSEMBLE_Wheat_Winter_PRCP_DEP/daily dia 12 (2026-08-11 → 2026-08-11) 58223 bytes
2026-07-30 09:38:39,691 [INFO] [OK] USA/ECM_ENSEMBLE_Wheat_Winter_PRCP_DEP/daily dia 13 (2026-08-12 → 2026-08-12) 59250 bytes
2026-07-30 09:38:40,355 [INFO] [OK] USA/ECM_ENSEMBLE_Wheat_Winter_PRCP_DEP/daily dia 14 (2026-08-13 → 2026-08-13) 59205 bytes
2026-07-30 09:38:40,881 [INFO] [OK] USA/ECM_ENSEMBLE_Wheat_Winter_PRCP_DEP/cumulative dia 00 (2026-07-30 → 2026-07-30) 53819 bytes
2026-07-30 09:38:40,935 [INFO] [OK] USA/ECM_ENSEMBLE_Wheat_Winter_PRCP_DEP/cumulative dia 01 (2026-07-30 → 2026-07-31) 55885 bytes
2026-07-30 09:38:41,225 [INFO] [OK] USA/ECM_ENSEMBLE_Wheat_Winter_PRCP_DEP/cumulative dia 02 (2026-07-30 → 2026-08-01) 59007 bytes
2026-07-30 09:38:41,404 [INFO] [OK] USA/ECM_ENSEMBLE_Wheat_Winter_PRCP_DEP/cumulative dia 03 (2026-07-30 → 2026-08-02) 59214 bytes
2026-07-30 09:38:41,699 [INFO] [OK] USA/ECM_ENSEMBLE_Wheat_Winter_PRCP_DEP/cumulative dia 04 (2026-07-30 → 2026-08-03) 58184 bytes
2026-07-30 09:38:42,477 [INFO] [OK] USA/ECM_ENSEMBLE_Wheat_Winter_PRCP_DEP/cumulative dia 05 (2026-07-30 → 2026-08-04) 57921 bytes
2026-07-30 09:38:43,070 [INFO] [OK] USA/ECM_ENSEMBLE_Wheat_Winter_PRCP_DEP/cumulative dia 06 (2026-07-30 → 2026-08-05) 58340 bytes
2026-07-30 09:38:43,356 [INFO] [OK] USA/ECM_ENSEMBLE_Wheat_Winter_PRCP_DEP/cumulative dia 07 (2026-07-30 → 2026-08-06) 57520 bytes
2026-07-30 09:38:43,697 [INFO] [OK] USA/ECM_ENSEMBLE_Wheat_Winter_PRCP_DEP/cumulative dia 08 (2026-07-30 → 2026-08-07) 57606 bytes
2026-07-30 09:38:43,994 [INFO] [OK] USA/ECM_ENSEMBLE_Wheat_Winter_PRCP_DEP/cumulative dia 09 (2026-07-30 → 2026-08-08) 57598 bytes
2026-07-30 09:38:44,333 [INFO] [OK] USA/ECM_ENSEMBLE_Wheat_Winter_PRCP_DEP/cumulative dia 10 (2026-07-30 → 2026-08-09) 58555 bytes
2026-07-30 09:38:45,295 [INFO] [OK] USA/ECM_ENSEMBLE_Wheat_Winter_PRCP_DEP/cumulative dia 11 (2026-07-30 → 2026-08-10) 59209 bytes
2026-07-30 09:38:45,699 [INFO] [OK] USA/ECM_ENSEMBLE_Wheat_Winter_PRCP/daily dia 00 (2026-07-30 → 2026-07-30) 39694 bytes
2026-07-30 09:38:46,030 [INFO] [OK] USA/ECM_ENSEMBLE_Wheat_Winter_PRCP_DEP/cumulative dia 12 (2026-07-30 → 2026-08-11) 59768 bytes
2026-07-30 09:38:46,099 [INFO] [OK] USA/ECM_ENSEMBLE_Wheat_Winter_PRCP/daily dia 01 (2026-07-31 → 2026-07-31) 40011 bytes
2026-07-30 09:38:46,390 [INFO] [OK] USA/ECM_ENSEMBLE_Wheat_Winter_PRCP_DEP/cumulative dia 13 (2026-07-30 → 2026-08-12) 60167 bytes
2026-07-30 09:38:46,966 [INFO] [OK] USA/ECM_ENSEMBLE_Wheat_Winter_PRCP_DEP/cumulative dia 14 (2026-07-30 → 2026-08-13) 60379 bytes
2026-07-30 09:38:47,116 [INFO] [OK] USA/ECM_ENSEMBLE_Wheat_Winter_PRCP/daily dia 02 (2026-08-01 → 2026-08-01) 39274 bytes
2026-07-30 09:38:47,254 [INFO] [OK] USA/ECM_ENSEMBLE_Wheat_Winter_PRCP/daily dia 03 (2026-08-02 → 2026-08-02) 38693 bytes
2026-07-30 09:38:47,545 [INFO] [OK] USA/ECM_ENSEMBLE_Wheat_Winter_PRCP/daily dia 04 (2026-08-03 → 2026-08-03) 36890 bytes
2026-07-30 09:38:48,155 [INFO] [OK] USA/ECM_ENSEMBLE_Wheat_Winter_PRCP/daily dia 06 (2026-08-05 → 2026-08-05) 36100 bytes
2026-07-30 09:38:48,157 [INFO] [OK] USA/ECM_ENSEMBLE_Wheat_Winter_PRCP/daily dia 05 (2026-08-04 → 2026-08-04) 36544 bytes
2026-07-30 09:38:48,648 [INFO] [OK] USA/ECM_ENSEMBLE_Wheat_Winter_PRCP/daily dia 08 (2026-08-07 → 2026-08-07) 36406 bytes
2026-07-30 09:38:48,682 [INFO] [OK] USA/ECM_ENSEMBLE_Wheat_Winter_PRCP/daily dia 07 (2026-08-06 → 2026-08-06) 36146 bytes
2026-07-30 09:38:48,849 [INFO] [OK] USA/ECM_ENSEMBLE_Wheat_Winter_PRCP/daily dia 09 (2026-08-08 → 2026-08-08) 36507 bytes
2026-07-30 09:38:49,159 [INFO] [OK] USA/ECM_ENSEMBLE_Wheat_Winter_PRCP/daily dia 10 (2026-08-09 → 2026-08-09) 36173 bytes
2026-07-30 09:38:49,695 [INFO] [OK] USA/ECM_ENSEMBLE_Wheat_Winter_PRCP/daily dia 11 (2026-08-10 → 2026-08-10) 36195 bytes
2026-07-30 09:38:49,747 [INFO] [OK] USA/ECM_ENSEMBLE_Wheat_Winter_PRCP/daily dia 12 (2026-08-11 → 2026-08-11) 36568 bytes
2026-07-30 09:38:50,172 [INFO] [OK] USA/ECM_ENSEMBLE_Wheat_Winter_PRCP/daily dia 13 (2026-08-12 → 2026-08-12) 37630 bytes
2026-07-30 09:38:50,261 [INFO] [OK] USA/ECM_ENSEMBLE_Wheat_Winter_PRCP/daily dia 14 (2026-08-13 → 2026-08-13) 37752 bytes
2026-07-30 09:38:50,379 [INFO] [OK] USA/ECM_ENSEMBLE_Wheat_Winter_PRCP/cumulative dia 00 (2026-07-30 → 2026-07-30) 39694 bytes
2026-07-30 09:38:50,805 [INFO] [OK] USA/ECM_ENSEMBLE_Wheat_Winter_PRCP/cumulative dia 01 (2026-07-30 → 2026-07-31) 43359 bytes
2026-07-30 09:38:51,481 [INFO] [OK] USA/ECM_ENSEMBLE_Wheat_Winter_PRCP/cumulative dia 02 (2026-07-30 → 2026-08-01) 45799 bytes
2026-07-30 09:38:51,625 [INFO] [OK] USA/ECM_ENSEMBLE_Wheat_Winter_PRCP/cumulative dia 03 (2026-07-30 → 2026-08-02) 47191 bytes
2026-07-30 09:38:52,213 [INFO] [OK] USA/ECM_ENSEMBLE_Wheat_Winter_PRCP/cumulative dia 04 (2026-07-30 → 2026-08-03) 47734 bytes
2026-07-30 09:38:52,280 [INFO] [OK] USA/ECM_ENSEMBLE_Wheat_Winter_PRCP/cumulative dia 05 (2026-07-30 → 2026-08-04) 47802 bytes
2026-07-30 09:38:52,644 [INFO] [OK] USA/ECM_ENSEMBLE_Wheat_Winter_PRCP/cumulative dia 06 (2026-07-30 → 2026-08-05) 47846 bytes
2026-07-30 09:38:53,060 [INFO] [OK] USA/ECM_ENSEMBLE_Wheat_Winter_PRCP/cumulative dia 07 (2026-07-30 → 2026-08-06) 48492 bytes
2026-07-30 09:38:53,952 [INFO] [OK] USA/ECM_ENSEMBLE_Wheat_Winter_PRCP/cumulative dia 08 (2026-07-30 → 2026-08-07) 49529 bytes
2026-07-30 09:38:54,091 [INFO] [OK] USA/ECM_ENSEMBLE_Wheat_Winter_PRCP/cumulative dia 09 (2026-07-30 → 2026-08-08) 49783 bytes
2026-07-30 09:38:54,733 [INFO] [OK] USA/ECM_ENSEMBLE_Wheat_Winter_PRCP/cumulative dia 10 (2026-07-30 → 2026-08-09) 50339 bytes
2026-07-30 09:38:55,004 [INFO] [OK] USA/ECM_ENSEMBLE_Wheat_Winter_PRCP/cumulative dia 11 (2026-07-30 → 2026-08-10) 51450 bytes
2026-07-30 09:38:55,406 [INFO] [OK] USA/ECM_ENSEMBLE_Wheat_Winter_PRCP/cumulative dia 12 (2026-07-30 → 2026-08-11) 51348 bytes
2026-07-30 09:38:55,714 [INFO] [OK] USA/ECM_ENSEMBLE_Wheat_Spring_PRCP_DEP/daily dia 00 (2026-07-30 → 2026-07-30) 50656 bytes
2026-07-30 09:38:55,970 [INFO] [OK] USA/ECM_ENSEMBLE_Wheat_Winter_PRCP/cumulative dia 13 (2026-07-30 → 2026-08-12) 51684 bytes
2026-07-30 09:38:56,372 [INFO] [OK] USA/ECM_ENSEMBLE_Wheat_Spring_PRCP_DEP/daily dia 01 (2026-07-31 → 2026-07-31) 48832 bytes
2026-07-30 09:38:56,626 [INFO] [OK] USA/ECM_ENSEMBLE_Wheat_Spring_PRCP_DEP/daily dia 02 (2026-08-01 → 2026-08-01) 47718 bytes
2026-07-30 09:38:56,776 [INFO] [OK] USA/ECM_ENSEMBLE_Wheat_Winter_PRCP/cumulative dia 14 (2026-07-30 → 2026-08-13) 51666 bytes
2026-07-30 09:38:56,979 [INFO] [OK] USA/ECM_ENSEMBLE_Wheat_Spring_PRCP_DEP/daily dia 03 (2026-08-02 → 2026-08-02) 44556 bytes
2026-07-30 09:38:57,237 [INFO] [OK] USA/ECM_ENSEMBLE_Wheat_Spring_PRCP_DEP/daily dia 04 (2026-08-03 → 2026-08-03) 45916 bytes
2026-07-30 09:38:57,530 [INFO] [OK] USA/ECM_ENSEMBLE_Wheat_Spring_PRCP_DEP/daily dia 05 (2026-08-04 → 2026-08-04) 48573 bytes
2026-07-30 09:38:58,000 [INFO] [OK] USA/ECM_ENSEMBLE_Wheat_Spring_PRCP_DEP/daily dia 06 (2026-08-05 → 2026-08-05) 50238 bytes
2026-07-30 09:38:58,183 [INFO] [OK] USA/ECM_ENSEMBLE_Wheat_Spring_PRCP_DEP/daily dia 07 (2026-08-06 → 2026-08-06) 50952 bytes
2026-07-30 09:38:58,388 [INFO] [OK] USA/ECM_ENSEMBLE_Wheat_Spring_PRCP_DEP/daily dia 08 (2026-08-07 → 2026-08-07) 51020 bytes
2026-07-30 09:38:58,625 [INFO] [OK] USA/ECM_ENSEMBLE_Wheat_Spring_PRCP_DEP/daily dia 09 (2026-08-08 → 2026-08-08) 52090 bytes
2026-07-30 09:38:58,886 [INFO] [OK] USA/ECM_ENSEMBLE_Wheat_Spring_PRCP_DEP/daily dia 10 (2026-08-09 → 2026-08-09) 53256 bytes
2026-07-30 09:38:59,197 [INFO] [OK] USA/ECM_ENSEMBLE_Wheat_Spring_PRCP_DEP/daily dia 11 (2026-08-10 → 2026-08-10) 55397 bytes
2026-07-30 09:38:59,631 [INFO] [OK] USA/ECM_ENSEMBLE_Wheat_Spring_PRCP_DEP/daily dia 12 (2026-08-11 → 2026-08-11) 54755 bytes
2026-07-30 09:38:59,822 [INFO] [OK] USA/ECM_ENSEMBLE_Wheat_Spring_PRCP_DEP/daily dia 13 (2026-08-12 → 2026-08-12) 55734 bytes
2026-07-30 09:39:00,066 [INFO] [OK] USA/ECM_ENSEMBLE_Wheat_Spring_PRCP_DEP/daily dia 14 (2026-08-13 → 2026-08-13) 55897 bytes
2026-07-30 09:39:00,561 [INFO] [OK] USA/ECM_ENSEMBLE_Wheat_Spring_PRCP_DEP/cumulative dia 00 (2026-07-30 → 2026-07-30) 50656 bytes
2026-07-30 09:39:00,769 [INFO] [OK] USA/ECM_ENSEMBLE_Wheat_Spring_PRCP_DEP/cumulative dia 01 (2026-07-30 → 2026-07-31) 52601 bytes
2026-07-30 09:39:01,013 [INFO] [OK] USA/ECM_ENSEMBLE_Wheat_Spring_PRCP_DEP/cumulative dia 02 (2026-07-30 → 2026-08-01) 56163 bytes
2026-07-30 09:39:01,552 [INFO] [OK] USA/ECM_ENSEMBLE_Wheat_Spring_PRCP_DEP/cumulative dia 03 (2026-07-30 → 2026-08-02) 56215 bytes
2026-07-30 09:39:01,955 [INFO] [OK] USA/ECM_ENSEMBLE_Wheat_Spring_PRCP_DEP/cumulative dia 04 (2026-07-30 → 2026-08-03) 55056 bytes
2026-07-30 09:39:02,264 [INFO] [OK] USA/ECM_ENSEMBLE_Wheat_Spring_PRCP_DEP/cumulative dia 05 (2026-07-30 → 2026-08-04) 54783 bytes
2026-07-30 09:39:02,776 [INFO] [OK] USA/ECM_ENSEMBLE_Wheat_Spring_PRCP_DEP/cumulative dia 06 (2026-07-30 → 2026-08-05) 55089 bytes
2026-07-30 09:39:03,107 [INFO] [OK] USA/ECM_ENSEMBLE_Wheat_Spring_PRCP_DEP/cumulative dia 07 (2026-07-30 → 2026-08-06) 54256 bytes
2026-07-30 09:39:03,386 [INFO] [OK] USA/ECM_ENSEMBLE_Wheat_Spring_PRCP_DEP/cumulative dia 08 (2026-07-30 → 2026-08-07) 54215 bytes
2026-07-30 09:39:03,996 [INFO] [OK] USA/ECM_ENSEMBLE_Wheat_Spring_PRCP_DEP/cumulative dia 09 (2026-07-30 → 2026-08-08) 54369 bytes
2026-07-30 09:39:04,665 [INFO] [OK] USA/ECM_ENSEMBLE_Wheat_Spring_PRCP_DEP/cumulative dia 10 (2026-07-30 → 2026-08-09) 54934 bytes
2026-07-30 09:39:05,124 [INFO] [OK] USA/ECM_ENSEMBLE_Wheat_Spring_PRCP_DEP/cumulative dia 11 (2026-07-30 → 2026-08-10) 55845 bytes
2026-07-30 09:39:05,674 [INFO] [OK] USA/ECM_ENSEMBLE_Wheat_Spring_PRCP/daily dia 00 (2026-07-30 → 2026-07-30) 36337 bytes
2026-07-30 09:39:05,754 [INFO] [OK] USA/ECM_ENSEMBLE_Wheat_Spring_PRCP_DEP/cumulative dia 12 (2026-07-30 → 2026-08-11) 56964 bytes
2026-07-30 09:39:06,184 [INFO] [OK] USA/ECM_ENSEMBLE_Wheat_Spring_PRCP_DEP/cumulative dia 13 (2026-07-30 → 2026-08-12) 57175 bytes
2026-07-30 09:39:06,596 [INFO] [OK] USA/ECM_ENSEMBLE_Wheat_Spring_PRCP_DEP/cumulative dia 14 (2026-07-30 → 2026-08-13) 57608 bytes
2026-07-30 09:39:06,731 [INFO] [OK] USA/ECM_ENSEMBLE_Wheat_Spring_PRCP/daily dia 01 (2026-07-31 → 2026-07-31) 37017 bytes
2026-07-30 09:39:06,749 [INFO] [OK] USA/ECM_ENSEMBLE_Wheat_Spring_PRCP/daily dia 02 (2026-08-01 → 2026-08-01) 36143 bytes
2026-07-30 09:39:07,229 [INFO] [OK] USA/ECM_ENSEMBLE_Wheat_Spring_PRCP/daily dia 03 (2026-08-02 → 2026-08-02) 35358 bytes
2026-07-30 09:39:07,338 [INFO] [OK] USA/ECM_ENSEMBLE_Wheat_Spring_PRCP/daily dia 04 (2026-08-03 → 2026-08-03) 33883 bytes
2026-07-30 09:39:07,698 [INFO] [OK] USA/ECM_ENSEMBLE_Wheat_Spring_PRCP/daily dia 05 (2026-08-04 → 2026-08-04) 33655 bytes
2026-07-30 09:39:08,144 [INFO] [OK] USA/ECM_ENSEMBLE_Wheat_Spring_PRCP/daily dia 06 (2026-08-05 → 2026-08-05) 33186 bytes
2026-07-30 09:39:08,248 [INFO] [OK] USA/ECM_ENSEMBLE_Wheat_Spring_PRCP/daily dia 07 (2026-08-06 → 2026-08-06) 33124 bytes
2026-07-30 09:39:08,302 [INFO] [OK] USA/ECM_ENSEMBLE_Wheat_Spring_PRCP/daily dia 08 (2026-08-07 → 2026-08-07) 33436 bytes
2026-07-30 09:39:08,838 [INFO] [OK] USA/ECM_ENSEMBLE_Wheat_Spring_PRCP/daily dia 09 (2026-08-08 → 2026-08-08) 33298 bytes
2026-07-30 09:39:08,876 [INFO] [OK] USA/ECM_ENSEMBLE_Wheat_Spring_PRCP/daily dia 10 (2026-08-09 → 2026-08-09) 33063 bytes
2026-07-30 09:39:09,284 [INFO] [OK] USA/ECM_ENSEMBLE_Wheat_Spring_PRCP/daily dia 11 (2026-08-10 → 2026-08-10) 33133 bytes
2026-07-30 09:39:09,641 [INFO] [OK] USA/ECM_ENSEMBLE_Wheat_Spring_PRCP/daily dia 12 (2026-08-11 → 2026-08-11) 33649 bytes
2026-07-30 09:39:09,829 [INFO] [OK] USA/ECM_ENSEMBLE_Wheat_Spring_PRCP/daily dia 13 (2026-08-12 → 2026-08-12) 34643 bytes
2026-07-30 09:39:09,930 [INFO] [OK] USA/ECM_ENSEMBLE_Wheat_Spring_PRCP/daily dia 14 (2026-08-13 → 2026-08-13) 34729 bytes
2026-07-30 09:39:10,401 [INFO] [OK] USA/ECM_ENSEMBLE_Wheat_Spring_PRCP/cumulative dia 00 (2026-07-30 → 2026-07-30) 36337 bytes
2026-07-30 09:39:10,544 [INFO] [OK] USA/ECM_ENSEMBLE_Wheat_Spring_PRCP/cumulative dia 01 (2026-07-30 → 2026-07-31) 40251 bytes
2026-07-30 09:39:11,013 [INFO] [OK] USA/ECM_ENSEMBLE_Wheat_Spring_PRCP/cumulative dia 02 (2026-07-30 → 2026-08-01) 42534 bytes
2026-07-30 09:39:11,502 [INFO] [OK] USA/ECM_ENSEMBLE_Wheat_Spring_PRCP/cumulative dia 03 (2026-07-30 → 2026-08-02) 43636 bytes
2026-07-30 09:39:11,755 [INFO] [OK] USA/ECM_ENSEMBLE_Wheat_Spring_PRCP/cumulative dia 04 (2026-07-30 → 2026-08-03) 44126 bytes
2026-07-30 09:39:12,014 [INFO] [OK] USA/ECM_ENSEMBLE_Wheat_Spring_PRCP/cumulative dia 05 (2026-07-30 → 2026-08-04) 44065 bytes
2026-07-30 09:39:12,730 [INFO] [OK] USA/ECM_ENSEMBLE_Wheat_Spring_PRCP/cumulative dia 06 (2026-07-30 → 2026-08-05) 44581 bytes
2026-07-30 09:39:12,877 [INFO] [OK] USA/ECM_ENSEMBLE_Wheat_Spring_PRCP/cumulative dia 07 (2026-07-30 → 2026-08-06) 45017 bytes
2026-07-30 09:39:13,386 [INFO] [OK] USA/ECM_ENSEMBLE_Wheat_Spring_PRCP/cumulative dia 08 (2026-07-30 → 2026-08-07) 45553 bytes
2026-07-30 09:39:13,999 [INFO] [OK] USA/ECM_ENSEMBLE_Wheat_Spring_PRCP/cumulative dia 09 (2026-07-30 → 2026-08-08) 46109 bytes
2026-07-30 09:39:14,322 [INFO] [OK] USA/ECM_ENSEMBLE_Wheat_Spring_PRCP/cumulative dia 10 (2026-07-30 → 2026-08-09) 46831 bytes
2026-07-30 09:39:14,761 [INFO] [OK] USA/ECM_ENSEMBLE_Wheat_Spring_PRCP/cumulative dia 11 (2026-07-30 → 2026-08-10) 47487 bytes
2026-07-30 09:39:15,453 [INFO] [OK] USA/ECM_ENSEMBLE_Wheat_Spring_PRCP/cumulative dia 12 (2026-07-30 → 2026-08-11) 47678 bytes
2026-07-30 09:39:15,714 [INFO] [OK] USA/ECM_ENSEMBLE_Wheat_Spring_PRCP/cumulative dia 13 (2026-07-30 → 2026-08-12) 47904 bytes
2026-07-30 09:39:16,212 [INFO] [OK] USA/ECM_ENSEMBLE_Wheat_Spring_PRCP/cumulative dia 14 (2026-07-30 → 2026-08-13) 48130 bytes
2026-07-30 09:39:16,241 [INFO] Resumo: 960/960 sucessos, 0 erros
