2026-09-21 09:33:17,344 [INFO] === Execução 2026-09-21 | modo=both | dias=15 | parâmetro=['PRCP_DEP', 'PRCP'] ===
2026-09-21 09:33:17,345 [INFO] Baixando 960 mapas com 6 threads...
2026-09-21 09:33:19,894 [INFO] [OK] Brazil/GFS_ENSEMBLE_Soy_PRCP_DEP/daily dia 04 (2026-09-25 → 2026-09-25) 41415 bytes
2026-09-21 09:33:19,959 [INFO] [OK] Brazil/GFS_ENSEMBLE_Soy_PRCP_DEP/daily dia 03 (2026-09-24 → 2026-09-24) 40824 bytes
2026-09-21 09:33:20,031 [INFO] [OK] Brazil/GFS_ENSEMBLE_Soy_PRCP_DEP/daily dia 01 (2026-09-22 → 2026-09-22) 39426 bytes
2026-09-21 09:33:20,056 [INFO] [OK] Brazil/GFS_ENSEMBLE_Soy_PRCP_DEP/daily dia 02 (2026-09-23 → 2026-09-23) 39549 bytes
2026-09-21 09:33:20,057 [INFO] [OK] Brazil/GFS_ENSEMBLE_Soy_PRCP_DEP/daily dia 00 (2026-09-21 → 2026-09-21) 37363 bytes
2026-09-21 09:33:20,060 [INFO] [OK] Brazil/GFS_ENSEMBLE_Soy_PRCP_DEP/daily dia 05 (2026-09-26 → 2026-09-26) 41631 bytes
2026-09-21 09:33:21,446 [INFO] [OK] Brazil/GFS_ENSEMBLE_Soy_PRCP_DEP/daily dia 06 (2026-09-27 → 2026-09-27) 45000 bytes
2026-09-21 09:33:21,565 [INFO] [OK] Brazil/GFS_ENSEMBLE_Soy_PRCP_DEP/daily dia 09 (2026-09-30 → 2026-09-30) 48339 bytes
2026-09-21 09:33:21,658 [INFO] [OK] Brazil/GFS_ENSEMBLE_Soy_PRCP_DEP/daily dia 10 (2026-10-01 → 2026-10-01) 48188 bytes
2026-09-21 09:33:21,681 [INFO] [OK] Brazil/GFS_ENSEMBLE_Soy_PRCP_DEP/daily dia 07 (2026-09-28 → 2026-09-28) 47256 bytes
2026-09-21 09:33:21,864 [INFO] [OK] Brazil/GFS_ENSEMBLE_Soy_PRCP_DEP/daily dia 11 (2026-10-02 → 2026-10-02) 50805 bytes
2026-09-21 09:33:21,865 [INFO] [OK] Brazil/GFS_ENSEMBLE_Soy_PRCP_DEP/daily dia 08 (2026-09-29 → 2026-09-29) 47067 bytes
2026-09-21 09:33:22,895 [INFO] [OK] Brazil/GFS_ENSEMBLE_Soy_PRCP_DEP/daily dia 12 (2026-10-03 → 2026-10-03) 51514 bytes
2026-09-21 09:33:23,057 [INFO] [OK] Brazil/GFS_ENSEMBLE_Soy_PRCP_DEP/cumulative dia 00 (2026-09-21 → 2026-09-21) 37363 bytes
2026-09-21 09:33:23,130 [INFO] [OK] Brazil/GFS_ENSEMBLE_Soy_PRCP_DEP/daily dia 13 (2026-10-04 → 2026-10-04) 53472 bytes
2026-09-21 09:33:23,206 [INFO] [OK] Brazil/GFS_ENSEMBLE_Soy_PRCP_DEP/daily dia 14 (2026-10-05 → 2026-10-05) 53780 bytes
2026-09-21 09:33:23,300 [INFO] [OK] Brazil/GFS_ENSEMBLE_Soy_PRCP_DEP/cumulative dia 01 (2026-09-21 → 2026-09-22) 40219 bytes
2026-09-21 09:33:23,389 [INFO] [OK] Brazil/GFS_ENSEMBLE_Soy_PRCP_DEP/cumulative dia 02 (2026-09-21 → 2026-09-23) 42535 bytes
2026-09-21 09:33:24,575 [INFO] [OK] Brazil/GFS_ENSEMBLE_Soy_PRCP_DEP/cumulative dia 03 (2026-09-21 → 2026-09-24) 43535 bytes
2026-09-21 09:33:24,938 [INFO] [OK] Brazil/GFS_ENSEMBLE_Soy_PRCP_DEP/cumulative dia 05 (2026-09-21 → 2026-09-26) 44726 bytes
2026-09-21 09:33:24,966 [INFO] [OK] Brazil/GFS_ENSEMBLE_Soy_PRCP_DEP/cumulative dia 04 (2026-09-21 → 2026-09-25) 44122 bytes
2026-09-21 09:33:25,087 [INFO] [OK] Brazil/GFS_ENSEMBLE_Soy_PRCP_DEP/cumulative dia 06 (2026-09-21 → 2026-09-27) 45910 bytes
2026-09-21 09:33:25,229 [INFO] [OK] Brazil/GFS_ENSEMBLE_Soy_PRCP_DEP/cumulative dia 07 (2026-09-21 → 2026-09-28) 46956 bytes
2026-09-21 09:33:25,483 [INFO] [OK] Brazil/GFS_ENSEMBLE_Soy_PRCP_DEP/cumulative dia 08 (2026-09-21 → 2026-09-29) 48427 bytes
2026-09-21 09:33:26,673 [INFO] [OK] Brazil/GFS_ENSEMBLE_Soy_PRCP_DEP/cumulative dia 09 (2026-09-21 → 2026-09-30) 48960 bytes
2026-09-21 09:33:27,259 [INFO] [OK] Brazil/GFS_ENSEMBLE_Soy_PRCP_DEP/cumulative dia 11 (2026-09-21 → 2026-10-02) 50771 bytes
2026-09-21 09:33:27,263 [INFO] [OK] Brazil/GFS_ENSEMBLE_Soy_PRCP_DEP/cumulative dia 10 (2026-09-21 → 2026-10-01) 50279 bytes
2026-09-21 09:33:27,494 [INFO] [OK] Brazil/GFS_ENSEMBLE_Soy_PRCP_DEP/cumulative dia 12 (2026-09-21 → 2026-10-03) 51291 bytes
2026-09-21 09:33:27,798 [INFO] [OK] Brazil/GFS_ENSEMBLE_Soy_PRCP_DEP/cumulative dia 13 (2026-09-21 → 2026-10-04) 51442 bytes
2026-09-21 09:33:27,982 [INFO] [OK] Brazil/GFS_ENSEMBLE_Soy_PRCP/daily dia 00 (2026-09-21 → 2026-09-21) 30222 bytes
2026-09-21 09:33:28,226 [INFO] [OK] Brazil/GFS_ENSEMBLE_Soy_PRCP_DEP/cumulative dia 14 (2026-09-21 → 2026-10-05) 51386 bytes
2026-09-21 09:33:28,723 [INFO] [OK] Brazil/GFS_ENSEMBLE_Soy_PRCP/daily dia 02 (2026-09-23 → 2026-09-23) 30962 bytes
2026-09-21 09:33:28,731 [INFO] [OK] Brazil/GFS_ENSEMBLE_Soy_PRCP/daily dia 01 (2026-09-22 → 2026-09-22) 30982 bytes
2026-09-21 09:33:28,766 [INFO] [OK] Brazil/GFS_ENSEMBLE_Soy_PRCP/daily dia 03 (2026-09-24 → 2026-09-24) 30306 bytes
2026-09-21 09:33:29,252 [INFO] [OK] Brazil/GFS_ENSEMBLE_Soy_PRCP/daily dia 04 (2026-09-25 → 2026-09-25) 29102 bytes
2026-09-21 09:33:29,303 [INFO] [OK] Brazil/GFS_ENSEMBLE_Soy_PRCP/daily dia 05 (2026-09-26 → 2026-09-26) 29444 bytes
2026-09-21 09:33:29,549 [INFO] [OK] Brazil/GFS_ENSEMBLE_Soy_PRCP/daily dia 06 (2026-09-27 → 2026-09-27) 30448 bytes
2026-09-21 09:33:30,078 [INFO] [OK] Brazil/GFS_ENSEMBLE_Soy_PRCP/daily dia 07 (2026-09-28 → 2026-09-28) 31371 bytes
2026-09-21 09:33:30,219 [INFO] [OK] Brazil/GFS_ENSEMBLE_Soy_PRCP/daily dia 09 (2026-09-30 → 2026-09-30) 33046 bytes
2026-09-21 09:33:30,256 [INFO] [OK] Brazil/GFS_ENSEMBLE_Soy_PRCP/daily dia 08 (2026-09-29 → 2026-09-29) 32846 bytes
2026-09-21 09:33:30,682 [INFO] [OK] Brazil/GFS_ENSEMBLE_Soy_PRCP/daily dia 10 (2026-10-01 → 2026-10-01) 31829 bytes
2026-09-21 09:33:30,808 [INFO] [OK] Brazil/GFS_ENSEMBLE_Soy_PRCP/daily dia 11 (2026-10-02 → 2026-10-02) 32138 bytes
2026-09-21 09:33:30,843 [INFO] [OK] Brazil/GFS_ENSEMBLE_Soy_PRCP/daily dia 12 (2026-10-03 → 2026-10-03) 31794 bytes
2026-09-21 09:33:31,483 [INFO] [OK] Brazil/GFS_ENSEMBLE_Soy_PRCP/daily dia 13 (2026-10-04 → 2026-10-04) 32459 bytes
2026-09-21 09:33:31,589 [INFO] [OK] Brazil/GFS_ENSEMBLE_Soy_PRCP/cumulative dia 00 (2026-09-21 → 2026-09-21) 30222 bytes
2026-09-21 09:33:31,613 [INFO] [OK] Brazil/GFS_ENSEMBLE_Soy_PRCP/daily dia 14 (2026-10-05 → 2026-10-05) 32223 bytes
2026-09-21 09:33:32,090 [INFO] [OK] Brazil/GFS_ENSEMBLE_Soy_PRCP/cumulative dia 01 (2026-09-21 → 2026-09-22) 32534 bytes
2026-09-21 09:33:32,273 [INFO] [OK] Brazil/GFS_ENSEMBLE_Soy_PRCP/cumulative dia 02 (2026-09-21 → 2026-09-23) 34276 bytes
2026-09-21 09:33:32,476 [INFO] [OK] Brazil/GFS_ENSEMBLE_Soy_PRCP/cumulative dia 03 (2026-09-21 → 2026-09-24) 35685 bytes
2026-09-21 09:33:33,290 [INFO] [OK] Brazil/GFS_ENSEMBLE_Soy_PRCP/cumulative dia 04 (2026-09-21 → 2026-09-25) 36450 bytes
2026-09-21 09:33:33,337 [INFO] [OK] Brazil/GFS_ENSEMBLE_Soy_PRCP/cumulative dia 05 (2026-09-21 → 2026-09-26) 37213 bytes
2026-09-21 09:33:33,487 [INFO] [OK] Brazil/GFS_ENSEMBLE_Soy_PRCP/cumulative dia 06 (2026-09-21 → 2026-09-27) 37930 bytes
2026-09-21 09:33:34,038 [INFO] [OK] Brazil/GFS_ENSEMBLE_Soy_PRCP/cumulative dia 07 (2026-09-21 → 2026-09-28) 39159 bytes
2026-09-21 09:33:34,272 [INFO] [OK] Brazil/GFS_ENSEMBLE_Soy_PRCP/cumulative dia 08 (2026-09-21 → 2026-09-29) 40175 bytes
2026-09-21 09:33:34,506 [INFO] [OK] Brazil/GFS_ENSEMBLE_Soy_PRCP/cumulative dia 09 (2026-09-21 → 2026-09-30) 41475 bytes
2026-09-21 09:33:35,524 [INFO] [OK] Brazil/GFS_ENSEMBLE_Soy_PRCP/cumulative dia 10 (2026-09-21 → 2026-10-01) 42128 bytes
2026-09-21 09:33:35,829 [INFO] [OK] Brazil/GFS_ENSEMBLE_Soy_PRCP/cumulative dia 11 (2026-09-21 → 2026-10-02) 42438 bytes
2026-09-21 09:33:36,034 [INFO] [OK] Brazil/GFS_ENSEMBLE_Corn_Winter_PRCP_DEP/daily dia 00 (2026-09-21 → 2026-09-21) 35933 bytes
2026-09-21 09:33:36,037 [INFO] [OK] Brazil/GFS_ENSEMBLE_Soy_PRCP/cumulative dia 12 (2026-09-21 → 2026-10-03) 42848 bytes
2026-09-21 09:33:36,522 [INFO] [OK] Brazil/GFS_ENSEMBLE_Soy_PRCP/cumulative dia 13 (2026-09-21 → 2026-10-04) 43427 bytes
2026-09-21 09:33:36,699 [INFO] [OK] Brazil/GFS_ENSEMBLE_Soy_PRCP/cumulative dia 14 (2026-09-21 → 2026-10-05) 43687 bytes
2026-09-21 09:33:37,005 [INFO] [OK] Brazil/GFS_ENSEMBLE_Corn_Winter_PRCP_DEP/daily dia 01 (2026-09-22 → 2026-09-22) 37860 bytes
2026-09-21 09:33:37,197 [INFO] [OK] Brazil/GFS_ENSEMBLE_Corn_Winter_PRCP_DEP/daily dia 02 (2026-09-23 → 2026-09-23) 38129 bytes
2026-09-21 09:33:37,393 [INFO] [OK] Brazil/GFS_ENSEMBLE_Corn_Winter_PRCP_DEP/daily dia 04 (2026-09-25 → 2026-09-25) 39610 bytes
2026-09-21 09:33:37,445 [INFO] [OK] Brazil/GFS_ENSEMBLE_Corn_Winter_PRCP_DEP/daily dia 03 (2026-09-24 → 2026-09-24) 39320 bytes
2026-09-21 09:33:37,867 [INFO] [OK] Brazil/GFS_ENSEMBLE_Corn_Winter_PRCP_DEP/daily dia 05 (2026-09-26 → 2026-09-26) 40134 bytes
2026-09-21 09:33:38,103 [INFO] [OK] Brazil/GFS_ENSEMBLE_Corn_Winter_PRCP_DEP/daily dia 06 (2026-09-27 → 2026-09-27) 43454 bytes
2026-09-21 09:33:38,395 [INFO] [OK] Brazil/GFS_ENSEMBLE_Corn_Winter_PRCP_DEP/daily dia 07 (2026-09-28 → 2026-09-28) 45799 bytes
2026-09-21 09:33:38,667 [INFO] [OK] Brazil/GFS_ENSEMBLE_Corn_Winter_PRCP_DEP/daily dia 08 (2026-09-29 → 2026-09-29) 45823 bytes
2026-09-21 09:33:38,785 [INFO] [OK] Brazil/GFS_ENSEMBLE_Corn_Winter_PRCP_DEP/daily dia 09 (2026-09-30 → 2026-09-30) 46665 bytes
2026-09-21 09:33:39,000 [INFO] [OK] Brazil/GFS_ENSEMBLE_Corn_Winter_PRCP_DEP/daily dia 10 (2026-10-01 → 2026-10-01) 46771 bytes
2026-09-21 09:33:39,284 [INFO] [OK] Brazil/GFS_ENSEMBLE_Corn_Winter_PRCP_DEP/daily dia 11 (2026-10-02 → 2026-10-02) 49166 bytes
2026-09-21 09:33:39,500 [INFO] [OK] Brazil/GFS_ENSEMBLE_Corn_Winter_PRCP_DEP/daily dia 12 (2026-10-03 → 2026-10-03) 50034 bytes
2026-09-21 09:33:39,880 [INFO] [OK] Brazil/GFS_ENSEMBLE_Corn_Winter_PRCP_DEP/daily dia 13 (2026-10-04 → 2026-10-04) 52025 bytes
2026-09-21 09:33:40,194 [INFO] [OK] Brazil/GFS_ENSEMBLE_Corn_Winter_PRCP_DEP/daily dia 14 (2026-10-05 → 2026-10-05) 52311 bytes
2026-09-21 09:33:40,238 [INFO] [OK] Brazil/GFS_ENSEMBLE_Corn_Winter_PRCP_DEP/cumulative dia 00 (2026-09-21 → 2026-09-21) 35933 bytes
2026-09-21 09:33:40,626 [INFO] [OK] Brazil/GFS_ENSEMBLE_Corn_Winter_PRCP_DEP/cumulative dia 01 (2026-09-21 → 2026-09-22) 38907 bytes
2026-09-21 09:33:40,761 [INFO] [OK] Brazil/GFS_ENSEMBLE_Corn_Winter_PRCP_DEP/cumulative dia 02 (2026-09-21 → 2026-09-23) 41130 bytes
2026-09-21 09:33:41,114 [INFO] [OK] Brazil/GFS_ENSEMBLE_Corn_Winter_PRCP_DEP/cumulative dia 03 (2026-09-21 → 2026-09-24) 42052 bytes
2026-09-21 09:33:41,633 [INFO] [OK] Brazil/GFS_ENSEMBLE_Corn_Winter_PRCP_DEP/cumulative dia 04 (2026-09-21 → 2026-09-25) 42554 bytes
2026-09-21 09:33:42,052 [INFO] [OK] Brazil/GFS_ENSEMBLE_Corn_Winter_PRCP_DEP/cumulative dia 06 (2026-09-21 → 2026-09-27) 44312 bytes
2026-09-21 09:33:42,080 [INFO] [OK] Brazil/GFS_ENSEMBLE_Corn_Winter_PRCP_DEP/cumulative dia 05 (2026-09-21 → 2026-09-26) 43137 bytes
2026-09-21 09:33:42,621 [INFO] [OK] Brazil/GFS_ENSEMBLE_Corn_Winter_PRCP_DEP/cumulative dia 07 (2026-09-21 → 2026-09-28) 45291 bytes
2026-09-21 09:33:42,747 [INFO] [OK] Brazil/GFS_ENSEMBLE_Corn_Winter_PRCP_DEP/cumulative dia 08 (2026-09-21 → 2026-09-29) 46745 bytes
2026-09-21 09:33:43,158 [INFO] [OK] Brazil/GFS_ENSEMBLE_Corn_Winter_PRCP_DEP/cumulative dia 09 (2026-09-21 → 2026-09-30) 47342 bytes
2026-09-21 09:33:43,839 [INFO] [OK] Brazil/GFS_ENSEMBLE_Corn_Winter_PRCP_DEP/cumulative dia 10 (2026-09-21 → 2026-10-01) 48285 bytes
2026-09-21 09:33:44,440 [INFO] [OK] Brazil/GFS_ENSEMBLE_Corn_Winter_PRCP_DEP/cumulative dia 11 (2026-09-21 → 2026-10-02) 48937 bytes
2026-09-21 09:33:44,460 [INFO] [OK] Brazil/GFS_ENSEMBLE_Corn_Winter_PRCP/daily dia 00 (2026-09-21 → 2026-09-21) 28666 bytes
2026-09-21 09:33:44,465 [INFO] [OK] Brazil/GFS_ENSEMBLE_Corn_Winter_PRCP_DEP/cumulative dia 12 (2026-09-21 → 2026-10-03) 49544 bytes
2026-09-21 09:33:44,981 [INFO] [OK] Brazil/GFS_ENSEMBLE_Corn_Winter_PRCP_DEP/cumulative dia 13 (2026-09-21 → 2026-10-04) 49697 bytes
2026-09-21 09:33:45,409 [INFO] [OK] Brazil/GFS_ENSEMBLE_Corn_Winter_PRCP_DEP/cumulative dia 14 (2026-09-21 → 2026-10-05) 49612 bytes
2026-09-21 09:33:45,469 [INFO] [OK] Brazil/GFS_ENSEMBLE_Corn_Winter_PRCP/daily dia 01 (2026-09-22 → 2026-09-22) 29496 bytes
2026-09-21 09:33:45,782 [INFO] [OK] Brazil/GFS_ENSEMBLE_Corn_Winter_PRCP/daily dia 02 (2026-09-23 → 2026-09-23) 29283 bytes
2026-09-21 09:33:45,784 [INFO] [OK] Brazil/GFS_ENSEMBLE_Corn_Winter_PRCP/daily dia 04 (2026-09-25 → 2026-09-25) 27518 bytes
2026-09-21 09:33:45,865 [INFO] [OK] Brazil/GFS_ENSEMBLE_Corn_Winter_PRCP/daily dia 03 (2026-09-24 → 2026-09-24) 28784 bytes
2026-09-21 09:33:46,295 [INFO] [OK] Brazil/GFS_ENSEMBLE_Corn_Winter_PRCP/daily dia 05 (2026-09-26 → 2026-09-26) 27906 bytes
2026-09-21 09:33:46,754 [INFO] [OK] Brazil/GFS_ENSEMBLE_Corn_Winter_PRCP/daily dia 06 (2026-09-27 → 2026-09-27) 28830 bytes
2026-09-21 09:33:46,923 [INFO] [OK] Brazil/GFS_ENSEMBLE_Corn_Winter_PRCP/daily dia 07 (2026-09-28 → 2026-09-28) 29846 bytes
2026-09-21 09:33:47,063 [INFO] [OK] Brazil/GFS_ENSEMBLE_Corn_Winter_PRCP/daily dia 09 (2026-09-30 → 2026-09-30) 31414 bytes
2026-09-21 09:33:47,197 [INFO] [OK] Brazil/GFS_ENSEMBLE_Corn_Winter_PRCP/daily dia 08 (2026-09-29 → 2026-09-29) 31083 bytes
2026-09-21 09:33:47,274 [INFO] [OK] Brazil/GFS_ENSEMBLE_Corn_Winter_PRCP/daily dia 10 (2026-10-01 → 2026-10-01) 30460 bytes
2026-09-21 09:33:47,601 [INFO] [OK] Brazil/GFS_ENSEMBLE_Corn_Winter_PRCP/daily dia 11 (2026-10-02 → 2026-10-02) 30716 bytes
2026-09-21 09:33:48,131 [INFO] [OK] Brazil/GFS_ENSEMBLE_Corn_Winter_PRCP/daily dia 12 (2026-10-03 → 2026-10-03) 30314 bytes
2026-09-21 09:33:48,304 [INFO] [OK] Brazil/GFS_ENSEMBLE_Corn_Winter_PRCP/daily dia 13 (2026-10-04 → 2026-10-04) 30884 bytes
2026-09-21 09:33:48,429 [INFO] [OK] Brazil/GFS_ENSEMBLE_Corn_Winter_PRCP/daily dia 14 (2026-10-05 → 2026-10-05) 30767 bytes
2026-09-21 09:33:48,488 [INFO] [OK] Brazil/GFS_ENSEMBLE_Corn_Winter_PRCP/cumulative dia 00 (2026-09-21 → 2026-09-21) 28666 bytes
2026-09-21 09:33:48,632 [INFO] [OK] Brazil/GFS_ENSEMBLE_Corn_Winter_PRCP/cumulative dia 01 (2026-09-21 → 2026-09-22) 30987 bytes
2026-09-21 09:33:49,017 [INFO] [OK] Brazil/GFS_ENSEMBLE_Corn_Winter_PRCP/cumulative dia 02 (2026-09-21 → 2026-09-23) 32773 bytes
2026-09-21 09:33:49,665 [INFO] [OK] Brazil/GFS_ENSEMBLE_Corn_Winter_PRCP/cumulative dia 03 (2026-09-21 → 2026-09-24) 34167 bytes
2026-09-21 09:33:49,954 [INFO] [OK] Brazil/GFS_ENSEMBLE_Corn_Winter_PRCP/cumulative dia 04 (2026-09-21 → 2026-09-25) 35038 bytes
2026-09-21 09:33:50,148 [INFO] [OK] Brazil/GFS_ENSEMBLE_Corn_Winter_PRCP/cumulative dia 05 (2026-09-21 → 2026-09-26) 35849 bytes
2026-09-21 09:33:50,308 [INFO] [OK] Brazil/GFS_ENSEMBLE_Corn_Winter_PRCP/cumulative dia 06 (2026-09-21 → 2026-09-27) 36375 bytes
2026-09-21 09:33:50,581 [INFO] [OK] Brazil/GFS_ENSEMBLE_Corn_Winter_PRCP/cumulative dia 07 (2026-09-21 → 2026-09-28) 37535 bytes
2026-09-21 09:33:51,044 [INFO] [OK] Brazil/GFS_ENSEMBLE_Corn_Winter_PRCP/cumulative dia 08 (2026-09-21 → 2026-09-29) 38619 bytes
2026-09-21 09:33:51,817 [INFO] [OK] Brazil/GFS_ENSEMBLE_Corn_Winter_PRCP/cumulative dia 09 (2026-09-21 → 2026-09-30) 39979 bytes
2026-09-21 09:33:52,072 [INFO] [OK] Brazil/GFS_ENSEMBLE_Corn_Winter_PRCP/cumulative dia 10 (2026-09-21 → 2026-10-01) 40611 bytes
2026-09-21 09:33:52,471 [INFO] [OK] Brazil/GFS_ENSEMBLE_Corn_Winter_PRCP/cumulative dia 11 (2026-09-21 → 2026-10-02) 40921 bytes
2026-09-21 09:33:52,630 [INFO] [OK] Brazil/GFS_ENSEMBLE_Corn_Winter_PRCP/cumulative dia 12 (2026-09-21 → 2026-10-03) 41331 bytes
2026-09-21 09:33:52,919 [INFO] [OK] Brazil/GFS_ENSEMBLE_Corn_Winter_PRCP/cumulative dia 13 (2026-09-21 → 2026-10-04) 41895 bytes
2026-09-21 09:33:53,180 [INFO] [OK] Brazil/ECM_ENSEMBLE_Soy_PRCP_DEP/daily dia 00 (2026-09-21 → 2026-09-21) 45217 bytes
2026-09-21 09:33:53,443 [INFO] [OK] Brazil/GFS_ENSEMBLE_Corn_Winter_PRCP/cumulative dia 14 (2026-09-21 → 2026-10-05) 42150 bytes
2026-09-21 09:33:53,597 [INFO] [OK] Brazil/ECM_ENSEMBLE_Soy_PRCP_DEP/daily dia 01 (2026-09-22 → 2026-09-22) 45128 bytes
2026-09-21 09:33:53,935 [INFO] [OK] Brazil/ECM_ENSEMBLE_Soy_PRCP_DEP/daily dia 02 (2026-09-23 → 2026-09-23) 44997 bytes
2026-09-21 09:33:54,072 [INFO] [OK] Brazil/ECM_ENSEMBLE_Soy_PRCP_DEP/daily dia 03 (2026-09-24 → 2026-09-24) 47221 bytes
2026-09-21 09:33:54,277 [INFO] [OK] Brazil/ECM_ENSEMBLE_Soy_PRCP_DEP/daily dia 04 (2026-09-25 → 2026-09-25) 47554 bytes
2026-09-21 09:33:54,624 [INFO] [OK] Brazil/ECM_ENSEMBLE_Soy_PRCP_DEP/daily dia 05 (2026-09-26 → 2026-09-26) 50456 bytes
2026-09-21 09:33:54,867 [INFO] [OK] Brazil/ECM_ENSEMBLE_Soy_PRCP_DEP/daily dia 06 (2026-09-27 → 2026-09-27) 49761 bytes
2026-09-21 09:33:55,007 [INFO] [OK] Brazil/ECM_ENSEMBLE_Soy_PRCP_DEP/daily dia 07 (2026-09-28 → 2026-09-28) 50053 bytes
2026-09-21 09:33:55,346 [INFO] [OK] Brazil/ECM_ENSEMBLE_Soy_PRCP_DEP/daily dia 08 (2026-09-29 → 2026-09-29) 51145 bytes
2026-09-21 09:33:55,611 [INFO] [OK] Brazil/ECM_ENSEMBLE_Soy_PRCP_DEP/daily dia 09 (2026-09-30 → 2026-09-30) 51540 bytes
2026-09-21 09:33:55,665 [INFO] [OK] Brazil/ECM_ENSEMBLE_Soy_PRCP_DEP/daily dia 10 (2026-10-01 → 2026-10-01) 50645 bytes
2026-09-21 09:33:56,160 [INFO] [OK] Brazil/ECM_ENSEMBLE_Soy_PRCP_DEP/daily dia 11 (2026-10-02 → 2026-10-02) 51596 bytes
2026-09-21 09:33:56,352 [INFO] [OK] Brazil/ECM_ENSEMBLE_Soy_PRCP_DEP/daily dia 12 (2026-10-03 → 2026-10-03) 52811 bytes
2026-09-21 09:33:56,639 [INFO] [OK] Brazil/ECM_ENSEMBLE_Soy_PRCP_DEP/daily dia 13 (2026-10-04 → 2026-10-04) 51967 bytes
2026-09-21 09:33:57,023 [INFO] [OK] Brazil/ECM_ENSEMBLE_Soy_PRCP_DEP/daily dia 14 (2026-10-05 → 2026-10-05) 53646 bytes
2026-09-21 09:33:57,079 [INFO] [OK] Brazil/ECM_ENSEMBLE_Soy_PRCP_DEP/cumulative dia 00 (2026-09-21 → 2026-09-21) 45217 bytes
2026-09-21 09:33:57,177 [INFO] [OK] Brazil/ECM_ENSEMBLE_Soy_PRCP_DEP/cumulative dia 01 (2026-09-21 → 2026-09-22) 45843 bytes
2026-09-21 09:33:57,837 [INFO] [OK] Brazil/ECM_ENSEMBLE_Soy_PRCP_DEP/cumulative dia 02 (2026-09-21 → 2026-09-23) 48109 bytes
2026-09-21 09:33:57,973 [INFO] [OK] Brazil/ECM_ENSEMBLE_Soy_PRCP_DEP/cumulative dia 03 (2026-09-21 → 2026-09-24) 49348 bytes
2026-09-21 09:33:58,383 [INFO] [OK] Brazil/ECM_ENSEMBLE_Soy_PRCP_DEP/cumulative dia 04 (2026-09-21 → 2026-09-25) 51831 bytes
2026-09-21 09:33:58,839 [INFO] [OK] Brazil/ECM_ENSEMBLE_Soy_PRCP_DEP/cumulative dia 05 (2026-09-21 → 2026-09-26) 52979 bytes
2026-09-21 09:33:59,201 [INFO] [OK] Brazil/ECM_ENSEMBLE_Soy_PRCP_DEP/cumulative dia 06 (2026-09-21 → 2026-09-27) 54292 bytes
2026-09-21 09:33:59,271 [INFO] [OK] Brazil/ECM_ENSEMBLE_Soy_PRCP_DEP/cumulative dia 07 (2026-09-21 → 2026-09-28) 54803 bytes
2026-09-21 09:33:59,902 [INFO] [OK] Brazil/ECM_ENSEMBLE_Soy_PRCP_DEP/cumulative dia 08 (2026-09-21 → 2026-09-29) 53820 bytes
2026-09-21 09:34:00,085 [INFO] [OK] Brazil/ECM_ENSEMBLE_Soy_PRCP_DEP/cumulative dia 09 (2026-09-21 → 2026-09-30) 53217 bytes
2026-09-21 09:34:00,530 [INFO] [OK] Brazil/ECM_ENSEMBLE_Soy_PRCP_DEP/cumulative dia 10 (2026-09-21 → 2026-10-01) 52399 bytes
2026-09-21 09:34:01,174 [INFO] [OK] Brazil/ECM_ENSEMBLE_Soy_PRCP_DEP/cumulative dia 11 (2026-09-21 → 2026-10-02) 52030 bytes
2026-09-21 09:34:01,427 [INFO] [OK] Brazil/ECM_ENSEMBLE_Soy_PRCP/daily dia 00 (2026-09-21 → 2026-09-21) 32870 bytes
2026-09-21 09:34:01,593 [INFO] [OK] Brazil/ECM_ENSEMBLE_Soy_PRCP_DEP/cumulative dia 12 (2026-09-21 → 2026-10-03) 52041 bytes
2026-09-21 09:34:01,690 [INFO] [OK] Brazil/ECM_ENSEMBLE_Soy_PRCP_DEP/cumulative dia 13 (2026-09-21 → 2026-10-04) 51633 bytes
2026-09-21 09:34:01,901 [INFO] [OK] Brazil/ECM_ENSEMBLE_Soy_PRCP/daily dia 01 (2026-09-22 → 2026-09-22) 33358 bytes
2026-09-21 09:34:02,326 [INFO] [OK] Brazil/ECM_ENSEMBLE_Soy_PRCP_DEP/cumulative dia 14 (2026-09-21 → 2026-10-05) 51593 bytes
2026-09-21 09:34:02,478 [INFO] [OK] Brazil/ECM_ENSEMBLE_Soy_PRCP/daily dia 02 (2026-09-23 → 2026-09-23) 31809 bytes
2026-09-21 09:34:02,744 [INFO] [OK] Brazil/ECM_ENSEMBLE_Soy_PRCP/daily dia 03 (2026-09-24 → 2026-09-24) 31365 bytes
2026-09-21 09:34:03,114 [INFO] [OK] Brazil/ECM_ENSEMBLE_Soy_PRCP/daily dia 05 (2026-09-26 → 2026-09-26) 30952 bytes
2026-09-21 09:34:03,205 [INFO] [OK] Brazil/ECM_ENSEMBLE_Soy_PRCP/daily dia 04 (2026-09-25 → 2026-09-25) 30903 bytes
2026-09-21 09:34:03,526 [INFO] [OK] Brazil/ECM_ENSEMBLE_Soy_PRCP/daily dia 06 (2026-09-27 → 2026-09-27) 32407 bytes
2026-09-21 09:34:03,679 [INFO] [OK] Brazil/ECM_ENSEMBLE_Soy_PRCP/daily dia 07 (2026-09-28 → 2026-09-28) 33992 bytes
2026-09-21 09:34:03,798 [INFO] [OK] Brazil/ECM_ENSEMBLE_Soy_PRCP/daily dia 08 (2026-09-29 → 2026-09-29) 34856 bytes
2026-09-21 09:34:04,074 [INFO] [OK] Brazil/ECM_ENSEMBLE_Soy_PRCP/daily dia 09 (2026-09-30 → 2026-09-30) 34501 bytes
2026-09-21 09:34:04,550 [INFO] [OK] Brazil/ECM_ENSEMBLE_Soy_PRCP/daily dia 10 (2026-10-01 → 2026-10-01) 32566 bytes
2026-09-21 09:34:04,666 [INFO] [OK] Brazil/ECM_ENSEMBLE_Soy_PRCP/daily dia 11 (2026-10-02 → 2026-10-02) 32460 bytes
2026-09-21 09:34:04,944 [INFO] [OK] Brazil/ECM_ENSEMBLE_Soy_PRCP/daily dia 12 (2026-10-03 → 2026-10-03) 33271 bytes
2026-09-21 09:34:05,049 [INFO] [OK] Brazil/ECM_ENSEMBLE_Soy_PRCP/daily dia 13 (2026-10-04 → 2026-10-04) 32576 bytes
2026-09-21 09:34:05,200 [INFO] [OK] Brazil/ECM_ENSEMBLE_Soy_PRCP/daily dia 14 (2026-10-05 → 2026-10-05) 33047 bytes
2026-09-21 09:34:05,440 [INFO] [OK] Brazil/ECM_ENSEMBLE_Soy_PRCP/cumulative dia 00 (2026-09-21 → 2026-09-21) 32870 bytes
2026-09-21 09:34:06,034 [INFO] [OK] Brazil/ECM_ENSEMBLE_Soy_PRCP/cumulative dia 01 (2026-09-21 → 2026-09-22) 35882 bytes
2026-09-21 09:34:06,170 [INFO] [OK] Brazil/ECM_ENSEMBLE_Soy_PRCP/cumulative dia 02 (2026-09-21 → 2026-09-23) 37616 bytes
2026-09-21 09:34:06,610 [INFO] [OK] Brazil/ECM_ENSEMBLE_Soy_PRCP/cumulative dia 03 (2026-09-21 → 2026-09-24) 38712 bytes
2026-09-21 09:34:06,775 [INFO] [OK] Brazil/ECM_ENSEMBLE_Soy_PRCP/cumulative dia 04 (2026-09-21 → 2026-09-25) 39919 bytes
2026-09-21 09:34:07,159 [INFO] [OK] Brazil/ECM_ENSEMBLE_Soy_PRCP/cumulative dia 05 (2026-09-21 → 2026-09-26) 40772 bytes
2026-09-21 09:34:07,279 [INFO] [OK] Brazil/ECM_ENSEMBLE_Soy_PRCP/cumulative dia 06 (2026-09-21 → 2026-09-27) 42048 bytes
2026-09-21 09:34:08,011 [INFO] [OK] Brazil/ECM_ENSEMBLE_Soy_PRCP/cumulative dia 07 (2026-09-21 → 2026-09-28) 43147 bytes
2026-09-21 09:34:08,222 [INFO] [OK] Brazil/ECM_ENSEMBLE_Soy_PRCP/cumulative dia 08 (2026-09-21 → 2026-09-29) 44092 bytes
2026-09-21 09:34:08,682 [INFO] [OK] Brazil/ECM_ENSEMBLE_Soy_PRCP/cumulative dia 09 (2026-09-21 → 2026-09-30) 44804 bytes
2026-09-21 09:34:08,921 [INFO] [OK] Brazil/ECM_ENSEMBLE_Soy_PRCP/cumulative dia 10 (2026-09-21 → 2026-10-01) 45169 bytes
2026-09-21 09:34:09,377 [INFO] [OK] Brazil/ECM_ENSEMBLE_Soy_PRCP/cumulative dia 11 (2026-09-21 → 2026-10-02) 45520 bytes
2026-09-21 09:34:09,576 [INFO] [OK] Brazil/ECM_ENSEMBLE_Soy_PRCP/cumulative dia 12 (2026-09-21 → 2026-10-03) 45965 bytes
2026-09-21 09:34:10,143 [INFO] [OK] Brazil/ECM_ENSEMBLE_Corn_Winter_PRCP_DEP/daily dia 00 (2026-09-21 → 2026-09-21) 43874 bytes
2026-09-21 09:34:10,303 [INFO] [OK] Brazil/ECM_ENSEMBLE_Corn_Winter_PRCP_DEP/daily dia 01 (2026-09-22 → 2026-09-22) 43476 bytes
2026-09-21 09:34:10,404 [INFO] [OK] Brazil/ECM_ENSEMBLE_Soy_PRCP/cumulative dia 13 (2026-09-21 → 2026-10-04) 45484 bytes
2026-09-21 09:34:10,660 [INFO] [OK] Brazil/ECM_ENSEMBLE_Soy_PRCP/cumulative dia 14 (2026-09-21 → 2026-10-05) 45621 bytes
2026-09-21 09:34:10,704 [INFO] [OK] Brazil/ECM_ENSEMBLE_Corn_Winter_PRCP_DEP/daily dia 02 (2026-09-23 → 2026-09-23) 43472 bytes
2026-09-21 09:34:11,016 [INFO] [OK] Brazil/ECM_ENSEMBLE_Corn_Winter_PRCP_DEP/daily dia 03 (2026-09-24 → 2026-09-24) 45595 bytes
2026-09-21 09:34:11,660 [INFO] [OK] Brazil/ECM_ENSEMBLE_Corn_Winter_PRCP_DEP/daily dia 04 (2026-09-25 → 2026-09-25) 45878 bytes
2026-09-21 09:34:11,689 [INFO] [OK] Brazil/ECM_ENSEMBLE_Corn_Winter_PRCP_DEP/daily dia 05 (2026-09-26 → 2026-09-26) 48763 bytes
2026-09-21 09:34:11,834 [INFO] [OK] Brazil/ECM_ENSEMBLE_Corn_Winter_PRCP_DEP/daily dia 06 (2026-09-27 → 2026-09-27) 47976 bytes
2026-09-21 09:34:12,106 [INFO] [OK] Brazil/ECM_ENSEMBLE_Corn_Winter_PRCP_DEP/daily dia 07 (2026-09-28 → 2026-09-28) 48732 bytes
2026-09-21 09:34:12,338 [INFO] [OK] Brazil/ECM_ENSEMBLE_Corn_Winter_PRCP_DEP/daily dia 08 (2026-09-29 → 2026-09-29) 49780 bytes
2026-09-21 09:34:12,447 [INFO] [OK] Brazil/ECM_ENSEMBLE_Corn_Winter_PRCP_DEP/daily dia 09 (2026-09-30 → 2026-09-30) 49852 bytes
2026-09-21 09:34:13,041 [INFO] [OK] Brazil/ECM_ENSEMBLE_Corn_Winter_PRCP_DEP/daily dia 10 (2026-10-01 → 2026-10-01) 49383 bytes
2026-09-21 09:34:13,080 [INFO] [OK] Brazil/ECM_ENSEMBLE_Corn_Winter_PRCP_DEP/daily dia 11 (2026-10-02 → 2026-10-02) 50389 bytes
2026-09-21 09:34:13,241 [INFO] [OK] Brazil/ECM_ENSEMBLE_Corn_Winter_PRCP_DEP/daily dia 12 (2026-10-03 → 2026-10-03) 51692 bytes
2026-09-21 09:34:13,489 [INFO] [OK] Brazil/ECM_ENSEMBLE_Corn_Winter_PRCP_DEP/daily dia 13 (2026-10-04 → 2026-10-04) 51085 bytes
2026-09-21 09:34:13,949 [INFO] [OK] Brazil/ECM_ENSEMBLE_Corn_Winter_PRCP_DEP/daily dia 14 (2026-10-05 → 2026-10-05) 52278 bytes
2026-09-21 09:34:14,049 [INFO] [OK] Brazil/ECM_ENSEMBLE_Corn_Winter_PRCP_DEP/cumulative dia 00 (2026-09-21 → 2026-09-21) 43874 bytes
2026-09-21 09:34:14,855 [INFO] [OK] Brazil/ECM_ENSEMBLE_Corn_Winter_PRCP_DEP/cumulative dia 02 (2026-09-21 → 2026-09-23) 46751 bytes
2026-09-21 09:34:14,863 [INFO] [OK] Brazil/ECM_ENSEMBLE_Corn_Winter_PRCP_DEP/cumulative dia 01 (2026-09-21 → 2026-09-22) 44581 bytes
2026-09-21 09:34:14,968 [INFO] [OK] Brazil/ECM_ENSEMBLE_Corn_Winter_PRCP_DEP/cumulative dia 03 (2026-09-21 → 2026-09-24) 47885 bytes
2026-09-21 09:34:15,161 [INFO] [OK] Brazil/ECM_ENSEMBLE_Corn_Winter_PRCP_DEP/cumulative dia 04 (2026-09-21 → 2026-09-25) 50218 bytes
2026-09-21 09:34:15,844 [INFO] [OK] Brazil/ECM_ENSEMBLE_Corn_Winter_PRCP_DEP/cumulative dia 05 (2026-09-21 → 2026-09-26) 51508 bytes
2026-09-21 09:34:15,970 [INFO] [OK] Brazil/ECM_ENSEMBLE_Corn_Winter_PRCP_DEP/cumulative dia 06 (2026-09-21 → 2026-09-27) 52897 bytes
2026-09-21 09:34:16,770 [INFO] [OK] Brazil/ECM_ENSEMBLE_Corn_Winter_PRCP_DEP/cumulative dia 07 (2026-09-21 → 2026-09-28) 53469 bytes
2026-09-21 09:34:16,863 [INFO] [OK] Brazil/ECM_ENSEMBLE_Corn_Winter_PRCP_DEP/cumulative dia 08 (2026-09-21 → 2026-09-29) 52625 bytes
2026-09-21 09:34:17,093 [INFO] [OK] Brazil/ECM_ENSEMBLE_Corn_Winter_PRCP_DEP/cumulative dia 09 (2026-09-21 → 2026-09-30) 51900 bytes
2026-09-21 09:34:17,422 [INFO] [OK] Brazil/ECM_ENSEMBLE_Corn_Winter_PRCP_DEP/cumulative dia 10 (2026-09-21 → 2026-10-01) 50900 bytes
2026-09-21 09:34:18,076 [INFO] [OK] Brazil/ECM_ENSEMBLE_Corn_Winter_PRCP_DEP/cumulative dia 11 (2026-09-21 → 2026-10-02) 50608 bytes
2026-09-21 09:34:18,383 [INFO] [OK] Brazil/ECM_ENSEMBLE_Corn_Winter_PRCP_DEP/cumulative dia 12 (2026-09-21 → 2026-10-03) 50792 bytes
2026-09-21 09:34:18,424 [INFO] [OK] Brazil/ECM_ENSEMBLE_Corn_Winter_PRCP/daily dia 00 (2026-09-21 → 2026-09-21) 31397 bytes
2026-09-21 09:34:18,767 [INFO] [OK] Brazil/ECM_ENSEMBLE_Corn_Winter_PRCP/daily dia 01 (2026-09-22 → 2026-09-22) 31789 bytes
2026-09-21 09:34:19,105 [INFO] [OK] Brazil/ECM_ENSEMBLE_Corn_Winter_PRCP_DEP/cumulative dia 13 (2026-09-21 → 2026-10-04) 50591 bytes
2026-09-21 09:34:19,322 [INFO] [OK] Brazil/ECM_ENSEMBLE_Corn_Winter_PRCP_DEP/cumulative dia 14 (2026-09-21 → 2026-10-05) 50416 bytes
2026-09-21 09:34:19,443 [INFO] [OK] Brazil/ECM_ENSEMBLE_Corn_Winter_PRCP/daily dia 02 (2026-09-23 → 2026-09-23) 30241 bytes
2026-09-21 09:34:19,717 [INFO] [OK] Brazil/ECM_ENSEMBLE_Corn_Winter_PRCP/daily dia 03 (2026-09-24 → 2026-09-24) 29818 bytes
2026-09-21 09:34:19,755 [INFO] [OK] Brazil/ECM_ENSEMBLE_Corn_Winter_PRCP/daily dia 04 (2026-09-25 → 2026-09-25) 29238 bytes
2026-09-21 09:34:20,143 [INFO] [OK] Brazil/ECM_ENSEMBLE_Corn_Winter_PRCP/daily dia 05 (2026-09-26 → 2026-09-26) 29486 bytes
2026-09-21 09:34:20,479 [INFO] [OK] Brazil/ECM_ENSEMBLE_Corn_Winter_PRCP/daily dia 06 (2026-09-27 → 2026-09-27) 30565 bytes
2026-09-21 09:34:20,676 [INFO] [OK] Brazil/ECM_ENSEMBLE_Corn_Winter_PRCP/daily dia 07 (2026-09-28 → 2026-09-28) 32152 bytes
2026-09-21 09:34:20,769 [INFO] [OK] Brazil/ECM_ENSEMBLE_Corn_Winter_PRCP/daily dia 08 (2026-09-29 → 2026-09-29) 33304 bytes
2026-09-21 09:34:21,060 [INFO] [OK] Brazil/ECM_ENSEMBLE_Corn_Winter_PRCP/daily dia 09 (2026-09-30 → 2026-09-30) 33036 bytes
2026-09-21 09:34:21,068 [INFO] [OK] Brazil/ECM_ENSEMBLE_Corn_Winter_PRCP/daily dia 10 (2026-10-01 → 2026-10-01) 31098 bytes
2026-09-21 09:34:21,444 [INFO] [OK] Brazil/ECM_ENSEMBLE_Corn_Winter_PRCP/daily dia 11 (2026-10-02 → 2026-10-02) 31034 bytes
2026-09-21 09:34:21,837 [INFO] [OK] Brazil/ECM_ENSEMBLE_Corn_Winter_PRCP/daily dia 12 (2026-10-03 → 2026-10-03) 31623 bytes
2026-09-21 09:34:22,032 [INFO] [OK] Brazil/ECM_ENSEMBLE_Corn_Winter_PRCP/daily dia 13 (2026-10-04 → 2026-10-04) 30928 bytes
2026-09-21 09:34:22,100 [INFO] [OK] Brazil/ECM_ENSEMBLE_Corn_Winter_PRCP/daily dia 14 (2026-10-05 → 2026-10-05) 31533 bytes
2026-09-21 09:34:22,409 [INFO] [OK] Brazil/ECM_ENSEMBLE_Corn_Winter_PRCP/cumulative dia 00 (2026-09-21 → 2026-09-21) 31397 bytes
2026-09-21 09:34:22,594 [INFO] [OK] Brazil/ECM_ENSEMBLE_Corn_Winter_PRCP/cumulative dia 01 (2026-09-21 → 2026-09-22) 34563 bytes
2026-09-21 09:34:23,006 [INFO] [OK] Brazil/ECM_ENSEMBLE_Corn_Winter_PRCP/cumulative dia 02 (2026-09-21 → 2026-09-23) 36101 bytes
2026-09-21 09:34:23,392 [INFO] [OK] Brazil/ECM_ENSEMBLE_Corn_Winter_PRCP/cumulative dia 03 (2026-09-21 → 2026-09-24) 37212 bytes
2026-09-21 09:34:23,742 [INFO] [OK] Brazil/ECM_ENSEMBLE_Corn_Winter_PRCP/cumulative dia 04 (2026-09-21 → 2026-09-25) 38533 bytes
2026-09-21 09:34:23,946 [INFO] [OK] Brazil/ECM_ENSEMBLE_Corn_Winter_PRCP/cumulative dia 05 (2026-09-21 → 2026-09-26) 39246 bytes
2026-09-21 09:34:24,248 [INFO] [OK] Brazil/ECM_ENSEMBLE_Corn_Winter_PRCP/cumulative dia 06 (2026-09-21 → 2026-09-27) 40608 bytes
2026-09-21 09:34:24,559 [INFO] [OK] Brazil/ECM_ENSEMBLE_Corn_Winter_PRCP/cumulative dia 07 (2026-09-21 → 2026-09-28) 41582 bytes
2026-09-21 09:34:25,016 [INFO] [OK] Brazil/ECM_ENSEMBLE_Corn_Winter_PRCP/cumulative dia 08 (2026-09-21 → 2026-09-29) 42448 bytes
2026-09-21 09:34:25,531 [INFO] [OK] Brazil/ECM_ENSEMBLE_Corn_Winter_PRCP/cumulative dia 09 (2026-09-21 → 2026-09-30) 43150 bytes
2026-09-21 09:34:26,111 [INFO] [OK] Brazil/ECM_ENSEMBLE_Corn_Winter_PRCP/cumulative dia 10 (2026-09-21 → 2026-10-01) 43268 bytes
2026-09-21 09:34:26,233 [INFO] [OK] Brazil/ECM_ENSEMBLE_Corn_Winter_PRCP/cumulative dia 11 (2026-09-21 → 2026-10-02) 43910 bytes
2026-09-21 09:34:26,543 [INFO] [OK] Argentina/GFS_ENSEMBLE_Soy_PRCP_DEP/daily dia 00 (2026-09-21 → 2026-09-21) 35912 bytes
2026-09-21 09:34:26,607 [INFO] [OK] Brazil/ECM_ENSEMBLE_Corn_Winter_PRCP/cumulative dia 12 (2026-09-21 → 2026-10-03) 44267 bytes
2026-09-21 09:34:27,063 [INFO] [OK] Brazil/ECM_ENSEMBLE_Corn_Winter_PRCP/cumulative dia 13 (2026-09-21 → 2026-10-04) 43689 bytes
2026-09-21 09:34:27,320 [INFO] [OK] Argentina/GFS_ENSEMBLE_Soy_PRCP_DEP/daily dia 01 (2026-09-22 → 2026-09-22) 34973 bytes
2026-09-21 09:34:27,398 [INFO] [OK] Argentina/GFS_ENSEMBLE_Soy_PRCP_DEP/daily dia 02 (2026-09-23 → 2026-09-23) 33219 bytes
2026-09-21 09:34:27,457 [INFO] [OK] Brazil/ECM_ENSEMBLE_Corn_Winter_PRCP/cumulative dia 14 (2026-09-21 → 2026-10-05) 43855 bytes
2026-09-21 09:34:27,632 [INFO] [OK] Argentina/GFS_ENSEMBLE_Soy_PRCP_DEP/daily dia 03 (2026-09-24 → 2026-09-24) 32607 bytes
2026-09-21 09:34:27,707 [INFO] [OK] Argentina/GFS_ENSEMBLE_Soy_PRCP_DEP/daily dia 04 (2026-09-25 → 2026-09-25) 32723 bytes
2026-09-21 09:34:28,189 [INFO] [OK] Argentina/GFS_ENSEMBLE_Soy_PRCP_DEP/daily dia 05 (2026-09-26 → 2026-09-26) 34126 bytes
2026-09-21 09:34:28,560 [INFO] [OK] Argentina/GFS_ENSEMBLE_Soy_PRCP_DEP/daily dia 06 (2026-09-27 → 2026-09-27) 38573 bytes
2026-09-21 09:34:28,679 [INFO] [OK] Argentina/GFS_ENSEMBLE_Soy_PRCP_DEP/daily dia 07 (2026-09-28 → 2026-09-28) 39466 bytes
2026-09-21 09:34:28,707 [INFO] [OK] Argentina/GFS_ENSEMBLE_Soy_PRCP_DEP/daily dia 08 (2026-09-29 → 2026-09-29) 40749 bytes
2026-09-21 09:34:28,726 [INFO] [OK] Argentina/GFS_ENSEMBLE_Soy_PRCP_DEP/daily dia 10 (2026-10-01 → 2026-10-01) 39090 bytes
2026-09-21 09:34:28,875 [INFO] [OK] Argentina/GFS_ENSEMBLE_Soy_PRCP_DEP/daily dia 09 (2026-09-30 → 2026-09-30) 42958 bytes
2026-09-21 09:34:29,180 [INFO] [OK] Argentina/GFS_ENSEMBLE_Soy_PRCP_DEP/daily dia 11 (2026-10-02 → 2026-10-02) 41601 bytes
2026-09-21 09:34:29,628 [INFO] [OK] Argentina/GFS_ENSEMBLE_Soy_PRCP_DEP/daily dia 12 (2026-10-03 → 2026-10-03) 42777 bytes
2026-09-21 09:34:29,782 [INFO] [OK] Argentina/GFS_ENSEMBLE_Soy_PRCP_DEP/daily dia 13 (2026-10-04 → 2026-10-04) 44020 bytes
2026-09-21 09:34:29,801 [INFO] [OK] Argentina/GFS_ENSEMBLE_Soy_PRCP_DEP/cumulative dia 00 (2026-09-21 → 2026-09-21) 35912 bytes
2026-09-21 09:34:29,803 [INFO] [OK] Argentina/GFS_ENSEMBLE_Soy_PRCP_DEP/daily dia 14 (2026-10-05 → 2026-10-05) 45088 bytes
2026-09-21 09:34:29,948 [INFO] [OK] Argentina/GFS_ENSEMBLE_Soy_PRCP_DEP/cumulative dia 01 (2026-09-21 → 2026-09-22) 37868 bytes
2026-09-21 09:34:30,292 [INFO] [OK] Argentina/GFS_ENSEMBLE_Soy_PRCP_DEP/cumulative dia 02 (2026-09-21 → 2026-09-23) 38594 bytes
2026-09-21 09:34:30,820 [INFO] [OK] Argentina/GFS_ENSEMBLE_Soy_PRCP_DEP/cumulative dia 03 (2026-09-21 → 2026-09-24) 38511 bytes
2026-09-21 09:34:31,031 [INFO] [OK] Argentina/GFS_ENSEMBLE_Soy_PRCP_DEP/cumulative dia 04 (2026-09-21 → 2026-09-25) 38406 bytes
2026-09-21 09:34:31,153 [INFO] [OK] Argentina/GFS_ENSEMBLE_Soy_PRCP_DEP/cumulative dia 05 (2026-09-21 → 2026-09-26) 38998 bytes
2026-09-21 09:34:31,158 [INFO] [OK] Argentina/GFS_ENSEMBLE_Soy_PRCP_DEP/cumulative dia 06 (2026-09-21 → 2026-09-27) 39795 bytes
2026-09-21 09:34:31,344 [INFO] [OK] Argentina/GFS_ENSEMBLE_Soy_PRCP_DEP/cumulative dia 07 (2026-09-21 → 2026-09-28) 41543 bytes
2026-09-21 09:34:31,692 [INFO] [OK] Argentina/GFS_ENSEMBLE_Soy_PRCP_DEP/cumulative dia 08 (2026-09-21 → 2026-09-29) 43239 bytes
2026-09-21 09:34:32,330 [INFO] [OK] Argentina/GFS_ENSEMBLE_Soy_PRCP_DEP/cumulative dia 09 (2026-09-21 → 2026-09-30) 43256 bytes
2026-09-21 09:34:32,757 [INFO] [OK] Argentina/GFS_ENSEMBLE_Soy_PRCP_DEP/cumulative dia 10 (2026-09-21 → 2026-10-01) 43717 bytes
2026-09-21 09:34:32,852 [INFO] [OK] Argentina/GFS_ENSEMBLE_Soy_PRCP_DEP/cumulative dia 11 (2026-09-21 → 2026-10-02) 43650 bytes
2026-09-21 09:34:32,983 [INFO] [OK] Argentina/GFS_ENSEMBLE_Soy_PRCP_DEP/cumulative dia 12 (2026-09-21 → 2026-10-03) 43484 bytes
2026-09-21 09:34:33,025 [INFO] [OK] Argentina/GFS_ENSEMBLE_Soy_PRCP_DEP/cumulative dia 13 (2026-09-21 → 2026-10-04) 43462 bytes
2026-09-21 09:34:33,504 [INFO] [OK] Argentina/GFS_ENSEMBLE_Soy_PRCP_DEP/cumulative dia 14 (2026-09-21 → 2026-10-05) 43221 bytes
2026-09-21 09:34:33,770 [INFO] [OK] Argentina/GFS_ENSEMBLE_Soy_PRCP/daily dia 01 (2026-09-22 → 2026-09-22) 29386 bytes
2026-09-21 09:34:33,776 [INFO] [OK] Argentina/GFS_ENSEMBLE_Soy_PRCP/daily dia 00 (2026-09-21 → 2026-09-21) 28905 bytes
2026-09-21 09:34:33,866 [INFO] [OK] Argentina/GFS_ENSEMBLE_Soy_PRCP/daily dia 02 (2026-09-23 → 2026-09-23) 29174 bytes
2026-09-21 09:34:33,942 [INFO] [OK] Argentina/GFS_ENSEMBLE_Soy_PRCP/daily dia 03 (2026-09-24 → 2026-09-24) 28374 bytes
2026-09-21 09:34:34,012 [INFO] [OK] Argentina/GFS_ENSEMBLE_Soy_PRCP/daily dia 04 (2026-09-25 → 2026-09-25) 26801 bytes
2026-09-21 09:34:34,550 [INFO] [OK] Argentina/GFS_ENSEMBLE_Soy_PRCP/daily dia 05 (2026-09-26 → 2026-09-26) 27246 bytes
2026-09-21 09:34:34,876 [INFO] [OK] Argentina/GFS_ENSEMBLE_Soy_PRCP/daily dia 07 (2026-09-28 → 2026-09-28) 28651 bytes
2026-09-21 09:34:34,878 [INFO] [OK] Argentina/GFS_ENSEMBLE_Soy_PRCP/daily dia 08 (2026-09-29 → 2026-09-29) 30468 bytes
2026-09-21 09:34:34,926 [INFO] [OK] Argentina/GFS_ENSEMBLE_Soy_PRCP/daily dia 06 (2026-09-27 → 2026-09-27) 28375 bytes
2026-09-21 09:34:34,996 [INFO] [OK] Argentina/GFS_ENSEMBLE_Soy_PRCP/daily dia 09 (2026-09-30 → 2026-09-30) 30995 bytes
2026-09-21 09:34:35,120 [INFO] [OK] Argentina/GFS_ENSEMBLE_Soy_PRCP/daily dia 10 (2026-10-01 → 2026-10-01) 29286 bytes
2026-09-21 09:34:35,559 [INFO] [OK] Argentina/GFS_ENSEMBLE_Soy_PRCP/daily dia 11 (2026-10-02 → 2026-10-02) 29114 bytes
2026-09-21 09:34:35,878 [INFO] [OK] Argentina/GFS_ENSEMBLE_Soy_PRCP/daily dia 12 (2026-10-03 → 2026-10-03) 28709 bytes
2026-09-21 09:34:35,954 [INFO] [OK] Argentina/GFS_ENSEMBLE_Soy_PRCP/daily dia 13 (2026-10-04 → 2026-10-04) 29278 bytes
2026-09-21 09:34:36,075 [INFO] [OK] Argentina/GFS_ENSEMBLE_Soy_PRCP/daily dia 14 (2026-10-05 → 2026-10-05) 29077 bytes
2026-09-21 09:34:36,139 [INFO] [OK] Argentina/GFS_ENSEMBLE_Soy_PRCP/cumulative dia 00 (2026-09-21 → 2026-09-21) 28905 bytes
2026-09-21 09:34:36,231 [INFO] [OK] Argentina/GFS_ENSEMBLE_Soy_PRCP/cumulative dia 01 (2026-09-21 → 2026-09-22) 31046 bytes
2026-09-21 09:34:36,611 [INFO] [OK] Argentina/GFS_ENSEMBLE_Soy_PRCP/cumulative dia 02 (2026-09-21 → 2026-09-23) 32838 bytes
2026-09-21 09:34:37,073 [INFO] [OK] Argentina/GFS_ENSEMBLE_Soy_PRCP/cumulative dia 03 (2026-09-21 → 2026-09-24) 33802 bytes
2026-09-21 09:34:37,289 [INFO] [OK] Argentina/GFS_ENSEMBLE_Soy_PRCP/cumulative dia 04 (2026-09-21 → 2026-09-25) 34230 bytes
2026-09-21 09:34:37,317 [INFO] [OK] Argentina/GFS_ENSEMBLE_Soy_PRCP/cumulative dia 05 (2026-09-21 → 2026-09-26) 34563 bytes
2026-09-21 09:34:37,474 [INFO] [OK] Argentina/GFS_ENSEMBLE_Soy_PRCP/cumulative dia 06 (2026-09-21 → 2026-09-27) 35057 bytes
2026-09-21 09:34:37,586 [INFO] [OK] Argentina/GFS_ENSEMBLE_Soy_PRCP/cumulative dia 07 (2026-09-21 → 2026-09-28) 36250 bytes
2026-09-21 09:34:38,006 [INFO] [OK] Argentina/GFS_ENSEMBLE_Soy_PRCP/cumulative dia 08 (2026-09-21 → 2026-09-29) 36917 bytes
2026-09-21 09:34:38,555 [INFO] [OK] Argentina/GFS_ENSEMBLE_Soy_PRCP/cumulative dia 09 (2026-09-21 → 2026-09-30) 37509 bytes
2026-09-21 09:34:38,771 [INFO] [OK] Argentina/GFS_ENSEMBLE_Soy_PRCP/cumulative dia 10 (2026-09-21 → 2026-10-01) 38213 bytes
2026-09-21 09:34:39,120 [INFO] [OK] Argentina/GFS_ENSEMBLE_Soy_PRCP/cumulative dia 12 (2026-09-21 → 2026-10-03) 38682 bytes
2026-09-21 09:34:39,158 [INFO] [OK] Argentina/GFS_ENSEMBLE_Soy_PRCP/cumulative dia 11 (2026-09-21 → 2026-10-02) 38381 bytes
2026-09-21 09:34:39,219 [INFO] [OK] Argentina/GFS_ENSEMBLE_Soy_PRCP/cumulative dia 13 (2026-09-21 → 2026-10-04) 38884 bytes
2026-09-21 09:34:39,626 [INFO] [OK] Argentina/GFS_ENSEMBLE_Corn_Winter_PRCP_DEP/daily dia 00 (2026-09-21 → 2026-09-21) 34273 bytes
2026-09-21 09:34:39,744 [INFO] [OK] Argentina/GFS_ENSEMBLE_Soy_PRCP/cumulative dia 14 (2026-09-21 → 2026-10-05) 38924 bytes
2026-09-21 09:34:39,898 [INFO] [OK] Argentina/GFS_ENSEMBLE_Corn_Winter_PRCP_DEP/daily dia 01 (2026-09-22 → 2026-09-22) 33192 bytes
2026-09-21 09:34:40,246 [INFO] [OK] Argentina/GFS_ENSEMBLE_Corn_Winter_PRCP_DEP/daily dia 02 (2026-09-23 → 2026-09-23) 31645 bytes
2026-09-21 09:34:40,306 [INFO] [OK] Argentina/GFS_ENSEMBLE_Corn_Winter_PRCP_DEP/daily dia 03 (2026-09-24 → 2026-09-24) 31064 bytes
2026-09-21 09:34:40,340 [INFO] [OK] Argentina/GFS_ENSEMBLE_Corn_Winter_PRCP_DEP/daily dia 04 (2026-09-25 → 2026-09-25) 30967 bytes
2026-09-21 09:34:40,644 [INFO] [OK] Argentina/GFS_ENSEMBLE_Corn_Winter_PRCP_DEP/daily dia 05 (2026-09-26 → 2026-09-26) 32230 bytes
2026-09-21 09:34:40,781 [INFO] [OK] Argentina/GFS_ENSEMBLE_Corn_Winter_PRCP_DEP/daily dia 06 (2026-09-27 → 2026-09-27) 36914 bytes
2026-09-21 09:34:41,144 [INFO] [OK] Argentina/GFS_ENSEMBLE_Corn_Winter_PRCP_DEP/daily dia 07 (2026-09-28 → 2026-09-28) 37957 bytes
2026-09-21 09:34:41,325 [INFO] [OK] Argentina/GFS_ENSEMBLE_Corn_Winter_PRCP_DEP/daily dia 08 (2026-09-29 → 2026-09-29) 39329 bytes
2026-09-21 09:34:41,348 [INFO] [OK] Argentina/GFS_ENSEMBLE_Corn_Winter_PRCP_DEP/daily dia 09 (2026-09-30 → 2026-09-30) 41328 bytes
2026-09-21 09:34:41,477 [INFO] [OK] Argentina/GFS_ENSEMBLE_Corn_Winter_PRCP_DEP/daily dia 10 (2026-10-01 → 2026-10-01) 37441 bytes
2026-09-21 09:34:41,701 [INFO] [OK] Argentina/GFS_ENSEMBLE_Corn_Winter_PRCP_DEP/daily dia 11 (2026-10-02 → 2026-10-02) 39762 bytes
2026-09-21 09:34:41,826 [INFO] [OK] Argentina/GFS_ENSEMBLE_Corn_Winter_PRCP_DEP/daily dia 12 (2026-10-03 → 2026-10-03) 41183 bytes
2026-09-21 09:34:42,182 [INFO] [OK] Argentina/GFS_ENSEMBLE_Corn_Winter_PRCP_DEP/daily dia 13 (2026-10-04 → 2026-10-04) 42316 bytes
2026-09-21 09:34:42,361 [INFO] [OK] Argentina/GFS_ENSEMBLE_Corn_Winter_PRCP_DEP/cumulative dia 00 (2026-09-21 → 2026-09-21) 34273 bytes
2026-09-21 09:34:42,423 [INFO] [OK] Argentina/GFS_ENSEMBLE_Corn_Winter_PRCP_DEP/daily dia 14 (2026-10-05 → 2026-10-05) 43525 bytes
2026-09-21 09:34:42,550 [INFO] [OK] Argentina/GFS_ENSEMBLE_Corn_Winter_PRCP_DEP/cumulative dia 01 (2026-09-21 → 2026-09-22) 36289 bytes
2026-09-21 09:34:42,769 [INFO] [OK] Argentina/GFS_ENSEMBLE_Corn_Winter_PRCP_DEP/cumulative dia 02 (2026-09-21 → 2026-09-23) 37134 bytes
2026-09-21 09:34:42,986 [INFO] [OK] Argentina/GFS_ENSEMBLE_Corn_Winter_PRCP_DEP/cumulative dia 03 (2026-09-21 → 2026-09-24) 36892 bytes
2026-09-21 09:34:43,425 [INFO] [OK] Argentina/GFS_ENSEMBLE_Corn_Winter_PRCP_DEP/cumulative dia 04 (2026-09-21 → 2026-09-25) 36723 bytes
2026-09-21 09:34:43,665 [INFO] [OK] Argentina/GFS_ENSEMBLE_Corn_Winter_PRCP_DEP/cumulative dia 05 (2026-09-21 → 2026-09-26) 37240 bytes
2026-09-21 09:34:43,715 [INFO] [OK] Argentina/GFS_ENSEMBLE_Corn_Winter_PRCP_DEP/cumulative dia 06 (2026-09-21 → 2026-09-27) 38134 bytes
2026-09-21 09:34:43,890 [INFO] [OK] Argentina/GFS_ENSEMBLE_Corn_Winter_PRCP_DEP/cumulative dia 07 (2026-09-21 → 2026-09-28) 39621 bytes
2026-09-21 09:34:44,185 [INFO] [OK] Argentina/GFS_ENSEMBLE_Corn_Winter_PRCP_DEP/cumulative dia 08 (2026-09-21 → 2026-09-29) 41388 bytes
2026-09-21 09:34:44,440 [INFO] [OK] Argentina/GFS_ENSEMBLE_Corn_Winter_PRCP_DEP/cumulative dia 09 (2026-09-21 → 2026-09-30) 41535 bytes
2026-09-21 09:34:44,924 [INFO] [OK] Argentina/GFS_ENSEMBLE_Corn_Winter_PRCP_DEP/cumulative dia 10 (2026-09-21 → 2026-10-01) 41507 bytes
2026-09-21 09:34:45,329 [INFO] [OK] Argentina/GFS_ENSEMBLE_Corn_Winter_PRCP_DEP/cumulative dia 11 (2026-09-21 → 2026-10-02) 41852 bytes
2026-09-21 09:34:45,361 [INFO] [OK] Argentina/GFS_ENSEMBLE_Corn_Winter_PRCP_DEP/cumulative dia 12 (2026-09-21 → 2026-10-03) 41554 bytes
2026-09-21 09:34:45,445 [INFO] [OK] Argentina/GFS_ENSEMBLE_Corn_Winter_PRCP/daily dia 00 (2026-09-21 → 2026-09-21) 26980 bytes
2026-09-21 09:34:45,630 [INFO] [OK] Argentina/GFS_ENSEMBLE_Corn_Winter_PRCP_DEP/cumulative dia 13 (2026-09-21 → 2026-10-04) 41533 bytes
2026-09-21 09:34:45,889 [INFO] [OK] Argentina/GFS_ENSEMBLE_Corn_Winter_PRCP_DEP/cumulative dia 14 (2026-09-21 → 2026-10-05) 41450 bytes
2026-09-21 09:34:45,970 [INFO] [OK] Argentina/GFS_ENSEMBLE_Corn_Winter_PRCP/daily dia 01 (2026-09-22 → 2026-09-22) 27546 bytes
2026-09-21 09:34:46,360 [INFO] [OK] Argentina/GFS_ENSEMBLE_Corn_Winter_PRCP/daily dia 02 (2026-09-23 → 2026-09-23) 27326 bytes
2026-09-21 09:34:46,432 [INFO] [OK] Argentina/GFS_ENSEMBLE_Corn_Winter_PRCP/daily dia 03 (2026-09-24 → 2026-09-24) 26444 bytes
2026-09-21 09:34:46,541 [INFO] [OK] Argentina/GFS_ENSEMBLE_Corn_Winter_PRCP/daily dia 04 (2026-09-25 → 2026-09-25) 24850 bytes
2026-09-21 09:34:46,675 [INFO] [OK] Argentina/GFS_ENSEMBLE_Corn_Winter_PRCP/daily dia 05 (2026-09-26 → 2026-09-26) 25280 bytes
2026-09-21 09:34:46,967 [INFO] [OK] Argentina/GFS_ENSEMBLE_Corn_Winter_PRCP/daily dia 06 (2026-09-27 → 2026-09-27) 26359 bytes
2026-09-21 09:34:46,994 [INFO] [OK] Argentina/GFS_ENSEMBLE_Corn_Winter_PRCP/daily dia 07 (2026-09-28 → 2026-09-28) 26973 bytes
2026-09-21 09:34:47,394 [INFO] [OK] Argentina/GFS_ENSEMBLE_Corn_Winter_PRCP/daily dia 08 (2026-09-29 → 2026-09-29) 28311 bytes
2026-09-21 09:34:47,469 [INFO] [OK] Argentina/GFS_ENSEMBLE_Corn_Winter_PRCP/daily dia 09 (2026-09-30 → 2026-09-30) 29120 bytes
2026-09-21 09:34:47,556 [INFO] [OK] Argentina/GFS_ENSEMBLE_Corn_Winter_PRCP/daily dia 10 (2026-10-01 → 2026-10-01) 27502 bytes
2026-09-21 09:34:47,755 [INFO] [OK] Argentina/GFS_ENSEMBLE_Corn_Winter_PRCP/daily dia 11 (2026-10-02 → 2026-10-02) 27463 bytes
2026-09-21 09:34:47,977 [INFO] [OK] Argentina/GFS_ENSEMBLE_Corn_Winter_PRCP/daily dia 12 (2026-10-03 → 2026-10-03) 26850 bytes
2026-09-21 09:34:48,002 [INFO] [OK] Argentina/GFS_ENSEMBLE_Corn_Winter_PRCP/daily dia 13 (2026-10-04 → 2026-10-04) 27520 bytes
2026-09-21 09:34:48,369 [INFO] [OK] Argentina/GFS_ENSEMBLE_Corn_Winter_PRCP/daily dia 14 (2026-10-05 → 2026-10-05) 27526 bytes
2026-09-21 09:34:48,620 [INFO] [OK] Argentina/GFS_ENSEMBLE_Corn_Winter_PRCP/cumulative dia 01 (2026-09-21 → 2026-09-22) 29176 bytes
2026-09-21 09:34:48,653 [INFO] [OK] Argentina/GFS_ENSEMBLE_Corn_Winter_PRCP/cumulative dia 00 (2026-09-21 → 2026-09-21) 26980 bytes
2026-09-21 09:34:48,989 [INFO] [OK] Argentina/GFS_ENSEMBLE_Corn_Winter_PRCP/cumulative dia 02 (2026-09-21 → 2026-09-23) 31007 bytes
2026-09-21 09:34:49,238 [INFO] [OK] Argentina/GFS_ENSEMBLE_Corn_Winter_PRCP/cumulative dia 03 (2026-09-21 → 2026-09-24) 31985 bytes
2026-09-21 09:34:49,258 [INFO] [OK] Argentina/GFS_ENSEMBLE_Corn_Winter_PRCP/cumulative dia 04 (2026-09-21 → 2026-09-25) 32462 bytes
2026-09-21 09:34:49,597 [INFO] [OK] Argentina/GFS_ENSEMBLE_Corn_Winter_PRCP/cumulative dia 05 (2026-09-21 → 2026-09-26) 32861 bytes
2026-09-21 09:34:50,039 [INFO] [OK] Argentina/GFS_ENSEMBLE_Corn_Winter_PRCP/cumulative dia 06 (2026-09-21 → 2026-09-27) 33174 bytes
2026-09-21 09:34:50,139 [INFO] [OK] Argentina/GFS_ENSEMBLE_Corn_Winter_PRCP/cumulative dia 07 (2026-09-21 → 2026-09-28) 34383 bytes
2026-09-21 09:34:50,414 [INFO] [OK] Argentina/GFS_ENSEMBLE_Corn_Winter_PRCP/cumulative dia 08 (2026-09-21 → 2026-09-29) 35039 bytes
2026-09-21 09:34:50,754 [INFO] [OK] Argentina/GFS_ENSEMBLE_Corn_Winter_PRCP/cumulative dia 10 (2026-09-21 → 2026-10-01) 36509 bytes
2026-09-21 09:34:50,894 [INFO] [OK] Argentina/GFS_ENSEMBLE_Corn_Winter_PRCP/cumulative dia 09 (2026-09-21 → 2026-09-30) 35848 bytes
2026-09-21 09:34:51,262 [INFO] [OK] Argentina/GFS_ENSEMBLE_Corn_Winter_PRCP/cumulative dia 11 (2026-09-21 → 2026-10-02) 36683 bytes
2026-09-21 09:34:51,878 [INFO] [OK] Argentina/GFS_ENSEMBLE_Corn_Winter_PRCP/cumulative dia 12 (2026-09-21 → 2026-10-03) 36944 bytes
2026-09-21 09:34:51,880 [INFO] [OK] Argentina/GFS_ENSEMBLE_Corn_Winter_PRCP/cumulative dia 13 (2026-09-21 → 2026-10-04) 37085 bytes
2026-09-21 09:34:52,044 [INFO] [OK] Argentina/ECM_ENSEMBLE_Soy_PRCP_DEP/daily dia 01 (2026-09-22 → 2026-09-22) 37547 bytes
2026-09-21 09:34:52,104 [INFO] [OK] Argentina/ECM_ENSEMBLE_Soy_PRCP_DEP/daily dia 00 (2026-09-21 → 2026-09-21) 39357 bytes
2026-09-21 09:34:52,244 [INFO] [OK] Argentina/GFS_ENSEMBLE_Corn_Winter_PRCP/cumulative dia 14 (2026-09-21 → 2026-10-05) 37098 bytes
2026-09-21 09:34:52,286 [INFO] [OK] Argentina/ECM_ENSEMBLE_Soy_PRCP_DEP/daily dia 02 (2026-09-23 → 2026-09-23) 34042 bytes
2026-09-21 09:34:52,944 [INFO] [OK] Argentina/ECM_ENSEMBLE_Soy_PRCP_DEP/daily dia 03 (2026-09-24 → 2026-09-24) 34315 bytes
2026-09-21 09:34:53,025 [INFO] [OK] Argentina/ECM_ENSEMBLE_Soy_PRCP_DEP/daily dia 04 (2026-09-25 → 2026-09-25) 35397 bytes
2026-09-21 09:34:53,144 [INFO] [OK] Argentina/ECM_ENSEMBLE_Soy_PRCP_DEP/daily dia 05 (2026-09-26 → 2026-09-26) 39199 bytes
2026-09-21 09:34:53,306 [INFO] [OK] Argentina/ECM_ENSEMBLE_Soy_PRCP_DEP/daily dia 06 (2026-09-27 → 2026-09-27) 39504 bytes
2026-09-21 09:34:53,496 [INFO] [OK] Argentina/ECM_ENSEMBLE_Soy_PRCP_DEP/daily dia 08 (2026-09-29 → 2026-09-29) 40865 bytes
2026-09-21 09:34:53,606 [INFO] [OK] Argentina/ECM_ENSEMBLE_Soy_PRCP_DEP/daily dia 07 (2026-09-28 → 2026-09-28) 38896 bytes
2026-09-21 09:34:54,367 [INFO] [OK] Argentina/ECM_ENSEMBLE_Soy_PRCP_DEP/daily dia 09 (2026-09-30 → 2026-09-30) 41985 bytes
2026-09-21 09:34:54,370 [INFO] [OK] Argentina/ECM_ENSEMBLE_Soy_PRCP_DEP/daily dia 10 (2026-10-01 → 2026-10-01) 41484 bytes
2026-09-21 09:34:54,370 [INFO] [OK] Argentina/ECM_ENSEMBLE_Soy_PRCP_DEP/daily dia 11 (2026-10-02 → 2026-10-02) 42025 bytes
2026-09-21 09:34:54,371 [INFO] [OK] Argentina/ECM_ENSEMBLE_Soy_PRCP_DEP/daily dia 12 (2026-10-03 → 2026-10-03) 44351 bytes
2026-09-21 09:34:54,562 [INFO] [OK] Argentina/ECM_ENSEMBLE_Soy_PRCP_DEP/daily dia 13 (2026-10-04 → 2026-10-04) 42875 bytes
2026-09-21 09:34:54,689 [INFO] [OK] Argentina/ECM_ENSEMBLE_Soy_PRCP_DEP/daily dia 14 (2026-10-05 → 2026-10-05) 44114 bytes
2026-09-21 09:34:55,491 [INFO] [OK] Argentina/ECM_ENSEMBLE_Soy_PRCP_DEP/cumulative dia 00 (2026-09-21 → 2026-09-21) 39357 bytes
2026-09-21 09:34:55,689 [INFO] [OK] Argentina/ECM_ENSEMBLE_Soy_PRCP_DEP/cumulative dia 03 (2026-09-21 → 2026-09-24) 39458 bytes
2026-09-21 09:34:55,701 [INFO] [OK] Argentina/ECM_ENSEMBLE_Soy_PRCP_DEP/cumulative dia 01 (2026-09-21 → 2026-09-22) 38747 bytes
2026-09-21 09:34:55,750 [INFO] [OK] Argentina/ECM_ENSEMBLE_Soy_PRCP_DEP/cumulative dia 02 (2026-09-21 → 2026-09-23) 39630 bytes
2026-09-21 09:34:55,840 [INFO] [OK] Argentina/ECM_ENSEMBLE_Soy_PRCP_DEP/cumulative dia 04 (2026-09-21 → 2026-09-25) 40324 bytes
2026-09-21 09:34:55,999 [INFO] [OK] Argentina/ECM_ENSEMBLE_Soy_PRCP_DEP/cumulative dia 05 (2026-09-21 → 2026-09-26) 41495 bytes
2026-09-21 09:34:56,842 [INFO] [OK] Argentina/ECM_ENSEMBLE_Soy_PRCP_DEP/cumulative dia 06 (2026-09-21 → 2026-09-27) 43943 bytes
2026-09-21 09:34:57,134 [INFO] [OK] Argentina/ECM_ENSEMBLE_Soy_PRCP_DEP/cumulative dia 07 (2026-09-21 → 2026-09-28) 44750 bytes
2026-09-21 09:34:57,254 [INFO] [OK] Argentina/ECM_ENSEMBLE_Soy_PRCP_DEP/cumulative dia 09 (2026-09-21 → 2026-09-30) 42638 bytes
2026-09-21 09:34:57,314 [INFO] [OK] Argentina/ECM_ENSEMBLE_Soy_PRCP_DEP/cumulative dia 08 (2026-09-21 → 2026-09-29) 43573 bytes
2026-09-21 09:34:57,418 [INFO] [OK] Argentina/ECM_ENSEMBLE_Soy_PRCP_DEP/cumulative dia 10 (2026-09-21 → 2026-10-01) 42195 bytes
2026-09-21 09:34:57,703 [INFO] [OK] Argentina/ECM_ENSEMBLE_Soy_PRCP_DEP/cumulative dia 11 (2026-09-21 → 2026-10-02) 42258 bytes
2026-09-21 09:34:58,440 [INFO] [OK] Argentina/ECM_ENSEMBLE_Soy_PRCP_DEP/cumulative dia 12 (2026-09-21 → 2026-10-03) 42213 bytes
2026-09-21 09:34:58,541 [INFO] [OK] Argentina/ECM_ENSEMBLE_Soy_PRCP/daily dia 01 (2026-09-22 → 2026-09-22) 30648 bytes
2026-09-21 09:34:58,580 [INFO] [OK] Argentina/ECM_ENSEMBLE_Soy_PRCP/daily dia 00 (2026-09-21 → 2026-09-21) 31135 bytes
2026-09-21 09:34:58,799 [INFO] [OK] Argentina/ECM_ENSEMBLE_Soy_PRCP/daily dia 02 (2026-09-23 → 2026-09-23) 29366 bytes
2026-09-21 09:34:58,820 [INFO] [OK] Argentina/ECM_ENSEMBLE_Soy_PRCP_DEP/cumulative dia 13 (2026-09-21 → 2026-10-04) 41970 bytes
2026-09-21 09:34:58,983 [INFO] [OK] Argentina/ECM_ENSEMBLE_Soy_PRCP_DEP/cumulative dia 14 (2026-09-21 → 2026-10-05) 41940 bytes
2026-09-21 09:34:59,404 [INFO] [OK] Argentina/ECM_ENSEMBLE_Soy_PRCP/daily dia 03 (2026-09-24 → 2026-09-24) 28793 bytes
2026-09-21 09:34:59,518 [INFO] [OK] Argentina/ECM_ENSEMBLE_Soy_PRCP/daily dia 04 (2026-09-25 → 2026-09-25) 27342 bytes
2026-09-21 09:34:59,584 [INFO] [OK] Argentina/ECM_ENSEMBLE_Soy_PRCP/daily dia 05 (2026-09-26 → 2026-09-26) 28095 bytes
2026-09-21 09:34:59,853 [INFO] [OK] Argentina/ECM_ENSEMBLE_Soy_PRCP/daily dia 06 (2026-09-27 → 2026-09-27) 29489 bytes
2026-09-21 09:34:59,865 [INFO] [OK] Argentina/ECM_ENSEMBLE_Soy_PRCP/daily dia 07 (2026-09-28 → 2026-09-28) 30902 bytes
2026-09-21 09:35:00,041 [INFO] [OK] Argentina/ECM_ENSEMBLE_Soy_PRCP/daily dia 08 (2026-09-29 → 2026-09-29) 32642 bytes
2026-09-21 09:35:00,428 [INFO] [OK] Argentina/ECM_ENSEMBLE_Soy_PRCP/daily dia 09 (2026-09-30 → 2026-09-30) 31866 bytes
2026-09-21 09:35:00,504 [INFO] [OK] Argentina/ECM_ENSEMBLE_Soy_PRCP/daily dia 10 (2026-10-01 → 2026-10-01) 29349 bytes
2026-09-21 09:35:00,585 [INFO] [OK] Argentina/ECM_ENSEMBLE_Soy_PRCP/daily dia 11 (2026-10-02 → 2026-10-02) 29066 bytes
2026-09-21 09:35:00,918 [INFO] [OK] Argentina/ECM_ENSEMBLE_Soy_PRCP/daily dia 13 (2026-10-04 → 2026-10-04) 29676 bytes
2026-09-21 09:35:00,919 [INFO] [OK] Argentina/ECM_ENSEMBLE_Soy_PRCP/daily dia 12 (2026-10-03 → 2026-10-03) 29683 bytes
2026-09-21 09:35:01,121 [INFO] [OK] Argentina/ECM_ENSEMBLE_Soy_PRCP/daily dia 14 (2026-10-05 → 2026-10-05) 30758 bytes
2026-09-21 09:35:01,477 [INFO] [OK] Argentina/ECM_ENSEMBLE_Soy_PRCP/cumulative dia 00 (2026-09-21 → 2026-09-21) 31135 bytes
2026-09-21 09:35:01,599 [INFO] [OK] Argentina/ECM_ENSEMBLE_Soy_PRCP/cumulative dia 01 (2026-09-21 → 2026-09-22) 33406 bytes
2026-09-21 09:35:01,704 [INFO] [OK] Argentina/ECM_ENSEMBLE_Soy_PRCP/cumulative dia 02 (2026-09-21 → 2026-09-23) 34912 bytes
2026-09-21 09:35:02,124 [INFO] [OK] Argentina/ECM_ENSEMBLE_Soy_PRCP/cumulative dia 03 (2026-09-21 → 2026-09-24) 35448 bytes
2026-09-21 09:35:02,300 [INFO] [OK] Argentina/ECM_ENSEMBLE_Soy_PRCP/cumulative dia 04 (2026-09-21 → 2026-09-25) 35987 bytes
2026-09-21 09:35:02,374 [INFO] [OK] Argentina/ECM_ENSEMBLE_Soy_PRCP/cumulative dia 05 (2026-09-21 → 2026-09-26) 36566 bytes
2026-09-21 09:35:02,904 [INFO] [OK] Argentina/ECM_ENSEMBLE_Soy_PRCP/cumulative dia 06 (2026-09-21 → 2026-09-27) 37380 bytes
2026-09-21 09:35:03,160 [INFO] [OK] Argentina/ECM_ENSEMBLE_Soy_PRCP/cumulative dia 07 (2026-09-21 → 2026-09-28) 38244 bytes
2026-09-21 09:35:03,307 [INFO] [OK] Argentina/ECM_ENSEMBLE_Soy_PRCP/cumulative dia 08 (2026-09-21 → 2026-09-29) 39337 bytes
2026-09-21 09:35:03,541 [INFO] [OK] Argentina/ECM_ENSEMBLE_Soy_PRCP/cumulative dia 09 (2026-09-21 → 2026-09-30) 39611 bytes
2026-09-21 09:35:03,933 [INFO] [OK] Argentina/ECM_ENSEMBLE_Soy_PRCP/cumulative dia 10 (2026-09-21 → 2026-10-01) 39776 bytes
2026-09-21 09:35:03,944 [INFO] [OK] Argentina/ECM_ENSEMBLE_Soy_PRCP/cumulative dia 11 (2026-09-21 → 2026-10-02) 39759 bytes
2026-09-21 09:35:04,498 [INFO] [OK] Argentina/ECM_ENSEMBLE_Soy_PRCP/cumulative dia 12 (2026-09-21 → 2026-10-03) 39883 bytes
2026-09-21 09:35:04,614 [INFO] [OK] Argentina/ECM_ENSEMBLE_Corn_Winter_PRCP_DEP/daily dia 00 (2026-09-21 → 2026-09-21) 37672 bytes
2026-09-21 09:35:04,873 [INFO] [OK] Argentina/ECM_ENSEMBLE_Soy_PRCP/cumulative dia 13 (2026-09-21 → 2026-10-04) 39877 bytes
2026-09-21 09:35:05,206 [INFO] [OK] Argentina/ECM_ENSEMBLE_Soy_PRCP/cumulative dia 14 (2026-09-21 → 2026-10-05) 39708 bytes
2026-09-21 09:35:05,228 [INFO] [OK] Argentina/ECM_ENSEMBLE_Corn_Winter_PRCP_DEP/daily dia 02 (2026-09-23 → 2026-09-23) 32542 bytes
2026-09-21 09:35:05,288 [INFO] [OK] Argentina/ECM_ENSEMBLE_Corn_Winter_PRCP_DEP/daily dia 01 (2026-09-22 → 2026-09-22) 35710 bytes
2026-09-21 09:35:05,559 [INFO] [OK] Argentina/ECM_ENSEMBLE_Corn_Winter_PRCP_DEP/daily dia 03 (2026-09-24 → 2026-09-24) 32633 bytes
2026-09-21 09:35:05,610 [INFO] [OK] Argentina/ECM_ENSEMBLE_Corn_Winter_PRCP_DEP/daily dia 04 (2026-09-25 → 2026-09-25) 33656 bytes
2026-09-21 09:35:05,963 [INFO] [OK] Argentina/ECM_ENSEMBLE_Corn_Winter_PRCP_DEP/daily dia 05 (2026-09-26 → 2026-09-26) 37432 bytes
2026-09-21 09:35:06,331 [INFO] [OK] Argentina/ECM_ENSEMBLE_Corn_Winter_PRCP_DEP/daily dia 06 (2026-09-27 → 2026-09-27) 37744 bytes
2026-09-21 09:35:06,335 [INFO] [OK] Argentina/ECM_ENSEMBLE_Corn_Winter_PRCP_DEP/daily dia 08 (2026-09-29 → 2026-09-29) 39098 bytes
2026-09-21 09:35:06,393 [INFO] [OK] Argentina/ECM_ENSEMBLE_Corn_Winter_PRCP_DEP/daily dia 07 (2026-09-28 → 2026-09-28) 37356 bytes
2026-09-21 09:35:06,695 [INFO] [OK] Argentina/ECM_ENSEMBLE_Corn_Winter_PRCP_DEP/daily dia 10 (2026-10-01 → 2026-10-01) 39992 bytes
2026-09-21 09:35:06,747 [INFO] [OK] Argentina/ECM_ENSEMBLE_Corn_Winter_PRCP_DEP/daily dia 09 (2026-09-30 → 2026-09-30) 40374 bytes
2026-09-21 09:35:07,029 [INFO] [OK] Argentina/ECM_ENSEMBLE_Corn_Winter_PRCP_DEP/daily dia 11 (2026-10-02 → 2026-10-02) 40511 bytes
2026-09-21 09:35:07,368 [INFO] [OK] Argentina/ECM_ENSEMBLE_Corn_Winter_PRCP_DEP/daily dia 13 (2026-10-04 → 2026-10-04) 41411 bytes
2026-09-21 09:35:07,399 [INFO] [OK] Argentina/ECM_ENSEMBLE_Corn_Winter_PRCP_DEP/daily dia 12 (2026-10-03 → 2026-10-03) 42804 bytes
2026-09-21 09:35:07,488 [INFO] [OK] Argentina/ECM_ENSEMBLE_Corn_Winter_PRCP_DEP/daily dia 14 (2026-10-05 → 2026-10-05) 42835 bytes
2026-09-21 09:35:07,738 [INFO] [OK] Argentina/ECM_ENSEMBLE_Corn_Winter_PRCP_DEP/cumulative dia 00 (2026-09-21 → 2026-09-21) 37672 bytes
2026-09-21 09:35:07,841 [INFO] [OK] Argentina/ECM_ENSEMBLE_Corn_Winter_PRCP_DEP/cumulative dia 01 (2026-09-21 → 2026-09-22) 37375 bytes
2026-09-21 09:35:08,118 [INFO] [OK] Argentina/ECM_ENSEMBLE_Corn_Winter_PRCP_DEP/cumulative dia 02 (2026-09-21 → 2026-09-23) 38189 bytes
2026-09-21 09:35:08,537 [INFO] [OK] Argentina/ECM_ENSEMBLE_Corn_Winter_PRCP_DEP/cumulative dia 03 (2026-09-21 → 2026-09-24) 37873 bytes
2026-09-21 09:35:08,628 [INFO] [OK] Argentina/ECM_ENSEMBLE_Corn_Winter_PRCP_DEP/cumulative dia 04 (2026-09-21 → 2026-09-25) 38662 bytes
2026-09-21 09:35:09,183 [INFO] [OK] Argentina/ECM_ENSEMBLE_Corn_Winter_PRCP_DEP/cumulative dia 05 (2026-09-21 → 2026-09-26) 39914 bytes
2026-09-21 09:35:09,189 [INFO] [OK] Argentina/ECM_ENSEMBLE_Corn_Winter_PRCP_DEP/cumulative dia 06 (2026-09-21 → 2026-09-27) 42212 bytes
2026-09-21 09:35:09,193 [INFO] [OK] Argentina/ECM_ENSEMBLE_Corn_Winter_PRCP_DEP/cumulative dia 07 (2026-09-21 → 2026-09-28) 43441 bytes
2026-09-21 09:35:09,460 [INFO] [OK] Argentina/ECM_ENSEMBLE_Corn_Winter_PRCP_DEP/cumulative dia 08 (2026-09-21 → 2026-09-29) 42254 bytes
2026-09-21 09:35:10,134 [INFO] [OK] Argentina/ECM_ENSEMBLE_Corn_Winter_PRCP_DEP/cumulative dia 09 (2026-09-21 → 2026-09-30) 41374 bytes
2026-09-21 09:35:10,175 [INFO] [OK] Argentina/ECM_ENSEMBLE_Corn_Winter_PRCP_DEP/cumulative dia 10 (2026-09-21 → 2026-10-01) 40584 bytes
2026-09-21 09:35:10,789 [INFO] [OK] Argentina/ECM_ENSEMBLE_Corn_Winter_PRCP_DEP/cumulative dia 12 (2026-09-21 → 2026-10-03) 40647 bytes
2026-09-21 09:35:10,802 [INFO] [OK] Argentina/ECM_ENSEMBLE_Corn_Winter_PRCP_DEP/cumulative dia 11 (2026-09-21 → 2026-10-02) 40411 bytes
2026-09-21 09:35:10,840 [INFO] [OK] Argentina/ECM_ENSEMBLE_Corn_Winter_PRCP_DEP/cumulative dia 13 (2026-09-21 → 2026-10-04) 40720 bytes
2026-09-21 09:35:11,224 [INFO] [OK] Argentina/ECM_ENSEMBLE_Corn_Winter_PRCP/daily dia 00 (2026-09-21 → 2026-09-21) 29230 bytes
2026-09-21 09:35:11,226 [INFO] [OK] Argentina/ECM_ENSEMBLE_Corn_Winter_PRCP_DEP/cumulative dia 14 (2026-09-21 → 2026-10-05) 40413 bytes
2026-09-21 09:35:11,238 [INFO] [OK] Argentina/ECM_ENSEMBLE_Corn_Winter_PRCP/daily dia 01 (2026-09-22 → 2026-09-22) 28582 bytes
2026-09-21 09:35:11,828 [INFO] [OK] Argentina/ECM_ENSEMBLE_Corn_Winter_PRCP/daily dia 03 (2026-09-24 → 2026-09-24) 27035 bytes
2026-09-21 09:35:11,834 [INFO] [OK] Argentina/ECM_ENSEMBLE_Corn_Winter_PRCP/daily dia 02 (2026-09-23 → 2026-09-23) 27651 bytes
2026-09-21 09:35:11,853 [INFO] [OK] Argentina/ECM_ENSEMBLE_Corn_Winter_PRCP/daily dia 04 (2026-09-25 → 2026-09-25) 25396 bytes
2026-09-21 09:35:12,325 [INFO] [OK] Argentina/ECM_ENSEMBLE_Corn_Winter_PRCP/daily dia 05 (2026-09-26 → 2026-09-26) 26169 bytes
2026-09-21 09:35:12,394 [INFO] [OK] Argentina/ECM_ENSEMBLE_Corn_Winter_PRCP/daily dia 06 (2026-09-27 → 2026-09-27) 27372 bytes
2026-09-21 09:35:12,459 [INFO] [OK] Argentina/ECM_ENSEMBLE_Corn_Winter_PRCP/daily dia 07 (2026-09-28 → 2026-09-28) 28799 bytes
2026-09-21 09:35:12,894 [INFO] [OK] Argentina/ECM_ENSEMBLE_Corn_Winter_PRCP/daily dia 10 (2026-10-01 → 2026-10-01) 27489 bytes
2026-09-21 09:35:12,911 [INFO] [OK] Argentina/ECM_ENSEMBLE_Corn_Winter_PRCP/daily dia 08 (2026-09-29 → 2026-09-29) 30838 bytes
2026-09-21 09:35:12,928 [INFO] [OK] Argentina/ECM_ENSEMBLE_Corn_Winter_PRCP/daily dia 09 (2026-09-30 → 2026-09-30) 30132 bytes
2026-09-21 09:35:13,318 [INFO] [OK] Argentina/ECM_ENSEMBLE_Corn_Winter_PRCP/daily dia 11 (2026-10-02 → 2026-10-02) 27487 bytes
2026-09-21 09:35:13,567 [INFO] [OK] Argentina/ECM_ENSEMBLE_Corn_Winter_PRCP/daily dia 12 (2026-10-03 → 2026-10-03) 27794 bytes
2026-09-21 09:35:13,693 [INFO] [OK] Argentina/ECM_ENSEMBLE_Corn_Winter_PRCP/daily dia 13 (2026-10-04 → 2026-10-04) 27814 bytes
2026-09-21 09:35:13,916 [INFO] [OK] Argentina/ECM_ENSEMBLE_Corn_Winter_PRCP/daily dia 14 (2026-10-05 → 2026-10-05) 29131 bytes
2026-09-21 09:35:13,926 [INFO] [OK] Argentina/ECM_ENSEMBLE_Corn_Winter_PRCP/cumulative dia 00 (2026-09-21 → 2026-09-21) 29230 bytes
2026-09-21 09:35:14,044 [INFO] [OK] Argentina/ECM_ENSEMBLE_Corn_Winter_PRCP/cumulative dia 01 (2026-09-21 → 2026-09-22) 31605 bytes
2026-09-21 09:35:14,434 [INFO] [OK] Argentina/ECM_ENSEMBLE_Corn_Winter_PRCP/cumulative dia 02 (2026-09-21 → 2026-09-23) 33207 bytes
2026-09-21 09:35:14,717 [INFO] [OK] Argentina/ECM_ENSEMBLE_Corn_Winter_PRCP/cumulative dia 03 (2026-09-21 → 2026-09-24) 33634 bytes
2026-09-21 09:35:14,886 [INFO] [OK] Argentina/ECM_ENSEMBLE_Corn_Winter_PRCP/cumulative dia 04 (2026-09-21 → 2026-09-25) 34338 bytes
2026-09-21 09:35:15,283 [INFO] [OK] Argentina/ECM_ENSEMBLE_Corn_Winter_PRCP/cumulative dia 05 (2026-09-21 → 2026-09-26) 34738 bytes
2026-09-21 09:35:15,329 [INFO] [OK] Argentina/ECM_ENSEMBLE_Corn_Winter_PRCP/cumulative dia 06 (2026-09-21 → 2026-09-27) 35484 bytes
2026-09-21 09:35:15,461 [INFO] [OK] Argentina/ECM_ENSEMBLE_Corn_Winter_PRCP/cumulative dia 07 (2026-09-21 → 2026-09-28) 36457 bytes
2026-09-21 09:35:15,866 [INFO] [OK] Argentina/ECM_ENSEMBLE_Corn_Winter_PRCP/cumulative dia 08 (2026-09-21 → 2026-09-29) 37453 bytes
2026-09-21 09:35:16,180 [INFO] [OK] Argentina/ECM_ENSEMBLE_Corn_Winter_PRCP/cumulative dia 09 (2026-09-21 → 2026-09-30) 37964 bytes
2026-09-21 09:35:16,355 [INFO] [OK] Argentina/ECM_ENSEMBLE_Corn_Winter_PRCP/cumulative dia 10 (2026-09-21 → 2026-10-01) 37974 bytes
2026-09-21 09:35:16,884 [INFO] [OK] Argentina/ECM_ENSEMBLE_Corn_Winter_PRCP/cumulative dia 11 (2026-09-21 → 2026-10-02) 38163 bytes
2026-09-21 09:35:16,933 [INFO] [OK] Argentina/ECM_ENSEMBLE_Corn_Winter_PRCP/cumulative dia 12 (2026-09-21 → 2026-10-03) 38212 bytes
2026-09-21 09:35:17,124 [INFO] [OK] Argentina/ECM_ENSEMBLE_Corn_Winter_PRCP/cumulative dia 13 (2026-09-21 → 2026-10-04) 37954 bytes
2026-09-21 09:35:17,656 [INFO] [OK] Argentina/ECM_ENSEMBLE_Corn_Winter_PRCP/cumulative dia 14 (2026-09-21 → 2026-10-05) 37893 bytes
2026-09-21 09:35:17,855 [INFO] [OK] USA/GFS_ENSEMBLE_Corn_PRCP_DEP/daily dia 00 (2026-09-21 → 2026-09-21) 52703 bytes
2026-09-21 09:35:18,307 [INFO] [OK] USA/GFS_ENSEMBLE_Corn_PRCP_DEP/daily dia 01 (2026-09-22 → 2026-09-22) 51589 bytes
2026-09-21 09:35:18,659 [INFO] [OK] USA/GFS_ENSEMBLE_Corn_PRCP_DEP/daily dia 03 (2026-09-24 → 2026-09-24) 50817 bytes
2026-09-21 09:35:18,667 [INFO] [OK] USA/GFS_ENSEMBLE_Corn_PRCP_DEP/daily dia 02 (2026-09-23 → 2026-09-23) 50018 bytes
2026-09-21 09:35:18,900 [INFO] [OK] USA/GFS_ENSEMBLE_Corn_PRCP_DEP/daily dia 04 (2026-09-25 → 2026-09-25) 53356 bytes
2026-09-21 09:35:19,347 [INFO] [OK] USA/GFS_ENSEMBLE_Corn_PRCP_DEP/daily dia 05 (2026-09-26 → 2026-09-26) 51127 bytes
2026-09-21 09:35:19,457 [INFO] [OK] USA/GFS_ENSEMBLE_Corn_PRCP_DEP/daily dia 06 (2026-09-27 → 2026-09-27) 53387 bytes
2026-09-21 09:35:20,007 [INFO] [OK] USA/GFS_ENSEMBLE_Corn_PRCP_DEP/daily dia 07 (2026-09-28 → 2026-09-28) 54483 bytes
2026-09-21 09:35:20,584 [INFO] [OK] USA/GFS_ENSEMBLE_Corn_PRCP_DEP/daily dia 08 (2026-09-29 → 2026-09-29) 57210 bytes
2026-09-21 09:35:20,621 [INFO] [OK] USA/GFS_ENSEMBLE_Corn_PRCP_DEP/daily dia 09 (2026-09-30 → 2026-09-30) 59232 bytes
2026-09-21 09:35:20,794 [INFO] [OK] USA/GFS_ENSEMBLE_Corn_PRCP_DEP/daily dia 10 (2026-10-01 → 2026-10-01) 60713 bytes
2026-09-21 09:35:21,036 [INFO] [OK] USA/GFS_ENSEMBLE_Corn_PRCP_DEP/daily dia 11 (2026-10-02 → 2026-10-02) 60222 bytes
2026-09-21 09:35:21,237 [INFO] [OK] USA/GFS_ENSEMBLE_Corn_PRCP_DEP/daily dia 12 (2026-10-03 → 2026-10-03) 61851 bytes
2026-09-21 09:35:21,807 [INFO] [OK] USA/GFS_ENSEMBLE_Corn_PRCP_DEP/daily dia 13 (2026-10-04 → 2026-10-04) 61994 bytes
2026-09-21 09:35:22,343 [INFO] [OK] USA/GFS_ENSEMBLE_Corn_PRCP_DEP/cumulative dia 00 (2026-09-21 → 2026-09-21) 52703 bytes
2026-09-21 09:35:22,447 [INFO] [OK] USA/GFS_ENSEMBLE_Corn_PRCP_DEP/daily dia 14 (2026-10-05 → 2026-10-05) 64237 bytes
2026-09-21 09:35:22,597 [INFO] [OK] USA/GFS_ENSEMBLE_Corn_PRCP_DEP/cumulative dia 01 (2026-09-21 → 2026-09-22) 55640 bytes
2026-09-21 09:35:22,903 [INFO] [OK] USA/GFS_ENSEMBLE_Corn_PRCP_DEP/cumulative dia 02 (2026-09-21 → 2026-09-23) 55746 bytes
2026-09-21 09:35:23,201 [INFO] [OK] USA/GFS_ENSEMBLE_Corn_PRCP_DEP/cumulative dia 03 (2026-09-21 → 2026-09-24) 56857 bytes
2026-09-21 09:35:23,912 [INFO] [OK] USA/GFS_ENSEMBLE_Corn_PRCP_DEP/cumulative dia 04 (2026-09-21 → 2026-09-25) 59123 bytes
2026-09-21 09:35:24,606 [INFO] [OK] USA/GFS_ENSEMBLE_Corn_PRCP_DEP/cumulative dia 05 (2026-09-21 → 2026-09-26) 59334 bytes
2026-09-21 09:35:24,824 [INFO] [OK] USA/GFS_ENSEMBLE_Corn_PRCP_DEP/cumulative dia 06 (2026-09-21 → 2026-09-27) 58257 bytes
2026-09-21 09:35:24,966 [INFO] [OK] USA/GFS_ENSEMBLE_Corn_PRCP_DEP/cumulative dia 07 (2026-09-21 → 2026-09-28) 57801 bytes
2026-09-21 09:35:25,393 [INFO] [OK] USA/GFS_ENSEMBLE_Corn_PRCP_DEP/cumulative dia 08 (2026-09-21 → 2026-09-29) 58092 bytes
2026-09-21 09:35:25,806 [INFO] [OK] USA/GFS_ENSEMBLE_Corn_PRCP_DEP/cumulative dia 09 (2026-09-21 → 2026-09-30) 58074 bytes
2026-09-21 09:35:26,618 [INFO] [OK] USA/GFS_ENSEMBLE_Corn_PRCP_DEP/cumulative dia 10 (2026-09-21 → 2026-10-01) 58159 bytes
2026-09-21 09:35:27,392 [INFO] [OK] USA/GFS_ENSEMBLE_Corn_PRCP_DEP/cumulative dia 11 (2026-09-21 → 2026-10-02) 57815 bytes
2026-09-21 09:35:27,471 [INFO] [OK] USA/GFS_ENSEMBLE_Corn_PRCP/daily dia 00 (2026-09-21 → 2026-09-21) 37554 bytes
2026-09-21 09:35:27,725 [INFO] [OK] USA/GFS_ENSEMBLE_Corn_PRCP_DEP/cumulative dia 12 (2026-09-21 → 2026-10-03) 57642 bytes
2026-09-21 09:35:27,960 [INFO] [OK] USA/GFS_ENSEMBLE_Corn_PRCP_DEP/cumulative dia 13 (2026-09-21 → 2026-10-04) 58170 bytes
2026-09-21 09:35:28,180 [INFO] [OK] USA/GFS_ENSEMBLE_Corn_PRCP/daily dia 01 (2026-09-22 → 2026-09-22) 37503 bytes
2026-09-21 09:35:28,478 [INFO] [OK] USA/GFS_ENSEMBLE_Corn_PRCP_DEP/cumulative dia 14 (2026-09-21 → 2026-10-05) 58609 bytes
2026-09-21 09:35:29,161 [INFO] [OK] USA/GFS_ENSEMBLE_Corn_PRCP/daily dia 02 (2026-09-23 → 2026-09-23) 38166 bytes
2026-09-21 09:35:29,234 [INFO] [OK] USA/GFS_ENSEMBLE_Corn_PRCP/daily dia 03 (2026-09-24 → 2026-09-24) 37613 bytes
2026-09-21 09:35:29,665 [INFO] [OK] USA/GFS_ENSEMBLE_Corn_PRCP/daily dia 04 (2026-09-25 → 2026-09-25) 37221 bytes
2026-09-21 09:35:29,693 [INFO] [OK] USA/GFS_ENSEMBLE_Corn_PRCP/daily dia 05 (2026-09-26 → 2026-09-26) 34042 bytes
2026-09-21 09:35:29,803 [INFO] [OK] USA/GFS_ENSEMBLE_Corn_PRCP/daily dia 06 (2026-09-27 → 2026-09-27) 34381 bytes
2026-09-21 09:35:30,040 [INFO] [OK] USA/GFS_ENSEMBLE_Corn_PRCP/daily dia 07 (2026-09-28 → 2026-09-28) 36454 bytes
2026-09-21 09:35:30,840 [INFO] [OK] USA/GFS_ENSEMBLE_Corn_PRCP/daily dia 08 (2026-09-29 → 2026-09-29) 36944 bytes
2026-09-21 09:35:30,898 [INFO] [OK] USA/GFS_ENSEMBLE_Corn_PRCP/daily dia 09 (2026-09-30 → 2026-09-30) 36071 bytes
2026-09-21 09:35:31,331 [INFO] [OK] USA/GFS_ENSEMBLE_Corn_PRCP/daily dia 11 (2026-10-02 → 2026-10-02) 36502 bytes
2026-09-21 09:35:31,353 [INFO] [OK] USA/GFS_ENSEMBLE_Corn_PRCP/daily dia 10 (2026-10-01 → 2026-10-01) 36373 bytes
2026-09-21 09:35:31,544 [INFO] [OK] USA/GFS_ENSEMBLE_Corn_PRCP/daily dia 12 (2026-10-03 → 2026-10-03) 37394 bytes
2026-09-21 09:35:31,648 [INFO] [OK] USA/GFS_ENSEMBLE_Corn_PRCP/daily dia 13 (2026-10-04 → 2026-10-04) 37450 bytes
2026-09-21 09:35:32,377 [INFO] [OK] USA/GFS_ENSEMBLE_Corn_PRCP/daily dia 14 (2026-10-05 → 2026-10-05) 37510 bytes
2026-09-21 09:35:32,461 [INFO] [OK] USA/GFS_ENSEMBLE_Corn_PRCP/cumulative dia 00 (2026-09-21 → 2026-09-21) 37554 bytes
2026-09-21 09:35:33,001 [INFO] [OK] USA/GFS_ENSEMBLE_Corn_PRCP/cumulative dia 01 (2026-09-21 → 2026-09-22) 40328 bytes
2026-09-21 09:35:33,198 [INFO] [OK] USA/GFS_ENSEMBLE_Corn_PRCP/cumulative dia 02 (2026-09-21 → 2026-09-23) 42718 bytes
2026-09-21 09:35:33,401 [INFO] [OK] USA/GFS_ENSEMBLE_Corn_PRCP/cumulative dia 03 (2026-09-21 → 2026-09-24) 45096 bytes
2026-09-21 09:35:33,680 [INFO] [OK] USA/GFS_ENSEMBLE_Corn_PRCP/cumulative dia 04 (2026-09-21 → 2026-09-25) 46670 bytes
2026-09-21 09:35:34,544 [INFO] [OK] USA/GFS_ENSEMBLE_Corn_PRCP/cumulative dia 05 (2026-09-21 → 2026-09-26) 47130 bytes
2026-09-21 09:35:34,717 [INFO] [OK] USA/GFS_ENSEMBLE_Corn_PRCP/cumulative dia 06 (2026-09-21 → 2026-09-27) 47559 bytes
2026-09-21 09:35:35,423 [INFO] [OK] USA/GFS_ENSEMBLE_Corn_PRCP/cumulative dia 07 (2026-09-21 → 2026-09-28) 48191 bytes
2026-09-21 09:35:35,700 [INFO] [OK] USA/GFS_ENSEMBLE_Corn_PRCP/cumulative dia 08 (2026-09-21 → 2026-09-29) 48251 bytes
2026-09-21 09:35:35,930 [INFO] [OK] USA/GFS_ENSEMBLE_Corn_PRCP/cumulative dia 09 (2026-09-21 → 2026-09-30) 48858 bytes
2026-09-21 09:35:36,409 [INFO] [OK] USA/GFS_ENSEMBLE_Corn_PRCP/cumulative dia 10 (2026-09-21 → 2026-10-01) 50017 bytes
2026-09-21 09:35:37,494 [INFO] [OK] USA/GFS_ENSEMBLE_Corn_PRCP/cumulative dia 11 (2026-09-21 → 2026-10-02) 50491 bytes
2026-09-21 09:35:37,585 [INFO] [OK] USA/GFS_ENSEMBLE_Corn_PRCP/cumulative dia 12 (2026-09-21 → 2026-10-03) 51262 bytes
2026-09-21 09:35:37,678 [INFO] [OK] USA/GFS_ENSEMBLE_Soy_PRCP_DEP/daily dia 00 (2026-09-21 → 2026-09-21) 52208 bytes
2026-09-21 09:35:38,074 [INFO] [OK] USA/GFS_ENSEMBLE_Soy_PRCP_DEP/daily dia 01 (2026-09-22 → 2026-09-22) 50983 bytes
2026-09-21 09:35:38,423 [INFO] [OK] USA/GFS_ENSEMBLE_Corn_PRCP/cumulative dia 13 (2026-09-21 → 2026-10-04) 51009 bytes
2026-09-21 09:35:38,710 [INFO] [OK] USA/GFS_ENSEMBLE_Corn_PRCP/cumulative dia 14 (2026-09-21 → 2026-10-05) 50927 bytes
2026-09-21 09:35:39,259 [INFO] [OK] USA/GFS_ENSEMBLE_Soy_PRCP_DEP/daily dia 02 (2026-09-23 → 2026-09-23) 49602 bytes
2026-09-21 09:35:39,306 [INFO] [OK] USA/GFS_ENSEMBLE_Soy_PRCP_DEP/daily dia 03 (2026-09-24 → 2026-09-24) 50436 bytes
2026-09-21 09:35:39,374 [INFO] [OK] USA/GFS_ENSEMBLE_Soy_PRCP_DEP/daily dia 04 (2026-09-25 → 2026-09-25) 52872 bytes
2026-09-21 09:35:39,769 [INFO] [OK] USA/GFS_ENSEMBLE_Soy_PRCP_DEP/daily dia 05 (2026-09-26 → 2026-09-26) 50606 bytes
2026-09-21 09:35:40,087 [INFO] [OK] USA/GFS_ENSEMBLE_Soy_PRCP_DEP/daily dia 06 (2026-09-27 → 2026-09-27) 52948 bytes
2026-09-21 09:35:40,535 [INFO] [OK] USA/GFS_ENSEMBLE_Soy_PRCP_DEP/daily dia 07 (2026-09-28 → 2026-09-28) 53995 bytes
2026-09-21 09:35:40,946 [INFO] [OK] USA/GFS_ENSEMBLE_Soy_PRCP_DEP/daily dia 08 (2026-09-29 → 2026-09-29) 56731 bytes
2026-09-21 09:35:41,131 [INFO] [OK] USA/GFS_ENSEMBLE_Soy_PRCP_DEP/daily dia 09 (2026-09-30 → 2026-09-30) 58986 bytes
2026-09-21 09:35:41,192 [INFO] [OK] USA/GFS_ENSEMBLE_Soy_PRCP_DEP/daily dia 10 (2026-10-01 → 2026-10-01) 60510 bytes
2026-09-21 09:35:41,419 [INFO] [OK] USA/GFS_ENSEMBLE_Soy_PRCP_DEP/daily dia 11 (2026-10-02 → 2026-10-02) 59801 bytes
2026-09-21 09:35:41,788 [INFO] [OK] USA/GFS_ENSEMBLE_Soy_PRCP_DEP/daily dia 12 (2026-10-03 → 2026-10-03) 61332 bytes
2026-09-21 09:35:42,270 [INFO] [OK] USA/GFS_ENSEMBLE_Soy_PRCP_DEP/daily dia 13 (2026-10-04 → 2026-10-04) 61699 bytes
2026-09-21 09:35:42,732 [INFO] [OK] USA/GFS_ENSEMBLE_Soy_PRCP_DEP/daily dia 14 (2026-10-05 → 2026-10-05) 64026 bytes
2026-09-21 09:35:43,016 [INFO] [OK] USA/GFS_ENSEMBLE_Soy_PRCP_DEP/cumulative dia 00 (2026-09-21 → 2026-09-21) 52208 bytes
2026-09-21 09:35:43,309 [INFO] [OK] USA/GFS_ENSEMBLE_Soy_PRCP_DEP/cumulative dia 01 (2026-09-21 → 2026-09-22) 55202 bytes
2026-09-21 09:35:43,387 [INFO] [OK] USA/GFS_ENSEMBLE_Soy_PRCP_DEP/cumulative dia 02 (2026-09-21 → 2026-09-23) 55270 bytes
2026-09-21 09:35:43,878 [INFO] [OK] USA/GFS_ENSEMBLE_Soy_PRCP_DEP/cumulative dia 03 (2026-09-21 → 2026-09-24) 56523 bytes
2026-09-21 09:35:44,296 [INFO] [OK] USA/GFS_ENSEMBLE_Soy_PRCP_DEP/cumulative dia 04 (2026-09-21 → 2026-09-25) 58725 bytes
2026-09-21 09:35:44,878 [INFO] [OK] USA/GFS_ENSEMBLE_Soy_PRCP_DEP/cumulative dia 05 (2026-09-21 → 2026-09-26) 58934 bytes
2026-09-21 09:35:45,319 [INFO] [OK] USA/GFS_ENSEMBLE_Soy_PRCP_DEP/cumulative dia 06 (2026-09-21 → 2026-09-27) 57888 bytes
2026-09-21 09:35:45,718 [INFO] [OK] USA/GFS_ENSEMBLE_Soy_PRCP_DEP/cumulative dia 07 (2026-09-21 → 2026-09-28) 57256 bytes
2026-09-21 09:35:45,875 [INFO] [OK] USA/GFS_ENSEMBLE_Soy_PRCP_DEP/cumulative dia 08 (2026-09-21 → 2026-09-29) 57709 bytes
2026-09-21 09:35:46,550 [INFO] [OK] USA/GFS_ENSEMBLE_Soy_PRCP_DEP/cumulative dia 09 (2026-09-21 → 2026-09-30) 57609 bytes
2026-09-21 09:35:47,064 [INFO] [OK] USA/GFS_ENSEMBLE_Soy_PRCP_DEP/cumulative dia 10 (2026-09-21 → 2026-10-01) 57663 bytes
2026-09-21 09:35:47,813 [INFO] [OK] USA/GFS_ENSEMBLE_Soy_PRCP_DEP/cumulative dia 11 (2026-09-21 → 2026-10-02) 57418 bytes
2026-09-21 09:35:48,268 [INFO] [OK] USA/GFS_ENSEMBLE_Soy_PRCP/daily dia 00 (2026-09-21 → 2026-09-21) 37268 bytes
2026-09-21 09:35:48,330 [INFO] [OK] USA/GFS_ENSEMBLE_Soy_PRCP_DEP/cumulative dia 12 (2026-09-21 → 2026-10-03) 57217 bytes
2026-09-21 09:35:48,708 [INFO] [OK] USA/GFS_ENSEMBLE_Soy_PRCP/daily dia 01 (2026-09-22 → 2026-09-22) 37004 bytes
2026-09-21 09:35:48,746 [INFO] [OK] USA/GFS_ENSEMBLE_Soy_PRCP_DEP/cumulative dia 13 (2026-09-21 → 2026-10-04) 57593 bytes
2026-09-21 09:35:49,095 [INFO] [OK] USA/GFS_ENSEMBLE_Soy_PRCP_DEP/cumulative dia 14 (2026-09-21 → 2026-10-05) 58301 bytes
2026-09-21 09:35:49,457 [INFO] [OK] USA/GFS_ENSEMBLE_Soy_PRCP/daily dia 02 (2026-09-23 → 2026-09-23) 37689 bytes
2026-09-21 09:35:49,853 [INFO] [OK] USA/GFS_ENSEMBLE_Soy_PRCP/daily dia 03 (2026-09-24 → 2026-09-24) 37353 bytes
2026-09-21 09:35:49,972 [INFO] [OK] USA/GFS_ENSEMBLE_Soy_PRCP/daily dia 04 (2026-09-25 → 2026-09-25) 36814 bytes
2026-09-21 09:35:50,300 [INFO] [OK] USA/GFS_ENSEMBLE_Soy_PRCP/daily dia 05 (2026-09-26 → 2026-09-26) 33738 bytes
2026-09-21 09:35:50,421 [INFO] [OK] USA/GFS_ENSEMBLE_Soy_PRCP/daily dia 06 (2026-09-27 → 2026-09-27) 33969 bytes
2026-09-21 09:35:50,685 [INFO] [OK] USA/GFS_ENSEMBLE_Soy_PRCP/daily dia 07 (2026-09-28 → 2026-09-28) 36013 bytes
2026-09-21 09:35:51,067 [INFO] [OK] USA/GFS_ENSEMBLE_Soy_PRCP/daily dia 08 (2026-09-29 → 2026-09-29) 36490 bytes
2026-09-21 09:35:51,444 [INFO] [OK] USA/GFS_ENSEMBLE_Soy_PRCP/daily dia 09 (2026-09-30 → 2026-09-30) 35790 bytes
2026-09-21 09:35:51,588 [INFO] [OK] USA/GFS_ENSEMBLE_Soy_PRCP/daily dia 10 (2026-10-01 → 2026-10-01) 35935 bytes
2026-09-21 09:35:51,913 [INFO] [OK] USA/GFS_ENSEMBLE_Soy_PRCP/daily dia 11 (2026-10-02 → 2026-10-02) 36116 bytes
2026-09-21 09:35:51,979 [INFO] [OK] USA/GFS_ENSEMBLE_Soy_PRCP/daily dia 12 (2026-10-03 → 2026-10-03) 36955 bytes
2026-09-21 09:35:52,327 [INFO] [OK] USA/GFS_ENSEMBLE_Soy_PRCP/daily dia 13 (2026-10-04 → 2026-10-04) 36990 bytes
2026-09-21 09:35:52,674 [INFO] [OK] USA/GFS_ENSEMBLE_Soy_PRCP/daily dia 14 (2026-10-05 → 2026-10-05) 36968 bytes
2026-09-21 09:35:53,084 [INFO] [OK] USA/GFS_ENSEMBLE_Soy_PRCP/cumulative dia 00 (2026-09-21 → 2026-09-21) 37268 bytes
2026-09-21 09:35:53,321 [INFO] [OK] USA/GFS_ENSEMBLE_Soy_PRCP/cumulative dia 01 (2026-09-21 → 2026-09-22) 39978 bytes
2026-09-21 09:35:53,777 [INFO] [OK] USA/GFS_ENSEMBLE_Soy_PRCP/cumulative dia 02 (2026-09-21 → 2026-09-23) 42266 bytes
2026-09-21 09:35:53,933 [INFO] [OK] USA/GFS_ENSEMBLE_Soy_PRCP/cumulative dia 03 (2026-09-21 → 2026-09-24) 44659 bytes
2026-09-21 09:35:54,363 [INFO] [OK] USA/GFS_ENSEMBLE_Soy_PRCP/cumulative dia 04 (2026-09-21 → 2026-09-25) 46248 bytes
2026-09-21 09:35:54,821 [INFO] [OK] USA/GFS_ENSEMBLE_Soy_PRCP/cumulative dia 05 (2026-09-21 → 2026-09-26) 46660 bytes
2026-09-21 09:35:55,315 [INFO] [OK] USA/GFS_ENSEMBLE_Soy_PRCP/cumulative dia 06 (2026-09-21 → 2026-09-27) 47031 bytes
2026-09-21 09:35:55,584 [INFO] [OK] USA/GFS_ENSEMBLE_Soy_PRCP/cumulative dia 07 (2026-09-21 → 2026-09-28) 47630 bytes
2026-09-21 09:35:56,190 [INFO] [OK] USA/GFS_ENSEMBLE_Soy_PRCP/cumulative dia 08 (2026-09-21 → 2026-09-29) 47713 bytes
2026-09-21 09:35:56,451 [INFO] [OK] USA/GFS_ENSEMBLE_Soy_PRCP/cumulative dia 09 (2026-09-21 → 2026-09-30) 48077 bytes
2026-09-21 09:35:57,158 [INFO] [OK] USA/GFS_ENSEMBLE_Soy_PRCP/cumulative dia 10 (2026-09-21 → 2026-10-01) 49339 bytes
2026-09-21 09:35:57,608 [INFO] [OK] USA/GFS_ENSEMBLE_Soy_PRCP/cumulative dia 11 (2026-09-21 → 2026-10-02) 49930 bytes
2026-09-21 09:35:58,122 [INFO] [OK] USA/GFS_ENSEMBLE_Soy_PRCP/cumulative dia 12 (2026-09-21 → 2026-10-03) 50663 bytes
2026-09-21 09:35:58,131 [INFO] [OK] USA/GFS_ENSEMBLE_Wheat_Winter_PRCP_DEP/daily dia 00 (2026-09-21 → 2026-09-21) 53829 bytes
2026-09-21 09:35:58,551 [INFO] [OK] USA/GFS_ENSEMBLE_Soy_PRCP/cumulative dia 13 (2026-09-21 → 2026-10-04) 50551 bytes
2026-09-21 09:35:58,848 [INFO] [OK] USA/GFS_ENSEMBLE_Wheat_Winter_PRCP_DEP/daily dia 01 (2026-09-22 → 2026-09-22) 52865 bytes
2026-09-21 09:35:59,102 [INFO] [OK] USA/GFS_ENSEMBLE_Soy_PRCP/cumulative dia 14 (2026-09-21 → 2026-10-05) 50498 bytes
2026-09-21 09:35:59,262 [INFO] [OK] USA/GFS_ENSEMBLE_Wheat_Winter_PRCP_DEP/daily dia 02 (2026-09-23 → 2026-09-23) 51181 bytes
2026-09-21 09:35:59,769 [INFO] [OK] USA/GFS_ENSEMBLE_Wheat_Winter_PRCP_DEP/daily dia 04 (2026-09-25 → 2026-09-25) 54481 bytes
2026-09-21 09:35:59,858 [INFO] [OK] USA/GFS_ENSEMBLE_Wheat_Winter_PRCP_DEP/daily dia 03 (2026-09-24 → 2026-09-24) 52101 bytes
2026-09-21 09:36:00,330 [INFO] [OK] USA/GFS_ENSEMBLE_Wheat_Winter_PRCP_DEP/daily dia 05 (2026-09-26 → 2026-09-26) 52277 bytes
2026-09-21 09:36:00,529 [INFO] [OK] USA/GFS_ENSEMBLE_Wheat_Winter_PRCP_DEP/daily dia 06 (2026-09-27 → 2026-09-27) 54729 bytes
2026-09-21 09:36:00,800 [INFO] [OK] USA/GFS_ENSEMBLE_Wheat_Winter_PRCP_DEP/daily dia 07 (2026-09-28 → 2026-09-28) 55700 bytes
2026-09-21 09:36:01,020 [INFO] [OK] USA/GFS_ENSEMBLE_Wheat_Winter_PRCP_DEP/daily dia 08 (2026-09-29 → 2026-09-29) 58303 bytes
2026-09-21 09:36:01,485 [INFO] [OK] USA/GFS_ENSEMBLE_Wheat_Winter_PRCP_DEP/daily dia 09 (2026-09-30 → 2026-09-30) 60224 bytes
2026-09-21 09:36:01,610 [INFO] [OK] USA/GFS_ENSEMBLE_Wheat_Winter_PRCP_DEP/daily dia 10 (2026-10-01 → 2026-10-01) 62032 bytes
2026-09-21 09:36:02,074 [INFO] [OK] USA/GFS_ENSEMBLE_Wheat_Winter_PRCP_DEP/daily dia 11 (2026-10-02 → 2026-10-02) 61202 bytes
2026-09-21 09:36:02,279 [INFO] [OK] USA/GFS_ENSEMBLE_Wheat_Winter_PRCP_DEP/daily dia 12 (2026-10-03 → 2026-10-03) 62864 bytes
2026-09-21 09:36:02,532 [INFO] [OK] USA/GFS_ENSEMBLE_Wheat_Winter_PRCP_DEP/daily dia 13 (2026-10-04 → 2026-10-04) 63152 bytes
2026-09-21 09:36:02,746 [INFO] [OK] USA/GFS_ENSEMBLE_Wheat_Winter_PRCP_DEP/daily dia 14 (2026-10-05 → 2026-10-05) 65682 bytes
2026-09-21 09:36:03,067 [INFO] [OK] USA/GFS_ENSEMBLE_Wheat_Winter_PRCP_DEP/cumulative dia 00 (2026-09-21 → 2026-09-21) 53829 bytes
2026-09-21 09:36:03,351 [INFO] [OK] USA/GFS_ENSEMBLE_Wheat_Winter_PRCP_DEP/cumulative dia 01 (2026-09-21 → 2026-09-22) 56565 bytes
2026-09-21 09:36:03,922 [INFO] [OK] USA/GFS_ENSEMBLE_Wheat_Winter_PRCP_DEP/cumulative dia 02 (2026-09-21 → 2026-09-23) 56634 bytes
2026-09-21 09:36:04,253 [INFO] [OK] USA/GFS_ENSEMBLE_Wheat_Winter_PRCP_DEP/cumulative dia 03 (2026-09-21 → 2026-09-24) 57917 bytes
2026-09-21 09:36:04,606 [INFO] [OK] USA/GFS_ENSEMBLE_Wheat_Winter_PRCP_DEP/cumulative dia 04 (2026-09-21 → 2026-09-25) 59842 bytes
2026-09-21 09:36:04,978 [INFO] [OK] USA/GFS_ENSEMBLE_Wheat_Winter_PRCP_DEP/cumulative dia 05 (2026-09-21 → 2026-09-26) 60096 bytes
2026-09-21 09:36:05,435 [INFO] [OK] USA/GFS_ENSEMBLE_Wheat_Winter_PRCP_DEP/cumulative dia 06 (2026-09-21 → 2026-09-27) 59382 bytes
2026-09-21 09:36:05,747 [INFO] [OK] USA/GFS_ENSEMBLE_Wheat_Winter_PRCP_DEP/cumulative dia 07 (2026-09-21 → 2026-09-28) 58870 bytes
2026-09-21 09:36:06,340 [INFO] [OK] USA/GFS_ENSEMBLE_Wheat_Winter_PRCP_DEP/cumulative dia 08 (2026-09-21 → 2026-09-29) 59464 bytes
2026-09-21 09:36:06,851 [INFO] [OK] USA/GFS_ENSEMBLE_Wheat_Winter_PRCP_DEP/cumulative dia 09 (2026-09-21 → 2026-09-30) 59348 bytes
2026-09-21 09:36:07,305 [INFO] [OK] USA/GFS_ENSEMBLE_Wheat_Winter_PRCP_DEP/cumulative dia 10 (2026-09-21 → 2026-10-01) 59107 bytes
2026-09-21 09:36:07,812 [INFO] [OK] USA/GFS_ENSEMBLE_Wheat_Winter_PRCP_DEP/cumulative dia 11 (2026-09-21 → 2026-10-02) 58937 bytes
2026-09-21 09:36:08,281 [INFO] [OK] USA/GFS_ENSEMBLE_Wheat_Winter_PRCP_DEP/cumulative dia 12 (2026-09-21 → 2026-10-03) 58768 bytes
2026-09-21 09:36:08,474 [INFO] [OK] USA/GFS_ENSEMBLE_Wheat_Winter_PRCP/daily dia 00 (2026-09-21 → 2026-09-21) 38688 bytes
2026-09-21 09:36:08,582 [INFO] [OK] USA/GFS_ENSEMBLE_Wheat_Winter_PRCP_DEP/cumulative dia 13 (2026-09-21 → 2026-10-04) 59088 bytes
2026-09-21 09:36:08,919 [INFO] [OK] USA/GFS_ENSEMBLE_Wheat_Winter_PRCP/daily dia 01 (2026-09-22 → 2026-09-22) 38569 bytes
2026-09-21 09:36:09,360 [INFO] [OK] USA/GFS_ENSEMBLE_Wheat_Winter_PRCP_DEP/cumulative dia 14 (2026-09-21 → 2026-10-05) 59781 bytes
2026-09-21 09:36:09,433 [INFO] [OK] USA/GFS_ENSEMBLE_Wheat_Winter_PRCP/daily dia 02 (2026-09-23 → 2026-09-23) 39158 bytes
2026-09-21 09:36:09,923 [INFO] [OK] USA/GFS_ENSEMBLE_Wheat_Winter_PRCP/daily dia 03 (2026-09-24 → 2026-09-24) 38749 bytes
2026-09-21 09:36:10,050 [INFO] [OK] USA/GFS_ENSEMBLE_Wheat_Winter_PRCP/daily dia 04 (2026-09-25 → 2026-09-25) 38328 bytes
2026-09-21 09:36:10,182 [INFO] [OK] USA/GFS_ENSEMBLE_Wheat_Winter_PRCP/daily dia 05 (2026-09-26 → 2026-09-26) 35161 bytes
2026-09-21 09:36:10,524 [INFO] [OK] USA/GFS_ENSEMBLE_Wheat_Winter_PRCP/daily dia 06 (2026-09-27 → 2026-09-27) 35425 bytes
2026-09-21 09:36:10,952 [INFO] [OK] USA/GFS_ENSEMBLE_Wheat_Winter_PRCP/daily dia 07 (2026-09-28 → 2026-09-28) 37407 bytes
2026-09-21 09:36:11,028 [INFO] [OK] USA/GFS_ENSEMBLE_Wheat_Winter_PRCP/daily dia 08 (2026-09-29 → 2026-09-29) 38050 bytes
2026-09-21 09:36:11,543 [INFO] [OK] USA/GFS_ENSEMBLE_Wheat_Winter_PRCP/daily dia 09 (2026-09-30 → 2026-09-30) 37405 bytes
2026-09-21 09:36:11,700 [INFO] [OK] USA/GFS_ENSEMBLE_Wheat_Winter_PRCP/daily dia 10 (2026-10-01 → 2026-10-01) 37445 bytes
2026-09-21 09:36:11,878 [INFO] [OK] USA/GFS_ENSEMBLE_Wheat_Winter_PRCP/daily dia 11 (2026-10-02 → 2026-10-02) 37416 bytes
2026-09-21 09:36:12,170 [INFO] [OK] USA/GFS_ENSEMBLE_Wheat_Winter_PRCP/daily dia 12 (2026-10-03 → 2026-10-03) 38508 bytes
2026-09-21 09:36:12,628 [INFO] [OK] USA/GFS_ENSEMBLE_Wheat_Winter_PRCP/daily dia 13 (2026-10-04 → 2026-10-04) 38404 bytes
2026-09-21 09:36:12,646 [INFO] [OK] USA/GFS_ENSEMBLE_Wheat_Winter_PRCP/daily dia 14 (2026-10-05 → 2026-10-05) 38421 bytes
2026-09-21 09:36:13,242 [INFO] [OK] USA/GFS_ENSEMBLE_Wheat_Winter_PRCP/cumulative dia 00 (2026-09-21 → 2026-09-21) 38688 bytes
2026-09-21 09:36:13,598 [INFO] [OK] USA/GFS_ENSEMBLE_Wheat_Winter_PRCP/cumulative dia 01 (2026-09-21 → 2026-09-22) 41418 bytes
2026-09-21 09:36:13,812 [INFO] [OK] USA/GFS_ENSEMBLE_Wheat_Winter_PRCP/cumulative dia 02 (2026-09-21 → 2026-09-23) 43834 bytes
2026-09-21 09:36:14,161 [INFO] [OK] USA/GFS_ENSEMBLE_Wheat_Winter_PRCP/cumulative dia 03 (2026-09-21 → 2026-09-24) 46213 bytes
2026-09-21 09:36:14,730 [INFO] [OK] USA/GFS_ENSEMBLE_Wheat_Winter_PRCP/cumulative dia 04 (2026-09-21 → 2026-09-25) 47815 bytes
2026-09-21 09:36:14,834 [INFO] [OK] USA/GFS_ENSEMBLE_Wheat_Winter_PRCP/cumulative dia 05 (2026-09-21 → 2026-09-26) 47982 bytes
2026-09-21 09:36:15,505 [INFO] [OK] USA/GFS_ENSEMBLE_Wheat_Winter_PRCP/cumulative dia 06 (2026-09-21 → 2026-09-27) 48580 bytes
2026-09-21 09:36:16,032 [INFO] [OK] USA/GFS_ENSEMBLE_Wheat_Winter_PRCP/cumulative dia 07 (2026-09-21 → 2026-09-28) 49204 bytes
2026-09-21 09:36:16,347 [INFO] [OK] USA/GFS_ENSEMBLE_Wheat_Winter_PRCP/cumulative dia 08 (2026-09-21 → 2026-09-29) 49496 bytes
2026-09-21 09:36:16,759 [INFO] [OK] USA/GFS_ENSEMBLE_Wheat_Winter_PRCP/cumulative dia 09 (2026-09-21 → 2026-09-30) 50127 bytes
2026-09-21 09:36:17,445 [INFO] [OK] USA/GFS_ENSEMBLE_Wheat_Winter_PRCP/cumulative dia 10 (2026-09-21 → 2026-10-01) 50904 bytes
2026-09-21 09:36:17,699 [INFO] [OK] USA/GFS_ENSEMBLE_Wheat_Winter_PRCP/cumulative dia 11 (2026-09-21 → 2026-10-02) 51692 bytes
2026-09-21 09:36:18,750 [INFO] [OK] USA/GFS_ENSEMBLE_Wheat_Spring_PRCP_DEP/daily dia 00 (2026-09-21 → 2026-09-21) 50623 bytes
2026-09-21 09:36:18,812 [INFO] [OK] USA/GFS_ENSEMBLE_Wheat_Winter_PRCP/cumulative dia 12 (2026-09-21 → 2026-10-03) 52404 bytes
2026-09-21 09:36:19,341 [INFO] [OK] USA/GFS_ENSEMBLE_Wheat_Winter_PRCP/cumulative dia 13 (2026-09-21 → 2026-10-04) 52082 bytes
2026-09-21 09:36:19,397 [INFO] [OK] USA/GFS_ENSEMBLE_Wheat_Spring_PRCP_DEP/daily dia 01 (2026-09-22 → 2026-09-22) 49571 bytes
2026-09-21 09:36:19,627 [INFO] [OK] USA/GFS_ENSEMBLE_Wheat_Spring_PRCP_DEP/daily dia 02 (2026-09-23 → 2026-09-23) 47843 bytes
2026-09-21 09:36:19,792 [INFO] [OK] USA/GFS_ENSEMBLE_Wheat_Winter_PRCP/cumulative dia 14 (2026-09-21 → 2026-10-05) 52174 bytes
2026-09-21 09:36:20,567 [INFO] [OK] USA/GFS_ENSEMBLE_Wheat_Spring_PRCP_DEP/daily dia 04 (2026-09-25 → 2026-09-25) 51406 bytes
2026-09-21 09:36:20,581 [INFO] [OK] USA/GFS_ENSEMBLE_Wheat_Spring_PRCP_DEP/daily dia 03 (2026-09-24 → 2026-09-24) 48899 bytes
2026-09-21 09:36:21,441 [INFO] [OK] USA/GFS_ENSEMBLE_Wheat_Spring_PRCP_DEP/daily dia 05 (2026-09-26 → 2026-09-26) 49190 bytes
2026-09-21 09:36:21,471 [INFO] [OK] USA/GFS_ENSEMBLE_Wheat_Spring_PRCP_DEP/daily dia 06 (2026-09-27 → 2026-09-27) 51307 bytes
2026-09-21 09:36:21,661 [INFO] [OK] USA/GFS_ENSEMBLE_Wheat_Spring_PRCP_DEP/daily dia 07 (2026-09-28 → 2026-09-28) 52304 bytes
2026-09-21 09:36:21,989 [INFO] [OK] USA/GFS_ENSEMBLE_Wheat_Spring_PRCP_DEP/daily dia 08 (2026-09-29 → 2026-09-29) 54985 bytes
2026-09-21 09:36:22,596 [INFO] [OK] USA/GFS_ENSEMBLE_Wheat_Spring_PRCP_DEP/daily dia 09 (2026-09-30 → 2026-09-30) 56916 bytes
2026-09-21 09:36:22,860 [INFO] [OK] USA/GFS_ENSEMBLE_Wheat_Spring_PRCP_DEP/daily dia 10 (2026-10-01 → 2026-10-01) 58996 bytes
2026-09-21 09:36:23,467 [INFO] [OK] USA/GFS_ENSEMBLE_Wheat_Spring_PRCP_DEP/daily dia 12 (2026-10-03 → 2026-10-03) 60022 bytes
2026-09-21 09:36:23,740 [INFO] [OK] USA/GFS_ENSEMBLE_Wheat_Spring_PRCP_DEP/daily dia 11 (2026-10-02 → 2026-10-02) 58034 bytes
2026-09-21 09:36:24,005 [INFO] [OK] USA/GFS_ENSEMBLE_Wheat_Spring_PRCP_DEP/daily dia 13 (2026-10-04 → 2026-10-04) 59782 bytes
2026-09-21 09:36:24,196 [INFO] [OK] USA/GFS_ENSEMBLE_Wheat_Spring_PRCP_DEP/daily dia 14 (2026-10-05 → 2026-10-05) 62229 bytes
2026-09-21 09:36:24,526 [INFO] [OK] USA/GFS_ENSEMBLE_Wheat_Spring_PRCP_DEP/cumulative dia 00 (2026-09-21 → 2026-09-21) 50623 bytes
2026-09-21 09:36:25,044 [INFO] [OK] USA/GFS_ENSEMBLE_Wheat_Spring_PRCP_DEP/cumulative dia 01 (2026-09-21 → 2026-09-22) 53487 bytes
2026-09-21 09:36:26,030 [INFO] [OK] USA/GFS_ENSEMBLE_Wheat_Spring_PRCP_DEP/cumulative dia 02 (2026-09-21 → 2026-09-23) 53327 bytes
2026-09-21 09:36:26,296 [INFO] [OK] USA/GFS_ENSEMBLE_Wheat_Spring_PRCP_DEP/cumulative dia 03 (2026-09-21 → 2026-09-24) 54737 bytes
2026-09-21 09:36:27,157 [INFO] [OK] USA/GFS_ENSEMBLE_Wheat_Spring_PRCP_DEP/cumulative dia 04 (2026-09-21 → 2026-09-25) 56869 bytes
2026-09-21 09:36:27,412 [INFO] [OK] USA/GFS_ENSEMBLE_Wheat_Spring_PRCP_DEP/cumulative dia 05 (2026-09-21 → 2026-09-26) 56955 bytes
2026-09-21 09:36:27,503 [INFO] [OK] USA/GFS_ENSEMBLE_Wheat_Spring_PRCP_DEP/cumulative dia 06 (2026-09-21 → 2026-09-27) 55968 bytes
2026-09-21 09:36:28,292 [INFO] [OK] USA/GFS_ENSEMBLE_Wheat_Spring_PRCP_DEP/cumulative dia 07 (2026-09-21 → 2026-09-28) 55427 bytes
2026-09-21 09:36:29,086 [INFO] [OK] USA/GFS_ENSEMBLE_Wheat_Spring_PRCP_DEP/cumulative dia 08 (2026-09-21 → 2026-09-29) 55919 bytes
2026-09-21 09:36:29,614 [INFO] [OK] USA/GFS_ENSEMBLE_Wheat_Spring_PRCP_DEP/cumulative dia 09 (2026-09-21 → 2026-09-30) 55790 bytes
2026-09-21 09:36:31,340 [INFO] [OK] USA/GFS_ENSEMBLE_Wheat_Spring_PRCP_DEP/cumulative dia 10 (2026-09-21 → 2026-10-01) 55557 bytes
2026-09-21 09:36:31,972 [INFO] [OK] USA/GFS_ENSEMBLE_Wheat_Spring_PRCP/daily dia 00 (2026-09-21 → 2026-09-21) 35700 bytes
2026-09-21 09:36:32,808 [INFO] [OK] USA/GFS_ENSEMBLE_Wheat_Spring_PRCP_DEP/cumulative dia 11 (2026-09-21 → 2026-10-02) 55579 bytes
2026-09-21 09:36:32,989 [INFO] [OK] USA/GFS_ENSEMBLE_Wheat_Spring_PRCP_DEP/cumulative dia 12 (2026-09-21 → 2026-10-03) 55501 bytes
2026-09-21 09:36:33,510 [INFO] [OK] USA/GFS_ENSEMBLE_Wheat_Spring_PRCP/daily dia 01 (2026-09-22 → 2026-09-22) 35360 bytes
2026-09-21 09:36:33,603 [INFO] [OK] USA/GFS_ENSEMBLE_Wheat_Spring_PRCP_DEP/cumulative dia 13 (2026-09-21 → 2026-10-04) 55667 bytes
2026-09-21 09:36:34,348 [INFO] [OK] USA/GFS_ENSEMBLE_Wheat_Spring_PRCP/daily dia 02 (2026-09-23 → 2026-09-23) 36075 bytes
2026-09-21 09:36:34,491 [INFO] [OK] USA/GFS_ENSEMBLE_Wheat_Spring_PRCP_DEP/cumulative dia 14 (2026-09-21 → 2026-10-05) 56351 bytes
2026-09-21 09:36:34,910 [INFO] [OK] USA/GFS_ENSEMBLE_Wheat_Spring_PRCP/daily dia 04 (2026-09-25 → 2026-09-25) 35377 bytes
2026-09-21 09:36:35,068 [INFO] [OK] USA/GFS_ENSEMBLE_Wheat_Spring_PRCP/daily dia 03 (2026-09-24 → 2026-09-24) 35769 bytes
2026-09-21 09:36:35,479 [INFO] [OK] USA/GFS_ENSEMBLE_Wheat_Spring_PRCP/daily dia 05 (2026-09-26 → 2026-09-26) 32484 bytes
2026-09-21 09:36:35,835 [INFO] [OK] USA/GFS_ENSEMBLE_Wheat_Spring_PRCP/daily dia 06 (2026-09-27 → 2026-09-27) 32589 bytes
2026-09-21 09:36:36,431 [INFO] [OK] USA/GFS_ENSEMBLE_Wheat_Spring_PRCP/daily dia 07 (2026-09-28 → 2026-09-28) 34687 bytes
2026-09-21 09:36:36,752 [INFO] [OK] USA/GFS_ENSEMBLE_Wheat_Spring_PRCP/daily dia 08 (2026-09-29 → 2026-09-29) 35187 bytes
2026-09-21 09:36:37,223 [INFO] [OK] USA/GFS_ENSEMBLE_Wheat_Spring_PRCP/daily dia 09 (2026-09-30 → 2026-09-30) 34285 bytes
2026-09-21 09:36:37,512 [INFO] [OK] USA/GFS_ENSEMBLE_Wheat_Spring_PRCP/daily dia 10 (2026-10-01 → 2026-10-01) 34747 bytes
2026-09-21 09:36:37,967 [INFO] [OK] USA/GFS_ENSEMBLE_Wheat_Spring_PRCP/daily dia 11 (2026-10-02 → 2026-10-02) 34950 bytes
2026-09-21 09:36:38,365 [INFO] [OK] USA/GFS_ENSEMBLE_Wheat_Spring_PRCP/daily dia 12 (2026-10-03 → 2026-10-03) 35658 bytes
2026-09-21 09:36:38,742 [INFO] [OK] USA/GFS_ENSEMBLE_Wheat_Spring_PRCP/daily dia 13 (2026-10-04 → 2026-10-04) 35736 bytes
2026-09-21 09:36:38,815 [INFO] [OK] USA/GFS_ENSEMBLE_Wheat_Spring_PRCP/daily dia 14 (2026-10-05 → 2026-10-05) 35498 bytes
2026-09-21 09:36:39,078 [INFO] [OK] USA/GFS_ENSEMBLE_Wheat_Spring_PRCP/cumulative dia 00 (2026-09-21 → 2026-09-21) 35700 bytes
2026-09-21 09:36:39,869 [INFO] [OK] USA/GFS_ENSEMBLE_Wheat_Spring_PRCP/cumulative dia 01 (2026-09-21 → 2026-09-22) 38215 bytes
2026-09-21 09:36:40,727 [INFO] [OK] USA/GFS_ENSEMBLE_Wheat_Spring_PRCP/cumulative dia 02 (2026-09-21 → 2026-09-23) 40471 bytes
2026-09-21 09:36:41,391 [INFO] [OK] USA/GFS_ENSEMBLE_Wheat_Spring_PRCP/cumulative dia 03 (2026-09-21 → 2026-09-24) 42649 bytes
2026-09-21 09:36:41,997 [INFO] [OK] USA/GFS_ENSEMBLE_Wheat_Spring_PRCP/cumulative dia 04 (2026-09-21 → 2026-09-25) 44230 bytes
2026-09-21 09:36:42,838 [INFO] [OK] USA/GFS_ENSEMBLE_Wheat_Spring_PRCP/cumulative dia 05 (2026-09-21 → 2026-09-26) 44638 bytes
2026-09-21 09:36:42,864 [INFO] [OK] USA/GFS_ENSEMBLE_Wheat_Spring_PRCP/cumulative dia 06 (2026-09-21 → 2026-09-27) 45146 bytes
2026-09-21 09:36:43,539 [INFO] [OK] USA/GFS_ENSEMBLE_Wheat_Spring_PRCP/cumulative dia 07 (2026-09-21 → 2026-09-28) 45778 bytes
2026-09-21 09:36:45,246 [INFO] [OK] USA/GFS_ENSEMBLE_Wheat_Spring_PRCP/cumulative dia 08 (2026-09-21 → 2026-09-29) 46034 bytes
2026-09-21 09:36:45,837 [INFO] [OK] USA/GFS_ENSEMBLE_Wheat_Spring_PRCP/cumulative dia 09 (2026-09-21 → 2026-09-30) 46402 bytes
2026-09-21 09:36:46,503 [INFO] [OK] USA/GFS_ENSEMBLE_Wheat_Spring_PRCP/cumulative dia 10 (2026-09-21 → 2026-10-01) 47441 bytes
2026-09-21 09:36:46,793 [INFO] [OK] USA/GFS_ENSEMBLE_Wheat_Spring_PRCP/cumulative dia 11 (2026-09-21 → 2026-10-02) 47905 bytes
2026-09-21 09:36:47,378 [INFO] [OK] USA/GFS_ENSEMBLE_Wheat_Spring_PRCP/cumulative dia 12 (2026-09-21 → 2026-10-03) 48758 bytes
2026-09-21 09:36:48,123 [INFO] [OK] USA/GFS_ENSEMBLE_Wheat_Spring_PRCP/cumulative dia 13 (2026-09-21 → 2026-10-04) 48426 bytes
2026-09-21 09:36:48,180 [INFO] [OK] USA/ECM_ENSEMBLE_Corn_PRCP_DEP/daily dia 00 (2026-09-21 → 2026-09-21) 55320 bytes
2026-09-21 09:36:48,632 [INFO] [OK] USA/ECM_ENSEMBLE_Corn_PRCP_DEP/daily dia 01 (2026-09-22 → 2026-09-22) 52735 bytes
2026-09-21 09:36:49,037 [INFO] [OK] USA/ECM_ENSEMBLE_Corn_PRCP_DEP/daily dia 02 (2026-09-23 → 2026-09-23) 50153 bytes
2026-09-21 09:36:49,103 [INFO] [OK] USA/GFS_ENSEMBLE_Wheat_Spring_PRCP/cumulative dia 14 (2026-09-21 → 2026-10-05) 48383 bytes
2026-09-21 09:36:49,345 [INFO] [OK] USA/ECM_ENSEMBLE_Corn_PRCP_DEP/daily dia 03 (2026-09-24 → 2026-09-24) 51176 bytes
2026-09-21 09:36:49,806 [INFO] [OK] USA/ECM_ENSEMBLE_Corn_PRCP_DEP/daily dia 04 (2026-09-25 → 2026-09-25) 51375 bytes
2026-09-21 09:36:49,948 [INFO] [OK] USA/ECM_ENSEMBLE_Corn_PRCP_DEP/daily dia 05 (2026-09-26 → 2026-09-26) 52096 bytes
2026-09-21 09:36:50,590 [INFO] [OK] USA/ECM_ENSEMBLE_Corn_PRCP_DEP/daily dia 06 (2026-09-27 → 2026-09-27) 56441 bytes
2026-09-21 09:36:51,149 [INFO] [OK] USA/ECM_ENSEMBLE_Corn_PRCP_DEP/daily dia 07 (2026-09-28 → 2026-09-28) 56453 bytes
2026-09-21 09:36:51,172 [INFO] [OK] USA/ECM_ENSEMBLE_Corn_PRCP_DEP/daily dia 08 (2026-09-29 → 2026-09-29) 55352 bytes
2026-09-21 09:36:51,219 [INFO] [OK] USA/ECM_ENSEMBLE_Corn_PRCP_DEP/daily dia 09 (2026-09-30 → 2026-09-30) 57637 bytes
2026-09-21 09:36:51,741 [INFO] [OK] USA/ECM_ENSEMBLE_Corn_PRCP_DEP/daily dia 10 (2026-10-01 → 2026-10-01) 60821 bytes
2026-09-21 09:36:51,919 [INFO] [OK] USA/ECM_ENSEMBLE_Corn_PRCP_DEP/daily dia 11 (2026-10-02 → 2026-10-02) 60609 bytes
2026-09-21 09:36:52,292 [INFO] [OK] USA/ECM_ENSEMBLE_Corn_PRCP_DEP/daily dia 12 (2026-10-03 → 2026-10-03) 61412 bytes
2026-09-21 09:36:53,073 [INFO] [OK] USA/ECM_ENSEMBLE_Corn_PRCP_DEP/daily dia 13 (2026-10-04 → 2026-10-04) 61866 bytes
2026-09-21 09:36:53,201 [INFO] [OK] USA/ECM_ENSEMBLE_Corn_PRCP_DEP/cumulative dia 00 (2026-09-21 → 2026-09-21) 55320 bytes
2026-09-21 09:36:53,228 [INFO] [OK] USA/ECM_ENSEMBLE_Corn_PRCP_DEP/daily dia 14 (2026-10-05 → 2026-10-05) 60889 bytes
2026-09-21 09:36:53,764 [INFO] [OK] USA/ECM_ENSEMBLE_Corn_PRCP_DEP/cumulative dia 01 (2026-09-21 → 2026-09-22) 58058 bytes
2026-09-21 09:36:54,142 [INFO] [OK] USA/ECM_ENSEMBLE_Corn_PRCP_DEP/cumulative dia 02 (2026-09-21 → 2026-09-23) 57964 bytes
2026-09-21 09:36:54,532 [INFO] [OK] USA/ECM_ENSEMBLE_Corn_PRCP_DEP/cumulative dia 03 (2026-09-21 → 2026-09-24) 58639 bytes
2026-09-21 09:36:55,499 [INFO] [OK] USA/ECM_ENSEMBLE_Corn_PRCP_DEP/cumulative dia 04 (2026-09-21 → 2026-09-25) 59692 bytes
2026-09-21 09:36:55,913 [INFO] [OK] USA/ECM_ENSEMBLE_Corn_PRCP_DEP/cumulative dia 06 (2026-09-21 → 2026-09-27) 60177 bytes
2026-09-21 09:36:55,950 [INFO] [OK] USA/ECM_ENSEMBLE_Corn_PRCP_DEP/cumulative dia 05 (2026-09-21 → 2026-09-26) 59964 bytes
2026-09-21 09:36:57,420 [INFO] [OK] USA/ECM_ENSEMBLE_Corn_PRCP_DEP/cumulative dia 07 (2026-09-21 → 2026-09-28) 60159 bytes
2026-09-21 09:36:58,050 [INFO] [OK] USA/ECM_ENSEMBLE_Corn_PRCP_DEP/cumulative dia 08 (2026-09-21 → 2026-09-29) 60145 bytes
2026-09-21 09:36:58,544 [INFO] [OK] USA/ECM_ENSEMBLE_Corn_PRCP_DEP/cumulative dia 09 (2026-09-21 → 2026-09-30) 60515 bytes
2026-09-21 09:36:59,524 [INFO] [OK] USA/ECM_ENSEMBLE_Corn_PRCP_DEP/cumulative dia 10 (2026-09-21 → 2026-10-01) 60677 bytes
2026-09-21 09:36:59,734 [INFO] [OK] USA/ECM_ENSEMBLE_Corn_PRCP_DEP/cumulative dia 11 (2026-09-21 → 2026-10-02) 60846 bytes
2026-09-21 09:37:00,242 [INFO] [OK] USA/ECM_ENSEMBLE_Corn_PRCP_DEP/cumulative dia 12 (2026-09-21 → 2026-10-03) 60577 bytes
2026-09-21 09:37:00,986 [INFO] [OK] USA/ECM_ENSEMBLE_Corn_PRCP/daily dia 00 (2026-09-21 → 2026-09-21) 37677 bytes
2026-09-21 09:37:01,602 [INFO] [OK] USA/ECM_ENSEMBLE_Corn_PRCP/daily dia 01 (2026-09-22 → 2026-09-22) 37869 bytes
2026-09-21 09:37:01,628 [INFO] [OK] USA/ECM_ENSEMBLE_Corn_PRCP_DEP/cumulative dia 13 (2026-09-21 → 2026-10-04) 60603 bytes
2026-09-21 09:37:01,672 [INFO] [OK] USA/ECM_ENSEMBLE_Corn_PRCP/daily dia 02 (2026-09-23 → 2026-09-23) 38554 bytes
2026-09-21 09:37:02,034 [INFO] [OK] USA/ECM_ENSEMBLE_Corn_PRCP/daily dia 03 (2026-09-24 → 2026-09-24) 38070 bytes
2026-09-21 09:37:02,517 [INFO] [OK] USA/ECM_ENSEMBLE_Corn_PRCP_DEP/cumulative dia 14 (2026-09-21 → 2026-10-05) 60521 bytes
2026-09-21 09:37:03,130 [INFO] [OK] USA/ECM_ENSEMBLE_Corn_PRCP/daily dia 04 (2026-09-25 → 2026-09-25) 37873 bytes
2026-09-21 09:37:03,857 [INFO] [OK] USA/ECM_ENSEMBLE_Corn_PRCP/daily dia 07 (2026-09-28 → 2026-09-28) 36810 bytes
2026-09-21 09:37:04,049 [INFO] [OK] USA/ECM_ENSEMBLE_Corn_PRCP/daily dia 06 (2026-09-27 → 2026-09-27) 34786 bytes
2026-09-21 09:37:04,349 [INFO] [OK] USA/ECM_ENSEMBLE_Corn_PRCP/daily dia 05 (2026-09-26 → 2026-09-26) 36131 bytes
2026-09-21 09:37:04,659 [INFO] [OK] USA/ECM_ENSEMBLE_Corn_PRCP/daily dia 08 (2026-09-29 → 2026-09-29) 36243 bytes
2026-09-21 09:37:04,962 [INFO] [OK] USA/ECM_ENSEMBLE_Corn_PRCP/daily dia 09 (2026-09-30 → 2026-09-30) 36469 bytes
2026-09-21 09:37:05,207 [INFO] [OK] USA/ECM_ENSEMBLE_Corn_PRCP/daily dia 10 (2026-10-01 → 2026-10-01) 36419 bytes
2026-09-21 09:37:05,884 [INFO] [OK] USA/ECM_ENSEMBLE_Corn_PRCP/daily dia 11 (2026-10-02 → 2026-10-02) 35889 bytes
2026-09-21 09:37:06,145 [INFO] [OK] USA/ECM_ENSEMBLE_Corn_PRCP/daily dia 12 (2026-10-03 → 2026-10-03) 37394 bytes
2026-09-21 09:37:06,506 [INFO] [OK] USA/ECM_ENSEMBLE_Corn_PRCP/daily dia 14 (2026-10-05 → 2026-10-05) 35815 bytes
2026-09-21 09:37:06,586 [INFO] [OK] USA/ECM_ENSEMBLE_Corn_PRCP/daily dia 13 (2026-10-04 → 2026-10-04) 36732 bytes
2026-09-21 09:37:07,125 [INFO] [OK] USA/ECM_ENSEMBLE_Corn_PRCP/cumulative dia 00 (2026-09-21 → 2026-09-21) 37677 bytes
2026-09-21 09:37:07,247 [INFO] [OK] USA/ECM_ENSEMBLE_Corn_PRCP/cumulative dia 01 (2026-09-21 → 2026-09-22) 41084 bytes
2026-09-21 09:37:08,719 [INFO] [OK] USA/ECM_ENSEMBLE_Corn_PRCP/cumulative dia 02 (2026-09-21 → 2026-09-23) 44370 bytes
2026-09-21 09:37:08,909 [INFO] [OK] USA/ECM_ENSEMBLE_Corn_PRCP/cumulative dia 03 (2026-09-21 → 2026-09-24) 46136 bytes
2026-09-21 09:37:09,518 [INFO] [OK] USA/ECM_ENSEMBLE_Corn_PRCP/cumulative dia 04 (2026-09-21 → 2026-09-25) 47732 bytes
2026-09-21 09:37:10,060 [INFO] [OK] USA/ECM_ENSEMBLE_Corn_PRCP/cumulative dia 05 (2026-09-21 → 2026-09-26) 48539 bytes
2026-09-21 09:37:10,638 [INFO] [OK] USA/ECM_ENSEMBLE_Corn_PRCP/cumulative dia 06 (2026-09-21 → 2026-09-27) 49056 bytes
2026-09-21 09:37:10,643 [INFO] [OK] USA/ECM_ENSEMBLE_Corn_PRCP/cumulative dia 07 (2026-09-21 → 2026-09-28) 49333 bytes
2026-09-21 09:37:11,974 [INFO] [OK] USA/ECM_ENSEMBLE_Corn_PRCP/cumulative dia 08 (2026-09-21 → 2026-09-29) 50015 bytes
2026-09-21 09:37:12,877 [INFO] [OK] USA/ECM_ENSEMBLE_Corn_PRCP/cumulative dia 09 (2026-09-21 → 2026-09-30) 51241 bytes
2026-09-21 09:37:13,648 [INFO] [OK] USA/ECM_ENSEMBLE_Corn_PRCP/cumulative dia 10 (2026-09-21 → 2026-10-01) 51143 bytes
2026-09-21 09:37:14,467 [INFO] [OK] USA/ECM_ENSEMBLE_Corn_PRCP/cumulative dia 11 (2026-09-21 → 2026-10-02) 51143 bytes
2026-09-21 09:37:16,029 [INFO] [OK] USA/ECM_ENSEMBLE_Corn_PRCP/cumulative dia 12 (2026-09-21 → 2026-10-03) 51185 bytes
2026-09-21 09:37:16,153 [INFO] [OK] USA/ECM_ENSEMBLE_Soy_PRCP_DEP/daily dia 00 (2026-09-21 → 2026-09-21) 55052 bytes
2026-09-21 09:37:16,561 [INFO] [OK] USA/ECM_ENSEMBLE_Corn_PRCP/cumulative dia 13 (2026-09-21 → 2026-10-04) 51302 bytes
2026-09-21 09:37:16,707 [INFO] [OK] USA/ECM_ENSEMBLE_Soy_PRCP_DEP/daily dia 01 (2026-09-22 → 2026-09-22) 52023 bytes
2026-09-21 09:37:17,658 [INFO] [OK] USA/ECM_ENSEMBLE_Soy_PRCP_DEP/daily dia 02 (2026-09-23 → 2026-09-23) 49648 bytes
2026-09-21 09:37:17,722 [INFO] [OK] USA/ECM_ENSEMBLE_Corn_PRCP/cumulative dia 14 (2026-09-21 → 2026-10-05) 51824 bytes
2026-09-21 09:37:18,362 [INFO] [OK] USA/ECM_ENSEMBLE_Soy_PRCP_DEP/daily dia 03 (2026-09-24 → 2026-09-24) 50667 bytes
2026-09-21 09:37:18,573 [INFO] [OK] USA/ECM_ENSEMBLE_Soy_PRCP_DEP/daily dia 04 (2026-09-25 → 2026-09-25) 51239 bytes
2026-09-21 09:37:19,208 [INFO] [OK] USA/ECM_ENSEMBLE_Soy_PRCP_DEP/daily dia 05 (2026-09-26 → 2026-09-26) 51708 bytes
2026-09-21 09:37:19,363 [INFO] [OK] USA/ECM_ENSEMBLE_Soy_PRCP_DEP/daily dia 06 (2026-09-27 → 2026-09-27) 56074 bytes
2026-09-21 09:37:20,213 [INFO] [OK] USA/ECM_ENSEMBLE_Soy_PRCP_DEP/daily dia 07 (2026-09-28 → 2026-09-28) 55737 bytes
2026-09-21 09:37:20,303 [INFO] [OK] USA/ECM_ENSEMBLE_Soy_PRCP_DEP/daily dia 08 (2026-09-29 → 2026-09-29) 55002 bytes
2026-09-21 09:37:20,669 [INFO] [OK] USA/ECM_ENSEMBLE_Soy_PRCP_DEP/daily dia 09 (2026-09-30 → 2026-09-30) 57539 bytes
2026-09-21 09:37:21,154 [INFO] [OK] USA/ECM_ENSEMBLE_Soy_PRCP_DEP/daily dia 10 (2026-10-01 → 2026-10-01) 60701 bytes
2026-09-21 09:37:21,428 [INFO] [OK] USA/ECM_ENSEMBLE_Soy_PRCP_DEP/daily dia 12 (2026-10-03 → 2026-10-03) 61191 bytes
2026-09-21 09:37:21,463 [INFO] [OK] USA/ECM_ENSEMBLE_Soy_PRCP_DEP/daily dia 11 (2026-10-02 → 2026-10-02) 60360 bytes
2026-09-21 09:37:23,014 [INFO] [OK] USA/ECM_ENSEMBLE_Soy_PRCP_DEP/daily dia 14 (2026-10-05 → 2026-10-05) 60584 bytes
2026-09-21 09:37:23,136 [INFO] [OK] USA/ECM_ENSEMBLE_Soy_PRCP_DEP/cumulative dia 00 (2026-09-21 → 2026-09-21) 55052 bytes
2026-09-21 09:37:23,144 [INFO] [OK] USA/ECM_ENSEMBLE_Soy_PRCP_DEP/daily dia 13 (2026-10-04 → 2026-10-04) 61490 bytes
2026-09-21 09:37:24,083 [INFO] [OK] USA/ECM_ENSEMBLE_Soy_PRCP_DEP/cumulative dia 01 (2026-09-21 → 2026-09-22) 57856 bytes
2026-09-21 09:37:24,186 [INFO] [OK] USA/ECM_ENSEMBLE_Soy_PRCP_DEP/cumulative dia 03 (2026-09-21 → 2026-09-24) 58474 bytes
2026-09-21 09:37:24,186 [INFO] [OK] USA/ECM_ENSEMBLE_Soy_PRCP_DEP/cumulative dia 02 (2026-09-21 → 2026-09-23) 57569 bytes
2026-09-21 09:37:26,095 [INFO] [OK] USA/ECM_ENSEMBLE_Soy_PRCP_DEP/cumulative dia 04 (2026-09-21 → 2026-09-25) 59656 bytes
2026-09-21 09:37:26,356 [INFO] [OK] USA/ECM_ENSEMBLE_Soy_PRCP_DEP/cumulative dia 05 (2026-09-21 → 2026-09-26) 59879 bytes
2026-09-21 09:37:26,472 [INFO] [OK] USA/ECM_ENSEMBLE_Soy_PRCP_DEP/cumulative dia 06 (2026-09-21 → 2026-09-27) 60011 bytes
2026-09-21 09:37:27,661 [INFO] [OK] USA/ECM_ENSEMBLE_Soy_PRCP_DEP/cumulative dia 07 (2026-09-21 → 2026-09-28) 60007 bytes
2026-09-21 09:37:28,096 [INFO] [OK] USA/ECM_ENSEMBLE_Soy_PRCP_DEP/cumulative dia 08 (2026-09-21 → 2026-09-29) 60053 bytes
2026-09-21 09:37:28,096 [INFO] [OK] USA/ECM_ENSEMBLE_Soy_PRCP_DEP/cumulative dia 09 (2026-09-21 → 2026-09-30) 60196 bytes
2026-09-21 09:37:29,574 [INFO] [OK] USA/ECM_ENSEMBLE_Soy_PRCP_DEP/cumulative dia 10 (2026-09-21 → 2026-10-01) 60248 bytes
2026-09-21 09:37:30,156 [INFO] [OK] USA/ECM_ENSEMBLE_Soy_PRCP_DEP/cumulative dia 11 (2026-09-21 → 2026-10-02) 60676 bytes
2026-09-21 09:37:30,707 [INFO] [OK] USA/ECM_ENSEMBLE_Soy_PRCP_DEP/cumulative dia 12 (2026-09-21 → 2026-10-03) 60359 bytes
2026-09-21 09:37:31,119 [INFO] [OK] USA/ECM_ENSEMBLE_Soy_PRCP/daily dia 00 (2026-09-21 → 2026-09-21) 37233 bytes
2026-09-21 09:37:32,747 [INFO] [OK] USA/ECM_ENSEMBLE_Soy_PRCP/daily dia 01 (2026-09-22 → 2026-09-22) 37284 bytes
2026-09-21 09:37:33,346 [INFO] [OK] USA/ECM_ENSEMBLE_Soy_PRCP/daily dia 02 (2026-09-23 → 2026-09-23) 38094 bytes
2026-09-21 09:37:33,694 [INFO] [OK] USA/ECM_ENSEMBLE_Soy_PRCP/daily dia 03 (2026-09-24 → 2026-09-24) 37798 bytes
2026-09-21 09:37:33,785 [INFO] [OK] USA/ECM_ENSEMBLE_Soy_PRCP_DEP/cumulative dia 13 (2026-09-21 → 2026-10-04) 60457 bytes
2026-09-21 09:37:34,139 [INFO] [OK] USA/ECM_ENSEMBLE_Soy_PRCP_DEP/cumulative dia 14 (2026-09-21 → 2026-10-05) 60359 bytes
2026-09-21 09:37:34,220 [INFO] [OK] USA/ECM_ENSEMBLE_Soy_PRCP/daily dia 04 (2026-09-25 → 2026-09-25) 37421 bytes
2026-09-21 09:37:35,014 [INFO] [OK] USA/ECM_ENSEMBLE_Soy_PRCP/daily dia 05 (2026-09-26 → 2026-09-26) 35708 bytes
2026-09-21 09:37:35,442 [INFO] [OK] USA/ECM_ENSEMBLE_Soy_PRCP/daily dia 06 (2026-09-27 → 2026-09-27) 34383 bytes
2026-09-21 09:37:36,418 [INFO] [OK] USA/ECM_ENSEMBLE_Soy_PRCP/daily dia 08 (2026-09-29 → 2026-09-29) 35896 bytes
2026-09-21 09:37:36,430 [INFO] [OK] USA/ECM_ENSEMBLE_Soy_PRCP/daily dia 07 (2026-09-28 → 2026-09-28) 36393 bytes
2026-09-21 09:37:36,788 [INFO] [OK] USA/ECM_ENSEMBLE_Soy_PRCP/daily dia 09 (2026-09-30 → 2026-09-30) 36145 bytes
2026-09-21 09:37:36,866 [INFO] [OK] USA/ECM_ENSEMBLE_Soy_PRCP/daily dia 10 (2026-10-01 → 2026-10-01) 36033 bytes
2026-09-21 09:37:37,563 [INFO] [OK] USA/ECM_ENSEMBLE_Soy_PRCP/daily dia 11 (2026-10-02 → 2026-10-02) 35622 bytes
2026-09-21 09:37:37,587 [INFO] [OK] USA/ECM_ENSEMBLE_Soy_PRCP/daily dia 12 (2026-10-03 → 2026-10-03) 37082 bytes
2026-09-21 09:37:38,113 [INFO] [OK] USA/ECM_ENSEMBLE_Soy_PRCP/daily dia 13 (2026-10-04 → 2026-10-04) 36262 bytes
2026-09-21 09:37:38,305 [INFO] [OK] USA/ECM_ENSEMBLE_Soy_PRCP/daily dia 14 (2026-10-05 → 2026-10-05) 35401 bytes
2026-09-21 09:37:39,069 [INFO] [OK] USA/ECM_ENSEMBLE_Soy_PRCP/cumulative dia 01 (2026-09-21 → 2026-09-22) 40474 bytes
2026-09-21 09:37:39,125 [INFO] [OK] USA/ECM_ENSEMBLE_Soy_PRCP/cumulative dia 00 (2026-09-21 → 2026-09-21) 37233 bytes
2026-09-21 09:37:40,206 [INFO] [OK] USA/ECM_ENSEMBLE_Soy_PRCP/cumulative dia 02 (2026-09-21 → 2026-09-23) 43962 bytes
2026-09-21 09:37:40,396 [INFO] [OK] USA/ECM_ENSEMBLE_Soy_PRCP/cumulative dia 03 (2026-09-21 → 2026-09-24) 45778 bytes
2026-09-21 09:37:41,633 [INFO] [OK] USA/ECM_ENSEMBLE_Soy_PRCP/cumulative dia 04 (2026-09-21 → 2026-09-25) 47398 bytes
2026-09-21 09:37:41,969 [INFO] [OK] USA/ECM_ENSEMBLE_Soy_PRCP/cumulative dia 05 (2026-09-21 → 2026-09-26) 48210 bytes
2026-09-21 09:37:43,128 [INFO] [OK] USA/ECM_ENSEMBLE_Soy_PRCP/cumulative dia 07 (2026-09-21 → 2026-09-28) 48974 bytes
2026-09-21 09:37:43,143 [INFO] [OK] USA/ECM_ENSEMBLE_Soy_PRCP/cumulative dia 06 (2026-09-21 → 2026-09-27) 48759 bytes
2026-09-21 09:37:45,287 [INFO] [OK] USA/ECM_ENSEMBLE_Soy_PRCP/cumulative dia 08 (2026-09-21 → 2026-09-29) 49606 bytes
2026-09-21 09:37:45,528 [INFO] [OK] USA/ECM_ENSEMBLE_Soy_PRCP/cumulative dia 09 (2026-09-21 → 2026-09-30) 50724 bytes
2026-09-21 09:37:46,968 [INFO] [OK] USA/ECM_ENSEMBLE_Soy_PRCP/cumulative dia 11 (2026-09-21 → 2026-10-02) 50964 bytes
2026-09-21 09:37:47,132 [INFO] [OK] USA/ECM_ENSEMBLE_Soy_PRCP/cumulative dia 10 (2026-09-21 → 2026-10-01) 50539 bytes
2026-09-21 09:37:48,091 [INFO] [OK] USA/ECM_ENSEMBLE_Wheat_Winter_PRCP_DEP/daily dia 00 (2026-09-21 → 2026-09-21) 56601 bytes
2026-09-21 09:37:48,788 [INFO] [OK] USA/ECM_ENSEMBLE_Soy_PRCP/cumulative dia 12 (2026-09-21 → 2026-10-03) 50834 bytes
2026-09-21 09:37:48,969 [INFO] [OK] USA/ECM_ENSEMBLE_Soy_PRCP/cumulative dia 13 (2026-09-21 → 2026-10-04) 50981 bytes
2026-09-21 09:37:49,671 [INFO] [OK] USA/ECM_ENSEMBLE_Wheat_Winter_PRCP_DEP/daily dia 02 (2026-09-23 → 2026-09-23) 51488 bytes
2026-09-21 09:37:49,709 [INFO] [OK] USA/ECM_ENSEMBLE_Wheat_Winter_PRCP_DEP/daily dia 01 (2026-09-22 → 2026-09-22) 53919 bytes
2026-09-21 09:37:49,925 [INFO] [OK] USA/ECM_ENSEMBLE_Soy_PRCP/cumulative dia 14 (2026-09-21 → 2026-10-05) 51366 bytes
2026-09-21 09:37:50,213 [INFO] [OK] USA/ECM_ENSEMBLE_Wheat_Winter_PRCP_DEP/daily dia 03 (2026-09-24 → 2026-09-24) 52115 bytes
2026-09-21 09:37:50,949 [INFO] [OK] USA/ECM_ENSEMBLE_Wheat_Winter_PRCP_DEP/daily dia 04 (2026-09-25 → 2026-09-25) 52539 bytes
2026-09-21 09:37:51,045 [INFO] [OK] USA/ECM_ENSEMBLE_Wheat_Winter_PRCP_DEP/daily dia 05 (2026-09-26 → 2026-09-26) 53809 bytes
2026-09-21 09:37:52,304 [INFO] [OK] USA/ECM_ENSEMBLE_Wheat_Winter_PRCP_DEP/daily dia 07 (2026-09-28 → 2026-09-28) 57766 bytes
2026-09-21 09:37:52,839 [INFO] [OK] USA/ECM_ENSEMBLE_Wheat_Winter_PRCP_DEP/daily dia 09 (2026-09-30 → 2026-09-30) 59085 bytes
2026-09-21 09:37:52,990 [INFO] [OK] USA/ECM_ENSEMBLE_Wheat_Winter_PRCP_DEP/daily dia 06 (2026-09-27 → 2026-09-27) 57900 bytes
2026-09-21 09:37:53,055 [INFO] [OK] USA/ECM_ENSEMBLE_Wheat_Winter_PRCP_DEP/daily dia 08 (2026-09-29 → 2026-09-29) 56889 bytes
2026-09-21 09:37:54,044 [INFO] [OK] USA/ECM_ENSEMBLE_Wheat_Winter_PRCP_DEP/daily dia 11 (2026-10-02 → 2026-10-02) 62105 bytes
2026-09-21 09:37:54,173 [INFO] [OK] USA/ECM_ENSEMBLE_Wheat_Winter_PRCP_DEP/daily dia 10 (2026-10-01 → 2026-10-01) 61692 bytes
2026-09-21 09:37:55,250 [INFO] [OK] USA/ECM_ENSEMBLE_Wheat_Winter_PRCP_DEP/daily dia 12 (2026-10-03 → 2026-10-03) 62800 bytes
2026-09-21 09:37:55,574 [INFO] [OK] USA/ECM_ENSEMBLE_Wheat_Winter_PRCP_DEP/cumulative dia 00 (2026-09-21 → 2026-09-21) 56601 bytes
2026-09-21 09:37:55,717 [INFO] [OK] USA/ECM_ENSEMBLE_Wheat_Winter_PRCP_DEP/daily dia 13 (2026-10-04 → 2026-10-04) 63030 bytes
2026-09-21 09:37:55,781 [INFO] [OK] USA/ECM_ENSEMBLE_Wheat_Winter_PRCP_DEP/daily dia 14 (2026-10-05 → 2026-10-05) 61920 bytes
2026-09-21 09:37:56,306 [INFO] [OK] USA/ECM_ENSEMBLE_Wheat_Winter_PRCP_DEP/cumulative dia 01 (2026-09-21 → 2026-09-22) 59180 bytes
2026-09-21 09:37:56,337 [INFO] [OK] USA/ECM_ENSEMBLE_Wheat_Winter_PRCP_DEP/cumulative dia 02 (2026-09-21 → 2026-09-23) 59156 bytes
2026-09-21 09:37:58,025 [INFO] [OK] USA/ECM_ENSEMBLE_Wheat_Winter_PRCP_DEP/cumulative dia 03 (2026-09-21 → 2026-09-24) 59725 bytes
2026-09-21 09:37:58,745 [INFO] [OK] USA/ECM_ENSEMBLE_Wheat_Winter_PRCP_DEP/cumulative dia 04 (2026-09-21 → 2026-09-25) 60764 bytes
2026-09-21 09:37:59,464 [INFO] [OK] USA/ECM_ENSEMBLE_Wheat_Winter_PRCP_DEP/cumulative dia 06 (2026-09-21 → 2026-09-27) 61447 bytes
2026-09-21 09:37:59,465 [INFO] [OK] USA/ECM_ENSEMBLE_Wheat_Winter_PRCP_DEP/cumulative dia 05 (2026-09-21 → 2026-09-26) 61053 bytes
2026-09-21 09:37:59,542 [INFO] [OK] USA/ECM_ENSEMBLE_Wheat_Winter_PRCP_DEP/cumulative dia 07 (2026-09-21 → 2026-09-28) 61469 bytes
2026-09-21 09:38:00,189 [INFO] [OK] USA/ECM_ENSEMBLE_Wheat_Winter_PRCP_DEP/cumulative dia 08 (2026-09-21 → 2026-09-29) 61181 bytes
2026-09-21 09:38:03,015 [INFO] [OK] USA/ECM_ENSEMBLE_Wheat_Winter_PRCP_DEP/cumulative dia 09 (2026-09-21 → 2026-09-30) 61783 bytes
2026-09-21 09:38:03,802 [INFO] [OK] USA/ECM_ENSEMBLE_Wheat_Winter_PRCP_DEP/cumulative dia 10 (2026-09-21 → 2026-10-01) 61833 bytes
2026-09-21 09:38:05,239 [INFO] [OK] USA/ECM_ENSEMBLE_Wheat_Winter_PRCP_DEP/cumulative dia 12 (2026-09-21 → 2026-10-03) 61891 bytes
2026-09-21 09:38:05,363 [INFO] [OK] USA/ECM_ENSEMBLE_Wheat_Winter_PRCP_DEP/cumulative dia 11 (2026-09-21 → 2026-10-02) 62028 bytes
2026-09-21 09:38:05,508 [INFO] [OK] USA/ECM_ENSEMBLE_Wheat_Winter_PRCP_DEP/cumulative dia 13 (2026-09-21 → 2026-10-04) 61836 bytes
2026-09-21 09:38:05,853 [INFO] [OK] USA/ECM_ENSEMBLE_Wheat_Winter_PRCP/daily dia 00 (2026-09-21 → 2026-09-21) 38770 bytes
2026-09-21 09:38:05,936 [INFO] [OK] USA/ECM_ENSEMBLE_Wheat_Winter_PRCP/daily dia 01 (2026-09-22 → 2026-09-22) 38954 bytes
2026-09-21 09:38:06,037 [INFO] [OK] USA/ECM_ENSEMBLE_Wheat_Winter_PRCP_DEP/cumulative dia 14 (2026-09-21 → 2026-10-05) 61633 bytes
2026-09-21 09:38:07,559 [INFO] [OK] USA/ECM_ENSEMBLE_Wheat_Winter_PRCP/daily dia 03 (2026-09-24 → 2026-09-24) 39187 bytes
2026-09-21 09:38:07,568 [INFO] [OK] USA/ECM_ENSEMBLE_Wheat_Winter_PRCP/daily dia 02 (2026-09-23 → 2026-09-23) 39609 bytes
2026-09-21 09:38:07,777 [INFO] [OK] USA/ECM_ENSEMBLE_Wheat_Winter_PRCP/daily dia 04 (2026-09-25 → 2026-09-25) 38946 bytes
2026-09-21 09:38:08,187 [INFO] [OK] USA/ECM_ENSEMBLE_Wheat_Winter_PRCP/daily dia 05 (2026-09-26 → 2026-09-26) 37367 bytes
2026-09-21 09:38:08,292 [INFO] [OK] USA/ECM_ENSEMBLE_Wheat_Winter_PRCP/daily dia 07 (2026-09-28 → 2026-09-28) 37885 bytes
2026-09-21 09:38:08,399 [INFO] [OK] USA/ECM_ENSEMBLE_Wheat_Winter_PRCP/daily dia 06 (2026-09-27 → 2026-09-27) 36023 bytes
2026-09-21 09:38:09,343 [INFO] [OK] USA/ECM_ENSEMBLE_Wheat_Winter_PRCP/daily dia 09 (2026-09-30 → 2026-09-30) 37615 bytes
2026-09-21 09:38:09,519 [INFO] [OK] USA/ECM_ENSEMBLE_Wheat_Winter_PRCP/daily dia 08 (2026-09-29 → 2026-09-29) 37386 bytes
2026-09-21 09:38:09,695 [INFO] [OK] USA/ECM_ENSEMBLE_Wheat_Winter_PRCP/daily dia 10 (2026-10-01 → 2026-10-01) 37524 bytes
2026-09-21 09:38:10,077 [INFO] [OK] USA/ECM_ENSEMBLE_Wheat_Winter_PRCP/daily dia 11 (2026-10-02 → 2026-10-02) 36911 bytes
2026-09-21 09:38:10,175 [INFO] [OK] USA/ECM_ENSEMBLE_Wheat_Winter_PRCP/daily dia 13 (2026-10-04 → 2026-10-04) 37671 bytes
2026-09-21 09:38:10,262 [INFO] [OK] USA/ECM_ENSEMBLE_Wheat_Winter_PRCP/daily dia 12 (2026-10-03 → 2026-10-03) 38429 bytes
2026-09-21 09:38:11,033 [INFO] [OK] USA/ECM_ENSEMBLE_Wheat_Winter_PRCP/daily dia 14 (2026-10-05 → 2026-10-05) 36956 bytes
2026-09-21 09:38:11,225 [INFO] [OK] USA/ECM_ENSEMBLE_Wheat_Winter_PRCP/cumulative dia 00 (2026-09-21 → 2026-09-21) 38770 bytes
2026-09-21 09:38:11,699 [INFO] [OK] USA/ECM_ENSEMBLE_Wheat_Winter_PRCP/cumulative dia 01 (2026-09-21 → 2026-09-22) 42030 bytes
2026-09-21 09:38:12,209 [INFO] [OK] USA/ECM_ENSEMBLE_Wheat_Winter_PRCP/cumulative dia 02 (2026-09-21 → 2026-09-23) 45417 bytes
2026-09-21 09:38:12,365 [INFO] [OK] USA/ECM_ENSEMBLE_Wheat_Winter_PRCP/cumulative dia 03 (2026-09-21 → 2026-09-24) 47112 bytes
2026-09-21 09:38:12,623 [INFO] [OK] USA/ECM_ENSEMBLE_Wheat_Winter_PRCP/cumulative dia 04 (2026-09-21 → 2026-09-25) 48758 bytes
2026-09-21 09:38:13,360 [INFO] [OK] USA/ECM_ENSEMBLE_Wheat_Winter_PRCP/cumulative dia 05 (2026-09-21 → 2026-09-26) 49612 bytes
2026-09-21 09:38:13,636 [INFO] [OK] USA/ECM_ENSEMBLE_Wheat_Winter_PRCP/cumulative dia 06 (2026-09-21 → 2026-09-27) 50027 bytes
2026-09-21 09:38:14,129 [INFO] [OK] USA/ECM_ENSEMBLE_Wheat_Winter_PRCP/cumulative dia 07 (2026-09-21 → 2026-09-28) 50504 bytes
2026-09-21 09:38:14,765 [INFO] [OK] USA/ECM_ENSEMBLE_Wheat_Winter_PRCP/cumulative dia 08 (2026-09-21 → 2026-09-29) 51259 bytes
2026-09-21 09:38:15,000 [INFO] [OK] USA/ECM_ENSEMBLE_Wheat_Winter_PRCP/cumulative dia 09 (2026-09-21 → 2026-09-30) 52256 bytes
2026-09-21 09:38:15,278 [INFO] [OK] USA/ECM_ENSEMBLE_Wheat_Winter_PRCP/cumulative dia 10 (2026-09-21 → 2026-10-01) 52271 bytes
2026-09-21 09:38:16,227 [INFO] [OK] USA/ECM_ENSEMBLE_Wheat_Winter_PRCP/cumulative dia 11 (2026-09-21 → 2026-10-02) 52594 bytes
2026-09-21 09:38:16,662 [INFO] [OK] USA/ECM_ENSEMBLE_Wheat_Winter_PRCP/cumulative dia 12 (2026-09-21 → 2026-10-03) 52409 bytes
2026-09-21 09:38:16,874 [INFO] [OK] USA/ECM_ENSEMBLE_Wheat_Spring_PRCP_DEP/daily dia 00 (2026-09-21 → 2026-09-21) 53172 bytes
2026-09-21 09:38:16,968 [INFO] [OK] USA/ECM_ENSEMBLE_Wheat_Spring_PRCP_DEP/daily dia 01 (2026-09-22 → 2026-09-22) 50609 bytes
2026-09-21 09:38:17,154 [INFO] [OK] USA/ECM_ENSEMBLE_Wheat_Winter_PRCP/cumulative dia 13 (2026-09-21 → 2026-10-04) 52468 bytes
2026-09-21 09:38:17,962 [INFO] [OK] USA/ECM_ENSEMBLE_Wheat_Spring_PRCP_DEP/daily dia 02 (2026-09-23 → 2026-09-23) 47978 bytes
2026-09-21 09:38:18,098 [INFO] [OK] USA/ECM_ENSEMBLE_Wheat_Winter_PRCP/cumulative dia 14 (2026-09-21 → 2026-10-05) 53136 bytes
2026-09-21 09:38:18,647 [INFO] [OK] USA/ECM_ENSEMBLE_Wheat_Spring_PRCP_DEP/daily dia 03 (2026-09-24 → 2026-09-24) 49248 bytes
2026-09-21 09:38:18,893 [INFO] [OK] USA/ECM_ENSEMBLE_Wheat_Spring_PRCP_DEP/daily dia 04 (2026-09-25 → 2026-09-25) 49618 bytes
2026-09-21 09:38:19,014 [INFO] [OK] USA/ECM_ENSEMBLE_Wheat_Spring_PRCP_DEP/daily dia 05 (2026-09-26 → 2026-09-26) 50630 bytes
2026-09-21 09:38:19,110 [INFO] [OK] USA/ECM_ENSEMBLE_Wheat_Spring_PRCP_DEP/daily dia 06 (2026-09-27 → 2026-09-27) 54137 bytes
2026-09-21 09:38:19,687 [INFO] [OK] USA/ECM_ENSEMBLE_Wheat_Spring_PRCP_DEP/daily dia 07 (2026-09-28 → 2026-09-28) 53862 bytes
2026-09-21 09:38:19,852 [INFO] [OK] USA/ECM_ENSEMBLE_Wheat_Spring_PRCP_DEP/daily dia 08 (2026-09-29 → 2026-09-29) 53608 bytes
2026-09-21 09:38:20,400 [INFO] [OK] USA/ECM_ENSEMBLE_Wheat_Spring_PRCP_DEP/daily dia 09 (2026-09-30 → 2026-09-30) 55523 bytes
2026-09-21 09:38:20,633 [INFO] [OK] USA/ECM_ENSEMBLE_Wheat_Spring_PRCP_DEP/daily dia 10 (2026-10-01 → 2026-10-01) 58731 bytes
2026-09-21 09:38:20,711 [INFO] [OK] USA/ECM_ENSEMBLE_Wheat_Spring_PRCP_DEP/daily dia 11 (2026-10-02 → 2026-10-02) 58628 bytes
2026-09-21 09:38:20,812 [INFO] [OK] USA/ECM_ENSEMBLE_Wheat_Spring_PRCP_DEP/daily dia 12 (2026-10-03 → 2026-10-03) 59290 bytes
2026-09-21 09:38:21,454 [INFO] [OK] USA/ECM_ENSEMBLE_Wheat_Spring_PRCP_DEP/daily dia 13 (2026-10-04 → 2026-10-04) 59697 bytes
2026-09-21 09:38:21,544 [INFO] [OK] USA/ECM_ENSEMBLE_Wheat_Spring_PRCP_DEP/daily dia 14 (2026-10-05 → 2026-10-05) 58673 bytes
2026-09-21 09:38:22,240 [INFO] [OK] USA/ECM_ENSEMBLE_Wheat_Spring_PRCP_DEP/cumulative dia 00 (2026-09-21 → 2026-09-21) 53172 bytes
2026-09-21 09:38:22,613 [INFO] [OK] USA/ECM_ENSEMBLE_Wheat_Spring_PRCP_DEP/cumulative dia 01 (2026-09-21 → 2026-09-22) 55727 bytes
2026-09-21 09:38:22,723 [INFO] [OK] USA/ECM_ENSEMBLE_Wheat_Spring_PRCP_DEP/cumulative dia 02 (2026-09-21 → 2026-09-23) 55640 bytes
2026-09-21 09:38:22,836 [INFO] [OK] USA/ECM_ENSEMBLE_Wheat_Spring_PRCP_DEP/cumulative dia 03 (2026-09-21 → 2026-09-24) 56420 bytes
2026-09-21 09:38:23,513 [INFO] [OK] USA/ECM_ENSEMBLE_Wheat_Spring_PRCP_DEP/cumulative dia 04 (2026-09-21 → 2026-09-25) 57690 bytes
2026-09-21 09:38:23,794 [INFO] [OK] USA/ECM_ENSEMBLE_Wheat_Spring_PRCP_DEP/cumulative dia 05 (2026-09-21 → 2026-09-26) 58427 bytes
2026-09-21 09:38:24,581 [INFO] [OK] USA/ECM_ENSEMBLE_Wheat_Spring_PRCP_DEP/cumulative dia 06 (2026-09-21 → 2026-09-27) 58474 bytes
2026-09-21 09:38:24,983 [INFO] [OK] USA/ECM_ENSEMBLE_Wheat_Spring_PRCP_DEP/cumulative dia 07 (2026-09-21 → 2026-09-28) 58311 bytes
2026-09-21 09:38:25,336 [INFO] [OK] USA/ECM_ENSEMBLE_Wheat_Spring_PRCP_DEP/cumulative dia 08 (2026-09-21 → 2026-09-29) 58236 bytes
2026-09-21 09:38:25,533 [INFO] [OK] USA/ECM_ENSEMBLE_Wheat_Spring_PRCP_DEP/cumulative dia 09 (2026-09-21 → 2026-09-30) 58719 bytes
2026-09-21 09:38:26,239 [INFO] [OK] USA/ECM_ENSEMBLE_Wheat_Spring_PRCP_DEP/cumulative dia 10 (2026-09-21 → 2026-10-01) 58700 bytes
2026-09-21 09:38:26,686 [INFO] [OK] USA/ECM_ENSEMBLE_Wheat_Spring_PRCP_DEP/cumulative dia 11 (2026-09-21 → 2026-10-02) 59028 bytes
2026-09-21 09:38:27,129 [INFO] [OK] USA/ECM_ENSEMBLE_Wheat_Spring_PRCP/daily dia 00 (2026-09-21 → 2026-09-21) 35744 bytes
2026-09-21 09:38:27,633 [INFO] [OK] USA/ECM_ENSEMBLE_Wheat_Spring_PRCP_DEP/cumulative dia 12 (2026-09-21 → 2026-10-03) 58718 bytes
2026-09-21 09:38:27,859 [INFO] [OK] USA/ECM_ENSEMBLE_Wheat_Spring_PRCP/daily dia 01 (2026-09-22 → 2026-09-22) 35846 bytes
2026-09-21 09:38:27,971 [INFO] [OK] USA/ECM_ENSEMBLE_Wheat_Spring_PRCP_DEP/cumulative dia 13 (2026-09-21 → 2026-10-04) 58775 bytes
2026-09-21 09:38:28,441 [INFO] [OK] USA/ECM_ENSEMBLE_Wheat_Spring_PRCP_DEP/cumulative dia 14 (2026-09-21 → 2026-10-05) 58611 bytes
2026-09-21 09:38:28,576 [INFO] [OK] USA/ECM_ENSEMBLE_Wheat_Spring_PRCP/daily dia 02 (2026-09-23 → 2026-09-23) 36436 bytes
2026-09-21 09:38:28,713 [INFO] [OK] USA/ECM_ENSEMBLE_Wheat_Spring_PRCP/daily dia 03 (2026-09-24 → 2026-09-24) 36192 bytes
2026-09-21 09:38:29,244 [INFO] [OK] USA/ECM_ENSEMBLE_Wheat_Spring_PRCP/daily dia 04 (2026-09-25 → 2026-09-25) 35879 bytes
2026-09-21 09:38:29,440 [INFO] [OK] USA/ECM_ENSEMBLE_Wheat_Spring_PRCP/daily dia 05 (2026-09-26 → 2026-09-26) 34314 bytes
2026-09-21 09:38:29,579 [INFO] [OK] USA/ECM_ENSEMBLE_Wheat_Spring_PRCP/daily dia 06 (2026-09-27 → 2026-09-27) 32941 bytes
2026-09-21 09:38:30,083 [INFO] [OK] USA/ECM_ENSEMBLE_Wheat_Spring_PRCP/daily dia 07 (2026-09-28 → 2026-09-28) 34789 bytes
2026-09-21 09:38:30,215 [INFO] [OK] USA/ECM_ENSEMBLE_Wheat_Spring_PRCP/daily dia 08 (2026-09-29 → 2026-09-29) 34413 bytes
2026-09-21 09:38:30,299 [INFO] [OK] USA/ECM_ENSEMBLE_Wheat_Spring_PRCP/daily dia 09 (2026-09-30 → 2026-09-30) 34579 bytes
2026-09-21 09:38:30,882 [INFO] [OK] USA/ECM_ENSEMBLE_Wheat_Spring_PRCP/daily dia 10 (2026-10-01 → 2026-10-01) 34359 bytes
2026-09-21 09:38:31,104 [INFO] [OK] USA/ECM_ENSEMBLE_Wheat_Spring_PRCP/daily dia 11 (2026-10-02 → 2026-10-02) 34126 bytes
2026-09-21 09:38:31,259 [INFO] [OK] USA/ECM_ENSEMBLE_Wheat_Spring_PRCP/daily dia 12 (2026-10-03 → 2026-10-03) 35537 bytes
2026-09-21 09:38:31,776 [INFO] [OK] USA/ECM_ENSEMBLE_Wheat_Spring_PRCP/daily dia 13 (2026-10-04 → 2026-10-04) 34589 bytes
2026-09-21 09:38:31,856 [INFO] [OK] USA/ECM_ENSEMBLE_Wheat_Spring_PRCP/daily dia 14 (2026-10-05 → 2026-10-05) 33817 bytes
2026-09-21 09:38:31,890 [INFO] [OK] USA/ECM_ENSEMBLE_Wheat_Spring_PRCP/cumulative dia 00 (2026-09-21 → 2026-09-21) 35744 bytes
2026-09-21 09:38:32,576 [INFO] [OK] USA/ECM_ENSEMBLE_Wheat_Spring_PRCP/cumulative dia 01 (2026-09-21 → 2026-09-22) 38977 bytes
2026-09-21 09:38:33,021 [INFO] [OK] USA/ECM_ENSEMBLE_Wheat_Spring_PRCP/cumulative dia 02 (2026-09-21 → 2026-09-23) 42056 bytes
2026-09-21 09:38:33,134 [INFO] [OK] USA/ECM_ENSEMBLE_Wheat_Spring_PRCP/cumulative dia 03 (2026-09-21 → 2026-09-24) 43754 bytes
2026-09-21 09:38:33,825 [INFO] [OK] USA/ECM_ENSEMBLE_Wheat_Spring_PRCP/cumulative dia 04 (2026-09-21 → 2026-09-25) 45113 bytes
2026-09-21 09:38:33,973 [INFO] [OK] USA/ECM_ENSEMBLE_Wheat_Spring_PRCP/cumulative dia 05 (2026-09-21 → 2026-09-26) 46077 bytes
2026-09-21 09:38:34,161 [INFO] [OK] USA/ECM_ENSEMBLE_Wheat_Spring_PRCP/cumulative dia 06 (2026-09-21 → 2026-09-27) 46574 bytes
2026-09-21 09:38:34,909 [INFO] [OK] USA/ECM_ENSEMBLE_Wheat_Spring_PRCP/cumulative dia 07 (2026-09-21 → 2026-09-28) 46734 bytes
2026-09-21 09:38:35,540 [INFO] [OK] USA/ECM_ENSEMBLE_Wheat_Spring_PRCP/cumulative dia 08 (2026-09-21 → 2026-09-29) 47389 bytes
2026-09-21 09:38:35,678 [INFO] [OK] USA/ECM_ENSEMBLE_Wheat_Spring_PRCP/cumulative dia 09 (2026-09-21 → 2026-09-30) 48613 bytes
2026-09-21 09:38:36,498 [INFO] [OK] USA/ECM_ENSEMBLE_Wheat_Spring_PRCP/cumulative dia 10 (2026-09-21 → 2026-10-01) 48605 bytes
2026-09-21 09:38:36,652 [INFO] [OK] USA/ECM_ENSEMBLE_Wheat_Spring_PRCP/cumulative dia 11 (2026-09-21 → 2026-10-02) 48665 bytes
2026-09-21 09:38:36,906 [INFO] [OK] USA/ECM_ENSEMBLE_Wheat_Spring_PRCP/cumulative dia 12 (2026-09-21 → 2026-10-03) 48465 bytes
2026-09-21 09:38:37,837 [INFO] [OK] USA/ECM_ENSEMBLE_Wheat_Spring_PRCP/cumulative dia 13 (2026-09-21 → 2026-10-04) 48523 bytes
2026-09-21 09:38:38,524 [INFO] [OK] USA/ECM_ENSEMBLE_Wheat_Spring_PRCP/cumulative dia 14 (2026-09-21 → 2026-10-05) 49338 bytes
2026-09-21 09:38:38,528 [INFO] Resumo: 960/960 sucessos, 0 erros
