2026-08-11 09:33:17,908 [INFO] === Execução 2026-08-11 | modo=both | dias=15 | parâmetro=['PRCP_DEP', 'PRCP'] ===
2026-08-11 09:33:17,912 [INFO] Baixando 960 mapas com 6 threads...
2026-08-11 09:33:21,486 [INFO] [OK] Brazil/GFS_ENSEMBLE_Soy_PRCP_DEP/daily dia 02 (2026-08-13 → 2026-08-13) 40012 bytes
2026-08-11 09:33:21,804 [INFO] [OK] Brazil/GFS_ENSEMBLE_Soy_PRCP_DEP/daily dia 00 (2026-08-11 → 2026-08-11) 40531 bytes
2026-08-11 09:33:21,961 [INFO] [OK] Brazil/GFS_ENSEMBLE_Soy_PRCP_DEP/daily dia 03 (2026-08-14 → 2026-08-14) 39238 bytes
2026-08-11 09:33:21,966 [INFO] [OK] Brazil/GFS_ENSEMBLE_Soy_PRCP_DEP/daily dia 04 (2026-08-15 → 2026-08-15) 43337 bytes
2026-08-11 09:33:21,971 [INFO] [OK] Brazil/GFS_ENSEMBLE_Soy_PRCP_DEP/daily dia 01 (2026-08-12 → 2026-08-12) 41109 bytes
2026-08-11 09:33:22,088 [INFO] [OK] Brazil/GFS_ENSEMBLE_Soy_PRCP_DEP/daily dia 05 (2026-08-16 → 2026-08-16) 43613 bytes
2026-08-11 09:33:23,963 [INFO] [OK] Brazil/GFS_ENSEMBLE_Soy_PRCP_DEP/daily dia 06 (2026-08-17 → 2026-08-17) 48074 bytes
2026-08-11 09:33:24,142 [INFO] [OK] Brazil/GFS_ENSEMBLE_Soy_PRCP_DEP/daily dia 07 (2026-08-18 → 2026-08-18) 47409 bytes
2026-08-11 09:33:24,674 [INFO] [OK] Brazil/GFS_ENSEMBLE_Soy_PRCP_DEP/daily dia 09 (2026-08-20 → 2026-08-20) 47623 bytes
2026-08-11 09:33:25,018 [INFO] [OK] Brazil/GFS_ENSEMBLE_Soy_PRCP_DEP/daily dia 08 (2026-08-19 → 2026-08-19) 47364 bytes
2026-08-11 09:33:25,058 [INFO] [OK] Brazil/GFS_ENSEMBLE_Soy_PRCP_DEP/daily dia 10 (2026-08-21 → 2026-08-21) 43235 bytes
2026-08-11 09:33:25,066 [INFO] [OK] Brazil/GFS_ENSEMBLE_Soy_PRCP_DEP/daily dia 11 (2026-08-22 → 2026-08-22) 43615 bytes
2026-08-11 09:33:26,148 [INFO] [OK] Brazil/GFS_ENSEMBLE_Soy_PRCP_DEP/daily dia 12 (2026-08-23 → 2026-08-23) 46975 bytes
2026-08-11 09:33:26,857 [INFO] [OK] Brazil/GFS_ENSEMBLE_Soy_PRCP_DEP/daily dia 13 (2026-08-24 → 2026-08-24) 50185 bytes
2026-08-11 09:33:26,924 [INFO] [OK] Brazil/GFS_ENSEMBLE_Soy_PRCP_DEP/daily dia 14 (2026-08-25 → 2026-08-25) 52862 bytes
2026-08-11 09:33:27,175 [INFO] [OK] Brazil/GFS_ENSEMBLE_Soy_PRCP_DEP/cumulative dia 00 (2026-08-11 → 2026-08-11) 40531 bytes
2026-08-11 09:33:27,501 [INFO] [OK] Brazil/GFS_ENSEMBLE_Soy_PRCP_DEP/cumulative dia 01 (2026-08-11 → 2026-08-12) 42708 bytes
2026-08-11 09:33:27,879 [INFO] [OK] Brazil/GFS_ENSEMBLE_Soy_PRCP_DEP/cumulative dia 02 (2026-08-11 → 2026-08-13) 43051 bytes
2026-08-11 09:33:29,494 [INFO] [OK] Brazil/GFS_ENSEMBLE_Soy_PRCP_DEP/cumulative dia 03 (2026-08-11 → 2026-08-14) 43142 bytes
2026-08-11 09:33:30,485 [INFO] [OK] Brazil/GFS_ENSEMBLE_Soy_PRCP_DEP/cumulative dia 05 (2026-08-11 → 2026-08-16) 45430 bytes
2026-08-11 09:33:30,799 [INFO] [OK] Brazil/GFS_ENSEMBLE_Soy_PRCP_DEP/cumulative dia 04 (2026-08-11 → 2026-08-15) 44624 bytes
2026-08-11 09:33:31,262 [INFO] [OK] Brazil/GFS_ENSEMBLE_Soy_PRCP_DEP/cumulative dia 06 (2026-08-11 → 2026-08-17) 45850 bytes
2026-08-11 09:33:32,004 [INFO] [OK] Brazil/GFS_ENSEMBLE_Soy_PRCP_DEP/cumulative dia 07 (2026-08-11 → 2026-08-18) 47057 bytes
2026-08-11 09:33:32,899 [INFO] [OK] Brazil/GFS_ENSEMBLE_Soy_PRCP_DEP/cumulative dia 08 (2026-08-11 → 2026-08-19) 46850 bytes
2026-08-11 09:33:34,866 [INFO] [OK] Brazil/GFS_ENSEMBLE_Soy_PRCP_DEP/cumulative dia 09 (2026-08-11 → 2026-08-20) 47365 bytes
2026-08-11 09:33:35,321 [INFO] [OK] Brazil/GFS_ENSEMBLE_Soy_PRCP_DEP/cumulative dia 10 (2026-08-11 → 2026-08-21) 47784 bytes
2026-08-11 09:33:35,990 [INFO] [OK] Brazil/GFS_ENSEMBLE_Soy_PRCP_DEP/cumulative dia 11 (2026-08-11 → 2026-08-22) 48192 bytes
2026-08-11 09:33:36,356 [INFO] [OK] Brazil/GFS_ENSEMBLE_Soy_PRCP_DEP/cumulative dia 12 (2026-08-11 → 2026-08-23) 48362 bytes
2026-08-11 09:33:36,966 [INFO] [OK] Brazil/GFS_ENSEMBLE_Soy_PRCP/daily dia 00 (2026-08-11 → 2026-08-11) 30423 bytes
2026-08-11 09:33:37,362 [INFO] [OK] Brazil/GFS_ENSEMBLE_Soy_PRCP_DEP/cumulative dia 13 (2026-08-11 → 2026-08-24) 48258 bytes
2026-08-11 09:33:37,498 [INFO] [OK] Brazil/GFS_ENSEMBLE_Soy_PRCP/daily dia 01 (2026-08-12 → 2026-08-12) 30377 bytes
2026-08-11 09:33:38,068 [INFO] [OK] Brazil/GFS_ENSEMBLE_Soy_PRCP_DEP/cumulative dia 14 (2026-08-11 → 2026-08-25) 50549 bytes
2026-08-11 09:33:38,406 [INFO] [OK] Brazil/GFS_ENSEMBLE_Soy_PRCP/daily dia 03 (2026-08-14 → 2026-08-14) 29494 bytes
2026-08-11 09:33:38,406 [INFO] [OK] Brazil/GFS_ENSEMBLE_Soy_PRCP/daily dia 02 (2026-08-13 → 2026-08-13) 29730 bytes
2026-08-11 09:33:39,067 [INFO] [OK] Brazil/GFS_ENSEMBLE_Soy_PRCP/daily dia 06 (2026-08-17 → 2026-08-17) 31210 bytes
2026-08-11 09:33:39,067 [INFO] [OK] Brazil/GFS_ENSEMBLE_Soy_PRCP/daily dia 04 (2026-08-15 → 2026-08-15) 29779 bytes
2026-08-11 09:33:39,287 [INFO] [OK] Brazil/GFS_ENSEMBLE_Soy_PRCP/daily dia 05 (2026-08-16 → 2026-08-16) 30739 bytes
2026-08-11 09:33:39,592 [INFO] [OK] Brazil/GFS_ENSEMBLE_Soy_PRCP/daily dia 07 (2026-08-18 → 2026-08-18) 30932 bytes
2026-08-11 09:33:40,223 [INFO] [OK] Brazil/GFS_ENSEMBLE_Soy_PRCP/daily dia 09 (2026-08-20 → 2026-08-20) 30557 bytes
2026-08-11 09:33:40,271 [INFO] [OK] Brazil/GFS_ENSEMBLE_Soy_PRCP/daily dia 08 (2026-08-19 → 2026-08-19) 30940 bytes
2026-08-11 09:33:40,562 [INFO] [OK] Brazil/GFS_ENSEMBLE_Soy_PRCP/daily dia 11 (2026-08-22 → 2026-08-22) 28746 bytes
2026-08-11 09:33:40,667 [INFO] [OK] Brazil/GFS_ENSEMBLE_Soy_PRCP/daily dia 10 (2026-08-21 → 2026-08-21) 28985 bytes
2026-08-11 09:33:40,962 [INFO] [OK] Brazil/GFS_ENSEMBLE_Soy_PRCP/daily dia 12 (2026-08-23 → 2026-08-23) 29596 bytes
2026-08-11 09:33:41,069 [INFO] [OK] Brazil/GFS_ENSEMBLE_Soy_PRCP/daily dia 13 (2026-08-24 → 2026-08-24) 30225 bytes
2026-08-11 09:33:41,745 [INFO] [OK] Brazil/GFS_ENSEMBLE_Soy_PRCP/cumulative dia 00 (2026-08-11 → 2026-08-11) 30423 bytes
2026-08-11 09:33:41,837 [INFO] [OK] Brazil/GFS_ENSEMBLE_Soy_PRCP/daily dia 14 (2026-08-25 → 2026-08-25) 30173 bytes
2026-08-11 09:33:42,303 [INFO] [OK] Brazil/GFS_ENSEMBLE_Soy_PRCP/cumulative dia 01 (2026-08-11 → 2026-08-12) 32441 bytes
2026-08-11 09:33:42,594 [INFO] [OK] Brazil/GFS_ENSEMBLE_Soy_PRCP/cumulative dia 02 (2026-08-11 → 2026-08-13) 33710 bytes
2026-08-11 09:33:43,095 [INFO] [OK] Brazil/GFS_ENSEMBLE_Soy_PRCP/cumulative dia 03 (2026-08-11 → 2026-08-14) 34541 bytes
2026-08-11 09:33:43,315 [INFO] [OK] Brazil/GFS_ENSEMBLE_Soy_PRCP/cumulative dia 04 (2026-08-11 → 2026-08-15) 35232 bytes
2026-08-11 09:33:44,212 [INFO] [OK] Brazil/GFS_ENSEMBLE_Soy_PRCP/cumulative dia 05 (2026-08-11 → 2026-08-16) 36682 bytes
2026-08-11 09:33:44,403 [INFO] [OK] Brazil/GFS_ENSEMBLE_Soy_PRCP/cumulative dia 06 (2026-08-11 → 2026-08-17) 37768 bytes
2026-08-11 09:33:44,952 [INFO] [OK] Brazil/GFS_ENSEMBLE_Soy_PRCP/cumulative dia 07 (2026-08-11 → 2026-08-18) 38430 bytes
2026-08-11 09:33:45,575 [INFO] [OK] Brazil/GFS_ENSEMBLE_Soy_PRCP/cumulative dia 08 (2026-08-11 → 2026-08-19) 39441 bytes
2026-08-11 09:33:46,155 [INFO] [OK] Brazil/GFS_ENSEMBLE_Soy_PRCP/cumulative dia 09 (2026-08-11 → 2026-08-20) 39665 bytes
2026-08-11 09:33:46,788 [INFO] [OK] Brazil/GFS_ENSEMBLE_Soy_PRCP/cumulative dia 10 (2026-08-11 → 2026-08-21) 40315 bytes
2026-08-11 09:33:48,903 [INFO] [OK] Brazil/GFS_ENSEMBLE_Soy_PRCP/cumulative dia 11 (2026-08-11 → 2026-08-22) 40127 bytes
2026-08-11 09:33:48,992 [INFO] [OK] Brazil/GFS_ENSEMBLE_Corn_Winter_PRCP_DEP/daily dia 00 (2026-08-11 → 2026-08-11) 39202 bytes
2026-08-11 09:33:48,996 [INFO] [OK] Brazil/GFS_ENSEMBLE_Corn_Winter_PRCP_DEP/daily dia 01 (2026-08-12 → 2026-08-12) 39376 bytes
2026-08-11 09:33:49,003 [INFO] [OK] Brazil/GFS_ENSEMBLE_Soy_PRCP/cumulative dia 12 (2026-08-11 → 2026-08-23) 40679 bytes
2026-08-11 09:33:49,290 [INFO] [OK] Brazil/GFS_ENSEMBLE_Soy_PRCP/cumulative dia 13 (2026-08-11 → 2026-08-24) 40794 bytes
2026-08-11 09:33:50,033 [INFO] [OK] Brazil/GFS_ENSEMBLE_Soy_PRCP/cumulative dia 14 (2026-08-11 → 2026-08-25) 41236 bytes
2026-08-11 09:33:50,851 [INFO] [OK] Brazil/GFS_ENSEMBLE_Corn_Winter_PRCP_DEP/daily dia 02 (2026-08-13 → 2026-08-13) 38483 bytes
2026-08-11 09:33:51,403 [INFO] [OK] Brazil/GFS_ENSEMBLE_Corn_Winter_PRCP_DEP/daily dia 06 (2026-08-17 → 2026-08-17) 46545 bytes
2026-08-11 09:33:51,647 [INFO] [OK] Brazil/GFS_ENSEMBLE_Corn_Winter_PRCP_DEP/daily dia 04 (2026-08-15 → 2026-08-15) 41967 bytes
2026-08-11 09:33:51,986 [INFO] [OK] Brazil/GFS_ENSEMBLE_Corn_Winter_PRCP_DEP/daily dia 07 (2026-08-18 → 2026-08-18) 45711 bytes
2026-08-11 09:33:52,633 [INFO] [OK] Brazil/GFS_ENSEMBLE_Corn_Winter_PRCP_DEP/daily dia 03 (2026-08-14 → 2026-08-14) 37923 bytes
2026-08-11 09:33:52,676 [INFO] [OK] Brazil/GFS_ENSEMBLE_Corn_Winter_PRCP_DEP/daily dia 08 (2026-08-19 → 2026-08-19) 46213 bytes
2026-08-11 09:33:52,732 [INFO] [OK] Brazil/GFS_ENSEMBLE_Corn_Winter_PRCP_DEP/daily dia 05 (2026-08-16 → 2026-08-16) 42350 bytes
2026-08-11 09:33:53,078 [INFO] [OK] Brazil/GFS_ENSEMBLE_Corn_Winter_PRCP_DEP/daily dia 09 (2026-08-20 → 2026-08-20) 46126 bytes
2026-08-11 09:33:53,521 [INFO] [OK] Brazil/GFS_ENSEMBLE_Corn_Winter_PRCP_DEP/daily dia 10 (2026-08-21 → 2026-08-21) 41685 bytes
2026-08-11 09:33:53,580 [INFO] [OK] Brazil/GFS_ENSEMBLE_Corn_Winter_PRCP_DEP/daily dia 11 (2026-08-22 → 2026-08-22) 41861 bytes
2026-08-11 09:33:54,544 [INFO] [OK] Brazil/GFS_ENSEMBLE_Corn_Winter_PRCP_DEP/cumulative dia 00 (2026-08-11 → 2026-08-11) 39202 bytes
2026-08-11 09:33:54,594 [INFO] [OK] Brazil/GFS_ENSEMBLE_Corn_Winter_PRCP_DEP/daily dia 14 (2026-08-25 → 2026-08-25) 51244 bytes
2026-08-11 09:33:54,832 [INFO] [OK] Brazil/GFS_ENSEMBLE_Corn_Winter_PRCP_DEP/daily dia 12 (2026-08-23 → 2026-08-23) 45495 bytes
2026-08-11 09:33:54,884 [INFO] [OK] Brazil/GFS_ENSEMBLE_Corn_Winter_PRCP_DEP/daily dia 13 (2026-08-24 → 2026-08-24) 48528 bytes
2026-08-11 09:33:55,401 [INFO] [OK] Brazil/GFS_ENSEMBLE_Corn_Winter_PRCP_DEP/cumulative dia 02 (2026-08-11 → 2026-08-13) 41757 bytes
2026-08-11 09:33:55,403 [INFO] [OK] Brazil/GFS_ENSEMBLE_Corn_Winter_PRCP_DEP/cumulative dia 01 (2026-08-11 → 2026-08-12) 41331 bytes
2026-08-11 09:33:56,438 [INFO] [OK] Brazil/GFS_ENSEMBLE_Corn_Winter_PRCP_DEP/cumulative dia 03 (2026-08-11 → 2026-08-14) 41756 bytes
2026-08-11 09:33:56,538 [INFO] [OK] Brazil/GFS_ENSEMBLE_Corn_Winter_PRCP_DEP/cumulative dia 04 (2026-08-11 → 2026-08-15) 43199 bytes
2026-08-11 09:33:57,083 [INFO] [OK] Brazil/GFS_ENSEMBLE_Corn_Winter_PRCP_DEP/cumulative dia 05 (2026-08-11 → 2026-08-16) 44000 bytes
2026-08-11 09:33:57,411 [INFO] [OK] Brazil/GFS_ENSEMBLE_Corn_Winter_PRCP_DEP/cumulative dia 06 (2026-08-11 → 2026-08-17) 44419 bytes
2026-08-11 09:33:57,792 [INFO] [OK] Brazil/GFS_ENSEMBLE_Corn_Winter_PRCP_DEP/cumulative dia 07 (2026-08-11 → 2026-08-18) 45575 bytes
2026-08-11 09:33:57,997 [INFO] [OK] Brazil/GFS_ENSEMBLE_Corn_Winter_PRCP_DEP/cumulative dia 08 (2026-08-11 → 2026-08-19) 45452 bytes
2026-08-11 09:33:59,002 [INFO] [OK] Brazil/GFS_ENSEMBLE_Corn_Winter_PRCP_DEP/cumulative dia 09 (2026-08-11 → 2026-08-20) 45903 bytes
2026-08-11 09:33:59,031 [INFO] [OK] Brazil/GFS_ENSEMBLE_Corn_Winter_PRCP_DEP/cumulative dia 10 (2026-08-11 → 2026-08-21) 46337 bytes
2026-08-11 09:34:01,010 [INFO] [OK] Brazil/GFS_ENSEMBLE_Corn_Winter_PRCP_DEP/cumulative dia 11 (2026-08-11 → 2026-08-22) 46743 bytes
2026-08-11 09:34:01,019 [INFO] [OK] Brazil/GFS_ENSEMBLE_Corn_Winter_PRCP_DEP/cumulative dia 12 (2026-08-11 → 2026-08-23) 46973 bytes
2026-08-11 09:34:01,116 [INFO] [OK] Brazil/GFS_ENSEMBLE_Corn_Winter_PRCP/daily dia 00 (2026-08-11 → 2026-08-11) 28968 bytes
2026-08-11 09:34:01,178 [INFO] [OK] Brazil/GFS_ENSEMBLE_Corn_Winter_PRCP/daily dia 01 (2026-08-12 → 2026-08-12) 28695 bytes
2026-08-11 09:34:01,504 [INFO] [OK] Brazil/GFS_ENSEMBLE_Corn_Winter_PRCP_DEP/cumulative dia 13 (2026-08-11 → 2026-08-24) 46701 bytes
2026-08-11 09:34:01,726 [INFO] [OK] Brazil/GFS_ENSEMBLE_Corn_Winter_PRCP_DEP/cumulative dia 14 (2026-08-11 → 2026-08-25) 48818 bytes
2026-08-11 09:34:02,727 [INFO] [OK] Brazil/GFS_ENSEMBLE_Corn_Winter_PRCP/daily dia 05 (2026-08-16 → 2026-08-16) 28851 bytes
2026-08-11 09:34:03,089 [INFO] [OK] Brazil/GFS_ENSEMBLE_Corn_Winter_PRCP/daily dia 04 (2026-08-15 → 2026-08-15) 28275 bytes
2026-08-11 09:34:03,090 [INFO] [OK] Brazil/GFS_ENSEMBLE_Corn_Winter_PRCP/daily dia 06 (2026-08-17 → 2026-08-17) 29537 bytes
2026-08-11 09:34:03,090 [INFO] [OK] Brazil/GFS_ENSEMBLE_Corn_Winter_PRCP/daily dia 03 (2026-08-14 → 2026-08-14) 27834 bytes
2026-08-11 09:34:03,141 [INFO] [OK] Brazil/GFS_ENSEMBLE_Corn_Winter_PRCP/daily dia 02 (2026-08-13 → 2026-08-13) 28037 bytes
2026-08-11 09:34:03,342 [INFO] [OK] Brazil/GFS_ENSEMBLE_Corn_Winter_PRCP/daily dia 07 (2026-08-18 → 2026-08-18) 29191 bytes
2026-08-11 09:34:04,172 [INFO] [OK] Brazil/GFS_ENSEMBLE_Corn_Winter_PRCP/daily dia 08 (2026-08-19 → 2026-08-19) 29329 bytes
2026-08-11 09:34:04,712 [INFO] [OK] Brazil/GFS_ENSEMBLE_Corn_Winter_PRCP/daily dia 11 (2026-08-22 → 2026-08-22) 27163 bytes
2026-08-11 09:34:04,725 [INFO] [OK] Brazil/GFS_ENSEMBLE_Corn_Winter_PRCP/daily dia 09 (2026-08-20 → 2026-08-20) 28792 bytes
2026-08-11 09:34:04,727 [INFO] [OK] Brazil/GFS_ENSEMBLE_Corn_Winter_PRCP/daily dia 10 (2026-08-21 → 2026-08-21) 27391 bytes
2026-08-11 09:34:04,734 [INFO] [OK] Brazil/GFS_ENSEMBLE_Corn_Winter_PRCP/daily dia 12 (2026-08-23 → 2026-08-23) 28003 bytes
2026-08-11 09:34:04,941 [INFO] [OK] Brazil/GFS_ENSEMBLE_Corn_Winter_PRCP/daily dia 13 (2026-08-24 → 2026-08-24) 28755 bytes
2026-08-11 09:34:05,481 [INFO] [OK] Brazil/GFS_ENSEMBLE_Corn_Winter_PRCP/daily dia 14 (2026-08-25 → 2026-08-25) 28662 bytes
2026-08-11 09:34:06,739 [INFO] [OK] Brazil/GFS_ENSEMBLE_Corn_Winter_PRCP/cumulative dia 01 (2026-08-11 → 2026-08-12) 30960 bytes
2026-08-11 09:34:07,345 [INFO] [OK] Brazil/GFS_ENSEMBLE_Corn_Winter_PRCP/cumulative dia 00 (2026-08-11 → 2026-08-11) 28968 bytes
2026-08-11 09:34:07,369 [INFO] [OK] Brazil/GFS_ENSEMBLE_Corn_Winter_PRCP/cumulative dia 04 (2026-08-11 → 2026-08-15) 33733 bytes
2026-08-11 09:34:07,371 [INFO] [OK] Brazil/GFS_ENSEMBLE_Corn_Winter_PRCP/cumulative dia 03 (2026-08-11 → 2026-08-14) 33118 bytes
2026-08-11 09:34:07,372 [INFO] [OK] Brazil/GFS_ENSEMBLE_Corn_Winter_PRCP/cumulative dia 02 (2026-08-11 → 2026-08-13) 32197 bytes
2026-08-11 09:34:07,820 [INFO] [OK] Brazil/GFS_ENSEMBLE_Corn_Winter_PRCP/cumulative dia 05 (2026-08-11 → 2026-08-16) 35131 bytes
2026-08-11 09:34:08,718 [INFO] [OK] Brazil/GFS_ENSEMBLE_Corn_Winter_PRCP/cumulative dia 06 (2026-08-11 → 2026-08-17) 36254 bytes
2026-08-11 09:34:09,807 [INFO] [OK] Brazil/GFS_ENSEMBLE_Corn_Winter_PRCP/cumulative dia 09 (2026-08-11 → 2026-08-20) 38095 bytes
2026-08-11 09:34:10,165 [INFO] [OK] Brazil/GFS_ENSEMBLE_Corn_Winter_PRCP/cumulative dia 07 (2026-08-11 → 2026-08-18) 36833 bytes
2026-08-11 09:34:10,583 [INFO] [OK] Brazil/GFS_ENSEMBLE_Corn_Winter_PRCP/cumulative dia 10 (2026-08-11 → 2026-08-21) 38807 bytes
2026-08-11 09:34:10,730 [INFO] [OK] Brazil/GFS_ENSEMBLE_Corn_Winter_PRCP/cumulative dia 08 (2026-08-11 → 2026-08-19) 37759 bytes
2026-08-11 09:34:10,732 [INFO] [OK] Brazil/GFS_ENSEMBLE_Corn_Winter_PRCP/cumulative dia 11 (2026-08-11 → 2026-08-22) 38551 bytes
2026-08-11 09:34:11,010 [INFO] [OK] Brazil/GFS_ENSEMBLE_Corn_Winter_PRCP/cumulative dia 12 (2026-08-11 → 2026-08-23) 39102 bytes
2026-08-11 09:34:12,158 [INFO] [OK] Brazil/GFS_ENSEMBLE_Corn_Winter_PRCP/cumulative dia 13 (2026-08-11 → 2026-08-24) 39515 bytes
2026-08-11 09:34:12,320 [INFO] [OK] Brazil/ECM_ENSEMBLE_Soy_PRCP_DEP/daily dia 02 (2026-08-13 → 2026-08-13) 47938 bytes
2026-08-11 09:34:12,333 [INFO] [OK] Brazil/ECM_ENSEMBLE_Soy_PRCP_DEP/daily dia 01 (2026-08-12 → 2026-08-12) 48222 bytes
2026-08-11 09:34:12,334 [INFO] [OK] Brazil/ECM_ENSEMBLE_Soy_PRCP_DEP/daily dia 00 (2026-08-11 → 2026-08-11) 47944 bytes
2026-08-11 09:34:12,437 [INFO] [OK] Brazil/ECM_ENSEMBLE_Soy_PRCP_DEP/daily dia 03 (2026-08-14 → 2026-08-14) 47117 bytes
2026-08-11 09:34:12,655 [INFO] [OK] Brazil/GFS_ENSEMBLE_Corn_Winter_PRCP/cumulative dia 14 (2026-08-11 → 2026-08-25) 39660 bytes
2026-08-11 09:34:13,943 [INFO] [OK] Brazil/ECM_ENSEMBLE_Soy_PRCP_DEP/daily dia 04 (2026-08-15 → 2026-08-15) 46912 bytes
2026-08-11 09:34:14,113 [INFO] [OK] Brazil/ECM_ENSEMBLE_Soy_PRCP_DEP/daily dia 09 (2026-08-20 → 2026-08-20) 48421 bytes
2026-08-11 09:34:14,428 [INFO] [OK] Brazil/ECM_ENSEMBLE_Soy_PRCP_DEP/daily dia 08 (2026-08-19 → 2026-08-19) 46342 bytes
2026-08-11 09:34:14,436 [INFO] [OK] Brazil/ECM_ENSEMBLE_Soy_PRCP_DEP/daily dia 06 (2026-08-17 → 2026-08-17) 47854 bytes
2026-08-11 09:34:14,443 [INFO] [OK] Brazil/ECM_ENSEMBLE_Soy_PRCP_DEP/daily dia 05 (2026-08-16 → 2026-08-16) 47669 bytes
2026-08-11 09:34:14,507 [INFO] [OK] Brazil/ECM_ENSEMBLE_Soy_PRCP_DEP/daily dia 07 (2026-08-18 → 2026-08-18) 46007 bytes
2026-08-11 09:34:15,456 [INFO] [OK] Brazil/ECM_ENSEMBLE_Soy_PRCP_DEP/daily dia 10 (2026-08-21 → 2026-08-21) 44011 bytes
2026-08-11 09:34:15,524 [INFO] [OK] Brazil/ECM_ENSEMBLE_Soy_PRCP_DEP/daily dia 11 (2026-08-22 → 2026-08-22) 46615 bytes
2026-08-11 09:34:15,876 [INFO] [OK] Brazil/ECM_ENSEMBLE_Soy_PRCP_DEP/daily dia 13 (2026-08-24 → 2026-08-24) 51288 bytes
2026-08-11 09:34:15,888 [INFO] [OK] Brazil/ECM_ENSEMBLE_Soy_PRCP_DEP/daily dia 14 (2026-08-25 → 2026-08-25) 51991 bytes
2026-08-11 09:34:15,902 [INFO] [OK] Brazil/ECM_ENSEMBLE_Soy_PRCP_DEP/daily dia 12 (2026-08-23 → 2026-08-23) 49848 bytes
2026-08-11 09:34:15,915 [INFO] [OK] Brazil/ECM_ENSEMBLE_Soy_PRCP_DEP/cumulative dia 00 (2026-08-11 → 2026-08-11) 47944 bytes
2026-08-11 09:34:18,040 [INFO] [OK] Brazil/ECM_ENSEMBLE_Soy_PRCP_DEP/cumulative dia 01 (2026-08-11 → 2026-08-12) 49443 bytes
2026-08-11 09:34:18,282 [INFO] [OK] Brazil/ECM_ENSEMBLE_Soy_PRCP_DEP/cumulative dia 02 (2026-08-11 → 2026-08-13) 50582 bytes
2026-08-11 09:34:18,748 [INFO] [OK] Brazil/ECM_ENSEMBLE_Soy_PRCP_DEP/cumulative dia 05 (2026-08-11 → 2026-08-16) 50770 bytes
2026-08-11 09:34:18,759 [INFO] [OK] Brazil/ECM_ENSEMBLE_Soy_PRCP_DEP/cumulative dia 06 (2026-08-11 → 2026-08-17) 50480 bytes
2026-08-11 09:34:18,860 [INFO] [OK] Brazil/ECM_ENSEMBLE_Soy_PRCP_DEP/cumulative dia 03 (2026-08-11 → 2026-08-14) 51642 bytes
2026-08-11 09:34:18,886 [INFO] [OK] Brazil/ECM_ENSEMBLE_Soy_PRCP_DEP/cumulative dia 04 (2026-08-11 → 2026-08-15) 51760 bytes
2026-08-11 09:34:20,234 [INFO] [OK] Brazil/ECM_ENSEMBLE_Soy_PRCP_DEP/cumulative dia 07 (2026-08-11 → 2026-08-18) 50106 bytes
2026-08-11 09:34:20,457 [INFO] [OK] Brazil/ECM_ENSEMBLE_Soy_PRCP_DEP/cumulative dia 08 (2026-08-11 → 2026-08-19) 49673 bytes
2026-08-11 09:34:21,085 [INFO] [OK] Brazil/ECM_ENSEMBLE_Soy_PRCP_DEP/cumulative dia 09 (2026-08-11 → 2026-08-20) 50169 bytes
2026-08-11 09:34:21,357 [INFO] [OK] Brazil/ECM_ENSEMBLE_Soy_PRCP_DEP/cumulative dia 11 (2026-08-11 → 2026-08-22) 50630 bytes
2026-08-11 09:34:21,539 [INFO] [OK] Brazil/ECM_ENSEMBLE_Soy_PRCP_DEP/cumulative dia 10 (2026-08-11 → 2026-08-21) 50857 bytes
2026-08-11 09:34:21,842 [INFO] [OK] Brazil/ECM_ENSEMBLE_Soy_PRCP_DEP/cumulative dia 12 (2026-08-11 → 2026-08-23) 50681 bytes
2026-08-11 09:34:22,522 [INFO] [OK] Brazil/ECM_ENSEMBLE_Soy_PRCP_DEP/cumulative dia 13 (2026-08-11 → 2026-08-24) 50791 bytes
2026-08-11 09:34:23,125 [INFO] [OK] Brazil/ECM_ENSEMBLE_Soy_PRCP/daily dia 02 (2026-08-13 → 2026-08-13) 30881 bytes
2026-08-11 09:34:23,149 [INFO] [OK] Brazil/ECM_ENSEMBLE_Soy_PRCP_DEP/cumulative dia 14 (2026-08-11 → 2026-08-25) 51479 bytes
2026-08-11 09:34:23,160 [INFO] [OK] Brazil/ECM_ENSEMBLE_Soy_PRCP/daily dia 00 (2026-08-11 → 2026-08-11) 32040 bytes
2026-08-11 09:34:23,224 [INFO] [OK] Brazil/ECM_ENSEMBLE_Soy_PRCP/daily dia 01 (2026-08-12 → 2026-08-12) 31361 bytes
2026-08-11 09:34:23,282 [INFO] [OK] Brazil/ECM_ENSEMBLE_Soy_PRCP/daily dia 03 (2026-08-14 → 2026-08-14) 31035 bytes
2026-08-11 09:34:23,926 [INFO] [OK] Brazil/ECM_ENSEMBLE_Soy_PRCP/daily dia 04 (2026-08-15 → 2026-08-15) 31271 bytes
2026-08-11 09:34:24,939 [INFO] [OK] Brazil/ECM_ENSEMBLE_Soy_PRCP/daily dia 06 (2026-08-17 → 2026-08-17) 33606 bytes
2026-08-11 09:34:24,940 [INFO] [OK] Brazil/ECM_ENSEMBLE_Soy_PRCP/daily dia 09 (2026-08-20 → 2026-08-20) 30495 bytes
2026-08-11 09:34:24,950 [INFO] [OK] Brazil/ECM_ENSEMBLE_Soy_PRCP/daily dia 05 (2026-08-16 → 2026-08-16) 34228 bytes
2026-08-11 09:34:24,949 [INFO] [OK] Brazil/ECM_ENSEMBLE_Soy_PRCP/daily dia 07 (2026-08-18 → 2026-08-18) 32393 bytes
2026-08-11 09:34:24,977 [INFO] [OK] Brazil/ECM_ENSEMBLE_Soy_PRCP/daily dia 08 (2026-08-19 → 2026-08-19) 31474 bytes
2026-08-11 09:34:25,245 [INFO] [OK] Brazil/ECM_ENSEMBLE_Soy_PRCP/daily dia 10 (2026-08-21 → 2026-08-21) 28924 bytes
2026-08-11 09:34:26,307 [INFO] [OK] Brazil/ECM_ENSEMBLE_Soy_PRCP/daily dia 12 (2026-08-23 → 2026-08-23) 30510 bytes
2026-08-11 09:34:26,427 [INFO] [OK] Brazil/ECM_ENSEMBLE_Soy_PRCP/daily dia 13 (2026-08-24 → 2026-08-24) 30942 bytes
2026-08-11 09:34:26,600 [INFO] [OK] Brazil/ECM_ENSEMBLE_Soy_PRCP/cumulative dia 00 (2026-08-11 → 2026-08-11) 32040 bytes
2026-08-11 09:34:26,615 [INFO] [OK] Brazil/ECM_ENSEMBLE_Soy_PRCP/daily dia 14 (2026-08-25 → 2026-08-25) 30159 bytes
2026-08-11 09:34:26,654 [INFO] [OK] Brazil/ECM_ENSEMBLE_Soy_PRCP/daily dia 11 (2026-08-22 → 2026-08-22) 29447 bytes
2026-08-11 09:34:26,702 [INFO] [OK] Brazil/ECM_ENSEMBLE_Soy_PRCP/cumulative dia 01 (2026-08-11 → 2026-08-12) 34166 bytes
2026-08-11 09:34:27,856 [INFO] [OK] Brazil/ECM_ENSEMBLE_Soy_PRCP/cumulative dia 02 (2026-08-11 → 2026-08-13) 35993 bytes
2026-08-11 09:34:28,241 [INFO] [OK] Brazil/ECM_ENSEMBLE_Soy_PRCP/cumulative dia 03 (2026-08-11 → 2026-08-14) 37701 bytes
2026-08-11 09:34:28,295 [INFO] [OK] Brazil/ECM_ENSEMBLE_Soy_PRCP/cumulative dia 05 (2026-08-11 → 2026-08-16) 39233 bytes
2026-08-11 09:34:28,490 [INFO] [OK] Brazil/ECM_ENSEMBLE_Soy_PRCP/cumulative dia 04 (2026-08-11 → 2026-08-15) 38061 bytes
2026-08-11 09:34:28,552 [INFO] [OK] Brazil/ECM_ENSEMBLE_Soy_PRCP/cumulative dia 06 (2026-08-11 → 2026-08-17) 40493 bytes
2026-08-11 09:34:28,777 [INFO] [OK] Brazil/ECM_ENSEMBLE_Soy_PRCP/cumulative dia 07 (2026-08-11 → 2026-08-18) 41665 bytes
2026-08-11 09:34:29,840 [INFO] [OK] Brazil/ECM_ENSEMBLE_Soy_PRCP/cumulative dia 08 (2026-08-11 → 2026-08-19) 42007 bytes
2026-08-11 09:34:30,311 [INFO] [OK] Brazil/ECM_ENSEMBLE_Soy_PRCP/cumulative dia 09 (2026-08-11 → 2026-08-20) 42497 bytes
2026-08-11 09:34:30,455 [INFO] [OK] Brazil/ECM_ENSEMBLE_Soy_PRCP/cumulative dia 10 (2026-08-11 → 2026-08-21) 42827 bytes
2026-08-11 09:34:31,111 [INFO] [OK] Brazil/ECM_ENSEMBLE_Soy_PRCP/cumulative dia 11 (2026-08-11 → 2026-08-22) 42939 bytes
2026-08-11 09:34:31,135 [INFO] [OK] Brazil/ECM_ENSEMBLE_Soy_PRCP/cumulative dia 12 (2026-08-11 → 2026-08-23) 43163 bytes
2026-08-11 09:34:31,293 [INFO] [OK] Brazil/ECM_ENSEMBLE_Soy_PRCP/cumulative dia 13 (2026-08-11 → 2026-08-24) 43628 bytes
2026-08-11 09:34:31,725 [INFO] [OK] Brazil/ECM_ENSEMBLE_Corn_Winter_PRCP_DEP/daily dia 00 (2026-08-11 → 2026-08-11) 46554 bytes
2026-08-11 09:34:31,883 [INFO] [OK] Brazil/ECM_ENSEMBLE_Corn_Winter_PRCP_DEP/daily dia 01 (2026-08-12 → 2026-08-12) 46634 bytes
2026-08-11 09:34:32,413 [INFO] [OK] Brazil/ECM_ENSEMBLE_Soy_PRCP/cumulative dia 14 (2026-08-11 → 2026-08-25) 43785 bytes
2026-08-11 09:34:32,689 [INFO] [OK] Brazil/ECM_ENSEMBLE_Corn_Winter_PRCP_DEP/daily dia 02 (2026-08-13 → 2026-08-13) 46437 bytes
2026-08-11 09:34:32,722 [INFO] [OK] Brazil/ECM_ENSEMBLE_Corn_Winter_PRCP_DEP/daily dia 03 (2026-08-14 → 2026-08-14) 45614 bytes
2026-08-11 09:34:32,722 [INFO] [OK] Brazil/ECM_ENSEMBLE_Corn_Winter_PRCP_DEP/daily dia 04 (2026-08-15 → 2026-08-15) 45454 bytes
2026-08-11 09:34:33,219 [INFO] [OK] Brazil/ECM_ENSEMBLE_Corn_Winter_PRCP_DEP/daily dia 05 (2026-08-16 → 2026-08-16) 46125 bytes
2026-08-11 09:34:33,354 [INFO] [OK] Brazil/ECM_ENSEMBLE_Corn_Winter_PRCP_DEP/daily dia 06 (2026-08-17 → 2026-08-17) 46349 bytes
2026-08-11 09:34:34,203 [INFO] [OK] Brazil/ECM_ENSEMBLE_Corn_Winter_PRCP_DEP/daily dia 07 (2026-08-18 → 2026-08-18) 44430 bytes
2026-08-11 09:34:34,234 [INFO] [OK] Brazil/ECM_ENSEMBLE_Corn_Winter_PRCP_DEP/daily dia 10 (2026-08-21 → 2026-08-21) 42630 bytes
2026-08-11 09:34:34,365 [INFO] [OK] Brazil/ECM_ENSEMBLE_Corn_Winter_PRCP_DEP/daily dia 09 (2026-08-20 → 2026-08-20) 47140 bytes
2026-08-11 09:34:34,465 [INFO] [OK] Brazil/ECM_ENSEMBLE_Corn_Winter_PRCP_DEP/daily dia 08 (2026-08-19 → 2026-08-19) 45101 bytes
2026-08-11 09:34:34,592 [INFO] [OK] Brazil/ECM_ENSEMBLE_Corn_Winter_PRCP_DEP/daily dia 11 (2026-08-22 → 2026-08-22) 44842 bytes
2026-08-11 09:34:34,710 [INFO] [OK] Brazil/ECM_ENSEMBLE_Corn_Winter_PRCP_DEP/daily dia 12 (2026-08-23 → 2026-08-23) 48162 bytes
2026-08-11 09:34:35,686 [INFO] [OK] Brazil/ECM_ENSEMBLE_Corn_Winter_PRCP_DEP/daily dia 14 (2026-08-25 → 2026-08-25) 50591 bytes
2026-08-11 09:34:35,729 [INFO] [OK] Brazil/ECM_ENSEMBLE_Corn_Winter_PRCP_DEP/daily dia 13 (2026-08-24 → 2026-08-24) 49698 bytes
2026-08-11 09:34:35,774 [INFO] [OK] Brazil/ECM_ENSEMBLE_Corn_Winter_PRCP_DEP/cumulative dia 00 (2026-08-11 → 2026-08-11) 46554 bytes
2026-08-11 09:34:36,068 [INFO] [OK] Brazil/ECM_ENSEMBLE_Corn_Winter_PRCP_DEP/cumulative dia 01 (2026-08-11 → 2026-08-12) 47877 bytes
2026-08-11 09:34:36,214 [INFO] [OK] Brazil/ECM_ENSEMBLE_Corn_Winter_PRCP_DEP/cumulative dia 02 (2026-08-11 → 2026-08-13) 48964 bytes
2026-08-11 09:34:36,333 [INFO] [OK] Brazil/ECM_ENSEMBLE_Corn_Winter_PRCP_DEP/cumulative dia 03 (2026-08-11 → 2026-08-14) 50127 bytes
2026-08-11 09:34:37,395 [INFO] [OK] Brazil/ECM_ENSEMBLE_Corn_Winter_PRCP_DEP/cumulative dia 04 (2026-08-11 → 2026-08-15) 50312 bytes
2026-08-11 09:34:37,509 [INFO] [OK] Brazil/ECM_ENSEMBLE_Corn_Winter_PRCP_DEP/cumulative dia 05 (2026-08-11 → 2026-08-16) 49420 bytes
2026-08-11 09:34:37,647 [INFO] [OK] Brazil/ECM_ENSEMBLE_Corn_Winter_PRCP_DEP/cumulative dia 06 (2026-08-11 → 2026-08-17) 49291 bytes
2026-08-11 09:34:38,121 [INFO] [OK] Brazil/ECM_ENSEMBLE_Corn_Winter_PRCP_DEP/cumulative dia 07 (2026-08-11 → 2026-08-18) 48768 bytes
2026-08-11 09:34:38,392 [INFO] [OK] Brazil/ECM_ENSEMBLE_Corn_Winter_PRCP_DEP/cumulative dia 09 (2026-08-11 → 2026-08-20) 48910 bytes
2026-08-11 09:34:38,535 [INFO] [OK] Brazil/ECM_ENSEMBLE_Corn_Winter_PRCP_DEP/cumulative dia 08 (2026-08-11 → 2026-08-19) 48337 bytes
2026-08-11 09:34:39,569 [INFO] [OK] Brazil/ECM_ENSEMBLE_Corn_Winter_PRCP_DEP/cumulative dia 10 (2026-08-11 → 2026-08-21) 49444 bytes
2026-08-11 09:34:39,792 [INFO] [OK] Brazil/ECM_ENSEMBLE_Corn_Winter_PRCP_DEP/cumulative dia 11 (2026-08-11 → 2026-08-22) 49209 bytes
2026-08-11 09:34:39,877 [INFO] [OK] Brazil/ECM_ENSEMBLE_Corn_Winter_PRCP_DEP/cumulative dia 12 (2026-08-11 → 2026-08-23) 49292 bytes
2026-08-11 09:34:39,944 [INFO] [OK] Brazil/ECM_ENSEMBLE_Corn_Winter_PRCP/daily dia 00 (2026-08-11 → 2026-08-11) 30680 bytes
2026-08-11 09:34:40,545 [INFO] [OK] Brazil/ECM_ENSEMBLE_Corn_Winter_PRCP_DEP/cumulative dia 13 (2026-08-11 → 2026-08-24) 49449 bytes
2026-08-11 09:34:40,998 [INFO] [OK] Brazil/ECM_ENSEMBLE_Corn_Winter_PRCP_DEP/cumulative dia 14 (2026-08-11 → 2026-08-25) 50073 bytes
2026-08-11 09:34:41,012 [INFO] [OK] Brazil/ECM_ENSEMBLE_Corn_Winter_PRCP/daily dia 01 (2026-08-12 → 2026-08-12) 29736 bytes
2026-08-11 09:34:41,217 [INFO] [OK] Brazil/ECM_ENSEMBLE_Corn_Winter_PRCP/daily dia 03 (2026-08-14 → 2026-08-14) 29406 bytes
2026-08-11 09:34:41,239 [INFO] [OK] Brazil/ECM_ENSEMBLE_Corn_Winter_PRCP/daily dia 02 (2026-08-13 → 2026-08-13) 29389 bytes
2026-08-11 09:34:41,255 [INFO] [OK] Brazil/ECM_ENSEMBLE_Corn_Winter_PRCP/daily dia 04 (2026-08-15 → 2026-08-15) 29808 bytes
2026-08-11 09:34:41,887 [INFO] [OK] Brazil/ECM_ENSEMBLE_Corn_Winter_PRCP/daily dia 05 (2026-08-16 → 2026-08-16) 32322 bytes
2026-08-11 09:34:42,431 [INFO] [OK] Brazil/ECM_ENSEMBLE_Corn_Winter_PRCP/daily dia 07 (2026-08-18 → 2026-08-18) 30661 bytes
2026-08-11 09:34:42,586 [INFO] [OK] Brazil/ECM_ENSEMBLE_Corn_Winter_PRCP/daily dia 08 (2026-08-19 → 2026-08-19) 30001 bytes
2026-08-11 09:34:42,586 [INFO] [OK] Brazil/ECM_ENSEMBLE_Corn_Winter_PRCP/daily dia 06 (2026-08-17 → 2026-08-17) 31959 bytes
2026-08-11 09:34:42,592 [INFO] [OK] Brazil/ECM_ENSEMBLE_Corn_Winter_PRCP/daily dia 10 (2026-08-21 → 2026-08-21) 27393 bytes
2026-08-11 09:34:42,648 [INFO] [OK] Brazil/ECM_ENSEMBLE_Corn_Winter_PRCP/daily dia 09 (2026-08-20 → 2026-08-20) 29016 bytes
2026-08-11 09:34:43,341 [INFO] [OK] Brazil/ECM_ENSEMBLE_Corn_Winter_PRCP/daily dia 11 (2026-08-22 → 2026-08-22) 27735 bytes
2026-08-11 09:34:43,810 [INFO] [OK] Brazil/ECM_ENSEMBLE_Corn_Winter_PRCP/daily dia 12 (2026-08-23 → 2026-08-23) 28891 bytes
2026-08-11 09:34:43,949 [INFO] [OK] Brazil/ECM_ENSEMBLE_Corn_Winter_PRCP/daily dia 14 (2026-08-25 → 2026-08-25) 28734 bytes
2026-08-11 09:34:43,960 [INFO] [OK] Brazil/ECM_ENSEMBLE_Corn_Winter_PRCP/daily dia 13 (2026-08-24 → 2026-08-24) 29425 bytes
2026-08-11 09:34:44,045 [INFO] [OK] Brazil/ECM_ENSEMBLE_Corn_Winter_PRCP/cumulative dia 00 (2026-08-11 → 2026-08-11) 30680 bytes
2026-08-11 09:34:44,164 [INFO] [OK] Brazil/ECM_ENSEMBLE_Corn_Winter_PRCP/cumulative dia 01 (2026-08-11 → 2026-08-12) 32707 bytes
2026-08-11 09:34:45,488 [INFO] [OK] Brazil/ECM_ENSEMBLE_Corn_Winter_PRCP/cumulative dia 02 (2026-08-11 → 2026-08-13) 34687 bytes
2026-08-11 09:34:45,560 [INFO] [OK] Brazil/ECM_ENSEMBLE_Corn_Winter_PRCP/cumulative dia 03 (2026-08-11 → 2026-08-14) 36233 bytes
2026-08-11 09:34:45,689 [INFO] [OK] Brazil/ECM_ENSEMBLE_Corn_Winter_PRCP/cumulative dia 04 (2026-08-11 → 2026-08-15) 36523 bytes
2026-08-11 09:34:45,951 [INFO] [OK] Brazil/ECM_ENSEMBLE_Corn_Winter_PRCP/cumulative dia 05 (2026-08-11 → 2026-08-16) 37651 bytes
2026-08-11 09:34:46,142 [INFO] [OK] Brazil/ECM_ENSEMBLE_Corn_Winter_PRCP/cumulative dia 06 (2026-08-11 → 2026-08-17) 38953 bytes
2026-08-11 09:34:46,176 [INFO] [OK] Brazil/ECM_ENSEMBLE_Corn_Winter_PRCP/cumulative dia 07 (2026-08-11 → 2026-08-18) 39993 bytes
2026-08-11 09:34:47,853 [INFO] [OK] Brazil/ECM_ENSEMBLE_Corn_Winter_PRCP/cumulative dia 08 (2026-08-11 → 2026-08-19) 40437 bytes
2026-08-11 09:34:48,052 [INFO] [OK] Brazil/ECM_ENSEMBLE_Corn_Winter_PRCP/cumulative dia 10 (2026-08-11 → 2026-08-21) 41217 bytes
2026-08-11 09:34:48,129 [INFO] [OK] Brazil/ECM_ENSEMBLE_Corn_Winter_PRCP/cumulative dia 09 (2026-08-11 → 2026-08-20) 40940 bytes
2026-08-11 09:34:48,318 [INFO] [OK] Brazil/ECM_ENSEMBLE_Corn_Winter_PRCP/cumulative dia 11 (2026-08-11 → 2026-08-22) 41338 bytes
2026-08-11 09:34:48,512 [INFO] [OK] Brazil/ECM_ENSEMBLE_Corn_Winter_PRCP/cumulative dia 12 (2026-08-11 → 2026-08-23) 41507 bytes
2026-08-11 09:34:48,513 [INFO] [OK] Brazil/ECM_ENSEMBLE_Corn_Winter_PRCP/cumulative dia 13 (2026-08-11 → 2026-08-24) 42035 bytes
2026-08-11 09:34:49,222 [INFO] [OK] Argentina/GFS_ENSEMBLE_Soy_PRCP_DEP/daily dia 00 (2026-08-11 → 2026-08-11) 35469 bytes
2026-08-11 09:34:49,223 [INFO] [OK] Argentina/GFS_ENSEMBLE_Soy_PRCP_DEP/daily dia 01 (2026-08-12 → 2026-08-12) 36896 bytes
2026-08-11 09:34:50,048 [INFO] [OK] Argentina/GFS_ENSEMBLE_Soy_PRCP_DEP/daily dia 02 (2026-08-13 → 2026-08-13) 36054 bytes
2026-08-11 09:34:50,566 [INFO] [OK] Argentina/GFS_ENSEMBLE_Soy_PRCP_DEP/daily dia 05 (2026-08-16 → 2026-08-16) 37154 bytes
2026-08-11 09:34:50,895 [INFO] [OK] Brazil/ECM_ENSEMBLE_Corn_Winter_PRCP/cumulative dia 14 (2026-08-11 → 2026-08-25) 42240 bytes
2026-08-11 09:34:50,899 [INFO] [OK] Argentina/GFS_ENSEMBLE_Soy_PRCP_DEP/daily dia 03 (2026-08-14 → 2026-08-14) 35505 bytes
2026-08-11 09:34:51,087 [INFO] [OK] Argentina/GFS_ENSEMBLE_Soy_PRCP_DEP/daily dia 06 (2026-08-17 → 2026-08-17) 39830 bytes
2026-08-11 09:34:51,103 [INFO] [OK] Argentina/GFS_ENSEMBLE_Soy_PRCP_DEP/daily dia 04 (2026-08-15 → 2026-08-15) 39541 bytes
2026-08-11 09:34:51,623 [INFO] [OK] Argentina/GFS_ENSEMBLE_Soy_PRCP_DEP/daily dia 07 (2026-08-18 → 2026-08-18) 37718 bytes
2026-08-11 09:34:52,163 [INFO] [OK] Argentina/GFS_ENSEMBLE_Soy_PRCP_DEP/daily dia 08 (2026-08-19 → 2026-08-19) 40274 bytes
2026-08-11 09:34:52,164 [INFO] [OK] Argentina/GFS_ENSEMBLE_Soy_PRCP_DEP/daily dia 09 (2026-08-20 → 2026-08-20) 41334 bytes
2026-08-11 09:34:52,330 [INFO] [OK] Argentina/GFS_ENSEMBLE_Soy_PRCP_DEP/daily dia 10 (2026-08-21 → 2026-08-21) 35193 bytes
2026-08-11 09:34:52,466 [INFO] [OK] Argentina/GFS_ENSEMBLE_Soy_PRCP_DEP/daily dia 12 (2026-08-23 → 2026-08-23) 38591 bytes
2026-08-11 09:34:52,475 [INFO] [OK] Argentina/GFS_ENSEMBLE_Soy_PRCP_DEP/daily dia 11 (2026-08-22 → 2026-08-22) 35241 bytes
2026-08-11 09:34:52,654 [INFO] [OK] Argentina/GFS_ENSEMBLE_Soy_PRCP_DEP/daily dia 13 (2026-08-24 → 2026-08-24) 42578 bytes
2026-08-11 09:34:53,551 [INFO] [OK] Argentina/GFS_ENSEMBLE_Soy_PRCP_DEP/daily dia 14 (2026-08-25 → 2026-08-25) 44676 bytes
2026-08-11 09:34:53,561 [INFO] [OK] Argentina/GFS_ENSEMBLE_Soy_PRCP_DEP/cumulative dia 00 (2026-08-11 → 2026-08-11) 35469 bytes
2026-08-11 09:34:53,596 [INFO] [OK] Argentina/GFS_ENSEMBLE_Soy_PRCP_DEP/cumulative dia 01 (2026-08-11 → 2026-08-12) 37957 bytes
2026-08-11 09:34:53,816 [INFO] [OK] Argentina/GFS_ENSEMBLE_Soy_PRCP_DEP/cumulative dia 03 (2026-08-11 → 2026-08-14) 38613 bytes
2026-08-11 09:34:53,824 [INFO] [OK] Argentina/GFS_ENSEMBLE_Soy_PRCP_DEP/cumulative dia 02 (2026-08-11 → 2026-08-13) 38159 bytes
2026-08-11 09:34:53,992 [INFO] [OK] Argentina/GFS_ENSEMBLE_Soy_PRCP_DEP/cumulative dia 04 (2026-08-11 → 2026-08-15) 39980 bytes
2026-08-11 09:34:55,097 [INFO] [OK] Argentina/GFS_ENSEMBLE_Soy_PRCP_DEP/cumulative dia 05 (2026-08-11 → 2026-08-16) 40685 bytes
2026-08-11 09:34:55,146 [INFO] [OK] Argentina/GFS_ENSEMBLE_Soy_PRCP_DEP/cumulative dia 06 (2026-08-11 → 2026-08-17) 39941 bytes
2026-08-11 09:34:55,430 [INFO] [OK] Argentina/GFS_ENSEMBLE_Soy_PRCP_DEP/cumulative dia 08 (2026-08-11 → 2026-08-19) 39585 bytes
2026-08-11 09:34:55,456 [INFO] [OK] Argentina/GFS_ENSEMBLE_Soy_PRCP_DEP/cumulative dia 07 (2026-08-11 → 2026-08-18) 39673 bytes
2026-08-11 09:34:55,477 [INFO] [OK] Argentina/GFS_ENSEMBLE_Soy_PRCP_DEP/cumulative dia 09 (2026-08-11 → 2026-08-20) 39972 bytes
2026-08-11 09:34:55,612 [INFO] [OK] Argentina/GFS_ENSEMBLE_Soy_PRCP_DEP/cumulative dia 10 (2026-08-11 → 2026-08-21) 40352 bytes
2026-08-11 09:34:56,681 [INFO] [OK] Argentina/GFS_ENSEMBLE_Soy_PRCP_DEP/cumulative dia 11 (2026-08-11 → 2026-08-22) 40869 bytes
2026-08-11 09:34:56,819 [INFO] [OK] Argentina/GFS_ENSEMBLE_Soy_PRCP/daily dia 01 (2026-08-12 → 2026-08-12) 28125 bytes
2026-08-11 09:34:56,918 [INFO] [OK] Argentina/GFS_ENSEMBLE_Soy_PRCP_DEP/cumulative dia 12 (2026-08-11 → 2026-08-23) 40765 bytes
2026-08-11 09:34:56,927 [INFO] [OK] Argentina/GFS_ENSEMBLE_Soy_PRCP/daily dia 00 (2026-08-11 → 2026-08-11) 28425 bytes
2026-08-11 09:34:57,289 [INFO] [OK] Argentina/GFS_ENSEMBLE_Soy_PRCP_DEP/cumulative dia 13 (2026-08-11 → 2026-08-24) 40519 bytes
2026-08-11 09:34:57,312 [INFO] [OK] Argentina/GFS_ENSEMBLE_Soy_PRCP_DEP/cumulative dia 14 (2026-08-11 → 2026-08-25) 41305 bytes
2026-08-11 09:34:58,123 [INFO] [OK] Argentina/GFS_ENSEMBLE_Soy_PRCP/daily dia 02 (2026-08-13 → 2026-08-13) 27551 bytes
2026-08-11 09:34:58,149 [INFO] [OK] Argentina/GFS_ENSEMBLE_Soy_PRCP/daily dia 05 (2026-08-16 → 2026-08-16) 28408 bytes
2026-08-11 09:34:58,151 [INFO] [OK] Argentina/GFS_ENSEMBLE_Soy_PRCP/daily dia 03 (2026-08-14 → 2026-08-14) 27444 bytes
2026-08-11 09:34:58,189 [INFO] [OK] Argentina/GFS_ENSEMBLE_Soy_PRCP/daily dia 04 (2026-08-15 → 2026-08-15) 27625 bytes
2026-08-11 09:34:58,488 [INFO] [OK] Argentina/GFS_ENSEMBLE_Soy_PRCP/daily dia 07 (2026-08-18 → 2026-08-18) 28487 bytes
2026-08-11 09:34:58,498 [INFO] [OK] Argentina/GFS_ENSEMBLE_Soy_PRCP/daily dia 06 (2026-08-17 → 2026-08-17) 28851 bytes
2026-08-11 09:34:59,142 [INFO] [OK] Argentina/GFS_ENSEMBLE_Soy_PRCP/daily dia 08 (2026-08-19 → 2026-08-19) 28493 bytes
2026-08-11 09:34:59,441 [INFO] [OK] Argentina/GFS_ENSEMBLE_Soy_PRCP/daily dia 10 (2026-08-21 → 2026-08-21) 26220 bytes
2026-08-11 09:34:59,473 [INFO] [OK] Argentina/GFS_ENSEMBLE_Soy_PRCP/daily dia 09 (2026-08-20 → 2026-08-20) 27794 bytes
2026-08-11 09:34:59,578 [INFO] [OK] Argentina/GFS_ENSEMBLE_Soy_PRCP/daily dia 12 (2026-08-23 → 2026-08-23) 26875 bytes
2026-08-11 09:34:59,578 [INFO] [OK] Argentina/GFS_ENSEMBLE_Soy_PRCP/daily dia 11 (2026-08-22 → 2026-08-22) 25884 bytes
2026-08-11 09:34:59,585 [INFO] [OK] Argentina/GFS_ENSEMBLE_Soy_PRCP/daily dia 13 (2026-08-24 → 2026-08-24) 27664 bytes
2026-08-11 09:35:00,273 [INFO] [OK] Argentina/GFS_ENSEMBLE_Soy_PRCP/daily dia 14 (2026-08-25 → 2026-08-25) 28003 bytes
2026-08-11 09:35:00,526 [INFO] [OK] Argentina/GFS_ENSEMBLE_Soy_PRCP/cumulative dia 00 (2026-08-11 → 2026-08-11) 28425 bytes
2026-08-11 09:35:00,592 [INFO] [OK] Argentina/GFS_ENSEMBLE_Soy_PRCP/cumulative dia 01 (2026-08-11 → 2026-08-12) 29843 bytes
2026-08-11 09:35:00,726 [INFO] [OK] Argentina/GFS_ENSEMBLE_Soy_PRCP/cumulative dia 02 (2026-08-11 → 2026-08-13) 31009 bytes
2026-08-11 09:35:00,756 [INFO] [OK] Argentina/GFS_ENSEMBLE_Soy_PRCP/cumulative dia 03 (2026-08-11 → 2026-08-14) 31745 bytes
2026-08-11 09:35:00,820 [INFO] [OK] Argentina/GFS_ENSEMBLE_Soy_PRCP/cumulative dia 04 (2026-08-11 → 2026-08-15) 32465 bytes
2026-08-11 09:35:01,550 [INFO] [OK] Argentina/GFS_ENSEMBLE_Soy_PRCP/cumulative dia 05 (2026-08-11 → 2026-08-16) 33306 bytes
2026-08-11 09:35:02,134 [INFO] [OK] Argentina/GFS_ENSEMBLE_Soy_PRCP/cumulative dia 07 (2026-08-11 → 2026-08-18) 34489 bytes
2026-08-11 09:35:02,252 [INFO] [OK] Argentina/GFS_ENSEMBLE_Soy_PRCP/cumulative dia 06 (2026-08-11 → 2026-08-17) 34125 bytes
2026-08-11 09:35:02,621 [INFO] [OK] Argentina/GFS_ENSEMBLE_Soy_PRCP/cumulative dia 08 (2026-08-11 → 2026-08-19) 35058 bytes
2026-08-11 09:35:02,638 [INFO] [OK] Argentina/GFS_ENSEMBLE_Soy_PRCP/cumulative dia 10 (2026-08-11 → 2026-08-21) 35768 bytes
2026-08-11 09:35:02,721 [INFO] [OK] Argentina/GFS_ENSEMBLE_Soy_PRCP/cumulative dia 09 (2026-08-11 → 2026-08-20) 35455 bytes
2026-08-11 09:35:03,607 [INFO] [OK] Argentina/GFS_ENSEMBLE_Soy_PRCP/cumulative dia 11 (2026-08-11 → 2026-08-22) 35691 bytes
2026-08-11 09:35:03,948 [INFO] [OK] Argentina/GFS_ENSEMBLE_Corn_Winter_PRCP_DEP/daily dia 00 (2026-08-11 → 2026-08-11) 33772 bytes
2026-08-11 09:35:04,043 [INFO] [OK] Argentina/GFS_ENSEMBLE_Corn_Winter_PRCP_DEP/daily dia 01 (2026-08-12 → 2026-08-12) 34759 bytes
2026-08-11 09:35:04,066 [INFO] [OK] Argentina/GFS_ENSEMBLE_Soy_PRCP/cumulative dia 12 (2026-08-11 → 2026-08-23) 35881 bytes
2026-08-11 09:35:04,165 [INFO] [OK] Argentina/GFS_ENSEMBLE_Soy_PRCP/cumulative dia 13 (2026-08-11 → 2026-08-24) 35918 bytes
2026-08-11 09:35:04,573 [INFO] [OK] Argentina/GFS_ENSEMBLE_Soy_PRCP/cumulative dia 14 (2026-08-11 → 2026-08-25) 36237 bytes
2026-08-11 09:35:04,676 [INFO] [OK] Argentina/GFS_ENSEMBLE_Corn_Winter_PRCP_DEP/daily dia 02 (2026-08-13 → 2026-08-13) 34051 bytes
2026-08-11 09:35:04,980 [INFO] [OK] Argentina/GFS_ENSEMBLE_Corn_Winter_PRCP_DEP/daily dia 03 (2026-08-14 → 2026-08-14) 33684 bytes
2026-08-11 09:35:05,141 [INFO] [OK] Argentina/GFS_ENSEMBLE_Corn_Winter_PRCP_DEP/daily dia 05 (2026-08-16 → 2026-08-16) 35256 bytes
2026-08-11 09:35:05,206 [INFO] [OK] Argentina/GFS_ENSEMBLE_Corn_Winter_PRCP_DEP/daily dia 04 (2026-08-15 → 2026-08-15) 37795 bytes
2026-08-11 09:35:05,273 [INFO] [OK] Argentina/GFS_ENSEMBLE_Corn_Winter_PRCP_DEP/daily dia 06 (2026-08-17 → 2026-08-17) 38161 bytes
2026-08-11 09:35:05,637 [INFO] [OK] Argentina/GFS_ENSEMBLE_Corn_Winter_PRCP_DEP/daily dia 07 (2026-08-18 → 2026-08-18) 35893 bytes
2026-08-11 09:35:05,729 [INFO] [OK] Argentina/GFS_ENSEMBLE_Corn_Winter_PRCP_DEP/daily dia 08 (2026-08-19 → 2026-08-19) 38819 bytes
2026-08-11 09:35:06,085 [INFO] [OK] Argentina/GFS_ENSEMBLE_Corn_Winter_PRCP_DEP/daily dia 09 (2026-08-20 → 2026-08-20) 39581 bytes
2026-08-11 09:35:06,220 [INFO] [OK] Argentina/GFS_ENSEMBLE_Corn_Winter_PRCP_DEP/daily dia 11 (2026-08-22 → 2026-08-22) 33371 bytes
2026-08-11 09:35:06,256 [INFO] [OK] Argentina/GFS_ENSEMBLE_Corn_Winter_PRCP_DEP/daily dia 10 (2026-08-21 → 2026-08-21) 33497 bytes
2026-08-11 09:35:06,330 [INFO] [OK] Argentina/GFS_ENSEMBLE_Corn_Winter_PRCP_DEP/daily dia 12 (2026-08-23 → 2026-08-23) 36814 bytes
2026-08-11 09:35:06,756 [INFO] [OK] Argentina/GFS_ENSEMBLE_Corn_Winter_PRCP_DEP/daily dia 13 (2026-08-24 → 2026-08-24) 40858 bytes
2026-08-11 09:35:06,876 [INFO] [OK] Argentina/GFS_ENSEMBLE_Corn_Winter_PRCP_DEP/daily dia 14 (2026-08-25 → 2026-08-25) 42860 bytes
2026-08-11 09:35:07,389 [INFO] [OK] Argentina/GFS_ENSEMBLE_Corn_Winter_PRCP_DEP/cumulative dia 02 (2026-08-11 → 2026-08-13) 36590 bytes
2026-08-11 09:35:07,555 [INFO] [OK] Argentina/GFS_ENSEMBLE_Corn_Winter_PRCP_DEP/cumulative dia 00 (2026-08-11 → 2026-08-11) 33772 bytes
2026-08-11 09:35:07,801 [INFO] [OK] Argentina/GFS_ENSEMBLE_Corn_Winter_PRCP_DEP/cumulative dia 03 (2026-08-11 → 2026-08-14) 36804 bytes
2026-08-11 09:35:08,064 [INFO] [OK] Argentina/GFS_ENSEMBLE_Corn_Winter_PRCP_DEP/cumulative dia 04 (2026-08-11 → 2026-08-15) 38257 bytes
2026-08-11 09:35:08,151 [INFO] [OK] Argentina/GFS_ENSEMBLE_Corn_Winter_PRCP_DEP/cumulative dia 05 (2026-08-11 → 2026-08-16) 38852 bytes
2026-08-11 09:35:08,665 [INFO] [OK] Argentina/GFS_ENSEMBLE_Corn_Winter_PRCP_DEP/cumulative dia 01 (2026-08-11 → 2026-08-12) 36339 bytes
2026-08-11 09:35:09,457 [INFO] [OK] Argentina/GFS_ENSEMBLE_Corn_Winter_PRCP_DEP/cumulative dia 06 (2026-08-11 → 2026-08-17) 38353 bytes
2026-08-11 09:35:09,478 [INFO] [OK] Argentina/GFS_ENSEMBLE_Corn_Winter_PRCP_DEP/cumulative dia 07 (2026-08-11 → 2026-08-18) 38014 bytes
2026-08-11 09:35:09,482 [INFO] [OK] Argentina/GFS_ENSEMBLE_Corn_Winter_PRCP_DEP/cumulative dia 08 (2026-08-11 → 2026-08-19) 37968 bytes
2026-08-11 09:35:09,570 [INFO] [OK] Argentina/GFS_ENSEMBLE_Corn_Winter_PRCP_DEP/cumulative dia 09 (2026-08-11 → 2026-08-20) 38471 bytes
2026-08-11 09:35:09,607 [INFO] [OK] Argentina/GFS_ENSEMBLE_Corn_Winter_PRCP_DEP/cumulative dia 10 (2026-08-11 → 2026-08-21) 38753 bytes
2026-08-11 09:35:10,386 [INFO] [OK] Argentina/GFS_ENSEMBLE_Corn_Winter_PRCP_DEP/cumulative dia 11 (2026-08-11 → 2026-08-22) 39189 bytes
2026-08-11 09:35:10,605 [INFO] [OK] Argentina/GFS_ENSEMBLE_Corn_Winter_PRCP/daily dia 00 (2026-08-11 → 2026-08-11) 26559 bytes
2026-08-11 09:35:10,721 [INFO] [OK] Argentina/GFS_ENSEMBLE_Corn_Winter_PRCP/daily dia 01 (2026-08-12 → 2026-08-12) 26093 bytes
2026-08-11 09:35:11,324 [INFO] [OK] Argentina/GFS_ENSEMBLE_Corn_Winter_PRCP_DEP/cumulative dia 12 (2026-08-11 → 2026-08-23) 39090 bytes
2026-08-11 09:35:11,358 [INFO] [OK] Argentina/GFS_ENSEMBLE_Corn_Winter_PRCP_DEP/cumulative dia 13 (2026-08-11 → 2026-08-24) 38737 bytes
2026-08-11 09:35:11,528 [INFO] [OK] Argentina/GFS_ENSEMBLE_Corn_Winter_PRCP/daily dia 02 (2026-08-13 → 2026-08-13) 25471 bytes
2026-08-11 09:35:11,641 [INFO] [OK] Argentina/GFS_ENSEMBLE_Corn_Winter_PRCP_DEP/cumulative dia 14 (2026-08-11 → 2026-08-25) 39551 bytes
2026-08-11 09:35:11,718 [INFO] [OK] Argentina/GFS_ENSEMBLE_Corn_Winter_PRCP/daily dia 03 (2026-08-14 → 2026-08-14) 25538 bytes
2026-08-11 09:35:11,744 [INFO] [OK] Argentina/GFS_ENSEMBLE_Corn_Winter_PRCP/daily dia 04 (2026-08-15 → 2026-08-15) 25880 bytes
2026-08-11 09:35:12,350 [INFO] [OK] Argentina/GFS_ENSEMBLE_Corn_Winter_PRCP/daily dia 05 (2026-08-16 → 2026-08-16) 26468 bytes
2026-08-11 09:35:12,352 [INFO] [OK] Argentina/GFS_ENSEMBLE_Corn_Winter_PRCP/daily dia 06 (2026-08-17 → 2026-08-17) 26964 bytes
2026-08-11 09:35:12,770 [INFO] [OK] Argentina/GFS_ENSEMBLE_Corn_Winter_PRCP/daily dia 07 (2026-08-18 → 2026-08-18) 26441 bytes
2026-08-11 09:35:12,895 [INFO] [OK] Argentina/GFS_ENSEMBLE_Corn_Winter_PRCP/daily dia 09 (2026-08-20 → 2026-08-20) 25783 bytes
2026-08-11 09:35:12,949 [INFO] [OK] Argentina/GFS_ENSEMBLE_Corn_Winter_PRCP/daily dia 08 (2026-08-19 → 2026-08-19) 26604 bytes
2026-08-11 09:35:12,952 [INFO] [OK] Argentina/GFS_ENSEMBLE_Corn_Winter_PRCP/daily dia 10 (2026-08-21 → 2026-08-21) 24388 bytes
2026-08-11 09:35:13,409 [INFO] [OK] Argentina/GFS_ENSEMBLE_Corn_Winter_PRCP/daily dia 11 (2026-08-22 → 2026-08-22) 24060 bytes
2026-08-11 09:35:13,413 [INFO] [OK] Argentina/GFS_ENSEMBLE_Corn_Winter_PRCP/daily dia 12 (2026-08-23 → 2026-08-23) 25019 bytes
2026-08-11 09:35:13,736 [INFO] [OK] Argentina/GFS_ENSEMBLE_Corn_Winter_PRCP/daily dia 13 (2026-08-24 → 2026-08-24) 25804 bytes
2026-08-11 09:35:13,894 [INFO] [OK] Argentina/GFS_ENSEMBLE_Corn_Winter_PRCP/daily dia 14 (2026-08-25 → 2026-08-25) 26184 bytes
2026-08-11 09:35:13,964 [INFO] [OK] Argentina/GFS_ENSEMBLE_Corn_Winter_PRCP/cumulative dia 00 (2026-08-11 → 2026-08-11) 26559 bytes
2026-08-11 09:35:14,025 [INFO] [OK] Argentina/GFS_ENSEMBLE_Corn_Winter_PRCP/cumulative dia 01 (2026-08-11 → 2026-08-12) 28113 bytes
2026-08-11 09:35:14,522 [INFO] [OK] Argentina/GFS_ENSEMBLE_Corn_Winter_PRCP/cumulative dia 03 (2026-08-11 → 2026-08-14) 30078 bytes
2026-08-11 09:35:14,525 [INFO] [OK] Argentina/GFS_ENSEMBLE_Corn_Winter_PRCP/cumulative dia 02 (2026-08-11 → 2026-08-13) 29265 bytes
2026-08-11 09:35:14,903 [INFO] [OK] Argentina/GFS_ENSEMBLE_Corn_Winter_PRCP/cumulative dia 04 (2026-08-11 → 2026-08-15) 30736 bytes
2026-08-11 09:35:15,121 [INFO] [OK] Argentina/GFS_ENSEMBLE_Corn_Winter_PRCP/cumulative dia 05 (2026-08-11 → 2026-08-16) 31543 bytes
2026-08-11 09:35:15,274 [INFO] [OK] Argentina/GFS_ENSEMBLE_Corn_Winter_PRCP/cumulative dia 06 (2026-08-11 → 2026-08-17) 32429 bytes
2026-08-11 09:35:15,403 [INFO] [OK] Argentina/GFS_ENSEMBLE_Corn_Winter_PRCP/cumulative dia 07 (2026-08-11 → 2026-08-18) 32691 bytes
2026-08-11 09:35:15,934 [INFO] [OK] Argentina/GFS_ENSEMBLE_Corn_Winter_PRCP/cumulative dia 08 (2026-08-11 → 2026-08-19) 33363 bytes
2026-08-11 09:35:16,024 [INFO] [OK] Argentina/GFS_ENSEMBLE_Corn_Winter_PRCP/cumulative dia 09 (2026-08-11 → 2026-08-20) 33702 bytes
2026-08-11 09:35:16,600 [INFO] [OK] Argentina/GFS_ENSEMBLE_Corn_Winter_PRCP/cumulative dia 10 (2026-08-11 → 2026-08-21) 34051 bytes
2026-08-11 09:35:16,614 [INFO] [OK] Argentina/GFS_ENSEMBLE_Corn_Winter_PRCP/cumulative dia 11 (2026-08-11 → 2026-08-22) 33933 bytes
2026-08-11 09:35:16,889 [INFO] [OK] Argentina/GFS_ENSEMBLE_Corn_Winter_PRCP/cumulative dia 12 (2026-08-11 → 2026-08-23) 34189 bytes
2026-08-11 09:35:17,077 [INFO] [OK] Argentina/GFS_ENSEMBLE_Corn_Winter_PRCP/cumulative dia 13 (2026-08-11 → 2026-08-24) 34259 bytes
2026-08-11 09:35:17,141 [INFO] [OK] Argentina/ECM_ENSEMBLE_Soy_PRCP_DEP/daily dia 00 (2026-08-11 → 2026-08-11) 39744 bytes
2026-08-11 09:35:17,576 [INFO] [OK] Argentina/GFS_ENSEMBLE_Corn_Winter_PRCP/cumulative dia 14 (2026-08-11 → 2026-08-25) 34394 bytes
2026-08-11 09:35:17,617 [INFO] [OK] Argentina/ECM_ENSEMBLE_Soy_PRCP_DEP/daily dia 02 (2026-08-13 → 2026-08-13) 41864 bytes
2026-08-11 09:35:17,701 [INFO] [OK] Argentina/ECM_ENSEMBLE_Soy_PRCP_DEP/daily dia 01 (2026-08-12 → 2026-08-12) 40487 bytes
2026-08-11 09:35:17,899 [INFO] [OK] Argentina/ECM_ENSEMBLE_Soy_PRCP_DEP/daily dia 03 (2026-08-14 → 2026-08-14) 40763 bytes
2026-08-11 09:35:18,212 [INFO] [OK] Argentina/ECM_ENSEMBLE_Soy_PRCP_DEP/daily dia 05 (2026-08-16 → 2026-08-16) 38989 bytes
2026-08-11 09:35:18,219 [INFO] [OK] Argentina/ECM_ENSEMBLE_Soy_PRCP_DEP/daily dia 04 (2026-08-15 → 2026-08-15) 39274 bytes
2026-08-11 09:35:18,646 [INFO] [OK] Argentina/ECM_ENSEMBLE_Soy_PRCP_DEP/daily dia 06 (2026-08-17 → 2026-08-17) 37986 bytes
2026-08-11 09:35:18,775 [INFO] [OK] Argentina/ECM_ENSEMBLE_Soy_PRCP_DEP/daily dia 07 (2026-08-18 → 2026-08-18) 37567 bytes
2026-08-11 09:35:18,874 [INFO] [OK] Argentina/ECM_ENSEMBLE_Soy_PRCP_DEP/daily dia 08 (2026-08-19 → 2026-08-19) 38884 bytes
2026-08-11 09:35:18,925 [INFO] [OK] Argentina/ECM_ENSEMBLE_Soy_PRCP_DEP/daily dia 09 (2026-08-20 → 2026-08-20) 41217 bytes
2026-08-11 09:35:19,210 [INFO] [OK] Argentina/ECM_ENSEMBLE_Soy_PRCP_DEP/daily dia 10 (2026-08-21 → 2026-08-21) 34564 bytes
2026-08-11 09:35:19,231 [INFO] [OK] Argentina/ECM_ENSEMBLE_Soy_PRCP_DEP/daily dia 11 (2026-08-22 → 2026-08-22) 39416 bytes
2026-08-11 09:35:19,724 [INFO] [OK] Argentina/ECM_ENSEMBLE_Soy_PRCP_DEP/daily dia 12 (2026-08-23 → 2026-08-23) 41602 bytes
2026-08-11 09:35:19,788 [INFO] [OK] Argentina/ECM_ENSEMBLE_Soy_PRCP_DEP/daily dia 13 (2026-08-24 → 2026-08-24) 42306 bytes
2026-08-11 09:35:19,905 [INFO] [OK] Argentina/ECM_ENSEMBLE_Soy_PRCP_DEP/daily dia 14 (2026-08-25 → 2026-08-25) 44233 bytes
2026-08-11 09:35:19,956 [INFO] [OK] Argentina/ECM_ENSEMBLE_Soy_PRCP_DEP/cumulative dia 00 (2026-08-11 → 2026-08-11) 39744 bytes
2026-08-11 09:35:20,286 [INFO] [OK] Argentina/ECM_ENSEMBLE_Soy_PRCP_DEP/cumulative dia 01 (2026-08-11 → 2026-08-12) 41720 bytes
2026-08-11 09:35:20,419 [INFO] [OK] Argentina/ECM_ENSEMBLE_Soy_PRCP_DEP/cumulative dia 02 (2026-08-11 → 2026-08-13) 42708 bytes
2026-08-11 09:35:20,910 [INFO] [OK] Argentina/ECM_ENSEMBLE_Soy_PRCP_DEP/cumulative dia 03 (2026-08-11 → 2026-08-14) 43368 bytes
2026-08-11 09:35:21,589 [INFO] [OK] Argentina/ECM_ENSEMBLE_Soy_PRCP_DEP/cumulative dia 04 (2026-08-11 → 2026-08-15) 42363 bytes
2026-08-11 09:35:21,604 [INFO] [OK] Argentina/ECM_ENSEMBLE_Soy_PRCP_DEP/cumulative dia 05 (2026-08-11 → 2026-08-16) 40747 bytes
2026-08-11 09:35:21,611 [INFO] [OK] Argentina/ECM_ENSEMBLE_Soy_PRCP_DEP/cumulative dia 06 (2026-08-11 → 2026-08-17) 40371 bytes
2026-08-11 09:35:21,651 [INFO] [OK] Argentina/ECM_ENSEMBLE_Soy_PRCP_DEP/cumulative dia 07 (2026-08-11 → 2026-08-18) 40130 bytes
2026-08-11 09:35:21,750 [INFO] [OK] Argentina/ECM_ENSEMBLE_Soy_PRCP_DEP/cumulative dia 08 (2026-08-11 → 2026-08-19) 39880 bytes
2026-08-11 09:35:22,292 [INFO] [OK] Argentina/ECM_ENSEMBLE_Soy_PRCP_DEP/cumulative dia 09 (2026-08-11 → 2026-08-20) 40071 bytes
2026-08-11 09:35:23,164 [INFO] [OK] Argentina/ECM_ENSEMBLE_Soy_PRCP_DEP/cumulative dia 11 (2026-08-11 → 2026-08-22) 39971 bytes
2026-08-11 09:35:23,221 [INFO] [OK] Argentina/ECM_ENSEMBLE_Soy_PRCP_DEP/cumulative dia 10 (2026-08-11 → 2026-08-21) 40239 bytes
2026-08-11 09:35:23,355 [INFO] [OK] Argentina/ECM_ENSEMBLE_Soy_PRCP_DEP/cumulative dia 12 (2026-08-11 → 2026-08-23) 39770 bytes
2026-08-11 09:35:23,378 [INFO] [OK] Argentina/ECM_ENSEMBLE_Soy_PRCP_DEP/cumulative dia 13 (2026-08-11 → 2026-08-24) 39891 bytes
2026-08-11 09:35:23,455 [INFO] [OK] Argentina/ECM_ENSEMBLE_Soy_PRCP/daily dia 00 (2026-08-11 → 2026-08-11) 28895 bytes
2026-08-11 09:35:23,510 [INFO] [OK] Argentina/ECM_ENSEMBLE_Soy_PRCP_DEP/cumulative dia 14 (2026-08-11 → 2026-08-25) 40254 bytes
2026-08-11 09:35:24,254 [INFO] [OK] Argentina/ECM_ENSEMBLE_Soy_PRCP/daily dia 01 (2026-08-12 → 2026-08-12) 28588 bytes
2026-08-11 09:35:24,307 [INFO] [OK] Argentina/ECM_ENSEMBLE_Soy_PRCP/daily dia 02 (2026-08-13 → 2026-08-13) 28584 bytes
2026-08-11 09:35:24,336 [INFO] [OK] Argentina/ECM_ENSEMBLE_Soy_PRCP/daily dia 03 (2026-08-14 → 2026-08-14) 28581 bytes
2026-08-11 09:35:24,512 [INFO] [OK] Argentina/ECM_ENSEMBLE_Soy_PRCP/daily dia 04 (2026-08-15 → 2026-08-15) 29110 bytes
2026-08-11 09:35:24,590 [INFO] [OK] Argentina/ECM_ENSEMBLE_Soy_PRCP/daily dia 06 (2026-08-17 → 2026-08-17) 30510 bytes
2026-08-11 09:35:24,595 [INFO] [OK] Argentina/ECM_ENSEMBLE_Soy_PRCP/daily dia 05 (2026-08-16 → 2026-08-16) 31951 bytes
2026-08-11 09:35:25,285 [INFO] [OK] Argentina/ECM_ENSEMBLE_Soy_PRCP/daily dia 09 (2026-08-20 → 2026-08-20) 27831 bytes
2026-08-11 09:35:25,297 [INFO] [OK] Argentina/ECM_ENSEMBLE_Soy_PRCP/daily dia 07 (2026-08-18 → 2026-08-18) 29515 bytes
2026-08-11 09:35:25,312 [INFO] [OK] Argentina/ECM_ENSEMBLE_Soy_PRCP/daily dia 08 (2026-08-19 → 2026-08-19) 29367 bytes
2026-08-11 09:35:25,677 [INFO] [OK] Argentina/ECM_ENSEMBLE_Soy_PRCP/daily dia 10 (2026-08-21 → 2026-08-21) 25806 bytes
2026-08-11 09:35:25,824 [INFO] [OK] Argentina/ECM_ENSEMBLE_Soy_PRCP/daily dia 12 (2026-08-23 → 2026-08-23) 27862 bytes
2026-08-11 09:35:25,899 [INFO] [OK] Argentina/ECM_ENSEMBLE_Soy_PRCP/daily dia 11 (2026-08-22 → 2026-08-22) 26913 bytes
2026-08-11 09:35:26,285 [INFO] [OK] Argentina/ECM_ENSEMBLE_Soy_PRCP/daily dia 13 (2026-08-24 → 2026-08-24) 28514 bytes
2026-08-11 09:35:26,332 [INFO] [OK] Argentina/ECM_ENSEMBLE_Soy_PRCP/daily dia 14 (2026-08-25 → 2026-08-25) 27599 bytes
2026-08-11 09:35:26,394 [INFO] [OK] Argentina/ECM_ENSEMBLE_Soy_PRCP/cumulative dia 00 (2026-08-11 → 2026-08-11) 28895 bytes
2026-08-11 09:35:26,689 [INFO] [OK] Argentina/ECM_ENSEMBLE_Soy_PRCP/cumulative dia 01 (2026-08-11 → 2026-08-12) 30774 bytes
2026-08-11 09:35:26,941 [INFO] [OK] Argentina/ECM_ENSEMBLE_Soy_PRCP/cumulative dia 02 (2026-08-11 → 2026-08-13) 32347 bytes
2026-08-11 09:35:27,037 [INFO] [OK] Argentina/ECM_ENSEMBLE_Soy_PRCP/cumulative dia 03 (2026-08-11 → 2026-08-14) 34153 bytes
2026-08-11 09:35:27,479 [INFO] [OK] Argentina/ECM_ENSEMBLE_Soy_PRCP/cumulative dia 04 (2026-08-11 → 2026-08-15) 34300 bytes
2026-08-11 09:35:27,602 [INFO] [OK] Argentina/ECM_ENSEMBLE_Soy_PRCP/cumulative dia 05 (2026-08-11 → 2026-08-16) 35305 bytes
2026-08-11 09:35:27,665 [INFO] [OK] Argentina/ECM_ENSEMBLE_Soy_PRCP/cumulative dia 06 (2026-08-11 → 2026-08-17) 36358 bytes
2026-08-11 09:35:28,004 [INFO] [OK] Argentina/ECM_ENSEMBLE_Soy_PRCP/cumulative dia 07 (2026-08-11 → 2026-08-18) 36973 bytes
2026-08-11 09:35:28,313 [INFO] [OK] Argentina/ECM_ENSEMBLE_Soy_PRCP/cumulative dia 08 (2026-08-11 → 2026-08-19) 37441 bytes
2026-08-11 09:35:28,497 [INFO] [OK] Argentina/ECM_ENSEMBLE_Soy_PRCP/cumulative dia 09 (2026-08-11 → 2026-08-20) 37904 bytes
2026-08-11 09:35:28,960 [INFO] [OK] Argentina/ECM_ENSEMBLE_Soy_PRCP/cumulative dia 10 (2026-08-11 → 2026-08-21) 37721 bytes
2026-08-11 09:35:29,122 [INFO] [OK] Argentina/ECM_ENSEMBLE_Soy_PRCP/cumulative dia 11 (2026-08-11 → 2026-08-22) 37549 bytes
2026-08-11 09:35:29,231 [INFO] [OK] Argentina/ECM_ENSEMBLE_Soy_PRCP/cumulative dia 12 (2026-08-11 → 2026-08-23) 37811 bytes
2026-08-11 09:35:29,615 [INFO] [OK] Argentina/ECM_ENSEMBLE_Corn_Winter_PRCP_DEP/daily dia 00 (2026-08-11 → 2026-08-11) 38044 bytes
2026-08-11 09:35:29,697 [INFO] [OK] Argentina/ECM_ENSEMBLE_Soy_PRCP/cumulative dia 13 (2026-08-11 → 2026-08-24) 38082 bytes
2026-08-11 09:35:30,011 [INFO] [OK] Argentina/ECM_ENSEMBLE_Corn_Winter_PRCP_DEP/daily dia 01 (2026-08-12 → 2026-08-12) 38595 bytes
2026-08-11 09:35:30,016 [INFO] [OK] Argentina/ECM_ENSEMBLE_Soy_PRCP/cumulative dia 14 (2026-08-11 → 2026-08-25) 38118 bytes
2026-08-11 09:35:30,264 [INFO] [OK] Argentina/ECM_ENSEMBLE_Corn_Winter_PRCP_DEP/daily dia 03 (2026-08-14 → 2026-08-14) 39013 bytes
2026-08-11 09:35:30,279 [INFO] [OK] Argentina/ECM_ENSEMBLE_Corn_Winter_PRCP_DEP/daily dia 02 (2026-08-13 → 2026-08-13) 39970 bytes
2026-08-11 09:35:30,690 [INFO] [OK] Argentina/ECM_ENSEMBLE_Corn_Winter_PRCP_DEP/daily dia 04 (2026-08-15 → 2026-08-15) 37643 bytes
2026-08-11 09:35:30,715 [INFO] [OK] Argentina/ECM_ENSEMBLE_Corn_Winter_PRCP_DEP/daily dia 05 (2026-08-16 → 2026-08-16) 36890 bytes
2026-08-11 09:35:31,013 [INFO] [OK] Argentina/ECM_ENSEMBLE_Corn_Winter_PRCP_DEP/daily dia 06 (2026-08-17 → 2026-08-17) 36125 bytes
2026-08-11 09:35:31,071 [INFO] [OK] Argentina/ECM_ENSEMBLE_Corn_Winter_PRCP_DEP/daily dia 07 (2026-08-18 → 2026-08-18) 35699 bytes
2026-08-11 09:35:31,260 [INFO] [OK] Argentina/ECM_ENSEMBLE_Corn_Winter_PRCP_DEP/daily dia 08 (2026-08-19 → 2026-08-19) 37290 bytes
2026-08-11 09:35:31,454 [INFO] [OK] Argentina/ECM_ENSEMBLE_Corn_Winter_PRCP_DEP/daily dia 09 (2026-08-20 → 2026-08-20) 39733 bytes
2026-08-11 09:35:31,697 [INFO] [OK] Argentina/ECM_ENSEMBLE_Corn_Winter_PRCP_DEP/daily dia 10 (2026-08-21 → 2026-08-21) 33042 bytes
2026-08-11 09:35:31,729 [INFO] [OK] Argentina/ECM_ENSEMBLE_Corn_Winter_PRCP_DEP/daily dia 11 (2026-08-22 → 2026-08-22) 37335 bytes
2026-08-11 09:35:32,083 [INFO] [OK] Argentina/ECM_ENSEMBLE_Corn_Winter_PRCP_DEP/daily dia 12 (2026-08-23 → 2026-08-23) 39647 bytes
2026-08-11 09:35:32,131 [INFO] [OK] Argentina/ECM_ENSEMBLE_Corn_Winter_PRCP_DEP/daily dia 13 (2026-08-24 → 2026-08-24) 40624 bytes
2026-08-11 09:35:32,411 [INFO] [OK] Argentina/ECM_ENSEMBLE_Corn_Winter_PRCP_DEP/daily dia 14 (2026-08-25 → 2026-08-25) 42754 bytes
2026-08-11 09:35:32,491 [INFO] [OK] Argentina/ECM_ENSEMBLE_Corn_Winter_PRCP_DEP/cumulative dia 00 (2026-08-11 → 2026-08-11) 38044 bytes
2026-08-11 09:35:32,853 [INFO] [OK] Argentina/ECM_ENSEMBLE_Corn_Winter_PRCP_DEP/cumulative dia 01 (2026-08-11 → 2026-08-12) 39732 bytes
2026-08-11 09:35:32,857 [INFO] [OK] Argentina/ECM_ENSEMBLE_Corn_Winter_PRCP_DEP/cumulative dia 02 (2026-08-11 → 2026-08-13) 40911 bytes
2026-08-11 09:35:33,260 [INFO] [OK] Argentina/ECM_ENSEMBLE_Corn_Winter_PRCP_DEP/cumulative dia 03 (2026-08-11 → 2026-08-14) 41663 bytes
2026-08-11 09:35:33,326 [INFO] [OK] Argentina/ECM_ENSEMBLE_Corn_Winter_PRCP_DEP/cumulative dia 04 (2026-08-11 → 2026-08-15) 40539 bytes
2026-08-11 09:35:33,678 [INFO] [OK] Argentina/ECM_ENSEMBLE_Corn_Winter_PRCP_DEP/cumulative dia 05 (2026-08-11 → 2026-08-16) 39170 bytes
2026-08-11 09:35:33,814 [INFO] [OK] Argentina/ECM_ENSEMBLE_Corn_Winter_PRCP_DEP/cumulative dia 06 (2026-08-11 → 2026-08-17) 38932 bytes
2026-08-11 09:35:34,221 [INFO] [OK] Argentina/ECM_ENSEMBLE_Corn_Winter_PRCP_DEP/cumulative dia 07 (2026-08-11 → 2026-08-18) 38659 bytes
2026-08-11 09:35:34,251 [INFO] [OK] Argentina/ECM_ENSEMBLE_Corn_Winter_PRCP_DEP/cumulative dia 08 (2026-08-11 → 2026-08-19) 38396 bytes
2026-08-11 09:35:34,746 [INFO] [OK] Argentina/ECM_ENSEMBLE_Corn_Winter_PRCP_DEP/cumulative dia 09 (2026-08-11 → 2026-08-20) 38744 bytes
2026-08-11 09:35:34,840 [INFO] [OK] Argentina/ECM_ENSEMBLE_Corn_Winter_PRCP_DEP/cumulative dia 10 (2026-08-11 → 2026-08-21) 38773 bytes
2026-08-11 09:35:35,313 [INFO] [OK] Argentina/ECM_ENSEMBLE_Corn_Winter_PRCP_DEP/cumulative dia 11 (2026-08-11 → 2026-08-22) 38412 bytes
2026-08-11 09:35:35,430 [INFO] [OK] Argentina/ECM_ENSEMBLE_Corn_Winter_PRCP_DEP/cumulative dia 12 (2026-08-11 → 2026-08-23) 38249 bytes
2026-08-11 09:35:35,817 [INFO] [OK] Argentina/ECM_ENSEMBLE_Corn_Winter_PRCP/daily dia 00 (2026-08-11 → 2026-08-11) 27263 bytes
2026-08-11 09:35:35,957 [INFO] [OK] Argentina/ECM_ENSEMBLE_Corn_Winter_PRCP_DEP/cumulative dia 13 (2026-08-11 → 2026-08-24) 38704 bytes
2026-08-11 09:35:36,022 [INFO] [OK] Argentina/ECM_ENSEMBLE_Corn_Winter_PRCP/daily dia 01 (2026-08-12 → 2026-08-12) 26608 bytes
2026-08-11 09:35:36,129 [INFO] [OK] Argentina/ECM_ENSEMBLE_Corn_Winter_PRCP_DEP/cumulative dia 14 (2026-08-11 → 2026-08-25) 38867 bytes
2026-08-11 09:35:36,389 [INFO] [OK] Argentina/ECM_ENSEMBLE_Corn_Winter_PRCP/daily dia 02 (2026-08-13 → 2026-08-13) 26597 bytes
2026-08-11 09:35:36,486 [INFO] [OK] Argentina/ECM_ENSEMBLE_Corn_Winter_PRCP/daily dia 03 (2026-08-14 → 2026-08-14) 26696 bytes
2026-08-11 09:35:36,808 [INFO] [OK] Argentina/ECM_ENSEMBLE_Corn_Winter_PRCP/daily dia 04 (2026-08-15 → 2026-08-15) 27424 bytes
2026-08-11 09:35:36,969 [INFO] [OK] Argentina/ECM_ENSEMBLE_Corn_Winter_PRCP/daily dia 05 (2026-08-16 → 2026-08-16) 29915 bytes
2026-08-11 09:35:37,025 [INFO] [OK] Argentina/ECM_ENSEMBLE_Corn_Winter_PRCP/daily dia 06 (2026-08-17 → 2026-08-17) 28586 bytes
2026-08-11 09:35:37,197 [INFO] [OK] Argentina/ECM_ENSEMBLE_Corn_Winter_PRCP/daily dia 07 (2026-08-18 → 2026-08-18) 27536 bytes
2026-08-11 09:35:37,426 [INFO] [OK] Argentina/ECM_ENSEMBLE_Corn_Winter_PRCP/daily dia 08 (2026-08-19 → 2026-08-19) 27592 bytes
2026-08-11 09:35:37,470 [INFO] [OK] Argentina/ECM_ENSEMBLE_Corn_Winter_PRCP/daily dia 09 (2026-08-20 → 2026-08-20) 25827 bytes
2026-08-11 09:35:37,776 [INFO] [OK] Argentina/ECM_ENSEMBLE_Corn_Winter_PRCP/daily dia 10 (2026-08-21 → 2026-08-21) 23988 bytes
2026-08-11 09:35:38,018 [INFO] [OK] Argentina/ECM_ENSEMBLE_Corn_Winter_PRCP/daily dia 12 (2026-08-23 → 2026-08-23) 26015 bytes
2026-08-11 09:35:38,019 [INFO] [OK] Argentina/ECM_ENSEMBLE_Corn_Winter_PRCP/daily dia 11 (2026-08-22 → 2026-08-22) 24915 bytes
2026-08-11 09:35:38,197 [INFO] [OK] Argentina/ECM_ENSEMBLE_Corn_Winter_PRCP/daily dia 13 (2026-08-24 → 2026-08-24) 26778 bytes
2026-08-11 09:35:38,419 [INFO] [OK] Argentina/ECM_ENSEMBLE_Corn_Winter_PRCP/daily dia 14 (2026-08-25 → 2026-08-25) 25986 bytes
2026-08-11 09:35:38,506 [INFO] [OK] Argentina/ECM_ENSEMBLE_Corn_Winter_PRCP/cumulative dia 00 (2026-08-11 → 2026-08-11) 27263 bytes
2026-08-11 09:35:38,942 [INFO] [OK] Argentina/ECM_ENSEMBLE_Corn_Winter_PRCP/cumulative dia 01 (2026-08-11 → 2026-08-12) 29087 bytes
2026-08-11 09:35:39,164 [INFO] [OK] Argentina/ECM_ENSEMBLE_Corn_Winter_PRCP/cumulative dia 03 (2026-08-11 → 2026-08-14) 32491 bytes
2026-08-11 09:35:39,229 [INFO] [OK] Argentina/ECM_ENSEMBLE_Corn_Winter_PRCP/cumulative dia 02 (2026-08-11 → 2026-08-13) 30697 bytes
2026-08-11 09:35:39,410 [INFO] [OK] Argentina/ECM_ENSEMBLE_Corn_Winter_PRCP/cumulative dia 04 (2026-08-11 → 2026-08-15) 32506 bytes
2026-08-11 09:35:39,678 [INFO] [OK] Argentina/ECM_ENSEMBLE_Corn_Winter_PRCP/cumulative dia 05 (2026-08-11 → 2026-08-16) 33364 bytes
2026-08-11 09:35:39,785 [INFO] [OK] Argentina/ECM_ENSEMBLE_Corn_Winter_PRCP/cumulative dia 06 (2026-08-11 → 2026-08-17) 34604 bytes
2026-08-11 09:35:40,302 [INFO] [OK] Argentina/ECM_ENSEMBLE_Corn_Winter_PRCP/cumulative dia 07 (2026-08-11 → 2026-08-18) 35255 bytes
2026-08-11 09:35:40,632 [INFO] [OK] Argentina/ECM_ENSEMBLE_Corn_Winter_PRCP/cumulative dia 08 (2026-08-11 → 2026-08-19) 35528 bytes
2026-08-11 09:35:40,754 [INFO] [OK] Argentina/ECM_ENSEMBLE_Corn_Winter_PRCP/cumulative dia 09 (2026-08-11 → 2026-08-20) 36030 bytes
2026-08-11 09:35:40,916 [INFO] [OK] Argentina/ECM_ENSEMBLE_Corn_Winter_PRCP/cumulative dia 10 (2026-08-11 → 2026-08-21) 35891 bytes
2026-08-11 09:35:41,335 [INFO] [OK] Argentina/ECM_ENSEMBLE_Corn_Winter_PRCP/cumulative dia 11 (2026-08-11 → 2026-08-22) 35700 bytes
2026-08-11 09:35:41,456 [INFO] [OK] Argentina/ECM_ENSEMBLE_Corn_Winter_PRCP/cumulative dia 12 (2026-08-11 → 2026-08-23) 35940 bytes
2026-08-11 09:35:41,942 [INFO] [OK] Argentina/ECM_ENSEMBLE_Corn_Winter_PRCP/cumulative dia 13 (2026-08-11 → 2026-08-24) 36163 bytes
2026-08-11 09:35:42,755 [INFO] [OK] Argentina/ECM_ENSEMBLE_Corn_Winter_PRCP/cumulative dia 14 (2026-08-11 → 2026-08-25) 36172 bytes
2026-08-11 09:35:42,817 [INFO] [OK] USA/GFS_ENSEMBLE_Corn_PRCP_DEP/daily dia 00 (2026-08-11 → 2026-08-11) 52121 bytes
2026-08-11 09:35:44,136 [INFO] [OK] USA/GFS_ENSEMBLE_Corn_PRCP_DEP/daily dia 03 (2026-08-14 → 2026-08-14) 56823 bytes
2026-08-11 09:35:44,139 [INFO] [OK] USA/GFS_ENSEMBLE_Corn_PRCP_DEP/daily dia 02 (2026-08-13 → 2026-08-13) 55005 bytes
2026-08-11 09:35:44,267 [INFO] [OK] USA/GFS_ENSEMBLE_Corn_PRCP_DEP/daily dia 04 (2026-08-15 → 2026-08-15) 57225 bytes
2026-08-11 09:35:44,428 [INFO] [OK] USA/GFS_ENSEMBLE_Corn_PRCP_DEP/daily dia 01 (2026-08-12 → 2026-08-12) 57235 bytes
2026-08-11 09:35:44,454 [INFO] [OK] USA/GFS_ENSEMBLE_Corn_PRCP_DEP/daily dia 06 (2026-08-17 → 2026-08-17) 59112 bytes
2026-08-11 09:35:44,697 [INFO] [OK] USA/GFS_ENSEMBLE_Corn_PRCP_DEP/daily dia 05 (2026-08-16 → 2026-08-16) 58538 bytes
2026-08-11 09:35:46,274 [INFO] [OK] USA/GFS_ENSEMBLE_Corn_PRCP_DEP/daily dia 10 (2026-08-21 → 2026-08-21) 58047 bytes
2026-08-11 09:35:46,285 [INFO] [OK] USA/GFS_ENSEMBLE_Corn_PRCP_DEP/daily dia 11 (2026-08-22 → 2026-08-22) 58869 bytes
2026-08-11 09:35:46,286 [INFO] [OK] USA/GFS_ENSEMBLE_Corn_PRCP_DEP/daily dia 07 (2026-08-18 → 2026-08-18) 58613 bytes
2026-08-11 09:35:46,410 [INFO] [OK] USA/GFS_ENSEMBLE_Corn_PRCP_DEP/daily dia 09 (2026-08-20 → 2026-08-20) 58682 bytes
2026-08-11 09:35:46,471 [INFO] [OK] USA/GFS_ENSEMBLE_Corn_PRCP_DEP/daily dia 08 (2026-08-19 → 2026-08-19) 61129 bytes
2026-08-11 09:35:46,492 [INFO] [OK] USA/GFS_ENSEMBLE_Corn_PRCP_DEP/daily dia 12 (2026-08-23 → 2026-08-23) 59771 bytes
2026-08-11 09:35:48,270 [INFO] [OK] USA/GFS_ENSEMBLE_Corn_PRCP_DEP/daily dia 14 (2026-08-25 → 2026-08-25) 60960 bytes
2026-08-11 09:35:48,294 [INFO] [OK] USA/GFS_ENSEMBLE_Corn_PRCP_DEP/cumulative dia 01 (2026-08-11 → 2026-08-12) 58098 bytes
2026-08-11 09:35:48,334 [INFO] [OK] USA/GFS_ENSEMBLE_Corn_PRCP_DEP/daily dia 13 (2026-08-24 → 2026-08-24) 59971 bytes
2026-08-11 09:35:48,435 [INFO] [OK] USA/GFS_ENSEMBLE_Corn_PRCP_DEP/cumulative dia 00 (2026-08-11 → 2026-08-11) 52121 bytes
2026-08-11 09:35:48,559 [INFO] [OK] USA/GFS_ENSEMBLE_Corn_PRCP_DEP/cumulative dia 03 (2026-08-11 → 2026-08-14) 57625 bytes
2026-08-11 09:35:48,604 [INFO] [OK] USA/GFS_ENSEMBLE_Corn_PRCP_DEP/cumulative dia 02 (2026-08-11 → 2026-08-13) 56819 bytes
2026-08-11 09:35:51,095 [INFO] [OK] USA/GFS_ENSEMBLE_Corn_PRCP_DEP/cumulative dia 04 (2026-08-11 → 2026-08-15) 58194 bytes
2026-08-11 09:35:51,543 [INFO] [OK] USA/GFS_ENSEMBLE_Corn_PRCP_DEP/cumulative dia 06 (2026-08-11 → 2026-08-17) 59708 bytes
2026-08-11 09:35:51,577 [INFO] [OK] USA/GFS_ENSEMBLE_Corn_PRCP_DEP/cumulative dia 08 (2026-08-11 → 2026-08-19) 59339 bytes
2026-08-11 09:35:51,601 [INFO] [OK] USA/GFS_ENSEMBLE_Corn_PRCP_DEP/cumulative dia 09 (2026-08-11 → 2026-08-20) 59525 bytes
2026-08-11 09:35:51,602 [INFO] [OK] USA/GFS_ENSEMBLE_Corn_PRCP_DEP/cumulative dia 07 (2026-08-11 → 2026-08-18) 59738 bytes
2026-08-11 09:35:51,610 [INFO] [OK] USA/GFS_ENSEMBLE_Corn_PRCP_DEP/cumulative dia 05 (2026-08-11 → 2026-08-16) 58337 bytes
2026-08-11 09:35:53,359 [INFO] [OK] USA/GFS_ENSEMBLE_Corn_PRCP/daily dia 00 (2026-08-11 → 2026-08-11) 38331 bytes
2026-08-11 09:35:54,660 [INFO] [OK] USA/GFS_ENSEMBLE_Corn_PRCP_DEP/cumulative dia 11 (2026-08-11 → 2026-08-22) 59755 bytes
2026-08-11 09:35:54,884 [INFO] [OK] USA/GFS_ENSEMBLE_Corn_PRCP_DEP/cumulative dia 10 (2026-08-11 → 2026-08-21) 59534 bytes
2026-08-11 09:35:54,890 [INFO] [OK] USA/GFS_ENSEMBLE_Corn_PRCP_DEP/cumulative dia 12 (2026-08-11 → 2026-08-23) 60056 bytes
2026-08-11 09:35:55,295 [INFO] [OK] USA/GFS_ENSEMBLE_Corn_PRCP_DEP/cumulative dia 13 (2026-08-11 → 2026-08-24) 60365 bytes
2026-08-11 09:35:55,386 [INFO] [OK] USA/GFS_ENSEMBLE_Corn_PRCP_DEP/cumulative dia 14 (2026-08-11 → 2026-08-25) 59936 bytes
2026-08-11 09:35:57,847 [INFO] [OK] USA/GFS_ENSEMBLE_Corn_PRCP/daily dia 01 (2026-08-12 → 2026-08-12) 38758 bytes
2026-08-11 09:35:57,848 [INFO] [OK] USA/GFS_ENSEMBLE_Corn_PRCP/daily dia 06 (2026-08-17 → 2026-08-17) 36628 bytes
2026-08-11 09:35:57,857 [INFO] [OK] USA/GFS_ENSEMBLE_Corn_PRCP/daily dia 04 (2026-08-15 → 2026-08-15) 36897 bytes
2026-08-11 09:35:57,887 [INFO] [OK] USA/GFS_ENSEMBLE_Corn_PRCP/daily dia 05 (2026-08-16 → 2026-08-16) 36252 bytes
2026-08-11 09:35:57,894 [INFO] [OK] USA/GFS_ENSEMBLE_Corn_PRCP/daily dia 02 (2026-08-13 → 2026-08-13) 39442 bytes
2026-08-11 09:35:57,985 [INFO] [OK] USA/GFS_ENSEMBLE_Corn_PRCP/daily dia 03 (2026-08-14 → 2026-08-14) 38997 bytes
2026-08-11 09:35:59,562 [INFO] [OK] USA/GFS_ENSEMBLE_Corn_PRCP/daily dia 11 (2026-08-22 → 2026-08-22) 36435 bytes
2026-08-11 09:35:59,571 [INFO] [OK] USA/GFS_ENSEMBLE_Corn_PRCP/daily dia 08 (2026-08-19 → 2026-08-19) 36537 bytes
2026-08-11 09:35:59,739 [INFO] [OK] USA/GFS_ENSEMBLE_Corn_PRCP/daily dia 12 (2026-08-23 → 2026-08-23) 35469 bytes
2026-08-11 09:35:59,910 [INFO] [OK] USA/GFS_ENSEMBLE_Corn_PRCP/daily dia 07 (2026-08-18 → 2026-08-18) 36199 bytes
2026-08-11 09:36:00,023 [INFO] [OK] USA/GFS_ENSEMBLE_Corn_PRCP/daily dia 10 (2026-08-21 → 2026-08-21) 35236 bytes
2026-08-11 09:36:00,082 [INFO] [OK] USA/GFS_ENSEMBLE_Corn_PRCP/daily dia 09 (2026-08-20 → 2026-08-20) 36534 bytes
2026-08-11 09:36:02,481 [INFO] [OK] USA/GFS_ENSEMBLE_Corn_PRCP/daily dia 13 (2026-08-24 → 2026-08-24) 36805 bytes
2026-08-11 09:36:03,073 [INFO] [OK] USA/GFS_ENSEMBLE_Corn_PRCP/cumulative dia 01 (2026-08-11 → 2026-08-12) 42516 bytes
2026-08-11 09:36:03,073 [INFO] [OK] USA/GFS_ENSEMBLE_Corn_PRCP/cumulative dia 00 (2026-08-11 → 2026-08-11) 38331 bytes
2026-08-11 09:36:03,081 [INFO] [OK] USA/GFS_ENSEMBLE_Corn_PRCP/daily dia 14 (2026-08-25 → 2026-08-25) 37259 bytes
2026-08-11 09:36:03,082 [INFO] [OK] USA/GFS_ENSEMBLE_Corn_PRCP/cumulative dia 03 (2026-08-11 → 2026-08-14) 46704 bytes
2026-08-11 09:36:03,096 [INFO] [OK] USA/GFS_ENSEMBLE_Corn_PRCP/cumulative dia 02 (2026-08-11 → 2026-08-13) 44842 bytes
2026-08-11 09:36:05,169 [INFO] [OK] USA/GFS_ENSEMBLE_Corn_PRCP/cumulative dia 04 (2026-08-11 → 2026-08-15) 47711 bytes
2026-08-11 09:36:05,392 [INFO] [OK] USA/GFS_ENSEMBLE_Corn_PRCP/cumulative dia 05 (2026-08-11 → 2026-08-16) 48222 bytes
2026-08-11 09:36:05,637 [INFO] [OK] USA/GFS_ENSEMBLE_Corn_PRCP/cumulative dia 07 (2026-08-11 → 2026-08-18) 49702 bytes
2026-08-11 09:36:05,653 [INFO] [OK] USA/GFS_ENSEMBLE_Corn_PRCP/cumulative dia 06 (2026-08-11 → 2026-08-17) 49081 bytes
2026-08-11 09:36:05,869 [INFO] [OK] USA/GFS_ENSEMBLE_Corn_PRCP/cumulative dia 08 (2026-08-11 → 2026-08-19) 50173 bytes
2026-08-11 09:36:06,188 [INFO] [OK] USA/GFS_ENSEMBLE_Corn_PRCP/cumulative dia 09 (2026-08-11 → 2026-08-20) 50213 bytes
2026-08-11 09:36:08,654 [INFO] [OK] USA/GFS_ENSEMBLE_Soy_PRCP_DEP/daily dia 00 (2026-08-11 → 2026-08-11) 51875 bytes
2026-08-11 09:36:09,189 [INFO] [OK] USA/GFS_ENSEMBLE_Corn_PRCP/cumulative dia 10 (2026-08-11 → 2026-08-21) 49821 bytes
2026-08-11 09:36:09,289 [INFO] [OK] USA/GFS_ENSEMBLE_Corn_PRCP/cumulative dia 11 (2026-08-11 → 2026-08-22) 50466 bytes
2026-08-11 09:36:09,583 [INFO] [OK] USA/GFS_ENSEMBLE_Corn_PRCP/cumulative dia 12 (2026-08-11 → 2026-08-23) 50887 bytes
2026-08-11 09:36:10,125 [INFO] [OK] USA/GFS_ENSEMBLE_Corn_PRCP/cumulative dia 13 (2026-08-11 → 2026-08-24) 50937 bytes
2026-08-11 09:36:10,210 [INFO] [OK] USA/GFS_ENSEMBLE_Corn_PRCP/cumulative dia 14 (2026-08-11 → 2026-08-25) 51344 bytes
2026-08-11 09:36:10,707 [INFO] [OK] USA/GFS_ENSEMBLE_Soy_PRCP_DEP/daily dia 01 (2026-08-12 → 2026-08-12) 56874 bytes
2026-08-11 09:36:11,022 [INFO] [OK] USA/GFS_ENSEMBLE_Soy_PRCP_DEP/daily dia 02 (2026-08-13 → 2026-08-13) 54508 bytes
2026-08-11 09:36:11,101 [INFO] [OK] USA/GFS_ENSEMBLE_Soy_PRCP_DEP/daily dia 03 (2026-08-14 → 2026-08-14) 56302 bytes
2026-08-11 09:36:11,288 [INFO] [OK] USA/GFS_ENSEMBLE_Soy_PRCP_DEP/daily dia 04 (2026-08-15 → 2026-08-15) 56905 bytes
2026-08-11 09:36:11,977 [INFO] [OK] USA/GFS_ENSEMBLE_Soy_PRCP_DEP/daily dia 06 (2026-08-17 → 2026-08-17) 58851 bytes
2026-08-11 09:36:11,987 [INFO] [OK] USA/GFS_ENSEMBLE_Soy_PRCP_DEP/daily dia 05 (2026-08-16 → 2026-08-16) 58128 bytes
2026-08-11 09:36:12,462 [INFO] [OK] USA/GFS_ENSEMBLE_Soy_PRCP_DEP/daily dia 07 (2026-08-18 → 2026-08-18) 58319 bytes
2026-08-11 09:36:12,712 [INFO] [OK] USA/GFS_ENSEMBLE_Soy_PRCP_DEP/daily dia 08 (2026-08-19 → 2026-08-19) 60861 bytes
2026-08-11 09:36:12,759 [INFO] [OK] USA/GFS_ENSEMBLE_Soy_PRCP_DEP/daily dia 09 (2026-08-20 → 2026-08-20) 58456 bytes
2026-08-11 09:36:12,972 [INFO] [OK] USA/GFS_ENSEMBLE_Soy_PRCP_DEP/daily dia 10 (2026-08-21 → 2026-08-21) 57711 bytes
2026-08-11 09:36:13,718 [INFO] [OK] USA/GFS_ENSEMBLE_Soy_PRCP_DEP/daily dia 12 (2026-08-23 → 2026-08-23) 59584 bytes
2026-08-11 09:36:13,730 [INFO] [OK] USA/GFS_ENSEMBLE_Soy_PRCP_DEP/daily dia 11 (2026-08-22 → 2026-08-22) 58548 bytes
2026-08-11 09:36:14,200 [INFO] [OK] USA/GFS_ENSEMBLE_Soy_PRCP_DEP/daily dia 13 (2026-08-24 → 2026-08-24) 59820 bytes
2026-08-11 09:36:14,352 [INFO] [OK] USA/GFS_ENSEMBLE_Soy_PRCP_DEP/cumulative dia 00 (2026-08-11 → 2026-08-11) 51875 bytes
2026-08-11 09:36:14,391 [INFO] [OK] USA/GFS_ENSEMBLE_Soy_PRCP_DEP/daily dia 14 (2026-08-25 → 2026-08-25) 60590 bytes
2026-08-11 09:36:14,768 [INFO] [OK] USA/GFS_ENSEMBLE_Soy_PRCP_DEP/cumulative dia 01 (2026-08-11 → 2026-08-12) 57890 bytes
2026-08-11 09:36:15,562 [INFO] [OK] USA/GFS_ENSEMBLE_Soy_PRCP_DEP/cumulative dia 02 (2026-08-11 → 2026-08-13) 56536 bytes
2026-08-11 09:36:15,629 [INFO] [OK] USA/GFS_ENSEMBLE_Soy_PRCP_DEP/cumulative dia 03 (2026-08-11 → 2026-08-14) 57212 bytes
2026-08-11 09:36:16,233 [INFO] [OK] USA/GFS_ENSEMBLE_Soy_PRCP_DEP/cumulative dia 04 (2026-08-11 → 2026-08-15) 57863 bytes
2026-08-11 09:36:16,512 [INFO] [OK] USA/GFS_ENSEMBLE_Soy_PRCP_DEP/cumulative dia 05 (2026-08-11 → 2026-08-16) 58071 bytes
2026-08-11 09:36:16,694 [INFO] [OK] USA/GFS_ENSEMBLE_Soy_PRCP_DEP/cumulative dia 06 (2026-08-11 → 2026-08-17) 59543 bytes
2026-08-11 09:36:17,066 [INFO] [OK] USA/GFS_ENSEMBLE_Soy_PRCP_DEP/cumulative dia 07 (2026-08-11 → 2026-08-18) 59556 bytes
2026-08-11 09:36:18,213 [INFO] [OK] USA/GFS_ENSEMBLE_Soy_PRCP_DEP/cumulative dia 08 (2026-08-11 → 2026-08-19) 59090 bytes
2026-08-11 09:36:18,311 [INFO] [OK] USA/GFS_ENSEMBLE_Soy_PRCP_DEP/cumulative dia 09 (2026-08-11 → 2026-08-20) 59424 bytes
2026-08-11 09:36:19,050 [INFO] [OK] USA/GFS_ENSEMBLE_Soy_PRCP_DEP/cumulative dia 10 (2026-08-11 → 2026-08-21) 59308 bytes
2026-08-11 09:36:19,305 [INFO] [OK] USA/GFS_ENSEMBLE_Soy_PRCP_DEP/cumulative dia 11 (2026-08-11 → 2026-08-22) 59526 bytes
2026-08-11 09:36:19,564 [INFO] [OK] USA/GFS_ENSEMBLE_Soy_PRCP_DEP/cumulative dia 12 (2026-08-11 → 2026-08-23) 59915 bytes
2026-08-11 09:36:19,957 [INFO] [OK] USA/GFS_ENSEMBLE_Soy_PRCP/daily dia 00 (2026-08-11 → 2026-08-11) 37977 bytes
2026-08-11 09:36:20,086 [INFO] [OK] USA/GFS_ENSEMBLE_Soy_PRCP_DEP/cumulative dia 13 (2026-08-11 → 2026-08-24) 60182 bytes
2026-08-11 09:36:20,708 [INFO] [OK] USA/GFS_ENSEMBLE_Soy_PRCP/daily dia 01 (2026-08-12 → 2026-08-12) 38367 bytes
2026-08-11 09:36:20,855 [INFO] [OK] USA/GFS_ENSEMBLE_Soy_PRCP/daily dia 02 (2026-08-13 → 2026-08-13) 38951 bytes
2026-08-11 09:36:21,089 [INFO] [OK] USA/GFS_ENSEMBLE_Soy_PRCP_DEP/cumulative dia 14 (2026-08-11 → 2026-08-25) 59636 bytes
2026-08-11 09:36:21,144 [INFO] [OK] USA/GFS_ENSEMBLE_Soy_PRCP/daily dia 03 (2026-08-14 → 2026-08-14) 38642 bytes
2026-08-11 09:36:21,462 [INFO] [OK] USA/GFS_ENSEMBLE_Soy_PRCP/daily dia 04 (2026-08-15 → 2026-08-15) 36656 bytes
2026-08-11 09:36:21,831 [INFO] [OK] USA/GFS_ENSEMBLE_Soy_PRCP/daily dia 05 (2026-08-16 → 2026-08-16) 35829 bytes
2026-08-11 09:36:22,269 [INFO] [OK] USA/GFS_ENSEMBLE_Soy_PRCP/daily dia 06 (2026-08-17 → 2026-08-17) 36332 bytes
2026-08-11 09:36:22,461 [INFO] [OK] USA/GFS_ENSEMBLE_Soy_PRCP/daily dia 07 (2026-08-18 → 2026-08-18) 35863 bytes
2026-08-11 09:36:22,714 [INFO] [OK] USA/GFS_ENSEMBLE_Soy_PRCP/daily dia 08 (2026-08-19 → 2026-08-19) 36097 bytes
2026-08-11 09:36:22,734 [INFO] [OK] USA/GFS_ENSEMBLE_Soy_PRCP/daily dia 09 (2026-08-20 → 2026-08-20) 36107 bytes
2026-08-11 09:36:23,972 [INFO] [OK] USA/GFS_ENSEMBLE_Soy_PRCP/daily dia 12 (2026-08-23 → 2026-08-23) 35214 bytes
2026-08-11 09:36:23,974 [INFO] [OK] USA/GFS_ENSEMBLE_Soy_PRCP/daily dia 10 (2026-08-21 → 2026-08-21) 34815 bytes
2026-08-11 09:36:24,015 [INFO] [OK] USA/GFS_ENSEMBLE_Soy_PRCP/daily dia 11 (2026-08-22 → 2026-08-22) 36119 bytes
2026-08-11 09:36:24,021 [INFO] [OK] USA/GFS_ENSEMBLE_Soy_PRCP/daily dia 13 (2026-08-24 → 2026-08-24) 36261 bytes
2026-08-11 09:36:24,444 [INFO] [OK] USA/GFS_ENSEMBLE_Soy_PRCP/daily dia 14 (2026-08-25 → 2026-08-25) 36878 bytes
2026-08-11 09:36:24,510 [INFO] [OK] USA/GFS_ENSEMBLE_Soy_PRCP/cumulative dia 00 (2026-08-11 → 2026-08-11) 37977 bytes
2026-08-11 09:36:26,032 [INFO] [OK] USA/GFS_ENSEMBLE_Soy_PRCP/cumulative dia 02 (2026-08-11 → 2026-08-13) 44485 bytes
2026-08-11 09:36:26,161 [INFO] [OK] USA/GFS_ENSEMBLE_Soy_PRCP/cumulative dia 04 (2026-08-11 → 2026-08-15) 47302 bytes
2026-08-11 09:36:26,438 [INFO] [OK] USA/GFS_ENSEMBLE_Soy_PRCP/cumulative dia 03 (2026-08-11 → 2026-08-14) 46115 bytes
2026-08-11 09:36:26,535 [INFO] [OK] USA/GFS_ENSEMBLE_Soy_PRCP/cumulative dia 01 (2026-08-11 → 2026-08-12) 42186 bytes
2026-08-11 09:36:26,784 [INFO] [OK] USA/GFS_ENSEMBLE_Soy_PRCP/cumulative dia 05 (2026-08-11 → 2026-08-16) 47954 bytes
2026-08-11 09:36:26,792 [INFO] [OK] USA/GFS_ENSEMBLE_Soy_PRCP/cumulative dia 06 (2026-08-11 → 2026-08-17) 48693 bytes
2026-08-11 09:36:28,308 [INFO] [OK] USA/GFS_ENSEMBLE_Soy_PRCP/cumulative dia 07 (2026-08-11 → 2026-08-18) 49260 bytes
2026-08-11 09:36:28,671 [INFO] [OK] USA/GFS_ENSEMBLE_Soy_PRCP/cumulative dia 08 (2026-08-11 → 2026-08-19) 49643 bytes
2026-08-11 09:36:29,051 [INFO] [OK] USA/GFS_ENSEMBLE_Soy_PRCP/cumulative dia 09 (2026-08-11 → 2026-08-20) 49729 bytes
2026-08-11 09:36:29,121 [INFO] [OK] USA/GFS_ENSEMBLE_Soy_PRCP/cumulative dia 10 (2026-08-11 → 2026-08-21) 49694 bytes
2026-08-11 09:36:29,560 [INFO] [OK] USA/GFS_ENSEMBLE_Soy_PRCP/cumulative dia 11 (2026-08-11 → 2026-08-22) 50209 bytes
2026-08-11 09:36:29,623 [INFO] [OK] USA/GFS_ENSEMBLE_Soy_PRCP/cumulative dia 12 (2026-08-11 → 2026-08-23) 50676 bytes
2026-08-11 09:36:30,790 [INFO] [OK] USA/GFS_ENSEMBLE_Wheat_Winter_PRCP_DEP/daily dia 00 (2026-08-11 → 2026-08-11) 53487 bytes
2026-08-11 09:36:30,792 [INFO] [OK] USA/GFS_ENSEMBLE_Wheat_Winter_PRCP_DEP/daily dia 01 (2026-08-12 → 2026-08-12) 58249 bytes
2026-08-11 09:36:31,163 [INFO] [OK] USA/GFS_ENSEMBLE_Soy_PRCP/cumulative dia 13 (2026-08-11 → 2026-08-24) 50651 bytes
2026-08-11 09:36:31,231 [INFO] [OK] USA/GFS_ENSEMBLE_Wheat_Winter_PRCP_DEP/daily dia 03 (2026-08-14 → 2026-08-14) 57747 bytes
2026-08-11 09:36:31,248 [INFO] [OK] USA/GFS_ENSEMBLE_Wheat_Winter_PRCP_DEP/daily dia 02 (2026-08-13 → 2026-08-13) 56307 bytes
2026-08-11 09:36:31,558 [INFO] [OK] USA/GFS_ENSEMBLE_Soy_PRCP/cumulative dia 14 (2026-08-11 → 2026-08-25) 51011 bytes
2026-08-11 09:36:32,442 [INFO] [OK] USA/GFS_ENSEMBLE_Wheat_Winter_PRCP_DEP/daily dia 04 (2026-08-15 → 2026-08-15) 58544 bytes
2026-08-11 09:36:32,578 [INFO] [OK] USA/GFS_ENSEMBLE_Wheat_Winter_PRCP_DEP/daily dia 05 (2026-08-16 → 2026-08-16) 59766 bytes
2026-08-11 09:36:32,775 [INFO] [OK] USA/GFS_ENSEMBLE_Wheat_Winter_PRCP_DEP/daily dia 06 (2026-08-17 → 2026-08-17) 60186 bytes
2026-08-11 09:36:32,950 [INFO] [OK] USA/GFS_ENSEMBLE_Wheat_Winter_PRCP_DEP/daily dia 08 (2026-08-19 → 2026-08-19) 62507 bytes
2026-08-11 09:36:32,971 [INFO] [OK] USA/GFS_ENSEMBLE_Wheat_Winter_PRCP_DEP/daily dia 07 (2026-08-18 → 2026-08-18) 60148 bytes
2026-08-11 09:36:33,334 [INFO] [OK] USA/GFS_ENSEMBLE_Wheat_Winter_PRCP_DEP/daily dia 09 (2026-08-20 → 2026-08-20) 59859 bytes
2026-08-11 09:36:34,181 [INFO] [OK] USA/GFS_ENSEMBLE_Wheat_Winter_PRCP_DEP/daily dia 11 (2026-08-22 → 2026-08-22) 60147 bytes
2026-08-11 09:36:34,298 [INFO] [OK] USA/GFS_ENSEMBLE_Wheat_Winter_PRCP_DEP/daily dia 10 (2026-08-21 → 2026-08-21) 59380 bytes
2026-08-11 09:36:34,430 [INFO] [OK] USA/GFS_ENSEMBLE_Wheat_Winter_PRCP_DEP/daily dia 12 (2026-08-23 → 2026-08-23) 61061 bytes
2026-08-11 09:36:34,697 [INFO] [OK] USA/GFS_ENSEMBLE_Wheat_Winter_PRCP_DEP/daily dia 13 (2026-08-24 → 2026-08-24) 61036 bytes
2026-08-11 09:36:34,795 [INFO] [OK] USA/GFS_ENSEMBLE_Wheat_Winter_PRCP_DEP/daily dia 14 (2026-08-25 → 2026-08-25) 62217 bytes
2026-08-11 09:36:35,062 [INFO] [OK] USA/GFS_ENSEMBLE_Wheat_Winter_PRCP_DEP/cumulative dia 00 (2026-08-11 → 2026-08-11) 53487 bytes
2026-08-11 09:36:35,904 [INFO] [OK] USA/GFS_ENSEMBLE_Wheat_Winter_PRCP_DEP/cumulative dia 01 (2026-08-11 → 2026-08-12) 59177 bytes
2026-08-11 09:36:36,155 [INFO] [OK] USA/GFS_ENSEMBLE_Wheat_Winter_PRCP_DEP/cumulative dia 02 (2026-08-11 → 2026-08-13) 57945 bytes
2026-08-11 09:36:36,348 [INFO] [OK] USA/GFS_ENSEMBLE_Wheat_Winter_PRCP_DEP/cumulative dia 03 (2026-08-11 → 2026-08-14) 58634 bytes
2026-08-11 09:36:36,758 [INFO] [OK] USA/GFS_ENSEMBLE_Wheat_Winter_PRCP_DEP/cumulative dia 04 (2026-08-11 → 2026-08-15) 59301 bytes
2026-08-11 09:36:36,917 [INFO] [OK] USA/GFS_ENSEMBLE_Wheat_Winter_PRCP_DEP/cumulative dia 05 (2026-08-11 → 2026-08-16) 59262 bytes
2026-08-11 09:36:37,214 [INFO] [OK] USA/GFS_ENSEMBLE_Wheat_Winter_PRCP_DEP/cumulative dia 06 (2026-08-11 → 2026-08-17) 60459 bytes
2026-08-11 09:36:38,329 [INFO] [OK] USA/GFS_ENSEMBLE_Wheat_Winter_PRCP_DEP/cumulative dia 07 (2026-08-11 → 2026-08-18) 60735 bytes
2026-08-11 09:36:38,596 [INFO] [OK] USA/GFS_ENSEMBLE_Wheat_Winter_PRCP_DEP/cumulative dia 08 (2026-08-11 → 2026-08-19) 60418 bytes
2026-08-11 09:36:38,927 [INFO] [OK] USA/GFS_ENSEMBLE_Wheat_Winter_PRCP_DEP/cumulative dia 09 (2026-08-11 → 2026-08-20) 60489 bytes
2026-08-11 09:36:39,406 [INFO] [OK] USA/GFS_ENSEMBLE_Wheat_Winter_PRCP_DEP/cumulative dia 10 (2026-08-11 → 2026-08-21) 60564 bytes
2026-08-11 09:36:39,700 [INFO] [OK] USA/GFS_ENSEMBLE_Wheat_Winter_PRCP_DEP/cumulative dia 11 (2026-08-11 → 2026-08-22) 60730 bytes
2026-08-11 09:36:40,320 [INFO] [OK] USA/GFS_ENSEMBLE_Wheat_Winter_PRCP_DEP/cumulative dia 12 (2026-08-11 → 2026-08-23) 60813 bytes
2026-08-11 09:36:40,558 [INFO] [OK] USA/GFS_ENSEMBLE_Wheat_Winter_PRCP/daily dia 00 (2026-08-11 → 2026-08-11) 39710 bytes
2026-08-11 09:36:41,147 [INFO] [OK] USA/GFS_ENSEMBLE_Wheat_Winter_PRCP/daily dia 01 (2026-08-12 → 2026-08-12) 39897 bytes
2026-08-11 09:36:41,339 [INFO] [OK] USA/GFS_ENSEMBLE_Wheat_Winter_PRCP/daily dia 02 (2026-08-13 → 2026-08-13) 40466 bytes
2026-08-11 09:36:41,585 [INFO] [OK] USA/GFS_ENSEMBLE_Wheat_Winter_PRCP_DEP/cumulative dia 13 (2026-08-11 → 2026-08-24) 61257 bytes
2026-08-11 09:36:41,730 [INFO] [OK] USA/GFS_ENSEMBLE_Wheat_Winter_PRCP_DEP/cumulative dia 14 (2026-08-11 → 2026-08-25) 60689 bytes
2026-08-11 09:36:42,061 [INFO] [OK] USA/GFS_ENSEMBLE_Wheat_Winter_PRCP/daily dia 03 (2026-08-14 → 2026-08-14) 40134 bytes
2026-08-11 09:36:42,103 [INFO] [OK] USA/GFS_ENSEMBLE_Wheat_Winter_PRCP/daily dia 04 (2026-08-15 → 2026-08-15) 38065 bytes
2026-08-11 09:36:42,682 [INFO] [OK] USA/GFS_ENSEMBLE_Wheat_Winter_PRCP/daily dia 05 (2026-08-16 → 2026-08-16) 37417 bytes
2026-08-11 09:36:42,904 [INFO] [OK] USA/GFS_ENSEMBLE_Wheat_Winter_PRCP/daily dia 06 (2026-08-17 → 2026-08-17) 37639 bytes
2026-08-11 09:36:43,224 [INFO] [OK] USA/GFS_ENSEMBLE_Wheat_Winter_PRCP/daily dia 07 (2026-08-18 → 2026-08-18) 37199 bytes
2026-08-11 09:36:43,373 [INFO] [OK] USA/GFS_ENSEMBLE_Wheat_Winter_PRCP/daily dia 08 (2026-08-19 → 2026-08-19) 37557 bytes
2026-08-11 09:36:43,603 [INFO] [OK] USA/GFS_ENSEMBLE_Wheat_Winter_PRCP/daily dia 09 (2026-08-20 → 2026-08-20) 37594 bytes
2026-08-11 09:36:43,787 [INFO] [OK] USA/GFS_ENSEMBLE_Wheat_Winter_PRCP/daily dia 10 (2026-08-21 → 2026-08-21) 36365 bytes
2026-08-11 09:36:44,249 [INFO] [OK] USA/GFS_ENSEMBLE_Wheat_Winter_PRCP/daily dia 11 (2026-08-22 → 2026-08-22) 37602 bytes
2026-08-11 09:36:44,539 [INFO] [OK] USA/GFS_ENSEMBLE_Wheat_Winter_PRCP/daily dia 12 (2026-08-23 → 2026-08-23) 36672 bytes
2026-08-11 09:36:45,052 [INFO] [OK] USA/GFS_ENSEMBLE_Wheat_Winter_PRCP/daily dia 13 (2026-08-24 → 2026-08-24) 37851 bytes
2026-08-11 09:36:45,102 [INFO] [OK] USA/GFS_ENSEMBLE_Wheat_Winter_PRCP/daily dia 14 (2026-08-25 → 2026-08-25) 38287 bytes
2026-08-11 09:36:45,240 [INFO] [OK] USA/GFS_ENSEMBLE_Wheat_Winter_PRCP/cumulative dia 00 (2026-08-11 → 2026-08-11) 39710 bytes
2026-08-11 09:36:45,581 [INFO] [OK] USA/GFS_ENSEMBLE_Wheat_Winter_PRCP/cumulative dia 01 (2026-08-11 → 2026-08-12) 43688 bytes
2026-08-11 09:36:46,464 [INFO] [OK] USA/GFS_ENSEMBLE_Wheat_Winter_PRCP/cumulative dia 02 (2026-08-11 → 2026-08-13) 45817 bytes
2026-08-11 09:36:47,226 [INFO] [OK] USA/GFS_ENSEMBLE_Wheat_Winter_PRCP/cumulative dia 03 (2026-08-11 → 2026-08-14) 47785 bytes
2026-08-11 09:36:47,771 [INFO] [OK] USA/GFS_ENSEMBLE_Wheat_Winter_PRCP/cumulative dia 04 (2026-08-11 → 2026-08-15) 48889 bytes
2026-08-11 09:36:47,915 [INFO] [OK] USA/GFS_ENSEMBLE_Wheat_Winter_PRCP/cumulative dia 05 (2026-08-11 → 2026-08-16) 49637 bytes
2026-08-11 09:36:48,303 [INFO] [OK] USA/GFS_ENSEMBLE_Wheat_Winter_PRCP/cumulative dia 06 (2026-08-11 → 2026-08-17) 50427 bytes
2026-08-11 09:36:48,425 [INFO] [OK] USA/GFS_ENSEMBLE_Wheat_Winter_PRCP/cumulative dia 07 (2026-08-11 → 2026-08-18) 50742 bytes
2026-08-11 09:36:49,285 [INFO] [OK] USA/GFS_ENSEMBLE_Wheat_Winter_PRCP/cumulative dia 08 (2026-08-11 → 2026-08-19) 51309 bytes
2026-08-11 09:36:50,296 [INFO] [OK] USA/GFS_ENSEMBLE_Wheat_Winter_PRCP/cumulative dia 09 (2026-08-11 → 2026-08-20) 51560 bytes
2026-08-11 09:36:51,002 [INFO] [OK] USA/GFS_ENSEMBLE_Wheat_Winter_PRCP/cumulative dia 10 (2026-08-11 → 2026-08-21) 51236 bytes
2026-08-11 09:36:51,392 [INFO] [OK] USA/GFS_ENSEMBLE_Wheat_Winter_PRCP/cumulative dia 11 (2026-08-11 → 2026-08-22) 51932 bytes
2026-08-11 09:36:51,865 [INFO] [OK] USA/GFS_ENSEMBLE_Wheat_Winter_PRCP/cumulative dia 12 (2026-08-11 → 2026-08-23) 52294 bytes
2026-08-11 09:36:51,895 [INFO] [OK] USA/GFS_ENSEMBLE_Wheat_Winter_PRCP/cumulative dia 13 (2026-08-11 → 2026-08-24) 52390 bytes
2026-08-11 09:36:52,149 [INFO] [OK] USA/GFS_ENSEMBLE_Wheat_Spring_PRCP_DEP/daily dia 00 (2026-08-11 → 2026-08-11) 50501 bytes
2026-08-11 09:36:52,808 [INFO] [OK] USA/GFS_ENSEMBLE_Wheat_Winter_PRCP/cumulative dia 14 (2026-08-11 → 2026-08-25) 52627 bytes
2026-08-11 09:36:52,823 [INFO] [OK] USA/GFS_ENSEMBLE_Wheat_Spring_PRCP_DEP/daily dia 01 (2026-08-12 → 2026-08-12) 55352 bytes
2026-08-11 09:36:53,308 [INFO] [OK] USA/GFS_ENSEMBLE_Wheat_Spring_PRCP_DEP/daily dia 02 (2026-08-13 → 2026-08-13) 52932 bytes
2026-08-11 09:36:53,681 [INFO] [OK] USA/GFS_ENSEMBLE_Wheat_Spring_PRCP_DEP/daily dia 03 (2026-08-14 → 2026-08-14) 54186 bytes
2026-08-11 09:36:53,692 [INFO] [OK] USA/GFS_ENSEMBLE_Wheat_Spring_PRCP_DEP/daily dia 04 (2026-08-15 → 2026-08-15) 55231 bytes
2026-08-11 09:36:53,847 [INFO] [OK] USA/GFS_ENSEMBLE_Wheat_Spring_PRCP_DEP/daily dia 05 (2026-08-16 → 2026-08-16) 56519 bytes
2026-08-11 09:36:54,922 [INFO] [OK] USA/GFS_ENSEMBLE_Wheat_Spring_PRCP_DEP/daily dia 06 (2026-08-17 → 2026-08-17) 56676 bytes
2026-08-11 09:36:55,874 [INFO] [OK] USA/GFS_ENSEMBLE_Wheat_Spring_PRCP_DEP/daily dia 11 (2026-08-22 → 2026-08-22) 56632 bytes
2026-08-11 09:36:55,877 [INFO] [OK] USA/GFS_ENSEMBLE_Wheat_Spring_PRCP_DEP/daily dia 07 (2026-08-18 → 2026-08-18) 56419 bytes
2026-08-11 09:36:55,887 [INFO] [OK] USA/GFS_ENSEMBLE_Wheat_Spring_PRCP_DEP/daily dia 10 (2026-08-21 → 2026-08-21) 56064 bytes
2026-08-11 09:36:55,899 [INFO] [OK] USA/GFS_ENSEMBLE_Wheat_Spring_PRCP_DEP/daily dia 09 (2026-08-20 → 2026-08-20) 56816 bytes
2026-08-11 09:36:55,934 [INFO] [OK] USA/GFS_ENSEMBLE_Wheat_Spring_PRCP_DEP/daily dia 08 (2026-08-19 → 2026-08-19) 59693 bytes
2026-08-11 09:36:57,842 [INFO] [OK] USA/GFS_ENSEMBLE_Wheat_Spring_PRCP_DEP/cumulative dia 00 (2026-08-11 → 2026-08-11) 50501 bytes
2026-08-11 09:36:57,984 [INFO] [OK] USA/GFS_ENSEMBLE_Wheat_Spring_PRCP_DEP/daily dia 13 (2026-08-24 → 2026-08-24) 58061 bytes
2026-08-11 09:36:58,099 [INFO] [OK] USA/GFS_ENSEMBLE_Wheat_Spring_PRCP_DEP/daily dia 14 (2026-08-25 → 2026-08-25) 59137 bytes
2026-08-11 09:36:58,100 [INFO] [OK] USA/GFS_ENSEMBLE_Wheat_Spring_PRCP_DEP/daily dia 12 (2026-08-23 → 2026-08-23) 57958 bytes
2026-08-11 09:36:58,168 [INFO] [OK] USA/GFS_ENSEMBLE_Wheat_Spring_PRCP_DEP/cumulative dia 02 (2026-08-11 → 2026-08-13) 54750 bytes
2026-08-11 09:36:58,355 [INFO] [OK] USA/GFS_ENSEMBLE_Wheat_Spring_PRCP_DEP/cumulative dia 01 (2026-08-11 → 2026-08-12) 56231 bytes
2026-08-11 09:37:00,637 [INFO] [OK] USA/GFS_ENSEMBLE_Wheat_Spring_PRCP_DEP/cumulative dia 03 (2026-08-11 → 2026-08-14) 55443 bytes
2026-08-11 09:37:00,782 [INFO] [OK] USA/GFS_ENSEMBLE_Wheat_Spring_PRCP_DEP/cumulative dia 04 (2026-08-11 → 2026-08-15) 56039 bytes
2026-08-11 09:37:01,120 [INFO] [OK] USA/GFS_ENSEMBLE_Wheat_Spring_PRCP_DEP/cumulative dia 05 (2026-08-11 → 2026-08-16) 56093 bytes
2026-08-11 09:37:01,270 [INFO] [OK] USA/GFS_ENSEMBLE_Wheat_Spring_PRCP_DEP/cumulative dia 06 (2026-08-11 → 2026-08-17) 57411 bytes
2026-08-11 09:37:01,630 [INFO] [OK] USA/GFS_ENSEMBLE_Wheat_Spring_PRCP_DEP/cumulative dia 07 (2026-08-11 → 2026-08-18) 57524 bytes
2026-08-11 09:37:01,938 [INFO] [OK] USA/GFS_ENSEMBLE_Wheat_Spring_PRCP_DEP/cumulative dia 08 (2026-08-11 → 2026-08-19) 56856 bytes
2026-08-11 09:37:03,542 [INFO] [OK] USA/GFS_ENSEMBLE_Wheat_Spring_PRCP_DEP/cumulative dia 09 (2026-08-11 → 2026-08-20) 57231 bytes
2026-08-11 09:37:04,205 [INFO] [OK] USA/GFS_ENSEMBLE_Wheat_Spring_PRCP_DEP/cumulative dia 10 (2026-08-11 → 2026-08-21) 57422 bytes
2026-08-11 09:37:04,443 [INFO] [OK] USA/GFS_ENSEMBLE_Wheat_Spring_PRCP_DEP/cumulative dia 12 (2026-08-11 → 2026-08-23) 57673 bytes
2026-08-11 09:37:04,486 [INFO] [OK] USA/GFS_ENSEMBLE_Wheat_Spring_PRCP_DEP/cumulative dia 11 (2026-08-11 → 2026-08-22) 57718 bytes
2026-08-11 09:37:05,184 [INFO] [OK] USA/GFS_ENSEMBLE_Wheat_Spring_PRCP_DEP/cumulative dia 13 (2026-08-11 → 2026-08-24) 58152 bytes
2026-08-11 09:37:05,260 [INFO] [OK] USA/GFS_ENSEMBLE_Wheat_Spring_PRCP/daily dia 00 (2026-08-11 → 2026-08-11) 36427 bytes
2026-08-11 09:37:05,431 [INFO] [OK] USA/GFS_ENSEMBLE_Wheat_Spring_PRCP_DEP/cumulative dia 14 (2026-08-11 → 2026-08-25) 57688 bytes
2026-08-11 09:37:05,869 [INFO] [OK] USA/GFS_ENSEMBLE_Wheat_Spring_PRCP/daily dia 01 (2026-08-12 → 2026-08-12) 36692 bytes
2026-08-11 09:37:06,095 [INFO] [OK] USA/GFS_ENSEMBLE_Wheat_Spring_PRCP/daily dia 02 (2026-08-13 → 2026-08-13) 37190 bytes
2026-08-11 09:37:06,125 [INFO] [OK] USA/GFS_ENSEMBLE_Wheat_Spring_PRCP/daily dia 03 (2026-08-14 → 2026-08-14) 37070 bytes
2026-08-11 09:37:06,760 [INFO] [OK] USA/GFS_ENSEMBLE_Wheat_Spring_PRCP/daily dia 04 (2026-08-15 → 2026-08-15) 35055 bytes
2026-08-11 09:37:06,841 [INFO] [OK] USA/GFS_ENSEMBLE_Wheat_Spring_PRCP/daily dia 05 (2026-08-16 → 2026-08-16) 34259 bytes
2026-08-11 09:37:07,122 [INFO] [OK] USA/GFS_ENSEMBLE_Wheat_Spring_PRCP/daily dia 06 (2026-08-17 → 2026-08-17) 34874 bytes
2026-08-11 09:37:07,571 [INFO] [OK] USA/GFS_ENSEMBLE_Wheat_Spring_PRCP/daily dia 07 (2026-08-18 → 2026-08-18) 34357 bytes
2026-08-11 09:37:07,816 [INFO] [OK] USA/GFS_ENSEMBLE_Wheat_Spring_PRCP/daily dia 08 (2026-08-19 → 2026-08-19) 34518 bytes
2026-08-11 09:37:07,824 [INFO] [OK] USA/GFS_ENSEMBLE_Wheat_Spring_PRCP/daily dia 09 (2026-08-20 → 2026-08-20) 34773 bytes
2026-08-11 09:37:08,350 [INFO] [OK] USA/GFS_ENSEMBLE_Wheat_Spring_PRCP/daily dia 10 (2026-08-21 → 2026-08-21) 33223 bytes
2026-08-11 09:37:08,424 [INFO] [OK] USA/GFS_ENSEMBLE_Wheat_Spring_PRCP/daily dia 11 (2026-08-22 → 2026-08-22) 34516 bytes
2026-08-11 09:37:08,713 [INFO] [OK] USA/GFS_ENSEMBLE_Wheat_Spring_PRCP/daily dia 12 (2026-08-23 → 2026-08-23) 33633 bytes
2026-08-11 09:37:09,156 [INFO] [OK] USA/GFS_ENSEMBLE_Wheat_Spring_PRCP/daily dia 13 (2026-08-24 → 2026-08-24) 34656 bytes
2026-08-11 09:37:09,518 [INFO] [OK] USA/GFS_ENSEMBLE_Wheat_Spring_PRCP/cumulative dia 00 (2026-08-11 → 2026-08-11) 36427 bytes
2026-08-11 09:37:09,713 [INFO] [OK] USA/GFS_ENSEMBLE_Wheat_Spring_PRCP/daily dia 14 (2026-08-25 → 2026-08-25) 35233 bytes
2026-08-11 09:37:10,152 [INFO] [OK] USA/GFS_ENSEMBLE_Wheat_Spring_PRCP/cumulative dia 01 (2026-08-11 → 2026-08-12) 40269 bytes
2026-08-11 09:37:10,298 [INFO] [OK] USA/GFS_ENSEMBLE_Wheat_Spring_PRCP/cumulative dia 02 (2026-08-11 → 2026-08-13) 42301 bytes
2026-08-11 09:37:10,703 [INFO] [OK] USA/GFS_ENSEMBLE_Wheat_Spring_PRCP/cumulative dia 03 (2026-08-11 → 2026-08-14) 44106 bytes
2026-08-11 09:37:11,218 [INFO] [OK] USA/GFS_ENSEMBLE_Wheat_Spring_PRCP/cumulative dia 04 (2026-08-11 → 2026-08-15) 45286 bytes
2026-08-11 09:37:11,789 [INFO] [OK] USA/GFS_ENSEMBLE_Wheat_Spring_PRCP/cumulative dia 05 (2026-08-11 → 2026-08-16) 45819 bytes
2026-08-11 09:37:12,015 [INFO] [OK] USA/GFS_ENSEMBLE_Wheat_Spring_PRCP/cumulative dia 06 (2026-08-11 → 2026-08-17) 46580 bytes
2026-08-11 09:37:12,818 [INFO] [OK] USA/GFS_ENSEMBLE_Wheat_Spring_PRCP/cumulative dia 07 (2026-08-11 → 2026-08-18) 47128 bytes
2026-08-11 09:37:13,078 [INFO] [OK] USA/GFS_ENSEMBLE_Wheat_Spring_PRCP/cumulative dia 08 (2026-08-11 → 2026-08-19) 47553 bytes
2026-08-11 09:37:13,427 [INFO] [OK] USA/GFS_ENSEMBLE_Wheat_Spring_PRCP/cumulative dia 09 (2026-08-11 → 2026-08-20) 47703 bytes
2026-08-11 09:37:14,110 [INFO] [OK] USA/GFS_ENSEMBLE_Wheat_Spring_PRCP/cumulative dia 10 (2026-08-11 → 2026-08-21) 47517 bytes
2026-08-11 09:37:14,667 [INFO] [OK] USA/GFS_ENSEMBLE_Wheat_Spring_PRCP/cumulative dia 11 (2026-08-11 → 2026-08-22) 48050 bytes
2026-08-11 09:37:15,158 [INFO] [OK] USA/GFS_ENSEMBLE_Wheat_Spring_PRCP/cumulative dia 12 (2026-08-11 → 2026-08-23) 48457 bytes
2026-08-11 09:37:15,408 [INFO] [OK] USA/ECM_ENSEMBLE_Corn_PRCP_DEP/daily dia 00 (2026-08-11 → 2026-08-11) 54704 bytes
2026-08-11 09:37:15,840 [INFO] [OK] USA/ECM_ENSEMBLE_Corn_PRCP_DEP/daily dia 01 (2026-08-12 → 2026-08-12) 56565 bytes
2026-08-11 09:37:15,971 [INFO] [OK] USA/GFS_ENSEMBLE_Wheat_Spring_PRCP/cumulative dia 13 (2026-08-11 → 2026-08-24) 48334 bytes
2026-08-11 09:37:16,290 [INFO] [OK] USA/ECM_ENSEMBLE_Corn_PRCP_DEP/daily dia 02 (2026-08-13 → 2026-08-13) 54633 bytes
2026-08-11 09:37:16,602 [INFO] [OK] USA/GFS_ENSEMBLE_Wheat_Spring_PRCP/cumulative dia 14 (2026-08-11 → 2026-08-25) 48717 bytes
2026-08-11 09:37:16,877 [INFO] [OK] USA/ECM_ENSEMBLE_Corn_PRCP_DEP/daily dia 03 (2026-08-14 → 2026-08-14) 57113 bytes
2026-08-11 09:37:17,071 [INFO] [OK] USA/ECM_ENSEMBLE_Corn_PRCP_DEP/daily dia 04 (2026-08-15 → 2026-08-15) 55028 bytes
2026-08-11 09:37:17,606 [INFO] [OK] USA/ECM_ENSEMBLE_Corn_PRCP_DEP/daily dia 05 (2026-08-16 → 2026-08-16) 56643 bytes
2026-08-11 09:37:17,680 [INFO] [OK] USA/ECM_ENSEMBLE_Corn_PRCP_DEP/daily dia 06 (2026-08-17 → 2026-08-17) 58253 bytes
2026-08-11 09:37:17,970 [INFO] [OK] USA/ECM_ENSEMBLE_Corn_PRCP_DEP/daily dia 07 (2026-08-18 → 2026-08-18) 54528 bytes
2026-08-11 09:37:18,237 [INFO] [OK] USA/ECM_ENSEMBLE_Corn_PRCP_DEP/daily dia 08 (2026-08-19 → 2026-08-19) 55289 bytes
2026-08-11 09:37:18,829 [INFO] [OK] USA/ECM_ENSEMBLE_Corn_PRCP_DEP/daily dia 09 (2026-08-20 → 2026-08-20) 56273 bytes
2026-08-11 09:37:18,832 [INFO] [OK] USA/ECM_ENSEMBLE_Corn_PRCP_DEP/daily dia 10 (2026-08-21 → 2026-08-21) 57941 bytes
2026-08-11 09:37:19,290 [INFO] [OK] USA/ECM_ENSEMBLE_Corn_PRCP_DEP/daily dia 11 (2026-08-22 → 2026-08-22) 58527 bytes
2026-08-11 09:37:19,462 [INFO] [OK] USA/ECM_ENSEMBLE_Corn_PRCP_DEP/daily dia 12 (2026-08-23 → 2026-08-23) 58990 bytes
2026-08-11 09:37:19,678 [INFO] [OK] USA/ECM_ENSEMBLE_Corn_PRCP_DEP/daily dia 13 (2026-08-24 → 2026-08-24) 60112 bytes
2026-08-11 09:37:19,986 [INFO] [OK] USA/ECM_ENSEMBLE_Corn_PRCP_DEP/daily dia 14 (2026-08-25 → 2026-08-25) 58436 bytes
2026-08-11 09:37:20,614 [INFO] [OK] USA/ECM_ENSEMBLE_Corn_PRCP_DEP/cumulative dia 00 (2026-08-11 → 2026-08-11) 54704 bytes
2026-08-11 09:37:20,705 [INFO] [OK] USA/ECM_ENSEMBLE_Corn_PRCP_DEP/cumulative dia 01 (2026-08-11 → 2026-08-12) 58273 bytes
2026-08-11 09:37:21,329 [INFO] [OK] USA/ECM_ENSEMBLE_Corn_PRCP_DEP/cumulative dia 02 (2026-08-11 → 2026-08-13) 58047 bytes
2026-08-11 09:37:21,719 [INFO] [OK] USA/ECM_ENSEMBLE_Corn_PRCP_DEP/cumulative dia 03 (2026-08-11 → 2026-08-14) 57797 bytes
2026-08-11 09:37:21,891 [INFO] [OK] USA/ECM_ENSEMBLE_Corn_PRCP_DEP/cumulative dia 04 (2026-08-11 → 2026-08-15) 58295 bytes
2026-08-11 09:37:22,392 [INFO] [OK] USA/ECM_ENSEMBLE_Corn_PRCP_DEP/cumulative dia 05 (2026-08-11 → 2026-08-16) 58463 bytes
2026-08-11 09:37:23,429 [INFO] [OK] USA/ECM_ENSEMBLE_Corn_PRCP_DEP/cumulative dia 06 (2026-08-11 → 2026-08-17) 59017 bytes
2026-08-11 09:37:23,734 [INFO] [OK] USA/ECM_ENSEMBLE_Corn_PRCP_DEP/cumulative dia 07 (2026-08-11 → 2026-08-18) 58764 bytes
2026-08-11 09:37:24,585 [INFO] [OK] USA/ECM_ENSEMBLE_Corn_PRCP_DEP/cumulative dia 08 (2026-08-11 → 2026-08-19) 57770 bytes
2026-08-11 09:37:25,194 [INFO] [OK] USA/ECM_ENSEMBLE_Corn_PRCP_DEP/cumulative dia 10 (2026-08-11 → 2026-08-21) 57689 bytes
2026-08-11 09:37:25,233 [INFO] [OK] USA/ECM_ENSEMBLE_Corn_PRCP_DEP/cumulative dia 09 (2026-08-11 → 2026-08-20) 58067 bytes
2026-08-11 09:37:25,828 [INFO] [OK] USA/ECM_ENSEMBLE_Corn_PRCP_DEP/cumulative dia 11 (2026-08-11 → 2026-08-22) 57810 bytes
2026-08-11 09:37:27,122 [INFO] [OK] USA/ECM_ENSEMBLE_Corn_PRCP/daily dia 01 (2026-08-12 → 2026-08-12) 38695 bytes
2026-08-11 09:37:27,451 [INFO] [OK] USA/ECM_ENSEMBLE_Corn_PRCP_DEP/cumulative dia 13 (2026-08-11 → 2026-08-24) 58512 bytes
2026-08-11 09:37:27,468 [INFO] [OK] USA/ECM_ENSEMBLE_Corn_PRCP/daily dia 00 (2026-08-11 → 2026-08-11) 37384 bytes
2026-08-11 09:37:27,486 [INFO] [OK] USA/ECM_ENSEMBLE_Corn_PRCP_DEP/cumulative dia 12 (2026-08-11 → 2026-08-23) 58128 bytes
2026-08-11 09:37:27,764 [INFO] [OK] USA/ECM_ENSEMBLE_Corn_PRCP/daily dia 02 (2026-08-13 → 2026-08-13) 39534 bytes
2026-08-11 09:37:28,194 [INFO] [OK] USA/ECM_ENSEMBLE_Corn_PRCP_DEP/cumulative dia 14 (2026-08-11 → 2026-08-25) 58485 bytes
2026-08-11 09:37:28,728 [INFO] [OK] USA/ECM_ENSEMBLE_Corn_PRCP/daily dia 03 (2026-08-14 → 2026-08-14) 39012 bytes
2026-08-11 09:37:29,157 [INFO] [OK] USA/ECM_ENSEMBLE_Corn_PRCP/daily dia 05 (2026-08-16 → 2026-08-16) 36557 bytes
2026-08-11 09:37:29,167 [INFO] [OK] USA/ECM_ENSEMBLE_Corn_PRCP/daily dia 06 (2026-08-17 → 2026-08-17) 34941 bytes
2026-08-11 09:37:29,218 [INFO] [OK] USA/ECM_ENSEMBLE_Corn_PRCP/daily dia 04 (2026-08-15 → 2026-08-15) 37544 bytes
2026-08-11 09:37:29,429 [INFO] [OK] USA/ECM_ENSEMBLE_Corn_PRCP/daily dia 07 (2026-08-18 → 2026-08-18) 35570 bytes
2026-08-11 09:37:29,821 [INFO] [OK] USA/ECM_ENSEMBLE_Corn_PRCP/daily dia 08 (2026-08-19 → 2026-08-19) 36345 bytes
2026-08-11 09:37:30,360 [INFO] [OK] USA/ECM_ENSEMBLE_Corn_PRCP/daily dia 09 (2026-08-20 → 2026-08-20) 36293 bytes
2026-08-11 09:37:30,722 [INFO] [OK] USA/ECM_ENSEMBLE_Corn_PRCP/daily dia 11 (2026-08-22 → 2026-08-22) 35928 bytes
2026-08-11 09:37:30,814 [INFO] [OK] USA/ECM_ENSEMBLE_Corn_PRCP/daily dia 10 (2026-08-21 → 2026-08-21) 35861 bytes
2026-08-11 09:37:30,964 [INFO] [OK] USA/ECM_ENSEMBLE_Corn_PRCP/daily dia 12 (2026-08-23 → 2026-08-23) 35990 bytes
2026-08-11 09:37:31,122 [INFO] [OK] USA/ECM_ENSEMBLE_Corn_PRCP/daily dia 13 (2026-08-24 → 2026-08-24) 36584 bytes
2026-08-11 09:37:31,405 [INFO] [OK] USA/ECM_ENSEMBLE_Corn_PRCP/daily dia 14 (2026-08-25 → 2026-08-25) 35739 bytes
2026-08-11 09:37:32,108 [INFO] [OK] USA/ECM_ENSEMBLE_Corn_PRCP/cumulative dia 00 (2026-08-11 → 2026-08-11) 37384 bytes
2026-08-11 09:37:32,642 [INFO] [OK] USA/ECM_ENSEMBLE_Corn_PRCP/cumulative dia 01 (2026-08-11 → 2026-08-12) 41566 bytes
2026-08-11 09:37:32,927 [INFO] [OK] USA/ECM_ENSEMBLE_Corn_PRCP/cumulative dia 02 (2026-08-11 → 2026-08-13) 44639 bytes
2026-08-11 09:37:33,062 [INFO] [OK] USA/ECM_ENSEMBLE_Corn_PRCP/cumulative dia 03 (2026-08-11 → 2026-08-14) 47065 bytes
2026-08-11 09:37:33,404 [INFO] [OK] USA/ECM_ENSEMBLE_Corn_PRCP/cumulative dia 04 (2026-08-11 → 2026-08-15) 47842 bytes
2026-08-11 09:37:33,615 [INFO] [OK] USA/ECM_ENSEMBLE_Corn_PRCP/cumulative dia 05 (2026-08-11 → 2026-08-16) 49283 bytes
2026-08-11 09:37:34,498 [INFO] [OK] USA/ECM_ENSEMBLE_Corn_PRCP/cumulative dia 06 (2026-08-11 → 2026-08-17) 49799 bytes
2026-08-11 09:37:35,059 [INFO] [OK] USA/ECM_ENSEMBLE_Corn_PRCP/cumulative dia 07 (2026-08-11 → 2026-08-18) 50244 bytes
2026-08-11 09:37:35,473 [INFO] [OK] USA/ECM_ENSEMBLE_Corn_PRCP/cumulative dia 08 (2026-08-11 → 2026-08-19) 50245 bytes
2026-08-11 09:37:35,636 [INFO] [OK] USA/ECM_ENSEMBLE_Corn_PRCP/cumulative dia 09 (2026-08-11 → 2026-08-20) 50721 bytes
2026-08-11 09:37:36,219 [INFO] [OK] USA/ECM_ENSEMBLE_Corn_PRCP/cumulative dia 10 (2026-08-11 → 2026-08-21) 51293 bytes
2026-08-11 09:37:36,390 [INFO] [OK] USA/ECM_ENSEMBLE_Corn_PRCP/cumulative dia 11 (2026-08-11 → 2026-08-22) 51990 bytes
2026-08-11 09:37:37,336 [INFO] [OK] USA/ECM_ENSEMBLE_Corn_PRCP/cumulative dia 12 (2026-08-11 → 2026-08-23) 51883 bytes
2026-08-11 09:37:37,432 [INFO] [OK] USA/ECM_ENSEMBLE_Soy_PRCP_DEP/daily dia 00 (2026-08-11 → 2026-08-11) 54375 bytes
2026-08-11 09:37:38,151 [INFO] [OK] USA/ECM_ENSEMBLE_Corn_PRCP/cumulative dia 13 (2026-08-11 → 2026-08-24) 51729 bytes
2026-08-11 09:37:38,164 [INFO] [OK] USA/ECM_ENSEMBLE_Soy_PRCP_DEP/daily dia 01 (2026-08-12 → 2026-08-12) 56279 bytes
2026-08-11 09:37:38,235 [INFO] [OK] USA/ECM_ENSEMBLE_Soy_PRCP_DEP/daily dia 02 (2026-08-13 → 2026-08-13) 54465 bytes
2026-08-11 09:37:38,703 [INFO] [OK] USA/ECM_ENSEMBLE_Corn_PRCP/cumulative dia 14 (2026-08-11 → 2026-08-25) 52116 bytes
2026-08-11 09:37:39,279 [INFO] [OK] USA/ECM_ENSEMBLE_Soy_PRCP_DEP/daily dia 03 (2026-08-14 → 2026-08-14) 56830 bytes
2026-08-11 09:37:39,309 [INFO] [OK] USA/ECM_ENSEMBLE_Soy_PRCP_DEP/daily dia 04 (2026-08-15 → 2026-08-15) 54726 bytes
2026-08-11 09:37:39,834 [INFO] [OK] USA/ECM_ENSEMBLE_Soy_PRCP_DEP/daily dia 06 (2026-08-17 → 2026-08-17) 57914 bytes
2026-08-11 09:37:39,895 [INFO] [OK] USA/ECM_ENSEMBLE_Soy_PRCP_DEP/daily dia 05 (2026-08-16 → 2026-08-16) 56112 bytes
2026-08-11 09:37:39,936 [INFO] [OK] USA/ECM_ENSEMBLE_Soy_PRCP_DEP/daily dia 07 (2026-08-18 → 2026-08-18) 54286 bytes
2026-08-11 09:37:40,346 [INFO] [OK] USA/ECM_ENSEMBLE_Soy_PRCP_DEP/daily dia 08 (2026-08-19 → 2026-08-19) 55042 bytes
2026-08-11 09:37:40,919 [INFO] [OK] USA/ECM_ENSEMBLE_Soy_PRCP_DEP/daily dia 10 (2026-08-21 → 2026-08-21) 57686 bytes
2026-08-11 09:37:41,004 [INFO] [OK] USA/ECM_ENSEMBLE_Soy_PRCP_DEP/daily dia 09 (2026-08-20 → 2026-08-20) 56087 bytes
2026-08-11 09:37:41,528 [INFO] [OK] USA/ECM_ENSEMBLE_Soy_PRCP_DEP/daily dia 11 (2026-08-22 → 2026-08-22) 58077 bytes
2026-08-11 09:37:41,614 [INFO] [OK] USA/ECM_ENSEMBLE_Soy_PRCP_DEP/daily dia 12 (2026-08-23 → 2026-08-23) 58539 bytes
2026-08-11 09:37:41,829 [INFO] [OK] USA/ECM_ENSEMBLE_Soy_PRCP_DEP/daily dia 13 (2026-08-24 → 2026-08-24) 59690 bytes
2026-08-11 09:37:42,083 [INFO] [OK] USA/ECM_ENSEMBLE_Soy_PRCP_DEP/daily dia 14 (2026-08-25 → 2026-08-25) 58040 bytes
2026-08-11 09:37:42,813 [INFO] [OK] USA/ECM_ENSEMBLE_Soy_PRCP_DEP/cumulative dia 01 (2026-08-11 → 2026-08-12) 58189 bytes
2026-08-11 09:37:42,841 [INFO] [OK] USA/ECM_ENSEMBLE_Soy_PRCP_DEP/cumulative dia 00 (2026-08-11 → 2026-08-11) 54375 bytes
2026-08-11 09:37:43,552 [INFO] [OK] USA/ECM_ENSEMBLE_Soy_PRCP_DEP/cumulative dia 02 (2026-08-11 → 2026-08-13) 57759 bytes
2026-08-11 09:37:43,650 [INFO] [OK] USA/ECM_ENSEMBLE_Soy_PRCP_DEP/cumulative dia 03 (2026-08-11 → 2026-08-14) 57548 bytes
2026-08-11 09:37:43,794 [INFO] [OK] USA/ECM_ENSEMBLE_Soy_PRCP_DEP/cumulative dia 04 (2026-08-11 → 2026-08-15) 58114 bytes
2026-08-11 09:37:44,258 [INFO] [OK] USA/ECM_ENSEMBLE_Soy_PRCP_DEP/cumulative dia 05 (2026-08-11 → 2026-08-16) 58155 bytes
2026-08-11 09:37:45,119 [INFO] [OK] USA/ECM_ENSEMBLE_Soy_PRCP_DEP/cumulative dia 06 (2026-08-11 → 2026-08-17) 58704 bytes
2026-08-11 09:37:45,246 [INFO] [OK] USA/ECM_ENSEMBLE_Soy_PRCP_DEP/cumulative dia 07 (2026-08-11 → 2026-08-18) 58620 bytes
2026-08-11 09:37:46,211 [INFO] [OK] USA/ECM_ENSEMBLE_Soy_PRCP_DEP/cumulative dia 08 (2026-08-11 → 2026-08-19) 57428 bytes
2026-08-11 09:37:46,243 [INFO] [OK] USA/ECM_ENSEMBLE_Soy_PRCP_DEP/cumulative dia 09 (2026-08-11 → 2026-08-20) 57878 bytes
2026-08-11 09:37:46,503 [INFO] [OK] USA/ECM_ENSEMBLE_Soy_PRCP_DEP/cumulative dia 10 (2026-08-11 → 2026-08-21) 57559 bytes
2026-08-11 09:37:47,119 [INFO] [OK] USA/ECM_ENSEMBLE_Soy_PRCP_DEP/cumulative dia 11 (2026-08-11 → 2026-08-22) 57635 bytes
2026-08-11 09:37:47,969 [INFO] [OK] USA/ECM_ENSEMBLE_Soy_PRCP/daily dia 00 (2026-08-11 → 2026-08-11) 36889 bytes
2026-08-11 09:37:48,158 [INFO] [OK] USA/ECM_ENSEMBLE_Soy_PRCP_DEP/cumulative dia 13 (2026-08-11 → 2026-08-24) 58379 bytes
2026-08-11 09:37:48,192 [INFO] [OK] USA/ECM_ENSEMBLE_Soy_PRCP_DEP/cumulative dia 12 (2026-08-11 → 2026-08-23) 57914 bytes
2026-08-11 09:37:48,270 [INFO] [OK] USA/ECM_ENSEMBLE_Soy_PRCP/daily dia 01 (2026-08-12 → 2026-08-12) 38288 bytes
2026-08-11 09:37:48,795 [INFO] [OK] USA/ECM_ENSEMBLE_Soy_PRCP/daily dia 02 (2026-08-13 → 2026-08-13) 39082 bytes
2026-08-11 09:37:49,252 [INFO] [OK] USA/ECM_ENSEMBLE_Soy_PRCP_DEP/cumulative dia 14 (2026-08-11 → 2026-08-25) 58325 bytes
2026-08-11 09:37:49,763 [INFO] [OK] USA/ECM_ENSEMBLE_Soy_PRCP/daily dia 05 (2026-08-16 → 2026-08-16) 36335 bytes
2026-08-11 09:37:49,902 [INFO] [OK] USA/ECM_ENSEMBLE_Soy_PRCP/daily dia 04 (2026-08-15 → 2026-08-15) 37275 bytes
2026-08-11 09:37:50,025 [INFO] [OK] USA/ECM_ENSEMBLE_Soy_PRCP/daily dia 03 (2026-08-14 → 2026-08-14) 38596 bytes
2026-08-11 09:37:50,073 [INFO] [OK] USA/ECM_ENSEMBLE_Soy_PRCP/daily dia 06 (2026-08-17 → 2026-08-17) 34690 bytes
2026-08-11 09:37:50,427 [INFO] [OK] USA/ECM_ENSEMBLE_Soy_PRCP/daily dia 07 (2026-08-18 → 2026-08-18) 35001 bytes
2026-08-11 09:37:50,819 [INFO] [OK] USA/ECM_ENSEMBLE_Soy_PRCP/daily dia 08 (2026-08-19 → 2026-08-19) 35900 bytes
2026-08-11 09:37:51,404 [INFO] [OK] USA/ECM_ENSEMBLE_Soy_PRCP/daily dia 09 (2026-08-20 → 2026-08-20) 35915 bytes
2026-08-11 09:37:51,549 [INFO] [OK] USA/ECM_ENSEMBLE_Soy_PRCP/daily dia 10 (2026-08-21 → 2026-08-21) 35695 bytes
2026-08-11 09:37:51,681 [INFO] [OK] USA/ECM_ENSEMBLE_Soy_PRCP/daily dia 11 (2026-08-22 → 2026-08-22) 35510 bytes
2026-08-11 09:37:51,691 [INFO] [OK] USA/ECM_ENSEMBLE_Soy_PRCP/daily dia 12 (2026-08-23 → 2026-08-23) 35484 bytes
2026-08-11 09:37:52,049 [INFO] [OK] USA/ECM_ENSEMBLE_Soy_PRCP/daily dia 13 (2026-08-24 → 2026-08-24) 36262 bytes
2026-08-11 09:37:52,326 [INFO] [OK] USA/ECM_ENSEMBLE_Soy_PRCP/daily dia 14 (2026-08-25 → 2026-08-25) 35248 bytes
2026-08-11 09:37:52,952 [INFO] [OK] USA/ECM_ENSEMBLE_Soy_PRCP/cumulative dia 00 (2026-08-11 → 2026-08-11) 36889 bytes
2026-08-11 09:37:53,208 [INFO] [OK] USA/ECM_ENSEMBLE_Soy_PRCP/cumulative dia 01 (2026-08-11 → 2026-08-12) 41142 bytes
2026-08-11 09:37:53,449 [INFO] [OK] USA/ECM_ENSEMBLE_Soy_PRCP/cumulative dia 02 (2026-08-11 → 2026-08-13) 44288 bytes
2026-08-11 09:37:53,521 [INFO] [OK] USA/ECM_ENSEMBLE_Soy_PRCP/cumulative dia 03 (2026-08-11 → 2026-08-14) 46747 bytes
2026-08-11 09:37:54,045 [INFO] [OK] USA/ECM_ENSEMBLE_Soy_PRCP/cumulative dia 04 (2026-08-11 → 2026-08-15) 47589 bytes
2026-08-11 09:37:54,404 [INFO] [OK] USA/ECM_ENSEMBLE_Soy_PRCP/cumulative dia 05 (2026-08-11 → 2026-08-16) 48860 bytes
2026-08-11 09:37:55,131 [INFO] [OK] USA/ECM_ENSEMBLE_Soy_PRCP/cumulative dia 06 (2026-08-11 → 2026-08-17) 49334 bytes
2026-08-11 09:37:55,560 [INFO] [OK] USA/ECM_ENSEMBLE_Soy_PRCP/cumulative dia 07 (2026-08-11 → 2026-08-18) 49963 bytes
2026-08-11 09:37:55,997 [INFO] [OK] USA/ECM_ENSEMBLE_Soy_PRCP/cumulative dia 08 (2026-08-11 → 2026-08-19) 50063 bytes
2026-08-11 09:37:56,025 [INFO] [OK] USA/ECM_ENSEMBLE_Soy_PRCP/cumulative dia 09 (2026-08-11 → 2026-08-20) 50427 bytes
2026-08-11 09:37:56,657 [INFO] [OK] USA/ECM_ENSEMBLE_Soy_PRCP/cumulative dia 10 (2026-08-11 → 2026-08-21) 51067 bytes
2026-08-11 09:37:57,050 [INFO] [OK] USA/ECM_ENSEMBLE_Soy_PRCP/cumulative dia 11 (2026-08-11 → 2026-08-22) 51565 bytes
2026-08-11 09:37:57,825 [INFO] [OK] USA/ECM_ENSEMBLE_Wheat_Winter_PRCP_DEP/daily dia 00 (2026-08-11 → 2026-08-11) 55926 bytes
2026-08-11 09:37:58,031 [INFO] [OK] USA/ECM_ENSEMBLE_Soy_PRCP/cumulative dia 12 (2026-08-11 → 2026-08-23) 51515 bytes
2026-08-11 09:37:58,481 [INFO] [OK] USA/ECM_ENSEMBLE_Soy_PRCP/cumulative dia 13 (2026-08-11 → 2026-08-24) 51156 bytes
2026-08-11 09:37:58,489 [INFO] [OK] USA/ECM_ENSEMBLE_Wheat_Winter_PRCP_DEP/daily dia 01 (2026-08-12 → 2026-08-12) 57582 bytes
2026-08-11 09:37:58,703 [INFO] [OK] USA/ECM_ENSEMBLE_Wheat_Winter_PRCP_DEP/daily dia 02 (2026-08-13 → 2026-08-13) 56172 bytes
2026-08-11 09:37:59,231 [INFO] [OK] USA/ECM_ENSEMBLE_Soy_PRCP/cumulative dia 14 (2026-08-11 → 2026-08-25) 51741 bytes
2026-08-11 09:37:59,537 [INFO] [OK] USA/ECM_ENSEMBLE_Wheat_Winter_PRCP_DEP/daily dia 03 (2026-08-14 → 2026-08-14) 58602 bytes
2026-08-11 09:37:59,784 [INFO] [OK] USA/ECM_ENSEMBLE_Wheat_Winter_PRCP_DEP/daily dia 04 (2026-08-15 → 2026-08-15) 56517 bytes
2026-08-11 09:38:01,365 [INFO] [OK] USA/ECM_ENSEMBLE_Wheat_Winter_PRCP_DEP/daily dia 07 (2026-08-18 → 2026-08-18) 55931 bytes
2026-08-11 09:38:01,372 [INFO] [OK] USA/ECM_ENSEMBLE_Wheat_Winter_PRCP_DEP/daily dia 08 (2026-08-19 → 2026-08-19) 56469 bytes
2026-08-11 09:38:01,408 [INFO] [OK] USA/ECM_ENSEMBLE_Wheat_Winter_PRCP_DEP/daily dia 06 (2026-08-17 → 2026-08-17) 59792 bytes
2026-08-11 09:38:01,414 [INFO] [OK] USA/ECM_ENSEMBLE_Wheat_Winter_PRCP_DEP/daily dia 05 (2026-08-16 → 2026-08-16) 57926 bytes
2026-08-11 09:38:01,509 [INFO] [OK] USA/ECM_ENSEMBLE_Wheat_Winter_PRCP_DEP/daily dia 09 (2026-08-20 → 2026-08-20) 57482 bytes
2026-08-11 09:38:02,652 [INFO] [OK] USA/ECM_ENSEMBLE_Wheat_Winter_PRCP_DEP/daily dia 10 (2026-08-21 → 2026-08-21) 59725 bytes
2026-08-11 09:38:03,152 [INFO] [OK] USA/ECM_ENSEMBLE_Wheat_Winter_PRCP_DEP/daily dia 11 (2026-08-22 → 2026-08-22) 59940 bytes
2026-08-11 09:38:03,288 [INFO] [OK] USA/ECM_ENSEMBLE_Wheat_Winter_PRCP_DEP/daily dia 13 (2026-08-24 → 2026-08-24) 61166 bytes
2026-08-11 09:38:03,296 [INFO] [OK] USA/ECM_ENSEMBLE_Wheat_Winter_PRCP_DEP/daily dia 14 (2026-08-25 → 2026-08-25) 59908 bytes
2026-08-11 09:38:03,312 [INFO] [OK] USA/ECM_ENSEMBLE_Wheat_Winter_PRCP_DEP/daily dia 12 (2026-08-23 → 2026-08-23) 60419 bytes
2026-08-11 09:38:03,391 [INFO] [OK] USA/ECM_ENSEMBLE_Wheat_Winter_PRCP_DEP/cumulative dia 00 (2026-08-11 → 2026-08-11) 55926 bytes
2026-08-11 09:38:04,391 [INFO] [OK] USA/ECM_ENSEMBLE_Wheat_Winter_PRCP_DEP/cumulative dia 01 (2026-08-11 → 2026-08-12) 59255 bytes
2026-08-11 09:38:04,967 [INFO] [OK] USA/ECM_ENSEMBLE_Wheat_Winter_PRCP_DEP/cumulative dia 02 (2026-08-11 → 2026-08-13) 59092 bytes
2026-08-11 09:38:05,565 [INFO] [OK] USA/ECM_ENSEMBLE_Wheat_Winter_PRCP_DEP/cumulative dia 03 (2026-08-11 → 2026-08-14) 58901 bytes
2026-08-11 09:38:05,795 [INFO] [OK] USA/ECM_ENSEMBLE_Wheat_Winter_PRCP_DEP/cumulative dia 04 (2026-08-11 → 2026-08-15) 59564 bytes
2026-08-11 09:38:05,882 [INFO] [OK] USA/ECM_ENSEMBLE_Wheat_Winter_PRCP_DEP/cumulative dia 05 (2026-08-11 → 2026-08-16) 59427 bytes
2026-08-11 09:38:05,886 [INFO] [OK] USA/ECM_ENSEMBLE_Wheat_Winter_PRCP_DEP/cumulative dia 06 (2026-08-11 → 2026-08-17) 60103 bytes
2026-08-11 09:38:06,829 [INFO] [OK] USA/ECM_ENSEMBLE_Wheat_Winter_PRCP_DEP/cumulative dia 07 (2026-08-11 → 2026-08-18) 60080 bytes
2026-08-11 09:38:07,336 [INFO] [OK] USA/ECM_ENSEMBLE_Wheat_Winter_PRCP_DEP/cumulative dia 08 (2026-08-11 → 2026-08-19) 58937 bytes
2026-08-11 09:38:08,073 [INFO] [OK] USA/ECM_ENSEMBLE_Wheat_Winter_PRCP_DEP/cumulative dia 09 (2026-08-11 → 2026-08-20) 59115 bytes
2026-08-11 09:38:08,574 [INFO] [OK] USA/ECM_ENSEMBLE_Wheat_Winter_PRCP_DEP/cumulative dia 10 (2026-08-11 → 2026-08-21) 58804 bytes
2026-08-11 09:38:08,897 [INFO] [OK] USA/ECM_ENSEMBLE_Wheat_Winter_PRCP_DEP/cumulative dia 12 (2026-08-11 → 2026-08-23) 59238 bytes
2026-08-11 09:38:08,930 [INFO] [OK] USA/ECM_ENSEMBLE_Wheat_Winter_PRCP_DEP/cumulative dia 11 (2026-08-11 → 2026-08-22) 59016 bytes
2026-08-11 09:38:09,670 [INFO] [OK] USA/ECM_ENSEMBLE_Wheat_Winter_PRCP/daily dia 00 (2026-08-11 → 2026-08-11) 38475 bytes
2026-08-11 09:38:09,939 [INFO] [OK] USA/ECM_ENSEMBLE_Wheat_Winter_PRCP_DEP/cumulative dia 13 (2026-08-11 → 2026-08-24) 59712 bytes
2026-08-11 09:38:10,154 [INFO] [OK] USA/ECM_ENSEMBLE_Wheat_Winter_PRCP/daily dia 01 (2026-08-12 → 2026-08-12) 39792 bytes
2026-08-11 09:38:10,533 [INFO] [OK] USA/ECM_ENSEMBLE_Wheat_Winter_PRCP/daily dia 03 (2026-08-14 → 2026-08-14) 40103 bytes
2026-08-11 09:38:10,535 [INFO] [OK] USA/ECM_ENSEMBLE_Wheat_Winter_PRCP_DEP/cumulative dia 14 (2026-08-11 → 2026-08-25) 59813 bytes
2026-08-11 09:38:10,551 [INFO] [OK] USA/ECM_ENSEMBLE_Wheat_Winter_PRCP/daily dia 02 (2026-08-13 → 2026-08-13) 40624 bytes
2026-08-11 09:38:11,223 [INFO] [OK] USA/ECM_ENSEMBLE_Wheat_Winter_PRCP/daily dia 04 (2026-08-15 → 2026-08-15) 38858 bytes
2026-08-11 09:38:11,535 [INFO] [OK] USA/ECM_ENSEMBLE_Wheat_Winter_PRCP/daily dia 05 (2026-08-16 → 2026-08-16) 37894 bytes
2026-08-11 09:38:11,775 [INFO] [OK] USA/ECM_ENSEMBLE_Wheat_Winter_PRCP/daily dia 06 (2026-08-17 → 2026-08-17) 36162 bytes
2026-08-11 09:38:12,143 [INFO] [OK] USA/ECM_ENSEMBLE_Wheat_Winter_PRCP/daily dia 08 (2026-08-19 → 2026-08-19) 37405 bytes
2026-08-11 09:38:12,255 [INFO] [OK] USA/ECM_ENSEMBLE_Wheat_Winter_PRCP/daily dia 09 (2026-08-20 → 2026-08-20) 37261 bytes
2026-08-11 09:38:12,300 [INFO] [OK] USA/ECM_ENSEMBLE_Wheat_Winter_PRCP/daily dia 07 (2026-08-18 → 2026-08-18) 36530 bytes
2026-08-11 09:38:12,816 [INFO] [OK] USA/ECM_ENSEMBLE_Wheat_Winter_PRCP/daily dia 10 (2026-08-21 → 2026-08-21) 37031 bytes
2026-08-11 09:38:13,122 [INFO] [OK] USA/ECM_ENSEMBLE_Wheat_Winter_PRCP/daily dia 11 (2026-08-22 → 2026-08-22) 37056 bytes
2026-08-11 09:38:13,330 [INFO] [OK] USA/ECM_ENSEMBLE_Wheat_Winter_PRCP/daily dia 12 (2026-08-23 → 2026-08-23) 36947 bytes
2026-08-11 09:38:14,226 [INFO] [OK] USA/ECM_ENSEMBLE_Wheat_Winter_PRCP/daily dia 13 (2026-08-24 → 2026-08-24) 37788 bytes
2026-08-11 09:38:14,229 [INFO] [OK] USA/ECM_ENSEMBLE_Wheat_Winter_PRCP/cumulative dia 00 (2026-08-11 → 2026-08-11) 38475 bytes
2026-08-11 09:38:14,248 [INFO] [OK] USA/ECM_ENSEMBLE_Wheat_Winter_PRCP/daily dia 14 (2026-08-25 → 2026-08-25) 36760 bytes
2026-08-11 09:38:14,582 [INFO] [OK] USA/ECM_ENSEMBLE_Wheat_Winter_PRCP/cumulative dia 01 (2026-08-11 → 2026-08-12) 42589 bytes
2026-08-11 09:38:14,964 [INFO] [OK] USA/ECM_ENSEMBLE_Wheat_Winter_PRCP/cumulative dia 02 (2026-08-11 → 2026-08-13) 45693 bytes
2026-08-11 09:38:15,190 [INFO] [OK] USA/ECM_ENSEMBLE_Wheat_Winter_PRCP/cumulative dia 03 (2026-08-11 → 2026-08-14) 48228 bytes
2026-08-11 09:38:16,394 [INFO] [OK] USA/ECM_ENSEMBLE_Wheat_Winter_PRCP/cumulative dia 04 (2026-08-11 → 2026-08-15) 49131 bytes
2026-08-11 09:38:16,440 [INFO] [OK] USA/ECM_ENSEMBLE_Wheat_Winter_PRCP/cumulative dia 05 (2026-08-11 → 2026-08-16) 50387 bytes
2026-08-11 09:38:16,582 [INFO] [OK] USA/ECM_ENSEMBLE_Wheat_Winter_PRCP/cumulative dia 06 (2026-08-11 → 2026-08-17) 50899 bytes
2026-08-11 09:38:17,029 [INFO] [OK] USA/ECM_ENSEMBLE_Wheat_Winter_PRCP/cumulative dia 07 (2026-08-11 → 2026-08-18) 51605 bytes
2026-08-11 09:38:17,406 [INFO] [OK] USA/ECM_ENSEMBLE_Wheat_Winter_PRCP/cumulative dia 08 (2026-08-11 → 2026-08-19) 51566 bytes
2026-08-11 09:38:17,670 [INFO] [OK] USA/ECM_ENSEMBLE_Wheat_Winter_PRCP/cumulative dia 09 (2026-08-11 → 2026-08-20) 52061 bytes
2026-08-11 09:38:19,215 [INFO] [OK] USA/ECM_ENSEMBLE_Wheat_Winter_PRCP/cumulative dia 10 (2026-08-11 → 2026-08-21) 52584 bytes
2026-08-11 09:38:19,439 [INFO] [OK] USA/ECM_ENSEMBLE_Wheat_Winter_PRCP/cumulative dia 11 (2026-08-11 → 2026-08-22) 53273 bytes
2026-08-11 09:38:19,668 [INFO] [OK] USA/ECM_ENSEMBLE_Wheat_Winter_PRCP/cumulative dia 12 (2026-08-11 → 2026-08-23) 53229 bytes
2026-08-11 09:38:19,735 [INFO] [OK] USA/ECM_ENSEMBLE_Wheat_Spring_PRCP_DEP/daily dia 00 (2026-08-11 → 2026-08-11) 52774 bytes
2026-08-11 09:38:20,268 [INFO] [OK] USA/ECM_ENSEMBLE_Wheat_Winter_PRCP/cumulative dia 13 (2026-08-11 → 2026-08-24) 52905 bytes
2026-08-11 09:38:20,566 [INFO] [OK] USA/ECM_ENSEMBLE_Wheat_Winter_PRCP/cumulative dia 14 (2026-08-11 → 2026-08-25) 53415 bytes
2026-08-11 09:38:21,251 [INFO] [OK] USA/ECM_ENSEMBLE_Wheat_Spring_PRCP_DEP/daily dia 01 (2026-08-12 → 2026-08-12) 54380 bytes
2026-08-11 09:38:21,288 [INFO] [OK] USA/ECM_ENSEMBLE_Wheat_Spring_PRCP_DEP/daily dia 02 (2026-08-13 → 2026-08-13) 52711 bytes
2026-08-11 09:38:21,310 [INFO] [OK] USA/ECM_ENSEMBLE_Wheat_Spring_PRCP_DEP/daily dia 03 (2026-08-14 → 2026-08-14) 54703 bytes
2026-08-11 09:38:21,452 [INFO] [OK] USA/ECM_ENSEMBLE_Wheat_Spring_PRCP_DEP/daily dia 04 (2026-08-15 → 2026-08-15) 53134 bytes
2026-08-11 09:38:22,084 [INFO] [OK] USA/ECM_ENSEMBLE_Wheat_Spring_PRCP_DEP/daily dia 05 (2026-08-16 → 2026-08-16) 54378 bytes
2026-08-11 09:38:22,282 [INFO] [OK] USA/ECM_ENSEMBLE_Wheat_Spring_PRCP_DEP/daily dia 06 (2026-08-17 → 2026-08-17) 56518 bytes
2026-08-11 09:38:23,130 [INFO] [OK] USA/ECM_ENSEMBLE_Wheat_Spring_PRCP_DEP/daily dia 09 (2026-08-20 → 2026-08-20) 53880 bytes
2026-08-11 09:38:23,133 [INFO] [OK] USA/ECM_ENSEMBLE_Wheat_Spring_PRCP_DEP/daily dia 07 (2026-08-18 → 2026-08-18) 51792 bytes
2026-08-11 09:38:23,138 [INFO] [OK] USA/ECM_ENSEMBLE_Wheat_Spring_PRCP_DEP/daily dia 08 (2026-08-19 → 2026-08-19) 52371 bytes
2026-08-11 09:38:23,140 [INFO] [OK] USA/ECM_ENSEMBLE_Wheat_Spring_PRCP_DEP/daily dia 10 (2026-08-21 → 2026-08-21) 55861 bytes
2026-08-11 09:38:23,863 [INFO] [OK] USA/ECM_ENSEMBLE_Wheat_Spring_PRCP_DEP/daily dia 11 (2026-08-22 → 2026-08-22) 56056 bytes
2026-08-11 09:38:23,898 [INFO] [OK] USA/ECM_ENSEMBLE_Wheat_Spring_PRCP_DEP/daily dia 12 (2026-08-23 → 2026-08-23) 56780 bytes
2026-08-11 09:38:24,831 [INFO] [OK] USA/ECM_ENSEMBLE_Wheat_Spring_PRCP_DEP/cumulative dia 00 (2026-08-11 → 2026-08-11) 52774 bytes
2026-08-11 09:38:24,840 [INFO] [OK] USA/ECM_ENSEMBLE_Wheat_Spring_PRCP_DEP/daily dia 14 (2026-08-25 → 2026-08-25) 56284 bytes
2026-08-11 09:38:25,041 [INFO] [OK] USA/ECM_ENSEMBLE_Wheat_Spring_PRCP_DEP/cumulative dia 01 (2026-08-11 → 2026-08-12) 56432 bytes
2026-08-11 09:38:25,068 [INFO] [OK] USA/ECM_ENSEMBLE_Wheat_Spring_PRCP_DEP/daily dia 13 (2026-08-24 → 2026-08-24) 57574 bytes
2026-08-11 09:38:25,619 [INFO] [OK] USA/ECM_ENSEMBLE_Wheat_Spring_PRCP_DEP/cumulative dia 02 (2026-08-11 → 2026-08-13) 55951 bytes
2026-08-11 09:38:25,923 [INFO] [OK] USA/ECM_ENSEMBLE_Wheat_Spring_PRCP_DEP/cumulative dia 03 (2026-08-11 → 2026-08-14) 55591 bytes
2026-08-11 09:38:26,963 [INFO] [OK] USA/ECM_ENSEMBLE_Wheat_Spring_PRCP_DEP/cumulative dia 04 (2026-08-11 → 2026-08-15) 56150 bytes
2026-08-11 09:38:27,171 [INFO] [OK] USA/ECM_ENSEMBLE_Wheat_Spring_PRCP_DEP/cumulative dia 05 (2026-08-11 → 2026-08-16) 56103 bytes
2026-08-11 09:38:27,352 [INFO] [OK] USA/ECM_ENSEMBLE_Wheat_Spring_PRCP_DEP/cumulative dia 06 (2026-08-11 → 2026-08-17) 56712 bytes
2026-08-11 09:38:27,454 [INFO] [OK] USA/ECM_ENSEMBLE_Wheat_Spring_PRCP_DEP/cumulative dia 07 (2026-08-11 → 2026-08-18) 56476 bytes
2026-08-11 09:38:28,216 [INFO] [OK] USA/ECM_ENSEMBLE_Wheat_Spring_PRCP_DEP/cumulative dia 08 (2026-08-11 → 2026-08-19) 55271 bytes
2026-08-11 09:38:28,422 [INFO] [OK] USA/ECM_ENSEMBLE_Wheat_Spring_PRCP_DEP/cumulative dia 09 (2026-08-11 → 2026-08-20) 55378 bytes
2026-08-11 09:38:29,652 [INFO] [OK] USA/ECM_ENSEMBLE_Wheat_Spring_PRCP_DEP/cumulative dia 10 (2026-08-11 → 2026-08-21) 55182 bytes
2026-08-11 09:38:30,064 [INFO] [OK] USA/ECM_ENSEMBLE_Wheat_Spring_PRCP_DEP/cumulative dia 11 (2026-08-11 → 2026-08-22) 55218 bytes
2026-08-11 09:38:30,094 [INFO] [OK] USA/ECM_ENSEMBLE_Wheat_Spring_PRCP/daily dia 00 (2026-08-11 → 2026-08-11) 35261 bytes
2026-08-11 09:38:30,341 [INFO] [OK] USA/ECM_ENSEMBLE_Wheat_Spring_PRCP_DEP/cumulative dia 12 (2026-08-11 → 2026-08-23) 55387 bytes
2026-08-11 09:38:30,686 [INFO] [OK] USA/ECM_ENSEMBLE_Wheat_Spring_PRCP_DEP/cumulative dia 13 (2026-08-11 → 2026-08-24) 55907 bytes
2026-08-11 09:38:31,149 [INFO] [OK] USA/ECM_ENSEMBLE_Wheat_Spring_PRCP/daily dia 01 (2026-08-12 → 2026-08-12) 36707 bytes
2026-08-11 09:38:31,323 [INFO] [OK] USA/ECM_ENSEMBLE_Wheat_Spring_PRCP_DEP/cumulative dia 14 (2026-08-11 → 2026-08-25) 55958 bytes
2026-08-11 09:38:31,702 [INFO] [OK] USA/ECM_ENSEMBLE_Wheat_Spring_PRCP/daily dia 02 (2026-08-13 → 2026-08-13) 37465 bytes
2026-08-11 09:38:31,828 [INFO] [OK] USA/ECM_ENSEMBLE_Wheat_Spring_PRCP/daily dia 03 (2026-08-14 → 2026-08-14) 36887 bytes
2026-08-11 09:38:31,962 [INFO] [OK] USA/ECM_ENSEMBLE_Wheat_Spring_PRCP/daily dia 04 (2026-08-15 → 2026-08-15) 35688 bytes
2026-08-11 09:38:32,238 [INFO] [OK] USA/ECM_ENSEMBLE_Wheat_Spring_PRCP/daily dia 05 (2026-08-16 → 2026-08-16) 34445 bytes
2026-08-11 09:38:32,709 [INFO] [OK] USA/ECM_ENSEMBLE_Wheat_Spring_PRCP/daily dia 06 (2026-08-17 → 2026-08-17) 33100 bytes
2026-08-11 09:38:32,840 [INFO] [OK] USA/ECM_ENSEMBLE_Wheat_Spring_PRCP/daily dia 07 (2026-08-18 → 2026-08-18) 33782 bytes
2026-08-11 09:38:33,250 [INFO] [OK] USA/ECM_ENSEMBLE_Wheat_Spring_PRCP/daily dia 08 (2026-08-19 → 2026-08-19) 34458 bytes
2026-08-11 09:38:33,368 [INFO] [OK] USA/ECM_ENSEMBLE_Wheat_Spring_PRCP/daily dia 09 (2026-08-20 → 2026-08-20) 34354 bytes
2026-08-11 09:38:33,773 [INFO] [OK] USA/ECM_ENSEMBLE_Wheat_Spring_PRCP/daily dia 11 (2026-08-22 → 2026-08-22) 34134 bytes
2026-08-11 09:38:34,252 [INFO] [OK] USA/ECM_ENSEMBLE_Wheat_Spring_PRCP/daily dia 10 (2026-08-21 → 2026-08-21) 34228 bytes
2026-08-11 09:38:35,051 [INFO] [OK] USA/ECM_ENSEMBLE_Wheat_Spring_PRCP/daily dia 14 (2026-08-25 → 2026-08-25) 33996 bytes
2026-08-11 09:38:35,051 [INFO] [OK] USA/ECM_ENSEMBLE_Wheat_Spring_PRCP/daily dia 12 (2026-08-23 → 2026-08-23) 33907 bytes
2026-08-11 09:38:35,058 [INFO] [OK] USA/ECM_ENSEMBLE_Wheat_Spring_PRCP/daily dia 13 (2026-08-24 → 2026-08-24) 34822 bytes
2026-08-11 09:38:35,064 [INFO] [OK] USA/ECM_ENSEMBLE_Wheat_Spring_PRCP/cumulative dia 00 (2026-08-11 → 2026-08-11) 35261 bytes
2026-08-11 09:38:35,431 [INFO] [OK] USA/ECM_ENSEMBLE_Wheat_Spring_PRCP/cumulative dia 01 (2026-08-11 → 2026-08-12) 39403 bytes
2026-08-11 09:38:35,984 [INFO] [OK] USA/ECM_ENSEMBLE_Wheat_Spring_PRCP/cumulative dia 02 (2026-08-11 → 2026-08-13) 42161 bytes
2026-08-11 09:38:37,612 [INFO] [OK] USA/ECM_ENSEMBLE_Wheat_Spring_PRCP/cumulative dia 03 (2026-08-11 → 2026-08-14) 44530 bytes
2026-08-11 09:38:37,732 [INFO] [OK] USA/ECM_ENSEMBLE_Wheat_Spring_PRCP/cumulative dia 04 (2026-08-11 → 2026-08-15) 45581 bytes
2026-08-11 09:38:37,906 [INFO] [OK] USA/ECM_ENSEMBLE_Wheat_Spring_PRCP/cumulative dia 05 (2026-08-11 → 2026-08-16) 46857 bytes
2026-08-11 09:38:38,137 [INFO] [OK] USA/ECM_ENSEMBLE_Wheat_Spring_PRCP/cumulative dia 06 (2026-08-11 → 2026-08-17) 47208 bytes
2026-08-11 09:38:38,242 [INFO] [OK] USA/ECM_ENSEMBLE_Wheat_Spring_PRCP/cumulative dia 07 (2026-08-11 → 2026-08-18) 47891 bytes
2026-08-11 09:38:38,381 [INFO] [OK] USA/ECM_ENSEMBLE_Wheat_Spring_PRCP/cumulative dia 08 (2026-08-11 → 2026-08-19) 47734 bytes
2026-08-11 09:38:40,191 [INFO] [OK] USA/ECM_ENSEMBLE_Wheat_Spring_PRCP/cumulative dia 09 (2026-08-11 → 2026-08-20) 48358 bytes
2026-08-11 09:38:40,524 [INFO] [OK] USA/ECM_ENSEMBLE_Wheat_Spring_PRCP/cumulative dia 10 (2026-08-11 → 2026-08-21) 48933 bytes
2026-08-11 09:38:40,761 [INFO] [OK] USA/ECM_ENSEMBLE_Wheat_Spring_PRCP/cumulative dia 11 (2026-08-11 → 2026-08-22) 49480 bytes
2026-08-11 09:38:40,947 [INFO] [OK] USA/ECM_ENSEMBLE_Wheat_Spring_PRCP/cumulative dia 12 (2026-08-11 → 2026-08-23) 49459 bytes
2026-08-11 09:38:41,359 [INFO] [OK] USA/ECM_ENSEMBLE_Wheat_Spring_PRCP/cumulative dia 13 (2026-08-11 → 2026-08-24) 49047 bytes
2026-08-11 09:38:41,460 [INFO] [OK] USA/ECM_ENSEMBLE_Wheat_Spring_PRCP/cumulative dia 14 (2026-08-11 → 2026-08-25) 49590 bytes
2026-08-11 09:38:41,498 [INFO] Resumo: 960/960 sucessos, 0 erros
2026-08-11 09:38:42,710 [INFO] [CLEANUP] Removidas 480 pastas de histórico anteriores a 2026-07-12
2026-08-11 09:38:42,829 [INFO] Manifest: C:\Users\server\OneDrive - CGB Enterprises, Inc\ZGC-PBI Research - Documents\Dataset Data Files\Weather_maps\manifest.json
2026-08-11 09:38:42,835 [INFO] [GIT] Iniciando sincronização com GitHub...
2026-08-11 09:40:52,241 [INFO] [GIT] Sucesso ✓
2026-08-11 09:40:52,242 [INFO] ✓ Sincronizado com GitHub — Power BI atualiza no próximo refresh
