2026-07-29 09:33:18,929 [INFO] === Execução 2026-07-29 | modo=both | dias=15 | parâmetro=['PRCP_DEP', 'PRCP'] ===
2026-07-29 09:33:18,997 [INFO] Baixando 960 mapas com 6 threads...
2026-07-29 09:33:23,794 [INFO] [OK] Brazil/GFS_ENSEMBLE_Soy_PRCP_DEP/daily dia 00 (2026-07-29 → 2026-07-29) 40429 bytes
2026-07-29 09:33:23,801 [INFO] [OK] Brazil/GFS_ENSEMBLE_Soy_PRCP_DEP/daily dia 02 (2026-07-31 → 2026-07-31) 41585 bytes
2026-07-29 09:33:23,803 [INFO] [OK] Brazil/GFS_ENSEMBLE_Soy_PRCP_DEP/daily dia 01 (2026-07-30 → 2026-07-30) 38666 bytes
2026-07-29 09:33:23,856 [INFO] [OK] Brazil/GFS_ENSEMBLE_Soy_PRCP_DEP/daily dia 03 (2026-08-01 → 2026-08-01) 45437 bytes
2026-07-29 09:33:23,858 [INFO] [OK] Brazil/GFS_ENSEMBLE_Soy_PRCP_DEP/daily dia 05 (2026-08-03 → 2026-08-03) 48158 bytes
2026-07-29 09:33:24,016 [INFO] [OK] Brazil/GFS_ENSEMBLE_Soy_PRCP_DEP/daily dia 04 (2026-08-02 → 2026-08-02) 46763 bytes
2026-07-29 09:33:26,550 [INFO] [OK] Brazil/GFS_ENSEMBLE_Soy_PRCP_DEP/daily dia 08 (2026-08-06 → 2026-08-06) 50428 bytes
2026-07-29 09:33:26,632 [INFO] [OK] Brazil/GFS_ENSEMBLE_Soy_PRCP_DEP/daily dia 06 (2026-08-04 → 2026-08-04) 49959 bytes
2026-07-29 09:33:26,638 [INFO] [OK] Brazil/GFS_ENSEMBLE_Soy_PRCP_DEP/daily dia 07 (2026-08-05 → 2026-08-05) 49449 bytes
2026-07-29 09:33:26,873 [INFO] [OK] Brazil/GFS_ENSEMBLE_Soy_PRCP_DEP/daily dia 09 (2026-08-07 → 2026-08-07) 50546 bytes
2026-07-29 09:33:26,993 [INFO] [OK] Brazil/GFS_ENSEMBLE_Soy_PRCP_DEP/daily dia 10 (2026-08-08 → 2026-08-08) 50673 bytes
2026-07-29 09:33:27,126 [INFO] [OK] Brazil/GFS_ENSEMBLE_Soy_PRCP_DEP/daily dia 11 (2026-08-09 → 2026-08-09) 49924 bytes
2026-07-29 09:33:29,094 [INFO] [OK] Brazil/GFS_ENSEMBLE_Soy_PRCP_DEP/daily dia 12 (2026-08-10 → 2026-08-10) 52201 bytes
2026-07-29 09:33:29,381 [INFO] [OK] Brazil/GFS_ENSEMBLE_Soy_PRCP_DEP/daily dia 14 (2026-08-12 → 2026-08-12) 51835 bytes
2026-07-29 09:33:29,679 [INFO] [OK] Brazil/GFS_ENSEMBLE_Soy_PRCP_DEP/daily dia 13 (2026-08-11 → 2026-08-11) 52123 bytes
2026-07-29 09:33:29,927 [INFO] [OK] Brazil/GFS_ENSEMBLE_Soy_PRCP_DEP/cumulative dia 01 (2026-07-29 → 2026-07-30) 40696 bytes
2026-07-29 09:33:30,086 [INFO] [OK] Brazil/GFS_ENSEMBLE_Soy_PRCP_DEP/cumulative dia 00 (2026-07-29 → 2026-07-29) 40429 bytes
2026-07-29 09:33:30,795 [INFO] [OK] Brazil/GFS_ENSEMBLE_Soy_PRCP_DEP/cumulative dia 02 (2026-07-29 → 2026-07-31) 42510 bytes
2026-07-29 09:33:33,280 [INFO] [OK] Brazil/GFS_ENSEMBLE_Soy_PRCP_DEP/cumulative dia 03 (2026-07-29 → 2026-08-01) 45950 bytes
2026-07-29 09:33:33,894 [INFO] [OK] Brazil/GFS_ENSEMBLE_Soy_PRCP_DEP/cumulative dia 04 (2026-07-29 → 2026-08-02) 47469 bytes
2026-07-29 09:33:34,676 [INFO] [OK] Brazil/GFS_ENSEMBLE_Soy_PRCP_DEP/cumulative dia 05 (2026-07-29 → 2026-08-03) 48295 bytes
2026-07-29 09:33:34,936 [INFO] [OK] Brazil/GFS_ENSEMBLE_Soy_PRCP_DEP/cumulative dia 06 (2026-07-29 → 2026-08-04) 49325 bytes
2026-07-29 09:33:35,859 [INFO] [OK] Brazil/GFS_ENSEMBLE_Soy_PRCP_DEP/cumulative dia 07 (2026-07-29 → 2026-08-05) 51385 bytes
2026-07-29 09:33:36,798 [INFO] [OK] Brazil/GFS_ENSEMBLE_Soy_PRCP_DEP/cumulative dia 08 (2026-07-29 → 2026-08-06) 52617 bytes
2026-07-29 09:33:39,508 [INFO] [OK] Brazil/GFS_ENSEMBLE_Soy_PRCP_DEP/cumulative dia 09 (2026-07-29 → 2026-08-07) 52824 bytes
2026-07-29 09:33:40,369 [INFO] [OK] Brazil/GFS_ENSEMBLE_Soy_PRCP_DEP/cumulative dia 10 (2026-07-29 → 2026-08-08) 53226 bytes
2026-07-29 09:33:41,422 [INFO] [OK] Brazil/GFS_ENSEMBLE_Soy_PRCP_DEP/cumulative dia 11 (2026-07-29 → 2026-08-09) 53141 bytes
2026-07-29 09:33:42,175 [INFO] [OK] Brazil/GFS_ENSEMBLE_Soy_PRCP/daily dia 00 (2026-07-29 → 2026-07-29) 29584 bytes
2026-07-29 09:33:42,234 [INFO] [OK] Brazil/GFS_ENSEMBLE_Soy_PRCP_DEP/cumulative dia 12 (2026-07-29 → 2026-08-10) 53252 bytes
2026-07-29 09:33:43,107 [INFO] [OK] Brazil/GFS_ENSEMBLE_Soy_PRCP/daily dia 01 (2026-07-30 → 2026-07-30) 29884 bytes
2026-07-29 09:33:43,157 [INFO] [OK] Brazil/GFS_ENSEMBLE_Soy_PRCP_DEP/cumulative dia 13 (2026-07-29 → 2026-08-11) 53596 bytes
2026-07-29 09:33:44,392 [INFO] [OK] Brazil/GFS_ENSEMBLE_Soy_PRCP/daily dia 02 (2026-07-31 → 2026-07-31) 31833 bytes
2026-07-29 09:33:44,661 [INFO] [OK] Brazil/GFS_ENSEMBLE_Soy_PRCP_DEP/cumulative dia 14 (2026-07-29 → 2026-08-12) 53684 bytes
2026-07-29 09:33:44,983 [INFO] [OK] Brazil/GFS_ENSEMBLE_Soy_PRCP/daily dia 04 (2026-08-02 → 2026-08-02) 31740 bytes
2026-07-29 09:33:45,115 [INFO] [OK] Brazil/GFS_ENSEMBLE_Soy_PRCP/daily dia 03 (2026-08-01 → 2026-08-01) 31578 bytes
2026-07-29 09:33:45,923 [INFO] [OK] Brazil/GFS_ENSEMBLE_Soy_PRCP/daily dia 05 (2026-08-03 → 2026-08-03) 31885 bytes
2026-07-29 09:33:46,018 [INFO] [OK] Brazil/GFS_ENSEMBLE_Soy_PRCP/daily dia 06 (2026-08-04 → 2026-08-04) 31523 bytes
2026-07-29 09:33:47,049 [INFO] [OK] Brazil/GFS_ENSEMBLE_Soy_PRCP/daily dia 07 (2026-08-05 → 2026-08-05) 31188 bytes
2026-07-29 09:33:47,235 [INFO] [OK] Brazil/GFS_ENSEMBLE_Soy_PRCP/daily dia 08 (2026-08-06 → 2026-08-06) 29914 bytes
2026-07-29 09:33:47,650 [INFO] [OK] Brazil/GFS_ENSEMBLE_Soy_PRCP/daily dia 09 (2026-08-07 → 2026-08-07) 29782 bytes
2026-07-29 09:33:47,789 [INFO] [OK] Brazil/GFS_ENSEMBLE_Soy_PRCP/daily dia 10 (2026-08-08 → 2026-08-08) 29979 bytes
2026-07-29 09:33:48,830 [INFO] [OK] Brazil/GFS_ENSEMBLE_Soy_PRCP/daily dia 11 (2026-08-09 → 2026-08-09) 29938 bytes
2026-07-29 09:33:48,912 [INFO] [OK] Brazil/GFS_ENSEMBLE_Soy_PRCP/daily dia 12 (2026-08-10 → 2026-08-10) 30194 bytes
2026-07-29 09:33:49,753 [INFO] [OK] Brazil/GFS_ENSEMBLE_Soy_PRCP/daily dia 13 (2026-08-11 → 2026-08-11) 29644 bytes
2026-07-29 09:33:49,991 [INFO] [OK] Brazil/GFS_ENSEMBLE_Soy_PRCP/daily dia 14 (2026-08-12 → 2026-08-12) 29492 bytes
2026-07-29 09:33:50,604 [INFO] [OK] Brazil/GFS_ENSEMBLE_Soy_PRCP/cumulative dia 00 (2026-07-29 → 2026-07-29) 29584 bytes
2026-07-29 09:33:51,176 [INFO] [OK] Brazil/GFS_ENSEMBLE_Soy_PRCP/cumulative dia 01 (2026-07-29 → 2026-07-30) 31586 bytes
2026-07-29 09:33:52,303 [INFO] [OK] Brazil/GFS_ENSEMBLE_Soy_PRCP/cumulative dia 02 (2026-07-29 → 2026-07-31) 34490 bytes
2026-07-29 09:33:52,391 [INFO] [OK] Brazil/GFS_ENSEMBLE_Soy_PRCP/cumulative dia 03 (2026-07-29 → 2026-08-01) 35865 bytes
2026-07-29 09:33:54,057 [INFO] [OK] Brazil/GFS_ENSEMBLE_Soy_PRCP/cumulative dia 04 (2026-07-29 → 2026-08-02) 37267 bytes
2026-07-29 09:33:54,427 [INFO] [OK] Brazil/GFS_ENSEMBLE_Soy_PRCP/cumulative dia 05 (2026-07-29 → 2026-08-03) 38155 bytes
2026-07-29 09:33:55,572 [INFO] [OK] Brazil/GFS_ENSEMBLE_Soy_PRCP/cumulative dia 06 (2026-07-29 → 2026-08-04) 39208 bytes
2026-07-29 09:33:56,190 [INFO] [OK] Brazil/GFS_ENSEMBLE_Soy_PRCP/cumulative dia 07 (2026-07-29 → 2026-08-05) 40162 bytes
2026-07-29 09:33:57,753 [INFO] [OK] Brazil/GFS_ENSEMBLE_Soy_PRCP/cumulative dia 09 (2026-07-29 → 2026-08-07) 40656 bytes
2026-07-29 09:33:57,756 [INFO] [OK] Brazil/GFS_ENSEMBLE_Soy_PRCP/cumulative dia 08 (2026-07-29 → 2026-08-06) 40529 bytes
2026-07-29 09:34:00,507 [INFO] [OK] Brazil/GFS_ENSEMBLE_Soy_PRCP/cumulative dia 11 (2026-07-29 → 2026-08-09) 42199 bytes
2026-07-29 09:34:00,704 [INFO] [OK] Brazil/GFS_ENSEMBLE_Soy_PRCP/cumulative dia 10 (2026-07-29 → 2026-08-08) 41407 bytes
2026-07-29 09:34:00,709 [INFO] [OK] Brazil/GFS_ENSEMBLE_Corn_Winter_PRCP_DEP/daily dia 00 (2026-07-29 → 2026-07-29) 38978 bytes
2026-07-29 09:34:03,118 [INFO] [OK] Brazil/GFS_ENSEMBLE_Corn_Winter_PRCP_DEP/daily dia 01 (2026-07-30 → 2026-07-30) 37094 bytes
2026-07-29 09:34:03,343 [INFO] [OK] Brazil/GFS_ENSEMBLE_Soy_PRCP/cumulative dia 12 (2026-07-29 → 2026-08-10) 42340 bytes
2026-07-29 09:34:03,349 [INFO] [OK] Brazil/GFS_ENSEMBLE_Soy_PRCP/cumulative dia 13 (2026-07-29 → 2026-08-11) 42628 bytes
2026-07-29 09:34:03,657 [INFO] [OK] Brazil/GFS_ENSEMBLE_Corn_Winter_PRCP_DEP/daily dia 03 (2026-08-01 → 2026-08-01) 43950 bytes
2026-07-29 09:34:03,659 [INFO] [OK] Brazil/GFS_ENSEMBLE_Corn_Winter_PRCP_DEP/daily dia 02 (2026-07-31 → 2026-07-31) 40205 bytes
2026-07-29 09:34:05,893 [INFO] [OK] Brazil/GFS_ENSEMBLE_Soy_PRCP/cumulative dia 14 (2026-07-29 → 2026-08-12) 43034 bytes
2026-07-29 09:34:06,046 [INFO] [OK] Brazil/GFS_ENSEMBLE_Corn_Winter_PRCP_DEP/daily dia 05 (2026-08-03 → 2026-08-03) 46675 bytes
2026-07-29 09:34:06,118 [INFO] [OK] Brazil/GFS_ENSEMBLE_Corn_Winter_PRCP_DEP/daily dia 04 (2026-08-02 → 2026-08-02) 45093 bytes
2026-07-29 09:34:06,298 [INFO] [OK] Brazil/GFS_ENSEMBLE_Corn_Winter_PRCP_DEP/daily dia 06 (2026-08-04 → 2026-08-04) 48341 bytes
2026-07-29 09:34:06,457 [INFO] [OK] Brazil/GFS_ENSEMBLE_Corn_Winter_PRCP_DEP/daily dia 07 (2026-08-05 → 2026-08-05) 48253 bytes
2026-07-29 09:34:06,823 [INFO] [OK] Brazil/GFS_ENSEMBLE_Corn_Winter_PRCP_DEP/daily dia 08 (2026-08-06 → 2026-08-06) 49057 bytes
2026-07-29 09:34:07,914 [INFO] [OK] Brazil/GFS_ENSEMBLE_Corn_Winter_PRCP_DEP/daily dia 09 (2026-08-07 → 2026-08-07) 48854 bytes
2026-07-29 09:34:08,190 [INFO] [OK] Brazil/GFS_ENSEMBLE_Corn_Winter_PRCP_DEP/daily dia 11 (2026-08-09 → 2026-08-09) 48599 bytes
2026-07-29 09:34:08,299 [INFO] [OK] Brazil/GFS_ENSEMBLE_Corn_Winter_PRCP_DEP/daily dia 10 (2026-08-08 → 2026-08-08) 48975 bytes
2026-07-29 09:34:08,666 [INFO] [OK] Brazil/GFS_ENSEMBLE_Corn_Winter_PRCP_DEP/daily dia 12 (2026-08-10 → 2026-08-10) 50480 bytes
2026-07-29 09:34:08,856 [INFO] [OK] Brazil/GFS_ENSEMBLE_Corn_Winter_PRCP_DEP/daily dia 14 (2026-08-12 → 2026-08-12) 50300 bytes
2026-07-29 09:34:08,859 [INFO] [OK] Brazil/GFS_ENSEMBLE_Corn_Winter_PRCP_DEP/daily dia 13 (2026-08-11 → 2026-08-11) 50598 bytes
2026-07-29 09:34:10,562 [INFO] [OK] Brazil/GFS_ENSEMBLE_Corn_Winter_PRCP_DEP/cumulative dia 00 (2026-07-29 → 2026-07-29) 38978 bytes
2026-07-29 09:34:10,562 [INFO] [OK] Brazil/GFS_ENSEMBLE_Corn_Winter_PRCP_DEP/cumulative dia 01 (2026-07-29 → 2026-07-30) 39092 bytes
2026-07-29 09:34:10,810 [INFO] [OK] Brazil/GFS_ENSEMBLE_Corn_Winter_PRCP_DEP/cumulative dia 02 (2026-07-29 → 2026-07-31) 41239 bytes
2026-07-29 09:34:10,862 [INFO] [OK] Brazil/GFS_ENSEMBLE_Corn_Winter_PRCP_DEP/cumulative dia 03 (2026-07-29 → 2026-08-01) 44471 bytes
2026-07-29 09:34:11,093 [INFO] [OK] Brazil/GFS_ENSEMBLE_Corn_Winter_PRCP_DEP/cumulative dia 04 (2026-07-29 → 2026-08-02) 45936 bytes
2026-07-29 09:34:11,403 [INFO] [OK] Brazil/GFS_ENSEMBLE_Corn_Winter_PRCP_DEP/cumulative dia 05 (2026-07-29 → 2026-08-03) 46786 bytes
2026-07-29 09:34:13,058 [INFO] [OK] Brazil/GFS_ENSEMBLE_Corn_Winter_PRCP_DEP/cumulative dia 06 (2026-07-29 → 2026-08-04) 47838 bytes
2026-07-29 09:34:13,312 [INFO] [OK] Brazil/GFS_ENSEMBLE_Corn_Winter_PRCP_DEP/cumulative dia 07 (2026-07-29 → 2026-08-05) 49795 bytes
2026-07-29 09:34:14,048 [INFO] [OK] Brazil/GFS_ENSEMBLE_Corn_Winter_PRCP_DEP/cumulative dia 08 (2026-07-29 → 2026-08-06) 51172 bytes
2026-07-29 09:34:14,293 [INFO] [OK] Brazil/GFS_ENSEMBLE_Corn_Winter_PRCP_DEP/cumulative dia 09 (2026-07-29 → 2026-08-07) 51247 bytes
2026-07-29 09:34:14,567 [INFO] [OK] Brazil/GFS_ENSEMBLE_Corn_Winter_PRCP_DEP/cumulative dia 10 (2026-07-29 → 2026-08-08) 51516 bytes
2026-07-29 09:34:15,084 [INFO] [OK] Brazil/GFS_ENSEMBLE_Corn_Winter_PRCP_DEP/cumulative dia 11 (2026-07-29 → 2026-08-09) 51505 bytes
2026-07-29 09:34:16,117 [INFO] [OK] Brazil/GFS_ENSEMBLE_Corn_Winter_PRCP/daily dia 00 (2026-07-29 → 2026-07-29) 28102 bytes
2026-07-29 09:34:16,396 [INFO] [OK] Brazil/GFS_ENSEMBLE_Corn_Winter_PRCP_DEP/cumulative dia 12 (2026-07-29 → 2026-08-10) 51672 bytes
2026-07-29 09:34:16,534 [INFO] [OK] Brazil/GFS_ENSEMBLE_Corn_Winter_PRCP/daily dia 01 (2026-07-30 → 2026-07-30) 28360 bytes
2026-07-29 09:34:17,051 [INFO] [OK] Brazil/GFS_ENSEMBLE_Corn_Winter_PRCP_DEP/cumulative dia 13 (2026-07-29 → 2026-08-11) 51975 bytes
2026-07-29 09:34:17,256 [INFO] [OK] Brazil/GFS_ENSEMBLE_Corn_Winter_PRCP/daily dia 02 (2026-07-31 → 2026-07-31) 30042 bytes
2026-07-29 09:34:18,376 [INFO] [OK] Brazil/GFS_ENSEMBLE_Corn_Winter_PRCP/daily dia 04 (2026-08-02 → 2026-08-02) 30115 bytes
2026-07-29 09:34:18,525 [INFO] [OK] Brazil/GFS_ENSEMBLE_Corn_Winter_PRCP/daily dia 03 (2026-08-01 → 2026-08-01) 29857 bytes
2026-07-29 09:34:19,049 [INFO] [OK] Brazil/GFS_ENSEMBLE_Corn_Winter_PRCP_DEP/cumulative dia 14 (2026-07-29 → 2026-08-12) 52144 bytes
2026-07-29 09:34:19,154 [INFO] [OK] Brazil/GFS_ENSEMBLE_Corn_Winter_PRCP/daily dia 05 (2026-08-03 → 2026-08-03) 30195 bytes
2026-07-29 09:34:19,255 [INFO] [OK] Brazil/GFS_ENSEMBLE_Corn_Winter_PRCP/daily dia 07 (2026-08-05 → 2026-08-05) 29636 bytes
2026-07-29 09:34:19,257 [INFO] [OK] Brazil/GFS_ENSEMBLE_Corn_Winter_PRCP/daily dia 06 (2026-08-04 → 2026-08-04) 29777 bytes
2026-07-29 09:34:19,743 [INFO] [OK] Brazil/GFS_ENSEMBLE_Corn_Winter_PRCP/daily dia 08 (2026-08-06 → 2026-08-06) 28414 bytes
2026-07-29 09:34:19,896 [INFO] [OK] Brazil/GFS_ENSEMBLE_Corn_Winter_PRCP/daily dia 09 (2026-08-07 → 2026-08-07) 28215 bytes
2026-07-29 09:34:20,556 [INFO] [OK] Brazil/GFS_ENSEMBLE_Corn_Winter_PRCP/daily dia 10 (2026-08-08 → 2026-08-08) 28416 bytes
2026-07-29 09:34:21,213 [INFO] [OK] Brazil/GFS_ENSEMBLE_Corn_Winter_PRCP/daily dia 11 (2026-08-09 → 2026-08-09) 28503 bytes
2026-07-29 09:34:21,364 [INFO] [OK] Brazil/GFS_ENSEMBLE_Corn_Winter_PRCP/cumulative dia 00 (2026-07-29 → 2026-07-29) 28102 bytes
2026-07-29 09:34:21,365 [INFO] [OK] Brazil/GFS_ENSEMBLE_Corn_Winter_PRCP/daily dia 14 (2026-08-12 → 2026-08-12) 28033 bytes
2026-07-29 09:34:21,407 [INFO] [OK] Brazil/GFS_ENSEMBLE_Corn_Winter_PRCP/daily dia 12 (2026-08-10 → 2026-08-10) 28701 bytes
2026-07-29 09:34:21,452 [INFO] [OK] Brazil/GFS_ENSEMBLE_Corn_Winter_PRCP/daily dia 13 (2026-08-11 → 2026-08-11) 28129 bytes
2026-07-29 09:34:21,955 [INFO] [OK] Brazil/GFS_ENSEMBLE_Corn_Winter_PRCP/cumulative dia 01 (2026-07-29 → 2026-07-30) 30146 bytes
2026-07-29 09:34:22,734 [INFO] [OK] Brazil/GFS_ENSEMBLE_Corn_Winter_PRCP/cumulative dia 02 (2026-07-29 → 2026-07-31) 32920 bytes
2026-07-29 09:34:23,189 [INFO] [OK] Brazil/GFS_ENSEMBLE_Corn_Winter_PRCP/cumulative dia 04 (2026-07-29 → 2026-08-02) 35630 bytes
2026-07-29 09:34:23,316 [INFO] [OK] Brazil/GFS_ENSEMBLE_Corn_Winter_PRCP/cumulative dia 03 (2026-07-29 → 2026-08-01) 34240 bytes
2026-07-29 09:34:23,320 [INFO] [OK] Brazil/GFS_ENSEMBLE_Corn_Winter_PRCP/cumulative dia 05 (2026-07-29 → 2026-08-03) 36276 bytes
2026-07-29 09:34:23,622 [INFO] [OK] Brazil/GFS_ENSEMBLE_Corn_Winter_PRCP/cumulative dia 06 (2026-07-29 → 2026-08-04) 37409 bytes
2026-07-29 09:34:23,930 [INFO] [OK] Brazil/GFS_ENSEMBLE_Corn_Winter_PRCP/cumulative dia 07 (2026-07-29 → 2026-08-05) 38250 bytes
2026-07-29 09:34:25,984 [INFO] [OK] Brazil/GFS_ENSEMBLE_Corn_Winter_PRCP/cumulative dia 08 (2026-07-29 → 2026-08-06) 38664 bytes
2026-07-29 09:34:27,321 [INFO] [OK] Brazil/GFS_ENSEMBLE_Corn_Winter_PRCP/cumulative dia 09 (2026-07-29 → 2026-08-07) 38856 bytes
2026-07-29 09:34:27,536 [INFO] [OK] Brazil/GFS_ENSEMBLE_Corn_Winter_PRCP/cumulative dia 10 (2026-07-29 → 2026-08-08) 39640 bytes
2026-07-29 09:34:27,709 [INFO] [OK] Brazil/GFS_ENSEMBLE_Corn_Winter_PRCP/cumulative dia 11 (2026-07-29 → 2026-08-09) 40385 bytes
2026-07-29 09:34:27,828 [INFO] [OK] Brazil/GFS_ENSEMBLE_Corn_Winter_PRCP/cumulative dia 13 (2026-07-29 → 2026-08-11) 40969 bytes
2026-07-29 09:34:27,936 [INFO] [OK] Brazil/GFS_ENSEMBLE_Corn_Winter_PRCP/cumulative dia 12 (2026-07-29 → 2026-08-10) 40491 bytes
2026-07-29 09:34:28,950 [INFO] [OK] Brazil/ECM_ENSEMBLE_Soy_PRCP_DEP/daily dia 00 (2026-07-29 → 2026-07-29) 48838 bytes
2026-07-29 09:34:28,958 [INFO] [OK] Brazil/GFS_ENSEMBLE_Corn_Winter_PRCP/cumulative dia 14 (2026-07-29 → 2026-08-12) 41333 bytes
2026-07-29 09:34:29,212 [INFO] [OK] Brazil/ECM_ENSEMBLE_Soy_PRCP_DEP/daily dia 01 (2026-07-30 → 2026-07-30) 47487 bytes
2026-07-29 09:34:29,320 [INFO] [OK] Brazil/ECM_ENSEMBLE_Soy_PRCP_DEP/daily dia 02 (2026-07-31 → 2026-07-31) 46258 bytes
2026-07-29 09:34:29,613 [INFO] [OK] Brazil/ECM_ENSEMBLE_Soy_PRCP_DEP/daily dia 03 (2026-08-01 → 2026-08-01) 47172 bytes
2026-07-29 09:34:30,056 [INFO] [OK] Brazil/ECM_ENSEMBLE_Soy_PRCP_DEP/daily dia 04 (2026-08-02 → 2026-08-02) 47953 bytes
2026-07-29 09:34:30,389 [INFO] [OK] Brazil/ECM_ENSEMBLE_Soy_PRCP_DEP/daily dia 05 (2026-08-03 → 2026-08-03) 48574 bytes
2026-07-29 09:34:30,453 [INFO] [OK] Brazil/ECM_ENSEMBLE_Soy_PRCP_DEP/daily dia 06 (2026-08-04 → 2026-08-04) 48984 bytes
2026-07-29 09:34:30,673 [INFO] [OK] Brazil/ECM_ENSEMBLE_Soy_PRCP_DEP/daily dia 07 (2026-08-05 → 2026-08-05) 48113 bytes
2026-07-29 09:34:30,916 [INFO] [OK] Brazil/ECM_ENSEMBLE_Soy_PRCP_DEP/daily dia 08 (2026-08-06 → 2026-08-06) 51087 bytes
2026-07-29 09:34:31,117 [INFO] [OK] Brazil/ECM_ENSEMBLE_Soy_PRCP_DEP/daily dia 09 (2026-08-07 → 2026-08-07) 51927 bytes
2026-07-29 09:34:31,883 [INFO] [OK] Brazil/ECM_ENSEMBLE_Soy_PRCP_DEP/daily dia 10 (2026-08-08 → 2026-08-08) 52259 bytes
2026-07-29 09:34:32,500 [INFO] [OK] Brazil/ECM_ENSEMBLE_Soy_PRCP_DEP/daily dia 12 (2026-08-10 → 2026-08-10) 48327 bytes
2026-07-29 09:34:32,511 [INFO] [OK] Brazil/ECM_ENSEMBLE_Soy_PRCP_DEP/daily dia 11 (2026-08-09 → 2026-08-09) 48114 bytes
2026-07-29 09:34:32,753 [INFO] [OK] Brazil/ECM_ENSEMBLE_Soy_PRCP_DEP/daily dia 13 (2026-08-11 → 2026-08-11) 51728 bytes
2026-07-29 09:34:33,021 [INFO] [OK] Brazil/ECM_ENSEMBLE_Soy_PRCP_DEP/daily dia 14 (2026-08-12 → 2026-08-12) 53238 bytes
2026-07-29 09:34:33,375 [INFO] [OK] Brazil/ECM_ENSEMBLE_Soy_PRCP_DEP/cumulative dia 00 (2026-07-29 → 2026-07-29) 48838 bytes
2026-07-29 09:34:33,378 [INFO] [OK] Brazil/ECM_ENSEMBLE_Soy_PRCP_DEP/cumulative dia 01 (2026-07-29 → 2026-07-30) 49435 bytes
2026-07-29 09:34:34,219 [INFO] [OK] Brazil/ECM_ENSEMBLE_Soy_PRCP_DEP/cumulative dia 02 (2026-07-29 → 2026-07-31) 50437 bytes
2026-07-29 09:34:34,359 [INFO] [OK] Brazil/ECM_ENSEMBLE_Soy_PRCP_DEP/cumulative dia 03 (2026-07-29 → 2026-08-01) 49726 bytes
2026-07-29 09:34:34,716 [INFO] [OK] Brazil/ECM_ENSEMBLE_Soy_PRCP_DEP/cumulative dia 04 (2026-07-29 → 2026-08-02) 49762 bytes
2026-07-29 09:34:35,013 [INFO] [OK] Brazil/ECM_ENSEMBLE_Soy_PRCP_DEP/cumulative dia 05 (2026-07-29 → 2026-08-03) 49570 bytes
2026-07-29 09:34:35,286 [INFO] [OK] Brazil/ECM_ENSEMBLE_Soy_PRCP_DEP/cumulative dia 06 (2026-07-29 → 2026-08-04) 49446 bytes
2026-07-29 09:34:35,416 [INFO] [OK] Brazil/ECM_ENSEMBLE_Soy_PRCP_DEP/cumulative dia 07 (2026-07-29 → 2026-08-05) 49604 bytes
2026-07-29 09:34:36,540 [INFO] [OK] Brazil/ECM_ENSEMBLE_Soy_PRCP_DEP/cumulative dia 08 (2026-07-29 → 2026-08-06) 49701 bytes
2026-07-29 09:34:36,905 [INFO] [OK] Brazil/ECM_ENSEMBLE_Soy_PRCP_DEP/cumulative dia 09 (2026-07-29 → 2026-08-07) 50161 bytes
2026-07-29 09:34:37,514 [INFO] [OK] Brazil/ECM_ENSEMBLE_Soy_PRCP_DEP/cumulative dia 10 (2026-07-29 → 2026-08-08) 50522 bytes
2026-07-29 09:34:37,534 [INFO] [OK] Brazil/ECM_ENSEMBLE_Soy_PRCP_DEP/cumulative dia 11 (2026-07-29 → 2026-08-09) 50333 bytes
2026-07-29 09:34:38,500 [INFO] [OK] Brazil/ECM_ENSEMBLE_Soy_PRCP_DEP/cumulative dia 12 (2026-07-29 → 2026-08-10) 50572 bytes
2026-07-29 09:34:38,754 [INFO] [OK] Brazil/ECM_ENSEMBLE_Soy_PRCP/daily dia 00 (2026-07-29 → 2026-07-29) 31956 bytes
2026-07-29 09:34:38,761 [INFO] [OK] Brazil/ECM_ENSEMBLE_Soy_PRCP_DEP/cumulative dia 13 (2026-07-29 → 2026-08-11) 50779 bytes
2026-07-29 09:34:39,344 [INFO] [OK] Brazil/ECM_ENSEMBLE_Soy_PRCP/daily dia 02 (2026-07-31 → 2026-07-31) 32584 bytes
2026-07-29 09:34:39,364 [INFO] [OK] Brazil/ECM_ENSEMBLE_Soy_PRCP_DEP/cumulative dia 14 (2026-07-29 → 2026-08-12) 51035 bytes
2026-07-29 09:34:39,346 [INFO] [OK] Brazil/ECM_ENSEMBLE_Soy_PRCP/daily dia 01 (2026-07-30 → 2026-07-30) 30822 bytes
2026-07-29 09:34:39,816 [INFO] [OK] Brazil/ECM_ENSEMBLE_Soy_PRCP/daily dia 03 (2026-08-01 → 2026-08-01) 33805 bytes
2026-07-29 09:34:40,077 [INFO] [OK] Brazil/ECM_ENSEMBLE_Soy_PRCP/daily dia 05 (2026-08-03 → 2026-08-03) 32648 bytes
2026-07-29 09:34:40,123 [INFO] [OK] Brazil/ECM_ENSEMBLE_Soy_PRCP/daily dia 04 (2026-08-02 → 2026-08-02) 31959 bytes
2026-07-29 09:34:40,944 [INFO] [OK] Brazil/ECM_ENSEMBLE_Soy_PRCP/daily dia 08 (2026-08-06 → 2026-08-06) 30960 bytes
2026-07-29 09:34:40,960 [INFO] [OK] Brazil/ECM_ENSEMBLE_Soy_PRCP/daily dia 06 (2026-08-04 → 2026-08-04) 32530 bytes
2026-07-29 09:34:41,076 [INFO] [OK] Brazil/ECM_ENSEMBLE_Soy_PRCP/daily dia 07 (2026-08-05 → 2026-08-05) 32392 bytes
2026-07-29 09:34:41,283 [INFO] [OK] Brazil/ECM_ENSEMBLE_Soy_PRCP/daily dia 09 (2026-08-07 → 2026-08-07) 30570 bytes
2026-07-29 09:34:41,441 [INFO] [OK] Brazil/ECM_ENSEMBLE_Soy_PRCP/daily dia 10 (2026-08-08 → 2026-08-08) 30700 bytes
2026-07-29 09:34:41,547 [INFO] [OK] Brazil/ECM_ENSEMBLE_Soy_PRCP/daily dia 11 (2026-08-09 → 2026-08-09) 30993 bytes
2026-07-29 09:34:42,722 [INFO] [OK] Brazil/ECM_ENSEMBLE_Soy_PRCP/daily dia 13 (2026-08-11 → 2026-08-11) 31097 bytes
2026-07-29 09:34:42,841 [INFO] [OK] Brazil/ECM_ENSEMBLE_Soy_PRCP/daily dia 14 (2026-08-12 → 2026-08-12) 30104 bytes
2026-07-29 09:34:43,054 [INFO] [OK] Brazil/ECM_ENSEMBLE_Soy_PRCP/daily dia 12 (2026-08-10 → 2026-08-10) 31289 bytes
2026-07-29 09:34:43,248 [INFO] [OK] Brazil/ECM_ENSEMBLE_Soy_PRCP/cumulative dia 01 (2026-07-29 → 2026-07-30) 33890 bytes
2026-07-29 09:34:43,468 [INFO] [OK] Brazil/ECM_ENSEMBLE_Soy_PRCP/cumulative dia 00 (2026-07-29 → 2026-07-29) 31956 bytes
2026-07-29 09:34:43,610 [INFO] [OK] Brazil/ECM_ENSEMBLE_Soy_PRCP/cumulative dia 02 (2026-07-29 → 2026-07-31) 37199 bytes
2026-07-29 09:34:44,468 [INFO] [OK] Brazil/ECM_ENSEMBLE_Soy_PRCP/cumulative dia 03 (2026-07-29 → 2026-08-01) 38347 bytes
2026-07-29 09:34:44,788 [INFO] [OK] Brazil/ECM_ENSEMBLE_Soy_PRCP/cumulative dia 04 (2026-07-29 → 2026-08-02) 39430 bytes
2026-07-29 09:34:45,100 [INFO] [OK] Brazil/ECM_ENSEMBLE_Soy_PRCP/cumulative dia 05 (2026-07-29 → 2026-08-03) 40936 bytes
2026-07-29 09:34:45,484 [INFO] [OK] Brazil/ECM_ENSEMBLE_Soy_PRCP/cumulative dia 06 (2026-07-29 → 2026-08-04) 41837 bytes
2026-07-29 09:34:45,903 [INFO] [OK] Brazil/ECM_ENSEMBLE_Soy_PRCP/cumulative dia 07 (2026-07-29 → 2026-08-05) 42836 bytes
2026-07-29 09:34:45,911 [INFO] [OK] Brazil/ECM_ENSEMBLE_Soy_PRCP/cumulative dia 08 (2026-07-29 → 2026-08-06) 43231 bytes
2026-07-29 09:34:46,959 [INFO] [OK] Brazil/ECM_ENSEMBLE_Soy_PRCP/cumulative dia 09 (2026-07-29 → 2026-08-07) 43910 bytes
2026-07-29 09:34:47,543 [INFO] [OK] Brazil/ECM_ENSEMBLE_Soy_PRCP/cumulative dia 11 (2026-07-29 → 2026-08-09) 43834 bytes
2026-07-29 09:34:47,560 [INFO] [OK] Brazil/ECM_ENSEMBLE_Soy_PRCP/cumulative dia 10 (2026-07-29 → 2026-08-08) 43812 bytes
2026-07-29 09:34:47,966 [INFO] [OK] Brazil/ECM_ENSEMBLE_Soy_PRCP/cumulative dia 12 (2026-07-29 → 2026-08-10) 44257 bytes
2026-07-29 09:34:48,332 [INFO] [OK] Brazil/ECM_ENSEMBLE_Soy_PRCP/cumulative dia 14 (2026-07-29 → 2026-08-12) 44899 bytes
2026-07-29 09:34:48,434 [INFO] [OK] Brazil/ECM_ENSEMBLE_Corn_Winter_PRCP_DEP/daily dia 00 (2026-07-29 → 2026-07-29) 47501 bytes
2026-07-29 09:34:48,437 [INFO] [OK] Brazil/ECM_ENSEMBLE_Soy_PRCP/cumulative dia 13 (2026-07-29 → 2026-08-11) 44850 bytes
2026-07-29 09:34:49,115 [INFO] [OK] Brazil/ECM_ENSEMBLE_Corn_Winter_PRCP_DEP/daily dia 01 (2026-07-30 → 2026-07-30) 45979 bytes
2026-07-29 09:34:49,145 [INFO] [OK] Brazil/ECM_ENSEMBLE_Corn_Winter_PRCP_DEP/daily dia 02 (2026-07-31 → 2026-07-31) 44875 bytes
2026-07-29 09:34:49,376 [INFO] [OK] Brazil/ECM_ENSEMBLE_Corn_Winter_PRCP_DEP/daily dia 03 (2026-08-01 → 2026-08-01) 45752 bytes
2026-07-29 09:34:50,013 [INFO] [OK] Brazil/ECM_ENSEMBLE_Corn_Winter_PRCP_DEP/daily dia 04 (2026-08-02 → 2026-08-02) 46439 bytes
2026-07-29 09:34:50,134 [INFO] [OK] Brazil/ECM_ENSEMBLE_Corn_Winter_PRCP_DEP/daily dia 06 (2026-08-04 → 2026-08-04) 47426 bytes
2026-07-29 09:34:50,332 [INFO] [OK] Brazil/ECM_ENSEMBLE_Corn_Winter_PRCP_DEP/daily dia 05 (2026-08-03 → 2026-08-03) 47079 bytes
2026-07-29 09:34:50,634 [INFO] [OK] Brazil/ECM_ENSEMBLE_Corn_Winter_PRCP_DEP/daily dia 08 (2026-08-06 → 2026-08-06) 49893 bytes
2026-07-29 09:34:50,827 [INFO] [OK] Brazil/ECM_ENSEMBLE_Corn_Winter_PRCP_DEP/daily dia 07 (2026-08-05 → 2026-08-05) 46947 bytes
2026-07-29 09:34:50,916 [INFO] [OK] Brazil/ECM_ENSEMBLE_Corn_Winter_PRCP_DEP/daily dia 09 (2026-08-07 → 2026-08-07) 50622 bytes
2026-07-29 09:34:51,598 [INFO] [OK] Brazil/ECM_ENSEMBLE_Corn_Winter_PRCP_DEP/daily dia 11 (2026-08-09 → 2026-08-09) 46941 bytes
2026-07-29 09:34:51,605 [INFO] [OK] Brazil/ECM_ENSEMBLE_Corn_Winter_PRCP_DEP/daily dia 10 (2026-08-08 → 2026-08-08) 50819 bytes
2026-07-29 09:34:51,817 [INFO] [OK] Brazil/ECM_ENSEMBLE_Corn_Winter_PRCP_DEP/daily dia 12 (2026-08-10 → 2026-08-10) 47134 bytes
2026-07-29 09:34:52,113 [INFO] [OK] Brazil/ECM_ENSEMBLE_Corn_Winter_PRCP_DEP/daily dia 13 (2026-08-11 → 2026-08-11) 50211 bytes
2026-07-29 09:34:52,284 [INFO] [OK] Brazil/ECM_ENSEMBLE_Corn_Winter_PRCP_DEP/daily dia 14 (2026-08-12 → 2026-08-12) 51628 bytes
2026-07-29 09:34:52,334 [INFO] [OK] Brazil/ECM_ENSEMBLE_Corn_Winter_PRCP_DEP/cumulative dia 00 (2026-07-29 → 2026-07-29) 47501 bytes
2026-07-29 09:34:53,355 [INFO] [OK] Brazil/ECM_ENSEMBLE_Corn_Winter_PRCP_DEP/cumulative dia 02 (2026-07-29 → 2026-07-31) 49032 bytes
2026-07-29 09:34:53,440 [INFO] [OK] Brazil/ECM_ENSEMBLE_Corn_Winter_PRCP_DEP/cumulative dia 01 (2026-07-29 → 2026-07-30) 48074 bytes
2026-07-29 09:34:53,440 [INFO] [OK] Brazil/ECM_ENSEMBLE_Corn_Winter_PRCP_DEP/cumulative dia 03 (2026-07-29 → 2026-08-01) 48532 bytes
2026-07-29 09:34:53,955 [INFO] [OK] Brazil/ECM_ENSEMBLE_Corn_Winter_PRCP_DEP/cumulative dia 04 (2026-07-29 → 2026-08-02) 48447 bytes
2026-07-29 09:34:54,231 [INFO] [OK] Brazil/ECM_ENSEMBLE_Corn_Winter_PRCP_DEP/cumulative dia 05 (2026-07-29 → 2026-08-03) 48364 bytes
2026-07-29 09:34:54,372 [INFO] [OK] Brazil/ECM_ENSEMBLE_Corn_Winter_PRCP_DEP/cumulative dia 06 (2026-07-29 → 2026-08-04) 48241 bytes
2026-07-29 09:34:55,328 [INFO] [OK] Brazil/ECM_ENSEMBLE_Corn_Winter_PRCP_DEP/cumulative dia 07 (2026-07-29 → 2026-08-05) 48432 bytes
2026-07-29 09:34:55,479 [INFO] [OK] Brazil/ECM_ENSEMBLE_Corn_Winter_PRCP_DEP/cumulative dia 08 (2026-07-29 → 2026-08-06) 48622 bytes
2026-07-29 09:34:55,507 [INFO] [OK] Brazil/ECM_ENSEMBLE_Corn_Winter_PRCP_DEP/cumulative dia 09 (2026-07-29 → 2026-08-07) 49133 bytes
2026-07-29 09:34:56,228 [INFO] [OK] Brazil/ECM_ENSEMBLE_Corn_Winter_PRCP_DEP/cumulative dia 10 (2026-07-29 → 2026-08-08) 49312 bytes
2026-07-29 09:34:56,632 [INFO] [OK] Brazil/ECM_ENSEMBLE_Corn_Winter_PRCP_DEP/cumulative dia 11 (2026-07-29 → 2026-08-09) 49276 bytes
2026-07-29 09:34:57,023 [INFO] [OK] Brazil/ECM_ENSEMBLE_Corn_Winter_PRCP_DEP/cumulative dia 12 (2026-07-29 → 2026-08-10) 49459 bytes
2026-07-29 09:34:57,051 [INFO] [OK] Brazil/ECM_ENSEMBLE_Corn_Winter_PRCP/daily dia 00 (2026-07-29 → 2026-07-29) 30446 bytes
2026-07-29 09:34:57,652 [INFO] [OK] Brazil/ECM_ENSEMBLE_Corn_Winter_PRCP/daily dia 01 (2026-07-30 → 2026-07-30) 29260 bytes
2026-07-29 09:34:58,158 [INFO] [OK] Brazil/ECM_ENSEMBLE_Corn_Winter_PRCP/daily dia 02 (2026-07-31 → 2026-07-31) 30962 bytes
2026-07-29 09:34:58,480 [INFO] [OK] Brazil/ECM_ENSEMBLE_Corn_Winter_PRCP_DEP/cumulative dia 13 (2026-07-29 → 2026-08-11) 49492 bytes
2026-07-29 09:34:58,546 [INFO] [OK] Brazil/ECM_ENSEMBLE_Corn_Winter_PRCP/daily dia 03 (2026-08-01 → 2026-08-01) 31929 bytes
2026-07-29 09:34:58,682 [INFO] [OK] Brazil/ECM_ENSEMBLE_Corn_Winter_PRCP/daily dia 04 (2026-08-02 → 2026-08-02) 30416 bytes
2026-07-29 09:34:58,920 [INFO] [OK] Brazil/ECM_ENSEMBLE_Corn_Winter_PRCP_DEP/cumulative dia 14 (2026-07-29 → 2026-08-12) 49865 bytes
2026-07-29 09:34:59,102 [INFO] [OK] Brazil/ECM_ENSEMBLE_Corn_Winter_PRCP/daily dia 05 (2026-08-03 → 2026-08-03) 30945 bytes
2026-07-29 09:34:59,876 [INFO] [OK] Brazil/ECM_ENSEMBLE_Corn_Winter_PRCP/daily dia 06 (2026-08-04 → 2026-08-04) 30924 bytes
2026-07-29 09:35:00,253 [INFO] [OK] Brazil/ECM_ENSEMBLE_Corn_Winter_PRCP/daily dia 07 (2026-08-05 → 2026-08-05) 30828 bytes
2026-07-29 09:35:00,499 [INFO] [OK] Brazil/ECM_ENSEMBLE_Corn_Winter_PRCP/daily dia 09 (2026-08-07 → 2026-08-07) 29044 bytes
2026-07-29 09:35:00,593 [INFO] [OK] Brazil/ECM_ENSEMBLE_Corn_Winter_PRCP/daily dia 08 (2026-08-06 → 2026-08-06) 29596 bytes
2026-07-29 09:35:01,212 [INFO] [OK] Brazil/ECM_ENSEMBLE_Corn_Winter_PRCP/daily dia 11 (2026-08-09 → 2026-08-09) 29545 bytes
2026-07-29 09:35:01,213 [INFO] [OK] Brazil/ECM_ENSEMBLE_Corn_Winter_PRCP/daily dia 10 (2026-08-08 → 2026-08-08) 29319 bytes
2026-07-29 09:35:01,689 [INFO] [OK] Brazil/ECM_ENSEMBLE_Corn_Winter_PRCP/daily dia 12 (2026-08-10 → 2026-08-10) 29783 bytes
2026-07-29 09:35:01,879 [INFO] [OK] Brazil/ECM_ENSEMBLE_Corn_Winter_PRCP/daily dia 14 (2026-08-12 → 2026-08-12) 28558 bytes
2026-07-29 09:35:01,885 [INFO] [OK] Brazil/ECM_ENSEMBLE_Corn_Winter_PRCP/daily dia 13 (2026-08-11 → 2026-08-11) 29461 bytes
2026-07-29 09:35:01,947 [INFO] [OK] Brazil/ECM_ENSEMBLE_Corn_Winter_PRCP/cumulative dia 00 (2026-07-29 → 2026-07-29) 30446 bytes
2026-07-29 09:35:02,735 [INFO] [OK] Brazil/ECM_ENSEMBLE_Corn_Winter_PRCP/cumulative dia 01 (2026-07-29 → 2026-07-30) 32437 bytes
2026-07-29 09:35:02,810 [INFO] [OK] Brazil/ECM_ENSEMBLE_Corn_Winter_PRCP/cumulative dia 02 (2026-07-29 → 2026-07-31) 35494 bytes
2026-07-29 09:35:03,737 [INFO] [OK] Brazil/ECM_ENSEMBLE_Corn_Winter_PRCP/cumulative dia 03 (2026-07-29 → 2026-08-01) 36644 bytes
2026-07-29 09:35:04,497 [INFO] [OK] Brazil/ECM_ENSEMBLE_Corn_Winter_PRCP/cumulative dia 04 (2026-07-29 → 2026-08-02) 37713 bytes
2026-07-29 09:35:04,867 [INFO] [OK] Brazil/ECM_ENSEMBLE_Corn_Winter_PRCP/cumulative dia 05 (2026-07-29 → 2026-08-03) 39186 bytes
2026-07-29 09:35:05,128 [INFO] [OK] Brazil/ECM_ENSEMBLE_Corn_Winter_PRCP/cumulative dia 06 (2026-07-29 → 2026-08-04) 39901 bytes
2026-07-29 09:35:05,753 [INFO] [OK] Brazil/ECM_ENSEMBLE_Corn_Winter_PRCP/cumulative dia 07 (2026-07-29 → 2026-08-05) 40981 bytes
2026-07-29 09:35:06,067 [INFO] [OK] Brazil/ECM_ENSEMBLE_Corn_Winter_PRCP/cumulative dia 08 (2026-07-29 → 2026-08-06) 41362 bytes
2026-07-29 09:35:06,665 [INFO] [OK] Brazil/ECM_ENSEMBLE_Corn_Winter_PRCP/cumulative dia 09 (2026-07-29 → 2026-08-07) 42103 bytes
2026-07-29 09:35:08,121 [INFO] [OK] Brazil/ECM_ENSEMBLE_Corn_Winter_PRCP/cumulative dia 10 (2026-07-29 → 2026-08-08) 42185 bytes
2026-07-29 09:35:08,396 [INFO] [OK] Argentina/GFS_ENSEMBLE_Soy_PRCP_DEP/daily dia 00 (2026-07-29 → 2026-07-29) 36283 bytes
2026-07-29 09:35:08,964 [INFO] [OK] Brazil/ECM_ENSEMBLE_Corn_Winter_PRCP/cumulative dia 12 (2026-07-29 → 2026-08-10) 42703 bytes
2026-07-29 09:35:08,975 [INFO] [OK] Brazil/ECM_ENSEMBLE_Corn_Winter_PRCP/cumulative dia 11 (2026-07-29 → 2026-08-09) 42473 bytes
2026-07-29 09:35:09,473 [INFO] [OK] Argentina/GFS_ENSEMBLE_Soy_PRCP_DEP/daily dia 01 (2026-07-30 → 2026-07-30) 32675 bytes
2026-07-29 09:35:09,564 [INFO] [OK] Argentina/GFS_ENSEMBLE_Soy_PRCP_DEP/daily dia 02 (2026-07-31 → 2026-07-31) 34267 bytes
2026-07-29 09:35:09,582 [INFO] [OK] Brazil/ECM_ENSEMBLE_Corn_Winter_PRCP/cumulative dia 13 (2026-07-29 → 2026-08-11) 43249 bytes
2026-07-29 09:35:10,030 [INFO] [OK] Brazil/ECM_ENSEMBLE_Corn_Winter_PRCP/cumulative dia 14 (2026-07-29 → 2026-08-12) 43429 bytes
2026-07-29 09:35:10,061 [INFO] [OK] Argentina/GFS_ENSEMBLE_Soy_PRCP_DEP/daily dia 03 (2026-08-01 → 2026-08-01) 37272 bytes
2026-07-29 09:35:10,297 [INFO] [OK] Argentina/GFS_ENSEMBLE_Soy_PRCP_DEP/daily dia 04 (2026-08-02 → 2026-08-02) 38433 bytes
2026-07-29 09:35:10,802 [INFO] [OK] Argentina/GFS_ENSEMBLE_Soy_PRCP_DEP/daily dia 05 (2026-08-03 → 2026-08-03) 39263 bytes
2026-07-29 09:35:10,806 [INFO] [OK] Argentina/GFS_ENSEMBLE_Soy_PRCP_DEP/daily dia 06 (2026-08-04 → 2026-08-04) 41512 bytes
2026-07-29 09:35:10,844 [INFO] [OK] Argentina/GFS_ENSEMBLE_Soy_PRCP_DEP/daily dia 07 (2026-08-05 → 2026-08-05) 42416 bytes
2026-07-29 09:35:11,353 [INFO] [OK] Argentina/GFS_ENSEMBLE_Soy_PRCP_DEP/daily dia 08 (2026-08-06 → 2026-08-06) 43501 bytes
2026-07-29 09:35:11,356 [INFO] [OK] Argentina/GFS_ENSEMBLE_Soy_PRCP_DEP/daily dia 09 (2026-08-07 → 2026-08-07) 44721 bytes
2026-07-29 09:35:11,671 [INFO] [OK] Argentina/GFS_ENSEMBLE_Soy_PRCP_DEP/daily dia 10 (2026-08-08 → 2026-08-08) 43592 bytes
2026-07-29 09:35:11,888 [INFO] [OK] Argentina/GFS_ENSEMBLE_Soy_PRCP_DEP/daily dia 13 (2026-08-11 → 2026-08-11) 44391 bytes
2026-07-29 09:35:11,890 [INFO] [OK] Argentina/GFS_ENSEMBLE_Soy_PRCP_DEP/daily dia 11 (2026-08-09 → 2026-08-09) 42374 bytes
2026-07-29 09:35:11,920 [INFO] [OK] Argentina/GFS_ENSEMBLE_Soy_PRCP_DEP/daily dia 12 (2026-08-10 → 2026-08-10) 45157 bytes
2026-07-29 09:35:12,437 [INFO] [OK] Argentina/GFS_ENSEMBLE_Soy_PRCP_DEP/cumulative dia 00 (2026-07-29 → 2026-07-29) 36283 bytes
2026-07-29 09:35:12,471 [INFO] [OK] Argentina/GFS_ENSEMBLE_Soy_PRCP_DEP/daily dia 14 (2026-08-12 → 2026-08-12) 44299 bytes
2026-07-29 09:35:12,918 [INFO] [OK] Argentina/GFS_ENSEMBLE_Soy_PRCP_DEP/cumulative dia 01 (2026-07-29 → 2026-07-30) 35740 bytes
2026-07-29 09:35:13,199 [INFO] [OK] Argentina/GFS_ENSEMBLE_Soy_PRCP_DEP/cumulative dia 03 (2026-07-29 → 2026-08-01) 39496 bytes
2026-07-29 09:35:13,238 [INFO] [OK] Argentina/GFS_ENSEMBLE_Soy_PRCP_DEP/cumulative dia 04 (2026-07-29 → 2026-08-02) 40224 bytes
2026-07-29 09:35:13,246 [INFO] [OK] Argentina/GFS_ENSEMBLE_Soy_PRCP_DEP/cumulative dia 02 (2026-07-29 → 2026-07-31) 36596 bytes
2026-07-29 09:35:13,855 [INFO] [OK] Argentina/GFS_ENSEMBLE_Soy_PRCP_DEP/cumulative dia 05 (2026-07-29 → 2026-08-03) 39999 bytes
2026-07-29 09:35:13,931 [INFO] [OK] Argentina/GFS_ENSEMBLE_Soy_PRCP_DEP/cumulative dia 06 (2026-07-29 → 2026-08-04) 40757 bytes
2026-07-29 09:35:14,530 [INFO] [OK] Argentina/GFS_ENSEMBLE_Soy_PRCP_DEP/cumulative dia 07 (2026-07-29 → 2026-08-05) 43848 bytes
2026-07-29 09:35:15,567 [INFO] [OK] Argentina/GFS_ENSEMBLE_Soy_PRCP_DEP/cumulative dia 08 (2026-07-29 → 2026-08-06) 45043 bytes
2026-07-29 09:35:15,717 [INFO] [OK] Argentina/GFS_ENSEMBLE_Soy_PRCP_DEP/cumulative dia 09 (2026-07-29 → 2026-08-07) 45376 bytes
2026-07-29 09:35:16,130 [INFO] [OK] Argentina/GFS_ENSEMBLE_Soy_PRCP_DEP/cumulative dia 10 (2026-07-29 → 2026-08-08) 45348 bytes
2026-07-29 09:35:16,490 [INFO] [OK] Argentina/GFS_ENSEMBLE_Soy_PRCP_DEP/cumulative dia 11 (2026-07-29 → 2026-08-09) 45345 bytes
2026-07-29 09:35:16,651 [INFO] [OK] Argentina/GFS_ENSEMBLE_Soy_PRCP_DEP/cumulative dia 12 (2026-07-29 → 2026-08-10) 45724 bytes
2026-07-29 09:35:16,836 [INFO] [OK] Argentina/GFS_ENSEMBLE_Soy_PRCP/daily dia 00 (2026-07-29 → 2026-07-29) 27196 bytes
2026-07-29 09:35:16,921 [INFO] [OK] Argentina/GFS_ENSEMBLE_Soy_PRCP_DEP/cumulative dia 13 (2026-07-29 → 2026-08-11) 45534 bytes
2026-07-29 09:35:17,917 [INFO] [OK] Argentina/GFS_ENSEMBLE_Soy_PRCP/daily dia 01 (2026-07-30 → 2026-07-30) 27852 bytes
2026-07-29 09:35:18,013 [INFO] [OK] Argentina/GFS_ENSEMBLE_Soy_PRCP/daily dia 04 (2026-08-02 → 2026-08-02) 29325 bytes
2026-07-29 09:35:18,015 [INFO] [OK] Argentina/GFS_ENSEMBLE_Soy_PRCP/daily dia 03 (2026-08-01 → 2026-08-01) 29150 bytes
2026-07-29 09:35:18,038 [INFO] [OK] Argentina/GFS_ENSEMBLE_Soy_PRCP_DEP/cumulative dia 14 (2026-07-29 → 2026-08-12) 45800 bytes
2026-07-29 09:35:18,432 [INFO] [OK] Argentina/GFS_ENSEMBLE_Soy_PRCP/daily dia 05 (2026-08-03 → 2026-08-03) 28786 bytes
2026-07-29 09:35:18,443 [INFO] [OK] Argentina/GFS_ENSEMBLE_Soy_PRCP/daily dia 02 (2026-07-31 → 2026-07-31) 29456 bytes
2026-07-29 09:35:19,065 [INFO] [OK] Argentina/GFS_ENSEMBLE_Soy_PRCP/daily dia 06 (2026-08-04 → 2026-08-04) 28602 bytes
2026-07-29 09:35:19,143 [INFO] [OK] Argentina/GFS_ENSEMBLE_Soy_PRCP/daily dia 08 (2026-08-06 → 2026-08-06) 27272 bytes
2026-07-29 09:35:19,161 [INFO] [OK] Argentina/GFS_ENSEMBLE_Soy_PRCP/daily dia 07 (2026-08-05 → 2026-08-05) 28375 bytes
2026-07-29 09:35:19,209 [INFO] [OK] Argentina/GFS_ENSEMBLE_Soy_PRCP/daily dia 09 (2026-08-07 → 2026-08-07) 26980 bytes
2026-07-29 09:35:19,475 [INFO] [OK] Argentina/GFS_ENSEMBLE_Soy_PRCP/daily dia 11 (2026-08-09 → 2026-08-09) 26928 bytes
2026-07-29 09:35:19,524 [INFO] [OK] Argentina/GFS_ENSEMBLE_Soy_PRCP/daily dia 10 (2026-08-08 → 2026-08-08) 27130 bytes
2026-07-29 09:35:20,219 [INFO] [OK] Argentina/GFS_ENSEMBLE_Soy_PRCP/daily dia 13 (2026-08-11 → 2026-08-11) 26975 bytes
2026-07-29 09:35:20,238 [INFO] [OK] Argentina/GFS_ENSEMBLE_Soy_PRCP/daily dia 12 (2026-08-10 → 2026-08-10) 27096 bytes
2026-07-29 09:35:20,339 [INFO] [OK] Argentina/GFS_ENSEMBLE_Soy_PRCP/cumulative dia 00 (2026-07-29 → 2026-07-29) 27196 bytes
2026-07-29 09:35:20,466 [INFO] [OK] Argentina/GFS_ENSEMBLE_Soy_PRCP/daily dia 14 (2026-08-12 → 2026-08-12) 26845 bytes
2026-07-29 09:35:20,657 [INFO] [OK] Argentina/GFS_ENSEMBLE_Soy_PRCP/cumulative dia 02 (2026-07-29 → 2026-07-31) 31466 bytes
2026-07-29 09:35:20,690 [INFO] [OK] Argentina/GFS_ENSEMBLE_Soy_PRCP/cumulative dia 01 (2026-07-29 → 2026-07-30) 28930 bytes
2026-07-29 09:35:21,445 [INFO] [OK] Argentina/GFS_ENSEMBLE_Soy_PRCP/cumulative dia 03 (2026-07-29 → 2026-08-01) 32306 bytes
2026-07-29 09:35:21,672 [INFO] [OK] Argentina/GFS_ENSEMBLE_Soy_PRCP/cumulative dia 04 (2026-07-29 → 2026-08-02) 33404 bytes
2026-07-29 09:35:22,020 [INFO] [OK] Argentina/GFS_ENSEMBLE_Soy_PRCP/cumulative dia 05 (2026-07-29 → 2026-08-03) 34141 bytes
2026-07-29 09:35:22,239 [INFO] [OK] Argentina/GFS_ENSEMBLE_Soy_PRCP/cumulative dia 06 (2026-07-29 → 2026-08-04) 34457 bytes
2026-07-29 09:35:22,975 [INFO] [OK] Argentina/GFS_ENSEMBLE_Soy_PRCP/cumulative dia 07 (2026-07-29 → 2026-08-05) 35117 bytes
2026-07-29 09:35:23,408 [INFO] [OK] Argentina/GFS_ENSEMBLE_Soy_PRCP/cumulative dia 08 (2026-07-29 → 2026-08-06) 35444 bytes
2026-07-29 09:35:23,927 [INFO] [OK] Argentina/GFS_ENSEMBLE_Soy_PRCP/cumulative dia 09 (2026-07-29 → 2026-08-07) 35578 bytes
2026-07-29 09:35:23,936 [INFO] [OK] Argentina/GFS_ENSEMBLE_Soy_PRCP/cumulative dia 11 (2026-07-29 → 2026-08-09) 36704 bytes
2026-07-29 09:35:23,941 [INFO] [OK] Argentina/GFS_ENSEMBLE_Soy_PRCP/cumulative dia 12 (2026-07-29 → 2026-08-10) 36712 bytes
2026-07-29 09:35:24,234 [INFO] [OK] Argentina/GFS_ENSEMBLE_Soy_PRCP/cumulative dia 10 (2026-07-29 → 2026-08-08) 36058 bytes
2026-07-29 09:35:24,503 [INFO] [OK] Argentina/GFS_ENSEMBLE_Soy_PRCP/cumulative dia 13 (2026-07-29 → 2026-08-11) 36959 bytes
2026-07-29 09:35:25,105 [INFO] [OK] Argentina/GFS_ENSEMBLE_Corn_Winter_PRCP_DEP/daily dia 00 (2026-07-29 → 2026-07-29) 34516 bytes
2026-07-29 09:35:25,132 [INFO] [OK] Argentina/GFS_ENSEMBLE_Soy_PRCP/cumulative dia 14 (2026-07-29 → 2026-08-12) 37143 bytes
2026-07-29 09:35:25,268 [INFO] [OK] Argentina/GFS_ENSEMBLE_Corn_Winter_PRCP_DEP/daily dia 01 (2026-07-30 → 2026-07-30) 30873 bytes
2026-07-29 09:35:25,289 [INFO] [OK] Argentina/GFS_ENSEMBLE_Corn_Winter_PRCP_DEP/daily dia 02 (2026-07-31 → 2026-07-31) 32606 bytes
2026-07-29 09:35:25,509 [INFO] [OK] Argentina/GFS_ENSEMBLE_Corn_Winter_PRCP_DEP/daily dia 03 (2026-08-01 → 2026-08-01) 35408 bytes
2026-07-29 09:35:25,705 [INFO] [OK] Argentina/GFS_ENSEMBLE_Corn_Winter_PRCP_DEP/daily dia 04 (2026-08-02 → 2026-08-02) 36483 bytes
2026-07-29 09:35:26,379 [INFO] [OK] Argentina/GFS_ENSEMBLE_Corn_Winter_PRCP_DEP/daily dia 05 (2026-08-03 → 2026-08-03) 37414 bytes
2026-07-29 09:35:26,540 [INFO] [OK] Argentina/GFS_ENSEMBLE_Corn_Winter_PRCP_DEP/daily dia 08 (2026-08-06 → 2026-08-06) 42127 bytes
2026-07-29 09:35:26,785 [INFO] [OK] Argentina/GFS_ENSEMBLE_Corn_Winter_PRCP_DEP/daily dia 07 (2026-08-05 → 2026-08-05) 41021 bytes
2026-07-29 09:35:26,803 [INFO] [OK] Argentina/GFS_ENSEMBLE_Corn_Winter_PRCP_DEP/daily dia 10 (2026-08-08 → 2026-08-08) 41774 bytes
2026-07-29 09:35:26,934 [INFO] [OK] Argentina/GFS_ENSEMBLE_Corn_Winter_PRCP_DEP/daily dia 09 (2026-08-07 → 2026-08-07) 42838 bytes
2026-07-29 09:35:26,935 [INFO] [OK] Argentina/GFS_ENSEMBLE_Corn_Winter_PRCP_DEP/daily dia 06 (2026-08-04 → 2026-08-04) 39768 bytes
2026-07-29 09:35:27,505 [INFO] [OK] Argentina/GFS_ENSEMBLE_Corn_Winter_PRCP_DEP/daily dia 11 (2026-08-09 → 2026-08-09) 40769 bytes
2026-07-29 09:35:27,629 [INFO] [OK] Argentina/GFS_ENSEMBLE_Corn_Winter_PRCP_DEP/daily dia 12 (2026-08-10 → 2026-08-10) 43392 bytes
2026-07-29 09:35:27,896 [INFO] [OK] Argentina/GFS_ENSEMBLE_Corn_Winter_PRCP_DEP/daily dia 13 (2026-08-11 → 2026-08-11) 42820 bytes
2026-07-29 09:35:27,980 [INFO] [OK] Argentina/GFS_ENSEMBLE_Corn_Winter_PRCP_DEP/cumulative dia 00 (2026-07-29 → 2026-07-29) 34516 bytes
2026-07-29 09:35:27,983 [INFO] [OK] Argentina/GFS_ENSEMBLE_Corn_Winter_PRCP_DEP/cumulative dia 01 (2026-07-29 → 2026-07-30) 34005 bytes
2026-07-29 09:35:27,994 [INFO] [OK] Argentina/GFS_ENSEMBLE_Corn_Winter_PRCP_DEP/daily dia 14 (2026-08-12 → 2026-08-12) 42557 bytes
2026-07-29 09:35:28,584 [INFO] [OK] Argentina/GFS_ENSEMBLE_Corn_Winter_PRCP_DEP/cumulative dia 02 (2026-07-29 → 2026-07-31) 34953 bytes
2026-07-29 09:35:28,800 [INFO] [OK] Argentina/GFS_ENSEMBLE_Corn_Winter_PRCP_DEP/cumulative dia 03 (2026-07-29 → 2026-08-01) 37773 bytes
2026-07-29 09:35:29,346 [INFO] [OK] Argentina/GFS_ENSEMBLE_Corn_Winter_PRCP_DEP/cumulative dia 06 (2026-07-29 → 2026-08-04) 39163 bytes
2026-07-29 09:35:29,473 [INFO] [OK] Argentina/GFS_ENSEMBLE_Corn_Winter_PRCP_DEP/cumulative dia 04 (2026-07-29 → 2026-08-02) 38645 bytes
2026-07-29 09:35:29,481 [INFO] [OK] Argentina/GFS_ENSEMBLE_Corn_Winter_PRCP_DEP/cumulative dia 05 (2026-07-29 → 2026-08-03) 38317 bytes
2026-07-29 09:35:29,575 [INFO] [OK] Argentina/GFS_ENSEMBLE_Corn_Winter_PRCP_DEP/cumulative dia 07 (2026-07-29 → 2026-08-05) 42028 bytes
2026-07-29 09:35:30,106 [INFO] [OK] Argentina/GFS_ENSEMBLE_Corn_Winter_PRCP_DEP/cumulative dia 08 (2026-07-29 → 2026-08-06) 43266 bytes
2026-07-29 09:35:30,296 [INFO] [OK] Argentina/GFS_ENSEMBLE_Corn_Winter_PRCP_DEP/cumulative dia 09 (2026-07-29 → 2026-08-07) 43644 bytes
2026-07-29 09:35:30,954 [INFO] [OK] Argentina/GFS_ENSEMBLE_Corn_Winter_PRCP_DEP/cumulative dia 10 (2026-07-29 → 2026-08-08) 43576 bytes
2026-07-29 09:35:31,160 [INFO] [OK] Argentina/GFS_ENSEMBLE_Corn_Winter_PRCP_DEP/cumulative dia 11 (2026-07-29 → 2026-08-09) 43735 bytes
2026-07-29 09:35:31,444 [INFO] [OK] Argentina/GFS_ENSEMBLE_Corn_Winter_PRCP_DEP/cumulative dia 12 (2026-07-29 → 2026-08-10) 44064 bytes
2026-07-29 09:35:31,584 [INFO] [OK] Argentina/GFS_ENSEMBLE_Corn_Winter_PRCP_DEP/cumulative dia 13 (2026-07-29 → 2026-08-11) 43976 bytes
2026-07-29 09:35:31,588 [INFO] [OK] Argentina/GFS_ENSEMBLE_Corn_Winter_PRCP/daily dia 00 (2026-07-29 → 2026-07-29) 25341 bytes
2026-07-29 09:35:31,913 [INFO] [OK] Argentina/GFS_ENSEMBLE_Corn_Winter_PRCP_DEP/cumulative dia 14 (2026-07-29 → 2026-08-12) 44175 bytes
2026-07-29 09:35:31,938 [INFO] [OK] Argentina/GFS_ENSEMBLE_Corn_Winter_PRCP/daily dia 01 (2026-07-30 → 2026-07-30) 25942 bytes
2026-07-29 09:35:32,163 [INFO] [OK] Argentina/GFS_ENSEMBLE_Corn_Winter_PRCP/daily dia 02 (2026-07-31 → 2026-07-31) 27392 bytes
2026-07-29 09:35:32,466 [INFO] [OK] Argentina/GFS_ENSEMBLE_Corn_Winter_PRCP/daily dia 03 (2026-08-01 → 2026-08-01) 26990 bytes
2026-07-29 09:35:32,683 [INFO] [OK] Argentina/GFS_ENSEMBLE_Corn_Winter_PRCP/daily dia 05 (2026-08-03 → 2026-08-03) 26833 bytes
2026-07-29 09:35:32,686 [INFO] [OK] Argentina/GFS_ENSEMBLE_Corn_Winter_PRCP/daily dia 04 (2026-08-02 → 2026-08-02) 27323 bytes
2026-07-29 09:35:32,927 [INFO] [OK] Argentina/GFS_ENSEMBLE_Corn_Winter_PRCP/daily dia 06 (2026-08-04 → 2026-08-04) 26615 bytes
2026-07-29 09:35:32,965 [INFO] [OK] Argentina/GFS_ENSEMBLE_Corn_Winter_PRCP/daily dia 07 (2026-08-05 → 2026-08-05) 26458 bytes
2026-07-29 09:35:33,278 [INFO] [OK] Argentina/GFS_ENSEMBLE_Corn_Winter_PRCP/daily dia 08 (2026-08-06 → 2026-08-06) 25517 bytes
2026-07-29 09:35:33,486 [INFO] [OK] Argentina/GFS_ENSEMBLE_Corn_Winter_PRCP/daily dia 09 (2026-08-07 → 2026-08-07) 25172 bytes
2026-07-29 09:35:33,751 [INFO] [OK] Argentina/GFS_ENSEMBLE_Corn_Winter_PRCP/daily dia 10 (2026-08-08 → 2026-08-08) 25229 bytes
2026-07-29 09:35:33,831 [INFO] [OK] Argentina/GFS_ENSEMBLE_Corn_Winter_PRCP/daily dia 11 (2026-08-09 → 2026-08-09) 25067 bytes
2026-07-29 09:35:34,054 [INFO] [OK] Argentina/GFS_ENSEMBLE_Corn_Winter_PRCP/daily dia 12 (2026-08-10 → 2026-08-10) 25331 bytes
2026-07-29 09:35:34,063 [INFO] [OK] Argentina/GFS_ENSEMBLE_Corn_Winter_PRCP/daily dia 13 (2026-08-11 → 2026-08-11) 25213 bytes
2026-07-29 09:35:34,852 [INFO] [OK] Argentina/GFS_ENSEMBLE_Corn_Winter_PRCP/daily dia 14 (2026-08-12 → 2026-08-12) 25105 bytes
2026-07-29 09:35:34,951 [INFO] [OK] Argentina/GFS_ENSEMBLE_Corn_Winter_PRCP/cumulative dia 00 (2026-07-29 → 2026-07-29) 25341 bytes
2026-07-29 09:35:35,095 [INFO] [OK] Argentina/GFS_ENSEMBLE_Corn_Winter_PRCP/cumulative dia 02 (2026-07-29 → 2026-07-31) 29538 bytes
2026-07-29 09:35:35,277 [INFO] [OK] Argentina/GFS_ENSEMBLE_Corn_Winter_PRCP/cumulative dia 03 (2026-07-29 → 2026-08-01) 30391 bytes
2026-07-29 09:35:35,527 [INFO] [OK] Argentina/GFS_ENSEMBLE_Corn_Winter_PRCP/cumulative dia 01 (2026-07-29 → 2026-07-30) 27036 bytes
2026-07-29 09:35:35,537 [INFO] [OK] Argentina/GFS_ENSEMBLE_Corn_Winter_PRCP/cumulative dia 04 (2026-07-29 → 2026-08-02) 31367 bytes
2026-07-29 09:35:36,122 [INFO] [OK] Argentina/GFS_ENSEMBLE_Corn_Winter_PRCP/cumulative dia 05 (2026-07-29 → 2026-08-03) 31922 bytes
2026-07-29 09:35:36,268 [INFO] [OK] Argentina/GFS_ENSEMBLE_Corn_Winter_PRCP/cumulative dia 06 (2026-07-29 → 2026-08-04) 32387 bytes
2026-07-29 09:35:36,584 [INFO] [OK] Argentina/GFS_ENSEMBLE_Corn_Winter_PRCP/cumulative dia 07 (2026-07-29 → 2026-08-05) 33009 bytes
2026-07-29 09:35:37,017 [INFO] [OK] Argentina/GFS_ENSEMBLE_Corn_Winter_PRCP/cumulative dia 08 (2026-07-29 → 2026-08-06) 33272 bytes
2026-07-29 09:35:37,313 [INFO] [OK] Argentina/GFS_ENSEMBLE_Corn_Winter_PRCP/cumulative dia 09 (2026-07-29 → 2026-08-07) 33492 bytes
2026-07-29 09:35:37,578 [INFO] [OK] Argentina/GFS_ENSEMBLE_Corn_Winter_PRCP/cumulative dia 10 (2026-07-29 → 2026-08-08) 34043 bytes
2026-07-29 09:35:38,555 [INFO] [OK] Argentina/GFS_ENSEMBLE_Corn_Winter_PRCP/cumulative dia 12 (2026-07-29 → 2026-08-10) 34619 bytes
2026-07-29 09:35:38,717 [INFO] [OK] Argentina/ECM_ENSEMBLE_Soy_PRCP_DEP/daily dia 00 (2026-07-29 → 2026-07-29) 41257 bytes
2026-07-29 09:35:38,833 [INFO] [OK] Argentina/GFS_ENSEMBLE_Corn_Winter_PRCP/cumulative dia 11 (2026-07-29 → 2026-08-09) 34671 bytes
2026-07-29 09:35:38,872 [INFO] [OK] Argentina/GFS_ENSEMBLE_Corn_Winter_PRCP/cumulative dia 13 (2026-07-29 → 2026-08-11) 34986 bytes
2026-07-29 09:35:38,958 [INFO] [OK] Argentina/ECM_ENSEMBLE_Soy_PRCP_DEP/daily dia 01 (2026-07-30 → 2026-07-30) 40148 bytes
2026-07-29 09:35:39,305 [INFO] [OK] Argentina/GFS_ENSEMBLE_Corn_Winter_PRCP/cumulative dia 14 (2026-07-29 → 2026-08-12) 35308 bytes
2026-07-29 09:35:39,777 [INFO] [OK] Argentina/ECM_ENSEMBLE_Soy_PRCP_DEP/daily dia 02 (2026-07-31 → 2026-07-31) 38346 bytes
2026-07-29 09:35:39,956 [INFO] [OK] Argentina/ECM_ENSEMBLE_Soy_PRCP_DEP/daily dia 03 (2026-08-01 → 2026-08-01) 38638 bytes
2026-07-29 09:35:40,051 [INFO] [OK] Argentina/ECM_ENSEMBLE_Soy_PRCP_DEP/daily dia 04 (2026-08-02 → 2026-08-02) 38961 bytes
2026-07-29 09:35:40,066 [INFO] [OK] Argentina/ECM_ENSEMBLE_Soy_PRCP_DEP/daily dia 05 (2026-08-03 → 2026-08-03) 40841 bytes
2026-07-29 09:35:40,071 [INFO] [OK] Argentina/ECM_ENSEMBLE_Soy_PRCP_DEP/daily dia 06 (2026-08-04 → 2026-08-04) 40744 bytes
2026-07-29 09:35:40,455 [INFO] [OK] Argentina/ECM_ENSEMBLE_Soy_PRCP_DEP/daily dia 07 (2026-08-05 → 2026-08-05) 39552 bytes
2026-07-29 09:35:40,853 [INFO] [OK] Argentina/ECM_ENSEMBLE_Soy_PRCP_DEP/daily dia 08 (2026-08-06 → 2026-08-06) 42624 bytes
2026-07-29 09:35:43,214 [INFO] [OK] Argentina/ECM_ENSEMBLE_Soy_PRCP_DEP/daily dia 14 (2026-08-12 → 2026-08-12) 45505 bytes
2026-07-29 09:35:43,230 [INFO] [OK] Argentina/ECM_ENSEMBLE_Soy_PRCP_DEP/daily dia 09 (2026-08-07 → 2026-08-07) 43978 bytes
2026-07-29 09:35:43,236 [INFO] [OK] Argentina/ECM_ENSEMBLE_Soy_PRCP_DEP/daily dia 13 (2026-08-11 → 2026-08-11) 42761 bytes
2026-07-29 09:35:43,236 [INFO] [OK] Argentina/ECM_ENSEMBLE_Soy_PRCP_DEP/daily dia 12 (2026-08-10 → 2026-08-10) 39266 bytes
2026-07-29 09:35:43,397 [INFO] [OK] Argentina/ECM_ENSEMBLE_Soy_PRCP_DEP/daily dia 10 (2026-08-08 → 2026-08-08) 43772 bytes
2026-07-29 09:35:43,399 [INFO] [OK] Argentina/ECM_ENSEMBLE_Soy_PRCP_DEP/daily dia 11 (2026-08-09 → 2026-08-09) 39439 bytes
2026-07-29 09:35:45,512 [INFO] [OK] Argentina/ECM_ENSEMBLE_Soy_PRCP_DEP/cumulative dia 00 (2026-07-29 → 2026-07-29) 41257 bytes
2026-07-29 09:35:45,570 [INFO] [OK] Argentina/ECM_ENSEMBLE_Soy_PRCP_DEP/cumulative dia 02 (2026-07-29 → 2026-07-31) 42679 bytes
2026-07-29 09:35:46,330 [INFO] [OK] Argentina/ECM_ENSEMBLE_Soy_PRCP_DEP/cumulative dia 04 (2026-07-29 → 2026-08-02) 40585 bytes
2026-07-29 09:35:46,374 [INFO] [OK] Argentina/ECM_ENSEMBLE_Soy_PRCP_DEP/cumulative dia 03 (2026-07-29 → 2026-08-01) 40866 bytes
2026-07-29 09:35:46,395 [INFO] [OK] Argentina/ECM_ENSEMBLE_Soy_PRCP_DEP/cumulative dia 01 (2026-07-29 → 2026-07-30) 42257 bytes
2026-07-29 09:35:46,406 [INFO] [OK] Argentina/ECM_ENSEMBLE_Soy_PRCP_DEP/cumulative dia 05 (2026-07-29 → 2026-08-03) 39911 bytes
2026-07-29 09:35:47,002 [INFO] [OK] Argentina/ECM_ENSEMBLE_Soy_PRCP_DEP/cumulative dia 06 (2026-07-29 → 2026-08-04) 39318 bytes
2026-07-29 09:35:47,187 [INFO] [OK] Argentina/ECM_ENSEMBLE_Soy_PRCP_DEP/cumulative dia 07 (2026-07-29 → 2026-08-05) 39055 bytes
2026-07-29 09:35:48,063 [INFO] [OK] Argentina/ECM_ENSEMBLE_Soy_PRCP_DEP/cumulative dia 09 (2026-07-29 → 2026-08-07) 39740 bytes
2026-07-29 09:35:48,101 [INFO] [OK] Argentina/ECM_ENSEMBLE_Soy_PRCP_DEP/cumulative dia 08 (2026-07-29 → 2026-08-06) 39199 bytes
2026-07-29 09:35:48,928 [INFO] [OK] Argentina/ECM_ENSEMBLE_Soy_PRCP_DEP/cumulative dia 11 (2026-07-29 → 2026-08-09) 40454 bytes
2026-07-29 09:35:48,940 [INFO] [OK] Argentina/ECM_ENSEMBLE_Soy_PRCP_DEP/cumulative dia 10 (2026-07-29 → 2026-08-08) 40246 bytes
2026-07-29 09:35:49,904 [INFO] [OK] Argentina/ECM_ENSEMBLE_Soy_PRCP/daily dia 00 (2026-07-29 → 2026-07-29) 29239 bytes
2026-07-29 09:35:51,181 [INFO] [OK] Argentina/ECM_ENSEMBLE_Soy_PRCP/daily dia 02 (2026-07-31 → 2026-07-31) 30102 bytes
2026-07-29 09:35:51,182 [INFO] [OK] Argentina/ECM_ENSEMBLE_Soy_PRCP_DEP/cumulative dia 12 (2026-07-29 → 2026-08-10) 40654 bytes
2026-07-29 09:35:51,188 [INFO] [OK] Argentina/ECM_ENSEMBLE_Soy_PRCP/daily dia 01 (2026-07-30 → 2026-07-30) 28415 bytes
2026-07-29 09:35:51,715 [INFO] [OK] Argentina/ECM_ENSEMBLE_Soy_PRCP/daily dia 03 (2026-08-01 → 2026-08-01) 31543 bytes
2026-07-29 09:35:51,742 [INFO] [OK] Argentina/ECM_ENSEMBLE_Soy_PRCP_DEP/cumulative dia 13 (2026-07-29 → 2026-08-11) 41258 bytes
2026-07-29 09:35:51,767 [INFO] [OK] Argentina/ECM_ENSEMBLE_Soy_PRCP_DEP/cumulative dia 14 (2026-07-29 → 2026-08-12) 41436 bytes
2026-07-29 09:35:52,658 [INFO] [OK] Argentina/ECM_ENSEMBLE_Soy_PRCP/daily dia 06 (2026-08-04 → 2026-08-04) 29857 bytes
2026-07-29 09:35:52,666 [INFO] [OK] Argentina/ECM_ENSEMBLE_Soy_PRCP/daily dia 05 (2026-08-03 → 2026-08-03) 29642 bytes
2026-07-29 09:35:52,701 [INFO] [OK] Argentina/ECM_ENSEMBLE_Soy_PRCP/daily dia 04 (2026-08-02 → 2026-08-02) 29454 bytes
2026-07-29 09:35:52,841 [INFO] [OK] Argentina/ECM_ENSEMBLE_Soy_PRCP/daily dia 07 (2026-08-05 → 2026-08-05) 30108 bytes
2026-07-29 09:35:52,878 [INFO] [OK] Argentina/ECM_ENSEMBLE_Soy_PRCP/daily dia 08 (2026-08-06 → 2026-08-06) 28513 bytes
2026-07-29 09:35:52,927 [INFO] [OK] Argentina/ECM_ENSEMBLE_Soy_PRCP/daily dia 09 (2026-08-07 → 2026-08-07) 27721 bytes
2026-07-29 09:35:53,898 [INFO] [OK] Argentina/ECM_ENSEMBLE_Soy_PRCP/daily dia 12 (2026-08-10 → 2026-08-10) 28683 bytes
2026-07-29 09:35:53,902 [INFO] [OK] Argentina/ECM_ENSEMBLE_Soy_PRCP/daily dia 10 (2026-08-08 → 2026-08-08) 27741 bytes
2026-07-29 09:35:53,910 [INFO] [OK] Argentina/ECM_ENSEMBLE_Soy_PRCP/daily dia 11 (2026-08-09 → 2026-08-09) 28233 bytes
2026-07-29 09:35:54,094 [INFO] [OK] Argentina/ECM_ENSEMBLE_Soy_PRCP/daily dia 13 (2026-08-11 → 2026-08-11) 28179 bytes
2026-07-29 09:35:54,203 [INFO] [OK] Argentina/ECM_ENSEMBLE_Soy_PRCP/daily dia 14 (2026-08-12 → 2026-08-12) 27525 bytes
2026-07-29 09:35:54,205 [INFO] [OK] Argentina/ECM_ENSEMBLE_Soy_PRCP/cumulative dia 00 (2026-07-29 → 2026-07-29) 29239 bytes
2026-07-29 09:35:55,358 [INFO] [OK] Argentina/ECM_ENSEMBLE_Soy_PRCP/cumulative dia 02 (2026-07-29 → 2026-07-31) 34557 bytes
2026-07-29 09:35:55,481 [INFO] [OK] Argentina/ECM_ENSEMBLE_Soy_PRCP/cumulative dia 01 (2026-07-29 → 2026-07-30) 31306 bytes
2026-07-29 09:35:55,569 [INFO] [OK] Argentina/ECM_ENSEMBLE_Soy_PRCP/cumulative dia 03 (2026-07-29 → 2026-08-01) 34768 bytes
2026-07-29 09:35:55,973 [INFO] [OK] Argentina/ECM_ENSEMBLE_Soy_PRCP/cumulative dia 04 (2026-07-29 → 2026-08-02) 35596 bytes
2026-07-29 09:35:56,222 [INFO] [OK] Argentina/ECM_ENSEMBLE_Soy_PRCP/cumulative dia 06 (2026-07-29 → 2026-08-04) 37293 bytes
2026-07-29 09:35:56,406 [INFO] [OK] Argentina/ECM_ENSEMBLE_Soy_PRCP/cumulative dia 05 (2026-07-29 → 2026-08-03) 36632 bytes
2026-07-29 09:35:57,630 [INFO] [OK] Argentina/ECM_ENSEMBLE_Soy_PRCP/cumulative dia 07 (2026-07-29 → 2026-08-05) 37438 bytes
2026-07-29 09:35:57,933 [INFO] [OK] Argentina/ECM_ENSEMBLE_Soy_PRCP/cumulative dia 09 (2026-07-29 → 2026-08-07) 38530 bytes
2026-07-29 09:35:58,109 [INFO] [OK] Argentina/ECM_ENSEMBLE_Soy_PRCP/cumulative dia 10 (2026-07-29 → 2026-08-08) 38596 bytes
2026-07-29 09:35:58,208 [INFO] [OK] Argentina/ECM_ENSEMBLE_Soy_PRCP/cumulative dia 11 (2026-07-29 → 2026-08-09) 38878 bytes
2026-07-29 09:35:58,268 [INFO] [OK] Argentina/ECM_ENSEMBLE_Soy_PRCP/cumulative dia 08 (2026-07-29 → 2026-08-06) 37950 bytes
2026-07-29 09:35:58,548 [INFO] [OK] Argentina/ECM_ENSEMBLE_Soy_PRCP/cumulative dia 12 (2026-07-29 → 2026-08-10) 39075 bytes
2026-07-29 09:35:59,339 [INFO] [OK] Argentina/ECM_ENSEMBLE_Corn_Winter_PRCP_DEP/daily dia 00 (2026-07-29 → 2026-07-29) 39711 bytes
2026-07-29 09:36:02,085 [INFO] [OK] Argentina/ECM_ENSEMBLE_Corn_Winter_PRCP_DEP/daily dia 02 (2026-07-31 → 2026-07-31) 36745 bytes
2026-07-29 09:36:02,103 [INFO] [OK] Argentina/ECM_ENSEMBLE_Corn_Winter_PRCP_DEP/daily dia 01 (2026-07-30 → 2026-07-30) 38539 bytes
2026-07-29 09:36:02,321 [INFO] [OK] Argentina/ECM_ENSEMBLE_Corn_Winter_PRCP_DEP/daily dia 04 (2026-08-02 → 2026-08-02) 37190 bytes
2026-07-29 09:36:02,321 [INFO] [OK] Argentina/ECM_ENSEMBLE_Corn_Winter_PRCP_DEP/daily dia 03 (2026-08-01 → 2026-08-01) 36900 bytes
2026-07-29 09:36:02,638 [INFO] [OK] Argentina/ECM_ENSEMBLE_Soy_PRCP/cumulative dia 13 (2026-07-29 → 2026-08-11) 39366 bytes
2026-07-29 09:36:02,643 [INFO] [OK] Argentina/ECM_ENSEMBLE_Soy_PRCP/cumulative dia 14 (2026-07-29 → 2026-08-12) 39168 bytes
2026-07-29 09:36:03,581 [INFO] [OK] Argentina/ECM_ENSEMBLE_Corn_Winter_PRCP_DEP/daily dia 05 (2026-08-03 → 2026-08-03) 39081 bytes
2026-07-29 09:36:04,155 [INFO] [OK] Argentina/ECM_ENSEMBLE_Corn_Winter_PRCP_DEP/daily dia 08 (2026-08-06 → 2026-08-06) 41253 bytes
2026-07-29 09:36:04,157 [INFO] [OK] Argentina/ECM_ENSEMBLE_Corn_Winter_PRCP_DEP/daily dia 09 (2026-08-07 → 2026-08-07) 42582 bytes
2026-07-29 09:36:04,159 [INFO] [OK] Argentina/ECM_ENSEMBLE_Corn_Winter_PRCP_DEP/daily dia 07 (2026-08-05 → 2026-08-05) 38067 bytes
2026-07-29 09:36:04,161 [INFO] [OK] Argentina/ECM_ENSEMBLE_Corn_Winter_PRCP_DEP/daily dia 06 (2026-08-04 → 2026-08-04) 38806 bytes
2026-07-29 09:36:04,197 [INFO] [OK] Argentina/ECM_ENSEMBLE_Corn_Winter_PRCP_DEP/daily dia 10 (2026-08-08 → 2026-08-08) 42146 bytes
2026-07-29 09:36:05,132 [INFO] [OK] Argentina/ECM_ENSEMBLE_Corn_Winter_PRCP_DEP/daily dia 11 (2026-08-09 → 2026-08-09) 37899 bytes
2026-07-29 09:36:05,825 [INFO] [OK] Argentina/ECM_ENSEMBLE_Corn_Winter_PRCP_DEP/daily dia 14 (2026-08-12 → 2026-08-12) 43841 bytes
2026-07-29 09:36:05,827 [INFO] [OK] Argentina/ECM_ENSEMBLE_Corn_Winter_PRCP_DEP/daily dia 12 (2026-08-10 → 2026-08-10) 37739 bytes
2026-07-29 09:36:05,839 [INFO] [OK] Argentina/ECM_ENSEMBLE_Corn_Winter_PRCP_DEP/daily dia 13 (2026-08-11 → 2026-08-11) 41138 bytes
2026-07-29 09:36:06,378 [INFO] [OK] Argentina/ECM_ENSEMBLE_Corn_Winter_PRCP_DEP/cumulative dia 00 (2026-07-29 → 2026-07-29) 39711 bytes
2026-07-29 09:36:06,425 [INFO] [OK] Argentina/ECM_ENSEMBLE_Corn_Winter_PRCP_DEP/cumulative dia 01 (2026-07-29 → 2026-07-30) 40692 bytes
2026-07-29 09:36:07,693 [INFO] [OK] Argentina/ECM_ENSEMBLE_Corn_Winter_PRCP_DEP/cumulative dia 02 (2026-07-29 → 2026-07-31) 41140 bytes
2026-07-29 09:36:09,186 [INFO] [OK] Argentina/ECM_ENSEMBLE_Corn_Winter_PRCP_DEP/cumulative dia 04 (2026-07-29 → 2026-08-02) 39019 bytes
2026-07-29 09:36:11,058 [INFO] [OK] Argentina/ECM_ENSEMBLE_Corn_Winter_PRCP_DEP/cumulative dia 07 (2026-07-29 → 2026-08-05) 37619 bytes
2026-07-29 09:36:11,424 [INFO] [OK] Argentina/ECM_ENSEMBLE_Corn_Winter_PRCP_DEP/cumulative dia 06 (2026-07-29 → 2026-08-04) 37866 bytes
2026-07-29 09:36:11,432 [INFO] [OK] Argentina/ECM_ENSEMBLE_Corn_Winter_PRCP_DEP/cumulative dia 08 (2026-07-29 → 2026-08-06) 37700 bytes
2026-07-29 09:36:11,513 [INFO] [OK] Argentina/ECM_ENSEMBLE_Corn_Winter_PRCP_DEP/cumulative dia 03 (2026-07-29 → 2026-08-01) 39314 bytes
2026-07-29 09:36:11,616 [INFO] [OK] Argentina/ECM_ENSEMBLE_Corn_Winter_PRCP_DEP/cumulative dia 05 (2026-07-29 → 2026-08-03) 38451 bytes
2026-07-29 09:36:15,268 [INFO] [OK] Argentina/ECM_ENSEMBLE_Corn_Winter_PRCP_DEP/cumulative dia 14 (2026-07-29 → 2026-08-12) 39667 bytes
2026-07-29 09:36:15,276 [INFO] [OK] Argentina/ECM_ENSEMBLE_Corn_Winter_PRCP_DEP/cumulative dia 09 (2026-07-29 → 2026-08-07) 38219 bytes
2026-07-29 09:36:15,302 [INFO] [OK] Argentina/ECM_ENSEMBLE_Corn_Winter_PRCP_DEP/cumulative dia 13 (2026-07-29 → 2026-08-11) 39701 bytes
2026-07-29 09:36:15,311 [INFO] [OK] Argentina/ECM_ENSEMBLE_Corn_Winter_PRCP_DEP/cumulative dia 11 (2026-07-29 → 2026-08-09) 38812 bytes
2026-07-29 09:36:15,312 [INFO] [OK] Argentina/ECM_ENSEMBLE_Corn_Winter_PRCP_DEP/cumulative dia 10 (2026-07-29 → 2026-08-08) 38685 bytes
2026-07-29 09:36:15,318 [INFO] [OK] Argentina/ECM_ENSEMBLE_Corn_Winter_PRCP_DEP/cumulative dia 12 (2026-07-29 → 2026-08-10) 39205 bytes
2026-07-29 09:36:16,446 [INFO] [OK] Argentina/ECM_ENSEMBLE_Corn_Winter_PRCP/daily dia 00 (2026-07-29 → 2026-07-29) 27317 bytes
2026-07-29 09:36:16,514 [INFO] [OK] Argentina/ECM_ENSEMBLE_Corn_Winter_PRCP/daily dia 01 (2026-07-30 → 2026-07-30) 26345 bytes
2026-07-29 09:36:16,570 [INFO] [OK] Argentina/ECM_ENSEMBLE_Corn_Winter_PRCP/daily dia 05 (2026-08-03 → 2026-08-03) 27741 bytes
2026-07-29 09:36:16,578 [INFO] [OK] Argentina/ECM_ENSEMBLE_Corn_Winter_PRCP/daily dia 03 (2026-08-01 → 2026-08-01) 29428 bytes
2026-07-29 09:36:16,674 [INFO] [OK] Argentina/ECM_ENSEMBLE_Corn_Winter_PRCP/daily dia 02 (2026-07-31 → 2026-07-31) 28138 bytes
2026-07-29 09:36:16,687 [INFO] [OK] Argentina/ECM_ENSEMBLE_Corn_Winter_PRCP/daily dia 04 (2026-08-02 → 2026-08-02) 27637 bytes
2026-07-29 09:36:17,729 [INFO] [OK] Argentina/ECM_ENSEMBLE_Corn_Winter_PRCP/daily dia 08 (2026-08-06 → 2026-08-06) 26746 bytes
2026-07-29 09:36:17,738 [INFO] [OK] Argentina/ECM_ENSEMBLE_Corn_Winter_PRCP/daily dia 07 (2026-08-05 → 2026-08-05) 28218 bytes
2026-07-29 09:36:17,757 [INFO] [OK] Argentina/ECM_ENSEMBLE_Corn_Winter_PRCP/daily dia 06 (2026-08-04 → 2026-08-04) 27985 bytes
2026-07-29 09:36:17,922 [INFO] [OK] Argentina/ECM_ENSEMBLE_Corn_Winter_PRCP/daily dia 10 (2026-08-08 → 2026-08-08) 26136 bytes
2026-07-29 09:36:17,931 [INFO] [OK] Argentina/ECM_ENSEMBLE_Corn_Winter_PRCP/daily dia 09 (2026-08-07 → 2026-08-07) 25946 bytes
2026-07-29 09:36:18,112 [INFO] [OK] Argentina/ECM_ENSEMBLE_Corn_Winter_PRCP/daily dia 11 (2026-08-09 → 2026-08-09) 26405 bytes
2026-07-29 09:36:19,189 [INFO] [OK] Argentina/ECM_ENSEMBLE_Corn_Winter_PRCP/daily dia 14 (2026-08-12 → 2026-08-12) 25696 bytes
2026-07-29 09:36:19,191 [INFO] [OK] Argentina/ECM_ENSEMBLE_Corn_Winter_PRCP/daily dia 13 (2026-08-11 → 2026-08-11) 26382 bytes
2026-07-29 09:36:19,392 [INFO] [OK] Argentina/ECM_ENSEMBLE_Corn_Winter_PRCP/daily dia 12 (2026-08-10 → 2026-08-10) 26916 bytes
2026-07-29 09:36:19,805 [INFO] [OK] Argentina/ECM_ENSEMBLE_Corn_Winter_PRCP/cumulative dia 00 (2026-07-29 → 2026-07-29) 27317 bytes
2026-07-29 09:36:19,809 [INFO] [OK] Argentina/ECM_ENSEMBLE_Corn_Winter_PRCP/cumulative dia 01 (2026-07-29 → 2026-07-30) 29452 bytes
2026-07-29 09:36:19,941 [INFO] [OK] Argentina/ECM_ENSEMBLE_Corn_Winter_PRCP/cumulative dia 02 (2026-07-29 → 2026-07-31) 32606 bytes
2026-07-29 09:36:20,608 [INFO] [OK] Argentina/ECM_ENSEMBLE_Corn_Winter_PRCP/cumulative dia 03 (2026-07-29 → 2026-08-01) 32720 bytes
2026-07-29 09:36:20,677 [INFO] [OK] Argentina/ECM_ENSEMBLE_Corn_Winter_PRCP/cumulative dia 04 (2026-07-29 → 2026-08-02) 33729 bytes
2026-07-29 09:36:20,941 [INFO] [OK] Argentina/ECM_ENSEMBLE_Corn_Winter_PRCP/cumulative dia 05 (2026-07-29 → 2026-08-03) 34640 bytes
2026-07-29 09:36:21,360 [INFO] [OK] Argentina/ECM_ENSEMBLE_Corn_Winter_PRCP/cumulative dia 06 (2026-07-29 → 2026-08-04) 34976 bytes
2026-07-29 09:36:21,404 [INFO] [OK] Argentina/ECM_ENSEMBLE_Corn_Winter_PRCP/cumulative dia 07 (2026-07-29 → 2026-08-05) 35299 bytes
2026-07-29 09:36:21,570 [INFO] [OK] Argentina/ECM_ENSEMBLE_Corn_Winter_PRCP/cumulative dia 08 (2026-07-29 → 2026-08-06) 35816 bytes
2026-07-29 09:36:22,398 [INFO] [OK] Argentina/ECM_ENSEMBLE_Corn_Winter_PRCP/cumulative dia 09 (2026-07-29 → 2026-08-07) 36483 bytes
2026-07-29 09:36:22,399 [INFO] [OK] Argentina/ECM_ENSEMBLE_Corn_Winter_PRCP/cumulative dia 10 (2026-07-29 → 2026-08-08) 36649 bytes
2026-07-29 09:36:22,614 [INFO] [OK] Argentina/ECM_ENSEMBLE_Corn_Winter_PRCP/cumulative dia 11 (2026-07-29 → 2026-08-09) 37036 bytes
2026-07-29 09:36:23,182 [INFO] [OK] Argentina/ECM_ENSEMBLE_Corn_Winter_PRCP/cumulative dia 12 (2026-07-29 → 2026-08-10) 37176 bytes
2026-07-29 09:36:23,185 [INFO] [OK] Argentina/ECM_ENSEMBLE_Corn_Winter_PRCP/cumulative dia 13 (2026-07-29 → 2026-08-11) 37492 bytes
2026-07-29 09:36:23,426 [INFO] [OK] Argentina/ECM_ENSEMBLE_Corn_Winter_PRCP/cumulative dia 14 (2026-07-29 → 2026-08-12) 37498 bytes
2026-07-29 09:36:24,546 [INFO] [OK] USA/GFS_ENSEMBLE_Corn_PRCP_DEP/daily dia 00 (2026-07-29 → 2026-07-29) 49115 bytes
2026-07-29 09:36:24,651 [INFO] [OK] USA/GFS_ENSEMBLE_Corn_PRCP_DEP/daily dia 01 (2026-07-30 → 2026-07-30) 49664 bytes
2026-07-29 09:36:24,662 [INFO] [OK] USA/GFS_ENSEMBLE_Corn_PRCP_DEP/daily dia 02 (2026-07-31 → 2026-07-31) 50923 bytes
2026-07-29 09:36:26,206 [INFO] [OK] USA/GFS_ENSEMBLE_Corn_PRCP_DEP/daily dia 04 (2026-08-02 → 2026-08-02) 47094 bytes
2026-07-29 09:36:26,214 [INFO] [OK] USA/GFS_ENSEMBLE_Corn_PRCP_DEP/daily dia 05 (2026-08-03 → 2026-08-03) 49968 bytes
2026-07-29 09:36:26,381 [INFO] [OK] USA/GFS_ENSEMBLE_Corn_PRCP_DEP/daily dia 03 (2026-08-01 → 2026-08-01) 51853 bytes
2026-07-29 09:36:26,438 [INFO] [OK] USA/GFS_ENSEMBLE_Corn_PRCP_DEP/daily dia 06 (2026-08-04 → 2026-08-04) 52183 bytes
2026-07-29 09:36:26,455 [INFO] [OK] USA/GFS_ENSEMBLE_Corn_PRCP_DEP/daily dia 07 (2026-08-05 → 2026-08-05) 54632 bytes
2026-07-29 09:36:27,102 [INFO] [OK] USA/GFS_ENSEMBLE_Corn_PRCP_DEP/daily dia 08 (2026-08-06 → 2026-08-06) 58922 bytes
2026-07-29 09:36:28,035 [INFO] [OK] USA/GFS_ENSEMBLE_Corn_PRCP_DEP/daily dia 09 (2026-08-07 → 2026-08-07) 59838 bytes
2026-07-29 09:36:29,072 [INFO] [OK] USA/GFS_ENSEMBLE_Corn_PRCP_DEP/daily dia 14 (2026-08-12 → 2026-08-12) 60337 bytes
2026-07-29 09:36:29,090 [INFO] [OK] USA/GFS_ENSEMBLE_Corn_PRCP_DEP/daily dia 10 (2026-08-08 → 2026-08-08) 60149 bytes
2026-07-29 09:36:29,138 [INFO] [OK] USA/GFS_ENSEMBLE_Corn_PRCP_DEP/daily dia 13 (2026-08-11 → 2026-08-11) 60376 bytes
2026-07-29 09:36:29,222 [INFO] [OK] USA/GFS_ENSEMBLE_Corn_PRCP_DEP/daily dia 12 (2026-08-10 → 2026-08-10) 59953 bytes
2026-07-29 09:36:29,494 [INFO] [OK] USA/GFS_ENSEMBLE_Corn_PRCP_DEP/daily dia 11 (2026-08-09 → 2026-08-09) 60413 bytes
2026-07-29 09:36:29,749 [INFO] [OK] USA/GFS_ENSEMBLE_Corn_PRCP_DEP/cumulative dia 00 (2026-07-29 → 2026-07-29) 49115 bytes
2026-07-29 09:36:32,243 [INFO] [OK] USA/GFS_ENSEMBLE_Corn_PRCP_DEP/cumulative dia 04 (2026-07-29 → 2026-08-02) 58113 bytes
2026-07-29 09:36:32,251 [INFO] [OK] USA/GFS_ENSEMBLE_Corn_PRCP_DEP/cumulative dia 03 (2026-07-29 → 2026-08-01) 58602 bytes
2026-07-29 09:36:32,329 [INFO] [OK] USA/GFS_ENSEMBLE_Corn_PRCP_DEP/cumulative dia 01 (2026-07-29 → 2026-07-30) 52217 bytes
2026-07-29 09:36:32,439 [INFO] [OK] USA/GFS_ENSEMBLE_Corn_PRCP_DEP/cumulative dia 02 (2026-07-29 → 2026-07-31) 54672 bytes
2026-07-29 09:36:33,067 [INFO] [OK] USA/GFS_ENSEMBLE_Corn_PRCP_DEP/cumulative dia 06 (2026-07-29 → 2026-08-04) 56476 bytes
2026-07-29 09:36:33,197 [INFO] [OK] USA/GFS_ENSEMBLE_Corn_PRCP_DEP/cumulative dia 05 (2026-07-29 → 2026-08-03) 57194 bytes
2026-07-29 09:36:35,661 [INFO] [OK] USA/GFS_ENSEMBLE_Corn_PRCP_DEP/cumulative dia 07 (2026-07-29 → 2026-08-05) 56669 bytes
2026-07-29 09:36:35,873 [INFO] [OK] USA/GFS_ENSEMBLE_Corn_PRCP_DEP/cumulative dia 08 (2026-07-29 → 2026-08-06) 56341 bytes
2026-07-29 09:36:36,184 [INFO] [OK] USA/GFS_ENSEMBLE_Corn_PRCP_DEP/cumulative dia 09 (2026-07-29 → 2026-08-07) 56239 bytes
2026-07-29 09:36:36,295 [INFO] [OK] USA/GFS_ENSEMBLE_Corn_PRCP_DEP/cumulative dia 10 (2026-07-29 → 2026-08-08) 56611 bytes
2026-07-29 09:36:37,007 [INFO] [OK] USA/GFS_ENSEMBLE_Corn_PRCP_DEP/cumulative dia 11 (2026-07-29 → 2026-08-09) 57461 bytes
2026-07-29 09:36:37,102 [INFO] [OK] USA/GFS_ENSEMBLE_Corn_PRCP_DEP/cumulative dia 12 (2026-07-29 → 2026-08-10) 57492 bytes
2026-07-29 09:36:38,205 [INFO] [OK] USA/GFS_ENSEMBLE_Corn_PRCP/daily dia 01 (2026-07-30 → 2026-07-30) 37339 bytes
2026-07-29 09:36:38,220 [INFO] [OK] USA/GFS_ENSEMBLE_Corn_PRCP/daily dia 00 (2026-07-29 → 2026-07-29) 37441 bytes
2026-07-29 09:36:38,978 [INFO] [OK] USA/GFS_ENSEMBLE_Corn_PRCP/daily dia 03 (2026-08-01 → 2026-08-01) 36980 bytes
2026-07-29 09:36:38,981 [INFO] [OK] USA/GFS_ENSEMBLE_Corn_PRCP/daily dia 02 (2026-07-31 → 2026-07-31) 37141 bytes
2026-07-29 09:36:39,100 [INFO] [OK] USA/GFS_ENSEMBLE_Corn_PRCP_DEP/cumulative dia 13 (2026-07-29 → 2026-08-11) 58120 bytes
2026-07-29 09:36:39,563 [INFO] [OK] USA/GFS_ENSEMBLE_Corn_PRCP_DEP/cumulative dia 14 (2026-07-29 → 2026-08-12) 58361 bytes
2026-07-29 09:36:39,983 [INFO] [OK] USA/GFS_ENSEMBLE_Corn_PRCP/daily dia 04 (2026-08-02 → 2026-08-02) 36177 bytes
2026-07-29 09:36:40,352 [INFO] [OK] USA/GFS_ENSEMBLE_Corn_PRCP/daily dia 05 (2026-08-03 → 2026-08-03) 35216 bytes
2026-07-29 09:36:42,044 [INFO] [OK] USA/GFS_ENSEMBLE_Corn_PRCP/daily dia 07 (2026-08-05 → 2026-08-05) 36347 bytes
2026-07-29 09:36:42,087 [INFO] [OK] USA/GFS_ENSEMBLE_Corn_PRCP/daily dia 06 (2026-08-04 → 2026-08-04) 35233 bytes
2026-07-29 09:36:42,409 [INFO] [OK] USA/GFS_ENSEMBLE_Corn_PRCP/daily dia 08 (2026-08-06 → 2026-08-06) 36124 bytes
2026-07-29 09:36:42,598 [INFO] [OK] USA/GFS_ENSEMBLE_Corn_PRCP/daily dia 09 (2026-08-07 → 2026-08-07) 36474 bytes
2026-07-29 09:36:42,844 [INFO] [OK] USA/GFS_ENSEMBLE_Corn_PRCP/daily dia 10 (2026-08-08 → 2026-08-08) 37317 bytes
2026-07-29 09:36:43,171 [INFO] [OK] USA/GFS_ENSEMBLE_Corn_PRCP/daily dia 11 (2026-08-09 → 2026-08-09) 36405 bytes
2026-07-29 09:36:44,881 [INFO] [OK] USA/GFS_ENSEMBLE_Corn_PRCP/daily dia 12 (2026-08-10 → 2026-08-10) 36515 bytes
2026-07-29 09:36:45,694 [INFO] [OK] USA/GFS_ENSEMBLE_Corn_PRCP/daily dia 13 (2026-08-11 → 2026-08-11) 36210 bytes
2026-07-29 09:36:45,707 [INFO] [OK] USA/GFS_ENSEMBLE_Corn_PRCP/daily dia 14 (2026-08-12 → 2026-08-12) 35738 bytes
2026-07-29 09:36:45,853 [INFO] [OK] USA/GFS_ENSEMBLE_Corn_PRCP/cumulative dia 00 (2026-07-29 → 2026-07-29) 37441 bytes
2026-07-29 09:36:46,745 [INFO] [OK] USA/GFS_ENSEMBLE_Corn_PRCP/cumulative dia 01 (2026-07-29 → 2026-07-30) 40637 bytes
2026-07-29 09:36:47,019 [INFO] [OK] USA/GFS_ENSEMBLE_Corn_PRCP/cumulative dia 02 (2026-07-29 → 2026-07-31) 42338 bytes
2026-07-29 09:36:48,663 [INFO] [OK] USA/GFS_ENSEMBLE_Corn_PRCP/cumulative dia 03 (2026-07-29 → 2026-08-01) 43740 bytes
2026-07-29 09:36:49,995 [INFO] [OK] USA/GFS_ENSEMBLE_Corn_PRCP/cumulative dia 04 (2026-07-29 → 2026-08-02) 44477 bytes
2026-07-29 09:36:50,218 [INFO] [OK] USA/GFS_ENSEMBLE_Corn_PRCP/cumulative dia 05 (2026-07-29 → 2026-08-03) 45076 bytes
2026-07-29 09:36:50,759 [INFO] [OK] USA/GFS_ENSEMBLE_Corn_PRCP/cumulative dia 06 (2026-07-29 → 2026-08-04) 45866 bytes
2026-07-29 09:36:50,871 [INFO] [OK] USA/GFS_ENSEMBLE_Corn_PRCP/cumulative dia 07 (2026-07-29 → 2026-08-05) 46836 bytes
2026-07-29 09:36:51,167 [INFO] [OK] USA/GFS_ENSEMBLE_Corn_PRCP/cumulative dia 08 (2026-07-29 → 2026-08-06) 47218 bytes
2026-07-29 09:36:52,833 [INFO] [OK] USA/GFS_ENSEMBLE_Corn_PRCP/cumulative dia 09 (2026-07-29 → 2026-08-07) 47894 bytes
2026-07-29 09:36:55,600 [INFO] [OK] USA/GFS_ENSEMBLE_Corn_PRCP/cumulative dia 10 (2026-07-29 → 2026-08-08) 48398 bytes
2026-07-29 09:36:55,671 [INFO] [OK] USA/GFS_ENSEMBLE_Soy_PRCP_DEP/daily dia 00 (2026-07-29 → 2026-07-29) 48747 bytes
2026-07-29 09:36:55,690 [INFO] [OK] USA/GFS_ENSEMBLE_Corn_PRCP/cumulative dia 11 (2026-07-29 → 2026-08-09) 49119 bytes
2026-07-29 09:36:56,894 [INFO] [OK] USA/GFS_ENSEMBLE_Corn_PRCP/cumulative dia 12 (2026-07-29 → 2026-08-10) 49239 bytes
2026-07-29 09:36:57,736 [INFO] [OK] USA/GFS_ENSEMBLE_Corn_PRCP/cumulative dia 13 (2026-07-29 → 2026-08-11) 50041 bytes
2026-07-29 09:36:58,176 [INFO] [OK] USA/GFS_ENSEMBLE_Corn_PRCP/cumulative dia 14 (2026-07-29 → 2026-08-12) 49963 bytes
2026-07-29 09:36:58,425 [INFO] [OK] USA/GFS_ENSEMBLE_Soy_PRCP_DEP/daily dia 02 (2026-07-31 → 2026-07-31) 50698 bytes
2026-07-29 09:36:58,531 [INFO] [OK] USA/GFS_ENSEMBLE_Soy_PRCP_DEP/daily dia 03 (2026-08-01 → 2026-08-01) 51384 bytes
2026-07-29 09:36:58,615 [INFO] [OK] USA/GFS_ENSEMBLE_Soy_PRCP_DEP/daily dia 01 (2026-07-30 → 2026-07-30) 49190 bytes
2026-07-29 09:36:59,483 [INFO] [OK] USA/GFS_ENSEMBLE_Soy_PRCP_DEP/daily dia 04 (2026-08-02 → 2026-08-02) 46653 bytes
2026-07-29 09:37:00,393 [INFO] [OK] USA/GFS_ENSEMBLE_Soy_PRCP_DEP/daily dia 05 (2026-08-03 → 2026-08-03) 49522 bytes
2026-07-29 09:37:00,586 [INFO] [OK] USA/GFS_ENSEMBLE_Soy_PRCP_DEP/daily dia 06 (2026-08-04 → 2026-08-04) 51695 bytes
2026-07-29 09:37:00,616 [INFO] [OK] USA/GFS_ENSEMBLE_Soy_PRCP_DEP/daily dia 07 (2026-08-05 → 2026-08-05) 54202 bytes
2026-07-29 09:37:00,733 [INFO] [OK] USA/GFS_ENSEMBLE_Soy_PRCP_DEP/daily dia 09 (2026-08-07 → 2026-08-07) 59515 bytes
2026-07-29 09:37:01,206 [INFO] [OK] USA/GFS_ENSEMBLE_Soy_PRCP_DEP/daily dia 08 (2026-08-06 → 2026-08-06) 58456 bytes
2026-07-29 09:37:01,806 [INFO] [OK] USA/GFS_ENSEMBLE_Soy_PRCP_DEP/daily dia 10 (2026-08-08 → 2026-08-08) 59838 bytes
2026-07-29 09:37:02,206 [INFO] [OK] USA/GFS_ENSEMBLE_Soy_PRCP_DEP/daily dia 11 (2026-08-09 → 2026-08-09) 60215 bytes
2026-07-29 09:37:02,312 [INFO] [OK] USA/GFS_ENSEMBLE_Soy_PRCP_DEP/daily dia 12 (2026-08-10 → 2026-08-10) 59659 bytes
2026-07-29 09:37:02,736 [INFO] [OK] USA/GFS_ENSEMBLE_Soy_PRCP_DEP/daily dia 13 (2026-08-11 → 2026-08-11) 60035 bytes
2026-07-29 09:37:02,778 [INFO] [OK] USA/GFS_ENSEMBLE_Soy_PRCP_DEP/daily dia 14 (2026-08-12 → 2026-08-12) 60023 bytes
2026-07-29 09:37:02,909 [INFO] [OK] USA/GFS_ENSEMBLE_Soy_PRCP_DEP/cumulative dia 00 (2026-07-29 → 2026-07-29) 48747 bytes
2026-07-29 09:37:03,549 [INFO] [OK] USA/GFS_ENSEMBLE_Soy_PRCP_DEP/cumulative dia 01 (2026-07-29 → 2026-07-30) 51759 bytes
2026-07-29 09:37:04,401 [INFO] [OK] USA/GFS_ENSEMBLE_Soy_PRCP_DEP/cumulative dia 02 (2026-07-29 → 2026-07-31) 54493 bytes
2026-07-29 09:37:04,810 [INFO] [OK] USA/GFS_ENSEMBLE_Soy_PRCP_DEP/cumulative dia 03 (2026-07-29 → 2026-08-01) 58434 bytes
2026-07-29 09:37:05,663 [INFO] [OK] USA/GFS_ENSEMBLE_Soy_PRCP_DEP/cumulative dia 04 (2026-07-29 → 2026-08-02) 57715 bytes
2026-07-29 09:37:06,030 [INFO] [OK] USA/GFS_ENSEMBLE_Soy_PRCP_DEP/cumulative dia 06 (2026-07-29 → 2026-08-04) 56344 bytes
2026-07-29 09:37:06,088 [INFO] [OK] USA/GFS_ENSEMBLE_Soy_PRCP_DEP/cumulative dia 05 (2026-07-29 → 2026-08-03) 57038 bytes
2026-07-29 09:37:07,108 [INFO] [OK] USA/GFS_ENSEMBLE_Soy_PRCP_DEP/cumulative dia 07 (2026-07-29 → 2026-08-05) 56247 bytes
2026-07-29 09:37:08,987 [INFO] [OK] USA/GFS_ENSEMBLE_Soy_PRCP_DEP/cumulative dia 08 (2026-07-29 → 2026-08-06) 56058 bytes
2026-07-29 09:37:09,503 [INFO] [OK] USA/GFS_ENSEMBLE_Soy_PRCP_DEP/cumulative dia 09 (2026-07-29 → 2026-08-07) 55922 bytes
2026-07-29 09:37:11,252 [INFO] [OK] USA/GFS_ENSEMBLE_Soy_PRCP_DEP/cumulative dia 10 (2026-07-29 → 2026-08-08) 56376 bytes
2026-07-29 09:37:11,600 [INFO] [OK] USA/GFS_ENSEMBLE_Soy_PRCP_DEP/cumulative dia 11 (2026-07-29 → 2026-08-09) 57403 bytes
2026-07-29 09:37:12,102 [INFO] [OK] USA/GFS_ENSEMBLE_Soy_PRCP/daily dia 00 (2026-07-29 → 2026-07-29) 36981 bytes
2026-07-29 09:37:12,111 [INFO] [OK] USA/GFS_ENSEMBLE_Soy_PRCP_DEP/cumulative dia 12 (2026-07-29 → 2026-08-10) 57218 bytes
2026-07-29 09:37:12,701 [INFO] [OK] USA/GFS_ENSEMBLE_Soy_PRCP_DEP/cumulative dia 13 (2026-07-29 → 2026-08-11) 57787 bytes
2026-07-29 09:37:13,443 [INFO] [OK] USA/GFS_ENSEMBLE_Soy_PRCP/daily dia 02 (2026-07-31 → 2026-07-31) 36766 bytes
2026-07-29 09:37:13,463 [INFO] [OK] USA/GFS_ENSEMBLE_Soy_PRCP/daily dia 01 (2026-07-30 → 2026-07-30) 36737 bytes
2026-07-29 09:37:14,011 [INFO] [OK] USA/GFS_ENSEMBLE_Soy_PRCP_DEP/cumulative dia 14 (2026-07-29 → 2026-08-12) 58239 bytes
2026-07-29 09:37:14,015 [INFO] [OK] USA/GFS_ENSEMBLE_Soy_PRCP/daily dia 04 (2026-08-02 → 2026-08-02) 35682 bytes
2026-07-29 09:37:14,132 [INFO] [OK] USA/GFS_ENSEMBLE_Soy_PRCP/daily dia 03 (2026-08-01 → 2026-08-01) 36630 bytes
2026-07-29 09:37:14,523 [INFO] [OK] USA/GFS_ENSEMBLE_Soy_PRCP/daily dia 05 (2026-08-03 → 2026-08-03) 34837 bytes
2026-07-29 09:37:15,111 [INFO] [OK] USA/GFS_ENSEMBLE_Soy_PRCP/daily dia 07 (2026-08-05 → 2026-08-05) 35929 bytes
2026-07-29 09:37:15,182 [INFO] [OK] USA/GFS_ENSEMBLE_Soy_PRCP/daily dia 06 (2026-08-04 → 2026-08-04) 34786 bytes
2026-07-29 09:37:15,795 [INFO] [OK] USA/GFS_ENSEMBLE_Soy_PRCP/daily dia 08 (2026-08-06 → 2026-08-06) 35673 bytes
2026-07-29 09:37:15,829 [INFO] [OK] USA/GFS_ENSEMBLE_Soy_PRCP/daily dia 10 (2026-08-08 → 2026-08-08) 36848 bytes
2026-07-29 09:37:15,831 [INFO] [OK] USA/GFS_ENSEMBLE_Soy_PRCP/daily dia 09 (2026-08-07 → 2026-08-07) 35981 bytes
2026-07-29 09:37:16,124 [INFO] [OK] USA/GFS_ENSEMBLE_Soy_PRCP/daily dia 11 (2026-08-09 → 2026-08-09) 36019 bytes
2026-07-29 09:37:16,706 [INFO] [OK] USA/GFS_ENSEMBLE_Soy_PRCP/daily dia 12 (2026-08-10 → 2026-08-10) 36064 bytes
2026-07-29 09:37:16,762 [INFO] [OK] USA/GFS_ENSEMBLE_Soy_PRCP/daily dia 13 (2026-08-11 → 2026-08-11) 35698 bytes
2026-07-29 09:37:17,571 [INFO] [OK] USA/GFS_ENSEMBLE_Soy_PRCP/cumulative dia 00 (2026-07-29 → 2026-07-29) 36981 bytes
2026-07-29 09:37:17,801 [INFO] [OK] USA/GFS_ENSEMBLE_Soy_PRCP/daily dia 14 (2026-08-12 → 2026-08-12) 35241 bytes
2026-07-29 09:37:18,067 [INFO] [OK] USA/GFS_ENSEMBLE_Soy_PRCP/cumulative dia 02 (2026-07-29 → 2026-07-31) 41928 bytes
2026-07-29 09:37:18,076 [INFO] [OK] USA/GFS_ENSEMBLE_Soy_PRCP/cumulative dia 01 (2026-07-29 → 2026-07-30) 40126 bytes
2026-07-29 09:37:18,669 [INFO] [OK] USA/GFS_ENSEMBLE_Soy_PRCP/cumulative dia 03 (2026-07-29 → 2026-08-01) 43272 bytes
2026-07-29 09:37:18,686 [INFO] [OK] USA/GFS_ENSEMBLE_Soy_PRCP/cumulative dia 04 (2026-07-29 → 2026-08-02) 44045 bytes
2026-07-29 09:37:19,701 [INFO] [OK] USA/GFS_ENSEMBLE_Soy_PRCP/cumulative dia 05 (2026-07-29 → 2026-08-03) 44596 bytes
2026-07-29 09:37:20,089 [INFO] [OK] USA/GFS_ENSEMBLE_Soy_PRCP/cumulative dia 06 (2026-07-29 → 2026-08-04) 45441 bytes
2026-07-29 09:37:20,483 [INFO] [OK] USA/GFS_ENSEMBLE_Soy_PRCP/cumulative dia 07 (2026-07-29 → 2026-08-05) 46251 bytes
2026-07-29 09:37:20,633 [INFO] [OK] USA/GFS_ENSEMBLE_Soy_PRCP/cumulative dia 08 (2026-07-29 → 2026-08-06) 46921 bytes
2026-07-29 09:37:21,440 [INFO] [OK] USA/GFS_ENSEMBLE_Soy_PRCP/cumulative dia 10 (2026-07-29 → 2026-08-08) 47663 bytes
2026-07-29 09:37:21,490 [INFO] [OK] USA/GFS_ENSEMBLE_Soy_PRCP/cumulative dia 09 (2026-07-29 → 2026-08-07) 47484 bytes
2026-07-29 09:37:22,390 [INFO] [OK] USA/GFS_ENSEMBLE_Soy_PRCP/cumulative dia 11 (2026-07-29 → 2026-08-09) 48604 bytes
2026-07-29 09:37:23,175 [INFO] [OK] USA/GFS_ENSEMBLE_Soy_PRCP/cumulative dia 12 (2026-07-29 → 2026-08-10) 48819 bytes
2026-07-29 09:37:23,186 [INFO] [OK] USA/GFS_ENSEMBLE_Wheat_Winter_PRCP_DEP/daily dia 00 (2026-07-29 → 2026-07-29) 50372 bytes
2026-07-29 09:37:23,416 [INFO] [OK] USA/GFS_ENSEMBLE_Wheat_Winter_PRCP_DEP/daily dia 01 (2026-07-30 → 2026-07-30) 51020 bytes
2026-07-29 09:37:23,466 [INFO] [OK] USA/GFS_ENSEMBLE_Soy_PRCP/cumulative dia 13 (2026-07-29 → 2026-08-11) 49467 bytes
2026-07-29 09:37:23,606 [INFO] [OK] USA/GFS_ENSEMBLE_Soy_PRCP/cumulative dia 14 (2026-07-29 → 2026-08-12) 49311 bytes
2026-07-29 09:37:24,034 [INFO] [OK] USA/GFS_ENSEMBLE_Wheat_Winter_PRCP_DEP/daily dia 02 (2026-07-31 → 2026-07-31) 52303 bytes
2026-07-29 09:37:24,761 [INFO] [OK] USA/GFS_ENSEMBLE_Wheat_Winter_PRCP_DEP/daily dia 03 (2026-08-01 → 2026-08-01) 52722 bytes
2026-07-29 09:37:24,799 [INFO] [OK] USA/GFS_ENSEMBLE_Wheat_Winter_PRCP_DEP/daily dia 04 (2026-08-02 → 2026-08-02) 48246 bytes
2026-07-29 09:37:24,989 [INFO] [OK] USA/GFS_ENSEMBLE_Wheat_Winter_PRCP_DEP/daily dia 05 (2026-08-03 → 2026-08-03) 51205 bytes
2026-07-29 09:37:25,092 [INFO] [OK] USA/GFS_ENSEMBLE_Wheat_Winter_PRCP_DEP/daily dia 06 (2026-08-04 → 2026-08-04) 53262 bytes
2026-07-29 09:37:25,249 [INFO] [OK] USA/GFS_ENSEMBLE_Wheat_Winter_PRCP_DEP/daily dia 07 (2026-08-05 → 2026-08-05) 55679 bytes
2026-07-29 09:37:25,709 [INFO] [OK] USA/GFS_ENSEMBLE_Wheat_Winter_PRCP_DEP/daily dia 08 (2026-08-06 → 2026-08-06) 59875 bytes
2026-07-29 09:37:26,728 [INFO] [OK] USA/GFS_ENSEMBLE_Wheat_Winter_PRCP_DEP/daily dia 09 (2026-08-07 → 2026-08-07) 60668 bytes
2026-07-29 09:37:26,849 [INFO] [OK] USA/GFS_ENSEMBLE_Wheat_Winter_PRCP_DEP/daily dia 10 (2026-08-08 → 2026-08-08) 60811 bytes
2026-07-29 09:37:27,115 [INFO] [OK] USA/GFS_ENSEMBLE_Wheat_Winter_PRCP_DEP/daily dia 13 (2026-08-11 → 2026-08-11) 61360 bytes
2026-07-29 09:37:27,215 [INFO] [OK] USA/GFS_ENSEMBLE_Wheat_Winter_PRCP_DEP/daily dia 11 (2026-08-09 → 2026-08-09) 61836 bytes
2026-07-29 09:37:27,381 [INFO] [OK] USA/GFS_ENSEMBLE_Wheat_Winter_PRCP_DEP/daily dia 12 (2026-08-10 → 2026-08-10) 60889 bytes
2026-07-29 09:37:27,553 [INFO] [OK] USA/GFS_ENSEMBLE_Wheat_Winter_PRCP_DEP/daily dia 14 (2026-08-12 → 2026-08-12) 61151 bytes
2026-07-29 09:37:28,455 [INFO] [OK] USA/GFS_ENSEMBLE_Wheat_Winter_PRCP_DEP/cumulative dia 00 (2026-07-29 → 2026-07-29) 50372 bytes
2026-07-29 09:37:28,676 [INFO] [OK] USA/GFS_ENSEMBLE_Wheat_Winter_PRCP_DEP/cumulative dia 01 (2026-07-29 → 2026-07-30) 53437 bytes
2026-07-29 09:37:29,443 [INFO] [OK] USA/GFS_ENSEMBLE_Wheat_Winter_PRCP_DEP/cumulative dia 02 (2026-07-29 → 2026-07-31) 56010 bytes
2026-07-29 09:37:29,532 [INFO] [OK] USA/GFS_ENSEMBLE_Wheat_Winter_PRCP_DEP/cumulative dia 03 (2026-07-29 → 2026-08-01) 59803 bytes
2026-07-29 09:37:29,622 [INFO] [OK] USA/GFS_ENSEMBLE_Wheat_Winter_PRCP_DEP/cumulative dia 04 (2026-07-29 → 2026-08-02) 59131 bytes
2026-07-29 09:37:29,850 [INFO] [OK] USA/GFS_ENSEMBLE_Wheat_Winter_PRCP_DEP/cumulative dia 05 (2026-07-29 → 2026-08-03) 58555 bytes
2026-07-29 09:37:30,678 [INFO] [OK] USA/GFS_ENSEMBLE_Wheat_Winter_PRCP_DEP/cumulative dia 06 (2026-07-29 → 2026-08-04) 57897 bytes
2026-07-29 09:37:31,158 [INFO] [OK] USA/GFS_ENSEMBLE_Wheat_Winter_PRCP_DEP/cumulative dia 07 (2026-07-29 → 2026-08-05) 57817 bytes
2026-07-29 09:37:32,032 [INFO] [OK] USA/GFS_ENSEMBLE_Wheat_Winter_PRCP_DEP/cumulative dia 08 (2026-07-29 → 2026-08-06) 57496 bytes
2026-07-29 09:37:32,467 [INFO] [OK] USA/GFS_ENSEMBLE_Wheat_Winter_PRCP_DEP/cumulative dia 09 (2026-07-29 → 2026-08-07) 57506 bytes
2026-07-29 09:37:32,474 [INFO] [OK] USA/GFS_ENSEMBLE_Wheat_Winter_PRCP_DEP/cumulative dia 10 (2026-07-29 → 2026-08-08) 57746 bytes
2026-07-29 09:37:32,678 [INFO] [OK] USA/GFS_ENSEMBLE_Wheat_Winter_PRCP_DEP/cumulative dia 11 (2026-07-29 → 2026-08-09) 58589 bytes
2026-07-29 09:37:33,914 [INFO] [OK] USA/GFS_ENSEMBLE_Wheat_Winter_PRCP_DEP/cumulative dia 12 (2026-07-29 → 2026-08-10) 58634 bytes
2026-07-29 09:37:34,178 [INFO] [OK] USA/GFS_ENSEMBLE_Wheat_Winter_PRCP/daily dia 00 (2026-07-29 → 2026-07-29) 38720 bytes
2026-07-29 09:37:34,209 [INFO] [OK] USA/GFS_ENSEMBLE_Wheat_Winter_PRCP/daily dia 01 (2026-07-30 → 2026-07-30) 38418 bytes
2026-07-29 09:37:34,342 [INFO] [OK] USA/GFS_ENSEMBLE_Wheat_Winter_PRCP/daily dia 02 (2026-07-31 → 2026-07-31) 38486 bytes
2026-07-29 09:37:34,585 [INFO] [OK] USA/GFS_ENSEMBLE_Wheat_Winter_PRCP_DEP/cumulative dia 13 (2026-07-29 → 2026-08-11) 59090 bytes
2026-07-29 09:37:35,186 [INFO] [OK] USA/GFS_ENSEMBLE_Wheat_Winter_PRCP_DEP/cumulative dia 14 (2026-07-29 → 2026-08-12) 59345 bytes
2026-07-29 09:37:35,539 [INFO] [OK] USA/GFS_ENSEMBLE_Wheat_Winter_PRCP/daily dia 03 (2026-08-01 → 2026-08-01) 38030 bytes
2026-07-29 09:37:35,865 [INFO] [OK] USA/GFS_ENSEMBLE_Wheat_Winter_PRCP/daily dia 04 (2026-08-02 → 2026-08-02) 37214 bytes
2026-07-29 09:37:35,889 [INFO] [OK] USA/GFS_ENSEMBLE_Wheat_Winter_PRCP/daily dia 05 (2026-08-03 → 2026-08-03) 36390 bytes
2026-07-29 09:37:36,049 [INFO] [OK] USA/GFS_ENSEMBLE_Wheat_Winter_PRCP/daily dia 06 (2026-08-04 → 2026-08-04) 36375 bytes
2026-07-29 09:37:36,190 [INFO] [OK] USA/GFS_ENSEMBLE_Wheat_Winter_PRCP/daily dia 07 (2026-08-05 → 2026-08-05) 37669 bytes
2026-07-29 09:37:36,773 [INFO] [OK] USA/GFS_ENSEMBLE_Wheat_Winter_PRCP/daily dia 08 (2026-08-06 → 2026-08-06) 37364 bytes
2026-07-29 09:37:37,177 [INFO] [OK] USA/GFS_ENSEMBLE_Wheat_Winter_PRCP/daily dia 09 (2026-08-07 → 2026-08-07) 37775 bytes
2026-07-29 09:37:37,397 [INFO] [OK] USA/GFS_ENSEMBLE_Wheat_Winter_PRCP/daily dia 10 (2026-08-08 → 2026-08-08) 38446 bytes
2026-07-29 09:37:37,617 [INFO] [OK] USA/GFS_ENSEMBLE_Wheat_Winter_PRCP/daily dia 11 (2026-08-09 → 2026-08-09) 37635 bytes
2026-07-29 09:37:37,723 [INFO] [OK] USA/GFS_ENSEMBLE_Wheat_Winter_PRCP/daily dia 13 (2026-08-11 → 2026-08-11) 37305 bytes
2026-07-29 09:37:37,866 [INFO] [OK] USA/GFS_ENSEMBLE_Wheat_Winter_PRCP/daily dia 12 (2026-08-10 → 2026-08-10) 37868 bytes
2026-07-29 09:37:38,255 [INFO] [OK] USA/GFS_ENSEMBLE_Wheat_Winter_PRCP/daily dia 14 (2026-08-12 → 2026-08-12) 36877 bytes
2026-07-29 09:37:38,745 [INFO] [OK] USA/GFS_ENSEMBLE_Wheat_Winter_PRCP/cumulative dia 00 (2026-07-29 → 2026-07-29) 38720 bytes
2026-07-29 09:37:39,035 [INFO] [OK] USA/GFS_ENSEMBLE_Wheat_Winter_PRCP/cumulative dia 01 (2026-07-29 → 2026-07-30) 41892 bytes
2026-07-29 09:37:39,407 [INFO] [OK] USA/GFS_ENSEMBLE_Wheat_Winter_PRCP/cumulative dia 02 (2026-07-29 → 2026-07-31) 43460 bytes
2026-07-29 09:37:39,666 [INFO] [OK] USA/GFS_ENSEMBLE_Wheat_Winter_PRCP/cumulative dia 03 (2026-07-29 → 2026-08-01) 45050 bytes
2026-07-29 09:37:39,900 [INFO] [OK] USA/GFS_ENSEMBLE_Wheat_Winter_PRCP/cumulative dia 04 (2026-07-29 → 2026-08-02) 45696 bytes
2026-07-29 09:37:40,511 [INFO] [OK] USA/GFS_ENSEMBLE_Wheat_Winter_PRCP/cumulative dia 05 (2026-07-29 → 2026-08-03) 46385 bytes
2026-07-29 09:37:41,153 [INFO] [OK] USA/GFS_ENSEMBLE_Wheat_Winter_PRCP/cumulative dia 06 (2026-07-29 → 2026-08-04) 47239 bytes
2026-07-29 09:37:41,362 [INFO] [OK] USA/GFS_ENSEMBLE_Wheat_Winter_PRCP/cumulative dia 07 (2026-07-29 → 2026-08-05) 47991 bytes
2026-07-29 09:37:41,944 [INFO] [OK] USA/GFS_ENSEMBLE_Wheat_Winter_PRCP/cumulative dia 08 (2026-07-29 → 2026-08-06) 48670 bytes
2026-07-29 09:37:42,244 [INFO] [OK] USA/GFS_ENSEMBLE_Wheat_Winter_PRCP/cumulative dia 09 (2026-07-29 → 2026-08-07) 49182 bytes
2026-07-29 09:37:42,418 [INFO] [OK] USA/GFS_ENSEMBLE_Wheat_Winter_PRCP/cumulative dia 10 (2026-07-29 → 2026-08-08) 49487 bytes
2026-07-29 09:37:43,223 [INFO] [OK] USA/GFS_ENSEMBLE_Wheat_Winter_PRCP/cumulative dia 11 (2026-07-29 → 2026-08-09) 50318 bytes
2026-07-29 09:37:43,900 [INFO] [OK] USA/GFS_ENSEMBLE_Wheat_Spring_PRCP_DEP/daily dia 00 (2026-07-29 → 2026-07-29) 47409 bytes
2026-07-29 09:37:43,913 [INFO] [OK] USA/GFS_ENSEMBLE_Wheat_Winter_PRCP/cumulative dia 12 (2026-07-29 → 2026-08-10) 50517 bytes
2026-07-29 09:37:44,112 [INFO] [OK] USA/GFS_ENSEMBLE_Wheat_Spring_PRCP_DEP/daily dia 01 (2026-07-30 → 2026-07-30) 47789 bytes
2026-07-29 09:37:44,347 [INFO] [OK] USA/GFS_ENSEMBLE_Wheat_Winter_PRCP/cumulative dia 13 (2026-07-29 → 2026-08-11) 51375 bytes
2026-07-29 09:37:44,786 [INFO] [OK] USA/GFS_ENSEMBLE_Wheat_Winter_PRCP/cumulative dia 14 (2026-07-29 → 2026-08-12) 51104 bytes
2026-07-29 09:37:44,816 [INFO] [OK] USA/GFS_ENSEMBLE_Wheat_Spring_PRCP_DEP/daily dia 02 (2026-07-31 → 2026-07-31) 49437 bytes
2026-07-29 09:37:45,487 [INFO] [OK] USA/GFS_ENSEMBLE_Wheat_Spring_PRCP_DEP/daily dia 04 (2026-08-02 → 2026-08-02) 45197 bytes
2026-07-29 09:37:45,506 [INFO] [OK] USA/GFS_ENSEMBLE_Wheat_Spring_PRCP_DEP/daily dia 03 (2026-08-01 → 2026-08-01) 50001 bytes
2026-07-29 09:37:45,704 [INFO] [OK] USA/GFS_ENSEMBLE_Wheat_Spring_PRCP_DEP/daily dia 05 (2026-08-03 → 2026-08-03) 47886 bytes
2026-07-29 09:37:45,947 [INFO] [OK] USA/GFS_ENSEMBLE_Wheat_Spring_PRCP_DEP/daily dia 06 (2026-08-04 → 2026-08-04) 50061 bytes
2026-07-29 09:37:46,476 [INFO] [OK] USA/GFS_ENSEMBLE_Wheat_Spring_PRCP_DEP/daily dia 08 (2026-08-06 → 2026-08-06) 56405 bytes
2026-07-29 09:37:46,506 [INFO] [OK] USA/GFS_ENSEMBLE_Wheat_Spring_PRCP_DEP/daily dia 07 (2026-08-05 → 2026-08-05) 51861 bytes
2026-07-29 09:37:47,215 [INFO] [OK] USA/GFS_ENSEMBLE_Wheat_Spring_PRCP_DEP/daily dia 10 (2026-08-08 → 2026-08-08) 57829 bytes
2026-07-29 09:37:47,315 [INFO] [OK] USA/GFS_ENSEMBLE_Wheat_Spring_PRCP_DEP/daily dia 11 (2026-08-09 → 2026-08-09) 58382 bytes
2026-07-29 09:37:47,519 [INFO] [OK] USA/GFS_ENSEMBLE_Wheat_Spring_PRCP_DEP/daily dia 09 (2026-08-07 → 2026-08-07) 57674 bytes
2026-07-29 09:37:47,755 [INFO] [OK] USA/GFS_ENSEMBLE_Wheat_Spring_PRCP_DEP/daily dia 12 (2026-08-10 → 2026-08-10) 57902 bytes
2026-07-29 09:37:48,192 [INFO] [OK] USA/GFS_ENSEMBLE_Wheat_Spring_PRCP_DEP/daily dia 13 (2026-08-11 → 2026-08-11) 58002 bytes
2026-07-29 09:37:48,235 [INFO] [OK] USA/GFS_ENSEMBLE_Wheat_Spring_PRCP_DEP/daily dia 14 (2026-08-12 → 2026-08-12) 58077 bytes
2026-07-29 09:37:48,901 [INFO] [OK] USA/GFS_ENSEMBLE_Wheat_Spring_PRCP_DEP/cumulative dia 00 (2026-07-29 → 2026-07-29) 47409 bytes
2026-07-29 09:37:49,122 [INFO] [OK] USA/GFS_ENSEMBLE_Wheat_Spring_PRCP_DEP/cumulative dia 01 (2026-07-29 → 2026-07-30) 50307 bytes
2026-07-29 09:37:49,348 [INFO] [OK] USA/GFS_ENSEMBLE_Wheat_Spring_PRCP_DEP/cumulative dia 02 (2026-07-29 → 2026-07-31) 52670 bytes
2026-07-29 09:37:49,696 [INFO] [OK] USA/GFS_ENSEMBLE_Wheat_Spring_PRCP_DEP/cumulative dia 03 (2026-07-29 → 2026-08-01) 56490 bytes
2026-07-29 09:37:50,188 [INFO] [OK] USA/GFS_ENSEMBLE_Wheat_Spring_PRCP_DEP/cumulative dia 04 (2026-07-29 → 2026-08-02) 55808 bytes
2026-07-29 09:37:50,368 [INFO] [OK] USA/GFS_ENSEMBLE_Wheat_Spring_PRCP_DEP/cumulative dia 05 (2026-07-29 → 2026-08-03) 55021 bytes
2026-07-29 09:37:51,083 [INFO] [OK] USA/GFS_ENSEMBLE_Wheat_Spring_PRCP_DEP/cumulative dia 06 (2026-07-29 → 2026-08-04) 54582 bytes
2026-07-29 09:37:51,529 [INFO] [OK] USA/GFS_ENSEMBLE_Wheat_Spring_PRCP_DEP/cumulative dia 07 (2026-07-29 → 2026-08-05) 54529 bytes
2026-07-29 09:37:51,769 [INFO] [OK] USA/GFS_ENSEMBLE_Wheat_Spring_PRCP_DEP/cumulative dia 08 (2026-07-29 → 2026-08-06) 54329 bytes
2026-07-29 09:37:52,215 [INFO] [OK] USA/GFS_ENSEMBLE_Wheat_Spring_PRCP_DEP/cumulative dia 09 (2026-07-29 → 2026-08-07) 54207 bytes
2026-07-29 09:37:52,907 [INFO] [OK] USA/GFS_ENSEMBLE_Wheat_Spring_PRCP_DEP/cumulative dia 10 (2026-07-29 → 2026-08-08) 54520 bytes
2026-07-29 09:37:53,084 [INFO] [OK] USA/GFS_ENSEMBLE_Wheat_Spring_PRCP_DEP/cumulative dia 11 (2026-07-29 → 2026-08-09) 55461 bytes
2026-07-29 09:37:53,758 [INFO] [OK] USA/GFS_ENSEMBLE_Wheat_Spring_PRCP/daily dia 00 (2026-07-29 → 2026-07-29) 35546 bytes
2026-07-29 09:37:53,920 [INFO] [OK] USA/GFS_ENSEMBLE_Wheat_Spring_PRCP_DEP/cumulative dia 12 (2026-07-29 → 2026-08-10) 55592 bytes
2026-07-29 09:37:54,448 [INFO] [OK] USA/GFS_ENSEMBLE_Wheat_Spring_PRCP/daily dia 01 (2026-07-30 → 2026-07-30) 35567 bytes
2026-07-29 09:37:54,468 [INFO] [OK] USA/GFS_ENSEMBLE_Wheat_Spring_PRCP_DEP/cumulative dia 13 (2026-07-29 → 2026-08-11) 56172 bytes
2026-07-29 09:37:54,624 [INFO] [OK] USA/GFS_ENSEMBLE_Wheat_Spring_PRCP_DEP/cumulative dia 14 (2026-07-29 → 2026-08-12) 56372 bytes
2026-07-29 09:37:54,676 [INFO] [OK] USA/GFS_ENSEMBLE_Wheat_Spring_PRCP/daily dia 02 (2026-07-31 → 2026-07-31) 35519 bytes
2026-07-29 09:37:55,308 [INFO] [OK] USA/GFS_ENSEMBLE_Wheat_Spring_PRCP/daily dia 03 (2026-08-01 → 2026-08-01) 34884 bytes
2026-07-29 09:37:55,410 [INFO] [OK] USA/GFS_ENSEMBLE_Wheat_Spring_PRCP/daily dia 04 (2026-08-02 → 2026-08-02) 34039 bytes
2026-07-29 09:37:56,066 [INFO] [OK] USA/GFS_ENSEMBLE_Wheat_Spring_PRCP/daily dia 06 (2026-08-04 → 2026-08-04) 33355 bytes
2026-07-29 09:37:56,178 [INFO] [OK] USA/GFS_ENSEMBLE_Wheat_Spring_PRCP/daily dia 08 (2026-08-06 → 2026-08-06) 34162 bytes
2026-07-29 09:37:56,181 [INFO] [OK] USA/GFS_ENSEMBLE_Wheat_Spring_PRCP/daily dia 05 (2026-08-03 → 2026-08-03) 33509 bytes
2026-07-29 09:37:56,307 [INFO] [OK] USA/GFS_ENSEMBLE_Wheat_Spring_PRCP/daily dia 07 (2026-08-05 → 2026-08-05) 34290 bytes
2026-07-29 09:37:56,855 [INFO] [OK] USA/GFS_ENSEMBLE_Wheat_Spring_PRCP/daily dia 09 (2026-08-07 → 2026-08-07) 34707 bytes
2026-07-29 09:37:56,970 [INFO] [OK] USA/GFS_ENSEMBLE_Wheat_Spring_PRCP/daily dia 10 (2026-08-08 → 2026-08-08) 35370 bytes
2026-07-29 09:37:57,809 [INFO] [OK] USA/GFS_ENSEMBLE_Wheat_Spring_PRCP/daily dia 11 (2026-08-09 → 2026-08-09) 34526 bytes
2026-07-29 09:37:57,829 [INFO] [OK] USA/GFS_ENSEMBLE_Wheat_Spring_PRCP/daily dia 14 (2026-08-12 → 2026-08-12) 33635 bytes
2026-07-29 09:37:57,866 [INFO] [OK] USA/GFS_ENSEMBLE_Wheat_Spring_PRCP/daily dia 12 (2026-08-10 → 2026-08-10) 34615 bytes
2026-07-29 09:37:57,876 [INFO] [OK] USA/GFS_ENSEMBLE_Wheat_Spring_PRCP/daily dia 13 (2026-08-11 → 2026-08-11) 34212 bytes
2026-07-29 09:37:58,524 [INFO] [OK] USA/GFS_ENSEMBLE_Wheat_Spring_PRCP/cumulative dia 00 (2026-07-29 → 2026-07-29) 35546 bytes
2026-07-29 09:37:58,715 [INFO] [OK] USA/GFS_ENSEMBLE_Wheat_Spring_PRCP/cumulative dia 01 (2026-07-29 → 2026-07-30) 38764 bytes
2026-07-29 09:37:59,573 [INFO] [OK] USA/GFS_ENSEMBLE_Wheat_Spring_PRCP/cumulative dia 02 (2026-07-29 → 2026-07-31) 40430 bytes
2026-07-29 09:37:59,805 [INFO] [OK] USA/GFS_ENSEMBLE_Wheat_Spring_PRCP/cumulative dia 03 (2026-07-29 → 2026-08-01) 41681 bytes
2026-07-29 09:37:59,941 [INFO] [OK] USA/GFS_ENSEMBLE_Wheat_Spring_PRCP/cumulative dia 04 (2026-07-29 → 2026-08-02) 42573 bytes
2026-07-29 09:38:00,407 [INFO] [OK] USA/GFS_ENSEMBLE_Wheat_Spring_PRCP/cumulative dia 05 (2026-07-29 → 2026-08-03) 43086 bytes
2026-07-29 09:38:01,180 [INFO] [OK] USA/GFS_ENSEMBLE_Wheat_Spring_PRCP/cumulative dia 06 (2026-07-29 → 2026-08-04) 43710 bytes
2026-07-29 09:38:01,245 [INFO] [OK] USA/GFS_ENSEMBLE_Wheat_Spring_PRCP/cumulative dia 07 (2026-07-29 → 2026-08-05) 44512 bytes
2026-07-29 09:38:02,167 [INFO] [OK] USA/GFS_ENSEMBLE_Wheat_Spring_PRCP/cumulative dia 08 (2026-07-29 → 2026-08-06) 44893 bytes
2026-07-29 09:38:02,440 [INFO] [OK] USA/GFS_ENSEMBLE_Wheat_Spring_PRCP/cumulative dia 09 (2026-07-29 → 2026-08-07) 45634 bytes
2026-07-29 09:38:03,187 [INFO] [OK] USA/GFS_ENSEMBLE_Wheat_Spring_PRCP/cumulative dia 10 (2026-07-29 → 2026-08-08) 45752 bytes
2026-07-29 09:38:03,233 [INFO] [OK] USA/GFS_ENSEMBLE_Wheat_Spring_PRCP/cumulative dia 11 (2026-07-29 → 2026-08-09) 46565 bytes
2026-07-29 09:38:04,066 [INFO] [OK] USA/GFS_ENSEMBLE_Wheat_Spring_PRCP/cumulative dia 12 (2026-07-29 → 2026-08-10) 46675 bytes
2026-07-29 09:38:04,177 [INFO] [OK] USA/ECM_ENSEMBLE_Corn_PRCP_DEP/daily dia 00 (2026-07-29 → 2026-07-29) 52188 bytes
2026-07-29 09:38:04,236 [INFO] [OK] USA/GFS_ENSEMBLE_Wheat_Spring_PRCP/cumulative dia 13 (2026-07-29 → 2026-08-11) 47463 bytes
2026-07-29 09:38:04,749 [INFO] [OK] USA/ECM_ENSEMBLE_Corn_PRCP_DEP/daily dia 01 (2026-07-30 → 2026-07-30) 52348 bytes
2026-07-29 09:38:04,789 [INFO] [OK] USA/ECM_ENSEMBLE_Corn_PRCP_DEP/daily dia 02 (2026-07-31 → 2026-07-31) 51188 bytes
2026-07-29 09:38:05,143 [INFO] [OK] USA/GFS_ENSEMBLE_Wheat_Spring_PRCP/cumulative dia 14 (2026-07-29 → 2026-08-12) 47227 bytes
2026-07-29 09:38:05,705 [INFO] [OK] USA/ECM_ENSEMBLE_Corn_PRCP_DEP/daily dia 03 (2026-08-01 → 2026-08-01) 49631 bytes
2026-07-29 09:38:05,792 [INFO] [OK] USA/ECM_ENSEMBLE_Corn_PRCP_DEP/daily dia 04 (2026-08-02 → 2026-08-02) 47661 bytes
2026-07-29 09:38:05,828 [INFO] [OK] USA/ECM_ENSEMBLE_Corn_PRCP_DEP/daily dia 05 (2026-08-03 → 2026-08-03) 48607 bytes
2026-07-29 09:38:06,448 [INFO] [OK] USA/ECM_ENSEMBLE_Corn_PRCP_DEP/daily dia 06 (2026-08-04 → 2026-08-04) 53058 bytes
2026-07-29 09:38:06,459 [INFO] [OK] USA/ECM_ENSEMBLE_Corn_PRCP_DEP/daily dia 07 (2026-08-05 → 2026-08-05) 54467 bytes
2026-07-29 09:38:06,823 [INFO] [OK] USA/ECM_ENSEMBLE_Corn_PRCP_DEP/daily dia 08 (2026-08-06 → 2026-08-06) 54928 bytes
2026-07-29 09:38:07,507 [INFO] [OK] USA/ECM_ENSEMBLE_Corn_PRCP_DEP/daily dia 11 (2026-08-09 → 2026-08-09) 56754 bytes
2026-07-29 09:38:07,523 [INFO] [OK] USA/ECM_ENSEMBLE_Corn_PRCP_DEP/daily dia 09 (2026-08-07 → 2026-08-07) 55547 bytes
2026-07-29 09:38:07,802 [INFO] [OK] USA/ECM_ENSEMBLE_Corn_PRCP_DEP/daily dia 10 (2026-08-08 → 2026-08-08) 55202 bytes
2026-07-29 09:38:08,212 [INFO] [OK] USA/ECM_ENSEMBLE_Corn_PRCP_DEP/daily dia 13 (2026-08-11 → 2026-08-11) 57396 bytes
2026-07-29 09:38:08,411 [INFO] [OK] USA/ECM_ENSEMBLE_Corn_PRCP_DEP/daily dia 12 (2026-08-10 → 2026-08-10) 57894 bytes
2026-07-29 09:38:08,536 [INFO] [OK] USA/ECM_ENSEMBLE_Corn_PRCP_DEP/daily dia 14 (2026-08-12 → 2026-08-12) 58146 bytes
2026-07-29 09:38:09,177 [INFO] [OK] USA/ECM_ENSEMBLE_Corn_PRCP_DEP/cumulative dia 00 (2026-07-29 → 2026-07-29) 52188 bytes
2026-07-29 09:38:09,297 [INFO] [OK] USA/ECM_ENSEMBLE_Corn_PRCP_DEP/cumulative dia 01 (2026-07-29 → 2026-07-30) 53690 bytes
2026-07-29 09:38:09,633 [INFO] [OK] USA/ECM_ENSEMBLE_Corn_PRCP_DEP/cumulative dia 02 (2026-07-29 → 2026-07-31) 55876 bytes
2026-07-29 09:38:10,062 [INFO] [OK] USA/ECM_ENSEMBLE_Corn_PRCP_DEP/cumulative dia 03 (2026-07-29 → 2026-08-01) 59616 bytes
2026-07-29 09:38:10,455 [INFO] [OK] USA/ECM_ENSEMBLE_Corn_PRCP_DEP/cumulative dia 04 (2026-07-29 → 2026-08-02) 59770 bytes
2026-07-29 09:38:10,616 [INFO] [OK] USA/ECM_ENSEMBLE_Corn_PRCP_DEP/cumulative dia 05 (2026-07-29 → 2026-08-03) 59470 bytes
2026-07-29 09:38:11,399 [INFO] [OK] USA/ECM_ENSEMBLE_Corn_PRCP_DEP/cumulative dia 06 (2026-07-29 → 2026-08-04) 59406 bytes
2026-07-29 09:38:11,673 [INFO] [OK] USA/ECM_ENSEMBLE_Corn_PRCP_DEP/cumulative dia 07 (2026-07-29 → 2026-08-05) 58991 bytes
2026-07-29 09:38:12,134 [INFO] [OK] USA/ECM_ENSEMBLE_Corn_PRCP_DEP/cumulative dia 08 (2026-07-29 → 2026-08-06) 58925 bytes
2026-07-29 09:38:12,640 [INFO] [OK] USA/ECM_ENSEMBLE_Corn_PRCP_DEP/cumulative dia 09 (2026-07-29 → 2026-08-07) 59213 bytes
2026-07-29 09:38:13,149 [INFO] [OK] USA/ECM_ENSEMBLE_Corn_PRCP_DEP/cumulative dia 10 (2026-07-29 → 2026-08-08) 59205 bytes
2026-07-29 09:38:13,290 [INFO] [OK] USA/ECM_ENSEMBLE_Corn_PRCP_DEP/cumulative dia 11 (2026-07-29 → 2026-08-09) 59104 bytes
2026-07-29 09:38:14,181 [INFO] [OK] USA/ECM_ENSEMBLE_Corn_PRCP/daily dia 00 (2026-07-29 → 2026-07-29) 38701 bytes
2026-07-29 09:38:14,338 [INFO] [OK] USA/ECM_ENSEMBLE_Corn_PRCP_DEP/cumulative dia 12 (2026-07-29 → 2026-08-10) 58912 bytes
2026-07-29 09:38:14,539 [INFO] [OK] USA/ECM_ENSEMBLE_Corn_PRCP_DEP/cumulative dia 13 (2026-07-29 → 2026-08-11) 59486 bytes
2026-07-29 09:38:14,867 [INFO] [OK] USA/ECM_ENSEMBLE_Corn_PRCP/daily dia 01 (2026-07-30 → 2026-07-30) 38524 bytes
2026-07-29 09:38:14,957 [INFO] [OK] USA/ECM_ENSEMBLE_Corn_PRCP/daily dia 02 (2026-07-31 → 2026-07-31) 37757 bytes
2026-07-29 09:38:15,236 [INFO] [OK] USA/ECM_ENSEMBLE_Corn_PRCP_DEP/cumulative dia 14 (2026-07-29 → 2026-08-12) 59477 bytes
2026-07-29 09:38:15,780 [INFO] [OK] USA/ECM_ENSEMBLE_Corn_PRCP/daily dia 03 (2026-08-01 → 2026-08-01) 37035 bytes
2026-07-29 09:38:15,848 [INFO] [OK] USA/ECM_ENSEMBLE_Corn_PRCP/daily dia 04 (2026-08-02 → 2026-08-02) 36412 bytes
2026-07-29 09:38:16,162 [INFO] [OK] USA/ECM_ENSEMBLE_Corn_PRCP/daily dia 05 (2026-08-03 → 2026-08-03) 36035 bytes
2026-07-29 09:38:16,473 [INFO] [OK] USA/ECM_ENSEMBLE_Corn_PRCP/daily dia 06 (2026-08-04 → 2026-08-04) 36085 bytes
2026-07-29 09:38:16,592 [INFO] [OK] USA/ECM_ENSEMBLE_Corn_PRCP/daily dia 07 (2026-08-05 → 2026-08-05) 35587 bytes
2026-07-29 09:38:17,019 [INFO] [OK] USA/ECM_ENSEMBLE_Corn_PRCP/daily dia 08 (2026-08-06 → 2026-08-06) 34816 bytes
2026-07-29 09:38:17,350 [INFO] [OK] USA/ECM_ENSEMBLE_Corn_PRCP/daily dia 09 (2026-08-07 → 2026-08-07) 35127 bytes
2026-07-29 09:38:17,552 [INFO] [OK] USA/ECM_ENSEMBLE_Corn_PRCP/daily dia 10 (2026-08-08 → 2026-08-08) 35618 bytes
2026-07-29 09:38:17,802 [INFO] [OK] USA/ECM_ENSEMBLE_Corn_PRCP/daily dia 11 (2026-08-09 → 2026-08-09) 35514 bytes
2026-07-29 09:38:18,060 [INFO] [OK] USA/ECM_ENSEMBLE_Corn_PRCP/daily dia 12 (2026-08-10 → 2026-08-10) 35658 bytes
2026-07-29 09:38:18,227 [INFO] [OK] USA/ECM_ENSEMBLE_Corn_PRCP/daily dia 13 (2026-08-11 → 2026-08-11) 36194 bytes
2026-07-29 09:38:18,595 [INFO] [OK] USA/ECM_ENSEMBLE_Corn_PRCP/daily dia 14 (2026-08-12 → 2026-08-12) 35794 bytes
2026-07-29 09:38:18,978 [INFO] [OK] USA/ECM_ENSEMBLE_Corn_PRCP/cumulative dia 00 (2026-07-29 → 2026-07-29) 38701 bytes
2026-07-29 09:38:19,221 [INFO] [OK] USA/ECM_ENSEMBLE_Corn_PRCP/cumulative dia 01 (2026-07-29 → 2026-07-30) 42056 bytes
2026-07-29 09:38:19,576 [INFO] [OK] USA/ECM_ENSEMBLE_Corn_PRCP/cumulative dia 02 (2026-07-29 → 2026-07-31) 44430 bytes
2026-07-29 09:38:19,973 [INFO] [OK] USA/ECM_ENSEMBLE_Corn_PRCP/cumulative dia 03 (2026-07-29 → 2026-08-01) 46161 bytes
2026-07-29 09:38:20,176 [INFO] [OK] USA/ECM_ENSEMBLE_Corn_PRCP/cumulative dia 04 (2026-07-29 → 2026-08-02) 47082 bytes
2026-07-29 09:38:20,645 [INFO] [OK] USA/ECM_ENSEMBLE_Corn_PRCP/cumulative dia 05 (2026-07-29 → 2026-08-03) 47796 bytes
2026-07-29 09:38:21,144 [INFO] [OK] USA/ECM_ENSEMBLE_Corn_PRCP/cumulative dia 06 (2026-07-29 → 2026-08-04) 47805 bytes
2026-07-29 09:38:21,551 [INFO] [OK] USA/ECM_ENSEMBLE_Corn_PRCP/cumulative dia 07 (2026-07-29 → 2026-08-05) 48286 bytes
2026-07-29 09:38:22,147 [INFO] [OK] USA/ECM_ENSEMBLE_Corn_PRCP/cumulative dia 08 (2026-07-29 → 2026-08-06) 49196 bytes
2026-07-29 09:38:22,649 [INFO] [OK] USA/ECM_ENSEMBLE_Corn_PRCP/cumulative dia 09 (2026-07-29 → 2026-08-07) 49304 bytes
2026-07-29 09:38:22,779 [INFO] [OK] USA/ECM_ENSEMBLE_Corn_PRCP/cumulative dia 10 (2026-07-29 → 2026-08-08) 50354 bytes
2026-07-29 09:38:23,393 [INFO] [OK] USA/ECM_ENSEMBLE_Corn_PRCP/cumulative dia 11 (2026-07-29 → 2026-08-09) 50386 bytes
2026-07-29 09:38:23,968 [INFO] [OK] USA/ECM_ENSEMBLE_Corn_PRCP/cumulative dia 12 (2026-07-29 → 2026-08-10) 50153 bytes
2026-07-29 09:38:24,450 [INFO] [OK] USA/ECM_ENSEMBLE_Soy_PRCP_DEP/daily dia 00 (2026-07-29 → 2026-07-29) 51897 bytes
2026-07-29 09:38:24,527 [INFO] [OK] USA/ECM_ENSEMBLE_Soy_PRCP_DEP/daily dia 01 (2026-07-30 → 2026-07-30) 51946 bytes
2026-07-29 09:38:24,611 [INFO] [OK] USA/ECM_ENSEMBLE_Corn_PRCP/cumulative dia 13 (2026-07-29 → 2026-08-11) 51009 bytes
2026-07-29 09:38:25,374 [INFO] [OK] USA/ECM_ENSEMBLE_Soy_PRCP_DEP/daily dia 02 (2026-07-31 → 2026-07-31) 50838 bytes
2026-07-29 09:38:25,379 [INFO] [OK] USA/ECM_ENSEMBLE_Corn_PRCP/cumulative dia 14 (2026-07-29 → 2026-08-12) 51038 bytes
2026-07-29 09:38:25,564 [INFO] [OK] USA/ECM_ENSEMBLE_Soy_PRCP_DEP/daily dia 03 (2026-08-01 → 2026-08-01) 49181 bytes
2026-07-29 09:38:26,086 [INFO] [OK] USA/ECM_ENSEMBLE_Soy_PRCP_DEP/daily dia 04 (2026-08-02 → 2026-08-02) 47124 bytes
2026-07-29 09:38:26,135 [INFO] [OK] USA/ECM_ENSEMBLE_Soy_PRCP_DEP/daily dia 05 (2026-08-03 → 2026-08-03) 48431 bytes
2026-07-29 09:38:26,312 [INFO] [OK] USA/ECM_ENSEMBLE_Soy_PRCP_DEP/daily dia 06 (2026-08-04 → 2026-08-04) 52853 bytes
2026-07-29 09:38:27,080 [INFO] [OK] USA/ECM_ENSEMBLE_Soy_PRCP_DEP/daily dia 08 (2026-08-06 → 2026-08-06) 54664 bytes
2026-07-29 09:38:27,090 [INFO] [OK] USA/ECM_ENSEMBLE_Soy_PRCP_DEP/daily dia 07 (2026-08-05 → 2026-08-05) 54337 bytes
2026-07-29 09:38:27,161 [INFO] [OK] USA/ECM_ENSEMBLE_Soy_PRCP_DEP/daily dia 09 (2026-08-07 → 2026-08-07) 55281 bytes
2026-07-29 09:38:27,768 [INFO] [OK] USA/ECM_ENSEMBLE_Soy_PRCP_DEP/daily dia 10 (2026-08-08 → 2026-08-08) 55028 bytes
2026-07-29 09:38:27,923 [INFO] [OK] USA/ECM_ENSEMBLE_Soy_PRCP_DEP/daily dia 11 (2026-08-09 → 2026-08-09) 56632 bytes
2026-07-29 09:38:28,049 [INFO] [OK] USA/ECM_ENSEMBLE_Soy_PRCP_DEP/daily dia 12 (2026-08-10 → 2026-08-10) 57403 bytes
2026-07-29 09:38:28,659 [INFO] [OK] USA/ECM_ENSEMBLE_Soy_PRCP_DEP/daily dia 13 (2026-08-11 → 2026-08-11) 57071 bytes
2026-07-29 09:38:28,811 [INFO] [OK] USA/ECM_ENSEMBLE_Soy_PRCP_DEP/cumulative dia 00 (2026-07-29 → 2026-07-29) 51897 bytes
2026-07-29 09:38:28,822 [INFO] [OK] USA/ECM_ENSEMBLE_Soy_PRCP_DEP/daily dia 14 (2026-08-12 → 2026-08-12) 57774 bytes
2026-07-29 09:38:29,518 [INFO] [OK] USA/ECM_ENSEMBLE_Soy_PRCP_DEP/cumulative dia 01 (2026-07-29 → 2026-07-30) 53482 bytes
2026-07-29 09:38:29,774 [INFO] [OK] USA/ECM_ENSEMBLE_Soy_PRCP_DEP/cumulative dia 02 (2026-07-29 → 2026-07-31) 55399 bytes
2026-07-29 09:38:30,004 [INFO] [OK] USA/ECM_ENSEMBLE_Soy_PRCP_DEP/cumulative dia 03 (2026-07-29 → 2026-08-01) 59400 bytes
2026-07-29 09:38:30,702 [INFO] [OK] USA/ECM_ENSEMBLE_Soy_PRCP_DEP/cumulative dia 04 (2026-07-29 → 2026-08-02) 59575 bytes
2026-07-29 09:38:30,908 [INFO] [OK] USA/ECM_ENSEMBLE_Soy_PRCP_DEP/cumulative dia 05 (2026-07-29 → 2026-08-03) 59349 bytes
2026-07-29 09:38:31,119 [INFO] [OK] USA/ECM_ENSEMBLE_Soy_PRCP_DEP/cumulative dia 06 (2026-07-29 → 2026-08-04) 59003 bytes
2026-07-29 09:38:31,843 [INFO] [OK] USA/ECM_ENSEMBLE_Soy_PRCP_DEP/cumulative dia 07 (2026-07-29 → 2026-08-05) 58586 bytes
2026-07-29 09:38:32,169 [INFO] [OK] USA/ECM_ENSEMBLE_Soy_PRCP_DEP/cumulative dia 08 (2026-07-29 → 2026-08-06) 58432 bytes
2026-07-29 09:38:32,622 [INFO] [OK] USA/ECM_ENSEMBLE_Soy_PRCP_DEP/cumulative dia 09 (2026-07-29 → 2026-08-07) 58803 bytes
2026-07-29 09:38:33,428 [INFO] [OK] USA/ECM_ENSEMBLE_Soy_PRCP_DEP/cumulative dia 10 (2026-07-29 → 2026-08-08) 58903 bytes
2026-07-29 09:38:33,705 [INFO] [OK] USA/ECM_ENSEMBLE_Soy_PRCP_DEP/cumulative dia 11 (2026-07-29 → 2026-08-09) 58714 bytes
2026-07-29 09:38:34,061 [INFO] [OK] USA/ECM_ENSEMBLE_Soy_PRCP_DEP/cumulative dia 12 (2026-07-29 → 2026-08-10) 58491 bytes
2026-07-29 09:38:34,205 [INFO] [OK] USA/ECM_ENSEMBLE_Soy_PRCP/daily dia 00 (2026-07-29 → 2026-07-29) 38206 bytes
2026-07-29 09:38:34,910 [INFO] [OK] USA/ECM_ENSEMBLE_Soy_PRCP_DEP/cumulative dia 13 (2026-07-29 → 2026-08-11) 59153 bytes
2026-07-29 09:38:35,303 [INFO] [OK] USA/ECM_ENSEMBLE_Soy_PRCP/daily dia 01 (2026-07-30 → 2026-07-30) 37914 bytes
2026-07-29 09:38:35,630 [INFO] [OK] USA/ECM_ENSEMBLE_Soy_PRCP/daily dia 03 (2026-08-01 → 2026-08-01) 36709 bytes
2026-07-29 09:38:35,631 [INFO] [OK] USA/ECM_ENSEMBLE_Soy_PRCP/daily dia 02 (2026-07-31 → 2026-07-31) 37319 bytes
2026-07-29 09:38:35,636 [INFO] [OK] USA/ECM_ENSEMBLE_Soy_PRCP_DEP/cumulative dia 14 (2026-07-29 → 2026-08-12) 59265 bytes
2026-07-29 09:38:35,888 [INFO] [OK] USA/ECM_ENSEMBLE_Soy_PRCP/daily dia 04 (2026-08-02 → 2026-08-02) 35875 bytes
2026-07-29 09:38:36,483 [INFO] [OK] USA/ECM_ENSEMBLE_Soy_PRCP/daily dia 05 (2026-08-03 → 2026-08-03) 35537 bytes
2026-07-29 09:38:36,873 [INFO] [OK] USA/ECM_ENSEMBLE_Soy_PRCP/daily dia 06 (2026-08-04 → 2026-08-04) 35744 bytes
2026-07-29 09:38:37,196 [INFO] [OK] USA/ECM_ENSEMBLE_Soy_PRCP/daily dia 09 (2026-08-07 → 2026-08-07) 34541 bytes
2026-07-29 09:38:37,466 [INFO] [OK] USA/ECM_ENSEMBLE_Soy_PRCP/daily dia 08 (2026-08-06 → 2026-08-06) 34395 bytes
2026-07-29 09:38:37,559 [INFO] [OK] USA/ECM_ENSEMBLE_Soy_PRCP/daily dia 07 (2026-08-05 → 2026-08-05) 35129 bytes
2026-07-29 09:38:37,564 [INFO] [OK] USA/ECM_ENSEMBLE_Soy_PRCP/daily dia 10 (2026-08-08 → 2026-08-08) 35154 bytes
2026-07-29 09:38:38,159 [INFO] [OK] USA/ECM_ENSEMBLE_Soy_PRCP/daily dia 11 (2026-08-09 → 2026-08-09) 35010 bytes
2026-07-29 09:38:38,459 [INFO] [OK] USA/ECM_ENSEMBLE_Soy_PRCP/daily dia 12 (2026-08-10 → 2026-08-10) 35073 bytes
2026-07-29 09:38:38,684 [INFO] [OK] USA/ECM_ENSEMBLE_Soy_PRCP/daily dia 13 (2026-08-11 → 2026-08-11) 35762 bytes
2026-07-29 09:38:39,049 [INFO] [OK] USA/ECM_ENSEMBLE_Soy_PRCP/daily dia 14 (2026-08-12 → 2026-08-12) 35381 bytes
2026-07-29 09:38:39,342 [INFO] [OK] USA/ECM_ENSEMBLE_Soy_PRCP/cumulative dia 01 (2026-07-29 → 2026-07-30) 41698 bytes
2026-07-29 09:38:39,353 [INFO] [OK] USA/ECM_ENSEMBLE_Soy_PRCP/cumulative dia 00 (2026-07-29 → 2026-07-29) 38206 bytes
2026-07-29 09:38:39,946 [INFO] [OK] USA/ECM_ENSEMBLE_Soy_PRCP/cumulative dia 02 (2026-07-29 → 2026-07-31) 44120 bytes
2026-07-29 09:38:40,298 [INFO] [OK] USA/ECM_ENSEMBLE_Soy_PRCP/cumulative dia 03 (2026-07-29 → 2026-08-01) 45616 bytes
2026-07-29 09:38:40,769 [INFO] [OK] USA/ECM_ENSEMBLE_Soy_PRCP/cumulative dia 04 (2026-07-29 → 2026-08-02) 46598 bytes
2026-07-29 09:38:41,092 [INFO] [OK] USA/ECM_ENSEMBLE_Soy_PRCP/cumulative dia 05 (2026-07-29 → 2026-08-03) 47366 bytes
2026-07-29 09:38:41,590 [INFO] [OK] USA/ECM_ENSEMBLE_Soy_PRCP/cumulative dia 06 (2026-07-29 → 2026-08-04) 47439 bytes
2026-07-29 09:38:41,671 [INFO] [OK] USA/ECM_ENSEMBLE_Soy_PRCP/cumulative dia 07 (2026-07-29 → 2026-08-05) 47832 bytes
2026-07-29 09:38:42,341 [INFO] [OK] USA/ECM_ENSEMBLE_Soy_PRCP/cumulative dia 08 (2026-07-29 → 2026-08-06) 48710 bytes
2026-07-29 09:38:42,738 [INFO] [OK] USA/ECM_ENSEMBLE_Soy_PRCP/cumulative dia 09 (2026-07-29 → 2026-08-07) 48833 bytes
2026-07-29 09:38:43,460 [INFO] [OK] USA/ECM_ENSEMBLE_Soy_PRCP/cumulative dia 10 (2026-07-29 → 2026-08-08) 49846 bytes
2026-07-29 09:38:43,936 [INFO] [OK] USA/ECM_ENSEMBLE_Soy_PRCP/cumulative dia 11 (2026-07-29 → 2026-08-09) 49940 bytes
2026-07-29 09:38:44,460 [INFO] [OK] USA/ECM_ENSEMBLE_Wheat_Winter_PRCP_DEP/daily dia 00 (2026-07-29 → 2026-07-29) 53700 bytes
2026-07-29 09:38:44,801 [INFO] [OK] USA/ECM_ENSEMBLE_Soy_PRCP/cumulative dia 12 (2026-07-29 → 2026-08-10) 49663 bytes
2026-07-29 09:38:45,027 [INFO] [OK] USA/ECM_ENSEMBLE_Soy_PRCP/cumulative dia 13 (2026-07-29 → 2026-08-11) 50555 bytes
2026-07-29 09:38:45,195 [INFO] [OK] USA/ECM_ENSEMBLE_Wheat_Winter_PRCP_DEP/daily dia 01 (2026-07-30 → 2026-07-30) 53643 bytes
2026-07-29 09:38:45,477 [INFO] [OK] USA/ECM_ENSEMBLE_Soy_PRCP/cumulative dia 14 (2026-07-29 → 2026-08-12) 50490 bytes
2026-07-29 09:38:45,560 [INFO] [OK] USA/ECM_ENSEMBLE_Wheat_Winter_PRCP_DEP/daily dia 02 (2026-07-31 → 2026-07-31) 52860 bytes
2026-07-29 09:38:46,207 [INFO] [OK] USA/ECM_ENSEMBLE_Wheat_Winter_PRCP_DEP/daily dia 03 (2026-08-01 → 2026-08-01) 50650 bytes
2026-07-29 09:38:46,487 [INFO] [OK] USA/ECM_ENSEMBLE_Wheat_Winter_PRCP_DEP/daily dia 04 (2026-08-02 → 2026-08-02) 48733 bytes
2026-07-29 09:38:46,674 [INFO] [OK] USA/ECM_ENSEMBLE_Wheat_Winter_PRCP_DEP/daily dia 05 (2026-08-03 → 2026-08-03) 50033 bytes
2026-07-29 09:38:46,882 [INFO] [OK] USA/ECM_ENSEMBLE_Wheat_Winter_PRCP_DEP/daily dia 06 (2026-08-04 → 2026-08-04) 54150 bytes
2026-07-29 09:38:47,244 [INFO] [OK] USA/ECM_ENSEMBLE_Wheat_Winter_PRCP_DEP/daily dia 08 (2026-08-06 → 2026-08-06) 55971 bytes
2026-07-29 09:38:47,263 [INFO] [OK] USA/ECM_ENSEMBLE_Wheat_Winter_PRCP_DEP/daily dia 07 (2026-08-05 → 2026-08-05) 55719 bytes
2026-07-29 09:38:47,823 [INFO] [OK] USA/ECM_ENSEMBLE_Wheat_Winter_PRCP_DEP/daily dia 09 (2026-08-07 → 2026-08-07) 56889 bytes
2026-07-29 09:38:48,376 [INFO] [OK] USA/ECM_ENSEMBLE_Wheat_Winter_PRCP_DEP/daily dia 10 (2026-08-08 → 2026-08-08) 56363 bytes
2026-07-29 09:38:48,660 [INFO] [OK] USA/ECM_ENSEMBLE_Wheat_Winter_PRCP_DEP/daily dia 11 (2026-08-09 → 2026-08-09) 58003 bytes
2026-07-29 09:38:49,210 [INFO] [OK] USA/ECM_ENSEMBLE_Wheat_Winter_PRCP_DEP/daily dia 12 (2026-08-10 → 2026-08-10) 58869 bytes
2026-07-29 09:38:49,708 [INFO] [OK] USA/ECM_ENSEMBLE_Wheat_Winter_PRCP_DEP/daily dia 14 (2026-08-12 → 2026-08-12) 59245 bytes
2026-07-29 09:38:49,785 [INFO] [OK] USA/ECM_ENSEMBLE_Wheat_Winter_PRCP_DEP/daily dia 13 (2026-08-11 → 2026-08-11) 58312 bytes
2026-07-29 09:38:50,141 [INFO] [OK] USA/ECM_ENSEMBLE_Wheat_Winter_PRCP_DEP/cumulative dia 00 (2026-07-29 → 2026-07-29) 53700 bytes
2026-07-29 09:38:50,508 [INFO] [OK] USA/ECM_ENSEMBLE_Wheat_Winter_PRCP_DEP/cumulative dia 01 (2026-07-29 → 2026-07-30) 55037 bytes
2026-07-29 09:38:50,619 [INFO] [OK] USA/ECM_ENSEMBLE_Wheat_Winter_PRCP_DEP/cumulative dia 02 (2026-07-29 → 2026-07-31) 57193 bytes
2026-07-29 09:38:51,392 [INFO] [OK] USA/ECM_ENSEMBLE_Wheat_Winter_PRCP_DEP/cumulative dia 03 (2026-07-29 → 2026-08-01) 60753 bytes
2026-07-29 09:38:52,001 [INFO] [OK] USA/ECM_ENSEMBLE_Wheat_Winter_PRCP_DEP/cumulative dia 04 (2026-07-29 → 2026-08-02) 60816 bytes
2026-07-29 09:38:52,725 [INFO] [OK] USA/ECM_ENSEMBLE_Wheat_Winter_PRCP_DEP/cumulative dia 05 (2026-07-29 → 2026-08-03) 60698 bytes
2026-07-29 09:38:52,937 [INFO] [OK] USA/ECM_ENSEMBLE_Wheat_Winter_PRCP_DEP/cumulative dia 06 (2026-07-29 → 2026-08-04) 60383 bytes
2026-07-29 09:38:53,401 [INFO] [OK] USA/ECM_ENSEMBLE_Wheat_Winter_PRCP_DEP/cumulative dia 07 (2026-07-29 → 2026-08-05) 59928 bytes
2026-07-29 09:38:53,631 [INFO] [OK] USA/ECM_ENSEMBLE_Wheat_Winter_PRCP_DEP/cumulative dia 08 (2026-07-29 → 2026-08-06) 59811 bytes
2026-07-29 09:38:54,025 [INFO] [OK] USA/ECM_ENSEMBLE_Wheat_Winter_PRCP_DEP/cumulative dia 09 (2026-07-29 → 2026-08-07) 59902 bytes
2026-07-29 09:38:54,738 [INFO] [OK] USA/ECM_ENSEMBLE_Wheat_Winter_PRCP_DEP/cumulative dia 10 (2026-07-29 → 2026-08-08) 59917 bytes
2026-07-29 09:38:55,615 [INFO] [OK] USA/ECM_ENSEMBLE_Wheat_Winter_PRCP_DEP/cumulative dia 11 (2026-07-29 → 2026-08-09) 59762 bytes
2026-07-29 09:38:55,722 [INFO] [OK] USA/ECM_ENSEMBLE_Wheat_Winter_PRCP/daily dia 00 (2026-07-29 → 2026-07-29) 39952 bytes
2026-07-29 09:38:56,071 [INFO] [OK] USA/ECM_ENSEMBLE_Wheat_Winter_PRCP_DEP/cumulative dia 12 (2026-07-29 → 2026-08-10) 59613 bytes
2026-07-29 09:38:56,384 [INFO] [OK] USA/ECM_ENSEMBLE_Wheat_Winter_PRCP/daily dia 01 (2026-07-30 → 2026-07-30) 39630 bytes
2026-07-29 09:38:56,522 [INFO] [OK] USA/ECM_ENSEMBLE_Wheat_Winter_PRCP_DEP/cumulative dia 13 (2026-07-29 → 2026-08-11) 60121 bytes
2026-07-29 09:38:56,830 [INFO] [OK] USA/ECM_ENSEMBLE_Wheat_Winter_PRCP_DEP/cumulative dia 14 (2026-07-29 → 2026-08-12) 60396 bytes
2026-07-29 09:38:57,685 [INFO] [OK] USA/ECM_ENSEMBLE_Wheat_Winter_PRCP/daily dia 03 (2026-08-01 → 2026-08-01) 38137 bytes
2026-07-29 09:38:57,691 [INFO] [OK] USA/ECM_ENSEMBLE_Wheat_Winter_PRCP/daily dia 02 (2026-07-31 → 2026-07-31) 39224 bytes
2026-07-29 09:38:57,694 [INFO] [OK] USA/ECM_ENSEMBLE_Wheat_Winter_PRCP/daily dia 04 (2026-08-02 → 2026-08-02) 37550 bytes
2026-07-29 09:38:57,929 [INFO] [OK] USA/ECM_ENSEMBLE_Wheat_Winter_PRCP/daily dia 05 (2026-08-03 → 2026-08-03) 37118 bytes
2026-07-29 09:38:58,140 [INFO] [OK] USA/ECM_ENSEMBLE_Wheat_Winter_PRCP/daily dia 06 (2026-08-04 → 2026-08-04) 37180 bytes
2026-07-29 09:38:58,344 [INFO] [OK] USA/ECM_ENSEMBLE_Wheat_Winter_PRCP/daily dia 07 (2026-08-05 → 2026-08-05) 36807 bytes
2026-07-29 09:38:59,203 [INFO] [OK] USA/ECM_ENSEMBLE_Wheat_Winter_PRCP/daily dia 09 (2026-08-07 → 2026-08-07) 36211 bytes
2026-07-29 09:38:59,257 [INFO] [OK] USA/ECM_ENSEMBLE_Wheat_Winter_PRCP/daily dia 08 (2026-08-06 → 2026-08-06) 36069 bytes
2026-07-29 09:38:59,290 [INFO] [OK] USA/ECM_ENSEMBLE_Wheat_Winter_PRCP/daily dia 10 (2026-08-08 → 2026-08-08) 36897 bytes
2026-07-29 09:38:59,649 [INFO] [OK] USA/ECM_ENSEMBLE_Wheat_Winter_PRCP/daily dia 11 (2026-08-09 → 2026-08-09) 36610 bytes
2026-07-29 09:38:59,838 [INFO] [OK] USA/ECM_ENSEMBLE_Wheat_Winter_PRCP/daily dia 12 (2026-08-10 → 2026-08-10) 36706 bytes
2026-07-29 09:38:59,908 [INFO] [OK] USA/ECM_ENSEMBLE_Wheat_Winter_PRCP/daily dia 13 (2026-08-11 → 2026-08-11) 37411 bytes
2026-07-29 09:39:01,031 [INFO] [OK] USA/ECM_ENSEMBLE_Wheat_Winter_PRCP/daily dia 14 (2026-08-12 → 2026-08-12) 37041 bytes
2026-07-29 09:39:01,287 [INFO] [OK] USA/ECM_ENSEMBLE_Wheat_Winter_PRCP/cumulative dia 00 (2026-07-29 → 2026-07-29) 39952 bytes
2026-07-29 09:39:01,297 [INFO] [OK] USA/ECM_ENSEMBLE_Wheat_Winter_PRCP/cumulative dia 01 (2026-07-29 → 2026-07-30) 43139 bytes
2026-07-29 09:39:01,871 [INFO] [OK] USA/ECM_ENSEMBLE_Wheat_Winter_PRCP/cumulative dia 03 (2026-07-29 → 2026-08-01) 47282 bytes
2026-07-29 09:39:02,037 [INFO] [OK] USA/ECM_ENSEMBLE_Wheat_Winter_PRCP/cumulative dia 02 (2026-07-29 → 2026-07-31) 45803 bytes
2026-07-29 09:39:02,084 [INFO] [OK] USA/ECM_ENSEMBLE_Wheat_Winter_PRCP/cumulative dia 04 (2026-07-29 → 2026-08-02) 48200 bytes
2026-07-29 09:39:03,435 [INFO] [OK] USA/ECM_ENSEMBLE_Wheat_Winter_PRCP/cumulative dia 05 (2026-07-29 → 2026-08-03) 49204 bytes
2026-07-29 09:39:04,325 [INFO] [OK] USA/ECM_ENSEMBLE_Wheat_Winter_PRCP/cumulative dia 07 (2026-07-29 → 2026-08-05) 49502 bytes
2026-07-29 09:39:04,429 [INFO] [OK] USA/ECM_ENSEMBLE_Wheat_Winter_PRCP/cumulative dia 06 (2026-07-29 → 2026-08-04) 49281 bytes
2026-07-29 09:39:05,040 [INFO] [OK] USA/ECM_ENSEMBLE_Wheat_Winter_PRCP/cumulative dia 08 (2026-07-29 → 2026-08-06) 50328 bytes
2026-07-29 09:39:05,050 [INFO] [OK] USA/ECM_ENSEMBLE_Wheat_Winter_PRCP/cumulative dia 09 (2026-07-29 → 2026-08-07) 50524 bytes
2026-07-29 09:39:05,449 [INFO] [OK] USA/ECM_ENSEMBLE_Wheat_Winter_PRCP/cumulative dia 10 (2026-07-29 → 2026-08-08) 51502 bytes
2026-07-29 09:39:06,975 [INFO] [OK] USA/ECM_ENSEMBLE_Wheat_Spring_PRCP_DEP/daily dia 00 (2026-07-29 → 2026-07-29) 50312 bytes
2026-07-29 09:39:07,447 [INFO] [OK] USA/ECM_ENSEMBLE_Wheat_Winter_PRCP/cumulative dia 11 (2026-07-29 → 2026-08-09) 51614 bytes
2026-07-29 09:39:07,739 [INFO] [OK] USA/ECM_ENSEMBLE_Wheat_Spring_PRCP_DEP/daily dia 01 (2026-07-30 → 2026-07-30) 50320 bytes
2026-07-29 09:39:08,127 [INFO] [OK] USA/ECM_ENSEMBLE_Wheat_Winter_PRCP/cumulative dia 12 (2026-07-29 → 2026-08-10) 51405 bytes
2026-07-29 09:39:08,363 [INFO] [OK] USA/ECM_ENSEMBLE_Wheat_Winter_PRCP/cumulative dia 13 (2026-07-29 → 2026-08-11) 52039 bytes
2026-07-29 09:39:08,696 [INFO] [OK] USA/ECM_ENSEMBLE_Wheat_Spring_PRCP_DEP/daily dia 02 (2026-07-31 → 2026-07-31) 49805 bytes
2026-07-29 09:39:09,352 [INFO] [OK] USA/ECM_ENSEMBLE_Wheat_Winter_PRCP/cumulative dia 14 (2026-07-29 → 2026-08-12) 52212 bytes
2026-07-29 09:39:09,441 [INFO] [OK] USA/ECM_ENSEMBLE_Wheat_Spring_PRCP_DEP/daily dia 03 (2026-08-01 → 2026-08-01) 47750 bytes
2026-07-29 09:39:09,522 [INFO] [OK] USA/ECM_ENSEMBLE_Wheat_Spring_PRCP_DEP/daily dia 04 (2026-08-02 → 2026-08-02) 45579 bytes
2026-07-29 09:39:09,783 [INFO] [OK] USA/ECM_ENSEMBLE_Wheat_Spring_PRCP_DEP/daily dia 05 (2026-08-03 → 2026-08-03) 46770 bytes
2026-07-29 09:39:10,128 [INFO] [OK] USA/ECM_ENSEMBLE_Wheat_Spring_PRCP_DEP/daily dia 06 (2026-08-04 → 2026-08-04) 50698 bytes
2026-07-29 09:39:10,333 [INFO] [OK] USA/ECM_ENSEMBLE_Wheat_Spring_PRCP_DEP/daily dia 07 (2026-08-05 → 2026-08-05) 52413 bytes
2026-07-29 09:39:11,039 [INFO] [OK] USA/ECM_ENSEMBLE_Wheat_Spring_PRCP_DEP/daily dia 08 (2026-08-06 → 2026-08-06) 52880 bytes
2026-07-29 09:39:11,266 [INFO] [OK] USA/ECM_ENSEMBLE_Wheat_Spring_PRCP_DEP/daily dia 09 (2026-08-07 → 2026-08-07) 53143 bytes
2026-07-29 09:39:11,291 [INFO] [OK] USA/ECM_ENSEMBLE_Wheat_Spring_PRCP_DEP/daily dia 10 (2026-08-08 → 2026-08-08) 52963 bytes
2026-07-29 09:39:11,482 [INFO] [OK] USA/ECM_ENSEMBLE_Wheat_Spring_PRCP_DEP/daily dia 11 (2026-08-09 → 2026-08-09) 54598 bytes
2026-07-29 09:39:11,880 [INFO] [OK] USA/ECM_ENSEMBLE_Wheat_Spring_PRCP_DEP/daily dia 12 (2026-08-10 → 2026-08-10) 55892 bytes
2026-07-29 09:39:12,041 [INFO] [OK] USA/ECM_ENSEMBLE_Wheat_Spring_PRCP_DEP/daily dia 13 (2026-08-11 → 2026-08-11) 55282 bytes
2026-07-29 09:39:12,722 [INFO] [OK] USA/ECM_ENSEMBLE_Wheat_Spring_PRCP_DEP/daily dia 14 (2026-08-12 → 2026-08-12) 55610 bytes
2026-07-29 09:39:12,873 [INFO] [OK] USA/ECM_ENSEMBLE_Wheat_Spring_PRCP_DEP/cumulative dia 00 (2026-07-29 → 2026-07-29) 50312 bytes
2026-07-29 09:39:13,037 [INFO] [OK] USA/ECM_ENSEMBLE_Wheat_Spring_PRCP_DEP/cumulative dia 01 (2026-07-29 → 2026-07-30) 51648 bytes
2026-07-29 09:39:13,221 [INFO] [OK] USA/ECM_ENSEMBLE_Wheat_Spring_PRCP_DEP/cumulative dia 02 (2026-07-29 → 2026-07-31) 53918 bytes
2026-07-29 09:39:13,803 [INFO] [OK] USA/ECM_ENSEMBLE_Wheat_Spring_PRCP_DEP/cumulative dia 03 (2026-07-29 → 2026-08-01) 57486 bytes
2026-07-29 09:39:14,231 [INFO] [OK] USA/ECM_ENSEMBLE_Wheat_Spring_PRCP_DEP/cumulative dia 04 (2026-07-29 → 2026-08-02) 57898 bytes
2026-07-29 09:39:14,833 [INFO] [OK] USA/ECM_ENSEMBLE_Wheat_Spring_PRCP_DEP/cumulative dia 05 (2026-07-29 → 2026-08-03) 57833 bytes
2026-07-29 09:39:15,067 [INFO] [OK] USA/ECM_ENSEMBLE_Wheat_Spring_PRCP_DEP/cumulative dia 06 (2026-07-29 → 2026-08-04) 57289 bytes
2026-07-29 09:39:15,342 [INFO] [OK] USA/ECM_ENSEMBLE_Wheat_Spring_PRCP_DEP/cumulative dia 07 (2026-07-29 → 2026-08-05) 56879 bytes
2026-07-29 09:39:15,644 [INFO] [OK] USA/ECM_ENSEMBLE_Wheat_Spring_PRCP_DEP/cumulative dia 08 (2026-07-29 → 2026-08-06) 56784 bytes
2026-07-29 09:39:16,375 [INFO] [OK] USA/ECM_ENSEMBLE_Wheat_Spring_PRCP_DEP/cumulative dia 09 (2026-07-29 → 2026-08-07) 57174 bytes
2026-07-29 09:39:16,844 [INFO] [OK] USA/ECM_ENSEMBLE_Wheat_Spring_PRCP_DEP/cumulative dia 10 (2026-07-29 → 2026-08-08) 57003 bytes
2026-07-29 09:39:17,732 [INFO] [OK] USA/ECM_ENSEMBLE_Wheat_Spring_PRCP_DEP/cumulative dia 11 (2026-07-29 → 2026-08-09) 57037 bytes
2026-07-29 09:39:17,981 [INFO] [OK] USA/ECM_ENSEMBLE_Wheat_Spring_PRCP_DEP/cumulative dia 12 (2026-07-29 → 2026-08-10) 56951 bytes
2026-07-29 09:39:18,020 [INFO] [OK] USA/ECM_ENSEMBLE_Wheat_Spring_PRCP/daily dia 00 (2026-07-29 → 2026-07-29) 36695 bytes
2026-07-29 09:39:18,772 [INFO] [OK] USA/ECM_ENSEMBLE_Wheat_Spring_PRCP_DEP/cumulative dia 14 (2026-07-29 → 2026-08-12) 57615 bytes
2026-07-29 09:39:18,796 [INFO] [OK] USA/ECM_ENSEMBLE_Wheat_Spring_PRCP_DEP/cumulative dia 13 (2026-07-29 → 2026-08-11) 57456 bytes
2026-07-29 09:39:18,847 [INFO] [OK] USA/ECM_ENSEMBLE_Wheat_Spring_PRCP/daily dia 01 (2026-07-30 → 2026-07-30) 36493 bytes
2026-07-29 09:39:19,259 [INFO] [OK] USA/ECM_ENSEMBLE_Wheat_Spring_PRCP/daily dia 02 (2026-07-31 → 2026-07-31) 36121 bytes
2026-07-29 09:39:19,529 [INFO] [OK] USA/ECM_ENSEMBLE_Wheat_Spring_PRCP/daily dia 03 (2026-08-01 → 2026-08-01) 35080 bytes
2026-07-29 09:39:19,613 [INFO] [OK] USA/ECM_ENSEMBLE_Wheat_Spring_PRCP/daily dia 04 (2026-08-02 → 2026-08-02) 34354 bytes
2026-07-29 09:39:20,415 [INFO] [OK] USA/ECM_ENSEMBLE_Wheat_Spring_PRCP/daily dia 06 (2026-08-04 → 2026-08-04) 34148 bytes
2026-07-29 09:39:20,438 [INFO] [OK] USA/ECM_ENSEMBLE_Wheat_Spring_PRCP/daily dia 05 (2026-08-03 → 2026-08-03) 33996 bytes
2026-07-29 09:39:20,443 [INFO] [OK] USA/ECM_ENSEMBLE_Wheat_Spring_PRCP/daily dia 07 (2026-08-05 → 2026-08-05) 33700 bytes
2026-07-29 09:39:20,850 [INFO] [OK] USA/ECM_ENSEMBLE_Wheat_Spring_PRCP/daily dia 08 (2026-08-06 → 2026-08-06) 33071 bytes
2026-07-29 09:39:21,244 [INFO] [OK] USA/ECM_ENSEMBLE_Wheat_Spring_PRCP/daily dia 09 (2026-08-07 → 2026-08-07) 33180 bytes
2026-07-29 09:39:21,253 [INFO] [OK] USA/ECM_ENSEMBLE_Wheat_Spring_PRCP/daily dia 10 (2026-08-08 → 2026-08-08) 33791 bytes
2026-07-29 09:39:22,009 [INFO] [OK] USA/ECM_ENSEMBLE_Wheat_Spring_PRCP/daily dia 11 (2026-08-09 → 2026-08-09) 33381 bytes
2026-07-29 09:39:22,083 [INFO] [OK] USA/ECM_ENSEMBLE_Wheat_Spring_PRCP/daily dia 13 (2026-08-11 → 2026-08-11) 34476 bytes
2026-07-29 09:39:22,095 [INFO] [OK] USA/ECM_ENSEMBLE_Wheat_Spring_PRCP/daily dia 12 (2026-08-10 → 2026-08-10) 33608 bytes
2026-07-29 09:39:22,376 [INFO] [OK] USA/ECM_ENSEMBLE_Wheat_Spring_PRCP/daily dia 14 (2026-08-12 → 2026-08-12) 33986 bytes
2026-07-29 09:39:22,925 [INFO] [OK] USA/ECM_ENSEMBLE_Wheat_Spring_PRCP/cumulative dia 00 (2026-07-29 → 2026-07-29) 36695 bytes
2026-07-29 09:39:23,160 [INFO] [OK] USA/ECM_ENSEMBLE_Wheat_Spring_PRCP/cumulative dia 01 (2026-07-29 → 2026-07-30) 40000 bytes
2026-07-29 09:39:24,076 [INFO] [OK] USA/ECM_ENSEMBLE_Wheat_Spring_PRCP/cumulative dia 03 (2026-07-29 → 2026-08-01) 44097 bytes
2026-07-29 09:39:24,095 [INFO] [OK] USA/ECM_ENSEMBLE_Wheat_Spring_PRCP/cumulative dia 02 (2026-07-29 → 2026-07-31) 42515 bytes
2026-07-29 09:39:24,147 [INFO] [OK] USA/ECM_ENSEMBLE_Wheat_Spring_PRCP/cumulative dia 04 (2026-07-29 → 2026-08-02) 44877 bytes
2026-07-29 09:39:24,671 [INFO] [OK] USA/ECM_ENSEMBLE_Wheat_Spring_PRCP/cumulative dia 05 (2026-07-29 → 2026-08-03) 45503 bytes
2026-07-29 09:39:25,098 [INFO] [OK] USA/ECM_ENSEMBLE_Wheat_Spring_PRCP/cumulative dia 06 (2026-07-29 → 2026-08-04) 45570 bytes
2026-07-29 09:39:25,377 [INFO] [OK] USA/ECM_ENSEMBLE_Wheat_Spring_PRCP/cumulative dia 07 (2026-07-29 → 2026-08-05) 46085 bytes
2026-07-29 09:39:26,847 [INFO] [OK] USA/ECM_ENSEMBLE_Wheat_Spring_PRCP/cumulative dia 08 (2026-07-29 → 2026-08-06) 46879 bytes
2026-07-29 09:39:26,857 [INFO] [OK] USA/ECM_ENSEMBLE_Wheat_Spring_PRCP/cumulative dia 09 (2026-07-29 → 2026-08-07) 47119 bytes
2026-07-29 09:39:27,014 [INFO] [OK] USA/ECM_ENSEMBLE_Wheat_Spring_PRCP/cumulative dia 10 (2026-07-29 → 2026-08-08) 47922 bytes
