2026-09-27 09:33:18,245 [INFO] === Execução 2026-09-27 | modo=both | dias=15 | parâmetro=['PRCP_DEP', 'PRCP'] ===
2026-09-27 09:33:18,246 [INFO] Baixando 960 mapas com 6 threads...
2026-09-27 09:33:21,159 [INFO] [OK] Brazil/GFS_ENSEMBLE_Soy_PRCP_DEP/daily dia 04 (2026-10-01 → 2026-10-01) 45256 bytes
2026-09-27 09:33:21,168 [INFO] [OK] Brazil/GFS_ENSEMBLE_Soy_PRCP_DEP/daily dia 03 (2026-09-30 → 2026-09-30) 45221 bytes
2026-09-27 09:33:21,273 [INFO] [OK] Brazil/GFS_ENSEMBLE_Soy_PRCP_DEP/daily dia 02 (2026-09-29 → 2026-09-29) 45669 bytes
2026-09-27 09:33:21,568 [INFO] [OK] Brazil/GFS_ENSEMBLE_Soy_PRCP_DEP/daily dia 05 (2026-10-02 → 2026-10-02) 47039 bytes
2026-09-27 09:33:21,599 [INFO] [OK] Brazil/GFS_ENSEMBLE_Soy_PRCP_DEP/daily dia 00 (2026-09-27 → 2026-09-27) 39788 bytes
2026-09-27 09:33:21,775 [INFO] [OK] Brazil/GFS_ENSEMBLE_Soy_PRCP_DEP/daily dia 01 (2026-09-28 → 2026-09-28) 45851 bytes
2026-09-27 09:33:23,014 [INFO] [OK] Brazil/GFS_ENSEMBLE_Soy_PRCP_DEP/daily dia 07 (2026-10-04 → 2026-10-04) 48494 bytes
2026-09-27 09:33:23,026 [INFO] [OK] Brazil/GFS_ENSEMBLE_Soy_PRCP_DEP/daily dia 06 (2026-10-03 → 2026-10-03) 48949 bytes
2026-09-27 09:33:23,092 [INFO] [OK] Brazil/GFS_ENSEMBLE_Soy_PRCP_DEP/daily dia 08 (2026-10-05 → 2026-10-05) 49043 bytes
2026-09-27 09:33:23,100 [INFO] [OK] Brazil/GFS_ENSEMBLE_Soy_PRCP_DEP/daily dia 09 (2026-10-06 → 2026-10-06) 48721 bytes
2026-09-27 09:33:23,223 [INFO] [OK] Brazil/GFS_ENSEMBLE_Soy_PRCP_DEP/daily dia 11 (2026-10-08 → 2026-10-08) 49415 bytes
2026-09-27 09:33:23,298 [INFO] [OK] Brazil/GFS_ENSEMBLE_Soy_PRCP_DEP/daily dia 10 (2026-10-07 → 2026-10-07) 50581 bytes
2026-09-27 09:33:24,621 [INFO] [OK] Brazil/GFS_ENSEMBLE_Soy_PRCP_DEP/daily dia 13 (2026-10-10 → 2026-10-10) 50616 bytes
2026-09-27 09:33:24,638 [INFO] [OK] Brazil/GFS_ENSEMBLE_Soy_PRCP_DEP/daily dia 14 (2026-10-11 → 2026-10-11) 52799 bytes
2026-09-27 09:33:24,791 [INFO] [OK] Brazil/GFS_ENSEMBLE_Soy_PRCP_DEP/cumulative dia 01 (2026-09-27 → 2026-09-28) 45397 bytes
2026-09-27 09:33:24,871 [INFO] [OK] Brazil/GFS_ENSEMBLE_Soy_PRCP_DEP/cumulative dia 00 (2026-09-27 → 2026-09-27) 39788 bytes
2026-09-27 09:33:24,999 [INFO] [OK] Brazil/GFS_ENSEMBLE_Soy_PRCP_DEP/daily dia 12 (2026-10-09 → 2026-10-09) 49875 bytes
2026-09-27 09:33:25,148 [INFO] [OK] Brazil/GFS_ENSEMBLE_Soy_PRCP_DEP/cumulative dia 02 (2026-09-27 → 2026-09-29) 46948 bytes
2026-09-27 09:33:26,616 [INFO] [OK] Brazil/GFS_ENSEMBLE_Soy_PRCP_DEP/cumulative dia 03 (2026-09-27 → 2026-09-30) 48236 bytes
2026-09-27 09:33:26,643 [INFO] [OK] Brazil/GFS_ENSEMBLE_Soy_PRCP_DEP/cumulative dia 04 (2026-09-27 → 2026-10-01) 50595 bytes
2026-09-27 09:33:26,856 [INFO] [OK] Brazil/GFS_ENSEMBLE_Soy_PRCP_DEP/cumulative dia 05 (2026-09-27 → 2026-10-02) 51801 bytes
2026-09-27 09:33:26,990 [INFO] [OK] Brazil/GFS_ENSEMBLE_Soy_PRCP_DEP/cumulative dia 06 (2026-09-27 → 2026-10-03) 52030 bytes
2026-09-27 09:33:27,293 [INFO] [OK] Brazil/GFS_ENSEMBLE_Soy_PRCP_DEP/cumulative dia 07 (2026-09-27 → 2026-10-04) 52278 bytes
2026-09-27 09:33:27,542 [INFO] [OK] Brazil/GFS_ENSEMBLE_Soy_PRCP_DEP/cumulative dia 08 (2026-09-27 → 2026-10-05) 51543 bytes
2026-09-27 09:33:29,615 [INFO] [OK] Brazil/GFS_ENSEMBLE_Soy_PRCP_DEP/cumulative dia 10 (2026-09-27 → 2026-10-07) 51268 bytes
2026-09-27 09:33:29,714 [INFO] [OK] Brazil/GFS_ENSEMBLE_Soy_PRCP_DEP/cumulative dia 09 (2026-09-27 → 2026-10-06) 51409 bytes
2026-09-27 09:33:30,379 [INFO] [OK] Brazil/GFS_ENSEMBLE_Soy_PRCP_DEP/cumulative dia 13 (2026-09-27 → 2026-10-10) 50244 bytes
2026-09-27 09:33:30,382 [INFO] [OK] Brazil/GFS_ENSEMBLE_Soy_PRCP_DEP/cumulative dia 12 (2026-09-27 → 2026-10-09) 50556 bytes
2026-09-27 09:33:30,384 [INFO] [OK] Brazil/GFS_ENSEMBLE_Soy_PRCP_DEP/cumulative dia 11 (2026-09-27 → 2026-10-08) 50936 bytes
2026-09-27 09:33:30,769 [INFO] [OK] Brazil/GFS_ENSEMBLE_Soy_PRCP_DEP/cumulative dia 14 (2026-09-27 → 2026-10-11) 50366 bytes
2026-09-27 09:33:31,215 [INFO] [OK] Brazil/GFS_ENSEMBLE_Soy_PRCP/daily dia 00 (2026-09-27 → 2026-09-27) 31040 bytes
2026-09-27 09:33:31,429 [INFO] [OK] Brazil/GFS_ENSEMBLE_Soy_PRCP/daily dia 01 (2026-09-28 → 2026-09-28) 33087 bytes
2026-09-27 09:33:31,816 [INFO] [OK] Brazil/GFS_ENSEMBLE_Soy_PRCP/daily dia 03 (2026-09-30 → 2026-09-30) 33292 bytes
2026-09-27 09:33:31,834 [INFO] [OK] Brazil/GFS_ENSEMBLE_Soy_PRCP/daily dia 04 (2026-10-01 → 2026-10-01) 32164 bytes
2026-09-27 09:33:32,253 [INFO] [OK] Brazil/GFS_ENSEMBLE_Soy_PRCP/daily dia 05 (2026-10-02 → 2026-10-02) 32610 bytes
2026-09-27 09:33:32,370 [INFO] [OK] Brazil/GFS_ENSEMBLE_Soy_PRCP/daily dia 02 (2026-09-29 → 2026-09-29) 34006 bytes
2026-09-27 09:33:32,625 [INFO] [OK] Brazil/GFS_ENSEMBLE_Soy_PRCP/daily dia 06 (2026-10-03 → 2026-10-03) 33433 bytes
2026-09-27 09:33:32,795 [INFO] [OK] Brazil/GFS_ENSEMBLE_Soy_PRCP/daily dia 07 (2026-10-04 → 2026-10-04) 33544 bytes
2026-09-27 09:33:33,251 [INFO] [OK] Brazil/GFS_ENSEMBLE_Soy_PRCP/daily dia 08 (2026-10-05 → 2026-10-05) 32908 bytes
2026-09-27 09:33:33,666 [INFO] [OK] Brazil/GFS_ENSEMBLE_Soy_PRCP/daily dia 09 (2026-10-06 → 2026-10-06) 32376 bytes
2026-09-27 09:33:33,692 [INFO] [OK] Brazil/GFS_ENSEMBLE_Soy_PRCP/daily dia 10 (2026-10-07 → 2026-10-07) 32724 bytes
2026-09-27 09:33:33,794 [INFO] [OK] Brazil/GFS_ENSEMBLE_Soy_PRCP/daily dia 11 (2026-10-08 → 2026-10-08) 32640 bytes
2026-09-27 09:33:33,948 [INFO] [OK] Brazil/GFS_ENSEMBLE_Soy_PRCP/daily dia 12 (2026-10-09 → 2026-10-09) 33230 bytes
2026-09-27 09:33:34,261 [INFO] [OK] Brazil/GFS_ENSEMBLE_Soy_PRCP/daily dia 13 (2026-10-10 → 2026-10-10) 33507 bytes
2026-09-27 09:33:34,624 [INFO] [OK] Brazil/GFS_ENSEMBLE_Soy_PRCP/daily dia 14 (2026-10-11 → 2026-10-11) 33100 bytes
2026-09-27 09:33:35,097 [INFO] [OK] Brazil/GFS_ENSEMBLE_Soy_PRCP/cumulative dia 00 (2026-09-27 → 2026-09-27) 31040 bytes
2026-09-27 09:33:35,324 [INFO] [OK] Brazil/GFS_ENSEMBLE_Soy_PRCP/cumulative dia 01 (2026-09-27 → 2026-09-28) 34724 bytes
2026-09-27 09:33:35,463 [INFO] [OK] Brazil/GFS_ENSEMBLE_Soy_PRCP/cumulative dia 02 (2026-09-27 → 2026-09-29) 37315 bytes
2026-09-27 09:33:35,755 [INFO] [OK] Brazil/GFS_ENSEMBLE_Soy_PRCP/cumulative dia 03 (2026-09-27 → 2026-09-30) 39422 bytes
2026-09-27 09:33:36,073 [INFO] [OK] Brazil/GFS_ENSEMBLE_Soy_PRCP/cumulative dia 04 (2026-09-27 → 2026-10-01) 40892 bytes
2026-09-27 09:33:36,635 [INFO] [OK] Brazil/GFS_ENSEMBLE_Soy_PRCP/cumulative dia 05 (2026-09-27 → 2026-10-02) 42020 bytes
2026-09-27 09:33:37,135 [INFO] [OK] Brazil/GFS_ENSEMBLE_Soy_PRCP/cumulative dia 06 (2026-09-27 → 2026-10-03) 43020 bytes
2026-09-27 09:33:37,812 [INFO] [OK] Brazil/GFS_ENSEMBLE_Soy_PRCP/cumulative dia 08 (2026-09-27 → 2026-10-05) 43628 bytes
2026-09-27 09:33:38,128 [INFO] [OK] Brazil/GFS_ENSEMBLE_Soy_PRCP/cumulative dia 09 (2026-09-27 → 2026-10-06) 44322 bytes
2026-09-27 09:33:38,320 [INFO] [OK] Brazil/GFS_ENSEMBLE_Soy_PRCP/cumulative dia 07 (2026-09-27 → 2026-10-04) 43058 bytes
2026-09-27 09:33:38,570 [INFO] [OK] Brazil/GFS_ENSEMBLE_Soy_PRCP/cumulative dia 10 (2026-09-27 → 2026-10-07) 44071 bytes
2026-09-27 09:33:39,511 [INFO] [OK] Brazil/GFS_ENSEMBLE_Soy_PRCP/cumulative dia 11 (2026-09-27 → 2026-10-08) 44172 bytes
2026-09-27 09:33:39,845 [INFO] [OK] Brazil/GFS_ENSEMBLE_Soy_PRCP/cumulative dia 12 (2026-09-27 → 2026-10-09) 44476 bytes
2026-09-27 09:33:40,006 [INFO] [OK] Brazil/GFS_ENSEMBLE_Corn_Winter_PRCP_DEP/daily dia 00 (2026-09-27 → 2026-09-27) 38117 bytes
2026-09-27 09:33:40,159 [INFO] [OK] Brazil/GFS_ENSEMBLE_Corn_Winter_PRCP_DEP/daily dia 01 (2026-09-28 → 2026-09-28) 44301 bytes
2026-09-27 09:33:40,615 [INFO] [OK] Brazil/GFS_ENSEMBLE_Soy_PRCP/cumulative dia 13 (2026-09-27 → 2026-10-10) 44724 bytes
2026-09-27 09:33:40,953 [INFO] [OK] Brazil/GFS_ENSEMBLE_Soy_PRCP/cumulative dia 14 (2026-09-27 → 2026-10-11) 45034 bytes
2026-09-27 09:33:40,954 [INFO] [OK] Brazil/GFS_ENSEMBLE_Corn_Winter_PRCP_DEP/daily dia 02 (2026-09-29 → 2026-09-29) 44215 bytes
2026-09-27 09:33:41,408 [INFO] [OK] Brazil/GFS_ENSEMBLE_Corn_Winter_PRCP_DEP/daily dia 04 (2026-10-01 → 2026-10-01) 43863 bytes
2026-09-27 09:33:41,620 [INFO] [OK] Brazil/GFS_ENSEMBLE_Corn_Winter_PRCP_DEP/daily dia 05 (2026-10-02 → 2026-10-02) 45577 bytes
2026-09-27 09:33:41,625 [INFO] [OK] Brazil/GFS_ENSEMBLE_Corn_Winter_PRCP_DEP/daily dia 03 (2026-09-30 → 2026-09-30) 43871 bytes
2026-09-27 09:33:42,075 [INFO] [OK] Brazil/GFS_ENSEMBLE_Corn_Winter_PRCP_DEP/daily dia 06 (2026-10-03 → 2026-10-03) 47822 bytes
2026-09-27 09:33:42,435 [INFO] [OK] Brazil/GFS_ENSEMBLE_Corn_Winter_PRCP_DEP/daily dia 07 (2026-10-04 → 2026-10-04) 47097 bytes
2026-09-27 09:33:42,524 [INFO] [OK] Brazil/GFS_ENSEMBLE_Corn_Winter_PRCP_DEP/daily dia 08 (2026-10-05 → 2026-10-05) 47449 bytes
2026-09-27 09:33:43,006 [INFO] [OK] Brazil/GFS_ENSEMBLE_Corn_Winter_PRCP_DEP/daily dia 09 (2026-10-06 → 2026-10-06) 47165 bytes
2026-09-27 09:33:43,188 [INFO] [OK] Brazil/GFS_ENSEMBLE_Corn_Winter_PRCP_DEP/daily dia 11 (2026-10-08 → 2026-10-08) 47903 bytes
2026-09-27 09:33:43,273 [INFO] [OK] Brazil/GFS_ENSEMBLE_Corn_Winter_PRCP_DEP/daily dia 10 (2026-10-07 → 2026-10-07) 49180 bytes
2026-09-27 09:33:43,655 [INFO] [OK] Brazil/GFS_ENSEMBLE_Corn_Winter_PRCP_DEP/daily dia 12 (2026-10-09 → 2026-10-09) 48512 bytes
2026-09-27 09:33:43,947 [INFO] [OK] Brazil/GFS_ENSEMBLE_Corn_Winter_PRCP_DEP/daily dia 13 (2026-10-10 → 2026-10-10) 49086 bytes
2026-09-27 09:33:44,151 [INFO] [OK] Brazil/GFS_ENSEMBLE_Corn_Winter_PRCP_DEP/daily dia 14 (2026-10-11 → 2026-10-11) 51362 bytes
2026-09-27 09:33:44,367 [INFO] [OK] Brazil/GFS_ENSEMBLE_Corn_Winter_PRCP_DEP/cumulative dia 00 (2026-09-27 → 2026-09-27) 38117 bytes
2026-09-27 09:33:44,736 [INFO] [OK] Brazil/GFS_ENSEMBLE_Corn_Winter_PRCP_DEP/cumulative dia 01 (2026-09-27 → 2026-09-28) 43730 bytes
2026-09-27 09:33:44,814 [INFO] [OK] Brazil/GFS_ENSEMBLE_Corn_Winter_PRCP_DEP/cumulative dia 02 (2026-09-27 → 2026-09-29) 45400 bytes
2026-09-27 09:33:45,282 [INFO] [OK] Brazil/GFS_ENSEMBLE_Corn_Winter_PRCP_DEP/cumulative dia 03 (2026-09-27 → 2026-09-30) 46840 bytes
2026-09-27 09:33:45,941 [INFO] [OK] Brazil/GFS_ENSEMBLE_Corn_Winter_PRCP_DEP/cumulative dia 04 (2026-09-27 → 2026-10-01) 49188 bytes
2026-09-27 09:33:46,117 [INFO] [OK] Brazil/GFS_ENSEMBLE_Corn_Winter_PRCP_DEP/cumulative dia 05 (2026-09-27 → 2026-10-02) 50322 bytes
2026-09-27 09:33:46,440 [INFO] [OK] Brazil/GFS_ENSEMBLE_Corn_Winter_PRCP_DEP/cumulative dia 06 (2026-09-27 → 2026-10-03) 50651 bytes
2026-09-27 09:33:46,915 [INFO] [OK] Brazil/GFS_ENSEMBLE_Corn_Winter_PRCP_DEP/cumulative dia 07 (2026-09-27 → 2026-10-04) 50768 bytes
2026-09-27 09:33:47,090 [INFO] [OK] Brazil/GFS_ENSEMBLE_Corn_Winter_PRCP_DEP/cumulative dia 08 (2026-09-27 → 2026-10-05) 50060 bytes
2026-09-27 09:33:47,534 [INFO] [OK] Brazil/GFS_ENSEMBLE_Corn_Winter_PRCP_DEP/cumulative dia 09 (2026-09-27 → 2026-10-06) 49899 bytes
2026-09-27 09:33:48,291 [INFO] [OK] Brazil/GFS_ENSEMBLE_Corn_Winter_PRCP_DEP/cumulative dia 10 (2026-09-27 → 2026-10-07) 49795 bytes
2026-09-27 09:33:48,934 [INFO] [OK] Brazil/GFS_ENSEMBLE_Corn_Winter_PRCP_DEP/cumulative dia 11 (2026-09-27 → 2026-10-08) 49293 bytes
2026-09-27 09:33:49,092 [INFO] [OK] Brazil/GFS_ENSEMBLE_Corn_Winter_PRCP/daily dia 00 (2026-09-27 → 2026-09-27) 29220 bytes
2026-09-27 09:33:49,201 [INFO] [OK] Brazil/GFS_ENSEMBLE_Corn_Winter_PRCP_DEP/cumulative dia 12 (2026-09-27 → 2026-10-09) 49081 bytes
2026-09-27 09:33:49,614 [INFO] [OK] Brazil/GFS_ENSEMBLE_Corn_Winter_PRCP_DEP/cumulative dia 13 (2026-09-27 → 2026-10-10) 48736 bytes
2026-09-27 09:33:49,705 [INFO] [OK] Brazil/GFS_ENSEMBLE_Corn_Winter_PRCP/daily dia 01 (2026-09-28 → 2026-09-28) 31216 bytes
2026-09-27 09:33:49,964 [INFO] [OK] Brazil/GFS_ENSEMBLE_Corn_Winter_PRCP_DEP/cumulative dia 14 (2026-09-27 → 2026-10-11) 48754 bytes
2026-09-27 09:33:50,261 [INFO] [OK] Brazil/GFS_ENSEMBLE_Corn_Winter_PRCP/daily dia 02 (2026-09-29 → 2026-09-29) 32305 bytes
2026-09-27 09:33:50,474 [INFO] [OK] Brazil/GFS_ENSEMBLE_Corn_Winter_PRCP/daily dia 03 (2026-09-30 → 2026-09-30) 31821 bytes
2026-09-27 09:33:50,577 [INFO] [OK] Brazil/GFS_ENSEMBLE_Corn_Winter_PRCP/daily dia 04 (2026-10-01 → 2026-10-01) 30769 bytes
2026-09-27 09:33:51,024 [INFO] [OK] Brazil/GFS_ENSEMBLE_Corn_Winter_PRCP/daily dia 05 (2026-10-02 → 2026-10-02) 31052 bytes
2026-09-27 09:33:51,096 [INFO] [OK] Brazil/GFS_ENSEMBLE_Corn_Winter_PRCP/daily dia 06 (2026-10-03 → 2026-10-03) 31787 bytes
2026-09-27 09:33:51,324 [INFO] [OK] Brazil/GFS_ENSEMBLE_Corn_Winter_PRCP/daily dia 07 (2026-10-04 → 2026-10-04) 32246 bytes
2026-09-27 09:33:51,894 [INFO] [OK] Brazil/GFS_ENSEMBLE_Corn_Winter_PRCP/daily dia 09 (2026-10-06 → 2026-10-06) 30999 bytes
2026-09-27 09:33:51,950 [INFO] [OK] Brazil/GFS_ENSEMBLE_Corn_Winter_PRCP/daily dia 08 (2026-10-05 → 2026-10-05) 31582 bytes
2026-09-27 09:33:52,167 [INFO] [OK] Brazil/GFS_ENSEMBLE_Corn_Winter_PRCP/daily dia 10 (2026-10-07 → 2026-10-07) 31401 bytes
2026-09-27 09:33:52,444 [INFO] [OK] Brazil/GFS_ENSEMBLE_Corn_Winter_PRCP/daily dia 11 (2026-10-08 → 2026-10-08) 31065 bytes
2026-09-27 09:33:52,555 [INFO] [OK] Brazil/GFS_ENSEMBLE_Corn_Winter_PRCP/daily dia 12 (2026-10-09 → 2026-10-09) 31500 bytes
2026-09-27 09:33:52,763 [INFO] [OK] Brazil/GFS_ENSEMBLE_Corn_Winter_PRCP/daily dia 13 (2026-10-10 → 2026-10-10) 32062 bytes
2026-09-27 09:33:53,315 [INFO] [OK] Brazil/GFS_ENSEMBLE_Corn_Winter_PRCP/daily dia 14 (2026-10-11 → 2026-10-11) 31686 bytes
2026-09-27 09:33:53,401 [INFO] [OK] Brazil/GFS_ENSEMBLE_Corn_Winter_PRCP/cumulative dia 00 (2026-09-27 → 2026-09-27) 29220 bytes
2026-09-27 09:33:53,655 [INFO] [OK] Brazil/GFS_ENSEMBLE_Corn_Winter_PRCP/cumulative dia 01 (2026-09-27 → 2026-09-28) 32901 bytes
2026-09-27 09:33:54,027 [INFO] [OK] Brazil/GFS_ENSEMBLE_Corn_Winter_PRCP/cumulative dia 02 (2026-09-27 → 2026-09-29) 35368 bytes
2026-09-27 09:33:54,287 [INFO] [OK] Brazil/GFS_ENSEMBLE_Corn_Winter_PRCP/cumulative dia 03 (2026-09-27 → 2026-09-30) 37441 bytes
2026-09-27 09:33:54,466 [INFO] [OK] Brazil/GFS_ENSEMBLE_Corn_Winter_PRCP/cumulative dia 04 (2026-09-27 → 2026-10-01) 39257 bytes
2026-09-27 09:33:55,349 [INFO] [OK] Brazil/GFS_ENSEMBLE_Corn_Winter_PRCP/cumulative dia 05 (2026-09-27 → 2026-10-02) 40403 bytes
2026-09-27 09:33:55,424 [INFO] [OK] Brazil/GFS_ENSEMBLE_Corn_Winter_PRCP/cumulative dia 06 (2026-09-27 → 2026-10-03) 41363 bytes
2026-09-27 09:33:56,025 [INFO] [OK] Brazil/GFS_ENSEMBLE_Corn_Winter_PRCP/cumulative dia 07 (2026-09-27 → 2026-10-04) 41401 bytes
2026-09-27 09:33:56,536 [INFO] [OK] Brazil/GFS_ENSEMBLE_Corn_Winter_PRCP/cumulative dia 08 (2026-09-27 → 2026-10-05) 41866 bytes
2026-09-27 09:33:56,692 [INFO] [OK] Brazil/GFS_ENSEMBLE_Corn_Winter_PRCP/cumulative dia 09 (2026-09-27 → 2026-10-06) 42628 bytes
2026-09-27 09:33:56,941 [INFO] [OK] Brazil/GFS_ENSEMBLE_Corn_Winter_PRCP/cumulative dia 10 (2026-09-27 → 2026-10-07) 42223 bytes
2026-09-27 09:33:57,906 [INFO] [OK] Brazil/GFS_ENSEMBLE_Corn_Winter_PRCP/cumulative dia 11 (2026-09-27 → 2026-10-08) 42451 bytes
2026-09-27 09:33:58,016 [INFO] [OK] Brazil/GFS_ENSEMBLE_Corn_Winter_PRCP/cumulative dia 12 (2026-09-27 → 2026-10-09) 42701 bytes
2026-09-27 09:33:58,314 [INFO] [OK] Brazil/ECM_ENSEMBLE_Soy_PRCP_DEP/daily dia 00 (2026-09-27 → 2026-09-27) 46422 bytes
2026-09-27 09:33:58,526 [INFO] [OK] Brazil/ECM_ENSEMBLE_Soy_PRCP_DEP/daily dia 01 (2026-09-28 → 2026-09-28) 47514 bytes
2026-09-27 09:33:58,801 [INFO] [OK] Brazil/GFS_ENSEMBLE_Corn_Winter_PRCP/cumulative dia 13 (2026-09-27 → 2026-10-10) 42753 bytes
2026-09-27 09:33:59,540 [INFO] [OK] Brazil/ECM_ENSEMBLE_Soy_PRCP_DEP/daily dia 02 (2026-09-29 → 2026-09-29) 49457 bytes
2026-09-27 09:33:59,603 [INFO] [OK] Brazil/GFS_ENSEMBLE_Corn_Winter_PRCP/cumulative dia 14 (2026-09-27 → 2026-10-11) 43289 bytes
2026-09-27 09:33:59,733 [INFO] [OK] Brazil/ECM_ENSEMBLE_Soy_PRCP_DEP/daily dia 03 (2026-09-30 → 2026-09-30) 48432 bytes
2026-09-27 09:33:59,841 [INFO] [OK] Brazil/ECM_ENSEMBLE_Soy_PRCP_DEP/daily dia 04 (2026-10-01 → 2026-10-01) 47980 bytes
2026-09-27 09:34:00,091 [INFO] [OK] Brazil/ECM_ENSEMBLE_Soy_PRCP_DEP/daily dia 05 (2026-10-02 → 2026-10-02) 50259 bytes
2026-09-27 09:34:00,260 [INFO] [OK] Brazil/ECM_ENSEMBLE_Soy_PRCP_DEP/daily dia 06 (2026-10-03 → 2026-10-03) 50346 bytes
2026-09-27 09:34:01,042 [INFO] [OK] Brazil/ECM_ENSEMBLE_Soy_PRCP_DEP/daily dia 07 (2026-10-04 → 2026-10-04) 49095 bytes
2026-09-27 09:34:01,184 [INFO] [OK] Brazil/ECM_ENSEMBLE_Soy_PRCP_DEP/daily dia 08 (2026-10-05 → 2026-10-05) 51216 bytes
2026-09-27 09:34:01,252 [INFO] [OK] Brazil/ECM_ENSEMBLE_Soy_PRCP_DEP/daily dia 09 (2026-10-06 → 2026-10-06) 52271 bytes
2026-09-27 09:34:01,333 [INFO] [OK] Brazil/ECM_ENSEMBLE_Soy_PRCP_DEP/daily dia 10 (2026-10-07 → 2026-10-07) 52244 bytes
2026-09-27 09:34:01,586 [INFO] [OK] Brazil/ECM_ENSEMBLE_Soy_PRCP_DEP/daily dia 11 (2026-10-08 → 2026-10-08) 51386 bytes
2026-09-27 09:34:01,735 [INFO] [OK] Brazil/ECM_ENSEMBLE_Soy_PRCP_DEP/daily dia 12 (2026-10-09 → 2026-10-09) 50974 bytes
2026-09-27 09:34:02,491 [INFO] [OK] Brazil/ECM_ENSEMBLE_Soy_PRCP_DEP/daily dia 13 (2026-10-10 → 2026-10-10) 51770 bytes
2026-09-27 09:34:02,704 [INFO] [OK] Brazil/ECM_ENSEMBLE_Soy_PRCP_DEP/daily dia 14 (2026-10-11 → 2026-10-11) 53130 bytes
2026-09-27 09:34:02,707 [INFO] [OK] Brazil/ECM_ENSEMBLE_Soy_PRCP_DEP/cumulative dia 00 (2026-09-27 → 2026-09-27) 46422 bytes
2026-09-27 09:34:02,914 [INFO] [OK] Brazil/ECM_ENSEMBLE_Soy_PRCP_DEP/cumulative dia 01 (2026-09-27 → 2026-09-28) 46753 bytes
2026-09-27 09:34:03,261 [INFO] [OK] Brazil/ECM_ENSEMBLE_Soy_PRCP_DEP/cumulative dia 02 (2026-09-27 → 2026-09-29) 48852 bytes
2026-09-27 09:34:03,416 [INFO] [OK] Brazil/ECM_ENSEMBLE_Soy_PRCP_DEP/cumulative dia 03 (2026-09-27 → 2026-09-30) 49675 bytes
2026-09-27 09:34:04,198 [INFO] [OK] Brazil/ECM_ENSEMBLE_Soy_PRCP_DEP/cumulative dia 04 (2026-09-27 → 2026-10-01) 51804 bytes
2026-09-27 09:34:04,692 [INFO] [OK] Brazil/ECM_ENSEMBLE_Soy_PRCP_DEP/cumulative dia 05 (2026-09-27 → 2026-10-02) 53510 bytes
2026-09-27 09:34:04,750 [INFO] [OK] Brazil/ECM_ENSEMBLE_Soy_PRCP_DEP/cumulative dia 06 (2026-09-27 → 2026-10-03) 52706 bytes
2026-09-27 09:34:05,459 [INFO] [OK] Brazil/ECM_ENSEMBLE_Soy_PRCP_DEP/cumulative dia 07 (2026-09-27 → 2026-10-04) 51573 bytes
2026-09-27 09:34:05,461 [INFO] [OK] Brazil/ECM_ENSEMBLE_Soy_PRCP_DEP/cumulative dia 08 (2026-09-27 → 2026-10-05) 51294 bytes
2026-09-27 09:34:05,520 [INFO] [OK] Brazil/ECM_ENSEMBLE_Soy_PRCP_DEP/cumulative dia 09 (2026-09-27 → 2026-10-06) 51298 bytes
2026-09-27 09:34:06,344 [INFO] [OK] Brazil/ECM_ENSEMBLE_Soy_PRCP_DEP/cumulative dia 10 (2026-09-27 → 2026-10-07) 51930 bytes
2026-09-27 09:34:06,963 [INFO] [OK] Brazil/ECM_ENSEMBLE_Soy_PRCP/daily dia 00 (2026-09-27 → 2026-09-27) 32945 bytes
2026-09-27 09:34:06,965 [INFO] [OK] Brazil/ECM_ENSEMBLE_Soy_PRCP_DEP/cumulative dia 11 (2026-09-27 → 2026-10-08) 51826 bytes
2026-09-27 09:34:07,089 [INFO] [OK] Brazil/ECM_ENSEMBLE_Soy_PRCP_DEP/cumulative dia 12 (2026-09-27 → 2026-10-09) 51966 bytes
2026-09-27 09:34:07,904 [INFO] [OK] Brazil/ECM_ENSEMBLE_Soy_PRCP/daily dia 01 (2026-09-28 → 2026-09-28) 34146 bytes
2026-09-27 09:34:07,958 [INFO] [OK] Brazil/ECM_ENSEMBLE_Soy_PRCP_DEP/cumulative dia 13 (2026-09-27 → 2026-10-10) 52416 bytes
2026-09-27 09:34:07,986 [INFO] [OK] Brazil/ECM_ENSEMBLE_Soy_PRCP_DEP/cumulative dia 14 (2026-09-27 → 2026-10-11) 52271 bytes
2026-09-27 09:34:08,296 [INFO] [OK] Brazil/ECM_ENSEMBLE_Soy_PRCP/daily dia 02 (2026-09-29 → 2026-09-29) 35183 bytes
2026-09-27 09:34:08,376 [INFO] [OK] Brazil/ECM_ENSEMBLE_Soy_PRCP/daily dia 03 (2026-09-30 → 2026-09-30) 34277 bytes
2026-09-27 09:34:08,429 [INFO] [OK] Brazil/ECM_ENSEMBLE_Soy_PRCP/daily dia 04 (2026-10-01 → 2026-10-01) 32809 bytes
2026-09-27 09:34:09,275 [INFO] [OK] Brazil/ECM_ENSEMBLE_Soy_PRCP/daily dia 05 (2026-10-02 → 2026-10-02) 33473 bytes
2026-09-27 09:34:09,458 [INFO] [OK] Brazil/ECM_ENSEMBLE_Soy_PRCP/daily dia 06 (2026-10-03 → 2026-10-03) 35798 bytes
2026-09-27 09:34:09,608 [INFO] [OK] Brazil/ECM_ENSEMBLE_Soy_PRCP/daily dia 08 (2026-10-05 → 2026-10-05) 34373 bytes
2026-09-27 09:34:09,793 [INFO] [OK] Brazil/ECM_ENSEMBLE_Soy_PRCP/daily dia 07 (2026-10-04 → 2026-10-04) 36049 bytes
2026-09-27 09:34:09,883 [INFO] [OK] Brazil/ECM_ENSEMBLE_Soy_PRCP/daily dia 09 (2026-10-06 → 2026-10-06) 32557 bytes
2026-09-27 09:34:09,954 [INFO] [OK] Brazil/ECM_ENSEMBLE_Soy_PRCP/daily dia 10 (2026-10-07 → 2026-10-07) 32928 bytes
2026-09-27 09:34:10,704 [INFO] [OK] Brazil/ECM_ENSEMBLE_Soy_PRCP/daily dia 11 (2026-10-08 → 2026-10-08) 32447 bytes
2026-09-27 09:34:10,850 [INFO] [OK] Brazil/ECM_ENSEMBLE_Soy_PRCP/daily dia 12 (2026-10-09 → 2026-10-09) 32682 bytes
2026-09-27 09:34:10,957 [INFO] [OK] Brazil/ECM_ENSEMBLE_Soy_PRCP/daily dia 13 (2026-10-10 → 2026-10-10) 32494 bytes
2026-09-27 09:34:11,169 [INFO] [OK] Brazil/ECM_ENSEMBLE_Soy_PRCP/daily dia 14 (2026-10-11 → 2026-10-11) 32003 bytes
2026-09-27 09:34:11,292 [INFO] [OK] Brazil/ECM_ENSEMBLE_Soy_PRCP/cumulative dia 00 (2026-09-27 → 2026-09-27) 32945 bytes
2026-09-27 09:34:11,391 [INFO] [OK] Brazil/ECM_ENSEMBLE_Soy_PRCP/cumulative dia 01 (2026-09-27 → 2026-09-28) 35634 bytes
2026-09-27 09:34:12,291 [INFO] [OK] Brazil/ECM_ENSEMBLE_Soy_PRCP/cumulative dia 02 (2026-09-27 → 2026-09-29) 39245 bytes
2026-09-27 09:34:12,481 [INFO] [OK] Brazil/ECM_ENSEMBLE_Soy_PRCP/cumulative dia 03 (2026-09-27 → 2026-09-30) 40829 bytes
2026-09-27 09:34:12,760 [INFO] [OK] Brazil/ECM_ENSEMBLE_Soy_PRCP/cumulative dia 04 (2026-09-27 → 2026-10-01) 42463 bytes
2026-09-27 09:34:12,906 [INFO] [OK] Brazil/ECM_ENSEMBLE_Soy_PRCP/cumulative dia 05 (2026-09-27 → 2026-10-02) 43638 bytes
2026-09-27 09:34:13,155 [INFO] [OK] Brazil/ECM_ENSEMBLE_Soy_PRCP/cumulative dia 06 (2026-09-27 → 2026-10-03) 44179 bytes
2026-09-27 09:34:13,294 [INFO] [OK] Brazil/ECM_ENSEMBLE_Soy_PRCP/cumulative dia 07 (2026-09-27 → 2026-10-04) 44986 bytes
2026-09-27 09:34:14,238 [INFO] [OK] Brazil/ECM_ENSEMBLE_Soy_PRCP/cumulative dia 08 (2026-09-27 → 2026-10-05) 44850 bytes
2026-09-27 09:34:14,629 [INFO] [OK] Brazil/ECM_ENSEMBLE_Soy_PRCP/cumulative dia 09 (2026-09-27 → 2026-10-06) 45336 bytes
2026-09-27 09:34:14,964 [INFO] [OK] Brazil/ECM_ENSEMBLE_Soy_PRCP/cumulative dia 10 (2026-09-27 → 2026-10-07) 45789 bytes
2026-09-27 09:34:15,147 [INFO] [OK] Brazil/ECM_ENSEMBLE_Soy_PRCP/cumulative dia 11 (2026-09-27 → 2026-10-08) 45576 bytes
2026-09-27 09:34:15,527 [INFO] [OK] Brazil/ECM_ENSEMBLE_Soy_PRCP/cumulative dia 12 (2026-09-27 → 2026-10-09) 45816 bytes
2026-09-27 09:34:15,771 [INFO] [OK] Brazil/ECM_ENSEMBLE_Soy_PRCP/cumulative dia 13 (2026-09-27 → 2026-10-10) 45693 bytes
2026-09-27 09:34:16,004 [INFO] [OK] Brazil/ECM_ENSEMBLE_Corn_Winter_PRCP_DEP/daily dia 00 (2026-09-27 → 2026-09-27) 44878 bytes
2026-09-27 09:34:16,324 [INFO] [OK] Brazil/ECM_ENSEMBLE_Corn_Winter_PRCP_DEP/daily dia 01 (2026-09-28 → 2026-09-28) 46270 bytes
2026-09-27 09:34:16,549 [INFO] [OK] Brazil/ECM_ENSEMBLE_Corn_Winter_PRCP_DEP/daily dia 02 (2026-09-29 → 2026-09-29) 48154 bytes
2026-09-27 09:34:16,693 [INFO] [OK] Brazil/ECM_ENSEMBLE_Soy_PRCP/cumulative dia 14 (2026-09-27 → 2026-10-11) 45994 bytes
2026-09-27 09:34:17,012 [INFO] [OK] Brazil/ECM_ENSEMBLE_Corn_Winter_PRCP_DEP/daily dia 03 (2026-09-30 → 2026-09-30) 46970 bytes
2026-09-27 09:34:17,242 [INFO] [OK] Brazil/ECM_ENSEMBLE_Corn_Winter_PRCP_DEP/daily dia 04 (2026-10-01 → 2026-10-01) 46661 bytes
2026-09-27 09:34:17,337 [INFO] [OK] Brazil/ECM_ENSEMBLE_Corn_Winter_PRCP_DEP/daily dia 05 (2026-10-02 → 2026-10-02) 49124 bytes
2026-09-27 09:34:17,697 [INFO] [OK] Brazil/ECM_ENSEMBLE_Corn_Winter_PRCP_DEP/daily dia 06 (2026-10-03 → 2026-10-03) 49237 bytes
2026-09-27 09:34:18,014 [INFO] [OK] Brazil/ECM_ENSEMBLE_Corn_Winter_PRCP_DEP/daily dia 07 (2026-10-04 → 2026-10-04) 47885 bytes
2026-09-27 09:34:18,096 [INFO] [OK] Brazil/ECM_ENSEMBLE_Corn_Winter_PRCP_DEP/daily dia 08 (2026-10-05 → 2026-10-05) 49774 bytes
2026-09-27 09:34:18,327 [INFO] [OK] Brazil/ECM_ENSEMBLE_Corn_Winter_PRCP_DEP/daily dia 09 (2026-10-06 → 2026-10-06) 50762 bytes
2026-09-27 09:34:18,626 [INFO] [OK] Brazil/ECM_ENSEMBLE_Corn_Winter_PRCP_DEP/daily dia 10 (2026-10-07 → 2026-10-07) 50793 bytes
2026-09-27 09:34:18,760 [INFO] [OK] Brazil/ECM_ENSEMBLE_Corn_Winter_PRCP_DEP/daily dia 11 (2026-10-08 → 2026-10-08) 50029 bytes
2026-09-27 09:34:19,035 [INFO] [OK] Brazil/ECM_ENSEMBLE_Corn_Winter_PRCP_DEP/daily dia 12 (2026-10-09 → 2026-10-09) 49618 bytes
2026-09-27 09:34:19,422 [INFO] [OK] Brazil/ECM_ENSEMBLE_Corn_Winter_PRCP_DEP/daily dia 13 (2026-10-10 → 2026-10-10) 50413 bytes
2026-09-27 09:34:19,534 [INFO] [OK] Brazil/ECM_ENSEMBLE_Corn_Winter_PRCP_DEP/daily dia 14 (2026-10-11 → 2026-10-11) 51649 bytes
2026-09-27 09:34:19,697 [INFO] [OK] Brazil/ECM_ENSEMBLE_Corn_Winter_PRCP_DEP/cumulative dia 00 (2026-09-27 → 2026-09-27) 44878 bytes
2026-09-27 09:34:20,049 [INFO] [OK] Brazil/ECM_ENSEMBLE_Corn_Winter_PRCP_DEP/cumulative dia 01 (2026-09-27 → 2026-09-28) 45691 bytes
2026-09-27 09:34:20,287 [INFO] [OK] Brazil/ECM_ENSEMBLE_Corn_Winter_PRCP_DEP/cumulative dia 02 (2026-09-27 → 2026-09-29) 47632 bytes
2026-09-27 09:34:20,678 [INFO] [OK] Brazil/ECM_ENSEMBLE_Corn_Winter_PRCP_DEP/cumulative dia 03 (2026-09-27 → 2026-09-30) 48395 bytes
2026-09-27 09:34:21,092 [INFO] [OK] Brazil/ECM_ENSEMBLE_Corn_Winter_PRCP_DEP/cumulative dia 04 (2026-09-27 → 2026-10-01) 50576 bytes
2026-09-27 09:34:21,340 [INFO] [OK] Brazil/ECM_ENSEMBLE_Corn_Winter_PRCP_DEP/cumulative dia 05 (2026-09-27 → 2026-10-02) 52450 bytes
2026-09-27 09:34:21,515 [INFO] [OK] Brazil/ECM_ENSEMBLE_Corn_Winter_PRCP_DEP/cumulative dia 06 (2026-09-27 → 2026-10-03) 51510 bytes
2026-09-27 09:34:22,011 [INFO] [OK] Brazil/ECM_ENSEMBLE_Corn_Winter_PRCP_DEP/cumulative dia 07 (2026-09-27 → 2026-10-04) 50457 bytes
2026-09-27 09:34:22,377 [INFO] [OK] Brazil/ECM_ENSEMBLE_Corn_Winter_PRCP_DEP/cumulative dia 08 (2026-09-27 → 2026-10-05) 50278 bytes
2026-09-27 09:34:22,958 [INFO] [OK] Brazil/ECM_ENSEMBLE_Corn_Winter_PRCP_DEP/cumulative dia 09 (2026-09-27 → 2026-10-06) 50172 bytes
2026-09-27 09:34:23,660 [INFO] [OK] Brazil/ECM_ENSEMBLE_Corn_Winter_PRCP_DEP/cumulative dia 10 (2026-09-27 → 2026-10-07) 50674 bytes
2026-09-27 09:34:23,778 [INFO] [OK] Brazil/ECM_ENSEMBLE_Corn_Winter_PRCP_DEP/cumulative dia 11 (2026-09-27 → 2026-10-08) 50637 bytes
2026-09-27 09:34:23,970 [INFO] [OK] Brazil/ECM_ENSEMBLE_Corn_Winter_PRCP_DEP/cumulative dia 12 (2026-09-27 → 2026-10-09) 50566 bytes
2026-09-27 09:34:24,442 [INFO] [OK] Brazil/ECM_ENSEMBLE_Corn_Winter_PRCP/daily dia 00 (2026-09-27 → 2026-09-27) 30976 bytes
2026-09-27 09:34:24,449 [INFO] [OK] Brazil/ECM_ENSEMBLE_Corn_Winter_PRCP_DEP/cumulative dia 13 (2026-09-27 → 2026-10-10) 51196 bytes
2026-09-27 09:34:24,862 [INFO] [OK] Brazil/ECM_ENSEMBLE_Corn_Winter_PRCP_DEP/cumulative dia 14 (2026-09-27 → 2026-10-11) 50848 bytes
2026-09-27 09:34:25,330 [INFO] [OK] Brazil/ECM_ENSEMBLE_Corn_Winter_PRCP/daily dia 01 (2026-09-28 → 2026-09-28) 32332 bytes
2026-09-27 09:34:25,338 [INFO] [OK] Brazil/ECM_ENSEMBLE_Corn_Winter_PRCP/daily dia 03 (2026-09-30 → 2026-09-30) 32608 bytes
2026-09-27 09:34:25,404 [INFO] [OK] Brazil/ECM_ENSEMBLE_Corn_Winter_PRCP/daily dia 02 (2026-09-29 → 2026-09-29) 33364 bytes
2026-09-27 09:34:25,778 [INFO] [OK] Brazil/ECM_ENSEMBLE_Corn_Winter_PRCP/daily dia 04 (2026-10-01 → 2026-10-01) 31386 bytes
2026-09-27 09:34:25,866 [INFO] [OK] Brazil/ECM_ENSEMBLE_Corn_Winter_PRCP/daily dia 05 (2026-10-02 → 2026-10-02) 31935 bytes
2026-09-27 09:34:26,214 [INFO] [OK] Brazil/ECM_ENSEMBLE_Corn_Winter_PRCP/daily dia 06 (2026-10-03 → 2026-10-03) 34147 bytes
2026-09-27 09:34:26,908 [INFO] [OK] Brazil/ECM_ENSEMBLE_Corn_Winter_PRCP/daily dia 08 (2026-10-05 → 2026-10-05) 32782 bytes
2026-09-27 09:34:27,036 [INFO] [OK] Brazil/ECM_ENSEMBLE_Corn_Winter_PRCP/daily dia 09 (2026-10-06 → 2026-10-06) 30870 bytes
2026-09-27 09:34:27,036 [INFO] [OK] Brazil/ECM_ENSEMBLE_Corn_Winter_PRCP/daily dia 07 (2026-10-04 → 2026-10-04) 34686 bytes
2026-09-27 09:34:27,071 [INFO] [OK] Brazil/ECM_ENSEMBLE_Corn_Winter_PRCP/daily dia 10 (2026-10-07 → 2026-10-07) 31343 bytes
2026-09-27 09:34:27,380 [INFO] [OK] Brazil/ECM_ENSEMBLE_Corn_Winter_PRCP/daily dia 11 (2026-10-08 → 2026-10-08) 30765 bytes
2026-09-27 09:34:27,591 [INFO] [OK] Brazil/ECM_ENSEMBLE_Corn_Winter_PRCP/daily dia 12 (2026-10-09 → 2026-10-09) 30987 bytes
2026-09-27 09:34:28,207 [INFO] [OK] Brazil/ECM_ENSEMBLE_Corn_Winter_PRCP/daily dia 13 (2026-10-10 → 2026-10-10) 30841 bytes
2026-09-27 09:34:28,354 [INFO] [OK] Brazil/ECM_ENSEMBLE_Corn_Winter_PRCP/daily dia 14 (2026-10-11 → 2026-10-11) 30390 bytes
2026-09-27 09:34:28,413 [INFO] [OK] Brazil/ECM_ENSEMBLE_Corn_Winter_PRCP/cumulative dia 00 (2026-09-27 → 2026-09-27) 30976 bytes
2026-09-27 09:34:28,500 [INFO] [OK] Brazil/ECM_ENSEMBLE_Corn_Winter_PRCP/cumulative dia 01 (2026-09-27 → 2026-09-28) 33915 bytes
2026-09-27 09:34:28,987 [INFO] [OK] Brazil/ECM_ENSEMBLE_Corn_Winter_PRCP/cumulative dia 02 (2026-09-27 → 2026-09-29) 37556 bytes
2026-09-27 09:34:29,242 [INFO] [OK] Brazil/ECM_ENSEMBLE_Corn_Winter_PRCP/cumulative dia 03 (2026-09-27 → 2026-09-30) 39283 bytes
2026-09-27 09:34:29,838 [INFO] [OK] Brazil/ECM_ENSEMBLE_Corn_Winter_PRCP/cumulative dia 04 (2026-09-27 → 2026-10-01) 40818 bytes
2026-09-27 09:34:30,111 [INFO] [OK] Brazil/ECM_ENSEMBLE_Corn_Winter_PRCP/cumulative dia 05 (2026-09-27 → 2026-10-02) 42001 bytes
2026-09-27 09:34:30,279 [INFO] [OK] Brazil/ECM_ENSEMBLE_Corn_Winter_PRCP/cumulative dia 06 (2026-09-27 → 2026-10-03) 42602 bytes
2026-09-27 09:34:30,388 [INFO] [OK] Brazil/ECM_ENSEMBLE_Corn_Winter_PRCP/cumulative dia 07 (2026-09-27 → 2026-10-04) 43278 bytes
2026-09-27 09:34:30,895 [INFO] [OK] Brazil/ECM_ENSEMBLE_Corn_Winter_PRCP/cumulative dia 08 (2026-09-27 → 2026-10-05) 43139 bytes
2026-09-27 09:34:31,402 [INFO] [OK] Brazil/ECM_ENSEMBLE_Corn_Winter_PRCP/cumulative dia 09 (2026-09-27 → 2026-10-06) 43602 bytes
2026-09-27 09:34:32,066 [INFO] [OK] Brazil/ECM_ENSEMBLE_Corn_Winter_PRCP/cumulative dia 10 (2026-09-27 → 2026-10-07) 43973 bytes
2026-09-27 09:34:32,388 [INFO] [OK] Brazil/ECM_ENSEMBLE_Corn_Winter_PRCP/cumulative dia 11 (2026-09-27 → 2026-10-08) 43678 bytes
2026-09-27 09:34:32,499 [INFO] [OK] Argentina/GFS_ENSEMBLE_Soy_PRCP_DEP/daily dia 00 (2026-09-27 → 2026-09-27) 33563 bytes
2026-09-27 09:34:32,584 [INFO] [OK] Brazil/ECM_ENSEMBLE_Corn_Winter_PRCP/cumulative dia 12 (2026-09-27 → 2026-10-09) 43994 bytes
2026-09-27 09:34:32,814 [INFO] [OK] Brazil/ECM_ENSEMBLE_Corn_Winter_PRCP/cumulative dia 13 (2026-09-27 → 2026-10-10) 44016 bytes
2026-09-27 09:34:33,122 [INFO] [OK] Argentina/GFS_ENSEMBLE_Soy_PRCP_DEP/daily dia 01 (2026-09-28 → 2026-09-28) 38713 bytes
2026-09-27 09:34:33,396 [INFO] [OK] Argentina/GFS_ENSEMBLE_Soy_PRCP_DEP/daily dia 02 (2026-09-29 → 2026-09-29) 39774 bytes
2026-09-27 09:34:33,408 [INFO] [OK] Brazil/ECM_ENSEMBLE_Corn_Winter_PRCP/cumulative dia 14 (2026-09-27 → 2026-10-11) 44229 bytes
2026-09-27 09:34:33,602 [INFO] [OK] Argentina/GFS_ENSEMBLE_Soy_PRCP_DEP/daily dia 03 (2026-09-30 → 2026-09-30) 40788 bytes
2026-09-27 09:34:33,695 [INFO] [OK] Argentina/GFS_ENSEMBLE_Soy_PRCP_DEP/daily dia 04 (2026-10-01 → 2026-10-01) 38745 bytes
2026-09-27 09:34:33,825 [INFO] [OK] Argentina/GFS_ENSEMBLE_Soy_PRCP_DEP/daily dia 05 (2026-10-02 → 2026-10-02) 38622 bytes
2026-09-27 09:34:34,170 [INFO] [OK] Argentina/GFS_ENSEMBLE_Soy_PRCP_DEP/daily dia 06 (2026-10-03 → 2026-10-03) 42848 bytes
2026-09-27 09:34:34,490 [INFO] [OK] Argentina/GFS_ENSEMBLE_Soy_PRCP_DEP/daily dia 07 (2026-10-04 → 2026-10-04) 40207 bytes
2026-09-27 09:34:34,536 [INFO] [OK] Argentina/GFS_ENSEMBLE_Soy_PRCP_DEP/daily dia 08 (2026-10-05 → 2026-10-05) 40880 bytes
2026-09-27 09:34:34,682 [INFO] [OK] Argentina/GFS_ENSEMBLE_Soy_PRCP_DEP/daily dia 09 (2026-10-06 → 2026-10-06) 41210 bytes
2026-09-27 09:34:34,730 [INFO] [OK] Argentina/GFS_ENSEMBLE_Soy_PRCP_DEP/daily dia 10 (2026-10-07 → 2026-10-07) 44031 bytes
2026-09-27 09:34:34,903 [INFO] [OK] Argentina/GFS_ENSEMBLE_Soy_PRCP_DEP/daily dia 11 (2026-10-08 → 2026-10-08) 43516 bytes
2026-09-27 09:34:35,179 [INFO] [OK] Argentina/GFS_ENSEMBLE_Soy_PRCP_DEP/daily dia 12 (2026-10-09 → 2026-10-09) 42135 bytes
2026-09-27 09:34:35,506 [INFO] [OK] Argentina/GFS_ENSEMBLE_Soy_PRCP_DEP/daily dia 13 (2026-10-10 → 2026-10-10) 41986 bytes
2026-09-27 09:34:35,665 [INFO] [OK] Argentina/GFS_ENSEMBLE_Soy_PRCP_DEP/daily dia 14 (2026-10-11 → 2026-10-11) 43028 bytes
2026-09-27 09:34:35,694 [INFO] [OK] Argentina/GFS_ENSEMBLE_Soy_PRCP_DEP/cumulative dia 00 (2026-09-27 → 2026-09-27) 33563 bytes
2026-09-27 09:34:35,800 [INFO] [OK] Argentina/GFS_ENSEMBLE_Soy_PRCP_DEP/cumulative dia 01 (2026-09-27 → 2026-09-28) 38773 bytes
2026-09-27 09:34:36,128 [INFO] [OK] Argentina/GFS_ENSEMBLE_Soy_PRCP_DEP/cumulative dia 02 (2026-09-27 → 2026-09-29) 40414 bytes
2026-09-27 09:34:36,353 [INFO] [OK] Argentina/GFS_ENSEMBLE_Soy_PRCP_DEP/cumulative dia 03 (2026-09-27 → 2026-09-30) 41957 bytes
2026-09-27 09:34:36,707 [INFO] [OK] Argentina/GFS_ENSEMBLE_Soy_PRCP_DEP/cumulative dia 04 (2026-09-27 → 2026-10-01) 44025 bytes
2026-09-27 09:34:37,013 [INFO] [OK] Argentina/GFS_ENSEMBLE_Soy_PRCP_DEP/cumulative dia 05 (2026-09-27 → 2026-10-02) 45300 bytes
2026-09-27 09:34:37,078 [INFO] [OK] Argentina/GFS_ENSEMBLE_Soy_PRCP_DEP/cumulative dia 06 (2026-09-27 → 2026-10-03) 44483 bytes
2026-09-27 09:34:37,293 [INFO] [OK] Argentina/GFS_ENSEMBLE_Soy_PRCP_DEP/cumulative dia 07 (2026-09-27 → 2026-10-04) 44628 bytes
2026-09-27 09:34:37,584 [INFO] [OK] Argentina/GFS_ENSEMBLE_Soy_PRCP_DEP/cumulative dia 08 (2026-09-27 → 2026-10-05) 44094 bytes
2026-09-27 09:34:37,761 [INFO] [OK] Argentina/GFS_ENSEMBLE_Soy_PRCP_DEP/cumulative dia 09 (2026-09-27 → 2026-10-06) 43527 bytes
2026-09-27 09:34:38,397 [INFO] [OK] Argentina/GFS_ENSEMBLE_Soy_PRCP_DEP/cumulative dia 10 (2026-09-27 → 2026-10-07) 43323 bytes
2026-09-27 09:34:38,674 [INFO] [OK] Argentina/GFS_ENSEMBLE_Soy_PRCP_DEP/cumulative dia 11 (2026-09-27 → 2026-10-08) 42813 bytes
2026-09-27 09:34:38,806 [INFO] [OK] Argentina/GFS_ENSEMBLE_Soy_PRCP_DEP/cumulative dia 12 (2026-09-27 → 2026-10-09) 42402 bytes
2026-09-27 09:34:38,810 [INFO] [OK] Argentina/GFS_ENSEMBLE_Soy_PRCP/daily dia 00 (2026-09-27 → 2026-09-27) 29135 bytes
2026-09-27 09:34:39,065 [INFO] [OK] Argentina/GFS_ENSEMBLE_Soy_PRCP_DEP/cumulative dia 13 (2026-09-27 → 2026-10-10) 42358 bytes
2026-09-27 09:34:39,282 [INFO] [OK] Argentina/GFS_ENSEMBLE_Soy_PRCP_DEP/cumulative dia 14 (2026-09-27 → 2026-10-11) 42123 bytes
2026-09-27 09:34:39,393 [INFO] [OK] Argentina/GFS_ENSEMBLE_Soy_PRCP/daily dia 01 (2026-09-28 → 2026-09-28) 31366 bytes
2026-09-27 09:34:39,708 [INFO] [OK] Argentina/GFS_ENSEMBLE_Soy_PRCP/daily dia 02 (2026-09-29 → 2026-09-29) 31825 bytes
2026-09-27 09:34:39,862 [INFO] [OK] Argentina/GFS_ENSEMBLE_Soy_PRCP/daily dia 03 (2026-09-30 → 2026-09-30) 30309 bytes
2026-09-27 09:34:39,865 [INFO] [OK] Argentina/GFS_ENSEMBLE_Soy_PRCP/daily dia 04 (2026-10-01 → 2026-10-01) 29920 bytes
2026-09-27 09:34:40,044 [INFO] [OK] Argentina/GFS_ENSEMBLE_Soy_PRCP/daily dia 05 (2026-10-02 → 2026-10-02) 30139 bytes
2026-09-27 09:34:40,288 [INFO] [OK] Argentina/GFS_ENSEMBLE_Soy_PRCP/daily dia 06 (2026-10-03 → 2026-10-03) 31341 bytes
2026-09-27 09:34:40,461 [INFO] [OK] Argentina/GFS_ENSEMBLE_Soy_PRCP/daily dia 07 (2026-10-04 → 2026-10-04) 31014 bytes
2026-09-27 09:34:40,692 [INFO] [OK] Argentina/GFS_ENSEMBLE_Soy_PRCP/daily dia 08 (2026-10-05 → 2026-10-05) 30098 bytes
2026-09-27 09:34:40,891 [INFO] [OK] Argentina/GFS_ENSEMBLE_Soy_PRCP/daily dia 09 (2026-10-06 → 2026-10-06) 29368 bytes
2026-09-27 09:34:41,008 [INFO] [OK] Argentina/GFS_ENSEMBLE_Soy_PRCP/daily dia 10 (2026-10-07 → 2026-10-07) 30098 bytes
2026-09-27 09:34:41,136 [INFO] [OK] Argentina/GFS_ENSEMBLE_Soy_PRCP/daily dia 11 (2026-10-08 → 2026-10-08) 30672 bytes
2026-09-27 09:34:41,290 [INFO] [OK] Argentina/GFS_ENSEMBLE_Soy_PRCP/daily dia 12 (2026-10-09 → 2026-10-09) 30633 bytes
2026-09-27 09:34:41,541 [INFO] [OK] Argentina/GFS_ENSEMBLE_Soy_PRCP/daily dia 13 (2026-10-10 → 2026-10-10) 31070 bytes
2026-09-27 09:34:41,729 [INFO] [OK] Argentina/GFS_ENSEMBLE_Soy_PRCP/daily dia 14 (2026-10-11 → 2026-10-11) 29775 bytes
2026-09-27 09:34:41,889 [INFO] [OK] Argentina/GFS_ENSEMBLE_Soy_PRCP/cumulative dia 00 (2026-09-27 → 2026-09-27) 29135 bytes
2026-09-27 09:34:42,090 [INFO] [OK] Argentina/GFS_ENSEMBLE_Soy_PRCP/cumulative dia 01 (2026-09-27 → 2026-09-28) 32623 bytes
2026-09-27 09:34:42,334 [INFO] [OK] Argentina/GFS_ENSEMBLE_Soy_PRCP/cumulative dia 02 (2026-09-27 → 2026-09-29) 35314 bytes
2026-09-27 09:34:42,498 [INFO] [OK] Argentina/GFS_ENSEMBLE_Soy_PRCP/cumulative dia 03 (2026-09-27 → 2026-09-30) 36330 bytes
2026-09-27 09:34:42,790 [INFO] [OK] Argentina/GFS_ENSEMBLE_Soy_PRCP/cumulative dia 04 (2026-09-27 → 2026-10-01) 37947 bytes
2026-09-27 09:34:43,199 [INFO] [OK] Argentina/GFS_ENSEMBLE_Soy_PRCP/cumulative dia 05 (2026-09-27 → 2026-10-02) 38786 bytes
2026-09-27 09:34:43,349 [INFO] [OK] Argentina/GFS_ENSEMBLE_Soy_PRCP/cumulative dia 06 (2026-09-27 → 2026-10-03) 39205 bytes
2026-09-27 09:34:43,732 [INFO] [OK] Argentina/GFS_ENSEMBLE_Soy_PRCP/cumulative dia 07 (2026-09-27 → 2026-10-04) 39248 bytes
2026-09-27 09:34:43,963 [INFO] [OK] Argentina/GFS_ENSEMBLE_Soy_PRCP/cumulative dia 08 (2026-09-27 → 2026-10-05) 39404 bytes
2026-09-27 09:34:44,264 [INFO] [OK] Argentina/GFS_ENSEMBLE_Soy_PRCP/cumulative dia 09 (2026-09-27 → 2026-10-06) 39481 bytes
2026-09-27 09:34:44,625 [INFO] [OK] Argentina/GFS_ENSEMBLE_Soy_PRCP/cumulative dia 10 (2026-09-27 → 2026-10-07) 39595 bytes
2026-09-27 09:34:45,086 [INFO] [OK] Argentina/GFS_ENSEMBLE_Soy_PRCP/cumulative dia 12 (2026-09-27 → 2026-10-09) 39190 bytes
2026-09-27 09:34:45,104 [INFO] [OK] Argentina/GFS_ENSEMBLE_Soy_PRCP/cumulative dia 11 (2026-09-27 → 2026-10-08) 39297 bytes
2026-09-27 09:34:45,331 [INFO] [OK] Argentina/GFS_ENSEMBLE_Corn_Winter_PRCP_DEP/daily dia 00 (2026-09-27 → 2026-09-27) 31812 bytes
2026-09-27 09:34:45,498 [INFO] [OK] Argentina/GFS_ENSEMBLE_Soy_PRCP/cumulative dia 13 (2026-09-27 → 2026-10-10) 39168 bytes
2026-09-27 09:34:45,643 [INFO] [OK] Argentina/GFS_ENSEMBLE_Corn_Winter_PRCP_DEP/daily dia 01 (2026-09-28 → 2026-09-28) 36912 bytes
2026-09-27 09:34:45,744 [INFO] [OK] Argentina/GFS_ENSEMBLE_Soy_PRCP/cumulative dia 14 (2026-09-27 → 2026-10-11) 39449 bytes
2026-09-27 09:34:46,182 [INFO] [OK] Argentina/GFS_ENSEMBLE_Corn_Winter_PRCP_DEP/daily dia 02 (2026-09-29 → 2026-09-29) 38086 bytes
2026-09-27 09:34:46,223 [INFO] [OK] Argentina/GFS_ENSEMBLE_Corn_Winter_PRCP_DEP/daily dia 03 (2026-09-30 → 2026-09-30) 39159 bytes
2026-09-27 09:34:46,471 [INFO] [OK] Argentina/GFS_ENSEMBLE_Corn_Winter_PRCP_DEP/daily dia 04 (2026-10-01 → 2026-10-01) 37329 bytes
2026-09-27 09:34:46,535 [INFO] [OK] Argentina/GFS_ENSEMBLE_Corn_Winter_PRCP_DEP/daily dia 05 (2026-10-02 → 2026-10-02) 37118 bytes
2026-09-27 09:34:46,669 [INFO] [OK] Argentina/GFS_ENSEMBLE_Corn_Winter_PRCP_DEP/daily dia 06 (2026-10-03 → 2026-10-03) 41343 bytes
2026-09-27 09:34:46,754 [INFO] [OK] Argentina/GFS_ENSEMBLE_Corn_Winter_PRCP_DEP/daily dia 07 (2026-10-04 → 2026-10-04) 38531 bytes
2026-09-27 09:34:47,248 [INFO] [OK] Argentina/GFS_ENSEMBLE_Corn_Winter_PRCP_DEP/daily dia 08 (2026-10-05 → 2026-10-05) 39321 bytes
2026-09-27 09:34:47,305 [INFO] [OK] Argentina/GFS_ENSEMBLE_Corn_Winter_PRCP_DEP/daily dia 09 (2026-10-06 → 2026-10-06) 39405 bytes
2026-09-27 09:34:47,554 [INFO] [OK] Argentina/GFS_ENSEMBLE_Corn_Winter_PRCP_DEP/daily dia 10 (2026-10-07 → 2026-10-07) 42478 bytes
2026-09-27 09:34:47,575 [INFO] [OK] Argentina/GFS_ENSEMBLE_Corn_Winter_PRCP_DEP/daily dia 11 (2026-10-08 → 2026-10-08) 41658 bytes
2026-09-27 09:34:47,681 [INFO] [OK] Argentina/GFS_ENSEMBLE_Corn_Winter_PRCP_DEP/daily dia 12 (2026-10-09 → 2026-10-09) 40304 bytes
2026-09-27 09:34:47,902 [INFO] [OK] Argentina/GFS_ENSEMBLE_Corn_Winter_PRCP_DEP/daily dia 13 (2026-10-10 → 2026-10-10) 40608 bytes
2026-09-27 09:34:48,272 [INFO] [OK] Argentina/GFS_ENSEMBLE_Corn_Winter_PRCP_DEP/daily dia 14 (2026-10-11 → 2026-10-11) 41717 bytes
2026-09-27 09:34:48,331 [INFO] [OK] Argentina/GFS_ENSEMBLE_Corn_Winter_PRCP_DEP/cumulative dia 00 (2026-09-27 → 2026-09-27) 31812 bytes
2026-09-27 09:34:48,656 [INFO] [OK] Argentina/GFS_ENSEMBLE_Corn_Winter_PRCP_DEP/cumulative dia 01 (2026-09-27 → 2026-09-28) 36874 bytes
2026-09-27 09:34:48,732 [INFO] [OK] Argentina/GFS_ENSEMBLE_Corn_Winter_PRCP_DEP/cumulative dia 02 (2026-09-27 → 2026-09-29) 38651 bytes
2026-09-27 09:34:48,879 [INFO] [OK] Argentina/GFS_ENSEMBLE_Corn_Winter_PRCP_DEP/cumulative dia 03 (2026-09-27 → 2026-09-30) 40366 bytes
2026-09-27 09:34:49,282 [INFO] [OK] Argentina/GFS_ENSEMBLE_Corn_Winter_PRCP_DEP/cumulative dia 04 (2026-09-27 → 2026-10-01) 42300 bytes
2026-09-27 09:34:49,626 [INFO] [OK] Argentina/GFS_ENSEMBLE_Corn_Winter_PRCP_DEP/cumulative dia 05 (2026-09-27 → 2026-10-02) 43815 bytes
2026-09-27 09:34:49,707 [INFO] [OK] Argentina/GFS_ENSEMBLE_Corn_Winter_PRCP_DEP/cumulative dia 06 (2026-09-27 → 2026-10-03) 42813 bytes
2026-09-27 09:34:50,112 [INFO] [OK] Argentina/GFS_ENSEMBLE_Corn_Winter_PRCP_DEP/cumulative dia 07 (2026-09-27 → 2026-10-04) 42971 bytes
2026-09-27 09:34:50,231 [INFO] [OK] Argentina/GFS_ENSEMBLE_Corn_Winter_PRCP_DEP/cumulative dia 08 (2026-09-27 → 2026-10-05) 42349 bytes
2026-09-27 09:34:50,370 [INFO] [OK] Argentina/GFS_ENSEMBLE_Corn_Winter_PRCP_DEP/cumulative dia 09 (2026-09-27 → 2026-10-06) 41913 bytes
2026-09-27 09:34:50,754 [INFO] [OK] Argentina/GFS_ENSEMBLE_Corn_Winter_PRCP_DEP/cumulative dia 10 (2026-09-27 → 2026-10-07) 41562 bytes
2026-09-27 09:34:51,204 [INFO] [OK] Argentina/GFS_ENSEMBLE_Corn_Winter_PRCP_DEP/cumulative dia 11 (2026-09-27 → 2026-10-08) 41093 bytes
2026-09-27 09:34:51,341 [INFO] [OK] Argentina/GFS_ENSEMBLE_Corn_Winter_PRCP_DEP/cumulative dia 12 (2026-09-27 → 2026-10-09) 40718 bytes
2026-09-27 09:34:51,368 [INFO] [OK] Argentina/GFS_ENSEMBLE_Corn_Winter_PRCP/daily dia 00 (2026-09-27 → 2026-09-27) 27062 bytes
2026-09-27 09:34:51,783 [INFO] [OK] Argentina/GFS_ENSEMBLE_Corn_Winter_PRCP_DEP/cumulative dia 13 (2026-09-27 → 2026-10-10) 40631 bytes
2026-09-27 09:34:51,787 [INFO] [OK] Argentina/GFS_ENSEMBLE_Corn_Winter_PRCP/daily dia 01 (2026-09-28 → 2026-09-28) 29356 bytes
2026-09-27 09:34:51,925 [INFO] [OK] Argentina/GFS_ENSEMBLE_Corn_Winter_PRCP_DEP/cumulative dia 14 (2026-09-27 → 2026-10-11) 40445 bytes
2026-09-27 09:34:52,224 [INFO] [OK] Argentina/GFS_ENSEMBLE_Corn_Winter_PRCP/daily dia 02 (2026-09-29 → 2026-09-29) 29861 bytes
2026-09-27 09:34:52,320 [INFO] [OK] Argentina/GFS_ENSEMBLE_Corn_Winter_PRCP/daily dia 03 (2026-09-30 → 2026-09-30) 28476 bytes
2026-09-27 09:34:52,353 [INFO] [OK] Argentina/GFS_ENSEMBLE_Corn_Winter_PRCP/daily dia 04 (2026-10-01 → 2026-10-01) 28153 bytes
2026-09-27 09:34:52,796 [INFO] [OK] Argentina/GFS_ENSEMBLE_Corn_Winter_PRCP/daily dia 05 (2026-10-02 → 2026-10-02) 28435 bytes
2026-09-27 09:34:52,889 [INFO] [OK] Argentina/GFS_ENSEMBLE_Corn_Winter_PRCP/daily dia 06 (2026-10-03 → 2026-10-03) 29357 bytes
2026-09-27 09:34:52,898 [INFO] [OK] Argentina/GFS_ENSEMBLE_Corn_Winter_PRCP/daily dia 07 (2026-10-04 → 2026-10-04) 29469 bytes
2026-09-27 09:34:53,248 [INFO] [OK] Argentina/GFS_ENSEMBLE_Corn_Winter_PRCP/daily dia 08 (2026-10-05 → 2026-10-05) 28553 bytes
2026-09-27 09:34:53,286 [INFO] [OK] Argentina/GFS_ENSEMBLE_Corn_Winter_PRCP/daily dia 09 (2026-10-06 → 2026-10-06) 27747 bytes
2026-09-27 09:34:53,355 [INFO] [OK] Argentina/GFS_ENSEMBLE_Corn_Winter_PRCP/daily dia 10 (2026-10-07 → 2026-10-07) 28506 bytes
2026-09-27 09:34:53,757 [INFO] [OK] Argentina/GFS_ENSEMBLE_Corn_Winter_PRCP/daily dia 11 (2026-10-08 → 2026-10-08) 28827 bytes
2026-09-27 09:34:53,876 [INFO] [OK] Argentina/GFS_ENSEMBLE_Corn_Winter_PRCP/daily dia 13 (2026-10-10 → 2026-10-10) 29262 bytes
2026-09-27 09:34:53,902 [INFO] [OK] Argentina/GFS_ENSEMBLE_Corn_Winter_PRCP/daily dia 12 (2026-10-09 → 2026-10-09) 28802 bytes
2026-09-27 09:34:54,230 [INFO] [OK] Argentina/GFS_ENSEMBLE_Corn_Winter_PRCP/daily dia 14 (2026-10-11 → 2026-10-11) 27930 bytes
2026-09-27 09:34:54,343 [INFO] [OK] Argentina/GFS_ENSEMBLE_Corn_Winter_PRCP/cumulative dia 00 (2026-09-27 → 2026-09-27) 27062 bytes
2026-09-27 09:34:54,365 [INFO] [OK] Argentina/GFS_ENSEMBLE_Corn_Winter_PRCP/cumulative dia 01 (2026-09-27 → 2026-09-28) 30603 bytes
2026-09-27 09:34:54,878 [INFO] [OK] Argentina/GFS_ENSEMBLE_Corn_Winter_PRCP/cumulative dia 02 (2026-09-27 → 2026-09-29) 33084 bytes
2026-09-27 09:34:55,063 [INFO] [OK] Argentina/GFS_ENSEMBLE_Corn_Winter_PRCP/cumulative dia 03 (2026-09-27 → 2026-09-30) 34178 bytes
2026-09-27 09:34:55,155 [INFO] [OK] Argentina/GFS_ENSEMBLE_Corn_Winter_PRCP/cumulative dia 04 (2026-09-27 → 2026-10-01) 35996 bytes
2026-09-27 09:34:55,520 [INFO] [OK] Argentina/GFS_ENSEMBLE_Corn_Winter_PRCP/cumulative dia 05 (2026-09-27 → 2026-10-02) 36737 bytes
2026-09-27 09:34:55,643 [INFO] [OK] Argentina/GFS_ENSEMBLE_Corn_Winter_PRCP/cumulative dia 06 (2026-09-27 → 2026-10-03) 37240 bytes
2026-09-27 09:34:55,676 [INFO] [OK] Argentina/GFS_ENSEMBLE_Corn_Winter_PRCP/cumulative dia 07 (2026-09-27 → 2026-10-04) 37285 bytes
2026-09-27 09:34:56,285 [INFO] [OK] Argentina/GFS_ENSEMBLE_Corn_Winter_PRCP/cumulative dia 08 (2026-09-27 → 2026-10-05) 37634 bytes
2026-09-27 09:34:56,500 [INFO] [OK] Argentina/GFS_ENSEMBLE_Corn_Winter_PRCP/cumulative dia 09 (2026-09-27 → 2026-10-06) 37683 bytes
2026-09-27 09:34:56,700 [INFO] [OK] Argentina/GFS_ENSEMBLE_Corn_Winter_PRCP/cumulative dia 10 (2026-09-27 → 2026-10-07) 37518 bytes
2026-09-27 09:34:57,068 [INFO] [OK] Argentina/GFS_ENSEMBLE_Corn_Winter_PRCP/cumulative dia 11 (2026-09-27 → 2026-10-08) 37395 bytes
2026-09-27 09:34:57,363 [INFO] [OK] Argentina/GFS_ENSEMBLE_Corn_Winter_PRCP/cumulative dia 13 (2026-09-27 → 2026-10-10) 37111 bytes
2026-09-27 09:34:57,371 [INFO] [OK] Argentina/GFS_ENSEMBLE_Corn_Winter_PRCP/cumulative dia 12 (2026-09-27 → 2026-10-09) 37470 bytes
2026-09-27 09:34:57,527 [INFO] [OK] Argentina/ECM_ENSEMBLE_Soy_PRCP_DEP/daily dia 00 (2026-09-27 → 2026-09-27) 37096 bytes
2026-09-27 09:34:57,778 [INFO] [OK] Argentina/ECM_ENSEMBLE_Soy_PRCP_DEP/daily dia 01 (2026-09-28 → 2026-09-28) 38011 bytes
2026-09-27 09:34:57,933 [INFO] [OK] Argentina/GFS_ENSEMBLE_Corn_Winter_PRCP/cumulative dia 14 (2026-09-27 → 2026-10-11) 37600 bytes
2026-09-27 09:34:58,181 [INFO] [OK] Argentina/ECM_ENSEMBLE_Soy_PRCP_DEP/daily dia 02 (2026-09-29 → 2026-09-29) 40835 bytes
2026-09-27 09:34:58,411 [INFO] [OK] Argentina/ECM_ENSEMBLE_Soy_PRCP_DEP/daily dia 04 (2026-10-01 → 2026-10-01) 39041 bytes
2026-09-27 09:34:58,445 [INFO] [OK] Argentina/ECM_ENSEMBLE_Soy_PRCP_DEP/daily dia 03 (2026-09-30 → 2026-09-30) 40521 bytes
2026-09-27 09:34:58,529 [INFO] [OK] Argentina/ECM_ENSEMBLE_Soy_PRCP_DEP/daily dia 05 (2026-10-02 → 2026-10-02) 39446 bytes
2026-09-27 09:34:58,804 [INFO] [OK] Argentina/ECM_ENSEMBLE_Soy_PRCP_DEP/daily dia 06 (2026-10-03 → 2026-10-03) 41576 bytes
2026-09-27 09:34:58,972 [INFO] [OK] Argentina/ECM_ENSEMBLE_Soy_PRCP_DEP/daily dia 07 (2026-10-04 → 2026-10-04) 39749 bytes
2026-09-27 09:34:59,221 [INFO] [OK] Argentina/ECM_ENSEMBLE_Soy_PRCP_DEP/daily dia 08 (2026-10-05 → 2026-10-05) 40487 bytes
2026-09-27 09:34:59,454 [INFO] [OK] Argentina/ECM_ENSEMBLE_Soy_PRCP_DEP/daily dia 09 (2026-10-06 → 2026-10-06) 42148 bytes
2026-09-27 09:34:59,511 [INFO] [OK] Argentina/ECM_ENSEMBLE_Soy_PRCP_DEP/daily dia 10 (2026-10-07 → 2026-10-07) 42787 bytes
2026-09-27 09:34:59,637 [INFO] [OK] Argentina/ECM_ENSEMBLE_Soy_PRCP_DEP/daily dia 11 (2026-10-08 → 2026-10-08) 42703 bytes
2026-09-27 09:34:59,999 [INFO] [OK] Argentina/ECM_ENSEMBLE_Soy_PRCP_DEP/daily dia 13 (2026-10-10 → 2026-10-10) 42229 bytes
2026-09-27 09:35:00,036 [INFO] [OK] Argentina/ECM_ENSEMBLE_Soy_PRCP_DEP/daily dia 12 (2026-10-09 → 2026-10-09) 41933 bytes
2026-09-27 09:35:00,311 [INFO] [OK] Argentina/ECM_ENSEMBLE_Soy_PRCP_DEP/daily dia 14 (2026-10-11 → 2026-10-11) 44577 bytes
2026-09-27 09:35:00,512 [INFO] [OK] Argentina/ECM_ENSEMBLE_Soy_PRCP_DEP/cumulative dia 00 (2026-09-27 → 2026-09-27) 37096 bytes
2026-09-27 09:35:00,568 [INFO] [OK] Argentina/ECM_ENSEMBLE_Soy_PRCP_DEP/cumulative dia 01 (2026-09-27 → 2026-09-28) 37114 bytes
2026-09-27 09:35:00,775 [INFO] [OK] Argentina/ECM_ENSEMBLE_Soy_PRCP_DEP/cumulative dia 02 (2026-09-27 → 2026-09-29) 39258 bytes
2026-09-27 09:35:01,180 [INFO] [OK] Argentina/ECM_ENSEMBLE_Soy_PRCP_DEP/cumulative dia 03 (2026-09-27 → 2026-09-30) 40095 bytes
2026-09-27 09:35:01,463 [INFO] [OK] Argentina/ECM_ENSEMBLE_Soy_PRCP_DEP/cumulative dia 04 (2026-09-27 → 2026-10-01) 42463 bytes
2026-09-27 09:35:01,715 [INFO] [OK] Argentina/ECM_ENSEMBLE_Soy_PRCP_DEP/cumulative dia 05 (2026-09-27 → 2026-10-02) 43388 bytes
2026-09-27 09:35:02,853 [INFO] [OK] Argentina/ECM_ENSEMBLE_Soy_PRCP_DEP/cumulative dia 07 (2026-09-27 → 2026-10-04) 41028 bytes
2026-09-27 09:35:02,874 [INFO] [OK] Argentina/ECM_ENSEMBLE_Soy_PRCP_DEP/cumulative dia 06 (2026-09-27 → 2026-10-03) 42478 bytes
2026-09-27 09:35:02,916 [INFO] [OK] Argentina/ECM_ENSEMBLE_Soy_PRCP_DEP/cumulative dia 08 (2026-09-27 → 2026-10-05) 40760 bytes
2026-09-27 09:35:02,920 [INFO] [OK] Argentina/ECM_ENSEMBLE_Soy_PRCP_DEP/cumulative dia 09 (2026-09-27 → 2026-10-06) 40925 bytes
2026-09-27 09:35:02,941 [INFO] [OK] Argentina/ECM_ENSEMBLE_Soy_PRCP_DEP/cumulative dia 10 (2026-09-27 → 2026-10-07) 40940 bytes
2026-09-27 09:35:03,245 [INFO] [OK] Argentina/ECM_ENSEMBLE_Soy_PRCP_DEP/cumulative dia 11 (2026-09-27 → 2026-10-08) 41066 bytes
2026-09-27 09:35:04,039 [INFO] [OK] Argentina/ECM_ENSEMBLE_Soy_PRCP/daily dia 00 (2026-09-27 → 2026-09-27) 30051 bytes
2026-09-27 09:35:04,121 [INFO] [OK] Argentina/ECM_ENSEMBLE_Soy_PRCP/daily dia 01 (2026-09-28 → 2026-09-28) 31493 bytes
2026-09-27 09:35:04,387 [INFO] [OK] Argentina/ECM_ENSEMBLE_Soy_PRCP/daily dia 02 (2026-09-29 → 2026-09-29) 33541 bytes
2026-09-27 09:35:04,471 [INFO] [OK] Argentina/ECM_ENSEMBLE_Soy_PRCP_DEP/cumulative dia 12 (2026-09-27 → 2026-10-09) 41016 bytes
2026-09-27 09:35:04,668 [INFO] [OK] Argentina/ECM_ENSEMBLE_Soy_PRCP_DEP/cumulative dia 14 (2026-09-27 → 2026-10-11) 41144 bytes
2026-09-27 09:35:04,720 [INFO] [OK] Argentina/ECM_ENSEMBLE_Soy_PRCP_DEP/cumulative dia 13 (2026-09-27 → 2026-10-10) 41174 bytes
2026-09-27 09:35:05,049 [INFO] [OK] Argentina/ECM_ENSEMBLE_Soy_PRCP/daily dia 03 (2026-09-30 → 2026-09-30) 32000 bytes
2026-09-27 09:35:05,119 [INFO] [OK] Argentina/ECM_ENSEMBLE_Soy_PRCP/daily dia 04 (2026-10-01 → 2026-10-01) 30124 bytes
2026-09-27 09:35:05,396 [INFO] [OK] Argentina/ECM_ENSEMBLE_Soy_PRCP/daily dia 05 (2026-10-02 → 2026-10-02) 30611 bytes
2026-09-27 09:35:05,546 [INFO] [OK] Argentina/ECM_ENSEMBLE_Soy_PRCP/daily dia 06 (2026-10-03 → 2026-10-03) 33281 bytes
2026-09-27 09:35:05,695 [INFO] [OK] Argentina/ECM_ENSEMBLE_Soy_PRCP/daily dia 07 (2026-10-04 → 2026-10-04) 32999 bytes
2026-09-27 09:35:05,771 [INFO] [OK] Argentina/ECM_ENSEMBLE_Soy_PRCP/daily dia 08 (2026-10-05 → 2026-10-05) 31242 bytes
2026-09-27 09:35:06,078 [INFO] [OK] Argentina/ECM_ENSEMBLE_Soy_PRCP/daily dia 09 (2026-10-06 → 2026-10-06) 30053 bytes
2026-09-27 09:35:06,169 [INFO] [OK] Argentina/ECM_ENSEMBLE_Soy_PRCP/daily dia 10 (2026-10-07 → 2026-10-07) 30105 bytes
2026-09-27 09:35:06,423 [INFO] [OK] Argentina/ECM_ENSEMBLE_Soy_PRCP/daily dia 11 (2026-10-08 → 2026-10-08) 29714 bytes
2026-09-27 09:35:06,564 [INFO] [OK] Argentina/ECM_ENSEMBLE_Soy_PRCP/daily dia 12 (2026-10-09 → 2026-10-09) 30768 bytes
2026-09-27 09:35:06,760 [INFO] [OK] Argentina/ECM_ENSEMBLE_Soy_PRCP/daily dia 13 (2026-10-10 → 2026-10-10) 30457 bytes
2026-09-27 09:35:06,782 [INFO] [OK] Argentina/ECM_ENSEMBLE_Soy_PRCP/daily dia 14 (2026-10-11 → 2026-10-11) 29763 bytes
2026-09-27 09:35:07,059 [INFO] [OK] Argentina/ECM_ENSEMBLE_Soy_PRCP/cumulative dia 00 (2026-09-27 → 2026-09-27) 30051 bytes
2026-09-27 09:35:07,223 [INFO] [OK] Argentina/ECM_ENSEMBLE_Soy_PRCP/cumulative dia 01 (2026-09-27 → 2026-09-28) 32689 bytes
2026-09-27 09:35:07,547 [INFO] [OK] Argentina/ECM_ENSEMBLE_Soy_PRCP/cumulative dia 02 (2026-09-27 → 2026-09-29) 36585 bytes
2026-09-27 09:35:07,751 [INFO] [OK] Argentina/ECM_ENSEMBLE_Soy_PRCP/cumulative dia 03 (2026-09-27 → 2026-09-30) 37820 bytes
2026-09-27 09:35:07,992 [INFO] [OK] Argentina/ECM_ENSEMBLE_Soy_PRCP/cumulative dia 04 (2026-09-27 → 2026-10-01) 38952 bytes
2026-09-27 09:35:08,047 [INFO] [OK] Argentina/ECM_ENSEMBLE_Soy_PRCP/cumulative dia 05 (2026-09-27 → 2026-10-02) 39879 bytes
2026-09-27 09:35:08,356 [INFO] [OK] Argentina/ECM_ENSEMBLE_Soy_PRCP/cumulative dia 06 (2026-09-27 → 2026-10-03) 40119 bytes
2026-09-27 09:35:08,561 [INFO] [OK] Argentina/ECM_ENSEMBLE_Soy_PRCP/cumulative dia 07 (2026-09-27 → 2026-10-04) 40391 bytes
2026-09-27 09:35:09,318 [INFO] [OK] Argentina/ECM_ENSEMBLE_Soy_PRCP/cumulative dia 08 (2026-09-27 → 2026-10-05) 40337 bytes
2026-09-27 09:35:09,318 [INFO] [OK] Argentina/ECM_ENSEMBLE_Soy_PRCP/cumulative dia 09 (2026-09-27 → 2026-10-06) 40696 bytes
2026-09-27 09:35:09,436 [INFO] [OK] Argentina/ECM_ENSEMBLE_Soy_PRCP/cumulative dia 10 (2026-09-27 → 2026-10-07) 40503 bytes
2026-09-27 09:35:09,621 [INFO] [OK] Argentina/ECM_ENSEMBLE_Soy_PRCP/cumulative dia 11 (2026-09-27 → 2026-10-08) 40391 bytes
2026-09-27 09:35:09,939 [INFO] [OK] Argentina/ECM_ENSEMBLE_Soy_PRCP/cumulative dia 12 (2026-09-27 → 2026-10-09) 40241 bytes
2026-09-27 09:35:10,181 [INFO] [OK] Argentina/ECM_ENSEMBLE_Soy_PRCP/cumulative dia 13 (2026-09-27 → 2026-10-10) 40270 bytes
2026-09-27 09:35:10,386 [INFO] [OK] Argentina/ECM_ENSEMBLE_Corn_Winter_PRCP_DEP/daily dia 00 (2026-09-27 → 2026-09-27) 35516 bytes
2026-09-27 09:35:10,447 [INFO] [OK] Argentina/ECM_ENSEMBLE_Corn_Winter_PRCP_DEP/daily dia 01 (2026-09-28 → 2026-09-28) 36555 bytes
2026-09-27 09:35:10,645 [INFO] [OK] Argentina/ECM_ENSEMBLE_Corn_Winter_PRCP_DEP/daily dia 02 (2026-09-29 → 2026-09-29) 39206 bytes
2026-09-27 09:35:10,932 [INFO] [OK] Argentina/ECM_ENSEMBLE_Soy_PRCP/cumulative dia 14 (2026-09-27 → 2026-10-11) 40136 bytes
2026-09-27 09:35:10,995 [INFO] [OK] Argentina/ECM_ENSEMBLE_Corn_Winter_PRCP_DEP/daily dia 03 (2026-09-30 → 2026-09-30) 38771 bytes
2026-09-27 09:35:11,181 [INFO] [OK] Argentina/ECM_ENSEMBLE_Corn_Winter_PRCP_DEP/daily dia 04 (2026-10-01 → 2026-10-01) 37607 bytes
2026-09-27 09:35:11,374 [INFO] [OK] Argentina/ECM_ENSEMBLE_Corn_Winter_PRCP_DEP/daily dia 05 (2026-10-02 → 2026-10-02) 37903 bytes
2026-09-27 09:35:11,458 [INFO] [OK] Argentina/ECM_ENSEMBLE_Corn_Winter_PRCP_DEP/daily dia 06 (2026-10-03 → 2026-10-03) 40036 bytes
2026-09-27 09:35:11,649 [INFO] [OK] Argentina/ECM_ENSEMBLE_Corn_Winter_PRCP_DEP/daily dia 07 (2026-10-04 → 2026-10-04) 38097 bytes
2026-09-27 09:35:11,994 [INFO] [OK] Argentina/ECM_ENSEMBLE_Corn_Winter_PRCP_DEP/daily dia 09 (2026-10-06 → 2026-10-06) 40643 bytes
2026-09-27 09:35:12,090 [INFO] [OK] Argentina/ECM_ENSEMBLE_Corn_Winter_PRCP_DEP/daily dia 08 (2026-10-05 → 2026-10-05) 39013 bytes
2026-09-27 09:35:12,212 [INFO] [OK] Argentina/ECM_ENSEMBLE_Corn_Winter_PRCP_DEP/daily dia 10 (2026-10-07 → 2026-10-07) 41114 bytes
2026-09-27 09:35:12,433 [INFO] [OK] Argentina/ECM_ENSEMBLE_Corn_Winter_PRCP_DEP/daily dia 11 (2026-10-08 → 2026-10-08) 41243 bytes
2026-09-27 09:35:12,441 [INFO] [OK] Argentina/ECM_ENSEMBLE_Corn_Winter_PRCP_DEP/daily dia 12 (2026-10-09 → 2026-10-09) 40310 bytes
2026-09-27 09:35:12,709 [INFO] [OK] Argentina/ECM_ENSEMBLE_Corn_Winter_PRCP_DEP/daily dia 13 (2026-10-10 → 2026-10-10) 40578 bytes
2026-09-27 09:35:13,107 [INFO] [OK] Argentina/ECM_ENSEMBLE_Corn_Winter_PRCP_DEP/daily dia 14 (2026-10-11 → 2026-10-11) 43232 bytes
2026-09-27 09:35:13,109 [INFO] [OK] Argentina/ECM_ENSEMBLE_Corn_Winter_PRCP_DEP/cumulative dia 00 (2026-09-27 → 2026-09-27) 35516 bytes
2026-09-27 09:35:13,274 [INFO] [OK] Argentina/ECM_ENSEMBLE_Corn_Winter_PRCP_DEP/cumulative dia 01 (2026-09-27 → 2026-09-28) 35695 bytes
2026-09-27 09:35:13,568 [INFO] [OK] Argentina/ECM_ENSEMBLE_Corn_Winter_PRCP_DEP/cumulative dia 02 (2026-09-27 → 2026-09-29) 37807 bytes
2026-09-27 09:35:13,637 [INFO] [OK] Argentina/ECM_ENSEMBLE_Corn_Winter_PRCP_DEP/cumulative dia 03 (2026-09-27 → 2026-09-30) 38575 bytes
2026-09-27 09:35:13,955 [INFO] [OK] Argentina/ECM_ENSEMBLE_Corn_Winter_PRCP_DEP/cumulative dia 04 (2026-09-27 → 2026-10-01) 40967 bytes
2026-09-27 09:35:14,407 [INFO] [OK] Argentina/ECM_ENSEMBLE_Corn_Winter_PRCP_DEP/cumulative dia 05 (2026-09-27 → 2026-10-02) 42027 bytes
2026-09-27 09:35:14,607 [INFO] [OK] Argentina/ECM_ENSEMBLE_Corn_Winter_PRCP_DEP/cumulative dia 06 (2026-09-27 → 2026-10-03) 41078 bytes
2026-09-27 09:35:14,646 [INFO] [OK] Argentina/ECM_ENSEMBLE_Corn_Winter_PRCP_DEP/cumulative dia 07 (2026-09-27 → 2026-10-04) 39606 bytes
2026-09-27 09:35:15,022 [INFO] [OK] Argentina/ECM_ENSEMBLE_Corn_Winter_PRCP_DEP/cumulative dia 08 (2026-09-27 → 2026-10-05) 39255 bytes
2026-09-27 09:35:15,161 [INFO] [OK] Argentina/ECM_ENSEMBLE_Corn_Winter_PRCP_DEP/cumulative dia 09 (2026-09-27 → 2026-10-06) 39398 bytes
2026-09-27 09:35:15,463 [INFO] [OK] Argentina/ECM_ENSEMBLE_Corn_Winter_PRCP_DEP/cumulative dia 10 (2026-09-27 → 2026-10-07) 39171 bytes
2026-09-27 09:35:15,920 [INFO] [OK] Argentina/ECM_ENSEMBLE_Corn_Winter_PRCP_DEP/cumulative dia 11 (2026-09-27 → 2026-10-08) 39329 bytes
2026-09-27 09:35:16,193 [INFO] [OK] Argentina/ECM_ENSEMBLE_Corn_Winter_PRCP_DEP/cumulative dia 12 (2026-09-27 → 2026-10-09) 39269 bytes
2026-09-27 09:35:16,209 [INFO] [OK] Argentina/ECM_ENSEMBLE_Corn_Winter_PRCP_DEP/cumulative dia 13 (2026-09-27 → 2026-10-10) 39701 bytes
2026-09-27 09:35:16,230 [INFO] [OK] Argentina/ECM_ENSEMBLE_Corn_Winter_PRCP/daily dia 00 (2026-09-27 → 2026-09-27) 27770 bytes
2026-09-27 09:35:16,480 [INFO] [OK] Argentina/ECM_ENSEMBLE_Corn_Winter_PRCP/daily dia 01 (2026-09-28 → 2026-09-28) 29377 bytes
2026-09-27 09:35:16,617 [INFO] [OK] Argentina/ECM_ENSEMBLE_Corn_Winter_PRCP_DEP/cumulative dia 14 (2026-09-27 → 2026-10-11) 39611 bytes
2026-09-27 09:35:16,899 [INFO] [OK] Argentina/ECM_ENSEMBLE_Corn_Winter_PRCP/daily dia 02 (2026-09-29 → 2026-09-29) 31409 bytes
2026-09-27 09:35:17,231 [INFO] [OK] Argentina/ECM_ENSEMBLE_Corn_Winter_PRCP/daily dia 03 (2026-09-30 → 2026-09-30) 29947 bytes
2026-09-27 09:35:17,336 [INFO] [OK] Argentina/ECM_ENSEMBLE_Corn_Winter_PRCP/daily dia 04 (2026-10-01 → 2026-10-01) 28422 bytes
2026-09-27 09:35:17,340 [INFO] [OK] Argentina/ECM_ENSEMBLE_Corn_Winter_PRCP/daily dia 05 (2026-10-02 → 2026-10-02) 28895 bytes
2026-09-27 09:35:17,457 [INFO] [OK] Argentina/ECM_ENSEMBLE_Corn_Winter_PRCP/daily dia 06 (2026-10-03 → 2026-10-03) 31502 bytes
2026-09-27 09:35:17,682 [INFO] [OK] Argentina/ECM_ENSEMBLE_Corn_Winter_PRCP/daily dia 07 (2026-10-04 → 2026-10-04) 31527 bytes
2026-09-27 09:35:17,901 [INFO] [OK] Argentina/ECM_ENSEMBLE_Corn_Winter_PRCP/daily dia 08 (2026-10-05 → 2026-10-05) 29527 bytes
2026-09-27 09:35:18,215 [INFO] [OK] Argentina/ECM_ENSEMBLE_Corn_Winter_PRCP/daily dia 09 (2026-10-06 → 2026-10-06) 28172 bytes
2026-09-27 09:35:18,302 [INFO] [OK] Argentina/ECM_ENSEMBLE_Corn_Winter_PRCP/daily dia 11 (2026-10-08 → 2026-10-08) 27960 bytes
2026-09-27 09:35:18,358 [INFO] [OK] Argentina/ECM_ENSEMBLE_Corn_Winter_PRCP/daily dia 10 (2026-10-07 → 2026-10-07) 28257 bytes
2026-09-27 09:35:18,492 [INFO] [OK] Argentina/ECM_ENSEMBLE_Corn_Winter_PRCP/daily dia 12 (2026-10-09 → 2026-10-09) 28739 bytes
2026-09-27 09:35:18,662 [INFO] [OK] Argentina/ECM_ENSEMBLE_Corn_Winter_PRCP/daily dia 13 (2026-10-10 → 2026-10-10) 28573 bytes
2026-09-27 09:35:18,901 [INFO] [OK] Argentina/ECM_ENSEMBLE_Corn_Winter_PRCP/daily dia 14 (2026-10-11 → 2026-10-11) 27824 bytes
2026-09-27 09:35:19,232 [INFO] [OK] Argentina/ECM_ENSEMBLE_Corn_Winter_PRCP/cumulative dia 00 (2026-09-27 → 2026-09-27) 27770 bytes
2026-09-27 09:35:19,438 [INFO] [OK] Argentina/ECM_ENSEMBLE_Corn_Winter_PRCP/cumulative dia 01 (2026-09-27 → 2026-09-28) 30649 bytes
2026-09-27 09:35:19,574 [INFO] [OK] Argentina/ECM_ENSEMBLE_Corn_Winter_PRCP/cumulative dia 02 (2026-09-27 → 2026-09-29) 34426 bytes
2026-09-27 09:35:19,720 [INFO] [OK] Argentina/ECM_ENSEMBLE_Corn_Winter_PRCP/cumulative dia 03 (2026-09-27 → 2026-09-30) 35854 bytes
2026-09-27 09:35:19,927 [INFO] [OK] Argentina/ECM_ENSEMBLE_Corn_Winter_PRCP/cumulative dia 04 (2026-09-27 → 2026-10-01) 36907 bytes
2026-09-27 09:35:20,114 [INFO] [OK] Argentina/ECM_ENSEMBLE_Corn_Winter_PRCP/cumulative dia 05 (2026-09-27 → 2026-10-02) 37893 bytes
2026-09-27 09:35:20,528 [INFO] [OK] Argentina/ECM_ENSEMBLE_Corn_Winter_PRCP/cumulative dia 06 (2026-09-27 → 2026-10-03) 38203 bytes
2026-09-27 09:35:20,776 [INFO] [OK] Argentina/ECM_ENSEMBLE_Corn_Winter_PRCP/cumulative dia 07 (2026-09-27 → 2026-10-04) 38509 bytes
2026-09-27 09:35:20,994 [INFO] [OK] Argentina/ECM_ENSEMBLE_Corn_Winter_PRCP/cumulative dia 08 (2026-09-27 → 2026-10-05) 38551 bytes
2026-09-27 09:35:21,175 [INFO] [OK] Argentina/ECM_ENSEMBLE_Corn_Winter_PRCP/cumulative dia 09 (2026-09-27 → 2026-10-06) 38580 bytes
2026-09-27 09:35:21,460 [INFO] [OK] Argentina/ECM_ENSEMBLE_Corn_Winter_PRCP/cumulative dia 10 (2026-09-27 → 2026-10-07) 38429 bytes
2026-09-27 09:35:21,626 [INFO] [OK] Argentina/ECM_ENSEMBLE_Corn_Winter_PRCP/cumulative dia 11 (2026-09-27 → 2026-10-08) 38382 bytes
2026-09-27 09:35:22,085 [INFO] [OK] Argentina/ECM_ENSEMBLE_Corn_Winter_PRCP/cumulative dia 12 (2026-09-27 → 2026-10-09) 38377 bytes
2026-09-27 09:35:22,455 [INFO] [OK] Argentina/ECM_ENSEMBLE_Corn_Winter_PRCP/cumulative dia 13 (2026-09-27 → 2026-10-10) 38336 bytes
2026-09-27 09:35:22,707 [INFO] [OK] Argentina/ECM_ENSEMBLE_Corn_Winter_PRCP/cumulative dia 14 (2026-09-27 → 2026-10-11) 38390 bytes
2026-09-27 09:35:22,950 [INFO] [OK] USA/GFS_ENSEMBLE_Corn_PRCP_DEP/daily dia 00 (2026-09-27 → 2026-09-27) 47171 bytes
2026-09-27 09:35:23,289 [INFO] [OK] USA/GFS_ENSEMBLE_Corn_PRCP_DEP/daily dia 02 (2026-09-29 → 2026-09-29) 47519 bytes
2026-09-27 09:35:23,375 [INFO] [OK] USA/GFS_ENSEMBLE_Corn_PRCP_DEP/daily dia 01 (2026-09-28 → 2026-09-28) 46566 bytes
2026-09-27 09:35:23,902 [INFO] [OK] USA/GFS_ENSEMBLE_Corn_PRCP_DEP/daily dia 03 (2026-09-30 → 2026-09-30) 48107 bytes
2026-09-27 09:35:24,151 [INFO] [OK] USA/GFS_ENSEMBLE_Corn_PRCP_DEP/daily dia 04 (2026-10-01 → 2026-10-01) 49636 bytes
2026-09-27 09:35:24,449 [INFO] [OK] USA/GFS_ENSEMBLE_Corn_PRCP_DEP/daily dia 05 (2026-10-02 → 2026-10-02) 52029 bytes
2026-09-27 09:35:24,659 [INFO] [OK] USA/GFS_ENSEMBLE_Corn_PRCP_DEP/daily dia 06 (2026-10-03 → 2026-10-03) 54427 bytes
2026-09-27 09:35:25,067 [INFO] [OK] USA/GFS_ENSEMBLE_Corn_PRCP_DEP/daily dia 08 (2026-10-05 → 2026-10-05) 53085 bytes
2026-09-27 09:35:25,242 [INFO] [OK] USA/GFS_ENSEMBLE_Corn_PRCP_DEP/daily dia 07 (2026-10-04 → 2026-10-04) 53257 bytes
2026-09-27 09:35:25,551 [INFO] [OK] USA/GFS_ENSEMBLE_Corn_PRCP_DEP/daily dia 09 (2026-10-06 → 2026-10-06) 54887 bytes
2026-09-27 09:35:25,937 [INFO] [OK] USA/GFS_ENSEMBLE_Corn_PRCP_DEP/daily dia 10 (2026-10-07 → 2026-10-07) 54583 bytes
2026-09-27 09:35:26,104 [INFO] [OK] USA/GFS_ENSEMBLE_Corn_PRCP_DEP/daily dia 11 (2026-10-08 → 2026-10-08) 51142 bytes
2026-09-27 09:35:26,376 [INFO] [OK] USA/GFS_ENSEMBLE_Corn_PRCP_DEP/daily dia 12 (2026-10-09 → 2026-10-09) 50875 bytes
2026-09-27 09:35:26,646 [INFO] [OK] USA/GFS_ENSEMBLE_Corn_PRCP_DEP/daily dia 13 (2026-10-10 → 2026-10-10) 49098 bytes
2026-09-27 09:35:26,910 [INFO] [OK] USA/GFS_ENSEMBLE_Corn_PRCP_DEP/daily dia 14 (2026-10-11 → 2026-10-11) 51042 bytes
2026-09-27 09:35:27,188 [INFO] [OK] USA/GFS_ENSEMBLE_Corn_PRCP_DEP/cumulative dia 00 (2026-09-27 → 2026-09-27) 47171 bytes
2026-09-27 09:35:27,719 [INFO] [OK] USA/GFS_ENSEMBLE_Corn_PRCP_DEP/cumulative dia 01 (2026-09-27 → 2026-09-28) 50407 bytes
2026-09-27 09:35:27,983 [INFO] [OK] USA/GFS_ENSEMBLE_Corn_PRCP_DEP/cumulative dia 02 (2026-09-27 → 2026-09-29) 51922 bytes
2026-09-27 09:35:28,342 [INFO] [OK] USA/GFS_ENSEMBLE_Corn_PRCP_DEP/cumulative dia 03 (2026-09-27 → 2026-09-30) 53938 bytes
2026-09-27 09:35:28,690 [INFO] [OK] USA/GFS_ENSEMBLE_Corn_PRCP_DEP/cumulative dia 04 (2026-09-27 → 2026-10-01) 55997 bytes
2026-09-27 09:35:29,086 [INFO] [OK] USA/GFS_ENSEMBLE_Corn_PRCP_DEP/cumulative dia 05 (2026-09-27 → 2026-10-02) 57174 bytes
2026-09-27 09:35:29,479 [INFO] [OK] USA/GFS_ENSEMBLE_Corn_PRCP_DEP/cumulative dia 06 (2026-09-27 → 2026-10-03) 57400 bytes
2026-09-27 09:35:30,118 [INFO] [OK] USA/GFS_ENSEMBLE_Corn_PRCP_DEP/cumulative dia 07 (2026-09-27 → 2026-10-04) 57500 bytes
2026-09-27 09:35:30,529 [INFO] [OK] USA/GFS_ENSEMBLE_Corn_PRCP_DEP/cumulative dia 08 (2026-09-27 → 2026-10-05) 57634 bytes
2026-09-27 09:35:30,902 [INFO] [OK] USA/GFS_ENSEMBLE_Corn_PRCP_DEP/cumulative dia 09 (2026-09-27 → 2026-10-06) 57423 bytes
2026-09-27 09:35:31,367 [INFO] [OK] USA/GFS_ENSEMBLE_Corn_PRCP_DEP/cumulative dia 10 (2026-09-27 → 2026-10-07) 57731 bytes
2026-09-27 09:35:31,887 [INFO] [OK] USA/GFS_ENSEMBLE_Corn_PRCP_DEP/cumulative dia 11 (2026-09-27 → 2026-10-08) 58025 bytes
2026-09-27 09:35:32,406 [INFO] [OK] USA/GFS_ENSEMBLE_Corn_PRCP_DEP/cumulative dia 12 (2026-09-27 → 2026-10-09) 57787 bytes
2026-09-27 09:35:32,518 [INFO] [OK] USA/GFS_ENSEMBLE_Corn_PRCP/daily dia 00 (2026-09-27 → 2026-09-27) 35302 bytes
2026-09-27 09:35:32,984 [INFO] [OK] USA/GFS_ENSEMBLE_Corn_PRCP/daily dia 01 (2026-09-28 → 2026-09-28) 38231 bytes
2026-09-27 09:35:33,000 [INFO] [OK] USA/GFS_ENSEMBLE_Corn_PRCP_DEP/cumulative dia 13 (2026-09-27 → 2026-10-10) 57929 bytes
2026-09-27 09:35:33,541 [INFO] [OK] USA/GFS_ENSEMBLE_Corn_PRCP/daily dia 02 (2026-09-29 → 2026-09-29) 39310 bytes
2026-09-27 09:35:33,624 [INFO] [OK] USA/GFS_ENSEMBLE_Corn_PRCP_DEP/cumulative dia 14 (2026-09-27 → 2026-10-11) 57988 bytes
2026-09-27 09:35:33,988 [INFO] [OK] USA/GFS_ENSEMBLE_Corn_PRCP/daily dia 03 (2026-09-30 → 2026-09-30) 39562 bytes
2026-09-27 09:35:34,118 [INFO] [OK] USA/GFS_ENSEMBLE_Corn_PRCP/daily dia 04 (2026-10-01 → 2026-10-01) 38689 bytes
2026-09-27 09:35:34,561 [INFO] [OK] USA/GFS_ENSEMBLE_Corn_PRCP/daily dia 05 (2026-10-02 → 2026-10-02) 37165 bytes
2026-09-27 09:35:34,593 [INFO] [OK] USA/GFS_ENSEMBLE_Corn_PRCP/daily dia 06 (2026-10-03 → 2026-10-03) 36333 bytes
2026-09-27 09:35:35,120 [INFO] [OK] USA/GFS_ENSEMBLE_Corn_PRCP/daily dia 07 (2026-10-04 → 2026-10-04) 37159 bytes
2026-09-27 09:35:35,264 [INFO] [OK] USA/GFS_ENSEMBLE_Corn_PRCP/daily dia 08 (2026-10-05 → 2026-10-05) 36431 bytes
2026-09-27 09:35:35,542 [INFO] [OK] USA/GFS_ENSEMBLE_Corn_PRCP/daily dia 09 (2026-10-06 → 2026-10-06) 35289 bytes
2026-09-27 09:35:35,760 [INFO] [OK] USA/GFS_ENSEMBLE_Corn_PRCP/daily dia 10 (2026-10-07 → 2026-10-07) 34252 bytes
2026-09-27 09:35:36,128 [INFO] [OK] USA/GFS_ENSEMBLE_Corn_PRCP/daily dia 11 (2026-10-08 → 2026-10-08) 34607 bytes
2026-09-27 09:35:36,136 [INFO] [OK] USA/GFS_ENSEMBLE_Corn_PRCP/daily dia 12 (2026-10-09 → 2026-10-09) 34876 bytes
2026-09-27 09:35:36,697 [INFO] [OK] USA/GFS_ENSEMBLE_Corn_PRCP/daily dia 13 (2026-10-10 → 2026-10-10) 33902 bytes
2026-09-27 09:35:36,851 [INFO] [OK] USA/GFS_ENSEMBLE_Corn_PRCP/daily dia 14 (2026-10-11 → 2026-10-11) 33698 bytes
2026-09-27 09:35:37,173 [INFO] [OK] USA/GFS_ENSEMBLE_Corn_PRCP/cumulative dia 00 (2026-09-27 → 2026-09-27) 35302 bytes
2026-09-27 09:35:37,436 [INFO] [OK] USA/GFS_ENSEMBLE_Corn_PRCP/cumulative dia 01 (2026-09-27 → 2026-09-28) 40664 bytes
2026-09-27 09:35:37,980 [INFO] [OK] USA/GFS_ENSEMBLE_Corn_PRCP/cumulative dia 02 (2026-09-27 → 2026-09-29) 43405 bytes
2026-09-27 09:35:38,043 [INFO] [OK] USA/GFS_ENSEMBLE_Corn_PRCP/cumulative dia 03 (2026-09-27 → 2026-09-30) 46586 bytes
2026-09-27 09:35:38,738 [INFO] [OK] USA/GFS_ENSEMBLE_Corn_PRCP/cumulative dia 04 (2026-09-27 → 2026-10-01) 48806 bytes
2026-09-27 09:35:39,096 [INFO] [OK] USA/GFS_ENSEMBLE_Corn_PRCP/cumulative dia 05 (2026-09-27 → 2026-10-02) 49567 bytes
2026-09-27 09:35:39,430 [INFO] [OK] USA/GFS_ENSEMBLE_Corn_PRCP/cumulative dia 06 (2026-09-27 → 2026-10-03) 49695 bytes
2026-09-27 09:35:39,705 [INFO] [OK] USA/GFS_ENSEMBLE_Corn_PRCP/cumulative dia 07 (2026-09-27 → 2026-10-04) 50027 bytes
2026-09-27 09:35:40,810 [INFO] [OK] USA/GFS_ENSEMBLE_Corn_PRCP/cumulative dia 09 (2026-09-27 → 2026-10-06) 50418 bytes
2026-09-27 09:35:40,821 [INFO] [OK] USA/GFS_ENSEMBLE_Corn_PRCP/cumulative dia 08 (2026-09-27 → 2026-10-05) 50406 bytes
2026-09-27 09:35:41,684 [INFO] [OK] USA/GFS_ENSEMBLE_Corn_PRCP/cumulative dia 10 (2026-09-27 → 2026-10-07) 50184 bytes
2026-09-27 09:35:41,940 [INFO] [OK] USA/GFS_ENSEMBLE_Corn_PRCP/cumulative dia 11 (2026-09-27 → 2026-10-08) 49824 bytes
2026-09-27 09:35:42,315 [INFO] [OK] USA/GFS_ENSEMBLE_Corn_PRCP/cumulative dia 12 (2026-09-27 → 2026-10-09) 50211 bytes
2026-09-27 09:35:42,703 [INFO] [OK] USA/GFS_ENSEMBLE_Corn_PRCP/cumulative dia 13 (2026-09-27 → 2026-10-10) 50416 bytes
2026-09-27 09:35:43,312 [INFO] [OK] USA/GFS_ENSEMBLE_Soy_PRCP_DEP/daily dia 01 (2026-09-28 → 2026-09-28) 46061 bytes
2026-09-27 09:35:43,550 [INFO] [OK] USA/GFS_ENSEMBLE_Soy_PRCP_DEP/daily dia 00 (2026-09-27 → 2026-09-27) 46763 bytes
2026-09-27 09:35:43,845 [INFO] [OK] USA/GFS_ENSEMBLE_Soy_PRCP_DEP/daily dia 02 (2026-09-29 → 2026-09-29) 47197 bytes
2026-09-27 09:35:43,849 [INFO] [OK] USA/GFS_ENSEMBLE_Corn_PRCP/cumulative dia 14 (2026-09-27 → 2026-10-11) 50670 bytes
2026-09-27 09:35:43,976 [INFO] [OK] USA/GFS_ENSEMBLE_Soy_PRCP_DEP/daily dia 03 (2026-09-30 → 2026-09-30) 47713 bytes
2026-09-27 09:35:44,411 [INFO] [OK] USA/GFS_ENSEMBLE_Soy_PRCP_DEP/daily dia 04 (2026-10-01 → 2026-10-01) 49292 bytes
2026-09-27 09:35:44,879 [INFO] [OK] USA/GFS_ENSEMBLE_Soy_PRCP_DEP/daily dia 05 (2026-10-02 → 2026-10-02) 51519 bytes
2026-09-27 09:35:45,275 [INFO] [OK] USA/GFS_ENSEMBLE_Soy_PRCP_DEP/daily dia 06 (2026-10-03 → 2026-10-03) 54276 bytes
2026-09-27 09:35:45,525 [INFO] [OK] USA/GFS_ENSEMBLE_Soy_PRCP_DEP/daily dia 08 (2026-10-05 → 2026-10-05) 52430 bytes
2026-09-27 09:35:45,590 [INFO] [OK] USA/GFS_ENSEMBLE_Soy_PRCP_DEP/daily dia 09 (2026-10-06 → 2026-10-06) 54406 bytes
2026-09-27 09:35:45,697 [INFO] [OK] USA/GFS_ENSEMBLE_Soy_PRCP_DEP/daily dia 07 (2026-10-04 → 2026-10-04) 53077 bytes
2026-09-27 09:35:46,089 [INFO] [OK] USA/GFS_ENSEMBLE_Soy_PRCP_DEP/daily dia 10 (2026-10-07 → 2026-10-07) 54336 bytes
2026-09-27 09:35:46,773 [INFO] [OK] USA/GFS_ENSEMBLE_Soy_PRCP_DEP/daily dia 11 (2026-10-08 → 2026-10-08) 50585 bytes
2026-09-27 09:35:47,017 [INFO] [OK] USA/GFS_ENSEMBLE_Soy_PRCP_DEP/daily dia 12 (2026-10-09 → 2026-10-09) 50205 bytes
2026-09-27 09:35:47,280 [INFO] [OK] USA/GFS_ENSEMBLE_Soy_PRCP_DEP/daily dia 14 (2026-10-11 → 2026-10-11) 50698 bytes
2026-09-27 09:35:47,284 [INFO] [OK] USA/GFS_ENSEMBLE_Soy_PRCP_DEP/daily dia 13 (2026-10-10 → 2026-10-10) 48603 bytes
2026-09-27 09:35:47,512 [INFO] [OK] USA/GFS_ENSEMBLE_Soy_PRCP_DEP/cumulative dia 00 (2026-09-27 → 2026-09-27) 46763 bytes
2026-09-27 09:35:47,818 [INFO] [OK] USA/GFS_ENSEMBLE_Soy_PRCP_DEP/cumulative dia 01 (2026-09-27 → 2026-09-28) 50123 bytes
2026-09-27 09:35:48,687 [INFO] [OK] USA/GFS_ENSEMBLE_Soy_PRCP_DEP/cumulative dia 02 (2026-09-27 → 2026-09-29) 51413 bytes
2026-09-27 09:35:49,117 [INFO] [OK] USA/GFS_ENSEMBLE_Soy_PRCP_DEP/cumulative dia 03 (2026-09-27 → 2026-09-30) 53736 bytes
2026-09-27 09:35:49,442 [INFO] [OK] USA/GFS_ENSEMBLE_Soy_PRCP_DEP/cumulative dia 04 (2026-09-27 → 2026-10-01) 55722 bytes
2026-09-27 09:35:49,634 [INFO] [OK] USA/GFS_ENSEMBLE_Soy_PRCP_DEP/cumulative dia 05 (2026-09-27 → 2026-10-02) 56954 bytes
2026-09-27 09:35:49,804 [INFO] [OK] USA/GFS_ENSEMBLE_Soy_PRCP_DEP/cumulative dia 06 (2026-09-27 → 2026-10-03) 57150 bytes
2026-09-27 09:35:50,199 [INFO] [OK] USA/GFS_ENSEMBLE_Soy_PRCP_DEP/cumulative dia 07 (2026-09-27 → 2026-10-04) 57188 bytes
2026-09-27 09:35:51,116 [INFO] [OK] USA/GFS_ENSEMBLE_Soy_PRCP_DEP/cumulative dia 08 (2026-09-27 → 2026-10-05) 57440 bytes
2026-09-27 09:35:51,966 [INFO] [OK] USA/GFS_ENSEMBLE_Soy_PRCP_DEP/cumulative dia 09 (2026-09-27 → 2026-10-06) 57076 bytes
2026-09-27 09:35:52,212 [INFO] [OK] USA/GFS_ENSEMBLE_Soy_PRCP_DEP/cumulative dia 10 (2026-09-27 → 2026-10-07) 57487 bytes
2026-09-27 09:35:52,426 [INFO] [OK] USA/GFS_ENSEMBLE_Soy_PRCP_DEP/cumulative dia 11 (2026-09-27 → 2026-10-08) 57834 bytes
2026-09-27 09:35:52,684 [INFO] [OK] USA/GFS_ENSEMBLE_Soy_PRCP_DEP/cumulative dia 12 (2026-09-27 → 2026-10-09) 57544 bytes
2026-09-27 09:35:53,128 [INFO] [OK] USA/GFS_ENSEMBLE_Soy_PRCP_DEP/cumulative dia 13 (2026-09-27 → 2026-10-10) 57648 bytes
2026-09-27 09:35:53,711 [INFO] [OK] USA/GFS_ENSEMBLE_Soy_PRCP/daily dia 00 (2026-09-27 → 2026-09-27) 34821 bytes
2026-09-27 09:35:53,787 [INFO] [OK] USA/GFS_ENSEMBLE_Soy_PRCP/daily dia 01 (2026-09-28 → 2026-09-28) 37651 bytes
2026-09-27 09:35:54,020 [INFO] [OK] USA/GFS_ENSEMBLE_Soy_PRCP/daily dia 02 (2026-09-29 → 2026-09-29) 38896 bytes
2026-09-27 09:35:54,181 [INFO] [OK] USA/GFS_ENSEMBLE_Soy_PRCP_DEP/cumulative dia 14 (2026-09-27 → 2026-10-11) 57657 bytes
2026-09-27 09:35:54,356 [INFO] [OK] USA/GFS_ENSEMBLE_Soy_PRCP/daily dia 03 (2026-09-30 → 2026-09-30) 39242 bytes
2026-09-27 09:35:54,697 [INFO] [OK] USA/GFS_ENSEMBLE_Soy_PRCP/daily dia 04 (2026-10-01 → 2026-10-01) 38242 bytes
2026-09-27 09:35:55,322 [INFO] [OK] USA/GFS_ENSEMBLE_Soy_PRCP/daily dia 05 (2026-10-02 → 2026-10-02) 36781 bytes
2026-09-27 09:35:55,361 [INFO] [OK] USA/GFS_ENSEMBLE_Soy_PRCP/daily dia 06 (2026-10-03 → 2026-10-03) 35946 bytes
2026-09-27 09:35:55,595 [INFO] [OK] USA/GFS_ENSEMBLE_Soy_PRCP/daily dia 07 (2026-10-04 → 2026-10-04) 36744 bytes
2026-09-27 09:35:55,809 [INFO] [OK] USA/GFS_ENSEMBLE_Soy_PRCP/daily dia 08 (2026-10-05 → 2026-10-05) 35897 bytes
2026-09-27 09:35:55,892 [INFO] [OK] USA/GFS_ENSEMBLE_Soy_PRCP/daily dia 09 (2026-10-06 → 2026-10-06) 34779 bytes
2026-09-27 09:35:56,279 [INFO] [OK] USA/GFS_ENSEMBLE_Soy_PRCP/daily dia 10 (2026-10-07 → 2026-10-07) 33799 bytes
2026-09-27 09:35:57,110 [INFO] [OK] USA/GFS_ENSEMBLE_Soy_PRCP/daily dia 11 (2026-10-08 → 2026-10-08) 34130 bytes
2026-09-27 09:35:57,156 [INFO] [OK] USA/GFS_ENSEMBLE_Soy_PRCP/daily dia 12 (2026-10-09 → 2026-10-09) 34416 bytes
2026-09-27 09:35:57,255 [INFO] [OK] USA/GFS_ENSEMBLE_Soy_PRCP/daily dia 13 (2026-10-10 → 2026-10-10) 33439 bytes
2026-09-27 09:35:57,414 [INFO] [OK] USA/GFS_ENSEMBLE_Soy_PRCP/daily dia 14 (2026-10-11 → 2026-10-11) 33215 bytes
2026-09-27 09:35:57,582 [INFO] [OK] USA/GFS_ENSEMBLE_Soy_PRCP/cumulative dia 00 (2026-09-27 → 2026-09-27) 34821 bytes
2026-09-27 09:35:57,988 [INFO] [OK] USA/GFS_ENSEMBLE_Soy_PRCP/cumulative dia 01 (2026-09-27 → 2026-09-28) 40205 bytes
2026-09-27 09:35:58,951 [INFO] [OK] USA/GFS_ENSEMBLE_Soy_PRCP/cumulative dia 02 (2026-09-27 → 2026-09-29) 42909 bytes
2026-09-27 09:35:59,158 [INFO] [OK] USA/GFS_ENSEMBLE_Soy_PRCP/cumulative dia 03 (2026-09-27 → 2026-09-30) 46209 bytes
2026-09-27 09:35:59,313 [INFO] [OK] USA/GFS_ENSEMBLE_Soy_PRCP/cumulative dia 04 (2026-09-27 → 2026-10-01) 48338 bytes
2026-09-27 09:35:59,529 [INFO] [OK] USA/GFS_ENSEMBLE_Soy_PRCP/cumulative dia 05 (2026-09-27 → 2026-10-02) 49113 bytes
2026-09-27 09:35:59,884 [INFO] [OK] USA/GFS_ENSEMBLE_Soy_PRCP/cumulative dia 06 (2026-09-27 → 2026-10-03) 49516 bytes
2026-09-27 09:36:00,239 [INFO] [OK] USA/GFS_ENSEMBLE_Soy_PRCP/cumulative dia 07 (2026-09-27 → 2026-10-04) 49794 bytes
2026-09-27 09:36:01,481 [INFO] [OK] USA/GFS_ENSEMBLE_Soy_PRCP/cumulative dia 08 (2026-09-27 → 2026-10-05) 49968 bytes
2026-09-27 09:36:01,863 [INFO] [OK] USA/GFS_ENSEMBLE_Soy_PRCP/cumulative dia 09 (2026-09-27 → 2026-10-06) 49900 bytes
2026-09-27 09:36:02,223 [INFO] [OK] USA/GFS_ENSEMBLE_Soy_PRCP/cumulative dia 10 (2026-09-27 → 2026-10-07) 49825 bytes
2026-09-27 09:36:02,321 [INFO] [OK] USA/GFS_ENSEMBLE_Soy_PRCP/cumulative dia 11 (2026-09-27 → 2026-10-08) 49454 bytes
2026-09-27 09:36:02,885 [INFO] [OK] USA/GFS_ENSEMBLE_Soy_PRCP/cumulative dia 12 (2026-09-27 → 2026-10-09) 49614 bytes
2026-09-27 09:36:03,345 [INFO] [OK] USA/GFS_ENSEMBLE_Soy_PRCP/cumulative dia 13 (2026-09-27 → 2026-10-10) 50032 bytes
2026-09-27 09:36:03,565 [INFO] [OK] USA/GFS_ENSEMBLE_Wheat_Winter_PRCP_DEP/daily dia 00 (2026-09-27 → 2026-09-27) 48088 bytes
2026-09-27 09:36:03,882 [INFO] [OK] USA/GFS_ENSEMBLE_Wheat_Winter_PRCP_DEP/daily dia 01 (2026-09-28 → 2026-09-28) 47676 bytes
2026-09-27 09:36:03,983 [INFO] [OK] USA/GFS_ENSEMBLE_Wheat_Winter_PRCP_DEP/daily dia 02 (2026-09-29 → 2026-09-29) 48617 bytes
2026-09-27 09:36:04,414 [INFO] [OK] USA/GFS_ENSEMBLE_Soy_PRCP/cumulative dia 14 (2026-09-27 → 2026-10-11) 50358 bytes
2026-09-27 09:36:04,541 [INFO] [OK] USA/GFS_ENSEMBLE_Wheat_Winter_PRCP_DEP/daily dia 03 (2026-09-30 → 2026-09-30) 49228 bytes
2026-09-27 09:36:05,025 [INFO] [OK] USA/GFS_ENSEMBLE_Wheat_Winter_PRCP_DEP/daily dia 04 (2026-10-01 → 2026-10-01) 50951 bytes
2026-09-27 09:36:05,222 [INFO] [OK] USA/GFS_ENSEMBLE_Wheat_Winter_PRCP_DEP/daily dia 05 (2026-10-02 → 2026-10-02) 53015 bytes
2026-09-27 09:36:05,570 [INFO] [OK] USA/GFS_ENSEMBLE_Wheat_Winter_PRCP_DEP/daily dia 06 (2026-10-03 → 2026-10-03) 55723 bytes
2026-09-27 09:36:05,851 [INFO] [OK] USA/GFS_ENSEMBLE_Wheat_Winter_PRCP_DEP/daily dia 07 (2026-10-04 → 2026-10-04) 54818 bytes
2026-09-27 09:36:06,213 [INFO] [OK] USA/GFS_ENSEMBLE_Wheat_Winter_PRCP_DEP/daily dia 08 (2026-10-05 → 2026-10-05) 54017 bytes
2026-09-27 09:36:06,261 [INFO] [OK] USA/GFS_ENSEMBLE_Wheat_Winter_PRCP_DEP/daily dia 09 (2026-10-06 → 2026-10-06) 56003 bytes
2026-09-27 09:36:06,775 [INFO] [OK] USA/GFS_ENSEMBLE_Wheat_Winter_PRCP_DEP/daily dia 10 (2026-10-07 → 2026-10-07) 55925 bytes
2026-09-27 09:36:06,868 [INFO] [OK] USA/GFS_ENSEMBLE_Wheat_Winter_PRCP_DEP/daily dia 11 (2026-10-08 → 2026-10-08) 52430 bytes
2026-09-27 09:36:07,239 [INFO] [OK] USA/GFS_ENSEMBLE_Wheat_Winter_PRCP_DEP/daily dia 12 (2026-10-09 → 2026-10-09) 51970 bytes
2026-09-27 09:36:07,487 [INFO] [OK] USA/GFS_ENSEMBLE_Wheat_Winter_PRCP_DEP/daily dia 13 (2026-10-10 → 2026-10-10) 50116 bytes
2026-09-27 09:36:07,878 [INFO] [OK] USA/GFS_ENSEMBLE_Wheat_Winter_PRCP_DEP/daily dia 14 (2026-10-11 → 2026-10-11) 52240 bytes
2026-09-27 09:36:07,962 [INFO] [OK] USA/GFS_ENSEMBLE_Wheat_Winter_PRCP_DEP/cumulative dia 00 (2026-09-27 → 2026-09-27) 48088 bytes
2026-09-27 09:36:08,538 [INFO] [OK] USA/GFS_ENSEMBLE_Wheat_Winter_PRCP_DEP/cumulative dia 01 (2026-09-27 → 2026-09-28) 51549 bytes
2026-09-27 09:36:08,758 [INFO] [OK] USA/GFS_ENSEMBLE_Wheat_Winter_PRCP_DEP/cumulative dia 02 (2026-09-27 → 2026-09-29) 52773 bytes
2026-09-27 09:36:09,202 [INFO] [OK] USA/GFS_ENSEMBLE_Wheat_Winter_PRCP_DEP/cumulative dia 03 (2026-09-27 → 2026-09-30) 54980 bytes
2026-09-27 09:36:09,478 [INFO] [OK] USA/GFS_ENSEMBLE_Wheat_Winter_PRCP_DEP/cumulative dia 04 (2026-09-27 → 2026-10-01) 57049 bytes
2026-09-27 09:36:10,064 [INFO] [OK] USA/GFS_ENSEMBLE_Wheat_Winter_PRCP_DEP/cumulative dia 05 (2026-09-27 → 2026-10-02) 58363 bytes
2026-09-27 09:36:10,181 [INFO] [OK] USA/GFS_ENSEMBLE_Wheat_Winter_PRCP_DEP/cumulative dia 06 (2026-09-27 → 2026-10-03) 58841 bytes
2026-09-27 09:36:10,864 [INFO] [OK] USA/GFS_ENSEMBLE_Wheat_Winter_PRCP_DEP/cumulative dia 07 (2026-09-27 → 2026-10-04) 58920 bytes
2026-09-27 09:36:11,255 [INFO] [OK] USA/GFS_ENSEMBLE_Wheat_Winter_PRCP_DEP/cumulative dia 08 (2026-09-27 → 2026-10-05) 58842 bytes
2026-09-27 09:36:11,776 [INFO] [OK] USA/GFS_ENSEMBLE_Wheat_Winter_PRCP_DEP/cumulative dia 09 (2026-09-27 → 2026-10-06) 58481 bytes
2026-09-27 09:36:12,061 [INFO] [OK] USA/GFS_ENSEMBLE_Wheat_Winter_PRCP_DEP/cumulative dia 10 (2026-09-27 → 2026-10-07) 58795 bytes
2026-09-27 09:36:12,757 [INFO] [OK] USA/GFS_ENSEMBLE_Wheat_Winter_PRCP_DEP/cumulative dia 11 (2026-09-27 → 2026-10-08) 59319 bytes
2026-09-27 09:36:13,022 [INFO] [OK] USA/GFS_ENSEMBLE_Wheat_Winter_PRCP_DEP/cumulative dia 12 (2026-09-27 → 2026-10-09) 58892 bytes
2026-09-27 09:36:13,353 [INFO] [OK] USA/GFS_ENSEMBLE_Wheat_Winter_PRCP/daily dia 00 (2026-09-27 → 2026-09-27) 36422 bytes
2026-09-27 09:36:13,679 [INFO] [OK] USA/GFS_ENSEMBLE_Wheat_Winter_PRCP/daily dia 01 (2026-09-28 → 2026-09-28) 39246 bytes
2026-09-27 09:36:13,778 [INFO] [OK] USA/GFS_ENSEMBLE_Wheat_Winter_PRCP_DEP/cumulative dia 13 (2026-09-27 → 2026-10-10) 59120 bytes
2026-09-27 09:36:14,248 [INFO] [OK] USA/GFS_ENSEMBLE_Wheat_Winter_PRCP_DEP/cumulative dia 14 (2026-09-27 → 2026-10-11) 59117 bytes
2026-09-27 09:36:14,406 [INFO] [OK] USA/GFS_ENSEMBLE_Wheat_Winter_PRCP/daily dia 02 (2026-09-29 → 2026-09-29) 40364 bytes
2026-09-27 09:36:14,684 [INFO] [OK] USA/GFS_ENSEMBLE_Wheat_Winter_PRCP/daily dia 03 (2026-09-30 → 2026-09-30) 40510 bytes
2026-09-27 09:36:15,062 [INFO] [OK] USA/GFS_ENSEMBLE_Wheat_Winter_PRCP/daily dia 04 (2026-10-01 → 2026-10-01) 39863 bytes
2026-09-27 09:36:15,245 [INFO] [OK] USA/GFS_ENSEMBLE_Wheat_Winter_PRCP/daily dia 05 (2026-10-02 → 2026-10-02) 38235 bytes
2026-09-27 09:36:15,328 [INFO] [OK] USA/GFS_ENSEMBLE_Wheat_Winter_PRCP/daily dia 06 (2026-10-03 → 2026-10-03) 37517 bytes
2026-09-27 09:36:15,929 [INFO] [OK] USA/GFS_ENSEMBLE_Wheat_Winter_PRCP/daily dia 07 (2026-10-04 → 2026-10-04) 38543 bytes
2026-09-27 09:36:16,060 [INFO] [OK] USA/GFS_ENSEMBLE_Wheat_Winter_PRCP/daily dia 08 (2026-10-05 → 2026-10-05) 37544 bytes
2026-09-27 09:36:16,361 [INFO] [OK] USA/GFS_ENSEMBLE_Wheat_Winter_PRCP/daily dia 09 (2026-10-06 → 2026-10-06) 36381 bytes
2026-09-27 09:36:16,835 [INFO] [OK] USA/GFS_ENSEMBLE_Wheat_Winter_PRCP/daily dia 10 (2026-10-07 → 2026-10-07) 35429 bytes
2026-09-27 09:36:16,954 [INFO] [OK] USA/GFS_ENSEMBLE_Wheat_Winter_PRCP/daily dia 12 (2026-10-09 → 2026-10-09) 35816 bytes
2026-09-27 09:36:17,013 [INFO] [OK] USA/GFS_ENSEMBLE_Wheat_Winter_PRCP/daily dia 11 (2026-10-08 → 2026-10-08) 35595 bytes
2026-09-27 09:36:17,670 [INFO] [OK] USA/GFS_ENSEMBLE_Wheat_Winter_PRCP/daily dia 13 (2026-10-10 → 2026-10-10) 34929 bytes
2026-09-27 09:36:17,684 [INFO] [OK] USA/GFS_ENSEMBLE_Wheat_Winter_PRCP/daily dia 14 (2026-10-11 → 2026-10-11) 34811 bytes
2026-09-27 09:36:18,095 [INFO] [OK] USA/GFS_ENSEMBLE_Wheat_Winter_PRCP/cumulative dia 00 (2026-09-27 → 2026-09-27) 36422 bytes
2026-09-27 09:36:18,540 [INFO] [OK] USA/GFS_ENSEMBLE_Wheat_Winter_PRCP/cumulative dia 01 (2026-09-27 → 2026-09-28) 41589 bytes
2026-09-27 09:36:18,864 [INFO] [OK] USA/GFS_ENSEMBLE_Wheat_Winter_PRCP/cumulative dia 02 (2026-09-27 → 2026-09-29) 44519 bytes
2026-09-27 09:36:18,985 [INFO] [OK] USA/GFS_ENSEMBLE_Wheat_Winter_PRCP/cumulative dia 03 (2026-09-27 → 2026-09-30) 47492 bytes
2026-09-27 09:36:19,685 [INFO] [OK] USA/GFS_ENSEMBLE_Wheat_Winter_PRCP/cumulative dia 04 (2026-09-27 → 2026-10-01) 49697 bytes
2026-09-27 09:36:20,363 [INFO] [OK] USA/GFS_ENSEMBLE_Wheat_Winter_PRCP/cumulative dia 05 (2026-09-27 → 2026-10-02) 50613 bytes
2026-09-27 09:36:20,459 [INFO] [OK] USA/GFS_ENSEMBLE_Wheat_Winter_PRCP/cumulative dia 06 (2026-09-27 → 2026-10-03) 51337 bytes
2026-09-27 09:36:20,914 [INFO] [OK] USA/GFS_ENSEMBLE_Wheat_Winter_PRCP/cumulative dia 07 (2026-09-27 → 2026-10-04) 51447 bytes
2026-09-27 09:36:21,320 [INFO] [OK] USA/GFS_ENSEMBLE_Wheat_Winter_PRCP/cumulative dia 08 (2026-09-27 → 2026-10-05) 51453 bytes
2026-09-27 09:36:21,474 [INFO] [OK] USA/GFS_ENSEMBLE_Wheat_Winter_PRCP/cumulative dia 09 (2026-09-27 → 2026-10-06) 51416 bytes
2026-09-27 09:36:22,499 [INFO] [OK] USA/GFS_ENSEMBLE_Wheat_Winter_PRCP/cumulative dia 10 (2026-09-27 → 2026-10-07) 51308 bytes
2026-09-27 09:36:23,088 [INFO] [OK] USA/GFS_ENSEMBLE_Wheat_Winter_PRCP/cumulative dia 11 (2026-09-27 → 2026-10-08) 50956 bytes
2026-09-27 09:36:23,472 [INFO] [OK] USA/GFS_ENSEMBLE_Wheat_Spring_PRCP_DEP/daily dia 00 (2026-09-27 → 2026-09-27) 45093 bytes
2026-09-27 09:36:23,612 [INFO] [OK] USA/GFS_ENSEMBLE_Wheat_Winter_PRCP/cumulative dia 12 (2026-09-27 → 2026-10-09) 51511 bytes
2026-09-27 09:36:23,937 [INFO] [OK] USA/GFS_ENSEMBLE_Wheat_Winter_PRCP/cumulative dia 13 (2026-09-27 → 2026-10-10) 51751 bytes
2026-09-27 09:36:24,134 [INFO] [OK] USA/GFS_ENSEMBLE_Wheat_Spring_PRCP_DEP/daily dia 01 (2026-09-28 → 2026-09-28) 44654 bytes
2026-09-27 09:36:24,489 [INFO] [OK] USA/GFS_ENSEMBLE_Wheat_Winter_PRCP/cumulative dia 14 (2026-09-27 → 2026-10-11) 51981 bytes
2026-09-27 09:36:24,764 [INFO] [OK] USA/GFS_ENSEMBLE_Wheat_Spring_PRCP_DEP/daily dia 02 (2026-09-29 → 2026-09-29) 45473 bytes
2026-09-27 09:36:25,173 [INFO] [OK] USA/GFS_ENSEMBLE_Wheat_Spring_PRCP_DEP/daily dia 03 (2026-09-30 → 2026-09-30) 46381 bytes
2026-09-27 09:36:25,373 [INFO] [OK] USA/GFS_ENSEMBLE_Wheat_Spring_PRCP_DEP/daily dia 04 (2026-10-01 → 2026-10-01) 47903 bytes
2026-09-27 09:36:25,694 [INFO] [OK] USA/GFS_ENSEMBLE_Wheat_Spring_PRCP_DEP/daily dia 05 (2026-10-02 → 2026-10-02) 49948 bytes
2026-09-27 09:36:25,822 [INFO] [OK] USA/GFS_ENSEMBLE_Wheat_Spring_PRCP_DEP/daily dia 06 (2026-10-03 → 2026-10-03) 52591 bytes
2026-09-27 09:36:26,226 [INFO] [OK] USA/GFS_ENSEMBLE_Wheat_Spring_PRCP_DEP/daily dia 07 (2026-10-04 → 2026-10-04) 51272 bytes
2026-09-27 09:36:26,417 [INFO] [OK] USA/GFS_ENSEMBLE_Wheat_Spring_PRCP_DEP/daily dia 08 (2026-10-05 → 2026-10-05) 50807 bytes
2026-09-27 09:36:26,832 [INFO] [OK] USA/GFS_ENSEMBLE_Wheat_Spring_PRCP_DEP/daily dia 09 (2026-10-06 → 2026-10-06) 52136 bytes
2026-09-27 09:36:27,073 [INFO] [OK] USA/GFS_ENSEMBLE_Wheat_Spring_PRCP_DEP/daily dia 10 (2026-10-07 → 2026-10-07) 52449 bytes
2026-09-27 09:36:27,345 [INFO] [OK] USA/GFS_ENSEMBLE_Wheat_Spring_PRCP_DEP/daily dia 11 (2026-10-08 → 2026-10-08) 48707 bytes
2026-09-27 09:36:27,512 [INFO] [OK] USA/GFS_ENSEMBLE_Wheat_Spring_PRCP_DEP/daily dia 12 (2026-10-09 → 2026-10-09) 48135 bytes
2026-09-27 09:36:27,885 [INFO] [OK] USA/GFS_ENSEMBLE_Wheat_Spring_PRCP_DEP/daily dia 13 (2026-10-10 → 2026-10-10) 47176 bytes
2026-09-27 09:36:28,094 [INFO] [OK] USA/GFS_ENSEMBLE_Wheat_Spring_PRCP_DEP/daily dia 14 (2026-10-11 → 2026-10-11) 49167 bytes
2026-09-27 09:36:28,501 [INFO] [OK] USA/GFS_ENSEMBLE_Wheat_Spring_PRCP_DEP/cumulative dia 00 (2026-09-27 → 2026-09-27) 45093 bytes
2026-09-27 09:36:28,837 [INFO] [OK] USA/GFS_ENSEMBLE_Wheat_Spring_PRCP_DEP/cumulative dia 01 (2026-09-27 → 2026-09-28) 48491 bytes
2026-09-27 09:36:29,200 [INFO] [OK] USA/GFS_ENSEMBLE_Wheat_Spring_PRCP_DEP/cumulative dia 02 (2026-09-27 → 2026-09-29) 49671 bytes
2026-09-27 09:36:29,496 [INFO] [OK] USA/GFS_ENSEMBLE_Wheat_Spring_PRCP_DEP/cumulative dia 03 (2026-09-27 → 2026-09-30) 52153 bytes
2026-09-27 09:36:29,948 [INFO] [OK] USA/GFS_ENSEMBLE_Wheat_Spring_PRCP_DEP/cumulative dia 04 (2026-09-27 → 2026-10-01) 54363 bytes
2026-09-27 09:36:30,288 [INFO] [OK] USA/GFS_ENSEMBLE_Wheat_Spring_PRCP_DEP/cumulative dia 05 (2026-09-27 → 2026-10-02) 55437 bytes
2026-09-27 09:36:30,779 [INFO] [OK] USA/GFS_ENSEMBLE_Wheat_Spring_PRCP_DEP/cumulative dia 06 (2026-09-27 → 2026-10-03) 55789 bytes
2026-09-27 09:36:31,176 [INFO] [OK] USA/GFS_ENSEMBLE_Wheat_Spring_PRCP_DEP/cumulative dia 07 (2026-09-27 → 2026-10-04) 55943 bytes
2026-09-27 09:36:31,667 [INFO] [OK] USA/GFS_ENSEMBLE_Wheat_Spring_PRCP_DEP/cumulative dia 08 (2026-09-27 → 2026-10-05) 55916 bytes
2026-09-27 09:36:32,140 [INFO] [OK] USA/GFS_ENSEMBLE_Wheat_Spring_PRCP_DEP/cumulative dia 09 (2026-09-27 → 2026-10-06) 55639 bytes
2026-09-27 09:36:32,647 [INFO] [OK] USA/GFS_ENSEMBLE_Wheat_Spring_PRCP_DEP/cumulative dia 10 (2026-09-27 → 2026-10-07) 55810 bytes
2026-09-27 09:36:33,108 [INFO] [OK] USA/GFS_ENSEMBLE_Wheat_Spring_PRCP_DEP/cumulative dia 11 (2026-09-27 → 2026-10-08) 56068 bytes
2026-09-27 09:36:33,660 [INFO] [OK] USA/GFS_ENSEMBLE_Wheat_Spring_PRCP_DEP/cumulative dia 12 (2026-09-27 → 2026-10-09) 55984 bytes
2026-09-27 09:36:33,735 [INFO] [OK] USA/GFS_ENSEMBLE_Wheat_Spring_PRCP/daily dia 00 (2026-09-27 → 2026-09-27) 33530 bytes
2026-09-27 09:36:34,176 [INFO] [OK] USA/GFS_ENSEMBLE_Wheat_Spring_PRCP_DEP/cumulative dia 13 (2026-09-27 → 2026-10-10) 56026 bytes
2026-09-27 09:36:34,318 [INFO] [OK] USA/GFS_ENSEMBLE_Wheat_Spring_PRCP/daily dia 01 (2026-09-28 → 2026-09-28) 36336 bytes
2026-09-27 09:36:34,652 [INFO] [OK] USA/GFS_ENSEMBLE_Wheat_Spring_PRCP_DEP/cumulative dia 14 (2026-09-27 → 2026-10-11) 56249 bytes
2026-09-27 09:36:34,740 [INFO] [OK] USA/GFS_ENSEMBLE_Wheat_Spring_PRCP/daily dia 02 (2026-09-29 → 2026-09-29) 37413 bytes
2026-09-27 09:36:35,311 [INFO] [OK] USA/GFS_ENSEMBLE_Wheat_Spring_PRCP/daily dia 04 (2026-10-01 → 2026-10-01) 36647 bytes
2026-09-27 09:36:35,382 [INFO] [OK] USA/GFS_ENSEMBLE_Wheat_Spring_PRCP/daily dia 03 (2026-09-30 → 2026-09-30) 37634 bytes
2026-09-27 09:36:35,765 [INFO] [OK] USA/GFS_ENSEMBLE_Wheat_Spring_PRCP/daily dia 05 (2026-10-02 → 2026-10-02) 34936 bytes
2026-09-27 09:36:35,926 [INFO] [OK] USA/GFS_ENSEMBLE_Wheat_Spring_PRCP/daily dia 06 (2026-10-03 → 2026-10-03) 34257 bytes
2026-09-27 09:36:36,218 [INFO] [OK] USA/GFS_ENSEMBLE_Wheat_Spring_PRCP/daily dia 07 (2026-10-04 → 2026-10-04) 35103 bytes
2026-09-27 09:36:36,360 [INFO] [OK] USA/GFS_ENSEMBLE_Wheat_Spring_PRCP/daily dia 08 (2026-10-05 → 2026-10-05) 34290 bytes
2026-09-27 09:36:36,898 [INFO] [OK] USA/GFS_ENSEMBLE_Wheat_Spring_PRCP/daily dia 09 (2026-10-06 → 2026-10-06) 33244 bytes
2026-09-27 09:36:36,951 [INFO] [OK] USA/GFS_ENSEMBLE_Wheat_Spring_PRCP/daily dia 10 (2026-10-07 → 2026-10-07) 32326 bytes
2026-09-27 09:36:37,434 [INFO] [OK] USA/GFS_ENSEMBLE_Wheat_Spring_PRCP/daily dia 11 (2026-10-08 → 2026-10-08) 32552 bytes
2026-09-27 09:36:37,488 [INFO] [OK] USA/GFS_ENSEMBLE_Wheat_Spring_PRCP/daily dia 12 (2026-10-09 → 2026-10-09) 32808 bytes
2026-09-27 09:36:37,803 [INFO] [OK] USA/GFS_ENSEMBLE_Wheat_Spring_PRCP/daily dia 13 (2026-10-10 → 2026-10-10) 31919 bytes
2026-09-27 09:36:37,992 [INFO] [OK] USA/GFS_ENSEMBLE_Wheat_Spring_PRCP/daily dia 14 (2026-10-11 → 2026-10-11) 31748 bytes
2026-09-27 09:36:38,497 [INFO] [OK] USA/GFS_ENSEMBLE_Wheat_Spring_PRCP/cumulative dia 00 (2026-09-27 → 2026-09-27) 33530 bytes
2026-09-27 09:36:38,667 [INFO] [OK] USA/GFS_ENSEMBLE_Wheat_Spring_PRCP/cumulative dia 01 (2026-09-27 → 2026-09-28) 38813 bytes
2026-09-27 09:36:39,208 [INFO] [OK] USA/GFS_ENSEMBLE_Wheat_Spring_PRCP/cumulative dia 02 (2026-09-27 → 2026-09-29) 41384 bytes
2026-09-27 09:36:39,412 [INFO] [OK] USA/GFS_ENSEMBLE_Wheat_Spring_PRCP/cumulative dia 03 (2026-09-27 → 2026-09-30) 44375 bytes
2026-09-27 09:36:39,764 [INFO] [OK] USA/GFS_ENSEMBLE_Wheat_Spring_PRCP/cumulative dia 04 (2026-09-27 → 2026-10-01) 46339 bytes
2026-09-27 09:36:40,087 [INFO] [OK] USA/GFS_ENSEMBLE_Wheat_Spring_PRCP/cumulative dia 05 (2026-09-27 → 2026-10-02) 47209 bytes
2026-09-27 09:36:40,734 [INFO] [OK] USA/GFS_ENSEMBLE_Wheat_Spring_PRCP/cumulative dia 06 (2026-09-27 → 2026-10-03) 47598 bytes
2026-09-27 09:36:41,053 [INFO] [OK] USA/GFS_ENSEMBLE_Wheat_Spring_PRCP/cumulative dia 07 (2026-09-27 → 2026-10-04) 47653 bytes
2026-09-27 09:36:41,692 [INFO] [OK] USA/GFS_ENSEMBLE_Wheat_Spring_PRCP/cumulative dia 08 (2026-09-27 → 2026-10-05) 47561 bytes
2026-09-27 09:36:41,918 [INFO] [OK] USA/GFS_ENSEMBLE_Wheat_Spring_PRCP/cumulative dia 09 (2026-09-27 → 2026-10-06) 47556 bytes
2026-09-27 09:36:42,379 [INFO] [OK] USA/GFS_ENSEMBLE_Wheat_Spring_PRCP/cumulative dia 10 (2026-09-27 → 2026-10-07) 47135 bytes
2026-09-27 09:36:42,814 [INFO] [OK] USA/GFS_ENSEMBLE_Wheat_Spring_PRCP/cumulative dia 11 (2026-09-27 → 2026-10-08) 46978 bytes
2026-09-27 09:36:43,524 [INFO] [OK] USA/GFS_ENSEMBLE_Wheat_Spring_PRCP/cumulative dia 12 (2026-09-27 → 2026-10-09) 47345 bytes
2026-09-27 09:36:43,705 [INFO] [OK] USA/ECM_ENSEMBLE_Corn_PRCP_DEP/daily dia 00 (2026-09-27 → 2026-09-27) 51447 bytes
2026-09-27 09:36:43,999 [INFO] [OK] USA/GFS_ENSEMBLE_Wheat_Spring_PRCP/cumulative dia 13 (2026-09-27 → 2026-10-10) 47336 bytes
2026-09-27 09:36:44,064 [INFO] [OK] USA/ECM_ENSEMBLE_Corn_PRCP_DEP/daily dia 01 (2026-09-28 → 2026-09-28) 48407 bytes
2026-09-27 09:36:44,559 [INFO] [OK] USA/ECM_ENSEMBLE_Corn_PRCP_DEP/daily dia 02 (2026-09-29 → 2026-09-29) 48160 bytes
2026-09-27 09:36:44,598 [INFO] [OK] USA/GFS_ENSEMBLE_Wheat_Spring_PRCP/cumulative dia 14 (2026-09-27 → 2026-10-11) 47688 bytes
2026-09-27 09:36:45,208 [INFO] [OK] USA/ECM_ENSEMBLE_Corn_PRCP_DEP/daily dia 03 (2026-09-30 → 2026-09-30) 48913 bytes
2026-09-27 09:36:45,354 [INFO] [OK] USA/ECM_ENSEMBLE_Corn_PRCP_DEP/daily dia 04 (2026-10-01 → 2026-10-01) 50633 bytes
2026-09-27 09:36:45,750 [INFO] [OK] USA/ECM_ENSEMBLE_Corn_PRCP_DEP/daily dia 05 (2026-10-02 → 2026-10-02) 51025 bytes
2026-09-27 09:36:45,884 [INFO] [OK] USA/ECM_ENSEMBLE_Corn_PRCP_DEP/daily dia 06 (2026-10-03 → 2026-10-03) 52820 bytes
2026-09-27 09:36:46,252 [INFO] [OK] USA/ECM_ENSEMBLE_Corn_PRCP_DEP/daily dia 07 (2026-10-04 → 2026-10-04) 53454 bytes
2026-09-27 09:36:46,394 [INFO] [OK] USA/ECM_ENSEMBLE_Corn_PRCP_DEP/daily dia 08 (2026-10-05 → 2026-10-05) 53629 bytes
2026-09-27 09:36:46,923 [INFO] [OK] USA/ECM_ENSEMBLE_Corn_PRCP_DEP/daily dia 09 (2026-10-06 → 2026-10-06) 56830 bytes
2026-09-27 09:36:47,002 [INFO] [OK] USA/ECM_ENSEMBLE_Corn_PRCP_DEP/daily dia 10 (2026-10-07 → 2026-10-07) 56165 bytes
2026-09-27 09:36:47,465 [INFO] [OK] USA/ECM_ENSEMBLE_Corn_PRCP_DEP/daily dia 11 (2026-10-08 → 2026-10-08) 56740 bytes
2026-09-27 09:36:47,569 [INFO] [OK] USA/ECM_ENSEMBLE_Corn_PRCP_DEP/daily dia 12 (2026-10-09 → 2026-10-09) 57699 bytes
2026-09-27 09:36:47,929 [INFO] [OK] USA/ECM_ENSEMBLE_Corn_PRCP_DEP/daily dia 13 (2026-10-10 → 2026-10-10) 59025 bytes
2026-09-27 09:36:48,064 [INFO] [OK] USA/ECM_ENSEMBLE_Corn_PRCP_DEP/daily dia 14 (2026-10-11 → 2026-10-11) 54204 bytes
2026-09-27 09:36:48,623 [INFO] [OK] USA/ECM_ENSEMBLE_Corn_PRCP_DEP/cumulative dia 00 (2026-09-27 → 2026-09-27) 51447 bytes
2026-09-27 09:36:48,880 [INFO] [OK] USA/ECM_ENSEMBLE_Corn_PRCP_DEP/cumulative dia 01 (2026-09-27 → 2026-09-28) 54007 bytes
2026-09-27 09:36:49,385 [INFO] [OK] USA/ECM_ENSEMBLE_Corn_PRCP_DEP/cumulative dia 02 (2026-09-27 → 2026-09-29) 54956 bytes
2026-09-27 09:36:49,589 [INFO] [OK] USA/ECM_ENSEMBLE_Corn_PRCP_DEP/cumulative dia 03 (2026-09-27 → 2026-09-30) 55885 bytes
2026-09-27 09:36:50,127 [INFO] [OK] USA/ECM_ENSEMBLE_Corn_PRCP_DEP/cumulative dia 04 (2026-09-27 → 2026-10-01) 57018 bytes
2026-09-27 09:36:50,313 [INFO] [OK] USA/ECM_ENSEMBLE_Corn_PRCP_DEP/cumulative dia 05 (2026-09-27 → 2026-10-02) 58002 bytes
2026-09-27 09:36:50,832 [INFO] [OK] USA/ECM_ENSEMBLE_Corn_PRCP_DEP/cumulative dia 06 (2026-09-27 → 2026-10-03) 58358 bytes
2026-09-27 09:36:51,231 [INFO] [OK] USA/ECM_ENSEMBLE_Corn_PRCP_DEP/cumulative dia 07 (2026-09-27 → 2026-10-04) 58358 bytes
2026-09-27 09:36:51,866 [INFO] [OK] USA/ECM_ENSEMBLE_Corn_PRCP_DEP/cumulative dia 08 (2026-09-27 → 2026-10-05) 58241 bytes
2026-09-27 09:36:52,151 [INFO] [OK] USA/ECM_ENSEMBLE_Corn_PRCP_DEP/cumulative dia 09 (2026-09-27 → 2026-10-06) 58761 bytes
2026-09-27 09:36:52,877 [INFO] [OK] USA/ECM_ENSEMBLE_Corn_PRCP_DEP/cumulative dia 10 (2026-09-27 → 2026-10-07) 58335 bytes
2026-09-27 09:36:53,098 [INFO] [OK] USA/ECM_ENSEMBLE_Corn_PRCP_DEP/cumulative dia 11 (2026-09-27 → 2026-10-08) 58759 bytes
2026-09-27 09:36:53,736 [INFO] [OK] USA/ECM_ENSEMBLE_Corn_PRCP/daily dia 00 (2026-09-27 → 2026-09-27) 36854 bytes
2026-09-27 09:36:53,747 [INFO] [OK] USA/ECM_ENSEMBLE_Corn_PRCP_DEP/cumulative dia 12 (2026-09-27 → 2026-10-09) 58972 bytes
2026-09-27 09:36:54,156 [INFO] [OK] USA/ECM_ENSEMBLE_Corn_PRCP_DEP/cumulative dia 13 (2026-09-27 → 2026-10-10) 59196 bytes
2026-09-27 09:36:54,531 [INFO] [OK] USA/ECM_ENSEMBLE_Corn_PRCP/daily dia 01 (2026-09-28 → 2026-09-28) 38826 bytes
2026-09-27 09:36:54,789 [INFO] [OK] USA/ECM_ENSEMBLE_Corn_PRCP/daily dia 02 (2026-09-29 → 2026-09-29) 38709 bytes
2026-09-27 09:36:54,883 [INFO] [OK] USA/ECM_ENSEMBLE_Corn_PRCP_DEP/cumulative dia 14 (2026-09-27 → 2026-10-11) 59065 bytes
2026-09-27 09:36:55,415 [INFO] [OK] USA/ECM_ENSEMBLE_Corn_PRCP/daily dia 03 (2026-09-30 → 2026-09-30) 39249 bytes
2026-09-27 09:36:55,475 [INFO] [OK] USA/ECM_ENSEMBLE_Corn_PRCP/daily dia 04 (2026-10-01 → 2026-10-01) 39777 bytes
2026-09-27 09:36:55,847 [INFO] [OK] USA/ECM_ENSEMBLE_Corn_PRCP/daily dia 05 (2026-10-02 → 2026-10-02) 37754 bytes
2026-09-27 09:36:56,273 [INFO] [OK] USA/ECM_ENSEMBLE_Corn_PRCP/daily dia 06 (2026-10-03 → 2026-10-03) 35727 bytes
2026-09-27 09:36:56,442 [INFO] [OK] USA/ECM_ENSEMBLE_Corn_PRCP/daily dia 07 (2026-10-04 → 2026-10-04) 36536 bytes
2026-09-27 09:36:56,458 [INFO] [OK] USA/ECM_ENSEMBLE_Corn_PRCP/daily dia 08 (2026-10-05 → 2026-10-05) 34920 bytes
2026-09-27 09:36:57,044 [INFO] [OK] USA/ECM_ENSEMBLE_Corn_PRCP/daily dia 09 (2026-10-06 → 2026-10-06) 35853 bytes
2026-09-27 09:36:57,079 [INFO] [OK] USA/ECM_ENSEMBLE_Corn_PRCP/daily dia 10 (2026-10-07 → 2026-10-07) 34636 bytes
2026-09-27 09:36:57,432 [INFO] [OK] USA/ECM_ENSEMBLE_Corn_PRCP/daily dia 11 (2026-10-08 → 2026-10-08) 34937 bytes
2026-09-27 09:36:57,911 [INFO] [OK] USA/ECM_ENSEMBLE_Corn_PRCP/daily dia 12 (2026-10-09 → 2026-10-09) 34240 bytes
2026-09-27 09:36:58,113 [INFO] [OK] USA/ECM_ENSEMBLE_Corn_PRCP/daily dia 14 (2026-10-11 → 2026-10-11) 34767 bytes
2026-09-27 09:36:58,114 [INFO] [OK] USA/ECM_ENSEMBLE_Corn_PRCP/daily dia 13 (2026-10-10 → 2026-10-10) 35382 bytes
2026-09-27 09:36:58,649 [INFO] [OK] USA/ECM_ENSEMBLE_Corn_PRCP/cumulative dia 00 (2026-09-27 → 2026-09-27) 36854 bytes
2026-09-27 09:36:58,758 [INFO] [OK] USA/ECM_ENSEMBLE_Corn_PRCP/cumulative dia 01 (2026-09-27 → 2026-09-28) 41940 bytes
2026-09-27 09:36:59,272 [INFO] [OK] USA/ECM_ENSEMBLE_Corn_PRCP/cumulative dia 02 (2026-09-27 → 2026-09-29) 44256 bytes
2026-09-27 09:36:59,847 [INFO] [OK] USA/ECM_ENSEMBLE_Corn_PRCP/cumulative dia 03 (2026-09-27 → 2026-09-30) 47335 bytes
2026-09-27 09:37:00,268 [INFO] [OK] USA/ECM_ENSEMBLE_Corn_PRCP/cumulative dia 04 (2026-09-27 → 2026-10-01) 48922 bytes
2026-09-27 09:37:00,319 [INFO] [OK] USA/ECM_ENSEMBLE_Corn_PRCP/cumulative dia 05 (2026-09-27 → 2026-10-02) 50139 bytes
2026-09-27 09:37:00,942 [INFO] [OK] USA/ECM_ENSEMBLE_Corn_PRCP/cumulative dia 06 (2026-09-27 → 2026-10-03) 50486 bytes
2026-09-27 09:37:01,098 [INFO] [OK] USA/ECM_ENSEMBLE_Corn_PRCP/cumulative dia 07 (2026-09-27 → 2026-10-04) 50695 bytes
2026-09-27 09:37:01,648 [INFO] [OK] USA/ECM_ENSEMBLE_Corn_PRCP/cumulative dia 08 (2026-09-27 → 2026-10-05) 50497 bytes
2026-09-27 09:37:02,419 [INFO] [OK] USA/ECM_ENSEMBLE_Corn_PRCP/cumulative dia 09 (2026-09-27 → 2026-10-06) 50471 bytes
2026-09-27 09:37:02,878 [INFO] [OK] USA/ECM_ENSEMBLE_Corn_PRCP/cumulative dia 10 (2026-09-27 → 2026-10-07) 50871 bytes
2026-09-27 09:37:03,066 [INFO] [OK] USA/ECM_ENSEMBLE_Corn_PRCP/cumulative dia 11 (2026-09-27 → 2026-10-08) 51047 bytes
2026-09-27 09:37:03,999 [INFO] [OK] USA/ECM_ENSEMBLE_Corn_PRCP/cumulative dia 12 (2026-09-27 → 2026-10-09) 50877 bytes
2026-09-27 09:37:04,091 [INFO] [OK] USA/ECM_ENSEMBLE_Corn_PRCP/cumulative dia 13 (2026-09-27 → 2026-10-10) 50640 bytes
2026-09-27 09:37:04,129 [INFO] [OK] USA/ECM_ENSEMBLE_Soy_PRCP_DEP/daily dia 00 (2026-09-27 → 2026-09-27) 50960 bytes
2026-09-27 09:37:04,514 [INFO] [OK] USA/ECM_ENSEMBLE_Soy_PRCP_DEP/daily dia 01 (2026-09-28 → 2026-09-28) 47951 bytes
2026-09-27 09:37:04,663 [INFO] [OK] USA/ECM_ENSEMBLE_Corn_PRCP/cumulative dia 14 (2026-09-27 → 2026-10-11) 50985 bytes
2026-09-27 09:37:04,781 [INFO] [OK] USA/ECM_ENSEMBLE_Soy_PRCP_DEP/daily dia 02 (2026-09-29 → 2026-09-29) 47842 bytes
2026-09-27 09:37:05,663 [INFO] [OK] USA/ECM_ENSEMBLE_Soy_PRCP_DEP/daily dia 03 (2026-09-30 → 2026-09-30) 48535 bytes
2026-09-27 09:37:05,817 [INFO] [OK] USA/ECM_ENSEMBLE_Soy_PRCP_DEP/daily dia 04 (2026-10-01 → 2026-10-01) 50273 bytes
2026-09-27 09:37:05,988 [INFO] [OK] USA/ECM_ENSEMBLE_Soy_PRCP_DEP/daily dia 05 (2026-10-02 → 2026-10-02) 50627 bytes
2026-09-27 09:37:06,243 [INFO] [OK] USA/ECM_ENSEMBLE_Soy_PRCP_DEP/daily dia 06 (2026-10-03 → 2026-10-03) 52524 bytes
2026-09-27 09:37:06,351 [INFO] [OK] USA/ECM_ENSEMBLE_Soy_PRCP_DEP/daily dia 07 (2026-10-04 → 2026-10-04) 53053 bytes
2026-09-27 09:37:06,495 [INFO] [OK] USA/ECM_ENSEMBLE_Soy_PRCP_DEP/daily dia 08 (2026-10-05 → 2026-10-05) 53306 bytes
2026-09-27 09:37:07,318 [INFO] [OK] USA/ECM_ENSEMBLE_Soy_PRCP_DEP/daily dia 09 (2026-10-06 → 2026-10-06) 56229 bytes
2026-09-27 09:37:07,448 [INFO] [OK] USA/ECM_ENSEMBLE_Soy_PRCP_DEP/daily dia 10 (2026-10-07 → 2026-10-07) 55656 bytes
2026-09-27 09:37:07,621 [INFO] [OK] USA/ECM_ENSEMBLE_Soy_PRCP_DEP/daily dia 11 (2026-10-08 → 2026-10-08) 56254 bytes
2026-09-27 09:37:07,956 [INFO] [OK] USA/ECM_ENSEMBLE_Soy_PRCP_DEP/daily dia 12 (2026-10-09 → 2026-10-09) 57265 bytes
2026-09-27 09:37:08,035 [INFO] [OK] USA/ECM_ENSEMBLE_Soy_PRCP_DEP/daily dia 13 (2026-10-10 → 2026-10-10) 58496 bytes
2026-09-27 09:37:08,112 [INFO] [OK] USA/ECM_ENSEMBLE_Soy_PRCP_DEP/daily dia 14 (2026-10-11 → 2026-10-11) 53605 bytes
2026-09-27 09:37:09,113 [INFO] [OK] USA/ECM_ENSEMBLE_Soy_PRCP_DEP/cumulative dia 00 (2026-09-27 → 2026-09-27) 50960 bytes
2026-09-27 09:37:09,251 [INFO] [OK] USA/ECM_ENSEMBLE_Soy_PRCP_DEP/cumulative dia 01 (2026-09-27 → 2026-09-28) 53590 bytes
2026-09-27 09:37:09,558 [INFO] [OK] USA/ECM_ENSEMBLE_Soy_PRCP_DEP/cumulative dia 02 (2026-09-27 → 2026-09-29) 54589 bytes
2026-09-27 09:37:09,943 [INFO] [OK] USA/ECM_ENSEMBLE_Soy_PRCP_DEP/cumulative dia 03 (2026-09-27 → 2026-09-30) 55532 bytes
2026-09-27 09:37:10,141 [INFO] [OK] USA/ECM_ENSEMBLE_Soy_PRCP_DEP/cumulative dia 04 (2026-09-27 → 2026-10-01) 56855 bytes
2026-09-27 09:37:10,416 [INFO] [OK] USA/ECM_ENSEMBLE_Soy_PRCP_DEP/cumulative dia 05 (2026-09-27 → 2026-10-02) 57666 bytes
2026-09-27 09:37:11,360 [INFO] [OK] USA/ECM_ENSEMBLE_Soy_PRCP_DEP/cumulative dia 06 (2026-09-27 → 2026-10-03) 57957 bytes
2026-09-27 09:37:11,801 [INFO] [OK] USA/ECM_ENSEMBLE_Soy_PRCP_DEP/cumulative dia 07 (2026-09-27 → 2026-10-04) 58131 bytes
2026-09-27 09:37:12,201 [INFO] [OK] USA/ECM_ENSEMBLE_Soy_PRCP_DEP/cumulative dia 08 (2026-09-27 → 2026-10-05) 57980 bytes
2026-09-27 09:37:12,522 [INFO] [OK] USA/ECM_ENSEMBLE_Soy_PRCP_DEP/cumulative dia 09 (2026-09-27 → 2026-10-06) 58565 bytes
2026-09-27 09:37:12,755 [INFO] [OK] USA/ECM_ENSEMBLE_Soy_PRCP_DEP/cumulative dia 10 (2026-09-27 → 2026-10-07) 58128 bytes
2026-09-27 09:37:13,522 [INFO] [OK] USA/ECM_ENSEMBLE_Soy_PRCP_DEP/cumulative dia 11 (2026-09-27 → 2026-10-08) 58624 bytes
2026-09-27 09:37:14,874 [INFO] [OK] USA/ECM_ENSEMBLE_Soy_PRCP/daily dia 00 (2026-09-27 → 2026-09-27) 36450 bytes
2026-09-27 09:37:14,879 [INFO] [OK] USA/ECM_ENSEMBLE_Soy_PRCP/daily dia 01 (2026-09-28 → 2026-09-28) 38324 bytes
2026-09-27 09:37:14,880 [INFO] [OK] USA/ECM_ENSEMBLE_Soy_PRCP_DEP/cumulative dia 13 (2026-09-27 → 2026-10-10) 58933 bytes
2026-09-27 09:37:14,881 [INFO] [OK] USA/ECM_ENSEMBLE_Soy_PRCP_DEP/cumulative dia 12 (2026-09-27 → 2026-10-09) 58835 bytes
2026-09-27 09:37:15,124 [INFO] [OK] USA/ECM_ENSEMBLE_Soy_PRCP/daily dia 02 (2026-09-29 → 2026-09-29) 38480 bytes
2026-09-27 09:37:15,349 [INFO] [OK] USA/ECM_ENSEMBLE_Soy_PRCP_DEP/cumulative dia 14 (2026-09-27 → 2026-10-11) 58730 bytes
2026-09-27 09:37:16,508 [INFO] [OK] USA/ECM_ENSEMBLE_Soy_PRCP/daily dia 03 (2026-09-30 → 2026-09-30) 38726 bytes
2026-09-27 09:37:16,579 [INFO] [OK] USA/ECM_ENSEMBLE_Soy_PRCP/daily dia 04 (2026-10-01 → 2026-10-01) 39408 bytes
2026-09-27 09:37:16,580 [INFO] [OK] USA/ECM_ENSEMBLE_Soy_PRCP/daily dia 05 (2026-10-02 → 2026-10-02) 37273 bytes
2026-09-27 09:37:16,611 [INFO] [OK] USA/ECM_ENSEMBLE_Soy_PRCP/daily dia 06 (2026-10-03 → 2026-10-03) 35313 bytes
2026-09-27 09:37:16,718 [INFO] [OK] USA/ECM_ENSEMBLE_Soy_PRCP/daily dia 07 (2026-10-04 → 2026-10-04) 36173 bytes
2026-09-27 09:37:17,125 [INFO] [OK] USA/ECM_ENSEMBLE_Soy_PRCP/daily dia 08 (2026-10-05 → 2026-10-05) 34485 bytes
2026-09-27 09:37:18,302 [INFO] [OK] USA/ECM_ENSEMBLE_Soy_PRCP/daily dia 10 (2026-10-07 → 2026-10-07) 34181 bytes
2026-09-27 09:37:18,442 [INFO] [OK] USA/ECM_ENSEMBLE_Soy_PRCP/daily dia 11 (2026-10-08 → 2026-10-08) 34431 bytes
2026-09-27 09:37:18,448 [INFO] [OK] USA/ECM_ENSEMBLE_Soy_PRCP/daily dia 12 (2026-10-09 → 2026-10-09) 33717 bytes
2026-09-27 09:37:18,450 [INFO] [OK] USA/ECM_ENSEMBLE_Soy_PRCP/daily dia 09 (2026-10-06 → 2026-10-06) 35338 bytes
2026-09-27 09:37:18,486 [INFO] [OK] USA/ECM_ENSEMBLE_Soy_PRCP/daily dia 13 (2026-10-10 → 2026-10-10) 34864 bytes
2026-09-27 09:37:18,691 [INFO] [OK] USA/ECM_ENSEMBLE_Soy_PRCP/daily dia 14 (2026-10-11 → 2026-10-11) 34168 bytes
2026-09-27 09:37:20,225 [INFO] [OK] USA/ECM_ENSEMBLE_Soy_PRCP/cumulative dia 00 (2026-09-27 → 2026-09-27) 36450 bytes
2026-09-27 09:37:20,246 [INFO] [OK] USA/ECM_ENSEMBLE_Soy_PRCP/cumulative dia 02 (2026-09-27 → 2026-09-29) 43935 bytes
2026-09-27 09:37:20,348 [INFO] [OK] USA/ECM_ENSEMBLE_Soy_PRCP/cumulative dia 01 (2026-09-27 → 2026-09-28) 41515 bytes
2026-09-27 09:37:20,616 [INFO] [OK] USA/ECM_ENSEMBLE_Soy_PRCP/cumulative dia 03 (2026-09-27 → 2026-09-30) 46842 bytes
2026-09-27 09:37:20,616 [INFO] [OK] USA/ECM_ENSEMBLE_Soy_PRCP/cumulative dia 04 (2026-09-27 → 2026-10-01) 48594 bytes
2026-09-27 09:37:20,798 [INFO] [OK] USA/ECM_ENSEMBLE_Soy_PRCP/cumulative dia 05 (2026-09-27 → 2026-10-02) 49691 bytes
2026-09-27 09:37:22,621 [INFO] [OK] USA/ECM_ENSEMBLE_Soy_PRCP/cumulative dia 06 (2026-09-27 → 2026-10-03) 50124 bytes
2026-09-27 09:37:22,854 [INFO] [OK] USA/ECM_ENSEMBLE_Soy_PRCP/cumulative dia 07 (2026-09-27 → 2026-10-04) 50343 bytes
2026-09-27 09:37:22,953 [INFO] [OK] USA/ECM_ENSEMBLE_Soy_PRCP/cumulative dia 08 (2026-09-27 → 2026-10-05) 50290 bytes
2026-09-27 09:37:23,227 [INFO] [OK] USA/ECM_ENSEMBLE_Soy_PRCP/cumulative dia 10 (2026-09-27 → 2026-10-07) 50819 bytes
2026-09-27 09:37:23,262 [INFO] [OK] USA/ECM_ENSEMBLE_Soy_PRCP/cumulative dia 09 (2026-09-27 → 2026-10-06) 50197 bytes
2026-09-27 09:37:23,839 [INFO] [OK] USA/ECM_ENSEMBLE_Soy_PRCP/cumulative dia 11 (2026-09-27 → 2026-10-08) 50930 bytes
2026-09-27 09:37:24,907 [INFO] [OK] USA/ECM_ENSEMBLE_Wheat_Winter_PRCP_DEP/daily dia 00 (2026-09-27 → 2026-09-27) 52269 bytes
2026-09-27 09:37:24,996 [INFO] [OK] USA/ECM_ENSEMBLE_Wheat_Winter_PRCP_DEP/daily dia 01 (2026-09-28 → 2026-09-28) 49530 bytes
2026-09-27 09:37:25,403 [INFO] [OK] USA/ECM_ENSEMBLE_Soy_PRCP/cumulative dia 12 (2026-09-27 → 2026-10-09) 50698 bytes
2026-09-27 09:37:25,827 [INFO] [OK] USA/ECM_ENSEMBLE_Wheat_Winter_PRCP_DEP/daily dia 02 (2026-09-29 → 2026-09-29) 49403 bytes
2026-09-27 09:37:25,838 [INFO] [OK] USA/ECM_ENSEMBLE_Soy_PRCP/cumulative dia 13 (2026-09-27 → 2026-10-10) 50356 bytes
2026-09-27 09:37:25,939 [INFO] [OK] USA/ECM_ENSEMBLE_Soy_PRCP/cumulative dia 14 (2026-09-27 → 2026-10-11) 50568 bytes
2026-09-27 09:37:26,629 [INFO] [OK] USA/ECM_ENSEMBLE_Wheat_Winter_PRCP_DEP/daily dia 03 (2026-09-30 → 2026-09-30) 50000 bytes
2026-09-27 09:37:26,779 [INFO] [OK] USA/ECM_ENSEMBLE_Wheat_Winter_PRCP_DEP/daily dia 04 (2026-10-01 → 2026-10-01) 51916 bytes
2026-09-27 09:37:27,098 [INFO] [OK] USA/ECM_ENSEMBLE_Wheat_Winter_PRCP_DEP/daily dia 05 (2026-10-02 → 2026-10-02) 52094 bytes
2026-09-27 09:37:27,525 [INFO] [OK] USA/ECM_ENSEMBLE_Wheat_Winter_PRCP_DEP/daily dia 06 (2026-10-03 → 2026-10-03) 54051 bytes
2026-09-27 09:37:27,596 [INFO] [OK] USA/ECM_ENSEMBLE_Wheat_Winter_PRCP_DEP/daily dia 07 (2026-10-04 → 2026-10-04) 54553 bytes
2026-09-27 09:37:27,655 [INFO] [OK] USA/ECM_ENSEMBLE_Wheat_Winter_PRCP_DEP/daily dia 08 (2026-10-05 → 2026-10-05) 54826 bytes
2026-09-27 09:37:28,515 [INFO] [OK] USA/ECM_ENSEMBLE_Wheat_Winter_PRCP_DEP/daily dia 10 (2026-10-07 → 2026-10-07) 57496 bytes
2026-09-27 09:37:28,638 [INFO] [OK] USA/ECM_ENSEMBLE_Wheat_Winter_PRCP_DEP/daily dia 09 (2026-10-06 → 2026-10-06) 58043 bytes
2026-09-27 09:37:28,775 [INFO] [OK] USA/ECM_ENSEMBLE_Wheat_Winter_PRCP_DEP/daily dia 11 (2026-10-08 → 2026-10-08) 58367 bytes
2026-09-27 09:37:29,431 [INFO] [OK] USA/ECM_ENSEMBLE_Wheat_Winter_PRCP_DEP/daily dia 13 (2026-10-10 → 2026-10-10) 60473 bytes
2026-09-27 09:37:29,538 [INFO] [OK] USA/ECM_ENSEMBLE_Wheat_Winter_PRCP_DEP/daily dia 14 (2026-10-11 → 2026-10-11) 55679 bytes
2026-09-27 09:37:29,551 [INFO] [OK] USA/ECM_ENSEMBLE_Wheat_Winter_PRCP_DEP/daily dia 12 (2026-10-09 → 2026-10-09) 59387 bytes
2026-09-27 09:37:30,146 [INFO] [OK] USA/ECM_ENSEMBLE_Wheat_Winter_PRCP_DEP/cumulative dia 00 (2026-09-27 → 2026-09-27) 52269 bytes
2026-09-27 09:37:30,377 [INFO] [OK] USA/ECM_ENSEMBLE_Wheat_Winter_PRCP_DEP/cumulative dia 01 (2026-09-27 → 2026-09-28) 54873 bytes
2026-09-27 09:37:30,662 [INFO] [OK] USA/ECM_ENSEMBLE_Wheat_Winter_PRCP_DEP/cumulative dia 02 (2026-09-27 → 2026-09-29) 56070 bytes
2026-09-27 09:37:31,391 [INFO] [OK] USA/ECM_ENSEMBLE_Wheat_Winter_PRCP_DEP/cumulative dia 03 (2026-09-27 → 2026-09-30) 56897 bytes
2026-09-27 09:37:31,654 [INFO] [OK] USA/ECM_ENSEMBLE_Wheat_Winter_PRCP_DEP/cumulative dia 04 (2026-09-27 → 2026-10-01) 58134 bytes
2026-09-27 09:37:31,783 [INFO] [OK] USA/ECM_ENSEMBLE_Wheat_Winter_PRCP_DEP/cumulative dia 05 (2026-09-27 → 2026-10-02) 58808 bytes
2026-09-27 09:37:32,568 [INFO] [OK] USA/ECM_ENSEMBLE_Wheat_Winter_PRCP_DEP/cumulative dia 06 (2026-09-27 → 2026-10-03) 59462 bytes
2026-09-27 09:37:32,723 [INFO] [OK] USA/ECM_ENSEMBLE_Wheat_Winter_PRCP_DEP/cumulative dia 07 (2026-09-27 → 2026-10-04) 59621 bytes
2026-09-27 09:37:33,103 [INFO] [OK] USA/ECM_ENSEMBLE_Wheat_Winter_PRCP_DEP/cumulative dia 08 (2026-09-27 → 2026-10-05) 59390 bytes
2026-09-27 09:37:34,122 [INFO] [OK] USA/ECM_ENSEMBLE_Wheat_Winter_PRCP_DEP/cumulative dia 09 (2026-09-27 → 2026-10-06) 59833 bytes
2026-09-27 09:37:34,341 [INFO] [OK] USA/ECM_ENSEMBLE_Wheat_Winter_PRCP_DEP/cumulative dia 10 (2026-09-27 → 2026-10-07) 59446 bytes
2026-09-27 09:37:34,633 [INFO] [OK] USA/ECM_ENSEMBLE_Wheat_Winter_PRCP_DEP/cumulative dia 11 (2026-09-27 → 2026-10-08) 59974 bytes
2026-09-27 09:37:35,408 [INFO] [OK] USA/ECM_ENSEMBLE_Wheat_Winter_PRCP_DEP/cumulative dia 12 (2026-09-27 → 2026-10-09) 60168 bytes
2026-09-27 09:37:35,710 [INFO] [OK] USA/ECM_ENSEMBLE_Wheat_Winter_PRCP_DEP/cumulative dia 13 (2026-09-27 → 2026-10-10) 60351 bytes
2026-09-27 09:37:36,130 [INFO] [OK] USA/ECM_ENSEMBLE_Wheat_Winter_PRCP/daily dia 00 (2026-09-27 → 2026-09-27) 37749 bytes
2026-09-27 09:37:36,211 [INFO] [OK] USA/ECM_ENSEMBLE_Wheat_Winter_PRCP_DEP/cumulative dia 14 (2026-09-27 → 2026-10-11) 60055 bytes
2026-09-27 09:37:36,229 [INFO] [OK] USA/ECM_ENSEMBLE_Wheat_Winter_PRCP/daily dia 02 (2026-09-29 → 2026-09-29) 39850 bytes
2026-09-27 09:37:36,303 [INFO] [OK] USA/ECM_ENSEMBLE_Wheat_Winter_PRCP/daily dia 01 (2026-09-28 → 2026-09-28) 39662 bytes
2026-09-27 09:37:36,991 [INFO] [OK] USA/ECM_ENSEMBLE_Wheat_Winter_PRCP/daily dia 03 (2026-09-30 → 2026-09-30) 40177 bytes
2026-09-27 09:37:37,354 [INFO] [OK] USA/ECM_ENSEMBLE_Wheat_Winter_PRCP/daily dia 04 (2026-10-01 → 2026-10-01) 40989 bytes
2026-09-27 09:37:37,906 [INFO] [OK] USA/ECM_ENSEMBLE_Wheat_Winter_PRCP/daily dia 06 (2026-10-03 → 2026-10-03) 36791 bytes
2026-09-27 09:37:37,964 [INFO] [OK] USA/ECM_ENSEMBLE_Wheat_Winter_PRCP/daily dia 05 (2026-10-02 → 2026-10-02) 38921 bytes
2026-09-27 09:37:38,017 [INFO] [OK] USA/ECM_ENSEMBLE_Wheat_Winter_PRCP/daily dia 08 (2026-10-05 → 2026-10-05) 36130 bytes
2026-09-27 09:37:38,029 [INFO] [OK] USA/ECM_ENSEMBLE_Wheat_Winter_PRCP/daily dia 07 (2026-10-04 → 2026-10-04) 37907 bytes
2026-09-27 09:37:38,680 [INFO] [OK] USA/ECM_ENSEMBLE_Wheat_Winter_PRCP/daily dia 09 (2026-10-06 → 2026-10-06) 36976 bytes
2026-09-27 09:37:38,988 [INFO] [OK] USA/ECM_ENSEMBLE_Wheat_Winter_PRCP/daily dia 10 (2026-10-07 → 2026-10-07) 35691 bytes
2026-09-27 09:37:39,556 [INFO] [OK] USA/ECM_ENSEMBLE_Wheat_Winter_PRCP/daily dia 12 (2026-10-09 → 2026-10-09) 35337 bytes
2026-09-27 09:37:39,663 [INFO] [OK] USA/ECM_ENSEMBLE_Wheat_Winter_PRCP/daily dia 14 (2026-10-11 → 2026-10-11) 35739 bytes
2026-09-27 09:37:39,663 [INFO] [OK] USA/ECM_ENSEMBLE_Wheat_Winter_PRCP/daily dia 11 (2026-10-08 → 2026-10-08) 35914 bytes
2026-09-27 09:37:39,787 [INFO] [OK] USA/ECM_ENSEMBLE_Wheat_Winter_PRCP/daily dia 13 (2026-10-10 → 2026-10-10) 36413 bytes
2026-09-27 09:37:40,262 [INFO] [OK] USA/ECM_ENSEMBLE_Wheat_Winter_PRCP/cumulative dia 00 (2026-09-27 → 2026-09-27) 37749 bytes
2026-09-27 09:37:40,696 [INFO] [OK] USA/ECM_ENSEMBLE_Wheat_Winter_PRCP/cumulative dia 01 (2026-09-27 → 2026-09-28) 42590 bytes
2026-09-27 09:37:41,420 [INFO] [OK] USA/ECM_ENSEMBLE_Wheat_Winter_PRCP/cumulative dia 02 (2026-09-27 → 2026-09-29) 45117 bytes
2026-09-27 09:37:41,649 [INFO] [OK] USA/ECM_ENSEMBLE_Wheat_Winter_PRCP/cumulative dia 03 (2026-09-27 → 2026-09-30) 47861 bytes
2026-09-27 09:37:41,762 [INFO] [OK] USA/ECM_ENSEMBLE_Wheat_Winter_PRCP/cumulative dia 04 (2026-09-27 → 2026-10-01) 50058 bytes
2026-09-27 09:37:41,943 [INFO] [OK] USA/ECM_ENSEMBLE_Wheat_Winter_PRCP/cumulative dia 05 (2026-09-27 → 2026-10-02) 51439 bytes
2026-09-27 09:37:42,480 [INFO] [OK] USA/ECM_ENSEMBLE_Wheat_Winter_PRCP/cumulative dia 06 (2026-09-27 → 2026-10-03) 51598 bytes
2026-09-27 09:37:43,169 [INFO] [OK] USA/ECM_ENSEMBLE_Wheat_Winter_PRCP/cumulative dia 07 (2026-09-27 → 2026-10-04) 51732 bytes
2026-09-27 09:37:43,964 [INFO] [OK] USA/ECM_ENSEMBLE_Wheat_Winter_PRCP/cumulative dia 08 (2026-09-27 → 2026-10-05) 51821 bytes
2026-09-27 09:37:44,213 [INFO] [OK] USA/ECM_ENSEMBLE_Wheat_Winter_PRCP/cumulative dia 09 (2026-09-27 → 2026-10-06) 51645 bytes
2026-09-27 09:37:44,573 [INFO] [OK] USA/ECM_ENSEMBLE_Wheat_Winter_PRCP/cumulative dia 10 (2026-09-27 → 2026-10-07) 52201 bytes
2026-09-27 09:37:44,674 [INFO] [OK] USA/ECM_ENSEMBLE_Wheat_Winter_PRCP/cumulative dia 11 (2026-09-27 → 2026-10-08) 52295 bytes
2026-09-27 09:37:45,262 [INFO] [OK] USA/ECM_ENSEMBLE_Wheat_Winter_PRCP/cumulative dia 12 (2026-09-27 → 2026-10-09) 52059 bytes
2026-09-27 09:37:46,033 [INFO] [OK] USA/ECM_ENSEMBLE_Wheat_Spring_PRCP_DEP/daily dia 00 (2026-09-27 → 2026-09-27) 49287 bytes
2026-09-27 09:37:46,050 [INFO] [OK] USA/ECM_ENSEMBLE_Wheat_Winter_PRCP/cumulative dia 13 (2026-09-27 → 2026-10-10) 51949 bytes
2026-09-27 09:37:46,219 [INFO] [OK] USA/ECM_ENSEMBLE_Wheat_Spring_PRCP_DEP/daily dia 01 (2026-09-28 → 2026-09-28) 46478 bytes
2026-09-27 09:37:46,321 [INFO] [OK] USA/ECM_ENSEMBLE_Wheat_Spring_PRCP_DEP/daily dia 02 (2026-09-29 → 2026-09-29) 46227 bytes
2026-09-27 09:37:46,895 [INFO] [OK] USA/ECM_ENSEMBLE_Wheat_Winter_PRCP/cumulative dia 14 (2026-09-27 → 2026-10-11) 52088 bytes
2026-09-27 09:37:46,936 [INFO] [OK] USA/ECM_ENSEMBLE_Wheat_Spring_PRCP_DEP/daily dia 03 (2026-09-30 → 2026-09-30) 47232 bytes
2026-09-27 09:37:47,675 [INFO] [OK] USA/ECM_ENSEMBLE_Wheat_Spring_PRCP_DEP/daily dia 05 (2026-10-02 → 2026-10-02) 49200 bytes
2026-09-27 09:37:47,720 [INFO] [OK] USA/ECM_ENSEMBLE_Wheat_Spring_PRCP_DEP/daily dia 04 (2026-10-01 → 2026-10-01) 49069 bytes
2026-09-27 09:37:48,017 [INFO] [OK] USA/ECM_ENSEMBLE_Wheat_Spring_PRCP_DEP/daily dia 06 (2026-10-03 → 2026-10-03) 50781 bytes
2026-09-27 09:37:48,067 [INFO] [OK] USA/ECM_ENSEMBLE_Wheat_Spring_PRCP_DEP/daily dia 07 (2026-10-04 → 2026-10-04) 51039 bytes
2026-09-27 09:37:48,589 [INFO] [OK] USA/ECM_ENSEMBLE_Wheat_Spring_PRCP_DEP/daily dia 08 (2026-10-05 → 2026-10-05) 51351 bytes
2026-09-27 09:37:48,682 [INFO] [OK] USA/ECM_ENSEMBLE_Wheat_Spring_PRCP_DEP/daily dia 09 (2026-10-06 → 2026-10-06) 54184 bytes
2026-09-27 09:37:49,377 [INFO] [OK] USA/ECM_ENSEMBLE_Wheat_Spring_PRCP_DEP/daily dia 10 (2026-10-07 → 2026-10-07) 53761 bytes
2026-09-27 09:37:49,535 [INFO] [OK] USA/ECM_ENSEMBLE_Wheat_Spring_PRCP_DEP/daily dia 11 (2026-10-08 → 2026-10-08) 54564 bytes
2026-09-27 09:37:49,705 [INFO] [OK] USA/ECM_ENSEMBLE_Wheat_Spring_PRCP_DEP/daily dia 12 (2026-10-09 → 2026-10-09) 55688 bytes
2026-09-27 09:37:49,753 [INFO] [OK] USA/ECM_ENSEMBLE_Wheat_Spring_PRCP_DEP/daily dia 13 (2026-10-10 → 2026-10-10) 56969 bytes
2026-09-27 09:37:50,276 [INFO] [OK] USA/ECM_ENSEMBLE_Wheat_Spring_PRCP_DEP/daily dia 14 (2026-10-11 → 2026-10-11) 51720 bytes
2026-09-27 09:37:50,312 [INFO] [OK] USA/ECM_ENSEMBLE_Wheat_Spring_PRCP_DEP/cumulative dia 00 (2026-09-27 → 2026-09-27) 49287 bytes
2026-09-27 09:37:51,182 [INFO] [OK] USA/ECM_ENSEMBLE_Wheat_Spring_PRCP_DEP/cumulative dia 01 (2026-09-27 → 2026-09-28) 52153 bytes
2026-09-27 09:37:51,368 [INFO] [OK] USA/ECM_ENSEMBLE_Wheat_Spring_PRCP_DEP/cumulative dia 02 (2026-09-27 → 2026-09-29) 53064 bytes
2026-09-27 09:37:51,632 [INFO] [OK] USA/ECM_ENSEMBLE_Wheat_Spring_PRCP_DEP/cumulative dia 03 (2026-09-27 → 2026-09-30) 53965 bytes
2026-09-27 09:37:51,950 [INFO] [OK] USA/ECM_ENSEMBLE_Wheat_Spring_PRCP_DEP/cumulative dia 04 (2026-09-27 → 2026-10-01) 55339 bytes
2026-09-27 09:37:52,453 [INFO] [OK] USA/ECM_ENSEMBLE_Wheat_Spring_PRCP_DEP/cumulative dia 05 (2026-09-27 → 2026-10-02) 56115 bytes
2026-09-27 09:37:52,627 [INFO] [OK] USA/ECM_ENSEMBLE_Wheat_Spring_PRCP_DEP/cumulative dia 06 (2026-09-27 → 2026-10-03) 56651 bytes
2026-09-27 09:37:53,615 [INFO] [OK] USA/ECM_ENSEMBLE_Wheat_Spring_PRCP_DEP/cumulative dia 07 (2026-09-27 → 2026-10-04) 56771 bytes
2026-09-27 09:37:53,837 [INFO] [OK] USA/ECM_ENSEMBLE_Wheat_Spring_PRCP_DEP/cumulative dia 08 (2026-09-27 → 2026-10-05) 56215 bytes
2026-09-27 09:37:54,177 [INFO] [OK] USA/ECM_ENSEMBLE_Wheat_Spring_PRCP_DEP/cumulative dia 09 (2026-09-27 → 2026-10-06) 56919 bytes
2026-09-27 09:37:54,616 [INFO] [OK] USA/ECM_ENSEMBLE_Wheat_Spring_PRCP_DEP/cumulative dia 10 (2026-09-27 → 2026-10-07) 56395 bytes
2026-09-27 09:37:55,284 [INFO] [OK] USA/ECM_ENSEMBLE_Wheat_Spring_PRCP_DEP/cumulative dia 11 (2026-09-27 → 2026-10-08) 56700 bytes
2026-09-27 09:37:55,548 [INFO] [OK] USA/ECM_ENSEMBLE_Wheat_Spring_PRCP_DEP/cumulative dia 12 (2026-09-27 → 2026-10-09) 57462 bytes
2026-09-27 09:37:55,979 [INFO] [OK] USA/ECM_ENSEMBLE_Wheat_Spring_PRCP/daily dia 00 (2026-09-27 → 2026-09-27) 34819 bytes
2026-09-27 09:37:56,403 [INFO] [OK] USA/ECM_ENSEMBLE_Wheat_Spring_PRCP/daily dia 01 (2026-09-28 → 2026-09-28) 36989 bytes
2026-09-27 09:37:56,600 [INFO] [OK] USA/ECM_ENSEMBLE_Wheat_Spring_PRCP_DEP/cumulative dia 13 (2026-09-27 → 2026-10-10) 57572 bytes
2026-09-27 09:37:56,847 [INFO] [OK] USA/ECM_ENSEMBLE_Wheat_Spring_PRCP/daily dia 02 (2026-09-29 → 2026-09-29) 36785 bytes
2026-09-27 09:37:56,997 [INFO] [OK] USA/ECM_ENSEMBLE_Wheat_Spring_PRCP_DEP/cumulative dia 14 (2026-09-27 → 2026-10-11) 57148 bytes
2026-09-27 09:37:57,167 [INFO] [OK] USA/ECM_ENSEMBLE_Wheat_Spring_PRCP/daily dia 03 (2026-09-30 → 2026-09-30) 37069 bytes
2026-09-27 09:37:57,536 [INFO] [OK] USA/ECM_ENSEMBLE_Wheat_Spring_PRCP/daily dia 04 (2026-10-01 → 2026-10-01) 37785 bytes
2026-09-27 09:37:57,969 [INFO] [OK] USA/ECM_ENSEMBLE_Wheat_Spring_PRCP/daily dia 05 (2026-10-02 → 2026-10-02) 35775 bytes
2026-09-27 09:37:58,247 [INFO] [OK] USA/ECM_ENSEMBLE_Wheat_Spring_PRCP/daily dia 06 (2026-10-03 → 2026-10-03) 33563 bytes
2026-09-27 09:37:58,466 [INFO] [OK] USA/ECM_ENSEMBLE_Wheat_Spring_PRCP/daily dia 07 (2026-10-04 → 2026-10-04) 34554 bytes
2026-09-27 09:37:58,552 [INFO] [OK] USA/ECM_ENSEMBLE_Wheat_Spring_PRCP/daily dia 08 (2026-10-05 → 2026-10-05) 32930 bytes
2026-09-27 09:37:58,747 [INFO] [OK] USA/ECM_ENSEMBLE_Wheat_Spring_PRCP/daily dia 09 (2026-10-06 → 2026-10-06) 33747 bytes
2026-09-27 09:37:59,164 [INFO] [OK] USA/ECM_ENSEMBLE_Wheat_Spring_PRCP/daily dia 10 (2026-10-07 → 2026-10-07) 32561 bytes
2026-09-27 09:37:59,606 [INFO] [OK] USA/ECM_ENSEMBLE_Wheat_Spring_PRCP/daily dia 11 (2026-10-08 → 2026-10-08) 32790 bytes
2026-09-27 09:38:00,110 [INFO] [OK] USA/ECM_ENSEMBLE_Wheat_Spring_PRCP/daily dia 12 (2026-10-09 → 2026-10-09) 32393 bytes
2026-09-27 09:38:00,182 [INFO] [OK] USA/ECM_ENSEMBLE_Wheat_Spring_PRCP/daily dia 14 (2026-10-11 → 2026-10-11) 32918 bytes
2026-09-27 09:38:00,280 [INFO] [OK] USA/ECM_ENSEMBLE_Wheat_Spring_PRCP/daily dia 13 (2026-10-10 → 2026-10-10) 33443 bytes
2026-09-27 09:38:00,364 [INFO] [OK] USA/ECM_ENSEMBLE_Wheat_Spring_PRCP/cumulative dia 00 (2026-09-27 → 2026-09-27) 34819 bytes
2026-09-27 09:38:00,860 [INFO] [OK] USA/ECM_ENSEMBLE_Wheat_Spring_PRCP/cumulative dia 01 (2026-09-27 → 2026-09-28) 39977 bytes
2026-09-27 09:38:01,430 [INFO] [OK] USA/ECM_ENSEMBLE_Wheat_Spring_PRCP/cumulative dia 02 (2026-09-27 → 2026-09-29) 42182 bytes
2026-09-27 09:38:02,036 [INFO] [OK] USA/ECM_ENSEMBLE_Wheat_Spring_PRCP/cumulative dia 03 (2026-09-27 → 2026-09-30) 45007 bytes
2026-09-27 09:38:02,261 [INFO] [OK] USA/ECM_ENSEMBLE_Wheat_Spring_PRCP/cumulative dia 04 (2026-09-27 → 2026-10-01) 46614 bytes
2026-09-27 09:38:02,407 [INFO] [OK] USA/ECM_ENSEMBLE_Wheat_Spring_PRCP/cumulative dia 05 (2026-09-27 → 2026-10-02) 47714 bytes
2026-09-27 09:38:02,520 [INFO] [OK] USA/ECM_ENSEMBLE_Wheat_Spring_PRCP/cumulative dia 06 (2026-09-27 → 2026-10-03) 47799 bytes
2026-09-27 09:38:03,134 [INFO] [OK] USA/ECM_ENSEMBLE_Wheat_Spring_PRCP/cumulative dia 07 (2026-09-27 → 2026-10-04) 47982 bytes
2026-09-27 09:38:03,924 [INFO] [OK] USA/ECM_ENSEMBLE_Wheat_Spring_PRCP/cumulative dia 08 (2026-09-27 → 2026-10-05) 47872 bytes
2026-09-27 09:38:04,556 [INFO] [OK] USA/ECM_ENSEMBLE_Wheat_Spring_PRCP/cumulative dia 09 (2026-09-27 → 2026-10-06) 47641 bytes
2026-09-27 09:38:04,888 [INFO] [OK] USA/ECM_ENSEMBLE_Wheat_Spring_PRCP/cumulative dia 10 (2026-09-27 → 2026-10-07) 47930 bytes
2026-09-27 09:38:05,126 [INFO] [OK] USA/ECM_ENSEMBLE_Wheat_Spring_PRCP/cumulative dia 11 (2026-09-27 → 2026-10-08) 48206 bytes
2026-09-27 09:38:05,366 [INFO] [OK] USA/ECM_ENSEMBLE_Wheat_Spring_PRCP/cumulative dia 12 (2026-09-27 → 2026-10-09) 47999 bytes
2026-09-27 09:38:06,130 [INFO] [OK] USA/ECM_ENSEMBLE_Wheat_Spring_PRCP/cumulative dia 13 (2026-09-27 → 2026-10-10) 47849 bytes
2026-09-27 09:38:06,793 [INFO] [OK] USA/ECM_ENSEMBLE_Wheat_Spring_PRCP/cumulative dia 14 (2026-09-27 → 2026-10-11) 48041 bytes
2026-09-27 09:38:06,809 [INFO] Resumo: 960/960 sucessos, 0 erros
2026-09-27 09:38:24,795 [INFO] [CLEANUP] Removidas 1100 pastas de histórico anteriores a 2026-08-28
2026-09-27 09:38:24,824 [INFO] Manifest: C:\Users\server\OneDrive - CGB Enterprises, Inc\ZGC-PBI Research - Documents\Dataset Data Files\Weather_maps\manifest.json
2026-09-27 09:38:24,824 [INFO] [GIT] Iniciando sincronização com GitHub...
2026-09-27 09:40:56,333 [INFO] [GIT] Sucesso ✓
2026-09-27 09:40:56,339 [INFO] ✓ Sincronizado com GitHub — Power BI atualiza no próximo refresh
