2026-07-03 09:33:20,490 [INFO] === Execução 2026-07-03 | modo=both | dias=15 | parâmetro=['PRCP_DEP', 'PRCP'] ===
2026-07-03 09:33:20,839 [INFO] Baixando 960 mapas com 6 threads...
2026-07-03 09:33:26,730 [INFO] [OK] Brazil/GFS_ENSEMBLE_Soy_PRCP_DEP/daily dia 05 (2026-07-08 → 2026-07-08) 37809 bytes
2026-07-03 09:33:26,764 [INFO] [OK] Brazil/GFS_ENSEMBLE_Soy_PRCP_DEP/daily dia 00 (2026-07-03 → 2026-07-03) 35720 bytes
2026-07-03 09:33:26,767 [INFO] [OK] Brazil/GFS_ENSEMBLE_Soy_PRCP_DEP/daily dia 01 (2026-07-04 → 2026-07-04) 35056 bytes
2026-07-03 09:33:26,808 [INFO] [OK] Brazil/GFS_ENSEMBLE_Soy_PRCP_DEP/daily dia 04 (2026-07-07 → 2026-07-07) 38812 bytes
2026-07-03 09:33:26,810 [INFO] [OK] Brazil/GFS_ENSEMBLE_Soy_PRCP_DEP/daily dia 02 (2026-07-05 → 2026-07-05) 36599 bytes
2026-07-03 09:33:26,825 [INFO] [OK] Brazil/GFS_ENSEMBLE_Soy_PRCP_DEP/daily dia 03 (2026-07-06 → 2026-07-06) 40345 bytes
2026-07-03 09:33:28,291 [INFO] [OK] Brazil/GFS_ENSEMBLE_Soy_PRCP_DEP/daily dia 08 (2026-07-11 → 2026-07-11) 48633 bytes
2026-07-03 09:33:28,292 [INFO] [OK] Brazil/GFS_ENSEMBLE_Soy_PRCP_DEP/daily dia 07 (2026-07-10 → 2026-07-10) 49429 bytes
2026-07-03 09:33:28,293 [INFO] [OK] Brazil/GFS_ENSEMBLE_Soy_PRCP_DEP/daily dia 10 (2026-07-13 → 2026-07-13) 47327 bytes
2026-07-03 09:33:28,295 [INFO] [OK] Brazil/GFS_ENSEMBLE_Soy_PRCP_DEP/daily dia 09 (2026-07-12 → 2026-07-12) 49145 bytes
2026-07-03 09:33:28,322 [INFO] [OK] Brazil/GFS_ENSEMBLE_Soy_PRCP_DEP/daily dia 06 (2026-07-09 → 2026-07-09) 46838 bytes
2026-07-03 09:33:28,372 [INFO] [OK] Brazil/GFS_ENSEMBLE_Soy_PRCP_DEP/daily dia 11 (2026-07-14 → 2026-07-14) 49341 bytes
2026-07-03 09:33:29,601 [INFO] [OK] Brazil/GFS_ENSEMBLE_Soy_PRCP_DEP/cumulative dia 00 (2026-07-03 → 2026-07-03) 35720 bytes
2026-07-03 09:33:29,670 [INFO] [OK] Brazil/GFS_ENSEMBLE_Soy_PRCP_DEP/daily dia 12 (2026-07-15 → 2026-07-15) 48837 bytes
2026-07-03 09:33:29,687 [INFO] [OK] Brazil/GFS_ENSEMBLE_Soy_PRCP_DEP/daily dia 14 (2026-07-17 → 2026-07-17) 52235 bytes
2026-07-03 09:33:29,791 [INFO] [OK] Brazil/GFS_ENSEMBLE_Soy_PRCP_DEP/cumulative dia 01 (2026-07-03 → 2026-07-04) 36393 bytes
2026-07-03 09:33:29,902 [INFO] [OK] Brazil/GFS_ENSEMBLE_Soy_PRCP_DEP/daily dia 13 (2026-07-16 → 2026-07-16) 49656 bytes
2026-07-03 09:33:30,012 [INFO] [OK] Brazil/GFS_ENSEMBLE_Soy_PRCP_DEP/cumulative dia 02 (2026-07-03 → 2026-07-05) 38186 bytes
2026-07-03 09:33:31,350 [INFO] [OK] Brazil/GFS_ENSEMBLE_Soy_PRCP_DEP/cumulative dia 03 (2026-07-03 → 2026-07-06) 40483 bytes
2026-07-03 09:33:31,353 [INFO] [OK] Brazil/GFS_ENSEMBLE_Soy_PRCP_DEP/cumulative dia 04 (2026-07-03 → 2026-07-07) 41492 bytes
2026-07-03 09:33:31,461 [INFO] [OK] Brazil/GFS_ENSEMBLE_Soy_PRCP_DEP/cumulative dia 05 (2026-07-03 → 2026-07-08) 41766 bytes
2026-07-03 09:33:31,556 [INFO] [OK] Brazil/GFS_ENSEMBLE_Soy_PRCP_DEP/cumulative dia 06 (2026-07-03 → 2026-07-09) 44262 bytes
2026-07-03 09:33:31,840 [INFO] [OK] Brazil/GFS_ENSEMBLE_Soy_PRCP_DEP/cumulative dia 07 (2026-07-03 → 2026-07-10) 49390 bytes
2026-07-03 09:33:31,930 [INFO] [OK] Brazil/GFS_ENSEMBLE_Soy_PRCP_DEP/cumulative dia 08 (2026-07-03 → 2026-07-11) 50379 bytes
2026-07-03 09:33:33,551 [INFO] [OK] Brazil/GFS_ENSEMBLE_Soy_PRCP_DEP/cumulative dia 09 (2026-07-03 → 2026-07-12) 50955 bytes
2026-07-03 09:33:33,571 [INFO] [OK] Brazil/GFS_ENSEMBLE_Soy_PRCP_DEP/cumulative dia 10 (2026-07-03 → 2026-07-13) 50850 bytes
2026-07-03 09:33:33,700 [INFO] [OK] Brazil/GFS_ENSEMBLE_Soy_PRCP_DEP/cumulative dia 11 (2026-07-03 → 2026-07-14) 50597 bytes
2026-07-03 09:33:33,955 [INFO] [OK] Brazil/GFS_ENSEMBLE_Soy_PRCP_DEP/cumulative dia 12 (2026-07-03 → 2026-07-15) 50556 bytes
2026-07-03 09:33:34,171 [INFO] [OK] Brazil/GFS_ENSEMBLE_Soy_PRCP_DEP/cumulative dia 13 (2026-07-03 → 2026-07-16) 50418 bytes
2026-07-03 09:33:34,387 [INFO] [OK] Brazil/GFS_ENSEMBLE_Soy_PRCP_DEP/cumulative dia 14 (2026-07-03 → 2026-07-17) 50719 bytes
2026-07-03 09:33:34,839 [INFO] [OK] Brazil/GFS_ENSEMBLE_Soy_PRCP/daily dia 01 (2026-07-04 → 2026-07-04) 29159 bytes
2026-07-03 09:33:34,872 [INFO] [OK] Brazil/GFS_ENSEMBLE_Soy_PRCP/daily dia 00 (2026-07-03 → 2026-07-03) 29315 bytes
2026-07-03 09:33:35,020 [INFO] [OK] Brazil/GFS_ENSEMBLE_Soy_PRCP/daily dia 02 (2026-07-05 → 2026-07-05) 29381 bytes
2026-07-03 09:33:35,283 [INFO] [OK] Brazil/GFS_ENSEMBLE_Soy_PRCP/daily dia 03 (2026-07-06 → 2026-07-06) 30501 bytes
2026-07-03 09:33:35,471 [INFO] [OK] Brazil/GFS_ENSEMBLE_Soy_PRCP/daily dia 04 (2026-07-07 → 2026-07-07) 29996 bytes
2026-07-03 09:33:35,609 [INFO] [OK] Brazil/GFS_ENSEMBLE_Soy_PRCP/daily dia 05 (2026-07-08 → 2026-07-08) 29104 bytes
2026-07-03 09:33:36,179 [INFO] [OK] Brazil/GFS_ENSEMBLE_Soy_PRCP/daily dia 06 (2026-07-09 → 2026-07-09) 29737 bytes
2026-07-03 09:33:36,181 [INFO] [OK] Brazil/GFS_ENSEMBLE_Soy_PRCP/daily dia 07 (2026-07-10 → 2026-07-10) 31687 bytes
2026-07-03 09:33:36,414 [INFO] [OK] Brazil/GFS_ENSEMBLE_Soy_PRCP/daily dia 08 (2026-07-11 → 2026-07-11) 31082 bytes
2026-07-03 09:33:36,585 [INFO] [OK] Brazil/GFS_ENSEMBLE_Soy_PRCP/daily dia 09 (2026-07-12 → 2026-07-12) 31091 bytes
2026-07-03 09:33:36,742 [INFO] [OK] Brazil/GFS_ENSEMBLE_Soy_PRCP/daily dia 10 (2026-07-13 → 2026-07-13) 30763 bytes
2026-07-03 09:33:36,829 [INFO] [OK] Brazil/GFS_ENSEMBLE_Soy_PRCP/daily dia 11 (2026-07-14 → 2026-07-14) 29794 bytes
2026-07-03 09:33:37,462 [INFO] [OK] Brazil/GFS_ENSEMBLE_Soy_PRCP/daily dia 12 (2026-07-15 → 2026-07-15) 30231 bytes
2026-07-03 09:33:37,505 [INFO] [OK] Brazil/GFS_ENSEMBLE_Soy_PRCP/daily dia 13 (2026-07-16 → 2026-07-16) 30180 bytes
2026-07-03 09:33:37,695 [INFO] [OK] Brazil/GFS_ENSEMBLE_Soy_PRCP/daily dia 14 (2026-07-17 → 2026-07-17) 30768 bytes
2026-07-03 09:33:37,900 [INFO] [OK] Brazil/GFS_ENSEMBLE_Soy_PRCP/cumulative dia 00 (2026-07-03 → 2026-07-03) 29315 bytes
2026-07-03 09:33:38,199 [INFO] [OK] Brazil/GFS_ENSEMBLE_Soy_PRCP/cumulative dia 01 (2026-07-03 → 2026-07-04) 30516 bytes
2026-07-03 09:33:38,374 [INFO] [OK] Brazil/GFS_ENSEMBLE_Soy_PRCP/cumulative dia 02 (2026-07-03 → 2026-07-05) 31782 bytes
2026-07-03 09:33:38,945 [INFO] [OK] Brazil/GFS_ENSEMBLE_Soy_PRCP/cumulative dia 03 (2026-07-03 → 2026-07-06) 33648 bytes
2026-07-03 09:33:39,231 [INFO] [OK] Brazil/GFS_ENSEMBLE_Soy_PRCP/cumulative dia 04 (2026-07-03 → 2026-07-07) 34845 bytes
2026-07-03 09:33:40,285 [INFO] [OK] Brazil/GFS_ENSEMBLE_Soy_PRCP/cumulative dia 06 (2026-07-03 → 2026-07-09) 35994 bytes
2026-07-03 09:33:40,287 [INFO] [OK] Brazil/GFS_ENSEMBLE_Soy_PRCP/cumulative dia 07 (2026-07-03 → 2026-07-10) 37901 bytes
2026-07-03 09:33:40,290 [INFO] [OK] Brazil/GFS_ENSEMBLE_Soy_PRCP/cumulative dia 08 (2026-07-03 → 2026-07-11) 38699 bytes
2026-07-03 09:33:40,290 [INFO] [OK] Brazil/GFS_ENSEMBLE_Soy_PRCP/cumulative dia 05 (2026-07-03 → 2026-07-08) 35321 bytes
2026-07-03 09:33:40,914 [INFO] [OK] Brazil/GFS_ENSEMBLE_Soy_PRCP/cumulative dia 09 (2026-07-03 → 2026-07-12) 39647 bytes
2026-07-03 09:33:41,268 [INFO] [OK] Brazil/GFS_ENSEMBLE_Soy_PRCP/cumulative dia 10 (2026-07-03 → 2026-07-13) 40324 bytes
2026-07-03 09:33:42,312 [INFO] [OK] Brazil/GFS_ENSEMBLE_Corn_Winter_PRCP_DEP/daily dia 00 (2026-07-03 → 2026-07-03) 34269 bytes
2026-07-03 09:33:42,599 [INFO] [OK] Brazil/GFS_ENSEMBLE_Soy_PRCP/cumulative dia 11 (2026-07-03 → 2026-07-14) 41155 bytes
2026-07-03 09:33:42,644 [INFO] [OK] Brazil/GFS_ENSEMBLE_Soy_PRCP/cumulative dia 12 (2026-07-03 → 2026-07-15) 41485 bytes
2026-07-03 09:33:42,875 [INFO] [OK] Brazil/GFS_ENSEMBLE_Soy_PRCP/cumulative dia 13 (2026-07-03 → 2026-07-16) 41825 bytes
2026-07-03 09:33:42,882 [INFO] [OK] Brazil/GFS_ENSEMBLE_Corn_Winter_PRCP_DEP/daily dia 01 (2026-07-04 → 2026-07-04) 33553 bytes
2026-07-03 09:33:43,011 [INFO] [OK] Brazil/GFS_ENSEMBLE_Soy_PRCP/cumulative dia 14 (2026-07-03 → 2026-07-17) 42563 bytes
2026-07-03 09:33:43,835 [INFO] [OK] Brazil/GFS_ENSEMBLE_Corn_Winter_PRCP_DEP/daily dia 02 (2026-07-05 → 2026-07-05) 35123 bytes
2026-07-03 09:33:44,273 [INFO] [OK] Brazil/GFS_ENSEMBLE_Corn_Winter_PRCP_DEP/daily dia 03 (2026-07-06 → 2026-07-06) 38900 bytes
2026-07-03 09:33:44,274 [INFO] [OK] Brazil/GFS_ENSEMBLE_Corn_Winter_PRCP_DEP/daily dia 04 (2026-07-07 → 2026-07-07) 37365 bytes
2026-07-03 09:33:44,496 [INFO] [OK] Brazil/GFS_ENSEMBLE_Corn_Winter_PRCP_DEP/daily dia 06 (2026-07-09 → 2026-07-09) 45223 bytes
2026-07-03 09:33:44,775 [INFO] [OK] Brazil/GFS_ENSEMBLE_Corn_Winter_PRCP_DEP/daily dia 07 (2026-07-10 → 2026-07-10) 47790 bytes
2026-07-03 09:33:44,783 [INFO] [OK] Brazil/GFS_ENSEMBLE_Corn_Winter_PRCP_DEP/daily dia 05 (2026-07-08 → 2026-07-08) 36195 bytes
2026-07-03 09:33:45,131 [INFO] [OK] Brazil/GFS_ENSEMBLE_Corn_Winter_PRCP_DEP/daily dia 08 (2026-07-11 → 2026-07-11) 47235 bytes
2026-07-03 09:33:45,875 [INFO] [OK] Brazil/GFS_ENSEMBLE_Corn_Winter_PRCP_DEP/daily dia 10 (2026-07-13 → 2026-07-13) 45881 bytes
2026-07-03 09:33:45,974 [INFO] [OK] Brazil/GFS_ENSEMBLE_Corn_Winter_PRCP_DEP/daily dia 11 (2026-07-14 → 2026-07-14) 47922 bytes
2026-07-03 09:33:46,088 [INFO] [OK] Brazil/GFS_ENSEMBLE_Corn_Winter_PRCP_DEP/daily dia 13 (2026-07-16 → 2026-07-16) 48186 bytes
2026-07-03 09:33:46,512 [INFO] [OK] Brazil/GFS_ENSEMBLE_Corn_Winter_PRCP_DEP/daily dia 14 (2026-07-17 → 2026-07-17) 51005 bytes
2026-07-03 09:33:46,517 [INFO] [OK] Brazil/GFS_ENSEMBLE_Corn_Winter_PRCP_DEP/daily dia 09 (2026-07-12 → 2026-07-12) 47575 bytes
2026-07-03 09:33:46,519 [INFO] [OK] Brazil/GFS_ENSEMBLE_Corn_Winter_PRCP_DEP/daily dia 12 (2026-07-15 → 2026-07-15) 47299 bytes
2026-07-03 09:33:47,168 [INFO] [OK] Brazil/GFS_ENSEMBLE_Corn_Winter_PRCP_DEP/cumulative dia 00 (2026-07-03 → 2026-07-03) 34269 bytes
2026-07-03 09:33:47,327 [INFO] [OK] Brazil/GFS_ENSEMBLE_Corn_Winter_PRCP_DEP/cumulative dia 01 (2026-07-03 → 2026-07-04) 34861 bytes
2026-07-03 09:33:47,561 [INFO] [OK] Brazil/GFS_ENSEMBLE_Corn_Winter_PRCP_DEP/cumulative dia 02 (2026-07-03 → 2026-07-05) 36673 bytes
2026-07-03 09:33:48,092 [INFO] [OK] Brazil/GFS_ENSEMBLE_Corn_Winter_PRCP_DEP/cumulative dia 03 (2026-07-03 → 2026-07-06) 38917 bytes
2026-07-03 09:33:48,188 [INFO] [OK] Brazil/GFS_ENSEMBLE_Corn_Winter_PRCP_DEP/cumulative dia 04 (2026-07-03 → 2026-07-07) 39854 bytes
2026-07-03 09:33:48,265 [INFO] [OK] Brazil/GFS_ENSEMBLE_Corn_Winter_PRCP_DEP/cumulative dia 05 (2026-07-03 → 2026-07-08) 40354 bytes
2026-07-03 09:33:48,895 [INFO] [OK] Brazil/GFS_ENSEMBLE_Corn_Winter_PRCP_DEP/cumulative dia 06 (2026-07-03 → 2026-07-09) 42681 bytes
2026-07-03 09:33:49,117 [INFO] [OK] Brazil/GFS_ENSEMBLE_Corn_Winter_PRCP_DEP/cumulative dia 07 (2026-07-03 → 2026-07-10) 47961 bytes
2026-07-03 09:33:49,507 [INFO] [OK] Brazil/GFS_ENSEMBLE_Corn_Winter_PRCP_DEP/cumulative dia 08 (2026-07-03 → 2026-07-11) 48747 bytes
2026-07-03 09:33:50,194 [INFO] [OK] Brazil/GFS_ENSEMBLE_Corn_Winter_PRCP_DEP/cumulative dia 09 (2026-07-03 → 2026-07-12) 49278 bytes
2026-07-03 09:33:50,371 [INFO] [OK] Brazil/GFS_ENSEMBLE_Corn_Winter_PRCP_DEP/cumulative dia 10 (2026-07-03 → 2026-07-13) 49367 bytes
2026-07-03 09:33:50,559 [INFO] [OK] Brazil/GFS_ENSEMBLE_Corn_Winter_PRCP_DEP/cumulative dia 11 (2026-07-03 → 2026-07-14) 48970 bytes
2026-07-03 09:33:51,074 [INFO] [OK] Brazil/GFS_ENSEMBLE_Corn_Winter_PRCP_DEP/cumulative dia 12 (2026-07-03 → 2026-07-15) 48970 bytes
2026-07-03 09:33:51,468 [INFO] [OK] Brazil/GFS_ENSEMBLE_Corn_Winter_PRCP_DEP/cumulative dia 13 (2026-07-03 → 2026-07-16) 48905 bytes
2026-07-03 09:33:51,538 [INFO] [OK] Brazil/GFS_ENSEMBLE_Corn_Winter_PRCP/daily dia 00 (2026-07-03 → 2026-07-03) 27874 bytes
2026-07-03 09:33:51,600 [INFO] [OK] Brazil/GFS_ENSEMBLE_Corn_Winter_PRCP/daily dia 01 (2026-07-04 → 2026-07-04) 27612 bytes
2026-07-03 09:33:51,855 [INFO] [OK] Brazil/GFS_ENSEMBLE_Corn_Winter_PRCP/daily dia 02 (2026-07-05 → 2026-07-05) 27763 bytes
2026-07-03 09:33:51,935 [INFO] [OK] Brazil/GFS_ENSEMBLE_Corn_Winter_PRCP_DEP/cumulative dia 14 (2026-07-03 → 2026-07-17) 49110 bytes
2026-07-03 09:33:52,501 [INFO] [OK] Brazil/GFS_ENSEMBLE_Corn_Winter_PRCP/daily dia 03 (2026-07-06 → 2026-07-06) 28863 bytes
2026-07-03 09:33:52,718 [INFO] [OK] Brazil/GFS_ENSEMBLE_Corn_Winter_PRCP/daily dia 04 (2026-07-07 → 2026-07-07) 28505 bytes
2026-07-03 09:33:52,739 [INFO] [OK] Brazil/GFS_ENSEMBLE_Corn_Winter_PRCP/daily dia 05 (2026-07-08 → 2026-07-08) 27600 bytes
2026-07-03 09:33:52,965 [INFO] [OK] Brazil/GFS_ENSEMBLE_Corn_Winter_PRCP/daily dia 06 (2026-07-09 → 2026-07-09) 28155 bytes
2026-07-03 09:33:53,138 [INFO] [OK] Brazil/GFS_ENSEMBLE_Corn_Winter_PRCP/daily dia 07 (2026-07-10 → 2026-07-10) 30155 bytes
2026-07-03 09:33:53,369 [INFO] [OK] Brazil/GFS_ENSEMBLE_Corn_Winter_PRCP/daily dia 08 (2026-07-11 → 2026-07-11) 29694 bytes
2026-07-03 09:33:54,094 [INFO] [OK] Brazil/GFS_ENSEMBLE_Corn_Winter_PRCP/daily dia 11 (2026-07-14 → 2026-07-14) 28425 bytes
2026-07-03 09:33:54,303 [INFO] [OK] Brazil/GFS_ENSEMBLE_Corn_Winter_PRCP/daily dia 09 (2026-07-12 → 2026-07-12) 29710 bytes
2026-07-03 09:33:54,335 [INFO] [OK] Brazil/GFS_ENSEMBLE_Corn_Winter_PRCP/daily dia 13 (2026-07-16 → 2026-07-16) 28690 bytes
2026-07-03 09:33:54,358 [INFO] [OK] Brazil/GFS_ENSEMBLE_Corn_Winter_PRCP/daily dia 10 (2026-07-13 → 2026-07-13) 29439 bytes
2026-07-03 09:33:54,485 [INFO] [OK] Brazil/GFS_ENSEMBLE_Corn_Winter_PRCP/daily dia 12 (2026-07-15 → 2026-07-15) 28781 bytes
2026-07-03 09:33:54,607 [INFO] [OK] Brazil/GFS_ENSEMBLE_Corn_Winter_PRCP/daily dia 14 (2026-07-17 → 2026-07-17) 29202 bytes
2026-07-03 09:33:55,329 [INFO] [OK] Brazil/GFS_ENSEMBLE_Corn_Winter_PRCP/cumulative dia 00 (2026-07-03 → 2026-07-03) 27874 bytes
2026-07-03 09:33:55,624 [INFO] [OK] Brazil/GFS_ENSEMBLE_Corn_Winter_PRCP/cumulative dia 01 (2026-07-03 → 2026-07-04) 29078 bytes
2026-07-03 09:33:55,733 [INFO] [OK] Brazil/GFS_ENSEMBLE_Corn_Winter_PRCP/cumulative dia 02 (2026-07-03 → 2026-07-05) 30190 bytes
2026-07-03 09:33:55,898 [INFO] [OK] Brazil/GFS_ENSEMBLE_Corn_Winter_PRCP/cumulative dia 03 (2026-07-03 → 2026-07-06) 31982 bytes
2026-07-03 09:33:56,074 [INFO] [OK] Brazil/GFS_ENSEMBLE_Corn_Winter_PRCP/cumulative dia 04 (2026-07-03 → 2026-07-07) 33255 bytes
2026-07-03 09:33:56,340 [INFO] [OK] Brazil/GFS_ENSEMBLE_Corn_Winter_PRCP/cumulative dia 05 (2026-07-03 → 2026-07-08) 33740 bytes
2026-07-03 09:33:57,198 [INFO] [OK] Brazil/GFS_ENSEMBLE_Corn_Winter_PRCP/cumulative dia 06 (2026-07-03 → 2026-07-09) 34466 bytes
2026-07-03 09:33:57,526 [INFO] [OK] Brazil/GFS_ENSEMBLE_Corn_Winter_PRCP/cumulative dia 07 (2026-07-03 → 2026-07-10) 36343 bytes
2026-07-03 09:33:57,635 [INFO] [OK] Brazil/GFS_ENSEMBLE_Corn_Winter_PRCP/cumulative dia 08 (2026-07-03 → 2026-07-11) 37265 bytes
2026-07-03 09:33:57,886 [INFO] [OK] Brazil/GFS_ENSEMBLE_Corn_Winter_PRCP/cumulative dia 09 (2026-07-03 → 2026-07-12) 38066 bytes
2026-07-03 09:33:58,272 [INFO] [OK] Brazil/GFS_ENSEMBLE_Corn_Winter_PRCP/cumulative dia 10 (2026-07-03 → 2026-07-13) 38790 bytes
2026-07-03 09:33:58,399 [INFO] [OK] Brazil/GFS_ENSEMBLE_Corn_Winter_PRCP/cumulative dia 11 (2026-07-03 → 2026-07-14) 39706 bytes
2026-07-03 09:33:59,265 [INFO] [OK] Brazil/ECM_ENSEMBLE_Soy_PRCP_DEP/daily dia 00 (2026-07-03 → 2026-07-03) 40636 bytes
2026-07-03 09:33:59,383 [INFO] [OK] Brazil/GFS_ENSEMBLE_Corn_Winter_PRCP/cumulative dia 12 (2026-07-03 → 2026-07-15) 39895 bytes
2026-07-03 09:33:59,755 [INFO] [OK] Brazil/ECM_ENSEMBLE_Soy_PRCP_DEP/daily dia 02 (2026-07-05 → 2026-07-05) 41901 bytes
2026-07-03 09:33:59,999 [INFO] [OK] Brazil/GFS_ENSEMBLE_Corn_Winter_PRCP/cumulative dia 13 (2026-07-03 → 2026-07-16) 40387 bytes
2026-07-03 09:34:00,140 [INFO] [OK] Brazil/ECM_ENSEMBLE_Soy_PRCP_DEP/daily dia 01 (2026-07-04 → 2026-07-04) 38805 bytes
2026-07-03 09:34:00,424 [INFO] [OK] Brazil/GFS_ENSEMBLE_Corn_Winter_PRCP/cumulative dia 14 (2026-07-03 → 2026-07-17) 41009 bytes
2026-07-03 09:34:00,614 [INFO] [OK] Brazil/ECM_ENSEMBLE_Soy_PRCP_DEP/daily dia 03 (2026-07-06 → 2026-07-06) 45673 bytes
2026-07-03 09:34:00,664 [INFO] [OK] Brazil/ECM_ENSEMBLE_Soy_PRCP_DEP/daily dia 04 (2026-07-07 → 2026-07-07) 40842 bytes
2026-07-03 09:34:01,300 [INFO] [OK] Brazil/ECM_ENSEMBLE_Soy_PRCP_DEP/daily dia 05 (2026-07-08 → 2026-07-08) 40110 bytes
2026-07-03 09:34:01,302 [INFO] [OK] Brazil/ECM_ENSEMBLE_Soy_PRCP_DEP/daily dia 06 (2026-07-09 → 2026-07-09) 46785 bytes
2026-07-03 09:34:01,426 [INFO] [OK] Brazil/ECM_ENSEMBLE_Soy_PRCP_DEP/daily dia 07 (2026-07-10 → 2026-07-10) 49738 bytes
2026-07-03 09:34:01,698 [INFO] [OK] Brazil/ECM_ENSEMBLE_Soy_PRCP_DEP/daily dia 08 (2026-07-11 → 2026-07-11) 49750 bytes
2026-07-03 09:34:02,403 [INFO] [OK] Brazil/ECM_ENSEMBLE_Soy_PRCP_DEP/daily dia 09 (2026-07-12 → 2026-07-12) 49044 bytes
2026-07-03 09:34:02,410 [INFO] [OK] Brazil/ECM_ENSEMBLE_Soy_PRCP_DEP/daily dia 10 (2026-07-13 → 2026-07-13) 48925 bytes
2026-07-03 09:34:02,703 [INFO] [OK] Brazil/ECM_ENSEMBLE_Soy_PRCP_DEP/daily dia 12 (2026-07-15 → 2026-07-15) 50283 bytes
2026-07-03 09:34:02,748 [INFO] [OK] Brazil/ECM_ENSEMBLE_Soy_PRCP_DEP/daily dia 11 (2026-07-14 → 2026-07-14) 48888 bytes
2026-07-03 09:34:02,840 [INFO] [OK] Brazil/ECM_ENSEMBLE_Soy_PRCP_DEP/daily dia 13 (2026-07-16 → 2026-07-16) 50072 bytes
2026-07-03 09:34:03,122 [INFO] [OK] Brazil/ECM_ENSEMBLE_Soy_PRCP_DEP/daily dia 14 (2026-07-17 → 2026-07-17) 51428 bytes
2026-07-03 09:34:03,770 [INFO] [OK] Brazil/ECM_ENSEMBLE_Soy_PRCP_DEP/cumulative dia 00 (2026-07-03 → 2026-07-03) 40636 bytes
2026-07-03 09:34:03,839 [INFO] [OK] Brazil/ECM_ENSEMBLE_Soy_PRCP_DEP/cumulative dia 01 (2026-07-03 → 2026-07-04) 41433 bytes
2026-07-03 09:34:04,154 [INFO] [OK] Brazil/ECM_ENSEMBLE_Soy_PRCP_DEP/cumulative dia 02 (2026-07-03 → 2026-07-05) 43225 bytes
2026-07-03 09:34:04,294 [INFO] [OK] Brazil/ECM_ENSEMBLE_Soy_PRCP_DEP/cumulative dia 03 (2026-07-03 → 2026-07-06) 46128 bytes
2026-07-03 09:34:04,438 [INFO] [OK] Brazil/ECM_ENSEMBLE_Soy_PRCP_DEP/cumulative dia 04 (2026-07-03 → 2026-07-07) 46894 bytes
2026-07-03 09:34:04,752 [INFO] [OK] Brazil/ECM_ENSEMBLE_Soy_PRCP_DEP/cumulative dia 05 (2026-07-03 → 2026-07-08) 46228 bytes
2026-07-03 09:34:05,532 [INFO] [OK] Brazil/ECM_ENSEMBLE_Soy_PRCP_DEP/cumulative dia 06 (2026-07-03 → 2026-07-09) 46798 bytes
2026-07-03 09:34:05,672 [INFO] [OK] Brazil/ECM_ENSEMBLE_Soy_PRCP_DEP/cumulative dia 07 (2026-07-03 → 2026-07-10) 48619 bytes
2026-07-03 09:34:06,142 [INFO] [OK] Brazil/ECM_ENSEMBLE_Soy_PRCP_DEP/cumulative dia 08 (2026-07-03 → 2026-07-11) 50608 bytes
2026-07-03 09:34:06,309 [INFO] [OK] Brazil/ECM_ENSEMBLE_Soy_PRCP_DEP/cumulative dia 09 (2026-07-03 → 2026-07-12) 53258 bytes
2026-07-03 09:34:06,543 [INFO] [OK] Brazil/ECM_ENSEMBLE_Soy_PRCP_DEP/cumulative dia 10 (2026-07-03 → 2026-07-13) 53527 bytes
2026-07-03 09:34:06,892 [INFO] [OK] Brazil/ECM_ENSEMBLE_Soy_PRCP_DEP/cumulative dia 11 (2026-07-03 → 2026-07-14) 52877 bytes
2026-07-03 09:34:07,645 [INFO] [OK] Brazil/ECM_ENSEMBLE_Soy_PRCP/daily dia 00 (2026-07-03 → 2026-07-03) 30385 bytes
2026-07-03 09:34:07,832 [INFO] [OK] Brazil/ECM_ENSEMBLE_Soy_PRCP_DEP/cumulative dia 12 (2026-07-03 → 2026-07-15) 52417 bytes
2026-07-03 09:34:07,904 [INFO] [OK] Brazil/ECM_ENSEMBLE_Soy_PRCP/daily dia 01 (2026-07-04 → 2026-07-04) 30005 bytes
2026-07-03 09:34:08,006 [INFO] [OK] Brazil/ECM_ENSEMBLE_Soy_PRCP_DEP/cumulative dia 13 (2026-07-03 → 2026-07-16) 52163 bytes
2026-07-03 09:34:08,479 [INFO] [OK] Brazil/ECM_ENSEMBLE_Soy_PRCP_DEP/cumulative dia 14 (2026-07-03 → 2026-07-17) 51932 bytes
2026-07-03 09:34:08,575 [INFO] [OK] Brazil/ECM_ENSEMBLE_Soy_PRCP/daily dia 02 (2026-07-05 → 2026-07-05) 30075 bytes
2026-07-03 09:34:08,977 [INFO] [OK] Brazil/ECM_ENSEMBLE_Soy_PRCP/daily dia 03 (2026-07-06 → 2026-07-06) 31289 bytes
2026-07-03 09:34:09,087 [INFO] [OK] Brazil/ECM_ENSEMBLE_Soy_PRCP/daily dia 04 (2026-07-07 → 2026-07-07) 30613 bytes
2026-07-03 09:34:09,246 [INFO] [OK] Brazil/ECM_ENSEMBLE_Soy_PRCP/daily dia 05 (2026-07-08 → 2026-07-08) 29452 bytes
2026-07-03 09:34:09,278 [INFO] [OK] Brazil/ECM_ENSEMBLE_Soy_PRCP/daily dia 06 (2026-07-09 → 2026-07-09) 29891 bytes
2026-07-03 09:34:09,876 [INFO] [OK] Brazil/ECM_ENSEMBLE_Soy_PRCP/daily dia 08 (2026-07-11 → 2026-07-11) 31399 bytes
2026-07-03 09:34:09,877 [INFO] [OK] Brazil/ECM_ENSEMBLE_Soy_PRCP/daily dia 07 (2026-07-10 → 2026-07-10) 30998 bytes
2026-07-03 09:34:10,331 [INFO] [OK] Brazil/ECM_ENSEMBLE_Soy_PRCP/daily dia 09 (2026-07-12 → 2026-07-12) 31356 bytes
2026-07-03 09:34:10,414 [INFO] [OK] Brazil/ECM_ENSEMBLE_Soy_PRCP/daily dia 10 (2026-07-13 → 2026-07-13) 31114 bytes
2026-07-03 09:34:10,532 [INFO] [OK] Brazil/ECM_ENSEMBLE_Soy_PRCP/daily dia 12 (2026-07-15 → 2026-07-15) 30979 bytes
2026-07-03 09:34:10,590 [INFO] [OK] Brazil/ECM_ENSEMBLE_Soy_PRCP/daily dia 11 (2026-07-14 → 2026-07-14) 30987 bytes
2026-07-03 09:34:11,252 [INFO] [OK] Brazil/ECM_ENSEMBLE_Soy_PRCP/daily dia 13 (2026-07-16 → 2026-07-16) 31208 bytes
2026-07-03 09:34:11,261 [INFO] [OK] Brazil/ECM_ENSEMBLE_Soy_PRCP/daily dia 14 (2026-07-17 → 2026-07-17) 30602 bytes
2026-07-03 09:34:11,547 [INFO] [OK] Brazil/ECM_ENSEMBLE_Soy_PRCP/cumulative dia 00 (2026-07-03 → 2026-07-03) 30385 bytes
2026-07-03 09:34:11,775 [INFO] [OK] Brazil/ECM_ENSEMBLE_Soy_PRCP/cumulative dia 01 (2026-07-03 → 2026-07-04) 32409 bytes
2026-07-03 09:34:11,939 [INFO] [OK] Brazil/ECM_ENSEMBLE_Soy_PRCP/cumulative dia 02 (2026-07-03 → 2026-07-05) 34136 bytes
2026-07-03 09:34:12,063 [INFO] [OK] Brazil/ECM_ENSEMBLE_Soy_PRCP/cumulative dia 03 (2026-07-03 → 2026-07-06) 35656 bytes
2026-07-03 09:34:12,789 [INFO] [OK] Brazil/ECM_ENSEMBLE_Soy_PRCP/cumulative dia 04 (2026-07-03 → 2026-07-07) 36621 bytes
2026-07-03 09:34:13,040 [INFO] [OK] Brazil/ECM_ENSEMBLE_Soy_PRCP/cumulative dia 05 (2026-07-03 → 2026-07-08) 37075 bytes
2026-07-03 09:34:13,347 [INFO] [OK] Brazil/ECM_ENSEMBLE_Soy_PRCP/cumulative dia 06 (2026-07-03 → 2026-07-09) 37642 bytes
2026-07-03 09:34:13,689 [INFO] [OK] Brazil/ECM_ENSEMBLE_Soy_PRCP/cumulative dia 07 (2026-07-03 → 2026-07-10) 38578 bytes
2026-07-03 09:34:14,009 [INFO] [OK] Brazil/ECM_ENSEMBLE_Soy_PRCP/cumulative dia 08 (2026-07-03 → 2026-07-11) 39683 bytes
2026-07-03 09:34:14,017 [INFO] [OK] Brazil/ECM_ENSEMBLE_Soy_PRCP/cumulative dia 09 (2026-07-03 → 2026-07-12) 40472 bytes
2026-07-03 09:34:15,030 [INFO] [OK] Brazil/ECM_ENSEMBLE_Soy_PRCP/cumulative dia 10 (2026-07-03 → 2026-07-13) 40887 bytes
2026-07-03 09:34:15,168 [INFO] [OK] Brazil/ECM_ENSEMBLE_Soy_PRCP/cumulative dia 11 (2026-07-03 → 2026-07-14) 41831 bytes
2026-07-03 09:34:15,418 [INFO] [OK] Brazil/ECM_ENSEMBLE_Corn_Winter_PRCP_DEP/daily dia 00 (2026-07-03 → 2026-07-03) 39224 bytes
2026-07-03 09:34:16,464 [INFO] [OK] Brazil/ECM_ENSEMBLE_Soy_PRCP/cumulative dia 12 (2026-07-03 → 2026-07-15) 42501 bytes
2026-07-03 09:34:16,469 [INFO] [OK] Brazil/ECM_ENSEMBLE_Soy_PRCP/cumulative dia 13 (2026-07-03 → 2026-07-16) 43153 bytes
2026-07-03 09:34:16,471 [INFO] [OK] Brazil/ECM_ENSEMBLE_Corn_Winter_PRCP_DEP/daily dia 01 (2026-07-04 → 2026-07-04) 37232 bytes
2026-07-03 09:34:16,475 [INFO] [OK] Brazil/ECM_ENSEMBLE_Corn_Winter_PRCP_DEP/daily dia 02 (2026-07-05 → 2026-07-05) 40158 bytes
2026-07-03 09:34:16,588 [INFO] [OK] Brazil/ECM_ENSEMBLE_Soy_PRCP/cumulative dia 14 (2026-07-03 → 2026-07-17) 43319 bytes
2026-07-03 09:34:16,740 [INFO] [OK] Brazil/ECM_ENSEMBLE_Corn_Winter_PRCP_DEP/daily dia 03 (2026-07-06 → 2026-07-06) 44155 bytes
2026-07-03 09:34:17,799 [INFO] [OK] Brazil/ECM_ENSEMBLE_Corn_Winter_PRCP_DEP/daily dia 06 (2026-07-09 → 2026-07-09) 45352 bytes
2026-07-03 09:34:17,878 [INFO] [OK] Brazil/ECM_ENSEMBLE_Corn_Winter_PRCP_DEP/daily dia 07 (2026-07-10 → 2026-07-10) 48242 bytes
2026-07-03 09:34:17,971 [INFO] [OK] Brazil/ECM_ENSEMBLE_Corn_Winter_PRCP_DEP/daily dia 08 (2026-07-11 → 2026-07-11) 48532 bytes
2026-07-03 09:34:18,057 [INFO] [OK] Brazil/ECM_ENSEMBLE_Corn_Winter_PRCP_DEP/daily dia 09 (2026-07-12 → 2026-07-12) 47516 bytes
2026-07-03 09:34:18,072 [INFO] [OK] Brazil/ECM_ENSEMBLE_Corn_Winter_PRCP_DEP/daily dia 04 (2026-07-07 → 2026-07-07) 39408 bytes
2026-07-03 09:34:18,184 [INFO] [OK] Brazil/ECM_ENSEMBLE_Corn_Winter_PRCP_DEP/daily dia 05 (2026-07-08 → 2026-07-08) 38485 bytes
2026-07-03 09:34:19,237 [INFO] [OK] Brazil/ECM_ENSEMBLE_Corn_Winter_PRCP_DEP/daily dia 10 (2026-07-13 → 2026-07-13) 47408 bytes
2026-07-03 09:34:19,428 [INFO] [OK] Brazil/ECM_ENSEMBLE_Corn_Winter_PRCP_DEP/daily dia 13 (2026-07-16 → 2026-07-16) 48630 bytes
2026-07-03 09:34:19,432 [INFO] [OK] Brazil/ECM_ENSEMBLE_Corn_Winter_PRCP_DEP/daily dia 14 (2026-07-17 → 2026-07-17) 49920 bytes
2026-07-03 09:34:19,605 [INFO] [OK] Brazil/ECM_ENSEMBLE_Corn_Winter_PRCP_DEP/daily dia 11 (2026-07-14 → 2026-07-14) 47357 bytes
2026-07-03 09:34:19,665 [INFO] [OK] Brazil/ECM_ENSEMBLE_Corn_Winter_PRCP_DEP/cumulative dia 00 (2026-07-03 → 2026-07-03) 39224 bytes
2026-07-03 09:34:19,720 [INFO] [OK] Brazil/ECM_ENSEMBLE_Corn_Winter_PRCP_DEP/daily dia 12 (2026-07-15 → 2026-07-15) 48841 bytes
2026-07-03 09:34:20,595 [INFO] [OK] Brazil/ECM_ENSEMBLE_Corn_Winter_PRCP_DEP/cumulative dia 01 (2026-07-03 → 2026-07-04) 39916 bytes
2026-07-03 09:34:20,954 [INFO] [OK] Brazil/ECM_ENSEMBLE_Corn_Winter_PRCP_DEP/cumulative dia 02 (2026-07-03 → 2026-07-05) 41607 bytes
2026-07-03 09:34:20,955 [INFO] [OK] Brazil/ECM_ENSEMBLE_Corn_Winter_PRCP_DEP/cumulative dia 03 (2026-07-03 → 2026-07-06) 44448 bytes
2026-07-03 09:34:21,245 [INFO] [OK] Brazil/ECM_ENSEMBLE_Corn_Winter_PRCP_DEP/cumulative dia 04 (2026-07-03 → 2026-07-07) 45285 bytes
2026-07-03 09:34:21,387 [INFO] [OK] Brazil/ECM_ENSEMBLE_Corn_Winter_PRCP_DEP/cumulative dia 05 (2026-07-03 → 2026-07-08) 44557 bytes
2026-07-03 09:34:21,452 [INFO] [OK] Brazil/ECM_ENSEMBLE_Corn_Winter_PRCP_DEP/cumulative dia 06 (2026-07-03 → 2026-07-09) 45188 bytes
2026-07-03 09:34:22,455 [INFO] [OK] Brazil/ECM_ENSEMBLE_Corn_Winter_PRCP_DEP/cumulative dia 07 (2026-07-03 → 2026-07-10) 47113 bytes
2026-07-03 09:34:23,079 [INFO] [OK] Brazil/ECM_ENSEMBLE_Corn_Winter_PRCP_DEP/cumulative dia 09 (2026-07-03 → 2026-07-12) 51717 bytes
2026-07-03 09:34:23,230 [INFO] [OK] Brazil/ECM_ENSEMBLE_Corn_Winter_PRCP_DEP/cumulative dia 08 (2026-07-03 → 2026-07-11) 48874 bytes
2026-07-03 09:34:23,492 [INFO] [OK] Brazil/ECM_ENSEMBLE_Corn_Winter_PRCP_DEP/cumulative dia 10 (2026-07-03 → 2026-07-13) 51845 bytes
2026-07-03 09:34:23,821 [INFO] [OK] Brazil/ECM_ENSEMBLE_Corn_Winter_PRCP_DEP/cumulative dia 11 (2026-07-03 → 2026-07-14) 51339 bytes
2026-07-03 09:34:23,870 [INFO] [OK] Brazil/ECM_ENSEMBLE_Corn_Winter_PRCP_DEP/cumulative dia 12 (2026-07-03 → 2026-07-15) 50803 bytes
2026-07-03 09:34:24,575 [INFO] [OK] Brazil/ECM_ENSEMBLE_Corn_Winter_PRCP/daily dia 00 (2026-07-03 → 2026-07-03) 28982 bytes
2026-07-03 09:34:24,738 [INFO] [OK] Brazil/ECM_ENSEMBLE_Corn_Winter_PRCP/daily dia 01 (2026-07-04 → 2026-07-04) 28478 bytes
2026-07-03 09:34:24,839 [INFO] [OK] Brazil/ECM_ENSEMBLE_Corn_Winter_PRCP_DEP/cumulative dia 13 (2026-07-03 → 2026-07-16) 50561 bytes
2026-07-03 09:34:25,078 [INFO] [OK] Brazil/ECM_ENSEMBLE_Corn_Winter_PRCP/daily dia 02 (2026-07-05 → 2026-07-05) 28459 bytes
2026-07-03 09:34:25,258 [INFO] [OK] Brazil/ECM_ENSEMBLE_Corn_Winter_PRCP/daily dia 03 (2026-07-06 → 2026-07-06) 29688 bytes
2026-07-03 09:34:25,373 [INFO] [OK] Brazil/ECM_ENSEMBLE_Corn_Winter_PRCP_DEP/cumulative dia 14 (2026-07-03 → 2026-07-17) 50325 bytes
2026-07-03 09:34:25,865 [INFO] [OK] Brazil/ECM_ENSEMBLE_Corn_Winter_PRCP/daily dia 04 (2026-07-07 → 2026-07-07) 29101 bytes
2026-07-03 09:34:26,453 [INFO] [OK] Brazil/ECM_ENSEMBLE_Corn_Winter_PRCP/daily dia 05 (2026-07-08 → 2026-07-08) 27951 bytes
2026-07-03 09:34:26,457 [INFO] [OK] Brazil/ECM_ENSEMBLE_Corn_Winter_PRCP/daily dia 06 (2026-07-09 → 2026-07-09) 28476 bytes
2026-07-03 09:34:26,460 [INFO] [OK] Brazil/ECM_ENSEMBLE_Corn_Winter_PRCP/daily dia 07 (2026-07-10 → 2026-07-10) 29405 bytes
2026-07-03 09:34:26,626 [INFO] [OK] Brazil/ECM_ENSEMBLE_Corn_Winter_PRCP/daily dia 08 (2026-07-11 → 2026-07-11) 29761 bytes
2026-07-03 09:34:26,743 [INFO] [OK] Brazil/ECM_ENSEMBLE_Corn_Winter_PRCP/daily dia 09 (2026-07-12 → 2026-07-12) 29812 bytes
2026-07-03 09:34:27,200 [INFO] [OK] Brazil/ECM_ENSEMBLE_Corn_Winter_PRCP/daily dia 10 (2026-07-13 → 2026-07-13) 29668 bytes
2026-07-03 09:34:27,746 [INFO] [OK] Brazil/ECM_ENSEMBLE_Corn_Winter_PRCP/daily dia 11 (2026-07-14 → 2026-07-14) 29445 bytes
2026-07-03 09:34:27,757 [INFO] [OK] Brazil/ECM_ENSEMBLE_Corn_Winter_PRCP/daily dia 13 (2026-07-16 → 2026-07-16) 29847 bytes
2026-07-03 09:34:27,787 [INFO] [OK] Brazil/ECM_ENSEMBLE_Corn_Winter_PRCP/daily dia 12 (2026-07-15 → 2026-07-15) 29633 bytes
2026-07-03 09:34:27,967 [INFO] [OK] Brazil/ECM_ENSEMBLE_Corn_Winter_PRCP/daily dia 14 (2026-07-17 → 2026-07-17) 29356 bytes
2026-07-03 09:34:28,033 [INFO] [OK] Brazil/ECM_ENSEMBLE_Corn_Winter_PRCP/cumulative dia 00 (2026-07-03 → 2026-07-03) 28982 bytes
2026-07-03 09:34:28,606 [INFO] [OK] Brazil/ECM_ENSEMBLE_Corn_Winter_PRCP/cumulative dia 01 (2026-07-03 → 2026-07-04) 31011 bytes
2026-07-03 09:34:29,222 [INFO] [OK] Brazil/ECM_ENSEMBLE_Corn_Winter_PRCP/cumulative dia 02 (2026-07-03 → 2026-07-05) 32646 bytes
2026-07-03 09:34:29,342 [INFO] [OK] Brazil/ECM_ENSEMBLE_Corn_Winter_PRCP/cumulative dia 04 (2026-07-03 → 2026-07-07) 35220 bytes
2026-07-03 09:34:29,514 [INFO] [OK] Brazil/ECM_ENSEMBLE_Corn_Winter_PRCP/cumulative dia 03 (2026-07-03 → 2026-07-06) 34204 bytes
2026-07-03 09:34:29,780 [INFO] [OK] Brazil/ECM_ENSEMBLE_Corn_Winter_PRCP/cumulative dia 06 (2026-07-03 → 2026-07-09) 36306 bytes
2026-07-03 09:34:29,993 [INFO] [OK] Brazil/ECM_ENSEMBLE_Corn_Winter_PRCP/cumulative dia 05 (2026-07-03 → 2026-07-08) 35757 bytes
2026-07-03 09:34:30,397 [INFO] [OK] Brazil/ECM_ENSEMBLE_Corn_Winter_PRCP/cumulative dia 07 (2026-07-03 → 2026-07-10) 37059 bytes
2026-07-03 09:34:31,306 [INFO] [OK] Brazil/ECM_ENSEMBLE_Corn_Winter_PRCP/cumulative dia 08 (2026-07-03 → 2026-07-11) 38197 bytes
2026-07-03 09:34:31,356 [INFO] [OK] Brazil/ECM_ENSEMBLE_Corn_Winter_PRCP/cumulative dia 09 (2026-07-03 → 2026-07-12) 38952 bytes
2026-07-03 09:34:31,671 [INFO] [OK] Brazil/ECM_ENSEMBLE_Corn_Winter_PRCP/cumulative dia 10 (2026-07-03 → 2026-07-13) 39379 bytes
2026-07-03 09:34:31,971 [INFO] [OK] Brazil/ECM_ENSEMBLE_Corn_Winter_PRCP/cumulative dia 11 (2026-07-03 → 2026-07-14) 40313 bytes
2026-07-03 09:34:32,247 [INFO] [OK] Brazil/ECM_ENSEMBLE_Corn_Winter_PRCP/cumulative dia 12 (2026-07-03 → 2026-07-15) 41085 bytes
2026-07-03 09:34:32,287 [INFO] [OK] Argentina/GFS_ENSEMBLE_Soy_PRCP_DEP/daily dia 00 (2026-07-03 → 2026-07-03) 27492 bytes
2026-07-03 09:34:32,558 [INFO] [OK] Argentina/GFS_ENSEMBLE_Soy_PRCP_DEP/daily dia 01 (2026-07-04 → 2026-07-04) 26643 bytes
2026-07-03 09:34:32,718 [INFO] [OK] Brazil/ECM_ENSEMBLE_Corn_Winter_PRCP/cumulative dia 13 (2026-07-03 → 2026-07-16) 41387 bytes
2026-07-03 09:34:32,919 [INFO] [OK] Argentina/GFS_ENSEMBLE_Soy_PRCP_DEP/daily dia 02 (2026-07-05 → 2026-07-05) 28606 bytes
2026-07-03 09:34:33,176 [INFO] [OK] Argentina/GFS_ENSEMBLE_Soy_PRCP_DEP/daily dia 03 (2026-07-06 → 2026-07-06) 31901 bytes
2026-07-03 09:34:33,256 [INFO] [OK] Argentina/GFS_ENSEMBLE_Soy_PRCP_DEP/daily dia 04 (2026-07-07 → 2026-07-07) 29291 bytes
2026-07-03 09:34:33,496 [INFO] [OK] Argentina/GFS_ENSEMBLE_Soy_PRCP_DEP/daily dia 05 (2026-07-08 → 2026-07-08) 28975 bytes
2026-07-03 09:34:33,641 [INFO] [OK] Brazil/ECM_ENSEMBLE_Corn_Winter_PRCP/cumulative dia 14 (2026-07-03 → 2026-07-17) 41839 bytes
2026-07-03 09:34:33,765 [INFO] [OK] Argentina/GFS_ENSEMBLE_Soy_PRCP_DEP/daily dia 06 (2026-07-09 → 2026-07-09) 37349 bytes
2026-07-03 09:34:33,973 [INFO] [OK] Argentina/GFS_ENSEMBLE_Soy_PRCP_DEP/daily dia 07 (2026-07-10 → 2026-07-10) 41216 bytes
2026-07-03 09:34:34,242 [INFO] [OK] Argentina/GFS_ENSEMBLE_Soy_PRCP_DEP/daily dia 08 (2026-07-11 → 2026-07-11) 40355 bytes
2026-07-03 09:34:34,290 [INFO] [OK] Argentina/GFS_ENSEMBLE_Soy_PRCP_DEP/daily dia 09 (2026-07-12 → 2026-07-12) 41029 bytes
2026-07-03 09:34:34,695 [INFO] [OK] Argentina/GFS_ENSEMBLE_Soy_PRCP_DEP/daily dia 10 (2026-07-13 → 2026-07-13) 39075 bytes
2026-07-03 09:34:35,065 [INFO] [OK] Argentina/GFS_ENSEMBLE_Soy_PRCP_DEP/daily dia 12 (2026-07-15 → 2026-07-15) 39788 bytes
2026-07-03 09:34:35,191 [INFO] [OK] Argentina/GFS_ENSEMBLE_Soy_PRCP_DEP/daily dia 11 (2026-07-14 → 2026-07-14) 40682 bytes
2026-07-03 09:34:35,276 [INFO] [OK] Argentina/GFS_ENSEMBLE_Soy_PRCP_DEP/daily dia 14 (2026-07-17 → 2026-07-17) 43720 bytes
2026-07-03 09:34:35,286 [INFO] [OK] Argentina/GFS_ENSEMBLE_Soy_PRCP_DEP/cumulative dia 00 (2026-07-03 → 2026-07-03) 27492 bytes
2026-07-03 09:34:35,541 [INFO] [OK] Argentina/GFS_ENSEMBLE_Soy_PRCP_DEP/daily dia 13 (2026-07-16 → 2026-07-16) 40910 bytes
2026-07-03 09:34:35,842 [INFO] [OK] Argentina/GFS_ENSEMBLE_Soy_PRCP_DEP/cumulative dia 01 (2026-07-03 → 2026-07-04) 27742 bytes
2026-07-03 09:34:36,346 [INFO] [OK] Argentina/GFS_ENSEMBLE_Soy_PRCP_DEP/cumulative dia 02 (2026-07-03 → 2026-07-05) 29150 bytes
2026-07-03 09:34:36,557 [INFO] [OK] Argentina/GFS_ENSEMBLE_Soy_PRCP_DEP/cumulative dia 03 (2026-07-03 → 2026-07-06) 31051 bytes
2026-07-03 09:34:36,671 [INFO] [OK] Argentina/GFS_ENSEMBLE_Soy_PRCP_DEP/cumulative dia 05 (2026-07-03 → 2026-07-08) 32663 bytes
2026-07-03 09:34:36,699 [INFO] [OK] Argentina/GFS_ENSEMBLE_Soy_PRCP_DEP/cumulative dia 04 (2026-07-03 → 2026-07-07) 32179 bytes
2026-07-03 09:34:36,876 [INFO] [OK] Argentina/GFS_ENSEMBLE_Soy_PRCP_DEP/cumulative dia 06 (2026-07-03 → 2026-07-09) 33979 bytes
2026-07-03 09:34:37,120 [INFO] [OK] Argentina/GFS_ENSEMBLE_Soy_PRCP_DEP/cumulative dia 07 (2026-07-03 → 2026-07-10) 39148 bytes
2026-07-03 09:34:37,665 [INFO] [OK] Argentina/GFS_ENSEMBLE_Soy_PRCP_DEP/cumulative dia 08 (2026-07-03 → 2026-07-11) 40824 bytes
2026-07-03 09:34:38,074 [INFO] [OK] Argentina/GFS_ENSEMBLE_Soy_PRCP_DEP/cumulative dia 09 (2026-07-03 → 2026-07-12) 41381 bytes
2026-07-03 09:34:38,179 [INFO] [OK] Argentina/GFS_ENSEMBLE_Soy_PRCP_DEP/cumulative dia 10 (2026-07-03 → 2026-07-13) 40892 bytes
2026-07-03 09:34:38,494 [INFO] [OK] Argentina/GFS_ENSEMBLE_Soy_PRCP_DEP/cumulative dia 11 (2026-07-03 → 2026-07-14) 40261 bytes
2026-07-03 09:34:38,498 [INFO] [OK] Argentina/GFS_ENSEMBLE_Soy_PRCP_DEP/cumulative dia 12 (2026-07-03 → 2026-07-15) 40297 bytes
2026-07-03 09:34:38,845 [INFO] [OK] Argentina/GFS_ENSEMBLE_Soy_PRCP_DEP/cumulative dia 13 (2026-07-03 → 2026-07-16) 40186 bytes
2026-07-03 09:34:39,061 [INFO] [OK] Argentina/GFS_ENSEMBLE_Soy_PRCP/daily dia 00 (2026-07-03 → 2026-07-03) 25177 bytes
2026-07-03 09:34:39,155 [INFO] [OK] Argentina/GFS_ENSEMBLE_Soy_PRCP/daily dia 01 (2026-07-04 → 2026-07-04) 25229 bytes
2026-07-03 09:34:39,405 [INFO] [OK] Argentina/GFS_ENSEMBLE_Soy_PRCP/daily dia 02 (2026-07-05 → 2026-07-05) 25532 bytes
2026-07-03 09:34:39,439 [INFO] [OK] Argentina/GFS_ENSEMBLE_Soy_PRCP/daily dia 03 (2026-07-06 → 2026-07-06) 26794 bytes
2026-07-03 09:34:39,927 [INFO] [OK] Argentina/GFS_ENSEMBLE_Soy_PRCP_DEP/cumulative dia 14 (2026-07-03 → 2026-07-17) 40545 bytes
2026-07-03 09:34:40,079 [INFO] [OK] Argentina/GFS_ENSEMBLE_Soy_PRCP/daily dia 04 (2026-07-07 → 2026-07-07) 27027 bytes
2026-07-03 09:34:40,127 [INFO] [OK] Argentina/GFS_ENSEMBLE_Soy_PRCP/daily dia 05 (2026-07-08 → 2026-07-08) 26352 bytes
2026-07-03 09:34:40,191 [INFO] [OK] Argentina/GFS_ENSEMBLE_Soy_PRCP/daily dia 06 (2026-07-09 → 2026-07-09) 26966 bytes
2026-07-03 09:34:40,344 [INFO] [OK] Argentina/GFS_ENSEMBLE_Soy_PRCP/daily dia 07 (2026-07-10 → 2026-07-10) 28591 bytes
2026-07-03 09:34:40,375 [INFO] [OK] Argentina/GFS_ENSEMBLE_Soy_PRCP/daily dia 08 (2026-07-11 → 2026-07-11) 28469 bytes
2026-07-03 09:34:40,874 [INFO] [OK] Argentina/GFS_ENSEMBLE_Soy_PRCP/daily dia 09 (2026-07-12 → 2026-07-12) 28474 bytes
2026-07-03 09:34:40,997 [INFO] [OK] Argentina/GFS_ENSEMBLE_Soy_PRCP/daily dia 10 (2026-07-13 → 2026-07-13) 28210 bytes
2026-07-03 09:34:41,062 [INFO] [OK] Argentina/GFS_ENSEMBLE_Soy_PRCP/daily dia 11 (2026-07-14 → 2026-07-14) 27035 bytes
2026-07-03 09:34:41,179 [INFO] [OK] Argentina/GFS_ENSEMBLE_Soy_PRCP/daily dia 12 (2026-07-15 → 2026-07-15) 27232 bytes
2026-07-03 09:34:41,366 [INFO] [OK] Argentina/GFS_ENSEMBLE_Soy_PRCP/daily dia 13 (2026-07-16 → 2026-07-16) 27009 bytes
2026-07-03 09:34:41,418 [INFO] [OK] Argentina/GFS_ENSEMBLE_Soy_PRCP/daily dia 14 (2026-07-17 → 2026-07-17) 27436 bytes
2026-07-03 09:34:41,814 [INFO] [OK] Argentina/GFS_ENSEMBLE_Soy_PRCP/cumulative dia 00 (2026-07-03 → 2026-07-03) 25177 bytes
2026-07-03 09:34:41,993 [INFO] [OK] Argentina/GFS_ENSEMBLE_Soy_PRCP/cumulative dia 01 (2026-07-03 → 2026-07-04) 25637 bytes
2026-07-03 09:34:42,152 [INFO] [OK] Argentina/GFS_ENSEMBLE_Soy_PRCP/cumulative dia 02 (2026-07-03 → 2026-07-05) 26319 bytes
2026-07-03 09:34:42,334 [INFO] [OK] Argentina/GFS_ENSEMBLE_Soy_PRCP/cumulative dia 03 (2026-07-03 → 2026-07-06) 27867 bytes
2026-07-03 09:34:42,543 [INFO] [OK] Argentina/GFS_ENSEMBLE_Soy_PRCP/cumulative dia 05 (2026-07-03 → 2026-07-08) 30107 bytes
2026-07-03 09:34:42,623 [INFO] [OK] Argentina/GFS_ENSEMBLE_Soy_PRCP/cumulative dia 04 (2026-07-03 → 2026-07-07) 29506 bytes
2026-07-03 09:34:43,010 [INFO] [OK] Argentina/GFS_ENSEMBLE_Soy_PRCP/cumulative dia 06 (2026-07-03 → 2026-07-09) 30640 bytes
2026-07-03 09:34:43,246 [INFO] [OK] Argentina/GFS_ENSEMBLE_Soy_PRCP/cumulative dia 07 (2026-07-03 → 2026-07-10) 32166 bytes
2026-07-03 09:34:43,467 [INFO] [OK] Argentina/GFS_ENSEMBLE_Soy_PRCP/cumulative dia 08 (2026-07-03 → 2026-07-11) 33029 bytes
2026-07-03 09:34:43,735 [INFO] [OK] Argentina/GFS_ENSEMBLE_Soy_PRCP/cumulative dia 09 (2026-07-03 → 2026-07-12) 33943 bytes
2026-07-03 09:34:44,526 [INFO] [OK] Argentina/GFS_ENSEMBLE_Soy_PRCP/cumulative dia 10 (2026-07-03 → 2026-07-13) 34420 bytes
2026-07-03 09:34:44,698 [INFO] [OK] Argentina/GFS_ENSEMBLE_Soy_PRCP/cumulative dia 12 (2026-07-03 → 2026-07-15) 35165 bytes
2026-07-03 09:34:44,701 [INFO] [OK] Argentina/GFS_ENSEMBLE_Soy_PRCP/cumulative dia 11 (2026-07-03 → 2026-07-14) 34861 bytes
2026-07-03 09:34:44,845 [INFO] [OK] Argentina/GFS_ENSEMBLE_Soy_PRCP/cumulative dia 13 (2026-07-03 → 2026-07-16) 35423 bytes
2026-07-03 09:34:45,125 [INFO] [OK] Argentina/GFS_ENSEMBLE_Soy_PRCP/cumulative dia 14 (2026-07-03 → 2026-07-17) 35918 bytes
2026-07-03 09:34:45,311 [INFO] [OK] Argentina/GFS_ENSEMBLE_Corn_Winter_PRCP_DEP/daily dia 00 (2026-07-03 → 2026-07-03) 25767 bytes
2026-07-03 09:34:45,496 [INFO] [OK] Argentina/GFS_ENSEMBLE_Corn_Winter_PRCP_DEP/daily dia 01 (2026-07-04 → 2026-07-04) 25065 bytes
2026-07-03 09:34:45,662 [INFO] [OK] Argentina/GFS_ENSEMBLE_Corn_Winter_PRCP_DEP/daily dia 03 (2026-07-06 → 2026-07-06) 30280 bytes
2026-07-03 09:34:45,666 [INFO] [OK] Argentina/GFS_ENSEMBLE_Corn_Winter_PRCP_DEP/daily dia 02 (2026-07-05 → 2026-07-05) 27013 bytes
2026-07-03 09:34:45,790 [INFO] [OK] Argentina/GFS_ENSEMBLE_Corn_Winter_PRCP_DEP/daily dia 04 (2026-07-07 → 2026-07-07) 27701 bytes
2026-07-03 09:34:46,049 [INFO] [OK] Argentina/GFS_ENSEMBLE_Corn_Winter_PRCP_DEP/daily dia 05 (2026-07-08 → 2026-07-08) 27383 bytes
2026-07-03 09:34:46,285 [INFO] [OK] Argentina/GFS_ENSEMBLE_Corn_Winter_PRCP_DEP/daily dia 06 (2026-07-09 → 2026-07-09) 35534 bytes
2026-07-03 09:34:46,464 [INFO] [OK] Argentina/GFS_ENSEMBLE_Corn_Winter_PRCP_DEP/daily dia 07 (2026-07-10 → 2026-07-10) 39331 bytes
2026-07-03 09:34:46,660 [INFO] [OK] Argentina/GFS_ENSEMBLE_Corn_Winter_PRCP_DEP/daily dia 09 (2026-07-12 → 2026-07-12) 39246 bytes
2026-07-03 09:34:46,791 [INFO] [OK] Argentina/GFS_ENSEMBLE_Corn_Winter_PRCP_DEP/daily dia 08 (2026-07-11 → 2026-07-11) 38755 bytes
2026-07-03 09:34:46,793 [INFO] [OK] Argentina/GFS_ENSEMBLE_Corn_Winter_PRCP_DEP/daily dia 10 (2026-07-13 → 2026-07-13) 37358 bytes
2026-07-03 09:34:47,103 [INFO] [OK] Argentina/GFS_ENSEMBLE_Corn_Winter_PRCP_DEP/daily dia 11 (2026-07-14 → 2026-07-14) 39134 bytes
2026-07-03 09:34:47,227 [INFO] [OK] Argentina/GFS_ENSEMBLE_Corn_Winter_PRCP_DEP/daily dia 12 (2026-07-15 → 2026-07-15) 38135 bytes
2026-07-03 09:34:47,464 [INFO] [OK] Argentina/GFS_ENSEMBLE_Corn_Winter_PRCP_DEP/daily dia 13 (2026-07-16 → 2026-07-16) 39137 bytes
2026-07-03 09:34:47,636 [INFO] [OK] Argentina/GFS_ENSEMBLE_Corn_Winter_PRCP_DEP/daily dia 14 (2026-07-17 → 2026-07-17) 42309 bytes
2026-07-03 09:34:47,738 [INFO] [OK] Argentina/GFS_ENSEMBLE_Corn_Winter_PRCP_DEP/cumulative dia 00 (2026-07-03 → 2026-07-03) 25767 bytes
2026-07-03 09:34:47,831 [INFO] [OK] Argentina/GFS_ENSEMBLE_Corn_Winter_PRCP_DEP/cumulative dia 01 (2026-07-03 → 2026-07-04) 25990 bytes
2026-07-03 09:34:48,238 [INFO] [OK] Argentina/GFS_ENSEMBLE_Corn_Winter_PRCP_DEP/cumulative dia 02 (2026-07-03 → 2026-07-05) 27424 bytes
2026-07-03 09:34:48,286 [INFO] [OK] Argentina/GFS_ENSEMBLE_Corn_Winter_PRCP_DEP/cumulative dia 03 (2026-07-03 → 2026-07-06) 29414 bytes
2026-07-03 09:34:48,611 [INFO] [OK] Argentina/GFS_ENSEMBLE_Corn_Winter_PRCP_DEP/cumulative dia 04 (2026-07-03 → 2026-07-07) 30485 bytes
2026-07-03 09:34:48,816 [INFO] [OK] Argentina/GFS_ENSEMBLE_Corn_Winter_PRCP_DEP/cumulative dia 05 (2026-07-03 → 2026-07-08) 31216 bytes
2026-07-03 09:34:48,952 [INFO] [OK] Argentina/GFS_ENSEMBLE_Corn_Winter_PRCP_DEP/cumulative dia 06 (2026-07-03 → 2026-07-09) 32430 bytes
2026-07-03 09:34:49,174 [INFO] [OK] Argentina/GFS_ENSEMBLE_Corn_Winter_PRCP_DEP/cumulative dia 07 (2026-07-03 → 2026-07-10) 37700 bytes
2026-07-03 09:34:49,589 [INFO] [OK] Argentina/GFS_ENSEMBLE_Corn_Winter_PRCP_DEP/cumulative dia 08 (2026-07-03 → 2026-07-11) 39276 bytes
2026-07-03 09:34:49,653 [INFO] [OK] Argentina/GFS_ENSEMBLE_Corn_Winter_PRCP_DEP/cumulative dia 09 (2026-07-03 → 2026-07-12) 39859 bytes
2026-07-03 09:34:50,059 [INFO] [OK] Argentina/GFS_ENSEMBLE_Corn_Winter_PRCP_DEP/cumulative dia 10 (2026-07-03 → 2026-07-13) 39250 bytes
2026-07-03 09:34:50,242 [INFO] [OK] Argentina/GFS_ENSEMBLE_Corn_Winter_PRCP_DEP/cumulative dia 11 (2026-07-03 → 2026-07-14) 38662 bytes
2026-07-03 09:34:50,490 [INFO] [OK] Argentina/GFS_ENSEMBLE_Corn_Winter_PRCP_DEP/cumulative dia 12 (2026-07-03 → 2026-07-15) 38636 bytes
2026-07-03 09:34:50,611 [INFO] [OK] Argentina/GFS_ENSEMBLE_Corn_Winter_PRCP/daily dia 00 (2026-07-03 → 2026-07-03) 23278 bytes
2026-07-03 09:34:50,755 [INFO] [OK] Argentina/GFS_ENSEMBLE_Corn_Winter_PRCP_DEP/cumulative dia 13 (2026-07-03 → 2026-07-16) 38499 bytes
2026-07-03 09:34:51,023 [INFO] [OK] Argentina/GFS_ENSEMBLE_Corn_Winter_PRCP/daily dia 01 (2026-07-04 → 2026-07-04) 23351 bytes
2026-07-03 09:34:51,121 [INFO] [OK] Argentina/GFS_ENSEMBLE_Corn_Winter_PRCP_DEP/cumulative dia 14 (2026-07-03 → 2026-07-17) 38761 bytes
2026-07-03 09:34:51,173 [INFO] [OK] Argentina/GFS_ENSEMBLE_Corn_Winter_PRCP/daily dia 02 (2026-07-05 → 2026-07-05) 23568 bytes
2026-07-03 09:34:51,393 [INFO] [OK] Argentina/GFS_ENSEMBLE_Corn_Winter_PRCP/daily dia 03 (2026-07-06 → 2026-07-06) 24798 bytes
2026-07-03 09:34:51,513 [INFO] [OK] Argentina/GFS_ENSEMBLE_Corn_Winter_PRCP/daily dia 04 (2026-07-07 → 2026-07-07) 25218 bytes
2026-07-03 09:34:51,650 [INFO] [OK] Argentina/GFS_ENSEMBLE_Corn_Winter_PRCP/daily dia 05 (2026-07-08 → 2026-07-08) 24523 bytes
2026-07-03 09:34:52,012 [INFO] [OK] Argentina/GFS_ENSEMBLE_Corn_Winter_PRCP/daily dia 06 (2026-07-09 → 2026-07-09) 25146 bytes
2026-07-03 09:34:52,062 [INFO] [OK] Argentina/GFS_ENSEMBLE_Corn_Winter_PRCP/daily dia 07 (2026-07-10 → 2026-07-10) 26639 bytes
2026-07-03 09:34:52,080 [INFO] [OK] Argentina/GFS_ENSEMBLE_Corn_Winter_PRCP/daily dia 08 (2026-07-11 → 2026-07-11) 26764 bytes
2026-07-03 09:34:52,529 [INFO] [OK] Argentina/GFS_ENSEMBLE_Corn_Winter_PRCP/daily dia 10 (2026-07-13 → 2026-07-13) 26467 bytes
2026-07-03 09:34:52,551 [INFO] [OK] Argentina/GFS_ENSEMBLE_Corn_Winter_PRCP/daily dia 09 (2026-07-12 → 2026-07-12) 26643 bytes
2026-07-03 09:34:52,607 [INFO] [OK] Argentina/GFS_ENSEMBLE_Corn_Winter_PRCP/daily dia 11 (2026-07-14 → 2026-07-14) 25184 bytes
2026-07-03 09:34:53,042 [INFO] [OK] Argentina/GFS_ENSEMBLE_Corn_Winter_PRCP/daily dia 12 (2026-07-15 → 2026-07-15) 25503 bytes
2026-07-03 09:34:53,283 [INFO] [OK] Argentina/GFS_ENSEMBLE_Corn_Winter_PRCP/daily dia 14 (2026-07-17 → 2026-07-17) 25595 bytes
2026-07-03 09:34:53,292 [INFO] [OK] Argentina/GFS_ENSEMBLE_Corn_Winter_PRCP/daily dia 13 (2026-07-16 → 2026-07-16) 25071 bytes
2026-07-03 09:34:53,434 [INFO] [OK] Argentina/GFS_ENSEMBLE_Corn_Winter_PRCP/cumulative dia 00 (2026-07-03 → 2026-07-03) 23278 bytes
2026-07-03 09:34:53,540 [INFO] [OK] Argentina/GFS_ENSEMBLE_Corn_Winter_PRCP/cumulative dia 01 (2026-07-03 → 2026-07-04) 23836 bytes
2026-07-03 09:34:53,641 [INFO] [OK] Argentina/GFS_ENSEMBLE_Corn_Winter_PRCP/cumulative dia 02 (2026-07-03 → 2026-07-05) 24387 bytes
2026-07-03 09:34:54,088 [INFO] [OK] Argentina/GFS_ENSEMBLE_Corn_Winter_PRCP/cumulative dia 03 (2026-07-03 → 2026-07-06) 25898 bytes
2026-07-03 09:34:54,435 [INFO] [OK] Argentina/GFS_ENSEMBLE_Corn_Winter_PRCP/cumulative dia 04 (2026-07-03 → 2026-07-07) 27640 bytes
2026-07-03 09:34:54,472 [INFO] [OK] Argentina/GFS_ENSEMBLE_Corn_Winter_PRCP/cumulative dia 05 (2026-07-03 → 2026-07-08) 28289 bytes
2026-07-03 09:34:54,712 [INFO] [OK] Argentina/GFS_ENSEMBLE_Corn_Winter_PRCP/cumulative dia 06 (2026-07-03 → 2026-07-09) 28996 bytes
2026-07-03 09:34:54,863 [INFO] [OK] Argentina/GFS_ENSEMBLE_Corn_Winter_PRCP/cumulative dia 07 (2026-07-03 → 2026-07-10) 30387 bytes
2026-07-03 09:34:55,007 [INFO] [OK] Argentina/GFS_ENSEMBLE_Corn_Winter_PRCP/cumulative dia 08 (2026-07-03 → 2026-07-11) 31333 bytes
2026-07-03 09:34:55,432 [INFO] [OK] Argentina/GFS_ENSEMBLE_Corn_Winter_PRCP/cumulative dia 09 (2026-07-03 → 2026-07-12) 32108 bytes
2026-07-03 09:34:55,871 [INFO] [OK] Argentina/GFS_ENSEMBLE_Corn_Winter_PRCP/cumulative dia 10 (2026-07-03 → 2026-07-13) 32709 bytes
2026-07-03 09:34:55,937 [INFO] [OK] Argentina/GFS_ENSEMBLE_Corn_Winter_PRCP/cumulative dia 11 (2026-07-03 → 2026-07-14) 33331 bytes
2026-07-03 09:34:56,293 [INFO] [OK] Argentina/GFS_ENSEMBLE_Corn_Winter_PRCP/cumulative dia 12 (2026-07-03 → 2026-07-15) 33672 bytes
2026-07-03 09:34:56,450 [INFO] [OK] Argentina/ECM_ENSEMBLE_Soy_PRCP_DEP/daily dia 00 (2026-07-03 → 2026-07-03) 32489 bytes
2026-07-03 09:34:56,458 [INFO] [OK] Argentina/GFS_ENSEMBLE_Corn_Winter_PRCP/cumulative dia 13 (2026-07-03 → 2026-07-16) 33798 bytes
2026-07-03 09:34:56,602 [INFO] [OK] Argentina/GFS_ENSEMBLE_Corn_Winter_PRCP/cumulative dia 14 (2026-07-03 → 2026-07-17) 34287 bytes
2026-07-03 09:34:56,900 [INFO] [OK] Argentina/ECM_ENSEMBLE_Soy_PRCP_DEP/daily dia 02 (2026-07-05 → 2026-07-05) 35289 bytes
2026-07-03 09:34:56,949 [INFO] [OK] Argentina/ECM_ENSEMBLE_Soy_PRCP_DEP/daily dia 01 (2026-07-04 → 2026-07-04) 31346 bytes
2026-07-03 09:34:57,231 [INFO] [OK] Argentina/ECM_ENSEMBLE_Soy_PRCP_DEP/daily dia 03 (2026-07-06 → 2026-07-06) 37284 bytes
2026-07-03 09:34:57,433 [INFO] [OK] Argentina/ECM_ENSEMBLE_Soy_PRCP_DEP/daily dia 04 (2026-07-07 → 2026-07-07) 30930 bytes
2026-07-03 09:34:57,565 [INFO] [OK] Argentina/ECM_ENSEMBLE_Soy_PRCP_DEP/daily dia 06 (2026-07-09 → 2026-07-09) 36991 bytes
2026-07-03 09:34:57,581 [INFO] [OK] Argentina/ECM_ENSEMBLE_Soy_PRCP_DEP/daily dia 05 (2026-07-08 → 2026-07-08) 31133 bytes
2026-07-03 09:34:57,915 [INFO] [OK] Argentina/ECM_ENSEMBLE_Soy_PRCP_DEP/daily dia 07 (2026-07-10 → 2026-07-10) 40700 bytes
2026-07-03 09:34:57,978 [INFO] [OK] Argentina/ECM_ENSEMBLE_Soy_PRCP_DEP/daily dia 08 (2026-07-11 → 2026-07-11) 40713 bytes
2026-07-03 09:34:58,245 [INFO] [OK] Argentina/ECM_ENSEMBLE_Soy_PRCP_DEP/daily dia 09 (2026-07-12 → 2026-07-12) 40235 bytes
2026-07-03 09:34:58,477 [INFO] [OK] Argentina/ECM_ENSEMBLE_Soy_PRCP_DEP/daily dia 10 (2026-07-13 → 2026-07-13) 40193 bytes
2026-07-03 09:34:58,625 [INFO] [OK] Argentina/ECM_ENSEMBLE_Soy_PRCP_DEP/daily dia 11 (2026-07-14 → 2026-07-14) 40632 bytes
2026-07-03 09:34:58,686 [INFO] [OK] Argentina/ECM_ENSEMBLE_Soy_PRCP_DEP/daily dia 12 (2026-07-15 → 2026-07-15) 42300 bytes
2026-07-03 09:34:58,864 [INFO] [OK] Argentina/ECM_ENSEMBLE_Soy_PRCP_DEP/daily dia 13 (2026-07-16 → 2026-07-16) 42064 bytes
2026-07-03 09:34:58,983 [INFO] [OK] Argentina/ECM_ENSEMBLE_Soy_PRCP_DEP/daily dia 14 (2026-07-17 → 2026-07-17) 43716 bytes
2026-07-03 09:34:59,915 [INFO] [OK] Argentina/ECM_ENSEMBLE_Soy_PRCP_DEP/cumulative dia 00 (2026-07-03 → 2026-07-03) 32489 bytes
2026-07-03 09:34:59,965 [INFO] [OK] Argentina/ECM_ENSEMBLE_Soy_PRCP_DEP/cumulative dia 03 (2026-07-03 → 2026-07-06) 37350 bytes
2026-07-03 09:34:59,972 [INFO] [OK] Argentina/ECM_ENSEMBLE_Soy_PRCP_DEP/cumulative dia 01 (2026-07-03 → 2026-07-04) 32571 bytes
2026-07-03 09:34:59,974 [INFO] [OK] Argentina/ECM_ENSEMBLE_Soy_PRCP_DEP/cumulative dia 02 (2026-07-03 → 2026-07-05) 35045 bytes
2026-07-03 09:35:00,046 [INFO] [OK] Argentina/ECM_ENSEMBLE_Soy_PRCP_DEP/cumulative dia 04 (2026-07-03 → 2026-07-07) 38661 bytes
2026-07-03 09:35:00,234 [INFO] [OK] Argentina/ECM_ENSEMBLE_Soy_PRCP_DEP/cumulative dia 05 (2026-07-03 → 2026-07-08) 37831 bytes
2026-07-03 09:35:01,357 [INFO] [OK] Argentina/ECM_ENSEMBLE_Soy_PRCP_DEP/cumulative dia 06 (2026-07-03 → 2026-07-09) 37942 bytes
2026-07-03 09:35:01,509 [INFO] [OK] Argentina/ECM_ENSEMBLE_Soy_PRCP_DEP/cumulative dia 08 (2026-07-03 → 2026-07-11) 40658 bytes
2026-07-03 09:35:01,562 [INFO] [OK] Argentina/ECM_ENSEMBLE_Soy_PRCP_DEP/cumulative dia 07 (2026-07-03 → 2026-07-10) 39426 bytes
2026-07-03 09:35:01,586 [INFO] [OK] Argentina/ECM_ENSEMBLE_Soy_PRCP_DEP/cumulative dia 09 (2026-07-03 → 2026-07-12) 43397 bytes
2026-07-03 09:35:01,704 [INFO] [OK] Argentina/ECM_ENSEMBLE_Soy_PRCP_DEP/cumulative dia 10 (2026-07-03 → 2026-07-13) 44206 bytes
2026-07-03 09:35:01,876 [INFO] [OK] Argentina/ECM_ENSEMBLE_Soy_PRCP_DEP/cumulative dia 11 (2026-07-03 → 2026-07-14) 43575 bytes
2026-07-03 09:35:02,626 [INFO] [OK] Argentina/ECM_ENSEMBLE_Soy_PRCP/daily dia 00 (2026-07-03 → 2026-07-03) 25512 bytes
2026-07-03 09:35:02,721 [INFO] [OK] Argentina/ECM_ENSEMBLE_Soy_PRCP/daily dia 01 (2026-07-04 → 2026-07-04) 25712 bytes
2026-07-03 09:35:02,905 [INFO] [OK] Argentina/ECM_ENSEMBLE_Soy_PRCP/daily dia 02 (2026-07-05 → 2026-07-05) 26300 bytes
2026-07-03 09:35:03,002 [INFO] [OK] Argentina/ECM_ENSEMBLE_Soy_PRCP_DEP/cumulative dia 12 (2026-07-03 → 2026-07-15) 43435 bytes
2026-07-03 09:35:03,189 [INFO] [OK] Argentina/ECM_ENSEMBLE_Soy_PRCP_DEP/cumulative dia 13 (2026-07-03 → 2026-07-16) 42807 bytes
2026-07-03 09:35:03,303 [INFO] [OK] Argentina/ECM_ENSEMBLE_Soy_PRCP_DEP/cumulative dia 14 (2026-07-03 → 2026-07-17) 42733 bytes
2026-07-03 09:35:03,562 [INFO] [OK] Argentina/ECM_ENSEMBLE_Soy_PRCP/daily dia 03 (2026-07-06 → 2026-07-06) 28287 bytes
2026-07-03 09:35:03,745 [INFO] [OK] Argentina/ECM_ENSEMBLE_Soy_PRCP/daily dia 04 (2026-07-07 → 2026-07-07) 27429 bytes
2026-07-03 09:35:03,845 [INFO] [OK] Argentina/ECM_ENSEMBLE_Soy_PRCP/daily dia 05 (2026-07-08 → 2026-07-08) 26835 bytes
2026-07-03 09:35:03,942 [INFO] [OK] Argentina/ECM_ENSEMBLE_Soy_PRCP/daily dia 06 (2026-07-09 → 2026-07-09) 27017 bytes
2026-07-03 09:35:04,125 [INFO] [OK] Argentina/ECM_ENSEMBLE_Soy_PRCP/daily dia 07 (2026-07-10 → 2026-07-10) 28078 bytes
2026-07-03 09:35:04,242 [INFO] [OK] Argentina/ECM_ENSEMBLE_Soy_PRCP/daily dia 08 (2026-07-11 → 2026-07-11) 28676 bytes
2026-07-03 09:35:04,488 [INFO] [OK] Argentina/ECM_ENSEMBLE_Soy_PRCP/daily dia 09 (2026-07-12 → 2026-07-12) 28542 bytes
2026-07-03 09:35:04,660 [INFO] [OK] Argentina/ECM_ENSEMBLE_Soy_PRCP/daily dia 10 (2026-07-13 → 2026-07-13) 28241 bytes
2026-07-03 09:35:04,817 [INFO] [OK] Argentina/ECM_ENSEMBLE_Soy_PRCP/daily dia 11 (2026-07-14 → 2026-07-14) 28541 bytes
2026-07-03 09:35:04,879 [INFO] [OK] Argentina/ECM_ENSEMBLE_Soy_PRCP/daily dia 12 (2026-07-15 → 2026-07-15) 28026 bytes
2026-07-03 09:35:05,177 [INFO] [OK] Argentina/ECM_ENSEMBLE_Soy_PRCP/daily dia 13 (2026-07-16 → 2026-07-16) 27922 bytes
2026-07-03 09:35:05,223 [INFO] [OK] Argentina/ECM_ENSEMBLE_Soy_PRCP/daily dia 14 (2026-07-17 → 2026-07-17) 27563 bytes
2026-07-03 09:35:05,506 [INFO] [OK] Argentina/ECM_ENSEMBLE_Soy_PRCP/cumulative dia 00 (2026-07-03 → 2026-07-03) 25512 bytes
2026-07-03 09:35:05,656 [INFO] [OK] Argentina/ECM_ENSEMBLE_Soy_PRCP/cumulative dia 01 (2026-07-03 → 2026-07-04) 26648 bytes
2026-07-03 09:35:05,969 [INFO] [OK] Argentina/ECM_ENSEMBLE_Soy_PRCP/cumulative dia 02 (2026-07-03 → 2026-07-05) 28235 bytes
2026-07-03 09:35:06,020 [INFO] [OK] Argentina/ECM_ENSEMBLE_Soy_PRCP/cumulative dia 03 (2026-07-03 → 2026-07-06) 30039 bytes
2026-07-03 09:35:06,320 [INFO] [OK] Argentina/ECM_ENSEMBLE_Soy_PRCP/cumulative dia 04 (2026-07-03 → 2026-07-07) 31073 bytes
2026-07-03 09:35:06,450 [INFO] [OK] Argentina/ECM_ENSEMBLE_Soy_PRCP/cumulative dia 05 (2026-07-03 → 2026-07-08) 31422 bytes
2026-07-03 09:35:06,780 [INFO] [OK] Argentina/ECM_ENSEMBLE_Soy_PRCP/cumulative dia 06 (2026-07-03 → 2026-07-09) 31868 bytes
2026-07-03 09:35:06,984 [INFO] [OK] Argentina/ECM_ENSEMBLE_Soy_PRCP/cumulative dia 07 (2026-07-03 → 2026-07-10) 32653 bytes
2026-07-03 09:35:07,336 [INFO] [OK] Argentina/ECM_ENSEMBLE_Soy_PRCP/cumulative dia 08 (2026-07-03 → 2026-07-11) 33710 bytes
2026-07-03 09:35:07,482 [INFO] [OK] Argentina/ECM_ENSEMBLE_Soy_PRCP/cumulative dia 09 (2026-07-03 → 2026-07-12) 34937 bytes
2026-07-03 09:35:07,750 [INFO] [OK] Argentina/ECM_ENSEMBLE_Soy_PRCP/cumulative dia 10 (2026-07-03 → 2026-07-13) 35269 bytes
2026-07-03 09:35:07,918 [INFO] [OK] Argentina/ECM_ENSEMBLE_Soy_PRCP/cumulative dia 11 (2026-07-03 → 2026-07-14) 35904 bytes
2026-07-03 09:35:08,416 [INFO] [OK] Argentina/ECM_ENSEMBLE_Soy_PRCP/cumulative dia 12 (2026-07-03 → 2026-07-15) 36824 bytes
2026-07-03 09:35:08,475 [INFO] [OK] Argentina/ECM_ENSEMBLE_Corn_Winter_PRCP_DEP/daily dia 00 (2026-07-03 → 2026-07-03) 30710 bytes
2026-07-03 09:35:08,561 [INFO] [OK] Argentina/ECM_ENSEMBLE_Soy_PRCP/cumulative dia 13 (2026-07-03 → 2026-07-16) 36775 bytes
2026-07-03 09:35:08,709 [INFO] [OK] Argentina/ECM_ENSEMBLE_Corn_Winter_PRCP_DEP/daily dia 01 (2026-07-04 → 2026-07-04) 29494 bytes
2026-07-03 09:35:08,960 [INFO] [OK] Argentina/ECM_ENSEMBLE_Corn_Winter_PRCP_DEP/daily dia 02 (2026-07-05 → 2026-07-05) 33374 bytes
2026-07-03 09:35:09,029 [INFO] [OK] Argentina/ECM_ENSEMBLE_Soy_PRCP/cumulative dia 14 (2026-07-03 → 2026-07-17) 37090 bytes
2026-07-03 09:35:09,371 [INFO] [OK] Argentina/ECM_ENSEMBLE_Corn_Winter_PRCP_DEP/daily dia 03 (2026-07-06 → 2026-07-06) 35465 bytes
2026-07-03 09:35:09,465 [INFO] [OK] Argentina/ECM_ENSEMBLE_Corn_Winter_PRCP_DEP/daily dia 04 (2026-07-07 → 2026-07-07) 29414 bytes
2026-07-03 09:35:09,524 [INFO] [OK] Argentina/ECM_ENSEMBLE_Corn_Winter_PRCP_DEP/daily dia 05 (2026-07-08 → 2026-07-08) 29352 bytes
2026-07-03 09:35:09,715 [INFO] [OK] Argentina/ECM_ENSEMBLE_Corn_Winter_PRCP_DEP/daily dia 06 (2026-07-09 → 2026-07-09) 35261 bytes
2026-07-03 09:35:09,949 [INFO] [OK] Argentina/ECM_ENSEMBLE_Corn_Winter_PRCP_DEP/daily dia 07 (2026-07-10 → 2026-07-10) 39031 bytes
2026-07-03 09:35:10,068 [INFO] [OK] Argentina/ECM_ENSEMBLE_Corn_Winter_PRCP_DEP/daily dia 08 (2026-07-11 → 2026-07-11) 39185 bytes
2026-07-03 09:35:10,312 [INFO] [OK] Argentina/ECM_ENSEMBLE_Corn_Winter_PRCP_DEP/daily dia 09 (2026-07-12 → 2026-07-12) 38285 bytes
2026-07-03 09:35:10,493 [INFO] [OK] Argentina/ECM_ENSEMBLE_Corn_Winter_PRCP_DEP/daily dia 10 (2026-07-13 → 2026-07-13) 38307 bytes
2026-07-03 09:35:10,542 [INFO] [OK] Argentina/ECM_ENSEMBLE_Corn_Winter_PRCP_DEP/daily dia 11 (2026-07-14 → 2026-07-14) 38935 bytes
2026-07-03 09:35:10,766 [INFO] [OK] Argentina/ECM_ENSEMBLE_Corn_Winter_PRCP_DEP/daily dia 12 (2026-07-15 → 2026-07-15) 40547 bytes
2026-07-03 09:35:10,956 [INFO] [OK] Argentina/ECM_ENSEMBLE_Corn_Winter_PRCP_DEP/daily dia 13 (2026-07-16 → 2026-07-16) 40340 bytes
2026-07-03 09:35:11,040 [INFO] [OK] Argentina/ECM_ENSEMBLE_Corn_Winter_PRCP_DEP/daily dia 14 (2026-07-17 → 2026-07-17) 42156 bytes
2026-07-03 09:35:11,268 [INFO] [OK] Argentina/ECM_ENSEMBLE_Corn_Winter_PRCP_DEP/cumulative dia 00 (2026-07-03 → 2026-07-03) 30710 bytes
2026-07-03 09:35:11,475 [INFO] [OK] Argentina/ECM_ENSEMBLE_Corn_Winter_PRCP_DEP/cumulative dia 01 (2026-07-03 → 2026-07-04) 30829 bytes
2026-07-03 09:35:11,562 [INFO] [OK] Argentina/ECM_ENSEMBLE_Corn_Winter_PRCP_DEP/cumulative dia 02 (2026-07-03 → 2026-07-05) 33218 bytes
2026-07-03 09:35:11,858 [INFO] [OK] Argentina/ECM_ENSEMBLE_Corn_Winter_PRCP_DEP/cumulative dia 03 (2026-07-03 → 2026-07-06) 35570 bytes
2026-07-03 09:35:12,112 [INFO] [OK] Argentina/ECM_ENSEMBLE_Corn_Winter_PRCP_DEP/cumulative dia 04 (2026-07-03 → 2026-07-07) 37063 bytes
2026-07-03 09:35:12,223 [INFO] [OK] Argentina/ECM_ENSEMBLE_Corn_Winter_PRCP_DEP/cumulative dia 05 (2026-07-03 → 2026-07-08) 36127 bytes
2026-07-03 09:35:12,555 [INFO] [OK] Argentina/ECM_ENSEMBLE_Corn_Winter_PRCP_DEP/cumulative dia 06 (2026-07-03 → 2026-07-09) 36321 bytes
2026-07-03 09:35:12,805 [INFO] [OK] Argentina/ECM_ENSEMBLE_Corn_Winter_PRCP_DEP/cumulative dia 07 (2026-07-03 → 2026-07-10) 37822 bytes
2026-07-03 09:35:12,909 [INFO] [OK] Argentina/ECM_ENSEMBLE_Corn_Winter_PRCP_DEP/cumulative dia 08 (2026-07-03 → 2026-07-11) 38743 bytes
2026-07-03 09:35:13,269 [INFO] [OK] Argentina/ECM_ENSEMBLE_Corn_Winter_PRCP_DEP/cumulative dia 09 (2026-07-03 → 2026-07-12) 41691 bytes
2026-07-03 09:35:13,705 [INFO] [OK] Argentina/ECM_ENSEMBLE_Corn_Winter_PRCP_DEP/cumulative dia 10 (2026-07-03 → 2026-07-13) 42469 bytes
2026-07-03 09:35:13,753 [INFO] [OK] Argentina/ECM_ENSEMBLE_Corn_Winter_PRCP_DEP/cumulative dia 11 (2026-07-03 → 2026-07-14) 41839 bytes
2026-07-03 09:35:14,075 [INFO] [OK] Argentina/ECM_ENSEMBLE_Corn_Winter_PRCP_DEP/cumulative dia 12 (2026-07-03 → 2026-07-15) 41669 bytes
2026-07-03 09:35:14,386 [INFO] [OK] Argentina/ECM_ENSEMBLE_Corn_Winter_PRCP_DEP/cumulative dia 13 (2026-07-03 → 2026-07-16) 41098 bytes
2026-07-03 09:35:14,559 [INFO] [OK] Argentina/ECM_ENSEMBLE_Corn_Winter_PRCP_DEP/cumulative dia 14 (2026-07-03 → 2026-07-17) 40847 bytes
2026-07-03 09:35:14,632 [INFO] [OK] Argentina/ECM_ENSEMBLE_Corn_Winter_PRCP/daily dia 01 (2026-07-04 → 2026-07-04) 23912 bytes
2026-07-03 09:35:14,669 [INFO] [OK] Argentina/ECM_ENSEMBLE_Corn_Winter_PRCP/daily dia 00 (2026-07-03 → 2026-07-03) 23719 bytes
2026-07-03 09:35:14,675 [INFO] [OK] Argentina/ECM_ENSEMBLE_Corn_Winter_PRCP/daily dia 02 (2026-07-05 → 2026-07-05) 24330 bytes
2026-07-03 09:35:15,016 [INFO] [OK] Argentina/ECM_ENSEMBLE_Corn_Winter_PRCP/daily dia 03 (2026-07-06 → 2026-07-06) 26350 bytes
2026-07-03 09:35:15,341 [INFO] [OK] Argentina/ECM_ENSEMBLE_Corn_Winter_PRCP/daily dia 04 (2026-07-07 → 2026-07-07) 25627 bytes
2026-07-03 09:35:15,463 [INFO] [OK] Argentina/ECM_ENSEMBLE_Corn_Winter_PRCP/daily dia 05 (2026-07-08 → 2026-07-08) 25047 bytes
2026-07-03 09:35:15,680 [INFO] [OK] Argentina/ECM_ENSEMBLE_Corn_Winter_PRCP/daily dia 06 (2026-07-09 → 2026-07-09) 25164 bytes
2026-07-03 09:35:15,732 [INFO] [OK] Argentina/ECM_ENSEMBLE_Corn_Winter_PRCP/daily dia 08 (2026-07-11 → 2026-07-11) 26925 bytes
2026-07-03 09:35:15,900 [INFO] [OK] Argentina/ECM_ENSEMBLE_Corn_Winter_PRCP/daily dia 07 (2026-07-10 → 2026-07-10) 26191 bytes
2026-07-03 09:35:16,001 [INFO] [OK] Argentina/ECM_ENSEMBLE_Corn_Winter_PRCP/daily dia 09 (2026-07-12 → 2026-07-12) 26756 bytes
2026-07-03 09:35:16,271 [INFO] [OK] Argentina/ECM_ENSEMBLE_Corn_Winter_PRCP/daily dia 10 (2026-07-13 → 2026-07-13) 26554 bytes
2026-07-03 09:35:16,405 [INFO] [OK] Argentina/ECM_ENSEMBLE_Corn_Winter_PRCP/daily dia 11 (2026-07-14 → 2026-07-14) 26792 bytes
2026-07-03 09:35:16,599 [INFO] [OK] Argentina/ECM_ENSEMBLE_Corn_Winter_PRCP/daily dia 12 (2026-07-15 → 2026-07-15) 26340 bytes
2026-07-03 09:35:16,661 [INFO] [OK] Argentina/ECM_ENSEMBLE_Corn_Winter_PRCP/daily dia 13 (2026-07-16 → 2026-07-16) 26271 bytes
2026-07-03 09:35:16,917 [INFO] [OK] Argentina/ECM_ENSEMBLE_Corn_Winter_PRCP/cumulative dia 00 (2026-07-03 → 2026-07-03) 23719 bytes
2026-07-03 09:35:17,001 [INFO] [OK] Argentina/ECM_ENSEMBLE_Corn_Winter_PRCP/daily dia 14 (2026-07-17 → 2026-07-17) 25894 bytes
2026-07-03 09:35:17,219 [INFO] [OK] Argentina/ECM_ENSEMBLE_Corn_Winter_PRCP/cumulative dia 01 (2026-07-03 → 2026-07-04) 24917 bytes
2026-07-03 09:35:17,412 [INFO] [OK] Argentina/ECM_ENSEMBLE_Corn_Winter_PRCP/cumulative dia 02 (2026-07-03 → 2026-07-05) 26431 bytes
2026-07-03 09:35:17,774 [INFO] [OK] Argentina/ECM_ENSEMBLE_Corn_Winter_PRCP/cumulative dia 03 (2026-07-03 → 2026-07-06) 28300 bytes
2026-07-03 09:35:17,796 [INFO] [OK] Argentina/ECM_ENSEMBLE_Corn_Winter_PRCP/cumulative dia 04 (2026-07-03 → 2026-07-07) 29393 bytes
2026-07-03 09:35:18,063 [INFO] [OK] Argentina/ECM_ENSEMBLE_Corn_Winter_PRCP/cumulative dia 05 (2026-07-03 → 2026-07-08) 29795 bytes
2026-07-03 09:35:18,233 [INFO] [OK] Argentina/ECM_ENSEMBLE_Corn_Winter_PRCP/cumulative dia 06 (2026-07-03 → 2026-07-09) 30260 bytes
2026-07-03 09:35:18,478 [INFO] [OK] Argentina/ECM_ENSEMBLE_Corn_Winter_PRCP/cumulative dia 07 (2026-07-03 → 2026-07-10) 30909 bytes
2026-07-03 09:35:18,701 [INFO] [OK] Argentina/ECM_ENSEMBLE_Corn_Winter_PRCP/cumulative dia 08 (2026-07-03 → 2026-07-11) 31890 bytes
2026-07-03 09:35:19,163 [INFO] [OK] Argentina/ECM_ENSEMBLE_Corn_Winter_PRCP/cumulative dia 09 (2026-07-03 → 2026-07-12) 33225 bytes
2026-07-03 09:35:19,204 [INFO] [OK] Argentina/ECM_ENSEMBLE_Corn_Winter_PRCP/cumulative dia 10 (2026-07-03 → 2026-07-13) 33459 bytes
2026-07-03 09:35:19,579 [INFO] [OK] Argentina/ECM_ENSEMBLE_Corn_Winter_PRCP/cumulative dia 11 (2026-07-03 → 2026-07-14) 34154 bytes
2026-07-03 09:35:19,798 [INFO] [OK] Argentina/ECM_ENSEMBLE_Corn_Winter_PRCP/cumulative dia 12 (2026-07-03 → 2026-07-15) 35119 bytes
2026-07-03 09:35:20,026 [INFO] [OK] Argentina/ECM_ENSEMBLE_Corn_Winter_PRCP/cumulative dia 13 (2026-07-03 → 2026-07-16) 34860 bytes
2026-07-03 09:35:20,291 [INFO] [OK] Argentina/ECM_ENSEMBLE_Corn_Winter_PRCP/cumulative dia 14 (2026-07-03 → 2026-07-17) 35433 bytes
2026-07-03 09:35:20,702 [INFO] [OK] USA/GFS_ENSEMBLE_Corn_PRCP_DEP/daily dia 00 (2026-07-03 → 2026-07-03) 49479 bytes
2026-07-03 09:35:20,755 [INFO] [OK] USA/GFS_ENSEMBLE_Corn_PRCP_DEP/daily dia 01 (2026-07-04 → 2026-07-04) 52499 bytes
2026-07-03 09:35:21,201 [INFO] [OK] USA/GFS_ENSEMBLE_Corn_PRCP_DEP/daily dia 02 (2026-07-05 → 2026-07-05) 54323 bytes
2026-07-03 09:35:21,361 [INFO] [OK] USA/GFS_ENSEMBLE_Corn_PRCP_DEP/daily dia 03 (2026-07-06 → 2026-07-06) 59722 bytes
2026-07-03 09:35:21,568 [INFO] [OK] USA/GFS_ENSEMBLE_Corn_PRCP_DEP/daily dia 04 (2026-07-07 → 2026-07-07) 57897 bytes
2026-07-03 09:35:21,805 [INFO] [OK] USA/GFS_ENSEMBLE_Corn_PRCP_DEP/daily dia 05 (2026-07-08 → 2026-07-08) 56757 bytes
2026-07-03 09:35:22,215 [INFO] [OK] USA/GFS_ENSEMBLE_Corn_PRCP_DEP/daily dia 06 (2026-07-09 → 2026-07-09) 54104 bytes
2026-07-03 09:35:22,251 [INFO] [OK] USA/GFS_ENSEMBLE_Corn_PRCP_DEP/daily dia 07 (2026-07-10 → 2026-07-10) 54016 bytes
2026-07-03 09:35:22,872 [INFO] [OK] USA/GFS_ENSEMBLE_Corn_PRCP_DEP/daily dia 08 (2026-07-11 → 2026-07-11) 55063 bytes
2026-07-03 09:35:22,934 [INFO] [OK] USA/GFS_ENSEMBLE_Corn_PRCP_DEP/daily dia 09 (2026-07-12 → 2026-07-12) 58332 bytes
2026-07-03 09:35:23,156 [INFO] [OK] USA/GFS_ENSEMBLE_Corn_PRCP_DEP/daily dia 10 (2026-07-13 → 2026-07-13) 59443 bytes
2026-07-03 09:35:23,305 [INFO] [OK] USA/GFS_ENSEMBLE_Corn_PRCP_DEP/daily dia 11 (2026-07-14 → 2026-07-14) 59184 bytes
2026-07-03 09:35:23,885 [INFO] [OK] USA/GFS_ENSEMBLE_Corn_PRCP_DEP/daily dia 13 (2026-07-16 → 2026-07-16) 60782 bytes
2026-07-03 09:35:23,888 [INFO] [OK] USA/GFS_ENSEMBLE_Corn_PRCP_DEP/daily dia 12 (2026-07-15 → 2026-07-15) 61008 bytes
2026-07-03 09:35:24,438 [INFO] [OK] USA/GFS_ENSEMBLE_Corn_PRCP_DEP/daily dia 14 (2026-07-17 → 2026-07-17) 61763 bytes
2026-07-03 09:35:24,500 [INFO] [OK] USA/GFS_ENSEMBLE_Corn_PRCP_DEP/cumulative dia 00 (2026-07-03 → 2026-07-03) 49479 bytes
2026-07-03 09:35:24,765 [INFO] [OK] USA/GFS_ENSEMBLE_Corn_PRCP_DEP/cumulative dia 01 (2026-07-03 → 2026-07-04) 52330 bytes
2026-07-03 09:35:24,983 [INFO] [OK] USA/GFS_ENSEMBLE_Corn_PRCP_DEP/cumulative dia 02 (2026-07-03 → 2026-07-05) 54608 bytes
2026-07-03 09:35:25,786 [INFO] [OK] USA/GFS_ENSEMBLE_Corn_PRCP_DEP/cumulative dia 03 (2026-07-03 → 2026-07-06) 57644 bytes
2026-07-03 09:35:25,825 [INFO] [OK] USA/GFS_ENSEMBLE_Corn_PRCP_DEP/cumulative dia 04 (2026-07-03 → 2026-07-07) 58512 bytes
2026-07-03 09:35:26,421 [INFO] [OK] USA/GFS_ENSEMBLE_Corn_PRCP_DEP/cumulative dia 05 (2026-07-03 → 2026-07-08) 58108 bytes
2026-07-03 09:35:26,629 [INFO] [OK] USA/GFS_ENSEMBLE_Corn_PRCP_DEP/cumulative dia 06 (2026-07-03 → 2026-07-09) 57136 bytes
2026-07-03 09:35:26,963 [INFO] [OK] USA/GFS_ENSEMBLE_Corn_PRCP_DEP/cumulative dia 07 (2026-07-03 → 2026-07-10) 57099 bytes
2026-07-03 09:35:27,337 [INFO] [OK] USA/GFS_ENSEMBLE_Corn_PRCP_DEP/cumulative dia 08 (2026-07-03 → 2026-07-11) 57135 bytes
2026-07-03 09:35:28,179 [INFO] [OK] USA/GFS_ENSEMBLE_Corn_PRCP_DEP/cumulative dia 09 (2026-07-03 → 2026-07-12) 57883 bytes
2026-07-03 09:35:28,296 [INFO] [OK] USA/GFS_ENSEMBLE_Corn_PRCP_DEP/cumulative dia 10 (2026-07-03 → 2026-07-13) 58919 bytes
2026-07-03 09:35:28,988 [INFO] [OK] USA/GFS_ENSEMBLE_Corn_PRCP_DEP/cumulative dia 11 (2026-07-03 → 2026-07-14) 59284 bytes
2026-07-03 09:35:29,345 [INFO] [OK] USA/GFS_ENSEMBLE_Corn_PRCP_DEP/cumulative dia 12 (2026-07-03 → 2026-07-15) 59695 bytes
2026-07-03 09:35:29,622 [INFO] [OK] USA/GFS_ENSEMBLE_Corn_PRCP/daily dia 00 (2026-07-03 → 2026-07-03) 37042 bytes
2026-07-03 09:35:29,790 [INFO] [OK] USA/GFS_ENSEMBLE_Corn_PRCP_DEP/cumulative dia 13 (2026-07-03 → 2026-07-16) 59403 bytes
2026-07-03 09:35:29,825 [INFO] [OK] USA/GFS_ENSEMBLE_Corn_PRCP/daily dia 01 (2026-07-04 → 2026-07-04) 38578 bytes
2026-07-03 09:35:30,666 [INFO] [OK] USA/GFS_ENSEMBLE_Corn_PRCP/daily dia 02 (2026-07-05 → 2026-07-05) 37071 bytes
2026-07-03 09:35:30,718 [INFO] [OK] USA/GFS_ENSEMBLE_Corn_PRCP_DEP/cumulative dia 14 (2026-07-03 → 2026-07-17) 59420 bytes
2026-07-03 09:35:30,802 [INFO] [OK] USA/GFS_ENSEMBLE_Corn_PRCP/daily dia 03 (2026-07-06 → 2026-07-06) 37887 bytes
2026-07-03 09:35:31,106 [INFO] [OK] USA/GFS_ENSEMBLE_Corn_PRCP/daily dia 04 (2026-07-07 → 2026-07-07) 37663 bytes
2026-07-03 09:35:31,214 [INFO] [OK] USA/GFS_ENSEMBLE_Corn_PRCP/daily dia 05 (2026-07-08 → 2026-07-08) 37178 bytes
2026-07-03 09:35:31,287 [INFO] [OK] USA/GFS_ENSEMBLE_Corn_PRCP/daily dia 06 (2026-07-09 → 2026-07-09) 36487 bytes
2026-07-03 09:35:32,146 [INFO] [OK] USA/GFS_ENSEMBLE_Corn_PRCP/daily dia 07 (2026-07-10 → 2026-07-10) 36467 bytes
2026-07-03 09:35:32,181 [INFO] [OK] USA/GFS_ENSEMBLE_Corn_PRCP/daily dia 08 (2026-07-11 → 2026-07-11) 36312 bytes
2026-07-03 09:35:32,250 [INFO] [OK] USA/GFS_ENSEMBLE_Corn_PRCP/daily dia 09 (2026-07-12 → 2026-07-12) 35418 bytes
2026-07-03 09:35:32,795 [INFO] [OK] USA/GFS_ENSEMBLE_Corn_PRCP/daily dia 10 (2026-07-13 → 2026-07-13) 35315 bytes
2026-07-03 09:35:32,884 [INFO] [OK] USA/GFS_ENSEMBLE_Corn_PRCP/daily dia 11 (2026-07-14 → 2026-07-14) 35940 bytes
2026-07-03 09:35:32,973 [INFO] [OK] USA/GFS_ENSEMBLE_Corn_PRCP/daily dia 12 (2026-07-15 → 2026-07-15) 36239 bytes
2026-07-03 09:35:33,599 [INFO] [OK] USA/GFS_ENSEMBLE_Corn_PRCP/daily dia 13 (2026-07-16 → 2026-07-16) 36467 bytes
2026-07-03 09:35:33,699 [INFO] [OK] USA/GFS_ENSEMBLE_Corn_PRCP/daily dia 14 (2026-07-17 → 2026-07-17) 36768 bytes
2026-07-03 09:35:33,893 [INFO] [OK] USA/GFS_ENSEMBLE_Corn_PRCP/cumulative dia 00 (2026-07-03 → 2026-07-03) 37042 bytes
2026-07-03 09:35:34,377 [INFO] [OK] USA/GFS_ENSEMBLE_Corn_PRCP/cumulative dia 01 (2026-07-03 → 2026-07-04) 40367 bytes
2026-07-03 09:35:34,543 [INFO] [OK] USA/GFS_ENSEMBLE_Corn_PRCP/cumulative dia 02 (2026-07-03 → 2026-07-05) 42306 bytes
2026-07-03 09:35:34,779 [INFO] [OK] USA/GFS_ENSEMBLE_Corn_PRCP/cumulative dia 03 (2026-07-03 → 2026-07-06) 44463 bytes
2026-07-03 09:35:35,484 [INFO] [OK] USA/GFS_ENSEMBLE_Corn_PRCP/cumulative dia 04 (2026-07-03 → 2026-07-07) 45340 bytes
2026-07-03 09:35:35,793 [INFO] [OK] USA/GFS_ENSEMBLE_Corn_PRCP/cumulative dia 05 (2026-07-03 → 2026-07-08) 46536 bytes
2026-07-03 09:35:35,930 [INFO] [OK] USA/GFS_ENSEMBLE_Corn_PRCP/cumulative dia 06 (2026-07-03 → 2026-07-09) 47324 bytes
2026-07-03 09:35:36,680 [INFO] [OK] USA/GFS_ENSEMBLE_Corn_PRCP/cumulative dia 07 (2026-07-03 → 2026-07-10) 47592 bytes
2026-07-03 09:35:36,911 [INFO] [OK] USA/GFS_ENSEMBLE_Corn_PRCP/cumulative dia 08 (2026-07-03 → 2026-07-11) 48253 bytes
2026-07-03 09:35:37,142 [INFO] [OK] USA/GFS_ENSEMBLE_Corn_PRCP/cumulative dia 09 (2026-07-03 → 2026-07-12) 47870 bytes
2026-07-03 09:35:37,997 [INFO] [OK] USA/GFS_ENSEMBLE_Corn_PRCP/cumulative dia 10 (2026-07-03 → 2026-07-13) 48271 bytes
2026-07-03 09:35:38,494 [INFO] [OK] USA/GFS_ENSEMBLE_Corn_PRCP/cumulative dia 11 (2026-07-03 → 2026-07-14) 49120 bytes
2026-07-03 09:35:39,306 [INFO] [OK] USA/GFS_ENSEMBLE_Soy_PRCP_DEP/daily dia 00 (2026-07-03 → 2026-07-03) 49276 bytes
2026-07-03 09:35:39,308 [INFO] [OK] USA/GFS_ENSEMBLE_Corn_PRCP/cumulative dia 12 (2026-07-03 → 2026-07-15) 49763 bytes
2026-07-03 09:35:39,524 [INFO] [OK] USA/GFS_ENSEMBLE_Soy_PRCP_DEP/daily dia 01 (2026-07-04 → 2026-07-04) 52174 bytes
2026-07-03 09:35:39,603 [INFO] [OK] USA/GFS_ENSEMBLE_Corn_PRCP/cumulative dia 13 (2026-07-03 → 2026-07-16) 49647 bytes
2026-07-03 09:35:39,753 [INFO] [OK] USA/GFS_ENSEMBLE_Corn_PRCP/cumulative dia 14 (2026-07-03 → 2026-07-17) 49621 bytes
2026-07-03 09:35:40,051 [INFO] [OK] USA/GFS_ENSEMBLE_Soy_PRCP_DEP/daily dia 02 (2026-07-05 → 2026-07-05) 54122 bytes
2026-07-03 09:35:40,851 [INFO] [OK] USA/GFS_ENSEMBLE_Soy_PRCP_DEP/daily dia 03 (2026-07-06 → 2026-07-06) 59398 bytes
2026-07-03 09:35:40,875 [INFO] [OK] USA/GFS_ENSEMBLE_Soy_PRCP_DEP/daily dia 04 (2026-07-07 → 2026-07-07) 57694 bytes
2026-07-03 09:35:41,004 [INFO] [OK] USA/GFS_ENSEMBLE_Soy_PRCP_DEP/daily dia 05 (2026-07-08 → 2026-07-08) 56455 bytes
2026-07-03 09:35:41,117 [INFO] [OK] USA/GFS_ENSEMBLE_Soy_PRCP_DEP/daily dia 06 (2026-07-09 → 2026-07-09) 53793 bytes
2026-07-03 09:35:41,246 [INFO] [OK] USA/GFS_ENSEMBLE_Soy_PRCP_DEP/daily dia 07 (2026-07-10 → 2026-07-10) 53711 bytes
2026-07-03 09:35:41,575 [INFO] [OK] USA/GFS_ENSEMBLE_Soy_PRCP_DEP/daily dia 08 (2026-07-11 → 2026-07-11) 54597 bytes
2026-07-03 09:35:42,438 [INFO] [OK] USA/GFS_ENSEMBLE_Soy_PRCP_DEP/daily dia 10 (2026-07-13 → 2026-07-13) 59227 bytes
2026-07-03 09:35:42,443 [INFO] [OK] USA/GFS_ENSEMBLE_Soy_PRCP_DEP/daily dia 09 (2026-07-12 → 2026-07-12) 57896 bytes
2026-07-03 09:35:42,557 [INFO] [OK] USA/GFS_ENSEMBLE_Soy_PRCP_DEP/daily dia 11 (2026-07-14 → 2026-07-14) 58865 bytes
2026-07-03 09:35:42,668 [INFO] [OK] USA/GFS_ENSEMBLE_Soy_PRCP_DEP/daily dia 12 (2026-07-15 → 2026-07-15) 60835 bytes
2026-07-03 09:35:42,836 [INFO] [OK] USA/GFS_ENSEMBLE_Soy_PRCP_DEP/daily dia 13 (2026-07-16 → 2026-07-16) 60741 bytes
2026-07-03 09:35:43,130 [INFO] [OK] USA/GFS_ENSEMBLE_Soy_PRCP_DEP/daily dia 14 (2026-07-17 → 2026-07-17) 61545 bytes
2026-07-03 09:35:44,062 [INFO] [OK] USA/GFS_ENSEMBLE_Soy_PRCP_DEP/cumulative dia 00 (2026-07-03 → 2026-07-03) 49276 bytes
2026-07-03 09:35:44,073 [INFO] [OK] USA/GFS_ENSEMBLE_Soy_PRCP_DEP/cumulative dia 01 (2026-07-03 → 2026-07-04) 51994 bytes
2026-07-03 09:35:44,339 [INFO] [OK] USA/GFS_ENSEMBLE_Soy_PRCP_DEP/cumulative dia 02 (2026-07-03 → 2026-07-05) 54323 bytes
2026-07-03 09:35:44,575 [INFO] [OK] USA/GFS_ENSEMBLE_Soy_PRCP_DEP/cumulative dia 03 (2026-07-03 → 2026-07-06) 57208 bytes
2026-07-03 09:35:44,702 [INFO] [OK] USA/GFS_ENSEMBLE_Soy_PRCP_DEP/cumulative dia 04 (2026-07-03 → 2026-07-07) 58133 bytes
2026-07-03 09:35:45,161 [INFO] [OK] USA/GFS_ENSEMBLE_Soy_PRCP_DEP/cumulative dia 05 (2026-07-03 → 2026-07-08) 57510 bytes
2026-07-03 09:35:46,189 [INFO] [OK] USA/GFS_ENSEMBLE_Soy_PRCP_DEP/cumulative dia 06 (2026-07-03 → 2026-07-09) 56768 bytes
2026-07-03 09:35:46,359 [INFO] [OK] USA/GFS_ENSEMBLE_Soy_PRCP_DEP/cumulative dia 07 (2026-07-03 → 2026-07-10) 56573 bytes
2026-07-03 09:35:46,928 [INFO] [OK] USA/GFS_ENSEMBLE_Soy_PRCP_DEP/cumulative dia 08 (2026-07-03 → 2026-07-11) 56671 bytes
2026-07-03 09:35:47,201 [INFO] [OK] USA/GFS_ENSEMBLE_Soy_PRCP_DEP/cumulative dia 09 (2026-07-03 → 2026-07-12) 57472 bytes
2026-07-03 09:35:47,331 [INFO] [OK] USA/GFS_ENSEMBLE_Soy_PRCP_DEP/cumulative dia 10 (2026-07-03 → 2026-07-13) 58231 bytes
2026-07-03 09:35:47,874 [INFO] [OK] USA/GFS_ENSEMBLE_Soy_PRCP_DEP/cumulative dia 11 (2026-07-03 → 2026-07-14) 58748 bytes
2026-07-03 09:35:48,814 [INFO] [OK] USA/GFS_ENSEMBLE_Soy_PRCP/daily dia 00 (2026-07-03 → 2026-07-03) 36626 bytes
2026-07-03 09:35:48,815 [INFO] [OK] USA/GFS_ENSEMBLE_Soy_PRCP/daily dia 01 (2026-07-04 → 2026-07-04) 38214 bytes
2026-07-03 09:35:48,904 [INFO] [OK] USA/GFS_ENSEMBLE_Soy_PRCP_DEP/cumulative dia 12 (2026-07-03 → 2026-07-15) 59250 bytes
2026-07-03 09:35:49,129 [INFO] [OK] USA/GFS_ENSEMBLE_Soy_PRCP_DEP/cumulative dia 13 (2026-07-03 → 2026-07-16) 58980 bytes
2026-07-03 09:35:49,411 [INFO] [OK] USA/GFS_ENSEMBLE_Soy_PRCP/daily dia 02 (2026-07-05 → 2026-07-05) 36776 bytes
2026-07-03 09:35:49,693 [INFO] [OK] USA/GFS_ENSEMBLE_Soy_PRCP_DEP/cumulative dia 14 (2026-07-03 → 2026-07-17) 59029 bytes
2026-07-03 09:35:50,282 [INFO] [OK] USA/GFS_ENSEMBLE_Soy_PRCP/daily dia 04 (2026-07-07 → 2026-07-07) 37339 bytes
2026-07-03 09:35:50,380 [INFO] [OK] USA/GFS_ENSEMBLE_Soy_PRCP/daily dia 03 (2026-07-06 → 2026-07-06) 37358 bytes
2026-07-03 09:35:50,445 [INFO] [OK] USA/GFS_ENSEMBLE_Soy_PRCP/daily dia 05 (2026-07-08 → 2026-07-08) 36762 bytes
2026-07-03 09:35:50,575 [INFO] [OK] USA/GFS_ENSEMBLE_Soy_PRCP/daily dia 06 (2026-07-09 → 2026-07-09) 36076 bytes
2026-07-03 09:35:52,396 [INFO] [OK] USA/GFS_ENSEMBLE_Soy_PRCP/daily dia 10 (2026-07-13 → 2026-07-13) 34815 bytes
2026-07-03 09:35:52,404 [INFO] [OK] USA/GFS_ENSEMBLE_Soy_PRCP/daily dia 07 (2026-07-10 → 2026-07-10) 36002 bytes
2026-07-03 09:35:52,408 [INFO] [OK] USA/GFS_ENSEMBLE_Soy_PRCP/daily dia 11 (2026-07-14 → 2026-07-14) 35590 bytes
2026-07-03 09:35:52,412 [INFO] [OK] USA/GFS_ENSEMBLE_Soy_PRCP/daily dia 08 (2026-07-11 → 2026-07-11) 35797 bytes
2026-07-03 09:35:52,425 [INFO] [OK] USA/GFS_ENSEMBLE_Soy_PRCP/daily dia 12 (2026-07-15 → 2026-07-15) 35828 bytes
2026-07-03 09:35:52,426 [INFO] [OK] USA/GFS_ENSEMBLE_Soy_PRCP/daily dia 09 (2026-07-12 → 2026-07-12) 34958 bytes
2026-07-03 09:35:53,970 [INFO] [OK] USA/GFS_ENSEMBLE_Soy_PRCP/daily dia 13 (2026-07-16 → 2026-07-16) 36135 bytes
2026-07-03 09:35:54,612 [INFO] [OK] USA/GFS_ENSEMBLE_Soy_PRCP/cumulative dia 00 (2026-07-03 → 2026-07-03) 36626 bytes
2026-07-03 09:35:55,175 [INFO] [OK] USA/GFS_ENSEMBLE_Soy_PRCP/cumulative dia 02 (2026-07-03 → 2026-07-05) 41927 bytes
2026-07-03 09:35:55,387 [INFO] [OK] USA/GFS_ENSEMBLE_Soy_PRCP/cumulative dia 01 (2026-07-03 → 2026-07-04) 39997 bytes
2026-07-03 09:35:55,390 [INFO] [OK] USA/GFS_ENSEMBLE_Soy_PRCP/daily dia 14 (2026-07-17 → 2026-07-17) 36285 bytes
2026-07-03 09:35:55,412 [INFO] [OK] USA/GFS_ENSEMBLE_Soy_PRCP/cumulative dia 03 (2026-07-03 → 2026-07-06) 44080 bytes
2026-07-03 09:35:56,025 [INFO] [OK] USA/GFS_ENSEMBLE_Soy_PRCP/cumulative dia 04 (2026-07-03 → 2026-07-07) 44875 bytes
2026-07-03 09:35:57,331 [INFO] [OK] USA/GFS_ENSEMBLE_Soy_PRCP/cumulative dia 05 (2026-07-03 → 2026-07-08) 46154 bytes
2026-07-03 09:35:57,693 [INFO] [OK] USA/GFS_ENSEMBLE_Soy_PRCP/cumulative dia 06 (2026-07-03 → 2026-07-09) 46601 bytes
2026-07-03 09:35:58,102 [INFO] [OK] USA/GFS_ENSEMBLE_Soy_PRCP/cumulative dia 07 (2026-07-03 → 2026-07-10) 47101 bytes
2026-07-03 09:35:58,470 [INFO] [OK] USA/GFS_ENSEMBLE_Soy_PRCP/cumulative dia 08 (2026-07-03 → 2026-07-11) 47631 bytes
2026-07-03 09:35:58,610 [INFO] [OK] USA/GFS_ENSEMBLE_Soy_PRCP/cumulative dia 09 (2026-07-03 → 2026-07-12) 47252 bytes
2026-07-03 09:35:59,210 [INFO] [OK] USA/GFS_ENSEMBLE_Soy_PRCP/cumulative dia 10 (2026-07-03 → 2026-07-13) 47635 bytes
2026-07-03 09:36:00,163 [INFO] [OK] USA/GFS_ENSEMBLE_Soy_PRCP/cumulative dia 11 (2026-07-03 → 2026-07-14) 48443 bytes
2026-07-03 09:36:00,458 [INFO] [OK] USA/GFS_ENSEMBLE_Wheat_Winter_PRCP_DEP/daily dia 00 (2026-07-03 → 2026-07-03) 50707 bytes
2026-07-03 09:36:00,810 [INFO] [OK] USA/GFS_ENSEMBLE_Soy_PRCP/cumulative dia 12 (2026-07-03 → 2026-07-15) 49171 bytes
2026-07-03 09:36:01,682 [INFO] [OK] USA/GFS_ENSEMBLE_Soy_PRCP/cumulative dia 13 (2026-07-03 → 2026-07-16) 49166 bytes
2026-07-03 09:36:01,894 [INFO] [OK] USA/GFS_ENSEMBLE_Wheat_Winter_PRCP_DEP/daily dia 02 (2026-07-05 → 2026-07-05) 55719 bytes
2026-07-03 09:36:01,985 [INFO] [OK] USA/GFS_ENSEMBLE_Soy_PRCP/cumulative dia 14 (2026-07-03 → 2026-07-17) 49154 bytes
2026-07-03 09:36:02,115 [INFO] [OK] USA/GFS_ENSEMBLE_Wheat_Winter_PRCP_DEP/daily dia 01 (2026-07-04 → 2026-07-04) 53795 bytes
2026-07-03 09:36:02,311 [INFO] [OK] USA/GFS_ENSEMBLE_Wheat_Winter_PRCP_DEP/daily dia 03 (2026-07-06 → 2026-07-06) 60708 bytes
2026-07-03 09:36:02,560 [INFO] [OK] USA/GFS_ENSEMBLE_Wheat_Winter_PRCP_DEP/daily dia 04 (2026-07-07 → 2026-07-07) 59325 bytes
2026-07-03 09:36:03,576 [INFO] [OK] USA/GFS_ENSEMBLE_Wheat_Winter_PRCP_DEP/daily dia 05 (2026-07-08 → 2026-07-08) 58277 bytes
2026-07-03 09:36:03,658 [INFO] [OK] USA/GFS_ENSEMBLE_Wheat_Winter_PRCP_DEP/daily dia 06 (2026-07-09 → 2026-07-09) 55683 bytes
2026-07-03 09:36:03,723 [INFO] [OK] USA/GFS_ENSEMBLE_Wheat_Winter_PRCP_DEP/daily dia 07 (2026-07-10 → 2026-07-10) 55334 bytes
2026-07-03 09:36:03,801 [INFO] [OK] USA/GFS_ENSEMBLE_Wheat_Winter_PRCP_DEP/daily dia 08 (2026-07-11 → 2026-07-11) 56407 bytes
2026-07-03 09:36:03,950 [INFO] [OK] USA/GFS_ENSEMBLE_Wheat_Winter_PRCP_DEP/daily dia 09 (2026-07-12 → 2026-07-12) 59126 bytes
2026-07-03 09:36:04,252 [INFO] [OK] USA/GFS_ENSEMBLE_Wheat_Winter_PRCP_DEP/daily dia 10 (2026-07-13 → 2026-07-13) 60519 bytes
2026-07-03 09:36:05,131 [INFO] [OK] USA/GFS_ENSEMBLE_Wheat_Winter_PRCP_DEP/daily dia 11 (2026-07-14 → 2026-07-14) 60566 bytes
2026-07-03 09:36:05,405 [INFO] [OK] USA/GFS_ENSEMBLE_Wheat_Winter_PRCP_DEP/daily dia 13 (2026-07-16 → 2026-07-16) 62091 bytes
2026-07-03 09:36:05,408 [INFO] [OK] USA/GFS_ENSEMBLE_Wheat_Winter_PRCP_DEP/daily dia 12 (2026-07-15 → 2026-07-15) 62478 bytes
2026-07-03 09:36:05,488 [INFO] [OK] USA/GFS_ENSEMBLE_Wheat_Winter_PRCP_DEP/daily dia 14 (2026-07-17 → 2026-07-17) 63056 bytes
2026-07-03 09:36:05,548 [INFO] [OK] USA/GFS_ENSEMBLE_Wheat_Winter_PRCP_DEP/cumulative dia 00 (2026-07-03 → 2026-07-03) 50707 bytes
2026-07-03 09:36:05,843 [INFO] [OK] USA/GFS_ENSEMBLE_Wheat_Winter_PRCP_DEP/cumulative dia 01 (2026-07-03 → 2026-07-04) 53560 bytes
2026-07-03 09:36:06,974 [INFO] [OK] USA/GFS_ENSEMBLE_Wheat_Winter_PRCP_DEP/cumulative dia 02 (2026-07-03 → 2026-07-05) 56144 bytes
2026-07-03 09:36:07,821 [INFO] [OK] USA/GFS_ENSEMBLE_Wheat_Winter_PRCP_DEP/cumulative dia 06 (2026-07-03 → 2026-07-09) 58540 bytes
2026-07-03 09:36:07,826 [INFO] [OK] USA/GFS_ENSEMBLE_Wheat_Winter_PRCP_DEP/cumulative dia 04 (2026-07-03 → 2026-07-07) 59837 bytes
2026-07-03 09:36:07,862 [INFO] [OK] USA/GFS_ENSEMBLE_Wheat_Winter_PRCP_DEP/cumulative dia 05 (2026-07-03 → 2026-07-08) 59271 bytes
2026-07-03 09:36:07,868 [INFO] [OK] USA/GFS_ENSEMBLE_Wheat_Winter_PRCP_DEP/cumulative dia 03 (2026-07-03 → 2026-07-06) 59183 bytes
2026-07-03 09:36:08,100 [INFO] [OK] USA/GFS_ENSEMBLE_Wheat_Winter_PRCP_DEP/cumulative dia 07 (2026-07-03 → 2026-07-10) 58423 bytes
2026-07-03 09:36:09,261 [INFO] [OK] USA/GFS_ENSEMBLE_Wheat_Winter_PRCP_DEP/cumulative dia 08 (2026-07-03 → 2026-07-11) 58392 bytes
2026-07-03 09:36:10,599 [INFO] [OK] USA/GFS_ENSEMBLE_Wheat_Winter_PRCP_DEP/cumulative dia 12 (2026-07-03 → 2026-07-15) 60713 bytes
2026-07-03 09:36:10,638 [INFO] [OK] USA/GFS_ENSEMBLE_Wheat_Winter_PRCP_DEP/cumulative dia 10 (2026-07-03 → 2026-07-13) 60023 bytes
2026-07-03 09:36:10,868 [INFO] [OK] USA/GFS_ENSEMBLE_Wheat_Winter_PRCP_DEP/cumulative dia 09 (2026-07-03 → 2026-07-12) 59472 bytes
2026-07-03 09:36:10,970 [INFO] [OK] USA/GFS_ENSEMBLE_Wheat_Winter_PRCP_DEP/cumulative dia 11 (2026-07-03 → 2026-07-14) 60624 bytes
2026-07-03 09:36:11,148 [INFO] [OK] USA/GFS_ENSEMBLE_Wheat_Winter_PRCP_DEP/cumulative dia 13 (2026-07-03 → 2026-07-16) 60521 bytes
2026-07-03 09:36:12,093 [INFO] [OK] USA/GFS_ENSEMBLE_Wheat_Winter_PRCP/daily dia 01 (2026-07-04 → 2026-07-04) 39752 bytes
2026-07-03 09:36:12,127 [INFO] [OK] USA/GFS_ENSEMBLE_Wheat_Winter_PRCP_DEP/cumulative dia 14 (2026-07-03 → 2026-07-17) 60228 bytes
2026-07-03 09:36:12,396 [INFO] [OK] USA/GFS_ENSEMBLE_Wheat_Winter_PRCP/daily dia 00 (2026-07-03 → 2026-07-03) 38246 bytes
2026-07-03 09:36:12,404 [INFO] [OK] USA/GFS_ENSEMBLE_Wheat_Winter_PRCP/daily dia 03 (2026-07-06 → 2026-07-06) 39029 bytes
2026-07-03 09:36:12,481 [INFO] [OK] USA/GFS_ENSEMBLE_Wheat_Winter_PRCP/daily dia 02 (2026-07-05 → 2026-07-05) 38432 bytes
2026-07-03 09:36:12,690 [INFO] [OK] USA/GFS_ENSEMBLE_Wheat_Winter_PRCP/daily dia 04 (2026-07-07 → 2026-07-07) 38747 bytes
2026-07-03 09:36:13,556 [INFO] [OK] USA/GFS_ENSEMBLE_Wheat_Winter_PRCP/daily dia 05 (2026-07-08 → 2026-07-08) 38276 bytes
2026-07-03 09:36:13,562 [INFO] [OK] USA/GFS_ENSEMBLE_Wheat_Winter_PRCP/daily dia 06 (2026-07-09 → 2026-07-09) 37911 bytes
2026-07-03 09:36:13,900 [INFO] [OK] USA/GFS_ENSEMBLE_Wheat_Winter_PRCP/daily dia 07 (2026-07-10 → 2026-07-10) 37630 bytes
2026-07-03 09:36:14,330 [INFO] [OK] USA/GFS_ENSEMBLE_Wheat_Winter_PRCP/daily dia 08 (2026-07-11 → 2026-07-11) 37546 bytes
2026-07-03 09:36:14,339 [INFO] [OK] USA/GFS_ENSEMBLE_Wheat_Winter_PRCP/daily dia 10 (2026-07-13 → 2026-07-13) 36336 bytes
2026-07-03 09:36:14,342 [INFO] [OK] USA/GFS_ENSEMBLE_Wheat_Winter_PRCP/daily dia 09 (2026-07-12 → 2026-07-12) 36549 bytes
2026-07-03 09:36:15,078 [INFO] [OK] USA/GFS_ENSEMBLE_Wheat_Winter_PRCP/daily dia 12 (2026-07-15 → 2026-07-15) 37449 bytes
2026-07-03 09:36:15,084 [INFO] [OK] USA/GFS_ENSEMBLE_Wheat_Winter_PRCP/daily dia 11 (2026-07-14 → 2026-07-14) 37087 bytes
2026-07-03 09:36:15,385 [INFO] [OK] USA/GFS_ENSEMBLE_Wheat_Winter_PRCP/daily dia 13 (2026-07-16 → 2026-07-16) 37583 bytes
2026-07-03 09:36:16,049 [INFO] [OK] USA/GFS_ENSEMBLE_Wheat_Winter_PRCP/cumulative dia 01 (2026-07-03 → 2026-07-04) 41620 bytes
2026-07-03 09:36:16,070 [INFO] [OK] USA/GFS_ENSEMBLE_Wheat_Winter_PRCP/daily dia 14 (2026-07-17 → 2026-07-17) 37684 bytes
2026-07-03 09:36:16,112 [INFO] [OK] USA/GFS_ENSEMBLE_Wheat_Winter_PRCP/cumulative dia 00 (2026-07-03 → 2026-07-03) 38246 bytes
2026-07-03 09:36:16,734 [INFO] [OK] USA/GFS_ENSEMBLE_Wheat_Winter_PRCP/cumulative dia 02 (2026-07-03 → 2026-07-05) 43732 bytes
2026-07-03 09:36:16,856 [INFO] [OK] USA/GFS_ENSEMBLE_Wheat_Winter_PRCP/cumulative dia 03 (2026-07-03 → 2026-07-06) 45676 bytes
2026-07-03 09:36:17,188 [INFO] [OK] USA/GFS_ENSEMBLE_Wheat_Winter_PRCP/cumulative dia 04 (2026-07-03 → 2026-07-07) 46451 bytes
2026-07-03 09:36:18,085 [INFO] [OK] USA/GFS_ENSEMBLE_Wheat_Winter_PRCP/cumulative dia 05 (2026-07-03 → 2026-07-08) 47775 bytes
2026-07-03 09:36:18,165 [INFO] [OK] USA/GFS_ENSEMBLE_Wheat_Winter_PRCP/cumulative dia 06 (2026-07-03 → 2026-07-09) 48472 bytes
2026-07-03 09:36:18,324 [INFO] [OK] USA/GFS_ENSEMBLE_Wheat_Winter_PRCP/cumulative dia 07 (2026-07-03 → 2026-07-10) 48908 bytes
2026-07-03 09:36:19,096 [INFO] [OK] USA/GFS_ENSEMBLE_Wheat_Winter_PRCP/cumulative dia 08 (2026-07-03 → 2026-07-11) 49533 bytes
2026-07-03 09:36:19,245 [INFO] [OK] USA/GFS_ENSEMBLE_Wheat_Winter_PRCP/cumulative dia 09 (2026-07-03 → 2026-07-12) 49029 bytes
2026-07-03 09:36:19,689 [INFO] [OK] USA/GFS_ENSEMBLE_Wheat_Winter_PRCP/cumulative dia 10 (2026-07-03 → 2026-07-13) 49535 bytes
2026-07-03 09:36:20,656 [INFO] [OK] USA/GFS_ENSEMBLE_Wheat_Winter_PRCP/cumulative dia 11 (2026-07-03 → 2026-07-14) 50271 bytes
2026-07-03 09:36:20,840 [INFO] [OK] USA/GFS_ENSEMBLE_Wheat_Winter_PRCP/cumulative dia 12 (2026-07-03 → 2026-07-15) 51050 bytes
2026-07-03 09:36:20,873 [INFO] [OK] USA/GFS_ENSEMBLE_Wheat_Spring_PRCP_DEP/daily dia 00 (2026-07-03 → 2026-07-03) 47926 bytes
2026-07-03 09:36:21,106 [INFO] [OK] USA/GFS_ENSEMBLE_Wheat_Winter_PRCP/cumulative dia 13 (2026-07-03 → 2026-07-16) 51154 bytes
2026-07-03 09:36:21,161 [INFO] [OK] USA/GFS_ENSEMBLE_Wheat_Spring_PRCP_DEP/daily dia 01 (2026-07-04 → 2026-07-04) 50716 bytes
2026-07-03 09:36:21,901 [INFO] [OK] USA/GFS_ENSEMBLE_Wheat_Winter_PRCP/cumulative dia 14 (2026-07-03 → 2026-07-17) 51191 bytes
2026-07-03 09:36:22,152 [INFO] [OK] USA/GFS_ENSEMBLE_Wheat_Spring_PRCP_DEP/daily dia 02 (2026-07-05 → 2026-07-05) 52306 bytes
2026-07-03 09:36:22,542 [INFO] [OK] USA/GFS_ENSEMBLE_Wheat_Spring_PRCP_DEP/daily dia 04 (2026-07-07 → 2026-07-07) 55432 bytes
2026-07-03 09:36:22,598 [INFO] [OK] USA/GFS_ENSEMBLE_Wheat_Spring_PRCP_DEP/daily dia 03 (2026-07-06 → 2026-07-06) 57640 bytes
2026-07-03 09:36:22,744 [INFO] [OK] USA/GFS_ENSEMBLE_Wheat_Spring_PRCP_DEP/daily dia 06 (2026-07-09 → 2026-07-09) 52313 bytes
2026-07-03 09:36:22,786 [INFO] [OK] USA/GFS_ENSEMBLE_Wheat_Spring_PRCP_DEP/daily dia 05 (2026-07-08 → 2026-07-08) 54648 bytes
2026-07-03 09:36:23,384 [INFO] [OK] USA/GFS_ENSEMBLE_Wheat_Spring_PRCP_DEP/daily dia 07 (2026-07-10 → 2026-07-10) 52187 bytes
2026-07-03 09:36:23,747 [INFO] [OK] USA/GFS_ENSEMBLE_Wheat_Spring_PRCP_DEP/daily dia 08 (2026-07-11 → 2026-07-11) 52976 bytes
2026-07-03 09:36:24,120 [INFO] [OK] USA/GFS_ENSEMBLE_Wheat_Spring_PRCP_DEP/daily dia 09 (2026-07-12 → 2026-07-12) 55737 bytes
2026-07-03 09:36:24,233 [INFO] [OK] USA/GFS_ENSEMBLE_Wheat_Spring_PRCP_DEP/daily dia 10 (2026-07-13 → 2026-07-13) 57370 bytes
2026-07-03 09:36:24,313 [INFO] [OK] USA/GFS_ENSEMBLE_Wheat_Spring_PRCP_DEP/daily dia 12 (2026-07-15 → 2026-07-15) 59338 bytes
2026-07-03 09:36:24,363 [INFO] [OK] USA/GFS_ENSEMBLE_Wheat_Spring_PRCP_DEP/daily dia 11 (2026-07-14 → 2026-07-14) 57042 bytes
2026-07-03 09:36:25,173 [INFO] [OK] USA/GFS_ENSEMBLE_Wheat_Spring_PRCP_DEP/daily dia 13 (2026-07-16 → 2026-07-16) 58921 bytes
2026-07-03 09:36:25,388 [INFO] [OK] USA/GFS_ENSEMBLE_Wheat_Spring_PRCP_DEP/daily dia 14 (2026-07-17 → 2026-07-17) 60012 bytes
2026-07-03 09:36:25,686 [INFO] [OK] USA/GFS_ENSEMBLE_Wheat_Spring_PRCP_DEP/cumulative dia 00 (2026-07-03 → 2026-07-03) 47926 bytes
2026-07-03 09:36:26,051 [INFO] [OK] USA/GFS_ENSEMBLE_Wheat_Spring_PRCP_DEP/cumulative dia 01 (2026-07-03 → 2026-07-04) 50383 bytes
2026-07-03 09:36:26,413 [INFO] [OK] USA/GFS_ENSEMBLE_Wheat_Spring_PRCP_DEP/cumulative dia 02 (2026-07-03 → 2026-07-05) 53040 bytes
2026-07-03 09:36:26,415 [INFO] [OK] USA/GFS_ENSEMBLE_Wheat_Spring_PRCP_DEP/cumulative dia 03 (2026-07-03 → 2026-07-06) 55822 bytes
2026-07-03 09:36:27,133 [INFO] [OK] USA/GFS_ENSEMBLE_Wheat_Spring_PRCP_DEP/cumulative dia 04 (2026-07-03 → 2026-07-07) 56326 bytes
2026-07-03 09:36:27,474 [INFO] [OK] USA/GFS_ENSEMBLE_Wheat_Spring_PRCP_DEP/cumulative dia 05 (2026-07-03 → 2026-07-08) 55800 bytes
2026-07-03 09:36:27,930 [INFO] [OK] USA/GFS_ENSEMBLE_Wheat_Spring_PRCP_DEP/cumulative dia 06 (2026-07-03 → 2026-07-09) 55041 bytes
2026-07-03 09:36:29,118 [INFO] [OK] USA/GFS_ENSEMBLE_Wheat_Spring_PRCP_DEP/cumulative dia 09 (2026-07-03 → 2026-07-12) 55844 bytes
2026-07-03 09:36:29,130 [INFO] [OK] USA/GFS_ENSEMBLE_Wheat_Spring_PRCP_DEP/cumulative dia 07 (2026-07-03 → 2026-07-10) 55114 bytes
2026-07-03 09:36:29,211 [INFO] [OK] USA/GFS_ENSEMBLE_Wheat_Spring_PRCP_DEP/cumulative dia 08 (2026-07-03 → 2026-07-11) 54962 bytes
2026-07-03 09:36:29,997 [INFO] [OK] USA/GFS_ENSEMBLE_Wheat_Spring_PRCP_DEP/cumulative dia 10 (2026-07-03 → 2026-07-13) 56844 bytes
2026-07-03 09:36:30,256 [INFO] [OK] USA/GFS_ENSEMBLE_Wheat_Spring_PRCP_DEP/cumulative dia 11 (2026-07-03 → 2026-07-14) 57245 bytes
2026-07-03 09:36:30,592 [INFO] [OK] USA/GFS_ENSEMBLE_Wheat_Spring_PRCP_DEP/cumulative dia 12 (2026-07-03 → 2026-07-15) 57642 bytes
2026-07-03 09:36:30,650 [INFO] [OK] USA/GFS_ENSEMBLE_Wheat_Spring_PRCP/daily dia 00 (2026-07-03 → 2026-07-03) 35223 bytes
2026-07-03 09:36:31,438 [INFO] [OK] USA/GFS_ENSEMBLE_Wheat_Spring_PRCP/daily dia 01 (2026-07-04 → 2026-07-04) 36780 bytes
2026-07-03 09:36:31,684 [INFO] [OK] USA/GFS_ENSEMBLE_Wheat_Spring_PRCP/daily dia 02 (2026-07-05 → 2026-07-05) 34874 bytes
2026-07-03 09:36:31,953 [INFO] [OK] USA/GFS_ENSEMBLE_Wheat_Spring_PRCP_DEP/cumulative dia 13 (2026-07-03 → 2026-07-16) 57455 bytes
2026-07-03 09:36:31,963 [INFO] [OK] USA/GFS_ENSEMBLE_Wheat_Spring_PRCP_DEP/cumulative dia 14 (2026-07-03 → 2026-07-17) 57342 bytes
2026-07-03 09:36:32,059 [INFO] [OK] USA/GFS_ENSEMBLE_Wheat_Spring_PRCP/daily dia 03 (2026-07-06 → 2026-07-06) 35736 bytes
2026-07-03 09:36:32,203 [INFO] [OK] USA/GFS_ENSEMBLE_Wheat_Spring_PRCP/daily dia 04 (2026-07-07 → 2026-07-07) 35620 bytes
2026-07-03 09:36:32,996 [INFO] [OK] USA/GFS_ENSEMBLE_Wheat_Spring_PRCP/daily dia 05 (2026-07-08 → 2026-07-08) 35320 bytes
2026-07-03 09:36:33,115 [INFO] [OK] USA/GFS_ENSEMBLE_Wheat_Spring_PRCP/daily dia 06 (2026-07-09 → 2026-07-09) 34529 bytes
2026-07-03 09:36:33,449 [INFO] [OK] USA/GFS_ENSEMBLE_Wheat_Spring_PRCP/daily dia 07 (2026-07-10 → 2026-07-10) 34383 bytes
2026-07-03 09:36:34,139 [INFO] [OK] USA/GFS_ENSEMBLE_Wheat_Spring_PRCP/daily dia 10 (2026-07-13 → 2026-07-13) 33269 bytes
2026-07-03 09:36:34,149 [INFO] [OK] USA/GFS_ENSEMBLE_Wheat_Spring_PRCP/daily dia 09 (2026-07-12 → 2026-07-12) 33447 bytes
2026-07-03 09:36:34,158 [INFO] [OK] USA/GFS_ENSEMBLE_Wheat_Spring_PRCP/daily dia 08 (2026-07-11 → 2026-07-11) 34466 bytes
2026-07-03 09:36:34,517 [INFO] [OK] USA/GFS_ENSEMBLE_Wheat_Spring_PRCP/daily dia 11 (2026-07-14 → 2026-07-14) 34142 bytes
2026-07-03 09:36:34,692 [INFO] [OK] USA/GFS_ENSEMBLE_Wheat_Spring_PRCP/daily dia 12 (2026-07-15 → 2026-07-15) 34382 bytes
2026-07-03 09:36:34,871 [INFO] [OK] USA/GFS_ENSEMBLE_Wheat_Spring_PRCP/daily dia 13 (2026-07-16 → 2026-07-16) 34643 bytes
2026-07-03 09:36:35,596 [INFO] [OK] USA/GFS_ENSEMBLE_Wheat_Spring_PRCP/daily dia 14 (2026-07-17 → 2026-07-17) 34829 bytes
2026-07-03 09:36:35,659 [INFO] [OK] USA/GFS_ENSEMBLE_Wheat_Spring_PRCP/cumulative dia 00 (2026-07-03 → 2026-07-03) 35223 bytes
2026-07-03 09:36:35,722 [INFO] [OK] USA/GFS_ENSEMBLE_Wheat_Spring_PRCP/cumulative dia 01 (2026-07-03 → 2026-07-04) 38463 bytes
2026-07-03 09:36:36,200 [INFO] [OK] USA/GFS_ENSEMBLE_Wheat_Spring_PRCP/cumulative dia 02 (2026-07-03 → 2026-07-05) 40210 bytes
2026-07-03 09:36:36,542 [INFO] [OK] USA/GFS_ENSEMBLE_Wheat_Spring_PRCP/cumulative dia 03 (2026-07-03 → 2026-07-06) 42176 bytes
2026-07-03 09:36:36,679 [INFO] [OK] USA/GFS_ENSEMBLE_Wheat_Spring_PRCP/cumulative dia 04 (2026-07-03 → 2026-07-07) 42984 bytes
2026-07-03 09:36:37,619 [INFO] [OK] USA/GFS_ENSEMBLE_Wheat_Spring_PRCP/cumulative dia 05 (2026-07-03 → 2026-07-08) 43970 bytes
2026-07-03 09:36:37,845 [INFO] [OK] USA/GFS_ENSEMBLE_Wheat_Spring_PRCP/cumulative dia 06 (2026-07-03 → 2026-07-09) 44754 bytes
2026-07-03 09:36:38,198 [INFO] [OK] USA/GFS_ENSEMBLE_Wheat_Spring_PRCP/cumulative dia 07 (2026-07-03 → 2026-07-10) 45132 bytes
2026-07-03 09:36:39,177 [INFO] [OK] USA/GFS_ENSEMBLE_Wheat_Spring_PRCP/cumulative dia 08 (2026-07-03 → 2026-07-11) 45806 bytes
2026-07-03 09:36:40,548 [INFO] [OK] USA/GFS_ENSEMBLE_Wheat_Spring_PRCP/cumulative dia 09 (2026-07-03 → 2026-07-12) 45500 bytes
2026-07-03 09:36:40,974 [INFO] [OK] USA/GFS_ENSEMBLE_Wheat_Spring_PRCP/cumulative dia 10 (2026-07-03 → 2026-07-13) 45883 bytes
2026-07-03 09:36:43,698 [INFO] [OK] USA/ECM_ENSEMBLE_Corn_PRCP_DEP/daily dia 01 (2026-07-04 → 2026-07-04) 52550 bytes
2026-07-03 09:36:43,793 [INFO] [OK] USA/GFS_ENSEMBLE_Wheat_Spring_PRCP/cumulative dia 11 (2026-07-03 → 2026-07-14) 46789 bytes
2026-07-03 09:36:43,989 [INFO] [OK] USA/ECM_ENSEMBLE_Corn_PRCP_DEP/daily dia 00 (2026-07-03 → 2026-07-03) 52552 bytes
2026-07-03 09:36:44,038 [INFO] [OK] USA/GFS_ENSEMBLE_Wheat_Spring_PRCP/cumulative dia 12 (2026-07-03 → 2026-07-15) 47372 bytes
2026-07-03 09:36:44,472 [INFO] [OK] USA/GFS_ENSEMBLE_Wheat_Spring_PRCP/cumulative dia 13 (2026-07-03 → 2026-07-16) 47404 bytes
2026-07-03 09:36:44,947 [INFO] [OK] USA/GFS_ENSEMBLE_Wheat_Spring_PRCP/cumulative dia 14 (2026-07-03 → 2026-07-17) 47530 bytes
2026-07-03 09:36:45,568 [INFO] [OK] USA/ECM_ENSEMBLE_Corn_PRCP_DEP/daily dia 02 (2026-07-05 → 2026-07-05) 54995 bytes
2026-07-03 09:36:45,855 [INFO] [OK] USA/ECM_ENSEMBLE_Corn_PRCP_DEP/daily dia 03 (2026-07-06 → 2026-07-06) 60266 bytes
2026-07-03 09:36:46,287 [INFO] [OK] USA/ECM_ENSEMBLE_Corn_PRCP_DEP/daily dia 05 (2026-07-08 → 2026-07-08) 57423 bytes
2026-07-03 09:36:46,311 [INFO] [OK] USA/ECM_ENSEMBLE_Corn_PRCP_DEP/daily dia 04 (2026-07-07 → 2026-07-07) 57753 bytes
2026-07-03 09:36:46,444 [INFO] [OK] USA/ECM_ENSEMBLE_Corn_PRCP_DEP/daily dia 06 (2026-07-09 → 2026-07-09) 56774 bytes
2026-07-03 09:36:46,804 [INFO] [OK] USA/ECM_ENSEMBLE_Corn_PRCP_DEP/daily dia 07 (2026-07-10 → 2026-07-10) 57425 bytes
2026-07-03 09:36:47,085 [INFO] [OK] USA/ECM_ENSEMBLE_Corn_PRCP_DEP/daily dia 08 (2026-07-11 → 2026-07-11) 57764 bytes
2026-07-03 09:36:47,570 [INFO] [OK] USA/ECM_ENSEMBLE_Corn_PRCP_DEP/daily dia 09 (2026-07-12 → 2026-07-12) 59383 bytes
2026-07-03 09:36:48,453 [INFO] [OK] USA/ECM_ENSEMBLE_Corn_PRCP_DEP/daily dia 10 (2026-07-13 → 2026-07-13) 58685 bytes
2026-07-03 09:36:48,500 [INFO] [OK] USA/ECM_ENSEMBLE_Corn_PRCP_DEP/daily dia 11 (2026-07-14 → 2026-07-14) 58196 bytes
2026-07-03 09:36:48,721 [INFO] [OK] USA/ECM_ENSEMBLE_Corn_PRCP_DEP/daily dia 13 (2026-07-16 → 2026-07-16) 58374 bytes
2026-07-03 09:36:48,725 [INFO] [OK] USA/ECM_ENSEMBLE_Corn_PRCP_DEP/daily dia 12 (2026-07-15 → 2026-07-15) 57645 bytes
2026-07-03 09:36:48,876 [INFO] [OK] USA/ECM_ENSEMBLE_Corn_PRCP_DEP/daily dia 14 (2026-07-17 → 2026-07-17) 58228 bytes
2026-07-03 09:36:49,252 [INFO] [OK] USA/ECM_ENSEMBLE_Corn_PRCP_DEP/cumulative dia 00 (2026-07-03 → 2026-07-03) 52552 bytes
2026-07-03 09:36:51,799 [INFO] [OK] USA/ECM_ENSEMBLE_Corn_PRCP_DEP/cumulative dia 01 (2026-07-03 → 2026-07-04) 54408 bytes
2026-07-03 09:36:51,957 [INFO] [OK] USA/ECM_ENSEMBLE_Corn_PRCP_DEP/cumulative dia 02 (2026-07-03 → 2026-07-05) 56880 bytes
2026-07-03 09:36:52,239 [INFO] [OK] USA/ECM_ENSEMBLE_Corn_PRCP_DEP/cumulative dia 03 (2026-07-03 → 2026-07-06) 60017 bytes
2026-07-03 09:36:52,517 [INFO] [OK] USA/ECM_ENSEMBLE_Corn_PRCP_DEP/cumulative dia 05 (2026-07-03 → 2026-07-08) 60641 bytes
2026-07-03 09:36:52,526 [INFO] [OK] USA/ECM_ENSEMBLE_Corn_PRCP_DEP/cumulative dia 04 (2026-07-03 → 2026-07-07) 60755 bytes
2026-07-03 09:36:53,702 [INFO] [OK] USA/ECM_ENSEMBLE_Corn_PRCP_DEP/cumulative dia 06 (2026-07-03 → 2026-07-09) 60072 bytes
2026-07-03 09:36:55,609 [INFO] [OK] USA/ECM_ENSEMBLE_Corn_PRCP_DEP/cumulative dia 07 (2026-07-03 → 2026-07-10) 60139 bytes
2026-07-03 09:36:56,102 [INFO] [OK] USA/ECM_ENSEMBLE_Corn_PRCP_DEP/cumulative dia 08 (2026-07-03 → 2026-07-11) 60198 bytes
2026-07-03 09:36:56,608 [INFO] [OK] USA/ECM_ENSEMBLE_Corn_PRCP_DEP/cumulative dia 09 (2026-07-03 → 2026-07-12) 60301 bytes
2026-07-03 09:36:57,177 [INFO] [OK] USA/ECM_ENSEMBLE_Corn_PRCP_DEP/cumulative dia 10 (2026-07-03 → 2026-07-13) 60631 bytes
2026-07-03 09:36:57,231 [INFO] [OK] USA/ECM_ENSEMBLE_Corn_PRCP_DEP/cumulative dia 11 (2026-07-03 → 2026-07-14) 60794 bytes
2026-07-03 09:36:58,192 [INFO] [OK] USA/ECM_ENSEMBLE_Corn_PRCP_DEP/cumulative dia 12 (2026-07-03 → 2026-07-15) 60703 bytes
2026-07-03 09:36:58,952 [INFO] [OK] USA/ECM_ENSEMBLE_Corn_PRCP/daily dia 00 (2026-07-03 → 2026-07-03) 36127 bytes
2026-07-03 09:36:59,026 [INFO] [OK] USA/ECM_ENSEMBLE_Corn_PRCP/daily dia 01 (2026-07-04 → 2026-07-04) 37366 bytes
2026-07-03 09:36:59,363 [INFO] [OK] USA/ECM_ENSEMBLE_Corn_PRCP/daily dia 02 (2026-07-05 → 2026-07-05) 36997 bytes
2026-07-03 09:36:59,818 [INFO] [OK] USA/ECM_ENSEMBLE_Corn_PRCP_DEP/cumulative dia 13 (2026-07-03 → 2026-07-16) 60569 bytes
2026-07-03 09:37:00,381 [INFO] [OK] USA/ECM_ENSEMBLE_Corn_PRCP/daily dia 03 (2026-07-06 → 2026-07-06) 37467 bytes
2026-07-03 09:37:00,616 [INFO] [OK] USA/ECM_ENSEMBLE_Corn_PRCP_DEP/cumulative dia 14 (2026-07-03 → 2026-07-17) 60996 bytes
2026-07-03 09:37:01,250 [INFO] [OK] USA/ECM_ENSEMBLE_Corn_PRCP/daily dia 05 (2026-07-08 → 2026-07-08) 37241 bytes
2026-07-03 09:37:01,296 [INFO] [OK] USA/ECM_ENSEMBLE_Corn_PRCP/daily dia 04 (2026-07-07 → 2026-07-07) 37164 bytes
2026-07-03 09:37:01,376 [INFO] [OK] USA/ECM_ENSEMBLE_Corn_PRCP/daily dia 06 (2026-07-09 → 2026-07-09) 36237 bytes
2026-07-03 09:37:01,890 [INFO] [OK] USA/ECM_ENSEMBLE_Corn_PRCP/daily dia 07 (2026-07-10 → 2026-07-10) 37075 bytes
2026-07-03 09:37:02,041 [INFO] [OK] USA/ECM_ENSEMBLE_Corn_PRCP/daily dia 08 (2026-07-11 → 2026-07-11) 36340 bytes
2026-07-03 09:37:03,072 [INFO] [OK] USA/ECM_ENSEMBLE_Corn_PRCP/daily dia 09 (2026-07-12 → 2026-07-12) 35779 bytes
2026-07-03 09:37:03,234 [INFO] [OK] USA/ECM_ENSEMBLE_Corn_PRCP/daily dia 12 (2026-07-15 → 2026-07-15) 35500 bytes
2026-07-03 09:37:03,706 [INFO] [OK] USA/ECM_ENSEMBLE_Corn_PRCP/daily dia 10 (2026-07-13 → 2026-07-13) 35233 bytes
2026-07-03 09:37:03,937 [INFO] [OK] USA/ECM_ENSEMBLE_Corn_PRCP/daily dia 11 (2026-07-14 → 2026-07-14) 35734 bytes
2026-07-03 09:37:04,300 [INFO] [OK] USA/ECM_ENSEMBLE_Corn_PRCP/daily dia 13 (2026-07-16 → 2026-07-16) 35430 bytes
2026-07-03 09:37:05,192 [INFO] [OK] USA/ECM_ENSEMBLE_Corn_PRCP/cumulative dia 00 (2026-07-03 → 2026-07-03) 36127 bytes
2026-07-03 09:37:05,322 [INFO] [OK] USA/ECM_ENSEMBLE_Corn_PRCP/daily dia 14 (2026-07-17 → 2026-07-17) 35333 bytes
2026-07-03 09:37:05,688 [INFO] [OK] USA/ECM_ENSEMBLE_Corn_PRCP/cumulative dia 01 (2026-07-03 → 2026-07-04) 39135 bytes
2026-07-03 09:37:06,303 [INFO] [OK] USA/ECM_ENSEMBLE_Corn_PRCP/cumulative dia 02 (2026-07-03 → 2026-07-05) 41404 bytes
2026-07-03 09:37:06,629 [INFO] [OK] USA/ECM_ENSEMBLE_Corn_PRCP/cumulative dia 03 (2026-07-03 → 2026-07-06) 43738 bytes
2026-07-03 09:37:06,917 [INFO] [OK] USA/ECM_ENSEMBLE_Corn_PRCP/cumulative dia 04 (2026-07-03 → 2026-07-07) 45590 bytes
2026-07-03 09:37:07,782 [INFO] [OK] USA/ECM_ENSEMBLE_Corn_PRCP/cumulative dia 06 (2026-07-03 → 2026-07-09) 46793 bytes
2026-07-03 09:37:07,935 [INFO] [OK] USA/ECM_ENSEMBLE_Corn_PRCP/cumulative dia 05 (2026-07-03 → 2026-07-08) 46799 bytes
2026-07-03 09:37:08,366 [INFO] [OK] USA/ECM_ENSEMBLE_Corn_PRCP/cumulative dia 07 (2026-07-03 → 2026-07-10) 47558 bytes
2026-07-03 09:37:09,035 [INFO] [OK] USA/ECM_ENSEMBLE_Corn_PRCP/cumulative dia 08 (2026-07-03 → 2026-07-11) 48187 bytes
2026-07-03 09:37:09,563 [INFO] [OK] USA/ECM_ENSEMBLE_Corn_PRCP/cumulative dia 09 (2026-07-03 → 2026-07-12) 48424 bytes
2026-07-03 09:37:10,130 [INFO] [OK] USA/ECM_ENSEMBLE_Corn_PRCP/cumulative dia 10 (2026-07-03 → 2026-07-13) 48780 bytes
2026-07-03 09:37:10,983 [INFO] [OK] USA/ECM_ENSEMBLE_Corn_PRCP/cumulative dia 11 (2026-07-03 → 2026-07-14) 49594 bytes
2026-07-03 09:37:11,572 [INFO] [OK] USA/ECM_ENSEMBLE_Corn_PRCP/cumulative dia 12 (2026-07-03 → 2026-07-15) 50030 bytes
2026-07-03 09:37:11,929 [INFO] [OK] USA/ECM_ENSEMBLE_Soy_PRCP_DEP/daily dia 00 (2026-07-03 → 2026-07-03) 52149 bytes
2026-07-03 09:37:11,949 [INFO] [OK] USA/ECM_ENSEMBLE_Corn_PRCP/cumulative dia 13 (2026-07-03 → 2026-07-16) 50260 bytes
2026-07-03 09:37:12,079 [INFO] [OK] USA/ECM_ENSEMBLE_Soy_PRCP_DEP/daily dia 01 (2026-07-04 → 2026-07-04) 52332 bytes
2026-07-03 09:37:12,561 [INFO] [OK] USA/ECM_ENSEMBLE_Soy_PRCP_DEP/daily dia 02 (2026-07-05 → 2026-07-05) 54787 bytes
2026-07-03 09:37:12,686 [INFO] [OK] USA/ECM_ENSEMBLE_Corn_PRCP/cumulative dia 14 (2026-07-03 → 2026-07-17) 50319 bytes
2026-07-03 09:37:13,212 [INFO] [OK] USA/ECM_ENSEMBLE_Soy_PRCP_DEP/daily dia 03 (2026-07-06 → 2026-07-06) 60166 bytes
2026-07-03 09:37:13,796 [INFO] [OK] USA/ECM_ENSEMBLE_Soy_PRCP_DEP/daily dia 04 (2026-07-07 → 2026-07-07) 57410 bytes
2026-07-03 09:37:13,801 [INFO] [OK] USA/ECM_ENSEMBLE_Soy_PRCP_DEP/daily dia 06 (2026-07-09 → 2026-07-09) 56528 bytes
2026-07-03 09:37:13,891 [INFO] [OK] USA/ECM_ENSEMBLE_Soy_PRCP_DEP/daily dia 05 (2026-07-08 → 2026-07-08) 56902 bytes
2026-07-03 09:37:14,186 [INFO] [OK] USA/ECM_ENSEMBLE_Soy_PRCP_DEP/daily dia 07 (2026-07-10 → 2026-07-10) 56995 bytes
2026-07-03 09:37:14,497 [INFO] [OK] USA/ECM_ENSEMBLE_Soy_PRCP_DEP/daily dia 08 (2026-07-11 → 2026-07-11) 57459 bytes
2026-07-03 09:37:15,048 [INFO] [OK] USA/ECM_ENSEMBLE_Soy_PRCP_DEP/daily dia 09 (2026-07-12 → 2026-07-12) 59015 bytes
2026-07-03 09:37:15,418 [INFO] [OK] USA/ECM_ENSEMBLE_Soy_PRCP_DEP/daily dia 10 (2026-07-13 → 2026-07-13) 58273 bytes
2026-07-03 09:37:15,488 [INFO] [OK] USA/ECM_ENSEMBLE_Soy_PRCP_DEP/daily dia 12 (2026-07-15 → 2026-07-15) 57355 bytes
2026-07-03 09:37:15,501 [INFO] [OK] USA/ECM_ENSEMBLE_Soy_PRCP_DEP/daily dia 11 (2026-07-14 → 2026-07-14) 57910 bytes
2026-07-03 09:37:15,750 [INFO] [OK] USA/ECM_ENSEMBLE_Soy_PRCP_DEP/daily dia 13 (2026-07-16 → 2026-07-16) 58193 bytes
2026-07-03 09:37:16,446 [INFO] [OK] USA/ECM_ENSEMBLE_Soy_PRCP_DEP/daily dia 14 (2026-07-17 → 2026-07-17) 57841 bytes
2026-07-03 09:37:16,656 [INFO] [OK] USA/ECM_ENSEMBLE_Soy_PRCP_DEP/cumulative dia 00 (2026-07-03 → 2026-07-03) 52149 bytes
2026-07-03 09:37:17,018 [INFO] [OK] USA/ECM_ENSEMBLE_Soy_PRCP_DEP/cumulative dia 01 (2026-07-03 → 2026-07-04) 54100 bytes
2026-07-03 09:37:17,203 [INFO] [OK] USA/ECM_ENSEMBLE_Soy_PRCP_DEP/cumulative dia 02 (2026-07-03 → 2026-07-05) 56320 bytes
2026-07-03 09:37:17,326 [INFO] [OK] USA/ECM_ENSEMBLE_Soy_PRCP_DEP/cumulative dia 03 (2026-07-03 → 2026-07-06) 59670 bytes
2026-07-03 09:37:17,704 [INFO] [OK] USA/ECM_ENSEMBLE_Soy_PRCP_DEP/cumulative dia 04 (2026-07-03 → 2026-07-07) 60290 bytes
2026-07-03 09:37:18,546 [INFO] [OK] USA/ECM_ENSEMBLE_Soy_PRCP_DEP/cumulative dia 05 (2026-07-03 → 2026-07-08) 60261 bytes
2026-07-03 09:37:18,840 [INFO] [OK] USA/ECM_ENSEMBLE_Soy_PRCP_DEP/cumulative dia 06 (2026-07-03 → 2026-07-09) 59776 bytes
2026-07-03 09:37:19,357 [INFO] [OK] USA/ECM_ENSEMBLE_Soy_PRCP_DEP/cumulative dia 07 (2026-07-03 → 2026-07-10) 59813 bytes
2026-07-03 09:37:19,812 [INFO] [OK] USA/ECM_ENSEMBLE_Soy_PRCP_DEP/cumulative dia 09 (2026-07-03 → 2026-07-12) 59868 bytes
2026-07-03 09:37:19,995 [INFO] [OK] USA/ECM_ENSEMBLE_Soy_PRCP_DEP/cumulative dia 08 (2026-07-03 → 2026-07-11) 59842 bytes
2026-07-03 09:37:20,209 [INFO] [OK] USA/ECM_ENSEMBLE_Soy_PRCP_DEP/cumulative dia 10 (2026-07-03 → 2026-07-13) 60246 bytes
2026-07-03 09:37:21,116 [INFO] [OK] USA/ECM_ENSEMBLE_Soy_PRCP_DEP/cumulative dia 11 (2026-07-03 → 2026-07-14) 60455 bytes
2026-07-03 09:37:21,535 [INFO] [OK] USA/ECM_ENSEMBLE_Soy_PRCP_DEP/cumulative dia 12 (2026-07-03 → 2026-07-15) 60437 bytes
2026-07-03 09:37:21,593 [INFO] [OK] USA/ECM_ENSEMBLE_Soy_PRCP/daily dia 00 (2026-07-03 → 2026-07-03) 35716 bytes
2026-07-03 09:37:21,744 [INFO] [OK] USA/ECM_ENSEMBLE_Soy_PRCP/daily dia 01 (2026-07-04 → 2026-07-04) 36898 bytes
2026-07-03 09:37:22,200 [INFO] [OK] USA/ECM_ENSEMBLE_Soy_PRCP_DEP/cumulative dia 13 (2026-07-03 → 2026-07-16) 60347 bytes
2026-07-03 09:37:22,778 [INFO] [OK] USA/ECM_ENSEMBLE_Soy_PRCP/daily dia 02 (2026-07-05 → 2026-07-05) 36477 bytes
2026-07-03 09:37:22,819 [INFO] [OK] USA/ECM_ENSEMBLE_Soy_PRCP_DEP/cumulative dia 14 (2026-07-03 → 2026-07-17) 60670 bytes
2026-07-03 09:37:23,037 [INFO] [OK] USA/ECM_ENSEMBLE_Soy_PRCP/daily dia 03 (2026-07-06 → 2026-07-06) 37066 bytes
2026-07-03 09:37:23,057 [INFO] [OK] USA/ECM_ENSEMBLE_Soy_PRCP/daily dia 04 (2026-07-07 → 2026-07-07) 36908 bytes
2026-07-03 09:37:23,311 [INFO] [OK] USA/ECM_ENSEMBLE_Soy_PRCP/daily dia 05 (2026-07-08 → 2026-07-08) 36693 bytes
2026-07-03 09:37:23,621 [INFO] [OK] USA/ECM_ENSEMBLE_Soy_PRCP/daily dia 06 (2026-07-09 → 2026-07-09) 35767 bytes
2026-07-03 09:37:24,193 [INFO] [OK] USA/ECM_ENSEMBLE_Soy_PRCP/daily dia 07 (2026-07-10 → 2026-07-10) 36672 bytes
2026-07-03 09:37:24,267 [INFO] [OK] USA/ECM_ENSEMBLE_Soy_PRCP/daily dia 08 (2026-07-11 → 2026-07-11) 36049 bytes
2026-07-03 09:37:24,525 [INFO] [OK] USA/ECM_ENSEMBLE_Soy_PRCP/daily dia 09 (2026-07-12 → 2026-07-12) 35272 bytes
2026-07-03 09:37:24,612 [INFO] [OK] USA/ECM_ENSEMBLE_Soy_PRCP/daily dia 10 (2026-07-13 → 2026-07-13) 34758 bytes
2026-07-03 09:37:24,751 [INFO] [OK] USA/ECM_ENSEMBLE_Soy_PRCP/daily dia 11 (2026-07-14 → 2026-07-14) 35204 bytes
2026-07-03 09:37:25,239 [INFO] [OK] USA/ECM_ENSEMBLE_Soy_PRCP/daily dia 12 (2026-07-15 → 2026-07-15) 34957 bytes
2026-07-03 09:37:25,713 [INFO] [OK] USA/ECM_ENSEMBLE_Soy_PRCP/daily dia 13 (2026-07-16 → 2026-07-16) 34884 bytes
2026-07-03 09:37:26,162 [INFO] [OK] USA/ECM_ENSEMBLE_Soy_PRCP/cumulative dia 00 (2026-07-03 → 2026-07-03) 35716 bytes
2026-07-03 09:37:26,560 [INFO] [OK] USA/ECM_ENSEMBLE_Soy_PRCP/daily dia 14 (2026-07-17 → 2026-07-17) 34712 bytes
2026-07-03 09:37:26,565 [INFO] [OK] USA/ECM_ENSEMBLE_Soy_PRCP/cumulative dia 01 (2026-07-03 → 2026-07-04) 38705 bytes
2026-07-03 09:37:26,679 [INFO] [OK] USA/ECM_ENSEMBLE_Soy_PRCP/cumulative dia 02 (2026-07-03 → 2026-07-05) 40909 bytes
2026-07-03 09:37:27,082 [INFO] [OK] USA/ECM_ENSEMBLE_Soy_PRCP/cumulative dia 03 (2026-07-03 → 2026-07-06) 43178 bytes
2026-07-03 09:37:27,645 [INFO] [OK] USA/ECM_ENSEMBLE_Soy_PRCP/cumulative dia 04 (2026-07-03 → 2026-07-07) 44992 bytes
2026-07-03 09:37:28,204 [INFO] [OK] USA/ECM_ENSEMBLE_Soy_PRCP/cumulative dia 05 (2026-07-03 → 2026-07-08) 46087 bytes
2026-07-03 09:37:28,645 [INFO] [OK] USA/ECM_ENSEMBLE_Soy_PRCP/cumulative dia 06 (2026-07-03 → 2026-07-09) 46212 bytes
2026-07-03 09:37:28,731 [INFO] [OK] USA/ECM_ENSEMBLE_Soy_PRCP/cumulative dia 07 (2026-07-03 → 2026-07-10) 46801 bytes
2026-07-03 09:37:29,059 [INFO] [OK] USA/ECM_ENSEMBLE_Soy_PRCP/cumulative dia 08 (2026-07-03 → 2026-07-11) 47450 bytes
2026-07-03 09:37:29,430 [INFO] [OK] USA/ECM_ENSEMBLE_Soy_PRCP/cumulative dia 09 (2026-07-03 → 2026-07-12) 47917 bytes
2026-07-03 09:37:30,202 [INFO] [OK] USA/ECM_ENSEMBLE_Soy_PRCP/cumulative dia 10 (2026-07-03 → 2026-07-13) 48185 bytes
2026-07-03 09:37:30,761 [INFO] [OK] USA/ECM_ENSEMBLE_Soy_PRCP/cumulative dia 11 (2026-07-03 → 2026-07-14) 48983 bytes
2026-07-03 09:37:31,075 [INFO] [OK] USA/ECM_ENSEMBLE_Wheat_Winter_PRCP_DEP/daily dia 00 (2026-07-03 → 2026-07-03) 54007 bytes
2026-07-03 09:37:31,315 [INFO] [OK] USA/ECM_ENSEMBLE_Soy_PRCP/cumulative dia 12 (2026-07-03 → 2026-07-15) 49242 bytes
2026-07-03 09:37:31,447 [INFO] [OK] USA/ECM_ENSEMBLE_Soy_PRCP/cumulative dia 13 (2026-07-03 → 2026-07-16) 49670 bytes
2026-07-03 09:37:31,771 [INFO] [OK] USA/ECM_ENSEMBLE_Wheat_Winter_PRCP_DEP/daily dia 01 (2026-07-04 → 2026-07-04) 54063 bytes
2026-07-03 09:37:31,805 [INFO] [OK] USA/ECM_ENSEMBLE_Soy_PRCP/cumulative dia 14 (2026-07-03 → 2026-07-17) 49732 bytes
2026-07-03 09:37:32,310 [INFO] [OK] USA/ECM_ENSEMBLE_Wheat_Winter_PRCP_DEP/daily dia 02 (2026-07-05 → 2026-07-05) 56343 bytes
2026-07-03 09:37:32,707 [INFO] [OK] USA/ECM_ENSEMBLE_Wheat_Winter_PRCP_DEP/daily dia 03 (2026-07-06 → 2026-07-06) 61379 bytes
2026-07-03 09:37:32,811 [INFO] [OK] USA/ECM_ENSEMBLE_Wheat_Winter_PRCP_DEP/daily dia 04 (2026-07-07 → 2026-07-07) 59137 bytes
2026-07-03 09:37:33,239 [INFO] [OK] USA/ECM_ENSEMBLE_Wheat_Winter_PRCP_DEP/daily dia 05 (2026-07-08 → 2026-07-08) 58819 bytes
2026-07-03 09:37:33,250 [INFO] [OK] USA/ECM_ENSEMBLE_Wheat_Winter_PRCP_DEP/daily dia 06 (2026-07-09 → 2026-07-09) 58039 bytes
2026-07-03 09:37:33,499 [INFO] [OK] USA/ECM_ENSEMBLE_Wheat_Winter_PRCP_DEP/daily dia 07 (2026-07-10 → 2026-07-10) 58529 bytes
2026-07-03 09:37:33,802 [INFO] [OK] USA/ECM_ENSEMBLE_Wheat_Winter_PRCP_DEP/daily dia 08 (2026-07-11 → 2026-07-11) 59141 bytes
2026-07-03 09:37:34,281 [INFO] [OK] USA/ECM_ENSEMBLE_Wheat_Winter_PRCP_DEP/daily dia 09 (2026-07-12 → 2026-07-12) 60399 bytes
2026-07-03 09:37:34,382 [INFO] [OK] USA/ECM_ENSEMBLE_Wheat_Winter_PRCP_DEP/daily dia 10 (2026-07-13 → 2026-07-13) 59904 bytes
2026-07-03 09:37:34,893 [INFO] [OK] USA/ECM_ENSEMBLE_Wheat_Winter_PRCP_DEP/daily dia 11 (2026-07-14 → 2026-07-14) 59368 bytes
2026-07-03 09:37:35,041 [INFO] [OK] USA/ECM_ENSEMBLE_Wheat_Winter_PRCP_DEP/daily dia 12 (2026-07-15 → 2026-07-15) 58838 bytes
2026-07-03 09:37:35,094 [INFO] [OK] USA/ECM_ENSEMBLE_Wheat_Winter_PRCP_DEP/daily dia 13 (2026-07-16 → 2026-07-16) 60035 bytes
2026-07-03 09:37:35,386 [INFO] [OK] USA/ECM_ENSEMBLE_Wheat_Winter_PRCP_DEP/daily dia 14 (2026-07-17 → 2026-07-17) 59552 bytes
2026-07-03 09:37:35,750 [INFO] [OK] USA/ECM_ENSEMBLE_Wheat_Winter_PRCP_DEP/cumulative dia 00 (2026-07-03 → 2026-07-03) 54007 bytes
2026-07-03 09:37:35,949 [INFO] [OK] USA/ECM_ENSEMBLE_Wheat_Winter_PRCP_DEP/cumulative dia 01 (2026-07-03 → 2026-07-04) 56134 bytes
2026-07-03 09:37:36,578 [INFO] [OK] USA/ECM_ENSEMBLE_Wheat_Winter_PRCP_DEP/cumulative dia 02 (2026-07-03 → 2026-07-05) 58408 bytes
2026-07-03 09:37:36,976 [INFO] [OK] USA/ECM_ENSEMBLE_Wheat_Winter_PRCP_DEP/cumulative dia 03 (2026-07-03 → 2026-07-06) 61247 bytes
2026-07-03 09:37:37,044 [INFO] [OK] USA/ECM_ENSEMBLE_Wheat_Winter_PRCP_DEP/cumulative dia 04 (2026-07-03 → 2026-07-07) 61855 bytes
2026-07-03 09:37:37,392 [INFO] [OK] USA/ECM_ENSEMBLE_Wheat_Winter_PRCP_DEP/cumulative dia 05 (2026-07-03 → 2026-07-08) 61770 bytes
2026-07-03 09:37:37,911 [INFO] [OK] USA/ECM_ENSEMBLE_Wheat_Winter_PRCP_DEP/cumulative dia 06 (2026-07-03 → 2026-07-09) 61041 bytes
2026-07-03 09:37:38,314 [INFO] [OK] USA/ECM_ENSEMBLE_Wheat_Winter_PRCP_DEP/cumulative dia 07 (2026-07-03 → 2026-07-10) 61033 bytes
2026-07-03 09:37:39,075 [INFO] [OK] USA/ECM_ENSEMBLE_Wheat_Winter_PRCP_DEP/cumulative dia 08 (2026-07-03 → 2026-07-11) 60945 bytes
2026-07-03 09:37:39,685 [INFO] [OK] USA/ECM_ENSEMBLE_Wheat_Winter_PRCP_DEP/cumulative dia 09 (2026-07-03 → 2026-07-12) 61144 bytes
2026-07-03 09:37:39,821 [INFO] [OK] USA/ECM_ENSEMBLE_Wheat_Winter_PRCP_DEP/cumulative dia 10 (2026-07-03 → 2026-07-13) 61651 bytes
2026-07-03 09:37:40,382 [INFO] [OK] USA/ECM_ENSEMBLE_Wheat_Winter_PRCP_DEP/cumulative dia 11 (2026-07-03 → 2026-07-14) 61979 bytes
2026-07-03 09:37:40,826 [INFO] [OK] USA/ECM_ENSEMBLE_Wheat_Winter_PRCP_DEP/cumulative dia 12 (2026-07-03 → 2026-07-15) 61923 bytes
2026-07-03 09:37:41,205 [INFO] [OK] USA/ECM_ENSEMBLE_Wheat_Winter_PRCP/daily dia 00 (2026-07-03 → 2026-07-03) 37433 bytes
2026-07-03 09:37:41,247 [INFO] [OK] USA/ECM_ENSEMBLE_Wheat_Winter_PRCP_DEP/cumulative dia 13 (2026-07-03 → 2026-07-16) 61783 bytes
2026-07-03 09:37:41,296 [INFO] [OK] USA/ECM_ENSEMBLE_Wheat_Winter_PRCP/daily dia 01 (2026-07-04 → 2026-07-04) 38787 bytes
2026-07-03 09:37:41,862 [INFO] [OK] USA/ECM_ENSEMBLE_Wheat_Winter_PRCP/daily dia 02 (2026-07-05 → 2026-07-05) 38052 bytes
2026-07-03 09:37:41,877 [INFO] [OK] USA/ECM_ENSEMBLE_Wheat_Winter_PRCP_DEP/cumulative dia 14 (2026-07-03 → 2026-07-17) 62084 bytes
2026-07-03 09:37:42,297 [INFO] [OK] USA/ECM_ENSEMBLE_Wheat_Winter_PRCP/daily dia 03 (2026-07-06 → 2026-07-06) 38519 bytes
2026-07-03 09:37:42,684 [INFO] [OK] USA/ECM_ENSEMBLE_Wheat_Winter_PRCP/daily dia 04 (2026-07-07 → 2026-07-07) 38298 bytes
2026-07-03 09:37:42,754 [INFO] [OK] USA/ECM_ENSEMBLE_Wheat_Winter_PRCP/daily dia 05 (2026-07-08 → 2026-07-08) 38185 bytes
2026-07-03 09:37:42,793 [INFO] [OK] USA/ECM_ENSEMBLE_Wheat_Winter_PRCP/daily dia 06 (2026-07-09 → 2026-07-09) 37318 bytes
2026-07-03 09:37:43,416 [INFO] [OK] USA/ECM_ENSEMBLE_Wheat_Winter_PRCP/daily dia 08 (2026-07-11 → 2026-07-11) 37594 bytes
2026-07-03 09:37:43,584 [INFO] [OK] USA/ECM_ENSEMBLE_Wheat_Winter_PRCP/daily dia 07 (2026-07-10 → 2026-07-10) 38061 bytes
2026-07-03 09:37:43,859 [INFO] [OK] USA/ECM_ENSEMBLE_Wheat_Winter_PRCP/daily dia 09 (2026-07-12 → 2026-07-12) 36946 bytes
2026-07-03 09:37:44,167 [INFO] [OK] USA/ECM_ENSEMBLE_Wheat_Winter_PRCP/daily dia 10 (2026-07-13 → 2026-07-13) 36338 bytes
2026-07-03 09:37:44,221 [INFO] [OK] USA/ECM_ENSEMBLE_Wheat_Winter_PRCP/daily dia 11 (2026-07-14 → 2026-07-14) 36838 bytes
2026-07-03 09:37:44,322 [INFO] [OK] USA/ECM_ENSEMBLE_Wheat_Winter_PRCP/daily dia 12 (2026-07-15 → 2026-07-15) 36617 bytes
2026-07-03 09:37:44,839 [INFO] [OK] USA/ECM_ENSEMBLE_Wheat_Winter_PRCP/daily dia 13 (2026-07-16 → 2026-07-16) 36613 bytes
2026-07-03 09:37:45,241 [INFO] [OK] USA/ECM_ENSEMBLE_Wheat_Winter_PRCP/daily dia 14 (2026-07-17 → 2026-07-17) 36287 bytes
2026-07-03 09:37:45,321 [INFO] [OK] USA/ECM_ENSEMBLE_Wheat_Winter_PRCP/cumulative dia 00 (2026-07-03 → 2026-07-03) 37433 bytes
2026-07-03 09:37:45,743 [INFO] [OK] USA/ECM_ENSEMBLE_Wheat_Winter_PRCP/cumulative dia 01 (2026-07-03 → 2026-07-04) 40656 bytes
2026-07-03 09:37:46,012 [INFO] [OK] USA/ECM_ENSEMBLE_Wheat_Winter_PRCP/cumulative dia 02 (2026-07-03 → 2026-07-05) 42834 bytes
2026-07-03 09:37:46,069 [INFO] [OK] USA/ECM_ENSEMBLE_Wheat_Winter_PRCP/cumulative dia 03 (2026-07-03 → 2026-07-06) 44854 bytes
2026-07-03 09:37:46,721 [INFO] [OK] USA/ECM_ENSEMBLE_Wheat_Winter_PRCP/cumulative dia 04 (2026-07-03 → 2026-07-07) 46803 bytes
2026-07-03 09:37:47,385 [INFO] [OK] USA/ECM_ENSEMBLE_Wheat_Winter_PRCP/cumulative dia 05 (2026-07-03 → 2026-07-08) 47855 bytes
2026-07-03 09:37:47,656 [INFO] [OK] USA/ECM_ENSEMBLE_Wheat_Winter_PRCP/cumulative dia 06 (2026-07-03 → 2026-07-09) 48139 bytes
2026-07-03 09:37:48,010 [INFO] [OK] USA/ECM_ENSEMBLE_Wheat_Winter_PRCP/cumulative dia 07 (2026-07-03 → 2026-07-10) 48505 bytes
2026-07-03 09:37:48,513 [INFO] [OK] USA/ECM_ENSEMBLE_Wheat_Winter_PRCP/cumulative dia 08 (2026-07-03 → 2026-07-11) 49398 bytes
2026-07-03 09:37:48,690 [INFO] [OK] USA/ECM_ENSEMBLE_Wheat_Winter_PRCP/cumulative dia 09 (2026-07-03 → 2026-07-12) 49745 bytes
2026-07-03 09:37:49,218 [INFO] [OK] USA/ECM_ENSEMBLE_Wheat_Winter_PRCP/cumulative dia 10 (2026-07-03 → 2026-07-13) 50221 bytes
2026-07-03 09:37:50,075 [INFO] [OK] USA/ECM_ENSEMBLE_Wheat_Winter_PRCP/cumulative dia 11 (2026-07-03 → 2026-07-14) 50812 bytes
2026-07-03 09:37:50,596 [INFO] [OK] USA/ECM_ENSEMBLE_Wheat_Spring_PRCP_DEP/daily dia 00 (2026-07-03 → 2026-07-03) 50524 bytes
2026-07-03 09:37:50,606 [INFO] [OK] USA/ECM_ENSEMBLE_Wheat_Winter_PRCP/cumulative dia 12 (2026-07-03 → 2026-07-15) 51098 bytes
2026-07-03 09:37:50,745 [INFO] [OK] USA/ECM_ENSEMBLE_Wheat_Winter_PRCP/cumulative dia 13 (2026-07-03 → 2026-07-16) 51480 bytes
2026-07-03 09:37:50,899 [INFO] [OK] USA/ECM_ENSEMBLE_Wheat_Spring_PRCP_DEP/daily dia 01 (2026-07-04 → 2026-07-04) 50898 bytes
2026-07-03 09:37:51,279 [INFO] [OK] USA/ECM_ENSEMBLE_Wheat_Winter_PRCP/cumulative dia 14 (2026-07-03 → 2026-07-17) 51524 bytes
2026-07-03 09:37:51,598 [INFO] [OK] USA/ECM_ENSEMBLE_Wheat_Spring_PRCP_DEP/daily dia 02 (2026-07-05 → 2026-07-05) 52994 bytes
2026-07-03 09:37:52,163 [INFO] [OK] USA/ECM_ENSEMBLE_Wheat_Spring_PRCP_DEP/daily dia 04 (2026-07-07 → 2026-07-07) 55676 bytes
2026-07-03 09:37:52,269 [INFO] [OK] USA/ECM_ENSEMBLE_Wheat_Spring_PRCP_DEP/daily dia 03 (2026-07-06 → 2026-07-06) 58434 bytes
2026-07-03 09:37:52,358 [INFO] [OK] USA/ECM_ENSEMBLE_Wheat_Spring_PRCP_DEP/daily dia 05 (2026-07-08 → 2026-07-08) 55192 bytes
2026-07-03 09:37:52,446 [INFO] [OK] USA/ECM_ENSEMBLE_Wheat_Spring_PRCP_DEP/daily dia 06 (2026-07-09 → 2026-07-09) 54641 bytes
2026-07-03 09:37:52,833 [INFO] [OK] USA/ECM_ENSEMBLE_Wheat_Spring_PRCP_DEP/daily dia 07 (2026-07-10 → 2026-07-10) 54928 bytes
2026-07-03 09:37:53,266 [INFO] [OK] USA/ECM_ENSEMBLE_Wheat_Spring_PRCP_DEP/daily dia 08 (2026-07-11 → 2026-07-11) 55460 bytes
2026-07-03 09:37:53,809 [INFO] [OK] USA/ECM_ENSEMBLE_Wheat_Spring_PRCP_DEP/daily dia 09 (2026-07-12 → 2026-07-12) 57113 bytes
2026-07-03 09:37:53,954 [INFO] [OK] USA/ECM_ENSEMBLE_Wheat_Spring_PRCP_DEP/daily dia 10 (2026-07-13 → 2026-07-13) 56499 bytes
2026-07-03 09:37:54,130 [INFO] [OK] USA/ECM_ENSEMBLE_Wheat_Spring_PRCP_DEP/daily dia 12 (2026-07-15 → 2026-07-15) 55144 bytes
2026-07-03 09:37:54,163 [INFO] [OK] USA/ECM_ENSEMBLE_Wheat_Spring_PRCP_DEP/daily dia 11 (2026-07-14 → 2026-07-14) 56163 bytes
2026-07-03 09:37:54,547 [INFO] [OK] USA/ECM_ENSEMBLE_Wheat_Spring_PRCP_DEP/daily dia 13 (2026-07-16 → 2026-07-16) 56159 bytes
2026-07-03 09:37:54,831 [INFO] [OK] USA/ECM_ENSEMBLE_Wheat_Spring_PRCP_DEP/daily dia 14 (2026-07-17 → 2026-07-17) 56049 bytes
2026-07-03 09:37:55,314 [INFO] [OK] USA/ECM_ENSEMBLE_Wheat_Spring_PRCP_DEP/cumulative dia 00 (2026-07-03 → 2026-07-03) 50524 bytes
2026-07-03 09:37:55,797 [INFO] [OK] USA/ECM_ENSEMBLE_Wheat_Spring_PRCP_DEP/cumulative dia 01 (2026-07-03 → 2026-07-04) 53161 bytes
2026-07-03 09:37:55,868 [INFO] [OK] USA/ECM_ENSEMBLE_Wheat_Spring_PRCP_DEP/cumulative dia 02 (2026-07-03 → 2026-07-05) 55246 bytes
2026-07-03 09:37:56,012 [INFO] [OK] USA/ECM_ENSEMBLE_Wheat_Spring_PRCP_DEP/cumulative dia 03 (2026-07-03 → 2026-07-06) 58314 bytes
2026-07-03 09:37:58,374 [INFO] [OK] USA/ECM_ENSEMBLE_Wheat_Spring_PRCP_DEP/cumulative dia 04 (2026-07-03 → 2026-07-07) 58678 bytes
2026-07-03 09:37:58,557 [INFO] [OK] USA/ECM_ENSEMBLE_Wheat_Spring_PRCP_DEP/cumulative dia 05 (2026-07-03 → 2026-07-08) 58662 bytes
2026-07-03 09:37:58,565 [INFO] [OK] USA/ECM_ENSEMBLE_Wheat_Spring_PRCP_DEP/cumulative dia 07 (2026-07-03 → 2026-07-10) 57985 bytes
2026-07-03 09:37:58,646 [INFO] [OK] USA/ECM_ENSEMBLE_Wheat_Spring_PRCP_DEP/cumulative dia 09 (2026-07-03 → 2026-07-12) 58652 bytes
2026-07-03 09:37:58,662 [INFO] [OK] USA/ECM_ENSEMBLE_Wheat_Spring_PRCP_DEP/cumulative dia 06 (2026-07-03 → 2026-07-09) 58022 bytes
2026-07-03 09:37:58,657 [INFO] [OK] USA/ECM_ENSEMBLE_Wheat_Spring_PRCP_DEP/cumulative dia 08 (2026-07-03 → 2026-07-11) 58158 bytes
2026-07-03 09:38:00,615 [INFO] [OK] USA/ECM_ENSEMBLE_Wheat_Spring_PRCP/daily dia 00 (2026-07-03 → 2026-07-03) 34527 bytes
2026-07-03 09:38:01,808 [INFO] [OK] USA/ECM_ENSEMBLE_Wheat_Spring_PRCP_DEP/cumulative dia 11 (2026-07-03 → 2026-07-14) 59075 bytes
2026-07-03 09:38:01,816 [INFO] [OK] USA/ECM_ENSEMBLE_Wheat_Spring_PRCP_DEP/cumulative dia 10 (2026-07-03 → 2026-07-13) 58661 bytes
2026-07-03 09:38:01,875 [INFO] [OK] USA/ECM_ENSEMBLE_Wheat_Spring_PRCP_DEP/cumulative dia 14 (2026-07-03 → 2026-07-17) 59146 bytes
2026-07-03 09:38:02,013 [INFO] [OK] USA/ECM_ENSEMBLE_Wheat_Spring_PRCP_DEP/cumulative dia 12 (2026-07-03 → 2026-07-15) 59144 bytes
2026-07-03 09:38:02,020 [INFO] [OK] USA/ECM_ENSEMBLE_Wheat_Spring_PRCP_DEP/cumulative dia 13 (2026-07-03 → 2026-07-16) 58876 bytes
2026-07-03 09:38:02,384 [INFO] [OK] USA/ECM_ENSEMBLE_Wheat_Spring_PRCP/daily dia 01 (2026-07-04 → 2026-07-04) 35571 bytes
2026-07-03 09:38:03,322 [INFO] [OK] USA/ECM_ENSEMBLE_Wheat_Spring_PRCP/daily dia 02 (2026-07-05 → 2026-07-05) 34575 bytes
2026-07-03 09:38:03,377 [INFO] [OK] USA/ECM_ENSEMBLE_Wheat_Spring_PRCP/daily dia 03 (2026-07-06 → 2026-07-06) 35461 bytes
2026-07-03 09:38:03,436 [INFO] [OK] USA/ECM_ENSEMBLE_Wheat_Spring_PRCP/daily dia 04 (2026-07-07 → 2026-07-07) 35350 bytes
2026-07-03 09:38:03,623 [INFO] [OK] USA/ECM_ENSEMBLE_Wheat_Spring_PRCP/daily dia 06 (2026-07-09 → 2026-07-09) 34361 bytes
2026-07-03 09:38:03,664 [INFO] [OK] USA/ECM_ENSEMBLE_Wheat_Spring_PRCP/daily dia 05 (2026-07-08 → 2026-07-08) 35459 bytes
2026-07-03 09:38:03,928 [INFO] [OK] USA/ECM_ENSEMBLE_Wheat_Spring_PRCP/daily dia 07 (2026-07-10 → 2026-07-10) 34849 bytes
2026-07-03 09:38:04,775 [INFO] [OK] USA/ECM_ENSEMBLE_Wheat_Spring_PRCP/daily dia 08 (2026-07-11 → 2026-07-11) 34430 bytes
2026-07-03 09:38:04,917 [INFO] [OK] USA/ECM_ENSEMBLE_Wheat_Spring_PRCP/daily dia 10 (2026-07-13 → 2026-07-13) 33313 bytes
2026-07-03 09:38:05,205 [INFO] [OK] USA/ECM_ENSEMBLE_Wheat_Spring_PRCP/daily dia 09 (2026-07-12 → 2026-07-12) 33746 bytes
2026-07-03 09:38:05,210 [INFO] [OK] USA/ECM_ENSEMBLE_Wheat_Spring_PRCP/daily dia 11 (2026-07-14 → 2026-07-14) 33959 bytes
2026-07-03 09:38:05,418 [INFO] [OK] USA/ECM_ENSEMBLE_Wheat_Spring_PRCP/daily dia 12 (2026-07-15 → 2026-07-15) 33644 bytes
2026-07-03 09:38:05,420 [INFO] [OK] USA/ECM_ENSEMBLE_Wheat_Spring_PRCP/daily dia 13 (2026-07-16 → 2026-07-16) 33408 bytes
2026-07-03 09:38:06,241 [INFO] [OK] USA/ECM_ENSEMBLE_Wheat_Spring_PRCP/daily dia 14 (2026-07-17 → 2026-07-17) 33409 bytes
2026-07-03 09:38:06,404 [INFO] [OK] USA/ECM_ENSEMBLE_Wheat_Spring_PRCP/cumulative dia 00 (2026-07-03 → 2026-07-03) 34527 bytes
2026-07-03 09:38:06,783 [INFO] [OK] USA/ECM_ENSEMBLE_Wheat_Spring_PRCP/cumulative dia 01 (2026-07-03 → 2026-07-04) 37558 bytes
2026-07-03 09:38:06,858 [INFO] [OK] USA/ECM_ENSEMBLE_Wheat_Spring_PRCP/cumulative dia 02 (2026-07-03 → 2026-07-05) 39331 bytes
2026-07-03 09:38:07,209 [INFO] [OK] USA/ECM_ENSEMBLE_Wheat_Spring_PRCP/cumulative dia 03 (2026-07-03 → 2026-07-06) 41345 bytes
2026-07-03 09:38:07,290 [INFO] [OK] USA/ECM_ENSEMBLE_Wheat_Spring_PRCP/cumulative dia 04 (2026-07-03 → 2026-07-07) 43347 bytes
2026-07-03 09:38:08,320 [INFO] [OK] USA/ECM_ENSEMBLE_Wheat_Spring_PRCP/cumulative dia 05 (2026-07-03 → 2026-07-08) 44306 bytes
2026-07-03 09:38:08,755 [INFO] [OK] USA/ECM_ENSEMBLE_Wheat_Spring_PRCP/cumulative dia 06 (2026-07-03 → 2026-07-09) 44530 bytes
2026-07-03 09:38:09,112 [INFO] [OK] USA/ECM_ENSEMBLE_Wheat_Spring_PRCP/cumulative dia 07 (2026-07-03 → 2026-07-10) 45057 bytes
2026-07-03 09:38:09,301 [INFO] [OK] USA/ECM_ENSEMBLE_Wheat_Spring_PRCP/cumulative dia 08 (2026-07-03 → 2026-07-11) 45729 bytes
2026-07-03 09:38:09,641 [INFO] [OK] USA/ECM_ENSEMBLE_Wheat_Spring_PRCP/cumulative dia 09 (2026-07-03 → 2026-07-12) 46176 bytes
2026-07-03 09:38:09,838 [INFO] [OK] USA/ECM_ENSEMBLE_Wheat_Spring_PRCP/cumulative dia 10 (2026-07-03 → 2026-07-13) 46389 bytes
2026-07-03 09:38:10,871 [INFO] [OK] USA/ECM_ENSEMBLE_Wheat_Spring_PRCP/cumulative dia 11 (2026-07-03 → 2026-07-14) 47263 bytes
2026-07-03 09:38:11,424 [INFO] [OK] USA/ECM_ENSEMBLE_Wheat_Spring_PRCP/cumulative dia 12 (2026-07-03 → 2026-07-15) 47625 bytes
2026-07-03 09:38:12,032 [INFO] [OK] USA/ECM_ENSEMBLE_Wheat_Spring_PRCP/cumulative dia 13 (2026-07-03 → 2026-07-16) 47953 bytes
2026-07-03 09:38:12,177 [INFO] [OK] USA/ECM_ENSEMBLE_Wheat_Spring_PRCP/cumulative dia 14 (2026-07-03 → 2026-07-17) 47844 bytes
2026-07-03 09:38:12,198 [INFO] Resumo: 960/960 sucessos, 0 erros
2026-07-03 09:38:13,157 [INFO] [CLEANUP] Removidas 16 pastas de histórico anteriores a 2026-06-03
2026-07-03 09:38:13,220 [INFO] Manifest: C:\Users\server\OneDrive - CGB Enterprises, Inc\ZGC-PBI Research - Documents\Dataset Data Files\Weather_maps\manifest.json
2026-07-03 09:38:13,222 [INFO] [GIT] Iniciando sincronização com GitHub...
