2026-10-03 09:33:20,775 [INFO] === Execução 2026-10-03 | modo=both | dias=15 | parâmetro=['PRCP_DEP', 'PRCP'] ===
2026-10-03 09:33:20,777 [INFO] Baixando 960 mapas com 6 threads...
2026-10-03 09:33:23,905 [INFO] [OK] Brazil/GFS_ENSEMBLE_Soy_PRCP_DEP/daily dia 04 (2026-10-07 → 2026-10-07) 42988 bytes
2026-10-03 09:33:23,929 [INFO] [OK] Brazil/GFS_ENSEMBLE_Soy_PRCP_DEP/daily dia 01 (2026-10-04 → 2026-10-04) 47688 bytes
2026-10-03 09:33:23,976 [INFO] [OK] Brazil/GFS_ENSEMBLE_Soy_PRCP_DEP/daily dia 03 (2026-10-06 → 2026-10-06) 45202 bytes
2026-10-03 09:33:24,040 [INFO] [OK] Brazil/GFS_ENSEMBLE_Soy_PRCP_DEP/daily dia 05 (2026-10-08 → 2026-10-08) 43016 bytes
2026-10-03 09:33:24,173 [INFO] [OK] Brazil/GFS_ENSEMBLE_Soy_PRCP_DEP/daily dia 00 (2026-10-03 → 2026-10-03) 48990 bytes
2026-10-03 09:33:24,245 [INFO] [OK] Brazil/GFS_ENSEMBLE_Soy_PRCP_DEP/daily dia 02 (2026-10-05 → 2026-10-05) 48785 bytes
2026-10-03 09:33:25,448 [INFO] [OK] Brazil/GFS_ENSEMBLE_Soy_PRCP_DEP/daily dia 08 (2026-10-11 → 2026-10-11) 46395 bytes
2026-10-03 09:33:25,469 [INFO] [OK] Brazil/GFS_ENSEMBLE_Soy_PRCP_DEP/daily dia 06 (2026-10-09 → 2026-10-09) 44266 bytes
2026-10-03 09:33:25,553 [INFO] [OK] Brazil/GFS_ENSEMBLE_Soy_PRCP_DEP/daily dia 09 (2026-10-12 → 2026-10-12) 47202 bytes
2026-10-03 09:33:25,686 [INFO] [OK] Brazil/GFS_ENSEMBLE_Soy_PRCP_DEP/daily dia 10 (2026-10-13 → 2026-10-13) 47220 bytes
2026-10-03 09:33:25,689 [INFO] [OK] Brazil/GFS_ENSEMBLE_Soy_PRCP_DEP/daily dia 07 (2026-10-10 → 2026-10-10) 46769 bytes
2026-10-03 09:33:25,972 [INFO] [OK] Brazil/GFS_ENSEMBLE_Soy_PRCP_DEP/daily dia 11 (2026-10-14 → 2026-10-14) 48288 bytes
2026-10-03 09:33:26,950 [INFO] [OK] Brazil/GFS_ENSEMBLE_Soy_PRCP_DEP/daily dia 12 (2026-10-15 → 2026-10-15) 50850 bytes
2026-10-03 09:33:27,113 [INFO] [OK] Brazil/GFS_ENSEMBLE_Soy_PRCP_DEP/daily dia 13 (2026-10-16 → 2026-10-16) 51006 bytes
2026-10-03 09:33:27,229 [INFO] [OK] Brazil/GFS_ENSEMBLE_Soy_PRCP_DEP/daily dia 14 (2026-10-17 → 2026-10-17) 52950 bytes
2026-10-03 09:33:27,630 [INFO] [OK] Brazil/GFS_ENSEMBLE_Soy_PRCP_DEP/cumulative dia 00 (2026-10-03 → 2026-10-03) 48990 bytes
2026-10-03 09:33:27,673 [INFO] [OK] Brazil/GFS_ENSEMBLE_Soy_PRCP_DEP/cumulative dia 01 (2026-10-03 → 2026-10-04) 50199 bytes
2026-10-03 09:33:27,806 [INFO] [OK] Brazil/GFS_ENSEMBLE_Soy_PRCP_DEP/cumulative dia 02 (2026-10-03 → 2026-10-05) 49874 bytes
2026-10-03 09:33:28,551 [INFO] [OK] Brazil/GFS_ENSEMBLE_Soy_PRCP_DEP/cumulative dia 03 (2026-10-03 → 2026-10-06) 50153 bytes
2026-10-03 09:33:28,834 [INFO] [OK] Brazil/GFS_ENSEMBLE_Soy_PRCP_DEP/cumulative dia 04 (2026-10-03 → 2026-10-07) 49430 bytes
2026-10-03 09:33:29,046 [INFO] [OK] Brazil/GFS_ENSEMBLE_Soy_PRCP_DEP/cumulative dia 05 (2026-10-03 → 2026-10-08) 48607 bytes
2026-10-03 09:33:29,409 [INFO] [OK] Brazil/GFS_ENSEMBLE_Soy_PRCP_DEP/cumulative dia 06 (2026-10-03 → 2026-10-09) 48329 bytes
2026-10-03 09:33:29,590 [INFO] [OK] Brazil/GFS_ENSEMBLE_Soy_PRCP_DEP/cumulative dia 07 (2026-10-03 → 2026-10-10) 47789 bytes
2026-10-03 09:33:29,788 [INFO] [OK] Brazil/GFS_ENSEMBLE_Soy_PRCP_DEP/cumulative dia 08 (2026-10-03 → 2026-10-11) 47765 bytes
2026-10-03 09:33:30,549 [INFO] [OK] Brazil/GFS_ENSEMBLE_Soy_PRCP_DEP/cumulative dia 09 (2026-10-03 → 2026-10-12) 47646 bytes
2026-10-03 09:33:31,213 [INFO] [OK] Brazil/GFS_ENSEMBLE_Soy_PRCP_DEP/cumulative dia 10 (2026-10-03 → 2026-10-13) 47442 bytes
2026-10-03 09:33:31,274 [INFO] [OK] Brazil/GFS_ENSEMBLE_Soy_PRCP_DEP/cumulative dia 11 (2026-10-03 → 2026-10-14) 47166 bytes
2026-10-03 09:33:31,849 [INFO] [OK] Brazil/GFS_ENSEMBLE_Soy_PRCP_DEP/cumulative dia 12 (2026-10-03 → 2026-10-15) 47301 bytes
2026-10-03 09:33:31,963 [INFO] [OK] Brazil/GFS_ENSEMBLE_Soy_PRCP_DEP/cumulative dia 13 (2026-10-03 → 2026-10-16) 47465 bytes
2026-10-03 09:33:32,009 [INFO] [OK] Brazil/GFS_ENSEMBLE_Soy_PRCP/daily dia 00 (2026-10-03 → 2026-10-03) 34934 bytes
2026-10-03 09:33:32,277 [INFO] [OK] Brazil/GFS_ENSEMBLE_Soy_PRCP_DEP/cumulative dia 14 (2026-10-03 → 2026-10-17) 48120 bytes
2026-10-03 09:33:32,509 [INFO] [OK] Brazil/GFS_ENSEMBLE_Soy_PRCP/daily dia 01 (2026-10-04 → 2026-10-04) 34898 bytes
2026-10-03 09:33:32,730 [INFO] [OK] Brazil/GFS_ENSEMBLE_Soy_PRCP/daily dia 02 (2026-10-05 → 2026-10-05) 34837 bytes
2026-10-03 09:33:33,157 [INFO] [OK] Brazil/GFS_ENSEMBLE_Soy_PRCP/daily dia 03 (2026-10-06 → 2026-10-06) 33133 bytes
2026-10-03 09:33:33,395 [INFO] [OK] Brazil/GFS_ENSEMBLE_Soy_PRCP/daily dia 04 (2026-10-07 → 2026-10-07) 31794 bytes
2026-10-03 09:33:33,400 [INFO] [OK] Brazil/GFS_ENSEMBLE_Soy_PRCP/daily dia 05 (2026-10-08 → 2026-10-08) 33721 bytes
2026-10-03 09:33:33,580 [INFO] [OK] Brazil/GFS_ENSEMBLE_Soy_PRCP/daily dia 06 (2026-10-09 → 2026-10-09) 33496 bytes
2026-10-03 09:33:33,795 [INFO] [OK] Brazil/GFS_ENSEMBLE_Soy_PRCP/daily dia 07 (2026-10-10 → 2026-10-10) 32409 bytes
2026-10-03 09:33:34,104 [INFO] [OK] Brazil/GFS_ENSEMBLE_Soy_PRCP/daily dia 08 (2026-10-11 → 2026-10-11) 31902 bytes
2026-10-03 09:33:34,724 [INFO] [OK] Brazil/GFS_ENSEMBLE_Soy_PRCP/daily dia 09 (2026-10-12 → 2026-10-12) 32674 bytes
2026-10-03 09:33:34,836 [INFO] [OK] Brazil/GFS_ENSEMBLE_Soy_PRCP/daily dia 11 (2026-10-14 → 2026-10-14) 32655 bytes
2026-10-03 09:33:35,137 [INFO] [OK] Brazil/GFS_ENSEMBLE_Soy_PRCP/daily dia 10 (2026-10-13 → 2026-10-13) 33087 bytes
2026-10-03 09:33:35,342 [INFO] [OK] Brazil/GFS_ENSEMBLE_Soy_PRCP/daily dia 13 (2026-10-16 → 2026-10-16) 32877 bytes
2026-10-03 09:33:35,379 [INFO] [OK] Brazil/GFS_ENSEMBLE_Soy_PRCP/daily dia 12 (2026-10-15 → 2026-10-15) 32512 bytes
2026-10-03 09:33:35,693 [INFO] [OK] Brazil/GFS_ENSEMBLE_Soy_PRCP/daily dia 14 (2026-10-17 → 2026-10-17) 32771 bytes
2026-10-03 09:33:36,039 [INFO] [OK] Brazil/GFS_ENSEMBLE_Soy_PRCP/cumulative dia 00 (2026-10-03 → 2026-10-03) 34934 bytes
2026-10-03 09:33:36,225 [INFO] [OK] Brazil/GFS_ENSEMBLE_Soy_PRCP/cumulative dia 01 (2026-10-03 → 2026-10-04) 38133 bytes
2026-10-03 09:33:36,661 [INFO] [OK] Brazil/GFS_ENSEMBLE_Soy_PRCP/cumulative dia 02 (2026-10-03 → 2026-10-05) 39849 bytes
2026-10-03 09:33:36,946 [INFO] [OK] Brazil/GFS_ENSEMBLE_Soy_PRCP/cumulative dia 03 (2026-10-03 → 2026-10-06) 41010 bytes
2026-10-03 09:33:37,059 [INFO] [OK] Brazil/GFS_ENSEMBLE_Soy_PRCP/cumulative dia 04 (2026-10-03 → 2026-10-07) 41546 bytes
2026-10-03 09:33:37,443 [INFO] [OK] Brazil/GFS_ENSEMBLE_Soy_PRCP/cumulative dia 05 (2026-10-03 → 2026-10-08) 42171 bytes
2026-10-03 09:33:37,867 [INFO] [OK] Brazil/GFS_ENSEMBLE_Soy_PRCP/cumulative dia 06 (2026-10-03 → 2026-10-09) 43103 bytes
2026-10-03 09:33:38,179 [INFO] [OK] Brazil/GFS_ENSEMBLE_Soy_PRCP/cumulative dia 07 (2026-10-03 → 2026-10-10) 43028 bytes
2026-10-03 09:33:38,729 [INFO] [OK] Brazil/GFS_ENSEMBLE_Soy_PRCP/cumulative dia 08 (2026-10-03 → 2026-10-11) 43797 bytes
2026-10-03 09:33:38,988 [INFO] [OK] Brazil/GFS_ENSEMBLE_Soy_PRCP/cumulative dia 09 (2026-10-03 → 2026-10-12) 43939 bytes
2026-10-03 09:33:39,255 [INFO] [OK] Brazil/GFS_ENSEMBLE_Soy_PRCP/cumulative dia 10 (2026-10-03 → 2026-10-13) 44122 bytes
2026-10-03 09:33:39,706 [INFO] [OK] Brazil/GFS_ENSEMBLE_Soy_PRCP/cumulative dia 11 (2026-10-03 → 2026-10-14) 44836 bytes
2026-10-03 09:33:40,229 [INFO] [OK] Brazil/GFS_ENSEMBLE_Soy_PRCP/cumulative dia 12 (2026-10-03 → 2026-10-15) 44755 bytes
2026-10-03 09:33:40,350 [INFO] [OK] Brazil/GFS_ENSEMBLE_Corn_Winter_PRCP_DEP/daily dia 00 (2026-10-03 → 2026-10-03) 47969 bytes
2026-10-03 09:33:40,635 [INFO] [OK] Brazil/GFS_ENSEMBLE_Soy_PRCP/cumulative dia 13 (2026-10-03 → 2026-10-16) 45009 bytes
2026-10-03 09:33:40,845 [INFO] [OK] Brazil/GFS_ENSEMBLE_Corn_Winter_PRCP_DEP/daily dia 01 (2026-10-04 → 2026-10-04) 46474 bytes
2026-10-03 09:33:41,259 [INFO] [OK] Brazil/GFS_ENSEMBLE_Soy_PRCP/cumulative dia 14 (2026-10-03 → 2026-10-17) 45193 bytes
2026-10-03 09:33:41,277 [INFO] [OK] Brazil/GFS_ENSEMBLE_Corn_Winter_PRCP_DEP/daily dia 02 (2026-10-05 → 2026-10-05) 47533 bytes
2026-10-03 09:33:41,586 [INFO] [OK] Brazil/GFS_ENSEMBLE_Corn_Winter_PRCP_DEP/daily dia 03 (2026-10-06 → 2026-10-06) 43611 bytes
2026-10-03 09:33:41,692 [INFO] [OK] Brazil/GFS_ENSEMBLE_Corn_Winter_PRCP_DEP/daily dia 04 (2026-10-07 → 2026-10-07) 41733 bytes
2026-10-03 09:33:42,075 [INFO] [OK] Brazil/GFS_ENSEMBLE_Corn_Winter_PRCP_DEP/daily dia 05 (2026-10-08 → 2026-10-08) 41736 bytes
2026-10-03 09:33:42,167 [INFO] [OK] Brazil/GFS_ENSEMBLE_Corn_Winter_PRCP_DEP/daily dia 06 (2026-10-09 → 2026-10-09) 42833 bytes
2026-10-03 09:33:42,621 [INFO] [OK] Brazil/GFS_ENSEMBLE_Corn_Winter_PRCP_DEP/daily dia 07 (2026-10-10 → 2026-10-10) 45470 bytes
2026-10-03 09:33:42,698 [INFO] [OK] Brazil/GFS_ENSEMBLE_Corn_Winter_PRCP_DEP/daily dia 08 (2026-10-11 → 2026-10-11) 44926 bytes
2026-10-03 09:33:43,134 [INFO] [OK] Brazil/GFS_ENSEMBLE_Corn_Winter_PRCP_DEP/daily dia 10 (2026-10-13 → 2026-10-13) 46202 bytes
2026-10-03 09:33:43,197 [INFO] [OK] Brazil/GFS_ENSEMBLE_Corn_Winter_PRCP_DEP/daily dia 09 (2026-10-12 → 2026-10-12) 45750 bytes
2026-10-03 09:33:43,417 [INFO] [OK] Brazil/GFS_ENSEMBLE_Corn_Winter_PRCP_DEP/daily dia 11 (2026-10-14 → 2026-10-14) 47064 bytes
2026-10-03 09:33:43,611 [INFO] [OK] Brazil/GFS_ENSEMBLE_Corn_Winter_PRCP_DEP/daily dia 12 (2026-10-15 → 2026-10-15) 49526 bytes
2026-10-03 09:33:44,060 [INFO] [OK] Brazil/GFS_ENSEMBLE_Corn_Winter_PRCP_DEP/daily dia 13 (2026-10-16 → 2026-10-16) 49522 bytes
2026-10-03 09:33:44,170 [INFO] [OK] Brazil/GFS_ENSEMBLE_Corn_Winter_PRCP_DEP/daily dia 14 (2026-10-17 → 2026-10-17) 51505 bytes
2026-10-03 09:33:44,537 [INFO] [OK] Brazil/GFS_ENSEMBLE_Corn_Winter_PRCP_DEP/cumulative dia 00 (2026-10-03 → 2026-10-03) 47969 bytes
2026-10-03 09:33:44,718 [INFO] [OK] Brazil/GFS_ENSEMBLE_Corn_Winter_PRCP_DEP/cumulative dia 01 (2026-10-03 → 2026-10-04) 49138 bytes
2026-10-03 09:33:44,962 [INFO] [OK] Brazil/GFS_ENSEMBLE_Corn_Winter_PRCP_DEP/cumulative dia 02 (2026-10-03 → 2026-10-05) 48693 bytes
2026-10-03 09:33:45,295 [INFO] [OK] Brazil/GFS_ENSEMBLE_Corn_Winter_PRCP_DEP/cumulative dia 03 (2026-10-03 → 2026-10-06) 48954 bytes
2026-10-03 09:33:45,750 [INFO] [OK] Brazil/GFS_ENSEMBLE_Corn_Winter_PRCP_DEP/cumulative dia 04 (2026-10-03 → 2026-10-07) 48109 bytes
2026-10-03 09:33:46,032 [INFO] [OK] Brazil/GFS_ENSEMBLE_Corn_Winter_PRCP_DEP/cumulative dia 05 (2026-10-03 → 2026-10-08) 47353 bytes
2026-10-03 09:33:46,393 [INFO] [OK] Brazil/GFS_ENSEMBLE_Corn_Winter_PRCP_DEP/cumulative dia 06 (2026-10-03 → 2026-10-09) 47174 bytes
2026-10-03 09:33:46,675 [INFO] [OK] Brazil/GFS_ENSEMBLE_Corn_Winter_PRCP_DEP/cumulative dia 07 (2026-10-03 → 2026-10-10) 46489 bytes
2026-10-03 09:33:47,003 [INFO] [OK] Brazil/GFS_ENSEMBLE_Corn_Winter_PRCP_DEP/cumulative dia 08 (2026-10-03 → 2026-10-11) 46570 bytes
2026-10-03 09:33:47,302 [INFO] [OK] Brazil/GFS_ENSEMBLE_Corn_Winter_PRCP_DEP/cumulative dia 09 (2026-10-03 → 2026-10-12) 46417 bytes
2026-10-03 09:33:47,915 [INFO] [OK] Brazil/GFS_ENSEMBLE_Corn_Winter_PRCP_DEP/cumulative dia 10 (2026-10-03 → 2026-10-13) 46177 bytes
2026-10-03 09:33:48,276 [INFO] [OK] Brazil/GFS_ENSEMBLE_Corn_Winter_PRCP_DEP/cumulative dia 11 (2026-10-03 → 2026-10-14) 45823 bytes
2026-10-03 09:33:48,662 [INFO] [OK] Brazil/GFS_ENSEMBLE_Corn_Winter_PRCP/daily dia 00 (2026-10-03 → 2026-10-03) 33240 bytes
2026-10-03 09:33:48,695 [INFO] [OK] Brazil/GFS_ENSEMBLE_Corn_Winter_PRCP_DEP/cumulative dia 12 (2026-10-03 → 2026-10-15) 46016 bytes
2026-10-03 09:33:49,037 [INFO] [OK] Brazil/GFS_ENSEMBLE_Corn_Winter_PRCP_DEP/cumulative dia 13 (2026-10-03 → 2026-10-16) 46139 bytes
2026-10-03 09:33:49,221 [INFO] [OK] Brazil/GFS_ENSEMBLE_Corn_Winter_PRCP/daily dia 01 (2026-10-04 → 2026-10-04) 33345 bytes
2026-10-03 09:33:49,410 [INFO] [OK] Brazil/GFS_ENSEMBLE_Corn_Winter_PRCP_DEP/cumulative dia 14 (2026-10-03 → 2026-10-17) 46521 bytes
2026-10-03 09:33:49,567 [INFO] [OK] Brazil/GFS_ENSEMBLE_Corn_Winter_PRCP/daily dia 02 (2026-10-05 → 2026-10-05) 33443 bytes
2026-10-03 09:33:50,156 [INFO] [OK] Brazil/GFS_ENSEMBLE_Corn_Winter_PRCP/daily dia 03 (2026-10-06 → 2026-10-06) 31477 bytes
2026-10-03 09:33:50,164 [INFO] [OK] Brazil/GFS_ENSEMBLE_Corn_Winter_PRCP/daily dia 04 (2026-10-07 → 2026-10-07) 30096 bytes
2026-10-03 09:33:50,379 [INFO] [OK] Brazil/GFS_ENSEMBLE_Corn_Winter_PRCP/daily dia 05 (2026-10-08 → 2026-10-08) 32036 bytes
2026-10-03 09:33:50,673 [INFO] [OK] Brazil/GFS_ENSEMBLE_Corn_Winter_PRCP/daily dia 06 (2026-10-09 → 2026-10-09) 31839 bytes
2026-10-03 09:33:50,897 [INFO] [OK] Brazil/GFS_ENSEMBLE_Corn_Winter_PRCP/daily dia 07 (2026-10-10 → 2026-10-10) 30770 bytes
2026-10-03 09:33:50,972 [INFO] [OK] Brazil/GFS_ENSEMBLE_Corn_Winter_PRCP/daily dia 08 (2026-10-11 → 2026-10-11) 30293 bytes
2026-10-03 09:33:51,591 [INFO] [OK] Brazil/GFS_ENSEMBLE_Corn_Winter_PRCP/daily dia 09 (2026-10-12 → 2026-10-12) 31092 bytes
2026-10-03 09:33:51,604 [INFO] [OK] Brazil/GFS_ENSEMBLE_Corn_Winter_PRCP/daily dia 10 (2026-10-13 → 2026-10-13) 31468 bytes
2026-10-03 09:33:51,735 [INFO] [OK] Brazil/GFS_ENSEMBLE_Corn_Winter_PRCP/daily dia 11 (2026-10-14 → 2026-10-14) 31052 bytes
2026-10-03 09:33:52,014 [INFO] [OK] Brazil/GFS_ENSEMBLE_Corn_Winter_PRCP/daily dia 12 (2026-10-15 → 2026-10-15) 31147 bytes
2026-10-03 09:33:52,267 [INFO] [OK] Brazil/GFS_ENSEMBLE_Corn_Winter_PRCP/daily dia 13 (2026-10-16 → 2026-10-16) 31408 bytes
2026-10-03 09:33:52,435 [INFO] [OK] Brazil/GFS_ENSEMBLE_Corn_Winter_PRCP/daily dia 14 (2026-10-17 → 2026-10-17) 31260 bytes
2026-10-03 09:33:52,933 [INFO] [OK] Brazil/GFS_ENSEMBLE_Corn_Winter_PRCP/cumulative dia 00 (2026-10-03 → 2026-10-03) 33240 bytes
2026-10-03 09:33:53,118 [INFO] [OK] Brazil/GFS_ENSEMBLE_Corn_Winter_PRCP/cumulative dia 01 (2026-10-03 → 2026-10-04) 36751 bytes
2026-10-03 09:33:53,304 [INFO] [OK] Brazil/GFS_ENSEMBLE_Corn_Winter_PRCP/cumulative dia 02 (2026-10-03 → 2026-10-05) 38311 bytes
2026-10-03 09:33:53,646 [INFO] [OK] Brazil/GFS_ENSEMBLE_Corn_Winter_PRCP/cumulative dia 03 (2026-10-03 → 2026-10-06) 39591 bytes
2026-10-03 09:33:53,952 [INFO] [OK] Brazil/GFS_ENSEMBLE_Corn_Winter_PRCP/cumulative dia 04 (2026-10-03 → 2026-10-07) 40000 bytes
2026-10-03 09:33:54,315 [INFO] [OK] Brazil/GFS_ENSEMBLE_Corn_Winter_PRCP/cumulative dia 05 (2026-10-03 → 2026-10-08) 40593 bytes
2026-10-03 09:33:54,733 [INFO] [OK] Brazil/GFS_ENSEMBLE_Corn_Winter_PRCP/cumulative dia 06 (2026-10-03 → 2026-10-09) 41563 bytes
2026-10-03 09:33:55,047 [INFO] [OK] Brazil/GFS_ENSEMBLE_Corn_Winter_PRCP/cumulative dia 07 (2026-10-03 → 2026-10-10) 41492 bytes
2026-10-03 09:33:55,335 [INFO] [OK] Brazil/GFS_ENSEMBLE_Corn_Winter_PRCP/cumulative dia 08 (2026-10-03 → 2026-10-11) 42295 bytes
2026-10-03 09:33:55,725 [INFO] [OK] Brazil/GFS_ENSEMBLE_Corn_Winter_PRCP/cumulative dia 09 (2026-10-03 → 2026-10-12) 42277 bytes
2026-10-03 09:33:56,220 [INFO] [OK] Brazil/GFS_ENSEMBLE_Corn_Winter_PRCP/cumulative dia 10 (2026-10-03 → 2026-10-13) 42441 bytes
2026-10-03 09:33:56,623 [INFO] [OK] Brazil/GFS_ENSEMBLE_Corn_Winter_PRCP/cumulative dia 11 (2026-10-03 → 2026-10-14) 43051 bytes
2026-10-03 09:33:57,061 [INFO] [OK] Brazil/GFS_ENSEMBLE_Corn_Winter_PRCP/cumulative dia 12 (2026-10-03 → 2026-10-15) 43060 bytes
2026-10-03 09:33:57,129 [INFO] [OK] Brazil/ECM_ENSEMBLE_Soy_PRCP_DEP/daily dia 00 (2026-10-03 → 2026-10-03) 53068 bytes
2026-10-03 09:33:57,447 [INFO] [OK] Brazil/GFS_ENSEMBLE_Corn_Winter_PRCP/cumulative dia 13 (2026-10-03 → 2026-10-16) 43392 bytes
2026-10-03 09:33:57,612 [INFO] [OK] Brazil/ECM_ENSEMBLE_Soy_PRCP_DEP/daily dia 01 (2026-10-04 → 2026-10-04) 49904 bytes
2026-10-03 09:33:57,774 [INFO] [OK] Brazil/GFS_ENSEMBLE_Corn_Winter_PRCP/cumulative dia 14 (2026-10-03 → 2026-10-17) 43634 bytes
2026-10-03 09:33:58,063 [INFO] [OK] Brazil/ECM_ENSEMBLE_Soy_PRCP_DEP/daily dia 02 (2026-10-05 → 2026-10-05) 50700 bytes
2026-10-03 09:33:58,402 [INFO] [OK] Brazil/ECM_ENSEMBLE_Soy_PRCP_DEP/daily dia 03 (2026-10-06 → 2026-10-06) 49196 bytes
2026-10-03 09:33:58,497 [INFO] [OK] Brazil/ECM_ENSEMBLE_Soy_PRCP_DEP/daily dia 04 (2026-10-07 → 2026-10-07) 49792 bytes
2026-10-03 09:33:58,851 [INFO] [OK] Brazil/ECM_ENSEMBLE_Soy_PRCP_DEP/daily dia 05 (2026-10-08 → 2026-10-08) 48913 bytes
2026-10-03 09:33:59,061 [INFO] [OK] Brazil/ECM_ENSEMBLE_Soy_PRCP_DEP/daily dia 06 (2026-10-09 → 2026-10-09) 48057 bytes
2026-10-03 09:33:59,174 [INFO] [OK] Brazil/ECM_ENSEMBLE_Soy_PRCP_DEP/daily dia 07 (2026-10-10 → 2026-10-10) 49760 bytes
2026-10-03 09:33:59,467 [INFO] [OK] Brazil/ECM_ENSEMBLE_Soy_PRCP_DEP/daily dia 08 (2026-10-11 → 2026-10-11) 50129 bytes
2026-10-03 09:33:59,865 [INFO] [OK] Brazil/ECM_ENSEMBLE_Soy_PRCP_DEP/daily dia 09 (2026-10-12 → 2026-10-12) 50090 bytes
2026-10-03 09:33:59,913 [INFO] [OK] Brazil/ECM_ENSEMBLE_Soy_PRCP_DEP/daily dia 10 (2026-10-13 → 2026-10-13) 49678 bytes
2026-10-03 09:34:00,398 [INFO] [OK] Brazil/ECM_ENSEMBLE_Soy_PRCP_DEP/daily dia 11 (2026-10-14 → 2026-10-14) 50890 bytes
2026-10-03 09:34:00,570 [INFO] [OK] Brazil/ECM_ENSEMBLE_Soy_PRCP_DEP/daily dia 13 (2026-10-16 → 2026-10-16) 53072 bytes
2026-10-03 09:34:00,588 [INFO] [OK] Brazil/ECM_ENSEMBLE_Soy_PRCP_DEP/daily dia 12 (2026-10-15 → 2026-10-15) 52659 bytes
2026-10-03 09:34:00,884 [INFO] [OK] Brazil/ECM_ENSEMBLE_Soy_PRCP_DEP/daily dia 14 (2026-10-17 → 2026-10-17) 53298 bytes
2026-10-03 09:34:01,320 [INFO] [OK] Brazil/ECM_ENSEMBLE_Soy_PRCP_DEP/cumulative dia 00 (2026-10-03 → 2026-10-03) 53068 bytes
2026-10-03 09:34:01,453 [INFO] [OK] Brazil/ECM_ENSEMBLE_Soy_PRCP_DEP/cumulative dia 01 (2026-10-03 → 2026-10-04) 50827 bytes
2026-10-03 09:34:02,162 [INFO] [OK] Brazil/ECM_ENSEMBLE_Soy_PRCP_DEP/cumulative dia 02 (2026-10-03 → 2026-10-05) 51000 bytes
2026-10-03 09:34:02,536 [INFO] [OK] Brazil/ECM_ENSEMBLE_Soy_PRCP_DEP/cumulative dia 04 (2026-10-03 → 2026-10-07) 50778 bytes
2026-10-03 09:34:02,561 [INFO] [OK] Brazil/ECM_ENSEMBLE_Soy_PRCP_DEP/cumulative dia 03 (2026-10-03 → 2026-10-06) 50847 bytes
2026-10-03 09:34:03,092 [INFO] [OK] Brazil/ECM_ENSEMBLE_Soy_PRCP_DEP/cumulative dia 05 (2026-10-03 → 2026-10-08) 51159 bytes
2026-10-03 09:34:03,802 [INFO] [OK] Brazil/ECM_ENSEMBLE_Soy_PRCP_DEP/cumulative dia 06 (2026-10-03 → 2026-10-09) 51007 bytes
2026-10-03 09:34:03,974 [INFO] [OK] Brazil/ECM_ENSEMBLE_Soy_PRCP_DEP/cumulative dia 07 (2026-10-03 → 2026-10-10) 51245 bytes
2026-10-03 09:34:04,410 [INFO] [OK] Brazil/ECM_ENSEMBLE_Soy_PRCP_DEP/cumulative dia 08 (2026-10-03 → 2026-10-11) 51389 bytes
2026-10-03 09:34:05,068 [INFO] [OK] Brazil/ECM_ENSEMBLE_Soy_PRCP_DEP/cumulative dia 09 (2026-10-03 → 2026-10-12) 51297 bytes
2026-10-03 09:34:05,553 [INFO] [OK] Brazil/ECM_ENSEMBLE_Soy_PRCP_DEP/cumulative dia 10 (2026-10-03 → 2026-10-13) 51344 bytes
2026-10-03 09:34:05,706 [INFO] [OK] Brazil/ECM_ENSEMBLE_Soy_PRCP_DEP/cumulative dia 11 (2026-10-03 → 2026-10-14) 51427 bytes
2026-10-03 09:34:06,357 [INFO] [OK] Brazil/ECM_ENSEMBLE_Soy_PRCP_DEP/cumulative dia 12 (2026-10-03 → 2026-10-15) 51587 bytes
2026-10-03 09:34:07,128 [INFO] [OK] Brazil/ECM_ENSEMBLE_Soy_PRCP_DEP/cumulative dia 13 (2026-10-03 → 2026-10-16) 51393 bytes
2026-10-03 09:34:07,136 [INFO] [OK] Brazil/ECM_ENSEMBLE_Soy_PRCP/daily dia 00 (2026-10-03 → 2026-10-03) 37165 bytes
2026-10-03 09:34:07,571 [INFO] [OK] Brazil/ECM_ENSEMBLE_Soy_PRCP_DEP/cumulative dia 14 (2026-10-03 → 2026-10-17) 51399 bytes
2026-10-03 09:34:07,697 [INFO] [OK] Brazil/ECM_ENSEMBLE_Soy_PRCP/daily dia 01 (2026-10-04 → 2026-10-04) 35292 bytes
2026-10-03 09:34:07,702 [INFO] [OK] Brazil/ECM_ENSEMBLE_Soy_PRCP/daily dia 02 (2026-10-05 → 2026-10-05) 36391 bytes
2026-10-03 09:34:07,879 [INFO] [OK] Brazil/ECM_ENSEMBLE_Soy_PRCP/daily dia 03 (2026-10-06 → 2026-10-06) 33718 bytes
2026-10-03 09:34:08,642 [INFO] [OK] Brazil/ECM_ENSEMBLE_Soy_PRCP/daily dia 04 (2026-10-07 → 2026-10-07) 33505 bytes
2026-10-03 09:34:08,682 [INFO] [OK] Brazil/ECM_ENSEMBLE_Soy_PRCP/daily dia 05 (2026-10-08 → 2026-10-08) 34261 bytes
2026-10-03 09:34:09,160 [INFO] [OK] Brazil/ECM_ENSEMBLE_Soy_PRCP/daily dia 06 (2026-10-09 → 2026-10-09) 34968 bytes
2026-10-03 09:34:09,165 [INFO] [OK] Brazil/ECM_ENSEMBLE_Soy_PRCP/daily dia 08 (2026-10-11 → 2026-10-11) 32173 bytes
2026-10-03 09:34:09,369 [INFO] [OK] Brazil/ECM_ENSEMBLE_Soy_PRCP/daily dia 09 (2026-10-12 → 2026-10-12) 33030 bytes
2026-10-03 09:34:09,371 [INFO] [OK] Brazil/ECM_ENSEMBLE_Soy_PRCP/daily dia 07 (2026-10-10 → 2026-10-10) 33590 bytes
2026-10-03 09:34:09,956 [INFO] [OK] Brazil/ECM_ENSEMBLE_Soy_PRCP/daily dia 10 (2026-10-13 → 2026-10-13) 33946 bytes
2026-10-03 09:34:10,107 [INFO] [OK] Brazil/ECM_ENSEMBLE_Soy_PRCP/daily dia 11 (2026-10-14 → 2026-10-14) 33100 bytes
2026-10-03 09:34:10,718 [INFO] [OK] Brazil/ECM_ENSEMBLE_Soy_PRCP/daily dia 12 (2026-10-15 → 2026-10-15) 32827 bytes
2026-10-03 09:34:10,725 [INFO] [OK] Brazil/ECM_ENSEMBLE_Soy_PRCP/cumulative dia 00 (2026-10-03 → 2026-10-03) 37165 bytes
2026-10-03 09:34:10,727 [INFO] [OK] Brazil/ECM_ENSEMBLE_Soy_PRCP/daily dia 13 (2026-10-16 → 2026-10-16) 32769 bytes
2026-10-03 09:34:10,891 [INFO] [OK] Brazil/ECM_ENSEMBLE_Soy_PRCP/daily dia 14 (2026-10-17 → 2026-10-17) 32043 bytes
2026-10-03 09:34:11,383 [INFO] [OK] Brazil/ECM_ENSEMBLE_Soy_PRCP/cumulative dia 01 (2026-10-03 → 2026-10-04) 40004 bytes
2026-10-03 09:34:11,644 [INFO] [OK] Brazil/ECM_ENSEMBLE_Soy_PRCP/cumulative dia 02 (2026-10-03 → 2026-10-05) 41361 bytes
2026-10-03 09:34:12,420 [INFO] [OK] Brazil/ECM_ENSEMBLE_Soy_PRCP/cumulative dia 04 (2026-10-03 → 2026-10-07) 44119 bytes
2026-10-03 09:34:12,479 [INFO] [OK] Brazil/ECM_ENSEMBLE_Soy_PRCP/cumulative dia 03 (2026-10-03 → 2026-10-06) 42914 bytes
2026-10-03 09:34:12,566 [INFO] [OK] Brazil/ECM_ENSEMBLE_Soy_PRCP/cumulative dia 05 (2026-10-03 → 2026-10-08) 44307 bytes
2026-10-03 09:34:12,827 [INFO] [OK] Brazil/ECM_ENSEMBLE_Soy_PRCP/cumulative dia 06 (2026-10-03 → 2026-10-09) 45302 bytes
2026-10-03 09:34:13,362 [INFO] [OK] Brazil/ECM_ENSEMBLE_Soy_PRCP/cumulative dia 07 (2026-10-03 → 2026-10-10) 45440 bytes
2026-10-03 09:34:13,604 [INFO] [OK] Brazil/ECM_ENSEMBLE_Soy_PRCP/cumulative dia 08 (2026-10-03 → 2026-10-11) 45364 bytes
2026-10-03 09:34:14,546 [INFO] [OK] Brazil/ECM_ENSEMBLE_Soy_PRCP/cumulative dia 09 (2026-10-03 → 2026-10-12) 45855 bytes
2026-10-03 09:34:14,738 [INFO] [OK] Brazil/ECM_ENSEMBLE_Soy_PRCP/cumulative dia 10 (2026-10-03 → 2026-10-13) 46298 bytes
2026-10-03 09:34:14,766 [INFO] [OK] Brazil/ECM_ENSEMBLE_Soy_PRCP/cumulative dia 11 (2026-10-03 → 2026-10-14) 46570 bytes
2026-10-03 09:34:15,217 [INFO] [OK] Brazil/ECM_ENSEMBLE_Soy_PRCP/cumulative dia 12 (2026-10-03 → 2026-10-15) 46257 bytes
2026-10-03 09:34:15,983 [INFO] [OK] Brazil/ECM_ENSEMBLE_Soy_PRCP/cumulative dia 13 (2026-10-03 → 2026-10-16) 46465 bytes
2026-10-03 09:34:16,132 [INFO] [OK] Brazil/ECM_ENSEMBLE_Corn_Winter_PRCP_DEP/daily dia 02 (2026-10-05 → 2026-10-05) 49153 bytes
2026-10-03 09:34:16,452 [INFO] [OK] Brazil/ECM_ENSEMBLE_Corn_Winter_PRCP_DEP/daily dia 00 (2026-10-03 → 2026-10-03) 51946 bytes
2026-10-03 09:34:16,542 [INFO] [OK] Brazil/ECM_ENSEMBLE_Soy_PRCP/cumulative dia 14 (2026-10-03 → 2026-10-17) 46320 bytes
2026-10-03 09:34:16,629 [INFO] [OK] Brazil/ECM_ENSEMBLE_Corn_Winter_PRCP_DEP/daily dia 01 (2026-10-04 → 2026-10-04) 48520 bytes
2026-10-03 09:34:16,814 [INFO] [OK] Brazil/ECM_ENSEMBLE_Corn_Winter_PRCP_DEP/daily dia 03 (2026-10-06 → 2026-10-06) 47743 bytes
2026-10-03 09:34:17,461 [INFO] [OK] Brazil/ECM_ENSEMBLE_Corn_Winter_PRCP_DEP/daily dia 04 (2026-10-07 → 2026-10-07) 48217 bytes
2026-10-03 09:34:17,620 [INFO] [OK] Brazil/ECM_ENSEMBLE_Corn_Winter_PRCP_DEP/daily dia 05 (2026-10-08 → 2026-10-08) 47645 bytes
2026-10-03 09:34:17,806 [INFO] [OK] Brazil/ECM_ENSEMBLE_Corn_Winter_PRCP_DEP/daily dia 06 (2026-10-09 → 2026-10-09) 46689 bytes
2026-10-03 09:34:17,931 [INFO] [OK] Brazil/ECM_ENSEMBLE_Corn_Winter_PRCP_DEP/daily dia 07 (2026-10-10 → 2026-10-10) 48513 bytes
2026-10-03 09:34:18,094 [INFO] [OK] Brazil/ECM_ENSEMBLE_Corn_Winter_PRCP_DEP/daily dia 08 (2026-10-11 → 2026-10-11) 48739 bytes
2026-10-03 09:34:18,269 [INFO] [OK] Brazil/ECM_ENSEMBLE_Corn_Winter_PRCP_DEP/daily dia 09 (2026-10-12 → 2026-10-12) 48702 bytes
2026-10-03 09:34:18,892 [INFO] [OK] Brazil/ECM_ENSEMBLE_Corn_Winter_PRCP_DEP/daily dia 10 (2026-10-13 → 2026-10-13) 48352 bytes
2026-10-03 09:34:18,968 [INFO] [OK] Brazil/ECM_ENSEMBLE_Corn_Winter_PRCP_DEP/daily dia 11 (2026-10-14 → 2026-10-14) 49476 bytes
2026-10-03 09:34:19,367 [INFO] [OK] Brazil/ECM_ENSEMBLE_Corn_Winter_PRCP_DEP/daily dia 12 (2026-10-15 → 2026-10-15) 51254 bytes
2026-10-03 09:34:19,409 [INFO] [OK] Brazil/ECM_ENSEMBLE_Corn_Winter_PRCP_DEP/daily dia 13 (2026-10-16 → 2026-10-16) 51644 bytes
2026-10-03 09:34:19,451 [INFO] [OK] Brazil/ECM_ENSEMBLE_Corn_Winter_PRCP_DEP/daily dia 14 (2026-10-17 → 2026-10-17) 51769 bytes
2026-10-03 09:34:19,817 [INFO] [OK] Brazil/ECM_ENSEMBLE_Corn_Winter_PRCP_DEP/cumulative dia 00 (2026-10-03 → 2026-10-03) 51946 bytes
2026-10-03 09:34:20,362 [INFO] [OK] Brazil/ECM_ENSEMBLE_Corn_Winter_PRCP_DEP/cumulative dia 01 (2026-10-03 → 2026-10-04) 49833 bytes
2026-10-03 09:34:20,568 [INFO] [OK] Brazil/ECM_ENSEMBLE_Corn_Winter_PRCP_DEP/cumulative dia 02 (2026-10-03 → 2026-10-05) 49811 bytes
2026-10-03 09:34:20,966 [INFO] [OK] Brazil/ECM_ENSEMBLE_Corn_Winter_PRCP_DEP/cumulative dia 03 (2026-10-03 → 2026-10-06) 49806 bytes
2026-10-03 09:34:21,053 [INFO] [OK] Brazil/ECM_ENSEMBLE_Corn_Winter_PRCP_DEP/cumulative dia 04 (2026-10-03 → 2026-10-07) 49533 bytes
2026-10-03 09:34:21,190 [INFO] [OK] Brazil/ECM_ENSEMBLE_Corn_Winter_PRCP_DEP/cumulative dia 05 (2026-10-03 → 2026-10-08) 49867 bytes
2026-10-03 09:34:21,638 [INFO] [OK] Brazil/ECM_ENSEMBLE_Corn_Winter_PRCP_DEP/cumulative dia 06 (2026-10-03 → 2026-10-09) 49726 bytes
2026-10-03 09:34:22,227 [INFO] [OK] Brazil/ECM_ENSEMBLE_Corn_Winter_PRCP_DEP/cumulative dia 07 (2026-10-03 → 2026-10-10) 50107 bytes
2026-10-03 09:34:22,513 [INFO] [OK] Brazil/ECM_ENSEMBLE_Corn_Winter_PRCP_DEP/cumulative dia 08 (2026-10-03 → 2026-10-11) 50119 bytes
2026-10-03 09:34:23,040 [INFO] [OK] Brazil/ECM_ENSEMBLE_Corn_Winter_PRCP_DEP/cumulative dia 09 (2026-10-03 → 2026-10-12) 49939 bytes
2026-10-03 09:34:23,333 [INFO] [OK] Brazil/ECM_ENSEMBLE_Corn_Winter_PRCP_DEP/cumulative dia 10 (2026-10-03 → 2026-10-13) 50158 bytes
2026-10-03 09:34:23,384 [INFO] [OK] Brazil/ECM_ENSEMBLE_Corn_Winter_PRCP_DEP/cumulative dia 11 (2026-10-03 → 2026-10-14) 50325 bytes
2026-10-03 09:34:23,990 [INFO] [OK] Brazil/ECM_ENSEMBLE_Corn_Winter_PRCP_DEP/cumulative dia 12 (2026-10-03 → 2026-10-15) 50285 bytes
2026-10-03 09:34:24,396 [INFO] [OK] Brazil/ECM_ENSEMBLE_Corn_Winter_PRCP/daily dia 00 (2026-10-03 → 2026-10-03) 35462 bytes
2026-10-03 09:34:24,866 [INFO] [OK] Brazil/ECM_ENSEMBLE_Corn_Winter_PRCP_DEP/cumulative dia 14 (2026-10-03 → 2026-10-17) 49989 bytes
2026-10-03 09:34:24,917 [INFO] [OK] Brazil/ECM_ENSEMBLE_Corn_Winter_PRCP/daily dia 02 (2026-10-05 → 2026-10-05) 34708 bytes
2026-10-03 09:34:24,969 [INFO] [OK] Brazil/ECM_ENSEMBLE_Corn_Winter_PRCP/daily dia 01 (2026-10-04 → 2026-10-04) 33966 bytes
2026-10-03 09:34:24,980 [INFO] [OK] Brazil/ECM_ENSEMBLE_Corn_Winter_PRCP_DEP/cumulative dia 13 (2026-10-03 → 2026-10-16) 50037 bytes
2026-10-03 09:34:25,298 [INFO] [OK] Brazil/ECM_ENSEMBLE_Corn_Winter_PRCP/daily dia 03 (2026-10-06 → 2026-10-06) 32272 bytes
2026-10-03 09:34:25,730 [INFO] [OK] Brazil/ECM_ENSEMBLE_Corn_Winter_PRCP/daily dia 04 (2026-10-07 → 2026-10-07) 31911 bytes
2026-10-03 09:34:26,208 [INFO] [OK] Brazil/ECM_ENSEMBLE_Corn_Winter_PRCP/daily dia 05 (2026-10-08 → 2026-10-08) 32753 bytes
2026-10-03 09:34:27,633 [INFO] [OK] Brazil/ECM_ENSEMBLE_Corn_Winter_PRCP/daily dia 06 (2026-10-09 → 2026-10-09) 33129 bytes
2026-10-03 09:34:28,182 [INFO] [OK] Brazil/ECM_ENSEMBLE_Corn_Winter_PRCP/daily dia 08 (2026-10-11 → 2026-10-11) 30598 bytes
2026-10-03 09:34:28,232 [INFO] [OK] Brazil/ECM_ENSEMBLE_Corn_Winter_PRCP/daily dia 09 (2026-10-12 → 2026-10-12) 31444 bytes
2026-10-03 09:34:28,233 [INFO] [OK] Brazil/ECM_ENSEMBLE_Corn_Winter_PRCP/daily dia 10 (2026-10-13 → 2026-10-13) 32265 bytes
2026-10-03 09:34:28,234 [INFO] [OK] Brazil/ECM_ENSEMBLE_Corn_Winter_PRCP/daily dia 11 (2026-10-14 → 2026-10-14) 31615 bytes
2026-10-03 09:34:29,066 [INFO] [OK] Brazil/ECM_ENSEMBLE_Corn_Winter_PRCP/daily dia 07 (2026-10-10 → 2026-10-10) 31919 bytes
2026-10-03 09:34:29,970 [INFO] [OK] Brazil/ECM_ENSEMBLE_Corn_Winter_PRCP/daily dia 13 (2026-10-16 → 2026-10-16) 31340 bytes
2026-10-03 09:34:30,001 [INFO] [OK] Brazil/ECM_ENSEMBLE_Corn_Winter_PRCP/daily dia 12 (2026-10-15 → 2026-10-15) 30996 bytes
2026-10-03 09:34:30,032 [INFO] [OK] Brazil/ECM_ENSEMBLE_Corn_Winter_PRCP/daily dia 14 (2026-10-17 → 2026-10-17) 30529 bytes
2026-10-03 09:34:30,485 [INFO] [OK] Brazil/ECM_ENSEMBLE_Corn_Winter_PRCP/cumulative dia 00 (2026-10-03 → 2026-10-03) 35462 bytes
2026-10-03 09:34:30,498 [INFO] [OK] Brazil/ECM_ENSEMBLE_Corn_Winter_PRCP/cumulative dia 01 (2026-10-03 → 2026-10-04) 38469 bytes
2026-10-03 09:34:30,601 [INFO] [OK] Brazil/ECM_ENSEMBLE_Corn_Winter_PRCP/cumulative dia 02 (2026-10-03 → 2026-10-05) 39990 bytes
2026-10-03 09:34:31,698 [INFO] [OK] Brazil/ECM_ENSEMBLE_Corn_Winter_PRCP/cumulative dia 03 (2026-10-03 → 2026-10-06) 41233 bytes
2026-10-03 09:34:31,728 [INFO] [OK] Brazil/ECM_ENSEMBLE_Corn_Winter_PRCP/cumulative dia 04 (2026-10-03 → 2026-10-07) 42296 bytes
2026-10-03 09:34:31,898 [INFO] [OK] Brazil/ECM_ENSEMBLE_Corn_Winter_PRCP/cumulative dia 05 (2026-10-03 → 2026-10-08) 42765 bytes
2026-10-03 09:34:32,436 [INFO] [OK] Brazil/ECM_ENSEMBLE_Corn_Winter_PRCP/cumulative dia 06 (2026-10-03 → 2026-10-09) 43075 bytes
2026-10-03 09:34:32,492 [INFO] [OK] Brazil/ECM_ENSEMBLE_Corn_Winter_PRCP/cumulative dia 07 (2026-10-03 → 2026-10-10) 43506 bytes
2026-10-03 09:34:32,633 [INFO] [OK] Brazil/ECM_ENSEMBLE_Corn_Winter_PRCP/cumulative dia 08 (2026-10-03 → 2026-10-11) 43790 bytes
2026-10-03 09:34:33,813 [INFO] [OK] Brazil/ECM_ENSEMBLE_Corn_Winter_PRCP/cumulative dia 09 (2026-10-03 → 2026-10-12) 44168 bytes
2026-10-03 09:34:34,028 [INFO] [OK] Brazil/ECM_ENSEMBLE_Corn_Winter_PRCP/cumulative dia 10 (2026-10-03 → 2026-10-13) 44386 bytes
2026-10-03 09:34:34,303 [INFO] [OK] Brazil/ECM_ENSEMBLE_Corn_Winter_PRCP/cumulative dia 11 (2026-10-03 → 2026-10-14) 44788 bytes
2026-10-03 09:34:35,026 [INFO] [OK] Argentina/GFS_ENSEMBLE_Soy_PRCP_DEP/daily dia 00 (2026-10-03 → 2026-10-03) 42588 bytes
2026-10-03 09:34:35,647 [INFO] [OK] Argentina/GFS_ENSEMBLE_Soy_PRCP_DEP/daily dia 01 (2026-10-04 → 2026-10-04) 42166 bytes
2026-10-03 09:34:35,923 [INFO] [OK] Argentina/GFS_ENSEMBLE_Soy_PRCP_DEP/daily dia 02 (2026-10-05 → 2026-10-05) 42616 bytes
2026-10-03 09:34:35,934 [INFO] [OK] Brazil/ECM_ENSEMBLE_Corn_Winter_PRCP/cumulative dia 12 (2026-10-03 → 2026-10-15) 44462 bytes
2026-10-03 09:34:35,954 [INFO] [OK] Brazil/ECM_ENSEMBLE_Corn_Winter_PRCP/cumulative dia 13 (2026-10-03 → 2026-10-16) 44819 bytes
2026-10-03 09:34:36,159 [INFO] [OK] Brazil/ECM_ENSEMBLE_Corn_Winter_PRCP/cumulative dia 14 (2026-10-03 → 2026-10-17) 44594 bytes
2026-10-03 09:34:36,175 [INFO] [OK] Argentina/GFS_ENSEMBLE_Soy_PRCP_DEP/daily dia 03 (2026-10-06 → 2026-10-06) 39943 bytes
2026-10-03 09:34:36,873 [INFO] [OK] Argentina/GFS_ENSEMBLE_Soy_PRCP_DEP/daily dia 04 (2026-10-07 → 2026-10-07) 39728 bytes
2026-10-03 09:34:37,101 [INFO] [OK] Argentina/GFS_ENSEMBLE_Soy_PRCP_DEP/daily dia 06 (2026-10-09 → 2026-10-09) 40900 bytes
2026-10-03 09:34:37,182 [INFO] [OK] Argentina/GFS_ENSEMBLE_Soy_PRCP_DEP/daily dia 07 (2026-10-10 → 2026-10-10) 43518 bytes
2026-10-03 09:34:37,683 [INFO] [OK] Argentina/GFS_ENSEMBLE_Soy_PRCP_DEP/daily dia 09 (2026-10-12 → 2026-10-12) 42144 bytes
2026-10-03 09:34:37,810 [INFO] [OK] Argentina/GFS_ENSEMBLE_Soy_PRCP_DEP/daily dia 08 (2026-10-11 → 2026-10-11) 43276 bytes
2026-10-03 09:34:37,810 [INFO] [OK] Argentina/GFS_ENSEMBLE_Soy_PRCP_DEP/daily dia 05 (2026-10-08 → 2026-10-08) 39461 bytes
2026-10-03 09:34:38,253 [INFO] [OK] Argentina/GFS_ENSEMBLE_Soy_PRCP_DEP/daily dia 10 (2026-10-13 → 2026-10-13) 41712 bytes
2026-10-03 09:34:38,255 [INFO] [OK] Argentina/GFS_ENSEMBLE_Soy_PRCP_DEP/daily dia 11 (2026-10-14 → 2026-10-14) 42115 bytes
2026-10-03 09:34:38,392 [INFO] [OK] Argentina/GFS_ENSEMBLE_Soy_PRCP_DEP/daily dia 12 (2026-10-15 → 2026-10-15) 44168 bytes
2026-10-03 09:34:38,735 [INFO] [OK] Argentina/GFS_ENSEMBLE_Soy_PRCP_DEP/daily dia 13 (2026-10-16 → 2026-10-16) 42824 bytes
2026-10-03 09:34:38,829 [INFO] [OK] Argentina/GFS_ENSEMBLE_Soy_PRCP_DEP/daily dia 14 (2026-10-17 → 2026-10-17) 43358 bytes
2026-10-03 09:34:39,322 [INFO] [OK] Argentina/GFS_ENSEMBLE_Soy_PRCP_DEP/cumulative dia 00 (2026-10-03 → 2026-10-03) 42588 bytes
2026-10-03 09:34:39,403 [INFO] [OK] Argentina/GFS_ENSEMBLE_Soy_PRCP_DEP/cumulative dia 01 (2026-10-03 → 2026-10-04) 43855 bytes
2026-10-03 09:34:39,572 [INFO] [OK] Argentina/GFS_ENSEMBLE_Soy_PRCP_DEP/cumulative dia 03 (2026-10-03 → 2026-10-06) 43291 bytes
2026-10-03 09:34:39,587 [INFO] [OK] Argentina/GFS_ENSEMBLE_Soy_PRCP_DEP/cumulative dia 02 (2026-10-03 → 2026-10-05) 42985 bytes
2026-10-03 09:34:39,939 [INFO] [OK] Argentina/GFS_ENSEMBLE_Soy_PRCP_DEP/cumulative dia 04 (2026-10-03 → 2026-10-07) 42345 bytes
2026-10-03 09:34:40,126 [INFO] [OK] Argentina/GFS_ENSEMBLE_Soy_PRCP_DEP/cumulative dia 05 (2026-10-03 → 2026-10-08) 41793 bytes
2026-10-03 09:34:40,677 [INFO] [OK] Argentina/GFS_ENSEMBLE_Soy_PRCP_DEP/cumulative dia 06 (2026-10-03 → 2026-10-09) 41788 bytes
2026-10-03 09:34:40,805 [INFO] [OK] Argentina/GFS_ENSEMBLE_Soy_PRCP_DEP/cumulative dia 07 (2026-10-03 → 2026-10-10) 41762 bytes
2026-10-03 09:34:41,042 [INFO] [OK] Argentina/GFS_ENSEMBLE_Soy_PRCP_DEP/cumulative dia 08 (2026-10-03 → 2026-10-11) 42011 bytes
2026-10-03 09:34:41,104 [INFO] [OK] Argentina/GFS_ENSEMBLE_Soy_PRCP_DEP/cumulative dia 09 (2026-10-03 → 2026-10-12) 41746 bytes
2026-10-03 09:34:42,187 [INFO] [OK] Argentina/GFS_ENSEMBLE_Soy_PRCP_DEP/cumulative dia 10 (2026-10-03 → 2026-10-13) 41796 bytes
2026-10-03 09:34:42,192 [INFO] [OK] Argentina/GFS_ENSEMBLE_Soy_PRCP/daily dia 00 (2026-10-03 → 2026-10-03) 33281 bytes
2026-10-03 09:34:42,221 [INFO] [OK] Argentina/GFS_ENSEMBLE_Soy_PRCP_DEP/cumulative dia 11 (2026-10-03 → 2026-10-14) 41503 bytes
2026-10-03 09:34:42,260 [INFO] [OK] Argentina/GFS_ENSEMBLE_Soy_PRCP_DEP/cumulative dia 12 (2026-10-03 → 2026-10-15) 41413 bytes
2026-10-03 09:34:42,496 [INFO] [OK] Argentina/GFS_ENSEMBLE_Soy_PRCP_DEP/cumulative dia 13 (2026-10-03 → 2026-10-16) 41298 bytes
2026-10-03 09:34:42,741 [INFO] [OK] Argentina/GFS_ENSEMBLE_Soy_PRCP_DEP/cumulative dia 14 (2026-10-03 → 2026-10-17) 41270 bytes
2026-10-03 09:34:43,264 [INFO] [OK] Argentina/GFS_ENSEMBLE_Soy_PRCP/daily dia 03 (2026-10-06 → 2026-10-06) 31127 bytes
2026-10-03 09:34:43,266 [INFO] [OK] Argentina/GFS_ENSEMBLE_Soy_PRCP/daily dia 02 (2026-10-05 → 2026-10-05) 32904 bytes
2026-10-03 09:34:43,371 [INFO] [OK] Argentina/GFS_ENSEMBLE_Soy_PRCP/daily dia 04 (2026-10-07 → 2026-10-07) 30438 bytes
2026-10-03 09:34:43,411 [INFO] [OK] Argentina/GFS_ENSEMBLE_Soy_PRCP/daily dia 01 (2026-10-04 → 2026-10-04) 33522 bytes
2026-10-03 09:34:43,497 [INFO] [OK] Argentina/GFS_ENSEMBLE_Soy_PRCP/daily dia 05 (2026-10-08 → 2026-10-08) 32670 bytes
2026-10-03 09:34:43,856 [INFO] [OK] Argentina/GFS_ENSEMBLE_Soy_PRCP/daily dia 06 (2026-10-09 → 2026-10-09) 31737 bytes
2026-10-03 09:34:44,297 [INFO] [OK] Argentina/GFS_ENSEMBLE_Soy_PRCP/daily dia 08 (2026-10-11 → 2026-10-11) 29698 bytes
2026-10-03 09:34:44,400 [INFO] [OK] Argentina/GFS_ENSEMBLE_Soy_PRCP/daily dia 07 (2026-10-10 → 2026-10-10) 30445 bytes
2026-10-03 09:34:44,434 [INFO] [OK] Argentina/GFS_ENSEMBLE_Soy_PRCP/daily dia 10 (2026-10-13 → 2026-10-13) 31224 bytes
2026-10-03 09:34:44,492 [INFO] [OK] Argentina/GFS_ENSEMBLE_Soy_PRCP/daily dia 09 (2026-10-12 → 2026-10-12) 30423 bytes
2026-10-03 09:34:44,557 [INFO] [OK] Argentina/GFS_ENSEMBLE_Soy_PRCP/daily dia 11 (2026-10-14 → 2026-10-14) 30607 bytes
2026-10-03 09:34:44,975 [INFO] [OK] Argentina/GFS_ENSEMBLE_Soy_PRCP/daily dia 12 (2026-10-15 → 2026-10-15) 29765 bytes
2026-10-03 09:34:45,409 [INFO] [OK] Argentina/GFS_ENSEMBLE_Soy_PRCP/daily dia 14 (2026-10-17 → 2026-10-17) 29569 bytes
2026-10-03 09:34:45,409 [INFO] [OK] Argentina/GFS_ENSEMBLE_Soy_PRCP/daily dia 13 (2026-10-16 → 2026-10-16) 30061 bytes
2026-10-03 09:34:45,555 [INFO] [OK] Argentina/GFS_ENSEMBLE_Soy_PRCP/cumulative dia 00 (2026-10-03 → 2026-10-03) 33281 bytes
2026-10-03 09:34:45,600 [INFO] [OK] Argentina/GFS_ENSEMBLE_Soy_PRCP/cumulative dia 01 (2026-10-03 → 2026-10-04) 36612 bytes
2026-10-03 09:34:45,676 [INFO] [OK] Argentina/GFS_ENSEMBLE_Soy_PRCP/cumulative dia 02 (2026-10-03 → 2026-10-05) 37760 bytes
2026-10-03 09:34:46,105 [INFO] [OK] Argentina/GFS_ENSEMBLE_Soy_PRCP/cumulative dia 03 (2026-10-03 → 2026-10-06) 38562 bytes
2026-10-03 09:34:46,646 [INFO] [OK] Argentina/GFS_ENSEMBLE_Soy_PRCP/cumulative dia 04 (2026-10-03 → 2026-10-07) 38930 bytes
2026-10-03 09:34:46,647 [INFO] [OK] Argentina/GFS_ENSEMBLE_Soy_PRCP/cumulative dia 05 (2026-10-03 → 2026-10-08) 39349 bytes
2026-10-03 09:34:46,884 [INFO] [OK] Argentina/GFS_ENSEMBLE_Soy_PRCP/cumulative dia 06 (2026-10-03 → 2026-10-09) 40072 bytes
2026-10-03 09:34:46,974 [INFO] [OK] Argentina/GFS_ENSEMBLE_Soy_PRCP/cumulative dia 07 (2026-10-03 → 2026-10-10) 40100 bytes
2026-10-03 09:34:47,251 [INFO] [OK] Argentina/GFS_ENSEMBLE_Soy_PRCP/cumulative dia 08 (2026-10-03 → 2026-10-11) 40360 bytes
2026-10-03 09:34:47,526 [INFO] [OK] Argentina/GFS_ENSEMBLE_Soy_PRCP/cumulative dia 09 (2026-10-03 → 2026-10-12) 40312 bytes
2026-10-03 09:34:48,368 [INFO] [OK] Argentina/GFS_ENSEMBLE_Soy_PRCP/cumulative dia 10 (2026-10-03 → 2026-10-13) 40311 bytes
2026-10-03 09:34:48,368 [INFO] [OK] Argentina/GFS_ENSEMBLE_Soy_PRCP/cumulative dia 11 (2026-10-03 → 2026-10-14) 40320 bytes
2026-10-03 09:34:48,490 [INFO] [OK] Argentina/GFS_ENSEMBLE_Soy_PRCP/cumulative dia 12 (2026-10-03 → 2026-10-15) 40120 bytes
2026-10-03 09:34:48,661 [INFO] [OK] Argentina/GFS_ENSEMBLE_Corn_Winter_PRCP_DEP/daily dia 00 (2026-10-03 → 2026-10-03) 41160 bytes
2026-10-03 09:34:48,679 [INFO] [OK] Argentina/GFS_ENSEMBLE_Soy_PRCP/cumulative dia 13 (2026-10-03 → 2026-10-16) 39912 bytes
2026-10-03 09:34:48,925 [INFO] [OK] Argentina/GFS_ENSEMBLE_Soy_PRCP/cumulative dia 14 (2026-10-03 → 2026-10-17) 39921 bytes
2026-10-03 09:34:49,426 [INFO] [OK] Argentina/GFS_ENSEMBLE_Corn_Winter_PRCP_DEP/daily dia 01 (2026-10-04 → 2026-10-04) 40793 bytes
2026-10-03 09:34:49,489 [INFO] [OK] Argentina/GFS_ENSEMBLE_Corn_Winter_PRCP_DEP/daily dia 02 (2026-10-05 → 2026-10-05) 41338 bytes
2026-10-03 09:34:49,587 [INFO] [OK] Argentina/GFS_ENSEMBLE_Corn_Winter_PRCP_DEP/daily dia 03 (2026-10-06 → 2026-10-06) 38077 bytes
2026-10-03 09:34:50,300 [INFO] [OK] Argentina/GFS_ENSEMBLE_Corn_Winter_PRCP_DEP/daily dia 05 (2026-10-08 → 2026-10-08) 38082 bytes
2026-10-03 09:34:50,302 [INFO] [OK] Argentina/GFS_ENSEMBLE_Corn_Winter_PRCP_DEP/daily dia 06 (2026-10-09 → 2026-10-09) 39176 bytes
2026-10-03 09:34:50,305 [INFO] [OK] Argentina/GFS_ENSEMBLE_Corn_Winter_PRCP_DEP/daily dia 04 (2026-10-07 → 2026-10-07) 38157 bytes
2026-10-03 09:34:50,594 [INFO] [OK] Argentina/GFS_ENSEMBLE_Corn_Winter_PRCP_DEP/daily dia 08 (2026-10-11 → 2026-10-11) 41622 bytes
2026-10-03 09:34:50,594 [INFO] [OK] Argentina/GFS_ENSEMBLE_Corn_Winter_PRCP_DEP/daily dia 07 (2026-10-10 → 2026-10-10) 41944 bytes
2026-10-03 09:34:50,611 [INFO] [OK] Argentina/GFS_ENSEMBLE_Corn_Winter_PRCP_DEP/daily dia 09 (2026-10-12 → 2026-10-12) 40538 bytes
2026-10-03 09:34:51,345 [INFO] [OK] Argentina/GFS_ENSEMBLE_Corn_Winter_PRCP_DEP/daily dia 11 (2026-10-14 → 2026-10-14) 40569 bytes
2026-10-03 09:34:51,360 [INFO] [OK] Argentina/GFS_ENSEMBLE_Corn_Winter_PRCP_DEP/daily dia 12 (2026-10-15 → 2026-10-15) 42791 bytes
2026-10-03 09:34:51,391 [INFO] [OK] Argentina/GFS_ENSEMBLE_Corn_Winter_PRCP_DEP/daily dia 10 (2026-10-13 → 2026-10-13) 40422 bytes
2026-10-03 09:34:51,626 [INFO] [OK] Argentina/GFS_ENSEMBLE_Corn_Winter_PRCP_DEP/daily dia 13 (2026-10-16 → 2026-10-16) 41208 bytes
2026-10-03 09:34:51,686 [INFO] [OK] Argentina/GFS_ENSEMBLE_Corn_Winter_PRCP_DEP/daily dia 14 (2026-10-17 → 2026-10-17) 41775 bytes
2026-10-03 09:34:51,695 [INFO] [OK] Argentina/GFS_ENSEMBLE_Corn_Winter_PRCP_DEP/cumulative dia 00 (2026-10-03 → 2026-10-03) 41160 bytes
2026-10-03 09:34:52,441 [INFO] [OK] Argentina/GFS_ENSEMBLE_Corn_Winter_PRCP_DEP/cumulative dia 01 (2026-10-03 → 2026-10-04) 42300 bytes
2026-10-03 09:34:52,486 [INFO] [OK] Argentina/GFS_ENSEMBLE_Corn_Winter_PRCP_DEP/cumulative dia 02 (2026-10-03 → 2026-10-05) 41665 bytes
2026-10-03 09:34:53,155 [INFO] [OK] Argentina/GFS_ENSEMBLE_Corn_Winter_PRCP_DEP/cumulative dia 03 (2026-10-03 → 2026-10-06) 41802 bytes
2026-10-03 09:34:53,511 [INFO] [OK] Argentina/GFS_ENSEMBLE_Corn_Winter_PRCP_DEP/cumulative dia 04 (2026-10-03 → 2026-10-07) 40789 bytes
2026-10-03 09:34:53,582 [INFO] [OK] Argentina/GFS_ENSEMBLE_Corn_Winter_PRCP_DEP/cumulative dia 05 (2026-10-03 → 2026-10-08) 40402 bytes
2026-10-03 09:34:53,695 [INFO] [OK] Argentina/GFS_ENSEMBLE_Corn_Winter_PRCP_DEP/cumulative dia 06 (2026-10-03 → 2026-10-09) 40473 bytes
2026-10-03 09:34:53,743 [INFO] [OK] Argentina/GFS_ENSEMBLE_Corn_Winter_PRCP_DEP/cumulative dia 07 (2026-10-03 → 2026-10-10) 40383 bytes
2026-10-03 09:34:53,938 [INFO] [OK] Argentina/GFS_ENSEMBLE_Corn_Winter_PRCP_DEP/cumulative dia 08 (2026-10-03 → 2026-10-11) 40608 bytes
2026-10-03 09:34:54,583 [INFO] [OK] Argentina/GFS_ENSEMBLE_Corn_Winter_PRCP_DEP/cumulative dia 09 (2026-10-03 → 2026-10-12) 40183 bytes
2026-10-03 09:34:54,991 [INFO] [OK] Argentina/GFS_ENSEMBLE_Corn_Winter_PRCP_DEP/cumulative dia 10 (2026-10-03 → 2026-10-13) 40303 bytes
2026-10-03 09:34:55,304 [INFO] [OK] Argentina/GFS_ENSEMBLE_Corn_Winter_PRCP_DEP/cumulative dia 11 (2026-10-03 → 2026-10-14) 40039 bytes
2026-10-03 09:34:55,441 [INFO] [OK] Argentina/GFS_ENSEMBLE_Corn_Winter_PRCP_DEP/cumulative dia 12 (2026-10-03 → 2026-10-15) 40050 bytes
2026-10-03 09:34:55,514 [INFO] [OK] Argentina/GFS_ENSEMBLE_Corn_Winter_PRCP_DEP/cumulative dia 13 (2026-10-03 → 2026-10-16) 39792 bytes
2026-10-03 09:34:55,604 [INFO] [OK] Argentina/GFS_ENSEMBLE_Corn_Winter_PRCP/daily dia 00 (2026-10-03 → 2026-10-03) 31294 bytes
2026-10-03 09:34:55,659 [INFO] [OK] Argentina/GFS_ENSEMBLE_Corn_Winter_PRCP_DEP/cumulative dia 14 (2026-10-03 → 2026-10-17) 39781 bytes
2026-10-03 09:34:56,519 [INFO] [OK] Argentina/GFS_ENSEMBLE_Corn_Winter_PRCP/daily dia 01 (2026-10-04 → 2026-10-04) 31762 bytes
2026-10-03 09:34:56,526 [INFO] [OK] Argentina/GFS_ENSEMBLE_Corn_Winter_PRCP/daily dia 02 (2026-10-05 → 2026-10-05) 31292 bytes
2026-10-03 09:34:56,580 [INFO] [OK] Argentina/GFS_ENSEMBLE_Corn_Winter_PRCP/daily dia 03 (2026-10-06 → 2026-10-06) 29380 bytes
2026-10-03 09:34:56,580 [INFO] [OK] Argentina/GFS_ENSEMBLE_Corn_Winter_PRCP/daily dia 04 (2026-10-07 → 2026-10-07) 28479 bytes
2026-10-03 09:34:56,674 [INFO] [OK] Argentina/GFS_ENSEMBLE_Corn_Winter_PRCP/daily dia 05 (2026-10-08 → 2026-10-08) 30812 bytes
2026-10-03 09:34:56,675 [INFO] [OK] Argentina/GFS_ENSEMBLE_Corn_Winter_PRCP/daily dia 06 (2026-10-09 → 2026-10-09) 29804 bytes
2026-10-03 09:34:57,586 [INFO] [OK] Argentina/GFS_ENSEMBLE_Corn_Winter_PRCP/daily dia 09 (2026-10-12 → 2026-10-12) 28718 bytes
2026-10-03 09:34:57,632 [INFO] [OK] Argentina/GFS_ENSEMBLE_Corn_Winter_PRCP/daily dia 08 (2026-10-11 → 2026-10-11) 27948 bytes
2026-10-03 09:34:57,667 [INFO] [OK] Argentina/GFS_ENSEMBLE_Corn_Winter_PRCP/daily dia 12 (2026-10-15 → 2026-10-15) 28204 bytes
2026-10-03 09:34:57,749 [INFO] [OK] Argentina/GFS_ENSEMBLE_Corn_Winter_PRCP/daily dia 07 (2026-10-10 → 2026-10-10) 28632 bytes
2026-10-03 09:34:57,812 [INFO] [OK] Argentina/GFS_ENSEMBLE_Corn_Winter_PRCP/daily dia 10 (2026-10-13 → 2026-10-13) 29403 bytes
2026-10-03 09:34:57,855 [INFO] [OK] Argentina/GFS_ENSEMBLE_Corn_Winter_PRCP/daily dia 11 (2026-10-14 → 2026-10-14) 28764 bytes
2026-10-03 09:34:58,847 [INFO] [OK] Argentina/GFS_ENSEMBLE_Corn_Winter_PRCP/daily dia 13 (2026-10-16 → 2026-10-16) 28543 bytes
2026-10-03 09:34:58,854 [INFO] [OK] Argentina/GFS_ENSEMBLE_Corn_Winter_PRCP/daily dia 14 (2026-10-17 → 2026-10-17) 27983 bytes
2026-10-03 09:34:59,614 [INFO] [OK] Argentina/GFS_ENSEMBLE_Corn_Winter_PRCP/cumulative dia 01 (2026-10-03 → 2026-10-04) 34897 bytes
2026-10-03 09:34:59,789 [INFO] [OK] Argentina/GFS_ENSEMBLE_Corn_Winter_PRCP/cumulative dia 03 (2026-10-03 → 2026-10-06) 36864 bytes
2026-10-03 09:34:59,796 [INFO] [OK] Argentina/GFS_ENSEMBLE_Corn_Winter_PRCP/cumulative dia 02 (2026-10-03 → 2026-10-05) 36097 bytes
2026-10-03 09:34:59,796 [INFO] [OK] Argentina/GFS_ENSEMBLE_Corn_Winter_PRCP/cumulative dia 00 (2026-10-03 → 2026-10-03) 31294 bytes
2026-10-03 09:35:00,288 [INFO] [OK] Argentina/GFS_ENSEMBLE_Corn_Winter_PRCP/cumulative dia 05 (2026-10-03 → 2026-10-08) 37646 bytes
2026-10-03 09:35:00,294 [INFO] [OK] Argentina/GFS_ENSEMBLE_Corn_Winter_PRCP/cumulative dia 04 (2026-10-03 → 2026-10-07) 37175 bytes
2026-10-03 09:35:00,907 [INFO] [OK] Argentina/GFS_ENSEMBLE_Corn_Winter_PRCP/cumulative dia 06 (2026-10-03 → 2026-10-09) 38283 bytes
2026-10-03 09:35:01,258 [INFO] [OK] Argentina/GFS_ENSEMBLE_Corn_Winter_PRCP/cumulative dia 08 (2026-10-03 → 2026-10-11) 38611 bytes
2026-10-03 09:35:01,276 [INFO] [OK] Argentina/GFS_ENSEMBLE_Corn_Winter_PRCP/cumulative dia 09 (2026-10-03 → 2026-10-12) 38547 bytes
2026-10-03 09:35:01,336 [INFO] [OK] Argentina/GFS_ENSEMBLE_Corn_Winter_PRCP/cumulative dia 07 (2026-10-03 → 2026-10-10) 38509 bytes
2026-10-03 09:35:02,401 [INFO] [OK] Argentina/GFS_ENSEMBLE_Corn_Winter_PRCP/cumulative dia 10 (2026-10-03 → 2026-10-13) 38497 bytes
2026-10-03 09:35:02,407 [INFO] [OK] Argentina/GFS_ENSEMBLE_Corn_Winter_PRCP/cumulative dia 11 (2026-10-03 → 2026-10-14) 38549 bytes
2026-10-03 09:35:02,436 [INFO] [OK] Argentina/ECM_ENSEMBLE_Soy_PRCP_DEP/daily dia 00 (2026-10-03 → 2026-10-03) 43925 bytes
2026-10-03 09:35:02,518 [INFO] [OK] Argentina/GFS_ENSEMBLE_Corn_Winter_PRCP/cumulative dia 12 (2026-10-03 → 2026-10-15) 38157 bytes
2026-10-03 09:35:02,959 [INFO] [OK] Argentina/GFS_ENSEMBLE_Corn_Winter_PRCP/cumulative dia 13 (2026-10-03 → 2026-10-16) 38160 bytes
2026-10-03 09:35:02,991 [INFO] [OK] Argentina/GFS_ENSEMBLE_Corn_Winter_PRCP/cumulative dia 14 (2026-10-03 → 2026-10-17) 38121 bytes
2026-10-03 09:35:03,448 [INFO] [OK] Argentina/ECM_ENSEMBLE_Soy_PRCP_DEP/daily dia 03 (2026-10-06 → 2026-10-06) 40295 bytes
2026-10-03 09:35:03,720 [INFO] [OK] Argentina/ECM_ENSEMBLE_Soy_PRCP_DEP/daily dia 01 (2026-10-04 → 2026-10-04) 39955 bytes
2026-10-03 09:35:04,036 [INFO] [OK] Argentina/ECM_ENSEMBLE_Soy_PRCP_DEP/daily dia 04 (2026-10-07 → 2026-10-07) 40909 bytes
2026-10-03 09:35:04,104 [INFO] [OK] Argentina/ECM_ENSEMBLE_Soy_PRCP_DEP/daily dia 02 (2026-10-05 → 2026-10-05) 40173 bytes
2026-10-03 09:35:04,115 [INFO] [OK] Argentina/ECM_ENSEMBLE_Soy_PRCP_DEP/daily dia 05 (2026-10-08 → 2026-10-08) 41789 bytes
2026-10-03 09:35:04,218 [INFO] [OK] Argentina/ECM_ENSEMBLE_Soy_PRCP_DEP/daily dia 06 (2026-10-09 → 2026-10-09) 39675 bytes
2026-10-03 09:35:04,655 [INFO] [OK] Argentina/ECM_ENSEMBLE_Soy_PRCP_DEP/daily dia 07 (2026-10-10 → 2026-10-10) 42387 bytes
2026-10-03 09:35:05,136 [INFO] [OK] Argentina/ECM_ENSEMBLE_Soy_PRCP_DEP/daily dia 08 (2026-10-11 → 2026-10-11) 42507 bytes
2026-10-03 09:35:05,145 [INFO] [OK] Argentina/ECM_ENSEMBLE_Soy_PRCP_DEP/daily dia 09 (2026-10-12 → 2026-10-12) 42298 bytes
2026-10-03 09:35:05,261 [INFO] [OK] Argentina/ECM_ENSEMBLE_Soy_PRCP_DEP/daily dia 12 (2026-10-15 → 2026-10-15) 44114 bytes
2026-10-03 09:35:05,548 [INFO] [OK] Argentina/ECM_ENSEMBLE_Soy_PRCP_DEP/daily dia 11 (2026-10-14 → 2026-10-14) 42395 bytes
2026-10-03 09:35:05,708 [INFO] [OK] Argentina/ECM_ENSEMBLE_Soy_PRCP_DEP/daily dia 10 (2026-10-13 → 2026-10-13) 41106 bytes
2026-10-03 09:35:05,775 [INFO] [OK] Argentina/ECM_ENSEMBLE_Soy_PRCP_DEP/daily dia 13 (2026-10-16 → 2026-10-16) 43575 bytes
2026-10-03 09:35:06,246 [INFO] [OK] Argentina/ECM_ENSEMBLE_Soy_PRCP_DEP/daily dia 14 (2026-10-17 → 2026-10-17) 43297 bytes
2026-10-03 09:35:06,285 [INFO] [OK] Argentina/ECM_ENSEMBLE_Soy_PRCP_DEP/cumulative dia 00 (2026-10-03 → 2026-10-03) 43925 bytes
2026-10-03 09:35:06,388 [INFO] [OK] Argentina/ECM_ENSEMBLE_Soy_PRCP_DEP/cumulative dia 01 (2026-10-03 → 2026-10-04) 41146 bytes
2026-10-03 09:35:06,708 [INFO] [OK] Argentina/ECM_ENSEMBLE_Soy_PRCP_DEP/cumulative dia 02 (2026-10-03 → 2026-10-05) 39998 bytes
2026-10-03 09:35:06,928 [INFO] [OK] Argentina/ECM_ENSEMBLE_Soy_PRCP_DEP/cumulative dia 03 (2026-10-03 → 2026-10-06) 39829 bytes
2026-10-03 09:35:07,047 [INFO] [OK] Argentina/ECM_ENSEMBLE_Soy_PRCP_DEP/cumulative dia 04 (2026-10-03 → 2026-10-07) 38941 bytes
2026-10-03 09:35:07,493 [INFO] [OK] Argentina/ECM_ENSEMBLE_Soy_PRCP_DEP/cumulative dia 05 (2026-10-03 → 2026-10-08) 39112 bytes
2026-10-03 09:35:07,609 [INFO] [OK] Argentina/ECM_ENSEMBLE_Soy_PRCP_DEP/cumulative dia 06 (2026-10-03 → 2026-10-09) 38799 bytes
2026-10-03 09:35:07,885 [INFO] [OK] Argentina/ECM_ENSEMBLE_Soy_PRCP_DEP/cumulative dia 07 (2026-10-03 → 2026-10-10) 39375 bytes
2026-10-03 09:35:08,125 [INFO] [OK] Argentina/ECM_ENSEMBLE_Soy_PRCP_DEP/cumulative dia 08 (2026-10-03 → 2026-10-11) 39742 bytes
2026-10-03 09:35:08,368 [INFO] [OK] Argentina/ECM_ENSEMBLE_Soy_PRCP_DEP/cumulative dia 09 (2026-10-03 → 2026-10-12) 39915 bytes
2026-10-03 09:35:08,723 [INFO] [OK] Argentina/ECM_ENSEMBLE_Soy_PRCP_DEP/cumulative dia 10 (2026-10-03 → 2026-10-13) 40260 bytes
2026-10-03 09:35:09,857 [INFO] [OK] Argentina/ECM_ENSEMBLE_Soy_PRCP_DEP/cumulative dia 11 (2026-10-03 → 2026-10-14) 40639 bytes
2026-10-03 09:35:09,875 [INFO] [OK] Argentina/ECM_ENSEMBLE_Soy_PRCP/daily dia 01 (2026-10-04 → 2026-10-04) 32947 bytes
2026-10-03 09:35:09,881 [INFO] [OK] Argentina/ECM_ENSEMBLE_Soy_PRCP/daily dia 00 (2026-10-03 → 2026-10-03) 34772 bytes
2026-10-03 09:35:09,883 [INFO] [OK] Argentina/ECM_ENSEMBLE_Soy_PRCP_DEP/cumulative dia 14 (2026-10-03 → 2026-10-17) 40929 bytes
2026-10-03 09:35:09,891 [INFO] [OK] Argentina/ECM_ENSEMBLE_Soy_PRCP_DEP/cumulative dia 12 (2026-10-03 → 2026-10-15) 40600 bytes
2026-10-03 09:35:09,891 [INFO] [OK] Argentina/ECM_ENSEMBLE_Soy_PRCP_DEP/cumulative dia 13 (2026-10-03 → 2026-10-16) 40886 bytes
2026-10-03 09:35:11,399 [INFO] [OK] Argentina/ECM_ENSEMBLE_Soy_PRCP/daily dia 06 (2026-10-09 → 2026-10-09) 33101 bytes
2026-10-03 09:35:11,399 [INFO] [OK] Argentina/ECM_ENSEMBLE_Soy_PRCP/daily dia 02 (2026-10-05 → 2026-10-05) 33833 bytes
2026-10-03 09:35:11,405 [INFO] [OK] Argentina/ECM_ENSEMBLE_Soy_PRCP/daily dia 03 (2026-10-06 → 2026-10-06) 31513 bytes
2026-10-03 09:35:11,411 [INFO] [OK] Argentina/ECM_ENSEMBLE_Soy_PRCP/daily dia 05 (2026-10-08 → 2026-10-08) 32765 bytes
2026-10-03 09:35:11,415 [INFO] [OK] Argentina/ECM_ENSEMBLE_Soy_PRCP/daily dia 04 (2026-10-07 → 2026-10-07) 31718 bytes
2026-10-03 09:35:11,415 [INFO] [OK] Argentina/ECM_ENSEMBLE_Soy_PRCP/daily dia 07 (2026-10-10 → 2026-10-10) 31395 bytes
2026-10-03 09:35:12,494 [INFO] [OK] Argentina/ECM_ENSEMBLE_Soy_PRCP/daily dia 09 (2026-10-12 → 2026-10-12) 31212 bytes
2026-10-03 09:35:12,566 [INFO] [OK] Argentina/ECM_ENSEMBLE_Soy_PRCP/daily dia 08 (2026-10-11 → 2026-10-11) 30039 bytes
2026-10-03 09:35:12,573 [INFO] [OK] Argentina/ECM_ENSEMBLE_Soy_PRCP/daily dia 10 (2026-10-13 → 2026-10-13) 31891 bytes
2026-10-03 09:35:12,586 [INFO] [OK] Argentina/ECM_ENSEMBLE_Soy_PRCP/daily dia 13 (2026-10-16 → 2026-10-16) 30049 bytes
2026-10-03 09:35:12,641 [INFO] [OK] Argentina/ECM_ENSEMBLE_Soy_PRCP/daily dia 12 (2026-10-15 → 2026-10-15) 30150 bytes
2026-10-03 09:35:12,667 [INFO] [OK] Argentina/ECM_ENSEMBLE_Soy_PRCP/daily dia 11 (2026-10-14 → 2026-10-14) 30563 bytes
2026-10-03 09:35:13,468 [INFO] [OK] Argentina/ECM_ENSEMBLE_Soy_PRCP/daily dia 14 (2026-10-17 → 2026-10-17) 29255 bytes
2026-10-03 09:35:13,580 [INFO] [OK] Argentina/ECM_ENSEMBLE_Soy_PRCP/cumulative dia 00 (2026-10-03 → 2026-10-03) 34772 bytes
2026-10-03 09:35:13,665 [INFO] [OK] Argentina/ECM_ENSEMBLE_Soy_PRCP/cumulative dia 01 (2026-10-03 → 2026-10-04) 37087 bytes
2026-10-03 09:35:13,773 [INFO] [OK] Argentina/ECM_ENSEMBLE_Soy_PRCP/cumulative dia 02 (2026-10-03 → 2026-10-05) 38458 bytes
2026-10-03 09:35:13,820 [INFO] [OK] Argentina/ECM_ENSEMBLE_Soy_PRCP/cumulative dia 03 (2026-10-03 → 2026-10-06) 39036 bytes
2026-10-03 09:35:13,969 [INFO] [OK] Argentina/ECM_ENSEMBLE_Soy_PRCP/cumulative dia 04 (2026-10-03 → 2026-10-07) 39504 bytes
2026-10-03 09:35:14,776 [INFO] [OK] Argentina/ECM_ENSEMBLE_Soy_PRCP/cumulative dia 05 (2026-10-03 → 2026-10-08) 39777 bytes
2026-10-03 09:35:14,949 [INFO] [OK] Argentina/ECM_ENSEMBLE_Soy_PRCP/cumulative dia 06 (2026-10-03 → 2026-10-09) 40134 bytes
2026-10-03 09:35:15,091 [INFO] [OK] Argentina/ECM_ENSEMBLE_Soy_PRCP/cumulative dia 07 (2026-10-03 → 2026-10-10) 39827 bytes
2026-10-03 09:35:15,230 [INFO] [OK] Argentina/ECM_ENSEMBLE_Soy_PRCP/cumulative dia 08 (2026-10-03 → 2026-10-11) 40028 bytes
2026-10-03 09:35:15,355 [INFO] [OK] Argentina/ECM_ENSEMBLE_Soy_PRCP/cumulative dia 09 (2026-10-03 → 2026-10-12) 40873 bytes
2026-10-03 09:35:15,521 [INFO] [OK] Argentina/ECM_ENSEMBLE_Soy_PRCP/cumulative dia 10 (2026-10-03 → 2026-10-13) 40374 bytes
2026-10-03 09:35:16,322 [INFO] [OK] Argentina/ECM_ENSEMBLE_Soy_PRCP/cumulative dia 11 (2026-10-03 → 2026-10-14) 40386 bytes
2026-10-03 09:35:16,442 [INFO] [OK] Argentina/ECM_ENSEMBLE_Corn_Winter_PRCP_DEP/daily dia 00 (2026-10-03 → 2026-10-03) 42374 bytes
2026-10-03 09:35:16,604 [INFO] [OK] Argentina/ECM_ENSEMBLE_Corn_Winter_PRCP_DEP/daily dia 01 (2026-10-04 → 2026-10-04) 38351 bytes
2026-10-03 09:35:16,615 [INFO] [OK] Argentina/ECM_ENSEMBLE_Soy_PRCP/cumulative dia 12 (2026-10-03 → 2026-10-15) 39969 bytes
2026-10-03 09:35:16,785 [INFO] [OK] Argentina/ECM_ENSEMBLE_Soy_PRCP/cumulative dia 13 (2026-10-03 → 2026-10-16) 40269 bytes
2026-10-03 09:35:16,891 [INFO] [OK] Argentina/ECM_ENSEMBLE_Soy_PRCP/cumulative dia 14 (2026-10-03 → 2026-10-17) 40093 bytes
2026-10-03 09:35:17,424 [INFO] [OK] Argentina/ECM_ENSEMBLE_Corn_Winter_PRCP_DEP/daily dia 02 (2026-10-05 → 2026-10-05) 38506 bytes
2026-10-03 09:35:17,709 [INFO] [OK] Argentina/ECM_ENSEMBLE_Corn_Winter_PRCP_DEP/daily dia 03 (2026-10-06 → 2026-10-06) 38567 bytes
2026-10-03 09:35:17,713 [INFO] [OK] Argentina/ECM_ENSEMBLE_Corn_Winter_PRCP_DEP/daily dia 04 (2026-10-07 → 2026-10-07) 39331 bytes
2026-10-03 09:35:17,740 [INFO] [OK] Argentina/ECM_ENSEMBLE_Corn_Winter_PRCP_DEP/daily dia 05 (2026-10-08 → 2026-10-08) 40338 bytes
2026-10-03 09:35:17,877 [INFO] [OK] Argentina/ECM_ENSEMBLE_Corn_Winter_PRCP_DEP/daily dia 06 (2026-10-09 → 2026-10-09) 37859 bytes
2026-10-03 09:35:17,935 [INFO] [OK] Argentina/ECM_ENSEMBLE_Corn_Winter_PRCP_DEP/daily dia 07 (2026-10-10 → 2026-10-10) 40836 bytes
2026-10-03 09:35:18,714 [INFO] [OK] Argentina/ECM_ENSEMBLE_Corn_Winter_PRCP_DEP/daily dia 08 (2026-10-11 → 2026-10-11) 40879 bytes
2026-10-03 09:35:18,879 [INFO] [OK] Argentina/ECM_ENSEMBLE_Corn_Winter_PRCP_DEP/daily dia 11 (2026-10-14 → 2026-10-14) 40963 bytes
2026-10-03 09:35:18,884 [INFO] [OK] Argentina/ECM_ENSEMBLE_Corn_Winter_PRCP_DEP/daily dia 10 (2026-10-13 → 2026-10-13) 39592 bytes
2026-10-03 09:35:18,919 [INFO] [OK] Argentina/ECM_ENSEMBLE_Corn_Winter_PRCP_DEP/daily dia 12 (2026-10-15 → 2026-10-15) 42530 bytes
2026-10-03 09:35:18,965 [INFO] [OK] Argentina/ECM_ENSEMBLE_Corn_Winter_PRCP_DEP/daily dia 13 (2026-10-16 → 2026-10-16) 41869 bytes
2026-10-03 09:35:18,982 [INFO] [OK] Argentina/ECM_ENSEMBLE_Corn_Winter_PRCP_DEP/daily dia 09 (2026-10-12 → 2026-10-12) 40527 bytes
2026-10-03 09:35:19,762 [INFO] [OK] Argentina/ECM_ENSEMBLE_Corn_Winter_PRCP_DEP/daily dia 14 (2026-10-17 → 2026-10-17) 41752 bytes
2026-10-03 09:35:20,020 [INFO] [OK] Argentina/ECM_ENSEMBLE_Corn_Winter_PRCP_DEP/cumulative dia 00 (2026-10-03 → 2026-10-03) 42374 bytes
2026-10-03 09:35:20,043 [INFO] [OK] Argentina/ECM_ENSEMBLE_Corn_Winter_PRCP_DEP/cumulative dia 01 (2026-10-03 → 2026-10-04) 39550 bytes
2026-10-03 09:35:20,121 [INFO] [OK] Argentina/ECM_ENSEMBLE_Corn_Winter_PRCP_DEP/cumulative dia 03 (2026-10-03 → 2026-10-06) 38369 bytes
2026-10-03 09:35:20,134 [INFO] [OK] Argentina/ECM_ENSEMBLE_Corn_Winter_PRCP_DEP/cumulative dia 02 (2026-10-03 → 2026-10-05) 38520 bytes
2026-10-03 09:35:20,215 [INFO] [OK] Argentina/ECM_ENSEMBLE_Corn_Winter_PRCP_DEP/cumulative dia 04 (2026-10-03 → 2026-10-07) 37458 bytes
2026-10-03 09:35:21,009 [INFO] [OK] Argentina/ECM_ENSEMBLE_Corn_Winter_PRCP_DEP/cumulative dia 05 (2026-10-03 → 2026-10-08) 37680 bytes
2026-10-03 09:35:21,418 [INFO] [OK] Argentina/ECM_ENSEMBLE_Corn_Winter_PRCP_DEP/cumulative dia 06 (2026-10-03 → 2026-10-09) 37415 bytes
2026-10-03 09:35:21,425 [INFO] [OK] Argentina/ECM_ENSEMBLE_Corn_Winter_PRCP_DEP/cumulative dia 07 (2026-10-03 → 2026-10-10) 38118 bytes
2026-10-03 09:35:21,510 [INFO] [OK] Argentina/ECM_ENSEMBLE_Corn_Winter_PRCP_DEP/cumulative dia 08 (2026-10-03 → 2026-10-11) 38285 bytes
2026-10-03 09:35:21,588 [INFO] [OK] Argentina/ECM_ENSEMBLE_Corn_Winter_PRCP_DEP/cumulative dia 09 (2026-10-03 → 2026-10-12) 38525 bytes
2026-10-03 09:35:21,679 [INFO] [OK] Argentina/ECM_ENSEMBLE_Corn_Winter_PRCP_DEP/cumulative dia 10 (2026-10-03 → 2026-10-13) 38859 bytes
2026-10-03 09:35:22,709 [INFO] [OK] Argentina/ECM_ENSEMBLE_Corn_Winter_PRCP_DEP/cumulative dia 11 (2026-10-03 → 2026-10-14) 39215 bytes
2026-10-03 09:35:22,840 [INFO] [OK] Argentina/ECM_ENSEMBLE_Corn_Winter_PRCP/daily dia 00 (2026-10-03 → 2026-10-03) 32893 bytes
2026-10-03 09:35:22,917 [INFO] [OK] Argentina/ECM_ENSEMBLE_Corn_Winter_PRCP/daily dia 01 (2026-10-04 → 2026-10-04) 31380 bytes
2026-10-03 09:35:23,038 [INFO] [OK] Argentina/ECM_ENSEMBLE_Corn_Winter_PRCP_DEP/cumulative dia 12 (2026-10-03 → 2026-10-15) 39206 bytes
2026-10-03 09:35:23,238 [INFO] [OK] Argentina/ECM_ENSEMBLE_Corn_Winter_PRCP_DEP/cumulative dia 13 (2026-10-03 → 2026-10-16) 39433 bytes
2026-10-03 09:35:23,290 [INFO] [OK] Argentina/ECM_ENSEMBLE_Corn_Winter_PRCP_DEP/cumulative dia 14 (2026-10-03 → 2026-10-17) 39382 bytes
2026-10-03 09:35:23,709 [INFO] [OK] Argentina/ECM_ENSEMBLE_Corn_Winter_PRCP/daily dia 02 (2026-10-05 → 2026-10-05) 31919 bytes
2026-10-03 09:35:23,819 [INFO] [OK] Argentina/ECM_ENSEMBLE_Corn_Winter_PRCP/daily dia 03 (2026-10-06 → 2026-10-06) 29889 bytes
2026-10-03 09:35:23,965 [INFO] [OK] Argentina/ECM_ENSEMBLE_Corn_Winter_PRCP/daily dia 04 (2026-10-07 → 2026-10-07) 29666 bytes
2026-10-03 09:35:24,065 [INFO] [OK] Argentina/ECM_ENSEMBLE_Corn_Winter_PRCP/daily dia 05 (2026-10-08 → 2026-10-08) 30916 bytes
2026-10-03 09:35:24,256 [INFO] [OK] Argentina/ECM_ENSEMBLE_Corn_Winter_PRCP/daily dia 06 (2026-10-09 → 2026-10-09) 31177 bytes
2026-10-03 09:35:24,287 [INFO] [OK] Argentina/ECM_ENSEMBLE_Corn_Winter_PRCP/daily dia 07 (2026-10-10 → 2026-10-10) 29465 bytes
2026-10-03 09:35:24,742 [INFO] [OK] Argentina/ECM_ENSEMBLE_Corn_Winter_PRCP/daily dia 08 (2026-10-11 → 2026-10-11) 28258 bytes
2026-10-03 09:35:24,799 [INFO] [OK] Argentina/ECM_ENSEMBLE_Corn_Winter_PRCP/daily dia 09 (2026-10-12 → 2026-10-12) 29370 bytes
2026-10-03 09:35:24,925 [INFO] [OK] Argentina/ECM_ENSEMBLE_Corn_Winter_PRCP/daily dia 10 (2026-10-13 → 2026-10-13) 30073 bytes
2026-10-03 09:35:25,064 [INFO] [OK] Argentina/ECM_ENSEMBLE_Corn_Winter_PRCP/daily dia 11 (2026-10-14 → 2026-10-14) 28911 bytes
2026-10-03 09:35:25,236 [INFO] [OK] Argentina/ECM_ENSEMBLE_Corn_Winter_PRCP/daily dia 12 (2026-10-15 → 2026-10-15) 28122 bytes
2026-10-03 09:35:25,297 [INFO] [OK] Argentina/ECM_ENSEMBLE_Corn_Winter_PRCP/daily dia 13 (2026-10-16 → 2026-10-16) 28327 bytes
2026-10-03 09:35:25,760 [INFO] [OK] Argentina/ECM_ENSEMBLE_Corn_Winter_PRCP/daily dia 14 (2026-10-17 → 2026-10-17) 27541 bytes
2026-10-03 09:35:25,866 [INFO] [OK] Argentina/ECM_ENSEMBLE_Corn_Winter_PRCP/cumulative dia 00 (2026-10-03 → 2026-10-03) 32893 bytes
2026-10-03 09:35:26,045 [INFO] [OK] Argentina/ECM_ENSEMBLE_Corn_Winter_PRCP/cumulative dia 01 (2026-10-03 → 2026-10-04) 35243 bytes
2026-10-03 09:35:26,177 [INFO] [OK] Argentina/ECM_ENSEMBLE_Corn_Winter_PRCP/cumulative dia 02 (2026-10-03 → 2026-10-05) 36780 bytes
2026-10-03 09:35:26,366 [INFO] [OK] Argentina/ECM_ENSEMBLE_Corn_Winter_PRCP/cumulative dia 03 (2026-10-03 → 2026-10-06) 37298 bytes
2026-10-03 09:35:26,522 [INFO] [OK] Argentina/ECM_ENSEMBLE_Corn_Winter_PRCP/cumulative dia 04 (2026-10-03 → 2026-10-07) 37555 bytes
2026-10-03 09:35:27,113 [INFO] [OK] Argentina/ECM_ENSEMBLE_Corn_Winter_PRCP/cumulative dia 05 (2026-10-03 → 2026-10-08) 38177 bytes
2026-10-03 09:35:27,179 [INFO] [OK] Argentina/ECM_ENSEMBLE_Corn_Winter_PRCP/cumulative dia 06 (2026-10-03 → 2026-10-09) 38141 bytes
2026-10-03 09:35:27,770 [INFO] [OK] Argentina/ECM_ENSEMBLE_Corn_Winter_PRCP/cumulative dia 07 (2026-10-03 → 2026-10-10) 38012 bytes
2026-10-03 09:35:27,778 [INFO] [OK] Argentina/ECM_ENSEMBLE_Corn_Winter_PRCP/cumulative dia 08 (2026-10-03 → 2026-10-11) 38327 bytes
2026-10-03 09:35:27,807 [INFO] [OK] Argentina/ECM_ENSEMBLE_Corn_Winter_PRCP/cumulative dia 09 (2026-10-03 → 2026-10-12) 39087 bytes
2026-10-03 09:35:28,023 [INFO] [OK] Argentina/ECM_ENSEMBLE_Corn_Winter_PRCP/cumulative dia 10 (2026-10-03 → 2026-10-13) 38489 bytes
2026-10-03 09:35:28,609 [INFO] [OK] Argentina/ECM_ENSEMBLE_Corn_Winter_PRCP/cumulative dia 11 (2026-10-03 → 2026-10-14) 38548 bytes
2026-10-03 09:35:28,833 [INFO] [OK] Argentina/ECM_ENSEMBLE_Corn_Winter_PRCP/cumulative dia 12 (2026-10-03 → 2026-10-15) 38316 bytes
2026-10-03 09:35:29,438 [INFO] [OK] Argentina/ECM_ENSEMBLE_Corn_Winter_PRCP/cumulative dia 14 (2026-10-03 → 2026-10-17) 38345 bytes
2026-10-03 09:35:29,495 [INFO] [OK] Argentina/ECM_ENSEMBLE_Corn_Winter_PRCP/cumulative dia 13 (2026-10-03 → 2026-10-16) 38730 bytes
2026-10-03 09:35:29,515 [INFO] [OK] USA/GFS_ENSEMBLE_Corn_PRCP_DEP/daily dia 00 (2026-10-03 → 2026-10-03) 43359 bytes
2026-10-03 09:35:29,657 [INFO] [OK] USA/GFS_ENSEMBLE_Corn_PRCP_DEP/daily dia 01 (2026-10-04 → 2026-10-04) 41021 bytes
2026-10-03 09:35:30,225 [INFO] [OK] USA/GFS_ENSEMBLE_Corn_PRCP_DEP/daily dia 02 (2026-10-05 → 2026-10-05) 38176 bytes
2026-10-03 09:35:30,428 [INFO] [OK] USA/GFS_ENSEMBLE_Corn_PRCP_DEP/daily dia 03 (2026-10-06 → 2026-10-06) 37261 bytes
2026-10-03 09:35:31,075 [INFO] [OK] USA/GFS_ENSEMBLE_Corn_PRCP_DEP/daily dia 04 (2026-10-07 → 2026-10-07) 38127 bytes
2026-10-03 09:35:31,280 [INFO] [OK] USA/GFS_ENSEMBLE_Corn_PRCP_DEP/daily dia 05 (2026-10-08 → 2026-10-08) 39230 bytes
2026-10-03 09:35:31,289 [INFO] [OK] USA/GFS_ENSEMBLE_Corn_PRCP_DEP/daily dia 06 (2026-10-09 → 2026-10-09) 45658 bytes
2026-10-03 09:35:31,594 [INFO] [OK] USA/GFS_ENSEMBLE_Corn_PRCP_DEP/daily dia 07 (2026-10-10 → 2026-10-10) 53195 bytes
2026-10-03 09:35:31,932 [INFO] [OK] USA/GFS_ENSEMBLE_Corn_PRCP_DEP/daily dia 08 (2026-10-11 → 2026-10-11) 60732 bytes
2026-10-03 09:35:32,128 [INFO] [OK] USA/GFS_ENSEMBLE_Corn_PRCP_DEP/daily dia 09 (2026-10-12 → 2026-10-12) 58087 bytes
2026-10-03 09:35:32,934 [INFO] [OK] USA/GFS_ENSEMBLE_Corn_PRCP_DEP/daily dia 10 (2026-10-13 → 2026-10-13) 58325 bytes
2026-10-03 09:35:33,123 [INFO] [OK] USA/GFS_ENSEMBLE_Corn_PRCP_DEP/daily dia 11 (2026-10-14 → 2026-10-14) 57635 bytes
2026-10-03 09:35:33,284 [INFO] [OK] USA/GFS_ENSEMBLE_Corn_PRCP_DEP/daily dia 12 (2026-10-15 → 2026-10-15) 60879 bytes
2026-10-03 09:35:33,538 [INFO] [OK] USA/GFS_ENSEMBLE_Corn_PRCP_DEP/daily dia 13 (2026-10-16 → 2026-10-16) 57632 bytes
2026-10-03 09:35:33,609 [INFO] [OK] USA/GFS_ENSEMBLE_Corn_PRCP_DEP/daily dia 14 (2026-10-17 → 2026-10-17) 56989 bytes
2026-10-03 09:35:33,839 [INFO] [OK] USA/GFS_ENSEMBLE_Corn_PRCP_DEP/cumulative dia 00 (2026-10-03 → 2026-10-03) 43359 bytes
2026-10-03 09:35:34,571 [INFO] [OK] USA/GFS_ENSEMBLE_Corn_PRCP_DEP/cumulative dia 01 (2026-10-03 → 2026-10-04) 42921 bytes
2026-10-03 09:35:34,912 [INFO] [OK] USA/GFS_ENSEMBLE_Corn_PRCP_DEP/cumulative dia 02 (2026-10-03 → 2026-10-05) 42956 bytes
2026-10-03 09:35:35,202 [INFO] [OK] USA/GFS_ENSEMBLE_Corn_PRCP_DEP/cumulative dia 03 (2026-10-03 → 2026-10-06) 42726 bytes
2026-10-03 09:35:35,510 [INFO] [OK] USA/GFS_ENSEMBLE_Corn_PRCP_DEP/cumulative dia 04 (2026-10-03 → 2026-10-07) 43008 bytes
2026-10-03 09:35:35,795 [INFO] [OK] USA/GFS_ENSEMBLE_Corn_PRCP_DEP/cumulative dia 05 (2026-10-03 → 2026-10-08) 43167 bytes
2026-10-03 09:35:36,390 [INFO] [OK] USA/GFS_ENSEMBLE_Corn_PRCP_DEP/cumulative dia 06 (2026-10-03 → 2026-10-09) 44819 bytes
2026-10-03 09:35:36,813 [INFO] [OK] USA/GFS_ENSEMBLE_Corn_PRCP_DEP/cumulative dia 07 (2026-10-03 → 2026-10-10) 46932 bytes
2026-10-03 09:35:37,329 [INFO] [OK] USA/GFS_ENSEMBLE_Corn_PRCP_DEP/cumulative dia 08 (2026-10-03 → 2026-10-11) 50245 bytes
2026-10-03 09:35:37,813 [INFO] [OK] USA/GFS_ENSEMBLE_Corn_PRCP_DEP/cumulative dia 09 (2026-10-03 → 2026-10-12) 51765 bytes
2026-10-03 09:35:38,290 [INFO] [OK] USA/GFS_ENSEMBLE_Corn_PRCP_DEP/cumulative dia 10 (2026-10-03 → 2026-10-13) 52327 bytes
2026-10-03 09:35:38,509 [INFO] [OK] USA/GFS_ENSEMBLE_Corn_PRCP_DEP/cumulative dia 11 (2026-10-03 → 2026-10-14) 53184 bytes
2026-10-03 09:35:39,354 [INFO] [OK] USA/GFS_ENSEMBLE_Corn_PRCP_DEP/cumulative dia 12 (2026-10-03 → 2026-10-15) 53276 bytes
2026-10-03 09:35:39,753 [INFO] [OK] USA/GFS_ENSEMBLE_Corn_PRCP_DEP/cumulative dia 13 (2026-10-03 → 2026-10-16) 53858 bytes
2026-10-03 09:35:39,874 [INFO] [OK] USA/GFS_ENSEMBLE_Corn_PRCP/daily dia 01 (2026-10-04 → 2026-10-04) 36485 bytes
2026-10-03 09:35:39,919 [INFO] [OK] USA/GFS_ENSEMBLE_Corn_PRCP/daily dia 00 (2026-10-03 → 2026-10-03) 35882 bytes
2026-10-03 09:35:40,179 [INFO] [OK] USA/GFS_ENSEMBLE_Corn_PRCP/daily dia 02 (2026-10-05 → 2026-10-05) 33765 bytes
2026-10-03 09:35:40,384 [INFO] [OK] USA/GFS_ENSEMBLE_Corn_PRCP_DEP/cumulative dia 14 (2026-10-03 → 2026-10-17) 53991 bytes
2026-10-03 09:35:41,041 [INFO] [OK] USA/GFS_ENSEMBLE_Corn_PRCP/daily dia 03 (2026-10-06 → 2026-10-06) 32893 bytes
2026-10-03 09:35:41,339 [INFO] [OK] USA/GFS_ENSEMBLE_Corn_PRCP/daily dia 04 (2026-10-07 → 2026-10-07) 33000 bytes
2026-10-03 09:35:41,449 [INFO] [OK] USA/GFS_ENSEMBLE_Corn_PRCP/daily dia 05 (2026-10-08 → 2026-10-08) 32626 bytes
2026-10-03 09:35:41,599 [INFO] [OK] USA/GFS_ENSEMBLE_Corn_PRCP/daily dia 06 (2026-10-09 → 2026-10-09) 33526 bytes
2026-10-03 09:35:41,777 [INFO] [OK] USA/GFS_ENSEMBLE_Corn_PRCP/daily dia 07 (2026-10-10 → 2026-10-10) 35500 bytes
2026-10-03 09:35:41,932 [INFO] [OK] USA/GFS_ENSEMBLE_Corn_PRCP/daily dia 08 (2026-10-11 → 2026-10-11) 38100 bytes
2026-10-03 09:35:42,687 [INFO] [OK] USA/GFS_ENSEMBLE_Corn_PRCP/daily dia 09 (2026-10-12 → 2026-10-12) 36570 bytes
2026-10-03 09:35:42,904 [INFO] [OK] USA/GFS_ENSEMBLE_Corn_PRCP/daily dia 10 (2026-10-13 → 2026-10-13) 35047 bytes
2026-10-03 09:35:43,001 [INFO] [OK] USA/GFS_ENSEMBLE_Corn_PRCP/daily dia 11 (2026-10-14 → 2026-10-14) 34201 bytes
2026-10-03 09:35:43,182 [INFO] [OK] USA/GFS_ENSEMBLE_Corn_PRCP/daily dia 12 (2026-10-15 → 2026-10-15) 35517 bytes
2026-10-03 09:35:43,397 [INFO] [OK] USA/GFS_ENSEMBLE_Corn_PRCP/daily dia 13 (2026-10-16 → 2026-10-16) 35079 bytes
2026-10-03 09:35:43,487 [INFO] [OK] USA/GFS_ENSEMBLE_Corn_PRCP/daily dia 14 (2026-10-17 → 2026-10-17) 35224 bytes
2026-10-03 09:35:44,280 [INFO] [OK] USA/GFS_ENSEMBLE_Corn_PRCP/cumulative dia 00 (2026-10-03 → 2026-10-03) 35882 bytes
2026-10-03 09:35:44,611 [INFO] [OK] USA/GFS_ENSEMBLE_Corn_PRCP/cumulative dia 01 (2026-10-03 → 2026-10-04) 38651 bytes
2026-10-03 09:35:44,751 [INFO] [OK] USA/GFS_ENSEMBLE_Corn_PRCP/cumulative dia 02 (2026-10-03 → 2026-10-05) 39173 bytes
2026-10-03 09:35:45,135 [INFO] [OK] USA/GFS_ENSEMBLE_Corn_PRCP/cumulative dia 03 (2026-10-03 → 2026-10-06) 39511 bytes
2026-10-03 09:35:45,573 [INFO] [OK] USA/GFS_ENSEMBLE_Corn_PRCP/cumulative dia 05 (2026-10-03 → 2026-10-08) 40253 bytes
2026-10-03 09:35:45,574 [INFO] [OK] USA/GFS_ENSEMBLE_Corn_PRCP/cumulative dia 04 (2026-10-03 → 2026-10-07) 39944 bytes
2026-10-03 09:35:46,466 [INFO] [OK] USA/GFS_ENSEMBLE_Corn_PRCP/cumulative dia 06 (2026-10-03 → 2026-10-09) 40711 bytes
2026-10-03 09:35:47,036 [INFO] [OK] USA/GFS_ENSEMBLE_Corn_PRCP/cumulative dia 07 (2026-10-03 → 2026-10-10) 42611 bytes
2026-10-03 09:35:47,180 [INFO] [OK] USA/GFS_ENSEMBLE_Corn_PRCP/cumulative dia 08 (2026-10-03 → 2026-10-11) 44676 bytes
2026-10-03 09:35:47,611 [INFO] [OK] USA/GFS_ENSEMBLE_Corn_PRCP/cumulative dia 09 (2026-10-03 → 2026-10-12) 46556 bytes
2026-10-03 09:35:48,184 [INFO] [OK] USA/GFS_ENSEMBLE_Corn_PRCP/cumulative dia 10 (2026-10-03 → 2026-10-13) 47190 bytes
2026-10-03 09:35:48,269 [INFO] [OK] USA/GFS_ENSEMBLE_Corn_PRCP/cumulative dia 11 (2026-10-03 → 2026-10-14) 47865 bytes
2026-10-03 09:35:49,233 [INFO] [OK] USA/GFS_ENSEMBLE_Soy_PRCP_DEP/daily dia 00 (2026-10-03 → 2026-10-03) 42904 bytes
2026-10-03 09:35:49,251 [INFO] [OK] USA/GFS_ENSEMBLE_Corn_PRCP/cumulative dia 12 (2026-10-03 → 2026-10-15) 47600 bytes
2026-10-03 09:35:49,779 [INFO] [OK] USA/GFS_ENSEMBLE_Soy_PRCP_DEP/daily dia 01 (2026-10-04 → 2026-10-04) 40563 bytes
2026-10-03 09:35:49,900 [INFO] [OK] USA/GFS_ENSEMBLE_Corn_PRCP/cumulative dia 13 (2026-10-03 → 2026-10-16) 48286 bytes
2026-10-03 09:35:49,918 [INFO] [OK] USA/GFS_ENSEMBLE_Soy_PRCP_DEP/daily dia 02 (2026-10-05 → 2026-10-05) 37615 bytes
2026-10-03 09:35:50,185 [INFO] [OK] USA/GFS_ENSEMBLE_Corn_PRCP/cumulative dia 14 (2026-10-03 → 2026-10-17) 48592 bytes
2026-10-03 09:35:50,894 [INFO] [OK] USA/GFS_ENSEMBLE_Soy_PRCP_DEP/daily dia 04 (2026-10-07 → 2026-10-07) 37628 bytes
2026-10-03 09:35:50,974 [INFO] [OK] USA/GFS_ENSEMBLE_Soy_PRCP_DEP/daily dia 03 (2026-10-06 → 2026-10-06) 36800 bytes
2026-10-03 09:35:51,514 [INFO] [OK] USA/GFS_ENSEMBLE_Soy_PRCP_DEP/daily dia 05 (2026-10-08 → 2026-10-08) 38590 bytes
2026-10-03 09:35:51,566 [INFO] [OK] USA/GFS_ENSEMBLE_Soy_PRCP_DEP/daily dia 06 (2026-10-09 → 2026-10-09) 45102 bytes
2026-10-03 09:35:51,623 [INFO] [OK] USA/GFS_ENSEMBLE_Soy_PRCP_DEP/daily dia 07 (2026-10-10 → 2026-10-10) 52857 bytes
2026-10-03 09:35:51,874 [INFO] [OK] USA/GFS_ENSEMBLE_Soy_PRCP_DEP/daily dia 08 (2026-10-11 → 2026-10-11) 60540 bytes
2026-10-03 09:35:52,537 [INFO] [OK] USA/GFS_ENSEMBLE_Soy_PRCP_DEP/daily dia 09 (2026-10-12 → 2026-10-12) 57514 bytes
2026-10-03 09:35:52,654 [INFO] [OK] USA/GFS_ENSEMBLE_Soy_PRCP_DEP/daily dia 10 (2026-10-13 → 2026-10-13) 58104 bytes
2026-10-03 09:35:53,287 [INFO] [OK] USA/GFS_ENSEMBLE_Soy_PRCP_DEP/daily dia 12 (2026-10-15 → 2026-10-15) 60743 bytes
2026-10-03 09:35:53,362 [INFO] [OK] USA/GFS_ENSEMBLE_Soy_PRCP_DEP/daily dia 13 (2026-10-16 → 2026-10-16) 57330 bytes
2026-10-03 09:35:53,544 [INFO] [OK] USA/GFS_ENSEMBLE_Soy_PRCP_DEP/daily dia 11 (2026-10-14 → 2026-10-14) 57168 bytes
2026-10-03 09:35:53,561 [INFO] [OK] USA/GFS_ENSEMBLE_Soy_PRCP_DEP/daily dia 14 (2026-10-17 → 2026-10-17) 56754 bytes
2026-10-03 09:35:54,568 [INFO] [OK] USA/GFS_ENSEMBLE_Soy_PRCP_DEP/cumulative dia 00 (2026-10-03 → 2026-10-03) 42904 bytes
2026-10-03 09:35:54,572 [INFO] [OK] USA/GFS_ENSEMBLE_Soy_PRCP_DEP/cumulative dia 01 (2026-10-03 → 2026-10-04) 42418 bytes
2026-10-03 09:35:55,127 [INFO] [OK] USA/GFS_ENSEMBLE_Soy_PRCP_DEP/cumulative dia 02 (2026-10-03 → 2026-10-05) 42460 bytes
2026-10-03 09:35:55,232 [INFO] [OK] USA/GFS_ENSEMBLE_Soy_PRCP_DEP/cumulative dia 03 (2026-10-03 → 2026-10-06) 42137 bytes
2026-10-03 09:35:55,502 [INFO] [OK] USA/GFS_ENSEMBLE_Soy_PRCP_DEP/cumulative dia 04 (2026-10-03 → 2026-10-07) 42276 bytes
2026-10-03 09:35:55,651 [INFO] [OK] USA/GFS_ENSEMBLE_Soy_PRCP_DEP/cumulative dia 05 (2026-10-03 → 2026-10-08) 42521 bytes
2026-10-03 09:35:56,803 [INFO] [OK] USA/GFS_ENSEMBLE_Soy_PRCP_DEP/cumulative dia 06 (2026-10-03 → 2026-10-09) 44237 bytes
2026-10-03 09:35:56,884 [INFO] [OK] USA/GFS_ENSEMBLE_Soy_PRCP_DEP/cumulative dia 07 (2026-10-03 → 2026-10-10) 46463 bytes
2026-10-03 09:35:57,522 [INFO] [OK] USA/GFS_ENSEMBLE_Soy_PRCP_DEP/cumulative dia 08 (2026-10-03 → 2026-10-11) 49825 bytes
2026-10-03 09:35:57,707 [INFO] [OK] USA/GFS_ENSEMBLE_Soy_PRCP_DEP/cumulative dia 09 (2026-10-03 → 2026-10-12) 51397 bytes
2026-10-03 09:35:58,133 [INFO] [OK] USA/GFS_ENSEMBLE_Soy_PRCP_DEP/cumulative dia 10 (2026-10-03 → 2026-10-13) 51869 bytes
2026-10-03 09:35:58,336 [INFO] [OK] USA/GFS_ENSEMBLE_Soy_PRCP_DEP/cumulative dia 11 (2026-10-03 → 2026-10-14) 52771 bytes
2026-10-03 09:35:59,339 [INFO] [OK] USA/GFS_ENSEMBLE_Soy_PRCP/daily dia 00 (2026-10-03 → 2026-10-03) 35358 bytes
2026-10-03 09:35:59,828 [INFO] [OK] USA/GFS_ENSEMBLE_Soy_PRCP_DEP/cumulative dia 12 (2026-10-03 → 2026-10-15) 52860 bytes
2026-10-03 09:35:59,843 [INFO] [OK] USA/GFS_ENSEMBLE_Soy_PRCP/daily dia 01 (2026-10-04 → 2026-10-04) 35845 bytes
2026-10-03 09:36:00,044 [INFO] [OK] USA/GFS_ENSEMBLE_Soy_PRCP_DEP/cumulative dia 13 (2026-10-03 → 2026-10-16) 53364 bytes
2026-10-03 09:36:00,102 [INFO] [OK] USA/GFS_ENSEMBLE_Soy_PRCP/daily dia 02 (2026-10-05 → 2026-10-05) 33142 bytes
2026-10-03 09:36:00,549 [INFO] [OK] USA/GFS_ENSEMBLE_Soy_PRCP_DEP/cumulative dia 14 (2026-10-03 → 2026-10-17) 53595 bytes
2026-10-03 09:36:01,089 [INFO] [OK] USA/GFS_ENSEMBLE_Soy_PRCP/daily dia 03 (2026-10-06 → 2026-10-06) 32339 bytes
2026-10-03 09:36:01,591 [INFO] [OK] USA/GFS_ENSEMBLE_Soy_PRCP/daily dia 04 (2026-10-07 → 2026-10-07) 32478 bytes
2026-10-03 09:36:01,662 [INFO] [OK] USA/GFS_ENSEMBLE_Soy_PRCP/daily dia 05 (2026-10-08 → 2026-10-08) 32062 bytes
2026-10-03 09:36:01,713 [INFO] [OK] USA/GFS_ENSEMBLE_Soy_PRCP/daily dia 06 (2026-10-09 → 2026-10-09) 33142 bytes
2026-10-03 09:36:01,772 [INFO] [OK] USA/GFS_ENSEMBLE_Soy_PRCP/daily dia 07 (2026-10-10 → 2026-10-10) 35090 bytes
2026-10-03 09:36:02,188 [INFO] [OK] USA/GFS_ENSEMBLE_Soy_PRCP/daily dia 08 (2026-10-11 → 2026-10-11) 37731 bytes
2026-10-03 09:36:02,696 [INFO] [OK] USA/GFS_ENSEMBLE_Soy_PRCP/daily dia 09 (2026-10-12 → 2026-10-12) 36050 bytes
2026-10-03 09:36:03,426 [INFO] [OK] USA/GFS_ENSEMBLE_Soy_PRCP/daily dia 10 (2026-10-13 → 2026-10-13) 34509 bytes
2026-10-03 09:36:03,439 [INFO] [OK] USA/GFS_ENSEMBLE_Soy_PRCP/daily dia 13 (2026-10-16 → 2026-10-16) 34484 bytes
2026-10-03 09:36:03,527 [INFO] [OK] USA/GFS_ENSEMBLE_Soy_PRCP/daily dia 11 (2026-10-14 → 2026-10-14) 33728 bytes
2026-10-03 09:36:03,540 [INFO] [OK] USA/GFS_ENSEMBLE_Soy_PRCP/daily dia 12 (2026-10-15 → 2026-10-15) 35156 bytes
2026-10-03 09:36:03,767 [INFO] [OK] USA/GFS_ENSEMBLE_Soy_PRCP/daily dia 14 (2026-10-17 → 2026-10-17) 34827 bytes
2026-10-03 09:36:04,264 [INFO] [OK] USA/GFS_ENSEMBLE_Soy_PRCP/cumulative dia 00 (2026-10-03 → 2026-10-03) 35358 bytes
2026-10-03 09:36:05,474 [INFO] [OK] USA/GFS_ENSEMBLE_Soy_PRCP/cumulative dia 03 (2026-10-03 → 2026-10-06) 38833 bytes
2026-10-03 09:36:05,474 [INFO] [OK] USA/GFS_ENSEMBLE_Soy_PRCP/cumulative dia 01 (2026-10-03 → 2026-10-04) 38131 bytes
2026-10-03 09:36:05,475 [INFO] [OK] USA/GFS_ENSEMBLE_Soy_PRCP/cumulative dia 02 (2026-10-03 → 2026-10-05) 38550 bytes
2026-10-03 09:36:05,557 [INFO] [OK] USA/GFS_ENSEMBLE_Soy_PRCP/cumulative dia 04 (2026-10-03 → 2026-10-07) 39220 bytes
2026-10-03 09:36:05,813 [INFO] [OK] USA/GFS_ENSEMBLE_Soy_PRCP/cumulative dia 05 (2026-10-03 → 2026-10-08) 39526 bytes
2026-10-03 09:36:06,385 [INFO] [OK] USA/GFS_ENSEMBLE_Soy_PRCP/cumulative dia 06 (2026-10-03 → 2026-10-09) 40052 bytes
2026-10-03 09:36:07,913 [INFO] [OK] USA/GFS_ENSEMBLE_Soy_PRCP/cumulative dia 07 (2026-10-03 → 2026-10-10) 42006 bytes
2026-10-03 09:36:07,965 [INFO] [OK] USA/GFS_ENSEMBLE_Soy_PRCP/cumulative dia 08 (2026-10-03 → 2026-10-11) 44225 bytes
2026-10-03 09:36:07,985 [INFO] [OK] USA/GFS_ENSEMBLE_Soy_PRCP/cumulative dia 09 (2026-10-03 → 2026-10-12) 46131 bytes
2026-10-03 09:36:08,307 [INFO] [OK] USA/GFS_ENSEMBLE_Soy_PRCP/cumulative dia 10 (2026-10-03 → 2026-10-13) 46796 bytes
2026-10-03 09:36:08,573 [INFO] [OK] USA/GFS_ENSEMBLE_Soy_PRCP/cumulative dia 11 (2026-10-03 → 2026-10-14) 47345 bytes
2026-10-03 09:36:09,187 [INFO] [OK] USA/GFS_ENSEMBLE_Soy_PRCP/cumulative dia 12 (2026-10-03 → 2026-10-15) 47108 bytes
2026-10-03 09:36:09,745 [INFO] [OK] USA/GFS_ENSEMBLE_Wheat_Winter_PRCP_DEP/daily dia 00 (2026-10-03 → 2026-10-03) 44303 bytes
2026-10-03 09:36:10,009 [INFO] [OK] USA/GFS_ENSEMBLE_Wheat_Winter_PRCP_DEP/daily dia 01 (2026-10-04 → 2026-10-04) 42184 bytes
2026-10-03 09:36:10,173 [INFO] [OK] USA/GFS_ENSEMBLE_Wheat_Winter_PRCP_DEP/daily dia 02 (2026-10-05 → 2026-10-05) 39083 bytes
2026-10-03 09:36:10,784 [INFO] [OK] USA/GFS_ENSEMBLE_Soy_PRCP/cumulative dia 13 (2026-10-03 → 2026-10-16) 47841 bytes
2026-10-03 09:36:10,833 [INFO] [OK] USA/GFS_ENSEMBLE_Wheat_Winter_PRCP_DEP/daily dia 03 (2026-10-06 → 2026-10-06) 38447 bytes
2026-10-03 09:36:11,037 [INFO] [OK] USA/GFS_ENSEMBLE_Soy_PRCP/cumulative dia 14 (2026-10-03 → 2026-10-17) 48021 bytes
2026-10-03 09:36:11,377 [INFO] [OK] USA/GFS_ENSEMBLE_Wheat_Winter_PRCP_DEP/daily dia 04 (2026-10-07 → 2026-10-07) 39275 bytes
2026-10-03 09:36:11,628 [INFO] [OK] USA/GFS_ENSEMBLE_Wheat_Winter_PRCP_DEP/daily dia 05 (2026-10-08 → 2026-10-08) 40298 bytes
2026-10-03 09:36:11,862 [INFO] [OK] USA/GFS_ENSEMBLE_Wheat_Winter_PRCP_DEP/daily dia 06 (2026-10-09 → 2026-10-09) 46760 bytes
2026-10-03 09:36:12,629 [INFO] [OK] USA/GFS_ENSEMBLE_Wheat_Winter_PRCP_DEP/daily dia 08 (2026-10-11 → 2026-10-11) 62001 bytes
2026-10-03 09:36:12,665 [INFO] [OK] USA/GFS_ENSEMBLE_Wheat_Winter_PRCP_DEP/daily dia 07 (2026-10-10 → 2026-10-10) 54076 bytes
2026-10-03 09:36:12,776 [INFO] [OK] USA/GFS_ENSEMBLE_Wheat_Winter_PRCP_DEP/daily dia 09 (2026-10-12 → 2026-10-12) 59476 bytes
2026-10-03 09:36:13,299 [INFO] [OK] USA/GFS_ENSEMBLE_Wheat_Winter_PRCP_DEP/daily dia 10 (2026-10-13 → 2026-10-13) 59525 bytes
2026-10-03 09:36:13,423 [INFO] [OK] USA/GFS_ENSEMBLE_Wheat_Winter_PRCP_DEP/daily dia 11 (2026-10-14 → 2026-10-14) 58844 bytes
2026-10-03 09:36:13,873 [INFO] [OK] USA/GFS_ENSEMBLE_Wheat_Winter_PRCP_DEP/daily dia 12 (2026-10-15 → 2026-10-15) 62337 bytes
2026-10-03 09:36:14,411 [INFO] [OK] USA/GFS_ENSEMBLE_Wheat_Winter_PRCP_DEP/daily dia 13 (2026-10-16 → 2026-10-16) 58833 bytes
2026-10-03 09:36:14,441 [INFO] [OK] USA/GFS_ENSEMBLE_Wheat_Winter_PRCP_DEP/daily dia 14 (2026-10-17 → 2026-10-17) 58279 bytes
2026-10-03 09:36:14,478 [INFO] [OK] USA/GFS_ENSEMBLE_Wheat_Winter_PRCP_DEP/cumulative dia 00 (2026-10-03 → 2026-10-03) 44303 bytes
2026-10-03 09:36:15,017 [INFO] [OK] USA/GFS_ENSEMBLE_Wheat_Winter_PRCP_DEP/cumulative dia 01 (2026-10-03 → 2026-10-04) 43818 bytes
2026-10-03 09:36:15,384 [INFO] [OK] USA/GFS_ENSEMBLE_Wheat_Winter_PRCP_DEP/cumulative dia 02 (2026-10-03 → 2026-10-05) 44022 bytes
2026-10-03 09:36:15,990 [INFO] [OK] USA/GFS_ENSEMBLE_Wheat_Winter_PRCP_DEP/cumulative dia 03 (2026-10-03 → 2026-10-06) 43770 bytes
2026-10-03 09:36:16,552 [INFO] [OK] USA/GFS_ENSEMBLE_Wheat_Winter_PRCP_DEP/cumulative dia 04 (2026-10-03 → 2026-10-07) 43925 bytes
2026-10-03 09:36:16,573 [INFO] [OK] USA/GFS_ENSEMBLE_Wheat_Winter_PRCP_DEP/cumulative dia 05 (2026-10-03 → 2026-10-08) 44237 bytes
2026-10-03 09:36:16,803 [INFO] [OK] USA/GFS_ENSEMBLE_Wheat_Winter_PRCP_DEP/cumulative dia 06 (2026-10-03 → 2026-10-09) 45832 bytes
2026-10-03 09:36:17,419 [INFO] [OK] USA/GFS_ENSEMBLE_Wheat_Winter_PRCP_DEP/cumulative dia 07 (2026-10-03 → 2026-10-10) 47963 bytes
2026-10-03 09:36:17,823 [INFO] [OK] USA/GFS_ENSEMBLE_Wheat_Winter_PRCP_DEP/cumulative dia 08 (2026-10-03 → 2026-10-11) 51367 bytes
2026-10-03 09:36:18,549 [INFO] [OK] USA/GFS_ENSEMBLE_Wheat_Winter_PRCP_DEP/cumulative dia 09 (2026-10-03 → 2026-10-12) 53261 bytes
2026-10-03 09:36:19,347 [INFO] [OK] USA/GFS_ENSEMBLE_Wheat_Winter_PRCP_DEP/cumulative dia 10 (2026-10-03 → 2026-10-13) 53447 bytes
2026-10-03 09:36:19,490 [INFO] [OK] USA/GFS_ENSEMBLE_Wheat_Winter_PRCP_DEP/cumulative dia 11 (2026-10-03 → 2026-10-14) 54313 bytes
2026-10-03 09:36:19,715 [INFO] [OK] USA/GFS_ENSEMBLE_Wheat_Winter_PRCP_DEP/cumulative dia 12 (2026-10-03 → 2026-10-15) 54466 bytes
2026-10-03 09:36:20,151 [INFO] [OK] USA/GFS_ENSEMBLE_Wheat_Winter_PRCP/daily dia 00 (2026-10-03 → 2026-10-03) 37070 bytes
2026-10-03 09:36:20,376 [INFO] [OK] USA/GFS_ENSEMBLE_Wheat_Winter_PRCP_DEP/cumulative dia 13 (2026-10-03 → 2026-10-16) 54842 bytes
2026-10-03 09:36:20,916 [INFO] [OK] USA/GFS_ENSEMBLE_Wheat_Winter_PRCP_DEP/cumulative dia 14 (2026-10-03 → 2026-10-17) 55109 bytes
2026-10-03 09:36:21,068 [INFO] [OK] USA/GFS_ENSEMBLE_Wheat_Winter_PRCP/daily dia 01 (2026-10-04 → 2026-10-04) 37528 bytes
2026-10-03 09:36:21,264 [INFO] [OK] USA/GFS_ENSEMBLE_Wheat_Winter_PRCP/daily dia 02 (2026-10-05 → 2026-10-05) 34774 bytes
2026-10-03 09:36:21,844 [INFO] [OK] USA/GFS_ENSEMBLE_Wheat_Winter_PRCP/daily dia 03 (2026-10-06 → 2026-10-06) 34040 bytes
2026-10-03 09:36:21,851 [INFO] [OK] USA/GFS_ENSEMBLE_Wheat_Winter_PRCP/daily dia 04 (2026-10-07 → 2026-10-07) 34164 bytes
2026-10-03 09:36:21,937 [INFO] [OK] USA/GFS_ENSEMBLE_Wheat_Winter_PRCP/daily dia 05 (2026-10-08 → 2026-10-08) 33696 bytes
2026-10-03 09:36:22,589 [INFO] [OK] USA/GFS_ENSEMBLE_Wheat_Winter_PRCP/daily dia 06 (2026-10-09 → 2026-10-09) 34656 bytes
2026-10-03 09:36:22,676 [INFO] [OK] USA/GFS_ENSEMBLE_Wheat_Winter_PRCP/daily dia 07 (2026-10-10 → 2026-10-10) 36526 bytes
2026-10-03 09:36:22,832 [INFO] [OK] USA/GFS_ENSEMBLE_Wheat_Winter_PRCP/daily dia 08 (2026-10-11 → 2026-10-11) 39348 bytes
2026-10-03 09:36:23,473 [INFO] [OK] USA/GFS_ENSEMBLE_Wheat_Winter_PRCP/daily dia 10 (2026-10-13 → 2026-10-13) 36103 bytes
2026-10-03 09:36:23,499 [INFO] [OK] USA/GFS_ENSEMBLE_Wheat_Winter_PRCP/daily dia 09 (2026-10-12 → 2026-10-12) 37673 bytes
2026-10-03 09:36:23,608 [INFO] [OK] USA/GFS_ENSEMBLE_Wheat_Winter_PRCP/daily dia 11 (2026-10-14 → 2026-10-14) 35285 bytes
2026-10-03 09:36:24,286 [INFO] [OK] USA/GFS_ENSEMBLE_Wheat_Winter_PRCP/daily dia 12 (2026-10-15 → 2026-10-15) 36845 bytes
2026-10-03 09:36:24,465 [INFO] [OK] USA/GFS_ENSEMBLE_Wheat_Winter_PRCP/daily dia 13 (2026-10-16 → 2026-10-16) 35988 bytes
2026-10-03 09:36:24,513 [INFO] [OK] USA/GFS_ENSEMBLE_Wheat_Winter_PRCP/daily dia 14 (2026-10-17 → 2026-10-17) 36314 bytes
2026-10-03 09:36:25,048 [INFO] [OK] USA/GFS_ENSEMBLE_Wheat_Winter_PRCP/cumulative dia 00 (2026-10-03 → 2026-10-03) 37070 bytes
2026-10-03 09:36:25,186 [INFO] [OK] USA/GFS_ENSEMBLE_Wheat_Winter_PRCP/cumulative dia 01 (2026-10-03 → 2026-10-04) 39912 bytes
2026-10-03 09:36:25,383 [INFO] [OK] USA/GFS_ENSEMBLE_Wheat_Winter_PRCP/cumulative dia 02 (2026-10-03 → 2026-10-05) 40226 bytes
2026-10-03 09:36:26,228 [INFO] [OK] USA/GFS_ENSEMBLE_Wheat_Winter_PRCP/cumulative dia 03 (2026-10-03 → 2026-10-06) 40538 bytes
2026-10-03 09:36:26,498 [INFO] [OK] USA/GFS_ENSEMBLE_Wheat_Winter_PRCP/cumulative dia 04 (2026-10-03 → 2026-10-07) 40979 bytes
2026-10-03 09:36:26,686 [INFO] [OK] USA/GFS_ENSEMBLE_Wheat_Winter_PRCP/cumulative dia 05 (2026-10-03 → 2026-10-08) 41257 bytes
2026-10-03 09:36:27,296 [INFO] [OK] USA/GFS_ENSEMBLE_Wheat_Winter_PRCP/cumulative dia 06 (2026-10-03 → 2026-10-09) 41611 bytes
2026-10-03 09:36:27,486 [INFO] [OK] USA/GFS_ENSEMBLE_Wheat_Winter_PRCP/cumulative dia 07 (2026-10-03 → 2026-10-10) 43562 bytes
2026-10-03 09:36:27,786 [INFO] [OK] USA/GFS_ENSEMBLE_Wheat_Winter_PRCP/cumulative dia 08 (2026-10-03 → 2026-10-11) 45794 bytes
2026-10-03 09:36:28,725 [INFO] [OK] USA/GFS_ENSEMBLE_Wheat_Winter_PRCP/cumulative dia 09 (2026-10-03 → 2026-10-12) 47703 bytes
2026-10-03 09:36:29,240 [INFO] [OK] USA/GFS_ENSEMBLE_Wheat_Winter_PRCP/cumulative dia 10 (2026-10-03 → 2026-10-13) 48224 bytes
2026-10-03 09:36:29,457 [INFO] [OK] USA/GFS_ENSEMBLE_Wheat_Winter_PRCP/cumulative dia 11 (2026-10-03 → 2026-10-14) 48995 bytes
2026-10-03 09:36:30,115 [INFO] [OK] USA/GFS_ENSEMBLE_Wheat_Winter_PRCP/cumulative dia 12 (2026-10-03 → 2026-10-15) 48716 bytes
2026-10-03 09:36:30,371 [INFO] [OK] USA/GFS_ENSEMBLE_Wheat_Spring_PRCP_DEP/daily dia 00 (2026-10-03 → 2026-10-03) 41367 bytes
2026-10-03 09:36:30,476 [INFO] [OK] USA/GFS_ENSEMBLE_Wheat_Winter_PRCP/cumulative dia 13 (2026-10-03 → 2026-10-16) 49440 bytes
2026-10-03 09:36:30,799 [INFO] [OK] USA/GFS_ENSEMBLE_Wheat_Winter_PRCP/cumulative dia 14 (2026-10-03 → 2026-10-17) 49470 bytes
2026-10-03 09:36:30,873 [INFO] [OK] USA/GFS_ENSEMBLE_Wheat_Spring_PRCP_DEP/daily dia 01 (2026-10-04 → 2026-10-04) 38997 bytes
2026-10-03 09:36:31,057 [INFO] [OK] USA/GFS_ENSEMBLE_Wheat_Spring_PRCP_DEP/daily dia 02 (2026-10-05 → 2026-10-05) 36147 bytes
2026-10-03 09:36:31,750 [INFO] [OK] USA/GFS_ENSEMBLE_Wheat_Spring_PRCP_DEP/daily dia 03 (2026-10-06 → 2026-10-06) 35334 bytes
2026-10-03 09:36:32,049 [INFO] [OK] USA/GFS_ENSEMBLE_Wheat_Spring_PRCP_DEP/daily dia 04 (2026-10-07 → 2026-10-07) 35871 bytes
2026-10-03 09:36:32,204 [INFO] [OK] USA/GFS_ENSEMBLE_Wheat_Spring_PRCP_DEP/daily dia 05 (2026-10-08 → 2026-10-08) 37183 bytes
2026-10-03 09:36:32,465 [INFO] [OK] USA/GFS_ENSEMBLE_Wheat_Spring_PRCP_DEP/daily dia 06 (2026-10-09 → 2026-10-09) 43896 bytes
2026-10-03 09:36:32,639 [INFO] [OK] USA/GFS_ENSEMBLE_Wheat_Spring_PRCP_DEP/daily dia 07 (2026-10-10 → 2026-10-10) 51259 bytes
2026-10-03 09:36:32,765 [INFO] [OK] USA/GFS_ENSEMBLE_Wheat_Spring_PRCP_DEP/daily dia 08 (2026-10-11 → 2026-10-11) 58729 bytes
2026-10-03 09:36:33,363 [INFO] [OK] USA/GFS_ENSEMBLE_Wheat_Spring_PRCP_DEP/daily dia 09 (2026-10-12 → 2026-10-12) 55784 bytes
2026-10-03 09:36:33,712 [INFO] [OK] USA/GFS_ENSEMBLE_Wheat_Spring_PRCP_DEP/daily dia 10 (2026-10-13 → 2026-10-13) 56146 bytes
2026-10-03 09:36:33,840 [INFO] [OK] USA/GFS_ENSEMBLE_Wheat_Spring_PRCP_DEP/daily dia 11 (2026-10-14 → 2026-10-14) 55561 bytes
2026-10-03 09:36:34,127 [INFO] [OK] USA/GFS_ENSEMBLE_Wheat_Spring_PRCP_DEP/daily dia 12 (2026-10-15 → 2026-10-15) 59309 bytes
2026-10-03 09:36:34,284 [INFO] [OK] USA/GFS_ENSEMBLE_Wheat_Spring_PRCP_DEP/daily dia 13 (2026-10-16 → 2026-10-16) 55136 bytes
2026-10-03 09:36:34,594 [INFO] [OK] USA/GFS_ENSEMBLE_Wheat_Spring_PRCP_DEP/daily dia 14 (2026-10-17 → 2026-10-17) 54645 bytes
2026-10-03 09:36:35,007 [INFO] [OK] USA/GFS_ENSEMBLE_Wheat_Spring_PRCP_DEP/cumulative dia 00 (2026-10-03 → 2026-10-03) 41367 bytes
2026-10-03 09:36:35,480 [INFO] [OK] USA/GFS_ENSEMBLE_Wheat_Spring_PRCP_DEP/cumulative dia 01 (2026-10-03 → 2026-10-04) 40854 bytes
2026-10-03 09:36:35,631 [INFO] [OK] USA/GFS_ENSEMBLE_Wheat_Spring_PRCP_DEP/cumulative dia 02 (2026-10-03 → 2026-10-05) 40947 bytes
2026-10-03 09:36:36,219 [INFO] [OK] USA/GFS_ENSEMBLE_Wheat_Spring_PRCP_DEP/cumulative dia 03 (2026-10-03 → 2026-10-06) 40671 bytes
2026-10-03 09:36:36,256 [INFO] [OK] USA/GFS_ENSEMBLE_Wheat_Spring_PRCP_DEP/cumulative dia 04 (2026-10-03 → 2026-10-07) 40775 bytes
2026-10-03 09:36:36,630 [INFO] [OK] USA/GFS_ENSEMBLE_Wheat_Spring_PRCP_DEP/cumulative dia 05 (2026-10-03 → 2026-10-08) 41113 bytes
2026-10-03 09:36:37,142 [INFO] [OK] USA/GFS_ENSEMBLE_Wheat_Spring_PRCP_DEP/cumulative dia 06 (2026-10-03 → 2026-10-09) 42687 bytes
2026-10-03 09:36:37,758 [INFO] [OK] USA/GFS_ENSEMBLE_Wheat_Spring_PRCP_DEP/cumulative dia 07 (2026-10-03 → 2026-10-10) 44857 bytes
2026-10-03 09:36:38,018 [INFO] [OK] USA/GFS_ENSEMBLE_Wheat_Spring_PRCP_DEP/cumulative dia 08 (2026-10-03 → 2026-10-11) 48142 bytes
2026-10-03 09:36:38,720 [INFO] [OK] USA/GFS_ENSEMBLE_Wheat_Spring_PRCP_DEP/cumulative dia 09 (2026-10-03 → 2026-10-12) 49598 bytes
2026-10-03 09:36:38,896 [INFO] [OK] USA/GFS_ENSEMBLE_Wheat_Spring_PRCP_DEP/cumulative dia 10 (2026-10-03 → 2026-10-13) 50136 bytes
2026-10-03 09:36:39,310 [INFO] [OK] USA/GFS_ENSEMBLE_Wheat_Spring_PRCP_DEP/cumulative dia 11 (2026-10-03 → 2026-10-14) 51131 bytes
2026-10-03 09:36:39,893 [INFO] [OK] USA/GFS_ENSEMBLE_Wheat_Spring_PRCP_DEP/cumulative dia 12 (2026-10-03 → 2026-10-15) 51094 bytes
2026-10-03 09:36:40,320 [INFO] [OK] USA/GFS_ENSEMBLE_Wheat_Spring_PRCP/daily dia 00 (2026-10-03 → 2026-10-03) 33793 bytes
2026-10-03 09:36:40,577 [INFO] [OK] USA/GFS_ENSEMBLE_Wheat_Spring_PRCP/daily dia 01 (2026-10-04 → 2026-10-04) 34398 bytes
2026-10-03 09:36:40,654 [INFO] [OK] USA/GFS_ENSEMBLE_Wheat_Spring_PRCP_DEP/cumulative dia 13 (2026-10-03 → 2026-10-16) 51400 bytes
2026-10-03 09:36:40,905 [INFO] [OK] USA/GFS_ENSEMBLE_Wheat_Spring_PRCP_DEP/cumulative dia 14 (2026-10-03 → 2026-10-17) 51604 bytes
2026-10-03 09:36:40,988 [INFO] [OK] USA/GFS_ENSEMBLE_Wheat_Spring_PRCP/daily dia 02 (2026-10-05 → 2026-10-05) 31685 bytes
2026-10-03 09:36:41,490 [INFO] [OK] USA/GFS_ENSEMBLE_Wheat_Spring_PRCP/daily dia 03 (2026-10-06 → 2026-10-06) 30885 bytes
2026-10-03 09:36:41,949 [INFO] [OK] USA/GFS_ENSEMBLE_Wheat_Spring_PRCP/daily dia 04 (2026-10-07 → 2026-10-07) 30946 bytes
2026-10-03 09:36:42,327 [INFO] [OK] USA/GFS_ENSEMBLE_Wheat_Spring_PRCP/daily dia 05 (2026-10-08 → 2026-10-08) 30609 bytes
2026-10-03 09:36:42,450 [INFO] [OK] USA/GFS_ENSEMBLE_Wheat_Spring_PRCP/daily dia 06 (2026-10-09 → 2026-10-09) 31601 bytes
2026-10-03 09:36:42,630 [INFO] [OK] USA/GFS_ENSEMBLE_Wheat_Spring_PRCP/daily dia 08 (2026-10-11 → 2026-10-11) 35894 bytes
2026-10-03 09:36:43,002 [INFO] [OK] USA/GFS_ENSEMBLE_Wheat_Spring_PRCP/daily dia 07 (2026-10-10 → 2026-10-10) 33427 bytes
2026-10-03 09:36:43,077 [INFO] [OK] USA/GFS_ENSEMBLE_Wheat_Spring_PRCP/daily dia 09 (2026-10-12 → 2026-10-12) 34366 bytes
2026-10-03 09:36:43,571 [INFO] [OK] USA/GFS_ENSEMBLE_Wheat_Spring_PRCP/daily dia 10 (2026-10-13 → 2026-10-13) 33097 bytes
2026-10-03 09:36:43,949 [INFO] [OK] USA/GFS_ENSEMBLE_Wheat_Spring_PRCP/daily dia 11 (2026-10-14 → 2026-10-14) 32420 bytes
2026-10-03 09:36:44,101 [INFO] [OK] USA/GFS_ENSEMBLE_Wheat_Spring_PRCP/daily dia 12 (2026-10-15 → 2026-10-15) 33698 bytes
2026-10-03 09:36:44,209 [INFO] [OK] USA/GFS_ENSEMBLE_Wheat_Spring_PRCP/daily dia 13 (2026-10-16 → 2026-10-16) 33066 bytes
2026-10-03 09:36:44,546 [INFO] [OK] USA/GFS_ENSEMBLE_Wheat_Spring_PRCP/daily dia 14 (2026-10-17 → 2026-10-17) 33208 bytes
2026-10-03 09:36:44,636 [INFO] [OK] USA/GFS_ENSEMBLE_Wheat_Spring_PRCP/cumulative dia 00 (2026-10-03 → 2026-10-03) 33793 bytes
2026-10-03 09:36:45,210 [INFO] [OK] USA/GFS_ENSEMBLE_Wheat_Spring_PRCP/cumulative dia 01 (2026-10-03 → 2026-10-04) 36452 bytes
2026-10-03 09:36:45,795 [INFO] [OK] USA/GFS_ENSEMBLE_Wheat_Spring_PRCP/cumulative dia 02 (2026-10-03 → 2026-10-05) 36828 bytes
2026-10-03 09:36:46,018 [INFO] [OK] USA/GFS_ENSEMBLE_Wheat_Spring_PRCP/cumulative dia 03 (2026-10-03 → 2026-10-06) 37136 bytes
2026-10-03 09:36:46,203 [INFO] [OK] USA/GFS_ENSEMBLE_Wheat_Spring_PRCP/cumulative dia 04 (2026-10-03 → 2026-10-07) 37568 bytes
2026-10-03 09:36:46,779 [INFO] [OK] USA/GFS_ENSEMBLE_Wheat_Spring_PRCP/cumulative dia 05 (2026-10-03 → 2026-10-08) 37944 bytes
2026-10-03 09:36:46,779 [INFO] [OK] USA/GFS_ENSEMBLE_Wheat_Spring_PRCP/cumulative dia 06 (2026-10-03 → 2026-10-09) 38335 bytes
2026-10-03 09:36:47,577 [INFO] [OK] USA/GFS_ENSEMBLE_Wheat_Spring_PRCP/cumulative dia 07 (2026-10-03 → 2026-10-10) 40135 bytes
2026-10-03 09:36:48,170 [INFO] [OK] USA/GFS_ENSEMBLE_Wheat_Spring_PRCP/cumulative dia 08 (2026-10-03 → 2026-10-11) 42077 bytes
2026-10-03 09:36:49,012 [INFO] [OK] USA/GFS_ENSEMBLE_Wheat_Spring_PRCP/cumulative dia 09 (2026-10-03 → 2026-10-12) 43869 bytes
2026-10-03 09:36:49,019 [INFO] [OK] USA/GFS_ENSEMBLE_Wheat_Spring_PRCP/cumulative dia 10 (2026-10-03 → 2026-10-13) 44428 bytes
2026-10-03 09:36:49,485 [INFO] [OK] USA/GFS_ENSEMBLE_Wheat_Spring_PRCP/cumulative dia 11 (2026-10-03 → 2026-10-14) 45092 bytes
2026-10-03 09:36:49,654 [INFO] [OK] USA/GFS_ENSEMBLE_Wheat_Spring_PRCP/cumulative dia 12 (2026-10-03 → 2026-10-15) 44957 bytes
2026-10-03 09:36:50,395 [INFO] [OK] USA/GFS_ENSEMBLE_Wheat_Spring_PRCP/cumulative dia 13 (2026-10-03 → 2026-10-16) 45882 bytes
2026-10-03 09:36:50,679 [INFO] [OK] USA/ECM_ENSEMBLE_Corn_PRCP_DEP/daily dia 01 (2026-10-04 → 2026-10-04) 43564 bytes
2026-10-03 09:36:50,693 [INFO] [OK] USA/ECM_ENSEMBLE_Corn_PRCP_DEP/daily dia 00 (2026-10-03 → 2026-10-03) 45369 bytes
2026-10-03 09:36:51,101 [INFO] [OK] USA/GFS_ENSEMBLE_Wheat_Spring_PRCP/cumulative dia 14 (2026-10-03 → 2026-10-17) 45751 bytes
2026-10-03 09:36:51,118 [INFO] [OK] USA/ECM_ENSEMBLE_Corn_PRCP_DEP/daily dia 02 (2026-10-05 → 2026-10-05) 40292 bytes
2026-10-03 09:36:51,216 [INFO] [OK] USA/ECM_ENSEMBLE_Corn_PRCP_DEP/daily dia 03 (2026-10-06 → 2026-10-06) 37875 bytes
2026-10-03 09:36:51,981 [INFO] [OK] USA/ECM_ENSEMBLE_Corn_PRCP_DEP/daily dia 04 (2026-10-07 → 2026-10-07) 38766 bytes
2026-10-03 09:36:52,301 [INFO] [OK] USA/ECM_ENSEMBLE_Corn_PRCP_DEP/daily dia 05 (2026-10-08 → 2026-10-08) 41301 bytes
2026-10-03 09:36:52,314 [INFO] [OK] USA/ECM_ENSEMBLE_Corn_PRCP_DEP/daily dia 06 (2026-10-09 → 2026-10-09) 46828 bytes
2026-10-03 09:36:52,854 [INFO] [OK] USA/ECM_ENSEMBLE_Corn_PRCP_DEP/daily dia 09 (2026-10-12 → 2026-10-12) 58285 bytes
2026-10-03 09:36:53,012 [INFO] [OK] USA/ECM_ENSEMBLE_Corn_PRCP_DEP/daily dia 07 (2026-10-10 → 2026-10-10) 56470 bytes
2026-10-03 09:36:53,038 [INFO] [OK] USA/ECM_ENSEMBLE_Corn_PRCP_DEP/daily dia 08 (2026-10-11 → 2026-10-11) 58573 bytes
2026-10-03 09:36:53,661 [INFO] [OK] USA/ECM_ENSEMBLE_Corn_PRCP_DEP/daily dia 10 (2026-10-13 → 2026-10-13) 60209 bytes
2026-10-03 09:36:54,147 [INFO] [OK] USA/ECM_ENSEMBLE_Corn_PRCP_DEP/daily dia 12 (2026-10-15 → 2026-10-15) 61197 bytes
2026-10-03 09:36:54,156 [INFO] [OK] USA/ECM_ENSEMBLE_Corn_PRCP_DEP/daily dia 11 (2026-10-14 → 2026-10-14) 60930 bytes
2026-10-03 09:36:54,482 [INFO] [OK] USA/ECM_ENSEMBLE_Corn_PRCP_DEP/daily dia 13 (2026-10-16 → 2026-10-16) 59447 bytes
2026-10-03 09:36:54,727 [INFO] [OK] USA/ECM_ENSEMBLE_Corn_PRCP_DEP/daily dia 14 (2026-10-17 → 2026-10-17) 56407 bytes
2026-10-03 09:36:54,810 [INFO] [OK] USA/ECM_ENSEMBLE_Corn_PRCP_DEP/cumulative dia 00 (2026-10-03 → 2026-10-03) 45369 bytes
2026-10-03 09:36:55,365 [INFO] [OK] USA/ECM_ENSEMBLE_Corn_PRCP_DEP/cumulative dia 01 (2026-10-03 → 2026-10-04) 44991 bytes
2026-10-03 09:36:56,084 [INFO] [OK] USA/ECM_ENSEMBLE_Corn_PRCP_DEP/cumulative dia 02 (2026-10-03 → 2026-10-05) 45204 bytes
2026-10-03 09:36:56,274 [INFO] [OK] USA/ECM_ENSEMBLE_Corn_PRCP_DEP/cumulative dia 03 (2026-10-03 → 2026-10-06) 44979 bytes
2026-10-03 09:36:56,590 [INFO] [OK] USA/ECM_ENSEMBLE_Corn_PRCP_DEP/cumulative dia 04 (2026-10-03 → 2026-10-07) 44902 bytes
2026-10-03 09:36:56,786 [INFO] [OK] USA/ECM_ENSEMBLE_Corn_PRCP_DEP/cumulative dia 05 (2026-10-03 → 2026-10-08) 45068 bytes
2026-10-03 09:36:57,317 [INFO] [OK] USA/ECM_ENSEMBLE_Corn_PRCP_DEP/cumulative dia 06 (2026-10-03 → 2026-10-09) 45995 bytes
2026-10-03 09:36:57,613 [INFO] [OK] USA/ECM_ENSEMBLE_Corn_PRCP_DEP/cumulative dia 07 (2026-10-03 → 2026-10-10) 48410 bytes
2026-10-03 09:36:58,536 [INFO] [OK] USA/ECM_ENSEMBLE_Corn_PRCP_DEP/cumulative dia 08 (2026-10-03 → 2026-10-11) 53415 bytes
2026-10-03 09:36:58,813 [INFO] [OK] USA/ECM_ENSEMBLE_Corn_PRCP_DEP/cumulative dia 09 (2026-10-03 → 2026-10-12) 56829 bytes
2026-10-03 09:36:59,233 [INFO] [OK] USA/ECM_ENSEMBLE_Corn_PRCP_DEP/cumulative dia 10 (2026-10-03 → 2026-10-13) 57708 bytes
2026-10-03 09:36:59,503 [INFO] [OK] USA/ECM_ENSEMBLE_Corn_PRCP_DEP/cumulative dia 11 (2026-10-03 → 2026-10-14) 57811 bytes
2026-10-03 09:37:00,165 [INFO] [OK] USA/ECM_ENSEMBLE_Corn_PRCP_DEP/cumulative dia 12 (2026-10-03 → 2026-10-15) 58388 bytes
2026-10-03 09:37:00,485 [INFO] [OK] USA/ECM_ENSEMBLE_Corn_PRCP/daily dia 00 (2026-10-03 → 2026-10-03) 36793 bytes
2026-10-03 09:37:00,632 [INFO] [OK] USA/ECM_ENSEMBLE_Corn_PRCP_DEP/cumulative dia 13 (2026-10-03 → 2026-10-16) 58277 bytes
2026-10-03 09:37:00,846 [INFO] [OK] USA/ECM_ENSEMBLE_Corn_PRCP/daily dia 01 (2026-10-04 → 2026-10-04) 37162 bytes
2026-10-03 09:37:01,098 [INFO] [OK] USA/ECM_ENSEMBLE_Corn_PRCP/daily dia 02 (2026-10-05 → 2026-10-05) 35209 bytes
2026-10-03 09:37:01,604 [INFO] [OK] USA/ECM_ENSEMBLE_Corn_PRCP_DEP/cumulative dia 14 (2026-10-03 → 2026-10-17) 58114 bytes
2026-10-03 09:37:01,738 [INFO] [OK] USA/ECM_ENSEMBLE_Corn_PRCP/daily dia 03 (2026-10-06 → 2026-10-06) 33672 bytes
2026-10-03 09:37:02,045 [INFO] [OK] USA/ECM_ENSEMBLE_Corn_PRCP/daily dia 04 (2026-10-07 → 2026-10-07) 32872 bytes
2026-10-03 09:37:02,213 [INFO] [OK] USA/ECM_ENSEMBLE_Corn_PRCP/daily dia 05 (2026-10-08 → 2026-10-08) 32924 bytes
2026-10-03 09:37:02,419 [INFO] [OK] USA/ECM_ENSEMBLE_Corn_PRCP/daily dia 06 (2026-10-09 → 2026-10-09) 34669 bytes
2026-10-03 09:37:05,329 [INFO] [OK] USA/ECM_ENSEMBLE_Corn_PRCP/daily dia 08 (2026-10-11 → 2026-10-11) 37756 bytes
2026-10-03 09:37:05,337 [INFO] [OK] USA/ECM_ENSEMBLE_Corn_PRCP/daily dia 07 (2026-10-10 → 2026-10-10) 36204 bytes
2026-10-03 09:37:05,381 [INFO] [OK] USA/ECM_ENSEMBLE_Corn_PRCP/daily dia 11 (2026-10-14 → 2026-10-14) 35666 bytes
2026-10-03 09:37:05,799 [INFO] [OK] USA/ECM_ENSEMBLE_Corn_PRCP/daily dia 12 (2026-10-15 → 2026-10-15) 35097 bytes
2026-10-03 09:37:05,805 [INFO] [OK] USA/ECM_ENSEMBLE_Corn_PRCP/daily dia 09 (2026-10-12 → 2026-10-12) 37250 bytes
2026-10-03 09:37:05,852 [INFO] [OK] USA/ECM_ENSEMBLE_Corn_PRCP/daily dia 10 (2026-10-13 → 2026-10-13) 37188 bytes
2026-10-03 09:37:06,943 [INFO] [OK] USA/ECM_ENSEMBLE_Corn_PRCP/daily dia 13 (2026-10-16 → 2026-10-16) 34579 bytes
2026-10-03 09:37:07,033 [INFO] [OK] USA/ECM_ENSEMBLE_Corn_PRCP/daily dia 14 (2026-10-17 → 2026-10-17) 34636 bytes
2026-10-03 09:37:07,424 [INFO] [OK] USA/ECM_ENSEMBLE_Corn_PRCP/cumulative dia 00 (2026-10-03 → 2026-10-03) 36793 bytes
2026-10-03 09:37:07,555 [INFO] [OK] USA/ECM_ENSEMBLE_Corn_PRCP/cumulative dia 01 (2026-10-03 → 2026-10-04) 38719 bytes
2026-10-03 09:37:07,642 [INFO] [OK] USA/ECM_ENSEMBLE_Corn_PRCP/cumulative dia 02 (2026-10-03 → 2026-10-05) 40033 bytes
2026-10-03 09:37:07,705 [INFO] [OK] USA/ECM_ENSEMBLE_Corn_PRCP/cumulative dia 03 (2026-10-03 → 2026-10-06) 40316 bytes
2026-10-03 09:37:08,978 [INFO] [OK] USA/ECM_ENSEMBLE_Corn_PRCP/cumulative dia 04 (2026-10-03 → 2026-10-07) 40679 bytes
2026-10-03 09:37:09,109 [INFO] [OK] USA/ECM_ENSEMBLE_Corn_PRCP/cumulative dia 05 (2026-10-03 → 2026-10-08) 41206 bytes
2026-10-03 09:37:09,611 [INFO] [OK] USA/ECM_ENSEMBLE_Corn_PRCP/cumulative dia 06 (2026-10-03 → 2026-10-09) 41944 bytes
2026-10-03 09:37:09,950 [INFO] [OK] USA/ECM_ENSEMBLE_Corn_PRCP/cumulative dia 07 (2026-10-03 → 2026-10-10) 43520 bytes
2026-10-03 09:37:10,152 [INFO] [OK] USA/ECM_ENSEMBLE_Corn_PRCP/cumulative dia 08 (2026-10-03 → 2026-10-11) 45452 bytes
2026-10-03 09:37:10,360 [INFO] [OK] USA/ECM_ENSEMBLE_Corn_PRCP/cumulative dia 09 (2026-10-03 → 2026-10-12) 46168 bytes
2026-10-03 09:37:11,484 [INFO] [OK] USA/ECM_ENSEMBLE_Corn_PRCP/cumulative dia 10 (2026-10-03 → 2026-10-13) 46566 bytes
2026-10-03 09:37:11,844 [INFO] [OK] USA/ECM_ENSEMBLE_Corn_PRCP/cumulative dia 11 (2026-10-03 → 2026-10-14) 47003 bytes
2026-10-03 09:37:12,000 [INFO] [OK] USA/ECM_ENSEMBLE_Soy_PRCP_DEP/daily dia 00 (2026-10-03 → 2026-10-03) 44975 bytes
2026-10-03 09:37:12,391 [INFO] [OK] USA/ECM_ENSEMBLE_Corn_PRCP/cumulative dia 12 (2026-10-03 → 2026-10-15) 47776 bytes
2026-10-03 09:37:12,819 [INFO] [OK] USA/ECM_ENSEMBLE_Corn_PRCP/cumulative dia 13 (2026-10-03 → 2026-10-16) 48365 bytes
2026-10-03 09:37:13,146 [INFO] [OK] USA/ECM_ENSEMBLE_Soy_PRCP_DEP/daily dia 01 (2026-10-04 → 2026-10-04) 42932 bytes
2026-10-03 09:37:13,152 [INFO] [OK] USA/ECM_ENSEMBLE_Corn_PRCP/cumulative dia 14 (2026-10-03 → 2026-10-17) 48332 bytes
2026-10-03 09:37:13,469 [INFO] [OK] USA/ECM_ENSEMBLE_Soy_PRCP_DEP/daily dia 02 (2026-10-05 → 2026-10-05) 39872 bytes
2026-10-03 09:37:13,583 [INFO] [OK] USA/ECM_ENSEMBLE_Soy_PRCP_DEP/daily dia 03 (2026-10-06 → 2026-10-06) 37394 bytes
2026-10-03 09:37:13,965 [INFO] [OK] USA/ECM_ENSEMBLE_Soy_PRCP_DEP/daily dia 04 (2026-10-07 → 2026-10-07) 38349 bytes
2026-10-03 09:37:14,422 [INFO] [OK] USA/ECM_ENSEMBLE_Soy_PRCP_DEP/daily dia 05 (2026-10-08 → 2026-10-08) 40816 bytes
2026-10-03 09:37:14,808 [INFO] [OK] USA/ECM_ENSEMBLE_Soy_PRCP_DEP/daily dia 06 (2026-10-09 → 2026-10-09) 46606 bytes
2026-10-03 09:37:14,860 [INFO] [OK] USA/ECM_ENSEMBLE_Soy_PRCP_DEP/daily dia 07 (2026-10-10 → 2026-10-10) 56095 bytes
2026-10-03 09:37:15,140 [INFO] [OK] USA/ECM_ENSEMBLE_Soy_PRCP_DEP/daily dia 08 (2026-10-11 → 2026-10-11) 58263 bytes
2026-10-03 09:37:15,217 [INFO] [OK] USA/ECM_ENSEMBLE_Soy_PRCP_DEP/daily dia 09 (2026-10-12 → 2026-10-12) 57997 bytes
2026-10-03 09:37:15,617 [INFO] [OK] USA/ECM_ENSEMBLE_Soy_PRCP_DEP/daily dia 10 (2026-10-13 → 2026-10-13) 59932 bytes
2026-10-03 09:37:16,130 [INFO] [OK] USA/ECM_ENSEMBLE_Soy_PRCP_DEP/daily dia 11 (2026-10-14 → 2026-10-14) 60669 bytes
2026-10-03 09:37:16,464 [INFO] [OK] USA/ECM_ENSEMBLE_Soy_PRCP_DEP/daily dia 12 (2026-10-15 → 2026-10-15) 60701 bytes
2026-10-03 09:37:16,598 [INFO] [OK] USA/ECM_ENSEMBLE_Soy_PRCP_DEP/daily dia 13 (2026-10-16 → 2026-10-16) 58890 bytes
2026-10-03 09:37:16,878 [INFO] [OK] USA/ECM_ENSEMBLE_Soy_PRCP_DEP/daily dia 14 (2026-10-17 → 2026-10-17) 56119 bytes
2026-10-03 09:37:16,910 [INFO] [OK] USA/ECM_ENSEMBLE_Soy_PRCP_DEP/cumulative dia 00 (2026-10-03 → 2026-10-03) 44975 bytes
2026-10-03 09:37:17,299 [INFO] [OK] USA/ECM_ENSEMBLE_Soy_PRCP_DEP/cumulative dia 01 (2026-10-03 → 2026-10-04) 44655 bytes
2026-10-03 09:37:18,043 [INFO] [OK] USA/ECM_ENSEMBLE_Soy_PRCP_DEP/cumulative dia 02 (2026-10-03 → 2026-10-05) 44659 bytes
2026-10-03 09:37:18,406 [INFO] [OK] USA/ECM_ENSEMBLE_Soy_PRCP_DEP/cumulative dia 03 (2026-10-03 → 2026-10-06) 44664 bytes
2026-10-03 09:37:18,554 [INFO] [OK] USA/ECM_ENSEMBLE_Soy_PRCP_DEP/cumulative dia 04 (2026-10-03 → 2026-10-07) 44537 bytes
2026-10-03 09:37:18,954 [INFO] [OK] USA/ECM_ENSEMBLE_Soy_PRCP_DEP/cumulative dia 05 (2026-10-03 → 2026-10-08) 44760 bytes
2026-10-03 09:37:19,139 [INFO] [OK] USA/ECM_ENSEMBLE_Soy_PRCP_DEP/cumulative dia 06 (2026-10-03 → 2026-10-09) 45557 bytes
2026-10-03 09:37:19,594 [INFO] [OK] USA/ECM_ENSEMBLE_Soy_PRCP_DEP/cumulative dia 07 (2026-10-03 → 2026-10-10) 48050 bytes
2026-10-03 09:37:20,449 [INFO] [OK] USA/ECM_ENSEMBLE_Soy_PRCP_DEP/cumulative dia 08 (2026-10-03 → 2026-10-11) 53083 bytes
2026-10-03 09:37:20,986 [INFO] [OK] USA/ECM_ENSEMBLE_Soy_PRCP_DEP/cumulative dia 09 (2026-10-03 → 2026-10-12) 56510 bytes
2026-10-03 09:37:21,240 [INFO] [OK] USA/ECM_ENSEMBLE_Soy_PRCP_DEP/cumulative dia 10 (2026-10-03 → 2026-10-13) 57449 bytes
2026-10-03 09:37:21,743 [INFO] [OK] USA/ECM_ENSEMBLE_Soy_PRCP_DEP/cumulative dia 11 (2026-10-03 → 2026-10-14) 57341 bytes
2026-10-03 09:37:21,923 [INFO] [OK] USA/ECM_ENSEMBLE_Soy_PRCP_DEP/cumulative dia 12 (2026-10-03 → 2026-10-15) 58037 bytes
2026-10-03 09:37:22,469 [INFO] [OK] USA/ECM_ENSEMBLE_Soy_PRCP_DEP/cumulative dia 13 (2026-10-03 → 2026-10-16) 57979 bytes
2026-10-03 09:37:22,697 [INFO] [OK] USA/ECM_ENSEMBLE_Soy_PRCP/daily dia 00 (2026-10-03 → 2026-10-03) 36298 bytes
2026-10-03 09:37:22,817 [INFO] [OK] USA/ECM_ENSEMBLE_Soy_PRCP/daily dia 01 (2026-10-04 → 2026-10-04) 36534 bytes
2026-10-03 09:37:24,096 [INFO] [OK] USA/ECM_ENSEMBLE_Soy_PRCP_DEP/cumulative dia 14 (2026-10-03 → 2026-10-17) 57953 bytes
2026-10-03 09:37:24,115 [INFO] [OK] USA/ECM_ENSEMBLE_Soy_PRCP/daily dia 03 (2026-10-06 → 2026-10-06) 33187 bytes
2026-10-03 09:37:24,140 [INFO] [OK] USA/ECM_ENSEMBLE_Soy_PRCP/daily dia 02 (2026-10-05 → 2026-10-05) 34744 bytes
2026-10-03 09:37:24,160 [INFO] [OK] USA/ECM_ENSEMBLE_Soy_PRCP/daily dia 04 (2026-10-07 → 2026-10-07) 32323 bytes
2026-10-03 09:37:24,369 [INFO] [OK] USA/ECM_ENSEMBLE_Soy_PRCP/daily dia 05 (2026-10-08 → 2026-10-08) 32419 bytes
2026-10-03 09:37:24,495 [INFO] [OK] USA/ECM_ENSEMBLE_Soy_PRCP/daily dia 06 (2026-10-09 → 2026-10-09) 34097 bytes
2026-10-03 09:37:25,674 [INFO] [OK] USA/ECM_ENSEMBLE_Soy_PRCP/daily dia 07 (2026-10-10 → 2026-10-10) 35707 bytes
2026-10-03 09:37:25,949 [INFO] [OK] USA/ECM_ENSEMBLE_Soy_PRCP/daily dia 09 (2026-10-12 → 2026-10-12) 36773 bytes
2026-10-03 09:37:25,961 [INFO] [OK] USA/ECM_ENSEMBLE_Soy_PRCP/daily dia 11 (2026-10-14 → 2026-10-14) 35213 bytes
2026-10-03 09:37:26,169 [INFO] [OK] USA/ECM_ENSEMBLE_Soy_PRCP/daily dia 10 (2026-10-13 → 2026-10-13) 36798 bytes
2026-10-03 09:37:26,189 [INFO] [OK] USA/ECM_ENSEMBLE_Soy_PRCP/daily dia 08 (2026-10-11 → 2026-10-11) 37297 bytes
2026-10-03 09:37:26,311 [INFO] [OK] USA/ECM_ENSEMBLE_Soy_PRCP/daily dia 12 (2026-10-15 → 2026-10-15) 34543 bytes
2026-10-03 09:37:27,288 [INFO] [OK] USA/ECM_ENSEMBLE_Soy_PRCP/daily dia 13 (2026-10-16 → 2026-10-16) 34142 bytes
2026-10-03 09:37:27,586 [INFO] [OK] USA/ECM_ENSEMBLE_Soy_PRCP/daily dia 14 (2026-10-17 → 2026-10-17) 34150 bytes
2026-10-03 09:37:27,615 [INFO] [OK] USA/ECM_ENSEMBLE_Soy_PRCP/cumulative dia 00 (2026-10-03 → 2026-10-03) 36298 bytes
2026-10-03 09:37:27,823 [INFO] [OK] USA/ECM_ENSEMBLE_Soy_PRCP/cumulative dia 01 (2026-10-03 → 2026-10-04) 38330 bytes
2026-10-03 09:37:27,956 [INFO] [OK] USA/ECM_ENSEMBLE_Soy_PRCP/cumulative dia 02 (2026-10-03 → 2026-10-05) 39649 bytes
2026-10-03 09:37:28,178 [INFO] [OK] USA/ECM_ENSEMBLE_Soy_PRCP/cumulative dia 03 (2026-10-03 → 2026-10-06) 39920 bytes
2026-10-03 09:37:29,383 [INFO] [OK] USA/ECM_ENSEMBLE_Soy_PRCP/cumulative dia 04 (2026-10-03 → 2026-10-07) 40375 bytes
2026-10-03 09:37:29,906 [INFO] [OK] USA/ECM_ENSEMBLE_Soy_PRCP/cumulative dia 05 (2026-10-03 → 2026-10-08) 40839 bytes
2026-10-03 09:37:29,989 [INFO] [OK] USA/ECM_ENSEMBLE_Soy_PRCP/cumulative dia 06 (2026-10-03 → 2026-10-09) 41572 bytes
2026-10-03 09:37:30,326 [INFO] [OK] USA/ECM_ENSEMBLE_Soy_PRCP/cumulative dia 07 (2026-10-03 → 2026-10-10) 43242 bytes
2026-10-03 09:37:30,405 [INFO] [OK] USA/ECM_ENSEMBLE_Soy_PRCP/cumulative dia 08 (2026-10-03 → 2026-10-11) 45183 bytes
2026-10-03 09:37:30,685 [INFO] [OK] USA/ECM_ENSEMBLE_Soy_PRCP/cumulative dia 09 (2026-10-03 → 2026-10-12) 45744 bytes
2026-10-03 09:37:31,996 [INFO] [OK] USA/ECM_ENSEMBLE_Soy_PRCP/cumulative dia 10 (2026-10-03 → 2026-10-13) 45901 bytes
2026-10-03 09:37:32,369 [INFO] [OK] USA/ECM_ENSEMBLE_Wheat_Winter_PRCP_DEP/daily dia 00 (2026-10-03 → 2026-10-03) 46256 bytes
2026-10-03 09:37:32,708 [INFO] [OK] USA/ECM_ENSEMBLE_Soy_PRCP/cumulative dia 11 (2026-10-03 → 2026-10-14) 46436 bytes
2026-10-03 09:37:32,874 [INFO] [OK] USA/ECM_ENSEMBLE_Soy_PRCP/cumulative dia 12 (2026-10-03 → 2026-10-15) 47279 bytes
2026-10-03 09:37:33,199 [INFO] [OK] USA/ECM_ENSEMBLE_Soy_PRCP/cumulative dia 13 (2026-10-03 → 2026-10-16) 47770 bytes
2026-10-03 09:37:33,397 [INFO] [OK] USA/ECM_ENSEMBLE_Soy_PRCP/cumulative dia 14 (2026-10-03 → 2026-10-17) 47849 bytes
2026-10-03 09:37:33,623 [INFO] [OK] USA/ECM_ENSEMBLE_Wheat_Winter_PRCP_DEP/daily dia 01 (2026-10-04 → 2026-10-04) 44456 bytes
2026-10-03 09:37:33,952 [INFO] [OK] USA/ECM_ENSEMBLE_Wheat_Winter_PRCP_DEP/daily dia 02 (2026-10-05 → 2026-10-05) 41456 bytes
2026-10-03 09:37:34,311 [INFO] [OK] USA/ECM_ENSEMBLE_Wheat_Winter_PRCP_DEP/daily dia 03 (2026-10-06 → 2026-10-06) 38960 bytes
2026-10-03 09:37:34,526 [INFO] [OK] USA/ECM_ENSEMBLE_Wheat_Winter_PRCP_DEP/daily dia 04 (2026-10-07 → 2026-10-07) 39891 bytes
2026-10-03 09:37:34,804 [INFO] [OK] USA/ECM_ENSEMBLE_Wheat_Winter_PRCP_DEP/daily dia 05 (2026-10-08 → 2026-10-08) 42323 bytes
2026-10-03 09:37:35,147 [INFO] [OK] USA/ECM_ENSEMBLE_Wheat_Winter_PRCP_DEP/daily dia 06 (2026-10-09 → 2026-10-09) 47990 bytes
2026-10-03 09:37:35,295 [INFO] [OK] USA/ECM_ENSEMBLE_Wheat_Winter_PRCP_DEP/daily dia 07 (2026-10-10 → 2026-10-10) 57790 bytes
2026-10-03 09:37:35,673 [INFO] [OK] USA/ECM_ENSEMBLE_Wheat_Winter_PRCP_DEP/daily dia 08 (2026-10-11 → 2026-10-11) 59697 bytes
2026-10-03 09:37:36,066 [INFO] [OK] USA/ECM_ENSEMBLE_Wheat_Winter_PRCP_DEP/daily dia 09 (2026-10-12 → 2026-10-12) 59706 bytes
2026-10-03 09:37:36,338 [INFO] [OK] USA/ECM_ENSEMBLE_Wheat_Winter_PRCP_DEP/daily dia 10 (2026-10-13 → 2026-10-13) 61607 bytes
2026-10-03 09:37:36,549 [INFO] [OK] USA/ECM_ENSEMBLE_Wheat_Winter_PRCP_DEP/daily dia 11 (2026-10-14 → 2026-10-14) 62393 bytes
2026-10-03 09:37:36,908 [INFO] [OK] USA/ECM_ENSEMBLE_Wheat_Winter_PRCP_DEP/daily dia 12 (2026-10-15 → 2026-10-15) 62261 bytes
2026-10-03 09:37:37,040 [INFO] [OK] USA/ECM_ENSEMBLE_Wheat_Winter_PRCP_DEP/daily dia 13 (2026-10-16 → 2026-10-16) 60561 bytes
2026-10-03 09:37:37,309 [INFO] [OK] USA/ECM_ENSEMBLE_Wheat_Winter_PRCP_DEP/daily dia 14 (2026-10-17 → 2026-10-17) 57706 bytes
2026-10-03 09:37:37,695 [INFO] [OK] USA/ECM_ENSEMBLE_Wheat_Winter_PRCP_DEP/cumulative dia 00 (2026-10-03 → 2026-10-03) 46256 bytes
2026-10-03 09:37:38,086 [INFO] [OK] USA/ECM_ENSEMBLE_Wheat_Winter_PRCP_DEP/cumulative dia 01 (2026-10-03 → 2026-10-04) 45893 bytes
2026-10-03 09:37:38,367 [INFO] [OK] USA/ECM_ENSEMBLE_Wheat_Winter_PRCP_DEP/cumulative dia 02 (2026-10-03 → 2026-10-05) 46104 bytes
2026-10-03 09:37:38,872 [INFO] [OK] USA/ECM_ENSEMBLE_Wheat_Winter_PRCP_DEP/cumulative dia 03 (2026-10-03 → 2026-10-06) 46050 bytes
2026-10-03 09:37:39,055 [INFO] [OK] USA/ECM_ENSEMBLE_Wheat_Winter_PRCP_DEP/cumulative dia 04 (2026-10-03 → 2026-10-07) 46001 bytes
2026-10-03 09:37:39,378 [INFO] [OK] USA/ECM_ENSEMBLE_Wheat_Winter_PRCP_DEP/cumulative dia 05 (2026-10-03 → 2026-10-08) 46350 bytes
2026-10-03 09:37:39,900 [INFO] [OK] USA/ECM_ENSEMBLE_Wheat_Winter_PRCP_DEP/cumulative dia 06 (2026-10-03 → 2026-10-09) 47064 bytes
2026-10-03 09:37:40,536 [INFO] [OK] USA/ECM_ENSEMBLE_Wheat_Winter_PRCP_DEP/cumulative dia 07 (2026-10-03 → 2026-10-10) 49541 bytes
2026-10-03 09:37:41,082 [INFO] [OK] USA/ECM_ENSEMBLE_Wheat_Winter_PRCP_DEP/cumulative dia 08 (2026-10-03 → 2026-10-11) 54553 bytes
2026-10-03 09:37:41,385 [INFO] [OK] USA/ECM_ENSEMBLE_Wheat_Winter_PRCP_DEP/cumulative dia 09 (2026-10-03 → 2026-10-12) 58009 bytes
2026-10-03 09:37:41,745 [INFO] [OK] USA/ECM_ENSEMBLE_Wheat_Winter_PRCP_DEP/cumulative dia 10 (2026-10-03 → 2026-10-13) 58916 bytes
2026-10-03 09:37:42,111 [INFO] [OK] USA/ECM_ENSEMBLE_Wheat_Winter_PRCP_DEP/cumulative dia 11 (2026-10-03 → 2026-10-14) 58789 bytes
2026-10-03 09:37:42,919 [INFO] [OK] USA/ECM_ENSEMBLE_Wheat_Winter_PRCP_DEP/cumulative dia 12 (2026-10-03 → 2026-10-15) 59356 bytes
2026-10-03 09:37:43,297 [INFO] [OK] USA/ECM_ENSEMBLE_Wheat_Winter_PRCP/daily dia 00 (2026-10-03 → 2026-10-03) 38015 bytes
2026-10-03 09:37:43,439 [INFO] [OK] USA/ECM_ENSEMBLE_Wheat_Winter_PRCP_DEP/cumulative dia 13 (2026-10-03 → 2026-10-16) 59434 bytes
2026-10-03 09:37:43,525 [INFO] [OK] USA/ECM_ENSEMBLE_Wheat_Winter_PRCP/daily dia 01 (2026-10-04 → 2026-10-04) 38312 bytes
2026-10-03 09:37:43,668 [INFO] [OK] USA/ECM_ENSEMBLE_Wheat_Winter_PRCP/daily dia 02 (2026-10-05 → 2026-10-05) 36319 bytes
2026-10-03 09:37:44,071 [INFO] [OK] USA/ECM_ENSEMBLE_Wheat_Winter_PRCP_DEP/cumulative dia 14 (2026-10-03 → 2026-10-17) 59438 bytes
2026-10-03 09:37:44,494 [INFO] [OK] USA/ECM_ENSEMBLE_Wheat_Winter_PRCP/daily dia 03 (2026-10-06 → 2026-10-06) 34771 bytes
2026-10-03 09:37:44,909 [INFO] [OK] USA/ECM_ENSEMBLE_Wheat_Winter_PRCP/daily dia 04 (2026-10-07 → 2026-10-07) 33973 bytes
2026-10-03 09:37:45,080 [INFO] [OK] USA/ECM_ENSEMBLE_Wheat_Winter_PRCP/daily dia 05 (2026-10-08 → 2026-10-08) 34042 bytes
2026-10-03 09:37:45,107 [INFO] [OK] USA/ECM_ENSEMBLE_Wheat_Winter_PRCP/daily dia 06 (2026-10-09 → 2026-10-09) 35710 bytes
2026-10-03 09:37:45,264 [INFO] [OK] USA/ECM_ENSEMBLE_Wheat_Winter_PRCP/daily dia 07 (2026-10-10 → 2026-10-10) 37195 bytes
2026-10-03 09:37:45,634 [INFO] [OK] USA/ECM_ENSEMBLE_Wheat_Winter_PRCP/daily dia 08 (2026-10-11 → 2026-10-11) 38593 bytes
2026-10-03 09:37:46,089 [INFO] [OK] USA/ECM_ENSEMBLE_Wheat_Winter_PRCP/daily dia 09 (2026-10-12 → 2026-10-12) 38140 bytes
2026-10-03 09:37:46,530 [INFO] [OK] USA/ECM_ENSEMBLE_Wheat_Winter_PRCP/daily dia 10 (2026-10-13 → 2026-10-13) 38052 bytes
2026-10-03 09:37:46,710 [INFO] [OK] USA/ECM_ENSEMBLE_Wheat_Winter_PRCP/daily dia 11 (2026-10-14 → 2026-10-14) 36557 bytes
2026-10-03 09:37:46,710 [INFO] [OK] USA/ECM_ENSEMBLE_Wheat_Winter_PRCP/daily dia 12 (2026-10-15 → 2026-10-15) 36102 bytes
2026-10-03 09:37:46,843 [INFO] [OK] USA/ECM_ENSEMBLE_Wheat_Winter_PRCP/daily dia 13 (2026-10-16 → 2026-10-16) 35669 bytes
2026-10-03 09:37:47,225 [INFO] [OK] USA/ECM_ENSEMBLE_Wheat_Winter_PRCP/daily dia 14 (2026-10-17 → 2026-10-17) 35715 bytes
2026-10-03 09:37:47,636 [INFO] [OK] USA/ECM_ENSEMBLE_Wheat_Winter_PRCP/cumulative dia 00 (2026-10-03 → 2026-10-03) 38015 bytes
2026-10-03 09:37:48,283 [INFO] [OK] USA/ECM_ENSEMBLE_Wheat_Winter_PRCP/cumulative dia 01 (2026-10-03 → 2026-10-04) 39954 bytes
2026-10-03 09:37:48,465 [INFO] [OK] USA/ECM_ENSEMBLE_Wheat_Winter_PRCP/cumulative dia 02 (2026-10-03 → 2026-10-05) 41197 bytes
2026-10-03 09:37:48,682 [INFO] [OK] USA/ECM_ENSEMBLE_Wheat_Winter_PRCP/cumulative dia 03 (2026-10-03 → 2026-10-06) 41594 bytes
2026-10-03 09:37:48,840 [INFO] [OK] USA/ECM_ENSEMBLE_Wheat_Winter_PRCP/cumulative dia 04 (2026-10-03 → 2026-10-07) 42059 bytes
2026-10-03 09:37:49,277 [INFO] [OK] USA/ECM_ENSEMBLE_Wheat_Winter_PRCP/cumulative dia 05 (2026-10-03 → 2026-10-08) 42564 bytes
2026-10-03 09:37:49,825 [INFO] [OK] USA/ECM_ENSEMBLE_Wheat_Winter_PRCP/cumulative dia 06 (2026-10-03 → 2026-10-09) 43284 bytes
2026-10-03 09:37:50,617 [INFO] [OK] USA/ECM_ENSEMBLE_Wheat_Winter_PRCP/cumulative dia 07 (2026-10-03 → 2026-10-10) 44656 bytes
2026-10-03 09:37:50,858 [INFO] [OK] USA/ECM_ENSEMBLE_Wheat_Winter_PRCP/cumulative dia 08 (2026-10-03 → 2026-10-11) 46398 bytes
2026-10-03 09:37:51,145 [INFO] [OK] USA/ECM_ENSEMBLE_Wheat_Winter_PRCP/cumulative dia 09 (2026-10-03 → 2026-10-12) 47336 bytes
2026-10-03 09:37:51,550 [INFO] [OK] USA/ECM_ENSEMBLE_Wheat_Winter_PRCP/cumulative dia 10 (2026-10-03 → 2026-10-13) 47775 bytes
2026-10-03 09:37:51,937 [INFO] [OK] USA/ECM_ENSEMBLE_Wheat_Winter_PRCP/cumulative dia 11 (2026-10-03 → 2026-10-14) 48235 bytes
2026-10-03 09:37:52,651 [INFO] [OK] USA/ECM_ENSEMBLE_Wheat_Winter_PRCP/cumulative dia 12 (2026-10-03 → 2026-10-15) 49058 bytes
2026-10-03 09:37:52,762 [INFO] [OK] USA/ECM_ENSEMBLE_Wheat_Spring_PRCP_DEP/daily dia 00 (2026-10-03 → 2026-10-03) 43313 bytes
2026-10-03 09:37:53,180 [INFO] [OK] USA/ECM_ENSEMBLE_Wheat_Spring_PRCP_DEP/daily dia 01 (2026-10-04 → 2026-10-04) 41287 bytes
2026-10-03 09:37:53,488 [INFO] [OK] USA/ECM_ENSEMBLE_Wheat_Winter_PRCP/cumulative dia 13 (2026-10-03 → 2026-10-16) 49596 bytes
2026-10-03 09:37:53,561 [INFO] [OK] USA/ECM_ENSEMBLE_Wheat_Spring_PRCP_DEP/daily dia 02 (2026-10-05 → 2026-10-05) 38197 bytes
2026-10-03 09:37:53,942 [INFO] [OK] USA/ECM_ENSEMBLE_Wheat_Winter_PRCP/cumulative dia 14 (2026-10-03 → 2026-10-17) 49812 bytes
2026-10-03 09:37:54,274 [INFO] [OK] USA/ECM_ENSEMBLE_Wheat_Spring_PRCP_DEP/daily dia 03 (2026-10-06 → 2026-10-06) 35811 bytes
2026-10-03 09:37:54,350 [INFO] [OK] USA/ECM_ENSEMBLE_Wheat_Spring_PRCP_DEP/daily dia 04 (2026-10-07 → 2026-10-07) 36751 bytes
2026-10-03 09:37:54,782 [INFO] [OK] USA/ECM_ENSEMBLE_Wheat_Spring_PRCP_DEP/daily dia 05 (2026-10-08 → 2026-10-08) 39412 bytes
2026-10-03 09:37:55,190 [INFO] [OK] USA/ECM_ENSEMBLE_Wheat_Spring_PRCP_DEP/daily dia 07 (2026-10-10 → 2026-10-10) 54455 bytes
2026-10-03 09:37:55,200 [INFO] [OK] USA/ECM_ENSEMBLE_Wheat_Spring_PRCP_DEP/daily dia 06 (2026-10-09 → 2026-10-09) 44632 bytes
2026-10-03 09:37:55,644 [INFO] [OK] USA/ECM_ENSEMBLE_Wheat_Spring_PRCP_DEP/daily dia 08 (2026-10-11 → 2026-10-11) 56298 bytes
2026-10-03 09:37:55,928 [INFO] [OK] USA/ECM_ENSEMBLE_Wheat_Spring_PRCP_DEP/daily dia 09 (2026-10-12 → 2026-10-12) 56452 bytes
2026-10-03 09:37:56,067 [INFO] [OK] USA/ECM_ENSEMBLE_Wheat_Spring_PRCP_DEP/daily dia 10 (2026-10-13 → 2026-10-13) 58181 bytes
2026-10-03 09:37:56,401 [INFO] [OK] USA/ECM_ENSEMBLE_Wheat_Spring_PRCP_DEP/daily dia 11 (2026-10-14 → 2026-10-14) 58760 bytes
2026-10-03 09:37:56,849 [INFO] [OK] USA/ECM_ENSEMBLE_Wheat_Spring_PRCP_DEP/daily dia 13 (2026-10-16 → 2026-10-16) 57289 bytes
2026-10-03 09:37:57,019 [INFO] [OK] USA/ECM_ENSEMBLE_Wheat_Spring_PRCP_DEP/daily dia 12 (2026-10-15 → 2026-10-15) 59378 bytes
2026-10-03 09:37:57,397 [INFO] [OK] USA/ECM_ENSEMBLE_Wheat_Spring_PRCP_DEP/daily dia 14 (2026-10-17 → 2026-10-17) 54030 bytes
2026-10-03 09:37:57,584 [INFO] [OK] USA/ECM_ENSEMBLE_Wheat_Spring_PRCP_DEP/cumulative dia 00 (2026-10-03 → 2026-10-03) 43313 bytes
2026-10-03 09:37:57,731 [INFO] [OK] USA/ECM_ENSEMBLE_Wheat_Spring_PRCP_DEP/cumulative dia 01 (2026-10-03 → 2026-10-04) 42881 bytes
2026-10-03 09:37:58,248 [INFO] [OK] USA/ECM_ENSEMBLE_Wheat_Spring_PRCP_DEP/cumulative dia 02 (2026-10-03 → 2026-10-05) 43022 bytes
2026-10-03 09:37:58,934 [INFO] [OK] USA/ECM_ENSEMBLE_Wheat_Spring_PRCP_DEP/cumulative dia 03 (2026-10-03 → 2026-10-06) 42774 bytes
2026-10-03 09:37:59,022 [INFO] [OK] USA/ECM_ENSEMBLE_Wheat_Spring_PRCP_DEP/cumulative dia 04 (2026-10-03 → 2026-10-07) 42818 bytes
2026-10-03 09:37:59,584 [INFO] [OK] USA/ECM_ENSEMBLE_Wheat_Spring_PRCP_DEP/cumulative dia 05 (2026-10-03 → 2026-10-08) 42968 bytes
2026-10-03 09:37:59,806 [INFO] [OK] USA/ECM_ENSEMBLE_Wheat_Spring_PRCP_DEP/cumulative dia 06 (2026-10-03 → 2026-10-09) 43861 bytes
2026-10-03 09:38:00,068 [INFO] [OK] USA/ECM_ENSEMBLE_Wheat_Spring_PRCP_DEP/cumulative dia 07 (2026-10-03 → 2026-10-10) 46471 bytes
2026-10-03 09:38:01,510 [INFO] [OK] USA/ECM_ENSEMBLE_Wheat_Spring_PRCP_DEP/cumulative dia 08 (2026-10-03 → 2026-10-11) 51314 bytes
2026-10-03 09:38:01,579 [INFO] [OK] USA/ECM_ENSEMBLE_Wheat_Spring_PRCP_DEP/cumulative dia 09 (2026-10-03 → 2026-10-12) 54607 bytes
2026-10-03 09:38:01,875 [INFO] [OK] USA/ECM_ENSEMBLE_Wheat_Spring_PRCP_DEP/cumulative dia 10 (2026-10-03 → 2026-10-13) 55740 bytes
2026-10-03 09:38:02,411 [INFO] [OK] USA/ECM_ENSEMBLE_Wheat_Spring_PRCP_DEP/cumulative dia 11 (2026-10-03 → 2026-10-14) 55498 bytes
2026-10-03 09:38:02,603 [INFO] [OK] USA/ECM_ENSEMBLE_Wheat_Spring_PRCP_DEP/cumulative dia 12 (2026-10-03 → 2026-10-15) 56064 bytes
2026-10-03 09:38:02,946 [INFO] [OK] USA/ECM_ENSEMBLE_Wheat_Spring_PRCP_DEP/cumulative dia 13 (2026-10-03 → 2026-10-16) 55930 bytes
2026-10-03 09:38:03,478 [INFO] [OK] USA/ECM_ENSEMBLE_Wheat_Spring_PRCP/daily dia 01 (2026-10-04 → 2026-10-04) 34958 bytes
2026-10-03 09:38:03,537 [INFO] [OK] USA/ECM_ENSEMBLE_Wheat_Spring_PRCP/daily dia 00 (2026-10-03 → 2026-10-03) 34826 bytes
2026-10-03 09:38:04,079 [INFO] [OK] USA/ECM_ENSEMBLE_Wheat_Spring_PRCP/daily dia 02 (2026-10-05 → 2026-10-05) 33060 bytes
2026-10-03 09:38:04,205 [INFO] [OK] USA/ECM_ENSEMBLE_Wheat_Spring_PRCP/daily dia 03 (2026-10-06 → 2026-10-06) 31569 bytes
2026-10-03 09:38:04,423 [INFO] [OK] USA/ECM_ENSEMBLE_Wheat_Spring_PRCP_DEP/cumulative dia 14 (2026-10-03 → 2026-10-17) 55693 bytes
2026-10-03 09:38:04,506 [INFO] [OK] USA/ECM_ENSEMBLE_Wheat_Spring_PRCP/daily dia 04 (2026-10-07 → 2026-10-07) 30820 bytes
2026-10-03 09:38:05,092 [INFO] [OK] USA/ECM_ENSEMBLE_Wheat_Spring_PRCP/daily dia 05 (2026-10-08 → 2026-10-08) 31085 bytes
2026-10-03 09:38:05,143 [INFO] [OK] USA/ECM_ENSEMBLE_Wheat_Spring_PRCP/daily dia 06 (2026-10-09 → 2026-10-09) 32503 bytes
2026-10-03 09:38:05,685 [INFO] [OK] USA/ECM_ENSEMBLE_Wheat_Spring_PRCP/daily dia 07 (2026-10-10 → 2026-10-10) 34070 bytes
2026-10-03 09:38:05,742 [INFO] [OK] USA/ECM_ENSEMBLE_Wheat_Spring_PRCP/daily dia 08 (2026-10-11 → 2026-10-11) 35687 bytes
2026-10-03 09:38:06,041 [INFO] [OK] USA/ECM_ENSEMBLE_Wheat_Spring_PRCP/daily dia 09 (2026-10-12 → 2026-10-12) 35230 bytes
2026-10-03 09:38:06,125 [INFO] [OK] USA/ECM_ENSEMBLE_Wheat_Spring_PRCP/daily dia 10 (2026-10-13 → 2026-10-13) 34981 bytes
2026-10-03 09:38:06,732 [INFO] [OK] USA/ECM_ENSEMBLE_Wheat_Spring_PRCP/daily dia 11 (2026-10-14 → 2026-10-14) 33718 bytes
2026-10-03 09:38:06,741 [INFO] [OK] USA/ECM_ENSEMBLE_Wheat_Spring_PRCP/daily dia 12 (2026-10-15 → 2026-10-15) 32953 bytes
2026-10-03 09:38:07,314 [INFO] [OK] USA/ECM_ENSEMBLE_Wheat_Spring_PRCP/daily dia 14 (2026-10-17 → 2026-10-17) 32656 bytes
2026-10-03 09:38:07,423 [INFO] [OK] USA/ECM_ENSEMBLE_Wheat_Spring_PRCP/daily dia 13 (2026-10-16 → 2026-10-16) 32581 bytes
2026-10-03 09:38:07,724 [INFO] [OK] USA/ECM_ENSEMBLE_Wheat_Spring_PRCP/cumulative dia 00 (2026-10-03 → 2026-10-03) 34826 bytes
2026-10-03 09:38:07,962 [INFO] [OK] USA/ECM_ENSEMBLE_Wheat_Spring_PRCP/cumulative dia 01 (2026-10-03 → 2026-10-04) 36717 bytes
2026-10-03 09:38:08,635 [INFO] [OK] USA/ECM_ENSEMBLE_Wheat_Spring_PRCP/cumulative dia 02 (2026-10-03 → 2026-10-05) 37787 bytes
2026-10-03 09:38:08,674 [INFO] [OK] USA/ECM_ENSEMBLE_Wheat_Spring_PRCP/cumulative dia 03 (2026-10-03 → 2026-10-06) 38189 bytes
2026-10-03 09:38:09,581 [INFO] [OK] USA/ECM_ENSEMBLE_Wheat_Spring_PRCP/cumulative dia 04 (2026-10-03 → 2026-10-07) 38508 bytes
2026-10-03 09:38:09,581 [INFO] [OK] USA/ECM_ENSEMBLE_Wheat_Spring_PRCP/cumulative dia 05 (2026-10-03 → 2026-10-08) 39029 bytes
2026-10-03 09:38:10,359 [INFO] [OK] USA/ECM_ENSEMBLE_Wheat_Spring_PRCP/cumulative dia 06 (2026-10-03 → 2026-10-09) 39858 bytes
2026-10-03 09:38:10,359 [INFO] [OK] USA/ECM_ENSEMBLE_Wheat_Spring_PRCP/cumulative dia 07 (2026-10-03 → 2026-10-10) 41389 bytes
2026-10-03 09:38:11,082 [INFO] [OK] USA/ECM_ENSEMBLE_Wheat_Spring_PRCP/cumulative dia 08 (2026-10-03 → 2026-10-11) 43021 bytes
2026-10-03 09:38:11,192 [INFO] [OK] USA/ECM_ENSEMBLE_Wheat_Spring_PRCP/cumulative dia 09 (2026-10-03 → 2026-10-12) 43606 bytes
2026-10-03 09:38:12,456 [INFO] [OK] USA/ECM_ENSEMBLE_Wheat_Spring_PRCP/cumulative dia 10 (2026-10-03 → 2026-10-13) 43865 bytes
2026-10-03 09:38:12,562 [INFO] [OK] USA/ECM_ENSEMBLE_Wheat_Spring_PRCP/cumulative dia 11 (2026-10-03 → 2026-10-14) 44363 bytes
2026-10-03 09:38:13,190 [INFO] [OK] USA/ECM_ENSEMBLE_Wheat_Spring_PRCP/cumulative dia 12 (2026-10-03 → 2026-10-15) 44861 bytes
2026-10-03 09:38:13,362 [INFO] [OK] USA/ECM_ENSEMBLE_Wheat_Spring_PRCP/cumulative dia 13 (2026-10-03 → 2026-10-16) 45548 bytes
2026-10-03 09:38:13,959 [INFO] [OK] USA/ECM_ENSEMBLE_Wheat_Spring_PRCP/cumulative dia 14 (2026-10-03 → 2026-10-17) 45794 bytes
2026-10-03 09:38:14,045 [INFO] Resumo: 960/960 sucessos, 0 erros
2026-10-03 09:38:50,601 [INFO] [CLEANUP] Removidas 1164 pastas de histórico anteriores a 2026-09-03
2026-10-03 09:38:50,658 [INFO] Manifest: C:\Users\server\OneDrive - CGB Enterprises, Inc\ZGC-PBI Research - Documents\Dataset Data Files\Weather_maps\manifest.json
2026-10-03 09:38:50,659 [INFO] [GIT] Iniciando sincronização com GitHub...
2026-10-03 09:42:01,890 [INFO] [GIT] Sucesso ✓
2026-10-03 09:42:01,907 [INFO] ✓ Sincronizado com GitHub — Power BI atualiza no próximo refresh
