2026-08-20 09:33:18,350 [INFO] === Execução 2026-08-20 | modo=both | dias=15 | parâmetro=['PRCP_DEP', 'PRCP'] ===
2026-08-20 09:33:18,353 [INFO] Baixando 960 mapas com 6 threads...
2026-08-20 09:33:21,371 [INFO] [OK] Brazil/GFS_ENSEMBLE_Soy_PRCP_DEP/daily dia 04 (2026-08-24 → 2026-08-24) 42618 bytes
2026-08-20 09:33:21,374 [INFO] [OK] Brazil/GFS_ENSEMBLE_Soy_PRCP_DEP/daily dia 01 (2026-08-21 → 2026-08-21) 34578 bytes
2026-08-20 09:33:21,411 [INFO] [OK] Brazil/GFS_ENSEMBLE_Soy_PRCP_DEP/daily dia 03 (2026-08-23 → 2026-08-23) 38778 bytes
2026-08-20 09:33:21,488 [INFO] [OK] Brazil/GFS_ENSEMBLE_Soy_PRCP_DEP/daily dia 02 (2026-08-22 → 2026-08-22) 34363 bytes
2026-08-20 09:33:21,702 [INFO] [OK] Brazil/GFS_ENSEMBLE_Soy_PRCP_DEP/daily dia 05 (2026-08-25 → 2026-08-25) 41132 bytes
2026-08-20 09:33:21,707 [INFO] [OK] Brazil/GFS_ENSEMBLE_Soy_PRCP_DEP/daily dia 00 (2026-08-20 → 2026-08-20) 36911 bytes
2026-08-20 09:33:23,155 [INFO] [OK] Brazil/GFS_ENSEMBLE_Soy_PRCP_DEP/daily dia 06 (2026-08-26 → 2026-08-26) 42776 bytes
2026-08-20 09:33:23,341 [INFO] [OK] Brazil/GFS_ENSEMBLE_Soy_PRCP_DEP/daily dia 10 (2026-08-30 → 2026-08-30) 45602 bytes
2026-08-20 09:33:23,505 [INFO] [OK] Brazil/GFS_ENSEMBLE_Soy_PRCP_DEP/daily dia 08 (2026-08-28 → 2026-08-28) 42666 bytes
2026-08-20 09:33:23,574 [INFO] [OK] Brazil/GFS_ENSEMBLE_Soy_PRCP_DEP/daily dia 09 (2026-08-29 → 2026-08-29) 43905 bytes
2026-08-20 09:33:23,707 [INFO] [OK] Brazil/GFS_ENSEMBLE_Soy_PRCP_DEP/daily dia 07 (2026-08-27 → 2026-08-27) 42228 bytes
2026-08-20 09:33:23,707 [INFO] [OK] Brazil/GFS_ENSEMBLE_Soy_PRCP_DEP/daily dia 11 (2026-08-31 → 2026-08-31) 46552 bytes
2026-08-20 09:33:24,712 [INFO] [OK] Brazil/GFS_ENSEMBLE_Soy_PRCP_DEP/daily dia 12 (2026-09-01 → 2026-09-01) 46271 bytes
2026-08-20 09:33:24,736 [INFO] [OK] Brazil/GFS_ENSEMBLE_Soy_PRCP_DEP/daily dia 13 (2026-09-02 → 2026-09-02) 46620 bytes
2026-08-20 09:33:24,884 [INFO] [OK] Brazil/GFS_ENSEMBLE_Soy_PRCP_DEP/daily dia 14 (2026-09-03 → 2026-09-03) 50301 bytes
2026-08-20 09:33:25,100 [INFO] [OK] Brazil/GFS_ENSEMBLE_Soy_PRCP_DEP/cumulative dia 00 (2026-08-20 → 2026-08-20) 36911 bytes
2026-08-20 09:33:25,155 [INFO] [OK] Brazil/GFS_ENSEMBLE_Soy_PRCP_DEP/cumulative dia 02 (2026-08-20 → 2026-08-22) 38358 bytes
2026-08-20 09:33:25,291 [INFO] [OK] Brazil/GFS_ENSEMBLE_Soy_PRCP_DEP/cumulative dia 01 (2026-08-20 → 2026-08-21) 38372 bytes
2026-08-20 09:33:26,519 [INFO] [OK] Brazil/GFS_ENSEMBLE_Soy_PRCP_DEP/cumulative dia 03 (2026-08-20 → 2026-08-23) 39686 bytes
2026-08-20 09:33:26,520 [INFO] [OK] Brazil/GFS_ENSEMBLE_Soy_PRCP_DEP/cumulative dia 04 (2026-08-20 → 2026-08-24) 41418 bytes
2026-08-20 09:33:26,858 [INFO] [OK] Brazil/GFS_ENSEMBLE_Soy_PRCP_DEP/cumulative dia 05 (2026-08-20 → 2026-08-25) 42607 bytes
2026-08-20 09:33:27,314 [INFO] [OK] Brazil/GFS_ENSEMBLE_Soy_PRCP_DEP/cumulative dia 07 (2026-08-20 → 2026-08-27) 44700 bytes
2026-08-20 09:33:27,323 [INFO] [OK] Brazil/GFS_ENSEMBLE_Soy_PRCP_DEP/cumulative dia 08 (2026-08-20 → 2026-08-28) 45114 bytes
2026-08-20 09:33:27,411 [INFO] [OK] Brazil/GFS_ENSEMBLE_Soy_PRCP_DEP/cumulative dia 06 (2026-08-20 → 2026-08-26) 44562 bytes
2026-08-20 09:33:28,539 [INFO] [OK] Brazil/GFS_ENSEMBLE_Soy_PRCP_DEP/cumulative dia 09 (2026-08-20 → 2026-08-29) 45963 bytes
2026-08-20 09:33:28,672 [INFO] [OK] Brazil/GFS_ENSEMBLE_Soy_PRCP_DEP/cumulative dia 10 (2026-08-20 → 2026-08-30) 46549 bytes
2026-08-20 09:33:29,120 [INFO] [OK] Brazil/GFS_ENSEMBLE_Soy_PRCP_DEP/cumulative dia 11 (2026-08-20 → 2026-08-31) 47486 bytes
2026-08-20 09:33:29,813 [INFO] [OK] Brazil/GFS_ENSEMBLE_Soy_PRCP_DEP/cumulative dia 14 (2026-08-20 → 2026-09-03) 47852 bytes
2026-08-20 09:33:29,927 [INFO] [OK] Brazil/GFS_ENSEMBLE_Soy_PRCP_DEP/cumulative dia 13 (2026-08-20 → 2026-09-02) 47418 bytes
2026-08-20 09:33:30,033 [INFO] [OK] Brazil/GFS_ENSEMBLE_Soy_PRCP/daily dia 00 (2026-08-20 → 2026-08-20) 30191 bytes
2026-08-20 09:33:30,034 [INFO] [OK] Brazil/GFS_ENSEMBLE_Soy_PRCP/daily dia 01 (2026-08-21 → 2026-08-21) 28019 bytes
2026-08-20 09:33:30,112 [INFO] [OK] Brazil/GFS_ENSEMBLE_Soy_PRCP_DEP/cumulative dia 12 (2026-08-20 → 2026-09-01) 47038 bytes
2026-08-20 09:33:30,414 [INFO] [OK] Brazil/GFS_ENSEMBLE_Soy_PRCP/daily dia 02 (2026-08-22 → 2026-08-22) 28314 bytes
2026-08-20 09:33:31,323 [INFO] [OK] Brazil/GFS_ENSEMBLE_Soy_PRCP/daily dia 03 (2026-08-23 → 2026-08-23) 28982 bytes
2026-08-20 09:33:31,324 [INFO] [OK] Brazil/GFS_ENSEMBLE_Soy_PRCP/daily dia 04 (2026-08-24 → 2026-08-24) 29508 bytes
2026-08-20 09:33:31,324 [INFO] [OK] Brazil/GFS_ENSEMBLE_Soy_PRCP/daily dia 05 (2026-08-25 → 2026-08-25) 29421 bytes
2026-08-20 09:33:31,469 [INFO] [OK] Brazil/GFS_ENSEMBLE_Soy_PRCP/daily dia 06 (2026-08-26 → 2026-08-26) 29117 bytes
2026-08-20 09:33:31,632 [INFO] [OK] Brazil/GFS_ENSEMBLE_Soy_PRCP/daily dia 07 (2026-08-27 → 2026-08-27) 29523 bytes
2026-08-20 09:33:31,916 [INFO] [OK] Brazil/GFS_ENSEMBLE_Soy_PRCP/daily dia 08 (2026-08-28 → 2026-08-28) 29499 bytes
2026-08-20 09:33:32,669 [INFO] [OK] Brazil/GFS_ENSEMBLE_Soy_PRCP/daily dia 09 (2026-08-29 → 2026-08-29) 29025 bytes
2026-08-20 09:33:32,673 [INFO] [OK] Brazil/GFS_ENSEMBLE_Soy_PRCP/daily dia 11 (2026-08-31 → 2026-08-31) 29785 bytes
2026-08-20 09:33:32,703 [INFO] [OK] Brazil/GFS_ENSEMBLE_Soy_PRCP/daily dia 10 (2026-08-30 → 2026-08-30) 29792 bytes
2026-08-20 09:33:32,904 [INFO] [OK] Brazil/GFS_ENSEMBLE_Soy_PRCP/daily dia 12 (2026-09-01 → 2026-09-01) 30019 bytes
2026-08-20 09:33:32,975 [INFO] [OK] Brazil/GFS_ENSEMBLE_Soy_PRCP/daily dia 13 (2026-09-02 → 2026-09-02) 29865 bytes
2026-08-20 09:33:33,176 [INFO] [OK] Brazil/GFS_ENSEMBLE_Soy_PRCP/daily dia 14 (2026-09-03 → 2026-09-03) 30013 bytes
2026-08-20 09:33:34,036 [INFO] [OK] Brazil/GFS_ENSEMBLE_Soy_PRCP/cumulative dia 00 (2026-08-20 → 2026-08-20) 30191 bytes
2026-08-20 09:33:34,080 [INFO] [OK] Brazil/GFS_ENSEMBLE_Soy_PRCP/cumulative dia 01 (2026-08-20 → 2026-08-21) 30768 bytes
2026-08-20 09:33:34,236 [INFO] [OK] Brazil/GFS_ENSEMBLE_Soy_PRCP/cumulative dia 02 (2026-08-20 → 2026-08-22) 31620 bytes
2026-08-20 09:33:34,442 [INFO] [OK] Brazil/GFS_ENSEMBLE_Soy_PRCP/cumulative dia 03 (2026-08-20 → 2026-08-23) 32847 bytes
2026-08-20 09:33:34,600 [INFO] [OK] Brazil/GFS_ENSEMBLE_Soy_PRCP/cumulative dia 04 (2026-08-20 → 2026-08-24) 34217 bytes
2026-08-20 09:33:34,942 [INFO] [OK] Brazil/GFS_ENSEMBLE_Soy_PRCP/cumulative dia 05 (2026-08-20 → 2026-08-25) 35217 bytes
2026-08-20 09:33:35,834 [INFO] [OK] Brazil/GFS_ENSEMBLE_Soy_PRCP/cumulative dia 06 (2026-08-20 → 2026-08-26) 35662 bytes
2026-08-20 09:33:35,963 [INFO] [OK] Brazil/GFS_ENSEMBLE_Soy_PRCP/cumulative dia 07 (2026-08-20 → 2026-08-27) 36660 bytes
2026-08-20 09:33:36,200 [INFO] [OK] Brazil/GFS_ENSEMBLE_Soy_PRCP/cumulative dia 08 (2026-08-20 → 2026-08-28) 37184 bytes
2026-08-20 09:33:36,595 [INFO] [OK] Brazil/GFS_ENSEMBLE_Soy_PRCP/cumulative dia 09 (2026-08-20 → 2026-08-29) 37900 bytes
2026-08-20 09:33:36,830 [INFO] [OK] Brazil/GFS_ENSEMBLE_Soy_PRCP/cumulative dia 10 (2026-08-20 → 2026-08-30) 38442 bytes
2026-08-20 09:33:37,246 [INFO] [OK] Brazil/GFS_ENSEMBLE_Soy_PRCP/cumulative dia 11 (2026-08-20 → 2026-08-31) 39430 bytes
2026-08-20 09:33:38,049 [INFO] [OK] Brazil/GFS_ENSEMBLE_Corn_Winter_PRCP_DEP/daily dia 00 (2026-08-20 → 2026-08-20) 35269 bytes
2026-08-20 09:33:38,133 [INFO] [OK] Brazil/GFS_ENSEMBLE_Soy_PRCP/cumulative dia 12 (2026-08-20 → 2026-09-01) 39945 bytes
2026-08-20 09:33:38,251 [INFO] [OK] Brazil/GFS_ENSEMBLE_Corn_Winter_PRCP_DEP/daily dia 01 (2026-08-21 → 2026-08-21) 32910 bytes
2026-08-20 09:33:38,505 [INFO] [OK] Brazil/GFS_ENSEMBLE_Soy_PRCP/cumulative dia 13 (2026-08-20 → 2026-09-02) 40308 bytes
2026-08-20 09:33:38,637 [INFO] [OK] Brazil/GFS_ENSEMBLE_Soy_PRCP/cumulative dia 14 (2026-08-20 → 2026-09-03) 40914 bytes
2026-08-20 09:33:38,737 [INFO] [OK] Brazil/GFS_ENSEMBLE_Corn_Winter_PRCP_DEP/daily dia 02 (2026-08-22 → 2026-08-22) 32891 bytes
2026-08-20 09:33:39,393 [INFO] [OK] Brazil/GFS_ENSEMBLE_Corn_Winter_PRCP_DEP/daily dia 03 (2026-08-23 → 2026-08-23) 37150 bytes
2026-08-20 09:33:39,618 [INFO] [OK] Brazil/GFS_ENSEMBLE_Corn_Winter_PRCP_DEP/daily dia 05 (2026-08-25 → 2026-08-25) 39543 bytes
2026-08-20 09:33:39,690 [INFO] [OK] Brazil/GFS_ENSEMBLE_Corn_Winter_PRCP_DEP/daily dia 04 (2026-08-24 → 2026-08-24) 41069 bytes
2026-08-20 09:33:40,021 [INFO] [OK] Brazil/GFS_ENSEMBLE_Corn_Winter_PRCP_DEP/daily dia 07 (2026-08-27 → 2026-08-27) 40634 bytes
2026-08-20 09:33:40,023 [INFO] [OK] Brazil/GFS_ENSEMBLE_Corn_Winter_PRCP_DEP/daily dia 06 (2026-08-26 → 2026-08-26) 41201 bytes
2026-08-20 09:33:40,245 [INFO] [OK] Brazil/GFS_ENSEMBLE_Corn_Winter_PRCP_DEP/daily dia 08 (2026-08-28 → 2026-08-28) 40881 bytes
2026-08-20 09:33:41,022 [INFO] [OK] Brazil/GFS_ENSEMBLE_Corn_Winter_PRCP_DEP/daily dia 09 (2026-08-29 → 2026-08-29) 42201 bytes
2026-08-20 09:33:41,061 [INFO] [OK] Brazil/GFS_ENSEMBLE_Corn_Winter_PRCP_DEP/daily dia 10 (2026-08-30 → 2026-08-30) 44224 bytes
2026-08-20 09:33:41,116 [INFO] [OK] Brazil/GFS_ENSEMBLE_Corn_Winter_PRCP_DEP/daily dia 11 (2026-08-31 → 2026-08-31) 45021 bytes
2026-08-20 09:33:41,549 [INFO] [OK] Brazil/GFS_ENSEMBLE_Corn_Winter_PRCP_DEP/daily dia 12 (2026-09-01 → 2026-09-01) 44699 bytes
2026-08-20 09:33:41,649 [INFO] [OK] Brazil/GFS_ENSEMBLE_Corn_Winter_PRCP_DEP/daily dia 13 (2026-09-02 → 2026-09-02) 45096 bytes
2026-08-20 09:33:41,654 [INFO] [OK] Brazil/GFS_ENSEMBLE_Corn_Winter_PRCP_DEP/daily dia 14 (2026-09-03 → 2026-09-03) 48618 bytes
2026-08-20 09:33:42,711 [INFO] [OK] Brazil/GFS_ENSEMBLE_Corn_Winter_PRCP_DEP/cumulative dia 02 (2026-08-20 → 2026-08-22) 36772 bytes
2026-08-20 09:33:42,713 [INFO] [OK] Brazil/GFS_ENSEMBLE_Corn_Winter_PRCP_DEP/cumulative dia 00 (2026-08-20 → 2026-08-20) 35269 bytes
2026-08-20 09:33:42,714 [INFO] [OK] Brazil/GFS_ENSEMBLE_Corn_Winter_PRCP_DEP/cumulative dia 01 (2026-08-20 → 2026-08-21) 36758 bytes
2026-08-20 09:33:43,380 [INFO] [OK] Brazil/GFS_ENSEMBLE_Corn_Winter_PRCP_DEP/cumulative dia 04 (2026-08-20 → 2026-08-24) 39828 bytes
2026-08-20 09:33:43,467 [INFO] [OK] Brazil/GFS_ENSEMBLE_Corn_Winter_PRCP_DEP/cumulative dia 05 (2026-08-20 → 2026-08-25) 41131 bytes
2026-08-20 09:33:44,031 [INFO] [OK] Brazil/GFS_ENSEMBLE_Corn_Winter_PRCP_DEP/cumulative dia 03 (2026-08-20 → 2026-08-23) 38104 bytes
2026-08-20 09:33:45,160 [INFO] [OK] Brazil/GFS_ENSEMBLE_Corn_Winter_PRCP_DEP/cumulative dia 06 (2026-08-20 → 2026-08-26) 43164 bytes
2026-08-20 09:33:45,235 [INFO] [OK] Brazil/GFS_ENSEMBLE_Corn_Winter_PRCP_DEP/cumulative dia 08 (2026-08-20 → 2026-08-28) 43514 bytes
2026-08-20 09:33:45,249 [INFO] [OK] Brazil/GFS_ENSEMBLE_Corn_Winter_PRCP_DEP/cumulative dia 07 (2026-08-20 → 2026-08-27) 43267 bytes
2026-08-20 09:33:45,925 [INFO] [OK] Brazil/GFS_ENSEMBLE_Corn_Winter_PRCP_DEP/cumulative dia 09 (2026-08-20 → 2026-08-29) 44509 bytes
2026-08-20 09:33:46,056 [INFO] [OK] Brazil/GFS_ENSEMBLE_Corn_Winter_PRCP_DEP/cumulative dia 10 (2026-08-20 → 2026-08-30) 44890 bytes
2026-08-20 09:33:46,484 [INFO] [OK] Brazil/GFS_ENSEMBLE_Corn_Winter_PRCP_DEP/cumulative dia 11 (2026-08-20 → 2026-08-31) 46024 bytes
2026-08-20 09:33:47,501 [INFO] [OK] Brazil/GFS_ENSEMBLE_Corn_Winter_PRCP/daily dia 00 (2026-08-20 → 2026-08-20) 28517 bytes
2026-08-20 09:33:47,501 [INFO] [OK] Brazil/GFS_ENSEMBLE_Corn_Winter_PRCP/daily dia 01 (2026-08-21 → 2026-08-21) 26502 bytes
2026-08-20 09:33:47,668 [INFO] [OK] Brazil/GFS_ENSEMBLE_Corn_Winter_PRCP_DEP/cumulative dia 12 (2026-08-20 → 2026-09-01) 45639 bytes
2026-08-20 09:33:47,798 [INFO] [OK] Brazil/GFS_ENSEMBLE_Corn_Winter_PRCP_DEP/cumulative dia 13 (2026-08-20 → 2026-09-02) 46126 bytes
2026-08-20 09:33:47,933 [INFO] [OK] Brazil/GFS_ENSEMBLE_Corn_Winter_PRCP/daily dia 02 (2026-08-22 → 2026-08-22) 26787 bytes
2026-08-20 09:33:48,054 [INFO] [OK] Brazil/GFS_ENSEMBLE_Corn_Winter_PRCP_DEP/cumulative dia 14 (2026-08-20 → 2026-09-03) 46411 bytes
2026-08-20 09:33:48,851 [INFO] [OK] Brazil/GFS_ENSEMBLE_Corn_Winter_PRCP/daily dia 03 (2026-08-23 → 2026-08-23) 27509 bytes
2026-08-20 09:33:48,923 [INFO] [OK] Brazil/GFS_ENSEMBLE_Corn_Winter_PRCP/daily dia 04 (2026-08-24 → 2026-08-24) 28015 bytes
2026-08-20 09:33:48,937 [INFO] [OK] Brazil/GFS_ENSEMBLE_Corn_Winter_PRCP/daily dia 05 (2026-08-25 → 2026-08-25) 27853 bytes
2026-08-20 09:33:49,128 [INFO] [OK] Brazil/GFS_ENSEMBLE_Corn_Winter_PRCP/daily dia 06 (2026-08-26 → 2026-08-26) 27458 bytes
2026-08-20 09:33:49,234 [INFO] [OK] Brazil/GFS_ENSEMBLE_Corn_Winter_PRCP/daily dia 07 (2026-08-27 → 2026-08-27) 27840 bytes
2026-08-20 09:33:49,386 [INFO] [OK] Brazil/GFS_ENSEMBLE_Corn_Winter_PRCP/daily dia 08 (2026-08-28 → 2026-08-28) 27857 bytes
2026-08-20 09:33:50,130 [INFO] [OK] Brazil/GFS_ENSEMBLE_Corn_Winter_PRCP/daily dia 09 (2026-08-29 → 2026-08-29) 27423 bytes
2026-08-20 09:33:50,232 [INFO] [OK] Brazil/GFS_ENSEMBLE_Corn_Winter_PRCP/daily dia 11 (2026-08-31 → 2026-08-31) 28290 bytes
2026-08-20 09:33:50,260 [INFO] [OK] Brazil/GFS_ENSEMBLE_Corn_Winter_PRCP/daily dia 10 (2026-08-30 → 2026-08-30) 28242 bytes
2026-08-20 09:33:50,616 [INFO] [OK] Brazil/GFS_ENSEMBLE_Corn_Winter_PRCP/daily dia 12 (2026-09-01 → 2026-09-01) 28448 bytes
2026-08-20 09:33:50,683 [INFO] [OK] Brazil/GFS_ENSEMBLE_Corn_Winter_PRCP/daily dia 14 (2026-09-03 → 2026-09-03) 28596 bytes
2026-08-20 09:33:50,753 [INFO] [OK] Brazil/GFS_ENSEMBLE_Corn_Winter_PRCP/daily dia 13 (2026-09-02 → 2026-09-02) 28378 bytes
2026-08-20 09:33:52,154 [INFO] [OK] Brazil/GFS_ENSEMBLE_Corn_Winter_PRCP/cumulative dia 00 (2026-08-20 → 2026-08-20) 28517 bytes
2026-08-20 09:33:52,171 [INFO] [OK] Brazil/GFS_ENSEMBLE_Corn_Winter_PRCP/cumulative dia 01 (2026-08-20 → 2026-08-21) 29069 bytes
2026-08-20 09:33:52,178 [INFO] [OK] Brazil/GFS_ENSEMBLE_Corn_Winter_PRCP/cumulative dia 02 (2026-08-20 → 2026-08-22) 29942 bytes
2026-08-20 09:33:52,306 [INFO] [OK] Brazil/GFS_ENSEMBLE_Corn_Winter_PRCP/cumulative dia 03 (2026-08-20 → 2026-08-23) 31212 bytes
2026-08-20 09:33:52,431 [INFO] [OK] Brazil/GFS_ENSEMBLE_Corn_Winter_PRCP/cumulative dia 04 (2026-08-20 → 2026-08-24) 32631 bytes
2026-08-20 09:33:52,520 [INFO] [OK] Brazil/GFS_ENSEMBLE_Corn_Winter_PRCP/cumulative dia 05 (2026-08-20 → 2026-08-25) 33571 bytes
2026-08-20 09:33:54,197 [INFO] [OK] Brazil/GFS_ENSEMBLE_Corn_Winter_PRCP/cumulative dia 06 (2026-08-20 → 2026-08-26) 34092 bytes
2026-08-20 09:33:54,342 [INFO] [OK] Brazil/GFS_ENSEMBLE_Corn_Winter_PRCP/cumulative dia 07 (2026-08-20 → 2026-08-27) 35158 bytes
2026-08-20 09:33:54,533 [INFO] [OK] Brazil/GFS_ENSEMBLE_Corn_Winter_PRCP/cumulative dia 08 (2026-08-20 → 2026-08-28) 35651 bytes
2026-08-20 09:33:54,566 [INFO] [OK] Brazil/GFS_ENSEMBLE_Corn_Winter_PRCP/cumulative dia 09 (2026-08-20 → 2026-08-29) 36400 bytes
2026-08-20 09:33:54,683 [INFO] [OK] Brazil/GFS_ENSEMBLE_Corn_Winter_PRCP/cumulative dia 11 (2026-08-20 → 2026-08-31) 37643 bytes
2026-08-20 09:33:54,791 [INFO] [OK] Brazil/GFS_ENSEMBLE_Corn_Winter_PRCP/cumulative dia 10 (2026-08-20 → 2026-08-30) 36778 bytes
2026-08-20 09:33:55,985 [INFO] [OK] Brazil/ECM_ENSEMBLE_Soy_PRCP_DEP/daily dia 00 (2026-08-20 → 2026-08-20) 42348 bytes
2026-08-20 09:33:56,083 [INFO] [OK] Brazil/ECM_ENSEMBLE_Soy_PRCP_DEP/daily dia 01 (2026-08-21 → 2026-08-21) 37090 bytes
2026-08-20 09:33:56,209 [INFO] [OK] Brazil/ECM_ENSEMBLE_Soy_PRCP_DEP/daily dia 02 (2026-08-22 → 2026-08-22) 36983 bytes
2026-08-20 09:33:56,542 [INFO] [OK] Brazil/GFS_ENSEMBLE_Corn_Winter_PRCP/cumulative dia 12 (2026-08-20 → 2026-09-01) 38306 bytes
2026-08-20 09:33:56,696 [INFO] [OK] Brazil/GFS_ENSEMBLE_Corn_Winter_PRCP/cumulative dia 13 (2026-08-20 → 2026-09-02) 38726 bytes
2026-08-20 09:33:57,005 [INFO] [OK] Brazil/GFS_ENSEMBLE_Corn_Winter_PRCP/cumulative dia 14 (2026-08-20 → 2026-09-03) 39234 bytes
2026-08-20 09:33:57,491 [INFO] [OK] Brazil/ECM_ENSEMBLE_Soy_PRCP_DEP/daily dia 03 (2026-08-23 → 2026-08-23) 40998 bytes
2026-08-20 09:33:57,579 [INFO] [OK] Brazil/ECM_ENSEMBLE_Soy_PRCP_DEP/daily dia 05 (2026-08-25 → 2026-08-25) 44375 bytes
2026-08-20 09:33:57,580 [INFO] [OK] Brazil/ECM_ENSEMBLE_Soy_PRCP_DEP/daily dia 04 (2026-08-24 → 2026-08-24) 44002 bytes
2026-08-20 09:33:57,975 [INFO] [OK] Brazil/ECM_ENSEMBLE_Soy_PRCP_DEP/daily dia 06 (2026-08-26 → 2026-08-26) 45327 bytes
2026-08-20 09:33:58,191 [INFO] [OK] Brazil/ECM_ENSEMBLE_Soy_PRCP_DEP/daily dia 07 (2026-08-27 → 2026-08-27) 47091 bytes
2026-08-20 09:33:58,375 [INFO] [OK] Brazil/ECM_ENSEMBLE_Soy_PRCP_DEP/daily dia 08 (2026-08-28 → 2026-08-28) 48207 bytes
2026-08-20 09:33:59,116 [INFO] [OK] Brazil/ECM_ENSEMBLE_Soy_PRCP_DEP/daily dia 10 (2026-08-30 → 2026-08-30) 48962 bytes
2026-08-20 09:33:59,118 [INFO] [OK] Brazil/ECM_ENSEMBLE_Soy_PRCP_DEP/daily dia 09 (2026-08-29 → 2026-08-29) 47216 bytes
2026-08-20 09:33:59,123 [INFO] [OK] Brazil/ECM_ENSEMBLE_Soy_PRCP_DEP/daily dia 11 (2026-08-31 → 2026-08-31) 51561 bytes
2026-08-20 09:33:59,567 [INFO] [OK] Brazil/ECM_ENSEMBLE_Soy_PRCP_DEP/daily dia 12 (2026-09-01 → 2026-09-01) 53371 bytes
2026-08-20 09:34:00,321 [INFO] [OK] Brazil/ECM_ENSEMBLE_Soy_PRCP_DEP/daily dia 13 (2026-09-02 → 2026-09-02) 53314 bytes
2026-08-20 09:34:00,532 [INFO] [OK] Brazil/ECM_ENSEMBLE_Soy_PRCP_DEP/daily dia 14 (2026-09-03 → 2026-09-03) 54246 bytes
2026-08-20 09:34:00,552 [INFO] [OK] Brazil/ECM_ENSEMBLE_Soy_PRCP_DEP/cumulative dia 00 (2026-08-20 → 2026-08-20) 42348 bytes
2026-08-20 09:34:00,778 [INFO] [OK] Brazil/ECM_ENSEMBLE_Soy_PRCP_DEP/cumulative dia 01 (2026-08-20 → 2026-08-21) 42894 bytes
2026-08-20 09:34:00,782 [INFO] [OK] Brazil/ECM_ENSEMBLE_Soy_PRCP_DEP/cumulative dia 02 (2026-08-20 → 2026-08-22) 43353 bytes
2026-08-20 09:34:01,368 [INFO] [OK] Brazil/ECM_ENSEMBLE_Soy_PRCP_DEP/cumulative dia 03 (2026-08-20 → 2026-08-23) 44883 bytes
2026-08-20 09:34:02,235 [INFO] [OK] Brazil/ECM_ENSEMBLE_Soy_PRCP_DEP/cumulative dia 04 (2026-08-20 → 2026-08-24) 46660 bytes
2026-08-20 09:34:02,581 [INFO] [OK] Brazil/ECM_ENSEMBLE_Soy_PRCP_DEP/cumulative dia 06 (2026-08-20 → 2026-08-26) 48513 bytes
2026-08-20 09:34:02,677 [INFO] [OK] Brazil/ECM_ENSEMBLE_Soy_PRCP_DEP/cumulative dia 05 (2026-08-20 → 2026-08-25) 47366 bytes
2026-08-20 09:34:03,232 [INFO] [OK] Brazil/ECM_ENSEMBLE_Soy_PRCP_DEP/cumulative dia 07 (2026-08-20 → 2026-08-27) 48862 bytes
2026-08-20 09:34:03,234 [INFO] [OK] Brazil/ECM_ENSEMBLE_Soy_PRCP_DEP/cumulative dia 08 (2026-08-20 → 2026-08-28) 49728 bytes
2026-08-20 09:34:03,423 [INFO] [OK] Brazil/ECM_ENSEMBLE_Soy_PRCP_DEP/cumulative dia 09 (2026-08-20 → 2026-08-29) 51030 bytes
2026-08-20 09:34:04,336 [INFO] [OK] Brazil/ECM_ENSEMBLE_Soy_PRCP_DEP/cumulative dia 10 (2026-08-20 → 2026-08-30) 51201 bytes
2026-08-20 09:34:04,746 [INFO] [OK] Brazil/ECM_ENSEMBLE_Soy_PRCP/daily dia 00 (2026-08-20 → 2026-08-20) 31422 bytes
2026-08-20 09:34:04,827 [INFO] [OK] Brazil/ECM_ENSEMBLE_Soy_PRCP_DEP/cumulative dia 11 (2026-08-20 → 2026-08-31) 51914 bytes
2026-08-20 09:34:05,073 [INFO] [OK] Brazil/ECM_ENSEMBLE_Soy_PRCP_DEP/cumulative dia 12 (2026-08-20 → 2026-09-01) 52309 bytes
2026-08-20 09:34:05,680 [INFO] [OK] Brazil/ECM_ENSEMBLE_Soy_PRCP/daily dia 01 (2026-08-21 → 2026-08-21) 28640 bytes
2026-08-20 09:34:05,719 [INFO] [OK] Brazil/ECM_ENSEMBLE_Soy_PRCP_DEP/cumulative dia 13 (2026-08-20 → 2026-09-02) 53364 bytes
2026-08-20 09:34:05,780 [INFO] [OK] Brazil/ECM_ENSEMBLE_Soy_PRCP_DEP/cumulative dia 14 (2026-08-20 → 2026-09-03) 53528 bytes
2026-08-20 09:34:06,220 [INFO] [OK] Brazil/ECM_ENSEMBLE_Soy_PRCP/daily dia 02 (2026-08-22 → 2026-08-22) 29324 bytes
2026-08-20 09:34:06,393 [INFO] [OK] Brazil/ECM_ENSEMBLE_Soy_PRCP/daily dia 03 (2026-08-23 → 2026-08-23) 29643 bytes
2026-08-20 09:34:06,395 [INFO] [OK] Brazil/ECM_ENSEMBLE_Soy_PRCP/daily dia 04 (2026-08-24 → 2026-08-24) 30526 bytes
2026-08-20 09:34:07,050 [INFO] [OK] Brazil/ECM_ENSEMBLE_Soy_PRCP/daily dia 05 (2026-08-25 → 2026-08-25) 31051 bytes
2026-08-20 09:34:07,054 [INFO] [OK] Brazil/ECM_ENSEMBLE_Soy_PRCP/daily dia 06 (2026-08-26 → 2026-08-26) 31162 bytes
2026-08-20 09:34:07,211 [INFO] [OK] Brazil/ECM_ENSEMBLE_Soy_PRCP/daily dia 07 (2026-08-27 → 2026-08-27) 31147 bytes
2026-08-20 09:34:07,492 [INFO] [OK] Brazil/ECM_ENSEMBLE_Soy_PRCP/daily dia 08 (2026-08-28 → 2026-08-28) 30556 bytes
2026-08-20 09:34:07,695 [INFO] [OK] Brazil/ECM_ENSEMBLE_Soy_PRCP/daily dia 10 (2026-08-30 → 2026-08-30) 31465 bytes
2026-08-20 09:34:07,739 [INFO] [OK] Brazil/ECM_ENSEMBLE_Soy_PRCP/daily dia 09 (2026-08-29 → 2026-08-29) 30897 bytes
2026-08-20 09:34:08,384 [INFO] [OK] Brazil/ECM_ENSEMBLE_Soy_PRCP/daily dia 11 (2026-08-31 → 2026-08-31) 31508 bytes
2026-08-20 09:34:08,555 [INFO] [OK] Brazil/ECM_ENSEMBLE_Soy_PRCP/daily dia 13 (2026-09-02 → 2026-09-02) 30534 bytes
2026-08-20 09:34:08,557 [INFO] [OK] Brazil/ECM_ENSEMBLE_Soy_PRCP/daily dia 12 (2026-09-01 → 2026-09-01) 30828 bytes
2026-08-20 09:34:09,056 [INFO] [OK] Brazil/ECM_ENSEMBLE_Soy_PRCP/daily dia 14 (2026-09-03 → 2026-09-03) 30346 bytes
2026-08-20 09:34:09,088 [INFO] [OK] Brazil/ECM_ENSEMBLE_Soy_PRCP/cumulative dia 00 (2026-08-20 → 2026-08-20) 31422 bytes
2026-08-20 09:34:09,188 [INFO] [OK] Brazil/ECM_ENSEMBLE_Soy_PRCP/cumulative dia 01 (2026-08-20 → 2026-08-21) 32491 bytes
2026-08-20 09:34:09,833 [INFO] [OK] Brazil/ECM_ENSEMBLE_Soy_PRCP/cumulative dia 02 (2026-08-20 → 2026-08-22) 33548 bytes
2026-08-20 09:34:10,263 [INFO] [OK] Brazil/ECM_ENSEMBLE_Soy_PRCP/cumulative dia 03 (2026-08-20 → 2026-08-23) 34538 bytes
2026-08-20 09:34:10,320 [INFO] [OK] Brazil/ECM_ENSEMBLE_Soy_PRCP/cumulative dia 04 (2026-08-20 → 2026-08-24) 36248 bytes
2026-08-20 09:34:10,893 [INFO] [OK] Brazil/ECM_ENSEMBLE_Soy_PRCP/cumulative dia 05 (2026-08-20 → 2026-08-25) 37439 bytes
2026-08-20 09:34:11,143 [INFO] [OK] Brazil/ECM_ENSEMBLE_Soy_PRCP/cumulative dia 06 (2026-08-20 → 2026-08-26) 38485 bytes
2026-08-20 09:34:11,346 [INFO] [OK] Brazil/ECM_ENSEMBLE_Soy_PRCP/cumulative dia 07 (2026-08-20 → 2026-08-27) 39418 bytes
2026-08-20 09:34:11,778 [INFO] [OK] Brazil/ECM_ENSEMBLE_Soy_PRCP/cumulative dia 08 (2026-08-20 → 2026-08-28) 40290 bytes
2026-08-20 09:34:12,409 [INFO] [OK] Brazil/ECM_ENSEMBLE_Soy_PRCP/cumulative dia 09 (2026-08-20 → 2026-08-29) 41119 bytes
2026-08-20 09:34:12,618 [INFO] [OK] Brazil/ECM_ENSEMBLE_Soy_PRCP/cumulative dia 10 (2026-08-20 → 2026-08-30) 41583 bytes
2026-08-20 09:34:13,085 [INFO] [OK] Brazil/ECM_ENSEMBLE_Soy_PRCP/cumulative dia 11 (2026-08-20 → 2026-08-31) 42221 bytes
2026-08-20 09:34:13,530 [INFO] [OK] Brazil/ECM_ENSEMBLE_Soy_PRCP/cumulative dia 12 (2026-08-20 → 2026-09-01) 42696 bytes
2026-08-20 09:34:13,770 [INFO] [OK] Brazil/ECM_ENSEMBLE_Soy_PRCP/cumulative dia 13 (2026-08-20 → 2026-09-02) 43297 bytes
2026-08-20 09:34:13,851 [INFO] [OK] Brazil/ECM_ENSEMBLE_Corn_Winter_PRCP_DEP/daily dia 00 (2026-08-20 → 2026-08-20) 40820 bytes
2026-08-20 09:34:13,998 [INFO] [OK] Brazil/ECM_ENSEMBLE_Corn_Winter_PRCP_DEP/daily dia 01 (2026-08-21 → 2026-08-21) 35605 bytes
2026-08-20 09:34:14,282 [INFO] [OK] Brazil/ECM_ENSEMBLE_Soy_PRCP/cumulative dia 14 (2026-08-20 → 2026-09-03) 43547 bytes
2026-08-20 09:34:14,415 [INFO] [OK] Brazil/ECM_ENSEMBLE_Corn_Winter_PRCP_DEP/daily dia 02 (2026-08-22 → 2026-08-22) 35158 bytes
2026-08-20 09:34:14,861 [INFO] [OK] Brazil/ECM_ENSEMBLE_Corn_Winter_PRCP_DEP/daily dia 03 (2026-08-23 → 2026-08-23) 39432 bytes
2026-08-20 09:34:15,171 [INFO] [OK] Brazil/ECM_ENSEMBLE_Corn_Winter_PRCP_DEP/daily dia 05 (2026-08-25 → 2026-08-25) 42953 bytes
2026-08-20 09:34:15,197 [INFO] [OK] Brazil/ECM_ENSEMBLE_Corn_Winter_PRCP_DEP/daily dia 04 (2026-08-24 → 2026-08-24) 42375 bytes
2026-08-20 09:34:15,930 [INFO] [OK] Brazil/ECM_ENSEMBLE_Corn_Winter_PRCP_DEP/daily dia 08 (2026-08-28 → 2026-08-28) 46667 bytes
2026-08-20 09:34:15,932 [INFO] [OK] Brazil/ECM_ENSEMBLE_Corn_Winter_PRCP_DEP/daily dia 07 (2026-08-27 → 2026-08-27) 45439 bytes
2026-08-20 09:34:15,936 [INFO] [OK] Brazil/ECM_ENSEMBLE_Corn_Winter_PRCP_DEP/daily dia 06 (2026-08-26 → 2026-08-26) 43785 bytes
2026-08-20 09:34:16,819 [INFO] [OK] Brazil/ECM_ENSEMBLE_Corn_Winter_PRCP_DEP/daily dia 09 (2026-08-29 → 2026-08-29) 45785 bytes
2026-08-20 09:34:16,822 [INFO] [OK] Brazil/ECM_ENSEMBLE_Corn_Winter_PRCP_DEP/daily dia 11 (2026-08-31 → 2026-08-31) 49821 bytes
2026-08-20 09:34:16,824 [INFO] [OK] Brazil/ECM_ENSEMBLE_Corn_Winter_PRCP_DEP/daily dia 10 (2026-08-30 → 2026-08-30) 47410 bytes
2026-08-20 09:34:17,303 [INFO] [OK] Brazil/ECM_ENSEMBLE_Corn_Winter_PRCP_DEP/daily dia 14 (2026-09-03 → 2026-09-03) 52926 bytes
2026-08-20 09:34:17,479 [INFO] [OK] Brazil/ECM_ENSEMBLE_Corn_Winter_PRCP_DEP/daily dia 12 (2026-09-01 → 2026-09-01) 51871 bytes
2026-08-20 09:34:17,627 [INFO] [OK] Brazil/ECM_ENSEMBLE_Corn_Winter_PRCP_DEP/daily dia 13 (2026-09-02 → 2026-09-02) 51966 bytes
2026-08-20 09:34:18,342 [INFO] [OK] Brazil/ECM_ENSEMBLE_Corn_Winter_PRCP_DEP/cumulative dia 02 (2026-08-20 → 2026-08-22) 41652 bytes
2026-08-20 09:34:18,417 [INFO] [OK] Brazil/ECM_ENSEMBLE_Corn_Winter_PRCP_DEP/cumulative dia 01 (2026-08-20 → 2026-08-21) 41380 bytes
2026-08-20 09:34:18,525 [INFO] [OK] Brazil/ECM_ENSEMBLE_Corn_Winter_PRCP_DEP/cumulative dia 00 (2026-08-20 → 2026-08-20) 40820 bytes
2026-08-20 09:34:19,102 [INFO] [OK] Brazil/ECM_ENSEMBLE_Corn_Winter_PRCP_DEP/cumulative dia 03 (2026-08-20 → 2026-08-23) 43323 bytes
2026-08-20 09:34:19,238 [INFO] [OK] Brazil/ECM_ENSEMBLE_Corn_Winter_PRCP_DEP/cumulative dia 04 (2026-08-20 → 2026-08-24) 44995 bytes
2026-08-20 09:34:19,439 [INFO] [OK] Brazil/ECM_ENSEMBLE_Corn_Winter_PRCP_DEP/cumulative dia 05 (2026-08-20 → 2026-08-25) 46039 bytes
2026-08-20 09:34:20,156 [INFO] [OK] Brazil/ECM_ENSEMBLE_Corn_Winter_PRCP_DEP/cumulative dia 06 (2026-08-20 → 2026-08-26) 47273 bytes
2026-08-20 09:34:20,234 [INFO] [OK] Brazil/ECM_ENSEMBLE_Corn_Winter_PRCP_DEP/cumulative dia 07 (2026-08-20 → 2026-08-27) 47463 bytes
2026-08-20 09:34:20,529 [INFO] [OK] Brazil/ECM_ENSEMBLE_Corn_Winter_PRCP_DEP/cumulative dia 08 (2026-08-20 → 2026-08-28) 48236 bytes
2026-08-20 09:34:21,465 [INFO] [OK] Brazil/ECM_ENSEMBLE_Corn_Winter_PRCP_DEP/cumulative dia 09 (2026-08-20 → 2026-08-29) 49440 bytes
2026-08-20 09:34:21,467 [INFO] [OK] Brazil/ECM_ENSEMBLE_Corn_Winter_PRCP_DEP/cumulative dia 10 (2026-08-20 → 2026-08-30) 49600 bytes
2026-08-20 09:34:21,831 [INFO] [OK] Brazil/ECM_ENSEMBLE_Corn_Winter_PRCP_DEP/cumulative dia 11 (2026-08-20 → 2026-08-31) 50306 bytes
2026-08-20 09:34:22,565 [INFO] [OK] Brazil/ECM_ENSEMBLE_Corn_Winter_PRCP_DEP/cumulative dia 12 (2026-08-20 → 2026-09-01) 50562 bytes
2026-08-20 09:34:22,952 [INFO] [OK] Brazil/ECM_ENSEMBLE_Corn_Winter_PRCP_DEP/cumulative dia 13 (2026-08-20 → 2026-09-02) 51726 bytes
2026-08-20 09:34:22,954 [INFO] [OK] Brazil/ECM_ENSEMBLE_Corn_Winter_PRCP/daily dia 01 (2026-08-21 → 2026-08-21) 27057 bytes
2026-08-20 09:34:22,956 [INFO] [OK] Brazil/ECM_ENSEMBLE_Corn_Winter_PRCP/daily dia 00 (2026-08-20 → 2026-08-20) 29816 bytes
2026-08-20 09:34:22,981 [INFO] [OK] Brazil/ECM_ENSEMBLE_Corn_Winter_PRCP_DEP/cumulative dia 14 (2026-08-20 → 2026-09-03) 51857 bytes
2026-08-20 09:34:23,157 [INFO] [OK] Brazil/ECM_ENSEMBLE_Corn_Winter_PRCP/daily dia 02 (2026-08-22 → 2026-08-22) 27813 bytes
2026-08-20 09:34:24,112 [INFO] [OK] Brazil/ECM_ENSEMBLE_Corn_Winter_PRCP/daily dia 03 (2026-08-23 → 2026-08-23) 28210 bytes
2026-08-20 09:34:24,285 [INFO] [OK] Brazil/ECM_ENSEMBLE_Corn_Winter_PRCP/daily dia 04 (2026-08-24 → 2026-08-24) 29060 bytes
2026-08-20 09:34:24,421 [INFO] [OK] Brazil/ECM_ENSEMBLE_Corn_Winter_PRCP/daily dia 05 (2026-08-25 → 2026-08-25) 29555 bytes
2026-08-20 09:34:24,561 [INFO] [OK] Brazil/ECM_ENSEMBLE_Corn_Winter_PRCP/daily dia 08 (2026-08-28 → 2026-08-28) 28974 bytes
2026-08-20 09:34:24,617 [INFO] [OK] Brazil/ECM_ENSEMBLE_Corn_Winter_PRCP/daily dia 07 (2026-08-27 → 2026-08-27) 29318 bytes
2026-08-20 09:34:24,672 [INFO] [OK] Brazil/ECM_ENSEMBLE_Corn_Winter_PRCP/daily dia 06 (2026-08-26 → 2026-08-26) 29504 bytes
2026-08-20 09:34:25,422 [INFO] [OK] Brazil/ECM_ENSEMBLE_Corn_Winter_PRCP/daily dia 09 (2026-08-29 → 2026-08-29) 29307 bytes
2026-08-20 09:34:25,752 [INFO] [OK] Brazil/ECM_ENSEMBLE_Corn_Winter_PRCP/daily dia 11 (2026-08-31 → 2026-08-31) 30056 bytes
2026-08-20 09:34:25,789 [INFO] [OK] Brazil/ECM_ENSEMBLE_Corn_Winter_PRCP/daily dia 10 (2026-08-30 → 2026-08-30) 29881 bytes
2026-08-20 09:34:25,893 [INFO] [OK] Brazil/ECM_ENSEMBLE_Corn_Winter_PRCP/daily dia 13 (2026-09-02 → 2026-09-02) 29170 bytes
2026-08-20 09:34:25,907 [INFO] [OK] Brazil/ECM_ENSEMBLE_Corn_Winter_PRCP/daily dia 12 (2026-09-01 → 2026-09-01) 29416 bytes
2026-08-20 09:34:25,978 [INFO] [OK] Brazil/ECM_ENSEMBLE_Corn_Winter_PRCP/daily dia 14 (2026-09-03 → 2026-09-03) 28931 bytes
2026-08-20 09:34:26,717 [INFO] [OK] Brazil/ECM_ENSEMBLE_Corn_Winter_PRCP/cumulative dia 00 (2026-08-20 → 2026-08-20) 29816 bytes
2026-08-20 09:34:27,228 [INFO] [OK] Brazil/ECM_ENSEMBLE_Corn_Winter_PRCP/cumulative dia 01 (2026-08-20 → 2026-08-21) 30889 bytes
2026-08-20 09:34:27,467 [INFO] [OK] Brazil/ECM_ENSEMBLE_Corn_Winter_PRCP/cumulative dia 02 (2026-08-20 → 2026-08-22) 31894 bytes
2026-08-20 09:34:27,725 [INFO] [OK] Brazil/ECM_ENSEMBLE_Corn_Winter_PRCP/cumulative dia 03 (2026-08-20 → 2026-08-23) 32888 bytes
2026-08-20 09:34:27,743 [INFO] [OK] Brazil/ECM_ENSEMBLE_Corn_Winter_PRCP/cumulative dia 05 (2026-08-20 → 2026-08-25) 35903 bytes
2026-08-20 09:34:27,744 [INFO] [OK] Brazil/ECM_ENSEMBLE_Corn_Winter_PRCP/cumulative dia 04 (2026-08-20 → 2026-08-24) 34534 bytes
2026-08-20 09:34:28,576 [INFO] [OK] Brazil/ECM_ENSEMBLE_Corn_Winter_PRCP/cumulative dia 06 (2026-08-20 → 2026-08-26) 36902 bytes
2026-08-20 09:34:29,101 [INFO] [OK] Brazil/ECM_ENSEMBLE_Corn_Winter_PRCP/cumulative dia 07 (2026-08-20 → 2026-08-27) 37849 bytes
2026-08-20 09:34:29,937 [INFO] [OK] Brazil/ECM_ENSEMBLE_Corn_Winter_PRCP/cumulative dia 09 (2026-08-20 → 2026-08-29) 39407 bytes
2026-08-20 09:34:29,938 [INFO] [OK] Brazil/ECM_ENSEMBLE_Corn_Winter_PRCP/cumulative dia 08 (2026-08-20 → 2026-08-28) 38575 bytes
2026-08-20 09:34:30,076 [INFO] [OK] Brazil/ECM_ENSEMBLE_Corn_Winter_PRCP/cumulative dia 10 (2026-08-20 → 2026-08-30) 39900 bytes
2026-08-20 09:34:30,170 [INFO] [OK] Brazil/ECM_ENSEMBLE_Corn_Winter_PRCP/cumulative dia 11 (2026-08-20 → 2026-08-31) 40635 bytes
2026-08-20 09:34:30,871 [INFO] [OK] Brazil/ECM_ENSEMBLE_Corn_Winter_PRCP/cumulative dia 12 (2026-08-20 → 2026-09-01) 41316 bytes
2026-08-20 09:34:30,997 [INFO] [OK] Argentina/GFS_ENSEMBLE_Soy_PRCP_DEP/daily dia 00 (2026-08-20 → 2026-08-20) 33664 bytes
2026-08-20 09:34:31,097 [INFO] [OK] Argentina/GFS_ENSEMBLE_Soy_PRCP_DEP/daily dia 01 (2026-08-21 → 2026-08-21) 27737 bytes
2026-08-20 09:34:31,275 [INFO] [OK] Argentina/GFS_ENSEMBLE_Soy_PRCP_DEP/daily dia 02 (2026-08-22 → 2026-08-22) 27201 bytes
2026-08-20 09:34:31,433 [INFO] [OK] Brazil/ECM_ENSEMBLE_Corn_Winter_PRCP/cumulative dia 13 (2026-08-20 → 2026-09-02) 41777 bytes
2026-08-20 09:34:31,876 [INFO] [OK] Argentina/GFS_ENSEMBLE_Soy_PRCP_DEP/daily dia 03 (2026-08-23 → 2026-08-23) 30368 bytes
2026-08-20 09:34:32,025 [INFO] [OK] Argentina/GFS_ENSEMBLE_Soy_PRCP_DEP/daily dia 04 (2026-08-24 → 2026-08-24) 35807 bytes
2026-08-20 09:34:32,236 [INFO] [OK] Argentina/GFS_ENSEMBLE_Soy_PRCP_DEP/daily dia 05 (2026-08-25 → 2026-08-25) 34984 bytes
2026-08-20 09:34:32,385 [INFO] [OK] Argentina/GFS_ENSEMBLE_Soy_PRCP_DEP/daily dia 06 (2026-08-26 → 2026-08-26) 36193 bytes
2026-08-20 09:34:32,465 [INFO] [OK] Brazil/ECM_ENSEMBLE_Corn_Winter_PRCP/cumulative dia 14 (2026-08-20 → 2026-09-03) 42127 bytes
2026-08-20 09:34:32,542 [INFO] [OK] Argentina/GFS_ENSEMBLE_Soy_PRCP_DEP/daily dia 07 (2026-08-27 → 2026-08-27) 34986 bytes
2026-08-20 09:34:32,909 [INFO] [OK] Argentina/GFS_ENSEMBLE_Soy_PRCP_DEP/daily dia 08 (2026-08-28 → 2026-08-28) 34668 bytes
2026-08-20 09:34:33,137 [INFO] [OK] Argentina/GFS_ENSEMBLE_Soy_PRCP_DEP/daily dia 09 (2026-08-29 → 2026-08-29) 36440 bytes
2026-08-20 09:34:33,486 [INFO] [OK] Argentina/GFS_ENSEMBLE_Soy_PRCP_DEP/daily dia 10 (2026-08-30 → 2026-08-30) 39997 bytes
2026-08-20 09:34:33,508 [INFO] [OK] Argentina/GFS_ENSEMBLE_Soy_PRCP_DEP/daily dia 11 (2026-08-31 → 2026-08-31) 41356 bytes
2026-08-20 09:34:33,602 [INFO] [OK] Argentina/GFS_ENSEMBLE_Soy_PRCP_DEP/daily dia 12 (2026-09-01 → 2026-09-01) 41496 bytes
2026-08-20 09:34:33,670 [INFO] [OK] Argentina/GFS_ENSEMBLE_Soy_PRCP_DEP/daily dia 13 (2026-09-02 → 2026-09-02) 40714 bytes
2026-08-20 09:34:33,973 [INFO] [OK] Argentina/GFS_ENSEMBLE_Soy_PRCP_DEP/daily dia 14 (2026-09-03 → 2026-09-03) 41502 bytes
2026-08-20 09:34:34,224 [INFO] [OK] Argentina/GFS_ENSEMBLE_Soy_PRCP_DEP/cumulative dia 00 (2026-08-20 → 2026-08-20) 33664 bytes
2026-08-20 09:34:34,592 [INFO] [OK] Argentina/GFS_ENSEMBLE_Soy_PRCP_DEP/cumulative dia 01 (2026-08-20 → 2026-08-21) 33767 bytes
2026-08-20 09:34:34,618 [INFO] [OK] Argentina/GFS_ENSEMBLE_Soy_PRCP_DEP/cumulative dia 02 (2026-08-20 → 2026-08-22) 33366 bytes
2026-08-20 09:34:34,801 [INFO] [OK] Argentina/GFS_ENSEMBLE_Soy_PRCP_DEP/cumulative dia 03 (2026-08-20 → 2026-08-23) 33874 bytes
2026-08-20 09:34:34,844 [INFO] [OK] Argentina/GFS_ENSEMBLE_Soy_PRCP_DEP/cumulative dia 04 (2026-08-20 → 2026-08-24) 35308 bytes
2026-08-20 09:34:35,211 [INFO] [OK] Argentina/GFS_ENSEMBLE_Soy_PRCP_DEP/cumulative dia 05 (2026-08-20 → 2026-08-25) 37030 bytes
2026-08-20 09:34:35,450 [INFO] [OK] Argentina/GFS_ENSEMBLE_Soy_PRCP_DEP/cumulative dia 06 (2026-08-20 → 2026-08-26) 38796 bytes
2026-08-20 09:34:36,018 [INFO] [OK] Argentina/GFS_ENSEMBLE_Soy_PRCP_DEP/cumulative dia 07 (2026-08-20 → 2026-08-27) 38869 bytes
2026-08-20 09:34:36,067 [INFO] [OK] Argentina/GFS_ENSEMBLE_Soy_PRCP_DEP/cumulative dia 08 (2026-08-20 → 2026-08-28) 38300 bytes
2026-08-20 09:34:36,303 [INFO] [OK] Argentina/GFS_ENSEMBLE_Soy_PRCP_DEP/cumulative dia 10 (2026-08-20 → 2026-08-30) 39790 bytes
2026-08-20 09:34:36,431 [INFO] [OK] Argentina/GFS_ENSEMBLE_Soy_PRCP_DEP/cumulative dia 09 (2026-08-20 → 2026-08-29) 39035 bytes
2026-08-20 09:34:36,781 [INFO] [OK] Argentina/GFS_ENSEMBLE_Soy_PRCP_DEP/cumulative dia 11 (2026-08-20 → 2026-08-31) 40825 bytes
2026-08-20 09:34:36,971 [INFO] [OK] Argentina/GFS_ENSEMBLE_Soy_PRCP_DEP/cumulative dia 12 (2026-08-20 → 2026-09-01) 40381 bytes
2026-08-20 09:34:37,296 [INFO] [OK] Argentina/GFS_ENSEMBLE_Soy_PRCP/daily dia 00 (2026-08-20 → 2026-08-20) 28115 bytes
2026-08-20 09:34:37,495 [INFO] [OK] Argentina/GFS_ENSEMBLE_Soy_PRCP/daily dia 01 (2026-08-21 → 2026-08-21) 24873 bytes
2026-08-20 09:34:37,621 [INFO] [OK] Argentina/GFS_ENSEMBLE_Soy_PRCP_DEP/cumulative dia 13 (2026-08-20 → 2026-09-02) 40658 bytes
2026-08-20 09:34:37,756 [INFO] [OK] Argentina/GFS_ENSEMBLE_Soy_PRCP_DEP/cumulative dia 14 (2026-08-20 → 2026-09-03) 40386 bytes
2026-08-20 09:34:37,810 [INFO] [OK] Argentina/GFS_ENSEMBLE_Soy_PRCP/daily dia 02 (2026-08-22 → 2026-08-22) 25097 bytes
2026-08-20 09:34:38,070 [INFO] [OK] Argentina/GFS_ENSEMBLE_Soy_PRCP/daily dia 03 (2026-08-23 → 2026-08-23) 26023 bytes
2026-08-20 09:34:38,271 [INFO] [OK] Argentina/GFS_ENSEMBLE_Soy_PRCP/daily dia 04 (2026-08-24 → 2026-08-24) 26698 bytes
2026-08-20 09:34:38,501 [INFO] [OK] Argentina/GFS_ENSEMBLE_Soy_PRCP/daily dia 05 (2026-08-25 → 2026-08-25) 27494 bytes
2026-08-20 09:34:38,725 [INFO] [OK] Argentina/GFS_ENSEMBLE_Soy_PRCP/daily dia 07 (2026-08-27 → 2026-08-27) 27545 bytes
2026-08-20 09:34:38,776 [INFO] [OK] Argentina/GFS_ENSEMBLE_Soy_PRCP/daily dia 06 (2026-08-26 → 2026-08-26) 27799 bytes
2026-08-20 09:34:38,777 [INFO] [OK] Argentina/GFS_ENSEMBLE_Soy_PRCP/daily dia 08 (2026-08-28 → 2026-08-28) 27542 bytes
2026-08-20 09:34:39,074 [INFO] [OK] Argentina/GFS_ENSEMBLE_Soy_PRCP/daily dia 09 (2026-08-29 → 2026-08-29) 27052 bytes
2026-08-20 09:34:39,265 [INFO] [OK] Argentina/GFS_ENSEMBLE_Soy_PRCP/daily dia 10 (2026-08-30 → 2026-08-30) 27411 bytes
2026-08-20 09:34:39,455 [INFO] [OK] Argentina/GFS_ENSEMBLE_Soy_PRCP/daily dia 11 (2026-08-31 → 2026-08-31) 27418 bytes
2026-08-20 09:34:39,690 [INFO] [OK] Argentina/GFS_ENSEMBLE_Soy_PRCP/daily dia 12 (2026-09-01 → 2026-09-01) 27602 bytes
2026-08-20 09:34:39,789 [INFO] [OK] Argentina/GFS_ENSEMBLE_Soy_PRCP/daily dia 14 (2026-09-03 → 2026-09-03) 27279 bytes
2026-08-20 09:34:39,847 [INFO] [OK] Argentina/GFS_ENSEMBLE_Soy_PRCP/daily dia 13 (2026-09-02 → 2026-09-02) 27176 bytes
2026-08-20 09:34:40,146 [INFO] [OK] Argentina/GFS_ENSEMBLE_Soy_PRCP/cumulative dia 00 (2026-08-20 → 2026-08-20) 28115 bytes
2026-08-20 09:34:40,253 [INFO] [OK] Argentina/GFS_ENSEMBLE_Soy_PRCP/cumulative dia 01 (2026-08-20 → 2026-08-21) 28268 bytes
2026-08-20 09:34:40,503 [INFO] [OK] Argentina/GFS_ENSEMBLE_Soy_PRCP/cumulative dia 02 (2026-08-20 → 2026-08-22) 28476 bytes
2026-08-20 09:34:40,834 [INFO] [OK] Argentina/GFS_ENSEMBLE_Soy_PRCP/cumulative dia 03 (2026-08-20 → 2026-08-23) 29395 bytes
2026-08-20 09:34:40,968 [INFO] [OK] Argentina/GFS_ENSEMBLE_Soy_PRCP/cumulative dia 04 (2026-08-20 → 2026-08-24) 30431 bytes
2026-08-20 09:34:41,116 [INFO] [OK] Argentina/GFS_ENSEMBLE_Soy_PRCP/cumulative dia 05 (2026-08-20 → 2026-08-25) 31851 bytes
2026-08-20 09:34:41,384 [INFO] [OK] Argentina/GFS_ENSEMBLE_Soy_PRCP/cumulative dia 06 (2026-08-20 → 2026-08-26) 32214 bytes
2026-08-20 09:34:41,583 [INFO] [OK] Argentina/GFS_ENSEMBLE_Soy_PRCP/cumulative dia 07 (2026-08-20 → 2026-08-27) 33134 bytes
2026-08-20 09:34:41,916 [INFO] [OK] Argentina/GFS_ENSEMBLE_Soy_PRCP/cumulative dia 08 (2026-08-20 → 2026-08-28) 33318 bytes
2026-08-20 09:34:42,284 [INFO] [OK] Argentina/GFS_ENSEMBLE_Soy_PRCP/cumulative dia 09 (2026-08-20 → 2026-08-29) 34142 bytes
2026-08-20 09:34:42,475 [INFO] [OK] Argentina/GFS_ENSEMBLE_Soy_PRCP/cumulative dia 10 (2026-08-20 → 2026-08-30) 34853 bytes
2026-08-20 09:34:42,656 [INFO] [OK] Argentina/GFS_ENSEMBLE_Soy_PRCP/cumulative dia 11 (2026-08-20 → 2026-08-31) 35657 bytes
2026-08-20 09:34:42,984 [INFO] [OK] Argentina/GFS_ENSEMBLE_Soy_PRCP/cumulative dia 12 (2026-08-20 → 2026-09-01) 36093 bytes
2026-08-20 09:34:43,166 [INFO] [OK] Argentina/GFS_ENSEMBLE_Soy_PRCP/cumulative dia 13 (2026-08-20 → 2026-09-02) 36396 bytes
2026-08-20 09:34:43,289 [INFO] [OK] Argentina/GFS_ENSEMBLE_Corn_Winter_PRCP_DEP/daily dia 00 (2026-08-20 → 2026-08-20) 31807 bytes
2026-08-20 09:34:43,452 [INFO] [OK] Argentina/GFS_ENSEMBLE_Corn_Winter_PRCP_DEP/daily dia 01 (2026-08-21 → 2026-08-21) 26086 bytes
2026-08-20 09:34:43,558 [INFO] [OK] Argentina/GFS_ENSEMBLE_Soy_PRCP/cumulative dia 14 (2026-08-20 → 2026-09-03) 36732 bytes
2026-08-20 09:34:43,650 [INFO] [OK] Argentina/GFS_ENSEMBLE_Corn_Winter_PRCP_DEP/daily dia 02 (2026-08-22 → 2026-08-22) 25492 bytes
2026-08-20 09:34:43,978 [INFO] [OK] Argentina/GFS_ENSEMBLE_Corn_Winter_PRCP_DEP/daily dia 03 (2026-08-23 → 2026-08-23) 28543 bytes
2026-08-20 09:34:44,152 [INFO] [OK] Argentina/GFS_ENSEMBLE_Corn_Winter_PRCP_DEP/daily dia 04 (2026-08-24 → 2026-08-24) 34147 bytes
2026-08-20 09:34:44,307 [INFO] [OK] Argentina/GFS_ENSEMBLE_Corn_Winter_PRCP_DEP/daily dia 05 (2026-08-25 → 2026-08-25) 33282 bytes
2026-08-20 09:34:44,553 [INFO] [OK] Argentina/GFS_ENSEMBLE_Corn_Winter_PRCP_DEP/daily dia 06 (2026-08-26 → 2026-08-26) 34466 bytes
2026-08-20 09:34:44,589 [INFO] [OK] Argentina/GFS_ENSEMBLE_Corn_Winter_PRCP_DEP/daily dia 07 (2026-08-27 → 2026-08-27) 33252 bytes
2026-08-20 09:34:44,614 [INFO] [OK] Argentina/GFS_ENSEMBLE_Corn_Winter_PRCP_DEP/daily dia 08 (2026-08-28 → 2026-08-28) 32613 bytes
2026-08-20 09:34:45,045 [INFO] [OK] Argentina/GFS_ENSEMBLE_Corn_Winter_PRCP_DEP/daily dia 09 (2026-08-29 → 2026-08-29) 34567 bytes
2026-08-20 09:34:45,231 [INFO] [OK] Argentina/GFS_ENSEMBLE_Corn_Winter_PRCP_DEP/daily dia 10 (2026-08-30 → 2026-08-30) 38218 bytes
2026-08-20 09:34:45,297 [INFO] [OK] Argentina/GFS_ENSEMBLE_Corn_Winter_PRCP_DEP/daily dia 11 (2026-08-31 → 2026-08-31) 39550 bytes
2026-08-20 09:34:45,866 [INFO] [OK] Argentina/GFS_ENSEMBLE_Corn_Winter_PRCP_DEP/daily dia 14 (2026-09-03 → 2026-09-03) 39807 bytes
2026-08-20 09:34:45,875 [INFO] [OK] Argentina/GFS_ENSEMBLE_Corn_Winter_PRCP_DEP/daily dia 13 (2026-09-02 → 2026-09-02) 39162 bytes
2026-08-20 09:34:45,882 [INFO] [OK] Argentina/GFS_ENSEMBLE_Corn_Winter_PRCP_DEP/daily dia 12 (2026-09-01 → 2026-09-01) 39680 bytes
2026-08-20 09:34:46,301 [INFO] [OK] Argentina/GFS_ENSEMBLE_Corn_Winter_PRCP_DEP/cumulative dia 00 (2026-08-20 → 2026-08-20) 31807 bytes
2026-08-20 09:34:47,156 [INFO] [OK] Argentina/GFS_ENSEMBLE_Corn_Winter_PRCP_DEP/cumulative dia 01 (2026-08-20 → 2026-08-21) 31965 bytes
2026-08-20 09:34:47,160 [INFO] [OK] Argentina/GFS_ENSEMBLE_Corn_Winter_PRCP_DEP/cumulative dia 02 (2026-08-20 → 2026-08-22) 31477 bytes
2026-08-20 09:34:47,163 [INFO] [OK] Argentina/GFS_ENSEMBLE_Corn_Winter_PRCP_DEP/cumulative dia 03 (2026-08-20 → 2026-08-23) 31878 bytes
2026-08-20 09:34:47,690 [INFO] [OK] Argentina/GFS_ENSEMBLE_Corn_Winter_PRCP_DEP/cumulative dia 04 (2026-08-20 → 2026-08-24) 33504 bytes
2026-08-20 09:34:47,698 [INFO] [OK] Argentina/GFS_ENSEMBLE_Corn_Winter_PRCP_DEP/cumulative dia 05 (2026-08-20 → 2026-08-25) 35252 bytes
2026-08-20 09:34:47,705 [INFO] [OK] Argentina/GFS_ENSEMBLE_Corn_Winter_PRCP_DEP/cumulative dia 06 (2026-08-20 → 2026-08-26) 37368 bytes
2026-08-20 09:34:49,301 [INFO] [OK] Argentina/GFS_ENSEMBLE_Corn_Winter_PRCP_DEP/cumulative dia 07 (2026-08-20 → 2026-08-27) 37201 bytes
2026-08-20 09:34:49,311 [INFO] [OK] Argentina/GFS_ENSEMBLE_Corn_Winter_PRCP_DEP/cumulative dia 08 (2026-08-20 → 2026-08-28) 36712 bytes
2026-08-20 09:34:49,333 [INFO] [OK] Argentina/GFS_ENSEMBLE_Corn_Winter_PRCP_DEP/cumulative dia 10 (2026-08-20 → 2026-08-30) 38064 bytes
2026-08-20 09:34:49,364 [INFO] [OK] Argentina/GFS_ENSEMBLE_Corn_Winter_PRCP_DEP/cumulative dia 11 (2026-08-20 → 2026-08-31) 39127 bytes
2026-08-20 09:34:49,405 [INFO] [OK] Argentina/GFS_ENSEMBLE_Corn_Winter_PRCP_DEP/cumulative dia 09 (2026-08-20 → 2026-08-29) 37416 bytes
2026-08-20 09:34:49,691 [INFO] [OK] Argentina/GFS_ENSEMBLE_Corn_Winter_PRCP_DEP/cumulative dia 12 (2026-08-20 → 2026-09-01) 38926 bytes
2026-08-20 09:34:50,369 [INFO] [OK] Argentina/GFS_ENSEMBLE_Corn_Winter_PRCP/daily dia 00 (2026-08-20 → 2026-08-20) 26077 bytes
2026-08-20 09:34:50,387 [INFO] [OK] Argentina/GFS_ENSEMBLE_Corn_Winter_PRCP/daily dia 01 (2026-08-21 → 2026-08-21) 22985 bytes
2026-08-20 09:34:50,402 [INFO] [OK] Argentina/GFS_ENSEMBLE_Corn_Winter_PRCP/daily dia 02 (2026-08-22 → 2026-08-22) 23196 bytes
2026-08-20 09:34:50,730 [INFO] [OK] Argentina/GFS_ENSEMBLE_Corn_Winter_PRCP/daily dia 03 (2026-08-23 → 2026-08-23) 24185 bytes
2026-08-20 09:34:50,934 [INFO] [OK] Argentina/GFS_ENSEMBLE_Corn_Winter_PRCP_DEP/cumulative dia 13 (2026-08-20 → 2026-09-02) 39200 bytes
2026-08-20 09:34:51,191 [INFO] [OK] Argentina/GFS_ENSEMBLE_Corn_Winter_PRCP_DEP/cumulative dia 14 (2026-08-20 → 2026-09-03) 39085 bytes
2026-08-20 09:34:51,450 [INFO] [OK] Argentina/GFS_ENSEMBLE_Corn_Winter_PRCP/daily dia 04 (2026-08-24 → 2026-08-24) 24936 bytes
2026-08-20 09:34:51,468 [INFO] [OK] Argentina/GFS_ENSEMBLE_Corn_Winter_PRCP/daily dia 05 (2026-08-25 → 2026-08-25) 25567 bytes
2026-08-20 09:34:51,476 [INFO] [OK] Argentina/GFS_ENSEMBLE_Corn_Winter_PRCP/daily dia 06 (2026-08-26 → 2026-08-26) 25871 bytes
2026-08-20 09:34:51,763 [INFO] [OK] Argentina/GFS_ENSEMBLE_Corn_Winter_PRCP/daily dia 07 (2026-08-27 → 2026-08-27) 25620 bytes
2026-08-20 09:34:51,951 [INFO] [OK] Argentina/GFS_ENSEMBLE_Corn_Winter_PRCP/daily dia 08 (2026-08-28 → 2026-08-28) 25585 bytes
2026-08-20 09:34:52,216 [INFO] [OK] Argentina/GFS_ENSEMBLE_Corn_Winter_PRCP/daily dia 09 (2026-08-29 → 2026-08-29) 25232 bytes
2026-08-20 09:34:52,482 [INFO] [OK] Argentina/GFS_ENSEMBLE_Corn_Winter_PRCP/daily dia 11 (2026-08-31 → 2026-08-31) 25594 bytes
2026-08-20 09:34:52,535 [INFO] [OK] Argentina/GFS_ENSEMBLE_Corn_Winter_PRCP/daily dia 12 (2026-09-01 → 2026-09-01) 25723 bytes
2026-08-20 09:34:52,537 [INFO] [OK] Argentina/GFS_ENSEMBLE_Corn_Winter_PRCP/daily dia 10 (2026-08-30 → 2026-08-30) 25683 bytes
2026-08-20 09:34:52,769 [INFO] [OK] Argentina/GFS_ENSEMBLE_Corn_Winter_PRCP/daily dia 13 (2026-09-02 → 2026-09-02) 25380 bytes
2026-08-20 09:34:53,014 [INFO] [OK] Argentina/GFS_ENSEMBLE_Corn_Winter_PRCP/daily dia 14 (2026-09-03 → 2026-09-03) 25542 bytes
2026-08-20 09:34:53,276 [INFO] [OK] Argentina/GFS_ENSEMBLE_Corn_Winter_PRCP/cumulative dia 00 (2026-08-20 → 2026-08-20) 26077 bytes
2026-08-20 09:34:53,745 [INFO] [OK] Argentina/GFS_ENSEMBLE_Corn_Winter_PRCP/cumulative dia 01 (2026-08-20 → 2026-08-21) 26212 bytes
2026-08-20 09:34:53,753 [INFO] [OK] Argentina/GFS_ENSEMBLE_Corn_Winter_PRCP/cumulative dia 03 (2026-08-20 → 2026-08-23) 27452 bytes
2026-08-20 09:34:53,761 [INFO] [OK] Argentina/GFS_ENSEMBLE_Corn_Winter_PRCP/cumulative dia 02 (2026-08-20 → 2026-08-22) 26439 bytes
2026-08-20 09:34:53,993 [INFO] [OK] Argentina/GFS_ENSEMBLE_Corn_Winter_PRCP/cumulative dia 04 (2026-08-20 → 2026-08-24) 28607 bytes
2026-08-20 09:34:54,240 [INFO] [OK] Argentina/GFS_ENSEMBLE_Corn_Winter_PRCP/cumulative dia 05 (2026-08-20 → 2026-08-25) 29958 bytes
2026-08-20 09:34:54,531 [INFO] [OK] Argentina/GFS_ENSEMBLE_Corn_Winter_PRCP/cumulative dia 06 (2026-08-20 → 2026-08-26) 30416 bytes
2026-08-20 09:34:55,103 [INFO] [OK] Argentina/GFS_ENSEMBLE_Corn_Winter_PRCP/cumulative dia 07 (2026-08-20 → 2026-08-27) 31354 bytes
2026-08-20 09:34:55,168 [INFO] [OK] Argentina/GFS_ENSEMBLE_Corn_Winter_PRCP/cumulative dia 09 (2026-08-20 → 2026-08-29) 32351 bytes
2026-08-20 09:34:55,215 [INFO] [OK] Argentina/GFS_ENSEMBLE_Corn_Winter_PRCP/cumulative dia 08 (2026-08-20 → 2026-08-28) 31614 bytes
2026-08-20 09:34:55,775 [INFO] [OK] Argentina/GFS_ENSEMBLE_Corn_Winter_PRCP/cumulative dia 10 (2026-08-20 → 2026-08-30) 32881 bytes
2026-08-20 09:34:55,803 [INFO] [OK] Argentina/GFS_ENSEMBLE_Corn_Winter_PRCP/cumulative dia 11 (2026-08-20 → 2026-08-31) 33730 bytes
2026-08-20 09:34:56,110 [INFO] [OK] Argentina/GFS_ENSEMBLE_Corn_Winter_PRCP/cumulative dia 12 (2026-08-20 → 2026-09-01) 34248 bytes
2026-08-20 09:34:56,251 [INFO] [OK] Argentina/ECM_ENSEMBLE_Soy_PRCP_DEP/daily dia 00 (2026-08-20 → 2026-08-20) 35042 bytes
2026-08-20 09:34:56,687 [INFO] [OK] Argentina/GFS_ENSEMBLE_Corn_Winter_PRCP/cumulative dia 13 (2026-08-20 → 2026-09-02) 34662 bytes
2026-08-20 09:34:56,796 [INFO] [OK] Argentina/ECM_ENSEMBLE_Soy_PRCP_DEP/daily dia 01 (2026-08-21 → 2026-08-21) 29633 bytes
2026-08-20 09:34:56,824 [INFO] [OK] Argentina/GFS_ENSEMBLE_Corn_Winter_PRCP/cumulative dia 14 (2026-08-20 → 2026-09-03) 35090 bytes
2026-08-20 09:34:56,824 [INFO] [OK] Argentina/ECM_ENSEMBLE_Soy_PRCP_DEP/daily dia 02 (2026-08-22 → 2026-08-22) 30502 bytes
2026-08-20 09:34:57,137 [INFO] [OK] Argentina/ECM_ENSEMBLE_Soy_PRCP_DEP/daily dia 03 (2026-08-23 → 2026-08-23) 34456 bytes
2026-08-20 09:34:57,265 [INFO] [OK] Argentina/ECM_ENSEMBLE_Soy_PRCP_DEP/daily dia 04 (2026-08-24 → 2026-08-24) 38237 bytes
2026-08-20 09:34:57,791 [INFO] [OK] Argentina/ECM_ENSEMBLE_Soy_PRCP_DEP/daily dia 05 (2026-08-25 → 2026-08-25) 37991 bytes
2026-08-20 09:34:57,906 [INFO] [OK] Argentina/ECM_ENSEMBLE_Soy_PRCP_DEP/daily dia 08 (2026-08-28 → 2026-08-28) 40207 bytes
2026-08-20 09:34:58,023 [INFO] [OK] Argentina/ECM_ENSEMBLE_Soy_PRCP_DEP/daily dia 07 (2026-08-27 → 2026-08-27) 39500 bytes
2026-08-20 09:34:58,025 [INFO] [OK] Argentina/ECM_ENSEMBLE_Soy_PRCP_DEP/daily dia 06 (2026-08-26 → 2026-08-26) 38584 bytes
2026-08-20 09:34:58,152 [INFO] [OK] Argentina/ECM_ENSEMBLE_Soy_PRCP_DEP/daily dia 09 (2026-08-29 → 2026-08-29) 39650 bytes
2026-08-20 09:34:58,338 [INFO] [OK] Argentina/ECM_ENSEMBLE_Soy_PRCP_DEP/daily dia 10 (2026-08-30 → 2026-08-30) 41103 bytes
2026-08-20 09:34:58,825 [INFO] [OK] Argentina/ECM_ENSEMBLE_Soy_PRCP_DEP/daily dia 11 (2026-08-31 → 2026-08-31) 43383 bytes
2026-08-20 09:34:58,944 [INFO] [OK] Argentina/ECM_ENSEMBLE_Soy_PRCP_DEP/daily dia 12 (2026-09-01 → 2026-09-01) 44988 bytes
2026-08-20 09:34:59,133 [INFO] [OK] Argentina/ECM_ENSEMBLE_Soy_PRCP_DEP/daily dia 14 (2026-09-03 → 2026-09-03) 45274 bytes
2026-08-20 09:34:59,213 [INFO] [OK] Argentina/ECM_ENSEMBLE_Soy_PRCP_DEP/daily dia 13 (2026-09-02 → 2026-09-02) 44528 bytes
2026-08-20 09:34:59,218 [INFO] [OK] Argentina/ECM_ENSEMBLE_Soy_PRCP_DEP/cumulative dia 00 (2026-08-20 → 2026-08-20) 35042 bytes
2026-08-20 09:34:59,375 [INFO] [OK] Argentina/ECM_ENSEMBLE_Soy_PRCP_DEP/cumulative dia 01 (2026-08-20 → 2026-08-21) 36640 bytes
2026-08-20 09:34:59,964 [INFO] [OK] Argentina/ECM_ENSEMBLE_Soy_PRCP_DEP/cumulative dia 02 (2026-08-20 → 2026-08-22) 37394 bytes
2026-08-20 09:35:00,222 [INFO] [OK] Argentina/ECM_ENSEMBLE_Soy_PRCP_DEP/cumulative dia 03 (2026-08-20 → 2026-08-23) 39629 bytes
2026-08-20 09:35:00,384 [INFO] [OK] Argentina/ECM_ENSEMBLE_Soy_PRCP_DEP/cumulative dia 04 (2026-08-20 → 2026-08-24) 41321 bytes
2026-08-20 09:35:00,621 [INFO] [OK] Argentina/ECM_ENSEMBLE_Soy_PRCP_DEP/cumulative dia 05 (2026-08-20 → 2026-08-25) 42715 bytes
2026-08-20 09:35:00,675 [INFO] [OK] Argentina/ECM_ENSEMBLE_Soy_PRCP_DEP/cumulative dia 06 (2026-08-20 → 2026-08-26) 43140 bytes
2026-08-20 09:35:00,873 [INFO] [OK] Argentina/ECM_ENSEMBLE_Soy_PRCP_DEP/cumulative dia 07 (2026-08-20 → 2026-08-27) 43003 bytes
2026-08-20 09:35:01,337 [INFO] [OK] Argentina/ECM_ENSEMBLE_Soy_PRCP_DEP/cumulative dia 08 (2026-08-20 → 2026-08-28) 43248 bytes
2026-08-20 09:35:01,653 [INFO] [OK] Argentina/ECM_ENSEMBLE_Soy_PRCP_DEP/cumulative dia 09 (2026-08-20 → 2026-08-29) 44037 bytes
2026-08-20 09:35:01,928 [INFO] [OK] Argentina/ECM_ENSEMBLE_Soy_PRCP_DEP/cumulative dia 10 (2026-08-20 → 2026-08-30) 44186 bytes
2026-08-20 09:35:02,237 [INFO] [OK] Argentina/ECM_ENSEMBLE_Soy_PRCP_DEP/cumulative dia 11 (2026-08-20 → 2026-08-31) 44358 bytes
2026-08-20 09:35:02,281 [INFO] [OK] Argentina/ECM_ENSEMBLE_Soy_PRCP_DEP/cumulative dia 12 (2026-08-20 → 2026-09-01) 44444 bytes
2026-08-20 09:35:02,476 [INFO] [OK] Argentina/ECM_ENSEMBLE_Soy_PRCP_DEP/cumulative dia 13 (2026-08-20 → 2026-09-02) 44720 bytes
2026-08-20 09:35:02,672 [INFO] [OK] Argentina/ECM_ENSEMBLE_Soy_PRCP/daily dia 00 (2026-08-20 → 2026-08-20) 28591 bytes
2026-08-20 09:35:02,967 [INFO] [OK] Argentina/ECM_ENSEMBLE_Soy_PRCP/daily dia 01 (2026-08-21 → 2026-08-21) 25185 bytes
2026-08-20 09:35:03,340 [INFO] [OK] Argentina/ECM_ENSEMBLE_Soy_PRCP/daily dia 02 (2026-08-22 → 2026-08-22) 25447 bytes
2026-08-20 09:35:03,343 [INFO] [OK] Argentina/ECM_ENSEMBLE_Soy_PRCP/daily dia 03 (2026-08-23 → 2026-08-23) 25967 bytes
2026-08-20 09:35:03,354 [INFO] [OK] Argentina/ECM_ENSEMBLE_Soy_PRCP_DEP/cumulative dia 14 (2026-08-20 → 2026-09-03) 44646 bytes
2026-08-20 09:35:03,459 [INFO] [OK] Argentina/ECM_ENSEMBLE_Soy_PRCP/daily dia 04 (2026-08-24 → 2026-08-24) 27592 bytes
2026-08-20 09:35:03,910 [INFO] [OK] Argentina/ECM_ENSEMBLE_Soy_PRCP/daily dia 06 (2026-08-26 → 2026-08-26) 29425 bytes
2026-08-20 09:35:03,955 [INFO] [OK] Argentina/ECM_ENSEMBLE_Soy_PRCP/daily dia 05 (2026-08-25 → 2026-08-25) 29011 bytes
2026-08-20 09:35:04,331 [INFO] [OK] Argentina/ECM_ENSEMBLE_Soy_PRCP/daily dia 08 (2026-08-28 → 2026-08-28) 28608 bytes
2026-08-20 09:35:04,389 [INFO] [OK] Argentina/ECM_ENSEMBLE_Soy_PRCP/daily dia 09 (2026-08-29 → 2026-08-29) 29243 bytes
2026-08-20 09:35:04,478 [INFO] [OK] Argentina/ECM_ENSEMBLE_Soy_PRCP/daily dia 07 (2026-08-27 → 2026-08-27) 29431 bytes
2026-08-20 09:35:04,497 [INFO] [OK] Argentina/ECM_ENSEMBLE_Soy_PRCP/daily dia 10 (2026-08-30 → 2026-08-30) 29838 bytes
2026-08-20 09:35:04,942 [INFO] [OK] Argentina/ECM_ENSEMBLE_Soy_PRCP/daily dia 11 (2026-08-31 → 2026-08-31) 29487 bytes
2026-08-20 09:35:04,950 [INFO] [OK] Argentina/ECM_ENSEMBLE_Soy_PRCP/daily dia 12 (2026-09-01 → 2026-09-01) 28813 bytes
2026-08-20 09:35:05,391 [INFO] [OK] Argentina/ECM_ENSEMBLE_Soy_PRCP/daily dia 14 (2026-09-03 → 2026-09-03) 27791 bytes
2026-08-20 09:35:05,545 [INFO] [OK] Argentina/ECM_ENSEMBLE_Soy_PRCP/daily dia 13 (2026-09-02 → 2026-09-02) 28246 bytes
2026-08-20 09:35:05,551 [INFO] [OK] Argentina/ECM_ENSEMBLE_Soy_PRCP/cumulative dia 00 (2026-08-20 → 2026-08-20) 28591 bytes
2026-08-20 09:35:05,629 [INFO] [OK] Argentina/ECM_ENSEMBLE_Soy_PRCP/cumulative dia 01 (2026-08-20 → 2026-08-21) 28992 bytes
2026-08-20 09:35:06,051 [INFO] [OK] Argentina/ECM_ENSEMBLE_Soy_PRCP/cumulative dia 02 (2026-08-20 → 2026-08-22) 29399 bytes
2026-08-20 09:35:06,151 [INFO] [OK] Argentina/ECM_ENSEMBLE_Soy_PRCP/cumulative dia 03 (2026-08-20 → 2026-08-23) 30068 bytes
2026-08-20 09:35:06,894 [INFO] [OK] Argentina/ECM_ENSEMBLE_Soy_PRCP/cumulative dia 04 (2026-08-20 → 2026-08-24) 31282 bytes
2026-08-20 09:35:06,895 [INFO] [OK] Argentina/ECM_ENSEMBLE_Soy_PRCP/cumulative dia 05 (2026-08-20 → 2026-08-25) 33064 bytes
2026-08-20 09:35:06,916 [INFO] [OK] Argentina/ECM_ENSEMBLE_Soy_PRCP/cumulative dia 06 (2026-08-20 → 2026-08-26) 34272 bytes
2026-08-20 09:35:07,073 [INFO] [OK] Argentina/ECM_ENSEMBLE_Soy_PRCP/cumulative dia 07 (2026-08-20 → 2026-08-27) 35106 bytes
2026-08-20 09:35:07,510 [INFO] [OK] Argentina/ECM_ENSEMBLE_Soy_PRCP/cumulative dia 08 (2026-08-20 → 2026-08-28) 36111 bytes
2026-08-20 09:35:07,657 [INFO] [OK] Argentina/ECM_ENSEMBLE_Soy_PRCP/cumulative dia 09 (2026-08-20 → 2026-08-29) 37146 bytes
2026-08-20 09:35:08,526 [INFO] [OK] Argentina/ECM_ENSEMBLE_Soy_PRCP/cumulative dia 11 (2026-08-20 → 2026-08-31) 38119 bytes
2026-08-20 09:35:08,565 [INFO] [OK] Argentina/ECM_ENSEMBLE_Soy_PRCP/cumulative dia 10 (2026-08-20 → 2026-08-30) 37308 bytes
2026-08-20 09:35:08,689 [INFO] [OK] Argentina/ECM_ENSEMBLE_Soy_PRCP/cumulative dia 12 (2026-08-20 → 2026-09-01) 38518 bytes
2026-08-20 09:35:08,786 [INFO] [OK] Argentina/ECM_ENSEMBLE_Corn_Winter_PRCP_DEP/daily dia 00 (2026-08-20 → 2026-08-20) 33116 bytes
2026-08-20 09:35:09,061 [INFO] [OK] Argentina/ECM_ENSEMBLE_Soy_PRCP/cumulative dia 13 (2026-08-20 → 2026-09-02) 38948 bytes
2026-08-20 09:35:09,165 [INFO] [OK] Argentina/ECM_ENSEMBLE_Soy_PRCP/cumulative dia 14 (2026-08-20 → 2026-09-03) 39006 bytes
2026-08-20 09:35:09,494 [INFO] [OK] Argentina/ECM_ENSEMBLE_Corn_Winter_PRCP_DEP/daily dia 01 (2026-08-21 → 2026-08-21) 28029 bytes
2026-08-20 09:35:09,558 [INFO] [OK] Argentina/ECM_ENSEMBLE_Corn_Winter_PRCP_DEP/daily dia 02 (2026-08-22 → 2026-08-22) 28511 bytes
2026-08-20 09:35:09,718 [INFO] [OK] Argentina/ECM_ENSEMBLE_Corn_Winter_PRCP_DEP/daily dia 03 (2026-08-23 → 2026-08-23) 32517 bytes
2026-08-20 09:35:09,787 [INFO] [OK] Argentina/ECM_ENSEMBLE_Corn_Winter_PRCP_DEP/daily dia 04 (2026-08-24 → 2026-08-24) 36465 bytes
2026-08-20 09:35:10,065 [INFO] [OK] Argentina/ECM_ENSEMBLE_Corn_Winter_PRCP_DEP/daily dia 05 (2026-08-25 → 2026-08-25) 36436 bytes
2026-08-20 09:35:10,200 [INFO] [OK] Argentina/ECM_ENSEMBLE_Corn_Winter_PRCP_DEP/daily dia 06 (2026-08-26 → 2026-08-26) 36860 bytes
2026-08-20 09:35:10,481 [INFO] [OK] Argentina/ECM_ENSEMBLE_Corn_Winter_PRCP_DEP/daily dia 07 (2026-08-27 → 2026-08-27) 37795 bytes
2026-08-20 09:35:10,716 [INFO] [OK] Argentina/ECM_ENSEMBLE_Corn_Winter_PRCP_DEP/daily dia 08 (2026-08-28 → 2026-08-28) 38715 bytes
2026-08-20 09:35:10,750 [INFO] [OK] Argentina/ECM_ENSEMBLE_Corn_Winter_PRCP_DEP/daily dia 09 (2026-08-29 → 2026-08-29) 37895 bytes
2026-08-20 09:35:10,790 [INFO] [OK] Argentina/ECM_ENSEMBLE_Corn_Winter_PRCP_DEP/daily dia 10 (2026-08-30 → 2026-08-30) 39317 bytes
2026-08-20 09:35:11,118 [INFO] [OK] Argentina/ECM_ENSEMBLE_Corn_Winter_PRCP_DEP/daily dia 11 (2026-08-31 → 2026-08-31) 41668 bytes
2026-08-20 09:35:11,283 [INFO] [OK] Argentina/ECM_ENSEMBLE_Corn_Winter_PRCP_DEP/daily dia 12 (2026-09-01 → 2026-09-01) 43451 bytes
2026-08-20 09:35:11,513 [INFO] [OK] Argentina/ECM_ENSEMBLE_Corn_Winter_PRCP_DEP/daily dia 13 (2026-09-02 → 2026-09-02) 43076 bytes
2026-08-20 09:35:11,836 [INFO] [OK] Argentina/ECM_ENSEMBLE_Corn_Winter_PRCP_DEP/daily dia 14 (2026-09-03 → 2026-09-03) 43903 bytes
2026-08-20 09:35:11,847 [INFO] [OK] Argentina/ECM_ENSEMBLE_Corn_Winter_PRCP_DEP/cumulative dia 01 (2026-08-20 → 2026-08-21) 34827 bytes
2026-08-20 09:35:11,992 [INFO] [OK] Argentina/ECM_ENSEMBLE_Corn_Winter_PRCP_DEP/cumulative dia 00 (2026-08-20 → 2026-08-20) 33116 bytes
2026-08-20 09:35:12,401 [INFO] [OK] Argentina/ECM_ENSEMBLE_Corn_Winter_PRCP_DEP/cumulative dia 02 (2026-08-20 → 2026-08-22) 35280 bytes
2026-08-20 09:35:12,491 [INFO] [OK] Argentina/ECM_ENSEMBLE_Corn_Winter_PRCP_DEP/cumulative dia 03 (2026-08-20 → 2026-08-23) 37833 bytes
2026-08-20 09:35:12,885 [INFO] [OK] Argentina/ECM_ENSEMBLE_Corn_Winter_PRCP_DEP/cumulative dia 04 (2026-08-20 → 2026-08-24) 39457 bytes
2026-08-20 09:35:14,072 [INFO] [OK] Argentina/ECM_ENSEMBLE_Corn_Winter_PRCP_DEP/cumulative dia 05 (2026-08-20 → 2026-08-25) 40994 bytes
2026-08-20 09:35:14,087 [INFO] [OK] Argentina/ECM_ENSEMBLE_Corn_Winter_PRCP_DEP/cumulative dia 08 (2026-08-20 → 2026-08-28) 41427 bytes
2026-08-20 09:35:14,088 [INFO] [OK] Argentina/ECM_ENSEMBLE_Corn_Winter_PRCP_DEP/cumulative dia 06 (2026-08-20 → 2026-08-26) 41651 bytes
2026-08-20 09:35:14,095 [INFO] [OK] Argentina/ECM_ENSEMBLE_Corn_Winter_PRCP_DEP/cumulative dia 07 (2026-08-20 → 2026-08-27) 41251 bytes
2026-08-20 09:35:14,096 [INFO] [OK] Argentina/ECM_ENSEMBLE_Corn_Winter_PRCP_DEP/cumulative dia 09 (2026-08-20 → 2026-08-29) 42316 bytes
2026-08-20 09:35:14,296 [INFO] [OK] Argentina/ECM_ENSEMBLE_Corn_Winter_PRCP_DEP/cumulative dia 10 (2026-08-20 → 2026-08-30) 42645 bytes
2026-08-20 09:35:15,164 [INFO] [OK] Argentina/ECM_ENSEMBLE_Corn_Winter_PRCP/daily dia 00 (2026-08-20 → 2026-08-20) 26514 bytes
2026-08-20 09:35:15,308 [INFO] [OK] Argentina/ECM_ENSEMBLE_Corn_Winter_PRCP/daily dia 01 (2026-08-21 → 2026-08-21) 23254 bytes
2026-08-20 09:35:15,733 [INFO] [OK] Argentina/ECM_ENSEMBLE_Corn_Winter_PRCP_DEP/cumulative dia 11 (2026-08-20 → 2026-08-31) 42539 bytes
2026-08-20 09:35:15,774 [INFO] [OK] Argentina/ECM_ENSEMBLE_Corn_Winter_PRCP_DEP/cumulative dia 13 (2026-08-20 → 2026-09-02) 43046 bytes
2026-08-20 09:35:15,780 [INFO] [OK] Argentina/ECM_ENSEMBLE_Corn_Winter_PRCP_DEP/cumulative dia 12 (2026-08-20 → 2026-09-01) 42614 bytes
2026-08-20 09:35:15,828 [INFO] [OK] Argentina/ECM_ENSEMBLE_Corn_Winter_PRCP_DEP/cumulative dia 14 (2026-08-20 → 2026-09-03) 43140 bytes
2026-08-20 09:35:16,120 [INFO] [OK] Argentina/ECM_ENSEMBLE_Corn_Winter_PRCP/daily dia 02 (2026-08-22 → 2026-08-22) 23526 bytes
2026-08-20 09:35:16,314 [INFO] [OK] Argentina/ECM_ENSEMBLE_Corn_Winter_PRCP/daily dia 03 (2026-08-23 → 2026-08-23) 24145 bytes
2026-08-20 09:35:16,798 [INFO] [OK] Argentina/ECM_ENSEMBLE_Corn_Winter_PRCP/daily dia 05 (2026-08-25 → 2026-08-25) 27122 bytes
2026-08-20 09:35:16,800 [INFO] [OK] Argentina/ECM_ENSEMBLE_Corn_Winter_PRCP/daily dia 06 (2026-08-26 → 2026-08-26) 27585 bytes
2026-08-20 09:35:16,802 [INFO] [OK] Argentina/ECM_ENSEMBLE_Corn_Winter_PRCP/daily dia 04 (2026-08-24 → 2026-08-24) 25804 bytes
2026-08-20 09:35:16,898 [INFO] [OK] Argentina/ECM_ENSEMBLE_Corn_Winter_PRCP/daily dia 07 (2026-08-27 → 2026-08-27) 27447 bytes
2026-08-20 09:35:17,092 [INFO] [OK] Argentina/ECM_ENSEMBLE_Corn_Winter_PRCP/daily dia 08 (2026-08-28 → 2026-08-28) 26824 bytes
2026-08-20 09:35:17,369 [INFO] [OK] Argentina/ECM_ENSEMBLE_Corn_Winter_PRCP/daily dia 09 (2026-08-29 → 2026-08-29) 27325 bytes
2026-08-20 09:35:17,811 [INFO] [OK] Argentina/ECM_ENSEMBLE_Corn_Winter_PRCP/daily dia 10 (2026-08-30 → 2026-08-30) 28030 bytes
2026-08-20 09:35:17,877 [INFO] [OK] Argentina/ECM_ENSEMBLE_Corn_Winter_PRCP/daily dia 12 (2026-09-01 → 2026-09-01) 27315 bytes
2026-08-20 09:35:17,882 [INFO] [OK] Argentina/ECM_ENSEMBLE_Corn_Winter_PRCP/daily dia 13 (2026-09-02 → 2026-09-02) 26642 bytes
2026-08-20 09:35:17,890 [INFO] [OK] Argentina/ECM_ENSEMBLE_Corn_Winter_PRCP/daily dia 11 (2026-08-31 → 2026-08-31) 27848 bytes
2026-08-20 09:35:18,101 [INFO] [OK] Argentina/ECM_ENSEMBLE_Corn_Winter_PRCP/daily dia 14 (2026-09-03 → 2026-09-03) 26078 bytes
2026-08-20 09:35:18,358 [INFO] [OK] Argentina/ECM_ENSEMBLE_Corn_Winter_PRCP/cumulative dia 00 (2026-08-20 → 2026-08-20) 26514 bytes
2026-08-20 09:35:18,871 [INFO] [OK] Argentina/ECM_ENSEMBLE_Corn_Winter_PRCP/cumulative dia 01 (2026-08-20 → 2026-08-21) 26933 bytes
2026-08-20 09:35:18,918 [INFO] [OK] Argentina/ECM_ENSEMBLE_Corn_Winter_PRCP/cumulative dia 02 (2026-08-20 → 2026-08-22) 27347 bytes
2026-08-20 09:35:19,010 [INFO] [OK] Argentina/ECM_ENSEMBLE_Corn_Winter_PRCP/cumulative dia 03 (2026-08-20 → 2026-08-23) 28202 bytes
2026-08-20 09:35:19,108 [INFO] [OK] Argentina/ECM_ENSEMBLE_Corn_Winter_PRCP/cumulative dia 04 (2026-08-20 → 2026-08-24) 29268 bytes
2026-08-20 09:35:19,429 [INFO] [OK] Argentina/ECM_ENSEMBLE_Corn_Winter_PRCP/cumulative dia 05 (2026-08-20 → 2026-08-25) 31120 bytes
2026-08-20 09:35:19,831 [INFO] [OK] Argentina/ECM_ENSEMBLE_Corn_Winter_PRCP/cumulative dia 06 (2026-08-20 → 2026-08-26) 32305 bytes
2026-08-20 09:35:20,279 [INFO] [OK] Argentina/ECM_ENSEMBLE_Corn_Winter_PRCP/cumulative dia 07 (2026-08-20 → 2026-08-27) 33244 bytes
2026-08-20 09:35:20,346 [INFO] [OK] Argentina/ECM_ENSEMBLE_Corn_Winter_PRCP/cumulative dia 08 (2026-08-20 → 2026-08-28) 34063 bytes
2026-08-20 09:35:20,629 [INFO] [OK] Argentina/ECM_ENSEMBLE_Corn_Winter_PRCP/cumulative dia 09 (2026-08-20 → 2026-08-29) 35143 bytes
2026-08-20 09:35:20,632 [INFO] [OK] Argentina/ECM_ENSEMBLE_Corn_Winter_PRCP/cumulative dia 10 (2026-08-20 → 2026-08-30) 35367 bytes
2026-08-20 09:35:20,983 [INFO] [OK] Argentina/ECM_ENSEMBLE_Corn_Winter_PRCP/cumulative dia 11 (2026-08-20 → 2026-08-31) 36301 bytes
2026-08-20 09:35:21,468 [INFO] [OK] Argentina/ECM_ENSEMBLE_Corn_Winter_PRCP/cumulative dia 12 (2026-08-20 → 2026-09-01) 36806 bytes
2026-08-20 09:35:21,900 [INFO] [OK] Argentina/ECM_ENSEMBLE_Corn_Winter_PRCP/cumulative dia 13 (2026-08-20 → 2026-09-02) 37222 bytes
2026-08-20 09:35:22,003 [INFO] [OK] Argentina/ECM_ENSEMBLE_Corn_Winter_PRCP/cumulative dia 14 (2026-08-20 → 2026-09-03) 37311 bytes
2026-08-20 09:35:22,391 [INFO] [OK] USA/GFS_ENSEMBLE_Corn_PRCP_DEP/daily dia 00 (2026-08-20 → 2026-08-20) 50497 bytes
2026-08-20 09:35:22,509 [INFO] [OK] USA/GFS_ENSEMBLE_Corn_PRCP_DEP/daily dia 01 (2026-08-21 → 2026-08-21) 54107 bytes
2026-08-20 09:35:22,698 [INFO] [OK] USA/GFS_ENSEMBLE_Corn_PRCP_DEP/daily dia 02 (2026-08-22 → 2026-08-22) 56359 bytes
2026-08-20 09:35:23,151 [INFO] [OK] USA/GFS_ENSEMBLE_Corn_PRCP_DEP/daily dia 03 (2026-08-23 → 2026-08-23) 53067 bytes
2026-08-20 09:35:23,648 [INFO] [OK] USA/GFS_ENSEMBLE_Corn_PRCP_DEP/daily dia 04 (2026-08-24 → 2026-08-24) 52183 bytes
2026-08-20 09:35:23,810 [INFO] [OK] USA/GFS_ENSEMBLE_Corn_PRCP_DEP/daily dia 05 (2026-08-25 → 2026-08-25) 56468 bytes
2026-08-20 09:35:24,107 [INFO] [OK] USA/GFS_ENSEMBLE_Corn_PRCP_DEP/daily dia 07 (2026-08-27 → 2026-08-27) 59077 bytes
2026-08-20 09:35:24,127 [INFO] [OK] USA/GFS_ENSEMBLE_Corn_PRCP_DEP/daily dia 06 (2026-08-26 → 2026-08-26) 56807 bytes
2026-08-20 09:35:24,374 [INFO] [OK] USA/GFS_ENSEMBLE_Corn_PRCP_DEP/daily dia 08 (2026-08-28 → 2026-08-28) 56324 bytes
2026-08-20 09:35:24,749 [INFO] [OK] USA/GFS_ENSEMBLE_Corn_PRCP_DEP/daily dia 09 (2026-08-29 → 2026-08-29) 58183 bytes
2026-08-20 09:35:25,261 [INFO] [OK] USA/GFS_ENSEMBLE_Corn_PRCP_DEP/daily dia 10 (2026-08-30 → 2026-08-30) 59335 bytes
2026-08-20 09:35:25,607 [INFO] [OK] USA/GFS_ENSEMBLE_Corn_PRCP_DEP/daily dia 11 (2026-08-31 → 2026-08-31) 58898 bytes
2026-08-20 09:35:25,902 [INFO] [OK] USA/GFS_ENSEMBLE_Corn_PRCP_DEP/daily dia 12 (2026-09-01 → 2026-09-01) 58868 bytes
2026-08-20 09:35:25,923 [INFO] [OK] USA/GFS_ENSEMBLE_Corn_PRCP_DEP/daily dia 13 (2026-09-02 → 2026-09-02) 60483 bytes
2026-08-20 09:35:26,003 [INFO] [OK] USA/GFS_ENSEMBLE_Corn_PRCP_DEP/daily dia 14 (2026-09-03 → 2026-09-03) 62195 bytes
2026-08-20 09:35:26,352 [INFO] [OK] USA/GFS_ENSEMBLE_Corn_PRCP_DEP/cumulative dia 00 (2026-08-20 → 2026-08-20) 50497 bytes
2026-08-20 09:35:26,980 [INFO] [OK] USA/GFS_ENSEMBLE_Corn_PRCP_DEP/cumulative dia 01 (2026-08-20 → 2026-08-21) 55003 bytes
2026-08-20 09:35:27,468 [INFO] [OK] USA/GFS_ENSEMBLE_Corn_PRCP_DEP/cumulative dia 02 (2026-08-20 → 2026-08-22) 59184 bytes
2026-08-20 09:35:27,913 [INFO] [OK] USA/GFS_ENSEMBLE_Corn_PRCP_DEP/cumulative dia 03 (2026-08-20 → 2026-08-23) 59316 bytes
2026-08-20 09:35:27,989 [INFO] [OK] USA/GFS_ENSEMBLE_Corn_PRCP_DEP/cumulative dia 04 (2026-08-20 → 2026-08-24) 58411 bytes
2026-08-20 09:35:28,336 [INFO] [OK] USA/GFS_ENSEMBLE_Corn_PRCP_DEP/cumulative dia 05 (2026-08-20 → 2026-08-25) 58806 bytes
2026-08-20 09:35:28,554 [INFO] [OK] USA/GFS_ENSEMBLE_Corn_PRCP_DEP/cumulative dia 06 (2026-08-20 → 2026-08-26) 58720 bytes
2026-08-20 09:35:29,340 [INFO] [OK] USA/GFS_ENSEMBLE_Corn_PRCP_DEP/cumulative dia 07 (2026-08-20 → 2026-08-27) 58973 bytes
2026-08-20 09:35:29,853 [INFO] [OK] USA/GFS_ENSEMBLE_Corn_PRCP_DEP/cumulative dia 08 (2026-08-20 → 2026-08-28) 58523 bytes
2026-08-20 09:35:30,449 [INFO] [OK] USA/GFS_ENSEMBLE_Corn_PRCP_DEP/cumulative dia 09 (2026-08-20 → 2026-08-29) 59181 bytes
2026-08-20 09:35:30,620 [INFO] [OK] USA/GFS_ENSEMBLE_Corn_PRCP_DEP/cumulative dia 10 (2026-08-20 → 2026-08-30) 59095 bytes
2026-08-20 09:35:31,013 [INFO] [OK] USA/GFS_ENSEMBLE_Corn_PRCP_DEP/cumulative dia 11 (2026-08-20 → 2026-08-31) 59342 bytes
2026-08-20 09:35:31,493 [INFO] [OK] USA/GFS_ENSEMBLE_Corn_PRCP_DEP/cumulative dia 12 (2026-08-20 → 2026-09-01) 59369 bytes
2026-08-20 09:35:31,997 [INFO] [OK] USA/GFS_ENSEMBLE_Corn_PRCP/daily dia 00 (2026-08-20 → 2026-08-20) 36756 bytes
2026-08-20 09:35:32,183 [INFO] [OK] USA/GFS_ENSEMBLE_Corn_PRCP_DEP/cumulative dia 13 (2026-08-20 → 2026-09-02) 59283 bytes
2026-08-20 09:35:32,191 [INFO] [OK] USA/GFS_ENSEMBLE_Corn_PRCP/daily dia 01 (2026-08-21 → 2026-08-21) 37203 bytes
2026-08-20 09:35:32,592 [INFO] [OK] USA/GFS_ENSEMBLE_Corn_PRCP/daily dia 02 (2026-08-22 → 2026-08-22) 37382 bytes
2026-08-20 09:35:32,835 [INFO] [OK] USA/GFS_ENSEMBLE_Corn_PRCP_DEP/cumulative dia 14 (2026-08-20 → 2026-09-03) 59392 bytes
2026-08-20 09:35:33,052 [INFO] [OK] USA/GFS_ENSEMBLE_Corn_PRCP/daily dia 03 (2026-08-23 → 2026-08-23) 35385 bytes
2026-08-20 09:35:35,521 [INFO] [OK] USA/GFS_ENSEMBLE_Corn_PRCP/daily dia 04 (2026-08-24 → 2026-08-24) 34716 bytes
2026-08-20 09:35:35,532 [INFO] [OK] USA/GFS_ENSEMBLE_Corn_PRCP/daily dia 05 (2026-08-25 → 2026-08-25) 35473 bytes
2026-08-20 09:35:35,591 [INFO] [OK] USA/GFS_ENSEMBLE_Corn_PRCP/daily dia 09 (2026-08-29 → 2026-08-29) 36210 bytes
2026-08-20 09:35:35,602 [INFO] [OK] USA/GFS_ENSEMBLE_Corn_PRCP/daily dia 07 (2026-08-27 → 2026-08-27) 36235 bytes
2026-08-20 09:35:35,623 [INFO] [OK] USA/GFS_ENSEMBLE_Corn_PRCP/daily dia 06 (2026-08-26 → 2026-08-26) 35630 bytes
2026-08-20 09:35:35,723 [INFO] [OK] USA/GFS_ENSEMBLE_Corn_PRCP/daily dia 08 (2026-08-28 → 2026-08-28) 35393 bytes
2026-08-20 09:35:37,429 [INFO] [OK] USA/GFS_ENSEMBLE_Corn_PRCP/daily dia 13 (2026-09-02 → 2026-09-02) 36744 bytes
2026-08-20 09:35:37,592 [INFO] [OK] USA/GFS_ENSEMBLE_Corn_PRCP/daily dia 11 (2026-08-31 → 2026-08-31) 35779 bytes
2026-08-20 09:35:37,600 [INFO] [OK] USA/GFS_ENSEMBLE_Corn_PRCP/daily dia 14 (2026-09-03 → 2026-09-03) 36644 bytes
2026-08-20 09:35:37,804 [INFO] [OK] USA/GFS_ENSEMBLE_Corn_PRCP/daily dia 10 (2026-08-30 → 2026-08-30) 36589 bytes
2026-08-20 09:35:37,805 [INFO] [OK] USA/GFS_ENSEMBLE_Corn_PRCP/cumulative dia 00 (2026-08-20 → 2026-08-20) 36756 bytes
2026-08-20 09:35:37,857 [INFO] [OK] USA/GFS_ENSEMBLE_Corn_PRCP/daily dia 12 (2026-09-01 → 2026-09-01) 36434 bytes
2026-08-20 09:35:39,191 [INFO] [OK] USA/GFS_ENSEMBLE_Corn_PRCP/cumulative dia 01 (2026-08-20 → 2026-08-21) 39900 bytes
2026-08-20 09:35:39,803 [INFO] [OK] USA/GFS_ENSEMBLE_Corn_PRCP/cumulative dia 03 (2026-08-20 → 2026-08-23) 43653 bytes
2026-08-20 09:35:40,141 [INFO] [OK] USA/GFS_ENSEMBLE_Corn_PRCP/cumulative dia 02 (2026-08-20 → 2026-08-22) 42929 bytes
2026-08-20 09:35:40,366 [INFO] [OK] USA/GFS_ENSEMBLE_Corn_PRCP/cumulative dia 04 (2026-08-20 → 2026-08-24) 43710 bytes
2026-08-20 09:35:40,605 [INFO] [OK] USA/GFS_ENSEMBLE_Corn_PRCP/cumulative dia 05 (2026-08-20 → 2026-08-25) 44492 bytes
2026-08-20 09:35:40,770 [INFO] [OK] USA/GFS_ENSEMBLE_Corn_PRCP/cumulative dia 06 (2026-08-20 → 2026-08-26) 44969 bytes
2026-08-20 09:35:41,953 [INFO] [OK] USA/GFS_ENSEMBLE_Corn_PRCP/cumulative dia 07 (2026-08-20 → 2026-08-27) 46284 bytes
2026-08-20 09:35:42,785 [INFO] [OK] USA/GFS_ENSEMBLE_Corn_PRCP/cumulative dia 08 (2026-08-20 → 2026-08-28) 46802 bytes
2026-08-20 09:35:43,402 [INFO] [OK] USA/GFS_ENSEMBLE_Corn_PRCP/cumulative dia 09 (2026-08-20 → 2026-08-29) 46920 bytes
2026-08-20 09:35:43,973 [INFO] [OK] USA/GFS_ENSEMBLE_Corn_PRCP/cumulative dia 11 (2026-08-20 → 2026-08-31) 47847 bytes
2026-08-20 09:35:45,223 [INFO] [OK] USA/GFS_ENSEMBLE_Corn_PRCP/cumulative dia 12 (2026-08-20 → 2026-09-01) 48447 bytes
2026-08-20 09:35:45,271 [INFO] [OK] USA/GFS_ENSEMBLE_Corn_PRCP/cumulative dia 10 (2026-08-20 → 2026-08-30) 47436 bytes
2026-08-20 09:35:45,533 [INFO] [OK] USA/GFS_ENSEMBLE_Soy_PRCP_DEP/daily dia 00 (2026-08-20 → 2026-08-20) 50259 bytes
2026-08-20 09:35:45,818 [INFO] [OK] USA/GFS_ENSEMBLE_Corn_PRCP/cumulative dia 13 (2026-08-20 → 2026-09-02) 49331 bytes
2026-08-20 09:35:46,370 [INFO] [OK] USA/GFS_ENSEMBLE_Soy_PRCP_DEP/daily dia 01 (2026-08-21 → 2026-08-21) 53690 bytes
2026-08-20 09:35:48,928 [INFO] [OK] USA/GFS_ENSEMBLE_Corn_PRCP/cumulative dia 14 (2026-08-20 → 2026-09-03) 49722 bytes
2026-08-20 09:35:48,942 [INFO] [OK] USA/GFS_ENSEMBLE_Soy_PRCP_DEP/daily dia 06 (2026-08-26 → 2026-08-26) 56299 bytes
2026-08-20 09:35:48,958 [INFO] [OK] USA/GFS_ENSEMBLE_Soy_PRCP_DEP/daily dia 05 (2026-08-25 → 2026-08-25) 56199 bytes
2026-08-20 09:35:48,958 [INFO] [OK] USA/GFS_ENSEMBLE_Soy_PRCP_DEP/daily dia 04 (2026-08-24 → 2026-08-24) 51922 bytes
2026-08-20 09:35:48,962 [INFO] [OK] USA/GFS_ENSEMBLE_Soy_PRCP_DEP/daily dia 03 (2026-08-23 → 2026-08-23) 52626 bytes
2026-08-20 09:35:48,964 [INFO] [OK] USA/GFS_ENSEMBLE_Soy_PRCP_DEP/daily dia 02 (2026-08-22 → 2026-08-22) 56136 bytes
2026-08-20 09:35:52,025 [INFO] [OK] USA/GFS_ENSEMBLE_Soy_PRCP_DEP/daily dia 10 (2026-08-30 → 2026-08-30) 59238 bytes
2026-08-20 09:35:52,039 [INFO] [OK] USA/GFS_ENSEMBLE_Soy_PRCP_DEP/daily dia 09 (2026-08-29 → 2026-08-29) 58172 bytes
2026-08-20 09:35:52,040 [INFO] [OK] USA/GFS_ENSEMBLE_Soy_PRCP_DEP/daily dia 08 (2026-08-28 → 2026-08-28) 56087 bytes
2026-08-20 09:35:52,053 [INFO] [OK] USA/GFS_ENSEMBLE_Soy_PRCP_DEP/daily dia 07 (2026-08-27 → 2026-08-27) 58928 bytes
2026-08-20 09:35:52,053 [INFO] [OK] USA/GFS_ENSEMBLE_Soy_PRCP_DEP/daily dia 12 (2026-09-01 → 2026-09-01) 58426 bytes
2026-08-20 09:35:52,053 [INFO] [OK] USA/GFS_ENSEMBLE_Soy_PRCP_DEP/daily dia 11 (2026-08-31 → 2026-08-31) 58642 bytes
2026-08-20 09:35:53,782 [INFO] [OK] USA/GFS_ENSEMBLE_Soy_PRCP_DEP/cumulative dia 00 (2026-08-20 → 2026-08-20) 50259 bytes
2026-08-20 09:35:53,986 [INFO] [OK] USA/GFS_ENSEMBLE_Soy_PRCP_DEP/daily dia 13 (2026-09-02 → 2026-09-02) 60305 bytes
2026-08-20 09:35:54,180 [INFO] [OK] USA/GFS_ENSEMBLE_Soy_PRCP_DEP/cumulative dia 01 (2026-08-20 → 2026-08-21) 54742 bytes
2026-08-20 09:35:54,303 [INFO] [OK] USA/GFS_ENSEMBLE_Soy_PRCP_DEP/cumulative dia 03 (2026-08-20 → 2026-08-23) 59098 bytes
2026-08-20 09:35:54,318 [INFO] [OK] USA/GFS_ENSEMBLE_Soy_PRCP_DEP/cumulative dia 02 (2026-08-20 → 2026-08-22) 58972 bytes
2026-08-20 09:35:54,398 [INFO] [OK] USA/GFS_ENSEMBLE_Soy_PRCP_DEP/daily dia 14 (2026-09-03 → 2026-09-03) 61935 bytes
2026-08-20 09:35:56,394 [INFO] [OK] USA/GFS_ENSEMBLE_Soy_PRCP_DEP/cumulative dia 04 (2026-08-20 → 2026-08-24) 58087 bytes
2026-08-20 09:35:57,478 [INFO] [OK] USA/GFS_ENSEMBLE_Soy_PRCP_DEP/cumulative dia 05 (2026-08-20 → 2026-08-25) 58650 bytes
2026-08-20 09:35:57,481 [INFO] [OK] USA/GFS_ENSEMBLE_Soy_PRCP_DEP/cumulative dia 07 (2026-08-20 → 2026-08-27) 58686 bytes
2026-08-20 09:35:57,485 [INFO] [OK] USA/GFS_ENSEMBLE_Soy_PRCP_DEP/cumulative dia 06 (2026-08-20 → 2026-08-26) 58572 bytes
2026-08-20 09:35:57,836 [INFO] [OK] USA/GFS_ENSEMBLE_Soy_PRCP_DEP/cumulative dia 08 (2026-08-20 → 2026-08-28) 58247 bytes
2026-08-20 09:35:57,843 [INFO] [OK] USA/GFS_ENSEMBLE_Soy_PRCP_DEP/cumulative dia 09 (2026-08-20 → 2026-08-29) 58829 bytes
2026-08-20 09:35:59,123 [INFO] [OK] USA/GFS_ENSEMBLE_Soy_PRCP_DEP/cumulative dia 10 (2026-08-20 → 2026-08-30) 58561 bytes
2026-08-20 09:35:59,534 [WARNING] [RETRY] USA/GFS_ENSEMBLE_Soy_PRCP/daily dia 01 - tentativa 1/3: 500 Server Error: Internal Server Error for url: https://api.weatherdesk.xweather.com/28ffaaf6-c3a2-4009-bd9a-050272f32b8a/services/gwi/v1/getimage?type=station&grouping=D&metric=1&region=35&parameter=PRCP&model=2&crop=13&label=1&colorscale=1&start=2026-08-21&end=2026-08-21
2026-08-20 09:36:00,632 [INFO] [OK] USA/GFS_ENSEMBLE_Soy_PRCP/daily dia 00 (2026-08-20 → 2026-08-20) 36322 bytes
2026-08-20 09:36:01,685 [INFO] [OK] USA/GFS_ENSEMBLE_Soy_PRCP_DEP/cumulative dia 11 (2026-08-20 → 2026-08-31) 58884 bytes
2026-08-20 09:36:02,259 [INFO] [OK] USA/GFS_ENSEMBLE_Soy_PRCP_DEP/cumulative dia 12 (2026-08-20 → 2026-09-01) 59058 bytes
2026-08-20 09:36:02,260 [INFO] [OK] USA/GFS_ENSEMBLE_Soy_PRCP_DEP/cumulative dia 13 (2026-08-20 → 2026-09-02) 58963 bytes
2026-08-20 09:36:02,265 [INFO] [OK] USA/GFS_ENSEMBLE_Soy_PRCP_DEP/cumulative dia 14 (2026-08-20 → 2026-09-03) 59067 bytes
2026-08-20 09:36:02,274 [INFO] [OK] USA/GFS_ENSEMBLE_Soy_PRCP/daily dia 02 (2026-08-22 → 2026-08-22) 36989 bytes
2026-08-20 09:36:03,298 [INFO] [OK] USA/GFS_ENSEMBLE_Soy_PRCP/daily dia 03 (2026-08-23 → 2026-08-23) 34870 bytes
2026-08-20 09:36:04,010 [INFO] [OK] USA/GFS_ENSEMBLE_Soy_PRCP/daily dia 04 (2026-08-24 → 2026-08-24) 34177 bytes
2026-08-20 09:36:04,177 [INFO] [OK] USA/GFS_ENSEMBLE_Soy_PRCP/daily dia 07 (2026-08-27 → 2026-08-27) 35708 bytes
2026-08-20 09:36:04,207 [INFO] [OK] USA/GFS_ENSEMBLE_Soy_PRCP/daily dia 05 (2026-08-25 → 2026-08-25) 35110 bytes
2026-08-20 09:36:04,380 [INFO] [OK] USA/GFS_ENSEMBLE_Soy_PRCP/daily dia 06 (2026-08-26 → 2026-08-26) 35020 bytes
2026-08-20 09:36:05,077 [INFO] [OK] USA/GFS_ENSEMBLE_Soy_PRCP/daily dia 08 (2026-08-28 → 2026-08-28) 34892 bytes
2026-08-20 09:36:05,683 [INFO] [OK] USA/GFS_ENSEMBLE_Soy_PRCP/daily dia 09 (2026-08-29 → 2026-08-29) 35872 bytes
2026-08-20 09:36:05,973 [INFO] [OK] USA/GFS_ENSEMBLE_Soy_PRCP/daily dia 11 (2026-08-31 → 2026-08-31) 35439 bytes
2026-08-20 09:36:05,980 [INFO] [OK] USA/GFS_ENSEMBLE_Soy_PRCP/daily dia 10 (2026-08-30 → 2026-08-30) 36328 bytes
2026-08-20 09:36:06,162 [INFO] [OK] USA/GFS_ENSEMBLE_Soy_PRCP/daily dia 12 (2026-09-01 → 2026-09-01) 36049 bytes
2026-08-20 09:36:06,725 [INFO] [OK] USA/GFS_ENSEMBLE_Soy_PRCP/daily dia 13 (2026-09-02 → 2026-09-02) 36309 bytes
2026-08-20 09:36:07,407 [INFO] [OK] USA/GFS_ENSEMBLE_Soy_PRCP/daily dia 14 (2026-09-03 → 2026-09-03) 36126 bytes
2026-08-20 09:36:07,686 [INFO] [OK] USA/GFS_ENSEMBLE_Soy_PRCP/cumulative dia 00 (2026-08-20 → 2026-08-20) 36322 bytes
2026-08-20 09:36:07,794 [INFO] [OK] USA/GFS_ENSEMBLE_Soy_PRCP/cumulative dia 01 (2026-08-20 → 2026-08-21) 39575 bytes
2026-08-20 09:36:08,101 [INFO] [OK] USA/GFS_ENSEMBLE_Soy_PRCP/cumulative dia 02 (2026-08-20 → 2026-08-22) 42431 bytes
2026-08-20 09:36:08,692 [INFO] [OK] USA/GFS_ENSEMBLE_Soy_PRCP/cumulative dia 03 (2026-08-20 → 2026-08-23) 43278 bytes
2026-08-20 09:36:09,234 [INFO] [OK] USA/GFS_ENSEMBLE_Soy_PRCP/daily dia 01 (2026-08-21 → 2026-08-21) 36730 bytes
2026-08-20 09:36:09,654 [INFO] [OK] USA/GFS_ENSEMBLE_Soy_PRCP/cumulative dia 04 (2026-08-20 → 2026-08-24) 43192 bytes
2026-08-20 09:36:10,327 [INFO] [OK] USA/GFS_ENSEMBLE_Soy_PRCP/cumulative dia 05 (2026-08-20 → 2026-08-25) 44006 bytes
2026-08-20 09:36:10,557 [INFO] [OK] USA/GFS_ENSEMBLE_Soy_PRCP/cumulative dia 06 (2026-08-20 → 2026-08-26) 44440 bytes
2026-08-20 09:36:10,954 [INFO] [OK] USA/GFS_ENSEMBLE_Soy_PRCP/cumulative dia 07 (2026-08-20 → 2026-08-27) 45714 bytes
2026-08-20 09:36:12,359 [INFO] [OK] USA/GFS_ENSEMBLE_Soy_PRCP/cumulative dia 08 (2026-08-20 → 2026-08-28) 46279 bytes
2026-08-20 09:36:13,087 [INFO] [OK] USA/GFS_ENSEMBLE_Soy_PRCP/cumulative dia 09 (2026-08-20 → 2026-08-29) 46292 bytes
2026-08-20 09:36:13,487 [INFO] [OK] USA/GFS_ENSEMBLE_Soy_PRCP/cumulative dia 10 (2026-08-20 → 2026-08-30) 46799 bytes
2026-08-20 09:36:15,086 [INFO] [OK] USA/GFS_ENSEMBLE_Soy_PRCP/cumulative dia 11 (2026-08-20 → 2026-08-31) 47240 bytes
2026-08-20 09:36:15,382 [INFO] [OK] USA/GFS_ENSEMBLE_Soy_PRCP/cumulative dia 12 (2026-08-20 → 2026-09-01) 47822 bytes
2026-08-20 09:36:15,594 [INFO] [OK] USA/GFS_ENSEMBLE_Wheat_Winter_PRCP_DEP/daily dia 00 (2026-08-20 → 2026-08-20) 51651 bytes
2026-08-20 09:36:15,724 [INFO] [OK] USA/GFS_ENSEMBLE_Wheat_Winter_PRCP_DEP/daily dia 01 (2026-08-21 → 2026-08-21) 55081 bytes
2026-08-20 09:36:15,864 [INFO] [OK] USA/GFS_ENSEMBLE_Soy_PRCP/cumulative dia 13 (2026-08-20 → 2026-09-02) 48616 bytes
2026-08-20 09:36:16,509 [INFO] [OK] USA/GFS_ENSEMBLE_Soy_PRCP/cumulative dia 14 (2026-08-20 → 2026-09-03) 49164 bytes
2026-08-20 09:36:17,012 [INFO] [OK] USA/GFS_ENSEMBLE_Wheat_Winter_PRCP_DEP/daily dia 02 (2026-08-22 → 2026-08-22) 57777 bytes
2026-08-20 09:36:17,452 [INFO] [OK] USA/GFS_ENSEMBLE_Wheat_Winter_PRCP_DEP/daily dia 04 (2026-08-24 → 2026-08-24) 53052 bytes
2026-08-20 09:36:17,496 [INFO] [OK] USA/GFS_ENSEMBLE_Wheat_Winter_PRCP_DEP/daily dia 05 (2026-08-25 → 2026-08-25) 57864 bytes
2026-08-20 09:36:17,562 [INFO] [OK] USA/GFS_ENSEMBLE_Wheat_Winter_PRCP_DEP/daily dia 03 (2026-08-23 → 2026-08-23) 54401 bytes
2026-08-20 09:36:17,795 [INFO] [OK] USA/GFS_ENSEMBLE_Wheat_Winter_PRCP_DEP/daily dia 06 (2026-08-26 → 2026-08-26) 58533 bytes
2026-08-20 09:36:18,297 [INFO] [OK] USA/GFS_ENSEMBLE_Wheat_Winter_PRCP_DEP/daily dia 07 (2026-08-27 → 2026-08-27) 60305 bytes
2026-08-20 09:36:19,022 [INFO] [OK] USA/GFS_ENSEMBLE_Wheat_Winter_PRCP_DEP/daily dia 08 (2026-08-28 → 2026-08-28) 57750 bytes
2026-08-20 09:36:19,287 [INFO] [OK] USA/GFS_ENSEMBLE_Wheat_Winter_PRCP_DEP/daily dia 09 (2026-08-29 → 2026-08-29) 59791 bytes
2026-08-20 09:36:19,876 [INFO] [OK] USA/GFS_ENSEMBLE_Wheat_Winter_PRCP_DEP/daily dia 10 (2026-08-30 → 2026-08-30) 60392 bytes
2026-08-20 09:36:19,886 [INFO] [OK] USA/GFS_ENSEMBLE_Wheat_Winter_PRCP_DEP/daily dia 11 (2026-08-31 → 2026-08-31) 60312 bytes
2026-08-20 09:36:20,035 [INFO] [OK] USA/GFS_ENSEMBLE_Wheat_Winter_PRCP_DEP/daily dia 12 (2026-09-01 → 2026-09-01) 59907 bytes
2026-08-20 09:36:20,176 [INFO] [OK] USA/GFS_ENSEMBLE_Wheat_Winter_PRCP_DEP/daily dia 13 (2026-09-02 → 2026-09-02) 61777 bytes
2026-08-20 09:36:20,811 [INFO] [OK] USA/GFS_ENSEMBLE_Wheat_Winter_PRCP_DEP/daily dia 14 (2026-09-03 → 2026-09-03) 63700 bytes
2026-08-20 09:36:20,933 [INFO] [OK] USA/GFS_ENSEMBLE_Wheat_Winter_PRCP_DEP/cumulative dia 00 (2026-08-20 → 2026-08-20) 51651 bytes
2026-08-20 09:36:21,694 [INFO] [OK] USA/GFS_ENSEMBLE_Wheat_Winter_PRCP_DEP/cumulative dia 01 (2026-08-20 → 2026-08-21) 56127 bytes
2026-08-20 09:36:22,108 [INFO] [OK] USA/GFS_ENSEMBLE_Wheat_Winter_PRCP_DEP/cumulative dia 02 (2026-08-20 → 2026-08-22) 59954 bytes
2026-08-20 09:36:22,336 [INFO] [OK] USA/GFS_ENSEMBLE_Wheat_Winter_PRCP_DEP/cumulative dia 03 (2026-08-20 → 2026-08-23) 60205 bytes
2026-08-20 09:36:22,470 [INFO] [OK] USA/GFS_ENSEMBLE_Wheat_Winter_PRCP_DEP/cumulative dia 04 (2026-08-20 → 2026-08-24) 59534 bytes
2026-08-20 09:36:23,132 [INFO] [OK] USA/GFS_ENSEMBLE_Wheat_Winter_PRCP_DEP/cumulative dia 05 (2026-08-20 → 2026-08-25) 59829 bytes
2026-08-20 09:36:23,467 [INFO] [OK] USA/GFS_ENSEMBLE_Wheat_Winter_PRCP_DEP/cumulative dia 06 (2026-08-20 → 2026-08-26) 59880 bytes
2026-08-20 09:36:24,360 [INFO] [OK] USA/GFS_ENSEMBLE_Wheat_Winter_PRCP_DEP/cumulative dia 07 (2026-08-20 → 2026-08-27) 60042 bytes
2026-08-20 09:36:25,017 [INFO] [OK] USA/GFS_ENSEMBLE_Wheat_Winter_PRCP_DEP/cumulative dia 08 (2026-08-20 → 2026-08-28) 59773 bytes
2026-08-20 09:36:25,494 [INFO] [OK] USA/GFS_ENSEMBLE_Wheat_Winter_PRCP_DEP/cumulative dia 09 (2026-08-20 → 2026-08-29) 60094 bytes
2026-08-20 09:36:25,790 [INFO] [OK] USA/GFS_ENSEMBLE_Wheat_Winter_PRCP_DEP/cumulative dia 10 (2026-08-20 → 2026-08-30) 60064 bytes
2026-08-20 09:36:26,482 [INFO] [OK] USA/GFS_ENSEMBLE_Wheat_Winter_PRCP_DEP/cumulative dia 11 (2026-08-20 → 2026-08-31) 60220 bytes
2026-08-20 09:36:26,817 [INFO] [OK] USA/GFS_ENSEMBLE_Wheat_Winter_PRCP_DEP/cumulative dia 12 (2026-08-20 → 2026-09-01) 60291 bytes
2026-08-20 09:36:27,204 [INFO] [OK] USA/GFS_ENSEMBLE_Wheat_Winter_PRCP/daily dia 00 (2026-08-20 → 2026-08-20) 37778 bytes
2026-08-20 09:36:27,345 [INFO] [OK] USA/GFS_ENSEMBLE_Wheat_Winter_PRCP/daily dia 01 (2026-08-21 → 2026-08-21) 38227 bytes
2026-08-20 09:36:27,503 [INFO] [OK] USA/GFS_ENSEMBLE_Wheat_Winter_PRCP_DEP/cumulative dia 13 (2026-08-20 → 2026-09-02) 60435 bytes
2026-08-20 09:36:28,544 [INFO] [OK] USA/GFS_ENSEMBLE_Wheat_Winter_PRCP/daily dia 02 (2026-08-22 → 2026-08-22) 38360 bytes
2026-08-20 09:36:28,573 [INFO] [OK] USA/GFS_ENSEMBLE_Wheat_Winter_PRCP/daily dia 03 (2026-08-23 → 2026-08-23) 36482 bytes
2026-08-20 09:36:28,576 [INFO] [OK] USA/GFS_ENSEMBLE_Wheat_Winter_PRCP_DEP/cumulative dia 14 (2026-08-20 → 2026-09-03) 60367 bytes
2026-08-20 09:36:28,960 [INFO] [OK] USA/GFS_ENSEMBLE_Wheat_Winter_PRCP/daily dia 04 (2026-08-24 → 2026-08-24) 35673 bytes
2026-08-20 09:36:28,962 [INFO] [OK] USA/GFS_ENSEMBLE_Wheat_Winter_PRCP/daily dia 05 (2026-08-25 → 2026-08-25) 36859 bytes
2026-08-20 09:36:29,087 [INFO] [OK] USA/GFS_ENSEMBLE_Wheat_Winter_PRCP/daily dia 06 (2026-08-26 → 2026-08-26) 36650 bytes
2026-08-20 09:36:30,265 [INFO] [OK] USA/GFS_ENSEMBLE_Wheat_Winter_PRCP/daily dia 09 (2026-08-29 → 2026-08-29) 37450 bytes
2026-08-20 09:36:30,392 [INFO] [OK] USA/GFS_ENSEMBLE_Wheat_Winter_PRCP/daily dia 08 (2026-08-28 → 2026-08-28) 36457 bytes
2026-08-20 09:36:30,427 [INFO] [OK] USA/GFS_ENSEMBLE_Wheat_Winter_PRCP/daily dia 07 (2026-08-27 → 2026-08-27) 37240 bytes
2026-08-20 09:36:30,762 [INFO] [OK] USA/GFS_ENSEMBLE_Wheat_Winter_PRCP/daily dia 10 (2026-08-30 → 2026-08-30) 37620 bytes
2026-08-20 09:36:30,825 [INFO] [OK] USA/GFS_ENSEMBLE_Wheat_Winter_PRCP/daily dia 11 (2026-08-31 → 2026-08-31) 36903 bytes
2026-08-20 09:36:30,892 [INFO] [OK] USA/GFS_ENSEMBLE_Wheat_Winter_PRCP/daily dia 12 (2026-09-01 → 2026-09-01) 37382 bytes
2026-08-20 09:36:31,832 [INFO] [OK] USA/GFS_ENSEMBLE_Wheat_Winter_PRCP/daily dia 13 (2026-09-02 → 2026-09-02) 37671 bytes
2026-08-20 09:36:32,006 [INFO] [OK] USA/GFS_ENSEMBLE_Wheat_Winter_PRCP/cumulative dia 00 (2026-08-20 → 2026-08-20) 37778 bytes
2026-08-20 09:36:32,138 [INFO] [OK] USA/GFS_ENSEMBLE_Wheat_Winter_PRCP/daily dia 14 (2026-09-03 → 2026-09-03) 37649 bytes
2026-08-20 09:36:32,418 [INFO] [OK] USA/GFS_ENSEMBLE_Wheat_Winter_PRCP/cumulative dia 01 (2026-08-20 → 2026-08-21) 41249 bytes
2026-08-20 09:36:32,594 [INFO] [OK] USA/GFS_ENSEMBLE_Wheat_Winter_PRCP/cumulative dia 02 (2026-08-20 → 2026-08-22) 43790 bytes
2026-08-20 09:36:32,755 [INFO] [OK] USA/GFS_ENSEMBLE_Wheat_Winter_PRCP/cumulative dia 03 (2026-08-20 → 2026-08-23) 44699 bytes
2026-08-20 09:36:33,924 [INFO] [OK] USA/GFS_ENSEMBLE_Wheat_Winter_PRCP/cumulative dia 04 (2026-08-20 → 2026-08-24) 44771 bytes
2026-08-20 09:36:34,305 [INFO] [OK] USA/GFS_ENSEMBLE_Wheat_Winter_PRCP/cumulative dia 05 (2026-08-20 → 2026-08-25) 45617 bytes
2026-08-20 09:36:34,391 [INFO] [OK] USA/GFS_ENSEMBLE_Wheat_Winter_PRCP/cumulative dia 06 (2026-08-20 → 2026-08-26) 46128 bytes
2026-08-20 09:36:34,862 [INFO] [OK] USA/GFS_ENSEMBLE_Wheat_Winter_PRCP/cumulative dia 07 (2026-08-20 → 2026-08-27) 47192 bytes
2026-08-20 09:36:35,141 [INFO] [OK] USA/GFS_ENSEMBLE_Wheat_Winter_PRCP/cumulative dia 08 (2026-08-20 → 2026-08-28) 47994 bytes
2026-08-20 09:36:35,323 [INFO] [OK] USA/GFS_ENSEMBLE_Wheat_Winter_PRCP/cumulative dia 09 (2026-08-20 → 2026-08-29) 48001 bytes
2026-08-20 09:36:36,577 [INFO] [OK] USA/GFS_ENSEMBLE_Wheat_Winter_PRCP/cumulative dia 10 (2026-08-20 → 2026-08-30) 48578 bytes
2026-08-20 09:36:37,205 [INFO] [OK] USA/GFS_ENSEMBLE_Wheat_Winter_PRCP/cumulative dia 11 (2026-08-20 → 2026-08-31) 48896 bytes
2026-08-20 09:36:37,346 [INFO] [OK] USA/GFS_ENSEMBLE_Wheat_Spring_PRCP_DEP/daily dia 00 (2026-08-20 → 2026-08-20) 48521 bytes
2026-08-20 09:36:37,440 [INFO] [OK] USA/GFS_ENSEMBLE_Wheat_Winter_PRCP/cumulative dia 12 (2026-08-20 → 2026-09-01) 49561 bytes
2026-08-20 09:36:38,226 [INFO] [OK] USA/GFS_ENSEMBLE_Wheat_Winter_PRCP/cumulative dia 13 (2026-08-20 → 2026-09-02) 50479 bytes
2026-08-20 09:36:38,552 [INFO] [OK] USA/GFS_ENSEMBLE_Wheat_Spring_PRCP_DEP/daily dia 01 (2026-08-21 → 2026-08-21) 51968 bytes
2026-08-20 09:36:38,612 [INFO] [OK] USA/GFS_ENSEMBLE_Wheat_Winter_PRCP/cumulative dia 14 (2026-08-20 → 2026-09-03) 51122 bytes
2026-08-20 09:36:38,936 [INFO] [OK] USA/GFS_ENSEMBLE_Wheat_Spring_PRCP_DEP/daily dia 02 (2026-08-22 → 2026-08-22) 54349 bytes
2026-08-20 09:36:39,028 [INFO] [OK] USA/GFS_ENSEMBLE_Wheat_Spring_PRCP_DEP/daily dia 03 (2026-08-23 → 2026-08-23) 51196 bytes
2026-08-20 09:36:39,100 [INFO] [OK] USA/GFS_ENSEMBLE_Wheat_Spring_PRCP_DEP/daily dia 04 (2026-08-24 → 2026-08-24) 49807 bytes
2026-08-20 09:36:40,702 [INFO] [OK] USA/GFS_ENSEMBLE_Wheat_Spring_PRCP_DEP/daily dia 06 (2026-08-26 → 2026-08-26) 54506 bytes
2026-08-20 09:36:40,703 [INFO] [OK] USA/GFS_ENSEMBLE_Wheat_Spring_PRCP_DEP/daily dia 05 (2026-08-25 → 2026-08-25) 54280 bytes
2026-08-20 09:36:40,706 [INFO] [OK] USA/GFS_ENSEMBLE_Wheat_Spring_PRCP_DEP/daily dia 07 (2026-08-27 → 2026-08-27) 57551 bytes
2026-08-20 09:36:40,944 [INFO] [OK] USA/GFS_ENSEMBLE_Wheat_Spring_PRCP_DEP/daily dia 08 (2026-08-28 → 2026-08-28) 54134 bytes
2026-08-20 09:36:40,973 [INFO] [OK] USA/GFS_ENSEMBLE_Wheat_Spring_PRCP_DEP/daily dia 10 (2026-08-30 → 2026-08-30) 57276 bytes
2026-08-20 09:36:41,031 [INFO] [OK] USA/GFS_ENSEMBLE_Wheat_Spring_PRCP_DEP/daily dia 09 (2026-08-29 → 2026-08-29) 56107 bytes
2026-08-20 09:36:42,596 [INFO] [OK] USA/GFS_ENSEMBLE_Wheat_Spring_PRCP_DEP/daily dia 13 (2026-09-02 → 2026-09-02) 58428 bytes
2026-08-20 09:36:42,707 [INFO] [OK] USA/GFS_ENSEMBLE_Wheat_Spring_PRCP_DEP/daily dia 12 (2026-09-01 → 2026-09-01) 56640 bytes
2026-08-20 09:36:42,921 [INFO] [OK] USA/GFS_ENSEMBLE_Wheat_Spring_PRCP_DEP/cumulative dia 01 (2026-08-20 → 2026-08-21) 52814 bytes
2026-08-20 09:36:42,923 [INFO] [OK] USA/GFS_ENSEMBLE_Wheat_Spring_PRCP_DEP/daily dia 11 (2026-08-31 → 2026-08-31) 56905 bytes
2026-08-20 09:36:42,923 [INFO] [OK] USA/GFS_ENSEMBLE_Wheat_Spring_PRCP_DEP/cumulative dia 00 (2026-08-20 → 2026-08-20) 48521 bytes
2026-08-20 09:36:42,985 [INFO] [OK] USA/GFS_ENSEMBLE_Wheat_Spring_PRCP_DEP/daily dia 14 (2026-09-03 → 2026-09-03) 60012 bytes
2026-08-20 09:36:44,837 [INFO] [OK] USA/GFS_ENSEMBLE_Wheat_Spring_PRCP_DEP/cumulative dia 02 (2026-08-20 → 2026-08-22) 57000 bytes
2026-08-20 09:36:45,654 [INFO] [OK] USA/GFS_ENSEMBLE_Wheat_Spring_PRCP_DEP/cumulative dia 03 (2026-08-20 → 2026-08-23) 57559 bytes
2026-08-20 09:36:45,735 [INFO] [OK] USA/GFS_ENSEMBLE_Wheat_Spring_PRCP_DEP/cumulative dia 05 (2026-08-20 → 2026-08-25) 56936 bytes
2026-08-20 09:36:45,854 [INFO] [OK] USA/GFS_ENSEMBLE_Wheat_Spring_PRCP_DEP/cumulative dia 04 (2026-08-20 → 2026-08-24) 56465 bytes
2026-08-20 09:36:46,001 [INFO] [OK] USA/GFS_ENSEMBLE_Wheat_Spring_PRCP_DEP/cumulative dia 06 (2026-08-20 → 2026-08-26) 56874 bytes
2026-08-20 09:36:46,136 [INFO] [OK] USA/GFS_ENSEMBLE_Wheat_Spring_PRCP_DEP/cumulative dia 07 (2026-08-20 → 2026-08-27) 57035 bytes
2026-08-20 09:36:47,671 [INFO] [OK] USA/GFS_ENSEMBLE_Wheat_Spring_PRCP_DEP/cumulative dia 08 (2026-08-20 → 2026-08-28) 56775 bytes
2026-08-20 09:36:48,366 [INFO] [OK] USA/GFS_ENSEMBLE_Wheat_Spring_PRCP_DEP/cumulative dia 09 (2026-08-20 → 2026-08-29) 57144 bytes
2026-08-20 09:36:48,760 [INFO] [OK] USA/GFS_ENSEMBLE_Wheat_Spring_PRCP_DEP/cumulative dia 10 (2026-08-20 → 2026-08-30) 56762 bytes
2026-08-20 09:36:49,091 [INFO] [OK] USA/GFS_ENSEMBLE_Wheat_Spring_PRCP_DEP/cumulative dia 11 (2026-08-20 → 2026-08-31) 57142 bytes
2026-08-20 09:36:49,278 [INFO] [OK] USA/GFS_ENSEMBLE_Wheat_Spring_PRCP_DEP/cumulative dia 12 (2026-08-20 → 2026-09-01) 57271 bytes
2026-08-20 09:36:49,375 [INFO] [OK] USA/GFS_ENSEMBLE_Wheat_Spring_PRCP_DEP/cumulative dia 13 (2026-08-20 → 2026-09-02) 57140 bytes
2026-08-20 09:36:49,922 [INFO] [OK] USA/GFS_ENSEMBLE_Wheat_Spring_PRCP/daily dia 00 (2026-08-20 → 2026-08-20) 34698 bytes
2026-08-20 09:36:50,278 [INFO] [OK] USA/GFS_ENSEMBLE_Wheat_Spring_PRCP/daily dia 01 (2026-08-21 → 2026-08-21) 35157 bytes
2026-08-20 09:36:50,881 [INFO] [OK] USA/GFS_ENSEMBLE_Wheat_Spring_PRCP/daily dia 03 (2026-08-23 → 2026-08-23) 33561 bytes
2026-08-20 09:36:50,956 [INFO] [OK] USA/GFS_ENSEMBLE_Wheat_Spring_PRCP/daily dia 02 (2026-08-22 → 2026-08-22) 35389 bytes
2026-08-20 09:36:51,068 [INFO] [OK] USA/GFS_ENSEMBLE_Wheat_Spring_PRCP_DEP/cumulative dia 14 (2026-08-20 → 2026-09-03) 57524 bytes
2026-08-20 09:36:51,138 [INFO] [OK] USA/GFS_ENSEMBLE_Wheat_Spring_PRCP/daily dia 04 (2026-08-24 → 2026-08-24) 32825 bytes
2026-08-20 09:36:51,450 [INFO] [OK] USA/GFS_ENSEMBLE_Wheat_Spring_PRCP/daily dia 05 (2026-08-25 → 2026-08-25) 33783 bytes
2026-08-20 09:36:51,996 [INFO] [OK] USA/GFS_ENSEMBLE_Wheat_Spring_PRCP/daily dia 06 (2026-08-26 → 2026-08-26) 33496 bytes
2026-08-20 09:36:52,588 [INFO] [OK] USA/GFS_ENSEMBLE_Wheat_Spring_PRCP/daily dia 07 (2026-08-27 → 2026-08-27) 34356 bytes
2026-08-20 09:36:52,703 [INFO] [OK] USA/GFS_ENSEMBLE_Wheat_Spring_PRCP/daily dia 09 (2026-08-29 → 2026-08-29) 34491 bytes
2026-08-20 09:36:52,705 [INFO] [OK] USA/GFS_ENSEMBLE_Wheat_Spring_PRCP/daily dia 08 (2026-08-28 → 2026-08-28) 33635 bytes
2026-08-20 09:36:52,789 [INFO] [OK] USA/GFS_ENSEMBLE_Wheat_Spring_PRCP/daily dia 10 (2026-08-30 → 2026-08-30) 34823 bytes
2026-08-20 09:36:53,156 [INFO] [OK] USA/GFS_ENSEMBLE_Wheat_Spring_PRCP/daily dia 11 (2026-08-31 → 2026-08-31) 33978 bytes
2026-08-20 09:36:53,678 [INFO] [OK] USA/GFS_ENSEMBLE_Wheat_Spring_PRCP/daily dia 12 (2026-09-01 → 2026-09-01) 34573 bytes
2026-08-20 09:36:54,227 [INFO] [OK] USA/GFS_ENSEMBLE_Wheat_Spring_PRCP/daily dia 13 (2026-09-02 → 2026-09-02) 34821 bytes
2026-08-20 09:36:54,300 [INFO] [OK] USA/GFS_ENSEMBLE_Wheat_Spring_PRCP/cumulative dia 00 (2026-08-20 → 2026-08-20) 34698 bytes
2026-08-20 09:36:54,334 [INFO] [OK] USA/GFS_ENSEMBLE_Wheat_Spring_PRCP/daily dia 14 (2026-09-03 → 2026-09-03) 34704 bytes
2026-08-20 09:36:54,556 [INFO] [OK] USA/GFS_ENSEMBLE_Wheat_Spring_PRCP/cumulative dia 01 (2026-08-20 → 2026-08-21) 37862 bytes
2026-08-20 09:36:55,231 [INFO] [OK] USA/GFS_ENSEMBLE_Wheat_Spring_PRCP/cumulative dia 02 (2026-08-20 → 2026-08-22) 40452 bytes
2026-08-20 09:36:55,632 [INFO] [OK] USA/GFS_ENSEMBLE_Wheat_Spring_PRCP/cumulative dia 03 (2026-08-20 → 2026-08-23) 41190 bytes
2026-08-20 09:36:56,444 [INFO] [OK] USA/GFS_ENSEMBLE_Wheat_Spring_PRCP/cumulative dia 04 (2026-08-20 → 2026-08-24) 41496 bytes
2026-08-20 09:36:56,573 [INFO] [OK] USA/GFS_ENSEMBLE_Wheat_Spring_PRCP/cumulative dia 05 (2026-08-20 → 2026-08-25) 42220 bytes
2026-08-20 09:36:57,027 [INFO] [OK] USA/GFS_ENSEMBLE_Wheat_Spring_PRCP/cumulative dia 06 (2026-08-20 → 2026-08-26) 42628 bytes
2026-08-20 09:36:57,039 [INFO] [OK] USA/GFS_ENSEMBLE_Wheat_Spring_PRCP/cumulative dia 07 (2026-08-20 → 2026-08-27) 43679 bytes
2026-08-20 09:36:57,983 [INFO] [OK] USA/GFS_ENSEMBLE_Wheat_Spring_PRCP/cumulative dia 08 (2026-08-20 → 2026-08-28) 44492 bytes
2026-08-20 09:36:58,247 [INFO] [OK] USA/GFS_ENSEMBLE_Wheat_Spring_PRCP/cumulative dia 09 (2026-08-20 → 2026-08-29) 44550 bytes
2026-08-20 09:36:58,991 [INFO] [OK] USA/GFS_ENSEMBLE_Wheat_Spring_PRCP/cumulative dia 10 (2026-08-20 → 2026-08-30) 44878 bytes
2026-08-20 09:36:59,281 [INFO] [OK] USA/GFS_ENSEMBLE_Wheat_Spring_PRCP/cumulative dia 11 (2026-08-20 → 2026-08-31) 45077 bytes
2026-08-20 09:36:59,871 [INFO] [OK] USA/GFS_ENSEMBLE_Wheat_Spring_PRCP/cumulative dia 13 (2026-08-20 → 2026-09-02) 46632 bytes
2026-08-20 09:36:59,879 [INFO] [OK] USA/GFS_ENSEMBLE_Wheat_Spring_PRCP/cumulative dia 12 (2026-08-20 → 2026-09-01) 45684 bytes
2026-08-20 09:37:00,000 [INFO] [OK] USA/ECM_ENSEMBLE_Corn_PRCP_DEP/daily dia 00 (2026-08-20 → 2026-08-20) 51656 bytes
2026-08-20 09:37:00,805 [INFO] [OK] USA/ECM_ENSEMBLE_Corn_PRCP_DEP/daily dia 01 (2026-08-21 → 2026-08-21) 55398 bytes
2026-08-20 09:37:00,929 [INFO] [OK] USA/ECM_ENSEMBLE_Corn_PRCP_DEP/daily dia 02 (2026-08-22 → 2026-08-22) 55108 bytes
2026-08-20 09:37:01,452 [INFO] [OK] USA/GFS_ENSEMBLE_Wheat_Spring_PRCP/cumulative dia 14 (2026-08-20 → 2026-09-03) 47189 bytes
2026-08-20 09:37:01,653 [INFO] [OK] USA/ECM_ENSEMBLE_Corn_PRCP_DEP/daily dia 04 (2026-08-24 → 2026-08-24) 53717 bytes
2026-08-20 09:37:01,656 [INFO] [OK] USA/ECM_ENSEMBLE_Corn_PRCP_DEP/daily dia 03 (2026-08-23 → 2026-08-23) 53001 bytes
2026-08-20 09:37:01,657 [INFO] [OK] USA/ECM_ENSEMBLE_Corn_PRCP_DEP/daily dia 05 (2026-08-25 → 2026-08-25) 53355 bytes
2026-08-20 09:37:02,412 [INFO] [OK] USA/ECM_ENSEMBLE_Corn_PRCP_DEP/daily dia 06 (2026-08-26 → 2026-08-26) 56322 bytes
2026-08-20 09:37:02,555 [INFO] [OK] USA/ECM_ENSEMBLE_Corn_PRCP_DEP/daily dia 07 (2026-08-27 → 2026-08-27) 57157 bytes
2026-08-20 09:37:03,234 [INFO] [OK] USA/ECM_ENSEMBLE_Corn_PRCP_DEP/daily dia 08 (2026-08-28 → 2026-08-28) 56626 bytes
2026-08-20 09:37:03,367 [INFO] [OK] USA/ECM_ENSEMBLE_Corn_PRCP_DEP/daily dia 10 (2026-08-30 → 2026-08-30) 59947 bytes
2026-08-20 09:37:03,410 [INFO] [OK] USA/ECM_ENSEMBLE_Corn_PRCP_DEP/daily dia 11 (2026-08-31 → 2026-08-31) 60119 bytes
2026-08-20 09:37:03,424 [INFO] [OK] USA/ECM_ENSEMBLE_Corn_PRCP_DEP/daily dia 09 (2026-08-29 → 2026-08-29) 59316 bytes
2026-08-20 09:37:04,195 [INFO] [OK] USA/ECM_ENSEMBLE_Corn_PRCP_DEP/daily dia 13 (2026-09-02 → 2026-09-02) 61428 bytes
2026-08-20 09:37:04,275 [INFO] [OK] USA/ECM_ENSEMBLE_Corn_PRCP_DEP/daily dia 12 (2026-09-01 → 2026-09-01) 60513 bytes
2026-08-20 09:37:05,239 [INFO] [OK] USA/ECM_ENSEMBLE_Corn_PRCP_DEP/daily dia 14 (2026-09-03 → 2026-09-03) 59522 bytes
2026-08-20 09:37:05,263 [INFO] [OK] USA/ECM_ENSEMBLE_Corn_PRCP_DEP/cumulative dia 00 (2026-08-20 → 2026-08-20) 51656 bytes
2026-08-20 09:37:05,263 [INFO] [OK] USA/ECM_ENSEMBLE_Corn_PRCP_DEP/cumulative dia 02 (2026-08-20 → 2026-08-22) 59492 bytes
2026-08-20 09:37:05,277 [INFO] [OK] USA/ECM_ENSEMBLE_Corn_PRCP_DEP/cumulative dia 01 (2026-08-20 → 2026-08-21) 56624 bytes
2026-08-20 09:37:06,142 [INFO] [OK] USA/ECM_ENSEMBLE_Corn_PRCP_DEP/cumulative dia 03 (2026-08-20 → 2026-08-23) 60025 bytes
2026-08-20 09:37:06,251 [INFO] [OK] USA/ECM_ENSEMBLE_Corn_PRCP_DEP/cumulative dia 04 (2026-08-20 → 2026-08-24) 59575 bytes
2026-08-20 09:37:07,422 [INFO] [OK] USA/ECM_ENSEMBLE_Corn_PRCP_DEP/cumulative dia 05 (2026-08-20 → 2026-08-25) 59295 bytes
2026-08-20 09:37:07,529 [INFO] [OK] USA/ECM_ENSEMBLE_Corn_PRCP_DEP/cumulative dia 06 (2026-08-20 → 2026-08-26) 59024 bytes
2026-08-20 09:37:07,686 [INFO] [OK] USA/ECM_ENSEMBLE_Corn_PRCP_DEP/cumulative dia 07 (2026-08-20 → 2026-08-27) 59046 bytes
2026-08-20 09:37:07,805 [INFO] [OK] USA/ECM_ENSEMBLE_Corn_PRCP_DEP/cumulative dia 08 (2026-08-20 → 2026-08-28) 59386 bytes
2026-08-20 09:37:08,633 [INFO] [OK] USA/ECM_ENSEMBLE_Corn_PRCP_DEP/cumulative dia 09 (2026-08-20 → 2026-08-29) 59421 bytes
2026-08-20 09:37:08,917 [INFO] [OK] USA/ECM_ENSEMBLE_Corn_PRCP_DEP/cumulative dia 10 (2026-08-20 → 2026-08-30) 59761 bytes
2026-08-20 09:37:10,238 [INFO] [OK] USA/ECM_ENSEMBLE_Corn_PRCP_DEP/cumulative dia 11 (2026-08-20 → 2026-08-31) 60224 bytes
2026-08-20 09:37:10,342 [INFO] [OK] USA/ECM_ENSEMBLE_Corn_PRCP/daily dia 00 (2026-08-20 → 2026-08-20) 37123 bytes
2026-08-20 09:37:10,552 [INFO] [OK] USA/ECM_ENSEMBLE_Corn_PRCP/daily dia 01 (2026-08-21 → 2026-08-21) 36718 bytes
2026-08-20 09:37:10,690 [INFO] [OK] USA/ECM_ENSEMBLE_Corn_PRCP_DEP/cumulative dia 12 (2026-08-20 → 2026-09-01) 60181 bytes
2026-08-20 09:37:10,781 [INFO] [OK] USA/ECM_ENSEMBLE_Corn_PRCP_DEP/cumulative dia 14 (2026-08-20 → 2026-09-03) 60044 bytes
2026-08-20 09:37:10,781 [INFO] [OK] USA/ECM_ENSEMBLE_Corn_PRCP_DEP/cumulative dia 13 (2026-08-20 → 2026-09-02) 59902 bytes
2026-08-20 09:37:11,814 [INFO] [OK] USA/ECM_ENSEMBLE_Corn_PRCP/daily dia 02 (2026-08-22 → 2026-08-22) 37594 bytes
2026-08-20 09:37:12,049 [INFO] [OK] USA/ECM_ENSEMBLE_Corn_PRCP/daily dia 03 (2026-08-23 → 2026-08-23) 36189 bytes
2026-08-20 09:37:12,099 [INFO] [OK] USA/ECM_ENSEMBLE_Corn_PRCP/daily dia 04 (2026-08-24 → 2026-08-24) 35879 bytes
2026-08-20 09:37:12,281 [INFO] [OK] USA/ECM_ENSEMBLE_Corn_PRCP/daily dia 05 (2026-08-25 → 2026-08-25) 35558 bytes
2026-08-20 09:37:12,481 [INFO] [OK] USA/ECM_ENSEMBLE_Corn_PRCP/daily dia 06 (2026-08-26 → 2026-08-26) 35235 bytes
2026-08-20 09:37:12,490 [INFO] [OK] USA/ECM_ENSEMBLE_Corn_PRCP/daily dia 07 (2026-08-27 → 2026-08-27) 36502 bytes
2026-08-20 09:37:13,345 [INFO] [OK] USA/ECM_ENSEMBLE_Corn_PRCP/daily dia 08 (2026-08-28 → 2026-08-28) 35544 bytes
2026-08-20 09:37:13,600 [INFO] [OK] USA/ECM_ENSEMBLE_Corn_PRCP/daily dia 09 (2026-08-29 → 2026-08-29) 36072 bytes
2026-08-20 09:37:13,756 [INFO] [OK] USA/ECM_ENSEMBLE_Corn_PRCP/daily dia 10 (2026-08-30 → 2026-08-30) 36082 bytes
2026-08-20 09:37:14,033 [INFO] [OK] USA/ECM_ENSEMBLE_Corn_PRCP/daily dia 11 (2026-08-31 → 2026-08-31) 36138 bytes
2026-08-20 09:37:14,077 [INFO] [OK] USA/ECM_ENSEMBLE_Corn_PRCP/daily dia 13 (2026-09-02 → 2026-09-02) 36463 bytes
2026-08-20 09:37:14,173 [INFO] [OK] USA/ECM_ENSEMBLE_Corn_PRCP/daily dia 12 (2026-09-01 → 2026-09-01) 36368 bytes
2026-08-20 09:37:14,920 [INFO] [OK] USA/ECM_ENSEMBLE_Corn_PRCP/daily dia 14 (2026-09-03 → 2026-09-03) 36274 bytes
2026-08-20 09:37:15,178 [INFO] [OK] USA/ECM_ENSEMBLE_Corn_PRCP/cumulative dia 00 (2026-08-20 → 2026-08-20) 37123 bytes
2026-08-20 09:37:15,436 [INFO] [OK] USA/ECM_ENSEMBLE_Corn_PRCP/cumulative dia 01 (2026-08-20 → 2026-08-21) 39731 bytes
2026-08-20 09:37:15,808 [INFO] [OK] USA/ECM_ENSEMBLE_Corn_PRCP/cumulative dia 02 (2026-08-20 → 2026-08-22) 42418 bytes
2026-08-20 09:37:15,922 [INFO] [OK] USA/ECM_ENSEMBLE_Corn_PRCP/cumulative dia 03 (2026-08-20 → 2026-08-23) 44090 bytes
2026-08-20 09:37:16,138 [INFO] [OK] USA/ECM_ENSEMBLE_Corn_PRCP/cumulative dia 04 (2026-08-20 → 2026-08-24) 44500 bytes
2026-08-20 09:37:16,979 [INFO] [OK] USA/ECM_ENSEMBLE_Corn_PRCP/cumulative dia 05 (2026-08-20 → 2026-08-25) 44966 bytes
2026-08-20 09:37:17,443 [INFO] [OK] USA/ECM_ENSEMBLE_Corn_PRCP/cumulative dia 06 (2026-08-20 → 2026-08-26) 46011 bytes
2026-08-20 09:37:17,697 [INFO] [OK] USA/ECM_ENSEMBLE_Corn_PRCP/cumulative dia 07 (2026-08-20 → 2026-08-27) 46410 bytes
2026-08-20 09:37:18,195 [INFO] [OK] USA/ECM_ENSEMBLE_Corn_PRCP/cumulative dia 08 (2026-08-20 → 2026-08-28) 47207 bytes
2026-08-20 09:37:18,465 [INFO] [OK] USA/ECM_ENSEMBLE_Corn_PRCP/cumulative dia 09 (2026-08-20 → 2026-08-29) 48548 bytes
2026-08-20 09:37:18,797 [INFO] [OK] USA/ECM_ENSEMBLE_Corn_PRCP/cumulative dia 10 (2026-08-20 → 2026-08-30) 48670 bytes
2026-08-20 09:37:19,583 [INFO] [OK] USA/ECM_ENSEMBLE_Corn_PRCP/cumulative dia 11 (2026-08-20 → 2026-08-31) 48874 bytes
2026-08-20 09:37:20,210 [INFO] [OK] USA/ECM_ENSEMBLE_Soy_PRCP_DEP/daily dia 00 (2026-08-20 → 2026-08-20) 51310 bytes
2026-08-20 09:37:20,279 [INFO] [OK] USA/ECM_ENSEMBLE_Corn_PRCP/cumulative dia 12 (2026-08-20 → 2026-09-01) 49780 bytes
2026-08-20 09:37:20,536 [INFO] [OK] USA/ECM_ENSEMBLE_Soy_PRCP_DEP/daily dia 01 (2026-08-21 → 2026-08-21) 54889 bytes
2026-08-20 09:37:20,617 [INFO] [OK] USA/ECM_ENSEMBLE_Corn_PRCP/cumulative dia 13 (2026-08-20 → 2026-09-02) 50286 bytes
2026-08-20 09:37:21,290 [INFO] [OK] USA/ECM_ENSEMBLE_Corn_PRCP/cumulative dia 14 (2026-08-20 → 2026-09-03) 50264 bytes
2026-08-20 09:37:21,414 [INFO] [OK] USA/ECM_ENSEMBLE_Soy_PRCP_DEP/daily dia 02 (2026-08-22 → 2026-08-22) 54819 bytes
2026-08-20 09:37:21,936 [INFO] [OK] USA/ECM_ENSEMBLE_Soy_PRCP_DEP/daily dia 03 (2026-08-23 → 2026-08-23) 52777 bytes
2026-08-20 09:37:21,937 [INFO] [OK] USA/ECM_ENSEMBLE_Soy_PRCP_DEP/daily dia 04 (2026-08-24 → 2026-08-24) 53275 bytes
2026-08-20 09:37:22,213 [INFO] [OK] USA/ECM_ENSEMBLE_Soy_PRCP_DEP/daily dia 05 (2026-08-25 → 2026-08-25) 52998 bytes
2026-08-20 09:37:22,214 [INFO] [OK] USA/ECM_ENSEMBLE_Soy_PRCP_DEP/daily dia 06 (2026-08-26 → 2026-08-26) 56140 bytes
2026-08-20 09:37:22,985 [INFO] [OK] USA/ECM_ENSEMBLE_Soy_PRCP_DEP/daily dia 07 (2026-08-27 → 2026-08-27) 57044 bytes
2026-08-20 09:37:23,036 [INFO] [OK] USA/ECM_ENSEMBLE_Soy_PRCP_DEP/daily dia 08 (2026-08-28 → 2026-08-28) 56339 bytes
2026-08-20 09:37:23,619 [INFO] [OK] USA/ECM_ENSEMBLE_Soy_PRCP_DEP/daily dia 10 (2026-08-30 → 2026-08-30) 59718 bytes
2026-08-20 09:37:23,646 [INFO] [OK] USA/ECM_ENSEMBLE_Soy_PRCP_DEP/daily dia 09 (2026-08-29 → 2026-08-29) 58989 bytes
2026-08-20 09:37:23,817 [INFO] [OK] USA/ECM_ENSEMBLE_Soy_PRCP_DEP/daily dia 12 (2026-09-01 → 2026-09-01) 60192 bytes
2026-08-20 09:37:23,980 [INFO] [OK] USA/ECM_ENSEMBLE_Soy_PRCP_DEP/daily dia 11 (2026-08-31 → 2026-08-31) 59650 bytes
2026-08-20 09:37:24,626 [INFO] [OK] USA/ECM_ENSEMBLE_Soy_PRCP_DEP/daily dia 13 (2026-09-02 → 2026-09-02) 61187 bytes
2026-08-20 09:37:24,681 [INFO] [OK] USA/ECM_ENSEMBLE_Soy_PRCP_DEP/daily dia 14 (2026-09-03 → 2026-09-03) 59274 bytes
2026-08-20 09:37:25,283 [INFO] [OK] USA/ECM_ENSEMBLE_Soy_PRCP_DEP/cumulative dia 00 (2026-08-20 → 2026-08-20) 51310 bytes
2026-08-20 09:37:25,373 [INFO] [OK] USA/ECM_ENSEMBLE_Soy_PRCP_DEP/cumulative dia 01 (2026-08-20 → 2026-08-21) 56243 bytes
2026-08-20 09:37:25,621 [INFO] [OK] USA/ECM_ENSEMBLE_Soy_PRCP_DEP/cumulative dia 02 (2026-08-20 → 2026-08-22) 59153 bytes
2026-08-20 09:37:26,114 [INFO] [OK] USA/ECM_ENSEMBLE_Soy_PRCP_DEP/cumulative dia 03 (2026-08-20 → 2026-08-23) 59728 bytes
2026-08-20 09:37:26,604 [INFO] [OK] USA/ECM_ENSEMBLE_Soy_PRCP_DEP/cumulative dia 04 (2026-08-20 → 2026-08-24) 59215 bytes
2026-08-20 09:37:27,006 [INFO] [OK] USA/ECM_ENSEMBLE_Soy_PRCP_DEP/cumulative dia 05 (2026-08-20 → 2026-08-25) 58809 bytes
2026-08-20 09:37:27,944 [INFO] [OK] USA/ECM_ENSEMBLE_Soy_PRCP_DEP/cumulative dia 07 (2026-08-20 → 2026-08-27) 58713 bytes
2026-08-20 09:37:28,407 [INFO] [OK] USA/ECM_ENSEMBLE_Soy_PRCP_DEP/cumulative dia 08 (2026-08-20 → 2026-08-28) 59067 bytes
2026-08-20 09:37:28,489 [INFO] [OK] USA/ECM_ENSEMBLE_Soy_PRCP_DEP/cumulative dia 06 (2026-08-20 → 2026-08-26) 58571 bytes
2026-08-20 09:37:28,670 [INFO] [OK] USA/ECM_ENSEMBLE_Soy_PRCP_DEP/cumulative dia 09 (2026-08-20 → 2026-08-29) 59016 bytes
2026-08-20 09:37:29,176 [INFO] [OK] USA/ECM_ENSEMBLE_Soy_PRCP_DEP/cumulative dia 10 (2026-08-20 → 2026-08-30) 59362 bytes
2026-08-20 09:37:29,689 [INFO] [OK] USA/ECM_ENSEMBLE_Soy_PRCP_DEP/cumulative dia 11 (2026-08-20 → 2026-08-31) 59778 bytes
2026-08-20 09:37:30,358 [INFO] [OK] USA/ECM_ENSEMBLE_Soy_PRCP/daily dia 00 (2026-08-20 → 2026-08-20) 36524 bytes
2026-08-20 09:37:30,781 [INFO] [OK] USA/ECM_ENSEMBLE_Soy_PRCP/daily dia 01 (2026-08-21 → 2026-08-21) 36111 bytes
2026-08-20 09:37:30,796 [INFO] [OK] USA/ECM_ENSEMBLE_Soy_PRCP_DEP/cumulative dia 12 (2026-08-20 → 2026-09-01) 59712 bytes
2026-08-20 09:37:31,291 [INFO] [OK] USA/ECM_ENSEMBLE_Soy_PRCP/daily dia 02 (2026-08-22 → 2026-08-22) 37300 bytes
2026-08-20 09:37:31,299 [INFO] [OK] USA/ECM_ENSEMBLE_Soy_PRCP_DEP/cumulative dia 13 (2026-08-20 → 2026-09-02) 59344 bytes
2026-08-20 09:37:31,505 [INFO] [OK] USA/ECM_ENSEMBLE_Soy_PRCP_DEP/cumulative dia 14 (2026-08-20 → 2026-09-03) 59357 bytes
2026-08-20 09:37:32,010 [INFO] [OK] USA/ECM_ENSEMBLE_Soy_PRCP/daily dia 03 (2026-08-23 → 2026-08-23) 35716 bytes
2026-08-20 09:37:32,320 [INFO] [OK] USA/ECM_ENSEMBLE_Soy_PRCP/daily dia 05 (2026-08-25 → 2026-08-25) 35161 bytes
2026-08-20 09:37:32,379 [INFO] [OK] USA/ECM_ENSEMBLE_Soy_PRCP/daily dia 04 (2026-08-24 → 2026-08-24) 35483 bytes
2026-08-20 09:37:32,859 [INFO] [OK] USA/ECM_ENSEMBLE_Soy_PRCP/daily dia 06 (2026-08-26 → 2026-08-26) 34815 bytes
2026-08-20 09:37:32,863 [INFO] [OK] USA/ECM_ENSEMBLE_Soy_PRCP/daily dia 07 (2026-08-27 → 2026-08-27) 36090 bytes
2026-08-20 09:37:33,132 [INFO] [OK] USA/ECM_ENSEMBLE_Soy_PRCP/daily dia 08 (2026-08-28 → 2026-08-28) 35046 bytes
2026-08-20 09:37:33,625 [INFO] [OK] USA/ECM_ENSEMBLE_Soy_PRCP/daily dia 09 (2026-08-29 → 2026-08-29) 35651 bytes
2026-08-20 09:37:33,889 [INFO] [OK] USA/ECM_ENSEMBLE_Soy_PRCP/daily dia 11 (2026-08-31 → 2026-08-31) 35787 bytes
2026-08-20 09:37:33,892 [INFO] [OK] USA/ECM_ENSEMBLE_Soy_PRCP/daily dia 10 (2026-08-30 → 2026-08-30) 35813 bytes
2026-08-20 09:37:34,407 [INFO] [OK] USA/ECM_ENSEMBLE_Soy_PRCP/daily dia 12 (2026-09-01 → 2026-09-01) 35874 bytes
2026-08-20 09:37:34,409 [INFO] [OK] USA/ECM_ENSEMBLE_Soy_PRCP/daily dia 13 (2026-09-02 → 2026-09-02) 35900 bytes
2026-08-20 09:37:34,663 [INFO] [OK] USA/ECM_ENSEMBLE_Soy_PRCP/daily dia 14 (2026-09-03 → 2026-09-03) 35821 bytes
2026-08-20 09:37:35,159 [INFO] [OK] USA/ECM_ENSEMBLE_Soy_PRCP/cumulative dia 00 (2026-08-20 → 2026-08-20) 36524 bytes
2026-08-20 09:37:35,565 [INFO] [OK] USA/ECM_ENSEMBLE_Soy_PRCP/cumulative dia 01 (2026-08-20 → 2026-08-21) 39254 bytes
2026-08-20 09:37:35,650 [INFO] [OK] USA/ECM_ENSEMBLE_Soy_PRCP/cumulative dia 02 (2026-08-20 → 2026-08-22) 42156 bytes
2026-08-20 09:37:36,260 [INFO] [OK] USA/ECM_ENSEMBLE_Soy_PRCP/cumulative dia 03 (2026-08-20 → 2026-08-23) 43724 bytes
2026-08-20 09:37:36,384 [INFO] [OK] USA/ECM_ENSEMBLE_Soy_PRCP/cumulative dia 04 (2026-08-20 → 2026-08-24) 44043 bytes
2026-08-20 09:37:36,927 [INFO] [OK] USA/ECM_ENSEMBLE_Soy_PRCP/cumulative dia 05 (2026-08-20 → 2026-08-25) 44659 bytes
2026-08-20 09:37:37,321 [INFO] [OK] USA/ECM_ENSEMBLE_Soy_PRCP/cumulative dia 06 (2026-08-20 → 2026-08-26) 45495 bytes
2026-08-20 09:37:37,827 [INFO] [OK] USA/ECM_ENSEMBLE_Soy_PRCP/cumulative dia 07 (2026-08-20 → 2026-08-27) 46162 bytes
2026-08-20 09:37:38,101 [INFO] [OK] USA/ECM_ENSEMBLE_Soy_PRCP/cumulative dia 08 (2026-08-20 → 2026-08-28) 46708 bytes
2026-08-20 09:37:38,725 [INFO] [OK] USA/ECM_ENSEMBLE_Soy_PRCP/cumulative dia 09 (2026-08-20 → 2026-08-29) 47787 bytes
2026-08-20 09:37:39,007 [INFO] [OK] USA/ECM_ENSEMBLE_Soy_PRCP/cumulative dia 10 (2026-08-20 → 2026-08-30) 48372 bytes
2026-08-20 09:37:39,578 [INFO] [OK] USA/ECM_ENSEMBLE_Soy_PRCP/cumulative dia 11 (2026-08-20 → 2026-08-31) 48631 bytes
2026-08-20 09:37:40,129 [INFO] [OK] USA/ECM_ENSEMBLE_Soy_PRCP/cumulative dia 12 (2026-08-20 → 2026-09-01) 49317 bytes
2026-08-20 09:37:40,343 [INFO] [OK] USA/ECM_ENSEMBLE_Wheat_Winter_PRCP_DEP/daily dia 00 (2026-08-20 → 2026-08-20) 52925 bytes
2026-08-20 09:37:40,635 [INFO] [OK] USA/ECM_ENSEMBLE_Wheat_Winter_PRCP_DEP/daily dia 01 (2026-08-21 → 2026-08-21) 56395 bytes
2026-08-20 09:37:40,667 [INFO] [OK] USA/ECM_ENSEMBLE_Soy_PRCP/cumulative dia 13 (2026-08-20 → 2026-09-02) 49898 bytes
2026-08-20 09:37:41,029 [INFO] [OK] USA/ECM_ENSEMBLE_Soy_PRCP/cumulative dia 14 (2026-08-20 → 2026-09-03) 49783 bytes
2026-08-20 09:37:41,174 [INFO] [OK] USA/ECM_ENSEMBLE_Wheat_Winter_PRCP_DEP/daily dia 02 (2026-08-22 → 2026-08-22) 56521 bytes
2026-08-20 09:37:41,779 [INFO] [OK] USA/ECM_ENSEMBLE_Wheat_Winter_PRCP_DEP/daily dia 03 (2026-08-23 → 2026-08-23) 54815 bytes
2026-08-20 09:37:41,928 [INFO] [OK] USA/ECM_ENSEMBLE_Wheat_Winter_PRCP_DEP/daily dia 04 (2026-08-24 → 2026-08-24) 54757 bytes
2026-08-20 09:37:42,256 [INFO] [OK] USA/ECM_ENSEMBLE_Wheat_Winter_PRCP_DEP/daily dia 05 (2026-08-25 → 2026-08-25) 54693 bytes
2026-08-20 09:37:42,329 [INFO] [OK] USA/ECM_ENSEMBLE_Wheat_Winter_PRCP_DEP/daily dia 06 (2026-08-26 → 2026-08-26) 57886 bytes
2026-08-20 09:37:42,636 [INFO] [OK] USA/ECM_ENSEMBLE_Wheat_Winter_PRCP_DEP/daily dia 07 (2026-08-27 → 2026-08-27) 58678 bytes
2026-08-20 09:37:42,838 [INFO] [OK] USA/ECM_ENSEMBLE_Wheat_Winter_PRCP_DEP/daily dia 08 (2026-08-28 → 2026-08-28) 58187 bytes
2026-08-20 09:37:43,571 [INFO] [OK] USA/ECM_ENSEMBLE_Wheat_Winter_PRCP_DEP/daily dia 09 (2026-08-29 → 2026-08-29) 60370 bytes
2026-08-20 09:37:43,688 [INFO] [OK] USA/ECM_ENSEMBLE_Wheat_Winter_PRCP_DEP/daily dia 10 (2026-08-30 → 2026-08-30) 60902 bytes
2026-08-20 09:37:43,962 [INFO] [OK] USA/ECM_ENSEMBLE_Wheat_Winter_PRCP_DEP/daily dia 11 (2026-08-31 → 2026-08-31) 61154 bytes
2026-08-20 09:37:43,996 [INFO] [OK] USA/ECM_ENSEMBLE_Wheat_Winter_PRCP_DEP/daily dia 12 (2026-09-01 → 2026-09-01) 61367 bytes
2026-08-20 09:37:44,300 [INFO] [OK] USA/ECM_ENSEMBLE_Wheat_Winter_PRCP_DEP/daily dia 13 (2026-09-02 → 2026-09-02) 62665 bytes
2026-08-20 09:37:44,477 [INFO] [OK] USA/ECM_ENSEMBLE_Wheat_Winter_PRCP_DEP/daily dia 14 (2026-09-03 → 2026-09-03) 60869 bytes
2026-08-20 09:37:45,144 [INFO] [OK] USA/ECM_ENSEMBLE_Wheat_Winter_PRCP_DEP/cumulative dia 00 (2026-08-20 → 2026-08-20) 52925 bytes
2026-08-20 09:37:45,429 [INFO] [OK] USA/ECM_ENSEMBLE_Wheat_Winter_PRCP_DEP/cumulative dia 01 (2026-08-20 → 2026-08-21) 57773 bytes
2026-08-20 09:37:45,795 [INFO] [OK] USA/ECM_ENSEMBLE_Wheat_Winter_PRCP_DEP/cumulative dia 02 (2026-08-20 → 2026-08-22) 60261 bytes
2026-08-20 09:37:46,011 [INFO] [OK] USA/ECM_ENSEMBLE_Wheat_Winter_PRCP_DEP/cumulative dia 03 (2026-08-20 → 2026-08-23) 60789 bytes
2026-08-20 09:37:46,342 [INFO] [OK] USA/ECM_ENSEMBLE_Wheat_Winter_PRCP_DEP/cumulative dia 04 (2026-08-20 → 2026-08-24) 60179 bytes
2026-08-20 09:37:46,953 [INFO] [OK] USA/ECM_ENSEMBLE_Wheat_Winter_PRCP_DEP/cumulative dia 05 (2026-08-20 → 2026-08-25) 60116 bytes
2026-08-20 09:37:47,292 [INFO] [OK] USA/ECM_ENSEMBLE_Wheat_Winter_PRCP_DEP/cumulative dia 06 (2026-08-20 → 2026-08-26) 59990 bytes
2026-08-20 09:37:47,704 [INFO] [OK] USA/ECM_ENSEMBLE_Wheat_Winter_PRCP_DEP/cumulative dia 07 (2026-08-20 → 2026-08-27) 60214 bytes
2026-08-20 09:37:48,730 [INFO] [OK] USA/ECM_ENSEMBLE_Wheat_Winter_PRCP_DEP/cumulative dia 08 (2026-08-20 → 2026-08-28) 60589 bytes
2026-08-20 09:37:48,748 [INFO] [OK] USA/ECM_ENSEMBLE_Wheat_Winter_PRCP_DEP/cumulative dia 09 (2026-08-20 → 2026-08-29) 60669 bytes
2026-08-20 09:37:48,985 [INFO] [OK] USA/ECM_ENSEMBLE_Wheat_Winter_PRCP_DEP/cumulative dia 10 (2026-08-20 → 2026-08-30) 60811 bytes
2026-08-20 09:37:50,038 [INFO] [OK] USA/ECM_ENSEMBLE_Wheat_Winter_PRCP_DEP/cumulative dia 12 (2026-08-20 → 2026-09-01) 61012 bytes
2026-08-20 09:37:50,045 [INFO] [OK] USA/ECM_ENSEMBLE_Wheat_Winter_PRCP_DEP/cumulative dia 11 (2026-08-20 → 2026-08-31) 61158 bytes
2026-08-20 09:37:50,263 [INFO] [OK] USA/ECM_ENSEMBLE_Wheat_Winter_PRCP/daily dia 00 (2026-08-20 → 2026-08-20) 38129 bytes
2026-08-20 09:37:50,608 [INFO] [OK] USA/ECM_ENSEMBLE_Wheat_Winter_PRCP/daily dia 01 (2026-08-21 → 2026-08-21) 37739 bytes
2026-08-20 09:37:50,717 [INFO] [OK] USA/ECM_ENSEMBLE_Wheat_Winter_PRCP_DEP/cumulative dia 13 (2026-08-20 → 2026-09-02) 60859 bytes
2026-08-20 09:37:51,607 [INFO] [OK] USA/ECM_ENSEMBLE_Wheat_Winter_PRCP/daily dia 02 (2026-08-22 → 2026-08-22) 38803 bytes
2026-08-20 09:37:51,721 [INFO] [OK] USA/ECM_ENSEMBLE_Wheat_Winter_PRCP/daily dia 03 (2026-08-23 → 2026-08-23) 37236 bytes
2026-08-20 09:37:51,792 [INFO] [OK] USA/ECM_ENSEMBLE_Wheat_Winter_PRCP_DEP/cumulative dia 14 (2026-08-20 → 2026-09-03) 60926 bytes
2026-08-20 09:37:51,866 [INFO] [OK] USA/ECM_ENSEMBLE_Wheat_Winter_PRCP/daily dia 04 (2026-08-24 → 2026-08-24) 37012 bytes
2026-08-20 09:37:52,163 [INFO] [OK] USA/ECM_ENSEMBLE_Wheat_Winter_PRCP/daily dia 05 (2026-08-25 → 2026-08-25) 36590 bytes
2026-08-20 09:37:52,238 [INFO] [OK] USA/ECM_ENSEMBLE_Wheat_Winter_PRCP/daily dia 06 (2026-08-26 → 2026-08-26) 36274 bytes
2026-08-20 09:37:53,158 [INFO] [OK] USA/ECM_ENSEMBLE_Wheat_Winter_PRCP/daily dia 07 (2026-08-27 → 2026-08-27) 37740 bytes
2026-08-20 09:37:53,271 [INFO] [OK] USA/ECM_ENSEMBLE_Wheat_Winter_PRCP/daily dia 08 (2026-08-28 → 2026-08-28) 36572 bytes
2026-08-20 09:37:53,335 [INFO] [OK] USA/ECM_ENSEMBLE_Wheat_Winter_PRCP/daily dia 09 (2026-08-29 → 2026-08-29) 37187 bytes
2026-08-20 09:37:53,411 [INFO] [OK] USA/ECM_ENSEMBLE_Wheat_Winter_PRCP/daily dia 10 (2026-08-30 → 2026-08-30) 37168 bytes
2026-08-20 09:37:53,709 [INFO] [OK] USA/ECM_ENSEMBLE_Wheat_Winter_PRCP/daily dia 11 (2026-08-31 → 2026-08-31) 36980 bytes
2026-08-20 09:37:53,816 [INFO] [OK] USA/ECM_ENSEMBLE_Wheat_Winter_PRCP/daily dia 12 (2026-09-01 → 2026-09-01) 37228 bytes
2026-08-20 09:37:54,703 [INFO] [OK] USA/ECM_ENSEMBLE_Wheat_Winter_PRCP/daily dia 13 (2026-09-02 → 2026-09-02) 37435 bytes
2026-08-20 09:37:54,822 [INFO] [OK] USA/ECM_ENSEMBLE_Wheat_Winter_PRCP/daily dia 14 (2026-09-03 → 2026-09-03) 37372 bytes
2026-08-20 09:37:54,918 [INFO] [OK] USA/ECM_ENSEMBLE_Wheat_Winter_PRCP/cumulative dia 00 (2026-08-20 → 2026-08-20) 38129 bytes
2026-08-20 09:37:55,095 [INFO] [OK] USA/ECM_ENSEMBLE_Wheat_Winter_PRCP/cumulative dia 01 (2026-08-20 → 2026-08-21) 40774 bytes
2026-08-20 09:37:55,469 [INFO] [OK] USA/ECM_ENSEMBLE_Wheat_Winter_PRCP/cumulative dia 02 (2026-08-20 → 2026-08-22) 43577 bytes
2026-08-20 09:37:55,666 [INFO] [OK] USA/ECM_ENSEMBLE_Wheat_Winter_PRCP/cumulative dia 03 (2026-08-20 → 2026-08-23) 45054 bytes
2026-08-20 09:37:56,823 [INFO] [OK] USA/ECM_ENSEMBLE_Wheat_Winter_PRCP/cumulative dia 04 (2026-08-20 → 2026-08-24) 45330 bytes
2026-08-20 09:37:57,143 [INFO] [OK] USA/ECM_ENSEMBLE_Wheat_Winter_PRCP/cumulative dia 05 (2026-08-20 → 2026-08-25) 46200 bytes
2026-08-20 09:37:57,154 [INFO] [OK] USA/ECM_ENSEMBLE_Wheat_Winter_PRCP/cumulative dia 06 (2026-08-20 → 2026-08-26) 46891 bytes
2026-08-20 09:37:57,414 [INFO] [OK] USA/ECM_ENSEMBLE_Wheat_Winter_PRCP/cumulative dia 07 (2026-08-20 → 2026-08-27) 47556 bytes
2026-08-20 09:37:57,989 [INFO] [OK] USA/ECM_ENSEMBLE_Wheat_Winter_PRCP/cumulative dia 08 (2026-08-20 → 2026-08-28) 48344 bytes
2026-08-20 09:37:58,295 [INFO] [OK] USA/ECM_ENSEMBLE_Wheat_Winter_PRCP/cumulative dia 09 (2026-08-20 → 2026-08-29) 49431 bytes
2026-08-20 09:37:59,551 [INFO] [OK] USA/ECM_ENSEMBLE_Wheat_Winter_PRCP/cumulative dia 10 (2026-08-20 → 2026-08-30) 50109 bytes
2026-08-20 09:37:59,844 [INFO] [OK] USA/ECM_ENSEMBLE_Wheat_Winter_PRCP/cumulative dia 11 (2026-08-20 → 2026-08-31) 50307 bytes
2026-08-20 09:37:59,909 [INFO] [OK] USA/ECM_ENSEMBLE_Wheat_Winter_PRCP/cumulative dia 12 (2026-08-20 → 2026-09-01) 51135 bytes
2026-08-20 09:37:59,970 [INFO] [OK] USA/ECM_ENSEMBLE_Wheat_Spring_PRCP_DEP/daily dia 00 (2026-08-20 → 2026-08-20) 49758 bytes
2026-08-20 09:38:00,373 [INFO] [OK] USA/ECM_ENSEMBLE_Wheat_Winter_PRCP/cumulative dia 13 (2026-08-20 → 2026-09-02) 51709 bytes
2026-08-20 09:38:01,163 [INFO] [OK] USA/ECM_ENSEMBLE_Wheat_Winter_PRCP/cumulative dia 14 (2026-08-20 → 2026-09-03) 51366 bytes
2026-08-20 09:38:01,333 [INFO] [OK] USA/ECM_ENSEMBLE_Wheat_Spring_PRCP_DEP/daily dia 01 (2026-08-21 → 2026-08-21) 53318 bytes
2026-08-20 09:38:01,439 [INFO] [OK] USA/ECM_ENSEMBLE_Wheat_Spring_PRCP_DEP/daily dia 02 (2026-08-22 → 2026-08-22) 53098 bytes
2026-08-20 09:38:01,592 [INFO] [OK] USA/ECM_ENSEMBLE_Wheat_Spring_PRCP_DEP/daily dia 03 (2026-08-23 → 2026-08-23) 51183 bytes
2026-08-20 09:38:01,617 [INFO] [OK] USA/ECM_ENSEMBLE_Wheat_Spring_PRCP_DEP/daily dia 04 (2026-08-24 → 2026-08-24) 51439 bytes
2026-08-20 09:38:02,060 [INFO] [OK] USA/ECM_ENSEMBLE_Wheat_Spring_PRCP_DEP/daily dia 05 (2026-08-25 → 2026-08-25) 51363 bytes
2026-08-20 09:38:02,873 [INFO] [OK] USA/ECM_ENSEMBLE_Wheat_Spring_PRCP_DEP/daily dia 06 (2026-08-26 → 2026-08-26) 54465 bytes
2026-08-20 09:38:03,092 [INFO] [OK] USA/ECM_ENSEMBLE_Wheat_Spring_PRCP_DEP/daily dia 07 (2026-08-27 → 2026-08-27) 55332 bytes
2026-08-20 09:38:03,161 [INFO] [OK] USA/ECM_ENSEMBLE_Wheat_Spring_PRCP_DEP/daily dia 08 (2026-08-28 → 2026-08-28) 54754 bytes
2026-08-20 09:38:03,240 [INFO] [OK] USA/ECM_ENSEMBLE_Wheat_Spring_PRCP_DEP/daily dia 10 (2026-08-30 → 2026-08-30) 57681 bytes
2026-08-20 09:38:03,411 [INFO] [OK] USA/ECM_ENSEMBLE_Wheat_Spring_PRCP_DEP/daily dia 09 (2026-08-29 → 2026-08-29) 57095 bytes
2026-08-20 09:38:03,769 [INFO] [OK] USA/ECM_ENSEMBLE_Wheat_Spring_PRCP_DEP/daily dia 11 (2026-08-31 → 2026-08-31) 57852 bytes
2026-08-20 09:38:04,490 [INFO] [OK] USA/ECM_ENSEMBLE_Wheat_Spring_PRCP_DEP/daily dia 12 (2026-09-01 → 2026-09-01) 58447 bytes
2026-08-20 09:38:04,839 [INFO] [OK] USA/ECM_ENSEMBLE_Wheat_Spring_PRCP_DEP/daily dia 13 (2026-09-02 → 2026-09-02) 59650 bytes
2026-08-20 09:38:04,886 [INFO] [OK] USA/ECM_ENSEMBLE_Wheat_Spring_PRCP_DEP/cumulative dia 00 (2026-08-20 → 2026-08-20) 49758 bytes
2026-08-20 09:38:04,977 [INFO] [OK] USA/ECM_ENSEMBLE_Wheat_Spring_PRCP_DEP/daily dia 14 (2026-09-03 → 2026-09-03) 57366 bytes
2026-08-20 09:38:05,269 [INFO] [OK] USA/ECM_ENSEMBLE_Wheat_Spring_PRCP_DEP/cumulative dia 01 (2026-08-20 → 2026-08-21) 54604 bytes
2026-08-20 09:38:06,064 [INFO] [OK] USA/ECM_ENSEMBLE_Wheat_Spring_PRCP_DEP/cumulative dia 02 (2026-08-20 → 2026-08-22) 57139 bytes
2026-08-20 09:38:06,423 [INFO] [OK] USA/ECM_ENSEMBLE_Wheat_Spring_PRCP_DEP/cumulative dia 03 (2026-08-20 → 2026-08-23) 57706 bytes
2026-08-20 09:38:07,043 [INFO] [OK] USA/ECM_ENSEMBLE_Wheat_Spring_PRCP_DEP/cumulative dia 04 (2026-08-20 → 2026-08-24) 57027 bytes
2026-08-20 09:38:07,063 [INFO] [OK] USA/ECM_ENSEMBLE_Wheat_Spring_PRCP_DEP/cumulative dia 05 (2026-08-20 → 2026-08-25) 56848 bytes
2026-08-20 09:38:07,262 [INFO] [OK] USA/ECM_ENSEMBLE_Wheat_Spring_PRCP_DEP/cumulative dia 06 (2026-08-20 → 2026-08-26) 56754 bytes
2026-08-20 09:38:07,668 [INFO] [OK] USA/ECM_ENSEMBLE_Wheat_Spring_PRCP_DEP/cumulative dia 07 (2026-08-20 → 2026-08-27) 57022 bytes
2026-08-20 09:38:08,435 [INFO] [OK] USA/ECM_ENSEMBLE_Wheat_Spring_PRCP_DEP/cumulative dia 08 (2026-08-20 → 2026-08-28) 57398 bytes
2026-08-20 09:38:08,983 [INFO] [OK] USA/ECM_ENSEMBLE_Wheat_Spring_PRCP_DEP/cumulative dia 09 (2026-08-20 → 2026-08-29) 57403 bytes
2026-08-20 09:38:09,670 [INFO] [OK] USA/ECM_ENSEMBLE_Wheat_Spring_PRCP_DEP/cumulative dia 10 (2026-08-20 → 2026-08-30) 57715 bytes
2026-08-20 09:38:09,838 [INFO] [OK] USA/ECM_ENSEMBLE_Wheat_Spring_PRCP_DEP/cumulative dia 11 (2026-08-20 → 2026-08-31) 58068 bytes
2026-08-20 09:38:10,100 [INFO] [OK] USA/ECM_ENSEMBLE_Wheat_Spring_PRCP_DEP/cumulative dia 12 (2026-08-20 → 2026-09-01) 58066 bytes
2026-08-20 09:38:10,520 [INFO] [OK] USA/ECM_ENSEMBLE_Wheat_Spring_PRCP/daily dia 00 (2026-08-20 → 2026-08-20) 35002 bytes
2026-08-20 09:38:10,606 [INFO] [OK] USA/ECM_ENSEMBLE_Wheat_Spring_PRCP_DEP/cumulative dia 13 (2026-08-20 → 2026-09-02) 57694 bytes
2026-08-20 09:38:11,253 [INFO] [OK] USA/ECM_ENSEMBLE_Wheat_Spring_PRCP/daily dia 01 (2026-08-21 → 2026-08-21) 34641 bytes
2026-08-20 09:38:11,438 [INFO] [OK] USA/ECM_ENSEMBLE_Wheat_Spring_PRCP/daily dia 02 (2026-08-22 → 2026-08-22) 35703 bytes
2026-08-20 09:38:11,443 [INFO] [OK] USA/ECM_ENSEMBLE_Wheat_Spring_PRCP_DEP/cumulative dia 14 (2026-08-20 → 2026-09-03) 57589 bytes
2026-08-20 09:38:11,695 [INFO] [OK] USA/ECM_ENSEMBLE_Wheat_Spring_PRCP/daily dia 03 (2026-08-23 → 2026-08-23) 34244 bytes
2026-08-20 09:38:12,185 [INFO] [OK] USA/ECM_ENSEMBLE_Wheat_Spring_PRCP/daily dia 05 (2026-08-25 → 2026-08-25) 33517 bytes
2026-08-20 09:38:12,221 [INFO] [OK] USA/ECM_ENSEMBLE_Wheat_Spring_PRCP/daily dia 04 (2026-08-24 → 2026-08-24) 34135 bytes
2026-08-20 09:38:12,790 [INFO] [OK] USA/ECM_ENSEMBLE_Wheat_Spring_PRCP/daily dia 06 (2026-08-26 → 2026-08-26) 33062 bytes
2026-08-20 09:38:12,939 [INFO] [OK] USA/ECM_ENSEMBLE_Wheat_Spring_PRCP/daily dia 07 (2026-08-27 → 2026-08-27) 34635 bytes
2026-08-20 09:38:13,048 [INFO] [OK] USA/ECM_ENSEMBLE_Wheat_Spring_PRCP/daily dia 08 (2026-08-28 → 2026-08-28) 33671 bytes
2026-08-20 09:38:13,237 [INFO] [OK] USA/ECM_ENSEMBLE_Wheat_Spring_PRCP/daily dia 09 (2026-08-29 → 2026-08-29) 34166 bytes
2026-08-20 09:38:14,293 [INFO] [OK] USA/ECM_ENSEMBLE_Wheat_Spring_PRCP/daily dia 10 (2026-08-30 → 2026-08-30) 34159 bytes
2026-08-20 09:38:14,307 [INFO] [OK] USA/ECM_ENSEMBLE_Wheat_Spring_PRCP/daily dia 11 (2026-08-31 → 2026-08-31) 34078 bytes
2026-08-20 09:38:14,457 [INFO] [OK] USA/ECM_ENSEMBLE_Wheat_Spring_PRCP/daily dia 12 (2026-09-01 → 2026-09-01) 34202 bytes
2026-08-20 09:38:16,104 [INFO] [OK] USA/ECM_ENSEMBLE_Wheat_Spring_PRCP/daily dia 13 (2026-09-02 → 2026-09-02) 34457 bytes
2026-08-20 09:38:16,117 [INFO] [OK] USA/ECM_ENSEMBLE_Wheat_Spring_PRCP/daily dia 14 (2026-09-03 → 2026-09-03) 34386 bytes
2026-08-20 09:38:16,118 [INFO] [OK] USA/ECM_ENSEMBLE_Wheat_Spring_PRCP/cumulative dia 00 (2026-08-20 → 2026-08-20) 35002 bytes
2026-08-20 09:38:17,044 [INFO] [OK] USA/ECM_ENSEMBLE_Wheat_Spring_PRCP/cumulative dia 03 (2026-08-20 → 2026-08-23) 41615 bytes
2026-08-20 09:38:17,106 [INFO] [OK] USA/ECM_ENSEMBLE_Wheat_Spring_PRCP/cumulative dia 01 (2026-08-20 → 2026-08-21) 37581 bytes
2026-08-20 09:38:17,118 [INFO] [OK] USA/ECM_ENSEMBLE_Wheat_Spring_PRCP/cumulative dia 02 (2026-08-20 → 2026-08-22) 40024 bytes
2026-08-20 09:38:18,343 [INFO] [OK] USA/ECM_ENSEMBLE_Wheat_Spring_PRCP/cumulative dia 04 (2026-08-20 → 2026-08-24) 41844 bytes
2026-08-20 09:38:19,129 [INFO] [OK] USA/ECM_ENSEMBLE_Wheat_Spring_PRCP/cumulative dia 05 (2026-08-20 → 2026-08-25) 42674 bytes
2026-08-20 09:38:19,139 [INFO] [OK] USA/ECM_ENSEMBLE_Wheat_Spring_PRCP/cumulative dia 06 (2026-08-20 → 2026-08-26) 43387 bytes
2026-08-20 09:38:19,863 [INFO] [OK] USA/ECM_ENSEMBLE_Wheat_Spring_PRCP/cumulative dia 09 (2026-08-20 → 2026-08-29) 45722 bytes
2026-08-20 09:38:19,873 [INFO] [OK] USA/ECM_ENSEMBLE_Wheat_Spring_PRCP/cumulative dia 08 (2026-08-20 → 2026-08-28) 44365 bytes
2026-08-20 09:38:19,879 [INFO] [OK] USA/ECM_ENSEMBLE_Wheat_Spring_PRCP/cumulative dia 07 (2026-08-20 → 2026-08-27) 43981 bytes
2026-08-20 09:38:21,819 [INFO] [OK] USA/ECM_ENSEMBLE_Wheat_Spring_PRCP/cumulative dia 10 (2026-08-20 → 2026-08-30) 46118 bytes
2026-08-20 09:38:21,820 [INFO] [OK] USA/ECM_ENSEMBLE_Wheat_Spring_PRCP/cumulative dia 11 (2026-08-20 → 2026-08-31) 46357 bytes
2026-08-20 09:38:22,362 [INFO] [OK] USA/ECM_ENSEMBLE_Wheat_Spring_PRCP/cumulative dia 12 (2026-08-20 → 2026-09-01) 47160 bytes
2026-08-20 09:38:22,800 [INFO] [OK] USA/ECM_ENSEMBLE_Wheat_Spring_PRCP/cumulative dia 13 (2026-08-20 → 2026-09-02) 47706 bytes
2026-08-20 09:38:22,904 [INFO] [OK] USA/ECM_ENSEMBLE_Wheat_Spring_PRCP/cumulative dia 14 (2026-08-20 → 2026-09-03) 47621 bytes
2026-08-20 09:38:22,933 [INFO] Resumo: 960/960 sucessos, 0 erros
2026-08-20 09:38:31,633 [INFO] [CLEANUP] Removidas 604 pastas de histórico anteriores a 2026-07-21
2026-08-20 09:38:31,765 [INFO] Manifest: C:\Users\server\OneDrive - CGB Enterprises, Inc\ZGC-PBI Research - Documents\Dataset Data Files\Weather_maps\manifest.json
2026-08-20 09:38:31,766 [INFO] [GIT] Iniciando sincronização com GitHub...
2026-08-20 09:40:08,479 [INFO] [GIT] Sucesso ✓
2026-08-20 09:40:08,480 [INFO] ✓ Sincronizado com GitHub — Power BI atualiza no próximo refresh
