2026-07-15 09:33:20,046 [INFO] === Execução 2026-07-15 | modo=both | dias=15 | parâmetro=['PRCP_DEP', 'PRCP'] ===
2026-07-15 09:33:20,047 [INFO] Baixando 960 mapas com 6 threads...
2026-07-15 09:33:25,869 [INFO] [OK] Brazil/GFS_ENSEMBLE_Soy_PRCP_DEP/daily dia 00 (2026-07-15 → 2026-07-15) 39286 bytes
2026-07-15 09:33:25,877 [INFO] [OK] Brazil/GFS_ENSEMBLE_Soy_PRCP_DEP/daily dia 03 (2026-07-18 → 2026-07-18) 45432 bytes
2026-07-15 09:33:25,883 [INFO] [OK] Brazil/GFS_ENSEMBLE_Soy_PRCP_DEP/daily dia 04 (2026-07-19 → 2026-07-19) 45333 bytes
2026-07-15 09:33:25,897 [INFO] [OK] Brazil/GFS_ENSEMBLE_Soy_PRCP_DEP/daily dia 01 (2026-07-16 → 2026-07-16) 42633 bytes
2026-07-15 09:33:25,906 [INFO] [OK] Brazil/GFS_ENSEMBLE_Soy_PRCP_DEP/daily dia 02 (2026-07-17 → 2026-07-17) 43463 bytes
2026-07-15 09:33:25,907 [INFO] [OK] Brazil/GFS_ENSEMBLE_Soy_PRCP_DEP/daily dia 05 (2026-07-20 → 2026-07-20) 46013 bytes
2026-07-15 09:33:27,652 [INFO] [OK] Brazil/GFS_ENSEMBLE_Soy_PRCP_DEP/daily dia 09 (2026-07-24 → 2026-07-24) 46854 bytes
2026-07-15 09:33:27,653 [INFO] [OK] Brazil/GFS_ENSEMBLE_Soy_PRCP_DEP/daily dia 07 (2026-07-22 → 2026-07-22) 43054 bytes
2026-07-15 09:33:27,661 [INFO] [OK] Brazil/GFS_ENSEMBLE_Soy_PRCP_DEP/daily dia 11 (2026-07-26 → 2026-07-26) 50918 bytes
2026-07-15 09:33:27,719 [INFO] [OK] Brazil/GFS_ENSEMBLE_Soy_PRCP_DEP/daily dia 08 (2026-07-23 → 2026-07-23) 45210 bytes
2026-07-15 09:33:27,753 [INFO] [OK] Brazil/GFS_ENSEMBLE_Soy_PRCP_DEP/daily dia 06 (2026-07-21 → 2026-07-21) 44917 bytes
2026-07-15 09:33:27,821 [INFO] [OK] Brazil/GFS_ENSEMBLE_Soy_PRCP_DEP/daily dia 10 (2026-07-25 → 2026-07-25) 48382 bytes
2026-07-15 09:33:29,268 [INFO] [OK] Brazil/GFS_ENSEMBLE_Soy_PRCP_DEP/daily dia 14 (2026-07-29 → 2026-07-29) 54374 bytes
2026-07-15 09:33:29,279 [INFO] [OK] Brazil/GFS_ENSEMBLE_Soy_PRCP_DEP/daily dia 13 (2026-07-28 → 2026-07-28) 49568 bytes
2026-07-15 09:33:29,532 [INFO] [OK] Brazil/GFS_ENSEMBLE_Soy_PRCP_DEP/daily dia 12 (2026-07-27 → 2026-07-27) 48365 bytes
2026-07-15 09:33:29,533 [INFO] [OK] Brazil/GFS_ENSEMBLE_Soy_PRCP_DEP/cumulative dia 01 (2026-07-15 → 2026-07-16) 42866 bytes
2026-07-15 09:33:29,537 [INFO] [OK] Brazil/GFS_ENSEMBLE_Soy_PRCP_DEP/cumulative dia 02 (2026-07-15 → 2026-07-17) 44278 bytes
2026-07-15 09:33:29,542 [INFO] [OK] Brazil/GFS_ENSEMBLE_Soy_PRCP_DEP/cumulative dia 00 (2026-07-15 → 2026-07-15) 39286 bytes
2026-07-15 09:33:31,060 [INFO] [OK] Brazil/GFS_ENSEMBLE_Soy_PRCP_DEP/cumulative dia 04 (2026-07-15 → 2026-07-19) 46820 bytes
2026-07-15 09:33:31,133 [INFO] [OK] Brazil/GFS_ENSEMBLE_Soy_PRCP_DEP/cumulative dia 03 (2026-07-15 → 2026-07-18) 45354 bytes
2026-07-15 09:33:31,544 [INFO] [OK] Brazil/GFS_ENSEMBLE_Soy_PRCP_DEP/cumulative dia 06 (2026-07-15 → 2026-07-21) 47718 bytes
2026-07-15 09:33:31,967 [INFO] [OK] Brazil/GFS_ENSEMBLE_Soy_PRCP_DEP/cumulative dia 05 (2026-07-15 → 2026-07-20) 47375 bytes
2026-07-15 09:33:32,153 [INFO] [OK] Brazil/GFS_ENSEMBLE_Soy_PRCP_DEP/cumulative dia 07 (2026-07-15 → 2026-07-22) 48018 bytes
2026-07-15 09:33:32,156 [INFO] [OK] Brazil/GFS_ENSEMBLE_Soy_PRCP_DEP/cumulative dia 08 (2026-07-15 → 2026-07-23) 48214 bytes
2026-07-15 09:33:33,953 [INFO] [OK] Brazil/GFS_ENSEMBLE_Soy_PRCP_DEP/cumulative dia 09 (2026-07-15 → 2026-07-24) 48456 bytes
2026-07-15 09:33:33,956 [INFO] [OK] Brazil/GFS_ENSEMBLE_Soy_PRCP_DEP/cumulative dia 10 (2026-07-15 → 2026-07-25) 48667 bytes
2026-07-15 09:33:34,629 [INFO] [OK] Brazil/GFS_ENSEMBLE_Soy_PRCP_DEP/cumulative dia 11 (2026-07-15 → 2026-07-26) 49153 bytes
2026-07-15 09:33:35,312 [INFO] [OK] Brazil/GFS_ENSEMBLE_Soy_PRCP_DEP/cumulative dia 12 (2026-07-15 → 2026-07-27) 50521 bytes
2026-07-15 09:33:35,355 [INFO] [OK] Brazil/GFS_ENSEMBLE_Soy_PRCP/daily dia 00 (2026-07-15 → 2026-07-15) 31327 bytes
2026-07-15 09:33:35,620 [INFO] [OK] Brazil/GFS_ENSEMBLE_Soy_PRCP/daily dia 01 (2026-07-16 → 2026-07-16) 31572 bytes
2026-07-15 09:33:35,623 [INFO] [OK] Brazil/GFS_ENSEMBLE_Soy_PRCP_DEP/cumulative dia 13 (2026-07-15 → 2026-07-28) 50420 bytes
2026-07-15 09:33:35,847 [INFO] [OK] Brazil/GFS_ENSEMBLE_Soy_PRCP_DEP/cumulative dia 14 (2026-07-15 → 2026-07-29) 51731 bytes
2026-07-15 09:33:36,580 [INFO] [OK] Brazil/GFS_ENSEMBLE_Soy_PRCP/daily dia 02 (2026-07-17 → 2026-07-17) 31780 bytes
2026-07-15 09:33:37,489 [INFO] [OK] Brazil/GFS_ENSEMBLE_Soy_PRCP/daily dia 07 (2026-07-22 → 2026-07-22) 30840 bytes
2026-07-15 09:33:37,493 [INFO] [OK] Brazil/GFS_ENSEMBLE_Soy_PRCP/daily dia 04 (2026-07-19 → 2026-07-19) 32488 bytes
2026-07-15 09:33:37,494 [INFO] [OK] Brazil/GFS_ENSEMBLE_Soy_PRCP/daily dia 03 (2026-07-18 → 2026-07-18) 32101 bytes
2026-07-15 09:33:37,499 [INFO] [OK] Brazil/GFS_ENSEMBLE_Soy_PRCP/daily dia 05 (2026-07-20 → 2026-07-20) 31269 bytes
2026-07-15 09:33:37,515 [INFO] [OK] Brazil/GFS_ENSEMBLE_Soy_PRCP/daily dia 06 (2026-07-21 → 2026-07-21) 30795 bytes
2026-07-15 09:33:38,045 [INFO] [OK] Brazil/GFS_ENSEMBLE_Soy_PRCP/daily dia 08 (2026-07-23 → 2026-07-23) 30456 bytes
2026-07-15 09:33:38,889 [INFO] [OK] Brazil/GFS_ENSEMBLE_Soy_PRCP/daily dia 11 (2026-07-26 → 2026-07-26) 30243 bytes
2026-07-15 09:33:39,028 [INFO] [OK] Brazil/GFS_ENSEMBLE_Soy_PRCP/daily dia 09 (2026-07-24 → 2026-07-24) 29639 bytes
2026-07-15 09:33:39,029 [INFO] [OK] Brazil/GFS_ENSEMBLE_Soy_PRCP/daily dia 10 (2026-07-25 → 2026-07-25) 30118 bytes
2026-07-15 09:33:39,031 [INFO] [OK] Brazil/GFS_ENSEMBLE_Soy_PRCP/daily dia 12 (2026-07-27 → 2026-07-27) 30293 bytes
2026-07-15 09:33:39,032 [INFO] [OK] Brazil/GFS_ENSEMBLE_Soy_PRCP/daily dia 13 (2026-07-28 → 2026-07-28) 30622 bytes
2026-07-15 09:33:39,413 [INFO] [OK] Brazil/GFS_ENSEMBLE_Soy_PRCP/daily dia 14 (2026-07-29 → 2026-07-29) 31125 bytes
2026-07-15 09:33:40,383 [INFO] [OK] Brazil/GFS_ENSEMBLE_Soy_PRCP/cumulative dia 00 (2026-07-15 → 2026-07-15) 31327 bytes
2026-07-15 09:33:40,607 [INFO] [OK] Brazil/GFS_ENSEMBLE_Soy_PRCP/cumulative dia 01 (2026-07-15 → 2026-07-16) 33753 bytes
2026-07-15 09:33:40,669 [INFO] [OK] Brazil/GFS_ENSEMBLE_Soy_PRCP/cumulative dia 02 (2026-07-15 → 2026-07-17) 35409 bytes
2026-07-15 09:33:40,764 [INFO] [OK] Brazil/GFS_ENSEMBLE_Soy_PRCP/cumulative dia 03 (2026-07-15 → 2026-07-18) 36843 bytes
2026-07-15 09:33:40,893 [INFO] [OK] Brazil/GFS_ENSEMBLE_Soy_PRCP/cumulative dia 04 (2026-07-15 → 2026-07-19) 37986 bytes
2026-07-15 09:33:41,211 [INFO] [OK] Brazil/GFS_ENSEMBLE_Soy_PRCP/cumulative dia 05 (2026-07-15 → 2026-07-20) 39214 bytes
2026-07-15 09:33:42,267 [INFO] [OK] Brazil/GFS_ENSEMBLE_Soy_PRCP/cumulative dia 06 (2026-07-15 → 2026-07-21) 39680 bytes
2026-07-15 09:33:42,938 [INFO] [OK] Brazil/GFS_ENSEMBLE_Soy_PRCP/cumulative dia 07 (2026-07-15 → 2026-07-22) 40117 bytes
2026-07-15 09:33:43,122 [INFO] [OK] Brazil/GFS_ENSEMBLE_Soy_PRCP/cumulative dia 08 (2026-07-15 → 2026-07-23) 40735 bytes
2026-07-15 09:33:43,390 [INFO] [OK] Brazil/GFS_ENSEMBLE_Soy_PRCP/cumulative dia 09 (2026-07-15 → 2026-07-24) 40643 bytes
2026-07-15 09:33:43,683 [INFO] [OK] Brazil/GFS_ENSEMBLE_Soy_PRCP/cumulative dia 10 (2026-07-15 → 2026-07-25) 41030 bytes
2026-07-15 09:33:44,122 [INFO] [OK] Brazil/GFS_ENSEMBLE_Soy_PRCP/cumulative dia 11 (2026-07-15 → 2026-07-26) 41467 bytes
2026-07-15 09:33:44,732 [INFO] [OK] Brazil/GFS_ENSEMBLE_Soy_PRCP/cumulative dia 12 (2026-07-15 → 2026-07-27) 42019 bytes
2026-07-15 09:33:44,870 [INFO] [OK] Brazil/GFS_ENSEMBLE_Corn_Winter_PRCP_DEP/daily dia 00 (2026-07-15 → 2026-07-15) 37724 bytes
2026-07-15 09:33:45,152 [INFO] [OK] Brazil/GFS_ENSEMBLE_Corn_Winter_PRCP_DEP/daily dia 01 (2026-07-16 → 2026-07-16) 41047 bytes
2026-07-15 09:33:45,374 [INFO] [OK] Brazil/GFS_ENSEMBLE_Soy_PRCP/cumulative dia 13 (2026-07-15 → 2026-07-28) 42349 bytes
2026-07-15 09:33:45,521 [INFO] [OK] Brazil/GFS_ENSEMBLE_Soy_PRCP/cumulative dia 14 (2026-07-15 → 2026-07-29) 42477 bytes
2026-07-15 09:33:45,607 [INFO] [OK] Brazil/GFS_ENSEMBLE_Corn_Winter_PRCP_DEP/daily dia 02 (2026-07-17 → 2026-07-17) 41974 bytes
2026-07-15 09:33:46,059 [INFO] [OK] Brazil/GFS_ENSEMBLE_Corn_Winter_PRCP_DEP/daily dia 03 (2026-07-18 → 2026-07-18) 43935 bytes
2026-07-15 09:33:46,295 [INFO] [OK] Brazil/GFS_ENSEMBLE_Corn_Winter_PRCP_DEP/daily dia 04 (2026-07-19 → 2026-07-19) 43789 bytes
2026-07-15 09:33:46,669 [INFO] [OK] Brazil/GFS_ENSEMBLE_Corn_Winter_PRCP_DEP/daily dia 05 (2026-07-20 → 2026-07-20) 44472 bytes
2026-07-15 09:33:46,674 [INFO] [OK] Brazil/GFS_ENSEMBLE_Corn_Winter_PRCP_DEP/daily dia 06 (2026-07-21 → 2026-07-21) 43397 bytes
2026-07-15 09:33:46,997 [INFO] [OK] Brazil/GFS_ENSEMBLE_Corn_Winter_PRCP_DEP/daily dia 08 (2026-07-23 → 2026-07-23) 43718 bytes
2026-07-15 09:33:47,001 [INFO] [OK] Brazil/GFS_ENSEMBLE_Corn_Winter_PRCP_DEP/daily dia 07 (2026-07-22 → 2026-07-22) 41526 bytes
2026-07-15 09:33:47,456 [INFO] [OK] Brazil/GFS_ENSEMBLE_Corn_Winter_PRCP_DEP/daily dia 09 (2026-07-24 → 2026-07-24) 45168 bytes
2026-07-15 09:33:47,643 [INFO] [OK] Brazil/GFS_ENSEMBLE_Corn_Winter_PRCP_DEP/daily dia 10 (2026-07-25 → 2026-07-25) 46675 bytes
2026-07-15 09:33:48,325 [INFO] [OK] Brazil/GFS_ENSEMBLE_Corn_Winter_PRCP_DEP/daily dia 12 (2026-07-27 → 2026-07-27) 46836 bytes
2026-07-15 09:33:48,325 [INFO] [OK] Brazil/GFS_ENSEMBLE_Corn_Winter_PRCP_DEP/daily dia 11 (2026-07-26 → 2026-07-26) 49346 bytes
2026-07-15 09:33:48,433 [INFO] [OK] Brazil/GFS_ENSEMBLE_Corn_Winter_PRCP_DEP/daily dia 13 (2026-07-28 → 2026-07-28) 47852 bytes
2026-07-15 09:33:48,434 [INFO] [OK] Brazil/GFS_ENSEMBLE_Corn_Winter_PRCP_DEP/daily dia 14 (2026-07-29 → 2026-07-29) 52976 bytes
2026-07-15 09:33:48,749 [INFO] [OK] Brazil/GFS_ENSEMBLE_Corn_Winter_PRCP_DEP/cumulative dia 00 (2026-07-15 → 2026-07-15) 37724 bytes
2026-07-15 09:33:49,139 [INFO] [OK] Brazil/GFS_ENSEMBLE_Corn_Winter_PRCP_DEP/cumulative dia 01 (2026-07-15 → 2026-07-16) 41240 bytes
2026-07-15 09:33:50,772 [INFO] [OK] Brazil/GFS_ENSEMBLE_Corn_Winter_PRCP_DEP/cumulative dia 04 (2026-07-15 → 2026-07-19) 45205 bytes
2026-07-15 09:33:50,780 [INFO] [OK] Brazil/GFS_ENSEMBLE_Corn_Winter_PRCP_DEP/cumulative dia 02 (2026-07-15 → 2026-07-17) 42822 bytes
2026-07-15 09:33:50,785 [INFO] [OK] Brazil/GFS_ENSEMBLE_Corn_Winter_PRCP_DEP/cumulative dia 05 (2026-07-15 → 2026-07-20) 45826 bytes
2026-07-15 09:33:50,799 [INFO] [OK] Brazil/GFS_ENSEMBLE_Corn_Winter_PRCP_DEP/cumulative dia 06 (2026-07-15 → 2026-07-21) 46175 bytes
2026-07-15 09:33:50,800 [INFO] [OK] Brazil/GFS_ENSEMBLE_Corn_Winter_PRCP_DEP/cumulative dia 03 (2026-07-15 → 2026-07-18) 43933 bytes
2026-07-15 09:33:51,122 [INFO] [OK] Brazil/GFS_ENSEMBLE_Corn_Winter_PRCP_DEP/cumulative dia 07 (2026-07-15 → 2026-07-22) 46447 bytes
2026-07-15 09:33:53,063 [INFO] [OK] Brazil/GFS_ENSEMBLE_Corn_Winter_PRCP_DEP/cumulative dia 08 (2026-07-15 → 2026-07-23) 46628 bytes
2026-07-15 09:33:53,247 [INFO] [OK] Brazil/GFS_ENSEMBLE_Corn_Winter_PRCP_DEP/cumulative dia 10 (2026-07-15 → 2026-07-25) 47156 bytes
2026-07-15 09:33:53,253 [INFO] [OK] Brazil/GFS_ENSEMBLE_Corn_Winter_PRCP_DEP/cumulative dia 11 (2026-07-15 → 2026-07-26) 47649 bytes
2026-07-15 09:33:53,254 [INFO] [OK] Brazil/GFS_ENSEMBLE_Corn_Winter_PRCP_DEP/cumulative dia 09 (2026-07-15 → 2026-07-24) 46914 bytes
2026-07-15 09:33:53,482 [INFO] [OK] Brazil/GFS_ENSEMBLE_Corn_Winter_PRCP_DEP/cumulative dia 12 (2026-07-15 → 2026-07-27) 49030 bytes
2026-07-15 09:33:53,702 [INFO] [OK] Brazil/GFS_ENSEMBLE_Corn_Winter_PRCP_DEP/cumulative dia 13 (2026-07-15 → 2026-07-28) 49095 bytes
2026-07-15 09:33:54,562 [INFO] [OK] Brazil/GFS_ENSEMBLE_Corn_Winter_PRCP/daily dia 00 (2026-07-15 → 2026-07-15) 29769 bytes
2026-07-15 09:33:54,664 [INFO] [OK] Brazil/GFS_ENSEMBLE_Corn_Winter_PRCP/daily dia 01 (2026-07-16 → 2026-07-16) 29972 bytes
2026-07-15 09:33:54,734 [INFO] [OK] Brazil/GFS_ENSEMBLE_Corn_Winter_PRCP/daily dia 02 (2026-07-17 → 2026-07-17) 30090 bytes
2026-07-15 09:33:55,024 [INFO] [OK] Brazil/GFS_ENSEMBLE_Corn_Winter_PRCP/daily dia 03 (2026-07-18 → 2026-07-18) 30454 bytes
2026-07-15 09:33:55,053 [INFO] [OK] Brazil/GFS_ENSEMBLE_Corn_Winter_PRCP/daily dia 04 (2026-07-19 → 2026-07-19) 30636 bytes
2026-07-15 09:33:55,497 [INFO] [OK] Brazil/GFS_ENSEMBLE_Corn_Winter_PRCP_DEP/cumulative dia 14 (2026-07-15 → 2026-07-29) 50256 bytes
2026-07-15 09:33:55,944 [INFO] [OK] Brazil/GFS_ENSEMBLE_Corn_Winter_PRCP/daily dia 06 (2026-07-21 → 2026-07-21) 29240 bytes
2026-07-15 09:33:55,966 [INFO] [OK] Brazil/GFS_ENSEMBLE_Corn_Winter_PRCP/daily dia 05 (2026-07-20 → 2026-07-20) 29609 bytes
2026-07-15 09:33:55,996 [INFO] [OK] Brazil/GFS_ENSEMBLE_Corn_Winter_PRCP/daily dia 07 (2026-07-22 → 2026-07-22) 29263 bytes
2026-07-15 09:33:56,310 [INFO] [OK] Brazil/GFS_ENSEMBLE_Corn_Winter_PRCP/daily dia 08 (2026-07-23 → 2026-07-23) 28802 bytes
2026-07-15 09:33:56,349 [INFO] [OK] Brazil/GFS_ENSEMBLE_Corn_Winter_PRCP/daily dia 09 (2026-07-24 → 2026-07-24) 28060 bytes
2026-07-15 09:33:56,733 [INFO] [OK] Brazil/GFS_ENSEMBLE_Corn_Winter_PRCP/daily dia 10 (2026-07-25 → 2026-07-25) 28666 bytes
2026-07-15 09:33:57,735 [INFO] [OK] Brazil/GFS_ENSEMBLE_Corn_Winter_PRCP/daily dia 13 (2026-07-28 → 2026-07-28) 29102 bytes
2026-07-15 09:33:57,742 [INFO] [OK] Brazil/GFS_ENSEMBLE_Corn_Winter_PRCP/daily dia 11 (2026-07-26 → 2026-07-26) 28686 bytes
2026-07-15 09:33:57,752 [INFO] [OK] Brazil/GFS_ENSEMBLE_Corn_Winter_PRCP/daily dia 14 (2026-07-29 → 2026-07-29) 29682 bytes
2026-07-15 09:33:57,754 [INFO] [OK] Brazil/GFS_ENSEMBLE_Corn_Winter_PRCP/daily dia 12 (2026-07-27 → 2026-07-27) 28662 bytes
2026-07-15 09:33:57,796 [INFO] [OK] Brazil/GFS_ENSEMBLE_Corn_Winter_PRCP/cumulative dia 00 (2026-07-15 → 2026-07-15) 29769 bytes
2026-07-15 09:33:58,093 [INFO] [OK] Brazil/GFS_ENSEMBLE_Corn_Winter_PRCP/cumulative dia 01 (2026-07-15 → 2026-07-16) 32011 bytes
2026-07-15 09:33:59,247 [INFO] [OK] Brazil/GFS_ENSEMBLE_Corn_Winter_PRCP/cumulative dia 02 (2026-07-15 → 2026-07-17) 33783 bytes
2026-07-15 09:33:59,989 [INFO] [OK] Brazil/GFS_ENSEMBLE_Corn_Winter_PRCP/cumulative dia 03 (2026-07-15 → 2026-07-18) 35140 bytes
2026-07-15 09:34:00,935 [INFO] [OK] Brazil/GFS_ENSEMBLE_Corn_Winter_PRCP/cumulative dia 04 (2026-07-15 → 2026-07-19) 36129 bytes
2026-07-15 09:34:00,954 [INFO] [OK] Brazil/GFS_ENSEMBLE_Corn_Winter_PRCP/cumulative dia 06 (2026-07-15 → 2026-07-21) 37811 bytes
2026-07-15 09:34:00,959 [INFO] [OK] Brazil/GFS_ENSEMBLE_Corn_Winter_PRCP/cumulative dia 05 (2026-07-15 → 2026-07-20) 37430 bytes
2026-07-15 09:34:00,960 [INFO] [OK] Brazil/GFS_ENSEMBLE_Corn_Winter_PRCP/cumulative dia 07 (2026-07-15 → 2026-07-22) 38282 bytes
2026-07-15 09:34:01,230 [INFO] [OK] Brazil/GFS_ENSEMBLE_Corn_Winter_PRCP/cumulative dia 08 (2026-07-15 → 2026-07-23) 39005 bytes
2026-07-15 09:34:03,106 [INFO] [OK] Brazil/GFS_ENSEMBLE_Corn_Winter_PRCP/cumulative dia 09 (2026-07-15 → 2026-07-24) 38877 bytes
2026-07-15 09:34:03,425 [INFO] [OK] Brazil/GFS_ENSEMBLE_Corn_Winter_PRCP/cumulative dia 10 (2026-07-15 → 2026-07-25) 39218 bytes
2026-07-15 09:34:03,434 [INFO] [OK] Brazil/GFS_ENSEMBLE_Corn_Winter_PRCP/cumulative dia 12 (2026-07-15 → 2026-07-27) 40195 bytes
2026-07-15 09:34:03,437 [INFO] [OK] Brazil/GFS_ENSEMBLE_Corn_Winter_PRCP/cumulative dia 11 (2026-07-15 → 2026-07-26) 39632 bytes
2026-07-15 09:34:03,578 [INFO] [OK] Brazil/GFS_ENSEMBLE_Corn_Winter_PRCP/cumulative dia 13 (2026-07-15 → 2026-07-28) 40502 bytes
2026-07-15 09:34:04,003 [INFO] [OK] Brazil/GFS_ENSEMBLE_Corn_Winter_PRCP/cumulative dia 14 (2026-07-15 → 2026-07-29) 40782 bytes
2026-07-15 09:34:04,638 [INFO] [OK] Brazil/ECM_ENSEMBLE_Soy_PRCP_DEP/daily dia 00 (2026-07-15 → 2026-07-15) 42450 bytes
2026-07-15 09:34:04,800 [INFO] [OK] Brazil/ECM_ENSEMBLE_Soy_PRCP_DEP/daily dia 02 (2026-07-17 → 2026-07-17) 45623 bytes
2026-07-15 09:34:04,808 [INFO] [OK] Brazil/ECM_ENSEMBLE_Soy_PRCP_DEP/daily dia 03 (2026-07-18 → 2026-07-18) 45799 bytes
2026-07-15 09:34:04,812 [INFO] [OK] Brazil/ECM_ENSEMBLE_Soy_PRCP_DEP/daily dia 01 (2026-07-16 → 2026-07-16) 46636 bytes
2026-07-15 09:34:05,223 [INFO] [OK] Brazil/ECM_ENSEMBLE_Soy_PRCP_DEP/daily dia 04 (2026-07-19 → 2026-07-19) 46643 bytes
2026-07-15 09:34:05,340 [INFO] [OK] Brazil/ECM_ENSEMBLE_Soy_PRCP_DEP/daily dia 05 (2026-07-20 → 2026-07-20) 48193 bytes
2026-07-15 09:34:06,235 [INFO] [OK] Brazil/ECM_ENSEMBLE_Soy_PRCP_DEP/daily dia 06 (2026-07-21 → 2026-07-21) 49392 bytes
2026-07-15 09:34:06,243 [INFO] [OK] Brazil/ECM_ENSEMBLE_Soy_PRCP_DEP/daily dia 08 (2026-07-23 → 2026-07-23) 49602 bytes
2026-07-15 09:34:06,325 [INFO] [OK] Brazil/ECM_ENSEMBLE_Soy_PRCP_DEP/daily dia 09 (2026-07-24 → 2026-07-24) 48908 bytes
2026-07-15 09:34:06,334 [INFO] [OK] Brazil/ECM_ENSEMBLE_Soy_PRCP_DEP/daily dia 07 (2026-07-22 → 2026-07-22) 49139 bytes
2026-07-15 09:34:06,779 [INFO] [OK] Brazil/ECM_ENSEMBLE_Soy_PRCP_DEP/daily dia 10 (2026-07-25 → 2026-07-25) 48486 bytes
2026-07-15 09:34:06,785 [INFO] [OK] Brazil/ECM_ENSEMBLE_Soy_PRCP_DEP/daily dia 11 (2026-07-26 → 2026-07-26) 49992 bytes
2026-07-15 09:34:07,630 [INFO] [OK] Brazil/ECM_ENSEMBLE_Soy_PRCP_DEP/daily dia 13 (2026-07-28 → 2026-07-28) 51248 bytes
2026-07-15 09:34:07,631 [INFO] [OK] Brazil/ECM_ENSEMBLE_Soy_PRCP_DEP/daily dia 12 (2026-07-27 → 2026-07-27) 50204 bytes
2026-07-15 09:34:07,721 [INFO] [OK] Brazil/ECM_ENSEMBLE_Soy_PRCP_DEP/cumulative dia 00 (2026-07-15 → 2026-07-15) 42450 bytes
2026-07-15 09:34:07,779 [INFO] [OK] Brazil/ECM_ENSEMBLE_Soy_PRCP_DEP/daily dia 14 (2026-07-29 → 2026-07-29) 52399 bytes
2026-07-15 09:34:08,243 [INFO] [OK] Brazil/ECM_ENSEMBLE_Soy_PRCP_DEP/cumulative dia 02 (2026-07-15 → 2026-07-17) 47074 bytes
2026-07-15 09:34:08,371 [INFO] [OK] Brazil/ECM_ENSEMBLE_Soy_PRCP_DEP/cumulative dia 01 (2026-07-15 → 2026-07-16) 45850 bytes
2026-07-15 09:34:09,371 [INFO] [OK] Brazil/ECM_ENSEMBLE_Soy_PRCP_DEP/cumulative dia 03 (2026-07-15 → 2026-07-18) 47307 bytes
2026-07-15 09:34:09,442 [INFO] [OK] Brazil/ECM_ENSEMBLE_Soy_PRCP_DEP/cumulative dia 04 (2026-07-15 → 2026-07-19) 47581 bytes
2026-07-15 09:34:09,531 [INFO] [OK] Brazil/ECM_ENSEMBLE_Soy_PRCP_DEP/cumulative dia 05 (2026-07-15 → 2026-07-20) 47938 bytes
2026-07-15 09:34:09,706 [INFO] [OK] Brazil/ECM_ENSEMBLE_Soy_PRCP_DEP/cumulative dia 06 (2026-07-15 → 2026-07-21) 48573 bytes
2026-07-15 09:34:10,102 [INFO] [OK] Brazil/ECM_ENSEMBLE_Soy_PRCP_DEP/cumulative dia 07 (2026-07-15 → 2026-07-22) 48939 bytes
2026-07-15 09:34:10,395 [INFO] [OK] Brazil/ECM_ENSEMBLE_Soy_PRCP_DEP/cumulative dia 08 (2026-07-15 → 2026-07-23) 49022 bytes
2026-07-15 09:34:12,134 [INFO] [OK] Brazil/ECM_ENSEMBLE_Soy_PRCP_DEP/cumulative dia 11 (2026-07-15 → 2026-07-26) 50279 bytes
2026-07-15 09:34:12,141 [INFO] [OK] Brazil/ECM_ENSEMBLE_Soy_PRCP_DEP/cumulative dia 10 (2026-07-15 → 2026-07-25) 49427 bytes
2026-07-15 09:34:12,145 [INFO] [OK] Brazil/ECM_ENSEMBLE_Soy_PRCP_DEP/cumulative dia 12 (2026-07-15 → 2026-07-27) 51275 bytes
2026-07-15 09:34:12,147 [INFO] [OK] Brazil/ECM_ENSEMBLE_Soy_PRCP_DEP/cumulative dia 09 (2026-07-15 → 2026-07-24) 49500 bytes
2026-07-15 09:34:12,590 [INFO] [OK] Brazil/ECM_ENSEMBLE_Soy_PRCP_DEP/cumulative dia 13 (2026-07-15 → 2026-07-28) 51489 bytes
2026-07-15 09:34:12,845 [INFO] [OK] Brazil/ECM_ENSEMBLE_Soy_PRCP_DEP/cumulative dia 14 (2026-07-15 → 2026-07-29) 51498 bytes
2026-07-15 09:34:13,436 [INFO] [OK] Brazil/ECM_ENSEMBLE_Soy_PRCP/daily dia 02 (2026-07-17 → 2026-07-17) 32344 bytes
2026-07-15 09:34:13,453 [INFO] [OK] Brazil/ECM_ENSEMBLE_Soy_PRCP/daily dia 03 (2026-07-18 → 2026-07-18) 33362 bytes
2026-07-15 09:34:13,577 [INFO] [OK] Brazil/ECM_ENSEMBLE_Soy_PRCP/daily dia 01 (2026-07-16 → 2026-07-16) 32801 bytes
2026-07-15 09:34:13,656 [INFO] [OK] Brazil/ECM_ENSEMBLE_Soy_PRCP/daily dia 00 (2026-07-15 → 2026-07-15) 31351 bytes
2026-07-15 09:34:14,218 [INFO] [OK] Brazil/ECM_ENSEMBLE_Soy_PRCP/daily dia 04 (2026-07-19 → 2026-07-19) 33773 bytes
2026-07-15 09:34:14,222 [INFO] [OK] Brazil/ECM_ENSEMBLE_Soy_PRCP/daily dia 05 (2026-07-20 → 2026-07-20) 32916 bytes
2026-07-15 09:34:14,750 [INFO] [OK] Brazil/ECM_ENSEMBLE_Soy_PRCP/daily dia 07 (2026-07-22 → 2026-07-22) 33154 bytes
2026-07-15 09:34:14,965 [INFO] [OK] Brazil/ECM_ENSEMBLE_Soy_PRCP/daily dia 06 (2026-07-21 → 2026-07-21) 33554 bytes
2026-07-15 09:34:15,009 [INFO] [OK] Brazil/ECM_ENSEMBLE_Soy_PRCP/daily dia 08 (2026-07-23 → 2026-07-23) 31978 bytes
2026-07-15 09:34:15,108 [INFO] [OK] Brazil/ECM_ENSEMBLE_Soy_PRCP/daily dia 09 (2026-07-24 → 2026-07-24) 32038 bytes
2026-07-15 09:34:15,520 [INFO] [OK] Brazil/ECM_ENSEMBLE_Soy_PRCP/daily dia 11 (2026-07-26 → 2026-07-26) 31474 bytes
2026-07-15 09:34:15,547 [INFO] [OK] Brazil/ECM_ENSEMBLE_Soy_PRCP/daily dia 10 (2026-07-25 → 2026-07-25) 31894 bytes
2026-07-15 09:34:16,123 [INFO] [OK] Brazil/ECM_ENSEMBLE_Soy_PRCP/daily dia 12 (2026-07-27 → 2026-07-27) 31138 bytes
2026-07-15 09:34:16,427 [INFO] [OK] Brazil/ECM_ENSEMBLE_Soy_PRCP/daily dia 13 (2026-07-28 → 2026-07-28) 30745 bytes
2026-07-15 09:34:16,702 [INFO] [OK] Brazil/ECM_ENSEMBLE_Soy_PRCP/cumulative dia 00 (2026-07-15 → 2026-07-15) 31351 bytes
2026-07-15 09:34:16,735 [INFO] [OK] Brazil/ECM_ENSEMBLE_Soy_PRCP/daily dia 14 (2026-07-29 → 2026-07-29) 30365 bytes
2026-07-15 09:34:16,864 [INFO] [OK] Brazil/ECM_ENSEMBLE_Soy_PRCP/cumulative dia 01 (2026-07-15 → 2026-07-16) 34151 bytes
2026-07-15 09:34:17,183 [INFO] [OK] Brazil/ECM_ENSEMBLE_Soy_PRCP/cumulative dia 02 (2026-07-15 → 2026-07-17) 35488 bytes
2026-07-15 09:34:17,615 [INFO] [OK] Brazil/ECM_ENSEMBLE_Soy_PRCP/cumulative dia 03 (2026-07-15 → 2026-07-18) 37826 bytes
2026-07-15 09:34:18,028 [INFO] [OK] Brazil/ECM_ENSEMBLE_Soy_PRCP/cumulative dia 04 (2026-07-15 → 2026-07-19) 39380 bytes
2026-07-15 09:34:18,420 [INFO] [OK] Brazil/ECM_ENSEMBLE_Soy_PRCP/cumulative dia 05 (2026-07-15 → 2026-07-20) 40646 bytes
2026-07-15 09:34:18,535 [INFO] [OK] Brazil/ECM_ENSEMBLE_Soy_PRCP/cumulative dia 06 (2026-07-15 → 2026-07-21) 41426 bytes
2026-07-15 09:34:18,750 [INFO] [OK] Brazil/ECM_ENSEMBLE_Soy_PRCP/cumulative dia 07 (2026-07-15 → 2026-07-22) 41946 bytes
2026-07-15 09:34:19,070 [INFO] [OK] Brazil/ECM_ENSEMBLE_Soy_PRCP/cumulative dia 08 (2026-07-15 → 2026-07-23) 42906 bytes
2026-07-15 09:34:19,624 [INFO] [OK] Brazil/ECM_ENSEMBLE_Soy_PRCP/cumulative dia 09 (2026-07-15 → 2026-07-24) 43197 bytes
2026-07-15 09:34:20,218 [INFO] [OK] Brazil/ECM_ENSEMBLE_Soy_PRCP/cumulative dia 10 (2026-07-15 → 2026-07-25) 43506 bytes
2026-07-15 09:34:20,660 [INFO] [OK] Brazil/ECM_ENSEMBLE_Soy_PRCP/cumulative dia 11 (2026-07-15 → 2026-07-26) 44001 bytes
2026-07-15 09:34:20,925 [INFO] [OK] Brazil/ECM_ENSEMBLE_Soy_PRCP/cumulative dia 12 (2026-07-15 → 2026-07-27) 44401 bytes
2026-07-15 09:34:20,959 [INFO] [OK] Brazil/ECM_ENSEMBLE_Corn_Winter_PRCP_DEP/daily dia 00 (2026-07-15 → 2026-07-15) 40829 bytes
2026-07-15 09:34:21,189 [INFO] [OK] Brazil/ECM_ENSEMBLE_Soy_PRCP/cumulative dia 13 (2026-07-15 → 2026-07-28) 44820 bytes
2026-07-15 09:34:21,519 [INFO] [OK] Brazil/ECM_ENSEMBLE_Corn_Winter_PRCP_DEP/daily dia 01 (2026-07-16 → 2026-07-16) 45201 bytes
2026-07-15 09:34:21,706 [INFO] [OK] Brazil/ECM_ENSEMBLE_Soy_PRCP/cumulative dia 14 (2026-07-15 → 2026-07-29) 45039 bytes
2026-07-15 09:34:22,080 [INFO] [OK] Brazil/ECM_ENSEMBLE_Corn_Winter_PRCP_DEP/daily dia 02 (2026-07-17 → 2026-07-17) 44306 bytes
2026-07-15 09:34:22,341 [INFO] [OK] Brazil/ECM_ENSEMBLE_Corn_Winter_PRCP_DEP/daily dia 03 (2026-07-18 → 2026-07-18) 44210 bytes
2026-07-15 09:34:22,363 [INFO] [OK] Brazil/ECM_ENSEMBLE_Corn_Winter_PRCP_DEP/daily dia 04 (2026-07-19 → 2026-07-19) 45358 bytes
2026-07-15 09:34:22,665 [INFO] [OK] Brazil/ECM_ENSEMBLE_Corn_Winter_PRCP_DEP/daily dia 05 (2026-07-20 → 2026-07-20) 46797 bytes
2026-07-15 09:34:22,860 [INFO] [OK] Brazil/ECM_ENSEMBLE_Corn_Winter_PRCP_DEP/daily dia 06 (2026-07-21 → 2026-07-21) 47983 bytes
2026-07-15 09:34:23,059 [INFO] [OK] Brazil/ECM_ENSEMBLE_Corn_Winter_PRCP_DEP/daily dia 07 (2026-07-22 → 2026-07-22) 47914 bytes
2026-07-15 09:34:23,448 [INFO] [OK] Brazil/ECM_ENSEMBLE_Corn_Winter_PRCP_DEP/daily dia 08 (2026-07-23 → 2026-07-23) 48115 bytes
2026-07-15 09:34:24,062 [INFO] [OK] Brazil/ECM_ENSEMBLE_Corn_Winter_PRCP_DEP/daily dia 09 (2026-07-24 → 2026-07-24) 47557 bytes
2026-07-15 09:34:24,077 [INFO] [OK] Brazil/ECM_ENSEMBLE_Corn_Winter_PRCP_DEP/daily dia 10 (2026-07-25 → 2026-07-25) 47078 bytes
2026-07-15 09:34:24,530 [INFO] [OK] Brazil/ECM_ENSEMBLE_Corn_Winter_PRCP_DEP/daily dia 11 (2026-07-26 → 2026-07-26) 48603 bytes
2026-07-15 09:34:24,616 [INFO] [OK] Brazil/ECM_ENSEMBLE_Corn_Winter_PRCP_DEP/daily dia 12 (2026-07-27 → 2026-07-27) 48657 bytes
2026-07-15 09:34:24,630 [INFO] [OK] Brazil/ECM_ENSEMBLE_Corn_Winter_PRCP_DEP/daily dia 13 (2026-07-28 → 2026-07-28) 49951 bytes
2026-07-15 09:34:24,912 [INFO] [OK] Brazil/ECM_ENSEMBLE_Corn_Winter_PRCP_DEP/daily dia 14 (2026-07-29 → 2026-07-29) 50887 bytes
2026-07-15 09:34:25,406 [INFO] [OK] Brazil/ECM_ENSEMBLE_Corn_Winter_PRCP_DEP/cumulative dia 00 (2026-07-15 → 2026-07-15) 40829 bytes
2026-07-15 09:34:25,502 [INFO] [OK] Brazil/ECM_ENSEMBLE_Corn_Winter_PRCP_DEP/cumulative dia 01 (2026-07-15 → 2026-07-16) 44394 bytes
2026-07-15 09:34:26,183 [INFO] [OK] Brazil/ECM_ENSEMBLE_Corn_Winter_PRCP_DEP/cumulative dia 02 (2026-07-15 → 2026-07-17) 45664 bytes
2026-07-15 09:34:26,229 [INFO] [OK] Brazil/ECM_ENSEMBLE_Corn_Winter_PRCP_DEP/cumulative dia 03 (2026-07-15 → 2026-07-18) 45911 bytes
2026-07-15 09:34:26,282 [INFO] [OK] Brazil/ECM_ENSEMBLE_Corn_Winter_PRCP_DEP/cumulative dia 04 (2026-07-15 → 2026-07-19) 46049 bytes
2026-07-15 09:34:26,774 [INFO] [OK] Brazil/ECM_ENSEMBLE_Corn_Winter_PRCP_DEP/cumulative dia 05 (2026-07-15 → 2026-07-20) 46538 bytes
2026-07-15 09:34:27,256 [INFO] [OK] Brazil/ECM_ENSEMBLE_Corn_Winter_PRCP_DEP/cumulative dia 06 (2026-07-15 → 2026-07-21) 47127 bytes
2026-07-15 09:34:27,373 [INFO] [OK] Brazil/ECM_ENSEMBLE_Corn_Winter_PRCP_DEP/cumulative dia 07 (2026-07-15 → 2026-07-22) 47730 bytes
2026-07-15 09:34:28,127 [INFO] [OK] Brazil/ECM_ENSEMBLE_Corn_Winter_PRCP_DEP/cumulative dia 08 (2026-07-15 → 2026-07-23) 47700 bytes
2026-07-15 09:34:28,370 [INFO] [OK] Brazil/ECM_ENSEMBLE_Corn_Winter_PRCP_DEP/cumulative dia 10 (2026-07-15 → 2026-07-25) 48103 bytes
2026-07-15 09:34:28,380 [INFO] [OK] Brazil/ECM_ENSEMBLE_Corn_Winter_PRCP_DEP/cumulative dia 09 (2026-07-15 → 2026-07-24) 48094 bytes
2026-07-15 09:34:28,898 [INFO] [OK] Brazil/ECM_ENSEMBLE_Corn_Winter_PRCP_DEP/cumulative dia 11 (2026-07-15 → 2026-07-26) 48811 bytes
2026-07-15 09:34:29,538 [INFO] [OK] Brazil/ECM_ENSEMBLE_Corn_Winter_PRCP_DEP/cumulative dia 12 (2026-07-15 → 2026-07-27) 50060 bytes
2026-07-15 09:34:29,599 [INFO] [OK] Brazil/ECM_ENSEMBLE_Corn_Winter_PRCP/daily dia 00 (2026-07-15 → 2026-07-15) 29733 bytes
2026-07-15 09:34:29,706 [INFO] [OK] Brazil/ECM_ENSEMBLE_Corn_Winter_PRCP/daily dia 01 (2026-07-16 → 2026-07-16) 31205 bytes
2026-07-15 09:34:29,878 [INFO] [OK] Brazil/ECM_ENSEMBLE_Corn_Winter_PRCP_DEP/cumulative dia 13 (2026-07-15 → 2026-07-28) 50151 bytes
2026-07-15 09:34:30,427 [INFO] [OK] Brazil/ECM_ENSEMBLE_Corn_Winter_PRCP/daily dia 02 (2026-07-17 → 2026-07-17) 30725 bytes
2026-07-15 09:34:31,359 [INFO] [OK] Brazil/ECM_ENSEMBLE_Corn_Winter_PRCP_DEP/cumulative dia 14 (2026-07-15 → 2026-07-29) 50109 bytes
2026-07-15 09:34:31,361 [INFO] [OK] Brazil/ECM_ENSEMBLE_Corn_Winter_PRCP/daily dia 05 (2026-07-20 → 2026-07-20) 31315 bytes
2026-07-15 09:34:31,362 [INFO] [OK] Brazil/ECM_ENSEMBLE_Corn_Winter_PRCP/daily dia 03 (2026-07-18 → 2026-07-18) 31607 bytes
2026-07-15 09:34:31,372 [INFO] [OK] Brazil/ECM_ENSEMBLE_Corn_Winter_PRCP/daily dia 06 (2026-07-21 → 2026-07-21) 31995 bytes
2026-07-15 09:34:31,378 [INFO] [OK] Brazil/ECM_ENSEMBLE_Corn_Winter_PRCP/daily dia 04 (2026-07-19 → 2026-07-19) 31933 bytes
2026-07-15 09:34:32,141 [INFO] [OK] Brazil/ECM_ENSEMBLE_Corn_Winter_PRCP/daily dia 07 (2026-07-22 → 2026-07-22) 31623 bytes
2026-07-15 09:34:33,733 [INFO] [OK] Brazil/ECM_ENSEMBLE_Corn_Winter_PRCP/daily dia 13 (2026-07-28 → 2026-07-28) 29282 bytes
2026-07-15 09:34:33,783 [INFO] [OK] Brazil/ECM_ENSEMBLE_Corn_Winter_PRCP/daily dia 09 (2026-07-24 → 2026-07-24) 30489 bytes
2026-07-15 09:34:33,969 [INFO] [OK] Brazil/ECM_ENSEMBLE_Corn_Winter_PRCP/daily dia 10 (2026-07-25 → 2026-07-25) 30405 bytes
2026-07-15 09:34:34,147 [INFO] [OK] Brazil/ECM_ENSEMBLE_Corn_Winter_PRCP/daily dia 12 (2026-07-27 → 2026-07-27) 29698 bytes
2026-07-15 09:34:34,150 [INFO] [OK] Brazil/ECM_ENSEMBLE_Corn_Winter_PRCP/daily dia 11 (2026-07-26 → 2026-07-26) 29955 bytes
2026-07-15 09:34:34,183 [INFO] [OK] Brazil/ECM_ENSEMBLE_Corn_Winter_PRCP/daily dia 08 (2026-07-23 → 2026-07-23) 30483 bytes
2026-07-15 09:34:35,596 [INFO] [OK] Brazil/ECM_ENSEMBLE_Corn_Winter_PRCP/cumulative dia 00 (2026-07-15 → 2026-07-15) 29733 bytes
2026-07-15 09:34:36,220 [INFO] [OK] Brazil/ECM_ENSEMBLE_Corn_Winter_PRCP/daily dia 14 (2026-07-29 → 2026-07-29) 28928 bytes
2026-07-15 09:34:36,279 [INFO] [OK] Brazil/ECM_ENSEMBLE_Corn_Winter_PRCP/cumulative dia 01 (2026-07-15 → 2026-07-16) 32554 bytes
2026-07-15 09:34:36,300 [INFO] [OK] Brazil/ECM_ENSEMBLE_Corn_Winter_PRCP/cumulative dia 02 (2026-07-15 → 2026-07-17) 33906 bytes
2026-07-15 09:34:36,307 [INFO] [OK] Brazil/ECM_ENSEMBLE_Corn_Winter_PRCP/cumulative dia 03 (2026-07-15 → 2026-07-18) 35937 bytes
2026-07-15 09:34:36,312 [INFO] [OK] Brazil/ECM_ENSEMBLE_Corn_Winter_PRCP/cumulative dia 04 (2026-07-15 → 2026-07-19) 37510 bytes
2026-07-15 09:34:38,566 [INFO] [OK] Brazil/ECM_ENSEMBLE_Corn_Winter_PRCP/cumulative dia 07 (2026-07-15 → 2026-07-22) 40315 bytes
2026-07-15 09:34:38,820 [INFO] [OK] Brazil/ECM_ENSEMBLE_Corn_Winter_PRCP/cumulative dia 05 (2026-07-15 → 2026-07-20) 38781 bytes
2026-07-15 09:34:39,159 [INFO] [OK] Brazil/ECM_ENSEMBLE_Corn_Winter_PRCP/cumulative dia 09 (2026-07-15 → 2026-07-24) 41725 bytes
2026-07-15 09:34:39,651 [INFO] [OK] Brazil/ECM_ENSEMBLE_Corn_Winter_PRCP/cumulative dia 06 (2026-07-15 → 2026-07-21) 39659 bytes
2026-07-15 09:34:39,746 [INFO] [OK] Brazil/ECM_ENSEMBLE_Corn_Winter_PRCP/cumulative dia 10 (2026-07-15 → 2026-07-25) 41971 bytes
2026-07-15 09:34:39,749 [INFO] [OK] Brazil/ECM_ENSEMBLE_Corn_Winter_PRCP/cumulative dia 08 (2026-07-15 → 2026-07-23) 41211 bytes
2026-07-15 09:34:43,354 [INFO] [OK] Argentina/GFS_ENSEMBLE_Soy_PRCP_DEP/daily dia 00 (2026-07-15 → 2026-07-15) 27068 bytes
2026-07-15 09:34:44,263 [INFO] [OK] Argentina/GFS_ENSEMBLE_Soy_PRCP_DEP/daily dia 01 (2026-07-16 → 2026-07-16) 32677 bytes
2026-07-15 09:34:44,408 [INFO] [OK] Brazil/ECM_ENSEMBLE_Corn_Winter_PRCP/cumulative dia 11 (2026-07-15 → 2026-07-26) 42454 bytes
2026-07-15 09:34:44,657 [INFO] [OK] Brazil/ECM_ENSEMBLE_Corn_Winter_PRCP/cumulative dia 14 (2026-07-15 → 2026-07-29) 43480 bytes
2026-07-15 09:34:44,672 [INFO] [OK] Brazil/ECM_ENSEMBLE_Corn_Winter_PRCP/cumulative dia 13 (2026-07-15 → 2026-07-28) 43244 bytes
2026-07-15 09:34:44,678 [INFO] [OK] Brazil/ECM_ENSEMBLE_Corn_Winter_PRCP/cumulative dia 12 (2026-07-15 → 2026-07-27) 42807 bytes
2026-07-15 09:34:45,293 [INFO] [OK] Argentina/GFS_ENSEMBLE_Soy_PRCP_DEP/daily dia 02 (2026-07-17 → 2026-07-17) 35153 bytes
2026-07-15 09:34:46,619 [INFO] [OK] Argentina/GFS_ENSEMBLE_Soy_PRCP_DEP/daily dia 04 (2026-07-19 → 2026-07-19) 36404 bytes
2026-07-15 09:34:46,626 [INFO] [OK] Argentina/GFS_ENSEMBLE_Soy_PRCP_DEP/daily dia 05 (2026-07-20 → 2026-07-20) 37686 bytes
2026-07-15 09:34:46,626 [INFO] [OK] Argentina/GFS_ENSEMBLE_Soy_PRCP_DEP/daily dia 06 (2026-07-21 → 2026-07-21) 35874 bytes
2026-07-15 09:34:47,539 [INFO] [OK] Argentina/GFS_ENSEMBLE_Soy_PRCP_DEP/daily dia 08 (2026-07-23 → 2026-07-23) 37427 bytes
2026-07-15 09:34:47,796 [INFO] [OK] Argentina/GFS_ENSEMBLE_Soy_PRCP_DEP/daily dia 03 (2026-07-18 → 2026-07-18) 36419 bytes
2026-07-15 09:34:47,809 [INFO] [OK] Argentina/GFS_ENSEMBLE_Soy_PRCP_DEP/daily dia 07 (2026-07-22 → 2026-07-22) 34090 bytes
2026-07-15 09:34:49,180 [INFO] [OK] Argentina/GFS_ENSEMBLE_Soy_PRCP_DEP/daily dia 14 (2026-07-29 → 2026-07-29) 46298 bytes
2026-07-15 09:34:49,202 [INFO] [OK] Argentina/GFS_ENSEMBLE_Soy_PRCP_DEP/daily dia 13 (2026-07-28 → 2026-07-28) 40400 bytes
2026-07-15 09:34:49,214 [INFO] [OK] Argentina/GFS_ENSEMBLE_Soy_PRCP_DEP/daily dia 10 (2026-07-25 → 2026-07-25) 38955 bytes
2026-07-15 09:34:49,237 [INFO] [OK] Argentina/GFS_ENSEMBLE_Soy_PRCP_DEP/daily dia 09 (2026-07-24 → 2026-07-24) 38558 bytes
2026-07-15 09:34:49,253 [INFO] [OK] Argentina/GFS_ENSEMBLE_Soy_PRCP_DEP/daily dia 12 (2026-07-27 → 2026-07-27) 39088 bytes
2026-07-15 09:34:49,261 [INFO] [OK] Argentina/GFS_ENSEMBLE_Soy_PRCP_DEP/daily dia 11 (2026-07-26 → 2026-07-26) 42169 bytes
2026-07-15 09:34:50,466 [INFO] [OK] Argentina/GFS_ENSEMBLE_Soy_PRCP_DEP/cumulative dia 00 (2026-07-15 → 2026-07-15) 27068 bytes
2026-07-15 09:34:50,470 [INFO] [OK] Argentina/GFS_ENSEMBLE_Soy_PRCP_DEP/cumulative dia 02 (2026-07-15 → 2026-07-17) 34123 bytes
2026-07-15 09:34:50,473 [INFO] [OK] Argentina/GFS_ENSEMBLE_Soy_PRCP_DEP/cumulative dia 01 (2026-07-15 → 2026-07-16) 32058 bytes
2026-07-15 09:34:50,812 [INFO] [OK] Argentina/GFS_ENSEMBLE_Soy_PRCP_DEP/cumulative dia 04 (2026-07-15 → 2026-07-19) 36482 bytes
2026-07-15 09:34:50,890 [INFO] [OK] Argentina/GFS_ENSEMBLE_Soy_PRCP_DEP/cumulative dia 05 (2026-07-15 → 2026-07-20) 36945 bytes
2026-07-15 09:34:50,891 [INFO] [OK] Argentina/GFS_ENSEMBLE_Soy_PRCP_DEP/cumulative dia 03 (2026-07-15 → 2026-07-18) 35906 bytes
2026-07-15 09:34:51,850 [INFO] [OK] Argentina/GFS_ENSEMBLE_Soy_PRCP_DEP/cumulative dia 06 (2026-07-15 → 2026-07-21) 37226 bytes
2026-07-15 09:34:51,967 [INFO] [OK] Argentina/GFS_ENSEMBLE_Soy_PRCP_DEP/cumulative dia 07 (2026-07-15 → 2026-07-22) 37168 bytes
2026-07-15 09:34:51,974 [INFO] [OK] Argentina/GFS_ENSEMBLE_Soy_PRCP_DEP/cumulative dia 08 (2026-07-15 → 2026-07-23) 37258 bytes
2026-07-15 09:34:52,336 [INFO] [OK] Argentina/GFS_ENSEMBLE_Soy_PRCP_DEP/cumulative dia 10 (2026-07-15 → 2026-07-25) 38064 bytes
2026-07-15 09:34:52,342 [INFO] [OK] Argentina/GFS_ENSEMBLE_Soy_PRCP_DEP/cumulative dia 09 (2026-07-15 → 2026-07-24) 37596 bytes
2026-07-15 09:34:52,829 [INFO] [OK] Argentina/GFS_ENSEMBLE_Soy_PRCP_DEP/cumulative dia 11 (2026-07-15 → 2026-07-26) 38590 bytes
2026-07-15 09:34:53,395 [INFO] [OK] Argentina/GFS_ENSEMBLE_Soy_PRCP/daily dia 00 (2026-07-15 → 2026-07-15) 26722 bytes
2026-07-15 09:34:53,423 [INFO] [OK] Argentina/GFS_ENSEMBLE_Soy_PRCP/daily dia 01 (2026-07-16 → 2026-07-16) 28270 bytes
2026-07-15 09:34:53,540 [INFO] [OK] Argentina/GFS_ENSEMBLE_Soy_PRCP_DEP/cumulative dia 12 (2026-07-15 → 2026-07-27) 39949 bytes
2026-07-15 09:34:53,597 [INFO] [OK] Argentina/GFS_ENSEMBLE_Soy_PRCP_DEP/cumulative dia 13 (2026-07-15 → 2026-07-28) 40012 bytes
2026-07-15 09:34:53,720 [INFO] [OK] Argentina/GFS_ENSEMBLE_Soy_PRCP_DEP/cumulative dia 14 (2026-07-15 → 2026-07-29) 41321 bytes
2026-07-15 09:34:53,747 [INFO] [OK] Argentina/GFS_ENSEMBLE_Soy_PRCP/daily dia 02 (2026-07-17 → 2026-07-17) 28621 bytes
2026-07-15 09:34:54,372 [INFO] [OK] Argentina/GFS_ENSEMBLE_Soy_PRCP/daily dia 03 (2026-07-18 → 2026-07-18) 28899 bytes
2026-07-15 09:34:54,390 [INFO] [OK] Argentina/GFS_ENSEMBLE_Soy_PRCP/daily dia 04 (2026-07-19 → 2026-07-19) 29532 bytes
2026-07-15 09:34:54,531 [INFO] [OK] Argentina/GFS_ENSEMBLE_Soy_PRCP/daily dia 06 (2026-07-21 → 2026-07-21) 27797 bytes
2026-07-15 09:34:54,536 [INFO] [OK] Argentina/GFS_ENSEMBLE_Soy_PRCP/daily dia 05 (2026-07-20 → 2026-07-20) 28271 bytes
2026-07-15 09:34:54,662 [INFO] [OK] Argentina/GFS_ENSEMBLE_Soy_PRCP/daily dia 07 (2026-07-22 → 2026-07-22) 27692 bytes
2026-07-15 09:34:54,795 [INFO] [OK] Argentina/GFS_ENSEMBLE_Soy_PRCP/daily dia 08 (2026-07-23 → 2026-07-23) 27014 bytes
2026-07-15 09:34:55,284 [INFO] [OK] Argentina/GFS_ENSEMBLE_Soy_PRCP/daily dia 09 (2026-07-24 → 2026-07-24) 26254 bytes
2026-07-15 09:34:55,390 [INFO] [OK] Argentina/GFS_ENSEMBLE_Soy_PRCP/daily dia 10 (2026-07-25 → 2026-07-25) 26937 bytes
2026-07-15 09:34:55,732 [INFO] [OK] Argentina/GFS_ENSEMBLE_Soy_PRCP/daily dia 11 (2026-07-26 → 2026-07-26) 27364 bytes
2026-07-15 09:34:55,771 [INFO] [OK] Argentina/GFS_ENSEMBLE_Soy_PRCP/daily dia 12 (2026-07-27 → 2026-07-27) 27241 bytes
2026-07-15 09:34:55,799 [INFO] [OK] Argentina/GFS_ENSEMBLE_Soy_PRCP/daily dia 14 (2026-07-29 → 2026-07-29) 27946 bytes
2026-07-15 09:34:55,805 [INFO] [OK] Argentina/GFS_ENSEMBLE_Soy_PRCP/daily dia 13 (2026-07-28 → 2026-07-28) 27486 bytes
2026-07-15 09:34:56,217 [INFO] [OK] Argentina/GFS_ENSEMBLE_Soy_PRCP/cumulative dia 00 (2026-07-15 → 2026-07-15) 26722 bytes
2026-07-15 09:34:56,371 [INFO] [OK] Argentina/GFS_ENSEMBLE_Soy_PRCP/cumulative dia 01 (2026-07-15 → 2026-07-16) 28804 bytes
2026-07-15 09:34:56,935 [INFO] [OK] Argentina/GFS_ENSEMBLE_Soy_PRCP/cumulative dia 02 (2026-07-15 → 2026-07-17) 30059 bytes
2026-07-15 09:34:57,117 [INFO] [OK] Argentina/GFS_ENSEMBLE_Soy_PRCP/cumulative dia 05 (2026-07-15 → 2026-07-20) 33562 bytes
2026-07-15 09:34:57,182 [INFO] [OK] Argentina/GFS_ENSEMBLE_Soy_PRCP/cumulative dia 04 (2026-07-15 → 2026-07-19) 32719 bytes
2026-07-15 09:34:57,221 [INFO] [OK] Argentina/GFS_ENSEMBLE_Soy_PRCP/cumulative dia 03 (2026-07-15 → 2026-07-18) 31465 bytes
2026-07-15 09:34:57,427 [INFO] [OK] Argentina/GFS_ENSEMBLE_Soy_PRCP/cumulative dia 06 (2026-07-15 → 2026-07-21) 34108 bytes
2026-07-15 09:34:57,660 [INFO] [OK] Argentina/GFS_ENSEMBLE_Soy_PRCP/cumulative dia 07 (2026-07-15 → 2026-07-22) 34284 bytes
2026-07-15 09:34:58,248 [INFO] [OK] Argentina/GFS_ENSEMBLE_Soy_PRCP/cumulative dia 08 (2026-07-15 → 2026-07-23) 34567 bytes
2026-07-15 09:34:58,547 [INFO] [OK] Argentina/GFS_ENSEMBLE_Soy_PRCP/cumulative dia 09 (2026-07-15 → 2026-07-24) 34832 bytes
2026-07-15 09:34:58,657 [INFO] [OK] Argentina/GFS_ENSEMBLE_Soy_PRCP/cumulative dia 10 (2026-07-15 → 2026-07-25) 34688 bytes
2026-07-15 09:34:58,923 [INFO] [OK] Argentina/GFS_ENSEMBLE_Soy_PRCP/cumulative dia 11 (2026-07-15 → 2026-07-26) 35032 bytes
2026-07-15 09:34:59,031 [INFO] [OK] Argentina/GFS_ENSEMBLE_Soy_PRCP/cumulative dia 12 (2026-07-15 → 2026-07-27) 35328 bytes
2026-07-15 09:34:59,458 [INFO] [OK] Argentina/GFS_ENSEMBLE_Corn_Winter_PRCP_DEP/daily dia 00 (2026-07-15 → 2026-07-15) 25432 bytes
2026-07-15 09:34:59,472 [INFO] [OK] Argentina/GFS_ENSEMBLE_Soy_PRCP/cumulative dia 13 (2026-07-15 → 2026-07-28) 35632 bytes
2026-07-15 09:34:59,794 [INFO] [OK] Argentina/GFS_ENSEMBLE_Corn_Winter_PRCP_DEP/daily dia 01 (2026-07-16 → 2026-07-16) 30937 bytes
2026-07-15 09:34:59,816 [INFO] [OK] Argentina/GFS_ENSEMBLE_Soy_PRCP/cumulative dia 14 (2026-07-15 → 2026-07-29) 36061 bytes
2026-07-15 09:34:59,909 [INFO] [OK] Argentina/GFS_ENSEMBLE_Corn_Winter_PRCP_DEP/daily dia 02 (2026-07-17 → 2026-07-17) 33539 bytes
2026-07-15 09:35:00,142 [INFO] [OK] Argentina/GFS_ENSEMBLE_Corn_Winter_PRCP_DEP/daily dia 03 (2026-07-18 → 2026-07-18) 34641 bytes
2026-07-15 09:35:00,407 [INFO] [OK] Argentina/GFS_ENSEMBLE_Corn_Winter_PRCP_DEP/daily dia 05 (2026-07-20 → 2026-07-20) 35941 bytes
2026-07-15 09:35:00,414 [INFO] [OK] Argentina/GFS_ENSEMBLE_Corn_Winter_PRCP_DEP/daily dia 04 (2026-07-19 → 2026-07-19) 34388 bytes
2026-07-15 09:35:00,828 [INFO] [OK] Argentina/GFS_ENSEMBLE_Corn_Winter_PRCP_DEP/daily dia 07 (2026-07-22 → 2026-07-22) 32462 bytes
2026-07-15 09:35:00,829 [INFO] [OK] Argentina/GFS_ENSEMBLE_Corn_Winter_PRCP_DEP/daily dia 06 (2026-07-21 → 2026-07-21) 34183 bytes
2026-07-15 09:35:00,892 [INFO] [OK] Argentina/GFS_ENSEMBLE_Corn_Winter_PRCP_DEP/daily dia 08 (2026-07-23 → 2026-07-23) 35577 bytes
2026-07-15 09:35:01,132 [INFO] [OK] Argentina/GFS_ENSEMBLE_Corn_Winter_PRCP_DEP/daily dia 09 (2026-07-24 → 2026-07-24) 36732 bytes
2026-07-15 09:35:01,377 [INFO] [OK] Argentina/GFS_ENSEMBLE_Corn_Winter_PRCP_DEP/daily dia 11 (2026-07-26 → 2026-07-26) 40575 bytes
2026-07-15 09:35:01,441 [INFO] [OK] Argentina/GFS_ENSEMBLE_Corn_Winter_PRCP_DEP/daily dia 10 (2026-07-25 → 2026-07-25) 37168 bytes
2026-07-15 09:35:01,795 [INFO] [OK] Argentina/GFS_ENSEMBLE_Corn_Winter_PRCP_DEP/daily dia 12 (2026-07-27 → 2026-07-27) 37253 bytes
2026-07-15 09:35:01,959 [INFO] [OK] Argentina/GFS_ENSEMBLE_Corn_Winter_PRCP_DEP/daily dia 13 (2026-07-28 → 2026-07-28) 38594 bytes
2026-07-15 09:35:01,961 [INFO] [OK] Argentina/GFS_ENSEMBLE_Corn_Winter_PRCP_DEP/daily dia 14 (2026-07-29 → 2026-07-29) 44803 bytes
2026-07-15 09:35:02,062 [INFO] [OK] Argentina/GFS_ENSEMBLE_Corn_Winter_PRCP_DEP/cumulative dia 00 (2026-07-15 → 2026-07-15) 25432 bytes
2026-07-15 09:35:02,557 [INFO] [OK] Argentina/GFS_ENSEMBLE_Corn_Winter_PRCP_DEP/cumulative dia 01 (2026-07-15 → 2026-07-16) 30298 bytes
2026-07-15 09:35:03,530 [INFO] [OK] Argentina/GFS_ENSEMBLE_Corn_Winter_PRCP_DEP/cumulative dia 05 (2026-07-15 → 2026-07-20) 34914 bytes
2026-07-15 09:35:03,566 [INFO] [OK] Argentina/GFS_ENSEMBLE_Corn_Winter_PRCP_DEP/cumulative dia 02 (2026-07-15 → 2026-07-17) 32387 bytes
2026-07-15 09:35:03,577 [INFO] [OK] Argentina/GFS_ENSEMBLE_Corn_Winter_PRCP_DEP/cumulative dia 03 (2026-07-15 → 2026-07-18) 34141 bytes
2026-07-15 09:35:03,587 [INFO] [OK] Argentina/GFS_ENSEMBLE_Corn_Winter_PRCP_DEP/cumulative dia 04 (2026-07-15 → 2026-07-19) 34662 bytes
2026-07-15 09:35:03,607 [INFO] [OK] Argentina/GFS_ENSEMBLE_Corn_Winter_PRCP_DEP/cumulative dia 06 (2026-07-15 → 2026-07-21) 35407 bytes
2026-07-15 09:35:03,850 [INFO] [OK] Argentina/GFS_ENSEMBLE_Corn_Winter_PRCP_DEP/cumulative dia 07 (2026-07-15 → 2026-07-22) 35420 bytes
2026-07-15 09:35:05,096 [INFO] [OK] Argentina/GFS_ENSEMBLE_Corn_Winter_PRCP_DEP/cumulative dia 08 (2026-07-15 → 2026-07-23) 35423 bytes
2026-07-15 09:35:05,199 [INFO] [OK] Argentina/GFS_ENSEMBLE_Corn_Winter_PRCP_DEP/cumulative dia 09 (2026-07-15 → 2026-07-24) 35785 bytes
2026-07-15 09:35:05,311 [INFO] [OK] Argentina/GFS_ENSEMBLE_Corn_Winter_PRCP_DEP/cumulative dia 10 (2026-07-15 → 2026-07-25) 36449 bytes
2026-07-15 09:35:05,318 [INFO] [OK] Argentina/GFS_ENSEMBLE_Corn_Winter_PRCP_DEP/cumulative dia 11 (2026-07-15 → 2026-07-26) 36825 bytes
2026-07-15 09:35:05,431 [INFO] [OK] Argentina/GFS_ENSEMBLE_Corn_Winter_PRCP_DEP/cumulative dia 12 (2026-07-15 → 2026-07-27) 38269 bytes
2026-07-15 09:35:05,550 [INFO] [OK] Argentina/GFS_ENSEMBLE_Corn_Winter_PRCP_DEP/cumulative dia 13 (2026-07-15 → 2026-07-28) 38434 bytes
2026-07-15 09:35:06,187 [INFO] [OK] Argentina/GFS_ENSEMBLE_Corn_Winter_PRCP/daily dia 00 (2026-07-15 → 2026-07-15) 24857 bytes
2026-07-15 09:35:06,351 [INFO] [OK] Argentina/GFS_ENSEMBLE_Corn_Winter_PRCP/daily dia 01 (2026-07-16 → 2026-07-16) 26255 bytes
2026-07-15 09:35:06,533 [INFO] [OK] Argentina/GFS_ENSEMBLE_Corn_Winter_PRCP/daily dia 02 (2026-07-17 → 2026-07-17) 26546 bytes
2026-07-15 09:35:06,534 [INFO] [OK] Argentina/GFS_ENSEMBLE_Corn_Winter_PRCP/daily dia 03 (2026-07-18 → 2026-07-18) 26907 bytes
2026-07-15 09:35:06,543 [INFO] [OK] Argentina/GFS_ENSEMBLE_Corn_Winter_PRCP/daily dia 04 (2026-07-19 → 2026-07-19) 27398 bytes
2026-07-15 09:35:06,794 [INFO] [OK] Argentina/GFS_ENSEMBLE_Corn_Winter_PRCP_DEP/cumulative dia 14 (2026-07-15 → 2026-07-29) 39664 bytes
2026-07-15 09:35:07,153 [INFO] [OK] Argentina/GFS_ENSEMBLE_Corn_Winter_PRCP/daily dia 05 (2026-07-20 → 2026-07-20) 26320 bytes
2026-07-15 09:35:07,477 [INFO] [OK] Argentina/GFS_ENSEMBLE_Corn_Winter_PRCP/daily dia 06 (2026-07-21 → 2026-07-21) 25901 bytes
2026-07-15 09:35:07,641 [INFO] [OK] Argentina/GFS_ENSEMBLE_Corn_Winter_PRCP/daily dia 09 (2026-07-24 → 2026-07-24) 24566 bytes
2026-07-15 09:35:07,798 [INFO] [OK] Argentina/GFS_ENSEMBLE_Corn_Winter_PRCP/daily dia 08 (2026-07-23 → 2026-07-23) 25154 bytes
2026-07-15 09:35:07,846 [INFO] [OK] Argentina/GFS_ENSEMBLE_Corn_Winter_PRCP/daily dia 07 (2026-07-22 → 2026-07-22) 25896 bytes
2026-07-15 09:35:07,847 [INFO] [OK] Argentina/GFS_ENSEMBLE_Corn_Winter_PRCP/daily dia 10 (2026-07-25 → 2026-07-25) 25160 bytes
2026-07-15 09:35:08,405 [INFO] [OK] Argentina/GFS_ENSEMBLE_Corn_Winter_PRCP/daily dia 11 (2026-07-26 → 2026-07-26) 25541 bytes
2026-07-15 09:35:09,408 [INFO] [OK] Argentina/GFS_ENSEMBLE_Corn_Winter_PRCP/daily dia 13 (2026-07-28 → 2026-07-28) 25558 bytes
2026-07-15 09:35:09,412 [INFO] [OK] Argentina/GFS_ENSEMBLE_Corn_Winter_PRCP/daily dia 12 (2026-07-27 → 2026-07-27) 25364 bytes
2026-07-15 09:35:09,412 [INFO] [OK] Argentina/GFS_ENSEMBLE_Corn_Winter_PRCP/cumulative dia 01 (2026-07-15 → 2026-07-16) 26788 bytes
2026-07-15 09:35:09,413 [INFO] [OK] Argentina/GFS_ENSEMBLE_Corn_Winter_PRCP/cumulative dia 00 (2026-07-15 → 2026-07-15) 24857 bytes
2026-07-15 09:35:09,413 [INFO] [OK] Argentina/GFS_ENSEMBLE_Corn_Winter_PRCP/daily dia 14 (2026-07-29 → 2026-07-29) 26237 bytes
2026-07-15 09:35:09,458 [INFO] [OK] Argentina/GFS_ENSEMBLE_Corn_Winter_PRCP/cumulative dia 02 (2026-07-15 → 2026-07-17) 28097 bytes
2026-07-15 09:35:10,746 [INFO] [OK] Argentina/GFS_ENSEMBLE_Corn_Winter_PRCP/cumulative dia 04 (2026-07-15 → 2026-07-19) 30361 bytes
2026-07-15 09:35:10,790 [INFO] [OK] Argentina/GFS_ENSEMBLE_Corn_Winter_PRCP/cumulative dia 03 (2026-07-15 → 2026-07-18) 29334 bytes
2026-07-15 09:35:11,036 [INFO] [OK] Argentina/GFS_ENSEMBLE_Corn_Winter_PRCP/cumulative dia 08 (2026-07-15 → 2026-07-23) 32590 bytes
2026-07-15 09:35:11,051 [INFO] [OK] Argentina/GFS_ENSEMBLE_Corn_Winter_PRCP/cumulative dia 05 (2026-07-15 → 2026-07-20) 31360 bytes
2026-07-15 09:35:11,214 [INFO] [OK] Argentina/GFS_ENSEMBLE_Corn_Winter_PRCP/cumulative dia 06 (2026-07-15 → 2026-07-21) 31986 bytes
2026-07-15 09:35:11,216 [INFO] [OK] Argentina/GFS_ENSEMBLE_Corn_Winter_PRCP/cumulative dia 07 (2026-07-15 → 2026-07-22) 32181 bytes
2026-07-15 09:35:13,067 [INFO] [OK] Argentina/GFS_ENSEMBLE_Corn_Winter_PRCP/cumulative dia 09 (2026-07-15 → 2026-07-24) 32738 bytes
2026-07-15 09:35:15,092 [INFO] [OK] Argentina/ECM_ENSEMBLE_Soy_PRCP_DEP/daily dia 00 (2026-07-15 → 2026-07-15) 31124 bytes
2026-07-15 09:35:15,138 [INFO] [OK] Argentina/GFS_ENSEMBLE_Corn_Winter_PRCP/cumulative dia 10 (2026-07-15 → 2026-07-25) 32697 bytes
2026-07-15 09:35:15,320 [INFO] [OK] Argentina/GFS_ENSEMBLE_Corn_Winter_PRCP/cumulative dia 12 (2026-07-15 → 2026-07-27) 33369 bytes
2026-07-15 09:35:15,337 [INFO] [OK] Argentina/GFS_ENSEMBLE_Corn_Winter_PRCP/cumulative dia 13 (2026-07-15 → 2026-07-28) 33759 bytes
2026-07-15 09:35:15,362 [INFO] [OK] Argentina/GFS_ENSEMBLE_Corn_Winter_PRCP/cumulative dia 14 (2026-07-15 → 2026-07-29) 34127 bytes
2026-07-15 09:35:15,378 [INFO] [OK] Argentina/GFS_ENSEMBLE_Corn_Winter_PRCP/cumulative dia 11 (2026-07-15 → 2026-07-26) 33001 bytes
2026-07-15 09:35:16,894 [INFO] [OK] Argentina/ECM_ENSEMBLE_Soy_PRCP_DEP/daily dia 03 (2026-07-18 → 2026-07-18) 36242 bytes
2026-07-15 09:35:16,901 [INFO] [OK] Argentina/ECM_ENSEMBLE_Soy_PRCP_DEP/daily dia 05 (2026-07-20 → 2026-07-20) 37664 bytes
2026-07-15 09:35:16,909 [INFO] [OK] Argentina/ECM_ENSEMBLE_Soy_PRCP_DEP/daily dia 06 (2026-07-21 → 2026-07-21) 38905 bytes
2026-07-15 09:35:16,909 [INFO] [OK] Argentina/ECM_ENSEMBLE_Soy_PRCP_DEP/daily dia 01 (2026-07-16 → 2026-07-16) 36457 bytes
2026-07-15 09:35:16,911 [INFO] [OK] Argentina/ECM_ENSEMBLE_Soy_PRCP_DEP/daily dia 02 (2026-07-17 → 2026-07-17) 37058 bytes
2026-07-15 09:35:17,669 [INFO] [OK] Argentina/ECM_ENSEMBLE_Soy_PRCP_DEP/daily dia 04 (2026-07-19 → 2026-07-19) 36626 bytes
2026-07-15 09:35:18,513 [INFO] [OK] Argentina/ECM_ENSEMBLE_Soy_PRCP_DEP/daily dia 11 (2026-07-26 → 2026-07-26) 42072 bytes
2026-07-15 09:35:18,515 [INFO] [OK] Argentina/ECM_ENSEMBLE_Soy_PRCP_DEP/daily dia 09 (2026-07-24 → 2026-07-24) 39829 bytes
2026-07-15 09:35:18,518 [INFO] [OK] Argentina/ECM_ENSEMBLE_Soy_PRCP_DEP/daily dia 10 (2026-07-25 → 2026-07-25) 40416 bytes
2026-07-15 09:35:18,530 [INFO] [OK] Argentina/ECM_ENSEMBLE_Soy_PRCP_DEP/daily dia 07 (2026-07-22 → 2026-07-22) 38903 bytes
2026-07-15 09:35:18,531 [INFO] [OK] Argentina/ECM_ENSEMBLE_Soy_PRCP_DEP/daily dia 08 (2026-07-23 → 2026-07-23) 39882 bytes
2026-07-15 09:35:18,918 [INFO] [OK] Argentina/ECM_ENSEMBLE_Soy_PRCP_DEP/daily dia 12 (2026-07-27 → 2026-07-27) 43189 bytes
2026-07-15 09:35:19,736 [INFO] [OK] Argentina/ECM_ENSEMBLE_Soy_PRCP_DEP/cumulative dia 00 (2026-07-15 → 2026-07-15) 31124 bytes
2026-07-15 09:35:19,894 [INFO] [OK] Argentina/ECM_ENSEMBLE_Soy_PRCP_DEP/cumulative dia 02 (2026-07-15 → 2026-07-17) 36859 bytes
2026-07-15 09:35:19,960 [INFO] [OK] Argentina/ECM_ENSEMBLE_Soy_PRCP_DEP/cumulative dia 01 (2026-07-15 → 2026-07-16) 35426 bytes
2026-07-15 09:35:20,067 [INFO] [OK] Argentina/ECM_ENSEMBLE_Soy_PRCP_DEP/daily dia 14 (2026-07-29 → 2026-07-29) 45488 bytes
2026-07-15 09:35:20,255 [INFO] [OK] Argentina/ECM_ENSEMBLE_Soy_PRCP_DEP/cumulative dia 03 (2026-07-15 → 2026-07-18) 37451 bytes
2026-07-15 09:35:20,255 [INFO] [OK] Argentina/ECM_ENSEMBLE_Soy_PRCP_DEP/daily dia 13 (2026-07-28 → 2026-07-28) 44166 bytes
2026-07-15 09:35:20,895 [INFO] [OK] Argentina/ECM_ENSEMBLE_Soy_PRCP_DEP/cumulative dia 04 (2026-07-15 → 2026-07-19) 36696 bytes
2026-07-15 09:35:21,292 [INFO] [OK] Argentina/ECM_ENSEMBLE_Soy_PRCP_DEP/cumulative dia 05 (2026-07-15 → 2026-07-20) 37487 bytes
2026-07-15 09:35:21,374 [INFO] [OK] Argentina/ECM_ENSEMBLE_Soy_PRCP_DEP/cumulative dia 06 (2026-07-15 → 2026-07-21) 38549 bytes
2026-07-15 09:35:21,522 [INFO] [OK] Argentina/ECM_ENSEMBLE_Soy_PRCP_DEP/cumulative dia 07 (2026-07-15 → 2026-07-22) 38614 bytes
2026-07-15 09:35:21,740 [INFO] [OK] Argentina/ECM_ENSEMBLE_Soy_PRCP_DEP/cumulative dia 08 (2026-07-15 → 2026-07-23) 38629 bytes
2026-07-15 09:35:21,848 [INFO] [OK] Argentina/ECM_ENSEMBLE_Soy_PRCP_DEP/cumulative dia 09 (2026-07-15 → 2026-07-24) 38789 bytes
2026-07-15 09:35:22,441 [INFO] [OK] Argentina/ECM_ENSEMBLE_Soy_PRCP_DEP/cumulative dia 10 (2026-07-15 → 2026-07-25) 38967 bytes
2026-07-15 09:35:23,281 [INFO] [OK] Argentina/ECM_ENSEMBLE_Soy_PRCP/daily dia 00 (2026-07-15 → 2026-07-15) 26767 bytes
2026-07-15 09:35:23,282 [INFO] [OK] Argentina/ECM_ENSEMBLE_Soy_PRCP_DEP/cumulative dia 11 (2026-07-15 → 2026-07-26) 40196 bytes
2026-07-15 09:35:23,471 [INFO] [OK] Argentina/ECM_ENSEMBLE_Soy_PRCP_DEP/cumulative dia 12 (2026-07-15 → 2026-07-27) 41519 bytes
2026-07-15 09:35:23,592 [INFO] [OK] Argentina/ECM_ENSEMBLE_Soy_PRCP/daily dia 01 (2026-07-16 → 2026-07-16) 29267 bytes
2026-07-15 09:35:23,805 [INFO] [OK] Argentina/ECM_ENSEMBLE_Soy_PRCP_DEP/cumulative dia 13 (2026-07-15 → 2026-07-28) 41990 bytes
2026-07-15 09:35:24,028 [INFO] [OK] Argentina/ECM_ENSEMBLE_Soy_PRCP_DEP/cumulative dia 14 (2026-07-15 → 2026-07-29) 42308 bytes
2026-07-15 09:35:24,279 [INFO] [OK] Argentina/ECM_ENSEMBLE_Soy_PRCP/daily dia 02 (2026-07-17 → 2026-07-17) 28958 bytes
2026-07-15 09:35:24,302 [INFO] [OK] Argentina/ECM_ENSEMBLE_Soy_PRCP/daily dia 03 (2026-07-18 → 2026-07-18) 29967 bytes
2026-07-15 09:35:24,645 [INFO] [OK] Argentina/ECM_ENSEMBLE_Soy_PRCP/daily dia 04 (2026-07-19 → 2026-07-19) 30936 bytes
2026-07-15 09:35:24,857 [INFO] [OK] Argentina/ECM_ENSEMBLE_Soy_PRCP/daily dia 05 (2026-07-20 → 2026-07-20) 30290 bytes
2026-07-15 09:35:25,098 [INFO] [OK] Argentina/ECM_ENSEMBLE_Soy_PRCP/daily dia 06 (2026-07-21 → 2026-07-21) 30836 bytes
2026-07-15 09:35:25,116 [INFO] [OK] Argentina/ECM_ENSEMBLE_Soy_PRCP/daily dia 07 (2026-07-22 → 2026-07-22) 30370 bytes
2026-07-15 09:35:25,334 [INFO] [OK] Argentina/ECM_ENSEMBLE_Soy_PRCP/daily dia 08 (2026-07-23 → 2026-07-23) 29411 bytes
2026-07-15 09:35:25,370 [INFO] [OK] Argentina/ECM_ENSEMBLE_Soy_PRCP/daily dia 09 (2026-07-24 → 2026-07-24) 29439 bytes
2026-07-15 09:35:26,366 [INFO] [OK] Argentina/ECM_ENSEMBLE_Soy_PRCP/daily dia 10 (2026-07-25 → 2026-07-25) 29019 bytes
2026-07-15 09:35:26,590 [INFO] [OK] Argentina/ECM_ENSEMBLE_Soy_PRCP/daily dia 14 (2026-07-29 → 2026-07-29) 27380 bytes
2026-07-15 09:35:26,800 [INFO] [OK] Argentina/ECM_ENSEMBLE_Soy_PRCP/daily dia 11 (2026-07-26 → 2026-07-26) 29035 bytes
2026-07-15 09:35:27,235 [INFO] [OK] Argentina/ECM_ENSEMBLE_Soy_PRCP/daily dia 12 (2026-07-27 → 2026-07-27) 28575 bytes
2026-07-15 09:35:27,236 [INFO] [OK] Argentina/ECM_ENSEMBLE_Soy_PRCP/daily dia 13 (2026-07-28 → 2026-07-28) 28138 bytes
2026-07-15 09:35:27,239 [INFO] [OK] Argentina/ECM_ENSEMBLE_Soy_PRCP/cumulative dia 00 (2026-07-15 → 2026-07-15) 26767 bytes
2026-07-15 09:35:27,456 [INFO] [OK] Argentina/ECM_ENSEMBLE_Soy_PRCP/cumulative dia 01 (2026-07-15 → 2026-07-16) 29594 bytes
2026-07-15 09:35:28,070 [INFO] [OK] Argentina/ECM_ENSEMBLE_Soy_PRCP/cumulative dia 02 (2026-07-15 → 2026-07-17) 31269 bytes
2026-07-15 09:35:28,307 [INFO] [OK] Argentina/ECM_ENSEMBLE_Soy_PRCP/cumulative dia 03 (2026-07-15 → 2026-07-18) 33279 bytes
2026-07-15 09:35:29,063 [INFO] [OK] Argentina/ECM_ENSEMBLE_Soy_PRCP/cumulative dia 06 (2026-07-15 → 2026-07-21) 36115 bytes
2026-07-15 09:35:29,429 [INFO] [OK] Argentina/ECM_ENSEMBLE_Soy_PRCP/cumulative dia 05 (2026-07-15 → 2026-07-20) 35651 bytes
2026-07-15 09:35:29,437 [INFO] [OK] Argentina/ECM_ENSEMBLE_Soy_PRCP/cumulative dia 07 (2026-07-15 → 2026-07-22) 36626 bytes
2026-07-15 09:35:29,442 [INFO] [OK] Argentina/ECM_ENSEMBLE_Soy_PRCP/cumulative dia 04 (2026-07-15 → 2026-07-19) 34361 bytes
2026-07-15 09:35:29,605 [INFO] [OK] Argentina/ECM_ENSEMBLE_Soy_PRCP/cumulative dia 08 (2026-07-15 → 2026-07-23) 37220 bytes
2026-07-15 09:35:29,819 [INFO] [OK] Argentina/ECM_ENSEMBLE_Soy_PRCP/cumulative dia 09 (2026-07-15 → 2026-07-24) 37494 bytes
2026-07-15 09:35:30,766 [INFO] [OK] Argentina/ECM_ENSEMBLE_Soy_PRCP/cumulative dia 10 (2026-07-15 → 2026-07-25) 37882 bytes
2026-07-15 09:35:30,907 [INFO] [OK] Argentina/ECM_ENSEMBLE_Corn_Winter_PRCP_DEP/daily dia 00 (2026-07-15 → 2026-07-15) 29467 bytes
2026-07-15 09:35:32,999 [INFO] [OK] Argentina/ECM_ENSEMBLE_Corn_Winter_PRCP_DEP/daily dia 02 (2026-07-17 → 2026-07-17) 35379 bytes
2026-07-15 09:35:33,000 [INFO] [OK] Argentina/ECM_ENSEMBLE_Corn_Winter_PRCP_DEP/daily dia 01 (2026-07-16 → 2026-07-16) 34898 bytes
2026-07-15 09:35:33,158 [INFO] [OK] Argentina/ECM_ENSEMBLE_Soy_PRCP/cumulative dia 13 (2026-07-15 → 2026-07-28) 38900 bytes
2026-07-15 09:35:33,180 [INFO] [OK] Argentina/ECM_ENSEMBLE_Soy_PRCP/cumulative dia 11 (2026-07-15 → 2026-07-26) 38066 bytes
2026-07-15 09:35:33,189 [INFO] [OK] Argentina/ECM_ENSEMBLE_Soy_PRCP/cumulative dia 12 (2026-07-15 → 2026-07-27) 38424 bytes
2026-07-15 09:35:33,296 [INFO] [OK] Argentina/ECM_ENSEMBLE_Soy_PRCP/cumulative dia 14 (2026-07-15 → 2026-07-29) 38970 bytes
2026-07-15 09:35:33,973 [INFO] [OK] Argentina/ECM_ENSEMBLE_Corn_Winter_PRCP_DEP/daily dia 03 (2026-07-18 → 2026-07-18) 34290 bytes
2026-07-15 09:35:34,172 [INFO] [OK] Argentina/ECM_ENSEMBLE_Corn_Winter_PRCP_DEP/daily dia 04 (2026-07-19 → 2026-07-19) 34681 bytes
2026-07-15 09:35:34,436 [INFO] [OK] Argentina/ECM_ENSEMBLE_Corn_Winter_PRCP_DEP/daily dia 08 (2026-07-23 → 2026-07-23) 38067 bytes
2026-07-15 09:35:34,437 [INFO] [OK] Argentina/ECM_ENSEMBLE_Corn_Winter_PRCP_DEP/daily dia 06 (2026-07-21 → 2026-07-21) 37152 bytes
2026-07-15 09:35:34,440 [INFO] [OK] Argentina/ECM_ENSEMBLE_Corn_Winter_PRCP_DEP/daily dia 07 (2026-07-22 → 2026-07-22) 37463 bytes
2026-07-15 09:35:34,446 [INFO] [OK] Argentina/ECM_ENSEMBLE_Corn_Winter_PRCP_DEP/daily dia 05 (2026-07-20 → 2026-07-20) 35893 bytes
2026-07-15 09:35:35,002 [INFO] [OK] Argentina/ECM_ENSEMBLE_Corn_Winter_PRCP_DEP/daily dia 09 (2026-07-24 → 2026-07-24) 38056 bytes
2026-07-15 09:35:35,299 [INFO] [OK] Argentina/ECM_ENSEMBLE_Corn_Winter_PRCP_DEP/daily dia 10 (2026-07-25 → 2026-07-25) 38683 bytes
2026-07-15 09:35:36,063 [INFO] [OK] Argentina/ECM_ENSEMBLE_Corn_Winter_PRCP_DEP/daily dia 14 (2026-07-29 → 2026-07-29) 43806 bytes
2026-07-15 09:35:36,073 [INFO] [OK] Argentina/ECM_ENSEMBLE_Corn_Winter_PRCP_DEP/daily dia 11 (2026-07-26 → 2026-07-26) 40536 bytes
2026-07-15 09:35:36,073 [INFO] [OK] Argentina/ECM_ENSEMBLE_Corn_Winter_PRCP_DEP/daily dia 12 (2026-07-27 → 2026-07-27) 41622 bytes
2026-07-15 09:35:36,073 [INFO] [OK] Argentina/ECM_ENSEMBLE_Corn_Winter_PRCP_DEP/daily dia 13 (2026-07-28 → 2026-07-28) 42568 bytes
2026-07-15 09:35:36,203 [INFO] [OK] Argentina/ECM_ENSEMBLE_Corn_Winter_PRCP_DEP/cumulative dia 00 (2026-07-15 → 2026-07-15) 29467 bytes
2026-07-15 09:35:36,364 [INFO] [OK] Argentina/ECM_ENSEMBLE_Corn_Winter_PRCP_DEP/cumulative dia 01 (2026-07-15 → 2026-07-16) 33880 bytes
2026-07-15 09:35:38,654 [INFO] [OK] Argentina/ECM_ENSEMBLE_Corn_Winter_PRCP_DEP/cumulative dia 05 (2026-07-15 → 2026-07-20) 35652 bytes
2026-07-15 09:35:38,662 [INFO] [OK] Argentina/ECM_ENSEMBLE_Corn_Winter_PRCP_DEP/cumulative dia 02 (2026-07-15 → 2026-07-17) 35321 bytes
2026-07-15 09:35:38,744 [INFO] [OK] Argentina/ECM_ENSEMBLE_Corn_Winter_PRCP_DEP/cumulative dia 06 (2026-07-15 → 2026-07-21) 36547 bytes
2026-07-15 09:35:38,810 [INFO] [OK] Argentina/ECM_ENSEMBLE_Corn_Winter_PRCP_DEP/cumulative dia 07 (2026-07-15 → 2026-07-22) 37036 bytes
2026-07-15 09:35:38,813 [INFO] [OK] Argentina/ECM_ENSEMBLE_Corn_Winter_PRCP_DEP/cumulative dia 03 (2026-07-15 → 2026-07-18) 35777 bytes
2026-07-15 09:35:38,829 [INFO] [OK] Argentina/ECM_ENSEMBLE_Corn_Winter_PRCP_DEP/cumulative dia 04 (2026-07-15 → 2026-07-19) 34995 bytes
2026-07-15 09:35:40,810 [INFO] [OK] Argentina/ECM_ENSEMBLE_Corn_Winter_PRCP_DEP/cumulative dia 08 (2026-07-15 → 2026-07-23) 37174 bytes
2026-07-15 09:35:40,814 [INFO] [OK] Argentina/ECM_ENSEMBLE_Corn_Winter_PRCP_DEP/cumulative dia 10 (2026-07-15 → 2026-07-25) 37360 bytes
2026-07-15 09:35:40,830 [INFO] [OK] Argentina/ECM_ENSEMBLE_Corn_Winter_PRCP_DEP/cumulative dia 09 (2026-07-15 → 2026-07-24) 37139 bytes
2026-07-15 09:35:43,317 [INFO] [OK] Argentina/ECM_ENSEMBLE_Corn_Winter_PRCP/daily dia 00 (2026-07-15 → 2026-07-15) 24909 bytes
2026-07-15 09:35:43,319 [INFO] [OK] Argentina/ECM_ENSEMBLE_Corn_Winter_PRCP_DEP/cumulative dia 13 (2026-07-15 → 2026-07-28) 40502 bytes
2026-07-15 09:35:43,326 [INFO] [OK] Argentina/ECM_ENSEMBLE_Corn_Winter_PRCP_DEP/cumulative dia 14 (2026-07-15 → 2026-07-29) 40992 bytes
2026-07-15 09:35:43,343 [INFO] [OK] Argentina/ECM_ENSEMBLE_Corn_Winter_PRCP/daily dia 01 (2026-07-16 → 2026-07-16) 27219 bytes
2026-07-15 09:35:43,343 [INFO] [OK] Argentina/ECM_ENSEMBLE_Corn_Winter_PRCP_DEP/cumulative dia 12 (2026-07-15 → 2026-07-27) 40046 bytes
2026-07-15 09:35:43,344 [INFO] [OK] Argentina/ECM_ENSEMBLE_Corn_Winter_PRCP_DEP/cumulative dia 11 (2026-07-15 → 2026-07-26) 38532 bytes
2026-07-15 09:35:44,405 [INFO] [OK] Argentina/ECM_ENSEMBLE_Corn_Winter_PRCP/daily dia 04 (2026-07-19 → 2026-07-19) 28798 bytes
2026-07-15 09:35:44,486 [INFO] [OK] Argentina/ECM_ENSEMBLE_Corn_Winter_PRCP/daily dia 05 (2026-07-20 → 2026-07-20) 28393 bytes
2026-07-15 09:35:44,501 [INFO] [OK] Argentina/ECM_ENSEMBLE_Corn_Winter_PRCP/daily dia 02 (2026-07-17 → 2026-07-17) 27064 bytes
2026-07-15 09:35:44,502 [INFO] [OK] Argentina/ECM_ENSEMBLE_Corn_Winter_PRCP/daily dia 06 (2026-07-21 → 2026-07-21) 28886 bytes
2026-07-15 09:35:44,523 [INFO] [OK] Argentina/ECM_ENSEMBLE_Corn_Winter_PRCP/daily dia 03 (2026-07-18 → 2026-07-18) 27854 bytes
2026-07-15 09:35:44,602 [INFO] [OK] Argentina/ECM_ENSEMBLE_Corn_Winter_PRCP/daily dia 07 (2026-07-22 → 2026-07-22) 28478 bytes
2026-07-15 09:35:45,494 [INFO] [OK] Argentina/ECM_ENSEMBLE_Corn_Winter_PRCP/daily dia 08 (2026-07-23 → 2026-07-23) 27534 bytes
2026-07-15 09:35:45,595 [INFO] [OK] Argentina/ECM_ENSEMBLE_Corn_Winter_PRCP/daily dia 10 (2026-07-25 → 2026-07-25) 27237 bytes
2026-07-15 09:35:45,596 [INFO] [OK] Argentina/ECM_ENSEMBLE_Corn_Winter_PRCP/daily dia 12 (2026-07-27 → 2026-07-27) 26705 bytes
2026-07-15 09:35:45,717 [INFO] [OK] Argentina/ECM_ENSEMBLE_Corn_Winter_PRCP/daily dia 11 (2026-07-26 → 2026-07-26) 27189 bytes
2026-07-15 09:35:45,729 [INFO] [OK] Argentina/ECM_ENSEMBLE_Corn_Winter_PRCP/daily dia 09 (2026-07-24 → 2026-07-24) 27665 bytes
2026-07-15 09:35:45,810 [INFO] [OK] Argentina/ECM_ENSEMBLE_Corn_Winter_PRCP/daily dia 13 (2026-07-28 → 2026-07-28) 26297 bytes
2026-07-15 09:35:46,463 [INFO] [OK] Argentina/ECM_ENSEMBLE_Corn_Winter_PRCP/daily dia 14 (2026-07-29 → 2026-07-29) 25595 bytes
2026-07-15 09:35:46,576 [INFO] [OK] Argentina/ECM_ENSEMBLE_Corn_Winter_PRCP/cumulative dia 00 (2026-07-15 → 2026-07-15) 24909 bytes
2026-07-15 09:35:46,622 [INFO] [OK] Argentina/ECM_ENSEMBLE_Corn_Winter_PRCP/cumulative dia 01 (2026-07-15 → 2026-07-16) 27552 bytes
2026-07-15 09:35:46,911 [INFO] [OK] Argentina/ECM_ENSEMBLE_Corn_Winter_PRCP/cumulative dia 02 (2026-07-15 → 2026-07-17) 29112 bytes
2026-07-15 09:35:46,933 [INFO] [OK] Argentina/ECM_ENSEMBLE_Corn_Winter_PRCP/cumulative dia 03 (2026-07-15 → 2026-07-18) 30980 bytes
2026-07-15 09:35:47,046 [INFO] [OK] Argentina/ECM_ENSEMBLE_Corn_Winter_PRCP/cumulative dia 04 (2026-07-15 → 2026-07-19) 32101 bytes
2026-07-15 09:35:48,532 [INFO] [OK] Argentina/ECM_ENSEMBLE_Corn_Winter_PRCP/cumulative dia 05 (2026-07-15 → 2026-07-20) 33492 bytes
2026-07-15 09:35:48,533 [INFO] [OK] Argentina/ECM_ENSEMBLE_Corn_Winter_PRCP/cumulative dia 06 (2026-07-15 → 2026-07-21) 34079 bytes
2026-07-15 09:35:48,534 [INFO] [OK] Argentina/ECM_ENSEMBLE_Corn_Winter_PRCP/cumulative dia 07 (2026-07-15 → 2026-07-22) 34663 bytes
2026-07-15 09:35:48,579 [INFO] [OK] Argentina/ECM_ENSEMBLE_Corn_Winter_PRCP/cumulative dia 08 (2026-07-15 → 2026-07-23) 35450 bytes
2026-07-15 09:35:48,644 [INFO] [OK] Argentina/ECM_ENSEMBLE_Corn_Winter_PRCP/cumulative dia 09 (2026-07-15 → 2026-07-24) 35774 bytes
2026-07-15 09:35:48,656 [INFO] [OK] Argentina/ECM_ENSEMBLE_Corn_Winter_PRCP/cumulative dia 10 (2026-07-15 → 2026-07-25) 35971 bytes
2026-07-15 09:35:50,338 [INFO] [OK] USA/GFS_ENSEMBLE_Corn_PRCP_DEP/daily dia 00 (2026-07-15 → 2026-07-15) 50981 bytes
2026-07-15 09:35:50,602 [INFO] [OK] Argentina/ECM_ENSEMBLE_Corn_Winter_PRCP/cumulative dia 12 (2026-07-15 → 2026-07-27) 36689 bytes
2026-07-15 09:35:50,692 [INFO] [OK] USA/GFS_ENSEMBLE_Corn_PRCP_DEP/daily dia 01 (2026-07-16 → 2026-07-16) 54081 bytes
2026-07-15 09:35:50,786 [INFO] [OK] Argentina/ECM_ENSEMBLE_Corn_Winter_PRCP/cumulative dia 11 (2026-07-15 → 2026-07-26) 36223 bytes
2026-07-15 09:35:50,911 [INFO] [OK] Argentina/ECM_ENSEMBLE_Corn_Winter_PRCP/cumulative dia 14 (2026-07-15 → 2026-07-29) 37401 bytes
2026-07-15 09:35:50,944 [INFO] [OK] Argentina/ECM_ENSEMBLE_Corn_Winter_PRCP/cumulative dia 13 (2026-07-15 → 2026-07-28) 37123 bytes
2026-07-15 09:35:53,332 [INFO] [OK] USA/GFS_ENSEMBLE_Corn_PRCP_DEP/daily dia 07 (2026-07-22 → 2026-07-22) 59109 bytes
2026-07-15 09:35:53,388 [INFO] [OK] USA/GFS_ENSEMBLE_Corn_PRCP_DEP/daily dia 03 (2026-07-18 → 2026-07-18) 55334 bytes
2026-07-15 09:35:53,391 [INFO] [OK] USA/GFS_ENSEMBLE_Corn_PRCP_DEP/daily dia 06 (2026-07-21 → 2026-07-21) 56336 bytes
2026-07-15 09:35:53,642 [INFO] [OK] USA/GFS_ENSEMBLE_Corn_PRCP_DEP/daily dia 02 (2026-07-17 → 2026-07-17) 55489 bytes
2026-07-15 09:35:53,650 [INFO] [OK] USA/GFS_ENSEMBLE_Corn_PRCP_DEP/daily dia 05 (2026-07-20 → 2026-07-20) 54026 bytes
2026-07-15 09:35:53,657 [INFO] [OK] USA/GFS_ENSEMBLE_Corn_PRCP_DEP/daily dia 04 (2026-07-19 → 2026-07-19) 55726 bytes
2026-07-15 09:35:55,492 [INFO] [OK] USA/GFS_ENSEMBLE_Corn_PRCP_DEP/daily dia 09 (2026-07-24 → 2026-07-24) 59081 bytes
2026-07-15 09:35:55,498 [INFO] [OK] USA/GFS_ENSEMBLE_Corn_PRCP_DEP/daily dia 10 (2026-07-25 → 2026-07-25) 61324 bytes
2026-07-15 09:35:55,829 [INFO] [OK] USA/GFS_ENSEMBLE_Corn_PRCP_DEP/daily dia 11 (2026-07-26 → 2026-07-26) 62719 bytes
2026-07-15 09:35:55,849 [INFO] [OK] USA/GFS_ENSEMBLE_Corn_PRCP_DEP/daily dia 13 (2026-07-28 → 2026-07-28) 61934 bytes
2026-07-15 09:35:55,915 [INFO] [OK] USA/GFS_ENSEMBLE_Corn_PRCP_DEP/daily dia 12 (2026-07-27 → 2026-07-27) 62136 bytes
2026-07-15 09:35:55,916 [INFO] [OK] USA/GFS_ENSEMBLE_Corn_PRCP_DEP/daily dia 08 (2026-07-23 → 2026-07-23) 57909 bytes
2026-07-15 09:35:57,636 [INFO] [OK] USA/GFS_ENSEMBLE_Corn_PRCP_DEP/daily dia 14 (2026-07-29 → 2026-07-29) 63523 bytes
2026-07-15 09:35:57,881 [INFO] [OK] USA/GFS_ENSEMBLE_Corn_PRCP_DEP/cumulative dia 01 (2026-07-15 → 2026-07-16) 55247 bytes
2026-07-15 09:35:58,095 [INFO] [OK] USA/GFS_ENSEMBLE_Corn_PRCP_DEP/cumulative dia 00 (2026-07-15 → 2026-07-15) 50981 bytes
2026-07-15 09:35:58,205 [INFO] [OK] USA/GFS_ENSEMBLE_Corn_PRCP_DEP/cumulative dia 04 (2026-07-15 → 2026-07-19) 60945 bytes
2026-07-15 09:35:58,316 [INFO] [OK] USA/GFS_ENSEMBLE_Corn_PRCP_DEP/cumulative dia 03 (2026-07-15 → 2026-07-18) 59864 bytes
2026-07-15 09:35:58,360 [INFO] [OK] USA/GFS_ENSEMBLE_Corn_PRCP_DEP/cumulative dia 02 (2026-07-15 → 2026-07-17) 57221 bytes
2026-07-15 09:36:16,246 [INFO] [OK] USA/GFS_ENSEMBLE_Corn_PRCP_DEP/cumulative dia 06 (2026-07-15 → 2026-07-21) 60612 bytes
2026-07-15 09:36:16,246 [INFO] [OK] USA/GFS_ENSEMBLE_Corn_PRCP_DEP/cumulative dia 08 (2026-07-15 → 2026-07-23) 60390 bytes
2026-07-15 09:36:16,246 [INFO] [OK] USA/GFS_ENSEMBLE_Corn_PRCP_DEP/cumulative dia 05 (2026-07-15 → 2026-07-20) 60688 bytes
2026-07-15 09:36:16,247 [INFO] [OK] USA/GFS_ENSEMBLE_Corn_PRCP_DEP/cumulative dia 09 (2026-07-15 → 2026-07-24) 60069 bytes
2026-07-15 09:36:16,226 [INFO] [OK] USA/GFS_ENSEMBLE_Corn_PRCP_DEP/cumulative dia 07 (2026-07-15 → 2026-07-22) 60568 bytes
2026-07-15 09:36:16,247 [INFO] [OK] USA/GFS_ENSEMBLE_Corn_PRCP_DEP/cumulative dia 10 (2026-07-15 → 2026-07-25) 60168 bytes
2026-07-15 09:36:18,026 [INFO] [OK] USA/GFS_ENSEMBLE_Corn_PRCP/daily dia 00 (2026-07-15 → 2026-07-15) 37681 bytes
2026-07-15 09:36:18,079 [INFO] [OK] USA/GFS_ENSEMBLE_Corn_PRCP/daily dia 01 (2026-07-16 → 2026-07-16) 38203 bytes
2026-07-15 09:36:19,389 [INFO] [OK] USA/GFS_ENSEMBLE_Corn_PRCP_DEP/cumulative dia 11 (2026-07-15 → 2026-07-26) 60001 bytes
2026-07-15 09:36:19,404 [INFO] [OK] USA/GFS_ENSEMBLE_Corn_PRCP_DEP/cumulative dia 12 (2026-07-15 → 2026-07-27) 60169 bytes
2026-07-15 09:36:19,449 [INFO] [OK] USA/GFS_ENSEMBLE_Corn_PRCP_DEP/cumulative dia 13 (2026-07-15 → 2026-07-28) 60073 bytes
2026-07-15 09:36:20,112 [INFO] [OK] USA/GFS_ENSEMBLE_Corn_PRCP_DEP/cumulative dia 14 (2026-07-15 → 2026-07-29) 60184 bytes
2026-07-15 09:36:20,167 [INFO] [OK] USA/GFS_ENSEMBLE_Corn_PRCP/daily dia 02 (2026-07-17 → 2026-07-17) 38450 bytes
2026-07-15 09:36:20,170 [INFO] [OK] USA/GFS_ENSEMBLE_Corn_PRCP/daily dia 03 (2026-07-18 → 2026-07-18) 37617 bytes
2026-07-15 09:36:20,908 [INFO] [OK] USA/GFS_ENSEMBLE_Corn_PRCP/daily dia 04 (2026-07-19 → 2026-07-19) 36714 bytes
2026-07-15 09:36:20,973 [INFO] [OK] USA/GFS_ENSEMBLE_Corn_PRCP/daily dia 06 (2026-07-21 → 2026-07-21) 37033 bytes
2026-07-15 09:36:21,112 [INFO] [OK] USA/GFS_ENSEMBLE_Corn_PRCP/daily dia 05 (2026-07-20 → 2026-07-20) 36932 bytes
2026-07-15 09:36:21,888 [INFO] [OK] USA/GFS_ENSEMBLE_Corn_PRCP/daily dia 07 (2026-07-22 → 2026-07-22) 38076 bytes
2026-07-15 09:36:21,892 [INFO] [OK] USA/GFS_ENSEMBLE_Corn_PRCP/daily dia 09 (2026-07-24 → 2026-07-24) 37986 bytes
2026-07-15 09:36:22,138 [INFO] [OK] USA/GFS_ENSEMBLE_Corn_PRCP/daily dia 08 (2026-07-23 → 2026-07-23) 37639 bytes
2026-07-15 09:36:22,488 [INFO] [OK] USA/GFS_ENSEMBLE_Corn_PRCP/daily dia 11 (2026-07-26 → 2026-07-26) 36753 bytes
2026-07-15 09:36:22,582 [INFO] [OK] USA/GFS_ENSEMBLE_Corn_PRCP/daily dia 10 (2026-07-25 → 2026-07-25) 36935 bytes
2026-07-15 09:36:22,674 [INFO] [OK] USA/GFS_ENSEMBLE_Corn_PRCP/daily dia 12 (2026-07-27 → 2026-07-27) 36543 bytes
2026-07-15 09:36:23,406 [INFO] [OK] USA/GFS_ENSEMBLE_Corn_PRCP/daily dia 14 (2026-07-29 → 2026-07-29) 37216 bytes
2026-07-15 09:36:23,661 [INFO] [OK] USA/GFS_ENSEMBLE_Corn_PRCP/daily dia 13 (2026-07-28 → 2026-07-28) 36256 bytes
2026-07-15 09:36:23,716 [INFO] [OK] USA/GFS_ENSEMBLE_Corn_PRCP/cumulative dia 00 (2026-07-15 → 2026-07-15) 37681 bytes
2026-07-15 09:36:24,342 [INFO] [OK] USA/GFS_ENSEMBLE_Corn_PRCP/cumulative dia 01 (2026-07-15 → 2026-07-16) 40911 bytes
2026-07-15 09:36:24,443 [INFO] [OK] USA/GFS_ENSEMBLE_Corn_PRCP/cumulative dia 02 (2026-07-15 → 2026-07-17) 43407 bytes
2026-07-15 09:36:24,711 [INFO] [OK] USA/GFS_ENSEMBLE_Corn_PRCP/cumulative dia 03 (2026-07-15 → 2026-07-18) 45356 bytes
2026-07-15 09:36:25,735 [INFO] [OK] USA/GFS_ENSEMBLE_Corn_PRCP/cumulative dia 04 (2026-07-15 → 2026-07-19) 46647 bytes
2026-07-15 09:36:25,995 [INFO] [OK] USA/GFS_ENSEMBLE_Corn_PRCP/cumulative dia 05 (2026-07-15 → 2026-07-20) 48339 bytes
2026-07-15 09:36:25,996 [INFO] [OK] USA/GFS_ENSEMBLE_Corn_PRCP/cumulative dia 06 (2026-07-15 → 2026-07-21) 48770 bytes
2026-07-15 09:36:27,336 [INFO] [OK] USA/GFS_ENSEMBLE_Corn_PRCP/cumulative dia 09 (2026-07-15 → 2026-07-24) 50416 bytes
2026-07-15 09:36:27,518 [INFO] [OK] USA/GFS_ENSEMBLE_Corn_PRCP/cumulative dia 07 (2026-07-15 → 2026-07-22) 49545 bytes
2026-07-15 09:36:28,261 [INFO] [OK] USA/GFS_ENSEMBLE_Corn_PRCP/cumulative dia 08 (2026-07-15 → 2026-07-23) 49827 bytes
2026-07-15 09:36:28,551 [INFO] [OK] USA/GFS_ENSEMBLE_Corn_PRCP/cumulative dia 10 (2026-07-15 → 2026-07-25) 51121 bytes
2026-07-15 09:36:29,281 [INFO] [OK] USA/GFS_ENSEMBLE_Corn_PRCP/cumulative dia 11 (2026-07-15 → 2026-07-26) 51412 bytes
2026-07-15 09:36:29,702 [INFO] [OK] USA/GFS_ENSEMBLE_Corn_PRCP/cumulative dia 12 (2026-07-15 → 2026-07-27) 51909 bytes
2026-07-15 09:36:30,526 [INFO] [OK] USA/GFS_ENSEMBLE_Soy_PRCP_DEP/daily dia 01 (2026-07-16 → 2026-07-16) 53754 bytes
2026-07-15 09:36:30,527 [INFO] [OK] USA/GFS_ENSEMBLE_Soy_PRCP_DEP/daily dia 00 (2026-07-15 → 2026-07-15) 50577 bytes
2026-07-15 09:36:31,561 [INFO] [OK] USA/GFS_ENSEMBLE_Corn_PRCP/cumulative dia 14 (2026-07-15 → 2026-07-29) 52042 bytes
2026-07-15 09:36:31,681 [INFO] [OK] USA/GFS_ENSEMBLE_Soy_PRCP_DEP/daily dia 02 (2026-07-17 → 2026-07-17) 55069 bytes
2026-07-15 09:36:31,720 [INFO] [OK] USA/GFS_ENSEMBLE_Soy_PRCP_DEP/daily dia 03 (2026-07-18 → 2026-07-18) 54925 bytes
2026-07-15 09:36:31,731 [INFO] [OK] USA/GFS_ENSEMBLE_Corn_PRCP/cumulative dia 13 (2026-07-15 → 2026-07-28) 52214 bytes
2026-07-15 09:36:33,014 [INFO] [OK] USA/GFS_ENSEMBLE_Soy_PRCP_DEP/daily dia 05 (2026-07-20 → 2026-07-20) 53766 bytes
2026-07-15 09:36:33,096 [INFO] [OK] USA/GFS_ENSEMBLE_Soy_PRCP_DEP/daily dia 04 (2026-07-19 → 2026-07-19) 55443 bytes
2026-07-15 09:36:34,250 [INFO] [OK] USA/GFS_ENSEMBLE_Soy_PRCP_DEP/daily dia 08 (2026-07-23 → 2026-07-23) 57492 bytes
2026-07-15 09:36:34,295 [INFO] [OK] USA/GFS_ENSEMBLE_Soy_PRCP_DEP/daily dia 06 (2026-07-21 → 2026-07-21) 55877 bytes
2026-07-15 09:36:34,299 [INFO] [OK] USA/GFS_ENSEMBLE_Soy_PRCP_DEP/daily dia 09 (2026-07-24 → 2026-07-24) 58857 bytes
2026-07-15 09:36:34,300 [INFO] [OK] USA/GFS_ENSEMBLE_Soy_PRCP_DEP/daily dia 07 (2026-07-22 → 2026-07-22) 58516 bytes
2026-07-15 09:36:35,184 [INFO] [OK] USA/GFS_ENSEMBLE_Soy_PRCP_DEP/daily dia 10 (2026-07-25 → 2026-07-25) 61055 bytes
2026-07-15 09:36:35,202 [INFO] [OK] USA/GFS_ENSEMBLE_Soy_PRCP_DEP/daily dia 11 (2026-07-26 → 2026-07-26) 62212 bytes
2026-07-15 09:36:36,074 [INFO] [OK] USA/GFS_ENSEMBLE_Soy_PRCP_DEP/daily dia 12 (2026-07-27 → 2026-07-27) 61802 bytes
2026-07-15 09:36:36,231 [INFO] [OK] USA/GFS_ENSEMBLE_Soy_PRCP_DEP/daily dia 13 (2026-07-28 → 2026-07-28) 61811 bytes
2026-07-15 09:36:36,341 [INFO] [OK] USA/GFS_ENSEMBLE_Soy_PRCP_DEP/daily dia 14 (2026-07-29 → 2026-07-29) 63302 bytes
2026-07-15 09:36:36,496 [INFO] [OK] USA/GFS_ENSEMBLE_Soy_PRCP_DEP/cumulative dia 00 (2026-07-15 → 2026-07-15) 50577 bytes
2026-07-15 09:36:37,091 [INFO] [OK] USA/GFS_ENSEMBLE_Soy_PRCP_DEP/cumulative dia 01 (2026-07-15 → 2026-07-16) 54837 bytes
2026-07-15 09:36:37,092 [INFO] [OK] USA/GFS_ENSEMBLE_Soy_PRCP_DEP/cumulative dia 02 (2026-07-15 → 2026-07-17) 56831 bytes
2026-07-15 09:36:38,130 [INFO] [OK] USA/GFS_ENSEMBLE_Soy_PRCP_DEP/cumulative dia 03 (2026-07-15 → 2026-07-18) 59636 bytes
2026-07-15 09:36:38,266 [INFO] [OK] USA/GFS_ENSEMBLE_Soy_PRCP_DEP/cumulative dia 04 (2026-07-15 → 2026-07-19) 60490 bytes
2026-07-15 09:36:38,399 [INFO] [OK] USA/GFS_ENSEMBLE_Soy_PRCP_DEP/cumulative dia 05 (2026-07-15 → 2026-07-20) 60287 bytes
2026-07-15 09:36:38,765 [INFO] [OK] USA/GFS_ENSEMBLE_Soy_PRCP_DEP/cumulative dia 06 (2026-07-15 → 2026-07-21) 60213 bytes
2026-07-15 09:36:39,348 [INFO] [OK] USA/GFS_ENSEMBLE_Soy_PRCP_DEP/cumulative dia 07 (2026-07-15 → 2026-07-22) 60261 bytes
2026-07-15 09:36:39,496 [INFO] [OK] USA/GFS_ENSEMBLE_Soy_PRCP_DEP/cumulative dia 08 (2026-07-15 → 2026-07-23) 60233 bytes
2026-07-15 09:36:40,839 [INFO] [OK] USA/GFS_ENSEMBLE_Soy_PRCP_DEP/cumulative dia 09 (2026-07-15 → 2026-07-24) 59880 bytes
2026-07-15 09:36:41,020 [INFO] [OK] USA/GFS_ENSEMBLE_Soy_PRCP_DEP/cumulative dia 10 (2026-07-15 → 2026-07-25) 59982 bytes
2026-07-15 09:36:41,287 [INFO] [OK] USA/GFS_ENSEMBLE_Soy_PRCP_DEP/cumulative dia 11 (2026-07-15 → 2026-07-26) 59813 bytes
2026-07-15 09:36:42,004 [INFO] [OK] USA/GFS_ENSEMBLE_Soy_PRCP_DEP/cumulative dia 12 (2026-07-15 → 2026-07-27) 60123 bytes
2026-07-15 09:36:42,580 [INFO] [OK] USA/GFS_ENSEMBLE_Soy_PRCP_DEP/cumulative dia 14 (2026-07-15 → 2026-07-29) 60108 bytes
2026-07-15 09:36:42,594 [INFO] [OK] USA/GFS_ENSEMBLE_Soy_PRCP_DEP/cumulative dia 13 (2026-07-15 → 2026-07-28) 60002 bytes
2026-07-15 09:36:42,646 [INFO] [OK] USA/GFS_ENSEMBLE_Soy_PRCP/daily dia 01 (2026-07-16 → 2026-07-16) 37714 bytes
2026-07-15 09:36:42,735 [INFO] [OK] USA/GFS_ENSEMBLE_Soy_PRCP/daily dia 00 (2026-07-15 → 2026-07-15) 37247 bytes
2026-07-15 09:36:42,981 [INFO] [OK] USA/GFS_ENSEMBLE_Soy_PRCP/daily dia 02 (2026-07-17 → 2026-07-17) 37909 bytes
2026-07-15 09:36:43,928 [INFO] [OK] USA/GFS_ENSEMBLE_Soy_PRCP/daily dia 03 (2026-07-18 → 2026-07-18) 37044 bytes
2026-07-15 09:36:44,797 [INFO] [OK] USA/GFS_ENSEMBLE_Soy_PRCP/daily dia 06 (2026-07-21 → 2026-07-21) 36548 bytes
2026-07-15 09:36:44,842 [INFO] [OK] USA/GFS_ENSEMBLE_Soy_PRCP/daily dia 05 (2026-07-20 → 2026-07-20) 36453 bytes
2026-07-15 09:36:44,858 [INFO] [OK] USA/GFS_ENSEMBLE_Soy_PRCP/daily dia 07 (2026-07-22 → 2026-07-22) 37679 bytes
2026-07-15 09:36:45,529 [INFO] [OK] USA/GFS_ENSEMBLE_Soy_PRCP/daily dia 04 (2026-07-19 → 2026-07-19) 36158 bytes
2026-07-15 09:36:45,529 [INFO] [OK] USA/GFS_ENSEMBLE_Soy_PRCP/daily dia 09 (2026-07-24 → 2026-07-24) 37535 bytes
2026-07-15 09:36:45,536 [INFO] [OK] USA/GFS_ENSEMBLE_Soy_PRCP/daily dia 08 (2026-07-23 → 2026-07-23) 37120 bytes
2026-07-15 09:36:50,590 [INFO] [OK] USA/GFS_ENSEMBLE_Soy_PRCP/daily dia 14 (2026-07-29 → 2026-07-29) 36711 bytes
2026-07-15 09:36:52,158 [INFO] [OK] USA/GFS_ENSEMBLE_Soy_PRCP/daily dia 13 (2026-07-28 → 2026-07-28) 35820 bytes
2026-07-15 09:36:52,174 [INFO] [OK] USA/GFS_ENSEMBLE_Soy_PRCP/daily dia 10 (2026-07-25 → 2026-07-25) 36556 bytes
2026-07-15 09:36:52,176 [INFO] [OK] USA/GFS_ENSEMBLE_Soy_PRCP/daily dia 11 (2026-07-26 → 2026-07-26) 36316 bytes
2026-07-15 09:36:52,177 [INFO] [OK] USA/GFS_ENSEMBLE_Soy_PRCP/daily dia 12 (2026-07-27 → 2026-07-27) 36008 bytes
2026-07-15 09:36:52,358 [INFO] [OK] USA/GFS_ENSEMBLE_Soy_PRCP/cumulative dia 00 (2026-07-15 → 2026-07-15) 37247 bytes
2026-07-15 09:36:53,093 [INFO] [OK] USA/GFS_ENSEMBLE_Soy_PRCP/cumulative dia 01 (2026-07-15 → 2026-07-16) 40531 bytes
2026-07-15 09:36:54,669 [INFO] [OK] USA/GFS_ENSEMBLE_Soy_PRCP/cumulative dia 02 (2026-07-15 → 2026-07-17) 43065 bytes
2026-07-15 09:36:54,866 [INFO] [OK] USA/GFS_ENSEMBLE_Soy_PRCP/cumulative dia 03 (2026-07-15 → 2026-07-18) 44965 bytes
2026-07-15 09:36:55,062 [INFO] [OK] USA/GFS_ENSEMBLE_Soy_PRCP/cumulative dia 04 (2026-07-15 → 2026-07-19) 46196 bytes
2026-07-15 09:36:55,321 [INFO] [OK] USA/GFS_ENSEMBLE_Soy_PRCP/cumulative dia 05 (2026-07-15 → 2026-07-20) 47763 bytes
2026-07-15 09:36:55,399 [INFO] [OK] USA/GFS_ENSEMBLE_Soy_PRCP/cumulative dia 06 (2026-07-15 → 2026-07-21) 48332 bytes
2026-07-15 09:36:56,176 [INFO] [OK] USA/GFS_ENSEMBLE_Soy_PRCP/cumulative dia 07 (2026-07-15 → 2026-07-22) 49071 bytes
2026-07-15 09:36:58,467 [INFO] [OK] USA/GFS_ENSEMBLE_Soy_PRCP/cumulative dia 08 (2026-07-15 → 2026-07-23) 49390 bytes
2026-07-15 09:36:58,827 [INFO] [OK] USA/GFS_ENSEMBLE_Soy_PRCP/cumulative dia 09 (2026-07-15 → 2026-07-24) 49989 bytes
2026-07-15 09:36:59,179 [INFO] [OK] USA/GFS_ENSEMBLE_Soy_PRCP/cumulative dia 10 (2026-07-15 → 2026-07-25) 50836 bytes
2026-07-15 09:36:59,409 [INFO] [OK] USA/GFS_ENSEMBLE_Soy_PRCP/cumulative dia 11 (2026-07-15 → 2026-07-26) 51199 bytes
2026-07-15 09:36:59,521 [INFO] [OK] USA/GFS_ENSEMBLE_Soy_PRCP/cumulative dia 12 (2026-07-15 → 2026-07-27) 51595 bytes
2026-07-15 09:37:00,160 [INFO] [OK] USA/GFS_ENSEMBLE_Soy_PRCP/cumulative dia 13 (2026-07-15 → 2026-07-28) 51897 bytes
2026-07-15 09:37:01,074 [INFO] [OK] USA/GFS_ENSEMBLE_Wheat_Winter_PRCP_DEP/daily dia 00 (2026-07-15 → 2026-07-15) 52505 bytes
2026-07-15 09:37:01,217 [INFO] [OK] USA/GFS_ENSEMBLE_Wheat_Winter_PRCP_DEP/daily dia 01 (2026-07-16 → 2026-07-16) 55413 bytes
2026-07-15 09:37:01,269 [INFO] [OK] USA/GFS_ENSEMBLE_Wheat_Winter_PRCP_DEP/daily dia 03 (2026-07-18 → 2026-07-18) 56579 bytes
2026-07-15 09:37:01,362 [INFO] [OK] USA/GFS_ENSEMBLE_Wheat_Winter_PRCP_DEP/daily dia 02 (2026-07-17 → 2026-07-17) 56685 bytes
2026-07-15 09:37:01,798 [INFO] [OK] USA/GFS_ENSEMBLE_Soy_PRCP/cumulative dia 14 (2026-07-15 → 2026-07-29) 51687 bytes
2026-07-15 09:37:02,121 [INFO] [OK] USA/GFS_ENSEMBLE_Wheat_Winter_PRCP_DEP/daily dia 04 (2026-07-19 → 2026-07-19) 57004 bytes
2026-07-15 09:37:02,984 [INFO] [OK] USA/GFS_ENSEMBLE_Wheat_Winter_PRCP_DEP/daily dia 05 (2026-07-20 → 2026-07-20) 55137 bytes
2026-07-15 09:37:03,209 [INFO] [OK] USA/GFS_ENSEMBLE_Wheat_Winter_PRCP_DEP/daily dia 06 (2026-07-21 → 2026-07-21) 57667 bytes
2026-07-15 09:37:03,222 [INFO] [OK] USA/GFS_ENSEMBLE_Wheat_Winter_PRCP_DEP/daily dia 07 (2026-07-22 → 2026-07-22) 60159 bytes
2026-07-15 09:37:03,226 [INFO] [OK] USA/GFS_ENSEMBLE_Wheat_Winter_PRCP_DEP/daily dia 08 (2026-07-23 → 2026-07-23) 58837 bytes
2026-07-15 09:37:03,610 [INFO] [OK] USA/GFS_ENSEMBLE_Wheat_Winter_PRCP_DEP/daily dia 09 (2026-07-24 → 2026-07-24) 60433 bytes
2026-07-15 09:37:04,029 [INFO] [OK] USA/GFS_ENSEMBLE_Wheat_Winter_PRCP_DEP/daily dia 10 (2026-07-25 → 2026-07-25) 62916 bytes
2026-07-15 09:37:04,937 [INFO] [OK] USA/GFS_ENSEMBLE_Wheat_Winter_PRCP_DEP/daily dia 11 (2026-07-26 → 2026-07-26) 63875 bytes
2026-07-15 09:37:05,148 [INFO] [OK] USA/GFS_ENSEMBLE_Wheat_Winter_PRCP_DEP/daily dia 13 (2026-07-28 → 2026-07-28) 63521 bytes
2026-07-15 09:37:05,448 [INFO] [OK] USA/GFS_ENSEMBLE_Wheat_Winter_PRCP_DEP/daily dia 12 (2026-07-27 → 2026-07-27) 63441 bytes
2026-07-15 09:37:05,450 [INFO] [OK] USA/GFS_ENSEMBLE_Wheat_Winter_PRCP_DEP/cumulative dia 00 (2026-07-15 → 2026-07-15) 52505 bytes
2026-07-15 09:37:05,645 [INFO] [OK] USA/GFS_ENSEMBLE_Wheat_Winter_PRCP_DEP/daily dia 14 (2026-07-29 → 2026-07-29) 64906 bytes
2026-07-15 09:37:05,903 [INFO] [OK] USA/GFS_ENSEMBLE_Wheat_Winter_PRCP_DEP/cumulative dia 01 (2026-07-15 → 2026-07-16) 56569 bytes
2026-07-15 09:37:07,450 [INFO] [OK] USA/GFS_ENSEMBLE_Wheat_Winter_PRCP_DEP/cumulative dia 03 (2026-07-15 → 2026-07-18) 61144 bytes
2026-07-15 09:37:07,527 [INFO] [OK] USA/GFS_ENSEMBLE_Wheat_Winter_PRCP_DEP/cumulative dia 02 (2026-07-15 → 2026-07-17) 58606 bytes
2026-07-15 09:37:08,607 [INFO] [OK] USA/GFS_ENSEMBLE_Wheat_Winter_PRCP_DEP/cumulative dia 05 (2026-07-15 → 2026-07-20) 61889 bytes
2026-07-15 09:37:08,639 [INFO] [OK] USA/GFS_ENSEMBLE_Wheat_Winter_PRCP_DEP/cumulative dia 06 (2026-07-15 → 2026-07-21) 61712 bytes
2026-07-15 09:37:08,642 [INFO] [OK] USA/GFS_ENSEMBLE_Wheat_Winter_PRCP_DEP/cumulative dia 04 (2026-07-15 → 2026-07-19) 62130 bytes
2026-07-15 09:37:08,940 [INFO] [OK] USA/GFS_ENSEMBLE_Wheat_Winter_PRCP_DEP/cumulative dia 07 (2026-07-15 → 2026-07-22) 61677 bytes
2026-07-15 09:37:10,313 [INFO] [OK] USA/GFS_ENSEMBLE_Wheat_Winter_PRCP_DEP/cumulative dia 08 (2026-07-15 → 2026-07-23) 61802 bytes
2026-07-15 09:37:10,684 [INFO] [OK] USA/GFS_ENSEMBLE_Wheat_Winter_PRCP_DEP/cumulative dia 09 (2026-07-15 → 2026-07-24) 61259 bytes
2026-07-15 09:37:12,541 [INFO] [OK] USA/GFS_ENSEMBLE_Wheat_Winter_PRCP/daily dia 00 (2026-07-15 → 2026-07-15) 38874 bytes
2026-07-15 09:37:12,585 [INFO] [OK] USA/GFS_ENSEMBLE_Wheat_Winter_PRCP_DEP/cumulative dia 10 (2026-07-15 → 2026-07-25) 61328 bytes
2026-07-15 09:37:12,893 [INFO] [OK] USA/GFS_ENSEMBLE_Wheat_Winter_PRCP_DEP/cumulative dia 11 (2026-07-15 → 2026-07-26) 61181 bytes
2026-07-15 09:37:13,149 [INFO] [OK] USA/GFS_ENSEMBLE_Wheat_Winter_PRCP_DEP/cumulative dia 12 (2026-07-15 → 2026-07-27) 61486 bytes
2026-07-15 09:37:13,227 [INFO] [OK] USA/GFS_ENSEMBLE_Wheat_Winter_PRCP_DEP/cumulative dia 13 (2026-07-15 → 2026-07-28) 61595 bytes
2026-07-15 09:37:14,436 [INFO] [OK] USA/GFS_ENSEMBLE_Wheat_Winter_PRCP_DEP/cumulative dia 14 (2026-07-15 → 2026-07-29) 61305 bytes
2026-07-15 09:37:14,533 [INFO] [OK] USA/GFS_ENSEMBLE_Wheat_Winter_PRCP/daily dia 02 (2026-07-17 → 2026-07-17) 39443 bytes
2026-07-15 09:37:14,536 [INFO] [OK] USA/GFS_ENSEMBLE_Wheat_Winter_PRCP/daily dia 01 (2026-07-16 → 2026-07-16) 39416 bytes
2026-07-15 09:37:14,537 [INFO] [OK] USA/GFS_ENSEMBLE_Wheat_Winter_PRCP/daily dia 03 (2026-07-18 → 2026-07-18) 38668 bytes
2026-07-15 09:37:14,706 [INFO] [OK] USA/GFS_ENSEMBLE_Wheat_Winter_PRCP/daily dia 04 (2026-07-19 → 2026-07-19) 37777 bytes
2026-07-15 09:37:14,850 [INFO] [OK] USA/GFS_ENSEMBLE_Wheat_Winter_PRCP/daily dia 05 (2026-07-20 → 2026-07-20) 37970 bytes
2026-07-15 09:37:16,266 [INFO] [OK] USA/GFS_ENSEMBLE_Wheat_Winter_PRCP/daily dia 08 (2026-07-23 → 2026-07-23) 38488 bytes
2026-07-15 09:37:16,282 [INFO] [OK] USA/GFS_ENSEMBLE_Wheat_Winter_PRCP/daily dia 09 (2026-07-24 → 2026-07-24) 38906 bytes
2026-07-15 09:37:16,289 [INFO] [OK] USA/GFS_ENSEMBLE_Wheat_Winter_PRCP/daily dia 07 (2026-07-22 → 2026-07-22) 39189 bytes
2026-07-15 09:37:16,382 [INFO] [OK] USA/GFS_ENSEMBLE_Wheat_Winter_PRCP/daily dia 10 (2026-07-25 → 2026-07-25) 38163 bytes
2026-07-15 09:37:16,460 [INFO] [OK] USA/GFS_ENSEMBLE_Wheat_Winter_PRCP/daily dia 11 (2026-07-26 → 2026-07-26) 37854 bytes
2026-07-15 09:37:16,529 [INFO] [OK] USA/GFS_ENSEMBLE_Wheat_Winter_PRCP/daily dia 06 (2026-07-21 → 2026-07-21) 37985 bytes
2026-07-15 09:37:17,847 [INFO] [OK] USA/GFS_ENSEMBLE_Wheat_Winter_PRCP/daily dia 12 (2026-07-27 → 2026-07-27) 37627 bytes
2026-07-15 09:37:19,404 [INFO] [OK] USA/GFS_ENSEMBLE_Wheat_Winter_PRCP/daily dia 13 (2026-07-28 → 2026-07-28) 37431 bytes
2026-07-15 09:37:19,421 [INFO] [OK] USA/GFS_ENSEMBLE_Wheat_Winter_PRCP/daily dia 14 (2026-07-29 → 2026-07-29) 38312 bytes
2026-07-15 09:37:19,467 [INFO] [OK] USA/GFS_ENSEMBLE_Wheat_Winter_PRCP/cumulative dia 01 (2026-07-15 → 2026-07-16) 42211 bytes
2026-07-15 09:37:19,469 [INFO] [OK] USA/GFS_ENSEMBLE_Wheat_Winter_PRCP/cumulative dia 02 (2026-07-15 → 2026-07-17) 44780 bytes
2026-07-15 09:37:19,501 [INFO] [OK] USA/GFS_ENSEMBLE_Wheat_Winter_PRCP/cumulative dia 00 (2026-07-15 → 2026-07-15) 38874 bytes
2026-07-15 09:37:19,672 [INFO] [OK] USA/GFS_ENSEMBLE_Wheat_Winter_PRCP/cumulative dia 03 (2026-07-15 → 2026-07-18) 46651 bytes
2026-07-15 09:37:21,658 [INFO] [OK] USA/GFS_ENSEMBLE_Wheat_Winter_PRCP/cumulative dia 04 (2026-07-15 → 2026-07-19) 47991 bytes
2026-07-15 09:37:21,807 [INFO] [OK] USA/GFS_ENSEMBLE_Wheat_Winter_PRCP/cumulative dia 05 (2026-07-15 → 2026-07-20) 49391 bytes
2026-07-15 09:37:22,182 [INFO] [OK] USA/GFS_ENSEMBLE_Wheat_Winter_PRCP/cumulative dia 06 (2026-07-15 → 2026-07-21) 49894 bytes
2026-07-15 09:37:22,183 [INFO] [OK] USA/GFS_ENSEMBLE_Wheat_Winter_PRCP/cumulative dia 07 (2026-07-15 → 2026-07-22) 50639 bytes
2026-07-15 09:37:22,183 [INFO] [OK] USA/GFS_ENSEMBLE_Wheat_Winter_PRCP/cumulative dia 08 (2026-07-15 → 2026-07-23) 51002 bytes
2026-07-15 09:37:22,344 [INFO] [OK] USA/GFS_ENSEMBLE_Wheat_Winter_PRCP/cumulative dia 09 (2026-07-15 → 2026-07-24) 51402 bytes
2026-07-15 09:37:24,553 [INFO] [OK] USA/GFS_ENSEMBLE_Wheat_Spring_PRCP_DEP/daily dia 00 (2026-07-15 → 2026-07-15) 49397 bytes
2026-07-15 09:37:24,554 [INFO] [OK] USA/GFS_ENSEMBLE_Wheat_Winter_PRCP/cumulative dia 10 (2026-07-15 → 2026-07-25) 52430 bytes
2026-07-15 09:37:24,784 [INFO] [OK] USA/GFS_ENSEMBLE_Wheat_Winter_PRCP/cumulative dia 11 (2026-07-15 → 2026-07-26) 53025 bytes
2026-07-15 09:37:25,109 [INFO] [OK] USA/GFS_ENSEMBLE_Wheat_Winter_PRCP/cumulative dia 12 (2026-07-15 → 2026-07-27) 53352 bytes
2026-07-15 09:37:25,116 [INFO] [OK] USA/GFS_ENSEMBLE_Wheat_Winter_PRCP/cumulative dia 13 (2026-07-15 → 2026-07-28) 53544 bytes
2026-07-15 09:37:25,382 [INFO] [OK] USA/GFS_ENSEMBLE_Wheat_Winter_PRCP/cumulative dia 14 (2026-07-15 → 2026-07-29) 53504 bytes
2026-07-15 09:37:26,421 [INFO] [OK] USA/GFS_ENSEMBLE_Wheat_Spring_PRCP_DEP/daily dia 01 (2026-07-16 → 2026-07-16) 52506 bytes
2026-07-15 09:37:26,592 [INFO] [OK] USA/GFS_ENSEMBLE_Wheat_Spring_PRCP_DEP/daily dia 02 (2026-07-17 → 2026-07-17) 53828 bytes
2026-07-15 09:37:28,522 [INFO] [OK] USA/GFS_ENSEMBLE_Wheat_Spring_PRCP_DEP/daily dia 05 (2026-07-20 → 2026-07-20) 51865 bytes
2026-07-15 09:37:28,524 [INFO] [OK] USA/GFS_ENSEMBLE_Wheat_Spring_PRCP_DEP/daily dia 08 (2026-07-23 → 2026-07-23) 55487 bytes
2026-07-15 09:37:28,525 [INFO] [OK] USA/GFS_ENSEMBLE_Wheat_Spring_PRCP_DEP/daily dia 03 (2026-07-18 → 2026-07-18) 53203 bytes
2026-07-15 09:37:28,847 [INFO] [OK] USA/GFS_ENSEMBLE_Wheat_Spring_PRCP_DEP/daily dia 06 (2026-07-21 → 2026-07-21) 54169 bytes
2026-07-15 09:37:28,852 [INFO] [OK] USA/GFS_ENSEMBLE_Wheat_Spring_PRCP_DEP/daily dia 04 (2026-07-19 → 2026-07-19) 53931 bytes
2026-07-15 09:37:28,912 [INFO] [OK] USA/GFS_ENSEMBLE_Wheat_Spring_PRCP_DEP/daily dia 07 (2026-07-22 → 2026-07-22) 56673 bytes
2026-07-15 09:37:31,355 [INFO] [OK] USA/GFS_ENSEMBLE_Wheat_Spring_PRCP_DEP/daily dia 09 (2026-07-24 → 2026-07-24) 56867 bytes
2026-07-15 09:37:31,387 [INFO] [OK] USA/GFS_ENSEMBLE_Wheat_Spring_PRCP_DEP/daily dia 10 (2026-07-25 → 2026-07-25) 59320 bytes
2026-07-15 09:37:31,388 [INFO] [OK] USA/GFS_ENSEMBLE_Wheat_Spring_PRCP_DEP/daily dia 14 (2026-07-29 → 2026-07-29) 61560 bytes
2026-07-15 09:37:31,500 [INFO] [OK] USA/GFS_ENSEMBLE_Wheat_Spring_PRCP_DEP/daily dia 12 (2026-07-27 → 2026-07-27) 60405 bytes
2026-07-15 09:37:31,501 [INFO] [OK] USA/GFS_ENSEMBLE_Wheat_Spring_PRCP_DEP/daily dia 13 (2026-07-28 → 2026-07-28) 60290 bytes
2026-07-15 09:37:31,505 [INFO] [OK] USA/GFS_ENSEMBLE_Wheat_Spring_PRCP_DEP/daily dia 11 (2026-07-26 → 2026-07-26) 60607 bytes
2026-07-15 09:37:33,217 [INFO] [OK] USA/GFS_ENSEMBLE_Wheat_Spring_PRCP_DEP/cumulative dia 00 (2026-07-15 → 2026-07-15) 49397 bytes
2026-07-15 09:37:33,668 [INFO] [OK] USA/GFS_ENSEMBLE_Wheat_Spring_PRCP_DEP/cumulative dia 01 (2026-07-15 → 2026-07-16) 53683 bytes
2026-07-15 09:37:33,702 [INFO] [OK] USA/GFS_ENSEMBLE_Wheat_Spring_PRCP_DEP/cumulative dia 02 (2026-07-15 → 2026-07-17) 55265 bytes
2026-07-15 09:37:34,075 [INFO] [OK] USA/GFS_ENSEMBLE_Wheat_Spring_PRCP_DEP/cumulative dia 03 (2026-07-15 → 2026-07-18) 58292 bytes
2026-07-15 09:37:35,155 [INFO] [OK] USA/GFS_ENSEMBLE_Wheat_Spring_PRCP_DEP/cumulative dia 04 (2026-07-15 → 2026-07-19) 59117 bytes
2026-07-15 09:37:35,169 [INFO] [OK] USA/GFS_ENSEMBLE_Wheat_Spring_PRCP_DEP/cumulative dia 05 (2026-07-15 → 2026-07-20) 58880 bytes
2026-07-15 09:37:35,484 [INFO] [OK] USA/GFS_ENSEMBLE_Wheat_Spring_PRCP_DEP/cumulative dia 06 (2026-07-15 → 2026-07-21) 58798 bytes
2026-07-15 09:37:35,992 [INFO] [OK] USA/GFS_ENSEMBLE_Wheat_Spring_PRCP_DEP/cumulative dia 07 (2026-07-15 → 2026-07-22) 58967 bytes
2026-07-15 09:37:36,123 [INFO] [OK] USA/GFS_ENSEMBLE_Wheat_Spring_PRCP_DEP/cumulative dia 08 (2026-07-15 → 2026-07-23) 58819 bytes
2026-07-15 09:37:38,059 [INFO] [OK] USA/GFS_ENSEMBLE_Wheat_Spring_PRCP_DEP/cumulative dia 09 (2026-07-15 → 2026-07-24) 58266 bytes
2026-07-15 09:37:38,223 [INFO] [OK] USA/GFS_ENSEMBLE_Wheat_Spring_PRCP_DEP/cumulative dia 11 (2026-07-15 → 2026-07-26) 58217 bytes
2026-07-15 09:37:38,245 [INFO] [OK] USA/GFS_ENSEMBLE_Wheat_Spring_PRCP_DEP/cumulative dia 10 (2026-07-15 → 2026-07-25) 58388 bytes
2026-07-15 09:37:38,338 [INFO] [OK] USA/GFS_ENSEMBLE_Wheat_Spring_PRCP_DEP/cumulative dia 12 (2026-07-15 → 2026-07-27) 58534 bytes
2026-07-15 09:37:38,874 [INFO] [OK] USA/GFS_ENSEMBLE_Wheat_Spring_PRCP_DEP/cumulative dia 13 (2026-07-15 → 2026-07-28) 58552 bytes
2026-07-15 09:37:39,334 [INFO] [OK] USA/GFS_ENSEMBLE_Wheat_Spring_PRCP_DEP/cumulative dia 14 (2026-07-15 → 2026-07-29) 58534 bytes
2026-07-15 09:37:39,640 [INFO] [OK] USA/GFS_ENSEMBLE_Wheat_Spring_PRCP/daily dia 00 (2026-07-15 → 2026-07-15) 35598 bytes
2026-07-15 09:37:39,786 [INFO] [OK] USA/GFS_ENSEMBLE_Wheat_Spring_PRCP/daily dia 01 (2026-07-16 → 2026-07-16) 36156 bytes
2026-07-15 09:37:40,349 [INFO] [OK] USA/GFS_ENSEMBLE_Wheat_Spring_PRCP/daily dia 03 (2026-07-18 → 2026-07-18) 35378 bytes
2026-07-15 09:37:40,352 [INFO] [OK] USA/GFS_ENSEMBLE_Wheat_Spring_PRCP/daily dia 02 (2026-07-17 → 2026-07-17) 36419 bytes
2026-07-15 09:37:40,381 [INFO] [OK] USA/GFS_ENSEMBLE_Wheat_Spring_PRCP/daily dia 04 (2026-07-19 → 2026-07-19) 34762 bytes
2026-07-15 09:37:41,062 [INFO] [OK] USA/GFS_ENSEMBLE_Wheat_Spring_PRCP/daily dia 05 (2026-07-20 → 2026-07-20) 34927 bytes
2026-07-15 09:37:41,518 [INFO] [OK] USA/GFS_ENSEMBLE_Wheat_Spring_PRCP/daily dia 06 (2026-07-21 → 2026-07-21) 35024 bytes
2026-07-15 09:37:41,525 [INFO] [OK] USA/GFS_ENSEMBLE_Wheat_Spring_PRCP/daily dia 07 (2026-07-22 → 2026-07-22) 36251 bytes
2026-07-15 09:37:41,881 [INFO] [OK] USA/GFS_ENSEMBLE_Wheat_Spring_PRCP/daily dia 08 (2026-07-23 → 2026-07-23) 35797 bytes
2026-07-15 09:37:41,890 [INFO] [OK] USA/GFS_ENSEMBLE_Wheat_Spring_PRCP/daily dia 10 (2026-07-25 → 2026-07-25) 35140 bytes
2026-07-15 09:37:42,058 [INFO] [OK] USA/GFS_ENSEMBLE_Wheat_Spring_PRCP/daily dia 09 (2026-07-24 → 2026-07-24) 36061 bytes
2026-07-15 09:37:42,607 [INFO] [OK] USA/GFS_ENSEMBLE_Wheat_Spring_PRCP/daily dia 11 (2026-07-26 → 2026-07-26) 34686 bytes
2026-07-15 09:37:43,243 [INFO] [OK] USA/GFS_ENSEMBLE_Wheat_Spring_PRCP/daily dia 12 (2026-07-27 → 2026-07-27) 34371 bytes
2026-07-15 09:37:43,251 [INFO] [OK] USA/GFS_ENSEMBLE_Wheat_Spring_PRCP/daily dia 13 (2026-07-28 → 2026-07-28) 34354 bytes
2026-07-15 09:37:43,553 [INFO] [OK] USA/GFS_ENSEMBLE_Wheat_Spring_PRCP/daily dia 14 (2026-07-29 → 2026-07-29) 35073 bytes
2026-07-15 09:37:43,752 [INFO] [OK] USA/GFS_ENSEMBLE_Wheat_Spring_PRCP/cumulative dia 00 (2026-07-15 → 2026-07-15) 35598 bytes
2026-07-15 09:37:43,965 [INFO] [OK] USA/GFS_ENSEMBLE_Wheat_Spring_PRCP/cumulative dia 01 (2026-07-15 → 2026-07-16) 38867 bytes
2026-07-15 09:37:44,238 [INFO] [OK] USA/GFS_ENSEMBLE_Wheat_Spring_PRCP/cumulative dia 02 (2026-07-15 → 2026-07-17) 41393 bytes
2026-07-15 09:37:45,179 [INFO] [OK] USA/GFS_ENSEMBLE_Wheat_Spring_PRCP/cumulative dia 03 (2026-07-15 → 2026-07-18) 42957 bytes
2026-07-15 09:37:46,248 [INFO] [OK] USA/GFS_ENSEMBLE_Wheat_Spring_PRCP/cumulative dia 05 (2026-07-15 → 2026-07-20) 45511 bytes
2026-07-15 09:37:46,293 [INFO] [OK] USA/GFS_ENSEMBLE_Wheat_Spring_PRCP/cumulative dia 04 (2026-07-15 → 2026-07-19) 44141 bytes
2026-07-15 09:37:46,294 [INFO] [OK] USA/GFS_ENSEMBLE_Wheat_Spring_PRCP/cumulative dia 06 (2026-07-15 → 2026-07-21) 46025 bytes
2026-07-15 09:37:46,327 [INFO] [OK] USA/GFS_ENSEMBLE_Wheat_Spring_PRCP/cumulative dia 07 (2026-07-15 → 2026-07-22) 46910 bytes
2026-07-15 09:37:46,599 [INFO] [OK] USA/GFS_ENSEMBLE_Wheat_Spring_PRCP/cumulative dia 08 (2026-07-15 → 2026-07-23) 47214 bytes
2026-07-15 09:37:47,828 [INFO] [OK] USA/GFS_ENSEMBLE_Wheat_Spring_PRCP/cumulative dia 09 (2026-07-15 → 2026-07-24) 47452 bytes
2026-07-15 09:37:49,226 [INFO] [OK] USA/GFS_ENSEMBLE_Wheat_Spring_PRCP/cumulative dia 10 (2026-07-15 → 2026-07-25) 48368 bytes
2026-07-15 09:37:49,368 [INFO] [OK] USA/GFS_ENSEMBLE_Wheat_Spring_PRCP/cumulative dia 11 (2026-07-15 → 2026-07-26) 48864 bytes
2026-07-15 09:37:49,531 [INFO] [OK] USA/GFS_ENSEMBLE_Wheat_Spring_PRCP/cumulative dia 12 (2026-07-15 → 2026-07-27) 49075 bytes
2026-07-15 09:37:49,562 [INFO] [OK] USA/GFS_ENSEMBLE_Wheat_Spring_PRCP/cumulative dia 14 (2026-07-15 → 2026-07-29) 49181 bytes
2026-07-15 09:37:49,576 [INFO] [OK] USA/GFS_ENSEMBLE_Wheat_Spring_PRCP/cumulative dia 13 (2026-07-15 → 2026-07-28) 49454 bytes
2026-07-15 09:37:50,069 [INFO] [OK] USA/ECM_ENSEMBLE_Corn_PRCP_DEP/daily dia 00 (2026-07-15 → 2026-07-15) 52330 bytes
2026-07-15 09:37:52,218 [INFO] [OK] USA/ECM_ENSEMBLE_Corn_PRCP_DEP/daily dia 01 (2026-07-16 → 2026-07-16) 54199 bytes
2026-07-15 09:37:52,219 [INFO] [OK] USA/ECM_ENSEMBLE_Corn_PRCP_DEP/daily dia 05 (2026-07-20 → 2026-07-20) 55047 bytes
2026-07-15 09:37:52,228 [INFO] [OK] USA/ECM_ENSEMBLE_Corn_PRCP_DEP/daily dia 04 (2026-07-19 → 2026-07-19) 54799 bytes
2026-07-15 09:37:52,241 [INFO] [OK] USA/ECM_ENSEMBLE_Corn_PRCP_DEP/daily dia 02 (2026-07-17 → 2026-07-17) 55496 bytes
2026-07-15 09:37:52,309 [INFO] [OK] USA/ECM_ENSEMBLE_Corn_PRCP_DEP/daily dia 03 (2026-07-18 → 2026-07-18) 55029 bytes
2026-07-15 09:37:52,315 [INFO] [OK] USA/ECM_ENSEMBLE_Corn_PRCP_DEP/daily dia 06 (2026-07-21 → 2026-07-21) 56823 bytes
2026-07-15 09:37:54,490 [INFO] [OK] USA/ECM_ENSEMBLE_Corn_PRCP_DEP/daily dia 09 (2026-07-24 → 2026-07-24) 59365 bytes
2026-07-15 09:37:54,490 [INFO] [OK] USA/ECM_ENSEMBLE_Corn_PRCP_DEP/daily dia 10 (2026-07-25 → 2026-07-25) 60163 bytes
2026-07-15 09:37:54,532 [INFO] [OK] USA/ECM_ENSEMBLE_Corn_PRCP_DEP/daily dia 11 (2026-07-26 → 2026-07-26) 60091 bytes
2026-07-15 09:37:54,549 [INFO] [OK] USA/ECM_ENSEMBLE_Corn_PRCP_DEP/daily dia 07 (2026-07-22 → 2026-07-22) 58264 bytes
2026-07-15 09:37:54,553 [INFO] [OK] USA/ECM_ENSEMBLE_Corn_PRCP_DEP/daily dia 08 (2026-07-23 → 2026-07-23) 60013 bytes
2026-07-15 09:37:54,561 [INFO] [OK] USA/ECM_ENSEMBLE_Corn_PRCP_DEP/daily dia 12 (2026-07-27 → 2026-07-27) 58850 bytes
2026-07-15 09:37:56,293 [INFO] [OK] USA/ECM_ENSEMBLE_Corn_PRCP_DEP/cumulative dia 00 (2026-07-15 → 2026-07-15) 52330 bytes
2026-07-15 09:37:56,621 [INFO] [OK] USA/ECM_ENSEMBLE_Corn_PRCP_DEP/daily dia 14 (2026-07-29 → 2026-07-29) 60340 bytes
2026-07-15 09:37:56,701 [INFO] [OK] USA/ECM_ENSEMBLE_Corn_PRCP_DEP/daily dia 13 (2026-07-28 → 2026-07-28) 59234 bytes
2026-07-15 09:37:56,905 [INFO] [OK] USA/ECM_ENSEMBLE_Corn_PRCP_DEP/cumulative dia 02 (2026-07-15 → 2026-07-17) 57107 bytes
2026-07-15 09:37:57,052 [INFO] [OK] USA/ECM_ENSEMBLE_Corn_PRCP_DEP/cumulative dia 01 (2026-07-15 → 2026-07-16) 55281 bytes
2026-07-15 09:37:57,084 [INFO] [OK] USA/ECM_ENSEMBLE_Corn_PRCP_DEP/cumulative dia 03 (2026-07-15 → 2026-07-18) 59622 bytes
2026-07-15 09:38:00,321 [INFO] [OK] USA/ECM_ENSEMBLE_Corn_PRCP_DEP/cumulative dia 04 (2026-07-15 → 2026-07-19) 59275 bytes
2026-07-15 09:38:00,348 [INFO] [OK] USA/ECM_ENSEMBLE_Corn_PRCP_DEP/cumulative dia 06 (2026-07-15 → 2026-07-21) 60028 bytes
2026-07-15 09:38:00,349 [INFO] [OK] USA/ECM_ENSEMBLE_Corn_PRCP_DEP/cumulative dia 05 (2026-07-15 → 2026-07-20) 59774 bytes
2026-07-15 09:38:01,263 [INFO] [OK] USA/ECM_ENSEMBLE_Corn_PRCP_DEP/cumulative dia 09 (2026-07-15 → 2026-07-24) 59865 bytes
2026-07-15 09:38:01,300 [INFO] [OK] USA/ECM_ENSEMBLE_Corn_PRCP_DEP/cumulative dia 08 (2026-07-15 → 2026-07-23) 60100 bytes
2026-07-15 09:38:01,305 [INFO] [OK] USA/ECM_ENSEMBLE_Corn_PRCP_DEP/cumulative dia 07 (2026-07-15 → 2026-07-22) 60292 bytes
2026-07-15 09:38:03,022 [INFO] [OK] USA/ECM_ENSEMBLE_Corn_PRCP/daily dia 00 (2026-07-15 → 2026-07-15) 37965 bytes
2026-07-15 09:38:04,299 [INFO] [OK] USA/ECM_ENSEMBLE_Corn_PRCP_DEP/cumulative dia 11 (2026-07-15 → 2026-07-26) 60262 bytes
2026-07-15 09:38:04,549 [INFO] [OK] USA/ECM_ENSEMBLE_Corn_PRCP_DEP/cumulative dia 13 (2026-07-15 → 2026-07-28) 60231 bytes
2026-07-15 09:38:04,550 [INFO] [OK] USA/ECM_ENSEMBLE_Corn_PRCP_DEP/cumulative dia 10 (2026-07-15 → 2026-07-25) 59747 bytes
2026-07-15 09:38:04,588 [INFO] [OK] USA/ECM_ENSEMBLE_Corn_PRCP_DEP/cumulative dia 12 (2026-07-15 → 2026-07-27) 60289 bytes
2026-07-15 09:38:04,688 [INFO] [OK] USA/ECM_ENSEMBLE_Corn_PRCP_DEP/cumulative dia 14 (2026-07-15 → 2026-07-29) 59954 bytes
2026-07-15 09:38:04,844 [INFO] [OK] USA/ECM_ENSEMBLE_Corn_PRCP/daily dia 01 (2026-07-16 → 2026-07-16) 37699 bytes
2026-07-15 09:38:05,901 [INFO] [OK] USA/ECM_ENSEMBLE_Corn_PRCP/daily dia 02 (2026-07-17 → 2026-07-17) 37748 bytes
2026-07-15 09:38:06,122 [INFO] [OK] USA/ECM_ENSEMBLE_Corn_PRCP/daily dia 04 (2026-07-19 → 2026-07-19) 37346 bytes
2026-07-15 09:38:06,201 [INFO] [OK] USA/ECM_ENSEMBLE_Corn_PRCP/daily dia 03 (2026-07-18 → 2026-07-18) 38811 bytes
2026-07-15 09:38:07,200 [INFO] [OK] USA/ECM_ENSEMBLE_Corn_PRCP/daily dia 05 (2026-07-20 → 2026-07-20) 36220 bytes
2026-07-15 09:38:07,209 [INFO] [OK] USA/ECM_ENSEMBLE_Corn_PRCP/daily dia 07 (2026-07-22 → 2026-07-22) 37310 bytes
2026-07-15 09:38:07,220 [INFO] [OK] USA/ECM_ENSEMBLE_Corn_PRCP/daily dia 06 (2026-07-21 → 2026-07-21) 37483 bytes
2026-07-15 09:38:07,386 [INFO] [OK] USA/ECM_ENSEMBLE_Corn_PRCP/daily dia 08 (2026-07-23 → 2026-07-23) 37767 bytes
2026-07-15 09:38:07,560 [INFO] [OK] USA/ECM_ENSEMBLE_Corn_PRCP/daily dia 09 (2026-07-24 → 2026-07-24) 37736 bytes
2026-07-15 09:38:07,670 [INFO] [OK] USA/ECM_ENSEMBLE_Corn_PRCP/daily dia 10 (2026-07-25 → 2026-07-25) 37472 bytes
2026-07-15 09:38:08,782 [INFO] [OK] USA/ECM_ENSEMBLE_Corn_PRCP/daily dia 11 (2026-07-26 → 2026-07-26) 36737 bytes
2026-07-15 09:38:08,791 [INFO] [OK] USA/ECM_ENSEMBLE_Corn_PRCP/daily dia 13 (2026-07-28 → 2026-07-28) 36814 bytes
2026-07-15 09:38:08,792 [INFO] [OK] USA/ECM_ENSEMBLE_Corn_PRCP/daily dia 12 (2026-07-27 → 2026-07-27) 36318 bytes
2026-07-15 09:38:08,917 [INFO] [OK] USA/ECM_ENSEMBLE_Corn_PRCP/daily dia 14 (2026-07-29 → 2026-07-29) 36185 bytes
2026-07-15 09:38:09,064 [INFO] [OK] USA/ECM_ENSEMBLE_Corn_PRCP/cumulative dia 00 (2026-07-15 → 2026-07-15) 37965 bytes
2026-07-15 09:38:09,372 [INFO] [OK] USA/ECM_ENSEMBLE_Corn_PRCP/cumulative dia 01 (2026-07-15 → 2026-07-16) 40561 bytes
2026-07-15 09:38:10,564 [INFO] [OK] USA/ECM_ENSEMBLE_Corn_PRCP/cumulative dia 02 (2026-07-15 → 2026-07-17) 43047 bytes
2026-07-15 09:38:10,685 [INFO] [OK] USA/ECM_ENSEMBLE_Corn_PRCP/cumulative dia 03 (2026-07-15 → 2026-07-18) 45420 bytes
2026-07-15 09:38:10,820 [INFO] [OK] USA/ECM_ENSEMBLE_Corn_PRCP/cumulative dia 04 (2026-07-15 → 2026-07-19) 47022 bytes
2026-07-15 09:38:10,904 [INFO] [OK] USA/ECM_ENSEMBLE_Corn_PRCP/cumulative dia 05 (2026-07-15 → 2026-07-20) 47596 bytes
2026-07-15 09:38:11,152 [INFO] [OK] USA/ECM_ENSEMBLE_Corn_PRCP/cumulative dia 06 (2026-07-15 → 2026-07-21) 48893 bytes
2026-07-15 09:38:11,533 [INFO] [OK] USA/ECM_ENSEMBLE_Corn_PRCP/cumulative dia 07 (2026-07-15 → 2026-07-22) 49438 bytes
2026-07-15 09:38:12,949 [INFO] [OK] USA/ECM_ENSEMBLE_Corn_PRCP/cumulative dia 08 (2026-07-15 → 2026-07-23) 49128 bytes
2026-07-15 09:38:13,339 [INFO] [OK] USA/ECM_ENSEMBLE_Corn_PRCP/cumulative dia 09 (2026-07-15 → 2026-07-24) 50324 bytes
2026-07-15 09:38:13,608 [INFO] [OK] USA/ECM_ENSEMBLE_Corn_PRCP/cumulative dia 10 (2026-07-15 → 2026-07-25) 50788 bytes
2026-07-15 09:38:13,643 [INFO] [OK] USA/ECM_ENSEMBLE_Corn_PRCP/cumulative dia 11 (2026-07-15 → 2026-07-26) 50716 bytes
2026-07-15 09:38:13,920 [INFO] [OK] USA/ECM_ENSEMBLE_Corn_PRCP/cumulative dia 12 (2026-07-15 → 2026-07-27) 50812 bytes
2026-07-15 09:38:14,361 [INFO] [OK] USA/ECM_ENSEMBLE_Corn_PRCP/cumulative dia 13 (2026-07-15 → 2026-07-28) 51138 bytes
2026-07-15 09:38:20,100 [INFO] [OK] USA/ECM_ENSEMBLE_Corn_PRCP/cumulative dia 14 (2026-07-15 → 2026-07-29) 51503 bytes
2026-07-15 09:38:20,616 [INFO] [OK] USA/ECM_ENSEMBLE_Soy_PRCP_DEP/daily dia 03 (2026-07-18 → 2026-07-18) 54554 bytes
2026-07-15 09:38:20,839 [INFO] [OK] USA/ECM_ENSEMBLE_Soy_PRCP_DEP/daily dia 01 (2026-07-16 → 2026-07-16) 53870 bytes
2026-07-15 09:38:20,845 [INFO] [OK] USA/ECM_ENSEMBLE_Soy_PRCP_DEP/daily dia 02 (2026-07-17 → 2026-07-17) 55162 bytes
2026-07-15 09:38:20,845 [INFO] [OK] USA/ECM_ENSEMBLE_Soy_PRCP_DEP/daily dia 00 (2026-07-15 → 2026-07-15) 52131 bytes
2026-07-15 09:38:20,850 [INFO] [OK] USA/ECM_ENSEMBLE_Soy_PRCP_DEP/daily dia 04 (2026-07-19 → 2026-07-19) 54452 bytes
2026-07-15 09:38:21,914 [INFO] [OK] USA/ECM_ENSEMBLE_Soy_PRCP_DEP/daily dia 05 (2026-07-20 → 2026-07-20) 54781 bytes
2026-07-15 09:38:22,589 [INFO] [OK] USA/ECM_ENSEMBLE_Soy_PRCP_DEP/daily dia 06 (2026-07-21 → 2026-07-21) 56446 bytes
2026-07-15 09:38:22,708 [INFO] [OK] USA/ECM_ENSEMBLE_Soy_PRCP_DEP/daily dia 08 (2026-07-23 → 2026-07-23) 59753 bytes
2026-07-15 09:38:22,738 [INFO] [OK] USA/ECM_ENSEMBLE_Soy_PRCP_DEP/daily dia 10 (2026-07-25 → 2026-07-25) 59966 bytes
2026-07-15 09:38:22,859 [INFO] [OK] USA/ECM_ENSEMBLE_Soy_PRCP_DEP/daily dia 09 (2026-07-24 → 2026-07-24) 59108 bytes
2026-07-15 09:38:22,885 [INFO] [OK] USA/ECM_ENSEMBLE_Soy_PRCP_DEP/daily dia 07 (2026-07-22 → 2026-07-22) 57819 bytes
2026-07-15 09:38:23,667 [INFO] [OK] USA/ECM_ENSEMBLE_Soy_PRCP_DEP/daily dia 11 (2026-07-26 → 2026-07-26) 59858 bytes
2026-07-15 09:38:24,328 [INFO] [OK] USA/ECM_ENSEMBLE_Soy_PRCP_DEP/daily dia 12 (2026-07-27 → 2026-07-27) 58623 bytes
2026-07-15 09:38:24,429 [INFO] [OK] USA/ECM_ENSEMBLE_Soy_PRCP_DEP/daily dia 13 (2026-07-28 → 2026-07-28) 59072 bytes
2026-07-15 09:38:24,679 [INFO] [OK] USA/ECM_ENSEMBLE_Soy_PRCP_DEP/cumulative dia 01 (2026-07-15 → 2026-07-16) 54952 bytes
2026-07-15 09:38:24,867 [INFO] [OK] USA/ECM_ENSEMBLE_Soy_PRCP_DEP/cumulative dia 00 (2026-07-15 → 2026-07-15) 52131 bytes
2026-07-15 09:38:24,922 [INFO] [OK] USA/ECM_ENSEMBLE_Soy_PRCP_DEP/daily dia 14 (2026-07-29 → 2026-07-29) 60293 bytes
2026-07-15 09:38:25,384 [INFO] [OK] USA/ECM_ENSEMBLE_Soy_PRCP_DEP/cumulative dia 02 (2026-07-15 → 2026-07-17) 56862 bytes
2026-07-15 09:38:26,177 [INFO] [OK] USA/ECM_ENSEMBLE_Soy_PRCP_DEP/cumulative dia 03 (2026-07-15 → 2026-07-18) 59407 bytes
2026-07-15 09:38:26,387 [INFO] [OK] USA/ECM_ENSEMBLE_Soy_PRCP_DEP/cumulative dia 04 (2026-07-15 → 2026-07-19) 58945 bytes
2026-07-15 09:38:26,958 [INFO] [OK] USA/ECM_ENSEMBLE_Soy_PRCP_DEP/cumulative dia 05 (2026-07-15 → 2026-07-20) 59603 bytes
2026-07-15 09:38:27,229 [INFO] [OK] USA/ECM_ENSEMBLE_Soy_PRCP_DEP/cumulative dia 06 (2026-07-15 → 2026-07-21) 59912 bytes
2026-07-15 09:38:27,248 [INFO] [OK] USA/ECM_ENSEMBLE_Soy_PRCP_DEP/cumulative dia 07 (2026-07-15 → 2026-07-22) 59946 bytes
2026-07-15 09:38:27,857 [INFO] [OK] USA/ECM_ENSEMBLE_Soy_PRCP_DEP/cumulative dia 08 (2026-07-15 → 2026-07-23) 59598 bytes
2026-07-15 09:38:28,840 [INFO] [OK] USA/ECM_ENSEMBLE_Soy_PRCP_DEP/cumulative dia 09 (2026-07-15 → 2026-07-24) 59759 bytes
2026-07-15 09:38:29,024 [INFO] [OK] USA/ECM_ENSEMBLE_Soy_PRCP_DEP/cumulative dia 10 (2026-07-15 → 2026-07-25) 59459 bytes
2026-07-15 09:38:29,686 [INFO] [OK] USA/ECM_ENSEMBLE_Soy_PRCP_DEP/cumulative dia 11 (2026-07-15 → 2026-07-26) 60121 bytes
2026-07-15 09:38:30,078 [INFO] [OK] USA/ECM_ENSEMBLE_Soy_PRCP_DEP/cumulative dia 12 (2026-07-15 → 2026-07-27) 60144 bytes
2026-07-15 09:38:30,128 [INFO] [OK] USA/ECM_ENSEMBLE_Soy_PRCP_DEP/cumulative dia 13 (2026-07-15 → 2026-07-28) 60212 bytes
2026-07-15 09:38:30,524 [INFO] [OK] USA/ECM_ENSEMBLE_Soy_PRCP/daily dia 00 (2026-07-15 → 2026-07-15) 37514 bytes
2026-07-15 09:38:30,536 [INFO] [OK] USA/ECM_ENSEMBLE_Soy_PRCP/daily dia 01 (2026-07-16 → 2026-07-16) 37227 bytes
2026-07-15 09:38:30,766 [INFO] [OK] USA/ECM_ENSEMBLE_Soy_PRCP_DEP/cumulative dia 14 (2026-07-15 → 2026-07-29) 59752 bytes
2026-07-15 09:38:31,318 [INFO] [OK] USA/ECM_ENSEMBLE_Soy_PRCP/daily dia 02 (2026-07-17 → 2026-07-17) 37299 bytes
2026-07-15 09:38:31,560 [INFO] [OK] USA/ECM_ENSEMBLE_Soy_PRCP/daily dia 03 (2026-07-18 → 2026-07-18) 38291 bytes
2026-07-15 09:38:31,625 [INFO] [OK] USA/ECM_ENSEMBLE_Soy_PRCP/daily dia 04 (2026-07-19 → 2026-07-19) 36768 bytes
2026-07-15 09:38:32,052 [INFO] [OK] USA/ECM_ENSEMBLE_Soy_PRCP/daily dia 05 (2026-07-20 → 2026-07-20) 35800 bytes
2026-07-15 09:38:32,294 [INFO] [OK] USA/ECM_ENSEMBLE_Soy_PRCP/daily dia 06 (2026-07-21 → 2026-07-21) 37008 bytes
2026-07-15 09:38:32,376 [INFO] [OK] USA/ECM_ENSEMBLE_Soy_PRCP/daily dia 07 (2026-07-22 → 2026-07-22) 36857 bytes
2026-07-15 09:38:32,827 [INFO] [OK] USA/ECM_ENSEMBLE_Soy_PRCP/daily dia 08 (2026-07-23 → 2026-07-23) 37484 bytes
2026-07-15 09:38:33,087 [INFO] [OK] USA/ECM_ENSEMBLE_Soy_PRCP/daily dia 10 (2026-07-25 → 2026-07-25) 36983 bytes
2026-07-15 09:38:33,132 [INFO] [OK] USA/ECM_ENSEMBLE_Soy_PRCP/daily dia 09 (2026-07-24 → 2026-07-24) 37294 bytes
2026-07-15 09:38:33,512 [INFO] [OK] USA/ECM_ENSEMBLE_Soy_PRCP/daily dia 11 (2026-07-26 → 2026-07-26) 36295 bytes
2026-07-15 09:38:33,753 [INFO] [OK] USA/ECM_ENSEMBLE_Soy_PRCP/daily dia 12 (2026-07-27 → 2026-07-27) 35799 bytes
2026-07-15 09:38:33,833 [INFO] [OK] USA/ECM_ENSEMBLE_Soy_PRCP/daily dia 13 (2026-07-28 → 2026-07-28) 36356 bytes
2026-07-15 09:38:34,285 [INFO] [OK] USA/ECM_ENSEMBLE_Soy_PRCP/daily dia 14 (2026-07-29 → 2026-07-29) 35790 bytes
2026-07-15 09:38:34,608 [INFO] [OK] USA/ECM_ENSEMBLE_Soy_PRCP/cumulative dia 00 (2026-07-15 → 2026-07-15) 37514 bytes
2026-07-15 09:38:34,672 [INFO] [OK] USA/ECM_ENSEMBLE_Soy_PRCP/cumulative dia 01 (2026-07-15 → 2026-07-16) 40234 bytes
2026-07-15 09:38:35,355 [INFO] [OK] USA/ECM_ENSEMBLE_Soy_PRCP/cumulative dia 02 (2026-07-15 → 2026-07-17) 42680 bytes
2026-07-15 09:38:35,531 [INFO] [OK] USA/ECM_ENSEMBLE_Soy_PRCP/cumulative dia 03 (2026-07-15 → 2026-07-18) 45022 bytes
2026-07-15 09:38:35,719 [INFO] [OK] USA/ECM_ENSEMBLE_Soy_PRCP/cumulative dia 04 (2026-07-15 → 2026-07-19) 46489 bytes
2026-07-15 09:38:36,225 [INFO] [OK] USA/ECM_ENSEMBLE_Soy_PRCP/cumulative dia 05 (2026-07-15 → 2026-07-20) 47116 bytes
2026-07-15 09:38:36,679 [INFO] [OK] USA/ECM_ENSEMBLE_Soy_PRCP/cumulative dia 06 (2026-07-15 → 2026-07-21) 48431 bytes
2026-07-15 09:38:36,931 [INFO] [OK] USA/ECM_ENSEMBLE_Soy_PRCP/cumulative dia 07 (2026-07-15 → 2026-07-22) 48747 bytes
2026-07-15 09:38:37,766 [INFO] [OK] USA/ECM_ENSEMBLE_Soy_PRCP/cumulative dia 08 (2026-07-15 → 2026-07-23) 48674 bytes
2026-07-15 09:38:38,268 [INFO] [OK] USA/ECM_ENSEMBLE_Soy_PRCP/cumulative dia 09 (2026-07-15 → 2026-07-24) 49801 bytes
2026-07-15 09:38:38,571 [INFO] [OK] USA/ECM_ENSEMBLE_Soy_PRCP/cumulative dia 10 (2026-07-15 → 2026-07-25) 50273 bytes
2026-07-15 09:38:39,064 [INFO] [OK] USA/ECM_ENSEMBLE_Soy_PRCP/cumulative dia 11 (2026-07-15 → 2026-07-26) 50228 bytes
2026-07-15 09:38:41,516 [INFO] [OK] USA/ECM_ENSEMBLE_Soy_PRCP/cumulative dia 13 (2026-07-15 → 2026-07-28) 50785 bytes
2026-07-15 09:38:41,562 [INFO] [OK] USA/ECM_ENSEMBLE_Soy_PRCP/cumulative dia 12 (2026-07-15 → 2026-07-27) 50515 bytes
2026-07-15 09:38:41,590 [INFO] [OK] USA/ECM_ENSEMBLE_Soy_PRCP/cumulative dia 14 (2026-07-15 → 2026-07-29) 51114 bytes
2026-07-15 09:38:41,637 [INFO] [OK] USA/ECM_ENSEMBLE_Wheat_Winter_PRCP_DEP/daily dia 01 (2026-07-16 → 2026-07-16) 55654 bytes
2026-07-15 09:38:41,673 [INFO] [OK] USA/ECM_ENSEMBLE_Wheat_Winter_PRCP_DEP/daily dia 02 (2026-07-17 → 2026-07-17) 56737 bytes
2026-07-15 09:38:41,691 [INFO] [OK] USA/ECM_ENSEMBLE_Wheat_Winter_PRCP_DEP/daily dia 00 (2026-07-15 → 2026-07-15) 53489 bytes
2026-07-15 09:38:43,280 [INFO] [OK] USA/ECM_ENSEMBLE_Wheat_Winter_PRCP_DEP/daily dia 03 (2026-07-18 → 2026-07-18) 56293 bytes
2026-07-15 09:38:43,289 [INFO] [OK] USA/ECM_ENSEMBLE_Wheat_Winter_PRCP_DEP/daily dia 05 (2026-07-20 → 2026-07-20) 56382 bytes
2026-07-15 09:38:43,301 [INFO] [OK] USA/ECM_ENSEMBLE_Wheat_Winter_PRCP_DEP/daily dia 06 (2026-07-21 → 2026-07-21) 58195 bytes
2026-07-15 09:38:43,375 [INFO] [OK] USA/ECM_ENSEMBLE_Wheat_Winter_PRCP_DEP/daily dia 07 (2026-07-22 → 2026-07-22) 60074 bytes
2026-07-15 09:38:43,383 [INFO] [OK] USA/ECM_ENSEMBLE_Wheat_Winter_PRCP_DEP/daily dia 08 (2026-07-23 → 2026-07-23) 61067 bytes
2026-07-15 09:38:43,394 [INFO] [OK] USA/ECM_ENSEMBLE_Wheat_Winter_PRCP_DEP/daily dia 04 (2026-07-19 → 2026-07-19) 56123 bytes
2026-07-15 09:38:45,410 [INFO] [OK] USA/ECM_ENSEMBLE_Wheat_Winter_PRCP_DEP/daily dia 14 (2026-07-29 → 2026-07-29) 61528 bytes
2026-07-15 09:38:45,458 [INFO] [OK] USA/ECM_ENSEMBLE_Wheat_Winter_PRCP_DEP/daily dia 10 (2026-07-25 → 2026-07-25) 61120 bytes
2026-07-15 09:38:46,032 [INFO] [OK] USA/ECM_ENSEMBLE_Wheat_Winter_PRCP_DEP/daily dia 11 (2026-07-26 → 2026-07-26) 61008 bytes
2026-07-15 09:38:46,182 [INFO] [OK] USA/ECM_ENSEMBLE_Wheat_Winter_PRCP_DEP/daily dia 12 (2026-07-27 → 2026-07-27) 60394 bytes
2026-07-15 09:38:46,278 [INFO] [OK] USA/ECM_ENSEMBLE_Wheat_Winter_PRCP_DEP/daily dia 09 (2026-07-24 → 2026-07-24) 60103 bytes
2026-07-15 09:38:46,301 [INFO] [OK] USA/ECM_ENSEMBLE_Wheat_Winter_PRCP_DEP/daily dia 13 (2026-07-28 → 2026-07-28) 60620 bytes
2026-07-15 09:38:47,899 [INFO] [OK] USA/ECM_ENSEMBLE_Wheat_Winter_PRCP_DEP/cumulative dia 00 (2026-07-15 → 2026-07-15) 53489 bytes
2026-07-15 09:38:47,908 [INFO] [OK] USA/ECM_ENSEMBLE_Wheat_Winter_PRCP_DEP/cumulative dia 01 (2026-07-15 → 2026-07-16) 56671 bytes
2026-07-15 09:38:48,556 [INFO] [OK] USA/ECM_ENSEMBLE_Wheat_Winter_PRCP_DEP/cumulative dia 02 (2026-07-15 → 2026-07-17) 58592 bytes
2026-07-15 09:38:50,224 [INFO] [OK] USA/ECM_ENSEMBLE_Wheat_Winter_PRCP_DEP/cumulative dia 05 (2026-07-15 → 2026-07-20) 60864 bytes
2026-07-15 09:38:50,308 [INFO] [OK] USA/ECM_ENSEMBLE_Wheat_Winter_PRCP_DEP/cumulative dia 03 (2026-07-15 → 2026-07-18) 60761 bytes
2026-07-15 09:38:50,481 [INFO] [OK] USA/ECM_ENSEMBLE_Wheat_Winter_PRCP_DEP/cumulative dia 04 (2026-07-15 → 2026-07-19) 60193 bytes
2026-07-15 09:38:50,525 [INFO] [OK] USA/ECM_ENSEMBLE_Wheat_Winter_PRCP_DEP/cumulative dia 06 (2026-07-15 → 2026-07-21) 61398 bytes
2026-07-15 09:38:50,545 [INFO] [OK] USA/ECM_ENSEMBLE_Wheat_Winter_PRCP_DEP/cumulative dia 07 (2026-07-15 → 2026-07-22) 61462 bytes
2026-07-15 09:38:52,291 [INFO] [OK] USA/ECM_ENSEMBLE_Wheat_Winter_PRCP_DEP/cumulative dia 08 (2026-07-15 → 2026-07-23) 61026 bytes
2026-07-15 09:38:52,872 [INFO] [OK] USA/ECM_ENSEMBLE_Wheat_Winter_PRCP_DEP/cumulative dia 09 (2026-07-15 → 2026-07-24) 61223 bytes
2026-07-15 09:38:53,359 [INFO] [OK] USA/ECM_ENSEMBLE_Wheat_Winter_PRCP_DEP/cumulative dia 11 (2026-07-15 → 2026-07-26) 61575 bytes
2026-07-15 09:38:53,399 [INFO] [OK] USA/ECM_ENSEMBLE_Wheat_Winter_PRCP_DEP/cumulative dia 12 (2026-07-15 → 2026-07-27) 61379 bytes
2026-07-15 09:38:53,409 [INFO] [OK] USA/ECM_ENSEMBLE_Wheat_Winter_PRCP_DEP/cumulative dia 10 (2026-07-15 → 2026-07-25) 61112 bytes
2026-07-15 09:38:53,494 [INFO] [OK] USA/ECM_ENSEMBLE_Wheat_Winter_PRCP_DEP/cumulative dia 13 (2026-07-15 → 2026-07-28) 61306 bytes
2026-07-15 09:38:54,439 [INFO] [OK] USA/ECM_ENSEMBLE_Wheat_Winter_PRCP/daily dia 00 (2026-07-15 → 2026-07-15) 39017 bytes
2026-07-15 09:38:55,010 [INFO] [OK] USA/ECM_ENSEMBLE_Wheat_Winter_PRCP/daily dia 03 (2026-07-18 → 2026-07-18) 39918 bytes
2026-07-15 09:38:55,090 [INFO] [OK] USA/ECM_ENSEMBLE_Wheat_Winter_PRCP/daily dia 02 (2026-07-17 → 2026-07-17) 38843 bytes
2026-07-15 09:38:55,092 [INFO] [OK] USA/ECM_ENSEMBLE_Wheat_Winter_PRCP/daily dia 01 (2026-07-16 → 2026-07-16) 38631 bytes
2026-07-15 09:38:55,092 [INFO] [OK] USA/ECM_ENSEMBLE_Wheat_Winter_PRCP/daily dia 04 (2026-07-19 → 2026-07-19) 38296 bytes
2026-07-15 09:38:55,622 [INFO] [OK] USA/ECM_ENSEMBLE_Wheat_Winter_PRCP_DEP/cumulative dia 14 (2026-07-15 → 2026-07-29) 61130 bytes
2026-07-15 09:38:55,896 [INFO] [OK] USA/ECM_ENSEMBLE_Wheat_Winter_PRCP/daily dia 05 (2026-07-20 → 2026-07-20) 37388 bytes
2026-07-15 09:38:57,658 [INFO] [OK] USA/ECM_ENSEMBLE_Wheat_Winter_PRCP/daily dia 09 (2026-07-24 → 2026-07-24) 38734 bytes
2026-07-15 09:38:57,673 [INFO] [OK] USA/ECM_ENSEMBLE_Wheat_Winter_PRCP/daily dia 07 (2026-07-22 → 2026-07-22) 38259 bytes
2026-07-15 09:38:57,674 [INFO] [OK] USA/ECM_ENSEMBLE_Wheat_Winter_PRCP/daily dia 08 (2026-07-23 → 2026-07-23) 38866 bytes
2026-07-15 09:38:57,713 [INFO] [OK] USA/ECM_ENSEMBLE_Wheat_Winter_PRCP/daily dia 11 (2026-07-26 → 2026-07-26) 37885 bytes
2026-07-15 09:38:57,727 [INFO] [OK] USA/ECM_ENSEMBLE_Wheat_Winter_PRCP/daily dia 06 (2026-07-21 → 2026-07-21) 38524 bytes
2026-07-15 09:38:57,729 [INFO] [OK] USA/ECM_ENSEMBLE_Wheat_Winter_PRCP/daily dia 10 (2026-07-25 → 2026-07-25) 38542 bytes
2026-07-15 09:38:59,424 [INFO] [OK] USA/ECM_ENSEMBLE_Wheat_Winter_PRCP/cumulative dia 00 (2026-07-15 → 2026-07-15) 39017 bytes
2026-07-15 09:38:59,426 [INFO] [OK] USA/ECM_ENSEMBLE_Wheat_Winter_PRCP/cumulative dia 02 (2026-07-15 → 2026-07-17) 44126 bytes
2026-07-15 09:38:59,440 [INFO] [OK] USA/ECM_ENSEMBLE_Wheat_Winter_PRCP/daily dia 14 (2026-07-29 → 2026-07-29) 37380 bytes
2026-07-15 09:38:59,465 [INFO] [OK] USA/ECM_ENSEMBLE_Wheat_Winter_PRCP/daily dia 12 (2026-07-27 → 2026-07-27) 37386 bytes
2026-07-15 09:38:59,492 [INFO] [OK] USA/ECM_ENSEMBLE_Wheat_Winter_PRCP/cumulative dia 01 (2026-07-15 → 2026-07-16) 41877 bytes
2026-07-15 09:38:59,608 [INFO] [OK] USA/ECM_ENSEMBLE_Wheat_Winter_PRCP/daily dia 13 (2026-07-28 → 2026-07-28) 37901 bytes
2026-07-15 09:39:01,285 [INFO] [OK] USA/ECM_ENSEMBLE_Wheat_Winter_PRCP/cumulative dia 03 (2026-07-15 → 2026-07-18) 46663 bytes
2026-07-15 09:39:01,615 [INFO] [OK] USA/ECM_ENSEMBLE_Wheat_Winter_PRCP/cumulative dia 04 (2026-07-15 → 2026-07-19) 48096 bytes
2026-07-15 09:39:02,113 [INFO] [OK] USA/ECM_ENSEMBLE_Wheat_Winter_PRCP/cumulative dia 07 (2026-07-15 → 2026-07-22) 50306 bytes
2026-07-15 09:39:02,168 [INFO] [OK] USA/ECM_ENSEMBLE_Wheat_Winter_PRCP/cumulative dia 05 (2026-07-15 → 2026-07-20) 48662 bytes
2026-07-15 09:39:02,185 [INFO] [OK] USA/ECM_ENSEMBLE_Wheat_Winter_PRCP/cumulative dia 08 (2026-07-15 → 2026-07-23) 50261 bytes
2026-07-15 09:39:02,186 [INFO] [OK] USA/ECM_ENSEMBLE_Wheat_Winter_PRCP/cumulative dia 06 (2026-07-15 → 2026-07-21) 49913 bytes
2026-07-15 09:39:03,657 [INFO] [OK] USA/ECM_ENSEMBLE_Wheat_Winter_PRCP/cumulative dia 09 (2026-07-15 → 2026-07-24) 51298 bytes
2026-07-15 09:39:04,254 [INFO] [OK] USA/ECM_ENSEMBLE_Wheat_Winter_PRCP/cumulative dia 10 (2026-07-15 → 2026-07-25) 51933 bytes
2026-07-15 09:39:05,150 [INFO] [OK] USA/ECM_ENSEMBLE_Wheat_Winter_PRCP/cumulative dia 11 (2026-07-15 → 2026-07-26) 51623 bytes
2026-07-15 09:39:05,174 [INFO] [OK] USA/ECM_ENSEMBLE_Wheat_Winter_PRCP/cumulative dia 12 (2026-07-15 → 2026-07-27) 52179 bytes
2026-07-15 09:39:05,356 [INFO] [OK] USA/ECM_ENSEMBLE_Wheat_Winter_PRCP/cumulative dia 13 (2026-07-15 → 2026-07-28) 52547 bytes
2026-07-15 09:39:05,399 [INFO] [OK] USA/ECM_ENSEMBLE_Wheat_Winter_PRCP/cumulative dia 14 (2026-07-15 → 2026-07-29) 52619 bytes
2026-07-15 09:39:05,558 [INFO] [OK] USA/ECM_ENSEMBLE_Wheat_Spring_PRCP_DEP/daily dia 00 (2026-07-15 → 2026-07-15) 50593 bytes
2026-07-15 09:39:05,827 [INFO] [OK] USA/ECM_ENSEMBLE_Wheat_Spring_PRCP_DEP/daily dia 01 (2026-07-16 → 2026-07-16) 52287 bytes
2026-07-15 09:39:09,120 [INFO] [OK] USA/ECM_ENSEMBLE_Wheat_Spring_PRCP_DEP/daily dia 02 (2026-07-17 → 2026-07-17) 53691 bytes
2026-07-15 09:39:09,174 [INFO] [OK] USA/ECM_ENSEMBLE_Wheat_Spring_PRCP_DEP/daily dia 04 (2026-07-19 → 2026-07-19) 53290 bytes
2026-07-15 09:39:09,202 [INFO] [OK] USA/ECM_ENSEMBLE_Wheat_Spring_PRCP_DEP/daily dia 07 (2026-07-22 → 2026-07-22) 56474 bytes
2026-07-15 09:39:09,204 [INFO] [OK] USA/ECM_ENSEMBLE_Wheat_Spring_PRCP_DEP/daily dia 06 (2026-07-21 → 2026-07-21) 54693 bytes
2026-07-15 09:39:09,220 [INFO] [OK] USA/ECM_ENSEMBLE_Wheat_Spring_PRCP_DEP/daily dia 05 (2026-07-20 → 2026-07-20) 52958 bytes
2026-07-15 09:39:09,227 [INFO] [OK] USA/ECM_ENSEMBLE_Wheat_Spring_PRCP_DEP/daily dia 03 (2026-07-18 → 2026-07-18) 53259 bytes
2026-07-15 09:39:11,621 [INFO] [OK] USA/ECM_ENSEMBLE_Wheat_Spring_PRCP_DEP/daily dia 11 (2026-07-26 → 2026-07-26) 57688 bytes
2026-07-15 09:39:11,749 [INFO] [OK] USA/ECM_ENSEMBLE_Wheat_Spring_PRCP_DEP/daily dia 10 (2026-07-25 → 2026-07-25) 57906 bytes
2026-07-15 09:39:12,372 [INFO] [OK] USA/ECM_ENSEMBLE_Wheat_Spring_PRCP_DEP/daily dia 09 (2026-07-24 → 2026-07-24) 56999 bytes
2026-07-15 09:39:12,377 [INFO] [OK] USA/ECM_ENSEMBLE_Wheat_Spring_PRCP_DEP/daily dia 08 (2026-07-23 → 2026-07-23) 57763 bytes
2026-07-15 09:39:12,381 [INFO] [OK] USA/ECM_ENSEMBLE_Wheat_Spring_PRCP_DEP/daily dia 12 (2026-07-27 → 2026-07-27) 56730 bytes
2026-07-15 09:39:12,409 [INFO] [OK] USA/ECM_ENSEMBLE_Wheat_Spring_PRCP_DEP/daily dia 13 (2026-07-28 → 2026-07-28) 56899 bytes
2026-07-15 09:39:13,513 [INFO] [OK] USA/ECM_ENSEMBLE_Wheat_Spring_PRCP_DEP/cumulative dia 00 (2026-07-15 → 2026-07-15) 50593 bytes
2026-07-15 09:39:13,625 [INFO] [OK] USA/ECM_ENSEMBLE_Wheat_Spring_PRCP_DEP/daily dia 14 (2026-07-29 → 2026-07-29) 58336 bytes
2026-07-15 09:39:14,248 [INFO] [OK] USA/ECM_ENSEMBLE_Wheat_Spring_PRCP_DEP/cumulative dia 02 (2026-07-15 → 2026-07-17) 55302 bytes
2026-07-15 09:39:14,670 [INFO] [OK] USA/ECM_ENSEMBLE_Wheat_Spring_PRCP_DEP/cumulative dia 04 (2026-07-15 → 2026-07-19) 57357 bytes
2026-07-15 09:39:14,686 [INFO] [OK] USA/ECM_ENSEMBLE_Wheat_Spring_PRCP_DEP/cumulative dia 03 (2026-07-15 → 2026-07-18) 57837 bytes
2026-07-15 09:39:14,690 [INFO] [OK] USA/ECM_ENSEMBLE_Wheat_Spring_PRCP_DEP/cumulative dia 01 (2026-07-15 → 2026-07-16) 53695 bytes
2026-07-15 09:39:15,684 [INFO] [OK] USA/ECM_ENSEMBLE_Wheat_Spring_PRCP_DEP/cumulative dia 05 (2026-07-15 → 2026-07-20) 57870 bytes
2026-07-15 09:39:15,801 [INFO] [OK] USA/ECM_ENSEMBLE_Wheat_Spring_PRCP_DEP/cumulative dia 06 (2026-07-15 → 2026-07-21) 58355 bytes
2026-07-15 09:39:16,767 [INFO] [OK] USA/ECM_ENSEMBLE_Wheat_Spring_PRCP_DEP/cumulative dia 07 (2026-07-15 → 2026-07-22) 58566 bytes
2026-07-15 09:39:17,374 [INFO] [OK] USA/ECM_ENSEMBLE_Wheat_Spring_PRCP_DEP/cumulative dia 08 (2026-07-15 → 2026-07-23) 58160 bytes
2026-07-15 09:39:18,173 [INFO] [OK] USA/ECM_ENSEMBLE_Wheat_Spring_PRCP_DEP/cumulative dia 09 (2026-07-15 → 2026-07-24) 58312 bytes
2026-07-15 09:39:18,180 [INFO] [OK] USA/ECM_ENSEMBLE_Wheat_Spring_PRCP_DEP/cumulative dia 10 (2026-07-15 → 2026-07-25) 57907 bytes
2026-07-15 09:39:18,536 [INFO] [OK] USA/ECM_ENSEMBLE_Wheat_Spring_PRCP_DEP/cumulative dia 11 (2026-07-15 → 2026-07-26) 58493 bytes
2026-07-15 09:39:18,750 [INFO] [OK] USA/ECM_ENSEMBLE_Wheat_Spring_PRCP_DEP/cumulative dia 12 (2026-07-15 → 2026-07-27) 58493 bytes
2026-07-15 09:39:20,832 [INFO] [OK] USA/ECM_ENSEMBLE_Wheat_Spring_PRCP_DEP/cumulative dia 14 (2026-07-15 → 2026-07-29) 58400 bytes
2026-07-15 09:39:20,893 [INFO] [OK] USA/ECM_ENSEMBLE_Wheat_Spring_PRCP_DEP/cumulative dia 13 (2026-07-15 → 2026-07-28) 58771 bytes
2026-07-15 09:39:20,957 [INFO] [OK] USA/ECM_ENSEMBLE_Wheat_Spring_PRCP/daily dia 02 (2026-07-17 → 2026-07-17) 35766 bytes
2026-07-15 09:39:20,961 [INFO] [OK] USA/ECM_ENSEMBLE_Wheat_Spring_PRCP/daily dia 01 (2026-07-16 → 2026-07-16) 35629 bytes
2026-07-15 09:39:20,961 [INFO] [OK] USA/ECM_ENSEMBLE_Wheat_Spring_PRCP/daily dia 00 (2026-07-15 → 2026-07-15) 35945 bytes
2026-07-15 09:39:20,962 [INFO] [OK] USA/ECM_ENSEMBLE_Wheat_Spring_PRCP/daily dia 03 (2026-07-18 → 2026-07-18) 36963 bytes
2026-07-15 09:39:22,596 [INFO] [OK] USA/ECM_ENSEMBLE_Wheat_Spring_PRCP/daily dia 04 (2026-07-19 → 2026-07-19) 35270 bytes
2026-07-15 09:39:22,607 [INFO] [OK] USA/ECM_ENSEMBLE_Wheat_Spring_PRCP/daily dia 05 (2026-07-20 → 2026-07-20) 34373 bytes
2026-07-15 09:39:22,732 [INFO] [OK] USA/ECM_ENSEMBLE_Wheat_Spring_PRCP/daily dia 07 (2026-07-22 → 2026-07-22) 35402 bytes
2026-07-15 09:39:22,753 [INFO] [OK] USA/ECM_ENSEMBLE_Wheat_Spring_PRCP/daily dia 06 (2026-07-21 → 2026-07-21) 35528 bytes
2026-07-15 09:39:22,781 [INFO] [OK] USA/ECM_ENSEMBLE_Wheat_Spring_PRCP/daily dia 08 (2026-07-23 → 2026-07-23) 35779 bytes
2026-07-15 09:39:22,845 [INFO] [OK] USA/ECM_ENSEMBLE_Wheat_Spring_PRCP/daily dia 09 (2026-07-24 → 2026-07-24) 35710 bytes
2026-07-15 09:39:24,140 [INFO] [OK] USA/ECM_ENSEMBLE_Wheat_Spring_PRCP/daily dia 10 (2026-07-25 → 2026-07-25) 35712 bytes
2026-07-15 09:39:24,280 [INFO] [OK] USA/ECM_ENSEMBLE_Wheat_Spring_PRCP/daily dia 13 (2026-07-28 → 2026-07-28) 34839 bytes
2026-07-15 09:39:24,289 [INFO] [OK] USA/ECM_ENSEMBLE_Wheat_Spring_PRCP/daily dia 11 (2026-07-26 → 2026-07-26) 34874 bytes
2026-07-15 09:39:24,422 [INFO] [OK] USA/ECM_ENSEMBLE_Wheat_Spring_PRCP/daily dia 12 (2026-07-27 → 2026-07-27) 34343 bytes
2026-07-15 09:39:24,423 [INFO] [OK] USA/ECM_ENSEMBLE_Wheat_Spring_PRCP/daily dia 14 (2026-07-29 → 2026-07-29) 34438 bytes
2026-07-15 09:39:24,428 [INFO] [OK] USA/ECM_ENSEMBLE_Wheat_Spring_PRCP/cumulative dia 00 (2026-07-15 → 2026-07-15) 35945 bytes
2026-07-15 09:39:25,776 [INFO] [OK] USA/ECM_ENSEMBLE_Wheat_Spring_PRCP/cumulative dia 01 (2026-07-15 → 2026-07-16) 38719 bytes
2026-07-15 09:39:26,229 [INFO] [OK] USA/ECM_ENSEMBLE_Wheat_Spring_PRCP/cumulative dia 02 (2026-07-15 → 2026-07-17) 40951 bytes
2026-07-15 09:39:26,386 [INFO] [OK] USA/ECM_ENSEMBLE_Wheat_Spring_PRCP/cumulative dia 03 (2026-07-15 → 2026-07-18) 43327 bytes
2026-07-15 09:39:26,822 [INFO] [OK] USA/ECM_ENSEMBLE_Wheat_Spring_PRCP/cumulative dia 04 (2026-07-15 → 2026-07-19) 44741 bytes
2026-07-15 09:39:26,825 [INFO] [OK] USA/ECM_ENSEMBLE_Wheat_Spring_PRCP/cumulative dia 05 (2026-07-15 → 2026-07-20) 45171 bytes
2026-07-15 09:39:27,850 [INFO] [OK] USA/ECM_ENSEMBLE_Wheat_Spring_PRCP/cumulative dia 06 (2026-07-15 → 2026-07-21) 46514 bytes
2026-07-15 09:39:28,166 [INFO] [OK] USA/ECM_ENSEMBLE_Wheat_Spring_PRCP/cumulative dia 07 (2026-07-15 → 2026-07-22) 47217 bytes
2026-07-15 09:39:28,563 [INFO] [OK] USA/ECM_ENSEMBLE_Wheat_Spring_PRCP/cumulative dia 08 (2026-07-15 → 2026-07-23) 46994 bytes
2026-07-15 09:39:28,888 [INFO] [OK] USA/ECM_ENSEMBLE_Wheat_Spring_PRCP/cumulative dia 09 (2026-07-15 → 2026-07-24) 47889 bytes
2026-07-15 09:39:29,467 [INFO] [OK] USA/ECM_ENSEMBLE_Wheat_Spring_PRCP/cumulative dia 10 (2026-07-15 → 2026-07-25) 48386 bytes
2026-07-15 09:39:29,546 [INFO] [OK] USA/ECM_ENSEMBLE_Wheat_Spring_PRCP/cumulative dia 11 (2026-07-15 → 2026-07-26) 48233 bytes
2026-07-15 09:39:30,625 [INFO] [OK] USA/ECM_ENSEMBLE_Wheat_Spring_PRCP/cumulative dia 12 (2026-07-15 → 2026-07-27) 48465 bytes
2026-07-15 09:39:31,115 [INFO] [OK] USA/ECM_ENSEMBLE_Wheat_Spring_PRCP/cumulative dia 13 (2026-07-15 → 2026-07-28) 48461 bytes
2026-07-15 09:39:31,797 [INFO] [OK] USA/ECM_ENSEMBLE_Wheat_Spring_PRCP/cumulative dia 14 (2026-07-15 → 2026-07-29) 48823 bytes
2026-07-15 09:39:38,245 [INFO] Resumo: 960/960 sucessos, 0 erros
